CDR3	AA
CASSVSGAGTGELFF	HVTYVPAQEK
CASTYLAGSTDTQYF	HVTYVPAQEK
CASSGEGGNTEAFF	HVTYVPAQEK
CASSQGSRREQYF	HVTYVPAQEK
CASSGGVEVGQPQHF	HVTYVPAQEK
CASSLGTGELFF	HVTYVPAQEK
CASSAGGATGTDTQYF	HVTYVPAQEK
CASSPGGHTEAFF	HVTYVPAQEK
CASSLYQGSTDTQYF	HVTYVPAQEK
CASSAGRAHEQFF	HVTYVPAQEK
CASSVGGAGETQYF	HVTYVPAQEK
CATSRAGGSEAFF	HVTYVPAQEK
CASSVGGAGGTMNTGELFF	HVTYVPAQEK
CASSTSGAGNEQFF	HVTYVPAQEK
CASSVGGSGTGELFF	HVTYVPAQEK
CASSPEGIEQYF	HVTYVPAQEK
CASSLVLGRNTEAFF	HVTYVPAQEK
CSARDGAGLYNEQFF	HVTYVPAQEK
CASSSHRDLNSPLHF	HVTYVPAQEK
CASSPGGAGAYNEQFF	HVTYVPAQEK
CASSVGGLHNYEQYF	HVTYVPAQEK
CASNSLAGGASTDTQYF	HVTYVPAQEK
CASSQEREISYEQYF	HVTYVPAQEK
CASSLGRAGANVLTF	HVTYVPAQEK
CASSLRTGREQYF	HVTYVPAQEK
CASSNEKLFF	HVTYVPAQEK
CSVEDEGTYEQYF	HVTYVPAQEK
