CDR3	AA
CSAGGALGIYEQYF	LYIIKLIFLW
CATRGADSGNTIYF	LYIIKLIFLW
CASSPNTFHYSTGELFF	LYIIKLIFLW
CSARIPSYNEQFF	LYIIKLIFLW
CSVRTPTKNIQYF	LYIIKLIFLW
CASGPSPGLVYDEQFF	LYIIKLIFLW
CASRSSMLVGGYEQYF	LYIIKLIFLW
CASSVDSAEPQHF	LYIIKLIFLW
CATSSARTEIEQYF	LYIIKLIFLW
CSAPGQTINQETQYF	LYIIKLIFLW
CASSSYTEAFF	LYIIKLIFLW
CASSPGLAGLSSYNEQFF	LYIIKLIFLW
CSASAVEGLAGETQYF	LYIIKLIFLW
CASSLPRDTIQETQYF	LYIIKLIFLW
CATSRARADTEAFF	LYIIKLIFLW
CASSFGVEGAGELFF	LYIIKLIFLW
CASTGAYEQYF	LYIIKLIFLW
CASSQTSGSLDTQYF	LYIIKLIFLW
CASTAGTGAGYTF	LYIIKLIFLW
CATSGQGLITDTQYF	LYIIKLIFLW
CASKFGLGAYEQYF	LYIIKLIFLW
CSAMGGQPLRDTQYF	LYIIKLIFLW
CASSLGSSGTYNEQFF	LYIIKLIFLW
CASSLAGNGQNTEAFF	LYIIKLIFLW
CASSFPGGGHTEAFF	LYIIKLIFLW
CASSPPTSGGLEETQYF	LYIIKLIFLW
CASIPWERLATDTQYF	LYIIKLIFLW
CASSQERPGEQFF	LYIIKLIFLW
CASSSGRSSYEQYF	LYIIKLIFLW
CASSLIRQVATSIVTDTQYF	LYIIKLIFLW
CASSLGQGKHEQYF	LYIIKLIFLW
CATSDWGTEEVNEQFF	LYIIKLIFLW
CSVVMDGYTF	LYIIKLIFLW
CSVALDPGETQYF	LYIIKLIFLW
CASSDYGQGGNQPQHF	LYIIKLIFLW
CASSSPGTGVVEQYF	LYIIKLIFLW
CSARLPSYNEQFF	LYIIKLIFLW
CASIPQGGYGYTF	LYIIKLIFLW
CASSPQTGLDTEAFF	LYIIKLIFLW
CASSLAGLGENTEAFF	LYIIKLIFLW
CASSILVNEQFF	LYIIKLIFLW
CASSYLGDYTEAFF	LYIIKLIFLW
CASSYYDVLSSYNEQFF	LYIIKLIFLW
CASSSLDRSYNEQFF	LYIIKLIFLW
CASSLGTETQYF	LYIIKLIFLW
CASSPLGLAGFRDEQFF	LYIIKLIFLW
CASSLSDYSNQPQHF	LYIIKLIFLW
CATSREGRTETQYF	LYIIKLIFLW
CASSLALTVLFYEQYF	LYIIKLIFLW
CASSLGTSGGASIQETQYF	LYIIKLIFLW
CASSLEGAGNTEAFF	LYIIKLIFLW
CASYGLGTANTGELFF	LYIIKLIFLW
CASSLGGNEQFF	LYIIKLIFLW
CASSHDEGVGTDMNTEAFF	LYIIKLIFLW
CASSLVGVGHTDTQYF	LYIIKLIFLW
CASSTPGGSSTDTQYF	LYIIKLIFLW
CATSDPSGIYNEQFF	LYIIKLIFLW
CASSSPRGAVGNEQFF	LYIIKLIFLW
CASSPHGTGGYEQYF	LYIIKLIFLW
CASSFSPQGANNEQFF	LYIIKLIFLW
CASSEDTYITEAFF	LYIIKLIFLW
CASSYGGGTVLTF	LYIIKLIFLW
CASSLAAGTGDQPQHF	LYIIKLIFLW
CASSPQWDPDSYEQYF	LYIIKLIFLW
CASSHPPAGQPYEQYF	LYIIKLIFLW
CAVRRLRYEQYF	LYIIKLIFLW
CASSTIRTTYYEQYF	LYIIKLIFLW
CASSTSGNTEAFF	LYIIKLIFLW
CASSPPAGAVGDEQFF	LYIIKLIFLW
CASIQSGRGFETQYF	LYIIKLIFLW
CSASTGYYNEQFF	LYIIKLIFLW
CASSSSGFTEAFF	LYIIKLIFLW
CSARLATYNEQFF	LYIIKLIFLW
CASSQAGPSGELFF	LYIIKLIFLW
CASGASYNEQFF	LYIIKLIFLW
CASSSEGQGDYGYTF	LYIIKLIFLW
CASSPAGQGPSYEQYF	LYIIKLIFLW
CASSQAAYSSGAANEKLFF	LYIIKLIFLW
CASSPPTSGTLYEQFF	LYIIKLIFLW
CSAVEGTEAFF	LYIIKLIFLW
CASSPQPYTGELFF	LYIIKLIFLW
CASSPSVGEKLFF	LYIIKLIFLW
CSAPQGYEQFF	LYIIKLIFLW
CASSLGAIPGPADTQYF	LYIIKLIFLW
CASSQVVSGGSYNEQFF	LYIIKLIFLW
CASSLAGGDEQYF	LYIIKLIFLW
CATGQGRTDTQYF	LYIIKLIFLW
CSASTGLDYEQYF	LYIIKLIFLW
CASSDQLDTQYF	LYIIKLIFLW
CSARLPTYNEQFF	LYIIKLIFLW
CASSYGLAESYEQYF	LYIIKLIFLW
CASSLVRTGADTGELFF	LYIIKLIFLW
CATSDLEGIQETQYF	LYIIKLIFLW
CASSTPTAMNTEAFF	LYIIKLIFLW
CASSPDIQEGASETQYF	LYIIKLIFLW
CSARLATYNEQFF	LYIIKLIFLW
CASSPGLAGVDEQYF	LYIIKLIFLW
CSVERLDRAMAGELFF	LYIIKLIFLW
CASSWGAASTDTQYF	LYIIKLIFLW
CASSQFQGETQYF	LYIIKLIFLW
CASSLIGGWVAEAFF	LYIIKLIFLW
CASSERYEQYF	LYIIKLIFLW
CASSQEIGVTVGSYNSPLHF	LYIIKLIFLW
CASRGPATNEKLFF	LYIIKLIFLW
CASRSGTGGNQETQYF	LYIIKLIFLW
CASSTGTSGTYEQYF	LYIIKLIFLW
CASSPLGQTYQETQYF	LYIIKLIFLW
CASSIAADSYEQYF	LYIIKLIFLW
CASSEGQGFGYTF	LYIIKLIFLW
CASSLGTGGGEQYF	LYIIKLIFLW
CASSGLIQSGRATDTQYF	LYIIKLIFLW
CASSPVLSYNEQFF	LYIIKLIFLW
CSGFLTGVGYGYTF	LYIIKLIFLW
SRGAIENNEQFF	LYIIKLIFLW
CASSGTSGVSSYNEQFF	LYIIKLIFLW
CASSDTSGSSYNEQFF	LYIIKLIFLW
CASSYRQGITGELFF	LYIIKLIFLW
CSASPTVSPLHF	LYIIKLIFLW
CASSWTVNQPQHF	LYIIKLIFLW
CSVHDGETQYF	LYIIKLIFLW
CASSQIRGDYGYTF	LYIIKLIFLW
CASSFSAANEQFF	LYIIKLIFLW
CASSTRDTRETNEQFF	LYIIKLIFLW
CASSLGQGSEQYF	LYIIKLIFLW
CASSQEGVAVYNEQFF	LYIIKLIFLW
CSVRVPSYNEQFF	LYIIKLIFLW
CASSGSLDSYNSPLHF	LYIIKLIFLW
CASSQDPTTSGGALALTDTQYF	LYIIKLIFLW
CASSLGTEAFF	LYIIKLIFLW
CSARDRGTREDEQFF	LYIIKLIFLW
CASNGGPVDEQYF	LYIIKLIFLW
CASSQDLVDTQYF	LYIIKLIFLW
CASSPSPYSNQPQHF	LYIIKLIFLW
CASSMGLEQFF	LYIIKLIFLW
CASSLAGFGLNTEAFF	LYIIKLIFLW
CASSYAGLSEAFF	LYIIKLIFLW
CASSGYEQYF	LYIIKLIFLW
CASSLAGEDYQETQYF	LYIIKLIFLW
CSVVSSGRADSYEQYF	LYIIKLIFLW
CSVESRNPEAFF	LYIIKLIFLW
CASSTQQDRESSYEQYF	LYIIKLIFLW
CASSKAAGTGPQPQHF	LYIIKLIFLW
CAISAEGSDETQYF	LYIIKLIFLW
CSLERIDRVEVEQFF	LYIIKLIFLW
CASSQGGVGDLYTGELFF	LYIIKLIFLW
CASTPGGTGELFF	LYIIKLIFLW
CASSEVSRQMQETQYF	LYIIKLIFLW
CASSEPSGIYGYTF	LYIIKLIFLW
CASSGAYEQYF	LYIIKLIFLW
CSAGPYEQYF	LYIIKLIFLW
CASSYGETQYF	LYIIKLIFLW
CASSPATLEKLFF	LYIIKLIFLW
CASSLEQTSYEQYF	LYIIKLIFLW
CASSQQGSAYGYTF	LYIIKLIFLW
CSASAGLAGDIQYF	LYIIKLIFLW
CSASTSGESTDTQYF	LYIIKLIFLW
CASGAGTGATNEKLFF	LYIIKLIFLW
CASSKVGTGGFKSSYNEQFF	LYIIKLIFLW
CASSQGGGDEQFF	LYIIKLIFLW
CATSDFGDTQYF	LYIIKLIFLW
CSARDGHTYEQYF	LYIIKLIFLW
CSAPGQLSGANVLTF	LYIIKLIFLW
CSAIPGYEAFF	LYIIKLIFLW
CASSSYRGTNYGYTF	LYIIKLIFLW
CASSLAPGLSVSSYNEQFF	LYIIKLIFLW
CASSQEEGLELFF	LYIIKLIFLW
CASSQGIGLAGGQTDTQYF	LYIIKLIFLW
CASSAGLAYISTDTQYF	LYIIKLIFLW
CASSLAGPGARNQPQHF	LYIIKLIFLW
CASSAQTGDQETQYF	LYIIKLIFLW
CASSTGQGFYEQYF	LYIIKLIFLW
CASSFGSAGVPNEQFF	LYIIKLIFLW
CASSHTTGTSGVGTQYF	LYIIKLIFLW
CASSQIFQGAENTIYF	LYIIKLIFLW
CASSATAGFNQPQHF	LYIIKLIFLW
CASSQESAQFGETQYF	LYIIKLIFLW
CASSPTGGEVNQPQHF	LYIIKLIFLW
CASSSQLLALTHEQYF	LYIIKLIFLW
CASTVSTGGYSGANVLTF	LYIIKLIFLW
CASSYQEAFF	LYIIKLIFLW
CASSSGTSGSYEQYF	LYIIKLIFLW
CASSPEAWEGETQYF	LYIIKLIFLW
CATSEPGTGNLEQFF	LYIIKLIFLW
CASSESPMGLPTVTDTQYF	LYIIKLIFLW
CASSTGLAGIDEQFF	LYIIKLIFLW
CASSLGVVQREKLFF	LYIIKLIFLW
CSAPHDSGELFF	LYIIKLIFLW
CASSQVATANTEAFF	LYIIKLIFLW
CASSYVGGEQFF	LYIIKLIFLW
CASSGGDEQFF	LYIIKLIFLW
CASSPQGGGSSYNEQFF	LYIIKLIFLW
CASSLITGTENTEAFF	LYIIKLIFLW
CASSATGELFF	LYIIKLIFLW
CASSGGSEFYEQYF	LYIIKLIFLW
CASSEISLASEQYF	LYIIKLIFLW
CASSLAGAGVQETQYF	LYIIKLIFLW
CSAAQGELFF	LYIIKLIFLW
CASSQLDTNTGELFF	LYIIKLIFLW
CSAVFPGANVLTF	LYIIKLIFLW
CSASTGAPLHF	LYIIKLIFLW
CASKFLNGEQYF	LYIIKLIFLW
CSASLGTSGYNEQFF	LYIIKLIFLW
CATSSERTAYNEQFF	LYIIKLIFLW
CASSPGHTGELFF	LYIIKLIFLW
CASSLGTGSNEQFF	LYIIKLIFLW
CASSFGDWSSYEQYF	LYIIKLIFLW
CASSQGGLAGGPRDDIQYF	LYIIKLIFLW
CASSSYGGPYGYTF	LYIIKLIFLW
CASSLDVDTQYF	LYIIKLIFLW
CASSLPLMEGAYQYGYTF	LYIIKLIFLW
CASTLMGGAGDTQYF	LYIIKLIFLW
CASSFSGLGGDTQYF	LYIIKLIFLW
CASSLAGIEGTEAFF	LYIIKLIFLW
CASSYGGSGYGYTF	LYIIKLIFLW
CATSPGGRVGDLYTDTQYF	LYIIKLIFLW
CASSEAFTYEQYF	LYIIKLIFLW
RASSFRDRWDEKLFF	LYIIKLIFLW
CASSEASGGFADTQYF	LYIIKLIFLW
CASSYIPMNTGELFF	LYIIKLIFLW
CAGAGYEQYF	LYIIKLIFLW
CASSFGLGGAGNEQFF	LYIIKLIFLW
CASSFPQGAQETQYF	LYIIKLIFLW
CASSQASYRDRSTDTQYF	LYIIKLIFLW
CASSQDPSYEQYF	LYIIKLIFLW
CASSTGTGGSYEQYF	LYIIKLIFLW
CASSLAGSGTGELFF	LYIIKLIFLW
CATSDLRGAVNTGELFF	LYIIKLIFLW
CASSESDYEQYF	LYIIKLIFLW
CASSLVGGSYEQYF	LYIIKLIFLW
CASSTGTGGSYEQYF	LYIIKLIFLW
CASSFDGVTKQGTDTQYF	LYIIKLIFLW
CASIQSGSEQYF	LYIIKLIFLW
CASSYGGGPLDEQFF	LYIIKLIFLW
CASSNPGWAAGGPVIGTEAFF	LYIIKLIFLW
CASVLTGELFF	LYIIKLIFLW
CASSLGGAITGELFF	LYIIKLIFLW
CASSSGGAGQPQHF	LYIIKLIFLW
CSARGVVSSYNEQFF	LYIIKLIFLW
CASSEPDRQFNYGYTF	LYIIKLIFLW
CASSEQDRQETQYF	LYIIKLIFLW
CASSQDRGTPKSYNEQFF	LYIIKLIFLW
CAWRKGLAGGETYNEQFF	LYIIKLIFLW
CASRTSSQQFF	LYIIKLIFLW
CASSPMEASQTDTQYF	LYIIKLIFLW
CSAPNGQAYEQYF	LYIIKLIFLW
CASTTGTGLHQETQYF	LYIIKLIFLW
CASSPNTLGTF	LYIIKLIFLW
CSARGPQSGNTIYF	LYIIKLIFLW
CSAPNPQGGTEAFF	LYIIKLIFLW
CASTPRSGSLDEDTQYF	LYIIKLIFLW
CASSQDLQVGAAVGFDTQYF	LYIIKLIFLW
CASSSGQGGSKNTEAFF	LYIIKLIFLW
CASSQLATEAFF	LYIIKLIFLW
CASSFSLPGTNSPLHF	LYIIKLIFLW
CATSALDYEQYF	LYIIKLIFLW
CSVVVLAGVQKLETQYF	LYIIKLIFLW
CATSRDTLAGGFYEQYF	LYIIKLIFLW
CASIGGAAGSYEQYF	LYIIKLIFLW
CASSLASQGGNYEQYF	LYIIKLIFLW
CASSPDGLAGGWDTGELFF	LYIIKLIFLW
CASSPATPPNEQFF	LYIIKLIFLW
CSARDWTDYNEQFF	LYIIKLIFLW
CASSSPGQSYEQYF	LYIIKLIFLW
CASSFSRTSGDQETQYF	LYIIKLIFLW
CASSLGAGPHTDTQYF	LYIIKLIFLW
CATLGGPLDGYTF	LYIIKLIFLW
CASSSGLAGTYEQYF	LYIIKLIFLW
CASSQGSGTGGREAFF	LYIIKLIFLW
CASSFTYEQYF	LYIIKLIFLW
CASSQEWDRGGNEQYF	LYIIKLIFLW
CASSLAGTTNTGELFF	LYIIKLIFLW
CASSDSSYNEQFF	LYIIKLIFLW
CASSQDLLVFEGALNTEAFF	LYIIKLIFLW
CATSRDRAATPINGYTF	LYIIKLIFLW
CASNEQASNQPQHF	LYIIKLIFLW
CASSHQLEPGRRGSPLHF	LYIIKLIFLW
CASSLAGTGLNTEAFF	LYIIKLIFLW
CASSQSGGTEAFF	LYIIKLIFLW
CASSWGLAGDYNEQFF	LYIIKLIFLW
CSARGLAAYEQYF	LYIIKLIFLW
CSVGKEGTGAFF	LYIIKLIFLW
CASNTEAFF	LYIIKLIFLW
CASSYQETQYF	LYIIKLIFLW
CASSASGGVNTGELFF	LYIIKLIFLW
CASSLEAHAYEQYF	LYIIKLIFLW
CASSEGVSNQPQHF	LYIIKLIFLW
CASSLAGTVYGYTF	LYIIKLIFLW
CASSIDTGPGGEKLFF	LYIIKLIFLW
CASSSQIDQPQHF	LYIIKLIFLW
CATTGTGYNEQFF	LYIIKLIFLW
CASSSGMGIDSPLHF	LYIIKLIFLW
CASSLEDEQYF	LYIIKLIFLW
CASSTGSSGSYEQYF	LYIIKLIFLW
CATRSDYNEQFF	LYIIKLIFLW
CASSLPSGTGPYEQYF	LYIIKLIFLW
CASSLDPALRPLHF	LYIIKLIFLW
CASSSHPPGGGAVEDTQYF	LYIIKLIFLW
CATSTARTTGEYF	LYIIKLIFLW
CASSSTAGTPDTQYF	LYIIKLIFLW
CASSSPMGRGSYEQYF	LYIIKLIFLW
CASSPVGEQYF	LYIIKLIFLW
CSARLPSYNEQFF	LYIIKLIFLW
CASTLRQAGETGELFF	LYIIKLIFLW
CASSLGGNAPYEQYF	LYIIKLIFLW
CASSFIRTSGGEQFF	LYIIKLIFLW
CASSQDPSSGNTIYF	LYIIKLIFLW
CASSRTGSSTDTQYF	LYIIKLIFLW
CASSPPTQPQHF	LYIIKLIFLW
CASSPTGATNEKLFF	LYIIKLIFLW
CASSFGVGMNTEAFF	LYIIKLIFLW
CASSYLGGLSTDTQYF	LYIIKLIFLW
CASSQESGFSYNEQFF	LYIIKLIFLW
CATSRARTQETQYF	LYIIKLIFLW
CASSLAGPGQFF	LYIIKLIFLW
CASSLAKLAGQDEQYF	LYIIKLIFLW
CASSSGQGAEQYF	LYIIKLIFLW
CSAREPTSNEQFF	LYIIKLIFLW
CSANVELEETQYF	LYIIKLIFLW
CASSYYGGADTQYF	LYIIKLIFLW
CSVAGQGIGLLEQYF	LYIIKLIFLW
CASSETPGLAGPSSYNEQFF	LYIIKLIFLW
CASTDSSGANVLTF	LYIIKLIFLW
CASSGQGILVLGEKLFF	LYIIKLIFLW
CASSEYNEQFF	LYIIKLIFLW
CASSLTGQGYNEQFF	LYIIKLIFLW
CASSPDYTTGGLLGEQYF	LYIIKLIFLW
CASSPFPGLAGGLGNEQFF	LYIIKLIFLW
CASSLPDSPHSNQPQHF	LYIIKLIFLW
CSVQTGLDEAFF	LYIIKLIFLW
