CDR3	AA
CASSLGQGDAEAFF	GVVFLHVTY
CASHGGRSTNEKLFF	GVVFLHVTY
CASGREDGYTF	GVVFLHVTY
CASSYSFEGQLNSPLHF	GVVFLHVTY
CASSPGQGRHNEQFF	GVVFLHVTY
CASSQDPGQGELFF	GVVFLHVTY
CASSPLLDTGELFF	GVVFLHVTY
CASSLGQGTYNEQFF	GVVFLHVTY
CASSSGTIYEQYF	GVVFLHVTY
CASSLGDGSSYEQYF	GVVFLHVTY
CASSHGTGNEQYF	GVVFLHVTY
CASSTPSGLGNEQFF	GVVFLHVTY
CASSLGTGDTEAFF	GVVFLHVTY
CSASSPLDGSNEQFF	GVVFLHVTY
CASSSLGLGAFF	GVVFLHVTY
CASSLFGTGNQPQHF	GVVFLHVTY
CASSLTGTGGNEQYF	GVVFLHVTY
CASTPSGYGNQPQHF	GVVFLHVTY
CASSFWGSYNEQFF	GVVFLHVTY
CASSLFSGSNEQFF	GVVFLHVTY
CASSHASGIRLFF	GVVFLHVTY
CASSTLTSGSTNTGELFF	GVVFLHVTY
CSARDGQGQETQYF	GVVFLHVTY
CASSLGGGSSYEQYF	GVVFLHVTY
CASSLWEGSKETQYF	GVVFLHVTY
CASSLGDGDNEQFF	GVVFLHVTY
CASSSSSAGPSYEQYF	GVVFLHVTY
CASSLGDRYTEAFF	GVVFLHVTY
CASSQCGPRGPVFFLPNYYEQYF	GVVFLHVTY
CASSLSGHQPQHF	GVVFLHVTY
CASTSIQLNEQFF	GVVFLHVTY
CASSYDRDEQYF	GVVFLHVTY
CASSIELETQYF	GVVFLHVTY
CASSLGTGDTEAFF	GVVFLHVTY
CASSPTGITEAFF	GVVFLHVTY
CASRPTLGPYEQYF	GVVFLHVTY
CASSHQYMTGPDGPQHF	GVVFLHVTY
CASSLGTGDNEQFF	GVVFLHVTY
CASSLSQGDTEAFF	GVVFLHVTY
CASSWGEGQPQHF	GVVFLHVTY
CASSLGTGDTEAFF	GVVFLHVTY
CSADRAYNTEAFF	GVVFLHVTY
CASSMTVRDYEQYF	GVVFLHVTY
CASSFAFGSSYNEQFF	GVVFLHVTY
CASSQVTGSNQPQHF	GVVFLHVTY
CASSQDLNSGYEQFF	GVVFLHVTY
CASSLGAGDTEAFF	GVVFLHVTY
CASSYLSEQYF	GVVFLHVTY
CASSLWATGELFF	GVVFLHVTY
CASSIILAGDNEQFF	GVVFLHVTY
CASTLGDRGNQPQHF	GVVFLHVTY
CASSPGQGDTEAFF	GVVFLHVTY
CASSAGQGLPYEQYF	GVVFLHVTY
CASSISRVNQPQHF	GVVFLHVTY
CASSQVTGTANNSPLHF	GVVFLHVTY
CASSLGQGDTEAFF	GVVFLHVTY
CASSLGGNTEAFF	GVVFLHVTY
CASSQGHGDTEAFF	GVVFLHVTY
CASSLSQGARNEQYF	GVVFLHVTY
CASSLWGANTEAFF	GVVFLHVTY
CASSLWLAGGYNEQFF	GVVFLHVTY
CASSKGQGDTEAFF	GVVFLHVTY
CSVEAGTNTGELFF	GVVFLHVTY
CASSPGYNEQFF	GVVFLHVTY
CASSRGADTGELFF	GVVFLHVTY
CASRGQGTDTQYF	GVVFLHVTY
CASSPDGNYGYTF	GVVFLHVTY
CASSSGTRTDTQYF	GVVFLHVTY
CSVTGGLAVGRRYNEQFF	GVVFLHVTY
CSVTGGSYNEQFF	GVVFLHVTY
CASSPLAGSTDTQYF	GVVFLHVTY
CSAGPLGPYNEQFF	GVVFLHVTY
CASSQEEGGGYGYTF	GVVFLHVTY
CASSLGQGDTEAFF	GVVFLHVTY
CASSYSTSSLLNTEAFF	GVVFLHVTY
CASSPGQGPEAFF	GVVFLHVTY
CASSMGHGDTEAFF	GVVFLHVTY
CASSQEPGYNEQFF	GVVFLHVTY
CASTEFPGANGYTF	GVVFLHVTY
CAWSVLLNEQFF	GVVFLHVTY
CASSYSPYNEQFF	GVVFLHVTY
CSADLVAWGEQFF	GVVFLHVTY
CASSLYGTGDEQYF	GVVFLHVTY
