CDR3	AA
CASSLWTSTDTQYF	APHGVVFLHV
CASSAQGVKETQYF	APHGVVFLHV
CASSPLAGSTDTQYF	APHGVVFLHV
CASTITGYTEAFF	APHGVVFLHV
CASSLGQGDTEAFF	APHGVVFLHV
CASSWWGENNEQFF	APHGVVFLHV
CASSPGQGDTEAFF	APHGVVFLHV
CASSPDGNYGYTF	APHGVVFLHV
CASSLGPRDTEAFF	APHGVVFLHV
CASSLDPNEQFF	APHGVVFLHV
CASSVGQGDTEAFF	APHGVVFLHV
CSARDPYRESGYTF	APHGVVFLHV
CASSPEAGELFF	APHGVVFLHV
CASSLGTGDTEAFF	APHGVVFLHV
CASSSSTDPYEQYF	APHGVVFLHV
CSARDYREQGQNTGELFF	APHGVVFLHV
CASSSQGPSSYEQYF	APHGVVFLHV
CASSTWDRGLETQYF	APHGVVFLHV
CASSPGQGRHNEQFF	APHGVVFLHV
CASSSGQSYEQYF	APHGVVFLHV
CASSLSQGARNEQYF	APHGVVFLHV
CASSQGNEQFF	APHGVVFLHV
CASSLGQGDTEAFF	APHGVVFLHV
CSARVTEAFF	APHGVVFLHV
CASSRGQGDTEAFF	APHGVVFLHV
CASSLFGNEQFF	APHGVVFLHV
CASSFRTSGRGEQFF	APHGVVFLHV
CASSVGQGDTEAFF	APHGVVFLHV
CASSLRLGEQYF	APHGVVFLHV
CASSYSVQERRLEQYF	APHGVVFLHV
CASSSLGGHQPQHF	APHGVVFLHV
CASSIELETQYF	APHGVVFLHV
CASSIDRGPYNEQFF	APHGVVFLHV
CASSLGAGDTEAFF	APHGVVFLHV
CASGREDGYTF	APHGVVFLHV
CASVLWTGANYGYTF	APHGVVFLHV
CASSLQGVGSYEQYF	APHGVVFLHV
CASSRLAGSTDTQYF	APHGVVFLHV
CASSVDPNSPLHF	APHGVVFLHV
CSASPSGPYNEQFF	APHGVVFLHV
CASSLWTEQETQYF	APHGVVFLHV
CASSLGDGDNEQFF	APHGVVFLHV
CASSRGERANEKLFF	APHGVVFLHV
CSALPNEQFF	APHGVVFLHV
CASSSTGLAGHTQYF	APHGVVFLHV
CASSLGQGDTEAFF	APHGVVFLHV
CSAKGLVLSNEQFF	APHGVVFLHV
CASSPATRWREYNEQFF	APHGVVFLHV
CAWSVLLNEQFF	APHGVVFLHV
CASSQDPRREGNEQFF	APHGVVFLHV
CASRPTLGPYEQYF	APHGVVFLHV
CASSYSFEGQLNSPLHF	APHGVVFLHV
CASSPDSYNEQFF	APHGVVFLHV
CASSLESWGRGELFF	APHGVVFLHV
CASSLGQGTYNEQFF	APHGVVFLHV
CASSWDTYEQYF	APHGVVFLHV
CSASPSGPYNEQFF	APHGVVFLHV
CASSLAGQEDQYF	APHGVVFLHV
CASSYLWEAFF	APHGVVFLHV
CASSGPASPLHF	APHGVVFLHV
CASSSGTGDAEAFF	APHGVVFLHV
CASSPGTNEQFF	APHGVVFLHV
CAWGGYEQYF	APHGVVFLHV
CASSPGQGDTEAFF	APHGVVFLHV
CASSVLLAGGDGELFF	APHGVVFLHV
CASSLGGSDQDTQYF	APHGVVFLHV
CASSLGTGDTEAFF	APHGVVFLHV
CASSLFQPGETQYF	APHGVVFLHV
CASSFWGSYNEQFF	APHGVVFLHV
CASSLAPNPGNEQFF	APHGVVFLHV
CASSLWATGELFF	APHGVVFLHV
CASSLWTGDTEAFF	APHGVVFLHV
