CDR3	AA
CASSPDYYNEQFF	LVLSVNPYV
CASSSGTGVGELFF	LVLSVNPYV
CASIKAGVSEQYF	LVLSVNPYV
CASSQDGQGVRETQYF	LVLSVNPYV
CASSLAGGPGEQYF	LVLSVNPYV
CASSSREGVTGELFF	LVLSVNPYV
CSVLAPDRGYDTQYF	LVLSVNPYV
CASSQLLVMGNEQFF	LVLSVNPYV
CASSPTGSHQTEAFF	LVLSVNPYV
CASSEADEQFF	LVLSVNPYV
CASSLVQGAPTGELFF	LVLSVNPYV
CASSPFGQGRAYEQYF	LVLSVNPYV
CASSFPAGEKLFF	LVLSVNPYV
CASSGTGNTGELFF	LVLSVNPYV
CASSFGVFNEKLFF	LVLSVNPYV
CASSLGNEQFF	LVLSVNPYV
CSASVGTAETQYF	LVLSVNPYV
CASSLDTGELFF	LVLSVNPYV
CALEEAGANVLTF	LVLSVNPYV
CASSSGTGVNEQFF	LVLSVNPYV
CASSFYNEQFF	LVLSVNPYV
CASSQSEIRGQETQYF	LVLSVNPYV
