CDR3	AA
CASRGQGTDTQYF	GVVFLHVTY
CASSLGQGDTEAFF	GVVFLHVTY
CASTTGTGDTEAFF	GVVFLHVTY
CASSLGGNTEAFF	GVVFLHVTY
CASSFVGRSSETQYF	GVVFLHVTY
CASSLGTGDNEQFF	GVVFLHVTY
CSVTGGLAVGRRYNEQFF	GVVFLHVTY
CASSYSQETQYF	GVVFLHVTY
CASSSWSPVGGQYF	GVVFLHVTY
CASSLFGPNTEAFF	GVVFLHVTY
CASYGQGNEKLFF	GVVFLHVTY
CASSSGTRTDTQYF	GVVFLHVTY
CASSPPSSLEAFF	GVVFLHVTY
CASSWWGENNEQFF	GVVFLHVTY
CASSLGQGDTEAFF	GVVFLHVTY
CASSWGREQYF	GVVFLHVTY
CAPRRLAGGGETQYF	GVVFLHVTY
CATSDPDREGGYTF	GVVFLHVTY
CASSKGQGDTEAFF	GVVFLHVTY
CASNRLGWGTTNQQYF	GVVFLHVTY
CASSLLGPSYEQYF	GVVFLHVTY
CASSLSQGDTEAFF	GVVFLHVTY
CASSRLAGSTDTQYF	GVVFLHVTY
CASSSGTIYEQYF	GVVFLHVTY
CSADLVAWGEQFF	GVVFLHVTY
CASSFGQGDTEAFF	GVVFLHVTY
CASSFWGSYNEQFF	GVVFLHVTY
CASSELAGGFEQYF	GVVFLHVTY
CASSVDPNSPLHF	GVVFLHVTY
CASSPRVAGGPYEQYF	GVVFLHVTY
CASSLGDGSSYEQYF	GVVFLHVTY
CASSSQGPSSYEQYF	GVVFLHVTY
CSADRAYNTEAFF	GVVFLHVTY
CASSLGQGDTEAFF	GVVFLHVTY
CASSLGAGDTEAFF	GVVFLHVTY
CASSEILAGGNGEQFF	GVVFLHVTY
CASSVGQGDTEAFF	GVVFLHVTY
CSVVGRENTGELFF	GVVFLHVTY
CSARDLRGRTSYEQYF	GVVFLHVTY
CASSQAPASYYEQYF	GVVFLHVTY
CASSSSSAGPSYEQYF	GVVFLHVTY
CASSLWATGELFF	GVVFLHVTY
CASSLGAGDTEAFF	GVVFLHVTY
CASSYSRGGYEQYF	GVVFLHVTY
CASSLFGTGNQPQHF	GVVFLHVTY
CSAELAGEQFF	GVVFLHVTY
CASSIGTEDWDEQFF	GVVFLHVTY
CASTLGDRGNQPQHF	GVVFLHVTY
CASSFSSYNEQFF	GVVFLHVTY
CASQGSGRENTEAFF	GVVFLHVTY
CASRLVGGETQYF	GVVFLHVTY
CASSYSIGELFF	GVVFLHVTY
CASSLGDGDNEQFF	GVVFLHVTY
CASSYSPYNEQFF	GVVFLHVTY
CSSLSGEFPGELFF	GVVFLHVTY
CASSFAFGSSYNEQFF	GVVFLHVTY
CASRDGLYSGNTIYF	GVVFLHVTY
CASSLGGSDQDTQYF	GVVFLHVTY
CASSPGTDGNTIYF	GVVFLHVTY
CSARGGAQYF	GVVFLHVTY
CSARDSGEGTGELFF	GVVFLHVTY
CSARDPYRESGYTF	GVVFLHVTY
CASSLSQGDTEAFF	GVVFLHVTY
CASSLGPRDTEAFF	GVVFLHVTY
CASSSQGTGGYTF	GVVFLHVTY
CASSKRGDYNEQFF	GVVFLHVTY
CASSPARSNQPQHF	GVVFLHVTY
CATSDPGTGQEEQYF	GVVFLHVTY
CASSPPLAGGYEQYF	GVVFLHVTY
CASSLGEGNEQFF	GVVFLHVTY
CASSYWAFGQVQETQYF	GVVFLHVTY
CSASWGGGYTF	GVVFLHVTY
CASSPAGGDYYEQYF	GVVFLHVTY
CASSLAGGSYEQYF	GVVFLHVTY
CASSTEQGLNTEAFF	GVVFLHVTY
CASSLGQGDTEAFF	GVVFLHVTY
CASSPLAEFYEQYF	GVVFLHVTY
CASSLQGVGSYEQYF	GVVFLHVTY
CASSLGQGDTEAFF	GVVFLHVTY
CASSGIDREVMAFF	GVVFLHVTY
CASSPLAGGGTGELFF	GVVFLHVTY
CASSPLSGSLEPQHF	GVVFLHVTY
CASTITGYTEAFF	GVVFLHVTY
CASSPFSGGAFF	GVVFLHVTY
CASSLGQGDNEQFF	GVVFLHVTY
CSADQSSYNEQFF	GVVFLHVTY
CASSLTGTGGNEQYF	GVVFLHVTY
CASSPGQGDTEAFF	GVVFLHVTY
CASSHASGIRLFF	GVVFLHVTY
CASSLRLGEQYF	GVVFLHVTY
CASSLLSVQETQYF	GVVFLHVTY
CASSHWESVETQYF	GVVFLHVTY
CASSSLGGHQPQHF	GVVFLHVTY
CASSRGAVTGELFF	GVVFLHVTY
CASSYSGGTDTQYF	GVVFLHVTY
CASSWGREQYF	GVVFLHVTY
CASSYTNEQFF	GVVFLHVTY
CASSYSTGAEQYF	GVVFLHVTY
CASSGGTGDTEAFF	GVVFLHVTY
CSASPHEQFF	GVVFLHVTY
CASREGTSTNEKLFF	GVVFLHVTY
CSVDWGNTGELFF	GVVFLHVTY
CASSPQGAEEQYF	GVVFLHVTY
CASSHQYMTGPDGPQHF	GVVFLHVTY
CASSSWDSHSTDTQYF	GVVFLHVTY
CASTPGQGDAEAFF	GVVFLHVTY
CATARNEQFF	GVVFLHVTY
CASSIILAGDNEQFF	GVVFLHVTY
CASSQDREETQYF	GVVFLHVTY
CASSVGQGDTEAFF	GVVFLHVTY
CASSPGTNEQFF	GVVFLHVTY
CASSYSTNEQFF	GVVFLHVTY
CASSPAVAGGSGELFF	GVVFLHVTY
CASSLWGANTEAFF	GVVFLHVTY
CASSPLASGSTGELFF	GVVFLHVTY
CASVLWTGANYGYTF	GVVFLHVTY
CASSYSTSSLLNTEAFF	GVVFLHVTY
CASSSGQSYEQYF	GVVFLHVTY
CASSYSQETQYF	GVVFLHVTY
CASSPDGNYGYTF	GVVFLHVTY
CASSAGQGDTEAFF	GVVFLHVTY
CASSFHDPGNEQFF	GVVFLHVTY
CASSLFGPSTEAFF	GVVFLHVTY
CASSLSGHQPQHF	GVVFLHVTY
CASSDNFYEQYF	GVVFLHVTY
CSARDGQGQETQYF	GVVFLHVTY
CASSGPASPLHF	GVVFLHVTY
CASSLYGTGDEQYF	GVVFLHVTY
CASSIELETQYF	GVVFLHVTY
CASSMTVRDYEQYF	GVVFLHVTY
CASSSPQTSRQETQYF	GVVFLHVTY
CASSIVGRNTGELFF	GVVFLHVTY
CASSLGQGDTEAFF	GVVFLHVTY
CASSGTGGADGELFF	GVVFLHVTY
CASSFYRDPPNQPQHF	GVVFLHVTY
CASSPSNTEAFF	GVVFLHVTY
CASSYSAAYEQYF	GVVFLHVTY
CASSFRGNTEAFF	GVVFLHVTY
CASSLEQGLGEAFF	GVVFLHVTY
CASSQGNEQFF	GVVFLHVTY
CASSVVGGREGNEQFF	GVVFLHVTY
CASSVGMPSPLHF	GVVFLHVTY
CASSLGQGDTEAFF	GVVFLHVTY
CASSRLAGSTDTQYF	GVVFLHVTY
CASHLWGSNEKLFF	GVVFLHVTY
CASSPPLGLPPGATNEKLFF	GVVFLHVTY
CASSQDPGQGELFF	GVVFLHVTY
CASSLGTGDTEAFF	GVVFLHVTY
CASSLVGTGRVETQYF	GVVFLHVTY
CASSHGTGNEQYF	GVVFLHVTY
CASSLGTGDTEAFF	GVVFLHVTY
CASSYSQETQYF	GVVFLHVTY
CASSAGPHNEQFF	GVVFLHVTY
CASSLSPGHPSEQYF	GVVFLHVTY
CASSPDSYNEQFF	GVVFLHVTY
CSVETLAGGYNEQFF	GVVFLHVTY
CASSLLEGGELFF	GVVFLHVTY
CASSTLTSGSTNTGELFF	GVVFLHVTY
CASSLWTSTDTQYF	GVVFLHVTY
CASSRPPGQEVDTQYF	GVVFLHVTY
CASSLFSGSSNEQFF	GVVFLHVTY
CSARDGGWGTDTQYF	GVVFLHVTY
CASSYSRVGEEQYF	GVVFLHVTY
CASTPGTGYHEQYF	GVVFLHVTY
CASSRGQGDAEAFF	GVVFLHVTY
CASSSGTGDAEAFF	GVVFLHVTY
CASALGDPGGEQFF	GVVFLHVTY
CASSPGYNEQFF	GVVFLHVTY
