CDR3	AA
CASTGPDNGSGTQQFF	LWLLWPVTL
CATSREGTGWYEQYF	LWLLWPVTL
CASSAIVETQYF	LWLLWPVTL
CARSRSNTGELFF	LWLLWPVTL
CASSRQGLDQKLFF	LWLLWPVTL
CASSSETGEDSPLHF	LWLLWPVTL
CASSSLPLAWDSPLHF	LWLLWPVTL
CASSLGGLLEQYF	LWLLWPVTL
CASSLDRGADEQFF	LWLLWPVTL
CSARDPWAPEEAFF	LWLLWPVTL
CASTLLAGGNGELFF	LWLLWPVTL
CAAHSQPQHF	LWLLWPVTL
CASSQGLAGGPSGETQYF	LWLLWPVTL
CASSLGTGGQFSTDTQYF	LWLLWPVTL
CASSKPGLAGPLGEQYF	LWLLWPVTL
CASSLGYGYTF	LWLLWPVTL
CSARGPLTARDSNQPQHF	LWLLWPVTL
CSANTHSGGASTDTQYF	LWLLWPVTL
CASSEAAGYEQYF	LWLLWPVTL
CSATGLAGGWEQYF	LWLLWPVTL
CASSPNLAGGVATGELFF	LWLLWPVTL
CASSYLKPDTQYF	LWLLWPVTL
CAPPRPFPGLAETQYF	LWLLWPVTL
CASSLWDAVQETQYF	LWLLWPVTL
CASSLRLAGGPASYEQYF	LWLLWPVTL
CASALTGGTEAFF	LWLLWPVTL
CASSLVGLAGVGEQYF	LWLLWPVTL
CASSLEAHSYNEQFF	LWLLWPVTL
CASSLQGTPYEQYF	LWLLWPVTL
CASSQELTSPILEQYF	LWLLWPVTL
CASSLGTSFLYEQYF	LWLLWPVTL
CASSIGYEQYF	LWLLWPVTL
CASSHSSGLAYNEQFF	LWLLWPVTL
CASSKDQRGYTF	LWLLWPVTL
CASTGTAFFGWEQYF	LWLLWPVTL
CASSFSYEQYF	LWLLWPVTL
CASSKGLAEPYNEQFF	LWLLWPVTL
CASTTPRTSYEQYF	LWLLWPVTL
CASSEFWTGKGTDTQYF	LWLLWPVTL
CASSLLGAGTGTEAFF	LWLLWPVTL
CASSEATGGPTNEQFF	LWLLWPVTL
CASTTLGTGGVGELFF	LWLLWPVTL
CASSSQQGAKNIQYF	LWLLWPVTL
CASSFNFYEQYF	LWLLWPVTL
CASSPDGTGGYEQYF	LWLLWPVTL
CASSTSAGNNEQFF	LWLLWPVTL
CASSLQVLSNTEAFF	LWLLWPVTL
CASSLGDTQYF	LWLLWPVTL
CASSLEPSRVSEAFF	LWLLWPVTL
CASSFVGGELFF	LWLLWPVTL
CATSGLGPPEGTDTQYF	LWLLWPVTL
CASSQDEAASHFTDTQYF	LWLLWPVTL
CASSPTADTQYF	LWLLWPVTL
CASSLTGVEAFF	LWLLWPVTL
CASSVAGVTDTQYF	LWLLWPVTL
CATSDSSDPNIQYF	LWLLWPVTL
CASSLSRESSYNSPLHF	LWLLWPVTL
CATSDFGGAGIIHEQFF	LWLLWPVTL
CASSLVMNTEAFF	LWLLWPVTL
CASSLDGAAGVVNSPLHF	LWLLWPVTL
CASSFRSGGLETQYF	LWLLWPVTL
CASSVPLDSSGELFF	LWLLWPVTL
CASSRGLAEPHDTQYF	LWLLWPVTL
CASSIGRGTHEQYF	LWLLWPVTL
CASSLGPGTGDQPQHF	LWLLWPVTL
CASSSDRGPASTDTQYF	LWLLWPVTL
CASSLTGYFNEQFF	LWLLWPVTL
CASSLKAGETADTQYF	LWLLWPVTL
CASTRANTQYF	LWLLWPVTL
CASSPWDRGYEQYF	LWLLWPVTL
CASVGLAGVNEQFF	LWLLWPVTL
CASRTGTSGRNEQFF	LWLLWPVTL
CASSQESGYTEAFF	LWLLWPVTL
CASSQEGSGYSYNEQFF	LWLLWPVTL
CASSGDNEQFF	LWLLWPVTL
CASSLTGNTEAFF	LWLLWPVTL
CASSLAEFYQPQHF	LWLLWPVTL
CASRDNYASTDTQYF	LWLLWPVTL
CAICGDSGELFF	LWLLWPVTL
CSVEEWRTGQNTEAFF	LWLLWPVTL
CASSLISHEQYF	LWLLWPVTL
CASSPTGTGGVGYGYTF	LWLLWPVTL
CASSLTSGNEQFF	LWLLWPVTL
CASSLSAIAGLAGYEQYF	LWLLWPVTL
CASSSPPSGNTIYF	LWLLWPVTL
CASIGSSWELFF	LWLLWPVTL
CATAQGSGANVLTF	LWLLWPVTL
CASSLIGTAGANVLTF	LWLLWPVTL
CASSPPGQNSPLHF	LWLLWPVTL
CASSQVLQGPDVGGYTF	LWLLWPVTL
CASSASSEQFF	LWLLWPVTL
CASSLPPGGSYNEQFF	LWLLWPVTL
CASSYSTTGNQPQHF	LWLLWPVTL
CASSDPGQGLPDTQYF	LWLLWPVTL
CASSLGQGESYEQYF	LWLLWPVTL
CSATSPYNEQFF	LWLLWPVTL
CASTWKVVLERRDLWGYTF	LWLLWPVTL
CAISVMEIGYGYTF	LWLLWPVTL
CASSLANEQFF	LWLLWPVTL
CASSQEGLWPGALTF	LWLLWPVTL
CASSASNEQFF	LWLLWPVTL
CASSQDVRGWELFF	LWLLWPVTL
CASSLGFDRGQLDTGELFF	LWLLWPVTL
CSANTGTSGSSTDTQYF	LWLLWPVTL
CSATLLEGVGEAFF	LWLLWPVTL
CASSLPSRKDANTGELFF	LWLLWPVTL
CASSLAPNEKLFF	LWLLWPVTL
CASSMTGGFTEAFF	LWLLWPVTL
CASSQDNEQFF	LWLLWPVTL
CASSLGPNTEAFF	LWLLWPVTL
CASSLLGQPQHF	LWLLWPVTL
CASSLWGEGGNTIYF	LWLLWPVTL
CASSEFGLGRYGYTF	LWLLWPVTL
CASGLGTVYEQYF	LWLLWPVTL
CASSLSNEQFF	LWLLWPVTL
CASSQDPGGSEQFF	LWLLWPVTL
CASSNPRGTDYNEQFF	LWLLWPVTL
CASSLEVAAGALYGYTF	LWLLWPVTL
CASSLTQGARNEQFF	LWLLWPVTL
CASSLNLRGNQPQHF	LWLLWPVTL
CASSYDLAGASEQYF	LWLLWPVTL
CASSFGLRLQQYF	LWLLWPVTL
CASSLRGSWDTIYF	LWLLWPVTL
CASSLSSEQFF	LWLLWPVTL
CASSLMGTTQYF	LWLLWPVTL
CASSLQGNTIYF	LWLLWPVTL
CASSQTRDRLYEQYF	LWLLWPVTL
CSGVGLPIGEYNEQFF	LWLLWPVTL
CASSPPGGETGELFF	LWLLWPVTL
CASTRNNEQFF	LWLLWPVTL
CASSANSIRGPGANVLTF	LWLLWPVTL
CASSQGGGPNEQFF	LWLLWPVTL
CASSLYNLGQPQHF	LWLLWPVTL
CASSLGGELFF	LWLLWPVTL
CSVPGLAGANYNEQFF	LWLLWPVTL
CASSYPGELFF	LWLLWPVTL
CASSVAEGGTEAFF	LWLLWPVTL
CASSLLTGVTDTQYF	LWLLWPVTL
CASSEVAGGLTDTQYF	LWLLWPVTL
CASSQAGGAFF	LWLLWPVTL
CASSLLGGELFF	LWLLWPVTL
CSARGQGARSYEQYV	LWLLWPVTL
CASRYPTGREQYF	LWLLWPVTL
CASSQGLALSDTQYF	LWLLWPVTL
CASSPGTSLNEQFF	LWLLWPVTL
CSARDLLAGNSYNEQFF	LWLLWPVTL
CASRDPWGWETQYF	LWLLWPVTL
CASRWTGNEQFF	LWLLWPVTL
CASSLTNPGTEHSYEQYF	LWLLWPVTL
CATSDLRQGTSTDTQYF	LWLLWPVTL
CSVEDLAQETQYF	LWLLWPVTL
CASSPPSEQEQFF	LWLLWPVTL
CASSQGVVELFF	LWLLWPVTL
CASSQGQGAKKDTEAFF	LWLLWPVTL
CASSPINRGTGGYTF	LWLLWPVTL
CASSWDKVGTDTQYF	LWLLWPVTL
CASSFSDREPQETQYF	LWLLWPVTL
CASSLWDRSFQETQYF	LWLLWPVTL
CASSYSLGSGEQFF	LWLLWPVTL
CASQGQGYNEQFF	LWLLWPVTL
CASSSPLLGLVEYEQYF	LWLLWPVTL
CASSYSPPYEQYF	LWLLWPVTL
CASSLVGGGTEAFF	LWLLWPVTL
CASSQDHSPLHF	LWLLWPVTL
CASHGPPGDRGWETQYF	LWLLWPVTL
CASSKSGGAGEQFF	LWLLWPVTL
CASSLTGPGELFF	LWLLWPVTL
CASSQDLLGGEVNGYTF	LWLLWPVTL
CASSFWQGGYGYTF	LWLLWPVTL
CASSQVGWNEQFF	LWLLWPVTL
CASSLLAGTGELFF	LWLLWPVTL
CASSYALGGEKLFF	LWLLWPVTL
CASSPDQPQHF	LWLLWPVTL
CASSYTPPGGVPFYEQYF	LWLLWPVTL
CASTGIPSGHSYEQYF	LWLLWPVTL
CASSQYDGSFNF	LWLLWPVTL
CSVTTGSYGYTF	LWLLWPVTL
CSARDPLAGNYEQYF	LWLLWPVTL
CSVIGTSGLTYNEQFF	LWLLWPVTL
CASTTGNEQFF	LWLLWPVTL
CSARDGTASNLNTEAFF	LWLLWPVTL
CASSHIGQGADEQYF	LWLLWPVTL
CASSRLGVSNQPQHF	LWLLWPVTL
CASSLESGDLPDTQYF	LWLLWPVTL
CASSIGGAPYGYTF	LWLLWPVTL
CASSLGTSGIQETQYF	LWLLWPVTL
CASSQSGTYGYTF	LWLLWPVTL
CASSLGAAVNSPLHF	LWLLWPVTL
CASSPEGQGGYEQYF	LWLLWPVTL
CASSQGDTQYF	LWLLWPVTL
CASSYGLYTEAFF	LWLLWPVTL
CASSFGTTSWGANEKLFF	LWLLWPVTL
CASSFLGQPNTEAFF	LWLLWPVTL
CASSPLRETQYF	LWLLWPVTL
CASSSYRGLPTDTQYF	LWLLWPVTL
CASISGTGYEQYF	LWLLWPVTL
CATSDFGGTDTQYF	LWLLWPVTL
CASSYGPYNSPLHF	LWLLWPVTL
CASSIGQGGEQYF	LWLLWPVTL
CASSAWAAGEDEQYF	LWLLWPVTL
CASSLGQWFQQYF	LWLLWPVTL
CASSYDNEQYF	LWLLWPVTL
CASSLSPITNTGELFF	LWLLWPVTL
CASSETRGYEQYF	LWLLWPVTL
CASSLGADRGEKLFF	LWLLWPVTL
CASSLTNYEQYF	LWLLWPVTL
CASSLGGGAYNEQFF	LWLLWPVTL
CASSEGQGYQETQYF	LWLLWPVTL
CASSDGSPNEQFF	LWLLWPVTL
CASSFGLVTGQGFDEQYF	LWLLWPVTL
CASSPRGAGEADTQYF	LWLLWPVTL
CASRIAGGPSYEQYF	LWLLWPVTL
CASSPVYGFYGYTF	LWLLWPVTL
CASTTIVGQGYPYEQYF	LWLLWPVTL
CASTPGGYEQYF	LWLLWPVTL
CASSPFEANYGYTF	LWLLWPVTL
CASSPNQVQYF	LWLLWPVTL
CAIYPGLPQIADTQYF	LWLLWPVTL
CASSQIQGSYEQYF	LWLLWPVTL
CASSSRGGDYEQYF	LWLLWPVTL
CASSYSLAQGSYEQYF	LWLLWPVTL
CASSIVAGVGEQYF	LWLLWPVTL
CATSDLTSGTSTDTQYF	LWLLWPVTL
CASSQGLAGGQQETQYF	LWLLWPVTL
CASSSLSPAGPDEQFF	LWLLWPVTL
CASSAAGGYEQYF	LWLLWPVTL
CASSPLGHEQYF	LWLLWPVTL
CASSSPNSVEQYF	LWLLWPVTL
CASSLNLYNEQFF	LWLLWPVTL
CASSQVEGTEAFF	LWLLWPVTL
CSAGDQPQHF	LWLLWPVTL
CASSSPPGTGSF	LWLLWPVTL
CASSPESHYEQYF	LWLLWPVTL
CASSQGPSGSTDTQYF	LWLLWPVTL
CAIAGTSGYNEQFF	LWLLWPVTL
CAWSVLRTVEETQYF	LWLLWPVTL
CASSSGGGVVDGYTF	LWLLWPVTL
CASSPRGTGNTIYF	LWLLWPVTL
CASSLESGEQYF	LWLLWPVTL
CAATKELAGEHEQYF	LWLLWPVTL
CASSFNPEAFF	LWLLWPVTL
CASSVWETSGSYEQFF	LWLLWPVTL
CSARDLGNTGELFF	LWLLWPVTL
CASNSLSGELFF	LWLLWPVTL
CASSLVEGDGYTF	LWLLWPVTL
CASSPRTTPAPQHF	LWLLWPVTL
CASSLGPGSPYEQYF	LWLLWPVTL
CASSLGARAYEQYF	LWLLWPVTL
CASSGTSGSSEQYF	LWLLWPVTL
CASSLSSLAVTDTQYF	LWLLWPVTL
CASSLLDQFTEAFF	LWLLWPVTL
CAWSVLAGAGEQYF	LWLLWPVTL
CASSTTAPETQYF	LWLLWPVTL
CASSSYLTDTQYF	LWLLWPVTL
CASSFGGGFNYEQYF	LWLLWPVTL
CASSLRASGTDGELFF	LWLLWPVTL
CASSPAGAGTEAFF	LWLLWPVTL
CASSGQDRKNTEAFF	LWLLWPVTL
CATSDLAGEETQYF	LWLLWPVTL
CASSLEQMGQPQHF	LWLLWPVTL
CASDRGYGYTF	LWLLWPVTL
CASSLGAGVFQETQYF	LWLLWPVTL
CASSVGQGYEQYF	LWLLWPVTL
CASSLDHGLMDEQFF	LWLLWPVTL
CASGHNQATQYF	LWLLWPVTL
CASRDRARYEQYF	LWLLWPVTL
CATSRDHYEQYF	LWLLWPVTL
CASSHRGSGNTIYF	LWLLWPVTL
CASSPNNPEQYF	LWLLWPVTL
CASSLDGTGELFF	LWLLWPVTL
CASTEGPNLQETQYF	LWLLWPVTL
CASSYPDRAPSEQYF	LWLLWPVTL
CASSEVMGLNTEAFF	LWLLWPVTL
CASSLIAGANEQYF	LWLLWPVTL
CASSLAGLNEQFF	LWLLWPVTL
CASSQSGTGYEQYF	LWLLWPVTL
CASRAEGQGHYEQYF	LWLLWPVTL
CASSYAGGSGELFF	LWLLWPVTL
CASSQERLAQETQYF	LWLLWPVTL
CASSPTGDTEAFF	LWLLWPVTL
CASSTDLNPNEQFF	LWLLWPVTL
CATSDFGGTDTQYF	LWLLWPVTL
CSVVGTQGTEAFF	LWLLWPVTL
RASSLVFSGWDF	LWLLWPVTL
CASSLYGQPQHF	LWLLWPVTL
CASSENNEQFF	LWLLWPVTL
CASSLRTGEEKLFF	LWLLWPVTL
CASSPPPGYEQYF	LWLLWPVTL
CASSPLGGTGAHEQYF	LWLLWPVTL
CASSQEIANTEAFF	LWLLWPVTL
CASSEWGQSYEQYF	LWLLWPVTL
CASSSLGGELFF	LWLLWPVTL
CASSPYNQIGELFF	LWLLWPVTL
CASSSWTSGTYEQYF	LWLLWPVTL
CASRGTLRVLLSFFGELFF	LWLLWPVTL
CASVPGTGDVNYGYTF	LWLLWPVTL
CASSVIEGGTEAFF	LWLLWPVTL
CASSHTPGRPDTQYF	LWLLWPVTL
CSARDREAYGYTF	LWLLWPVTL
CASSIHGQGTGELFF	LWLLWPVTL
CASMTEPSSTDTQYF	LWLLWPVTL
CASSFLLAGGPTDTQYF	LWLLWPVTL
CASSAGTGGMGGELFF	LWLLWPVTL
CASGANVLTF	LWLLWPVTL
CSVEDNEQFF	LWLLWPVTL
CASSYSAGGNEAFF	LWLLWPVTL
CASSLEEGVTEAFF	LWLLWPVTL
CASSLGTGTGVSYEQYF	LWLLWPVTL
CAAQGTYGYTF	LWLLWPVTL
CASSLGAGTYNEQFF	LWLLWPVTL
CASSDPSNPLETQYF	LWLLWPVTL
CASSSLGTSGAGDTQYF	LWLLWPVTL
CASSIFSFGGNQPQHF	LWLLWPVTL
CASSFRETGPEAFF	LWLLWPVTL
CASKGTSFEQYF	LWLLWPVTL
CASSLTGGTNEKLFF	LWLLWPVTL
CASSDLRMGYTF	LWLLWPVTL
CASSLWEGAMDYGYTF	LWLLWPVTL
CASSPLGFGDEQFF	LWLLWPVTL
CAWSDPGGRGTGELFF	LWLLWPVTL
CASTQTGNTEAFF	LWLLWPVTL
CASSVVGGDYGYTF	LWLLWPVTL
CASSQVGGASGYTF	LWLLWPVTL
CASSPGTGDGELFF	LWLLWPVTL
CASSTGQGTDTQYF	LWLLWPVTL
CASRLQGDYEQYF	LWLLWPVTL
CASSHRGGTNEKLFF	LWLLWPVTL
CASRPRQGPNEKLFF	LWLLWPVTL
CSASGDNEQFF	LWLLWPVTL
CASNQGKGNQPQHF	LWLLWPVTL
CASSPVGNEQFF	LWLLWPVTL
CASSLWGRDYGYTF	LWLLWPVTL
CASSGRGLDTEAFF	LWLLWPVTL
CAWSVSSEAFF	LWLLWPVTL
CASSGGDRGGDSPLHF	LWLLWPVTL
CASAGDYNEQFF	LWLLWPVTL
CASSFLRAGGPEDQYF	LWLLWPVTL
CASSYHLERRGQGWTNYGYTF	LWLLWPVTL
CASRRWEETQYF	LWLLWPVTL
CAISESRAGGPDTQYF	LWLLWPVTL
CASSQPMGLAGDGTQYF	LWLLWPVTL
CASIGISFWEQYF	LWLLWPVTL
CASTQGETQYF	LWLLWPVTL
CASSTSKLAYSNQPQHF	LWLLWPVTL
CASSPGLATPYNEQFF	LWLLWPVTL
CSAAGTYNNEQFF	LWLLWPVTL
CASSLSGTGLSYEQYV	LWLLWPVTL
CASSMDRGWETQYF	LWLLWPVTL
CASSFPQNEKLFF	LWLLWPVTL
CASSELAGARTNQPQHF	LWLLWPVTL
CASSLWGSGNTIYF	LWLLWPVTL
CASSPGVARGGETQYF	LWLLWPVTL
CATSVPTRGWETQYF	LWLLWPVTL
CASSYWGGVDQETQYF	LWLLWPVTL
CASSSASGGINEQFF	LWLLWPVTL
CASSEGSYYEQYF	LWLLWPVTL
CASSTAGNEQFF	LWLLWPVTL
CASSPRGDTNNEQFF	LWLLWPVTL
CATSDLKGDEGVGQETQYF	LWLLWPVTL
CASSQEQGIGELFF	LWLLWPVTL
CASSLVVGTGELFF	LWLLWPVTL
CASSLDPGATDTQYF	LWLLWPVTL
CSVEGGAGSYEQYF	LWLLWPVTL
CASSAANEQFF	LWLLWPVTL
CASSPSAEPPYNEQFF	LWLLWPVTL
CASSEPQGNYGYTF	LWLLWPVTL
CASSLEGSYNSPLHF	LWLLWPVTL
CSVEGPVGAGQYF	LWLLWPVTL
CASSLGTSGTDEQYF	LWLLWPVTL
CASRVTLLPNNEQFF	LWLLWPVTL
CASTLGGNQPQHF	LWLLWPVTL
CSANSNRGLPSTDTQYF	LWLLWPVTL
CASSPTGFYNEQFF	LWLLWPVTL
CASSLGAGTDYSNQPQHF	LWLLWPVTL
CASSPIFAGANQPQHF	LWLLWPVTL
CASSHPTGYEQYF	LWLLWPVTL
CSARDAGQGVYGYTF	LWLLWPVTL
CAAGTGTYNEQFF	LWLLWPVTL
CASSSVNRGLPDTQYF	LWLLWPVTL
CASSWTGGNEQFF	LWLLWPVTL
CASSQDWAGSSYNEQFF	LWLLWPVTL
CSARGLRMIGYEQYF	LWLLWPVTL
CASSFLGTSKTYEQYF	LWLLWPVTL
CASSQNQPQHF	LWLLWPVTL
CAPPGANVLTF	LWLLWPVTL
CASSRTGDTEAFF	LWLLWPVTL
CASSFFPTGDGETQYF	LWLLWPVTL
CSATPLGVEQFF	LWLLWPVTL
CASLGLQAFF	LWLLWPVTL
CASSIVNGETQYF	LWLLWPVTL
CASSLAPAGALTDTQYF	LWLLWPVTL
CSARKGGPEQYF	LWLLWPVTL
CASSGTNEQFF	LWLLWPVTL
CATSDLAEHTDTQYF	LWLLWPVTL
CASSTSNEQYF	LWLLWPVTL
CASSLEGDYEQYF	LWLLWPVTL
CASSLLEGNSPLHF	LWLLWPVTL
CASSPGLAGGWDAGELFF	LWLLWPVTL
CASSQDGQFNEKLFF	LWLLWPVTL
CASSLAGSEQFF	LWLLWPVTL
CAISESAGQETQYF	LWLLWPVTL
CASSVGDRGNYGYTF	LWLLWPVTL
CASSEGLAEQETQYF	LWLLWPVTL
CSARTGGLQEKLFF	LWLLWPVTL
CASSQEVTIYEQYF	LWLLWPVTL
CASSYGVGSFTEAFF	LWLLWPVTL
CASSQDSVGLNYGYTF	LWLLWPVTL
CASSLTGMNYEQYF	LWLLWPVTL
CASSPAGSTEAFF	LWLLWPVTL
CASRTGLADNTGELFF	LWLLWPVTL
CASSFRGTEAFF	LWLLWPVTL
CASSYSLTGVEETQYF	LWLLWPVTL
CASSPLPGTEAFF	LWLLWPVTL
CASTPQGQPFSF	LWLLWPVTL
CASSLGTSGSADTQYF	LWLLWPVTL
CSARDSVGSSYEQYF	LWLLWPVTL
CASSAIEGNPTEQYF	LWLLWPVTL
CATSDFGGSTDTQYF	LWLLWPVTL
CASSFSITDSNAYNEQFF	LWLLWPVTL
CASSSLYEQYF	LWLLWPVTL
CASSPEGGGAYEQYF	LWLLWPVTL
CASSPNQPQHF	LWLLWPVTL
CASSMGLAVYNEQFF	LWLLWPVTL
CASSEWDRVDNEQFF	LWLLWPVTL
CSVVSWGATQYF	LWLLWPVTL
CASSLGQVDTEAFF	LWLLWPVTL
CASSPGGVIGTDTQYF	LWLLWPVTL
CASSYGAGEYEQYF	LWLLWPVTL
CASSPFLASGTSNPQFF	LWLLWPVTL
CASSIQDGGQPQHF	LWLLWPVTL
CASSLPGSTEQYF	LWLLWPVTL
CASSQVQGSNEQFF	LWLLWPVTL
CASSQVLGFGETQYF	LWLLWPVTL
CATSDIRQGSTDTQYF	LWLLWPVTL
CASTGLGSPLHF	LWLLWPVTL
CASSLSGDRYF	LWLLWPVTL
CASSDLGETQYF	LWLLWPVTL
CASSEIPGSSSYEQYF	LWLLWPVTL
CSARDRTGFSAEAFF	LWLLWPVTL
CASSAYEMEAGGGEQYF	LWLLWPVTL
CASNPRQGKDNEQFF	LWLLWPVTL
CASSQEPRTTYEQYF	LWLLWPVTL
CASSLSFSGTADYEQYF	LWLLWPVTL
CASVALNNEQFF	LWLLWPVTL
CASSYMGNTEAFF	LWLLWPVTL
CASSEFTGNTGELFF	LWLLWPVTL
CASTLGLGYTF	LWLLWPVTL
CASRRGGVGYGYTF	LWLLWPVTL
CASSQTPFGTGNSPLHF	LWLLWPVTL
CASSEASFYEQYF	LWLLWPVTL
CASSPNQPQHF	LWLLWPVTL
CASSYKVYEQYF	LWLLWPVTL
CASSYVNEQFF	LWLLWPVTL
CASSAGEGGYGYTF	LWLLWPVTL
CASSRSEARTDTQYF	LWLLWPVTL
CASSQDRRGAPYEQYF	LWLLWPVTL
CASSRYHVRDREPPPETQYF	LWLLWPVTL
CADALVGSSTDGELFF	LWLLWPVTL
CASTSSNYGYTF	LWLLWPVTL
CASSLYSSGVDTEAFF	LWLLWPVTL
CASSRSTGSMNTEAFF	LWLLWPVTL
CASSLAGGTPYEQYF	LWLLWPVTL
CSVEGRWGQGANGTGELFF	LWLLWPVTL
CATSDLSSGGSTDTQYF	LWLLWPVTL
CASSLIAYEQYF	LWLLWPVTL
CASSFNQPQHF	LWLLWPVTL
CASSLGLAPPLRNEQFF	LWLLWPVTL
CASSEGTGIPGELFF	LWLLWPVTL
CASSPDQPQHF	LWLLWPVTL
CASSQLHSHEQYF	LWLLWPVTL
CASSQYGNLNEQFF	LWLLWPVTL
CASSFIWTALAGFPKIVYNEQFF	LWLLWPVTL
CASSPLLAGGPDTQYF	LWLLWPVTL
CASGPGQEAFF	LWLLWPVTL
CASSQVTTTEQFF	LWLLWPVTL
CSVVGAEFSIIHASYNEQFF	LWLLWPVTL
CASSYGAGADQPQHF	LWLLWPVTL
CSAEMDRGRGNTIYF	LWLLWPVTL
CASSRQGLSYEQYF	LWLLWPVTL
CSGGGGTEAFF	LWLLWPVTL
CAISLDGSGNTIYF	LWLLWPVTL
CASTTRLGFNEQFF	LWLLWPVTL
CASTIDRGETQYF	LWLLWPVTL
CSAVPGGWTQYF	LWLLWPVTL
CASSWGGLWEQYF	LWLLWPVTL
CASSVNQPQHF	LWLLWPVTL
CASSGLGLPNYGYTF	LWLLWPVTL
CASSWTDSRFSYEQYF	LWLLWPVTL
CASSLEAAGELFF	LWLLWPVTL
CASSQDLPGGTDTQYF	LWLLWPVTL
CASSTSTAQHF	LWLLWPVTL
CASSKTGNTEAFF	LWLLWPVTL
CASSHRTGSATNEKLFF	LWLLWPVTL
CASRASGIYNEQFF	LWLLWPVTL
CASSLTLAELFF	LWLLWPVTL
CASSLEGGQGNYEQYF	LWLLWPVTL
CSVPRENTGELFF	LWLLWPVTL
CASSSPRDREDSPLHF	LWLLWPVTL
CASSLFQGGAETQYF	LWLLWPVTL
CASSLGYEQYF	LWLLWPVTL
CASSLSYTLWYEQYF	LWLLWPVTL
CASSFKYAGTKDYEQYF	LWLLWPVTL
CASSYPGTGVYEQYF	LWLLWPVTL
CASSFPDREGPQETQYF	LWLLWPVTL
CATSRVAGGPETQYF	LWLLWPVTL
CASSQGPENTEAFF	LWLLWPVTL
CSASGGVSTDTQYF	LWLLWPVTL
CASSLFYSNQPQHF	LWLLWPVTL
CASSPAGIQPQHF	LWLLWPVTL
CASSLSGDIDEQFF	LWLLWPVTL
CASIGRSAEAFF	LWLLWPVTL
CASIGGLNTEAFF	LWLLWPVTL
CASSQQGSEKLFF	LWLLWPVTL
CASSEAAEQFF	LWLLWPVTL
CASSYPYGTDGETQYF	LWLLWPVTL
CATSDRTAYTQYF	LWLLWPVTL
CASSPTDTQYF	LWLLWPVTL
CASTWTSGTYNEQFF	LWLLWPVTL
CASASGANTGELFF	LWLLWPVTL
CASSPNNIQYF	LWLLWPVTL
CASSLGGSPRGQGFPGELFF	LWLLWPVTL
CSARDPGLASTDTQYF	LWLLWPVTL
CASSPGRSQETQYF	LWLLWPVTL
CASSYSLGDTGELFF	LWLLWPVTL
CASSQVLGTGITEAFF	LWLLWPVTL
CASSLGPGGAGTEAFF	LWLLWPVTL
CASSLLLGSDEQYF	LWLLWPVTL
CASSPLSSYNEQFF	LWLLWPVTL
CASSEAEYYEQYF	LWLLWPVTL
CASSLVGGGTYNEQFF	LWLLWPVTL
CASSTTGGAYYGYTF	LWLLWPVTL
CATSAYELSYEQYF	LWLLWPVTL
CSVVYRDGYTF	LWLLWPVTL
CASSPSNEQYF	LWLLWPVTL
CSAPDTRTDTQYF	LWLLWPVTL
CATSDFDRGLSETQYF	LWLLWPVTL
CATSDFQAGELFF	LWLLWPVTL
CATEALQETQYF	LWLLWPVTL
CASSLLQTYTGELFF	LWLLWPVTL
CASTIIGGEQYF	LWLLWPVTL
CASSLWGNTEAFF	LWLLWPVTL
CAWTPRGGWVAFF	LWLLWPVTL
CASSEYFGEQYF	LWLLWPVTL
CASSFAAEAFF	LWLLWPVTL
CSAATSGPYEQYF	LWLLWPVTL
CASSVVGLTDTQYF	LWLLWPVTL
CASSQFQDYYEQYF	LWLLWPVTL
CASSASSEAFF	LWLLWPVTL
CASSAAGGFYNEQFF	LWLLWPVTL
CASSDGPYTEAFF	LWLLWPVTL
CASSLTNEQFF	LWLLWPVTL
CASSLVAGALYTF	LWLLWPVTL
CASSLAPRGSGNTIYF	LWLLWPVTL
CASRIFPGQGVETQYF	LWLLWPVTL
CASSLSGGTEAFF	LWLLWPVTL
CATSDRSSYEQYF	LWLLWPVTL
CATSDFLLTDTQYF	LWLLWPVTL
CASSRGQPQHF	LWLLWPVTL
CASSQGAISAF	LWLLWPVTL
CASRGGNTEAFF	LWLLWPVTL
CASSSLRTGRGANVLTF	LWLLWPVTL
CASSLDSGNEQYF	LWLLWPVTL
CASSPQNEQFF	LWLLWPVTL
CASSSTETSGSRSTDTQYF	LWLLWPVTL
CASRDPGQGVIQPQHF	LWLLWPVTL
CSVVRAESNSYNEQFF	LWLLWPVTL
CASSLSGYNEQFF	LWLLWPVTL
CASSPGGHEQFF	LWLLWPVTL
CASSSPRIAGGAKNIQYF	LWLLWPVTL
CASSYSAGVTDTQYF	LWLLWPVTL
CASSLGQGSSYEQYF	LWLLWPVTL
CASSLGAGNQPQHF	LWLLWPVTL
CASHPLSGAVNTGELFF	LWLLWPVTL
CASTGRGDYEQYF	LWLLWPVTL
CASKRLAGADNEQFF	LWLLWPVTL
CSTQTETEETQYF	LWLLWPVTL
CAISTDSGNTIYF	LWLLWPVTL
CASSESNEQYF	LWLLWPVTL
CATESAMTQYF	LWLLWPVTL
CASSFIQPQHF	LWLLWPVTL
CASSPTPADTEAFF	LWLLWPVTL
CASSLDHWTSGPSYEQYF	LWLLWPVTL
CASSQGGGRSHEQFF	LWLLWPVTL
CASSLIRQGLGLNYGYTF	LWLLWPVTL
CASSSSSGRAWNEQFF	LWLLWPVTL
CASSGPLNQPQHF	LWLLWPVTL
CASSSSQWAFF	LWLLWPVTL
CASREDRVPLDEQYF	LWLLWPVTL
CASSQDFLELTGELFF	LWLLWPVTL
CANPGHQETQYF	LWLLWPVTL
CASSVAVAYEQYF	LWLLWPVTL
CASSRGTSGDNNEQFF	LWLLWPVTL
CATSDLAGVPNNEQFF	LWLLWPVTL
CATSGLGLAGGYEQYF	LWLLWPVTL
CASSQDLGWGNQPQHF	LWLLWPVTL
CASSLGVEQYF	LWLLWPVTL
CASSTLAGGEETQYF	LWLLWPVTL
CASSLLAPERPNYGYTF	LWLLWPVTL
CASSLRGAGNTIYF	LWLLWPVTL
CASSLSLQSNYEQYF	LWLLWPVTL
CASSLVVGAVTYEQYF	LWLLWPVTL
CRALNEQFF	LWLLWPVTL
CSAREMGQGSPYEQYF	LWLLWPVTL
CASSQVPGGEQYF	LWLLWPVTL
CASSGANEQFF	LWLLWPVTL
CASSQPTGVGETQYF	LWLLWPVTL
CASSPDTSYNEQFF	LWLLWPVTL
CASSAGRIYATNEKLFF	LWLLWPVTL
CASSLGGVQPQHF	LWLLWPVTL
CASSGGRTGRTEAFF	LWLLWPVTL
CASQTKADSYEQYF	LWLLWPVTL
CASSPPSSGYPTYNEQFF	LWLLWPVTL
CASSYGTGQTEAFF	LWLLWPVTL
CASSPGTGYEQYF	LWLLWPVTL
CASSPTGNIQYF	LWLLWPVTL
CASSQSNEQFF	LWLLWPVTL
CSVEGETSGNTDTQYF	LWLLWPVTL
CASSLASDTQYF	LWLLWPVTL
CASSQEGYPYNEQFF	LWLLWPVTL
CASSPSSEGNIQYF	LWLLWPVTL
CASSANQPQHF	LWLLWPVTL
CASSFGTNDPYEQYF	LWLLWPVTL
CASSLTNEQFF	LWLLWPVTL
CASSLLASTGYEQYF	LWLLWPVTL
CASRPTSGRPFFSF	LWLLWPVTL
CASSSTGSLGNTIYF	LWLLWPVTL
CASSPHNEQFF	LWLLWPVTL
CASSQVGLEQYF	LWLLWPVTL
CASSYPRVGKGGNEQFF	LWLLWPVTL
CATNQAGGHSYEQYF	LWLLWPVTL
CASSLGVDSYNEQFF	LWLLWPVTL
CASSQLAGVEQFF	LWLLWPVTL
CASSLLVAGGPGEQFF	LWLLWPVTL
CASSLMGLDTEAFF	LWLLWPVTL
CASSSTGSTEAFF	LWLLWPVTL
CASSFSGAYEQYF	LWLLWPVTL
CASMGSSRPEQFF	LWLLWPVTL
CASSFGPYQPQHF	LWLLWPVTL
CASSQGTGESYEQYF	LWLLWPVTL
CASHPLGANTEAFF	LWLLWPVTL
CASSFRGAGNTIYF	LWLLWPVTL
CASSASDLGEKLFF	LWLLWPVTL
CASSTGVGGANVLTF	LWLLWPVTL
CASSVVGLTDTQYF	LWLLWPVTL
CASSQVFLMTEAFF	LWLLWPVTL
CASSQYPGRDQPQHF	LWLLWPVTL
CASSLLAESYNEQFF	LWLLWPVTL
CASSPRAGQGARGHQPQHF	LWLLWPVTL
CASSYLGSGNTIYF	LWLLWPVTL
CASIPHPADTQYF	LWLLWPVTL
CASSLGRGDEQYF	LWLLWPVTL
CASSFTPNEKLFF	LWLLWPVTL
CASTLQGVGYGYTF	LWLLWPVTL
CASSYSLGAGSGRSTDTQYF	LWLLWPVTL
CASSYSSGYVAGELFF	LWLLWPVTL
CASSLSSGVTDTQYF	LWLLWPVTL
CSVTGLAGSSYNEQFF	LWLLWPVTL
CASKSAGLYGYTF	LWLLWPVTL
CASSEALAYEQYF	LWLLWPVTL
CASSLTSGSSYEQYF	LWLLWPVTL
CASSETGGIAPLHF	LWLLWPVTL
CASSTPTGYGYTF	LWLLWPVTL
CASSPAGLYGYTF	LWLLWPVTL
CASSTQRLSPGEQYF	LWLLWPVTL
CASSSRARPYEQYF	LWLLWPVTL
CASSLIGPNEKLFF	LWLLWPVTL
CASNGGVHEQFF	LWLLWPVTL
CASSTIAGQSNTGELFF	LWLLWPVTL
CASSIGGLADSYEQYF	LWLLWPVTL
CASSPWGGLSEQYF	LWLLWPVTL
CASSVEGTAGILLGYEQFF	LWLLWPVTL
CASIPIGGGAGYTF	LWLLWPVTL
CAISEPGGITYNEQFF	LWLLWPVTL
CASSQDISSGGGLSF	LWLLWPVTL
CASSSLGSTQYF	LWLLWPVTL
CASSPGFYPSYEQYF	LWLLWPVTL
CSAQGGTGYNYGYTF	LWLLWPVTL
CASSFRTREAFF	LWLLWPVTL
CASSFVGGLYEQYF	LWLLWPVTL
CASSYSLQTSADLEQYF	LWLLWPVTL
CASSSDNEQFF	LWLLWPVTL
CATRRQGLNTEAFF	LWLLWPVTL
CASREQGVLSKNIQYF	LWLLWPVTL
CASSLFGSQETQYF	LWLLWPVTL
CASSLSAGDQGEQYF	LWLLWPVTL
CASSPAGSTEAFF	LWLLWPVTL
CASLRDSMFF	LWLLWPVTL
CASSLEDPRTEAFF	LWLLWPVTL
CASSYLLGNGANVLTF	LWLLWPVTL
CASSVPGSEAFF	LWLLWPVTL
CASSPGTGYEQYF	LWLLWPVTL
CASSFSGGAAYNEQFF	LWLLWPVTL
CASSYGWGEYNEQFF	LWLLWPVTL
CASSLEGTGGSEKLFF	LWLLWPVTL
CASSLGQAYEQYF	LWLLWPVTL
CASRMRLAETQETQYF	LWLLWPVTL
CASSSSPLGNYEQYF	LWLLWPVTL
CASTEGGGETQYF	LWLLWPVTL
CASSLTGGISYEQYV	LWLLWPVTL
CASSPPTGSSYNEQFF	LWLLWPVTL
CASSYSGQGYEQYF	LWLLWPVTL
CSVEAGTINEQFF	LWLLWPVTL
CASSQTIATNEKLFF	LWLLWPVTL
CASSLLLAGGPSYEQYF	LWLLWPVTL
CASSLGGQGSNQPQHF	LWLLWPVTL
CASSYSPKASGSNTGELFF	LWLLWPVTL
CSAETTGTNVELFF	LWLLWPVTL
CASSSFSGNTGELFF	LWLLWPVTL
CASSLFSSYEQYF	LWLLWPVTL
CASSDSKGSGRPSGRVNEQFF	LWLLWPVTL
CSARDLAGGYEQYF	LWLLWPVTL
CASTLRYNEQFF	LWLLWPVTL
CASSQDRTGLNEKLFF	LWLLWPVTL
CSVVGLRGAVYNEQFF	LWLLWPVTL
CATSSGLAGSTDTQYF	LWLLWPVTL
CASSYHSGEQYF	LWLLWPVTL
CATHRLRNTGELFF	LWLLWPVTL
CASSPTRGSGFEQYF	LWLLWPVTL
CASSFVVGSGANVLTF	LWLLWPVTL
CASSFSGYNEQFF	LWLLWPVTL
CASSLVWGTDTQYF	LWLLWPVTL
CASSLFGGGRNQPQHF	LWLLWPVTL
CATSDPLAGFQETQYF	LWLLWPVTL
CASSRAGEGGEQYF	LWLLWPVTL
CAWSLHQPQHF	LWLLWPVTL
CASSLLLAAYYNEQFF	LWLLWPVTL
CASSQEMPNEQFF	LWLLWPVTL
CASSQGGGASYEQYF	LWLLWPVTL
CASSFLGPVYEQYF	LWLLWPVTL
CASGHGQGSYEQYF	LWLLWPVTL
CASSSTGATEAFF	LWLLWPVTL
CASSLDFSTQYF	LWLLWPVTL
CASSQDQTTGAYEQYF	LWLLWPVTL
CASAGASGGEQFF	LWLLWPVTL
CASSQERSSGYEQYF	LWLLWPVTL
CASSGGLAGLNNEQFF	LWLLWPVTL
CASSLADNAQFF	LWLLWPVTL
CASSGTSGHSTDTQYF	LWLLWPVTL
CASSYGAGDVLNEQFF	LWLLWPVTL
CASKNEGTVYYEQYF	LWLLWPVTL
CASSGAVSGNTIYF	LWLLWPVTL
CASSLGGQGSYNEQFF	LWLLWPVTL
CSVNTVHESSYNEQFF	LWLLWPVTL
CASRPGNRETQYF	LWLLWPVTL
CASSYGLGSSYEQYF	LWLLWPVTL
CASSLKPLDRTDTQYF	LWLLWPVTL
CSAPLGLAGGPGETQYF	LWLLWPVTL
CASSPWDRVYEQYF	LWLLWPVTL
CASSLAPRGDEKLFF	LWLLWPVTL
CASSLWGANTEAFF	LWLLWPVTL
CASSPGQGALNEQFF	LWLLWPVTL
CASSSIKQGAVDTQYF	LWLLWPVTL
CASSLSLAGRSSYNEQFF	LWLLWPVTL
CASSQEGGFGNTIYF	LWLLWPVTL
CASSFSESYEQYF	LWLLWPVTL
CASSLEPRF	LWLLWPVTL
CASSSYRIGKTGSGEQYF	LWLLWPVTL
CASSFGPENTEAFF	LWLLWPVTL
CSVYGTSGPGTQYF	LWLLWPVTL
CASSLGRDTGELFF	LWLLWPVTL
CATSDNYQETQYF	LWLLWPVTL
CASSPLTGTEGQYF	LWLLWPVTL
CASSYGLAQETQYF	LWLLWPVTL
CASSLDTGWGYEQYF	LWLLWPVTL
CASSPQGFNEQFF	LWLLWPVTL
CASRLAGGEETQYF	LWLLWPVTL
CASSFRGNTEAFF	LWLLWPVTL
CASSQLTGSQPQHF	LWLLWPVTL
CASSLLPPSAGLVTFEAFF	LWLLWPVTL
CASSFLGQPNTEAFF	LWLLWPVTL
CASSFSALDSANKETQYF	LWLLWPVTL
CSVRGPNTEAFF	LWLLWPVTL
CATSRDYQGQVYGYTF	LWLLWPVTL
CASSSDPDRAYNSPLHF	LWLLWPVTL
CASSPGDRGSYEQYF	LWLLWPVTL
CSVLLGIPSSYEQYF	LWLLWPVTL
CASSFAPGELFF	LWLLWPVTL
CASSQDVEGTSGQDEQFF	LWLLWPVTL
CASSLVPNEQFF	LWLLWPVTL
CAISESDTLGTSGGSRNTDTQYF	LWLLWPVTL
CASSLSIGLYEQYF	LWLLWPVTL
CASSALAGRTDTQYF	LWLLWPVTL
CASSFGSEQYF	LWLLWPVTL
CASRYTSSYEQYF	LWLLWPVTL
CGWTSNNEQFF	LWLLWPVTL
CASSLIGEPQFF	LWLLWPVTL
CATATAGNEKLFF	LWLLWPVTL
CSVPQGQGYNEQFF	LWLLWPVTL
CASSPDSLNTEAFF	LWLLWPVTL
RASSLADRSYEQYF	LWLLWPVTL
CASSWGLAGEDEQFF	LWLLWPVTL
CASSYLLAGGSSSYEQYF	LWLLWPVTL
CSEGANTGELFF	LWLLWPVTL
CASSLTGSSTDTQYF	LWLLWPVTL
CATSDLLGNTDTQYF	LWLLWPVTL
CATSDWGDSHTDTQYF	LWLLWPVTL
CASSDSNEQFF	LWLLWPVTL
CATSDMASGPTDTQYF	LWLLWPVTL
CASTTTNEQFF	LWLLWPVTL
CASITFKEGAGELFF	LWLLWPVTL
CSARDLLAGVDEQFF	LWLLWPVTL
CSVVGLAGGPYNEQFF	LWLLWPVTL
CASRPDSLPYEQYF	LWLLWPVTL
CASSQETSGGIKETQYF	LWLLWPVTL
CSVVLAGFQSSYNEQFF	LWLLWPVTL
CASSEDQPQHF	LWLLWPVTL
CASSPIYDGTSGETQYF	LWLLWPVTL
CASSLGGDPALYEQYF	LWLLWPVTL
CATRAGVVYNEQFF	LWLLWPVTL
CASSRVNQGNQPQHF	LWLLWPVTL
CASSFEPLSGPGYEQYF	LWLLWPVTL
CASSPIRTEEQYF	LWLLWPVTL
CASSYSLGWSSGANVLTF	LWLLWPVTL
CSVATSLVEGYTF	LWLLWPVTL
CASSFGQVYGYTF	LWLLWPVTL
CASSPGTGSYNEQFF	LWLLWPVTL
CATSDFRTSGGNGELFF	LWLLWPVTL
CASSSLQPRFGQYF	LWLLWPVTL
CASSFSPGEQFF	LWLLWPVTL
CASTRGGMNEQFF	LWLLWPVTL
CASSSAGTVNYGYTF	LWLLWPVTL
CASTGGSGTGELFF	LWLLWPVTL
CASSLRAGGPGELFF	LWLLWPVTL
CATRGQGEYEQYF	LWLLWPVTL
CASSPPSFYEQYF	LWLLWPVTL
CASSPDNEQFF	LWLLWPVTL
CASSELVGSPIEQYF	LWLLWPVTL
CASSLGLYDEQFF	LWLLWPVTL
CSVEGGYTGELFF	LWLLWPVTL
CSVEGGRAGQFF	LWLLWPVTL
CASSYLTSRQETQYF	LWLLWPVTL
CASSKEYGERELSYEQYF	LWLLWPVTL
CATNGLAGGGISYNEQFF	LWLLWPVTL
CASSSQIVVGEQFF	LWLLWPVTL
CASSPQRGTVDNEQFF	LWLLWPVTL
CASSERGGSGGELFF	LWLLWPVTL
CAATPTLFQQGNGAFF	LWLLWPVTL
CASSLTGSNTEAFF	LWLLWPVTL
CASSLGQGAYEQYF	LWLLWPVTL
CASSPRTGGAEETQYF	LWLLWPVTL
CASSLLANSPLHF	LWLLWPVTL
CSAIEGGNEQFF	LWLLWPVTL
CASSFAGTTSPLHF	LWLLWPVTL
CASSYSAGEETQYF	LWLLWPVTL
CAISESEGYTF	LWLLWPVTL
CASTSGADTQYF	LWLLWPVTL
CASSLGMDGYTF	LWLLWPVTL
CASSWDRDAMLGGNTIYF	LWLLWPVTL
CASAGNQPQHF	LWLLWPVTL
CASSHSGAESFF	LWLLWPVTL
CASSLWGEQYF	LWLLWPVTL
CASSIDLVGRFF	LWLLWPVTL
CASSFLLYEQYF	LWLLWPVTL
CASSPKTEGKNIQYF	LWLLWPVTL
CASSFGEGGTQYF	LWLLWPVTL
CASSVEVSSSYEQYF	LWLLWPVTL
CASSPPDRINSPLHF	LWLLWPVTL
CASEETGTYEQYF	LWLLWPVTL
CASSLIVGAIWLAGPTGELFF	LWLLWPVTL
CAISEWTGRRNEQFF	LWLLWPVTL
CASRTGLAGELFF	LWLLWPVTL
CASSPLLPSGANVLTF	LWLLWPVTL
CASSLDGQGGSYEQYF	LWLLWPVTL
CSVEVRDSYEQYF	LWLLWPVTL
CASSFFGQETQYF	LWLLWPVTL
CASSQDDLGEIPFFIYNEQFF	LWLLWPVTL
CASSPGGGAIGYTF	LWLLWPVTL
CASSQDRRQLNQPQHF	LWLLWPVTL
CASSQDPYGSGTGELFF	LWLLWPVTL
CATLDRDYNEQFF	LWLLWPVTL
CASSLTGLELFF	LWLLWPVTL
CASSEYRGLDTGELFF	LWLLWPVTL
CASSMGLGQGLNTEAFF	LWLLWPVTL
CSVPWVGSYNEQFF	LWLLWPVTL
CASSPTGLHEQFF	LWLLWPVTL
CSARDGTVGYEQYF	LWLLWPVTL
CASGRIEGDGYTF	LWLLWPVTL
CASSPLLPAGAGTDTQYF	LWLLWPVTL
CASRPNTGELFF	LWLLWPVTL
CASSLGVETQYF	LWLLWPVTL
CASSLGPTTNYGYTF	LWLLWPVTL
CASSFSLAGGSLGETQYF	LWLLWPVTL
CASSQLDRDEQFF	LWLLWPVTL
CASSYGGNQPQHF	LWLLWPVTL
CASSPHSLAANEQFF	LWLLWPVTL
CASSQDLGNQPQHF	LWLLWPVTL
CASSISDMGHYGYTF	LWLLWPVTL
CARYRETHNFYYEQYF	LWLLWPVTL
CASSLMIRGDSYEQYF	LWLLWPVTL
CASSQGLAGGLGTQYF	LWLLWPVTL
CASSLDNEGKYEQYF	LWLLWPVTL
CASESGTLGNQPQHF	LWLLWPVTL
CASSEGQGYEQYF	LWLLWPVTL
CASTTGPEAFF	LWLLWPVTL
CASSHSDEQFF	LWLLWPVTL
CASSPQPSDTEAFF	LWLLWPVTL
CASSSLPGSPNEQFF	LWLLWPVTL
CASRKTGLDTGELFF	LWLLWPVTL
CASSVDRGSLNEQFF	LWLLWPVTL
CASSSTGGAYNEQFF	LWLLWPVTL
CASSILLQSSYNEQFF	LWLLWPVTL
CAISDSTGQTGETQYF	LWLLWPVTL
CASSYSPGAEHYGYTF	LWLLWPVTL
CASTHLGSPLHF	LWLLWPVTL
CASSVARGYNEQFF	LWLLWPVTL
CASRISGGPSYEQYF	LWLLWPVTL
CGTGSRAEQFF	LWLLWPVTL
CASSPSKGASTDTQYF	LWLLWPVTL
CASSNPIAGAGETQYF	LWLLWPVTL
CASSEGPAESTDTQYF	LWLLWPVTL
CASSLLASSYEQYF	LWLLWPVTL
CSARDGTVGYEQYF	LWLLWPVTL
CATSDFSGNNEQFF	LWLLWPVTL
CASSPGGARVEAFF	LWLLWPVTL
CASSLLLAGGPETQYF	LWLLWPVTL
CSARIRDSQETQYF	LWLLWPVTL
CASSLIAGAETQYF	LWLLWPVTL
CASSHPGFQPQHF	LWLLWPVTL
CASSEFSVSSYEQYF	LWLLWPVTL
CASSLGEKLFF	LWLLWPVTL
CASSPGRVSGITGELFF	LWLLWPVTL
CASSLLGGELFF	LWLLWPVTL
CASTPEEVSSYEQYF	LWLLWPVTL
CASSRGLADYFYEQYF	LWLLWPVTL
CASSLTRTGELFF	LWLLWPVTL
CASTSPSLADTQYF	LWLLWPVTL
CATTPGVSTDTQYF	LWLLWPVTL
CASSNSNEQFF	LWLLWPVTL
CATSRERINEQFF	LWLLWPVTL
CAGGYTF	LWLLWPVTL
CASSIRGWYEQYF	LWLLWPVTL
CAWSVTGYNEQFF	LWLLWPVTL
CASSFSGELFF	LWLLWPVTL
CASSYRGSGNTIYF	LWLLWPVTL
CSVALGTGAEAFF	LWLLWPVTL
CASSFRGGQSNEQFF	LWLLWPVTL
CASSLLLAGGPSTDTQYF	LWLLWPVTL
CASSQERWIAYEQYF	LWLLWPVTL
CASSETDSYEQYF	LWLLWPVTL
CASSLGLGLAEQETQYF	LWLLWPVTL
CASSPASNEQYF	LWLLWPVTL
CASEIMNSSGELFF	LWLLWPVTL
CASSFSHEQYF	LWLLWPVTL
CASSPDLSSGNTIYF	LWLLWPVTL
CASNPGHLNTEAFF	LWLLWPVTL
CSARLAAVPDTQYF	LWLLWPVTL
CASSFVSEKLFF	LWLLWPVTL
CASSLTPEAPLHF	LWLLWPVTL
CASSADWGQETQYF	LWLLWPVTL
CASSPVRGRGNEQFF	LWLLWPVTL
CASSPANEQFF	LWLLWPVTL
CASSQESDEQFF	LWLLWPVTL
CARGQEHEQYF	LWLLWPVTL
CASSLGETQYF	LWLLWPVTL
CASSPRGRTNEKLFF	LWLLWPVTL
CASSYPGPMNTEAFF	LWLLWPVTL
CASSPKTWLAAYTGELFF	LWLLWPVTL
CASNPTGPSYEQYF	LWLLWPVTL
CASTLAGGSDTQYF	LWLLWPVTL
CASSLSVAEQFF	LWLLWPVTL
CAISDGGFDNEKLFF	LWLLWPVTL
CASLGAPNYGYTF	LWLLWPVTL
CASSYMLDRGGTGELFF	LWLLWPVTL
CAGLGPHGYTF	LWLLWPVTL
CASISDGELFF	LWLLWPVTL
CASSLAGFNQPQHF	LWLLWPVTL
CASSLQDRGQGYTF	LWLLWPVTL
CAISESVEVSNTEAFF	LWLLWPVTL
CASSFRGAGNTIYF	LWLLWPVTL
CASSPQWGSHNEQFF	LWLLWPVTL
CASSPRDSLGEQYF	LWLLWPVTL
CASSLDGDYEQYF	LWLLWPVTL
CASSLLSGSGVVETQYF	LWLLWPVTL
CASSFLRVAPGNRRTSTDTQYF	LWLLWPVTL
CASSLIGETQYF	LWLLWPVTL
CASSPHGTYTEAFF	LWLLWPVTL
CASSVTVTYNEQFF	LWLLWPVTL
CASSLPSYNEQFF	LWLLWPVTL
CASSPGLAGGTDTQYF	LWLLWPVTL
CATSDLTGDTGELFF	LWLLWPVTL
CASSPANEQYF	LWLLWPVTL
CASSLTVHYEQYF	LWLLWPVTL
CSVAGTSGGNEQFF	LWLLWPVTL
CASSFWGARSYNEQFF	LWLLWPVTL
CASSPGPPELRRDSNQPQHF	LWLLWPVTL
CSVPGLAGGEYNEQFF	LWLLWPVTL
CASSPRDEQYF	LWLLWPVTL
CASSLPGGRANTGELFF	LWLLWPVTL
CASSSPRTGDNSPLHF	LWLLWPVTL
CASSPDTSYEQYF	LWLLWPVTL
CASSTPAGFNGETQYF	LWLLWPVTL
CASSSAGSANTGELFF	LWLLWPVTL
CASSGFSLNTEAFF	LWLLWPVTL
CASSLYLEGGTDTQYF	LWLLWPVTL
CASSRTSDEQFF	LWLLWPVTL
CASSLLLAGGVDTQYF	LWLLWPVTL
CASRPGTMNTGELFF	LWLLWPVTL
CATLGERHDSNYGYTF	LWLLWPVTL
CASSQVQGSTEAFF	LWLLWPVTL
CASSVEGTASTDTQYF	LWLLWPVTL
CASSPQGNGYTF	LWLLWPVTL
CASGNTYTF	LWLLWPVTL
CASSLVGALKPLHF	LWLLWPVTL
CSVVPSLGNEQFF	LWLLWPVTL
CASSLSGTLYEQYF	LWLLWPVTL
CSARDLGAPQPQHF	LWLLWPVTL
CASSLLLAGGIHEQYF	LWLLWPVTL
CASSIRASNQPQHF	LWLLWPVTL
CASNPSRGRINEQFF	LWLLWPVTL
CASSDGGKRTYEQYF	LWLLWPVTL
CASSFYNQPQHF	LWLLWPVTL
CAIAGTSHNEQFF	LWLLWPVTL
CASSPNNEQFF	LWLLWPVTL
CASSGAPGELFF	LWLLWPVTL
CATDRQGGGYTF	LWLLWPVTL
CASSPTQSEAFF	LWLLWPVTL
CASSVEGEATYEQYF	LWLLWPVTL
CASSQAGMETQYF	LWLLWPVTL
CSAGTLQGEISTDTQYF	LWLLWPVTL
CASSSIGRGQGEKLFF	LWLLWPVTL
CASSSGTSIETQYF	LWLLWPVTL
CASSLNQGLTGELFF	LWLLWPVTL
CASSPSGTTSYEQYF	LWLLWPVTL
CASSETVSYEQYF	LWLLWPVTL
CASSLGHEQFF	LWLLWPVTL
CASSYSLSEGADTEAFF	LWLLWPVTL
CASSGLTSGNTGELFF	LWLLWPVTL
CSVVGGSGGYTF	LWLLWPVTL
CASSFAITYEQYF	LWLLWPVTL
CASSRSSEQFF	LWLLWPVTL
CASNPGLAGGPFYEQYF	LWLLWPVTL
CASSLTDTQYF	LWLLWPVTL
CASSLTSGSSYEQYF	LWLLWPVTL
CASSAAGLTGYTF	LWLLWPVTL
CATSSPWGGAEDQPQHF	LWLLWPVTL
CASSLSGQVLSYNSPLHF	LWLLWPVTL
CASSASSEQYF	LWLLWPVTL
CASSSGLATDTQYF	LWLLWPVTL
CASSSAGRWMEQYF	LWLLWPVTL
CASNGQGNPYEQYF	LWLLWPVTL
CASSLMGFHEQYF	LWLLWPVTL
CASSLVPGDAYGYTF	LWLLWPVTL
CASSSGLGKYEQYF	LWLLWPVTL
CASTQSRWSYNEQFF	LWLLWPVTL
CASSFTSEGAKLFF	LWLLWPVTL
CASSYTYNEQFF	LWLLWPVTL
CASRGLGPSSTDTQYF	LWLLWPVTL
CASIRQGLQPQHF	LWLLWPVTL
CASSLADLGREIPDTQYF	LWLLWPVTL
CASSIGQFYEQYF	LWLLWPVTL
CASSHRSSYNEQFF	LWLLWPVTL
CASSLTPTGELFF	LWLLWPVTL
CASSQDDRQGTYEQYF	LWLLWPVTL
CASSLVSLSYDEQFF	LWLLWPVTL
CASSVDVGELFF	LWLLWPVTL
CATSSISGVNTDTQYF	LWLLWPVTL
CASSPTGRGTQYF	LWLLWPVTL
CASSLSTPGAVDGYTF	LWLLWPVTL
CASSLDNEQFF	LWLLWPVTL
CASSPAPQGGETQYF	LWLLWPVTL
CASSRQWSGESSYNEQFF	LWLLWPVTL
CASGARSYTDTQYF	LWLLWPVTL
CASSIWGDTQYF	LWLLWPVTL
CASSLGYSPLHF	LWLLWPVTL
CASSGETGRYEQYF	LWLLWPVTL
CASSAGAEQYF	LWLLWPVTL
CASSLIGGSGANVLTF	LWLLWPVTL
CASSLFVGSDKNNEQFF	LWLLWPVTL
CAFDREAFF	LWLLWPVTL
CASSFSAGGLVNSPLHF	LWLLWPVTL
CASSPNLAHTNTGELFF	LWLLWPVTL
CASSFFGQGWGGYTF	LWLLWPVTL
CSVESSWTGNYGYTF	LWLLWPVTL
CASSLSDTRQSYEQYF	LWLLWPVTL
CASSYQGSPLHF	LWLLWPVTL
CASKGEATGELFF	LWLLWPVTL
CASSYYTQETQYF	LWLLWPVTL
CASSDPTRPDTQYF	LWLLWPVTL
CASSLGQGNTEAFF	LWLLWPVTL
CASSPNNEQFF	LWLLWPVTL
CAISDWDSLFEQFF	LWLLWPVTL
CASSQDGPYEQFF	LWLLWPVTL
CASSQSGLGQINYGYTF	LWLLWPVTL
CSAGTSFSYNEQFF	LWLLWPVTL
CASSYFGVLGGREETQYF	LWLLWPVTL
CASSSITSSTDTQYF	LWLLWPVTL
CASSQQPSGGGSSYEQYF	LWLLWPVTL
CASSSPRARSESYSPLHF	LWLLWPVTL
CSVDAHPSGAYNEQFF	LWLLWPVTL
CASSPTNTEAFF	LWLLWPVTL
CSAPGLDSNTQYF	LWLLWPVTL
CSVEDGGSRQYF	LWLLWPVTL
CASSLGDEQFF	LWLLWPVTL
CASWSYGNQPQHF	LWLLWPVTL
CASSQTHYGNEQFF	LWLLWPVTL
CASSLGLAVSSYNEQFF	LWLLWPVTL
CASSQDRGQPNYGYTF	LWLLWPVTL
CASSLGFWEAFF	LWLLWPVTL
CASSTTGVGTDTQYF	LWLLWPVTL
CAISEPGGSGNIQYF	LWLLWPVTL
