CDR3	AA
CASSLVGQGQEELFF	ADAGFIKQY
CASSQDRTTGFEQYF	ADAGFIKQY
CASSLLGSPYEQYF	ADAGFIKQY
CSARGARNTEAFF	ADAGFIKQY
CASSHVFRQGEDTEAFF	ADAGFIKQY
CASSLWKSGQGGVETQYF	ADAGFIKQY
CASSRSTGDQETQYF	ADAGFIKQY
CASSFLTADGEQFF	ADAGFIKQY
CASSLWASGRGGTGELFF	ADAGFIKQY
CSVERRNEQFF	ADAGFIKQY
CAIRAPFGTSANEQFF	ADAGFIKQY
CAWVPPQGSGFF	ADAGFIKQY
CASSWRQDRETQYF	ADAGFIKQY
CASSLAGRQPQHF	ADAGFIKQY
CASSLFLAGVGNEQFF	ADAGFIKQY
CATSEGGGAMGYNEQFF	ADAGFIKQY
CASSRLEMGQGNSNVAKNIQYF	ADAGFIKQY
CASSSWTSGRGGTDADTQYF	ADAGFIKQY
CAISESDSYNEQFF	ADAGFIKQY
CASSFVGANNEQYF	ADAGFIKQY
CASSLDGLTRSSYNSPLHF	ADAGFIKQY
CASSQGGRLNTEAFF	ADAGFIKQY
CASSRSPLDQETQYF	ADAGFIKQY
CASSLDLMTGHNQPQHF	ADAGFIKQY
CASSSLAGGEQFF	ADAGFIKQY
CASSLWRSGTGGVETQYF	ADAGFIKQY
CASSASGGSNSPLHF	ADAGFIKQY
CASSTTGLAGPYEQYF	ADAGFIKQY
CASSPWTSGNGGQETQYF	ADAGFIKQY
CASSLREYRRETQYF	ADAGFIKQY
CASSRPDGADEQYF	ADAGFIKQY
CASTPGLAGAYEQFF	ADAGFIKQY
CASSHTRGVPEAFF	ADAGFIKQY
CASSYSPGRDYTGELFF	ADAGFIKQY
CASSTRLAGGPHNEQFF	ADAGFIKQY
CASSLGQGYGYTF	ADAGFIKQY
