CDR3	AA
CASSLDSGSYNEQFF	FPNITNLCPF
CASSWDLTGANVLTF	FPNITNLCPF
CASSLNYEGAGLFF	FPNITNLCPF
CAVGDPGQSYEQYF	FPNITNLCPF
CASSSDRQLTNTEAFF	FPNITNLCPF
CASSIGLAGVEDTQYF	FPNITNLCPF
CASSRETSGWHEQYF	FPNITNLCPF
CASQWQPPNTGELFF	FPNITNLCPF
CASSPPTGSPYEQYF	FPNITNLCPF
CASSSPGHHYEQYF	FPNITNLCPF
CASSDTGQLYNSPLHF	FPNITNLCPF
CASSQDGGLLSYEQYF	FPNITNLCPF
CASSSGYNNEQFF	FPNITNLCPF
CSVVVKPFVGNEQFF	FPNITNLCPF
CASSLGEVNTEAFF	FPNITNLCPF
CSVEDRRGTYYEQYF	FPNITNLCPF
CASKVGTSSYNEQFF	FPNITNLCPF
CASSLAGTETQYF	FPNITNLCPF
CASSLAIGGSGELFF	FPNITNLCPF
CASSLIPWEGAAEAFF	FPNITNLCPF
CASSQDLGQPNTEAFF	FPNITNLCPF
CASSDLIGGGVTDTQYF	FPNITNLCPF
CASSLAGTSGGYNEQFF	FPNITNLCPF
CASSIEMFSGPAHYEQYF	FPNITNLCPF
CASSKTTGIDGELFF	FPNITNLCPF
CASSQEWESNQPQHF	FPNITNLCPF
CASSQDLGQGLAHGYTF	FPNITNLCPF
CASSPDTISYNEQFF	FPNITNLCPF
CASSYSWGLQETQYF	FPNITNLCPF
CASSGGLAGAGGETQYF	FPNITNLCPF
CASSQEADPNYGYTF	FPNITNLCPF
CASSQGGSQETQYF	FPNITNLCPF
CATLTSGSTNTGELFF	FPNITNLCPF
CASSGLLGQDRFATNEKLFF	FPNITNLCPF
CASSASQGVGSPLHF	FPNITNLCPF
CATTAAYEQYF	FPNITNLCPF
CASSLEWGWTEAFF	FPNITNLCPF
CASSLWTGNQPQHF	FPNITNLCPF
CASSPASGSPYEQYF	FPNITNLCPF
CASSSRELGSYEQYF	FPNITNLCPF
CASSEGILGNSPLHF	FPNITNLCPF
CASSAGTLPANEQFF	FPNITNLCPF
CASSPGTVPTGELFF	FPNITNLCPF
CASSLVLLRAGSFNEQFF	FPNITNLCPF
CASLRSGNNEQFF	FPNITNLCPF
CASGKGQESADTQYF	FPNITNLCPF
CASSPGTGSPYEQYF	FPNITNLCPF
CASGPGAIPYNEQFF	FPNITNLCPF
CASSFWEVSANEKLFF	FPNITNLCPF
CSVDGPGRLDMLNTEAFF	FPNITNLCPF
CASTLAGDEQFF	FPNITNLCPF
CASSNGGGAGNSPLHF	FPNITNLCPF
CASSLAVGGIYNEQFF	FPNITNLCPF
CASSRYGGTDTQYF	FPNITNLCPF
CASSFKSLGRRQDDTNSPLHF	FPNITNLCPF
CASSWDSSGGSYNEQFF	FPNITNLCPF
CASSLRQPSNQPQHF	FPNITNLCPF
CASSAGTGSNEQFF	FPNITNLCPF
CASSEQGSGYNEQFF	FPNITNLCPF
CATSDLKGQNTEAFF	FPNITNLCPF
CASSPVTGSPYEQYF	FPNITNLCPF
CASTPLAWLAGPDTQYF	FPNITNLCPF
CASSPHLAYNEQFF	FPNITNLCPF
CASSPPGQSYEQYF	FPNITNLCPF
CASRGAGTIYEQYF	FPNITNLCPF
CASSLLGNSNQPQHF	FPNITNLCPF
CASRGLQDRGINSPLHF	FPNITNLCPF
CASSSRSRDSYNSPLHF	FPNITNLCPF
CASSIDRGGYNEQFF	FPNITNLCPF
CASSVLGTGELFF	FPNITNLCPF
CASSFKLGLKDNEQFF	FPNITNLCPF
CASSLRTGKDEQFF	FPNITNLCPF
CASRLTSDVYNEQFF	FPNITNLCPF
CASSGGLAGVNYEQYF	FPNITNLCPF
CASRGGGLQETQYF	FPNITNLCPF
CASSPGTGSPYEQYF	FPNITNLCPF
CASSGTDSGNTIYF	FPNITNLCPF
CASSYWTGSETQYF	FPNITNLCPF
CASSPGTIPYNEQFF	FPNITNLCPF
CASSLGTVNTEAFF	FPNITNLCPF
CASSQAAGGSTDTQYF	FPNITNLCPF
CASSLGGQTEAFF	FPNITNLCPF
CASSSPEGRNTGELFF	FPNITNLCPF
CASSQDRWQGAFF	FPNITNLCPF
CASSLVRPSGFPANEQFF	FPNITNLCPF
CASSQQLAEEQFF	FPNITNLCPF
CASTRDPYPYEQYF	FPNITNLCPF
CAISERAGGATNEKLFF	FPNITNLCPF
CASSPREAGGNEQFF	FPNITNLCPF
CASSLLGWREAHNEQFF	FPNITNLCPF
CASSPPTGITGELFF	FPNITNLCPF
CASSESTGWDEQYV	FPNITNLCPF
CASSQGAQTTGELFF	FPNITNLCPF
CASSAGTIPYNEQFF	FPNITNLCPF
CASSPPTGGAYEQYF	FPNITNLCPF
CASSPGTRPYNSPLHF	FPNITNLCPF
CASSEGTTGVKYF	FPNITNLCPF
CASSMGLTDYEQYF	FPNITNLCPF
CASSPPTGSPYEQYF	FPNITNLCPF
CASILPSSVDPGELFF	FPNITNLCPF
CASSVDRGSYNEQFF	FPNITNLCPF
CASTRLAGAGELFF	FPNITNLCPF
CASSELSDSYEQYF	FPNITNLCPF
CASSYILPNQPQHF	FPNITNLCPF
CASSLKEGYSYNSPLHF	FPNITNLCPF
CASSPPDGTPHEQFF	FPNITNLCPF
CASSLFSGGVEKLFF	FPNITNLCPF
CASSPGAVPHNEQFF	FPNITNLCPF
CASSLNTPYRTGELFF	FPNITNLCPF
CASRPPLKDREDTGELFF	FPNITNLCPF
CASSPPTGSPYEQYF	FPNITNLCPF
CASSKTSGEYYNEQFF	FPNITNLCPF
CSARDRARGYEQYF	FPNITNLCPF
CASSQDPGTSAYNEQFF	FPNITNLCPF
CASSPPSGSPYEQYF	FPNITNLCPF
CASSPGQDSYNEQFF	FPNITNLCPF
CASSPPTGSPYEQYF	FPNITNLCPF
CASSEAGEQYF	FPNITNLCPF
CASSHAGQSANEKLFF	FPNITNLCPF
CASSPDRGLREQYF	FPNITNLCPF
CASSSLAGVDNEQFF	FPNITNLCPF
CASSPENGSPYEQYF	FPNITNLCPF
CASSPRERGGNEQFF	FPNITNLCPF
CASSLTYEQYF	FPNITNLCPF
CASSLLGNSNQPQHF	FPNITNLCPF
CASSIPGDIYQPQHF	FPNITNLCPF
CASSPPTGSPYEQYF	FPNITNLCPF
CASSPLGAPNTGELFF	FPNITNLCPF
CASSMGQGWPNQPQHF	FPNITNLCPF
CASSFEFPGPTPSSYNSPLHF	FPNITNLCPF
CASSFEVQGMNTEAFF	FPNITNLCPF
CASMKTGGGLNEQFF	FPNITNLCPF
CASSTGTGGYEQYF	FPNITNLCPF
CASSQGGGNRVKNIQYF	FPNITNLCPF
CAIRDDYEQYF	FPNITNLCPF
CASSEVTSTEAFF	FPNITNLCPF
CASSPRPAGLDGYTF	FPNITNLCPF
CASSIGDRALGGTDTQYF	FPNITNLCPF
CAGKDGAASSYNSPLHF	FPNITNLCPF
CASSSWLAGSYNEQFF	FPNITNLCPF
CASSQERTLYSPLHF	FPNITNLCPF
CASSQQGTNYGYTF	FPNITNLCPF
CASSSGSTYEQYF	FPNITNLCPF
CASSLFGSSNTGELFF	FPNITNLCPF
CASSPTSGSPYEQYV	FPNITNLCPF
CSVEETGNGGSEKLFF	FPNITNLCPF
CASSLPGYNEQFF	FPNITNLCPF
CATRGRRDRESSYNSPLHF	FPNITNLCPF
CASRDRGVPGELFF	FPNITNLCPF
CASSADTYSYNEQFF	FPNITNLCPF
CASNDGVGSYNEQFF	FPNITNLCPF
CAISGSTGDPYEQYF	FPNITNLCPF
CASSAPSSASGSSYNEQFF	FPNITNLCPF
CASSSPLAGLYNEQFF	FPNITNLCPF
CASTLTGYNEQFF	FPNITNLCPF
CASSPPSGTPYEQYF	FPNITNLCPF
CASSPNGYEQYF	FPNITNLCPF
CASSPTSGSPYEQYF	FPNITNLCPF
CASSPPSGSPNEQFF	FPNITNLCPF
CASTAGLAGVNTGELFF	FPNITNLCPF
CASSYGTSEYEQYF	FPNITNLCPF
CASSLDSLSYNEQFF	FPNITNLCPF
CASSLLTGEQYF	FPNITNLCPF
CASSPGSGLAGEPGEQFF	FPNITNLCPF
CASSPPSGSPYEQYF	FPNITNLCPF
CASSQYGGNTIYF	FPNITNLCPF
CASSLLIPPTGELFF	FPNITNLCPF
CASSPDRASNPTEAFF	FPNITNLCPF
CASSLGFEQYF	FPNITNLCPF
CASSSLAENDYEQYF	FPNITNLCPF
CASSEPKSTDTQYF	FPNITNLCPF
CASSRDSLEAFF	FPNITNLCPF
CASSPPSGSPYEQYF	FPNITNLCPF
CASSLAARSQETQYF	FPNITNLCPF
CASSPLRRTRGNTIYF	FPNITNLCPF
CASSQDLKASGMNEQFF	FPNITNLCPF
CASSLGVATNEKLFF	FPNITNLCPF
CASSKGTGQNYGYTF	FPNITNLCPF
CASRYSRSHMADTQYF	FPNITNLCPF
CASSPQDGSGANVLTF	FPNITNLCPF
CASSQDLGPAGPLEQFF	FPNITNLCPF
CASSPPYRVSYNEQFF	FPNITNLCPF
CASSHSGGASTEAFF	FPNITNLCPF
CASSPNGHEQYF	FPNITNLCPF
CASSTLVVPYEQYF	FPNITNLCPF
CASSPSSGSPYEQYF	FPNITNLCPF
CASSPRDGSPHEQYF	FPNITNLCPF
CASSMTENYEQYF	FPNITNLCPF
CASSSGGFNQPQHF	FPNITNLCPF
CASGLVIPYEQYF	FPNITNLCPF
CASRYTGPGAGELFF	FPNITNLCPF
CASSMRGYYNEQFF	FPNITNLCPF
CASSPPTGSPYEQYF	FPNITNLCPF
CASSLGDGGNQPQHF	FPNITNLCPF
CASSIAESWVYGYTF	FPNITNLCPF
CASSQYASTDTQYF	FPNITNLCPF
CASSYLWGSYDEQYF	FPNITNLCPF
CASSFSVSYEQYF	FPNITNLCPF
CASSFLGNAEQFF	FPNITNLCPF
CASSVSGGSSYEQYF	FPNITNLCPF
CASSYVGGVVGGELFF	FPNITNLCPF
CSAVPGTSGIISSYEQYF	FPNITNLCPF
CASSLEGGAETQYF	FPNITNLCPF
CASLAGSNTGELFF	FPNITNLCPF
CASSLLGSRSSEAFF	FPNITNLCPF
CASSPPTGSPYEQYF	FPNITNLCPF
CASSLWAGNTGELFF	FPNITNLCPF
CAIRTGTTNEKLFF	FPNITNLCPF
CSAGTGDYEQYF	FPNITNLCPF
CASSQGYEQYF	FPNITNLCPF
CSVEQARPHNEQFF	FPNITNLCPF
CASSLGPGDEQYF	FPNITNLCPF
CASSYETGSSGANVLTF	FPNITNLCPF
CATSALGWTNESNQPQHF	FPNITNLCPF
CASSSLAGAGEQYF	FPNITNLCPF
CASTPLAGGYEQYF	FPNITNLCPF
CATSELAGGSYNEQFF	FPNITNLCPF
CASSQLADALSYEQYF	FPNITNLCPF
CATSRDWGVVYGYTF	FPNITNLCPF
CASSQAAGGYTF	FPNITNLCPF
CASSPVRSYEQYF	FPNITNLCPF
CASSLLLGYTGELFF	FPNITNLCPF
CATSSSGSTLAGELFF	FPNITNLCPF
CASSQDRPRQAGQNEQFF	FPNITNLCPF
CASSVLAGEQNEQFF	FPNITNLCPF
CASSYSPYEKLFF	FPNITNLCPF
CSVEDGANTQYF	FPNITNLCPF
CASSPPSGSPYEQYF	FPNITNLCPF
CSVVPRPGLAGGDTQYF	FPNITNLCPF
CASSPPTGTPYEQYF	FPNITNLCPF
CASSTWDGFTDTQYF	FPNITNLCPF
CASRIPGTSFYEQYF	FPNITNLCPF
CASSPASGSPYEQYF	FPNITNLCPF
CASSLDWGVAKNIQYF	FPNITNLCPF
CASSPPTGGPNEQFF	FPNITNLCPF
CASSQAGGSSPLHF	FPNITNLCPF
CASSSDTSSYNEQFF	FPNITNLCPF
CATGVGESYEQYF	FPNITNLCPF
CASSPPTGSPHEQYF	FPNITNLCPF
CASSLGGGNYEQFF	FPNITNLCPF
CASSIPGTVYEQYF	FPNITNLCPF
CASSHGGDYGYTF	FPNITNLCPF
CASSPGTVPYNSPLHF	FPNITNLCPF
CSVGGTSGSSYEQYF	FPNITNLCPF
CSAYRGSYNEQFF	FPNITNLCPF
CASSPPTGAPYEQYF	FPNITNLCPF
CSAEGGLNEQYF	FPNITNLCPF
CASSDGAGAGNSPLHF	FPNITNLCPF
CAWSGGVRASEQYF	FPNITNLCPF
CASSFSNPGQNTGELFF	FPNITNLCPF
CASSPAGQGASYEQYF	FPNITNLCPF
CASSLSSRGAYEQYV	FPNITNLCPF
CASSSGSRQETQYF	FPNITNLCPF
CASSPRDGTGSSYEQYF	FPNITNLCPF
CASSPGAQGFNEQYF	FPNITNLCPF
CASSPLTGELFF	FPNITNLCPF
CASSGKPEISGPSYNEQFF	FPNITNLCPF
CASSDRDNRGRDTEAFF	FPNITNLCPF
CASGQGPYEQYF	FPNITNLCPF
CASSLEWLGVPETQYF	FPNITNLCPF
CASSPTIEGYGYTF	FPNITNLCPF
CASSFSGESSYNSPLHF	FPNITNLCPF
CASSLETGANTGELFF	FPNITNLCPF
CASSPATGSPYEQYF	FPNITNLCPF
CASSELIEGYEQYF	FPNITNLCPF
CASSQTGTAYNEQFF	FPNITNLCPF
CASSFSGTGADEQYF	FPNITNLCPF
CASSPSDSYLYNEQFF	FPNITNLCPF
CATRKTGAPYEQYF	FPNITNLCPF
CATSGTKNTGELFF	FPNITNLCPF
CASSPSTGSPYEQYF	FPNITNLCPF
PLVQYF	FPNITNLCPF
CAGRQGANTGELFF	FPNITNLCPF
CASSYGTANTGELFF	FPNITNLCPF
CASSLGGEATPGNPEAFF	FPNITNLCPF
CASSPPSGSPYEQYF	FPNITNLCPF
CAITLEDRAGSYEQYF	FPNITNLCPF
CASSPRGGVVMNTEAFF	FPNITNLCPF
CASSLVQETQYF	FPNITNLCPF
CASSQETDSNQPQHF	FPNITNLCPF
CASSLTGTGVGELFF	FPNITNLCPF
CASSPPTGSPHEQYF	FPNITNLCPF
CASSFLGLPGPTRHSNQPQHF	FPNITNLCPF
CASSPSTGSPYEQYF	FPNITNLCPF
CASSPPSGAPYEQYF	FPNITNLCPF
CASRLFGGGTEEQYF	FPNITNLCPF
CATWAPGGNEQFF	FPNITNLCPF
CASREGGLAGKTYNEQFF	FPNITNLCPF
CATSRDLSYEQYF	FPNITNLCPF
CASGTFLRSGANVLTF	FPNITNLCPF
CASLARNAEQYF	FPNITNLCPF
CATLGGNSYEQYF	FPNITNLCPF
CASSYSILAENNEQFF	FPNITNLCPF
CASSLSPGELFF	FPNITNLCPF
CASSLDVGSYNEQFF	FPNITNLCPF
CASSLSRAWNEKLFF	FPNITNLCPF
CASSYPLGTEAFF	FPNITNLCPF
CASSHNSGLNTEAFF	FPNITNLCPF
CASSLSGESQETQYF	FPNITNLCPF
CASTEAGGSSSTYEQYF	FPNITNLCPF
CASSFRERTYEQYF	FPNITNLCPF
CASSSQDSLNTGELFF	FPNITNLCPF
CASSPKTGTPYEQYF	FPNITNLCPF
CASSYGTSGTTYEQYF	FPNITNLCPF
CASSFRSSGYEQYF	FPNITNLCPF
CASSMTGTNEQFF	FPNITNLCPF
CSARDRVGSGNTIYF	FPNITNLCPF
CASLGWENLYEQYF	FPNITNLCPF
CASSPRTGSPYEQYF	FPNITNLCPF
CATNDRGGATNEKLFF	FPNITNLCPF
CASSYFSGETQYF	FPNITNLCPF
CASSAQDVDTQYF	FPNITNLCPF
CASSPFRELLYEQYF	FPNITNLCPF
CASGEGYEQYF	FPNITNLCPF
CASSLATGPDEQYF	FPNITNLCPF
CASSPEHGVRVPLHF	FPNITNLCPF
CASSPYRGTGVSDTQYF	FPNITNLCPF
CASSLSGSGGTEAFF	FPNITNLCPF
CASSPETGIPYEQYF	FPNITNLCPF
CASSPSTGSPYEQYF	FPNITNLCPF
CASSPPSGSPYEQYF	FPNITNLCPF
CASSPGTVGFEQYF	FPNITNLCPF
CASSLVANTEAFF	FPNITNLCPF
CASSFQLPGAATRMNTEAFF	FPNITNLCPF
CASSLDRGGYNEQFF	FPNITNLCPF
CASLVGLVSYNEQFF	FPNITNLCPF
CASTNRGPETQYF	FPNITNLCPF
CASSLGEGTEAFF	FPNITNLCPF
CASSLQGNPSYEQYF	FPNITNLCPF
CASSPFRTGAFTDTQYF	FPNITNLCPF
CASSQDRALAGVTDEQFF	FPNITNLCPF
CASSSRTSGSYNEQFF	FPNITNLCPF
CASSPVDGSPYEQYF	FPNITNLCPF
CASSESVSSYNEQFF	FPNITNLCPF
CASSYEQGYGVAFF	FPNITNLCPF
