CDR3	AA
CSARDFLAGKETTQYF	VLPFNDGVY
CASSPTGTSVRDEQFF	VLPFNDGVY
CSARDLSGILYEQYF	VLPFNDGVY
CASSLKGMNEQFF	VLPFNDGVY
CASSATGTGYNEQFF	VLPFNDGVY
CASSPTRRGPYNEQFF	VLPFNDGVY
CSASDRAVGLFSNQPQHF	VLPFNDGVY
CASSLGVNTEAFF	VLPFNDGVY
CSVVGAAGGFEQFF	VLPFNDGVY
CASSGQAESSYNEQFF	VLPFNDGVY
CASSTTGSSYEQYV	VLPFNDGVY
CSARGLYTGELFF	VLPFNDGVY
CASSPRGVPGYEQYF	VLPFNDGVY
CARSVGGGQGANNEQFF	VLPFNDGVY
CASSGDGHSGANVLTF	VLPFNDGVY
CASRDVAGALETQYF	VLPFNDGVY
CAAFSQGLNTEAFF	VLPFNDGVY
CASSASISYEQYF	VLPFNDGVY
CASTWDTLGNEQFF	VLPFNDGVY
CASSSSLQETQYF	VLPFNDGVY
CASSLSRKGTGSLAEAFF	VLPFNDGVY
CASSITGLPKETQYF	VLPFNDGVY
CASSAFPEGEQYF	VLPFNDGVY
CASSPPGGRDYEQYF	VLPFNDGVY
CASSSTGDQPQHF	VLPFNDGVY
CASSHSGSSYNEQFF	VLPFNDGVY
CASSSRGGYNEQFF	VLPFNDGVY
CAWSVTLNTEAFF	VLPFNDGVY
CASSPPDRSNEQFF	VLPFNDGVY
CASSLAGRDGDTQYF	VLPFNDGVY
CASSDTGTGKETQYF	VLPFNDGVY
CASSVIADEQYF	VLPFNDGVY
CASSLGASGNEQFF	VLPFNDGVY
CASRADHSYEQYV	VLPFNDGVY
CSARVGGSSGGGYNEQFF	VLPFNDGVY
CATSRSSGELFF	VLPFNDGVY
CASSLGVNTEAFF	VLPFNDGVY
CASSFRSGGVYNEQFF	VLPFNDGVY
CASSDHEFYGYTF	VLPFNDGVY
CASRLSGSSYNEQFF	VLPFNDGVY
CASSPVSGRAFYEQYF	VLPFNDGVY
CASSPRDKNTDTQYF	VLPFNDGVY
CASPEGGPGDTQYF	VLPFNDGVY
CASSYSGSGYNEQFF	VLPFNDGVY
CATSGSVTGGDEQFF	VLPFNDGVY
CASSLTLGLFQETQYF	VLPFNDGVY
CASTSDSSYEQYV	VLPFNDGVY
CASSLFSGGDEQYF	VLPFNDGVY
CASSRSTGYA	VLPFNDGVY
CASSPSGASYNEQFF	VLPFNDGVY
CASSSGTGYEQYF	VLPFNDGVY
CASSTGGQGGYEQYF	VLPFNDGVY
CSVGRLYEQYF	VLPFNDGVY
CASSLVSYEQYF	VLPFNDGVY
CASSLVSAYNEQFF	VLPFNDGVY
CASSPGLAAYEQYF	VLPFNDGVY
CASSYVGAGLDTEAFF	VLPFNDGVY
CSVIRTSGGYEQYF	VLPFNDGVY
CSVDLPGETQYF	VLPFNDGVY
CASSQEDYSGNTIYF	VLPFNDGVY
CASSQEGLAGGYEQFF	VLPFNDGVY
CASLKTGLEWQYF	VLPFNDGVY
CASSLALGIDGYTF	VLPFNDGVY
CASSPGTSGAYEQYF	VLPFNDGVY
CASSRWQGGGGPYGYTF	VLPFNDGVY
CASSLAGVETQYF	VLPFNDGVY
CASMGTGTYEQYF	VLPFNDGVY
CASSHDRGIDQPQHF	VLPFNDGVY
CASSKPLAGGSTDTQYF	VLPFNDGVY
CSASFFGIGGEKLFF	VLPFNDGVY
CASSPTRGLGETQYF	VLPFNDGVY
CASSFPGGSNEQFF	VLPFNDGVY
CASSQDPLGGGASYEQYF	VLPFNDGVY
CASGIGRYNEQFF	VLPFNDGVY
CASKTGTSGYNEQFF	VLPFNDGVY
CASSPDYPGQTYEQYF	VLPFNDGVY
CASSLGGEGTSLSYEQYF	VLPFNDGVY
CAIGAANEQFF	VLPFNDGVY
CASSDSINPYEQYF	VLPFNDGVY
CASRPVTGTYEQYF	VLPFNDGVY
CASTDSLLGHLAEQYF	VLPFNDGVY
CASTQTPGFNTEAFF	VLPFNDGVY
CASSLGPRGGEQYF	VLPFNDGVY
CASSLSLEGSYGYTF	VLPFNDGVY
CASSPSGPGGTEAFF	VLPFNDGVY
CASSTTGGEFGTQYF	VLPFNDGVY
CASSSSGSSYNEQFF	VLPFNDGVY
CSARDLRQVALYEQFF	VLPFNDGVY
CASDLLRGPHEQYF	VLPFNDGVY
CASSPGTEQYF	VLPFNDGVY
CATSDAGLAGRSRHTGELFF	VLPFNDGVY
CASSLRAGGTDTQYF	VLPFNDGVY
CASSQTGGDGYTF	VLPFNDGVY
CASSSSLWETQYF	VLPFNDGVY
CAISDSGTGNYGYTF	VLPFNDGVY
CASSQELRVGGNSPLHF	VLPFNDGVY
CASSPGTTYSNQPQHF	VLPFNDGVY
CASSPQGTQYF	VLPFNDGVY
CASSSPGQGGEKLFF	VLPFNDGVY
CASSQDGTGGNQPQHF	VLPFNDGVY
CASRPGLQETQYF	VLPFNDGVY
CASSVGTGSSYEQYF	VLPFNDGVY
CASAYRDSLRSSYNEQFF	VLPFNDGVY
CASSLGSTDTQYF	VLPFNDGVY
CASRSGTRSTEAFF	VLPFNDGVY
CASSSGLAKNIQYF	VLPFNDGVY
CASSPPSGISDTQYF	VLPFNDGVY
CASTGDSGNTEAFF	VLPFNDGVY
CASSSPILQETQYF	VLPFNDGVY
CASSPTGSSYNEQFF	VLPFNDGVY
CASSQDPSSGGATYEQYF	VLPFNDGVY
CASSFRGQGDEKLFF	VLPFNDGVY
CASSLALNTEAFF	VLPFNDGVY
CASNGDGLPYGYTF	VLPFNDGVY
CSARVGQGYSFTDTQYF	VLPFNDGVY
CASSVGAGGSYEQYF	VLPFNDGVY
CASSLSGSSYNEQFF	VLPFNDGVY
CASSVGGAPSGELFF	VLPFNDGVY
CASSPRQGGIYEQYF	VLPFNDGVY
CSGHGQAGGETQYF	VLPFNDGVY
CATQTSGSSYNEQFF	VLPFNDGVY
CASSPRVSNEKLFF	VLPFNDGVY
CASSLLGGGNSPLHF	VLPFNDGVY
CASSLVGLGVPSYEQYV	VLPFNDGVY
CASSHPGQATEKLFF	VLPFNDGVY
CASSLRPGLAGPNRYEQYF	VLPFNDGVY
CASSPSGTSGSRNEQFF	VLPFNDGVY
CASSPAGNQPQHF	VLPFNDGVY
CASFYQAGAVDGYTF	VLPFNDGVY
CASTPRQSSSYEQYF	VLPFNDGVY
CASSQEPHGGTATEAFF	VLPFNDGVY
CASSLNLLSGENTEAFF	VLPFNDGVY
CARTREGNEQFF	VLPFNDGVY
CASTGTGQQAYEQYF	VLPFNDGVY
CASSLGPGTAPLEQYF	VLPFNDGVY
CASSPRDRSDTQYF	VLPFNDGVY
CASSSSGQLNYGYTF	VLPFNDGVY
CASSQDRASGLSAYNEQFF	VLPFNDGVY
CASIDSLSSYNSPLHF	VLPFNDGVY
CASSLHDRGYNEQFF	VLPFNDGVY
CASSPPVLMGTDTQYF	VLPFNDGVY
CASVDSLNTEAFF	VLPFNDGVY
CASSEATSNTEAFF	VLPFNDGVY
CASSLEGGGYGNEQFF	VLPFNDGVY
CASSPAVVAGGNGGSYEQYF	VLPFNDGVY
CASSLTVLDEQFF	VLPFNDGVY
CSACDSSYNEQFF	VLPFNDGVY
CASSWRQGLSTGELFF	VLPFNDGVY
CASSPGTSTDTQYF	VLPFNDGVY
CASSLDRDRNQPQHF	VLPFNDGVY
CASSQDLSGNEQFF	VLPFNDGVY
CASSLTPPGRSGYTF	VLPFNDGVY
CASSPASRTDTQYF	VLPFNDGVY
CASSLAGMSSYNEQFF	VLPFNDGVY
CASSRTGLAGGASYEQYF	VLPFNDGVY
CASSSPPEGDRINEQFF	VLPFNDGVY
CASSKPGQGNEQFF	VLPFNDGVY
CASSHPGEGGNTIYF	VLPFNDGVY
CASSYTSGTGLYNEQFF	VLPFNDGVY
CASSFGQGLWDNEQFF	VLPFNDGVY
CASSPPSSTDTQYF	VLPFNDGVY
CASSVRTGSIYEQYF	VLPFNDGVY
CASTLQPDTQYF	VLPFNDGVY
CASSQHADTQYF	VLPFNDGVY
CSARDLMGQNTEAFF	VLPFNDGVY
CASSLVGFGNTIYF	VLPFNDGVY
CASSQDTSGGNEQFF	VLPFNDGVY
CASSQDLLGQIVGEQYF	VLPFNDGVY
CASSLALGDTEAFF	VLPFNDGVY
CASTLSLGGYGYTF	VLPFNDGVY
CSARDRVGGATQYF	VLPFNDGVY
CASSTIGLAGGPGYEQYF	VLPFNDGVY
CASSFPGLGKETQYF	VLPFNDGVY
CASSPRQGNNSPLHF	VLPFNDGVY
CASSDSLTTSEQYF	VLPFNDGVY
CASSQGAGDQETQYF	VLPFNDGVY
CASSMKSNTEAFF	VLPFNDGVY
CASSSGANVLTF	VLPFNDGVY
CASSYPRRQGGGQPQHF	VLPFNDGVY
CASSSDSTSGGYEQYF	VLPFNDGVY
CASSLYTGANTEAFF	VLPFNDGVY
CSVQFNYEQYF	VLPFNDGVY
CSASIPSGIFSYNEQFF	VLPFNDGVY
CASSFGYGLSYEQYF	VLPFNDGVY
CASSFLGAGELFF	VLPFNDGVY
CASSQRGGGHNEQFF	VLPFNDGVY
CASSPSGSSYNEQFF	VLPFNDGVY
CASSVPTGSTDTQYF	VLPFNDGVY
CASSPWTENVYGYTF	VLPFNDGVY
CASRGGRSYEQYF	VLPFNDGVY
CASSLIDRVENSPLHF	VLPFNDGVY
CASSYSRQGEETQYF	VLPFNDGVY
CASSIPGAGTGELFF	VLPFNDGVY
CASSRRGAHTDTQYF	VLPFNDGVY
CSASWVGYEQYF	VLPFNDGVY
CASSQPREGLGWTQYF	VLPFNDGVY
CASSLFAQEQFF	VLPFNDGVY
CASSIYVETQYF	VLPFNDGVY
CASSILLADTQYF	VLPFNDGVY
CASSFPGTSNEQYF	VLPFNDGVY
CASSHPVGGDYGYTF	VLPFNDGVY
CASSLKELGTHGELFF	VLPFNDGVY
CASSFVTGGDTQYF	VLPFNDGVY
CASRVRTGDYEQYF	VLPFNDGVY
CATSPGQGGSPLHF	VLPFNDGVY
CASSIPRGLIDTQYF	VLPFNDGVY
CASGSQGALDEQFF	VLPFNDGVY
CASSLDGSSGNTIYF	VLPFNDGVY
CASSTLGQGSGELFF	VLPFNDGVY
CASRFSGSGLDTQYF	VLPFNDGVY
CASSQGEGTPNEQFF	VLPFNDGVY
CASSFILNNEQFF	VLPFNDGVY
CASSQGPSGDEQFF	VLPFNDGVY
CASSFFSGAGANVLTF	VLPFNDGVY
CASSSTVNNEQFF	VLPFNDGVY
CASSFTSKETQYF	VLPFNDGVY
CAISDPMVKGASAYGYTF	VLPFNDGVY
CASSFGGGRGDTEAFF	VLPFNDGVY
CASSLAGQGVYTF	VLPFNDGVY
CASVDRGQGQETQYF	VLPFNDGVY
CASSRRDRERNEQYF	VLPFNDGVY
CASSSPGSGRNEQFF	VLPFNDGVY
CASSYSHSGTGELFF	VLPFNDGVY
CSARRLAGDLYEQYF	VLPFNDGVY
CASSLSTSGGSIPRADTQYF	VLPFNDGVY
CSARDPRGVGLATQETQYF	VLPFNDGVY
CASSDSLSSYEQYF	VLPFNDGVY
CASSYPPGDEQYF	VLPFNDGVY
CASSSKDREKATQYF	VLPFNDGVY
CASSLGAGLSYEQYF	VLPFNDGVY
CASSQDAAGGKNIQYF	VLPFNDGVY
CASSMTTGELFF	VLPFNDGVY
CASNADGSLGEQYF	VLPFNDGVY
CASSESPAGASTDTQYF	VLPFNDGVY
CASSDLDRRSNTGELFF	VLPFNDGVY
CASRPGSSYEQYF	VLPFNDGVY
CASSQRLKETQYF	VLPFNDGVY
CSARDLYGTSLGEQYF	VLPFNDGVY
CASSHPGLAQETQYF	VLPFNDGVY
CASSQASNQPQHF	VLPFNDGVY
CASSSTGSSYNEQFF	VLPFNDGVY
CARSVGGGQGANNEQFF	VLPFNDGVY
CASSLDLREQFF	VLPFNDGVY
CASRGLAGAQETQYF	VLPFNDGVY
CAIKPGQGTYEQYF	VLPFNDGVY
CASSATGGGGNTIYF	VLPFNDGVY
CASSLEEVAKGTYNEQFF	VLPFNDGVY
CASSFRGYNQPQHF	VLPFNDGVY
CASSQWGNEQFF	VLPFNDGVY
CASSRTGQALDGYTF	VLPFNDGVY
CASSLAGKWDYGYTF	VLPFNDGVY
CSARDYVSSGAYNEQFF	VLPFNDGVY
CASSDKGNTEAFF	VLPFNDGVY
CASRTGGSYEQYF	VLPFNDGVY
CASTGQGKRAFF	VLPFNDGVY
CSARDRSSYEQYV	VLPFNDGVY
CASSSPGTGLEGYTF	VLPFNDGVY
CASSETLPGSDTQYF	VLPFNDGVY
CSARPLQGLLYEQYF	VLPFNDGVY
CASSLALADEQYF	VLPFNDGVY
CASSQEEGQSYEQYF	VLPFNDGVY
CASSLSGGGTDTQYF	VLPFNDGVY
CSANLAGNYNEQFF	VLPFNDGVY
CASSQVSHGYTF	VLPFNDGVY
CASQDTGELFF	VLPFNDGVY
CASSPGQGYTF	VLPFNDGVY
CASSQAPATSGRALDTQYF	VLPFNDGVY
CASSFGGSYEQYF	VLPFNDGVY
CASTPSAPVGQPQHF	VLPFNDGVY
CASSDTSGGVDEQFF	VLPFNDGVY
CSARVLGEQSYGYTF	VLPFNDGVY
CASSIYQNTEAFF	VLPFNDGVY
CASSDTVNTEAFF	VLPFNDGVY
CASSQLGTGMLGELFF	VLPFNDGVY
CASSILPQDEAFF	VLPFNDGVY
CASSLLGGYEQYF	VLPFNDGVY
CASSLGLDGGTQYF	VLPFNDGVY
CASSLYTALNTEAFF	VLPFNDGVY
CASSQVYMVGNTEAFF	VLPFNDGVY
CASSETVNTEAFF	VLPFNDGVY
CASSNSLRSYEQYF	VLPFNDGVY
CASSLGPGLANEQFF	VLPFNDGVY
CASSPEAVGNQPQHF	VLPFNDGVY
CASSWLAGGTDTQYF	VLPFNDGVY
CARSVGGGQGANNEQFF	VLPFNDGVY
CASSIGLADFYEQYF	VLPFNDGVY
CASSLGQGRFTEAFF	VLPFNDGVY
CSARDFQGALMHEQYF	VLPFNDGVY
CSARDFGVLSYNEQFF	VLPFNDGVY
CASSVVMNTEAFF	VLPFNDGVY
CASSRLSGDQGEQYF	VLPFNDGVY
CASSPRQAIGDEQFF	VLPFNDGVY
CASSNPGRTSGTQYF	VLPFNDGVY
CASSYTTATYEQYF	VLPFNDGVY
CASSHGLAGARETQYF	VLPFNDGVY
CASSLRGTNQPQHF	VLPFNDGVY
CASSVGGKTGELFF	VLPFNDGVY
CASSYPGQGILEQYF	VLPFNDGVY
CASNPTAISSYEQYF	VLPFNDGVY
CASSQDWTAGQPQHF	VLPFNDGVY
CASSFGGSYEQYF	VLPFNDGVY
CASKTVASSYEQYF	VLPFNDGVY
CASSLVGLSYEQYF	VLPFNDGVY
