CDR3	AA
CASSQGGQTTEAFF	FVCNLLLLFV
CASSLGVGIAYEQYF	FVCNLLLLFV
CASSRPTIYNEQFF	FVCNLLLLFV
CASSSHTGLLNYGYTF	FVCNLLLLFV
CASSLGGAPYEQYF	FVCNLLLLFV
CASSYPGERPTGELFF	FVCNLLLLFV
CASSTTGEKLFF	FVCNLLLLFV
CASRRAEDTQYF	FVCNLLLLFV
CASSLYAGSYNEQFF	FVCNLLLLFV
CASSQGSMDDYGYTF	FVCNLLLLFV
CASSHSNQPQHF	FVCNLLLLFV
CASSLNHRTGSYEQYF	FVCNLLLLFV
CASSHPGQGRLTGELFF	FVCNLLLLFV
CASSQDATEAFF	FVCNLLLLFV
CSAILAGVSYEQYF	FVCNLLLLFV
CASSSSDEQYF	FVCNLLLLFV
CASSELRREASSYNEQFF	FVCNLLLLFV
CASSRQSSYNEQFF	FVCNLLLLFV
CSARQLEADSSGRISYNEQFF	FVCNLLLLFV
CASSLVAGGLDEQFF	FVCNLLLLFV
CASSLGQLAEQFF	FVCNLLLLFV
CSANPKSYEQYF	FVCNLLLLFV
CASSSTRGLRFYEQYF	FVCNLLLLFV
CASSLPPPTLNTEAFF	FVCNLLLLFV
CASRDISDGYTF	FVCNLLLLFV
CASSILVGAGNEQFF	FVCNLLLLFV
CASSLGVAGGNEQYF	FVCNLLLLFV
CASSLAQPSSGSYNSPLHF	FVCNLLLLFV
CASSPSPGGVSYNSPLHF	FVCNLLLLFV
CASSQSQSYEQYF	FVCNLLLLFV
CASSWYRGIMDTQYF	FVCNLLLLFV
CSARDFVGAGTNTGELFF	FVCNLLLLFV
CASSQQTGAYEQYF	FVCNLLLLFV
CSARDLEYEQYF	FVCNLLLLFV
CASSAGLASYNEQFF	FVCNLLLLFV
CASSVNALTSYEQYF	FVCNLLLLFV
CASSEIDGTTEAFF	FVCNLLLLFV
CSVLRESYEQYF	FVCNLLLLFV
CASSKGGWNIQYF	FVCNLLLLFV
CASSLDASGRPGELFF	FVCNLLLLFV
CASSRLTSGSGNEQFF	FVCNLLLLFV
CASLAIDEAFF	FVCNLLLLFV
CASSLDFAGEETQYF	FVCNLLLLFV
CASAGLSYEQYF	FVCNLLLLFV
CASSWNRALGTEEQYF	FVCNLLLLFV
CASTLSWGANTGELFF	FVCNLLLLFV
CASSRSYYNEQFF	FVCNLLLLFV
CASSEGTSGSAQYF	FVCNLLLLFV
CASSPWDSQETQYF	FVCNLLLLFV
CASSPWDSQEGETQYF	FVCNLLLLFV
CASSLLTDTQYF	FVCNLLLLFV
CASSSTDSGANVLTF	FVCNLLLLFV
CASYPWTNTDTQYF	FVCNLLLLFV
CASSSPTGGRFTDTQYF	FVCNLLLLFV
CASSQEPRFKGYSPLHF	FVCNLLLLFV
CASSLKGNLSAGELFF	FVCNLLLLFV
CASSLAEMTAKNIQYF	FVCNLLLLFV
CASSDASLRVGEETQYF	FVCNLLLLFV
CSVDQGMNTEAFF	FVCNLLLLFV
CASSADPSPQHF	FVCNLLLLFV
CASSAAGTAGYGYTF	FVCNLLLLFV
CASSTGNQPQHF	FVCNLLLLFV
CARTGQNTGELFF	FVCNLLLLFV
CASSQDPVGGYYEQYF	FVCNLLLLFV
CAISEPSGVLDTQYF	FVCNLLLLFV
CASSPRDRGWYEQFF	FVCNLLLLFV
CAWSLIGPQETQYF	FVCNLLLLFV
CASSPAGLDTEAFF	FVCNLLLLFV
CASKGVAGELFF	FVCNLLLLFV
CASSEGLAGETQYF	FVCNLLLLFV
CASSPSGSEQYF	FVCNLLLLFV
CASSLTGDTQYF	FVCNLLLLFV
CASRTTEYGYTF	FVCNLLLLFV
CASSRQGDIYEQFF	FVCNLLLLFV
CSAARGMSNEQFF	FVCNLLLLFV
CASSLDLERIYEQYF	FVCNLLLLFV
CASSSAQLAGEYEQYF	FVCNLLLLFV
CASSPWARTGELFF	FVCNLLLLFV
CASSLTGALGRSIANQPQHF	FVCNLLLLFV
CASSYNRGVFRSQYEQYF	FVCNLLLLFV
CASSPYGTSGRTDEQYF	FVCNLLLLFV
CASSLFAGRRTDTQYF	FVCNLLLLFV
CASSPGSGNTIYF	FVCNLLLLFV
CASSSWTSGSYNEQFF	FVCNLLLLFV
CASSRMEMGLDNEQFF	FVCNLLLLFV
CASSLGTGISYEQYF	FVCNLLLLFV
CASSLAGGMGGELFF	FVCNLLLLFV
CASTLRGDMSGYTF	FVCNLLLLFV
CASSQGDPLLVSGNTIYF	FVCNLLLLFV
CASSILGEGLAGKQFF	FVCNLLLLFV
CASSPEIQGATGELFF	FVCNLLLLFV
CATPGSSTDTQYF	FVCNLLLLFV
CASRNKRTSGEETQYF	FVCNLLLLFV
CASSLAGDQPQHF	FVCNLLLLFV
CASAHPGGGSYNEQFF	FVCNLLLLFV
CASRGGSYEQYF	FVCNLLLLFV
CASSAWEGRYNEQFF	FVCNLLLLFV
CARGGDTAMNTEAFF	FVCNLLLLFV
CASLSAGAILNEQFF	FVCNLLLLFV
CASSFRSQGGVGYTF	FVCNLLLLFV
CAAQAASTDTQYF	FVCNLLLLFV
CASSRRLGEQYF	FVCNLLLLFV
CASSAGSSGNTIYF	FVCNLLLLFV
CASSPYGFEQYF	FVCNLLLLFV
CASSYEGYQPQHF	FVCNLLLLFV
CASSLGPSGGVSSYNEQFF	FVCNLLLLFV
CASSYYNEQFF	FVCNLLLLFV
CSVDLGLTEAFF	FVCNLLLLFV
CASSLSATGNNEQFF	FVCNLLLLFV
CASSPNNMEHYEQYF	FVCNLLLLFV
CASSGDPTDSSYEQYF	FVCNLLLLFV
CASSLNPYEQYF	FVCNLLLLFV
CASSSSYEQYF	FVCNLLLLFV
CASSLGLDSNEQFF	FVCNLLLLFV
CSAMGGDRGDEQFF	FVCNLLLLFV
CAITELAGGHETSGANVLTF	FVCNLLLLFV
CASSREGLASYEQYF	FVCNLLLLFV
CSARDPPDMITDTQYF	FVCNLLLLFV
CASSEVSGTSGRAGELFF	FVCNLLLLFV
CASSLVVHTDTQYF	FVCNLLLLFV
CASSDRRYGVDTEAFF	FVCNLLLLFV
CASSSLAGGPLSYEQYF	FVCNLLLLFV
CASSDGPSNYGYTF	FVCNLLLLFV
CASSSTGGFGYTF	FVCNLLLLFV
CSARKRPKEMNTEAFF	FVCNLLLLFV
CASSYSGRGVLEQFF	FVCNLLLLFV
CASYTDTQYF	FVCNLLLLFV
CASSLLAGEETQYF	FVCNLLLLFV
CASRRGEGRAFF	FVCNLLLLFV
CASSQAAGGSNQPQHF	FVCNLLLLFV
CASSQEAMNTEAFF	FVCNLLLLFV
RASGLAGEYEQYF	FVCNLLLLFV
CASSLGWGGPDSGQETQYF	FVCNLLLLFV
CASMQGISGNTIYF	FVCNLLLLFV
CASSGQLNYGYTF	FVCNLLLLFV
CASSLPDRSGNTIYF	FVCNLLLLFV
CSALETGRPNTGELFF	FVCNLLLLFV
CASSFPSAPYNEQFF	FVCNLLLLFV
CASSQETANNEQFF	FVCNLLLLFV
CASSELRQGAGTEAFF	FVCNLLLLFV
CSARDLAENTDTQYF	FVCNLLLLFV
CSVHGGPRDNEQFF	FVCNLLLLFV
CASSFPNNEQFF	FVCNLLLLFV
CASSLSAWQGYTF	FVCNLLLLFV
CASSAGYNEQFF	FVCNLLLLFV
CASSLIWREGKDEQFF	FVCNLLLLFV
CASSLRDRAITDTQYF	FVCNLLLLFV
CASSSEGPGTGELFF	FVCNLLLLFV
CASSEMTGALEQYF	FVCNLLLLFV
CSANSGAFYEQYF	FVCNLLLLFV
CASSLFREGQFPSYNEQFF	FVCNLLLLFV
CASSYTGGRNEQFF	FVCNLLLLFV
CASSLWQSNQPQHF	FVCNLLLLFV
CASSQDVTSGSETQYF	FVCNLLLLFV
CASSFGASPYEQYF	FVCNLLLLFV
CASLQVGGGYGYTF	FVCNLLLLFV
CASSYPGLGYEQYF	FVCNLLLLFV
CASSGTASSYEQYF	FVCNLLLLFV
CASSYSGGAYNEQFF	FVCNLLLLFV
CASSPTQETQYF	FVCNLLLLFV
CASSLIAGTFNEQFF	FVCNLLLLFV
CASHTKNNEQFF	FVCNLLLLFV
CASSSYGLSGEETQYF	FVCNLLLLFV
CASRGQSTNEQFF	FVCNLLLLFV
CSGISGSSYEQYF	FVCNLLLLFV
CASSRDSLDSYEQYF	FVCNLLLLFV
CASSLAGNQPQHF	FVCNLLLLFV
CASIQDSSNYGYTF	FVCNLLLLFV
CASSESAGGNTDTQYF	FVCNLLLLFV
CASSDFGTVRFF	FVCNLLLLFV
CASSPIGGSIEQYF	FVCNLLLLFV
CASSPHLENEQYF	FVCNLLLLFV
CASSSDRDRVGNEQFF	FVCNLLLLFV
CASSEGTGGLYEQYF	FVCNLLLLFV
CSVEGGQSGSYNEQFF	FVCNLLLLFV
CASKRLAGGNYEQYF	FVCNLLLLFV
CASSYYGQVDTQYF	FVCNLLLLFV
CASSLTYYNEQFF	FVCNLLLLFV
CASSIQGRFWEQYF	FVCNLLLLFV
CASREGETQYF	FVCNLLLLFV
CASSSHKTSGRWDIQYF	FVCNLLLLFV
CASSWGASEAFF	FVCNLLLLFV
CASSLIGGGYTF	FVCNLLLLFV
CASSSGLFANTGELFF	FVCNLLLLFV
CAISEKSFSSYEQYF	FVCNLLLLFV
CASSLFGGLQLQHF	FVCNLLLLFV
CASSPRPVTDSNTGELFF	FVCNLLLLFV
CASSQASLLNTEAFF	FVCNLLLLFV
CASSYSPGAYEQYF	FVCNLLLLFV
CASSSADRVSLYGYTF	FVCNLLLLFV
CSANPLSYEQYF	FVCNLLLLFV
CASRAGESPLHF	FVCNLLLLFV
CASSPGAGVLEQYF	FVCNLLLLFV
CASSTDGRQETQYF	FVCNLLLLFV
CASSQQGGTGELFF	FVCNLLLLFV
CASSSSSYEQYF	FVCNLLLLFV
CASSIWTGISYEQYF	FVCNLLLLFV
CASSHPDHGGSGQMGFGELFF	FVCNLLLLFV
CASSFTQGAMTEAFF	FVCNLLLLFV
CASSEAHGLAYEQYF	FVCNLLLLFV
CASSPQGVDYNEQFF	FVCNLLLLFV
CASSHVSRTSGSNEQFF	FVCNLLLLFV
CASRPPLGRDEPQHF	FVCNLLLLFV
CASSYSPHEQYF	FVCNLLLLFV
CATFSGTGLFFQYF	FVCNLLLLFV
CASSQTQGAGVPRF	FVCNLLLLFV
CASSLYTDTQYF	FVCNLLLLFV
CASSLGTDIAGGRETQYF	FVCNLLLLFV
CATHTLGGTCNEQFF	FVCNLLLLFV
CASSPRAGVTNTGELFF	FVCNLLLLFV
CASSDTSGMAYEQYF	FVCNLLLLFV
CASSYHSDTLSYEQYF	FVCNLLLLFV
CASSLGETQYF	FVCNLLLLFV
CASSPISGSYNEQFF	FVCNLLLLFV
CASSLIFPGTSGSSYNEQFF	FVCNLLLLFV
CASSIMNTEAFF	FVCNLLLLFV
CASSVTNTGELFF	FVCNLLLLFV
CASSRTAYSYEQYF	FVCNLLLLFV
CASSAGTSGRETQYF	FVCNLLLLFV
CASYTDTQYF	FVCNLLLLFV
CASSFTGPLHF	FVCNLLLLFV
CASSLGVTGNTIYF	FVCNLLLLFV
CARSFSGSRGMTYEQYF	FVCNLLLLFV
CSVGTGTGGPYEQYF	FVCNLLLLFV
CATSDSSQANTGELFF	FVCNLLLLFV
CASRVPQDMGTQYF	FVCNLLLLFV
CASSLAGGPYNEQFF	FVCNLLLLFV
CASGLAEYQETQYF	FVCNLLLLFV
CASSEVAGAYNEQFF	FVCNLLLLFV
CATGTTNNEQFF	FVCNLLLLFV
CASSLGGTAQETQYF	FVCNLLLLFV
CASSTGTTYNEQFF	FVCNLLLLFV
CARRRNTGELFF	FVCNLLLLFV
CASSLLGVGEQYF	FVCNLLLLFV
CASSYGTEAFF	FVCNLLLLFV
CAGTGRMSGANVLTF	FVCNLLLLFV
CASSLTEAYEQYF	FVCNLLLLFV
CASSLGAGGMANEQFF	FVCNLLLLFV
CASSPGGAGYGYTF	FVCNLLLLFV
CASSDYRPYEQYF	FVCNLLLLFV
CASSPRDNSYEQYF	FVCNLLLLFV
CASSPDTNYGYTF	FVCNLLLLFV
CASSLWRDSYNEQFF	FVCNLLLLFV
CASAGRLAANVLTF	FVCNLLLLFV
CASSEYTASGRTNTGELFF	FVCNLLLLFV
CASSQYNSPLHF	FVCNLLLLFV
CSASGPSVAGELFF	FVCNLLLLFV
CSAIGTRNTEAFF	FVCNLLLLFV
CASTHSGLAKNIQYF	FVCNLLLLFV
CSARDLAREQYF	FVCNLLLLFV
CASSPPQIYEQYF	FVCNLLLLFV
CASSRQGFVENTEAFF	FVCNLLLLFV
CASSYSAPYEQYF	FVCNLLLLFV
CASSPPPRGYHTGELFF	FVCNLLLLFV
CASSVGTSSNEQYF	FVCNLLLLFV
CATSRVQGSPTDTQYF	FVCNLLLLFV
CASSFGQPQHF	FVCNLLLLFV
CASSSHRGTLFYSNQPQHF	FVCNLLLLFV
CASSLGSNQPQHF	FVCNLLLLFV
CASSPWTDNQPQHF	FVCNLLLLFV
CASSDLAGAGNEQFF	FVCNLLLLFV
CASSLWGQDTTDTQYF	FVCNLLLLFV
CASSPVTGGETDTQYF	FVCNLLLLFV
CSILRDSPRYLFF	FVCNLLLLFV
CSVEDYGYEQYF	FVCNLLLLFV
CASSAWGNTEAFF	FVCNLLLLFV
CASSIRQSNEKLFF	FVCNLLLLFV
CASSLLFSNEQFF	FVCNLLLLFV
CASAGGSWTGELFF	FVCNLLLLFV
CASRPGLAKQISYEQYF	FVCNLLLLFV
CASQGLAAQYF	FVCNLLLLFV
CASSSGGGAIQETQYF	FVCNLLLLFV
CASSPWDSSYEQYF	FVCNLLLLFV
CASTRLGDKFSYNEQFF	FVCNLLLLFV
CSVVGYTGELFF	FVCNLLLLFV
CASSTAGSQPQHF	FVCNLLLLFV
CASSHSGVYEQYF	FVCNLLLLFV
CSVLAGSYEQYF	FVCNLLLLFV
CASSLSSGDYNEQFF	FVCNLLLLFV
CASSLPRERGTSYNEQFF	FVCNLLLLFV
CASSEAPDSFYEQYF	FVCNLLLLFV
CASSFVRRGAYEQYF	FVCNLLLLFV
CASSHPHSGTGDEKLFF	FVCNLLLLFV
CSVMTSGTSYEQYF	FVCNLLLLFV
CASSLESGFGEQYF	FVCNLLLLFV
CASSSATGELFF	FVCNLLLLFV
CASSQLDQKGLYEQYF	FVCNLLLLFV
CASSVHSGANVLTF	FVCNLLLLFV
CAYIERLAVSYEQYF	FVCNLLLLFV
CASSSLNSGSYNEQFF	FVCNLLLLFV
