CDR3	AA
CASRANFGGANVLTF	TYVPAQEKNF
CASSRATGDPLQGGPFF	TYVPAQEKNF
CASSVGGGGRETQYF	TYVPAQEKNF
CASRTSGLSTDTQYF	TYVPAQEKNF
CASSVGGGRNSPLHF	TYVPAQEKNF
CASSQGSRREQYF	TYVPAQEKNF
CASTSFETDNTGELFF	TYVPAQEKNF
CASSQEREISYEQYF	TYVPAQEKNF
CASSRQGRASDRETQYF	TYVPAQEKNF
CASSVGGANTGELFF	TYVPAQEKNF
CASSSSGDSYEQYF	TYVPAQEKNF
CASSERTGQPQHF	TYVPAQEKNF
CASSVGGAGGTMNTGELFF	TYVPAQEKNF
CASSLRTGREQYF	TYVPAQEKNF
CASSLFKGSNQPQHF	TYVPAQEKNF
CAIKWTSGRNEQFF	TYVPAQEKNF
CASSVGGSNTGELFF	TYVPAQEKNF
CASSLRREIPNEQFF	TYVPAQEKNF
CASSLGTGELFF	TYVPAQEKNF
CASSVGGAGELFF	TYVPAQEKNF
