CDR3	AA
CAVLGSEFETQYF	VQELYSPIF
CASSSTSDTQYF	VQELYSPIF
CASRPYTGELFF	VQELYSPIF
CASSYGGVGELFF	VQELYSPIF
CASSQEQVNNEQFF	VQELYSPIF
CASSLAFGYGTGLQETQYF	VQELYSPIF
CASSQSLTPSYEQYF	VQELYSPIF
CASSVATGGYEQYF	VQELYSPIF
CASIGLAGGNEQFF	VQELYSPIF
CASSLSLAGVYEQYF	VQELYSPIF
CASSDQPGQPNTEAFF	VQELYSPIF
CASTAAGGFGIQETQYF	VQELYSPIF
CASGPDSSSYNEQFF	VQELYSPIF
CASSLVASTDTQYF	VQELYSPIF
CASSPVGNGIDYGYTF	VQELYSPIF
CASSSRDSLISADTQYF	VQELYSPIF
CASSLEGLAGSNEQFF	VQELYSPIF
CASSLAKGYGEAFF	VQELYSPIF
CASEGQRYYLKTGELFF	VQELYSPIF
CASSQLDNLYNSPLHF	VQELYSPIF
CASSSGGVETQYF	VQELYSPIF
CASSVVGALHTGELFF	VQELYSPIF
CASSVGSSGHTDTQYF	VQELYSPIF
CASSLAPGQGSNSPLHF	VQELYSPIF
CSASPDSSNEKLFF	VQELYSPIF
CASATATGYEQYF	VQELYSPIF
CASSYGLAGGQISPDTGELFF	VQELYSPIF
CASSPGGNIQYF	VQELYSPIF
CASSYLQGDPGTSGNNEQFF	VQELYSPIF
CASSFNEQFF	VQELYSPIF
CSARGRSAIYEQYF	VQELYSPIF
CASSFPGGTGDTEAFF	VQELYSPIF
CSARDLKGLTEAFF	VQELYSPIF
CASGDYYGYTF	VQELYSPIF
CASSYGTGELFF	VQELYSPIF
CASSLVGPGDEQFF	VQELYSPIF
CASGLGAQTVFSTDTQYF	VQELYSPIF
CASSQEETSGDTQYF	VQELYSPIF
CASSLMQGRMNTEAFF	VQELYSPIF
CAPWTGTDTQYF	VQELYSPIF
CSALTTGAPRGEQFF	VQELYSPIF
CASSPTGTSDQETQYF	VQELYSPIF
CSARDPSGSFFNEQFF	VQELYSPIF
CASRNLGGYNEQFF	VQELYSPIF
CASSSELAYNEQFF	VQELYSPIF
CSARQTGADEAFF	VQELYSPIF
CSVEASDYEQYF	VQELYSPIF
CASSLLLGSVTYEQYF	VQELYSPIF
CASSHWTGGFGTGELFF	VQELYSPIF
CAIDDRKGMNTEAFF	VQELYSPIF
CASSQDVGSGNTIYF	VQELYSPIF
CASSLEGTGLGNEQFF	VQELYSPIF
CASTWTGGAGANVLTF	VQELYSPIF
CASSLPKAAGNEQFF	VQELYSPIF
CASSAQKQTGGILNTEAFF	VQELYSPIF
CSVEGMGPVLGYTF	VQELYSPIF
CASSPRDRVTDTQYF	VQELYSPIF
CASRTGDYPSYEQYF	VQELYSPIF
CASSLWGGGTEAFF	VQELYSPIF
CASSARLAGGHRNEQFF	VQELYSPIF
CASSETLMNTEAFF	VQELYSPIF
CASSQLSGSYNEQFF	VQELYSPIF
CASSQPPGLAGGQGNEQFF	VQELYSPIF
CASSYSPGGTGELFF	VQELYSPIF
CASSYSGGNQPQHF	VQELYSPIF
CASSLTGGARSNQPQHF	VQELYSPIF
CASSVGLWGQIDTEAFF	VQELYSPIF
CSVVFAYEQYF	VQELYSPIF
CASSQDGTDYTDTQYF	VQELYSPIF
CASSETGYFQPQHF	VQELYSPIF
CASSLVPTDTQYF	VQELYSPIF
CASSSNPRGHGYTF	VQELYSPIF
CASSLGTGSSPLHF	VQELYSPIF
CASSLAVVLAGGPRNEQFF	VQELYSPIF
CSAYMGGQFF	VQELYSPIF
CASSIQGLTSSYNEQFF	VQELYSPIF
CASSLSGVEARHF	VQELYSPIF
CASSQMGREPRETQYF	VQELYSPIF
CASSVTRGNQPQHF	VQELYSPIF
CASSLGGASYNSPLHF	VQELYSPIF
CASSLGTGELFF	VQELYSPIF
CASSQDIAGGTDTQYF	VQELYSPIF
CASFLDPYNEQFF	VQELYSPIF
CASSPLGTDLGNEQFF	VQELYSPIF
CASSLVAGDTDTQYF	VQELYSPIF
CASSLGLAGSYEQYF	VQELYSPIF
CASSQSSVHGTDTQYF	VQELYSPIF
CASSSGPTYEQYF	VQELYSPIF
CASSVSAEDTQYF	VQELYSPIF
CASSQDPSGGDTQYF	VQELYSPIF
CSASRFRVLAGGLSQETQYF	VQELYSPIF
CASSLAGLLPHEQYF	VQELYSPIF
CSVEEASRGYTF	VQELYSPIF
CASRRGLAGPNEQFF	VQELYSPIF
CASSQDPGPGGEQYF	VQELYSPIF
CASSSPRGSSYNEQFF	VQELYSPIF
CASSQPGQGTNEQFF	VQELYSPIF
CASSFLAGGVDGQYF	VQELYSPIF
CACSPWNTEAFF	VQELYSPIF
CASSEAGGLAVYEQYF	VQELYSPIF
CSVGTVTGYEQYF	VQELYSPIF
CASSYSASYNEQFF	VQELYSPIF
CASSLASTYEQYF	VQELYSPIF
CASSQDIGPGNTIYF	VQELYSPIF
CASSRSGTGGDEAFF	VQELYSPIF
CASSIGSGGEDQPQHF	VQELYSPIF
CASSYRQLGQSISYEQYF	VQELYSPIF
CASSHGGPGYNEQFF	VQELYSPIF
CATSEQFPDTQYF	VQELYSPIF
CASSYSGSYEQYF	VQELYSPIF
CASSLGLAGVYEQYF	VQELYSPIF
CASSYSTGYEQYF	VQELYSPIF
CASSLGQGYSPLHF	VQELYSPIF
CASSQDSGGTDTQYF	VQELYSPIF
CASSLPKALDNEQFF	VQELYSPIF
CASRTTSGGYEQYF	VQELYSPIF
CASTRLGGANVLTF	VQELYSPIF
CASSPRTTGGPYEQYF	VQELYSPIF
CASSQDRQEGNTIYF	VQELYSPIF
CASSLDERQGLYEQYF	VQELYSPIF
CASKGSSYNSPLHF	VQELYSPIF
CASSSLGLAGSEQYF	VQELYSPIF
CASTGYNEQFF	VQELYSPIF
CASSLTGGQETQYF	VQELYSPIF
CASSQPLRGGPLGEQYF	VQELYSPIF
CASKGSYNEQFF	VQELYSPIF
CASSQDTSGGFGTDTQYF	VQELYSPIF
CASSVAGTPSETQYF	VQELYSPIF
CSVEGTPGLAVLGQYF	VQELYSPIF
CASSQDQITEAFF	VQELYSPIF
CASSPLSNEQFF	VQELYSPIF
CASSIQGTNTGELFF	VQELYSPIF
CASSQDRLGGDTQYF	VQELYSPIF
CASSLDPGAGYGYTF	VQELYSPIF
CASSWGLAGAGELFF	VQELYSPIF
CASSVGVAGAYEQYF	VQELYSPIF
CASSPFNVRGAYNEQFF	VQELYSPIF
CATSPGGGQGAAETQYF	VQELYSPIF
CASSSSRDRATNEKLFF	VQELYSPIF
CASSLTGTPGNTIYF	VQELYSPIF
CASSPLRGEQETQYF	VQELYSPIF
CASSFPQAGGGKNEQFF	VQELYSPIF
CASSLPDYSNEQFF	VQELYSPIF
CASSSFFSGGQETQYF	VQELYSPIF
CASSATINTGELFF	VQELYSPIF
CASSQDLAGGKETQYF	VQELYSPIF
CASSLLGGGGFHEQYF	VQELYSPIF
CSVEEGGLLGYTF	VQELYSPIF
CASKGETYEQYF	VQELYSPIF
CASSFLPYTDGYTF	VQELYSPIF
CASSSTSSPFSGMADTQYF	VQELYSPIF
CASSSPGTNHNEQFF	VQELYSPIF
CASSLVSGEGTQYF	VQELYSPIF
CASSFRAGTYEQYF	VQELYSPIF
CASSPTGTSGNEQFF	VQELYSPIF
CASSLFQREGRTGELFF	VQELYSPIF
CASSQAGTGMYEQYF	VQELYSPIF
CASSWSLAGVINEQFF	VQELYSPIF
CASSLLAEHYNEQFF	VQELYSPIF
CASSRGDEITEAFF	VQELYSPIF
CSARGMATEAFF	VQELYSPIF
CASSLTSGGGPYNEQFF	VQELYSPIF
CASSLSSNTEAFF	VQELYSPIF
CASTPSGGLPEEQYF	VQELYSPIF
CATGADYGYTF	VQELYSPIF
CSVEMGGREAFF	VQELYSPIF
CASSQEAGIEKLFF	VQELYSPIF
CASSYPGRYEQYF	VQELYSPIF
CASSLPDHSYEQYF	VQELYSPIF
CASSPDLAGYGDTQYF	VQELYSPIF
CASSEVSRQVTYEQYF	VQELYSPIF
CASSIPPWREGLYEQFF	VQELYSPIF
CASSLVQGADMNTEAFF	VQELYSPIF
CASTGYNEQFF	VQELYSPIF
CASSQVNDRGPAEAFF	VQELYSPIF
CASSLAGGAVDTQYF	VQELYSPIF
CAWSGGGSSYEQYF	VQELYSPIF
CASSLVPGDEQYF	VQELYSPIF
CASSYLIGTGVTGELFF	VQELYSPIF
CASSFVRDPNSNQPQHF	VQELYSPIF
CSVQYGGSYEQYF	VQELYSPIF
CASSQDISPGGLGYTF	VQELYSPIF
CASSFSGHYNEQFF	VQELYSPIF
CASSLGLAGVYEQYF	VQELYSPIF
CAWRDINTGELFF	VQELYSPIF
CASSESGAGRYTGELFF	VQELYSPIF
CASSLYVTDTQYF	VQELYSPIF
CASSSPGTAYYGYTF	VQELYSPIF
CASSSMGGQETQYF	VQELYSPIF
CASSWGYEQYF	VQELYSPIF
CSANKGTSSPSEQYF	VQELYSPIF
CSARLREVSTDTQYF	VQELYSPIF
CASSQDGTGGNYEQYF	VQELYSPIF
CASSQFYRPKGGAYQPQHF	VQELYSPIF
CASSEGAGYEETQYF	VQELYSPIF
CASSTGTVEAFF	VQELYSPIF
CASSRGYEQFF	VQELYSPIF
CASSEANGSGETQYF	VQELYSPIF
CASTTIGQGIAKNIQYF	VQELYSPIF
CASSPGLAGGLYEQYF	VQELYSPIF
CASSQDLLAEQFF	VQELYSPIF
CASRLTRSSMTDTQYF	VQELYSPIF
CASSLDRGTSGGYNEQFF	VQELYSPIF
CSVDGTGLVNEQFF	VQELYSPIF
CASSFVPRYLGSNQPQHF	VQELYSPIF
CASSLSRLGTDTQYF	VQELYSPIF
CASSDGGSPLHF	VQELYSPIF
CASSPWTGWINQPQHF	VQELYSPIF
CASSEHGTGYTGELFF	VQELYSPIF
CASSVGYGGAWDEQFF	VQELYSPIF
CSAHSGSYNEQFF	VQELYSPIF
CASSYTGGPYEQYF	VQELYSPIF
CASSYSRTYEQYF	VQELYSPIF
CASSPMGGQETQYF	VQELYSPIF
CASSLGEGYEPQHF	VQELYSPIF
CASSCTGQGDEKLFF	VQELYSPIF
CASSWDRNNIQYF	VQELYSPIF
CASSHNRDVSYEQYF	VQELYSPIF
CASSSPGTGDNEQFF	VQELYSPIF
CSAEAGDRSQHF	VQELYSPIF
CASSDTFPEAFF	VQELYSPIF
CASSKGQVPYNEQFF	VQELYSPIF
CASSSMVGDPGQGLPFAGYTF	VQELYSPIF
CASKHAGYNEQFF	VQELYSPIF
CASSQDSKTSDTQYF	VQELYSPIF
CASSQEDRGTSDTQYF	VQELYSPIF
CSVEWGNYGYTF	VQELYSPIF
CASSFYGIGYNEQFF	VQELYSPIF
CASSLAWGIDTDTQYF	VQELYSPIF
CASSLAGATDTQYF	VQELYSPIF
CSVDFPYGTAFF	VQELYSPIF
CASSPDINSGNTIYF	VQELYSPIF
CASSQGVGGLTYEQYF	VQELYSPIF
CASSELGTASYEQYF	VQELYSPIF
CASKVLGSRTDTQYF	VQELYSPIF
CASSPLGPGDTEAFF	VQELYSPIF
CATSDSRTSGAIPLYEQYF	VQELYSPIF
CASRKGSGVEAFF	VQELYSPIF
CASSLSQGYFQPQHF	VQELYSPIF
CASSSSWNTEAFF	VQELYSPIF
CSRLAKSYNEQFF	VQELYSPIF
CAIIGGPYGYTF	VQELYSPIF
CASGKTGGANTEAFF	VQELYSPIF
CASSPLAHEQFF	VQELYSPIF
CASSLMGTSVQETQYF	VQELYSPIF
CASSLFEGDTGELFF	VQELYSPIF
CASSLEEGARIEAFF	VQELYSPIF
CASSQDYGFGNTIYF	VQELYSPIF
CASSLGLAGNNEQFF	VQELYSPIF
CATSPGQSSYEQYF	VQELYSPIF
CASSLEGGGLDEKLFF	VQELYSPIF
CATSDLGTGDNEQFF	VQELYSPIF
CASSFLAGDLYNEQFF	VQELYSPIF
CSVETGNGYTF	VQELYSPIF
CAWSPTGSYEQYF	VQELYSPIF
CASSLGGGELFF	VQELYSPIF
CASSLGSASGSDNEQFF	VQELYSPIF
CASSFLAGAHNEQFF	VQELYSPIF
CSVEPGGSSYNEQFF	VQELYSPIF
CASSPLLAGALDTQYF	VQELYSPIF
CASSDLAIGELFF	VQELYSPIF
CASRGLQETQYF	VQELYSPIF
CASSLPGRNTEAFF	VQELYSPIF
CASSFPTGPTEAFF	VQELYSPIF
CASSFSGINYNEQFF	VQELYSPIF
CASSATGTESTDTQYF	VQELYSPIF
CASSFLAGTNEQFF	VQELYSPIF
CASSQTGHILTDTQYF	VQELYSPIF
CSVEGLAGVREQFF	VQELYSPIF
CASSLPGQGQETQYF	VQELYSPIF
CASSQDFGQGYTEAFF	VQELYSPIF
CASSFFGRGEQPQHF	VQELYSPIF
CASSLRLAGVSYEQYF	VQELYSPIF
CASSLGLAGPVYNEQFF	VQELYSPIF
CASSVVEANEQFF	VQELYSPIF
CSATTGVEQYF	VQELYSPIF
CASSPAGGSGSGDTQYF	VQELYSPIF
CASSNGGREAFF	VQELYSPIF
CASSYSMTANTGELFF	VQELYSPIF
CSSPGPGYNEQFF	VQELYSPIF
CASSLNLLETQYF	VQELYSPIF
CASSSHRVSGANVLTF	VQELYSPIF
CASSPLLAGVKNEQFF	VQELYSPIF
CASSFSGAANTGELFF	VQELYSPIF
CASSLSVGQLQETQYF	VQELYSPIF
CASSQDIGTGGNNEQFF	VQELYSPIF
CASSSVVGGREGNIQYF	VQELYSPIF
CASSLSLAGYNEQFF	VQELYSPIF
CASSLVRAGGTTYEQYF	VQELYSPIF
CASSGQASTGELFF	VQELYSPIF
CASSSLEGLTDTQYF	VQELYSPIF
CASSFIAGVYNEQFF	VQELYSPIF
CASSFGGNTGELFF	VQELYSPIF
CASSRDRYSNQPQHF	VQELYSPIF
CASSFSGQGGQPQHF	VQELYSPIF
CASSLEVYTEAFF	VQELYSPIF
CASSLGLAGTGELFF	VQELYSPIF
CASSLATGYEQYF	VQELYSPIF
CASSRTSGPIGNIQYF	VQELYSPIF
CAAGTSGSYEQYF	VQELYSPIF
CASSQGSGGIDEQYF	VQELYSPIF
CASRPDLAGATDTQYF	VQELYSPIF
CASSLVPGDEQYF	VQELYSPIF
CSAQGDGGLYVEQYF	VQELYSPIF
CASSGQGRTDTQYF	VQELYSPIF
CASSLGTDTQYF	VQELYSPIF
CSVETGDGYTF	VQELYSPIF
CASSEGLAGAYEQYF	VQELYSPIF
CASSVGYEQYF	VQELYSPIF
CASSLGWGSSYEQYF	VQELYSPIF
CASSQDSGPGQPQHF	VQELYSPIF
CASKFGQGYEQYF	VQELYSPIF
CASTADRGGQETQYF	VQELYSPIF
CASSYSMGFGNEQFF	VQELYSPIF
CASSYSMGETQYF	VQELYSPIF
CASSAQPIFFGDEQFF	VQELYSPIF
CASGPGLDTEAFF	VQELYSPIF
CASSPTEGVEAFF	VQELYSPIF
CASSLHRDYEQYF	VQELYSPIF
CSVEEGTEAFF	VQELYSPIF
CASSYSDREAYEQYF	VQELYSPIF
CSVQEASYGYTF	VQELYSPIF
CSVEDRDNTGELFF	VQELYSPIF
CASRGLLLFEKLFF	VQELYSPIF
CASGNTGGVETQYF	VQELYSPIF
CASSNGQGGNEQFF	VQELYSPIF
CASSLAGFGQPQHF	VQELYSPIF
CSASKNTEAFF	VQELYSPIF
CSAEGHGESYEQYF	VQELYSPIF
CASSLAPGGGYEQYF	VQELYSPIF
CASSLGLAGVYEQYF	VQELYSPIF
CASSLVTAGGYNEQFF	VQELYSPIF
CSVHGEGLSNEQYF	VQELYSPIF
CSVELGGTEAFF	VQELYSPIF
CASTRAGGSYEQYF	VQELYSPIF
CASSSGGETVNTEAFF	VQELYSPIF
CASSQAPGGGYTEAFF	VQELYSPIF
CASSVAWGGGLNTGELFF	VQELYSPIF
CASSYGTGFTEAFF	VQELYSPIF
CSVDLLAGGPTDTQYF	VQELYSPIF
CASSPPSGSGANVLTF	VQELYSPIF
CSAIRLAGDLPNSYNEQFF	VQELYSPIF
CASSLGQGTYTYEQYF	VQELYSPIF
CASSSHPASGDSNIQYF	VQELYSPIF
CASSFSAGGRNEQFF	VQELYSPIF
CSVELGTWEQYF	VQELYSPIF
CSVDDPAGGTEAFF	VQELYSPIF
CASSLVQGAAYEQYF	VQELYSPIF
CSARVAPQETQYF	VQELYSPIF
CASSLETGGYEQYF	VQELYSPIF
CASSQEFRPKETQYF	VQELYSPIF
CASSLAGDYGYTF	VQELYSPIF
CASTYYNEQFF	VQELYSPIF
CASSPRTGAGAYEQYF	VQELYSPIF
CASSSLSGGLTDTQYF	VQELYSPIF
CASSYVWGTSGREGGELFF	VQELYSPIF
CASSLDPGLAYEQYF	VQELYSPIF
CASSPTGVSGANVLTF	VQELYSPIF
CASSLGLAGVYEQFF	VQELYSPIF
CASSLSGGTTYEQYF	VQELYSPIF
CASSPPTSGSSSYEQYF	VQELYSPIF
CASSLFAGDTQYF	VQELYSPIF
CASSTQGLLYNEQFF	VQELYSPIF
CASSLWAGSYNEQFF	VQELYSPIF
CASSLGPGGPDTQYF	VQELYSPIF
CASSPQRLSYYQPQHF	VQELYSPIF
CASSLELAGTGELFF	VQELYSPIF
CASSQGPPTLGAGTGELFF	VQELYSPIF
CARSNTGEGTGELFF	VQELYSPIF
CASSLEPYNEQFF	VQELYSPIF
CASSSVMGREWETQYF	VQELYSPIF
CASSYSAAGVHTEAFF	VQELYSPIF
CASSQVNRGGQDEQYF	VQELYSPIF
CSVLAGVNEQFF	VQELYSPIF
CASRPGLAGVNEQFF	VQELYSPIF
CASRPGMMNTEAFF	VQELYSPIF
CASRNSGDTDTQYF	VQELYSPIF
CSVHLGPLSAFF	VQELYSPIF
CASSQSGTGSYNEQFF	VQELYSPIF
CASSLWARGIDEQFF	VQELYSPIF
CATSDLGQGDNEQFF	VQELYSPIF
CASSSGPGYEQYF	VQELYSPIF
CASSHPNSPGWVF	VQELYSPIF
CASSQGSNWYEQYF	VQELYSPIF
CASSGGDTYEQYF	VQELYSPIF
CASSLNGLAGTDTQYF	VQELYSPIF
CASSFSPGGSYEQYF	VQELYSPIF
CASSLSGQGYTDTQYF	VQELYSPIF
CARTLGCGSRNIQYF	VQELYSPIF
CASSIGMNTEAFF	VQELYSPIF
CASSLGQGVDTQYF	VQELYSPIF
CASSSGQTNTGELFF	VQELYSPIF
CASSPGTERGEKLFF	VQELYSPIF
CASSVDSSPGYGYTF	VQELYSPIF
CASSPAPTSDYNEQFF	VQELYSPIF
CASSLVGTYEQYF	VQELYSPIF
CASSPTGLRDYFTDTQYF	VQELYSPIF
CSANQGNEQYF	VQELYSPIF
CSVEGLAGVNIQYF	VQELYSPIF
CASRRDPYEQYF	VQELYSPIF
CASSPTQTKDVHPYEQYF	VQELYSPIF
CASRQGDFFEQYF	VQELYSPIF
CASTVGQGDIQYF	VQELYSPIF
CASSTGHEQFF	VQELYSPIF
CASSLSSSYNEQFF	VQELYSPIF
CASSLAPGWSGLATYEQYF	VQELYSPIF
CASSATGVGYEQYF	VQELYSPIF
CASSSGTVTYNEQFF	VQELYSPIF
CASSYHLGGDGYTF	VQELYSPIF
CSALGTGYVYGYTF	VQELYSPIF
CASRAEGYNQPQHF	VQELYSPIF
CASSEFSGGDTQYF	VQELYSPIF
CASSVSQADYEQYF	VQELYSPIF
CASSPSRGPTDTQYF	VQELYSPIF
CASSLVEDLDTQYF	VQELYSPIF
CASRTSRSYEQYF	VQELYSPIF
CASSPGGGGSSSYNEQFF	VQELYSPIF
CASSFDLTLNQPQHF	VQELYSPIF
CSVGGGESYEQYF	VQELYSPIF
CSVGVRQAYEQYF	VQELYSPIF
CGVSGGDSYEQYF	VQELYSPIF
CASSQVGAGGNTEAFF	VQELYSPIF
CASGLAGDYEQYF	VQELYSPIF
CASSPAGGYNEQFF	VQELYSPIF
CASSLGWGSSYEQYF	VQELYSPIF
CASSPFLAGGSYNEQFF	VQELYSPIF
CASSLELAGYNEQFF	VQELYSPIF
CASSLSGLEAVANQPQHF	VQELYSPIF
CASSYDLSTYYNEQFF	VQELYSPIF
RASSFGGLTRGGRLYQETQYF	VQELYSPIF
CASSQGLAGGNQETQYF	VQELYSPIF
CASSLVGQGARDEKLFF	VQELYSPIF
CASSPNSYEQYF	VQELYSPIF
CASSLKLAGVYNEQFF	VQELYSPIF
CASSQEGHRGVIGELFF	VQELYSPIF
CSMEGGSTDTQYF	VQELYSPIF
CASSQDIGQAYEQYF	VQELYSPIF
CASSLSSSYNEQFF	VQELYSPIF
CASSSPGTSVSEQYF	VQELYSPIF
CATRRSRATEAFF	VQELYSPIF
CASSLGQETEAFF	VQELYSPIF
CASSPDINSGNTIYF	VQELYSPIF
CASSFSPGKGELLTNEKLFF	VQELYSPIF
CASSLEVGVSSIQYF	VQELYSPIF
CSASGMNTEAFF	VQELYSPIF
CASSLGTGGPDTQYF	VQELYSPIF
CASSLTGNQETQYF	VQELYSPIF
CASSGWDRERNEQFF	VQELYSPIF
CASSPTGVETQYF	VQELYSPIF
CASSYLAGETDIQYF	VQELYSPIF
CASSSRDGHYNEQFF	VQELYSPIF
CASSYQGLNTEAFF	VQELYSPIF
CASSGVRDRGQVFDQPQHF	VQELYSPIF
CASSEWGQGAHRETQYF	VQELYSPIF
CASSGLAFQSTDTQYF	VQELYSPIF
CASSIQGREQFF	VQELYSPIF
CSVGGRSSYEQYF	VQELYSPIF
CSVDPAMNSGYGYTF	VQELYSPIF
CASSTAGHNYGYTF	VQELYSPIF
CASSYGPSNEQFF	VQELYSPIF
CASSRGDTQYF	VQELYSPIF
CASSTRETQYF	VQELYSPIF
CASSTPGTSAYNEQFF	VQELYSPIF
CASSFWLGLESSYNSPLHF	VQELYSPIF
CASSHLAGGSYEQYF	VQELYSPIF
CASRAGGDYNSPLHF	VQELYSPIF
CASSPGTVNTGELFF	VQELYSPIF
CASSPAGLYEQYF	VQELYSPIF
CASSSDREGAQPQHF	VQELYSPIF
CASSQGGGTGVTYEQYF	VQELYSPIF
CASNPQGGGEKLFF	VQELYSPIF
CASSYSGPYEQYF	VQELYSPIF
CASSYYMNTEAFF	VQELYSPIF
CASSLGLAGTSTDTQYF	VQELYSPIF
CASSLPEAARFEQYF	VQELYSPIF
CASSPGDSYNNEQFF	VQELYSPIF
CASSLPLASGNEQFF	VQELYSPIF
CASSSGQGPHNEQFF	VQELYSPIF
CASSLIWGRAGNEQFF	VQELYSPIF
CASSSIAGGPYEQYF	VQELYSPIF
CASSYSSKVGYTF	VQELYSPIF
CASSYSQNTEAFF	VQELYSPIF
CASSLGGSYEQYF	VQELYSPIF
CASGLGVSREDNEQFF	VQELYSPIF
CASSLTDTGELFF	VQELYSPIF
CASSLGTTFYEQYF	VQELYSPIF
CSFGTGDSYEQYF	VQELYSPIF
CASNDFGQGLIYEQYF	VQELYSPIF
CASSRTDSSYNEQFF	VQELYSPIF
CASRTPGLAEYEQYF	VQELYSPIF
CASSPRTSGGCYEQYF	VQELYSPIF
CASGDVVTVLETQYF	VQELYSPIF
CASSQEGSPGETQYF	VQELYSPIF
CASSLGLAGVYEQYF	VQELYSPIF
CSVGPTGIAYEQYF	VQELYSPIF
CASSSGTGELFF	VQELYSPIF
CASSHWGAKNIQYF	VQELYSPIF
CASSSPGQGLYEQYF	VQELYSPIF
CASSEAFKGAGEQYF	VQELYSPIF
CSYETPYNEQFF	VQELYSPIF
CASNTGGIGRYEQYF	VQELYSPIF
CASSLAGGAYEQYF	VQELYSPIF
CASRSPGQGNEKLFF	VQELYSPIF
CASSSLGLAGYNEQFF	VQELYSPIF
CASSILAGGSYEQYF	VQELYSPIF
CASSLGGLNEQFF	VQELYSPIF
CASSPTGIRGEKLFF	VQELYSPIF
CSVGGQHSTGELFF	VQELYSPIF
CASRPIAGPIDTQYF	VQELYSPIF
CSVEQAGEGYTF	VQELYSPIF
CASSFSSSYNEQFF	VQELYSPIF
CASSLETGGYEQYF	VQELYSPIF
CASSLADSSGNTIYF	VQELYSPIF
CASSQEGVFPEQFF	VQELYSPIF
CASSSGVLGELFF	VQELYSPIF
CASSELGPRGNTEAFF	VQELYSPIF
CASSLGLEQYF	VQELYSPIF
CASSPVVDPAEAFF	VQELYSPIF
CASSLIRTGELFF	VQELYSPIF
CASSEIQGARAYTQYF	VQELYSPIF
CASSLVLAGDYEQYF	VQELYSPIF
CASSLGPWGHTEAFF	VQELYSPIF
CLVGTESSYEQYF	VQELYSPIF
CASSLPSAVRNEQFF	VQELYSPIF
CASSLSLAGYNEQFF	VQELYSPIF
CASNLVPDLATNEKLFF	VQELYSPIF
CSRGGGGSYEQYF	VQELYSPIF
CASSYTSGELFF	VQELYSPIF
CASSHVQLAGGVYNEQFF	VQELYSPIF
CSARDSATATSNEQFF	VQELYSPIF
CASSQSTGGLDYGYTF	VQELYSPIF
CASSQDGSSYNEQFF	VQELYSPIF
CASRRQGDTGELFF	VQELYSPIF
CASSFPGSSYNEQFF	VQELYSPIF
CASKQVGGPGDTQYF	VQELYSPIF
CASTSGQGVEQYF	VQELYSPIF
CASSFSSSYNEQFF	VQELYSPIF
CASSMSGLAGVIEQFF	VQELYSPIF
CAAFRDRGGPTRSSAGNEQFF	VQELYSPIF
CASSQEGGGGYEQYF	VQELYSPIF
CASSVNIGSAYEQYF	VQELYSPIF
CASSFGGAGAVYEQYF	VQELYSPIF
CSVEGPGQVLSYTF	VQELYSPIF
CSVEAPWGQVNTEAFF	VQELYSPIF
CASSYWAGAVNEQFF	VQELYSPIF
CASSLAPGGLTEAFF	VQELYSPIF
CASSLDAGYSHTDTQYF	VQELYSPIF
CASTGSYNEQFF	VQELYSPIF
CASSESGGLAGSNTGELFF	VQELYSPIF
CASSSIGQGPTGELFF	VQELYSPIF
CASSLFGRNNEQFF	VQELYSPIF
CASSLPGTGLNEQFF	VQELYSPIF
CASSLLPQYESTDTQYF	VQELYSPIF
CASSLELAGGTNYNEQFF	VQELYSPIF
CASSLFHPGLATNEQFF	VQELYSPIF
CASSLPHATENIQYF	VQELYSPIF
CASSLNTPLEAFF	VQELYSPIF
CATQTGPNTEAFF	VQELYSPIF
CASRFTSNNEQFF	VQELYSPIF
CASSEYRDYEQYF	VQELYSPIF
CASSDQAGGYEQFF	VQELYSPIF
CASSLGFSGGSYNEQFF	VQELYSPIF
CASSLKPWDPVPDEKLFF	VQELYSPIF
CASSLGAGFDNEQFF	VQELYSPIF
CATSPYGENRETQYF	VQELYSPIF
CASSEGGGSVYEQYF	VQELYSPIF
CASSKVGTSLGETQYF	VQELYSPIF
CASEGEINEQFF	VQELYSPIF
CASSLDADRVRGNSNQPQHF	VQELYSPIF
CASSISQGGNEQFF	VQELYSPIF
CASSSPGTGVNEQFF	VQELYSPIF
CASSDATYNEQFF	VQELYSPIF
CASSFVGQPQHF	VQELYSPIF
CASRPLADRTDTQYF	VQELYSPIF
CASSLRQNTEAFF	VQELYSPIF
CASSLYGQPQHF	VQELYSPIF
CASSLVGPGDEQFF	VQELYSPIF
CASSWDLQAQHF	VQELYSPIF
CASTPAGGTLIAKNIQYF	VQELYSPIF
CASSLAGAGTGELFF	VQELYSPIF
CASSPGETNTGELFF	VQELYSPIF
CASSIAGGPYEQYV	VQELYSPIF
CASSQDVGAGNTIYF	VQELYSPIF
CASSLLGVDYNEQFF	VQELYSPIF
CASSLVLAGEHEQFF	VQELYSPIF
CASSPGGLNTDTQYF	VQELYSPIF
CASSQDPGQALEQYF	VQELYSPIF
CASSYNGLAGIETQYF	VQELYSPIF
CASSLTGEEQYF	VQELYSPIF
CASSLAWGLKHNEQFF	VQELYSPIF
CASSHGFGPSAEYF	VQELYSPIF
CASSFWTGGDPDEKLFF	VQELYSPIF
CASSLIVYEQYF	VQELYSPIF
CASSRPRQGSTDTQYF	VQELYSPIF
CASSLFWGDEQFF	VQELYSPIF
CASSYPRLAENIQYF	VQELYSPIF
CASSLGLAGVWEQYF	VQELYSPIF
CASSLSSSYNEQFF	VQELYSPIF
CASSLGLAGTYEQYF	VQELYSPIF
CASSDSSYNSPLHF	VQELYSPIF
CASSSDRYPSPEAFF	VQELYSPIF
CASSLADGSTDTQYF	VQELYSPIF
CASSFWVQPQSSYNSPLHF	VQELYSPIF
CSVDSQGPGYTF	VQELYSPIF
CSAPQLSYNEQFF	VQELYSPIF
CASSLSQGQTYEQYF	VQELYSPIF
CASSQPSGRSYPPRAQYF	VQELYSPIF
CASSLRYQETQYF	VQELYSPIF
CASSADPTDNEQFF	VQELYSPIF
CASSLGEAAGREIEQYF	VQELYSPIF
CASSIVWAGELFF	VQELYSPIF
CASSGGINSYNEQFF	VQELYSPIF
CASSTWTSGVQVEQYF	VQELYSPIF
CASSQGGLEQYF	VQELYSPIF
CATSRERRVSYEQYF	VQELYSPIF
CASSSPGQGFYEQYF	VQELYSPIF
CASMRAPFEYEQYF	VQELYSPIF
CASSILGQARYEQYF	VQELYSPIF
CASSSGPSYGYTF	VQELYSPIF
CASSLGETYSYEQYF	VQELYSPIF
CSDEGPAAAEQFF	VQELYSPIF
CASSLWDPNTGELFF	VQELYSPIF
CASSQDLANEQFF	VQELYSPIF
CASSLMEGSSPLHF	VQELYSPIF
CASSYLHGNGYTF	VQELYSPIF
CASSGQEDPDYNEQFF	VQELYSPIF
CSVGSSGNYEQYF	VQELYSPIF
CASEGWTGAYNEQFF	VQELYSPIF
CASTSGQHNSPLHF	VQELYSPIF
CASSLGLAGTYEQYF	VQELYSPIF
CASSLSSRGLAFF	VQELYSPIF
CASSAGFNEQFF	VQELYSPIF
CASSPYSTGINEQYF	VQELYSPIF
CASSLGTAQETQYF	VQELYSPIF
CATSDPGGAETDTQYF	VQELYSPIF
CASSLAWLASDNEQFF	VQELYSPIF
CASSQWTGFYEQYF	VQELYSPIF
CASSQESREAYNSPLHF	VQELYSPIF
CASSLQLEAFF	VQELYSPIF
CASSLSSGVPYEQYF	VQELYSPIF
CASSLGQAYYEQYF	VQELYSPIF
CASSLVVQGTDTQYF	VQELYSPIF
CSVGRGSSYEQYF	VQELYSPIF
CASSLLQGSSYNEQFF	VQELYSPIF
CASSLGLAGTYEQYF	VQELYSPIF
CASSLVAGNTDTQYF	VQELYSPIF
CASSGLGLAGGSNNEQFF	VQELYSPIF
CASSQGLAGGLQETQYF	VQELYSPIF
CASLTGTEQYF	VQELYSPIF
CASSYRSRTEAFF	VQELYSPIF
CASSGDLNVYNEQFF	VQELYSPIF
CASSVDGYSGNTIYF	VQELYSPIF
CASSLGGHSPLHF	VQELYSPIF
CASSQGSGSTNEKLFF	VQELYSPIF
CASSLTFGQGQPQHF	VQELYSPIF
CSVDGVIYNEQFF	VQELYSPIF
CASSLGASYNEQFF	VQELYSPIF
CASSSPDYWNEQFF	VQELYSPIF
CASRLGLAGGPATQYF	VQELYSPIF
CASSSGGLAVQETQYF	VQELYSPIF
CASSLGGWDTEAFF	VQELYSPIF
CASSPLGQGFAYEQYF	VQELYSPIF
CASSGTTEVNQPQHF	VQELYSPIF
CASSYRVPNTGELFF	VQELYSPIF
CASSQFMKVASTYNEQFF	VQELYSPIF
CASSFWGDYNSPLHF	VQELYSPIF
CASSLVQGASQPQHF	VQELYSPIF
CSVLQETQYF	VQELYSPIF
CASSGGDGAPDTQYF	VQELYSPIF
CASSYGPSYEQYF	VQELYSPIF
CASSLAPGAEAFF	VQELYSPIF
CASSLVTGNNEQFF	VQELYSPIF
CASTVGDRAYNEQFF	VQELYSPIF
CASSLGGDNYGYTF	VQELYSPIF
CASTQWGGSSYNEQFF	VQELYSPIF
CASSLVSGELFF	VQELYSPIF
CASSYFPVHSNQPQHF	VQELYSPIF
CATKQGLAQHF	VQELYSPIF
CATGRTSSSTDTQYF	VQELYSPIF
CASSSVHEGRPYEQYF	VQELYSPIF
CASSWTGLETQYF	VQELYSPIF
CASSPAGVTDTQYF	VQELYSPIF
CASSLPLAVNNEQFF	VQELYSPIF
CASSQDGGSGNTIYF	VQELYSPIF
CASSLGLAGVYEQYF	VQELYSPIF
CASSVEGSSYNEQFF	VQELYSPIF
CASSFVQGAYEQYF	VQELYSPIF
CASSLAGYLYEQYF	VQELYSPIF
CASSFLAGGVGEQFF	VQELYSPIF
CASSPQGFHYGYTF	VQELYSPIF
CASSLPGLVAQSSYNEQFF	VQELYSPIF
CSVEGTGGLYEQYF	VQELYSPIF
CASSLYSGDEQYF	VQELYSPIF
CASSPGLAGQETQYF	VQELYSPIF
CASRGLSILPGWSDTQYF	VQELYSPIF
CASSLDEQGLTEAFF	VQELYSPIF
CASSPLAELTDTQYF	VQELYSPIF
CASSYSSANNEKLFF	VQELYSPIF
CASSQEPSGVYEQYF	VQELYSPIF
CSVEETGIHEQYF	VQELYSPIF
CASSLWQGAFVPGNTEAFF	VQELYSPIF
CASTSGLAGDLSYNEQFF	VQELYSPIF
CASSQDRSLAGEWYEQYF	VQELYSPIF
CASTRAGNSYQETQYF	VQELYSPIF
CASSYSGLDTGELFF	VQELYSPIF
CASSFGRSTTPEAYNEQFF	VQELYSPIF
CASSLDLGNTIYF	VQELYSPIF
CASSQDLAGSTDTQYF	VQELYSPIF
CSGGPTYEQYF	VQELYSPIF
CASSLAPKWADSYNEQFF	VQELYSPIF
CASSPQPMESYNEQFF	VQELYSPIF
CASSQEGLAGNYYNEQFF	VQELYSPIF
CASTQPGTGVWDTDTQYF	VQELYSPIF
CASSHGQGVTAFF	VQELYSPIF
CASSLDRTGERVGELFF	VQELYSPIF
CASRLLGQEIYEQYF	VQELYSPIF
CASSQDWGTGGNYGYTF	VQELYSPIF
CAWRELAGEPFF	VQELYSPIF
CASSGLAVPYEQYF	VQELYSPIF
CASSGGTDLTIYF	VQELYSPIF
CASSLVGNTEAFF	VQELYSPIF
CASNPLGLAEQDTQYF	VQELYSPIF
CSVEWGRNGYTF	VQELYSPIF
CASSFGTSGSSYNEQFF	VQELYSPIF
CSAGRQGLAGLRGNEQFF	VQELYSPIF
CASSEGIAGPYEQYF	VQELYSPIF
CASSLSGVETQYF	VQELYSPIF
CASSVQGSSYNEQFF	VQELYSPIF
CASSLGRLFSNQPQHF	VQELYSPIF
CASSPLGTVGNEQFF	VQELYSPIF
CASSLGLAGSYEQYF	VQELYSPIF
CASSQETSGGAWNIQYF	VQELYSPIF
CASSQDRGTSEQYF	VQELYSPIF
CASSLGGYEQYF	VQELYSPIF
CASSVTDGTEGNQPQHF	VQELYSPIF
CASSLVPGTNTGELFF	VQELYSPIF
CASSQVGALSYNEQFF	VQELYSPIF
CASSLPGSIYNEQFF	VQELYSPIF
CASSLVGSGIKSQFF	VQELYSPIF
CSVDGTGSADTQYF	VQELYSPIF
CASSNLNPLGLTGELFF	VQELYSPIF
CASSLPRARGNEQFF	VQELYSPIF
CSVETGVEGYGYTF	VQELYSPIF
CASSFAGQYYEQYF	VQELYSPIF
CASSRALAFQETQYF	VQELYSPIF
CSVNGETSGGDEQFF	VQELYSPIF
CATSTIYSGTAHWYQETQYF	VQELYSPIF
CASSYSMGAPYEQYF	VQELYSPIF
CASSYTGGAYEQYF	VQELYSPIF
CASSLEQGGTEAFF	VQELYSPIF
CASSLGILAGEWNEQFF	VQELYSPIF
CASSPGLAGLNEQFF	VQELYSPIF
CASSAGTGGWNEQFF	VQELYSPIF
CASLPDRAGIGTQYF	VQELYSPIF
CASSEGGAGGRDEQYF	VQELYSPIF
CASSLGGTYNEQFF	VQELYSPIF
CASSEALHEQYF	VQELYSPIF
CASSLSPAGAEQYF	VQELYSPIF
CASSYSSGYEQYF	VQELYSPIF
CASYGLAGANGDTQYF	VQELYSPIF
CASSLGSHTEAFF	VQELYSPIF
CSVEGGDAETQYF	VQELYSPIF
CASSSRQGGETQYF	VQELYSPIF
CASSSPGTGIYEQYF	VQELYSPIF
CASSYGGRYNEQFF	VQELYSPIF
CASSSGVWGSYNEQFF	VQELYSPIF
CASSPRPWGLFF	VQELYSPIF
CASSHPRTVTSYEQYF	VQELYSPIF
CSVEGPASAMQYF	VQELYSPIF
CASSERQNTEAFF	VQELYSPIF
CAWSVGFSGYNEQFF	VQELYSPIF
CASSPGQGASSGYTF	VQELYSPIF
CASRARVSYEQYF	VQELYSPIF
CASSLEEGMNTEAFF	VQELYSPIF
CASSLGGVFYEQYF	VQELYSPIF
CASSPDGTNTGELFF	VQELYSPIF
CASSVQLYNEQFF	VQELYSPIF
CASSSLEGTRDEQYF	VQELYSPIF
CAIFEGDTRGYGYTF	VQELYSPIF
CASSYTGGAPYEQYF	VQELYSPIF
CASRTEWKAFF	VQELYSPIF
CASSRPGTGEDTQYF	VQELYSPIF
CASSSVTGAYEQYF	VQELYSPIF
CSVEWGSEAFF	VQELYSPIF
CASSHFIAGGRTYNEQFF	VQELYSPIF
CASSLPRAANNEQFF	VQELYSPIF
CASTQGWGSEQYF	VQELYSPIF
CASSLRPLGAYNEQFF	VQELYSPIF
CASSLPQLAGNEQFF	VQELYSPIF
CASSYSGGQETQYF	VQELYSPIF
CASSQDRTLLDRGLGSYEQYF	VQELYSPIF
CASSLWSGANVLTF	VQELYSPIF
CASQQVNTEAFF	VQELYSPIF
CASTPRGAGLTTDTQYF	VQELYSPIF
CSVDRRDPYNEQFF	VQELYSPIF
CASSSPGTDSYNEQFF	VQELYSPIF
CSIPGQGYEQYF	VQELYSPIF
CASSLVPGQGGNTIYF	VQELYSPIF
CASSSTRTSGIGEQFF	VQELYSPIF
CASSLFGVNLTYEQYF	VQELYSPIF
CSVEEGTRGYTF	VQELYSPIF
CASSFGGGNTEAFF	VQELYSPIF
CASSSPGRGLHSGANVLTF	VQELYSPIF
CASSLSGDVGYTF	VQELYSPIF
CASSFAGSTEAFF	VQELYSPIF
CASSSLPGTSGSRWDEQYF	VQELYSPIF
CASSFPDRGDFALYV	VQELYSPIF
CSVGLNTEAFF	VQELYSPIF
CSAPGTRSYNEQFF	VQELYSPIF
CASSFRDPYEQYF	VQELYSPIF
CSVEEGNRAYTF	VQELYSPIF
CASSLATNPGETQYF	VQELYSPIF
CASSPRQGKIDEQYF	VQELYSPIF
CAWNVVNGETQYF	VQELYSPIF
CASSKVEGGPADTQYF	VQELYSPIF
CASSFTGGPYEQYF	VQELYSPIF
CASRIHGYGTEAFF	VQELYSPIF
CSVEGGGTEAFF	VQELYSPIF
CASSSAGDTYEQYF	VQELYSPIF
CASSQDGAYEQYF	VQELYSPIF
CASSQDRTYNEQFF	VQELYSPIF
CARSLTVLGDKGETQYF	VQELYSPIF
CASSRASGGVDTGELFF	VQELYSPIF
CASSQFYTRDRELDQPQHF	VQELYSPIF
CASSLWGQEQRTDTQYF	VQELYSPIF
CASSQDPSGSDEQYF	VQELYSPIF
CASSLVELGAGGSGNEQFF	VQELYSPIF
CASSYSGRSHNEQFF	VQELYSPIF
CASSLPSGSSYNEQFF	VQELYSPIF
CASSHPSGTFKGSYNEQFF	VQELYSPIF
CASSQDGTDLADTQYF	VQELYSPIF
CASSYVGTSYNEQFF	VQELYSPIF
CASSYTSGNTGELFF	VQELYSPIF
CASSEQIMNTEAFF	VQELYSPIF
CASSFRAPNEQFF	VQELYSPIF
CASRWLAGFQETQYF	VQELYSPIF
CASSFGGANYEQYF	VQELYSPIF
CASSYSVRDMNTEAFF	VQELYSPIF
CNPFRGDYNEQFF	VQELYSPIF
CASSLAFGMNTEAFF	VQELYSPIF
CASSQQNPLGTDTQYF	VQELYSPIF
CASSQEGGLAGIYEQYF	VQELYSPIF
CASNTLGRGLYNEQFF	VQELYSPIF
CASSLGGGGATMNTEAFF	VQELYSPIF
CARNRPGQHYNEQFF	VQELYSPIF
CSVEWQGGDYGYTF	VQELYSPIF
CASSQVGTGDYGYTF	VQELYSPIF
CSVGGGEELLYEQYF	VQELYSPIF
CSVALVGGSYEQYF	VQELYSPIF
CASSSGGDQPQHF	VQELYSPIF
CASSLSGGPYEQYF	VQELYSPIF
CASSTPGQSIYEQYF	VQELYSPIF
CASHRGGGTDTQYF	VQELYSPIF
CASSPRDNEQFF	VQELYSPIF
CASSYPRGRGDTEAFF	VQELYSPIF
CASSLVASTGPFF	VQELYSPIF
CASSLPRAGRTGELFF	VQELYSPIF
CASSLPKATGNTIYF	VQELYSPIF
CASSEDLALNQPQHF	VQELYSPIF
CASSPSMTGELFF	VQELYSPIF
CASSPTGSDRIYGYTF	VQELYSPIF
CASSFQGNSGNTIYF	VQELYSPIF
CSVEALPGPAGYGYTF	VQELYSPIF
CASSIQGANTEAFF	VQELYSPIF
CASSWTSGHYEQYF	VQELYSPIF
CASTAFGGKMDTEAFF	VQELYSPIF
CASSYQGGNTDTQYF	VQELYSPIF
CASSLIGTSGGYNEQFF	VQELYSPIF
CASSFNRGIDEAFF	VQELYSPIF
CASSDLRITNTGELFF	VQELYSPIF
CASSGSGQGPYEQYF	VQELYSPIF
CASSLTTGNTEAFF	VQELYSPIF
CASSFTGGILDTQYF	VQELYSPIF
CTSSLEKRTSNTGELFF	VQELYSPIF
CASSLAVTYEQYF	VQELYSPIF
CASSQTGTGTYEQYF	VQELYSPIF
CASNIQGYTDTQYF	VQELYSPIF
CASSVAVHNEQFF	VQELYSPIF
CASSPSELTDTQYF	VQELYSPIF
CASSDRVIEQYF	VQELYSPIF
CASSLSGEHTQYF	VQELYSPIF
CASSMSIGQYSNQPQHF	VQELYSPIF
CASSSDSYEQYF	VQELYSPIF
CASSYLAGGPHNEQFF	VQELYSPIF
CSARLAGADEQYF	VQELYSPIF
CSARDLGQFNTGELFF	VQELYSPIF
CASSLYEGGGNEQFF	VQELYSPIF
CASSFQGRGNTEAFF	VQELYSPIF
CASSLEITGDYEQYF	VQELYSPIF
CASSRTPAGPLIEKLFF	VQELYSPIF
CASSPGIGTRFYNEQFF	VQELYSPIF
CASSEARNLFYEQYF	VQELYSPIF
CASSLEEGLNTEAFF	VQELYSPIF
CATRDRAPDGYTF	VQELYSPIF
CASSLAGVLYEQYF	VQELYSPIF
CASSFLSGSYNEQFF	VQELYSPIF
CASSGGEGDRGSDTQYF	VQELYSPIF
CASSSPGQGKNEQFF	VQELYSPIF
CSVEGGQGLTDTQYF	VQELYSPIF
CASSFPTAVYNEQFF	VQELYSPIF
CASSFYGSPFGEQFF	VQELYSPIF
CASSLEGIFTGELFF	VQELYSPIF
CASSSRLESYEQYF	VQELYSPIF
CSVEDPTQGQVTEAFF	VQELYSPIF
CASRYGPGNTEAFF	VQELYSPIF
CASMSSGELFF	VQELYSPIF
CASRTGGLNTEAFF	VQELYSPIF
CASSLVGNGYNEQFF	VQELYSPIF
CASSNLMAPQRETQYF	VQELYSPIF
CASSLPDRETQYF	VQELYSPIF
CASSLNNFYNEQFF	VQELYSPIF
CSARDPHLAGGLHQETQYF	VQELYSPIF
CSARPDYTDTQYF	VQELYSPIF
CASSQDEVLGEWGYEKLFF	VQELYSPIF
CASSLAIGDFYEQYF	VQELYSPIF
CASSPGPLGPYEQYF	VQELYSPIF
CASSLSGNTEAFF	VQELYSPIF
