CDR3	AA
CASSQDPALNTEAFF	VTPSGTWLTY
CASSEAMDKGLIDTQYF	VTPSGTWLTY
CASSQVGTSGTYEQYF	VTPSGTWLTY
CASSAGWGSTDTQYF	VTPSGTWLTY
CASSRRQVMYQETQYF	VTPSGTWLTY
CASSILGAEQFF	VTPSGTWLTY
CASSEVGTGFSNQPQHF	VTPSGTWLTY
CASSYIRGEQYF	VTPSGTWLTY
CASSYPGLAGGLGDTQYF	VTPSGTWLTY
CASSLGQGPPQHF	VTPSGTWLTY
CASSQGLVDEQFF	VTPSGTWLTY
CASNAVMYSNQPQHF	VTPSGTWLTY
CASSQAGLGWGVEQFF	VTPSGTWLTY
CASSLSAGGSGYTF	VTPSGTWLTY
CASSGDRFSSNTGELFF	VTPSGTWLTY
CASSTPRDRGSYEQYV	VTPSGTWLTY
CASSLTGGSYNEQFF	VTPSGTWLTY
CASSWPPDSVLVNEQYF	VTPSGTWLTY
CSATERDTPSYEQYF	VTPSGTWLTY
CASSQEQGQGRQPQHF	VTPSGTWLTY
CSARVWESYGYTF	VTPSGTWLTY
CASSLGHEQYF	VTPSGTWLTY
CASSLAGDSGNTIYF	VTPSGTWLTY
CASSLGPTGDHTEAFF	VTPSGTWLTY
CASSMGLPPQPQHF	VTPSGTWLTY
CASSPWDYGSGYNEQFF	VTPSGTWLTY
CASSQETVGEQFF	VTPSGTWLTY
CASSLGVAGVSYNEQFF	VTPSGTWLTY
CASGLGEAWGNEQFF	VTPSGTWLTY
CASSPQPDRGTEAFF	VTPSGTWLTY
CASGLVLTGGSHEQFF	VTPSGTWLTY
CASSFRTSSYEQYF	VTPSGTWLTY
CASSWGQGDTDTQYF	VTPSGTWLTY
CASSQAGQPNTEAFF	VTPSGTWLTY
CASSLAGSSYNEQFF	VTPSGTWLTY
CASSLFIGAPQETQYF	VTPSGTWLTY
CASSPMNTEAFF	VTPSGTWLTY
CASSEAPVGTGAYGYTF	VTPSGTWLTY
CASSWGPGTEAFF	VTPSGTWLTY
CASSLWEYSNQPQHF	VTPSGTWLTY
CASSQDPGMTVYEQYF	VTPSGTWLTY
CASSLAEGLNTEAFF	VTPSGTWLTY
CASSLGVGANEQFF	VTPSGTWLTY
CASSLDQRSNTEAFF	VTPSGTWLTY
CASSFLVSEQFF	VTPSGTWLTY
CASSLAGDTDTQYF	VTPSGTWLTY
CASSSYYNEQFF	VTPSGTWLTY
CASSVVADTDTQYF	VTPSGTWLTY
CASSLGQGLNEQYF	VTPSGTWLTY
CASSLPEYTEAFF	VTPSGTWLTY
CASSLSQGAYNEQFF	VTPSGTWLTY
CASSLGLPGLGITDTQYF	VTPSGTWLTY
CARGGGRLPDTQYF	VTPSGTWLTY
CASSLMAGPGFDEQFF	VTPSGTWLTY
CASSHPQGLAGGSSTDTQYF	VTPSGTWLTY
CASSPPPGLMSSDTQYF	VTPSGTWLTY
CASSLGLATTQYF	VTPSGTWLTY
CASSLGVGVGYTF	VTPSGTWLTY
CASSLGAGEQFF	VTPSGTWLTY
CASNPLAGDGETQYF	VTPSGTWLTY
CASSPTGSSYNEQFF	VTPSGTWLTY
CASSQPDRGGYEQYF	VTPSGTWLTY
CATSDVTGSSDGYTF	VTPSGTWLTY
CASSYGQGIYNEQFF	VTPSGTWLTY
CASGVGTHEQYF	VTPSGTWLTY
CATSRDKLGQETQYF	VTPSGTWLTY
CASSLIGFSREETQYF	VTPSGTWLTY
CASSLGGSGGPHTDTQYF	VTPSGTWLTY
CSARVLRGSYNEQFF	VTPSGTWLTY
CASRPNGPVNEQFF	VTPSGTWLTY
CASSRMKVYNEQFF	VTPSGTWLTY
CATSDSTQSTDTQYF	VTPSGTWLTY
CASGWGLPITDTQYF	VTPSGTWLTY
CASSLGEYTDTQYF	VTPSGTWLTY
CASSLGWATEAFF	VTPSGTWLTY
CASSFGQGDGDEQYF	VTPSGTWLTY
CATSDRDSTYEQYF	VTPSGTWLTY
CASSLILAGVNEQFF	VTPSGTWLTY
CASSLAGAGEATDTQYF	VTPSGTWLTY
CASSLGPPSGGGYTQYF	VTPSGTWLTY
CASSVGTGSSYNEQFF	VTPSGTWLTY
CATGQGNEQFF	VTPSGTWLTY
CASSLSAQGTPRDNEQFF	VTPSGTWLTY
CASSLFASEFNEQFF	VTPSGTWLTY
CATSGELWNQPQHF	VTPSGTWLTY
CASSRVNNYGYTF	VTPSGTWLTY
CASSLQGAPGNTIYF	VTPSGTWLTY
CASSLAPGGETEAFF	VTPSGTWLTY
CSAKPLLAAKNEQYF	VTPSGTWLTY
CASSQDRGQGFEQYF	VTPSGTWLTY
CASSFRQSTGELFF	VTPSGTWLTY
CAISEGLAKSIGELFF	VTPSGTWLTY
CASSEGNAYEQYF	VTPSGTWLTY
CSASGIESSYNSPLHF	VTPSGTWLTY
CASTPGWMDTEAFF	VTPSGTWLTY
CASSFGGETQETQYF	VTPSGTWLTY
CASSIAPPRISYNEQFF	VTPSGTWLTY
CASSPAGATQYF	VTPSGTWLTY
CASSLWTGDYGYTF	VTPSGTWLTY
CASSLGLAAYNEQFF	VTPSGTWLTY
CASSEVLGLAGVFEQYF	VTPSGTWLTY
CASSIGGTAEAFF	VTPSGTWLTY
CASSLASWQNTEAFF	VTPSGTWLTY
CASSAVHYSNQPQHF	VTPSGTWLTY
CASSQVTPDNQPQHF	VTPSGTWLTY
CATSDSGSTYEQYF	VTPSGTWLTY
CASSPLPGQSYEQYF	VTPSGTWLTY
CASSLDLGVNTEAFF	VTPSGTWLTY
CSARALAEPSYEQYF	VTPSGTWLTY
CASSLGLPSNQPQHF	VTPSGTWLTY
CASSVGGQGAEAFF	VTPSGTWLTY
CASSLLTGDFGTEAFF	VTPSGTWLTY
CASSYFSGNTGELFF	VTPSGTWLTY
CASSLEASPYNEQFF	VTPSGTWLTY
CASSLGQGSYNEQFF	VTPSGTWLTY
CATSDLKETQETQYF	VTPSGTWLTY
CASSLSGAVNTEAFF	VTPSGTWLTY
CAWSRLAGGITDTQYF	VTPSGTWLTY
CASSRGQYYTDTQYF	VTPSGTWLTY
CASSQEVGAEQYF	VTPSGTWLTY
CASSLAPGTVTSYEQYF	VTPSGTWLTY
CATSDQDSTYEQYF	VTPSGTWLTY
CASSWGQGAGNEQFF	VTPSGTWLTY
CAWSYRENTEAFF	VTPSGTWLTY
CASSQAAGGMDTQYF	VTPSGTWLTY
CASSLMVETGEQYF	VTPSGTWLTY
CSARDSYAGTADEETQYF	VTPSGTWLTY
CSARDLITGEQFF	VTPSGTWLTY
CASSEEGSPHYEQYF	VTPSGTWLTY
CASSWGAGAGTEAFF	VTPSGTWLTY
CASSLGGEQYF	VTPSGTWLTY
CSARGTSGLYNEQFF	VTPSGTWLTY
CASSATPEIIYEQYF	VTPSGTWLTY
CASSPLGGSYEQYF	VTPSGTWLTY
CASSLVGTGSNEQFF	VTPSGTWLTY
CASSLMSRYGEQFF	VTPSGTWLTY
CASSLGTSGILLYNEQFF	VTPSGTWLTY
CASSLFVLGGDNQPQHF	VTPSGTWLTY
CASRQTLATSTDTQYF	VTPSGTWLTY
CASSLGTGGNEQYF	VTPSGTWLTY
CASSDGGPEQYF	VTPSGTWLTY
CASSLAPAGSSSYNEQFF	VTPSGTWLTY
CASSLADNTGELFF	VTPSGTWLTY
CSARTRHQIVEQYF	VTPSGTWLTY
CASSLVPPTSGYTGELFF	VTPSGTWLTY
CASSLGLPPNEQFF	VTPSGTWLTY
CASSLAGDRGRETYGYTF	VTPSGTWLTY
CASAHGHLYNEQFF	VTPSGTWLTY
CATRSGRFNQPQHF	VTPSGTWLTY
CASSSSRDSSYEQYV	VTPSGTWLTY
CASSQDGAQGAFYEQYF	VTPSGTWLTY
CASSWSRDQETQYF	VTPSGTWLTY
CSARDRRESTDTQYF	VTPSGTWLTY
CATNSRTGGQDTEAFF	VTPSGTWLTY
CASSVGTLYNEQFF	VTPSGTWLTY
CASSFSGWEFF	VTPSGTWLTY
CASSYAGGAGETQYF	VTPSGTWLTY
CASSVGLAGNEQFF	VTPSGTWLTY
CASSHGQGLNTEAFF	VTPSGTWLTY
CAWGNYGYTF	VTPSGTWLTY
CASSWGQGYSYEQYF	VTPSGTWLTY
CATSDGVSTDTQYF	VTPSGTWLTY
CASMVQEQLYNEQFF	VTPSGTWLTY
CASSLLAGEYNEQFF	VTPSGTWLTY
CASRSGGSGANVLTF	VTPSGTWLTY
CASSQDPGLNTEAFF	VTPSGTWLTY
CASRPPIGPSYNEQFF	VTPSGTWLTY
CASSLGDGRSAYEQYF	VTPSGTWLTY
CASRAGWAEAFF	VTPSGTWLTY
CSAGTSGSWNEQYF	VTPSGTWLTY
CSAQGLVGNEQFF	VTPSGTWLTY
CSARDSDGTVSNQPQHF	VTPSGTWLTY
CASSQDPAVNTEAFF	VTPSGTWLTY
CSARAAAGEYNEQFF	VTPSGTWLTY
CATSDLQIGQGQETQYF	VTPSGTWLTY
CASSYGDNEQFF	VTPSGTWLTY
CASSQGPLADIYNEQFF	VTPSGTWLTY
CASSQDPDRFSYEQYF	VTPSGTWLTY
CASSLDRGVGADTQYF	VTPSGTWLTY
CASSVAGAGGLDEQYF	VTPSGTWLTY
CASSSGQGTYEKLFF	VTPSGTWLTY
CASSLKTDRDTDTQYF	VTPSGTWLTY
CSARLALSYEQYF	VTPSGTWLTY
CASSEGGEPQETQYF	VTPSGTWLTY
CASSLSGREQYNEQFF	VTPSGTWLTY
CASSLGEQYF	VTPSGTWLTY
CASSLARDTSYEQYF	VTPSGTWLTY
CASRSPGDPPGDTQYF	VTPSGTWLTY
CASSLTPGLAITGELFF	VTPSGTWLTY
CASSVTGGTEAFF	VTPSGTWLTY
CASSQDTGPSYEQYF	VTPSGTWLTY
CASSFHRGSAILNTEAFF	VTPSGTWLTY
CASSLSLPGAAGTEYNEQFF	VTPSGTWLTY
CASSLSPGTSGGQLSEDF	VTPSGTWLTY
CSARVRDGTYNEQFF	VTPSGTWLTY
CASSKADQETQYF	VTPSGTWLTY
CASTKRITWGHIQYF	VTPSGTWLTY
CASSLESTLEAFF	VTPSGTWLTY
CASSLTGSSTDTQYF	VTPSGTWLTY
CASSQVWDHGNQPQHF	VTPSGTWLTY
CATSRGGSGVGNEQFF	VTPSGTWLTY
CASSEETERGYEQYF	VTPSGTWLTY
CASSLVGEGGLEQYF	VTPSGTWLTY
CASTTGMKTDTQYF	VTPSGTWLTY
CASSLEPSGGDQETQYF	VTPSGTWLTY
CASSSEQGADEKLFF	VTPSGTWLTY
CSARVAAPTQQYF	VTPSGTWLTY
CASSQGMGTTYNEQFF	VTPSGTWLTY
CSARDWTGGSSYEQYF	VTPSGTWLTY
CASSQDPVTSGYNEQFF	VTPSGTWLTY
CASSHYPPGSLADTIYF	VTPSGTWLTY
CASSLHRDSYEQYF	VTPSGTWLTY
CASSLYPPEGGGELFF	VTPSGTWLTY
CSASRLAGDSNEQFF	VTPSGTWLTY
CASSLVGGASTNEKLFF	VTPSGTWLTY
CASSAEVRGTASTDTQYF	VTPSGTWLTY
CASSRRGRRVAEQFF	VTPSGTWLTY
CASSQVGREQYF	VTPSGTWLTY
CATSDSDSSYEQYF	VTPSGTWLTY
CASSYNYNEQFF	VTPSGTWLTY
CASSWTGETEAFF	VTPSGTWLTY
CASSQPGQTLNTEAFF	VTPSGTWLTY
CATKRGQTQYF	VTPSGTWLTY
CASSDSGRSYNEQFF	VTPSGTWLTY
CASSQAGQPNTEAFF	VTPSGTWLTY
CASSYEQGVGTGELFF	VTPSGTWLTY
CASRLTGTSGSGELFF	VTPSGTWLTY
CASSELPYNEQFF	VTPSGTWLTY
CASSLGLAPNEQFF	VTPSGTWLTY
CASSHSEDSNAEAFF	VTPSGTWLTY
CASSAKRDSSNEKLFF	VTPSGTWLTY
CASSAFWVLGEQFF	VTPSGTWLTY
CASSRAPGINEQFF	VTPSGTWLTY
CASSRDRGLSAYEQYF	VTPSGTWLTY
CASSLGMVYNEKLFF	VTPSGTWLTY
CASSLSGFMAGNEQFF	VTPSGTWLTY
CASSLGDSSTEAFF	VTPSGTWLTY
CASSPMDRAKSMNYGYTF	VTPSGTWLTY
CSARVPLDSAGGPFQETQYF	VTPSGTWLTY
CASSESLAATNTGELFF	VTPSGTWLTY
CASSHPGGDPYEQYF	VTPSGTWLTY
CATSEGSGSSYEQYF	VTPSGTWLTY
CATSDPRSYTGELFF	VTPSGTWLTY
CASSILLAGENTGELFF	VTPSGTWLTY
CASSEEGREGGYEQYF	VTPSGTWLTY
CASSLVEGSGGPTETQYF	VTPSGTWLTY
CASSQDPGSLTEAFF	VTPSGTWLTY
CASSLVTGAGTDTQYF	VTPSGTWLTY
CASSQFLAGETTDTQYF	VTPSGTWLTY
CASSIASTDTQYF	VTPSGTWLTY
CASSGSTGQETQYF	VTPSGTWLTY
CSARGIIGYNEQFF	VTPSGTWLTY
CAISESPVRTYEQYF	VTPSGTWLTY
CASSITPRLGGEDTEAFF	VTPSGTWLTY
CSARDLGQHGWDSPLHF	VTPSGTWLTY
CASSQVNLDPSYEQYF	VTPSGTWLTY
CASRAVGYSNQPQHF	VTPSGTWLTY
CATSDFRRDTDTQYF	VTPSGTWLTY
CASSQVEFTDTQYF	VTPSGTWLTY
CASSLLQGSNQPQHF	VTPSGTWLTY
CASSRLPLGGTGELFF	VTPSGTWLTY
CASSGTGFNQPQHF	VTPSGTWLTY
CASTSSDYLTDTQYF	VTPSGTWLTY
CASSQPGMPQHF	VTPSGTWLTY
CASNFGGGRTDTQYF	VTPSGTWLTY
CASNLQGMSNQPQHF	VTPSGTWLTY
CASSADLGMNTEAFF	VTPSGTWLTY
CASSLGTSGSSGDEQFF	VTPSGTWLTY
CASSLGLAPAEQYF	VTPSGTWLTY
CASRIQYQETQYF	VTPSGTWLTY
CASSLNGQGWYEQYF	VTPSGTWLTY
CASSLGLTNEQFF	VTPSGTWLTY
CASSLGTPEGDTQYF	VTPSGTWLTY
CASSETGELFF	VTPSGTWLTY
CASSEARLAGEYEQYF	VTPSGTWLTY
CASSPTIDSILYEQYF	VTPSGTWLTY
CASSQDGTGGTEAFF	VTPSGTWLTY
CASSLERGTSVNEQYF	VTPSGTWLTY
CASSEVGQGLTPLHF	VTPSGTWLTY
CASSLPGEGRTGELFF	VTPSGTWLTY
CASRIAGETAGELFF	VTPSGTWLTY
CASSIDPGLAGFEQYF	VTPSGTWLTY
CASSQDLAGVSDGELFF	VTPSGTWLTY
CASSYSDSTDTQYF	VTPSGTWLTY
CASSFGQGTEQYF	VTPSGTWLTY
CASSPADTWGTEAFF	VTPSGTWLTY
CASSPLPGQGNEKLFF	VTPSGTWLTY
CASSYTGEAGNTIYF	VTPSGTWLTY
CASSRQGFGNTIYF	VTPSGTWLTY
CASTPHGTSYNEQFF	VTPSGTWLTY
CASSLAGQPNTEAFF	VTPSGTWLTY
CASSLGLVPLEQYF	VTPSGTWLTY
CASSLGRGWATGELFF	VTPSGTWLTY
CASSLGSGSIYEQYF	VTPSGTWLTY
CASSLSMAEAYEQYF	VTPSGTWLTY
CASSQESTPYQPQHF	VTPSGTWLTY
CASSLAGTGYRNQPQHF	VTPSGTWLTY
CASSATGTVMYGYTF	VTPSGTWLTY
CASSQRDIDGYTF	VTPSGTWLTY
CASSFGYEQYF	VTPSGTWLTY
CASSQDPDPSYEQYF	VTPSGTWLTY
CASSHGLAGDTGELFF	VTPSGTWLTY
CASGAGAGTEAFF	VTPSGTWLTY
CASRLALNNEQFF	VTPSGTWLTY
CASSLGLPSGYNEQFF	VTPSGTWLTY
CASSLGTGVEYEQYF	VTPSGTWLTY
CASSLAGQPDQPQHF	VTPSGTWLTY
CASSFGQGDKNIQYF	VTPSGTWLTY
CASSGSADYQETQYF	VTPSGTWLTY
CATSSTGTGYSNQPQHF	VTPSGTWLTY
CASRPGLAEQFF	VTPSGTWLTY
CASSLDLGMNTEAFF	VTPSGTWLTY
CASSQPGETQYF	VTPSGTWLTY
CASSLVGSGANVLTF	VTPSGTWLTY
CASSLHGYSNQPQHF	VTPSGTWLTY
CASSFGTSGAEQYF	VTPSGTWLTY
CASRVRQGARMPQHF	VTPSGTWLTY
CASSFDDMSSYEQYF	VTPSGTWLTY
CASSPQGRVLQSEITTDTQYF	VTPSGTWLTY
CASSPGTGVWEQYF	VTPSGTWLTY
CASSVSRSTTGELFF	VTPSGTWLTY
CSFQGTGAGELFF	VTPSGTWLTY
CASSHPGQGRTEAFF	VTPSGTWLTY
CASSLFGLSNSPLHF	VTPSGTWLTY
CASMDWDRDNYGYTF	VTPSGTWLTY
CSARDLTSGRANDITTDTQYF	VTPSGTWLTY
CASRDIARGNTIYF	VTPSGTWLTY
CASSKDSGVNQPQHF	VTPSGTWLTY
CASSLGGLAGGPPQFF	VTPSGTWLTY
CASSEAQGGQPQHF	VTPSGTWLTY
CASKTAAGDSVWETQYF	VTPSGTWLTY
CSARDLKGAESPLHF	VTPSGTWLTY
CASSPDHWGLNEQFF	VTPSGTWLTY
CASSQPGLMNTGELFF	VTPSGTWLTY
CASLQGRGGQGTDTQYF	VTPSGTWLTY
CASSLEGENYGYTF	VTPSGTWLTY
CASSKPGQGPSYGYTF	VTPSGTWLTY
CASSQREAYNEQFF	VTPSGTWLTY
CATSDRDTYEQYF	VTPSGTWLTY
CATSDGLADSYEQYF	VTPSGTWLTY
CASSQVGSANTGELFF	VTPSGTWLTY
CASSLFIGTVNTEAFF	VTPSGTWLTY
CASSLQLNTEAFF	VTPSGTWLTY
CASSQDGQGTGYEQYF	VTPSGTWLTY
CSASNQGLSNEQFF	VTPSGTWLTY
CASSLTAGGSSYEQYF	VTPSGTWLTY
CSVRPGTAPYNEQFF	VTPSGTWLTY
CASSLGTGYNEQFF	VTPSGTWLTY
CSAPERQGNYGYTF	VTPSGTWLTY
CASSYPFLGNSNQPQHF	VTPSGTWLTY
CASSIGLIGGGNTEAFF	VTPSGTWLTY
CASSILAASYEQYF	VTPSGTWLTY
CASSNYEQYF	VTPSGTWLTY
CSARGLAGWSGELFF	VTPSGTWLTY
CASSAEFGTTYNEQFF	VTPSGTWLTY
CASSLMISDPMNTEAFF	VTPSGTWLTY
CASSWGQGALDEQFF	VTPSGTWLTY
CASSESGTGFNQPQHF	VTPSGTWLTY
CSVEGEEVSTDTQYF	VTPSGTWLTY
CSARALAGINNEQFF	VTPSGTWLTY
CASSLMGGIHNEQFF	VTPSGTWLTY
CSARDGQGWDTGELFF	VTPSGTWLTY
CARGSSRLTGTYEQYF	VTPSGTWLTY
CASSQGSQGNEKLFF	VTPSGTWLTY
CSATRLAGERNEQFF	VTPSGTWLTY
CASSLNGRPGEYNSPLHF	VTPSGTWLTY
CASSLSRYTEAFF	VTPSGTWLTY
CASTDSSGEGNTEAFF	VTPSGTWLTY
CASSLDIGGEQFF	VTPSGTWLTY
CASSQTNYALAGTYNEQFF	VTPSGTWLTY
CASSLGLAGYNEQFF	VTPSGTWLTY
CASSPVGDNTGELFF	VTPSGTWLTY
CSAGGRSGAYEQYF	VTPSGTWLTY
CASSVGNNSPLHF	VTPSGTWLTY
CASSPELGEQFF	VTPSGTWLTY
CASSLTGETYEQYF	VTPSGTWLTY
CASSFPGGELFF	VTPSGTWLTY
CASSPPTVSSYNEQFF	VTPSGTWLTY
CASSFGGADYGYTF	VTPSGTWLTY
CSAPEGQGIYEQYF	VTPSGTWLTY
CSARVRTSSSYEQYF	VTPSGTWLTY
CASSSSAMNYNEQFF	VTPSGTWLTY
CASSLTAEATNEKLFF	VTPSGTWLTY
CASSYLEISNQPQHF	VTPSGTWLTY
CASSLGGEGFNQPQHF	VTPSGTWLTY
CASSQGIAGESYEQYF	VTPSGTWLTY
CASTTGPFAEQFF	VTPSGTWLTY
CASSFSAAISGPQYF	VTPSGTWLTY
CASSEVGGSHQPQHF	VTPSGTWLTY
CASSKLIEGTFHEQYF	VTPSGTWLTY
