CDR3	AA
CASSTTGGFYGYTF	GLEAPFLYLY
CASSEADELTDTGELFF	GLEAPFLYLY
CASSPIPGTTNYEQYF	GLEAPFLYLY
CSGGGTRNEQFF	GLEAPFLYLY
CASSPPDTNTEAFF	GLEAPFLYLY
CASSTAGLGYSPLHF	GLEAPFLYLY
CARGNEQFF	GLEAPFLYLY
CASSPDLQGNEQFF	GLEAPFLYLY
CSVEDGGGLVEAFF	GLEAPFLYLY
CASIGVGPLTDTQYF	GLEAPFLYLY
CSALEGTYNEQFF	GLEAPFLYLY
CASSQTGGSGNTIYF	GLEAPFLYLY
CASSEGGLLSTGELFF	GLEAPFLYLY
CASSIALLVEQFF	GLEAPFLYLY
CACPGTGTYEQYF	GLEAPFLYLY
CASSWSWLEFYNEQFF	GLEAPFLYLY
CASFSASYEQYF	GLEAPFLYLY
CASSQIGGTGLTDTQYF	GLEAPFLYLY
CATSDLPNAGELFF	GLEAPFLYLY
CASSKDRGSYEQYF	GLEAPFLYLY
CASSLGDTQYF	GLEAPFLYLY
CASSYGGIGVHEQFF	GLEAPFLYLY
CASSDSGASGETQYF	GLEAPFLYLY
CASSIRRENTEAFF	GLEAPFLYLY
CASSVGAAVSYEQYF	GLEAPFLYLY
CASSPNTGESSGYTF	GLEAPFLYLY
CASSQGGGLSSEAFF	GLEAPFLYLY
CASSGLAGGEETQYF	GLEAPFLYLY
CATSRDRRELETQYF	GLEAPFLYLY
CASSQQGALGTEAFF	GLEAPFLYLY
CASRVLGTSGGDEQFF	GLEAPFLYLY
CASSKVPVVLAGDTDTQYF	GLEAPFLYLY
CASSLIAFPDTQYF	GLEAPFLYLY
CASQGDPRGNTEAFF	GLEAPFLYLY
CASSEDGSSGNTIYF	GLEAPFLYLY
CASSGQVTHRGSEAFF	GLEAPFLYLY
CASSFSGSMIGQYF	GLEAPFLYLY
CASSFPNGNEQYF	GLEAPFLYLY
CASAGLPNEQFF	GLEAPFLYLY
CASFSSSYEQYF	GLEAPFLYLY
CASSFPLEKQSYEQYF	GLEAPFLYLY
CASSLAGGPDTQYF	GLEAPFLYLY
CATSEPQGLEAFF	GLEAPFLYLY
CASSLGEFHEQYF	GLEAPFLYLY
CATSDPGTGNEKLFF	GLEAPFLYLY
CASSQHAPTTGELFF	GLEAPFLYLY
CASSPFRGDTQYF	GLEAPFLYLY
CASKGTGGFNEQFF	GLEAPFLYLY
CASSLWGGGGSYNEQFF	GLEAPFLYLY
CASSLGAGSGVFF	GLEAPFLYLY
CASGPGQKYEQYF	GLEAPFLYLY
CASKGTDGYNEQFF	GLEAPFLYLY
CASSDGLAGSHEQYF	GLEAPFLYLY
CASTGTSSYEQYF	GLEAPFLYLY
CASSLLGGAGNEQFF	GLEAPFLYLY
CASSQRAGDTEAFF	GLEAPFLYLY
CASSPRPSGEQYF	GLEAPFLYLY
CASSFLTGGGTDTQYF	GLEAPFLYLY
CASSLAGLSNQPQHF	GLEAPFLYLY
CASSSLEYNEQFF	GLEAPFLYLY
CASSLAGPSTEAFF	GLEAPFLYLY
CATSRDVVAGDHYEQYF	GLEAPFLYLY
CASSTGGSYGYTF	GLEAPFLYLY
CASRAVGEDGYTF	GLEAPFLYLY
CASSLGGGRGHEKLFF	GLEAPFLYLY
CASSYTTGSRETQYF	GLEAPFLYLY
CASSAGLAMTEQYF	GLEAPFLYLY
CASSEGEGRGGTEAFF	GLEAPFLYLY
CASSLDLHYTQYF	GLEAPFLYLY
CASSLGLGLWGTAINQPQHF	GLEAPFLYLY
CASSMAVNTEAFF	GLEAPFLYLY
CASSLGTNNRDEQFF	GLEAPFLYLY
CASSPSLGQVYTGELFF	GLEAPFLYLY
CASSSSTDTQYF	GLEAPFLYLY
CASRQVSSYEQYF	GLEAPFLYLY
CASSLVGGGSEAFF	GLEAPFLYLY
CAWWLPLAGVGDEQFF	GLEAPFLYLY
CASFAASYEQYF	GLEAPFLYLY
CATSGASGNEQFF	GLEAPFLYLY
CASSLAEGVETQYF	GLEAPFLYLY
CASSIFYSEGTNTGELFF	GLEAPFLYLY
CASSQVRDEQFF	GLEAPFLYLY
CASGQGASYNEQFF	GLEAPFLYLY
CASSYGAEQYF	GLEAPFLYLY
CASSPMGALNTEAFF	GLEAPFLYLY
CASSPGTGTGRDPYEQYF	GLEAPFLYLY
CSVEGVQGVLEQYF	GLEAPFLYLY
CASSLYLGSGNTIYF	GLEAPFLYLY
CASSRNPGGGAGELFF	GLEAPFLYLY
CASSLRGREPYEQYF	GLEAPFLYLY
CASSLLGGLGTDTQYF	GLEAPFLYLY
CASSQPYDRGALYEQYF	GLEAPFLYLY
CSVDPGTGSEQFF	GLEAPFLYLY
CATNYRGTHYYGYTF	GLEAPFLYLY
CASSQDRGGLAEETQYF	GLEAPFLYLY
CASSPAPGGLDEQYF	GLEAPFLYLY
RASRGAGVPDTQYF	GLEAPFLYLY
TVQETQYF	GLEAPFLYLY
CASSLLTGPSYEQYF	GLEAPFLYLY
CAISKLADTSYNEQFF	GLEAPFLYLY
CASSEDGTSTDTQYF	GLEAPFLYLY
CASSIRDGVDEQYF	GLEAPFLYLY
CASSALAGGSYNEQFF	GLEAPFLYLY
CSVEELAGVVRTDTQYF	GLEAPFLYLY
CASSLQETQYF	GLEAPFLYLY
CASSLGTSGISLGYEQYF	GLEAPFLYLY
CASSQERGRTYEQYF	GLEAPFLYLY
CSVEEKAGRNTEAFF	GLEAPFLYLY
CASSFPSGYNEQFF	GLEAPFLYLY
CASSPLTRYGSPQPQHF	GLEAPFLYLY
CATSDLGSNQPQHF	GLEAPFLYLY
CASSLGGSYNSPLHF	GLEAPFLYLY
CASSYSVRVNTEAFF	GLEAPFLYLY
CASSLPRLAGDSVDEQFF	GLEAPFLYLY
CASSPGSGGTSTDTQYF	GLEAPFLYLY
CSVEEVAGGGYTF	GLEAPFLYLY
CASSQDRTLDEQFF	GLEAPFLYLY
CASGLAGGGEQYF	GLEAPFLYLY
CASSPLRENTEAFF	GLEAPFLYLY
CASSQANYEQYF	GLEAPFLYLY
CASSIEGNEQFF	GLEAPFLYLY
CASSPGSFGYTF	GLEAPFLYLY
CASREIQGANSPLHF	GLEAPFLYLY
CASSPLAASYNEQFF	GLEAPFLYLY
CAWSHGPAYEQYF	GLEAPFLYLY
CSVVGEGRSNYGYTF	GLEAPFLYLY
CASSSPAGAVSGANVLTF	GLEAPFLYLY
CASSLAGLAADTQYF	GLEAPFLYLY
CASSPPGGSYNEQFF	GLEAPFLYLY
CASSLGGQGLYGYTF	GLEAPFLYLY
CASSVSNGLAGGDEQFF	GLEAPFLYLY
CASSLSGGGTGELFF	GLEAPFLYLY
CASSWLAGESEQFF	GLEAPFLYLY
CASSPPDSNQPQHF	GLEAPFLYLY
CASSFSMVADTQYF	GLEAPFLYLY
CASRGASTYEQYF	GLEAPFLYLY
CASSLTDLWPQHF	GLEAPFLYLY
CASSFPRMNTEAFF	GLEAPFLYLY
CASSLSRYEQYF	GLEAPFLYLY
CASSYWTGGTDTQYF	GLEAPFLYLY
CASSQEWGDYQPQHF	GLEAPFLYLY
CSVAGQGHYEQYF	GLEAPFLYLY
CATSRQDSYEQYF	GLEAPFLYLY
CASSQEGALSTEAFF	GLEAPFLYLY
CASSGRQGPSRDEQYF	GLEAPFLYLY
CASSTMEGQAPRYEQYF	GLEAPFLYLY
CASSPGQGRSQYF	GLEAPFLYLY
CASSLVRATQETQYF	GLEAPFLYLY
CASSLSPDRDLHEQYF	GLEAPFLYLY
CASDPGVGNQPQHF	GLEAPFLYLY
CASNGGRVNQYTQYF	GLEAPFLYLY
CASSSGQGADEQYF	GLEAPFLYLY
CASSQVSALTGELFF	GLEAPFLYLY
CSVDFEGSGTEAFF	GLEAPFLYLY
CSVEDQAESSYNEQFF	GLEAPFLYLY
CASSYLAGGTDTQYF	GLEAPFLYLY
CASSLTAGLNEQFF	GLEAPFLYLY
CASSLASDQPQHF	GLEAPFLYLY
CVGGLTPISNTGELFF	GLEAPFLYLY
CSAPRGGATDEQYF	GLEAPFLYLY
CASSLSVSNEAFF	GLEAPFLYLY
CASSLIQGNTGELFF	GLEAPFLYLY
CASSLGISTEAFF	GLEAPFLYLY
CASSDWTSGRSDEQYF	GLEAPFLYLY
CASSFLGGVSHEQYF	GLEAPFLYLY
CASSLSVGETFYEQYF	GLEAPFLYLY
CASSDLTGGKNTEAFF	GLEAPFLYLY
CASSLLPRGWNEQFF	GLEAPFLYLY
CASSVIEGYEQYF	GLEAPFLYLY
CASYVSSYEQYF	GLEAPFLYLY
CASSRGEQFF	GLEAPFLYLY
CSALRGSHEQFF	GLEAPFLYLY
CASSSGGQGARETQYF	GLEAPFLYLY
CASSWRDNEQFF	GLEAPFLYLY
CASGGLRDRDFRAGVLGWTQYF	GLEAPFLYLY
CSVDTGGQRGTEAFF	GLEAPFLYLY
CSAQRGGEQFF	GLEAPFLYLY
CASSEGQGGHEQYF	GLEAPFLYLY
CASSRMIDDEYF	GLEAPFLYLY
CASSLGVPNEKLFF	GLEAPFLYLY
CASSDPERQMYNEQFF	GLEAPFLYLY
CASSQAGLAGGDEQFF	GLEAPFLYLY
CASRGLAGVGEQFF	GLEAPFLYLY
CASSLPTNSGVPPSTDTQYF	GLEAPFLYLY
CASSPGTHQETQYF	GLEAPFLYLY
CASSQEGQGHGYTF	GLEAPFLYLY
CASSLAVGGGESSYNSPLHF	GLEAPFLYLY
CSAREEGDTQYF	GLEAPFLYLY
CASSTEGATTYEQYF	GLEAPFLYLY
CASSGGEGEQFF	GLEAPFLYLY
CASSEALLTSGDTGELFF	GLEAPFLYLY
CASSITPGSGEQYF	GLEAPFLYLY
CASSLSETEAFF	GLEAPFLYLY
CASSPGEGPYEQYF	GLEAPFLYLY
CASSIPSPDGSSYNSPLHF	GLEAPFLYLY
CASSEDGGSNQPQHF	GLEAPFLYLY
CASSRGIEISGYEETQYF	GLEAPFLYLY
CASSLGSETQYF	GLEAPFLYLY
CASSSGAGTDTQYF	GLEAPFLYLY
CASSYSTSGVYEQYF	GLEAPFLYLY
CASSQVHGGYEQYF	GLEAPFLYLY
CASSLDLAGNYNEQFF	GLEAPFLYLY
CASIPSDEGWAETQYF	GLEAPFLYLY
CASSRQGALNTEAFF	GLEAPFLYLY
CASSSGWLDEKLFF	GLEAPFLYLY
CASSLLVGSGNEQFF	GLEAPFLYLY
CASSLLAATPYEQYF	GLEAPFLYLY
CASSLGRVAPGELFF	GLEAPFLYLY
CASSLGAGGQFF	GLEAPFLYLY
CASSQASGLATEAFF	GLEAPFLYLY
CSARDQGRATF	GLEAPFLYLY
CASSEILVGTNEKLFF	GLEAPFLYLY
CASRTGVPSNQPQHF	GLEAPFLYLY
CASSPWSTSQHF	GLEAPFLYLY
CAISEGTTGNEQFF	GLEAPFLYLY
CASSQESSGYEQYF	GLEAPFLYLY
CASSPHNYEQYF	GLEAPFLYLY
CSARGQGREQFF	GLEAPFLYLY
CASSLSGTSGNTQYF	GLEAPFLYLY
CASSLRLAGGAGETQYF	GLEAPFLYLY
CASSPGQTYEQYF	GLEAPFLYLY
CASSMGGAFTDTQYF	GLEAPFLYLY
CASSYSDSGANVLTF	GLEAPFLYLY
CASSQALGTLNEQFF	GLEAPFLYLY
CASSLDPSRPTYEQYF	GLEAPFLYLY
CASRQGGADTQYF	GLEAPFLYLY
CASSQEDGTNYGYTF	GLEAPFLYLY
CATLGKEAVSYNEQFF	GLEAPFLYLY
CASSRQGSTGELFF	GLEAPFLYLY
CASSPAQGWETQYF	GLEAPFLYLY
CAREAGTKNIQYF	GLEAPFLYLY
CASSLTGPGGTEAFF	GLEAPFLYLY
CASSISVFSEKLFF	GLEAPFLYLY
CASSPGQGAFDTQYF	GLEAPFLYLY
CASRPGIHTIYF	GLEAPFLYLY
CASSAQYHPFYEQYF	GLEAPFLYLY
CASSQEADSGGSGELFF	GLEAPFLYLY
CAQRVYHSNQPQHF	GLEAPFLYLY
CSARGIGRGTYDEQYF	GLEAPFLYLY
CSADQGAGNIQYF	GLEAPFLYLY
CASSRGAGELFF	GLEAPFLYLY
CASSLGEREETQYF	GLEAPFLYLY
CASSSPGVAGKPNEQFF	GLEAPFLYLY
CASSTLEGGELFF	GLEAPFLYLY
CASSQDLELTNYGYTF	GLEAPFLYLY
CSVDGQGYTF	GLEAPFLYLY
CASSLDDSLNEKLFF	GLEAPFLYLY
CASSLRQGKGEQYF	GLEAPFLYLY
CASSPQYPVSGEQYF	GLEAPFLYLY
CASSQDLSDGQPQHF	GLEAPFLYLY
CASSYTDTDTQYF	GLEAPFLYLY
CASSQMGALNTEAFF	GLEAPFLYLY
CASRAGGTDTQYF	GLEAPFLYLY
CASSLDSSSGNTIYF	GLEAPFLYLY
CASSLDISGGSYEQYF	GLEAPFLYLY
CASNPGGLAGGPDYRETQYF	GLEAPFLYLY
CSVEVGGQYF	GLEAPFLYLY
CASNVVGELFF	GLEAPFLYLY
CSVKGLEQYF	GLEAPFLYLY
CASSRESSGNTIYF	GLEAPFLYLY
CSATIGGPADTQYF	GLEAPFLYLY
CASSSGQFAFF	GLEAPFLYLY
CASRDGVNTEAFF	GLEAPFLYLY
CSAAAGGSYNEQFF	GLEAPFLYLY
CASSISQITEAFF	GLEAPFLYLY
CASSLELDSYEQYF	GLEAPFLYLY
CARYPDRDVDGYTF	GLEAPFLYLY
CASSLSGTTEAFF	GLEAPFLYLY
CSSISNNEQFF	GLEAPFLYLY
CATEWSGGSTGELFF	GLEAPFLYLY
CASSPPFELAGATDTQYF	GLEAPFLYLY
CASSELAWTSSTGELFF	GLEAPFLYLY
CATSPLAGSHYNEQFF	GLEAPFLYLY
CASSYSKLNPYEQYF	GLEAPFLYLY
CASSGGLTPENIQYF	GLEAPFLYLY
CASSIDTPYEQYF	GLEAPFLYLY
CASSFEGIQYF	GLEAPFLYLY
CASSSTSGSSGEEQYF	GLEAPFLYLY
CASSTPTGVALGEQFF	GLEAPFLYLY
CASSGMAGGLYNEQFF	GLEAPFLYLY
CASSPGGDEQYF	GLEAPFLYLY
CASSLTDGVTDTQYF	GLEAPFLYLY
CASSWDRAGYTF	GLEAPFLYLY
CASGASGIGFGTDTQYF	GLEAPFLYLY
CASSLVGDSYEQYF	GLEAPFLYLY
CASSLWPEGTGELFF	GLEAPFLYLY
CASSLLSGRDIQYF	GLEAPFLYLY
CASSYDRTEAFF	GLEAPFLYLY
CASFSSSYEQYF	GLEAPFLYLY
CASSLGTLGSYEQYF	GLEAPFLYLY
CASSLGETYTEAFF	GLEAPFLYLY
CSAPVGGATGELFF	GLEAPFLYLY
CATIPWGGQGIYTEAFF	GLEAPFLYLY
CASSLSTGGISYEQYF	GLEAPFLYLY
CASSEEEDRGSYEQYF	GLEAPFLYLY
CASGRGPDYNEQFF	GLEAPFLYLY
CATSVPPTRRDSYNEQFF	GLEAPFLYLY
CAISSGSGTDTQYF	GLEAPFLYLY
CASSLGQNYEQYF	GLEAPFLYLY
CASIYTSGRPRRQETQYF	GLEAPFLYLY
CASTTDPNTEAFF	GLEAPFLYLY
CASSQDLLADYEQYF	GLEAPFLYLY
CASSLRLNTGELFF	GLEAPFLYLY
CASSLGGGSNQPQHF	GLEAPFLYLY
CSVPEGGTSGEQYF	GLEAPFLYLY
CASSSPGQGDYEQYF	GLEAPFLYLY
CASSRGFNQPQHF	GLEAPFLYLY
CASSQGGANEQYF	GLEAPFLYLY
CASSYSTRTNEQFF	GLEAPFLYLY
CASSIPLEGSSWNSPLHF	GLEAPFLYLY
CASSAEAEFTDTQYF	GLEAPFLYLY
CASSLSSDGNEQFF	GLEAPFLYLY
CASSLNYEQYF	GLEAPFLYLY
CASSLLVANTGELFF	GLEAPFLYLY
CSVLLGGTYNEQFF	GLEAPFLYLY
CASSALSSRREVVTDTQYF	GLEAPFLYLY
CARLSERGVVNEQFF	GLEAPFLYLY
CASSYIYEQYF	GLEAPFLYLY
CASSYLGKDGYTF	GLEAPFLYLY
CSVDILGTNTGELFF	GLEAPFLYLY
CATQGVGQETQYF	GLEAPFLYLY
CASSSDTGTRQYEQYF	GLEAPFLYLY
CASSQGGALNTEAFF	GLEAPFLYLY
CASSKATSGWTDTQYF	GLEAPFLYLY
CSARGVVSGGTGELFF	GLEAPFLYLY
CASNLLAGETQYF	GLEAPFLYLY
CASSQWGRTSTDTQYF	GLEAPFLYLY
CASSDRIFDEQFF	GLEAPFLYLY
CASNFREAGELFF	GLEAPFLYLY
CASSLLGGLMNTEAFF	GLEAPFLYLY
CSAPGQDWGGSGNTIYF	GLEAPFLYLY
CASSHGQQPGSQYF	GLEAPFLYLY
CASSFRLADTYEQYF	GLEAPFLYLY
CASSQDIGSNQPQHF	GLEAPFLYLY
CASSLVKGQGATLAKNIQYF	GLEAPFLYLY
CASSLNAENTEAFF	GLEAPFLYLY
CASSLEPSYEQYF	GLEAPFLYLY
CSATLRGPQGEQYF	GLEAPFLYLY
CAISESGISGGNEQFF	GLEAPFLYLY
CASSSDLRQGPGELFF	GLEAPFLYLY
CAIKSDSSYEQYF	GLEAPFLYLY
CASSPPPDRGEGGELFF	GLEAPFLYLY
CSALGLAGVAEQFF	GLEAPFLYLY
CASTNSNQPQHF	GLEAPFLYLY
CASRAGTSGGRQETQYF	GLEAPFLYLY
CASSDRGAYNEQFF	GLEAPFLYLY
CASSLDGEYNEQFF	GLEAPFLYLY
CASSQSSGPSYNEQFF	GLEAPFLYLY
CASSLVAQAQYF	GLEAPFLYLY
CASSGGPVAATDTQYF	GLEAPFLYLY
CSVDFRGSGTEAFF	GLEAPFLYLY
CASSDSSGSLHEQFF	GLEAPFLYLY
CSVERQAADTQYF	GLEAPFLYLY
CASRPWDRVSEQYF	GLEAPFLYLY
CATATGGGEKLFF	GLEAPFLYLY
CAWSVLQGAYEQYF	GLEAPFLYLY
CASSEPAQGMNTEAFF	GLEAPFLYLY
CASSTGDNTGELFF	GLEAPFLYLY
CSAGTGSYEQYF	GLEAPFLYLY
CASTGVKDNSPLHF	GLEAPFLYLY
CASSPLDRGGYEQYF	GLEAPFLYLY
CSVETGNTIYF	GLEAPFLYLY
CSATGTGGNQPQHF	GLEAPFLYLY
CSVEEGGLAVKLFF	GLEAPFLYLY
CASSLAGETQYF	GLEAPFLYLY
CASSVAGSGNTIYF	GLEAPFLYLY
CASVRDLNTGELFF	GLEAPFLYLY
CASSPGGNEQFF	GLEAPFLYLY
CASSQDSAVSYNEQFF	GLEAPFLYLY
CASSKSHLATPHNEQFF	GLEAPFLYLY
CASSQGVATDTDTQYF	GLEAPFLYLY
CASSYSTSGDNEQFF	GLEAPFLYLY
CASSFSLGSGETQYF	GLEAPFLYLY
CASSLTLDSYEQYF	GLEAPFLYLY
CSARDVLGEDEQFF	GLEAPFLYLY
CASSQGQRLPDNEQFF	GLEAPFLYLY
CASSPATRSEDTQYF	GLEAPFLYLY
CASVAGDEQYF	GLEAPFLYLY
CASSLGAVSGQPQHF	GLEAPFLYLY
CASRDFHRINQPQHF	GLEAPFLYLY
CASSQGTSGASSTDTQYF	GLEAPFLYLY
CSANTFGRTLYEQYF	GLEAPFLYLY
CASSLTGTGELFF	GLEAPFLYLY
CASIAGDSEAFF	GLEAPFLYLY
CASSQDDYPAPGTQYF	GLEAPFLYLY
CASSSYTGGDQPQHF	GLEAPFLYLY
CASSIALLTEAFF	GLEAPFLYLY
CASSPLVGNTEAFF	GLEAPFLYLY
CASSYGTSGRGTQYF	GLEAPFLYLY
CSARGRDSAYEQYF	GLEAPFLYLY
CSASPRIGGLYEQYF	GLEAPFLYLY
CASSADPTRDRETYEQYF	GLEAPFLYLY
CASSSPGQSYEQYF	GLEAPFLYLY
CSAREGNLVQFF	GLEAPFLYLY
CSTDLGNEQFF	GLEAPFLYLY
CASRPLEGIGELFF	GLEAPFLYLY
CASSWDRGYGYTF	GLEAPFLYLY
CASSLQVGTGGRQPQHF	GLEAPFLYLY
CAGSDRGEETQYF	GLEAPFLYLY
CSAEGGYEQYF	GLEAPFLYLY
CASYSSSYEQYF	GLEAPFLYLY
CASSDDRVRLFF	GLEAPFLYLY
CASSLTGWMNTEAFF	GLEAPFLYLY
CASSPQPGTGGFYEQYF	GLEAPFLYLY
CSVGGDFNYGYTF	GLEAPFLYLY
CASSEAGGLETQYF	GLEAPFLYLY
CASSPTGTGELFF	GLEAPFLYLY
CSALWGLANNEQFF	GLEAPFLYLY
CASSPPRAGPHEQYF	GLEAPFLYLY
CASSPDQDIQETQYF	GLEAPFLYLY
CASSGDRSSGNTIYF	GLEAPFLYLY
CASSISRAGEQFF	GLEAPFLYLY
CSVGSDQGATDTQYF	GLEAPFLYLY
CASSSSTYTDTQYF	GLEAPFLYLY
CSAKRRDNQPQHF	GLEAPFLYLY
CASSPGQTDTEAFF	GLEAPFLYLY
CASFSASYEQYF	GLEAPFLYLY
CASSYQDRGTDTQYF	GLEAPFLYLY
CASSLPGSRGNEQFF	GLEAPFLYLY
CASSQHGTGLNTEAFF	GLEAPFLYLY
CASSLVGEQYF	GLEAPFLYLY
CASSETRQETQYF	GLEAPFLYLY
CASSQDVGSYEQYF	GLEAPFLYLY
CASREDSTDTQYF	GLEAPFLYLY
CASSHQVGTSGTNEQFF	GLEAPFLYLY
CASSASETSGASYNEQFF	GLEAPFLYLY
CASSPWTGRETQYF	GLEAPFLYLY
CSTGEVGVNTEAFF	GLEAPFLYLY
CSAGTGDRWEQFF	GLEAPFLYLY
CASGSGGASDTQYF	GLEAPFLYLY
CSAGDRAYEQYF	GLEAPFLYLY
CASSFENTGELFF	GLEAPFLYLY
CASSLAANGNQPQHF	GLEAPFLYLY
CASSDGEGRGGTEAFF	GLEAPFLYLY
CSASPREGLVAAEQFF	GLEAPFLYLY
CASSPPDSNQPQHF	GLEAPFLYLY
CASSYSGGANYGYTF	GLEAPFLYLY
CASSTAGTNEKLFF	GLEAPFLYLY
CASSDTGFNEQFF	GLEAPFLYLY
CASSRGLNTEAFF	GLEAPFLYLY
CASSSQNTEAFF	GLEAPFLYLY
CASSQHRDSGNTIYF	GLEAPFLYLY
CASSLDGSSYEQYF	GLEAPFLYLY
CSASFGVNTEAFF	GLEAPFLYLY
CASSLEDYNEQFF	GLEAPFLYLY
CASTGGYQVVDTQYF	GLEAPFLYLY
CASRPTVAGGSSYEQYF	GLEAPFLYLY
CASSEEVGLRPISSTDTQYF	GLEAPFLYLY
CAISERHMSDTEAFF	GLEAPFLYLY
CASYPDDTGELFF	GLEAPFLYLY
CASSTSSYEQYF	GLEAPFLYLY
CASSSPPGNLYEQYF	GLEAPFLYLY
CASSGRESVGFLNEQFF	GLEAPFLYLY
CASSNGTWQETQYF	GLEAPFLYLY
CAISDGTTGEKLFF	GLEAPFLYLY
CASSLDDTSHYEQYF	GLEAPFLYLY
CASGTLARRGADTQYF	GLEAPFLYLY
CASSEELDRTDYEQYF	GLEAPFLYLY
CASSSISGTDSYNEQFF	GLEAPFLYLY
CASSLGTGEDQPQHF	GLEAPFLYLY
CASTMGGSGNTIYF	GLEAPFLYLY
CASSFIETQYF	GLEAPFLYLY
CAELAGDYNEQFF	GLEAPFLYLY
CASSDRYSGNTIYF	GLEAPFLYLY
CASSYTGTGSYNEQFF	GLEAPFLYLY
CASSPWDREPQPQHF	GLEAPFLYLY
CASSNPTSQSSYNSPLHF	GLEAPFLYLY
CASSLGTVNEQFF	GLEAPFLYLY
CASSFVSYNEQFF	GLEAPFLYLY
CSVDPDTEAFF	GLEAPFLYLY
CASSLDHRTGPYGYTF	GLEAPFLYLY
CASSDLATGLNTEAFF	GLEAPFLYLY
CASSFGQGTDTQYF	GLEAPFLYLY
CASSSAGRKQPQHF	GLEAPFLYLY
CASLLSIPGELFF	GLEAPFLYLY
CASSSLAGGSLDEQFF	GLEAPFLYLY
CASGDMWGLAGGTSYEQYF	GLEAPFLYLY
CASSTETGGFYEQYF	GLEAPFLYLY
CSARDRTLRYEQYF	GLEAPFLYLY
CASSIGVVRQLQETQYF	GLEAPFLYLY
CSARVGGPLNEQFF	GLEAPFLYLY
CSSRGDVLAGVDTQYF	GLEAPFLYLY
CASSPGTGTYEQYF	GLEAPFLYLY
CASGTRLASYEQYF	GLEAPFLYLY
CASSLGDSLNTEAFF	GLEAPFLYLY
CASSYSKGGGPTGANVLTF	GLEAPFLYLY
CASSLDRTGTTEAFF	GLEAPFLYLY
CSAPVGGAFTDTQYF	GLEAPFLYLY
CASSLFETVNSPLHF	GLEAPFLYLY
CSVDLGGGPDTQYF	GLEAPFLYLY
CATSRDRREQETQYF	GLEAPFLYLY
CASSYQGPTGELFF	GLEAPFLYLY
CASEGTDNQPQHF	GLEAPFLYLY
CATKLTPREVNTEAFF	GLEAPFLYLY
CASSRGEQFF	GLEAPFLYLY
CASSFLATSTDTQYF	GLEAPFLYLY
CASSLAAGGYEQYF	GLEAPFLYLY
CASSRLDSDNEQFF	GLEAPFLYLY
CASSAGTGYGYTF	GLEAPFLYLY
CSAPRGGMTYEQYF	GLEAPFLYLY
CATSSGPGEGNTEAFF	GLEAPFLYLY
CASSIELLAKNIQYF	GLEAPFLYLY
CASSQGRNSNQPQHF	GLEAPFLYLY
CSVEVAGVQAFF	GLEAPFLYLY
CASSYSSGQGLF	GLEAPFLYLY
CASSLSGRRNEQFF	GLEAPFLYLY
CASSFGGLNTEAFF	GLEAPFLYLY
CASSQGDTNQPQHF	GLEAPFLYLY
CSARLTVSSYEQYF	GLEAPFLYLY
CASSFGQGEETQYF	GLEAPFLYLY
CASSLVVPVNNEQFF	GLEAPFLYLY
CASSGGQGNQPQHF	GLEAPFLYLY
CASSMGQGYHEQYF	GLEAPFLYLY
CASSPGQTNSPLHF	GLEAPFLYLY
CASSQVGGGLYEQYF	GLEAPFLYLY
CASSEVGETYEQYF	GLEAPFLYLY
CASSHGTGGRETQYF	GLEAPFLYLY
CASSTSLTESSYNSPLHF	GLEAPFLYLY
CASSIGTGSTEAFF	GLEAPFLYLY
CASTNRVDNTEAFF	GLEAPFLYLY
CARDRDTSWGGELFF	GLEAPFLYLY
CASSQRWAVTYNEQFF	GLEAPFLYLY
CASSYRATSGINGFEQFF	GLEAPFLYLY
CASSQVWEGYNEQFF	GLEAPFLYLY
CASSLAVGAGYGYTF	GLEAPFLYLY
CASSQDFRGVSSYNEQFF	GLEAPFLYLY
CASSIVGSYNEQFF	GLEAPFLYLY
CASSEADSTGELFF	GLEAPFLYLY
CASSISGAWTEAFF	GLEAPFLYLY
CASSLTARGFEAFF	GLEAPFLYLY
CASSFGGATDTQYF	GLEAPFLYLY
CASSQGAGGYTF	GLEAPFLYLY
CASSQSRGSYNEQFF	GLEAPFLYLY
CASSFRTYYGYTF	GLEAPFLYLY
CASSFYGIYTEAFF	GLEAPFLYLY
CASSLWGSYEQYF	GLEAPFLYLY
CASKGLAGPYNEQFF	GLEAPFLYLY
CSAPRTAMNTEAFF	GLEAPFLYLY
CASSLSSGLRVYEQYF	GLEAPFLYLY
CASSLSSYNEQFF	GLEAPFLYLY
CASSEPTGEIGNQPQHF	GLEAPFLYLY
CASSLVPSGPYEQYF	GLEAPFLYLY
CASSLGTLGTYEQYF	GLEAPFLYLY
CASSSLGLSGRAGYEQFF	GLEAPFLYLY
CASSLEGYSNQPQHF	GLEAPFLYLY
CASSLLPRGWNEQFF	GLEAPFLYLY
CASSLVEGLGAYEQYF	GLEAPFLYLY
CASSDGAGVEQYF	GLEAPFLYLY
CASSLEDTGELFF	GLEAPFLYLY
CASSLGVGEQFF	GLEAPFLYLY
CASSLGLNNQPQHF	GLEAPFLYLY
CSVEWQGAGTEAFF	GLEAPFLYLY
CASSQEPGGGGGELFF	GLEAPFLYLY
CATSGQERGPYEQYF	GLEAPFLYLY
CASSSPKTGGGGWETQYF	GLEAPFLYLY
CASSPGPTYEKLFF	GLEAPFLYLY
CASSWRDRVNTGELFF	GLEAPFLYLY
CASSLGVGRETQYF	GLEAPFLYLY
CSATTPGQLFYEQYF	GLEAPFLYLY
CASSQDSRTSYEQYF	GLEAPFLYLY
CASSTQTGTGGYQPQHF	GLEAPFLYLY
CASSPDSSYNEQFF	GLEAPFLYLY
CASSLAGTEAFF	GLEAPFLYLY
CASSAQENFPYEQYF	GLEAPFLYLY
CASGGQNTEAFF	GLEAPFLYLY
CASTFGLADWDEQFF	GLEAPFLYLY
CASSKEGRGSYNEQFF	GLEAPFLYLY
CASSPQRGAPSYEQYF	GLEAPFLYLY
CAIASGTSGDTQYF	GLEAPFLYLY
CATGTADTGELFF	GLEAPFLYLY
CSVEVMSDNSGNTIYF	GLEAPFLYLY
CSVVWGHEQYF	GLEAPFLYLY
CASNTGQGTDTQYF	GLEAPFLYLY
CASSEGGSGQPQHF	GLEAPFLYLY
CASSSYRGQYEQYF	GLEAPFLYLY
CSVIDLSEAFF	GLEAPFLYLY
CASSLEVSGGLQETQYF	GLEAPFLYLY
CASSPGVGVEQYF	GLEAPFLYLY
CASSEVQGVEQYF	GLEAPFLYLY
CASSPSAYEQYF	GLEAPFLYLY
CASEALMNTEAFF	GLEAPFLYLY
CASSGQGAVSTEAFF	GLEAPFLYLY
CASSQETGGPYNEQFF	GLEAPFLYLY
CSVRTGGYEQYF	GLEAPFLYLY
CASSYLGGMEVAEAFF	GLEAPFLYLY
CASTTSGGGTGELFF	GLEAPFLYLY
CASSPLNTEAFF	GLEAPFLYLY
CASSLFDTNTEAFF	GLEAPFLYLY
CASMRWTGGTDTQYF	GLEAPFLYLY
CASSFEGGGYEQYF	GLEAPFLYLY
CASSRMTANTEAFF	GLEAPFLYLY
CASSESEESMNTEAFF	GLEAPFLYLY
CASSQGAGGYTF	GLEAPFLYLY
CSARPQDSWVQHF	GLEAPFLYLY
CASSQEGRGPEQYF	GLEAPFLYLY
CASSVPRAGISYEQYF	GLEAPFLYLY
CASIVLGKRNPPQETQYF	GLEAPFLYLY
CASSLTEKLFF	GLEAPFLYLY
CASSEYRGSYNEQFF	GLEAPFLYLY
CASSASGKQFF	GLEAPFLYLY
CASSESISDTQYF	GLEAPFLYLY
CASSPQGEGAPFSPLHF	GLEAPFLYLY
CASSVLAGGPGEQYF	GLEAPFLYLY
CASEASGGEQFF	GLEAPFLYLY
CASSPANYEQYF	GLEAPFLYLY
CASSYLGDSYEQYF	GLEAPFLYLY
CASSLGGYNEQFF	GLEAPFLYLY
CAWSEFAPAEQFF	GLEAPFLYLY
CASSEWGTDEQFF	GLEAPFLYLY
CSVEVGAEAFF	GLEAPFLYLY
CATSDLQGPGELFF	GLEAPFLYLY
CASSVWEGSYEQYF	GLEAPFLYLY
CASSNIILVGGSDNEQFF	GLEAPFLYLY
CSVPSGGGYEQFF	GLEAPFLYLY
CASSLSTEGNTEAFF	GLEAPFLYLY
CASSSLAGGGDEQFF	GLEAPFLYLY
CASSVGQDNQPQHF	GLEAPFLYLY
CACHRRTGYGYTF	GLEAPFLYLY
CASSQHIIGGDLNNEQFF	GLEAPFLYLY
CASSGAPSTEAFF	GLEAPFLYLY
CASSDFGNYGYTF	GLEAPFLYLY
CASSQGGALQAEAFF	GLEAPFLYLY
CASSIAAGQLNTEAFF	GLEAPFLYLY
CASSKVGASWGDAEAFF	GLEAPFLYLY
CAISGGGGGAGSYNEQFF	GLEAPFLYLY
CATSDLDSYEQYF	GLEAPFLYLY
CSVGSGTVEQYF	GLEAPFLYLY
CASSLTDMNTEAFF	GLEAPFLYLY
CASSTGQGLVNTEAFF	GLEAPFLYLY
CASSQVAAYGYTF	GLEAPFLYLY
CASFGSSYEQYF	GLEAPFLYLY
CASSQERQSNYGYTF	GLEAPFLYLY
CASSLEANYGYTF	GLEAPFLYLY
CASTTFGGTREVGSGNTIYF	GLEAPFLYLY
CASSFGMPEQYF	GLEAPFLYLY
CASSGPSSGTTDTQYF	GLEAPFLYLY
CSVEGLASGKLGTQYF	GLEAPFLYLY
CSVDSGENEQFF	GLEAPFLYLY
CASSPKWGETLNEQFF	GLEAPFLYLY
CATQGVGQETQYF	GLEAPFLYLY
CSVDLQGATYEQYF	GLEAPFLYLY
CASSLTGIGNQPQHF	GLEAPFLYLY
CASSPPGLAYNEQFF	GLEAPFLYLY
CASSLEASGTYEQYF	GLEAPFLYLY
CASSLGTVNEQFF	GLEAPFLYLY
CASSQDGFLGLGVGTDTQYF	GLEAPFLYLY
CASSPNSNQPQHF	GLEAPFLYLY
CASSLGGVRSTEAFF	GLEAPFLYLY
CASSYSGIGSYNEQFF	GLEAPFLYLY
CASSTGTGEETQYF	GLEAPFLYLY
CASSLGAGTAFF	GLEAPFLYLY
CASSLGRSSGNTIYF	GLEAPFLYLY
CASSIAGGQQTQYF	GLEAPFLYLY
CASSQDPGPAEEQYF	GLEAPFLYLY
CASSTGQGTDTQYF	GLEAPFLYLY
CASMGGGATDTQYF	GLEAPFLYLY
CATSRERQGVKETQYF	GLEAPFLYLY
CSALIRDRGFEQYF	GLEAPFLYLY
CASSKGFGNQPQHF	GLEAPFLYLY
CASSPTGASNQPQHF	GLEAPFLYLY
CASSPGQGAKNEQFF	GLEAPFLYLY
CASSLTSVGGPSETQYF	GLEAPFLYLY
CASSLLRVNNQPQHF	GLEAPFLYLY
CASSFAGGSNNEQFF	GLEAPFLYLY
CASSFEGQGYEQYF	GLEAPFLYLY
CASSPNSGNTIYF	GLEAPFLYLY
CASSFGASGNYEQYF	GLEAPFLYLY
CSVTGEARNTEAFF	GLEAPFLYLY
CASSQNPGDAGELFF	GLEAPFLYLY
CASSIGVNTEAFF	GLEAPFLYLY
CASSLDSGTGGSGANVLTF	GLEAPFLYLY
CSAMGQDTGELFF	GLEAPFLYLY
CSARDDTSRDIDTQYF	GLEAPFLYLY
CASSLDSSGNTYEQYF	GLEAPFLYLY
CSVVRGPEQFF	GLEAPFLYLY
CASSLAFGTGVDTQYF	GLEAPFLYLY
CASSLANNPTDTQYF	GLEAPFLYLY
CASSFAQGTDTQYF	GLEAPFLYLY
CASSPSGTQYF	GLEAPFLYLY
CASSAAGTLYEQYF	GLEAPFLYLY
CASFSTSYEQFF	GLEAPFLYLY
CASSPRQGPWEETQYF	GLEAPFLYLY
CSVEMGPFFGANVLTF	GLEAPFLYLY
CASRAGETQYF	GLEAPFLYLY
CASSSWTGGSNSNQPQHF	GLEAPFLYLY
CSVVYGGRSTEAFF	GLEAPFLYLY
CASSSSSGGPYSTDTQYF	GLEAPFLYLY
CAWSFWTGGHEQYF	GLEAPFLYLY
CASSPGGSGNTIYF	GLEAPFLYLY
CASSLVTPEDTQYF	GLEAPFLYLY
CASSTPGDNEQFF	GLEAPFLYLY
CATDVIGATNYGYTF	GLEAPFLYLY
CATRPGNSYEQYF	GLEAPFLYLY
CASSLVGSGVPDTQYF	GLEAPFLYLY
CASSQESSGSYEQYF	GLEAPFLYLY
CSTDLGNEQFF	GLEAPFLYLY
CSVEIENTGELFF	GLEAPFLYLY
CASGFSGLGTGELFF	GLEAPFLYLY
CASSEVVTGGDEQFF	GLEAPFLYLY
CASSPQADLAEQYF	GLEAPFLYLY
CASSELTGLAGDETQYF	GLEAPFLYLY
CASKRAGTGDGYTF	GLEAPFLYLY
CSVGSYPEFF	GLEAPFLYLY
CASRTSGNPDTQYF	GLEAPFLYLY
CASRSSGSQETQYF	GLEAPFLYLY
CASSLGSGGYQETQYF	GLEAPFLYLY
CASSQEGGQLYEQYF	GLEAPFLYLY
CASSRGSEAFF	GLEAPFLYLY
CASPGTDTYGYTF	GLEAPFLYLY
CASSTGDFWEPQHF	GLEAPFLYLY
CASSPLAGVHTQYF	GLEAPFLYLY
CASSRLDSDNEQFF	GLEAPFLYLY
CASSEGLAGYNEQFF	GLEAPFLYLY
CASSLGPRPGDTQYF	GLEAPFLYLY
CASSQEGTSGSRDTQYF	GLEAPFLYLY
CASSDGEQYF	GLEAPFLYLY
CASSDSGLGAEQFF	GLEAPFLYLY
CASSVNTQYF	GLEAPFLYLY
CASSPGTGYFDEKLFF	GLEAPFLYLY
CASSREGQGRDTQYF	GLEAPFLYLY
CASSSDGEETQYF	GLEAPFLYLY
CSVEEGGGQAERGPYEQYF	GLEAPFLYLY
CSVEGRRNTGELFF	GLEAPFLYLY
CASSFASPPYEQYF	GLEAPFLYLY
CASSEGEGRWGTEAFF	GLEAPFLYLY
CASSGELVNEQFF	GLEAPFLYLY
CASSSTSGSGDTQYF	GLEAPFLYLY
CASSPGGFGDTQYF	GLEAPFLYLY
CSAGGQSSYEQYF	GLEAPFLYLY
CASSLGGTGNTIYF	GLEAPFLYLY
CASSYSTGMQPQHF	GLEAPFLYLY
CASSLGISTEAFF	GLEAPFLYLY
CASSLLRDTYEQYF	GLEAPFLYLY
CASSQDNTDYEQYF	GLEAPFLYLY
CSAPPRGMNTEAFF	GLEAPFLYLY
CASSQGSGRADQPQHF	GLEAPFLYLY
CATSLEGLETQYF	GLEAPFLYLY
CSVEWGASGSLTDTQYF	GLEAPFLYLY
CASSIDRGSSYEQYF	GLEAPFLYLY
CASSRLDSDNEQFF	GLEAPFLYLY
CARQILGMNGEQYF	GLEAPFLYLY
CASSSLEARGAETQYF	GLEAPFLYLY
CASSVPRGTQETQYF	GLEAPFLYLY
CASRFDSNQPQHF	GLEAPFLYLY
CASSINWETVPYEQYF	GLEAPFLYLY
CASSLWWEGTYEQYF	GLEAPFLYLY
CSASPTAMNTEAFF	GLEAPFLYLY
CASSPTSGSGNEQFF	GLEAPFLYLY
CASSQAGRKDYEQYF	GLEAPFLYLY
CSVDFSGSTGELFF	GLEAPFLYLY
CASSVPTQDSSYNSPLHF	GLEAPFLYLY
CATSDLLGSSYNEQFF	GLEAPFLYLY
CASSQEVAGAYEQYF	GLEAPFLYLY
CASSEPGQEMNTEAFF	GLEAPFLYLY
CSVEGLAGVGADTQYF	GLEAPFLYLY
CASSPRVLGNQPQHF	GLEAPFLYLY
CASSLGDEQYF	GLEAPFLYLY
CASSFDSVMRDPQETQYF	GLEAPFLYLY
CASSTTGGTSDTGELFF	GLEAPFLYLY
CASSGHRDTYSTGELFF	GLEAPFLYLY
CASSLSPLDSTYEQYF	GLEAPFLYLY
CASSLFRGQGASYEQYF	GLEAPFLYLY
CASDYSETNYGYTF	GLEAPFLYLY
CSAPNQGQGRPNSNQPQHF	GLEAPFLYLY
CASSLSAGMYNEQFF	GLEAPFLYLY
CARRQGTSQETQYF	GLEAPFLYLY
CASSLWDRVRQPQHF	GLEAPFLYLY
CASRRVSRTGELFF	GLEAPFLYLY
CASSEGTAYNEQFF	GLEAPFLYLY
CASSPEDDYEQFF	GLEAPFLYLY
CASSLPSGYEQYF	GLEAPFLYLY
CATSEGAELNEQFF	GLEAPFLYLY
CASSLQGLGSPLHF	GLEAPFLYLY
CASSWGASNEQFF	GLEAPFLYLY
CASSLRWAEDLFNYGYTF	GLEAPFLYLY
CASSEDWGTGQPQHF	GLEAPFLYLY
CSAPGPSGEQYF	GLEAPFLYLY
CASSLLGQVPGEQYF	GLEAPFLYLY
CASSSPAGFTDTQYF	GLEAPFLYLY
CSVEEGGANTEAFF	GLEAPFLYLY
CASSPGQGTDTQYF	GLEAPFLYLY
CASSATAFVAGRNEQFF	GLEAPFLYLY
CASSKATGEGGNYEQYF	GLEAPFLYLY
CASSLEPTGPYEQYF	GLEAPFLYLY
CSTVSHTEAFF	GLEAPFLYLY
CSVCLQGATYEQYF	GLEAPFLYLY
CATSRDRRRGEKLFF	GLEAPFLYLY
CASSTPWTSGQETQYF	GLEAPFLYLY
CASSQEGRAWNDIQYF	GLEAPFLYLY
CASSTGQGIADTQYF	GLEAPFLYLY
CSVPSGIEQFF	GLEAPFLYLY
CASSLSGSSGETQYF	GLEAPFLYLY
CASSPSKAVWDEQFF	GLEAPFLYLY
CASSLDPLGYTF	GLEAPFLYLY
CSVVLGGQNTEAFF	GLEAPFLYLY
CASNDRDRGGTEAFF	GLEAPFLYLY
CASSLPGGSSYEQYF	GLEAPFLYLY
CASRPQGAGAPHGEQFF	GLEAPFLYLY
CASSEALVEMNTEAFF	GLEAPFLYLY
CASSPREVTDTQYF	GLEAPFLYLY
CASSSGTSGYNEQFF	GLEAPFLYLY
CATSSNGNGEQFF	GLEAPFLYLY
CASQGSGNTIYF	GLEAPFLYLY
CATSRARQVLNQPQHF	GLEAPFLYLY
CASSRDWSSGNTIYF	GLEAPFLYLY
CASAGGFTYEQYF	GLEAPFLYLY
CASSGGWWNSPLHF	GLEAPFLYLY
CASSLPITGLDSNEQFF	GLEAPFLYLY
CASGATSYEQYF	GLEAPFLYLY
CSAPRGGASTDTQYF	GLEAPFLYLY
CASSLDGTTGNEQFF	GLEAPFLYLY
CARTGQGLESPLHF	GLEAPFLYLY
CASSASAGTGGEEGYTF	GLEAPFLYLY
CASQTNEPGDTQYF	GLEAPFLYLY
CASSAVEGQLSEAFF	GLEAPFLYLY
CASSDDKYGYTF	GLEAPFLYLY
CASSEPGTEMNTEAFF	GLEAPFLYLY
CASSPTGTGSLFF	GLEAPFLYLY
CASSIGVAESSYNEQFF	GLEAPFLYLY
CATSDLQGPPGELFF	GLEAPFLYLY
CASSLRGAGEQFF	GLEAPFLYLY
CASSLNGGDADTQYF	GLEAPFLYLY
CASRSIGQGANYGYTF	GLEAPFLYLY
CASSGEWDNEQFF	GLEAPFLYLY
CASFGQNRNTIYF	GLEAPFLYLY
CASSLEGNEQFF	GLEAPFLYLY
CASSELGGGPQTQYF	GLEAPFLYLY
CASPRDRDNYGYTF	GLEAPFLYLY
CATSRDRREREKLFF	GLEAPFLYLY
CASSHYRGSYNEQFF	GLEAPFLYLY
CSVEVGEQYF	GLEAPFLYLY
CASSRQGSYSPLHF	GLEAPFLYLY
CASSQEEAYRNTGELFF	GLEAPFLYLY
CAISEGARTDTQYF	GLEAPFLYLY
CASSLDAGSDSGSEDPYEQYF	GLEAPFLYLY
CASSQIGALPLYGYTF	GLEAPFLYLY
CASSEPGLGYGYTF	GLEAPFLYLY
CASRTGTAFSPRGEETQYF	GLEAPFLYLY
CSVHSGGLGTEAFF	GLEAPFLYLY
CASSDTGELFF	GLEAPFLYLY
CASSVLGGETQYF	GLEAPFLYLY
CASSTSEGWGFYNYGYTF	GLEAPFLYLY
CASSYSLAGASGVEQFF	GLEAPFLYLY
CASSYNQQTSSYEQYF	GLEAPFLYLY
CATSDYREAFF	GLEAPFLYLY
CASSLEPVGDAVPYEQYF	GLEAPFLYLY
CASSTSSGSGETQYF	GLEAPFLYLY
CASSLAVLNEQFF	GLEAPFLYLY
CASSLAEGQESSYNSPLHF	GLEAPFLYLY
CASSELGAGGGNEQFF	GLEAPFLYLY
CASSQGLAGVETYEQYF	GLEAPFLYLY
CSARGTDGTVGYPGTEAFF	GLEAPFLYLY
CASSLRPQVRGYEAPPQETQYF	GLEAPFLYLY
CASIAGGEQYF	GLEAPFLYLY
CASSYGVGGTEAFF	GLEAPFLYLY
CASSEGGGPSYEQYF	GLEAPFLYLY
CASSQVHSTTDEQFF	GLEAPFLYLY
CASSGGIGELFF	GLEAPFLYLY
CASSLDETEAFF	GLEAPFLYLY
CATLETTESNYGYTF	GLEAPFLYLY
CSVEVEGPTEAFF	GLEAPFLYLY
CASNRGLYNEQFF	GLEAPFLYLY
CSARDGDSGTGELFF	GLEAPFLYLY
CASSLVSGATEAFF	GLEAPFLYLY
CASSLATGGDTEAFF	GLEAPFLYLY
CSVEGQGAVNEQFF	GLEAPFLYLY
CASSLLVDSYEQYF	GLEAPFLYLY
CASTDRGFHEQFF	GLEAPFLYLY
CATSDDYYNEQFF	GLEAPFLYLY
CASSQDDSGLYGYTF	GLEAPFLYLY
CASSYGLNEQFF	GLEAPFLYLY
CASSLFGQSNQPQHF	GLEAPFLYLY
CASGETSYEQYF	GLEAPFLYLY
CASRRETQYF	GLEAPFLYLY
CASSTGTGQETQYF	GLEAPFLYLY
CASSYSGWETQYF	GLEAPFLYLY
CASSPRGAFGTGGIDEQYF	GLEAPFLYLY
CASSADYRELFF	GLEAPFLYLY
CASSEPDREETQYF	GLEAPFLYLY
CASSLVGGGEQFF	GLEAPFLYLY
CASSEGVPGLEYF	GLEAPFLYLY
CSVLPDISSYEQYF	GLEAPFLYLY
CASSAVGQETQYF	GLEAPFLYLY
CAILDRVVNTEAFF	GLEAPFLYLY
CASRWTGDYGYTF	GLEAPFLYLY
CASSYYGGSSYNEQFF	GLEAPFLYLY
CASRSIQSGNEQFF	GLEAPFLYLY
CASSLLRDSSYEQYF	GLEAPFLYLY
CSANPDRGDYNEQFF	GLEAPFLYLY
CASSSIYGAESSYEQYF	GLEAPFLYLY
CAIEKTESHRAQYF	GLEAPFLYLY
CASSYSPPGTNYGYTF	GLEAPFLYLY
CASMRDLQSSSYNEQFF	GLEAPFLYLY
CASSYNIGTPYEQYF	GLEAPFLYLY
CSAPRGDSYNEQFF	GLEAPFLYLY
CASSNPGHRAYNEQFF	GLEAPFLYLY
CASSYGVDEQFF	GLEAPFLYLY
CASSGLTSANGDEQFF	GLEAPFLYLY
CASSSPEQGYRNEQFF	GLEAPFLYLY
CASRYDGYAEAFF	GLEAPFLYLY
CSAVGQDKAYEQYF	GLEAPFLYLY
CASSTDESNQPQHF	GLEAPFLYLY
CASSIGGFEQFF	GLEAPFLYLY
CAMEEASPYGYTF	GLEAPFLYLY
CASSFGSSPLNEQFF	GLEAPFLYLY
CASSEGTNTEAFF	GLEAPFLYLY
CASSHGDSRIYTEAFF	GLEAPFLYLY
CASSVTIDDEQYF	GLEAPFLYLY
CASSSTIQGSYEQYF	GLEAPFLYLY
CASSWDRGSYNEQFF	GLEAPFLYLY
CASSRAGALGGELFF	GLEAPFLYLY
CASSVDGNTDTQYF	GLEAPFLYLY
CASSQSPPGVYGYNEQFF	GLEAPFLYLY
CSARAEAGVVRIEETQYF	GLEAPFLYLY
CASSGTGAYNEQFF	GLEAPFLYLY
CASSIAAGADTQYF	GLEAPFLYLY
CATSDLPNTGELFF	GLEAPFLYLY
CASSPGLSGNTIYF	GLEAPFLYLY
CASSVGATPYGYTF	GLEAPFLYLY
CASSPTGLAGMETQYF	GLEAPFLYLY
CSARDQGDAGEPQHF	GLEAPFLYLY
CASSIDQRGNYGYTF	GLEAPFLYLY
CASSRQGALNTEAFF	GLEAPFLYLY
CASSLDGTTGNEQFF	GLEAPFLYLY
CASSSQASGYYGYTF	GLEAPFLYLY
CASSLAGPWDTQYF	GLEAPFLYLY
CATSEGLAGVDEQFF	GLEAPFLYLY
CASSLSGRGEQYF	GLEAPFLYLY
CSAEDLAGAGELFF	GLEAPFLYLY
CASSQPSSGNEQFF	GLEAPFLYLY
CASSHRGPRAGARAGETQYF	GLEAPFLYLY
CASRETSFETQYF	GLEAPFLYLY
CASSMGWADVYNEQFF	GLEAPFLYLY
CASSSDSGYTEAFF	GLEAPFLYLY
CASFLSSYEQYF	GLEAPFLYLY
CASSLPDWTSGSGVTDTQYF	GLEAPFLYLY
CSASERARNTEAFF	GLEAPFLYLY
CSARDDMYYEQYF	GLEAPFLYLY
CATSDLQGPGELFF	GLEAPFLYLY
CASSELIDAAGDSEQFF	GLEAPFLYLY
CASTLSVSGFGEETQYF	GLEAPFLYLY
CAISESSGGGRGTGELFF	GLEAPFLYLY
CASSLSGSHLTF	GLEAPFLYLY
CASGTSGGAQETQYF	GLEAPFLYLY
CASSPNGGPNYGYTF	GLEAPFLYLY
CASSSGIAGYTF	GLEAPFLYLY
CASSLEGNTEAFF	GLEAPFLYLY
CASSQQGALSTEAFF	GLEAPFLYLY
CSAPGQDYGYTF	GLEAPFLYLY
CASTGVRGGGDQETQYF	GLEAPFLYLY
CASSQDRVSGGLSYEQYF	GLEAPFLYLY
CSATLEWVAGEGTDTQYF	GLEAPFLYLY
CASSPRDRVNEQFF	GLEAPFLYLY
CSVSDRGPTDTQYF	GLEAPFLYLY
CASSQAGTSGSEQYF	GLEAPFLYLY
CASSQDGSSTDTQYF	GLEAPFLYLY
CATSVQGSDYEQYF	GLEAPFLYLY
CASSSSEYNEQFF	GLEAPFLYLY
CASNGDWRADTQYF	GLEAPFLYLY
CASRDLGPTEAFF	GLEAPFLYLY
CASSLAGAGNTIYF	GLEAPFLYLY
CASSFYNAGGRADTQYF	GLEAPFLYLY
CASSEAVAGPFYEQYF	GLEAPFLYLY
CSVDGAVSNTEAFF	GLEAPFLYLY
CATSVGMGETQYF	GLEAPFLYLY
CASSAGGTGPFNYGYTF	GLEAPFLYLY
CASSQDYPIAGAIDNEQFF	GLEAPFLYLY
CASSPGVREKLFF	GLEAPFLYLY
CASSSSRGYGYTF	GLEAPFLYLY
CASSQWGQGYSGRAGFNEQFF	GLEAPFLYLY
CATSDLQGAQETQYF	GLEAPFLYLY
CASILDNEQFF	GLEAPFLYLY
CASSLGASGTYNEQFF	GLEAPFLYLY
CASSQEVGHGYAGGYTF	GLEAPFLYLY
CASSLTGWGNTEAFF	GLEAPFLYLY
CASSLSFRDTQYF	GLEAPFLYLY
CASSEWVGNTIYF	GLEAPFLYLY
CASGNTEAFF	GLEAPFLYLY
CASSPQGALSRGYTF	GLEAPFLYLY
CASTLGQVSSGRQPYEQYF	GLEAPFLYLY
CSVEGQQGVHYGYTF	GLEAPFLYLY
CASSLAGGAYGYTF	GLEAPFLYLY
CATTGGSGAFF	GLEAPFLYLY
