CDR3	AA
CASSLAGAYEQYF	SPRWYFYYL
CASSLAGGVTEAFF	SPRWYFYYL
CASRTGRWGYTF	SPRWYFYYL
CASSEQACFPSGTHRINYGYTF	SPRWYFYYL
CASSEKTGGSTEAFF	SPRWYFYYL
CASSLAGAYEQYF	SPRWYFYYL
CASSPMTGVDTQYF	SPRWYFYYL
CASSLAGGDGYTF	SPRWYFYYL
CSARDTGTGNTIYF	SPRWYFYYL
CASSLGGAYEQYF	SPRWYFYYL
CASRALTGLAQAKNIQYF	SPRWYFYYL
CASSYGQGPYGYTF	SPRWYFYYL
CASSLAGQINEKLFF	SPRWYFYYL
CAPSLARGGLGGELFF	SPRWYFYYL
CASSRLTGVNTEAFF	SPRWYFYYL
CASSGLASGTYEQYF	SPRWYFYYL
CASSLAGGANPYGYTF	SPRWYFYYL
CASSLAGAYEQYF	SPRWYFYYL
CASSLAGLAVGPGTQYF	SPRWYFYYL
CASSGLASTYNEQFF	SPRWYFYYL
CASSLGEDLTLQETQYF	SPRWYFYYL
CASSQQTPSGETQYF	SPRWYFYYL
CASSELPGGTLSAFF	SPRWYFYYL
CASSLAGGPLQPQHF	SPRWYFYYL
CAGTGGCTDTQYF	SPRWYFYYL
CASRRLAGGPGKETQYF	SPRWYFYYL
CASRLNEQFF	SPRWYFYYL
CAINRGGTEAFF	SPRWYFYYL
CASSEGFYRDSISPLHF	SPRWYFYYL
CASSLWAGGRRYEQYF	SPRWYFYYL
CARSLARGGLGGELFF	SPRWYFYYL
CASSELPGVSNQPQHF	SPRWYFYYL
CASSPRGGPGELFF	SPRWYFYYL
CARPGRLRDSPLHF	SPRWYFYYL
CASSPESSGGAFGSYEQFF	SPRWYFYYL
CASSLAGAGEEYF	SPRWYFYYL
CASSENRVNTEAFF	SPRWYFYYL
CASSTLETSVRAQYF	SPRWYFYYL
CASSPRVTGDTQYF	SPRWYFYYL
CSARERTSGLGAETQYF	SPRWYFYYL
CASSQFQQGSETQYF	SPRWYFYYL
CASSALPMGTSEQFF	SPRWYFYYL
CASSEWDTIAKNIQYF	SPRWYFYYL
CASSSAGTPKSHNEQFF	SPRWYFYYL
CASSLAGGDGYTF	SPRWYFYYL
CASSLGGAYEQYF	SPRWYFYYL
CASSTLASSTDTQYF	SPRWYFYYL
CASSRIAEETQYF	SPRWYFYYL
CAWSVGAAGGAGKETQYF	SPRWYFYYL
CASSFAQYTEAFF	SPRWYFYYL
CASSITSEQFF	SPRWYFYYL
CASSPRGLQTSSYEQYF	SPRWYFYYL
CASSFLAYTYEQYF	SPRWYFYYL
CASSPRAGPGELFF	SPRWYFYYL
CASDAGATGELFF	SPRWYFYYL
CASSLAGSEQFF	SPRWYFYYL
CTSSQDPQSSYGYTF	SPRWYFYYL
CASSLREGPSDTQYF	SPRWYFYYL
CASGELPGPPGEQYF	SPRWYFYYL
CASSSLSGSILTKNIQYF	SPRWYFYYL
CSVDLLEGPYEQYF	SPRWYFYYL
CSAFREGRFDEQFF	SPRWYFYYL
CASGSGTGSWNEQFF	SPRWYFYYL
CASSPLTGPGAAKETQYF	SPRWYFYYL
CASSQEFLDEKLFF	SPRWYFYYL
CASSLAGGQPQHF	SPRWYFYYL
RATYAGDYEQYF	SPRWYFYYL
CASSQSPGTTYEQYF	SPRWYFYYL
CASSLAGLEAFF	SPRWYFYYL
CASSLYAGQGTYEQYF	SPRWYFYYL
CASSSLAGTGDSGNTIYF	SPRWYFYYL
CASGLPRLGAPGETQYF	SPRWYFYYL
CASSQDQGSAYEQYF	SPRWYFYYL
CASSLSGNYNEQFF	SPRWYFYYL
CASSILPGTGGRHQPQHF	SPRWYFYYL
CASSKLTGEAVAKNIQYF	SPRWYFYYL
CASSETPGPPGEQYF	SPRWYFYYL
CAWSDLQGAHGYTF	SPRWYFYYL
CASSPLVGGPAGYTF	SPRWYFYYL
CASIPLTGDGNQPQHF	SPRWYFYYL
CASSLEGPYSNQPQHF	SPRWYFYYL
CSARDTGQGASGYTF	SPRWYFYYL
CASSLAGAWEQYF	SPRWYFYYL
CASSLSYRGNTEAFF	SPRWYFYYL
CASSPLVGAPEAKNIQYF	SPRWYFYYL
CASTTLQVANYGYTF	SPRWYFYYL
CATSTHDRGKLFF	SPRWYFYYL
CASSPLRSYNEQFF	SPRWYFYYL
CASRIITGGRNIQYF	SPRWYFYYL
CATSDTGEPQHF	SPRWYFYYL
CASSLVPLGMNTEAFF	SPRWYFYYL
CASRQLAGGPNEQFF	SPRWYFYYL
CASSSLTGTSGRRETQYF	SPRWYFYYL
CARSLERGGLGGELFF	SPRWYFYYL
CASSQWTTGTGELFF	SPRWYFYYL
CSARDPAGAGFYEQYF	SPRWYFYYL
CASSLAGVEAFF	SPRWYFYYL
CASSLAGVGYTF	SPRWYFYYL
CASSWTGSNTGELFF	SPRWYFYYL
CAWSPRAAVGELFF	SPRWYFYYL
CASSPLTGEALAKNIQYF	SPRWYFYYL
CASSFGKGEQFF	SPRWYFYYL
CASSFRVGTGGNEQFF	SPRWYFYYL
CASSFSYRGNTEAFF	SPRWYFYYL
CASSLGRGSGNQPQHF	SPRWYFYYL
CASSLGGAYEQYF	SPRWYFYYL
CASSLVSGPNQPQHF	SPRWYFYYL
CASTSGNYEQYF	SPRWYFYYL
CASSLGRAFYNEQFF	SPRWYFYYL
CASSLAGSGQFF	SPRWYFYYL
CASLFNEQFF	SPRWYFYYL
CASSFRGMGETQYF	SPRWYFYYL
CASSVDPLYEQYF	SPRWYFYYL
CASISKRPSRSGETQYF	SPRWYFYYL
CASSPTGGLLVWELFF	SPRWYFYYL
CASSHTTSGRALVDEQFF	SPRWYFYYL
CASSPLVTGGKDTQYF	SPRWYFYYL
CASSELPFGQNYGYTF	SPRWYFYYL
CASSQEAAGSYEQYF	SPRWYFYYL
CASSLYPSGDLGELFF	SPRWYFYYL
CASSLAGVGAFF	SPRWYFYYL
CATDRGGDQPQHF	SPRWYFYYL
CASNLRGAGEQYF	SPRWYFYYL
CASSLGGAYEQYF	SPRWYFYYL
CASSPTPDGISYEQYF	SPRWYFYYL
CASSQVGFSGGLSSVLTF	SPRWYFYYL
CASSFGLASTDTQYF	SPRWYFYYL
CASSLSTGGASAKNIQYF	SPRWYFYYL
CASSLRGLSSYNEQFF	SPRWYFYYL
CASSSPGRMGLAGHNEQFF	SPRWYFYYL
CASTELPGPPETQYF	SPRWYFYYL
CASSLDRATSGREYEQYF	SPRWYFYYL
CASSLAGAGAFF	SPRWYFYYL
CASSLAGTGGYEQYF	SPRWYFYYL
CASSTQGSYNEQFF	SPRWYFYYL
CASSLAGVPNEKLFF	SPRWYFYYL
CASSFLAGSSYEQYF	SPRWYFYYL
CASSPLAGGSKTKNIQYF	SPRWYFYYL
CASSLAGSEAFF	SPRWYFYYL
CASSLAGVGYTF	SPRWYFYYL
CASSQDNLETDGYTF	SPRWYFYYL
CSARDNAQGAIEQFF	SPRWYFYYL
CSARPTSTSGGAPYEQYF	SPRWYFYYL
CASSLAGVEQYF	SPRWYFYYL
CASSPYPLVTTEAFF	SPRWYFYYL
CASKRLGGYNEQFF	SPRWYFYYL
CASSLAGVEQYF	SPRWYFYYL
CASSRLAGGHNEQFF	SPRWYFYYL
CASSFTGTSSYGYTF	SPRWYFYYL
CASSLAGAEAFF	SPRWYFYYL
CASSLTGGTNQPQHF	SPRWYFYYL
CATSDLPGNYGYTF	SPRWYFYYL
CASNVLGRIDEQFF	SPRWYFYYL
CASSLNGDSLIRDTQYF	SPRWYFYYL
CASSLVRTANTEAFF	SPRWYFYYL
CASSLAGVEQYF	SPRWYFYYL
CASSSLTSGAYNEQFF	SPRWYFYYL
CASSEIPTSADTQYF	SPRWYFYYL
CASSPSRTSGRYEQYF	SPRWYFYYL
CASSPLAGTGPFTQYF	SPRWYFYYL
CASSLAGVALTDTQYF	SPRWYFYYL
CASSLAGGPHQPQHF	SPRWYFYYL
CASSQLTGGGGNTIYF	SPRWYFYYL
CASTIAGGPYNEQFF	SPRWYFYYL
CASSLAGVELFF	SPRWYFYYL
CASSLAGGHLQPQHF	SPRWYFYYL
CSVPGYYGYTF	SPRWYFYYL
CASRSGKGGNTEAFF	SPRWYFYYL
CASSQFWQAYNSPLHF	SPRWYFYYL
CASSLRDGSNQPQHF	SPRWYFYYL
CASSPSQSPLYEQYF	SPRWYFYYL
CASSLVRGPGNQPQHF	SPRWYFYYL
CASSLLPVVGGNTEAFF	SPRWYFYYL
CASSLSASGYEQYF	SPRWYFYYL
CASSPPYRGNNEQFF	SPRWYFYYL
CASSTFPVSSGANVLTF	SPRWYFYYL
CATSAEVPNTEAFF	SPRWYFYYL
CASSEGPVSRELFF	SPRWYFYYL
CASSSKTGPLTSTDTQYF	SPRWYFYYL
CASNGLAGRNEQFF	SPRWYFYYL
CASSTAGAQGYTF	SPRWYFYYL
CASSPAEPIYNEQFF	SPRWYFYYL
CASNPGLAGADEQFF	SPRWYFYYL
CASSLAPGAGGKNNEQFF	SPRWYFYYL
CASSLGPLEQYF	SPRWYFYYL
CASSQRGTGNTIYF	SPRWYFYYL
CASSLSGVINTEAFF	SPRWYFYYL
CASSPSWTGSEQFF	SPRWYFYYL
CAADRGSNTEAFF	SPRWYFYYL
CASSLAGVEQFF	SPRWYFYYL
CASRRLAGGPYNEQFF	SPRWYFYYL
CASSLAGATEAFF	SPRWYFYYL
CASSLTGGPGYGYTF	SPRWYFYYL
CASSLPRGVAKNIQYF	SPRWYFYYL
CASSKTTGAASGKWRYTF	SPRWYFYYL
CASSLGLAGVSETQYF	SPRWYFYYL
CASSTRTGHITYNEQFF	SPRWYFYYL
CASSGNRDFYEQYF	SPRWYFYYL
CASSPLTGSGNQPQHF	SPRWYFYYL
CASVLSYEQYF	SPRWYFYYL
CASTLAGAYEQYF	SPRWYFYYL
CASSELPGPPGEQYF	SPRWYFYYL
CASSSYTGSAKTKNIQYF	SPRWYFYYL
CASSLIGTAHQPQHF	SPRWYFYYL
CASSPTLGRAYEQYF	SPRWYFYYL
CASSPRQSSEQYF	SPRWYFYYL
CASSLAGAYEQYF	SPRWYFYYL
CASSPLVGLAGDKETQYF	SPRWYFYYL
CASSLAGGNLQPQHF	SPRWYFYYL
CASSPRWPSEQETQYF	SPRWYFYYL
CASGGLRPGEQYF	SPRWYFYYL
CASSRGGGPLETQYF	SPRWYFYYL
CSVVLLAGPYEQYF	SPRWYFYYL
CASSLAGAYEQYF	SPRWYFYYL
CASSQGTGLSYEQYF	SPRWYFYYL
CASSLAGANEQFF	SPRWYFYYL
CASSLVETNYGYTF	SPRWYFYYL
CASSVGGGGQPQHF	SPRWYFYYL
CASSKSENEQYF	SPRWYFYYL
CSARDFLGGSGNSPLHF	SPRWYFYYL
CASSLAGVGQFF	SPRWYFYYL
CASSLSYRGNQPQHF	SPRWYFYYL
CASSQFLGRGGGYGYTF	SPRWYFYYL
CASSFGTGAYEQYF	SPRWYFYYL
CASSQGGVQQFF	SPRWYFYYL
CASSPLTTANYGYTF	SPRWYFYYL
CASSLATPLDSEAFF	SPRWYFYYL
CASSPFPGLSPQTNNEQFF	SPRWYFYYL
CASNLTPGPGGEQYF	SPRWYFYYL
CASSLLGTGATGELFF	SPRWYFYYL
CASSLYPGANVLTF	SPRWYFYYL
CASSYSYRGSNQPQHF	SPRWYFYYL
CASSLAGAYEQYF	SPRWYFYYL
CSANPRGDTYEQYF	SPRWYFYYL
CSARDLKPQSSYNEQFF	SPRWYFYYL
CASSLSYRANTEAFF	SPRWYFYYL
CASSLAGVEIYYEQYF	SPRWYFYYL
CASSFKLGPLSSYNEQFF	SPRWYFYYL
CASSMLTTAENEQFF	SPRWYFYYL
CATADMVIDTQYF	SPRWYFYYL
CASSDGFLGGKEQFF	SPRWYFYYL
CASSLVVGMGNQPQHF	SPRWYFYYL
CASSLPLIREGLFF	SPRWYFYYL
CASSPLAGEGMAKNIQYF	SPRWYFYYL
CASSTQGSSYEQYF	SPRWYFYYL
CASSVVGNPRDTQYF	SPRWYFYYL
CASSLAGGHLQPQHF	SPRWYFYYL
CASSQATGVRWNTEAFF	SPRWYFYYL
CASSQDGGSAYEQYF	SPRWYFYYL
CASSSLTSGGFNEQFF	SPRWYFYYL
CASSLAGAGELFF	SPRWYFYYL
CASSPLTGGPSRKDTQYF	SPRWYFYYL
CASSLPHVGGQPQHF	SPRWYFYYL
CASSLAGSEQYF	SPRWYFYYL
CASSFQGGNQPQHF	SPRWYFYYL
CASSSLTGPAREQFF	SPRWYFYYL
CASSLAGAYEQYF	SPRWYFYYL
CATSDLPGGYGYTF	SPRWYFYYL
CASRITGTGDTGELFF	SPRWYFYYL
CASSLAGVEQYF	SPRWYFYYL
CASSAPQGGGGPQHF	SPRWYFYYL
CASSLAGAFEQFF	SPRWYFYYL
CASSLAGVGYTEAFF	SPRWYFYYL
CASSARDYFYNEQFF	SPRWYFYYL
CAWDAGAGGPGGELFF	SPRWYFYYL
CASSLAGAYEQYF	SPRWYFYYL
CASSSILAGGNEQFF	SPRWYFYYL
CASSNLPGPPSEQYF	SPRWYFYYL
CASSQEQGYEQYF	SPRWYFYYL
CASTSGNYEQYF	SPRWYFYYL
CASSLAGLAIGNYGYTF	SPRWYFYYL
CASSLLRGGQYNEQFF	SPRWYFYYL
CASSLGGQTYEQYF	SPRWYFYYL
CSASIRGAQYEQYF	SPRWYFYYL
CATSDLTRDEQYF	SPRWYFYYL
CASSQIRFLSYEQYF	SPRWYFYYL
CSVDPGRAFF	SPRWYFYYL
CASSEKTGGSTEAFF	SPRWYFYYL
CSARGREDPVEQYF	SPRWYFYYL
CASSLPPREQYF	SPRWYFYYL
CASSLPRTSGTYEQYF	SPRWYFYYL
CASSLTGGNGYTF	SPRWYFYYL
CASSLGPSGGQYNEQFF	SPRWYFYYL
CASSLDLNSPLHF	SPRWYFYYL
CASSPGTEVYNEQFF	SPRWYFYYL
CASSFGTGATYEQYF	SPRWYFYYL
CASSLLPGPPDTQYF	SPRWYFYYL
CASTFVPGLQETQYF	SPRWYFYYL
CASSPGQGHIQYF	SPRWYFYYL
CASSPITGIEYTKNIQYF	SPRWYFYYL
CSVRATSTDTQYF	SPRWYFYYL
CSARDRKGYTNQPQHF	SPRWYFYYL
CASSLAGLGQYF	SPRWYFYYL
CASSSLPGPPDEQFF	SPRWYFYYL
CASRALVGTELAKNIQYF	SPRWYFYYL
CASSFLSGGGWYEQYF	SPRWYFYYL
CASSDPRPAGVSETQYF	SPRWYFYYL
CASSFGTPLDTEAFF	SPRWYFYYL
CASSLAGVGYTF	SPRWYFYYL
CSVGMGSEQYF	SPRWYFYYL
CASSRTRGGYTF	SPRWYFYYL
CASSLAGAAASNYGYTF	SPRWYFYYL
CASSSGQTYEQYF	SPRWYFYYL
CASSPLTGQETQYF	SPRWYFYYL
CASSKGGGRSSNSPLHF	SPRWYFYYL
CASCPFNQPQHF	SPRWYFYYL
CASSTLAGPARELFF	SPRWYFYYL
CASSTGDRPYEEQYF	SPRWYFYYL
CASSPPSSWDTGELFF	SPRWYFYYL
CASSLRVNPGELFF	SPRWYFYYL
CASSPYPLPGQGYSPLHF	SPRWYFYYL
CATSALGGTGSYEQYF	SPRWYFYYL
CASSLFSNQPQHF	SPRWYFYYL
CASSLAGVEQYF	SPRWYFYYL
CASSLAGLRDKGEKLFF	SPRWYFYYL
CASSISYRGGEKLFF	SPRWYFYYL
CASSPLTGTGRYEQYF	SPRWYFYYL
CASSLAGAGELFF	SPRWYFYYL
CASSVPGRGPGNTIYF	SPRWYFYYL
CASSLAGGPTHTQYF	SPRWYFYYL
CATSDLVGDEQYF	SPRWYFYYL
CASSQDTGTGTLGNYGYTF	SPRWYFYYL
CASSFSGGPNNEQFF	SPRWYFYYL
CASDRGLNSPLHF	SPRWYFYYL
CSARTGGTEAFF	SPRWYFYYL
CATSDLPGGEGYTF	SPRWYFYYL
CASSPLGTASNYGYTF	SPRWYFYYL
CASSQPGDRRDEQYF	SPRWYFYYL
CASSLAGGVLQPQHF	SPRWYFYYL
CASSQLAGARNNEQFF	SPRWYFYYL
CASTDGTGGRETQYF	SPRWYFYYL
CASSSPGTGGFYTEAFF	SPRWYFYYL
CASGFTSTDTQYF	SPRWYFYYL
CASSRALGPLDTQYF	SPRWYFYYL
CASSQDPTGGNEQFF	SPRWYFYYL
CASSHLAGTNTGELFF	SPRWYFYYL
CARDGDQETQYF	SPRWYFYYL
CASSALPGPPGEQYF	SPRWYFYYL
CASSTSYRGNEKLFF	SPRWYFYYL
CASSPTGSSNQPQHF	SPRWYFYYL
CASSRLAGGPGNEQFF	SPRWYFYYL
CASSLLASGIRNEQFF	SPRWYFYYL
CAIRLDGSYEQYF	SPRWYFYYL
CASSLGGGIYQPQHF	SPRWYFYYL
CASSYRDQPGDEQFF	SPRWYFYYL
CASSLARGHQETQYF	SPRWYFYYL
CASSLAGAYEQYF	SPRWYFYYL
CSARAGIGLADRGNSPLHF	SPRWYFYYL
CATSDLASDEQYF	SPRWYFYYL
CASSPTPLGQNTEAFF	SPRWYFYYL
CASSSEVGVNTGELFF	SPRWYFYYL
CASSLAGGSLQPQHF	SPRWYFYYL
CASSWGGAYEQYF	SPRWYFYYL
CASSLLVGGPTNKETQYF	SPRWYFYYL
CASSQLAGGPGGQKETQYF	SPRWYFYYL
CASSLAGVGLFF	SPRWYFYYL
CASSLSGGPYNEQFF	SPRWYFYYL
CASRTVTGLAKNIQYF	SPRWYFYYL
CASSTLVGTREAKNIQYF	SPRWYFYYL
CASSLAGGGYSNEQFF	SPRWYFYYL
CASSLAGAREQYF	SPRWYFYYL
CASSLAGVGLFF	SPRWYFYYL
CATSDPKLAGGKNIQYF	SPRWYFYYL
CASSRSYEQYF	SPRWYFYYL
CASSLAGVEQYF	SPRWYFYYL
CASSETPGPPGEQYF	SPRWYFYYL
CASSPTRDSVSGYTF	SPRWYFYYL
CASSQFHQGSDTQYF	SPRWYFYYL
CASSLAGGDGYTF	SPRWYFYYL
CASSQRGTGELFF	SPRWYFYYL
CASEGGSGSPLHF	SPRWYFYYL
CASSLSGYTEAFF	SPRWYFYYL
CASTALAGGYNEQFF	SPRWYFYYL
CASSRWDRSTNEKLFF	SPRWYFYYL
CASTDSRGQNEKLFF	SPRWYFYYL
CASGGINYEQYF	SPRWYFYYL
CASSLEGEPDGF	SPRWYFYYL
CSADDSRDRGHTGELFF	SPRWYFYYL
CASSFAGGPYNEQFF	SPRWYFYYL
CATSDLTRDTQYF	SPRWYFYYL
CAISEVTPYEQYF	SPRWYFYYL
CASRGLTGPNQETQYF	SPRWYFYYL
CASSLWGVAREQYF	SPRWYFYYL
CACVDRGLMVDQDEQYF	SPRWYFYYL
CASSNRGNEQYF	SPRWYFYYL
CASSLETVLDTEAFF	SPRWYFYYL
CASSELPSGSATQYF	SPRWYFYYL
CASSLMGNPTDTQYF	SPRWYFYYL
CASSYSYRGNNSPLHF	SPRWYFYYL
CASSLAGAYEQYF	SPRWYFYYL
CASSPGGYEQYF	SPRWYFYYL
CASSYPISGSGSGNTIYF	SPRWYFYYL
CASSDIRSAGNNEQFF	SPRWYFYYL
CASSLARRGLGYGYTF	SPRWYFYYL
CASIRLAGGGWNEQFF	SPRWYFYYL
CASSDLPSGGKDYGYTF	SPRWYFYYL
CARPDRGKNSPLHF	SPRWYFYYL
CATSTGTEVYNEQFF	SPRWYFYYL
CASSLAGAYEQYF	SPRWYFYYL
CASSFLTGLAKNIQYF	SPRWYFYYL
CASSSLLTALATEAFF	SPRWYFYYL
CASSLAGGVYTEAFF	SPRWYFYYL
CASSLAGVGQYF	SPRWYFYYL
CASGDSNSPLHF	SPRWYFYYL
CASSIVPLPASTSYNEQFF	SPRWYFYYL
CASSLSYRGNTEAFF	SPRWYFYYL
CASSELQGPTDTQYF	SPRWYFYYL
CASSYSYRGTNEKLFF	SPRWYFYYL
CASSLAGAYEQYF	SPRWYFYYL
CASSPLVGLAEAKNIQYF	SPRWYFYYL
CASSRIETASYEQYF	SPRWYFYYL
RASSPCPGQGTDTQYF	SPRWYFYYL
CASSLFTPLQNEQFF	SPRWYFYYL
CASSPGGPLNNEQFF	SPRWYFYYL
CASSAYPGGERNIQYF	SPRWYFYYL
CASSLGTKSEQFF	SPRWYFYYL
CASSFSYRGNTEAFF	SPRWYFYYL
CASSLGGAYEQYF	SPRWYFYYL
CASSLAGTGYTF	SPRWYFYYL
CASSDPTGEQYF	SPRWYFYYL
CASSLASTGSYEQYF	SPRWYFYYL
CSHRRLPYNEQFF	SPRWYFYYL
CASSAKTGGSTEAFF	SPRWYFYYL
CASSLAGGPFNEQFF	SPRWYFYYL
CASRLGPVLSYEQYF	SPRWYFYYL
CASSLAGGSHTEAFF	SPRWYFYYL
CASSGIQGLYTEAFF	SPRWYFYYL
CASSYGTSGRQRFTDTQYF	SPRWYFYYL
CASSSTSVSSYNEQFF	SPRWYFYYL
CASSLAGGVLNEQFF	SPRWYFYYL
CASSLAGAYEQYF	SPRWYFYYL
CASSSRAGGDTQYF	SPRWYFYYL
CASSLAGGPLQPQHF	SPRWYFYYL
CASSLAGTQKLFF	SPRWYFYYL
CASSLATPLDTEAFF	SPRWYFYYL
CASSFYTGTGITGELFF	SPRWYFYYL
CASSPLVGLAGDKETQYF	SPRWYFYYL
CASSLTPNSYEQYF	SPRWYFYYL
CASSLIMGQGYSGELFF	SPRWYFYYL
CASSLAGAQGYTF	SPRWYFYYL
CASSLPRGAQETQYF	SPRWYFYYL
CATSDPRLSGGRNEQFF	SPRWYFYYL
CASSLARGGLGGELFF	SPRWYFYYL
CASSSGDSYEQYF	SPRWYFYYL
CASSSLTTGTREGNEQFF	SPRWYFYYL
CASGGAREAFF	SPRWYFYYL
CASSPVPSGPGEQYF	SPRWYFYYL
CASSLAGAGYTF	SPRWYFYYL
CASTPIQSSRQDGYTF	SPRWYFYYL
CSARAGLGAYNEQFF	SPRWYFYYL
CASSPTPLGGNTIYF	SPRWYFYYL
CARSWGGAYEQYF	SPRWYFYYL
CASSLAGVEVSYEQYF	SPRWYFYYL
CASSLAGIGYTF	SPRWYFYYL
CASTLSYEQYF	SPRWYFYYL
CASSLLGGPLYNEQFF	SPRWYFYYL
CATSDMRSSSYNEQFF	SPRWYFYYL
CASSRRTGRNEQFF	SPRWYFYYL
CASSQAAGGINEQFF	SPRWYFYYL
CASRRLVGQETQYF	SPRWYFYYL
CASSPREAPSDEQFF	SPRWYFYYL
CASSLAGAYEQFF	SPRWYFYYL
CASSEGLVSFF	SPRWYFYYL
CASSATGEATNEKLFF	SPRWYFYYL
CASSAGLAGGLETQYF	SPRWYFYYL
CASKKITGTGPRNEQFF	SPRWYFYYL
CASSRGSSGPGPSTDTQYF	SPRWYFYYL
CASTPQDEQYF	SPRWYFYYL
CASSSFATESSYNEQFF	SPRWYFYYL
CASSLAGAYEQYF	SPRWYFYYL
CASSLYPVPSGANVLTF	SPRWYFYYL
CASSERRTSLFNEQFF	SPRWYFYYL
CASSPTGLEQYF	SPRWYFYYL
CASSEGSYYGYTF	SPRWYFYYL
CASSLAGGYEQYF	SPRWYFYYL
CASSYRDLGNTEAFF	SPRWYFYYL
CASSFYPGTSATDTQYF	SPRWYFYYL
CASSRTLTGNEQFF	SPRWYFYYL
CASSSRDSYNSPLHF	SPRWYFYYL
CASSQGASGGYTGELFF	SPRWYFYYL
CASSFLAGVVEQFF	SPRWYFYYL
CSVLTGSVAFF	SPRWYFYYL
CASSLYRTDTQYF	SPRWYFYYL
