CDR3	AA
CASSPGGNTQYF	FIASFRLFA
CASSKRTADRKIANYGYTF	FIASFRLFA
CASSVGDSSYEQYF	FIASFRLFA
CASSWTGLTEAFF	FIASFRLFA
CASKSWELGSYEQYF	FIASFRLFA
CSDWTESTDTQYF	FIASFRLFA
CSATPQGGMNEQFF	FIASFRLFA
CASSQGGSYEQYF	FIASFRLFA
CASLSSPATEETQYF	FIASFRLFA
CASSEWLADNEQFF	FIASFRLFA
CASSDGTGAYEQYF	FIASFRLFA
CASSYTKGYNEQFF	FIASFRLFA
CASSHEAVSTDTQYF	FIASFRLFA
CASSYAGDEQFF	FIASFRLFA
CASSQEWLTQETQYF	FIASFRLFA
CASSPKYNEQFF	FIASFRLFA
CASSPRGQGAGEQYF	FIASFRLFA
CASSFGGGPNYGYTF	FIASFRLFA
CASSSLGDNYGYTF	FIASFRLFA
CASSVIQTETSSYEQFF	FIASFRLFA
CSAGTGQFF	FIASFRLFA
CASSFGGGADTQYF	FIASFRLFA
CASSLLGDNTEAFF	FIASFRLFA
CASSQSGAGGPDEQYF	FIASFRLFA
CAWSHGTDYNEQFF	FIASFRLFA
CASSPTGAKLFF	FIASFRLFA
CASSETGGDTEAFF	FIASFRLFA
CSAWTGNEQFF	FIASFRLFA
CASSWTSGEQYF	FIASFRLFA
CATSREGLSTDTQYF	FIASFRLFA
CSVVDHEQFF	FIASFRLFA
CSVQDNEQFF	FIASFRLFA
CSILVANTEAFF	FIASFRLFA
CASSEAGGYNEQFF	FIASFRLFA
CASSYGLAGDEQYF	FIASFRLFA
CASSLPESDTEAFF	FIASFRLFA
CASSQAVSIDHEQFF	FIASFRLFA
CASSLNLGHTRLNTEAFF	FIASFRLFA
CASSSATGVPGSYNEQFF	FIASFRLFA
CASSEGATNEKLFF	FIASFRLFA
CATRDGQAGDTEAFF	FIASFRLFA
CASSMDFQETQYF	FIASFRLFA
CATSRTTGELFF	FIASFRLFA
CASSYDQPQHF	FIASFRLFA
CASSLGGGQPQHF	FIASFRLFA
CASSVGDSSYEQYF	FIASFRLFA
CATSPLDLDGTEAFF	FIASFRLFA
CASSRGLAGFGETQYF	FIASFRLFA
CASSQDPADYEQYF	FIASFRLFA
CASGPDTGQETQYF	FIASFRLFA
CASSVLGASETQYF	FIASFRLFA
CASLSSPATEETQYF	FIASFRLFA
CASSPTSGGPIYGELFF	FIASFRLFA
CASSPTLGEKLFF	FIASFRLFA
CASSLTGGLQPQHF	FIASFRLFA
CASSLPVETQYF	FIASFRLFA
CASVGSYNSPLHF	FIASFRLFA
CASSGNSNQETQYF	FIASFRLFA
CASSGRDNQETQYF	FIASFRLFA
CASTPGGSYGHTF	FIASFRLFA
CASSEAFSGDNEQYF	FIASFRLFA
CATSREGTSDEQYF	FIASFRLFA
CASSPGTGFRNEQFF	FIASFRLFA
CASSATGALASYEQYF	FIASFRLFA
CSVEGGSEQFF	FIASFRLFA
CASSRQGAGDEQFF	FIASFRLFA
CASSPPGGYNEQFF	FIASFRLFA
CASSEGGLGELFF	FIASFRLFA
CASSQEEVTGLVEKLFF	FIASFRLFA
CASSDGTGAYEQYF	FIASFRLFA
CASGSLGAADEQYF	FIASFRLFA
CAISEMGGGSGELFF	FIASFRLFA
CASSDSGAGDEQFF	FIASFRLFA
CATGDIDTQYF	FIASFRLFA
CASSLDWDNEQFF	FIASFRLFA
CASERTGFTGELFF	FIASFRLFA
CASSEGRMESYGYTF	FIASFRLFA
CASSPGTGAYEQYF	FIASFRLFA
CASSQDSAGQGADTQYF	FIASFRLFA
CASSLSVADTQYF	FIASFRLFA
CASSYGPANEQYF	FIASFRLFA
CASSLAGGSYNEQFF	FIASFRLFA
CASSQDPSGSGYNEQFF	FIASFRLFA
CASSQELQPSDTQYF	FIASFRLFA
CASNPIAGTSTDTQYF	FIASFRLFA
CASSERWRGATGETQYF	FIASFRLFA
CASSFTSGSTDTQYF	FIASFRLFA
CASSAPGEQYF	FIASFRLFA
CATSSGRTLFF	FIASFRLFA
CASSEQGVYNEQFF	FIASFRLFA
CASSQDSNEQFF	FIASFRLFA
CSVDGGWGEQYF	FIASFRLFA
CSAIKTPDREENEKLFF	FIASFRLFA
CASSQESETADLWDSPLHF	FIASFRLFA
CASQLVWDGGRGVPEAFF	FIASFRLFA
