CDR3	AA
CASSLSNPSYNEQFF	ITLATCELY
CASSFTGENTEAFF	ITLATCELY
CAWSKGLYEQYF	ITLATCELY
CASSFSGANTGELFF	ITLATCELY
CASSLQGLAYEQYF	ITLATCELY
CASSLSGIYEQYF	ITLATCELY
CASSQDRSGTYGYTF	ITLATCELY
CASSLVTSYEQYF	ITLATCELY
CASSRTGGYSPLHF	ITLATCELY
CATRGVRDEQFF	ITLATCELY
CANQHSEGTYEQYF	ITLATCELY
CASSAGTDYEQYF	ITLATCELY
CASSLTGAYGYTF	ITLATCELY
CASSQVQGDTIYF	ITLATCELY
CASSLEAGNYEQYF	ITLATCELY
CASSVAASGSYEQYF	ITLATCELY
CASSPRLDYEQYV	ITLATCELY
CASSLPGQGGNEQFF	ITLATCELY
CASSPSGYGGNEQFF	ITLATCELY
CASSLHPSTNEQFF	ITLATCELY
CASRVRQPSGSYNEQFF	ITLATCELY
CASSPSGTGNTGELFF	ITLATCELY
CASAVSSYEQYF	ITLATCELY
CASRQAGYNEQFF	ITLATCELY
CASSNRGFKETQYF	ITLATCELY
CASSQDRSGTDTQYF	ITLATCELY
CSARGASSYNEQFF	ITLATCELY
CASRLLGYEQYF	ITLATCELY
CASSLGSSYEQYF	ITLATCELY
CASSLTRSYEQYF	ITLATCELY
CASSLIQMGNQPQHF	ITLATCELY
CASSTAGVSYEQYF	ITLATCELY
CASSPGTGGLGEQYF	ITLATCELY
CSARDQGRASGANVLTF	ITLATCELY
CASSPSTGLSNQPQHF	ITLATCELY
CSARGGTGANTGELFF	ITLATCELY
CASSLNGRYEQYF	ITLATCELY
CASSAYGVTYEQYF	ITLATCELY
CASSPQTGGLREQYF	ITLATCELY
CASSPRGSTEAFF	ITLATCELY
CASSQDLAGGNEQFF	ITLATCELY
CASSFGFSYEQYF	ITLATCELY
CASSVAGGAYYEQYF	ITLATCELY
CASSQVTTGGAEQFF	ITLATCELY
CASSLSGTGYTEAFF	ITLATCELY
CARSRGGTGSQPQHF	ITLATCELY
CASSVGFDYEQYF	ITLATCELY
CSARDLGPYVGTNPYEQYF	ITLATCELY
CASSPVGGALNTGELFF	ITLATCELY
CASSPPSAPVGEQYF	ITLATCELY
CASSLHGGGNTEAFF	ITLATCELY
CARRRGGTGSQPQHF	ITLATCELY
CASSLWAPSSYEQYF	ITLATCELY
CASTYRGQPQHF	ITLATCELY
CASSLSGAYGYTF	ITLATCELY
CSAVTRSGDYEQYF	ITLATCELY
CASSQDKSSGNEQFF	ITLATCELY
CASNAGMHEQFF	ITLATCELY
CSARGLAGLGATDTQYF	ITLATCELY
CASSSWRSSYNEQFF	ITLATCELY
CAISGTTGTYEQYF	ITLATCELY
CASRLGGGNNEQFF	ITLATCELY
CASTVTSYEQYF	ITLATCELY
CASSFDSSYEQYF	ITLATCELY
CASSVTGYEQYF	ITLATCELY
CASSPLSTDTQYF	ITLATCELY
CASSQAATGPNTIYF	ITLATCELY
CSARMIAGEDTGELFF	ITLATCELY
CSARDLAGEGTGELFF	ITLATCELY
CASIVTSGGTYNEQFF	ITLATCELY
CASSLEASGRFTDTQYF	ITLATCELY
CASSLGTDYEQYF	ITLATCELY
CASSLVSGNNEQFF	ITLATCELY
CASSPRRGGNEQFF	ITLATCELY
CASSHREGTGELFF	ITLATCELY
CASSLGGGSSYEQYF	ITLATCELY
CASSRGGSSYEQYF	ITLATCELY
CASSTWDGQHLIVFRSTPDIQYF	ITLATCELY
CSARKGTGLDQPQHF	ITLATCELY
CASSPEGGLYEQYF	ITLATCELY
CAWSAGAEQYF	ITLATCELY
CASSQGGTGSGQPQHF	ITLATCELY
CASSGRPGQNQETQYF	ITLATCELY
CASSLYERYEQYF	ITLATCELY
CSARTSGTGELFF	ITLATCELY
CASSVTGYEQYF	ITLATCELY
CASSFRGRGWYEQYF	ITLATCELY
CASSQGQGGNGYTF	ITLATCELY
CASSLGTSGDNEQFF	ITLATCELY
CATSRSGSSSGELFF	ITLATCELY
CATTIAGGYYEQYF	ITLATCELY
CASSAGGLGYEQYF	ITLATCELY
CASSLVGTGGNEQFF	ITLATCELY
CASSFINTEAFF	ITLATCELY
CASSFAGGGLYGYTF	ITLATCELY
CASSQDHQGAYEQYF	ITLATCELY
CSARDGDRGLAPTYNEQFF	ITLATCELY
CASSVGGFTGELFF	ITLATCELY
CAITDPGVIYEQYF	ITLATCELY
CASSQIYTNTGELFF	ITLATCELY
CASSLNRNYGYTF	ITLATCELY
CASSLGGTQYF	ITLATCELY
CASTTGRGLNTGELFF	ITLATCELY
CASSLTGDYTEAFF	ITLATCELY
CASSWGLAGYNEQFF	ITLATCELY
CASRISSYEQYF	ITLATCELY
CASSGSQGDPYEQYF	ITLATCELY
CASSLSGTVYEQYF	ITLATCELY
CASSLTGIYEQYF	ITLATCELY
CASSLTGIYEQYF	ITLATCELY
CASSQQSNYGYTF	ITLATCELY
CASSTRQGDNYGYTF	ITLATCELY
