CDR3	AA
CASSYSSDSNEQYF	SELVIGAVIL
CASSFLDRGNTGELFF	SELVIGAVIL
CASSILAGGPVEQFF	SELVIGAVIL
CASSLEGAITEAFF	SELVIGAVIL
CSARGPGINTGELFF	SELVIGAVIL
CASSYELGGMGAFF	SELVIGAVIL
CASRLSAGVGNEQFF	SELVIGAVIL
CASSLVTQGSYEQYF	SELVIGAVIL
CATLGRGSYNEQFF	SELVIGAVIL
CASSHGEGTEAFF	SELVIGAVIL
CASFVTGSYNEQFF	SELVIGAVIL
CSAGQGLAEAFF	SELVIGAVIL
CASSLVTSESPYNEQFF	SELVIGAVIL
CASSDLTSGSYNEQFF	SELVIGAVIL
CASSFTDSPYEQYF	SELVIGAVIL
CASSPAGDLREQYF	SELVIGAVIL
CASSLSRDGTHEQYF	SELVIGAVIL
CASSPGTAGANVLTF	SELVIGAVIL
CASSQDGVDGTEAFF	SELVIGAVIL
CASSLSLDDNEQFF	SELVIGAVIL
CASSFGTDTQYF	SELVIGAVIL
CASSGEGGIGELFF	SELVIGAVIL
CASSQIGQSNEQYF	SELVIGAVIL
CASSMSRDSWNEQYF	SELVIGAVIL
CASSLGQYYEQYF	SELVIGAVIL
CASSQASGEGEQFF	SELVIGAVIL
CASSLSLDSNYEQYF	SELVIGAVIL
CASSSGVTGHSTDTQYF	SELVIGAVIL
CASSLPDPITGGTGELFF	SELVIGAVIL
CASMETGSYNEQFF	SELVIGAVIL
CASSFEGGKYEQYF	SELVIGAVIL
CASTLPMASGREQFF	SELVIGAVIL
CASSLVGTHNTGELFF	SELVIGAVIL
CASSLGTSVGGETQYF	SELVIGAVIL
CASSLEVRLAGGGGEQFF	SELVIGAVIL
CASSLQGHRLAGGVETQYF	SELVIGAVIL
CASSYSGGSSYNEQFF	SELVIGAVIL
CASSATSGGYTDTQYF	SELVIGAVIL
CASSFEGGYEQYF	SELVIGAVIL
CASSSVGSGANVLTF	SELVIGAVIL
CASSLSIGTDTQYF	SELVIGAVIL
CASSLGTDSYEQYF	SELVIGAVIL
CASSSLTGGSNEKLFF	SELVIGAVIL
CASSWGDRVYNSPLHF	SELVIGAVIL
CASSSRLAVSYEQYF	SELVIGAVIL
CASKPGLDFDEQFF	SELVIGAVIL
CASSREGGREQYF	SELVIGAVIL
CASMTKSSYNEQFF	SELVIGAVIL
CASSFTGGHTEAFF	SELVIGAVIL
CASSLSPTGHLYGYTF	SELVIGAVIL
CASSLEGGEKLFF	SELVIGAVIL
CASRTGMFADTQYF	SELVIGAVIL
CASSPHPGKGTEAFF	SELVIGAVIL
CASSYVGGGAGELFF	SELVIGAVIL
CASGGEGLYEQYF	SELVIGAVIL
CASSPRGADASTDTQYF	SELVIGAVIL
CSARAMDDTDTQYF	SELVIGAVIL
CASSLSRDSLYEQYF	SELVIGAVIL
CSARTGGPLNTEAFF	SELVIGAVIL
CASSPSGVGTDTQYF	SELVIGAVIL
CATLGSEQGVIETQYF	SELVIGAVIL
CSVVRSSGAYNEQFF	SELVIGAVIL
CASSLSSATGELFF	SELVIGAVIL
CASSLTHNEQFF	SELVIGAVIL
CAAAPSLDGSYEQYF	SELVIGAVIL
CSARGAGMNTGELFF	SELVIGAVIL
CASSFLDSNNEQFF	SELVIGAVIL
CASSFSRDNYEQYF	SELVIGAVIL
CASSLADEQFF	SELVIGAVIL
CASSAIDRGPYEQYF	SELVIGAVIL
CASSYSGTGGRSEQFF	SELVIGAVIL
CASSLSQDNLGEQYF	SELVIGAVIL
CASMGAASYNEQFF	SELVIGAVIL
CASRSQGARGNQPQHF	SELVIGAVIL
CASSILAGPYNEQFF	SELVIGAVIL
CASKLAGGPSEQYF	SELVIGAVIL
CASSLVPGQGNSNQPQHF	SELVIGAVIL
CASSLSRDSTYEQYF	SELVIGAVIL
CASSLGSAINSPLHF	SELVIGAVIL
CATSKFGQGFDEQFF	SELVIGAVIL
CASMGGSSYNEQFF	SELVIGAVIL
CASRVGAAEAFF	SELVIGAVIL
CASSSETGSGYTF	SELVIGAVIL
CASSLVSLGARDEQFF	SELVIGAVIL
CASSFGVGEQYF	SELVIGAVIL
CASSFSSDLYEQYF	SELVIGAVIL
CASSFGTGEYEQYF	SELVIGAVIL
CSVGPENYNEQFF	SELVIGAVIL
CASSLEGALYEQYF	SELVIGAVIL
CASSQQGNEQYF	SELVIGAVIL
CASSLLDGGAYYGYTF	SELVIGAVIL
CASSQTGLSYEQYF	SELVIGAVIL
CASSSTGTDYYEQYF	SELVIGAVIL
CASSEARVGGPLDTDTQYF	SELVIGAVIL
CASSPEGGETQYF	SELVIGAVIL
CASSSEGVNTEAFF	SELVIGAVIL
CASSIVGSYNEQFF	SELVIGAVIL
CASSPEGRGTEAFF	SELVIGAVIL
CASSSGLAEDHNEQFF	SELVIGAVIL
CASSFEGGGEQYF	SELVIGAVIL
CASSFEGANEQYF	SELVIGAVIL
CASGWEGGADEQFF	SELVIGAVIL
CASSIAAGVGNEQFF	SELVIGAVIL
CASSLALVLAGGVSTDTQYF	SELVIGAVIL
CASSLTGVSFTEAFF	SELVIGAVIL
CASGSEGGHEQFF	SELVIGAVIL
CASSLGSSGYYNEQFF	SELVIGAVIL
CASLTWEGTDTQYF	SELVIGAVIL
CASSEIRDITEAFF	SELVIGAVIL
CASSLNLALAVTSYNEQFF	SELVIGAVIL
CASSQDYLYEQFF	SELVIGAVIL
CASSFEGGLDEQFF	SELVIGAVIL
CASSSNPDGTYEQYF	SELVIGAVIL
CASTPTQLLAGVVNEQFF	SELVIGAVIL
CASSTLGTGTKQYF	SELVIGAVIL
CASGDSSGYSGTQYF	SELVIGAVIL
CASSFSGESYEQYF	SELVIGAVIL
CASSIDLAGSSYNEQFF	SELVIGAVIL
CASSRLAGPFNEQFF	SELVIGAVIL
CASSFEGGLTEAFF	SELVIGAVIL
CASSLSRDRVYEQYF	SELVIGAVIL
CASSSLDRSYEQYF	SELVIGAVIL
CASSIAAGISQPQHF	SELVIGAVIL
CASSYEGGRDEQFF	SELVIGAVIL
CASSLGSGGFSYNEQFF	SELVIGAVIL
CASSFEGALYEQYF	SELVIGAVIL
CASSIFSSDYGYTF	SELVIGAVIL
CASSIGAGVFNEQFF	SELVIGAVIL
CASSLQGGEQYF	SELVIGAVIL
CASSFEGGDEQFF	SELVIGAVIL
CASSIAAGVSNEQFF	SELVIGAVIL
CASTKNGQVSNQPQHF	SELVIGAVIL
CATSITYEQYF	SELVIGAVIL
CASSLIPGSSYNEQFF	SELVIGAVIL
RASSLMRAPGYNEQFF	SELVIGAVIL
CASRSALSGANVLTF	SELVIGAVIL
CASSEISSYNEQFF	SELVIGAVIL
CASSYSIDSLGEQFF	SELVIGAVIL
CASSLEGGAYEQYF	SELVIGAVIL
CASSSQGVEQFF	SELVIGAVIL
CASSASGANGNVYNEQFF	SELVIGAVIL
CSARDERTSREQYF	SELVIGAVIL
CASSFPPGGQHEQYF	SELVIGAVIL
CASTLSPGRSYNSPLHF	SELVIGAVIL
CASSKHRDRMWEQYF	SELVIGAVIL
CATLSEAGSYNEQFF	SELVIGAVIL
CSVPLAGEQYF	SELVIGAVIL
CASSDVSGGGTDTQYF	SELVIGAVIL
CASSPAADRDTEAFF	SELVIGAVIL
CASERRDTDTQYF	SELVIGAVIL
CASSFEGSLYEQYF	SELVIGAVIL
CASSYETGNGYTF	SELVIGAVIL
CASSYVRGGEGTEAFF	SELVIGAVIL
CASSYSAYVDRVAETQYF	SELVIGAVIL
CASSGWTEGETQYF	SELVIGAVIL
CASSDHQDSYEQYF	SELVIGAVIL
CASSPESGAYNEQFF	SELVIGAVIL
CASSFEGPTYEQYF	SELVIGAVIL
CASSIDGSSYNEQFF	SELVIGAVIL
CASKVAAGVNNEQFF	SELVIGAVIL
CASSQDIERGYNEQFF	SELVIGAVIL
CASSTIDRGRKGEQFF	SELVIGAVIL
CASSLSQGGTEAFF	SELVIGAVIL
CASSISRDGWEQYF	SELVIGAVIL
CASSEDRHSNQPQHF	SELVIGAVIL
CASSYSRTGPAFYEQYF	SELVIGAVIL
CASSWEGGSNEQYF	SELVIGAVIL
CASSIAAGEGNIQYF	SELVIGAVIL
CASSLHDNEQFF	SELVIGAVIL
CASSQVPAAGGVNEQFF	SELVIGAVIL
CASSQVQVGQGAYTEAFF	SELVIGAVIL
CASSGLDSYEQYF	SELVIGAVIL
CASSSPVTGSSPLHF	SELVIGAVIL
CASSFEGGASYEQYF	SELVIGAVIL
CASSLTAGVTYEQYF	SELVIGAVIL
CASSSTGEETQYF	SELVIGAVIL
CASSVVAGASYNEQFF	SELVIGAVIL
CASSLSRDSYEQYF	SELVIGAVIL
CASSESLDSSYEQYF	SELVIGAVIL
CASSDSSPLHF	SELVIGAVIL
CASSRTGVTEAFF	SELVIGAVIL
CASSVGLNNEQFF	SELVIGAVIL
CASTPSSPTDTQYF	SELVIGAVIL
CASSLQTGYNEQFF	SELVIGAVIL
CASSLDPDRRGNYGYTF	SELVIGAVIL
CASSAMFGTYNEQFF	SELVIGAVIL
CASSQDREGAQPGGKLFF	SELVIGAVIL
CATLGPTYEQYF	SELVIGAVIL
CASTSGSSYEQYF	SELVIGAVIL
CASSPSPPDSYEQYF	SELVIGAVIL
CSVDQGVGTQYF	SELVIGAVIL
CASSDIGTRDSNEQFF	SELVIGAVIL
CASRQQDIPPQYF	SELVIGAVIL
CASSQVFPGQGSDEQYF	SELVIGAVIL
CASSLRDSGTEAFF	SELVIGAVIL
CASSYEVLPYNEQFF	SELVIGAVIL
CASSPAEAGANNEQFF	SELVIGAVIL
CASSQVDGARSVYEQYF	SELVIGAVIL
CASSSPVSYEQYF	SELVIGAVIL
CASRGGLWEQYF	SELVIGAVIL
CASSPLGNEQFF	SELVIGAVIL
CASSLSRDSTYEQYF	SELVIGAVIL
CASRRGSYEQYF	SELVIGAVIL
CASSYVYTYNSPLHF	SELVIGAVIL
CASSLTRDSSYEQYF	SELVIGAVIL
CASSQHRDSSYEQYF	SELVIGAVIL
CASSLDRTRYNEQFF	SELVIGAVIL
CASRLEGVNQPQHF	SELVIGAVIL
CASSPFAGVTNEQFF	SELVIGAVIL
CASSQDRVPALGYTF	SELVIGAVIL
CASSFLGQGVSYEQYF	SELVIGAVIL
CASRDSTDSYEQYF	SELVIGAVIL
CASSPEGGQPQHF	SELVIGAVIL
CASSYEGGYEQYF	SELVIGAVIL
CASGQEGAKNIQYF	SELVIGAVIL
CASSQAGTYTEAFF	SELVIGAVIL
CASSQDSSFLYNEQFF	SELVIGAVIL
CASSEDDYNEQFF	SELVIGAVIL
CASSLSRQGGYTF	SELVIGAVIL
CSARVVMTGTDTQYF	SELVIGAVIL
CASSQGREGLYLYNEQFF	SELVIGAVIL
CASSALDRVRHEQYF	SELVIGAVIL
CASSSLQRGDTEAFF	SELVIGAVIL
CASSQDLTGYTYEQYF	SELVIGAVIL
CASSLTGTAGNTIYF	SELVIGAVIL
CASSLDPPDRETQYF	SELVIGAVIL
CASRLLDRDNEQFF	SELVIGAVIL
CASLSTGSYNEQFF	SELVIGAVIL
CASSIGGSLYNEQFF	SELVIGAVIL
CASSLAATDNQPQHF	SELVIGAVIL
CASSPLDGYGYTF	SELVIGAVIL
CASSMSSGSSYNEQFF	SELVIGAVIL
CASSLLAASSYNEQFF	SELVIGAVIL
CASSHPGTSPKQFF	SELVIGAVIL
CASRESGGGNQPQHF	SELVIGAVIL
CASSVQQGDGELFF	SELVIGAVIL
CASSYDSSGSEYF	SELVIGAVIL
CASRKNGDTGELFF	SELVIGAVIL
CASSLGTGHTEAFF	SELVIGAVIL
CASSLSVDSYEQYF	SELVIGAVIL
CASSSGPLNSPLHF	SELVIGAVIL
CASSLFLTDTQYF	SELVIGAVIL
CASSLVGAGANVLTF	SELVIGAVIL
CASSQDSGVRQTQYF	SELVIGAVIL
CASSFEGGKTEAFF	SELVIGAVIL
CASSSTVQRDGNYEQYF	SELVIGAVIL
CASSFEGGGTEAFF	SELVIGAVIL
CASSHGQSSTDTQYF	SELVIGAVIL
CASSLTAPSSYNEQFF	SELVIGAVIL
CASSFGGPYNEQFF	SELVIGAVIL
CSPTGDPTGELFF	SELVIGAVIL
CASSFEGGAVSQYF	SELVIGAVIL
CASRGLDFQETQYF	SELVIGAVIL
CASMTTSGEQFF	SELVIGAVIL
CASSHQTGPYTGELFF	SELVIGAVIL
CASSLQSAGELFF	SELVIGAVIL
CSASVAGYSTDTQYF	SELVIGAVIL
CASSQVARTSGYTDTQYF	SELVIGAVIL
CAWSNTGGGWDTQYF	SELVIGAVIL
CSAGGTSGLWGTDTQYF	SELVIGAVIL
CASSLIELTGNAFF	SELVIGAVIL
CASSPDVEQPQHF	SELVIGAVIL
CASSLVGDRSYEQYF	SELVIGAVIL
CASSLLDLNEQFF	SELVIGAVIL
CASSFGGGIDNEQFF	SELVIGAVIL
CASALVRGRGGNQPQHF	SELVIGAVIL
CASSQPGGNQPQHF	SELVIGAVIL
CASGGEGGGTEAFF	SELVIGAVIL
CASSSSRDSLPEQYF	SELVIGAVIL
CASSPGTSGGKWSYNEQFF	SELVIGAVIL
CASSFFSGGLQETQYF	SELVIGAVIL
CACRYPDEAFF	SELVIGAVIL
CASSLDLAGGSTDTQYF	SELVIGAVIL
CASSLRATPYEQYF	SELVIGAVIL
CASRIHGANTEAFF	SELVIGAVIL
CASSRALGQPYNEQFF	SELVIGAVIL
CASSPLDSLNTEAFF	SELVIGAVIL
CASSQDPGENSPLHF	SELVIGAVIL
CASSLSTHQVAGELFF	SELVIGAVIL
CSVRGRLPETYEQYF	SELVIGAVIL
CASSSLTSGGSEETQYF	SELVIGAVIL
CASSNRADSYEQYF	SELVIGAVIL
CASSSPEVGINEQFF	SELVIGAVIL
CASSRPGDDHSPLHF	SELVIGAVIL
CASSPGQGGSPLHF	SELVIGAVIL
CSATPGPSYEQYF	SELVIGAVIL
CASSLHRDVSYEQYF	SELVIGAVIL
CASSLSRDSSYEQYF	SELVIGAVIL
CASSQDQLAGPTGELFF	SELVIGAVIL
CASRSDRANYGYTF	SELVIGAVIL
CASSLEAGQTDTQYF	SELVIGAVIL
CASSPLDQPYNEQFF	SELVIGAVIL
CASRQGPYEQYF	SELVIGAVIL
CASRATSGNYNEQFF	SELVIGAVIL
CASKVGGSYNEQFF	SELVIGAVIL
CASSPPGLSYEQYF	SELVIGAVIL
CASSFSRDSYEQYF	SELVIGAVIL
CASSVTSDTGELFF	SELVIGAVIL
CASTHSFDSLGEQYF	SELVIGAVIL
CASSLSGTVNEQYF	SELVIGAVIL
CASSLGVVLAGGPSQETQYF	SELVIGAVIL
CASTPGQGPTEAFF	SELVIGAVIL
CASSGTTYNEQFF	SELVIGAVIL
CASSPDPGSYEQYF	SELVIGAVIL
CASSLTTDSTYEQYF	SELVIGAVIL
CASSYSGGSSYNEQFF	SELVIGAVIL
CASSTTVSGDGSYEQYF	SELVIGAVIL
CASSQVPGDFDPNTEAFF	SELVIGAVIL
CASSTRDSVSDTQYF	SELVIGAVIL
CASSQEEDRDRTLGEQFF	SELVIGAVIL
CASSSRDQREQYF	SELVIGAVIL
CASSPEGGRDEQFF	SELVIGAVIL
CASSQSADSTYEQYF	SELVIGAVIL
CASSLEGGGIQYF	SELVIGAVIL
CASSDRDRANNEQFF	SELVIGAVIL
CASSLRQGLKEEKLFF	SELVIGAVIL
CASSIDLAGSSYNEQFF	SELVIGAVIL
CASSFEGGRNEQYF	SELVIGAVIL
CASSLDGGTSMEEFF	SELVIGAVIL
CASSYAVPTETEAFF	SELVIGAVIL
CASRPSGGGLTEQFF	SELVIGAVIL
CASSLLGEGYEQYF	SELVIGAVIL
CASSPTGLAGGNNEQFF	SELVIGAVIL
CASNPDRDSYEQYF	SELVIGAVIL
CASSHRAQIANYGYTF	SELVIGAVIL
CASSYSSARRNEKLFF	SELVIGAVIL
CASSSSRDTATYEQYF	SELVIGAVIL
CSAHPGGTNTGELFF	SELVIGAVIL
CASSLSQDSSYEQYF	SELVIGAVIL
CASSVYGGYGSYNEQFF	SELVIGAVIL
CATSTGVGSPLHF	SELVIGAVIL
CASSFIQDSYNEQFF	SELVIGAVIL
CSARAEYSVNEQFF	SELVIGAVIL
CASSILPDEQFF	SELVIGAVIL
CASSFIDTFSYEQYF	SELVIGAVIL
CASSIGTNEQFF	SELVIGAVIL
CASSGPEGSGTDTQYF	SELVIGAVIL
CASSPLQGIYEQFF	SELVIGAVIL
CASSQEGGGSGNEQFF	SELVIGAVIL
CASSLLDRETQYF	SELVIGAVIL
CASSQDRGESPPLHF	SELVIGAVIL
CASRLSRDAPYEQYF	SELVIGAVIL
CASSPTGPDTQYF	SELVIGAVIL
CATTRDPTYEQYF	SELVIGAVIL
CASSPLDYGYEQYF	SELVIGAVIL
CASSLEGGGELFF	SELVIGAVIL
CASSDSRRASVGEQFF	SELVIGAVIL
CASSVSLDSYEQYF	SELVIGAVIL
CSAREEVKNYEQYF	SELVIGAVIL
CASSPDGSGIFEQYF	SELVIGAVIL
CASSLATSGRSMDGANVLTF	SELVIGAVIL
CASSQEPTGILNEQFF	SELVIGAVIL
CASSLVRDGTEAFF	SELVIGAVIL
CASSMGQNTDTQYF	SELVIGAVIL
CASRVGLAGGNEQFF	SELVIGAVIL
CASSISAGVVNEQYF	SELVIGAVIL
CASNEGGLVYEQYF	SELVIGAVIL
CASSQVPGGLEQFF	SELVIGAVIL
CASSLLAGYTDTQYF	SELVIGAVIL
CASSPLDGPPGYTF	SELVIGAVIL
CATLPRGSYNEQFF	SELVIGAVIL
CASSLREHNEQFF	SELVIGAVIL
CASSLLDQGDTQYF	SELVIGAVIL
CASRWTPDHNEQFF	SELVIGAVIL
CASSFRDAYEQYF	SELVIGAVIL
CASSLTQDSSYEQYF	SELVIGAVIL
CASSPEGGSEAFF	SELVIGAVIL
CASSSQGWETQYF	SELVIGAVIL
CASRLGGPQTNEQFF	SELVIGAVIL
CASSVLAGVADTQYF	SELVIGAVIL
CASSENRGMNTEAFF	SELVIGAVIL
CASSPTVSPSGRYEQFF	SELVIGAVIL
CASSPQGSGTASYEQYF	SELVIGAVIL
CASSLFQRGGQETQYF	SELVIGAVIL
CASSPSVDSYEQYF	SELVIGAVIL
CASSPLGEGGPLSYEQYF	SELVIGAVIL
CSARDRQQHTEAFF	SELVIGAVIL
CASSIAGGVGNEQFF	SELVIGAVIL
CASTPGLAGEYEQYF	SELVIGAVIL
CASSQDGLAGDNEQFF	SELVIGAVIL
CASSISAGVTGELFF	SELVIGAVIL
CSARDPTGSYEQYF	SELVIGAVIL
CASSLLDNEKLFF	SELVIGAVIL
CASSLSARVSYGYTF	SELVIGAVIL
CASSLQGGTGELFF	SELVIGAVIL
CAISGLGTSGSYEQYF	SELVIGAVIL
CASSFEGGNTQYF	SELVIGAVIL
CASSPQTGGILSNQPQHF	SELVIGAVIL
CASSLTEEPTGELFF	SELVIGAVIL
CASSPLGPPDSYEQYF	SELVIGAVIL
CASSVSVDSYEQYF	SELVIGAVIL
CASSVNLAGLTDTQYF	SELVIGAVIL
CASSFEGGGTQYF	SELVIGAVIL
CASSEDWNTGELFF	SELVIGAVIL
CASSQNPDSYEQYF	SELVIGAVIL
CASGQGQYNEQFF	SELVIGAVIL
CASTQRGEREEQYF	SELVIGAVIL
CSARVWTDSYNSPLHF	SELVIGAVIL
CASSTGGTEAFF	SELVIGAVIL
CASSFEGGSDTQYF	SELVIGAVIL
CASSLGTGEQYF	SELVIGAVIL
CASSLQGGELFF	SELVIGAVIL
CASSLEGAQPQHF	SELVIGAVIL
CASSLSHPSTDTQYF	SELVIGAVIL
CASKGLAGVWETQYF	SELVIGAVIL
CASGTSGTDTQYF	SELVIGAVIL
CASSPRDSNTGELFF	SELVIGAVIL
CASSPRTGGSEQFF	SELVIGAVIL
CASSFNRDSYEQYF	SELVIGAVIL
CATSRDLGTGRSGELFF	SELVIGAVIL
CSARDPTGAYEQYF	SELVIGAVIL
CASNPTRGSYNEQFF	SELVIGAVIL
CASRQLDLTYGYTF	SELVIGAVIL
CAWSVRNTLYEQYF	SELVIGAVIL
CASSPGLAGYEETQYF	SELVIGAVIL
CASRPTSGRSYEQYF	SELVIGAVIL
CASSLSRDIYEQYF	SELVIGAVIL
CASSPLDRGVTGELFF	SELVIGAVIL
CASSVEAFITDTQYF	SELVIGAVIL
CASSLYGHRGRETQYF	SELVIGAVIL
CASRTDQPQHF	SELVIGAVIL
CATSDRDRGFTGELFF	SELVIGAVIL
CASSLDAGTYGYTF	SELVIGAVIL
CASSSSGDYYEQYF	SELVIGAVIL
CASSFEGGQETQYF	SELVIGAVIL
CASSFEGGQKLFF	SELVIGAVIL
CASSLGLAGDFSETQYF	SELVIGAVIL
CASSLGFGGSGSGELFF	SELVIGAVIL
CASSVSRDSYEQYF	SELVIGAVIL
CASSPRQDLVYSNQPQHF	SELVIGAVIL
CASSTLPPKTADSSPLHF	SELVIGAVIL
CASSYDAAGEQYF	SELVIGAVIL
CASSFEGGKTQYF	SELVIGAVIL
CARRGQPQHF	SELVIGAVIL
CASSLSGGVGNEQFF	SELVIGAVIL
CASSPGTGERGLYEQYF	SELVIGAVIL
CASSFSRDAYEQYF	SELVIGAVIL
CASSPGLAGPYEQFF	SELVIGAVIL
CASRPDRGLNTEAFF	SELVIGAVIL
CASSFEGAGTEAFF	SELVIGAVIL
CASSDDRRNEKLFF	SELVIGAVIL
CASSLGTGDSPLHF	SELVIGAVIL
CASSEEREGAEQFF	SELVIGAVIL
CASGTGADTQYF	SELVIGAVIL
CASSFRGGDTQYF	SELVIGAVIL
CASSSGLATGEQFF	SELVIGAVIL
CASSDVPSGRHEQYF	SELVIGAVIL
CASSLLAGVTDTQYF	SELVIGAVIL
CASSLSRDTIYEQYF	SELVIGAVIL
CASSQDRTGGYYGYTF	SELVIGAVIL
CAWSVRASVNEQFF	SELVIGAVIL
CASREAVWGDTQYF	SELVIGAVIL
CASSDFRDRGNTGELFF	SELVIGAVIL
CSARDRDRVETQYF	SELVIGAVIL
CASRRDTSSYEQYF	SELVIGAVIL
CASSLIPKEGGELFF	SELVIGAVIL
CASSDSAGAQNEQFF	SELVIGAVIL
CASSLTLGTEAFF	SELVIGAVIL
CASSYERANTQYF	SELVIGAVIL
CASSLSADGTDTQYF	SELVIGAVIL
CASSLSQVHEQFF	SELVIGAVIL
CASSLGTGVTGELFF	SELVIGAVIL
CASSFEGAGAQYF	SELVIGAVIL
CASSFELRGEAFF	SELVIGAVIL
CASSIFPGQGFYEQYF	SELVIGAVIL
CASSLEVGVMLFF	SELVIGAVIL
CASSLAGTGATEAFF	SELVIGAVIL
CASSGDRGYGYTF	SELVIGAVIL
CASSQGLAGSEQYF	SELVIGAVIL
CASRQGPYEQYF	SELVIGAVIL
CASSSLPNQPQHF	SELVIGAVIL
CSARDGGRNTGELFF	SELVIGAVIL
CASSQLGFGEYEQYF	SELVIGAVIL
CASSHLAGDQETQYF	SELVIGAVIL
CASSLGTHRVGTEAFF	SELVIGAVIL
CASNPREAQAGGQFF	SELVIGAVIL
CASSRQGDEQFF	SELVIGAVIL
CASSRDSFTYEQYF	SELVIGAVIL
CASSLTLFGNEQFF	SELVIGAVIL
CASSFEGGYTQYF	SELVIGAVIL
CASSFEGGQPQHF	SELVIGAVIL
CASSATSYNEQFF	SELVIGAVIL
CASSPETSGTTDTQYF	SELVIGAVIL
CASSNRDSAYEQYF	SELVIGAVIL
CSARWTGHNTGELFF	SELVIGAVIL
CATMTGTQPQHF	SELVIGAVIL
CASSYPTVYEQYF	SELVIGAVIL
CASSLQGGYGYTF	SELVIGAVIL
CASTSAEYSYNEQFF	SELVIGAVIL
CASSQPGLAHEQYF	SELVIGAVIL
CASSTLDRGEAFF	SELVIGAVIL
CASSNVGSYNEQFF	SELVIGAVIL
CASSLSQGGEKLFF	SELVIGAVIL
CASSYSGAGGPLGANVLTF	SELVIGAVIL
CASSLSAGVGNEQFF	SELVIGAVIL
CATSIGVESYEQYF	SELVIGAVIL
CASSGTSGGAHEQYF	SELVIGAVIL
CASSLSILLAGGSSTDTQYF	SELVIGAVIL
CASRSEKLFF	SELVIGAVIL
CASSFEGGQPQHF	SELVIGAVIL
CASSTLDSQNTEAFF	SELVIGAVIL
CASSIGAGTSNEQFF	SELVIGAVIL
CASSLSSAVDGYTF	SELVIGAVIL
CASSFEGGPLNEQYF	SELVIGAVIL
CASSEVANEQFF	SELVIGAVIL
CASSSWDRAGDTQYF	SELVIGAVIL
CASSPLDLYNEQFF	SELVIGAVIL
CASRGLDLTLNEQFF	SELVIGAVIL
CASSPVDSNYEQYF	SELVIGAVIL
CASSIPGGEQFF	SELVIGAVIL
CASSPTRDSNYEQYF	SELVIGAVIL
CASSQPGLAHEQYF	SELVIGAVIL
CASSFEGGTDTQYF	SELVIGAVIL
CASSAGGGTASGDEQYF	SELVIGAVIL
CASSPGTGENEQFF	SELVIGAVIL
CASSLEGGLYEQYF	SELVIGAVIL
CASSGQGITEAFF	SELVIGAVIL
CASSISRDSTYEQYF	SELVIGAVIL
CASSQGRGGYYNEQFF	SELVIGAVIL
CASSEPTSAWGDTQYF	SELVIGAVIL
CASSLHVDSSYNEQFF	SELVIGAVIL
CSARDESRVETQYF	SELVIGAVIL
CASSSYGQGAHQPQHF	SELVIGAVIL
CASSLVEHGEYEQYF	SELVIGAVIL
CASTLGVEAFF	SELVIGAVIL
CASSQSLNEGYEQYF	SELVIGAVIL
CASSQEAPDSTTQYF	SELVIGAVIL
CAGGLAGGSYNEQFF	SELVIGAVIL
CASSQDTDRYEQYF	SELVIGAVIL
CASSLLDSYYEQYF	SELVIGAVIL
CASSLTGGEAFF	SELVIGAVIL
CASSLSLAGGETQYF	SELVIGAVIL
CASSEGVAGTYTGELFF	SELVIGAVIL
CASSTSGGQDSGELFF	SELVIGAVIL
CASSEFRTGSYEQYF	SELVIGAVIL
CASSRGAESSYNEQFF	SELVIGAVIL
CASSLSQVYEQYF	SELVIGAVIL
CASTITSVFTGELFF	SELVIGAVIL
CASSQVGRSYEQYF	SELVIGAVIL
CASSPSRDNSYEQYF	SELVIGAVIL
CASKVGQEGTEAFF	SELVIGAVIL
CASSLTKDGFGYTF	SELVIGAVIL
CSVFPQGRNTGELFF	SELVIGAVIL
CASSLDPDNYGYTF	SELVIGAVIL
CASSEGTSGSFPNEQFF	SELVIGAVIL
CASSLEGGKDTQYF	SELVIGAVIL
CASSQVGLAGGGVEQYF	SELVIGAVIL
CASGLLDKAYEQYF	SELVIGAVIL
CASSLGWASGITDTQYF	SELVIGAVIL
CASSYLPDRGRGETQYF	SELVIGAVIL
CASTPGRGGNTEAFF	SELVIGAVIL
CASSVGTSLSSGSYNEQFF	SELVIGAVIL
CASSVEPGHGSETQYF	SELVIGAVIL
CASSYSGDSSYEQYF	SELVIGAVIL
CASSYETNIQYF	SELVIGAVIL
CASSPNGGSTEAFF	SELVIGAVIL
CASSATDPGQGARTGELFF	SELVIGAVIL
CASSGQGPSYNEQFF	SELVIGAVIL
CASLWEPSYNEQFF	SELVIGAVIL
CASSLSYEQYF	SELVIGAVIL
CASSLGDLSSYEQYF	SELVIGAVIL
CASSGEGGRYEQYF	SELVIGAVIL
CASSPLDQIHYEQYF	SELVIGAVIL
CASSYEAYSYEQYF	SELVIGAVIL
CASSLDRYEQYF	SELVIGAVIL
CASSLQGNGANVLTF	SELVIGAVIL
CASSFEGGYEQYF	SELVIGAVIL
CASTPLRDRGNEQYF	SELVIGAVIL
CASSLDTSFDEQFF	SELVIGAVIL
CASSQDLGISETQYF	SELVIGAVIL
CASSVTMDSTDTQYF	SELVIGAVIL
CASSKAGQGRGANVLTF	SELVIGAVIL
CASSLSYVAGGSFSEQYF	SELVIGAVIL
CASSLLLPDSSSYNEQFF	SELVIGAVIL
CASSLGGTYEQYF	SELVIGAVIL
CASSGEGGKNIQYF	SELVIGAVIL
CASSLVYGKDTGELFF	SELVIGAVIL
CASSSAYSTALGGANVLTF	SELVIGAVIL
CASSLERAPLQDTQYF	SELVIGAVIL
CASLAGGSYNEQFF	SELVIGAVIL
CASSFSRDSQETQYF	SELVIGAVIL
CASSQVTGGLGETQYF	SELVIGAVIL
CASSLGGTDNQPQHF	SELVIGAVIL
CASSLSWESYEQYF	SELVIGAVIL
CASSQDTDRYEQYF	SELVIGAVIL
RASFRTAWSLAGELFF	SELVIGAVIL
CASSPPGNYGYTF	SELVIGAVIL
CASSPSSAPEGTQYF	SELVIGAVIL
CASSSTLDSVNEQFF	SELVIGAVIL
CASRLQDSYEQYF	SELVIGAVIL
CASSREGGYEQYF	SELVIGAVIL
CASLVSGYNEQFF	SELVIGAVIL
CASSVITTRSETQYF	SELVIGAVIL
CASSSVSGEQNTEAFF	SELVIGAVIL
CASSMGGSGYNEQFF	SELVIGAVIL
CASSAVQGGYNEQFF	SELVIGAVIL
CASSISAGVGNEQFF	SELVIGAVIL
CAKEPPEDTQYF	SELVIGAVIL
CASSLNTGTGELFF	SELVIGAVIL
CASSPDNLYEQYF	SELVIGAVIL
CASSLEWGPGAGETQYF	SELVIGAVIL
CASSPGRVLNTEAFF	SELVIGAVIL
CASSISRGSSYNEQFF	SELVIGAVIL
CASSISAGVSNEQFF	SELVIGAVIL
CASSQAGGLADPYEQYF	SELVIGAVIL
CASSATVQAGGSYEQYF	SELVIGAVIL
CASSFSGDSTDTQYF	SELVIGAVIL
CASSYTRDSPEAFF	SELVIGAVIL
CASDPWAGGMETQYF	SELVIGAVIL
CASSIGAVSYEQYF	SELVIGAVIL
CASSLATLTGEETQYF	SELVIGAVIL
CASSFEGGTEAFF	SELVIGAVIL
CASSVVGGAGYNEQFF	SELVIGAVIL
CASRGTVDTLPTEAFF	SELVIGAVIL
CASMAGSSYNEQFF	SELVIGAVIL
CASSSGNSNQPQHF	SELVIGAVIL
CASSYNRDSPHEQYF	SELVIGAVIL
CASSLSGGSSYNEQFF	SELVIGAVIL
CASSEDYSSYNEQFF	SELVIGAVIL
CASSPSGGAYNEQFF	SELVIGAVIL
CASSFDRDQPQHF	SELVIGAVIL
