CDR3	AA
CASSFLGQRDNEQFF	KLPDDFTGCV
CASSQEGTRYEQYF	KLPDDFTGCV
CASSLAHKFFPGTGTEQYF	KLPDDFTGCV
CASSPPRRGETQYF	KLPDDFTGCV
CASSQGRWTLQETQYF	KLPDDFTGCV
CASSPGEWRDEKLFF	KLPDDFTGCV
CASSGDREYINQPQHF	KLPDDFTGCV
CASSLQGAGSEQYF	KLPDDFTGCV
CASSQEGGVSEQYF	KLPDDFTGCV
CASSLGLAGYEQYF	KLPDDFTGCV
CATSDSRYFTDTQYF	KLPDDFTGCV
CASSQARDRAGYTEAFF	KLPDDFTGCV
CASSMDPGRGILSYEQYF	KLPDDFTGCV
CASSPGTSLSTDTQYF	KLPDDFTGCV
CASSQLDRAGTDTQYF	KLPDDFTGCV
CASSSTGTRAADTQYF	KLPDDFTGCV
CASSADDRALGETQYF	KLPDDFTGCV
CASSLDGGFAIRETQYF	KLPDDFTGCV
CASTDSYHTEAFF	KLPDDFTGCV
CASSHGTEIQETQYF	KLPDDFTGCV
CASSETPTGASYEQYF	KLPDDFTGCV
CASSQVDRGGYDEQFF	KLPDDFTGCV
CASSLGNFTGDEKLFF	KLPDDFTGCV
CASSPQGGGPYNEQFF	KLPDDFTGCV
CASSYRGPYEQYF	KLPDDFTGCV
CASSLGMWRGENNEQFF	KLPDDFTGCV
CASSQDAPSSYNSPLHF	KLPDDFTGCV
CSARDRLANFVLRETQYF	KLPDDFTGCV
CASSPLDGPPSNQPQHF	KLPDDFTGCV
CASSPDAVSSYNSPLHF	KLPDDFTGCV
CSARDSFRGTYEQYF	KLPDDFTGCV
CASSLDPSSSYNSPLHF	KLPDDFTGCV
CASSFPGANVLTF	KLPDDFTGCV
CASSPYENSYEQYF	KLPDDFTGCV
CASSQMDRVGTEAFF	KLPDDFTGCV
CASSQVFSVELNTEAFF	KLPDDFTGCV
CSARGDRPFLYNSPLHF	KLPDDFTGCV
CATSRWPGTSVDQETQYF	KLPDDFTGCV
CAWRVAGVYNEQFF	KLPDDFTGCV
CASSQDSPSSYNSPLHF	KLPDDFTGCV
CSARALAGAYNEQFF	KLPDDFTGCV
CASSQDLGTRTSEQFF	KLPDDFTGCV
CASSKRGVAGGPHGELFF	KLPDDFTGCV
CASSLDGTSYNEQFF	KLPDDFTGCV
CASSESQAIWGTQYF	KLPDDFTGCV
CASSLGMFLYQETQYF	KLPDDFTGCV
CASSSEATSSYNSPLHF	KLPDDFTGCV
CASSDIGVFFTSHNQPQHF	KLPDDFTGCV
CASSFGYPYEQYF	KLPDDFTGCV
CSAREYQGTYEQYF	KLPDDFTGCV
CASSEYGNSYEQYF	KLPDDFTGCV
CASSLGTSLAGVGNEQFF	KLPDDFTGCV
CSAFWGGTGANVLTF	KLPDDFTGCV
CASSQGQWVSETQYF	KLPDDFTGCV
CASSQGDFLGTGGHGYTF	KLPDDFTGCV
CASGHSINSNQPQHF	KLPDDFTGCV
CASSQEGGKETQYF	KLPDDFTGCV
CASSIDRGHTEAFF	KLPDDFTGCV
CASSKKVRDRGRNEQFF	KLPDDFTGCV
CASSDGQVNSNQPQHF	KLPDDFTGCV
CASSVAAPSGLDFYNEQFF	KLPDDFTGCV
CASSLSAAFYEQYF	KLPDDFTGCV
CASTPYGGLVNTEAFF	KLPDDFTGCV
CASSFSTGSYGYTF	KLPDDFTGCV
CASSQDTPSSYNSPLHF	KLPDDFTGCV
CASSHLDRGGYNEQFF	KLPDDFTGCV
CASSPLNRAGFDEQFF	KLPDDFTGCV
CASSGGTGRFTEAFF	KLPDDFTGCV
CASKGGSFYGYTF	KLPDDFTGCV
CSARDPSGGQSYEQYF	KLPDDFTGCV
CASSLRQGVFQPQHF	KLPDDFTGCV
CASSQRQGSNQPQHF	KLPDDFTGCV
CASSPGQGARYQPQHF	KLPDDFTGCV
CASSQVLRAGVGDTQYF	KLPDDFTGCV
CASSIVGSRLDTQYF	KLPDDFTGCV
CASSSDSPTPYNEQFF	KLPDDFTGCV
CATSGRAGYNEQFF	KLPDDFTGCV
CASSYGGVEAFF	KLPDDFTGCV
CASSFRIYNEQFF	KLPDDFTGCV
CASSVLDWAGPKNIQYF	KLPDDFTGCV
CASSYSRDGLNTGELFF	KLPDDFTGCV
CASSQGRDSYSPLHF	KLPDDFTGCV
CASSPPGFFMNTEAFF	KLPDDFTGCV
CSVGPAGREYGYTF	KLPDDFTGCV
CASSQGQKGGNTEAFF	KLPDDFTGCV
CASSLVGSGGAYNEQFF	KLPDDFTGCV
CASSPPDVGWDTQYF	KLPDDFTGCV
CASRDLGIPEAFF	KLPDDFTGCV
CASSSAYSPGADTQYF	KLPDDFTGCV
CASSQHSPFFQYNEQFF	KLPDDFTGCV
CASRHDPGTSGRVTGELFF	KLPDDFTGCV
CASRTGSNQPQHF	KLPDDFTGCV
CATSDSDRGPYNEQFF	KLPDDFTGCV
CSARVQADFLSGNTIYF	KLPDDFTGCV
CSARDQGQNFLSDYGYTF	KLPDDFTGCV
CASSYLGTTHRNEQFF	KLPDDFTGCV
CATSDWSSGGLGDTQYF	KLPDDFTGCV
CASSYSSGSNQPQHF	KLPDDFTGCV
CASSPISLDEQYF	KLPDDFTGCV
CATSSTQGGDTYSNQPQHF	KLPDDFTGCV
CASSVGGGWDLQETQYF	KLPDDFTGCV
CASSLMTGTANEQFF	KLPDDFTGCV
CASSQNPYGVYMETQYF	KLPDDFTGCV
CASSITGGKETQYF	KLPDDFTGCV
CASSLSGLPGEQYF	KLPDDFTGCV
CASSPTGPPYEQYF	KLPDDFTGCV
CASSLGDYLYNEQFF	KLPDDFTGCV
CASSREGGGYEQYF	KLPDDFTGCV
CASGPGNWYYEQYF	KLPDDFTGCV
CASSLESQAYNEQFF	KLPDDFTGCV
CASSLAVFPYEQYF	KLPDDFTGCV
CASSFLAQGDEQFF	KLPDDFTGCV
CASSAWGDTQYF	KLPDDFTGCV
CASRSLGPNTEAFF	KLPDDFTGCV
CASSLNTLHVGASYEQYF	KLPDDFTGCV
CASSHLDRVFSDTQYF	KLPDDFTGCV
CASSLSAGGLLETQYF	KLPDDFTGCV
CASSYAGPGSGYTF	KLPDDFTGCV
CASSLDPASSYNSPLHF	KLPDDFTGCV
CASSPRNTIYF	KLPDDFTGCV
CASSPGPANEQFF	KLPDDFTGCV
CASSQVNWGIGDEQFF	KLPDDFTGCV
CASSYGTYRYDEQFF	KLPDDFTGCV
CASSDNTYINQPQHF	KLPDDFTGCV
CASSHYDRGGYNEQFF	KLPDDFTGCV
CASSQQDRGGYNEQFF	KLPDDFTGCV
CASSYQGQPTYEQYF	KLPDDFTGCV
CASSQDEDRGQYQETQYF	KLPDDFTGCV
CAGGQGTYEQYF	KLPDDFTGCV
CASSFGGDKNIQYF	KLPDDFTGCV
CASRGDSPNLNQPQHF	KLPDDFTGCV
CASSQDERGGFDEQYF	KLPDDFTGCV
CASSQDPPSSYNSPLHF	KLPDDFTGCV
CASSSTGVPTDTQYF	KLPDDFTGCV
CASSFGGGSYEQYF	KLPDDFTGCV
CASKDLSGLNEKLFF	KLPDDFTGCV
CASSLMGGEYNEQFF	KLPDDFTGCV
CASSFRQGAGRDTEAFF	KLPDDFTGCV
CASSPGTGKGQPQHF	KLPDDFTGCV
CASTLGQGGSPLHF	KLPDDFTGCV
CASSLWGVTEAFF	KLPDDFTGCV
CASSLLAVSSYNEQFF	KLPDDFTGCV
CASSQDWSLPYNEQFF	KLPDDFTGCV
CASSFGLAGGTYNEQFF	KLPDDFTGCV
CASSQDRPSSYNSPLHF	KLPDDFTGCV
CASSFGNYVYTEAFF	KLPDDFTGCV
CSALLAGDFLAKNIQYF	KLPDDFTGCV
CASSLGDRGTDTQYF	KLPDDFTGCV
CASSTTDWRSTDTQYF	KLPDDFTGCV
CATSDSWTLNGETQYF	KLPDDFTGCV
CASSQVERGGLDEQFF	KLPDDFTGCV
CASSLRELVLGPGELFF	KLPDDFTGCV
CASSLGAGGAGNTIYF	KLPDDFTGCV
CATSIGADTQYF	KLPDDFTGCV
CASSIVAGSEQFF	KLPDDFTGCV
CASSSLSPRKDREYSNQPQHF	KLPDDFTGCV
CSARDSYVLTYEKLFF	KLPDDFTGCV
CASRPGSTDTQYF	KLPDDFTGCV
CASSEGGRETGPLQETQYF	KLPDDFTGCV
CASSSGDSVQETQYF	KLPDDFTGCV
CSSTSGGFYEQYF	KLPDDFTGCV
CASSHEDRGGYDEQFF	KLPDDFTGCV
CASSQDPLLAGGRFSAYNEQFF	KLPDDFTGCV
CASSLTGVNTEAFF	KLPDDFTGCV
CASSQVSRGGLGDEQFF	KLPDDFTGCV
CARGGTYSNQPQHF	KLPDDFTGCV
CASSLSKGWTEAFF	KLPDDFTGCV
CASRDPTRGGLGNTIYF	KLPDDFTGCV
CASSVGGGSNEQFF	KLPDDFTGCV
CASSSEQGPSYYNEQFF	KLPDDFTGCV
CASSTPGTFWEQFF	KLPDDFTGCV
CASILKSGQFF	KLPDDFTGCV
CASSDELVVGAEAFF	KLPDDFTGCV
CASSQDRGYQETQYF	KLPDDFTGCV
CASSSPRDRVYNEQFF	KLPDDFTGCV
CASSLRTDYLSASYEQYF	KLPDDFTGCV
CASSAFVQRGGSNEQFF	KLPDDFTGCV
CASSYVDSSNEQFF	KLPDDFTGCV
CASSLTAPSSYNEQFF	KLPDDFTGCV
CASAGTPSTDTQYF	KLPDDFTGCV
CASSHVGERGVYNEQFF	KLPDDFTGCV
CASSHLDRAGFDEQYF	KLPDDFTGCV
CASSMAQNTGELFF	KLPDDFTGCV
CATSDQGQQGPQETQYF	KLPDDFTGCV
CASRGTLTNYGYTF	KLPDDFTGCV
CASSPGGWVGQETQYF	KLPDDFTGCV
CASNYTGELFF	KLPDDFTGCV
CASSYSLAGSTRYTDTQYF	KLPDDFTGCV
CASSPPGQYGYTF	KLPDDFTGCV
CASSYSIRDGAYSGLNSPLHF	KLPDDFTGCV
CASSLVWTRSYNEQFF	KLPDDFTGCV
CASSLLLSAEAKNIQYF	KLPDDFTGCV
CASTFSGLEQYF	KLPDDFTGCV
CASRRMGQRLNEAFF	KLPDDFTGCV
CASSEAERGGLGDTQYF	KLPDDFTGCV
CASSQDEFLEETQYF	KLPDDFTGCV
CASSQDALSSYNSPLHF	KLPDDFTGCV
CASRGDTPYEQYF	KLPDDFTGCV
CASSLSRWGQGSYEQYF	KLPDDFTGCV
CASSLLFSGGETQYF	KLPDDFTGCV
CASSDRLAGGLGDEQFF	KLPDDFTGCV
CASSPLERGGLDEQFF	KLPDDFTGCV
CASGILFQGFPEAFF	KLPDDFTGCV
CASSPTWPGAGYGYTF	KLPDDFTGCV
CASSQGQRVGEPQHF	KLPDDFTGCV
CASSWTAANTEAFF	KLPDDFTGCV
CASSLRRGYQETQYF	KLPDDFTGCV
CASSSAQSSFSYEQYF	KLPDDFTGCV
CASSHLSSGGYDEQFF	KLPDDFTGCV
CASSLMGGSEQYF	KLPDDFTGCV
CASSQVEAGGLGDTQYF	KLPDDFTGCV
CASSEWMITGGLTDTQYF	KLPDDFTGCV
CASSPGGSYNEQFF	KLPDDFTGCV
CASSQDRVSSYNSPLHF	KLPDDFTGCV
CASSLMRQVGPNTGELFF	KLPDDFTGCV
CASSVDVSSYNSPLHF	KLPDDFTGCV
CASSQDVSGAYSYEQYF	KLPDDFTGCV
CSAREQGAWQTQYF	KLPDDFTGCV
CATSDPTGGNEQFF	KLPDDFTGCV
CARLLRDRDLVRAKNIQYF	KLPDDFTGCV
CSARDRDSYEQYF	KLPDDFTGCV
CASSLTAGTRVFDEQFF	KLPDDFTGCV
CASSLGQYSNEKLFF	KLPDDFTGCV
CASSLGSVYGYEQYF	KLPDDFTGCV
CASSPNDRGSYNEQFF	KLPDDFTGCV
CASSESLGHRPYNEQFF	KLPDDFTGCV
CASSQDIDSYQETQYF	KLPDDFTGCV
CASSHQIAKNIQYF	KLPDDFTGCV
CASSTLLERGPYNEQFF	KLPDDFTGCV
CASSGGQGGRTQYF	KLPDDFTGCV
CASSYLQTGSPWLIGYYEQYF	KLPDDFTGCV
CASSLGQSVYNEQFF	KLPDDFTGCV
CASSFGGGLNYNEQFF	KLPDDFTGCV
CASRRGAVTDTQYF	KLPDDFTGCV
CASSQGSRVGNEQFF	KLPDDFTGCV
CASSQDSPYLNYGYTF	KLPDDFTGCV
CASSQEEDGYSGNTIYF	KLPDDFTGCV
CASSQDVRSSYNSPLHF	KLPDDFTGCV
CASSYVGAQETQYF	KLPDDFTGCV
CASSFYEGIGYEQYF	KLPDDFTGCV
CASSSDGTSGYEQYF	KLPDDFTGCV
CASSLTSTGPNEQFF	KLPDDFTGCV
CASSQVNGNSYYNEQFF	KLPDDFTGCV
CSARDYGTGVYNEQFF	KLPDDFTGCV
CASSDTRTGVLGTQYF	KLPDDFTGCV
CASSNMGTRAGYNEQFF	KLPDDFTGCV
CASSQDPPSSYNSPLHF	KLPDDFTGCV
CASSLDPGSSYNSPLHF	KLPDDFTGCV
CASSTVPTGQSYEQYF	KLPDDFTGCV
CASSQDAPSSYNSPLHF	KLPDDFTGCV
CASSPRKRGGLGDTQYF	KLPDDFTGCV
CASSSLNDVKYGYTF	KLPDDFTGCV
CASSLLARDGVGTQYF	KLPDDFTGCV
CSARDSYAGYTEAFF	KLPDDFTGCV
CASSQDGDGYSPLHF	KLPDDFTGCV
CSVEGVSAHEQYF	KLPDDFTGCV
CASSADLFSTDTQYF	KLPDDFTGCV
CSARDNQRGGLADTQYF	KLPDDFTGCV
CASTPYGTSGAYEQYF	KLPDDFTGCV
CASSSSGWTGGGNQPQHF	KLPDDFTGCV
CASSMTGPGDEQYF	KLPDDFTGCV
CATSDFIENIQYF	KLPDDFTGCV
CASSDLDYSYNEQFF	KLPDDFTGCV
CATSRDFHGYQETQYF	KLPDDFTGCV
CASSPPDPGRSYFYEQYF	KLPDDFTGCV
CAWSWSGVYEQFF	KLPDDFTGCV
CASSYGGSSYEQYF	KLPDDFTGCV
CSARDSYSGHNEQFF	KLPDDFTGCV
CASSLNGRGSYNEQFF	KLPDDFTGCV
CASSRGLFLTDTQYF	KLPDDFTGCV
CASSLEWRGGLADTQYF	KLPDDFTGCV
CASSEGTSSWRLQETQYF	KLPDDFTGCV
