CDR3	AA
CASSQVWAAKNIQYF	KVSIWNLDY
CASSLMKTEAFF	KVSIWNLDY
CSALVIPGLDTDTQYF	KVSIWNLDY
CASSSDRAGYTF	KVSIWNLDY
CASSSGDGETEAFF	KVSIWNLDY
CASSYAGGYTDTQYF	KVSIWNLDY
CASSNLASPDTQYF	KVSIWNLDY
CASSQEVLSAGQGPSPLHF	KVSIWNLDY
CASSQVMGAPSTDTQYF	KVSIWNLDY
CASSWTDSYEQYF	KVSIWNLDY
CASRSLDGFNQPQHF	KVSIWNLDY
CASSVSRDGDSYEQYF	KVSIWNLDY
CSARAGQASSPSYEQYF	KVSIWNLDY
CASKSQAGGFNEQFF	KVSIWNLDY
CASTPGQNTGELFF	KVSIWNLDY
CASSPAGAADTQYF	KVSIWNLDY
CASSWTSGGYEQYF	KVSIWNLDY
CASSFSGPSTDTQYF	KVSIWNLDY
CASSQGGGQETQYF	KVSIWNLDY
CASSWDGVSGNTIYF	KVSIWNLDY
CASSPRASTEAFF	KVSIWNLDY
CASSFSGRGSYEQYF	KVSIWNLDY
CASSVGGFGNIQYF	KVSIWNLDY
CASSVGLGAYEQYF	KVSIWNLDY
CASSWTSGGTDTQYF	KVSIWNLDY
CASSVGSGAGELFF	KVSIWNLDY
CSATTGSSYNEQFF	KVSIWNLDY
CASSLYGSDEQYF	KVSIWNLDY
CSARPLAGEHTDTQYF	KVSIWNLDY
CASSTGRGVAGANVLTF	KVSIWNLDY
CASSFQSRGGTEAFF	KVSIWNLDY
CASSNLAGGPVGELFF	KVSIWNLDY
CASSVTGAVTYEQYF	KVSIWNLDY
CASSFGTDGGEQYF	KVSIWNLDY
CASSGTGNNEQFF	KVSIWNLDY
CASSVAGANVLTF	KVSIWNLDY
CASSPHSGGETEAFF	KVSIWNLDY
CASSSGQGSHEQYF	KVSIWNLDY
CASSLAAVRLTDTQYF	KVSIWNLDY
CASSRGLVNEQFF	KVSIWNLDY
CASSQATGALGYGYTF	KVSIWNLDY
CAISPLDTGNTGELFF	KVSIWNLDY
CASSLQGGTSYEQYF	KVSIWNLDY
CASSEASGVETQYF	KVSIWNLDY
CATSRPYEGFREQYF	KVSIWNLDY
CASSPDRDYGYTF	KVSIWNLDY
CASGIEPGELFF	KVSIWNLDY
CASSSGGSGSTSYEQYF	KVSIWNLDY
CASRNMVYEQFF	KVSIWNLDY
CASSYGPGQTTYEQYF	KVSIWNLDY
CASSLDGRAAEQYF	KVSIWNLDY
CASSWTGNNEQFF	KVSIWNLDY
CASSSRQGHDEQYF	KVSIWNLDY
CASSFGRGLPRDTEAFF	KVSIWNLDY
CASATLTDTQYF	KVSIWNLDY
CASSLDVGTGNSPLHF	KVSIWNLDY
CASSVAGGEAFF	KVSIWNLDY
CSVFGDSHEQYF	KVSIWNLDY
CASSLPNQPQHF	KVSIWNLDY
CASSQLLQNEQFF	KVSIWNLDY
CASGTGLEQYF	KVSIWNLDY
CASSVSTEQFF	KVSIWNLDY
CASSQSGTSGLLAAYEQYF	KVSIWNLDY
CASSSGKVSYEQYF	KVSIWNLDY
CASNPGVGDMNTEAFF	KVSIWNLDY
CASSIVPNHYNEQFF	KVSIWNLDY
CASSLGTANTEAFF	KVSIWNLDY
CASSESHSPTHGYTF	KVSIWNLDY
CSVEPGAVGYTF	KVSIWNLDY
CASSGAYNEQFF	KVSIWNLDY
CASSYWAGETNEKLFF	KVSIWNLDY
CSASQLSHEQFF	KVSIWNLDY
CASGPYEQYF	KVSIWNLDY
CASSPWTGANVLTF	KVSIWNLDY
CASSVGRGSTEAFF	KVSIWNLDY
CASSVTDLAFTDTQYF	KVSIWNLDY
CASSLDSGGYEQYF	KVSIWNLDY
CASSQLAGGLYNEQFF	KVSIWNLDY
CAISWTGGGTEAFF	KVSIWNLDY
CASGLPPIEAFF	KVSIWNLDY
CASSQVLSGGGGKTGTYEQYF	KVSIWNLDY
CSVRDSYGYTF	KVSIWNLDY
CASSYSGPLGTDTQYF	KVSIWNLDY
CASSLGQPQHF	KVSIWNLDY
CASSQEGGLVGYGYTF	KVSIWNLDY
CASSSGPGKGYNEQFF	KVSIWNLDY
CASSQEGRRPFYEQFF	KVSIWNLDY
CASSLGTRLAGATDTQYF	KVSIWNLDY
CASSLEQGGGLYNEQFF	KVSIWNLDY
CASSPIGGPGELFF	KVSIWNLDY
CASSLDLTYEQYF	KVSIWNLDY
CASSRNYPSTAADNEQFF	KVSIWNLDY
CASSFLGLSYEQYF	KVSIWNLDY
CASSLGRGTGDHNEQFF	KVSIWNLDY
CATSWDRNQPQHF	KVSIWNLDY
CASSTGLQNIQYF	KVSIWNLDY
CASSLDLGHSPLHF	KVSIWNLDY
CSVALELQAETQYF	KVSIWNLDY
CASSPSYDSSNNEQFF	KVSIWNLDY
CASSGRGLSYNEQFF	KVSIWNLDY
CASSLRGDGTDTQYF	KVSIWNLDY
CASSLASGPHGYTF	KVSIWNLDY
CASSPRDLNTEAFF	KVSIWNLDY
CASSALGTGQNEQFF	KVSIWNLDY
CASSFRQVINTGELFF	KVSIWNLDY
CASSLSGGEFNEQFF	KVSIWNLDY
CASSLGLAGGAPPDTQYF	KVSIWNLDY
CASSSLAGSVNEQFF	KVSIWNLDY
CASSLSVRPSTDTQYF	KVSIWNLDY
CASSDQGPDTQYF	KVSIWNLDY
CASSPAAASYEQYF	KVSIWNLDY
CASSSRQGLDEQYF	KVSIWNLDY
CASSQAHSSPAGGTDTQYF	KVSIWNLDY
CASSYVAGMNTEAFF	KVSIWNLDY
CASSFGNEQFF	KVSIWNLDY
CASSFFAKGVNEQYF	KVSIWNLDY
CASSLVVRLAWSTDTQYF	KVSIWNLDY
CASSQTGIAFF	KVSIWNLDY
CASSLSGDSFYEQYF	KVSIWNLDY
CASSWGQGTGELFF	KVSIWNLDY
CASWGGSEEETQYF	KVSIWNLDY
CASSLAASSYEQYF	KVSIWNLDY
CASSLDSLEQFF	KVSIWNLDY
CSATDIYLADGTYEQYF	KVSIWNLDY
CASSVSFSANEQYF	KVSIWNLDY
CASSPHPSGRGVGELFF	KVSIWNLDY
CASSAGGLGNEQFF	KVSIWNLDY
CASSSVGFRAEKLFF	KVSIWNLDY
CASSVELAGTLLQETQYF	KVSIWNLDY
CASSLEGGLSGNTIYF	KVSIWNLDY
CASSQASGGPDTQYF	KVSIWNLDY
CASSLSFPDTQYF	KVSIWNLDY
CASRFLGTEAFF	KVSIWNLDY
CSARDLTGGLWDTQYF	KVSIWNLDY
CASSQGLETNRAYGYTF	KVSIWNLDY
CASSQRIDYEQYF	KVSIWNLDY
CASSVTGVDTGELFF	KVSIWNLDY
CASSFFSGGTGELFF	KVSIWNLDY
CASNSGTGGDTQYF	KVSIWNLDY
CASARGTEAFF	KVSIWNLDY
CASSAGTGGSPLHF	KVSIWNLDY
CASSLGGAKTEAFF	KVSIWNLDY
CASSQAATGANVLTF	KVSIWNLDY
CASSDTGDTGELFF	KVSIWNLDY
CSVDDNAHEAFF	KVSIWNLDY
CSAIQGFSGELFF	KVSIWNLDY
CASSFIGAKHEQYF	KVSIWNLDY
CASSLVPGGRPGEEAFF	KVSIWNLDY
CASSQDEAEGAGGTSGEQFF	KVSIWNLDY
CASSLDLGILDYGYTF	KVSIWNLDY
CAINPERVAETQYF	KVSIWNLDY
CAWSPGQGDQPQHF	KVSIWNLDY
CASSILQGVGQPQHF	KVSIWNLDY
CASSVYGGTDTQYF	KVSIWNLDY
CASRSPGSYNEQFF	KVSIWNLDY
CASSQGAGGPGNEQFF	KVSIWNLDY
CASSVQAGADTQYF	KVSIWNLDY
CASEASYEQYF	KVSIWNLDY
CSASWNRGGIGNIQYF	KVSIWNLDY
CAWNSRMGPQETQYF	KVSIWNLDY
CASSFGGSWAYGYTF	KVSIWNLDY
CASSLRTGTETQYF	KVSIWNLDY
CASSFTSGGEDEQFF	KVSIWNLDY
CASSLTGEYTEAFF	KVSIWNLDY
CASSPWGQGTEKLFF	KVSIWNLDY
CASSSFQGASLYEQYF	KVSIWNLDY
CASSNIQGFNQPQHF	KVSIWNLDY
CASSFSPGELFF	KVSIWNLDY
CASSGGSEQFF	KVSIWNLDY
CASSLASYGGELFF	KVSIWNLDY
CASSLGNGLPWEQYF	KVSIWNLDY
CASSPLLQNYGYTF	KVSIWNLDY
CASSVFSHEQFF	KVSIWNLDY
CASSYGRGVSANTGELFF	KVSIWNLDY
CASSPTTGGYGYTF	KVSIWNLDY
CASSILQGTLDEQFF	KVSIWNLDY
CASSLGGPITTTDTQYF	KVSIWNLDY
CASSAMAGVETQYF	KVSIWNLDY
CASSNQETQYF	KVSIWNLDY
CASSLGQGYEQYF	KVSIWNLDY
CSVNSIGGDTQYF	KVSIWNLDY
CASSLISSPEAFF	KVSIWNLDY
CASGLAEYEQYF	KVSIWNLDY
CASSPRQGVFGYNEQFF	KVSIWNLDY
CASSSVDLADTQYF	KVSIWNLDY
CASSSGQGTNTGELFF	KVSIWNLDY
CASSQVGQGLNTEAFF	KVSIWNLDY
CATWDRQSNTQYF	KVSIWNLDY
CASSQEVAGSETQYF	KVSIWNLDY
CASTPGNLAGDAFF	KVSIWNLDY
CASSGAGTGGTEAFF	KVSIWNLDY
CASSSWSGTDTQYF	KVSIWNLDY
CASSVVASWETQYF	KVSIWNLDY
CASSQGSGYNSPLHF	KVSIWNLDY
CASSGVLDRSYEQYF	KVSIWNLDY
CASSPGGGDNEQFF	KVSIWNLDY
CASRLARGNTEAFF	KVSIWNLDY
CASSASVVGGQAYNEQFF	KVSIWNLDY
CASSVAGGTGELFF	KVSIWNLDY
CASSQDRRGSYEQYF	KVSIWNLDY
CASSQSGTGFYEQYF	KVSIWNLDY
CASSITGQNNEQFF	KVSIWNLDY
CASTPSGSGSYGYTF	KVSIWNLDY
CASSPKFGDEKLFF	KVSIWNLDY
CASSQDLSPMNTEAFF	KVSIWNLDY
CASSPLGTNAGELFF	KVSIWNLDY
CASSLGGGNNEQFF	KVSIWNLDY
CSVEPRANYGYTF	KVSIWNLDY
CASSVVGGYEQYF	KVSIWNLDY
CASSASLWQLNTEAFF	KVSIWNLDY
CATSDLQGGAGLNEQFF	KVSIWNLDY
CASREGTSGELFF	KVSIWNLDY
CASSLARVGLNTEAFF	KVSIWNLDY
CASSPRAPNEKLFF	KVSIWNLDY
CASSREEGGETSPLYNEQFF	KVSIWNLDY
CASSPASGDEQFF	KVSIWNLDY
CSAWTGNGYEQYF	KVSIWNLDY
CASSRDRSEAFF	KVSIWNLDY
CASSFSGGPGANVLTF	KVSIWNLDY
CASSLSSGGYYEQYF	KVSIWNLDY
CASSVGSGGAEQFF	KVSIWNLDY
CASSFPGQGVNEQFF	KVSIWNLDY
CASSQDPSGGYEQYF	KVSIWNLDY
CAISTGLAGGADTQYF	KVSIWNLDY
CASSHLDWNNEQFF	KVSIWNLDY
CASSDLRTEQFF	KVSIWNLDY
CSTGQGVTLGSEQFF	KVSIWNLDY
CSLDRGLDTEAFF	KVSIWNLDY
CSVEEAGGDEQYF	KVSIWNLDY
CASSAWTSFNEQFF	KVSIWNLDY
CASSVRQGTPDTQYF	KVSIWNLDY
CSVEQQGDYEQYF	KVSIWNLDY
CASSLEGRTFNTEAFF	KVSIWNLDY
CASSPEPGQGLNEQFF	KVSIWNLDY
CASSYGTGWTEAFF	KVSIWNLDY
CASSQDLGGEGGYTF	KVSIWNLDY
