CDR3	AA
CASRDNYYEQYF	VYSSANNCTF
CASSSTRERLAKNIQYF	VYSSANNCTF
CASSVGGSPLHF	VYSSANNCTF
CASSGTNTGNTIYF	VYSSANNCTF
CASDRYEQYF	VYSSANNCTF
CASSLRNTGELFF	VYSSANNCTF
CASSVGGISNEQFF	VYSSANNCTF
CASSYRKGTGAYNEQFF	VYSSANNCTF
CASSQQTGPGELFF	VYSSANNCTF
CASSLMANTEAFF	VYSSANNCTF
CATSDTRLAKNIQYF	VYSSANNCTF
CASSLTTPGRGNEQYF	VYSSANNCTF
CSAKDRFGNTGELFF	VYSSANNCTF
CASSMGRDYEQYF	VYSSANNCTF
CASSPKGGLPSDTQYF	VYSSANNCTF
CASSSDRNQETQYF	VYSSANNCTF
CASSLWAGDGETQYF	VYSSANNCTF
CASSLAGVRATQYF	VYSSANNCTF
CASSSNRRDAYNEQFF	VYSSANNCTF
CASSPPSGNIQYF	VYSSANNCTF
CASSWDSEPYGYTF	VYSSANNCTF
CASSFTGTGELFF	VYSSANNCTF
CASSHPEAFF	VYSSANNCTF
CASSWDGTQETQYF	VYSSANNCTF
CASSLLGTGYF	VYSSANNCTF
CATSPSGRIENIQYF	VYSSANNCTF
CASSVGTSGIGEQYF	VYSSANNCTF
CASSRLRLSGNEQYF	VYSSANNCTF
CATSIWAGANQPQHF	VYSSANNCTF
CASSLWAGSSNEQFF	VYSSANNCTF
CASSSTSPGNTEAFF	VYSSANNCTF
CASSSVQGTNEKLFF	VYSSANNCTF
CASSPRRTGWASGYTGELFF	VYSSANNCTF
CASSYGPGRKNTEAFF	VYSSANNCTF
CASSQPNANIQYF	VYSSANNCTF
CASSYGPTTDTQYF	VYSSANNCTF
CATSTRTAEAFF	VYSSANNCTF
CASSVAPGQGNTGELFF	VYSSANNCTF
CASSEGNAANTIYF	VYSSANNCTF
CASSERPDVRGAFF	VYSSANNCTF
CASREKNTGELFF	VYSSANNCTF
CATSDRPVGEQFF	VYSSANNCTF
CASSTGGAGQPQHF	VYSSANNCTF
CASSHHRGSYEQYF	VYSSANNCTF
CASSPPSYNEQFF	VYSSANNCTF
CASSDDRAGYTF	VYSSANNCTF
CASSPAIATSTDTQYF	VYSSANNCTF
CATSRDSGPYNEQFF	VYSSANNCTF
CASSWTGAGNTIYF	VYSSANNCTF
CASSYPSKNIQYF	VYSSANNCTF
CASSSRTSGSSYEQYF	VYSSANNCTF
CAGAHRTGTQETQYF	VYSSANNCTF
CASSQDFGNEQFF	VYSSANNCTF
CASSHTGTADTQYF	VYSSANNCTF
CASSSPPLSEQYF	VYSSANNCTF
CASPSQGSMTEAFF	VYSSANNCTF
CAIRTSGGASQEQYF	VYSSANNCTF
CASSLGTSPGEQFF	VYSSANNCTF
CASSVGGRDYEQYF	VYSSANNCTF
CASSLGLGNEQYF	VYSSANNCTF
CASMPGWVGETQYF	VYSSANNCTF
CASSPGTGSYEQYF	VYSSANNCTF
CASSSPRGATQYF	VYSSANNCTF
CASSLGGNYNEQFF	VYSSANNCTF
CASSFPSYNEQFF	VYSSANNCTF
CASSSPGPRRDEQFF	VYSSANNCTF
CASSFSTAQDTQYF	VYSSANNCTF
CASSFGGGTNEQFF	VYSSANNCTF
CASSLVGGTSSTQYF	VYSSANNCTF
CASSAGLGDPNVLTF	VYSSANNCTF
CASSLVSSQNIQYF	VYSSANNCTF
CASSFDLGENIQYF	VYSSANNCTF
CASRDSSGSPDTQYF	VYSSANNCTF
CASSPRPGLAGGRDTQYF	VYSSANNCTF
