CDR3	AA
CASSRTGLAGGASYEQYF	LPFNDGVYFA
CASSFTSKETQYF	LPFNDGVYFA
CSASTGSTYEQYV	LPFNDGVYFA
CASSPTGTHYEQYF	LPFNDGVYFA
CASSQGQLNEQFF	LPFNDGVYFA
CASSFWGRATEPQHF	LPFNDGVYFA
CASSVYGATDTEAFF	LPFNDGVYFA
CASSFGGGRGDTEAFF	LPFNDGVYFA
CASSSRGLGGETQYF	LPFNDGVYFA
CASSFRGRGQETQYF	LPFNDGVYFA
CASSISGAAYNEQFF	LPFNDGVYFA
CAAGTSGGASEQFF	LPFNDGVYFA
CASTGTGYTYEQYF	LPFNDGVYFA
CSAETSGGEETQYF	LPFNDGVYFA
CASSWTGEGQETQYF	LPFNDGVYFA
CASSPLGGGYEQYF	LPFNDGVYFA
CASSTPGAGYGYTF	LPFNDGVYFA
CASSIGPGQAYEQYF	LPFNDGVYFA
CASHSGGRGQETQYF	LPFNDGVYFA
CASSYGIGYGQPQHF	LPFNDGVYFA
CASSLSRKGTGSLAEAFF	LPFNDGVYFA
CASREAVSTDTQYF	LPFNDGVYFA
CASSVGALRYQETQYF	LPFNDGVYFA
CASSDSLTDTQYF	LPFNDGVYFA
CASSFTNEKLFF	LPFNDGVYFA
CASSFRGLGQETQYF	LPFNDGVYFA
CASREDRGLNTGELFF	LPFNDGVYFA
CASSLPPGYTGELFF	LPFNDGVYFA
CASSLFAGLTYEQYF	LPFNDGVYFA
CASSQEEGQSYEQYF	LPFNDGVYFA
CASSFLGRGAEAFF	LPFNDGVYFA
CSARDLAGGFNEQFF	LPFNDGVYFA
CASSLYLNTEAFF	LPFNDGVYFA
CASSLVFLAGTGGEQFF	LPFNDGVYFA
CSARDFQGALMHEQYF	LPFNDGVYFA
CASSEGSRGLSGELFF	LPFNDGVYFA
CSARDPGLVSYNEQFF	LPFNDGVYFA
CASSERRSSYNSPLHF	LPFNDGVYFA
CASSLYQGANTEAFF	LPFNDGVYFA
CASSQEDYSGNTIYF	LPFNDGVYFA
CASGTGVGTDTQYF	LPFNDGVYFA
CASSSPGQGREGYTF	LPFNDGVYFA
CASSHAGQPQHF	LPFNDGVYFA
CASSPTGLGQETQYF	LPFNDGVYFA
CASSLGQGLYNEQFF	LPFNDGVYFA
CASSPSGPGGTEAFF	LPFNDGVYFA
CASSTLGQGSGELFF	LPFNDGVYFA
CASSLAADEQFF	LPFNDGVYFA
CATSGLWTSRGTGELFF	LPFNDGVYFA
CASSESGVRVTEAFF	LPFNDGVYFA
CASSGRGITYEQYF	LPFNDGVYFA
CASSGGTSGRSSYNEQFF	LPFNDGVYFA
CASSSRERADQPQHF	LPFNDGVYFA
CASSFPGQGLEEQFF	LPFNDGVYFA
CASSQDGTSGGYEQYF	LPFNDGVYFA
CASSAPGQGNTEAFF	LPFNDGVYFA
CASSQDGTGGNQPQHF	LPFNDGVYFA
CASSIGGQQNQPQHF	LPFNDGVYFA
CASSFVQAGGYQETQYF	LPFNDGVYFA
CASSGLGARGANVLTF	LPFNDGVYFA
CASTKGLAGLDTQYF	LPFNDGVYFA
CASSIRVETQYF	LPFNDGVYFA
CASSAPSKGVTDTQYF	LPFNDGVYFA
CASRPNRGRETQYF	LPFNDGVYFA
CSVDNPIGGNEQFF	LPFNDGVYFA
CSARRSSGGYEQFF	LPFNDGVYFA
CSARDLNSGGSYNEQFF	LPFNDGVYFA
CASRGTGDGYNEQFF	LPFNDGVYFA
CASSVGTSESTDTQYF	LPFNDGVYFA
CASSPTDRKYNEKLFF	LPFNDGVYFA
CASSPSIQETQYF	LPFNDGVYFA
CASSLEGGGYGNEQFF	LPFNDGVYFA
CASSTRGSSADTQYF	LPFNDGVYFA
CSAVGTSGGYEQFF	LPFNDGVYFA
CASTQTPGFNTEAFF	LPFNDGVYFA
CASSSGQGIWQPQHF	LPFNDGVYFA
CASSPHGQGQETQYF	LPFNDGVYFA
CASSHDSAGDEQFF	LPFNDGVYFA
CAISDSGQGGETQYF	LPFNDGVYFA
CASRTGDSSYEQYF	LPFNDGVYFA
CASSPEGTSGGNEQFF	LPFNDGVYFA
CASSLGPGLANEQFF	LPFNDGVYFA
CASIGTGRNTIYF	LPFNDGVYFA
CASNPGPGGSEQYF	LPFNDGVYFA
CASSDKLNTEAFF	LPFNDGVYFA
CASSLAQGRSSYNEQFF	LPFNDGVYFA
CASRPSSYFYEQYF	LPFNDGVYFA
CASSPGGSNQPQHF	LPFNDGVYFA
CARSVGGGQGANNEQFF	LPFNDGVYFA
CASNLKGAGGETQYF	LPFNDGVYFA
CASSLIGGEEQYF	LPFNDGVYFA
CASRTGTVNSPLHF	LPFNDGVYFA
CASKGGSLIEQYF	LPFNDGVYFA
CASSIVSGANVLTF	LPFNDGVYFA
CAIKGAGGNTEAFF	LPFNDGVYFA
CASSTTRRGQETQYF	LPFNDGVYFA
CATRDRGGYGYTF	LPFNDGVYFA
CASSFLKLRETGELFF	LPFNDGVYFA
CASRGETHEQFF	LPFNDGVYFA
CASSFPGQGQETQYF	LPFNDGVYFA
CASIDQRTNYGYTF	LPFNDGVYFA
CASSGLAGTGELFF	LPFNDGVYFA
CASSSPGQGVGVAFF	LPFNDGVYFA
CASSHYPIPGEAKNIQYF	LPFNDGVYFA
CASSQVEVTGELFF	LPFNDGVYFA
CASSSGLASGEQFF	LPFNDGVYFA
CASSTSGFGETQYF	LPFNDGVYFA
CASSLYTAENTEAFF	LPFNDGVYFA
CASTLDRVNYNEQFF	LPFNDGVYFA
CASRPGAGLGYEQYF	LPFNDGVYFA
CSAREAGTIDYNEQFF	LPFNDGVYFA
CASSLTLAETQYF	LPFNDGVYFA
CSVGLGGAYEQYF	LPFNDGVYFA
CASSLPGTEQFF	LPFNDGVYFA
CASTGQGKRAFF	LPFNDGVYFA
CASSPLYGDNEQYF	LPFNDGVYFA
CASSLGPGLSYNEQFF	LPFNDGVYFA
CASSPSGLAQTYEQYF	LPFNDGVYFA
CASSHSGSSYNEQFF	LPFNDGVYFA
CASTGDSPDTQYF	LPFNDGVYFA
CASSIVSGELFF	LPFNDGVYFA
CASSLPGGGTEAFF	LPFNDGVYFA
CSARDLMGQNTEAFF	LPFNDGVYFA
CASSHPGQATEKLFF	LPFNDGVYFA
CASSLRREITDTQYF	LPFNDGVYFA
CASSLYTGANTEAFF	LPFNDGVYFA
CASSPRAYNQPQHF	LPFNDGVYFA
CATSRGGLAGMNTGELFF	LPFNDGVYFA
CASSPTGSSYNEQFF	LPFNDGVYFA
CASSLAGEVGNTIYF	LPFNDGVYFA
CASGLSAGGDEQYF	LPFNDGVYFA
CASRSGTRSTEAFF	LPFNDGVYFA
CASSLAGRDGDTQYF	LPFNDGVYFA
CATSRDMTGETQYF	LPFNDGVYFA
CASTPSAPVGQPQHF	LPFNDGVYFA
CASSARDRSHNSPLHF	LPFNDGVYFA
CASSVLAGGPNEQFF	LPFNDGVYFA
CATGSGGAHEQFF	LPFNDGVYFA
CASSSSLWETQYF	LPFNDGVYFA
CASSRSTGYA	LPFNDGVYFA
CASSLTGTSGFNEQFF	LPFNDGVYFA
CASSLLAGAASYEQFF	LPFNDGVYFA
CASSLSWTGEVEQYF	LPFNDGVYFA
CSVEGTSGKNEQFF	LPFNDGVYFA
CASSPAGNQPQHF	LPFNDGVYFA
CASSPEGYGLNTEAFF	LPFNDGVYFA
CASSLALDSYEQYF	LPFNDGVYFA
CASSSPGTGLEGYTF	LPFNDGVYFA
CASSDHEFYGYTF	LPFNDGVYFA
CASSLARAYEQYF	LPFNDGVYFA
CASSYNTGTGAGYTGELFF	LPFNDGVYFA
CASTRSGAWPEAFF	LPFNDGVYFA
CASLDSTKRDTQYF	LPFNDGVYFA
CASSQGRGLYEQYF	LPFNDGVYFA
CASSAGGLAGPGSYNEQFF	LPFNDGVYFA
CASSLYGLSSYNEQFF	LPFNDGVYFA
CASSNPGQGEETQYF	LPFNDGVYFA
CASSFGYGLSYEQYF	LPFNDGVYFA
CASSQADRVLVRTYEQYF	LPFNDGVYFA
CASSLGGREQFF	LPFNDGVYFA
CASSHQGAAKNIQYF	LPFNDGVYFA
CASTGTASTDTQYF	LPFNDGVYFA
CASSVGWGNEQYF	LPFNDGVYFA
CASSQDPLGGGASYEQYF	LPFNDGVYFA
CASSQTGGDNQPQHF	LPFNDGVYFA
CASSSDSTSGGYEQYF	LPFNDGVYFA
CASSSRGTNEKLFF	LPFNDGVYFA
CATSDRQGNQPQHF	LPFNDGVYFA
CASSQEGAGAEAFF	LPFNDGVYFA
CASSLSGSSYNEQFF	LPFNDGVYFA
CSVIRTSGGYEQYF	LPFNDGVYFA
CASSQGQGAAGYTF	LPFNDGVYFA
CASSITGLPKETQYF	LPFNDGVYFA
CASSGNGTRRLLNEQFF	LPFNDGVYFA
CASSISIRDFLSQYF	LPFNDGVYFA
CASSWPAGGRETQYF	LPFNDGVYFA
CASSGPGGHSYNEQFF	LPFNDGVYFA
CASSGGVRIGYTF	LPFNDGVYFA
CASSNDYTEAFF	LPFNDGVYFA
CASSTTTGELFF	LPFNDGVYFA
CASSDTGTGKETQYF	LPFNDGVYFA
CASSSSAGHLNTGELFF	LPFNDGVYFA
CSADYLAKNIQYF	LPFNDGVYFA
CATSRGSRARNTGELFF	LPFNDGVYFA
CASSPPTGGSEAFF	LPFNDGVYFA
CASSLAPGMGNTIYF	LPFNDGVYFA
CASKTGTSGYNEQFF	LPFNDGVYFA
CASSFRQGGRPQHF	LPFNDGVYFA
CASSSPGTAGETQYF	LPFNDGVYFA
CASSVVGQGHDEQYF	LPFNDGVYFA
CSARVLGEQSYGYTF	LPFNDGVYFA
CASSFGTRSYNEQFF	LPFNDGVYFA
CASSLIPQIEAFF	LPFNDGVYFA
CASSERLPPGELFF	LPFNDGVYFA
CASSPGTEQYF	LPFNDGVYFA
CASSLFPPSRSSYNEQFF	LPFNDGVYFA
CSARTDYGAEFGAFF	LPFNDGVYFA
CASSVGGGQGANNEQFF	LPFNDGVYFA
CASSLAGMSSYNEQFF	LPFNDGVYFA
CASSPMGGQGLGYTF	LPFNDGVYFA
CAISGAGNEQYF	LPFNDGVYFA
CASSSTSGFYNEQFF	LPFNDGVYFA
CSARPQDSYGYTF	LPFNDGVYFA
CASSLALGDTEAFF	LPFNDGVYFA
CASRLAERGINEQFF	LPFNDGVYFA
CASSVIADEQYF	LPFNDGVYFA
CASSTTRVAKNIQYF	LPFNDGVYFA
CASSYFGDLNNEQFF	LPFNDGVYFA
CSAPSGGWSEQYF	LPFNDGVYFA
CASSMGLVSGNTIYF	LPFNDGVYFA
CASSPTGYNYGYTF	LPFNDGVYFA
CASSYFVSRGSPFF	LPFNDGVYFA
CASSLYTAVNTEAFF	LPFNDGVYFA
CASSYLATNEKLFF	LPFNDGVYFA
CASGDGLAGYEQYF	LPFNDGVYFA
CASSQTGGNEQFF	LPFNDGVYFA
CASSSPGQVQETQYF	LPFNDGVYFA
CASSPRSRADTQYF	LPFNDGVYFA
CASSLHDRGYNEQFF	LPFNDGVYFA
CASSDPPTGGETQYF	LPFNDGVYFA
CASSTGGQGGYEQYF	LPFNDGVYFA
CASSSTVNNEQFF	LPFNDGVYFA
CASSQGQLQPQHF	LPFNDGVYFA
CASSDSGSSYNEQFF	LPFNDGVYFA
CASSLQGNYEQYF	LPFNDGVYFA
CASSQHADTQYF	LPFNDGVYFA
CASSLLPQGANTEAFF	LPFNDGVYFA
CASSLLQGNTEAFF	LPFNDGVYFA
CASSLSGRRRNQPQHF	LPFNDGVYFA
CASSPGTSGGPGELFF	LPFNDGVYFA
CASSLAGKWDYGYTF	LPFNDGVYFA
CASSSGLAGYEQYF	LPFNDGVYFA
CASSQGPGASPEAFF	LPFNDGVYFA
CASSDTILGTGVYEQYF	LPFNDGVYFA
CASSQDPSSGGATYEQYF	LPFNDGVYFA
CASSDRLAASTDTQYF	LPFNDGVYFA
CASSVGDRKTQYF	LPFNDGVYFA
CATRGLAGDNEQFF	LPFNDGVYFA
CASSIAGASYEQYF	LPFNDGVYFA
CASSIRGRGLFYEQYF	LPFNDGVYFA
CASSRSAGLYNEQFF	LPFNDGVYFA
CASSQPGQGYEQYF	LPFNDGVYFA
CASRLAGVTYNEQFF	LPFNDGVYFA
CSVVGAAGGFEQFF	LPFNDGVYFA
CASSETRDTQYF	LPFNDGVYFA
CASSEWDINNEQFF	LPFNDGVYFA
CASSLVGFGNTIYF	LPFNDGVYFA
CASSATFSYEQYF	LPFNDGVYFA
CARSVGGGQGANNEQFF	LPFNDGVYFA
CASSLTSQGQETQYF	LPFNDGVYFA
CASADSLGPHEQYF	LPFNDGVYFA
CASSQPSGGAGETQYF	LPFNDGVYFA
CASTPGPGWGEYEQYF	LPFNDGVYFA
CASSLIDRVENSPLHF	LPFNDGVYFA
CASSGTSGDETQYF	LPFNDGVYFA
CASSLAHYGLMNTEAFF	LPFNDGVYFA
CASSSPGTWGYTF	LPFNDGVYFA
CASSLSGGGTDTQYF	LPFNDGVYFA
CASSASGRLTEAFF	LPFNDGVYFA
CASSQEVISGGSVNEQFF	LPFNDGVYFA
CATSSPGEIYNEQFF	LPFNDGVYFA
CASSSPGQGFYEQYF	LPFNDGVYFA
CASSSWTAANYGYTF	LPFNDGVYFA
CANIPGQGAYNEQFF	LPFNDGVYFA
CASSRTDRVGNQPQHF	LPFNDGVYFA
CASSLGVNTEAFF	LPFNDGVYFA
CASSTGWGQGAVEAFF	LPFNDGVYFA
CASSPTGIVDTQYF	LPFNDGVYFA
CASSSTSNQPQHF	LPFNDGVYFA
CASSQVPGQGPNTGELFF	LPFNDGVYFA
CASSGITSGDANEQFF	LPFNDGVYFA
CASSVAIAGGPDTQYF	LPFNDGVYFA
CASSIYRNTEAFF	LPFNDGVYFA
CASSVGSGSSYEQYF	LPFNDGVYFA
CASSYATQGVTEAFF	LPFNDGVYFA
CASSSQPGTANTEAFF	LPFNDGVYFA
CASSPQGFFYEQYF	LPFNDGVYFA
CASSLSAGGAYNEQFF	LPFNDGVYFA
CASSDLDRRSNTGELFF	LPFNDGVYFA
CAIGAANEQFF	LPFNDGVYFA
CASSGQGNEKLFF	LPFNDGVYFA
CASSPGTSVTYEQYF	LPFNDGVYFA
CASSLGPGMPNTGELFF	LPFNDGVYFA
CASSLWGGEQFF	LPFNDGVYFA
CAISDSGTGNYGYTF	LPFNDGVYFA
CASSLRGTREETQYF	LPFNDGVYFA
CASSSGGPSWDTQYF	LPFNDGVYFA
CASSITGTGGDEQFF	LPFNDGVYFA
CASSFPPGLAGLNEQFF	LPFNDGVYFA
CAWRRLAGEVVVTDTQYF	LPFNDGVYFA
CASSPSPTGTDTQYF	LPFNDGVYFA
CASSSRGGGGETQYF	LPFNDGVYFA
CAYFLSGTAQLSYEQYF	LPFNDGVYFA
CASSNNPGTRVYEQFF	LPFNDGVYFA
