CDR3	AA
CASGLQGLAFNEQFF	TTLPKGFYA
CASSSPGTGRWEEYF	TTLPKGFYA
CASSSPSTSGRWEQYF	TTLPKGFYA
CASSYSGQYTGELFF	TTLPKGFYA
CASSLSWGTEAFF	TTLPKGFYA
CSAWGLIAGTNTEAFF	TTLPKGFYA
CASNLGDNEQFF	TTLPKGFYA
CASSSYRLARSSYNEQFF	TTLPKGFYA
CASSLSGTFYEQYF	TTLPKGFYA
CASSIVASGDEQFF	TTLPKGFYA
CASSKPTTGRWEQYF	TTLPKGFYA
CASSFPISGANTEAFF	TTLPKGFYA
CATNAEAGGAYEQYF	TTLPKGFYA
CASSQGGLSGTPEQFF	TTLPKGFYA
CASSLSTGSLDEQFF	TTLPKGFYA
CASSELQTASTDTQYF	TTLPKGFYA
CSVEDGQGAYEQYF	TTLPKGFYA
CASSEDRGINYGYTF	TTLPKGFYA
CASSPTWREETQYF	TTLPKGFYA
CASSPYGDQGASNEQFF	TTLPKGFYA
CASSLSFSALTTLVDEQFF	TTLPKGFYA
CASSPDTGGYTF	TTLPKGFYA
CASSDRTIYEQYF	TTLPKGFYA
CASSVSTQVSSYNEQFF	TTLPKGFYA
CASSLFGTGVTEAFF	TTLPKGFYA
