CDR3	AA
CSASGTSGEYQETQYF	NQKLIANQF
CASSLEDTVYGYTF	NQKLIANQF
CASSLEDTNYGYTF	NQKLIANQF
CASSLEDTNYGYTF	NQKLIANQF
CASSLAGESYNEQFF	NQKLIANQF
CASSVGVAGGVNEQFF	NQKLIANQF
CSACRDRGYTEAFF	NQKLIANQF
CASSLEDVLYGYTF	NQKLIANQF
CASSPGLNPEGYTF	NQKLIANQF
CASSLEDVNYGYTF	NQKLIANQF
CASSLEDTNYGYTF	NQKLIANQF
CASSLASEAFNEQFF	NQKLIANQF
CASSLEDTNYGYTF	NQKLIANQF
CASSPTGQGLDAGELFF	NQKLIANQF
CASSLNLGQGASNEQFF	NQKLIANQF
CASSETGLYTEAFF	NQKLIANQF
CASSLAGGPWDTEAFF	NQKLIANQF
CASSLNLGQGAVEAFF	NQKLIANQF
CASSLEDTIYGYTF	NQKLIANQF
CASSYSQGGFADTQYF	NQKLIANQF
CASSGVGGPSGTDTQYF	NQKLIANQF
CASSLEDTNYGYTF	NQKLIANQF
CASSVGLAGATNEQFF	NQKLIANQF
CASSLEDLLYGYTF	NQKLIANQF
CASSLNLGQGHYEQYF	NQKLIANQF
CASSLASEAFNEQFF	NQKLIANQF
CASSETGVYEKLFF	NQKLIANQF
CSAVRDRGYTEAFF	NQKLIANQF
CSATRDRGYTEAFF	NQKLIANQF
CASSLEDTLYGYTF	NQKLIANQF
CASSLEDTNYGYTF	NQKLIANQF
CASSPLGDTQYF	NQKLIANQF
CASSLAGEGPSPLHF	NQKLIANQF
CASSLEDTNYGYTF	NQKLIANQF
CASSRTIEGGAGELFF	NQKLIANQF
CASSLEDVNYGYTF	NQKLIANQF
