CDR3	AA
CASSTGLANEQFF	ASQSIIAYTM
CASSIRQDQNQPQHF	ASQSIIAYTM
CASSLGGTVDEQYF	ASQSIIAYTM
CASSLGQSTEAFF	ASQSIIAYTM
CASSKPGQGYEQYF	ASQSIIAYTM
CASSEGFIGNEQFF	ASQSIIAYTM
CASSLSPGHHEAFF	ASQSIIAYTM
CASSRETGELFF	ASQSIIAYTM
CASSLLLTQHTGELFF	ASQSIIAYTM
CASSSGVGTQYF	ASQSIIAYTM
CASSLYETGGHEQYF	ASQSIIAYTM
CASSPGGRDEQFF	ASQSIIAYTM
CASSLGQSYNEQFF	ASQSIIAYTM
CASSLFGSNEQFF	ASQSIIAYTM
CASSLFGRWLGPAGELFF	ASQSIIAYTM
CASGQAVVADTQYF	ASQSIIAYTM
CTSRWGGTDTQYF	ASQSIIAYTM
CASSLETLYNEQFF	ASQSIIAYTM
CASLGETQYF	ASQSIIAYTM
CASSRGQGEKLFF	ASQSIIAYTM
CASSPPMDSPGGTGELFF	ASQSIIAYTM
CASRSGNYEQYF	ASQSIIAYTM
CASSSGTAATNVLTF	ASQSIIAYTM
CASQGQGNTEAFF	ASQSIIAYTM
CASSLGTSVSNEQFF	ASQSIIAYTM
CSAQEAGGLHEQYF	ASQSIIAYTM
CASSFEGGDPSNEQFF	ASQSIIAYTM
CASSLGGITEAFF	ASQSIIAYTM
CASSAGMNIQYF	ASQSIIAYTM
CVAAGDADTQYF	ASQSIIAYTM
CASSPNMFEAFF	ASQSIIAYTM
CASSLFGNEQFF	ASQSIIAYTM
CASSVSITGELFF	ASQSIIAYTM
CASSGLAGYNEQFF	ASQSIIAYTM
CASSLPGNEQFF	ASQSIIAYTM
CASSLMPKTMNTEAFF	ASQSIIAYTM
CASTVAGGGYNEQFF	ASQSIIAYTM
CASSQDNNPGYEQYF	ASQSIIAYTM
CASSSGVGTEAFF	ASQSIIAYTM
CASSLPRESGNEQFF	ASQSIIAYTM
CASSSSDTQYF	ASQSIIAYTM
CASSWGNNEQFF	ASQSIIAYTM
CASSLWDEQYF	ASQSIIAYTM
CASSLLTGTSDEAFF	ASQSIIAYTM
CASSLAASGGPYNEQFF	ASQSIIAYTM
CASSQESWLGEKLFF	ASQSIIAYTM
CASTNSDNEQFF	ASQSIIAYTM
CASSGRDNSYNEQFF	ASQSIIAYTM
CASSPTGNTGELFF	ASQSIIAYTM
CASRSEGNQPQHF	ASQSIIAYTM
CATPGQGPNQPQHF	ASQSIIAYTM
CASSQDGLAGVAQYF	ASQSIIAYTM
CASSRTGRAFF	ASQSIIAYTM
CASSSADTQYF	ASQSIIAYTM
CASSPNMVTEAFF	ASQSIIAYTM
CASSHAVTDTQYF	ASQSIIAYTM
CASMLEGWHF	ASQSIIAYTM
CASSSGVVEQFF	ASQSIIAYTM
CSAQGLDGNEQFF	ASQSIIAYTM
CASSSNMYEQYF	ASQSIIAYTM
CASSSGVGTEAFF	ASQSIIAYTM
CASSQGGGTDTQYF	ASQSIIAYTM
CASSLGSGGPQETQYF	ASQSIIAYTM
CASMGDIQYF	ASQSIIAYTM
CASSLGGPEAFF	ASQSIIAYTM
CASGTDELTSNTGELFF	ASQSIIAYTM
CASSQTGATNEKLFF	ASQSIIAYTM
CASSLYPGQEDNSPLHF	ASQSIIAYTM
CASSYGGLSEQFF	ASQSIIAYTM
CASSPMSVGSTDTQYF	ASQSIIAYTM
CASSPSSAYEQYV	ASQSIIAYTM
CASMGGIVHF	ASQSIIAYTM
CATQPLAGAHNEQFF	ASQSIIAYTM
CASTTGSGQPQHF	ASQSIIAYTM
CASSFEISSYNEQFF	ASQSIIAYTM
CASSSGLAYEQYF	ASQSIIAYTM
CASSYTGELFF	ASQSIIAYTM
CASSFHSAGANEQYF	ASQSIIAYTM
CASSQGYFQGYTEAFF	ASQSIIAYTM
CATSTGQAPSGNTIYF	ASQSIIAYTM
CASSPRGRVEFF	ASQSIIAYTM
CATRTPSTDTQYF	ASQSIIAYTM
CASSPNRDYNQPQHF	ASQSIIAYTM
CASTNGDNEQFF	ASQSIIAYTM
CASSQEQVPYNEQFF	ASQSIIAYTM
CASVGDTQYF	ASQSIIAYTM
CASSHSGTEAFF	ASQSIIAYTM
CASSPLGNTEAFF	ASQSIIAYTM
CASSQDSMGLNYGYTF	ASQSIIAYTM
CASSSGLVVEQYF	ASQSIIAYTM
CASSLLGGEAFF	ASQSIIAYTM
CASQGDIQYF	ASQSIIAYTM
CASSYSNSGETQYF	ASQSIIAYTM
CASKGEGNQPQHF	ASQSIIAYTM
CASSLGGRRQYF	ASQSIIAYTM
CASSLVAGGNEETQYF	ASQSIIAYTM
CASGSSMQTQYF	ASQSIIAYTM
CASSEETSGNEQYV	ASQSIIAYTM
CASSTSLTYEQYF	ASQSIIAYTM
CASGSAHEQFF	ASQSIIAYTM
CASSLAVTDTQYF	ASQSIIAYTM
CASSLGGPEAFF	ASQSIIAYTM
