CDR3	AA
CASSFNEQYF	FAYANRNRF
CASSQTENTEAFF	FAYANRNRF
CATSIEREGPYEQYF	FAYANRNRF
CASTEAWTDTDTQYF	FAYANRNRF
CASSAAGQDNSPLHF	FAYANRNRF
CASSLEELGGGYAEAFF	FAYANRNRF
CASSDEGLAGVYNEQFF	FAYANRNRF
CASSIFHTDTQYF	FAYANRNRF
CSPESTSGGAGDTQYF	FAYANRNRF
CASSPEVGEKNEQFF	FAYANRNRF
CASSIVGGTEAFF	FAYANRNRF
CASSLDFGGSYNEQFF	FAYANRNRF
CASSEEETGADEQYF	FAYANRNRF
CASSWETGAGETQYF	FAYANRNRF
CASSYTSGPYEQYF	FAYANRNRF
CASELSTNTGELFF	FAYANRNRF
CASSFDLGGNEQFF	FAYANRNRF
CASSFGGAGAQETQYF	FAYANRNRF
CASSLIGDEQYF	FAYANRNRF
CASSVGDGPGADIQYF	FAYANRNRF
CASSASGQDNSPLHF	FAYANRNRF
CASSYTGTYLNTEAFF	FAYANRNRF
CASSEDVTSNTEAFF	FAYANRNRF
CASSQETGGNEKLFF	FAYANRNRF
CATSDTSGTYNEQFF	FAYANRNRF
CASSLGGRAADTQYF	FAYANRNRF
CATSEETSGGYEQYF	FAYANRNRF
CASSYGGAADYGYTF	FAYANRNRF
CASSYAGTSYVDTQYF	FAYANRNRF
CSADEQYF	FAYANRNRF
CASSYSGDTEAFF	FAYANRNRF
CASSEGNRAVEKLFF	FAYANRNRF
CASSETGTGPYEQYF	FAYANRNRF
CASSFGDEQFF	FAYANRNRF
CASTTPGQQAYEQYF	FAYANRNRF
CASSASGQDNSPLHF	FAYANRNRF
CAWTDSGIADTQYF	FAYANRNRF
CASSVSDHTDTQYF	FAYANRNRF
CATSRGDRSSTDTQYF	FAYANRNRF
CASSGTGQDNSPLHF	FAYANRNRF
CASIGDRAPYEQYF	FAYANRNRF
CASSAGHLSSYNEQFF	FAYANRNRF
CASSFDLTGTSGTYEQYF	FAYANRNRF
CASRGTDGNQPQHF	FAYANRNRF
CATSRGDRAATDTQYF	FAYANRNRF
CASSESQQEFSYNEQFF	FAYANRNRF
CASSLDYFNEQFF	FAYANRNRF
CASSGRLAGYNEQFF	FAYANRNRF
CASSQALTGNYEQYF	FAYANRNRF
CSAEGTSGIFDEQFF	FAYANRNRF
CASSSPGTENQPQHF	FAYANRNRF
CASSLEGAGNTIYF	FAYANRNRF
