CDR3	AA
CASSYSSGETQYF	GYQPYRVVVL
CASSFQAGGSYNEQFF	GYQPYRVVVL
CASSILGQGRDTQYF	GYQPYRVVVL
CASSPQGLAGSYNEQFF	GYQPYRVVVL
CASSSQQGARYEQYF	GYQPYRVVVL
CASSPSSSGSFHEQYF	GYQPYRVVVL
CASRVAVMGETQYF	GYQPYRVVVL
CASSLQGLNTGELFF	GYQPYRVVVL
CASSQENEAEQYF	GYQPYRVVVL
CASSILGQSTDTQYF	GYQPYRVVVL
CASSSDGYEQYF	GYQPYRVVVL
CASSGRDRGTGELFF	GYQPYRVVVL
CASSGGQTEAFF	GYQPYRVVVL
CASSQEEWSEAFF	GYQPYRVVVL
CASSWGGEQYF	GYQPYRVVVL
CSGSNTEAFF	GYQPYRVVVL
CASSYSGWGANTEAFF	GYQPYRVVVL
CASSLALFGDTQYF	GYQPYRVVVL
CASSLLLAGLNEQFF	GYQPYRVVVL
CASSLISYEQYF	GYQPYRVVVL
CASSPGSYEQYF	GYQPYRVVVL
CASSFSGGAPDTQYF	GYQPYRVVVL
CASSSGVEQFF	GYQPYRVVVL
CASNAVAEQFF	GYQPYRVVVL
CASSVTEGWETQYF	GYQPYRVVVL
CASSVGRTGVDDQPQHF	GYQPYRVVVL
CSVEGVQGWTEAFF	GYQPYRVVVL
CASSSPGTENGHGELFF	GYQPYRVVVL
CASSVGTEHTEAFF	GYQPYRVVVL
CASSFTTGTGGFANTGELFF	GYQPYRVVVL
CASREQYRGTNEKLFF	GYQPYRVVVL
CASSSGGNGELFF	GYQPYRVVVL
CASSIVAGSSEQFF	GYQPYRVVVL
CASSLAADTEAFF	GYQPYRVVVL
CSASILPSTDTQYF	GYQPYRVVVL
CASSLMGGSLADTQYF	GYQPYRVVVL
CASSILGGLGVETQYF	GYQPYRVVVL
CASSYAPGQSNTEAFF	GYQPYRVVVL
CASSLGQTDTSSNEQFF	GYQPYRVVVL
CASSGTVKPNTEAFF	GYQPYRVVVL
CASSNAAYEQYF	GYQPYRVVVL
CATSPGMNTEAFF	GYQPYRVVVL
CASSLIEETEAFF	GYQPYRVVVL
CASSELAGPQETQYF	GYQPYRVVVL
CASSQETQYF	GYQPYRVVVL
CATSRDFTDTQYF	GYQPYRVVVL
CASSMMDVMAGTQFF	GYQPYRVVVL
CASSLGEGETTEAFF	GYQPYRVVVL
CASSSLTGDNEQFF	GYQPYRVVVL
CATGPGGGYEQFF	GYQPYRVVVL
CASSIDPAEAFF	GYQPYRVVVL
CASSPGQGGDTQYF	GYQPYRVVVL
CASSFVGQDQETQYF	GYQPYRVVVL
CASSEADRTGKYEQYF	GYQPYRVVVL
CASSLGDLNYEQYF	GYQPYRVVVL
CASSPVNSPLHF	GYQPYRVVVL
CASSYPPGFLIPNTEAFF	GYQPYRVVVL
CASIMGQSSSYNSPLHF	GYQPYRVVVL
CASSLPHREKQYF	GYQPYRVVVL
CASNRETQYF	GYQPYRVVVL
CASSQVSGGYTDTQYF	GYQPYRVVVL
CATSPPWSGREETQYF	GYQPYRVVVL
CASSWMPGQGPGEQYF	GYQPYRVVVL
CASSLTTDTQYF	GYQPYRVVVL
CASSKSLGQGYNEQFF	GYQPYRVVVL
CASSSGQGPQQYF	GYQPYRVVVL
CASSVLAGNYNEQFF	GYQPYRVVVL
CASSLEGSGSGETQYF	GYQPYRVVVL
CASSPLTGGATLQETQYF	GYQPYRVVVL
CASSATGFSGANVLTF	GYQPYRVVVL
CASAGISTDTQYF	GYQPYRVVVL
CASTSRQGMNTEAFF	GYQPYRVVVL
CASSPSYVGGEQYF	GYQPYRVVVL
CASTPDGYEQYF	GYQPYRVVVL
CASSPLTSGGNEQFF	GYQPYRVVVL
CASSQGPGGDTEAFF	GYQPYRVVVL
CASSQAGTNTEAFF	GYQPYRVVVL
CASSLGYEQYF	GYQPYRVVVL
CASSWGDSYEQYF	GYQPYRVVVL
CASSQEYSHKVDEQYF	GYQPYRVVVL
CASRVGVMNTEAFF	GYQPYRVVVL
CASSYGGNLGYNEQFF	GYQPYRVVVL
CASSQVGNSYEQYV	GYQPYRVVVL
CASSLQGGMGIEQYF	GYQPYRVVVL
CASSSDSSYEQYF	GYQPYRVVVL
CATSDFTGSYNEQFF	GYQPYRVVVL
CASSPGTDRAQKSSPLHF	GYQPYRVVVL
CASRLIPTGGADTEAFF	GYQPYRVVVL
