CDR3	AA
CASSFLGNEQFF	LEYHDVRVV
CASSVDGGGTSNEQFF	LEYHDVRVV
CASSEIRDRGYEQYF	LEYHDVRVV
CASSKGQGQNIQYF	LEYHDVRVV
CASSYWKTQYF	LEYHDVRVV
CASSLARTYNEKLFF	LEYHDVRVV
CASRQLGYGYTF	LEYHDVRVV
CASRNTTAIYGYTF	LEYHDVRVV
CASGGTGAGEQYF	LEYHDVRVV
CATSDLYAGGWETQYF	LEYHDVRVV
CSANRGHEQYF	LEYHDVRVV
CASSEAFGGPNTGELFF	LEYHDVRVV
CSARARSQPQHF	LEYHDVRVV
CASSLTGTQNTEAFF	LEYHDVRVV
CASSQDEGWGTSSYNEQFF	LEYHDVRVV
CASSFNWGAGETQYF	LEYHDVRVV
CATSDTGQGVLTGELFF	LEYHDVRVV
CASSPPFPGNYEQYF	LEYHDVRVV
CATSRVETSHQPQHF	LEYHDVRVV
CASSLAGVRPGAGGELFF	LEYHDVRVV
CASSGPGDTEAFF	LEYHDVRVV
CSVEDPGTDPVYGYTF	LEYHDVRVV
CSAREWSGGFYEQYF	LEYHDVRVV
SGTLRGEQYF	LEYHDVRVV
CASSLAGGLETQYF	LEYHDVRVV
CASSLIAGGADEMDYGYTF	LEYHDVRVV
CASSVEGGARETQYF	LEYHDVRVV
CASSPPDRVNSPLHF	LEYHDVRVV
CSVNPYTDTQYF	LEYHDVRVV
CASRTGYGQPQHF	LEYHDVRVV
CSVASTGSSTDTQYF	LEYHDVRVV
CASTDSTNPTGELFF	LEYHDVRVV
CSVAYTGTGGEKLFF	LEYHDVRVV
CASPSANYGYTF	LEYHDVRVV
CSVAPSGGRTDTQYF	LEYHDVRVV
CASSYIGTGELFF	LEYHDVRVV
CASTQVSWETQYF	LEYHDVRVV
CASSQGPGGELFF	LEYHDVRVV
CSVRETGNSNQPQHF	LEYHDVRVV
CASSEALGTSGITDTQYF	LEYHDVRVV
CASSPGQLPRLNEKLFF	LEYHDVRVV
CASRQGRQMNTEAFF	LEYHDVRVV
CSVGLAGGNTGELFF	LEYHDVRVV
CASSPIGETQYF	LEYHDVRVV
CSVSPTDPPYEQYF	LEYHDVRVV
CSVKASGMSTDTQYF	LEYHDVRVV
CATATGKYEQYF	LEYHDVRVV
CASSLTLGTTMGGELFF	LEYHDVRVV
CSVSVAGGSYNEQFF	LEYHDVRVV
CASSLTGTGWPSGNTIYF	LEYHDVRVV
CSAGLADSVGNEQFF	LEYHDVRVV
CASSPGQAHNQPQHF	LEYHDVRVV
CASSPLTGPADTQYF	LEYHDVRVV
CASSLGPGTEADTQYF	LEYHDVRVV
CASSVVPGESDTQYF	LEYHDVRVV
CSVDLEVMTDTQYF	LEYHDVRVV
CASSESTSTDTQYF	LEYHDVRVV
CASSKLNTEAFF	LEYHDVRVV
CASSRMGFGYEQYF	LEYHDVRVV
CSVALSGGGSETQYF	LEYHDVRVV
CSVVRDVGPEQYF	LEYHDVRVV
CASSVSGANVLTF	LEYHDVRVV
CASSVGLYSYEQYF	LEYHDVRVV
CASSLVFPPGETQYF	LEYHDVRVV
CASSQGRLATNEKLFF	LEYHDVRVV
RASSLMGSSGISYEQYF	LEYHDVRVV
CSVDQGIFEAFF	LEYHDVRVV
CASSQDSGGAGTDTQYF	LEYHDVRVV
CSARDRETIYNSPLHF	LEYHDVRVV
CASSQDQALAGALHTLVDTQYF	LEYHDVRVV
CASSQDRPPRRELGDTQYF	LEYHDVRVV
CSVEEAGMGYEQYF	LEYHDVRVV
CASSQPFPPYEQYF	LEYHDVRVV
CASSQEFGEIYEQYF	LEYHDVRVV
CASSYIGTASYEQYF	LEYHDVRVV
CSAREPGNSYEQYF	LEYHDVRVV
CSVALAGGPNEQFF	LEYHDVRVV
CATQWVGTYEQYF	LEYHDVRVV
CATSDFRALAGGRNEQFF	LEYHDVRVV
CSARRGEVSYEQYF	LEYHDVRVV
CSVEEGWDREANYGYTF	LEYHDVRVV
CASSSLASAWGYNEQFF	LEYHDVRVV
CASSQDGWQASSYEQYF	LEYHDVRVV
CSVGVTGSDTQYF	LEYHDVRVV
CASSQAILAGGPNEQFF	LEYHDVRVV
CSVALSGSVTEAFF	LEYHDVRVV
CASSYVDSGNTIYF	LEYHDVRVV
CASSPNVNTEAFF	LEYHDVRVV
CASSTGTSTDTQYF	LEYHDVRVV
CSVTRGPYEQYF	LEYHDVRVV
CASSLYGTGGLAEAFF	LEYHDVRVV
CASSEEDSYSYEQYF	LEYHDVRVV
CSVGLGPYEQYF	LEYHDVRVV
CASVPDRGGGEQYF	LEYHDVRVV
CASSLDTPNQPQHF	LEYHDVRVV
CASGTDFNTGELFF	LEYHDVRVV
CASSLSGNNEQFF	LEYHDVRVV
CSVAVAGSGANVLTF	LEYHDVRVV
CASSVPGTGGEIDYNEQFF	LEYHDVRVV
CSVGLAGGPYEQYF	LEYHDVRVV
CSVIETEVYEQYF	LEYHDVRVV
CASSLALYQEQYF	LEYHDVRVV
CASSVTDYDTGELFF	LEYHDVRVV
CASSMAGNYEQYF	LEYHDVRVV
CASSESAGSSTDTQYF	LEYHDVRVV
CSVAPSGTFGDIQYF	LEYHDVRVV
CASSLDASLGHEQYF	LEYHDVRVV
CSVEYRGGRNEQYF	LEYHDVRVV
CASSTPGQGKETQYF	LEYHDVRVV
CASSQDKDRGNTEAFF	LEYHDVRVV
CSVREGGVGDTEAFF	LEYHDVRVV
CSARGMSVGDRTGELFF	LEYHDVRVV
CASSATSGRALETQYF	LEYHDVRVV
CSARGEGNYGYTF	LEYHDVRVV
CSARERGGTSYEQYF	LEYHDVRVV
CASSIPGQGGPGELFF	LEYHDVRVV
CSVRQTGTRTDTQYF	LEYHDVRVV
CSVGLAGGPDTQYF	LEYHDVRVV
CSVGLAGGPNEQFF	LEYHDVRVV
CASSPGGYNEQFF	LEYHDVRVV
CASSFVAAYTDTQYF	LEYHDVRVV
CSAPGERDYNTQYF	LEYHDVRVV
CSVALAGSSYNEQFF	LEYHDVRVV
CASSLSRLAGAPDNEQFF	LEYHDVRVV
CASSYSSGAYNQPQHF	LEYHDVRVV
CASSQDTSEHTEAFF	LEYHDVRVV
CASSFDGTGGTDTQYF	LEYHDVRVV
CASSLAGSGPYTEQFF	LEYHDVRVV
CASSLLGTSGSKEGEQFF	LEYHDVRVV
CASSQDRGGQPQHF	LEYHDVRVV
CASRTGSDYTF	LEYHDVRVV
CSVRESESSYEQYF	LEYHDVRVV
CATSSSAAEADTQYF	LEYHDVRVV
CASSRTDSYNEQFF	LEYHDVRVV
CASSPPGNTEAFF	LEYHDVRVV
CASSFSAGLSYNEQFF	LEYHDVRVV
CASSLLRGSGYGYTF	LEYHDVRVV
CASRPQDQYGYTF	LEYHDVRVV
CASSPPGGGVTDTQYF	LEYHDVRVV
CSVSETSTDTQYF	LEYHDVRVV
CSVEEAEYNEQFF	LEYHDVRVV
CSVKGTGGLTDTQYF	LEYHDVRVV
CASSHRALYEQYF	LEYHDVRVV
CASMEAMNRDRNEQYF	LEYHDVRVV
CSARPDRGYEQYF	LEYHDVRVV
CSARWGEQNYEQYF	LEYHDVRVV
CATSDSGLGPLDTQYF	LEYHDVRVV
CSVALAGGPSNEQFF	LEYHDVRVV
CASSFSGPNQETQYF	LEYHDVRVV
CASSHRDTSSYNEQFF	LEYHDVRVV
CAISELVIRDHNEQFF	LEYHDVRVV
CSVATTGGAYNEQFF	LEYHDVRVV
CASSVDSYTEAFF	LEYHDVRVV
CASSLVKGAIEQYF	LEYHDVRVV
CSVALAGGPHEQFF	LEYHDVRVV
CASSEDFQGTGELFF	LEYHDVRVV
CSVEYAGGSYNEQFF	LEYHDVRVV
CSVEAPGLLHSYEQYF	LEYHDVRVV
CASSYEREEAFF	LEYHDVRVV
CASSLGPTDTQYF	LEYHDVRVV
CASSLWGGLEAFF	LEYHDVRVV
CSVQLAGGLREQYF	LEYHDVRVV
CSVEAAGGAYNEQFF	LEYHDVRVV
CSVALTGGSYNEQFF	LEYHDVRVV
CASSPPGSNEQYF	LEYHDVRVV
CASSEKGWVGYGYTF	LEYHDVRVV
CASSPGQRLDNEQFF	LEYHDVRVV
CASSLTGSYAKNIQYF	LEYHDVRVV
CASALPGQGFWVEVQYF	LEYHDVRVV
CATSDLVEAGTDTQYF	LEYHDVRVV
CSVAESGGSYNEQFF	LEYHDVRVV
CASTTSGRLDNEQFF	LEYHDVRVV
CASSLLGGDGYTF	LEYHDVRVV
CASSIGRPAGAGANVLTF	LEYHDVRVV
CSVETPGVAGGYNEQFF	LEYHDVRVV
CSVALAGGADTQYF	LEYHDVRVV
CASSVASGGSYTGELFF	LEYHDVRVV
CASLPPGTSGRGTQYF	LEYHDVRVV
CASSFGLAGSYNEQFF	LEYHDVRVV
CASSQGDLAYRNTEAFF	LEYHDVRVV
CASSLGTGDVSGANVLTF	LEYHDVRVV
CSASEGYEQYF	LEYHDVRVV
CASSQDWSGTAYNEQFF	LEYHDVRVV
CSVARTGVFTDTQYF	LEYHDVRVV
CASSPLTSDVDYGYTF	LEYHDVRVV
CASSLTGVAGPLNEQFF	LEYHDVRVV
CASSRGGYEQYF	LEYHDVRVV
CAWSPTVPFTYNEQFF	LEYHDVRVV
CASSPPAEYEQYF	LEYHDVRVV
CSARAEGTYEQYF	LEYHDVRVV
CASSEERGRERFNEQFF	LEYHDVRVV
CSVAPTGQGSSYEQYF	LEYHDVRVV
CSARERGRELDNEQFF	LEYHDVRVV
CASSTGVKREDSYNEQFF	LEYHDVRVV
CASSGTGGYEQYF	LEYHDVRVV
CASSPLGNEQFF	LEYHDVRVV
CSVALAGGAYNEQFF	LEYHDVRVV
CASSPGLAGTDTQYF	LEYHDVRVV
CSAREQVVYEQYF	LEYHDVRVV
CASSLGLAYEQYF	LEYHDVRVV
CSVQGGGSGYNEQFF	LEYHDVRVV
CASSLIKGGSDTEAFF	LEYHDVRVV
CSVEEPGPRSSYEQYF	LEYHDVRVV
CSVSLAGGPYEQYF	LEYHDVRVV
CAISESKTSGSYTGELFF	LEYHDVRVV
CASSLRDEVYNEQFF	LEYHDVRVV
CSVKERTDTQYF	LEYHDVRVV
CASSEFGLGAEAFF	LEYHDVRVV
CSVALGGGSSNEQFF	LEYHDVRVV
CAISRPGQGSSYNEQFF	LEYHDVRVV
CASSFSQGYGYEQYF	LEYHDVRVV
CSAALSGSPLEQFF	LEYHDVRVV
CSARDNNIGTANTGELFF	LEYHDVRVV
CASSLAPQEGEKLFF	LEYHDVRVV
CSVGLAGGPNEQFF	LEYHDVRVV
CSVALAGGLNEQFF	LEYHDVRVV
CASSQDYRGWSYNEQFF	LEYHDVRVV
CATSDSPKQRTMPQETQYF	LEYHDVRVV
CASSPDGSYNEQFF	LEYHDVRVV
CASSAPLREAYNEQFF	LEYHDVRVV
CASSTRPLGNEKLFF	LEYHDVRVV
CSVMLAGGSDTQYF	LEYHDVRVV
CASGGLAHNTGELFF	LEYHDVRVV
CASSEEEGGPRETQYF	LEYHDVRVV
CASSSHLDLQQDLNQPQHF	LEYHDVRVV
CASSEGSSTNEKLFF	LEYHDVRVV
CASSNRDTTKETQYF	LEYHDVRVV
CSVALAGGTYNEQFF	LEYHDVRVV
CASSQEGTQLYEQYF	LEYHDVRVV
CASSEGGRGDTQYF	LEYHDVRVV
CASSFPGQGRKQETQYF	LEYHDVRVV
CSANRGPYEQYF	LEYHDVRVV
CASSPLVAQSYEQYF	LEYHDVRVV
CSAAYRTRDVNYGYTF	LEYHDVRVV
CASSPASKAGANVLTF	LEYHDVRVV
CASSYGAYNEQFF	LEYHDVRVV
CASSGPGQGAIEAFF	LEYHDVRVV
CSARDGGDFLYEQYF	LEYHDVRVV
CASSQLGDEQFF	LEYHDVRVV
CSVGLAGGQSSYEQYF	LEYHDVRVV
CATSEDRSSYNEQFF	LEYHDVRVV
CASSQAGFQETQYF	LEYHDVRVV
CSFALTGGINEKLFF	LEYHDVRVV
CASSLSGNTEAFF	LEYHDVRVV
CASSLVTSYEQYF	LEYHDVRVV
CSVGFSGENTGELFF	LEYHDVRVV
CASSYSPSGSVGAYNEQFF	LEYHDVRVV
CSARDTSEVGYTF	LEYHDVRVV
CASSPLTSSGDLSSYNEQFF	LEYHDVRVV
CASSSRGLEGYEQYF	LEYHDVRVV
CSVGLAGSTDTQYF	LEYHDVRVV
CASSQSPGQYNSPLHF	LEYHDVRVV
CASNEAAASGLQETQYF	LEYHDVRVV
CSVETGSGSPNEQFF	LEYHDVRVV
CASSVEGGSSSYEQYF	LEYHDVRVV
CASSLGRGGNEQFF	LEYHDVRVV
CASGRVTGELFF	LEYHDVRVV
CSVAPAGGFQETQYF	LEYHDVRVV
CASSPSEREVIAGANVLTF	LEYHDVRVV
CSVALAGNRVHEQYF	LEYHDVRVV
CASLGPTYNSPLHF	LEYHDVRVV
CSARDRERYEQYF	LEYHDVRVV
CSVGLAGGPSNEQFF	LEYHDVRVV
CSLALADPDTQYF	LEYHDVRVV
CSGRATGTMNTEAFF	LEYHDVRVV
CASSQDPGTGEGYTF	LEYHDVRVV
CASRELTSTDTQYF	LEYHDVRVV
CASSLAIAGESETQYF	LEYHDVRVV
CASQGLVDTGELFF	LEYHDVRVV
CASSQGNDPPRDEQFF	LEYHDVRVV
CASGTGLYYNEQFF	LEYHDVRVV
CASSEYEAYSGNTIYF	LEYHDVRVV
CASSQVAGLAAPSSYNEQFF	LEYHDVRVV
CASSGDSPFSYNEQFF	LEYHDVRVV
CASSLPDRGSTYEQYF	LEYHDVRVV
CASSPYMGDTDYEQYF	LEYHDVRVV
CASSVGEGYAYNEQFF	LEYHDVRVV
CASSYGRGGNEQFF	LEYHDVRVV
CASNRAFDGKWGTDTQYF	LEYHDVRVV
CSVEASGMIQETQYF	LEYHDVRVV
CSARGYQSSYEQYF	LEYHDVRVV
CSVTKTGGTYTEAFF	LEYHDVRVV
CARTIDSASTDTQYF	LEYHDVRVV
CASSVHEPGTGELFF	LEYHDVRVV
CASSALGTGEQYF	LEYHDVRVV
CSVGLAGGPYEQYF	LEYHDVRVV
CASSFIGETQYF	LEYHDVRVV
CASSDGRTRDGIYGYTF	LEYHDVRVV
CASHRPDISYPNEQFF	LEYHDVRVV
CSVGLAGNKGDEQFF	LEYHDVRVV
CSVGLSGGGYNEQFF	LEYHDVRVV
CASSTQPDTQYF	LEYHDVRVV
CASSQVFFGGAPDTQYF	LEYHDVRVV
CASRDYNRGHSYEQYF	LEYHDVRVV
CSVQLAGGPHEQYF	LEYHDVRVV
RASNQESGGTYEQYF	LEYHDVRVV
CASSLTERSYNEQFF	LEYHDVRVV
CASSGLARDYNEQFF	LEYHDVRVV
CASIDDRGLETQYF	LEYHDVRVV
CASIGGVNTEAFF	LEYHDVRVV
CASSFGTSGIYEQYF	LEYHDVRVV
CSAMKPREVMETQYF	LEYHDVRVV
CSVTVAGGYQETQYF	LEYHDVRVV
CSARDSGEFAYEQYF	LEYHDVRVV
CASSSRLDSQYF	LEYHDVRVV
CSARDRGTGELFF	LEYHDVRVV
CASSPLGRGGELFF	LEYHDVRVV
CSVAPTGQYTDTQYF	LEYHDVRVV
CAISEAGQVHEQYF	LEYHDVRVV
CASSIVTGGAYYGYTF	LEYHDVRVV
CASSSDRSSYEQYF	LEYHDVRVV
CASSQGVTSGIGTGELFF	LEYHDVRVV
CASSQNKEGNTEAFF	LEYHDVRVV
CASRPVKAQGETQYF	LEYHDVRVV
CSARWDRNYEQYF	LEYHDVRVV
CASSVINEQFF	LEYHDVRVV
CSVAASGSFTDTQYF	LEYHDVRVV
CASSPEGLAAYQETQYF	LEYHDVRVV
CSLSLAGGPNEQFF	LEYHDVRVV
CASSSTTQSSYEQYF	LEYHDVRVV
CATSDLPGPADTQYF	LEYHDVRVV
CASSQDVAGNEQFF	LEYHDVRVV
CASSPLTQGGAYEQYF	LEYHDVRVV
CASSPSGSNEQFF	LEYHDVRVV
CASRDRGQYEQYF	LEYHDVRVV
CAISDAASGHLNEQFF	LEYHDVRVV
CASSLERPPRETQYF	LEYHDVRVV
CASMGHNYNEQFF	LEYHDVRVV
CASTLGQGDTGELFF	LEYHDVRVV
CSARDGASYEQYF	LEYHDVRVV
CASSLQAGTADTGELFF	LEYHDVRVV
CSVAPTGQGSSYEQYF	LEYHDVRVV
CAREQPSPNYGYTF	LEYHDVRVV
CASSDGQGLGYGYTF	LEYHDVRVV
CSVALAGGGYEQYF	LEYHDVRVV
CSVAYSGVSTDTQYF	LEYHDVRVV
CSVSLAGGPFDTQYF	LEYHDVRVV
CSARARNQPQHF	LEYHDVRVV
CASSYWTSGRSYEQYF	LEYHDVRVV
CAWSVPRGDNEQFF	LEYHDVRVV
CASEGTKTQYF	LEYHDVRVV
CSVVKTGTSTDTQYF	LEYHDVRVV
CASSQDRSGGRDTQYF	LEYHDVRVV
CASSDTHQTRLYNEQFF	LEYHDVRVV
CASPTGQTTQETQYF	LEYHDVRVV
CSVGLAGGYTGELFF	LEYHDVRVV
CASSESIGVAGGNEQFF	LEYHDVRVV
CASSPTTGPVTDTQYF	LEYHDVRVV
CSVEAGGNQPQHF	LEYHDVRVV
CSAREIAEYTQYF	LEYHDVRVV
CSVELAGGPGNEQFF	LEYHDVRVV
CAISDSNSEQFF	LEYHDVRVV
CASSPDRISTDTQYF	LEYHDVRVV
CASSYFEGGTGELFF	LEYHDVRVV
CASSQGPKSGGGEQFF	LEYHDVRVV
CSVALAGGPYEQYF	LEYHDVRVV
CASSPGQGYNEQFF	LEYHDVRVV
CASSLAGKGGVSDTQYF	LEYHDVRVV
CAITGGGYDEQFF	LEYHDVRVV
CASSQDGTLYTEAFF	LEYHDVRVV
CSARDGQTYEQYF	LEYHDVRVV
CSARDPGPVNTQYF	LEYHDVRVV
CASSQTPGPLYEQYF	LEYHDVRVV
CASSLGSGTQYF	LEYHDVRVV
CASSFMSAVPEETQYF	LEYHDVRVV
CASAGTSGTTDTQYF	LEYHDVRVV
CARSLAPPAGVETQYF	LEYHDVRVV
CSVEVPGLAGARNEQFF	LEYHDVRVV
CSVVDTGGRADTQYF	LEYHDVRVV
CASSPDSHNEQFF	LEYHDVRVV
CATSRVDNEQFF	LEYHDVRVV
CASSQDLEDREKTQYF	LEYHDVRVV
CATSEGTRLTDTQYF	LEYHDVRVV
CSANPAGQASYEQYF	LEYHDVRVV
CASSPPARPQHF	LEYHDVRVV
CSAPWDTQYF	LEYHDVRVV
CASSPGFDNEQFF	LEYHDVRVV
CASRSRADYGYTF	LEYHDVRVV
CSVEAGAGYNEQFF	LEYHDVRVV
CASSGGAAGELFF	LEYHDVRVV
CASSLFGTPNYGYTF	LEYHDVRVV
CAVLPGEQFF	LEYHDVRVV
CASSYSSYNEQFF	LEYHDVRVV
CSARVTNTEAFF	LEYHDVRVV
CSARDLTYEQYF	LEYHDVRVV
CKAGSSARTDTQYF	LEYHDVRVV
CSAALSGSPLEQFF	LEYHDVRVV
CASSQDGAGGPGNEQFF	LEYHDVRVV
CAPRRGAGVSEAFF	LEYHDVRVV
CASSYSKVGSNTEAFF	LEYHDVRVV
CSAEGLAGEDYNEQFF	LEYHDVRVV
CASRSIGASFEQFF	LEYHDVRVV
CSAARAGGSYNEQFF	LEYHDVRVV
CSARGPFVAYSTDTQYF	LEYHDVRVV
CSAKASGGITDTQYF	LEYHDVRVV
CASRSESSGNLYNEQFF	LEYHDVRVV
CSVGLTGSGNTIYF	LEYHDVRVV
CASKGPRQEQYF	LEYHDVRVV
CSVGDSGSTYEQYF	LEYHDVRVV
CASSAGGYNEQFF	LEYHDVRVV
CATSDSAGYYGYTF	LEYHDVRVV
CSVGLAGGPYNEQFF	LEYHDVRVV
CSVALTGGQETQYF	LEYHDVRVV
CASSTENFRGQNTGELFF	LEYHDVRVV
CSVAYTGGQETQYF	LEYHDVRVV
CSVGASGRAGETQYF	LEYHDVRVV
CASSSTVAQYF	LEYHDVRVV
CSVAITGITNEKLFF	LEYHDVRVV
CSARPTGAPYEQYF	LEYHDVRVV
CASSPPSSEELFF	LEYHDVRVV
CASSDAHYGDSSTDTQYF	LEYHDVRVV
CSVGLAGGADTQYF	LEYHDVRVV
CASSLNSTQYF	LEYHDVRVV
CASSFSTGRARWEQFF	LEYHDVRVV
CASRGGNTGELFF	LEYHDVRVV
CASVAGVYNEQFF	LEYHDVRVV
CSVALAGGPNEQFF	LEYHDVRVV
CSARDFRLADEQYF	LEYHDVRVV
CASSPQGQHTEAFF	LEYHDVRVV
CSVALAGGPYEQYF	LEYHDVRVV
CASSFTGTAAYEQYF	LEYHDVRVV
CASSQDGLAGESYNEQFF	LEYHDVRVV
CASSYLGGYSDTQYF	LEYHDVRVV
CASSQDGRGQSTGELFF	LEYHDVRVV
CASSLLRADTQYF	LEYHDVRVV
CATSRVGSRTEAFF	LEYHDVRVV
CSVGDSGNSPLHF	LEYHDVRVV
CASSEYATSRNYEQYF	LEYHDVRVV
CASSYSSRANEKLFF	LEYHDVRVV
CASTWTAYNEQFF	LEYHDVRVV
CATSRDGYTEAFF	LEYHDVRVV
CASSRDRWGGEQFF	LEYHDVRVV
CASGASGGDNEQFF	LEYHDVRVV
CASGLYSWGTGLDEQYF	LEYHDVRVV
CSVRQARTSYNEQFF	LEYHDVRVV
CSVALAGGGNEQFF	LEYHDVRVV
CASSLSKGEDTGELFF	LEYHDVRVV
CASLGTGVHNEQFF	LEYHDVRVV
CASSNNNGQDYEQYF	LEYHDVRVV
CASSHTRLAGGLETQYF	LEYHDVRVV
CASRHRESEVVFTDTQYF	LEYHDVRVV
CASSPGTSTDTQYF	LEYHDVRVV
CASSYLEAPGGEQFF	LEYHDVRVV
CSASLSGGAGETQYF	LEYHDVRVV
CASAVSGTSTDTQYF	LEYHDVRVV
CSVGGMGTEAFF	LEYHDVRVV
CASSLIAGASSNEQFF	LEYHDVRVV
CSVAYAGGANEQFF	LEYHDVRVV
CASSQEVTGQGVVAPLHF	LEYHDVRVV
CASSLWDYQETQYF	LEYHDVRVV
CSVGLAGGPSNEQFF	LEYHDVRVV
CASSPTSGARREQYF	LEYHDVRVV
CSVAPSGNPSDTQYF	LEYHDVRVV
CASSTGLAGGGETQYF	LEYHDVRVV
CASSPETPYNEQFF	LEYHDVRVV
CASSPSTGRDGYTF	LEYHDVRVV
CSVRDRSPNYGYTF	LEYHDVRVV
CASSFGGDTEAFF	LEYHDVRVV
CASSDSKGSGNTIYF	LEYHDVRVV
CASSSPRAGTVLDNEQFF	LEYHDVRVV
CASSLAGGISNQPQHF	LEYHDVRVV
CASSPWGSGSTDTQYF	LEYHDVRVV
CASSLIGGADTQYF	LEYHDVRVV
CSVRLAGGPYNEQFF	LEYHDVRVV
CASSLDRGAYNEQFF	LEYHDVRVV
CASSIGTSGEEETQYF	LEYHDVRVV
CASSIDSTSTDTQYF	LEYHDVRVV
CASSQDHGQGATFFSGANVLTF	LEYHDVRVV
CASSEFLNTEAFF	LEYHDVRVV
CASSPPLAYEQFF	LEYHDVRVV
CASSIDIAGYNEQFF	LEYHDVRVV
CSGARTGQGTDTQYF	LEYHDVRVV
CSVSPVGQALSGANVLTF	LEYHDVRVV
CSARPIRLAAGDTQYF	LEYHDVRVV
CASSPGTSVGDTQYF	LEYHDVRVV
CSAREGLAGYEQYF	LEYHDVRVV
CASSQDEGGLSYNEQFF	LEYHDVRVV
CASTNRDYSNQPQHF	LEYHDVRVV
CASSGTPTTEAFF	LEYHDVRVV
CASSLTVNTDTQYF	LEYHDVRVV
CASSLAGGTETQYF	LEYHDVRVV
CASRNSGSSGDEQFF	LEYHDVRVV
CASSGRDSSYEQYF	LEYHDVRVV
CSVEAPGHLLTYEQYF	LEYHDVRVV
CSVGETGGSHDEQYF	LEYHDVRVV
CASSYSIELALYNEQFF	LEYHDVRVV
CASSQGFRDIMNTEAFF	LEYHDVRVV
CSVDAGVPYSYNEQFF	LEYHDVRVV
CASSLGSRAYNEQFF	LEYHDVRVV
CSTSTTGTGSSYEQYF	LEYHDVRVV
CASSLVGDGLTDTQYF	LEYHDVRVV
CSVGTAYEQYF	LEYHDVRVV
CSVDQAGGYIDTQYF	LEYHDVRVV
CASSFPEESSYNSPLHF	LEYHDVRVV
CASSYGLAGALTDTQYF	LEYHDVRVV
CASSATGTGYADIQYF	LEYHDVRVV
CSVAETGNRNQPQHF	LEYHDVRVV
CASSPREYEETQYF	LEYHDVRVV
CASGRGDNYGYTF	LEYHDVRVV
CASSTSRTANTGELFF	LEYHDVRVV
CASSDSDLAGGPQETQYF	LEYHDVRVV
CASSLLGDPDTQYF	LEYHDVRVV
CATSRIDTANQPQHF	LEYHDVRVV
CASGSTGTSNYEQYF	LEYHDVRVV
CSVALAGGYNEQFF	LEYHDVRVV
CASSQDWPSYNEQFF	LEYHDVRVV
CASSKIKDRGDEQFF	LEYHDVRVV
CASNGRGVSGRTEETQYF	LEYHDVRVV
CSARNRNQPQHF	LEYHDVRVV
CASSDTKARGQETQYF	LEYHDVRVV
CASSQDRTWGNSPLHF	LEYHDVRVV
CASSKAGKEGLAGDLMADTQYF	LEYHDVRVV
CASSPIRGAQPQHF	LEYHDVRVV
CSARPRASPLHF	LEYHDVRVV
CASSPALGQAQETQYF	LEYHDVRVV
CASSYDYSYEQYF	LEYHDVRVV
CASSPSLTGSVNTEAFF	LEYHDVRVV
CSVSETGQTNEKLFF	LEYHDVRVV
CASSEPKETQYF	LEYHDVRVV
CASSYPDTQYF	LEYHDVRVV
CASSPLAASSYEQYF	LEYHDVRVV
CASSEAGRWSETQYF	LEYHDVRVV
CASSQPRAGELDTQYF	LEYHDVRVV
CSARDPSRGYEQYF	LEYHDVRVV
CASSPRGSSYNEQFF	LEYHDVRVV
CSARDSTTEYEQYF	LEYHDVRVV
CASSYLKGYEQYF	LEYHDVRVV
CSVKWTGTMNTEAFF	LEYHDVRVV
CASSFPDQETQYF	LEYHDVRVV
CAISESGLAGPNEQFF	LEYHDVRVV
CASSQDGGTLSYNEQFF	LEYHDVRVV
CASSQDSSAYEQYF	LEYHDVRVV
CSATLPSGRLEEGYF	LEYHDVRVV
CASREGTYYNEQFF	LEYHDVRVV
CASSSGQGGKNTGELFF	LEYHDVRVV
CASSFIKVGSQNIQYF	LEYHDVRVV
CASSHSQRAGVYEKLFF	LEYHDVRVV
CSGWTSSYTQYF	LEYHDVRVV
CATSIITTVNQPQHF	LEYHDVRVV
CSAGLAGGPRETQYF	LEYHDVRVV
CASSLPGGTEAFF	LEYHDVRVV
CASSRHPPRLGDYEQYF	LEYHDVRVV
CASSSGPGADTF	LEYHDVRVV
CSANRQGALPREAFF	LEYHDVRVV
CASSLSAGAYEQYF	LEYHDVRVV
CAVSSHSNQPQHF	LEYHDVRVV
CASPLGQGAITDTQYF	LEYHDVRVV
CSVGLAGGLGDEQFF	LEYHDVRVV
CSARDTGEPYEQYF	LEYHDVRVV
CSVKLTGVSTDTQYF	LEYHDVRVV
CASSVDARRSSYNEQFF	LEYHDVRVV
CASSQSNAREQFF	LEYHDVRVV
CSGLQSSYNEQFF	LEYHDVRVV
CASSEIGAEGVEAFF	LEYHDVRVV
CASSPSDRGLDEQYF	LEYHDVRVV
CASSLGGQGGNEQFF	LEYHDVRVV
CASSFYGGEGEQYF	LEYHDVRVV
CSVLSGSYNEQFF	LEYHDVRVV
CASSLDRGRMYEQYF	LEYHDVRVV
CASSLVMNLGPNSPLHF	LEYHDVRVV
CSARNRNQPQHF	LEYHDVRVV
CSAQLAGTSTDTQYF	LEYHDVRVV
CASSLSGTRGRNEQFF	LEYHDVRVV
CAWSAGGNTEAFF	LEYHDVRVV
CATSRITTANQPQHF	LEYHDVRVV
CASSRPGLALYEQYF	LEYHDVRVV
CASSSSDAPETQYF	LEYHDVRVV
CASSYIPGPPNTEAFF	LEYHDVRVV
CSVYRTGYYEQYF	LEYHDVRVV
CSVAETGGTTGELFF	LEYHDVRVV
CSVEKSSYNEQFF	LEYHDVRVV
CATSRVETEAFF	LEYHDVRVV
CASSYTDRGEQFF	LEYHDVRVV
CASEGVGGSNTGELFF	LEYHDVRVV
CASSQDSPRTSRRDNEQFF	LEYHDVRVV
CASSRLTASGGQDTQYF	LEYHDVRVV
CASSQIPGQRGETQYF	LEYHDVRVV
CASSLDRRDRIVETQYF	LEYHDVRVV
CASSIDLRVSYNEQFF	LEYHDVRVV
CASSGLAVYNEQFF	LEYHDVRVV
CASSQDRLSSYEQYF	LEYHDVRVV
CASSYTDRGELFF	LEYHDVRVV
CASSLYGSPYNEQFF	LEYHDVRVV
CASSPAGSADTQYF	LEYHDVRVV
CASSLNPGTASYEQYF	LEYHDVRVV
CSGHRHNEQFF	LEYHDVRVV
CSVGLAGGPYEQYF	LEYHDVRVV
CASSPEGLRGETQYF	LEYHDVRVV
CSVERASTDTQYF	LEYHDVRVV
CASSPRSGRNIQYF	LEYHDVRVV
CASRTWTSNTGELFF	LEYHDVRVV
CASISGYGATEAFF	LEYHDVRVV
CASSQDLGTDEQYF	LEYHDVRVV
CASLGGVNTEAFF	LEYHDVRVV
CSVAQAGGGTGELFF	LEYHDVRVV
CASSLADIPLSPLHF	LEYHDVRVV
CASSQSRDGDYEQYF	LEYHDVRVV
CASSQTIGQVNQPQHF	LEYHDVRVV
CARRWQTDYNSPLHF	LEYHDVRVV
CSARILADYEQYF	LEYHDVRVV
CASSHLLAEYPNEQFF	LEYHDVRVV
CASSLWLAGDTGELFF	LEYHDVRVV
CSVGLAGGPVNEQFF	LEYHDVRVV
CSVAPTGVTYEQYF	LEYHDVRVV
CSVEEPGVRGSYEQYF	LEYHDVRVV
CSVEAPQVLSYNEQFF	LEYHDVRVV
CASSSKFGDYYNSPLHF	LEYHDVRVV
CASSSAGWDEQFF	LEYHDVRVV
CSVGLAGGRADEQYF	LEYHDVRVV
CSVGYAGGVNNEQFF	LEYHDVRVV
CSVKYTGVITDTQYF	LEYHDVRVV
CASSQVGVAGVSEADTQYF	LEYHDVRVV
CSARGWESTYEQYF	LEYHDVRVV
CSARTETSYSTDTQYF	LEYHDVRVV
CSVAAGGNTEAFF	LEYHDVRVV
CASSNRSYEQYF	LEYHDVRVV
CASNPGSSYNEQFF	LEYHDVRVV
CSARDGTTYEQYF	LEYHDVRVV
CASSLVAALDTEAFF	LEYHDVRVV
CASSPYSGLAYEQFF	LEYHDVRVV
CSVGLSGTDTQYF	LEYHDVRVV
CASTNGLGAGYEQYF	LEYHDVRVV
CSARVEGTPYNEQFF	LEYHDVRVV
CSVKTVGQANTEAFF	LEYHDVRVV
CASSQDQGDRGNPGTF	LEYHDVRVV
CASSPASAGELFF	LEYHDVRVV
CSAKSTGTSTDTQYF	LEYHDVRVV
CASSLDAAPETQYF	LEYHDVRVV
CASSRTPTPDTFQEELFF	LEYHDVRVV
CSARPGTVSYEQYF	LEYHDVRVV
CSVGETGNSGNTIYF	LEYHDVRVV
CSVEDRQFDTYGYTF	LEYHDVRVV
CSVGPSSYEQYF	LEYHDVRVV
CASSLRIGPQHF	LEYHDVRVV
CSARAQGALYEQFF	LEYHDVRVV
CASRKDRGSIYEQYF	LEYHDVRVV
CASSQDGEGLAATDTQYF	LEYHDVRVV
CASSLWAGSQPQHF	LEYHDVRVV
CSVEGAGGYEQYF	LEYHDVRVV
CASSPSRAGGGETGIYNEQFF	LEYHDVRVV
CASSEGGQGYGNTIYF	LEYHDVRVV
CASSENLVGDMNTEAFF	LEYHDVRVV
CASSPTLSSDSYNEQFF	LEYHDVRVV
CASMDSYNEQFF	LEYHDVRVV
CSVGDRGGANYGYTF	LEYHDVRVV
CASSQVRAVDTEAFF	LEYHDVRVV
CSVAPSSYEQYF	LEYHDVRVV
CASSQLGQGTQETQYF	LEYHDVRVV
CASSGTGAPRGELFF	LEYHDVRVV
CSVALAGGPNEQFF	LEYHDVRVV
CASSKDFGTEAFF	LEYHDVRVV
CASKTFSSTDTQYF	LEYHDVRVV
CASSFVLANPSTDTQYF	LEYHDVRVV
CASSFHKGGESGYEQYF	LEYHDVRVV
CSVGETGHSYNEQFF	LEYHDVRVV
CASSETTEYSNQPQHF	LEYHDVRVV
CSVEASGGSSNEQFF	LEYHDVRVV
CSVAPGPYEQYF	LEYHDVRVV
CASSQDKGSERGDQETQYF	LEYHDVRVV
CSVGLAESSYEQYF	LEYHDVRVV
CSISKAGGSYNEQFF	LEYHDVRVV
CASSYLGNEQFF	LEYHDVRVV
CSDSLAGGPNEQFF	LEYHDVRVV
CASSSLAGDYNEQFF	LEYHDVRVV
CASSLGDSSYEQYF	LEYHDVRVV
CSVALAGGVGDEQYF	LEYHDVRVV
CASSYWGGPTEAFF	LEYHDVRVV
CASSEAGIFGGRGSYNEQFF	LEYHDVRVV
CASSLDGGLYGYTF	LEYHDVRVV
CASCPPGSVDNEQFF	LEYHDVRVV
CASSPDSTGELFF	LEYHDVRVV
CASSSDRGRNYEQYF	LEYHDVRVV
CASSHVRGFFSDTQYF	LEYHDVRVV
CSVPGTDYTGELFF	LEYHDVRVV
CSARGMERNTEAFF	LEYHDVRVV
CSVSLAGGLSYEQYF	LEYHDVRVV
CSLGLAGGTDTQYF	LEYHDVRVV
CAISDYRDRRYEQYF	LEYHDVRVV
CASSLARTSGPYNEQFF	LEYHDVRVV
CASSEGLGHRTDTQYF	LEYHDVRVV
CASSRQVPETQYF	LEYHDVRVV
CSARDPGQGYEQYF	LEYHDVRVV
CATALRGNYEQYF	LEYHDVRVV
CASSDVPGQAYSYNEQFF	LEYHDVRVV
CASRTGGGYGYTF	LEYHDVRVV
CSVADTGTSSDTQYF	LEYHDVRVV
CSARSRDSFVADTQYF	LEYHDVRVV
CASSQGQIGYHYNEQFF	LEYHDVRVV
CASSAGQLTYEQYF	LEYHDVRVV
CSVSLSGRATDTQYF	LEYHDVRVV
CASSFPTSTSEQETQYF	LEYHDVRVV
CSVKAAGTSTDTQYF	LEYHDVRVV
CASSSAKNMAKISWGYEQYF	LEYHDVRVV
CASSIDKTGFDTEAFF	LEYHDVRVV
