CDR3	AA
CASSQILGRGNEQFF	ATEGALNTPK
CASSVGDSAYEQYF	ATEGALNTPK
CASSLAGGGQPQHF	ATEGALNTPK
CASSVGSGANQPQHF	ATEGALNTPK
CASSHRLAGGSDTQYF	ATEGALNTPK
CASSLAGDPSSSYNSPLHF	ATEGALNTPK
CASRWNTGELFF	ATEGALNTPK
CASSPPNSPLHF	ATEGALNTPK
CASSPGQGGNQPQHF	ATEGALNTPK
CASSIRTSGLNTEAFF	ATEGALNTPK
CASSLDSPYEQYF	ATEGALNTPK
CSVELIAGDSYNEQFF	ATEGALNTPK
CSARVTGGADTQYF	ATEGALNTPK
CASSVDSGYEQFF	ATEGALNTPK
CASSKGQGGNQPQHF	ATEGALNTPK
CSAREWEPYEQYF	ATEGALNTPK
CASRDRETEQYF	ATEGALNTPK
CSAHKTGSSYEQYF	ATEGALNTPK
CASSLARGQPQHF	ATEGALNTPK
CARTPPRVSEQFF	ATEGALNTPK
CASSLIPGVQETQYF	ATEGALNTPK
