CDR3	AA
CASSLGQSSYEQYF	TLIGDCATV
CASSVTGLWEQYF	TLIGDCATV
CATSDLGLANTGELFF	TLIGDCATV
CASSLVSSSYNEQFF	TLIGDCATV
CASSPTGTNEKLFF	TLIGDCATV
CAISEGPVGEKLFF	TLIGDCATV
CASSFLGGGDNEQFF	TLIGDCATV
CASSATGLAGDEQYF	TLIGDCATV
CASRFSGTGHNGYTF	TLIGDCATV
CASRLAGTPYNEQFF	TLIGDCATV
CASSLFWGPQETQYF	TLIGDCATV
CASSLVLGFNEQFF	TLIGDCATV
CASSLALSEGPLHF	TLIGDCATV
CASSLITSRAYEQYF	TLIGDCATV
CASRLLAGGLNEQFF	TLIGDCATV
CASRISGGYETQYF	TLIGDCATV
CASSPGASIKAADTQYF	TLIGDCATV
CASSKVSGHQNTEAFF	TLIGDCATV
CASSPSLTGTAVEQYF	TLIGDCATV
CASSLIAGANEQFF	TLIGDCATV
CASKWLAGGRNEQFF	TLIGDCATV
CASSYGLAEDNEQFF	TLIGDCATV
CASSPGTGADQPQHF	TLIGDCATV
CASSYASGYEQYF	TLIGDCATV
CASNFVGGNQPQHF	TLIGDCATV
CASSDRGAEAFF	TLIGDCATV
CASNPGGSWTEAFF	TLIGDCATV
CASSRRGSGIGTDTQYF	TLIGDCATV
CATTRQQDAGELFF	TLIGDCATV
CASRESLREQYF	TLIGDCATV
CASSNRPSSYNEQFF	TLIGDCATV
CASSFTGLNEAFF	TLIGDCATV
CASRIQGLGTEAFF	TLIGDCATV
CATSVVGGFSQGYTF	TLIGDCATV
CASRASGGAVAQYF	TLIGDCATV
CASSLALSGYTF	TLIGDCATV
CAISPTGGSSYEQYF	TLIGDCATV
CASSPTRPGQPSRGAQETQYF	TLIGDCATV
CATSAIPGQGPPDTQYF	TLIGDCATV
CAREEGERGGLETQYF	TLIGDCATV
CASSLVWQNNEQFF	TLIGDCATV
CASSAGLARNEQFF	TLIGDCATV
CASRLQGAPLEQYF	TLIGDCATV
CASSDRGNEQFF	TLIGDCATV
CASSQTGGSYNEQFF	TLIGDCATV
CASRIAGGPGEQYF	TLIGDCATV
CASTLAGLTDTQYF	TLIGDCATV
CASRTSGTSYEQYF	TLIGDCATV
CASSEFGGQSSGNTIYF	TLIGDCATV
CASSVPGGQNNVLTF	TLIGDCATV
CASSQSGTGGIDTQYF	TLIGDCATV
CSARVPGTSGRDEQFF	TLIGDCATV
CASSAPGDQPQHF	TLIGDCATV
CASSGTLRYGEQFF	TLIGDCATV
CASSPPGGYNEQFF	TLIGDCATV
CASSPYPQGLNTEAFF	TLIGDCATV
CASSVSGTGSMGYTF	TLIGDCATV
CASSLVGGGTEAFF	TLIGDCATV
CASTLRGDEQYF	TLIGDCATV
CASSNRPSSYNEQFF	TLIGDCATV
CASSPETGYYEQYF	TLIGDCATV
CASRGLGGLYGYTF	TLIGDCATV
CASSERTLNTEAFF	TLIGDCATV
CAISDNGKASSGANVLTF	TLIGDCATV
CSVGDTNTGELFF	TLIGDCATV
CASSEGSVDLNEQFF	TLIGDCATV
CSVRPGTSAYEQYF	TLIGDCATV
CASSLIQREQYF	TLIGDCATV
CSATPGLAGDNEQFF	TLIGDCATV
CATSEGGANTGELFF	TLIGDCATV
CASSIGLAGAKTLLQETQYF	TLIGDCATV
CASSLDSRATEAFF	TLIGDCATV
CASRQLGASSYEQYF	TLIGDCATV
CASSHQGLIFYEQYF	TLIGDCATV
CSRGGTEAFF	TLIGDCATV
CASSSVGLAGYNEQFF	TLIGDCATV
CASSPLPGLADYNEQFF	TLIGDCATV
CASRPNSYNEQFF	TLIGDCATV
CASSFGGLTEAFF	TLIGDCATV
CASSLVLPDNEQFF	TLIGDCATV
CASSNRPSSYNEQFF	TLIGDCATV
CASSLFGTDTQYF	TLIGDCATV
CASQDRGDGYTF	TLIGDCATV
CASGLGLSYEQYF	TLIGDCATV
CASSLRPSSYNEQFF	TLIGDCATV
CASSLGLQGWETQYF	TLIGDCATV
CASSDRGVLRVQETQYF	TLIGDCATV
CASRQGGSNQPQHF	TLIGDCATV
CSARAVTSGPSYEQYF	TLIGDCATV
CASSDRLREKLFF	TLIGDCATV
CASRFSGSPYEQYF	TLIGDCATV
CASSLGSLPLHF	TLIGDCATV
CASSVHLMANQPQHF	TLIGDCATV
CASSLTGLSGANVLTF	TLIGDCATV
CASRGTSGSSYNEQFF	TLIGDCATV
CSVGAALPQHF	TLIGDCATV
CASSLVLAGEQYF	TLIGDCATV
CASSSARGLGNTIYF	TLIGDCATV
CASSPPPGGYTGELFF	TLIGDCATV
CASSYMAGTGGWGQYF	TLIGDCATV
CASSFAGHEQFF	TLIGDCATV
CASSPEAGYEQYF	TLIGDCATV
CASSDSPGLHGYTF	TLIGDCATV
CASRTSGSLNEQFF	TLIGDCATV
CASSLDSRVLEQYF	TLIGDCATV
CASSLTGGLMDEQFF	TLIGDCATV
CASSKTSGPGDEQFF	TLIGDCATV
CASSLAGGGTDTQYF	TLIGDCATV
CASSRGMGQGPNQPQHF	TLIGDCATV
CASSQGVVPSGMGETQYF	TLIGDCATV
CASSQGGVYNEQFF	TLIGDCATV
CATRPGTGGMTDTQYF	TLIGDCATV
CASSPRTSGSIETQYF	TLIGDCATV
CASSLAGGAADTQYF	TLIGDCATV
CASWGFLSDNEQFF	TLIGDCATV
CASSLGLGTDYGYTF	TLIGDCATV
CAITPGQGNTEAFF	TLIGDCATV
CSAGVGTSGSSYEQYF	TLIGDCATV
CASSFFMSDTQYF	TLIGDCATV
CASSGGRSYNSPLHF	TLIGDCATV
CASSVGPGRGSEQYF	TLIGDCATV
CASGQGAYNEQFF	TLIGDCATV
CASSPTVPSTDTQYF	TLIGDCATV
CASSSGDSITDTQYF	TLIGDCATV
CASSYLRQGGSKNIQYF	TLIGDCATV
CASRTSGSPYEQYF	TLIGDCATV
CASRGSGGAAEAFF	TLIGDCATV
CASRLAGSTYEQYF	TLIGDCATV
CASRLFGAGLSGELFF	TLIGDCATV
CASSPGTGNRDTGELFF	TLIGDCATV
CASRLQGSNQPQHF	TLIGDCATV
CASRIAGSSYEQYF	TLIGDCATV
CASSQDLNTGELFF	TLIGDCATV
CASSHLLGQGDTEAFF	TLIGDCATV
CASSPDTPWEQFF	TLIGDCATV
CASSLNTEAFF	TLIGDCATV
CASRAELAKNIQYF	TLIGDCATV
CSVPTASSYNEQFF	TLIGDCATV
CAWSQPFTEAFF	TLIGDCATV
CASSLVGGGTDTQYF	TLIGDCATV
CASSPIYEQYF	TLIGDCATV
CATRDRGNTQYF	TLIGDCATV
CASSFAGGGETQYF	TLIGDCATV
CASSLGQGIVGYGYTF	TLIGDCATV
CASSHPLAAGAYEQYF	TLIGDCATV
CASSDRGDEQFF	TLIGDCATV
CATRPLDSNQPQHF	TLIGDCATV
CGLGSGLRQPQHF	TLIGDCATV
CASSYKGSDYGYTF	TLIGDCATV
CASSLAGIYTDTQYF	TLIGDCATV
CASRTSGSSYEQYF	TLIGDCATV
CASRLAGAPDTQYF	TLIGDCATV
CASSSPQPTQYF	TLIGDCATV
CASGGDRPNEQFF	TLIGDCATV
CASSHGQGVSKTETGELFF	TLIGDCATV
CASRIAGAGGYNEQFF	TLIGDCATV
CASSPVLRGTDTQYF	TLIGDCATV
CASSARGRGMTQYF	TLIGDCATV
CASTTAGGTDTQYF	TLIGDCATV
CASSLEGGNNEQFF	TLIGDCATV
