CDR3	AA
CASSLVETQYF	AEVQIDRLIT
CASRDGSYEQYF	AEVQIDRLIT
CASSSEQATNEKLFF	AEVQIDRLIT
CASSEGPVSDTQYF	AEVQIDRLIT
CASSFGHEQYF	AEVQIDRLIT
CASRPGQGNQPQHF	AEVQIDRLIT
CASSYTRGLGEKLFF	AEVQIDRLIT
CASSKDARLNTEAFF	AEVQIDRLIT
CASSPRTGTRADTQYF	AEVQIDRLIT
CASCRGAQSTDTQYF	AEVQIDRLIT
CASSTAGATYNEQFF	AEVQIDRLIT
CASTGKYDNTDTQYF	AEVQIDRLIT
CASSLVADATDTQYF	AEVQIDRLIT
CATHGAAGELFF	AEVQIDRLIT
CSARKGIGTEAFF	AEVQIDRLIT
CASSQFKDRLANVLTF	AEVQIDRLIT
CASSQDPGDYEQYF	AEVQIDRLIT
CASSQGPSNTEAFF	AEVQIDRLIT
CAISESAGTGDPGELFF	AEVQIDRLIT
CASSFHRDRPYEQYF	AEVQIDRLIT
CASSEVGTGTSGANVLTF	AEVQIDRLIT
CATEDGAYEQYF	AEVQIDRLIT
CASSVGFGDTEAFF	AEVQIDRLIT
CASSGAGGRYEQYF	AEVQIDRLIT
CASRPGQGFSPLHF	AEVQIDRLIT
CASRAGTGNQPQHF	AEVQIDRLIT
CASSLYYSGTNYEQYF	AEVQIDRLIT
CASSEGTQLYDTQYF	AEVQIDRLIT
CASSFGQEQFF	AEVQIDRLIT
CASSLEVATNEKLFF	AEVQIDRLIT
CSARDLYASSYNEQFF	AEVQIDRLIT
CASSEATDTQYF	AEVQIDRLIT
CASKQGNTEAFF	AEVQIDRLIT
CASSSHPSGTGVFNEQFF	AEVQIDRLIT
CASSLGGGMQQPQHF	AEVQIDRLIT
CASRPGTGLVEAFF	AEVQIDRLIT
CASSLEVATNEKLFF	AEVQIDRLIT
RARGTSGWNRLWEQYF	AEVQIDRLIT
CASSQEGGRGSPLHF	AEVQIDRLIT
CASSQDPVSLAKNIQYF	AEVQIDRLIT
CASSEGTQLYDTQYF	AEVQIDRLIT
CASSQDPGDTEAFF	AEVQIDRLIT
CASRPGQGRDGYTF	AEVQIDRLIT
