CDR3	AA
CSAPRGPDTDTQYF	IPTNFTISV
CASSLSGGTEAFF	IPTNFTISV
CASSMGSPVGELFF	IPTNFTISV
CASSIARGRGNEQFF	IPTNFTISV
CASSWALGTDTQYF	IPTNFTISV
CAIAEGGEANEKLFF	IPTNFTISV
CASSRASGEHNEQFF	IPTNFTISV
CASSMGSGGNLYNEQFF	IPTNFTISV
CASSLSGTGATEAFF	IPTNFTISV
CASSITSRGEQYF	IPTNFTISV
CASSLVGQGRDGYTF	IPTNFTISV
CAISESVGLDGGYTF	IPTNFTISV
CASSLNAGGTGELFF	IPTNFTISV
CASSLSTGADTQYF	IPTNFTISV
CASSPRVVGTEAFF	IPTNFTISV
CASSLVTGTSQRETQYF	IPTNFTISV
CASSSGIGGSPLHF	IPTNFTISV
CASSIARGRGNEQFF	IPTNFTISV
CASSLGYREAFF	IPTNFTISV
CASSLTGGMTQLAKNIQYF	IPTNFTISV
CASSLSAGGRYGELFF	IPTNFTISV
CASSIASGEHQPQHF	IPTNFTISV
CASSLEGSSYEQYF	IPTNFTISV
CASSITSGSTEAFF	IPTNFTISV
CASSAGHGYTGELFF	IPTNFTISV
CSASSGDYEQYF	IPTNFTISV
CASSLSIGVSYQQSF	IPTNFTISV
CASTLTSNSPLHF	IPTNFTISV
CASSPTGIEQYF	IPTNFTISV
CASNLSGGTEAFF	IPTNFTISV
CASNTGQGTDTQYF	IPTNFTISV
CASRGGGAEAFF	IPTNFTISV
CASSLRQSTDTQYF	IPTNFTISV
CASSLGGNTGELFF	IPTNFTISV
CASSLMGNQPQHF	IPTNFTISV
CSAYRDGNTEAFF	IPTNFTISV
CASSQDLGRYSYEQYF	IPTNFTISV
CASSLSSPGTGSGYTF	IPTNFTISV
CASSEGLIGSPPNYGYTF	IPTNFTISV
CASSPEVVGSTDTQYF	IPTNFTISV
CASSLSSPAGGPYEQYF	IPTNFTISV
CASSLNSMNTEAFF	IPTNFTISV
CASSLGTSRYEQYF	IPTNFTISV
CASSLSAPYEQYF	IPTNFTISV
CASSLSSPSEQYF	IPTNFTISV
CASSFLATGTEAFF	IPTNFTISV
CASSLDSCRGYNLCGYTF	IPTNFTISV
CASSLSIGTTEAFF	IPTNFTISV
CASSFSGGIRQFF	IPTNFTISV
CASSLSSGTEAFF	IPTNFTISV
CASSQVQGVRSGANVLTF	IPTNFTISV
CASSQDSNGAYEQYF	IPTNFTISV
CASSLSAPNEQFF	IPTNFTISV
CASSLTSPTQQFF	IPTNFTISV
CASSHGGTEAFF	IPTNFTISV
CASSLGGPYEQYF	IPTNFTISV
CASSHGGTEAFF	IPTNFTISV
CASRSGAGEAFF	IPTNFTISV
CASSLSAPSEQYF	IPTNFTISV
CASAGGGEKLFF	IPTNFTISV
CASSQERSSNQPQHF	IPTNFTISV
CASSSQGYEQYF	IPTNFTISV
CASSLVADLNTEAFF	IPTNFTISV
CASSLNSDSPLHF	IPTNFTISV
CASSLAYLGYEQYF	IPTNFTISV
CASSLSGGTEAFF	IPTNFTISV
CASSFGDSYEQYF	IPTNFTISV
CASSLSAPDYNYGYTF	IPTNFTISV
CASSSRYTGTSGKDTQYF	IPTNFTISV
CASSYSPRGTPIYLETQYF	IPTNFTISV
CASSIASGEHQPQHF	IPTNFTISV
CASSWVAGGGTYNEQFF	IPTNFTISV
CASSARDTPRGETQYF	IPTNFTISV
CASSPGRDSYNEQFF	IPTNFTISV
CASSTNENTEAFF	IPTNFTISV
CASSPGQGSTEAFF	IPTNFTISV
CASSLSGGAGSNQPQHF	IPTNFTISV
CASSLGGNTEAFF	IPTNFTISV
CASSVEDTGDEQYF	IPTNFTISV
CASSAGTGGNQPQHF	IPTNFTISV
CASSFGGANVLTF	IPTNFTISV
CASSLSAPPMPQHF	IPTNFTISV
CASSLTAPDTQYF	IPTNFTISV
CASSPLAGGPTGELFF	IPTNFTISV
CASSLWTGTGNTGELFF	IPTNFTISV
CASSPGWNTGELFF	IPTNFTISV
CASSSDKGNYGYTF	IPTNFTISV
CASSLSAPDTQYF	IPTNFTISV
CASSSYGTSGIYEQYF	IPTNFTISV
CASSQTTSAIRSNEQFF	IPTNFTISV
CASSPGHGGTPLHF	IPTNFTISV
CASSLNDGDEKLFF	IPTNFTISV
CASSRGQTYEQYF	IPTNFTISV
CASSLSIGTVNEKLFF	IPTNFTISV
CASSLSTPTEAFF	IPTNFTISV
CASSPGQNTGELFF	IPTNFTISV
CASSLSGGAGAEAFF	IPTNFTISV
CASSLGQGFGYTF	IPTNFTISV
CASSLLADTPGEQYF	IPTNFTISV
CASGPGSPGVQYF	IPTNFTISV
CAISEDGASFYGYTF	IPTNFTISV
CASSLGAGGPSFDEQFF	IPTNFTISV
CASRSGAAEAFF	IPTNFTISV
CSVVIGGAKNIQYF	IPTNFTISV
CASSVEPAESSYNEQFF	IPTNFTISV
CASSHTSGTSIRETQYF	IPTNFTISV
CASSRHPGGRDEQYF	IPTNFTISV
CASSLVHRINNEQFF	IPTNFTISV
CASSGGSPSDTQYF	IPTNFTISV
CASSERMNTEAFF	IPTNFTISV
CASSLMTGNTEAFF	IPTNFTISV
CASSQSPTGPHYEQYF	IPTNFTISV
CASSLVIAEAFF	IPTNFTISV
CASSLSAPYEQYF	IPTNFTISV
CASSLSGGTEAFF	IPTNFTISV
CASSLSAPTEQYF	IPTNFTISV
CASSPGGGGSTDTQYF	IPTNFTISV
CASSLSAGSLYEQYF	IPTNFTISV
CASSRSSNGPGSPYEQYF	IPTNFTISV
CASSLSGSFSTGELFF	IPTNFTISV
CASSLGRGVDTQYF	IPTNFTISV
CASSPAGTGRTDTQYF	IPTNFTISV
CASSLIPAEGYEQYF	IPTNFTISV
CASSLSSTEAFF	IPTNFTISV
CSATNGGGKNIQYF	IPTNFTISV
CASSPGQGNNEQFF	IPTNFTISV
CASSLSMGGSNTEAFF	IPTNFTISV
CASSQDLFGTEPSPLHF	IPTNFTISV
CASSISGTGLNEQFF	IPTNFTISV
CASSFGQGTGELFF	IPTNFTISV
CASSETSDSYNEQFF	IPTNFTISV
CSHLAKKYNEQFF	IPTNFTISV
CASSPHESSVMGEQFF	IPTNFTISV
CASSLNSAETQYF	IPTNFTISV
CASTLGGAWNEQFF	IPTNFTISV
CASSSFGQGAKQETQYF	IPTNFTISV
CASSPFSGGENIQYF	IPTNFTISV
CASSQVPPTAGGHFIGTDTQYF	IPTNFTISV
CASSYRDSWHEQYF	IPTNFTISV
CASSWGLNTGELFF	IPTNFTISV
CASSLASAGELFF	IPTNFTISV
CASSQVQATNEKLFF	IPTNFTISV
CASSLNAGDNQPQHF	IPTNFTISV
CASRGAGTSGGDYNEQFF	IPTNFTISV
CASSQGDSSYEQYF	IPTNFTISV
CASSLDQGHQPQHF	IPTNFTISV
CASSLNSWTGGEQYF	IPTNFTISV
CASTTGRNTGELFF	IPTNFTISV
CASHPSGSNEQFF	IPTNFTISV
CASSLLSDKVNTIYF	IPTNFTISV
CASSLSIGVHEQYF	IPTNFTISV
CASSLSAPTEAFF	IPTNFTISV
CASSLVADNTDTQYF	IPTNFTISV
CASSPTGENTEAFF	IPTNFTISV
CASNAGWNTGELFF	IPTNFTISV
CASSIASGGGTEAFF	IPTNFTISV
CASRHKQGNEQFF	IPTNFTISV
CASSYPRQRGGDDTQYF	IPTNFTISV
CASSLQVSYEQYF	IPTNFTISV
CASRDRVGSPLHF	IPTNFTISV
CASSFGVNTGELFF	IPTNFTISV
CASSHGGTEAFF	IPTNFTISV
CASSYTGTGDEQFF	IPTNFTISV
CASSLTAGDTLREEYF	IPTNFTISV
CASQNGLNTGELFF	IPTNFTISV
CASSSGLAGTDTQYF	IPTNFTISV
CASSLSTPTEAFF	IPTNFTISV
CASSIAAGAGTEAFF	IPTNFTISV
CASDRGGYEQYF	IPTNFTISV
CASSLGLNTEAFF	IPTNFTISV
CASSPRGRPPYF	IPTNFTISV
CASSLSSPLAPGPHTGELFF	IPTNFTISV
CASSFGGTNEQFF	IPTNFTISV
CASRQGAAEAFF	IPTNFTISV
CASSIGGETQYF	IPTNFTISV
CASSIGDGEHQPQHF	IPTNFTISV
CASSFQGNPYGYTF	IPTNFTISV
CASRLGAGELFF	IPTNFTISV
CASKGTGNQPQHF	IPTNFTISV
CASSQGTGGPGGELFF	IPTNFTISV
CSARELGYEQYF	IPTNFTISV
CASSAGLAGTLGIHEQFF	IPTNFTISV
CASSIAGGTNTEAFF	IPTNFTISV
CASRTGVGTDTQYF	IPTNFTISV
CATGPTDRSPTDTQYF	IPTNFTISV
CASSLSFGTENTEAFF	IPTNFTISV
CASSLSAGGASGANVLTF	IPTNFTISV
CASSLSAPYEQYF	IPTNFTISV
CSAGRDRRNEKLFF	IPTNFTISV
CSARDRSGTSRRNGYTF	IPTNFTISV
CASSQGTGGAETQYF	IPTNFTISV
CASSLRDSYEQYF	IPTNFTISV
CASSLARGDEQFF	IPTNFTISV
CASNEASWSGELFF	IPTNFTISV
CASSIAGGNEQFF	IPTNFTISV
CASSQSGVAGNSPLHF	IPTNFTISV
CASSLNSATEQFF	IPTNFTISV
CASSPGSGGLGYGYTF	IPTNFTISV
CASRSDFQGAVAGSYEQYF	IPTNFTISV
CASSLGRGNEQFF	IPTNFTISV
CASSLSSPSEQYF	IPTNFTISV
CASSQGGTVYEQYF	IPTNFTISV
CASSLSTPTEAFF	IPTNFTISV
CASSFVYTGELFF	IPTNFTISV
CASSVALVQGAEGLFF	IPTNFTISV
CASSLNSAAYEQYF	IPTNFTISV
CASSPGTTLQETQYF	IPTNFTISV
CASSLSSTEQYF	IPTNFTISV
CASSMGSPVGELFF	IPTNFTISV
CASSIAEGATEQYF	IPTNFTISV
CASSLSIGVSYDQYF	IPTNFTISV
CASSVFPGQRPNNEQFF	IPTNFTISV
CASSLAAENTEAFF	IPTNFTISV
CASTPGYNTGELFF	IPTNFTISV
CASSLMGAETQYF	IPTNFTISV
CATEQGWNTGELFF	IPTNFTISV
CASSHTGEADTQYF	IPTNFTISV
CASSLASRLEAFF	IPTNFTISV
CASSLSIGTTEAFF	IPTNFTISV
CASSLSIGEGSCFF	IPTNFTISV
CASSQDFDSVIYGYTF	IPTNFTISV
CASSLVPGRDYEQYF	IPTNFTISV
CAISAELTPSRNNEQFF	IPTNFTISV
CASRLGDEQYV	IPTNFTISV
CASSLAQPYEQYF	IPTNFTISV
CASSPGAGDYNEQFF	IPTNFTISV
CASSLGGPYEQYF	IPTNFTISV
CASSRQGPRYKDQPQHF	IPTNFTISV
CASSLFRGTSGPTDTQYF	IPTNFTISV
CASSLTAPDTQYF	IPTNFTISV
CASRTGIHYEQYF	IPTNFTISV
CASSLSSETEAFF	IPTNFTISV
CASSPTEGPNTEAFF	IPTNFTISV
CASSPYSNTEAFF	IPTNFTISV
CASSQDGSSTDTQYF	IPTNFTISV
CASSTAHGTHSGNTIYF	IPTNFTISV
CASSLSAPNEQFF	IPTNFTISV
CASSLGLRIGEQFF	IPTNFTISV
CASSLSLRVSYEQYF	IPTNFTISV
CASSHLDTGRSNQPQHF	IPTNFTISV
CASSYGTADGYTF	IPTNFTISV
CASSLAGGHGEQFF	IPTNFTISV
CASTPRPNEQFF	IPTNFTISV
CASSHFRQGSYEWAGELFF	IPTNFTISV
CASRAGGTEAFF	IPTNFTISV
CASSSRQGLGEKLFF	IPTNFTISV
CASSPTGESETQYF	IPTNFTISV
CSVERTEAFF	IPTNFTISV
CASSSIRRDMVYGYTF	IPTNFTISV
CASSYPDTEAFF	IPTNFTISV
CASSLGSDREQYF	IPTNFTISV
CASSIRIDRMNTGELFF	IPTNFTISV
CASSLSGTGGPEQYF	IPTNFTISV
CASSLNGGADEQYF	IPTNFTISV
CASSESTREGNTGELFF	IPTNFTISV
CASSLGSNTEAFF	IPTNFTISV
CASSQGQGGAYEQYF	IPTNFTISV
CASSLSSPGNTEAFF	IPTNFTISV
CASNAWGNTEAFF	IPTNFTISV
CASSGGHTGELFF	IPTNFTISV
CASSIGPQGVQVEQYF	IPTNFTISV
CASSQGDTSGNTIYF	IPTNFTISV
CASSYGGQGNEQYF	IPTNFTISV
CASSLALEKDEQFF	IPTNFTISV
CASSSQATSGSYEQYF	IPTNFTISV
CASSIQGRYEQYF	IPTNFTISV
CASSRASGEHNEQFF	IPTNFTISV
CASSLSFGYAVGEQYF	IPTNFTISV
CATRAGAGEAFF	IPTNFTISV
CASSIADSENTEAFF	IPTNFTISV
CASSLSTPTEAFF	IPTNFTISV
CASSQVGDRRLHYGYTF	IPTNFTISV
CASDFLGDRAQTQYF	IPTNFTISV
CASSIATGSGTEAFF	IPTNFTISV
CASSIAEGSPEAFF	IPTNFTISV
CASSSGRSDSFFLYNEQFF	IPTNFTISV
CASSLSSNEQFF	IPTNFTISV
CASSLSSGDYTGELFF	IPTNFTISV
CASSIGGNTGELFF	IPTNFTISV
CASSLGLAISDTQYF	IPTNFTISV
CASSSPTGESLFF	IPTNFTISV
CASSRTGGRVEAFF	IPTNFTISV
CATSPGGPTGELFF	IPTNFTISV
CASGGTEAFF	IPTNFTISV
CASSIGGLTGELFF	IPTNFTISV
CASSLSVGADTQYF	IPTNFTISV
CASSIAAGGYNEQFF	IPTNFTISV
CASRSGAGEQYF	IPTNFTISV
CASSLSRGPMNEQFF	IPTNFTISV
CASREGEGRQETQYF	IPTNFTISV
CASSPGNTEAFF	IPTNFTISV
CAGQQGRNTGELFF	IPTNFTISV
CASSLSGINTEAFF	IPTNFTISV
CASSPGTGGAGANSEAFF	IPTNFTISV
CASSHGGTEAFF	IPTNFTISV
CASSMGQGEYNEQFF	IPTNFTISV
CASSPRTESTDTQYF	IPTNFTISV
CSVADGWNQPQHF	IPTNFTISV
CASSLSTPWGENTEAFF	IPTNFTISV
CASSLPGQPYEQYF	IPTNFTISV
CASSPRLLGSSGNTIYF	IPTNFTISV
CASSLSGTGGLNTEAFF	IPTNFTISV
CASRGDASSYNEQFF	IPTNFTISV
