CDR3	AA
CASSPTGSTQYF	NVFAFPFTI
CAISDQGLTYEQYF	NVFAFPFTI
RATLHGTSGGPYEQYF	NVFAFPFTI
CSARLAGGPPGSYNEQFF	NVFAFPFTI
CASTDRGNTGELFF	NVFAFPFTI
CASSFTGTEAFF	NVFAFPFTI
CASSQTGSYEQYF	NVFAFPFTI
CASSRDYEDNEQFF	NVFAFPFTI
CASSPTGEKLFF	NVFAFPFTI
CATLSGELFF	NVFAFPFTI
CSVQTGGGFEQYF	NVFAFPFTI
CASSVELAGTWGTQYF	NVFAFPFTI
CASSLFPAGDVGELFF	NVFAFPFTI
CSAAPIRDSNYEQYF	NVFAFPFTI
CSVEDWSGYNEQFF	NVFAFPFTI
CASSSPRGDRLKSSYEQYF	NVFAFPFTI
CSARDWAETQYF	NVFAFPFTI
CASSFTGVDVF	NVFAFPFTI
CASSFSNEQFF	NVFAFPFTI
RASSLAKFLSNQPQHF	NVFAFPFTI
CASSFSSPDTQYF	NVFAFPFTI
CATHGQSGANVLTF	NVFAFPFTI
CASTETGWNTIYF	NVFAFPFTI
CATSLTVDGADTQYF	NVFAFPFTI
CASSISGETQYF	NVFAFPFTI
CAARAWGGSEKLFF	NVFAFPFTI
CASSFTGASTDTQYF	NVFAFPFTI
CASSYSTYHYNEQFF	NVFAFPFTI
CASSGTGELFF	NVFAFPFTI
CASSLSTEAFF	NVFAFPFTI
CASSYSSEQYF	NVFAFPFTI
CASSSFIAGVKNEQFF	NVFAFPFTI
CASSLPGGVNEQYF	NVFAFPFTI
CASSLWDASSYEQYF	NVFAFPFTI
CASSLGAAPGHF	NVFAFPFTI
CASSQDLGALSYNEQFF	NVFAFPFTI
CASSLPSGYNEQFF	NVFAFPFTI
CATSGIYRTSSYNEQFF	NVFAFPFTI
CATSDFPAGSYNEQFF	NVFAFPFTI
CASSAYVNNQPQHF	NVFAFPFTI
CASSFVADTQYF	NVFAFPFTI
CASSYGSGTDTQYF	NVFAFPFTI
CASSQDWSGASYTF	NVFAFPFTI
CASRPKTQGWAYGYTF	NVFAFPFTI
CASSLEGRNEQFF	NVFAFPFTI
CASSFSGELFF	NVFAFPFTI
CASSFMPGGFQPQHF	NVFAFPFTI
CASSWLLAGGPGEDNEQFF	NVFAFPFTI
CASSLQGNTEAFF	NVFAFPFTI
CASSPTEQETQYF	NVFAFPFTI
CASSLMLGGVDTGELFF	NVFAFPFTI
CASSSGGTEAFF	NVFAFPFTI
CASGPGELFF	NVFAFPFTI
CASSLVGQGSYEQYF	NVFAFPFTI
CASSLSGSRVKGQFF	NVFAFPFTI
CASSFLEKLFF	NVFAFPFTI
CASGFDVGTNEKLFF	NVFAFPFTI
CASLGGRDEQFF	NVFAFPFTI
CASSESAETQYF	NVFAFPFTI
CASSLDTLNTEAFF	NVFAFPFTI
CASSLAVGNLQPQHF	NVFAFPFTI
CSAPQPSGHTGRETQYF	NVFAFPFTI
CASGAGADATQYF	NVFAFPFTI
CSAPHIRGGNQPQHF	NVFAFPFTI
CSAGGGADEQYF	NVFAFPFTI
CASSFSGEQYF	NVFAFPFTI
CASSPVGAPEQFF	NVFAFPFTI
CSARDFASTGTGGIDEQFF	NVFAFPFTI
CASSQEPVRGLSEQYF	NVFAFPFTI
CASSPQGETLHF	NVFAFPFTI
CASSFSYEQYF	NVFAFPFTI
CASSLWLGDAQYF	NVFAFPFTI
CASSFPTSVSNTEAFF	NVFAFPFTI
CATGYLSNEQFF	NVFAFPFTI
CSVELGTGEQYF	NVFAFPFTI
CSVFGWVSKGSYEQYF	NVFAFPFTI
CASSLTGGSTDTQYF	NVFAFPFTI
CASSVATGGTTDTQYF	NVFAFPFTI
CASSFGDQISF	NVFAFPFTI
CSVGGSLTYEQYF	NVFAFPFTI
CALGAEGGSPLHF	NVFAFPFTI
CASSQGQGVHEQYF	NVFAFPFTI
CSGLGGPVSNEQYF	NVFAFPFTI
CASSFAGTQYF	NVFAFPFTI
CSAPSGTAQETQYF	NVFAFPFTI
CASSFTGGGEQFF	NVFAFPFTI
CASPPPLAVYNEQFF	NVFAFPFTI
CASSLTSGGLQETQYF	NVFAFPFTI
CSAMVGGLTNSSYEQYF	NVFAFPFTI
CSASGTSGESSYEQYF	NVFAFPFTI
CASSQAHGYEQYF	NVFAFPFTI
CASSFGQGINRETQYF	NVFAFPFTI
CASSTGGREQYF	NVFAFPFTI
CSVVGTGQFF	NVFAFPFTI
CATSRAPGQGYEQYF	NVFAFPFTI
CSVEDGFRFQETQYF	NVFAFPFTI
CASSFVDEQFF	NVFAFPFTI
CASSFSYEQYF	NVFAFPFTI
CSPIEFKRLYEQYF	NVFAFPFTI
CASGYSGYEQYF	NVFAFPFTI
CASSFSYEQYF	NVFAFPFTI
CASSLGGPGEQFF	NVFAFPFTI
CASSFYQGLETQYF	NVFAFPFTI
CASKYGNTEAFF	NVFAFPFTI
CASSPSGETQYF	NVFAFPFTI
CSAMGLQGPPNYGYTF	NVFAFPFTI
CASSASGGAGETQYF	NVFAFPFTI
CASKGAGEDEQYF	NVFAFPFTI
CSAIRFGAGPEQYF	NVFAFPFTI
CASSFAGLYEQYF	NVFAFPFTI
CASSSGLSSYEQYF	NVFAFPFTI
CSATDRAYEQYF	NVFAFPFTI
CASSPTGAEAFF	NVFAFPFTI
CASSPSGNTIYF	NVFAFPFTI
CASGPTNYGYTF	NVFAFPFTI
CASSLAGETQYF	NVFAFPFTI
CASSSGGLDQYF	NVFAFPFTI
CASSLEGGAEQFF	NVFAFPFTI
CASTPGERGLSYEQYF	NVFAFPFTI
CASSQGPTGGYEQYF	NVFAFPFTI
CASSLAGETQYF	NVFAFPFTI
CASSSAWTGSYEQYF	NVFAFPFTI
CASSAPGGGEQFF	NVFAFPFTI
CASSHLDEQFF	NVFAFPFTI
CASSLVGETQYF	NVFAFPFTI
CSALGTIMFGYTF	NVFAFPFTI
CASSQEAGSYEQYF	NVFAFPFTI
CASSQDPGPTPYEQYF	NVFAFPFTI
CASSIYPGGADTQYF	NVFAFPFTI
CASSFSDTQYF	NVFAFPFTI
CASSLGGLDFF	NVFAFPFTI
CASSHMGETQYF	NVFAFPFTI
CASIQDRSSYNEQFF	NVFAFPFTI
CASSLVQIGNEQFF	NVFAFPFTI
CASSLSEKLFF	NVFAFPFTI
CASSYAGLETQYF	NVFAFPFTI
CATLKGGEQYF	NVFAFPFTI
CASNPWGEVGELFF	NVFAFPFTI
CASTLVGDEQFF	NVFAFPFTI
CASSLGTPDTQYF	NVFAFPFTI
CASSVEAGGMNNEQFF	NVFAFPFTI
CASSPTGNTIYF	NVFAFPFTI
CSARDIVAGVSPLHF	NVFAFPFTI
CASLSGYEQFF	NVFAFPFTI
CASSLGGYGYTF	NVFAFPFTI
CASSFSGNEQFF	NVFAFPFTI
CASSDFGGFSYEQYF	NVFAFPFTI
CASSPTGAEQYF	NVFAFPFTI
CATSRGSAETQYF	NVFAFPFTI
CASSKGESSYNEQFF	NVFAFPFTI
CASSPPGKETQYF	NVFAFPFTI
CASSFSLEQFF	NVFAFPFTI
CASSTMRTEVSGANVLTF	NVFAFPFTI
CASSQGGYEQYF	NVFAFPFTI
CASTEGNSPLHF	NVFAFPFTI
CASSARSEQYF	NVFAFPFTI
CSVVRGDGTGELFF	NVFAFPFTI
CASSFSGSDTDTQYF	NVFAFPFTI
CASSLGQEAFF	NVFAFPFTI
CASSYNPGTAESYEQYF	NVFAFPFTI
CASSVEFGSNYGYTF	NVFAFPFTI
CASSEGNMNGYTF	NVFAFPFTI
CASSHTGETQYF	NVFAFPFTI
CASSVVGPLNEKLFF	NVFAFPFTI
CASSQDLVPEAFF	NVFAFPFTI
CASSYSSLNTEAFF	NVFAFPFTI
CASSYFQGFGKLFF	NVFAFPFTI
CASSMGQWGYTF	NVFAFPFTI
CASSLLAGVNEQFF	NVFAFPFTI
CASSRQGITEAFF	NVFAFPFTI
CASSPLGSPGGTEAFF	NVFAFPFTI
CASSEADGTGEQYF	NVFAFPFTI
CASSSRDSSRGLEQYF	NVFAFPFTI
CSVVRGQGYEQYF	NVFAFPFTI
CASSLAGETQYF	NVFAFPFTI
CASSLAGYNEQFF	NVFAFPFTI
CSVRTGDRYEQYF	NVFAFPFTI
CASSLGGRDTQYF	NVFAFPFTI
CASSLVGYGYTF	NVFAFPFTI
CASMGPGRGAFF	NVFAFPFTI
CASSFPRVAGGYEQYF	NVFAFPFTI
CASSFLAGVSYEQYF	NVFAFPFTI
CASSPSGGELFF	NVFAFPFTI
CASSLWSAEAFF	NVFAFPFTI
CASSLGSGAPSGYTF	NVFAFPFTI
CSVVGQEGTGELFF	NVFAFPFTI
CASSYEIGTGNTEAFF	NVFAFPFTI
CASSQVGETQYF	NVFAFPFTI
CASSLDSYNEQFF	NVFAFPFTI
CSAPTLVNTEAFF	NVFAFPFTI
CAISDGWSSYEQYF	NVFAFPFTI
CASSSAGFGGSYEQYF	NVFAFPFTI
CASSFVDEQFF	NVFAFPFTI
CASRDGLAGDTQYF	NVFAFPFTI
CASSLFSGGREQYF	NVFAFPFTI
CASSFGQGGYTF	NVFAFPFTI
CASSFAGNNEQFF	NVFAFPFTI
CASSFQGATEAFF	NVFAFPFTI
CASTLAGGGTDTQYF	NVFAFPFTI
CASTGGPTYEQYF	NVFAFPFTI
CASRGTGGLDSPLHF	NVFAFPFTI
CASSQTGLEAFF	NVFAFPFTI
CSALGPESLYEQYF	NVFAFPFTI
CASSSTGFTEAFF	NVFAFPFTI
CASSLSVEQFF	NVFAFPFTI
CASKEGNTEAFF	NVFAFPFTI
CATQWTGEKLFF	NVFAFPFTI
CASSYKETQYF	NVFAFPFTI
CAISETGAEQYF	NVFAFPFTI
CASQLAGGYYNEQFF	NVFAFPFTI
CASSLSGEQFF	NVFAFPFTI
CASSLGGETQYF	NVFAFPFTI
CASRGEQLPELFF	NVFAFPFTI
CASSSSGYEQYF	NVFAFPFTI
CASSRTGGTNEKLFF	NVFAFPFTI
CASSKGQSYNEQFF	NVFAFPFTI
CASGQGGYEQYF	NVFAFPFTI
CASSFRYEAFF	NVFAFPFTI
CASSDLTKLFF	NVFAFPFTI
CASSVELAGITGELFF	NVFAFPFTI
CSVEGDTTNYEQYF	NVFAFPFTI
CASSYSSPRYTDTQYF	NVFAFPFTI
CASSFAGYEQFF	NVFAFPFTI
CSARDGTGGIYGYTF	NVFAFPFTI
CASSFSNEQFF	NVFAFPFTI
CSATSGRTYEQYF	NVFAFPFTI
CASTLTGESTGELFF	NVFAFPFTI
CSANTRGETQYF	NVFAFPFTI
CAALVGNEQFF	NVFAFPFTI
CASTLGLWPEAFF	NVFAFPFTI
CASGGGGHEQYF	NVFAFPFTI
CASSEIEGNGYTF	NVFAFPFTI
CASSLVGETQYF	NVFAFPFTI
CASSLYTGGETQYF	NVFAFPFTI
CASSLGYNEQFF	NVFAFPFTI
CASSLVAYEQYF	NVFAFPFTI
CASSREGSTSNYGYTF	NVFAFPFTI
CASSQTGNTIYF	NVFAFPFTI
CASPPAEGVGPETQYF	NVFAFPFTI
CASSATDTQYF	NVFAFPFTI
CSAHLLTSGGTDTQYF	NVFAFPFTI
CASSDLNREPETQYF	NVFAFPFTI
CASSQGGLEQYF	NVFAFPFTI
CASSYGGETQYF	NVFAFPFTI
CASSQGLEGSGSPLHF	NVFAFPFTI
CASSPSGASTDTQYF	NVFAFPFTI
CASSFSGREQYF	NVFAFPFTI
CASSVSDTDTQYF	NVFAFPFTI
CASTDYYGYTF	NVFAFPFTI
CSANDWAGELFF	NVFAFPFTI
CASNVGTEAFF	NVFAFPFTI
CASSVTGELFF	NVFAFPFTI
CASGEHEQYF	NVFAFPFTI
CASSLSGQTGRPGTEAFF	NVFAFPFTI
CASSYMGYNEQFF	NVFAFPFTI
CASSVEGGPEAFF	NVFAFPFTI
CASSISYEQYF	NVFAFPFTI
CASSIGGEPQHF	NVFAFPFTI
CASSQGPEQYF	NVFAFPFTI
CASTADRGNTEAFF	NVFAFPFTI
CASSQEPRLAGGGPFF	NVFAFPFTI
CSVEEGETGNTIYF	NVFAFPFTI
CSALTEGYTF	NVFAFPFTI
CASSFVHF	NVFAFPFTI
CASSLEAGSTYEQYF	NVFAFPFTI
CASSLSYEQYF	NVFAFPFTI
CASSPTGSTDTQYF	NVFAFPFTI
CASGGEQFF	NVFAFPFTI
CASSVDSGSYEQYF	NVFAFPFTI
CSAPSYNEQFF	NVFAFPFTI
CSASGEGLAGVYEQYF	NVFAFPFTI
CASSSWTGIEKLFF	NVFAFPFTI
CASSPHEAFF	NVFAFPFTI
CASSPFGSEQYF	NVFAFPFTI
CASSYKETQYF	NVFAFPFTI
CASSLTGAEQFF	NVFAFPFTI
CASSTSGETQYF	NVFAFPFTI
CASKVGGLGYTF	NVFAFPFTI
CASSLLGETQYF	NVFAFPFTI
CASRNGPYEQYF	NVFAFPFTI
CASSLVGETQYF	NVFAFPFTI
CASSLTGYEQFF	NVFAFPFTI
CASSFAGELFF	NVFAFPFTI
CATSRARGLYEQYF	NVFAFPFTI
CASTGGIAYEQYF	NVFAFPFTI
CASRTWGQGDEQYF	NVFAFPFTI
CASSFTAEAFF	NVFAFPFTI
CASSYRLDLGNTEAFF	NVFAFPFTI
CASSYGLAGSTDTQYF	NVFAFPFTI
CASSDDRGTYEQYF	NVFAFPFTI
CSVEAGDGNEQFF	NVFAFPFTI
CASSLGGTHNEQFF	NVFAFPFTI
CASSPTGETQYF	NVFAFPFTI
CASSSPGRETQYF	NVFAFPFTI
CASSRSGVETQYF	NVFAFPFTI
CATSSTGYNEQFF	NVFAFPFTI
CSAQSLAGEDEQFF	NVFAFPFTI
CASSQKDRPGGGYTF	NVFAFPFTI
CASSPRTSGIETQYF	NVFAFPFTI
CASSLVPNEQFF	NVFAFPFTI
CASSPGGSSYEQYF	NVFAFPFTI
CASSQEVPRDSTYEQYF	NVFAFPFTI
CASSASGGSTDTQYF	NVFAFPFTI
CASSQTGAEAFF	NVFAFPFTI
CASSFAGNEQFF	NVFAFPFTI
CASSGGAEAFF	NVFAFPFTI
CSARSSVVDRRADTQYF	NVFAFPFTI
CASSEGLGQPQHF	NVFAFPFTI
CASSSDLGPYEQYF	NVFAFPFTI
CAISDSVTPGETQYF	NVFAFPFTI
CSARAEEGGPRYEQYF	NVFAFPFTI
CSASFYNEQFF	NVFAFPFTI
CASSVELAGDLGELFF	NVFAFPFTI
CASSPPPLNTEAFF	NVFAFPFTI
CASSLSGETQYF	NVFAFPFTI
CASSSSGPKEGQPQHF	NVFAFPFTI
CASSAGGETQYF	NVFAFPFTI
CASSLHPGGYYEQYF	NVFAFPFTI
CSATTTSGTYYEQYF	NVFAFPFTI
CSAGGTGYTGELFF	NVFAFPFTI
CASSILAGNYNEQFF	NVFAFPFTI
CSATIPPWDRGQYEQYF	NVFAFPFTI
CSARDLGGGPNIYNEQFF	NVFAFPFTI
CASSLQGTGELFF	NVFAFPFTI
CASSFSGNEQFF	NVFAFPFTI
CASSNSGAGEF	NVFAFPFTI
CASSWGGYGYTF	NVFAFPFTI
CASSSGPGYTF	NVFAFPFTI
CASSFVDEQYF	NVFAFPFTI
CSGFRDAGTQYF	NVFAFPFTI
CSAISPSDSTYEQYF	NVFAFPFTI
CASSSNGETQYF	NVFAFPFTI
CASSLAMRGAYSYEQYF	NVFAFPFTI
CASSLSAEAFF	NVFAFPFTI
CASSPLLLPYEQYF	NVFAFPFTI
CASSFTGGYTF	NVFAFPFTI
CASSYDRTGVDRPQETQYF	NVFAFPFTI
CASSQDPTGGSGYTF	NVFAFPFTI
CASSLGTEYWF	NVFAFPFTI
CASSPLGYEQYF	NVFAFPFTI
CASSFSSVELFF	NVFAFPFTI
CASSQDTVDRGGTNEKLFF	NVFAFPFTI
CASSFDGSGYTF	NVFAFPFTI
CASSLPSGGGLGELFF	NVFAFPFTI
CASSLGQPQHF	NVFAFPFTI
CASSKGRYTF	NVFAFPFTI
CASSLTTEADTQYF	NVFAFPFTI
CATSSGHQETQYF	NVFAFPFTI
CSVEDGDRNYNEQFF	NVFAFPFTI
CASSFGADTQYF	NVFAFPFTI
CASSWGLYNEQFF	NVFAFPFTI
CASRKIAGYNEQFF	NVFAFPFTI
CASSVYGNTEAFF	NVFAFPFTI
CATSSGSGSGYEQYF	NVFAFPFTI
CASSHAGTDYEQYF	NVFAFPFTI
CASSRLRRTGNIYGYTF	NVFAFPFTI
CASGTDTQYF	NVFAFPFTI
CASIPGGLAGPPSRDTQYF	NVFAFPFTI
CASSYSPSAYEQFF	NVFAFPFTI
CASSVSQGERTEAFF	NVFAFPFTI
CASNPGTGSPNEQFF	NVFAFPFTI
CASSPTDTQYF	NVFAFPFTI
CAISDRGDTIYF	NVFAFPFTI
CASSYGGDTQYF	NVFAFPFTI
CSVRTGSPEAFF	NVFAFPFTI
CAWGQTGSDTQYF	NVFAFPFTI
CASSYAGELFF	NVFAFPFTI
CATSIWNEQFF	NVFAFPFTI
CASSHEPAGGWYNEQFF	NVFAFPFTI
CASSTAGQGSLDGYTF	NVFAFPFTI
CASSNRQQGSYEQYF	NVFAFPFTI
CASSSLETQYF	NVFAFPFTI
CASSLAGELFF	NVFAFPFTI
CASSNRQGAVNSPLHF	NVFAFPFTI
CSVVWQGAKVAGELFF	NVFAFPFTI
CASSGAGSEQYF	NVFAFPFTI
CASSGAGGQADTQYF	NVFAFPFTI
CSVEDGGGYEQYF	NVFAFPFTI
CASSSGQGVSYTGELFF	NVFAFPFTI
CSARGVGGLHYEQYF	NVFAFPFTI
CAIGPPNGYTF	NVFAFPFTI
CASSFSYEQYF	NVFAFPFTI
CSYRGAFLTGDDVYGYTF	NVFAFPFTI
CASSLNGETQYF	NVFAFPFTI
CASSKSDRPIAKNIQYF	NVFAFPFTI
CASSFTSEQFF	NVFAFPFTI
CASSYAGETQYF	NVFAFPFTI
CASSAGTPIAFF	NVFAFPFTI
CASSLAGGELFF	NVFAFPFTI
CASSLVATQYF	NVFAFPFTI
CASSLAGGSYNEQFF	NVFAFPFTI
CASSLTGEEQYF	NVFAFPFTI
CSVEIGQGNEQFF	NVFAFPFTI
CASSYSISGLGSSYNEQFF	NVFAFPFTI
CASSPPDFPSYNEQFF	NVFAFPFTI
CASSQLDFPLEQYF	NVFAFPFTI
CASSPSGNEQYF	NVFAFPFTI
CASSTELGSYNEQFF	NVFAFPFTI
CASSLQETQYF	NVFAFPFTI
CASSPTGEKLFF	NVFAFPFTI
CASRDQGQETQYF	NVFAFPFTI
CATQGDSGNTIYF	NVFAFPFTI
CSANPQGGRVGETQYF	NVFAFPFTI
CASSLSWGGNTEAFF	NVFAFPFTI
CASSSTGGGTDTQYF	NVFAFPFTI
CASSWTGSEQFF	NVFAFPFTI
CASGLTEAFF	NVFAFPFTI
CASSLLGSNTGELFF	NVFAFPFTI
CASSGGAEQYF	NVFAFPFTI
CAISDLNTGGKGPYNEQFF	NVFAFPFTI
CASSSTNEQFF	NVFAFPFTI
CSVVRDTEAFF	NVFAFPFTI
CASSWSGRGYTF	NVFAFPFTI
CASSYSSGEQFF	NVFAFPFTI
CASSPLGTSGGGELFF	NVFAFPFTI
CATSDFQNEQFF	NVFAFPFTI
CASSTSGNTIYF	NVFAFPFTI
CAIDQGGAGAFF	NVFAFPFTI
CASSPTGFEQFF	NVFAFPFTI
CASSPTGETQYF	NVFAFPFTI
CASSTRTASETQYF	NVFAFPFTI
CASSLVGSNYEQYF	NVFAFPFTI
CAIRLIQGSNTEAFF	NVFAFPFTI
CASSFSGNEQFF	NVFAFPFTI
CSVDQGRGVQFF	NVFAFPFTI
CASSLPGELFF	NVFAFPFTI
CASSPTSYEQFF	NVFAFPFTI
CASSSQGGAFF	NVFAFPFTI
CASSPTGETQYF	NVFAFPFTI
CSATSSRGRGTNEKLFF	NVFAFPFTI
CASSGGDRPYEQYF	NVFAFPFTI
CSAFEEPSYEQYF	NVFAFPFTI
CAISESGRRYEQFF	NVFAFPFTI
CASSSWTSGTAYEQFF	NVFAFPFTI
CAISAGDITYEQYF	NVFAFPFTI
CSVETGTGHEQYF	NVFAFPFTI
CASSLDGETQYF	NVFAFPFTI
CSVEEGEHGNTIYF	NVFAFPFTI
CASSFGSVLTF	NVFAFPFTI
CASSPSGWVSFF	NVFAFPFTI
CASSPGGGEQYF	NVFAFPFTI
CSARDFLGGDSRGYTF	NVFAFPFTI
CASMYGHEQFF	NVFAFPFTI
CSARERETQYF	NVFAFPFTI
CASSLGGSLHEQYF	NVFAFPFTI
CASSPLGAGGYEQYF	NVFAFPFTI
CASSRGGPGELFF	NVFAFPFTI
CASSQGGIVYGYTF	NVFAFPFTI
CASSQVGEKLFF	NVFAFPFTI
CASSLSGANTEAFF	NVFAFPFTI
CASSLTGYEQYF	NVFAFPFTI
CSARDPSSYNSPLHF	NVFAFPFTI
CASSLAGQEYF	NVFAFPFTI
CASSETNF	NVFAFPFTI
CASSSTGYEQYF	NVFAFPFTI
CSLTSGRATDTQYF	NVFAFPFTI
CASSSSPGANTEAFF	NVFAFPFTI
CASGPSKGEGGYTF	NVFAFPFTI
CASSLTGGSGYTF	NVFAFPFTI
CSVEVGTGYEQYF	NVFAFPFTI
CASSYGGNNNEQFF	NVFAFPFTI
CASSFRSGVEPQHF	NVFAFPFTI
CASSRSGGMTDTQYF	NVFAFPFTI
CASSVSREQYF	NVFAFPFTI
CASSPTGNTQYF	NVFAFPFTI
CASSLGLAPDTQYF	NVFAFPFTI
CASLTGGITEAFF	NVFAFPFTI
CASSPTAPDITNQPQHF	NVFAFPFTI
CASRTDFQETQYF	NVFAFPFTI
CASSPYIRDL	NVFAFPFTI
CASSFGEQFF	NVFAFPFTI
CASSLQGETQYF	NVFAFPFTI
CASSEGGLYEQYF	NVFAFPFTI
CASSQREVYNEQFF	NVFAFPFTI
CASSPGLAANEQFF	NVFAFPFTI
CASSLGGAEAFF	NVFAFPFTI
CASHLTPAAYEQYF	NVFAFPFTI
CASSFTGYEQYF	NVFAFPFTI
CASSPTGHETQYF	NVFAFPFTI
CASSYASGGGYEQYF	NVFAFPFTI
CASTKLSTGPAQYF	NVFAFPFTI
CASSSTGASLFF	NVFAFPFTI
CASSFSVGYTF	NVFAFPFTI
CASSPTGSEQYF	NVFAFPFTI
CASSLDLVKLFF	NVFAFPFTI
CSVGTGLNEQYF	NVFAFPFTI
CASSLSYEQYF	NVFAFPFTI
CASSSPGTGWIQQYF	NVFAFPFTI
CASSRRAGQPQHF	NVFAFPFTI
CATGQGRETQYF	NVFAFPFTI
CASRRLAGGPTDTQYF	NVFAFPFTI
CASSLSGPEAFF	NVFAFPFTI
CASSFRGYEQYF	NVFAFPFTI
CASSLISEQFF	NVFAFPFTI
CASSLGPSQHF	NVFAFPFTI
CASGYTF	NVFAFPFTI
CASSLGTLEQYF	NVFAFPFTI
CASSSSGANYEQYF	NVFAFPFTI
CASSQSVGTEDYTDTQYF	NVFAFPFTI
CASSLSYEQYF	NVFAFPFTI
CASSPGTDSYEQYF	NVFAFPFTI
CASSSSGETQYF	NVFAFPFTI
CASSQPIGGNEQFF	NVFAFPFTI
CASSFFGLPDTEAFF	NVFAFPFTI
CASSPTGDEAFF	NVFAFPFTI
CASRVLAGYSEQYF	NVFAFPFTI
CASSPSGNTIYF	NVFAFPFTI
CASSPGYGQGYEQYF	NVFAFPFTI
CASSSAGETQYF	NVFAFPFTI
CASSFYGAAAFF	NVFAFPFTI
CASSLGLAGGKDTQYF	NVFAFPFTI
CASSSTGELFF	NVFAFPFTI
CASSWGTEAFF	NVFAFPFTI
CASSLGGDEQYF	NVFAFPFTI
CASSFAGANVLTF	NVFAFPFTI
CASSVVGVEQFF	NVFAFPFTI
CSVEVGSGNTIYF	NVFAFPFTI
CASSLVGAYNEQFF	NVFAFPFTI
CASSPNRDF	NVFAFPFTI
CASSPLSF	NVFAFPFTI
CSATQTGVNYGYTF	NVFAFPFTI
CASSFSYEQYF	NVFAFPFTI
CASLTFPGNEQFF	NVFAFPFTI
CASSPPTGELFF	NVFAFPFTI
CASSEHSSGGYNEQFF	NVFAFPFTI
CASSYSLIAAPNTGELFF	NVFAFPFTI
CASSLPGTGSGYTF	NVFAFPFTI
CASSYSEGVTEAFF	NVFAFPFTI
CASSYSIGREYEQFF	NVFAFPFTI
CASSTLAGGLTDTQYF	NVFAFPFTI
CASSLTGETQYF	NVFAFPFTI
CASSLSYEQYF	NVFAFPFTI
CASSPSGGGELFF	NVFAFPFTI
CASSSTGAEQYF	NVFAFPFTI
CASSYLASSYNEQFF	NVFAFPFTI
RASSSHAGQFF	NVFAFPFTI
CASSWGAGNIQYF	NVFAFPFTI
CASSPAQGRPYGYTF	NVFAFPFTI
CASGNGYYEQYF	NVFAFPFTI
CASSFLEGIGTGELFF	NVFAFPFTI
CASSYAAGDLNTEAFF	NVFAFPFTI
CASSERSSWENTEAFF	NVFAFPFTI
CASSLTGVYNEQFF	NVFAFPFTI
CASGSGVTYNEQFF	NVFAFPFTI
CASSYVGNEQFF	NVFAFPFTI
CASSHLSEQFF	NVFAFPFTI
CASSYSMTLDTTSGANVLTF	NVFAFPFTI
CASSLRDF	NVFAFPFTI
CASSLTPSTDTQYF	NVFAFPFTI
CASSTESMGNQPQHF	NVFAFPFTI
CASSYSLGSDNTEAFF	NVFAFPFTI
CASSPSGAEQYF	NVFAFPFTI
CASTQGLAGATGELFF	NVFAFPFTI
CASSPTGFGYTF	NVFAFPFTI
CASSLSTF	NVFAFPFTI
CSGFGPERDYGYTF	NVFAFPFTI
CASSLASSYNEQFF	NVFAFPFTI
CATQQGIEQYF	NVFAFPFTI
CASSYGSLAQYF	NVFAFPFTI
CASSVEGATPYNEQFF	NVFAFPFTI
CASSLYPGPSYEQYF	NVFAFPFTI
CASSYVGVNYGYTF	NVFAFPFTI
CASSTQGIGSYNEQFF	NVFAFPFTI
CASSYTGGGREGYTF	NVFAFPFTI
CASSYSSREEGSYEQYF	NVFAFPFTI
CASSEGSGRNTDTQYF	NVFAFPFTI
CASSPTGEGYTF	NVFAFPFTI
CASSSAGRSSYEQYF	NVFAFPFTI
CASSYSSNAYF	NVFAFPFTI
CAISESGSIHEQYF	NVFAFPFTI
CASSYSGETQYF	NVFAFPFTI
CASSGGTDSYEQYF	NVFAFPFTI
CASSFGPPEAFF	NVFAFPFTI
CASSQVGETQYF	NVFAFPFTI
CASSKGGPIEAFF	NVFAFPFTI
CASSLSGETQYF	NVFAFPFTI
CASSYSGGSPFF	NVFAFPFTI
CASSQLSLGGEKNEQFF	NVFAFPFTI
CASIGLAGTDTQYF	NVFAFPFTI
CSAGGVFVSYNEQFF	NVFAFPFTI
CASSLTPETYEQYF	NVFAFPFTI
CASSWTETQYF	NVFAFPFTI
CASSYSETQYF	NVFAFPFTI
CASSYGANEQFF	NVFAFPFTI
CASSMRGTSSYNEQFF	NVFAFPFTI
CASGTDTQYF	NVFAFPFTI
CASSLVGDEQFF	NVFAFPFTI
CASSPLLADEQFF	NVFAFPFTI
CASSQLAGDYEQYV	NVFAFPFTI
CASSVNSNQPQHF	NVFAFPFTI
CASSHAGELFF	NVFAFPFTI
CASSLAWKVSPTSYEQYF	NVFAFPFTI
CASSLGSGGYTF	NVFAFPFTI
CSATTGTSGSRSTDTQYF	NVFAFPFTI
CASSFSNLPFF	NVFAFPFTI
CASSQGNYEQYF	NVFAFPFTI
CASSLTGDEQFF	NVFAFPFTI
CASSEAVAGPYEQYF	NVFAFPFTI
CASSPTGNTIYF	NVFAFPFTI
CASTQGEEQFF	NVFAFPFTI
CASSRTGETQYF	NVFAFPFTI
CASSFQGAPDTQYF	NVFAFPFTI
CASSLQETQYF	NVFAFPFTI
CASSPREGGLGEKLFF	NVFAFPFTI
CASSDTGGNEQFF	NVFAFPFTI
CASSLSREAFF	NVFAFPFTI
CSAQEYNEQFF	NVFAFPFTI
CATKRQGNTEAFF	NVFAFPFTI
CASSEVGLALYNEQFF	NVFAFPFTI
CATSRGSRYEQYF	NVFAFPFTI
CASSSRQDLSYNEQFF	NVFAFPFTI
CAISDHGDSGANVLTF	NVFAFPFTI
CASSFLEPL	NVFAFPFTI
CASSPDGAADTQYF	NVFAFPFTI
CASSLVGGESPLHF	NVFAFPFTI
CALGQGAKETQYF	NVFAFPFTI
CASSLLGVEAFF	NVFAFPFTI
CSVEVGMGYEQYF	NVFAFPFTI
CASSYSLHGADYGYTF	NVFAFPFTI
CASSLGLYGYTF	NVFAFPFTI
CSVLQGGTEAFF	NVFAFPFTI
CASSYNIEGYSNQPQHF	NVFAFPFTI
CASSPPGGGLNEAFF	NVFAFPFTI
CSAQQGPRLTYEQYF	NVFAFPFTI
CSAWGVGSNQPQHF	NVFAFPFTI
CASSISSEQYF	NVFAFPFTI
CATSGREANVLTF	NVFAFPFTI
CASSYSEWGRTGTQYF	NVFAFPFTI
CASSIRTDYNEQFF	NVFAFPFTI
CASSYLADYNSPLHF	NVFAFPFTI
CSARDDKDYLDEQFF	NVFAFPFTI
CASSPSGLTDTQYF	NVFAFPFTI
CASSPSGETQYF	NVFAFPFTI
CASSANDFFSPLHF	NVFAFPFTI
CASSPDYSNIQYF	NVFAFPFTI
CASSPAGLKQFF	NVFAFPFTI
CASSWGGSAGNEQFF	NVFAFPFTI
CASSPTSKETQYF	NVFAFPFTI
CSASESRGAWEQYF	NVFAFPFTI
CASTVSGSEQYF	NVFAFPFTI
CASSKEKGGNTEAFF	NVFAFPFTI
CASSQDPSGLTYEQYF	NVFAFPFTI
CASSFAGVEQFF	NVFAFPFTI
CSVEGGQGYNEQFF	NVFAFPFTI
CSVESGQGFEQYF	NVFAFPFTI
CASSYSSGTIYF	NVFAFPFTI
CASSYPGGPQFF	NVFAFPFTI
CATSLAAGLFEQGTDTQYF	NVFAFPFTI
CASSLAGTQYF	NVFAFPFTI
CASSPTGAVTFF	NVFAFPFTI
CASSYGGTEQYF	NVFAFPFTI
CASSVDGLAEAFF	NVFAFPFTI
CASSFSFEQYF	NVFAFPFTI
CSVEEGKNEQFF	NVFAFPFTI
CASSLAGYNEQFF	NVFAFPFTI
CSALTGAGNTIYF	NVFAFPFTI
CASSLAYHQFF	NVFAFPFTI
CAAGQGFYEQYF	NVFAFPFTI
CSALLTDTNQPQHF	NVFAFPFTI
CSVVTGEDEQYF	NVFAFPFTI
CASSPGLGVQYF	NVFAFPFTI
CASSLQGFYEQYF	NVFAFPFTI
CASSQGYEQFF	NVFAFPFTI
CASSDGGGLYNEQFF	NVFAFPFTI
CASSMGQLLFF	NVFAFPFTI
CASSLGAAEAFF	NVFAFPFTI
CSVEEGTGFEQYF	NVFAFPFTI
CSAREMRTAIQAFF	NVFAFPFTI
CASSVAGLENEQFF	NVFAFPFTI
CASSWTGAYEQYF	NVFAFPFTI
CASSSSPRLSF	NVFAFPFTI
CASRLDPSRSYEQYF	NVFAFPFTI
CASSSGELFF	NVFAFPFTI
CASSFTSEQFF	NVFAFPFTI
CASSYPGGDHTF	NVFAFPFTI
CASSPSGAEQFF	NVFAFPFTI
CASSEYSGPYYEQYF	NVFAFPFTI
CASSPTGHEQYF	NVFAFPFTI
CASSYGGETQYF	NVFAFPFTI
CSAIEGLTYEQYF	NVFAFPFTI
CASSYNEQFF	NVFAFPFTI
CASSKGLADLGNGELFF	NVFAFPFTI
CSAVGLSVIYEQYF	NVFAFPFTI
CSARWEGPEQFF	NVFAFPFTI
CSAISGGTGELFF	NVFAFPFTI
CASSYTGELFF	NVFAFPFTI
CATNYGGFETQYF	NVFAFPFTI
CSAYPGGVSSYNSPLHF	NVFAFPFTI
CSVEVGSSYNEQFF	NVFAFPFTI
CSAWTGSNYGYTF	NVFAFPFTI
CSVGKGRTNTGELFF	NVFAFPFTI
CASSFGGETQYF	NVFAFPFTI
CASSFTGNTIYF	NVFAFPFTI
CASSQGAGINSPLHF	NVFAFPFTI
CASSLVDTQYF	NVFAFPFTI
CASSPTGYNEQFF	NVFAFPFTI
CASSLGGETQYF	NVFAFPFTI
CASSLTGETQYF	NVFAFPFTI
CASTYGGPNTEAFF	NVFAFPFTI
CASSPAGEKLFF	NVFAFPFTI
CSVEPGLVPPSGNTIYF	NVFAFPFTI
CSVDARGLAGGHGGNEQFF	NVFAFPFTI
CATSDFLAGNTGELFF	NVFAFPFTI
CASSDGYGYTF	NVFAFPFTI
CASGLDVGQGGGYTF	NVFAFPFTI
CSAVEGTDSYEQYF	NVFAFPFTI
CASSYLQGGTEAFF	NVFAFPFTI
CASSQEGLAGGPARTDTQYF	NVFAFPFTI
CASTTSTHEKLFF	NVFAFPFTI
CASSLTGEKLFF	NVFAFPFTI
CAISEEGQLEHF	NVFAFPFTI
CASRQGAGELFF	NVFAFPFTI
CSESPSGTGNSNGYTF	NVFAFPFTI
CASSSPDRGQETQYF	NVFAFPFTI
CASTYAGYGYTF	NVFAFPFTI
RASTGNGQGAKNSPLHF	NVFAFPFTI
CASSTTGCEQFF	NVFAFPFTI
CSGINGITEAFF	NVFAFPFTI
CASSFQVTNQPQHF	NVFAFPFTI
CASSYFGGAYEQYF	NVFAFPFTI
CSAILASTGELFF	NVFAFPFTI
CASSATGYEQYF	NVFAFPFTI
CATQGTVTYEQYF	NVFAFPFTI
CASSLMVPGTEAFF	NVFAFPFTI
CASSEYNQPQHF	NVFAFPFTI
CSVETGLAGTSSYNEQFF	NVFAFPFTI
CASSYSHEQYF	NVFAFPFTI
CSVDAGLNEQFF	NVFAFPFTI
CASSLSGTPSF	NVFAFPFTI
CASGGRELFF	NVFAFPFTI
CASSTGPEQFF	NVFAFPFTI
CASSYSPGDSYEQYF	NVFAFPFTI
CASSLHFNEKLFF	NVFAFPFTI
CASSLTGFGYTF	NVFAFPFTI
CATSRGSQETQYF	NVFAFPFTI
CASSFGVPGAGETQYF	NVFAFPFTI
CASSYTGTPSGEQYF	NVFAFPFTI
CSASGLAGAYEQYF	NVFAFPFTI
CASSPRTGYNEQFF	NVFAFPFTI
CASSPEGHLTYEQYF	NVFAFPFTI
CASSPSGNTIYF	NVFAFPFTI
CSSSGSGPEQFF	NVFAFPFTI
CASRAASGRAYEQYF	NVFAFPFTI
CSALLGGYTF	NVFAFPFTI
CASSFVAGGPTGELFF	NVFAFPFTI
CASSFAEKLFF	NVFAFPFTI
CASSLAGYTQYF	NVFAFPFTI
CASSSFDEQFF	NVFAFPFTI
CASSLGGSSYNEQFF	NVFAFPFTI
CASSPMGSGSLNEQFF	NVFAFPFTI
CASDYGAGFEQFF	NVFAFPFTI
CASSLILGETQYF	NVFAFPFTI
CSAKDRGYYEQYF	NVFAFPFTI
CASSFVAYEQYF	NVFAFPFTI
CASSPTGEKLFF	NVFAFPFTI
CASSFSSEQYF	NVFAFPFTI
CASAASGETQYF	NVFAFPFTI
CASSLGRPLHF	NVFAFPFTI
CASSLTGETQYF	NVFAFPFTI
CASSATGGDGYTF	NVFAFPFTI
CASSYSETQYF	NVFAFPFTI
CASSAGPGEGYEQYF	NVFAFPFTI
CASSLAVGLVNQPQHF	NVFAFPFTI
CASSFFSSKKAEAFF	NVFAFPFTI
CAISESRGGDNYEQYF	NVFAFPFTI
CASSLVGETQYF	NVFAFPFTI
CASSFTGREQYF	NVFAFPFTI
CASSPQGAPNYEQYF	NVFAFPFTI
CASSFSDTQYF	NVFAFPFTI
CASSYSPGHSYNEQFF	NVFAFPFTI
CASSLTGYEQYF	NVFAFPFTI
CASSWGTVTGELFF	NVFAFPFTI
CASSYSGETQYF	NVFAFPFTI
CASSLTGEELFF	NVFAFPFTI
CASSFAVEQYF	NVFAFPFTI
CASSFEGQEAFF	NVFAFPFTI
CATRTPSENEQFF	NVFAFPFTI
CSARATESGELFF	NVFAFPFTI
CASSFSYEQYF	NVFAFPFTI
CASSPRTEQETQYF	NVFAFPFTI
CASSLGGSSYNEQFF	NVFAFPFTI
CASSLSSEQYF	NVFAFPFTI
CASSLGGYGYTF	NVFAFPFTI
CASSGDNSYEQYF	NVFAFPFTI
CASSLKGETQYF	NVFAFPFTI
CASSVDLGSYEQYF	NVFAFPFTI
CATTGGNAEAFF	NVFAFPFTI
CASSSRHFSGNTIYF	NVFAFPFTI
CASSFVGEQYF	NVFAFPFTI
CASSLGLGGEAFF	NVFAFPFTI
CASSMGPADGYTF	NVFAFPFTI
LGLAEDTQYF	NVFAFPFTI
CASSYGGGVNEQFF	NVFAFPFTI
CASSIPTSENNEQFF	NVFAFPFTI
CASSLTYNQPQHF	NVFAFPFTI
CASSLQGNTEAFF	NVFAFPFTI
CASSVPGGEQFF	NVFAFPFTI
CASTFDSVEAFF	NVFAFPFTI
CASSRAGTSVETQYF	NVFAFPFTI
CASSPTGAIQYF	NVFAFPFTI
CASSLNSNQPQHF	NVFAFPFTI
CASSSSIYRGSQPQHF	NVFAFPFTI
CASSLEGFYRFF	NVFAFPFTI
CASSSGMPTQYF	NVFAFPFTI
CASSSLQGAYTEAFF	NVFAFPFTI
CASSVEGGLDEQFF	NVFAFPFTI
CASSGGTYNEQFF	NVFAFPFTI
CASSWTGEKLFF	NVFAFPFTI
CATSNQLRQHF	NVFAFPFTI
CASSPGLAETYEQYF	NVFAFPFTI
CASSSSGSYNEQFF	NVFAFPFTI
CASSFVYEQFF	NVFAFPFTI
CASGQGSYEQYF	NVFAFPFTI
CASSSASEQYF	NVFAFPFTI
CSALSGDHNYGYTF	NVFAFPFTI
CSIFGTGGTGELFF	NVFAFPFTI
CASSLAGTQYF	NVFAFPFTI
CASSTTPGRKLFF	NVFAFPFTI
CASSFDGGKLFF	NVFAFPFTI
CASSPLARTDTQYF	NVFAFPFTI
CSAWGEYEMNTEAFF	NVFAFPFTI
CASSSGGTEAFF	NVFAFPFTI
CASSPTEAFF	NVFAFPFTI
CASSFSLAGITDTQYF	NVFAFPFTI
CASSLNGANEQFF	NVFAFPFTI
CASSYVGPGELFF	NVFAFPFTI
CASSPSGTPGTEAFF	NVFAFPFTI
CATSRAAVGQGYEQYF	NVFAFPFTI
CASSPGTSRGEQFF	NVFAFPFTI
CSALYNEQFF	NVFAFPFTI
CASSSRNSGNTIYF	NVFAFPFTI
CASSGRTGALLSTGELFF	NVFAFPFTI
CASSLAGTRFF	NVFAFPFTI
CASSLGSEQFF	NVFAFPFTI
CASSLGLAEYEQYF	NVFAFPFTI
CASSFAGELFF	NVFAFPFTI
CSASGPGTSDFSYEQYF	NVFAFPFTI
CASSYKAEAFF	NVFAFPFTI
CASSLAGLQYF	NVFAFPFTI
CASSFSNTQYF	NVFAFPFTI
CASSQDSGGVGYTF	NVFAFPFTI
CASSFEVNRFYEQFF	NVFAFPFTI
CASSGPGNEQFF	NVFAFPFTI
CSVELGSGYNEQFF	NVFAFPFTI
CASSFSTEAFF	NVFAFPFTI
CASSYGGVGYTF	NVFAFPFTI
CASSTTGATQYF	NVFAFPFTI
CASSQGDRANSPLHF	NVFAFPFTI
CASSLLAGGTTDTQYF	NVFAFPFTI
CASSFSSEQYF	NVFAFPFTI
CSARDLGGHGANYGYTF	NVFAFPFTI
CASGQGAIEQYF	NVFAFPFTI
CASISVGTDYYGYTF	NVFAFPFTI
CASSPPPHSGPTGGQYF	NVFAFPFTI
CASSPRGDEQFF	NVFAFPFTI
CSASSGRETQYF	NVFAFPFTI
CATSEVQETQYF	NVFAFPFTI
CASSDGGETQYF	NVFAFPFTI
CASSGGGTFF	NVFAFPFTI
CASSTTGYEQYF	NVFAFPFTI
CSAQPGLADYEQYF	NVFAFPFTI
CSARSVAGGEKLFF	NVFAFPFTI
CASSHGPESGLGRNQPQHF	NVFAFPFTI
CASSEQGETQYF	NVFAFPFTI
CASSLRVSSQETQYF	NVFAFPFTI
CASSLGATNEQFF	NVFAFPFTI
CASSGSGRSYNEQFF	NVFAFPFTI
CASSPWAGANEQYF	NVFAFPFTI
CASSYSGGTQYF	NVFAFPFTI
CASSFAGNQFF	NVFAFPFTI
CATSRGPLGQSYEQYF	NVFAFPFTI
CAISEGQGIGTEAFF	NVFAFPFTI
CASSPVGYIGAFF	NVFAFPFTI
CASSQDGADASYEQYF	NVFAFPFTI
CATSDDRGVQPQHF	NVFAFPFTI
CASGQGSYEQYF	NVFAFPFTI
CASSPEGPFYEQYF	NVFAFPFTI
CASSLAQADAFF	NVFAFPFTI
CSARDIGSMNTEAFF	NVFAFPFTI
CASSPTSGRAVYEQYF	NVFAFPFTI
CSVEGLGTGPYEQYF	NVFAFPFTI
CASSQDLSRVNTEAFF	NVFAFPFTI
CASSFSGEQFF	NVFAFPFTI
CSARDQTSGTDTQYF	NVFAFPFTI
CASSYPGQEQFF	NVFAFPFTI
CASRVGTGGGTDTQYF	NVFAFPFTI
CASSLSYEQFF	NVFAFPFTI
CASSQGVGASGTQETQYF	NVFAFPFTI
CSARGTAISNYGYTF	NVFAFPFTI
CASSPSSEQFF	NVFAFPFTI
CSAVTSGGYFYEQYF	NVFAFPFTI
CASSYLGQANNEQFF	NVFAFPFTI
CASSLSSWYEQFF	NVFAFPFTI
CASSLDGYEQYF	NVFAFPFTI
CASSTRGASGRSYEQYF	NVFAFPFTI
CASSPGYEQYF	NVFAFPFTI
CASGGYEQYF	NVFAFPFTI
CASSPEGSAEAFF	NVFAFPFTI
CASSPTGHEQFF	NVFAFPFTI
CASNHGAEAFF	NVFAFPFTI
CASSFPIAGELFF	NVFAFPFTI
CSARTGDNEQFF	NVFAFPFTI
CASSYGEGEQFF	NVFAFPFTI
CASSSPIGQNGDTQYF	NVFAFPFTI
CATSRGGGPYEQYF	NVFAFPFTI
CASSAGGLEAFF	NVFAFPFTI
CASSFARIAFF	NVFAFPFTI
CASSQSYEQYF	NVFAFPFTI
CASSFIVNEKLFF	NVFAFPFTI
CASSESEGTAGRADTQYF	NVFAFPFTI
CASSLSGETQYF	NVFAFPFTI
CASSPSGEKLFF	NVFAFPFTI
RARLYERDTNNEQFF	NVFAFPFTI
CASSFQGLRYF	NVFAFPFTI
CSVESGTYEQYF	NVFAFPFTI
CASSLMRSYNEQFF	NVFAFPFTI
CASSQVDRGPYGYTF	NVFAFPFTI
CASSPTGHEQYF	NVFAFPFTI
CSARDLSGLNTEAFF	NVFAFPFTI
CASSFSSYEQYF	NVFAFPFTI
CASSFTGELFF	NVFAFPFTI
CASSEWTAEAFF	NVFAFPFTI
CASSWAGAGSYGYTF	NVFAFPFTI
CSAQALVEQYF	NVFAFPFTI
CASIFSGGYTF	NVFAFPFTI
CASSQGGETQYF	NVFAFPFTI
CSALGQGVNGYTF	NVFAFPFTI
CASSLQGAHTEAFF	NVFAFPFTI
CAISLQGAVEQFF	NVFAFPFTI
CSAYTGLAGPLYEQYF	NVFAFPFTI
CASSSSGTPSSYEQYF	NVFAFPFTI
CASGPETYEQYF	NVFAFPFTI
CATGTGELFF	NVFAFPFTI
CASSWDRVQFF	NVFAFPFTI
CASGGTLAGNSPLHF	NVFAFPFTI
CATSDNTGPEQYF	NVFAFPFTI
CASSFAGPETQYF	NVFAFPFTI
CASSQELTGELFF	NVFAFPFTI
CASSFLGELFF	NVFAFPFTI
CASSSDGFGGYTF	NVFAFPFTI
CSAREVGFDQPQHF	NVFAFPFTI
CASSWDRVYEQYF	NVFAFPFTI
CASSFVGVFNEQFF	NVFAFPFTI
CASSLGLGQPQHF	NVFAFPFTI
CASSLTGETQYF	NVFAFPFTI
CASSFRDGYEQYF	NVFAFPFTI
CASSQVGEKLFF	NVFAFPFTI
CASRRLAGVYNEQFF	NVFAFPFTI
CASSSHGEIAYNEQFF	NVFAFPFTI
CASTNIDRPGYEQYF	NVFAFPFTI
CASDRSGEAFF	NVFAFPFTI
CASRPTSGVSGELFF	NVFAFPFTI
CSAKPGLVQFF	NVFAFPFTI
CASSQELGQPQHF	NVFAFPFTI
CASSSTGSPEAFF	NVFAFPFTI
CASSPSGNTIYF	NVFAFPFTI
CASSYGGRTGGSYNEQFF	NVFAFPFTI
CASSLEGLVGYTDTQYF	NVFAFPFTI
CASSYGATEAFF	NVFAFPFTI
CANQRGAGELFF	NVFAFPFTI
CATSGPNAGVQETQYF	NVFAFPFTI
CASSGDGNSGNTIYF	NVFAFPFTI
CASSQGLAGGPKTQYF	NVFAFPFTI
CASSAEGWTEAFF	NVFAFPFTI
CASSKRWGGPNEKLFF	NVFAFPFTI
CASSINSGAVNEQFF	NVFAFPFTI
CATSNGLAGDSEQFF	NVFAFPFTI
CASSPSGYEQYF	NVFAFPFTI
CASSGHRNTEAFF	NVFAFPFTI
CASSLGVLNTEAFF	NVFAFPFTI
CSALGYGPGTTEAFF	NVFAFPFTI
CASSPSGAEQYF	NVFAFPFTI
CASSPTGYEQYF	NVFAFPFTI
CASSSFSGTEYGYTF	NVFAFPFTI
CATSRVGGGPEQYF	NVFAFPFTI
CSALSTSPGDSPLHF	NVFAFPFTI
CASTFGGLAANEQFF	NVFAFPFTI
CASSLSGAVTDTQYF	NVFAFPFTI
CASSPTAETQYF	NVFAFPFTI
CASSFSGTQYF	NVFAFPFTI
CASSDPGNTIYF	NVFAFPFTI
CASSGQGETQYF	NVFAFPFTI
CASSEVGGAMNTEAFF	NVFAFPFTI
CASGPSEPDGYTF	NVFAFPFTI
CSASLTDTQYF	NVFAFPFTI
CASEYGNTIYF	NVFAFPFTI
CASSQVTGGSDYGYTF	NVFAFPFTI
CATTSGGYNEQFF	NVFAFPFTI
CASRRTSGRAEETQYF	NVFAFPFTI
CASSKGDGYTF	NVFAFPFTI
CASSLVLAGRWTQETQYF	NVFAFPFTI
CASGASVEFF	NVFAFPFTI
CASSSTGGSTDTQYF	NVFAFPFTI
CASSLTGAVPDTQYF	NVFAFPFTI
CASSTGEAYEQYF	NVFAFPFTI
CASSLTGGTEAFF	NVFAFPFTI
CASSPSGATQYF	NVFAFPFTI
CASVGLAMDNEQFF	NVFAFPFTI
CSARAGWQGNYGYTF	NVFAFPFTI
CSVETGGGNIQYF	NVFAFPFTI
CASTMGDTQYF	NVFAFPFTI
CASSERGPIDTQYF	NVFAFPFTI
CSVVTGIYEQYF	NVFAFPFTI
CASSLQAQETQYF	NVFAFPFTI
CASSFGEKLFF	NVFAFPFTI
CASSPGGGEQFF	NVFAFPFTI
CASSLREF	NVFAFPFTI
CASSSENQPQHF	NVFAFPFTI
CASSIGSYGYTF	NVFAFPFTI
CASGATITSYEQFF	NVFAFPFTI
CSVETGLNTEAFF	NVFAFPFTI
CASSSGGVEQYF	NVFAFPFTI
CASSYSRARGRQETQYF	NVFAFPFTI
CASSFTGASTDTQYF	NVFAFPFTI
CASSQLEKLFF	NVFAFPFTI
CASGYVGADTQYF	NVFAFPFTI
CATCTSGQETQYF	NVFAFPFTI
CSPGLDNEQFF	NVFAFPFTI
CTSRSSYNEQFF	NVFAFPFTI
CASSGDSREFF	NVFAFPFTI
CSAHTTSGEETQYF	NVFAFPFTI
CASSLVSSGNNEQFF	NVFAFPFTI
CASSLAEMTGTTEAFF	NVFAFPFTI
CASSLTGEQYF	NVFAFPFTI
CSVFGPTSGAFQETQYF	NVFAFPFTI
CAISETGYEQFF	NVFAFPFTI
CASSYSPTGTSGAAQYF	NVFAFPFTI
CASSLSYEQYF	NVFAFPFTI
CASSMGQGYYYEQYF	NVFAFPFTI
CASSLGQPYEQYF	NVFAFPFTI
CASSPDTQYF	NVFAFPFTI
CASSLSYEQYF	NVFAFPFTI
CASSYTGSGEQYF	NVFAFPFTI
CASSIGGFGYEQYF	NVFAFPFTI
CASSQVGDRLYEQYF	NVFAFPFTI
CASSFAGGQLDTQYF	NVFAFPFTI
CASSVSGETQYF	NVFAFPFTI
CASSGDLPIEQYF	NVFAFPFTI
CSASDRDSRYEQYF	NVFAFPFTI
CASAFSHEQFF	NVFAFPFTI
CASGPAGARGYGYTF	NVFAFPFTI
CASSYTGGEQFF	NVFAFPFTI
CASSFSYPYEQYF	NVFAFPFTI
CASSPTGNEQFF	NVFAFPFTI
CASSLSSEQYF	NVFAFPFTI
CSALLGRVNNEQFF	NVFAFPFTI
CASSPGAPSSYEQYF	NVFAFPFTI
CASSPSGNTIYF	NVFAFPFTI
CASSLISASYEQYF	NVFAFPFTI
CASSLTDTQYF	NVFAFPFTI
CASSSGPGYTF	NVFAFPFTI
CASSSRLAGEPTKIF	NVFAFPFTI
CASTPGASGIGNEQFF	NVFAFPFTI
CASSFTGAGETQYF	NVFAFPFTI
CATGQASSGNTIYF	NVFAFPFTI
CASSSPNSNQPQHF	NVFAFPFTI
CASSLSSYQYF	NVFAFPFTI
CASSLTAEAFF	NVFAFPFTI
CASSLKERIGEQYF	NVFAFPFTI
CASSATGSEQYF	NVFAFPFTI
CASSGGLAGGPAQETQYF	NVFAFPFTI
CATSSTDTQYF	NVFAFPFTI
CASSPTGYIQYF	NVFAFPFTI
CASSLSVGGAYEQYF	NVFAFPFTI
CASSFQPGQGGSEAFF	NVFAFPFTI
CASSPTGYEQYF	NVFAFPFTI
CSAPRSTHSSYEQYF	NVFAFPFTI
CASSREGGYYEQYF	NVFAFPFTI
CASSVEGGPDTQYF	NVFAFPFTI
CSATGTGTHPLYEQYF	NVFAFPFTI
CASSDAPGTGVGEQYF	NVFAFPFTI
CASSQEGLAGGPSTDTQYF	NVFAFPFTI
CSASLMSPGANEKLFF	NVFAFPFTI
CASSLGVEETQYF	NVFAFPFTI
CASRTVKNIQYF	NVFAFPFTI
CASGPGYNEQFF	NVFAFPFTI
CSVPPGADNYGYTF	NVFAFPFTI
CASSYSWDPADYGYTF	NVFAFPFTI
CASSVDSGSYEQYF	NVFAFPFTI
CASSYSMGGLNTEAFF	NVFAFPFTI
CASTPAGGVQYF	NVFAFPFTI
CASSQGLPGADTQYF	NVFAFPFTI
CASSFSETQYF	NVFAFPFTI
CASGFTGSGANVLTF	NVFAFPFTI
CASSVAEGQPQHF	NVFAFPFTI
CASTFSGELFF	NVFAFPFTI
CASSFGGGGQETQYF	NVFAFPFTI
CASSYSRDVKNTGELFF	NVFAFPFTI
CASSQVGGGEKLFF	NVFAFPFTI
CASSLTGETQYF	NVFAFPFTI
CASSFSDTQYF	NVFAFPFTI
CASSYSRAGPNTGELFF	NVFAFPFTI
CASKGLAGGTDTQYF	NVFAFPFTI
CASSLTPALDTQYF	NVFAFPFTI
CASSSTGGGTDTQYF	NVFAFPFTI
CASGLDGEQYF	NVFAFPFTI
CASSSGPGYTF	NVFAFPFTI
CSVSSGRGYEQYF	NVFAFPFTI
CASSHYDGGYNEQFF	NVFAFPFTI
CASSLDGGGWFF	NVFAFPFTI
CSARRLAGINEQFF	NVFAFPFTI
CAITGTAEQYF	NVFAFPFTI
CASSGTPGLAASEQYF	NVFAFPFTI
CASSFVGTATF	NVFAFPFTI
CASSSGGTEAFF	NVFAFPFTI
CASSFAPYEQYF	NVFAFPFTI
CASSSTGAGTDTQYF	NVFAFPFTI
CASYRVSGANVLTF	NVFAFPFTI
CASSRTGYNEQFF	NVFAFPFTI
CASSRGLAGQETQYF	NVFAFPFTI
CAWSSTFGAGEYEQYF	NVFAFPFTI
CASSYDENGGDDNEKLFF	NVFAFPFTI
CASSLAGQQFF	NVFAFPFTI
CASSSGFGEQYF	NVFAFPFTI
CASSFVTGVTDTQYF	NVFAFPFTI
CASSLSGETQYF	NVFAFPFTI
CASSVETSKLYGYTF	NVFAFPFTI
CASSDQGLGQSSSSYEQYF	NVFAFPFTI
CSVLQGSGYTF	NVFAFPFTI
CASGGAEQFF	NVFAFPFTI
CASSFPSNPDQFF	NVFAFPFTI
CASSLVGEDYEQYF	NVFAFPFTI
CASSYIYEQYF	NVFAFPFTI
CASISANIQYF	NVFAFPFTI
CSARQGVSAFF	NVFAFPFTI
CASRTGTGGAVLWAFF	NVFAFPFTI
CASSLSGFLYEQYF	NVFAFPFTI
CASSYDRVNTEAFF	NVFAFPFTI
CASSQGGETQYF	NVFAFPFTI
CASSSGTVEHF	NVFAFPFTI
CSARDLGLAGVMQYF	NVFAFPFTI
CASGQTGELFF	NVFAFPFTI
CASSYYEGDGYGYTF	NVFAFPFTI
CASSFLTGELFF	NVFAFPFTI
CASSASGELFF	NVFAFPFTI
CASIEDGARGNTEAFF	NVFAFPFTI
CASYSGNTIYF	NVFAFPFTI
CSATAGQETQYF	NVFAFPFTI
CASRLLLDGNTEAFF	NVFAFPFTI
CASSFSDTQYF	NVFAFPFTI
CSARDLSGRPEQYF	NVFAFPFTI
CASSFTGGELFF	NVFAFPFTI
CASSLGGGTTNTDTQYF	NVFAFPFTI
CSAIGGISSYEQYF	NVFAFPFTI
CSASGTSGRPYQETQYF	NVFAFPFTI
CASSSPHELTQYF	NVFAFPFTI
CASSFTGSSYEQYF	NVFAFPFTI
CSVLTGTYEQYF	NVFAFPFTI
CASSLVGETQYF	NVFAFPFTI
CSAPSGGAAETQYF	NVFAFPFTI
CASTPGNRRYYGYTF	NVFAFPFTI
CASSQDAGGPYSYNEQFF	NVFAFPFTI
CASRETGTYNEQFF	NVFAFPFTI
CASGLAGPNEQFF	NVFAFPFTI
CSADAVSTDTQYF	NVFAFPFTI
CASTHSTGTANTGELFF	NVFAFPFTI
CSGTTGDSEQYF	NVFAFPFTI
CSAIPGQDSYEQYF	NVFAFPFTI
CASSYGGTEAFF	NVFAFPFTI
CASSPTGVAYTF	NVFAFPFTI
CASSSELSLEQFF	NVFAFPFTI
CASSGPGFAEKLFF	NVFAFPFTI
CASSPQGNTEAFF	NVFAFPFTI
CASSLDGFEQYF	NVFAFPFTI
CASSLGQYEQYF	NVFAFPFTI
CASSFTSYEQYF	NVFAFPFTI
CASSYSEGLTEAFF	NVFAFPFTI
CASSELSHTEAFF	NVFAFPFTI
CASTLVGRGYTF	NVFAFPFTI
CASSGHLAETQYF	NVFAFPFTI
CSVQTGGGYEQYF	NVFAFPFTI
CASSPAGAERLF	NVFAFPFTI
CASSPGANVLTF	NVFAFPFTI
CASSLGVTYNEQFF	NVFAFPFTI
CASSLRLVVHEQYF	NVFAFPFTI
CASSSTGSAYEQYF	NVFAFPFTI
CASSSGGRISYEQYF	NVFAFPFTI
CASSPKGSGELFF	NVFAFPFTI
CASTLRDTSYEQYF	NVFAFPFTI
CASSVGLLNEQFF	NVFAFPFTI
CASSPGTDSYEQYF	NVFAFPFTI
CASSPFLSPDTQYF	NVFAFPFTI
CASGLAGAYEQYF	NVFAFPFTI
CSSTSGDTYEQYF	NVFAFPFTI
CASSPPGGETQYF	NVFAFPFTI
CSASLGQETQYF	NVFAFPFTI
CASSLGLAGGRTYEQYF	NVFAFPFTI
CSAEQGTGYEQYF	NVFAFPFTI
CASSPDGAGNTIYF	NVFAFPFTI
CSVPRRDRGTGELFF	NVFAFPFTI
CASSLAAPYEQYF	NVFAFPFTI
CASNRGEDTQYF	NVFAFPFTI
CASSFPGNEQFF	NVFAFPFTI
CASSEQAGGLAEAFF	NVFAFPFTI
CASSLVGGETQYF	NVFAFPFTI
CASMDGLSIYEQYF	NVFAFPFTI
CASSTTGGLGFF	NVFAFPFTI
CAISGTDSSYEQYF	NVFAFPFTI
CASSHGWGPEAFF	NVFAFPFTI
CAIGTVSNQPQHF	NVFAFPFTI
CASFGTSNTGELFF	NVFAFPFTI
CASSPSGGETQYF	NVFAFPFTI
CASIDLVGYGYTF	NVFAFPFTI
CASSLASSGSYEQYF	NVFAFPFTI
CASSSTGNEQFF	NVFAFPFTI
CASSSAGAGTDTQYF	NVFAFPFTI
CASSSPHRGDKSGDTEAFF	NVFAFPFTI
CASGSGPGYTF	NVFAFPFTI
CASSLGGYQPQHF	NVFAFPFTI
CSVEASGGTTGELFF	NVFAFPFTI
CASSDDRSYEQYF	NVFAFPFTI
CASSQTGEIQYF	NVFAFPFTI
CASSLAEGHPMNGYTF	NVFAFPFTI
CASSYDSLGQRSSYNEQFF	NVFAFPFTI
CASTHGGLQAEKLFF	NVFAFPFTI
CASSPTGNEQFF	NVFAFPFTI
CSVLIYNEQFF	NVFAFPFTI
CASSPDAGLSYEQYF	NVFAFPFTI
CASSLDGGYTF	NVFAFPFTI
CASSWTGENYGYTF	NVFAFPFTI
CASSLSVTQYF	NVFAFPFTI
CASSMTGVEQYF	NVFAFPFTI
CASSHGTSGVGAYEQYF	NVFAFPFTI
CASSWDYQQFF	NVFAFPFTI
CASSSTGYTIYF	NVFAFPFTI
CASSPGAEAFF	NVFAFPFTI
CASSPRLAGQETQYF	NVFAFPFTI
RASSFTPRRRYNEQFF	NVFAFPFTI
CATSRERGPYNEQFF	NVFAFPFTI
CASSFASEQYF	NVFAFPFTI
CASGPGKQFF	NVFAFPFTI
CASSSWNTEAFF	NVFAFPFTI
CASSLAGGLFSPDTQYF	NVFAFPFTI
CASSQDFHEQFF	NVFAFPFTI
CAISGLAENNEQFF	NVFAFPFTI
CASSLGFSSGTNSYEQYF	NVFAFPFTI
CASSAGNEKLFF	NVFAFPFTI
CASSPGTTSYEQYF	NVFAFPFTI
CSARDGTSGRAEQFF	NVFAFPFTI
CAIGYNEQFF	NVFAFPFTI
CASSESEGYPSYEQYF	NVFAFPFTI
CATQGAGGPEQFF	NVFAFPFTI
CASSLLAGGYNEQFF	NVFAFPFTI
CASSLLPGVSGNTIYF	NVFAFPFTI
CASSPDSPSYEQYF	NVFAFPFTI
CASSTGLYEQYF	NVFAFPFTI
CASWGQGGWYTEAFF	NVFAFPFTI
CASSLSGANEQFF	NVFAFPFTI
CASSFHGEQYF	NVFAFPFTI
CSARDKRAGEIHGYTF	NVFAFPFTI
CASSSFQGFGELFF	NVFAFPFTI
CASRTKGHWQPQHF	NVFAFPFTI
CSPP	NVFAFPFTI
CASSQGRGGVYEQYF	NVFAFPFTI
CASSFGQAKYF	NVFAFPFTI
CSATTSGISYNEQFF	NVFAFPFTI
CASSTGSYEQYF	NVFAFPFTI
CASSRSGETQYF	NVFAFPFTI
CATSRAPAGQGYEQYF	NVFAFPFTI
CASSAGQFEQYF	NVFAFPFTI
CASSQDRGTGGYEQYF	NVFAFPFTI
CSARIAGGVGEQFF	NVFAFPFTI
CASSFTGYNEQFF	NVFAFPFTI
CASSWTSHEQYF	NVFAFPFTI
CASSFGALGTF	NVFAFPFTI
CASSFIRSQPQHF	NVFAFPFTI
CASSFGADTQYF	NVFAFPFTI
CASSATGETQYF	NVFAFPFTI
CASSFTAEAYEQYF	NVFAFPFTI
CSAIITGKSYEQYF	NVFAFPFTI
CASSPSGGTAFF	NVFAFPFTI
CASSVELAGLFNEQFF	NVFAFPFTI
CASSLDGNEQFF	NVFAFPFTI
CASSPRTGTQYF	NVFAFPFTI
CASSLGQDDYEQYF	NVFAFPFTI
CASSLGTSGFDEQFF	NVFAFPFTI
CASSFRVEQFF	NVFAFPFTI
CSVEQGTYEQYF	NVFAFPFTI
CASSYSGETQYF	NVFAFPFTI
CASSPWTYEQYF	NVFAFPFTI
CASSLTNQETQYF	NVFAFPFTI
CASGQGADTQYF	NVFAFPFTI
CSVMGQNTGELFF	NVFAFPFTI
CASSFSVGNTEAFF	NVFAFPFTI
CSAVTSGTSYEQYF	NVFAFPFTI
CASSYVYEQYF	NVFAFPFTI
CASSESTDGAYGYTF	NVFAFPFTI
CASSEEGRGPHNEQFF	NVFAFPFTI
CASSEGGGSTDTQYF	NVFAFPFTI
CATSREGQETQYF	NVFAFPFTI
CASSEDLSGDYEQYF	NVFAFPFTI
CASSPTGYEQYF	NVFAFPFTI
CASRQGGHEQYF	NVFAFPFTI
CSAVGQSSYNEQFF	NVFAFPFTI
CSASESDRTYEQYF	NVFAFPFTI
CSAREDRLVEQFF	NVFAFPFTI
CASSASRDPPHGSYNEQFF	NVFAFPFTI
CASSFSGEQYF	NVFAFPFTI
CSARTSGGEQYF	NVFAFPFTI
CASSQLAGVADTQYF	NVFAFPFTI
CASSMVPGSATEAFF	NVFAFPFTI
CASSQPGDRSTDTQYF	NVFAFPFTI
CASSSGLAGGPDTQYF	NVFAFPFTI
CASSVGQDGYTF	NVFAFPFTI
CASGSTISGSTYNEQFF	NVFAFPFTI
CATSGGQGVYNEQFF	NVFAFPFTI
CASSPGGEKLFF	NVFAFPFTI
CATSRLTGALMNTEAFF	NVFAFPFTI
CSALTGENIQYF	NVFAFPFTI
CASSLSGQGQNF	NVFAFPFTI
CASSPTGFEAFF	NVFAFPFTI
CASSEGAGYNEQFF	NVFAFPFTI
CASSFPGGEQFF	NVFAFPFTI
CASSPDGMGTEAFF	NVFAFPFTI
CASSIGGGWVFF	NVFAFPFTI
CSVVLANTDTQYF	NVFAFPFTI
CASSFSIGRVF	NVFAFPFTI
CASSLYGPEQYF	NVFAFPFTI
CASSYPRAEQFF	NVFAFPFTI
CASSLGETQYF	NVFAFPFTI
CASSLGTGGEQYF	NVFAFPFTI
CSARTGAEETQYF	NVFAFPFTI
CASSVGDEKLFF	NVFAFPFTI
CASSAQGGGTDTQYF	NVFAFPFTI
CASSPPRYEQYF	NVFAFPFTI
CASSQDHGGDGYTF	NVFAFPFTI
CARTALGESTDTQYF	NVFAFPFTI
CASGSTDTQYF	NVFAFPFTI
CASSYSGEKLFF	NVFAFPFTI
CASSPGTSGTYEQYF	NVFAFPFTI
CASSFSPGELFF	NVFAFPFTI
CASSPYLGGYEQYF	NVFAFPFTI
CASSSFGSSYEQYF	NVFAFPFTI
CASSFSDTQYF	NVFAFPFTI
CASSLFDPTRAYMVETQYF	NVFAFPFTI
CASSLGNEQFF	NVFAFPFTI
CASSGWNSYNEQFF	NVFAFPFTI
CASSPGMQPEAFF	NVFAFPFTI
CASSFISELFF	NVFAFPFTI
CASSVETVYNEQFF	NVFAFPFTI
CSVQSGRGTEAFF	NVFAFPFTI
CASSQAGEKLFF	NVFAFPFTI
CASSFGPLAKNIQYF	NVFAFPFTI
CSVWTGAGELFF	NVFAFPFTI
CASSLVGAELAF	NVFAFPFTI
CASSQTESSYEQYF	NVFAFPFTI
CASTYSGSSYTF	NVFAFPFTI
CASSHTGELFF	NVFAFPFTI
CASRGDRLSSYEQYF	NVFAFPFTI
CASSYGGNQPQHF	NVFAFPFTI
CASSQDTLRNEKLFF	NVFAFPFTI
CASSAVTGYNEQFF	NVFAFPFTI
CASSAFFGLAGGGKETQYF	NVFAFPFTI
CASSYQTEIYGYTF	NVFAFPFTI
CASSFRGTEAFF	NVFAFPFTI
CATSRQDQETQYF	NVFAFPFTI
CASSPDHYEQYF	NVFAFPFTI
CASSPGTGVYNEQFF	NVFAFPFTI
CASSLGRATEAFF	NVFAFPFTI
CASSWTGGGGYTF	NVFAFPFTI
CASSTWTSGPSYNEQFF	NVFAFPFTI
CASSAGTGGSYEQYF	NVFAFPFTI
CASILSGGEGEQYF	NVFAFPFTI
CASSYGGDTQYF	NVFAFPFTI
CASSLSGEGYTF	NVFAFPFTI
CASGRERSYNEQFF	NVFAFPFTI
CATSRGSKETQYF	NVFAFPFTI
CSAYDRVVKNIQYF	NVFAFPFTI
CSVYRGGDEQFF	NVFAFPFTI
CASSYSAYEQYF	NVFAFPFTI
CASSGTGGETQYF	NVFAFPFTI
CASGWGSLFF	NVFAFPFTI
CSASHHLRSYEQYF	NVFAFPFTI
CSEAGGRSGEQFF	NVFAFPFTI
CASRQYSNQPQHF	NVFAFPFTI
CSALITPVSANQPQHF	NVFAFPFTI
CASSVEGAGAKNIQYF	NVFAFPFTI
CASQAGAGELFF	NVFAFPFTI
CASTLGGEKLFF	NVFAFPFTI
CASSASGTYNEQFF	NVFAFPFTI
CSATQGSGELFF	NVFAFPFTI
CASSRRGGEQFF	NVFAFPFTI
CASSWTGNEQYF	NVFAFPFTI
CARPGGSATAKNIQYF	NVFAFPFTI
CSARDEATGNEKLFF	NVFAFPFTI
CASSNPGYLYEQYF	NVFAFPFTI
CSARPTRLAGVHEQYF	NVFAFPFTI
CASSSSGGSTDTQYF	NVFAFPFTI
CASSFGTEYTF	NVFAFPFTI
CASSFNEQFF	NVFAFPFTI
CASSPSRGSGQETQYF	NVFAFPFTI
CSVETGNSGNTIYF	NVFAFPFTI
CASGGMGSGHPGELFF	NVFAFPFTI
CASSVVDYTTDTQYF	NVFAFPFTI
CASSLVGQSYEQYF	NVFAFPFTI
CSVVTGNTGELFF	NVFAFPFTI
CASSNMGLGQPQHF	NVFAFPFTI
CASSFSYEQYF	NVFAFPFTI
CASGDTGELFF	NVFAFPFTI
CASSTWTGENTEAFF	NVFAFPFTI
CASSWGSSNGELFF	NVFAFPFTI
CASSPTGGGEQYF	NVFAFPFTI
CASSPWRDTLIGTEAFF	NVFAFPFTI
CASSSSIGYTF	NVFAFPFTI
CASSFPTPEQFF	NVFAFPFTI
CASSLLGETQYF	NVFAFPFTI
CASSVNGPEAFF	NVFAFPFTI
CASSLSGELFF	NVFAFPFTI
CASSGTGGLPLYGYTF	NVFAFPFTI
CASSLGETQYF	NVFAFPFTI
CASSFGAYNEQFF	NVFAFPFTI
CASSLIDQPQHF	NVFAFPFTI
CASRPGLADHNEQFF	NVFAFPFTI
CASSEWGEQPQHF	NVFAFPFTI
CASSSGGQQTYEQYF	NVFAFPFTI
CASSLTESSYNEQFF	NVFAFPFTI
CASSPSGETQYF	NVFAFPFTI
CASNLAGGDEQYF	NVFAFPFTI
CASSWGGELFF	NVFAFPFTI
CASSQEVGQPQHF	NVFAFPFTI
CSVEAGTGFMQFF	NVFAFPFTI
CASSSQGEKLFF	NVFAFPFTI
CASTHNQPQHF	NVFAFPFTI
CASSLVGRGGGAYEQYF	NVFAFPFTI
CASSFSYEQYF	NVFAFPFTI
CASSQVGGASHEQYF	NVFAFPFTI
CASSRGLAGSYGGELFF	NVFAFPFTI
CASSQGVYEQYF	NVFAFPFTI
CASSNSGGSTDTQYF	NVFAFPFTI
CASANDQGALGETQYF	NVFAFPFTI
CASSPDYNEQFF	NVFAFPFTI
CSATQASSEQYF	NVFAFPFTI
CASSSGSQGGYEQYF	NVFAFPFTI
CSVETGGGYEQYF	NVFAFPFTI
CATSRTDRGEQYF	NVFAFPFTI
CSVYRGSGTEAFF	NVFAFPFTI
CASSSAGPNYEQYF	NVFAFPFTI
CASTPGGGFDNEQFF	NVFAFPFTI
CASSSTGGVLTF	NVFAFPFTI
CASSPTGKLAFF	NVFAFPFTI
CASSPVISGTEAFF	NVFAFPFTI
CASSPSLSGTEAFF	NVFAFPFTI
CSETLQGAGGYTF	NVFAFPFTI
CASSTGGFLLHEQYF	NVFAFPFTI
CASSQGGAEQYF	NVFAFPFTI
CAISPGGGEQFF	NVFAFPFTI
CATSSRGETQYF	NVFAFPFTI
CASSSTGGNEQFF	NVFAFPFTI
CASSLLVSEQFF	NVFAFPFTI
CAIESTYGYTF	NVFAFPFTI
CASSSSGGSTDTQYF	NVFAFPFTI
CSASGTPPQETQYF	NVFAFPFTI
CASSVVLAGDRSYNEQFF	NVFAFPFTI
CASSAGGIGGTYEQYF	NVFAFPFTI
CASSLVTDGYTF	NVFAFPFTI
CASSYFPGGSYNEQFF	NVFAFPFTI
CSALLAPTYEQYF	NVFAFPFTI
CSARTVNTGELFF	NVFAFPFTI
CASSSPDWNTQYF	NVFAFPFTI
CASTTSDTQYF	NVFAFPFTI
CASRPDTQYF	NVFAFPFTI
CASSPTGSEQYF	NVFAFPFTI
CASSSAEGTQYF	NVFAFPFTI
CASSPLRDEQYF	NVFAFPFTI
CASSSTGHEQFF	NVFAFPFTI
CASSPDPSYEQYF	NVFAFPFTI
CASSLNFGNEQFF	NVFAFPFTI
CASSRTSGNYEQYF	NVFAFPFTI
CASSLSILGQYGEQFF	NVFAFPFTI
CASSWGGGGLEAQYF	NVFAFPFTI
CASSPRSGTSYNEQFF	NVFAFPFTI
CASSGTGESTYEQYF	NVFAFPFTI
CASSWGGICTF	NVFAFPFTI
CSAVTSGRIYEQYF	NVFAFPFTI
CASSSSGETQYF	NVFAFPFTI
CASIPGRTSGRETQYF	NVFAFPFTI
CATSDFVAGNTGELFF	NVFAFPFTI
CASSLSGQGNEQFF	NVFAFPFTI
CASSPQDTGELFF	NVFAFPFTI
CASSGTSGGLGVETQYF	NVFAFPFTI
CASSYGQVEYF	NVFAFPFTI
CASPAAGAVFNEQFF	NVFAFPFTI
CASSPGGAVNEQFF	NVFAFPFTI
CASSFSYEQYF	NVFAFPFTI
CASTSSTEDYEQYF	NVFAFPFTI
CASRPTGPQPQHF	NVFAFPFTI
CASSSTGLGGYTF	NVFAFPFTI
CASSLTGELQFF	NVFAFPFTI
CASSPVRWTSTDTQYF	NVFAFPFTI
CSAPIGDRRYEQYF	NVFAFPFTI
CSARSENTGELFF	NVFAFPFTI
CASSPTGNTEAFF	NVFAFPFTI
CASSPGGEKFF	NVFAFPFTI
CASSVGGLAGANVLTF	NVFAFPFTI
CASSLPGGTEAFF	NVFAFPFTI
CASSPWIF	NVFAFPFTI
CSATAGTSGSYEQYF	NVFAFPFTI
CASSFSHEQYF	NVFAFPFTI
CATSRMGEEKLFF	NVFAFPFTI
CSARSSSSYNEQFF	NVFAFPFTI
CASRSGDNEAFF	NVFAFPFTI
CSVEGGGGNEQFF	NVFAFPFTI
CASSVAGLSYGYTF	NVFAFPFTI
CASSVASGGVLDTQYF	NVFAFPFTI
CASSFSGELFF	NVFAFPFTI
CASSVEGLAYEQYF	NVFAFPFTI
CASSPPGTGELFF	NVFAFPFTI
CASSVELAGGLNRQFF	NVFAFPFTI
CASSPTAGDSGNTIYF	NVFAFPFTI
CASSSLLEQFF	NVFAFPFTI
CASSSGTVTEAFF	NVFAFPFTI
CATSDIVAGDYNEQFF	NVFAFPFTI
CAISGEGDYGYTF	NVFAFPFTI
CASNDGNSPLHF	NVFAFPFTI
CASSYPGGYGYTF	NVFAFPFTI
CASSPTGEKLFF	NVFAFPFTI
CASSFLGDGYTF	NVFAFPFTI
CASSQGGRLGNYEQYF	NVFAFPFTI
CASSSTDTQYF	NVFAFPFTI
CSARKPGTATVYEQYF	NVFAFPFTI
CASTPEGDYGYTF	NVFAFPFTI
CASSFYRQGGGAFF	NVFAFPFTI
CASSPAGSQFF	NVFAFPFTI
CASSMFIGGNYGYTF	NVFAFPFTI
CASSLTGYEQYF	NVFAFPFTI
CASSRTGSEAFF	NVFAFPFTI
CASCSGGRPFF	NVFAFPFTI
CASSYASEGYTF	NVFAFPFTI
CASSYFLAGGYNEQFF	NVFAFPFTI
CSAGQGTPSYNEQFF	NVFAFPFTI
CASSLVGSSYEQYF	NVFAFPFTI
CASSAAVWDTGELFF	NVFAFPFTI
CASSLAGGSTDTQYF	NVFAFPFTI
CASSAGTPYEQYF	NVFAFPFTI
CASSLNGYTF	NVFAFPFTI
CASSYSVDGYSNQPQHF	NVFAFPFTI
CASSFPTETQYF	NVFAFPFTI
CASSLTDTQYF	NVFAFPFTI
CASSQTGGELFF	NVFAFPFTI
CASSILGLAGVNEQFF	NVFAFPFTI
CSGLEHNEQFF	NVFAFPFTI
CASSLTYEQYF	NVFAFPFTI
CASSYGGYGAWQHF	NVFAFPFTI
CASTLSGGALDTQYF	NVFAFPFTI
CASSLLQGGYNEQFF	NVFAFPFTI
CASSFDGISGYTF	NVFAFPFTI
CASSDTSGRAYEQYF	NVFAFPFTI
CASVGSGDGYTF	NVFAFPFTI
CASSDCETGRPQHF	NVFAFPFTI
CASSHLDPNEKLFF	NVFAFPFTI
CASSSTGVTSNTGELFF	NVFAFPFTI
CASSFEGAGGIQYF	NVFAFPFTI
CASSLADRLGYETQYF	NVFAFPFTI
CASSFSGYNEQFF	NVFAFPFTI
CAIMTGWGYTF	NVFAFPFTI
CASSFQETQYF	NVFAFPFTI
CSALPGTGEKLFF	NVFAFPFTI
CAISEGTPLPYEQYF	NVFAFPFTI
CASSFFKSEGSGKYF	NVFAFPFTI
CSAIIPGRTNIYEQYF	NVFAFPFTI
CSAADRGGQPQHF	NVFAFPFTI
CASSFSKLAGEGEQFF	NVFAFPFTI
CASSLGDTQYF	NVFAFPFTI
CASSLSGTQYF	NVFAFPFTI
CASSLDWVYGYTF	NVFAFPFTI
CASSVGSGPYVEQFF	NVFAFPFTI
CASSFAGELFF	NVFAFPFTI
CASSYSGGELFF	NVFAFPFTI
CSGNRDTEAFF	NVFAFPFTI
CASSFVDEQFF	NVFAFPFTI
CASSLPPVSGFSYEQYF	NVFAFPFTI
CASSYSHRDLSGNTIYF	NVFAFPFTI
CASATGGEQFF	NVFAFPFTI
CASSPTGHEQYF	NVFAFPFTI
CASSLGYEQYF	NVFAFPFTI
CASSPGTSGIYNEQFF	NVFAFPFTI
CSGDDPNTEAFF	NVFAFPFTI
CASSPPSSTDTQYF	NVFAFPFTI
CSAYIPERGDQPQHF	NVFAFPFTI
CASSVDSGSYEQYF	NVFAFPFTI
CASSPNSETQYF	NVFAFPFTI
CASSFPKIPEGQSTGNTIYF	NVFAFPFTI
CSVERTGGSNEKLFF	NVFAFPFTI
CASAAGTLSYEQYF	NVFAFPFTI
CASSQWSNTGELFF	NVFAFPFTI
CASSQSPYGYTF	NVFAFPFTI
CSATVGTGELFF	NVFAFPFTI
CSAPEYNEQFF	NVFAFPFTI
CASSWDGTQYF	NVFAFPFTI
CSVLGTQPLRSYGYTF	NVFAFPFTI
CASAEGAGAYGYTF	NVFAFPFTI
CASSLTGQEKFF	NVFAFPFTI
CASSFTPTGDTQYF	NVFAFPFTI
CSAREGGVITEAFF	NVFAFPFTI
CASSEFGQDSYEQYF	NVFAFPFTI
CASSLIDRLLAKNIQYF	NVFAFPFTI
CASSLELAGDLGTQYF	NVFAFPFTI
CASSYGSYEQYF	NVFAFPFTI
CASILPGQFYGYTF	NVFAFPFTI
CASSPDGQDTQYF	NVFAFPFTI
CASSYNRGNEQYF	NVFAFPFTI
CASSGTSGMYEQYF	NVFAFPFTI
CASSDRDNSYEQYF	NVFAFPFTI
CASSLSGGSTDTQYF	NVFAFPFTI
CASSPTAYYEQYF	NVFAFPFTI
CASSDGVGQGQNYGYTF	NVFAFPFTI
CASSVDLGEHNEQFF	NVFAFPFTI
CSAMQGAGDSYEQYF	NVFAFPFTI
CAIRNSNEKLFF	NVFAFPFTI
CASSPSGDPTYEQYF	NVFAFPFTI
CASSDLASETQYF	NVFAFPFTI
CASSYGGETQYF	NVFAFPFTI
CASSQGARGYEQYF	NVFAFPFTI
CTLGGGGHYGYTF	NVFAFPFTI
CSVKVYNEQFF	NVFAFPFTI
CASSQYPEDWTGYTF	NVFAFPFTI
CASSAQGGGYTF	NVFAFPFTI
CASSFGLAGGRSDTQYF	NVFAFPFTI
CASSYNGVEQFF	NVFAFPFTI
CATSRAEQEGYTF	NVFAFPFTI
CATEIRGAAAFF	NVFAFPFTI
CASSLSTKFF	NVFAFPFTI
CASSLEAIRNF	NVFAFPFTI
CASGYNEQFF	NVFAFPFTI
CASSYNRGNEQFF	NVFAFPFTI
CASSFGETQYF	NVFAFPFTI
CASSEGLHNEQFF	NVFAFPFTI
CASSFLGTAGELFF	NVFAFPFTI
CASSPNTVSYEQYF	NVFAFPFTI
CASRTSGVYNEQFF	NVFAFPFTI
CASTFIPGQNTEAFF	NVFAFPFTI
CASSQGQDDYTF	NVFAFPFTI
CASSRGLEAFF	NVFAFPFTI
CASSFAGKLFF	NVFAFPFTI
CASSDLAGGLNEQFF	NVFAFPFTI
CASSLMDEQFF	NVFAFPFTI
CASSPTSGSHEQYF	NVFAFPFTI
CASSPTGASGDTQYF	NVFAFPFTI
CASSYSIYRDRITGELFF	NVFAFPFTI
CASSQDDRSYEQYF	NVFAFPFTI
CASSPTVNEQFF	NVFAFPFTI
CAIIAGGQPFTDTQYF	NVFAFPFTI
CASSWDTQNEKLFF	NVFAFPFTI
CASSWSGEQFF	NVFAFPFTI
CASSVSGVQFF	NVFAFPFTI
CASSLTGNTIYF	NVFAFPFTI
CASSYQGNEKLFF	NVFAFPFTI
CASSFSYEQYF	NVFAFPFTI
CSVGLGTGFEQYF	NVFAFPFTI
CAISVDGGPQETQYF	NVFAFPFTI
CASSSSGASTDTQYF	NVFAFPFTI
CASRNPGREGFYNEQFF	NVFAFPFTI
CASSLLDRGRAKGYEQYF	NVFAFPFTI
CASSDGRVTGELFF	NVFAFPFTI
CASSWDGGGEQYF	NVFAFPFTI
CASSYGGPYEQYF	NVFAFPFTI
CASSEWSAGETQYF	NVFAFPFTI
CASSERDLYHEAFF	NVFAFPFTI
CASSTRDLPDQPQHF	NVFAFPFTI
CASRNQGIYEKLFF	NVFAFPFTI
CASSLAGETQYF	NVFAFPFTI
CASSPGHSPLGAFF	NVFAFPFTI
CASSVELRGTDTQYF	NVFAFPFTI
CASSPQWTSGTYEQYF	NVFAFPFTI
CASSPAGDEQFF	NVFAFPFTI
CASSYDGDGRKSSYNEQFF	NVFAFPFTI
CASSDSGDTQYF	NVFAFPFTI
CASSEIWGYNEQFF	NVFAFPFTI
CASSVGGSSYNEQFF	NVFAFPFTI
CASSLIAGGPETQYF	NVFAFPFTI
CASSLIPAYNEQFF	NVFAFPFTI
CASSRGGASTDTQYF	NVFAFPFTI
CSRGGLAGVRADTQYF	NVFAFPFTI
CASSSLASSALHF	NVFAFPFTI
CASSYGYEQYF	NVFAFPFTI
CASSWGSGNQPQHF	NVFAFPFTI
CSASSQGAFDAFF	NVFAFPFTI
CASSQRDGQPQHF	NVFAFPFTI
CSAIDKPEAFF	NVFAFPFTI
CSAVTGPNLYEQYF	NVFAFPFTI
CSVEYGGGEQFF	NVFAFPFTI
CASSSIRGEAFF	NVFAFPFTI
CASMAYSYEQYF	NVFAFPFTI
CASSLGLGGSYEQYF	NVFAFPFTI
CASSYSYNEQFF	NVFAFPFTI
CASGLAGVAGELFF	NVFAFPFTI
CASSLSGFEQFF	NVFAFPFTI
CASSLTGARGYTF	NVFAFPFTI
CASSQGIYGYTF	NVFAFPFTI
CSATTGAGELFF	NVFAFPFTI
CASSLAETQYF	NVFAFPFTI
CASSQEGDPKQYF	NVFAFPFTI
CASSPGLAGEQYF	NVFAFPFTI
CASSQSRGPEAFF	NVFAFPFTI
CASSPSGNTIYF	NVFAFPFTI
CASSPTGFEQYF	NVFAFPFTI
CASTLAGELFF	NVFAFPFTI
CASRGADSYEQYF	NVFAFPFTI
CASSPGTGGADTQYF	NVFAFPFTI
CASSPTGTLIGNTIYF	NVFAFPFTI
CASSSSGTGYEQYV	NVFAFPFTI
CASSLLF	NVFAFPFTI
CASSLVLDVGIQYF	NVFAFPFTI
CASSLSGIYEQYF	NVFAFPFTI
CASGLDIQGGQGDLLAKNIQYF	NVFAFPFTI
CASSSTLAGATF	NVFAFPFTI
CASSLGAPRFF	NVFAFPFTI
CSVTTLRLAGGMQFF	NVFAFPFTI
CSARDLSAGGPTLYEQYF	NVFAFPFTI
CASSSTGEKLFF	NVFAFPFTI
CASSSQGSGELFF	NVFAFPFTI
CASSFAAEAFF	NVFAFPFTI
CASSLGAAQANTGELFF	NVFAFPFTI
CASSLGQLYEQYF	NVFAFPFTI
CATSLTDTQYF	NVFAFPFTI
CASSLTQGGSTGELFF	NVFAFPFTI
CASSLPGRGYTF	NVFAFPFTI
CSVETGGGDEQFF	NVFAFPFTI
CASSRTGETQYF	NVFAFPFTI
CSATDGNTGELFF	NVFAFPFTI
CASSFSSEQYF	NVFAFPFTI
CASSVGDWDIETQYF	NVFAFPFTI
CAIASTDTQYF	NVFAFPFTI
CASSYGNSPLHF	NVFAFPFTI
CASSLYPETPGELFF	NVFAFPFTI
CASSRTGELFF	NVFAFPFTI
CASSPFGSQETQYF	NVFAFPFTI
CASEWAGTEAFF	NVFAFPFTI
CSVLRLAGGQSGELFF	NVFAFPFTI
CASSIFLAWGELFF	NVFAFPFTI
CASSWGLAGANTGELFF	NVFAFPFTI
CATLFVPEQFF	NVFAFPFTI
CASSPSGNTIYF	NVFAFPFTI
CASQQDGTPGHEQFF	NVFAFPFTI
CASSPSGAEQFF	NVFAFPFTI
CASSLQGETQYF	NVFAFPFTI
CASSFSSWPFF	NVFAFPFTI
CASSLTYEQYF	NVFAFPFTI
CSVEDGLASSDYNEQFF	NVFAFPFTI
CASSLLGRHQPQHF	NVFAFPFTI
CASSEGDVRGTDTQYF	NVFAFPFTI
CASSFGTEQFF	NVFAFPFTI
CASSLAPGQGDAYEQYF	NVFAFPFTI
CASSLSVEQFF	NVFAFPFTI
CASSFADTQYF	NVFAFPFTI
CASTLTGELFF	NVFAFPFTI
CSAGQGLYEQFF	NVFAFPFTI
CATSLSSANVLTF	NVFAFPFTI
CASSLAGEKLFF	NVFAFPFTI
CASSFSAEAFF	NVFAFPFTI
CASSPYGTGDEQFF	NVFAFPFTI
CASSQTGNTIYF	NVFAFPFTI
CASSVDLGQVSYNEQFF	NVFAFPFTI
CASLPGGGLQETQYF	NVFAFPFTI
CAGTGTPYGYTF	NVFAFPFTI
CASSLTGDTQYF	NVFAFPFTI
CASSEALHTGGEQFF	NVFAFPFTI
CASSPYVSGINNEQFF	NVFAFPFTI
CASSWTGTFSGANVLTF	NVFAFPFTI
CASQREGTSEQFF	NVFAFPFTI
CASSLTGEKLFF	NVFAFPFTI
CASSQVRDEQYF	NVFAFPFTI
CASSLTDSRGETQYF	NVFAFPFTI
CASSYYPGVPQETQYF	NVFAFPFTI
CASSPTGAEAFF	NVFAFPFTI
CASSLMGEQYF	NVFAFPFTI
CATGTGELFF	NVFAFPFTI
CASTPSGELFF	NVFAFPFTI
CSVQQGAYEQYF	NVFAFPFTI
CASSLGAKQYF	NVFAFPFTI
CASSFQGFTEAFF	NVFAFPFTI
CASSLTGETQYF	NVFAFPFTI
CASSIGGGEVEDTQYF	NVFAFPFTI
CASSQPGGGETQYF	NVFAFPFTI
CASSPLETF	NVFAFPFTI
CASSLLHYNEQFF	NVFAFPFTI
CASSFSGETQYF	NVFAFPFTI
CASSFLETQYF	NVFAFPFTI
CASSPTGETQYF	NVFAFPFTI
CSVTTVSYEQYV	NVFAFPFTI
CASSYTGAETQYF	NVFAFPFTI
CSAREVGLAGGNGLFEQYF	NVFAFPFTI
CASSVREGLPYNEQFF	NVFAFPFTI
CASSFGGGEGHEQYF	NVFAFPFTI
CASSLFFGGGASSYNEQFF	NVFAFPFTI
CASSQGGWETQYF	NVFAFPFTI
CASSAQGTTEAFF	NVFAFPFTI
CASSPGVAGRGHNEQFF	NVFAFPFTI
CASSEMGTENTGELFF	NVFAFPFTI
CASSFQGYEQYF	NVFAFPFTI
CASSWTTEAFF	NVFAFPFTI
CASSPGGNLRSF	NVFAFPFTI
CASKTEGSNTEAFF	NVFAFPFTI
CASSMHGDTQYF	NVFAFPFTI
CASSFAHEQYF	NVFAFPFTI
CAMRVEDSNYGYTF	NVFAFPFTI
CASSQNSYEQYF	NVFAFPFTI
CASSYVSGRYGYTF	NVFAFPFTI
CASRGEGDGYTF	NVFAFPFTI
CASSLTGSPLHF	NVFAFPFTI
CSASGTSDSYEQYF	NVFAFPFTI
CASSLPDGIRGEQYF	NVFAFPFTI
CASSPSGRYEQYF	NVFAFPFTI
CASTQRGSGTEAFF	NVFAFPFTI
CSARIHYEQYF	NVFAFPFTI
CASSYSGNTIYF	NVFAFPFTI
CASSWGETQYF	NVFAFPFTI
CASSWTGPYEQYF	NVFAFPFTI
CASSLGTGGYEQYF	NVFAFPFTI
CASSGTGSEQYF	NVFAFPFTI
CASSRIGEQFF	NVFAFPFTI
CASSLVGETQYF	NVFAFPFTI
CASSSTGEKLFF	NVFAFPFTI
CASSEGSYEQYF	NVFAFPFTI
CASSFSETQYF	NVFAFPFTI
CASSLAGGLETYEQYF	NVFAFPFTI
CASSFSVEQFF	NVFAFPFTI
CASSLASLAELFF	NVFAFPFTI
CASSQSSSYNEQFF	NVFAFPFTI
CASSYSGETQYF	NVFAFPFTI
CASSDSGETQYF	NVFAFPFTI
CSASGGAGELFF	NVFAFPFTI
CSVEEGRTYNEQFF	NVFAFPFTI
CASSLVAGREPQHF	NVFAFPFTI
CASSFQGLNEKLFF	NVFAFPFTI
CSVGTGTSYEQYF	NVFAFPFTI
CASSPSGNQFF	NVFAFPFTI
CASSDPGGGQPQHF	NVFAFPFTI
CASSASEEQFF	NVFAFPFTI
CATSLQSEETQYF	NVFAFPFTI
CASTPNPVGYDNEQFF	NVFAFPFTI
CSARGTHDQETQYF	NVFAFPFTI
CSVLPLRISTDTQYF	NVFAFPFTI
CASSYLGDTQYF	NVFAFPFTI
CASSEGRTMNTEAFF	NVFAFPFTI
CSAPDRDSPKHTDTQYF	NVFAFPFTI
CASSLGGVGNIQYF	NVFAFPFTI
CASSPGSGAFF	NVFAFPFTI
CASSHEGDTEAFF	NVFAFPFTI
CASSFSVEQFF	NVFAFPFTI
CASSLWDSSTYEQYF	NVFAFPFTI
CSVMTGVGLEQYF	NVFAFPFTI
CASSPSGHEQFF	NVFAFPFTI
CASSYGSETQYF	NVFAFPFTI
CASSKTADGYF	NVFAFPFTI
CASSPNLAGVPYEQYF	NVFAFPFTI
CASSSGPPGTNEKLFF	NVFAFPFTI
CASSHTIDEDNTEAFF	NVFAFPFTI
CASSLGGPMGGYTF	NVFAFPFTI
CSARKDRWDYGYTF	NVFAFPFTI
CASGQGAVGYTF	NVFAFPFTI
CASMDGLSIYEQYF	NVFAFPFTI
CASTTPGQGMDYGYTF	NVFAFPFTI
CASRGEQVEQYF	NVFAFPFTI
CASGVGGKGYTF	NVFAFPFTI
CASSLFSGQSYEQYF	NVFAFPFTI
CASSQDPAGPYEQYF	NVFAFPFTI
CASRRRSTNEKLFF	NVFAFPFTI
CSATRGQETQYF	NVFAFPFTI
CASSLPPGGGYEQYF	NVFAFPFTI
CSVFSGGGSFEAFF	NVFAFPFTI
CASSSGTDSYEQYF	NVFAFPFTI
CASSLVDSGANEQFF	NVFAFPFTI
CASSTSGSSYEQYF	NVFAFPFTI
CASSYDTSGRAAGDTQYF	NVFAFPFTI
CASSFGETF	NVFAFPFTI
CSAILVITGAYEQYF	NVFAFPFTI
CASSLVGDGYTF	NVFAFPFTI
CASSMTGYEQYF	NVFAFPFTI
CASSLQDTQYF	NVFAFPFTI
CASSIGDEQYF	NVFAFPFTI
CASSQGAETQYF	NVFAFPFTI
CASSPSGEGYTF	NVFAFPFTI
CASSLIDRTATDTQYF	NVFAFPFTI
CASSPHLGSDEQFF	NVFAFPFTI
CSASFSGQGPPYEQYF	NVFAFPFTI
CSVEVGSGYEQYF	NVFAFPFTI
CSADDRDGNQPQHF	NVFAFPFTI
CASSPGTSGSVDEQFF	NVFAFPFTI
CASSSGTYGYTF	NVFAFPFTI
CSAETGSGYEQYF	NVFAFPFTI
CASSPTGYEQFF	NVFAFPFTI
CSVWDPAVGGYTF	NVFAFPFTI
CASSFSGIAFF	NVFAFPFTI
CASSYGDGTYEQYF	NVFAFPFTI
CASSPSGETQYF	NVFAFPFTI
CASSLIFYEQYF	NVFAFPFTI
CASSQDYYGYTF	NVFAFPFTI
CAWSVGLGPYNEQFF	NVFAFPFTI
CASSDIGAGELFF	NVFAFPFTI
CASGPGGTQYF	NVFAFPFTI
CASISGTYEQYF	NVFAFPFTI
CASSSNRSPEQFF	NVFAFPFTI
CASSPSGYEQYF	NVFAFPFTI
CASSRAGGQADTQYF	NVFAFPFTI
CSALRVAGGVSYEQYF	NVFAFPFTI
CASSQGPARNYGYTF	NVFAFPFTI
CASSPTGETQYF	NVFAFPFTI
CASTQGGYGYTF	NVFAFPFTI
CASTYESLYGYTF	NVFAFPFTI
CASSYGSETQYF	NVFAFPFTI
CASSFSVEQFF	NVFAFPFTI
CASSVTETQYF	NVFAFPFTI
CASSPNSLGLSSYNEQFF	NVFAFPFTI
CASTLGPLGSYEQYF	NVFAFPFTI
CASSFSGEQFF	NVFAFPFTI
CASGSYEQFF	NVFAFPFTI
CASSGPNRDRDYEKLFF	NVFAFPFTI
CASSYGEKLFF	NVFAFPFTI
CASSSTGAEQFF	NVFAFPFTI
CASSFSGLARYF	NVFAFPFTI
CSVEVGQGYEQYF	NVFAFPFTI
CASSQGRAQGELFF	NVFAFPFTI
CASSLAGPSTDTQYF	NVFAFPFTI
CSALPGQVSYEQYF	NVFAFPFTI
CATSSPTSGRAPETQYF	NVFAFPFTI
CASSQEVQAEDTEAFF	NVFAFPFTI
CASSLAGDLRNF	NVFAFPFTI
CASSFTGNEQFF	NVFAFPFTI
CASSEAVAGTTAEQYF	NVFAFPFTI
CASSNSGETQYF	NVFAFPFTI
CASSWERRTQYF	NVFAFPFTI
CASSQRTGGEAFF	NVFAFPFTI
CASSLTGTGNGYTF	NVFAFPFTI
CASSLEGLSRHF	NVFAFPFTI
CSATGGTDTQYF	NVFAFPFTI
CASNLGLAGGSDTQYF	NVFAFPFTI
CASSSVWSASYEQYF	NVFAFPFTI
CASSLSYEQYF	NVFAFPFTI
CATIGGHDEAFF	NVFAFPFTI
CASRFMPGTADHF	NVFAFPFTI
CASSLFGETQYF	NVFAFPFTI
CSARDRVSNRYNEQFF	NVFAFPFTI
CADTPGVFF	NVFAFPFTI
CASSYNSGNTIYF	NVFAFPFTI
CASSLSGGAPSTDTQYF	NVFAFPFTI
CASSFSGEKLFF	NVFAFPFTI
CASSLAGVVDVYF	NVFAFPFTI
CASSFANEQFF	NVFAFPFTI
CSALGLASYNEQFF	NVFAFPFTI
CASSYGGHEQFF	NVFAFPFTI
CASSSTGGVSDTQYF	NVFAFPFTI
CASSLGLQGYTF	NVFAFPFTI
CSSQGLDVVGSYNEQFF	NVFAFPFTI
CSVVFLGIDDTGKQYF	NVFAFPFTI
CASREGLAGEIAYNEQFF	NVFAFPFTI
CASSPDSKLFF	NVFAFPFTI
CASSSSGASTDTQYF	NVFAFPFTI
CASRGTGQGHEKLFF	NVFAFPFTI
CASSLSGETQYF	NVFAFPFTI
CASGQGFDEQFF	NVFAFPFTI
CSAAYGRETQYF	NVFAFPFTI
CSASISPSRGVLFNTEAFF	NVFAFPFTI
CASSVEGGLDEQFF	NVFAFPFTI
CASSPAGARQFF	NVFAFPFTI
CASSYYTGELFF	NVFAFPFTI
CASSSAGAAQYF	NVFAFPFTI
CASSLGLAGGKDTQYF	NVFAFPFTI
CASSDHPGTNSYEQYF	NVFAFPFTI
CSPRRVTEAFF	NVFAFPFTI
CASRELAGGPSEQFF	NVFAFPFTI
CASSPSGNTIYF	NVFAFPFTI
CSVFGGDYEQYF	NVFAFPFTI
CASWDGMNTEAFF	NVFAFPFTI
CATSLLETQYF	NVFAFPFTI
CSANRGGETQYF	NVFAFPFTI
CASSQGADTQYF	NVFAFPFTI
CASRSGTGVTDTQYF	NVFAFPFTI
CASSYSTTSGSPDTQYF	NVFAFPFTI
CASSQGTGVAYEQYF	NVFAFPFTI
CASSKSGTSGRAQSYEQYF	NVFAFPFTI
CASSEFGGANEKLFF	NVFAFPFTI
CASSVARTGENAVPQETQYF	NVFAFPFTI
CSVETGDTYNEQFF	NVFAFPFTI
CSVEQGSYEQYF	NVFAFPFTI
CATSRFFDRDPGTQYF	NVFAFPFTI
CASTPPNEKLFF	NVFAFPFTI
CATIEGEGQGTQYF	NVFAFPFTI
CASSLGTLYEQYF	NVFAFPFTI
CSARGGLAHEQYF	NVFAFPFTI
CATSDWGQGAYNEQFF	NVFAFPFTI
CATSPANTEAFF	NVFAFPFTI
CASSLTDTQYF	NVFAFPFTI
CASSPTGNEQYF	NVFAFPFTI
CASSPGGLYYGYTF	NVFAFPFTI
CASNRLARWEAVYSNQPQHF	NVFAFPFTI
CSVNRGSETQYF	NVFAFPFTI
CASRWTSGFYEQYF	NVFAFPFTI
CSARDLSGLYYGYTF	NVFAFPFTI
CSVETGRGYEQYF	NVFAFPFTI
CASSPSGTENYEQYF	NVFAFPFTI
CASSYSGSSGSLQFF	NVFAFPFTI
CASSYPGPPGKNEQFF	NVFAFPFTI
CASSYLGLAGEQFF	NVFAFPFTI
CSATPPGELYEQYF	NVFAFPFTI
CSVDRDTEAFF	NVFAFPFTI
CASSDLDTQYF	NVFAFPFTI
CSASPSGGHYEQYF	NVFAFPFTI
CASSTPSEQYF	NVFAFPFTI
CASSFGTEQFF	NVFAFPFTI
CASSLGSYTF	NVFAFPFTI
CASLERGELFF	NVFAFPFTI
CASSYTPLEEQYF	NVFAFPFTI
CASSLGTGYPYEQYF	NVFAFPFTI
CASSFSGNTIYF	NVFAFPFTI
CASSPGLAGGYEQYF	NVFAFPFTI
CATSRTGAQHF	NVFAFPFTI
CASSLVYEQYF	NVFAFPFTI
CASSKAGDSYNEQFF	NVFAFPFTI
CSVEEGTGNTIYF	NVFAFPFTI
CASSPVNTGELFF	NVFAFPFTI
CASSGVGGQGYGYTF	NVFAFPFTI
CASSLFGTGMETQYF	NVFAFPFTI
CASSQTGNTIYF	NVFAFPFTI
CASSQEYRGNNSSNQPQHF	NVFAFPFTI
CASSLNGEKLFF	NVFAFPFTI
CASSSSGEKLFF	NVFAFPFTI
CASSQGNNEQFF	NVFAFPFTI
CASSPPGGRSYEQYF	NVFAFPFTI
CASGLEAFF	NVFAFPFTI
CASSPTGNEQFF	NVFAFPFTI
CASSFAGYGYTF	NVFAFPFTI
CASSPLAGVNYEQYF	NVFAFPFTI
CASSQDHTGPNTGELFF	NVFAFPFTI
CSVERGSNEQFF	NVFAFPFTI
CASSSTGETQYF	NVFAFPFTI
CAYGTEDNEQYF	NVFAFPFTI
CASSYSILGESEQYF	NVFAFPFTI
CASSLTGGGGPDTQYF	NVFAFPFTI
CASSWTAHEQFF	NVFAFPFTI
CASSASDTQYF	NVFAFPFTI
CSVELGQGYNEQFF	NVFAFPFTI
CASSLLGSSYNSPLHF	NVFAFPFTI
CASGSHYEQYF	NVFAFPFTI
CASSSGTSGYEQYF	NVFAFPFTI
CASSPPTGQAYEQYF	NVFAFPFTI
CASSGDGGEKLFF	NVFAFPFTI
CASSPYLGQPQHF	NVFAFPFTI
CAISGSGGDAGELFF	NVFAFPFTI
CSARENHSQETQYF	NVFAFPFTI
CASSRTGGQPQHF	NVFAFPFTI
CASSPNGGIQYF	NVFAFPFTI
CASSLSNEQFF	NVFAFPFTI
CSVIGVDAGANVLTF	NVFAFPFTI
CASSYGSYGYTF	NVFAFPFTI
CATRDSLKGNSPLHF	NVFAFPFTI
CASSDTGAGYTF	NVFAFPFTI
CASSWGGRAYGYTF	NVFAFPFTI
CSAVTGDNEQYF	NVFAFPFTI
CASSPADTQYF	NVFAFPFTI
CASSATGYEQYF	NVFAFPFTI
CASSPTDTQYF	NVFAFPFTI
CASSRGLAGGVETQYF	NVFAFPFTI
CASSLTQEQFF	NVFAFPFTI
CASGLGTEAFF	NVFAFPFTI
CASSVAVGTTNYEQYF	NVFAFPFTI
CASSPGGIQYF	NVFAFPFTI
CASSHPGTEAFF	NVFAFPFTI
CSAFLLTSGQPNTDTQYF	NVFAFPFTI
CASSFIANVLTF	NVFAFPFTI
CASSHGLAAAVSDTQYF	NVFAFPFTI
CASSYSASRFF	NVFAFPFTI
CSAVYNEQFF	NVFAFPFTI
CASSFDGTQYF	NVFAFPFTI
CASSYSGETQYF	NVFAFPFTI
CASSASLPDTQYF	NVFAFPFTI
CASGTSGSVRYEQYV	NVFAFPFTI
CASSVSGDEQYF	NVFAFPFTI
CASSLVGETQYF	NVFAFPFTI
CASSSGGHEQYF	NVFAFPFTI
CASSSSPEQYF	NVFAFPFTI
CASSVEGGPEAFF	NVFAFPFTI
CASSQGGYEQYF	NVFAFPFTI
CASSLASETFF	NVFAFPFTI
CASSQDYFSGGAVNTEAFF	NVFAFPFTI
CSASGGTEAFF	NVFAFPFTI
CASSLSEKLFF	NVFAFPFTI
CASSFIVSGGPLQETQYF	NVFAFPFTI
CASSSAYYGYTF	NVFAFPFTI
CASSEGLAADTQYF	NVFAFPFTI
CATTPSSGGELFF	NVFAFPFTI
CASSFPIAGAPYEQYF	NVFAFPFTI
CASSLVGNEQFF	NVFAFPFTI
CSARETGGVNTEAFF	NVFAFPFTI
CASSLGPGLSYEQYF	NVFAFPFTI
CASGRGEAFF	NVFAFPFTI
CSVVSALDNYGYTF	NVFAFPFTI
CASSPTWDAGHTDTQYF	NVFAFPFTI
CASGNEQFF	NVFAFPFTI
CASSRDSSPVYSNQPQHF	NVFAFPFTI
CATSRSGGPYEQYF	NVFAFPFTI
CASRTGVEAFF	NVFAFPFTI
CSASSVWPTGELFF	NVFAFPFTI
CSASGVPTYEQYF	NVFAFPFTI
CASSHTSGYSYEQYF	NVFAFPFTI
CASSFRDIANYGYTF	NVFAFPFTI
CASSPLGEGYEQYF	NVFAFPFTI
CSVALDSLYTF	NVFAFPFTI
CASSLGQGAYGYTF	NVFAFPFTI
CASSFMAEQFF	NVFAFPFTI
CASSGAGTGGDSYEQYF	NVFAFPFTI
CASSRQTYNEQFF	NVFAFPFTI
CASSFSGGEQYF	NVFAFPFTI
CASSYPRRLAGGRLDTQYF	NVFAFPFTI
CAISEGQGGYEQYF	NVFAFPFTI
