CDR3	AA
CASSLRVVEGAGELFF	FERDISTEI
CASLTLRPEDMNTEAFF	FERDISTEI
CASSLMGGYEQYF	FERDISTEI
CASSFSAGGPYNEQFF	FERDISTEI
CASSFALLDGHRSSYEQYF	FERDISTEI
CASSFGTDNTEAFF	FERDISTEI
CASSLGAGGNTEAFF	FERDISTEI
CASSYSSGTAYEQYF	FERDISTEI
CASSLGQDSSYEQYF	FERDISTEI
CASSQDLPGLGRNSPLHF	FERDISTEI
CASSFDNYNEQFF	FERDISTEI
CASSFQSSYEQYF	FERDISTEI
CAGQGWGQETQYF	FERDISTEI
CASSQYDIGGEQYF	FERDISTEI
CASSLLALGHNEQFF	FERDISTEI
CASSPAGSGEQFF	FERDISTEI
CASSQLGGPPDTQYF	FERDISTEI
CASSQASGRLNTEAFF	FERDISTEI
CASSQGPTMGPGGTEAFF	FERDISTEI
CASQDYSYNEQFF	FERDISTEI
CASSQDPSVYEQFF	FERDISTEI
CASSLAVGNEQYF	FERDISTEI
CASSHRLQGAHGYTF	FERDISTEI
CASSQGLAGLTNTGELFF	FERDISTEI
CASSQVQTAQETQYF	FERDISTEI
CASSQEGYLNTEAFF	FERDISTEI
CASSFKAGGLYNEQFF	FERDISTEI
CASSLSWRAGELFF	FERDISTEI
CASSPRSGGAYEQYF	FERDISTEI
CSARDLGGGRGPYNEQFF	FERDISTEI
CASSLGPHGELFF	FERDISTEI
CATSDRRQGGNQPQHF	FERDISTEI
CASSQAGEETQYF	FERDISTEI
CASSTFGQSSYEQYF	FERDISTEI
CASSLVGSYEQYF	FERDISTEI
CASSFGTGNTGELFF	FERDISTEI
CASTTAGGPNEQFF	FERDISTEI
CARKPGQGNQPQHF	FERDISTEI
CASSSYPRDREETQYF	FERDISTEI
CASSSLGQAIYGYTF	FERDISTEI
CASSQGPTPKQNYGYTF	FERDISTEI
CASQVGLEQFF	FERDISTEI
CASSFLGGSSYEQYF	FERDISTEI
CASSLTGLNQPQHF	FERDISTEI
CASRDPGLPKYQETQYF	FERDISTEI
CASSLRTGLNTEAFF	FERDISTEI
CASSQVGVLYGYTF	FERDISTEI
CSVDLAIGNYGYTF	FERDISTEI
CASSSQHRGASYEQYF	FERDISTEI
CASSWGQSSYEQYF	FERDISTEI
CASSEGEVNSPLHF	FERDISTEI
CASSDRMDRGLDEQFF	FERDISTEI
CATSRDLSGVVGYGYTF	FERDISTEI
CASSQAGTLNEQFF	FERDISTEI
CASTPLAGGRNEQFF	FERDISTEI
CASSLGAPGQGASYEQYF	FERDISTEI
CASSLVGGYEQYF	FERDISTEI
CASSHNRGSLTEAFF	FERDISTEI
CASGLVGGELFF	FERDISTEI
CASSDGSSYEQYF	FERDISTEI
CASSQVFGDGKETQYF	FERDISTEI
CASSQGPLVSETQYF	FERDISTEI
CASSPSGTLPYEQYF	FERDISTEI
CASTASGSLSEQYF	FERDISTEI
CASSQAQQGANTEAFF	FERDISTEI
CASSQAGGLAELFF	FERDISTEI
CASSAPGTSPPEQYF	FERDISTEI
CASFQGVGTGELFF	FERDISTEI
CASSQAGPVSEQFF	FERDISTEI
CASSQSVRGLANEQYF	FERDISTEI
CASSRGTDGYNEQFF	FERDISTEI
CASSPKTGPNSPLHF	FERDISTEI
CATSRDPSSGNTIYF	FERDISTEI
CASSSTIRDGSYEQYF	FERDISTEI
CASSLAMGDGLF	FERDISTEI
CASSFQETYEQYF	FERDISTEI
CASSQAGAYEQYF	FERDISTEI
CASSHYPSGQGDYEQYF	FERDISTEI
CASSLYGLAGASYEQYF	FERDISTEI
CASSEGTRAGELFF	FERDISTEI
CASSPIGSYEQYF	FERDISTEI
CASSLALAGGLNTGELFF	FERDISTEI
