CDR3	AA
CASSLSLPDTQYF	ASKIITLKK
CASSQGNMETQYF	ASKIITLKK
CAISELGEPSTEAFF	ASKIITLKK
CASSLSLPDTQYF	ASKIITLKK
CSAPQGEETQYF	ASKIITLKK
CAISELGEGTDTQYF	ASKIITLKK
CAISETGDSYEQYF	ASKIITLKK
CSVQEGGNTGELFF	ASKIITLKK
CASSYGANTEAFF	ASKIITLKK
CASSPGGRDGTGELFF	ASKIITLKK
CASTVSLPDTQYF	ASKIITLKK
CAISESSQETQYF	ASKIITLKK
CASYPAPNTEAFF	ASKIITLKK
CASSGPSGSSYNEQFF	ASKIITLKK
CASSVWASDTDTQYF	ASKIITLKK
CASSTAQGGKDEQYF	ASKIITLKK
CASSLSLTDTQYF	ASKIITLKK
CAISESGQGMDSPLHF	ASKIITLKK
CASSLSPPDEQFF	ASKIITLKK
CASSIMDSSYEQYF	ASKIITLKK
CSAPRGEETQYF	ASKIITLKK
CASSLDTNYEQYF	ASKIITLKK
CAISETGQGTEQFF	ASKIITLKK
CASSVESGNHGYTF	ASKIITLKK
CASSLDLAGGLIDTQYF	ASKIITLKK
CASGSSPTEAFF	ASKIITLKK
CASSVAGDPYEQYF	ASKIITLKK
CASRPGSTTDTQYF	ASKIITLKK
CAMGGTGDGTDTQYF	ASKIITLKK
CASSVAGDPYEQYF	ASKIITLKK
CAISESGSGFPYNEQFF	ASKIITLKK
CAISELGSGEYNEQFF	ASKIITLKK
CASSAFPGLAEGETQYF	ASKIITLKK
CASSLALPDTQYF	ASKIITLKK
CASSPRTDFRTSGDTQYF	ASKIITLKK
CASSPGTAYEQYF	ASKIITLKK
CASSVAGDSYEQYF	ASKIITLKK
CASSEVGGGNNQPQHF	ASKIITLKK
CASSPGPGEYEQYF	ASKIITLKK
CASSLTLPDIQYF	ASKIITLKK
CASSLSGADTQYF	ASKIITLKK
CATSRAVTEAFF	ASKIITLKK
CASSLALPDTQYF	ASKIITLKK
CASSLEASEYNEQFF	ASKIITLKK
CASSFPRGREDKMNEQFF	ASKIITLKK
CASSVASQLDTQYF	ASKIITLKK
CASSLSLPDTQYF	ASKIITLKK
CASSVAGDSYEQYF	ASKIITLKK
CASSVGGLYNEQFF	ASKIITLKK
CAISELGERETQYF	ASKIITLKK
CASSVAGDAYEQYF	ASKIITLKK
CASSLSLPDTQYF	ASKIITLKK
CASSDSSGGNQPQHF	ASKIITLKK
CASSPLGSGNTIYF	ASKIITLKK
CASSVAGDPYEQYF	ASKIITLKK
