CDR3	AA
CAWSFWTGGHEQYF	LQSINFVRII
CASSDGAGVEQYF	LQSINFVRII
CASSPGTLEAFF	LQSINFVRII
CSARVTGELFF	LQSINFVRII
CASSLYSGGGGELFF	LQSINFVRII
CSVVDVWEAFF	LQSINFVRII
CASSKGEDYGYTF	LQSINFVRII
CASSQVRDEQFF	LQSINFVRII
CASSFFAAGLAGELFF	LQSINFVRII
CASSIEGNEQFF	LQSINFVRII
CASSEPAQGMNTEAFF	LQSINFVRII
CASSPDGRNQPQHF	LQSINFVRII
CASSPLAASYNEQFF	LQSINFVRII
CASRAQSSYEQYF	LQSINFVRII
CASSAQENFPYEQYF	LQSINFVRII
CATSRDRRELETQYF	LQSINFVRII
CASSLWRGITDTQYF	LQSINFVRII
CASSHVSVGHNEQFF	LQSINFVRII
CASSLTGADGYTF	LQSINFVRII
CASSIGVNTEAFF	LQSINFVRII
CASSYSLAGASGVEQFF	LQSINFVRII
CASSSPLSDRSSYNEQFF	LQSINFVRII
CASTPLRGGAFEQFF	LQSINFVRII
CASGTTYEQYF	LQSINFVRII
CASSFGSSPLNEQFF	LQSINFVRII
CSVDGGGYTF	LQSINFVRII
CASSPKGDEQYF	LQSINFVRII
CASSVGSYEQYF	LQSINFVRII
CASSPGGNEQFF	LQSINFVRII
CSAREQGEKLFF	LQSINFVRII
CASSRQGALNTEAFF	LQSINFVRII
CASSILGAPYEQYF	LQSINFVRII
CASSLSGSSGETQYF	LQSINFVRII
CSVAGPEFASSYNEQFF	LQSINFVRII
CASSQGRGSGNTIYF	LQSINFVRII
CASSDSGASGETQYF	LQSINFVRII
CATGGGGTDTGELFF	LQSINFVRII
CASSLGLNTEAFF	LQSINFVRII
CASGGLRDRDFRAGVLGWTQYF	LQSINFVRII
CASSQDYWEGGTDTQYF	LQSINFVRII
CSVDSGVGNQPQHF	LQSINFVRII
CASSQWGRTSTDTQYF	LQSINFVRII
CASSKEGPLTGELFF	LQSINFVRII
CASVAAGELFF	LQSINFVRII
CASSITPGSGEQYF	LQSINFVRII
CASSTTETGNYGYTF	LQSINFVRII
CASSPFTTGSHGYTF	LQSINFVRII
CASSLSGRGGNTIYF	LQSINFVRII
CASSQVHPGEQFF	LQSINFVRII
CASSLALTGGGGKLFF	LQSINFVRII
CASGQGASYNEQFF	LQSINFVRII
CASSDSSGSLHEQFF	LQSINFVRII
CASSPTWGNQPQHF	LQSINFVRII
CATPTEGSYEQYF	LQSINFVRII
CASSSHSGPSYEQYF	LQSINFVRII
CASSLGDISSEGNTGELFF	LQSINFVRII
CASSLDSTYEQYF	LQSINFVRII
CASSLDDSLNEKLFF	LQSINFVRII
CSATPRDLASYNEQFF	LQSINFVRII
CASSETRQETQYF	LQSINFVRII
CASSRGAGELFF	LQSINFVRII
CAWSHGPAYEQYF	LQSINFVRII
CASSGAGGYGYTF	LQSINFVRII
CASSLEGNTEAFF	LQSINFVRII
CASSPLSGGSFPYEQYF	LQSINFVRII
CSASPTAMNTEAFF	LQSINFVRII
CASRPGQGWSPLHF	LQSINFVRII
CASSSSGRRGDEQFF	LQSINFVRII
CASSFGGAQNIQYF	LQSINFVRII
CASTPGQYNEQFF	LQSINFVRII
CASSQVAYATNEKLFF	LQSINFVRII
CSVAGQGHYEQYF	LQSINFVRII
CASREDSTDTQYF	LQSINFVRII
CASSLRGLPTDTQYF	LQSINFVRII
CATSRERQGVKETQYF	LQSINFVRII
CSVDGAVSNTEAFF	LQSINFVRII
CASSQGGANEQYF	LQSINFVRII
CASSYSKEDLNTEAFF	LQSINFVRII
CASSPSPGGAGSNQPQHF	LQSINFVRII
CASRAGTSGGRQETQYF	LQSINFVRII
CASSLQVGTGGRQPQHF	LQSINFVRII
CASSPWTGRETQYF	LQSINFVRII
CASSQGSALGGELFF	LQSINFVRII
CASSLEDTGELFF	LQSINFVRII
CASSPGSFGYTF	LQSINFVRII
CSATLRGPQGEQYF	LQSINFVRII
CASSVQSGTGGSQPQHF	LQSINFVRII
CASSQGLPTLGWTQYF	LQSINFVRII
CASSFGGATDTQYF	LQSINFVRII
CAHLSGRVGDEQFF	LQSINFVRII
CATSRDRRERGETQYF	LQSINFVRII
CATSRDRRELETQYF	LQSINFVRII
CASSVPSGSPTYNEQFF	LQSINFVRII
CASSLAGALNTEAFF	LQSINFVRII
CASSQRPYTGELFF	LQSINFVRII
CSVCLQGATYEQYF	LQSINFVRII
CASSQEGGQLYEQYF	LQSINFVRII
CASSYLAGVSNEQFF	LQSINFVRII
CASSLAGGYTGELFF	LQSINFVRII
CASSLVQDTYEQYF	LQSINFVRII
CASSIPTENTGELFF	LQSINFVRII
CASSFTGQGTYEQYF	LQSINFVRII
CASSQGPGGRDKYQETQYF	LQSINFVRII
CSVVGTSGSNEQFF	LQSINFVRII
CASRRTTAGDTEAFF	LQSINFVRII
CASSLAVTTEAFF	LQSINFVRII
CASSEGSYEQYF	LQSINFVRII
CASSGETGLAKNIQYF	LQSINFVRII
CASSYSGTGAINEQFF	LQSINFVRII
CASSQATGGLGTDTQYF	LQSINFVRII
CASSDSGSSDTQYF	LQSINFVRII
CASSQASGAYYEQYF	LQSINFVRII
CASSLPDWTSGSGVTDTQYF	LQSINFVRII
CASSEGQVSEQYF	LQSINFVRII
CASSSPSQGLQETQYF	LQSINFVRII
CSAGSNGELFF	LQSINFVRII
CASSPYPGGNNEQYF	LQSINFVRII
CASSLGEREETQYF	LQSINFVRII
CASSIQWTSTDTQYF	LQSINFVRII
CSASPRIGGLYEQYF	LQSINFVRII
CASTGTSSYEQYF	LQSINFVRII
CASSFSPPSGELFF	LQSINFVRII
CASSSAGWETQYF	LQSINFVRII
CASSLTGALYEQYF	LQSINFVRII
CASSPGQGAKNEQFF	LQSINFVRII
CASSSVNTEAFF	LQSINFVRII
CASSDGEGRGGTEAFF	LQSINFVRII
CASSIEGLAGVYEQFF	LQSINFVRII
RASRGAGVPDTQYF	LQSINFVRII
CASQTLANQETQYF	LQSINFVRII
CASSEPRTEMNTEAFF	LQSINFVRII
CASTGDRLKATTEAFF	LQSINFVRII
CASSLGDSGNTIYF	LQSINFVRII
TVQETQYF	LQSINFVRII
CATSEGLAGVDEQFF	LQSINFVRII
CATSDLGSNQPQHF	LQSINFVRII
CASSIPGTGMGNTEAFF	LQSINFVRII
CASSLRGREPYEQYF	LQSINFVRII
CATLETTESNYGYTF	LQSINFVRII
CASSLGGTEQYF	LQSINFVRII
CASSSIQGPNQPQHF	LQSINFVRII
CASSLAFGTGVDTQYF	LQSINFVRII
CASSSQNTEAFF	LQSINFVRII
CASSMAGYTEAFF	LQSINFVRII
CASSADPTRDRETYEQYF	LQSINFVRII
CASSLAGGAYGYTF	LQSINFVRII
CATSDLGGGPGNEQFF	LQSINFVRII
CASSLVRGGAESSYNSPLHF	LQSINFVRII
CASSYGTTMNTEAFF	LQSINFVRII
CASSLPRLAGDSVDEQFF	LQSINFVRII
CAELAGDYNEQFF	LQSINFVRII
CSAGTGDRWEQFF	LQSINFVRII
CASSLAGTGSPLHF	LQSINFVRII
CSARPKVWDKGGWGPDTQYF	LQSINFVRII
CASSPWTGDEQYF	LQSINFVRII
CASSYSTGGFNTEAFF	LQSINFVRII
CATSRDRGSNQPQHF	LQSINFVRII
CASSLDLGTGNTIYF	LQSINFVRII
CASSLDTHEQYF	LQSINFVRII
CSVEDGGRVTEAFF	LQSINFVRII
CASRDGLNTEAFF	LQSINFVRII
CSVPSGGGYEQFF	LQSINFVRII
CASSYSTSGVYEQYF	LQSINFVRII
CASSQHAPTTGELFF	LQSINFVRII
CASGRDSGEQYF	LQSINFVRII
CSARAPPGDSSYEQYF	LQSINFVRII
CASSLFDTNTEAFF	LQSINFVRII
CASSNPTSQSSYNSPLHF	LQSINFVRII
CASSIRGFTEQYF	LQSINFVRII
CASSGAGELFF	LQSINFVRII
CASSLQSPSSAGNEQFF	LQSINFVRII
CASSSDGVGNEQFF	LQSINFVRII
CASSLSGRGEQYF	LQSINFVRII
CASSTPGVYGYTF	LQSINFVRII
CASSEGEGRGGTEAFF	LQSINFVRII
CASSPGPTYEKLFF	LQSINFVRII
CASSEEVGLRPISSTDTQYF	LQSINFVRII
CASRTGVPSNQPQHF	LQSINFVRII
CSAEGSGNTIYF	LQSINFVRII
CASSQANYEQYF	LQSINFVRII
CSVDSGENEQFF	LQSINFVRII
CASSLLRDSSYEQYF	LQSINFVRII
CASSLWPEGTGELFF	LQSINFVRII
CASSQDLSDGQPQHF	LQSINFVRII
CASSPLGNEQYF	LQSINFVRII
CASSLSSYNEQFF	LQSINFVRII
CATGTGELFF	LQSINFVRII
CASSEYRAETQYF	LQSINFVRII
CASSYTGTGSYNEQFF	LQSINFVRII
CASSWDGMNTEAFF	LQSINFVRII
CASGFSGLGTGELFF	LQSINFVRII
RASSLRPSAHNEQFF	LQSINFVRII
CASSQPDSNQPQHF	LQSINFVRII
CASSPPDTNTEAFF	LQSINFVRII
CASSWPLEVAGVTDTQYF	LQSINFVRII
CASRLAGGAFNEQFF	LQSINFVRII
CASSLAGTEAFF	LQSINFVRII
CATLGKEAVSYNEQFF	LQSINFVRII
CASGTSGGAQETQYF	LQSINFVRII
CATSDFQGAGELFF	LQSINFVRII
CATSDSYRAQETQYF	LQSINFVRII
CASSLEDYNEQFF	LQSINFVRII
CASSRDGTTGNEQFF	LQSINFVRII
CASSLAVAEQYF	LQSINFVRII
CASRILAGGTDTQYF	LQSINFVRII
CATSRAQGLALYEQYF	LQSINFVRII
CASSLAGTDGNTIYF	LQSINFVRII
CSVQSGNEQFF	LQSINFVRII
CASFSSSYEQYF	LQSINFVRII
CASSLFVGEEETQYF	LQSINFVRII
CSVVTRSYNEQFF	LQSINFVRII
CASSLADYTGELFF	LQSINFVRII
CSVGGGAYGYTF	LQSINFVRII
CATSEGSGANVLTF	LQSINFVRII
CAWWLPLAGVGDEQFF	LQSINFVRII
CASSLAVGAGYGYTF	LQSINFVRII
CASSSLGGETQYF	LQSINFVRII
CASSYSGGYYGYTF	LQSINFVRII
CASSLQGALNTEAFF	LQSINFVRII
CASSDSGSSDTQYF	LQSINFVRII
CASSYSSIGNTGELFF	LQSINFVRII
CASSLVENTEAFF	LQSINFVRII
CASSQEEAYRNTGELFF	LQSINFVRII
CASSINWETVPYEQYF	LQSINFVRII
CSVVSVWEAFF	LQSINFVRII
CATSDFQGAGELFF	LQSINFVRII
CACRTGNYNEQFF	LQSINFVRII
CASSDGTGPFSEQFF	LQSINFVRII
CASSLARGTDTQYF	LQSINFVRII
CASSPRVLGNQPQHF	LQSINFVRII
CASSLDKPANFYGYTF	LQSINFVRII
CASFLSSYEQYF	LQSINFVRII
CASSQGRGEVGLQSQETQYF	LQSINFVRII
CASSSPVRNTEAFF	LQSINFVRII
CARDRDTSWGGELFF	LQSINFVRII
CASTSDPGAKAFF	LQSINFVRII
CASSLGEFHEQYF	LQSINFVRII
CSAPRTAMNTEAFF	LQSINFVRII
CASSLTGPGGTEAFF	LQSINFVRII
CASSWEGAGTEAFF	LQSINFVRII
CASRDTGYEQYF	LQSINFVRII
CASRLGREWGGFQETQYF	LQSINFVRII
CASSQDRTLDEQFF	LQSINFVRII
CASSQMAALNTEAFF	LQSINFVRII
CSAKRRDNQPQHF	LQSINFVRII
CATLWWGAGANVLTF	LQSINFVRII
CSVEEGGANTEAFF	LQSINFVRII
CATSRDVVAGDHYEQYF	LQSINFVRII
CASSFYWGTEAFF	LQSINFVRII
CSAEDLAGAGELFF	LQSINFVRII
CASSLGDSLNTEAFF	LQSINFVRII
CASSLVTPEDTQYF	LQSINFVRII
CASSLAGGTEAFF	LQSINFVRII
CASSLLGPLDNEQFF	LQSINFVRII
CASSSTSGSSGEEQYF	LQSINFVRII
CASSQDGGGGYGYTF	LQSINFVRII
CSAHSEDTQYF	LQSINFVRII
CATFSSSYEQYF	LQSINFVRII
CSAEGFGEQFF	LQSINFVRII
CASSPGQGLGDEQFF	LQSINFVRII
CASSQAGRKDYEQYF	LQSINFVRII
CASSEGGRTFF	LQSINFVRII
CASFRGEQYF	LQSINFVRII
CASIGVGPLTDTQYF	LQSINFVRII
CASSPMGAVNTEAFF	LQSINFVRII
CSVLENTEAFF	LQSINFVRII
CASSYGGTPGTEAFF	LQSINFVRII
CASSLDRETQYF	LQSINFVRII
CASSYSSRLGTPEKLFF	LQSINFVRII
CASSEPTGEIGNQPQHF	LQSINFVRII
CASSVGATPYGYTF	LQSINFVRII
CSAMRLAGANEQFF	LQSINFVRII
CASSYGGYNEQFF	LQSINFVRII
CATRTSGGNTGELFF	LQSINFVRII
CASSQATALNTEAFF	LQSINFVRII
CATFTSSYEQYF	LQSINFVRII
CASSDGQGIQPQHF	LQSINFVRII
CATSDLLGSSYNEQFF	LQSINFVRII
CASSFFPGAVSYNEQFF	LQSINFVRII
CASSFMLQETQYF	LQSINFVRII
CASSLGLAGGYEQFF	LQSINFVRII
CASSYSPPGTNYGYTF	LQSINFVRII
CAISEYSTPDRFLSDTEAFF	LQSINFVRII
CASSQDEEPPYNEQFF	LQSINFVRII
CASSEPGQEMNTEAFF	LQSINFVRII
CASSQDPGSTDTQYF	LQSINFVRII
CATSSAGRPIGAFF	LQSINFVRII
CASSRPSSGEEQFF	LQSINFVRII
CASSTGQGLVNTEAFF	LQSINFVRII
CASSSGIIHTEAFF	LQSINFVRII
CATGTADTGELFF	LQSINFVRII
CASSELAWTSSTGELFF	LQSINFVRII
CASRPAGRTTDTQYF	LQSINFVRII
CASSDTGFNEQFF	LQSINFVRII
CASSRQPPMNYEQYF	LQSINFVRII
CASSPGLAGALYNEQFF	LQSINFVRII
CSVEGRRNTGELFF	LQSINFVRII
CASSPQLVTGWDEQFF	LQSINFVRII
CAISDGVITEAFF	LQSINFVRII
CATIPWGGQGIYTEAFF	LQSINFVRII
CASSFWGANTGELFF	LQSINFVRII
CSAMDQGLGAFF	LQSINFVRII
CASSLRSGGTDTQYF	LQSINFVRII
CASTGRVGNTEAFF	LQSINFVRII
CASTTSGGSYNEQFF	LQSINFVRII
CASSLSGGGTGELFF	LQSINFVRII
CASSYGTSGSEQYF	LQSINFVRII
CATRGGEGTEAFF	LQSINFVRII
CASSPSGTQYF	LQSINFVRII
CASSEVQGVEQYF	LQSINFVRII
CASSLLIEYNEQFF	LQSINFVRII
CASSEPGLGYGYTF	LQSINFVRII
CAISELVTSGTDTQYF	LQSINFVRII
CASSLGPRPGDTQYF	LQSINFVRII
CASSEGQGNQPQHF	LQSINFVRII
CASSLDISGGSYEQYF	LQSINFVRII
CASSLGQGLGQPQHF	LQSINFVRII
CASSLNYEQYF	LQSINFVRII
CACHRRTGYGYTF	LQSINFVRII
CASGATSYEQYF	LQSINFVRII
CASSLGSGRNTGELFF	LQSINFVRII
CATLDWGAGANVLTF	LQSINFVRII
CASSASETSGASYNEQFF	LQSINFVRII
CASSRPGQDPYEQYF	LQSINFVRII
CASSLAEGQESSYNSPLHF	LQSINFVRII
CASTLKAGVGSYEQYF	LQSINFVRII
CASRPGIHTIYF	LQSINFVRII
CASSPLPGTDFYNEQFF	LQSINFVRII
CASSQAGALGGELFF	LQSINFVRII
CASRPWEGQGRYDEQFF	LQSINFVRII
CASSQEGALSTEAFF	LQSINFVRII
CASSSGATNEKLFF	LQSINFVRII
CACLSGNTIYF	LQSINFVRII
CASSPNGGPNYGYTF	LQSINFVRII
CASSVGGWGTEAFF	LQSINFVRII
CASSLGTLGSYEQYF	LQSINFVRII
CASSSSPSESSYEQYF	LQSINFVRII
CASSLTSNNEDTEAFF	LQSINFVRII
CASSWGGGSGETQYF	LQSINFVRII
CASGLGPPLAASTDTQYF	LQSINFVRII
CASSLVGGGEQFF	LQSINFVRII
CASSYSGGANYGYTF	LQSINFVRII
CASNPGLYNEQFF	LQSINFVRII
CASSLSPDRDLHEQYF	LQSINFVRII
CASSLAVGQSTYEQYF	LQSINFVRII
CASSHTGSISYEQYF	LQSINFVRII
CATNYRGTHYYGYTF	LQSINFVRII
CASRPGGRTDTQYF	LQSINFVRII
CSVEELGEGTEAFF	LQSINFVRII
CSVSVGVHNEQFF	LQSINFVRII
CASSSPGQSYEQYF	LQSINFVRII
CASSLATGGDTEAFF	LQSINFVRII
CASSLASGTGANVLTF	LQSINFVRII
CASSIDVSDIDYEQYF	LQSINFVRII
CASSQDTGYYYEQYF	LQSINFVRII
CASSSGSVDTQYF	LQSINFVRII
CSAPRGGSTGELFF	LQSINFVRII
CASSYTSTDTQYF	LQSINFVRII
CSARDPGLAGFINEQFF	LQSINFVRII
CASSTLGGKGELFF	LQSINFVRII
CASSLSGRRNEQFF	LQSINFVRII
CASWGGPYTDTQYF	LQSINFVRII
CASSLGGGSNQPQHF	LQSINFVRII
CASSPGGFGDTQYF	LQSINFVRII
CASSPNSYEQYF	LQSINFVRII
CSVDFRGSGTEAFF	LQSINFVRII
CSVDPGNYGYTF	LQSINFVRII
CASSRGLPETQYF	LQSINFVRII
CASSSISGTDSYNEQFF	LQSINFVRII
CAREAGTKNIQYF	LQSINFVRII
CASSPQPGTGGFYEQYF	LQSINFVRII
CSARGVVSGGTGELFF	LQSINFVRII
CASSDPFSGFYEQYF	LQSINFVRII
CASSEDWGTGQPQHF	LQSINFVRII
CASSSLGGLSIQYF	LQSINFVRII
CASSPAPGGLDEQYF	LQSINFVRII
CASSLGRVAPGELFF	LQSINFVRII
CASFSSSYEQYF	LQSINFVRII
CASSLGDTQYF	LQSINFVRII
CASSLEGGGTEAFF	LQSINFVRII
CSARREGEGQFF	LQSINFVRII
CASSYDRTEAFF	LQSINFVRII
CASSLARDSYEQYF	LQSINFVRII
CALAGMSRDTQYF	LQSINFVRII
CASSLVGQPYYNSPLHF	LQSINFVRII
CASSEILVGTNEKLFF	LQSINFVRII
CASSLPSGYEQYF	LQSINFVRII
CSVEVGGQYF	LQSINFVRII
CSVDLGTGGGTRYTF	LQSINFVRII
CASSASTSGLHYEQYF	LQSINFVRII
CASSFGGQADEQFF	LQSINFVRII
CASSFSLGSGETQYF	LQSINFVRII
CASSMGQGYHEQYF	LQSINFVRII
CASSLPSGTSEQETQYF	LQSINFVRII
CASSSRGDEQFF	LQSINFVRII
CASSQVSALTGELFF	LQSINFVRII
CASSISQITEAFF	LQSINFVRII
CASSYVQSYEQYF	LQSINFVRII
CASSEPRTSGGWNTGELFF	LQSINFVRII
CASSQDDSGLYGYTF	LQSINFVRII
CASRSGTASSYEQYF	LQSINFVRII
CASSLDPETSGRTSYNEQFF	LQSINFVRII
CASSLGLNNQPQHF	LQSINFVRII
CASSLLASGNHEQFF	LQSINFVRII
CASSRGIEISGYEETQYF	LQSINFVRII
CASSFLATSTDTQYF	LQSINFVRII
CASSPDTVTYGYTF	LQSINFVRII
CASSLLGGAGNEQFF	LQSINFVRII
CSAPNQGQGRPNSNQPQHF	LQSINFVRII
CATSDFEQREGPDTQYF	LQSINFVRII
CASSLEAGGTDTQYF	LQSINFVRII
CASGTRLASYEQYF	LQSINFVRII
CASSSGPGGTLDYGYTF	LQSINFVRII
CASSFYLDEQYF	LQSINFVRII
CASSPGLPPGNEQFF	LQSINFVRII
CASSPLAGVHTQYF	LQSINFVRII
CASSPPGAGRETQYF	LQSINFVRII
CASSSTSYNEQFF	LQSINFVRII
CASSPTSYNEQFF	LQSINFVRII
CASSEGGSGQPQHF	LQSINFVRII
CASSLGTLGTYEQYF	LQSINFVRII
CASSQSNTGELFF	LQSINFVRII
CATSEPQGLEAFF	LQSINFVRII
CAISGGGGGAGSYNEQFF	LQSINFVRII
CASSAGTSEADTQYF	LQSINFVRII
CASSLRLAGGAGETQYF	LQSINFVRII
CSVEMGPFFGANVLTF	LQSINFVRII
CSVGGQEANYGYTF	LQSINFVRII
CASSPMTGVRDTQYF	LQSINFVRII
CASSPLRDTLTDTQYF	LQSINFVRII
CASSLLPRGWNEQFF	LQSINFVRII
CASSQDQEISTDTQYF	LQSINFVRII
CASSPGVGVEQYF	LQSINFVRII
CSARAEAGVVRIEETQYF	LQSINFVRII
CASRDTGASYNEQFF	LQSINFVRII
CASSQEWGDYQPQHF	LQSINFVRII
CSVQDGGQNTEAFF	LQSINFVRII
CASSLDGQPYTF	LQSINFVRII
CASAMAGALNTEAFF	LQSINFVRII
CASSLSFRDTQYF	LQSINFVRII
CASSFNQGAPLGTGELFF	LQSINFVRII
CASSQTSAGPQETQYF	LQSINFVRII
CASSPRGPWIYEQYF	LQSINFVRII
CANIQGASDEQYF	LQSINFVRII
CASSLEAGGFYSSYNEQFF	LQSINFVRII
CASSQRAGDTEAFF	LQSINFVRII
CASNDRGLEQYF	LQSINFVRII
CAISELPGQTLPGTQYF	LQSINFVRII
CASSDFGNYGYTF	LQSINFVRII
CASSFSMVADTQYF	LQSINFVRII
CSAPGPSGEQYF	LQSINFVRII
CASSQDLGLLTQETQYF	LQSINFVRII
CASSFLDPEQFF	LQSINFVRII
CASSPWGDTEAFF	LQSINFVRII
CARAGKGPGTEAFF	LQSINFVRII
CASSEDQGVPGGNEQFF	LQSINFVRII
CASSLGGGRGHEKLFF	LQSINFVRII
CASSLQPTANYGYTF	LQSINFVRII
CASMGRGQETQYF	LQSINFVRII
CASSEGGLLSTGELFF	LQSINFVRII
CASSSLAGGGDEQFF	LQSINFVRII
CSAREGNLVQFF	LQSINFVRII
CASSWRDRVNTGELFF	LQSINFVRII
CASSLMTGGETQYF	LQSINFVRII
CSVEEVAGGGYTF	LQSINFVRII
CASSGGEGEQFF	LQSINFVRII
CATSRDRRELETQYF	LQSINFVRII
CSVDPSGSTGELFF	LQSINFVRII
CSVVDVWEAFF	LQSINFVRII
CASSLDHSFGETQYF	LQSINFVRII
CASSSQADRVVYGYTF	LQSINFVRII
CASSSSEYNEQFF	LQSINFVRII
CASSMAVNTEAFF	LQSINFVRII
CSALPDLSTYEQYF	LQSINFVRII
CASSLGPREMNTEAFF	LQSINFVRII
CASSLREEQGISGNTIYF	LQSINFVRII
CASVAGDEQYF	LQSINFVRII
CASSSGTEYQETQYF	LQSINFVRII
CASSLDFGETQYF	LQSINFVRII
CSVIDLSEAFF	LQSINFVRII
CASGVGLAGGGLSNEQFF	LQSINFVRII
CASSTMEGQAPRYEQYF	LQSINFVRII
CASTHSSGSGETQYF	LQSINFVRII
CASSVPSPGPGFYEQYF	LQSINFVRII
CASNGDWRADTQYF	LQSINFVRII
CASSFVGGEKLFF	LQSINFVRII
CASIAGGEQYF	LQSINFVRII
CASSAGQGRWNTEAFF	LQSINFVRII
CASSRGQTNEKLFF	LQSINFVRII
CASSLVRATQETQYF	LQSINFVRII
CSVLPDISSYEQYF	LQSINFVRII
CASAVWRGRTDTQYF	LQSINFVRII
CSAGTENTGELFF	LQSINFVRII
CASSKLPNRQRHSPLHF	LQSINFVRII
CASSYSDTADTQYF	LQSINFVRII
CATSGASGNEQFF	LQSINFVRII
CASSKATGEGGNYEQYF	LQSINFVRII
CASSEGWTGDTQYF	LQSINFVRII
CASSYSSGAEAFF	LQSINFVRII
CASSSLEARGAETQYF	LQSINFVRII
CASSHYRGSYNEQFF	LQSINFVRII
CASSLTLDSYEQYF	LQSINFVRII
CASFGQNRNTIYF	LQSINFVRII
CASSLGGRANGYTF	LQSINFVRII
CASRTGTAFSPRGEETQYF	LQSINFVRII
CASSDSYAGNTIYF	LQSINFVRII
CASRTGASYEQYF	LQSINFVRII
CSVEWGASGSLTDTQYF	LQSINFVRII
CASSQGGGLSSEAFF	LQSINFVRII
CAIEKTESHRAQYF	LQSINFVRII
CASSQWGQGYSGRAGFNEQFF	LQSINFVRII
CSVVWGHEQYF	LQSINFVRII
CASSRAVNNEQFF	LQSINFVRII
CASSFSENTGELFF	LQSINFVRII
CASSLAGAGNTIYF	LQSINFVRII
CASSGLTSANGDEQFF	LQSINFVRII
CASSLTGWGNTEAFF	LQSINFVRII
CSVGGTGAYEQYF	LQSINFVRII
CASSSGHPEAFF	LQSINFVRII
CASSEGVPGLEYF	LQSINFVRII
CASSSQTSGGAYEQFF	LQSINFVRII
CASSISVSKNIQYF	LQSINFVRII
CASSLRWAEDLFNYGYTF	LQSINFVRII
CASSYEASGTEAFF	LQSINFVRII
CASSLGTVNEQFF	LQSINFVRII
CASSGPSGSSPYEQYF	LQSINFVRII
CSAIRDRTGPYNEQFF	LQSINFVRII
CASSLAGETQYF	LQSINFVRII
CASSVGAAVSYEQYF	LQSINFVRII
CATDVIGATNYGYTF	LQSINFVRII
CASSSGQGTDTQYF	LQSINFVRII
CASSTTVNLSSYNSPLHF	LQSINFVRII
CASSFSTASGAYNEQFF	LQSINFVRII
CASSPPGLAYNEQFF	LQSINFVRII
CASSPLAGGSYEQYF	LQSINFVRII
CASSLAGLAADTQYF	LQSINFVRII
CASSLVRGRTEAFF	LQSINFVRII
CASSLGTGEDQPQHF	LQSINFVRII
CASRPLVGTDSNQPQHF	LQSINFVRII
CASSYGVDEQFF	LQSINFVRII
CASSYGGIGVHEQFF	LQSINFVRII
CASSTGQGTDTQYF	LQSINFVRII
CASSQGTSGASSTDTQYF	LQSINFVRII
CASSLSVSNEAFF	LQSINFVRII
CASSLVKGQGATLAKNIQYF	LQSINFVRII
CASRPGTSWGSNQPQHF	LQSINFVRII
CASSLGVGELFF	LQSINFVRII
CASSLGGNSYEQYF	LQSINFVRII
CASSSRDSIEAFF	LQSINFVRII
CANPGQGGYGYTF	LQSINFVRII
CASSFYGIYTEAFF	LQSINFVRII
CASSTGQGEWETQYF	LQSINFVRII
CASSFYNAGGRADTQYF	LQSINFVRII
CASSYTSGANVLTF	LQSINFVRII
CASSQDGGVGLIEAFF	LQSINFVRII
CASSPAWTGGWETQYF	LQSINFVRII
CASSQESSGSYEQYF	LQSINFVRII
CASSYERGYEQYF	LQSINFVRII
CASRAGETQYF	LQSINFVRII
CASSLVGSGVPDTQYF	LQSINFVRII
CASSPMDSDNEQFF	LQSINFVRII
CASSFAQGTDTQYF	LQSINFVRII
CASSEGEGRWGTEAFF	LQSINFVRII
CASVRDLNTGELFF	LQSINFVRII
CASSLPGLASETQYF	LQSINFVRII
CASSPTANTEAFF	LQSINFVRII
CASSEDPGMNTEAFF	LQSINFVRII
CASSTQRWDRKIQETQYF	LQSINFVRII
CASSQHRDSGNTIYF	LQSINFVRII
CATGETSYEQYF	LQSINFVRII
CASSEKSARYDRYEQYF	LQSINFVRII
CASSLGDEQYF	LQSINFVRII
CASSLDETEAFF	LQSINFVRII
CASSPRPSGEQYF	LQSINFVRII
CASSDRYSGNTIYF	LQSINFVRII
CASSGDGTYEQYF	LQSINFVRII
CASSQDNSYGNTIYF	LQSINFVRII
CASSMGWADVYNEQFF	LQSINFVRII
CASRPTLANEQFF	LQSINFVRII
CASSEAGGLETQYF	LQSINFVRII
CASGSGGASDTQYF	LQSINFVRII
CASSTPGLADNEQFF	LQSINFVRII
CASSTGAGLNTEAFF	LQSINFVRII
CASSPPDRAHYNEQFF	LQSINFVRII
CSARDHGGDLTDTQYF	LQSINFVRII
CASNHYYTDTQYF	LQSINFVRII
CASTGTGGTGELFF	LQSINFVRII
CASSYATGTGLSGELFF	LQSINFVRII
CASSNIILVGGSDNEQFF	LQSINFVRII
CASSPPGLSLTYEQYF	LQSINFVRII
CASSLGFVGGNEQFF	LQSINFVRII
CASSLGASGTYNEQFF	LQSINFVRII
CASSLSRYEQYF	LQSINFVRII
CSARDQGDAGEPQHF	LQSINFVRII
CSVERQAADTQYF	LQSINFVRII
CASREGGTDTQYF	LQSINFVRII
CATSSGGLNTEAFF	LQSINFVRII
CAGLGAWETQYF	LQSINFVRII
CSADPLGWGLDGYTF	LQSINFVRII
CASSLSGQELNQPQHF	LQSINFVRII
CASSIDYSSNQPQHF	LQSINFVRII
CASSALSSRREVVTDTQYF	LQSINFVRII
CASSLQETQYF	LQSINFVRII
CASSLLRVNNQPQHF	LQSINFVRII
CASSPKWGETLNEQFF	LQSINFVRII
CASSQHWNSGNTIYF	LQSINFVRII
CSVEVMSDNSGNTIYF	LQSINFVRII
CASSLNAENTEAFF	LQSINFVRII
CASIVLGKRNPPQETQYF	LQSINFVRII
CASSLSTEGNTEAFF	LQSINFVRII
CASSPGGNEQFF	LQSINFVRII
CASSLGSEAFF	LQSINFVRII
CATGVTGSYNEQFF	LQSINFVRII
CAIKERVGSYNEQFF	LQSINFVRII
CASTPRIQPQHF	LQSINFVRII
CASSVTIDDEQYF	LQSINFVRII
CASSLAGAEGQFF	LQSINFVRII
CASLLAGGTDTGELFF	LQSINFVRII
CASSPVGGWETQYF	LQSINFVRII
CASSLVVPVNNEQFF	LQSINFVRII
CASRVLGTSGGDEQFF	LQSINFVRII
CASRSIQSGNEQFF	LQSINFVRII
CASSPQGEGAPFSPLHF	LQSINFVRII
CASSEYRGSYNEQFF	LQSINFVRII
CASSYSGIGSYNEQFF	LQSINFVRII
CASSDRIFDEQFF	LQSINFVRII
CASSIDLAGGIYNEQFF	LQSINFVRII
CASSLAPRGAFNNEQFF	LQSINFVRII
CASSLPLAGISYEQYF	LQSINFVRII
CASSQDLALPNEKLFF	LQSINFVRII
CATRPGNSYEQYF	LQSINFVRII
CASGATSYEQYF	LQSINFVRII
CASRTSGNPDTQYF	LQSINFVRII
CSVRGGETDMNTEAFF	LQSINFVRII
CASSLSNANTIYEQYF	LQSINFVRII
CASSQDDRGGYEQYV	LQSINFVRII
CASSVLGGETQYF	LQSINFVRII
CSADQGAGNIQYF	LQSINFVRII
CASSEPEDRSTDTQYF	LQSINFVRII
CASSQGQRLPDNEQFF	LQSINFVRII
CASSQRWAVTYNEQFF	LQSINFVRII
CSAPRGGASTDTQYF	LQSINFVRII
CASSPDGTTGYEQYF	LQSINFVRII
CASSEGRGWIEQYF	LQSINFVRII
CASSTWLGNIQYF	LQSINFVRII
CAGKTNQETQYF	LQSINFVRII
CSVSDRGPTDTQYF	LQSINFVRII
CASSLPTNSGVPPSTDTQYF	LQSINFVRII
CASSFRGQGHPEAFF	LQSINFVRII
CASSLWWEGTYEQYF	LQSINFVRII
CASSEPRTEMNTGELFF	LQSINFVRII
CASSPDLQGNEQFF	LQSINFVRII
CASSLLPRGWNEQFF	LQSINFVRII
CASSVGLMSSEQYF	LQSINFVRII
CASSQDLELTNYGYTF	LQSINFVRII
CASRGSDRQSTDTQYF	LQSINFVRII
CASNLGRGWQPQHF	LQSINFVRII
CASSLGPQGGEKLFF	LQSINFVRII
CASSWGASNEQFF	LQSINFVRII
CASSLPTGGADTEAFF	LQSINFVRII
CASSYGRETQYF	LQSINFVRII
CASFSSSYEQYF	LQSINFVRII
CASSSNDWKNTGELFF	LQSINFVRII
CASMAEASNTGELFF	LQSINFVRII
CATSRQDSYEQYF	LQSINFVRII
CSVEIENTGELFF	LQSINFVRII
CSAPGQGPYEQYF	LQSINFVRII
CASSEGQGGHEQYF	LQSINFVRII
CASSQDRGGLAEETQYF	LQSINFVRII
CASSVGLAGVQETQYF	LQSINFVRII
CASSLSGVSTEAFF	LQSINFVRII
CSVDGQGPYEQYF	LQSINFVRII
CASSLGGTGPFATEAFF	LQSINFVRII
CASSLTSVGGPSETQYF	LQSINFVRII
CASSTRGHNEQFF	LQSINFVRII
CASSGTGREQYF	LQSINFVRII
CASSLTGTVNTEAFF	LQSINFVRII
CASSGGLTPENIQYF	LQSINFVRII
CASSFVRGDGYGYTF	LQSINFVRII
CASTPSGLWLAGDHEQFF	LQSINFVRII
CSVEGGDYTILMNEQFF	LQSINFVRII
CACGEANEKLFF	LQSINFVRII
CATSDFVANTQYF	LQSINFVRII
CASSLAGLSNQPQHF	LQSINFVRII
CASTGQNTEAFF	LQSINFVRII
CASSPWDREPQPQHF	LQSINFVRII
CATSDLDSYEQYF	LQSINFVRII
CAWKTSGGVETQYF	LQSINFVRII
CASSQALGTLNEQFF	LQSINFVRII
CASFSASYEQYF	LQSINFVRII
CASSTDESNQPQHF	LQSINFVRII
CASSLVSGATEAFF	LQSINFVRII
CASSIAAGQLNTEAFF	LQSINFVRII
CSVEGLASGKLGTQYF	LQSINFVRII
CASSEGGGPSYEQYF	LQSINFVRII
CSTGEVGVNTEAFF	LQSINFVRII
CSARDGTSGAMGETQYF	LQSINFVRII
CASSQGGAGFNEQFF	LQSINFVRII
CSARDPPTDTQYF	LQSINFVRII
CASSEGPAGGSSYEQYF	LQSINFVRII
CASSGQDTGELFF	LQSINFVRII
CASSYIAGVNTGELFF	LQSINFVRII
CASSIEQSYDEQFF	LQSINFVRII
CASSIIVPEQYF	LQSINFVRII
CASSLLAATPYEQYF	LQSINFVRII
CASSWSWLEFYNEQFF	LQSINFVRII
CASSPGSSYEQYF	LQSINFVRII
CASSLVVLGGGTGELFF	LQSINFVRII
CASSLVNSDTQYF	LQSINFVRII
CASSLLSGRDIQYF	LQSINFVRII
CASSLGTGDTETQYF	LQSINFVRII
CASSPMGALNTEAFF	LQSINFVRII
CASSLLPRGWNEQYF	LQSINFVRII
CASSQSPMSGGFYEQYF	LQSINFVRII
CSARLTVSSYEQYF	LQSINFVRII
CASSLVGDSYEQYF	LQSINFVRII
CASSYGQLHLNEQFF	LQSINFVRII
CASSISTASYEQYF	LQSINFVRII
CASSPHDLREVQKDLYLTYEQYF	LQSINFVRII
CASSSPLAGEYNEQFF	LQSINFVRII
CSAPPRGMNTEAFF	LQSINFVRII
CASTRLAGPNEQFF	LQSINFVRII
CASSLLVNTEAFF	LQSINFVRII
CASSLAGTANEQFF	LQSINFVRII
CASSLSPLDSTYEQYF	LQSINFVRII
CSAFSVGSYEQYF	LQSINFVRII
CSARDLRWAGTPETQYF	LQSINFVRII
CASSPGLAGSSYNEQFF	LQSINFVRII
CASSSHRGVVVDTQYF	LQSINFVRII
CASSESISDTQYF	LQSINFVRII
CASSLGLAGISYEQYF	LQSINFVRII
CATSRDRREQETQYF	LQSINFVRII
CASSIAAGADTQYF	LQSINFVRII
CASSQEASGSYEQYF	LQSINFVRII
CASSLSVGETFYEQYF	LQSINFVRII
CASSFSGSMIGQYF	LQSINFVRII
CASSWGTAQYF	LQSINFVRII
CASKGTGGSNQPQHF	LQSINFVRII
CASSPTGTGELFF	LQSINFVRII
CASSLVAQAQYF	LQSINFVRII
CASSLTGGGDTQYF	LQSINFVRII
CASSFSAGELFF	LQSINFVRII
CSARDGDSGTGELFF	LQSINFVRII
CASSLLWSQPQHF	LQSINFVRII
CASSLGETYTEAFF	LQSINFVRII
CASSLQQGLTEAFF	LQSINFVRII
CASSISLGTEAFF	LQSINFVRII
CASSQVAAYGYTF	LQSINFVRII
CASSGRESVGFLNEQFF	LQSINFVRII
CASSLPGSRGNEQFF	LQSINFVRII
CASTLGQVSSGRQPYEQYF	LQSINFVRII
CASSYTTGSRETQYF	LQSINFVRII
CATSSGPGEGNTEAFF	LQSINFVRII
CASPGTDTYGYTF	LQSINFVRII
CASSLLDRYNEQFF	LQSINFVRII
CASSGGWWNSPLHF	LQSINFVRII
CASRMGYNEQFF	LQSINFVRII
CAILDRVVNTEAFF	LQSINFVRII
CASSLGSGGYQETQYF	LQSINFVRII
CASSFVSYNEQFF	LQSINFVRII
CASSIDTGVAEQYF	LQSINFVRII
CASSLTGWMNTEAFF	LQSINFVRII
CATSVQGSDYEQYF	LQSINFVRII
CASSFPLEKQSYEQYF	LQSINFVRII
CASSLGAGTDTQYF	LQSINFVRII
CASSLDLAGNYNEQFF	LQSINFVRII
CASSQEGQGHGYTF	LQSINFVRII
CASSEPGTEMNTEAFF	LQSINFVRII
CASSGITDTQYF	LQSINFVRII
CASSQSRGSYNEQFF	LQSINFVRII
CSALWGLANNEQFF	LQSINFVRII
CASSDDKYGYTF	LQSINFVRII
CASSALAGVETQYF	LQSINFVRII
CASSLLGGLMNTEAFF	LQSINFVRII
CASSPFGNNEQFF	LQSINFVRII
CASSLAGEPQHF	LQSINFVRII
CASSLGQGRNEQFF	LQSINFVRII
CSARPQDSWVQHF	LQSINFVRII
CASSSGLAYDEQFF	LQSINFVRII
CSVTGEARNTEAFF	LQSINFVRII
CASSYSLFGQGNPYEQYF	LQSINFVRII
CASSATAFVAGRNEQFF	LQSINFVRII
CSAFFGGATTDTQYF	LQSINFVRII
CARESGTYNEQFF	LQSINFVRII
CASSISQRDGGYGYTF	LQSINFVRII
CASTGTEFSGNTIYF	LQSINFVRII
CASSPGLAGTDTQYF	LQSINFVRII
CASTELAGGDNEQFF	LQSINFVRII
CASSSLRLAGSSYQETQYF	LQSINFVRII
CASSVVETGGDTQYF	LQSINFVRII
CASSLESGSTPQETQYF	LQSINFVRII
CASSSGPNEQFF	LQSINFVRII
CASGPGLAGYTDTQYF	LQSINFVRII
CASSLTDLWPQHF	LQSINFVRII
CASSYGGQGGNEQFF	LQSINFVRII
CASSLAGFKETQYF	LQSINFVRII
CASSRGTGSEQYF	LQSINFVRII
CASSYPSSYEQYF	LQSINFVRII
CASSQPRDTTNEKLFF	LQSINFVRII
CASSLVGEQYF	LQSINFVRII
CASSQDLSGVNEQFF	LQSINFVRII
CSVDLGGGPDTQYF	LQSINFVRII
CATETGQTYEQYF	LQSINFVRII
CASSKGWGTRGHNEQFF	LQSINFVRII
CAMEEASPYGYTF	LQSINFVRII
CASSQIGGTGLTDTQYF	LQSINFVRII
CASSEAVAGPFYEQYF	LQSINFVRII
CASSLDHRTGPYGYTF	LQSINFVRII
CSARGPSGYEQYF	LQSINFVRII
CASSLKLAGGPLPNEQFF	LQSINFVRII
CASSFPRMNTEAFF	LQSINFVRII
CASSGMAGGLYNEQFF	LQSINFVRII
CATSRARQVLNQPQHF	LQSINFVRII
CSANTEHSNQPQHF	LQSINFVRII
CASSLGLGLWGTAINQPQHF	LQSINFVRII
CASSLDPLGYTF	LQSINFVRII
CASSLGDRPTQAQYF	LQSINFVRII
CAWAGWTGLYF	LQSINFVRII
CASSLVQGTDSYNEQFF	LQSINFVRII
CASSHREDYNEQFF	LQSINFVRII
CASSLGGSYNSPLHF	LQSINFVRII
CASSETIRAGGWEPQHF	LQSINFVRII
CASEGTDNQPQHF	LQSINFVRII
CASSHDPTSGPSYNEQFF	LQSINFVRII
CASSVSSPSPDTLYF	LQSINFVRII
CASSLLGHGYF	LQSINFVRII
CASGGQNTEAFF	LQSINFVRII
CASSEELDRTDYEQYF	LQSINFVRII
CASSSPLEGKETQYF	LQSINFVRII
CASSPGSLGLAGYNEQFF	LQSINFVRII
CASSGITDTQYF	LQSINFVRII
CASSSPAGAVSGANVLTF	LQSINFVRII
CASSSGTGSTDTQYF	LQSINFVRII
CASSIDWNSNQPQHF	LQSINFVRII
CASSFPTERYQPQHF	LQSINFVRII
CASSQDMGAPDTQYF	LQSINFVRII
CAITGSGTYEQYF	LQSINFVRII
CASSQDMLTNTEAFF	LQSINFVRII
CSAPVGGATGELFF	LQSINFVRII
CASSPLVGNTEAFF	LQSINFVRII
CASSTGQGTDTQYF	LQSINFVRII
CASGELARGIYNEQFF	LQSINFVRII
CATSDSQGYEQYF	LQSINFVRII
CASGELPYEQYF	LQSINFVRII
CASSPSGRTTYEQYF	LQSINFVRII
CASSPLQGADYEQYF	LQSINFVRII
CASSSGNTEAFF	LQSINFVRII
CASSEAGGLETQYF	LQSINFVRII
CASSNPGHRAYNEQFF	LQSINFVRII
CAREAGTKNIQYF	LQSINFVRII
CASSYLGGMEVAEAFF	LQSINFVRII
CASSSSRTSRSTDTQYF	LQSINFVRII
CAISESWTDTQYF	LQSINFVRII
CASSPGQWQETQYF	LQSINFVRII
CASSFNRVDGTNEKLFF	LQSINFVRII
CARQILGMNGEQYF	LQSINFVRII
CSVVLGGQNTEAFF	LQSINFVRII
CSAPGQDYGYTF	LQSINFVRII
CASSLDDTSHYEQYF	LQSINFVRII
CAISEMGGLAVHF	LQSINFVRII
CSSNGGQGRLNTEAFF	LQSINFVRII
CASSLGTGTTYTDTQYF	LQSINFVRII
CASSQPYDRGALYEQYF	LQSINFVRII
CASSRGEQFF	LQSINFVRII
CASSIRRENTEAFF	LQSINFVRII
CASSVENEQFF	LQSINFVRII
CANDGDETGQRTEAFF	LQSINFVRII
CASSKRGAAYNEQFF	LQSINFVRII
CASRQGGADTQYF	LQSINFVRII
CSARVPAGRIYEQYF	LQSINFVRII
CASSYGVGGTEAFF	LQSINFVRII
CASSSFGRERTEAFF	LQSINFVRII
CASSQDGSSTDTQYF	LQSINFVRII
CASRLGGESSNQPQHF	LQSINFVRII
CSARDDMYYEQYF	LQSINFVRII
CASSPTGGSGNTIYF	LQSINFVRII
CSVNGRDRVAGDSYEQYF	LQSINFVRII
CASSSRQGETQYF	LQSINFVRII
CASSLVALFDEQYF	LQSINFVRII
CASSRNPGGGAGELFF	LQSINFVRII
CASSRDVSSYEQYF	LQSINFVRII
CAISPETQETQYF	LQSINFVRII
CSVRGEESNYGYTF	LQSINFVRII
CASSYLGDSYEQYF	LQSINFVRII
CSVSGLAGDNTGELFF	LQSINFVRII
CASTPGYTSSGRAADTQYF	LQSINFVRII
CSASFGVNTEAFF	LQSINFVRII
CASSEREQGSYNSPLHF	LQSINFVRII
CSVVQGAPYEQYF	LQSINFVRII
CASSQEVAGAYEQYF	LQSINFVRII
CASSFEHYSNQPQHF	LQSINFVRII
CASSDLATGLNTEAFF	LQSINFVRII
CASSVPRGTQETQYF	LQSINFVRII
CASSPQGGGHLNTEAFF	LQSINFVRII
CASSLWEEGSYEQYF	LQSINFVRII
CASSFPEEDSTPHNEQFF	LQSINFVRII
CASTYRQGSYNEQFF	LQSINFVRII
CASSPLLGTDSNQPQHF	LQSINFVRII
CASSQDVGSYEQYF	LQSINFVRII
CASSYVGGEETQYF	LQSINFVRII
CASSLWASYEQYF	LQSINFVRII
CASSFNRDEAFF	LQSINFVRII
CASSGQVTHRGSEAFF	LQSINFVRII
CASSSGTSGYEQYF	LQSINFVRII
CSARDVLGEDEQFF	LQSINFVRII
CASSYSRGNTGELFF	LQSINFVRII
CSAVDGSGTDTQYF	LQSINFVRII
CASSYNQQTSSYEQYF	LQSINFVRII
CASSISGAWTEAFF	LQSINFVRII
CASSLSGVSTEAFF	LQSINFVRII
CSAPRGGATDEQYF	LQSINFVRII
CASSLKDSGANVLTF	LQSINFVRII
CASSLREGDNDSSYNSPLHF	LQSINFVRII
CATSDCKRPYNSPLHF	LQSINFVRII
CASSQDRAAGVGNEQFF	LQSINFVRII
CASSESRRGTDTQYF	LQSINFVRII
CASSQERQSNYGYTF	LQSINFVRII
CSVPSGIEQFF	LQSINFVRII
CASSSPGVAGKPNEQFF	LQSINFVRII
CASSLANAGDEQFF	LQSINFVRII
CASSQGGALGTEAFF	LQSINFVRII
CASRYDGYAEAFF	LQSINFVRII
CASSSLAGGSLDEQFF	LQSINFVRII
CASSQDSKLTGSYEQYF	LQSINFVRII
CASSLDLETQYF	LQSINFVRII
CASSRDWSSGNTIYF	LQSINFVRII
CASSVLAGGPGEQYF	LQSINFVRII
CASSQSWGLGTEAFF	LQSINFVRII
CASSLYPLDQPQHF	LQSINFVRII
CASSLLGQVPGEQYF	LQSINFVRII
CASSYSGWETQYF	LQSINFVRII
CSALSGNDNEQFF	LQSINFVRII
CASSRTFSYEQYF	LQSINFVRII
CASSTSSYEQYF	LQSINFVRII
CASRGTAQETQYF	LQSINFVRII
CASSYAGEEYEQYF	LQSINFVRII
CASSQGLGAGTGELFF	LQSINFVRII
CASSTSSYEQYF	LQSINFVRII
CASSPGVREKLFF	LQSINFVRII
CASSLVTGELFF	LQSINFVRII
CASSEDGTSTDTQYF	LQSINFVRII
CASSAGGNEQFF	LQSINFVRII
CASSLLAGAGELFF	LQSINFVRII
CSARDLREIISYEQYF	LQSINFVRII
CASSEAEDKTTNEKLFF	LQSINFVRII
CASSSATGNEQYF	LQSINFVRII
CSVEEKAGRNTEAFF	LQSINFVRII
CASSVPRAGISYEQYF	LQSINFVRII
CASTTSGGGTGELFF	LQSINFVRII
CASSLLVDSYEQYF	LQSINFVRII
CASSQPQGEYNEQFF	LQSINFVRII
CSAPRGGATDEQYF	LQSINFVRII
CATSRGSNYGYTF	LQSINFVRII
CASSQANYEQYF	LQSINFVRII
CASSLQGASLEKLFF	LQSINFVRII
CASSQGLAGLYEQYF	LQSINFVRII
CATSDLTESSGNTIYF	LQSINFVRII
CASSLMGGETQYF	LQSINFVRII
CASSKSHLATPHNEQFF	LQSINFVRII
CASSLAGVYEQYF	LQSINFVRII
CATSPLAGSHYNEQFF	LQSINFVRII
CASSFPSSGGAEDTQYF	LQSINFVRII
CASSFNNEQFF	LQSINFVRII
CASSPPLEFGGTTDTQYF	LQSINFVRII
CASSQGLAGVETYEQYF	LQSINFVRII
CASSPLASTDTQYF	LQSINFVRII
CASSPNSNQPQHF	LQSINFVRII
CAISSGSGTDTQYF	LQSINFVRII
CASRTQGGWDTQYF	LQSINFVRII
CASSPLDRGGYEQYF	LQSINFVRII
CASSQGVATDTDTQYF	LQSINFVRII
CASSLGAGSSAIEQPQHF	LQSINFVRII
CASSLLAPVGEQYF	LQSINFVRII
CASSTGDFWEPQHF	LQSINFVRII
CSVEDPAVWNTEAFF	LQSINFVRII
CASSSGTSGYNEQFF	LQSINFVRII
CSVPTGLGTEAFF	LQSINFVRII
CASSLQQSYNEQFF	LQSINFVRII
CASSFSANYGYTF	LQSINFVRII
CARAGGLMNTEAFF	LQSINFVRII
CASSQVHSTTDEQFF	LQSINFVRII
CASREIQGANSPLHF	LQSINFVRII
CSVEDQAESSYNEQFF	LQSINFVRII
CASSPEGPYQPQHF	LQSINFVRII
CASSGELVNEQFF	LQSINFVRII
CSVPEGGTSGEQYF	LQSINFVRII
CASSHGGGGYEQYF	LQSINFVRII
CASTTGMNTEAFF	LQSINFVRII
