CDR3	AA
CASSLFRGFTGELFF	VVYRGTTTY
CASSTDTGPYEQYF	VVYRGTTTY
CASSWSGSSYEQYF	VVYRGTTTY
CASSQEESRGDIQYF	VVYRGTTTY
CASSVTGAVETQYF	VVYRGTTTY
CASSRTEQETQYF	VVYRGTTTY
CASSQSTGAEAFF	VVYRGTTTY
CASSFSERNTEAFF	VVYRGTTTY
CASSLGGEGYQPQHF	VVYRGTTTY
CGASYEQYF	VVYRGTTTY
CASSLGSGDTQYF	VVYRGTTTY
CASSSPPDRVDGANVLTF	VVYRGTTTY
CASSLSFGTGRADTQYF	VVYRGTTTY
CASSQDLGETRNPYGYTF	VVYRGTTTY
CASTPSDVLSPLHF	VVYRGTTTY
CAIWEGGGTDTQYF	VVYRGTTTY
CASSYREAGELFF	VVYRGTTTY
CASRTGTGYNEQFF	VVYRGTTTY
CATSRDLTNEQFF	VVYRGTTTY
CASSLNREQFF	VVYRGTTTY
CASSLTAVETQYF	VVYRGTTTY
CASSPTGKNTEAFF	VVYRGTTTY
CASSMTEGTYTGNTIYF	VVYRGTTTY
CASTTRVGETQYF	VVYRGTTTY
CASSLGGNEQFF	VVYRGTTTY
CASSASGTGVYGYTF	VVYRGTTTY
CASSSGGNEQFF	VVYRGTTTY
CASSSGGNEQYF	VVYRGTTTY
CASSHFSGAGYCSGANVLTF	VVYRGTTTY
CASSLGGGTGSYNEQFF	VVYRGTTTY
CASGRVPEQYF	VVYRGTTTY
CASSTSDQETQYF	VVYRGTTTY
CASRPGQGDTEAFF	VVYRGTTTY
CASSLSQGGEAFF	VVYRGTTTY
CASELTGELFF	VVYRGTTTY
CASSEFGTMNTEAFF	VVYRGTTTY
CASSFGRDGEKLFF	VVYRGTTTY
CASSPPGTSGNNEQFF	VVYRGTTTY
CASSLSFGTGRADTQYF	VVYRGTTTY
CSVLGAGELFF	VVYRGTTTY
CASSSNGGGAFYNEQFF	VVYRGTTTY
CASSYRENEKLFF	VVYRGTTTY
CASSPYGGSSYEQYF	VVYRGTTTY
CASSTAGGNEQFF	VVYRGTTTY
CAISSAYEQYF	VVYRGTTTY
CASRAGTVYNEQFF	VVYRGTTTY
CASRPGQGDTEAFF	VVYRGTTTY
CASSPIATSENEQFF	VVYRGTTTY
CASSLGGGNEQFF	VVYRGTTTY
CASSLSIGSGRWDTQYF	VVYRGTTTY
CASSSTYNEQFF	VVYRGTTTY
CSARDELGQGVNNSPLHF	VVYRGTTTY
CASSERSGDEQYF	VVYRGTTTY
CASSFGLAGVKETQYF	VVYRGTTTY
CASSQGHRSTDTQYF	VVYRGTTTY
CASSTGLNEQFF	VVYRGTTTY
CASSSKPGAGELFF	VVYRGTTTY
CASSRAGESYNEQFF	VVYRGTTTY
CASSLNEGYEQYF	VVYRGTTTY
CASSLGGDNEQFF	VVYRGTTTY
CASSLGGTGELFF	VVYRGTTTY
CASSQTRATNEKLFF	VVYRGTTTY
CASSLSGGSGRTDTQYF	VVYRGTTTY
CASSLGGSEQYF	VVYRGTTTY
CASSSLGQGAIQFF	VVYRGTTTY
CASSQDLAGGRNEQFF	VVYRGTTTY
CASSLYGDTYNSPLHF	VVYRGTTTY
CASSTSVNTGELFF	VVYRGTTTY
CASSLDGRDEQFF	VVYRGTTTY
CASALVDYNSPLHF	VVYRGTTTY
CASSQEMYTGELFF	VVYRGTTTY
CASSQADRVDNEQFF	VVYRGTTTY
CASTTASAGVKNIQYF	VVYRGTTTY
CASSPETIGSTTDTQYF	VVYRGTTTY
CASSLSGGTDTQYF	VVYRGTTTY
CASNRDRTDTQYF	VVYRGTTTY
CASSQDETEETQYF	VVYRGTTTY
CASSPRENTEAFF	VVYRGTTTY
CASSTRDSIGSNQPQHF	VVYRGTTTY
CASSFSGPGNTIYF	VVYRGTTTY
CASSSDGYSNQPQHF	VVYRGTTTY
CASSLGSGGDGYTF	VVYRGTTTY
CASSYSERGFTDTQYF	VVYRGTTTY
CASSLWAGELFF	VVYRGTTTY
CAISRDKESNQPQHF	VVYRGTTTY
CASSQDLRGDNEQFF	VVYRGTTTY
CASSFSVNTEAFF	VVYRGTTTY
CASSQDARRGKETQYF	VVYRGTTTY
CASSQPGGAAGANVLTF	VVYRGTTTY
CASSLSQGTGRIDEQFF	VVYRGTTTY
CASSPGQANQPQHF	VVYRGTTTY
CARADRIYEQYF	VVYRGTTTY
CASSLSAGSQPQHF	VVYRGTTTY
CASSTTENSNQPQHF	VVYRGTTTY
CASSLFGSGELFF	VVYRGTTTY
CASSQDLAGVDTQYF	VVYRGTTTY
