CDR3	AA
CASSLATGNTEAFF	FPPTSFGPL
CASSFSDGSTDTQYF	FPPTSFGPL
CASSQGDGYEQYF	FPPTSFGPL
CATSERVANTEAFF	FPPTSFGPL
CASSLVLAQETQYF	FPPTSFGPL
CASSVPGPRSDEQFF	FPPTSFGPL
CASSFSDSFHQPQHF	FPPTSFGPL
CASSASRGQEWFGYTF	FPPTSFGPL
CASSTGGMGNQPQHF	FPPTSFGPL
CASSFSEGAGELFF	FPPTSFGPL
CASSQDARFYEQYF	FPPTSFGPL
CASSSTLYQETQYF	FPPTSFGPL
CASKPWDAYNEQFF	FPPTSFGPL
CASSLSMDSLHTGELFF	FPPTSFGPL
CASSYSSESSYNEQFF	FPPTSFGPL
CASSLFASSYEQYF	FPPTSFGPL
CASSPQVTGLEMGDTQYF	FPPTSFGPL
CASRYRESYEQYF	FPPTSFGPL
CASSPGTSEAFF	FPPTSFGPL
CASRLAGGFTDTQYF	FPPTSFGPL
CASSIYNEQFF	FPPTSFGPL
CASSGPGLGLYEQYF	FPPTSFGPL
CASSLYAAGESTEAFF	FPPTSFGPL
CASSQGWDSLGDTQYF	FPPTSFGPL
CASSFYGTANNEKLFF	FPPTSFGPL
CASSLYFGNGYTF	FPPTSFGPL
CASSPLAASTDTQYF	FPPTSFGPL
CASSLSSGNEQYF	FPPTSFGPL
CASSLADGNTEAFF	FPPTSFGPL
CASSLSEGQALTGELFF	FPPTSFGPL
CASSSSYGYTF	FPPTSFGPL
CASSLYGAAPNTEAFF	FPPTSFGPL
CASSADRGSYEQYF	FPPTSFGPL
CSAPVTDYNEQFF	FPPTSFGPL
CASSLTWDYATNEKLFF	FPPTSFGPL
CASSVLGVAEAFF	FPPTSFGPL
CASSFVASFTDTQYF	FPPTSFGPL
CASSFGTGTYEQYF	FPPTSFGPL
CASSGTSGGAGEQFF	FPPTSFGPL
CASKLNTEAFF	FPPTSFGPL
CASSQGLANYGYTF	FPPTSFGPL
CASNDWLAGAHYEQYF	FPPTSFGPL
CASSIGTDNEQFF	FPPTSFGPL
CASSLSLVSEQFF	FPPTSFGPL
CASSLGRDVNTQYF	FPPTSFGPL
CASSLASGGAWEQYF	FPPTSFGPL
CATGTGYTEAFF	FPPTSFGPL
CSARAYRGSYEQYF	FPPTSFGPL
CASSLGPVSEQYF	FPPTSFGPL
CASSFSDGAIEAFF	FPPTSFGPL
CASSYSTMLSSGGIDGYTF	FPPTSFGPL
CASSLSAGSSYNEQFF	FPPTSFGPL
CASSVAGNQPQHF	FPPTSFGPL
CASSLGHSYEQYF	FPPTSFGPL
CATRTGDGVGELFF	FPPTSFGPL
CSARDQLVEAGSNEQFF	FPPTSFGPL
CASSQGWDMHEKLFF	FPPTSFGPL
CASKRASGHYNEQFF	FPPTSFGPL
CASSLSVNTEAFF	FPPTSFGPL
CASSTGQKNIQYF	FPPTSFGPL
CASKPDGGWQYEQYF	FPPTSFGPL
CASSLSDSHSYEQYF	FPPTSFGPL
CASSLFDTYEQYF	FPPTSFGPL
CASSELLGGQETQYF	FPPTSFGPL
CASSLGRNKNIQYF	FPPTSFGPL
CASSQDRRESGGELFF	FPPTSFGPL
CASSPDWETQYF	FPPTSFGPL
CASSQDLGEGSYEQYF	FPPTSFGPL
CASSFGRVSQPQHF	FPPTSFGPL
CASSYSHPALGTGELFF	FPPTSFGPL
CASSLAEGALTEAFF	FPPTSFGPL
CASSSPHYNEQFF	FPPTSFGPL
CASSFADPGSSYEQYF	FPPTSFGPL
CASSFGGPSSYEQYF	FPPTSFGPL
CASSLSGWVGYEQYF	FPPTSFGPL
CASSLFQGHTYEQYF	FPPTSFGPL
CASSEAYGTGYGYTF	FPPTSFGPL
CASSTTSGRASNEQFF	FPPTSFGPL
CASSPSTGSSTEAFF	FPPTSFGPL
CASSLGFSDSPLHF	FPPTSFGPL
CASSLATGVVVKDTQYF	FPPTSFGPL
CASRVAGGLLHEQYF	FPPTSFGPL
CASSQERRGTYNEQFF	FPPTSFGPL
CASSLSEGALYTEAFF	FPPTSFGPL
CASSKSRTGTSGSSYNEQFF	FPPTSFGPL
CASSFSSGALQAFF	FPPTSFGPL
CASRRGVAGELFF	FPPTSFGPL
CASSFEGRTSNYGYTF	FPPTSFGPL
CSAELAGRSYEQYF	FPPTSFGPL
CSARGLANYNEQFF	FPPTSFGPL
CASSFGGESQPQHF	FPPTSFGPL
CASSLLASGSTDTQYF	FPPTSFGPL
CASSPTGGMDNEQFF	FPPTSFGPL
CASSFGYEQYF	FPPTSFGPL
CASSLTQNTGELFF	FPPTSFGPL
CASRLAGGTDTQYF	FPPTSFGPL
CASSLSSGSISYEQYF	FPPTSFGPL
CASSLSAGGTEAFF	FPPTSFGPL
CSATRPGFYGEKLFF	FPPTSFGPL
CASSFGTLHEQFF	FPPTSFGPL
CASARQGGYGYTF	FPPTSFGPL
CASSLSEGALFYEQYF	FPPTSFGPL
CASSQFGDGHDSYEQYF	FPPTSFGPL
CASSPSDSYTYNEQFF	FPPTSFGPL
CASSDEYSSYNEQFF	FPPTSFGPL
CASSLSSASTDTQYF	FPPTSFGPL
CASRAFTSGKETQYF	FPPTSFGPL
CASSTGHSYEQYF	FPPTSFGPL
CSARDTTASYSPLHF	FPPTSFGPL
CASSLSEGALYNSPLHF	FPPTSFGPL
CASSQDTGLFYEQYF	FPPTSFGPL
CASIWGQAPSGANVLTF	FPPTSFGPL
CASSFGGNGAGELFF	FPPTSFGPL
CASSPISGPYNEQFF	FPPTSFGPL
CASSYSTTNEKLFF	FPPTSFGPL
CASSLAEGVNNEQFF	FPPTSFGPL
CASSIEAGQVNEKLFF	FPPTSFGPL
CASSQVSGSGEKLFF	FPPTSFGPL
CASSLSAGALNYGYTF	FPPTSFGPL
CATRPWGEAYEQYF	FPPTSFGPL
CASSVDRSGYEQYF	FPPTSFGPL
CASGDHSNQPQHF	FPPTSFGPL
CASSLWEDQPQHF	FPPTSFGPL
CASSILPGGTGELFF	FPPTSFGPL
CASSRTTAGELFF	FPPTSFGPL
CASKWADGYNEQFF	FPPTSFGPL
CASRRAEGYNEQFF	FPPTSFGPL
CASSVGTSQPQHF	FPPTSFGPL
CASSLSLAPDEQFF	FPPTSFGPL
CASSLLGNTGELFF	FPPTSFGPL
CASRLAEGGYEQFF	FPPTSFGPL
CASSLGTAYEQYF	FPPTSFGPL
CASRDRTGAHTEAFF	FPPTSFGPL
CASSYSTAGVYEQYF	FPPTSFGPL
CASSLSGGYSNQPQHF	FPPTSFGPL
CASSLFLTSNEQFF	FPPTSFGPL
CASSLADGLTGELFF	FPPTSFGPL
CASSSAKGGMGEQYF	FPPTSFGPL
CASSRVLLAGVERTDTQYF	FPPTSFGPL
CASSLSDGHRGEQYF	FPPTSFGPL
CASSFLQSNTEAFF	FPPTSFGPL
CASSPPTGGVSTDTQYF	FPPTSFGPL
CASGLYRAPYEQYF	FPPTSFGPL
CASNGRGRPPSEQYF	FPPTSFGPL
CASSYGEGNEQFF	FPPTSFGPL
CASTPGTSGETYYNEQFF	FPPTSFGPL
CAAAWGHGSYEQYF	FPPTSFGPL
CASTSYREGNTEAFF	FPPTSFGPL
CASSNSLGLAGFFHEQYF	FPPTSFGPL
CSARDYAEQYNEQFF	FPPTSFGPL
CASSPSYEQYF	FPPTSFGPL
CSVEPSGRYEQYF	FPPTSFGPL
CASSLSSYNEQFF	FPPTSFGPL
CASSSDRGSYEQYF	FPPTSFGPL
CASSLWPDNEQFF	FPPTSFGPL
CASSSSTAGEQYF	FPPTSFGPL
CASSFSAGGTEAFF	FPPTSFGPL
CASSTGTATEAFF	FPPTSFGPL
CAGGEDRDTYEQYF	FPPTSFGPL
CASSFGGPSSYEQYF	FPPTSFGPL
CASSFGQNSYEQYF	FPPTSFGPL
CASSASPGTFVYEQYF	FPPTSFGPL
CASSNAVDEQYF	FPPTSFGPL
CASSLSSAYEQYF	FPPTSFGPL
CASSPSYEQYF	FPPTSFGPL
CASKAARDYGYTF	FPPTSFGPL
CATTSGSSSYEQYF	FPPTSFGPL
CASSLSEGLGEQYF	FPPTSFGPL
CASSLSESSYNEQFF	FPPTSFGPL
CASSPPTPTSGRQETQYF	FPPTSFGPL
CASSLGDTYEQYF	FPPTSFGPL
CASSLEDASGETQYF	FPPTSFGPL
CASSQTGEVQPQHF	FPPTSFGPL
CASSLSGGPAGELFF	FPPTSFGPL
CASSFATGILHEQYF	FPPTSFGPL
CASSQGYSLDQETQYF	FPPTSFGPL
CASRPASGSYEQYF	FPPTSFGPL
CATSREIGQGHTGELFF	FPPTSFGPL
CASSERGRRTEAFF	FPPTSFGPL
CASSLSDGANEQFF	FPPTSFGPL
CASSVEGSGANVLTF	FPPTSFGPL
CASSNYSQGLPNEKLFF	FPPTSFGPL
CASSREGGYYEQYF	FPPTSFGPL
CASSPFGGSYEQYF	FPPTSFGPL
CASSSFQENYGYTF	FPPTSFGPL
CSARDHKGWEVAYEQYF	FPPTSFGPL
CASKLAEGMNEQYF	FPPTSFGPL
CASSHWDGEPEAFF	FPPTSFGPL
CASRLAGGLTDTQYF	FPPTSFGPL
CASSNAGRGGMGETQYF	FPPTSFGPL
CASGGYHGDTGELFF	FPPTSFGPL
CASSLGDTYEQYF	FPPTSFGPL
CASSFMNTEAFF	FPPTSFGPL
CASSLAEGVLPYEQYF	FPPTSFGPL
CASSLLSDRSYEQYF	FPPTSFGPL
CASSRSTSGAYEQYF	FPPTSFGPL
CASSQVGPVGNTEAFF	FPPTSFGPL
CASSLSSGSPEAFF	FPPTSFGPL
CASSPTTGSYEQYF	FPPTSFGPL
CASSVGEGGITEAFF	FPPTSFGPL
CASSPTGGSGDTQYF	FPPTSFGPL
CASGTGEAYEQYF	FPPTSFGPL
CASSLLGGELFF	FPPTSFGPL
CASSLSSGSSYEQYF	FPPTSFGPL
CASRPNLGLYNEQFF	FPPTSFGPL
CASSLFTGSYEQYV	FPPTSFGPL
CASSLSHGSQYNSPLHF	FPPTSFGPL
CAISESASGINEQFF	FPPTSFGPL
CASRYSEAYEQYF	FPPTSFGPL
CASSPGQGFAYNEQFF	FPPTSFGPL
CATSAGVTEAFF	FPPTSFGPL
CASKLAGGFDEQYF	FPPTSFGPL
CASSLSVGQGFTEAFF	FPPTSFGPL
CASSLSTYNEQFF	FPPTSFGPL
CASSFQIDLSVNEQFF	FPPTSFGPL
CSAIHRDRVYNEQFF	FPPTSFGPL
CASKWADAGANVLTF	FPPTSFGPL
CASSLEVTSSYEQYF	FPPTSFGPL
CASSLATGYANTGELFF	FPPTSFGPL
CASSLSEGTGGLYGYTF	FPPTSFGPL
CASSVSGSGSYTDTQYF	FPPTSFGPL
CASITGYNEQFF	FPPTSFGPL
CASSFGTGGFEQYF	FPPTSFGPL
CASSLSFPASGGDGQFF	FPPTSFGPL
CSATDSRYNEQFF	FPPTSFGPL
CASSLSEGSDTQYF	FPPTSFGPL
CASSLSAGGTYEQYF	FPPTSFGPL
CASSLSDGSAEAFF	FPPTSFGPL
CASSADGGPNEQFF	FPPTSFGPL
CASSLATGTYGYTF	FPPTSFGPL
CASSYTGFEQYF	FPPTSFGPL
CASSSPANTEAFF	FPPTSFGPL
CASSLFAGGGETQYF	FPPTSFGPL
CASSAREGYEQYF	FPPTSFGPL
CASSLSDGTNYGYTF	FPPTSFGPL
CASSQAESSYNEQFF	FPPTSFGPL
CAVAIHWDLTDTQYF	FPPTSFGPL
CASSPTGGSTPLHF	FPPTSFGPL
CASSPPTGQNLYSNQPQHF	FPPTSFGPL
CASSQGQLFNSPLHF	FPPTSFGPL
CASSLSLALYEQFF	FPPTSFGPL
CASSLSTGGNYGYTF	FPPTSFGPL
CATTGRVHGEKLFF	FPPTSFGPL
CASSLSGGARYEQFF	FPPTSFGPL
CASSWWTADEQFF	FPPTSFGPL
CASSPSPGGGEKLFF	FPPTSFGPL
CASSFASGNEQFF	FPPTSFGPL
CASSSKWSAYNEQFF	FPPTSFGPL
CASSALIGAPQDTQYF	FPPTSFGPL
CASSLFDGSSYEQYF	FPPTSFGPL
CAISYGQGGVNTEAFF	FPPTSFGPL
CASSLAEGSYEQYF	FPPTSFGPL
CASSSGQGLKNTEAFF	FPPTSFGPL
CASSPGHKHHEQFF	FPPTSFGPL
CASSQGYTGEETQYF	FPPTSFGPL
CASRWASGNYEQYF	FPPTSFGPL
CASSDRDRGYGYTF	FPPTSFGPL
CASSWDNYEQYF	FPPTSFGPL
CASSLADGYYEQYF	FPPTSFGPL
CASSNVGSTTDTQYF	FPPTSFGPL
CASSLATAMSYEQYF	FPPTSFGPL
CASTQAGGGTYNSPLHF	FPPTSFGPL
CASSLSEQIFYEQYF	FPPTSFGPL
CASSLGGYREETQYF	FPPTSFGPL
CASSLSTASGEQFF	FPPTSFGPL
CASSQARANYGYTF	FPPTSFGPL
CSAIYGQQFNYGYTF	FPPTSFGPL
CASSIVPGSNHNEQFF	FPPTSFGPL
CASSQEHRSNTEAFF	FPPTSFGPL
SQGEEDYGYTF	FPPTSFGPL
CASSRGTVSEQYF	FPPTSFGPL
CASSEEHRSYNEQFF	FPPTSFGPL
CASSLFQGGTDTQYF	FPPTSFGPL
CASRLGQEGNTEAFF	FPPTSFGPL
CASSQERASGETQYF	FPPTSFGPL
CASSGAGGLTNQPQHF	FPPTSFGPL
CASSIGTAQETQYF	FPPTSFGPL
CASSWGNTEAFF	FPPTSFGPL
CASSQDEEREIYTF	FPPTSFGPL
CSARDSGQEGYGYTF	FPPTSFGPL
CASSPAGRGGFNTGELFF	FPPTSFGPL
CASSLFDWGEQYF	FPPTSFGPL
CASSQGGDNEQFF	FPPTSFGPL
CASSLASMNTEAFF	FPPTSFGPL
CASSLSSQGYYGYTF	FPPTSFGPL
CASSQGGVYSYEQYF	FPPTSFGPL
CASSLWVNSYSGANVLTF	FPPTSFGPL
CASSYGLLGNTEAFF	FPPTSFGPL
CASSARDSYYGYTF	FPPTSFGPL
CASSQDWSRGFSSYEQYF	FPPTSFGPL
CASSLAGGSYEQYF	FPPTSFGPL
CASSPTVRYEQYF	FPPTSFGPL
CASSFARSFGEQYF	FPPTSFGPL
