CDR3	AA
CASSFGNTIYF	TGSNVFQTR
CSALRLGNQPQHF	TGSNVFQTR
CASSSHQQPTDTQYF	TGSNVFQTR
CSVINPDRARTDTQYF	TGSNVFQTR
CASRSPPGTSVEQFF	TGSNVFQTR
CSARGGHFSSYEQYF	TGSNVFQTR
CASARGDKTYEQYF	TGSNVFQTR
CASSLLTGTSGGSETQYF	TGSNVFQTR
CASSQEFGIGDEQYF	TGSNVFQTR
CASSLGSGRIEEQYF	TGSNVFQTR
CASSQGSQPQHF	TGSNVFQTR
CATRRGGAQETQYF	TGSNVFQTR
CASSLGAEKLFF	TGSNVFQTR
CASSQDPGGVYEQYF	TGSNVFQTR
CSVTPTSHEQFF	TGSNVFQTR
CSVLSRGGRTDTQYF	TGSNVFQTR
CSVGFWLAGTLAKNIQYF	TGSNVFQTR
CSSVLRVVSKADTQYF	TGSNVFQTR
CSVVHRPGPISTDTQYF	TGSNVFQTR
CASSPNQQGTNEKLFF	TGSNVFQTR
CSVVSRRDRGADTQYF	TGSNVFQTR
CSVKPGHELEAFF	TGSNVFQTR
CSVVVRGKRGSTDTQYF	TGSNVFQTR
CASSLTGQIYEQYF	TGSNVFQTR
CSVVGSGQGPDEQYF	TGSNVFQTR
CSVVFAGGSDGTDTQYF	TGSNVFQTR
CASSEFPNLQETQYF	TGSNVFQTR
CSAGLNNEQFF	TGSNVFQTR
CATRSGGAQETQYF	TGSNVFQTR
CASREGLPYNEQFF	TGSNVFQTR
CSAVLAGAPDTQYF	TGSNVFQTR
CASRPGHWNTEAFF	TGSNVFQTR
CASSPSRGNYGYTF	TGSNVFQTR
CSVIGLGRDRVPDTQYF	TGSNVFQTR
CASSWGSEKLFF	TGSNVFQTR
CASSQDAAGLNEQFF	TGSNVFQTR
CASSSPTELNTEAFF	TGSNVFQTR
CASSFGNTIYF	TGSNVFQTR
CSARASGGNSDTQYF	TGSNVFQTR
CASTQLNTEAFF	TGSNVFQTR
CASSLDIYLFEQYF	TGSNVFQTR
CASKGIKGGLYTEAFF	TGSNVFQTR
CSVVPSGSFEQYF	TGSNVFQTR
CSVVVRTSGTDTQYF	TGSNVFQTR
CSVVTGTGPHEQYF	TGSNVFQTR
CASSQGTGGLAGADTQYF	TGSNVFQTR
CASSWDSVTYEQYF	TGSNVFQTR
CASSLNPGTEYYNEQFF	TGSNVFQTR
CASTLGSRRTF	TGSNVFQTR
CATRRGGSQETQYF	TGSNVFQTR
CSGWLRDREDTQYF	TGSNVFQTR
CATSRDLSGVTGELFF	TGSNVFQTR
CASSFGAEKLFF	TGSNVFQTR
CSYTLASYEQYF	TGSNVFQTR
CASPTDRTYEQYF	TGSNVFQTR
CSVVHRPGPISTDTQYF	TGSNVFQTR
CASSDLGSQETQYF	TGSNVFQTR
CASAVGTEAFF	TGSNVFQTR
CASSLGARGYTF	TGSNVFQTR
CATSRDRGMGETQYF	TGSNVFQTR
CASSQPASGKGNEQYF	TGSNVFQTR
CASSIGSPNEAFF	TGSNVFQTR
CASSYGWSSYEQYF	TGSNVFQTR
CASSEWVSNTGELFF	TGSNVFQTR
CASSSTGAATDTQYF	TGSNVFQTR
CASSLAGQKAFF	TGSNVFQTR
CASSQEFGIGDEQYF	TGSNVFQTR
CASSLGGAKYHF	TGSNVFQTR
CSVGNTDRNYEQYF	TGSNVFQTR
CSAVPGGEQYF	TGSNVFQTR
CASSYRQNTEAFF	TGSNVFQTR
CSVGLAGAYEQYF	TGSNVFQTR
CASSPPPSGVNDEQFF	TGSNVFQTR
CARSPRTGELFF	TGSNVFQTR
CASSYGHRTDTQYF	TGSNVFQTR
CASSPLGAGETQYF	TGSNVFQTR
CASIEQQGPPNTIYF	TGSNVFQTR
CASSFGVGYTF	TGSNVFQTR
CASSPRGNEQFF	TGSNVFQTR
CSVNTGGTEAFF	TGSNVFQTR
CASSYSRETQYF	TGSNVFQTR
CSARVPKKTDTQYF	TGSNVFQTR
CSASLRDSSAADTQYF	TGSNVFQTR
CASSSVEAGGYNEQFF	TGSNVFQTR
CSVVIRQPLSTDTQYF	TGSNVFQTR
RASSRRFRGPTDTQYF	TGSNVFQTR
CASSQEMGLSHTDTQYF	TGSNVFQTR
CASSQDWGRALTEAFF	TGSNVFQTR
CSVVLGGAPLGSDEQFF	TGSNVFQTR
CASARGDKTYEQYF	TGSNVFQTR
CSVVLGSNEQFF	TGSNVFQTR
CATGDGGGEQFF	TGSNVFQTR
CATLSGVTEAFF	TGSNVFQTR
CASSSSQQGTGNTIYF	TGSNVFQTR
CASSPGHLTYEQYF	TGSNVFQTR
CSGFITLPGHARADTQYF	TGSNVFQTR
CASSQGVNEQFF	TGSNVFQTR
CASSLDSFSYEQYF	TGSNVFQTR
CASSYGWSSYEQYF	TGSNVFQTR
CASSEFRIYEQYF	TGSNVFQTR
CASSLDRFTDTQYF	TGSNVFQTR
CASRDGPGTSGSYEQFF	TGSNVFQTR
CASKLGPTEAFF	TGSNVFQTR
CASSLSQSYGYTF	TGSNVFQTR
CASSFGVRGYTF	TGSNVFQTR
CSVVIRGLTDTQYF	TGSNVFQTR
CASSLGPGQNTGELFF	TGSNVFQTR
CSVVSRGRTDTQYF	TGSNVFQTR
CASRPGESTDTQYF	TGSNVFQTR
CASSQEVGLIYEQYF	TGSNVFQTR
CSVVGASGGADTQYF	TGSNVFQTR
PPGTQPQHF	TGSNVFQTR
CASSFPPRTGTGFSYGYTF	TGSNVFQTR
CASSPWRHEQYF	TGSNVFQTR
CASSLNPGLANYNEQFF	TGSNVFQTR
CASSYAFSYEQYF	TGSNVFQTR
CSVPLDRDYNEQFF	TGSNVFQTR
CSVVVRVGFGTDTQYF	TGSNVFQTR
CATSRGGEQDPSYEQYF	TGSNVFQTR
CASSVGEGNTDTQYF	TGSNVFQTR
CSVINPDRARTDTQYF	TGSNVFQTR
CASSLGARGYTF	TGSNVFQTR
CSGQMPGGPDTQYF	TGSNVFQTR
CASSYSLYEQYF	TGSNVFQTR
CASSQDPGGEVNTEAFF	TGSNVFQTR
CSAVLAGAPDTQYF	TGSNVFQTR
CASKVGGTEAFF	TGSNVFQTR
CASSPGQGEQPQHF	TGSNVFQTR
CSAWTGSGNEQFF	TGSNVFQTR
CSVVSRGVISTDTQYF	TGSNVFQTR
CASRDPDWNTGELFF	TGSNVFQTR
CASSLRLNQPQHF	TGSNVFQTR
CASSQDSGRAGTEAFF	TGSNVFQTR
CASSQRGPRRYEQYF	TGSNVFQTR
CASSLDGFSKLGGYTF	TGSNVFQTR
CASRIGGLGYTF	TGSNVFQTR
CASGTSGGLSSYNEQFF	TGSNVFQTR
CSVLSRGGRTDTQYF	TGSNVFQTR
CSVVKSGGPTSTDTQYF	TGSNVFQTR
CSGQMPGGPDTQYF	TGSNVFQTR
CASSLSTGGNTGELFF	TGSNVFQTR
