CDR3	AA
CASSWGREQYF	APHGVVFL
CASSLWTSTDTQYF	APHGVVFL
CASSLGRGYETQYF	APHGVVFL
CASSPLSGSLEPQHF	APHGVVFL
CASGGGFEAFF	APHGVVFL
CASSAGQGDTEAFF	APHGVVFL
CASSLGPRDTEAFF	APHGVVFL
CASSLRGSKDEQFF	APHGVVFL
CASSGGTGDTEAFF	APHGVVFL
CASSSGTIYEQYF	APHGVVFL
CASSYSRVGEEQYF	APHGVVFL
CASSGTSYNEQFF	APHGVVFL
CSADPQGSSYEQYF	APHGVVFL
CASSQGLGQPQHF	APHGVVFL
CASSSWSPVGGQYF	APHGVVFL
CSASWGGGYTF	APHGVVFL
CASSVGQGDTEAFF	APHGVVFL
CASSLFGPGGEQFF	APHGVVFL
CATSDPDREGGYTF	APHGVVFL
CSASPHEQFF	APHGVVFL
CSAKGLVLSNEQFF	APHGVVFL
CSARDLRGRTSYEQYF	APHGVVFL
CASTITGYTEAFF	APHGVVFL
CASSLSQGDTEAFF	APHGVVFL
CSATHPGGSYEQYF	APHGVVFL
CASSPDGNYGYTF	APHGVVFL
CSADQSSYNEQFF	APHGVVFL
CASSYLSEQYF	APHGVVFL
CASSIDRGPYNEQFF	APHGVVFL
CASSSWDSHSTDTQYF	APHGVVFL
CASSRGQGDTEAFF	APHGVVFL
CASSPGTDGNTIYF	APHGVVFL
CASSLGTGDTEAFF	APHGVVFL
CSAELAGEQFF	APHGVVFL
CASSQDLNSGYEQFF	APHGVVFL
CASSLGTGDTEAFF	APHGVVFL
CSVVGRENTGELFF	APHGVVFL
CASSISRTNQPQHF	APHGVVFL
CASSLAGGSYEQYF	APHGVVFL
CASKGLETQYF	APHGVVFL
CSARDGQGQETQYF	APHGVVFL
CASSLGQGDTEAFF	APHGVVFL
CASSFAFGSSYNEQFF	APHGVVFL
CASSYSAAYEQYF	APHGVVFL
CASSLGQGSSGNTIYF	APHGVVFL
CRARVGCWGLVSDTQYF	APHGVVFL
CASSPESEVGETQYF	APHGVVFL
CASSYSTGAEQYF	APHGVVFL
CASSMVGRINQPQHF	APHGVVFL
CASSRLAGSTDTQYF	APHGVVFL
CASSLNGPASYEQYF	APHGVVFL
CASSIVGRNTGELFF	APHGVVFL
CASSTWDRGLETQYF	APHGVVFL
CASSLSYSGANVLTF	APHGVVFL
CSAGSSGAYNEQFF	APHGVVFL
CASSPFSGGAFF	APHGVVFL
CSARDSGEGTGELFF	APHGVVFL
CASSQALAGGTGELFF	APHGVVFL
CASSLGQGEVEAFF	APHGVVFL
CASSIGTEDWDEQFF	APHGVVFL
CASSYSGQVIPYEQYF	APHGVVFL
CASSSQGPSSYEQYF	APHGVVFL
CASSLGTGDTEAFF	APHGVVFL
CASSLGTGDTEAFF	APHGVVFL
CASTEFPGANGYTF	APHGVVFL
CASSLGTGDTEAFF	APHGVVFL
CASAKGGTEAFF	APHGVVFL
CSATGTGNDGYTF	APHGVVFL
CASSVGLAGLQETQYF	APHGVVFL
CASSRGGPGNEQFF	APHGVVFL
CASVLWTGANYGYTF	APHGVVFL
CASSFLDTNTEAFF	APHGVVFL
CASSPGQGDTEAFF	APHGVVFL
CASSLGGSDQDTQYF	APHGVVFL
CASRDGLYSGNTIYF	APHGVVFL
CASSLFGNEQFF	APHGVVFL
CASSLGQGDTEAFF	APHGVVFL
CASSLFSPSNEQFF	APHGVVFL
CATSDSLAQAAPSTDTQYF	APHGVVFL
CASSLGAGDTEAFF	APHGVVFL
CASTPGQGDAEAFF	APHGVVFL
CASTGQVYTGELFF	APHGVVFL
CASSMTVRDYEQYF	APHGVVFL
CASSTSLNTIYF	APHGVVFL
CASSLAGSYNEQFF	APHGVVFL
CASSLDPNEQFF	APHGVVFL
CASSAGQGDTEAFF	APHGVVFL
CASSKRGDYNEQFF	APHGVVFL
CASSLSQGARNEQYF	APHGVVFL
CASSYSQETQYF	APHGVVFL
CASSPAGGDYYEQYF	APHGVVFL
CASNRLGWGTTNQQYF	APHGVVFL
CASSLGQGDTEAFF	APHGVVFL
CASSLGQGDTEAFF	APHGVVFL
CASSPTGITEAFF	APHGVVFL
CASSQDPRREGNEQFF	APHGVVFL
CASSLRLGEQYF	APHGVVFL
CASSDNFYEQYF	APHGVVFL
CASSVDPNSPLHF	APHGVVFL
CATSDYGTSSYEQYF	APHGVVFL
CASSFHDPGNEQFF	APHGVVFL
CASSPGQGDTEAFF	APHGVVFL
CASSLLEGGELFF	APHGVVFL
CASSFYRDPPNQPQHF	APHGVVFL
CASSLSGHQPQHF	APHGVVFL
CASSLQGFHNEQFF	APHGVVFL
CASSQGHGDTEAFF	APHGVVFL
CASSQAPASYYEQYF	APHGVVFL
CASSLGTGDNEQFF	APHGVVFL
CASSQTDYEQYF	APHGVVFL
CASSLGTGDTEAFF	APHGVVFL
CASSYSGLIRVGGTQYF	APHGVVFL
CASSYTNEQFF	APHGVVFL
CSASPSGPYNEQFF	APHGVVFL
CASSLGTGDTEAFF	APHGVVFL
CASSTPSGLGNEQFF	APHGVVFL
CASNPQGNEQFF	APHGVVFL
CAWSVLLNEQFF	APHGVVFL
CASSRLAGSTDTQYF	APHGVVFL
CASTIGRSNQPQHF	APHGVVFL
CASSFRTSGRGEQFF	APHGVVFL
CASSMNLAGLHEQFF	APHGVVFL
CASSLWLAGGYNEQFF	APHGVVFL
CASSLLSVQETQYF	APHGVVFL
CASREGTSTNEKLFF	APHGVVFL
CASSFSSYNEQFF	APHGVVFL
CASSSREMNTDTQYF	APHGVVFL
CASSLDLKAQETQYF	APHGVVFL
CAWGGYEQYF	APHGVVFL
CASSLGQGDTEAFF	APHGVVFL
CASSFGQGAQNEQFF	APHGVVFL
CASSLFGPNTEAFF	APHGVVFL
CASSLTGSYEQYF	APHGVVFL
CASSYLWEAFF	APHGVVFL
CSVTGGLAVGRRYNEQFF	APHGVVFL
CASTPGTGYHEQYF	APHGVVFL
CASSLFGPSGEQYF	APHGVVFL
CASSLFGPSTEAFF	APHGVVFL
CASSLGTGDTEAFF	APHGVVFL
