CDR3	AA
CASSQVGLTQKAFF	VYADSFVIR
CASSLTRTHEQFF	VYADSFVIR
CASSLHREKLFF	VYADSFVIR
CASSAHLETQYF	VYADSFVIR
CASSATSGVETQYF	VYADSFVIR
CASSPGTGGHEQYF	VYADSFVIR
CASSEALRTSGNIQYF	VYADSFVIR
CASSPNLGQHEQYF	VYADSFVIR
CASSSRGWYEQYF	VYADSFVIR
CASNKRGGVSPLHF	VYADSFVIR
CASSLVTGTYEQYF	VYADSFVIR
CSARVDRPTINQPQHF	VYADSFVIR
CASSTPGGYNEQFF	VYADSFVIR
CASSLDSPPHYGYTF	VYADSFVIR
CASGGGGSETQYF	VYADSFVIR
CASSGLLRRGSSTNEQFF	VYADSFVIR
CASSSVAGETQYF	VYADSFVIR
CASSFSGSSINEQFF	VYADSFVIR
CASRGSVATNEKLFF	VYADSFVIR
CASSLLRGDNEQFF	VYADSFVIR
CASSLTGNTEAFF	VYADSFVIR
CASSYGLGGSNTEAFF	VYADSFVIR
CSARGQSYEQYF	VYADSFVIR
CASSQSEGATEAFF	VYADSFVIR
CASSLQTRGSTDTQYF	VYADSFVIR
CASRDFWGASYEQYF	VYADSFVIR
CASSLRGVYGYTF	VYADSFVIR
CATTERGSGYGYTF	VYADSFVIR
CASSPQLAGEGELGYEQYF	VYADSFVIR
CASGPRGSYGYTF	VYADSFVIR
CASKGGYTEAFF	VYADSFVIR
CASSPTSGEETQYF	VYADSFVIR
CASSPGGPYEQYF	VYADSFVIR
CASSPRGVYEQYF	VYADSFVIR
CASSYAGLDEQYF	VYADSFVIR
CASSRRGAYNQPQHF	VYADSFVIR
CASSFPGANVLTF	VYADSFVIR
CASSDTTSDGLAKNIQYF	VYADSFVIR
CASSPRGNYGYTF	VYADSFVIR
CASSLTTREETQYF	VYADSFVIR
CASSGPRGEAFF	VYADSFVIR
CASSQDRTYEQYF	VYADSFVIR
CASSSVRAGETQYF	VYADSFVIR
CASSPVGGRDYNEQFF	VYADSFVIR
CASNQRAEVTGELFF	VYADSFVIR
CASAGTQSSYEQYF	VYADSFVIR
CASSLGVTRSPGDEQFF	VYADSFVIR
CASSLSPYSYEQYF	VYADSFVIR
CASSWGGLNTEAFF	VYADSFVIR
CASSYGTPEAFF	VYADSFVIR
CASSSWENTGELFF	VYADSFVIR
CASSREAYNEQFF	VYADSFVIR
CASSLRGMNEQFF	VYADSFVIR
CASSLNSYEQYF	VYADSFVIR
CASSLRGAREQYF	VYADSFVIR
CASSLRGSYEQYF	VYADSFVIR
CASSLLGGSITDTQYF	VYADSFVIR
CASTTGGEGYTF	VYADSFVIR
CASSLRGAGGYTF	VYADSFVIR
CASSLETEYQETQYF	VYADSFVIR
CASSLAGDRGWNEQYF	VYADSFVIR
CASSQEFRGRAPYEQYF	VYADSFVIR
CASSQRGADQPQHF	VYADSFVIR
CASSHRGDYGYTF	VYADSFVIR
CASSQVGSGQGRTGELFF	VYADSFVIR
CASSLFSGTGLDTGELFF	VYADSFVIR
CASSQVFSENTGELFF	VYADSFVIR
CASSLRGQYEQYF	VYADSFVIR
CASSQDFFGQGKYNSPLHF	VYADSFVIR
CASSPRGSYEQYF	VYADSFVIR
CASSGLTGAQPQHF	VYADSFVIR
CASSRVAGGQETQYF	VYADSFVIR
CAISQGKGLYEQYF	VYADSFVIR
CASSLRGMYGYTF	VYADSFVIR
CASSPHSGATSTDTQYF	VYADSFVIR
CASTKRGGTEAFF	VYADSFVIR
CASSPGTGAEKLFF	VYADSFVIR
CASSDRGSYEQYF	VYADSFVIR
CASSLYGERTQGEQYF	VYADSFVIR
CASSGGGIYGYTF	VYADSFVIR
CASSETSGEETQYF	VYADSFVIR
CASSVAGGADTQYF	VYADSFVIR
CASSSRTSGSWNEQFF	VYADSFVIR
CASSPRDKQYNEQFF	VYADSFVIR
CSATTSGKIYNEQFF	VYADSFVIR
CASSFGTSGSDTQYF	VYADSFVIR
CASSPGQGAEKLFF	VYADSFVIR
