CDR3	AA
CASSIRSAYEQYF	LPFFSNVTW
CASSIRSSYEQYF	LPFFSNVTW
CASSIRSSYEQYF	LPFFSNVTW
CASSLARHTGELFF	LPFFSNVTW
CASSQEKLAGGPSSYEQYF	LPFFSNVTW
CASSIRSSYEQYF	LPFFSNVTW
CASSLDRAGNQPQHF	LPFFSNVTW
CASSVRSSYEQYF	LPFFSNVTW
CASSIRSSYEQYF	LPFFSNVTW
CASSTRSSYEQYF	LPFFSNVTW
CASSIRAGYEQYF	LPFFSNVTW
CASSSRSGDEQFF	LPFFSNVTW
CASSLVVDQETQYF	LPFFSNVTW
CASSTSSTGELFF	LPFFSNVTW
CASSIRSSYEQYF	LPFFSNVTW
CASSIRSSYEQYF	LPFFSNVTW
CASSIRSAYEQYF	LPFFSNVTW
CASSATGSHEQYF	LPFFSNVTW
CASSFQVLPYNEQFF	LPFFSNVTW
CASSIYSNQPQHF	LPFFSNVTW
CASSIRSGDIQYF	LPFFSNVTW
CASSPRSSDTQYF	LPFFSNVTW
CASSIGLYGYTF	LPFFSNVTW
CASSSRAGIEQFF	LPFFSNVTW
CASSIRSAYEQYF	LPFFSNVTW
CASSIRSAYEQYF	LPFFSNVTW
CASTPGTGYSPLHF	LPFFSNVTW
CASSSQETGGAYNEQFF	LPFFSNVTW
CASSARSAYNEQFF	LPFFSNVTW
CASSIVSMDEQFF	LPFFSNVTW
CASSLLATGTASYEQYF	LPFFSNVTW
CASSVRSTDTQYF	LPFFSNVTW
CASSIFGGEKLFF	LPFFSNVTW
CASSTRSGTEQFF	LPFFSNVTW
CASSMRSTGELFF	LPFFSNVTW
CASSIRSSYEQYF	LPFFSNVTW
CASSIRSSYEQYF	LPFFSNVTW
CASSIRSAGELFF	LPFFSNVTW
CASSIGSYGYTF	LPFFSNVTW
CASSTRSAYEQYF	LPFFSNVTW
CASSVTGPPSDF	LPFFSNVTW
CASSPGQGSYNEQFF	LPFFSNVTW
CASSFGSQETQYF	LPFFSNVTW
CASSKRSSIEQFF	LPFFSNVTW
CASSIRSAYEQYF	LPFFSNVTW
CASSSPSRPYNEQFF	LPFFSNVTW
CASSSRSAYEQYF	LPFFSNVTW
CASRLVWRRGLYNEQFF	LPFFSNVTW
CASSTRSTYEQYF	LPFFSNVTW
CASSIFASGGNEQFF	LPFFSNVTW
CASSQRSTDTQYF	LPFFSNVTW
CASSIRASYEQYF	LPFFSNVTW
CASSLGGTEQFF	LPFFSNVTW
CASSLRSSYEQYF	LPFFSNVTW
CASTLGGELFF	LPFFSNVTW
CASSTRSAYEQYF	LPFFSNVTW
CASSIRSSYEQYF	LPFFSNVTW
CASSIRSAYEQYF	LPFFSNVTW
CASSTGSYGYTF	LPFFSNVTW
CASSPGTGGSDEKLFF	LPFFSNVTW
CASSSRSSYEQYF	LPFFSNVTW
CASSIRSSYEQYF	LPFFSNVTW
CASSIRSAYEQYF	LPFFSNVTW
CASSIRSAYEQYF	LPFFSNVTW
CASSIRSAGELFF	LPFFSNVTW
CARSSGVNQPQHF	LPFFSNVTW
CASSAAVRGETQYF	LPFFSNVTW
CATYGQGASYEQYF	LPFFSNVTW
CASSTRGSETQYF	LPFFSNVTW
CASSRRSTDTQYF	LPFFSNVTW
CASSTSSTGELFF	LPFFSNVTW
CASSMRSSYEQYF	LPFFSNVTW
CASSIRSSYEQYF	LPFFSNVTW
CASSQDPGQTYEQYF	LPFFSNVTW
CASSAAAQGPQHF	LPFFSNVTW
CASSSRSANEQFF	LPFFSNVTW
CASSIRSSYEQYF	LPFFSNVTW
CASSTRSGQPQHF	LPFFSNVTW
CSARDLGTGANYNEQFF	LPFFSNVTW
CASSGRAGDTQYF	LPFFSNVTW
CASSLSGAGGKYEQYF	LPFFSNVTW
CASSVRSSYEQYF	LPFFSNVTW
CASSARSGSEQFF	LPFFSNVTW
CASSPLISEATNEKLFF	LPFFSNVTW
CASSIRSAYEQYF	LPFFSNVTW
CASSIRSTGELFF	LPFFSNVTW
CASSVRSSYEQYF	LPFFSNVTW
CASSGRSTGELFF	LPFFSNVTW
CASSGRSGNEQFF	LPFFSNVTW
CASSIRSSYEQYF	LPFFSNVTW
CASSGPGTGYYEQYF	LPFFSNVTW
CASSIRAGYEQYF	LPFFSNVTW
CASSRIAGVNEQFF	LPFFSNVTW
CASSPRDRAVSDEQFF	LPFFSNVTW
CASSSRSSDTQYF	LPFFSNVTW
CASSVRASYEQYF	LPFFSNVTW
CASSTRSNQPQHF	LPFFSNVTW
CASSIRAGNEKLFF	LPFFSNVTW
CASSIRSAYEQYF	LPFFSNVTW
CASSTRSTGELFF	LPFFSNVTW
CASSIISLDEQFF	LPFFSNVTW
CASSVRSSYEQYF	LPFFSNVTW
CASSMRSAYEQYF	LPFFSNVTW
IGVSSYNEQFF	LPFFSNVTW
CSATTSGRGVAHTQYF	LPFFSNVTW
CASSIRSSFEQYF	LPFFSNVTW
CASSIGAYGYTF	LPFFSNVTW
CASSQDRGGPGSFTEAFF	LPFFSNVTW
CASSIRSSYEQYF	LPFFSNVTW
CASSPVAGVYNEQFF	LPFFSNVTW
CASSIRSTGELFF	LPFFSNVTW
CASSTRSAYEQYF	LPFFSNVTW
CASSIRSSYEQYF	LPFFSNVTW
CASSTTGVDEQYF	LPFFSNVTW
CASSIVDSSGNTIYF	LPFFSNVTW
CASSVRSSYEQYF	LPFFSNVTW
CASSIRSSFEQYF	LPFFSNVTW
CASSIRSSYEQYF	LPFFSNVTW
CASSLRAAGELFF	LPFFSNVTW
CASSIRSSYEQYF	LPFFSNVTW
CASSIYGGLYNEQFF	LPFFSNVTW
CASSTRSGTEQYF	LPFFSNVTW
CASSSDRGRASGSLVDEQFF	LPFFSNVTW
CASSHDGQGGGETQYF	LPFFSNVTW
CASSTGLYGYTF	LPFFSNVTW
CASSTRSTDTQYF	LPFFSNVTW
CASSIGPPGGTEAFF	LPFFSNVTW
CASSGRAGNEQFF	LPFFSNVTW
CASSIGVYGYTF	LPFFSNVTW
CASSIHSQETQYF	LPFFSNVTW
CASSIRSSTEAFF	LPFFSNVTW
CASSIRSSYEQYF	LPFFSNVTW
CASSMRSGVEQFF	LPFFSNVTW
CSAQGGGGADNEQFF	LPFFSNVTW
CASSIRSSYEQYF	LPFFSNVTW
CASSIRSVGELFF	LPFFSNVTW
CASSGRAGNEQFF	LPFFSNVTW
CASSLRSTGELFF	LPFFSNVTW
CASSIRSDTEAFF	LPFFSNVTW
CASTPQDVSSGNTIYF	LPFFSNVTW
CASSTRSTYEQYF	LPFFSNVTW
CASSIFDGQGMDF	LPFFSNVTW
