CDR3	AA
CASSYPGASGFTDTQYF	SEYKGPITDVFY
CSARDGTGFVETQYF	SEYKGPITDVFY
CASSHPRTSGRNTGELFF	SEYKGPITDVFY
CASTQRTGGDEQYF	SEYKGPITDVFY
CASSEGLADDTQYF	SEYKGPITDVFY
CATSRGDIQYF	SEYKGPITDVFY
CASSISTGTGFLLEQYF	SEYKGPITDVFY
CASSIHLTDTQYF	SEYKGPITDVFY
CASSNARTPIRGRYTGELFF	SEYKGPITDVFY
CASSPGTGKGEQYF	SEYKGPITDVFY
CASSQEGVTDTQYF	SEYKGPITDVFY
CASSVGLYNSPLHF	SEYKGPITDVFY
CSAPTETSAYEQYF	SEYKGPITDVFY
CASHLQGNDQPQHF	SEYKGPITDVFY
CASSQDPGTGFSYEQYF	SEYKGPITDVFY
CASSPTSGEWADTQYF	SEYKGPITDVFY
CASSDGGNEQFF	SEYKGPITDVFY
CASSTGLAGAYEQFF	SEYKGPITDVFY
CASSLRDIFEQFF	SEYKGPITDVFY
CASSQTRSTEAFF	SEYKGPITDVFY
CAWSGYRVSERGYTF	SEYKGPITDVFY
CASSIGLVGINEQFF	SEYKGPITDVFY
CSARRGQGNTEAFF	SEYKGPITDVFY
CASSDSSWEPQHF	SEYKGPITDVFY
CASRGYTYEQYF	SEYKGPITDVFY
CASSLVDTGTGFFTEAFF	SEYKGPITDVFY
CATERARGYNEQFF	SEYKGPITDVFY
CASSYSRDTYTGELFF	SEYKGPITDVFY
CSARGEGGYGEGNQPQHF	SEYKGPITDVFY
CASSQFSSGPRTNNEQFF	SEYKGPITDVFY
CASSYSLGGDTDTQYF	SEYKGPITDVFY
CATSDFSGVNEQFF	SEYKGPITDVFY
CASSIGLAGSNEQFF	SEYKGPITDVFY
CASSQVFPGLGNEKLFF	SEYKGPITDVFY
CSARSSLGLGETQYF	SEYKGPITDVFY
CASSSSGTGYNEQFF	SEYKGPITDVFY
CASSEAPVYGYTF	SEYKGPITDVFY
CASSDPDQGTTGHEQFF	SEYKGPITDVFY
CASSLEGFNTEAFF	SEYKGPITDVFY
CASSQDSNFATGFSYEQYF	SEYKGPITDVFY
CASSQDSGTGYSYEQYF	SEYKGPITDVFY
CSVAPGAPGAFF	SEYKGPITDVFY
CASRQGQGAFF	SEYKGPITDVFY
CASSAPTQGIGGNTIYF	SEYKGPITDVFY
CASSEGIYEQYF	SEYKGPITDVFY
CASSLGGEAFF	SEYKGPITDVFY
CASSHHPSGRLNTGELFF	SEYKGPITDVFY
CASSQTAGTGFIDTQYF	SEYKGPITDVFY
CASSHGLPNTGELFF	SEYKGPITDVFY
CASSVDNSYEQYF	SEYKGPITDVFY
CASSPIPTGTGFNTEAFF	SEYKGPITDVFY
CSVVQGEAFF	SEYKGPITDVFY
CASSLGAGEQYF	SEYKGPITDVFY
CASSYRTEQETQYF	SEYKGPITDVFY
CASSFQGGNTEAFF	SEYKGPITDVFY
CASSLGRNSYEQYF	SEYKGPITDVFY
CATSTGGTYNEQFF	SEYKGPITDVFY
CASSLPGGTYEQYF	SEYKGPITDVFY
CSVIRAGELFF	SEYKGPITDVFY
CASSPPGGPTQYF	SEYKGPITDVFY
CASSFLAYNEQFF	SEYKGPITDVFY
CASKGTPSGRNEQFF	SEYKGPITDVFY
CASSLNGRGLNNEQFF	SEYKGPITDVFY
CASSFLRGQETQYF	SEYKGPITDVFY
CASSYSRGGSTDTQYF	SEYKGPITDVFY
CASSVGGVAFF	SEYKGPITDVFY
CASSLWDRGSYEQYF	SEYKGPITDVFY
CASSQDTGTGFSYEQYF	SEYKGPITDVFY
CASSLGGTSGSGFSDTQYF	SEYKGPITDVFY
CASRQETQYF	SEYKGPITDVFY
CSARDGDSPISYGYTF	SEYKGPITDVFY
CASTSGPEQFF	SEYKGPITDVFY
CASSLSHTGTGFTGELFF	SEYKGPITDVFY
CASSPERLGYTF	SEYKGPITDVFY
CATRGEPVQETQYF	SEYKGPITDVFY
CSGGANEQFF	SEYKGPITDVFY
CASSYSEREQFF	SEYKGPITDVFY
CASSLAGLNQPQHF	SEYKGPITDVFY
CASSWTGRGTEAFF	SEYKGPITDVFY
CASSPGYEQFF	SEYKGPITDVFY
CSASGSVKIYEQYF	SEYKGPITDVFY
CASSISSILTGADTQYF	SEYKGPITDVFY
CASSLVGGTGFFYEQYF	SEYKGPITDVFY
CASPPGSSYNSPLHF	SEYKGPITDVFY
CSVEQSGTQYF	SEYKGPITDVFY
CASIPGNSYEQYF	SEYKGPITDVFY
CASSFRDHMFF	SEYKGPITDVFY
CASSHLLPGGIPYEQYF	SEYKGPITDVFY
CASSFVVNTEAFF	SEYKGPITDVFY
CASSGPTSGGPSDTQYF	SEYKGPITDVFY
CASSQEGSSGFSSTDTQYF	SEYKGPITDVFY
CASTQWASGRTGELFF	SEYKGPITDVFY
CATSRGQGDYTF	SEYKGPITDVFY
CSVEDLKGAAGGYTF	SEYKGPITDVFY
CASSVRGGAGFSNEQFF	SEYKGPITDVFY
CASSVVGGAHEQYF	SEYKGPITDVFY
CASNRGDRGHEQYF	SEYKGPITDVFY
CASSVEGSSYNEQFF	SEYKGPITDVFY
CASRGLAGGKYTQYF	SEYKGPITDVFY
CASSIWTGFEGEQYF	SEYKGPITDVFY
CASSRDVGGFYNEQFF	SEYKGPITDVFY
CASSLDRLAGFADTQYF	SEYKGPITDVFY
CASSLEGTGWSYEQYF	SEYKGPITDVFY
CASSQGVNWDGYSYEQYF	SEYKGPITDVFY
CASSTTTGMEQFF	SEYKGPITDVFY
CASSPGLAGANTQYF	SEYKGPITDVFY
CASSGLASYNEQFF	SEYKGPITDVFY
CASSVVGSSYEQYF	SEYKGPITDVFY
CASSQDYGTGFTPSDTQYF	SEYKGPITDVFY
CASSQVGSTSGFSYEQYF	SEYKGPITDVFY
CASSRTGPFNEQFF	SEYKGPITDVFY
CSARGWESGFEQFF	SEYKGPITDVFY
CSARESYSNQPQHF	SEYKGPITDVFY
CASSKDRAGKGVNTEAFF	SEYKGPITDVFY
CSVTAGELFF	SEYKGPITDVFY
CASSQELPDQWNSPLHF	SEYKGPITDVFY
CSAPGTTSGNTIYF	SEYKGPITDVFY
CASSYLQLEDTQYF	SEYKGPITDVFY
CASSFLGIWFF	SEYKGPITDVFY
CATHRDSSRYF	SEYKGPITDVFY
CATSSTGQGGFFYEQYF	SEYKGPITDVFY
CASSLGAGADTQYF	SEYKGPITDVFY
CASSLVTAGFMPQETQYF	SEYKGPITDVFY
CASSFWDEAFF	SEYKGPITDVFY
CASSHNSGAANTGELFF	SEYKGPITDVFY
CASSQSGWQAFF	SEYKGPITDVFY
CASSQDRLGTGELFF	SEYKGPITDVFY
CASRTGPNTGELFF	SEYKGPITDVFY
CASSLATDGVEQYF	SEYKGPITDVFY
CSVQHAGELFF	SEYKGPITDVFY
CASSYSKGQGFVYEQYF	SEYKGPITDVFY
CASSFVGNTGELFF	SEYKGPITDVFY
CSVGANEQFF	SEYKGPITDVFY
