CDR3	AA
CASSPSSYEQYF	TPSGTWLTY
CASSHDRGRWTEAFF	TPSGTWLTY
CASSHGGEPQETQYF	TPSGTWLTY
CASSYGQHSGNTIYF	TPSGTWLTY
CASSQDLGGALVDEQFF	TPSGTWLTY
CASSSKLPGGVHNEQFF	TPSGTWLTY
CASSSGLAETYEQYF	TPSGTWLTY
CASSQDPGSLTEAFF	TPSGTWLTY
CASSYGGGELFF	TPSGTWLTY
CASSLAQGNTGELFF	TPSGTWLTY
CASSQDVGESSYEQYF	TPSGTWLTY
CASSLADSQPTDTQYF	TPSGTWLTY
CASSQGPLADIYNEQFF	TPSGTWLTY
CASSLSQGSYNEQFF	TPSGTWLTY
CATAEAGDTGELFF	TPSGTWLTY
CATSERQGTDTGELFF	TPSGTWLTY
CASSLVPWGEGYNEQFF	TPSGTWLTY
CASSFSGGATTDTQYF	TPSGTWLTY
CASSQDTALVAGYYNEQFF	TPSGTWLTY
CASSLGHEQYF	TPSGTWLTY
CASSKLIEGTFHEQYF	TPSGTWLTY
CASSHEGGTSGYYNEQFF	TPSGTWLTY
CASSQTGGEQYF	TPSGTWLTY
CASSQDQVDTGELFF	TPSGTWLTY
CASSWGFSGANVLTF	TPSGTWLTY
CASNLGLPTRGEQYF	TPSGTWLTY
CSARGDPYGTEAFF	TPSGTWLTY
CASSFGQGLGYGYTF	TPSGTWLTY
CATAGTESSYEQYF	TPSGTWLTY
CASSDGLGSYNEQFF	TPSGTWLTY
CASTPGQGQLAGLTDTQYF	TPSGTWLTY
CASSEAPGQYNSPLHF	TPSGTWLTY
CASSRPPSGTSGGAGETQYF	TPSGTWLTY
CASSTVSNQPQHF	TPSGTWLTY
CATSGLDYNEQFF	TPSGTWLTY
CASTHGQGLSTEAFF	TPSGTWLTY
CASSEARLAGEYEQYF	TPSGTWLTY
CASSVFEGTGGNSPLHF	TPSGTWLTY
CASSQDLGQGAYYEQYF	TPSGTWLTY
CASTLTGGGGYTF	TPSGTWLTY
CATSENRDSYEQYF	TPSGTWLTY
CASSWAPSSGGTDTQYF	TPSGTWLTY
CASSSLSDRAGYEQYF	TPSGTWLTY
CASSLGRTGFQPQHF	TPSGTWLTY
CASSQAGGPNEQFF	TPSGTWLTY
CASSEAGTGGVYEQYF	TPSGTWLTY
CASSQVATESAYEQYF	TPSGTWLTY
CASSTSPGTSGLYNEQFF	TPSGTWLTY
CASSNSGTNEQFF	TPSGTWLTY
CASSLSGELAGAKTGELFF	TPSGTWLTY
CASSYPFLGNSNQPQHF	TPSGTWLTY
CASSQDLAGVSDGELFF	TPSGTWLTY
CSVDKQGSGNTIYF	TPSGTWLTY
CASRPGLEGSPETQYF	TPSGTWLTY
CASSPDRSPLYGYTF	TPSGTWLTY
CASSQDGGGNTIYF	TPSGTWLTY
CATSDFWRGGVDNEQFF	TPSGTWLTY
CASSLQLNTEAFF	TPSGTWLTY
CASSLGLAKNIQYF	TPSGTWLTY
CASSLGGLGSPLHF	TPSGTWLTY
CASSSTGGLYNEQFF	TPSGTWLTY
CASSVATNEKLFF	TPSGTWLTY
CASNPGSVETQYF	TPSGTWLTY
CASSLELLPSGELFF	TPSGTWLTY
CASGFGFATNEKLFF	TPSGTWLTY
CASSLGAGENEQFF	TPSGTWLTY
CASSFLLAGVTWNEQFF	TPSGTWLTY
CASSLWAPRGAGTEAFF	TPSGTWLTY
CASSYPQGSGANVLTF	TPSGTWLTY
CASRGSFTDTQYF	TPSGTWLTY
CASSLGTGYNEQFF	TPSGTWLTY
CASMVQEQLYNEQFF	TPSGTWLTY
CASSLGEGAFYGYTF	TPSGTWLTY
CASSLRLGSSGNTIYF	TPSGTWLTY
CASSFWPRNTGELFF	TPSGTWLTY
CASSTVHYSNQPQHF	TPSGTWLTY
CASSQVEVNQPQHF	TPSGTWLTY
CASSQEDAEASLEQYF	TPSGTWLTY
CASSWSYGSSYNEQFF	TPSGTWLTY
CASKLNPDGGNTIYF	TPSGTWLTY
CASSFHREVVGYEQYF	TPSGTWLTY
CATSDLLAAINEQFF	TPSGTWLTY
CASSSRLAGSTDTQYF	TPSGTWLTY
CATSGRDSSYEQYF	TPSGTWLTY
CASSQDRNSNSPLHF	TPSGTWLTY
CASSQPGLHYEQYF	TPSGTWLTY
CASSLVGGASTNEKLFF	TPSGTWLTY
CASSYGDSTYNEQFF	TPSGTWLTY
CASSLPLRGSGDEQYF	TPSGTWLTY
CASSQDQRGQPNEKLFF	TPSGTWLTY
CASSQVAGDGLYEQYF	TPSGTWLTY
CASSLWFGGMDYNEQFF	TPSGTWLTY
CASSQDRGQGFEQYF	TPSGTWLTY
CASSLADRGYYEQYF	TPSGTWLTY
CASSLIPTVAGGDEQFF	TPSGTWLTY
CASSVVADTDTQYF	TPSGTWLTY
CASHQAGHTQYF	TPSGTWLTY
CASSRTGEPYNEQFF	TPSGTWLTY
CASSLGQHSGNTIYF	TPSGTWLTY
CASSVDGGRVYTGELFF	TPSGTWLTY
CSVGTASGNTIYF	TPSGTWLTY
CASSFPGTGYSNQPQHF	TPSGTWLTY
CASSYIRGEQYF	TPSGTWLTY
CASSHREGLGETQYF	TPSGTWLTY
CATSDSQRASYEQYF	TPSGTWLTY
CASSVGEPSYEQYF	TPSGTWLTY
CASSWGQGSTDTQYF	TPSGTWLTY
CASSQTESGANVLTF	TPSGTWLTY
CSARLALSYEQYF	TPSGTWLTY
CASSGLAGASASNTGELFF	TPSGTWLTY
CASLGGLETQYF	TPSGTWLTY
CASSLSGREQYNEQFF	TPSGTWLTY
CASSLGLAGFGYNEQFF	TPSGTWLTY
CASSLGALGQPQHF	TPSGTWLTY
CASSRDRGLSAYEQYF	TPSGTWLTY
CASSQETGPAYEQYF	TPSGTWLTY
CASRRQGPEMEQYF	TPSGTWLTY
CASSSGTASGETQYF	TPSGTWLTY
CASSLGLPPNEQFF	TPSGTWLTY
CASSLGGSGGPHTDTQYF	TPSGTWLTY
CASSFGFGEQFF	TPSGTWLTY
CATSDSLTASYEQYF	TPSGTWLTY
CASSQDGQGTGYEQYF	TPSGTWLTY
CASSLELQGITGELFF	TPSGTWLTY
CASSYGALNEQFF	TPSGTWLTY
CASSQEKSAESSYNEQFF	TPSGTWLTY
CASSLEDGANYGYTF	TPSGTWLTY
CASSQGLAGEETQYF	TPSGTWLTY
CASSLGGRSEQYF	TPSGTWLTY
CASSGGAQTEAFF	TPSGTWLTY
CASSFPGNGYTF	TPSGTWLTY
CAISESPVRTYEQYF	TPSGTWLTY
CASSLGTGASLYEQYF	TPSGTWLTY
CASSFHRGSAILNTEAFF	TPSGTWLTY
CASSLGSGSYNEQFF	TPSGTWLTY
CSAPKGTSGRPGEQFF	TPSGTWLTY
CASSQMDGTNSPLHF	TPSGTWLTY
CSVPGQGSPTYEQYF	TPSGTWLTY
CASSTTYGGTISGANVLTF	TPSGTWLTY
CASSSGRNNEQFF	TPSGTWLTY
CASSYPLDRGNPEAFF	TPSGTWLTY
CASSLLAGEYNEQFF	TPSGTWLTY
CASTPNLLASEQYF	TPSGTWLTY
CASSVVPGQSPVTDTQYF	TPSGTWLTY
CASSFHSRDAAYEQYF	TPSGTWLTY
CASSLWTGDYGYTF	TPSGTWLTY
CASSDQGSTEAFF	TPSGTWLTY
CASSQAGTVSYEQYF	TPSGTWLTY
CASSQVEASYEQYF	TPSGTWLTY
CATSDSRTDSYGYTF	TPSGTWLTY
CASSGKTTSGISGYNEQFF	TPSGTWLTY
CASSFPGTALSYEQYF	TPSGTWLTY
CASSTTLLDGSYEQYF	TPSGTWLTY
CASSLAAAVLEQFF	TPSGTWLTY
CASSPFSASATGELFF	TPSGTWLTY
CASTTRQGPYNEQFF	TPSGTWLTY
CASSLHGESSYNEQFF	TPSGTWLTY
CATTSGNTGELFF	TPSGTWLTY
CASSPQGFDSYEQYF	TPSGTWLTY
CASSVGGVGAEAFF	TPSGTWLTY
CASSLGEVAGSNEQFF	TPSGTWLTY
CASSSGGTDTQYF	TPSGTWLTY
CASSKTSGVNTGELFF	TPSGTWLTY
CASSIGYPINSPLHF	TPSGTWLTY
CASSQTSGYTDTQYF	TPSGTWLTY
CASSYLDNEQFF	TPSGTWLTY
CASSVEGFTEAFF	TPSGTWLTY
CASSLAGSPNTEAFF	TPSGTWLTY
CASSQDWPDYNSPLHF	TPSGTWLTY
CASSLGPGGMNTEAFF	TPSGTWLTY
CASSLANNEGSFAHTQYF	TPSGTWLTY
CSAGGRQGAYEQYF	TPSGTWLTY
CASSHSEDSNAEAFF	TPSGTWLTY
CASSLGGSYEQYF	TPSGTWLTY
CASSLTGGSYNEQFF	TPSGTWLTY
CSAKPVESGAKNIQYF	TPSGTWLTY
CASSHGTGDEQYF	TPSGTWLTY
CASSEKDYPGGELFF	TPSGTWLTY
CASSPGTIQETQYF	TPSGTWLTY
CASSPHGLASSYNEQFF	TPSGTWLTY
CASSPTPERSYEQYF	TPSGTWLTY
CASSIGGVGSPLHF	TPSGTWLTY
CASSLSRYTEAFF	TPSGTWLTY
CASSVLATSTTTYEQYF	TPSGTWLTY
CASSLAINNEQFF	TPSGTWLTY
CASSLVFPTDTQYF	TPSGTWLTY
CASSLGVGANVLTF	TPSGTWLTY
CASSELPYNEQFF	TPSGTWLTY
CASSLGLYNEQFF	TPSGTWLTY
CSARGIIGYNEQFF	TPSGTWLTY
CASSDGQHYGYTF	TPSGTWLTY
CASSVSQGITGELFF	TPSGTWLTY
CASSPGPDGYTF	TPSGTWLTY
CASSLGQGPPQHF	TPSGTWLTY
CASSLPGEGRTGELFF	TPSGTWLTY
CASSLAQGAGDTQYF	TPSGTWLTY
CASSLGWATEAFF	TPSGTWLTY
CASSLGLVYEQYF	TPSGTWLTY
CASSVGQGWAETQYF	TPSGTWLTY
CATGVRDTSYNEQFF	TPSGTWLTY
CASSPYPADGNTIYF	TPSGTWLTY
CASSQGYGFYEQYF	TPSGTWLTY
CASIRQGLANEKLFF	TPSGTWLTY
CASSLGTAGPSTDTQYF	TPSGTWLTY
CATNSRTGGQDTEAFF	TPSGTWLTY
CASSLSGQGNQPQHF	TPSGTWLTY
CASSLGPPSGGGYTQYF	TPSGTWLTY
CSASGIESSYNSPLHF	TPSGTWLTY
CATSDRDSTYEQYF	TPSGTWLTY
CAWSVEQSNQPQHF	TPSGTWLTY
CASSQHPMAEITDTQYF	TPSGTWLTY
CASSYGASTGSWAKIGETQYF	TPSGTWLTY
CASSAWTGPDSGNTIYF	TPSGTWLTY
CSARPDSLRETAYEQYF	TPSGTWLTY
CASSQGGHQSDEQYF	TPSGTWLTY
CASSLGTGYNEQFF	TPSGTWLTY
CASRWTGETYEQYF	TPSGTWLTY
CASSLTGAWPKNIQYF	TPSGTWLTY
CASSPPISRGYFTEAFF	TPSGTWLTY
CASSFPPYGGINEQFF	TPSGTWLTY
CASSWSRDQETQYF	TPSGTWLTY
CASSLGSTDTQYF	TPSGTWLTY
CATSDLQIGQGQETQYF	TPSGTWLTY
CASSQVEYSNQPQHF	TPSGTWLTY
CASSLAPGGDTEAFF	TPSGTWLTY
CSARVPLDSAGGPFQETQYF	TPSGTWLTY
CASSQFSPNEQFF	TPSGTWLTY
CASSFSGEPQETQYF	TPSGTWLTY
CASSFGQGVINEQFF	TPSGTWLTY
CASSQPGETQYF	TPSGTWLTY
CASGTGSTYEQYF	TPSGTWLTY
CATSDRMRDTDTQYF	TPSGTWLTY
CASSRMKVYNEQFF	TPSGTWLTY
CASSAEYNEQFF	TPSGTWLTY
CASSYPNSTGPETEAFF	TPSGTWLTY
CASGLGTYEQYF	TPSGTWLTY
CASSVGGGETQYF	TPSGTWLTY
CASSLPGSGNTIYF	TPSGTWLTY
CASSQEQGQGRQPQHF	TPSGTWLTY
CASSLGTPPQPQHF	TPSGTWLTY
CASSQSSIEGAFNEQFF	TPSGTWLTY
CASSQEGTVNTEAFF	TPSGTWLTY
CASSPPGSEQFF	TPSGTWLTY
CASSLSGTGFQSPLHF	TPSGTWLTY
CASSVVAESSYEQYF	TPSGTWLTY
CASSLVEGSGGPTETQYF	TPSGTWLTY
CSAAPGLAAYEQYF	TPSGTWLTY
CASSLTLAARSNTGELFF	TPSGTWLTY
CASSQDTGSGAFYEQYF	TPSGTWLTY
CASSLVVTASTDTQYF	TPSGTWLTY
CSGGRTNYNEQFF	TPSGTWLTY
CASSYLGPTGYEQYF	TPSGTWLTY
CASSIVQYSNQPQHF	TPSGTWLTY
CASSLSRYTEAFF	TPSGTWLTY
CASSLFGGAVTLEQYF	TPSGTWLTY
CASSATGSTGELFF	TPSGTWLTY
CASSHPGGQGDEKLFF	TPSGTWLTY
CASSQSARDGITGELFF	TPSGTWLTY
CASSESLDTGYGYTF	TPSGTWLTY
CASTRWDTETQYF	TPSGTWLTY
CASSLTSGIYNEQFF	TPSGTWLTY
CASSFLGLAGGVTDTQYF	TPSGTWLTY
CASSFVQGSQPQHF	TPSGTWLTY
CASSFKGFRYEQYF	TPSGTWLTY
CSARALELAEEAYEQYF	TPSGTWLTY
CASSHGQGLNTEAFF	TPSGTWLTY
CASSEHRDRSTDTQYF	TPSGTWLTY
CASSLVAASYTDTQYF	TPSGTWLTY
CSVDESGVYGYTF	TPSGTWLTY
CASSSGTQNTEAFF	TPSGTWLTY
CASSLAEGLNTEAFF	TPSGTWLTY
CASSYSLQAAYNEQFF	TPSGTWLTY
CASSIITGSNQPQHF	TPSGTWLTY
CASSLAITYEQYF	TPSGTWLTY
CASSSGTSGQETQYF	TPSGTWLTY
CASSQGGQPQHF	TPSGTWLTY
CASSLQGSDTEAFF	TPSGTWLTY
CASSLGDRVFFTQYF	TPSGTWLTY
CASSTDRGAINSPLHF	TPSGTWLTY
CASSQDPATAGELFF	TPSGTWLTY
CASSQDWDSSYEQYF	TPSGTWLTY
CASSQDPGLNTEAFF	TPSGTWLTY
CSARDLHAGGTNEQYF	TPSGTWLTY
CASSPSISGISYTDTQYF	TPSGTWLTY
CASSQDRSFPYNEQFF	TPSGTWLTY
CASSQATGVNTEAFF	TPSGTWLTY
CASSFPGQGAGELFF	TPSGTWLTY
CAISEVDDKRAFF	TPSGTWLTY
CSARALAEPSYEQYF	TPSGTWLTY
CASSIVHYSNQPQHF	TPSGTWLTY
CASSLGPERTDSYEQYF	TPSGTWLTY
CASSLGQGIGYTF	TPSGTWLTY
CASSAIENNEQFF	TPSGTWLTY
CASSLDSYNSPLHF	TPSGTWLTY
CASSLEQQLTTGNTIYF	TPSGTWLTY
CASTPGWMDTEAFF	TPSGTWLTY
CASSQDPALTEKLFF	TPSGTWLTY
CASSLGVGVGYTF	TPSGTWLTY
CASSQLAGVPYEQYF	TPSGTWLTY
CASSQDPGVNTEAFF	TPSGTWLTY
CASSLANNSPLHF	TPSGTWLTY
CAISETPLAGGTTGELFF	TPSGTWLTY
CASSDPSLSTDTQYF	TPSGTWLTY
CASSLGLAPNEQYF	TPSGTWLTY
CASSHPGGDPYEQYF	TPSGTWLTY
CASSVGRLAYTNYGYTF	TPSGTWLTY
CASRWTGETEAFF	TPSGTWLTY
CASTTGMKTDTQYF	TPSGTWLTY
CASSLGTPPNEQYF	TPSGTWLTY
CASSLGPPGQGAWQPQHF	TPSGTWLTY
CASTPLAGVYEQYF	TPSGTWLTY
CASSYEVEGQPQHF	TPSGTWLTY
CSARDLAGEAGELFF	TPSGTWLTY
CASSLGSTDTQYF	TPSGTWLTY
CASSLGLTDTQYF	TPSGTWLTY
CASSYSIYPYNEQFF	TPSGTWLTY
CASSLSRDLLLYEQYF	TPSGTWLTY
CASSDRDRGWATNEKLFF	TPSGTWLTY
CASTGLAGTNEQFF	TPSGTWLTY
CASSDPPGGLDTEAFF	TPSGTWLTY
CASGAGVVGYNEQFF	TPSGTWLTY
CASSLDLGGNSPLHF	TPSGTWLTY
CAAKQAGTEGTEAFF	TPSGTWLTY
CSARDYGGRYNEQFF	TPSGTWLTY
CASSFGPPASGSYEQYF	TPSGTWLTY
CASSSGQGTYEKLFF	TPSGTWLTY
CASGTGFTDTQYF	TPSGTWLTY
CSVRPGTAPYNEQFF	TPSGTWLTY
CASSWGQGAQNEQFF	TPSGTWLTY
CASSFSQGFGNTEAFF	TPSGTWLTY
CASSLPPRGAGAYNEQFF	TPSGTWLTY
CASYALGTGTDYNEQFF	TPSGTWLTY
CASSLANNSPLHF	TPSGTWLTY
CASSQPGLDYGYTF	TPSGTWLTY
CASSLDLGMNTEAFF	TPSGTWLTY
CASSEALYQRTSYNSPLHF	TPSGTWLTY
CASSPDSNEQFF	TPSGTWLTY
CASSLAGQPDQPQHF	TPSGTWLTY
CASRDFLITDTQYF	TPSGTWLTY
CASSLKTDRDTDTQYF	TPSGTWLTY
CASSQGTAYNEQFF	TPSGTWLTY
CASSQEYGAGGWGETQYF	TPSGTWLTY
CASSLMAGPGFDEQFF	TPSGTWLTY
CASSTFPGSYEQYF	TPSGTWLTY
CAWSYRENTEAFF	TPSGTWLTY
CASSSEQGADEKLFF	TPSGTWLTY
CASSSRSSDTGELFF	TPSGTWLTY
CASSLGLTDTQYF	TPSGTWLTY
CASSQDPSTGVYGYTF	TPSGTWLTY
CASSLGSTDTQYF	TPSGTWLTY
CASSWGQGDTDTQYF	TPSGTWLTY
CASRPNGPVNEQFF	TPSGTWLTY
CASSEGGEPQETQYF	TPSGTWLTY
CASSLAGVGAGGPTDTQYF	TPSGTWLTY
CASSLFFSSKTEAFF	TPSGTWLTY
CASSQGVSESSYEQYF	TPSGTWLTY
CASSHPGTRDEETQYF	TPSGTWLTY
CASSLGRDNYYGYTF	TPSGTWLTY
CASSVTQGALTLNTEAFF	TPSGTWLTY
CASHWGDYEQYF	TPSGTWLTY
CASSTPRDRGSYEQYV	TPSGTWLTY
CASSPRDYVAEQFF	TPSGTWLTY
CASSNYEQYF	TPSGTWLTY
CASSLAGFEAYEQYF	TPSGTWLTY
CASRNTGEAGNTIYF	TPSGTWLTY
CASSESLAATNTGELFF	TPSGTWLTY
CASSYAGLATYNEQFF	TPSGTWLTY
CASSYSAGDTGELFF	TPSGTWLTY
CASSLVETAYGYTF	TPSGTWLTY
CASRPGSSREKLFF	TPSGTWLTY
CASSQDLGVSYGYTF	TPSGTWLTY
CASSLTGSSTDTQYF	TPSGTWLTY
CASSPAGAYEQYF	TPSGTWLTY
CASSLGAASGYNEQFF	TPSGTWLTY
CASSEAPGLGYEQYF	TPSGTWLTY
CASSLSGQGGEKLFF	TPSGTWLTY
CASSLSRERGLYEQYF	TPSGTWLTY
CASSPGTGALYGYTF	TPSGTWLTY
CASSLLSGTSGLTDTQYF	TPSGTWLTY
CASSLTRRAIFNQPQHF	TPSGTWLTY
CASSLSPGTSGGQLSEDF	TPSGTWLTY
CASFLRAGVGTDTQYF	TPSGTWLTY
CASSVSLIGDEQYF	TPSGTWLTY
CASSVGWTGTYEQYF	TPSGTWLTY
CASSPGGVDSPLHF	TPSGTWLTY
CASSGEGGLNTGELFF	TPSGTWLTY
CASSGSADYQETQYF	TPSGTWLTY
CASSFPGSEQFF	TPSGTWLTY
CSARDWKGADTQYF	TPSGTWLTY
CASSPGGADEQYF	TPSGTWLTY
CSVETGQGNTIYF	TPSGTWLTY
CASSAVHYSNQPQHF	TPSGTWLTY
CASSLGGGQGEQFF	TPSGTWLTY
CASGFVLRDYQANTGELFF	TPSGTWLTY
CASSEHRGPNEQFF	TPSGTWLTY
CASSQPFLADTGELFF	TPSGTWLTY
CASSPSPEQGHEQFF	TPSGTWLTY
CASSVMGLGQAYEQYF	TPSGTWLTY
CASNLQGMSNQPQHF	TPSGTWLTY
CASSLGTGYNEQYF	TPSGTWLTY
CASSYGQGETQYF	TPSGTWLTY
CASSQDPGMTVYEQYF	TPSGTWLTY
