CDR3	AA
CASSHPTGKQYF	LVLSVNPYV
CASSFGSGTSTDTQYF	LVLSVNPYV
CSARDVGDTQYF	LVLSVNPYV
CASRDRRNEQFF	LVLSVNPYV
CSARPRTGVIGGYNEQFF	LVLSVNPYV
CASSQAGVNEQFF	LVLSVNPYV
CASSRLGAESYNSPLHF	LVLSVNPYV
CATSDLRYGEDLNTEAFF	LVLSVNPYV
CSARGPSVPLRGDEQFF	LVLSVNPYV
CASSPTGSHQTEAFF	LVLSVNPYV
CAIRPGLAETANTDTQYF	LVLSVNPYV
CASSHLLGTSGYEQYF	LVLSVNPYV
CASSPNPGLATEETQYF	LVLSVNPYV
CASSSGTGVGELFF	LVLSVNPYV
CASSPFGQGRAYEQYF	LVLSVNPYV
CASSSGTGVNEQFF	LVLSVNPYV
CASSRTSGSTDTQYF	LVLSVNPYV
CASSEYPGSRSYTF	LVLSVNPYV
CASSVWGSAPLHF	LVLSVNPYV
CSVPGPLREQYF	LVLSVNPYV
CASSLWQGTEAFF	LVLSVNPYV
CASSQLLVMGNEQFF	LVLSVNPYV
CSADRGLRNEQFF	LVLSVNPYV
CASSSGFTYEQYF	LVLSVNPYV
CASGITGATNNEQFF	LVLSVNPYV
CASIKAGVSEQYF	LVLSVNPYV
CASSLGNEQFF	LVLSVNPYV
CASSFPAGEKLFF	LVLSVNPYV
CASSQGGSYEQYF	LVLSVNPYV
CARTGPEDTQYF	LVLSVNPYV
CASSPRGGLAGAYEQFF	LVLSVNPYV
CASNLAPDVDTQYF	LVLSVNPYV
CASSIRRLMGADTQYF	LVLSVNPYV
CASSSKDSPLHF	LVLSVNPYV
CASSGTGNTGELFF	LVLSVNPYV
CAIRQGASTEAFF	LVLSVNPYV
CASSLWNTSPLHF	LVLSVNPYV
CASGAPSYEQYF	LVLSVNPYV
CSAWSGTGGGDTQYF	LVLSVNPYV
CASSSPSGPMVETQYF	LVLSVNPYV
CSASVGTAETQYF	LVLSVNPYV
