CDR3	AA
CASSSPTESSYEQYF	PYRVVVLSF
CASSLVVGADTQYF	PYRVVVLSF
CASSQVSGGYTDTQYF	PYRVVVLSF
CASSPGTALTDTQYF	PYRVVVLSF
CASSLEGSGSGETQYF	PYRVVVLSF
CASSLQGGMGIEQYF	PYRVVVLSF
CASSQDVGNSGEQYF	PYRVVVLSF
CASSSLTGDNEQFF	PYRVVVLSF
CASSSDSSYEQYF	PYRVVVLSF
CASSPLVYGDTEAFF	PYRVVVLSF
CASSLSLNTEAFF	PYRVVVLSF
CASIMGQSSSYNSPLHF	PYRVVVLSF
CASSWGDSYEQYF	PYRVVVLSF
CASSFGDGSYEQYF	PYRVVVLSF
CASSLSVTTEAFF	PYRVVVLSF
CASSFLQGEDGELFF	PYRVVVLSF
CASSQGPGGDTEAFF	PYRVVVLSF
CASSLILSGGASGELFF	PYRVVVLSF
CASRLIPTGGADTEAFF	PYRVVVLSF
CASSLALGGYEQYF	PYRVVVLSF
CASRVAVMGETQYF	PYRVVVLSF
CASSLLTGASYNEQFF	PYRVVVLSF
CASRPGTASNQPQHF	PYRVVVLSF
CASSYGLNYGYTF	PYRVVVLSF
CASSQVSGGALNEQFF	PYRVVVLSF
CASSLAGLPDTQYF	PYRVVVLSF
CASSINSNEQFF	PYRVVVLSF
CASSLGGGNTQYF	PYRVVVLSF
CASSPLTSGGNEQFF	PYRVVVLSF
CASSILGQGRDTQYF	PYRVVVLSF
CASSPVNSPLHF	PYRVVVLSF
CASSLARLAGLYNEQFF	PYRVVVLSF
CASNAVAEQFF	PYRVVVLSF
CASSSGGNGELFF	PYRVVVLSF
CASSWMPGQGPGEQYF	PYRVVVLSF
CASSYGGNLGYNEQFF	PYRVVVLSF
CASSPIAGGPYEQYF	PYRVVVLSF
CASSKGTSKDNEQFF	PYRVVVLSF
CASSSLQGIGYEQYF	PYRVVVLSF
CASSFQAGGSYNEQFF	PYRVVVLSF
CASSTSYTEAFF	PYRVVVLSF
CASSNIAGLYNEQFF	PYRVVVLSF
CASSGGQTEAFF	PYRVVVLSF
CASSSQQGARYEQYF	PYRVVVLSF
CASSPRVQGRSYNSPLHF	PYRVVVLSF
CASTPPYPGLAGHEQFF	PYRVVVLSF
CASSLISYEQYF	PYRVVVLSF
CASSPPGGLAEIYEQYV	PYRVVVLSF
CASRGMVADTQYF	PYRVVVLSF
CASGQGSYEQYF	PYRVVVLSF
CASSLLLAGLNEQFF	PYRVVVLSF
CSARDLVRGSGSGNTIYF	PYRVVVLSF
CASSWGPDTQYF	PYRVVVLSF
CASSYPPGFLIPNTEAFF	PYRVVVLSF
CATSPGMNTEAFF	PYRVVVLSF
CASSYDPSGAISNQPQHF	PYRVVVLSF
CASSYKGQDYEQYF	PYRVVVLSF
CASSQEYSHKVDEQYF	PYRVVVLSF
CASSELAGPQETQYF	PYRVVVLSF
CASSEASSSYEQYF	PYRVVVLSF
CASSLIIHNSPLHF	PYRVVVLSF
CSVEKGALQSKYYGYTF	PYRVVVLSF
CASSSGQGPQQYF	PYRVVVLSF
CASSQDQYGTVTDTQYF	PYRVVVLSF
CASSVGTEHTEAFF	PYRVVVLSF
CASSGRWSGSRDEQFF	PYRVVVLSF
CASTQWVGETQYF	PYRVVVLSF
CASSLGTEAFF	PYRVVVLSF
CASRVGVMNTEAFF	PYRVVVLSF
CASSQDGDGYTF	PYRVVVLSF
CASSYLAGGSYNEQFF	PYRVVVLSF
CASSYSSGETQYF	PYRVVVLSF
CASSFVEDTGELFF	PYRVVVLSF
CASSWGGEQYF	PYRVVVLSF
CASTPDGYEQYF	PYRVVVLSF
CASSLAADTEAFF	PYRVVVLSF
CATGPGGGYEQFF	PYRVVVLSF
CASSYSGWGANTEAFF	PYRVVVLSF
CATSTMALEETQYF	PYRVVVLSF
CSARESGRDPTDTQYF	PYRVVVLSF
CASNRDGTEAFF	PYRVVVLSF
