CDR3	AA
CASSSRLSHPLYNEQFF	NLNESLIDL
CASTGDFSYEQYF	NLNESLIDL
CAILQGYEQYF	NLNESLIDL
CASSLPRTDLAKNIQYF	NLNESLIDL
CASRGSGHEQYF	NLNESLIDL
CASSPTALSYEQYF	NLNESLIDL
CASSPGQAYEQYF	NLNESLIDL
CASSKTLYTDTQYF	NLNESLIDL
CASSLDGNEKLFF	NLNESLIDL
CATSGGTGMNTEAFF	NLNESLIDL
CASSLSRTGNQPQHF	NLNESLIDL
CASSLLAGTDTQYF	NLNESLIDL
CASSPGTGGFYEQYF	NLNESLIDL
CASSDLFSYEQYF	NLNESLIDL
CASSQSGTYNEQFF	NLNESLIDL
CASSSTDSSYNEQFF	NLNESLIDL
CASSSGQGTYEQYF	NLNESLIDL
CASSPTGLAGIDEQFF	NLNESLIDL
CASSVGQGAFEQYF	NLNESLIDL
CATSSGGQGAFFPYGYTF	NLNESLIDL
CASSTGNPNEQFF	NLNESLIDL
CASRRGDTQYF	NLNESLIDL
CASRRGDTQYF	NLNESLIDL
CSVQLAGANTGELFF	NLNESLIDL
CASSQVKAGFQSSYEQYF	NLNESLIDL
CASSLDRVADTQYF	NLNESLIDL
CASSLALAYTEAFF	NLNESLIDL
CASSVGQGEYEQYF	NLNESLIDL
CASSSPPGEQFF	NLNESLIDL
CASSLGGNYEQYF	NLNESLIDL
CATRSWEVVNEQFF	NLNESLIDL
CASSPYGTGSNQPQHF	NLNESLIDL
CASSAGTGAYEQYF	NLNESLIDL
CASSQDGDRAGELFF	NLNESLIDL
CASSLEVGRTQETQYF	NLNESLIDL
CSVEARPTKSSYNEQFF	NLNESLIDL
CSVGLSGELGVEKLFF	NLNESLIDL
CASSYPGVTGELFF	NLNESLIDL
CASSPDRVGYNEQFF	NLNESLIDL
CAKGDLGRNEQFF	NLNESLIDL
CASSPGHLYEQYF	NLNESLIDL
CASSFQGYEQFF	NLNESLIDL
CASRRGDTQYF	NLNESLIDL
CSARETDRGPFYSNQPQHF	NLNESLIDL
CASSQDGSPLHF	NLNESLIDL
CASSEYSRSNQPQHF	NLNESLIDL
CASSVGQGAYEQYF	NLNESLIDL
CASSHGTGDYGYTF	NLNESLIDL
CASSGGQPPSGNTIYF	NLNESLIDL
CASSVSGGIQETQYF	NLNESLIDL
