CDR3	AA
CASSLGGGSNEKLFF	GEVFNATRF
CASSPSWNTGELFF	GEVFNATRF
CASSIGGGSEAFF	GEVFNATRF
CATSNQRGAYEQYF	GEVFNATRF
CASSQDSGNYGYTF	GEVFNATRF
CASSQDWGSDFYEQYF	GEVFNATRF
CASSSGQGVTSGANVLTF	GEVFNATRF
CASSPQGGPASYNEQFF	GEVFNATRF
CASSIGDEQFF	GEVFNATRF
CASALQGSSYEQYF	GEVFNATRF
CASSLSTGARTDTQYF	GEVFNATRF
CASSYSAGPAEYNEQFF	GEVFNATRF
CASSFSGTGVNEQFF	GEVFNATRF
CASSQGQASSYEQYF	GEVFNATRF
CASSQILADATDTQYF	GEVFNATRF
CASSLDPGGFEPQHF	GEVFNATRF
CASSRGGDNEQFF	GEVFNATRF
CASSLGGGSQETQYF	GEVFNATRF
CASSHETDNEQFF	GEVFNATRF
CASSTTAGNEQYF	GEVFNATRF
CASSLEASATGELFF	GEVFNATRF
CASTKEGGGVGEQYF	GEVFNATRF
CASSPGQGFYEQYF	GEVFNATRF
CASSLSVTSGYNEQFF	GEVFNATRF
CASSLATDSYEQYF	GEVFNATRF
CASWMTGGKETQYF	GEVFNATRF
RASSLGLVNETQYF	GEVFNATRF
CASSQDLWDEQFF	GEVFNATRF
CASSFSAGGPSYNEQFF	GEVFNATRF
CASSPGTGQFYEQYF	GEVFNATRF
CASSQDLDFYGYTF	GEVFNATRF
CASSRSGDDNEQFF	GEVFNATRF
CASSHSWPGQGAYEQYF	GEVFNATRF
CASSFSRGLNYGYTF	GEVFNATRF
CASSLGSGTNEKLFF	GEVFNATRF
CASSASGGPLSYNEQFF	GEVFNATRF
CATAAAPHEQFF	GEVFNATRF
CASSLALAGGTYVEQFF	GEVFNATRF
CASSQEVGGVNTEAFF	GEVFNATRF
CASSFSGGPSYEQYF	GEVFNATRF
CASSQTRDRAWETQYF	GEVFNATRF
CASSHSGTSYEQYF	GEVFNATRF
CASSPGLAGEFGTTEQYF	GEVFNATRF
CASSLGGSADTQYF	GEVFNATRF
CASSPSGRGNEQFF	GEVFNATRF
CASGDYEQYF	GEVFNATRF
CASSSGVGYTF	GEVFNATRF
CASSLVVSNEQFF	GEVFNATRF
CASSHSLAGEQETQYF	GEVFNATRF
CSVEPEEQYV	GEVFNATRF
CASSLIGGPTDTQYF	GEVFNATRF
CASSQEVQVEGYGYTF	GEVFNATRF
CASSLDLGTYEQYF	GEVFNATRF
CASSLSLGQYYEQYF	GEVFNATRF
CASSLEWGQGYEQYF	GEVFNATRF
CASSLSYNEQFF	GEVFNATRF
PGVYEQYF	GEVFNATRF
CASSISEGYNEQFF	GEVFNATRF
CASTASPGYGYTF	GEVFNATRF
CASSWGQGKDYEQYF	GEVFNATRF
CASSLSTGRSTDTQYF	GEVFNATRF
CAVGQSSNEQYF	GEVFNATRF
CASSLSTGPPTDTQYF	GEVFNATRF
CASSLSSGSQPYEQYF	GEVFNATRF
CASSPTSVGAGELFF	GEVFNATRF
CASTYSGSSYNEQFF	GEVFNATRF
CASSLGQYYEQYF	GEVFNATRF
CASSLTGTSLYNEQFF	GEVFNATRF
CASSLTSGSVNNEQFF	GEVFNATRF
CASSLGVFYEQYF	GEVFNATRF
CASSHPDGGAGELFF	GEVFNATRF
CASSQDLQYYEQYF	GEVFNATRF
CASNPGGPQVYEQFF	GEVFNATRF
CASSLEAGGTVEQYF	GEVFNATRF
CASSPGLASTGELFF	GEVFNATRF
CASSFSGQGVDEQFF	GEVFNATRF
CASSGVAGSVYNEQFF	GEVFNATRF
CASSLGANQPQHF	GEVFNATRF
CASSTIGTSGSYEQYF	GEVFNATRF
CAISESGREGSYEQYF	GEVFNATRF
CASSQEPAGGTGELFF	GEVFNATRF
CSARDGDSNQPQHF	GEVFNATRF
CASSLTAGEGQYNEQFF	GEVFNATRF
CASSGGSDSYNEQFF	GEVFNATRF
CASSQEGGTSTDTQYF	GEVFNATRF
CASSYGTGTAHSNEQFF	GEVFNATRF
CASSLGGGDQETQYF	GEVFNATRF
CASSPTDSGANVLTF	GEVFNATRF
CASSQDVGGFQPQHF	GEVFNATRF
CASSQEAGGKALYEQYF	GEVFNATRF
CASSLRDRDPYEQYF	GEVFNATRF
CASSLEAGGFYEQYF	GEVFNATRF
CASSLNQEYYEQYF	GEVFNATRF
CASSLGAGDTDTQYF	GEVFNATRF
CASSSWVAGGPYEQYF	GEVFNATRF
CASSLGQYYEQYF	GEVFNATRF
CASSLSQGRGTDTQYF	GEVFNATRF
CASSQDQAWYEQYF	GEVFNATRF
CASSLGGEQFF	GEVFNATRF
CASRGGTYNEQFF	GEVFNATRF
CASSLGAGDQETQYF	GEVFNATRF
CASSAQAGASSYNEQFF	GEVFNATRF
CASRVGGSTNEKLFF	GEVFNATRF
CASSLGTNNEQFF	GEVFNATRF
CASSYSGRRSGANVLTF	GEVFNATRF
CASSPLAGEPAYNEQFF	GEVFNATRF
CASSQEGGTSADTQYF	GEVFNATRF
CASSPTSGQLSYNEQFF	GEVFNATRF
CASSYSGDYEQYF	GEVFNATRF
CASSPPDRAPKETQYF	GEVFNATRF
CASGTGGTGELFF	GEVFNATRF
CASSPLGALPSSGANVLTF	GEVFNATRF
CASSQTERLPEAFF	GEVFNATRF
CASSLDSGIVNEQFF	GEVFNATRF
CASSQFGRASTGELFF	GEVFNATRF
CASSPGTGGATF	GEVFNATRF
CASSATSGRVDTQYF	GEVFNATRF
CASSPSTGLEQYF	GEVFNATRF
CASSPGGSSFYEQYF	GEVFNATRF
CASSLSHEQFF	GEVFNATRF
CASTPGGGDEQFF	GEVFNATRF
CASSPSTGGISYNEQFF	GEVFNATRF
CASSQSPQGGTEAFF	GEVFNATRF
CASSQDLGSSYNEQFF	GEVFNATRF
CASTYRAGDTQYF	GEVFNATRF
CASSQDVEFYGYTF	GEVFNATRF
CASSLSGGGGPHPTGELFF	GEVFNATRF
CASSTSTSPPSDTQYF	GEVFNATRF
CASSLSTSGPTDTQYF	GEVFNATRF
CASSLESQGATNEKLFF	GEVFNATRF
CASSPSQGPGNTIYF	GEVFNATRF
CASSLGGGDQETQYF	GEVFNATRF
CASSLELAGGSFYEQYF	GEVFNATRF
CASSGGGGGGEQYF	GEVFNATRF
CSVKRFSGGAVSDTQYF	GEVFNATRF
CASSLTTGTGSYNEQFF	GEVFNATRF
CASSTPGQGPSPLHF	GEVFNATRF
CASSYSSSGYNEQFF	GEVFNATRF
CASSQEAGGANTEAFF	GEVFNATRF
CSARDPLPLYNEQFF	GEVFNATRF
CASSLSGTGGADTQYF	GEVFNATRF
CASSQDLGQAYNEQFF	GEVFNATRF
CASSLGTNNEQFF	GEVFNATRF
CASSSNSGQPGSPLHF	GEVFNATRF
CASTLTSGSPHEQFF	GEVFNATRF
CASSYSPSQGTSSYEQYF	GEVFNATRF
CASSPQTGALSYNEQFF	GEVFNATRF
CASSWERERGNEQFF	GEVFNATRF
CASSQETTGFGGYTF	GEVFNATRF
CASRGGDSNQPQHF	GEVFNATRF
CASSPSSGNEQYF	GEVFNATRF
CASSLGVNQPQHF	GEVFNATRF
CASSLGAGTVGETQYF	GEVFNATRF
CASSLEGGSTDTQYF	GEVFNATRF
CASSFGQEYYGYTF	GEVFNATRF
CASSLGKGPNYGYTF	GEVFNATRF
CASSPDTGSPAYNEQFF	GEVFNATRF
CASSFGGAGTDTQYF	GEVFNATRF
CASSVAGGPYNEQFF	GEVFNATRF
CASAVASFHEQYF	GEVFNATRF
CASSQEAGGANTEAFF	GEVFNATRF
CASSLDGGSHEQYF	GEVFNATRF
CASSLGGSNTEAFF	GEVFNATRF
CASSSQTGGRSYNEQFF	GEVFNATRF
CASSLGAGSTGELFF	GEVFNATRF
CASSPGGGNEKLFF	GEVFNATRF
CASSQELSWYEQYF	GEVFNATRF
CANSGSSYNEQFF	GEVFNATRF
CASSPGWADSNYGYTF	GEVFNATRF
