CDR3	AA
CASSEGVAGDPGELFF	FLAFLLFLV
CSADRGQVNEQFF	FLAFLLFLV
CSAAAETSGIPLEQFF	FLAFLLFLV
CSARPSDRLYGYTF	FLAFLLFLV
CAWSGRGFGYEQYF	FLAFLLFLV
CASSPTDPGQGVTGELFF	FLAFLLFLV
CASSGQLYNEQFF	FLAFLLFLV
CASSFLRGWQETQYF	FLAFLLFLV
CASSLGGVTEAFF	FLAFLLFLV
CASTDFLTQGIGQPQHF	FLAFLLFLV
CASSAVMNTEAFF	FLAFLLFLV
CASSPTLAGAGYNEQFF	FLAFLLFLV
CARSPGQGENTGELFF	FLAFLLFLV
CAISESGYEQYF	FLAFLLFLV
CASSQEGGGEYNEQFF	FLAFLLFLV
CASSLGISSGPGELFF	FLAFLLFLV
CASSSFWGTEAFF	FLAFLLFLV
CASSFEPGLANEKLFF	FLAFLLFLV
CSGEDGTDTQYF	FLAFLLFLV
CASSSGTSGTHEQYF	FLAFLLFLV
CASSPPPVQFF	FLAFLLFLV
CSASREGGQETQYF	FLAFLLFLV
CSVPVIQGANEQFF	FLAFLLFLV
CASSQLAGGPNEQFF	FLAFLLFLV
CASSRIQGAVMDTEAFF	FLAFLLFLV
CSASSMNTEAFF	FLAFLLFLV
CASPPEGTGPVLYEQYF	FLAFLLFLV
CASSLGGAEQFF	FLAFLLFLV
CASRGSGTSGIYEQFF	FLAFLLFLV
CASTFPGDIYNEQFF	FLAFLLFLV
CSAPTSGNEQFF	FLAFLLFLV
CSVSDRGYEQYF	FLAFLLFLV
CASSFLSGANVLTF	FLAFLLFLV
CASSSTGNEQFF	FLAFLLFLV
CSVRIGGELFF	FLAFLLFLV
CASSFGETQYF	FLAFLLFLV
CASSPGQGAAEQYF	FLAFLLFLV
CASSDGGQQFF	FLAFLLFLV
CATSRDRTAYEQYF	FLAFLLFLV
CATDRGHVYTF	FLAFLLFLV
CASSWAGDNTEAFF	FLAFLLFLV
CSAMGGVISGANVLTF	FLAFLLFLV
CASGGVNEQFF	FLAFLLFLV
CASSEGLALYTDTQYF	FLAFLLFLV
CASSLSIHRGPVSTDTQYF	FLAFLLFLV
CSARDLHSYEQYF	FLAFLLFLV
CSARGQGDYEQYF	FLAFLLFLV
CSASLAEQGETQYF	FLAFLLFLV
CSARALKQTDTEAFF	FLAFLLFLV
CASTGSYHTEAFF	FLAFLLFLV
CATTNPGQGSEQYF	FLAFLLFLV
CASSSSAGLPETQYF	FLAFLLFLV
CSVFLEKVGNEQFF	FLAFLLFLV
CASSPPPGGSYNEQFF	FLAFLLFLV
CASSYSTGGSSYEQYF	FLAFLLFLV
CASSYSGGSEYF	FLAFLLFLV
CSASLAGSYNEQFF	FLAFLLFLV
CASRGMIPGRTYEQYF	FLAFLLFLV
CSADWEAGGGYNEQFF	FLAFLLFLV
CASSSGTAISDEQFF	FLAFLLFLV
CSASSVNTEAFF	FLAFLLFLV
CASSRDRGPTDTQYF	FLAFLLFLV
CSAGEFNNEQFF	FLAFLLFLV
CASSRLAGRENEQFF	FLAFLLFLV
CSATFETSVGETQYF	FLAFLLFLV
CSATLEKETQYF	FLAFLLFLV
CSARDTANTEAFF	FLAFLLFLV
CATKQESERANEKLFF	FLAFLLFLV
CASGSTGQGAPDEKLFF	FLAFLLFLV
CASSQEADWGGELFF	FLAFLLFLV
CASSLYHPGQVPGYTF	FLAFLLFLV
CSADRRGHEQYF	FLAFLLFLV
CSVGGGYGYTF	FLAFLLFLV
CASSLTETQYF	FLAFLLFLV
CSARNLHSYEQYF	FLAFLLFLV
CASGLQGWDGYTF	FLAFLLFLV
CASSARGAGGELFF	FLAFLLFLV
CASSMTYHSNQPQHF	FLAFLLFLV
CSATAEAGSGEETQYF	FLAFLLFLV
CASSPPLGETSGYTYNEQFF	FLAFLLFLV
CASSYDGLSYEQYF	FLAFLLFLV
CASSEGAARIYEQYF	FLAFLLFLV
CSAIGTAIFQGNTEAFF	FLAFLLFLV
CSASSLADEQYF	FLAFLLFLV
CSARDLGQGAMGANVLTF	FLAFLLFLV
CASRGLAEAHTHYEQFF	FLAFLLFLV
CSVTWEQHYNEQFF	FLAFLLFLV
CASSPLIRQGNTEAFF	FLAFLLFLV
CASSPLAREQFF	FLAFLLFLV
CASGTYGNEQFF	FLAFLLFLV
CASAQSYSYEQYF	FLAFLLFLV
CASSEASGGVDTQYF	FLAFLLFLV
CASSWTGNTIYF	FLAFLLFLV
CSASSEADYNEQFF	FLAFLLFLV
CASSDDSPYGYTF	FLAFLLFLV
CASSYSYEQYF	FLAFLLFLV
CASSPSDQTGLTDTQYF	FLAFLLFLV
CASSPGTTEAFF	FLAFLLFLV
CASSLTGWMGTEAFF	FLAFLLFLV
CSMTVQGAQETQYF	FLAFLLFLV
CASRGLAGPSYEQYF	FLAFLLFLV
CASSRTWGTEAFF	FLAFLLFLV
CASSYQQGAQPQHF	FLAFLLFLV
CASSAQGPGLDEQFF	FLAFLLFLV
CSAISEAGYEQYF	FLAFLLFLV
CASSTPGGGVTEAFF	FLAFLLFLV
CASSQGHTSYEQYF	FLAFLLFLV
CASSYGVNEQFF	FLAFLLFLV
CSADHEGGSYNEQFF	FLAFLLFLV
CASSLTRSGANVLTF	FLAFLLFLV
CASSFAQMNTEAFF	FLAFLLFLV
CARSLEGCEQYF	FLAFLLFLV
CSVEGWGTVNTGELFF	FLAFLLFLV
CSGARESNEQFF	FLAFLLFLV
CASSQDRALVPYEQYF	FLAFLLFLV
CATSSGVYTDTQYF	FLAFLLFLV
CASSYWDRSDSGNTIYF	FLAFLLFLV
CASSSPGTGGYGYTF	FLAFLLFLV
CATSDLGPKTGSLLSYEQYF	FLAFLLFLV
CATSSSRASTDTQYF	FLAFLLFLV
CATSMRTGATNEKLFF	FLAFLLFLV
CSATDRDNEQFF	FLAFLLFLV
CATSMFTEAFF	FLAFLLFLV
CASSLNQGLTEAFF	FLAFLLFLV
CSADSSGRSYNEQFF	FLAFLLFLV
CASRGTGWLANSYEQYF	FLAFLLFLV
CSASRAGGLHFSTDTQYF	FLAFLLFLV
CSATRQGTYEQYF	FLAFLLFLV
CSARGLAGTSYEQYF	FLAFLLFLV
CASSPTTGGAYQETQYF	FLAFLLFLV
CSEAGETETQYF	FLAFLLFLV
CSASETSGRSETQYF	FLAFLLFLV
CASSEVDSGYTF	FLAFLLFLV
CASSAGGGREETQYF	FLAFLLFLV
CASSLLGETQYF	FLAFLLFLV
CASSLEGGTPDGYTF	FLAFLLFLV
CATSTIRGQGYEQYF	FLAFLLFLV
CSASSLAGGRETQYF	FLAFLLFLV
CASSVPSDGAGGYGYTF	FLAFLLFLV
CASSLFAGGRPDTQYF	FLAFLLFLV
CASSVGGFGTQYF	FLAFLLFLV
CASSNVDSSTDTQYF	FLAFLLFLV
CSATYETVIQETQYF	FLAFLLFLV
CASSPHLDRELTLSYEQYF	FLAFLLFLV
CASSYSWTGLYWTNEKLFF	FLAFLLFLV
CSASSFSDEQYF	FLAFLLFLV
CASSHGLAGGWDIQYF	FLAFLLFLV
CASSLGGNTEAFF	FLAFLLFLV
CASSQGGGPTEAFF	FLAFLLFLV
CASSDFNEQFF	FLAFLLFLV
CASSEWDSGSSYNEQFF	FLAFLLFLV
CASRPGLYNEQFF	FLAFLLFLV
CSATTEDETQYF	FLAFLLFLV
CSARGWDSGRSNEQFF	FLAFLLFLV
CASSLIPSSYNEQFF	FLAFLLFLV
CASSLEFFGDYEQYF	FLAFLLFLV
CSARDLAGAGYEQYF	FLAFLLFLV
CSASLGGNEQYF	FLAFLLFLV
CSAPDHLNEQFF	FLAFLLFLV
CASSLDLRTGNTEAFF	FLAFLLFLV
CAWSVPPVRMNYGYTF	FLAFLLFLV
CASSLGGGYTF	FLAFLLFLV
CSASQGVEETQYF	FLAFLLFLV
CASSFFYNEQFF	FLAFLLFLV
CAPRGNYGYTF	FLAFLLFLV
CASSFGQGFEQYF	FLAFLLFLV
CASSQGGVEQYF	FLAFLLFLV
CASSIDPSANEQFF	FLAFLLFLV
CASSPRGQPQHF	FLAFLLFLV
CASSATGTGGDTQYF	FLAFLLFLV
CASSLPGQGLEQYF	FLAFLLFLV
CASSLGQGGTEAFF	FLAFLLFLV
CSASQYDNEQFF	FLAFLLFLV
CASSQGVYGYTF	FLAFLLFLV
CASSPPTYGGEETQYF	FLAFLLFLV
CAVGGGYTF	FLAFLLFLV
CASSPGAYEQYF	FLAFLLFLV
CASSGDWNTEAFF	FLAFLLFLV
CASSLFLPGQFTGELFF	FLAFLLFLV
CASSSTSGGGTDTQYF	FLAFLLFLV
CATSRNIQETQYF	FLAFLLFLV
CASSEENSGNYEQYF	FLAFLLFLV
CASSIVGGREETQYF	FLAFLLFLV
CACHPRLAVSYNEQFF	FLAFLLFLV
CASSYSSGGPSYNSPLHF	FLAFLLFLV
CSATTEQETQYF	FLAFLLFLV
CASSPNYGYTF	FLAFLLFLV
CATSRPGLSPLHF	FLAFLLFLV
CASSWTSVPDTQYF	FLAFLLFLV
CSASTGGVGETQYF	FLAFLLFLV
CASSQDLANRFF	FLAFLLFLV
CSADRQAQETQYF	FLAFLLFLV
CSARDLGDAYEQYF	FLAFLLFLV
CASSPLLAGRSDTQYF	FLAFLLFLV
CSATSGVYNEQFF	FLAFLLFLV
CASFRPSEGNEQFF	FLAFLLFLV
CASRGTGGGSRLFYGYTF	FLAFLLFLV
CASAGLAYEQYF	FLAFLLFLV
CSADGLAGGETQYF	FLAFLLFLV
CSGTPNTGELFF	FLAFLLFLV
CASRGLAGGDYEQYF	FLAFLLFLV
CASSTPNPYNEQFF	FLAFLLFLV
CASSTNREEGHGYTF	FLAFLLFLV
CASHAIGDGYTF	FLAFLLFLV
CSASTGSGSTDTQYF	FLAFLLFLV
CASSLEWQVVRYF	FLAFLLFLV
CATSDFISGGAGNEQFF	FLAFLLFLV
CACGPGFFSYEQYF	FLAFLLFLV
CASRQNNADRVTNEKLFF	FLAFLLFLV
CASSLWLAGVDEQFF	FLAFLLFLV
CSASGRDRESNEQYF	FLAFLLFLV
CASSSTWDRGHPNYGYTF	FLAFLLFLV
CAWSPPTGWPTGELFF	FLAFLLFLV
CSAQLEERGGNEQFF	FLAFLLFLV
CASSQLAGGYNEQFF	FLAFLLFLV
CASSSNSVEQFF	FLAFLLFLV
CASSFVGGNTGELFF	FLAFLLFLV
CASSSLAGGTNEQFF	FLAFLLFLV
CSLSWGGLPDTQYF	FLAFLLFLV
CASSPMPGSVNTEAFF	FLAFLLFLV
CSAGGAEQFF	FLAFLLFLV
CSGDGTSGSEQYF	FLAFLLFLV
CASSQGPTPTSYEQYF	FLAFLLFLV
CARGKTYEQYF	FLAFLLFLV
CASSLGDTQYF	FLAFLLFLV
CASSRATGAFF	FLAFLLFLV
CASSQDAGNTGELFF	FLAFLLFLV
CASSLTAYNQPQHF	FLAFLLFLV
CASSYTQGATITDTQYF	FLAFLLFLV
CASSLTISTGVLDEQYF	FLAFLLFLV
CASSQATVRTTDTQYF	FLAFLLFLV
CATSSRTDSYEQYF	FLAFLLFLV
CASSAYGTVGQETQYF	FLAFLLFLV
CASSLGSQPWAGEETQYF	FLAFLLFLV
CSGGGQGETQYF	FLAFLLFLV
CASSQGLVSYNEQFF	FLAFLLFLV
CASRPGLAGDNPSYEQYF	FLAFLLFLV
CSARDMRGHEQYF	FLAFLLFLV
CSAQTSGSGNEQFF	FLAFLLFLV
CASSPHNQPQHF	FLAFLLFLV
CSADAERSGVRNEQFF	FLAFLLFLV
CASSITGGGSGYTF	FLAFLLFLV
CATSSPLREATSTDTQYF	FLAFLLFLV
CASSFEDSLALDF	FLAFLLFLV
CASSHILAGLYNEQFF	FLAFLLFLV
CASDGGGGANVLTF	FLAFLLFLV
CASSTEGPTYEQYF	FLAFLLFLV
CSAAKGTPTTEAFF	FLAFLLFLV
CASSLGANYGYTF	FLAFLLFLV
CASSLAVTGTAYNEQFF	FLAFLLFLV
CSVIPLAEAFF	FLAFLLFLV
CASAGGGNSYEQYF	FLAFLLFLV
CSAAHAPEETQYF	FLAFLLFLV
CASSQDPGLVWEQYF	FLAFLLFLV
CASSTDYPYNEQFF	FLAFLLFLV
CASRAPKGQPYEQYF	FLAFLLFLV
CSPMGLDSYGNEQFF	FLAFLLFLV
CSARGLAGGSYEQYF	FLAFLLFLV
CASSQGVPGGNEQFF	FLAFLLFLV
CASSPRSTGALTDTQYF	FLAFLLFLV
CASSDPGLGETQYF	FLAFLLFLV
CASRGWRVGEKANTGELFF	FLAFLLFLV
CSGSPPGRGFNEQFF	FLAFLLFLV
CSARDPPTSGYEQYF	FLAFLLFLV
CASRGPGQGSYEQYF	FLAFLLFLV
CASSLGLRGGHTGELFF	FLAFLLFLV
CASSASFPYDLDEQFF	FLAFLLFLV
CAISEPESNTGELFF	FLAFLLFLV
CASSFTGLHTYNEQFF	FLAFLLFLV
CASSQDEGINEQYF	FLAFLLFLV
CASSPGQTAYEQYF	FLAFLLFLV
CSANSPGGGADTQYF	FLAFLLFLV
CSARGGVGPEAFF	FLAFLLFLV
CASGTSGYEQYF	FLAFLLFLV
CASRLGGGANVLTF	FLAFLLFLV
CASSPLPGASEAFF	FLAFLLFLV
CSVQTGRTNYGYTF	FLAFLLFLV
CASRTGEEDYGYTF	FLAFLLFLV
CASAMGVHQPQHF	FLAFLLFLV
CSATAESSYNEQFF	FLAFLLFLV
CASSLGHHQSYNSPLHF	FLAFLLFLV
CASSSGHDTAGELFF	FLAFLLFLV
CASSQWAGTEAFF	FLAFLLFLV
CSARARAGVYEQYF	FLAFLLFLV
CASSALPGLAYEQYF	FLAFLLFLV
CSAGLEGDEQFF	FLAFLLFLV
CASSEEPLGNEQFF	FLAFLLFLV
CASSQGGGPKDTQYF	FLAFLLFLV
CASSEARGTVYEQYF	FLAFLLFLV
CASSLPGTGDYEQYF	FLAFLLFLV
CSGGQGRYEQYF	FLAFLLFLV
CATSDHRTDAADTQYF	FLAFLLFLV
CASSYGRGSYNEQFF	FLAFLLFLV
CASRVGGGNYNEQFF	FLAFLLFLV
CASRGAVAGGYEQYF	FLAFLLFLV
CSASVEISYNEQFF	FLAFLLFLV
CASSQALFDTQYF	FLAFLLFLV
CSVEVVTPRGNEQFF	FLAFLLFLV
CASTEGRVGIQETQYF	FLAFLLFLV
CASSLTLNTEAFF	FLAFLLFLV
CSGTWLTTEAFF	FLAFLLFLV
CSASGFGNEQFF	FLAFLLFLV
CASSFSLGRLAWEDEQFF	FLAFLLFLV
CSARDKRDYTRSPQETQYF	FLAFLLFLV
CASSLAPVGVSYNEQFF	FLAFLLFLV
CASSPLVVVDEQFF	FLAFLLFLV
CSASGEISSYNEQFF	FLAFLLFLV
CASWGVGGYTF	FLAFLLFLV
CASSLAGGDAGLKNIQYF	FLAFLLFLV
CASSRLAGVLETQYF	FLAFLLFLV
CSGDRETQFYNSPLHF	FLAFLLFLV
CSANREGLDTQYF	FLAFLLFLV
CASSLWGGDDEQFF	FLAFLLFLV
CASSFPRQATTNEKLFF	FLAFLLFLV
CASSLAPERTNEKLFF	FLAFLLFLV
CASSIDSRTGLAYQETQYF	FLAFLLFLV
CATTLAGGGTDTQYF	FLAFLLFLV
CASSRGGNEQFF	FLAFLLFLV
CSAYLGLPFNNEQFF	FLAFLLFLV
CSVTRQGASTGELFF	FLAFLLFLV
CSASSGSTDTQYF	FLAFLLFLV
CSASAGALEQYF	FLAFLLFLV
CASRGWMGGSVEQFF	FLAFLLFLV
CASSSPSRDYGYTF	FLAFLLFLV
CSASWAHNQETQYF	FLAFLLFLV
CASGTEAFF	FLAFLLFLV
CASSYLASGTDTQYF	FLAFLLFLV
CASSSGLAGVETQYF	FLAFLLFLV
CSAREATYEQYF	FLAFLLFLV
CASSYTGTDYGYTF	FLAFLLFLV
CASSPTGADTQYF	FLAFLLFLV
CASSEAGIFNTGELFF	FLAFLLFLV
CASSYSRQAPTYEQYF	FLAFLLFLV
CASSQDGQIWEQFF	FLAFLLFLV
CASSQAGTGNYYGYTF	FLAFLLFLV
CSVGLASTYEQYF	FLAFLLFLV
RAAGRTNTGELFF	FLAFLLFLV
CASSDRNSYEQYF	FLAFLLFLV
CSAFDGLYGYTF	FLAFLLFLV
CASSLGTWAGANTGELFF	FLAFLLFLV
CSATRRAGATYNEQFF	FLAFLLFLV
CASSSNGQGLNTEAFF	FLAFLLFLV
CASSQGTTGSEQYF	FLAFLLFLV
CSVEDRLFGREQYF	FLAFLLFLV
CSAPERTGIAYEQYF	FLAFLLFLV
CASSPAPMIEQYF	FLAFLLFLV
CASTLGPQRISYNEQFF	FLAFLLFLV
CASSSLREASETPPGPGGNEQFF	FLAFLLFLV
CASSTLDGELFF	FLAFLLFLV
CSASSESSYNEQFF	FLAFLLFLV
CSASLESETQYF	FLAFLLFLV
CSASPPDRFYEQYF	FLAFLLFLV
CSASKEQNQETQYF	FLAFLLFLV
CSASEESAYNEQFF	FLAFLLFLV
CSAREARTYEQYF	FLAFLLFLV
CASSLTSGSYEQYF	FLAFLLFLV
CASSVDSYNEQFF	FLAFLLFLV
CSVATGVSGNTIYF	FLAFLLFLV
CASSESGTAYQETQYF	FLAFLLFLV
CASSTGPAGANQPQHF	FLAFLLFLV
CASSLELDEQYF	FLAFLLFLV
CASRGPGKDRKSYEQYF	FLAFLLFLV
CSAAGTSAYNEQFF	FLAFLLFLV
CASSFGSPTANVLTF	FLAFLLFLV
CSAQTESSYNEQFF	FLAFLLFLV
CASSGMEVHTEAFF	FLAFLLFLV
CASSLTGTGYNSPLHF	FLAFLLFLV
CASSFGGGSYEQYF	FLAFLLFLV
CATSDFGTDGYTF	FLAFLLFLV
CASSLGVGQEQYF	FLAFLLFLV
CSAGGLEETQYF	FLAFLLFLV
CASKETSGGELFF	FLAFLLFLV
CSAAPCYTF	FLAFLLFLV
CASRGLAEDQGVYEQYF	FLAFLLFLV
CSASDIGETQYF	FLAFLLFLV
CASTPGPGRSTIYF	FLAFLLFLV
CASSLEMPRPGEQYF	FLAFLLFLV
CASSLDYSYGYTF	FLAFLLFLV
CASSRDLAKNIQYF	FLAFLLFLV
CASREPGTGGDEQFF	FLAFLLFLV
CASSHLAGGRNEQFF	FLAFLLFLV
CASTGGRQYEQYF	FLAFLLFLV
CSVAGVTGELFF	FLAFLLFLV
CASYAGTGVYEQYF	FLAFLLFLV
CSVVARVGHTGELFF	FLAFLLFLV
CASSQDRGRDEAFF	FLAFLLFLV
CASSGPGQSLEDTIYF	FLAFLLFLV
CASSSPGAYQETQYF	FLAFLLFLV
CASRGEGYGTYGYTF	FLAFLLFLV
CASSPYSGNWDEQYF	FLAFLLFLV
CASSVSLSGANVLTF	FLAFLLFLV
CSARDAVAGDNEQFF	FLAFLLFLV
CASSFPGGEQYF	FLAFLLFLV
CASSPSTLLMNTEAFF	FLAFLLFLV
CASSGFFNGNTEAFF	FLAFLLFLV
CASSVGTGGGYEQYF	FLAFLLFLV
CSARGMDLTSGSYEQYF	FLAFLLFLV
CASSLLRVSGTEAFF	FLAFLLFLV
CSASFESTRITETQYF	FLAFLLFLV
CSASSRSFYEQYF	FLAFLLFLV
CASSQIPADTQYF	FLAFLLFLV
CASSEALLRDTF	FLAFLLFLV
CASSQEQVTGELFF	FLAFLLFLV
CASSPRTGWDEQFF	FLAFLLFLV
CASSENGGTEAFF	FLAFLLFLV
CASSPGQGLSGYTF	FLAFLLFLV
CASSLFVQEISYEQYF	FLAFLLFLV
CSGLGQGSSGGELFF	FLAFLLFLV
CASSKADKLAGASYEQYF	FLAFLLFLV
CSARDLTSGANEQFF	FLAFLLFLV
CASSNTSGKVYEQYF	FLAFLLFLV
CASSLAVATNEKLFF	FLAFLLFLV
CASSLTNGNTGELFF	FLAFLLFLV
CASSDRARGTGELFF	FLAFLLFLV
CASRRVNNEQFF	FLAFLLFLV
CSARALAGGRESYEQYF	FLAFLLFLV
CASSYWRGDTQYF	FLAFLLFLV
CASSEGMGGLTDTQYF	FLAFLLFLV
CASSFVENTEAFF	FLAFLLFLV
CASSIGQLQPQHF	FLAFLLFLV
CASMAGEGTGELFF	FLAFLLFLV
CASSADNTVNNYNEQFF	FLAFLLFLV
CASRGLAGESGTYEQYF	FLAFLLFLV
CASSLGLAEQFF	FLAFLLFLV
CASSQGVGGAYNEQFF	FLAFLLFLV
CSADTSGRAYEQYF	FLAFLLFLV
CASSQEKTGQETQYF	FLAFLLFLV
CSASGRGPGETQYF	FLAFLLFLV
CASSGLAGVDTEETQYF	FLAFLLFLV
CASSHYQGDYYGYTF	FLAFLLFLV
CASSLGESSGASTDTQYF	FLAFLLFLV
CSARVLEAGGQNTGELFF	FLAFLLFLV
CASSLTGVGPEAFF	FLAFLLFLV
CSAEREGTYNEQFF	FLAFLLFLV
CSASGGTDTQYF	FLAFLLFLV
CATSAGGEPQHF	FLAFLLFLV
CSAGGQGAQQPQHF	FLAFLLFLV
CSADRDSRGETQYF	FLAFLLFLV
CASSPWGLGETQYF	FLAFLLFLV
CASSIRSDIHTDTQYF	FLAFLLFLV
CASSYSPYESGSSSYEQYF	FLAFLLFLV
CASSDRNYGYTF	FLAFLLFLV
CASSAESGQRNSPLHF	FLAFLLFLV
CSAGLEGDEQFF	FLAFLLFLV
CSAGLAGGEQFF	FLAFLLFLV
CSATGTSWEQYF	FLAFLLFLV
CASSRPEKNNEQFF	FLAFLLFLV
CASSQENPSGGKETQYF	FLAFLLFLV
CASSPPGAGAGNQPQHF	FLAFLLFLV
CASSLGHSVSTIYF	FLAFLLFLV
CSASDESSYNEQFF	FLAFLLFLV
CATCSSGEGSDTQYF	FLAFLLFLV
CASSGVRDGLQTQYF	FLAFLLFLV
CAIKGLYYNEQFF	FLAFLLFLV
CASSLFGHLVNTEAFF	FLAFLLFLV
CASSQGQGGYEQYF	FLAFLLFLV
CSASPRDSEETQYF	FLAFLLFLV
CASSGNRGLWEQYF	FLAFLLFLV
CASSLDELIYGYTF	FLAFLLFLV
CSARGLQSSYEQYF	FLAFLLFLV
CSATDRVDISTEAFF	FLAFLLFLV
CASSIDVWGNEQYF	FLAFLLFLV
CASSRDRGYEQYF	FLAFLLFLV
CASSLTPRGGAAQGYTF	FLAFLLFLV
CASSQGGQGDIGTDTQYF	FLAFLLFLV
CASSQLAGGHNEQFF	FLAFLLFLV
CASRAGLLNYGYTF	FLAFLLFLV
CSASSGSSYNEQFF	FLAFLLFLV
CASSQGLAGGVEQYF	FLAFLLFLV
CASSLVEGGYNEQFF	FLAFLLFLV
CSAASTSGGKTQYF	FLAFLLFLV
CASIPQGRLNTEAFF	FLAFLLFLV
CSAEREGNYNEQFF	FLAFLLFLV
CASSSTNTGELFF	FLAFLLFLV
CAGRGTEKYEQYF	FLAFLLFLV
CASSQDLIGQYF	FLAFLLFLV
CASSLAARVQETQYF	FLAFLLFLV
CASSFLAGGPSNEQFF	FLAFLLFLV
CASSLGVDPPRETQYF	FLAFLLFLV
CASSQQTQVAYGYTF	FLAFLLFLV
CSALGFQEIGTEAFF	FLAFLLFLV
CASRGLGEGGSSYEQYF	FLAFLLFLV
CASRSAGGRRFGNRNEQFF	FLAFLLFLV
CSVQELDRVVGEQYF	FLAFLLFLV
CASSFDPNYGYTF	FLAFLLFLV
CASTAGQRSGQRGNQPQHF	FLAFLLFLV
CASSYLPPGNSYNEQFF	FLAFLLFLV
CASSPLQGNQPQHF	FLAFLLFLV
CASSQDLAGGFYGYTF	FLAFLLFLV
CSAPTSGRLYNEQFF	FLAFLLFLV
CASSQDGAGESPYEQYF	FLAFLLFLV
CASSEETGLAGVDEQFF	FLAFLLFLV
CSAWSLSGNTGELFF	FLAFLLFLV
CSARGVWDSYEQYF	FLAFLLFLV
CASSQGAGYYEQYF	FLAFLLFLV
CSEADSYNEQFF	FLAFLLFLV
CASSHLVGADTGELFF	FLAFLLFLV
CSAPNPIPPYYGYTF	FLAFLLFLV
CASSYDRGYEQYF	FLAFLLFLV
CASREYKEDGYEQYF	FLAFLLFLV
CASSQALGETQYF	FLAFLLFLV
CSVVGQGGTNIQYF	FLAFLLFLV
CASSLLFTIGQGYTF	FLAFLLFLV
CASSILAGDNEQFF	FLAFLLFLV
CATRLGPYYEQYF	FLAFLLFLV
CASRPTLGDYGYTF	FLAFLLFLV
CASSWGLAGNPGELFF	FLAFLLFLV
CASSPEDMNTEAFF	FLAFLLFLV
CASSLEAGSYNEQFF	FLAFLLFLV
CASSLSGIYYEQYF	FLAFLLFLV
CASSGQNSYEQYF	FLAFLLFLV
CASSIGAGGPVEQFF	FLAFLLFLV
CASSEPRAANYGYTF	FLAFLLFLV
CASSESRQLTGETQYF	FLAFLLFLV
CASSRGGEGYTF	FLAFLLFLV
CASSLGQGDEQYF	FLAFLLFLV
CSARLAGSNTGELFF	FLAFLLFLV
CSAVGAGANVLTF	FLAFLLFLV
CASSGVNGYTF	FLAFLLFLV
CSAGTSRTDTQYF	FLAFLLFLV
CASSLSGTDSYEQYF	FLAFLLFLV
CASSLSLNTEAFF	FLAFLLFLV
CSASGWEGGSYEQYF	FLAFLLFLV
CASSQDWAGGTTGELFF	FLAFLLFLV
CASSSLGGDEQYF	FLAFLLFLV
CSASKRDSYNEQFF	FLAFLLFLV
CASGLVDVAGGINEQFF	FLAFLLFLV
CASSLVPKSTRREWTEAFF	FLAFLLFLV
CSAPDRPAMNTEAFF	FLAFLLFLV
CSADPPTGTDGNTIYF	FLAFLLFLV
CASSGVGTGRINEQFF	FLAFLLFLV
CASSSPREKAEQYF	FLAFLLFLV
CASDPGGYEQYF	FLAFLLFLV
CSADTSGNAYEQYF	FLAFLLFLV
CSAPVPSPYQETQYF	FLAFLLFLV
CASRLLAGGLPRGDPYEQYF	FLAFLLFLV
CATNAGDYGYTF	FLAFLLFLV
CASSPGGGGGTDTQYF	FLAFLLFLV
CASISWGNTEAFF	FLAFLLFLV
CASSAPGLGGTATYF	FLAFLLFLV
CASSSMDLRFSTDTQYF	FLAFLLFLV
CSARGLLDSYEQYF	FLAFLLFLV
CASSRVGALDEQFF	FLAFLLFLV
CSARDPSGVWTYEQYF	FLAFLLFLV
CASSNRDRNNEQFF	FLAFLLFLV
CSAGTEQETQYF	FLAFLLFLV
CSAPEATGYNQPQHF	FLAFLLFLV
CSAGDSQETQYF	FLAFLLFLV
CASSPPPQGDTEAFF	FLAFLLFLV
CASTDLSSYEQYF	FLAFLLFLV
CASSGARLAGVVEQFF	FLAFLLFLV
CASRGASGGSGSYEQYF	FLAFLLFLV
CSASAAGQVQETQYF	FLAFLLFLV
CASTSEGGWSYNEQFF	FLAFLLFLV
CASSEGSGGPLEQYF	FLAFLLFLV
CSVAAEGETQYF	FLAFLLFLV
CASSQEELRGGGDTQYF	FLAFLLFLV
CASSPQSARGTGELFF	FLAFLLFLV
CASSASIAGDQETQYF	FLAFLLFLV
CATKGGGTYEQYF	FLAFLLFLV
CASSPQGSEQFF	FLAFLLFLV
CASSFRRGYNGNQPQHF	FLAFLLFLV
CSVEYSYEQYF	FLAFLLFLV
CADPLGREDTEAFF	FLAFLLFLV
CASRLAGSNSEQYF	FLAFLLFLV
CAISEDLEVYGYTF	FLAFLLFLV
CASSDSPTRFGTDTQYF	FLAFLLFLV
CASSLYTSGSGETQYF	FLAFLLFLV
CSATHESSYNEQFF	FLAFLLFLV
CASGSGGTDTQYF	FLAFLLFLV
CASSDPGQTSTDTQYF	FLAFLLFLV
CSASMEARYNEQFF	FLAFLLFLV
CSAEIRDRAVNEQFF	FLAFLLFLV
CASSVITSGEISNTGELFF	FLAFLLFLV
CSASQGLEQFF	FLAFLLFLV
CASSPTGGSYNEQFF	FLAFLLFLV
CSASPGGSSYNEQFF	FLAFLLFLV
CASSSGSGANVLTF	FLAFLLFLV
CASSPFGAGIGYNEQFF	FLAFLLFLV
CATSDPGQRDQPQHF	FLAFLLFLV
CASSTLAGTGELFF	FLAFLLFLV
CSARFGTGINEQFF	FLAFLLFLV
CASSYDRHALSYEQYF	FLAFLLFLV
CASSQAGPTIYEQYF	FLAFLLFLV
CSADKTSGIPYNEQFF	FLAFLLFLV
CASSLVRQGEYTQYF	FLAFLLFLV
CASSSNGRVWSYNEQFF	FLAFLLFLV
CASSYSNSYLAINEQYF	FLAFLLFLV
CSAQNVGVEQYF	FLAFLLFLV
CASSLVTGTSTDTQYF	FLAFLLFLV
CASSPGHFSEQYF	FLAFLLFLV
CASSLNRVYEQYF	FLAFLLFLV
CASSPARQGWNTEAFF	FLAFLLFLV
CASSLYRGNLFDEQFF	FLAFLLFLV
CSAQGDSSYNEQFF	FLAFLLFLV
CASSFGQIYGYTF	FLAFLLFLV
CASSSNLNEQFF	FLAFLLFLV
CATSDFQGNQPQHF	FLAFLLFLV
CSAREFKEGDNEQFF	FLAFLLFLV
CASSSIRLAGNYNEQFF	FLAFLLFLV
CSANPQLAGSGEQYF	FLAFLLFLV
CAWRGDRTYEQYF	FLAFLLFLV
CSAATGGETQYF	FLAFLLFLV
CSVREETQYF	FLAFLLFLV
CSVETRDVGDAGNTIYF	FLAFLLFLV
CASSDGTNYGYTF	FLAFLLFLV
CSARDLQHYEQYF	FLAFLLFLV
CASSKYGPPDTQYF	FLAFLLFLV
CASSATSGANVLTF	FLAFLLFLV
CSAGTTGNEQFF	FLAFLLFLV
CAGGQWNQPQHF	FLAFLLFLV
CSASSISYEQYF	FLAFLLFLV
CASSPVLSGSTHEQFF	FLAFLLFLV
CASFDRGQGARETQYF	FLAFLLFLV
CASSLDTDNSNQPQHF	FLAFLLFLV
CASSPTGTEAFF	FLAFLLFLV
CASSYSGGEQFF	FLAFLLFLV
CASSAPGANYGYTF	FLAFLLFLV
CASSFGTDTQYF	FLAFLLFLV
CASSPGAAAEAFF	FLAFLLFLV
CSAPWGTGGTEAFF	FLAFLLFLV
CSASLESSYNEQFF	FLAFLLFLV
CASSFQGAEKLFF	FLAFLLFLV
CASSLLEVLQETQYF	FLAFLLFLV
CASSYTRSGNTIYF	FLAFLLFLV
CASSLDRGITYEQYF	FLAFLLFLV
CASSREWYEQYF	FLAFLLFLV
CASSLPGQGYNEQFF	FLAFLLFLV
CALSSYNEQFF	FLAFLLFLV
CASRLSGQGVTGELFF	FLAFLLFLV
CSARGQSYEQYF	FLAFLLFLV
CASSLGTSAASSYEQYF	FLAFLLFLV
CASSPPPGRPRYEQYF	FLAFLLFLV
CASSPPAGAANTGELFF	FLAFLLFLV
CASSLDRGLNSPLHF	FLAFLLFLV
CASLGLAGGQDKNTGELFF	FLAFLLFLV
CSAADTAYEQYF	FLAFLLFLV
CSANDEGGPHEQFF	FLAFLLFLV
CASSQDSRGGSTDTQYF	FLAFLLFLV
CASSYGGGSYEQYF	FLAFLLFLV
CASSQETGANQPQHF	FLAFLLFLV
CASSLARTKGGEETQYF	FLAFLLFLV
CSVHTRGRDNEQFF	FLAFLLFLV
CASSKSGANVLTF	FLAFLLFLV
CASSLGRDSYGYTF	FLAFLLFLV
CASRGLAGGLSSYEQYF	FLAFLLFLV
CSASLDQGGETQYF	FLAFLLFLV
CATSDLMTGWNTGELFF	FLAFLLFLV
CASSPIAGELFF	FLAFLLFLV
CASSPIAGGYEQYF	FLAFLLFLV
CATSDVGELFF	FLAFLLFLV
CASSLAQVYNSPLHF	FLAFLLFLV
CSATPSSEVYGYTF	FLAFLLFLV
CASHDRARTYEQYF	FLAFLLFLV
CASSLTGTDTGELFF	FLAFLLFLV
CATSREGQPQHF	FLAFLLFLV
CATSRGRGTTGELFF	FLAFLLFLV
CASSKDPRTEAFF	FLAFLLFLV
CASSYVHPFF	FLAFLLFLV
CASSSGTGVNEQFF	FLAFLLFLV
CASSNGLAGFQETQYF	FLAFLLFLV
CASSLGTATGNQPQHF	FLAFLLFLV
CASSNPLGGPLNQPQHF	FLAFLLFLV
CASSFGTDYGYTF	FLAFLLFLV
CASSQEPGSSYEQYF	FLAFLLFLV
CASRSFSGGIYYEQFF	FLAFLLFLV
CASSYLQGFDEQYF	FLAFLLFLV
CASSLSPGGPVEQFF	FLAFLLFLV
CSARAYVEEGRIYEQYF	FLAFLLFLV
CASSLSMQDGSYEQYF	FLAFLLFLV
CSANRVTDEQFF	FLAFLLFLV
CASSPRDHPQPQHF	FLAFLLFLV
CATRGPDRSSYEQYF	FLAFLLFLV
CASSLSEGASYYGYTF	FLAFLLFLV
CSASTVEHTEAFF	FLAFLLFLV
CASSPIEAAGDEQFF	FLAFLLFLV
CASSQDVDQPQHF	FLAFLLFLV
CASSYPEGGHNEQFF	FLAFLLFLV
CASSKAPEQYF	FLAFLLFLV
CASTTRGGGTDTQYF	FLAFLLFLV
CASSYSPARNTEAFF	FLAFLLFLV
CSASQGSLNHF	FLAFLLFLV
CASSQSGLAGGTDTQYF	FLAFLLFLV
CASSFRRDSNEKLFF	FLAFLLFLV
CSARDLAASYEQYF	FLAFLLFLV
CASRLTGTSSLGDLYEQYF	FLAFLLFLV
CASSTGQGSWGYTF	FLAFLLFLV
CASSLGGWNEKLFF	FLAFLLFLV
CASSYYPGQDYEQYF	FLAFLLFLV
CASSYGRGGTDTQYF	FLAFLLFLV
CASSPGTETGELFF	FLAFLLFLV
CASSPSGDTQYF	FLAFLLFLV
CSAPAGPLYEQYF	FLAFLLFLV
CSADGTGTYEQYF	FLAFLLFLV
CSANGEGESSYNEQFF	FLAFLLFLV
CASSLGVVYQPQHF	FLAFLLFLV
CASSPADLAGGHSGELFF	FLAFLLFLV
CSANSDSSGGYEQYF	FLAFLLFLV
CSVEVPSGYNEQFF	FLAFLLFLV
CASSLGQGYEQYF	FLAFLLFLV
CSAKGEDRGYEQFF	FLAFLLFLV
CAVGLYEQYF	FLAFLLFLV
CASSNRSGTDTQYF	FLAFLLFLV
CASSLQAPHEQYF	FLAFLLFLV
CASSLLDGDTQYF	FLAFLLFLV
CSVLREGSGLDF	FLAFLLFLV
CASSQTGGERHGYTF	FLAFLLFLV
CASSIGGGGSYNEQFF	FLAFLLFLV
CASSKWDRSEYGYTF	FLAFLLFLV
CASSRPLQGAGANVLTF	FLAFLLFLV
CASSLQGTGLANEKLFF	FLAFLLFLV
CATSRWTVAGDSTGELFF	FLAFLLFLV
CASSLGDAGGPTDTQYF	FLAFLLFLV
CSASPGALANYGYTF	FLAFLLFLV
CSARDYQGYEQYF	FLAFLLFLV
CASSQGARTPGWETQYF	FLAFLLFLV
CASSVQEYYEQYF	FLAFLLFLV
CASSPSSSGRENEQFF	FLAFLLFLV
CASSLLAGGHNEQFF	FLAFLLFLV
CSVDYGAGYTF	FLAFLLFLV
CASSLWASNTGELFF	FLAFLLFLV
CSARGPREGRHEQYF	FLAFLLFLV
CASSLAVGHTEAFF	FLAFLLFLV
CSVGGETDTQYF	FLAFLLFLV
CATSDLRTGWGTGELFF	FLAFLLFLV
CASSVGLAANYEQYF	FLAFLLFLV
CASKGLAGSYEQYF	FLAFLLFLV
CASSYSTGNEQYF	FLAFLLFLV
CASSQASTGELFF	FLAFLLFLV
CAIEGAGSNQPQHF	FLAFLLFLV
CASRTDYWSYEQYF	FLAFLLFLV
CASSLAQSAQQYF	FLAFLLFLV
CSASCVGGGDVETQYF	FLAFLLFLV
CSATRYSSRSSYNEQFF	FLAFLLFLV
CASSLGGLYEQYF	FLAFLLFLV
CASSVGETGASTDTQYF	FLAFLLFLV
CSAASSGYEQYF	FLAFLLFLV
CAISDLLGTYEQYF	FLAFLLFLV
CASSQESRQEQYF	FLAFLLFLV
CAISRKLTDTQYF	FLAFLLFLV
CASSEVGTDTQYF	FLAFLLFLV
CSASFQAGHNEQFF	FLAFLLFLV
CASRGQTNFGSYEQYF	FLAFLLFLV
CASSLWDNWEQYF	FLAFLLFLV
CASSYWSSKGQTRAFF	FLAFLLFLV
CASSPGTIVAQFF	FLAFLLFLV
CASSFGVGGTGDSPLHF	FLAFLLFLV
CASSDSSPSGDINEQFF	FLAFLLFLV
CAGVLRTYNEQFF	FLAFLLFLV
CAISDLGSNEQFF	FLAFLLFLV
CASSQGLGLAGVETQYF	FLAFLLFLV
CASSFVTGDPDTQYF	FLAFLLFLV
CASSLGQGDWMNTEAFF	FLAFLLFLV
CASSFSGTSGVGEQFF	FLAFLLFLV
CASSEIWTGDGYTF	FLAFLLFLV
CASSLFSSGLGETQYF	FLAFLLFLV
CSADSEIQETQYF	FLAFLLFLV
CASSEVGVGTDTQYF	FLAFLLFLV
CASSQFPGGDTEAFF	FLAFLLFLV
CASSYNLGLEENYEQYF	FLAFLLFLV
CSASHRQDLEAFF	FLAFLLFLV
CASSSYYPGELFF	FLAFLLFLV
CASSPPGLAGVSDTQYF	FLAFLLFLV
CASSLAGDLGQGTYSGANVLTF	FLAFLLFLV
CSASKRDSDNEQFF	FLAFLLFLV
CATILMTVSSYNEQFF	FLAFLLFLV
CASSGQGVADGYTF	FLAFLLFLV
CSIFGAGVSYEQYF	FLAFLLFLV
CASSLSQYITEAFF	FLAFLLFLV
CSASRGGNQPQHF	FLAFLLFLV
CASSSGQGGNEKLFF	FLAFLLFLV
CSVVTEKGNEQFF	FLAFLLFLV
CASSLPSYEQYF	FLAFLLFLV
CASSLAGGAYEQYF	FLAFLLFLV
CASSQVGGTEAFF	FLAFLLFLV
CASSARGGGQPQHF	FLAFLLFLV
CAWSATGELFF	FLAFLLFLV
CSASDRGNEQFF	FLAFLLFLV
CASSLSHSNQPQHF	FLAFLLFLV
CATSRDFVGANTEAFF	FLAFLLFLV
CSASIGSTEAFF	FLAFLLFLV
CSARDLVDTEAFF	FLAFLLFLV
CASSNLGRGDEQFF	FLAFLLFLV
CSASPGLAPDTQYF	FLAFLLFLV
CASGGDWGSYNEQFF	FLAFLLFLV
CASSQDPRAYGYNEQFF	FLAFLLFLV
CSARAGLAGDNEQFF	FLAFLLFLV
CASSSDRAGEAFF	FLAFLLFLV
CASSLISGGAGGTDTQYF	FLAFLLFLV
CASSGGLAEDTDTQYF	FLAFLLFLV
CSADPTGKRASYNEQFF	FLAFLLFLV
CATSDLQQTSSYEQYF	FLAFLLFLV
CASSQLAGGYNEQFF	FLAFLLFLV
CASSLFSGGLNYYEQYF	FLAFLLFLV
CASSLEAYEQYF	FLAFLLFLV
CSVLHQGDYGYTF	FLAFLLFLV
CSASDSGTVTGELFF	FLAFLLFLV
CASSFGRGVRGETQYF	FLAFLLFLV
CASSQNGREQFF	FLAFLLFLV
CASSLTSETYEQYF	FLAFLLFLV
CSATLAVRYEQYF	FLAFLLFLV
CSALTSGRMNEQFF	FLAFLLFLV
CASSLGAYEGVLTF	FLAFLLFLV
CASSQGYPREQYF	FLAFLLFLV
CSVEGTANYEQYF	FLAFLLFLV
CSAILVGLARTYNSPLHF	FLAFLLFLV
CASSSLPGGGQPSSTDTQYF	FLAFLLFLV
CASSSPGPRQTNEQYF	FLAFLLFLV
CARSLSSSYNEQFF	FLAFLLFLV
CASSQNMGGLGNEQFF	FLAFLLFLV
CASSYGGRDGYTF	FLAFLLFLV
CASSVLGGWDRSYNEQFF	FLAFLLFLV
CASSQTSLTEAFF	FLAFLLFLV
CASSYSMALGVEQFF	FLAFLLFLV
CASSTIANEQFF	FLAFLLFLV
CSARGLADSYEQYF	FLAFLLFLV
CASSDFRDRSTDTQYF	FLAFLLFLV
CASSGVTDRMSSYEQYF	FLAFLLFLV
CAWSSQRPGAQYF	FLAFLLFLV
CASSPGVDIYDEQYF	FLAFLLFLV
CASSPTGTGPTNEKLFF	FLAFLLFLV
CSARQTRTGAWEQYF	FLAFLLFLV
CASSGTSGSSSYNEQFF	FLAFLLFLV
CSVDGAGSGYNEQFF	FLAFLLFLV
CASSPLGGYEQYF	FLAFLLFLV
CASSQVKNQPQHF	FLAFLLFLV
CASSPLVGPYNEQFF	FLAFLLFLV
CSAQWASGGAGTGELFF	FLAFLLFLV
CASSEGKYGLVSTGELFF	FLAFLLFLV
CSARPGYEQFF	FLAFLLFLV
CASRVTFNSYEQYF	FLAFLLFLV
CASRGLADYSYEQYF	FLAFLLFLV
CASTPWGGSTDTQYF	FLAFLLFLV
CASSLADGSYNEQFF	FLAFLLFLV
CASSLGSGNEQFF	FLAFLLFLV
CASSEALGENQPQHF	FLAFLLFLV
CSASQTGDILGETQYF	FLAFLLFLV
CSARDLHGTEAFF	FLAFLLFLV
CASSLSGQGYDEQYF	FLAFLLFLV
CASSFREDTEAFF	FLAFLLFLV
CASSQVEPSDTIYF	FLAFLLFLV
CASSLWLGATSGNTIYF	FLAFLLFLV
CSADRGAPQETQYF	FLAFLLFLV
CATSRDDRGTEAFF	FLAFLLFLV
CASSGSDNEQFF	FLAFLLFLV
CASSPGGEKLFF	FLAFLLFLV
CATSLGRTPSTDTQYF	FLAFLLFLV
CASSYYQGDWDQHF	FLAFLLFLV
CAWSVQAAEQYF	FLAFLLFLV
CSAGTSGYEQYF	FLAFLLFLV
CASSYTTYEQYF	FLAFLLFLV
CASNVAGGNEQFF	FLAFLLFLV
CATSREGQPQHF	FLAFLLFLV
CSARGAVNTGELFF	FLAFLLFLV
CASGLVYWTEAFF	FLAFLLFLV
CASGQGAYEQYF	FLAFLLFLV
CASSKDGTLYPTEAFF	FLAFLLFLV
CASSLVARGSTDTQYF	FLAFLLFLV
CASSYSGEDQSF	FLAFLLFLV
CASSYQGGANVLTF	FLAFLLFLV
CSASDSPEETQYF	FLAFLLFLV
CATSGPRDAYEQYF	FLAFLLFLV
CASSPDRDNQPQHF	FLAFLLFLV
CSARHLPGTGELFF	FLAFLLFLV
CASSYGGRSTDTQYF	FLAFLLFLV
CATSMTVTSERGSTDTQYF	FLAFLLFLV
CSATGGRVNEQFF	FLAFLLFLV
CATQLVIGNEQFF	FLAFLLFLV
CASSPTVNTEAFF	FLAFLLFLV
CSARDHQGTEYYGYTF	FLAFLLFLV
CASSQDLEYEQYF	FLAFLLFLV
CSATTSGRGGEETQYF	FLAFLLFLV
CASSSTGTSGSYEQYF	FLAFLLFLV
CASSPPDSHRWGTEAFF	FLAFLLFLV
CASSLAAGPNTEAFF	FLAFLLFLV
CASSPRSGQTYEQYF	FLAFLLFLV
CSARPTTGTQLSEQYF	FLAFLLFLV
CASSPPADYSGNTIYF	FLAFLLFLV
CASSIGTGPYEQYF	FLAFLLFLV
CASSLEVAGGREKLFF	FLAFLLFLV
CSEDSIGDTQYF	FLAFLLFLV
CSASPSGGPDTQYF	FLAFLLFLV
CASRGQGYEQYF	FLAFLLFLV
CSAGTTSQEGETQYF	FLAFLLFLV
CASSLVAGGAWQPQHF	FLAFLLFLV
CSVDNGGAEQYF	FLAFLLFLV
CSASDSYNEQFF	FLAFLLFLV
CASSPSWGMNTEAFF	FLAFLLFLV
CASRGTSGRGNEQFF	FLAFLLFLV
CASSEPSPGEQYF	FLAFLLFLV
CASSAQLPYEQYF	FLAFLLFLV
CAISESRGGSPLHF	FLAFLLFLV
CASSQGGDTQYF	FLAFLLFLV
CSARSIVSSYEQYF	FLAFLLFLV
CASSVDRGRPYNEQFF	FLAFLLFLV
CSATREASRSYNEQFF	FLAFLLFLV
CASSRGGNEQYF	FLAFLLFLV
CASSHGQGPFNEQFF	FLAFLLFLV
CASSQDIRLVHEQYF	FLAFLLFLV
CASSLDANYGYTF	FLAFLLFLV
CSAVSGTDITYTEAFF	FLAFLLFLV
CASSQYRAGTQYF	FLAFLLFLV
CSAITTTDTQYF	FLAFLLFLV
CASSLQGSGYNEQFF	FLAFLLFLV
CASSSLAGGFTDTQYF	FLAFLLFLV
CSAGQGYNEQFF	FLAFLLFLV
CATLNPGGGTEAFF	FLAFLLFLV
CASIMGGIDYEQYF	FLAFLLFLV
CAISEEYQPQHF	FLAFLLFLV
CASSKVTKGVGPNSPLHF	FLAFLLFLV
CASSMNRLNTEAFF	FLAFLLFLV
CASSLASGYEQFF	FLAFLLFLV
CSASGEAGGFQETQYF	FLAFLLFLV
CASSTRGQGAIDEKLFF	FLAFLLFLV
CSADRGRETQYF	FLAFLLFLV
CASSYRPLSSYNEQFF	FLAFLLFLV
CASSGGQEGLYGYTF	FLAFLLFLV
CASSFWLNNEQFF	FLAFLLFLV
CASSLGNSGELFF	FLAFLLFLV
CASSQEVSWNTEAFF	FLAFLLFLV
CSADQTSVSSNEQFF	FLAFLLFLV
CASITAGTGELFF	FLAFLLFLV
CASSMGWDRGYSGELFF	FLAFLLFLV
CSASIGLAGEVGETQYF	FLAFLLFLV
CSAPDTFNEQFF	FLAFLLFLV
CASSYDPNYEQYF	FLAFLLFLV
CASSQDRTSGWNEQFF	FLAFLLFLV
CSARDLTSYEQYF	FLAFLLFLV
CSASKEPGTSGGAAQETQYF	FLAFLLFLV
CASSLYSSGVNWNEQFF	FLAFLLFLV
CASTSFATNEKLFF	FLAFLLFLV
CASSEGTSGDTDTQYF	FLAFLLFLV
CASSLAVVNSGANVLTF	FLAFLLFLV
CSAETGGGTGELFF	FLAFLLFLV
CASSLSSAAEAFF	FLAFLLFLV
CSATQSTDTQYF	FLAFLLFLV
CASSPPLTGGLGQGNEKLFF	FLAFLLFLV
CASSSTGLGATQETQYF	FLAFLLFLV
CASRGLAGFTYEQYF	FLAFLLFLV
CAISEPAASGAYEQYF	FLAFLLFLV
CASSWGGLEDYF	FLAFLLFLV
CSARGIRDYEQYF	FLAFLLFLV
CASSVGTANTEAFF	FLAFLLFLV
CASSLEGGLSYEQYF	FLAFLLFLV
CSASTTSGGEETQYF	FLAFLLFLV
CAWSRGVNEQFF	FLAFLLFLV
CATSSPLTGAASTDTQYF	FLAFLLFLV
CASSHQTGTGGSEQYF	FLAFLLFLV
CTTFSVQGGTYEQYF	FLAFLLFLV
CSASREGADEQYF	FLAFLLFLV
CASSKPGNAGKLFF	FLAFLLFLV
CASSQVSSSPEYIQYF	FLAFLLFLV
CATSRDRTIDNEQFF	FLAFLLFLV
CASSLGLANTGELFF	FLAFLLFLV
CASSLSLSAGVSTDTQYF	FLAFLLFLV
CSADGTGNTEAFF	FLAFLLFLV
CASDGGGHEQYF	FLAFLLFLV
CASSYSTSPGELFF	FLAFLLFLV
CASSDGLGSTDTQYF	FLAFLLFLV
CSADNGDLLYNEQFF	FLAFLLFLV
CASSASVTYNEQFF	FLAFLLFLV
CASRHYSGTNSNQPQHF	FLAFLLFLV
CASSSAYWTGSTDTQYF	FLAFLLFLV
CSVGGLEADTQYF	FLAFLLFLV
CASSDREGIQYF	FLAFLLFLV
CASSPPTGLAGVANEQFF	FLAFLLFLV
CASSLEGWREQYF	FLAFLLFLV
CSARDLGGGTYNEQFF	FLAFLLFLV
CASSQADTGVYEQYF	FLAFLLFLV
CSVEIAGWAFF	FLAFLLFLV
CAWILQGTEQYF	FLAFLLFLV
CASSQGLTYEQYF	FLAFLLFLV
CASSYEGTGYTF	FLAFLLFLV
CASSLLGTSYEQYF	FLAFLLFLV
CASRGFTVYNEQFF	FLAFLLFLV
CASSSGNIGNTIYF	FLAFLLFLV
CSANTGTGGYEQYF	FLAFLLFLV
CASSPRTSGHQETQYF	FLAFLLFLV
CASSYPNTGELFF	FLAFLLFLV
CASRPVVSGADTQYF	FLAFLLFLV
CSARDLEGTEAFF	FLAFLLFLV
CATSRVLAGIPTSSYNEQFF	FLAFLLFLV
CSADGQGSYEQYF	FLAFLLFLV
CSAARESSYNEQFF	FLAFLLFLV
CSATGPSGNTIYF	FLAFLLFLV
CASSPYPGAGGQIGELFF	FLAFLLFLV
CSATSESSYNEQFF	FLAFLLFLV
CSARDIAGEGYEQYF	FLAFLLFLV
CSAPTGGRNIQYF	FLAFLLFLV
CASSLVGVSNQPQHF	FLAFLLFLV
CSATGLYGYTF	FLAFLLFLV
CASSPTDRVDTEAFF	FLAFLLFLV
CASSLALNGGGFGTEAFF	FLAFLLFLV
CASSDEIFRSGTGNTIYF	FLAFLLFLV
CASILRDSMNTEAFF	FLAFLLFLV
CASTLLGAANYGYTF	FLAFLLFLV
CASSGPSYEQYF	FLAFLLFLV
CASSPPGLAGASSDEQFF	FLAFLLFLV
CSARTAGAAQETQYF	FLAFLLFLV
CASSLNPAGGPHAEQFF	FLAFLLFLV
CASSLGGETQYF	FLAFLLFLV
CSAESEGTVGSYNEQFF	FLAFLLFLV
CASKGISSYEQYF	FLAFLLFLV
CATDSTGSGSEAFF	FLAFLLFLV
CSARGTGGAYNEQFF	FLAFLLFLV
CASGPLGAAVGNQPQHF	FLAFLLFLV
CASSGSLTDPNTGELFF	FLAFLLFLV
CASSLYEQYF	FLAFLLFLV
CSARPPILAPITDTQYF	FLAFLLFLV
CASTGENGQPQHF	FLAFLLFLV
CASSPTPGQDYGYTF	FLAFLLFLV
CASRGPGSTTYEQYF	FLAFLLFLV
CASSQDVPGGAYGYTF	FLAFLLFLV
CSVDIGGPEAFF	FLAFLLFLV
CASSQSSPSDGYTF	FLAFLLFLV
CASSYSNYTEAFF	FLAFLLFLV
CASSLAATNEKLFF	FLAFLLFLV
CSASREGSYNEQFF	FLAFLLFLV
CASSQGGVDTQYF	FLAFLLFLV
CSATVRDRVYNEQFF	FLAFLLFLV
CASRPTSGALTDTQYF	FLAFLLFLV
CASSALYTEAFF	FLAFLLFLV
CSVEVFSYEQYF	FLAFLLFLV
CASSSRGGNTEAFF	FLAFLLFLV
CSEAGKGYNEQFF	FLAFLLFLV
CASSKGPGQGEATGELFF	FLAFLLFLV
CSARGQDLYGYTF	FLAFLLFLV
CASSHLGQGAITDTQYF	FLAFLLFLV
CASSFDWTGGTGYGYTF	FLAFLLFLV
CASRNGGLEDTQYF	FLAFLLFLV
CASSLGQGTDTQYF	FLAFLLFLV
CASSFSNSPLHF	FLAFLLFLV
CSAGGTSYEQYF	FLAFLLFLV
CASSWTGIREAFF	FLAFLLFLV
CASGISGGLGYEQYF	FLAFLLFLV
CASSPDSAPSGDLNNEQFF	FLAFLLFLV
CSVDTGGRGTDTQYF	FLAFLLFLV
CASSQTLSGYGYTF	FLAFLLFLV
CASSFLGRFNSPLHF	FLAFLLFLV
CASSRKAGAKNTEAFF	FLAFLLFLV
CASSEAYGGTEAFF	FLAFLLFLV
CASRGRDRGYYGYTF	FLAFLLFLV
CSASSPGQEQETQYF	FLAFLLFLV
CSAGGTGGNEQFF	FLAFLLFLV
CASSGRLDTQYF	FLAFLLFLV
CASSSRDRDSTDTQYF	FLAFLLFLV
CASGNTNTGELFF	FLAFLLFLV
CAQRGETQYF	FLAFLLFLV
CASSYVPGNTEAFF	FLAFLLFLV
CSALRASGSVNTEAFF	FLAFLLFLV
CSASRAGEETQYF	FLAFLLFLV
CASSGADTQYF	FLAFLLFLV
CSADVGVGNNEQFF	FLAFLLFLV
CSARVRGEVTGELFF	FLAFLLFLV
CASSLPGTDNYGYTF	FLAFLLFLV
CASGQGGGTEAFF	FLAFLLFLV
CASSRTEGNQPQHF	FLAFLLFLV
CSAAPRDRVEQYF	FLAFLLFLV
CSAVSGSTDTQYF	FLAFLLFLV
CSASPLTDIYNEQFF	FLAFLLFLV
CASSQGGGPIYNEQFF	FLAFLLFLV
CASSQGAYEQYF	FLAFLLFLV
CSATGQIYKFGDEQFF	FLAFLLFLV
CASSPEGAVYEQYF	FLAFLLFLV
CASSPGLDPFF	FLAFLLFLV
CASSEVGTEAFF	FLAFLLFLV
CSFGEGYNQPQHF	FLAFLLFLV
CASSIQGISPLHF	FLAFLLFLV
CSARISRIDTGLGGYEQYF	FLAFLLFLV
CASSDPTKDRGKNIQYF	FLAFLLFLV
CATSRGGGAVDNEQFF	FLAFLLFLV
CASSEPTSGGVNTGELFF	FLAFLLFLV
CSAQHSSYEQYF	FLAFLLFLV
CASSPGKISYEQYF	FLAFLLFLV
CSARDQGLGDNEQFF	FLAFLLFLV
CASGLVGQGIQETQYF	FLAFLLFLV
CSVGGIADTQYF	FLAFLLFLV
CASSYSSSRNPYNEQFF	FLAFLLFLV
CASSQVSGEQFF	FLAFLLFLV
CSAEREPDYNEQFF	FLAFLLFLV
CSARPLADYYEQYF	FLAFLLFLV
CASSSGTGYNEQFF	FLAFLLFLV
CASSLHSRTARYGYTF	FLAFLLFLV
CASSRPGAGIEAFF	FLAFLLFLV
CSVGGQDETSSSKWGPYEQYF	FLAFLLFLV
CASSYGRGSYNEQFF	FLAFLLFLV
CASSMSLAGTNGEQFF	FLAFLLFLV
CASSLDRGYEQYF	FLAFLLFLV
CAISDPASATYEQYF	FLAFLLFLV
CASSLWGNEQYF	FLAFLLFLV
CASSYSKVRAARTSGSYEQYF	FLAFLLFLV
CSASTSSNEQFF	FLAFLLFLV
CASSVQLAGESDTQYF	FLAFLLFLV
CASSPGFGYTF	FLAFLLFLV
CASSQSTARSPYEQYF	FLAFLLFLV
CASSFSSGGLSYEQYF	FLAFLLFLV
CASSYTGQVYEQYF	FLAFLLFLV
CASSSPGGNSPLHF	FLAFLLFLV
CASSLLGTEAFF	FLAFLLFLV
CASKGGESTDTQYF	FLAFLLFLV
CASNEANNNEQFF	FLAFLLFLV
CAGRGVSGELFF	FLAFLLFLV
CASSTSAGGLDEQFF	FLAFLLFLV
CASSLNRGHTEAFF	FLAFLLFLV
CASSFSEGGTSYNEQFF	FLAFLLFLV
CAIDNRDRTHF	FLAFLLFLV
CASSLGGRAYNEQFF	FLAFLLFLV
CASSYTQLYNEQFF	FLAFLLFLV
CASSFTSPGNTIYF	FLAFLLFLV
CSAGTSSNEQFF	FLAFLLFLV
CASSPAGGGTYEQYF	FLAFLLFLV
CSASGTDMNTEAFF	FLAFLLFLV
CSASVEGGPYEQYF	FLAFLLFLV
CASSYYSNQPQHF	FLAFLLFLV
CASSLSSGVYNEQFF	FLAFLLFLV
CSARDRGLALNEQFF	FLAFLLFLV
CASSLEQFHEQYF	FLAFLLFLV
CSADGTGGRYEQYF	FLAFLLFLV
CASSSNPGRDEAFF	FLAFLLFLV
CASSTGAGGNQPQHF	FLAFLLFLV
CASSQDLVGYTF	FLAFLLFLV
CASSLWPYTDTQYF	FLAFLLFLV
CASSAPWLPQHF	FLAFLLFLV
CASSFTAGGDQETQYF	FLAFLLFLV
CASSGQDPNYGYTF	FLAFLLFLV
CSAGPESSYNEQFF	FLAFLLFLV
CSADRVGTEAFF	FLAFLLFLV
CASSFPNHYGYTF	FLAFLLFLV
CASTAGDGEQFF	FLAFLLFLV
CASSQDTDGQVTGELFF	FLAFLLFLV
CASRTGGYEQYF	FLAFLLFLV
CASSFLAIQETQYF	FLAFLLFLV
CASSFTNLGGLFF	FLAFLLFLV
CATLPFRGNPYEQYF	FLAFLLFLV
CATSSGGQPETSTDTQYF	FLAFLLFLV
CASSESGGQETQYF	FLAFLLFLV
CASSLLQGAGSNQPQHF	FLAFLLFLV
CSAWLAGANVLTF	FLAFLLFLV
CASSLYQAGIADTQYF	FLAFLLFLV
CASSIAREGQPQHF	FLAFLLFLV
CASSLPGQGGTGELFF	FLAFLLFLV
CARGGTGVNEQFF	FLAFLLFLV
CATSRAFEWTGQDTQYF	FLAFLLFLV
CASSQDLNEQFF	FLAFLLFLV
CASSLGADSRETQYF	FLAFLLFLV
CSASRGDSGRAEETQYF	FLAFLLFLV
CASSEWGSYNEQFF	FLAFLLFLV
CSVGLLPTEAFF	FLAFLLFLV
CASSPKPGGDGYTF	FLAFLLFLV
CASSRSAPGELFF	FLAFLLFLV
CASSQDRGPRGGELFF	FLAFLLFLV
CSATMEVNPYEQYF	FLAFLLFLV
CASSGPWGGRNTEAFF	FLAFLLFLV
CSASESGNEQFF	FLAFLLFLV
CASSPVSGGARNEQFF	FLAFLLFLV
CASSHWAATTSGANVLTF	FLAFLLFLV
CSVGTGDGETQYF	FLAFLLFLV
CSASRLAGGQETQYF	FLAFLLFLV
CASTYLRTGGGEQFF	FLAFLLFLV
CASSLAGRGGQETQYF	FLAFLLFLV
CASRELRGNYGYTF	FLAFLLFLV
CASSPPPTDTQYF	FLAFLLFLV
CASSQSAGGLNTGELFF	FLAFLLFLV
CASSLLAGGETQYF	FLAFLLFLV
CASSGGGLAGSYEQYF	FLAFLLFLV
CASSPTMTGLSTEAFF	FLAFLLFLV
CASSLTARSTEAFF	FLAFLLFLV
CASSVDQGGYYGYTF	FLAFLLFLV
CASSEYSNRANTEAFF	FLAFLLFLV
CSASRERSQETQYF	FLAFLLFLV
CASSKIQGANQPQHF	FLAFLLFLV
CASSLTLGLLTLDTQYF	FLAFLLFLV
CASSYSMSHRGLKATEAFF	FLAFLLFLV
CASSFEGGMNTEAFF	FLAFLLFLV
CSASETGTGGTEQFF	FLAFLLFLV
CASSLRQVQERAPYEQYF	FLAFLLFLV
CASSEGGVFGYTF	FLAFLLFLV
CASSQLVTGKNGYTF	FLAFLLFLV
CAWSPLDRPTPSYEQYF	FLAFLLFLV
CASSHLLAGDRHEQFF	FLAFLLFLV
CSAAGQGLAGDTQYF	FLAFLLFLV
CSARDVASGRIAGELFF	FLAFLLFLV
CASSLGASSYNEQFF	FLAFLLFLV
CASSWNPGLVNEQFF	FLAFLLFLV
CATSDAGGVTQYF	FLAFLLFLV
CASSLYSHQETQYF	FLAFLLFLV
CASSQTGYDTEAFF	FLAFLLFLV
CSLRQGADTQYF	FLAFLLFLV
CATSREIGIGRDSYNEQFF	FLAFLLFLV
CATSRDRNTGELFF	FLAFLLFLV
CASSFPGHVVHQPQHF	FLAFLLFLV
CASSQEWTGDTGELFF	FLAFLLFLV
CSAVRMNTEAFF	FLAFLLFLV
CASRGGRGGSVEQFF	FLAFLLFLV
CASSSAGNEQFF	FLAFLLFLV
CASTVRGESYNEQFF	FLAFLLFLV
CASSGEGREVHSNQPQHF	FLAFLLFLV
CASSPLAGGYNEQFF	FLAFLLFLV
CASSLGGRLESYTF	FLAFLLFLV
CSARDRESYEQYF	FLAFLLFLV
RASSLQVREQFF	FLAFLLFLV
CASSYSPGTGSYEQYF	FLAFLLFLV
CASISSSGGAGYNEQFF	FLAFLLFLV
CASSPPLVRQSEQFF	FLAFLLFLV
CASSLNRRLFF	FLAFLLFLV
CASSFASGSWDNEQFF	FLAFLLFLV
CSATVRDSQETQYF	FLAFLLFLV
CASSLTGGVEQYF	FLAFLLFLV
CSASLGRQETQYF	FLAFLLFLV
CASSYSSASNYGYTF	FLAFLLFLV
CASSRENNEKLFF	FLAFLLFLV
CASSYTSGSTDTQYF	FLAFLLFLV
CSATSRYAARRTDTQYF	FLAFLLFLV
CSADMNTEAFF	FLAFLLFLV
CASSSAATNEKLFF	FLAFLLFLV
CSARGLDVNEQFF	FLAFLLFLV
CASTLAQDRATEAFF	FLAFLLFLV
CASSQGRLMNTEAFF	FLAFLLFLV
CASSPGTSGAQETQYF	FLAFLLFLV
CASSLDSMNTEAFF	FLAFLLFLV
CSARGYEFYEQYF	FLAFLLFLV
CASSPGGTGDRWNSPLHF	FLAFLLFLV
CASSPQDADQPQHF	FLAFLLFLV
CASRLGSGNYGYTF	FLAFLLFLV
CGVITSTDTQYF	FLAFLLFLV
CASWGLRHTGELFF	FLAFLLFLV
CASSLSGRGQYF	FLAFLLFLV
CASSGPTSEQYF	FLAFLLFLV
CSANQQTYTDTQYF	FLAFLLFLV
CASSQDTGISYNEQFF	FLAFLLFLV
CASCPGGREQYF	FLAFLLFLV
CSARGVGNFLAEAFF	FLAFLLFLV
CASSPPDRVNEQFF	FLAFLLFLV
CASSGTGQNYEQYF	FLAFLLFLV
CASSQSGGKETQYF	FLAFLLFLV
CASSPTDNEQFF	FLAFLLFLV
CASSLVGQGDPGELFF	FLAFLLFLV
CSGADTRGYEQYF	FLAFLLFLV
CASSAFFGTPINQPQHF	FLAFLLFLV
CSARTAKEIYEQYF	FLAFLLFLV
CASSLSAPYEQYF	FLAFLLFLV
CSAGDTQETQYF	FLAFLLFLV
CASSLRTDNSPLHF	FLAFLLFLV
CASSIQHNEQFF	FLAFLLFLV
CSVIPDGLLEQFF	FLAFLLFLV
CSVRRDGELFF	FLAFLLFLV
CASSTTTSGHYYEQYF	FLAFLLFLV
CSARDREGFHEQYF	FLAFLLFLV
CASSTYRGTEAFF	FLAFLLFLV
CSASRSGIRSQETQYF	FLAFLLFLV
CASSFFGNQPQHF	FLAFLLFLV
CASSGSVIRVQETQYF	FLAFLLFLV
CASSPDNRDRFF	FLAFLLFLV
CSAGLGEETQYF	FLAFLLFLV
CASRGQTGSYEQYF	FLAFLLFLV
CASSYFPTSGRRTDTQYF	FLAFLLFLV
CASSLFLWGDEQFF	FLAFLLFLV
CSASLEDTQETQYF	FLAFLLFLV
CSASQGDNEQFF	FLAFLLFLV
CATSSPSGRTDTQYF	FLAFLLFLV
CASSSDGTGGPSGANVLTF	FLAFLLFLV
CASSTPGQYNEQFF	FLAFLLFLV
CATSRDTGEYSNQPQHF	FLAFLLFLV
CSAAGTGNEQFF	FLAFLLFLV
CASSFETGSTDTQYF	FLAFLLFLV
CSVTASTDTQYF	FLAFLLFLV
CSASLSDPEAFF	FLAFLLFLV
CASNMMEGANEQFF	FLAFLLFLV
CSATLWDSSSPDTQYF	FLAFLLFLV
CASSLQGLGNTIYF	FLAFLLFLV
CSAREQTLAAYEQYF	FLAFLLFLV
CASRGLAGTTYEQYF	FLAFLLFLV
CASSLATGVLETQYF	FLAFLLFLV
CSAREVGRIEQYF	FLAFLLFLV
CASSDRVEKNTEAFF	FLAFLLFLV
CSATGVNNEQFF	FLAFLLFLV
CASSLESYLETQYF	FLAFLLFLV
CSANPPGLYLEQYF	FLAFLLFLV
CASSLGGGWHGYTF	FLAFLLFLV
CASSQEGPGLKYEQYF	FLAFLLFLV
CSATRTKETQYF	FLAFLLFLV
CSAPGTGNNEQFF	FLAFLLFLV
CSARETQGWNTIYF	FLAFLLFLV
CASSRREGAEAFF	FLAFLLFLV
CASSQVPGSGRANEQFF	FLAFLLFLV
CSAVLNPNTEAFF	FLAFLLFLV
CASSLGASPTDTQYF	FLAFLLFLV
CSVHAGSGTEAFF	FLAFLLFLV
CASSLLPGGQETQYF	FLAFLLFLV
CASSKRGSYNEQFF	FLAFLLFLV
CATSDGTAYSNQPQHF	FLAFLLFLV
CSARAFSGGDNEQFF	FLAFLLFLV
CASSEGGRQGGTYEQYF	FLAFLLFLV
CASSPPDLAKNIQYF	FLAFLLFLV
CASRANTEAFF	FLAFLLFLV
CASSDLESYNEQFF	FLAFLLFLV
CASSHQGAFF	FLAFLLFLV
CASSQEGTLLLDTQYF	FLAFLLFLV
CSVERGNTGELFF	FLAFLLFLV
CASSPGQGVETQYF	FLAFLLFLV
CASSFDRGYEQYF	FLAFLLFLV
CSARGMVSYEQYF	FLAFLLFLV
CASSFEGLAGFNEQFF	FLAFLLFLV
CASSLDRGPNTEAFF	FLAFLLFLV
CASSAGTSGLGVGETQYF	FLAFLLFLV
CSADGTPGSEQFF	FLAFLLFLV
CASSYSWGEVKGANYGYTF	FLAFLLFLV
CASSLVEVRVYNEQFF	FLAFLLFLV
CSADTGSQPQHF	FLAFLLFLV
CASSGRGSGHSYNEQFF	FLAFLLFLV
CASSPAGYEQYF	FLAFLLFLV
CASSTQVGEQYF	FLAFLLFLV
CASSFAIGDTGELFF	FLAFLLFLV
CSAYGGRREQYF	FLAFLLFLV
CASSPRDRGLYEQYF	FLAFLLFLV
CASTRGGNEQYF	FLAFLLFLV
CASSLTGSLDGYTF	FLAFLLFLV
CASRGPSGRDSYEQYF	FLAFLLFLV
CASSLDILNYGYTF	FLAFLLFLV
CASSSLAGGTYEQYF	FLAFLLFLV
CASSQRLAASYEQYF	FLAFLLFLV
CASSPGTGGFPYEQYF	FLAFLLFLV
CASSEGEGANQPQHF	FLAFLLFLV
CASKSGAQWAEAFF	FLAFLLFLV
CASIAMSTDTQYF	FLAFLLFLV
CASSPPLPDTQYF	FLAFLLFLV
CASSQGLASNNEQFF	FLAFLLFLV
CSARGIHSSYEQYF	FLAFLLFLV
CASSAGGSPLHF	FLAFLLFLV
CASSQDLNLLGTQYF	FLAFLLFLV
CASSTGQNYGYTF	FLAFLLFLV
CAWSVQLGEQYF	FLAFLLFLV
CSVEGRGGEAETQYF	FLAFLLFLV
CASRGQGANRDSYEQYF	FLAFLLFLV
CASSQEQPGGETQYF	FLAFLLFLV
CASSPLAGGHNEQFF	FLAFLLFLV
CASSLGNSYEQYF	FLAFLLFLV
CASSPPQGAGTDTQYF	FLAFLLFLV
CSSQRETSYNEQFF	FLAFLLFLV
CASSLAGAHEQYF	FLAFLLFLV
CASSYSYSFSSERDTQYF	FLAFLLFLV
CASSAGGGGSTDTQYF	FLAFLLFLV
CASSLVAGGGDTQYF	FLAFLLFLV
CSATTGGREQYF	FLAFLLFLV
CSATTSTDTQYF	FLAFLLFLV
CASSQESRVNYGYTF	FLAFLLFLV
RASSLPLVGEFVNEQFF	FLAFLLFLV
CASSYSWSGFQDQETQYF	FLAFLLFLV
CASREARDVNTEAFF	FLAFLLFLV
CASGAPTSGRTDTQYF	FLAFLLFLV
CASSQENGEKLFF	FLAFLLFLV
CASTLGGGPSEQFF	FLAFLLFLV
CASSPWDRDTDTQYF	FLAFLLFLV
CASSFERQGTYEQYF	FLAFLLFLV
CASSSEEVRVGDTQYF	FLAFLLFLV
CSASGSDNEQFF	FLAFLLFLV
CSARVGLGYSPLHF	FLAFLLFLV
CSASGQSYNEQFF	FLAFLLFLV
CASSPLTRSVGGLSYNEQFF	FLAFLLFLV
CASSLSGTGVYEQYF	FLAFLLFLV
CASSTYQRVNTEAFF	FLAFLLFLV
CAWNRQGVWQFF	FLAFLLFLV
CASSYGPVYNEQFF	FLAFLLFLV
CASSGEVGGNTIYF	FLAFLLFLV
CASSVTRDRGPPDTQYF	FLAFLLFLV
CASSSTGTGWYEQYF	FLAFLLFLV
CSAQGTSGYNEQFF	FLAFLLFLV
CASSLDAVGYTF	FLAFLLFLV
CASSLYGGMFEQYF	FLAFLLFLV
CASKTEPTYEQYF	FLAFLLFLV
CASSLLVSVNTEAFF	FLAFLLFLV
CASRGLGLALSYEQYF	FLAFLLFLV
CAIMGAGTGPDTQYF	FLAFLLFLV
CASSPGQGADEQFF	FLAFLLFLV
CSARFMTGQLYEQYF	FLAFLLFLV
CASSLLGPGDEQYF	FLAFLLFLV
CASSLEGWEQYF	FLAFLLFLV
CASSQDPSAVDEQFF	FLAFLLFLV
CASSSQGPDTQYF	FLAFLLFLV
CSVPGGLGGGELFF	FLAFLLFLV
CSVERETSYNEQFF	FLAFLLFLV
CSARGLQVLAKETQYF	FLAFLLFLV
CSADSGGGYEQFF	FLAFLLFLV
CASSLAPSGTEAFF	FLAFLLFLV
CASSQTGGRQPQHF	FLAFLLFLV
CASSPGPGSYEQYF	FLAFLLFLV
CSADGYSGRADTQYF	FLAFLLFLV
CASRIVAGINQPQHF	FLAFLLFLV
CASTRQGISSYNEQFF	FLAFLLFLV
CSAGGQSSYNEQFF	FLAFLLFLV
CASSWGQGTSSTDTQYF	FLAFLLFLV
CASSWPRGQPSSGANVLTF	FLAFLLFLV
CASSPGDYGYTF	FLAFLLFLV
CASSSGGVSYEQYF	FLAFLLFLV
CASRTYNEQFF	FLAFLLFLV
CASSPTGDEQYF	FLAFLLFLV
CASSLPLSYEQYF	FLAFLLFLV
CASFLREGTGELFF	FLAFLLFLV
CASSSDGGDQPQHF	FLAFLLFLV
CASSSPLAGGYEQYF	FLAFLLFLV
CSASREQETQYF	FLAFLLFLV
CASSFNEAGARYGYTF	FLAFLLFLV
CSADGTSNNEQFF	FLAFLLFLV
CASTNIDRVEGEKLFF	FLAFLLFLV
CASGLPTGRRADTQYF	FLAFLLFLV
CASSLVLATGELFF	FLAFLLFLV
CASSLALRGAPSSHSTDTQYF	FLAFLLFLV
CASSEGSGPGELFF	FLAFLLFLV
CASSVGVSLRDEQFF	FLAFLLFLV
CASTKGGGAFEQFF	FLAFLLFLV
CSASRNEQFF	FLAFLLFLV
CASSRTETNSPLHF	FLAFLLFLV
CASLPVQGTPYEQYF	FLAFLLFLV
CSVDLEGGENEQFF	FLAFLLFLV
CASSEDSRAKNIQYF	FLAFLLFLV
CASSVYPDQPQHF	FLAFLLFLV
CSVRKETQYF	FLAFLLFLV
CASSPTKVATNEKLFF	FLAFLLFLV
CATPSPAGGYTGELFF	FLAFLLFLV
CSASKHTDTQYF	FLAFLLFLV
CASSPSGGGRSPLHF	FLAFLLFLV
CATSTLAGGSSSTDTQYF	FLAFLLFLV
CASSIQADTEAFF	FLAFLLFLV
CASSPPDRAYEQYF	FLAFLLFLV
CASSLDGSSYNEQFF	FLAFLLFLV
CSASGTSVYEQYF	FLAFLLFLV
CASSPQVNTEAFF	FLAFLLFLV
CAISETPDEQYF	FLAFLLFLV
CASSEIKLVPIYNEQFF	FLAFLLFLV
CASSKGTGGPDTQYF	FLAFLLFLV
CSASWLLLAGWGETQYF	FLAFLLFLV
CATRLAGVNLGELFF	FLAFLLFLV
CASSVAVGEEQFF	FLAFLLFLV
CASGGGLSGNTIYF	FLAFLLFLV
CASSQGVEQFF	FLAFLLFLV
CASTLETYGYTF	FLAFLLFLV
CASSLETALYGYTF	FLAFLLFLV
CASSLGDEQYF	FLAFLLFLV
CASSSPGQWRDGYTF	FLAFLLFLV
CASSDSGELFF	FLAFLLFLV
CSVRGGLNTEAFF	FLAFLLFLV
CASSVPEGFPAGTSGSNEQFF	FLAFLLFLV
CASIRGRGQYF	FLAFLLFLV
CSASWGSEETQYF	FLAFLLFLV
CATSREGEGSYNEQFF	FLAFLLFLV
CASSRFGGNTGELFF	FLAFLLFLV
CASSFTWGYEQYF	FLAFLLFLV
CSAGGGSNEQFF	FLAFLLFLV
CASSIFLHGYNEQFF	FLAFLLFLV
CASSREASPYPYNEQFF	FLAFLLFLV
CASSPSQGNSITQYF	FLAFLLFLV
CSASEEGYNEQFF	FLAFLLFLV
CASSMSAGLAGAYEQFF	FLAFLLFLV
CASSLAGGLPGDTQYF	FLAFLLFLV
CASSYSPSTGQASYEQYF	FLAFLLFLV
CATRHLHRDQSVYEQYF	FLAFLLFLV
CAWRGGERYEQYF	FLAFLLFLV
CASSLSPGSAKLFF	FLAFLLFLV
CSADQEGVNQPQHF	FLAFLLFLV
CSADREDLTDTQYF	FLAFLLFLV
CSATRESSYNEQFF	FLAFLLFLV
CASSLGVEQYF	FLAFLLFLV
CSATAILTGTGEQSYYGYTF	FLAFLLFLV
CASSETGNEQFF	FLAFLLFLV
CSASRTSGSPYNEQFF	FLAFLLFLV
CASSFSIGGQMVDTQYF	FLAFLLFLV
CASSPSLGDTEAFF	FLAFLLFLV
CASSPGSGTGFHEQYF	FLAFLLFLV
CASGGTGASYEQYF	FLAFLLFLV
CASRPFSGGLNTEAFF	FLAFLLFLV
CASSYGQGAYEQYF	FLAFLLFLV
CSASLADSYNEQFF	FLAFLLFLV
CASSHYGTLYNEQFF	FLAFLLFLV
CASNFPDSSYNEQFF	FLAFLLFLV
CSVVPVGDEQFF	FLAFLLFLV
CASSLNGGGELFF	FLAFLLFLV
CASSPQGEETQYF	FLAFLLFLV
CASSEQGAGANVLTF	FLAFLLFLV
CASSRDPRDTHYGYTF	FLAFLLFLV
CASSLRAGGRDTQYF	FLAFLLFLV
CASSRVWYEQYF	FLAFLLFLV
CATRGESGGTVEQFF	FLAFLLFLV
CASSFVSSSTDTQYF	FLAFLLFLV
CSARDALAGDNEQFF	FLAFLLFLV
CASGVMAFF	FLAFLLFLV
CASSDRHLTSTDTQYF	FLAFLLFLV
CSAEREPSYNEQFF	FLAFLLFLV
CASSQDPGQGVLYEQYF	FLAFLLFLV
CSARGQKAKNIQYF	FLAFLLFLV
CASGDLDQTYEQYF	FLAFLLFLV
CASSLTGTGGYYYGYTF	FLAFLLFLV
CASSFGRERTNTGELFF	FLAFLLFLV
CSASEGGNEQFF	FLAFLLFLV
CASTDFNEQFF	FLAFLLFLV
CASSRPDGQHF	FLAFLLFLV
CASSPGTLLVETQYF	FLAFLLFLV
CASSYTTGVGTYNEQFF	FLAFLLFLV
CSVEDPGTPYEQYF	FLAFLLFLV
CSAGGETQYF	FLAFLLFLV
CSVGGSGLASYNEQFF	FLAFLLFLV
CSVSPSTDTQYF	FLAFLLFLV
CASSISLGGLYEQYF	FLAFLLFLV
CASSLEGMEQYF	FLAFLLFLV
CASSEPRLDTQYF	FLAFLLFLV
CTSSRPTGVIEQYF	FLAFLLFLV
CASSQGTGSYEQYF	FLAFLLFLV
CASSLRPPADTGELFF	FLAFLLFLV
CASSYSNEQFF	FLAFLLFLV
CASLDPSEGTEAFF	FLAFLLFLV
CASSPNSIEAFF	FLAFLLFLV
CASSFGGVEQYF	FLAFLLFLV
CASSVVVAEYNEQFF	FLAFLLFLV
CASSYFQNTEAFF	FLAFLLFLV
CASSLVEGNYGYTF	FLAFLLFLV
CASKAGGGGYTF	FLAFLLFLV
CASSFENYEQYF	FLAFLLFLV
CSAQLEITYNEQFF	FLAFLLFLV
CASSLGEQYF	FLAFLLFLV
CASSQPGLAGVRVTGELFF	FLAFLLFLV
CASRGQGPYEQYF	FLAFLLFLV
CASSYQTYNQPQHF	FLAFLLFLV
CASSGQGVNTEAFF	FLAFLLFLV
CSASPQGTGYTF	FLAFLLFLV
CASSALSSNQPQHF	FLAFLLFLV
CASSVLSGLDIQYF	FLAFLLFLV
CASSTQMGTYSNQPQHF	FLAFLLFLV
CSADTEATNEKLFF	FLAFLLFLV
CASSFSGATYNEQFF	FLAFLLFLV
CASSLWAGIQPQHF	FLAFLLFLV
CSARVGQAVEQYF	FLAFLLFLV
CASSSAGRTWEQYF	FLAFLLFLV
CASTDYNEQFF	FLAFLLFLV
CSAGTPSGTEAFF	FLAFLLFLV
CASSHQSGNEQFF	FLAFLLFLV
CASSLFSGNEQFF	FLAFLLFLV
CASSLLDDTQYF	FLAFLLFLV
CASTDFGTGSETQYF	FLAFLLFLV
CSAEEQSSYNEQFF	FLAFLLFLV
CATSDFTGEVTDTQYF	FLAFLLFLV
CASSLFAGALNNEQFF	FLAFLLFLV
CASSETNEQYF	FLAFLLFLV
CAISDDGSNQPQHF	FLAFLLFLV
CASSLYAGGMPNQPQHF	FLAFLLFLV
CASSLDRGYEQYF	FLAFLLFLV
CASSLSRTSGRAGETQYF	FLAFLLFLV
CSARDSKTSARTDTQYF	FLAFLLFLV
CASSVAKNSGRADEQFF	FLAFLLFLV
CASSPGPGIHGTEAFF	FLAFLLFLV
CASSFRGTGLYQETQYF	FLAFLLFLV
CASSSDRGYEQYF	FLAFLLFLV
CASSYSARTRIEKLFF	FLAFLLFLV
CATSSLRVGTDTQYF	FLAFLLFLV
CSASGRSNTGELFF	FLAFLLFLV
CASSLTDDSNQPQHF	FLAFLLFLV
CASSPQGAEQYF	FLAFLLFLV
CASSRLAGGENEQFF	FLAFLLFLV
CSASLGTGALGEKLFF	FLAFLLFLV
CASSPVDSNSNSPLHF	FLAFLLFLV
CSATGQGETQYF	FLAFLLFLV
CASRVGPDTQYF	FLAFLLFLV
CASSYSSGQETQYF	FLAFLLFLV
CSASTVYPAAEAFF	FLAFLLFLV
CATSRGGGETSNQPQHF	FLAFLLFLV
CASSAGQNSYEQYF	FLAFLLFLV
CSAILDTDTQYF	FLAFLLFLV
CASSSLGGYNEQFF	FLAFLLFLV
CASSGYLSGRAKNIQYF	FLAFLLFLV
CASSTPGQSYEQYF	FLAFLLFLV
CASSLDRGTYEQYF	FLAFLLFLV
CASRGIRDREPKNAYEQYF	FLAFLLFLV
CASSQAGDPNTEAFF	FLAFLLFLV
CASSPLGGREDEQFF	FLAFLLFLV
CSARRRDYNYEQYF	FLAFLLFLV
CSAPTSGSSGGVF	FLAFLLFLV
CSVVPLAGQSKSSSYNEQFF	FLAFLLFLV
CSAMGRTSWAYTF	FLAFLLFLV
CSVETSDRGQYF	FLAFLLFLV
CASSFDRGYEQYF	FLAFLLFLV
CRAIDQSRAPYEQYF	FLAFLLFLV
CASGLSETQYF	FLAFLLFLV
CASSLALSGSYNEQFF	FLAFLLFLV
CSARDLRGGQPEQYF	FLAFLLFLV
CASSLRSGDYEQYF	FLAFLLFLV
CASSYYDSGGEQFF	FLAFLLFLV
CASSSPRQTGGAYSLSGNTIYF	FLAFLLFLV
CSAISLGGNTEAFF	FLAFLLFLV
CSARDGRTGDNEQFF	FLAFLLFLV
CASSQDRNEAFF	FLAFLLFLV
CASRSQGNEQFF	FLAFLLFLV
CASSLSGAGGVNNEQFF	FLAFLLFLV
CASSLDGWNEQYF	FLAFLLFLV
CASSYSQGYHYGYTF	FLAFLLFLV
CASIMYSGTNTGELFF	FLAFLLFLV
CASSLEGEADQPQHF	FLAFLLFLV
CASSLEVGAYDGYTF	FLAFLLFLV
CASRGLGGDSYEQYF	FLAFLLFLV
CASSFTGNQPQHF	FLAFLLFLV
CASSLRQGATEQFF	FLAFLLFLV
CASSLWGELFF	FLAFLLFLV
CASSLGDATNYGYTF	FLAFLLFLV
CASSQVSQGGEAFF	FLAFLLFLV
CSARGGTAIYEQYF	FLAFLLFLV
CASSQFLAGETQYF	FLAFLLFLV
CSARSPEPITYNEQFF	FLAFLLFLV
CSASGESNEAFF	FLAFLLFLV
CASSLLLPSNGNEQFF	FLAFLLFLV
CASSRNSGANEKLFF	FLAFLLFLV
CASSPAGVLYEKLFF	FLAFLLFLV
CATSVDKSGSHTEAFF	FLAFLLFLV
CASSSWGQYQETQYF	FLAFLLFLV
CASSLRLANSYEQYF	FLAFLLFLV
CSASVRDRLHNEQFF	FLAFLLFLV
CSADAELDRQPNEQFF	FLAFLLFLV
CASSLEQGPDTEAFF	FLAFLLFLV
CSAPSGMTYEQYF	FLAFLLFLV
CASSQDHGLVLYEQYF	FLAFLLFLV
CSASVLDLGNEQFF	FLAFLLFLV
CASRGIGDRAFF	FLAFLLFLV
CASSADRGYEQYF	FLAFLLFLV
CASSWATEAFF	FLAFLLFLV
CASSFETRSYNEQFF	FLAFLLFLV
CASSLGLAGGLSTDTQYF	FLAFLLFLV
CASSYSIQAGTYEQYF	FLAFLLFLV
CSATDETGGSQETQYF	FLAFLLFLV
CSASTNTGSETQYF	FLAFLLFLV
CATSSLNGTGASTDTQYF	FLAFLLFLV
CASSQEDGSLREQYF	FLAFLLFLV
CASRGLADAYEQYF	FLAFLLFLV
CSARVAVDGDNEQFF	FLAFLLFLV
CASSLADAYNEQFF	FLAFLLFLV
CSATTSKETQYF	FLAFLLFLV
CASSLVRFPGLAGDEQFF	FLAFLLFLV
CSARVSSELDSRNYEQYF	FLAFLLFLV
CASSKPKDRGLGETQYF	FLAFLLFLV
CASSYDPTGGGEKLFF	FLAFLLFLV
CASSVDTAYEQYF	FLAFLLFLV
CASSLAGLGFWDTQYF	FLAFLLFLV
CASSEYRVYEQYF	FLAFLLFLV
CAWSAGTEEFF	FLAFLLFLV
CASSLWQGNEQYF	FLAFLLFLV
CASSQGMNEQFF	FLAFLLFLV
CARGVEQFF	FLAFLLFLV
CASSNPRDRVFYEQFF	FLAFLLFLV
CASSRDFLGDEQFF	FLAFLLFLV
CASTTGHQPQHF	FLAFLLFLV
CASSQEIGLADTDTQYF	FLAFLLFLV
CSAEGDSGGPGELFF	FLAFLLFLV
CSASKEENTEAFF	FLAFLLFLV
CASSAGTEQYF	FLAFLLFLV
CSANNAKLAVSTDTQYF	FLAFLLFLV
CASSLLGGESTEAFF	FLAFLLFLV
CASSSTSPAYEQYF	FLAFLLFLV
CASSSLEGRTGELFF	FLAFLLFLV
CASSLASGAEAFF	FLAFLLFLV
CSAALEVAYNEQFF	FLAFLLFLV
CASSLRTGDINEQFF	FLAFLLFLV
CASRIAGNPYEQYF	FLAFLLFLV
CASRGTAVQGGPYYEQYF	FLAFLLFLV
CSARGLREGGTVYEQYF	FLAFLLFLV
CSASGTGVSETQYF	FLAFLLFLV
CASGLDIYTEAFF	FLAFLLFLV
CALQTDRTEAFF	FLAFLLFLV
CASSGRDSPLEGIQYF	FLAFLLFLV
CSADSGAYNEQFF	FLAFLLFLV
CATSPYGGQWLTDEAFF	FLAFLLFLV
CSARDLVNAVAGELFF	FLAFLLFLV
CSSTWEDFTQYF	FLAFLLFLV
CSASGTLKGETQYF	FLAFLLFLV
CASSPDGNTEAFF	FLAFLLFLV
CASSSVRGPSRDEQFF	FLAFLLFLV
CSASGADSQETQYF	FLAFLLFLV
CASSQDRGISYEQYF	FLAFLLFLV
CSAGTDSPSNQPQHF	FLAFLLFLV
CASSYSPSGGSYEQYF	FLAFLLFLV
CASMGFGDTEAFF	FLAFLLFLV
CASSLSAGGAHNEQFF	FLAFLLFLV
CSAKIGGTAQETQYF	FLAFLLFLV
CASSSSSGRETGELFF	FLAFLLFLV
CASSTPGGEQYF	FLAFLLFLV
CASRGIAGGRIEQFF	FLAFLLFLV
CATSSGELFF	FLAFLLFLV
CASSLVGRYEQYF	FLAFLLFLV
CASSLAPGVGRNSPLHF	FLAFLLFLV
CASSPDRVGTDTQYF	FLAFLLFLV
CASSTGLLRYTGELFF	FLAFLLFLV
CSASVNGETQYF	FLAFLLFLV
CASHDRARTYEQYF	FLAFLLFLV
CASSLLPADEQYF	FLAFLLFLV
CASSLRTSGTFNEQFF	FLAFLLFLV
CASTPLSGSTDTQYF	FLAFLLFLV
CASGAGLYTGELFF	FLAFLLFLV
CASESRGSGREQYF	FLAFLLFLV
CASSQDLTPMNIQYF	FLAFLLFLV
CSAEVMDRVGNEQFF	FLAFLLFLV
CASSLGLTYEQYF	FLAFLLFLV
CSSGQEQETQYF	FLAFLLFLV
CASSPKGTGVRDYGYTF	FLAFLLFLV
CASMMSNEQFF	FLAFLLFLV
CSAKGLAGEFYEQYF	FLAFLLFLV
CASSYGGGNYNEQFF	FLAFLLFLV
CASSPEVAGTYEQYF	FLAFLLFLV
CASSQDPGAQETQYF	FLAFLLFLV
CASSSLATYEQYF	FLAFLLFLV
CASSFLAFTYEQYF	FLAFLLFLV
CSADDGQGGNEQFF	FLAFLLFLV
CSANGAGGTNIQYF	FLAFLLFLV
CASSQAHGLAGYEQYF	FLAFLLFLV
CASSYSLTLEGQPQHF	FLAFLLFLV
CASRAGGLGGELFF	FLAFLLFLV
CASSFIEDTQYF	FLAFLLFLV
CSASDLAGGTDTQYF	FLAFLLFLV
CATGTSPKETQYF	FLAFLLFLV
CASSEGGGGFNEQFF	FLAFLLFLV
CSVIVGGGRGDTQYF	FLAFLLFLV
CASSPPGGLETQYF	FLAFLLFLV
CSARDSLAGASPYEQYF	FLAFLLFLV
CASSIYRHTEAFF	FLAFLLFLV
CASSGRRQGPNEKLFF	FLAFLLFLV
CASSFPLAGGSYEQYF	FLAFLLFLV
CASSDKAPTDTQYF	FLAFLLFLV
CASSPGTGRAEQFF	FLAFLLFLV
CSARDLQGYEQYF	FLAFLLFLV
CATSFGLAGQETQYF	FLAFLLFLV
CASSLSAGSSYNEQFF	FLAFLLFLV
CASSESGELFF	FLAFLLFLV
CASSLAPGSQPQHF	FLAFLLFLV
CASRGLAGESYEQYF	FLAFLLFLV
CASGRDNEQFF	FLAFLLFLV
CASTDLETQYF	FLAFLLFLV
CASTLTGEQFF	FLAFLLFLV
CSAKGFGVDYRAYEQYF	FLAFLLFLV
CSANSGTGGTGELFF	FLAFLLFLV
CASSLQLTTTTF	FLAFLLFLV
CAWSVQANEQFF	FLAFLLFLV
CSLLAGESYNEQFF	FLAFLLFLV
CASRKIDSFNQPQHF	FLAFLLFLV
CASRLLAGGRNTGELFF	FLAFLLFLV
RASSFDRGRSPFNEKLFF	FLAFLLFLV
CASWGGTGRAAGGEQFF	FLAFLLFLV
CSARDVRLALLDTQYF	FLAFLLFLV
CSASRESSYNEQFF	FLAFLLFLV
CASSYTGGDIQYF	FLAFLLFLV
CASSLPGPGPNTQYF	FLAFLLFLV
CASSSATGTEAFF	FLAFLLFLV
CSADASGAYNEQFF	FLAFLLFLV
CASSIPTGSHSYEQYF	FLAFLLFLV
CSALGVLPRTEAFF	FLAFLLFLV
CASSQDARAYGYTF	FLAFLLFLV
CASSQESGTVNTEAFF	FLAFLLFLV
CASSLGTGGSYNEQFF	FLAFLLFLV
CAGRYTEAFF	FLAFLLFLV
CASSYSTGPGELFF	FLAFLLFLV
CASSLQAPSSYNEQFF	FLAFLLFLV
CSASIDTDTQYF	FLAFLLFLV
CASSLQLAGDEQYF	FLAFLLFLV
CASRGTSGGVTEQFF	FLAFLLFLV
CSADEWGKGSDNEQFF	FLAFLLFLV
CASSSQGLETQYF	FLAFLLFLV
CASTNTGELFF	FLAFLLFLV
CSATLEVGGGYNEQFF	FLAFLLFLV
CASSRVLGDEQFF	FLAFLLFLV
CSARPDRANTYEQYF	FLAFLLFLV
CASSSPASYNEQFF	FLAFLLFLV
CASSFYGRTGGYEQYF	FLAFLLFLV
CASSFGGRRGNEQFF	FLAFLLFLV
CASSHLDGTGNTEAFF	FLAFLLFLV
CASSQEATGFYYNEQFF	FLAFLLFLV
CASSRWTENTEAFF	FLAFLLFLV
CASSLDGGLDGELFF	FLAFLLFLV
CASTPGQGPSTEQYF	FLAFLLFLV
CASSLVAGSSSYEQYF	FLAFLLFLV
CASRLPGNTEAFF	FLAFLLFLV
CASSLPDRAETQYF	FLAFLLFLV
CSASSMEAQETQYF	FLAFLLFLV
CASSLVSGLNTEAFF	FLAFLLFLV
CASSVGQGGLADTQYF	FLAFLLFLV
CASSHRGQGLQETQYF	FLAFLLFLV
CASSLTLRDTDYNEQFF	FLAFLLFLV
CSARDLLASYEQYF	FLAFLLFLV
CASSELVGTGGNEQYF	FLAFLLFLV
CASSQDRGDQPQHF	FLAFLLFLV
CSVNPTDPGLADPSSYNEQFF	FLAFLLFLV
CASSQEYTEFYGYTF	FLAFLLFLV
CSAIIVRRDPITDTQYF	FLAFLLFLV
CSARGTENTGELFF	FLAFLLFLV
CASSLGGSSGSGANVLTF	FLAFLLFLV
CASSAPTSGSSEAEQFF	FLAFLLFLV
CSATMEGDEQYF	FLAFLLFLV
CSASFSGSSSYNEQFF	FLAFLLFLV
CASSLPAGGFDEKLFF	FLAFLLFLV
CSANLDTGELFF	FLAFLLFLV
CSARDRRGPGYTF	FLAFLLFLV
CASSLPVGGLSSYEQYF	FLAFLLFLV
CASSRLAGVNTGELFF	FLAFLLFLV
CASSPGTSYGNEQFF	FLAFLLFLV
CASSSYQGGEQYF	FLAFLLFLV
CASSSERSRGAQYF	FLAFLLFLV
CSASYEESMNEQFF	FLAFLLFLV
CASSTQVSGANVLTF	FLAFLLFLV
CASSLLGHNEQFF	FLAFLLFLV
CASSGTGGWEQYF	FLAFLLFLV
CSVEGGAFYEQYF	FLAFLLFLV
CSADSGAVNEQFF	FLAFLLFLV
CASRDRASLHNEQFF	FLAFLLFLV
CASSPMTSGGYYTGELFF	FLAFLLFLV
CSAAFEVSYNEQFF	FLAFLLFLV
CASEIWLAGPRQFF	FLAFLLFLV
CASSSSGQGAAGANVLTF	FLAFLLFLV
CASSLEGNIQYF	FLAFLLFLV
CSVVLGVSYEQYF	FLAFLLFLV
CASSQGSGMGGIQYF	FLAFLLFLV
CASSLTGGTGELFF	FLAFLLFLV
CSASMEQAYNEQFF	FLAFLLFLV
CASSFLGRDSLHF	FLAFLLFLV
CASSLHDRDSDTEAFF	FLAFLLFLV
CASSPEPPHNEQFF	FLAFLLFLV
CSAGGQASSSYEQYF	FLAFLLFLV
CASSLGLAASYEQYF	FLAFLLFLV
CASRRLAGGRSTDTQYF	FLAFLLFLV
CASSQLDSRGTGELFF	FLAFLLFLV
CSARDIHSYEQYF	FLAFLLFLV
CSATEEGSGETQYF	FLAFLLFLV
CSASLVGRREGRGTDTQYF	FLAFLLFLV
CASSLSHWHEQYF	FLAFLLFLV
CASSLESRTGSYEQYF	FLAFLLFLV
CSADRDSLAKNIQYF	FLAFLLFLV
CASSPPRRGSLYEQYF	FLAFLLFLV
CSARDLASSYEQYF	FLAFLLFLV
CATSFPESGSSTDTQYF	FLAFLLFLV
CASSEGRNNQPQHF	FLAFLLFLV
CASSELAGVADTQYF	FLAFLLFLV
CASSTGTGPDTQYF	FLAFLLFLV
CSATLAERYNEQFF	FLAFLLFLV
CASSPWTGGAYEQYF	FLAFLLFLV
CSVDSHTGDRTDTQYF	FLAFLLFLV
CSVGIQDSYNEQFF	FLAFLLFLV
CSALYEKLFF	FLAFLLFLV
CASSRATGRTYNSPLHF	FLAFLLFLV
CASSQVAGGLSTDTQYF	FLAFLLFLV
CASSSDSGTQYF	FLAFLLFLV
CSVSSTSYEQYF	FLAFLLFLV
CASSLYRGYEQYF	FLAFLLFLV
CASSYSDSYGYTF	FLAFLLFLV
CSADRQGPYEQYF	FLAFLLFLV
CASSLDSYYNEQFF	FLAFLLFLV
CASSATREGPEETQYF	FLAFLLFLV
CASNRDTDYEQYF	FLAFLLFLV
CASSFDQETQYF	FLAFLLFLV
CASSSGQRNTEAFF	FLAFLLFLV
CASSASRDTLTDTQYF	FLAFLLFLV
CASSYPQGQNTEAFF	FLAFLLFLV
CASSPSGGEYEQYF	FLAFLLFLV
CSATETADEQYF	FLAFLLFLV
CASSGGQGLYQPQHF	FLAFLLFLV
CSASDGVSYNEQFF	FLAFLLFLV
CASSPGVTGDTQYF	FLAFLLFLV
CASTLSVAASTDTQYF	FLAFLLFLV
CSARGRQDLYGYTF	FLAFLLFLV
CASSLDYGSSYNEQFF	FLAFLLFLV
CSARDPLAAYYEQYF	FLAFLLFLV
CASSRLAGGSETQYF	FLAFLLFLV
CASSTGTYNYGYTF	FLAFLLFLV
CASRGLAGGTYEQYF	FLAFLLFLV
CASSLFMSANTEAFF	FLAFLLFLV
CASSSGASGLSYEQYF	FLAFLLFLV
CASSLGQPGDTIYF	FLAFLLFLV
CASSGGRDLPRTEAFF	FLAFLLFLV
CSALSRDRDQPQHF	FLAFLLFLV
CSARDIEAIREQYF	FLAFLLFLV
CASSDSGRVDEQYF	FLAFLLFLV
CASSLGALGYTEAFF	FLAFLLFLV
CASSQWAGSQPQHF	FLAFLLFLV
CASSASGAGLGETQYF	FLAFLLFLV
CASSDPGRATEAFF	FLAFLLFLV
CASRGLAGGSYEQYF	FLAFLLFLV
CASSTTSGSETQYF	FLAFLLFLV
CSASVPGLAGETQYF	FLAFLLFLV
CAWSVLINEQFF	FLAFLLFLV
CASSLDETSSYEQYF	FLAFLLFLV
CATKSWDSYEQYF	FLAFLLFLV
CSAQGRTMTYNEQFF	FLAFLLFLV
CASSQASGEGNTGELFF	FLAFLLFLV
CASSQVINHGVAGVGEQFF	FLAFLLFLV
CSARGLAGSSYEQYF	FLAFLLFLV
CASSPTWTGDTEAFF	FLAFLLFLV
CASSAGGGTQYF	FLAFLLFLV
CSVGGQGTYEQYF	FLAFLLFLV
CSASLRDSSYNEQFF	FLAFLLFLV
CATSRAWGTSTDTQYF	FLAFLLFLV
CSAMDSSYNEQFF	FLAFLLFLV
CASSELDRDGYTF	FLAFLLFLV
CASSLYSGGYSYEQYF	FLAFLLFLV
CASSPPAGSSGNTIYF	FLAFLLFLV
CSVPLGGPEAFF	FLAFLLFLV
CAASTGSAGYGYTF	FLAFLLFLV
CSAREPLVQPSTDTQYF	FLAFLLFLV
CASSMQGSYNEQFF	FLAFLLFLV
CASSQENLAGGADTQYF	FLAFLLFLV
CASRGTSGRASLSSYEQYF	FLAFLLFLV
CASQDDRGALNQPQHF	FLAFLLFLV
CASSLLAGNNYGYTF	FLAFLLFLV
CASTRRVSGANVLTF	FLAFLLFLV
CSAWDSRNTEAFF	FLAFLLFLV
CASSIRPGVAAENYEQYF	FLAFLLFLV
CASSFSTGRETTGELFF	FLAFLLFLV
CASSFGPGVGAFF	FLAFLLFLV
CASSLDETKGAFF	FLAFLLFLV
CASSQSKFSPLHF	FLAFLLFLV
CASSRDRGAEAFF	FLAFLLFLV
CASSYSPGLWGDEQYF	FLAFLLFLV
CSARDRQISSGANVLTF	FLAFLLFLV
CASSSPDREQYF	FLAFLLFLV
CASSQDWMGDTEAFF	FLAFLLFLV
CASSFGGEAFF	FLAFLLFLV
CASSLEQAYNEQFF	FLAFLLFLV
CASSPEQVLTYEQYF	FLAFLLFLV
CSAYGDLNRTKDTRRGYYGYTF	FLAFLLFLV
CASSMKVGNEQFF	FLAFLLFLV
CAAGREDTEAFF	FLAFLLFLV
CATTGPRQKDRGPTSYEQYF	FLAFLLFLV
CSADPDGSSYEQYF	FLAFLLFLV
CASSPPDTNQPQHF	FLAFLLFLV
CSATGDNVQETQYF	FLAFLLFLV
RASSLTRQVCSYEQYF	FLAFLLFLV
CSPEGILFSVGYTF	FLAFLLFLV
CSARVARLAGVGGEQFF	FLAFLLFLV
CASSMGTSVDNSYNEQFF	FLAFLLFLV
CASSLSVGTEAFF	FLAFLLFLV
CASRGLAGDTYEQYF	FLAFLLFLV
CASSHFRMLVGEQFF	FLAFLLFLV
CATRSPRQYF	FLAFLLFLV
CSASWSMGQPQHF	FLAFLLFLV
CASSLEGGLDTQYF	FLAFLLFLV
CATSSLRGSTDTQYF	FLAFLLFLV
CSADGHREHNEQFF	FLAFLLFLV
CSSSGAGSPNEQFF	FLAFLLFLV
CASRGIAGLAGNPYNEQFF	FLAFLLFLV
CSARDRETYEQYF	FLAFLLFLV
CASSLWTGGPQETQYF	FLAFLLFLV
CASSYARGQFF	FLAFLLFLV
CASSIYLGEYGSYEQYF	FLAFLLFLV
CASSLGLGGPNPGTFF	FLAFLLFLV
CSASSLGVNTEAFF	FLAFLLFLV
CSASLIHNEQFF	FLAFLLFLV
CASSQGFWLAGGDTQYF	FLAFLLFLV
CASSPSWGPYNEQFF	FLAFLLFLV
CASSYSTDTQYF	FLAFLLFLV
CASSYGLGFLYEQYF	FLAFLLFLV
CSASSSAHRVQETQYF	FLAFLLFLV
CASSQDEASGVYNEQFF	FLAFLLFLV
CASSQDVPGTGNQPQHF	FLAFLLFLV
CSATTGTQETQYF	FLAFLLFLV
CASSYSLAGGTYEQYF	FLAFLLFLV
CSADHRGYEQYF	FLAFLLFLV
CASSKRKTQGTANPNEQFF	FLAFLLFLV
CSAQEGGNEQFF	FLAFLLFLV
CASSLDRTPYSNQPQHF	FLAFLLFLV
CASRGTEEETQYF	FLAFLLFLV
CSASLGLAYNEQFF	FLAFLLFLV
CSASLAGEGADTQYF	FLAFLLFLV
CSADSGEETQYF	FLAFLLFLV
CASSPHLGDTEAFF	FLAFLLFLV
CASSLWGTQPQHF	FLAFLLFLV
CSAPAWSTAGGPSGTDTQYF	FLAFLLFLV
CSASTANTEAFF	FLAFLLFLV
CASSYTPGQGAYEQYF	FLAFLLFLV
CASSLGQVTGELFF	FLAFLLFLV
CASSYWGSDTAGANVLTF	FLAFLLFLV
CASSAPLAGGPGELFF	FLAFLLFLV
CASSPNPRREDYSNQPQHF	FLAFLLFLV
CASSLAAGMHEQYF	FLAFLLFLV
CAWGLGEQFF	FLAFLLFLV
CSADRTAQETQYF	FLAFLLFLV
CASSAGLGGANVLTF	FLAFLLFLV
CASSLLVRSGANVLTF	FLAFLLFLV
CASSLWGTGLRGAEQYF	FLAFLLFLV
CSARGLADSYEQYF	FLAFLLFLV
CASNQGGTEAFF	FLAFLLFLV
CASSYKTDYEQYF	FLAFLLFLV
CSARDQAGAMYNEQFF	FLAFLLFLV
CSASLGLQETQYF	FLAFLLFLV
CANTGTGEKLFF	FLAFLLFLV
CSASLEEGLQETQYF	FLAFLLFLV
CASIRGIPAEAFF	FLAFLLFLV
CSVDRYTEAFF	FLAFLLFLV
CASSPTVGTLYNEQFF	FLAFLLFLV
CASSIQSGDTEAFF	FLAFLLFLV
CASSFWAGGKQETQYF	FLAFLLFLV
CSASLGITDTQYF	FLAFLLFLV
CASSFLGRSTGELFF	FLAFLLFLV
CASSPGLATSSYEQYF	FLAFLLFLV
CASSLDDSGANVLTF	FLAFLLFLV
CASSFRDYTYEQYF	FLAFLLFLV
CASSLVAAGNTIYF	FLAFLLFLV
CASSSEVTGGITEAFF	FLAFLLFLV
CSVEAPGLHGSIQYF	FLAFLLFLV
CASSYGPSGELFF	FLAFLLFLV
CASSLLAGGYNEQFF	FLAFLLFLV
CASSGQRQFVFF	FLAFLLFLV
CASSYGGPINEQFF	FLAFLLFLV
CASSLSQDVYF	FLAFLLFLV
CASSFAANTEAFF	FLAFLLFLV
CASSHGITYEQYF	FLAFLLFLV
CASSLSVMNTEAFF	FLAFLLFLV
CASSFPTTGTGETLRSPLHF	FLAFLLFLV
CSVGTWRGYEQYF	FLAFLLFLV
CATSREGKPQHF	FLAFLLFLV
CSASFELSYNEQFF	FLAFLLFLV
CASSLEEGLAGVHEQYF	FLAFLLFLV
CSARDLRLAGDGGQYF	FLAFLLFLV
CSAKRWASGRMEQETQYF	FLAFLLFLV
CSVGLAGGYNEQFF	FLAFLLFLV
CASSLVLGTTRYNEQFF	FLAFLLFLV
CSADAPSGTPYNEQFF	FLAFLLFLV
CASSFLAGGTYNEQFF	FLAFLLFLV
CASSEPDSSNEQFF	FLAFLLFLV
CASSQDEGWQYF	FLAFLLFLV
CSAGTERNSPLHF	FLAFLLFLV
CASSVVVPPGEFSYGYTF	FLAFLLFLV
CASSGHPDSTDTQYF	FLAFLLFLV
CATSNRDSQRGPYEQYF	FLAFLLFLV
CASGPTQGGELFF	FLAFLLFLV
CASSLNPGTSGYTDTQYF	FLAFLLFLV
CSARGLAGSTYEQYF	FLAFLLFLV
CASSLPSHHEGELFF	FLAFLLFLV
CSADSSGTVQETQYF	FLAFLLFLV
CASSPELAGVEQYF	FLAFLLFLV
CASSLWAGASYGYTF	FLAFLLFLV
CASSSLVDRDANTGELFF	FLAFLLFLV
CASSSVVGVSGANVLTF	FLAFLLFLV
CASSPETAEAFF	FLAFLLFLV
CSASANLPTETQYF	FLAFLLFLV
CATSRDRGRKSEKLFF	FLAFLLFLV
CASSLRAGGLTGELFF	FLAFLLFLV
CSADWTSGVQETQYF	FLAFLLFLV
CASSEAGNGRF	FLAFLLFLV
CSASPGQTQETQYF	FLAFLLFLV
CASSEVRGGNNEQFF	FLAFLLFLV
CASRPLQGYVDEKLFF	FLAFLLFLV
CASSYLWASGRAYEQYF	FLAFLLFLV
CSVGVTDENEKLFF	FLAFLLFLV
CSAVIPEENTEAFF	FLAFLLFLV
CASSHVGTGNYEQYF	FLAFLLFLV
CASRAQGYGYTF	FLAFLLFLV
CASSQESLLADYEQYF	FLAFLLFLV
CASSLGGSYEQYF	FLAFLLFLV
CASSSPHEGGPDTQYF	FLAFLLFLV
CASSYFLDFDGNEQFF	FLAFLLFLV
CASSWRLGEPQHF	FLAFLLFLV
CASSLYAGGELFF	FLAFLLFLV
CSVPDVGYTF	FLAFLLFLV
CSARGLAASYEQYF	FLAFLLFLV
CSASDPGQGGLEQFF	FLAFLLFLV
CASSLQDPSDTQYF	FLAFLLFLV
CASSSSGKPADTQYF	FLAFLLFLV
CASSHRTVANTGELFF	FLAFLLFLV
CASSRGGSEPQHF	FLAFLLFLV
CASSQETSGRETQYF	FLAFLLFLV
CASSPENRVYEQYF	FLAFLLFLV
CATSLDKRAYEQYF	FLAFLLFLV
RASSLRPVPRDTQYF	FLAFLLFLV
CSADTRLRDIYEQFF	FLAFLLFLV
CSARVWDRGASYEQYF	FLAFLLFLV
CASSEYGGSYEQYF	FLAFLLFLV
CASSLGLRAEAFF	FLAFLLFLV
CASRGLAESGSLYEQYF	FLAFLLFLV
CSATKEDKGPSGANVLTF	FLAFLLFLV
CSARDRGGSSYEQYF	FLAFLLFLV
CASSDGQGAYEQYF	FLAFLLFLV
CASSPTGGAYGYTF	FLAFLLFLV
CASSQPGQGVDEQYF	FLAFLLFLV
CAISEDVRTGVPTEAFF	FLAFLLFLV
CASSLIETQYF	FLAFLLFLV
CASSQVMARNTGELFF	FLAFLLFLV
CSASREVAYNEQFF	FLAFLLFLV
CSARDTDRGLEKLFF	FLAFLLFLV
CASSIQGLAGVSGANVLTF	FLAFLLFLV
CSVEDVRGPAGTQYF	FLAFLLFLV
CASRGQVGAFF	FLAFLLFLV
CASSYFPTGHKRGTEAFF	FLAFLLFLV
CASRGITSGKVYEQYF	FLAFLLFLV
CASSPQGVGTEAFF	FLAFLLFLV
CASSPKGVFGPGQPQHF	FLAFLLFLV
CSSDQGETQYF	FLAFLLFLV
CASTFWGTGNTEAFF	FLAFLLFLV
CASSQETSGEQFF	FLAFLLFLV
CSVQEINTGELFF	FLAFLLFLV
CSATLEGVQQETQYF	FLAFLLFLV
CASSPRLAGGLGDTQYF	FLAFLLFLV
CASFAGNNSPLHF	FLAFLLFLV
CASSFGTDTQYF	FLAFLLFLV
CASSQEIGLINTDTQYF	FLAFLLFLV
CASSFSGTGGNEQFF	FLAFLLFLV
CSVEGGIDGTGNEQFF	FLAFLLFLV
CSAPQEVRANYGEQYF	FLAFLLFLV
CASGWGGVTQYF	FLAFLLFLV
CASSYWAGDYEQYF	FLAFLLFLV
CASSSDGNEQFF	FLAFLLFLV
CASSGLASSGELFF	FLAFLLFLV
CASSSPESPYEQYF	FLAFLLFLV
CASSFPGGGWTEAFF	FLAFLLFLV
CSAEREGEYNEQFF	FLAFLLFLV
CASTTGQETQYF	FLAFLLFLV
CASSSHLVAEQFF	FLAFLLFLV
CSANRGVGYTDTQYF	FLAFLLFLV
CASSLSHGSSYEQYF	FLAFLLFLV
CASDGRLAGDNEQFF	FLAFLLFLV
CASHAGTSGDEQYF	FLAFLLFLV
CAWSGSTSYNEQFF	FLAFLLFLV
CSVGAVSYEQYF	FLAFLLFLV
CASSQVSANTEAFF	FLAFLLFLV
CSASSQGAGETQYF	FLAFLLFLV
CASSLWAGARYNEQFF	FLAFLLFLV
CSARDLAGAGGEQFF	FLAFLLFLV
CAASQVVDSNQPQHF	FLAFLLFLV
CASSPRQGAYNEQFF	FLAFLLFLV
CASSLFLRGGEAFF	FLAFLLFLV
CSARRVGGDEQFF	FLAFLLFLV
CASSELESEQYF	FLAFLLFLV
CASRYYEQYF	FLAFLLFLV
CASRGPGLAGEGLSYNEQFF	FLAFLLFLV
CSARGVYTGGTYEQYF	FLAFLLFLV
CASSIDGRVRTEAFF	FLAFLLFLV
CASSGGTGAGANVLTF	FLAFLLFLV
CSASSQRVIQETQYF	FLAFLLFLV
CSARDAESYEQYF	FLAFLLFLV
CASSLEGGQFTGELFF	FLAFLLFLV
CATSDPRGEMGTGELFF	FLAFLLFLV
CASSLLAGGDNEQFF	FLAFLLFLV
CSVGTVNTEAFF	FLAFLLFLV
CSVTTTNYEQYF	FLAFLLFLV
CASSPQGVDGYTF	FLAFLLFLV
CASSLGLDRERGYTF	FLAFLLFLV
CASRGILAGANSYEQYF	FLAFLLFLV
CASSVEQGYNSPLHF	FLAFLLFLV
CASSKTGTQNIQYF	FLAFLLFLV
CASSYGTDTQYF	FLAFLLFLV
CSVSSGSNYNEQFF	FLAFLLFLV
CASSQDGGDQPQHF	FLAFLLFLV
CASSFYSNQPQHF	FLAFLLFLV
CASSTTLAGITYEQFF	FLAFLLFLV
CSAGGSTDTQYF	FLAFLLFLV
CSAPSGPSYEQYF	FLAFLLFLV
CATSEHGQGTANEQFF	FLAFLLFLV
CASSFSPPRTGDYEQYF	FLAFLLFLV
CASSWVAGGLSYEQYF	FLAFLLFLV
CSADVAGVYNEQFF	FLAFLLFLV
CSARASDLAVSTDTQYF	FLAFLLFLV
CASSQGIRGAFGEQYF	FLAFLLFLV
CASSLYSGGTEKLFF	FLAFLLFLV
CASSFAKSRSNEQFF	FLAFLLFLV
CASSSTDRGLQETQYF	FLAFLLFLV
CASRADSPVFNEKLFF	FLAFLLFLV
CASSQTGLAGEGQETQYF	FLAFLLFLV
CSATVLAGAQETQYF	FLAFLLFLV
CSARGLADSYEQYF	FLAFLLFLV
CSASTDNNEQFF	FLAFLLFLV
CASQQGLPYEQYF	FLAFLLFLV
CSASYDISETQYF	FLAFLLFLV
CSVPRDLNTEAFF	FLAFLLFLV
CARFPGQKALRTSGANVLTF	FLAFLLFLV
CASSLGSGRFETQYF	FLAFLLFLV
CASSLFGAGGNTGELFF	FLAFLLFLV
CASSLAGGLDTQYF	FLAFLLFLV
CSAADGTSGGITQYF	FLAFLLFLV
CASSGQFTDTQYF	FLAFLLFLV
CASRGRGGSSYEQYF	FLAFLLFLV
CASSQVWDGHSPLHF	FLAFLLFLV
CASSLGGGQGLMNTEAFF	FLAFLLFLV
CASRGLAGGESSYEQYF	FLAFLLFLV
CASREGNTGELFF	FLAFLLFLV
CASSLPQGTTNEKLFF	FLAFLLFLV
CASSLSPGLAGVSTDTQYF	FLAFLLFLV
CASSLIYPGELFF	FLAFLLFLV
CASSPIAGGRRGTDTQYF	FLAFLLFLV
CSASTPENEQFF	FLAFLLFLV
CASSFGGNTIYF	FLAFLLFLV
CASSEIQGEQFF	FLAFLLFLV
CASSLGQGYNEQFF	FLAFLLFLV
CASSETSNTDTQYF	FLAFLLFLV
CASSFPELDRVSYEQYF	FLAFLLFLV
CASSQESVSGYGYTF	FLAFLLFLV
CASSLEELATEAFF	FLAFLLFLV
CASPQSNTGELFF	FLAFLLFLV
CASSQVGQGLIEQFF	FLAFLLFLV
CASSSVGSSYEQYF	FLAFLLFLV
CASSQLSAYNEQFF	FLAFLLFLV
CASSQGQGIDEQYF	FLAFLLFLV
CASSPIGTDSYEQYF	FLAFLLFLV
CSASRVDDTQYF	FLAFLLFLV
CASSRGTGGQYNEQFF	FLAFLLFLV
CASSLFGAGMNTEAFF	FLAFLLFLV
CASSFAAPLGEKLFF	FLAFLLFLV
CASSLWGATYNSPLHF	FLAFLLFLV
CASHVRGSTGELFF	FLAFLLFLV
CASSHEPSYEQYF	FLAFLLFLV
CASSYSDAGELFF	FLAFLLFLV
CASGKAGGEQYF	FLAFLLFLV
CASSQPREGPQETQYF	FLAFLLFLV
CASSETSPETQYF	FLAFLLFLV
CSARGPRHSYEQYF	FLAFLLFLV
CASSGGTGAAFF	FLAFLLFLV
CASSLGGGGNQPQHF	FLAFLLFLV
CASSFFRQSEAFF	FLAFLLFLV
CASSKDPRETQYF	FLAFLLFLV
CASSQLDWVGYEQYF	FLAFLLFLV
CASSLLAGAANQPQHF	FLAFLLFLV
CAWTRTGGEQYF	FLAFLLFLV
CASSFLAGGYNEQFF	FLAFLLFLV
CASSYLLAGGYEQYF	FLAFLLFLV
CASSQDWDIVGTGTSNEQFF	FLAFLLFLV
CASSEVNTGELFF	FLAFLLFLV
CASSPELAGGPGETQYF	FLAFLLFLV
CASSQAAGVISYNEQFF	FLAFLLFLV
CASLGGSGELFF	FLAFLLFLV
CASSLGTALSTDTQYF	FLAFLLFLV
CASSLFGLAGSPSTDTQYF	FLAFLLFLV
CASRGIFEGAYEQYF	FLAFLLFLV
CASTMIAATTNEQFF	FLAFLLFLV
CSASVSGTGEETQYF	FLAFLLFLV
CASSPTGQGALDEKLFF	FLAFLLFLV
CASSLFLAGDEQFF	FLAFLLFLV
CASSSISGRAPNEQFF	FLAFLLFLV
CASSHQGFPLHF	FLAFLLFLV
CASSYGRRYEQYF	FLAFLLFLV
CATSLSGGLNYNEQFF	FLAFLLFLV
CASSYSTSGSVEQYF	FLAFLLFLV
CASSSGAGATNEKLFF	FLAFLLFLV
CASSLGGTEYEQYF	FLAFLLFLV
CASGLKREQYF	FLAFLLFLV
CASSYSNGEQYF	FLAFLLFLV
CASSLGKLFF	FLAFLLFLV
CASSNQLLQGANTGELFF	FLAFLLFLV
CASSQILAYEQYF	FLAFLLFLV
CASRGRDRDTYEQYF	FLAFLLFLV
CASSLLGTGELFF	FLAFLLFLV
CASSEYGTLNTEAFF	FLAFLLFLV
CSGSDRDSEQFF	FLAFLLFLV
CSAQREGRHEQYF	FLAFLLFLV
CSVVVGGGYNEQFF	FLAFLLFLV
CASSPDRGIYEQYF	FLAFLLFLV
CASSSLGGAGQPQHF	FLAFLLFLV
CASSLGGYEQYF	FLAFLLFLV
CASSHSGLAGGPREQFF	FLAFLLFLV
CASSQVGSGSWGDSTDTQYF	FLAFLLFLV
CASRPGPDNTEAFF	FLAFLLFLV
CASSYSTGTGETQYF	FLAFLLFLV
CASSLAATGYNEQFF	FLAFLLFLV
CASTDRGRSYEQYF	FLAFLLFLV
CSARDRASYEQYF	FLAFLLFLV
CASSIPGLAGAGGDTQYF	FLAFLLFLV
CASRAEWNTEAFF	FLAFLLFLV
CASRDYEQYF	FLAFLLFLV
CATGRGGNEQFF	FLAFLLFLV
CASSVGGPDTQYF	FLAFLLFLV
CSARGLLDRADSYEQYF	FLAFLLFLV
CSASPVGYTF	FLAFLLFLV
CSGDETGAYNEQFF	FLAFLLFLV
CSAPSDRELQETQYF	FLAFLLFLV
CASSYSGVGYTF	FLAFLLFLV
CASSEGGDPYEQYF	FLAFLLFLV
CSVVDPVGGVSQPQHF	FLAFLLFLV
CASSYGTGMASGANVLTF	FLAFLLFLV
CSARDRGANYEQYF	FLAFLLFLV
CASSSGQGAGELFF	FLAFLLFLV
CSASVASGGAGETQYF	FLAFLLFLV
CASSESGGTTGELFF	FLAFLLFLV
CASSFGTTNTDTQYF	FLAFLLFLV
CASRGVRGYTF	FLAFLLFLV
CASSLRDRDSGANVLTF	FLAFLLFLV
CASSLLAGGPNEQFF	FLAFLLFLV
CATSTTGKLAGYTF	FLAFLLFLV
CASRPRAGGSEQYF	FLAFLLFLV
CSATAGTRDEQFF	FLAFLLFLV
CASSVGTGAFTDTQYF	FLAFLLFLV
CSARRGDRDRAREEQYV	FLAFLLFLV
CASSYSRTSGRGWDEQFF	FLAFLLFLV
CASSDRVDTGELFF	FLAFLLFLV
CASSPSPGGPNEQYF	FLAFLLFLV
CASSLTSGPPTDTQYF	FLAFLLFLV
CSALISGMMGNEQFF	FLAFLLFLV
CASSGQPSGNTIYF	FLAFLLFLV
CSASTTSGGQETQYF	FLAFLLFLV
CATSDTARDTRTGELFF	FLAFLLFLV
CASSLVGNYEQYF	FLAFLLFLV
CASSLDPRLAGVYNEQFF	FLAFLLFLV
CASSLWAGETQYF	FLAFLLFLV
CSVSDKNYEQYF	FLAFLLFLV
CASSIVDSRNQPQHF	FLAFLLFLV
CSATKPGLARGSEDTQYF	FLAFLLFLV
CASSLSWYTEAFF	FLAFLLFLV
CAWRGTASYEQYF	FLAFLLFLV
CAISVSRTGDDYGYTF	FLAFLLFLV
CASSFSHEQFF	FLAFLLFLV
CASSGHPQMQYF	FLAFLLFLV
CSARENREDTEAFF	FLAFLLFLV
CASSSPGTGGNEQFF	FLAFLLFLV
CASSRDRVEQYF	FLAFLLFLV
CASSFGPREQYF	FLAFLLFLV
CASSPMGSEKLFF	FLAFLLFLV
CASSPPDSYYEQYF	FLAFLLFLV
CSARGYMNTEAFF	FLAFLLFLV
CASSQGENTEAFF	FLAFLLFLV
CASSPGGAFEAFF	FLAFLLFLV
CSATLANNEQFF	FLAFLLFLV
CSVEVSPRGYEQYF	FLAFLLFLV
CASSPRGSGTYDYEQYF	FLAFLLFLV
CASSLSRNNEQFF	FLAFLLFLV
CASSFETGYEQYF	FLAFLLFLV
CAISDPPGTANTEAFF	FLAFLLFLV
CSARGLAHDSSGYEQYF	FLAFLLFLV
CASSWGTEAFF	FLAFLLFLV
CTSRSDYSGGTNTGELFF	FLAFLLFLV
CASSTGKVEETQYF	FLAFLLFLV
CASRTLLQQGYTF	FLAFLLFLV
CSVDGSGLVAEAFF	FLAFLLFLV
CASRGLAGDIGYEQFF	FLAFLLFLV
CASSVPPGGGYNEQFF	FLAFLLFLV
CASSEILAGADEQFF	FLAFLLFLV
CSASVTDRGHEQYF	FLAFLLFLV
CASSPPSPTGSNQPQHF	FLAFLLFLV
CASSFGLAGDALHTDTQYF	FLAFLLFLV
CSVDAESDPYNEQFF	FLAFLLFLV
CASSPGPRLAQNTYNEQFF	FLAFLLFLV
CSARRYMRAGATNEKLFF	FLAFLLFLV
CASSQLAGGNNEQFF	FLAFLLFLV
CASSSGTVPPLGQYF	FLAFLLFLV
CASSPVSNQPQHF	FLAFLLFLV
CATSTLAGEVTDTQYF	FLAFLLFLV
CATSGDIPSTDTQYF	FLAFLLFLV
CASSLAVTVPSTDTQYF	FLAFLLFLV
CASSQEGNTEAFF	FLAFLLFLV
CASSSQGLFEAFF	FLAFLLFLV
CSAQWESYEQYF	FLAFLLFLV
CASSFFSGSYEQYF	FLAFLLFLV
CSASGGVGMETQYF	FLAFLLFLV
CASVGQASGNTIYF	FLAFLLFLV
CASREITGTTYEQYF	FLAFLLFLV
CSAGLESNEQFF	FLAFLLFLV
CASNARPGEGGAGELFF	FLAFLLFLV
CASSLGAGEAGELFF	FLAFLLFLV
CSVTGEVQIGMNTEAFF	FLAFLLFLV
CSASGLAGEGETQYF	FLAFLLFLV
CASSPLNGPSYEQYF	FLAFLLFLV
CASSLETGNYGYTF	FLAFLLFLV
CASSSRQGSHEQYF	FLAFLLFLV
CSADSTSGAYNEQFF	FLAFLLFLV
CASSLVVTSGTGELFF	FLAFLLFLV
CASSLSSGGYEQYF	FLAFLLFLV
CASSLVRQGVNNEQFF	FLAFLLFLV
CASSLRGTQYF	FLAFLLFLV
CSVVGETGFYGYTF	FLAFLLFLV
CASSLAFGTGGRLYQPQHF	FLAFLLFLV
CASRGLSGKTYEQYF	FLAFLLFLV
CASSGLAGGPNTGELFF	FLAFLLFLV
CASSIAGGEQYF	FLAFLLFLV
CASSSGGSSYNEQFF	FLAFLLFLV
CASSPDRGGSPLHF	FLAFLLFLV
CASSHSWELFF	FLAFLLFLV
CASSLWASGEQYF	FLAFLLFLV
CASSQERVQGAPSYEQYF	FLAFLLFLV
CASSTAPGQGNEKLFF	FLAFLLFLV
CSASLGQGDETQYF	FLAFLLFLV
CASSRVLKSEAFF	FLAFLLFLV
CASVGQSSGNTIYF	FLAFLLFLV
CSASEETDTQYF	FLAFLLFLV
CASSSPGLAGGETQYF	FLAFLLFLV
CASSRDRGYEQYF	FLAFLLFLV
CASSLGASSEQYF	FLAFLLFLV
CASSLSGGSGNSPLHF	FLAFLLFLV
CASSSGEVSYNEQFF	FLAFLLFLV
CASSPDEAGNYGYTF	FLAFLLFLV
CASSQDGATNEKLFF	FLAFLLFLV
CASRVYEQYF	FLAFLLFLV
CSASFPHQQETQYF	FLAFLLFLV
CASPEQYF	FLAFLLFLV
CSVLVLGSYEQYF	FLAFLLFLV
CASSPGLGRDTNTGELFF	FLAFLLFLV
CSARGTTPGQGSYEQYF	FLAFLLFLV
CSARETRSSYEQYF	FLAFLLFLV
CSAPLTGTGSTEAFF	FLAFLLFLV
CASSAEGRDYYQETQYF	FLAFLLFLV
CSARGLADSYEQYF	FLAFLLFLV
CASTTYGTNEKLFF	FLAFLLFLV
CASSLSPDSGQGGGYTF	FLAFLLFLV
CASSLGTFQFF	FLAFLLFLV
CASSRVTGPAYGYTF	FLAFLLFLV
CASSFLQGANEQFF	FLAFLLFLV
CSASGSGETQYF	FLAFLLFLV
CSAPPTSGNLYTQYF	FLAFLLFLV
CASSLYAPGHLSGNTIYF	FLAFLLFLV
CASSLVADTGELFF	FLAFLLFLV
CSASSGAQETQYF	FLAFLLFLV
CSADSENTEAFF	FLAFLLFLV
CASSGPVALPRNEQYF	FLAFLLFLV
CASSLTSSVYEQYF	FLAFLLFLV
CASSYTQTNTEAFF	FLAFLLFLV
CSASAETGELFF	FLAFLLFLV
CASSLQGAPNSPLHF	FLAFLLFLV
CSAGLSHNEQFF	FLAFLLFLV
CSADTGVREQFF	FLAFLLFLV
CSAGGTESSYEQYF	FLAFLLFLV
CASSPPAGDRGPYGYTF	FLAFLLFLV
CASSGVPISPLHF	FLAFLLFLV
CSAEGLQRYEQYF	FLAFLLFLV
CSAGDSDSSYNEQFF	FLAFLLFLV
CASSEGLAEETQYF	FLAFLLFLV
CASSLVIDEQFF	FLAFLLFLV
CSASHAAPSGAGWIGETQYF	FLAFLLFLV
CASSYGPSGGYEQYF	FLAFLLFLV
CASSFPRGGSSTDTQYF	FLAFLLFLV
CASSYGMGSEQFF	FLAFLLFLV
CASRFSGQGATNSPLHF	FLAFLLFLV
CASSIEGNGHTEAFF	FLAFLLFLV
CSAIIQGTASYEQYF	FLAFLLFLV
CASSFPGYEQYF	FLAFLLFLV
CSVGPRDSIYNEQFF	FLAFLLFLV
CAISEPGQGLGQPQHF	FLAFLLFLV
CSASGAGAEQFF	FLAFLLFLV
CSASLESETQYF	FLAFLLFLV
CASSPPEGTQYF	FLAFLLFLV
CASSPSTSGAGETQYF	FLAFLLFLV
CASSLEGQGAGANVLTF	FLAFLLFLV
CASSQQGVAFYEQYF	FLAFLLFLV
CASHDPGLGTEAFF	FLAFLLFLV
CASREGTGGNEQFF	FLAFLLFLV
CSATDRQSNEQFF	FLAFLLFLV
CASSQDIGGGEGDTQYF	FLAFLLFLV
CASSQVVSLAAVKGSYEQYF	FLAFLLFLV
CASSSPGTGADEQFF	FLAFLLFLV
CSPSMSSENYGYTF	FLAFLLFLV
CASSSAGGDLYEQYF	FLAFLLFLV
CSVRESYEQYF	FLAFLLFLV
CASDGTSGINEQFF	FLAFLLFLV
CASSVASSGLPYEQYF	FLAFLLFLV
CSVDGLAGLYNEQFF	FLAFLLFLV
CASSQPTDHNTEAFF	FLAFLLFLV
CSVDLPGGPEQFF	FLAFLLFLV
CASSGANVLTF	FLAFLLFLV
CASSVAGGLDTQYF	FLAFLLFLV
CASSSPGGMVDEQFF	FLAFLLFLV
CASSQLAGASNEQFF	FLAFLLFLV
CASSRQGARDEQYF	FLAFLLFLV
CASSLSPGGNQPQHF	FLAFLLFLV
CASSSGAQYF	FLAFLLFLV
CASSQPIRQADLVAQYF	FLAFLLFLV
CSGGREATDTQYF	FLAFLLFLV
CASSYGWGNEQFF	FLAFLLFLV
CASSIDQGTSYNEQFF	FLAFLLFLV
CASRGAGYSSYEQYF	FLAFLLFLV
CSAPQIGGSHNEQFF	FLAFLLFLV
CASSPPRTGYSYEQYF	FLAFLLFLV
CSARGLADSYEQYF	FLAFLLFLV
CASSYLGGNTEAFF	FLAFLLFLV
CASSEQGPNTEAFF	FLAFLLFLV
CASSPPSSGGRSPYEQYF	FLAFLLFLV
CASSSTGGGSPLHF	FLAFLLFLV
CASSFRTSGIDTGELFF	FLAFLLFLV
CAISEASAHNEQFF	FLAFLLFLV
CASWGMGLEQYF	FLAFLLFLV
CASSSATGPNTGELFF	FLAFLLFLV
CASLGVLWNTEAFF	FLAFLLFLV
CASSPQGLAGGSEQFF	FLAFLLFLV
CASSLSQLRTVEPFTDTQYF	FLAFLLFLV
CASSLPGQVVTDTQYF	FLAFLLFLV
CASSPGGFTRRADTQYF	FLAFLLFLV
CASSGPLDLVFPTYEQYF	FLAFLLFLV
CASSYQGVNTEAFF	FLAFLLFLV
CSAIQVDETNYGYTF	FLAFLLFLV
CSVAIGGETQYF	FLAFLLFLV
CASSVGLGLAGVRTDTQYF	FLAFLLFLV
CASSHSGAGSYNEQFF	FLAFLLFLV
CASSYSRHRGLSYEQYF	FLAFLLFLV
CASSPTGLDTEAFF	FLAFLLFLV
CASSLVAGGPYEQYF	FLAFLLFLV
CATSPIHHLAGTYNEQFF	FLAFLLFLV
CSARATESSYNEQFF	FLAFLLFLV
CASSESGVGTEQFF	FLAFLLFLV
CSAVNNDRVEAFF	FLAFLLFLV
CATSVPITGIETQYF	FLAFLLFLV
CASSFGGIEQFF	FLAFLLFLV
CASSRQWSPRGTEAFF	FLAFLLFLV
CASSPPGISINEQFF	FLAFLLFLV
CASSYGDNNEQFF	FLAFLLFLV
CASNLVGGSYNEQFF	FLAFLLFLV
CASTIPLAGGTDTQYF	FLAFLLFLV
CSASDVIAGASYEQYF	FLAFLLFLV
CASSSTIGQAVYGYTF	FLAFLLFLV
CSVEDPYSSGYGYTF	FLAFLLFLV
CAISEDLVGAGYGYTF	FLAFLLFLV
CASVPLTGVGELFF	FLAFLLFLV
CASSPDSRDSYF	FLAFLLFLV
CASSPQLGGTNEKLFF	FLAFLLFLV
CASSATGGGEQFF	FLAFLLFLV
CASSASAGGVSYNEQFF	FLAFLLFLV
CASSPAGFTDTQYF	FLAFLLFLV
CSASGGTGESYNEQFF	FLAFLLFLV
CASSPTGSEQYF	FLAFLLFLV
CASSPTVNTEAFF	FLAFLLFLV
CASSIRWVEGGEEDTQYF	FLAFLLFLV
CASSRTVGPPFDYGYTF	FLAFLLFLV
CASSSGTEVVANTGELFF	FLAFLLFLV
CASSTDRRDTQYF	FLAFLLFLV
CASRSGGPYEQYF	FLAFLLFLV
CASSSPSGGINEQFF	FLAFLLFLV
CAISEYVPNTGELFF	FLAFLLFLV
CASSIDPQGGNTIYF	FLAFLLFLV
CASSLSTANPSTDTQYF	FLAFLLFLV
CASSGTSGSGYF	FLAFLLFLV
CAWRARGEYEQYF	FLAFLLFLV
CASSRLAGGDNEQFF	FLAFLLFLV
CSATLGGGGNQPQHF	FLAFLLFLV
CASSLAGNTEAFF	FLAFLLFLV
CASSYSLAVYTDTQYF	FLAFLLFLV
CSADRSEVLAKNIQYF	FLAFLLFLV
CSASDGSYEQYF	FLAFLLFLV
CASSQDSRGGYEQYF	FLAFLLFLV
CASSLYQNTEAFF	FLAFLLFLV
CASSLEDSSNQPQHF	FLAFLLFLV
CSASVENTEAFF	FLAFLLFLV
CASSWEGGYNEQFF	FLAFLLFLV
CSAGPWGPVYEQYF	FLAFLLFLV
CSAYANTGELFF	FLAFLLFLV
CASSQDTGWETQYF	FLAFLLFLV
CASLQGAKFF	FLAFLLFLV
CASSYSRWKRPYNEQFF	FLAFLLFLV
CASSEVYSITGELFF	FLAFLLFLV
CATSSSRGYYGYTF	FLAFLLFLV
CASGNLAGGPTDEQFF	FLAFLLFLV
CASSQRDLHIQYF	FLAFLLFLV
CASAASGPSYNEQFF	FLAFLLFLV
CASSLTGLMNTEAFF	FLAFLLFLV
CASSPPSSEQYF	FLAFLLFLV
CASSQLAGGHNEQFF	FLAFLLFLV
CASRLAGKLHEQFF	FLAFLLFLV
CASSDGVGNEQFF	FLAFLLFLV
CASSLLAGGDNEQFF	FLAFLLFLV
CSAADGGSTGELFF	FLAFLLFLV
CASSDSWTGNTEAFF	FLAFLLFLV
CASSGLAGGRSQFF	FLAFLLFLV
CANPLDSQGAEAFF	FLAFLLFLV
CASRPGLDYEQYF	FLAFLLFLV
CASSYLAGGSNEQFF	FLAFLLFLV
CSHSRAKPEETQYF	FLAFLLFLV
CASVRANSYEQYF	FLAFLLFLV
CSASEPGLAGGPKDTQYF	FLAFLLFLV
CATSPLTGALTDTQYF	FLAFLLFLV
CASQGRDSYGDGYTF	FLAFLLFLV
CSASWERTQETQYF	FLAFLLFLV
CASSLTGYGNTIYF	FLAFLLFLV
CSARDRGASYLDEQFF	FLAFLLFLV
CASSITGNEQFF	FLAFLLFLV
CSARGFAGATYEQYF	FLAFLLFLV
CASSLAISAGAATEAFF	FLAFLLFLV
CSASREEITDTQYF	FLAFLLFLV
CASSLYLGADEQFF	FLAFLLFLV
CSARGFAGDSYEQYF	FLAFLLFLV
CASSSRDSTDTQYF	FLAFLLFLV
CATSDLGNSYNEQFF	FLAFLLFLV
CSPQGNQPQHF	FLAFLLFLV
CASSQGNHPVPYEQYF	FLAFLLFLV
CASSQDRDYRFHNEQFF	FLAFLLFLV
CASSPPDRVNEQYF	FLAFLLFLV
CASSLALLDNEQFF	FLAFLLFLV
CASSLGTELQETQYF	FLAFLLFLV
CASSLETQGGLSNQPQHF	FLAFLLFLV
CSAWDRGDTQYF	FLAFLLFLV
CSVEPGQGTYGYTF	FLAFLLFLV
RASSLEHRSNQPQHF	FLAFLLFLV
CASSLWPGMNTEAFF	FLAFLLFLV
CASSHYQGDGYGYTF	FLAFLLFLV
CASSLSRAGVYNEQFF	FLAFLLFLV
CSAREGTGINEQYF	FLAFLLFLV
CASSIGGEAFF	FLAFLLFLV
CSADRPGKHNEQFF	FLAFLLFLV
CASSLSYPGGRSTEAFF	FLAFLLFLV
CSASQGESYNEQFF	FLAFLLFLV
CSGTTGAQETQYF	FLAFLLFLV
CASSWTGNNEQFF	FLAFLLFLV
CASQQGFLGYTF	FLAFLLFLV
CASSDLWASGRFEQFF	FLAFLLFLV
CASSFERANYGYTF	FLAFLLFLV
CSASKENSEQYF	FLAFLLFLV
CASSLYGDEQYF	FLAFLLFLV
CASSQDHAGGPGYNEQFF	FLAFLLFLV
CASSLSGVAMRGSTDTQYF	FLAFLLFLV
CATSSLAKSTDTQYF	FLAFLLFLV
CASSRDRGYEQYF	FLAFLLFLV
CSAEREASYNEQFF	FLAFLLFLV
CASFLAGNEQFF	FLAFLLFLV
CASSLTASSGNTIYF	FLAFLLFLV
CSAHPEAETDTQYF	FLAFLLFLV
CSDGQGEGYTF	FLAFLLFLV
CATSLGVTSNQPQHF	FLAFLLFLV
CASTVTGLSVNNEQFF	FLAFLLFLV
CASSFWTSSRGTEAFF	FLAFLLFLV
CSARTAGDTQYF	FLAFLLFLV
CSARSLADSYEQYF	FLAFLLFLV
CSARDAQTGGTEAFF	FLAFLLFLV
CSARDLLASYEQYF	FLAFLLFLV
CASSLQRTGSTDTQYF	FLAFLLFLV
CASSFLREETQYF	FLAFLLFLV
CSASEEGAYNEQFF	FLAFLLFLV
CASSLAGTATIQETQYF	FLAFLLFLV
CASSEGQGAHLPQHF	FLAFLLFLV
CASSPPQLAQGSTEAFF	FLAFLLFLV
CSANGQTTDTQYF	FLAFLLFLV
CASSQLAGGINEQFF	FLAFLLFLV
CATGLAGGQAEQYF	FLAFLLFLV
CASSLTFTGQLSGNTEAFF	FLAFLLFLV
CASSPYTSGQEQYF	FLAFLLFLV
CASSPGPGVGTEAFF	FLAFLLFLV
CSVAEGAYNEQFF	FLAFLLFLV
CSASDRDSEQFF	FLAFLLFLV
CASSGTENTEAFF	FLAFLLFLV
CASSPGGAGETQYF	FLAFLLFLV
CASSIDAGTNQPQHF	FLAFLLFLV
CASSQVLSYAYEQYF	FLAFLLFLV
CASRGPQGEYYEQYF	FLAFLLFLV
CASRRTENYEQYF	FLAFLLFLV
CASSASLAGGRSGETQYF	FLAFLLFLV
CAISDGNLETQYF	FLAFLLFLV
CASSRPARDTQYF	FLAFLLFLV
CASSLAGQGAMDEKLFF	FLAFLLFLV
CASSEYFEGPNTGELFF	FLAFLLFLV
CASIGENTGELFF	FLAFLLFLV
CSASLLANEQFF	FLAFLLFLV
CASSQEEGLAGVETQYF	FLAFLLFLV
CASSEGWASSYNEQFF	FLAFLLFLV
CASSLGDRASSYNEQFF	FLAFLLFLV
CSVTGQVNTEAFF	FLAFLLFLV
CSASFGGSADTQYF	FLAFLLFLV
CASSWQGGLETQYF	FLAFLLFLV
CSAPGLAGGQTDTQYF	FLAFLLFLV
CASSIAPVQPQHF	FLAFLLFLV
CASSLARVETQYF	FLAFLLFLV
CASSLYGGLLGTDTQYF	FLAFLLFLV
CASSPGGGGEAFF	FLAFLLFLV
CASSLTRGSYEQYF	FLAFLLFLV
CASNHWTGSEAFF	FLAFLLFLV
CASRGMTGTGNSYEQYF	FLAFLLFLV
CSAREIRDRRGNQPQHF	FLAFLLFLV
CASSSETSGANEQFF	FLAFLLFLV
CASSQDGGLDTQYF	FLAFLLFLV
CASSSPLRVYEQYF	FLAFLLFLV
CSASEPDRVNSYEQYF	FLAFLLFLV
CASSFTSGANEQFF	FLAFLLFLV
CASSFEPGQTTDTQYF	FLAFLLFLV
CASSQHPGNTEAFF	FLAFLLFLV
CSASRGGNQPQHF	FLAFLLFLV
CASSLPGLDIIPPLHF	FLAFLLFLV
CASSYYMGQGSDNTGELFF	FLAFLLFLV
CASSDPQWGTDTQYF	FLAFLLFLV
CASSTEMQETQYF	FLAFLLFLV
CASSWGRDTEAFF	FLAFLLFLV
CATSFRNQPQHF	FLAFLLFLV
CASRRTSGGLSTDTQYF	FLAFLLFLV
CASSRTSAIEQFF	FLAFLLFLV
CSATETTDTQYF	FLAFLLFLV
CASSMIVGETQYF	FLAFLLFLV
CSASGLAGETQYF	FLAFLLFLV
CASSALAGASNEQFF	FLAFLLFLV
CASSLRGNIQYF	FLAFLLFLV
CSAAWELSSYNEQFF	FLAFLLFLV
CSALVFGQFF	FLAFLLFLV
CASSLAGGPYNEQFF	FLAFLLFLV
CASRWTGELFF	FLAFLLFLV
CASSDPRASNTGELFF	FLAFLLFLV
CASSFPGQFDEAFF	FLAFLLFLV
CASSLIPVTSGSRDTQYF	FLAFLLFLV
CSAPASDDLNTEAFF	FLAFLLFLV
CASSVGGNLANYGYTF	FLAFLLFLV
CASSVFRDNEQFF	FLAFLLFLV
CASSYPDYEQYF	FLAFLLFLV
CASSFSPSSYNEQFF	FLAFLLFLV
CASSLEGYSNQPQHF	FLAFLLFLV
CASSDPGLAETSSYNEQFF	FLAFLLFLV
CSARDVRQGDNEQFF	FLAFLLFLV
CASSLGHPAGNTIYF	FLAFLLFLV
CASSLAHQETQYF	FLAFLLFLV
CASSQGPQRGAPYEQYF	FLAFLLFLV
CASSNTPGSASGNTIYF	FLAFLLFLV
CASSLGRGSYNEQFF	FLAFLLFLV
CATSREGGLLVPEAFF	FLAFLLFLV
CASSPASNQPQHF	FLAFLLFLV
CASISPGDMNTEAFF	FLAFLLFLV
CASRLRGTGAWNEQFF	FLAFLLFLV
CASSQDFGGYEQYF	FLAFLLFLV
CASSLREGYNEQFF	FLAFLLFLV
CASRGLAGGPSYEQYF	FLAFLLFLV
CSASKVDTEAFF	FLAFLLFLV
CSASGIDNEQFF	FLAFLLFLV
CASRGQSKDGVAYEQYF	FLAFLLFLV
CASSIGLREIPDTQYF	FLAFLLFLV
CSADGQEAGQPQHF	FLAFLLFLV
CASSGGGLGGYNEQFF	FLAFLLFLV
CASSPDRGYEQYF	FLAFLLFLV
CSASAGQAQETQYF	FLAFLLFLV
CASSLYGQGGDEQFF	FLAFLLFLV
CASSQDGYNEQFF	FLAFLLFLV
CSARDRQGYEQYF	FLAFLLFLV
CASSLGLAGGWEQFF	FLAFLLFLV
CASRGRAPEGNSYEQYF	FLAFLLFLV
CASRTKVDSTQPQHF	FLAFLLFLV
CASSSGQGADRGNQPQHF	FLAFLLFLV
CASSSPGSPSGTDTQYF	FLAFLLFLV
CASSTGTLSQETQYF	FLAFLLFLV
CSASGRGNEQFF	FLAFLLFLV
CASSEYTGQTPLRAFF	FLAFLLFLV
CSQAGRGNEQFF	FLAFLLFLV
CASSLVGITDTQYF	FLAFLLFLV
CASRGVVDRTLSYEQYF	FLAFLLFLV
CASSHGAIGLWANVLTF	FLAFLLFLV
CASSLDNLYGYTF	FLAFLLFLV
CSAHTGTSGETQYF	FLAFLLFLV
CASKGQGTPNEQFF	FLAFLLFLV
CASSDQQSSQETQYF	FLAFLLFLV
CASSTTRIGTGELFF	FLAFLLFLV
CASSQDVMGMGYTF	FLAFLLFLV
CASSQASGVPSHNEQFF	FLAFLLFLV
CASSLGQGEVGTEAFF	FLAFLLFLV
CSASFSSGQETQYF	FLAFLLFLV
CASSHGLQLVGEQFF	FLAFLLFLV
CASSQERLHNEQFF	FLAFLLFLV
CAWSVHELAGDEQFF	FLAFLLFLV
CASSLETAQGEQYF	FLAFLLFLV
CASSKGTDSRNTEAFF	FLAFLLFLV
CASRGLAGKTYEQYF	FLAFLLFLV
CASSPLGTDKETQYF	FLAFLLFLV
CSASEEGRGNEQFF	FLAFLLFLV
CASSLGTVYNEQFF	FLAFLLFLV
CASSLAPGGILDEQFF	FLAFLLFLV
CASSHISGGQYF	FLAFLLFLV
CASSLWPGYEQYF	FLAFLLFLV
CATVTGTKNNEQFF	FLAFLLFLV
CASRQYEQYF	FLAFLLFLV
CASSLFLNNEQFF	FLAFLLFLV
CASMGTSGIWDEQFF	FLAFLLFLV
CASSPSGYGNIQYF	FLAFLLFLV
CSARDRTASYEQYF	FLAFLLFLV
CASSPIGSMGTEAFF	FLAFLLFLV
CASSSGAVDTDTQYF	FLAFLLFLV
CASSLSGPGRPYGYTF	FLAFLLFLV
CASSLTTGGSAIQYF	FLAFLLFLV
CASSPDGEADTQYF	FLAFLLFLV
CASSQTLAEQFF	FLAFLLFLV
CASSIRTASYGYTF	FLAFLLFLV
CASIGPPNTGELFF	FLAFLLFLV
CASSTTGTKFYF	FLAFLLFLV
CASSVEGGRRAYEQYF	FLAFLLFLV
CASSYSVRGEQYF	FLAFLLFLV
CASTASGGHEQFF	FLAFLLFLV
CASSPLGRLNTEAFF	FLAFLLFLV
CASSQKAGEPIYNEQFF	FLAFLLFLV
CSADDERRYNEQFF	FLAFLLFLV
CSASGTGDSTDTQYF	FLAFLLFLV
CASSLDPLVSGIGEQYF	FLAFLLFLV
CASSLFSSTGELFF	FLAFLLFLV
CASSQDRLAGGLSYEQYF	FLAFLLFLV
CASHKVVSWYF	FLAFLLFLV
CASSPSFAELFF	FLAFLLFLV
CASSSGTGYEQYF	FLAFLLFLV
CSVPTWLAGGTNEQYF	FLAFLLFLV
CASSDRDLDWNTEAFF	FLAFLLFLV
CATSSIDGGQFYNEQFF	FLAFLLFLV
CSASVLRDSQETQYF	FLAFLLFLV
CSAASSGIEQFF	FLAFLLFLV
CASSYSPGFTDTQYF	FLAFLLFLV
CSAGSGAGYNEQFF	FLAFLLFLV
CASSEWGAIPHEQFF	FLAFLLFLV
CASTPWDSTGYGYTF	FLAFLLFLV
CASSYSGSSYNEQFF	FLAFLLFLV
CSARGAGWNEQFF	FLAFLLFLV
CSANPRDGNNEQFF	FLAFLLFLV
CASSEYFGGSGTEAFF	FLAFLLFLV
CSANSLGGGTDTQYF	FLAFLLFLV
CASSAWVGEGVETQYF	FLAFLLFLV
CASSTGLASDIQYF	FLAFLLFLV
CAWRLAGFYEQYF	FLAFLLFLV
CSVGRSGGNTGELFF	FLAFLLFLV
CASSGQGSENEQFF	FLAFLLFLV
CSPTGPNTEAFF	FLAFLLFLV
CASSTGNTIYF	FLAFLLFLV
CSGGGETQYF	FLAFLLFLV
CASSLYGRSQEPLHF	FLAFLLFLV
CSVLSGQGASGNTIYF	FLAFLLFLV
CASSLDGPMNTEAFF	FLAFLLFLV
CASSQGGQLNTEAFF	FLAFLLFLV
CASSLFSSYNEQFF	FLAFLLFLV
CSVDLAAGNTEAFF	FLAFLLFLV
CSASREASGMGNQETQYF	FLAFLLFLV
CASSLTLPSSYNEQFF	FLAFLLFLV
CASSFAGVGEQYF	FLAFLLFLV
CASSEGWGENTQYF	FLAFLLFLV
CASSQGLAASSYNEQFF	FLAFLLFLV
CASSEDIGTSGTFSYNEQFF	FLAFLLFLV
CASSPAGRGDHF	FLAFLLFLV
CSASTETYEQYF	FLAFLLFLV
CASSEGVIKYQETQYF	FLAFLLFLV
CATSSLETQYF	FLAFLLFLV
CASSFGTTGGPLFSYEQYF	FLAFLLFLV
CSAQGFSNNEQFF	FLAFLLFLV
CASSHIADSYEQYF	FLAFLLFLV
CSAEEFDNSPLHF	FLAFLLFLV
CASSLATSTGANVLTF	FLAFLLFLV
CASSPSIGLTLYEQYF	FLAFLLFLV
CSALAGKAYNEQFF	FLAFLLFLV
CASSPGLAYEQYF	FLAFLLFLV
CATSSASGTSGPTDTQYF	FLAFLLFLV
CASSLVEGGAGFSYSYEQYF	FLAFLLFLV
CSASVNTGELFF	FLAFLLFLV
CASSSPQRGDTEAFF	FLAFLLFLV
CASSFIQGSNQPQHF	FLAFLLFLV
CASSLFSGNEQFF	FLAFLLFLV
CASMGLAGIEQFF	FLAFLLFLV
CSARDLEEIGETQYF	FLAFLLFLV
CASSLAGAEQYV	FLAFLLFLV
CASSLAGEGGEQFF	FLAFLLFLV
CASSGGDRGLGGGYNEQFF	FLAFLLFLV
CSAPSLGGYTF	FLAFLLFLV
CASSGGTSGTLYEQYF	FLAFLLFLV
CASSSQGARGADTQYF	FLAFLLFLV
CASSLDSGTGKSYEQYF	FLAFLLFLV
CSAVLKGLDQPQHF	FLAFLLFLV
CASKPGQGSYEQYF	FLAFLLFLV
CSARGLAGGQYEQYF	FLAFLLFLV
CASRLTSTDYEQYF	FLAFLLFLV
CASSAGTVEKRF	FLAFLLFLV
CSASALSYEQYF	FLAFLLFLV
CASSYSSLAESSYEQYF	FLAFLLFLV
CSGLTGDDYEQYF	FLAFLLFLV
CSITGNTEAFF	FLAFLLFLV
CASRGTAEYTDTQYF	FLAFLLFLV
CASGFLVAQIPGLNTEAFF	FLAFLLFLV
CASSRARTSPSTDTQYF	FLAFLLFLV
CASSLRGYNEQFF	FLAFLLFLV
CASRGNSPLHF	FLAFLLFLV
CASSFTGTGELFF	FLAFLLFLV
CSTLAGVSYNEQFF	FLAFLLFLV
CSASGQGYEQYF	FLAFLLFLV
CASSLDSREQYF	FLAFLLFLV
CASRAGQSYEQYF	FLAFLLFLV
CASSVSGSLTDTQYF	FLAFLLFLV
CASSTGMGNEQFF	FLAFLLFLV
CASSPTGTEAFF	FLAFLLFLV
CASSIGAGGTDTQYF	FLAFLLFLV
CASSHRAAGAFTDTQYF	FLAFLLFLV
CASSLYGKVQPQHF	FLAFLLFLV
CASSYAVAGRSTDTQYF	FLAFLLFLV
CAWSHGSEQFF	FLAFLLFLV
CSAGQTYLEQYF	FLAFLLFLV
CSGSTWDTEAFF	FLAFLLFLV
CSASVRDGDNEQFF	FLAFLLFLV
CATSDHGQGAYNEQFF	FLAFLLFLV
CASSYWQPTEAFF	FLAFLLFLV
CASRRGESYEQYF	FLAFLLFLV
CRPLGVVYGYTF	FLAFLLFLV
CASIRGEGLNTPDTQYF	FLAFLLFLV
CSASWENNEQFF	FLAFLLFLV
CASSFLTDEQFF	FLAFLLFLV
CASSQLSGIGYEQYF	FLAFLLFLV
CASSLPSGRANTGELFF	FLAFLLFLV
CASINPRNTEAFF	FLAFLLFLV
CASSYFPSGLAGSRADTQYF	FLAFLLFLV
CASRGIGTEAFF	FLAFLLFLV
CSAHPRDRVLYEQYF	FLAFLLFLV
CASSQYHPDTQYF	FLAFLLFLV
CASSYSGYEQYF	FLAFLLFLV
CSATTGGLPYEETQYF	FLAFLLFLV
CASSYSGSEQFF	FLAFLLFLV
CSATREGAAGRQETQYF	FLAFLLFLV
CASRGNSGEIYEQYF	FLAFLLFLV
CASSVGLAGVYNEQFF	FLAFLLFLV
CSAGLEERYNEQFF	FLAFLLFLV
CASSQDPSGGEDNEQFF	FLAFLLFLV
CASSPFSNQPQHF	FLAFLLFLV
CASGPAGGVTDTQYF	FLAFLLFLV
CASRGIGAGGPFYEQYF	FLAFLLFLV
CASSSQGLVVNEQFF	FLAFLLFLV
CASTQTQGSNYGYTF	FLAFLLFLV
CASSQHEGANSPLHF	FLAFLLFLV
CARSQGAQSQETQYF	FLAFLLFLV
CSANMISYEQYF	FLAFLLFLV
CASSPGGLAESTDTQYF	FLAFLLFLV
CASSSTRGYTF	FLAFLLFLV
CASSGGQGGWQPQHF	FLAFLLFLV
CASWGTGSGYTF	FLAFLLFLV
CATSLMGRQGDF	FLAFLLFLV
CASSLLAASSRSYEQYF	FLAFLLFLV
CASSVLAGGDNEQFF	FLAFLLFLV
CASSEARSGTDYGYTF	FLAFLLFLV
CSARGPWNTEAFF	FLAFLLFLV
CASSQEDVRASTDTQYF	FLAFLLFLV
CASSLAHVRSSDTQYF	FLAFLLFLV
CASSGTYGTDTQYF	FLAFLLFLV
CASSQFGGVVDTQYF	FLAFLLFLV
CASSLGGNEQFF	FLAFLLFLV
CSAPGLAGPTDTQYF	FLAFLLFLV
CASSVFPYNEQFF	FLAFLLFLV
CASSLDPGTSGGRVSYNEQFF	FLAFLLFLV
CASSYSPGQATFDEKLFF	FLAFLLFLV
CSVDGAPLFEAFF	FLAFLLFLV
CASSLADRGPGGANVLTF	FLAFLLFLV
CSVVVVGETQYF	FLAFLLFLV
CASSLGPNEQFF	FLAFLLFLV
CASSLRLAGDDNEQFF	FLAFLLFLV
CASSSTGFLNTEAFF	FLAFLLFLV
CASMDPGQGDTEAFF	FLAFLLFLV
CSADQGGAQETQYF	FLAFLLFLV
CSAGTESAGGVPSYNEQFF	FLAFLLFLV
CSATGTTNEQFF	FLAFLLFLV
CASSYSLGQNTEAFF	FLAFLLFLV
CASSDFGTGVYEQYF	FLAFLLFLV
CASSQDRLQETQYF	FLAFLLFLV
CASTTDRVEQYF	FLAFLLFLV
CASSQGSYEQYF	FLAFLLFLV
CASTGGGELFF	FLAFLLFLV
CASSSRQGMGEKLFF	FLAFLLFLV
CASSGQQAKETQYF	FLAFLLFLV
CASSLDEVRHTGGIQYF	FLAFLLFLV
CSVTTVNTEAFF	FLAFLLFLV
CASSPGLSSYNEQFF	FLAFLLFLV
CASSPQSGGDYTDTQYF	FLAFLLFLV
CASSLGGGEQYF	FLAFLLFLV
CSATGLAVEETQYF	FLAFLLFLV
CASSYSGAGELFF	FLAFLLFLV
CATSDRRWLSGNTIYF	FLAFLLFLV
CASSLLAVQLNTGELFF	FLAFLLFLV
CASSFNGGPADTQYF	FLAFLLFLV
CASSYLSVGQGEAFF	FLAFLLFLV
CASRGRTSRVPSTYEQYF	FLAFLLFLV
CASSLGQGANEQYF	FLAFLLFLV
CATSRGTRDNSPLHF	FLAFLLFLV
CSASPYYEQYF	FLAFLLFLV
CATSGTSADTQYF	FLAFLLFLV
CASSPIRGDGSEAFF	FLAFLLFLV
CASRTSQPRGRSTDTQYF	FLAFLLFLV
CATRDPRGRGEQFF	FLAFLLFLV
CASSIQGSTNEKLFF	FLAFLLFLV
CASRVAGAYTGELFF	FLAFLLFLV
CASSLVGSSYEQYF	FLAFLLFLV
CASSQGVAGGELFF	FLAFLLFLV
CASSPRRGLETQYF	FLAFLLFLV
CSARDWAGNSYEQYF	FLAFLLFLV
CASRGGTSYEQYF	FLAFLLFLV
CSARGRGTGTEAFF	FLAFLLFLV
CASSPPASGANVLTF	FLAFLLFLV
CASSLELNEQFF	FLAFLLFLV
CASWGGERGYTF	FLAFLLFLV
CASSRGGVGADEQYF	FLAFLLFLV
CSATPGHQLGETQYF	FLAFLLFLV
CASRPQGQGGYEQYF	FLAFLLFLV
CASSHSPGYEQFF	FLAFLLFLV
CASSPPEDRAQYF	FLAFLLFLV
CSASYWGAGNTGELFF	FLAFLLFLV
CSARVWDSSQETQYF	FLAFLLFLV
CASSLEPGEQYF	FLAFLLFLV
CASSPEGSGSYKETQYF	FLAFLLFLV
CASSNSGAGEKLFF	FLAFLLFLV
CSARDSGAGTRDYEQYF	FLAFLLFLV
CASSRLAGGSNEQFF	FLAFLLFLV
CAWTGPLGYTF	FLAFLLFLV
CASSLDPDLLNTEAFF	FLAFLLFLV
CASSLTKIARAQTLQGALSSPLHF	FLAFLLFLV
CASSSDGYSNQPQHF	FLAFLLFLV
CSASSGPADTQYF	FLAFLLFLV
CAISDGGASTDTQYF	FLAFLLFLV
CASSPTANEQFF	FLAFLLFLV
CASSSYILSRETQYF	FLAFLLFLV
CASSPELADNEQFF	FLAFLLFLV
CASRSRDRTTYEQYF	FLAFLLFLV
CASSQDPSTSGGSTDTQYF	FLAFLLFLV
CSASAGVGYNEQFF	FLAFLLFLV
CATSSMTEYTDTQYF	FLAFLLFLV
CASSTVTYNEQFF	FLAFLLFLV
CSASEEGTSGYNEQFF	FLAFLLFLV
CARGLGGDTQYF	FLAFLLFLV
CASSTGGAGYEQYF	FLAFLLFLV
CASRGPYSETQYF	FLAFLLFLV
CSARELTSSYEQYF	FLAFLLFLV
CASSQDVDLPGAFF	FLAFLLFLV
CASLQLGSDTQYF	FLAFLLFLV
CSVEGRTGGAVNEQYF	FLAFLLFLV
CASSLYGRGELFF	FLAFLLFLV
CSASIGVDDTQYF	FLAFLLFLV
CATSDPSGTVATNEKLFF	FLAFLLFLV
CASSWGYRGGDTEAFF	FLAFLLFLV
CASSYSSGGAPDTQYF	FLAFLLFLV
CASSFFQNTGELFF	FLAFLLFLV
CASSLSTAGYTF	FLAFLLFLV
CSARRREDSYEQYF	FLAFLLFLV
CASSFVGGSNEQFF	FLAFLLFLV
CSARGYSDSYEQYF	FLAFLLFLV
CASSRDATGGNTEAFF	FLAFLLFLV
CASSLSGLNEQFF	FLAFLLFLV
CSASAGLAGEETQYF	FLAFLLFLV
CASSYRQGRTDTQYF	FLAFLLFLV
CASSPPGLAGELFF	FLAFLLFLV
CASSLWSHRNEQFF	FLAFLLFLV
CASSWDRGYEQYF	FLAFLLFLV
CASSLLAGTYNEQFF	FLAFLLFLV
CASSLGDRLSGANVLTF	FLAFLLFLV
CAWSLAGGPNEQFF	FLAFLLFLV
CSASLGDSVRETQYF	FLAFLLFLV
CASSLIAGGQNTGELFF	FLAFLLFLV
CASSNWTGVNYGYTF	FLAFLLFLV
CATSRELQGGDTQYF	FLAFLLFLV
CSARGEKGRAHTEAFF	FLAFLLFLV
CASSGQGQVNEQFF	FLAFLLFLV
CSASWDRGEETQYF	FLAFLLFLV
CASRGTGQATYEQYF	FLAFLLFLV
CASWQGEETQYF	FLAFLLFLV
CASSLEDRSGYEQYF	FLAFLLFLV
CASRIGTFYEQYF	FLAFLLFLV
CASSQDFYRGSRGNTIYF	FLAFLLFLV
CATSAGLGVGNTGELFF	FLAFLLFLV
CASSQEGGTPGGAEQFF	FLAFLLFLV
CASSYGNTIYF	FLAFLLFLV
CASSWTGNTEAFF	FLAFLLFLV
CSASLADQETQYF	FLAFLLFLV
CASSLDWVGTDTQYF	FLAFLLFLV
CSADRDDYGYTF	FLAFLLFLV
CATSDFQGNQPQHF	FLAFLLFLV
CSASREGAQETQYF	FLAFLLFLV
CASSSPGGEETQYF	FLAFLLFLV
CASSPGQVETQYF	FLAFLLFLV
CASSPFGANVLTF	FLAFLLFLV
CASSLGVGGGSPLHF	FLAFLLFLV
CSVDLPGGVNEQFF	FLAFLLFLV
CASSQGGQICYF	FLAFLLFLV
CASSYYMGQGSDNTGELFF	FLAFLLFLV
CASSTTWGEGRNQPQHF	FLAFLLFLV
CASSMTGTGFNEQFF	FLAFLLFLV
CASRGLAGGHYEQYF	FLAFLLFLV
CASSANRDARWSTEAFF	FLAFLLFLV
CASSGDSREKLFF	FLAFLLFLV
CASSPSSSAHEQFF	FLAFLLFLV
CASSLGISGTQYF	FLAFLLFLV
CASSQELIGVGNEKLFF	FLAFLLFLV
CASSLYGGGYNEQFF	FLAFLLFLV
CASSYGLPNEQFF	FLAFLLFLV
CASSPQTGLIYEQYF	FLAFLLFLV
CSARDQDRVYGYTF	FLAFLLFLV
CAWREAGLSF	FLAFLLFLV
CASSLRSLGIGRSPLHF	FLAFLLFLV
CASSQGVAVQETQYF	FLAFLLFLV
CSATTSKETQYF	FLAFLLFLV
CSARGYRGYEQYF	FLAFLLFLV
CSADRSLQDNEQFF	FLAFLLFLV
CSAPTGTARGYTF	FLAFLLFLV
CSARALGGKNTEAFF	FLAFLLFLV
CSATREESYNEQFF	FLAFLLFLV
CASSLGRASSYEQYF	FLAFLLFLV
CASIPGPSGPEYGELFF	FLAFLLFLV
CSFTPQDGNTEAFF	FLAFLLFLV
CSATLGGEMGDTQYF	FLAFLLFLV
CSASEELLTDTQYF	FLAFLLFLV
CASRGLAVSKNSYEQYF	FLAFLLFLV
CSAGPWDSANTGELFF	FLAFLLFLV
CASSELTYEQYF	FLAFLLFLV
CASITFRDTRFTEAFF	FLAFLLFLV
CASSLVWASTGEQFF	FLAFLLFLV
CSASHRDHEQFF	FLAFLLFLV
CASRGMGLNRGAYEQYF	FLAFLLFLV
CASSKWQGSQPQHF	FLAFLLFLV
CASSFSNEQFF	FLAFLLFLV
CASSYSIGGMNTEAFF	FLAFLLFLV
CASGFGLGDNEQFF	FLAFLLFLV
CASSRDPSSPLHF	FLAFLLFLV
CSASGGLEETQYF	FLAFLLFLV
CASSPPRTGYMHTQYF	FLAFLLFLV
CASSSGSYEQYF	FLAFLLFLV
CASREGLAELYNEQFF	FLAFLLFLV
CSGTTVGQETQYF	FLAFLLFLV
CASSFTSGYEQYF	FLAFLLFLV
CSADIGTTYNEQFF	FLAFLLFLV
CSARETGGIHSPLHF	FLAFLLFLV
CSATISSYEQYF	FLAFLLFLV
CASSSLLDRTGAIMGYEQYF	FLAFLLFLV
CASRNLDSAYEKLFF	FLAFLLFLV
CASSLTPGVAESTDTQYF	FLAFLLFLV
CASSQDEAGEAFF	FLAFLLFLV
CSARDVASGDNEQFF	FLAFLLFLV
CSVRTDTQYF	FLAFLLFLV
CASRTEGEGANQPQHF	FLAFLLFLV
CASSQIQGTDTQYF	FLAFLLFLV
CATSIRTGGSEAFF	FLAFLLFLV
CSASQQDGSTDTQYF	FLAFLLFLV
CASSQVRFQETQYF	FLAFLLFLV
CASSLAESSYNEQFF	FLAFLLFLV
CASSPRDRASYNEQFF	FLAFLLFLV
CASSGRASSDTQYF	FLAFLLFLV
CSADTGTGVSPLHF	FLAFLLFLV
CASTSVDSGGDEQFF	FLAFLLFLV
CASSLWDITDTQYF	FLAFLLFLV
CASSLGAYEQYF	FLAFLLFLV
CASSLEGTGGMVQFF	FLAFLLFLV
CSASLTGDEQFF	FLAFLLFLV
CSARDTGREVTDTQYF	FLAFLLFLV
CASSLTGGNEQFF	FLAFLLFLV
CASSYTANTEAFF	FLAFLLFLV
CASSLGETLPMGETQYF	FLAFLLFLV
CATSELLAGEETQYF	FLAFLLFLV
CASSPPLATGYNEQFF	FLAFLLFLV
CASLLGQNYGYTF	FLAFLLFLV
CSASGGAEDTQYF	FLAFLLFLV
CSADTSGAYEQYF	FLAFLLFLV
CASSPSQTSGGMNTEAFF	FLAFLLFLV
CASSFSRYNEQFF	FLAFLLFLV
CASSQDRGYEQYF	FLAFLLFLV
CSASGEGTGGLEQYF	FLAFLLFLV
CASLGGSTPTGELFF	FLAFLLFLV
CATSLWNRADTQYF	FLAFLLFLV
CASSLSYRDLTGELFF	FLAFLLFLV
CASSLTDDGNTIYF	FLAFLLFLV
CASSVNGGTEAFF	FLAFLLFLV
CSATDRGLEQYF	FLAFLLFLV
CASRGPREFF	FLAFLLFLV
CASSAREIDFTYEQYF	FLAFLLFLV
CSASLGGTGELFF	FLAFLLFLV
CASSQDRGSMTNEQFF	FLAFLLFLV
CATSNDRVLNQPQHF	FLAFLLFLV
CSARNSDRVDFHEQYF	FLAFLLFLV
CASSAAGGQNEQYF	FLAFLLFLV
CASSHEGGKADTQYF	FLAFLLFLV
CASSEDGSGLDTGELFF	FLAFLLFLV
CASSEGVAANYGYTF	FLAFLLFLV
CASSGTGGVRNTGELFF	FLAFLLFLV
CSASPRDRTYEQYF	FLAFLLFLV
CAISSGDTQYF	FLAFLLFLV
CAISAPPRGGPNTGELFF	FLAFLLFLV
CASSRVSGGSSYNEQFF	FLAFLLFLV
CASLSNLFAGGPNTGELFF	FLAFLLFLV
CASSSGGSYNEQFF	FLAFLLFLV
CASSLQGASYEQYF	FLAFLLFLV
CASSPQGVEGYTF	FLAFLLFLV
CSARGRTSGAPGSYEQYF	FLAFLLFLV
CASSHLGLDFYEQYF	FLAFLLFLV
CASSLLGASIYNEQFF	FLAFLLFLV
CASSTSGGYEQYF	FLAFLLFLV
CASRGYIAGLSSYEQYF	FLAFLLFLV
CSARDLPLSGNTIYF	FLAFLLFLV
CASSLGQGNNGYTF	FLAFLLFLV
CASSSPGTTSTDTQYF	FLAFLLFLV
CASRGTGSQPQHF	FLAFLLFLV
CSARTDRGPTEAFF	FLAFLLFLV
CSVDDLGSGYHEQYF	FLAFLLFLV
CSVEGTGRDTQYF	FLAFLLFLV
CASSGVPTSGRLSYEQYF	FLAFLLFLV
CSASLSLGRWETQYF	FLAFLLFLV
CASSLGGNQPQHF	FLAFLLFLV
CASISGVRETQYF	FLAFLLFLV
CASSFSDRDYGYTF	FLAFLLFLV
CSARDVNSNYGYTF	FLAFLLFLV
CASSLGIGQLYEQYF	FLAFLLFLV
CASDKGYTGELFF	FLAFLLFLV
CASSFVSSYEQYF	FLAFLLFLV
CASSLTGAYEQYF	FLAFLLFLV
CASSLKFSAGPNTGELFF	FLAFLLFLV
CASSLSGVGYNEQFF	FLAFLLFLV
CASSLPYNEQFF	FLAFLLFLV
CSAKLSGSYNSPLHF	FLAFLLFLV
CASSLTTAGGRALESYNEQFF	FLAFLLFLV
CASSTIRDRGLSPRFF	FLAFLLFLV
CATSPLSGGASSTDTQYF	FLAFLLFLV
CASSQLQGSNQPQHF	FLAFLLFLV
CASSLLPADEQYF	FLAFLLFLV
CASSIGQGMNTEAFF	FLAFLLFLV
CASSSGTSLAKNIQYF	FLAFLLFLV
CASSQDPTQPQHF	FLAFLLFLV
CSADGWGEGETQYF	FLAFLLFLV
CASSYTGASTDTQYF	FLAFLLFLV
CASRGPSGTRTYEQYF	FLAFLLFLV
CASSLGSTEAFF	FLAFLLFLV
CASSQDPPPGYEQYF	FLAFLLFLV
CASSLTGEYSGANVLTF	FLAFLLFLV
CSASLLNNEQFF	FLAFLLFLV
CSARGGRMSAYEQYF	FLAFLLFLV
CASSLGGTTIDTQYF	FLAFLLFLV
CSADLKGETQYF	FLAFLLFLV
CASSFSPRSLRGNTGELFF	FLAFLLFLV
CASSRDFNGDEQFF	FLAFLLFLV
CASSHRSTGNQPQHF	FLAFLLFLV
CSASKESSYNEQFF	FLAFLLFLV
CASSSDLHLYNEQFF	FLAFLLFLV
CASSRWAGETQYF	FLAFLLFLV
CASSPDIRDTYPSGANVLTF	FLAFLLFLV
CASSPPLTTNEQFF	FLAFLLFLV
CASSEAGGGRGEQFF	FLAFLLFLV
CATSFLEGLAGVSTDTQYF	FLAFLLFLV
CSARGLAGATYEQYF	FLAFLLFLV
CSAPPQPDRYCEQFF	FLAFLLFLV
CASSQTAGTGELFF	FLAFLLFLV
CSASPGQGAFDYGYTF	FLAFLLFLV
CASSLRQTYNSPLHF	FLAFLLFLV
CASSPGGGPGETQYF	FLAFLLFLV
CASSPPDREPYEQYF	FLAFLLFLV
CSASRTSGRVETQYF	FLAFLLFLV
CASSGLAGGYNEQFF	FLAFLLFLV
CSARPLTGLSYNEQFF	FLAFLLFLV
CSAQSDGAGETQYF	FLAFLLFLV
CASSVLVNEQFF	FLAFLLFLV
CASSLATGELFF	FLAFLLFLV
CASEGGLSSYNEQFF	FLAFLLFLV
CASSDPQPGSPLHF	FLAFLLFLV
CASSYVADTQYF	FLAFLLFLV
CSVAGSGSSGNEQFF	FLAFLLFLV
CASSHGLYNEQFF	FLAFLLFLV
CSAIPGQGNNGYTF	FLAFLLFLV
CASSLGQGIYGYTF	FLAFLLFLV
CASSTIPGDLNTEAFF	FLAFLLFLV
CSADSGGAYEQYF	FLAFLLFLV
CSASSAARGETQYF	FLAFLLFLV
CSAAWTGGFEAFF	FLAFLLFLV
CAWSVMLGEQFF	FLAFLLFLV
CSGSYGGARVGNEQFF	FLAFLLFLV
CASSPTGQLNF	FLAFLLFLV
CASSWRQAGANVLTF	FLAFLLFLV
CSASGNQETQYF	FLAFLLFLV
CASSESGAQWAHEQFF	FLAFLLFLV
CASSLVDSSYEQYF	FLAFLLFLV
CASSEAPNTGELFF	FLAFLLFLV
CSAQTIQGGEDTQYF	FLAFLLFLV
CASSLPRGGAETGELFF	FLAFLLFLV
CASSEGWGAEETQYF	FLAFLLFLV
CASSFYLSGGEQYF	FLAFLLFLV
CASSVSSGYEQYF	FLAFLLFLV
CASSLANLNEKLFF	FLAFLLFLV
CSAEGAGRELFF	FLAFLLFLV
CSASAGGYEQYF	FLAFLLFLV
CASSALTDEQYF	FLAFLLFLV
CASSLGDSTYEQYF	FLAFLLFLV
CSVVAGDTYNEQFF	FLAFLLFLV
CSATDNYNEQFF	FLAFLLFLV
CASSLGPGLNQPQHF	FLAFLLFLV
CASSLNPNEQFF	FLAFLLFLV
CASSDGLPWETQYF	FLAFLLFLV
CASSYSGSYTDTQYF	FLAFLLFLV
CASSLGTDTGELFF	FLAFLLFLV
CSADNDGTDHYNEQFF	FLAFLLFLV
CSVGEFPVGYTF	FLAFLLFLV
CASSLSPPSAYNEQFF	FLAFLLFLV
CATSFGTVNTDTQYF	FLAFLLFLV
CASSGRDPDTQYF	FLAFLLFLV
CASAEGIRGTEAFF	FLAFLLFLV
CSASTGSNEQFF	FLAFLLFLV
CASSRTSGSSYEQYF	FLAFLLFLV
CASSLEGLVSGANVLTF	FLAFLLFLV
CASSGRGYSGNTIYF	FLAFLLFLV
CASSYTSTDTQYF	FLAFLLFLV
CASSPLGGKLLYEQFF	FLAFLLFLV
CASLGGLGYTF	FLAFLLFLV
CSVDSGRALEQFF	FLAFLLFLV
CASSYPGQVKMNTEAFF	FLAFLLFLV
CASSGNTGELFF	FLAFLLFLV
CASSLHLPEGSGNTIYF	FLAFLLFLV
CASRGTTNTGELFF	FLAFLLFLV
CASSFEVSGNTIYF	FLAFLLFLV
CASSLTSGTSGNQPQHF	FLAFLLFLV
CASSWTGGVLNEQFF	FLAFLLFLV
CATIVIDEQFF	FLAFLLFLV
CASSLVADANVEQFF	FLAFLLFLV
CASSRSSTGELFF	FLAFLLFLV
CAWSVFTSGNEAFF	FLAFLLFLV
CAGEGASGSSYNEQFF	FLAFLLFLV
CASSLLVGTAYNEQFF	FLAFLLFLV
CASSPLAGGNNEQFF	FLAFLLFLV
CASSLLAGGLETQYF	FLAFLLFLV
CSVAAGGTYGYTF	FLAFLLFLV
CASRKRGAYEQYF	FLAFLLFLV
CASSPVGAESEQYF	FLAFLLFLV
CACRQVENYEQYF	FLAFLLFLV
CSASGTTHEQYF	FLAFLLFLV
CASNPPPAQHF	FLAFLLFLV
CSVESQVQYF	FLAFLLFLV
CASSPLPYNEQFF	FLAFLLFLV
CASSVDTSGKNTGELFF	FLAFLLFLV
CASSQAEASNEQFF	FLAFLLFLV
CASTLTSTDTQYF	FLAFLLFLV
CASSAVQGAVYEQYF	FLAFLLFLV
CAISEAGGGNQPQHF	FLAFLLFLV
CSASGASGGAETQYF	FLAFLLFLV
CASSLEGRANNQPQHF	FLAFLLFLV
CASSVGLAGGLGETQYF	FLAFLLFLV
CASSPGLSSLAKNIQYF	FLAFLLFLV
CVGPKNTGELFF	FLAFLLFLV
CATSSLAGGSTDTQYF	FLAFLLFLV
CASSLSPTEQYF	FLAFLLFLV
CASSYGGNNEQFF	FLAFLLFLV
CSVEMIQGQVYGYTF	FLAFLLFLV
CASSLWGHSNYEQYF	FLAFLLFLV
CAISEFSSTVPNYGYTF	FLAFLLFLV
CASSTSGTGGSGELFF	FLAFLLFLV
CATSGGQEYTDTQYF	FLAFLLFLV
CASSLEGTVDTENTGELFF	FLAFLLFLV
CSADGQGKADTQYF	FLAFLLFLV
CASSTRPGGVEKLFF	FLAFLLFLV
CSARAGGAEQYF	FLAFLLFLV
CASSLGQVGYEQYF	FLAFLLFLV
CASSFGQGSYFGYTF	FLAFLLFLV
CASSLYGGGTYEQYF	FLAFLLFLV
CSATTNKDEQYF	FLAFLLFLV
CSAKTNPNEQFF	FLAFLLFLV
CASSVAEQFF	FLAFLLFLV
CASSFGTDTQYF	FLAFLLFLV
CASSQGGRGPEQFF	FLAFLLFLV
CATSRLAGGPTDTQYF	FLAFLLFLV
CASSRDMDPYEQYF	FLAFLLFLV
CASSLGQNTGELFF	FLAFLLFLV
CASSTDRRSYEQYF	FLAFLLFLV
CASRGGENYEQYF	FLAFLLFLV
CASSDSRGPIPYEQYF	FLAFLLFLV
CSVKGAWHEQFF	FLAFLLFLV
CASSRAGLAGLISYNEQFF	FLAFLLFLV
CASSLEGFATNEKLFF	FLAFLLFLV
CASSLAGDYEQYF	FLAFLLFLV
CSVFGTGVFEQYF	FLAFLLFLV
CASSLESSYEQYF	FLAFLLFLV
CASSLALRQASTDTQYF	FLAFLLFLV
CSQTGENNEQFF	FLAFLLFLV
CASSLAPGQGASDEQFF	FLAFLLFLV
CSVEARTGGAYGYTF	FLAFLLFLV
CASSGPLSGYTF	FLAFLLFLV
CASRRPGTINAYEQYF	FLAFLLFLV
CASSLGATNTEAFF	FLAFLLFLV
CASSQGMGYGYTF	FLAFLLFLV
CASSLPPGLAGNYNEQFF	FLAFLLFLV
CSVERDEQYF	FLAFLLFLV
CASSLGPSTGAYEQYF	FLAFLLFLV
CASSYSPQALDSYEQYF	FLAFLLFLV
CASSPGVSHEQYF	FLAFLLFLV
CAIAGGTEAFF	FLAFLLFLV
CASSPSGRLYNEQFF	FLAFLLFLV
CASSPNDDTIIATNEKLFF	FLAFLLFLV
CASSFIVDEQYF	FLAFLLFLV
CASSFSNTEAFF	FLAFLLFLV
CSVGREGTYEQYF	FLAFLLFLV
CAISDPLAGLYEQYF	FLAFLLFLV
CSALRWETQYF	FLAFLLFLV
CASSVQGYEQFF	FLAFLLFLV
CASSQDWWHEQYF	FLAFLLFLV
CSADGISGTSGRMETQYF	FLAFLLFLV
CSVRGGTVPSTDTQYF	FLAFLLFLV
CASQKAGGGGVYEQYF	FLAFLLFLV
CASSQLAGGNNEQFF	FLAFLLFLV
CASSHGLDTQYF	FLAFLLFLV
CASSPGTGEYSNQPQHF	FLAFLLFLV
CASSQDWTDDIQYF	FLAFLLFLV
CASSQGQGVYEQYF	FLAFLLFLV
CASSVQVLGKLFF	FLAFLLFLV
CASSQVRSSSYNEQFF	FLAFLLFLV
CASSLIAGAITGELFF	FLAFLLFLV
CSARSPGDFGNTIYF	FLAFLLFLV
CASSDIPGTYQETQYF	FLAFLLFLV
CASSLFTGYEQYF	FLAFLLFLV
CASRFSTNTEAFF	FLAFLLFLV
CASSPIAGALYNEQFF	FLAFLLFLV
CASSQPPDGASYEQYF	FLAFLLFLV
CSASAPGTRYQETQYF	FLAFLLFLV
CATSGQVGIRANTEAFF	FLAFLLFLV
CASTGQNEVYEQYF	FLAFLLFLV
CAWSPQQGELADTQYF	FLAFLLFLV
CSVPGSGAYGYTF	FLAFLLFLV
CASSPPSGAQYF	FLAFLLFLV
CSARELEGAYEQYF	FLAFLLFLV
CASSEGTSGSYTDTQYF	FLAFLLFLV
CASSLFSGGINEQFF	FLAFLLFLV
CSARPMTSWEQFF	FLAFLLFLV
CASSLSNEQFF	FLAFLLFLV
CASSLWAADTQYF	FLAFLLFLV
CASSPDSYEQYF	FLAFLLFLV
CASSYGRNTEAFF	FLAFLLFLV
CASSQDMSTPRELFF	FLAFLLFLV
CASSLVATGTDTQYF	FLAFLLFLV
CASSLTGDTGELFF	FLAFLLFLV
CASSPPHLAPPFEQYF	FLAFLLFLV
CASSLWALAGTEAFF	FLAFLLFLV
CSATPRDYVYNEQFF	FLAFLLFLV
CASSGGLTAYNEQFF	FLAFLLFLV
CSVGRENNEQFF	FLAFLLFLV
CASSLFGLNTEAFF	FLAFLLFLV
CASSSDRTQYF	FLAFLLFLV
CAIMKVLAGPDNEQFF	FLAFLLFLV
CASSEMGQGSGTEAFF	FLAFLLFLV
CASSRASAYEQYF	FLAFLLFLV
CSASRESNEQFF	FLAFLLFLV
CASSVEDRGYF	FLAFLLFLV
CASSLSGLANTGELFF	FLAFLLFLV
CASSSPLAALYNEQFF	FLAFLLFLV
CSARDMQGLGFYEQYF	FLAFLLFLV
CASSEWGTGSTDTQYF	FLAFLLFLV
CASSSGGYEQYF	FLAFLLFLV
CSARGIRGYEQYF	FLAFLLFLV
