CDR3	AA
CASSLGGGFPNYEQYF	SFNPETNIL
CASSWGGLYEQYF	SFNPETNIL
CASSLESGGFSPLHF	SFNPETNIL
CASRGPGGPDTQYF	SFNPETNIL
CASSLGGFTDTQYF	SFNPETNIL
CASSWGGIEAFF	SFNPETNIL
CATSGHSTDTQYF	SFNPETNIL
CASSWGGLDGYTF	SFNPETNIL
CASSPPFGKGQGSYEQYF	SFNPETNIL
CASSFGGLYNTQYF	SFNPETNIL
CASSWGGLAGDPQETQYF	SFNPETNIL
CASSLDSTYEQYF	SFNPETNIL
CATSEGFPTGQYF	SFNPETNIL
CASSLSAGKRLAGGYNEQFF	SFNPETNIL
CASSEGSFPDTQYF	SFNPETNIL
CASSLLAGGPYEQYF	SFNPETNIL
CASSLGGLTDTQYF	SFNPETNIL
CASSWGGGNEQFF	SFNPETNIL
CASSWGGVTGELFF	SFNPETNIL
CASSWGGLAGEETQYF	SFNPETNIL
CASGFLEAEAFF	SFNPETNIL
CASSWGGGGYEQYF	SFNPETNIL
CASSQDGRGGKEETQYF	SFNPETNIL
CASENYEQYF	SFNPETNIL
CASSWSGLATEQYF	SFNPETNIL
CASTVAGGYEQYF	SFNPETNIL
CASSRSGSSYEQYF	SFNPETNIL
CASSLGGFTDTQYF	SFNPETNIL
CASSFAGITDTQYF	SFNPETNIL
CASSSGGLPDTQYF	SFNPETNIL
CASSTGTAYGYTF	SFNPETNIL
CAISETRMGNQPQHF	SFNPETNIL
CASSHVGPEQFF	SFNPETNIL
CASSGRQSSYNEQFF	SFNPETNIL
CASSLGGIEQFF	SFNPETNIL
CASSFRNVDTEAFF	SFNPETNIL
CASSLLGEQFF	SFNPETNIL
CASSSGGFQETQYF	SFNPETNIL
CASSWGGLYNEQFF	SFNPETNIL
CASSEGIRDQTYEQYF	SFNPETNIL
CASSFSGGPLHF	SFNPETNIL
CASSFGGFPDTQYF	SFNPETNIL
CASSWGGLNEQFF	SFNPETNIL
CATSTIKTLGQGDEKLFF	SFNPETNIL
CALRGGNTGELFF	SFNPETNIL
CASSWGGLNEQYF	SFNPETNIL
CASSFGGLPDTQYF	SFNPETNIL
CASSFGGFTDTQYF	SFNPETNIL
CASSPSSYNEQFF	SFNPETNIL
CASSWGGLNEQFF	SFNPETNIL
CASSGTLGIQTQYF	SFNPETNIL
CASSLSSYNEQFF	SFNPETNIL
CASSFGGFTDTQYF	SFNPETNIL
CASSWGSLQETQYF	SFNPETNIL
CASRGQGNEKLFF	SFNPETNIL
CASSLGGFQETQYF	SFNPETNIL
CASGLDTGNYGYTF	SFNPETNIL
CASSWGGAPDTQYF	SFNPETNIL
CASSFGGLVDTQYF	SFNPETNIL
CASSHWDREKETQYF	SFNPETNIL
CASTWGGLNEQFF	SFNPETNIL
CSAGGAGLAKNIQYF	SFNPETNIL
CASSWGGLLDTQYF	SFNPETNIL
CATSSRTGFDNEQFF	SFNPETNIL
CASSLSGITDTQYF	SFNPETNIL
CASSFGGFQETQYF	SFNPETNIL
CASSLSGFSETQYF	SFNPETNIL
CASSYGSLYNEQFF	SFNPETNIL
CASSFGGLTGGGYYGYTF	SFNPETNIL
CASSWGGFDTEAFF	SFNPETNIL
CASSEGGFTDTQYF	SFNPETNIL
CASITWSGRYNEQFF	SFNPETNIL
CASSDSGAGELFF	SFNPETNIL
CASSFGGFLETQYF	SFNPETNIL
CASSGISGSAYEQYV	SFNPETNIL
CASSTMSEQFF	SFNPETNIL
CASSGLGNYGYTF	SFNPETNIL
CASSLEGPRGSYNEQFF	SFNPETNIL
CASSSGGFYNEQFF	SFNPETNIL
CASSWGGLTDTQYF	SFNPETNIL
CASSLMGEQYF	SFNPETNIL
CASSTSHYYYEQYF	SFNPETNIL
CASTWGGLDTQYF	SFNPETNIL
CASSWGGVADTQYF	SFNPETNIL
CASSWGGTEAFF	SFNPETNIL
CASSWGGLAGAPVDSYNEQFF	SFNPETNIL
CASSLGGFQETQYF	SFNPETNIL
CASSWGGLFNEQFF	SFNPETNIL
CASSWGGLNEQFF	SFNPETNIL
CASRPQGLSSYEQYF	SFNPETNIL
CASSTWTDTQYF	SFNPETNIL
CASSLLADQYF	SFNPETNIL
CASSWGGLYTEAFF	SFNPETNIL
CASMRGGHTQYF	SFNPETNIL
CASSVGWEGNTGELFF	SFNPETNIL
CASSKGGDPLTGELFF	SFNPETNIL
CASSLGGLAGNQETQYF	SFNPETNIL
CASSLHGWEEKLFF	SFNPETNIL
CASSSFNEQYF	SFNPETNIL
CASSWGGPQETQYF	SFNPETNIL
CSAGDWSDTQYF	SFNPETNIL
CASSWSGSTDTQYF	SFNPETNIL
CASSWGGGEAFF	SFNPETNIL
CASSVEGRLHGYTF	SFNPETNIL
CASSFGGFGNTIYF	SFNPETNIL
CASSWGGLTDTQYF	SFNPETNIL
CASSQGGYEQYF	SFNPETNIL
CASSWGGLAGDNEQFF	SFNPETNIL
CASSWGGIWETQYF	SFNPETNIL
CASSWGGLAGGSLNEQYF	SFNPETNIL
CASSWGSFNEQFF	SFNPETNIL
CASSFGGLTDTQYF	SFNPETNIL
CASHDSGSSYEQYF	SFNPETNIL
CASSPSGGRRGTDTQYF	SFNPETNIL
CASSGWTSGLINEQFF	SFNPETNIL
CASSSGGFIDTQYF	SFNPETNIL
CASSFGDITPLHF	SFNPETNIL
CASSWGALNGYTF	SFNPETNIL
CASSFGGGTQYF	SFNPETNIL
CASSLWSDTQYF	SFNPETNIL
CASSPWDEQYF	SFNPETNIL
CASSLAGFYNEQFF	SFNPETNIL
CASSPPDGLLSYEQYF	SFNPETNIL
CASSGRESNHNEQFF	SFNPETNIL
CASSVLGQVYTGELFF	SFNPETNIL
CASSWGGLGQFF	SFNPETNIL
CASSFGGFEETQYF	SFNPETNIL
CASSWGRIGEQYF	SFNPETNIL
CASSWGGLSANTEAFF	SFNPETNIL
CASSWGGLPKTYNEQFF	SFNPETNIL
CASSWGGLGEQFF	SFNPETNIL
CASSVGWQGYTGELFF	SFNPETNIL
CASSWGGNEQFF	SFNPETNIL
CASSPNPLRMNTEAFF	SFNPETNIL
CASSWGGLSLPYNEQFF	SFNPETNIL
CSGYTWNNEQFF	SFNPETNIL
CASSLGGFSYEQYF	SFNPETNIL
CASTWGQGLTPLHF	SFNPETNIL
CASRPGQGGQPQHF	SFNPETNIL
CASSFGGFQETQYF	SFNPETNIL
CASSWGGGEQYF	SFNPETNIL
CASSWGGFGANVLTF	SFNPETNIL
CASSTGSGELFF	SFNPETNIL
CAISESAGMSNQPQHF	SFNPETNIL
CASSQVESGGNNEQFF	SFNPETNIL
CASSQEGSTGELFF	SFNPETNIL
CASSQERGDLTYNEQFF	SFNPETNIL
CASSPWTGGGEKLFF	SFNPETNIL
CASSWGGLAGSTDTQYF	SFNPETNIL
CASSLRAGSAGVPYNEQFF	SFNPETNIL
CASSIAAGSEAFF	SFNPETNIL
CASSLGGFADTQYF	SFNPETNIL
CASSLSGGELFF	SFNPETNIL
CASSLWDGTSDGYTF	SFNPETNIL
CASSKDRGLLIAGNTIYF	SFNPETNIL
CATGGQPQHF	SFNPETNIL
CASSWGGFTGELFF	SFNPETNIL
CASSAPNGLLSYEQYF	SFNPETNIL
CASSTGVNEQYF	SFNPETNIL
CASSPETGSPRETQYF	SFNPETNIL
CASSWGGLQQYF	SFNPETNIL
CASSWGGLQETQYF	SFNPETNIL
CASSFGGFTDTQYF	SFNPETNIL
CASSFGGFVLGEETQYF	SFNPETNIL
CASSWGGHVLVF	SFNPETNIL
CASSFGGFTDTQYF	SFNPETNIL
CASSWGGLAGEETQYF	SFNPETNIL
CASSLGGLPDTQYF	SFNPETNIL
CASSWGGLADEQFF	SFNPETNIL
CASSFGGFKETQYF	SFNPETNIL
CASSWGGFLEQYF	SFNPETNIL
CASSWGGLTDTQYF	SFNPETNIL
CASSQWPGDNEQFF	SFNPETNIL
