CDR3	AA
CASSYSGSYEQYF	AIAMACLVGL
CASSPTQGYYGYTF	AIAMACLVGL
CASSQLDRGNTEAFF	AIAMACLVGL
CASSEGYRENTGELFF	AIAMACLVGL
CASSLETGWFEQFF	AIAMACLVGL
CSASPKMDRGLPYEQYF	AIAMACLVGL
CSATDQDRVDTIYF	AIAMACLVGL
CSAGVSFGRRTGELFF	AIAMACLVGL
CASSRPGGAYNEQFF	AIAMACLVGL
CASSTETVFYGYTF	AIAMACLVGL
CASSQQHSQETQYF	AIAMACLVGL
CASSQGGAYNEQFF	AIAMACLVGL
CASDRGGRMSSYNEQFF	AIAMACLVGL
CASSWGFSGANVLTF	AIAMACLVGL
CASSITSPAGNEQFF	AIAMACLVGL
CASSQHDSGALRFSEQFF	AIAMACLVGL
CASTTGASNQPQHF	AIAMACLVGL
CASSLVEGREQYF	AIAMACLVGL
CASSYLGGSKYNEQFF	AIAMACLVGL
CASSFGSGVQETQYF	AIAMACLVGL
CASSSPDKFYEQYF	AIAMACLVGL
CASSQEVPGSYEQYF	AIAMACLVGL
CASTPEGVGHNEQFF	AIAMACLVGL
CASSHPEGRDNGGELFF	AIAMACLVGL
CASSPAPGYNSPLHF	AIAMACLVGL
CAITPTEYNEQFF	AIAMACLVGL
CASSQGGATGELFF	AIAMACLVGL
CATGPGQTVFETQYF	AIAMACLVGL
CASSQPRDSGWGTGELFF	AIAMACLVGL
CASSHLAGELYEQYF	AIAMACLVGL
CASSQAEGLAGGDQETQYF	AIAMACLVGL
CASSYTSEGSYEQYF	AIAMACLVGL
CASSLGGSSTDTQYF	AIAMACLVGL
CASTGTGELFF	AIAMACLVGL
CASSATGGPSETQYF	AIAMACLVGL
CASSQAASYNEQFF	AIAMACLVGL
CASSQDSSLAGYEQYF	AIAMACLVGL
CASSQVERWSEDEQFF	AIAMACLVGL
CASSPHGADTQYF	AIAMACLVGL
CASSPEGTYEQYF	AIAMACLVGL
CSVGAQETQYF	AIAMACLVGL
