CDR3	AA
CASSHGQGTDTQYF	LITGRLQSL
CASSPSNGGAEQFF	LITGRLQSL
CASGSGQGRNYEQYF	LITGRLQSL
CASSLPGLAGVNTGELFF	LITGRLQSL
CASSPTGPYQETQYF	LITGRLQSL
CASSGWTEEYEQYF	LITGRLQSL
CASSLSQGDRNEQFF	LITGRLQSL
CASSRGQGTETQYF	LITGRLQSL
CASSLENRHTGELFF	LITGRLQSL
CASSFGISGTDTQYF	LITGRLQSL
CASSPPDHQAYEQYF	LITGRLQSL
CASSLGGAGELFF	LITGRLQSL
CASSSPPPTGINEETQYF	LITGRLQSL
CASSQLAGGGGVGELFF	LITGRLQSL
CASSFGVYGYTF	LITGRLQSL
CASSQVGVWSGELFF	LITGRLQSL
CASSTLTTGATDTQYF	LITGRLQSL
CASSSGTGLNTEAFF	LITGRLQSL
CASSLVGLAAYEQYF	LITGRLQSL
CASSQDSNNEQFF	LITGRLQSL
CASSQDLQGFMNTEAFF	LITGRLQSL
CASSYSMNSNEQFF	LITGRLQSL
CASSLGTGQGPQHF	LITGRLQSL
CASSPAGRHEQYF	LITGRLQSL
CASSAPGKTYEQYF	LITGRLQSL
CASSYGTGQDTQYF	LITGRLQSL
CASSLQAGAKETQYF	LITGRLQSL
CASSEALWSVQGQNYEQYF	LITGRLQSL
CASSSEGNQPQHF	LITGRLQSL
CASSQALNTEAFF	LITGRLQSL
CASSPSGVAAGSNTGELFF	LITGRLQSL
CSAGASGTYEQYF	LITGRLQSL
CSVIPSGSHEQYF	LITGRLQSL
CASSLGTSGTDTQYF	LITGRLQSL
CASSQLAGPGSYEQYF	LITGRLQSL
CSAGTSGSYEQYF	LITGRLQSL
CASSQDLFDSEETQYF	LITGRLQSL
CSAETSDQETQYF	LITGRLQSL
CASSFPPGRHGTEAFF	LITGRLQSL
CASSEGLGGPYNEQFF	LITGRLQSL
CASGFPLAGSETQYF	LITGRLQSL
CASSLGTGSTDTQYF	LITGRLQSL
CASSLGVSGTQPQHF	LITGRLQSL
CASSPPGHLGGANVLTF	LITGRLQSL
CSASMGGRGTTNEKLFF	LITGRLQSL
CATHRDSTYEQYF	LITGRLQSL
CASSEDGTSGRATNYNEQFF	LITGRLQSL
CAWKWGVHMNTEAFF	LITGRLQSL
CASSQDLFAGVNTEAFF	LITGRLQSL
CSVPPGLAGGPGSTDTQYF	LITGRLQSL
CASSPTQGGNEKLFF	LITGRLQSL
CASRTDASTDTQYF	LITGRLQSL
CASSQDLFPGRAETQYF	LITGRLQSL
CSVGTEQETQYF	LITGRLQSL
CASSQEKTGIQPQHF	LITGRLQSL
CASSLGDNYNSPLHF	LITGRLQSL
CAISDTGQGINQPQHF	LITGRLQSL
CASMETGGTEAFF	LITGRLQSL
CASSGQENGETQYF	LITGRLQSL
CAIILRLAGEFRNEQFF	LITGRLQSL
CASSFYPDEQYF	LITGRLQSL
CASSLDGNSYNEQFF	LITGRLQSL
CASSPTNEQFF	LITGRLQSL
CASSSTGTSGRPARGQYF	LITGRLQSL
CASSSRDGHSNQPQHF	LITGRLQSL
CSASASLTGTDNEQFF	LITGRLQSL
CASSFGQGLYEQYF	LITGRLQSL
CASSPAGEQYF	LITGRLQSL
CASSQGSLAGVETGELFF	LITGRLQSL
CASSPPLTGGETQYF	LITGRLQSL
CASSQLAGGRETQYF	LITGRLQSL
CSASRDGYEQYF	LITGRLQSL
CASRTSGNTIYF	LITGRLQSL
CASSTGTGGFETQYF	LITGRLQSL
CASSRLPQPYTEAFF	LITGRLQSL
CASSLPMAPNYGYTF	LITGRLQSL
CASSFIGGLYNEQFF	LITGRLQSL
CASSQMGEQFF	LITGRLQSL
CASSLQAGSRQDEQFF	LITGRLQSL
CSAPVPNTDTQYF	LITGRLQSL
CASSLSGNTGELFF	LITGRLQSL
CASSQDLFSTYNEQFF	LITGRLQSL
CASSLGQGVTEAFF	LITGRLQSL
CASSAGGGSYNEQFF	LITGRLQSL
CASSQDLFPGENTEAFF	LITGRLQSL
CASSLEGPGGSYNEQFF	LITGRLQSL
CASSLGTGQQPQHF	LITGRLQSL
CASSLEGGSTEAFF	LITGRLQSL
CASSPGLAGGRLGQFF	LITGRLQSL
CASSPLDRVNTEAFF	LITGRLQSL
CASSEVGQGANIQYF	LITGRLQSL
CASGLGQGDSEKLFF	LITGRLQSL
CASSHRDTNEKLFF	LITGRLQSL
CASSTGTGDPGELFF	LITGRLQSL
