CDR3	AA
CATNNPGLVYEQFF	QTGKIADYNY
CASGVTTQYF	QTGKIADYNY
CASSSPAYGYTF	QTGKIADYNY
CASSLGASGSRDNEQFF	QTGKIADYNY
CATLDGGTYGYTF	QTGKIADYNY
CASSINEQFF	QTGKIADYNY
CASSEPGTDGYTF	QTGKIADYNY
CSVEDGRRVDNEQFF	QTGKIADYNY
CASSGGLDSYNSPLHF	QTGKIADYNY
CASSLSDSPYNEQFF	QTGKIADYNY
CASSDPTRDGYTF	QTGKIADYNY
CASNSGATQYF	QTGKIADYNY
CASKGGTQYF	QTGKIADYNY
CASSMPRTPGYTF	QTGKIADYNY
CASSGYEQYF	QTGKIADYNY
CASSDPTGDAGYTF	QTGKIADYNY
CASSPGSNYGYTF	QTGKIADYNY
CASRPPDSSYEQYF	QTGKIADYNY
CAWSVEGNTEAFF	QTGKIADYNY
CASSQPGQVGYTF	QTGKIADYNY
CASRGTTHGYTF	QTGKIADYNY
CASSLGSYEQYF	QTGKIADYNY
CASSSPSAGGPDTQYF	QTGKIADYNY
CASSTRTGSPYEQYF	QTGKIADYNY
CASSYTGTTEETQYF	QTGKIADYNY
CASSLGASGRETQYF	QTGKIADYNY
CSASGQVDEQYF	QTGKIADYNY
CASSDGTEGRTDTQYF	QTGKIADYNY
CASGGLTDTQYF	QTGKIADYNY
CATQGGVSYGYTF	QTGKIADYNY
