CDR3	AA
CASSPQGDYGYTF	LPIGINITRF
CAIAQGGEQYF	LPIGINITRF
CASSFMAEQYF	LPIGINITRF
CASSHGTSGSNGPYEQYV	LPIGINITRF
CSASTTGDFSTDTQYF	LPIGINITRF
CASVPGQGGYEQFF	LPIGINITRF
CASSFFPSEAFF	LPIGINITRF
CASTEGDRNTEAFF	LPIGINITRF
CASSLGDYNEQFF	LPIGINITRF
CSPFGVADQETQYF	LPIGINITRF
CASRLELESNQPQHF	LPIGINITRF
CASSLDASTGREQFF	LPIGINITRF
CSAGTSGGDTQYF	LPIGINITRF
CASSLGAGQPQHF	LPIGINITRF
CASSFRDRDEQFF	LPIGINITRF
CAISDDLNTEAFF	LPIGINITRF
CSATSSNNEQFF	LPIGINITRF
CASSQANEQYF	LPIGINITRF
CSASDTSGNEQFF	LPIGINITRF
CASSLPEGGTEAFF	LPIGINITRF
CASSPRDGYYNEQFF	LPIGINITRF
CASSIEQGMTGELFF	LPIGINITRF
CASSFTPGRLNSPLHF	LPIGINITRF
CASRTHGTESYEQYF	LPIGINITRF
CASSRGGGQPQHF	LPIGINITRF
CSAEIERGAVYEQYF	LPIGINITRF
CASSMTGDADTQYF	LPIGINITRF
CASSFAGQETQYF	LPIGINITRF
CASSQVFVPGKPEAFF	LPIGINITRF
