CDR3	AA
CASSQGTLYEQYF	QECVRGTTVL
CASSSPRDRVFSPLHF	QECVRGTTVL
CASSVGGKTEAFF	QECVRGTTVL
CASSEGGGDEQFF	QECVRGTTVL
CASSWTGDDNEQFF	QECVRGTTVL
CASSSPGDGEQFF	QECVRGTTVL
CASTQGNTEAFF	QECVRGTTVL
CASSSNLEGAETQYF	QECVRGTTVL
CASSYTTSGELFF	QECVRGTTVL
CASSLTTQVDTQYF	QECVRGTTVL
CASSPHRDSSYEQYF	QECVRGTTVL
CASSFSRDSYEQYF	QECVRGTTVL
CASSPGTGNEQYF	QECVRGTTVL
CASSYGTGAYYEQYF	QECVRGTTVL
CASSRDRGGTGELFF	QECVRGTTVL
CASSYSRDSTYEQYF	QECVRGTTVL
CASSPSSAGVDEQFF	QECVRGTTVL
CAWRTSARAPYEQYF	QECVRGTTVL
CASSLTWSSGNEQFF	QECVRGTTVL
CASSPGTRNEQFF	QECVRGTTVL
CASSPPGTEGQGNNQPQHF	QECVRGTTVL
CASSWGGLNEQFF	QECVRGTTVL
CASSLSRDTLYEQYF	QECVRGTTVL
CASSAGLKYEQYF	QECVRGTTVL
CASSVSRDSSYEQYF	QECVRGTTVL
CASSEGRNQPQHF	QECVRGTTVL
CASSPFGTDSPLHF	QECVRGTTVL
CASSSVSPYEQYF	QECVRGTTVL
CSVESRDDYEQYF	QECVRGTTVL
CASSAGTAYEQYF	QECVRGTTVL
CASSEVGGSHSYEQYF	QECVRGTTVL
CASSPISTNQPQHF	QECVRGTTVL
CASSYSLDSSYEQYF	QECVRGTTVL
CASSPQGPTVNEQYF	QECVRGTTVL
CASSLVAPHSNQPQHF	QECVRGTTVL
CASSFGTGIEQYF	QECVRGTTVL
