CDR3	AA
CASSPGQGLKLYEQYF	LPFNDGVYFA
CASSIKGNTEAFF	LPFNDGVYFA
CASSHVSGGDGYTF	LPFNDGVYFA
CATQTSGSSYNEQFF	LPFNDGVYFA
CASSSSGLAVYEQYF	LPFNDGVYFA
CSARSFLSAGNYNEQFF	LPFNDGVYFA
CASKTSGSSYNEQFF	LPFNDGVYFA
CASSLWEETEAFF	LPFNDGVYFA
CASIGTGRNTIYF	LPFNDGVYFA
CASSPRTGHQPQHF	LPFNDGVYFA
CASSPPSSTDTQYF	LPFNDGVYFA
CSVGGLAGGYEQYF	LPFNDGVYFA
CASSSSAGHLNTGELFF	LPFNDGVYFA
CASTLGWGGDNEQYF	LPFNDGVYFA
CASSLDRRGGYETQYF	LPFNDGVYFA
CASSVVMNTEAFF	LPFNDGVYFA
CASSLSGTGYYEQYF	LPFNDGVYFA
CASSLGFGISGNTIYF	LPFNDGVYFA
CSVVGPSGGYEQYF	LPFNDGVYFA
CASSQVLVGDEQFF	LPFNDGVYFA
CASSAPSKGVTDTQYF	LPFNDGVYFA
CASSGLGGGEFYEQYF	LPFNDGVYFA
CAIGAGNQPQHF	LPFNDGVYFA
CASSLVSYEQYF	LPFNDGVYFA
CASSTPSGGEKLFF	LPFNDGVYFA
CASSLFVNTEAFF	LPFNDGVYFA
CASFYQAGAVDGYTF	LPFNDGVYFA
CASSPRDRSDTQYF	LPFNDGVYFA
CASSLIPVTTPQHF	LPFNDGVYFA
CASSQGPGASPEAFF	LPFNDGVYFA
CASSASGRLTEAFF	LPFNDGVYFA
CASHVIGFGDTIYF	LPFNDGVYFA
CASSTGLAGGLYNEQFF	LPFNDGVYFA
CASSLRAENTEAFF	LPFNDGVYFA
CASSLVAGNSYNEQFF	LPFNDGVYFA
CASSIVSGANVLTF	LPFNDGVYFA
CASTTVGGGETQYF	LPFNDGVYFA
CASSPTGYNYGYTF	LPFNDGVYFA
CASSLVGFGNTIYF	LPFNDGVYFA
CSARDGKASGLEQETQYF	LPFNDGVYFA
CASSFVAARNEQFF	LPFNDGVYFA
CASSLGTPWETQYF	LPFNDGVYFA
CARSVGGGQGANNEQFF	LPFNDGVYFA
CASSRVEGGEKLFF	LPFNDGVYFA
CASSLTSQGQETQYF	LPFNDGVYFA
CASSLSQGWIDTQYF	LPFNDGVYFA
CASSYGNGETQYF	LPFNDGVYFA
CASSIVSGELFF	LPFNDGVYFA
CSVDNPIGGNEQFF	LPFNDGVYFA
CASSHTGLAGETQYF	LPFNDGVYFA
CASSLTPPGRSGYTF	LPFNDGVYFA
CASRPGQSYEQYF	LPFNDGVYFA
CASSLGSTDTQYF	LPFNDGVYFA
CSARDFGVLSYNEQFF	LPFNDGVYFA
CASSFILNNEQFF	LPFNDGVYFA
CASSLAGQGVYTF	LPFNDGVYFA
CAISGSKERGKTYEQYF	LPFNDGVYFA
CSAETSRREQYF	LPFNDGVYFA
CASSPGGGYSSYNEQFF	LPFNDGVYFA
CASSTPPNGTGGPYEQYF	LPFNDGVYFA
CASSSAGTPNEQFF	LPFNDGVYFA
CASSLGGTYEQYF	LPFNDGVYFA
CASSLGGEGTSLSYEQYF	LPFNDGVYFA
CASSGRLAGLLETQYF	LPFNDGVYFA
CASSQEPGALGYGYTF	LPFNDGVYFA
CARSVGGGQGANNEQFF	LPFNDGVYFA
CASRAGASYEQYV	LPFNDGVYFA
CASSIPGAGTGELFF	LPFNDGVYFA
CASRDGQDASNQPQHF	LPFNDGVYFA
CASSQEWTGGFEAFF	LPFNDGVYFA
CASSLELTEAFF	LPFNDGVYFA
CASSHGAGTSRNEQFF	LPFNDGVYFA
CASRDGQSYEQYV	LPFNDGVYFA
CASSPAGRTSGSGVGSYEQYF	LPFNDGVYFA
CASSPGQGGTEAFF	LPFNDGVYFA
CASSSPGLAGYEQYF	LPFNDGVYFA
CASSNDYTEAFF	LPFNDGVYFA
CASSGGTGPDTQYF	LPFNDGVYFA
CASSLVGLGVPSYEQYV	LPFNDGVYFA
CASSLGGDQPQHF	LPFNDGVYFA
CASSLGPGTAPLEQYF	LPFNDGVYFA
CASSFPGLALETQYF	LPFNDGVYFA
CASSEALGGLANYEQYF	LPFNDGVYFA
CASSPWTENVYGYTF	LPFNDGVYFA
CASSPTDRKYNEKLFF	LPFNDGVYFA
CASSAPGQGNTEAFF	LPFNDGVYFA
CASSGNGTRRLLNEQFF	LPFNDGVYFA
CASGGPGVDTQYF	LPFNDGVYFA
CASSPQGYEQYF	LPFNDGVYFA
CASSASISYEQYF	LPFNDGVYFA
CATEDSIRGTQYF	LPFNDGVYFA
CASSIGGQQNQPQHF	LPFNDGVYFA
CATRTSGEFNEQFF	LPFNDGVYFA
CASSLGSAGNEQFF	LPFNDGVYFA
CASTGDSGNTEAFF	LPFNDGVYFA
CASSLPGTEQFF	LPFNDGVYFA
CASSIRVETQYF	LPFNDGVYFA
CASSPSIQETQYF	LPFNDGVYFA
CASSFLGAGELFF	LPFNDGVYFA
CASSYSGSGLGEQYF	LPFNDGVYFA
CAISPAGTAGTGELFF	LPFNDGVYFA
CSARDRVGGATQYF	LPFNDGVYFA
CASSSTVNNEQFF	LPFNDGVYFA
CSVENPGTYYNEQFF	LPFNDGVYFA
CASGNLNLEQYF	LPFNDGVYFA
CASSLVSSDTQYF	LPFNDGVYFA
CSARDGVAGVSNEQFF	LPFNDGVYFA
CASSAVSGGGTEAFF	LPFNDGVYFA
CASSLGPGMPNTGELFF	LPFNDGVYFA
CASSPGTVNSNQPQHF	LPFNDGVYFA
CASSLLPQGANTEAFF	LPFNDGVYFA
CASSIGGQGASEQYF	LPFNDGVYFA
CASSLAGMSSYNEQFF	LPFNDGVYFA
CASSYLATNEKLFF	LPFNDGVYFA
CAAFSQGLNTEAFF	LPFNDGVYFA
CASSLALGIDGYTF	LPFNDGVYFA
CASSQPLGLAGFTGELFF	LPFNDGVYFA
CASSLGNNEAFF	LPFNDGVYFA
CASSQDYSGRVDEQYF	LPFNDGVYFA
CASSLRGGNQPQHF	LPFNDGVYFA
CASSFYGTVGTEAFF	LPFNDGVYFA
CASSSSIETQYF	LPFNDGVYFA
CASSQVAAGGYNEQFF	LPFNDGVYFA
CASSPTGEGQETQYF	LPFNDGVYFA
CASSFGGSGALEQYF	LPFNDGVYFA
CASSPAGRASYEQYF	LPFNDGVYFA
CASTPTGQGQETQYF	LPFNDGVYFA
CASSQEEGQSYEQYF	LPFNDGVYFA
CASSSRGTNEKLFF	LPFNDGVYFA
CASSPRTGTNVLTF	LPFNDGVYFA
CASSQGAGKDGETQYF	LPFNDGVYFA
CASSPRGAFGSYNEQFF	LPFNDGVYFA
CASSQEVISGGSVNEQFF	LPFNDGVYFA
CASSTSSTVSSSYNEQFF	LPFNDGVYFA
CASSQEGLAGGYEQFF	LPFNDGVYFA
CASRDRGGETQYF	LPFNDGVYFA
CASSFPPGLAGLNEQFF	LPFNDGVYFA
CASSMGRDADTQYF	LPFNDGVYFA
CASSPGQGARFEQYF	LPFNDGVYFA
CASASGPYEQYF	LPFNDGVYFA
CSVLNLRNTGELFF	LPFNDGVYFA
CASSGQAESSYNEQFF	LPFNDGVYFA
CAISGAGNEQYF	LPFNDGVYFA
CSARTDYGAEFGAFF	LPFNDGVYFA
CASSPMGGQGLGYTF	LPFNDGVYFA
CSVLDSRSYNEQFF	LPFNDGVYFA
CASSDVPYEQYF	LPFNDGVYFA
CASQDTGELFF	LPFNDGVYFA
CASSTPPGSLGEETQYF	LPFNDGVYFA
CASSQAPATSGRALDTQYF	LPFNDGVYFA
CASSLVGGNTEAFF	LPFNDGVYFA
CASRRFRGDQTNYEQYF	LPFNDGVYFA
CASSFGLNTEAFF	LPFNDGVYFA
CASSSPILQETQYF	LPFNDGVYFA
CASSQDRASGLSAYNEQFF	LPFNDGVYFA
CASSQDPSSGGASYEQYF	LPFNDGVYFA
CASSLRGTREETQYF	LPFNDGVYFA
CASSFPGTGKEEQYF	LPFNDGVYFA
CASSLYPPNTEAFF	LPFNDGVYFA
CASTRAPDQYNEQFF	LPFNDGVYFA
CATSDNDGTGALASTDTQYF	LPFNDGVYFA
CASNPSGGNNEQFF	LPFNDGVYFA
CASSLGPGLANEQFF	LPFNDGVYFA
CASSQSGSSYNEQFF	LPFNDGVYFA
CASTPGPGWGEYEQYF	LPFNDGVYFA
CASSFGQGLWDNEQFF	LPFNDGVYFA
CASSLETGDGANVLTF	LPFNDGVYFA
CASSVVSTGELFF	LPFNDGVYFA
CASTPSAPVGQPQHF	LPFNDGVYFA
CASSLSRKGTGSLAEAFF	LPFNDGVYFA
CASSEATSNTEAFF	LPFNDGVYFA
CASSPGGSNQPQHF	LPFNDGVYFA
CSARDPGLVSYNEQFF	LPFNDGVYFA
CASSQEGGGGGPNTGELFF	LPFNDGVYFA
CASSFRPSGRAGELFF	LPFNDGVYFA
CASSHPGQGFDTQYF	LPFNDGVYFA
CASSLGYTGGNTEAFF	LPFNDGVYFA
CASSLLQNTEAFF	LPFNDGVYFA
CASKGGSLIEQYF	LPFNDGVYFA
CASSLPRNSYKEQFF	LPFNDGVYFA
CASSSPGQGAEGETQYF	LPFNDGVYFA
CASSPTGTSVRDEQFF	LPFNDGVYFA
CASSLAGEVGNTIYF	LPFNDGVYFA
CASTLSLGGYGYTF	LPFNDGVYFA
CASSSRERADQPQHF	LPFNDGVYFA
CAIKPGQGTYEQYF	LPFNDGVYFA
CSARDPLANYEQYF	LPFNDGVYFA
CASSLVGEEFYNEQFF	LPFNDGVYFA
CASSILPQDEAFF	LPFNDGVYFA
CASSSPGVNYGYTF	LPFNDGVYFA
CASSSPGQVQETQYF	LPFNDGVYFA
CATASGTEGPEKLEAFF	LPFNDGVYFA
CASGLSAGGDEQYF	LPFNDGVYFA
CASSLAGVETQYF	LPFNDGVYFA
CASRGETHEQFF	LPFNDGVYFA
CASSQEDYSGNTIYF	LPFNDGVYFA
CASSLTSGGQETQYF	LPFNDGVYFA
CSATPGTGELFF	LPFNDGVYFA
CASSEARGEQYF	LPFNDGVYFA
CSARALDNYGYTF	LPFNDGVYFA
CASSPRQGNNSPLHF	LPFNDGVYFA
CASRGGLAYEQYF	LPFNDGVYFA
CASSDSLTTSEQYF	LPFNDGVYFA
CASSQGPSGDEQFF	LPFNDGVYFA
CASSSTGQASGNQPQHF	LPFNDGVYFA
CSARDPREVGFNEQFF	LPFNDGVYFA
CASSPPGTAGDEQYF	LPFNDGVYFA
CASSLQGRSYEQYF	LPFNDGVYFA
CASSLAPGGFGLAEAFF	LPFNDGVYFA
CASSIGPGQAYEQYF	LPFNDGVYFA
CASSPTSGGGDTQYF	LPFNDGVYFA
CARSVGGGQGANNEQFF	LPFNDGVYFA
CASSQDSRGFYEQYF	LPFNDGVYFA
CSAELAGAYNEQFF	LPFNDGVYFA
CASSTSGFGETQYF	LPFNDGVYFA
CASSVGGKGEQFF	LPFNDGVYFA
CASRPDTQYF	LPFNDGVYFA
CASSVRTGSIYEQYF	LPFNDGVYFA
CASSIGAVSIGSTDTQYF	LPFNDGVYFA
CASSSGSGRALGEQYF	LPFNDGVYFA
CSAILRNGAIANSPLHF	LPFNDGVYFA
CASSSPGTGGQTQYF	LPFNDGVYFA
CASKAGPDLTYEQYF	LPFNDGVYFA
CASSQPGQGYEQYF	LPFNDGVYFA
CASSFFSGAGANVLTF	LPFNDGVYFA
CASALWGGAQYF	LPFNDGVYFA
CASSQGQLQPQHF	LPFNDGVYFA
CASSQTGGNEQFF	LPFNDGVYFA
CASSPGTEIQETQYF	LPFNDGVYFA
CASSPGTEHFTGELFF	LPFNDGVYFA
CASSRLSGDQGEQYF	LPFNDGVYFA
CASGDGLAGYEQYF	LPFNDGVYFA
CASSSSRTGGSEQYF	LPFNDGVYFA
CASSLYTAMNTEAFF	LPFNDGVYFA
CASSGQETRVGYEQYF	LPFNDGVYFA
CASSSTVNNEQFF	LPFNDGVYFA
CASSPRAYNQPQHF	LPFNDGVYFA
CASSLGVFGNQPQHF	LPFNDGVYFA
CASSWTGEGQETQYF	LPFNDGVYFA
CASSPSGLAQTYEQYF	LPFNDGVYFA
CASSLSLAAYEQYF	LPFNDGVYFA
CASRDSLSDTQYF	LPFNDGVYFA
CASSYSQETQYF	LPFNDGVYFA
CASSLIPQIEAFF	LPFNDGVYFA
CASSQVPGQGPNTGELFF	LPFNDGVYFA
CASSLYQGANTEAFF	LPFNDGVYFA
CASTSDSSYEQYV	LPFNDGVYFA
CASSPTRRGPYNEQFF	LPFNDGVYFA
CASSSTTTGWDGYTF	LPFNDGVYFA
CASSVGQKTEAFF	LPFNDGVYFA
CASSYSTDGELFF	LPFNDGVYFA
CASSLAPGYQETQYF	LPFNDGVYFA
CASSPRQGSNQPQHF	LPFNDGVYFA
CASSSPGSGRNEQFF	LPFNDGVYFA
CASSFGTEQYF	LPFNDGVYFA
CASSLTGTGADEQYF	LPFNDGVYFA
CASGIGRYNEQFF	LPFNDGVYFA
CASSITGTGGDEQFF	LPFNDGVYFA
CASSLAPDTQYF	LPFNDGVYFA
CASSSKDREKATQYF	LPFNDGVYFA
CASSQDLRGGYTF	LPFNDGVYFA
CASTTDRGDTEAFF	LPFNDGVYFA
CASSAFTGVNTEAFF	LPFNDGVYFA
CASSSDRGHVINEKLFF	LPFNDGVYFA
CATSDRQGNQPQHF	LPFNDGVYFA
CASSEYVNNEQFF	LPFNDGVYFA
CASSNSLRSYEQYF	LPFNDGVYFA
CASSRVGNQPQHF	LPFNDGVYFA
CASSLAGRDGDTQYF	LPFNDGVYFA
CASSLSLETQYF	LPFNDGVYFA
CASSPGANTEAFF	LPFNDGVYFA
CASTQWPSDDEQFF	LPFNDGVYFA
CASSIDGPGTQPQHF	LPFNDGVYFA
CASSSGSGRGYEQYF	LPFNDGVYFA
CASSTLGQGSGELFF	LPFNDGVYFA
CSARDLRGQAIYEQYF	LPFNDGVYFA
CASSLYTAVNTEAFF	LPFNDGVYFA
CASSRTDRVGNQPQHF	LPFNDGVYFA
CASSFRGEGLETQYF	LPFNDGVYFA
CASRPRGSYEQYF	LPFNDGVYFA
CASSPQGAGATEAFF	LPFNDGVYFA
CASSQEPHGGTATEAFF	LPFNDGVYFA
CASTQTPGFNTEAFF	LPFNDGVYFA
CASSWTGDGDIQYF	LPFNDGVYFA
CASSQGRQVGYTF	LPFNDGVYFA
CASSTTTGELFF	LPFNDGVYFA
CASSPTRGLGETQYF	LPFNDGVYFA
CASSSGIAGTNTGELFF	LPFNDGVYFA
CASSLALDSYEQYF	LPFNDGVYFA
CASSSGLAGYEQYF	LPFNDGVYFA
CSARDPRGVGLATQETQYF	LPFNDGVYFA
CATSRDHYEQYF	LPFNDGVYFA
CATNAGHGTEAFF	LPFNDGVYFA
CSARVGQGYSFTDTQYF	LPFNDGVYFA
CASSQDWTAGQPQHF	LPFNDGVYFA
CASSPTGLGQETQYF	LPFNDGVYFA
CASSLALGDTEAFF	LPFNDGVYFA
CASSGQTGTSGSNEQFF	LPFNDGVYFA
CSARDEINSVKAYEQYF	LPFNDGVYFA
CASSKPGQGNEQFF	LPFNDGVYFA
CASSLLQGNTEAFF	LPFNDGVYFA
CAISRQGLDYTF	LPFNDGVYFA
CASSWLAGGTDTQYF	LPFNDGVYFA
CASSLHDRGYNEQFF	LPFNDGVYFA
CASSDLDRRSNTGELFF	LPFNDGVYFA
CSASTGSTYEQYV	LPFNDGVYFA
CASSHLAGGPVYEQYF	LPFNDGVYFA
CASSPGTEQYF	LPFNDGVYFA
CASSTTRRGQETQYF	LPFNDGVYFA
CASSSNPPFGEQYF	LPFNDGVYFA
CASSPASRTDTQYF	LPFNDGVYFA
CAIAAAGNHNEQFF	LPFNDGVYFA
CASRESGSSYNEQFF	LPFNDGVYFA
CASHGPAGEGETQYF	LPFNDGVYFA
CASSFVRGRQETQYF	LPFNDGVYFA
CASSLSLEGSYGYTF	LPFNDGVYFA
CASGTGVGTDTQYF	LPFNDGVYFA
CASSSSLQETQYF	LPFNDGVYFA
CASSYVGTDTQYF	LPFNDGVYFA
CASSDSLLAYLGEQFF	LPFNDGVYFA
CASQGSGRALFSYNEQFF	LPFNDGVYFA
CASTGTGQQAYEQYF	LPFNDGVYFA
CASSESPAGASTDTQYF	LPFNDGVYFA
CASSLGRAQPQHF	LPFNDGVYFA
CASTGQGKRAFF	LPFNDGVYFA
CASSLEEVAKGTYNEQFF	LPFNDGVYFA
CASSRRGAHTDTQYF	LPFNDGVYFA
CASSFPGQGLEEQFF	LPFNDGVYFA
CASSVGGKVNEQFF	LPFNDGVYFA
CASDLLRGPHEQYF	LPFNDGVYFA
CASSLEQRGGWNEQFF	LPFNDGVYFA
CATSDLPGKEADTQYF	LPFNDGVYFA
CAISDRGREGSHEQFF	LPFNDGVYFA
CASSSRGAGGETQYF	LPFNDGVYFA
CASSYLAGTGELFF	LPFNDGVYFA
CASSLEGGGYGNEQFF	LPFNDGVYFA
CASSYPPGDEQYF	LPFNDGVYFA
CASSIRGRGLFYEQYF	LPFNDGVYFA
CASSSDGPNEKLFF	LPFNDGVYFA
CASRLAERGINEQFF	LPFNDGVYFA
CSAAGGTHYEQYF	LPFNDGVYFA
CASSYVRGNEQFF	LPFNDGVYFA
CASSRTGQALDGYTF	LPFNDGVYFA
CASSDKGNTEAFF	LPFNDGVYFA
CASSDTGTGKETQYF	LPFNDGVYFA
CASSLRGGGTDTQYF	LPFNDGVYFA
CASSHTGLAINEQFF	LPFNDGVYFA
CASIDQRTNYGYTF	LPFNDGVYFA
CASSTTGGEFGTQYF	LPFNDGVYFA
CASSDQNGAFGNEQFF	LPFNDGVYFA
CASSYTGQGKNIQYF	LPFNDGVYFA
CASSQGSGYEQYF	LPFNDGVYFA
CASSRRGIVEAFF	LPFNDGVYFA
CASSQDLSGNPGYTF	LPFNDGVYFA
CASSFPGGGRETQYF	LPFNDGVYFA
CASSLVGVNTEAFF	LPFNDGVYFA
CASSKALLAGVGSSGYNEQFF	LPFNDGVYFA
CASSSPPEGDRINEQFF	LPFNDGVYFA
CASSQDVGTGTDTQYF	LPFNDGVYFA
CSARDSAGGDEQYF	LPFNDGVYFA
CASSPPGQVGETQYF	LPFNDGVYFA
CASSNPAGGYNEQFF	LPFNDGVYFA
CASSQTSGSNEQFF	LPFNDGVYFA
CASSQGYEQYF	LPFNDGVYFA
CASSPGTSGGPGELFF	LPFNDGVYFA
CASSLYTATNTEAFF	LPFNDGVYFA
CASSHFLNNEQFF	LPFNDGVYFA
CASSPRDKNTDTQYF	LPFNDGVYFA
CASNGDGLPYGYTF	LPFNDGVYFA
CASSDTILGTGVYEQYF	LPFNDGVYFA
CASTPRQSSSYEQYF	LPFNDGVYFA
CASSIYRNTEAFF	LPFNDGVYFA
CAISDSGTGNYGYTF	LPFNDGVYFA
CASSLFGLDEQYF	LPFNDGVYFA
CASSSYRQAKAKNIQYF	LPFNDGVYFA
CASSGTGRSGANVLTF	LPFNDGVYFA
CASSYSAQGGSSYEQYF	LPFNDGVYFA
CATRDRDSYEQYF	LPFNDGVYFA
CASSTGWGQGAVEAFF	LPFNDGVYFA
CASSLGASGNEQFF	LPFNDGVYFA
CASSLAITDTQYF	LPFNDGVYFA
CASAHDNLSQQYF	LPFNDGVYFA
CASNPTAISSYEQYF	LPFNDGVYFA
CASSPSGTSGSRNEQFF	LPFNDGVYFA
CASSSGANVLTF	LPFNDGVYFA
CASSSGQGIWQPQHF	LPFNDGVYFA
CASSDSLTTEAFF	LPFNDGVYFA
CASSLIGENTEAFF	LPFNDGVYFA
CAIGAANEQFF	LPFNDGVYFA
CASSSSGTPEQFF	LPFNDGVYFA
CASSESFVRLGQIATYEQYF	LPFNDGVYFA
CASSLQGDNEQFF	LPFNDGVYFA
CASSQVSGGGQETQYF	LPFNDGVYFA
CAISGPRDRGARGEQYF	LPFNDGVYFA
CASSNPSGGTEAFF	LPFNDGVYFA
CASSHPVGGDYGYTF	LPFNDGVYFA
CASSTSGSSYNEQFF	LPFNDGVYFA
CASSQTGGDNQPQHF	LPFNDGVYFA
CASSVLAGGPNEQFF	LPFNDGVYFA
CASRTGGSYEQYF	LPFNDGVYFA
CASSLYTGANTEAFF	LPFNDGVYFA
CASSASPRGPTIYNEQFF	LPFNDGVYFA
CASSLVGLAGGRNEQFF	LPFNDGVYFA
CSARDLLGAGDNEQFF	LPFNDGVYFA
CASSLGRGRGANVLTF	LPFNDGVYFA
CASSLMTGGNYNEQFF	LPFNDGVYFA
CASSMGSGGAVTQYF	LPFNDGVYFA
CASSMSLNSYEQYF	LPFNDGVYFA
CASSVGAGLSYEQYF	LPFNDGVYFA
CASSTSGTGYEQYF	LPFNDGVYFA
CASSIGAGGVETQYF	LPFNDGVYFA
CASSSPGTGTETQYF	LPFNDGVYFA
CASSFGGGRGDTEAFF	LPFNDGVYFA
CASSPGGSNQPQHF	LPFNDGVYFA
CASSLPPGYTGELFF	LPFNDGVYFA
CASRPSSYFYEQYF	LPFNDGVYFA
CTSSQNGAGVYNEQFF	LPFNDGVYFA
CASRGQGHGEQYF	LPFNDGVYFA
CASSNELAGGPNEQFF	LPFNDGVYFA
CASSVGTGFDEQFF	LPFNDGVYFA
CASSSPGTSGEDNEQFF	LPFNDGVYFA
CASSLWGADLRNEQFF	LPFNDGVYFA
CASSLQPEETQYF	LPFNDGVYFA
CASSDKSGREYDTQYF	LPFNDGVYFA
CASSERNRGGEKLFF	LPFNDGVYFA
CASQSQGNTEAFF	LPFNDGVYFA
CASSIKLNTEAFF	LPFNDGVYFA
CASSPRSRADTQYF	LPFNDGVYFA
CASSPSGSSYNEQFF	LPFNDGVYFA
CASSYSGSGYNEQFF	LPFNDGVYFA
CASSLGLAAYEQYF	LPFNDGVYFA
CASSPTDYTGELFF	LPFNDGVYFA
CASSSRGLGQETQYF	LPFNDGVYFA
CASSVGGGSSYEQYF	LPFNDGVYFA
CSARNRQGYGYTF	LPFNDGVYFA
CASSPTAGDTYEQYF	LPFNDGVYFA
CASSPTGIVDTQYF	LPFNDGVYFA
CSASWVGYEQYF	LPFNDGVYFA
CASSITIAGRSNTGELFF	LPFNDGVYFA
CASSRYLGSYNEQFF	LPFNDGVYFA
CASSYAGENTEAFF	LPFNDGVYFA
CASSFWGRATEPQHF	LPFNDGVYFA
CSARDRRLAGNEQFF	LPFNDGVYFA
CASSTRVYIFRGAFF	LPFNDGVYFA
CASSERQSSYNSPLHF	LPFNDGVYFA
CASSPRPGLAGLSYNEQFF	LPFNDGVYFA
CASSSDSTSGGYEQYF	LPFNDGVYFA
CASSEALGAYNEQFF	LPFNDGVYFA
CASSHVWTGGLGTEAFF	LPFNDGVYFA
CASSHSGASTDTQYF	LPFNDGVYFA
CASSSPGGGHNEQFF	LPFNDGVYFA
CASSLPMTSYEQYF	LPFNDGVYFA
CASSLVAGELFF	LPFNDGVYFA
CASSLGVETQYF	LPFNDGVYFA
CASSSTTVYNEQFF	LPFNDGVYFA
CASSPAWGDREDFKKLFF	LPFNDGVYFA
CASSSSGSSYNEQFF	LPFNDGVYFA
CATQNTETHDIQYF	LPFNDGVYFA
CASSPGPRVDSPLHF	LPFNDGVYFA
CASSTTRVAKNIQYF	LPFNDGVYFA
CASSFRGRGQETQYF	LPFNDGVYFA
CSVEGTSGKNEQFF	LPFNDGVYFA
CASSLKGNEQFF	LPFNDGVYFA
CASSYAAGGPYNEQFF	LPFNDGVYFA
CASSPYRGGEQYF	LPFNDGVYFA
CASTPGTSGGAYLVQSTDTQYF	LPFNDGVYFA
CSARGAPRIAKNIQYF	LPFNDGVYFA
CASSPGQATLYEQYF	LPFNDGVYFA
CASSLGSGGYTF	LPFNDGVYFA
CATRGLAGDNEQFF	LPFNDGVYFA
CASQSRGEGQETQYF	LPFNDGVYFA
CASSRSTGYA	LPFNDGVYFA
CASSHPGLAQETQYF	LPFNDGVYFA
CSARDLRQVALYEQFF	LPFNDGVYFA
CASSQEDRETDTQYF	LPFNDGVYFA
CASSLVFLAGTGGEQFF	LPFNDGVYFA
CARSVGGGQGANNEQFF	LPFNDGVYFA
CASRVRTGDYEQYF	LPFNDGVYFA
CASSSPGANGELFF	LPFNDGVYFA
CATSDRGTSEAFF	LPFNDGVYFA
CASSETVNTEAFF	LPFNDGVYFA
CASSFGGSYEQYF	LPFNDGVYFA
CASSFTSKETQYF	LPFNDGVYFA
CASSLGGGGYRYEQYF	LPFNDGVYFA
CSASPGSGELFF	LPFNDGVYFA
CASSLTSGGQETQYF	LPFNDGVYFA
CAWSSGNTYEQYF	LPFNDGVYFA
CASSAWDSGGREQYF	LPFNDGVYFA
CASVDSLNTEAFF	LPFNDGVYFA
CASSQDGVDYGYTF	LPFNDGVYFA
CASSYVAGELFF	LPFNDGVYFA
CASSPDYPGQTYEQYF	LPFNDGVYFA
CASSRGAGVRTDTQYF	LPFNDGVYFA
CSARDLFSGALDTQYF	LPFNDGVYFA
CASSPLGGGYEQYF	LPFNDGVYFA
CASSVIADEQYF	LPFNDGVYFA
CASSHAAYQETQYF	LPFNDGVYFA
CASSSGDTGELFF	LPFNDGVYFA
CASSEQGDTYEQYF	LPFNDGVYFA
CASRFSGSGLDTQYF	LPFNDGVYFA
CASSERRGGNTGELFF	LPFNDGVYFA
CASRPPWGYEQYF	LPFNDGVYFA
CASTPTGSSYNEQFF	LPFNDGVYFA
CASSVGGGQGANNEQFF	LPFNDGVYFA
CASSLAGQGNEKLFF	LPFNDGVYFA
CASSTGGQGGYEQYF	LPFNDGVYFA
CASSLGAGLSYEQYF	LPFNDGVYFA
CASSQDGPGNQPQHF	LPFNDGVYFA
CASSLYTGAAAEAFF	LPFNDGVYFA
CASSLGQGLYNEQFF	LPFNDGVYFA
CASSGGVRIGYTF	LPFNDGVYFA
CASSQPSGGAGETQYF	LPFNDGVYFA
CSVILGAGGHEQYF	LPFNDGVYFA
CASSQEGAGAEAFF	LPFNDGVYFA
CASSLRAGGTDTQYF	LPFNDGVYFA
CASSTPTGGDEQFF	LPFNDGVYFA
CASSLAHYGLMNTEAFF	LPFNDGVYFA
CASSSTSNQPQHF	LPFNDGVYFA
CASSPAVVAGGNGGSYEQYF	LPFNDGVYFA
CASSISIRDFLSQYF	LPFNDGVYFA
CASSSPGQGRNEQFF	LPFNDGVYFA
CSVVGTSGGHEQYF	LPFNDGVYFA
CASSPTGSGYNEQFF	LPFNDGVYFA
CASSPGTGGAETQYF	LPFNDGVYFA
CASSLGRTINEQFF	LPFNDGVYFA
CASSLYGEIQYF	LPFNDGVYFA
CASSLGPGNNQPQHF	LPFNDGVYFA
CASSPPDDYEQYF	LPFNDGVYFA
CASSASGASYNEQFF	LPFNDGVYFA
CASEDSLRNEQYF	LPFNDGVYFA
CASSSSISHEQYF	LPFNDGVYFA
CASSYVQGDTEAFF	LPFNDGVYFA
CASSVGSVIQETQYF	LPFNDGVYFA
CSVEGGLGIGEQYF	LPFNDGVYFA
CASSLYTAENTEAFF	LPFNDGVYFA
CASSRPGQGYNEQFF	LPFNDGVYFA
CASSPPGQLTDTQYF	LPFNDGVYFA
CASSIKGNYGYTF	LPFNDGVYFA
CASSLGPRGGEQYF	LPFNDGVYFA
CASSMTSGGTEAFF	LPFNDGVYFA
CASSPTGSSYNEQFF	LPFNDGVYFA
CAGRDRGSYGYTF	LPFNDGVYFA
CASADSLGPHEQYF	LPFNDGVYFA
CASSLGAGQTYEQYF	LPFNDGVYFA
CASSEKTQYF	LPFNDGVYFA
CATSPTRTGGVETQYF	LPFNDGVYFA
CASRLLAEEPQHF	LPFNDGVYFA
CSGHGQAGGETQYF	LPFNDGVYFA
CSARGLYTGELFF	LPFNDGVYFA
CASSSRGSGEETQYF	LPFNDGVYFA
CASSYPGQGYGETQYF	LPFNDGVYFA
CASSQDAAGGKNIQYF	LPFNDGVYFA
CASSLTVLDEQFF	LPFNDGVYFA
CASQRDLGPPEKLFF	LPFNDGVYFA
CAISDKGKNQPQHF	LPFNDGVYFA
CASSFLGRGAEAFF	LPFNDGVYFA
CASSVPTGSTDTQYF	LPFNDGVYFA
CSVEQFSNQPQHF	LPFNDGVYFA
CASSVGAGGSYEQYF	LPFNDGVYFA
CASSLTLAETQYF	LPFNDGVYFA
CASSFVQAGGYQETQYF	LPFNDGVYFA
CASSFGYGLSYEQYF	LPFNDGVYFA
CSVIPGQGGYEQYF	LPFNDGVYFA
CASSVAGGTYEQYV	LPFNDGVYFA
CASRGPGQGFNEQFF	LPFNDGVYFA
CASSISGSGYNEQFF	LPFNDGVYFA
CASSPIQAGLGTDTQYF	LPFNDGVYFA
CASRSRGTSTDTQYF	LPFNDGVYFA
CASSQRQGSNQPQHF	LPFNDGVYFA
CASSPAGNQPQHF	LPFNDGVYFA
CSARRSSGGYEQFF	LPFNDGVYFA
CASSFGTRSYNEQFF	LPFNDGVYFA
CASSWTGSGNTIYF	LPFNDGVYFA
CASSPEAVGNQPQHF	LPFNDGVYFA
CASSIKLNTEAFF	LPFNDGVYFA
CASAYRDSLRSSYNEQFF	LPFNDGVYFA
