CDR3	AA
CASSPPDRGDTEAFF	NYIAQVDVV
CASSSRAGGPGSRNEQFF	NYIAQVDVV
CASSLGGYEQYF	NYIAQVDVV
CASSLDRGNAYEQYF	NYIAQVDVV
CASSQDWDRGSETQYF	NYIAQVDVV
CASSYPSEQYF	NYIAQVDVV
CASSLPSSYNEQFF	NYIAQVDVV
CASSQLPGQGKVQYF	NYIAQVDVV
CASSFWELAHNEQFF	NYIAQVDVV
CASSLRGSDEQFF	NYIAQVDVV
CASSLERGSKSGELFF	NYIAQVDVV
CASRSTGTDKNIQYF	NYIAQVDVV
CASSVGRSSYNEQFF	NYIAQVDVV
CASSNIRTSGTDTQYF	NYIAQVDVV
CASSFPGEGEQYF	NYIAQVDVV
CASSTRGTDTQYF	NYIAQVDVV
CASSLGSGGTDTQYF	NYIAQVDVV
CASSFPETQYF	NYIAQVDVV
CASSLDQTSGIYNEQFF	NYIAQVDVV
CASILDSSSYNEQFF	NYIAQVDVV
CASSVGDPDTQYF	NYIAQVDVV
CASSPRQGVNTGELFF	NYIAQVDVV
CASSLGTGAGTEAFF	NYIAQVDVV
CASSPRGGETQYF	NYIAQVDVV
CASSHISLGSSYEQYF	NYIAQVDVV
CASSLDLGGSNEKLFF	NYIAQVDVV
CASSLLTNEQFF	NYIAQVDVV
CASIETSGYNEQFF	NYIAQVDVV
CASSFPNEQYF	NYIAQVDVV
CASSVGLAGYNEQFF	NYIAQVDVV
CASSLGTSGRRPEQYF	NYIAQVDVV
CASSGRGTGELFF	NYIAQVDVV
CASSLGTGAGTEAFF	NYIAQVDVV
CASSAQPEFGQYF	NYIAQVDVV
CASSPGDNEQFF	NYIAQVDVV
CASSLPSGRETQYF	NYIAQVDVV
CASSGRGNTGELFF	NYIAQVDVV
CASSAGGYEQYF	NYIAQVDVV
CASSASGYTDTQYF	NYIAQVDVV
CASSDPSAGRALETQYF	NYIAQVDVV
CASSLGTSGRRPEQYF	NYIAQVDVV
CASSVGLASYNEQFF	NYIAQVDVV
CASSVASTSYNEQFF	NYIAQVDVV
CASRGRGEETQYF	NYIAQVDVV
CASSLPGTLTDTQYF	NYIAQVDVV
CASSATGTGGTEAFF	NYIAQVDVV
CASSLGEGGKNIQYF	NYIAQVDVV
CASSAGGYEQYF	NYIAQVDVV
CASSKRGAYEQYF	NYIAQVDVV
CASSQEAVNTEAFF	NYIAQVDVV
CASSEIDRAEQYF	NYIAQVDVV
CASNRAGTVSNQPQHF	NYIAQVDVV
CASSYPTPQHF	NYIAQVDVV
