CDR3	AA
CSARTPATYEQYF	HLVDFQVTI
CASSEGLAGEEEQFF	HLVDFQVTI
CASSPGLGLYEQYF	HLVDFQVTI
CASSSQGAMMETQYF	HLVDFQVTI
CSASSGDTNYGYTF	HLVDFQVTI
CASSLGLNTEAFF	HLVDFQVTI
CASSLGLNTEAFF	HLVDFQVTI
CASSKRADRPEEGYTF	HLVDFQVTI
CSARDSYTDRLSGFSEQYF	HLVDFQVTI
CASNIDGTEAFF	HLVDFQVTI
CASSLGLNTEAFF	HLVDFQVTI
CASSIYGGSNNEQFF	HLVDFQVTI
CASSLGQNTEAFF	HLVDFQVTI
CASSEERAYSNQPQHF	HLVDFQVTI
CASSIGTGGAFGELFF	HLVDFQVTI
CASSYVGMTQYF	HLVDFQVTI
CASSPPTSGRGTEQYF	HLVDFQVTI
CASSLGLNTGELFF	HLVDFQVTI
CASSLELAGTYEQYF	HLVDFQVTI
CASSFEEPSLYEQYF	HLVDFQVTI
CASSLGLNTEAFF	HLVDFQVTI
CASSQGMNTEAFF	HLVDFQVTI
CASSLGLRTYEQYF	HLVDFQVTI
CAQAVGLNTGELFF	HLVDFQVTI
CASSPGAGVGEAFF	HLVDFQVTI
CSVATGIRTGELFF	HLVDFQVTI
CASSLYRDAPFPQYF	HLVDFQVTI
CASSQGVNTEAFF	HLVDFQVTI
CASRHSPAAHPTDSPLHF	HLVDFQVTI
CASSLPRGFGRETQYF	HLVDFQVTI
CASSVGDNTEAFF	HLVDFQVTI
CASILERGANTEAFF	HLVDFQVTI
CRATSGESNYGYTF	HLVDFQVTI
CASSLGLRVYGYTF	HLVDFQVTI
CASSQGTGGRGYTF	HLVDFQVTI
CASSNKGFYEQYF	HLVDFQVTI
CASSSRTSGRNYNEQFF	HLVDFQVTI
CASSLGLNTEAFF	HLVDFQVTI
CASSFSDRARYSYNEQFF	HLVDFQVTI
CSATAGSSNYGYTF	HLVDFQVTI
CASSLDRARGYTF	HLVDFQVTI
CATADLNTGELFF	HLVDFQVTI
CASSQGTNTGELFF	HLVDFQVTI
CSARDFGLAGPETQYF	HLVDFQVTI
CASSLGLNTEAFF	HLVDFQVTI
CASSPGSNQPQHF	HLVDFQVTI
CASSPGLNTEAFF	HLVDFQVTI
CASQPQGAGEGYEQYF	HLVDFQVTI
CASSPIRRGKLFF	HLVDFQVTI
CASRYRLVDTGELFF	HLVDFQVTI
CASSLYREPYGYTF	HLVDFQVTI
CASSIGLNYEQYF	HLVDFQVTI
CASRLPGSSYNEQFF	HLVDFQVTI
CASSLSAGYGTPTTDTQYF	HLVDFQVTI
CASSIRGNYGYTF	HLVDFQVTI
CSARSLADYEQYF	HLVDFQVTI
CASSEGSNQPQHF	HLVDFQVTI
CASSAASTGELFF	HLVDFQVTI
CATSEGDRGRFSEQFF	HLVDFQVTI
CASSDSTGKQPQHF	HLVDFQVTI
CASSIDITGKAYEQYF	HLVDFQVTI
CASSVGSTGYGYTF	HLVDFQVTI
CASSQGRGDQPQHF	HLVDFQVTI
CARSLINEQFF	HLVDFQVTI
CASSPGLNTGELFF	HLVDFQVTI
CASSLEGAHTEAFF	HLVDFQVTI
CASGLGLNTEAFF	HLVDFQVTI
CASSFSPQEQFF	HLVDFQVTI
