CDR3	AA
CASSLTYEQYF	ITDVFYKENSY
CASSLVDTGTGFFTEAFF	ITDVFYKENSY
CSVEDPDSGLYGYTF	ITDVFYKENSY
CASRDTPGGEQYF	ITDVFYKENSY
CASSISSILTGADTQYF	ITDVFYKENSY
CSARESYSNQPQHF	ITDVFYKENSY
CASSQSDFTSYEQYF	ITDVFYKENSY
CASSQGLAEYNEQFF	ITDVFYKENSY
CAWSVYGNQPQHF	ITDVFYKENSY
CASSSAPDGNSYEQYF	ITDVFYKENSY
CASSYSKGQGFVYEQYF	ITDVFYKENSY
CATERARGYNEQFF	ITDVFYKENSY
CASSQDQEYNEQFF	ITDVFYKENSY
CASSVVGSSYEQYF	ITDVFYKENSY
CASSETGRDRGRRTEAFF	ITDVFYKENSY
CASSLRDIFEQFF	ITDVFYKENSY
CASSQGADTFYGYTF	ITDVFYKENSY
CASSFLAYNEQFF	ITDVFYKENSY
CASSLMSGTGYYNEQFF	ITDVFYKENSY
CASSQELPDQWNSPLHF	ITDVFYKENSY
CASSEGLYNEQFF	ITDVFYKENSY
CASSQDRLGTGELFF	ITDVFYKENSY
CASSFRDHMFF	ITDVFYKENSY
CASSLAGLNQPQHF	ITDVFYKENSY
CASSQFGSGSYEQYF	ITDVFYKENSY
CASSPGLAGWVGELFF	ITDVFYKENSY
CASRGPLEQYF	ITDVFYKENSY
CASSYSLGGDTDTQYF	ITDVFYKENSY
CASSSVGLAGGFAETQYF	ITDVFYKENSY
CASSPERLGYTF	ITDVFYKENSY
CASSETSGYNEQFF	ITDVFYKENSY
CASSPGTHYEQYF	ITDVFYKENSY
CASRQETQYF	ITDVFYKENSY
CASSPPGGYDTQYF	ITDVFYKENSY
CSARGWESGFEQFF	ITDVFYKENSY
CASSYSEREQFF	ITDVFYKENSY
CASSLAVSSPLHF	ITDVFYKENSY
CASSQDGGLAGVRETQYF	ITDVFYKENSY
CASSQDGGYNEKLFF	ITDVFYKENSY
CASSPSGTEAFF	ITDVFYKENSY
CASSPDEFRQGTF	ITDVFYKENSY
CASSLNGRGLNNEQFF	ITDVFYKENSY
CASSKKVAATNEKLFF	ITDVFYKENSY
CASNLNLTEQETQYF	ITDVFYKENSY
CATSRGDIQYF	ITDVFYKENSY
CASSHNSGAANTGELFF	ITDVFYKENSY
CATSRGQGDYTF	ITDVFYKENSY
CSARDGDSPISYGYTF	ITDVFYKENSY
CASSPIPTGTGFNTEAFF	ITDVFYKENSY
CASSLGLAGANEQYF	ITDVFYKENSY
CASAGDGPYEQYF	ITDVFYKENSY
CASRGTGIETQYF	ITDVFYKENSY
CASTAATDDYTDTQYF	ITDVFYKENSY
CSASPLSETGFEYEQYF	ITDVFYKENSY
CASSPGLAGAHEQFF	ITDVFYKENSY
CASNRGDRGHEQYF	ITDVFYKENSY
CASSSSGTGYNEQFF	ITDVFYKENSY
CASSFADWSGELFF	ITDVFYKENSY
CASSVAGSSYEQYF	ITDVFYKENSY
CASTSGPEQFF	ITDVFYKENSY
CASSQDSWTGFYNEQFF	ITDVFYKENSY
CSAVPNERGSYYEQYF	ITDVFYKENSY
CASTALTGSPYEQYF	ITDVFYKENSY
CASSQVGSTSGFSYEQYF	ITDVFYKENSY
CASSYSVLAGELFF	ITDVFYKENSY
CASSHPRDRYKDEQFF	ITDVFYKENSY
CASSYDSYGYTF	ITDVFYKENSY
CASSYSRDTYTGELFF	ITDVFYKENSY
CASSQDTGTGFSYEQYF	ITDVFYKENSY
CASSFQGGNTEAFF	ITDVFYKENSY
CASSLGIAGNTDTQYF	ITDVFYKENSY
CASSQEFGSPYEQYF	ITDVFYKENSY
CASSFLGGAPAGELFF	ITDVFYKENSY
CSARDGTGFVETQYF	ITDVFYKENSY
CASSEEFGTGYQETQYF	ITDVFYKENSY
CASSIDVTGGFYNEQFF	ITDVFYKENSY
CASSPRDRPWYEQYF	ITDVFYKENSY
CASSQGFDRDTEAFF	ITDVFYKENSY
CASSPLAASYEQYF	ITDVFYKENSY
CSGGANEQFF	ITDVFYKENSY
CASSYSGLAGGQETQYF	ITDVFYKENSY
CAWSGYRVSERGYTF	ITDVFYKENSY
CASSQGMYGAQETQYF	ITDVFYKENSY
CASRGLAGGKYTQYF	ITDVFYKENSY
CASSQGVNWDGYSYEQYF	ITDVFYKENSY
CASSLPSGGYERGYTF	ITDVFYKENSY
CASRTGPNTGELFF	ITDVFYKENSY
CASSVDNSYEQYF	ITDVFYKENSY
CASAGTGSYEQYF	ITDVFYKENSY
CASSFWDEAFF	ITDVFYKENSY
CASSSYEQYF	ITDVFYKENSY
CASSVTGGSYEQYF	ITDVFYKENSY
CASSYETSGFFYEQYF	ITDVFYKENSY
CATGWGTEAFF	ITDVFYKENSY
CATSRDSRTGFVNEQFF	ITDVFYKENSY
CASSAGYEQYF	ITDVFYKENSY
CASSLGGTSGSGFSDTQYF	ITDVFYKENSY
CASSDSSWEPQHF	ITDVFYKENSY
CASSDGGNEQFF	ITDVFYKENSY
CASSLGRWTGELFF	ITDVFYKENSY
CASSLDTSYEQYF	ITDVFYKENSY
CASGAPGTSGVSTDTQYF	ITDVFYKENSY
CSQLAEGTQYF	ITDVFYKENSY
CASSVGLYNSPLHF	ITDVFYKENSY
CASSLGGGLAGGSYEQYF	ITDVFYKENSY
CASTQRTGGDEQYF	ITDVFYKENSY
CATSTVAGWAETQYF	ITDVFYKENSY
CASSRDVGGFYNEQFF	ITDVFYKENSY
CASSEAPVYGYTF	ITDVFYKENSY
CASSGTGEGYEQYF	ITDVFYKENSY
CASSAPGTGVIHEQFF	ITDVFYKENSY
CSARRGQGNTEAFF	ITDVFYKENSY
