CDR3	AA
CSARNFPGGLAGIPTDTQYF	GTTLPKGFY
CASSLEDTPPYEQYF	GTTLPKGFY
CATNAEAGGAYEQYF	GTTLPKGFY
CASSLVGGTPDTEAFF	GTTLPKGFY
CASGLSGLAGTGELFF	GTTLPKGFY
CASNLGDNEQFF	GTTLPKGFY
CASSYAGTGYNEQFF	GTTLPKGFY
CASSSPSTSGRWEQYF	GTTLPKGFY
CASSLGLAENNEQFF	GTTLPKGFY
CASSLSGTFYEQYF	GTTLPKGFY
CASSEATQGALGKNIQYF	GTTLPKGFY
CASSLSGTFYEQYF	GTTLPKGFY
CASSLGDSRAPGNTIYF	GTTLPKGFY
CASSLATSYNEQFF	GTTLPKGFY
CASSLSWAYEQYF	GTTLPKGFY
CASSLSTGSLDEQFF	GTTLPKGFY
CASTGTGNPNYGYTF	GTTLPKGFY
CASSLSLGQRYTEAFF	GTTLPKGFY
CASRLSSPGYQETQYF	GTTLPKGFY
CASSPGQGLRNQPQHF	GTTLPKGFY
CASSSPGQGVWTQYF	GTTLPKGFY
CASSFISLGTEAFF	GTTLPKGFY
CASSPTWREETQYF	GTTLPKGFY
CSVEDGQGAYEQYF	GTTLPKGFY
CASSLSWGTEAFF	GTTLPKGFY
CASSVLGSSYNSPLHF	GTTLPKGFY
