CDR3	AA
CASSSIAFSYEQYF	SELVIGAVIL
CASSQEAPDSTTQYF	SELVIGAVIL
CASSLSLDSTDTQYF	SELVIGAVIL
CASSQDSSFLYNEQFF	SELVIGAVIL
CASSPLDGPPGYTF	SELVIGAVIL
CSVSSQGATDTQYF	SELVIGAVIL
CASSPFAGVTNEQFF	SELVIGAVIL
CASSIGDSFYNEQFF	SELVIGAVIL
CASSQVARTSGYTDTQYF	SELVIGAVIL
CASSPGQGIQPQHF	SELVIGAVIL
CASRTGMFADTQYF	SELVIGAVIL
CASSSDPSGGSLDNEQFF	SELVIGAVIL
CASSPFQGQNTDTQYF	SELVIGAVIL
CASSPSGVGTDTQYF	SELVIGAVIL
CASSFEGGRETQYF	SELVIGAVIL
CSASVAGYSTDTQYF	SELVIGAVIL
CASSTGLAGPTYNEQFF	SELVIGAVIL
CASSHVDRGRDGYTF	SELVIGAVIL
CASSFTGGHTEAFF	SELVIGAVIL
CASSSLDRSYEQYF	SELVIGAVIL
CASSQEGGTQAFF	SELVIGAVIL
CASSQIQGGQGDYEQYF	SELVIGAVIL
CASSYEGGLNEQFF	SELVIGAVIL
CASSAGGGTASGDEQYF	SELVIGAVIL
CASTPSHPGDEQYF	SELVIGAVIL
CASSLYGWAETQYF	SELVIGAVIL
CASSEAASGYTGELFF	SELVIGAVIL
CASSFEGGGEQYF	SELVIGAVIL
CASSLEGGRYEQYF	SELVIGAVIL
CASSLEGGGIQYF	SELVIGAVIL
CASSLHDNEQFF	SELVIGAVIL
CASSGGGALLNTEAFF	SELVIGAVIL
CASSPSRDNSYEQYF	SELVIGAVIL
CASSFEGANEQYF	SELVIGAVIL
CASSGEGGIGELFF	SELVIGAVIL
CASSLGTGATGELFF	SELVIGAVIL
CSARDNTQPSEQYF	SELVIGAVIL
CAWSNTGGGWDTQYF	SELVIGAVIL
CASNLHSGTPQETQYF	SELVIGAVIL
CASSLHRDVSYEQYF	SELVIGAVIL
CASSQDLERARVEQFF	SELVIGAVIL
CASSLTAGVTYEQYF	SELVIGAVIL
CASRLGGPQTNEQFF	SELVIGAVIL
CASSYEGGYNEQFF	SELVIGAVIL
CSVRGRLPETYEQYF	SELVIGAVIL
CASSLSEAYEQYF	SELVIGAVIL
CASSSRGSFYGYTF	SELVIGAVIL
CASSLSGTSGITGELFF	SELVIGAVIL
CASSYSGGSSYNEQFF	SELVIGAVIL
CASSFLGQGVSYEQYF	SELVIGAVIL
CASSIYSTDTQYF	SELVIGAVIL
CASSIVKVISGSYEQYF	SELVIGAVIL
CASSPGGWDYEQYF	SELVIGAVIL
CASSLQGGEQYF	SELVIGAVIL
CASRLGQYNEQFF	SELVIGAVIL
CASSQVGGGVVGDEQFF	SELVIGAVIL
CASSYSGGSTYNEQFF	SELVIGAVIL
CASSLGPSYTGELFF	SELVIGAVIL
CASSSGNSNQPQHF	SELVIGAVIL
CASERRDTDTQYF	SELVIGAVIL
CASSPETGGGQPQHF	SELVIGAVIL
CASSQVPGGLEQFF	SELVIGAVIL
CASSPTVSPSGRYEQFF	SELVIGAVIL
CASSLATLTGEETQYF	SELVIGAVIL
CASSPGTAGANVLTF	SELVIGAVIL
CASSFEVTNEQFF	SELVIGAVIL
CASSLEFWTGRETQYF	SELVIGAVIL
CASSYSAYVDRVAETQYF	SELVIGAVIL
CATLTGGSYNEQFF	SELVIGAVIL
CATSDRDRGFTGELFF	SELVIGAVIL
CASSGGDSNYEQYF	SELVIGAVIL
CASSLSFHPGTGVGNEQFF	SELVIGAVIL
CASSQQGNEQYF	SELVIGAVIL
CASSLASSNEQFF	SELVIGAVIL
CASSLHVDSSYNEQFF	SELVIGAVIL
CASMTTLSYNEQFF	SELVIGAVIL
CASRGDREVPTGELFF	SELVIGAVIL
CSAQSTEAFF	SELVIGAVIL
CASSRDGPTTNEKLFF	SELVIGAVIL
CASTWEGGYNEQFF	SELVIGAVIL
CASRGPGQLQETQYF	SELVIGAVIL
CSARDQVRVETQYF	SELVIGAVIL
CASSPDNLYEQYF	SELVIGAVIL
CASSSYTGELFF	SELVIGAVIL
CASSIQGDEQYF	SELVIGAVIL
CASSILPDEQFF	SELVIGAVIL
CASSLRGLEVYNEQFF	SELVIGAVIL
CASSGLDSLGELFF	SELVIGAVIL
CASSLQSEQYF	SELVIGAVIL
CASSLVRQGDTEAFF	SELVIGAVIL
CASSSSAGGTDTQYF	SELVIGAVIL
CASSFEGGTDQFF	SELVIGAVIL
CASSQSLNEGYEQYF	SELVIGAVIL
CASSSGVTGHSTDTQYF	SELVIGAVIL
CASSVNRDWHYEQYF	SELVIGAVIL
CASSFADADTQYF	SELVIGAVIL
CASSPRTSGYNEQFF	SELVIGAVIL
CASSLGESSAPNNEQFF	SELVIGAVIL
CASSLSLDSNYEQYF	SELVIGAVIL
CASSQDRAYGVYGYTF	SELVIGAVIL
CASSFEGPTYEQYF	SELVIGAVIL
CSARVVMTGTDTQYF	SELVIGAVIL
CSAGGTSGLWGTDTQYF	SELVIGAVIL
CASSPTTDSYEQYF	SELVIGAVIL
CASSLSQGGEKLFF	SELVIGAVIL
CASSRRQGLNNEQFF	SELVIGAVIL
CASSFIDTFSYEQYF	SELVIGAVIL
CASSLGFGGSGSGELFF	SELVIGAVIL
CASSVSRDSYEQYF	SELVIGAVIL
CASSHLARNTEAFF	SELVIGAVIL
CASSWAHTGELFF	SELVIGAVIL
CASSQGRGGYYNEQFF	SELVIGAVIL
CASSLGVYLYGYTF	SELVIGAVIL
CASSFEGGYEQYF	SELVIGAVIL
CASSFEGGDEQFF	SELVIGAVIL
CAISELGADTIYF	SELVIGAVIL
CASSFTRDSYEQYF	SELVIGAVIL
CASSLSLVLAGGLSTDTQYF	SELVIGAVIL
CASRGEYNEQFF	SELVIGAVIL
CASMRVASYNEQFF	SELVIGAVIL
CASSLPPRLAGGVGTDTQYF	SELVIGAVIL
CASRAEKETQYF	SELVIGAVIL
CASSVEAFITDTQYF	SELVIGAVIL
CASSLSSATGELFF	SELVIGAVIL
CASSFEGGPLNEQYF	SELVIGAVIL
CASSLARTGSMNTEAFF	SELVIGAVIL
CASTPSSPTDTQYF	SELVIGAVIL
CASSGLDSYEQYF	SELVIGAVIL
CASKVGQEGTEAFF	SELVIGAVIL
CASSFEGALGYEQYF	SELVIGAVIL
CASSLSETQYF	SELVIGAVIL
CASTPGQGPTEAFF	SELVIGAVIL
CASGASRDGTYEQYF	SELVIGAVIL
CASSPGPQEGGELFF	SELVIGAVIL
CASSPPEETQYF	SELVIGAVIL
CASSQDTDRYEQYF	SELVIGAVIL
CASSDLTSGSYNEQFF	SELVIGAVIL
CASSLNRDASYEQYF	SELVIGAVIL
CASSLEGAITEAFF	SELVIGAVIL
CASSATSGGYTDTQYF	SELVIGAVIL
CASSLEATALTYEQYF	SELVIGAVIL
CASSLRGQGSYGYTF	SELVIGAVIL
CASSFEGGAGELFF	SELVIGAVIL
CASSLVGAGANVLTF	SELVIGAVIL
CASSQGLATGELFF	SELVIGAVIL
CASGTGNSNQPQHF	SELVIGAVIL
CASSLLDNEKLFF	SELVIGAVIL
CASSSQGTNYGYTF	SELVIGAVIL
CASSILAGGPVEQFF	SELVIGAVIL
CASSEAITSGKYTGELFF	SELVIGAVIL
CASSPPLAGAQETQYF	SELVIGAVIL
CASSTQGGVGTDTQYF	SELVIGAVIL
CASSPQGSGTASYEQYF	SELVIGAVIL
CASSFSRATDTQYF	SELVIGAVIL
CASSIGPEGNEQFF	SELVIGAVIL
CASRLQDSYEQYF	SELVIGAVIL
CASSQDRTGGYYGYTF	SELVIGAVIL
CASSLSSPRDEQFF	SELVIGAVIL
CASSPEGRGTEAFF	SELVIGAVIL
CSARDPGQGTYNEQFF	SELVIGAVIL
CSARDRQQHTEAFF	SELVIGAVIL
CASSPIAGGTAYEQYF	SELVIGAVIL
CASSQEEDRDRTLGEQFF	SELVIGAVIL
CASSQEPTGILNEQFF	SELVIGAVIL
CASRQLDLTYGYTF	SELVIGAVIL
CASSFSRDNYEQYF	SELVIGAVIL
CASSLVTQGSYEQYF	SELVIGAVIL
CASTVEGTGELFF	SELVIGAVIL
CASTPNRDTFYEQYF	SELVIGAVIL
CASSYNGKEARTDTQYF	SELVIGAVIL
CASSMGQNTDTQYF	SELVIGAVIL
CASSTMGLAGGPYNEQFF	SELVIGAVIL
CASSISAGASNEQFF	SELVIGAVIL
CASSFEGGKYEQYF	SELVIGAVIL
CASSREGGYEQYF	SELVIGAVIL
CASSFQGAEAFF	SELVIGAVIL
CASSVGQAGSPLHF	SELVIGAVIL
CASSLSHPSTDTQYF	SELVIGAVIL
CASSMSRDSWNEQYF	SELVIGAVIL
CASRGTVDTLPTEAFF	SELVIGAVIL
CASSLGLAEDSYNEQFF	SELVIGAVIL
CASSFSSDLYEQYF	SELVIGAVIL
CASSAVAGASYNEQFF	SELVIGAVIL
CASSLQAGELFF	SELVIGAVIL
CASSREGPDTQYF	SELVIGAVIL
CASSQGGANVLTF	SELVIGAVIL
CASSPGRDEYQETQYF	SELVIGAVIL
CASSFRGGDTQYF	SELVIGAVIL
CASSGTTYNEQFF	SELVIGAVIL
CSARGGQVNTGELFF	SELVIGAVIL
CASSLVQSGTETDQPQHF	SELVIGAVIL
CACRYPDEAFF	SELVIGAVIL
CASQGADNTGELFF	SELVIGAVIL
CASSPGPDNNEQFF	SELVIGAVIL
CASSEGGVDEQYF	SELVIGAVIL
CASSLTEEPTGELFF	SELVIGAVIL
CASSLSRQGGYTF	SELVIGAVIL
CASSLSRDSYEQYF	SELVIGAVIL
CASSPTLLGGTDTQYF	SELVIGAVIL
CASRRDTSSYEQYF	SELVIGAVIL
CASRPTSGRSYEQYF	SELVIGAVIL
CASSTLDSQNTEAFF	SELVIGAVIL
CASSQSADSTYEQYF	SELVIGAVIL
CASSKAGQGRGANVLTF	SELVIGAVIL
CASSPGTDSYEQYF	SELVIGAVIL
CASSQDGLAGDNEQFF	SELVIGAVIL
CASSLTAPSSYNEQFF	SELVIGAVIL
CASGKGSSYNEQFF	SELVIGAVIL
CASSLTLFGNEQFF	SELVIGAVIL
CASSLSQVHEQFF	SELVIGAVIL
CASSLDPDNYGYTF	SELVIGAVIL
CASSLSWESYEQYF	SELVIGAVIL
CASSLRVDAYEQYF	SELVIGAVIL
CASMAGSSYNEQFF	SELVIGAVIL
CASSFGLAGELFF	SELVIGAVIL
CASSEMNVFNYGYTF	SELVIGAVIL
CASSGQGTFEGYTF	SELVIGAVIL
CASGSSAGGSNEQFF	SELVIGAVIL
CASSDSRRASVGEQFF	SELVIGAVIL
CASSPLDYGYEQYF	SELVIGAVIL
CASRTHRDAYEQYF	SELVIGAVIL
CASSLGGNEQFF	SELVIGAVIL
CASSIAGLFADTQYF	SELVIGAVIL
CASSLQGNEQFF	SELVIGAVIL
CASSFSGAGNEQFF	SELVIGAVIL
CASSLLYGSGNTIYF	SELVIGAVIL
CASSIGAVSYEQYF	SELVIGAVIL
CASNEGGLVYEQYF	SELVIGAVIL
CAREKWTGSYEQYF	SELVIGAVIL
CASSFEGALNEQFF	SELVIGAVIL
CASSVEPGHGSETQYF	SELVIGAVIL
CASSLEGLEKTQYF	SELVIGAVIL
CASSLNLALAVTSYNEQFF	SELVIGAVIL
CASSLSGGSSYNEQFF	SELVIGAVIL
CASSQDTDRYEQYF	SELVIGAVIL
CASSLLDRETQYF	SELVIGAVIL
CASSFEGAVGELFF	SELVIGAVIL
CASGTSGTDTQYF	SELVIGAVIL
CASSEHRDHYEQYF	SELVIGAVIL
CASSGLDRNDNEFF	SELVIGAVIL
CASSLQGGTGELFF	SELVIGAVIL
CASSLQGDEQYF	SELVIGAVIL
CASSFEGGTEAFF	SELVIGAVIL
CASSRHSAPEDNEQFF	SELVIGAVIL
CASSLEGSLYEQYF	SELVIGAVIL
CASSLTGTAGNTIYF	SELVIGAVIL
CASSHGLLIEQFF	SELVIGAVIL
CASSFEGALYEQYF	SELVIGAVIL
CSARDESRVETQYF	SELVIGAVIL
CASSIAPGVSNEQFF	SELVIGAVIL
CASSQPGLAHEQYF	SELVIGAVIL
CASSSIDSTYEQYF	SELVIGAVIL
CASSQDSSGGAHTQYF	SELVIGAVIL
CASSDQGGTSGNSEQFF	SELVIGAVIL
CSFYGADEAFF	SELVIGAVIL
CASSLTHNEQFF	SELVIGAVIL
CASSYPSGGGYEQYF	SELVIGAVIL
CASSSRDRHIQYF	SELVIGAVIL
CASSLSRDSSYEQYF	SELVIGAVIL
CASSQLAGVADTQYF	SELVIGAVIL
CASSEVANEQFF	SELVIGAVIL
CASSIFPGQGFYEQYF	SELVIGAVIL
CASSGEGGKNIQYF	SELVIGAVIL
CASSFEGAPYEQYF	SELVIGAVIL
CASSRADYGYTF	SELVIGAVIL
CASSEISSYNEQFF	SELVIGAVIL
CASSEDGESSYNEQFF	SELVIGAVIL
CSARDRDRVETQYF	SELVIGAVIL
CASSESVDNQPQHF	SELVIGAVIL
CSARVAGIEQFF	SELVIGAVIL
CASRQGDTEAFF	SELVIGAVIL
CASSDSAGAQNEQFF	SELVIGAVIL
CSARDLDRPGEQYF	SELVIGAVIL
CASSLGRGGDQPQHF	SELVIGAVIL
CASSRLAGGQETQYF	SELVIGAVIL
CASSLSRDGTHEQYF	SELVIGAVIL
CASSIGAGLGNEQFF	SELVIGAVIL
CASSSWTGPLGTGGELFF	SELVIGAVIL
CASSGGYYEQYF	SELVIGAVIL
CASSRGLAGGESYEQYF	SELVIGAVIL
CASRSIDRPYEQYF	SELVIGAVIL
CASFVTGSYNEQFF	SELVIGAVIL
CATTRDPTYEQYF	SELVIGAVIL
CASSLIWPTGGSPLHF	SELVIGAVIL
CASSLFGSEQYF	SELVIGAVIL
CASSDSRDRTYEQYF	SELVIGAVIL
CASSTYTGELFF	SELVIGAVIL
CASSVYSSGANVLTF	SELVIGAVIL
CASSQEEDRDRTLGEQFF	SELVIGAVIL
CASRATSGNYNEQFF	SELVIGAVIL
CASRTGTFSYEQYF	SELVIGAVIL
CASSLEGGAYEQYF	SELVIGAVIL
CASSLQGGGYTF	SELVIGAVIL
CASSFEGGKGLFF	SELVIGAVIL
CASSLSRDRVYEQYF	SELVIGAVIL
CANWGGLEETQYF	SELVIGAVIL
CASSLSRDSYGYTF	SELVIGAVIL
CASSYRDTQYF	SELVIGAVIL
CASSLDDHREQFF	SELVIGAVIL
CATSIGVESYEQYF	SELVIGAVIL
CSVPLAGEQYF	SELVIGAVIL
CASSPHPGKGTEAFF	SELVIGAVIL
CASSLREHNEQFF	SELVIGAVIL
CASSQGLAGVNIQYF	SELVIGAVIL
CASSLSRDSLYEQYF	SELVIGAVIL
CASSYERTEAFF	SELVIGAVIL
CASSLGDRYNEQFF	SELVIGAVIL
