CDR3	AA
CASSYQTEIYGYTF	INVFAFPFTI
CASSVGSGPYVEQFF	INVFAFPFTI
CASSPSGAEDYEQYF	INVFAFPFTI
CASSFLGYEQYF	INVFAFPFTI
CSASGTSGRPYQETQYF	INVFAFPFTI
CASSLVGGETQYF	INVFAFPFTI
CASRKIGGVAGANVLTF	INVFAFPFTI
CASSPGPGYTF	INVFAFPFTI
CASSVDSGSYEQYF	INVFAFPFTI
CASSRQTYNEQFF	INVFAFPFTI
CASSRGGASTDTQYF	INVFAFPFTI
CSGNRDTEAFF	INVFAFPFTI
CASSFGGTEQYF	INVFAFPFTI
CATSRTDTQYF	INVFAFPFTI
CSAFEEPSYEQYF	INVFAFPFTI
CASSLAGETYEQYF	INVFAFPFTI
CATSRVSSPTEYF	INVFAFPFTI
CASSQGRAQGELFF	INVFAFPFTI
CSATRTGDHSNQPQHF	INVFAFPFTI
CSARLAGGPPGSYNEQFF	INVFAFPFTI
CASSFSETQYF	INVFAFPFTI
CASSPTGNEQFF	INVFAFPFTI
CASSSTGGGTDTQYF	INVFAFPFTI
CATSDYPAGRYNEQFF	INVFAFPFTI
CATGQGRETQYF	INVFAFPFTI
CASSEAPAGDSYEQYF	INVFAFPFTI
CASSYSETQYF	INVFAFPFTI
CASSWGTVTGELFF	INVFAFPFTI
CASSGLGGRTDTQYF	INVFAFPFTI
CASSRSGGMTDTQYF	INVFAFPFTI
CASRGLAGSSYNEQFF	INVFAFPFTI
CASSLVGETQYF	INVFAFPFTI
CASSPAGTAMFF	INVFAFPFTI
CASSKRWGGPNEKLFF	INVFAFPFTI
CSVRTSGYEQYF	INVFAFPFTI
CASSQDTVDRGGTNEKLFF	INVFAFPFTI
CASSFSGTTYEQYF	INVFAFPFTI
CASVPQGRAEAFF	INVFAFPFTI
CASSFGGEQFF	INVFAFPFTI
CASSRGTGSNQPQHF	INVFAFPFTI
CASSWDGTQYF	INVFAFPFTI
CASSLFREDEQFF	INVFAFPFTI
CASSPSTEAFF	INVFAFPFTI
CSATTSGGPYEQYF	INVFAFPFTI
CAISAGTTSYEQYF	INVFAFPFTI
CASSSTGETQYF	INVFAFPFTI
CASSFSAEQYF	INVFAFPFTI
CASSLQGTGELFF	INVFAFPFTI
CASSLMAGGSGELFF	INVFAFPFTI
CASSLGAAEAFF	INVFAFPFTI
CASSRDTQYF	INVFAFPFTI
CASSYTHSSYNEQFF	INVFAFPFTI
CAWRVLHQDTQYF	INVFAFPFTI
CATMLGASNQPQHF	INVFAFPFTI
CSGRTGDTGELFF	INVFAFPFTI
CASSSTGASTDTQYF	INVFAFPFTI
CASSIGGEPQHF	INVFAFPFTI
CASSWADTQYF	INVFAFPFTI
CASRPTSGVSGELFF	INVFAFPFTI
CASSPDSKLFF	INVFAFPFTI
CASSFSGSGGSYEQYF	INVFAFPFTI
CASSFSGYEQFF	INVFAFPFTI
CASSVDLGEHNEQFF	INVFAFPFTI
CASSRILGCGVQYF	INVFAFPFTI
CASSYGGETQYF	INVFAFPFTI
CASSPDGVSEQFF	INVFAFPFTI
CAISEGQDSYEQYF	INVFAFPFTI
CASGTNEKLFF	INVFAFPFTI
CASSSTGLPDTQYF	INVFAFPFTI
CASSYSEWGRTGTQYF	INVFAFPFTI
CASSPLARTDTQYF	INVFAFPFTI
CASSVEGVPYNEQFF	INVFAFPFTI
CASSLSGELFF	INVFAFPFTI
CASSLGGLGYTF	INVFAFPFTI
CASTLSGNTIYF	INVFAFPFTI
CATSLSANNEQFF	INVFAFPFTI
CASSVNSNQPQHF	INVFAFPFTI
CASSLTGEAYEQYF	INVFAFPFTI
CASSPPGGRLPYEQYF	INVFAFPFTI
CASSRGLAGGVETQYF	INVFAFPFTI
CASSVEGAGAKNIQYF	INVFAFPFTI
CASSPSGYEQYF	INVFAFPFTI
CASGKGRYTF	INVFAFPFTI
CASSQVGGASHEQYF	INVFAFPFTI
CASSLAYEQYF	INVFAFPFTI
CASSFLETQYF	INVFAFPFTI
CASSPTGGTEAFF	INVFAFPFTI
CASSPGNQPQHF	INVFAFPFTI
CASSLAGDGYTF	INVFAFPFTI
CASSLAGGQVDTQYF	INVFAFPFTI
CASSMGGTLPSNEQFF	INVFAFPFTI
CASGLANEQYF	INVFAFPFTI
CASSSSSGRGGVWNIQYF	INVFAFPFTI
CASSRTGSEAFF	INVFAFPFTI
CATQGAGGPEQFF	INVFAFPFTI
CSALGTATDTQYF	INVFAFPFTI
CASMAYSYEQYF	INVFAFPFTI
CASSQQGKWRQYF	INVFAFPFTI
CSVEEGKNEQFF	INVFAFPFTI
CASSRRDLPSPLHF	INVFAFPFTI
CSASGLAGAYEQYF	INVFAFPFTI
CASSYSPGHSYNEQFF	INVFAFPFTI
CASGEFELFF	INVFAFPFTI
CASSLGLGNEQYF	INVFAFPFTI
CASSSTGGVLTF	INVFAFPFTI
CASSRRGTDYTGELFF	INVFAFPFTI
CASSVGFEQYF	INVFAFPFTI
CASSYSPSAYEQFF	INVFAFPFTI
CASSYTGTPSGEQYF	INVFAFPFTI
CASSYKETQYF	INVFAFPFTI
CSATSSRGRGTNEKLFF	INVFAFPFTI
CASSQEPINTGELFF	INVFAFPFTI
CASKVGGLGYTF	INVFAFPFTI
CASSPYLGNTIYF	INVFAFPFTI
CSVRTGSPEAFF	INVFAFPFTI
CASSATGGHEQYF	INVFAFPFTI
CARGSGGTDTQYF	INVFAFPFTI
CASSLGLAGAPYNEQFF	INVFAFPFTI
CSVVWQGAKVAGELFF	INVFAFPFTI
CASSTPSEQYF	INVFAFPFTI
CASSLGLDPHF	INVFAFPFTI
CASSLGLAGSTDTQYF	INVFAFPFTI
CASSPTGSTDTQYF	INVFAFPFTI
CSVEASGGTTGELFF	INVFAFPFTI
CASSLTGAAPDTQYF	INVFAFPFTI
CASSKSGTSGRAQSYEQYF	INVFAFPFTI
CASSLDGAEQFF	INVFAFPFTI
CSPRRVTEAFF	INVFAFPFTI
CASISLGQENTEAFF	INVFAFPFTI
CASSTGEAYEQYF	INVFAFPFTI
CASGFTGSGANVLTF	INVFAFPFTI
CASSFSGYNEQFF	INVFAFPFTI
CSVESGQGFEQYF	INVFAFPFTI
CASSPTGGGDNEQFF	INVFAFPFTI
CASSLSFEQFF	INVFAFPFTI
CASSQVARNEKLFF	INVFAFPFTI
CASSEFGQDSYEQYF	INVFAFPFTI
CSAAYGRETQYF	INVFAFPFTI
CASSYSGEQYF	INVFAFPFTI
CASSQTGGNEQFF	INVFAFPFTI
CASSPGLGNEQFF	INVFAFPFTI
CASWEGAEAFF	INVFAFPFTI
CASTLVGRGYTF	INVFAFPFTI
CASSFGADTQYF	INVFAFPFTI
CASSFGQGINRETQYF	INVFAFPFTI
CASSPTGAEAFF	INVFAFPFTI
CASSFPIGDRGENEQYF	INVFAFPFTI
CASSLAGDEQFF	INVFAFPFTI
CASTEREGLSNEQFF	INVFAFPFTI
CSVEQGNGNEQFF	INVFAFPFTI
CASRSGTGVTDTQYF	INVFAFPFTI
CASSSGTSGYEQYF	INVFAFPFTI
CASSATGYEQYF	INVFAFPFTI
CASSQVGFYNEQFF	INVFAFPFTI
CASSLAGFETQYF	INVFAFPFTI
CATVTGGLETQYF	INVFAFPFTI
CSARDWVVVQETQYF	INVFAFPFTI
CASSLPGTGSGYTF	INVFAFPFTI
CASSSPGQGLIYEQYF	INVFAFPFTI
CSASPPLLASDTQYF	INVFAFPFTI
CSAPQPSGHTGRETQYF	INVFAFPFTI
CASSMMGTFDYTF	INVFAFPFTI
CASSLAGNQFF	INVFAFPFTI
CSAREDRLVEQFF	INVFAFPFTI
CASSFLAGESYNEQFF	INVFAFPFTI
CASSSAEGTQYF	INVFAFPFTI
CASSLSYEQYF	INVFAFPFTI
CAISETGLMNTEAFF	INVFAFPFTI
CASSFSGEKLFF	INVFAFPFTI
CASSSAGGSTDTQYF	INVFAFPFTI
CASSLAGELFF	INVFAFPFTI
CASGGTLAGNSPLHF	INVFAFPFTI
CASSFSGSDTDTQYF	INVFAFPFTI
CASSPDGQDTQYF	INVFAFPFTI
CSVYRDRWEQFF	INVFAFPFTI
CSAVGTASSYEQYF	INVFAFPFTI
CASSPTGETQYF	INVFAFPFTI
CASSFEGTQYF	INVFAFPFTI
CASSSRTGREPYEQYF	INVFAFPFTI
CASSFAVLLEQFF	INVFAFPFTI
CASSFAAYQETQYF	INVFAFPFTI
CASSVSREQYF	INVFAFPFTI
CSGFRDAGTQYF	INVFAFPFTI
CASSAGGIGGTYEQYF	INVFAFPFTI
CASSSSQSSYEQYF	INVFAFPFTI
CATTSGGYNEQFF	INVFAFPFTI
CASHRGGGQFF	INVFAFPFTI
CASSFSDTQYF	INVFAFPFTI
CSAPEYNEQFF	INVFAFPFTI
CASSTLLVASGREPNIQYF	INVFAFPFTI
CASSFSGLARYF	INVFAFPFTI
CASSFLAEQYF	INVFAFPFTI
CASSYPGYEQYF	INVFAFPFTI
CASSLWLGDAQYF	INVFAFPFTI
CASSLAGEPNF	INVFAFPFTI
CSATAGLSTDTQYF	INVFAFPFTI
CASSLGAKQFF	INVFAFPFTI
CSGTSGNYEQYF	INVFAFPFTI
CASSDRDRGYEQYF	INVFAFPFTI
CSGIPNYEQYF	INVFAFPFTI
CSAVPDRDRGAEQYF	INVFAFPFTI
CASSMGKLFF	INVFAFPFTI
CASSIGGGEAFF	INVFAFPFTI
CASSPTGNTEAFF	INVFAFPFTI
CASSLSGETQYF	INVFAFPFTI
CASSPTGGKLFF	INVFAFPFTI
CASSQGFYEQYF	INVFAFPFTI
CASTSSTEDYEQYF	INVFAFPFTI
CASSYLRQGNEKLFF	INVFAFPFTI
CASSFSGGEQYF	INVFAFPFTI
CASSYSGETQYF	INVFAFPFTI
CATPAGASGYTF	INVFAFPFTI
CATRLAGNYEQYF	INVFAFPFTI
CASGNEQFF	INVFAFPFTI
CASSPSGAEQYF	INVFAFPFTI
CSARDFLGGDSRGYTF	INVFAFPFTI
CSVQTGGGFEQYF	INVFAFPFTI
CASSLIGSSRDTQYF	INVFAFPFTI
CASTPGGETQYF	INVFAFPFTI
CASSFPGNEQFF	INVFAFPFTI
CASSPLGSPGGTEAFF	INVFAFPFTI
CASSQGGYEQYF	INVFAFPFTI
CSASSGTGDRYNEQFF	INVFAFPFTI
CASGSHYEQYF	INVFAFPFTI
CASSSSYEQYF	INVFAFPFTI
CASSLTSEQFF	INVFAFPFTI
CASSLAGYDRYF	INVFAFPFTI
CASSRGGGELFF	INVFAFPFTI
CASSLSGTQYF	INVFAFPFTI
CSARDLGLAGVMQYF	INVFAFPFTI
CASSTRDRSYEQYF	INVFAFPFTI
CASSYQGGPEAFF	INVFAFPFTI
CASSLSVGEGFDEQFF	INVFAFPFTI
CASGQGFDEQFF	INVFAFPFTI
CASSPNTVSYEQYF	INVFAFPFTI
CASSSSETQYF	INVFAFPFTI
CASSAGNEKLFF	INVFAFPFTI
CASSFFSSKKAEAFF	INVFAFPFTI
CASSSAGETQYF	INVFAFPFTI
CSAVAGADSYEQYF	INVFAFPFTI
CAISESGRRYEQFF	INVFAFPFTI
CASSWAETQYF	INVFAFPFTI
CASSFGGNQPQHF	INVFAFPFTI
CASSEYNRENEQFF	INVFAFPFTI
CASSLFQGAEYGYTF	INVFAFPFTI
CASTMTGEAFF	INVFAFPFTI
CASSLAGNPFF	INVFAFPFTI
CSAITGENTEAFF	INVFAFPFTI
CASSLLHYNEQFF	INVFAFPFTI
CSALGYGPGTTEAFF	INVFAFPFTI
CASSPTGETQYF	INVFAFPFTI
CASSQDPSLISSYNEQFF	INVFAFPFTI
CASSPGMQPEAFF	INVFAFPFTI
CASSYSVLDGFYGYTF	INVFAFPFTI
CASSLGQVYTEAFF	INVFAFPFTI
CASSLTGNEQFF	INVFAFPFTI
CASSEADLTDTQYF	INVFAFPFTI
CASSYPLRGTSGLTDTQYF	INVFAFPFTI
CSVELGRGYEQYF	INVFAFPFTI
CASSLAPERDQYF	INVFAFPFTI
CSARGSDRGAYNEQFF	INVFAFPFTI
CASSLSRGHHGNEQFF	INVFAFPFTI
CSAGGVFVSYNEQFF	INVFAFPFTI
CACTEGHQETQYF	INVFAFPFTI
CATGGAGTNEQYF	INVFAFPFTI
CAWGTAGNTIYF	INVFAFPFTI
CASSITGAYEQYF	INVFAFPFTI
CATSRRAQETQYF	INVFAFPFTI
CASSLLGGEFDEQFF	INVFAFPFTI
CASSLRYGYTF	INVFAFPFTI
CAIGLGNEQFF	INVFAFPFTI
CSATGERTYYEQYF	INVFAFPFTI
CASLGPVVRQGYGYTF	INVFAFPFTI
CATTPIGGAEAFF	INVFAFPFTI
CASSAQGDIQYF	INVFAFPFTI
CASSSGTVKYF	INVFAFPFTI
CSVGTGTSYEQYF	INVFAFPFTI
CASSFGQVRSF	INVFAFPFTI
CASSPTGNTIYF	INVFAFPFTI
CASNPSGGGVNEQFF	INVFAFPFTI
CASSLSVEQFF	INVFAFPFTI
CASSLVGYEQYF	INVFAFPFTI
CASSLSSEQYF	INVFAFPFTI
CASRGFDTEAFF	INVFAFPFTI
CASSPLAGVNYEQYF	INVFAFPFTI
CASSYQGAGNTEAFF	INVFAFPFTI
CASSDTGAGYTF	INVFAFPFTI
CSGTANTGELFF	INVFAFPFTI
RARLYERDTNNEQFF	INVFAFPFTI
CASSQPLAGDTGELFF	INVFAFPFTI
CASRLAETYEQYF	INVFAFPFTI
CASSVAHGYEQYF	INVFAFPFTI
CASSYSETQYF	INVFAFPFTI
CASGFNQPQHF	INVFAFPFTI
CSARVHLGTDTQYF	INVFAFPFTI
CAWSYTHEIPSGTGYEQYF	INVFAFPFTI
CASSGMGTDWEQYF	INVFAFPFTI
CASSWVGGGLEAQYF	INVFAFPFTI
CASSPSGGDQYF	INVFAFPFTI
CASSMTGGSTDTQYF	INVFAFPFTI
CASSLSWGGNTEAFF	INVFAFPFTI
CSATGTATSYEQYF	INVFAFPFTI
CASSQTYTGGGPGELFF	INVFAFPFTI
CASSLVPNEQFF	INVFAFPFTI
CASSEGSGRNTDTQYF	INVFAFPFTI
CASSLVATQYF	INVFAFPFTI
CASSPGSGAFF	INVFAFPFTI
CASNDLGETYEQYF	INVFAFPFTI
CASLGGEGYTF	INVFAFPFTI
CSARVLGEGTDTQYF	INVFAFPFTI
CASSLLGETQYF	INVFAFPFTI
CASSLLQGGYNEQFF	INVFAFPFTI
CSARDSLDSRPYEQYF	INVFAFPFTI
CATHGQSGANVLTF	INVFAFPFTI
CATSDGVSTLAGPNEQFF	INVFAFPFTI
CSARDLSGRPEQYF	INVFAFPFTI
CASSPTGSEQYF	INVFAFPFTI
CASSVTGELFF	INVFAFPFTI
CASSASETQYF	INVFAFPFTI
CASQQGASPLHF	INVFAFPFTI
CASSLAGAGETQYF	INVFAFPFTI
CASSPQGYEQYF	INVFAFPFTI
CASSLGRSYTEAFF	INVFAFPFTI
CASSANDFFSPLHF	INVFAFPFTI
CASSLGGL	INVFAFPFTI
CSVVPGTVPSYEQYF	INVFAFPFTI
CASSLVGAELAF	INVFAFPFTI
CASSLVLAGGSEQFF	INVFAFPFTI
CASSPGRNANTGELFF	INVFAFPFTI
CASSYGGDTQYF	INVFAFPFTI
CASSLGQGGRDTEAFF	INVFAFPFTI
CASSSTGEKLFF	INVFAFPFTI
CASSRGDTQYF	INVFAFPFTI
CASSPQGAPNYEQYF	INVFAFPFTI
CASTPDNYNEQFF	INVFAFPFTI
CASSPALRGRTKSSYEQYF	INVFAFPFTI
CATSDNRQGNEQFF	INVFAFPFTI
CASSHEGDTEAFF	INVFAFPFTI
CSVVIGGYGYTF	INVFAFPFTI
CAINPGQGASTDTQYF	INVFAFPFTI
CASSFVGHRFF	INVFAFPFTI
CASSTGGFLLHEQYF	INVFAFPFTI
CASNSPLHF	INVFAFPFTI
CARTALGESTDTQYF	INVFAFPFTI
CASSLQGGPLIQYF	INVFAFPFTI
CASSPGGWQTQYF	INVFAFPFTI
CASSLILAGSSYEQYF	INVFAFPFTI
CASSPVRWTSTDTQYF	INVFAFPFTI
CASSFAYGYTF	INVFAFPFTI
CASSYSIFVGGNEQFF	INVFAFPFTI
CSATSGRETQYF	INVFAFPFTI
CASSQEGRVEQFF	INVFAFPFTI
CASSPGATIYF	INVFAFPFTI
CASSLVGGGALSYEQYF	INVFAFPFTI
CSAESGRAEETQYF	INVFAFPFTI
CASSAGQFEQYF	INVFAFPFTI
CASSDGSKAEAFF	INVFAFPFTI
CASMYSLSGQGAEQYF	INVFAFPFTI
CSANRGGETQYF	INVFAFPFTI
CSVKTGVSGNTIYF	INVFAFPFTI
CASSQTGEQYF	INVFAFPFTI
CASSYVGPGELFF	INVFAFPFTI
CASSWTETQYF	INVFAFPFTI
CSGLGGPVSNEQYF	INVFAFPFTI
CSVEGGGGNEQFF	INVFAFPFTI
CASSLSVTQYF	INVFAFPFTI
CASSGGWVSDTQYF	INVFAFPFTI
CASSPLGYEQYF	INVFAFPFTI
CASSVTGAEQYF	INVFAFPFTI
CASSVTGAGEQFF	INVFAFPFTI
CASSLHGQGMAGIAGELFF	INVFAFPFTI
CASMYGHEQFF	INVFAFPFTI
CASGSGVGYTF	INVFAFPFTI
CASRNPGREGFYNEQFF	INVFAFPFTI
CAKGARAKNIQYF	INVFAFPFTI
CASHSGALLEQYF	INVFAFPFTI
CSATGLDRGHGYTF	INVFAFPFTI
CASQERDTQYF	INVFAFPFTI
CASSLSGETQYF	INVFAFPFTI
CASSFTGAEAFF	INVFAFPFTI
CSARDRVSNRYNEQFF	INVFAFPFTI
CASGQGSYEQYF	INVFAFPFTI
CASSPRQGGAYEQYF	INVFAFPFTI
CASSLEGEKLFF	INVFAFPFTI
CASSLLGSNTGELFF	INVFAFPFTI
CASSGLAGIIDEQFF	INVFAFPFTI
CASSQYPGLEKLFF	INVFAFPFTI
CASSPTSGRAVYEQYF	INVFAFPFTI
CATSRGSRAEQYF	INVFAFPFTI
CSVEVGSGYEQYF	INVFAFPFTI
CASSPGAEAFF	INVFAFPFTI
CASAPMDGALGYEQYF	INVFAFPFTI
CASRFMPGTADHF	INVFAFPFTI
CASSPTGKVGNEKLFF	INVFAFPFTI
CSVQTGTGFEQYF	INVFAFPFTI
CASSFDGISGYTF	INVFAFPFTI
CSGLEHNEQFF	INVFAFPFTI
CATSRAEQEGYTF	INVFAFPFTI
CASGRGGHEQYF	INVFAFPFTI
CASSFSVEQYF	INVFAFPFTI
CASSVDAGSYEQYF	INVFAFPFTI
CASSFAGDTQYF	INVFAFPFTI
CSVEQGSYEQYF	INVFAFPFTI
CASSRSGVETQYF	INVFAFPFTI
CASSFSDTQYF	INVFAFPFTI
CASSLAGFLQFF	INVFAFPFTI
CASSFQGATEAFF	INVFAFPFTI
CSAETGSGYEQYF	INVFAFPFTI
CASSLAGLLGPQHF	INVFAFPFTI
CSAFGLAGGAYEQYF	INVFAFPFTI
CASSVAEGQPQHF	INVFAFPFTI
CASSPVGAPEQFF	INVFAFPFTI
CASSVEGLPYTEAFF	INVFAFPFTI
CAWSVGLGPYNEQFF	INVFAFPFTI
CSARQGVSAFF	INVFAFPFTI
CATTEMSSGSYNEQFF	INVFAFPFTI
CSASLDTYEQYF	INVFAFPFTI
CASSGDLPIEQYF	INVFAFPFTI
CASSPRTGYNEQFF	INVFAFPFTI
CASSFLGQINTGELFF	INVFAFPFTI
CATSERQESSQHF	INVFAFPFTI
CSVISGDVNGYTF	INVFAFPFTI
CALGQGAKETQYF	INVFAFPFTI
CASSFSYPYEQYF	INVFAFPFTI
CASSFEGKQFF	INVFAFPFTI
CSVETGQGYEQFF	INVFAFPFTI
CASSLAPGAGVVFF	INVFAFPFTI
CASSTRGASGRSYEQYF	INVFAFPFTI
CASERGEGTEAFF	INVFAFPFTI
CATSDLHSTSKQAGTEAFF	INVFAFPFTI
CASSLPPGGGYEQYF	INVFAFPFTI
CASSFSGEQYF	INVFAFPFTI
CSVETGRGYEQYF	INVFAFPFTI
CASSPVQGPEQYF	INVFAFPFTI
CASSATGFSAFF	INVFAFPFTI
CASSYVIQGTGELFF	INVFAFPFTI
CSAPSYNEQFF	INVFAFPFTI
CASSLGSYTF	INVFAFPFTI
CASISPGTSLYEQYF	INVFAFPFTI
CATSRMGEEKLFF	INVFAFPFTI
CASSETYLASGGNEQFF	INVFAFPFTI
CSVETGASGNTIYF	INVFAFPFTI
CASSPTGETQYF	INVFAFPFTI
CASSLESNYGYTF	INVFAFPFTI
CASGGTGYSYEQYF	INVFAFPFTI
CASSPGGGGGYTF	INVFAFPFTI
CSALTEGYTF	INVFAFPFTI
CAALGREYEQYF	INVFAFPFTI
CSVEAGAGYEQYF	INVFAFPFTI
CASSFVGYEQYF	INVFAFPFTI
CASSPPPHSGPTGGQYF	INVFAFPFTI
CASSQEPRLAGGGPFF	INVFAFPFTI
CASSYFLAGGYNEQFF	INVFAFPFTI
CASSVQSGGVETQYF	INVFAFPFTI
CASSPGGDTQYF	INVFAFPFTI
CASSLAGAQYF	INVFAFPFTI
CASSSTGAGTDTQYF	INVFAFPFTI
CASSFTDTQYF	INVFAFPFTI
CASSFTGYNEQFF	INVFAFPFTI
CATSSHGTTTYNEQFF	INVFAFPFTI
CASSYPGGEAFF	INVFAFPFTI
CASSLTDTQYF	INVFAFPFTI
CASSLGGTGVSAAKNIQYF	INVFAFPFTI
CASGQGGYEQYF	INVFAFPFTI
CASSLVGDEQFF	INVFAFPFTI
CASSPRTSGRVLTTYEQYF	INVFAFPFTI
CSAPDRGINTEAFF	INVFAFPFTI
CATSVSDEQFF	INVFAFPFTI
CASSWTGETQYF	INVFAFPFTI
CASSQDLSYEQYF	INVFAFPFTI
CASSLLRDTYNEQFF	INVFAFPFTI
CASSFEVNRFYEQFF	INVFAFPFTI
CASSAGGPEQFF	INVFAFPFTI
CASGGGIPNEQFF	INVFAFPFTI
CASSQVWDGQETQYF	INVFAFPFTI
CASGQGSYEQYF	INVFAFPFTI
CASSPVISGTEAFF	INVFAFPFTI
CASSSFIAGVKNEQFF	INVFAFPFTI
CASSFSYEQYF	INVFAFPFTI
CASSLSGFLYEQYF	INVFAFPFTI
CASSPTGYEQYF	INVFAFPFTI
CASSWDRVYEQYF	INVFAFPFTI
CSASAGTDLYEQYF	INVFAFPFTI
CASSLVGETQYF	INVFAFPFTI
CASSPSGQAEAFF	INVFAFPFTI
CAISPGGGEQFF	INVFAFPFTI
CASSLAGDLRNF	INVFAFPFTI
CASSQGGETQYF	INVFAFPFTI
CASSYGGEKLFF	INVFAFPFTI
CATGATESPQQFF	INVFAFPFTI
CSAPVLNTEAFF	INVFAFPFTI
CSASSVWPTGELFF	INVFAFPFTI
CASSPADTQYF	INVFAFPFTI
CASSQLAGGTDTQYF	INVFAFPFTI
CASSFNEQFF	INVFAFPFTI
CASSLGGVGNIQYF	INVFAFPFTI
CASAFSHEQFF	INVFAFPFTI
CASSNRQGAVNSPLHF	INVFAFPFTI
CASSPFGSQETQYF	INVFAFPFTI
CASSISGANEQFF	INVFAFPFTI
CSAKTGNTGELFF	INVFAFPFTI
CASSSGTVTEAFF	INVFAFPFTI
CASLGRFDYGYTF	INVFAFPFTI
CSALTPGYTF	INVFAFPFTI
CANTPYEI	INVFAFPFTI
CATSDYVAGSRNEQFF	INVFAFPFTI
CASSAYVNNQPQHF	INVFAFPFTI
CASSFDATEAFF	INVFAFPFTI
CASSKTGAEAFF	INVFAFPFTI
CASSYIGLASLETQYF	INVFAFPFTI
CASSPTGHEQYF	INVFAFPFTI
CSAREIGGGVEQYF	INVFAFPFTI
CASSPSGASTDTQYF	INVFAFPFTI
CASSLTGSPLHF	INVFAFPFTI
CASSPTGVGYTF	INVFAFPFTI
CASSKAGDSYNEQFF	INVFAFPFTI
CASSQGWETQYF	INVFAFPFTI
CASSITPGSYEQYF	INVFAFPFTI
CASSFRTSGFQETQYF	INVFAFPFTI
CASTGQGAVMAQYF	INVFAFPFTI
CASSDLGRSRSYEQYF	INVFAFPFTI
CASSLQGETQYF	INVFAFPFTI
CASSPSGETQYF	INVFAFPFTI
CASTSASQAFF	INVFAFPFTI
CSAIPLPPISGANVLTF	INVFAFPFTI
CASSSFDEQFF	INVFAFPFTI
CATSRAPGQGYEQYF	INVFAFPFTI
CSASPGGPGETQYF	INVFAFPFTI
CSSSGSGPEQFF	INVFAFPFTI
CASRRRSTNEKLFF	INVFAFPFTI
CATAGTGDEKLFF	INVFAFPFTI
CSARVRVSGNTIYF	INVFAFPFTI
CASSPRHGSADTQYF	INVFAFPFTI
CASSIEGWGEQFF	INVFAFPFTI
CASSVAEAGNTEAFF	INVFAFPFTI
CASSYGQGAQPQHF	INVFAFPFTI
CASSSAGAAQYF	INVFAFPFTI
CASSYGGAGGQYF	INVFAFPFTI
CATSSEWDRYYGYTF	INVFAFPFTI
CASSYSIASGRYSTDTQYF	INVFAFPFTI
CATSERGETQYF	INVFAFPFTI
CASSLGVNTEAFF	INVFAFPFTI
CASSQGSGLVYEQYF	INVFAFPFTI
CSARDPRGQAFF	INVFAFPFTI
CSANREGETQYF	INVFAFPFTI
CASSPTGAEQYF	INVFAFPFTI
CASSQDAGVDTQYF	INVFAFPFTI
CASTLSGLLFF	INVFAFPFTI
CASSLGGSSYNEQFF	INVFAFPFTI
CASTHDWEDTQYF	INVFAFPFTI
CATSTPFNGNEQFF	INVFAFPFTI
CSAETLAGHYEQYF	INVFAFPFTI
CASSPSGNTIYF	INVFAFPFTI
CASSFERVLTTQYF	INVFAFPFTI
CASSLNWDSSISGANVLTF	INVFAFPFTI
CASSPSGETQYF	INVFAFPFTI
CASSFGQAKYF	INVFAFPFTI
CASSLVGGESPLHF	INVFAFPFTI
CSASGVPTYEQYF	INVFAFPFTI
CASSPTGYEQYF	INVFAFPFTI
CSAFSGTNIPYGYTF	INVFAFPFTI
CASSFGEKLFF	INVFAFPFTI
CASSLAPPGELFF	INVFAFPFTI
CASSYSGETQYF	INVFAFPFTI
CASSGGDRPYEQYF	INVFAFPFTI
CASSWDRAYEQYF	INVFAFPFTI
CASSPGYNEQFF	INVFAFPFTI
CASSQRDGQPQHF	INVFAFPFTI
CATSGQGRAYEQYF	INVFAFPFTI
CASDYGAGFEQFF	INVFAFPFTI
CASCSGGRPFF	INVFAFPFTI
CASSSAGTASTDTQYF	INVFAFPFTI
CASSQAGETQYF	INVFAFPFTI
CASSFGSTEAFF	INVFAFPFTI
CASSQEVGQPQHF	INVFAFPFTI
CAWSAVTSGTYEQYF	INVFAFPFTI
CASSPTGHEQYF	INVFAFPFTI
CSANHSPSGFGNEQFF	INVFAFPFTI
CASSLSGETQYF	INVFAFPFTI
CASSPTGYEQYF	INVFAFPFTI
CASSPGVAGRGHNEQFF	INVFAFPFTI
CASSNSMDRYF	INVFAFPFTI
CASSQDHTGPNTGELFF	INVFAFPFTI
CSARDIGSMNTEAFF	INVFAFPFTI
CSVEVGQGYEQYF	INVFAFPFTI
CASSPLGGYSNQPQHF	INVFAFPFTI
CASSPHGAYNEQFF	INVFAFPFTI
CASSPNSLGLSSYNEQFF	INVFAFPFTI
CASSFSLEQFF	INVFAFPFTI
CASSQLAGDYEQYV	INVFAFPFTI
CATSRSGGPYEQYF	INVFAFPFTI
CASSSLAEQYF	INVFAFPFTI
CASSLTGGSGYTF	INVFAFPFTI
CSAVSSGGPYEQFF	INVFAFPFTI
CASSPTGFEQYF	INVFAFPFTI
CSASPSLAGEQTQYF	INVFAFPFTI
CASIVTAGGNTGELFF	INVFAFPFTI
CATSDGSGSEQYF	INVFAFPFTI
CAISDSVTPGETQYF	INVFAFPFTI
CASSYPLSGTSDPETQYF	INVFAFPFTI
CASSLSYEQYF	INVFAFPFTI
CASSTRDLPDQPQHF	INVFAFPFTI
CASSYGGETQYF	INVFAFPFTI
CASAFRTKEYEQYF	INVFAFPFTI
CASSFSDTQYF	INVFAFPFTI
CSAVTGPNLYEQYF	INVFAFPFTI
CASSQGPGQETQYF	INVFAFPFTI
CASSPLAELGYEQYF	INVFAFPFTI
CASSYGSYGYTF	INVFAFPFTI
CSVEQGQGYEQYF	INVFAFPFTI
CASSPTGDTQYF	INVFAFPFTI
CASGATITSYEQFF	INVFAFPFTI
CASSSPGGGTEAFF	INVFAFPFTI
CASSFSGDGYTF	INVFAFPFTI
CASSVWDRGDHPGELFF	INVFAFPFTI
CASRVLAGYSEQYF	INVFAFPFTI
CASSQEWNQPQHF	INVFAFPFTI
CASSLTRQEAFF	INVFAFPFTI
CASSQVSEQFF	INVFAFPFTI
CASSPSGGQADFQYF	INVFAFPFTI
CASSDRDRETQYF	INVFAFPFTI
CASRGLLAGDNEQFF	INVFAFPFTI
CASSFSDTQYF	INVFAFPFTI
CASSQWTGEDYGYTF	INVFAFPFTI
CASSLSGPGVGQFF	INVFAFPFTI
CSATPPGVERNEQFF	INVFAFPFTI
CASSESAETQYF	INVFAFPFTI
CASSQQGVGETQYF	INVFAFPFTI
CASSYGFEQYF	INVFAFPFTI
CAAGSGELFF	INVFAFPFTI
CASSLTPETYEQYF	INVFAFPFTI
CASSFSGNEQFF	INVFAFPFTI
CASSLTGAEQYF	INVFAFPFTI
CASSFREKLFF	INVFAFPFTI
CASSSTGEQFF	INVFAFPFTI
CASRRETALAGVHNEQFF	INVFAFPFTI
CASSYGSAEQYF	INVFAFPFTI
CASSLAGLQYF	INVFAFPFTI
CASSFRGTEAFF	INVFAFPFTI
CASSPGTTGYTQYF	INVFAFPFTI
CASSTTPGRKLFF	INVFAFPFTI
CASSLVGETQYF	INVFAFPFTI
CASSSGLASYEQYF	INVFAFPFTI
CASSQDPGLPSSYNEQFF	INVFAFPFTI
CSAMTGYGYTF	INVFAFPFTI
CASSPTGELFF	INVFAFPFTI
CASSLGGTGTYNEQFF	INVFAFPFTI
CASSGDSREFF	INVFAFPFTI
CASSLKERIGEQYF	INVFAFPFTI
CASSLIFYEQYF	INVFAFPFTI
CATTPGQRTDTQYF	INVFAFPFTI
CASSLAETQYF	INVFAFPFTI
CASSPTGETQYF	INVFAFPFTI
CASRYTGELFF	INVFAFPFTI
CASSLVREQFF	INVFAFPFTI
CASSLMTSGRSYNEQFF	INVFAFPFTI
CASSYGSYEQYF	INVFAFPFTI
CASSFFGGREQYF	INVFAFPFTI
CASSLGGANEQFF	INVFAFPFTI
CASSHLRTAYEQYF	INVFAFPFTI
CATSGREANVLTF	INVFAFPFTI
CASSEGGLYEQYF	INVFAFPFTI
CASSYGGEKLFF	INVFAFPFTI
CASSGTSGMYEQYF	INVFAFPFTI
CASSLAGLEQFF	INVFAFPFTI
CASSSWGSGANVLTF	INVFAFPFTI
CASSSGSQGGYEQYF	INVFAFPFTI
CASSFAGLETQYF	INVFAFPFTI
CATSDTTGGNQPQHF	INVFAFPFTI
CSAMGVRANYGYTF	INVFAFPFTI
CASSQDLLSNTEAFF	INVFAFPFTI
CASSQEGLAGGPARTDTQYF	INVFAFPFTI
CASSVQGFYEQYF	INVFAFPFTI
CASSYPGGMQFF	INVFAFPFTI
CASSWDRVQFF	INVFAFPFTI
CASVSGTQYF	INVFAFPFTI
CASSFSEDTQYF	INVFAFPFTI
CARPGGSATAKNIQYF	INVFAFPFTI
CASRDPDRGWYTEAFF	INVFAFPFTI
CASGPTNYGYTF	INVFAFPFTI
CASSEGSYEQYF	INVFAFPFTI
CSVERGTGELFF	INVFAFPFTI
CASSSFGSSYEQYF	INVFAFPFTI
CASKTPNTGELFF	INVFAFPFTI
CASSHFPPEGYTF	INVFAFPFTI
CASTFDSVEAFF	INVFAFPFTI
CASSEGGSYEQYF	INVFAFPFTI
CASSYSRAGPNTGELFF	INVFAFPFTI
CASSPTGEKLFF	INVFAFPFTI
CASSLGLHTEAFF	INVFAFPFTI
CASSLGGEQFF	INVFAFPFTI
CSARAEEGGPRYEQYF	INVFAFPFTI
CASSYSGSGYTF	INVFAFPFTI
CASSYSPTGTSGAAQYF	INVFAFPFTI
CASRLFGGVMNTEAFF	INVFAFPFTI
CASSWDRANYGYTF	INVFAFPFTI
CASSLGLAGGQYEQYF	INVFAFPFTI
CSANGGWGSKYEQYF	INVFAFPFTI
CASSYAGLETQYF	INVFAFPFTI
CASSLTGAVTDTQYF	INVFAFPFTI
CASSYSITPGQGSAEQYF	INVFAFPFTI
CASSPTAGDSGNTIYF	INVFAFPFTI
CASSLEGLVGYTDTQYF	INVFAFPFTI
CASSYAGNEQFF	INVFAFPFTI
CASSHKRGGEAFF	INVFAFPFTI
CSAGGGADEQYF	INVFAFPFTI
CASSPLGEGYEQYF	INVFAFPFTI
CSARTVNTGELFF	INVFAFPFTI
CASSSQGQGGTYEQYF	INVFAFPFTI
CATSPANTEAFF	INVFAFPFTI
CAWSKVGTSGTEQYV	INVFAFPFTI
CASTPGGELFF	INVFAFPFTI
CSASSGRETQYF	INVFAFPFTI
CATSREVGPEQYF	INVFAFPFTI
CSVQSGRGTEAFF	INVFAFPFTI
CASSPAGLKQFF	INVFAFPFTI
CASSQDFGPQPQHF	INVFAFPFTI
CASSVTGNPRYGYTF	INVFAFPFTI
CSAAPIRDSNYEQYF	INVFAFPFTI
CASSPTGNEQFF	INVFAFPFTI
CASSQDWGSPEAFF	INVFAFPFTI
CASSATGGDGYTF	INVFAFPFTI
CASKVFGAGELFF	INVFAFPFTI
CSSYTETGALGEQYF	INVFAFPFTI
CASQSGELFF	INVFAFPFTI
CASSNSGGSTDTQYF	INVFAFPFTI
CASSPGGYGYTF	INVFAFPFTI
CASSYNYEQYF	INVFAFPFTI
CASSPSGNTIYF	INVFAFPFTI
CSANRGQETQYF	INVFAFPFTI
CASSPQGNTEAFF	INVFAFPFTI
CASSFVGTQYF	INVFAFPFTI
CSASFSGQGPPYEQYF	INVFAFPFTI
CSARDLISSSGNEQFF	INVFAFPFTI
CASGGGGHEQYF	INVFAFPFTI
CASSLTGAYEQYF	INVFAFPFTI
CATQQGIEQYF	INVFAFPFTI
CASSQTGVTYEQYF	INVFAFPFTI
CASSIGGFGYEQYF	INVFAFPFTI
CASSPEVFEGGEQYF	INVFAFPFTI
CSARAGWQGNYGYTF	INVFAFPFTI
CASSFSGREQYF	INVFAFPFTI
CASSQGADTQYF	INVFAFPFTI
CASSEGAGYNEQFF	INVFAFPFTI
CSVEEGTGFEQYF	INVFAFPFTI
CASSYPGELFF	INVFAFPFTI
CASSFNAVGAPGELFF	INVFAFPFTI
CASSFGGISAEQYF	INVFAFPFTI
CSVTQGLNEQFF	INVFAFPFTI
CASSPRTSGSVVKETQYF	INVFAFPFTI
CASSLVLAGRWTQETQYF	INVFAFPFTI
CASILSGGEGEQYF	INVFAFPFTI
CASSEQAGGLAEAFF	INVFAFPFTI
CASSLFGTGMETQYF	INVFAFPFTI
CASSLTGMSGYTF	INVFAFPFTI
CASSHGLAGVEQFF	INVFAFPFTI
CASSLSAEAFF	INVFAFPFTI
CASSPWRDTLIGTEAFF	INVFAFPFTI
CASSSQGEKLFF	INVFAFPFTI
CASSYSGGELFF	INVFAFPFTI
CASSYSSGTIYF	INVFAFPFTI
CASSLVDTQYF	INVFAFPFTI
CASSPTPGQPNTGELFF	INVFAFPFTI
CASSVDSGSYEQYF	INVFAFPFTI
CSAHPLGGLDGTYQHF	INVFAFPFTI
CASSYYPGVPQETQYF	INVFAFPFTI
CSAAWGTETQYF	INVFAFPFTI
CASSWTGASTDTQYF	INVFAFPFTI
CASSKEKGGNTEAFF	INVFAFPFTI
CASSLELAGTRGEQFF	INVFAFPFTI
CASSFGPLAKNIQYF	INVFAFPFTI
CASTTSDTQYF	INVFAFPFTI
CASSLSETQYF	INVFAFPFTI
CATSRASTGQGFEQYF	INVFAFPFTI
CASSLAYHQFF	INVFAFPFTI
CASIFSGGYTF	INVFAFPFTI
CASSSSGSSADTQYF	INVFAFPFTI
CASSVSGDEQYF	INVFAFPFTI
CASSLTRGAIYF	INVFAFPFTI
CASSPHGAEHYNEQFF	INVFAFPFTI
CASSLTDTQYF	INVFAFPFTI
CSALITPVSANQPQHF	INVFAFPFTI
CASSRGGATQYF	INVFAFPFTI
CASSYSRARGRQETQYF	INVFAFPFTI
CSARDQRVRGDTQYF	INVFAFPFTI
CASSYLGGQPQHF	INVFAFPFTI
CASSISYEQYF	INVFAFPFTI
CASSLAGELFF	INVFAFPFTI
CASPPAEGVGPETQYF	INVFAFPFTI
CASSPAGARQFF	INVFAFPFTI
CASSYFPGGSYNEQFF	INVFAFPFTI
CASSWTAHEQFF	INVFAFPFTI
CASSLGLAEYEQYF	INVFAFPFTI
CASSQGGVQFF	INVFAFPFTI
CASSQTGEIQYF	INVFAFPFTI
CSARQLGQMNTEAFF	INVFAFPFTI
CSVNRGSGDTQYF	INVFAFPFTI
CASRETGTYNEQFF	INVFAFPFTI
CASSPGGNTIYF	INVFAFPFTI
CASGLDGSLFF	INVFAFPFTI
CASSDSLKGNTEAFF	INVFAFPFTI
CSARGVTGRYQPQHF	INVFAFPFTI
CASTTGGGQPQHF	INVFAFPFTI
CASSLRPYEQYF	INVFAFPFTI
CASWGQGGWYTEAFF	INVFAFPFTI
CASSYRETQYF	INVFAFPFTI
CASSPSGETQYF	INVFAFPFTI
CASSALGPYNEQFF	INVFAFPFTI
CASSFSGELFF	INVFAFPFTI
CASSLALASATDTQYF	INVFAFPFTI
CASSQVGDISYEQYF	INVFAFPFTI
CASSDDRGTYEQYF	INVFAFPFTI
CASSYSGETQYF	INVFAFPFTI
CASSQVGETQYF	INVFAFPFTI
CAISGRSNEQFF	INVFAFPFTI
CASSQVGETQYF	INVFAFPFTI
CSAVEGTDSYEQYF	INVFAFPFTI
CASSGAGGQADTQYF	INVFAFPFTI
CASSPDGAADTQYF	INVFAFPFTI
RASTGNGQGAKNSPLHF	INVFAFPFTI
CASSYTEALTEAFF	INVFAFPFTI
CSVETGKGNEQFF	INVFAFPFTI
CASSSRNSGNTIYF	INVFAFPFTI
CASSTAGQGSLDGYTF	INVFAFPFTI
CASTQTPTELFF	INVFAFPFTI
CASSLNSNQPQHF	INVFAFPFTI
CASSLPGGTEAFF	INVFAFPFTI
CASSYNGGSGYTF	INVFAFPFTI
CASSYAGETQYF	INVFAFPFTI
CASSFPISGSAYNEQFF	INVFAFPFTI
CATQRGFEQFF	INVFAFPFTI
CASSLTGAEQYF	INVFAFPFTI
CATRGPHYGYTF	INVFAFPFTI
CASSLTGETQYF	INVFAFPFTI
CASSPTGEKLFF	INVFAFPFTI
CSVEVGMGYEQYF	INVFAFPFTI
CATSLTDTQYF	INVFAFPFTI
CATSTGGQETQYF	INVFAFPFTI
CASSFYGAAAFF	INVFAFPFTI
CASSSGGWEKLFF	INVFAFPFTI
CATSGGGSYEQYF	INVFAFPFTI
CASSSTGETQYF	INVFAFPFTI
CASSYGSGTDTQYF	INVFAFPFTI
CASSQEPAAGLNSPLHF	INVFAFPFTI
CASSLTGETQYF	INVFAFPFTI
CASSLRGTGESEFF	INVFAFPFTI
CSVEVGSSYNEQFF	INVFAFPFTI
CASISANIQYF	INVFAFPFTI
CASSLSGGAPSTDTQYF	INVFAFPFTI
CASSATDTQYF	INVFAFPFTI
CASSSPDGSRGVYEQYF	INVFAFPFTI
CASSLAYEQFF	INVFAFPFTI
CASSFAGELFF	INVFAFPFTI
CSVEKGQGYEQYF	INVFAFPFTI
CATSGALAEQYF	INVFAFPFTI
CASTYSGSSYTF	INVFAFPFTI
CASSQGSTEAFF	INVFAFPFTI
CATGTGELFF	INVFAFPFTI
CASTGGYYGYTF	INVFAFPFTI
CASSVFGGYEQYF	INVFAFPFTI
CSARGRLAGGSYEQYF	INVFAFPFTI
CASSHLDPNEKLFF	INVFAFPFTI
CASSLGTGYPYEQYF	INVFAFPFTI
CASSQTGEAQHF	INVFAFPFTI
CASSEESEQFF	INVFAFPFTI
CSARESIPLGGTSAYNEQFF	INVFAFPFTI
CASSLTPGDMNTEAFF	INVFAFPFTI
CASSFSGELFF	INVFAFPFTI
CASSQVGETQYF	INVFAFPFTI
CASRKIAGYNEQFF	INVFAFPFTI
CASSAEGWTEAFF	INVFAFPFTI
CASSFGDTIYF	INVFAFPFTI
CASSSTGASLFF	INVFAFPFTI
CASSVNGPEAFF	INVFAFPFTI
CASSFMGVPFF	INVFAFPFTI
CATSRDGTRSYNEQFF	INVFAFPFTI
CASSAQGAGEQFF	INVFAFPFTI
CASSPGTFTYF	INVFAFPFTI
CASSLVSGGPEKLFF	INVFAFPFTI
CSVWDSRNYGYTF	INVFAFPFTI
CASSPSGVEQFF	INVFAFPFTI
CASSYGSYEQYF	INVFAFPFTI
CASSPDTQYF	INVFAFPFTI
CASITGWYAFF	INVFAFPFTI
CASAASGETQYF	INVFAFPFTI
CASSFTGGEAFF	INVFAFPFTI
CSAIPGQDSYEQYF	INVFAFPFTI
CASSPTGVAYTF	INVFAFPFTI
CASSFSDTQYF	INVFAFPFTI
CASSPGGETQYF	INVFAFPFTI
CASSLTGGGGPDTQYF	INVFAFPFTI
CASSETGETQYF	INVFAFPFTI
CASSPTLGGTQYF	INVFAFPFTI
CATSDPGTYEQYF	INVFAFPFTI
CASGGVETQYF	INVFAFPFTI
CASSLAWDGTYEQYF	INVFAFPFTI
CASSPLETF	INVFAFPFTI
CAIMTGWGYTF	INVFAFPFTI
CASSHLSEQFF	INVFAFPFTI
CASSGPGNEQFF	INVFAFPFTI
CASSPTAETQYF	INVFAFPFTI
CASSYAGTTQYF	INVFAFPFTI
CASGYNEQFF	INVFAFPFTI
CASSAPGTGLEQYF	INVFAFPFTI
CSALSGNTGELFF	INVFAFPFTI
CASSLDGGYTF	INVFAFPFTI
CASSQREVYNEQFF	INVFAFPFTI
CATSETGAEQYF	INVFAFPFTI
CASSVEEGGVTDTQYF	INVFAFPFTI
CASSSSGEKLFF	INVFAFPFTI
CASSPSGANNEQFF	INVFAFPFTI
CASSLEVRETQYF	INVFAFPFTI
CSVEAGTGFMQFF	INVFAFPFTI
CASSWTGENYGYTF	INVFAFPFTI
CASSFTSWGYTF	INVFAFPFTI
CASTLRGDTQYF	INVFAFPFTI
CASSLVGWYTF	INVFAFPFTI
CASSYSTGRGLETQYF	INVFAFPFTI
CASSVEPGGIHNEQFF	INVFAFPFTI
CASSFEGVYEQFF	INVFAFPFTI
CASSSTAGQYF	INVFAFPFTI
CASSFTGETQYF	INVFAFPFTI
CASSQGTGGADGYGYTF	INVFAFPFTI
CSAQQGPRLTYEQYF	INVFAFPFTI
CASSLQGAFAEAFF	INVFAFPFTI
CASSEAGETQYF	INVFAFPFTI
CSASGLGFGYTF	INVFAFPFTI
CASSQFTSGQETQYF	INVFAFPFTI
CASSYTGSGEQYF	INVFAFPFTI
CASSISSEQYF	INVFAFPFTI
CASSQPIGGNEQFF	INVFAFPFTI
CASSLTGYEQYF	INVFAFPFTI
CASSFTGREQFF	INVFAFPFTI
CSARERETQYF	INVFAFPFTI
CASSPGLAGAFSTDTQYF	INVFAFPFTI
CASSLTGYEQYF	INVFAFPFTI
CSARATESGELFF	INVFAFPFTI
CASSSGGGGTYEQYF	INVFAFPFTI
CASSYGYTF	INVFAFPFTI
CSVEAGDGYEQYF	INVFAFPFTI
CASSQGGRGQYF	INVFAFPFTI
CASSQTGEKAFF	INVFAFPFTI
CASTLRDTSYEQYF	INVFAFPFTI
CASTGGIAYEQYF	INVFAFPFTI
CASSFTGTDYEQYF	INVFAFPFTI
CSAPGTGNSGNQPQHF	INVFAFPFTI
CASSPDPSYEQYF	INVFAFPFTI
CASSFAGANVLTF	INVFAFPFTI
CASRQGAGELFF	INVFAFPFTI
CASSVELAGDLGELFF	INVFAFPFTI
CAYGTEDNEQYF	INVFAFPFTI
CASSIGGGGEQFF	INVFAFPFTI
CASSQGGAEQYF	INVFAFPFTI
CASSWSGEQFF	INVFAFPFTI
CASSFLEPL	INVFAFPFTI
CASRTWGQGDEQYF	INVFAFPFTI
CSVVRTDNTGELFF	INVFAFPFTI
CASSTTGYEQYF	INVFAFPFTI
CASSFSNRPDF	INVFAFPFTI
CASSPTGFEAFF	INVFAFPFTI
CASSFGGRGRQETQYF	INVFAFPFTI
CASSTWTSGPSYNEQFF	INVFAFPFTI
CASSVDLGSYEQYF	INVFAFPFTI
CASSESEGTAGRADTQYF	INVFAFPFTI
CSVELGEGFEQYF	INVFAFPFTI
CASSFMGLGTTSTDTQYF	INVFAFPFTI
CASSLVGETQYF	INVFAFPFTI
CASSLGYGYTF	INVFAFPFTI
CSVPAPAANSPLHF	INVFAFPFTI
CSAILVITGAYEQYF	INVFAFPFTI
CASSPSNTGELFF	INVFAFPFTI
CASSLSVGGAYEQYF	INVFAFPFTI
CACSGGGNEQFF	INVFAFPFTI
CASGNGGNGYTF	INVFAFPFTI
CASSPTGWEAFF	INVFAFPFTI
CASSHEGQGSPYEQYF	INVFAFPFTI
CASSEIDEQFF	INVFAFPFTI
CASSFQETQYF	INVFAFPFTI
CATSGSKNEQFF	INVFAFPFTI
CSVQVDSYEQYF	INVFAFPFTI
CSARETGTGYLEQYF	INVFAFPFTI
CASSLTGGYGYTF	INVFAFPFTI
CASSPGGEQFF	INVFAFPFTI
CASSLSGETQYF	INVFAFPFTI
CSASISPSRGVLFNTEAFF	INVFAFPFTI
CASSFSGPYQPQHF	INVFAFPFTI
CASSLQGNTEAFF	INVFAFPFTI
CASSYPRHGGRADTQYF	INVFAFPFTI
CASSVSDTDTQYF	INVFAFPFTI
CASSVDLGQVSYNEQFF	INVFAFPFTI
CASSLLPGVSGNTIYF	INVFAFPFTI
CASSFGGWAQYF	INVFAFPFTI
CASSLGSGQYNEQFF	INVFAFPFTI
CAPEERAGVYEQYF	INVFAFPFTI
CASSYNEQYF	INVFAFPFTI
CSATTGDGNTIYF	INVFAFPFTI
CATRTPSENEQFF	INVFAFPFTI
CASSGDQGEAFF	INVFAFPFTI
CSVGTGLNEQYF	INVFAFPFTI
CASSLQGNTEAFF	INVFAFPFTI
CADTPGVFF	INVFAFPFTI
CASSLQGIAYEQYF	INVFAFPFTI
CASSLYGTSNEQFF	INVFAFPFTI
CATSGFGLAGPTDTQYF	INVFAFPFTI
CASSQVGEAFF	INVFAFPFTI
CSVDQGRGVQFF	INVFAFPFTI
CASSFSYEQYF	INVFAFPFTI
CASSLYGQRDFSYTF	INVFAFPFTI
CATIEGEGQGTQYF	INVFAFPFTI
CSIFGTGGTGELFF	INVFAFPFTI
CASSSGPGYTF	INVFAFPFTI
CASSLGGNAKNIQYF	INVFAFPFTI
CASSVGGSSYNEQFF	INVFAFPFTI
CSAVGQSSYNEQFF	INVFAFPFTI
CASLGGRGAFF	INVFAFPFTI
CASSASGGAGETQYF	INVFAFPFTI
CASSPQVAFF	INVFAFPFTI
CASSESRSKNIQYF	INVFAFPFTI
CASSPPTGVSYEQYF	INVFAFPFTI
CASSSQGFYEQYF	INVFAFPFTI
CASSVGYNEQFF	INVFAFPFTI
CASSPTGFEQFF	INVFAFPFTI
CASSPRLQAGNQPQHF	INVFAFPFTI
CASSVAGGPEAFF	INVFAFPFTI
CATGRTDTQYF	INVFAFPFTI
CSARVYVEQFF	INVFAFPFTI
CASSLLAEQFF	INVFAFPFTI
CASSQGQGGELFF	INVFAFPFTI
CASSSTGETQYF	INVFAFPFTI
CASSTSGETQYF	INVFAFPFTI
CASSEGTPLHF	INVFAFPFTI
CASSPGGEKLFF	INVFAFPFTI
CASSYSKRDTQYF	INVFAFPFTI
CSVWDKNGYTF	INVFAFPFTI
CASSFTGGEAFF	INVFAFPFTI
CASSQVGPQQFF	INVFAFPFTI
CASSLAGTRFF	INVFAFPFTI
CASSYPGGYGYTF	INVFAFPFTI
CASSPTGHEQFF	INVFAFPFTI
CASSYASGGGYEQYF	INVFAFPFTI
CASSFMAEQFF	INVFAFPFTI
CASSVDGLAEAFF	INVFAFPFTI
CASSWTGENYEQYF	INVFAFPFTI
CASSLTGGSTDTQYF	INVFAFPFTI
CASRNGPYEQYF	INVFAFPFTI
CASSLTGAEQFF	INVFAFPFTI
CASSWTGGDEQYF	INVFAFPFTI
CASSDYRELNYGYTF	INVFAFPFTI
CASSQSGEQYF	INVFAFPFTI
CASSSSGETQYF	INVFAFPFTI
CASSSTGYEQYF	INVFAFPFTI
CASSLYTGGTEAFF	INVFAFPFTI
CASRQINSPLHF	INVFAFPFTI
CASSYPRRLAGGRLDTQYF	INVFAFPFTI
CAMTSGTGYTF	INVFAFPFTI
CASSPPRYEQYF	INVFAFPFTI
CSVVRGDGTGELFF	INVFAFPFTI
CSARGGLAHEQYF	INVFAFPFTI
CASRGEQLPELFF	INVFAFPFTI
CASSLTGYEQFF	INVFAFPFTI
CASSAGATEQFF	INVFAFPFTI
CASSGTPNTGELFF	INVFAFPFTI
CASSLSSEQYF	INVFAFPFTI
CASSLGTGGEQYF	INVFAFPFTI
CASSPTGGELFF	INVFAFPFTI
CASSFSIEQFF	INVFAFPFTI
CASSLSGIYEQYF	INVFAFPFTI
CASSPDGYEQYF	INVFAFPFTI
CASSAEPTAGGMNTEAFF	INVFAFPFTI
CASSFGSYEQYF	INVFAFPFTI
CASSETGGGGYTF	INVFAFPFTI
CASSPGGEKFF	INVFAFPFTI
CASSGGEKLFF	INVFAFPFTI
CASIWGYSNQPQHF	INVFAFPFTI
CASSDQGLGQSSSSYEQYF	INVFAFPFTI
CASSPGQGGEKLFF	INVFAFPFTI
CASSPTGETQYF	INVFAFPFTI
CASGSTISGSTYNEQFF	INVFAFPFTI
CSAVTSGRIYEQYF	INVFAFPFTI
CASSAGPGEGYEQYF	INVFAFPFTI
CASSTELGSYNEQFF	INVFAFPFTI
CASSDSVGTASYEQYF	INVFAFPFTI
CASSIFLAWGELFF	INVFAFPFTI
CASSPVAGGPVEYF	INVFAFPFTI
CASSFYQGLETQYF	INVFAFPFTI
CASSYRLDLGNTEAFF	INVFAFPFTI
CSANDRDGYEQYF	INVFAFPFTI
CASSLGAKQYF	INVFAFPFTI
CASSFSETQYF	INVFAFPFTI
CASSSSIGYTF	INVFAFPFTI
CSVVSPPVHYGYTF	INVFAFPFTI
CASTPNPVGYDNEQFF	INVFAFPFTI
CASSYDNEQFF	INVFAFPFTI
CSASTAGGTYEQYF	INVFAFPFTI
CSVPPGADNYGYTF	INVFAFPFTI
CASSLTGGSEQYF	INVFAFPFTI
CASSSPHELTQYF	INVFAFPFTI
CSVEFGQAYNEQFF	INVFAFPFTI
CSVLTGAGTGELFF	INVFAFPFTI
CASSPGTGVYNEQFF	INVFAFPFTI
CASRLDPSRSYEQYF	INVFAFPFTI
CASSISSEQYF	INVFAFPFTI
CASSLSGAVTDTQYF	INVFAFPFTI
CSASPAGATYEQYF	INVFAFPFTI
CASSYGSETQYF	INVFAFPFTI
CSVEEGEHGNTIYF	INVFAFPFTI
CASSFQGFTEAFF	INVFAFPFTI
CASSFLGTAGELFF	INVFAFPFTI
CSVEDGGGDTQYF	INVFAFPFTI
CASSLTGETQYF	INVFAFPFTI
CASSLSSWYEQFF	INVFAFPFTI
CASSPVGYIGAFF	INVFAFPFTI
CATSRLTGALMNTEAFF	INVFAFPFTI
CASSYNSGNTIYF	INVFAFPFTI
CASSIRGTAYNEQFF	INVFAFPFTI
CASSVVGPLNEKLFF	INVFAFPFTI
CASSLFSGQSYEQYF	INVFAFPFTI
CSAPTSTYPDTQYF	INVFAFPFTI
CASSPSGNGYTF	INVFAFPFTI
CSVETGEGYEQYF	INVFAFPFTI
CASSLTPSTDTQYF	INVFAFPFTI
CASSGHLAETQYF	INVFAFPFTI
CTSRSSYNEQFF	INVFAFPFTI
CSAPWSGRSYEQYF	INVFAFPFTI
CASSFGFDRGRGNQPQHF	INVFAFPFTI
CASSLYTGGETQYF	INVFAFPFTI
CASSWMTSGGSYNEQFF	INVFAFPFTI
CASSYSYEQYF	INVFAFPFTI
CSARGLVGEKLFF	INVFAFPFTI
CATSGILETQYF	INVFAFPFTI
CASSVETVYNEQFF	INVFAFPFTI
CASSEGLAADTQYF	INVFAFPFTI
CASSYGGTEAFF	INVFAFPFTI
CASSLTGETQYF	INVFAFPFTI
CASSQGGLEQYF	INVFAFPFTI
CASSPTGAEAFF	INVFAFPFTI
CASSLTGETQYF	INVFAFPFTI
CASVDVGSSTDTQYF	INVFAFPFTI
CASSLNGYTF	INVFAFPFTI
CASSYSEGVTEAFF	INVFAFPFTI
CASSFTGGNEQFF	INVFAFPFTI
CASSFGGTQYF	INVFAFPFTI
CSCRDGTYEQYF	INVFAFPFTI
CSVRTANTGELFF	INVFAFPFTI
CSEAGGRSGEQFF	INVFAFPFTI
CASSGFGYTF	INVFAFPFTI
CSARVRQGARVNTEAFF	INVFAFPFTI
CASSLGNEQFF	INVFAFPFTI
CASSLAWKVSPTSYEQYF	INVFAFPFTI
CASSLRVSSQETQYF	INVFAFPFTI
CASSLFGGSKFHEQYF	INVFAFPFTI
CASSFSGTGEKLFF	INVFAFPFTI
CSASEGRETQYF	INVFAFPFTI
CASSFSYEQYF	INVFAFPFTI
CSAPQGDSNQPQHF	INVFAFPFTI
CASRWTSGFYEQYF	INVFAFPFTI
CATSLAAGLFEQGTDTQYF	INVFAFPFTI
CASSFDGPYGYTF	INVFAFPFTI
CASSPGANVLTF	INVFAFPFTI
CSVELGTGFEQYF	INVFAFPFTI
CASSQAEEQYF	INVFAFPFTI
CASSQGASPAEQYF	INVFAFPFTI
CASSFSVEQFF	INVFAFPFTI
CASSDLASETQYF	INVFAFPFTI
CASSSGGHEQYF	INVFAFPFTI
CASSQGAGINSPLHF	INVFAFPFTI
CASSVEGFLEQFF	INVFAFPFTI
CASSLTYEQYF	INVFAFPFTI
CASSLGLNSYNEQFF	INVFAFPFTI
CASSLEGEKLFF	INVFAFPFTI
CASSVGGPQPQHF	INVFAFPFTI
CASSPTGNTIYF	INVFAFPFTI
CASSPDGGKAFF	INVFAFPFTI
CASSLGTGYTF	INVFAFPFTI
CASSSAWTGSYEQYF	INVFAFPFTI
CASSHSGAEQFF	INVFAFPFTI
CASRDQGQETQYF	INVFAFPFTI
CASSLGVNTEAFF	INVFAFPFTI
CASSRSGETQYF	INVFAFPFTI
CASSGRVTYNEQFF	INVFAFPFTI
CASSATGFEQYF	INVFAFPFTI
CASSSSGGSTDTQYF	INVFAFPFTI
CASSYSRDVKNTGELFF	INVFAFPFTI
CSVDAGLNEQFF	INVFAFPFTI
CASSFGGAGANVLTF	INVFAFPFTI
CASSGTGSEQYF	INVFAFPFTI
CASSYGGETQYF	INVFAFPFTI
CSVEDGGGYEQYF	INVFAFPFTI
CATSNTGEQYF	INVFAFPFTI
CSVIGVDAGANVLTF	INVFAFPFTI
CAISEGQGGYEQYF	INVFAFPFTI
CASSREGSTSNYGYTF	INVFAFPFTI
CATVSGRTAEQFF	INVFAFPFTI
CASSPDSKKAYEQYF	INVFAFPFTI
CASSWSGRGYTF	INVFAFPFTI
CASSVGSYEQYF	INVFAFPFTI
CASSYEIGTGNTEAFF	INVFAFPFTI
CASSQFRDRGYNEQFF	INVFAFPFTI
CASSIGGREQYF	INVFAFPFTI
CASSLENYGYTF	INVFAFPFTI
CASSYDSLGQRSSYNEQFF	INVFAFPFTI
CASSLGGDEQYF	INVFAFPFTI
CASTSGFEQYF	INVFAFPFTI
CASSLAGETQYF	INVFAFPFTI
CASSPAGDEQFF	INVFAFPFTI
CSANDVGEGTEAFF	INVFAFPFTI
CASSYSIGGSLYEQYF	INVFAFPFTI
CASSYDENGGDDNEKLFF	INVFAFPFTI
CAISEGTPLPYEQYF	INVFAFPFTI
CASSQEYNQPQHF	INVFAFPFTI
CSVVSFRADTQYF	INVFAFPFTI
CASSQESGQGEQYF	INVFAFPFTI
CASSDSGDTQYF	INVFAFPFTI
CSATTGTSGSRSTDTQYF	INVFAFPFTI
CASRRLAGVYNEQFF	INVFAFPFTI
CSAGGGTEAFF	INVFAFPFTI
CSARGWVPGANVLTF	INVFAFPFTI
CASSLVGETQYF	INVFAFPFTI
CASQQATWETQYF	INVFAFPFTI
CASAAGTLSYEQYF	INVFAFPFTI
CASSQEGRPEQFF	INVFAFPFTI
CASHLTPAAYEQYF	INVFAFPFTI
CATSRGSGETQYF	INVFAFPFTI
CASTPPNEKLFF	INVFAFPFTI
CSVEVSGNEQFF	INVFAFPFTI
CSVQTGKGNTIYF	INVFAFPFTI
CASSDGASGTDEQFF	INVFAFPFTI
CASTADRGNTEAFF	INVFAFPFTI
CASSLRETSPGELFF	INVFAFPFTI
RASSYFHGTGVTDTQYF	INVFAFPFTI
CASSSGGYTEAFF	INVFAFPFTI
CASSPVHQETQYF	INVFAFPFTI
CSVDRDTEAFF	INVFAFPFTI
CASSLNGETQYF	INVFAFPFTI
CASSVVDYTTDTQYF	INVFAFPFTI
CATSRAPGQGYEQYF	INVFAFPFTI
CASSYNNYGYTF	INVFAFPFTI
CASSRSVGYTF	INVFAFPFTI
CASSLSYEQYF	INVFAFPFTI
CSAIPGLNTEAFF	INVFAFPFTI
CASSPTGHEQYF	INVFAFPFTI
CASSGHRNTEAFF	INVFAFPFTI
CASSPIGGTDTQYF	INVFAFPFTI
CASSPDRESNQPQHF	INVFAFPFTI
CASSFEGAGGIQYF	INVFAFPFTI
CASSRDPGYEQFF	INVFAFPFTI
CASSPLGAGGYEQYF	INVFAFPFTI
CSVQQGAYEQYF	INVFAFPFTI
CASSYTGSRRFF	INVFAFPFTI
CASSPPVGQGYEQYF	INVFAFPFTI
CASSFPASGRSSTQYF	INVFAFPFTI
CATSPAGGNNEQFF	INVFAFPFTI
CAISESRGGDNYEQYF	INVFAFPFTI
CASSVDITDTQYF	INVFAFPFTI
CASSWGGELFF	INVFAFPFTI
CASSQRTGGEAFF	INVFAFPFTI
CASGQFMNTGELFF	INVFAFPFTI
CASSSTLAGATF	INVFAFPFTI
CASSWLTGLATEAFF	INVFAFPFTI
CASSLIGTGVNEQYF	INVFAFPFTI
CSAPFVGGAATPSTDTQYF	INVFAFPFTI
CASSLGVWGSSTDTQYF	INVFAFPFTI
CASSFTSEAFF	INVFAFPFTI
CASSTTGYEQYF	INVFAFPFTI
CASSWGMEGYTF	INVFAFPFTI
CASSFTGGELFF	INVFAFPFTI
CASSYGSYEQYF	INVFAFPFTI
CASSETGGSGYTF	INVFAFPFTI
CSVETGDTGNTIYF	INVFAFPFTI
CASSPEGHLTYEQYF	INVFAFPFTI
CASSLGSGEPQHF	INVFAFPFTI
CASSLVAYEQYF	INVFAFPFTI
CAISETGYEQFF	INVFAFPFTI
CASTFIPGQNTEAFF	INVFAFPFTI
CASSYQGNEKLFF	INVFAFPFTI
CASSFGPPEAFF	INVFAFPFTI
CSETLQGAGGYTF	INVFAFPFTI
CSVEHGGSSYNEQFF	INVFAFPFTI
CASSQVRDEQYF	INVFAFPFTI
CASSSGPGYTF	INVFAFPFTI
CASSPAGSQFF	INVFAFPFTI
CASSPLGQQGPINSPLHF	INVFAFPFTI
CASSSGLAGGTDTQYF	INVFAFPFTI
CATSDFLAGNTGELFF	INVFAFPFTI
CASSLVAGLQPQHF	INVFAFPFTI
CASSVEGLATGELFF	INVFAFPFTI
CASSSSGSSTDTQYF	INVFAFPFTI
CASSSRSEQYF	INVFAFPFTI
CASTYGGPNTEAFF	INVFAFPFTI
CASSYQETQYF	INVFAFPFTI
CASSLGLHEQFF	INVFAFPFTI
CASTTSTHEKLFF	INVFAFPFTI
CSVRTGDRYEQYF	INVFAFPFTI
CASSYGDGTYEQYF	INVFAFPFTI
CASSQGGETQYF	INVFAFPFTI
CASQAGAGELFF	INVFAFPFTI
CASSFSNLPFF	INVFAFPFTI
CASSLPGELFF	INVFAFPFTI
CASSVELAGNTGELFF	INVFAFPFTI
CASSETIPRDF	INVFAFPFTI
CASSFADTQYF	INVFAFPFTI
CAISESGNEQFF	INVFAFPFTI
CASSPGGQGSYEQYF	INVFAFPFTI
CASSFERAGRWTEAFF	INVFAFPFTI
CSVRRIEGSLNEKLFF	INVFAFPFTI
CASGWSNGYTF	INVFAFPFTI
CASSQEGDPKQYF	INVFAFPFTI
CSGYWAGSSYEQYF	INVFAFPFTI
RASSLAKFLSNQPQHF	INVFAFPFTI
CASSFRDGYEQYF	INVFAFPFTI
CASSFDGNEQFF	INVFAFPFTI
CASSGLNDLNEQFF	INVFAFPFTI
CATSLSSANVLTF	INVFAFPFTI
CASSQEGQGYGYTF	INVFAFPFTI
CASSLGQGPYTF	INVFAFPFTI
CASSFSGSEQYF	INVFAFPFTI
CASSSATGYNEQFF	INVFAFPFTI
CSGMTGDTEAFF	INVFAFPFTI
CASSFLRGVNPYEQYF	INVFAFPFTI
CASSSSGASTDTQYF	INVFAFPFTI
CSVPSGSSYEQYF	INVFAFPFTI
CSAPDYNEQFF	INVFAFPFTI
CASSGVGGQGYGYTF	INVFAFPFTI
CASSSGQGVSYTGELFF	INVFAFPFTI
CASSKSYEQYF	INVFAFPFTI
CSVEVGVGYEQYF	INVFAFPFTI
CASSYGQGEYNEQYF	INVFAFPFTI
CASSFVDEQFF	INVFAFPFTI
CASSNMGLGQPQHF	INVFAFPFTI
CSARDLGQGTYGYTF	INVFAFPFTI
CASSFSAAAFF	INVFAFPFTI
CSASTGEGAYNEQFF	INVFAFPFTI
CASSSLGGLSLAPEAKNIQYF	INVFAFPFTI
CAIDQGGAGAFF	INVFAFPFTI
CSVATGSSGNTIYF	INVFAFPFTI
CASSFSGNEQFF	INVFAFPFTI
CASSFSGANVLTF	INVFAFPFTI
CSATNGQETQYF	INVFAFPFTI
CASSLSEKLFF	INVFAFPFTI
CASSPTGSTQYF	INVFAFPFTI
CASSLEWSSYNEQFF	INVFAFPFTI
CASSPSVAGTYNEQFF	INVFAFPFTI
CASSYSGTIYF	INVFAFPFTI
CASSYQSDGPVKQGPGGQETQYF	INVFAFPFTI
CASSFGSVLTF	INVFAFPFTI
CASSFSHEQYF	INVFAFPFTI
CASSFTSGEQFF	INVFAFPFTI
CASSVGQDGYTF	INVFAFPFTI
CSSTSGDTYEQYF	INVFAFPFTI
CASFSGGLGYTF	INVFAFPFTI
CASGVGGNGYTF	INVFAFPFTI
CSVEVGSGNTIYF	INVFAFPFTI
CASSHGTSGVGAYEQYF	INVFAFPFTI
CASSETGVPYSPLHF	INVFAFPFTI
CASSSTGAGTDTQYF	INVFAFPFTI
CASNWGNTEAFF	INVFAFPFTI
CASSFAGEQYF	INVFAFPFTI
CASSLSGPSYNEQFF	INVFAFPFTI
CSVELNTEAFF	INVFAFPFTI
CASSFGGYGYTF	INVFAFPFTI
CASSLEGRNEQFF	INVFAFPFTI
CASSPEGDSYEQYF	INVFAFPFTI
CASSLSLGFIPGQGDSGYGYTF	INVFAFPFTI
CASSYHGREGGYEQYF	INVFAFPFTI
CSVADGQGKGETQYF	INVFAFPFTI
CASSFAFSRFF	INVFAFPFTI
CASSRTGETQYF	INVFAFPFTI
CASGPDNNYGYTF	INVFAFPFTI
CASSVEASSVYNEQFF	INVFAFPFTI
CASSLAQDRGFEAFF	INVFAFPFTI
CSALTASGNTIYF	INVFAFPFTI
CASSLVQIGNEQFF	INVFAFPFTI
CASIQDRSSYNEQFF	INVFAFPFTI
CASSLSETQYF	INVFAFPFTI
CATSEGLETQYF	INVFAFPFTI
CASSLGQGEAFF	INVFAFPFTI
CASTLVGDEQFF	INVFAFPFTI
CASSLTTEADTQYF	INVFAFPFTI
CATSDIVAGDYNEQFF	INVFAFPFTI
CASSPTRDRVEQYF	INVFAFPFTI
CASSYTGGEQFF	INVFAFPFTI
CSVEGGGNEQFF	INVFAFPFTI
CASSAIGENYEQYF	INVFAFPFTI
CASSQERAGGITDTQYF	INVFAFPFTI
CASSYGGYGAWQHF	INVFAFPFTI
CASRGESSYNEQFF	INVFAFPFTI
CSARVIRGARDEQFF	INVFAFPFTI
CASSFEGSSAYTF	INVFAFPFTI
CASSSAYYGYTF	INVFAFPFTI
CASSLSYEQYF	INVFAFPFTI
CASSFSGEQYF	INVFAFPFTI
CATSSPTSGRAPETQYF	INVFAFPFTI
CASSLYNEQFF	INVFAFPFTI
CSAPDRDSPKHTDTQYF	INVFAFPFTI
CASSWGLGGEQYF	INVFAFPFTI
CASSDGGRQISGNTIYF	INVFAFPFTI
CASSLGLGNEQFF	INVFAFPFTI
CSVEDGQGREQYF	INVFAFPFTI
CASSQGSNEQYF	INVFAFPFTI
CASSWGDLGRGYNEQFF	INVFAFPFTI
CASSQGLGGTQYF	INVFAFPFTI
CARRLLGLGPDTGELFF	INVFAFPFTI
CASSLAGQQFF	INVFAFPFTI
CSALDRDYNHEQYF	INVFAFPFTI
CASSPGSEQYF	INVFAFPFTI
CSASQSPPSETQYF	INVFAFPFTI
CASSLGVEETQYF	INVFAFPFTI
CASSLGGLEAFF	INVFAFPFTI
CASSLTGNEQFF	INVFAFPFTI
CASSPGGSYEQYF	INVFAFPFTI
CSARDPGQGAKQYF	INVFAFPFTI
CSALLAPTYEQYF	INVFAFPFTI
CASSFVGVFNEQFF	INVFAFPFTI
CASSPSGEKLFF	INVFAFPFTI
CASSYSMTGGSAYEQYF	INVFAFPFTI
CASSISGETQYF	INVFAFPFTI
CASGGSGSGEQFF	INVFAFPFTI
CASTFVGGSSYEQYF	INVFAFPFTI
CASSLYGLPMIETQYF	INVFAFPFTI
CASSFQVTNQPQHF	INVFAFPFTI
CASSLKPSYNEQFF	INVFAFPFTI
CASSPGDVAFF	INVFAFPFTI
CASSPYNPNQPQHF	INVFAFPFTI
CSATTDMGEKLFF	INVFAFPFTI
CASSPRLAGQETQYF	INVFAFPFTI
CASSLAGVSTDTQYF	INVFAFPFTI
CASSPPTGEETQYF	INVFAFPFTI
CAIRDPGTVNTEAFF	INVFAFPFTI
CASSEGTSGRHSYNEQFF	INVFAFPFTI
CSAIVGGTGELFF	INVFAFPFTI
CASSSTGGVSDTQYF	INVFAFPFTI
CASSSPNSNQPQHF	INVFAFPFTI
CASRTTGLPYEQYF	INVFAFPFTI
CASSVDKAPGSQYF	INVFAFPFTI
CASSSGGVEQYF	INVFAFPFTI
CASMAGADETQYF	INVFAFPFTI
CASSLSGANTEAFF	INVFAFPFTI
CSASAPGTSGDYEQYF	INVFAFPFTI
CASSVMDEQFF	INVFAFPFTI
CASSQGGLAGAEGELFF	INVFAFPFTI
CASSQGGYEQYF	INVFAFPFTI
CSATMGRETQYF	INVFAFPFTI
CASSPPQKRGGRETQYF	INVFAFPFTI
CSARDGVYNEQFF	INVFAFPFTI
CSASESDRTYEQYF	INVFAFPFTI
CATSDFAAGDYYEQFF	INVFAFPFTI
CASSSLLEQFF	INVFAFPFTI
CSVDARGLAGGHGGNEQFF	INVFAFPFTI
CASSPGLAETYEQYF	INVFAFPFTI
CASSLTYEQYF	INVFAFPFTI
CASSLAPGQGDAYEQYF	INVFAFPFTI
CAISEPRGGYGYTF	INVFAFPFTI
CASSVLLAQAYEQYF	INVFAFPFTI
CASSPLLADEQFF	INVFAFPFTI
CASSLWDSSTYEQYF	INVFAFPFTI
CAVISGYNEQFF	INVFAFPFTI
CASSLIDRTATDTQYF	INVFAFPFTI
CASMQGGKLFF	INVFAFPFTI
CASSSTGLGGYTF	INVFAFPFTI
CASSLSSYQYF	INVFAFPFTI
CASSYSDEQFF	INVFAFPFTI
CASSFTGNEQFF	INVFAFPFTI
CASSRDYEDNEQFF	INVFAFPFTI
CASSATGSEQYF	INVFAFPFTI
CASSLEAIRNF	INVFAFPFTI
CSVEAGTGFEQYF	INVFAFPFTI
CASSQAGEKLFF	INVFAFPFTI
CASSLAGTYEQYF	INVFAFPFTI
CASSVEGGWVYNEQFF	INVFAFPFTI
CASSYSSPRYTDTQYF	INVFAFPFTI
CASSVWTPQGDEKLFF	INVFAFPFTI
CAIRSAWGEQYF	INVFAFPFTI
CASSLIDQPQHF	INVFAFPFTI
CASLPLSQGAHGTDTQYF	INVFAFPFTI
CASSDLNREPETQYF	INVFAFPFTI
CSVETGGGYEQYF	INVFAFPFTI
CASSVLTGSSYNSPLHF	INVFAFPFTI
CASSLVRQGASNEQFF	INVFAFPFTI
CASSPSGATQYF	INVFAFPFTI
CASRTVKNIQYF	INVFAFPFTI
CSAVRQGLFYEQYF	INVFAFPFTI
CASSLVDEQYF	INVFAFPFTI
CASSLGGYNEQFF	INVFAFPFTI
CSATQGSGELFF	INVFAFPFTI
CASSSNGETQYF	INVFAFPFTI
CASSQDPGGTTQYF	INVFAFPFTI
CSLMGSSYNSPLHF	INVFAFPFTI
CASSFAGNEQFF	INVFAFPFTI
CASSLTAEAFF	INVFAFPFTI
CSVEVGEGNIQYF	INVFAFPFTI
CSAMGLQGPPNYGYTF	INVFAFPFTI
CATSRGAEETQYF	INVFAFPFTI
CSAEQGTGYEQYF	INVFAFPFTI
CASSPQGALGYEQYF	INVFAFPFTI
CAIRNSNEKLFF	INVFAFPFTI
CASSLADDAFF	INVFAFPFTI
CASSFTGEQYF	INVFAFPFTI
CASSWTPERGSYNEQFF	INVFAFPFTI
CASSYLGQANNEQFF	INVFAFPFTI
CASSPTGETQYF	INVFAFPFTI
CATSGNYNEQFF	INVFAFPFTI
CASSYSGNTIYF	INVFAFPFTI
CASSYGSYEQYF	INVFAFPFTI
CASGLDIQGGQGDLLAKNIQYF	INVFAFPFTI
CASSPAGNEQFF	INVFAFPFTI
CASNPGGPPGEAFF	INVFAFPFTI
CASENTGGGWGEQYV	INVFAFPFTI
CASSSTGSPEAFF	INVFAFPFTI
CSVETGGGNIQYF	INVFAFPFTI
CASSRRAGQPQHF	INVFAFPFTI
CASSLSEKLFF	INVFAFPFTI
CASSFLAGELFF	INVFAFPFTI
CASSTGDEQFF	INVFAFPFTI
CASSKAGRRLFF	INVFAFPFTI
CASSLQGPGELFF	INVFAFPFTI
CASSLALGGPTGELFF	INVFAFPFTI
CASSQWDGYGYTF	INVFAFPFTI
CASSWTGGGGYTF	INVFAFPFTI
CASSQGYEQFF	INVFAFPFTI
CASSSGPDYTF	INVFAFPFTI
CSARENHSQETQYF	INVFAFPFTI
CASSSSGETQYF	INVFAFPFTI
CASSEGLGQPQHF	INVFAFPFTI
CSAPPTGTNYGYTF	INVFAFPFTI
CASSFAHEQYF	INVFAFPFTI
CASSQGARKGYEQYF	INVFAFPFTI
CSVEVGSGYEQYF	INVFAFPFTI
CASGLTEAFF	INVFAFPFTI
CSVLQGGTEAFF	INVFAFPFTI
CASTLFTNEQFF	INVFAFPFTI
CASSFPGLGVTYEQYF	INVFAFPFTI
CASSVELAGITGELFF	INVFAFPFTI
CASSYGGYGYTF	INVFAFPFTI
CASSVEGGLDEQFF	INVFAFPFTI
CASSYAGTEAFF	INVFAFPFTI
CASSMGQWGYTF	INVFAFPFTI
CASTLAGGGTDTQYF	INVFAFPFTI
CASALVYEQYF	INVFAFPFTI
CASSLSEKLFF	INVFAFPFTI
CASSFSVGYTF	INVFAFPFTI
CASSLDGAEAFF	INVFAFPFTI
CASSLTGEKLFF	INVFAFPFTI
CASSYGSGTDTQYF	INVFAFPFTI
CATSDRQGPAVYF	INVFAFPFTI
CASSFQETQYF	INVFAFPFTI
CASSFTAEAFF	INVFAFPFTI
CASSLVGETQYF	INVFAFPFTI
CASSLGGGTTNTDTQYF	INVFAFPFTI
CASSVPGGEQFF	INVFAFPFTI
CASSLAGELWYGYTF	INVFAFPFTI
CASSLAGGFYNEQFF	INVFAFPFTI
CASSVEGRGPYNEQFF	INVFAFPFTI
CATSRAPGQGYEQYF	INVFAFPFTI
CASSLGTEAFF	INVFAFPFTI
CASSAGLAGDYEQYF	INVFAFPFTI
CATSSRGWGNNEQFF	INVFAFPFTI
CSARVIEGSNQPQHF	INVFAFPFTI
CASSYTGFEQYF	INVFAFPFTI
CASSAVTGYNEQFF	INVFAFPFTI
CASSFVDEQFF	INVFAFPFTI
CASSSGGTEAFF	INVFAFPFTI
CASSSPSTSILQYF	INVFAFPFTI
CASSLGVLNTEAFF	INVFAFPFTI
CASRGQGPYEQYF	INVFAFPFTI
CASSQGVGSGAFF	INVFAFPFTI
CASSLTGELQFF	INVFAFPFTI
CASSELSHTEAFF	INVFAFPFTI
CSVTSGSAEQYF	INVFAFPFTI
CASSFMETQYF	INVFAFPFTI
CASSHAGELFF	INVFAFPFTI
CASGLDGEQYF	INVFAFPFTI
CASSSSGETQYF	INVFAFPFTI
CASSEGRTMNTEAFF	INVFAFPFTI
CASSYPLPLAGKVYQFF	INVFAFPFTI
CASSPTGYEQYF	INVFAFPFTI
CASSLAGGLETYEQYF	INVFAFPFTI
CASSLGPSQHF	INVFAFPFTI
CASSYKAEAFF	INVFAFPFTI
CASSEFPAGNTGELFF	INVFAFPFTI
CASSGAGTGGDSYEQYF	INVFAFPFTI
CASSQGLGQPQHF	INVFAFPFTI
CSAWDSLWGYGYTF	INVFAFPFTI
CASTTQGVNNEQFF	INVFAFPFTI
CASSPEYTYQPQHF	INVFAFPFTI
CASSQDDRSYEQYF	INVFAFPFTI
CASSLSGTPSF	INVFAFPFTI
CASSFIVNEKLFF	INVFAFPFTI
CASSSSPGANTEAFF	INVFAFPFTI
CASSWAGAGSYGYTF	INVFAFPFTI
CASSYSKTGSAYSGNTIYF	INVFAFPFTI
CASSKTNNHRGRITKNIQYF	INVFAFPFTI
CAGGFSGELFF	INVFAFPFTI
CASSWTGAGEQYF	INVFAFPFTI
CASTPGGGFDNEQFF	INVFAFPFTI
CASSSPDRGQETQYF	INVFAFPFTI
CASTASYNEQFF	INVFAFPFTI
CASSLAETQYF	INVFAFPFTI
CASSPGTSGYEQYF	INVFAFPFTI
CASSLSSGSEQFF	INVFAFPFTI
CASRRTANTEAFF	INVFAFPFTI
CATSRESSGALQETQYF	INVFAFPFTI
CASSYSEGVTEAFF	INVFAFPFTI
CASSLQGEKLFF	INVFAFPFTI
CASSFPSTF	INVFAFPFTI
CASRVTSGAYNEQFF	INVFAFPFTI
CASSEGGDTQYF	INVFAFPFTI
CASSLSSEQYF	INVFAFPFTI
CASSLSGETQYF	INVFAFPFTI
CSVTTVSYEQYV	INVFAFPFTI
CASSLPRSNEKLFF	INVFAFPFTI
CASSFGGTEAFF	INVFAFPFTI
CASSLGLGGSYEQYF	INVFAFPFTI
CASSPTGNEQFF	INVFAFPFTI
CASSLLGTAYNSPLHF	INVFAFPFTI
CATSGGQGVYNEQFF	INVFAFPFTI
CASSLTGSPLHF	INVFAFPFTI
CASSQETRLAGGPYNEQFF	INVFAFPFTI
CASSEVGGAMNTEAFF	INVFAFPFTI
CASSQEVPRDSTYEQYF	INVFAFPFTI
CASRQYSNQPQHF	INVFAFPFTI
CASSYRDFGDEQFF	INVFAFPFTI
CASGQGAIEQYF	INVFAFPFTI
CASSYPGPPGKNEQFF	INVFAFPFTI
CASSHSSEQYF	INVFAFPFTI
CASSLRPSLYNEQFF	INVFAFPFTI
CASSLGETQYF	INVFAFPFTI
CASSPADTQYF	INVFAFPFTI
CASSYGGHEQFF	INVFAFPFTI
CSGTTNTGELFF	INVFAFPFTI
CASSLGTGGEQYF	INVFAFPFTI
CASTIAGDTQYF	INVFAFPFTI
CASSPTGGNEQFF	INVFAFPFTI
CASSLGQEAFF	INVFAFPFTI
CASSLSPGQSGYTF	INVFAFPFTI
CASSPRGDGEQYF	INVFAFPFTI
CASSFSGVEQYF	INVFAFPFTI
CASSTTGSLQFF	INVFAFPFTI
CSAFLLTSGQPNTDTQYF	INVFAFPFTI
CASSYSIAANTEAFF	INVFAFPFTI
CSVESGTGYEQYF	INVFAFPFTI
CASSSSIYRGSQPQHF	INVFAFPFTI
CSVGGSLTYEQYF	INVFAFPFTI
CASSYPGTMQFF	INVFAFPFTI
CASSQGPGYTF	INVFAFPFTI
CATSDNSEGNEQFF	INVFAFPFTI
CASSEGDVRGTDTQYF	INVFAFPFTI
CAISVYTEAFF	INVFAFPFTI
CASTLGGEKLFF	INVFAFPFTI
CASSYASEGYTF	INVFAFPFTI
CASSLSGQTGRPGTEAFF	INVFAFPFTI
CSAWGGEGTQYF	INVFAFPFTI
CASSYSGETQYF	INVFAFPFTI
CSAWTGSNYGYTF	INVFAFPFTI
CASTGGAGDTQYF	INVFAFPFTI
CASSNGRSSYEQYF	INVFAFPFTI
CATSEGLAGGNEQFF	INVFAFPFTI
CASRAASGRAYEQYF	INVFAFPFTI
CASSLPYTF	INVFAFPFTI
CASSQSPYGYTF	INVFAFPFTI
CASSFRLELFF	INVFAFPFTI
CASFGGATDTQYF	INVFAFPFTI
CASSLTGDTQYF	INVFAFPFTI
CASGTGAPDTQYF	INVFAFPFTI
CASRDSSSGANVLTF	INVFAFPFTI
CASTQRGSGTEAFF	INVFAFPFTI
CASSSLSGSYYNEQFF	INVFAFPFTI
CAISDRGDTIYF	INVFAFPFTI
CASSLGRPLHF	INVFAFPFTI
CASSPGQGPEAFF	INVFAFPFTI
CSARDIVAGVSPLHF	INVFAFPFTI
CASGGGINYGYTF	INVFAFPFTI
CASSPTVNEQFF	INVFAFPFTI
CASSIGGGEVEDTQYF	INVFAFPFTI
CASLGGRDEQFF	INVFAFPFTI
CSAVGLSVIYEQYF	INVFAFPFTI
CASSQDLSRVNTEAFF	INVFAFPFTI
CASSFGETF	INVFAFPFTI
CAISESGDTQYF	INVFAFPFTI
CASSIGDEQYF	INVFAFPFTI
CASSFSGLALSTDTQYF	INVFAFPFTI
CASSPGPYEQYF	INVFAFPFTI
CASSLGRQGGPEAFF	INVFAFPFTI
CASTLAGELFF	INVFAFPFTI
CSAAGTGSSYNSPLHF	INVFAFPFTI
CSVEDGDRNYNEQFF	INVFAFPFTI
CASSSTPLAGGNYEQYF	INVFAFPFTI
CASSPLAKNIQYF	INVFAFPFTI
CASSYSGGTQYF	INVFAFPFTI
CASSPAGYEQYF	INVFAFPFTI
CASSLLGYGSPLHF	INVFAFPFTI
CASSLAMRGAYSYEQYF	INVFAFPFTI
CASSLNGETQYF	INVFAFPFTI
CASLERGELFF	INVFAFPFTI
CASSLFPFNQPQHF	INVFAFPFTI
CASSYSSGEQFF	INVFAFPFTI
CSAREDRPPYEQYF	INVFAFPFTI
CASRVGTGGGTDTQYF	INVFAFPFTI
CASSLAGETQYF	INVFAFPFTI
CASSRTGETQYF	INVFAFPFTI
CATGGREVTLAKNIQYF	INVFAFPFTI
CASSSLQGAYTEAFF	INVFAFPFTI
CASSLSGETQYF	INVFAFPFTI
CATSNQLRQHF	INVFAFPFTI
CASSLYSGANVLTF	INVFAFPFTI
CASSYSGGELFF	INVFAFPFTI
CASSVELAGTWGTQYF	INVFAFPFTI
CASSQTGNTIYF	INVFAFPFTI
CASSFGRLGNQPQHF	INVFAFPFTI
CASSSTDTQYF	INVFAFPFTI
CATSTGVDHNEQFF	INVFAFPFTI
CSVEEGGRGYEQYF	INVFAFPFTI
CASSLEGQPQHF	INVFAFPFTI
CAISGEEGFGPNQPQHF	INVFAFPFTI
CASSLQIANTGELFF	INVFAFPFTI
CASSPVSSLYNEQFF	INVFAFPFTI
CASSQSEAGENSPLHF	INVFAFPFTI
CASSGLAGETQYF	INVFAFPFTI
CASSYPGGGGRTEAFF	INVFAFPFTI
CASSFQETQYF	INVFAFPFTI
CASSLGAVAFF	INVFAFPFTI
CASSYPGGPQFF	INVFAFPFTI
CASSPSGYEQFF	INVFAFPFTI
CASSQASGGGTDTQYF	INVFAFPFTI
CASSLSYEQYF	INVFAFPFTI
CASSLDGGGWFF	INVFAFPFTI
CASSINEQFF	INVFAFPFTI
CASSFPRQGVETQYF	INVFAFPFTI
CASSSTLHSYEQYF	INVFAFPFTI
CASRTGVEAFF	INVFAFPFTI
CASSEGGGSTDTQYF	INVFAFPFTI
CASSPNGAEQFF	INVFAFPFTI
CATSRGGELFF	INVFAFPFTI
CASSESGETQYF	INVFAFPFTI
CSAVQGDTGELFF	INVFAFPFTI
CSVEDAGVPSRQETQYF	INVFAFPFTI
CASTRGNTQYF	INVFAFPFTI
CASSPSGNTIYF	INVFAFPFTI
CSVELGSGYNEQFF	INVFAFPFTI
CSAPESSGSYEQYF	INVFAFPFTI
CASSQDPSLSGANVLTF	INVFAFPFTI
CATSIWNEQFF	INVFAFPFTI
CSAWGEYEMNTEAFF	INVFAFPFTI
CASSSSGETQYF	INVFAFPFTI
CSAAQGSETQYF	INVFAFPFTI
CASGDGPGYTF	INVFAFPFTI
CASSSNRSPEQFF	INVFAFPFTI
CASSLSGETQYF	INVFAFPFTI
CASSMHGDTQYF	INVFAFPFTI
CASSSVGGTNTEAFF	INVFAFPFTI
CASTLSALHEQYF	INVFAFPFTI
CASSVREGLPYNEQFF	INVFAFPFTI
CSANTRGETQYF	INVFAFPFTI
CASSFSTEAFF	INVFAFPFTI
CASSLSGETQYF	INVFAFPFTI
CATSETGSEQYF	INVFAFPFTI
CAISLQGAVEQFF	INVFAFPFTI
CASSMGRGYNEQFF	INVFAFPFTI
CASSLTDTQYF	INVFAFPFTI
CASSDHPGTNSYEQYF	INVFAFPFTI
CATSRERGPYNEQFF	INVFAFPFTI
CGSGHTGELFF	INVFAFPFTI
CATLKGGEQYF	INVFAFPFTI
CASSLTGETQYF	INVFAFPFTI
CASSPAGYGYTF	INVFAFPFTI
CASSFSGTEFF	INVFAFPFTI
CASSGAGEKLFF	INVFAFPFTI
CASSPGGAVNEQFF	INVFAFPFTI
CASSLGYEQYF	INVFAFPFTI
CASSTGGREQYF	INVFAFPFTI
CSARPTRLAGVHEQYF	INVFAFPFTI
CASSDGLAGLQNEQFF	INVFAFPFTI
CAISGQSVSYEQYF	INVFAFPFTI
CASSYGGDTQYF	INVFAFPFTI
CSARATGTHLSIYF	INVFAFPFTI
CASSLAETQYF	INVFAFPFTI
CASSDDRSYEQYF	INVFAFPFTI
CASSRTGELFF	INVFAFPFTI
CASSAQGSAFF	INVFAFPFTI
CASSQGIYGYTF	INVFAFPFTI
CASSDRGNNEQFF	INVFAFPFTI
CSARVMVLAGAGDETQYF	INVFAFPFTI
CASSEAGGQSDTQYF	INVFAFPFTI
CASSYSSEQYF	INVFAFPFTI
CASGVVTNQPQHF	INVFAFPFTI
CASSHGGHEAFF	INVFAFPFTI
CASSSWTGIEKLFF	INVFAFPFTI
CSTWDMDSGNTIYF	INVFAFPFTI
CSVVLANTDTQYF	INVFAFPFTI
CASSLAGGSTDTQYF	INVFAFPFTI
CASSPSGGTAFF	INVFAFPFTI
CSARFLAGPTPPSYNEQFF	INVFAFPFTI
CASSHYDGGYNEQFF	INVFAFPFTI
CASSQTDTQYF	INVFAFPFTI
CASSPGLGVQYF	INVFAFPFTI
CSGVGTSTYEQYF	INVFAFPFTI
CASSATYNEQFF	INVFAFPFTI
CASSPNSETQYF	INVFAFPFTI
CSVESGSGSYNEQFF	INVFAFPFTI
CASSSGPPGTNEKLFF	INVFAFPFTI
CASSSSGGEADTQYF	INVFAFPFTI
CASSYGADGYTF	INVFAFPFTI
CASSPGTTSYEQYF	INVFAFPFTI
CASSEFGGANEKLFF	INVFAFPFTI
CASSYGAGEQFF	INVFAFPFTI
CASSVHSGGPGDEQFF	INVFAFPFTI
CASSLFPGRVGYTF	INVFAFPFTI
CASSLAAEQFF	INVFAFPFTI
CASSSSGDTQYF	INVFAFPFTI
CATSSTDTQYF	INVFAFPFTI
CASSFVGEQFF	INVFAFPFTI
CASSFSGTDTQYF	INVFAFPFTI
CASSQDIDRTDTQYF	INVFAFPFTI
CASSQNPGTSFHNEQFF	INVFAFPFTI
CSATSDGNHWGYTF	INVFAFPFTI
CASSLSYEQYF	INVFAFPFTI
CASSPTGHEQYF	INVFAFPFTI
CASSETGNNSPLHF	INVFAFPFTI
CSVEEGRTYNEQFF	INVFAFPFTI
CAEGGNTGELFF	INVFAFPFTI
CASSYSGTQYF	INVFAFPFTI
CSVEGGRGHEQYF	INVFAFPFTI
CASSFTGASTDTQYF	INVFAFPFTI
CSVQQGTGYEQYF	INVFAFPFTI
CASSGSGSENTGELFF	INVFAFPFTI
CASSPGTDSYEQYF	INVFAFPFTI
CASSPSGETQYF	INVFAFPFTI
CSATESMHSYEQYF	INVFAFPFTI
CALGAEGGSPLHF	INVFAFPFTI
CSARFPLAAPLNEQFF	INVFAFPFTI
CASSYSYEQYF	INVFAFPFTI
CASFGGYEQYF	INVFAFPFTI
CSVVTGNTGELFF	INVFAFPFTI
CASSWGLAGANTGELFF	INVFAFPFTI
CASISVGTDYYGYTF	INVFAFPFTI
CASSQTGLEAFF	INVFAFPFTI
CAIGDPGLKTGGEQFF	INVFAFPFTI
CATRSGANVLTF	INVFAFPFTI
CSVQAGTDEQYF	INVFAFPFTI
CSVARDTEAFF	INVFAFPFTI
CASSYGATEAFF	INVFAFPFTI
CSAIAEVYNEQFF	INVFAFPFTI
CASSLSYEQFF	INVFAFPFTI
CASSLTGETQYF	INVFAFPFTI
CASSLEGFYRFF	INVFAFPFTI
CASSPELASIYEQYF	INVFAFPFTI
CASSLAYRSSYEQYF	INVFAFPFTI
CASASGDEQYF	INVFAFPFTI
CSANAAKETQYF	INVFAFPFTI
CASSVTGLAGGSDTQYF	INVFAFPFTI
CASSPTGETQYF	INVFAFPFTI
CASSLVGSNYEQYF	INVFAFPFTI
CASTLTGESTGELFF	INVFAFPFTI
CSASSGRETQYF	INVFAFPFTI
CASSPSGETQYF	INVFAFPFTI
CASSPSSGANVLTF	INVFAFPFTI
CASSEGTGAIAYNEQFF	INVFAFPFTI
CASREAGNYNEQFF	INVFAFPFTI
CASSEAAAGMSYEQYF	INVFAFPFTI
CASSVADGSNIQYF	INVFAFPFTI
CSALGTSGGYEQYF	INVFAFPFTI
CASSLYPETPGELFF	INVFAFPFTI
CASSLAGGPTEQFF	INVFAFPFTI
CASSLTGIGDPGYTF	INVFAFPFTI
CATSSFSQGGYGYTF	INVFAFPFTI
CASGGTDTQYF	INVFAFPFTI
CASTAVGQLYF	INVFAFPFTI
CASEYGNTIYF	INVFAFPFTI
CASSVYNSPETQYF	INVFAFPFTI
CASSQGPTGGYEQYF	INVFAFPFTI
CASGTDTQYF	INVFAFPFTI
CSARWVGGAPNEQFF	INVFAFPFTI
CSAIALTSGPWDEQFF	INVFAFPFTI
CASSDSGETQYF	INVFAFPFTI
CASSFAPYEQYF	INVFAFPFTI
CSGDRDTEAFF	INVFAFPFTI
CSATSVGLALYEQYF	INVFAFPFTI
CASSPTGETQYF	INVFAFPFTI
CASSYGASPLHF	INVFAFPFTI
CASSTQGIGSYNEQFF	INVFAFPFTI
CSVSGGEQFF	INVFAFPFTI
CATSETELSEQYF	INVFAFPFTI
CSAETAHIILGTQYF	INVFAFPFTI
CASSPTGYEQYF	INVFAFPFTI
CSAIRFGAGPEQYF	INVFAFPFTI
CASSSTGNEQFF	INVFAFPFTI
CASSKGDGYTF	INVFAFPFTI
CASSLLGETQYF	INVFAFPFTI
CASSFPGDTQYF	INVFAFPFTI
CATSRGQGYEQYF	INVFAFPFTI
CSAIELAGGQAYEQYF	INVFAFPFTI
CSAIVSGKTYEQYF	INVFAFPFTI
CASSLSGETQYF	INVFAFPFTI
CSATAGQETQYF	INVFAFPFTI
CASGQGAVGYTF	INVFAFPFTI
CASSSTGYTIYF	INVFAFPFTI
CASSAVNTGELFF	INVFAFPFTI
CASSPTGYIQYF	INVFAFPFTI
CASSLSRDQYF	INVFAFPFTI
CASSHGLAAAVSDTQYF	INVFAFPFTI
CASSPLGTSGGGELFF	INVFAFPFTI
CSASFYNEQFF	INVFAFPFTI
CAITASGYEQYF	INVFAFPFTI
CSVLRLAGGQSGELFF	INVFAFPFTI
CASSLAGAEQFF	INVFAFPFTI
CATTVAGGIQYF	INVFAFPFTI
CSVYRGGDEQFF	INVFAFPFTI
CSAQEYNEQFF	INVFAFPFTI
CASSLTSYEQYF	INVFAFPFTI
CASSSTGASTDTQYF	INVFAFPFTI
CASLTGGITEAFF	INVFAFPFTI
CATSSGGRETQYF	INVFAFPFTI
CASSERSSWENTEAFF	INVFAFPFTI
CASSLSGTQYF	INVFAFPFTI
CSVGKGRTNTGELFF	INVFAFPFTI
CSANDGKETQYF	INVFAFPFTI
CASSLTGETQYF	INVFAFPFTI
CASSYPGMYTGELFF	INVFAFPFTI
CSVWGGDTANYGYTF	INVFAFPFTI
CASSPTGAEAFF	INVFAFPFTI
CASSKTYSYEQYF	INVFAFPFTI
CASSPGGELFF	INVFAFPFTI
CASGTGTYEQYF	INVFAFPFTI
CASSSSSGANVLTF	INVFAFPFTI
CASSPGGGARDPSYEQYF	INVFAFPFTI
CASSLTGYEQYF	INVFAFPFTI
CASSGQPGRDTYEQYF	INVFAFPFTI
CASSSPSGIQGAAYEQYF	INVFAFPFTI
CASSLSGTSVNEQFF	INVFAFPFTI
CSVFGGDYEQYF	INVFAFPFTI
CATEIRGAAAFF	INVFAFPFTI
CASSFSPGGLFF	INVFAFPFTI
CASSLAGGLFSPDTQYF	INVFAFPFTI
CATQGGNEQFF	INVFAFPFTI
CASSYNEQFF	INVFAFPFTI
CASSQGLSLNGEHAYEQYF	INVFAFPFTI
CASRLAGSVHEQYF	INVFAFPFTI
CASSYAGELFF	INVFAFPFTI
CASTLAGTQYF	INVFAFPFTI
CASSRLRRTGNIYGYTF	INVFAFPFTI
CASSYSGETQYF	INVFAFPFTI
CASSSSGPKEGQPQHF	INVFAFPFTI
CASSLSGAGTDTQYF	INVFAFPFTI
CASSPGAPSSYEQYF	INVFAFPFTI
CASSQSVGTEDYTDTQYF	INVFAFPFTI
CSAVASESSYEQYF	INVFAFPFTI
CASSLGTGGEQYF	INVFAFPFTI
CASSLSNEQFF	INVFAFPFTI
CASSPEGPFYEQYF	INVFAFPFTI
CASSQLTGGQPYEQYF	INVFAFPFTI
CASSQDMGGEQYF	INVFAFPFTI
CAISEEGQLEHF	INVFAFPFTI
CSVEDGGGYEQYF	INVFAFPFTI
CASSLGEKLFF	INVFAFPFTI
CSVYLTSGRPGEQYF	INVFAFPFTI
CSAQTGESSYNSPLHF	INVFAFPFTI
CASSPSGEQYF	INVFAFPFTI
CAARAWGGSEKLFF	INVFAFPFTI
CASSSPRRLAGGQETQYF	INVFAFPFTI
CSALRVAGGVSYEQYF	INVFAFPFTI
CASSLDFQGPSNEQFF	INVFAFPFTI
CASSLGYEQYF	INVFAFPFTI
CSVTVASSEQFF	INVFAFPFTI
CATSDFPAGSYNEQFF	INVFAFPFTI
CATSSTGYNEQFF	INVFAFPFTI
CATSRPEQETQYF	INVFAFPFTI
CASSQGGHTAFF	INVFAFPFTI
CSVEQGTYEQYF	INVFAFPFTI
CASLPGGGLQETQYF	INVFAFPFTI
CASSFVGTATF	INVFAFPFTI
CSADAVSTDTQYF	INVFAFPFTI
CASSPKGSGELFF	INVFAFPFTI
CSVQTGGGYEQYF	INVFAFPFTI
CASSNLGSYEQYF	INVFAFPFTI
CASSELGGGFGYTF	INVFAFPFTI
CSARDQTSGTDTQYF	INVFAFPFTI
CSATTGAGELFF	INVFAFPFTI
CSAVTSGTSYEQYF	INVFAFPFTI
CASSPSGNTIYF	INVFAFPFTI
CASSLSGTQYF	INVFAFPFTI
CASSPTGHEQYF	INVFAFPFTI
CASSYNIEGYSNQPQHF	INVFAFPFTI
CASSLSGQGQNF	INVFAFPFTI
CASTPTGNTIYF	INVFAFPFTI
CASSLGGRDTQYF	INVFAFPFTI
CASSFSGELFF	INVFAFPFTI
CASSWTGSEQFF	INVFAFPFTI
CASSLDLSNQPQHF	INVFAFPFTI
CASSLTGNTYEQYF	INVFAFPFTI
CASSALTAHYGYTF	INVFAFPFTI
CASRASGIYEQYF	INVFAFPFTI
CASSYFLAGGYNEQFF	INVFAFPFTI
CASSYSGEGNTF	INVFAFPFTI
CASSFSETQYF	INVFAFPFTI
CASSATGEDYEQYF	INVFAFPFTI
CATSLQSEETQYF	INVFAFPFTI
CASSAGGETQYF	INVFAFPFTI
CSVERDTEAFF	INVFAFPFTI
CASIGGLHTEAFF	INVFAFPFTI
CASSSGEQFF	INVFAFPFTI
CASSQDPAGPYEQYF	INVFAFPFTI
CSALGGPNYGYTF	INVFAFPFTI
CSVLQGSGYTF	INVFAFPFTI
CASSDLAGTNEQFF	INVFAFPFTI
CASSSGGLNTEAFF	INVFAFPFTI
CASLSGYEQFF	INVFAFPFTI
CASSFTGTEAFF	INVFAFPFTI
CASSGGLAGGVWSYEQYF	INVFAFPFTI
CASSYSEGLTEAFF	INVFAFPFTI
CAALVGNEQFF	INVFAFPFTI
CASSLIAGGPETQYF	INVFAFPFTI
CATRQGSGELFF	INVFAFPFTI
CSATSINPGQEYGYTF	INVFAFPFTI
CASSSRGELFF	INVFAFPFTI
CAMRVEDSNYGYTF	INVFAFPFTI
CASSSPRGDRLKSSYEQYF	INVFAFPFTI
CASTGGEGYNEQFF	INVFAFPFTI
CASSVGDTYEQYF	INVFAFPFTI
CASSLEGKLFF	INVFAFPFTI
CSAYPGGVSSYNSPLHF	INVFAFPFTI
CASTGGFSYEQYF	INVFAFPFTI
CATSSRAGGGYTF	INVFAFPFTI
CASSQVGETQYF	INVFAFPFTI
CASSFLLGTKNNEQFF	INVFAFPFTI
CASSLGSYEQYF	INVFAFPFTI
CASSFWGAQSSYEQYF	INVFAFPFTI
CSAYEIAAGNTIYF	INVFAFPFTI
CASSYSYEQYF	INVFAFPFTI
CSAPSYNEQFF	INVFAFPFTI
CASSLWDASSYEQYF	INVFAFPFTI
CASSPDVAFF	INVFAFPFTI
CASSLPWAGVLNTEAFF	INVFAFPFTI
CASSPGHIQYF	INVFAFPFTI
CASSYNGGDGYTF	INVFAFPFTI
CASSLQGAHTEAFF	INVFAFPFTI
CASATGPEQYF	INVFAFPFTI
CSVERTGGSNEKLFF	INVFAFPFTI
CASSHGDTQYF	INVFAFPFTI
CSAREGATAPAPYEQYF	INVFAFPFTI
CASSPSGTYEQYF	INVFAFPFTI
CASTSQGANSPLHF	INVFAFPFTI
CASSGDSPYEQYF	INVFAFPFTI
CASSGLGYTF	INVFAFPFTI
CASSFSYEQYF	INVFAFPFTI
CASSPDLSYNEQFF	INVFAFPFTI
CASSLAGETQYF	INVFAFPFTI
CASSLVYEQYF	INVFAFPFTI
CASGLTAETQYF	INVFAFPFTI
CASSFTDTQYF	INVFAFPFTI
CASSFDGTQYF	INVFAFPFTI
CATSLLETQYF	INVFAFPFTI
CASSSTGGSTDTQYF	INVFAFPFTI
CASSQVDRGPYGYTF	INVFAFPFTI
CSVERGRGYEQYF	INVFAFPFTI
CASSQEYGSRYEQYF	INVFAFPFTI
CASSLGDEKLFF	INVFAFPFTI
CASSHGNSPLHF	INVFAFPFTI
CASGTSVNIQYF	INVFAFPFTI
CSANLAQETQYF	INVFAFPFTI
CASSPPGTGELFF	INVFAFPFTI
CSVRRDGDYEQYF	INVFAFPFTI
CASKGLAGGTDTQYF	INVFAFPFTI
CASSSGTGIDEQFF	INVFAFPFTI
CASSLSGETQYF	INVFAFPFTI
CASSFLEKLFF	INVFAFPFTI
CASSFRDNITDTQYF	INVFAFPFTI
CASSYSPLAGGDTQYF	INVFAFPFTI
CSVETGSKGNEQFF	INVFAFPFTI
CASSFKGTEAFF	INVFAFPFTI
CASSQEIASEPQHF	INVFAFPFTI
CASSENLEVTEAFF	INVFAFPFTI
CASSPTGYEQFF	INVFAFPFTI
CASSMTGVEQYF	INVFAFPFTI
CASSFTGNEQFF	INVFAFPFTI
CASSSSGEKLFF	INVFAFPFTI
CASSFSTEAFF	INVFAFPFTI
CASANDQGALGETQYF	INVFAFPFTI
CASSFAETQYF	INVFAFPFTI
CASSFPSNPDQFF	INVFAFPFTI
CTTDTQYF	INVFAFPFTI
CASSLGNLEFDEQYF	INVFAFPFTI
CASSYGQHEQYF	INVFAFPFTI
CASSFSGELFF	INVFAFPFTI
CSALYNEQFF	INVFAFPFTI
CASSPTGAEAFF	INVFAFPFTI
CASSQDGADASYEQYF	INVFAFPFTI
CSAPGLAVPYEQYF	INVFAFPFTI
CASSHTGEDYEQYF	INVFAFPFTI
CANWYRGYGYTF	INVFAFPFTI
CASSPSGNTIYF	INVFAFPFTI
CASSSSGNTIYF	INVFAFPFTI
CASALRTGGKLFF	INVFAFPFTI
CATSDSRHRGGSNQPQHF	INVFAFPFTI
CASSYEGSGAPTGELFF	INVFAFPFTI
CASSNRQQGSYEQYF	INVFAFPFTI
CSARDEATGNEKLFF	INVFAFPFTI
CASSEMGTENTGELFF	INVFAFPFTI
CASSPTGHEQYF	INVFAFPFTI
CASSFTGEGYTF	INVFAFPFTI
CASSWNTEAFF	INVFAFPFTI
CSAPSYNEQFF	INVFAFPFTI
CASSYGGRTGGSYNEQFF	INVFAFPFTI
CASSPAWGGTGLLAGGYEQYF	INVFAFPFTI
CASSPTEAFF	INVFAFPFTI
CASSQPSPEQYF	INVFAFPFTI
CASSPTGDEAFF	INVFAFPFTI
CATSDYTSGTYNEQFF	INVFAFPFTI
CASSFLEGIGTGELFF	INVFAFPFTI
CASSASEEQFF	INVFAFPFTI
CSARGHEPGVNTEAFF	INVFAFPFTI
CASSLGDEQYF	INVFAFPFTI
CASSYDRTGVDRPQETQYF	INVFAFPFTI
CASSSAGETQYF	INVFAFPFTI
CAISDHGDSGANVLTF	INVFAFPFTI
CSVVSDRGVDEQFF	INVFAFPFTI
CASSFSIEQYF	INVFAFPFTI
CASSPGSEQFF	INVFAFPFTI
CASSPREGGLGEKLFF	INVFAFPFTI
CSVEDGRRGHEQFF	INVFAFPFTI
CASGEHEQYF	INVFAFPFTI
CATSSVAAEQFF	INVFAFPFTI
CATSREDQETQYF	INVFAFPFTI
CASSSGTDSYEQYF	INVFAFPFTI
CASSTAAEAFF	INVFAFPFTI
CATQWTGEKLFF	INVFAFPFTI
CASSLSAAPTF	INVFAFPFTI
CASSLGPERNF	INVFAFPFTI
CASSASGNTDTQYF	INVFAFPFTI
CASRQKNTEAFF	INVFAFPFTI
CASSYSPGDSYEQYF	INVFAFPFTI
CASGGGGYTF	INVFAFPFTI
CSARDLPQGANYGYTF	INVFAFPFTI
CATSELGDEQYF	INVFAFPFTI
CASSTTGATQYF	INVFAFPFTI
CASSLASEQYF	INVFAFPFTI
CSANNGEETQYF	INVFAFPFTI
CASSSPDWNTQYF	INVFAFPFTI
CASSQGVRAYGYTF	INVFAFPFTI
CASSQDLVPEAFF	INVFAFPFTI
CASRSTSGSYEQYF	INVFAFPFTI
CASSFTSEQFF	INVFAFPFTI
CASSFSGEQYF	INVFAFPFTI
CASSPGGLYYGYTF	INVFAFPFTI
CSVISGGQTQYF	INVFAFPFTI
CASSPPKGEQYF	INVFAFPFTI
CASSFSYEQYF	INVFAFPFTI
CASRSGALEAFF	INVFAFPFTI
CAAGQGFYEQYF	INVFAFPFTI
CASGYTGVPFF	INVFAFPFTI
CSAREGHNKETQYF	INVFAFPFTI
CASSLMGETQYF	INVFAFPFTI
CASRQEGTAYEQYF	INVFAFPFTI
CASSLHFNEKLFF	INVFAFPFTI
CASSPDEAFF	INVFAFPFTI
CSAREGGVITEAFF	INVFAFPFTI
CASIGLAGTDTQYF	INVFAFPFTI
CASSSVAEQYF	INVFAFPFTI
CASSKGQSYNEQFF	INVFAFPFTI
CASSSGELFF	INVFAFPFTI
CSAVRSGSSYNEQFF	INVFAFPFTI
CASSTGAYGYTF	INVFAFPFTI
CASSQGSGRVLNTGELFF	INVFAFPFTI
CASSEAGGANEQFF	INVFAFPFTI
CASSYLGDTQYF	INVFAFPFTI
CASSGDSNEQYF	INVFAFPFTI
CASSLTESSYNEQFF	INVFAFPFTI
CSAVTSGGYFYEQYF	INVFAFPFTI
CASSYSLAGDNEQFF	INVFAFPFTI
CASSLADIQYF	INVFAFPFTI
CASSFLAGVSYEQYF	INVFAFPFTI
CATTGGNEQFF	INVFAFPFTI
CASSSTGAEQYF	INVFAFPFTI
CASSFPAGSSKGELFF	INVFAFPFTI
CASNDGNSPLHF	INVFAFPFTI
CSALRSGYTF	INVFAFPFTI
CASTGLDGTDTQYF	INVFAFPFTI
CASSSATEAFF	INVFAFPFTI
CASSQGLSGSLSSYEQYF	INVFAFPFTI
CASSLVTDGYTF	INVFAFPFTI
CASGPGLQGYTF	INVFAFPFTI
CASSFSYEQYF	INVFAFPFTI
CASSQGRGGVYEQYF	INVFAFPFTI
CASSLTGSEAFF	INVFAFPFTI
CASSFSPGELFF	INVFAFPFTI
CASSLSILGQYGEQFF	INVFAFPFTI
CASSPGTSGIYNEQFF	INVFAFPFTI
CASTPPNGLETQYF	INVFAFPFTI
CASSAPGGGEQFF	INVFAFPFTI
CASSQEGTSGAFF	INVFAFPFTI
CASSSQGGAFF	INVFAFPFTI
CASSPSGHEQFF	INVFAFPFTI
CASSLYTGGSLNEKLFF	INVFAFPFTI
CASSLAVGNLQPQHF	INVFAFPFTI
CASSPSGNTIYF	INVFAFPFTI
CASSQELTGELFF	INVFAFPFTI
CASSLKGLAGAF	INVFAFPFTI
CASSGSGETQYF	INVFAFPFTI
CSAVTGDNEQYF	INVFAFPFTI
CSAPVKGAANQPQHF	INVFAFPFTI
CASSLSIGGGDTQYF	INVFAFPFTI
CASSPHGQNYEQYF	INVFAFPFTI
CASSFTGREQYF	INVFAFPFTI
CASTLSGGALDTQYF	INVFAFPFTI
CASSQGNYEQYF	INVFAFPFTI
CASSTSGNSPLHF	INVFAFPFTI
CASSPSGAEQFF	INVFAFPFTI
CASSPNEEAFF	INVFAFPFTI
CASSQVGETQYF	INVFAFPFTI
CAARNGLYEQYF	INVFAFPFTI
CSVEKGQGHEQYF	INVFAFPFTI
CASSAFQRPGYTF	INVFAFPFTI
CASSPPTSEQYF	INVFAFPFTI
CASSETNF	INVFAFPFTI
