CDR3	AA
CASSFVDISSGRAMEETQYF	NYSGVVTTVMF
CASSVMAATGGGGTQGEQFF	NYSGVVTTVMF
CASSLRGNYGYTF	NYSGVVTTVMF
CASTLALVPNNQPQHF	NYSGVVTTVMF
CASSQVGGRTEAFF	NYSGVVTTVMF
CASSARTGRYEQYF	NYSGVVTTVMF
CASSQRPYEQYF	NYSGVVTTVMF
CASKQGLAGGGSYNEQFF	NYSGVVTTVMF
CASSQVGFSYEQYF	NYSGVVTTVMF
CASSQDIIVNTEAFF	NYSGVVTTVMF
CASSQEQDETYEQYF	NYSGVVTTVMF
CASSYTPLAEAITDTQYF	NYSGVVTTVMF
CASSLRGDLAGADTQYF	NYSGVVTTVMF
CASSPTEDLELSYEQYF	NYSGVVTTVMF
CASSITDNTEAFF	NYSGVVTTVMF
CASSYDVGKAIDPLQETQYF	NYSGVVTTVMF
CASSLSGTSAETQYF	NYSGVVTTVMF
CASSFGTDYNSPLHF	NYSGVVTTVMF
CASSIWHRDIPSF	NYSGVVTTVMF
CASSFLGQGNGYTF	NYSGVVTTVMF
CATSDWGTAANTGELFF	NYSGVVTTVMF
CASSERATYNEQFF	NYSGVVTTVMF
CAIRGSDDEQFF	NYSGVVTTVMF
CASRDGNTGELFF	NYSGVVTTVMF
CASSLAGVYSYNEQFF	NYSGVVTTVMF
CASSLRTANYEQYF	NYSGVVTTVMF
CASSSGTANNEQFF	NYSGVVTTVMF
