CDR3	AA
CASRFVRDNDTQYF	IAMACLVGLM
CASSEGYRENTGELFF	IAMACLVGLM
CATSRDKSGIGYEQYF	IAMACLVGLM
CASSQDSSLAGYEQYF	IAMACLVGLM
CASSYTSEGSYEQYF	IAMACLVGLM
CASSARLLGTGSYEQYF	IAMACLVGLM
CASSDYGLAATDTQYF	IAMACLVGLM
CASSATGGPSETQYF	IAMACLVGLM
CASSQLDRGNTEAFF	IAMACLVGLM
CASSTETVFYGYTF	IAMACLVGLM
CSVEGRRPYEQYF	IAMACLVGLM
CASSPAARGNTIYF	IAMACLVGLM
CASSLLTGMSSYEQYF	IAMACLVGLM
CSVEGMVGNEQFF	IAMACLVGLM
CASSLGPERIDTQYF	IAMACLVGLM
CASIRTGAGEQFF	IAMACLVGLM
CASSPGTSGWSADTQYF	IAMACLVGLM
CASSILGEGQNEQFF	IAMACLVGLM
CASSYSETYEQYF	IAMACLVGLM
CASSYTDSNQPQHF	IAMACLVGLM
CASSYSGSYEQYF	IAMACLVGLM
CASSQDRVPNEQFF	IAMACLVGLM
CASSQDEKRTYQETQYF	IAMACLVGLM
CASSYSGSYEQYF	IAMACLVGLM
CASSSPDKFYEQYF	IAMACLVGLM
CASSLHPVDTIYF	IAMACLVGLM
CASSDSTYEQYF	IAMACLVGLM
CASSQGGAGNEQFF	IAMACLVGLM
CASSQHDSGALRFSEQFF	IAMACLVGLM
CASSAGQLGIGTEAFF	IAMACLVGLM
CSAGVSFGRRTGELFF	IAMACLVGLM
CASSPEGTYEQYF	IAMACLVGLM
CASTTGASNQPQHF	IAMACLVGLM
CASSPIGIYNEQFF	IAMACLVGLM
CASDRGGRMSSYNEQFF	IAMACLVGLM
CDDTGTGELFF	IAMACLVGLM
CASSLNQPEDYNSPLHF	IAMACLVGLM
CASSQAASYNEQFF	IAMACLVGLM
CASSYATSEAYEQYF	IAMACLVGLM
CASSYSRSNQPQHF	IAMACLVGLM
CASSFPREGDEQYF	IAMACLVGLM
CASSQEVPGSYEQYF	IAMACLVGLM
CASSQGGAYNEQFF	IAMACLVGLM
CASSHGGAYNEQFF	IAMACLVGLM
CASSQQHSQETQYF	IAMACLVGLM
CASSRETAYNEQFF	IAMACLVGLM
CSASPKMDRGLPYEQYF	IAMACLVGLM
CASSRPGGAYNEQFF	IAMACLVGLM
CASSVARQAPNTGELFF	IAMACLVGLM
CASSQEGLAGGADTQYF	IAMACLVGLM
CASSWGFSGANVLTF	IAMACLVGLM
