CDR3	AA
CASSEVGSRQPQHF	GTHWFVTQR
CASRDSYGYTF	GTHWFVTQR
CSAALGTDEQFF	GTHWFVTQR
CASSNRDGMNTEAFF	GTHWFVTQR
CASSVDGTGGVTTEAFF	GTHWFVTQR
CASSSISGFDLYTQYF	GTHWFVTQR
CASLSPGTSDNEQFF	GTHWFVTQR
CASSEFPGGTSQPQHF	GTHWFVTQR
CASILSGSVMDTQYF	GTHWFVTQR
CATSRGREDNQPQHF	GTHWFVTQR
CASSQEARGTGELFF	GTHWFVTQR
CASSVGAAYNEQFF	GTHWFVTQR
CASSSDSPYEQYF	GTHWFVTQR
CASRGHRPYGYTF	GTHWFVTQR
CASSWPGGSNTGELFF	GTHWFVTQR
CASSQDPHGPTRKNIQYF	GTHWFVTQR
CASSSTAIGNTIYF	GTHWFVTQR
CATLDRPYEQYF	GTHWFVTQR
CASSLTSGETDTQYF	GTHWFVTQR
CSASGTYTGELFF	GTHWFVTQR
CASSGVSPQETQYF	GTHWFVTQR
CASSDYGTGASYGYTF	GTHWFVTQR
CASRDSPSSYEQYF	GTHWFVTQR
CASSEARGGNEQFF	GTHWFVTQR
CASSWGRDGELFF	GTHWFVTQR
CASSLVGLASNEQFF	GTHWFVTQR
CSVEAGGGTEAFF	GTHWFVTQR
CASSYSISNEKLFF	GTHWFVTQR
CASSDSRGGEKLFF	GTHWFVTQR
CASSPATPSYEQYF	GTHWFVTQR
