CDR3	AA
CASSLSSTRIVAGANYNEQFF	EILDITPCSF
CAWTSGYEQYF	EILDITPCSF
CASSPRGTSSYEQYF	EILDITPCSF
CASSLDTSGRLGGSMAEQFF	EILDITPCSF
CASSQRSGVNTEAFF	EILDITPCSF
CASSLPLTGLNTEAFF	EILDITPCSF
CASSLLWTGQETQYF	EILDITPCSF
CASSLTSASYEQYF	EILDITPCSF
CASSESWTSGRGEQYF	EILDITPCSF
CASSLALGIEQFF	EILDITPCSF
CASSLGHPYNEQFF	EILDITPCSF
CASRMDRNYAEQYF	EILDITPCSF
CASSFLAGGQDEQFF	EILDITPCSF
CASSDVHGYTF	EILDITPCSF
CASRPRITTGGATGELFF	EILDITPCSF
CASSPRESYEQYF	EILDITPCSF
CASSPTRQGANEQFF	EILDITPCSF
CASSLASGAQGEQFF	EILDITPCSF
CASSPTRGGTEAFF	EILDITPCSF
CASSHPVDTHYGYTF	EILDITPCSF
CASRDRSSYEQYF	EILDITPCSF
CASSLGAPKSGNYGYTF	EILDITPCSF
CASSFRGGEQFF	EILDITPCSF
CASSLGPTAPLHF	EILDITPCSF
CASSQEAGRTGELFF	EILDITPCSF
CASSFGIAATGELFF	EILDITPCSF
CASSFGAGSTGELFF	EILDITPCSF
CASSFYRQGSDTQYF	EILDITPCSF
CASRVTGTFF	EILDITPCSF
CASSWGGGEQYF	EILDITPCSF
CASTDTSGSYEQYF	EILDITPCSF
CASSFLRTSGYNEQFF	EILDITPCSF
CSVGGQNTGELFF	EILDITPCSF
CASREKISYEQYF	EILDITPCSF
CASFEGVGLGEAFF	EILDITPCSF
CASSQGTLSYEQYF	EILDITPCSF
CASSSISSYEQYF	EILDITPCSF
CASTGGPYSNYNEQFF	EILDITPCSF
CASSSARQGSQPQHF	EILDITPCSF
CASSLPPTALNTEAFF	EILDITPCSF
CASSLGGGPTGELFF	EILDITPCSF
CASSFEWTEAFF	EILDITPCSF
CASSTRPTEMNTEAFF	EILDITPCSF
CSVVRTSGSYEQYF	EILDITPCSF
CATRADPYNEQFF	EILDITPCSF
CASSQDRGGNEKLFF	EILDITPCSF
CATSSAEGETQYF	EILDITPCSF
CASSERRGSSYNEQFF	EILDITPCSF
CASSNFPDTSGAHNEQFF	EILDITPCSF
CASGLVVTSAHNEQFF	EILDITPCSF
CASSLARQGWGTQYF	EILDITPCSF
CASSKGIQGSDYGYTF	EILDITPCSF
CASSPLGGGSEQYF	EILDITPCSF
CATRDREGQPQHF	EILDITPCSF
CASSPGLAVTDTQYF	EILDITPCSF
CASSLSRTSQETQYF	EILDITPCSF
CSARVRPTEDTDTQYF	EILDITPCSF
CATSDLQGGTQYF	EILDITPCSF
CASSIGDNTDTQYF	EILDITPCSF
CASSQASPGYEQYF	EILDITPCSF
