CDR3	AA
CSARDQADSYEQYF	LEYHDVRVV
CASSLDTPNQPQHF	LEYHDVRVV
CASSKAPITKTSGRPLSSYNEQFF	LEYHDVRVV
CSAQDVDMSSYEQYF	LEYHDVRVV
CASSYWTSGRSYEQYF	LEYHDVRVV
CSTRGTLAGGGDTQYF	LEYHDVRVV
CASSLVKVGQGPNYEQYF	LEYHDVRVV
CSAARAGGSYNEQFF	LEYHDVRVV
CASRRLADSYEQYF	LEYHDVRVV
CSVGLAGGPYEQYF	LEYHDVRVV
CSVRLTGNMNTEAFF	LEYHDVRVV
CSVDQGIFEAFF	LEYHDVRVV
CASSLAGGGEAFF	LEYHDVRVV
CSVEEPGVREVYEQYF	LEYHDVRVV
CSVGLAGGPDTQYF	LEYHDVRVV
CSVGLAGGPNEQFF	LEYHDVRVV
CSVGVAGSSYEQYF	LEYHDVRVV
CATSDSAGYYGYTF	LEYHDVRVV
CSVGVAGGFGNEQFF	LEYHDVRVV
CASSLDGSPEAFF	LEYHDVRVV
CASSDSDLAGGPQETQYF	LEYHDVRVV
CASSLFGLNQPQHF	LEYHDVRVV
CSVAAGGNTEAFF	LEYHDVRVV
CSVVANYYEQYF	LEYHDVRVV
CAISELVIRDHNEQFF	LEYHDVRVV
CASSDGQGTAFTDTQYF	LEYHDVRVV
CASSLPTNLRTETNYGYTF	LEYHDVRVV
CASSERDSWNYGYTF	LEYHDVRVV
CSVALAGGPNEQFF	LEYHDVRVV
CASSPVWKSFESTDTQYF	LEYHDVRVV
CASSLLGDPDTQYF	LEYHDVRVV
CSVDLEVMTDTQYF	LEYHDVRVV
CASSSAKNMAKISWGYEQYF	LEYHDVRVV
CASSQDRQGKNQPQHF	LEYHDVRVV
CSVSTGGYYEQYF	LEYHDVRVV
CATSRVGSRTEAFF	LEYHDVRVV
CASSYSDNNEQFF	LEYHDVRVV
CSGALAGGPSNEQYF	LEYHDVRVV
CSVETGSYNEQFF	LEYHDVRVV
CASSYGAYNEQFF	LEYHDVRVV
CATSTGDAVGNTIYF	LEYHDVRVV
CASKPGQGKQYF	LEYHDVRVV
CSARVTNTEAFF	LEYHDVRVV
CASSFWIPSTNSPLHF	LEYHDVRVV
CASLGTGVHNEQFF	LEYHDVRVV
CASSLDAAPETQYF	LEYHDVRVV
CASTTGGATQETQYF	LEYHDVRVV
CASSLSGNTEAFF	LEYHDVRVV
CSVLSGSYNEQFF	LEYHDVRVV
CASSAGGYNEQFF	LEYHDVRVV
CSVEISGTSYNEQFF	LEYHDVRVV
CASGGTGAGEQYF	LEYHDVRVV
CSAQAAGGSTDTQYF	LEYHDVRVV
CAISESGLAGPNEQFF	LEYHDVRVV
CASSEFGLGAEAFF	LEYHDVRVV
CASSEYEAYSGNTIYF	LEYHDVRVV
CASSRGSGVRTGELFF	LEYHDVRVV
CASAGLNTEAFF	LEYHDVRVV
CSVGASGRAGETQYF	LEYHDVRVV
CASSQDYYNEQFF	LEYHDVRVV
CASSSAGWDEQFF	LEYHDVRVV
CSARDRSQPQHF	LEYHDVRVV
CASSQDRTWGNSPLHF	LEYHDVRVV
CASSLRGVAAEAFF	LEYHDVRVV
CASSYTDRSEQFF	LEYHDVRVV
CSVAASGISTDTQYF	LEYHDVRVV
CSVRQARTSYNEQFF	LEYHDVRVV
CSVGTAYEQYF	LEYHDVRVV
CASSEDRSSYNEQFF	LEYHDVRVV
CASSRGPYNEQFF	LEYHDVRVV
CSVEVPGLAGARNEQFF	LEYHDVRVV
CASSLENYEQYF	LEYHDVRVV
CASIGGVNTEAFF	LEYHDVRVV
CASSTTDRSEAFF	LEYHDVRVV
CASSQDGTLSYNEQFF	LEYHDVRVV
CATSRVDNEQFF	LEYHDVRVV
CSVAQTGGSYNEQFF	LEYHDVRVV
CASSLVPTGGNSPLHF	LEYHDVRVV
CSARGMERNTEAFF	LEYHDVRVV
CSVGLAGGPYEQYF	LEYHDVRVV
CSVGPGPYEQYF	LEYHDVRVV
CASSVPVTLSGANVLTF	LEYHDVRVV
CASSAVDGEEETQYF	LEYHDVRVV
CASSLGGTGLTIRTSYEQYF	LEYHDVRVV
CSARSRDSFVADTQYF	LEYHDVRVV
CASSGTGVEQYF	LEYHDVRVV
CSVGYAGGVNNEQFF	LEYHDVRVV
CASSPTWTGEKLFF	LEYHDVRVV
CSVGATGGSYNEQFF	LEYHDVRVV
CSVELAGGPGNEQFF	LEYHDVRVV
CSVAEVGGVSYGYTF	LEYHDVRVV
CSARDLVAGAEWTQYF	LEYHDVRVV
CSVAETGTPSGANVLTF	LEYHDVRVV
CASSWGLANQPQHF	LEYHDVRVV
CASSQRREGSYEQYF	LEYHDVRVV
CASSEIGAEGVEAFF	LEYHDVRVV
CSVQLAGGADTQYF	LEYHDVRVV
CSASFGYEQYF	LEYHDVRVV
CASRTVYNEQFF	LEYHDVRVV
CASSPSGAGELFF	LEYHDVRVV
CSVGAGPYEQYF	LEYHDVRVV
CASPNLGWTHTQYF	LEYHDVRVV
CASSEGQFNTEAFF	LEYHDVRVV
CASSVEGGSSSYEQYF	LEYHDVRVV
CSVSLSGRATDTQYF	LEYHDVRVV
CASSPTLSSDSYNEQFF	LEYHDVRVV
CSVVRTMNTEAFF	LEYHDVRVV
CSVEWPGLAGAKTYEQYF	LEYHDVRVV
CASSQDYRGWSYNEQFF	LEYHDVRVV
CASSIQDANQPQHF	LEYHDVRVV
CSARPQGTTGELFF	LEYHDVRVV
CASSLDRGAYNEQFF	LEYHDVRVV
CSARDTLSYEQYF	LEYHDVRVV
CSARDTTRDWTDTQYF	LEYHDVRVV
CSAREGLASYEQYF	LEYHDVRVV
CSVALAGGADTQYF	LEYHDVRVV
CASSQDSPRTSRRDNEQFF	LEYHDVRVV
CSVGVSGSSYEQYF	LEYHDVRVV
CASSLSRLAGAPDNEQFF	LEYHDVRVV
CAWSAGGNTEAFF	LEYHDVRVV
CASRSESSGNLYNEQFF	LEYHDVRVV
CASSQAGFQETQYF	LEYHDVRVV
CASAGTSGTTDTQYF	LEYHDVRVV
CSVASTGTRGETQYF	LEYHDVRVV
CSGWTSSYTQYF	LEYHDVRVV
CASSTGVKREDSYNEQFF	LEYHDVRVV
CASSREGEKLFF	LEYHDVRVV
CASSQGLYRDTEAFF	LEYHDVRVV
CASSQDYDSISGELFF	LEYHDVRVV
CASSLSGTRGRNEQFF	LEYHDVRVV
CSVGLAGGQSSYEQYF	LEYHDVRVV
CSVSPTDPPYEQYF	LEYHDVRVV
CSARDGTTYEQYF	LEYHDVRVV
CASSQDGLGANEKLFF	LEYHDVRVV
CSAGLAGGPYEQYF	LEYHDVRVV
CASSFSPLRDSYQPQHF	LEYHDVRVV
CASSDSISYEQYF	LEYHDVRVV
CASSYTDRGELFF	LEYHDVRVV
CASSPDSTGELFF	LEYHDVRVV
CSVGLAGGPGEQFF	LEYHDVRVV
CASTLGQGDTGELFF	LEYHDVRVV
CASSDPGLAGMETQYF	LEYHDVRVV
CASSQEPRFGETQYF	LEYHDVRVV
CASSPSWDFASYEQYF	LEYHDVRVV
CASSLEGQGPTWETQYF	LEYHDVRVV
CASRSRADYGYTF	LEYHDVRVV
CASSQGVTGRPYEQYF	LEYHDVRVV
CASSQEHPYNEQFF	LEYHDVRVV
CSAAYRTRDVNYGYTF	LEYHDVRVV
CSFGLAGGPDEQFF	LEYHDVRVV
CASSIPGQGGPGELFF	LEYHDVRVV
CASSFVITSTDTQYF	LEYHDVRVV
CASSPAVTYEQYF	LEYHDVRVV
CATSDLVEAGTDTQYF	LEYHDVRVV
CSVVDTEPTNYGYTF	LEYHDVRVV
CASSYDYSYEQYF	LEYHDVRVV
CASSLIAGGADEMDYGYTF	LEYHDVRVV
CASSLGGEETQYF	LEYHDVRVV
CSASVERPYAPDTQYF	LEYHDVRVV
CSAREWSGGFYEQYF	LEYHDVRVV
CASSEGSSTNEKLFF	LEYHDVRVV
CASSPGQGYNEQFF	LEYHDVRVV
CSVEEAGMGYEQYF	LEYHDVRVV
CASSPGFDNEQFF	LEYHDVRVV
CASSQGPKSGGGEQFF	LEYHDVRVV
CASSVGSGRRYNEQFF	LEYHDVRVV
CASRQGRQMNTEAFF	LEYHDVRVV
CSVEAGAGYNEQFF	LEYHDVRVV
CSVGTAYEQYF	LEYHDVRVV
CASSYLGNEQFF	LEYHDVRVV
CASTNFGSGGGIYEQYF	LEYHDVRVV
CASPLGDQSTDTQYF	LEYHDVRVV
CASSQALSGLDEQFF	LEYHDVRVV
CSARNRNQPQHF	LEYHDVRVV
CSVGLSGGSGNTIYF	LEYHDVRVV
CASSQGFRDIMNTEAFF	LEYHDVRVV
CASSMWQTDEAFF	LEYHDVRVV
CASSQELSYEQYF	LEYHDVRVV
CASGALGNEQFF	LEYHDVRVV
CASSPGGYNEQFF	LEYHDVRVV
CASSLTGPDNYGYTF	LEYHDVRVV
CSVEISSYNEQFF	LEYHDVRVV
CASGTGLYYNEQFF	LEYHDVRVV
CASSGGTGVYEQYF	LEYHDVRVV
CASSLPRAGDLETQYF	LEYHDVRVV
CASSQDLSTDTQYF	LEYHDVRVV
CASSLTLGTTMGGELFF	LEYHDVRVV
CASSQDQGDRGNPGTF	LEYHDVRVV
CSCRETGGAEAFF	LEYHDVRVV
CSVTETGGGYNEQFF	LEYHDVRVV
CSGAESGSYNEQFF	LEYHDVRVV
CASSPLTGPADTQYF	LEYHDVRVV
CASSILADHSYNEQFF	LEYHDVRVV
CASSLYGGTNTGELFF	LEYHDVRVV
CASSFGLAGSYNEQFF	LEYHDVRVV
CAISGGQNSSYEQYF	LEYHDVRVV
CSVALSGSYNEQFF	LEYHDVRVV
CASSLPHSYEQYF	LEYHDVRVV
CASSQNEKTGNEKLFF	LEYHDVRVV
CASSRGQGAGNQPQHF	LEYHDVRVV
CASGGSGELFF	LEYHDVRVV
CASSPGTSVGDTQYF	LEYHDVRVV
CASSFPDQETQYF	LEYHDVRVV
CSVAPTGQGSSYEQYF	LEYHDVRVV
CASSGGAAGELFF	LEYHDVRVV
CASSLGSRAYNEQFF	LEYHDVRVV
CASSEGGRGDTQYF	LEYHDVRVV
CSVERASTDTQYF	LEYHDVRVV
CSDSLAGGPNEQFF	LEYHDVRVV
CASSLAGGISNQPQHF	LEYHDVRVV
CASSRTPTPDTFQEELFF	LEYHDVRVV
CSVEWVYNEQFF	LEYHDVRVV
CASSLDLGDGYEQYF	LEYHDVRVV
CASSLGFMEGLNTEAFF	LEYHDVRVV
CSVGLAESSYEQYF	LEYHDVRVV
CSVAITGITNEKLFF	LEYHDVRVV
CSAREEANTEAFF	LEYHDVRVV
CASSPTGAGELFF	LEYHDVRVV
CASSQRSVAHEQYF	LEYHDVRVV
CSVDRTSRETQYF	LEYHDVRVV
CASSTRQISYEQYF	LEYHDVRVV
CAWSVPPDTQYF	LEYHDVRVV
CSVAPSGGSYNEQFF	LEYHDVRVV
CASSESRELFHEQYF	LEYHDVRVV
CASSYEPGVLMNTEAFF	LEYHDVRVV
CATSTPWETDYEQYF	LEYHDVRVV
CASSPSLTGSVNTEAFF	LEYHDVRVV
CASSLYSYNEQFF	LEYHDVRVV
CSVRLSDSLGTEAFF	LEYHDVRVV
CSVAPSGGRTDTQYF	LEYHDVRVV
CASRESGSKRNEQFF	LEYHDVRVV
CASSEEDSYSYEQYF	LEYHDVRVV
CASSQFRGESFSNQPQHF	LEYHDVRVV
CASTGHYTDTQYF	LEYHDVRVV
CSARTSGVSTDTQYF	LEYHDVRVV
CASSVPGTGGEIDYNEQFF	LEYHDVRVV
CASSLFYNSPLHF	LEYHDVRVV
CASAVSGTSTDTQYF	LEYHDVRVV
CASSLGRYNTDTQYF	LEYHDVRVV
CASSQDPRVGEKLFF	LEYHDVRVV
CASSTDPRINSYNEQFF	LEYHDVRVV
CSVARTGVFTDTQYF	LEYHDVRVV
CASSEGAGQPQHF	LEYHDVRVV
CASSLGPTDTQYF	LEYHDVRVV
CSVEFLGDIYNEQFF	LEYHDVRVV
CASSPEGQGGTGELFF	LEYHDVRVV
CASSYLLDRAYEQYF	LEYHDVRVV
CASSSTPGTTNQPQHF	LEYHDVRVV
CATSEGTRLTDTQYF	LEYHDVRVV
CASSVAMSMGPTGELFF	LEYHDVRVV
CASSESTSTDTQYF	LEYHDVRVV
CSARDQGSSYEQYF	LEYHDVRVV
CSAMGFEEASYEQYF	LEYHDVRVV
CASSEKGWVGYGYTF	LEYHDVRVV
CATVGQGSDEQFF	LEYHDVRVV
CASSGRDSSYEQYF	LEYHDVRVV
CASSQGDLRGDEQFF	LEYHDVRVV
CASSQEASGGASGANVLTF	LEYHDVRVV
CASSSSDRGELFF	LEYHDVRVV
CSVGPSGSSYEQYF	LEYHDVRVV
CASSLEAVGTEAFF	LEYHDVRVV
CASSSEVSYNEQFF	LEYHDVRVV
CASSEPKETQYF	LEYHDVRVV
CASSHLSGTNRNTGELFF	LEYHDVRVV
CASSVGASGGETQYF	LEYHDVRVV
CATSRDGYTEAFF	LEYHDVRVV
CASGTDFNTGELFF	LEYHDVRVV
CSVEEAGVGFEQFF	LEYHDVRVV
CASSPYRGDRVSDEQFF	LEYHDVRVV
CSVGLAGGPYEQFF	LEYHDVRVV
CASSSGQGGKNTGELFF	LEYHDVRVV
CSVEYRGGRNEQYF	LEYHDVRVV
CASIDDRGLETQYF	LEYHDVRVV
CASSQLAPVNSYEQYF	LEYHDVRVV
CASSFFSTGTPDGEKLFF	LEYHDVRVV
CASSPGQRLDNEQFF	LEYHDVRVV
CASSQDRSYNEQFF	LEYHDVRVV
CSVAETEGTEAFF	LEYHDVRVV
CASSAREYSYEQYF	LEYHDVRVV
CSVALAGGPHEQFF	LEYHDVRVV
CASSESKQGASYNEQFF	LEYHDVRVV
CSVKERTDTQYF	LEYHDVRVV
CSVAPTGGPGNTIYF	LEYHDVRVV
CASSLWAGSQPQHF	LEYHDVRVV
CASSIPDGELIGKLFF	LEYHDVRVV
CASSTLTGVSYEQYF	LEYHDVRVV
CASSPGTSTDTQYF	LEYHDVRVV
CASTDGQGIEAFF	LEYHDVRVV
CASSFPGQSGEKLFF	LEYHDVRVV
CASSPGQGHNQPQHF	LEYHDVRVV
CASSDQLAGINNEQFF	LEYHDVRVV
CSVSYSGTATDTQYF	LEYHDVRVV
CASSLWGPTNEKLFF	LEYHDVRVV
CASSGDRPEADTQYF	LEYHDVRVV
CSVEIASVYEQYF	LEYHDVRVV
CSVAPTGQGSSYEQYF	LEYHDVRVV
CASLGFSYNEQFF	LEYHDVRVV
CASNEAAASGLQETQYF	LEYHDVRVV
CASSTENFRGQNTGELFF	LEYHDVRVV
CSVALAGPYEQYF	LEYHDVRVV
CASSLGRGGNEQFF	LEYHDVRVV
CASSESVGAQYNEQFF	LEYHDVRVV
CASSLERPPRETQYF	LEYHDVRVV
CSVRDTGVKGTEAFF	LEYHDVRVV
CASSFLAGGKDTQYF	LEYHDVRVV
CASSQGVTSGIGTGELFF	LEYHDVRVV
CSARGEGLREQFF	LEYHDVRVV
CATSDLYAGGWETQYF	LEYHDVRVV
CSVEAGGNQPQHF	LEYHDVRVV
CSVKHTSERGDEQFF	LEYHDVRVV
CSARLTGVMNTEAFF	LEYHDVRVV
CASSYLEAPGGEQFF	LEYHDVRVV
CASSQDIAGTGVETQYF	LEYHDVRVV
CASSPQRTSTDTQYF	LEYHDVRVV
CASSAPLREAYNEQFF	LEYHDVRVV
CASSQSNAREQFF	LEYHDVRVV
CASSATDRNEQFF	LEYHDVRVV
CSVGLAGGLGNEQFF	LEYHDVRVV
CASSPAGEITYEQYF	LEYHDVRVV
CASSPRTSDERYEQYF	LEYHDVRVV
CASSDGELFF	LEYHDVRVV
CSVEYAGGSYNEQFF	LEYHDVRVV
CASSQTIGQVNQPQHF	LEYHDVRVV
CASSLWVASGLYEQYF	LEYHDVRVV
CASRTSGRARETQYF	LEYHDVRVV
CASSLVLQGSYNEQFF	LEYHDVRVV
CASSPIRGAQPQHF	LEYHDVRVV
CSVGETGTAGTEAFF	LEYHDVRVV
CASSSVRDRELGGYTF	LEYHDVRVV
CSAQLAGTSTDTQYF	LEYHDVRVV
CASSPASKAGANVLTF	LEYHDVRVV
CASSPDRGGWAFF	LEYHDVRVV
CASSLTRGQGYEQYF	LEYHDVRVV
GRDQETQYF	LEYHDVRVV
CASSYSDDGRDTQYF	LEYHDVRVV
CSVGLAGGPYEQYF	LEYHDVRVV
CSGRATGTMNTEAFF	LEYHDVRVV
CASSPLSGSSYNEQFF	LEYHDVRVV
CASPLGQGAITDTQYF	LEYHDVRVV
CASSGDSPFSYNEQFF	LEYHDVRVV
CSVEDPGTDPVYGYTF	LEYHDVRVV
CSARDPSYEQYF	LEYHDVRVV
CATSRVDSEAFF	LEYHDVRVV
CASSSGTVNTGELFF	LEYHDVRVV
CASSKDFGTEAFF	LEYHDVRVV
CSVGTSGSDYEQYF	LEYHDVRVV
CASSQDWGSYNEQFF	LEYHDVRVV
CAWEGQGWSGELFF	LEYHDVRVV
CASSSSQRFDDTQYF	LEYHDVRVV
CSVAASGTSYNEQFF	LEYHDVRVV
CASSFIGPGGGWTDTQYF	LEYHDVRVV
CSARGPFVAYSTDTQYF	LEYHDVRVV
CATSTGSYNNEQFF	LEYHDVRVV
CASRQERERSEQFF	LEYHDVRVV
CSVALAGGTYNEQFF	LEYHDVRVV
CASSLAAGSYEQYF	LEYHDVRVV
CASSFYSSGGAEGEQFF	LEYHDVRVV
CASSFVLNTEAFF	LEYHDVRVV
CASSWNYNEQFF	LEYHDVRVV
CSVEVPPPPYEQYF	LEYHDVRVV
CATSRVDTEAFF	LEYHDVRVV
