CDR3	AA
CSVIETEVYEQYF	EDFLEYHDVR
CASSPETPYNEQFF	EDFLEYHDVR
CASGTDFNTGELFF	EDFLEYHDVR
CSAREGTISYEQYF	EDFLEYHDVR
CASSLPLQETQYF	EDFLEYHDVR
CASIGAYNEQFF	EDFLEYHDVR
CSVAASGISTDTQYF	EDFLEYHDVR
CSAPPVAGVGDTQYF	EDFLEYHDVR
CSAWGMNTEAFF	EDFLEYHDVR
CASSLSAGAYEQYF	EDFLEYHDVR
CSAKASGGITDTQYF	EDFLEYHDVR
CASSQDGTLYTEAFF	EDFLEYHDVR
CAISRPGQGSSYNEQFF	EDFLEYHDVR
CASSPPTVRGVDTQYF	EDFLEYHDVR
CSVVSSTSYEQYF	EDFLEYHDVR
CSAGLAGGYTGELFF	EDFLEYHDVR
CSVVKTGTSTDTQYF	EDFLEYHDVR
CASSPPLGVQETQYF	EDFLEYHDVR
CAWSVGKRLGEPEAFF	EDFLEYHDVR
CASSLYRNEQFF	EDFLEYHDVR
CASSPISATGELFF	EDFLEYHDVR
CASSHLSGTNRNTGELFF	EDFLEYHDVR
CSVALAGGADTQYF	EDFLEYHDVR
CASRESGSKRNEQFF	EDFLEYHDVR
CSVGLVGGADAGELFF	EDFLEYHDVR
CASSPYEGQAREAFF	EDFLEYHDVR
CASSFPGQGRKQETQYF	EDFLEYHDVR
CAWSVLAGGEQYF	EDFLEYHDVR
CASSRMGFGYEQYF	EDFLEYHDVR
CSVASTGSSTDTQYF	EDFLEYHDVR
CASSVEQWPGNTIYF	EDFLEYHDVR
CASSGRAHNEQFF	EDFLEYHDVR
CSVSLAGGSYNEQFF	EDFLEYHDVR
CSARPGGFTEAFF	EDFLEYHDVR
CSARDAGTSYEQYF	EDFLEYHDVR
CASSRTDSYNEQFF	EDFLEYHDVR
CSVEYAGGSYNEQFF	EDFLEYHDVR
CASSGAFPSTGELFF	EDFLEYHDVR
CASSWSGTSTDTQYF	EDFLEYHDVR
CSVRAGGNTGELFF	EDFLEYHDVR
CASSWRLAANEQFF	EDFLEYHDVR
CSARDQGSSYEQYF	EDFLEYHDVR
CASSYTDRGELFF	EDFLEYHDVR
CSVVSASSYEQYF	EDFLEYHDVR
CASSPGPNDEQYF	EDFLEYHDVR
CASSPSGSYEQYF	EDFLEYHDVR
CSVAETEGTEAFF	EDFLEYHDVR
CSVSTGGYYEQYF	EDFLEYHDVR
CASSPEGSYNEQFF	EDFLEYHDVR
CASSSLAGDYNEQFF	EDFLEYHDVR
CSVALAGGPNEQFF	EDFLEYHDVR
CSVGETGGSHDEQYF	EDFLEYHDVR
CASGTTGGAETQYF	EDFLEYHDVR
CSVGLAGGPVNEQFF	EDFLEYHDVR
CASSLAGVRPGAGGELFF	EDFLEYHDVR
CASSQEIDISYNEQFF	EDFLEYHDVR
CSGGEINYGYTF	EDFLEYHDVR
CASSFSTQRGYVYNEQFF	EDFLEYHDVR
CSVALTGTMNTEAFF	EDFLEYHDVR
CASSQEWRTLLEDQYF	EDFLEYHDVR
CASSREGEKLFF	EDFLEYHDVR
CAWSVPPDTQYF	EDFLEYHDVR
CASSLARTYNEKLFF	EDFLEYHDVR
CASSHSQRAGVYEKLFF	EDFLEYHDVR
CASSPSDRGLDEQYF	EDFLEYHDVR
CSVTETGGGYNEQFF	EDFLEYHDVR
CSVKTVGQANTEAFF	EDFLEYHDVR
CSVEEFGLAGSTDTQYF	EDFLEYHDVR
CSVALAGGADTQYF	EDFLEYHDVR
CSARDRNQPQHF	EDFLEYHDVR
CASSYLKGYEQYF	EDFLEYHDVR
CASSLASGRLGDTQYF	EDFLEYHDVR
CASSYLGGYSDTQYF	EDFLEYHDVR
CSVGLAGGLDEQYF	EDFLEYHDVR
CASSPDQTPNIQYF	EDFLEYHDVR
CSVGLAGGLGDEQFF	EDFLEYHDVR
CATALRGNYEQYF	EDFLEYHDVR
CASSILADHSYNEQFF	EDFLEYHDVR
CSVALTGERNNEQFF	EDFLEYHDVR
CASSPLAGQLQETQYF	EDFLEYHDVR
RASSLMGSSGISYEQYF	EDFLEYHDVR
CASSPSGANVLTF	EDFLEYHDVR
CASGSVVNTGELFF	EDFLEYHDVR
CASSPEGLAAYQETQYF	EDFLEYHDVR
CASSFKSKLGTDTQYF	EDFLEYHDVR
CASSLSKGQGEYGYTF	EDFLEYHDVR
CASSLWVASGLYEQYF	EDFLEYHDVR
CASSLSGGATSYEQYF	EDFLEYHDVR
CSVGLAGGPSEQFF	EDFLEYHDVR
CASSQDGLAGESYNEQFF	EDFLEYHDVR
CSARDPRTMGQGGVDSPLHF	EDFLEYHDVR
CASNSAGGRETQYF	EDFLEYHDVR
CASSVTSGTSTDTQYF	EDFLEYHDVR
CASSALGTGEQYF	EDFLEYHDVR
CASSPTGTGVEQYF	EDFLEYHDVR
CASSPGQGHNQPQHF	EDFLEYHDVR
CSVAQTGGSYNEQFF	EDFLEYHDVR
CASSPSLTGSVNTEAFF	EDFLEYHDVR
CASSPFPEAFF	EDFLEYHDVR
CASRNTTAIYGYTF	EDFLEYHDVR
CSVDGHGGGLSTDTQYF	EDFLEYHDVR
CASSQGNDPPRDEQFF	EDFLEYHDVR
CSVALSGGGSETQYF	EDFLEYHDVR
CSARLTGGMNTEAFF	EDFLEYHDVR
CSVGLAGGPYEQYF	EDFLEYHDVR
CASSQGTGTPPDTQYF	EDFLEYHDVR
CASRALKTGAGNEQFF	EDFLEYHDVR
CSANHRLAGGSTDTQYF	EDFLEYHDVR
CSVALGGGSSNEQFF	EDFLEYHDVR
CSVGPSSYEQYF	EDFLEYHDVR
CASSLVPTGGNSPLHF	EDFLEYHDVR
CASSYSDNNEQFF	EDFLEYHDVR
CSAREVTESYEQYF	EDFLEYHDVR
CASSTPTGTGLISNQPQHF	EDFLEYHDVR
CSVSPVGQALSGANVLTF	EDFLEYHDVR
CASSQGDYYNEQFF	EDFLEYHDVR
CASSQNLAGGYNEQFF	EDFLEYHDVR
CSVAYSGVSTDTQYF	EDFLEYHDVR
CASSLDRGRMYEQYF	EDFLEYHDVR
CASSRLDREVWAFF	EDFLEYHDVR
CAWSVWASGSTDTQYF	EDFLEYHDVR
CASSLRTMNTEAFF	EDFLEYHDVR
CASSLTGVAGPLNEQFF	EDFLEYHDVR
CASSTHPYEQYF	EDFLEYHDVR
CASSLVEGPLGSPLHF	EDFLEYHDVR
CASSLVLQGSYNEQFF	EDFLEYHDVR
CASSPLGRGGELFF	EDFLEYHDVR
CSARDQADSYEQYF	EDFLEYHDVR
CSVQTSGSSYEQYF	EDFLEYHDVR
CSVEDPGTDPVYGYTF	EDFLEYHDVR
CASSPIAPGETDTQYF	EDFLEYHDVR
CAISDSNSEQFF	EDFLEYHDVR
CSVAAAGTSTDTQYF	EDFLEYHDVR
CASSFWIPSTNSPLHF	EDFLEYHDVR
CASSLDASLGHEQYF	EDFLEYHDVR
CSATGLADYEQYF	EDFLEYHDVR
CAEGLSGSSQETQYF	EDFLEYHDVR
CASSPGTSGPWDTGELFF	EDFLEYHDVR
CASSEEDSYSYEQYF	EDFLEYHDVR
CASSPSTGRDGYTF	EDFLEYHDVR
CASSQAILAGGPNEQFF	EDFLEYHDVR
CSAGLAGGPYEQYF	EDFLEYHDVR
CASSEWDSRNTEAFF	EDFLEYHDVR
CSVGETGHSYNEQFF	EDFLEYHDVR
CASRQGRQMNTEAFF	EDFLEYHDVR
CASSLLQGETQYF	EDFLEYHDVR
CASSYLEAPGGEQFF	EDFLEYHDVR
CSGKDTGGVGDTQYF	EDFLEYHDVR
CSVALSGSVTEAFF	EDFLEYHDVR
CSVEVADSVAEKLFF	EDFLEYHDVR
CSVAESGGSYNEQFF	EDFLEYHDVR
CSARGSGSVAPEQYF	EDFLEYHDVR
CAWSVDRPRNEKLFF	EDFLEYHDVR
CSVGLAGGKGNEQYF	EDFLEYHDVR
CASSLSGTRGRNEQFF	EDFLEYHDVR
CATSRVDNEQFF	EDFLEYHDVR
CASRGALHYGYTF	EDFLEYHDVR
CASSLESGRNEQFF	EDFLEYHDVR
CSVSPTDPPYEQYF	EDFLEYHDVR
CSVYRTGYYEQYF	EDFLEYHDVR
CSVAETGTSSSYEQYF	EDFLEYHDVR
CASREPGLGTTDTQYF	EDFLEYHDVR
CSVAESGTVTEAFF	EDFLEYHDVR
CASSRQGAYGDTEAFF	EDFLEYHDVR
CASSLSAGYSGANVLTF	EDFLEYHDVR
CATSDLYAGGWETQYF	EDFLEYHDVR
CSLGLAGGTDTQYF	EDFLEYHDVR
CAWSTTKDRAYPEAFF	EDFLEYHDVR
CASISGYGATEAFF	EDFLEYHDVR
CSVGLAGGPSNEQFF	EDFLEYHDVR
CASSSPGGVGYIQYF	EDFLEYHDVR
CSARDDRPFTDTQYF	EDFLEYHDVR
CATSDLPGPADTQYF	EDFLEYHDVR
CASSQGLYRDTEAFF	EDFLEYHDVR
CASSLSYSSGEETQYF	EDFLEYHDVR
CASSSFPNYEQYF	EDFLEYHDVR
CASSYTDRGEQFF	EDFLEYHDVR
CSARDGGDFLYEQYF	EDFLEYHDVR
CASSIQDANQPQHF	EDFLEYHDVR
CASTGGTSSYNEQFF	EDFLEYHDVR
CASSQGGQQPQHF	EDFLEYHDVR
CATRHYNSPLHF	EDFLEYHDVR
CSVALAGGPYEQYF	EDFLEYHDVR
CASREGTYYNEQFF	EDFLEYHDVR
CASSLREGRYNEQFF	EDFLEYHDVR
CASSPSGANVLTF	EDFLEYHDVR
CATATGKYEQYF	EDFLEYHDVR
CASSPPGGGVTDTQYF	EDFLEYHDVR
CASSLAGSGPYTEQFF	EDFLEYHDVR
CATSRVTTSNQPQHF	EDFLEYHDVR
CASSAPLREAYNEQFF	EDFLEYHDVR
CASSLTLGTTMGGELFF	EDFLEYHDVR
CSVEGAGGYEQYF	EDFLEYHDVR
CASSEDRSSYNEQFF	EDFLEYHDVR
CASSTPGEQYF	EDFLEYHDVR
CASSGSDRVEINEQFF	EDFLEYHDVR
CASMGHNYNEQFF	EDFLEYHDVR
CASSPIRGAQPQHF	EDFLEYHDVR
CSVVMAGTSTDTQYF	EDFLEYHDVR
CASSESKQGASYNEQFF	EDFLEYHDVR
CASSGSGDPFYEQYF	EDFLEYHDVR
CASSYEPGVLMNTEAFF	EDFLEYHDVR
CSARGQGYQPQHF	EDFLEYHDVR
CASTWTAYNEQFF	EDFLEYHDVR
CATSRDGYTEAFF	EDFLEYHDVR
CASSPSGFLGNQPQHF	EDFLEYHDVR
CSARNRNQPQHF	EDFLEYHDVR
CSARDGTTYEQYF	EDFLEYHDVR
CSVGASGNLQETQYF	EDFLEYHDVR
CASSPDSTPDTQYF	EDFLEYHDVR
CSVQLAGGPDTQYF	EDFLEYHDVR
CASSGYSTSGRNEQFF	EDFLEYHDVR
CASSFPEESSYNSPLHF	EDFLEYHDVR
CASSQEGVGTEAFF	EDFLEYHDVR
CSVEWPGLAGAKTYEQYF	EDFLEYHDVR
CASSYSSYNEQFF	EDFLEYHDVR
CSVGASGRAGETQYF	EDFLEYHDVR
CSGLQSSYNEQFF	EDFLEYHDVR
CASSYSIELALYNEQFF	EDFLEYHDVR
CAASGGRGYEQYF	EDFLEYHDVR
CSAIEVKALLTDTQYF	EDFLEYHDVR
CASSPTSGTYEQYF	EDFLEYHDVR
CASSAREYSYEQYF	EDFLEYHDVR
CASSQLGQGTQETQYF	EDFLEYHDVR
CASSPSGANVLTF	EDFLEYHDVR
CSARDPSRGYEQYF	EDFLEYHDVR
CASSPDGSYNEQFF	EDFLEYHDVR
CATSRITTANQPQHF	EDFLEYHDVR
CASSLAGPSSYNEQFF	EDFLEYHDVR
CASSLDRGAYNEQFF	EDFLEYHDVR
CSVGLAGGPYEQYF	EDFLEYHDVR
CASSPQGQHTEAFF	EDFLEYHDVR
CASSFPDYSNQPQHF	EDFLEYHDVR
CASSYGAYNEQFF	EDFLEYHDVR
CAWTGSISYEQYF	EDFLEYHDVR
CASSLLRGSGYGYTF	EDFLEYHDVR
CSVEAPGTLGTYEQYF	EDFLEYHDVR
CASRELTSTDTQYF	EDFLEYHDVR
CASSHVRGFFSDTQYF	EDFLEYHDVR
CASSDSKGSGNTIYF	EDFLEYHDVR
CASSLLRADTQYF	EDFLEYHDVR
CASSGPGQGAIEAFF	EDFLEYHDVR
CASSFYSSGGAEGEQFF	EDFLEYHDVR
CASSDLTSNTGELFF	EDFLEYHDVR
CSASLAGGYTDTQYF	EDFLEYHDVR
CASSPHPDTRVPNTGELFF	EDFLEYHDVR
CSVGLAGGPDTQYF	EDFLEYHDVR
CASSEDEQFF	EDFLEYHDVR
CSVGDSGNSPLHF	EDFLEYHDVR
CSARAEGTYEQYF	EDFLEYHDVR
CASSLDGGLYGYTF	EDFLEYHDVR
CSVAPSGIFADTQYF	EDFLEYHDVR
CASSYSPSGSVGAYNEQFF	EDFLEYHDVR
CASSESKGTSGGNIQYF	EDFLEYHDVR
CSVAAGGNTEAFF	EDFLEYHDVR
CASTRADGGATNEKLFF	EDFLEYHDVR
CASSFVLANPSTDTQYF	EDFLEYHDVR
CSVQKAGGWTDTQYF	EDFLEYHDVR
CASSLGGAATEAFF	EDFLEYHDVR
CASRLAYPGGELFF	EDFLEYHDVR
CSVEAAGGAYNEQFF	EDFLEYHDVR
CASSHTRLAGGLETQYF	EDFLEYHDVR
CASSEGRGDRSSYEQYF	EDFLEYHDVR
CSVEVPGLAGARNEQFF	EDFLEYHDVR
CASSPDRGGWAFF	EDFLEYHDVR
CASSCQPRVDEQYF	EDFLEYHDVR
CASSFIGETQYF	EDFLEYHDVR
CASSVSGANVLTF	EDFLEYHDVR
CSVGLAGGLGNEQFF	EDFLEYHDVR
CASSQPGAREQYF	EDFLEYHDVR
CSVGVTGSDTQYF	EDFLEYHDVR
CASSLGHKSTGELFF	EDFLEYHDVR
CSARDHFHYEQYF	EDFLEYHDVR
CASGSGRALYEQYF	EDFLEYHDVR
CASSLAIAGESETQYF	EDFLEYHDVR
CATSDLVEAGTDTQYF	EDFLEYHDVR
CSVGLSGTDTQYF	EDFLEYHDVR
CASSVDSYTEAFF	EDFLEYHDVR
CSARDTTRDWTDTQYF	EDFLEYHDVR
CASSQDWSGTAYNEQFF	EDFLEYHDVR
CASSLAGGVLGTDTQYF	EDFLEYHDVR
CASRPQDQYGYTF	EDFLEYHDVR
CASSQGGKSPLHF	EDFLEYHDVR
CASTLGQGDTGELFF	EDFLEYHDVR
CASSGTGGYEQYF	EDFLEYHDVR
CSAREGLVGYEQYF	EDFLEYHDVR
CASSPGLAGTDTQYF	EDFLEYHDVR
CASSPYGGEGPYNEQFF	EDFLEYHDVR
CASSPLSGSSYNEQFF	EDFLEYHDVR
CKAGSSARTDTQYF	EDFLEYHDVR
CSLALADPDTQYF	EDFLEYHDVR
CASRDMMNTEAFF	EDFLEYHDVR
CSVASSDSSYEQYF	EDFLEYHDVR
CASSEDFQGTGELFF	EDFLEYHDVR
CSVALAGGVGDEQYF	EDFLEYHDVR
CSVALAGGLNEQFF	EDFLEYHDVR
CSGARTGQGTDTQYF	EDFLEYHDVR
CSVAYSGNRGETQYF	EDFLEYHDVR
CSARPDRGYEQYF	EDFLEYHDVR
CASSSAGWDEQFF	EDFLEYHDVR
CASSQGGKDEQFF	EDFLEYHDVR
CASPTGQTTQETQYF	EDFLEYHDVR
CASSSGQGGKNTGELFF	EDFLEYHDVR
CASSQELSYEQYF	EDFLEYHDVR
CASSLESGELFF	EDFLEYHDVR
CSVRDRSPNYGYTF	EDFLEYHDVR
CASSLWLAGDTGELFF	EDFLEYHDVR
CSVEATGTRQETQYF	EDFLEYHDVR
CSVGLSGGGYNEQFF	EDFLEYHDVR
CSARDLTYEQYF	EDFLEYHDVR
CATSEDRSSYNEQFF	EDFLEYHDVR
CASSYSSRNTEAFF	EDFLEYHDVR
CASSSGTVNTGELFF	EDFLEYHDVR
CSVAPSGGRTDTQYF	EDFLEYHDVR
CASSSLWDRAYNEQFF	EDFLEYHDVR
CSVEEGWDREANYGYTF	EDFLEYHDVR
CASSLSGPQETQYF	EDFLEYHDVR
CASRQERERSEQFF	EDFLEYHDVR
CASSQDGTLSYNEQFF	EDFLEYHDVR
CASSPYRGDRVSDEQFF	EDFLEYHDVR
CATSTGDAVGNTIYF	EDFLEYHDVR
CASSQGVTGRPYEQYF	EDFLEYHDVR
CASSLADIPLSPLHF	EDFLEYHDVR
CSVGTSGSDYEQYF	EDFLEYHDVR
CASSEGLAFTDTQYF	EDFLEYHDVR
CASSFGKRDSYEQYF	EDFLEYHDVR
CSVGLAGGPYEQFF	EDFLEYHDVR
CSVGLAGGRADEQYF	EDFLEYHDVR
CASSLSGLAGRETGELFF	EDFLEYHDVR
CASSLDAAPETQYF	EDFLEYHDVR
CASSPDSTGELFF	EDFLEYHDVR
CSVAPSGIGADTQYF	EDFLEYHDVR
CSVVRDVGPEQYF	EDFLEYHDVR
CASSLSGRWNQPQHF	EDFLEYHDVR
CSVDLGDSPRNIQYF	EDFLEYHDVR
CASSIGTSGEEETQYF	EDFLEYHDVR
CASSQDPGTGEGYTF	EDFLEYHDVR
CASLSYSYNEQFF	EDFLEYHDVR
CASSAGGGASSTDTQYF	EDFLEYHDVR
CSVNPYTDTQYF	EDFLEYHDVR
CSARERGRELDNEQFF	EDFLEYHDVR
CSAREEANTEAFF	EDFLEYHDVR
CATSRVGSRTEAFF	EDFLEYHDVR
CASSPSGAGELFF	EDFLEYHDVR
CSARVGLVDTGELFF	EDFLEYHDVR
CASSRDTLTDTQYF	EDFLEYHDVR
CASSDTHQTRLYNEQFF	EDFLEYHDVR
CASSDGRTRDGIYGYTF	EDFLEYHDVR
CASSEAGIFGGRGSYNEQFF	EDFLEYHDVR
CASSQDSVGRSFIDEQYF	EDFLEYHDVR
CASSVDPGQSSYNEQFF	EDFLEYHDVR
CSVGLAGTLADEQYF	EDFLEYHDVR
CASSTLTGVSYEQYF	EDFLEYHDVR
CSVALAGPYEQYF	EDFLEYHDVR
CASSQTIGGVNSPLHF	EDFLEYHDVR
CSVGLAGGPYEQYF	EDFLEYHDVR
CSARGMSVGDRTGELFF	EDFLEYHDVR
CSVARTGVFTDTQYF	EDFLEYHDVR
CASSLVAGGGDKYNEQFF	EDFLEYHDVR
CASSPPGGRAQYF	EDFLEYHDVR
CASSEYEAYSGNTIYF	EDFLEYHDVR
CASSEGYSGNTIYF	EDFLEYHDVR
CASSRGQGAGNQPQHF	EDFLEYHDVR
CASSPRTYEQYF	EDFLEYHDVR
CSARDSTTEYEQYF	EDFLEYHDVR
CASRDRGQYEQYF	EDFLEYHDVR
CASSQAGVYEQYF	EDFLEYHDVR
CASSYIGTASYEQYF	EDFLEYHDVR
CAISESKDRGGIYTDTQYF	EDFLEYHDVR
CASSYRNEKLFF	EDFLEYHDVR
CASSSSDRGELFF	EDFLEYHDVR
CASRNSGARAYEQYF	EDFLEYHDVR
CASSYSDDGRDTQYF	EDFLEYHDVR
CSVGLAGGADTQYF	EDFLEYHDVR
CASSQDGFQGSSYEQYF	EDFLEYHDVR
CATSDLGGYEQYF	EDFLEYHDVR
CSARDGASYEQYF	EDFLEYHDVR
CASSPTGAGELFF	EDFLEYHDVR
CSVMLAGGSDTQYF	EDFLEYHDVR
CSVCKTGTLADTQYF	EDFLEYHDVR
CATQWVGTYEQYF	EDFLEYHDVR
CASSSKFGDYYNSPLHF	EDFLEYHDVR
CSVDRTSRETQYF	EDFLEYHDVR
CASSLQAGTADTGELFF	EDFLEYHDVR
CSANRQGALPREAFF	EDFLEYHDVR
CASSPRDSFGELFF	EDFLEYHDVR
CASSPGGIHGELFF	EDFLEYHDVR
CASSSLLDTTYEQYF	EDFLEYHDVR
CASSQAHGGYETQYF	EDFLEYHDVR
CSARNRNQPQHF	EDFLEYHDVR
CSVAPTGVTYEQYF	EDFLEYHDVR
CASSYSSGAYNQPQHF	EDFLEYHDVR
CASSSRWGQENEKLFF	EDFLEYHDVR
CASSEEQGRNTEAFF	EDFLEYHDVR
CATSDSAGYYGYTF	EDFLEYHDVR
CSVSLSGGRTDTQYF	EDFLEYHDVR
CSDSLAGGPNEQFF	EDFLEYHDVR
CSVEIPGLAGGRYEQYF	EDFLEYHDVR
CASRTWTSNTGELFF	EDFLEYHDVR
CSVNTGANSPLHF	EDFLEYHDVR
CASSRQVPETQYF	EDFLEYHDVR
CSVALAGGPYEQYF	EDFLEYHDVR
CATSRIDTANQPQHF	EDFLEYHDVR
CSAGLADSVGNEQFF	EDFLEYHDVR
CASSPMGLPSSYNEQFF	EDFLEYHDVR
CASSDRLATSTDTQYF	EDFLEYHDVR
CSVSYTGTVQETQYF	EDFLEYHDVR
CAISESKTSGSYTGELFF	EDFLEYHDVR
CSAQLAGGADTQYF	EDFLEYHDVR
CASGASGGDNEQFF	EDFLEYHDVR
CASSSTTQSSYEQYF	EDFLEYHDVR
CASSYDYSYEQYF	EDFLEYHDVR
CASSYWGGPTEAFF	EDFLEYHDVR
CASIDDRGLETQYF	EDFLEYHDVR
CASSPLTTGSGELFF	EDFLEYHDVR
CASSLQAGRVGQYF	EDFLEYHDVR
CASSLPRTSGMVEQFF	EDFLEYHDVR
CAWSAGGNTEAFF	EDFLEYHDVR
CSVAVEDGKNTEAFF	EDFLEYHDVR
CASSEGLGHRTDTQYF	EDFLEYHDVR
CASSQDGGAGETQYF	EDFLEYHDVR
CSARDTSEVGYTF	EDFLEYHDVR
CASSLVFPPGETQYF	EDFLEYHDVR
CASSLYSYNEQFF	EDFLEYHDVR
CASSYSGGIEQFF	EDFLEYHDVR
CSVALTGGQETQYF	EDFLEYHDVR
CASSFVFGELFF	EDFLEYHDVR
CSARWDRNYEQYF	EDFLEYHDVR
CASSDSDLAGGPQETQYF	EDFLEYHDVR
CASSQGVTSGIGTGELFF	EDFLEYHDVR
CSVGLAESSYEQYF	EDFLEYHDVR
CAISEAGQVHEQYF	EDFLEYHDVR
CASKGPRQEQYF	EDFLEYHDVR
CSVEVTGQANTEAFF	EDFLEYHDVR
CASRTTGTTPSTDTQYF	EDFLEYHDVR
CSANPLGGTYSGNTIYF	EDFLEYHDVR
CASSQGAAGGSHGYTF	EDFLEYHDVR
CSVGLAGISYEQYF	EDFLEYHDVR
CSVEAGAGYNEQFF	EDFLEYHDVR
CASSAPGTHSYNEQFF	EDFLEYHDVR
CASSQVEGVNEKLFF	EDFLEYHDVR
CASSLPDRGSTYEQYF	EDFLEYHDVR
CSVAPVGQGSSYEQYF	EDFLEYHDVR
CASRRHPPDSLAKNIQYF	EDFLEYHDVR
CASSLSKGEDTGELFF	EDFLEYHDVR
CSVKERTDTQYF	EDFLEYHDVR
CSVEAPGLLHSYEQYF	EDFLEYHDVR
CASRGTGGHEQYF	EDFLEYHDVR
CASSFTGTGVEGDTEAFF	EDFLEYHDVR
CSVAASGTSYNEQFF	EDFLEYHDVR
CSVEVPGLAGAKVYEQYF	EDFLEYHDVR
CASSPPGTSGAYNEQFF	EDFLEYHDVR
CASSQGDLRGDEQFF	EDFLEYHDVR
CASSETDRSEQFF	EDFLEYHDVR
CSATLAGGPYEQYF	EDFLEYHDVR
CASSLTGPDNYGYTF	EDFLEYHDVR
CASSIPDGELIGKLFF	EDFLEYHDVR
CSVRVAGGTSDTQYF	EDFLEYHDVR
CASSLDSYTEAFF	EDFLEYHDVR
CASSPGTVSNQPQHF	EDFLEYHDVR
CSARVPLEREGPTQETQYF	EDFLEYHDVR
CASSMERGGSTQYF	EDFLEYHDVR
CSVAETGGTTGELFF	EDFLEYHDVR
CASSPPGLPTDTQYF	EDFLEYHDVR
CASSPFAGGAYEQYF	EDFLEYHDVR
CASSEDGTSTDTQYF	EDFLEYHDVR
CSVEAPQVLSYNEQFF	EDFLEYHDVR
CSVAETGNRNQPQHF	EDFLEYHDVR
CATSADRGTTGELFF	EDFLEYHDVR
CASSKGQGQNIQYF	EDFLEYHDVR
CSVEKSSYNEQFF	EDFLEYHDVR
CASSRLTASGGQDTQYF	EDFLEYHDVR
CSVALAGGPYNEQFF	EDFLEYHDVR
CASGTGLYYNEQFF	EDFLEYHDVR
CASSLIKGGSDTEAFF	EDFLEYHDVR
CSVEAPGHLLTYEQYF	EDFLEYHDVR
CASSSSGANVLTF	EDFLEYHDVR
CASSYTDRGEQFF	EDFLEYHDVR
CASSLGDYRRYNEQFF	EDFLEYHDVR
CATSDSPKQRTMPQETQYF	EDFLEYHDVR
CASSPASKAGANVLTF	EDFLEYHDVR
CASSLRGVAAEAFF	EDFLEYHDVR
CASSLRTSGSMHEQYF	EDFLEYHDVR
CSVGLAGSTDTQYF	EDFLEYHDVR
CASGALGNEQFF	EDFLEYHDVR
CASSPKVLADNEQFF	EDFLEYHDVR
CASSLGTSSYEQYF	EDFLEYHDVR
CSVAITGITNEKLFF	EDFLEYHDVR
CASSLGGEETQYF	EDFLEYHDVR
CASSFVDWYNFGQGDGYTF	EDFLEYHDVR
CASSDGQRLTDTQYF	EDFLEYHDVR
CASSPTTGPVTDTQYF	EDFLEYHDVR
CSGTISSYNEQFF	EDFLEYHDVR
CASSQDPRVGEKLFF	EDFLEYHDVR
CSVAPSGIRSDTQYF	EDFLEYHDVR
CSAREARRTYEQYF	EDFLEYHDVR
CASSPLAASSYEQYF	EDFLEYHDVR
CASSESRELFHEQYF	EDFLEYHDVR
CSVASSGSSYEQYF	EDFLEYHDVR
CASSRTSGVSSYNEQFF	EDFLEYHDVR
CATSSSAAEADTQYF	EDFLEYHDVR
CSVLSGSYNEQFF	EDFLEYHDVR
CSCTPTGQFTDTQYF	EDFLEYHDVR
CASSLFGTPNYGYTF	EDFLEYHDVR
CASSQDSGGAGTDTQYF	EDFLEYHDVR
CASSNVGEETQYF	EDFLEYHDVR
CASSDVPGQAYSYNEQFF	EDFLEYHDVR
CASHRPDISYPNEQFF	EDFLEYHDVR
CASSTENFRGQNTGELFF	EDFLEYHDVR
CASSPPSGEGYNEQFF	EDFLEYHDVR
CASSQRSVAHEQYF	EDFLEYHDVR
CSVALTGNIADTQYF	EDFLEYHDVR
CSVAPAEGEVQYF	EDFLEYHDVR
CASSQDLGTDEQYF	EDFLEYHDVR
CASIGGVNTEAFF	EDFLEYHDVR
CASRAGADTEAFF	EDFLEYHDVR
CSVRETGGVQPQHF	EDFLEYHDVR
CASTTSGRLDNEQFF	EDFLEYHDVR
CASSQEVTGQGVVAPLHF	EDFLEYHDVR
CASSLWGGLEAFF	EDFLEYHDVR
CSAMGFEEASYEQYF	EDFLEYHDVR
CAREQPSPNYGYTF	EDFLEYHDVR
CSVPGTDYTGELFF	EDFLEYHDVR
CASSQEASGGASGANVLTF	EDFLEYHDVR
CSARDLGGDEQFF	EDFLEYHDVR
CSGLISSYNEQFF	EDFLEYHDVR
CASSPGLAGGPRDNEQFF	EDFLEYHDVR
CASSLFAGAYNEQFF	EDFLEYHDVR
CASSGLAVYNEQFF	EDFLEYHDVR
CASSLAPQEGEKLFF	EDFLEYHDVR
CASSLTGSYAKNIQYF	EDFLEYHDVR
CASSQDRGGQPQHF	EDFLEYHDVR
CAWSPGGNTEAFF	EDFLEYHDVR
CASSHSYGSYNEQFF	EDFLEYHDVR
CASSVGSGRRYNEQFF	EDFLEYHDVR
CASSLTGGGTEAFF	EDFLEYHDVR
CSAREQVVYEQYF	EDFLEYHDVR
CASSSTGGLIDTQYF	EDFLEYHDVR
CASSFYGGEGEQYF	EDFLEYHDVR
CASSFPRQEVNQPQHF	EDFLEYHDVR
CASSERDSWNYGYTF	EDFLEYHDVR
CASSTPGQGALNTEAFF	EDFLEYHDVR
CASSHRDTSSYNEQFF	EDFLEYHDVR
CASSYPGSQNLNEQFF	EDFLEYHDVR
CSGLVGSYNEQFF	EDFLEYHDVR
CSLSLAGGPNEQFF	EDFLEYHDVR
CASGSTGTSNYEQYF	EDFLEYHDVR
CSVREGGVGDTEAFF	EDFLEYHDVR
CASSDQDGFGYEQYF	EDFLEYHDVR
CATSRVDSEAFF	EDFLEYHDVR
CASSQFTGDDGYTF	EDFLEYHDVR
CATSRVETEAFF	EDFLEYHDVR
CASSFRASTDTQYF	EDFLEYHDVR
CSARAQGALYEQFF	EDFLEYHDVR
CASRGLGGAETDTQYF	EDFLEYHDVR
CASSPIAEEQFF	EDFLEYHDVR
CASSLPGSYEQYF	EDFLEYHDVR
CASSYSGPSTDTQYF	EDFLEYHDVR
CSARARSQPQHF	EDFLEYHDVR
CSVRLSGTSTDTQYF	EDFLEYHDVR
CSARDRGTGELFF	EDFLEYHDVR
CASSPAGSADTQYF	EDFLEYHDVR
CASSYPQFF	EDFLEYHDVR
CASRQPGQGTDTQYF	EDFLEYHDVR
CATSRDLLGFYSEQYF	EDFLEYHDVR
CASSQDHGQGATFFSGANVLTF	EDFLEYHDVR
CASSLGIGGAGQPQHF	EDFLEYHDVR
CASSHLLAEYPNEQFF	EDFLEYHDVR
CASSFGTSGIYEQYF	EDFLEYHDVR
CASSLAGGGEAFF	EDFLEYHDVR
CSCSLAGGPDNEQFF	EDFLEYHDVR
CASSTGTSTDTQYF	EDFLEYHDVR
CASSPTSGRANEQFF	EDFLEYHDVR
CASSLSIMELVYEQYF	EDFLEYHDVR
CASSHPGQGTPEAFF	EDFLEYHDVR
CASQETGSYEQYF	EDFLEYHDVR
CSAGLAGGSTGELFF	EDFLEYHDVR
CASSQDKDRGNTEAFF	EDFLEYHDVR
CASSQDYYNEQFF	EDFLEYHDVR
CSAKSTGTSTDTQYF	EDFLEYHDVR
CSARDLVAGAEWTQYF	EDFLEYHDVR
CASAGTSGTTDTQYF	EDFLEYHDVR
CATSRPSEPDQETQYF	EDFLEYHDVR
CASSPGRDRGNTGELFF	EDFLEYHDVR
CSVALAGNRVHEQYF	EDFLEYHDVR
SGTLRGEQYF	EDFLEYHDVR
CASSDGQGTAFTDTQYF	EDFLEYHDVR
CSARPQGTTGELFF	EDFLEYHDVR
CSVELAGVGREQFF	EDFLEYHDVR
CASTNGLGAGYEQYF	EDFLEYHDVR
CSVVEGARTGELFF	EDFLEYHDVR
CSVSLAGGPYNEQFF	EDFLEYHDVR
CSGAESGSYNEQFF	EDFLEYHDVR
CASSGPGDTEAFF	EDFLEYHDVR
CSVGETGNSGNTIYF	EDFLEYHDVR
CSVALAGGLYEQYF	EDFLEYHDVR
CASSLEAVGTEAFF	EDFLEYHDVR
CASSPQRTSTDTQYF	EDFLEYHDVR
CSVSLAGGLSYEQYF	EDFLEYHDVR
CASSPRTGGPLNTEAFF	EDFLEYHDVR
CASSATGTGYADIQYF	EDFLEYHDVR
CASSYTDRDEQYF	EDFLEYHDVR
CSVALTGGSYNEQFF	EDFLEYHDVR
CASSEAFGGPNTGELFF	EDFLEYHDVR
CSVGLAGGADTQYF	EDFLEYHDVR
CASSDGQGLGYGYTF	EDFLEYHDVR
CASSESAGSSTDTQYF	EDFLEYHDVR
CASSQAGFQETQYF	EDFLEYHDVR
CSARGYQSSYEQYF	EDFLEYHDVR
CASSGDRVYEQYF	EDFLEYHDVR
CASSVGEGYAYNEQFF	EDFLEYHDVR
CASSLIAGASSNEQFF	EDFLEYHDVR
CSARTETSYSTDTQYF	EDFLEYHDVR
CASSPPGANEQFF	EDFLEYHDVR
CASSQDYDSISGELFF	EDFLEYHDVR
CASSLAGGTETQYF	EDFLEYHDVR
CASSEGVKAELDYNEQFF	EDFLEYHDVR
CATQLPTPNNEQFF	EDFLEYHDVR
CSVALAGGPYEQYF	EDFLEYHDVR
CASSPWGQGGTDTQYF	EDFLEYHDVR
CSGRETSGRSDEQFF	EDFLEYHDVR
CASSQYGLAGGASYEQYF	EDFLEYHDVR
CASSLTRGQGYEQYF	EDFLEYHDVR
CASSEWGTSGVQETQYF	EDFLEYHDVR
CASSFGLAGSYNEQFF	EDFLEYHDVR
CASSHFSDRVYQETQYF	EDFLEYHDVR
CASSPDSHNEQFF	EDFLEYHDVR
CASSSEGTGGNSLGTEAFF	EDFLEYHDVR
CASSLTGTQNTEAFF	EDFLEYHDVR
CASSQDWGSYNEQFF	EDFLEYHDVR
CASSPDRAPYEQYF	EDFLEYHDVR
CASSEEEGGPRETQYF	EDFLEYHDVR
CASSELRGGTEAFF	EDFLEYHDVR
CASSLVGDGSTDTQYF	EDFLEYHDVR
CASSYWTSGRSYEQYF	EDFLEYHDVR
CSVALAGGYGNEQFF	EDFLEYHDVR
CASTNRDYSNQPQHF	EDFLEYHDVR
CASSQAGPGTEAFF	EDFLEYHDVR
CASSYSLIGGDTQYF	EDFLEYHDVR
CASSPDYTDTQYF	EDFLEYHDVR
CSVKYTGVITDTQYF	EDFLEYHDVR
CASLPPGTSGRGTQYF	EDFLEYHDVR
CASSPFGGWGARTEAFF	EDFLEYHDVR
CSVGYAGGVNNEQFF	EDFLEYHDVR
CASSQDLSGKNGDEQFF	EDFLEYHDVR
CATSSGTTSNQPQHF	EDFLEYHDVR
CASRPVKAQGETQYF	EDFLEYHDVR
CASSLYGGTNTGELFF	EDFLEYHDVR
CASPLGQGAITDTQYF	EDFLEYHDVR
CAVSSHSNQPQHF	EDFLEYHDVR
CASSPPGGDTQYF	EDFLEYHDVR
CSARGPFVAYSTDTQYF	EDFLEYHDVR
CASSDTKARGQETQYF	EDFLEYHDVR
CASSDQLAGINNEQFF	EDFLEYHDVR
CASSFFSTGTPDGEKLFF	EDFLEYHDVR
CASSYVDSGNTIYF	EDFLEYHDVR
CASWSIDQETQYF	EDFLEYHDVR
CATSDTGQGVLTGELFF	EDFLEYHDVR
CASSQNEKTGNEKLFF	EDFLEYHDVR
CSVAEVGGVSYGYTF	EDFLEYHDVR
CSARSTETYEQYF	EDFLEYHDVR
CASSESTSTDTQYF	EDFLEYHDVR
CASSPTGQALYGYTF	EDFLEYHDVR
CASSFSPLRDSYQPQHF	EDFLEYHDVR
CSAREPGNSYEQYF	EDFLEYHDVR
CAVTGQPYNEQFF	EDFLEYHDVR
CASRHSKGLAGEETQYF	EDFLEYHDVR
CASSYQSSYEQYF	EDFLEYHDVR
CASSTQPDTQYF	EDFLEYHDVR
CASSTGLAGGGETQYF	EDFLEYHDVR
CSVSGTGVSGDIQYF	EDFLEYHDVR
CASSWNKETQYF	EDFLEYHDVR
CSVSLAGGLNEQFF	EDFLEYHDVR
CASSLWGPTNEKLFF	EDFLEYHDVR
CASSLQGDTEAFF	EDFLEYHDVR
CSVGLAGGPYNEQFF	EDFLEYHDVR
CSVSVAGGSYNEQFF	EDFLEYHDVR
CASSPNVNTEAFF	EDFLEYHDVR
CASSGGENIQYF	EDFLEYHDVR
CASSSDRGRNYEQYF	EDFLEYHDVR
CSVGLAGGTYNEQFF	EDFLEYHDVR
CASSPGQRLDNEQFF	EDFLEYHDVR
CASREDRYNEQFF	EDFLEYHDVR
CASSQDRANPLEQFF	EDFLEYHDVR
CASSQEGVGTEAFF	EDFLEYHDVR
CASSKDFGTEAFF	EDFLEYHDVR
CSVDQGIFEAFF	EDFLEYHDVR
CASSQDGRGQSTGELFF	EDFLEYHDVR
CASSAVDGEEETQYF	EDFLEYHDVR
CASSPGTSTDTQYF	EDFLEYHDVR
CSARPTGAPYEQYF	EDFLEYHDVR
CASSFRGPEFNEQFF	EDFLEYHDVR
CSVALAGGPNEQFF	EDFLEYHDVR
CASSPASAGELFF	EDFLEYHDVR
CSVGQGPYEQYF	EDFLEYHDVR
CASSEWQGANTEAFF	EDFLEYHDVR
CSVGLAGGMDTQYF	EDFLEYHDVR
CATPSQGTQYF	EDFLEYHDVR
CASSLAGGLETQYF	EDFLEYHDVR
CSVELYHREAFF	EDFLEYHDVR
CSVELAGGPGNEQFF	EDFLEYHDVR
CSVDLEVMTDTQYF	EDFLEYHDVR
RASNQESGGTYEQYF	EDFLEYHDVR
CASSYSSRANEKLFF	EDFLEYHDVR
CSVQGGGSGYNEQFF	EDFLEYHDVR
CSVRDTGVKGTEAFF	EDFLEYHDVR
CSVGLTGTSGNEQFF	EDFLEYHDVR
CSVTETGMGNTEAFF	EDFLEYHDVR
CASRYPGQATDTQYF	EDFLEYHDVR
CASSPREYEETQYF	EDFLEYHDVR
CASEGVGGSNTGELFF	EDFLEYHDVR
CATSFSAYNEQFF	EDFLEYHDVR
CASSLGLIYGYTF	EDFLEYHDVR
CSVTTSGRVNYNEQFF	EDFLEYHDVR
CAWSVPRGDNEQFF	EDFLEYHDVR
CATRKIDLDSYEQYF	EDFLEYHDVR
CASTDGQGIEAFF	EDFLEYHDVR
CSAPGIYEQYF	EDFLEYHDVR
CASSTGQGSFPEAFF	EDFLEYHDVR
CASSQDGSRVLRTEAFF	EDFLEYHDVR
CSVGLGPYEQYF	EDFLEYHDVR
CASSEYATSRNYEQYF	EDFLEYHDVR
CSVGDSGSTYEQYF	EDFLEYHDVR
CSARDRSGPYEQYF	EDFLEYHDVR
CASSKAGKEGLAGDLMADTQYF	EDFLEYHDVR
CASSEGVRTDTQYF	EDFLEYHDVR
CASRTGYGQPQHF	EDFLEYHDVR
CSVGLAGGPYEQYF	EDFLEYHDVR
CASSGYPPNTEAFF	EDFLEYHDVR
CASSPANSVDRVNIQYF	EDFLEYHDVR
CAISDAASGHLNEQFF	EDFLEYHDVR
CASTGGQGPFNEQFF	EDFLEYHDVR
CASSLEGQGPTWETQYF	EDFLEYHDVR
CSVRESESSYEQYF	EDFLEYHDVR
CASSPDSSSYNEQFF	EDFLEYHDVR
CASSQGRLATNEKLFF	EDFLEYHDVR
CSAREIAEYTQYF	EDFLEYHDVR
