CDR3	AA
CASSQDPTTNYGYTF	FTISVTTEIL
CASSHLAGVDYNEQFF	FTISVTTEIL
CASSQDPTTNYGYTF	FTISVTTEIL
CASSLDGSSYEQYF	FTISVTTEIL
CASSYLTGESGNTIYF	FTISVTTEIL
CASSLTSSNEQFF	FTISVTTEIL
CDRDVRNSPLHF	FTISVTTEIL
CASKQGATSGNTIYF	FTISVTTEIL
CASSQDPTTNYGYTF	FTISVTTEIL
CATSRPDSGGYQETQYF	FTISVTTEIL
CASSQDATTNYGYTF	FTISVTTEIL
CSGGTGVSYNEQFF	FTISVTTEIL
CSARVGDTGELFF	FTISVTTEIL
CASSQDVSTNYGYTF	FTISVTTEIL
CASSQGTSWDTQYF	FTISVTTEIL
CASSYYGQSYEQYF	FTISVTTEIL
CASSDRTSGGSTDTQYF	FTISVTTEIL
CASSIQRGNEQFF	FTISVTTEIL
CASSRRGDVPGELFF	FTISVTTEIL
CASSLSTTSYEQYF	FTISVTTEIL
CASRGQNTEAFF	FTISVTTEIL
CASSMTSRSSYNEQFF	FTISVTTEIL
CASSQDPGTAYGYTF	FTISVTTEIL
CASSRDRDYEQYF	FTISVTTEIL
CASSQDSTTNYGYTF	FTISVTTEIL
CASQPTGLTEAFF	FTISVTTEIL
CSAMTGDTYEQYF	FTISVTTEIL
CASSLDRTTNYGYTF	FTISVTTEIL
CASSQDPTSPEQYF	FTISVTTEIL
CSLLAGDTYEQYF	FTISVTTEIL
CASSQDTGDSYEQYF	FTISVTTEIL
CSARPRDGVSYEQYF	FTISVTTEIL
CASSQDKTTNYGYTF	FTISVTTEIL
CSARTGFSWTGELFF	FTISVTTEIL
CSARTEGGGLYNEQFF	FTISVTTEIL
CASGLLAGGEDTQYF	FTISVTTEIL
CAISESSSGGYEQYF	FTISVTTEIL
CASSPPTSGRHTGELFF	FTISVTTEIL
CASSSTLAGGPGFF	FTISVTTEIL
CSARSVLAGYYNEQFF	FTISVTTEIL
