CDR3	AA
CASSPGGLNTDTQYF	ELYSPIFLI
CSVELGTWEQYF	ELYSPIFLI
CASSLSIGGFHNEQFF	ELYSPIFLI
CASRVWGTGGEDTEAFF	ELYSPIFLI
CASSVGEDSPLHF	ELYSPIFLI
CASSLGLAGINEQFF	ELYSPIFLI
CASSYGTGELFF	ELYSPIFLI
CASSLPAGGITEAFF	ELYSPIFLI
CASSYSTTGELFF	ELYSPIFLI
CASSQDATSGYEQYF	ELYSPIFLI
CASRRGLAGPNEQFF	ELYSPIFLI
CATSPGGGQGAAETQYF	ELYSPIFLI
CASSRTDSSYNEQFF	ELYSPIFLI
CASSLGLQWALTDTQYF	ELYSPIFLI
CASSLGTGELFF	ELYSPIFLI
CASSLGVSTDTQYF	ELYSPIFLI
CASSLAYEETQYF	ELYSPIFLI
CASSLEGFVGHEQYF	ELYSPIFLI
CASSQITDSSYEQYF	ELYSPIFLI
CASSPLVSATTYEQYF	ELYSPIFLI
CASSPGQEQTYEQYF	ELYSPIFLI
CASTPAGETQYF	ELYSPIFLI
CSVEWGNYGYTF	ELYSPIFLI
CASSVPSGSSYNEQFF	ELYSPIFLI
CASSSWGEDTQYF	ELYSPIFLI
CASSLPSAVRNEQFF	ELYSPIFLI
CASSDQAGGYEQFF	ELYSPIFLI
CSATYSRGNYEQYF	ELYSPIFLI
CASSPENTGELFF	ELYSPIFLI
CASSLVPEDYIQYF	ELYSPIFLI
CASTSGLAGDLSYNEQFF	ELYSPIFLI
CASSQDQSSGNTIYF	ELYSPIFLI
CASSLEEGMNTEAFF	ELYSPIFLI
CASSELAGHYNEQFF	ELYSPIFLI
CSARDTQLITNTGELFF	ELYSPIFLI
CSVEGTGGLYEQYF	ELYSPIFLI
CASSQDIAGGTDTQYF	ELYSPIFLI
CASSFSSSYNEQFF	ELYSPIFLI
CASSTPGTGGGEQYF	ELYSPIFLI
CASSHLADSYNEQFF	ELYSPIFLI
CASSYSGTSGYEQYF	ELYSPIFLI
CASSSSGANTGELFF	ELYSPIFLI
CASSPGPLVAEQYF	ELYSPIFLI
CASSYGTGYTEAFF	ELYSPIFLI
CASSQDIGTGYEQYF	ELYSPIFLI
CATTRGHYTDTQYF	ELYSPIFLI
CSVGSQATYEQYF	ELYSPIFLI
CASSLRLAGVSYEQYF	ELYSPIFLI
CASSYSETVSGRAEDTQYF	ELYSPIFLI
CASSFLPYTDGYTF	ELYSPIFLI
CASSLAPPNTEAFF	ELYSPIFLI
CASSLFGTGLETQYF	ELYSPIFLI
CSVGVAGEGGETQYF	ELYSPIFLI
CASTVGDRAYNEQFF	ELYSPIFLI
CASSLPLATYNEQFF	ELYSPIFLI
CASSDSGGLYGYTF	ELYSPIFLI
CASSLVPTDTQYF	ELYSPIFLI
CASSVSGHNEQFF	ELYSPIFLI
CASSLEGTGLGNEQFF	ELYSPIFLI
CASSPYRGGAYNSPLHF	ELYSPIFLI
CSVESPYGYTF	ELYSPIFLI
CSVEGGFNYGYTF	ELYSPIFLI
CASSLGQGAVQPQHF	ELYSPIFLI
CASSFTGGNTEAFF	ELYSPIFLI
CASSSPGDPDTQYF	ELYSPIFLI
CASSLPQVVKNIQYF	ELYSPIFLI
CASSSPGTAYYGYTF	ELYSPIFLI
CSVETGFLDTIYF	ELYSPIFLI
CASSELGTGGPDTQYF	ELYSPIFLI
CASSPQPMESYNEQFF	ELYSPIFLI
CASNLGGDEQFF	ELYSPIFLI
CASSFGGNTGELFF	ELYSPIFLI
CASSYTGGDTQYF	ELYSPIFLI
CASSNPGQGDEKLFF	ELYSPIFLI
CASSEAFKGAGEQYF	ELYSPIFLI
CASSLSRLGTDTQYF	ELYSPIFLI
CASSLSGEHTQYF	ELYSPIFLI
CASSLVELGAGGSGNEQFF	ELYSPIFLI
CASSQVGALSYNEQFF	ELYSPIFLI
CASSQDQITEAFF	ELYSPIFLI
CASRTGTANEQFF	ELYSPIFLI
CASSYQGRAYEQYF	ELYSPIFLI
CASTGLVGGEQFF	ELYSPIFLI
CSVGGRSSYEQYF	ELYSPIFLI
CASSGGHYEQYF	ELYSPIFLI
CASSYHLGGDGYTF	ELYSPIFLI
CASSDQPGQPNTEAFF	ELYSPIFLI
CASSLIGFGDTEAFF	ELYSPIFLI
CASSYMGRGSTEAFF	ELYSPIFLI
CASSPTSYNEQFF	ELYSPIFLI
CASSPGPGNPYEQYF	ELYSPIFLI
CASSQGLAGGLQETQYF	ELYSPIFLI
CASTADRGGQETQYF	ELYSPIFLI
CASSFSAGGRNEQFF	ELYSPIFLI
CASSLDPGLGIYEQYF	ELYSPIFLI
CASSQDPNSGNTIYF	ELYSPIFLI
CAISPGLDLTDTQYF	ELYSPIFLI
CASSSPGTGAYEQYF	ELYSPIFLI
CSVEGLPSTDTQYF	ELYSPIFLI
CSVDGGEGQVNNEQFF	ELYSPIFLI
CASSLELAGTGELFF	ELYSPIFLI
CASSFSSSYNEQFF	ELYSPIFLI
CASSPDGEAFF	ELYSPIFLI
CASSFRDPYEQYF	ELYSPIFLI
CASSPGGNIQYF	ELYSPIFLI
CASSLLGTAKVGTDTQYF	ELYSPIFLI
CASSSLGLAGSEQYF	ELYSPIFLI
CASSSLEGLTDTQYF	ELYSPIFLI
CSVEVPGGNQPQHF	ELYSPIFLI
CASSLRPLGAYNEQFF	ELYSPIFLI
CASSSIGQGPTGELFF	ELYSPIFLI
CSVELGSTEAFF	ELYSPIFLI
CASSQDLANEQFF	ELYSPIFLI
CASSPGGGVFEAFF	ELYSPIFLI
CASSIAGGPYEQYV	ELYSPIFLI
CASSLAQGSPTGEQYF	ELYSPIFLI
CASSQDIGQAYEQYF	ELYSPIFLI
CASSLYGQPQHF	ELYSPIFLI
CASSLTGAAYTGELFF	ELYSPIFLI
CASGNYEQYF	ELYSPIFLI
CASSLYGTSAMSYNEQFF	ELYSPIFLI
CASSWGLAGADTQYF	ELYSPIFLI
CSATLDSPLTDTQYF	ELYSPIFLI
CASSYYPPGGGYQPQHF	ELYSPIFLI
CASSYSISYEQYF	ELYSPIFLI
CASSAGFNEQFF	ELYSPIFLI
CASSEVSRQVTYEQYF	ELYSPIFLI
CASSQDGAYEQYF	ELYSPIFLI
CSASPDSSNEKLFF	ELYSPIFLI
CASSLAAPYEQYF	ELYSPIFLI
CASRGTGAYEQYF	ELYSPIFLI
CASRTGVTDTQYF	ELYSPIFLI
CASRRILAGVFDTGELFF	ELYSPIFLI
CASSLVQGASQPQHF	ELYSPIFLI
CASSTPGTSAYNEQFF	ELYSPIFLI
CSVEIGLNTGELFF	ELYSPIFLI
CASSLNTPLEAFF	ELYSPIFLI
CASSVAAGLAKYNEQFF	ELYSPIFLI
CASSFLAGTNEQFF	ELYSPIFLI
CASSVDRTSGRSYNEQFF	ELYSPIFLI
CASSLSGDSYEQYF	ELYSPIFLI
CSGGPTYEQYF	ELYSPIFLI
CASSPGLAGGLYEQYF	ELYSPIFLI
CASSVEGSSYNEQFF	ELYSPIFLI
CASSLGGWDTEAFF	ELYSPIFLI
CSVEGAGGPVETQYF	ELYSPIFLI
CASSHRGAGGDTEAFF	ELYSPIFLI
CASSPTGLRDYFTDTQYF	ELYSPIFLI
CASSQDLAGGRETQYF	ELYSPIFLI
CASSLEEGWWEQYF	ELYSPIFLI
CASSYTGGAYEQYF	ELYSPIFLI
CASSLWGQEQRTDTQYF	ELYSPIFLI
CASIDKRTYNEQFF	ELYSPIFLI
CASSLDPGLAYEQYF	ELYSPIFLI
CASNPLGLAEQDTQYF	ELYSPIFLI
CASSQMGLAGISEQFF	ELYSPIFLI
CASSQAGYPTYHNEQFF	ELYSPIFLI
CASSVAGTPSETQYF	ELYSPIFLI
CASSLVHWGLGETQYF	ELYSPIFLI
CSARQTGADEAFF	ELYSPIFLI
CASSQEGTGNYGYTF	ELYSPIFLI
CASSQEGVQAVNTEAFF	ELYSPIFLI
CASNPQGGGEKLFF	ELYSPIFLI
CASSNRGLVYSFGQFF	ELYSPIFLI
CASSSGGETVNTEAFF	ELYSPIFLI
CASSYWARDEAFF	ELYSPIFLI
CSVRIGNTEAFF	ELYSPIFLI
CSAPAGNSYNEQFF	ELYSPIFLI
CASSQLSGSYNEQFF	ELYSPIFLI
CASSQDVGAGNTIYF	ELYSPIFLI
CASSFAKSYYGYTF	ELYSPIFLI
CASSLVQGAAYEQYF	ELYSPIFLI
CSVEDRDNTGELFF	ELYSPIFLI
CASSQDLGQGYEQYF	ELYSPIFLI
CATSDLGQGDNEQFF	ELYSPIFLI
CASSYSQGANQPQHF	ELYSPIFLI
CASSDGGSPLHF	ELYSPIFLI
CASSLAFGYGTGLQETQYF	ELYSPIFLI
CASSLSSSYNEQFF	ELYSPIFLI
CASSESGGEDRRAYEQYF	ELYSPIFLI
CSARVDYEQYF	ELYSPIFLI
CASSHLGNRGSYEQYF	ELYSPIFLI
CASSLNGLAGTDTQYF	ELYSPIFLI
CASSVDTGKGMNTEAFF	ELYSPIFLI
CASSVAWGGGLNTGELFF	ELYSPIFLI
CASSLGLAGTYEQYF	ELYSPIFLI
CASRLAGGPYEQYF	ELYSPIFLI
CSVEPGQGAREQYF	ELYSPIFLI
CASSLDPGLNTEAFF	ELYSPIFLI
CASSLGGDQPQHF	ELYSPIFLI
CASRQGDFFEQYF	ELYSPIFLI
CASSLNPQGRGNYGYTF	ELYSPIFLI
CASSEQAGSNYEQYF	ELYSPIFLI
CSDEGPGFAAFF	ELYSPIFLI
CASSNPPNSGGAFGETQYF	ELYSPIFLI
CASSEGQARGELFF	ELYSPIFLI
CASSIDSYEQYF	ELYSPIFLI
CSARDRGGLAGMDEQFF	ELYSPIFLI
CASSLPGLAGGHVFPDTQYF	ELYSPIFLI
CSARDQTRLNTGELFF	ELYSPIFLI
CASSYSSGQFNYGYTF	ELYSPIFLI
CASSLDRGWSNQPQHF	ELYSPIFLI
CASSLMSGGFHEQYF	ELYSPIFLI
CASSAGPRNEQFF	ELYSPIFLI
CASSLGLAGVWEQYF	ELYSPIFLI
CASSFDSPLHF	ELYSPIFLI
CASSFVQGAYEQYF	ELYSPIFLI
CASSEAGGSYYEQYF	ELYSPIFLI
CASSYSTGYEQYF	ELYSPIFLI
CASSFAIGTEKLFF	ELYSPIFLI
CSVEAVWDSSGNEQFF	ELYSPIFLI
CSASLAGGLVGELFF	ELYSPIFLI
CASSLEGLAGDNEQFF	ELYSPIFLI
CASRGQYTEAFF	ELYSPIFLI
CASSFSGHYNEQFF	ELYSPIFLI
CASSKVGSGGNTDEQFF	ELYSPIFLI
CASSEGTGYEQYF	ELYSPIFLI
CASSQTNTGELFF	ELYSPIFLI
CASSLSPAGAEQYF	ELYSPIFLI
CASSLPHATENIQYF	ELYSPIFLI
CSGGQGGTYEQYF	ELYSPIFLI
CASSQGPGGPYEQYF	ELYSPIFLI
CASSVAYWGGPDNEQFF	ELYSPIFLI
CASSYYMNTEAFF	ELYSPIFLI
CSVDSQGGYEQYF	ELYSPIFLI
CATGADYGYTF	ELYSPIFLI
CSVEGGTGGEYF	ELYSPIFLI
CASSLVLGGTDTQYF	ELYSPIFLI
CSARGRSAIYEQYF	ELYSPIFLI
CSVDFPYGTAFF	ELYSPIFLI
CATSDPGGAETDTQYF	ELYSPIFLI
CASSSGIMGPYEQFF	ELYSPIFLI
CASSFYLGLSSSYNSPLHF	ELYSPIFLI
CASSLVLAGEHEQFF	ELYSPIFLI
CASSIDPLSGQTYEQYF	ELYSPIFLI
CASSPRLAAGGFDEQFF	ELYSPIFLI
CASSVGKGSTDTQYF	ELYSPIFLI
CASSYTGGAPYEQYF	ELYSPIFLI
CASSPGQGAHGYTF	ELYSPIFLI
CASTPRGSYEQYF	ELYSPIFLI
CARSLTVLGDKGETQYF	ELYSPIFLI
CASSSGVLGELFF	ELYSPIFLI
CASSPGTSGSYEQYF	ELYSPIFLI
CASSRGDTQYF	ELYSPIFLI
CASSNRLAGVDEQYF	ELYSPIFLI
CASSSPGTQTYNEQFF	ELYSPIFLI
CASSPTDGAYEQYF	ELYSPIFLI
CASSDRSSYNSPLHF	ELYSPIFLI
CASSQEGQGRNEQFF	ELYSPIFLI
CASSFSGINYNEQFF	ELYSPIFLI
CASSPAGGYNEQFF	ELYSPIFLI
CASSSLAETYNEQFF	ELYSPIFLI
CSVLAGVNEQFF	ELYSPIFLI
CASSEGGAGGRDEQYF	ELYSPIFLI
CAISESDEQYF	ELYSPIFLI
CASSLREHESTDTQYF	ELYSPIFLI
CASRAGHTDTQYF	ELYSPIFLI
CASSPVVDPAEAFF	ELYSPIFLI
RASSSPTYQPQHF	ELYSPIFLI
CASSLDRSRQVSNEQFF	ELYSPIFLI
CASSAGPRNEQFF	ELYSPIFLI
CASSLTTGTDTQYF	ELYSPIFLI
CASSYSVANTNYGYTF	ELYSPIFLI
CSVEGGYEQYF	ELYSPIFLI
CASSPMGGQETQYF	ELYSPIFLI
CASKQQGGEAFF	ELYSPIFLI
CASSSIAGGPYEQYF	ELYSPIFLI
CASSEGASGAIYEQYF	ELYSPIFLI
CASSLGSHTEAFF	ELYSPIFLI
CASSSGYQETQYF	ELYSPIFLI
CASNAGGLNEQFF	ELYSPIFLI
CASSHNRDVSYEQYF	ELYSPIFLI
CASSTGTVEAFF	ELYSPIFLI
CASSSERYQETQYF	ELYSPIFLI
CASSLFGLAVETGELFF	ELYSPIFLI
CASSYWASGPGNEQFF	ELYSPIFLI
CASSLQTGTGVEKLFF	ELYSPIFLI
CASRTPGQGNEKLFF	ELYSPIFLI
CASSQDRVSWAFF	ELYSPIFLI
CASSVLDRGLSGNTIYF	ELYSPIFLI
CSARTGTGGQILDLYEQYF	ELYSPIFLI
CASSSGGRETQYF	ELYSPIFLI
CASSQTSVQGAFNYEQYF	ELYSPIFLI
CASSPLTGPEKLFF	ELYSPIFLI
CASSGGINSYNEQFF	ELYSPIFLI
CASSLLGGGSYEQYF	ELYSPIFLI
CASSGSGQGPYEQYF	ELYSPIFLI
CASSRGQGQPQHF	ELYSPIFLI
CASSQDGSSYNEQFF	ELYSPIFLI
CSAGASYEQYF	ELYSPIFLI
CASSPGTGGTEAFF	ELYSPIFLI
CSVEPGGSSYNEQFF	ELYSPIFLI
CASSLSGQGYNQPQHF	ELYSPIFLI
CASSFTGGPYEQYF	ELYSPIFLI
CASRPIAGPIDTQYF	ELYSPIFLI
CASSLAPGQGAEAFF	ELYSPIFLI
CASDSGLPWDEQFF	ELYSPIFLI
CASSFSSSYNEQFF	ELYSPIFLI
CASSLAPGGLTEAFF	ELYSPIFLI
CASTPTGGNTGELFF	ELYSPIFLI
CARTLGCGSRNIQYF	ELYSPIFLI
CASSLVPGQGGNTIYF	ELYSPIFLI
CASSIMSGALDEQYF	ELYSPIFLI
CASSLGVSVDRDTEAFF	ELYSPIFLI
CASSLNNFYNEQFF	ELYSPIFLI
CASSLTGGARSNQPQHF	ELYSPIFLI
CASSLSGGPYEQYF	ELYSPIFLI
CASSLGVTVGLETQYF	ELYSPIFLI
CASKQVGGPGDTQYF	ELYSPIFLI
CASSQDTSGGFGTDTQYF	ELYSPIFLI
CASSTWTGGSYEQYF	ELYSPIFLI
CASMFGGHNEQFF	ELYSPIFLI
CASSVATGGYEQYF	ELYSPIFLI
CASSAQPIFFGDEQFF	ELYSPIFLI
CASSLAGFGQPQHF	ELYSPIFLI
CASSHGFGPSAEYF	ELYSPIFLI
CASEGWTGAYNEQFF	ELYSPIFLI
CASSQFMKVASTYNEQFF	ELYSPIFLI
CASSSAIGGRLGYTF	ELYSPIFLI
CASSLVLAGDYEQYF	ELYSPIFLI
CASSQWGPSYTGELFF	ELYSPIFLI
CASSEGAGYEETQYF	ELYSPIFLI
CASSGQEDPDYNEQFF	ELYSPIFLI
CASSVAGQGVVDTEAFF	ELYSPIFLI
CASSQPGQGTNEQFF	ELYSPIFLI
CASSAVGTSGSYNEQFF	ELYSPIFLI
CASSLPQAAYNEQFF	ELYSPIFLI
CAEGSSYNEQFF	ELYSPIFLI
CASSPGPLGPYEQYF	ELYSPIFLI
CASSQWTGFYEQYF	ELYSPIFLI
CASQQVNTEAFF	ELYSPIFLI
CSVEGPGQVLSYTF	ELYSPIFLI
CASSLWGGRYEQYF	ELYSPIFLI
CASMRAPFEYEQYF	ELYSPIFLI
CASSPLGINIQYF	ELYSPIFLI
CSVEDPGQGGAGYTF	ELYSPIFLI
CASSLGRLFSNQPQHF	ELYSPIFLI
CASSLDSNSGNTIYF	ELYSPIFLI
CASTSGQHNSPLHF	ELYSPIFLI
CASSLAGTVGPQLFF	ELYSPIFLI
CASSLSGLTTDTQYF	ELYSPIFLI
CASNIPGDRVETQYF	ELYSPIFLI
CASSTWTSGVQVEQYF	ELYSPIFLI
CASRARVSYEQYF	ELYSPIFLI
CASRGELEGWYEQYF	ELYSPIFLI
CASSFGGAGSETQYF	ELYSPIFLI
CASSQARTDNQPQHF	ELYSPIFLI
CASGLELPNEQFF	ELYSPIFLI
CASSIAGAADTQYF	ELYSPIFLI
CASSLEGGLTYEQYF	ELYSPIFLI
CASSPGIGQVTEAFF	ELYSPIFLI
CASSLAKGYGEAFF	ELYSPIFLI
CASSLVLSGELFF	ELYSPIFLI
CASSQNEAQLGNTIYF	ELYSPIFLI
CSGQGGADEKLFF	ELYSPIFLI
CASSWGYEQYF	ELYSPIFLI
CASSPRQGKIDEQYF	ELYSPIFLI
CASSLEQGGTEAFF	ELYSPIFLI
CSVGPTGIAYEQYF	ELYSPIFLI
CASSWDLQAQHF	ELYSPIFLI
CASSLLEGQAWTDTQYF	ELYSPIFLI
CASSHQLGTSGNNEQFF	ELYSPIFLI
CASSPAGLYEQYF	ELYSPIFLI
CASGGQGALRGEKLFF	ELYSPIFLI
CASRTGDYPSYEQYF	ELYSPIFLI
CSVEEGGLLGYTF	ELYSPIFLI
CASSFQGAGNQPQHF	ELYSPIFLI
CASSNLNPLGLTGELFF	ELYSPIFLI
CASSPDLTGGTETQYF	ELYSPIFLI
CASSLGQGLYNEQFF	ELYSPIFLI
CASSLGGGLSYEQYF	ELYSPIFLI
CASSYGGRYNEQFF	ELYSPIFLI
CASSVYISELMGSYNSPLHF	ELYSPIFLI
CSARLAGGPVGELFF	ELYSPIFLI
CASSLSPGGFYNEQFF	ELYSPIFLI
CASSPSGQGVTYEQYF	ELYSPIFLI
CASSLGGYEQYF	ELYSPIFLI
CASSSPDYWNEQFF	ELYSPIFLI
CASSLALAGNNEQFF	ELYSPIFLI
CASSYVGKQETQYF	ELYSPIFLI
CSMEGGSTDTQYF	ELYSPIFLI
CASSLGQGPEKLFF	ELYSPIFLI
CASSSGTDHYGYTF	ELYSPIFLI
CASSLIGPGAVETQYF	ELYSPIFLI
CASSFGGSYEQYF	ELYSPIFLI
CASSLDGGYEQYF	ELYSPIFLI
CASSYSQNTEAFF	ELYSPIFLI
CASSLVDRNEQFF	ELYSPIFLI
CASSQDSGGTDTQYF	ELYSPIFLI
CAIFEGDTRGYGYTF	ELYSPIFLI
CASSAPGQGKNIQYF	ELYSPIFLI
CASSQDWGTAHNEQFF	ELYSPIFLI
CASSLPDRETQYF	ELYSPIFLI
CASSYWAGAVNEQFF	ELYSPIFLI
CASSIGQGGSEQYF	ELYSPIFLI
CASSLTDTGELFF	ELYSPIFLI
CASSQEPSGVYEQYF	ELYSPIFLI
CASSLSHLGTDTQYF	ELYSPIFLI
CSVEASDYEQYF	ELYSPIFLI
CASSVARNSPLHF	ELYSPIFLI
CASRKGSGVEAFF	ELYSPIFLI
CSALAGVNEQYF	ELYSPIFLI
CASSTGLAGGNNEQFF	ELYSPIFLI
CASSQIGLAASYEQYF	ELYSPIFLI
CSALTTGAPRGEQFF	ELYSPIFLI
CASGNTGGVETQYF	ELYSPIFLI
CASSEGGGSVYEQYF	ELYSPIFLI
CASSKKEMGNRGNTIYF	ELYSPIFLI
CASSREGQGGDDGYTF	ELYSPIFLI
CASSFTGGNTGELFF	ELYSPIFLI
CASSLEGMETQYF	ELYSPIFLI
CASSPAGVTDTQYF	ELYSPIFLI
CSVDPSSYNEQFF	ELYSPIFLI
CASSQGTSGHTDTQYF	ELYSPIFLI
CASSFIAGVNEQYF	ELYSPIFLI
CASSQSLTPSYEQYF	ELYSPIFLI
CASPLWWEQYF	ELYSPIFLI
CASSPLGQGFAYEQYF	ELYSPIFLI
CASSPGTVNTGELFF	ELYSPIFLI
CASRGTGGIYEQYF	ELYSPIFLI
CASSQVGTGFNQPQHF	ELYSPIFLI
CASSLIWGRAGNEQFF	ELYSPIFLI
CASSVAPPTGSLGTYEQYF	ELYSPIFLI
CASSQDGTGGNYEQYF	ELYSPIFLI
CASSYTREGYTF	ELYSPIFLI
CASSLGNEQYF	ELYSPIFLI
CASSLLMGGAPGELFF	ELYSPIFLI
CACSPWNTEAFF	ELYSPIFLI
CASSLPKATGNTIYF	ELYSPIFLI
CARSNTGEGTGELFF	ELYSPIFLI
CASSHWGAKNIQYF	ELYSPIFLI
CASSLGGYEQYF	ELYSPIFLI
CASSAVNTGELFF	ELYSPIFLI
CASSQDGTDYTDTQYF	ELYSPIFLI
CASSLGQGWTGELFF	ELYSPIFLI
CSVVFAYEQYF	ELYSPIFLI
CASSLVAGNTDTQYF	ELYSPIFLI
CASSLDEKLFF	ELYSPIFLI
CASSQRKAGDTYEQYF	ELYSPIFLI
CASSRPGTGEDTQYF	ELYSPIFLI
CSARDLGQFNTGELFF	ELYSPIFLI
CASSQPLQGGGTDTQYF	ELYSPIFLI
CASSLLQYMGLNEQFF	ELYSPIFLI
CASSADRVLFEQYF	ELYSPIFLI
CASSLVAGDTDTQYF	ELYSPIFLI
CASSLATGYEQYF	ELYSPIFLI
CASSSPPASLYEQYF	ELYSPIFLI
CASSLGGSDTQYF	ELYSPIFLI
CASSAGPRNEQFF	ELYSPIFLI
CASRPGTGFGTQYF	ELYSPIFLI
CASSSPRGSSYNEQFF	ELYSPIFLI
CASSSFFSGGQETQYF	ELYSPIFLI
CATSPGGAGGPYNEQFF	ELYSPIFLI
CASSQVAHTDTQYF	ELYSPIFLI
CASSLGSGGDTEAFF	ELYSPIFLI
CASSSGGGMQPQHF	ELYSPIFLI
CASSYHTGSGVLTGELFF	ELYSPIFLI
CASSQDTGFGNTIYF	ELYSPIFLI
CSMTGTEGFEQYF	ELYSPIFLI
CASSYSSWETQYF	ELYSPIFLI
