CDR3	AA
CASSFGTGPNEKLFF	SQSIIAYTM
CASSFANPIPTKDRGGYNEQFF	SQSIIAYTM
CASSPNMQGYTF	SQSIIAYTM
CASSFGAGELFF	SQSIIAYTM
CASSPNMVFGYTF	SQSIIAYTM
CASSSDSEGNTIYF	SQSIIAYTM
CASSYLAGGGVSTDTQYF	SQSIIAYTM
CSARSRNTEAFF	SQSIIAYTM
CASSTGLAVEQYF	SQSIIAYTM
CASSQDGLAGVAQYF	SQSIIAYTM
CASSPTAGGNYGYTF	SQSIIAYTM
CASSSGYNEQFF	SQSIIAYTM
CAWSVPRYSGNTIYF	SQSIIAYTM
CASSWGNNEQFF	SQSIIAYTM
CASRGQGATEAFF	SQSIIAYTM
CSAQGLDGNEQFF	SQSIIAYTM
CASRASRGSSYEQYF	SQSIIAYTM
CASSQAASGNNEQFF	SQSIIAYTM
CASSLVGRIQETQYF	SQSIIAYTM
CASSLWGTSGEYNEQFF	SQSIIAYTM
CASSQEQVPYNEQFF	SQSIIAYTM
CASSQDSMGLNYGYTF	SQSIIAYTM
CASRDTLYQETQYF	SQSIIAYTM
CASSVDSPGGEAFF	SQSIIAYTM
CASSEETSGNEQYV	SQSIIAYTM
CASSPPWGRSNQPQHF	SQSIIAYTM
CASSSLGAEAFF	SQSIIAYTM
CASSFVSGQETQYF	SQSIIAYTM
CASSFEISSYNEQFF	SQSIIAYTM
CASSMGATVTGELFF	SQSIIAYTM
CASSSRTGEDTQYF	SQSIIAYTM
CASSGQGWEQYF	SQSIIAYTM
CASSVSAYEQYF	SQSIIAYTM
CASSLRTSGKGSYEQYF	SQSIIAYTM
CASRRQGNEKLFF	SQSIIAYTM
CASMGVAAFF	SQSIIAYTM
CASSPGHRRGEQYF	SQSIIAYTM
CATQPLAGAHNEQFF	SQSIIAYTM
CASSLWDEQYF	SQSIIAYTM
CASSSGLSYEQYF	SQSIIAYTM
CSARGTSGGALYNEQFF	SQSIIAYTM
CASSVDGNTEAFF	SQSIIAYTM
CASSPEAPEPVAFF	SQSIIAYTM
CASSPVPGLAGGPVHEQFF	SQSIIAYTM
CASMGRGPYEQYF	SQSIIAYTM
CASSFGPINQPQHF	SQSIIAYTM
CASSRGRGDEQFF	SQSIIAYTM
CASSQGWVEQFF	SQSIIAYTM
CASSPLDRGPVNEKLFF	SQSIIAYTM
CASSKMWGPGLAPQRNEQYF	SQSIIAYTM
CASSLQGEWEQYF	SQSIIAYTM
CASSLLGGEAFF	SQSIIAYTM
CASSYHSLTDTQYF	SQSIIAYTM
CASSDTGEGTEAFF	SQSIIAYTM
CASSRIRDGQYNEQFF	SQSIIAYTM
CASSLGAPGELFF	SQSIIAYTM
CASSPGGSTDTQYF	SQSIIAYTM
CASSQGAGSGGGTDTQYF	SQSIIAYTM
CASSQDPPGPEAFF	SQSIIAYTM
CASREGQGILFF	SQSIIAYTM
CASSQERNTEAFF	SQSIIAYTM
CASSQHPAGTANYGYTF	SQSIIAYTM
CASSYSEGEGGNQPQHF	SQSIIAYTM
CASSQDQAKSYEQYF	SQSIIAYTM
CASSFETGYNEQFF	SQSIIAYTM
CASSLFGNEQFF	SQSIIAYTM
CAISEGGDIQYF	SQSIIAYTM
CASSLEGRTGPLETQYF	SQSIIAYTM
CASTDYLETQYF	SQSIIAYTM
CASSYSGAGTSNQPQHF	SQSIIAYTM
CASSQGIDEQFF	SQSIIAYTM
CASLDTYEQYF	SQSIIAYTM
CASSEDYSYEQYF	SQSIIAYTM
CASSLGGITEAFF	SQSIIAYTM
CASSSTSGGTYNEQFF	SQSIIAYTM
CASLGGERDYEQYF	SQSIIAYTM
CATPGQGPNQPQHF	SQSIIAYTM
CASSSGRHQPQHF	SQSIIAYTM
CASSSYNEQFF	SQSIIAYTM
CASSSGLVREQYF	SQSIIAYTM
CASSLGGNYEQYF	SQSIIAYTM
CASSLYPGQEDNSPLHF	SQSIIAYTM
CASSGQGWTTEAFF	SQSIIAYTM
CASSLGRGYEQYF	SQSIIAYTM
CASSLIGDYNEQFF	SQSIIAYTM
CASSPGQGPTKETQYF	SQSIIAYTM
CASSLAGGGTDTQYF	SQSIIAYTM
CASSYDRGALEQYF	SQSIIAYTM
CASSLRGGYEQYF	SQSIIAYTM
CASSPTSPQNIQYF	SQSIIAYTM
CATRTGGTTDTQYF	SQSIIAYTM
CASTLGGGYNEQFF	SQSIIAYTM
CASSLGQGASNQPQHF	SQSIIAYTM
CASSMGPISYNEQFF	SQSIIAYTM
CASVGDTQYF	SQSIIAYTM
CASTNGRVNEQFF	SQSIIAYTM
CASLGDTQYF	SQSIIAYTM
CASSLSEGNEQFF	SQSIIAYTM
CASSRGTGSPLHF	SQSIIAYTM
CASSLLGETQYF	SQSIIAYTM
CASSRNLYEQYF	SQSIIAYTM
CASSWGGSEQFF	SQSIIAYTM
CASSNNFRDRGTSGTLDEQYV	SQSIIAYTM
CASSPLGGTLFF	SQSIIAYTM
CASSGSPGTGEKYEQYF	SQSIIAYTM
CATQGGGYNEQFF	SQSIIAYTM
CASSQDSTSSGSYEQYF	SQSIIAYTM
CASGTRGNEQFF	SQSIIAYTM
CASSAGGPWDEQFF	SQSIIAYTM
CASGLARALALGTEAFF	SQSIIAYTM
CASSFPGLTGWVTEAFF	SQSIIAYTM
CASSSATGLAAGELFF	SQSIIAYTM
CASSGRDNSYNEQFF	SQSIIAYTM
CASTVAGGGYNEQFF	SQSIIAYTM
CASLGDIQYF	SQSIIAYTM
