CDR3	AA
CASSLGAISVSYGYTF	ALALLLLDR
CSARGTSGNPYEQYF	ALALLLLDR
CASSGTGGYTDTQYF	ALALLLLDR
CASSPPPGMTQETQYF	ALALLLLDR
CASSQERGRVSFGYTF	ALALLLLDR
CASSPDSVEQYF	ALALLLLDR
CATRGPQSTVTNTEAFF	ALALLLLDR
CSVRGAANDNTEAFF	ALALLLLDR
CASSPPLTVYGYTF	ALALLLLDR
CASSQEAANQETQYF	ALALLLLDR
CASTGSGTGPYEQFF	ALALLLLDR
CASSSIGGIQPQHF	ALALLLLDR
CASSLGQVHNEQFF	ALALLLLDR
CASSLHDGTNEKLFF	ALALLLLDR
CASSQESGVYNEQFF	ALALLLLDR
CASSIGEGENEQFF	ALALLLLDR
CASSQDSSSYNEQFF	ALALLLLDR
CASAPGNYEQYF	ALALLLLDR
CASSSGTGYNYGYTF	ALALLLLDR
CASSLFPISSGGSDTQYF	ALALLLLDR
CSARGTESYEQYV	ALALLLLDR
CASSYPGAAYGYTF	ALALLLLDR
CASSPAGLSDYGYTF	ALALLLLDR
CASGLPMGDIQNIQYF	ALALLLLDR
CASSLDRDDMNTEAFF	ALALLLLDR
CASSQPGLYNEQFF	ALALLLLDR
CASKLGPSYINEQFF	ALALLLLDR
CASSLDQTARGHEAFF	ALALLLLDR
CSVAATSVSYEQYF	ALALLLLDR
CASSFRLAVYEQYF	ALALLLLDR
CASSWPGAYYGYTF	ALALLLLDR
CAISESFSPLHF	ALALLLLDR
CASSQEWQGADEQFF	ALALLLLDR
CASSQAAGTVNTGELFF	ALALLLLDR
CASSVGTGINSPLHF	ALALLLLDR
CASSQDYMPGVRETQYF	ALALLLLDR
CASSQGAGTTNTGELFF	ALALLLLDR
CASSRPTSGPTYEQYF	ALALLLLDR
CASTVGTGDYGYTF	ALALLLLDR
CSANHWTVNEQFF	ALALLLLDR
CASSEEASYNSPLHF	ALALLLLDR
CASSLSRDEQYF	ALALLLLDR
CASGDSSYEQYF	ALALLLLDR
CASSPTGGYTDTQYF	ALALLLLDR
CASSLGQGSEQETQYF	ALALLLLDR
CSVVLAGNTGELFF	ALALLLLDR
CASSFPGSLTQYF	ALALLLLDR
CASSGLRTSTTDTQYF	ALALLLLDR
CASTDAGSGGALNEQFF	ALALLLLDR
CASSLILGEGSQVGGSPLHF	ALALLLLDR
CASSQEGRDTEAFF	ALALLLLDR
CASSPRGSYNSPLHF	ALALLLLDR
CASSYQGAYEQYF	ALALLLLDR
CASSLDRDLQNYGYTF	ALALLLLDR
CASNHLGRGDEQFF	ALALLLLDR
CSVVVGYNEQFF	ALALLLLDR
CASSLVPGVNQPQHF	ALALLLLDR
CASSQGGGITGELFF	ALALLLLDR
CASSGAASWTYEQYF	ALALLLLDR
CASSGLAGYTGELFF	ALALLLLDR
CASSGVAGGIETQYF	ALALLLLDR
CASSYQMSNYGYTF	ALALLLLDR
CASSFAQAASPLHF	ALALLLLDR
CASSPGQGYSYEQYF	ALALLLLDR
CASSPMGGYPYEQYF	ALALLLLDR
CASSLAGLTYEQYF	ALALLLLDR
CASSFGQVNQPQHF	ALALLLLDR
CASSSTEEGAYEQYF	ALALLLLDR
CAIGRTGSVYEQYF	ALALLLLDR
CASSQDPGTPEKLFF	ALALLLLDR
CSGGGGSEQYF	ALALLLLDR
CASSYGGLGVNEQFF	ALALLLLDR
CASSLGTGASTDTQYF	ALALLLLDR
CASSLAGGGYTDTQYF	ALALLLLDR
CASSYVPPGVQETQYF	ALALLLLDR
CASRREYSNQPQHF	ALALLLLDR
CSARTQGREETQYF	ALALLLLDR
CAIGTAGNYEQYF	ALALLLLDR
CASSSLAGYYNEQFF	ALALLLLDR
CASSPPMGVGYGYTF	ALALLLLDR
CAISESGTGTDTQYF	ALALLLLDR
CASSQDFGYSVEQYF	ALALLLLDR
CASSWDSRYEQYF	ALALLLLDR
CSVFGGDSTDTQYF	ALALLLLDR
CASTNGVGRDTEAFF	ALALLLLDR
CSVVDGSYEQYF	ALALLLLDR
CASSQIGLAYNEQFF	ALALLLLDR
CSVGKLAEPFFYNEQFF	ALALLLLDR
CATLGYDYTEAFF	ALALLLLDR
CSAGDTEAFF	ALALLLLDR
CASAYGQGAGGYTF	ALALLLLDR
CASSGALNTGELFF	ALALLLLDR
CASSLRVLHFSTDTQYF	ALALLLLDR
CSVGTGGPGYEQYF	ALALLLLDR
CASSPSGGAYGYTF	ALALLLLDR
CSVLGTELYEQYF	ALALLLLDR
CASSSLAVSSTDTQYF	ALALLLLDR
CAISDGRDLYGYTF	ALALLLLDR
CASSLGSYEQYF	ALALLLLDR
CASSHGSGTLNTGELFF	ALALLLLDR
CASNSLSGELFF	ALALLLLDR
CASSERPGSFGTGELFF	ALALLLLDR
CASTTGDSFYNEQFF	ALALLLLDR
CASSPGLALDEQFF	ALALLLLDR
CSARRTGLAVLQETQYF	ALALLLLDR
CASSPPSIYVGNEQFF	ALALLLLDR
CASSIEQALIDPEGGYTF	ALALLLLDR
CASSHLGTVNTEAFF	ALALLLLDR
CASSQAQGIVGYTF	ALALLLLDR
CASSFQNYGYTF	ALALLLLDR
CASSSQGWNTEAFF	ALALLLLDR
CASSLQGTQPQHF	ALALLLLDR
CASSSHSGGEYEQFF	ALALLLLDR
CASRISYEQYF	ALALLLLDR
CSARDVSGVYPSYEQYF	ALALLLLDR
CATSDFRDSNTGELFF	ALALLLLDR
CASSYNRLSGNTIYF	ALALLLLDR
CATSDFKRENTGELFF	ALALLLLDR
CASSQGYGEAFF	ALALLLLDR
CASSDKREISSYNEQFF	ALALLLLDR
CASSRGTENNSPLHF	ALALLLLDR
CSAQGVAQGTSVEQYF	ALALLLLDR
CASSLEGSGNEQFF	ALALLLLDR
CASSATSGGADTQYF	ALALLLLDR
CASSLYGPPLNNEQFF	ALALLLLDR
CASSLARGNQPQHF	ALALLLLDR
CASSHTFPAYEQYF	ALALLLLDR
CASSYRQGQNTGELFF	ALALLLLDR
CASSLDGNTGELFF	ALALLLLDR
CASSPGTSGRTDTQYF	ALALLLLDR
CSASGGHSYEQYF	ALALLLLDR
CASSFLGRQETQYF	ALALLLLDR
CASSQLGLGSPLHF	ALALLLLDR
CASGSPWESNEQFF	ALALLLLDR
CASSFGEQYF	ALALLLLDR
CASSSSESGWTEAFF	ALALLLLDR
CASSFTSGGADEQFF	ALALLLLDR
CASSQGWGDYGYTF	ALALLLLDR
CASSFPSGTVYNEQFF	ALALLLLDR
CASSLTASGVGNQPQHF	ALALLLLDR
CASSLILPSYEQYF	ALALLLLDR
CASSEGHVYEQYF	ALALLLLDR
CASSLALWSSTDTQYF	ALALLLLDR
CASSLARGYTYEQYF	ALALLLLDR
CSARVPGAGEVWSSYEQYF	ALALLLLDR
CASSSGQEPTRAFF	ALALLLLDR
CSARLSSGLQTYEQYF	ALALLLLDR
CASSQGSGTMNTGELFF	ALALLLLDR
CASSSGLAFEQFF	ALALLLLDR
CASSPSLQGPGSNSPLHF	ALALLLLDR
CASSPGLAGTGNEQFF	ALALLLLDR
CASIVGTNEKLFF	ALALLLLDR
CASSTHNYGYTF	ALALLLLDR
CASSQGGLSYEQYF	ALALLLLDR
CASSPVGGTEQFF	ALALLLLDR
CASSYGYKFYEQYF	ALALLLLDR
CASSESNYNEQFF	ALALLLLDR
CASSLGAGARVSYGYTF	ALALLLLDR
CATSDYEGENTGELFF	ALALLLLDR
CASSLTGSTGELFF	ALALLLLDR
CASSQDPGTGYTGELFF	ALALLLLDR
CASSYSLRTEAFF	ALALLLLDR
CASSSGTNKLPYEQYF	ALALLLLDR
CAWGTSDEQFF	ALALLLLDR
CASSDSMVRGINIQYF	ALALLLLDR
CASSDQGGGTDTQYF	ALALLLLDR
CASNEGPPGNQPQHF	ALALLLLDR
CASTPAGSYNEQFF	ALALLLLDR
CASSLGPDRGKYF	ALALLLLDR
CSARDEDSGLAGRSSYEQYF	ALALLLLDR
CASRAYTSAYNEQFF	ALALLLLDR
CASSQAGLSYEQYF	ALALLLLDR
CASSQGSGTVFTGELFF	ALALLLLDR
CASSYYGIPDTQYF	ALALLLLDR
CAVILGHYVETQYF	ALALLLLDR
CASSPGTSGTQETQYF	ALALLLLDR
CASSSAGAGIETQYF	ALALLLLDR
CASSNPYEQYF	ALALLLLDR
