CDR3	AA
CASSPHGQGQETQYF	VLPFNDGVY
CASSSPGQGHNEQFF	VLPFNDGVY
CASSQNTGTGGTDTQYF	VLPFNDGVY
CATRTSGEFNEQFF	VLPFNDGVY
CASRSSGSSYNEQFF	VLPFNDGVY
CASSNPGQGEETQYF	VLPFNDGVY
CASSVGVKTPEQYF	VLPFNDGVY
CASSQAPATSGRALDTQYF	VLPFNDGVY
CSVADAGEQFF	VLPFNDGVY
CASSEARGEQYF	VLPFNDGVY
CASSPGGSNQPQHF	VLPFNDGVY
CASSLGASGNEQFF	VLPFNDGVY
CASFDPINNYGYTF	VLPFNDGVY
CASSSQPGTANTEAFF	VLPFNDGVY
CASSAFPEGEQYF	VLPFNDGVY
CATSDAPGQFIQETQYF	VLPFNDGVY
CASSLAGVPYEQYF	VLPFNDGVY
CASTGQGVVFEQYF	VLPFNDGVY
CASSLRREITDTQYF	VLPFNDGVY
CASSPTSGRADTQYF	VLPFNDGVY
CASSQVLVGDEQFF	VLPFNDGVY
CASRPGQSYEQYF	VLPFNDGVY
CASSLAGMSSYNEQFF	VLPFNDGVY
CASSPQGFFYEQYF	VLPFNDGVY
CASSLELTEAFF	VLPFNDGVY
CASMGTGTYEQYF	VLPFNDGVY
CAISGAGNEQYF	VLPFNDGVY
CASSLGQGSPPKTQYF	VLPFNDGVY
CASSEATSNTEAFF	VLPFNDGVY
CASSLQGDNEQFF	VLPFNDGVY
CASSFLTDRGTDTQYF	VLPFNDGVY
CASRPRGSYEQYF	VLPFNDGVY
CASSEGYGAKNIQYF	VLPFNDGVY
CASSGGTGPDTQYF	VLPFNDGVY
CSVLNLRNTGELFF	VLPFNDGVY
CASRPPWGYEQYF	VLPFNDGVY
CASNPGPGGSEQYF	VLPFNDGVY
CASSAPGGDYMYEQYF	VLPFNDGVY
CSARDRGDYGYTF	VLPFNDGVY
CASSPGQGLKLYEQYF	VLPFNDGVY
CASRRTGANYQPQHF	VLPFNDGVY
CASSQERTPGETQYF	VLPFNDGVY
CARSVGGGQGANNEQFF	VLPFNDGVY
CASSSMGNEQFF	VLPFNDGVY
CASTGTASTDTQYF	VLPFNDGVY
CASRPDTQYF	VLPFNDGVY
CASSIGAGGVETQYF	VLPFNDGVY
CASSSPGRGGNTIYF	VLPFNDGVY
CASSHVSGGDGYTF	VLPFNDGVY
CASSLGTVNSNQPQHF	VLPFNDGVY
CASSSPGQGFYEQYF	VLPFNDGVY
CASSLLGRGADTQYF	VLPFNDGVY
CASSPSGSSYNEQFF	VLPFNDGVY
CASSPRQGGIYEQYF	VLPFNDGVY
CASSQEMRPGGNEQFF	VLPFNDGVY
CASSVVSTGELFF	VLPFNDGVY
CASQGSGRALFSYNEQFF	VLPFNDGVY
CSARDFLAGKETTQYF	VLPFNDGVY
CASSLSLRGYEQYF	VLPFNDGVY
CASSQEPGALGYGYTF	VLPFNDGVY
CASSQEEGQSYEQYF	VLPFNDGVY
CASSTTGAQPQHF	VLPFNDGVY
CSVRGKANYGYTF	VLPFNDGVY
CSARDRSSYEQYV	VLPFNDGVY
CASSVVGQGHDEQYF	VLPFNDGVY
CASSYTSDQETQYF	VLPFNDGVY
CASSLLQGNTEAFF	VLPFNDGVY
CASSPQGTQYF	VLPFNDGVY
CSAAGGTHYEQYF	VLPFNDGVY
CASSRYLGSYNEQFF	VLPFNDGVY
CASSDSGSSYNEQFF	VLPFNDGVY
CASSAFGQGANTIYF	VLPFNDGVY
CASSLGVFGNQPQHF	VLPFNDGVY
CASSSPSIAISYNEQFF	VLPFNDGVY
CASSLGVNNEQFF	VLPFNDGVY
CASSIYVETQYF	VLPFNDGVY
CASGDSLNTEAFF	VLPFNDGVY
CSVQFNYEQYF	VLPFNDGVY
CASNGLFGAVNQPQHF	VLPFNDGVY
CASSTTSGTGIKENIQYF	VLPFNDGVY
CASSFRGRGGETQYF	VLPFNDGVY
CASSPQGLAWETQYF	VLPFNDGVY
CASSAPGQGNTEAFF	VLPFNDGVY
CSARDFLGMQFGEQFF	VLPFNDGVY
CASSPTGLAGETQYF	VLPFNDGVY
CAIAAAGNHNEQFF	VLPFNDGVY
CASSKPGQGNEQFF	VLPFNDGVY
CASSVRTGSIYEQYF	VLPFNDGVY
CATSKPGLAGGTSYEQYF	VLPFNDGVY
CASSFPGLGKETQYF	VLPFNDGVY
CASSLGSYGGYEQYF	VLPFNDGVY
CASSYSPGSYGYTF	VLPFNDGVY
CASSATTGQGIHEQYF	VLPFNDGVY
CASSQEGLAGGYEQFF	VLPFNDGVY
CASSFFSGAGANVLTF	VLPFNDGVY
CASRVGGGQGANNEQFF	VLPFNDGVY
CASSPRQAIGDEQFF	VLPFNDGVY
CSARDFVGDTSYNEQFF	VLPFNDGVY
CSVRTENQPQHF	VLPFNDGVY
CASSIRVETQYF	VLPFNDGVY
CASSLVSSDTQYF	VLPFNDGVY
CASSDSLYRGGYTF	VLPFNDGVY
CASSQGPSGDEQFF	VLPFNDGVY
CASSQSGSSYNEQFF	VLPFNDGVY
CASSFSGSSYNEQFF	VLPFNDGVY
CASSLDRDRNQPQHF	VLPFNDGVY
CSVEQFSNQPQHF	VLPFNDGVY
CASSTGTRELFF	VLPFNDGVY
CASSTTGSSYEQYV	VLPFNDGVY
CARSVGGGQGANNEQFF	VLPFNDGVY
CASSFYGLAYEQYF	VLPFNDGVY
CSASDGSGETQYF	VLPFNDGVY
CASSWTGDGDIQYF	VLPFNDGVY
CSARVWGWETQYF	VLPFNDGVY
CASSLTSQGQETQYF	VLPFNDGVY
CSARDLFSGALDTQYF	VLPFNDGVY
CASSHLAGGPVYEQYF	VLPFNDGVY
CASTLQPDTQYF	VLPFNDGVY
CALERADSYEQYV	VLPFNDGVY
CASSFAGGAQETQYF	VLPFNDGVY
CASSLVGLGVPSYEQYV	VLPFNDGVY
CASSFPGGAKETQYF	VLPFNDGVY
CASSLGVNTEAFF	VLPFNDGVY
CASSQVSHGYTF	VLPFNDGVY
CASRPVTGTYEQYF	VLPFNDGVY
CASSGQTGTSGSNEQFF	VLPFNDGVY
CASLKTGLEWQYF	VLPFNDGVY
CASSSRPASGAGTLYQETQYF	VLPFNDGVY
CASSSGGGKLGEAFF	VLPFNDGVY
CSARALDNYGYTF	VLPFNDGVY
CASSQTGGNEQFF	VLPFNDGVY
CASSPRDVAYEQYF	VLPFNDGVY
CASSFPPGLAGLNEQFF	VLPFNDGVY
CASSQDPLGGGASYEQYF	VLPFNDGVY
CASSQDPRGGGASYEQYF	VLPFNDGVY
CASSDSINPYEQYF	VLPFNDGVY
CASSLGLAAYEQYF	VLPFNDGVY
CSASWVGYEQYF	VLPFNDGVY
CSARDSAGGDEQYF	VLPFNDGVY
CAISPSGNNEQFF	VLPFNDGVY
CASSMGRDADTQYF	VLPFNDGVY
CASSLYPPNTEAFF	VLPFNDGVY
CSASHPGPGEQPQHF	VLPFNDGVY
CASSLPGTEQFF	VLPFNDGVY
CASSSPGTAQETQYF	VLPFNDGVY
CASSFRQGGRPQHF	VLPFNDGVY
CASSFLSSLEETQYF	VLPFNDGVY
CASSNPGGANEKLFF	VLPFNDGVY
CASTSVEGGNEQFF	VLPFNDGVY
CAIGGTGPTTEAFF	VLPFNDGVY
CASSLFPPSRSSYNEQFF	VLPFNDGVY
CASSHQGAAKNIQYF	VLPFNDGVY
CAISDSGTGNYGYTF	VLPFNDGVY
CASSGQAESSYNEQFF	VLPFNDGVY
CASSSGIAGTNTGELFF	VLPFNDGVY
CASSGPTRGFETQYF	VLPFNDGVY
CASSLGPGMPNTGELFF	VLPFNDGVY
CASSVIADEQYF	VLPFNDGVY
CASSEGSRGLSGELFF	VLPFNDGVY
CASALWGGAQYF	VLPFNDGVY
CASSLDLRTQYF	VLPFNDGVY
CATNAGHGTEAFF	VLPFNDGVY
CASSSLGQGKETQYF	VLPFNDGVY
CASSTSSTVSSSYNEQFF	VLPFNDGVY
CASSLGGGGYRYEQYF	VLPFNDGVY
CASTGDSPDTQYF	VLPFNDGVY
CASSDKLNTEAFF	VLPFNDGVY
CASSLALADEQYF	VLPFNDGVY
CATSRGGLAGMNTGELFF	VLPFNDGVY
CASSSRTSGRPKTYNEQFF	VLPFNDGVY
CASSIYQNTEAFF	VLPFNDGVY
CASSPTGTSVRDEQFF	VLPFNDGVY
CASSYLATNEKLFF	VLPFNDGVY
CASSPTGTSGSYEQYF	VLPFNDGVY
CASSAPGQGMSEAFF	VLPFNDGVY
CAWSERGGNEQYF	VLPFNDGVY
CASSPMGGQGLGYTF	VLPFNDGVY
CASSLYGLSSYNEQFF	VLPFNDGVY
CASSSPGTGGQTQYF	VLPFNDGVY
CASSLGLDGGTQYF	VLPFNDGVY
CASSSEIDSYNEQFF	VLPFNDGVY
CASSYTNTEAFF	VLPFNDGVY
CATSGLWTSRGTGELFF	VLPFNDGVY
CASSSTGSSYNEQFF	VLPFNDGVY
CASSVEGPGGSDEQFF	VLPFNDGVY
CASSPKDYFDFF	VLPFNDGVY
CASSHAAYQETQYF	VLPFNDGVY
CAIRRPTDEQFF	VLPFNDGVY
CSVEDSKGNTEAFF	VLPFNDGVY
CASSRRGIVEAFF	VLPFNDGVY
CASSSWTAANYGYTF	VLPFNDGVY
CASSFFPGYEQYF	VLPFNDGVY
CSASPGSGELFF	VLPFNDGVY
CASSNNPGTRVYEQFF	VLPFNDGVY
CASSRMGLAGANDEQFF	VLPFNDGVY
CASSSPGQGREGYTF	VLPFNDGVY
CASSEKTQYF	VLPFNDGVY
CSARDGKASGLEQETQYF	VLPFNDGVY
CASSQGATQGTEAFF	VLPFNDGVY
CASSYAAGGPYNEQFF	VLPFNDGVY
CASSSTFSGRAGEQFF	VLPFNDGVY
CASSERRSSYNSPLHF	VLPFNDGVY
CASSQDHAKGAAYEQYF	VLPFNDGVY
CASSLGGSSYNEQFF	VLPFNDGVY
CASSDVPYEQYF	VLPFNDGVY
CASSLKGNEQFF	VLPFNDGVY
CASSQDFRGSYEQYF	VLPFNDGVY
CASSPPSGISDTQYF	VLPFNDGVY
CSARDLYSADQPQHF	VLPFNDGVY
CASAHDNLSQQYF	VLPFNDGVY
CASTGGPAGDTQYF	VLPFNDGVY
CASSRTGQALDGYTF	VLPFNDGVY
CASSPRASGPTPYNEQFF	VLPFNDGVY
CASSTSGTGYEQYF	VLPFNDGVY
CASSTSGSSYNEQFF	VLPFNDGVY
CASSMGSGGAVTQYF	VLPFNDGVY
CASSSFGTSGNNEQFF	VLPFNDGVY
CASRETPSSYNEQFF	VLPFNDGVY
CASSYSAGSSYEQYF	VLPFNDGVY
CSARDRTVSSYEQYF	VLPFNDGVY
CASSQHADTQYF	VLPFNDGVY
CASSHPGQGFDTQYF	VLPFNDGVY
CASSIYRNTEAFF	VLPFNDGVY
CASSFVTGGDTQYF	VLPFNDGVY
CASSSRGGGGETQYF	VLPFNDGVY
CASKANEKLFF	VLPFNDGVY
CASSFLKLRETGELFF	VLPFNDGVY
CASSPGTPDNEQYF	VLPFNDGVY
CASRQGADGNTIYF	VLPFNDGVY
CASSYSGSSYNEQFF	VLPFNDGVY
CASSVGWGSEQFF	VLPFNDGVY
CASSAGGLAGPGSYNEQFF	VLPFNDGVY
CASSLVSSTGGSQPQHF	VLPFNDGVY
CASSVGGKSTGELFF	VLPFNDGVY
CSARRDGQGDSDTQYF	VLPFNDGVY
CASSLSGSSYNEQFF	VLPFNDGVY
CASSLGFGISGNTIYF	VLPFNDGVY
CASSPTSGGGDTQYF	VLPFNDGVY
CASSSSGTPEQFF	VLPFNDGVY
CASAYRDSLRSSYNEQFF	VLPFNDGVY
CASSNDYTEAFF	VLPFNDGVY
CSARDEINSVKAYEQYF	VLPFNDGVY
CASSLAGDTYEQYF	VLPFNDGVY
CASSLLGGGNSPLHF	VLPFNDGVY
CASSSPGVNYGYTF	VLPFNDGVY
CAIGAGNQPQHF	VLPFNDGVY
CASSNPGSANEKLFF	VLPFNDGVY
CASSSGANVLTF	VLPFNDGVY
CASSSSGSSYNEQFF	VLPFNDGVY
CASSLTLGLFQETQYF	VLPFNDGVY
CASSPTGIVDTQYF	VLPFNDGVY
CSARDLSGILYEQYF	VLPFNDGVY
CASSSPGTGTETQYF	VLPFNDGVY
CASSVAQKDTQYF	VLPFNDGVY
CASSLGPGLSYNEQFF	VLPFNDGVY
CASSLTVNTEAFF	VLPFNDGVY
CASSYTSGTAVNEQYF	VLPFNDGVY
CASSQDRASGLSAYNEQFF	VLPFNDGVY
CASSLSLTIGFYGYTF	VLPFNDGVY
CASSPGTEQYF	VLPFNDGVY
CASSFVQAGGYQETQYF	VLPFNDGVY
CASSNELAGGPNEQFF	VLPFNDGVY
CSACDSSYNEQFF	VLPFNDGVY
CASHSGGRGQETQYF	VLPFNDGVY
CASTGQGKRAFF	VLPFNDGVY
CASSEAGGTGGLKTQYF	VLPFNDGVY
CSAREAGTIDYNEQFF	VLPFNDGVY
CASSSPPTYEQYF	VLPFNDGVY
CASSTIGLAGGPGYEQYF	VLPFNDGVY
CASTQTPGQSNNEQFF	VLPFNDGVY
CASSIVSGANVLTF	VLPFNDGVY
CASSVGALRYQETQYF	VLPFNDGVY
CASSPEGGFGVETQYF	VLPFNDGVY
CASSLAQGRSSYNEQFF	VLPFNDGVY
CASSYSSDQETQYF	VLPFNDGVY
CASSFPGGYNEQFF	VLPFNDGVY
CASSFRGQGEETQYF	VLPFNDGVY
CASSETVNTEAFF	VLPFNDGVY
CASSQDGVDYGYTF	VLPFNDGVY
CASSERLPPGELFF	VLPFNDGVY
CASSRVNNEQFF	VLPFNDGVY
CASSYSQETQYF	VLPFNDGVY
CATSDPGQGSWQYF	VLPFNDGVY
CASSLTSGGQETQYF	VLPFNDGVY
CASRRFRGDQTNYEQYF	VLPFNDGVY
CASSLSLAAYEQYF	VLPFNDGVY
CASSSSGQLNYGYTF	VLPFNDGVY
CASSSPGRGYNEQFF	VLPFNDGVY
CASSPTGNGQETQYF	VLPFNDGVY
CSARDRTSGRAEQFF	VLPFNDGVY
CASSFPSGTSGGPSTDTQYF	VLPFNDGVY
CSVGGLAGGYEQYF	VLPFNDGVY
CASSPTGEGTGELFF	VLPFNDGVY
CSARDLTAGGLHEQYF	VLPFNDGVY
CASSESFVRLGQIATYEQYF	VLPFNDGVY
CASSVGTGSSYEQYF	VLPFNDGVY
CASSYFGDLNNEQFF	VLPFNDGVY
CASSSPGQGAEGETQYF	VLPFNDGVY
CASSYSTDGELFF	VLPFNDGVY
CASMGLEETQYF	VLPFNDGVY
CASSLATATPYEQYF	VLPFNDGVY
CASSLAGERAQETQYF	VLPFNDGVY
CASSVGDRKTQYF	VLPFNDGVY
CASTLGWGGDNEQYF	VLPFNDGVY
CASSQGSGYEQYF	VLPFNDGVY
CSARGAPRIAKNIQYF	VLPFNDGVY
CASSSYLNTEAFF	VLPFNDGVY
CASSLGGLAYEQYF	VLPFNDGVY
CASQSQGNTEAFF	VLPFNDGVY
CASSDTGTGKETQYF	VLPFNDGVY
CASSLTDRGVPGELFF	VLPFNDGVY
CASSDKGNTEAFF	VLPFNDGVY
CASSPPGQLTDTQYF	VLPFNDGVY
CAISDPIRQETQYF	VLPFNDGVY
CASTLDRVNYNEQFF	VLPFNDGVY
CASSLDLREQFF	VLPFNDGVY
CASSQEVISGGSVNEQFF	VLPFNDGVY
CASSLVAGNSYNEQFF	VLPFNDGVY
CASREDRGLNTGELFF	VLPFNDGVY
CASSASGASYNEQFF	VLPFNDGVY
CASSWRQGLSTGELFF	VLPFNDGVY
CASSLTVLDEQFF	VLPFNDGVY
CASSLGPRGGEQYF	VLPFNDGVY
CASSSSAGHLNTGELFF	VLPFNDGVY
CASSQDWTAGQPQHF	VLPFNDGVY
CASSMGLVSGNTIYF	VLPFNDGVY
CASSLKGNTEAFF	VLPFNDGVY
CASSLGRTINEQFF	VLPFNDGVY
CASSFGGSGALEQYF	VLPFNDGVY
CASSFRGEGLETQYF	VLPFNDGVY
CASSPRGAFGSYNEQFF	VLPFNDGVY
CASSGTSGRYNEQFF	VLPFNDGVY
CASSLYTAVNTEAFF	VLPFNDGVY
CASSLYAEDNQPQHF	VLPFNDGVY
CASSFSDVYQETQYF	VLPFNDGVY
CASSESGVRVTEAFF	VLPFNDGVY
CASSPTDYTGELFF	VLPFNDGVY
CSVDSPTGGETQYF	VLPFNDGVY
CSAVGTSGGYEQFF	VLPFNDGVY
CASSLSQGWIDTQYF	VLPFNDGVY
CASSPRVSNEKLFF	VLPFNDGVY
CASSLHDRGYNEQFF	VLPFNDGVY
CASSSSGLAVYEQYF	VLPFNDGVY
CASSPGTGGAETQYF	VLPFNDGVY
CASSLEGTSGGYEQYF	VLPFNDGVY
CASKTSGSSYNEQFF	VLPFNDGVY
CSARPLAGGYNEQFF	VLPFNDGVY
CASSVGGGQGANNEQFF	VLPFNDGVY
CASTRSGAWPEAFF	VLPFNDGVY
CASSQWGNEQFF	VLPFNDGVY
CASSFVAARNEQFF	VLPFNDGVY
CASSVGTGFDEQFF	VLPFNDGVY
CASSFWGQPQHF	VLPFNDGVY
CASSTRGSSADTQYF	VLPFNDGVY
CASSPSPTGTDTQYF	VLPFNDGVY
CASSLLTGGAGNEQFF	VLPFNDGVY
CARSVGGGQGANNEQFF	VLPFNDGVY
CASRGGLAYEQYF	VLPFNDGVY
CASSLLAGAASYEQFF	VLPFNDGVY
CASTQTPGFNTEAFF	VLPFNDGVY
CASSYVAGELFF	VLPFNDGVY
CSARDLYGSEGTGELFF	VLPFNDGVY
CASSGLAGTGELFF	VLPFNDGVY
CSVVGPSGGYEQYF	VLPFNDGVY
CASSSGTSNNEQFF	VLPFNDGVY
CARSVGGGQGANNEQFF	VLPFNDGVY
CASSDPPTGGETQYF	VLPFNDGVY
CASSPGQGGTEAFF	VLPFNDGVY
CASTSDSSYEQYV	VLPFNDGVY
CASSLQGAYNEQFF	VLPFNDGVY
CASSPSGTSGSRNEQFF	VLPFNDGVY
CASSLALNTEAFF	VLPFNDGVY
CASGQSNEQFF	VLPFNDGVY
CASSEGLNPEQYF	VLPFNDGVY
CASSLYTGANTEAFF	VLPFNDGVY
CASSEQGDTYEQYF	VLPFNDGVY
CASSLLTGGNGNTIYF	VLPFNDGVY
CATSMGTTGAPLGYTF	VLPFNDGVY
CASRGETHEQFF	VLPFNDGVY
CASSYPRRQGGGQPQHF	VLPFNDGVY
CSARDLWTGEAFF	VLPFNDGVY
CASSMIGYEQYF	VLPFNDGVY
CAWSTGNTGELFF	VLPFNDGVY
CASSSGSGRALGEQYF	VLPFNDGVY
CASSQDLSGNEQFF	VLPFNDGVY
CAWRNSGLAGPDTAYNEQFF	VLPFNDGVY
CASSWGTTYEQYV	VLPFNDGVY
CASSVGNMNTEAFF	VLPFNDGVY
CASSIPRGLIDTQYF	VLPFNDGVY
CASSPGPRVDSPLHF	VLPFNDGVY
CAISESGEYNEQFF	VLPFNDGVY
CASSPPTGGSEAFF	VLPFNDGVY
CASSLVPDEQYF	VLPFNDGVY
CSARRTGGNFRQPQHF	VLPFNDGVY
CASSSPGQVYEQYF	VLPFNDGVY
CASSRETALEEKLFF	VLPFNDGVY
CASSRDSSGNTIYF	VLPFNDGVY
CASSLTGLHYEQYV	VLPFNDGVY
CASSLPRNSYKEQFF	VLPFNDGVY
CASSATGPSSYEQYF	VLPFNDGVY
CASSERNRGGEKLFF	VLPFNDGVY
CASSQGRQVGYTF	VLPFNDGVY
CASRPGSSYEQYF	VLPFNDGVY
CASSLQGNYEQYF	VLPFNDGVY
CASSLFPDRENEQYF	VLPFNDGVY
CASTRSAAGAFYEQYF	VLPFNDGVY
CASSFPGGGRETQYF	VLPFNDGVY
CASSLPGLAGVTRIDTQYF	VLPFNDGVY
CARGQGANYEQYF	VLPFNDGVY
CSAETSGGEETQYF	VLPFNDGVY
CASSLAGLETQYF	VLPFNDGVY
CASSLPPGYTGELFF	VLPFNDGVY
CASSLRTSGIPMDTQYF	VLPFNDGVY
CSAPSGGWSEQYF	VLPFNDGVY
CATSRGSRARNTGELFF	VLPFNDGVY
CASSAGQKNIQYF	VLPFNDGVY
CATSDNDGTGALASTDTQYF	VLPFNDGVY
CATSDLAPGQGASSYNEQFF	VLPFNDGVY
CASSLGVTGGGSYTF	VLPFNDGVY
CASKGGSLIEQYF	VLPFNDGVY
CASSHTGLAGETQYF	VLPFNDGVY
CASSLGFSGNQPQHF	VLPFNDGVY
CASRDSLSDTQYF	VLPFNDGVY
CASSTGWGQGAVEAFF	VLPFNDGVY
CASSLSGRRRNQPQHF	VLPFNDGVY
CASTGDSGNTEAFF	VLPFNDGVY
CASSQEDYSGNTIYF	VLPFNDGVY
CASSPRDRSDTQYF	VLPFNDGVY
CASSSKDREKATQYF	VLPFNDGVY
CASSGLGGGEFYEQYF	VLPFNDGVY
CASSYTTATYEQYF	VLPFNDGVY
CASSHGLAGARETQYF	VLPFNDGVY
CASSIPGQGAAFF	VLPFNDGVY
CASSSRGTNEKLFF	VLPFNDGVY
CTSSQNGAGVYNEQFF	VLPFNDGVY
CSARDFRLDSMNTEAFF	VLPFNDGVY
CASSLLDGELFF	VLPFNDGVY
CASSVGGGQGANNEQFF	VLPFNDGVY
CASSQDVGTGTDTQYF	VLPFNDGVY
CASTPGPGWGEYEQYF	VLPFNDGVY
CASSPPDDYEQYF	VLPFNDGVY
CAISESTGTGGPETQYF	VLPFNDGVY
CSANFIGDEQYF	VLPFNDGVY
CASSLVAGGPNEQFF	VLPFNDGVY
CASSQDGPGNQPQHF	VLPFNDGVY
CSVLDSRSYNEQFF	VLPFNDGVY
CASSPGQGYTF	VLPFNDGVY
CSARDLGISSYNEQFF	VLPFNDGVY
CASSITGTGGDEQFF	VLPFNDGVY
CASSAPSKGVTDTQYF	VLPFNDGVY
CASSPGTEIQETQYF	VLPFNDGVY
CASSQRSGGYYNEQFF	VLPFNDGVY
CASSLAGEVGNTIYF	VLPFNDGVY
CASSYSTENYGYTF	VLPFNDGVY
CASSMTTGELFF	VLPFNDGVY
CASTKGLAGLDTQYF	VLPFNDGVY
CSVEGGLGIGEQYF	VLPFNDGVY
CASSAPTSGRLEQYF	VLPFNDGVY
CASSLRQGSNQPQHF	VLPFNDGVY
CAIGAANEQFF	VLPFNDGVY
CASGGPGVDTQYF	VLPFNDGVY
CASSPEGTSGGNEQFF	VLPFNDGVY
CASSLTLAETQYF	VLPFNDGVY
CASSQGPQGWDGYTF	VLPFNDGVY
CASSFRGYNQPQHF	VLPFNDGVY
CSARDLRGQAIYEQYF	VLPFNDGVY
CASSPTGNYEQYV	VLPFNDGVY
CASSVGWGNEQYF	VLPFNDGVY
CASSQDLSGNPGYTF	VLPFNDGVY
CASSFGTRSYNEQFF	VLPFNDGVY
CASSPAGASGKVYNEQFF	VLPFNDGVY
CASSDTSGGVDEQFF	VLPFNDGVY
CASSLIRPGWGLHEQFF	VLPFNDGVY
CASSIYRNTEAFF	VLPFNDGVY
CASSEGTVATNEKLFF	VLPFNDGVY
CASSITGTGADTQYF	VLPFNDGVY
CASTPTGQGQETQYF	VLPFNDGVY
CASSHPVGGDYGYTF	VLPFNDGVY
CASSLALGDTEAFF	VLPFNDGVY
CASTPGTSGGAYLVQSTDTQYF	VLPFNDGVY
CASSPPDRSNEQFF	VLPFNDGVY
CASSLSGAMEQFF	VLPFNDGVY
CASSNRGQGQETQYF	VLPFNDGVY
CASSQDPLGGGATYEQYF	VLPFNDGVY
CASSDQNGAFGNEQFF	VLPFNDGVY
CASSIKENTEAFF	VLPFNDGVY
CASSDGGNTEAFF	VLPFNDGVY
CASSVGGKGTQYF	VLPFNDGVY
CASSEDPSGDTQYF	VLPFNDGVY
CASSSSLAAYEQYF	VLPFNDGVY
CASSQGTIGGYEQYF	VLPFNDGVY
CASRFSGSGLDTQYF	VLPFNDGVY
CASSGGTSGRSSYNEQFF	VLPFNDGVY
CASSPSGSSYNEQFF	VLPFNDGVY
CASSQEGPGTLFEQYF	VLPFNDGVY
CASSLVPGQGARAGELFF	VLPFNDGVY
CASSLVGEEFYNEQFF	VLPFNDGVY
CASSLAPGYQETQYF	VLPFNDGVY
CASSPRTGTNVLTF	VLPFNDGVY
CSARDFQGALMHEQYF	VLPFNDGVY
CASSRGQGVANTEAFF	VLPFNDGVY
CASSSPGTASYEQYF	VLPFNDGVY
CSARAPTSYEQYV	VLPFNDGVY
CSVVGAAGGFEQFF	VLPFNDGVY
CASSIVSGELFF	VLPFNDGVY
CASSYPPGDEQYF	VLPFNDGVY
CASSNHGTGQETQYF	VLPFNDGVY
CSARGLYTGELFF	VLPFNDGVY
CSARSAREAGVDSPLHF	VLPFNDGVY
CASSQEGGGGGPNTGELFF	VLPFNDGVY
CASSHLSGYQETQYF	VLPFNDGVY
CASSPAVVAGGNGGSYEQYF	VLPFNDGVY
CASSPPQSSYEQYF	VLPFNDGVY
CASNEVGQGNEKLFF	VLPFNDGVY
CASSSGLAGEQYF	VLPFNDGVY
CASSSPGQGREGYTF	VLPFNDGVY
CASSFPGQGQETQYF	VLPFNDGVY
CSASFFGIGGEKLFF	VLPFNDGVY
CATSDPVGYNEQFF	VLPFNDGVY
CASSLTSGGQETQYF	VLPFNDGVY
CASSLAGQGVYTF	VLPFNDGVY
CATRGGKSYEQYF	VLPFNDGVY
CASSSRGLGQETQYF	VLPFNDGVY
CASSPLRGDNEQFF	VLPFNDGVY
CASSLPGGGTEAFF	VLPFNDGVY
CASSSGLAGYEQYF	VLPFNDGVY
CASSLPMTSYEQYF	VLPFNDGVY
CASSQDSRGFYEQYF	VLPFNDGVY
CASSYVGAGLDTEAFF	VLPFNDGVY
CASSPGTSGGPGELFF	VLPFNDGVY
CAGEASGRSDEQFF	VLPFNDGVY
CSVVGTSGGHEQYF	VLPFNDGVY
CASSSQRGAEETQYF	VLPFNDGVY
CSASWASGGYEQYF	VLPFNDGVY
CASSSPGTAGETQYF	VLPFNDGVY
CASSPSGLAQTYEQYF	VLPFNDGVY
CASSQDSAGVGEQYF	VLPFNDGVY
CASSEGAGLSYEQYF	VLPFNDGVY
CSAETSPYEQYF	VLPFNDGVY
CASSDSLSPYEQYF	VLPFNDGVY
CASSSGTGYEQYF	VLPFNDGVY
CASSWLAGGTDTQYF	VLPFNDGVY
CASSSLGTSGETQYF	VLPFNDGVY
CAWSVFLNTEAFF	VLPFNDGVY
CSARTSSSYEQYV	VLPFNDGVY
CASSASPRGPTIYNEQFF	VLPFNDGVY
CARGSGGSDTQYF	VLPFNDGVY
CSASDRAVGLFSNQPQHF	VLPFNDGVY
CASSLSGSSYNEQFF	VLPFNDGVY
CASSSPGQGMNEQFF	VLPFNDGVY
CASSTPGLAGPNGTAQYF	VLPFNDGVY
CASSSTRTRTETQYF	VLPFNDGVY
CASSRVEGGEKLFF	VLPFNDGVY
CASSLLQNTEAFF	VLPFNDGVY
CASSLYTATNTEAFF	VLPFNDGVY
CASSSPGSGRNEQFF	VLPFNDGVY
CASSSTGKSSYNSPLHF	VLPFNDGVY
CASSLSLAETQYF	VLPFNDGVY
CASSSPGQGRNEQFF	VLPFNDGVY
CATSGGTGETLEQYF	VLPFNDGVY
CSVRPPERDTQYF	VLPFNDGVY
CASSQVEVTGELFF	VLPFNDGVY
CASSLYTGAAAEAFF	VLPFNDGVY
CASSYGIGYGQPQHF	VLPFNDGVY
CASSATGTGYNEQFF	VLPFNDGVY
CASSLEGGGYGNEQFF	VLPFNDGVY
CASRATSGTYNEQFF	VLPFNDGVY
CASSHAGQPQHF	VLPFNDGVY
CASSEPVYGEQYF	VLPFNDGVY
CASSPGTVNSNQPQHF	VLPFNDGVY
CASSLRGLEANYGYTF	VLPFNDGVY
CATSDRQGNQPQHF	VLPFNDGVY
CASSDGLNTEAFF	VLPFNDGVY
CASSPIQAGLGTDTQYF	VLPFNDGVY
CASSQPLGLAGFTGELFF	VLPFNDGVY
CSARDPGLVSYNEQFF	VLPFNDGVY
CASSVGGGRGTGVNEQYF	VLPFNDGVY
CAYFLSGTAQLSYEQYF	VLPFNDGVY
CASSERSGSYNSPLHF	VLPFNDGVY
CASSGRGAGIETQYF	VLPFNDGVY
CASSPASRTDTQYF	VLPFNDGVY
CASSIAGESDEQFF	VLPFNDGVY
CSARDPLANYEQYF	VLPFNDGVY
CASSLRRLPNEKLFF	VLPFNDGVY
CASSYNTGTGAGYTGELFF	VLPFNDGVY
CASSYWDRAYTGELFF	VLPFNDGVY
CASSLFPAGSSYNEQFF	VLPFNDGVY
CASTSSGLDYEQYF	VLPFNDGVY
CAISDPMVKGASAYGYTF	VLPFNDGVY
CASSLGGSYYGYTF	VLPFNDGVY
CASSQGSSGNTIYF	VLPFNDGVY
CANSRPGLDEQYF	VLPFNDGVY
