CDR3	AA
CASSGEREIRGEQYF	RTFKVSIWNL
CASSFATPGLSSAGELFF	RTFKVSIWNL
CASSAPGQGYNSPLHF	RTFKVSIWNL
CASSLGRGTGDHNEQFF	RTFKVSIWNL
CASSSLSSPEAFF	RTFKVSIWNL
CASSYSGKASTDTQYF	RTFKVSIWNL
CASSLHSLTGTGGYEQFF	RTFKVSIWNL
CASSASLWQLNTEAFF	RTFKVSIWNL
CASSFYDSLEQFF	RTFKVSIWNL
CASSEVVKLYYEQYF	RTFKVSIWNL
CASSGGSEQFF	RTFKVSIWNL
CASSVEGDAGTGIVYEQYF	RTFKVSIWNL
CASTTGPYNEQFF	RTFKVSIWNL
CASSQLLQNEQFF	RTFKVSIWNL
CSAREVAGESYNEQFF	RTFKVSIWNL
CSASRGGELFF	RTFKVSIWNL
CSARDLTGGLWDTQYF	RTFKVSIWNL
CASSQDRVNRGLYGYTF	RTFKVSIWNL
CATSWDRNQPQHF	RTFKVSIWNL
CASSQGPGGEWVSYEQYF	RTFKVSIWNL
CASSIPLFEAFF	RTFKVSIWNL
CASSLGGGGSYEQYF	RTFKVSIWNL
CSVAGTGMEPQHF	RTFKVSIWNL
CASSWGQGTGELFF	RTFKVSIWNL
CASSQVLSGGGGKTGTYEQYF	RTFKVSIWNL
CSVVVGAEAFF	RTFKVSIWNL
CASSVDGGRRGYTF	RTFKVSIWNL
CASSHSGGGELFF	RTFKVSIWNL
CASSVSRDGDSYEQYF	RTFKVSIWNL
CASSLRGDGTDTQYF	RTFKVSIWNL
CASSAWTSFNEQFF	RTFKVSIWNL
CATWDRQSNTQYF	RTFKVSIWNL
CASSQELAGGRWNPTDTQYF	RTFKVSIWNL
CSSGPDTEAFF	RTFKVSIWNL
CASSGLAGETYNEQFF	RTFKVSIWNL
CASSKTSGSLETQYF	RTFKVSIWNL
CASMEGGSYNEQFF	RTFKVSIWNL
CASSPRAPNEKLFF	RTFKVSIWNL
CASTGPGTSLYGEQFF	RTFKVSIWNL
CASSVQAGADTQYF	RTFKVSIWNL
CASSQSLGGSETQYF	RTFKVSIWNL
CASSLDLTYEQYF	RTFKVSIWNL
CASSVAGGTGELFF	RTFKVSIWNL
CASSRLDRVYDEQYF	RTFKVSIWNL
CASSFGDTEAFF	RTFKVSIWNL
CASSGRGETYNEQFF	RTFKVSIWNL
CASSPRRVAGGLDEQFF	RTFKVSIWNL
CASSSLPIRSTDTQYF	RTFKVSIWNL
CASSFLGLSYEQYF	RTFKVSIWNL
CASSLGGGNTEAFF	RTFKVSIWNL
CATSPQRVNTGELFF	RTFKVSIWNL
CASSLWTSQDTQYF	RTFKVSIWNL
CASSLDLPIQKPQHF	RTFKVSIWNL
CASSLYGSDEQYF	RTFKVSIWNL
CASSVQGAVEQFF	RTFKVSIWNL
CASSLMKTEAFF	RTFKVSIWNL
CASSWTGAPPLHF	RTFKVSIWNL
CASSLLTAEPEAFF	RTFKVSIWNL
CASSFGQDMYEQFF	RTFKVSIWNL
CASSPSPSYEQYF	RTFKVSIWNL
CASSLGTGVIGGYTF	RTFKVSIWNL
CASSLITRSYEQYF	RTFKVSIWNL
CASTPGNLAGDAFF	RTFKVSIWNL
CASSLRTGTETQYF	RTFKVSIWNL
CASSVTGAVTYEQYF	RTFKVSIWNL
CASSVSTEQFF	RTFKVSIWNL
CASSLGGPITTTDTQYF	RTFKVSIWNL
CASGGLANTEAFF	RTFKVSIWNL
CASSSRQGLDEQYF	RTFKVSIWNL
CASSSDGYEQYF	RTFKVSIWNL
CASSQATGNYEQYF	RTFKVSIWNL
CASSIEAANTEAFF	RTFKVSIWNL
CSARAGQASSPSYEQYF	RTFKVSIWNL
CASSPGSGWEQYF	RTFKVSIWNL
CASSLAGGNEQFF	RTFKVSIWNL
CASSLGTRLAGATDTQYF	RTFKVSIWNL
CASAARTSLNLRYF	RTFKVSIWNL
CASSLASGPHGYTF	RTFKVSIWNL
CASSLRADYEQYF	RTFKVSIWNL
CASNGGGPSYEQYF	RTFKVSIWNL
CASSIYSEDNEQFF	RTFKVSIWNL
CASSPRRAWETQYF	RTFKVSIWNL
CASSFEGDVLFF	RTFKVSIWNL
CASSQELAMETQYF	RTFKVSIWNL
CASSGYYNEQFF	RTFKVSIWNL
CASSPLGTNAGELFF	RTFKVSIWNL
CASGLAEYEQYF	RTFKVSIWNL
CASSFIGAKHEQYF	RTFKVSIWNL
CSASWNRGGIGNIQYF	RTFKVSIWNL
CASSVGDNTRNYGYTF	RTFKVSIWNL
CASSQPNTDTQYF	RTFKVSIWNL
CASSLDVGTGNSPLHF	RTFKVSIWNL
CASSLGVFTGELFF	RTFKVSIWNL
CASSLMGSGEQFF	RTFKVSIWNL
CSASQLSHEQFF	RTFKVSIWNL
CASSPKFGDEKLFF	RTFKVSIWNL
CASSLGLAGAPGDEQYF	RTFKVSIWNL
CSARDRGSEQYF	RTFKVSIWNL
CASSTRVKGEQYF	RTFKVSIWNL
CASSDQGPDTQYF	RTFKVSIWNL
CASSFQAFSYEQYF	RTFKVSIWNL
CASSWPKGFTYEQYF	RTFKVSIWNL
CASSLFSGLNEQFF	RTFKVSIWNL
CASSLDLGILDYGYTF	RTFKVSIWNL
CASSYSLAGENEQFF	RTFKVSIWNL
CASSQAGQDPEAFF	RTFKVSIWNL
CASNSGTGGDTQYF	RTFKVSIWNL
CASSFSGRGSYEQYF	RTFKVSIWNL
CASSWTSGGYEQYF	RTFKVSIWNL
CASSSGKVSYEQYF	RTFKVSIWNL
CASSLDGSGTYEQYF	RTFKVSIWNL
CASSSGPGKGYNEQFF	RTFKVSIWNL
CASSSVGFRAEKLFF	RTFKVSIWNL
CASSQRIDYEQYF	RTFKVSIWNL
CASSMPERTSGNNRETQYF	RTFKVSIWNL
CSTGQGVTLGSEQFF	RTFKVSIWNL
CSVLEWSSYEQYF	RTFKVSIWNL
CASSQEGHTGPYGYTF	RTFKVSIWNL
CASSWLSYEQYF	RTFKVSIWNL
CASSYWAGETNEKLFF	RTFKVSIWNL
CASSKSRCPTWTSATAPYNEQFF	RTFKVSIWNL
CASSNLASPDTQYF	RTFKVSIWNL
CASSPHSGGETEAFF	RTFKVSIWNL
CASSLATSGRDPDTQYF	RTFKVSIWNL
CASSLDGRSPSYEQYF	RTFKVSIWNL
CAISTGLAGGADTQYF	RTFKVSIWNL
CASSITGQNNEQFF	RTFKVSIWNL
CASSYATGQETQYF	RTFKVSIWNL
CASSVVASWETQYF	RTFKVSIWNL
CASSRDRAGNEQFF	RTFKVSIWNL
CASSHPWLAGDSYNEQFF	RTFKVSIWNL
CASSPHPSGRGVGELFF	RTFKVSIWNL
CASNEGQGGYEQYF	RTFKVSIWNL
CASRSLDGFNQPQHF	RTFKVSIWNL
CASSFSPGELFF	RTFKVSIWNL
CSVRDSYGYTF	RTFKVSIWNL
CASSAMAGVETQYF	RTFKVSIWNL
CASSQVYTGELFF	RTFKVSIWNL
CASSSGQGTNTGELFF	RTFKVSIWNL
CASSQVLHYEQYF	RTFKVSIWNL
CASSQEVAGSETQYF	RTFKVSIWNL
CASSSEGQGRAYEQYF	RTFKVSIWNL
CASRPGTSAINEQFF	RTFKVSIWNL
CASSLIRTDTQYF	RTFKVSIWNL
CASSPTHGNEQYF	RTFKVSIWNL
CASSQDRGLYEQYF	RTFKVSIWNL
CAWSVAAYDEQYF	RTFKVSIWNL
CSASEQGQGETQYF	RTFKVSIWNL
CASALYNLQPTNEKLFF	RTFKVSIWNL
CSVRSYEQYF	RTFKVSIWNL
CSASQRGLTDTQYF	RTFKVSIWNL
CASSYSRGRGGSGELFF	RTFKVSIWNL
CASSLTGTSGNEQYF	RTFKVSIWNL
CASSQVGQGLNTEAFF	RTFKVSIWNL
CASSYGQGNTEAFF	RTFKVSIWNL
CASSEASGVETQYF	RTFKVSIWNL
CASSQDARALWSYTF	RTFKVSIWNL
CASSVAGANVLTF	RTFKVSIWNL
CASSLSFPDTQYF	RTFKVSIWNL
CASSPASGDEQFF	RTFKVSIWNL
CASSPSSYNEQFF	RTFKVSIWNL
CASSLGGTDTQYF	RTFKVSIWNL
CASTPSGSGSYGYTF	RTFKVSIWNL
CASSPGLANEQFF	RTFKVSIWNL
CASSQDLSPMNTEAFF	RTFKVSIWNL
CASSVGSGAGELFF	RTFKVSIWNL
CASSGTGNNEQFF	RTFKVSIWNL
CASSVSGGFEAFF	RTFKVSIWNL
CSAASGTSGSGDTQYF	RTFKVSIWNL
CASSTETVRWGTDTQYF	RTFKVSIWNL
CASSHQEAYNEQFF	RTFKVSIWNL
CASSFSGGPGANVLTF	RTFKVSIWNL
CATQERDDEQYF	RTFKVSIWNL
CASSQATGALGYGYTF	RTFKVSIWNL
CASSSLLRGTNYEQYF	RTFKVSIWNL
CASSLVVRLAWSTDTQYF	RTFKVSIWNL
CSAAGDGSYEQYF	RTFKVSIWNL
CASTTGGWEQYF	RTFKVSIWNL
CASSLSVRPSTDTQYF	RTFKVSIWNL
CASSALGTGQNEQFF	RTFKVSIWNL
CASSLGRGVEDTQYF	RTFKVSIWNL
CASSPPRQGPPPQETQYF	RTFKVSIWNL
CASSEFNNEQFF	RTFKVSIWNL
CASSLFWLAGITYEQYF	RTFKVSIWNL
CASIEGGSYNEQFF	RTFKVSIWNL
CSVYVDSYYGYTF	RTFKVSIWNL
CASGAGHEQFF	RTFKVSIWNL
CASSYAGGYTDTQYF	RTFKVSIWNL
CASSYLQGNYGYTF	RTFKVSIWNL
CASSLGDRVRNEQFF	RTFKVSIWNL
CASSLGENEQFF	RTFKVSIWNL
CASSTAGLGTEAFF	RTFKVSIWNL
CASSFGRGLPRDTEAFF	RTFKVSIWNL
CASGPYEQYF	RTFKVSIWNL
CASSPRQGVFGYNEQFF	RTFKVSIWNL
CSLDRGLDTEAFF	RTFKVSIWNL
CASSYLVGRTRNYGYTF	RTFKVSIWNL
CASSLPNGGHTGELFF	RTFKVSIWNL
CASSLGNSGNEQFF	RTFKVSIWNL
CSALVIPGLDTDTQYF	RTFKVSIWNL
CASSLFSGGTDTQYF	RTFKVSIWNL
CSVLGIADTYNEQFF	RTFKVSIWNL
CASSAGDPAGIYF	RTFKVSIWNL
CASNPGVGDMNTEAFF	RTFKVSIWNL
CASSPRASTEAFF	RTFKVSIWNL
CASMGTSGGPSTDTQYF	RTFKVSIWNL
CSVEQQGDYEQYF	RTFKVSIWNL
CASSQASGGPDTQYF	RTFKVSIWNL
CASSQKQGYEQYF	RTFKVSIWNL
CASSLGLAGPGAQYF	RTFKVSIWNL
CASSLGNGLPWEQYF	RTFKVSIWNL
CSVEYRGLGEQYF	RTFKVSIWNL
CSATDIYLADGTYEQYF	RTFKVSIWNL
CASSNGGSGELFF	RTFKVSIWNL
CATSGVRQFF	RTFKVSIWNL
CASSSIAGGPSDTQYF	RTFKVSIWNL
CASSPAGAADTQYF	RTFKVSIWNL
CASSFGPLGEQFF	RTFKVSIWNL
CASSLGAGRRGYTF	RTFKVSIWNL
CASSKGLAGPSTDTQYF	RTFKVSIWNL
CASSLGLAGGAPPDTQYF	RTFKVSIWNL
CASRDGADWTGELFF	RTFKVSIWNL
CASSAGTGGSPLHF	RTFKVSIWNL
CASSPARAGGPVWETQYF	RTFKVSIWNL
CASSYQRSRYTGELFF	RTFKVSIWNL
CASSPPSVFNEQFF	RTFKVSIWNL
CASINRLNNEQFF	RTFKVSIWNL
CASSWTSGGTDTQYF	RTFKVSIWNL
CASSPLGVSNTGELFF	RTFKVSIWNL
CASSSSGTSGTNYEQYF	RTFKVSIWNL
CASRSRLREISYEQYF	RTFKVSIWNL
CASSSPPSRRADNEQFF	RTFKVSIWNL
CASSPDIEQYF	RTFKVSIWNL
CASSLGREGTDTEAFF	RTFKVSIWNL
CASSLMGPEQYF	RTFKVSIWNL
CSARGTGFFNTEAFF	RTFKVSIWNL
CASGDYEQYF	RTFKVSIWNL
CASSVYGGTDTQYF	RTFKVSIWNL
