CDR3	AA
CASSERSGSYNSPLHF	GVYFASTEK
CSVGGLAGGYEQYF	GVYFASTEK
CSVEQFSNQPQHF	GVYFASTEK
CASSPRGAFGSYNEQFF	GVYFASTEK
CASSIKVNTEAFF	GVYFASTEK
CASSIYQNTEAFF	GVYFASTEK
CSARPQDSYGYTF	GVYFASTEK
CASSIKGNYGYTF	GVYFASTEK
CASSFPARGTDTQYF	GVYFASTEK
CASSSPGTSGEDNEQFF	GVYFASTEK
CAISERGQGPNTGELFF	GVYFASTEK
CATQTSGSSYNEQFF	GVYFASTEK
CAISDPSGRLYNEQFF	GVYFASTEK
CASSSEIDSYNEQFF	GVYFASTEK
CASSTSLTGELFF	GVYFASTEK
CASSLLGRGADTQYF	GVYFASTEK
CATSREIAGYIHTDTQYF	GVYFASTEK
CASSASISYEQYF	GVYFASTEK
CASSPSLAAYEQYF	GVYFASTEK
CASSLDLRTQYF	GVYFASTEK
CSARDLLGAGDNEQFF	GVYFASTEK
CASSNPGGANEKLFF	GVYFASTEK
CASSLVGFGNTIYF	GVYFASTEK
CASSWGLSAYEQYF	GVYFASTEK
CASSLKGNEQFF	GVYFASTEK
CASSPGQGYTF	GVYFASTEK
CASSTVTGGTEAFF	GVYFASTEK
CASSDPPTGGETQYF	GVYFASTEK
CSVDNPIGGNEQFF	GVYFASTEK
CATSDRQGNQPQHF	GVYFASTEK
CASGDGLAGYEQYF	GVYFASTEK
CASSLYGLSSYNEQFF	GVYFASTEK
CSARDLNSGGSYNEQFF	GVYFASTEK
CASSSMGNEQFF	GVYFASTEK
CASSYRGLGQETQYF	GVYFASTEK
CASSHQLETQYF	GVYFASTEK
CATSDLAPGQGASSYNEQFF	GVYFASTEK
CASSLPGTEQFF	GVYFASTEK
CASSYVGAGLDTEAFF	GVYFASTEK
CASSPTGSSYNEQFF	GVYFASTEK
CASSLYTALNTEAFF	GVYFASTEK
CASSLSGGGTDTQYF	GVYFASTEK
CASSPYLLSYEQYF	GVYFASTEK
CASSPRSRADTQYF	GVYFASTEK
CASSQIPLAGGSYEQYF	GVYFASTEK
CASVDSLNTEAFF	GVYFASTEK
CSARDPLVISYNEQFF	GVYFASTEK
CARTREGNEQFF	GVYFASTEK
CASSASGSSYNEQFF	GVYFASTEK
CASSNRGQGQETQYF	GVYFASTEK
CASSPRGVPGYEQYF	GVYFASTEK
CASSQRTGADRNQPQHF	GVYFASTEK
CASSIGLADFYEQYF	GVYFASTEK
CASSFLGAGELFF	GVYFASTEK
CASKTGTSGYNEQFF	GVYFASTEK
CASSLRPGLAGPNRYEQYF	GVYFASTEK
CASSTRGSSADTQYF	GVYFASTEK
CSASDRAVGLFSNQPQHF	GVYFASTEK
CASSSTSGFYNEQFF	GVYFASTEK
CASSPTRSYTDTQYF	GVYFASTEK
CASSLGYTGGNTEAFF	GVYFASTEK
CASSEGTVATNEKLFF	GVYFASTEK
CASSPIQAGLGTDTQYF	GVYFASTEK
CASSIVSRASNTGELFF	GVYFASTEK
CASSSPGVNYGYTF	GVYFASTEK
CASSLSAGGTEAFF	GVYFASTEK
CASSPRASGPTPYNEQFF	GVYFASTEK
CASSAPSKGVTDTQYF	GVYFASTEK
CASSLFTAQGLEAFF	GVYFASTEK
CASSERLPPGELFF	GVYFASTEK
CASSVGAGGSYEQYF	GVYFASTEK
CALERADSYEQYV	GVYFASTEK
CASSLALNTEAFF	GVYFASTEK
CASTRAPDQYNEQFF	GVYFASTEK
CSARDFGISGRAQETQYF	GVYFASTEK
CASNGDGLPYGYTF	GVYFASTEK
CASSPPAGTGGYEQYF	GVYFASTEK
CASSPGPRVDSPLHF	GVYFASTEK
CASSQVSYEQYF	GVYFASTEK
CASSMTGRGTEAFF	GVYFASTEK
CASTPGPGWGEYEQYF	GVYFASTEK
CASSPSPTGTDTQYF	GVYFASTEK
CASSFPGQGNEKLFF	GVYFASTEK
CARSVGGGQGANNEQFF	GVYFASTEK
CASSSPGTGGNEQYF	GVYFASTEK
CASSSPGQGIGEQYF	GVYFASTEK
CASSKTSGGQETQYF	GVYFASTEK
CASSSSGSSYNEQFF	GVYFASTEK
CASRVGGGQGANNEQFF	GVYFASTEK
CASSSTGDQPQHF	GVYFASTEK
CASPEGGPGDTQYF	GVYFASTEK
CASSSPGTASYEQYF	GVYFASTEK
CASRTGDSSYEQYF	GVYFASTEK
CATSSPGEIYNEQFF	GVYFASTEK
CASSFPGGAKETQYF	GVYFASTEK
CASSPRQGGIYEQYF	GVYFASTEK
CASSLSLEGSYGYTF	GVYFASTEK
CSARDRTSYGYTF	GVYFASTEK
CASSHTGLAINEQFF	GVYFASTEK
CASSPTAGDTYEQYF	GVYFASTEK
CASSFRRAGSNTQYF	GVYFASTEK
CASSDSLETDTQYF	GVYFASTEK
CASSGRLAGLLETQYF	GVYFASTEK
CASSYLAGTGELFF	GVYFASTEK
CASSMGLVSGNTIYF	GVYFASTEK
CASSSELETQYF	GVYFASTEK
CASSAGTGGNTDTQYF	GVYFASTEK
CASSPGTSGAYEQYF	GVYFASTEK
CASSSPGLAGYEQYF	GVYFASTEK
CASSSGGGKLGEAFF	GVYFASTEK
CASSSTEDSNQPQHF	GVYFASTEK
CSARDEINSVKAYEQYF	GVYFASTEK
CASSYTNTEAFF	GVYFASTEK
CASSIVGSGSPLHF	GVYFASTEK
CASSQRGGGHNEQFF	GVYFASTEK
CASSLGVETQYF	GVYFASTEK
CASGIGRYNEQFF	GVYFASTEK
CASSPRDVAYEQYF	GVYFASTEK
CATSGSVTGGDEQFF	GVYFASTEK
CASSFRQGGRPQHF	GVYFASTEK
CASSLGGLAYEQYF	GVYFASTEK
CASSYGIGYGQPQHF	GVYFASTEK
CASSAGGLAGPGSYNEQFF	GVYFASTEK
CASSVGSGSSYEQYF	GVYFASTEK
CASTPTGQGQETQYF	GVYFASTEK
CASSSPPTYEQYF	GVYFASTEK
CASIDQRTNYGYTF	GVYFASTEK
CASSSDGPNEKLFF	GVYFASTEK
CASSSTGQASGNQPQHF	GVYFASTEK
CASSPTGLGQETQYF	GVYFASTEK
CASSLGSSGNEQFF	GVYFASTEK
CASSSRPASGAGTLYQETQYF	GVYFASTEK
CASSPGQNPYEQYF	GVYFASTEK
CASSHPGQATEKLFF	GVYFASTEK
CASSFLTDRGTDTQYF	GVYFASTEK
CASSFTNEKLFF	GVYFASTEK
CASRTGTVNSPLHF	GVYFASTEK
CASSTSGTGYEQYF	GVYFASTEK
CASGYGGSYEQYF	GVYFASTEK
CASSPRTGGRNEQFF	GVYFASTEK
CASSLAPGGFGLAEAFF	GVYFASTEK
CASSAGQKNIQYF	GVYFASTEK
CASYLSGSLNTEAFF	GVYFASTEK
CATSDAGLAGRSRHTGELFF	GVYFASTEK
CAISGSKERGKTYEQYF	GVYFASTEK
CASSSGLAKNIQYF	GVYFASTEK
CASSASGASYNEQFF	GVYFASTEK
CASSNPGSANEKLFF	GVYFASTEK
CASSASGRLTEAFF	GVYFASTEK
CASRPSSYFYEQYF	GVYFASTEK
CASIGTGRNTIYF	GVYFASTEK
CASSATTGQGIHEQYF	GVYFASTEK
CASSSPGQGMNEQFF	GVYFASTEK
CASSLAGKWDYGYTF	GVYFASTEK
CASSPYRGGEQYF	GVYFASTEK
CASSLQGNYEQYF	GVYFASTEK
CASSPTGYNYGYTF	GVYFASTEK
CASNADGSLGEQYF	GVYFASTEK
CASSPTGEGQETQYF	GVYFASTEK
CASSRTRGSNEKLFF	GVYFASTEK
CASSPEGTSGGNEQFF	GVYFASTEK
CASSAVSGGGTEAFF	GVYFASTEK
CASSVGALRYQETQYF	GVYFASTEK
CASSHDSAGDEQFF	GVYFASTEK
CASSSPGQGAEGETQYF	GVYFASTEK
CSVENPGTYYNEQFF	GVYFASTEK
CASSSSAGHLNTGELFF	GVYFASTEK
CASSLFVNTEAFF	GVYFASTEK
CASTLSLGGYGYTF	GVYFASTEK
CASSQHADTQYF	GVYFASTEK
CASTKGLAGLDTQYF	GVYFASTEK
CSAVGTSGGYEQFF	GVYFASTEK
CASSLAPGMGNTIYF	GVYFASTEK
CASSHVWTGGLGTEAFF	GVYFASTEK
CASSEGYGAKNIQYF	GVYFASTEK
CASSLVAGNSYNEQFF	GVYFASTEK
CASSESPAGASTDTQYF	GVYFASTEK
CASSTGTRELFF	GVYFASTEK
CASSGTSGDETQYF	GVYFASTEK
CASSSTVNNEQFF	GVYFASTEK
CASSLAGVETQYF	GVYFASTEK
CAISDRGREGSHEQFF	GVYFASTEK
CASSLQPEETQYF	GVYFASTEK
CASSHVSGGDGYTF	GVYFASTEK
CASSPTDYTGELFF	GVYFASTEK
CASSVDWDRILYNSPLHF	GVYFASTEK
CAIGAANEQFF	GVYFASTEK
CASSGGTGPDTQYF	GVYFASTEK
CASRFSGSGLDTQYF	GVYFASTEK
CATSRSSGELFF	GVYFASTEK
CASSAPGQGMSEAFF	GVYFASTEK
CASSDKGNTEAFF	GVYFASTEK
CASSSPGQVYEQYF	GVYFASTEK
CASSQDTSGGNEQFF	GVYFASTEK
CASSYFLNTEAFF	GVYFASTEK
CASSSPSAGAYNEQFF	GVYFASTEK
CASSERRGGNTGELFF	GVYFASTEK
CASSRRGAHTDTQYF	GVYFASTEK
CASSSGPANEQFF	GVYFASTEK
CSVVGAAGGFEQFF	GVYFASTEK
CASSVGDRKTQYF	GVYFASTEK
CASSLTSGGQETQYF	GVYFASTEK
CASSQTSGSNEQFF	GVYFASTEK
CASSLAGEVGNTIYF	GVYFASTEK
CASSTRTGAGTGELFF	GVYFASTEK
CASSSSLQETQYF	GVYFASTEK
CASSTLWTSESTGELFF	GVYFASTEK
CASRPVTGTYEQYF	GVYFASTEK
CSARDSAGGDEQYF	GVYFASTEK
CAISEPNRGESYTF	GVYFASTEK
CATSDRGTSEAFF	GVYFASTEK
CASSLYLNTEAFF	GVYFASTEK
CASSLYGGENSPLHF	GVYFASTEK
CASSFRGLGQETQYF	GVYFASTEK
CASSIKLNTEAFF	GVYFASTEK
CASSEALGAYNEQFF	GVYFASTEK
CASSYSSGSAYEQYF	GVYFASTEK
CASSLGASGNEQFF	GVYFASTEK
CASSLIRPGWGLHEQFF	GVYFASTEK
CASSRTGLAGGASYEQYF	GVYFASTEK
CSVRGKANYGYTF	GVYFASTEK
CASSLVSAYNEQFF	GVYFASTEK
CASSIRGRGLFYEQYF	GVYFASTEK
CASSQEEGQSYEQYF	GVYFASTEK
CASSPTGTSGSYEQYF	GVYFASTEK
CASRPDTQYF	GVYFASTEK
CASSPLLGRQQFF	GVYFASTEK
CASSLAGERAQETQYF	GVYFASTEK
CASSPQGFFYEQYF	GVYFASTEK
CASSLVGLAGGSNNEQFF	GVYFASTEK
CASSVGNMNTEAFF	GVYFASTEK
CSAILRNGAIANSPLHF	GVYFASTEK
CASSPAGASGKVYNEQFF	GVYFASTEK
CASSLYTAGANVLTF	GVYFASTEK
CASSVGGKGEQFF	GVYFASTEK
CASSQTSGDQETQYF	GVYFASTEK
CASSLLTGGAGNEQFF	GVYFASTEK
CASSPTGTHYEQYF	GVYFASTEK
CSVEDSKGNTEAFF	GVYFASTEK
CASSSRGSGEETQYF	GVYFASTEK
CASSLARAYEQYF	GVYFASTEK
CSARRTGGNFRQPQHF	GVYFASTEK
CASRADHSYEQYV	GVYFASTEK
CASSFPGQGQETQYF	GVYFASTEK
CASSHPVGGDYGYTF	GVYFASTEK
CATSKPGLAGGTSYEQYF	GVYFASTEK
CASSEPGLAGDETQYF	GVYFASTEK
CASSQGEGTPNEQFF	GVYFASTEK
CASSASPRGPTIYNEQFF	GVYFASTEK
CASSPAGRASYEQYF	GVYFASTEK
CASSLGVNNEQFF	GVYFASTEK
CASSLVGENTEAFF	GVYFASTEK
CASSQPREGLGWTQYF	GVYFASTEK
CASSHTGLAGETQYF	GVYFASTEK
CASSPTSGGGDTQYF	GVYFASTEK
CASSSPSIAISYNEQFF	GVYFASTEK
CSACDSSYNEQFF	GVYFASTEK
CASSGQAESSYNEQFF	GVYFASTEK
CASSLGSTDTQYF	GVYFASTEK
CASSLRAENTEAFF	GVYFASTEK
CSASIPSGIFSYNEQFF	GVYFASTEK
CASSLGEGLRVNEQFF	GVYFASTEK
CASSEATSNTEAFF	GVYFASTEK
CASSPTGSGYNEQFF	GVYFASTEK
CASSFGLNTEAFF	GVYFASTEK
CASSFKGQGQETQYF	GVYFASTEK
CASSVGGGQGANNEQFF	GVYFASTEK
CSASFFGIGGEKLFF	GVYFASTEK
CASSSGLAGEQYF	GVYFASTEK
CASSEARGEQYF	GVYFASTEK
CASTGTGQQAYEQYF	GVYFASTEK
CASSLYTAVNTEAFF	GVYFASTEK
CASSVGWGNEQFF	GVYFASTEK
CASSYSPGSYGYTF	GVYFASTEK
CASSHPGEGGNTIYF	GVYFASTEK
CASSFGGGRGDTEAFF	GVYFASTEK
CASSIVEGSAEAFF	GVYFASTEK
CASRTGGSYEQYF	GVYFASTEK
CSVLDSRSYNEQFF	GVYFASTEK
CASSLGSSLYTF	GVYFASTEK
CASSLTGYTGELFF	GVYFASTEK
CASSLMTGGNYNEQFF	GVYFASTEK
CASSERRSSYNSPLHF	GVYFASTEK
CSVNHRTGGDTQYF	GVYFASTEK
CSATPGTGELFF	GVYFASTEK
CASSTSGTGANEQFF	GVYFASTEK
CASSYSQETQYF	GVYFASTEK
CASSFPGTGKEEQYF	GVYFASTEK
CASSQDAAGGKNIQYF	GVYFASTEK
CASTTVGGGETQYF	GVYFASTEK
CASKRPQGEKLFF	GVYFASTEK
CARSVGGGQGANNEQFF	GVYFASTEK
CASSLGSGGYTF	GVYFASTEK
CASSIKLNTEAFF	GVYFASTEK
CASSQDSAGVGEQYF	GVYFASTEK
CASSLIDRVENSPLHF	GVYFASTEK
CASSSRGGGGETQYF	GVYFASTEK
CAIRRPTDEQFF	GVYFASTEK
CASSYSGSSYNEQFF	GVYFASTEK
CASSLGAGLSYEQYF	GVYFASTEK
CASSLAGTGGYEQYF	GVYFASTEK
CASSLVFLAGTGGEQFF	GVYFASTEK
CASSLSSGSTGELFF	GVYFASTEK
CASSLGPGGDEQYF	GVYFASTEK
CASSLPRNSYKEQFF	GVYFASTEK
CASSATGPSSYEQYF	GVYFASTEK
CASSNNPGTRVYEQFF	GVYFASTEK
CASSLSLETQYF	GVYFASTEK
CASSLGPGNNQPQHF	GVYFASTEK
CASSLDLREQFF	GVYFASTEK
CASSLYGENTEAFF	GVYFASTEK
CASSTPGLAGPNGTAQYF	GVYFASTEK
CASSPVSGRAFYEQYF	GVYFASTEK
CASSPGQGARFEQYF	GVYFASTEK
CSARDLYGSEGTGELFF	GVYFASTEK
CASSQDRASGLSAYNEQFF	GVYFASTEK
CASSSPGTAQETQYF	GVYFASTEK
CSARDLMGQNTEAFF	GVYFASTEK
CSVEDSGLAGLTGANVLTF	GVYFASTEK
CASHGPAGEGETQYF	GVYFASTEK
CASSQGRGLYEQYF	GVYFASTEK
CASSLEQRGGWNEQFF	GVYFASTEK
CASSPPQSSYEQYF	GVYFASTEK
CASGDSLQETQYF	GVYFASTEK
CASSVGGGSSHEQYF	GVYFASTEK
CASSIGGQGASEQYF	GVYFASTEK
CASNDRAPDTQYF	GVYFASTEK
CASRLAERGINEQFF	GVYFASTEK
CASSIIGADTQYF	GVYFASTEK
CSPSLGNEQFF	GVYFASTEK
CASSQLGTGMLGELFF	GVYFASTEK
CASSLAGRDGDTQYF	GVYFASTEK
CASSFLGRGAEAFF	GVYFASTEK
CASSTGLAGGLYNEQFF	GVYFASTEK
CSARGTSGRVVSTDTQYF	GVYFASTEK
CATSPGQGGSPLHF	GVYFASTEK
CASSSGANVLTF	GVYFASTEK
CASIPGLAGLYQETQYF	GVYFASTEK
CASSPDYPGQTYEQYF	GVYFASTEK
CAISDKGKNQPQHF	GVYFASTEK
CASSITGTGADTQYF	GVYFASTEK
CASSLFAGLTYEQYF	GVYFASTEK
CASSQRSGGYYNEQFF	GVYFASTEK
CARSVGGGQGANNEQFF	GVYFASTEK
CASSFGGSYEQYF	GVYFASTEK
CASSSGSGRALGEQYF	GVYFASTEK
CASSLWGGEQFF	GVYFASTEK
CASGPRGSYEQYF	GVYFASTEK
CASSIAGASYEQYF	GVYFASTEK
CASSEALGGLANYEQYF	GVYFASTEK
CASSLVAGELFF	GVYFASTEK
CASSLGGTYEQYF	GVYFASTEK
CASSLVFLETQYF	GVYFASTEK
CASSTGAPGANVLTF	GVYFASTEK
CSARDGKASGLEQETQYF	GVYFASTEK
CASSYSTDGELFF	GVYFASTEK
CASSPFAQPYEQYF	GVYFASTEK
CASSLALGPNYGYTF	GVYFASTEK
CASKANEKLFF	GVYFASTEK
CATNAGHGTEAFF	GVYFASTEK
CASSSSGQLNYGYTF	GVYFASTEK
CSARPRDSYEQYF	GVYFASTEK
CASSLSLAETQYF	GVYFASTEK
CASSMKSNTEAFF	GVYFASTEK
CASSTSGSSYNEQFF	GVYFASTEK
CSASWVGYEQYF	GVYFASTEK
CASSLGVFGNQPQHF	GVYFASTEK
CASTPRQSSSYEQYF	GVYFASTEK
CAISVNEGNTEAFF	GVYFASTEK
CASSLPGGGTEAFF	GVYFASTEK
CASSDSLTTEAFF	GVYFASTEK
CASSQDGTGGSQPQHF	GVYFASTEK
CASSQVSHGYTF	GVYFASTEK
CASSSTVNNEQFF	GVYFASTEK
CASSGLAGTGELFF	GVYFASTEK
CASSSGDTGELFF	GVYFASTEK
CAISLYGGLTDTQYF	GVYFASTEK
CASSPPSSTDTQYF	GVYFASTEK
CASADSLGPHEQYF	GVYFASTEK
CSARVYDWDPKSHDNEQFF	GVYFASTEK
CASSYAAGGPYNEQFF	GVYFASTEK
CASSPLYGDNEQYF	GVYFASTEK
CASSYPGQGILEQYF	GVYFASTEK
CASSLEGGGYGNEQFF	GVYFASTEK
CASSSGTGYEQYF	GVYFASTEK
CASSMIGYEQYF	GVYFASTEK
CASSSGTGVTDTQYF	GVYFASTEK
CASSPASRTDTQYF	GVYFASTEK
CASSLVGVNTEAFF	GVYFASTEK
CASSPAASESYEQYF	GVYFASTEK
CASSSPGTAGETQYF	GVYFASTEK
CASSDVGSGANVLTF	GVYFASTEK
CASSTFGGTDTDTQYF	GVYFASTEK
CSARDPGLVSYNEQFF	GVYFASTEK
CSARDFLAGKETTQYF	GVYFASTEK
CASRPRGSYEQYF	GVYFASTEK
CAISELDGGRAYEQYF	GVYFASTEK
CASSLFPPSRSSYNEQFF	GVYFASTEK
CASSLAGVETQYF	GVYFASTEK
CASSVGSVIQETQYF	GVYFASTEK
CSAETSPYEQYF	GVYFASTEK
CASSFRGQGEETQYF	GVYFASTEK
CASSFGTEQYF	GVYFASTEK
CSVEGVEYEAFF	GVYFASTEK
CASSPWGQGNEKLFF	GVYFASTEK
CASSLNGLSYEQYF	GVYFASTEK
CASSISGAAYNEQFF	GVYFASTEK
CASSSPGQGATQETQYF	GVYFASTEK
CASSQDLLGQIVGEQYF	GVYFASTEK
CASSPGGGYSSYNEQFF	GVYFASTEK
CASSVPTGSTDTQYF	GVYFASTEK
CASSSPGQGVGVAFF	GVYFASTEK
CASSPTRRGPYNEQFF	GVYFASTEK
CASQRDLGPPEKLFF	GVYFASTEK
CASSLAGLETQYF	GVYFASTEK
CSVRPPERDTQYF	GVYFASTEK
CASSAFTGVNTEAFF	GVYFASTEK
CASSPPGQSYEQYF	GVYFASTEK
CASTWDTLGNEQFF	GVYFASTEK
CASSSTSNQPQHF	GVYFASTEK
CASSQGLAGGVTGELFF	GVYFASTEK
CASSPSGLAQTYEQYF	GVYFASTEK
CASSVGPGLAGDIGTDTQYF	GVYFASTEK
CAIGQGNQPQHF	GVYFASTEK
CARSVGGGQGANNEQFF	GVYFASTEK
CASSQRLKETQYF	GVYFASTEK
CASSPTGSSYEQYF	GVYFASTEK
CASSEGSRGLSGELFF	GVYFASTEK
CASSLWADTGELFF	GVYFASTEK
CASSSPGQGHNEQFF	GVYFASTEK
CASSLEGTYNEQFF	GVYFASTEK
CASRPPWGYEQYF	GVYFASTEK
CASSIYVETQYF	GVYFASTEK
CSARGASGRAGEQYF	GVYFASTEK
CASTRSAAGAFYEQYF	GVYFASTEK
CASTGGPAGDTQYF	GVYFASTEK
CASSPGQAAWFEQYF	GVYFASTEK
CASSTPGAGYGYTF	GVYFASTEK
CATGSGGAHEQFF	GVYFASTEK
CSARDGVAGVSNEQFF	GVYFASTEK
CASSFRGRGGETQYF	GVYFASTEK
CASSLRGGGTDTQYF	GVYFASTEK
CASSHSGASTDTQYF	GVYFASTEK
CASSIGAGGVETQYF	GVYFASTEK
CASSIVSGANVLTF	GVYFASTEK
CAGRDRGSYGYTF	GVYFASTEK
CAWRRLAGEVVVTDTQYF	GVYFASTEK
CASSLVSYEQYF	GVYFASTEK
CASSLLDGELFF	GVYFASTEK
CASSATGTGYNEQFF	GVYFASTEK
CASSLFSGGDEQYF	GVYFASTEK
CASSFPGKANEKLFF	GVYFASTEK
CASSSGVETQYF	GVYFASTEK
CASSPTGNYEQYV	GVYFASTEK
CASSFPGGGRETQYF	GVYFASTEK
CASSLGLDGGTQYF	GVYFASTEK
CASSIGWTGGTGELFF	GVYFASTEK
CASSTGGQGGYEQYF	GVYFASTEK
CASSLYAEDNQPQHF	GVYFASTEK
CASSLGSSYEQYF	GVYFASTEK
CATRDRDSYEQYF	GVYFASTEK
CASSRSAGLYNEQFF	GVYFASTEK
CASSSRTSGRPKTYNEQFF	GVYFASTEK
CASSLGPGMPNTGELFF	GVYFASTEK
CASRSSGSSYNEQFF	GVYFASTEK
CASSQGAGDQETQYF	GVYFASTEK
CASSIKGNTEAFF	GVYFASTEK
CSARDPREVGFNEQFF	GVYFASTEK
CASSFRGRGQETQYF	GVYFASTEK
CAIKPGQGTYEQYF	GVYFASTEK
CASSQVLVGDEQFF	GVYFASTEK
CASSPTRGLGETQYF	GVYFASTEK
CASSLEGYSYEQYF	GVYFASTEK
CASSLTVNTEAFF	GVYFASTEK
CASSMTTGELFF	GVYFASTEK
CASQSRGEGQETQYF	GVYFASTEK
CASSRQGTTEAFF	GVYFASTEK
CSARDLYSADQPQHF	GVYFASTEK
CASSLSLTIGFYGYTF	GVYFASTEK
CASSSPGTSGFTDTQYF	GVYFASTEK
CSAREMAGASSYNEQFF	GVYFASTEK
CSARDPLANYEQYF	GVYFASTEK
CASSQFTGTSVNNEQFF	GVYFASTEK
CASSLAGQGNEKLFF	GVYFASTEK
CASSQPQGMLNANTGELFF	GVYFASTEK
CASSHTGTGYNEQFF	GVYFASTEK
CASSLYTGVNTEAFF	GVYFASTEK
CASSYVAGELFF	GVYFASTEK
CASSDLDRRSNTGELFF	GVYFASTEK
CAIGGTGPTTEAFF	GVYFASTEK
CASKRVGSDTQYF	GVYFASTEK
CAISESTGTGGPETQYF	GVYFASTEK
CASSPGTSVTYEQYF	GVYFASTEK
CASTGQGVVFEQYF	GVYFASTEK
CSARDPQGATLDSDTQYF	GVYFASTEK
CASSYSIRAYEQYF	GVYFASTEK
CASSAPTSGRLEQYF	GVYFASTEK
CASSLYTALNTEAFF	GVYFASTEK
CASSPTSGRADTQYF	GVYFASTEK
CASSLRRLPNEKLFF	GVYFASTEK
CAISGPRDRGARGEQYF	GVYFASTEK
CASSGPTRGFETQYF	GVYFASTEK
CASSQYTGANTEAFF	GVYFASTEK
CASSLTGLHYEQYV	GVYFASTEK
CASSSPGGGHNEQFF	GVYFASTEK
CASQGSGRALFSYNEQFF	GVYFASTEK
CASSLDGSSGNTIYF	GVYFASTEK
CASSEKTQYF	GVYFASTEK
CASRELPGTASSYEQYF	GVYFASTEK
CSARDDRDVGNQPQHF	GVYFASTEK
CASSEDPSGDTQYF	GVYFASTEK
CASSRTSGTVYNEQFF	GVYFASTEK
CASSSRERADQPQHF	GVYFASTEK
CASRPNRGRETQYF	GVYFASTEK
CASSHQETTNEKLFF	GVYFASTEK
CASSLIGENTEAFF	GVYFASTEK
CASSAPGQGNTEAFF	GVYFASTEK
CASSEGGGTEAFF	GVYFASTEK
CASSFVTGGDTQYF	GVYFASTEK
CARRVGGGQGANNEQFF	GVYFASTEK
CASSQADRVLVRTYEQYF	GVYFASTEK
CASSYTGQGKNIQYF	GVYFASTEK
CASSFGGSGALEQYF	GVYFASTEK
CASSPSGTSGSRNEQFF	GVYFASTEK
CASSSSGSSYNEQFF	GVYFASTEK
CASSYQFDEQFF	GVYFASTEK
CASSSIGGIEAFF	GVYFASTEK
CASSLRPGQGLYNSPLHF	GVYFASTEK
CASSFGGSYEQYF	GVYFASTEK
CSARDFRLDSMNTEAFF	GVYFASTEK
CASSSPGTWGYTF	GVYFASTEK
CASSVGGKSTGELFF	GVYFASTEK
CASSVAIAGGPDTQYF	GVYFASTEK
CASSVGAGLSYEQYF	GVYFASTEK
CASSPTDRKYNEKLFF	GVYFASTEK
CASSPPGQVGETQYF	GVYFASTEK
CASKTVASSYEQYF	GVYFASTEK
CATSDNDGTGALASTDTQYF	GVYFASTEK
CASSQFDILYSDQPQHF	GVYFASTEK
CASSLVGLSYEQYF	GVYFASTEK
CSARDLAGGFNEQFF	GVYFASTEK
CSASHPGPGEQPQHF	GVYFASTEK
CASTQTPGQSNNEQFF	GVYFASTEK
CASSLRQGSNQPQHF	GVYFASTEK
CASSLAITDTQYF	GVYFASTEK
CASSLSLAAYEQYF	GVYFASTEK
CASSLGFSGNQPQHF	GVYFASTEK
CASSPPVLMGTDTQYF	GVYFASTEK
CAISESGEYNEQFF	GVYFASTEK
CASSKPGQGNEQFF	GVYFASTEK
CASSSQRGAEETQYF	GVYFASTEK
CASSPTRNEKLFF	GVYFASTEK
CASSSLGQGKETQYF	GVYFASTEK
CASSFRGRGQETQYF	GVYFASTEK
CASSWPAGGRETQYF	GVYFASTEK
CSARDYVSSGAYNEQFF	GVYFASTEK
CASSLTGTGGGELFF	GVYFASTEK
CASSSPGQGREGYTF	GVYFASTEK
CASQDTGELFF	GVYFASTEK
CSASWASGGYEQYF	GVYFASTEK
CASSLLTGGNGNTIYF	GVYFASTEK
CASSFGYGLSYEQYF	GVYFASTEK
CASSGRGAGIETQYF	GVYFASTEK
CASKTSGSSYNEQFF	GVYFASTEK
CASSSGSGRGYEQYF	GVYFASTEK
CASSAGGGSSYEQYF	GVYFASTEK
CAISPAGTAGTGELFF	GVYFASTEK
CASSSGPGTDSPLHF	GVYFASTEK
CASSNSLRSYEQYF	GVYFASTEK
CASSQTGGNEQFF	GVYFASTEK
CASSVGWGSEQFF	GVYFASTEK
CSARALDNYGYTF	GVYFASTEK
CASSVGQKTEAFF	GVYFASTEK
CASSQGGAGAEQFF	GVYFASTEK
CASSLTGTSGFNEQFF	GVYFASTEK
CSVRTENQPQHF	GVYFASTEK
CASSLRREITDTQYF	GVYFASTEK
CASSDSLQGNQPQHF	GVYFASTEK
CASTGQGKRAFF	GVYFASTEK
CASSEYVNNEQFF	GVYFASTEK
CASSPKDYFDFF	GVYFASTEK
CASSPPGESYEQYF	GVYFASTEK
CASSPGANTEAFF	GVYFASTEK
CASSSSLAAYEQYF	GVYFASTEK
CASSPGQGGTEAFF	GVYFASTEK
CASSLPPGYTGELFF	GVYFASTEK
CASSSRGLGQETQYF	GVYFASTEK
