CDR3	AA
CASSLGPGTITEAFF	NTNSSPDDQIGYY
CAIRESLGLASTDTQYF	NTNSSPDDQIGYY
CSATREGSYNEQFF	NTNSSPDDQIGYY
CASSLSRAEQYF	NTNSSPDDQIGYY
CASSDRESYEQYF	NTNSSPDDQIGYY
CASSLVVSEQYF	NTNSSPDDQIGYY
CASRELAGGHNEQFF	NTNSSPDDQIGYY
CSASPPVIALNEQFF	NTNSSPDDQIGYY
CSARDRGQYNEQFF	NTNSSPDDQIGYY
CASSQRGPADTQYF	NTNSSPDDQIGYY
CASSRLRGYGYTF	NTNSSPDDQIGYY
CASSQGRAEAFF	NTNSSPDDQIGYY
CSATRDAETQETQYF	NTNSSPDDQIGYY
CSARDGSGVYNEQFF	NTNSSPDDQIGYY
CASSLEGQGGGLETQYF	NTNSSPDDQIGYY
CASSLTTNQPQHF	NTNSSPDDQIGYY
CASSLDPLAGGRETQYF	NTNSSPDDQIGYY
CASSVEWAGGLNTQYF	NTNSSPDDQIGYY
CASSVEWQGALDTQYF	NTNSSPDDQIGYY
CASKGLAGPLGEQYF	NTNSSPDDQIGYY
CASSFRTGETQYF	NTNSSPDDQIGYY
CASSPGGGTDNEQFF	NTNSSPDDQIGYY
CSARPEDLF	NTNSSPDDQIGYY
CASRKLAGGYNEQFF	NTNSSPDDQIGYY
CASKSLPSYEQYF	NTNSSPDDQIGYY
