CDR3	AA
CASSLSLAGRSSYNEQFF	FLWLLWPVTL
CASSALAGRTDTQYF	FLWLLWPVTL
CASSEVGTLEAFF	FLWLLWPVTL
CASSFPGASTEAFF	FLWLLWPVTL
CASRLPGGLQETQYF	FLWLLWPVTL
CASSPQWGSHNEQFF	FLWLLWPVTL
CASSLLAGDTQYF	FLWLLWPVTL
CSALTPSSGSSTDTQYF	FLWLLWPVTL
CASSLVFSGTEDYEQYF	FLWLLWPVTL
CASSEVGRAGNTGELFF	FLWLLWPVTL
CSVEEGLHPEQYF	FLWLLWPVTL
CASSEATGYIQYF	FLWLLWPVTL
CASSPGGGAIGYTF	FLWLLWPVTL
CASSLLGQSGYTF	FLWLLWPVTL
CASSPRVSGNTEAFF	FLWLLWPVTL
CASRPGTSGTDTQYF	FLWLLWPVTL
CASSYLGGLNTEAFF	FLWLLWPVTL
CASKQAGASYEQYF	FLWLLWPVTL
CASSLASNTEAFF	FLWLLWPVTL
CAKQWDSSYNEQFF	FLWLLWPVTL
CASSYSLGAGSGRSTDTQYF	FLWLLWPVTL
CASLPKGLNYGYTF	FLWLLWPVTL
CASRTGLADNTGELFF	FLWLLWPVTL
CASREQGVLSKNIQYF	FLWLLWPVTL
CSASDGRETQYF	FLWLLWPVTL
CASSYGAGEYEQYF	FLWLLWPVTL
CASSFGTGDEKLFF	FLWLLWPVTL
CASSPLSGSGYETQYF	FLWLLWPVTL
CASSFVNEQFF	FLWLLWPVTL
CASSFGMPGVPGELFF	FLWLLWPVTL
CASSQDISWGMNTGELFF	FLWLLWPVTL
CSVPQGQGYNEQFF	FLWLLWPVTL
CASSEVAGGLTDTQYF	FLWLLWPVTL
CASRPGGGTEETDTQYF	FLWLLWPVTL
CASSQDVRGWELFF	FLWLLWPVTL
CASSLEPRASGSSYNEQFF	FLWLLWPVTL
CASSPGLAGAYEQYF	FLWLLWPVTL
CATSDPDRYIEQFF	FLWLLWPVTL
CASSLEQYTQETQYF	FLWLLWPVTL
CASSLGARAYEQYF	FLWLLWPVTL
CARSPKEQYF	FLWLLWPVTL
CASTSPGGFVDEQYF	FLWLLWPVTL
CSARDGTASNLNTEAFF	FLWLLWPVTL
CATSDFDSTDTQYF	FLWLLWPVTL
CASSYIAATPFNTGELFF	FLWLLWPVTL
CASSLLRTGETQYF	FLWLLWPVTL
CASSETNEQFF	FLWLLWPVTL
CASSVAGITDTQYF	FLWLLWPVTL
CAISESGGQETQYF	FLWLLWPVTL
CASSQEGGFGNTIYF	FLWLLWPVTL
CASSYGVGSFTEAFF	FLWLLWPVTL
CASSPGQLQETQYF	FLWLLWPVTL
CASSVVPGDYGYTF	FLWLLWPVTL
CASSFTTGIYNTEAFF	FLWLLWPVTL
CASSFARDLQFF	FLWLLWPVTL
CAPPRPFPGLAETQYF	FLWLLWPVTL
CASSFTGEYGYTF	FLWLLWPVTL
CASSRGLAEPHDTQYF	FLWLLWPVTL
CASSPGTSLNEQFF	FLWLLWPVTL
CASSPANEQFF	FLWLLWPVTL
CASTGGGGNEQFF	FLWLLWPVTL
CASSSSGSTGELFF	FLWLLWPVTL
CASSLESASSYNEQFF	FLWLLWPVTL
CASSPGLADPYNEQFF	FLWLLWPVTL
CASSPPELAGGTYEQYF	FLWLLWPVTL
CASIDGFGTEAFF	FLWLLWPVTL
CATSDFGGTDTQYF	FLWLLWPVTL
CASSPTSYEQFF	FLWLLWPVTL
CASSLSPSGETQYF	FLWLLWPVTL
CASSFRGENTEAFF	FLWLLWPVTL
CASSPTGTGGVGYGYTF	FLWLLWPVTL
CATSDMASGPTDTQYF	FLWLLWPVTL
CASSFDSYPYNEQFF	FLWLLWPVTL
CSVVEVMNYGYTF	FLWLLWPVTL
CASSRTGPYEQYF	FLWLLWPVTL
CASRGGGAPDTQYF	FLWLLWPVTL
CASSFVREEQFF	FLWLLWPVTL
CASSSAQGAITGELFF	FLWLLWPVTL
CASSAAGDNEKLFF	FLWLLWPVTL
CASSDRVSTDTQYF	FLWLLWPVTL
CASSFGTDTQYF	FLWLLWPVTL
CASYLPGHRHGYTF	FLWLLWPVTL
CASSQGVNYGYTF	FLWLLWPVTL
CASSYSLQGEGEQYF	FLWLLWPVTL
CASSQDHGGPSYEQYF	FLWLLWPVTL
CASSPWDRGYEQYF	FLWLLWPVTL
CASNSQPQHF	FLWLLWPVTL
CASSLLSGLGNTEAFF	FLWLLWPVTL
CASSPLAAGFDEQFF	FLWLLWPVTL
CASSAGTGGNEQFF	FLWLLWPVTL
CSVGGVAGNVPDTQYF	FLWLLWPVTL
CASSLWGPNYEQYF	FLWLLWPVTL
CASSVLATGELFF	FLWLLWPVTL
CASSYGQRTSYEQYF	FLWLLWPVTL
CASSPGQKKFF	FLWLLWPVTL
CSATSPYNEQFF	FLWLLWPVTL
CASSPGTLGGWDIQYF	FLWLLWPVTL
CASSLTGGDLKTQYF	FLWLLWPVTL
CASRTGTSGRNEQFF	FLWLLWPVTL
CATSRVTSGRTDTQYF	FLWLLWPVTL
CASSFTGTANYGYTF	FLWLLWPVTL
CSARDLVAYLGFETQYF	FLWLLWPVTL
CAISERDNEQFF	FLWLLWPVTL
CASKGEATGELFF	FLWLLWPVTL
CASSRHPLAGDYNEQFF	FLWLLWPVTL
CASSRFSLATDTQYF	FLWLLWPVTL
CASSTPGGGSNYGYTF	FLWLLWPVTL
CAWSVLLGPDTQYF	FLWLLWPVTL
CSVEVRDSYEQYF	FLWLLWPVTL
CSVVGLAGDEQYF	FLWLLWPVTL
CATSDLRGEEFQETQYF	FLWLLWPVTL
CASSPMRGGFTDTQYF	FLWLLWPVTL
CASSFGLEQYF	FLWLLWPVTL
CASSIVLVGAGELFF	FLWLLWPVTL
CASSTQRLSPGEQYF	FLWLLWPVTL
CAISESEGYTF	FLWLLWPVTL
CASSLILRDTQYF	FLWLLWPVTL
CAITPGSTGELFF	FLWLLWPVTL
CARYRETHNFYYEQYF	FLWLLWPVTL
CASSPLGQPQHF	FLWLLWPVTL
CASSCLLAGGADTQYF	FLWLLWPVTL
CASLGLPSYNEQFF	FLWLLWPVTL
CASSQDRRGAEQYF	FLWLLWPVTL
CASSGLAGSSYEQYF	FLWLLWPVTL
CASSPVADTQYF	FLWLLWPVTL
CASSLDLGTGYEQYF	FLWLLWPVTL
CASSQDLPGGTDTQYF	FLWLLWPVTL
CASGLGRGLDVIDEKLFF	FLWLLWPVTL
CASSPGLAGGTNTGELFF	FLWLLWPVTL
CASSLYSNQPQHF	FLWLLWPVTL
CATLGTSRPDTQYF	FLWLLWPVTL
CSAAGTYNNEQFF	FLWLLWPVTL
CASSFSLAGGSLGETQYF	FLWLLWPVTL
CASSNSGSQADTQYF	FLWLLWPVTL
CASSQDDRGLGYTF	FLWLLWPVTL
CASSTVDSHKSTDTQYF	FLWLLWPVTL
CASSVAGVTDTQYF	FLWLLWPVTL
CASSHRSSYNEQFF	FLWLLWPVTL
CSAQGAYNEQFF	FLWLLWPVTL
CASSQHIGYNEQFF	FLWLLWPVTL
CASSYGTGRRYGYTF	FLWLLWPVTL
CASSLSLYQGTGELFF	FLWLLWPVTL
CASSPSGSDTQYF	FLWLLWPVTL
CASSLAGLAGGYNEQFF	FLWLLWPVTL
CASSSFRTGVDYGYTF	FLWLLWPVTL
CASSTGQVVATGAYEQYF	FLWLLWPVTL
CASRMRLAETQETQYF	FLWLLWPVTL
CASSFNQPQHF	FLWLLWPVTL
CASSFLLEGAYNEQFF	FLWLLWPVTL
CASSLAGGTPYEQYF	FLWLLWPVTL
CASSFSGYNEQFF	FLWLLWPVTL
CASSVAGLTDTQYF	FLWLLWPVTL
CASSQESGYTEAFF	FLWLLWPVTL
CASSLGDRPYEQYF	FLWLLWPVTL
CASLRDSMFF	FLWLLWPVTL
CASRPWGGKGVEEKLFF	FLWLLWPVTL
CASSLLPPETDTQYF	FLWLLWPVTL
CASSLTATEAFF	FLWLLWPVTL
CATSDRTAYTQYF	FLWLLWPVTL
CSVVPVDLSSYNEQFF	FLWLLWPVTL
CASSIPVGFPAGVYGELFF	FLWLLWPVTL
CASSPSTGTGGREQYF	FLWLLWPVTL
CASSPLSSYNEQFF	FLWLLWPVTL
CASSLWGSSYNEQFF	FLWLLWPVTL
CATGPGTTEAFF	FLWLLWPVTL
CASSESWETQYF	FLWLLWPVTL
CASSWSLAGESEQFF	FLWLLWPVTL
CASSLGEMGSYEQYF	FLWLLWPVTL
CASSLASAYEQYF	FLWLLWPVTL
CASSLLYYEQYF	FLWLLWPVTL
CASSLDRTHEQYF	FLWLLWPVTL
CASRTTVTYNEQFF	FLWLLWPVTL
CASSDAGSTYEQYF	FLWLLWPVTL
CASSLMQGINIQYF	FLWLLWPVTL
CASSDQGNTIYF	FLWLLWPVTL
CASTQDRGQETQYF	FLWLLWPVTL
CASSPWDRVYEQYF	FLWLLWPVTL
CASTGIPSGHSYEQYF	FLWLLWPVTL
CSSNQPQHF	FLWLLWPVTL
CATGKTSGRTDTQYF	FLWLLWPVTL
CASSLGLAEPQETQYF	FLWLLWPVTL
CATFSGANVLTF	FLWLLWPVTL
CSVQGLAGVFTDTQYF	FLWLLWPVTL
CASSLDRTSGTWEQYF	FLWLLWPVTL
CSVVGREGAGGYTF	FLWLLWPVTL
CASSLAPGYEQYF	FLWLLWPVTL
CASSRGAEQFF	FLWLLWPVTL
CASSLASDTQYF	FLWLLWPVTL
CASSWFLGTNEKLFF	FLWLLWPVTL
CSAGDQPQHF	FLWLLWPVTL
CASSLGPGSPYEQYF	FLWLLWPVTL
CASSQFAPGLNTDTQYF	FLWLLWPVTL
CAISELTSGSSYNEQFF	FLWLLWPVTL
CASSWTGAEQYF	FLWLLWPVTL
CASSFRVLREKDYNEQFF	FLWLLWPVTL
CASSESTGTGGYEQYF	FLWLLWPVTL
CASSRTSDEQFF	FLWLLWPVTL
CASRQWVDAGELFF	FLWLLWPVTL
CASSPLAGAGELFF	FLWLLWPVTL
CAISESSQPETQYF	FLWLLWPVTL
CASSFGEGGTQYF	FLWLLWPVTL
CASSFWQGTDTQYF	FLWLLWPVTL
CASSESNEQFF	FLWLLWPVTL
CASSQDLLGGEVNGYTF	FLWLLWPVTL
CASRGQGGGDYEQYF	FLWLLWPVTL
CATSDRPEELFF	FLWLLWPVTL
CASSLWGTSSNNEQFF	FLWLLWPVTL
CASSSLPGSPNEQFF	FLWLLWPVTL
CASSYTPPGGVPFYEQYF	FLWLLWPVTL
CASSFSETGELFF	FLWLLWPVTL
CASSLTNEQFF	FLWLLWPVTL
CSVGLIGSQLTYNEQFF	FLWLLWPVTL
CASSPHNEQFF	FLWLLWPVTL
CASSLGPEAFF	FLWLLWPVTL
CASSQRHLAYEQYF	FLWLLWPVTL
CASSQDGLQEVYNEQFF	FLWLLWPVTL
CASSYLGGQAEQFF	FLWLLWPVTL
CASSFLAETQYF	FLWLLWPVTL
CASSLFGGELFF	FLWLLWPVTL
CASSQQPSGGGSSYEQYF	FLWLLWPVTL
CSAFSRDRENEQYF	FLWLLWPVTL
CASSLVRELLHF	FLWLLWPVTL
CASSTDRGSEQFF	FLWLLWPVTL
CASSYSIGDWGLGNTIYF	FLWLLWPVTL
CASSFGTNYGYTF	FLWLLWPVTL
CASSETDSYEQYF	FLWLLWPVTL
CASSSLGLADLQETQYF	FLWLLWPVTL
CASTRNNEQFF	FLWLLWPVTL
CSVNSGTNTGELFF	FLWLLWPVTL
CASSFSGLIGYTF	FLWLLWPVTL
CSVSGTSMNTEAFF	FLWLLWPVTL
CSVVLAGFQSSYNEQFF	FLWLLWPVTL
CASSHRGSGNTIYF	FLWLLWPVTL
CATSVPTRGWETQYF	FLWLLWPVTL
CASSSGRVQETQYF	FLWLLWPVTL
CASGGRISYEQYF	FLWLLWPVTL
CASSESGLGTHTDTQYF	FLWLLWPVTL
CASAGNEQFF	FLWLLWPVTL
CASTQLRALWDIQYF	FLWLLWPVTL
CASSQNPTVTTYEQYF	FLWLLWPVTL
CASSHGQNTEAFF	FLWLLWPVTL
CASSFSGSGTGELFF	FLWLLWPVTL
CASSQVQGSNEQFF	FLWLLWPVTL
CASSLATYEQYF	FLWLLWPVTL
CASSPQPSDTEAFF	FLWLLWPVTL
CASSLGGGELTLKPNPKETQYF	FLWLLWPVTL
CSAREKGLYNEQFF	FLWLLWPVTL
CASSGIQRAYEQYF	FLWLLWPVTL
CASSLEGTGEQYF	FLWLLWPVTL
CASTEGGGETQYF	FLWLLWPVTL
CASRTSGSGYTGELFF	FLWLLWPVTL
CASSQPGLPSYEQYF	FLWLLWPVTL
CASSLWGTEAFF	FLWLLWPVTL
CANNVADTGELFF	FLWLLWPVTL
CASIGSSWELFF	FLWLLWPVTL
CASSFVQQETQYF	FLWLLWPVTL
CASSQESHGYTF	FLWLLWPVTL
CASSSDRSYEQYF	FLWLLWPVTL
CASSSIGFEQYF	FLWLLWPVTL
CASSVEGLNTEAFF	FLWLLWPVTL
CASSPGQPQHF	FLWLLWPVTL
CASSLYLGPTYEQYF	FLWLLWPVTL
CASSIGGAVTEAFF	FLWLLWPVTL
CATSGVGTGVYEQYF	FLWLLWPVTL
CASSPPSSGYPTYNEQFF	FLWLLWPVTL
CASSPLGTGALDTQYF	FLWLLWPVTL
CATKVELAGYNEQFF	FLWLLWPVTL
CASSPKTEGKNIQYF	FLWLLWPVTL
CASSLTGNTEAFF	FLWLLWPVTL
CASSPHSLAANEQFF	FLWLLWPVTL
CASSPRLAGGYEQYF	FLWLLWPVTL
CASSYSLGTGELFF	FLWLLWPVTL
CASSYRERGLGYTF	FLWLLWPVTL
CASSQDPLREGLVDNEQFF	FLWLLWPVTL
CASSLSSLAGVRHGELFF	FLWLLWPVTL
CSAKTGASSYEQYF	FLWLLWPVTL
CSARKTDPAGANVLTF	FLWLLWPVTL
CASSHETHGNTIYF	FLWLLWPVTL
CASSPRTPTSYEQYF	FLWLLWPVTL
CASSPNNEQFF	FLWLLWPVTL
CASSLGDIQYF	FLWLLWPVTL
CASSQTGFAEQYF	FLWLLWPVTL
CSARDRDTDTQYF	FLWLLWPVTL
CASSLVERGWNTEAFF	FLWLLWPVTL
CASSQSGTYGYTF	FLWLLWPVTL
CASSQVRGTEQYF	FLWLLWPVTL
CASSPTSSETQYF	FLWLLWPVTL
CASSEPFSGGYTGELFF	FLWLLWPVTL
CAWLGGELRNEQFF	FLWLLWPVTL
CASSLGPGGAGTEAFF	FLWLLWPVTL
CASTLYWGTEQFF	FLWLLWPVTL
CASSLGQGSSYEQYF	FLWLLWPVTL
CASSLALPTEGLAGEEETQYF	FLWLLWPVTL
CASTGLGSPLHF	FLWLLWPVTL
CASTTVPQRVGTDIQYF	FLWLLWPVTL
CASVRTGGPEQYF	FLWLLWPVTL
CASSLDSGNEQYF	FLWLLWPVTL
CASSIGYEQYF	FLWLLWPVTL
CASSVDRGSLNEQFF	FLWLLWPVTL
CASRAVYNEQFF	FLWLLWPVTL
CASSDPRESVTGELFF	FLWLLWPVTL
CASSGRNDEQYF	FLWLLWPVTL
CASSLWEGAMDYGYTF	FLWLLWPVTL
CASSLSGQVLSYNSPLHF	FLWLLWPVTL
CASSLGRAQPQHF	FLWLLWPVTL
CASSYFLGQLNTEAFF	FLWLLWPVTL
CASSSERYEQYF	FLWLLWPVTL
CASASGANTGELFF	FLWLLWPVTL
CASSSAGDGYTF	FLWLLWPVTL
CASSPNQPQHF	FLWLLWPVTL
CASSHIGQGADEQYF	FLWLLWPVTL
CASRTDSHSYEQYF	FLWLLWPVTL
CSVGGRPGLVPDTQYF	FLWLLWPVTL
CASSEAAPSYEQYF	FLWLLWPVTL
CASSFTDTQYF	FLWLLWPVTL
CASSLSLAGYNEQFF	FLWLLWPVTL
CASQNNEQFF	FLWLLWPVTL
CASSESNEQYF	FLWLLWPVTL
CASSLWGSGNTIYF	FLWLLWPVTL
CASSHPSYEQYF	FLWLLWPVTL
CASSLLTAYNEQFF	FLWLLWPVTL
CATSDCDRSGQSQETQYF	FLWLLWPVTL
CATSDRSSYEQYF	FLWLLWPVTL
CASSVLAGAGEQYF	FLWLLWPVTL
CASSLQGLSGYTF	FLWLLWPVTL
CAWSLGTASFFYGYTF	FLWLLWPVTL
CASGPGQALGTEAFF	FLWLLWPVTL
CASSFNGGYEQYF	FLWLLWPVTL
CASSLYYTGELFF	FLWLLWPVTL
CATSRLTGQETQYF	FLWLLWPVTL
CASSFLGQGRLNEQFF	FLWLLWPVTL
CASSVTGNTEAFF	FLWLLWPVTL
CASSLGADTQYF	FLWLLWPVTL
CASSLGTGYNEQFF	FLWLLWPVTL
CASSYGGPGYEQYF	FLWLLWPVTL
CATSDLRTGSTDTQYF	FLWLLWPVTL
CASSATASTDTQYF	FLWLLWPVTL
CASSQGLSGSPLHF	FLWLLWPVTL
CASSFLIGAYGYTF	FLWLLWPVTL
CASSFAGPDSPLHF	FLWLLWPVTL
CASSPPGSNEQFF	FLWLLWPVTL
CASSLEDPRTEAFF	FLWLLWPVTL
CASSLSNPTGAGYEQYF	FLWLLWPVTL
CASYRIGWDTQYF	FLWLLWPVTL
CSARDYRGVRAEAFF	FLWLLWPVTL
CASTGLAENTGELFF	FLWLLWPVTL
CASTNPGAPEQAFF	FLWLLWPVTL
CASSTLAQIHEQYF	FLWLLWPVTL
CASSLIGTAGANVLTF	FLWLLWPVTL
CASSAQNIQYF	FLWLLWPVTL
CASISDGELFF	FLWLLWPVTL
CASGQNEQFF	FLWLLWPVTL
CASSYPGITTVF	FLWLLWPVTL
CASQPGSIGHEQYF	FLWLLWPVTL
CASTIMGQPQHF	FLWLLWPVTL
CASSFTDRGSPYEQYF	FLWLLWPVTL
CASSAPGRGTTEAFF	FLWLLWPVTL
CASSQAGLAGETQYF	FLWLLWPVTL
CASSQDHGPYEQYF	FLWLLWPVTL
CASNPTGLISNQPQHF	FLWLLWPVTL
CASSVEGGDFTDTQYF	FLWLLWPVTL
CATSRDNLPETQYF	FLWLLWPVTL
CASSANSIRGPGANVLTF	FLWLLWPVTL
CASSLIAGDGNEQFF	FLWLLWPVTL
CASSLTPEAPLHF	FLWLLWPVTL
CASSPPNTGELFF	FLWLLWPVTL
CASSSPDSGNTIYF	FLWLLWPVTL
CASSLSGYNEQFF	FLWLLWPVTL
CASSLLGQPQHF	FLWLLWPVTL
CASSLDGTENYEQYF	FLWLLWPVTL
CATSDLAGGTSTDTQYF	FLWLLWPVTL
CASSLPTSGSTEQYF	FLWLLWPVTL
CASSTGVGGANVLTF	FLWLLWPVTL
CASSEGQGYQETQYF	FLWLLWPVTL
CASSHRGGTNEKLFF	FLWLLWPVTL
CASSTSSEQFF	FLWLLWPVTL
CASSSTGGAYNEQFF	FLWLLWPVTL
CASSLVGAGEAFF	FLWLLWPVTL
CASSFLVHEQFF	FLWLLWPVTL
CASSLVGTGELFF	FLWLLWPVTL
CASSLAEFYQPQHF	FLWLLWPVTL
CASSQDSQAYNEQFF	FLWLLWPVTL
CASSEAPGSYEQYF	FLWLLWPVTL
CASSFRASGSNEQYF	FLWLLWPVTL
CASSSQPQHF	FLWLLWPVTL
CASSLHPGGGGETQYF	FLWLLWPVTL
CASSQDVAATYEQYF	FLWLLWPVTL
CASSWASGELFF	FLWLLWPVTL
CSARDSVGSSYEQYF	FLWLLWPVTL
CSAAGAANNEQFF	FLWLLWPVTL
CASTAPRGEQYF	FLWLLWPVTL
CASSITPGDWEQYF	FLWLLWPVTL
CASTSTDLQEAFF	FLWLLWPVTL
CASSRLAGEENEQFF	FLWLLWPVTL
CASSRRQDGEHTGELFF	FLWLLWPVTL
CASSLVGGEASYEQYF	FLWLLWPVTL
CASGGGSAEAFF	FLWLLWPVTL
CSVVGTQGTEAFF	FLWLLWPVTL
CASSQSGTGYEQYF	FLWLLWPVTL
CSARDLTGSYEQYF	FLWLLWPVTL
CSARAFPGGYQETQYF	FLWLLWPVTL
CATSDFRTSGNQETQYF	FLWLLWPVTL
CASSYWGGQRGHEQYF	FLWLLWPVTL
CASSYSLGGDTEAFF	FLWLLWPVTL
CASSLADLGREIPDTQYF	FLWLLWPVTL
CSARDLGNTGELFF	FLWLLWPVTL
CSVAGDYGYTF	FLWLLWPVTL
CSVVWVSLGDHYNEQFF	FLWLLWPVTL
CASFGLAGTGELFF	FLWLLWPVTL
CASSEVIVREGDYGYTF	FLWLLWPVTL
CASSLIVGAIWLAGPTGELFF	FLWLLWPVTL
CSAREGGYEQYF	FLWLLWPVTL
CASTLAGAEQFF	FLWLLWPVTL
CSVAGNEQFF	FLWLLWPVTL
CASSNLPGQLEREQYF	FLWLLWPVTL
CASSSRGVEQPQHF	FLWLLWPVTL
CASSGLENYEQYF	FLWLLWPVTL
CASSVVGLTDTQYF	FLWLLWPVTL
CASSLASGEQYF	FLWLLWPVTL
CASSYFNTDTQYF	FLWLLWPVTL
CASSSDEQFF	FLWLLWPVTL
CASSQVAGNTGELFF	FLWLLWPVTL
CASSYIFYEQYF	FLWLLWPVTL
CASSPLQGGYYNEQFF	FLWLLWPVTL
CATSDGGPREKLFF	FLWLLWPVTL
CATSDWGTSGPTDTQYF	FLWLLWPVTL
CASSYGRINTEAFF	FLWLLWPVTL
CASSLGTVSTDTQYF	FLWLLWPVTL
CASSYSYPWTSQETQYF	FLWLLWPVTL
CASSPPSSGELFF	FLWLLWPVTL
CASSLEAHSYNEQFF	FLWLLWPVTL
CASSQENGNTIYF	FLWLLWPVTL
CASSRRFTGVSDYEQYF	FLWLLWPVTL
CATSRERINEQFF	FLWLLWPVTL
CASSLLTPSGTDTQYF	FLWLLWPVTL
CATSDFSGNNEQFF	FLWLLWPVTL
CASSMDRGWETQYF	FLWLLWPVTL
CASSPQRGTVDNEQFF	FLWLLWPVTL
CASSSIEGGVVTDTQYF	FLWLLWPVTL
CASSPEGGGAYEQYF	FLWLLWPVTL
CASSFWTDGYTF	FLWLLWPVTL
CASTLNTEAFF	FLWLLWPVTL
CASSPLLAGGPDTQYF	FLWLLWPVTL
CASSLVDTQYF	FLWLLWPVTL
CASSLPGTGYEQYF	FLWLLWPVTL
CASSFWGSGGDQETQYF	FLWLLWPVTL
CASSLDHWTSGPSYEQYF	FLWLLWPVTL
CASRGGQMYQETQYF	FLWLLWPVTL
CASSLDRGFDEQFF	FLWLLWPVTL
CASSWTSGSPGELFF	FLWLLWPVTL
CSVVLAGNYNEQFF	FLWLLWPVTL
CASSQLDRDEQFF	FLWLLWPVTL
CSAVPGGWTQYF	FLWLLWPVTL
CASSAGESNEQYF	FLWLLWPVTL
CSVAGTSGGNEQFF	FLWLLWPVTL
CASSPTGNIQYF	FLWLLWPVTL
CASETTRGTQYF	FLWLLWPVTL
CASSYGAGADQPQHF	FLWLLWPVTL
CASSFGGDTQYF	FLWLLWPVTL
CASTQGETQYF	FLWLLWPVTL
CAIRDRAITDTQYF	FLWLLWPVTL
FLKGGGRYNEQFF	FLWLLWPVTL
CASTWTSGTYNEQFF	FLWLLWPVTL
CASSYSLGLAGGTSRTDTQYF	FLWLLWPVTL
CASSPGDRGSYEQYF	FLWLLWPVTL
CASSHRTGSATNEKLFF	FLWLLWPVTL
CASSLYNSPLHF	FLWLLWPVTL
CASSEGYGYTF	FLWLLWPVTL
CASSFPKTGPPVETQYF	FLWLLWPVTL
CASSHDRDEKLFF	FLWLLWPVTL
CASKAGASLATEAFF	FLWLLWPVTL
CASSFGGPSYEQYF	FLWLLWPVTL
CASSWYEGTEAFF	FLWLLWPVTL
CASSIILAGVDEQFF	FLWLLWPVTL
CASSFPSGTAFYSNEKLFF	FLWLLWPVTL
CASSSDDFEAFF	FLWLLWPVTL
CASSLPSRKDANTGELFF	FLWLLWPVTL
CSATTSNEQFF	FLWLLWPVTL
CASSLEVGRWGYSEQYF	FLWLLWPVTL
CASSSDLDTGELFF	FLWLLWPVTL
CASSRNQPQHF	FLWLLWPVTL
CASSLGQETQYF	FLWLLWPVTL
CASSHLWESGYSNQPQHF	FLWLLWPVTL
CASGVAGGGTEQFF	FLWLLWPVTL
CASSLLQTYTGELFF	FLWLLWPVTL
CAISTGFGDTEAFF	FLWLLWPVTL
CASSHTTTPGQVRSFF	FLWLLWPVTL
CASSDRAGETQYF	FLWLLWPVTL
CASSQIVGGLYGYTF	FLWLLWPVTL
CSGTGGDEQYF	FLWLLWPVTL
CASSPLPGTEAFF	FLWLLWPVTL
CASSTSSGANVLTF	FLWLLWPVTL
CATSRAGIPSVSTEAFF	FLWLLWPVTL
CASSQGGGRSHEQFF	FLWLLWPVTL
CASSPRRAGGQAQNTQYF	FLWLLWPVTL
CASKLAGAVYEQYF	FLWLLWPVTL
CSGSGFTSSYNEQFF	FLWLLWPVTL
CASSFEGPDTEAFF	FLWLLWPVTL
CASSPWLGSYEQYF	FLWLLWPVTL
CASSQEPSLFKGTEAFF	FLWLLWPVTL
CASSVTNEQFF	FLWLLWPVTL
CASYSDTQYF	FLWLLWPVTL
CASRQESSGNTIYF	FLWLLWPVTL
CASTPEKEDNEQFF	FLWLLWPVTL
CASSQDRSSRGAGELFF	FLWLLWPVTL
CASSFRGAGNTIYF	FLWLLWPVTL
CASSGFWDPPLTEAFF	FLWLLWPVTL
CASSSPWAGEGTNEKLFF	FLWLLWPVTL
CASSYPGTGYEQYF	FLWLLWPVTL
CALHPTPGQGGNSPLHF	FLWLLWPVTL
CASSPGTSGWQETQYF	FLWLLWPVTL
CASSLGTGEYTDTQYF	FLWLLWPVTL
CASSFPSDSTYQETQYF	FLWLLWPVTL
CASNPRQGKDNEQFF	FLWLLWPVTL
CASSFTPNEKLFF	FLWLLWPVTL
CSATGPNSNQPQHF	FLWLLWPVTL
CASSLGRVQTDTQYF	FLWLLWPVTL
CASSFWGRRGGETQYF	FLWLLWPVTL
CASSLPGLNEQFF	FLWLLWPVTL
CASSSPPSGNTIYF	FLWLLWPVTL
CASRPQGPGEQYF	FLWLLWPVTL
CAWDLPGGQLFF	FLWLLWPVTL
CASSGGQGVPGELFF	FLWLLWPVTL
CASSLRGADNEQYF	FLWLLWPVTL
CASRGTGVQYYNEQFF	FLWLLWPVTL
CATSSVITDTQYF	FLWLLWPVTL
CASSERGGSGGELFF	FLWLLWPVTL
CASSYGLYTEAFF	FLWLLWPVTL
CASSLGAGTYNEQFF	FLWLLWPVTL
CATSDFGQSQETQYF	FLWLLWPVTL
CAISVMEIGYGYTF	FLWLLWPVTL
CASSWGTVTGELFF	FLWLLWPVTL
CASSFGQYF	FLWLLWPVTL
CASSPGQGYEQYF	FLWLLWPVTL
CASLIEGAYTGELFF	FLWLLWPVTL
CASSPLGGSNQPQHF	FLWLLWPVTL
CASSQDGRAGSNSPLHF	FLWLLWPVTL
CASTLPGDEQYF	FLWLLWPVTL
CAISELAGVNNEQFF	FLWLLWPVTL
CASSLDPSISRREGTDTQYF	FLWLLWPVTL
CAISAGHQETQYF	FLWLLWPVTL
CASSRQGGVGTQYF	FLWLLWPVTL
CASSLWGAAYNSPLHF	FLWLLWPVTL
CASSPFGSSTDTQYF	FLWLLWPVTL
CASTGTGYNEQFF	FLWLLWPVTL
CASTGTGSGEQYF	FLWLLWPVTL
CATSDPLAGFQETQYF	FLWLLWPVTL
CASSLGGSGSSYEQYF	FLWLLWPVTL
CASRLGLAGGGVALETQYF	FLWLLWPVTL
CASSPPETGSGTF	FLWLLWPVTL
CASSFKLAGLLYEQYF	FLWLLWPVTL
CASNPGISETQYF	FLWLLWPVTL
CSASELAGEPFYNEQFF	FLWLLWPVTL
CASSWDRIAF	FLWLLWPVTL
CASRARLAGPGDTQYF	FLWLLWPVTL
CASSLWGRTDEQFF	FLWLLWPVTL
CASSFGLAGEGDTQYF	FLWLLWPVTL
CASSLLLAGGYNEQFF	FLWLLWPVTL
CASSLLVGNTIYF	FLWLLWPVTL
CASSPTGNTEAFF	FLWLLWPVTL
CASSLANNEQFF	FLWLLWPVTL
CASSDPSNPLETQYF	FLWLLWPVTL
CSARDPLTYEQYF	FLWLLWPVTL
CSARDLAGATSYEQYF	FLWLLWPVTL
CASSPRTGGLTEAFF	FLWLLWPVTL
CASSPTGLHEQFF	FLWLLWPVTL
CASSTDQPQHF	FLWLLWPVTL
CASSRWGLAQFF	FLWLLWPVTL
CASSLNQPQHF	FLWLLWPVTL
CASSPYGGTDTQYF	FLWLLWPVTL
CAISESAGQETQYF	FLWLLWPVTL
CASSRGRGSGYGYTF	FLWLLWPVTL
CASSHRGHQNTEAFF	FLWLLWPVTL
CASGHNQATQYF	FLWLLWPVTL
CASSSTGSLGNTIYF	FLWLLWPVTL
CASSPRDRLPGGELFF	FLWLLWPVTL
CASSLGVGELFF	FLWLLWPVTL
CASSSVTGELFF	FLWLLWPVTL
CASSGLLAKNIQYF	FLWLLWPVTL
CASSSPRIAGGAKNIQYF	FLWLLWPVTL
CASSENRGESTDTQYF	FLWLLWPVTL
CASSDGSPNEQFF	FLWLLWPVTL
CASSVAGITDTQYF	FLWLLWPVTL
CASTTYRVLDEKLFF	FLWLLWPVTL
CASSYQGARQPQHF	FLWLLWPVTL
CASSLERGDGNEQFF	FLWLLWPVTL
CASSPRTSGYNEQFF	FLWLLWPVTL
CASSEGVDYEQYF	FLWLLWPVTL
CASSQDTRTGVDDYTF	FLWLLWPVTL
CASSLLPPSAGLVTFEAFF	FLWLLWPVTL
CASGATSGRGLYNEQFF	FLWLLWPVTL
CASRTGLAGELFF	FLWLLWPVTL
CASSYSTTAQETQYF	FLWLLWPVTL
CASSVWGMGNQPQHF	FLWLLWPVTL
CASSLDTGVITDTQYF	FLWLLWPVTL
CASSQERGPGGYTF	FLWLLWPVTL
CASSSPATGSQETQYF	FLWLLWPVTL
CASSVGRTLGTDTQYF	FLWLLWPVTL
CASRPSNTGELFF	FLWLLWPVTL
CASSLLSGYEQYF	FLWLLWPVTL
CATSRVAGGPETQYF	FLWLLWPVTL
CASSELGSPLHF	FLWLLWPVTL
CASSHLDGTNEKLFF	FLWLLWPVTL
CSVDAHPSGAYNEQFF	FLWLLWPVTL
CASSVGTGGFQPQHF	FLWLLWPVTL
CASSVAEWVGEQYF	FLWLLWPVTL
CASSLQGNTIYF	FLWLLWPVTL
CASSLAEGPNSPLHF	FLWLLWPVTL
CASNGQGYYNEQFF	FLWLLWPVTL
CASSSGGPFYNEQFF	FLWLLWPVTL
CASSKPGLAGPLGEQYF	FLWLLWPVTL
CASTSFSGGSGYEQFF	FLWLLWPVTL
CASSPLLPSGANVLTF	FLWLLWPVTL
CASSELLAGVSDTQYF	FLWLLWPVTL
CASSPANEQYF	FLWLLWPVTL
CASRTDLTGANYGYTF	FLWLLWPVTL
CATTSEGWYYGYTF	FLWLLWPVTL
CASSFLGQAANYGYTF	FLWLLWPVTL
CASSQETSGGIKETQYF	FLWLLWPVTL
CASSLGETQYF	FLWLLWPVTL
CASTFRGGEQFF	FLWLLWPVTL
CASSPGTNEQFF	FLWLLWPVTL
CATEALQETQYF	FLWLLWPVTL
CASSPNNPEQYF	FLWLLWPVTL
CSARKGGPEQYF	FLWLLWPVTL
CASSLYSSGVDTEAFF	FLWLLWPVTL
CASSSTSNEKLFF	FLWLLWPVTL
CASSDLAGGEKAYNEQFF	FLWLLWPVTL
CASSSFGLAGLPPYEQYF	FLWLLWPVTL
CASRASLLAESTDTQYF	FLWLLWPVTL
CASSQVEGSGELFF	FLWLLWPVTL
CASSFVRRGRNTEAFF	FLWLLWPVTL
CASPNGSGYSGANVLTF	FLWLLWPVTL
CAISESSETQYF	FLWLLWPVTL
CSVEAWTSGSTYEQYF	FLWLLWPVTL
CASSYSIPPGQGAAGELFF	FLWLLWPVTL
CASSLGKDSPLSYEQYF	FLWLLWPVTL
CASSFLGPETEAFF	FLWLLWPVTL
CASVALNNEQFF	FLWLLWPVTL
CASSSGPEQYF	FLWLLWPVTL
CASSSIAGDNNEQFF	FLWLLWPVTL
CASSLGAHWTGGLTTEAFF	FLWLLWPVTL
CASSYWTNGYTF	FLWLLWPVTL
CASQGPTGNEQFF	FLWLLWPVTL
CATSSISGVNTDTQYF	FLWLLWPVTL
CASSGTSGSSEQYF	FLWLLWPVTL
CASSPDQPQHF	FLWLLWPVTL
CASSAGLAGSTDTQYF	FLWLLWPVTL
CASSPTGDTEAFF	FLWLLWPVTL
CATSSRQMNTEAFF	FLWLLWPVTL
CASSLLVAGGPGEQFF	FLWLLWPVTL
CSVSAGDPYEQYF	FLWLLWPVTL
CASITFKEGAGELFF	FLWLLWPVTL
CASSPDNEQFF	FLWLLWPVTL
CASSIGVGEAFF	FLWLLWPVTL
CASSYGPNYEQYF	FLWLLWPVTL
CASSHGGTAYEQYF	FLWLLWPVTL
CASSQVAGSNQPQHF	FLWLLWPVTL
CASSFPGQGIRTEAFF	FLWLLWPVTL
CAISESSYEQYF	FLWLLWPVTL
CASSFAPGELFF	FLWLLWPVTL
CASSLEAAGELFF	FLWLLWPVTL
CASSLIGPNEKLFF	FLWLLWPVTL
CATSDSRARTLNEQFF	FLWLLWPVTL
CASSPQGFNEQFF	FLWLLWPVTL
CAILDITLQTQYF	FLWLLWPVTL
CAWSAGTGFEQYF	FLWLLWPVTL
CASSIGNIQYF	FLWLLWPVTL
CASSPTRGSGFEQYF	FLWLLWPVTL
CASSPSGRIEAFF	FLWLLWPVTL
CASRNRDRDLFEQYF	FLWLLWPVTL
CSVLRRESTDTQYF	FLWLLWPVTL
CASSYPPEQFF	FLWLLWPVTL
CSVDWGETQYF	FLWLLWPVTL
CASSPGGLDTEAFF	FLWLLWPVTL
CASSWDKVGTDTQYF	FLWLLWPVTL
CASSLSGTALASEKLFF	FLWLLWPVTL
CASRKQGWEETQYF	FLWLLWPVTL
CASVLQGAYEQYF	FLWLLWPVTL
CASSYSTWQTRFSYEQYF	FLWLLWPVTL
CASSSVPGLAGAYNEQFF	FLWLLWPVTL
CASSFGVEQFF	FLWLLWPVTL
CASSRADSYEQYF	FLWLLWPVTL
CASSYSDRDFLRDEQFF	FLWLLWPVTL
CSVVGPPSSYNEQFF	FLWLLWPVTL
CASSPPDRINSPLHF	FLWLLWPVTL
CASSLGGVQPQHF	FLWLLWPVTL
CASSSLRTGRDIQYF	FLWLLWPVTL
CASSPRAGEQYF	FLWLLWPVTL
CSARVQDYNEQFF	FLWLLWPVTL
CSVLWMADQFF	FLWLLWPVTL
CAWSDPGGRGTGELFF	FLWLLWPVTL
CASLPTGTYTGELFF	FLWLLWPVTL
CASSYGLAQETQYF	FLWLLWPVTL
CSVSDRDYEETQYF	FLWLLWPVTL
CASTGRDTQYF	FLWLLWPVTL
CSARDPGLASTDTQYF	FLWLLWPVTL
CASSPTDVLDGSSTDTQYF	FLWLLWPVTL
CASSQGSGGQPQHF	FLWLLWPVTL
CSADMDLGPQHF	FLWLLWPVTL
CAISDSTGQTGETQYF	FLWLLWPVTL
CASSILGLAGGLGTDTQYF	FLWLLWPVTL
CASSSQGNEKLFF	FLWLLWPVTL
CASSFGPENTEAFF	FLWLLWPVTL
CASSLEGYQETQYF	FLWLLWPVTL
CASSPSTSIYEQYF	FLWLLWPVTL
CASSSQGETQYF	FLWLLWPVTL
CASSPMGQPYEQYF	FLWLLWPVTL
CASSLVRNTEAFF	FLWLLWPVTL
CASSPGLAGEYEQYF	FLWLLWPVTL
CASSPGTSGYQETQYF	FLWLLWPVTL
CASSAIVETQYF	FLWLLWPVTL
CASSEPQGNYGYTF	FLWLLWPVTL
CASSFLSSYNEQFF	FLWLLWPVTL
CASKGTSFEQYF	FLWLLWPVTL
CSARGFRDRSYEQYF	FLWLLWPVTL
CATSDLYTGLADYNEQFF	FLWLLWPVTL
CASSHPNTGELFF	FLWLLWPVTL
CASSLGQWFQQYF	FLWLLWPVTL
CASSPNNEQFF	FLWLLWPVTL
CASSLTGDTEAFF	FLWLLWPVTL
CASSFLGPVYEQYF	FLWLLWPVTL
CASSPGTGDEKLFF	FLWLLWPVTL
CASSQGLAGGLGTQYF	FLWLLWPVTL
CASSAPGEGGYTF	FLWLLWPVTL
CASARSGIEYF	FLWLLWPVTL
CASSSGTAYNEQFF	FLWLLWPVTL
CASIRQGQETQYF	FLWLLWPVTL
CASSLSGELFF	FLWLLWPVTL
CASRDGQGGLYYEQYF	FLWLLWPVTL
CASRTTGTNEQFF	FLWLLWPVTL
CASSLQGLDTEAFF	FLWLLWPVTL
CASSYPGELFF	FLWLLWPVTL
CASSESYEQYF	FLWLLWPVTL
CSARDPQDSGLREQYF	FLWLLWPVTL
CASSLGGAVSSYNEQFF	FLWLLWPVTL
CASTGDNEQFF	FLWLLWPVTL
CASSFTDTQYF	FLWLLWPVTL
CASSYSLGSRIPYEQYF	FLWLLWPVTL
CASSVRGAHTEAFF	FLWLLWPVTL
CATNQAGGHSYEQYF	FLWLLWPVTL
CASNQVAGGPGDTQYF	FLWLLWPVTL
CATSDLRGGTSTDTQYF	FLWLLWPVTL
CSARDVDNEQFF	FLWLLWPVTL
CASSIGGLADSYEQYF	FLWLLWPVTL
CASNLGGYEQYF	FLWLLWPVTL
CASSFFDKQFF	FLWLLWPVTL
CASSPFGGSYNEQFF	FLWLLWPVTL
CASSLWGYEQYF	FLWLLWPVTL
CASTMTGKETQYF	FLWLLWPVTL
CASSEGLRELFF	FLWLLWPVTL
CASSTGRDTGELFF	FLWLLWPVTL
CASSLALPGSYEQYF	FLWLLWPVTL
CASSAGLAGGPRSYEQYF	FLWLLWPVTL
CASSYSVVLAGRGETQYF	FLWLLWPVTL
CASSLSVAEQFF	FLWLLWPVTL
CASSLLAPDKTPGISSYEQYF	FLWLLWPVTL
CSARDWQGEGQPQHF	FLWLLWPVTL
CASSYSLGQGDYEQYF	FLWLLWPVTL
CASNPTGPSYEQYF	FLWLLWPVTL
CASSPYGAGTGGTGELFF	FLWLLWPVTL
CATQDGGFGYTF	FLWLLWPVTL
CASSLRGSREQYF	FLWLLWPVTL
CATSDGRTGANEKLFF	FLWLLWPVTL
CASSYSSTSGDEQYF	FLWLLWPVTL
CASSLSGTLYEQYF	FLWLLWPVTL
CASSLWGSATEQYF	FLWLLWPVTL
CASTGTGNTEAFF	FLWLLWPVTL
CASRIFPGQGVETQYF	FLWLLWPVTL
CASSGGDRGGDSPLHF	FLWLLWPVTL
CASSETGGIAPLHF	FLWLLWPVTL
CASSISFNTEAFF	FLWLLWPVTL
CATSDLKGDEGVGQETQYF	FLWLLWPVTL
CAILTQGAEAFF	FLWLLWPVTL
CASRDRARYEQYF	FLWLLWPVTL
CASGEWADTQYF	FLWLLWPVTL
CASSGLSGGGNEQFF	FLWLLWPVTL
CASSLLGTSGPGELFF	FLWLLWPVTL
CASSPGTGDGGYTF	FLWLLWPVTL
CASLIAGGYTF	FLWLLWPVTL
CASSPPDRFSYEQYF	FLWLLWPVTL
CASSDSSTEAFF	FLWLLWPVTL
CASRPLTGGGQPQHF	FLWLLWPVTL
CASSYSGANYEQYF	FLWLLWPVTL
CATTGPSSGNTIYF	FLWLLWPVTL
CSVIRTDNYGYTF	FLWLLWPVTL
CASSRQDYSYNEQFF	FLWLLWPVTL
CASNPGHLNTEAFF	FLWLLWPVTL
CASSPTGSEQYF	FLWLLWPVTL
CASSHSRTGNTEAFF	FLWLLWPVTL
CSVTGLAGGVEQFF	FLWLLWPVTL
CASTPGTGVYNEQFF	FLWLLWPVTL
CRALNEQFF	FLWLLWPVTL
CASSLSPPIAKREGHNEQFF	FLWLLWPVTL
CASSLSLERDEQFF	FLWLLWPVTL
CASSLDFSTQYF	FLWLLWPVTL
CASNQGKGNQPQHF	FLWLLWPVTL
CASSLAGISTDTQYF	FLWLLWPVTL
CASSYKLGEGEAFF	FLWLLWPVTL
CAWTSTQGRETQYF	FLWLLWPVTL
CASSSDLGWGEQFF	FLWLLWPVTL
CASSLTGNTEAFF	FLWLLWPVTL
CASSLTDLGYGYTF	FLWLLWPVTL
CASSPLEGGRLAGTTYEQYF	FLWLLWPVTL
CASSPGLAGGPTGELFF	FLWLLWPVTL
CASSAIPPGRTNEKLFF	FLWLLWPVTL
CASSHIGTAYEQYF	FLWLLWPVTL
CASSLGTGYNEQFF	FLWLLWPVTL
CASSTPGLAGPMYF	FLWLLWPVTL
CASRGGLAGSNEQFF	FLWLLWPVTL
CSARDSGLRGENTIYF	FLWLLWPVTL
CASSLLRPSGANVLTF	FLWLLWPVTL
CASSQDAGAWGYTF	FLWLLWPVTL
CASSQDLGWGNQPQHF	FLWLLWPVTL
CASSEAILASTDTQYF	FLWLLWPVTL
CASTREGEGGYTF	FLWLLWPVTL
CASTLAGGSDTQYF	FLWLLWPVTL
CAATPTLFQQGNGAFF	FLWLLWPVTL
CATRRQGLNTEAFF	FLWLLWPVTL
CASSLGLAGIGEQFF	FLWLLWPVTL
CASSRDRETTEAFF	FLWLLWPVTL
CASSWILWDDEQFF	FLWLLWPVTL
CASSLNGRDTQYF	FLWLLWPVTL
CSVGGTEQYF	FLWLLWPVTL
CASSQNPGQMNTEAFF	FLWLLWPVTL
CASSQVRDRDEKLFF	FLWLLWPVTL
CATTYTGELFF	FLWLLWPVTL
CASSLASYEQYF	FLWLLWPVTL
CASSSIAGTHSTDTQYF	FLWLLWPVTL
CASSSLAGAGTGELFF	FLWLLWPVTL
CASSFNEQFF	FLWLLWPVTL
CASSVDNGAYNEQFF	FLWLLWPVTL
CASSQEIANTEAFF	FLWLLWPVTL
CASSPNLAHTNTGELFF	FLWLLWPVTL
CASSQDRTGLNEKLFF	FLWLLWPVTL
CATSDFGGTDTQYF	FLWLLWPVTL
CASSALDNEQFF	FLWLLWPVTL
CASSQDRRPPNSEQFF	FLWLLWPVTL
CASSQVGETEAFF	FLWLLWPVTL
CASSLGTGESYEQYF	FLWLLWPVTL
CASSSSPPTTGGDAGGYTF	FLWLLWPVTL
CASSDQLAGGYQETQYF	FLWLLWPVTL
CASSLAQLAGNYNEQFF	FLWLLWPVTL
CASSHHAENNEQFF	FLWLLWPVTL
CASTETGGPPYEQYF	FLWLLWPVTL
CASANLGQPQHF	FLWLLWPVTL
CASSLRGSYEQYF	FLWLLWPVTL
CASRPPGGFTDTQYF	FLWLLWPVTL
CASSRQGLDQKLFF	FLWLLWPVTL
CASGKGQWNTEAFF	FLWLLWPVTL
CASVSVTSGSNEQFF	FLWLLWPVTL
CASRIYNEKLFF	FLWLLWPVTL
CATPAVGGEQFF	FLWLLWPVTL
CASSLSTVSTYEQYF	FLWLLWPVTL
CASSGRAISGNTIYF	FLWLLWPVTL
CAISEWTGRRNEQFF	FLWLLWPVTL
CASSILGGDNEQFF	FLWLLWPVTL
CASSHTPGELFF	FLWLLWPVTL
CASSSQVTEAFF	FLWLLWPVTL
CASLGGNNYNEQFF	FLWLLWPVTL
CASSSEGQGRIEAFF	FLWLLWPVTL
CASALAGGPYEQYF	FLWLLWPVTL
CASSFPGLEGEHEQYF	FLWLLWPVTL
CASNLQGPSNEQYF	FLWLLWPVTL
CASSEIGQENYGYTF	FLWLLWPVTL
CASSLLSGLGSNEQFF	FLWLLWPVTL
CASGVSGQRDTEAFF	FLWLLWPVTL
CASSKDRRDGYTF	FLWLLWPVTL
CASSNAGGASYNEQFF	FLWLLWPVTL
CASSFNNEQFF	FLWLLWPVTL
CASSHGGGSTGELFF	FLWLLWPVTL
CASSLLIPGLAGGTVSDEQFF	FLWLLWPVTL
CAWTEDRGSPLHF	FLWLLWPVTL
CASSMSGGAYEQYF	FLWLLWPVTL
CASSYGGDQPQHF	FLWLLWPVTL
CASSFAYGSGAEAFF	FLWLLWPVTL
CASSPSNEQYF	FLWLLWPVTL
CASTPLAYADTQYF	FLWLLWPVTL
CATQTEQVSIARSTDTQYF	FLWLLWPVTL
CASRSNPSPVGFF	FLWLLWPVTL
CASSLSGPYNEQFF	FLWLLWPVTL
CASSLVAGVEAFANEQFF	FLWLLWPVTL
CASSLTGPYNEQFF	FLWLLWPVTL
CSARDREAYGYTF	FLWLLWPVTL
CSAIFVAGGPSTDTQYF	FLWLLWPVTL
CASSILPVVGNTIYF	FLWLLWPVTL
CASSLEIANTEAFF	FLWLLWPVTL
CASSTSSEQFF	FLWLLWPVTL
CASSHWLAGGPGEQFF	FLWLLWPVTL
CASSVDVGELFF	FLWLLWPVTL
CATSDLTSGTSTDTQYF	FLWLLWPVTL
CASSSNGVDTQYF	FLWLLWPVTL
CASSSTGSTEAFF	FLWLLWPVTL
CASSIGGAPYGYTF	FLWLLWPVTL
CASSDPGNEQYF	FLWLLWPVTL
CAWSVLAGAGEQYF	FLWLLWPVTL
CASSFEGGLGTEAFF	FLWLLWPVTL
CSAQTPYNEQFF	FLWLLWPVTL
CATSDFGLGEQFF	FLWLLWPVTL
CAPPGANVLTF	FLWLLWPVTL
CASSLRAGEGEQFF	FLWLLWPVTL
CASIPTSGFYNEQFF	FLWLLWPVTL
CSVALGTGAEAFF	FLWLLWPVTL
CATHRLRNTGELFF	FLWLLWPVTL
CASSYFRGSSYNEQFF	FLWLLWPVTL
CASSLAGANWYF	FLWLLWPVTL
CASSLASGGTEAFF	FLWLLWPVTL
CASSLGQRVDGYTF	FLWLLWPVTL
CASSETDSPPQHF	FLWLLWPVTL
CASSEETRGSYEQYF	FLWLLWPVTL
CASSRRGQVRGWGADTQYF	FLWLLWPVTL
CASSLWGGEQYF	FLWLLWPVTL
CASSPTQSEAFF	FLWLLWPVTL
CAISETGSGNTIYF	FLWLLWPVTL
CASSIGGGELFF	FLWLLWPVTL
CASSPQGWNEQFF	FLWLLWPVTL
CATSDLTGQGLNEQFF	FLWLLWPVTL
CATSDLRQGISTDTQYF	FLWLLWPVTL
CASSPTMNTEAFF	FLWLLWPVTL
CASSLGLEGNSPLHF	FLWLLWPVTL
CASSQDGPYEQFF	FLWLLWPVTL
CASSQVAGDTYNEQFF	FLWLLWPVTL
CASSLADNAQFF	FLWLLWPVTL
CASSQIGVGANVLTF	FLWLLWPVTL
CASITNTGELFF	FLWLLWPVTL
CASSPNSGGYYNEQFF	FLWLLWPVTL
CASSPAGLQPQHF	FLWLLWPVTL
CASSPVYGFYGYTF	FLWLLWPVTL
CASSYGLTNTGELFF	FLWLLWPVTL
CASSLGPRLLF	FLWLLWPVTL
CASSLGTSFLYEQYF	FLWLLWPVTL
CASSLLGGTGNTIYF	FLWLLWPVTL
CAIRGDEGQETQYF	FLWLLWPVTL
CAIGTEIYGYTF	FLWLLWPVTL
CASSPVGNEQFF	FLWLLWPVTL
CASSPAGLYGYTF	FLWLLWPVTL
CASLGASGVYEQYF	FLWLLWPVTL
CASRRGGVGYGYTF	FLWLLWPVTL
CASSYSAGELNYGYTF	FLWLLWPVTL
CASSSRDIGIYEQYF	FLWLLWPVTL
CASSISGNYNEQFF	FLWLLWPVTL
CASSQDPLSTSSYEQYF	FLWLLWPVTL
CASSSYNEQFF	FLWLLWPVTL
CASSYSLGVVTGELFF	FLWLLWPVTL
CASSPDLGYQETQYF	FLWLLWPVTL
CASSLVAGVTGELFF	FLWLLWPVTL
CSVAPPSGSFNEQFF	FLWLLWPVTL
CASSAYEMEAGGGEQYF	FLWLLWPVTL
CASSATGDTEAFF	FLWLLWPVTL
CASSGLTSGNTGELFF	FLWLLWPVTL
CASSFVSEKLFF	FLWLLWPVTL
CASSYGLGSSYEQYF	FLWLLWPVTL
CASSILVMEANSYNEQFF	FLWLLWPVTL
CATSDLLGNTDTQYF	FLWLLWPVTL
CATSDFERTDTQYF	FLWLLWPVTL
CASSQDRGQPNYGYTF	FLWLLWPVTL
CASSYSLADNEQFF	FLWLLWPVTL
CAISETFTSGGDTDTQYF	FLWLLWPVTL
CASSLGLAGGLGDTQYF	FLWLLWPVTL
CASTPRDTYNEQFF	FLWLLWPVTL
CASSQWGENEQFF	FLWLLWPVTL
CASSFRPLDREPYGYTF	FLWLLWPVTL
CASRRLGGVYEQYF	FLWLLWPVTL
CASSESNEQYF	FLWLLWPVTL
CASSYSLGQGAALNSEQYF	FLWLLWPVTL
CASIGISFWEQYF	FLWLLWPVTL
CASSIRTGGGNEQFF	FLWLLWPVTL
CASSLGVMNEQYF	FLWLLWPVTL
CASSYPFGSSYNEQFF	FLWLLWPVTL
CASSHPGGSYEQYF	FLWLLWPVTL
CAAATPNGYTF	FLWLLWPVTL
CASSEVGEQFF	FLWLLWPVTL
CSARQPTNEKLFF	FLWLLWPVTL
CASSYLTTNTEAFF	FLWLLWPVTL
CASSYGSGAEAFF	FLWLLWPVTL
CASSFTHPSTDTQYF	FLWLLWPVTL
CASTQTGNTEAFF	FLWLLWPVTL
CASSPTGGTYEQYF	FLWLLWPVTL
CASSPRDEQYF	FLWLLWPVTL
CASSLAPPGELFF	FLWLLWPVTL
CASSPMGEQYF	FLWLLWPVTL
CASMALGDTQYF	FLWLLWPVTL
CASSPRPIVQLHPSGANVLTF	FLWLLWPVTL
CASGLGTVYEQYF	FLWLLWPVTL
CASSVGNGEQFF	FLWLLWPVTL
CSARVMTGGTEAFF	FLWLLWPVTL
CASSFIPSGSSYEQYF	FLWLLWPVTL
CASSLVGAGLEKDTQYF	FLWLLWPVTL
CSARDNSNYGYTF	FLWLLWPVTL
CASSLGTRNEQFF	FLWLLWPVTL
CASGTTGELFF	FLWLLWPVTL
CASSLLAPLLDNEQFF	FLWLLWPVTL
CASSQVQGAYEQYF	FLWLLWPVTL
CAWRILAGNEQFF	FLWLLWPVTL
CASSFLAWETQYF	FLWLLWPVTL
CASSEFWTGRPETQYF	FLWLLWPVTL
CASSLSMGGARNQPQHF	FLWLLWPVTL
CASSLGADRGEKLFF	FLWLLWPVTL
CASSPPGLPKWDEQFF	FLWLLWPVTL
CASSLIAGAETQYF	FLWLLWPVTL
CASSEGTSGATDTQYF	FLWLLWPVTL
CASSLFPGGLYNEQFF	FLWLLWPVTL
CASSPPVFTGELFF	FLWLLWPVTL
CASSTGLGGYNEQFF	FLWLLWPVTL
CAITSRADEQFF	FLWLLWPVTL
CASSFERLAHEQFF	FLWLLWPVTL
CASSVEGTASTDTQYF	FLWLLWPVTL
CASSVVGLTDTQYF	FLWLLWPVTL
CASSLWGQGLSYEQYF	FLWLLWPVTL
CASSTVTGGEETQYF	FLWLLWPVTL
CASTPGGGLYGYTF	FLWLLWPVTL
CASSLLASSGANVLTF	FLWLLWPVTL
CASTGLAYEQYF	FLWLLWPVTL
CASTHSGHGEQFF	FLWLLWPVTL
CASSPRGRTNEKLFF	FLWLLWPVTL
CASSYFSGDLQETQYF	FLWLLWPVTL
CASSLSAIAGLAGYEQYF	FLWLLWPVTL
CASGRIEGDGYTF	FLWLLWPVTL
CATGGQLNTEAFF	FLWLLWPVTL
CASSWGRNTGELFF	FLWLLWPVTL
CASSLFQGGAETQYF	FLWLLWPVTL
CATSDLEKTDTQYF	FLWLLWPVTL
CSVEGDREIGIGGNEQFF	FLWLLWPVTL
CASSQTLDPYEQYF	FLWLLWPVTL
CASSLGLALSSYNEQFF	FLWLLWPVTL
CASTIGGPLYNEQFF	FLWLLWPVTL
CASSWGQLYEQYF	FLWLLWPVTL
CATSDPRYEYNEQFF	FLWLLWPVTL
CASSDSIGASGRLNEQFF	FLWLLWPVTL
CASSFTSFDRDTQYF	FLWLLWPVTL
CASSQSDANTGELFF	FLWLLWPVTL
CASSQGLAGVFF	FLWLLWPVTL
CASSVAGLTDTQYF	FLWLLWPVTL
CATATAGNEKLFF	FLWLLWPVTL
CASSHRGGNQPQHF	FLWLLWPVTL
CASSSLYEQYF	FLWLLWPVTL
CASSPKTWLAAYTGELFF	FLWLLWPVTL
CASTTLMPAEAFF	FLWLLWPVTL
CAAGTGTYNEQFF	FLWLLWPVTL
CASTSTRAGELFF	FLWLLWPVTL
CASSPGPGYTF	FLWLLWPVTL
CASSYVLAAGSGELFF	FLWLLWPVTL
CASSFPFQETQYF	FLWLLWPVTL
CASSQDDRQGTYEQYF	FLWLLWPVTL
CASSRGQPQHF	FLWLLWPVTL
CASRKQLFTDTQYF	FLWLLWPVTL
CASSLNQPQHF	FLWLLWPVTL
CARAPDSNPYEQYF	FLWLLWPVTL
CASTGVGYNEQFF	FLWLLWPVTL
CASSFPGIGGDYNEQFF	FLWLLWPVTL
CASSSLGTSGAGDTQYF	FLWLLWPVTL
CASSSSNEQFF	FLWLLWPVTL
CASQAPGSAGELFF	FLWLLWPVTL
CASSPPSEQEQFF	FLWLLWPVTL
CASSFSLAGGSLGETQYF	FLWLLWPVTL
CASSLGDGPYEQYF	FLWLLWPVTL
CASSSQQMNTGELFF	FLWLLWPVTL
CASSGQNIQYF	FLWLLWPVTL
CASHLGDHTGELFF	FLWLLWPVTL
CASSYSSGLRIDGYTF	FLWLLWPVTL
CASSFGYLGTQYF	FLWLLWPVTL
CSAYTGFGNQPQHF	FLWLLWPVTL
CSVEKSSGRVNNEQFF	FLWLLWPVTL
CASSQVLQGPDVGGYTF	FLWLLWPVTL
CASTDLSTDTQYF	FLWLLWPVTL
CASSFPDREGPQETQYF	FLWLLWPVTL
CASSHTNEQFF	FLWLLWPVTL
CASSQPGRESPLHF	FLWLLWPVTL
CASSIWGNTEAFF	FLWLLWPVTL
CASSHGLAGEYEQYF	FLWLLWPVTL
CSASMDNEQFF	FLWLLWPVTL
CSARDEGLAGVWCEQYF	FLWLLWPVTL
CATSRSGGAADEQFF	FLWLLWPVTL
CASSLRGSWDTIYF	FLWLLWPVTL
CASSLEDLRQPQHF	FLWLLWPVTL
CASSQDRGWVYGYTF	FLWLLWPVTL
CASSFVGAPQYF	FLWLLWPVTL
CASTGGLFYNSPLHF	FLWLLWPVTL
CASSPSNEQFF	FLWLLWPVTL
CASRGLGPSSTDTQYF	FLWLLWPVTL
CASSQDGTGVSYEQYF	FLWLLWPVTL
CASSDFRGVDGYTF	FLWLLWPVTL
CASSIYANTEAFF	FLWLLWPVTL
CASSLGPNTEAFF	FLWLLWPVTL
CASSTGTGGINYGYTF	FLWLLWPVTL
CASLPQGPYGYTF	FLWLLWPVTL
CASSFLHPAGVTSYEQYF	FLWLLWPVTL
CASSVRDLGYEQYF	FLWLLWPVTL
CASSPGRGNTEAFF	FLWLLWPVTL
CASSDGTSGTSTDTQYF	FLWLLWPVTL
CASSLTGDTEAFF	FLWLLWPVTL
