CDR3	AA
CASSLWAPSSYEQYF	LITLATCELY
CASGEGDNEQFF	LITLATCELY
CASSLSNPSYNEQFF	LITLATCELY
CASSLTANYGYTF	LITLATCELY
CASSSSGTGYTEAFF	LITLATCELY
CASSFGGNEQYF	LITLATCELY
CATRGVRDEQFF	LITLATCELY
CASSFGFSYEQYF	LITLATCELY
CASSSAVGLAGVWGEQFF	LITLATCELY
CSARGAGINDEQYF	LITLATCELY
CASSPWTSFDYEQYF	LITLATCELY
CASSSDSGLVLLGEQYF	LITLATCELY
CASSQAGGLNYGYTF	LITLATCELY
CASSHSTGANTGELFF	LITLATCELY
CASSLPGQGGNEQFF	LITLATCELY
CASSVGDNYEQYF	LITLATCELY
CASSLTGDYTEAFF	LITLATCELY
CASSVLSTDTQYF	LITLATCELY
CASSQPGLEQYF	LITLATCELY
CASSLTGIYGYTF	LITLATCELY
CAITDPGVIYEQYF	LITLATCELY
CASSPGLAGDYEQYF	LITLATCELY
CASTRLSNTGELFF	LITLATCELY
CASSAGGAGPSHEQYF	LITLATCELY
CASSQRSQYF	LITLATCELY
CASSLGSYEQYF	LITLATCELY
CASSLQGTYQPQHF	LITLATCELY
CASSVASGGPGDTQYF	LITLATCELY
CSARTSGTGELFF	LITLATCELY
CASSLFPGYEQYF	LITLATCELY
CASSLRDVLGSPLHF	LITLATCELY
CASSLQGSYGYTF	LITLATCELY
CASSLFVGYEQYF	LITLATCELY
CASSLQGNSPLHF	LITLATCELY
CASSEGTAGRPSYNSPLHF	LITLATCELY
CASRIGTTQHF	LITLATCELY
CASSTRQGDNYGYTF	LITLATCELY
CASSPAANYGYTF	LITLATCELY
CASSPLALSYEQYF	LITLATCELY
CASSLTGIYEQYF	LITLATCELY
CASRRGNNEQFF	LITLATCELY
CASSQGQLSANYGYTF	LITLATCELY
CASSSQGARNTEAFF	LITLATCELY
CASSLPEGTSGNEQFF	LITLATCELY
CASSLHPSTNEQFF	LITLATCELY
CASSLSGAVSYEQYF	LITLATCELY
CASSQEGGSGRALDEQYF	LITLATCELY
CASSPDRVSHEQYF	LITLATCELY
CSARKGTGLDQPQHF	LITLATCELY
CASSPGASAANEQFF	LITLATCELY
CASSSGLNGWTEAFF	LITLATCELY
CASSFPRGDTQYF	LITLATCELY
CASSLTGAYGYTF	LITLATCELY
CASSVSSYEQYF	LITLATCELY
CASSFAQGMNTEAFF	LITLATCELY
CSARGIYGGVAKNIQYF	LITLATCELY
CASSLVTGANTGELFF	LITLATCELY
CASSSYTYNEQFF	LITLATCELY
CASSAGGPSYEQYF	LITLATCELY
CASGLNGLYEQYF	LITLATCELY
CASSYITDTQYF	LITLATCELY
CASSPRLDYEQYV	LITLATCELY
CASSHGQEGPEAFF	LITLATCELY
CASSFTSGSYVEQFF	LITLATCELY
CASSFGQGYEQYF	LITLATCELY
CASSLSGSNQPQHF	LITLATCELY
CASSLGQGYEQYF	LITLATCELY
CASSVTVMETQYF	LITLATCELY
CSARGWAGVNTGELFF	LITLATCELY
CSARMERGELFF	LITLATCELY
CASSQVAPREQYF	LITLATCELY
CASSQDRSGTYGYTF	LITLATCELY
CASSLLGHGPYEQYF	LITLATCELY
CSAGQGAYEQYF	LITLATCELY
CASSQVLTYEQYF	LITLATCELY
CASSQDRGGYGYTF	LITLATCELY
CSARFRDTLSPLHF	LITLATCELY
CASSLPGGTEAFF	LITLATCELY
CSAVTRSGDYEQYF	LITLATCELY
CSARGASSYNEQFF	LITLATCELY
CASSRNLGDEKLFF	LITLATCELY
CASSYRPENTGELFF	LITLATCELY
CSARSTSGRATGELFF	LITLATCELY
CASSQDLAGGNEQFF	LITLATCELY
CASSPERGPYGYTF	LITLATCELY
CASMIRDTQYF	LITLATCELY
CASSFAGGGLYGYTF	LITLATCELY
CASSQGTGLLEQYF	LITLATCELY
CASSQSRDSNNEQFF	LITLATCELY
CASSLTGNYEQYF	LITLATCELY
CASSPEGGKYEQYF	LITLATCELY
CASSWGLAGYNEQFF	LITLATCELY
CASSLAQSYEQYF	LITLATCELY
CASSFVSGRVPEQYF	LITLATCELY
CSARDIYGIYEQYF	LITLATCELY
CASSSSGGGISPLHF	LITLATCELY
