CDR3	AA
CASDAGTGIYNEQFF	AEVQIDRLI
CASTGKYDNTDTQYF	AEVQIDRLI
CASRLEYAEDTQYF	AEVQIDRLI
CASSQNTAGFRDPDTQYF	AEVQIDRLI
CAISEEWGTNTGELFF	AEVQIDRLI
CASSYYRLQGNEQYF	AEVQIDRLI
CASSLAYEQYF	AEVQIDRLI
CASSPSPSGTSIDEQYF	AEVQIDRLI
CASSLSGSGELFF	AEVQIDRLI
RARGTSGWNRLWEQYF	AEVQIDRLI
CASSQGPSNTEAFF	AEVQIDRLI
CASLPGQGRDEAFF	AEVQIDRLI
RARGTSGWNRLWEQYF	AEVQIDRLI
CASSESFRAKGLFF	AEVQIDRLI
CASSVYGDTQYF	AEVQIDRLI
CASRPGEGNQPQHF	AEVQIDRLI
CASSLGQGPNEQYF	AEVQIDRLI
CASSQEVGSSYEQYF	AEVQIDRLI
CASRPGQGRDGYTF	AEVQIDRLI
CASSFRAGAYNEQFF	AEVQIDRLI
CASSPEWQGGSPLHF	AEVQIDRLI
CASSLVRTAEAFF	AEVQIDRLI
CASSYTRGLGEKLFF	AEVQIDRLI
CASSVGLANNEQFF	AEVQIDRLI
CASSLVYNEQFF	AEVQIDRLI
CASSWSALEKQFF	AEVQIDRLI
CASSPGSSPLHF	AEVQIDRLI
CASRPGQGAFQPQHF	AEVQIDRLI
CATSTRQDANSPLHF	AEVQIDRLI
CASSYRDRGAYGYTF	AEVQIDRLI
CASSERLNSYEQYF	AEVQIDRLI
CASSLIPGGDTQYF	AEVQIDRLI
CASSLSFPGTSGSATRKQYF	AEVQIDRLI
CAAKLGQGDTDTQYF	AEVQIDRLI
CASRPGQGAQPQHF	AEVQIDRLI
CASSQEHDRGRSYEQYF	AEVQIDRLI
CASSFPLGGNEQFF	AEVQIDRLI
CASSEGPVSDTQYF	AEVQIDRLI
CASSQDLTFVGTSSYEQYF	AEVQIDRLI
CASSFQQKAYEQYF	AEVQIDRLI
CASSKDARLNTEAFF	AEVQIDRLI
CASSSHPSGTGVFNEQFF	AEVQIDRLI
CASSLGGGMQQPQHF	AEVQIDRLI
CASSRVRDRVYEQYF	AEVQIDRLI
CASSQDLGTAYEQYF	AEVQIDRLI
