CDR3	AA
CASSLLFGGTGGNEQYF	LLLDDFVEI
CASSVGQYSNQPQHF	LLLDDFVEI
CASSPRSSGIFNEQFF	LLLDDFVEI
CASSVGAGELFF	LLLDDFVEI
CASSSGLASSYEQYF	LLLDDFVEI
CASSQSPSGLETQYF	LLLDDFVEI
CASSAGLAGGRRETQYF	LLLDDFVEI
CASSQTHPNTEAFF	LLLDDFVEI
CASSQPSLNTEAFF	LLLDDFVEI
CASSQSFGGGPGELFF	LLLDDFVEI
CASSQPSLQGGAFF	LLLDDFVEI
CASSARQGVDTEAFF	LLLDDFVEI
CASSLVTSTNTGELFF	LLLDDFVEI
CASRPGQLYQETQYF	LLLDDFVEI
CSANEGPATAQPQHF	LLLDDFVEI
CSTRGGGGIIRGNYGYTF	LLLDDFVEI
CASRLSGSKFNEQFF	LLLDDFVEI
CASSQGLATSYEQYF	LLLDDFVEI
CAISESTTSSYEQYF	LLLDDFVEI
CSARVYASYEQYF	LLLDDFVEI
CASRENIASGETQYF	LLLDDFVEI
CASSQSRQGGRETQYF	LLLDDFVEI
CASSSRGGPHNEQFF	LLLDDFVEI
CASTGPGGYNEQFF	LLLDDFVEI
CSAADRVNEQFF	LLLDDFVEI
CASSRARGNTGELFF	LLLDDFVEI
CASSGSGGSKNIQYF	LLLDDFVEI
CASSGAGSNQPQHF	LLLDDFVEI
CASSQNLNEKLFF	LLLDDFVEI
CASAIATNTEAFF	LLLDDFVEI
CASVPANRVGELFF	LLLDDFVEI
CASSASGSSYNEQFF	LLLDDFVEI
CASSLLRSSYNEQFF	LLLDDFVEI
CASSPQRGLAGELTQYF	LLLDDFVEI
CASSQPTVNTEAFF	LLLDDFVEI
CASSPRGLGKEFYEQYF	LLLDDFVEI
CSARLRLYNEQFF	LLLDDFVEI
CASSGTGVNDTEAFF	LLLDDFVEI
CASSLPLVSRGLQQYF	LLLDDFVEI
CASSLGRWDSGANVLTF	LLLDDFVEI
CASSQDPGGGAQPQHF	LLLDDFVEI
CASSQPTTGPGELFF	LLLDDFVEI
CASSLSVRSEAFF	LLLDDFVEI
CASSLVLGASNTEAFF	LLLDDFVEI
CASSSRTSASSGANVLTF	LLLDDFVEI
CASSEPTRWGRGYGYTF	LLLDDFVEI
CASRRRGDLRSNYNEQFF	LLLDDFVEI
CASSLGAQSWYEQYF	LLLDDFVEI
CASQQPTINSPLHF	LLLDDFVEI
CASSQVTVGELFF	LLLDDFVEI
CASSLAGPGYTF	LLLDDFVEI
CASSSTSGKSDTQYF	LLLDDFVEI
CSARDPTLRLAGAIEYNEQFF	LLLDDFVEI
CASSRGAETSGTRTGELFF	LLLDDFVEI
CASSLVGDRAYEQYF	LLLDDFVEI
CASSQDLGGSSGEQFF	LLLDDFVEI
CASSFRQGPGNEQFF	LLLDDFVEI
CASSPPLRDRGNEQFF	LLLDDFVEI
CASSVSGSYSYEQYF	LLLDDFVEI
CAWSAPGRIDNGYTF	LLLDDFVEI
CAISKPSGGADNEQFF	LLLDDFVEI
CASSARQGSTGELFF	LLLDDFVEI
CASQPGLAGDTQYF	LLLDDFVEI
CASTLGASGSANEQFF	LLLDDFVEI
CASWGAGTVSGRAYEQYF	LLLDDFVEI
CASSKSGGAVDEQFF	LLLDDFVEI
CASSQPTLSTEAFF	LLLDDFVEI
CASKARGGTGELFF	LLLDDFVEI
CASSQGAGSSYEQYF	LLLDDFVEI
CASSLGASGRYPYEQYF	LLLDDFVEI
CASSQAVNTEAFF	LLLDDFVEI
CASSSGTMMPDTQYF	LLLDDFVEI
CASSQDRGTYNEQFF	LLLDDFVEI
CASSLANNQPQHF	LLLDDFVEI
CASSTRQETQYF	LLLDDFVEI
CSVWSRGGPHF	LLLDDFVEI
CASSLFGSGAKGTEAFF	LLLDDFVEI
CASSTRQGANTEAFF	LLLDDFVEI
CASSSPNSYEQYF	LLLDDFVEI
CASSRLGERTPGTQYF	LLLDDFVEI
CASSLGGPEQYF	LLLDDFVEI
CASSQPTVSYEQYF	LLLDDFVEI
CASSLIRNYGYTF	LLLDDFVEI
CASSLGAGSAYEQYF	LLLDDFVEI
CASSVRGGALNEQFF	LLLDDFVEI
CASSVSSGKELSYEQYF	LLLDDFVEI
CASSQGRGRGYEQYF	LLLDDFVEI
CASKSSRINYGYTF	LLLDDFVEI
CASSPSSSLGGNEQYF	LLLDDFVEI
CASSGGGLDRTFF	LLLDDFVEI
CASVVPPGNTEAFF	LLLDDFVEI
CAISESGTSGSSYNEQFF	LLLDDFVEI
CASSQPTVNTGELFF	LLLDDFVEI
CASSLSQGLTYEQYF	LLLDDFVEI
CASRSWRGSDEQYF	LLLDDFVEI
CASIYRMNTEAFF	LLLDDFVEI
CASSSPGRSNTGELFF	LLLDDFVEI
CASSFGLGNTEAFF	LLLDDFVEI
CASSPGLAGSYEQYF	LLLDDFVEI
CASSQGLAVGYEQYF	LLLDDFVEI
CASSVGILEETQYF	LLLDDFVEI
CASSFPAGLTYEQYF	LLLDDFVEI
CASSQPSLGREQYF	LLLDDFVEI
CSARPGGGGYTF	LLLDDFVEI
CASSYGAGSTYEQYF	LLLDDFVEI
CASQTGQLRNEQFF	LLLDDFVEI
CASSTAAGTAYEQYF	LLLDDFVEI
CASSSDRAYEQYF	LLLDDFVEI
CASSSSSQGYTF	LLLDDFVEI
CASSEYDPDTQYF	LLLDDFVEI
CASSFSGRAQDTQYF	LLLDDFVEI
CASSVLAGPYNEQFF	LLLDDFVEI
CASSLSSRQPQHF	LLLDDFVEI
CASSYTQTRSGELFF	LLLDDFVEI
CSVQQGLNTEAFF	LLLDDFVEI
CASSEVGVRYGYTF	LLLDDFVEI
CASRQPTLNTEAFF	LLLDDFVEI
CASSFRGTVYGYTF	LLLDDFVEI
CASSHMNTEAFF	LLLDDFVEI
CASSLIRTHWNGYTF	LLLDDFVEI
CASSFRLGQYNSPLHF	LLLDDFVEI
CASSVATSGRNEQFF	LLLDDFVEI
CASSLDRYQPQHF	LLLDDFVEI
CASSALLDGYTF	LLLDDFVEI
CAISVPPWTEAFF	LLLDDFVEI
CASSQPSLGGSGYTF	LLLDDFVEI
CASSQSDRGSTGELFF	LLLDDFVEI
CASSRGTEAFF	LLLDDFVEI
CAIRPGTGREQYF	LLLDDFVEI
CASSSTSGRGDTQYF	LLLDDFVEI
CASSERTSGVLNEQFF	LLLDDFVEI
CASSPFSGELFF	LLLDDFVEI
CASSEGQGNAYEQYF	LLLDDFVEI
CASSRWIGRDQPQHF	LLLDDFVEI
CASSLSQGLNTGELFF	LLLDDFVEI
CASSPKALSGTEAFF	LLLDDFVEI
CATGRSSYNEQFF	LLLDDFVEI
CASSQSLGGEQYF	LLLDDFVEI
CASSVGWGGTYEQYF	LLLDDFVEI
CASSLNGADTQYF	LLLDDFVEI
CASSAGRVLSSYNEQFF	LLLDDFVEI
CASSQTYRAGVFPGELFF	LLLDDFVEI
CASSARGGPLNEQFF	LLLDDFVEI
CASSQDLAGGGTYEQYF	LLLDDFVEI
CASSAKDRVEKETQYF	LLLDDFVEI
CASSTRGGSFNEQFF	LLLDDFVEI
CASSLGAGGSYEQYF	LLLDDFVEI
CASSQDTSYEQYF	LLLDDFVEI
CASSSTGTSLFYGYTF	LLLDDFVEI
CASSLVGFGEQYF	LLLDDFVEI
CASSTDKGGL	LLLDDFVEI
CASSLFRTGEGYGYTF	LLLDDFVEI
CASTSGTGYEKLFF	LLLDDFVEI
CASRPGLAGGYYNEQFF	LLLDDFVEI
CASSQASLNTEAFF	LLLDDFVEI
CASSLAGSGPYNEQFF	LLLDDFVEI
CASSSLLAGRYNEQFF	LLLDDFVEI
CATSPRQGRGDTQYF	LLLDDFVEI
CASSRGGAVGEQYF	LLLDDFVEI
CASSKSQRALEQYF	LLLDDFVEI
CASSQPSLGTEAFF	LLLDDFVEI
CASRDQSPGTGPTEAFF	LLLDDFVEI
CASSQETTKNIQYF	LLLDDFVEI
CASSEGTSGNNEQFF	LLLDDFVEI
CASSSGGPSSYNEQFF	LLLDDFVEI
CASSYSITYNEQFF	LLLDDFVEI
CASSQNRQGLVNEQFF	LLLDDFVEI
CASSFVGERQFF	LLLDDFVEI
CASSVGSGRFTDTQYF	LLLDDFVEI
CASTTGTGTTSTDTQYF	LLLDDFVEI
CASSLAAGSSYEQYF	LLLDDFVEI
CASSQGQGVKNEQFF	LLLDDFVEI
CASSLAQHEQFF	LLLDDFVEI
CASRGLAGESDTQYF	LLLDDFVEI
CSARARGSLSYEQYF	LLLDDFVEI
CASSLGGPSYEQYF	LLLDDFVEI
CATRGAGSYEQYF	LLLDDFVEI
CASSQESLQGYGYTF	LLLDDFVEI
CASSRTGSREQFF	LLLDDFVEI
CASSSGQGDYYEQYF	LLLDDFVEI
CASSLSQRGRPNEQFF	LLLDDFVEI
CASSPGTSGSYNEQFF	LLLDDFVEI
CASRPDRELWSYTF	LLLDDFVEI
CASSPRVGLVYNEQFF	LLLDDFVEI
CATSDFSGGAYEQYF	LLLDDFVEI
CASSSSLQGRGITEAFF	LLLDDFVEI
CASSEWAHSRDEKLFF	LLLDDFVEI
CASSHPRSGIQETQYF	LLLDDFVEI
CASSLGGINEQFF	LLLDDFVEI
CASRSTSALSSYNEQFF	LLLDDFVEI
CASSGPGLGVVEQYF	LLLDDFVEI
CASSLGVSREQYF	LLLDDFVEI
CASSQGSLTYEQYF	LLLDDFVEI
CSARPGRTEAFF	LLLDDFVEI
CASSMKAGPYNEQFF	LLLDDFVEI
CASTPGGYEQYF	LLLDDFVEI
CASSVVGQSGHGYTF	LLLDDFVEI
CASSFGAGTSGNVAPYEQYF	LLLDDFVEI
CASSYAASGRSNNEQFF	LLLDDFVEI
CASRPTGLSPYEQYF	LLLDDFVEI
CASSVGGRATNEQFF	LLLDDFVEI
CASSELSYEQYF	LLLDDFVEI
CASSVMAPGGPNINYGYTF	LLLDDFVEI
CASRPTTGSLDTQYF	LLLDDFVEI
CASSFPSGGAFRSYEQYF	LLLDDFVEI
CASSQPTVMGEAFF	LLLDDFVEI
CASSGQTAEAFF	LLLDDFVEI
CASSVAAGPYNEQFF	LLLDDFVEI
CASSTPITNVLTF	LLLDDFVEI
CASSLVRGRDTEAFF	LLLDDFVEI
CASSPGTGGPYEQYF	LLLDDFVEI
CASGGGTEAFF	LLLDDFVEI
CASSPTGYLSYEQYF	LLLDDFVEI
CASSSGLASSYEQYF	LLLDDFVEI
CASSVGHTYEQYF	LLLDDFVEI
CASFSGTGGEQYF	LLLDDFVEI
CASSEVLSSTDTQYF	LLLDDFVEI
CASSQGTGSLGSPLHF	LLLDDFVEI
CASSLGQGFTYEQYF	LLLDDFVEI
CASTPDRMNTEAFF	LLLDDFVEI
CASSPATGELFF	LLLDDFVEI
CASSDGTYEQYF	LLLDDFVEI
CASSPGGQATVGVPYEQYF	LLLDDFVEI
CASSLVLGGTYNEQFF	LLLDDFVEI
CASSFRQGKIPSRNQPQHF	LLLDDFVEI
CAIKFRGSYNEQFF	LLLDDFVEI
CAWSRRGGVDQPQHF	LLLDDFVEI
CATSDPRTANTGELFF	LLLDDFVEI
CASSGERWYEQYF	LLLDDFVEI
CASSKAPGQGGDYGYTF	LLLDDFVEI
CASSPRDRSYEQYF	LLLDDFVEI
CASSLGAGSSYEQYF	LLLDDFVEI
CASSQGVGRTEAFF	LLLDDFVEI
CAGSIYANTGELFF	LLLDDFVEI
CASSQDLAAYEQYF	LLLDDFVEI
CASSSGQGSGYTF	LLLDDFVEI
CASSHASGLQVEDTQYF	LLLDDFVEI
CASSLSQSGRRYGYTF	LLLDDFVEI
CAISWGSEAFF	LLLDDFVEI
CAISEALTGGGGSNQPQHF	LLLDDFVEI
CASSGPGQDSYEQYF	LLLDDFVEI
CASSIGPLRRGTQYF	LLLDDFVEI
CASSAGGTGYNEQFF	LLLDDFVEI
CASSLLTGANVLTF	LLLDDFVEI
CSARLRDYDPSSNQPQHF	LLLDDFVEI
CASSPGQGAKGYTF	LLLDDFVEI
CASSGGRYNEQFF	LLLDDFVEI
CASSAQNGYTF	LLLDDFVEI
CSGSGTYGGELFF	LLLDDFVEI
CASSPPGRSNEQFF	LLLDDFVEI
CASSERRRNTGELFF	LLLDDFVEI
CASSKLAANEQYF	LLLDDFVEI
CASSGGLDSYEQYF	LLLDDFVEI
CASSQDSWRGSPLHF	LLLDDFVEI
CSARLTGNEQFF	LLLDDFVEI
CASSPRDSYEQYF	LLLDDFVEI
CASSPTGLSGANVLTF	LLLDDFVEI
CASSFGGFYEQYF	LLLDDFVEI
CASSVSTGELFF	LLLDDFVEI
CASSPGQSVLFF	LLLDDFVEI
CASSVAGGQNYGYTF	LLLDDFVEI
CASSGGAGVLYEQYF	LLLDDFVEI
CASSVGQGAYEQYF	LLLDDFVEI
CSVVSTSGPSYEQYF	LLLDDFVEI
CASSQETVYGYTF	LLLDDFVEI
CASSLTGVLRNEQFF	LLLDDFVEI
CASSQDLGNYEQYF	LLLDDFVEI
CASSLSRKETQYF	LLLDDFVEI
CASSKEGEQFF	LLLDDFVEI
CASRSRPRRHEQFF	LLLDDFVEI
CASSKQLAGASNEQFF	LLLDDFVEI
CASSHKGDRWRQPQHF	LLLDDFVEI
CASSGSPSSYNEQFF	LLLDDFVEI
CASRGGMANSPLHF	LLLDDFVEI
CASSLARIHNEQFF	LLLDDFVEI
CASEREGYTF	LLLDDFVEI
CASSLSQGLVGVTQYF	LLLDDFVEI
CASGTHYEQYF	LLLDDFVEI
CASSQVTTGSGYTF	LLLDDFVEI
CSARGDGSGSYEQYF	LLLDDFVEI
CASSLGQKPSGANVLTF	LLLDDFVEI
CASSLGIGQGIQYF	LLLDDFVEI
CASSSGLAVSYEQYF	LLLDDFVEI
CASSQDLGSSYEQYF	LLLDDFVEI
CASSPGLTSSYEQYF	LLLDDFVEI
CASSVGSVPTPETQYF	LLLDDFVEI
CASSPTPRQTRMNTEAFF	LLLDDFVEI
CASSYLTGSGETQYF	LLLDDFVEI
CASRAGQRAYEQYF	LLLDDFVEI
CASSLAGGPGKNEQFF	LLLDDFVEI
CASSPGWSGANVLTF	LLLDDFVEI
CATSSLGTEAFF	LLLDDFVEI
CASSEGNYNEQFF	LLLDDFVEI
CASSVSGARAEAFF	LLLDDFVEI
CASSPWTRSESYEQYF	LLLDDFVEI
CASTESSYNSPLHF	LLLDDFVEI
CASSPSTGAYEQYF	LLLDDFVEI
CASSLAGSSYEQYF	LLLDDFVEI
CASRLPTANTEAFF	LLLDDFVEI
CASSLDILGTGSVEQYF	LLLDDFVEI
CASSYPPFLDRGHQPQHF	LLLDDFVEI
CASSPGTGSFYEQYF	LLLDDFVEI
CASSPKVGLKTDTQYF	LLLDDFVEI
CASSPGGGPDLYNEQFF	LLLDDFVEI
CATSRGDFNQETQYF	LLLDDFVEI
CASSAGQGFEKLFF	LLLDDFVEI
CSARERGASGNTIYF	LLLDDFVEI
CASSQPSLRHGYTF	LLLDDFVEI
CASSTRLHEQFF	LLLDDFVEI
CASSLLGFEQYF	LLLDDFVEI
CASSPRGVYEQYF	LLLDDFVEI
CASSVAPGSYEQYF	LLLDDFVEI
CASSLGGAGTNPYEQYF	LLLDDFVEI
CASSKQGSSYNSPLHF	LLLDDFVEI
CASSESAGNQPQHF	LLLDDFVEI
CASTTLQRRGTNTEAFF	LLLDDFVEI
CASSETGALGEQYF	LLLDDFVEI
CASSSSGPGGNSPLHF	LLLDDFVEI
CASSSSGRASTDTQYF	LLLDDFVEI
CASSLATTGENEKLFF	LLLDDFVEI
CASSVKGGPYNEQFF	LLLDDFVEI
CASSPQTGDLNTEAFF	LLLDDFVEI
CASRPRLGGQRNEQFF	LLLDDFVEI
CASSLVTSENTGELFF	LLLDDFVEI
CASSQEGLAGVKDTQYF	LLLDDFVEI
CASSQDLTSSEQFF	LLLDDFVEI
CSARDFLRTGSNEQFF	LLLDDFVEI
CASDSGYRTEQFF	LLLDDFVEI
CASSPRGGPYNEQFF	LLLDDFVEI
CASSAERYVLFF	LLLDDFVEI
CASSNSRGEANTEAFF	LLLDDFVEI
CASSSGQGAGETQYF	LLLDDFVEI
CASSPGGATNEQYF	LLLDDFVEI
CASSQPTVNYGYTF	LLLDDFVEI
CASSLRPPSAEEQYF	LLLDDFVEI
CASSLARDRSTYEQYF	LLLDDFVEI
CASSFIRGLRPYEQYF	LLLDDFVEI
CATSEGAYEQYF	LLLDDFVEI
CSTYGTLGQNEQFF	LLLDDFVEI
CASSTRLAGPTGELFF	LLLDDFVEI
CASSKVGPHNEQFF	LLLDDFVEI
CASSPRQGAGSDTQYF	LLLDDFVEI
CASSSGKRGYNEQFF	LLLDDFVEI
CASSPRTGMNNEQFF	LLLDDFVEI
CASSAGNRQEQFF	LLLDDFVEI
CASSFQGGANVLTF	LLLDDFVEI
CASSPHLEAFF	LLLDDFVEI
CASSQDLSGGHSGPLF	LLLDDFVEI
CASSDLGYEQYF	LLLDDFVEI
CASSFGAGSSYEQYF	LLLDDFVEI
CASSRDRTEAFF	LLLDDFVEI
CATSTSPKNEKMNTEAFF	LLLDDFVEI
CASSQPTTPTNYGYTF	LLLDDFVEI
CASSPQNYEQYF	LLLDDFVEI
CASRPSGSRYNEQFF	LLLDDFVEI
CASSQPSLGAKQFF	LLLDDFVEI
CASSFLGEQFF	LLLDDFVEI
CASRLTGTGKEKLFF	LLLDDFVEI
CASSSHLGGTTNEKLFF	LLLDDFVEI
CASSGGGGDGNQPQHF	LLLDDFVEI
CASSVRVGAGTDTQYF	LLLDDFVEI
CASSLVGNEQFF	LLLDDFVEI
CASKRGFDTEAFF	LLLDDFVEI
CASSAGWLGNQPQHF	LLLDDFVEI
CASSQDLTVGQFF	LLLDDFVEI
CSARDISGLTYNEQFF	LLLDDFVEI
CASREAGLKTDTQYF	LLLDDFVEI
CASSSWNYGYTF	LLLDDFVEI
CASSFRQNSFF	LLLDDFVEI
CASSFGGAAEQYF	LLLDDFVEI
CASSLGRTSSYEQYF	LLLDDFVEI
CASSFMGGAEAFF	LLLDDFVEI
CASRNRGTGDHEQYF	LLLDDFVEI
CASSQPTLNYGYTF	LLLDDFVEI
CASSRGSSGYNEQFF	LLLDDFVEI
CASSRTSGIQDTQYF	LLLDDFVEI
CASSVAAGPYNEQFF	LLLDDFVEI
CASSQVPRDRKLNTEAFF	LLLDDFVEI
CASSSPLSGNTIYF	LLLDDFVEI
CASSKPGLAGGPSSNEQFF	LLLDDFVEI
CASSVPDRAYNEQFF	LLLDDFVEI
CASSPGAGGNNEQFF	LLLDDFVEI
CASSLGQDPTDTQYF	LLLDDFVEI
CASSQGLATADTQYF	LLLDDFVEI
CASSLSFRAETQYF	LLLDDFVEI
CSVVESGKAFF	LLLDDFVEI
CASRLRVISSGANVLTF	LLLDDFVEI
CASLPIGSNEQFF	LLLDDFVEI
CSVVEAGELFF	LLLDDFVEI
CASSQPLDAAKTQYF	LLLDDFVEI
CASSQVTLGTEAFF	LLLDDFVEI
CASSSATYEQYF	LLLDDFVEI
CASSPPGQGIYEQYF	LLLDDFVEI
CASSQETIPSGYTF	LLLDDFVEI
CASSFGNTIYF	LLLDDFVEI
CASDDPLMRGGVEQFF	LLLDDFVEI
CASSLQGYRTGYTF	LLLDDFVEI
CASRKPGGGTEAFF	LLLDDFVEI
CASSLWGARGTYEQYF	LLLDDFVEI
CASIPKTGFDEQFF	LLLDDFVEI
CASSLVGGDEQYF	LLLDDFVEI
CASSLSGRSLNEQFF	LLLDDFVEI
CASSQPTTNYGYTF	LLLDDFVEI
CASSLVGKETQYF	LLLDDFVEI
CASRIGTGSSKEQFF	LLLDDFVEI
CASSLGTGYGYTF	LLLDDFVEI
CASSLGAGGGYEQYF	LLLDDFVEI
CASRMLAREQFF	LLLDDFVEI
CASRQGNSYEQYF	LLLDDFVEI
CASSQGLGTMNTEAFF	LLLDDFVEI
CASSAPRDKANYGYTF	LLLDDFVEI
CASSLRGGPINEQFF	LLLDDFVEI
CASRRGGSGVSDTQYF	LLLDDFVEI
CASSQETVYGYTF	LLLDDFVEI
CASTGDKAYEQYF	LLLDDFVEI
CASSPGGDDEQYF	LLLDDFVEI
CSARYRGRPSGNTIYF	LLLDDFVEI
CASSQGLTSGGYEQYF	LLLDDFVEI
CASSLGGQYQETQYF	LLLDDFVEI
CASSVGSSSYNEQFF	LLLDDFVEI
CASSAGGGRLETQYF	LLLDDFVEI
CSVGRPNSYEQYF	LLLDDFVEI
CAWRSPENEQFF	LLLDDFVEI
CASSTFLTYEQYF	LLLDDFVEI
CASSPRTDTQYF	LLLDDFVEI
CASSLGAGSSYEQYF	LLLDDFVEI
CSARDQRGLLDTQYF	LLLDDFVEI
CASSPGMGGAYEQYF	LLLDDFVEI
CASSFWTYEQYF	LLLDDFVEI
CASSQPSLGAEQYF	LLLDDFVEI
CASSPSGTSGGWEQFF	LLLDDFVEI
CASSLEQSSYNEQFF	LLLDDFVEI
CASSQDLTGLAGPTDTQYF	LLLDDFVEI
CASSSRGGPYNEQFF	LLLDDFVEI
CASSETGGHQPQHF	LLLDDFVEI
CASSPRQGVDTEAFF	LLLDDFVEI
CASRPTGTSYEQYF	LLLDDFVEI
CASSLGGEVASYEQYF	LLLDDFVEI
CASSQDSGTSGERSYNEQFF	LLLDDFVEI
CASSASGRFYEQYF	LLLDDFVEI
CASSLQITGHMNTEAFF	LLLDDFVEI
CASSLRGTFLNIQYF	LLLDDFVEI
CASSQDTFRWKETQYF	LLLDDFVEI
CASSAGITSTDTQYF	LLLDDFVEI
CASSLGAGSSYEQYF	LLLDDFVEI
CASSRGQGMADTQYF	LLLDDFVEI
CASSLYGGRNSAEAFF	LLLDDFVEI
CASSPGTGRRGEAFF	LLLDDFVEI
CASSLGAGSSYEQYF	LLLDDFVEI
CASSQTSGSDPTGSQYF	LLLDDFVEI
CATSRGFTSGSYEQYF	LLLDDFVEI
CASSSAGSSYNEQFF	LLLDDFVEI
CASLTDRDSYNEQFF	LLLDDFVEI
CASSQPTTTDTQYF	LLLDDFVEI
CASSGQGRSYEQYF	LLLDDFVEI
CASSLSQGATQYF	LLLDDFVEI
CASSYSRLQQETQYF	LLLDDFVEI
CASSGRQGTQYF	LLLDDFVEI
CASSQVSVNTGELFF	LLLDDFVEI
CSARVRGVGSGANVLTF	LLLDDFVEI
CASSGTSGRANEQFF	LLLDDFVEI
CSARRDRLTGELFF	LLLDDFVEI
CASSSVGSSYNEQFF	LLLDDFVEI
CATSVIGRGPAYSNQPQHF	LLLDDFVEI
CASSGGQGHSYEQYF	LLLDDFVEI
CASSPGGTSEAFF	LLLDDFVEI
CAISGWTRDTQYF	LLLDDFVEI
CASTAGYEQYF	LLLDDFVEI
CASSSPYNEQFF	LLLDDFVEI
CASSRPGGVNTEAFF	LLLDDFVEI
CASRLLMGEQYF	LLLDDFVEI
CASTRGLAGGPKYNEQFF	LLLDDFVEI
CASSISPRVGQFF	LLLDDFVEI
CASSTPRGGLAKNIQYF	LLLDDFVEI
CASSFGVGSSYEQYF	LLLDDFVEI
CASSPSFGQTDYEQYF	LLLDDFVEI
CASSLGAGTSYEQYF	LLLDDFVEI
CASSPAEGEAFF	LLLDDFVEI
CASSLHGQGASEAFF	LLLDDFVEI
CASSVGGQGVYGYTF	LLLDDFVEI
CASSQGQSYEQYF	LLLDDFVEI
CSARVRGYSGANVLTF	LLLDDFVEI
CASTRTEAFF	LLLDDFVEI
CASSLDRGGSYEQYF	LLLDDFVEI
CASSQRAGPYNEQFF	LLLDDFVEI
CSARGLAGNNNYGEQYF	LLLDDFVEI
CASSVRQAPYNEQFF	LLLDDFVEI
CASSQVRQKVNTEAFF	LLLDDFVEI
CASRITTGLGADTQYF	LLLDDFVEI
CASSPPGVPHEQFF	LLLDDFVEI
CASSSYLTSKGTEAFF	LLLDDFVEI
CASSLAAGGGQPQHF	LLLDDFVEI
CASRGDRYNEQFF	LLLDDFVEI
CASGLLLTGELFF	LLLDDFVEI
CASNSYLDRSSYEQYF	LLLDDFVEI
CASSRGLADTYEQYF	LLLDDFVEI
CASRLGLGNSDNNEQFF	LLLDDFVEI
CATGTSSYNEQFF	LLLDDFVEI
CASTPSGVSTDTQYF	LLLDDFVEI
CASSVGGSWQETQYF	LLLDDFVEI
CASSSGRSSYNEQFF	LLLDDFVEI
CASSQETVYGYTF	LLLDDFVEI
CARQTSGTTYEQYF	LLLDDFVEI
CASSSRDSSYNEQFF	LLLDDFVEI
CASSSDGNYGYTF	LLLDDFVEI
CASRSGDPYEQYF	LLLDDFVEI
CASSPTWNTEAFF	LLLDDFVEI
CASSSGAYYEQYF	LLLDDFVEI
CASNPGQATADTQYF	LLLDDFVEI
CASSLGRYYGYTF	LLLDDFVEI
CASSEGRTEFYGYTF	LLLDDFVEI
CASRSGLFESPLHF	LLLDDFVEI
CSPGRSSSYNEQFF	LLLDDFVEI
CASSPGQGAGFEAFF	LLLDDFVEI
CASRRAGDSYNEQFF	LLLDDFVEI
CASSLGQGAWGYTF	LLLDDFVEI
CASSKMDSEGETQYF	LLLDDFVEI
CASSLSQGRDTEAFF	LLLDDFVEI
CASSHPSLGGYGYTF	LLLDDFVEI
CASSSQRGAGTDTQYF	LLLDDFVEI
CASSDFGGSEQFF	LLLDDFVEI
CASSSGLALNTYTQYF	LLLDDFVEI
CSARNPGAPGPEAFF	LLLDDFVEI
CASSGGTASYYEQYF	LLLDDFVEI
CASSLAGGNEQFF	LLLDDFVEI
CASGPSDQPQHF	LLLDDFVEI
CASSPRVEQFF	LLLDDFVEI
CASSQPTTGYGYTF	LLLDDFVEI
CASSLFLRTGGSYNEQFF	LLLDDFVEI
CASSLRGLLISYNEQFF	LLLDDFVEI
CASSYDRGVSPLHF	LLLDDFVEI
CASSLAGSKEQFF	LLLDDFVEI
CASSPRVGIGNTIYF	LLLDDFVEI
CSAWTGESNQPQHF	LLLDDFVEI
CASSHRGSGAEAFF	LLLDDFVEI
CASSFDRYNEQFF	LLLDDFVEI
CASQGSSNTEAFF	LLLDDFVEI
CASSVAPAGATTGEQFF	LLLDDFVEI
CSARKSRLTGELFF	LLLDDFVEI
CASSQPTVGTEAFF	LLLDDFVEI
CASSYHRLAGPPSGNEQFF	LLLDDFVEI
CASSASGGSSYEQYF	LLLDDFVEI
CASSQPSLLGYGYTF	LLLDDFVEI
CASSLNGEPRLFF	LLLDDFVEI
CASSQGQGSSYEQYF	LLLDDFVEI
CASSALTSDTQYF	LLLDDFVEI
CASTAVTSGGSYNEQFF	LLLDDFVEI
CASSPGLAGSYEQYF	LLLDDFVEI
CASRPISPGETQYF	LLLDDFVEI
CSARDRGGRAISYEQYF	LLLDDFVEI
CASSPGLGGPYEQYF	LLLDDFVEI
CASRTSGSTYNEQFF	LLLDDFVEI
CASSQHRILLNEKLFF	LLLDDFVEI
CASSLRDSKETQYF	LLLDDFVEI
CASSSDRYSYEQYF	LLLDDFVEI
CASRWTGKDSNQPQHF	LLLDDFVEI
CASSLAGLTYEQYF	LLLDDFVEI
CASSSGGLSNQPQHF	LLLDDFVEI
CASSGGSANDYEQYF	LLLDDFVEI
CASSASGTGVEKLFF	LLLDDFVEI
CAISPKGADTQYF	LLLDDFVEI
CASSLGGATTGTAPAYEQYF	LLLDDFVEI
CASSFGAGSFYEQYF	LLLDDFVEI
CASSQFGGLGTGELFF	LLLDDFVEI
CASRTGTGKNIQYF	LLLDDFVEI
CASSLGASGGPKRSYEQYF	LLLDDFVEI
CASSLSVAGASYEQYF	LLLDDFVEI
CASSATGGPYTGELFF	LLLDDFVEI
CASGPPGVTNTGELFF	LLLDDFVEI
CASSAGLANSYEQYF	LLLDDFVEI
CASSYAGRLAKNIQYF	LLLDDFVEI
CASGRAYNEQFF	LLLDDFVEI
CASSLGAGGGYEQYF	LLLDDFVEI
CASSRRTSSYNEQFF	LLLDDFVEI
CASSSIAGSTHNEQFF	LLLDDFVEI
CASSESGGAVNEQFF	LLLDDFVEI
CASVEPLAKNIQYF	LLLDDFVEI
CASSYRGGELNEQFF	LLLDDFVEI
CASSVRGGAFNEQYF	LLLDDFVEI
CASSLGATGGAYEQYF	LLLDDFVEI
CASSPGSGVAYEQYF	LLLDDFVEI
CASSQPTVNTEAFF	LLLDDFVEI
CASSSRLPSYEQYF	LLLDDFVEI
CASSSGGFSSQPQHF	LLLDDFVEI
CASSQPTVRPGELFF	LLLDDFVEI
CASSPPLSGLAGVFF	LLLDDFVEI
CASRASGANYNEQFF	LLLDDFVEI
CASSLDRGLRASYEQYF	LLLDDFVEI
CASSFQGPREQFF	LLLDDFVEI
CASSSGAGSSYEQYF	LLLDDFVEI
CASMGGRTYEQYF	LLLDDFVEI
CASRDRLRPYNEQFF	LLLDDFVEI
CASSQAARLRGAHYNEQFF	LLLDDFVEI
CASRGPRGTDTQYF	LLLDDFVEI
CASSYSWTRGETQYF	LLLDDFVEI
CASSGKVGEGYGYTF	LLLDDFVEI
CASSVGQGVIAGGPSEQFF	LLLDDFVEI
CASSLISRGPVETQYF	LLLDDFVEI
CASSVGGAIQPQHF	LLLDDFVEI
CASSLSGDYNSPLHF	LLLDDFVEI
CASSQDRGGDTEAFF	LLLDDFVEI
CASSLAGGSYEQYF	LLLDDFVEI
CASSRLAKETQYF	LLLDDFVEI
CASSQGTGRFYEQFF	LLLDDFVEI
CASSLFLVRELFF	LLLDDFVEI
CASSPSGRAPTDTQYF	LLLDDFVEI
CASSQDRAGGNEQYF	LLLDDFVEI
CASSGGQGTSYEQYF	LLLDDFVEI
CASATFEAFF	LLLDDFVEI
CASSPGNSYEQYF	LLLDDFVEI
CASSFVGGEQYF	LLLDDFVEI
CASSQPSTGDGYTF	LLLDDFVEI
CASSPPLAVTNEQFF	LLLDDFVEI
CASRRVGLASEEQYF	LLLDDFVEI
CASTRITGNTEAFF	LLLDDFVEI
CASSPGGVSNQPQHF	LLLDDFVEI
CASSLYLSLRETQYF	LLLDDFVEI
CASSQGQGSSYEQYF	LLLDDFVEI
CASSSGVGDSYEQYF	LLLDDFVEI
CASSLSTSGGVSETQYF	LLLDDFVEI
CASRRGTEAFF	LLLDDFVEI
CASSQGTSGSGGELFF	LLLDDFVEI
CASSPGLSSAYEQYF	LLLDDFVEI
CASSPGTGYGYTF	LLLDDFVEI
CASSPRVGYGVYNEQFF	LLLDDFVEI
CASSQPTTGSGYTF	LLLDDFVEI
CASSDSETDRVYNEQFF	LLLDDFVEI
CASSGRDRDTGELFF	LLLDDFVEI
CASSFGRATEAFF	LLLDDFVEI
CASNSLAGGNNEQFF	LLLDDFVEI
CASSQGSINTEAFF	LLLDDFVEI
CASSVGGNEQFF	LLLDDFVEI
CASSLRGPGFSYEQYF	LLLDDFVEI
CSARDYSTRGNYGYTF	LLLDDFVEI
CASSQETVYGYTF	LLLDDFVEI
CASSLVRDSLPNTEAFF	LLLDDFVEI
CASSLLKREGRDEQFF	LLLDDFVEI
CASSQPTVGNTIYF	LLLDDFVEI
CASSVVAGPYNEQFF	LLLDDFVEI
CASSSGVYGYTF	LLLDDFVEI
CASGSSRHEQFF	LLLDDFVEI
CATRGDSYEQYF	LLLDDFVEI
CATSRQGAHEQYF	LLLDDFVEI
CASSLGGFYEQYF	LLLDDFVEI
CASRSMAGELFF	LLLDDFVEI
CASSIRDHTTSTEAFF	LLLDDFVEI
CASSPSTDTQYF	LLLDDFVEI
CASSLGSGAGELFF	LLLDDFVEI
CASSLALVTRDEQYF	LLLDDFVEI
CASSYTQTRLGYNEQFF	LLLDDFVEI
CASSDQSGSEQYF	LLLDDFVEI
CASSQPTVNTEAFF	LLLDDFVEI
CASSPIKSKDGYTF	LLLDDFVEI
CASSQEQDRVNYNEQFF	LLLDDFVEI
CASSWGTSGRMGNEQFF	LLLDDFVEI
CASSGTASSYNEQFF	LLLDDFVEI
CASSQEQGGNVYEQYF	LLLDDFVEI
CASSDRSPEQYF	LLLDDFVEI
CASSPGNQIEQYF	LLLDDFVEI
CASRTRGAKYNEQFF	LLLDDFVEI
CASSPGQGLRLFF	LLLDDFVEI
CASSYSSSGGPGEQYF	LLLDDFVEI
CASSKGPDPNSPLHF	LLLDDFVEI
CASSFSGRGEQYF	LLLDDFVEI
CASSARTSALWNEQFF	LLLDDFVEI
CASLSARETQYF	LLLDDFVEI
CASSQVLDNEQFF	LLLDDFVEI
CASSQPSVNTEAFF	LLLDDFVEI
CASRALTLNTEAFF	LLLDDFVEI
CSARGGNYGYTF	LLLDDFVEI
CASSPGTIFSSYNEQFF	LLLDDFVEI
CASSLGASGYSYEQYF	LLLDDFVEI
CASSHGLKTPYEQYF	LLLDDFVEI
CASRRKTVITYEQYF	LLLDDFVEI
CSAPNFRRDGQETQYF	LLLDDFVEI
CASRLGGGRNQPQHF	LLLDDFVEI
CASSKAIRRPQLEIAGKTTGELFF	LLLDDFVEI
CASSQGLAGSTGELFF	LLLDDFVEI
CASSTSGTVGNTIYF	LLLDDFVEI
CASSLGAGSSYEQYF	LLLDDFVEI
CASSSGRDSYNEQFF	LLLDDFVEI
CASRLAGVLKNIQYF	LLLDDFVEI
CASSQVAGGPNTGELFF	LLLDDFVEI
CASSSGLAVTYEQYF	LLLDDFVEI
CASSLGLAGKGSTDTQYF	LLLDDFVEI
CAISEYRQGNLLDTQYF	LLLDDFVEI
CSAKKQSSGVDGYTF	LLLDDFVEI
CASSQDRGYNEQFF	LLLDDFVEI
CASSPRLKEPQHF	LLLDDFVEI
CASSLGGLSSYEQYF	LLLDDFVEI
CASSLGQASSYNSPLHF	LLLDDFVEI
CASTKTGQGGLFYGYTF	LLLDDFVEI
CASSPASGSSYEQYF	LLLDDFVEI
CASRPTDRGPSVDYGYTF	LLLDDFVEI
CASRDGLSKNIQYF	LLLDDFVEI
CSASPTAGASTQQYF	LLLDDFVEI
CAISERGADTQYF	LLLDDFVEI
CATSRGKMNNQPQHF	LLLDDFVEI
CASSPRTGAYEQYF	LLLDDFVEI
CASSSGAGQGYEQYF	LLLDDFVEI
CASSQMGQGEANTEAFF	LLLDDFVEI
CASSPRVSGNTIYF	LLLDDFVEI
CASSGSGMNTEAFF	LLLDDFVEI
CASSATVSSYNEQFF	LLLDDFVEI
CASSQNTGTGDEQYF	LLLDDFVEI
CASSLSQGNQPQHF	LLLDDFVEI
CASSLGAASFYEQYF	LLLDDFVEI
CATKGRDVNTEAFF	LLLDDFVEI
CATSDLKRNYGYTF	LLLDDFVEI
CASSSPFQGARSHAGELFF	LLLDDFVEI
CASSQESRQGDEQYF	LLLDDFVEI
CASSLGQINTEAFF	LLLDDFVEI
CASSTGLEQYF	LLLDDFVEI
CASSLGTGAMGGNQPQHF	LLLDDFVEI
CASSDGGGRASYEQYF	LLLDDFVEI
CASSVGSGHYEQYF	LLLDDFVEI
CASSPGGSGRYPNEQFF	LLLDDFVEI
CASKGLQETQYF	LLLDDFVEI
CASSVRAGGTNEQFF	LLLDDFVEI
CASSFGAGSSYEQYF	LLLDDFVEI
CASSLWGQRNTEAFF	LLLDDFVEI
CASSPRGGPYNEQFF	LLLDDFVEI
CASSPGTGVGAFF	LLLDDFVEI
CASSLGGWNEQFF	LLLDDFVEI
CASRASGSSYNEQFF	LLLDDFVEI
CASTYAGYEQYF	LLLDDFVEI
CSAREDGARYAPQHF	LLLDDFVEI
CSARDLYSGGSTGELFF	LLLDDFVEI
CASSQDFAGVVAEAFF	LLLDDFVEI
CASSFKGAVGQPQHF	LLLDDFVEI
CASSQGTSGSPYEQYF	LLLDDFVEI
CSARAGNSYEQYF	LLLDDFVEI
CASGETYTGELFF	LLLDDFVEI
CASSQETVNGYTF	LLLDDFVEI
CASSFGNTEAFF	LLLDDFVEI
CASRPESRHLQTGELFF	LLLDDFVEI
CASSLGASGRAPYEQYF	LLLDDFVEI
