CDR3	AA
CASRLGGAANNEQFF	AELEGIQY
CASSRTPRQDTDTQYF	AELEGIQY
CASSRSPLDQETQYF	AELEGIQY
CASSLGVRQNTEAFF	AELEGIQY
CASSWRQDRETQYF	AELEGIQY
CASSSLAGGEQFF	AELEGIQY
CAWVPPQGSGFF	AELEGIQY
CASSQDRTTGFEQYF	AELEGIQY
CASSLLGPPYNEQFF	AELEGIQY
CASSFRTVSSYEQYF	AELEGIQY
CASSSSFGGRNTGELFF	AELEGIQY
CASSYEVGGMDYGYTF	AELEGIQY
CASSLLGSPYEQYF	AELEGIQY
CAIRAPFGTSANEQFF	AELEGIQY
CASSFVGANNEQYF	AELEGIQY
CASRTGGTSYGYTF	AELEGIQY
CASSFIASGRGGVYEQYF	AELEGIQY
CSVEQRGEQFF	AELEGIQY
CASSIRRLAGDADTQYF	AELEGIQY
CASSPDPGGSYEQYF	AELEGIQY
CASSPWTSGNGGQETQYF	AELEGIQY
CASSRLEMGQGNSNVAKNIQYF	AELEGIQY
CASSPGLRDEQFF	AELEGIQY
