CDR3	AA
CASSQDPGGEVNTEAFF	VYSTGSNVF
CASSLTSGHYNEQFF	VYSTGSNVF
CSVVGGGGYEQYF	VYSTGSNVF
CASSLNPGTEYYNEQFF	VYSTGSNVF
CSAWTGSGNEQFF	VYSTGSNVF
CASSDLGSQETQYF	VYSTGSNVF
CSAGLNNEQFF	VYSTGSNVF
CATSTADRGSDTEAFF	VYSTGSNVF
CSVVIRGLTDTQYF	VYSTGSNVF
CATLSGVTEAFF	VYSTGSNVF
CASSLDRFTDTQYF	VYSTGSNVF
CASSPLGAGETQYF	VYSTGSNVF
CASSSSGGGIDEQFF	VYSTGSNVF
CASSLGLVQRV	VYSTGSNVF
CSAHYNEQFF	VYSTGSNVF
CASSMRGLDTEAFF	VYSTGSNVF
CASSWGHRTDTQYF	VYSTGSNVF
CASSQPASGKGNEQYF	VYSTGSNVF
CSATADGSSYNEQFF	VYSTGSNVF
CSVIGLGRDRVPDTQYF	VYSTGSNVF
CSAIFSGANVLTF	VYSTGSNVF
CASSPRRDNSYNEQFF	VYSTGSNVF
CASSLFQQATGELFF	VYSTGSNVF
CASREGLPYNEQFF	VYSTGSNVF
CSVVSRGLPKDEQFF	VYSTGSNVF
CSGFITLPGHARADTQYF	VYSTGSNVF
CASSLGFPSNEQFF	VYSTGSNVF
CASSSSQQGTGNTIYF	VYSTGSNVF
CASSQGWGSTGELFF	VYSTGSNVF
CSVINPDRARTDTQYF	VYSTGSNVF
CASSLGLAGIYNEQFF	VYSTGSNVF
CASSSPTELNTEAFF	VYSTGSNVF
CSVGLNNEQFF	VYSTGSNVF
CSVVKAGGPESTDTQYF	VYSTGSNVF
CASSSGGPGNEQFF	VYSTGSNVF
CASSQRGQYNEQFF	VYSTGSNVF
PPGTQPQHF	VYSTGSNVF
CASSYLLQGGPHGYTF	VYSTGSNVF
CSVVGSGQGPDEQYF	VYSTGSNVF
CASARGDKTYEQYF	VYSTGSNVF
CASSYGHRTDTQYF	VYSTGSNVF
CASSFGAGGYTF	VYSTGSNVF
CASPSPAAGLEKLFF	VYSTGSNVF
CASSLLTGTSGGSETQYF	VYSTGSNVF
CASSSGHPDTQYF	VYSTGSNVF
CSVAGTGSSQPQHF	VYSTGSNVF
CASSPDSGGSTGELFF	VYSTGSNVF
CSASSGSNQPQHF	VYSTGSNVF
CSVTARQSRGSDEQFF	VYSTGSNVF
CSVIGLGRDRVPDTQYF	VYSTGSNVF
CATSDNNEQFF	VYSTGSNVF
CASSYGHRTDTQYF	VYSTGSNVF
CASSTRQNGQPQHF	VYSTGSNVF
CASSQDLAGTQETQYF	VYSTGSNVF
CASSTGGEKLFF	VYSTGSNVF
CSAIIRGLVDTQYF	VYSTGSNVF
CASSLGTGIAF	VYSTGSNVF
CASSLVLAGVGGELFF	VYSTGSNVF
CASSTGGPTGELFF	VYSTGSNVF
CSAGHRGSNEKLFF	VYSTGSNVF
CASSSRRGLAGDDNEQFF	VYSTGSNVF
CASSSHQQPTDTQYF	VYSTGSNVF
CASSFWVGGQPQHF	VYSTGSNVF
CSAVLTAYEQYF	VYSTGSNVF
CASSIGSPNEAFF	VYSTGSNVF
CSVVISSSGGADTQYF	VYSTGSNVF
CSAIVAGARDTQYF	VYSTGSNVF
CSVVLGGAPLGSDEQFF	VYSTGSNVF
CASSSGGSTGELFF	VYSTGSNVF
CASSVIGDTEAFF	VYSTGSNVF
CASPTDRTYEQYF	VYSTGSNVF
CASSYSETDGQKLFF	VYSTGSNVF
CASSIHSSGGAVDTQYF	VYSTGSNVF
CASSQVGQGYHEQYF	VYSTGSNVF
CASSLDGFSKLGGYTF	VYSTGSNVF
CSVVSRGNTDTQYF	VYSTGSNVF
CSVALDSHQPQHF	VYSTGSNVF
CASRSPPGTSVEQFF	VYSTGSNVF
CASSSLTGVQETQYF	VYSTGSNVF
CSARVPKKTDTQYF	VYSTGSNVF
CASSQEFGIGDEQYF	VYSTGSNVF
CSAVLAGAPDTQYF	VYSTGSNVF
CASSLEQVGAEAFF	VYSTGSNVF
CASSWGNTIYF	VYSTGSNVF
RASSSTGILGYTF	VYSTGSNVF
CASSYRQNTEAFF	VYSTGSNVF
CSVVHRPGPISTDTQYF	VYSTGSNVF
CASASGGANNEQFF	VYSTGSNVF
CSARPGTSRGHEQFF	VYSTGSNVF
CASSLGNRAGRNSPLHF	VYSTGSNVF
CASSQEMGLSHTDTQYF	VYSTGSNVF
CSASGGLAGRSSYEQYF	VYSTGSNVF
CASSLNPGLAIYNEQFF	VYSTGSNVF
CSARGIDRGNSGNTIYF	VYSTGSNVF
CSAIAGGINEQFF	VYSTGSNVF
CSVVFAGGSDGTDTQYF	VYSTGSNVF
CSVVHRPGPISTDTQYF	VYSTGSNVF
CSSVLRVVSKADTQYF	VYSTGSNVF
CSALTRGDTDTQYF	VYSTGSNVF
CASSQDPYEQYF	VYSTGSNVF
CASSLSGGGTDTQYF	VYSTGSNVF
CASSEFPNLQETQYF	VYSTGSNVF
CASSFGNTIYF	VYSTGSNVF
CSAIRTQSNSTDTQYF	VYSTGSNVF
CSGWLRDREDTQYF	VYSTGSNVF
CSVVVRVGFGTDTQYF	VYSTGSNVF
CSVVIRQPLSTDTQYF	VYSTGSNVF
CASSLRLNQPQHF	VYSTGSNVF
CASSFGVRGYTF	VYSTGSNVF
CASRRDSYEQYF	VYSTGSNVF
CSVLAGGGNEQFF	VYSTGSNVF
CASSWDSVTYEQYF	VYSTGSNVF
CASSSGTPANEQFF	VYSTGSNVF
CASSQDVGLGGTDTQYF	VYSTGSNVF
CASSPGHYTDTQYF	VYSTGSNVF
CASSLGPGQNTGELFF	VYSTGSNVF
CASKGIKGGLYTEAFF	VYSTGSNVF
CSVELAGGPLGTDTQYF	VYSTGSNVF
CASSQDPGGVYEQYF	VYSTGSNVF
CSVVQGGYEQYF	VYSTGSNVF
CASSQGRGLGTEAFF	VYSTGSNVF
CSAVPGGEQYF	VYSTGSNVF
CSVVAGGKSADTQYF	VYSTGSNVF
CASSPGTGWYEQFF	VYSTGSNVF
CAISEGRGGETQYF	VYSTGSNVF
CASSPYQQGNEQFF	VYSTGSNVF
CSVHRGGRRSSTDTQYF	VYSTGSNVF
CASSGRQGLANYGYTF	VYSTGSNVF
CSVVLRWGRVPDTQYF	VYSTGSNVF
CATSRGGEQDPSYEQYF	VYSTGSNVF
CSVVRGGDTAPDTQYF	VYSTGSNVF
CSVVTGTGPHEQYF	VYSTGSNVF
CASTNRTYEQYF	VYSTGSNVF
CATSSPDGGGSYNEQFF	VYSTGSNVF
CASSEWVSNTGELFF	VYSTGSNVF
CSVLVAGTRPDTQYF	VYSTGSNVF
CSVVLAGGYDSTDTQYF	VYSTGSNVF
CASSPGWGSYEQYF	VYSTGSNVF
CASSLDSFSYEQYF	VYSTGSNVF
CASSQGSRDNEKLFF	VYSTGSNVF
CARSPRTGELFF	VYSTGSNVF
CSASSGQGTEAFF	VYSTGSNVF
CSAFRTGTGAPDTQYF	VYSTGSNVF
CASSPGTGWYEQYF	VYSTGSNVF
CASSSLAGGIDTQYF	VYSTGSNVF
CASSTLGWADTQYF	VYSTGSNVF
CSVVPSGSFEQYF	VYSTGSNVF
CSVTPTSHEQFF	VYSTGSNVF
CSVRLGLAGVPDTQYF	VYSTGSNVF
CATSRGGGTGELFF	VYSTGSNVF
CASSLTSGGLTDTQYF	VYSTGSNVF
CSVGNTDRNYEQYF	VYSTGSNVF
CASSPQGAWYNEQFF	VYSTGSNVF
CSVVTRTGGKADTQYF	VYSTGSNVF
