CDR3	AA
CASSLGSPYGYTF	APAHISTI
CASRSLAGEYQYF	APAHISTI
CASSSPGQGYTGELFF	APAHISTI
CASSISTGNEQFF	APAHISTI
CASSITGGDGRGDGYTF	APAHISTI
CASSLTVSGSTGELFF	APAHISTI
CASSLGVLPITDTQYF	APAHISTI
CASSFRWEGGVGTEAFF	APAHISTI
CASSRLGNEQFF	APAHISTI
CASSVGGSSQETQYF	APAHISTI
CASSLRPYEQYF	APAHISTI
CSAFPLAVAKNIQYF	APAHISTI
CASSIMGTGVGNQPQHF	APAHISTI
CASSPGSIAGGLETQYF	APAHISTI
CASSDQSSYNSPLHF	APAHISTI
CSVEDQAGQGSYEQYF	APAHISTI
CASSIVAAMGRAEAFF	APAHISTI
CASQGVNTEAFF	APAHISTI
CAWSPLPGQGGLSAGNTIYF	APAHISTI
CASGTRWEAISLHEQFF	APAHISTI
CASSSEGTSVSTDTQYF	APAHISTI
CASSSTGPGELFF	APAHISTI
CASSLDSGAGELFF	APAHISTI
CASSASESQGDTIYF	APAHISTI
CASSLTSQGSPYEQYF	APAHISTI
CASSQAGTGNYGYTF	APAHISTI
CASSEGGGSYEQYF	APAHISTI
CASSLVSGANVLTF	APAHISTI
CASGVGVVSDTQYF	APAHISTI
CSATFTTGPYGYTF	APAHISTI
CASSDSYGGLGGYTF	APAHISTI
CASSRIGNPLEQYF	APAHISTI
CASSPLTGELFF	APAHISTI
CASSLDPVNYGYTF	APAHISTI
CSAKASSGLNNEQFF	APAHISTI
CASSPPPGDVVEDEQYF	APAHISTI
CASSPITGELFF	APAHISTI
CASSLVGTGDEKLFF	APAHISTI
CASSRPAYNEQFF	APAHISTI
CASTPNVGQETQYF	APAHISTI
CASSLEGSTGFLVNTEAFF	APAHISTI
CASSQEYTYEQYF	APAHISTI
CSASGVAQPQHF	APAHISTI
CASSPRDSGRTSYEQYF	APAHISTI
CATSRVPAGGYEQFF	APAHISTI
CASSSLPGVTYEQYF	APAHISTI
CATSVRDRVETQYF	APAHISTI
CASWRLAGETSSYEQYF	APAHISTI
CASSLSGLEQFF	APAHISTI
CASSGTGSEAFF	APAHISTI
CSVWRQGDTEAFF	APAHISTI
CASSGTGETGELFF	APAHISTI
CATGTGGLGNSPLHF	APAHISTI
CASSYGLGSGYTF	APAHISTI
CASSPPVGTATYEQYF	APAHISTI
CSVFPPAGPLDENEQFF	APAHISTI
CASSAPGHIIQYF	APAHISTI
CASSYFGNGELFF	APAHISTI
CASSLRDSYEQYF	APAHISTI
CASTTFGQGALDTEAFF	APAHISTI
CASSELPGQGGGEQFF	APAHISTI
CASTLYPEQYF	APAHISTI
CASTRNPGQGADEQFF	APAHISTI
CASRLEGGSQPYNEQFF	APAHISTI
CSVISGSGYTF	APAHISTI
CASSPLLAGAYNEQFF	APAHISTI
CASSLWGSYEQYF	APAHISTI
CASSLGPDTQYF	APAHISTI
CASSLVGGLGGYTF	APAHISTI
CASSPPNRFYEQYF	APAHISTI
CATGSGGSGETQYF	APAHISTI
CASSPPSQETQYF	APAHISTI
CASSPTGSPLHF	APAHISTI
CATEMGGVGTEAFF	APAHISTI
CASSQSGNTEAFF	APAHISTI
CASINRVQETQYF	APAHISTI
CASSKVGDRQTYEQYF	APAHISTI
CASSDLVQGFGNEQFF	APAHISTI
CASSPVFGAGVYNEQFF	APAHISTI
CASSLVGTSLDTQYF	APAHISTI
CASSLGASPDTQYF	APAHISTI
CASSLFSGGAWETQYF	APAHISTI
CASSQVGLGVHEQFF	APAHISTI
CASSPPEHETQYF	APAHISTI
CASSLGGGIYGYTF	APAHISTI
CSASAGLGYEQYF	APAHISTI
CASSELGHTDTQYF	APAHISTI
CSATTMDDAYEQYF	APAHISTI
CASSLSTLEQYF	APAHISTI
CASSWGGLEQYF	APAHISTI
CASSRTSGESNTGELFF	APAHISTI
CASSVSGVAYEQYF	APAHISTI
CASSRDPGPTGNTIYF	APAHISTI
CASSYPRDRVF	APAHISTI
CSVLAGGSYEQYF	APAHISTI
CASSQVTSGFYEQYF	APAHISTI
CASSPLTARGGFDTF	APAHISTI
CASSFSLEQFF	APAHISTI
CAWSRSLFGYAGGPGRTGELFF	APAHISTI
CASMSGGILTF	APAHISTI
CASSFGDGNYGYTF	APAHISTI
CASSQGGNTEAFF	APAHISTI
CSVEEVRTSGYEQYF	APAHISTI
CSATPGTSGSPYEQYF	APAHISTI
CSVEVPGQGDNEQFF	APAHISTI
CVAGNEQFF	APAHISTI
CASSFPRTGGDGYGYTF	APAHISTI
CASSLRGLAGGSQDTQYF	APAHISTI
CASSPPSRITEAFF	APAHISTI
CASSPRDLVYEQYF	APAHISTI
CASGTVNTGELFF	APAHISTI
CAGQGAHSGELFF	APAHISTI
CASRSLAGGPDPYEQYF	APAHISTI
CASTGLAGEPSYEQYF	APAHISTI
CASSFAVGTEAFF	APAHISTI
CASSLGDQGLGEQYF	APAHISTI
CASRTITFNQPQHF	APAHISTI
CASSRSGPGELFF	APAHISTI
CASSQLGRGISYEQYF	APAHISTI
CASSLSGMWNEQFF	APAHISTI
CSARDSAGTSGSTSGELFF	APAHISTI
CSASGTHPGQPQHF	APAHISTI
CASSFLQGAPLHF	APAHISTI
CSAHGAGMTYNEQFF	APAHISTI
CASSQPSTDTQYF	APAHISTI
CASKGSLIAFF	APAHISTI
CASSYGGVYEQYF	APAHISTI
CASSQMGRDNEQFF	APAHISTI
CASAHAGTGELFF	APAHISTI
CASSLSSVTDTQYF	APAHISTI
CASSLGDHYGYTF	APAHISTI
CASSQGGTGGWNEQFF	APAHISTI
CASSSLQGSTGELFF	APAHISTI
CSAGEQFF	APAHISTI
CASSLADSNQPQHF	APAHISTI
CSDEDGLNTEAFF	APAHISTI
CASSPPSKVTEQFF	APAHISTI
CASGTVNTGELFF	APAHISTI
CASSTIHTRSPYEQYF	APAHISTI
CASSQAGTAYNEQFF	APAHISTI
CASSPLAGDSYNEQFF	APAHISTI
CASSSATYNSYNEQFF	APAHISTI
CSASGGLGYEQYF	APAHISTI
CASSHRKDSNSYEQYF	APAHISTI
CAYQSGGEQYF	APAHISTI
CASSLDQTTNYGYTF	APAHISTI
CSASGGRSGGWNEQFF	APAHISTI
CSVVGDPYSGANVLTF	APAHISTI
CASIPGQQETQYF	APAHISTI
CASTSLPGQTFSEQYF	APAHISTI
CACPGRGNEQFF	APAHISTI
CAWVWGGELFF	APAHISTI
CASSAAGGGGPGWETQYF	APAHISTI
CASSYGSAGQETQYF	APAHISTI
CASSYGLAGEFANTGELFF	APAHISTI
CASRMGLAADTQYF	APAHISTI
CASSSPLAGGTSQETQYF	APAHISTI
CASTPPGTMLGQETQYF	APAHISTI
CASSLWVAYNEQFF	APAHISTI
CASSAGTVNQPQHF	APAHISTI
CASSGQGADEQYF	APAHISTI
CASSGVGGTQYF	APAHISTI
CASSYASGEQYF	APAHISTI
CACISGANVLTF	APAHISTI
CASSYEGTEAFF	APAHISTI
CASSSGLALYEQYF	APAHISTI
CASSVGGVEQYF	APAHISTI
CASSSLPGQGASGAYEQYF	APAHISTI
CSAPGDAVRTGAGQPQHF	APAHISTI
CSVLDRDVNGYTF	APAHISTI
CASSLAPGGGTEAFF	APAHISTI
CASSLNFMGNEQFF	APAHISTI
CASSVSGSVNEQFF	APAHISTI
CSAPIDSGSSYNEQFF	APAHISTI
CASSLGEGSYEQYF	APAHISTI
CASSLAASSYEQYF	APAHISTI
CASRGTGDTGELFF	APAHISTI
CASSYNKGSEQYF	APAHISTI
CASSLSVAGSYGYTF	APAHISTI
CASSYGQGTQPQHF	APAHISTI
CSARGPSGSVGEQFF	APAHISTI
CASSSQYNEQFF	APAHISTI
CASSYTFRGLPYEQYF	APAHISTI
CASNVGQGAKAFF	APAHISTI
CASGLESRTDTQYF	APAHISTI
CASSPGGGNEQFF	APAHISTI
CASSVAGKETQYF	APAHISTI
CASTSPRGSGELFF	APAHISTI
CASSQWNQWGTSDTQYF	APAHISTI
CSAWTPGLADYNEQFF	APAHISTI
CSVDRQGRKDNYGYTF	APAHISTI
CASSWASQSGELFF	APAHISTI
CASSLSAYEQFF	APAHISTI
CASSQESGINEQFF	APAHISTI
CASSYSAGEETQYF	APAHISTI
CASSQDTRTYEQYF	APAHISTI
CASSPVAPGNTIYF	APAHISTI
CASSWAGADTQYF	APAHISTI
CSALDRAPEAFF	APAHISTI
CATSDSVGELFF	APAHISTI
CASSVTGTTEAFF	APAHISTI
CASSPVGTSGFEQFF	APAHISTI
CASSLDPGGGATDTQYF	APAHISTI
CASSSGVGEQYF	APAHISTI
CASSPAVQTYEQYF	APAHISTI
CASSLNAGEQFF	APAHISTI
CSVEDPGSPLQETQYF	APAHISTI
CASSLGGTNQETQYF	APAHISTI
CASSFDSTYGYTF	APAHISTI
CASGTSGDTGELFF	APAHISTI
CASSQVSANNEQFF	APAHISTI
CSVEFGTQYF	APAHISTI
CASIGGNEQFF	APAHISTI
CASSLRREETNF	APAHISTI
CASSQPLGDGETQYF	APAHISTI
CASSWTRRGYEQYF	APAHISTI
CASTYPVGPRSYNEQFF	APAHISTI
CASSPPSSSTEAFF	APAHISTI
CASGNNEQFF	APAHISTI
CASSPHTGAQETQYF	APAHISTI
CSAPVTSYEQYF	APAHISTI
CSARDLRVASANEKLFF	APAHISTI
CASSLSIGSEAFF	APAHISTI
CASSLGGPSSYNEQFF	APAHISTI
CATSEPHQETQYF	APAHISTI
CASMVNIQYF	APAHISTI
CASSLSAGGQGEQYF	APAHISTI
CSVEENLTGELFF	APAHISTI
CASSHSQSNEQYF	APAHISTI
CASSLTGARWETQYF	APAHISTI
CSASNIATSGRARADTQYF	APAHISTI
CSLNGAANTEAFF	APAHISTI
CASSSSDRGELFF	APAHISTI
CASSQLTSGSSHEQFF	APAHISTI
CASSKGVPGTSNEQYF	APAHISTI
CASTVRAQTSDTQYF	APAHISTI
CASGRAYDSYNEQFF	APAHISTI
CASSLGEQYF	APAHISTI
CSVITGTKYGYTF	APAHISTI
CAWRGLAGEISSYEQYF	APAHISTI
CSVGLGGAEAFF	APAHISTI
CASSYTGGGEFF	APAHISTI
CASSQLAVPSTDTQYF	APAHISTI
CASSWANNEQFF	APAHISTI
CASLAGRTNEKLFF	APAHISTI
CASGPDYNEQFF	APAHISTI
CSAATGLGGYTF	APAHISTI
CASSLTAYEQYF	APAHISTI
CAINPSRDSITGELFF	APAHISTI
CASSFGYEQYF	APAHISTI
CASSGGLAGGRAYNEQFF	APAHISTI
CASSPLMRTSGEFF	APAHISTI
CASSPVGVNEQFF	APAHISTI
CASSWRTGSCWGYTF	APAHISTI
CASSPLGGETDNEQFF	APAHISTI
CATSSRQGESPYEQYF	APAHISTI
CASSPGNGETQYF	APAHISTI
CSATMGLGYEQYF	APAHISTI
CASSFLAGTDTQYF	APAHISTI
CASSHGTGGEQYF	APAHISTI
CASSFQGYTGELFF	APAHISTI
CASSSLLQETQYF	APAHISTI
CSASPLPGQGWETQYF	APAHISTI
CSVEEGLNTEAFF	APAHISTI
CASSVSQGRGGSYEQYF	APAHISTI
CASSQLGGWAPESEHEKLFF	APAHISTI
CASRPAPFAGLNEQYF	APAHISTI
CASSLMDANEQYF	APAHISTI
CASSHPMDTYNEQFF	APAHISTI
CSVETTGAGSSYEQYF	APAHISTI
CSVGGLGETQYF	APAHISTI
CASSIQTGQGLSYNEQFF	APAHISTI
CASRGTGGINEQFF	APAHISTI
CASSHPPAGGSGANVLTF	APAHISTI
CASSFQRDLTEQPQHF	APAHISTI
CASSLVGGPEAFF	APAHISTI
IGGVEETQYF	APAHISTI
CSARGADRETQYF	APAHISTI
CASSLSAGGEAFF	APAHISTI
CASSPVGFYGYTF	APAHISTI
CASTSAQGDEQFF	APAHISTI
CASNYQPQHF	APAHISTI
CASSQSLPGLADSYEQYF	APAHISTI
CASSQSERNTEAFF	APAHISTI
CASYAGQAKGYTF	APAHISTI
CASTPGEGLAEAFF	APAHISTI
CASSPTVSGANVLTF	APAHISTI
CASTLTDANTGELFF	APAHISTI
CASSPTSETQYF	APAHISTI
CASSLTGPNYEQYF	APAHISTI
CASSLSGNEQYF	APAHISTI
CASSPPPGQGINEQYF	APAHISTI
CASSPFSGEETQYF	APAHISTI
