CDR3	AA
CASSAGGNEQFF	LQSINFVRII
CASSLGGGRGHEKLFF	LQSINFVRII
CASSKGFGNQPQHF	LQSINFVRII
CASATGYNEQFF	LQSINFVRII
CAISGSGANVLTF	LQSINFVRII
CASSSPKTGGGGWETQYF	LQSINFVRII
CATSDSYRAQETQYF	LQSINFVRII
CASGELARGIYNEQFF	LQSINFVRII
CASSDDRVRLFF	LQSINFVRII
CASRTSGNPDTQYF	LQSINFVRII
CASSFLREEQFF	LQSINFVRII
CASSPRPSGEQYF	LQSINFVRII
CATSDFLTNSYNEQFF	LQSINFVRII
CASSIAHTENEQFF	LQSINFVRII
CATSLAGGGTGELFF	LQSINFVRII
CASSLIQGNTGELFF	LQSINFVRII
CASSPLAASYNEQFF	LQSINFVRII
CASSLQDSYNEQFF	LQSINFVRII
CASSLDISGGSYEQYF	LQSINFVRII
CASSQDIPGTGSYEQYF	LQSINFVRII
CASSLAVGQSTYEQYF	LQSINFVRII
CASSKEGPLTGELFF	LQSINFVRII
CASSSGAGTDTQYF	LQSINFVRII
CASSLSSGLRVYEQYF	LQSINFVRII
CASSDTTGAGNTIYF	LQSINFVRII
CASSLWEEGSYEQYF	LQSINFVRII
CASSLPSGYEQYF	LQSINFVRII
CASSELQNSPLHF	LQSINFVRII
CASSLGAGTDTQYF	LQSINFVRII
CASSESISDTQYF	LQSINFVRII
CASSYGVGGTEAFF	LQSINFVRII
CASSSSVDGYMNEQFF	LQSINFVRII
CASSSGITGYTF	LQSINFVRII
CASSGYPSNYGYTF	LQSINFVRII
CASSFPTERYQPQHF	LQSINFVRII
CASSLGASGTYNEQFF	LQSINFVRII
CASSHPSTGSEAFF	LQSINFVRII
CASSLAANGNQPQHF	LQSINFVRII
CASFSASYEQYF	LQSINFVRII
CASSPQADLAEQYF	LQSINFVRII
CASSPPGLAYNEQFF	LQSINFVRII
CASSIPTENTGELFF	LQSINFVRII
CSVEVTGDEAFF	LQSINFVRII
CASSLDHRTGPYGYTF	LQSINFVRII
CSARPQDSWVQHF	LQSINFVRII
CASRLAGGDNEQFF	LQSINFVRII
CATSSGGLNTEAFF	LQSINFVRII
CASSQESTGSEAFF	LQSINFVRII
CASSSPGQGDYEQYF	LQSINFVRII
CASSYSGQETQYF	LQSINFVRII
CASSLGLGETQYF	LQSINFVRII
CASSAGQGRWNTEAFF	LQSINFVRII
CASSPPGGSYNEQFF	LQSINFVRII
CATSRDRRERETQYF	LQSINFVRII
CASSQDPPVGEAEKLFF	LQSINFVRII
CASSLGSEAFF	LQSINFVRII
CASSLTGPGGTEAFF	LQSINFVRII
CASSFTGELFF	LQSINFVRII
CATSDLREGRDTQYF	LQSINFVRII
CASSVGSYEQYF	LQSINFVRII
CSAPRGGASTDTQYF	LQSINFVRII
CASSPIRREAGDTQYF	LQSINFVRII
CSALGQLSSYEQYF	LQSINFVRII
CASSPAWTGGWETQYF	LQSINFVRII
CASSLTGIGNQPQHF	LQSINFVRII
CASSLGGGSNQPQHF	LQSINFVRII
CASSEPGLGYGYTF	LQSINFVRII
CASSEGRGWIEQYF	LQSINFVRII
CASSPGQGITSYNEQFF	LQSINFVRII
CATSDYREAFF	LQSINFVRII
CASSGITDTQYF	LQSINFVRII
CASSTETGGFYEQYF	LQSINFVRII
CATGVTGSYNEQFF	LQSINFVRII
CSAPRGDSYNEQFF	LQSINFVRII
CASSLLVDSYEQYF	LQSINFVRII
CSVVQGAPYEQYF	LQSINFVRII
CASSEGGRTFF	LQSINFVRII
CASTQDTANYGYTF	LQSINFVRII
CASSQVWEGYNEQFF	LQSINFVRII
CASSFAGGSNNEQFF	LQSINFVRII
CASGTYEQYF	LQSINFVRII
CASSLPTSGGSQETQYF	LQSINFVRII
CSAPPQALNTEAFF	LQSINFVRII
CASSLGISTEAFF	LQSINFVRII
CASSHVSVGHNEQFF	LQSINFVRII
CATSDLDSYEQYF	LQSINFVRII
CSTDLGNEQFF	LQSINFVRII
CASRTQGGWDTQYF	LQSINFVRII
CSVEVMSDNSGNTIYF	LQSINFVRII
CATRAYSGEKLFF	LQSINFVRII
CASSPPSGNGWELFF	LQSINFVRII
CASSPQGEGAPFSPLHF	LQSINFVRII
CASSQANYEQYF	LQSINFVRII
CASSSYTGGDQPQHF	LQSINFVRII
CATSGASGNEQFF	LQSINFVRII
CSVGGGAYGYTF	LQSINFVRII
CASRDTGYEQYF	LQSINFVRII
CASSLSGTTEAFF	LQSINFVRII
CASSTPTGVALGEQFF	LQSINFVRII
CASSLGQINQPQHF	LQSINFVRII
CASSLMGGETQYF	LQSINFVRII
CASSEAADRADTGELFF	LQSINFVRII
CASSLLRGRLDTEAFF	LQSINFVRII
CASSQEASGSYEQYF	LQSINFVRII
CASSPPDSNQPQHF	LQSINFVRII
CASSLTSNNEDTEAFF	LQSINFVRII
CASSPPRAGPHEQYF	LQSINFVRII
CASSLIGLAGTITDTQYF	LQSINFVRII
CATSDSQGYEQYF	LQSINFVRII
CARDRDTSWGGELFF	LQSINFVRII
CASRGLAGVGEQFF	LQSINFVRII
CASSLLGPLDNEQFF	LQSINFVRII
CSAVGQDKAYEQYF	LQSINFVRII
CASHSLGTQNEQFF	LQSINFVRII
CATGETSYEQYF	LQSINFVRII
CASSQDLSDGQPQHF	LQSINFVRII
CASSLAGTANEQFF	LQSINFVRII
CATSDFGAGTPDTGELFF	LQSINFVRII
CASSLDPDRESSYNSPLHF	LQSINFVRII
CASSVAGELFF	LQSINFVRII
CASSFDGLGAFF	LQSINFVRII
CSVDPSGASSEQYF	LQSINFVRII
CASSIGTGIYEQYF	LQSINFVRII
CASSQHAPTTGELFF	LQSINFVRII
CASSFSPGSYGYTF	LQSINFVRII
CASSSTSGSTDTQYF	LQSINFVRII
CASSETANTGELFF	LQSINFVRII
CASSPRGPWIYEQYF	LQSINFVRII
CASSVGGWGTEAFF	LQSINFVRII
CASSQEGQLSGDTQYF	LQSINFVRII
CASSQGTSGASSTDTQYF	LQSINFVRII
CASSPGQGRSQYF	LQSINFVRII
CASRSGTASSYEQYF	LQSINFVRII
CSAGTENTGELFF	LQSINFVRII
CASILDNEQFF	LQSINFVRII
CASSLDETEAFF	LQSINFVRII
CASRQVSSYEQYF	LQSINFVRII
CASSYSGIGSYNEQFF	LQSINFVRII
CASSYSGSSGNTIYF	LQSINFVRII
CSGGGTRNEQFF	LQSINFVRII
CASSVQGATNNEQFF	LQSINFVRII
CASSQEKVGGYEQYF	LQSINFVRII
CASSQVHSTTDEQFF	LQSINFVRII
CASSLAVGAGYGYTF	LQSINFVRII
CASRGGNTEAFF	LQSINFVRII
CASSSPGVAGKPNEQFF	LQSINFVRII
CASSLAVAEQYF	LQSINFVRII
CASSKGWGTRGHNEQFF	LQSINFVRII
CASSQDLGLLTQETQYF	LQSINFVRII
CASSLTDLWPQHF	LQSINFVRII
CASSWGGGSGETQYF	LQSINFVRII
CASGGLATYNEQFF	LQSINFVRII
CASQTLANQETQYF	LQSINFVRII
CASFLSSYEQYF	LQSINFVRII
CATSDLQGYQETQYF	LQSINFVRII
CARLSERGVVNEQFF	LQSINFVRII
CASSLGLRQGAGETQYF	LQSINFVRII
CSVEMGPFFGANVLTF	LQSINFVRII
CASSQDNSYGNTIYF	LQSINFVRII
CASSLYLGSGNTIYF	LQSINFVRII
CAISEYSTPDRFLSDTEAFF	LQSINFVRII
CASSLTGTVNTEAFF	LQSINFVRII
CASSSQDTVNQPQHF	LQSINFVRII
CASSLGQGEYEQYF	LQSINFVRII
CASSSIQGPNQPQHF	LQSINFVRII
CASSLTLPVSRPNYGYTF	LQSINFVRII
CATSDPGTGNEKLFF	LQSINFVRII
CASSDSGSSDTQYF	LQSINFVRII
CASSEDGTSTDTQYF	LQSINFVRII
CSVDSGVGNQPQHF	LQSINFVRII
CASSAVGQETQYF	LQSINFVRII
CASSGAGGYGYTF	LQSINFVRII
CASSLSGTSGSEQYF	LQSINFVRII
CASSTRGHNEQFF	LQSINFVRII
CASSIGGFEQFF	LQSINFVRII
CASSLAGALNTEAFF	LQSINFVRII
CASSLSLPNSNQPQHF	LQSINFVRII
CASSINGRGPYNEQFF	LQSINFVRII
CASSWQISYEQYF	LQSINFVRII
CSARDQGRATF	LQSINFVRII
CSVEWQGAGTEAFF	LQSINFVRII
CATSRDRRERETQYF	LQSINFVRII
CATSDLTSETQFF	LQSINFVRII
CASSTGTGEETQYF	LQSINFVRII
CASSRLDSDNEQFF	LQSINFVRII
CASSLYPAGDNIQYF	LQSINFVRII
CASSTQRWDRKIQETQYF	LQSINFVRII
CASSLPSGYEQYF	LQSINFVRII
CASRAVGEDGYTF	LQSINFVRII
CSARGQGREQFF	LQSINFVRII
CASSFATLNEQFF	LQSINFVRII
CASSSHSGPSYEQYF	LQSINFVRII
CASSLWRGITDTQYF	LQSINFVRII
CASKGTDGYNEQFF	LQSINFVRII
CASSLQQGLTEAFF	LQSINFVRII
CSAGDRAYEQYF	LQSINFVRII
CATPGLAGPVGTGELFF	LQSINFVRII
CASSSPSQGLQETQYF	LQSINFVRII
CASSQSRGSYNEQFF	LQSINFVRII
CASSFMTAYPYNEQFF	LQSINFVRII
CASIGVGPLTDTQYF	LQSINFVRII
CASSGQGAVSTEAFF	LQSINFVRII
CASSLGAGGQFF	LQSINFVRII
CASSYATGTGLSGELFF	LQSINFVRII
CASSSSRTSRSTDTQYF	LQSINFVRII
CASSQHIIGGDLNNEQFF	LQSINFVRII
CATSPGSTGELFF	LQSINFVRII
CASSFWGANTGELFF	LQSINFVRII
CASSQAGRKDYEQYF	LQSINFVRII
CATSDLQGPGELFF	LQSINFVRII
CSVAGTDYGYTF	LQSINFVRII
CASSFNNEQFF	LQSINFVRII
CASSTTGGTSDTGELFF	LQSINFVRII
CASSLGGEQFF	LQSINFVRII
CASSYVGGEETQYF	LQSINFVRII
CASSRQGALGTEAFF	LQSINFVRII
CASAGGFTYEQYF	LQSINFVRII
CASSISVFSEKLFF	LQSINFVRII
CASSWYRGETDTQYF	LQSINFVRII
CASSRLDSDNEQFF	LQSINFVRII
CASSLPDGYEQYF	LQSINFVRII
CASSPGGDTQYF	LQSINFVRII
CASSFPSSGGAEDTQYF	LQSINFVRII
CSVPVANYGYTF	LQSINFVRII
CSVLLGGTYNEQFF	LQSINFVRII
CSARPKVWDKGGWGPDTQYF	LQSINFVRII
CASSIGTNTEAFF	LQSINFVRII
CSVVYGGRSTEAFF	LQSINFVRII
CATSDLGSNQPQHF	LQSINFVRII
CATQAGSLWETQYF	LQSINFVRII
CASSLGRVAPGELFF	LQSINFVRII
CASSISTASEQFF	LQSINFVRII
CASSPTGGIYEQYF	LQSINFVRII
CASSQDPGSTDIQYF	LQSINFVRII
CATLWWGAGANVLTF	LQSINFVRII
CASSFSGSMIGQYF	LQSINFVRII
CSAREQGEKLFF	LQSINFVRII
CASSSALASETQYF	LQSINFVRII
CSVDTGGQRGTEAFF	LQSINFVRII
CASSEPTGEIGNQPQHF	LQSINFVRII
CASSLDGHTSGRDNEQFF	LQSINFVRII
CASSLGSAGALETQYF	LQSINFVRII
CASSSAISGTGETQYF	LQSINFVRII
CASSLAVGGGESSYNSPLHF	LQSINFVRII
CASSRGEQFF	LQSINFVRII
CASSQGRGSGNTIYF	LQSINFVRII
CASLAGTSAWETQYF	LQSINFVRII
CASSYPSSYEQYF	LQSINFVRII
CASSASAGTGGEEGYTF	LQSINFVRII
CSVDPGNYGYTF	LQSINFVRII
CASFAASYEQYF	LQSINFVRII
CASSQQPGTGGRQPQHF	LQSINFVRII
CASSFIFGSNQPQHF	LQSINFVRII
CASSQVGGGLYEQYF	LQSINFVRII
CASSQDGGGGYGYTF	LQSINFVRII
CASSFVTSGNEQFF	LQSINFVRII
CASTPSGANEQFF	LQSINFVRII
CSAMDQGLGAFF	LQSINFVRII
CASSGLQETQYF	LQSINFVRII
CSVEDGGGLVEAFF	LQSINFVRII
CATSRENRQGPGDEQYF	LQSINFVRII
CASFSSSYEQYF	LQSINFVRII
CASSLGEREETQYF	LQSINFVRII
CASSYSDSGANVLTF	LQSINFVRII
CASSSTDSYEQYF	LQSINFVRII
CASSPLQGADYEQYF	LQSINFVRII
CASSTGQGEWETQYF	LQSINFVRII
CASSELLAGDTETQYF	LQSINFVRII
CASSQEVGHGYAGGYTF	LQSINFVRII
CASSLTGWMNTEAFF	LQSINFVRII
CASSLVQGANQPQHF	LQSINFVRII
CASSPGTLEAFF	LQSINFVRII
CASSPHNYEQYF	LQSINFVRII
CASSPPGAGRETQYF	LQSINFVRII
CSANPDRGDYNEQFF	LQSINFVRII
CASSEGQVSEQYF	LQSINFVRII
CACRDRGRYSNQPQHF	LQSINFVRII
CASRGHPNYGYTF	LQSINFVRII
CATSPGASNTGELFF	LQSINFVRII
CASSLSSYNEQFF	LQSINFVRII
CSARVGGPLNEQFF	LQSINFVRII
CASSQGGALGTEAFF	LQSINFVRII
CASSQQAGTGGAQPQHF	LQSINFVRII
CASSYSGGANYGYTF	LQSINFVRII
CASSQERVNEQFF	LQSINFVRII
CATTGGSGAFF	LQSINFVRII
CASSPGEGPYEQYF	LQSINFVRII
CASSRQWGHWDEQYF	LQSINFVRII
CATSVPPTRRDSYNEQFF	LQSINFVRII
CASSYSRGGNEQFF	LQSINFVRII
CASNHYYTDTQYF	LQSINFVRII
CASSELGAGGGNEQFF	LQSINFVRII
CASSRGGALNTEAFF	LQSINFVRII
CATIDRNQYNEQFF	LQSINFVRII
CASSSTGTGYYEQYF	LQSINFVRII
CASSIGVNTEAFF	LQSINFVRII
CSVRTGGYEQYF	LQSINFVRII
CASSQGGAGFNEQFF	LQSINFVRII
CASSFVAGSSDTQYF	LQSINFVRII
CATGSGANVLTF	LQSINFVRII
CASSTWLGNIQYF	LQSINFVRII
CASSVPRGTQETQYF	LQSINFVRII
CSALSGNDNEQFF	LQSINFVRII
CASSTAGLGYSPLHF	LQSINFVRII
CASSSGTEYQETQYF	LQSINFVRII
CSATLEWVAGEGTDTQYF	LQSINFVRII
CASSLGTLGTYEQYF	LQSINFVRII
CASSQDWLATNEKLFF	LQSINFVRII
CSARDLQEDLSYEQYF	LQSINFVRII
CASSQMAGAGETQYF	LQSINFVRII
CSVEKGDRGNTIYF	LQSINFVRII
CASSLLRDTYEQYF	LQSINFVRII
CASSSIAGGQADTQYF	LQSINFVRII
CASSFPEEDSTPHNEQFF	LQSINFVRII
CSVEEGGGQAERGPYEQYF	LQSINFVRII
CASSISGIGAESSYNEQFF	LQSINFVRII
CASSPRGDEQFF	LQSINFVRII
CASRSSGSQETQYF	LQSINFVRII
CASSYSGVNQPQHF	LQSINFVRII
CSARDDMYYEQYF	LQSINFVRII
CASSQDGGGRVTGELFF	LQSINFVRII
CSARDHGGDLTDTQYF	LQSINFVRII
CSAFFGGATTDTQYF	LQSINFVRII
CASSLDDTSHYEQYF	LQSINFVRII
CASSWGTAQYF	LQSINFVRII
CARTGQGLESPLHF	LQSINFVRII
CASDPGVGNQPQHF	LQSINFVRII
CASSLESGSTPQETQYF	LQSINFVRII
CASRLAGGAFNEQFF	LQSINFVRII
CASSIVGSYNEQFF	LQSINFVRII
CASSLAPRGAFNNEQFF	LQSINFVRII
CASSIAVYNEQFF	LQSINFVRII
CASSLSGQELNQPQHF	LQSINFVRII
CASSLRGLPTDTQYF	LQSINFVRII
CASSESVSGDQNTGELFF	LQSINFVRII
CASSQWGRTSTDTQYF	LQSINFVRII
CATYENNEQFF	LQSINFVRII
CASSQVRDEQFF	LQSINFVRII
CSAPNQGQGRPNSNQPQHF	LQSINFVRII
CSAARGVEQYF	LQSINFVRII
CASREDSTDTQYF	LQSINFVRII
CASSSLAGGTDTQYF	LQSINFVRII
CSAGGQSSYEQYF	LQSINFVRII
CASSSGQGADEQYF	LQSINFVRII
CASSLASDQPQHF	LQSINFVRII
CSVEWGASGSLTDTQYF	LQSINFVRII
CASGELPYEQYF	LQSINFVRII
CASSPQGELNSVF	LQSINFVRII
CASSLGALSTDTQYF	LQSINFVRII
CASRGSDRQSTDTQYF	LQSINFVRII
CASSLGISTEAFF	LQSINFVRII
CASSRMIDDEYF	LQSINFVRII
CSVTGEARNTEAFF	LQSINFVRII
CASSLSGRGGNTIYF	LQSINFVRII
CASILGDRAYEQYF	LQSINFVRII
CASSTTETGNYGYTF	LQSINFVRII
CASIPSDEGWAETQYF	LQSINFVRII
CSALGLAGVAEQFF	LQSINFVRII
CASSYGAGAGNEQFF	LQSINFVRII
CASSLLFPHQPQHF	LQSINFVRII
CAGLGAWETQYF	LQSINFVRII
CASSSPLEGKETQYF	LQSINFVRII
CASGLLAGGEETQYF	LQSINFVRII
CASSFEHYSNQPQHF	LQSINFVRII
CASSSGAGTDTQYF	LQSINFVRII
CASSLGTLGSYEQYF	LQSINFVRII
CASTLGGYSNQPQHF	LQSINFVRII
CASSLPVAGNDYEQYF	LQSINFVRII
CASSSGQGTDTQYF	LQSINFVRII
CASSFPLEVAGVTDTQYF	LQSINFVRII
CASSFSANYGYTF	LQSINFVRII
CASSFNRVDGTNEKLFF	LQSINFVRII
CAWSFWTGGHEQYF	LQSINFVRII
CASSFDRVVQYF	LQSINFVRII
CATSDFVANTQYF	LQSINFVRII
CASSFSMVADTQYF	LQSINFVRII
CASSQDMGAPDTQYF	LQSINFVRII
CASSPLRENTEAFF	LQSINFVRII
CASSLLLAGEIYEQYF	LQSINFVRII
CASRRPETSYEQYF	LQSINFVRII
CATIPWGGQGIYTEAFF	LQSINFVRII
CASSQDIGSNQPQHF	LQSINFVRII
CATAGGLNTEAFF	LQSINFVRII
CASSPWEGGVRGASNEQFF	LQSINFVRII
CASSLGGYNEQFF	LQSINFVRII
CATQGVGQETQYF	LQSINFVRII
CASSYGPNNEQFF	LQSINFVRII
CAWAGWTGLYF	LQSINFVRII
CASSQGGALNTEAFF	LQSINFVRII
CASSLTARGFEAFF	LQSINFVRII
CSAMRLAGANEQFF	LQSINFVRII
CASSLPTNSGVPPSTDTQYF	LQSINFVRII
CATNYRGTHYYGYTF	LQSINFVRII
CASSRQGDYYGYTF	LQSINFVRII
CASSYTTGEQYF	LQSINFVRII
CASSVPRAGISYEQYF	LQSINFVRII
CASINTGVYYNEQFF	LQSINFVRII
CASEALMNTEAFF	LQSINFVRII
CATSDLGLAGGYFF	LQSINFVRII
CASIVLGKRNPPQETQYF	LQSINFVRII
CASSPDTVTYGYTF	LQSINFVRII
CASSYNQQTSSYEQYF	LQSINFVRII
CASSPGTHQETQYF	LQSINFVRII
CASSSLRLAGSSYQETQYF	LQSINFVRII
CSAPVGGATGELFF	LQSINFVRII
CASYQYEQYF	LQSINFVRII
CASSIAGGQQTQYF	LQSINFVRII
CATSRGGLNTEAFF	LQSINFVRII
CASSKETGLAYGYTF	LQSINFVRII
CASSHRGPRAGARAGETQYF	LQSINFVRII
CASSYPRDYLAKNIQYF	LQSINFVRII
CASSLPDSNNEQFF	LQSINFVRII
CASSVLAGGHNEQFF	LQSINFVRII
CATSGQERGPYEQYF	LQSINFVRII
CASSPGSFGYTF	LQSINFVRII
CASSLGINTEAFF	LQSINFVRII
CSVDGQGPYEQYF	LQSINFVRII
CASSFAVANYEQYF	LQSINFVRII
CASTPGYTSSGRAADTQYF	LQSINFVRII
CSVEEGGLAVKLFF	LQSINFVRII
CSALAGGWYEQYF	LQSINFVRII
CASGPGDNQPQHF	LQSINFVRII
CASSPREVTDTQYF	LQSINFVRII
CASSLSETEAFF	LQSINFVRII
CAWIYEQYF	LQSINFVRII
CASSSNDWKNTGELFF	LQSINFVRII
CASSLGAGTAFF	LQSINFVRII
CASSLSISTEAFF	LQSINFVRII
CASSYSSSLNKPQHF	LQSINFVRII
CASSYGQSYEQYF	LQSINFVRII
CASSLWGSYEQYF	LQSINFVRII
CASSMAGYTEAFF	LQSINFVRII
CASGPDNEQFF	LQSINFVRII
CATSELTSGEHNEQFF	LQSINFVRII
CASSFYWGTEAFF	LQSINFVRII
CASGNQETQYF	LQSINFVRII
CASSLTSVGGPSETQYF	LQSINFVRII
CASSLGLGAGANVLTF	LQSINFVRII
CASRPLVGTDSNQPQHF	LQSINFVRII
CASRRTTAGDTEAFF	LQSINFVRII
CASSDLTGGKNTEAFF	LQSINFVRII
CASSQDQEISTDTQYF	LQSINFVRII
CASSFGQGSTGELFF	LQSINFVRII
CASSYSKEDLNTEAFF	LQSINFVRII
CASYPDDTGELFF	LQSINFVRII
CASSYSTRTNEQFF	LQSINFVRII
CASSILGAPYEQYF	LQSINFVRII
CASSQEDGTNYGYTF	LQSINFVRII
CASSLAGEPQHF	LQSINFVRII
CASSIVQGEYNEQFF	LQSINFVRII
CASRVLGTSGGDEQFF	LQSINFVRII
CSVDFEGSGTEAFF	LQSINFVRII
CSVPSGIEQFF	LQSINFVRII
CASSVLAGGPGEQYF	LQSINFVRII
CATSRGLAGVVYEQYF	LQSINFVRII
CSARREGEGQFF	LQSINFVRII
CSARGVVSGGTGELFF	LQSINFVRII
CASSLYLSPIQPQHF	LQSINFVRII
CASTQLAGGLNEQFF	LQSINFVRII
CAIKSDSSYEQYF	LQSINFVRII
CASSLAVLNEQFF	LQSINFVRII
CASSPPFELAGATDTQYF	LQSINFVRII
CASSAEFYNSPLHF	LQSINFVRII
CASSQRPYTGELFF	LQSINFVRII
CASRRETQYF	LQSINFVRII
CASSSSRGYGYTF	LQSINFVRII
CASSARPGLEGLEQYF	LQSINFVRII
CASWRSYEQYF	LQSINFVRII
CASTHTGELFF	LQSINFVRII
CSAPGPSGEQYF	LQSINFVRII
CASGGLRDRDFRAGVLGWTQYF	LQSINFVRII
CASSWRDRVNTGELFF	LQSINFVRII
CASSYSKGGGPTGANVLTF	LQSINFVRII
CASEASGGEQFF	LQSINFVRII
CASSGMAGGLYNEQFF	LQSINFVRII
CAWSVIRYEQYF	LQSINFVRII
CSTVSHTEAFF	LQSINFVRII
CASSVGAAHNEQFF	LQSINFVRII
CASSPLAGVHTQYF	LQSINFVRII
CASSYWTGGTDTQYF	LQSINFVRII
CSARAEAGVVRIEETQYF	LQSINFVRII
CSADPLGWGLDGYTF	LQSINFVRII
CASSLGVGNTDTQYF	LQSINFVRII
CASSLWGGGGSYNEQFF	LQSINFVRII
CASSLTHSAGTEQFF	LQSINFVRII
CASSDGQGIQPQHF	LQSINFVRII
CASSQPDSNQPQHF	LQSINFVRII
CATSRGSNYGYTF	LQSINFVRII
CATSDLPNTGELFF	LQSINFVRII
CASSSPDRGGGSYEQYF	LQSINFVRII
CASSLGGGTGPFFDTQYF	LQSINFVRII
CASSFGQGGDEQFF	LQSINFVRII
CASTTSGGSYNEQFF	LQSINFVRII
CASGRGPDYNEQFF	LQSINFVRII
CASSLVGQPYYNSPLHF	LQSINFVRII
