CDR3	AA
CASSFSAGGPRLNEQFF	ALRKVPTDNYITTY
CASNPGGGVETQYF	ALRKVPTDNYITTY
CASSLWQGETQYF	ALRKVPTDNYITTY
CASSQEVPPAYEQYF	ALRKVPTDNYITTY
CASSRTTSGGAYNEQFF	ALRKVPTDNYITTY
CASRGGSLLKAFF	ALRKVPTDNYITTY
CASSFTNDYSEQFF	ALRKVPTDNYITTY
CASSGDSVRWQFF	ALRKVPTDNYITTY
CASSYQTDSYEQYF	ALRKVPTDNYITTY
CASSPASGDIYNEQFF	ALRKVPTDNYITTY
CASSLERARTDTQYF	ALRKVPTDNYITTY
CASSNGLGDEQYF	ALRKVPTDNYITTY
CASSLTSQGTQYF	ALRKVPTDNYITTY
CASGRRTDSYEQYF	ALRKVPTDNYITTY
CASSLHGQGEIGYTF	ALRKVPTDNYITTY
CASSFRSDHYEQYF	ALRKVPTDNYITTY
CASSLGQGAFTDTQYF	ALRKVPTDNYITTY
CASSFGTGTYEQYF	ALRKVPTDNYITTY
CSAFGRIDSYEQYF	ALRKVPTDNYITTY
CASSPPTDRGWEQFF	ALRKVPTDNYITTY
CASSQEGGRAYEQYF	ALRKVPTDNYITTY
CASSLTSGGASYEQYF	ALRKVPTDNYITTY
CASSQTLSSDYEQYF	ALRKVPTDNYITTY
CASSLRDTSYEQYF	ALRKVPTDNYITTY
CASSLILAGGPTDTQYF	ALRKVPTDNYITTY
CASSITLGSQSPLHF	ALRKVPTDNYITTY
CASSLGGHWADTQYF	ALRKVPTDNYITTY
CASSTQGYGYTF	ALRKVPTDNYITTY
WRDIRECCSYNEQFF	ALRKVPTDNYITTY
CASSLVRTGFLAGDSPYNEQFF	ALRKVPTDNYITTY
CASSYLDSQETQYF	ALRKVPTDNYITTY
CASSLTGVATSPLHF	ALRKVPTDNYITTY
CASSSTGGAETQYF	ALRKVPTDNYITTY
CASSLFGPEAFF	ALRKVPTDNYITTY
CASSESSGDIYNEQFF	ALRKVPTDNYITTY
CASSSEGRFYGYTF	ALRKVPTDNYITTY
CAIMDSTYEQYF	ALRKVPTDNYITTY
CASIANLRDRGPEQYF	ALRKVPTDNYITTY
CASSLGQGSFTDTQYF	ALRKVPTDNYITTY
CASSRDSNSYEQYF	ALRKVPTDNYITTY
CASSLNSNSYEQYF	ALRKVPTDNYITTY
CASSLILGSGRYNEQFF	ALRKVPTDNYITTY
CASSYERESSYNEQFF	ALRKVPTDNYITTY
CASSLGDRGSDTQYF	ALRKVPTDNYITTY
CASSQYMGFQETQYF	ALRKVPTDNYITTY
CASSLRTDHYEQYF	ALRKVPTDNYITTY
CASSTGAYEQYF	ALRKVPTDNYITTY
CASSLTVAHRGPRNTEAFF	ALRKVPTDNYITTY
CASSYGQGSFTDTQYF	ALRKVPTDNYITTY
CASTPGWAGVSYNEQFF	ALRKVPTDNYITTY
CASSLRTDSYEQYF	ALRKVPTDNYITTY
CASRQFNNEQFF	ALRKVPTDNYITTY
CASSEGLATFSYEQYV	ALRKVPTDNYITTY
CASSQEGGRAYEQYF	ALRKVPTDNYITTY
CASSVGAAQETQYF	ALRKVPTDNYITTY
CASSFRTDSYEQYF	ALRKVPTDNYITTY
CASSILLSGGPSDTQYF	ALRKVPTDNYITTY
CASSLMGGKIYGYTF	ALRKVPTDNYITTY
CASSRRTDSYEQYF	ALRKVPTDNYITTY
CASSQEPGPTYEQYF	ALRKVPTDNYITTY
CASSFRSDAYEQYF	ALRKVPTDNYITTY
CASSLKTDAYEQYF	ALRKVPTDNYITTY
CASSRTSGGFENIQYF	ALRKVPTDNYITTY
CASSRRTDSYEQYF	ALRKVPTDNYITTY
CASSILLAGPYNEQFF	ALRKVPTDNYITTY
CASSQVKGPTGELFF	ALRKVPTDNYITTY
CASSRTSNSYEQYF	ALRKVPTDNYITTY
CASSLGQGAFTDTQYF	ALRKVPTDNYITTY
CASSLLGGGGYNEQFF	ALRKVPTDNYITTY
CASSSTAGGEQYF	ALRKVPTDNYITTY
CASSLIGNQPQHF	ALRKVPTDNYITTY
CASSLTGTGYNEQFF	ALRKVPTDNYITTY
CASSLTDAYNEQFF	ALRKVPTDNYITTY
CASSSEDRVGDTQYF	ALRKVPTDNYITTY
CASSYGGGEQYF	ALRKVPTDNYITTY
CASSQEKSRGYEQYF	ALRKVPTDNYITTY
CASSFKTDTYEQYF	ALRKVPTDNYITTY
CASSLVGNQPQHF	ALRKVPTDNYITTY
CASSISLGPYNEQFF	ALRKVPTDNYITTY
CASGLGDTSYEQYF	ALRKVPTDNYITTY
CASSRRTDSYEQYF	ALRKVPTDNYITTY
CASSILLAGGPGDTQYF	ALRKVPTDNYITTY
CASSKESQGLAYGYTF	ALRKVPTDNYITTY
CASSLTGPEETQYF	ALRKVPTDNYITTY
CASNLVAGGTDTQYF	ALRKVPTDNYITTY
CASGRGGTDTQYF	ALRKVPTDNYITTY
CASSLRSNSYEQYF	ALRKVPTDNYITTY
CASSMILAGGPGDTQYF	ALRKVPTDNYITTY
CSVDSGSSTDTQYF	ALRKVPTDNYITTY
CASSTGAYEQYF	ALRKVPTDNYITTY
CASSQEVGTSGDYEQYF	ALRKVPTDNYITTY
CASSYLDSQETQYF	ALRKVPTDNYITTY
CASSLEDIAQYF	ALRKVPTDNYITTY
CASSFRTDSYEQYF	ALRKVPTDNYITTY
