CDR3	AA
CASSFSGTNTEAFF	LQSINFVRI
CASSTGTGEETQYF	LQSINFVRI
CASSQMAALNTEAFF	LQSINFVRI
CASRLAGEFMNTEAFF	LQSINFVRI
CASSRGTGSEQYF	LQSINFVRI
CATRGGEGTEAFF	LQSINFVRI
CASTMGQTYGYTF	LQSINFVRI
CASSVTSGGSYEQYF	LQSINFVRI
CASSVSGSPVWASGDRNSNQPQHF	LQSINFVRI
CASSLTDGVGQPQHF	LQSINFVRI
CASSSLAGGSLDEQFF	LQSINFVRI
CSALRGSHEQFF	LQSINFVRI
CASSKVPVVLAGDTDTQYF	LQSINFVRI
CASSEISSGPEAFF	LQSINFVRI
CATSDFLTNSYNEQFF	LQSINFVRI
CASSSHPGHQSYGYTF	LQSINFVRI
CASTQDTANYGYTF	LQSINFVRI
CASSDSGLGAEQFF	LQSINFVRI
CASRSSGSQETQYF	LQSINFVRI
CASSYSSRLGTPEKLFF	LQSINFVRI
CATSDLGSNQPQHF	LQSINFVRI
CASFGQNRNTIYF	LQSINFVRI
CASSSPLSDRSSYNEQFF	LQSINFVRI
CASSINWETVPYEQYF	LQSINFVRI
CASSGRESVGFLNEQFF	LQSINFVRI
CSVDPDTEAFF	LQSINFVRI
CASSSQADRVVYGYTF	LQSINFVRI
CASSLWEEGSYEQYF	LQSINFVRI
CATSGGHGIDTQYF	LQSINFVRI
CASSYSGIGSYNEQFF	LQSINFVRI
CASGSGTQYF	LQSINFVRI
CATSRDRRERGETQYF	LQSINFVRI
CATSDLPNTGELFF	LQSINFVRI
CASSLMGGETQYF	LQSINFVRI
CASSLVHTDTQYF	LQSINFVRI
CASSEGTAYNEQFF	LQSINFVRI
CASSSGRNFYEQFF	LQSINFVRI
CASSYLGGMEVAEAFF	LQSINFVRI
CASSQDEEPPYNEQFF	LQSINFVRI
CASSLLASGNHEQFF	LQSINFVRI
CASSQDPGGENEQFF	LQSINFVRI
CSAMDQGLGAFF	LQSINFVRI
CASSQVHGGYEQYF	LQSINFVRI
CASSYATGTGLSGELFF	LQSINFVRI
CASSQTGGGWTGELFF	LQSINFVRI
CASSTTGGFYGYTF	LQSINFVRI
CASSSTGSQGYTF	LQSINFVRI
CASGNQETQYF	LQSINFVRI
CASSSDGEETQYF	LQSINFVRI
CSVEVMSDNSGNTIYF	LQSINFVRI
CATSRDRRELETQYF	LQSINFVRI
CSVAGTDYGYTF	LQSINFVRI
CASSQDMLTNTEAFF	LQSINFVRI
CATSAHNFQEETQYF	LQSINFVRI
CASSIALLVEQFF	LQSINFVRI
CASSLGGTGNTIYF	LQSINFVRI
CASSQLLRGGYNEQFF	LQSINFVRI
CASSPGGDEQYF	LQSINFVRI
CASSELAWTSSTGELFF	LQSINFVRI
CASSPGGDEQFF	LQSINFVRI
CASSPNSYEQYF	LQSINFVRI
CANPGQGGYGYTF	LQSINFVRI
CATSDLREGRDTQYF	LQSINFVRI
CASSLVQGTDSYNEQFF	LQSINFVRI
CASWRSYEQYF	LQSINFVRI
CASSLPGGSSYEQYF	LQSINFVRI
CASSFLATSTDTQYF	LQSINFVRI
CASSDGAEQFF	LQSINFVRI
CASSSSSGGPYSTDTQYF	LQSINFVRI
CASSPGEGPYEQYF	LQSINFVRI
CATSEGLAGVDEQFF	LQSINFVRI
CSVGGTGAYEQYF	LQSINFVRI
CASMAEASNTGELFF	LQSINFVRI
CASSSGQGGAFF	LQSINFVRI
CSARDQGDAGEPQHF	LQSINFVRI
CASFLSSYEQYF	LQSINFVRI
CASSISTASYEQYF	LQSINFVRI
CASSEVGETYEQYF	LQSINFVRI
CASSSTSGSRFYEQYF	LQSINFVRI
CSVCLQGATYEQYF	LQSINFVRI
CASSPGLAGASSTDTQYF	LQSINFVRI
CASSLAGGTEAFF	LQSINFVRI
CASSFGTSGHEQYF	LQSINFVRI
CASSQDSKLTGSYEQYF	LQSINFVRI
CASSLVGEQYF	LQSINFVRI
CASSLDLGLSYEQYF	LQSINFVRI
CASSLAGTEAFF	LQSINFVRI
CASSYSGQETQYF	LQSINFVRI
CASSQDGFLGLGVGTDTQYF	LQSINFVRI
CASSLQGGSTDTQYF	LQSINFVRI
CASSRLDSDNEQFF	LQSINFVRI
CASSQSNTGELFF	LQSINFVRI
CAHLSGRVGDEQFF	LQSINFVRI
CASSPSPTSGNEQFF	LQSINFVRI
CASSHRGLAGGPYNEQFF	LQSINFVRI
CASSIDRGSSYEQYF	LQSINFVRI
CASSPTGTANYGYTF	LQSINFVRI
CASSWTGELFF	LQSINFVRI
CSARDRTLRYEQYF	LQSINFVRI
CAISDGTTGEKLFF	LQSINFVRI
CASSQGLSSYNEQFF	LQSINFVRI
CASSPGLQETQYF	LQSINFVRI
CSVEGQGVDGYTF	LQSINFVRI
CAISEMGGLAVHF	LQSINFVRI
CASSEGGSGYEQYF	LQSINFVRI
CASSLGSAQTQYF	LQSINFVRI
CASSYSGVNQPQHF	LQSINFVRI
CASRQLDREYITTHEQYF	LQSINFVRI
CASPRDRDNYGYTF	LQSINFVRI
CASSQGQGGYGYTF	LQSINFVRI
CASSADPTRDRETYEQYF	LQSINFVRI
CSAERTPEQFF	LQSINFVRI
CSVPTGLGTEAFF	LQSINFVRI
CASSLGDRPTQAQYF	LQSINFVRI
CATSRDRREKETQYF	LQSINFVRI
CACLSGNTIYF	LQSINFVRI
CASILDNEQFF	LQSINFVRI
CASSPERPSNYEQYF	LQSINFVRI
CASSSPAGFTDTQYF	LQSINFVRI
CASGGLRDRDFRAGVLGWTQYF	LQSINFVRI
CASSQMGALNTEAFF	LQSINFVRI
CASSALSSRREVVTDTQYF	LQSINFVRI
CASSFNRDEAFF	LQSINFVRI
CASSLGTNNRDEQFF	LQSINFVRI
CASSKGFGNQPQHF	LQSINFVRI
CASSNPTSQSSYNSPLHF	LQSINFVRI
CASSQDDAAYEQYF	LQSINFVRI
CASSWGGGSGETQYF	LQSINFVRI
CASSQAGTSGSEQYF	LQSINFVRI
CASSQHRDSGNTIYF	LQSINFVRI
CASVAAGELFF	LQSINFVRI
CASSEEEDRGSYEQYF	LQSINFVRI
CASNVVGELFF	LQSINFVRI
CASSLAQGATEAFF	LQSINFVRI
CSARGRDSAYEQYF	LQSINFVRI
CASSYGGQGGNEQFF	LQSINFVRI
CSARDLREIISYEQYF	LQSINFVRI
CASSGLQETQYF	LQSINFVRI
CASSEGRGWIEQYF	LQSINFVRI
CASTHTGELFF	LQSINFVRI
CASSFSANYGYTF	LQSINFVRI
CATSDLGLAGGYFF	LQSINFVRI
CASSLGSAGALETQYF	LQSINFVRI
CASRPTLANEQFF	LQSINFVRI
CASSWGTAQYF	LQSINFVRI
CASSQANYEQYF	LQSINFVRI
CASSSGITGYTF	LQSINFVRI
CASSAGGGWHEQFF	LQSINFVRI
CSVDFSGSTGELFF	LQSINFVRI
CASSQGGALNTEAFF	LQSINFVRI
CASSYSGTGAINEQFF	LQSINFVRI
CASSYSLAGASGVEQFF	LQSINFVRI
CASSLEGSGTEAFF	LQSINFVRI
CASSLGQGRYNEQFF	LQSINFVRI
CASSYGTGTDEQFF	LQSINFVRI
CASSLASDQPQHF	LQSINFVRI
CASSGTLNEQFF	LQSINFVRI
CSVTGEARNTEAFF	LQSINFVRI
CASQGDPRGNTEAFF	LQSINFVRI
CASSQDRGGLAEETQYF	LQSINFVRI
CATSRDRREREKLFF	LQSINFVRI
CARNGPEGNTIYF	LQSINFVRI
CASSAPTSSADTQYF	LQSINFVRI
CASSQDMGAPDTQYF	LQSINFVRI
CASSLLTGPSYEQYF	LQSINFVRI
CASSLSEWGEQFF	LQSINFVRI
CASSHREDYNEQFF	LQSINFVRI
CASSGDRVPYNEQFF	LQSINFVRI
CASSPLVGNTEAFF	LQSINFVRI
CASSPMTGVRDTQYF	LQSINFVRI
CACHRRTGYGYTF	LQSINFVRI
CASSPLGNEQYF	LQSINFVRI
CAISESWTDTQYF	LQSINFVRI
CASGQGASYNEQFF	LQSINFVRI
CASSEPGQAMGNEQFF	LQSINFVRI
CASSPERGYNEQFF	LQSINFVRI
CASSRGDWVNEQFF	LQSINFVRI
CASSLVGGADTQYF	LQSINFVRI
CASSSPGQGDYEQYF	LQSINFVRI
CSAPRGDSYNEQFF	LQSINFVRI
CASSTSSYEQYF	LQSINFVRI
CASSLVGYGEQFF	LQSINFVRI
CASSEGEGRWGTEAFF	LQSINFVRI
CSARTPGTRIYEQYF	LQSINFVRI
CASSLAVGAGYGYTF	LQSINFVRI
CASSFLREEQFF	LQSINFVRI
CASSLEGNEQFF	LQSINFVRI
CASNFREAGELFF	LQSINFVRI
CASSQGLGAGTGELFF	LQSINFVRI
CASSPSSYNEQFF	LQSINFVRI
CASSFSLADVTGELFF	LQSINFVRI
CASSLQGASLEKLFF	LQSINFVRI
CASSTGQGTDTQYF	LQSINFVRI
CASTGVKDNSPLHF	LQSINFVRI
CSVEELGEGTEAFF	LQSINFVRI
CASSPLTRYGSPQPQHF	LQSINFVRI
CASSWTGGSNQPQHF	LQSINFVRI
CASSLDSSSGNTIYF	LQSINFVRI
CASSLGATRTDTQYF	LQSINFVRI
CASSMAGYTEAFF	LQSINFVRI
CASSIGTEQETQYF	LQSINFVRI
CASSPFMKGEANEKLFF	LQSINFVRI
CASSLAGGHQPQHF	LQSINFVRI
CASSSYRGQYEQYF	LQSINFVRI
CASSWPLEVAGVTDTQYF	LQSINFVRI
CASSLSETEAFF	LQSINFVRI
CSARREGEGQFF	LQSINFVRI
CATSDPRTEPLNEHQPQHF	LQSINFVRI
CASSFAVANYEQYF	LQSINFVRI
CASSFLSSGNEQFF	LQSINFVRI
CSGFRENTGELFF	LQSINFVRI
CASRAGETQYF	LQSINFVRI
CSVDSGNEQYF	LQSINFVRI
CASSPILRETGNNEQFF	LQSINFVRI
CASSPLAASYNEQFF	LQSINFVRI
CASSAISPPVNTEAFF	LQSINFVRI
CASSQDGGVGLIEAFF	LQSINFVRI
CASSDTGTVNTGELFF	LQSINFVRI
CASSLGLAGISYEQYF	LQSINFVRI
CASSPHHEQFF	LQSINFVRI
CASFSVSYEQYF	LQSINFVRI
CSVDGGGYTF	LQSINFVRI
CASSQGSGRADQPQHF	LQSINFVRI
CASSPQGALSRGYTF	LQSINFVRI
CASRFSGGAADTQYF	LQSINFVRI
CASSLGAGTAFF	LQSINFVRI
CASSEAGSGNTIYF	LQSINFVRI
CASSPGSSYEQYF	LQSINFVRI
CASSQRWAVTYNEQFF	LQSINFVRI
CASSEEGDRVDDTEAFF	LQSINFVRI
CSVDVLGATGELFF	LQSINFVRI
CASSYSTSGDNEQFF	LQSINFVRI
CASLAGTSAWETQYF	LQSINFVRI
CASSLLRVNNQPQHF	LQSINFVRI
CSVEEKAGRNTEAFF	LQSINFVRI
CASSIAVYNEQFF	LQSINFVRI
CASSLAGGWVGYTF	LQSINFVRI
CATSDLTSETQFF	LQSINFVRI
CASSLEPVGDAVPYEQYF	LQSINFVRI
CASSPTGLAGMETQYF	LQSINFVRI
CASSFEHYSNQPQHF	LQSINFVRI
CASSPPGLSLTYEQYF	LQSINFVRI
CASSLYPAGDNIQYF	LQSINFVRI
CASSLRPQVRGYEAPPQETQYF	LQSINFVRI
CAISDGVITEAFF	LQSINFVRI
CASSSTQIAGTDNEQFF	LQSINFVRI
CASSPDGRNQPQHF	LQSINFVRI
CASSLNTGGLEKLFF	LQSINFVRI
CASSLGGVRSTEAFF	LQSINFVRI
CASSEDMGAGTDTQYF	LQSINFVRI
CASRTQGGWDTQYF	LQSINFVRI
CASSAGGTGPFNYGYTF	LQSINFVRI
CASSPGGSGNTIYF	LQSINFVRI
CASSLGGGSNQPQHF	LQSINFVRI
CSAEGGYEQYF	LQSINFVRI
CASSLTDPYEQYF	LQSINFVRI
CASTGDRLKATTEAFF	LQSINFVRI
CASSEGTNTEAFF	LQSINFVRI
CASRGSDRQSTDTQYF	LQSINFVRI
CASSYSGSSGNTIYF	LQSINFVRI
CASSDGRQESYEQYF	LQSINFVRI
CASSLGVPNEKLFF	LQSINFVRI
CASSGPSSGTTDTQYF	LQSINFVRI
CASSLDLGTGNTIYF	LQSINFVRI
CASSLAGNEQFF	LQSINFVRI
CASSLDLETQYF	LQSINFVRI
CASSLAEGQESSYNSPLHF	LQSINFVRI
CSARPKVWDKGGWGPDTQYF	LQSINFVRI
CASSYPSSYEQYF	LQSINFVRI
CSVDLGGGPDTQYF	LQSINFVRI
CASSTGQWNIQYF	LQSINFVRI
CASSLPDSTEAFF	LQSINFVRI
CASSQEGRTDEQYF	LQSINFVRI
CAWSHGPAYEQYF	LQSINFVRI
CASSYLQGRTEAFF	LQSINFVRI
CASSPAWTGGWETQYF	LQSINFVRI
CASRDGLNTEAFF	LQSINFVRI
CASSITPGSGEQYF	LQSINFVRI
CASIAGGRSGYTF	LQSINFVRI
CASSQFLGHNEQFF	LQSINFVRI
CASSPTGTGELFF	LQSINFVRI
CASSSTGTGYYEQYF	LQSINFVRI
CASSVTTGESSYNSPLHF	LQSINFVRI
CSTGEVGVNTEAFF	LQSINFVRI
CASSGELVNEQFF	LQSINFVRI
CASSLGSETQYF	LQSINFVRI
CASSTGQGIMDTEAFF	LQSINFVRI
CASSPSSFGRDPNTQYF	LQSINFVRI
CASSQDLELTNYGYTF	LQSINFVRI
CASTPSGANEQFF	LQSINFVRI
CASSETRGSYNEQFF	LQSINFVRI
CASRMGYNEQFF	LQSINFVRI
CASSESTSALTDTQYF	LQSINFVRI
CASSQVAAYGYTF	LQSINFVRI
CASTPGQYNEQFF	LQSINFVRI
CASSYSLFGQGNPYEQYF	LQSINFVRI
CASSLEGGGDEQYF	LQSINFVRI
CASAMAGALNTEAFF	LQSINFVRI
CASSYSSGAEAFF	LQSINFVRI
CASSLGDSGNTIYF	LQSINFVRI
CASSSAGWETQYF	LQSINFVRI
CATSRDRRERETQYF	LQSINFVRI
CSAFSVGSYEQYF	LQSINFVRI
CAWAGWTGLYF	LQSINFVRI
CATSEGSGANVLTF	LQSINFVRI
CASSSGQGTDTQYF	LQSINFVRI
CASSQGRGSGNTIYF	LQSINFVRI
CASSPTGGIYEQYF	LQSINFVRI
CASRGTAQETQYF	LQSINFVRI
CATSEGAELNEQFF	LQSINFVRI
CASSLYLGSGNTIYF	LQSINFVRI
CASSLVGSGVPDTQYF	LQSINFVRI
CASSPSGTQYF	LQSINFVRI
CASSSWQTSGDLQETQYF	LQSINFVRI
CASTTFGGTREVGSGNTIYF	LQSINFVRI
CASSEPEDRSTDTQYF	LQSINFVRI
RASRGAGVPDTQYF	LQSINFVRI
CASSVQGATNNEQFF	LQSINFVRI
CASSSGTGSTDTQYF	LQSINFVRI
CASSLEVDRNSYEQYF	LQSINFVRI
CASSDRYSGNTIYF	LQSINFVRI
CASSLGQTRDEQFF	LQSINFVRI
CASSSATGNEQYF	LQSINFVRI
CSVDGRRGYTEAFF	LQSINFVRI
CASSPTSGSGYEQYF	LQSINFVRI
CATGTADTGELFF	LQSINFVRI
CASSSPDGYEQYF	LQSINFVRI
CSVETGGGYTF	LQSINFVRI
CASSVPSGSPTYNEQFF	LQSINFVRI
CASSQGTSGVVLTDTQYF	LQSINFVRI
CASSQQGALNTEAFF	LQSINFVRI
CSVEWGASGSLTDTQYF	LQSINFVRI
CASSQDVGSYEQYF	LQSINFVRI
CASSLEDYNEQFF	LQSINFVRI
CASSQASGAYYEQYF	LQSINFVRI
CASSFEGIQYF	LQSINFVRI
CASLRQTYEQYF	LQSINFVRI
CATSSAGRPIGAFF	LQSINFVRI
CASSEEWMGGANVLTF	LQSINFVRI
CASSPRDRVNEQFF	LQSINFVRI
CASSPTSYNEQFF	LQSINFVRI
CASSSGIAGYTF	LQSINFVRI
CSARVEGTEAFF	LQSINFVRI
CAISESSGGGRGTGELFF	LQSINFVRI
CASSLAGLAADTQYF	LQSINFVRI
CATGTGELFF	LQSINFVRI
CASNHYYTDTQYF	LQSINFVRI
CSVSGLAGDNTGELFF	LQSINFVRI
CASSGMAGGLYNEQFF	LQSINFVRI
CASSPTANTEAFF	LQSINFVRI
CASSQWGQGYSGRAGFNEQFF	LQSINFVRI
CASKRGQSYNQPQHF	LQSINFVRI
CASSLLDRYNEQFF	LQSINFVRI
CASRSIQSGNEQFF	LQSINFVRI
CASSSTIQGSYEQYF	LQSINFVRI
CASSPLTGGGYGYTF	LQSINFVRI
CASSLGLAGVNEQFF	LQSINFVRI
CASSVSTDESSYNSPLHF	LQSINFVRI
CASSEPGQEMNTEAFF	LQSINFVRI
CASRGWGAPDTEAFF	LQSINFVRI
CASSPANYEQYF	LQSINFVRI
CSGRDTEAFF	LQSINFVRI
CASSRQGGDPTDTQYF	LQSINFVRI
CASSLGSEAFF	LQSINFVRI
CASSLVQDTYEQYF	LQSINFVRI
CAIASGTSGDTQYF	LQSINFVRI
CSAEGSGNTIYF	LQSINFVRI
CASSLDRTGTTEAFF	LQSINFVRI
CASSLGTGDTETQYF	LQSINFVRI
CASYPDDTGELFF	LQSINFVRI
CASSQDLGITLEEAFF	LQSINFVRI
CASSDDRVRLFF	LQSINFVRI
CASRQGGADTQYF	LQSINFVRI
CASSSIEGDNEQFF	LQSINFVRI
CASSSPGVAGKPNEQFF	LQSINFVRI
CASSNIILVGGSDNEQFF	LQSINFVRI
CASSGQVTHRGSEAFF	LQSINFVRI
CASSFSENTGELFF	LQSINFVRI
CASSLYPLDQPQHF	LQSINFVRI
CASSPKWGETLNEQFF	LQSINFVRI
CANDGDETGQRTEAFF	LQSINFVRI
CASSYTTGSRETQYF	LQSINFVRI
CSAPGQGPYEQYF	LQSINFVRI
CASSLDLHYTQYF	LQSINFVRI
CASSISVFSEKLFF	LQSINFVRI
CATSVQGSDYEQYF	LQSINFVRI
CASSLSGSHLTF	LQSINFVRI
CASSSPLAGEYNEQFF	LQSINFVRI
CASSGGQGFDTQYF	LQSINFVRI
CASSQDDRGTYEQYF	LQSINFVRI
CASSLLGGLMNTEAFF	LQSINFVRI
CASSAPGQGWNEQFF	LQSINFVRI
CASREGGTDTQYF	LQSINFVRI
CASSPTGGSGNTIYF	LQSINFVRI
CASSEASDTGGIGELFF	LQSINFVRI
CATSRDRRERETQYF	LQSINFVRI
CASSRNPGGGAGELFF	LQSINFVRI
CASSPGQGRSQYF	LQSINFVRI
CASSRQGSYSPLHF	LQSINFVRI
CASSQHGTGLNTEAFF	LQSINFVRI
CASSIAAGADTQYF	LQSINFVRI
CASSILGAPYEQYF	LQSINFVRI
CASSQATALNTEAFF	LQSINFVRI
CSVDILGTNTGELFF	LQSINFVRI
CASSTAGTNEKLFF	LQSINFVRI
CASSQEADSGGSGELFF	LQSINFVRI
CASSAQYHPFYEQYF	LQSINFVRI
CSVDFRGSGTEAFF	LQSINFVRI
CASSTPWTSGQETQYF	LQSINFVRI
CASSLVPSGPYEQYF	LQSINFVRI
CASSPTGHQPQHF	LQSINFVRI
CASSQGSALGGELFF	LQSINFVRI
CATGETSYEQYF	LQSINFVRI
CASSLAPRGAFNNEQFF	LQSINFVRI
CASSYSDTADTQYF	LQSINFVRI
CASSLDGQPYTF	LQSINFVRI
CASSPREVTDTQYF	LQSINFVRI
CASSSPKTGGGGWETQYF	LQSINFVRI
CASGTTYEQYF	LQSINFVRI
CASSPGGNEQFF	LQSINFVRI
CASSEEDFRGYYEQYF	LQSINFVRI
CASGATSYEQYF	LQSINFVRI
CASSFENTGELFF	LQSINFVRI
CASSLFGALNTEAFF	LQSINFVRI
CASSPRQGPWEETQYF	LQSINFVRI
CASSPQSTGFYEQYF	LQSINFVRI
CASSLLPRGWNEQFF	LQSINFVRI
CASRPQGAGAPHGEQFF	LQSINFVRI
CASSLQDSYNEQFF	LQSINFVRI
CASSFDGLGAFF	LQSINFVRI
CASSLPMNTEAFF	LQSINFVRI
CASGTSGRRDTGELFF	LQSINFVRI
CSTDLGNEQFF	LQSINFVRI
CSVVGEGRSNYGYTF	LQSINFVRI
CASSSTSGSTDTQYF	LQSINFVRI
CASSLTENTEAFF	LQSINFVRI
CASSRPSSGEEQFF	LQSINFVRI
CASARTGRNEQYF	LQSINFVRI
CASSSQASGYYGYTF	LQSINFVRI
CASSFWGANTGELFF	LQSINFVRI
CASSPGWYEQYF	LQSINFVRI
CASSPADSQETQYF	LQSINFVRI
CATIPWGGQGIYTEAFF	LQSINFVRI
CSARDVLGEDEQFF	LQSINFVRI
CASSEPRTSGGWNTGELFF	LQSINFVRI
CASSGGSTDTQYF	LQSINFVRI
CASATGYNEQFF	LQSINFVRI
CASSYGNSYEQYF	LQSINFVRI
CASGLGPPLAASTDTQYF	LQSINFVRI
CASSFGDEQFF	LQSINFVRI
CASSLTHSAGTEQFF	LQSINFVRI
CAIKERVGSYNEQFF	LQSINFVRI
CASSLTGALYEQYF	LQSINFVRI
CASSIEEGGRNEQFF	LQSINFVRI
CASSPRVLGNQPQHF	LQSINFVRI
CASSDRGAYNEQFF	LQSINFVRI
CASRPGQGWSPLHF	LQSINFVRI
CASSRQGDYYGYTF	LQSINFVRI
CASSFPNGNEQYF	LQSINFVRI
CASSLAGAGNTIYF	LQSINFVRI
CASSPGGNEQFF	LQSINFVRI
CASSPQGEGAPFSPLHF	LQSINFVRI
CAREAGTKNIQYF	LQSINFVRI
CAIEKTESHRAQYF	LQSINFVRI
CASSPGSFGYTF	LQSINFVRI
CSAGTENTGELFF	LQSINFVRI
CASQTNEPGDTQYF	LQSINFVRI
CASTGQNTEAFF	LQSINFVRI
CASSHGGGGYEQYF	LQSINFVRI
CASIPTLGHNYGYTF	LQSINFVRI
CASSYSTGGFNTEAFF	LQSINFVRI
CASSQGGANEQYF	LQSINFVRI
CASSPPRAGPHEQYF	LQSINFVRI
CASSFPLEKQSYEQYF	LQSINFVRI
CASSLDLWTWNTEAFF	LQSINFVRI
CASSPSPGGAGSNQPQHF	LQSINFVRI
CASSQDLSDGQPQHF	LQSINFVRI
CATDVIGATNYGYTF	LQSINFVRI
CASSPQGELNSVF	LQSINFVRI
CASSELTGLAGDETQYF	LQSINFVRI
CASSSAGRKQPQHF	LQSINFVRI
CASSSPPGNLYEQYF	LQSINFVRI
CSAREQGEKLFF	LQSINFVRI
CATSDLLGSSYNEQFF	LQSINFVRI
CASREDSTDTQYF	LQSINFVRI
CASRPGIHTIYF	LQSINFVRI
CASFSASYEQYF	LQSINFVRI
CASSEATGTTGELFF	LQSINFVRI
CASSLGPREMNTEAFF	LQSINFVRI
CASSISMNTEAFF	LQSINFVRI
CASRGGNTEAFF	LQSINFVRI
CASSQETGGPYNEQFF	LQSINFVRI
CASSGQGALNTEAFF	LQSINFVRI
CATSRDRRELETQYF	LQSINFVRI
CASSEAGTYEQYF	LQSINFVRI
CASSLPITGLDSNEQFF	LQSINFVRI
CASSSRDSIEAFF	LQSINFVRI
CASSLSGGGTGELFF	LQSINFVRI
CASSIGLATEQYF	LQSINFVRI
CASSFRGQGHPEAFF	LQSINFVRI
CASTPRIQPQHF	LQSINFVRI
CSVQETGELFF	LQSINFVRI
CASSEPSGRADTGELFF	LQSINFVRI
CSAHSEDTQYF	LQSINFVRI
CAWWVGPYEQYF	LQSINFVRI
CASSQDDYPAPGTQYF	LQSINFVRI
CASTGTGGTGELFF	LQSINFVRI
CASSLGRSSGNTIYF	LQSINFVRI
CASSLVVLGGGTGELFF	LQSINFVRI
CATSDLTESSGNTIYF	LQSINFVRI
CSVEEGGGQAERGPYEQYF	LQSINFVRI
CASSEAEDKTTNEKLFF	LQSINFVRI
CASRLAGGDNEQFF	LQSINFVRI
CASSFATLNEQFF	LQSINFVRI
CASSSWTGGSNSNQPQHF	LQSINFVRI
CASSYSTGMQPQHF	LQSINFVRI
CASSPTAGYRTDTQYF	LQSINFVRI
CASSSGSVDTQYF	LQSINFVRI
CASSQIAGGPYEQYF	LQSINFVRI
CASSPHDLREVQKDLYLTYEQYF	LQSINFVRI
CAISGGGGGAGSYNEQFF	LQSINFVRI
CASSWEGAGTEAFF	LQSINFVRI
CSALVITEAFF	LQSINFVRI
CACRTGNYNEQFF	LQSINFVRI
CASGTSGGAQETQYF	LQSINFVRI
CASSPQPGTGGFYEQYF	LQSINFVRI
CASSQEGALGTEAFF	LQSINFVRI
CASSATPNTGELFF	LQSINFVRI
CASSPLAGSSYNEQFF	LQSINFVRI
CASSLDAGSDSGSEDPYEQYF	LQSINFVRI
CASSTETGGFYEQYF	LQSINFVRI
CASSVGGWGTEAFF	LQSINFVRI
CSSISNNEQFF	LQSINFVRI
CASSLSRYEQYF	LQSINFVRI
CARESGTYNEQFF	LQSINFVRI
CASRSQGNEQYF	LQSINFVRI
CASGGQGTHWADEQYF	LQSINFVRI
CASSNPGHRAYNEQFF	LQSINFVRI
CASSTGGSYGYTF	LQSINFVRI
CASSETANTGELFF	LQSINFVRI
TVQETQYF	LQSINFVRI
CATSRAQGLALYEQYF	LQSINFVRI
CASSLVTATGELFF	LQSINFVRI
CASLLAGGTDTGELFF	LQSINFVRI
CASSPYPRIEETQYF	LQSINFVRI
CASSGEAGSTNEKLFF	LQSINFVRI
CASSLPPENRNSYGYTF	LQSINFVRI
CASSLLGGETQYF	LQSINFVRI
CASAGLPNEQFF	LQSINFVRI
CSAPGQDWGGSGNTIYF	LQSINFVRI
CASSQDFRGVSSYNEQFF	LQSINFVRI
CASSLGGATEAFF	LQSINFVRI
CASSQDLVSGNTIYF	LQSINFVRI
CASSQESSGSYEQYF	LQSINFVRI
CSASGLGERWLDTQYF	LQSINFVRI
CAISPETQETQYF	LQSINFVRI
CASSSSVDGYMNEQFF	LQSINFVRI
CASSLWRGGPNTEAFF	LQSINFVRI
CASRRETQYF	LQSINFVRI
CSAEGFGEQFF	LQSINFVRI
CASSLVGQPYYNSPLHF	LQSINFVRI
CSAGPSGPYNEQFF	LQSINFVRI
CASRLHGGLQMKQYF	LQSINFVRI
CASSRGSPYNEQFF	LQSINFVRI
CASSVQSGTGGSQPQHF	LQSINFVRI
CASGYGGGANVLTF	LQSINFVRI
CSTVSHTEAFF	LQSINFVRI
CASSWDRAGYTF	LQSINFVRI
CASSLETSVYNEQFF	LQSINFVRI
CASSQVTGSGQPQHF	LQSINFVRI
CASMGRGQETQYF	LQSINFVRI
CASSLAANGNQPQHF	LQSINFVRI
CARRQGTSQETQYF	LQSINFVRI
CASSLGPPGVELFF	LQSINFVRI
CSGGGTRNEQFF	LQSINFVRI
CASSLLDTTYEQYF	LQSINFVRI
CASSLAGDTQYF	LQSINFVRI
CASSLDPSRPTYEQYF	LQSINFVRI
CASSPSGETEYNEQFF	LQSINFVRI
CASSYSGTTPSNTGELFF	LQSINFVRI
CASSIALLTEAFF	LQSINFVRI
CASRSIGQGANYGYTF	LQSINFVRI
CASSQDLALPNEKLFF	LQSINFVRI
CASRAQSSYEQYF	LQSINFVRI
CASSLGDEQYF	LQSINFVRI
CASSFPLGEQYF	LQSINFVRI
CASSPGWGATFEQFF	LQSINFVRI
CASSETIRAGGWEPQHF	LQSINFVRI
CASSVWEGSYEQYF	LQSINFVRI
CASSLAVAEQYF	LQSINFVRI
CSVDPSGSTGELFF	LQSINFVRI
CARDTSGSYEQYF	LQSINFVRI
CSARAPPGDSSYEQYF	LQSINFVRI
CASSLDTHEQYF	LQSINFVRI
CASSYSDSGANVLTF	LQSINFVRI
CASSPAPGGLDEQYF	LQSINFVRI
CASSSYTGGDQPQHF	LQSINFVRI
CASSLSPDRDLHEQYF	LQSINFVRI
CASSPSGSGGYFLEQYF	LQSINFVRI
CASSYGRETQYF	LQSINFVRI
CASSWYRGETDTQYF	LQSINFVRI
CASNLGRGWQPQHF	LQSINFVRI
CSVGGGAYGYTF	LQSINFVRI
CASSDSGSSDTQYF	LQSINFVRI
CASSRGLNTEAFF	LQSINFVRI
CASTEDLSGYEQYF	LQSINFVRI
CATSDFEQREGPDTQYF	LQSINFVRI
CASFAASYEQYF	LQSINFVRI
CASSHPVVGTSGYDYNEQFF	LQSINFVRI
CNTDTQYF	LQSINFVRI
CSASPRIGGLYEQYF	LQSINFVRI
CASSQDRVSGGLSYEQYF	LQSINFVRI
CSVVEGGNEQFF	LQSINFVRI
CASSPPLEFGGTTDTQYF	LQSINFVRI
CASSLFVGEEETQYF	LQSINFVRI
CASTIGQGNTEAFF	LQSINFVRI
CASRTGTAFSPRGEETQYF	LQSINFVRI
CSAREEGDTQYF	LQSINFVRI
CASSDSYAGNTIYF	LQSINFVRI
CASRPLEGIGELFF	LQSINFVRI
CASSLDSSGNTYEQYF	LQSINFVRI
CASSPGQTYEQYF	LQSINFVRI
CASSLDISGGSYEQYF	LQSINFVRI
CASSLLGGLGTDTQYF	LQSINFVRI
CASSVAGELFF	LQSINFVRI
CATETGQTYEQYF	LQSINFVRI
CASRAGTSGGRQETQYF	LQSINFVRI
CSVDFEGSGTEAFF	LQSINFVRI
CASSLLGGETQYF	LQSINFVRI
CSASVNPSYEQYF	LQSINFVRI
CASSIVGSYNEQFF	LQSINFVRI
CASSLGPSGTEAFF	LQSINFVRI
CASKGGAGGLNEQFF	LQSINFVRI
CASSPKGDEQYF	LQSINFVRI
CASSPGTGGVEKLFF	LQSINFVRI
CASSQGGAGFNEQFF	LQSINFVRI
CAWSVIRYEQYF	LQSINFVRI
CASSPWSTSQHF	LQSINFVRI
CASSDTTGAGNTIYF	LQSINFVRI
CASRAHTGTQYNEQFF	LQSINFVRI
CASSQQGALGTEAFF	LQSINFVRI
CASSWDRGYGYTF	LQSINFVRI
CSVGSDQGATDTQYF	LQSINFVRI
CASSLSGRGGNTIYF	LQSINFVRI
CASSLGQGLGQPQHF	LQSINFVRI
CASSQANYEQYF	LQSINFVRI
CSVQSGYTF	LQSINFVRI
CASSYLDSLYEQYV	LQSINFVRI
CSVKGLEQYF	LQSINFVRI
CASSVGGLAELQETQYF	LQSINFVRI
CATSDLQGYQETQYF	LQSINFVRI
CASSRLDSDNEQFF	LQSINFVRI
CASSPGQGAGDEQFF	LQSINFVRI
CASSLLGVGQETQYF	LQSINFVRI
CASSFPLEVAGVTDTQYF	LQSINFVRI
CASSQTGGSGNTIYF	LQSINFVRI
CATSDFVANTQYF	LQSINFVRI
CASSISRAGEQFF	LQSINFVRI
CASSGAGGYGYTF	LQSINFVRI
CASSGYPSNYGYTF	LQSINFVRI
CASTELAGGDNEQFF	LQSINFVRI
CASSQIGALPLYGYTF	LQSINFVRI
CASSQGHRDFNGYTF	LQSINFVRI
CASSEWVGNTIYF	LQSINFVRI
CASSYLAGVSNEQFF	LQSINFVRI
CATSRQDSYEQYF	LQSINFVRI
CASSPTGASNQPQHF	LQSINFVRI
CSVVYGGRSTEAFF	LQSINFVRI
CASSMAVNTEAFF	LQSINFVRI
CASSLRLNTGELFF	LQSINFVRI
CASSPTYEQYF	LQSINFVRI
CASSLGVGELFF	LQSINFVRI
CASSLVQGANQPQHF	LQSINFVRI
CAWKTSGGVETQYF	LQSINFVRI
CASSRDWSSGNTIYF	LQSINFVRI
CASKGTGGSNQPQHF	LQSINFVRI
CATSRVLGTDTQYF	LQSINFVRI
CATSRDRGSNQPQHF	LQSINFVRI
CASSFEGQGYEQYF	LQSINFVRI
CASSKTGGSYEQYF	LQSINFVRI
CASNGQFGPATNEKLFF	LQSINFVRI
CASSMGGAFTDTQYF	LQSINFVRI
CACRDRGRYSNQPQHF	LQSINFVRI
CASNDRGLEQYF	LQSINFVRI
CASSPLLGTDSNQPQHF	LQSINFVRI
CASSQAGALNTEAFF	LQSINFVRI
CASSKGEDYGYTF	LQSINFVRI
CASGDMWGLAGGTSYEQYF	LQSINFVRI
CASRTGVPSNQPQHF	LQSINFVRI
CASTLGGYSNQPQHF	LQSINFVRI
CASSHERGSLGQETQYF	LQSINFVRI
CASTTDWNSGNTIYF	LQSINFVRI
CASSGRQGPSRDEQYF	LQSINFVRI
CASSLGGYNEQFF	LQSINFVRI
CSVPSGYGYTF	LQSINFVRI
CASSLVDTGELFF	LQSINFVRI
CATIDRNQYNEQFF	LQSINFVRI
CSARDHGGDLTDTQYF	LQSINFVRI
CASSSGPNEQFF	LQSINFVRI
CASSPGLAGSSYNEQFF	LQSINFVRI
CATSDYREAFF	LQSINFVRI
CASSQDSAVSYNEQFF	LQSINFVRI
CASNDTPSTDTQYF	LQSINFVRI
CASSSGIIHTEAFF	LQSINFVRI
CASSPREVTDTQYF	LQSINFVRI
CSVRGGETDMNTEAFF	LQSINFVRI
CSVNGRDRVAGDSYEQYF	LQSINFVRI
CASSRQPPMNYEQYF	LQSINFVRI
CASSQNPGDAGELFF	LQSINFVRI
CASTGGPVASTDTQYF	LQSINFVRI
CASSPTGTGSLFF	LQSINFVRI
CASSFIFGSNQPQHF	LQSINFVRI
CASSDSSGSLHEQFF	LQSINFVRI
CASSSSRTSRSTDTQYF	LQSINFVRI
CASSFAGGSNNEQFF	LQSINFVRI
CSVDFGGQGNTGELFF	LQSINFVRI
CASSIGRSEAFF	LQSINFVRI
CASSIGVVRQLQETQYF	LQSINFVRI
CASSQVGAYGYTF	LQSINFVRI
CASSLMGGETQYF	LQSINFVRI
CASSVGATPYGYTF	LQSINFVRI
CASSHTTQGYRNEQFF	LQSINFVRI
CASSEALGTSGRDYEQFF	LQSINFVRI
CASSPGQGAKNEQFF	LQSINFVRI
CSAPRGGATDEQYF	LQSINFVRI
CASSLGETYTEAFF	LQSINFVRI
CASEALMNTEAFF	LQSINFVRI
CASSLQGALTTEAFF	LQSINFVRI
CASSIFYSEGTNTGELFF	LQSINFVRI
CASNGGRVNQYTQYF	LQSINFVRI
CASSQEWGDYQPQHF	LQSINFVRI
CASTGGYQVVDTQYF	LQSINFVRI
CASSPPDSNQPQHF	LQSINFVRI
CASSPGTWGNQPQHF	LQSINFVRI
CASSSSGRRGDEQFF	LQSINFVRI
CASSQEVMGTYEQYF	LQSINFVRI
CASSLTGWMNTEAFF	LQSINFVRI
CASSQQGALSTEAFF	LQSINFVRI
CASSLVRATQETQYF	LQSINFVRI
CASSILTGQNTGELFF	LQSINFVRI
CASSLVTPEDTQYF	LQSINFVRI
CATSLGQTYNEQFF	LQSINFVRI
CSARSENTGELFF	LQSINFVRI
CSAAAGGSYNEQFF	LQSINFVRI
CASSRAGALGGELFF	LQSINFVRI
CASSTPTGVALGEQFF	LQSINFVRI
CASSLGLAGVNEQFF	LQSINFVRI
CASFSASYEQYF	LQSINFVRI
CATSDLPNAGELFF	LQSINFVRI
CASSQVERYNEQFF	LQSINFVRI
CASTGIFSGSDDTQYF	LQSINFVRI
CASSIAHTENEQFF	LQSINFVRI
CASSIPLEGSSWNSPLHF	LQSINFVRI
CASSHHSGLATEAFF	LQSINFVRI
CASSLAGGAYGYTF	LQSINFVRI
CASSLVVPVNNEQFF	LQSINFVRI
CAISELVTSGTDTQYF	LQSINFVRI
CASIGVGPLTDTQYF	LQSINFVRI
CAWIYEQYF	LQSINFVRI
CASSQSPMSGGFYEQYF	LQSINFVRI
CASSQGTSGASSTDTQYF	LQSINFVRI
CASSEDGTSTDTQYF	LQSINFVRI
CASSLGDSLNTEAFF	LQSINFVRI
CASSLSGGAPGTDTQYF	LQSINFVRI
CASSPQGWNQPQHF	LQSINFVRI
CASSIRDGVDEQYF	LQSINFVRI
CASSIDWNSNQPQHF	LQSINFVRI
CASSDGAGVEQYF	LQSINFVRI
CASSEALGETGVGEQFF	LQSINFVRI
CASSQRPYTGELFF	LQSINFVRI
CATFSSSYEQYF	LQSINFVRI
CASSTSSGSGETQYF	LQSINFVRI
CASSLGINTEAFF	LQSINFVRI
CASSLLGQVPGEQYF	LQSINFVRI
CATSDLPNTGELFF	LQSINFVRI
CASRFDSNQPQHF	LQSINFVRI
CSARDLQEDLSYEQYF	LQSINFVRI
CASSPGLAGALYNEQFF	LQSINFVRI
CASSLSIPVNTEAFF	LQSINFVRI
CASSPASTSGAALETQYF	LQSINFVRI
CSALEGTYNEQFF	LQSINFVRI
CASSRPGQDPYEQYF	LQSINFVRI
CASSLGLGETQYF	LQSINFVRI
CASSLEGQRVIEETQYF	LQSINFVRI
CASSSPGQSYEQYF	LQSINFVRI
CARLSERGVVNEQFF	LQSINFVRI
CASSEDQGVPGGNEQFF	LQSINFVRI
CASSSLRLAGSSYQETQYF	LQSINFVRI
CSVDTGELFF	LQSINFVRI
CASGPDNEQFF	LQSINFVRI
CASSQDDRGGYEQYV	LQSINFVRI
CASGRDSGEQYF	LQSINFVRI
CASSHSKEDLLGRLFF	LQSINFVRI
CSASPTGGPNSYTQYF	LQSINFVRI
CASSLSGGSGVEQYF	LQSINFVRI
CASSQERQSNYGYTF	LQSINFVRI
CASSERQGVQTQYF	LQSINFVRI
CASSRGQTNEKLFF	LQSINFVRI
CASSLRDEQYF	LQSINFVRI
CATSRGSNYGYTF	LQSINFVRI
CASSSLGLSGRAGYEQFF	LQSINFVRI
CASSLYSGGGGELFF	LQSINFVRI
CASSLGPGMMFGYTF	LQSINFVRI
CASSYGDSYEQFF	LQSINFVRI
CASSRDVSSYEQYF	LQSINFVRI
CASSATAFVAGRNEQFF	LQSINFVRI
CAIPGQGVTGELFF	LQSINFVRI
CASSLASGTGANVLTF	LQSINFVRI
CASSLGTGTTYTDTQYF	LQSINFVRI
CASSPHNYEQYF	LQSINFVRI
CSVEDPAVWNTEAFF	LQSINFVRI
CASSISQITEAFF	LQSINFVRI
CARTGQGLESPLHF	LQSINFVRI
CATTGGSGAFF	LQSINFVRI
CASSEAESAQETQYF	LQSINFVRI
CASSRMIDDEYF	LQSINFVRI
CASSPQILWGPRGPLVSSSYNEQFF	LQSINFVRI
CSVPSGIEQFF	LQSINFVRI
CASSFGATSVDEQFF	LQSINFVRI
CASRSHVGPPNTGELFF	LQSINFVRI
CATSRDRREQETQYF	LQSINFVRI
CATSDCKRPYNSPLHF	LQSINFVRI
CASTGGQYNEQFF	LQSINFVRI
CATSRDVVAGDHYEQYF	LQSINFVRI
CASSLVNSDTQYF	LQSINFVRI
CASTQLAGGLNEQFF	LQSINFVRI
CASSPDTVTYGYTF	LQSINFVRI
CASSSGPGGTLDYGYTF	LQSINFVRI
CASSSPKRPTGLYEQYF	LQSINFVRI
CASSLSGRRNEQFF	LQSINFVRI
CASSQTTGQSSYNSPLHF	LQSINFVRI
CASSEGSYEQYF	LQSINFVRI
CASSLLFPHQPQHF	LQSINFVRI
CASSQPRDTTNEKLFF	LQSINFVRI
CASSPSTVVGYTF	LQSINFVRI
CSATGTGGNQPQHF	LQSINFVRI
CASSQDPPVGEAEKLFF	LQSINFVRI
CATQGVGQETQYF	LQSINFVRI
CASSLPTSGGSQETQYF	LQSINFVRI
CASSVLGGETQYF	LQSINFVRI
CASSQSGREAFF	LQSINFVRI
CSARDAAVTGEKLFF	LQSINFVRI
CASSLSGTTEAFF	LQSINFVRI
CASSPATRSEDTQYF	LQSINFVRI
CASSFLTGGGTDTQYF	LQSINFVRI
CSVEWQGAGTEAFF	LQSINFVRI
CASSPNPGDSEQFF	LQSINFVRI
CASSAGGNEQFF	LQSINFVRI
CASSTGQGRETQYF	LQSINFVRI
CASINTGVYYNEQFF	LQSINFVRI
CAWSEFAPAEQFF	LQSINFVRI
CASSFLDPEQFF	LQSINFVRI
CATPGLAGPVGTGELFF	LQSINFVRI
CASSYSTSGVYEQYF	LQSINFVRI
CASSFGASGNYEQYF	LQSINFVRI
CASSQSRGSYNEQFF	LQSINFVRI
CASSYVGTGGINQPQHF	LQSINFVRI
CATSPGASNTGELFF	LQSINFVRI
CASSKATGEGGNYEQYF	LQSINFVRI
CASSTPGVYGYTF	LQSINFVRI
CAILGLAGGYEQYF	LQSINFVRI
TVQETQYF	LQSINFVRI
CACPGTGTYEQYF	LQSINFVRI
CASRDFHRINQPQHF	LQSINFVRI
CASSYQDRGTDTQYF	LQSINFVRI
CASSESEESMNTEAFF	LQSINFVRI
CASILGDRAYEQYF	LQSINFVRI
CSAPVGGATGELFF	LQSINFVRI
CASSFPPESMNTEAFF	LQSINFVRI
CSADQGAGNIQYF	LQSINFVRI
CASSPPDRAHYNEQFF	LQSINFVRI
CASSLTQTESSYNSPLHF	LQSINFVRI
CASSLSGTPGGQPQHF	LQSINFVRI
CASSTEGATTYEQYF	LQSINFVRI
CASSYSTMNTEAFF	LQSINFVRI
CSARGVVSGGTGELFF	LQSINFVRI
CASSEGQGGHEQYF	LQSINFVRI
CASSPTWGNQPQHF	LQSINFVRI
CATSEPQGLEAFF	LQSINFVRI
CATSDFGAGTPDTGELFF	LQSINFVRI
CASSAVEGQLSEAFF	LQSINFVRI
CASSFNQGAPLGTGELFF	LQSINFVRI
CAILDRVVNTEAFF	LQSINFVRI
CASSGQGAVSTEAFF	LQSINFVRI
CASSLQPTANYGYTF	LQSINFVRI
CASSFYGAGYNEQFF	LQSINFVRI
CASSRTFSYEQYF	LQSINFVRI
CSVDPGNYGYTF	LQSINFVRI
CSVEGTSGRMEQYF	LQSINFVRI
CASYGSSYEQYF	LQSINFVRI
CASSSGATNEKLFF	LQSINFVRI
CSVEVAGVQAFF	LQSINFVRI
CASSLGPRPGDTQYF	LQSINFVRI
CASSLNLMGPHSRPYTYSYNSPLHF	LQSINFVRI
CASSLSLPNSNQPQHF	LQSINFVRI
CASSSAISGTGETQYF	LQSINFVRI
CASDSRVGYGYTF	LQSINFVRI
CATSRGLAGVVYEQYF	LQSINFVRI
CASSSQTSGGAYEQFF	LQSINFVRI
CAWSALRGSSYNEQFF	LQSINFVRI
CSVFKGNTIYF	LQSINFVRI
CASSVDGNTDTQYF	LQSINFVRI
CASSSLAGGTDTQYF	LQSINFVRI
CASSEKSARYDRYEQYF	LQSINFVRI
CASSSQNTEAFF	LQSINFVRI
CATSGTAHNEQFF	LQSINFVRI
CASSYTGTGSYNEQFF	LQSINFVRI
CASSDSGASGETQYF	LQSINFVRI
CASSVGAAVSYEQYF	LQSINFVRI
CSATTPGQLFYEQYF	LQSINFVRI
CASSEYRAETQYF	LQSINFVRI
CASSLGGWETEAFF	LQSINFVRI
CASSSGTEYQETQYF	LQSINFVRI
CSVDLGTGGGTRYTF	LQSINFVRI
CASSGHRDTYSTGELFF	LQSINFVRI
CASEGTDNQPQHF	LQSINFVRI
CASSLAGTEAFF	LQSINFVRI
CASSLSNYEQYF	LQSINFVRI
CASSPGQGLGDEQFF	LQSINFVRI
CASSQDNTDYEQYF	LQSINFVRI
CASYSSSYEQYF	LQSINFVRI
CASSFTSAFSYNEQFF	LQSINFVRI
CSASQVTGGLAFF	LQSINFVRI
CASSSTGQGPHEQYF	LQSINFVRI
CASSQESSGYEQYF	LQSINFVRI
CASSLRWAEDLFNYGYTF	LQSINFVRI
CASSLARGVAESLYYNEQFF	LQSINFVRI
CASSPSGTQYF	LQSINFVRI
CSATIGGPADTQYF	LQSINFVRI
CSAIGPRGGRRGNEQFF	LQSINFVRI
CASGLAGGGEQYF	LQSINFVRI
CASSPQRGAPSYEQYF	LQSINFVRI
CASSDLTGGKNTEAFF	LQSINFVRI
CASSSGGQGARETQYF	LQSINFVRI
CASSPGTYNEQFF	LQSINFVRI
CSPLEGTSNEQFF	LQSINFVRI
CASSQEVAGAYEQYF	LQSINFVRI
CSAEDLAGAGELFF	LQSINFVRI
CASSPGTGTGRDPYEQYF	LQSINFVRI
CASSASGKQFF	LQSINFVRI
CSVEDGGRVTEAFF	LQSINFVRI
CASSIQGQEYQPQHF	LQSINFVRI
CASSLDKPANFYGYTF	LQSINFVRI
CASSIGPYEQYF	LQSINFVRI
CASSLREEQGISGNTIYF	LQSINFVRI
CASSLRGLPTDTQYF	LQSINFVRI
CSALSGNDNEQFF	LQSINFVRI
CASSYGAEQYF	LQSINFVRI
CASSQEASGSYEQYF	LQSINFVRI
CASSQPQGEYNEQFF	LQSINFVRI
CSVEKGDRGNTIYF	LQSINFVRI
CASTRLAGPNEQFF	LQSINFVRI
CASSSDGVGNEQFF	LQSINFVRI
CASSYSKLNPYEQYF	LQSINFVRI
CASSVGVATNEKLFF	LQSINFVRI
CASSSISGTDSYNEQFF	LQSINFVRI
CASSEGVPGLEYF	LQSINFVRI
CASSLEMGGNEQFF	LQSINFVRI
CASSPSGQGRNSPLHF	LQSINFVRI
CSVEGRRNTGELFF	LQSINFVRI
CASSPGLNTEAFF	LQSINFVRI
CASSFYWGTEAFF	LQSINFVRI
CASSTRGHNEQFF	LQSINFVRI
CSVDGQGPYEQYF	LQSINFVRI
CASSLGLAGDTQYF	LQSINFVRI
CASSQPSSGNEQFF	LQSINFVRI
CASSLANAGDEQFF	LQSINFVRI
CASSLAGTDGNTIYF	LQSINFVRI
CASSDPGTYEQYF	LQSINFVRI
CASSLTGPGGTEAFF	LQSINFVRI
CASTTGMNTEAFF	LQSINFVRI
CASSLDETEAFF	LQSINFVRI
CASSELAGGIDTQYF	LQSINFVRI
CASSQEGGQLYEQYF	LQSINFVRI
CASSPRGAFGTGGIDEQYF	LQSINFVRI
CASGGLATYNEQFF	LQSINFVRI
CAGLGAWETQYF	LQSINFVRI
CASRPTVAGGSSYEQYF	LQSINFVRI
CSVDPSGASSEQYF	LQSINFVRI
CASSLPTNSGVPPSTDTQYF	LQSINFVRI
CAISEGTTGNEQFF	LQSINFVRI
CASSPTSGYDEQYF	LQSINFVRI
CASSYTLPQGSEAFF	LQSINFVRI
CACGEANEKLFF	LQSINFVRI
CASSSTVQLPNTEAFF	LQSINFVRI
CASSQDPLTSGMNNEQFF	LQSINFVRI
CASRTSGNPDTQYF	LQSINFVRI
CASSYSGGYYGYTF	LQSINFVRI
CASSLGTSGGYEQYF	LQSINFVRI
CASTNPPAESSYNSPLHF	LQSINFVRI
CSVLAGGPGIQYF	LQSINFVRI
