CDR3	AA
CASSLGSAQTQYF	FLQSINFVR
CASSETRGSYNEQFF	FLQSINFVR
CASSQATGGLGTDTQYF	FLQSINFVR
CASRYDGYAEAFF	FLQSINFVR
CASSFPLEVAGVTDTQYF	FLQSINFVR
CASILGDRAYEQYF	FLQSINFVR
CASGPDNEQFF	FLQSINFVR
CACPGTGTYEQYF	FLQSINFVR
CASSQANYEQYF	FLQSINFVR
CASSLARGVAESLYYNEQFF	FLQSINFVR
CASSFGDEQFF	FLQSINFVR
CASTQLAGGLNEQFF	FLQSINFVR
CASSQDVGDLYEQYF	FLQSINFVR
CASSASTSGLHYEQYF	FLQSINFVR
CASSSLAGGSLDEQFF	FLQSINFVR
CSVEGGDYTILMNEQFF	FLQSINFVR
CASSLEMGGNEQFF	FLQSINFVR
CASSYGAGDEQYF	FLQSINFVR
CASSLEAGGFYSSYNEQFF	FLQSINFVR
CASSSDSGYTEAFF	FLQSINFVR
CASSIEGGVDTEAFF	FLQSINFVR
CASSGGIGELFF	FLQSINFVR
CSASGLAGYPMDTDTQYF	FLQSINFVR
CSASPTAMNTEAFF	FLQSINFVR
CASSLPRLAGDSVDEQFF	FLQSINFVR
CASSPGEVNNQPQHF	FLQSINFVR
CASSLLGHGYF	FLQSINFVR
CASSFGQGEETQYF	FLQSINFVR
CSVEWGASGSLTDTQYF	FLQSINFVR
CSARDPGLAGFINEQFF	FLQSINFVR
CASSMGWADVYNEQFF	FLQSINFVR
CSALGQLSSYEQYF	FLQSINFVR
CASSQGAGGYTF	FLQSINFVR
CASSSGFGNEQFF	FLQSINFVR
CASSPQWRAYEQYF	FLQSINFVR
CASSRLDSDNEQFF	FLQSINFVR
RASRGAGVPDTQYF	FLQSINFVR
CASSVNTQYF	FLQSINFVR
CASSTGQGTDTQYF	FLQSINFVR
CASWGGPYTDTQYF	FLQSINFVR
CASNGDWRADTQYF	FLQSINFVR
CASSQGQRLPDNEQFF	FLQSINFVR
CASSYSDSGANVLTF	FLQSINFVR
CASSPPRAGPHEQYF	FLQSINFVR
CATLWWGAGANVLTF	FLQSINFVR
CASSQPRDTTNEKLFF	FLQSINFVR
CASSRGSPYNEQFF	FLQSINFVR
CAISEGTTGNEQFF	FLQSINFVR
CASSTPREGMNTEAFF	FLQSINFVR
CASNVVGELFF	FLQSINFVR
CASSRDWSSGNTIYF	FLQSINFVR
CSAPGQDYGYTF	FLQSINFVR
CATSRDRRELETQYF	FLQSINFVR
CASSLPDWTSGSGVTDTQYF	FLQSINFVR
CATSRDRRRGEKLFF	FLQSINFVR
CAISESYEQYF	FLQSINFVR
CASSGEAGSTNEKLFF	FLQSINFVR
CSVDTGELFF	FLQSINFVR
CASSSVNTEAFF	FLQSINFVR
CSARSENTGELFF	FLQSINFVR
CASSFAVANYEQYF	FLQSINFVR
CSASWDTGLSYEQYF	FLQSINFVR
CASSSLEARGAETQYF	FLQSINFVR
CASTELAGGDNEQFF	FLQSINFVR
CAISPETQETQYF	FLQSINFVR
CASSQDGGVGLIEAFF	FLQSINFVR
CASSSQASGYYGYTF	FLQSINFVR
CASSYSSGQGLF	FLQSINFVR
CASSDGTGPFSEQFF	FLQSINFVR
CASTPRIQPQHF	FLQSINFVR
CASFAASYEQYF	FLQSINFVR
CASSDIGEWSTDTQYF	FLQSINFVR
CASSIVPGQGFSGANVLTF	FLQSINFVR
CASSPIRREAGDTQYF	FLQSINFVR
CASSTTGGFYGYTF	FLQSINFVR
CASSPQGALSRGYTF	FLQSINFVR
CSVVYGGRSTEAFF	FLQSINFVR
CATSDLLGSSYNEQFF	FLQSINFVR
CASRGTDSPGTLNEQFF	FLQSINFVR
CSARGVVSGGTGELFF	FLQSINFVR
CASTLKAGVGSYEQYF	FLQSINFVR
CASSLLPRGWNEQFF	FLQSINFVR
CSALIRDRGFEQYF	FLQSINFVR
CASSQDPGSTDTQYF	FLQSINFVR
CASSHGQQPGSQYF	FLQSINFVR
CASSLFGQSNQPQHF	FLQSINFVR
CATLYSNQPQHF	FLQSINFVR
CATSRENRQGPGDEQYF	FLQSINFVR
CASSYSKEDLNTEAFF	FLQSINFVR
CASMGGGATDTQYF	FLQSINFVR
CASSLGLAGVNEQFF	FLQSINFVR
CASSPGWYEQYF	FLQSINFVR
CASSWRDRVNTGELFF	FLQSINFVR
CASSQERGRTYEQYF	FLQSINFVR
CASSLLGGAGNEQFF	FLQSINFVR
CASSQGLGAGTGELFF	FLQSINFVR
CASGLAGGGEQYF	FLQSINFVR
CASTGGYQVVDTQYF	FLQSINFVR
CARAGGLMNTEAFF	FLQSINFVR
CASSFGATSVDEQFF	FLQSINFVR
CASSEAGGLETQYF	FLQSINFVR
CASRSGTASSYEQYF	FLQSINFVR
CASSPVGGWETQYF	FLQSINFVR
CASSSLRLAGSSYQETQYF	FLQSINFVR
CATLSEKGDTQYF	FLQSINFVR
CASSPGVREKLFF	FLQSINFVR
CASSPPGLSLTYEQYF	FLQSINFVR
CASNLGRGWQPQHF	FLQSINFVR
CASSLGVGRETQYF	FLQSINFVR
CASSQGAGGYTF	FLQSINFVR
CASSLEPVGDAVPYEQYF	FLQSINFVR
CASSVTTGESSYNSPLHF	FLQSINFVR
CSVDFSGSTGELFF	FLQSINFVR
CASSVLAGGHNEQFF	FLQSINFVR
CSARDLREIISYEQYF	FLQSINFVR
CASSPGLAGSSYNEQFF	FLQSINFVR
CASSQANYEQYF	FLQSINFVR
CSARVEGTEAFF	FLQSINFVR
CASYSSSYEQYF	FLQSINFVR
CASNGGRVNQYTQYF	FLQSINFVR
CASSLVQGTDSYNEQFF	FLQSINFVR
CASSLPGGSSYEQYF	FLQSINFVR
CASSVGAAVSYEQYF	FLQSINFVR
CASSLSGQELNQPQHF	FLQSINFVR
CASSLDDTSHYEQYF	FLQSINFVR
CARDTSGSYEQYF	FLQSINFVR
CASSPGQTYEQYF	FLQSINFVR
CASSSPGPNNEQFF	FLQSINFVR
CSVQETGELFF	FLQSINFVR
CASSLGDRPTQAQYF	FLQSINFVR
CASSYTTGEQYF	FLQSINFVR
CASSYGPNNEQFF	FLQSINFVR
CASSQGSALGGELFF	FLQSINFVR
CATSDLGSNQPQHF	FLQSINFVR
CSARDPESATNEKLFF	FLQSINFVR
CASSYGTTMNTEAFF	FLQSINFVR
CASSGLQETQYF	FLQSINFVR
CATYENNEQFF	FLQSINFVR
CSVEVGAEAFF	FLQSINFVR
CATGSGANVLTF	FLQSINFVR
CSASERARNTEAFF	FLQSINFVR
CASSQEGALGTEAFF	FLQSINFVR
CASSRAVNNEQFF	FLQSINFVR
CASSHGTGGRETQYF	FLQSINFVR
CASSMIRLAGGSSYNEQFF	FLQSINFVR
CASIYTSGRPRRQETQYF	FLQSINFVR
CASSLPPENRNSYGYTF	FLQSINFVR
CASSFPPESMNTEAFF	FLQSINFVR
CASSLARDSYEQYF	FLQSINFVR
CASSFYNAGGRADTQYF	FLQSINFVR
CASTQDTANYGYTF	FLQSINFVR
CASSLVTGELFF	FLQSINFVR
CASSSAISGTGETQYF	FLQSINFVR
CASSQDEEPPYNEQFF	FLQSINFVR
CASSLAGTEAFF	FLQSINFVR
CASSVGVATNEKLFF	FLQSINFVR
CASSLEPTGPYEQYF	FLQSINFVR
CASTGRVGNTEAFF	FLQSINFVR
CASFRAEEQFF	FLQSINFVR
CASSQHIIGGDLNNEQFF	FLQSINFVR
CASSPTYEQYF	FLQSINFVR
CSAGTGSYEQYF	FLQSINFVR
CASSDLTGGKNTEAFF	FLQSINFVR
CASSLEPSYEQYF	FLQSINFVR
CASSPSGETEYNEQFF	FLQSINFVR
CASSLGGRANGYTF	FLQSINFVR
CSAPRGGSTGELFF	FLQSINFVR
CASSLGQGDSPLHF	FLQSINFVR
CASSLEAGGTDTQYF	FLQSINFVR
CASINTGVYYNEQFF	FLQSINFVR
CSALRGSHEQFF	FLQSINFVR
CASQTNEPGDTQYF	FLQSINFVR
CSVDLGTGGGTRYTF	FLQSINFVR
CASSLAAGGYEQYF	FLQSINFVR
CASSLAVGQSTYEQYF	FLQSINFVR
CASSYAGEEYEQYF	FLQSINFVR
CASSLGQGRYNEQFF	FLQSINFVR
CASSWRDNEQFF	FLQSINFVR
CASSLVGQPYYNSPLHF	FLQSINFVR
CASSSGATNEKLFF	FLQSINFVR
CAISESWTDTQYF	FLQSINFVR
CASSRAGALGGELFF	FLQSINFVR
CASSLESGSTPQETQYF	FLQSINFVR
CATSELTSGEHNEQFF	FLQSINFVR
CASSELGAGGGNEQFF	FLQSINFVR
CASSLNLMGPHSRPYTYSYNSPLHF	FLQSINFVR
CASSFGTGELFF	FLQSINFVR
CASSEPGTEMNTEAFF	FLQSINFVR
CASSQDSAVSYNEQFF	FLQSINFVR
CASRPQGAGAPHGEQFF	FLQSINFVR
CSVSDRGPTDTQYF	FLQSINFVR
CARQILGMNGEQYF	FLQSINFVR
CSAPGQGPYEQYF	FLQSINFVR
CASSQEPSATDTQYF	FLQSINFVR
CASSPQGGGHLNTEAFF	FLQSINFVR
CASSHREDYNEQFF	FLQSINFVR
CASSLGLGETQYF	FLQSINFVR
CASTGTSSYEQYF	FLQSINFVR
CASSVAASETNTGELFF	FLQSINFVR
CASSEEEDRGSYEQYF	FLQSINFVR
CASSEGPAGGSSYEQYF	FLQSINFVR
CASGNQETQYF	FLQSINFVR
CATSLAGGGTGELFF	FLQSINFVR
CASSLTSVLEQFF	FLQSINFVR
CASSYPRAGGYNEQFF	FLQSINFVR
CASSQEWGDYQPQHF	FLQSINFVR
CASSIRGWNEQFF	FLQSINFVR
CASSFIFGSNQPQHF	FLQSINFVR
CASSFSPGSYGYTF	FLQSINFVR
CASSLDRTGTTEAFF	FLQSINFVR
CASSNPGHRAYNEQFF	FLQSINFVR
CASSSGRNFYEQFF	FLQSINFVR
CASSLGGLAGGASYNEQFF	FLQSINFVR
CASSIAGGQQTQYF	FLQSINFVR
CASSYLGKDGYTF	FLQSINFVR
CASRWTSNQPQHF	FLQSINFVR
CASSPGEGPYEQYF	FLQSINFVR
CASSSGWLDEKLFF	FLQSINFVR
CASSLPSGYEQYF	FLQSINFVR
CASSEGEGRGGTEAFF	FLQSINFVR
CASSTLEGGELFF	FLQSINFVR
CASNPGLYNEQFF	FLQSINFVR
CASLRQTYEQYF	FLQSINFVR
CASSFENTGELFF	FLQSINFVR
CASSLAVAEQYF	FLQSINFVR
CASSVAGELFF	FLQSINFVR
CASRRPETSYEQYF	FLQSINFVR
CASSYLDSLYEQYV	FLQSINFVR
CASSQGLSSYNEQFF	FLQSINFVR
CASRDGLNTEAFF	FLQSINFVR
CASSQAWMNTGELFF	FLQSINFVR
CASSPHDLREVQKDLYLTYEQYF	FLQSINFVR
CASSETRQETQYF	FLQSINFVR
CSAPRGGMTTEAFF	FLQSINFVR
CACGEANEKLFF	FLQSINFVR
CASSEGTAYNEQFF	FLQSINFVR
CASSRDVSSYEQYF	FLQSINFVR
RASILGSPHPPDGCEAFF	FLQSINFVR
CASSLVQGANQPQHF	FLQSINFVR
CAGSDRGEETQYF	FLQSINFVR
CASSLANAGDEQFF	FLQSINFVR
CASSFPSSGGAEDTQYF	FLQSINFVR
CSVDGAVSNTEAFF	FLQSINFVR
CASSIALGSSYNEQFF	FLQSINFVR
CASSSFGRERTEAFF	FLQSINFVR
CASSLLGGLGTDTQYF	FLQSINFVR
CASLLSIPGELFF	FLQSINFVR
CASSLWPEGTGELFF	FLQSINFVR
CASSQVTGSGQPQHF	FLQSINFVR
CASSAPREQQWRTDTQYF	FLQSINFVR
CSARDDMYYEQYF	FLQSINFVR
CASSLAGGHQPQHF	FLQSINFVR
CASSSLGGLSIQYF	FLQSINFVR
CASSPSGTQYF	FLQSINFVR
CSAVGQDKAYEQYF	FLQSINFVR
CASSIGVVRQLQETQYF	FLQSINFVR
CASTPSGLWLAGDHEQFF	FLQSINFVR
CSGRDTEAFF	FLQSINFVR
CASSFAQGTDTQYF	FLQSINFVR
CSARDLQEDLSYEQYF	FLQSINFVR
CASSPLQGADYEQYF	FLQSINFVR
CASSQGGAGFNEQFF	FLQSINFVR
CASKGGAGGLNEQFF	FLQSINFVR
CARTGQGLESPLHF	FLQSINFVR
CASSLSGTPGGQPQHF	FLQSINFVR
CASSITLYNEQFF	FLQSINFVR
CAWAGWTGLYF	FLQSINFVR
CASSQDKIYPGDGYTF	FLQSINFVR
CASSYLAGGTDTQYF	FLQSINFVR
CASSPDGPNWEQFF	FLQSINFVR
CATSGTAHNEQFF	FLQSINFVR
CSAEGGYEQYF	FLQSINFVR
CSATLEWVAGEGTDTQYF	FLQSINFVR
CASSQWEDTSYGYTF	FLQSINFVR
CASSLDLGTGNTIYF	FLQSINFVR
CASSQVHPGEQFF	FLQSINFVR
CASSFGGAQNIQYF	FLQSINFVR
CASSLGTGRGEQYF	FLQSINFVR
CASSSGQGTDTQYF	FLQSINFVR
CSARAEAGVVRIEETQYF	FLQSINFVR
CASFLSSYEQYF	FLQSINFVR
CASYVSSYEQYF	FLQSINFVR
CSAPRGDSYNEQFF	FLQSINFVR
CASSFGTSGHEQYF	FLQSINFVR
CASSPQLVTGWDEQFF	FLQSINFVR
CASSPTGGSGNTIYF	FLQSINFVR
CASSPSPGGAGSNQPQHF	FLQSINFVR
CSAPVGGAFTDTQYF	FLQSINFVR
CASSMGGAFTDTQYF	FLQSINFVR
CSVNGRDRVAGDSYEQYF	FLQSINFVR
CASSLEGNEQFF	FLQSINFVR
CSVGSDQGATDTQYF	FLQSINFVR
CASSTGTGQETQYF	FLQSINFVR
CSARGRDSAYEQYF	FLQSINFVR
CSARDGGDTGELFF	FLQSINFVR
CASIPTLGHNYGYTF	FLQSINFVR
CASSQWGQGYSGRAGFNEQFF	FLQSINFVR
CASSYSPSNEQFF	FLQSINFVR
CASSQDPLTSGMNNEQFF	FLQSINFVR
CASSWSPGELFF	FLQSINFVR
CASREGGTDTQYF	FLQSINFVR
CASSTPGDNEQFF	FLQSINFVR
CASSSGTEYQETQYF	FLQSINFVR
CASSVGGWGTEAFF	FLQSINFVR
CASSRGEQFF	FLQSINFVR
CASSEPSGRADTGELFF	FLQSINFVR
CASSINGRGPYNEQFF	FLQSINFVR
CSVDSGVGNQPQHF	FLQSINFVR
CASSRPSSGEEQFF	FLQSINFVR
CASSISTASEQFF	FLQSINFVR
CASSLTSVGGPSETQYF	FLQSINFVR
CASSFSAGELFF	FLQSINFVR
CASSWDRGMEEQYF	FLQSINFVR
CASSLGFDTEAFF	FLQSINFVR
CASSRVDSYEQYF	FLQSINFVR
CASSANTEAFF	FLQSINFVR
CASSITPGSGEQYF	FLQSINFVR
CSAMDQGLGAFF	FLQSINFVR
CASSLAGFKETQYF	FLQSINFVR
CASSLGGTGPFATEAFF	FLQSINFVR
CASSDRDWGDTGELFF	FLQSINFVR
CSVEEGGANTEAFF	FLQSINFVR
CASSQDVGSYEQYF	FLQSINFVR
CASRGHPNYGYTF	FLQSINFVR
CASSQEGQLSGDTQYF	FLQSINFVR
CASSEYRAETQYF	FLQSINFVR
CASSDLATGLNTEAFF	FLQSINFVR
CATSDLGGGPGNEQFF	FLQSINFVR
CATLDWGAGANVLTF	FLQSINFVR
CASSAISPPVNTEAFF	FLQSINFVR
CASSEYRGSYNEQFF	FLQSINFVR
CASSLGGQQQYF	FLQSINFVR
CARSQGTGANVLTF	FLQSINFVR
CASSQDGSSTDTQYF	FLQSINFVR
CASFSSSYEQYF	FLQSINFVR
CASSPNSGNTIYF	FLQSINFVR
CASSSIYGAESSYEQYF	FLQSINFVR
CATSRDRGLTEAFF	FLQSINFVR
CASRAGTSGGRQETQYF	FLQSINFVR
CASSQEGRAWNDIQYF	FLQSINFVR
CASSLSRYEQYF	FLQSINFVR
CSVDPDTEAFF	FLQSINFVR
CSALPDLSTYEQYF	FLQSINFVR
CASSFRLADTYEQYF	FLQSINFVR
CASSILGAPYEQYF	FLQSINFVR
CASSPSKAVWDEQFF	FLQSINFVR
CASSIVQGEYNEQFF	FLQSINFVR
CASSMAVNTEAFF	FLQSINFVR
CATSLEGLETQYF	FLQSINFVR
CAREAGTKNIQYF	FLQSINFVR
CASSLGLNNQPQHF	FLQSINFVR
CATSDLREGRDTQYF	FLQSINFVR
CASTSDPGAKAFF	FLQSINFVR
CASSLTDGVTDTQYF	FLQSINFVR
CASSAPTSSADTQYF	FLQSINFVR
CASSFLDPEQFF	FLQSINFVR
CASSQDRGGLAEETQYF	FLQSINFVR
CATSRDRGLTEAFF	FLQSINFVR
CASSPQGWNQPQHF	FLQSINFVR
CASSYSGSSGNTIYF	FLQSINFVR
CASSLFETVNSPLHF	FLQSINFVR
CASSLAGNEQFF	FLQSINFVR
CASSQEVGHGYAGGYTF	FLQSINFVR
CASSYSSIGNTGELFF	FLQSINFVR
CASSIGTGSTEAFF	FLQSINFVR
CASSSPAGAVSGANVLTF	FLQSINFVR
CASSQVGAYGYTF	FLQSINFVR
CASSRDGTTGNEQFF	FLQSINFVR
CASSLQETQYF	FLQSINFVR
CASSASGKQFF	FLQSINFVR
CSVDTLGRDYGYTF	FLQSINFVR
CASPRDRDNYGYTF	FLQSINFVR
CASSLNRVGNEKLFF	FLQSINFVR
CASSSPPGNLYEQYF	FLQSINFVR
CASSSQNTEAFF	FLQSINFVR
CASWRSYEQYF	FLQSINFVR
CASSPGGDEQFF	FLQSINFVR
CASSQGLAGMYEQYF	FLQSINFVR
CASSYGGQGGNEQFF	FLQSINFVR
CASSLGINTEAFF	FLQSINFVR
CASSFGGVEGMNTEAFF	FLQSINFVR
CASSISGIGAESSYNEQFF	FLQSINFVR
CASSPFTTGSHGYTF	FLQSINFVR
CASRDFHRINQPQHF	FLQSINFVR
CASSLSAGMYNEQFF	FLQSINFVR
CASSEALLTSGDTGELFF	FLQSINFVR
CASSLDGTTGNEQFF	FLQSINFVR
CASSQDMGAPDTQYF	FLQSINFVR
CASSTPGVYGYTF	FLQSINFVR
CASSGDRSSGNTIYF	FLQSINFVR
CASSQAGALNTEAFF	FLQSINFVR
CSAGTGDRWEQFF	FLQSINFVR
CASSQDLGITLEEAFF	FLQSINFVR
CASSLGTVNEQFF	FLQSINFVR
CSVEVAGVQAFF	FLQSINFVR
CASSLAVGGGESSYNSPLHF	FLQSINFVR
CSVDFEGSGTEAFF	FLQSINFVR
CSVEIENTGELFF	FLQSINFVR
CASSGQDTGELFF	FLQSINFVR
CSVLLGGTYNEQFF	FLQSINFVR
CASSLREGDNDSSYNSPLHF	FLQSINFVR
CASSEELFVGTSYGYTF	FLQSINFVR
CASSSLEYNEQFF	FLQSINFVR
CALGQTNTEAFF	FLQSINFVR
CASSLGVPNEKLFF	FLQSINFVR
CASSSLAGGGDEQFF	FLQSINFVR
CASSSSTDTQYF	FLQSINFVR
CATAGGLNTEAFF	FLQSINFVR
CASSYGVDEQFF	FLQSINFVR
CATSRDRRERETQYF	FLQSINFVR
CASSEWLAGGAYEQYF	FLQSINFVR
CASSYSRGDEQFF	FLQSINFVR
CASSLLDTTYEQYF	FLQSINFVR
CASSPAPGTEENIQYF	FLQSINFVR
CASSLREEQGISGNTIYF	FLQSINFVR
CASSAEFYNSPLHF	FLQSINFVR
CASSQGTSGASSTDTQYF	FLQSINFVR
CASSYSRGNTGELFF	FLQSINFVR
CASSWGASNEQFF	FLQSINFVR
CATSRDVVAGDHYEQYF	FLQSINFVR
CASTIGQGNTEAFF	FLQSINFVR
CASSSGSVDTQYF	FLQSINFVR
CASSLDSGTGGSGANVLTF	FLQSINFVR
CASSLGRVAPGELFF	FLQSINFVR
CARESGTYNEQFF	FLQSINFVR
CATSDLQGPPGELFF	FLQSINFVR
CASSTPTGVALGEQFF	FLQSINFVR
CASSGGQGFDTQYF	FLQSINFVR
CSVEDQAESSYNEQFF	FLQSINFVR
CASSQQGATYNEQFF	FLQSINFVR
CASTPSLRETQYF	FLQSINFVR
CASSWTGGSNQPQHF	FLQSINFVR
CASSPTANTEAFF	FLQSINFVR
CASSYSYNEQFF	FLQSINFVR
CASSREGQGRDTQYF	FLQSINFVR
CASSQVGRGGSTDTQYF	FLQSINFVR
CASSPGGDEQYF	FLQSINFVR
CASSHEGLTEAFF	FLQSINFVR
CSVEVTGDEAFF	FLQSINFVR
CASSPERGYNEQFF	FLQSINFVR
CASSTAGLGYSPLHF	FLQSINFVR
CSVEEKAGRNTEAFF	FLQSINFVR
CASSDRGAYNEQFF	FLQSINFVR
CASSQIGGTGLTDTQYF	FLQSINFVR
CASSEGGRTFF	FLQSINFVR
CASSPRQGPWEETQYF	FLQSINFVR
CASMGVGAADTQYF	FLQSINFVR
CASSVENEQFF	FLQSINFVR
CASSLQGALTTEAFF	FLQSINFVR
CASSYTTGSRETQYF	FLQSINFVR
CASSSPSQGLQETQYF	FLQSINFVR
CASGDMWGLAGGTSYEQYF	FLQSINFVR
CASSEVQGVEQYF	FLQSINFVR
CASALGAGQPQHF	FLQSINFVR
CASSEGTNTEAFF	FLQSINFVR
CSVEDPAVWNTEAFF	FLQSINFVR
CASSTGTGEETQYF	FLQSINFVR
CASGATSYEQYF	FLQSINFVR
CSASQVTGGLAFF	FLQSINFVR
CSGRQGGLSNEKLFF	FLQSINFVR
CASSYGLNEQFF	FLQSINFVR
CASSTSSYEQYF	FLQSINFVR
CASSLEYGAANTGELFF	FLQSINFVR
CATTPSTGSAPLHF	FLQSINFVR
CASSGQGALNTEAFF	FLQSINFVR
CSVEELGEGTEAFF	FLQSINFVR
CASSHPSTGSEAFF	FLQSINFVR
CATSDLQGAGDTQYF	FLQSINFVR
CASSSIEGDNEQFF	FLQSINFVR
CASSFGDEQYF	FLQSINFVR
CASNTGQGTDTQYF	FLQSINFVR
CASSPGSGGTSTDTQYF	FLQSINFVR
CASSVVETGGDTQYF	FLQSINFVR
CSVPSGYGYTF	FLQSINFVR
CSVAGTDYGYTF	FLQSINFVR
CASSPYPRIEETQYF	FLQSINFVR
CASSMGPNPYEQYF	FLQSINFVR
CSAPRGGMTYEQYF	FLQSINFVR
CASSEVQGPPEAFF	FLQSINFVR
CASSLETSVYNEQFF	FLQSINFVR
CASSFRGQGHPEAFF	FLQSINFVR
CASSLFRGQGASYEQYF	FLQSINFVR
CASSWSWLEFYNEQFF	FLQSINFVR
CASSFLSSGNEQFF	FLQSINFVR
CASSQEGRTDEQYF	FLQSINFVR
CAISGGTYNEQFF	FLQSINFVR
CASSLAVTTEAFF	FLQSINFVR
CASSLTDMNTEAFF	FLQSINFVR
CASSEPRTSGGWNTGELFF	FLQSINFVR
CATSDLQGAQETQYF	FLQSINFVR
CASTLWGSSYNEQFF	FLQSINFVR
CATSEGLAGVDEQFF	FLQSINFVR
CASSLYLGSGNTIYF	FLQSINFVR
CASSPTPYTEAFF	FLQSINFVR
CASSQEADSGGSGELFF	FLQSINFVR
CASSLAGVYEQYF	FLQSINFVR
CASSEWGTDEQFF	FLQSINFVR
CASSEALVEMNTEAFF	FLQSINFVR
CASSLPTGGADTEAFF	FLQSINFVR
CASSHVSVGHNEQFF	FLQSINFVR
CASSEPRTEMNTEAFF	FLQSINFVR
CASSLASGTGANVLTF	FLQSINFVR
CASSEGGSGQPQHF	FLQSINFVR
CASSLNQAGNQPQHF	FLQSINFVR
CASSLSFRDTQYF	FLQSINFVR
CASTPGLASEQFF	FLQSINFVR
CASSLAVLNEQFF	FLQSINFVR
CASSLNRVGAYEQYF	FLQSINFVR
CASSFLREEQFF	FLQSINFVR
CASSFNRVDGTNEKLFF	FLQSINFVR
CASSQQGALSTEAFF	FLQSINFVR
CASRQGGADTQYF	FLQSINFVR
CSARREGEGQFF	FLQSINFVR
