CDR3	AA
CASSLVVSELYNEQFF	AEAELAKNVSL
CASSQEGYRETSYEQYF	AEAELAKNVSL
CSARGLAGEADTQYF	AEAELAKNVSL
CASSRGTGYYGYTF	AEAELAKNVSL
CSARRTGRQYF	AEAELAKNVSL
CASSLPAPTGELFF	AEAELAKNVSL
CASRAAGQGWSNQPQHF	AEAELAKNVSL
CASQLQGLGTEAFF	AEAELAKNVSL
CASSYPGATTDTQYF	AEAELAKNVSL
CASSSNTQNTGELFF	AEAELAKNVSL
CASSFVGSEQYF	AEAELAKNVSL
CASRPVAGANTDTQYF	AEAELAKNVSL
CASSQDSGTEAFF	AEAELAKNVSL
CASSLRTIYGGEETEAFF	AEAELAKNVSL
CASSLTAATDTQYF	AEAELAKNVSL
CAISEEVLPDYEQYF	AEAELAKNVSL
CASSQGAFSGETYSPLHF	AEAELAKNVSL
CASSQDRGASYNEQFF	AEAELAKNVSL
CASSLSPPSGGHNEQFF	AEAELAKNVSL
CASSYSVSTLGTGNEQFF	AEAELAKNVSL
CASSPESYNSPLHF	AEAELAKNVSL
CASSWAGTGDNEQFF	AEAELAKNVSL
CASSYPFGEQYF	AEAELAKNVSL
CASSEGPGQLNGVYEQYF	AEAELAKNVSL
CASSLAPDPSSYNSPLHF	AEAELAKNVSL
CASSWGPINNEQFF	AEAELAKNVSL
CASSRQTPGQGASTDTQYF	AEAELAKNVSL
CASSPGQGMYEQYF	AEAELAKNVSL
CASSLMITEYNSPLHF	AEAELAKNVSL
CASSLRTSGDPHNEQFF	AEAELAKNVSL
CASSDPGQGFMNTEAFF	AEAELAKNVSL
CASSNTEAFF	AEAELAKNVSL
CASSLNGFGDPLHEQYF	AEAELAKNVSL
CSASSGYTF	AEAELAKNVSL
CSGGNNSPLHF	AEAELAKNVSL
CASSLDDRLAGLYEQYF	AEAELAKNVSL
CASSFRELGTGELFF	AEAELAKNVSL
CASSYSTSDGYTF	AEAELAKNVSL
CASSLGQYSTDTQYF	AEAELAKNVSL
CASSRDRDSSYEQYF	AEAELAKNVSL
CASSAPGGMNEQFF	AEAELAKNVSL
CASSSAVTDGYTF	AEAELAKNVSL
CASNWDRIQEKLPYEQYF	AEAELAKNVSL
CASSYVLAGGANVLTF	AEAELAKNVSL
CASSFGARGGARTGELFF	AEAELAKNVSL
CASSYDSSATEAFF	AEAELAKNVSL
CASSLVTGGYGYTF	AEAELAKNVSL
CASSQEAFGEGGNQPQHF	AEAELAKNVSL
CASSQEGSTGEYSNQPQHF	AEAELAKNVSL
CASSLSPPAGHLGADTQYF	AEAELAKNVSL
CASSLYGGNEQFF	AEAELAKNVSL
CSASYGYTF	AEAELAKNVSL
CASSIVAPEAEAFF	AEAELAKNVSL
CASSSPGAYNTGELFF	AEAELAKNVSL
CASNGGGSYNEQFF	AEAELAKNVSL
CASSAGTTYEQYF	AEAELAKNVSL
CASSSDPNEQYF	AEAELAKNVSL
CASSVGTSGGAWTDTQYF	AEAELAKNVSL
CASSPEVGFSSYEQYF	AEAELAKNVSL
CASSLDRGSPNEKLFF	AEAELAKNVSL
CASSLDLGYPVEQYF	AEAELAKNVSL
CASREDASPPEQYF	AEAELAKNVSL
CASSYSTVQKNTGELFF	AEAELAKNVSL
CASTLMPGTGDFQETQYF	AEAELAKNVSL
CASSLDIGVVRYEQYF	AEAELAKNVSL
CASRTDVNEQYF	AEAELAKNVSL
CASSQDTDGGLYNEQFF	AEAELAKNVSL
CASSYILQGVQPQHF	AEAELAKNVSL
CASSYQTGGQGNEQFF	AEAELAKNVSL
CASSYNSGDTEAFF	AEAELAKNVSL
CASSLKAGESHEQYF	AEAELAKNVSL
CASSGGQGYSSYGYTF	AEAELAKNVSL
CASSSPPAGGLGNEQFF	AEAELAKNVSL
CASSTADPNYGYTF	AEAELAKNVSL
CASSYQGLDTTGELFF	AEAELAKNVSL
CASSWGPINYGYTF	AEAELAKNVSL
CASSLGHDTGELFF	AEAELAKNVSL
CASISLAGGPTNNEQFF	AEAELAKNVSL
CASRQTSGSTYSYNEQFF	AEAELAKNVSL
CASSLSGGTYNEQFF	AEAELAKNVSL
CASSYSGANYEQYF	AEAELAKNVSL
CASSKSDSLNTEAFF	AEAELAKNVSL
CASSLGGLSSYNEQFF	AEAELAKNVSL
CASSIMTGAYQPQHF	AEAELAKNVSL
CASSYIQGTSGANVLTF	AEAELAKNVSL
CASSQIGGGIQETQYF	AEAELAKNVSL
CASSLGASGGARTGELFF	AEAELAKNVSL
CASSLDREEAFF	AEAELAKNVSL
CASIPLGTDTQYF	AEAELAKNVSL
CASSPGTSEQETQYF	AEAELAKNVSL
CASSQDWAGRNTEAFF	AEAELAKNVSL
CASSQPLAGDYEQYF	AEAELAKNVSL
CASSLAAGTPEAFF	AEAELAKNVSL
CASSESIPGTYSNQPQHF	AEAELAKNVSL
CASSLSANHEQYF	AEAELAKNVSL
CASSERRQAEGGVDEQYF	AEAELAKNVSL
CASSYSPGGEPQHF	AEAELAKNVSL
CASSQDAAEEFTQYF	AEAELAKNVSL
CASSYTGYSGNTIYF	AEAELAKNVSL
CASRLLAGAQETQYF	AEAELAKNVSL
CASSFGNTGLSDEQYF	AEAELAKNVSL
CASSPTGYTYNEQFF	AEAELAKNVSL
CASSFTTDTNYGYTF	AEAELAKNVSL
CASSITVQGPGTEAFF	AEAELAKNVSL
CASSYSFSVDTQYF	AEAELAKNVSL
CASSPAAGTNEKLFF	AEAELAKNVSL
CASSFDSTEAFF	AEAELAKNVSL
CASSRTVDPLQETQYF	AEAELAKNVSL
CASSSGTEAFF	AEAELAKNVSL
CASSLEEGSSYEQYF	AEAELAKNVSL
CASSPGQGDYGYTF	AEAELAKNVSL
CARSFGARGGARTGELFF	AEAELAKNVSL
CATSWGVYTDTQYF	AEAELAKNVSL
CAISVSAGEYSYNEQFF	AEAELAKNVSL
CASSLAQGLNTEAFF	AEAELAKNVSL
CASSLTQGLGNEQFF	AEAELAKNVSL
CASSPGAGNEQYF	AEAELAKNVSL
CASSSGWGNTEAFF	AEAELAKNVSL
CASSLAVWDPNGTYEQYF	AEAELAKNVSL
CSAFSGIYNEQFF	AEAELAKNVSL
CASSFIRGAYYGYTF	AEAELAKNVSL
CASSQDAGYNYGYTF	AEAELAKNVSL
CASQATGAEAFF	AEAELAKNVSL
CASSYRADYGYTF	AEAELAKNVSL
CASSESRQGYEQFF	AEAELAKNVSL
CASSVGRRAARPDTQYF	AEAELAKNVSL
CASSGRPGYFPQHF	AEAELAKNVSL
CASSQQLGVTNEKLFF	AEAELAKNVSL
CSARERDRETGELFF	AEAELAKNVSL
CASSLVGQGAREQFF	AEAELAKNVSL
CASSEEARGGITDTQYF	AEAELAKNVSL
CASSQDSPFSYNSPLHF	AEAELAKNVSL
CASSQWGQATMEETQYF	AEAELAKNVSL
CASGYTTEAFF	AEAELAKNVSL
CASSQEGAGFGETQYF	AEAELAKNVSL
CASSLGLRISGANVLTF	AEAELAKNVSL
CAISESGGKETQYF	AEAELAKNVSL
CASSPRAGPTYEQYF	AEAELAKNVSL
CASSVDPVGGGEETQYF	AEAELAKNVSL
CAISNGELFF	AEAELAKNVSL
CASSYASGELFF	AEAELAKNVSL
CASSQDLLAGGRNGELFF	AEAELAKNVSL
CASSLGTGNTIYF	AEAELAKNVSL
CASSLDDYEQYF	AEAELAKNVSL
CASSLVGESSYNSPLHF	AEAELAKNVSL
CASSIGGSTEAFF	AEAELAKNVSL
CASSPTDKPAYEQYF	AEAELAKNVSL
CASSPTGTGELFF	AEAELAKNVSL
CASSLDGGGANTGELFF	AEAELAKNVSL
CASSQTGELSYNEQFF	AEAELAKNVSL
CASSFGGNSPLHF	AEAELAKNVSL
CASSPTGESRTGELFF	AEAELAKNVSL
CASSLISGTKDEQFF	AEAELAKNVSL
CASRHGSVDEQYF	AEAELAKNVSL
CASRDSLNSNQPQHF	AEAELAKNVSL
CASSQMTGTNTEAFF	AEAELAKNVSL
CASSRQGPADTQYF	AEAELAKNVSL
CASSFTAGAYEQYF	AEAELAKNVSL
CASRPGLAGEQYF	AEAELAKNVSL
CASSLKPGDEQYF	AEAELAKNVSL
CATSDGTGGSQPQHF	AEAELAKNVSL
CASSPAGYNYGYTF	AEAELAKNVSL
CASRLEADSSYEQYF	AEAELAKNVSL
CASSLAGGPSYEQYF	AEAELAKNVSL
CARSKTGLREQFF	AEAELAKNVSL
CASSPDQLEQYF	AEAELAKNVSL
CASSIGAGYTGELFF	AEAELAKNVSL
CASSPSTTEAFF	AEAELAKNVSL
CASSPTSGTGEAQTEAFF	AEAELAKNVSL
CASRGLGDYEQYF	AEAELAKNVSL
CASSFSTGDYGYTF	AEAELAKNVSL
CASSSEAGLQETQYF	AEAELAKNVSL
CASNPQEDTGELFF	AEAELAKNVSL
CASSQDLDGGFYEQYF	AEAELAKNVSL
CAIRKGETTNEKLFF	AEAELAKNVSL
CASSDTGYSNQPQHF	AEAELAKNVSL
CASSGDAGDNYGYTF	AEAELAKNVSL
CASSIVGGYSYNEQFF	AEAELAKNVSL
CASSLHCSRLAGFYNEQFF	AEAELAKNVSL
CASSLNSNQPQHF	AEAELAKNVSL
CASSLQGDGTYEQYF	AEAELAKNVSL
CASSKSDSLNTEAFF	AEAELAKNVSL
CASSVLPGANYEQYF	AEAELAKNVSL
CASSLGAGDNSPLHF	AEAELAKNVSL
CASSTGNTEAFF	AEAELAKNVSL
CSARTGPGDYGYTF	AEAELAKNVSL
CASSSTGGADTQYF	AEAELAKNVSL
CSARAEGANTEAFF	AEAELAKNVSL
CASSQDHFYGWTYEQYF	AEAELAKNVSL
CASSQDNLGYSAYNEQFF	AEAELAKNVSL
CASRGGGQETQYF	AEAELAKNVSL
CASSGQPDGYTF	AEAELAKNVSL
CASTPGGYGGDTQYF	AEAELAKNVSL
CASSLTPGTTNTGELFF	AEAELAKNVSL
CASSFRSPGTYEEGGNTEAFF	AEAELAKNVSL
CASSSTLEQYF	AEAELAKNVSL
CASSPTDRADYGYTF	AEAELAKNVSL
CASSRGQGSDTEAFF	AEAELAKNVSL
CASSPWDREYNEKLFF	AEAELAKNVSL
CASRIAGPETQYF	AEAELAKNVSL
CASSRALGQLGTEAFF	AEAELAKNVSL
CASSLGSGLHTEAFF	AEAELAKNVSL
CASCLRSDTEAFF	AEAELAKNVSL
CASGLGTSGVRGNEQFF	AEAELAKNVSL
CASSGPGQPTGELFF	AEAELAKNVSL
CASSYQVTEAFF	AEAELAKNVSL
CASSEHRELGANVLTF	AEAELAKNVSL
CASSLDLGYPVEQYF	AEAELAKNVSL
CASSQHFGGYGSTGELFF	AEAELAKNVSL
CASSYSGRVYEQYF	AEAELAKNVSL
CASSLGGWADEQFF	AEAELAKNVSL
CASSYPLDEAQETQYF	AEAELAKNVSL
CASSLQEGGNQPQHF	AEAELAKNVSL
CASSAPEGQGFAGELFF	AEAELAKNVSL
CASSQEGLSSGGADTQYF	AEAELAKNVSL
CASSLGVGTGDSPLHF	AEAELAKNVSL
CASSSPDPNEQFF	AEAELAKNVSL
CASSLQDISNQPQHF	AEAELAKNVSL
CASSTGTTYEQYF	AEAELAKNVSL
CASSPGTDYGYTF	AEAELAKNVSL
CASSPLSDPNEQFF	AEAELAKNVSL
CASSLEYTTGELFF	AEAELAKNVSL
CASSPSAQETQYF	AEAELAKNVSL
CASRPGLGMGTQYF	AEAELAKNVSL
CASSYPSLAGQDEQYF	AEAELAKNVSL
CASSEDGENSPLHF	AEAELAKNVSL
CASSQDGAGASTEAFF	AEAELAKNVSL
CASSLVRTEYNSPLHF	AEAELAKNVSL
CASRIPGELFF	AEAELAKNVSL
CASSYDVTEAFF	AEAELAKNVSL
CASSHLTGTLNEKLFF	AEAELAKNVSL
CASSYLQGSTDTQYF	AEAELAKNVSL
CASSLGSTDTQYF	AEAELAKNVSL
CASRTGTSGFYNEQFF	AEAELAKNVSL
CASSYSAAANTGELFF	AEAELAKNVSL
CASSLEVGTDTQYF	AEAELAKNVSL
CASSSFGDRQEGTEAFF	AEAELAKNVSL
CASSQDAEGQGIYEQYF	AEAELAKNVSL
CASSSWDNTGELFF	AEAELAKNVSL
CASSFLTSGDSDTQYF	AEAELAKNVSL
CASSQDRRGLTTEAFF	AEAELAKNVSL
CASSTGETEAFF	AEAELAKNVSL
CASSHPRAGLYEQYF	AEAELAKNVSL
CASSLIPGKTYEQYF	AEAELAKNVSL
CASGSADPSGANVLTF	AEAELAKNVSL
CASSYRTGDNNEQFF	AEAELAKNVSL
CASSYSSGYGYTF	AEAELAKNVSL
CASNIPGGETQYF	AEAELAKNVSL
CASSLDSTEQYF	AEAELAKNVSL
CASSVTGYGYGYTF	AEAELAKNVSL
CASSPGGGAGQPQHF	AEAELAKNVSL
CASSRGGSGGYNEQFF	AEAELAKNVSL
CASSYQGQGYEQYF	AEAELAKNVSL
CASSYSISGGYTF	AEAELAKNVSL
CASSYTWADLWHF	AEAELAKNVSL
CAWSVSGSVIRSNQPQHF	AEAELAKNVSL
CASLGGGASNEQFF	AEAELAKNVSL
CASSYTAGEETQYF	AEAELAKNVSL
CASSEARTYENSNQPQHF	AEAELAKNVSL
CATRWPGGTNTEAFF	AEAELAKNVSL
CASGIRGLEAFF	AEAELAKNVSL
CASSYAGALSHEQYF	AEAELAKNVSL
CASSYSVGDHTEAFF	AEAELAKNVSL
CASSLGITGELFF	AEAELAKNVSL
CASSQDSTGELFF	AEAELAKNVSL
CASSYGSHTEAFF	AEAELAKNVSL
CASSQDKGGPWGEQFF	AEAELAKNVSL
CASSSAGRPGELFF	AEAELAKNVSL
CASSRTVPSYNSPLHF	AEAELAKNVSL
CASSLGAGYSSYNSPLHF	AEAELAKNVSL
CASSLMGGVDPSTDTQYF	AEAELAKNVSL
CASTGLAGGGDTQYF	AEAELAKNVSL
CASSYAPGGTEQYF	AEAELAKNVSL
CASSSRRRTTEAFF	AEAELAKNVSL
CASSPGYSTDTQYF	AEAELAKNVSL
CASSQDYGNTEAFF	AEAELAKNVSL
CASSARQGVWHEQYF	AEAELAKNVSL
CASSPDGSNYGYTF	AEAELAKNVSL
CASSHYPGTSVYEQYF	AEAELAKNVSL
CASSPNTGELFF	AEAELAKNVSL
CASSAIGDYGYTF	AEAELAKNVSL
CASSQGWVNQPQHF	AEAELAKNVSL
CASSPGAGGYTEAFF	AEAELAKNVSL
CASSQDGYGPYSNQPQHF	AEAELAKNVSL
CASSYSTWGNEQFF	AEAELAKNVSL
CSVDAQGAF	AEAELAKNVSL
CASSVGGNTEAFF	AEAELAKNVSL
CASSQDVGLIRYIQYF	AEAELAKNVSL
CASSWDAPYEQYF	AEAELAKNVSL
CASSYGSSYNSPLHF	AEAELAKNVSL
CASQTGGSTEAFF	AEAELAKNVSL
CASSLGHASLQPQHF	AEAELAKNVSL
CASSPDYEQYF	AEAELAKNVSL
CASSYSPPTSGGAGGTGELFF	AEAELAKNVSL
CASSYPGDYGYTF	AEAELAKNVSL
CASRPGGDQPQHF	AEAELAKNVSL
CASSQDSQGERPLHF	AEAELAKNVSL
CASSASEAFF	AEAELAKNVSL
CASSQDSHLSYNYGYTF	AEAELAKNVSL
CASSPRVVSSYEQYF	AEAELAKNVSL
CASSPDRGIGLFL	AEAELAKNVSL
CASSYRADNEQFF	AEAELAKNVSL
CASSQVLGSAETQYF	AEAELAKNVSL
CASSYSSGEQFF	AEAELAKNVSL
CASTTSGGNSPLHF	AEAELAKNVSL
CASSYEAGGSNEQFF	AEAELAKNVSL
CASSSRAGVNTGELFF	AEAELAKNVSL
CASSQGQLGRTEAFF	AEAELAKNVSL
CASSLGQEGAGELFF	AEAELAKNVSL
CASRLRDRGRNAEAFF	AEAELAKNVSL
CAVWGMAYEQYF	AEAELAKNVSL
CASSQAEDRGGGYTF	AEAELAKNVSL
CASSNETGATYEQYF	AEAELAKNVSL
CASSWGLAGGPSDTQYF	AEAELAKNVSL
CASSQDSQGDGPQHF	AEAELAKNVSL
CASSDSDISYNSPLHF	AEAELAKNVSL
CASRPSGTLTGELFF	AEAELAKNVSL
CASSPRLAGVYEQYF	AEAELAKNVSL
CASSPRQGMNTEAFF	AEAELAKNVSL
CASSPGTSGTDTQYF	AEAELAKNVSL
CASRRLAGTQETQYF	AEAELAKNVSL
CASSYGLGGYNEQFF	AEAELAKNVSL
CASSPGAGGIKGTEAFF	AEAELAKNVSL
CASSSSTGTGGTEAFF	AEAELAKNVSL
CASSQDVTKDIYNEQFF	AEAELAKNVSL
CAGGLAGEEGELFF	AEAELAKNVSL
CASSPSNGNTGELFF	AEAELAKNVSL
CASRQNQPQHF	AEAELAKNVSL
CASSFWDEQYF	AEAELAKNVSL
CASSPSGEGYTEAFF	AEAELAKNVSL
CASSQYRDSGELFF	AEAELAKNVSL
CASSYGGAAYNSPLHF	AEAELAKNVSL
CASSRSPPSSYNEQFF	AEAELAKNVSL
CASSYLAGGRNTEAFF	AEAELAKNVSL
CASSKKGGHGTPRDNSPLHF	AEAELAKNVSL
CASSQTGSTDTQYF	AEAELAKNVSL
CASSPGEGQPYNEQFF	AEAELAKNVSL
CASSYGVGQPPLHF	AEAELAKNVSL
CASKDLEFSTDTQYF	AEAELAKNVSL
CASSLDPGGGTDTQYF	AEAELAKNVSL
CASSPGGVNIQYF	AEAELAKNVSL
CASRISGANVLTF	AEAELAKNVSL
CASSLVGQYSNQPQHF	AEAELAKNVSL
CASSPAPPTGDTQYF	AEAELAKNVSL
CASSYTLAGGQETQYF	AEAELAKNVSL
CASSEAERVGQPQHF	AEAELAKNVSL
CASSLDSTEAFF	AEAELAKNVSL
CASSASNTGELFF	AEAELAKNVSL
CASSYSAGGQSGEQFF	AEAELAKNVSL
CASSLAGYSEKLFF	AEAELAKNVSL
CASSYPGLDDHEQFF	AEAELAKNVSL
CASSHLPGGLHNEQFF	AEAELAKNVSL
CASIVPGLGDYGYTF	AEAELAKNVSL
CASSSSEGDRAHGYTF	AEAELAKNVSL
CASSTDVALTYEQYF	AEAELAKNVSL
CASVDMNTEAFF	AEAELAKNVSL
CASSQGSTEAFF	AEAELAKNVSL
CASSSIWGVQETQYF	AEAELAKNVSL
CASSQVLAGVYEQYF	AEAELAKNVSL
CASSSRGPTFFYEQYF	AEAELAKNVSL
CASSSPGQGGYGYTF	AEAELAKNVSL
CASSLALGLSYEQYF	AEAELAKNVSL
CASGSTGVHEQYF	AEAELAKNVSL
CASSPAGAGDSEAFF	AEAELAKNVSL
CASSLIPPSGGPYEQYF	AEAELAKNVSL
CASSQGGYTEAFF	AEAELAKNVSL
CASSQAAPFYNEQFF	AEAELAKNVSL
CASGTPSYGYTF	AEAELAKNVSL
CASSTDRGDQPQHF	AEAELAKNVSL
CASSYSRPTSGIYNEQFF	AEAELAKNVSL
CASSPPRLVWQDTQYF	AEAELAKNVSL
CASTRSGGNTGELFF	AEAELAKNVSL
CATSARTRVSYEQYF	AEAELAKNVSL
CASSYSTDTQYF	AEAELAKNVSL
CASRLSGTGGESYEQYF	AEAELAKNVSL
CASITGNTEAFF	AEAELAKNVSL
CASSLGDRGWTGELFF	AEAELAKNVSL
CASSPKQGLNHEQYF	AEAELAKNVSL
CATSHFPGPEGEKLFF	AEAELAKNVSL
CASSLGVTGELFF	AEAELAKNVSL
CAVNTGELFF	AEAELAKNVSL
CASSSGGRGTGELFF	AEAELAKNVSL
CASTVVTSGGGGEQFF	AEAELAKNVSL
CASSLSTGQGAYEQYF	AEAELAKNVSL
CASSQQTGEFFGDYGYTF	AEAELAKNVSL
CASRPPPREDNEQFF	AEAELAKNVSL
CASSYGPGVWTEAFF	AEAELAKNVSL
CASGSPPSYEQYF	AEAELAKNVSL
CASSDDSNQPQHF	AEAELAKNVSL
CASSEEWEQGFGYTF	AEAELAKNVSL
CASHGDRDTGELFF	AEAELAKNVSL
CATIADEQFF	AEAELAKNVSL
CASSLTQGWGETQYF	AEAELAKNVSL
CASSFDTTEAFF	AEAELAKNVSL
CATIQELYGYTF	AEAELAKNVSL
CASRSGTGDYNEQFF	AEAELAKNVSL
CASSYSGLGEVWDTQYF	AEAELAKNVSL
CSASYGYTF	AEAELAKNVSL
CASTLLAGAYNEQFF	AEAELAKNVSL
CASSSGTEAFF	AEAELAKNVSL
