CDR3	AA
CSARVWTDSYNSPLHF	SELVIGAVI
CSVFPQGRNTGELFF	SELVIGAVI
CASSSWDRAGDTQYF	SELVIGAVI
CASSEHTDRREQYF	SELVIGAVI
CASSLSHPADETQYF	SELVIGAVI
CASSFEGGDEQFF	SELVIGAVI
CASSVGNTEAFF	SELVIGAVI
CASSLEATALTYEQYF	SELVIGAVI
CASSHRAQIANYGYTF	SELVIGAVI
CASSFEGGLSQQYF	SELVIGAVI
CASSQDSDRARTEAFF	SELVIGAVI
CASSPTTDSYEQYF	SELVIGAVI
CASSPIAGGTAYEQYF	SELVIGAVI
CASSLGQYYEQYF	SELVIGAVI
CASSYGPGNEQFF	SELVIGAVI
CASSIDLAGSSYNEQFF	SELVIGAVI
CASSLSAGVGNEQFF	SELVIGAVI
CASSLLDLPYEQYF	SELVIGAVI
CASSAGGGTASGDEQYF	SELVIGAVI
CASNPTRGSYNEQFF	SELVIGAVI
CASSIGVGEQYF	SELVIGAVI
CASSLADEQFF	SELVIGAVI
CASTPGGTEAFF	SELVIGAVI
CASGKGSSYNEQFF	SELVIGAVI
CASSQDGLAGDNEQFF	SELVIGAVI
CASSISAGASNEQFF	SELVIGAVI
CASSLSRDAIYEQYF	SELVIGAVI
CASSIAGLFADTQYF	SELVIGAVI
CASSPLDAPWDTEAFF	SELVIGAVI
CASSLGLAEDSYNEQFF	SELVIGAVI
CASKTIDESEQFF	SELVIGAVI
CASSQPGVASNTGELFF	SELVIGAVI
CASSLGGTYEQYF	SELVIGAVI
CSAWPSGGSYEQYF	SELVIGAVI
CASDPWAGGMETQYF	SELVIGAVI
CASSLTAPSSYNEQFF	SELVIGAVI
CASSLEGGLYEQYF	SELVIGAVI
CASSGEGGRYEQYF	SELVIGAVI
CASTPLRDRGNEQYF	SELVIGAVI
CARGTGGANVLTF	SELVIGAVI
CSARDPTGSYEQYF	SELVIGAVI
CASQGADNTGELFF	SELVIGAVI
CASSRDGPTTNEKLFF	SELVIGAVI
CASSPRGADASTDTQYF	SELVIGAVI
CASSLWGTGSYEQYF	SELVIGAVI
CASSATRDGIYEQYF	SELVIGAVI
CASSFEGGNEQFF	SELVIGAVI
CASRDPNRGPSTDTQYF	SELVIGAVI
CATMTGTQPQHF	SELVIGAVI
CASSLLPGDMNTEAFF	SELVIGAVI
CAWSVRASVNEQFF	SELVIGAVI
CASSTLDRGEAFF	SELVIGAVI
CASSQPGLAHEQYF	SELVIGAVI
CASSPTSGIHEQYF	SELVIGAVI
CASTRGVPTDTQYF	SELVIGAVI
CSARDNLDSGPYNEQFF	SELVIGAVI
CASSSSRDSLPEQYF	SELVIGAVI
CASSLIELTGNAFF	SELVIGAVI
CASSFTGDTLAGANVLTF	SELVIGAVI
CASSFEGGTDTQYF	SELVIGAVI
CASSQGVSYSGANVLTF	SELVIGAVI
CASSEVDYEQYF	SELVIGAVI
CASSPGLAGYEETQYF	SELVIGAVI
CASSLDDHREQFF	SELVIGAVI
CASSFEGGLTEAFF	SELVIGAVI
CASSEERDRGFEQYF	SELVIGAVI
CASSLEGAQPQHF	SELVIGAVI
CASRYTVNTEAFF	SELVIGAVI
CASSIDLAGSSYNEQFF	SELVIGAVI
CASSIGAGVFNEQFF	SELVIGAVI
CASSLSHPSTDTQYF	SELVIGAVI
CSVGPAGAIDTQYF	SELVIGAVI
CASSIRDRVYEQYF	SELVIGAVI
CSARSAYDYNEQFF	SELVIGAVI
CASSFGTDTQYF	SELVIGAVI
CASSQVVAGYQETQYF	SELVIGAVI
CASNPREAQAGGQFF	SELVIGAVI
CASSYWTNTGELFF	SELVIGAVI
CASSLANTGELFF	SELVIGAVI
CASSDSIDRNYEQYF	SELVIGAVI
CASSFEGGRSEQFF	SELVIGAVI
CASSSSAGGTDTQYF	SELVIGAVI
CASSPLDRGVTGELFF	SELVIGAVI
CASRAEKETQYF	SELVIGAVI
CASSKDLTGGSTGELFF	SELVIGAVI
CASSLSRDTLTNEQFF	SELVIGAVI
CASSLHVDSSYNEQFF	SELVIGAVI
CASSLAGTGATEAFF	SELVIGAVI
CASSYEWGNEQYF	SELVIGAVI
CASSFEGALNEQFF	SELVIGAVI
CASMTKSSYNEQFF	SELVIGAVI
CASMASGLSHEQFF	SELVIGAVI
CASSLQSEQYF	SELVIGAVI
CASGGFGHEQYF	SELVIGAVI
CASSYSPAGMVYEQYF	SELVIGAVI
CASSLSRDSSYEQYF	SELVIGAVI
CASSLVQSGTETDQPQHF	SELVIGAVI
CASSLSQAVNEQFF	SELVIGAVI
CASSIAAGVGNEQFF	SELVIGAVI
CASSYSGGSSYNEQFF	SELVIGAVI
CASRQRDSLYEQYF	SELVIGAVI
CASSYSGGSSYNEQFF	SELVIGAVI
CASSDVSGGGTDTQYF	SELVIGAVI
CASSPEGGLYSGTSYEQYF	SELVIGAVI
CASSLGPGNEQYF	SELVIGAVI
CASSLSRDSTYEQYF	SELVIGAVI
CASSLDLGRDYEQYF	SELVIGAVI
CSARPSRLAGAGEQYF	SELVIGAVI
CASRHLDYNEQFF	SELVIGAVI
CSATPGPSYEQYF	SELVIGAVI
CASSPSLAGARETQYF	SELVIGAVI
CASSVVAGASYNEQFF	SELVIGAVI
CASSHGQSSTDTQYF	SELVIGAVI
CASSPEGGAEQYF	SELVIGAVI
CASSFDRDQPQHF	SELVIGAVI
CASSYRDTQYF	SELVIGAVI
CASKVGGSYNEQFF	SELVIGAVI
CASSLEVRLAGGGGEQFF	SELVIGAVI
CASSPSPSRYYNSPLHF	SELVIGAVI
CASSLVTQGSYEQYF	SELVIGAVI
CASSPLDSLNTEAFF	SELVIGAVI
CASSLTSGPSSYNEQFF	SELVIGAVI
CASSQGSSLTGELFF	SELVIGAVI
CASSAVQGGYNEQFF	SELVIGAVI
CASSWEGGSNEQYF	SELVIGAVI
CASSQVPAAGGVNEQFF	SELVIGAVI
CASVVSLDSNEAFF	SELVIGAVI
CASSLSQVHEQFF	SELVIGAVI
RASSLMRAPGYNEQFF	SELVIGAVI
CASNGGSSPHEQFF	SELVIGAVI
CASSSLTGGSNEKLFF	SELVIGAVI
CASSHQQGDSLNGYTF	SELVIGAVI
CASSLSGGSSYNEQFF	SELVIGAVI
CASSEDYSSYNEQFF	SELVIGAVI
CASRVGLAGGNEQFF	SELVIGAVI
CASSFSSSYEQYF	SELVIGAVI
CASSLSRDSSYEQYF	SELVIGAVI
CASSVSAGADNEQFF	SELVIGAVI
CASSIAGGLGNEQFF	SELVIGAVI
CASKKTSGRTYEQYF	SELVIGAVI
CASSLGWASGITDTQYF	SELVIGAVI
CASSDSRDSTYEQYF	SELVIGAVI
CASSPSPPDSYEQYF	SELVIGAVI
CSARDMVEGSYEQYF	SELVIGAVI
CASSLSSAVDGYTF	SELVIGAVI
CASSQDPWQAEDVTQYF	SELVIGAVI
CASSHTVEGGRQFF	SELVIGAVI
CASGGTGNEQFF	SELVIGAVI
CASSLPGLATDTQYF	SELVIGAVI
CSVEGAREAFF	SELVIGAVI
CASSLDLVLAGGFSYNEQFF	SELVIGAVI
CASSYERANTQYF	SELVIGAVI
CASSYSAYVDRVAETQYF	SELVIGAVI
CASSLRIGLAGGDLTDTQYF	SELVIGAVI
CASSIEAGVGTEAFF	SELVIGAVI
CASSLGTHRVGTEAFF	SELVIGAVI
CASSLQGGGYTF	SELVIGAVI
CASSLDSGGAYEQYF	SELVIGAVI
CASSQRGGGSSYEQYF	SELVIGAVI
CASRPRAGPQETQYF	SELVIGAVI
CASSLRVDAYEQYF	SELVIGAVI
CASSIGAGLGNEQFF	SELVIGAVI
CASNLHSGTPQETQYF	SELVIGAVI
CASTLSGSRGNEQFF	SELVIGAVI
CASSLETSPYEQYF	SELVIGAVI
CASSLSQGGTEAFF	SELVIGAVI
CASSFRDAYEQYF	SELVIGAVI
CASSQTGLAGGGNEQFF	SELVIGAVI
CASSYLHLDRGLGEQFF	SELVIGAVI
CASSIGGSSYNEQFF	SELVIGAVI
CASSPASEFYEQYF	SELVIGAVI
CASSVVPGIPEAPLDTQYF	SELVIGAVI
CASSTTGTYTGELFF	SELVIGAVI
CASSPAGDLREQYF	SELVIGAVI
CASSLQGHEQYF	SELVIGAVI
CASSYEGGYEQYF	SELVIGAVI
CASSLGDLSSYEQYF	SELVIGAVI
CASSIVRDSSYEQYF	SELVIGAVI
CASSEDDYNEQFF	SELVIGAVI
CASSLDRGSAYEQYF	SELVIGAVI
CASSPSRDNSYEQYF	SELVIGAVI
CASSDWTGVGEQYF	SELVIGAVI
CASTTVGLAAMKAQYF	SELVIGAVI
CASNTFLSGTGNYEQYF	SELVIGAVI
CASSVLAGVADTQYF	SELVIGAVI
CASSDRDRANNEQFF	SELVIGAVI
CASSEFHNEQFF	SELVIGAVI
CASSFEGGNTQYF	SELVIGAVI
CASSHPGTGYGDTQYF	SELVIGAVI
CASSPGQGIQPQHF	SELVIGAVI
CASIPGQTYEQYF	SELVIGAVI
CASSLSTAGAEQFF	SELVIGAVI
CASVAGMSGELFF	SELVIGAVI
CASLAGSSYNEQFF	SELVIGAVI
CASTLGQGGNEQFF	SELVIGAVI
CASSIDGSSYNEQFF	SELVIGAVI
CASSIGTGNQNEQYF	SELVIGAVI
CASSSRGSFYGYTF	SELVIGAVI
CASSLGSSYEQYF	SELVIGAVI
CASSPGLATDTQYF	SELVIGAVI
CASSLGHTDTQYF	SELVIGAVI
CASSDSRDRTYEQYF	SELVIGAVI
CASSEAIGEFGYEQYF	SELVIGAVI
CASSLSSPAREQYF	SELVIGAVI
CASSKHRDRMWEQYF	SELVIGAVI
CASSLSRDRVYEQYF	SELVIGAVI
CASSREGALTEAFF	SELVIGAVI
CASSISAGVSNEQFF	SELVIGAVI
CASSQEGSLNEQFF	SELVIGAVI
CASSLGSYEQYF	SELVIGAVI
CASSLEGGHNEQFF	SELVIGAVI
CSVMTSGSYNEQFF	SELVIGAVI
CASSLTDSYEQYF	SELVIGAVI
CSARDESRVETQYF	SELVIGAVI
CASSQLAGVADTQYF	SELVIGAVI
CASSFIHTDTQYF	SELVIGAVI
CASSLRGQGSYGYTF	SELVIGAVI
CASSMSRDSWNEQYF	SELVIGAVI
CASSQVTGGLGETQYF	SELVIGAVI
CSARTGGPLNTEAFF	SELVIGAVI
CASSEAASGYTGELFF	SELVIGAVI
CATLTGGSYNEQFF	SELVIGAVI
CASSEGSPLHF	SELVIGAVI
CASSESLDSSYEQYF	SELVIGAVI
CSAREEPGTDTQYF	SELVIGAVI
CASSSTGTDYYEQYF	SELVIGAVI
CASGVGHSYEQYF	SELVIGAVI
CASRLVQGDGTDTQYF	SELVIGAVI
CASSEDRHSNQPQHF	SELVIGAVI
CASSLAVGGVGDGYTF	SELVIGAVI
CASSEGQPWNSPLHF	SELVIGAVI
CASSISAGVGNEQFF	SELVIGAVI
CASSLGTGVTGELFF	SELVIGAVI
CASSEISSYNEQFF	SELVIGAVI
CSARDADSADTQYF	SELVIGAVI
CASSAGGLSYEQYF	SELVIGAVI
CASSELGETQYF	SELVIGAVI
CASSQDTDRYEQYF	SELVIGAVI
CASGSSAGGSNEQFF	SELVIGAVI
CASSQGKGALSPLHF	SELVIGAVI
CASSYPSGGGYEQYF	SELVIGAVI
CASSSYTGELFF	SELVIGAVI
CASSTITGGANEKLFF	SELVIGAVI
CASSPETSGEQFF	SELVIGAVI
CASSLGSAINSPLHF	SELVIGAVI
CASSLQGNEQFF	SELVIGAVI
CASSFEGGLDEQFF	SELVIGAVI
CASSIRDRVYEQYF	SELVIGAVI
CASSQEPTGILNEQFF	SELVIGAVI
CASSITSDTYEQYF	SELVIGAVI
CATSPSRDSYGYTF	SELVIGAVI
CASSPFLDVIEAFF	SELVIGAVI
CASSDQGGTSGNSEQFF	SELVIGAVI
CASSLEGGNIQYF	SELVIGAVI
CASRDSTDSYEQYF	SELVIGAVI
CASSYSTGPEGGNTIYF	SELVIGAVI
CASSLEGAITEAFF	SELVIGAVI
CASSPSVDSYEQYF	SELVIGAVI
CASSPSGGAYNEQFF	SELVIGAVI
CASSQGLATGELFF	SELVIGAVI
CASMETGSYNEQFF	SELVIGAVI
CSVRAKASNTGELFF	SELVIGAVI
CASSQIGQSNEQYF	SELVIGAVI
CASSLTGGLYEQYF	SELVIGAVI
CASSFTRDSYEQYF	SELVIGAVI
CASSSRDRVNYGYTF	SELVIGAVI
CASSYTRDGYEQYF	SELVIGAVI
CASSTGLAGPTYNEQFF	SELVIGAVI
CASSQEGGTQAFF	SELVIGAVI
CASSQDRTGGYYGYTF	SELVIGAVI
CASSLQGELYNEQFF	SELVIGAVI
CASSQSADSTYEQYF	SELVIGAVI
CASSEGTGRLYEQYF	SELVIGAVI
CASSQDYLYEQFF	SELVIGAVI
CSAGGTSGLWGTDTQYF	SELVIGAVI
CASSISAGAGNIQYF	SELVIGAVI
CASSIGPPTTEAFF	SELVIGAVI
CSAREGDSIGYTF	SELVIGAVI
CASSQHQENTEAFF	SELVIGAVI
CASSYDAAGEQYF	SELVIGAVI
CSARDPDRVYEQYF	SELVIGAVI
CASSPQGAGYTF	SELVIGAVI
CASSQGGANVLTF	SELVIGAVI
CASSMLNTEAFF	SELVIGAVI
CASSVESGQGVYEQYF	SELVIGAVI
CASSSQGWETQYF	SELVIGAVI
CASSWTHPSYEQYF	SELVIGAVI
CASSPGQGGSPLHF	SELVIGAVI
CATSDSRELSTGELFF	SELVIGAVI
CASSMGGSGYNEQFF	SELVIGAVI
CASRGDREVPTGELFF	SELVIGAVI
CASSFEGGTDQFF	SELVIGAVI
CASRSALSGANVLTF	SELVIGAVI
CASSRQGDEQFF	SELVIGAVI
CASSGTTYNEQFF	SELVIGAVI
CASSLGVVLAGGPSQETQYF	SELVIGAVI
CASSFSRDSQETQYF	SELVIGAVI
CASSQTGLSYEQYF	SELVIGAVI
CASSIVKVISGSYEQYF	SELVIGAVI
CASSSYREGAYEQYF	SELVIGAVI
CASSPSRSNNEQFF	SELVIGAVI
CASGQGQYNEQFF	SELVIGAVI
CASSLGESSAPNNEQFF	SELVIGAVI
CASSLIWPTGGSPLHF	SELVIGAVI
CASSYTRDSPEAFF	SELVIGAVI
CASSLSWESYEQYF	SELVIGAVI
CASSPETGGGQPQHF	SELVIGAVI
CASSALGWLAGGSISYEQYF	SELVIGAVI
CASSLSSPAGREETQYF	SELVIGAVI
CASSEAKGAGASPLHF	SELVIGAVI
CASSFLGGDGYTF	SELVIGAVI
CASSYSEGALQYTGELFF	SELVIGAVI
CASSSVLAGNHEQYF	SELVIGAVI
CASSEDAAQSVHEQYF	SELVIGAVI
CASSLSTGPGNTIYF	SELVIGAVI
CASSQHRDSSYEQYF	SELVIGAVI
CASSIDLAGSSYNEQFF	SELVIGAVI
CASSLSRDYNEQFF	SELVIGAVI
CASRTGTFSYEQYF	SELVIGAVI
CASSQGPGAPYEQYF	SELVIGAVI
CASSAAYRTSGHYEQYF	SELVIGAVI
CAISDLRDRVDTEAFF	SELVIGAVI
CASSYQIRAREVGELFF	SELVIGAVI
CASSLWSLQGLTSLNTDTQYF	SELVIGAVI
CASSEEWGAGANVLTF	SELVIGAVI
