CDR3	AA
CASQGLAQETQYF	LWPVTLACF
CASSVGEGRTEAFF	LWPVTLACF
CASTRNNEQFF	LWPVTLACF
CASSFRGENTEAFF	LWPVTLACF
CASSESNEQYF	LWPVTLACF
CASSPESHYEQYF	LWPVTLACF
CASSLEVAAGALYGYTF	LWPVTLACF
CASGTTGELFF	LWPVTLACF
CATSDFRTSGGNGELFF	LWPVTLACF
CASGPDNEQFF	LWPVTLACF
CASKFRGDGNTIYF	LWPVTLACF
CASSFPGAYNEQFF	LWPVTLACF
CASSLSNEQFF	LWPVTLACF
CASSDVGVGELFF	LWPVTLACF
CASSLLLPGGLHSGANVLTF	LWPVTLACF
CASSPSNEQFF	LWPVTLACF
CASMAGSGNEQFF	LWPVTLACF
CASSLSGPLTAMNTEAFF	LWPVTLACF
CASSPSNEQFF	LWPVTLACF
CASRTSGSGYTGELFF	LWPVTLACF
CASGHGQGSYEQYF	LWPVTLACF
CASSLEVVLAGVLLQETQYF	LWPVTLACF
CASSQVAGGISYNEQFF	LWPVTLACF
CASSSIAGGRNIQYF	LWPVTLACF
CASSPLWGQQETQYF	LWPVTLACF
CASSLPGQTYEQYF	LWPVTLACF
CASSFLAADTQYF	LWPVTLACF
CASSQSVGEKLFF	LWPVTLACF
CASSQEEDEQFF	LWPVTLACF
CASSQVGLEQYF	LWPVTLACF
CASSLDQPQHF	LWPVTLACF
CASSLSPSGETQYF	LWPVTLACF
CSARVGGNEQFF	LWPVTLACF
CASSDSLGYGYTF	LWPVTLACF
CASSVHGQPGGAFF	LWPVTLACF
CASSQDISSGGGLSF	LWPVTLACF
CASSSQIVVGEQFF	LWPVTLACF
CASSYGGNQPQHF	LWPVTLACF
CASSVGVLGQETRSPGEQFF	LWPVTLACF
CASSLMSSGSRDEQYF	LWPVTLACF
CASSQDRWASIGEQYF	LWPVTLACF
CAISGFGILLGQDSYEQYF	LWPVTLACF
CASSFTSFDRDTQYF	LWPVTLACF
CASRSNPSPVGFF	LWPVTLACF
CAGGYTF	LWPVTLACF
CASSPSRTGNEKLFF	LWPVTLACF
CASSSGTAYNEQFF	LWPVTLACF
CASTSTDRGQETQYF	LWPVTLACF
CASSQDSSGAFYEQYF	LWPVTLACF
CASSTPTGYGYTF	LWPVTLACF
CASSPTGFGNQPQHF	LWPVTLACF
CASSMAATYEQYF	LWPVTLACF
CASSRGLAEPHDTQYF	LWPVTLACF
CASSPNTGELFF	LWPVTLACF
CASSFLLYEQYF	LWPVTLACF
CASSLVFSGTEDYEQYF	LWPVTLACF
CASSFQGSEQYF	LWPVTLACF
CASSPGQGTYEQYF	LWPVTLACF
CASSEALAYEQYF	LWPVTLACF
CASRGQGFSHEQFF	LWPVTLACF
CASSVVGLTDTQYF	LWPVTLACF
CASTLPGDEQYF	LWPVTLACF
CSANSNRGLPSTDTQYF	LWPVTLACF
CSARDLLAGNSYNEQFF	LWPVTLACF
CASRETSTSSYNEQFF	LWPVTLACF
CASSSPGGAQHF	LWPVTLACF
CASSYSSGLRIDGYTF	LWPVTLACF
CASRRPGSENTEAFF	LWPVTLACF
CASSLLGTSGPGELFF	LWPVTLACF
CASSSTGDTEAFF	LWPVTLACF
CASSPLGAYGYTF	LWPVTLACF
CASTSSNEQYF	LWPVTLACF
CASSYSLGPLDKKDGYTF	LWPVTLACF
CASSQEWGGVSPLHF	LWPVTLACF
CASSSSGSVVDTQYF	LWPVTLACF
CASQAPGSAGELFF	LWPVTLACF
CASSLGGDPALYEQYF	LWPVTLACF
CASSLLLAGGVHEQYF	LWPVTLACF
CSAIFVAGGPSTDTQYF	LWPVTLACF
CATNPGATEAFF	LWPVTLACF
CASTQFSGNTQYF	LWPVTLACF
CASSLGVGELFF	LWPVTLACF
CASSLSVVGQSPYNEQFF	LWPVTLACF
CASSLGTLGAAGGLRYNEQFF	LWPVTLACF
CASSQGGGRSHEQFF	LWPVTLACF
CASSFAPGELFF	LWPVTLACF
CAPPRPFPGLAETQYF	LWPVTLACF
CASKKQGSTYEQYF	LWPVTLACF
CASSTLAQIHEQYF	LWPVTLACF
CASSLTSGGGYEQYF	LWPVTLACF
CASSSLRTGRDIQYF	LWPVTLACF
CASSQVQQGDAYGYTF	LWPVTLACF
CSVPSGSSYNEQFF	LWPVTLACF
CAISESVEVSNTEAFF	LWPVTLACF
CSARDQASYGYTF	LWPVTLACF
CASSAPHSDTQYF	LWPVTLACF
CASSQVAGSNQPQHF	LWPVTLACF
CASSSPGANVLTF	LWPVTLACF
CASSYALGARSSYNEQFF	LWPVTLACF
CASSYSTAEGPTDTQYF	LWPVTLACF
CASSFGGGQAQYF	LWPVTLACF
CASSLTSEQYF	LWPVTLACF
CASSVRTEQYF	LWPVTLACF
CASSFLTPSGANVLTF	LWPVTLACF
CSASGGVSTDTQYF	LWPVTLACF
CASSFLDWSNTEAFF	LWPVTLACF
CASSKTGDTEAFF	LWPVTLACF
CASTHLGSPLHF	LWPVTLACF
CASSYGAAGGGSYNEQFF	LWPVTLACF
CASSLSGQATYEQYF	LWPVTLACF
CATTPENTYNEQFF	LWPVTLACF
CASSQEVSSGTYEQYF	LWPVTLACF
CASSLGSADNEQFF	LWPVTLACF
CSVAGDYGYTF	LWPVTLACF
CASSYGLYTEAFF	LWPVTLACF
CASSLGDGPYEQYF	LWPVTLACF
CASSEAPGSYEQYF	LWPVTLACF
CASISRVDEQFF	LWPVTLACF
CASSPPTGNSYNEQFF	LWPVTLACF
CASSQVEGTEAFF	LWPVTLACF
CASSPPTGSSYNEQFF	LWPVTLACF
CASSPGVETQYF	LWPVTLACF
CASSLWGTGANVLTF	LWPVTLACF
CAISERWTGLSYEQYF	LWPVTLACF
CAIPGRDGYTF	LWPVTLACF
CASSLLPTGPETQYF	LWPVTLACF
CASSEAPSSGRKNEQFF	LWPVTLACF
CASSLDRASGANVLTF	LWPVTLACF
CASTETGGPPYEQYF	LWPVTLACF
CASRVTAYEQYF	LWPVTLACF
CASSFGMPGVPGELFF	LWPVTLACF
CSVDSGNGDGYTF	LWPVTLACF
CSVEVGNTGELFF	LWPVTLACF
CASSFYGGIAAEGSESTDTQYF	LWPVTLACF
CASILQGSQPQHF	LWPVTLACF
CASSLTPTGELFF	LWPVTLACF
CSVEDFGSLRYF	LWPVTLACF
CATSDPRYEYNEQFF	LWPVTLACF
CAGHREGSTEAFF	LWPVTLACF
CASSLTGNTEAFF	LWPVTLACF
CASSTGQGTDTQYF	LWPVTLACF
CASTGTAFFGWEQYF	LWPVTLACF
CATRSLGSTDTQYF	LWPVTLACF
CASSPPGDEQYF	LWPVTLACF
CASSPNPNSGRGDEQFF	LWPVTLACF
CASSYVGSGTDTQYF	LWPVTLACF
CASSAYKGGLVGNTGELFF	LWPVTLACF
CASSEQGGVYEQYF	LWPVTLACF
CASSKQDEQFF	LWPVTLACF
CASSLDHWTSGPSYEQYF	LWPVTLACF
CASSQVGNEQFF	LWPVTLACF
CASSILRGTGTDTQYF	LWPVTLACF
CASRTDSHSYEQYF	LWPVTLACF
CASSLIDRDGYTF	LWPVTLACF
CASSIGRGLAYEQYF	LWPVTLACF
CASSPGTGDGGYTF	LWPVTLACF
CATSDFGGTDTQYF	LWPVTLACF
CASSLWGNTEAFF	LWPVTLACF
CASIPDRGYYNEQFF	LWPVTLACF
CASSQVQGAYEQYF	LWPVTLACF
CAWSVRGDPTDTQYF	LWPVTLACF
CASSNSNEQFF	LWPVTLACF
CASSLGIIRSLEDIQYF	LWPVTLACF
CASSLLGQSGYTF	LWPVTLACF
CSVESPPLQGKYEAFF	LWPVTLACF
CATSTLKEGGTDTQYF	LWPVTLACF
CASSEWTTPTYEQYF	LWPVTLACF
CASQGAVTEAFF	LWPVTLACF
CASSLASDEQYF	LWPVTLACF
CASSLGVTGELFF	LWPVTLACF
CASSQDQQGAPYEQYF	LWPVTLACF
CASSVVGLTDTQYF	LWPVTLACF
CATSGANEQYF	LWPVTLACF
CASSETVSYEQYF	LWPVTLACF
CASSLGPPGTQYF	LWPVTLACF
CASSDRDSNQPQHF	LWPVTLACF
CSALAGGNEQFF	LWPVTLACF
CASSFGGDTQYF	LWPVTLACF
CASSLNPETQYF	LWPVTLACF
CSAATSGPYEQYF	LWPVTLACF
CASSQGGGEAFF	LWPVTLACF
CASSYRASPYSYEQYF	LWPVTLACF
CASSYSGDEQYF	LWPVTLACF
CSASELAGEPFYNEQFF	LWPVTLACF
CASSFGGLGSTYEQYF	LWPVTLACF
CSVDPGSNYGYTF	LWPVTLACF
CASMLYNEQFF	LWPVTLACF
CASSYRLYGYGYTF	LWPVTLACF
CASSLTASANTEAFF	LWPVTLACF
CASSEGVNTGELFF	LWPVTLACF
CASTTYRVLDEKLFF	LWPVTLACF
CASSLGLGLAEQETQYF	LWPVTLACF
CSAKTGMDYGYTF	LWPVTLACF
CATSSPRSSSFYEQYF	LWPVTLACF
CASSPPLSYEQYF	LWPVTLACF
CASSLAGGLYNEQFF	LWPVTLACF
CSATSPYNEQFF	LWPVTLACF
CASSSSSGRAWNEQFF	LWPVTLACF
CASSLGTRHYEQYF	LWPVTLACF
CASSFSAGGLVNSPLHF	LWPVTLACF
CATSDFTGEETQYF	LWPVTLACF
CASSFRGAGNTIYF	LWPVTLACF
CASSAIVETQYF	LWPVTLACF
CASSSLAGDYNEQFF	LWPVTLACF
CASSLGKDSPLSYEQYF	LWPVTLACF
CASSLPSYNEQFF	LWPVTLACF
CASSLNLWGASGNTIYF	LWPVTLACF
CASGGQPQHF	LWPVTLACF
CASSLNIAEAFF	LWPVTLACF
CSVEDLPYEQYF	LWPVTLACF
CASSQPMGLAGDGTQYF	LWPVTLACF
CASSFIVPGGVETQYF	LWPVTLACF
CASKSAGLYGYTF	LWPVTLACF
CASSGLENYEQYF	LWPVTLACF
CASSQTHYGNEQFF	LWPVTLACF
CSVVPVWGTSGYNEQFF	LWPVTLACF
CASSELGSPLHF	LWPVTLACF
CASSLGGQGSYNEQFF	LWPVTLACF
CASSLTGPGELFF	LWPVTLACF
CAIRQGTDGDNSPLHF	LWPVTLACF
CASGWGSPLHF	LWPVTLACF
CSARDPQDSGLREQYF	LWPVTLACF
CSARDLQGNYEQYF	LWPVTLACF
CASSLVALNEQFF	LWPVTLACF
CASSFATGITGEQYF	LWPVTLACF
CASTGGSGTGELFF	LWPVTLACF
CASSQKPGQSSYNEQFF	LWPVTLACF
CASSLDNEQFF	LWPVTLACF
CASTNSGRNEQFF	LWPVTLACF
CASVVGRGPYEQYF	LWPVTLACF
CASSLDQTQYF	LWPVTLACF
CASSQEGQAGIGIQYF	LWPVTLACF
CASSLPGGNSPLHF	LWPVTLACF
CASSVGLAGVFEQFF	LWPVTLACF
CASSLLAPKGPDTQYF	LWPVTLACF
CASSHRGGRDNEQFF	LWPVTLACF
CASSTTSGSIETQYF	LWPVTLACF
CASSPAGAGTEAFF	LWPVTLACF
CASSQGPAYEQYF	LWPVTLACF
CASSFVTGVVETQYF	LWPVTLACF
CASSHRGHQNTEAFF	LWPVTLACF
CASSFIGGREAFF	LWPVTLACF
CASSLGAHWTGGLTTEAFF	LWPVTLACF
CASSPLRGDQPQHF	LWPVTLACF
CASNSLSGELFF	LWPVTLACF
CASSRTGPYEQYF	LWPVTLACF
CASSELLAGVSDTQYF	LWPVTLACF
CAVRRENTGELFF	LWPVTLACF
CASSDPGQGLPDTQYF	LWPVTLACF
CASSSDNEQFF	LWPVTLACF
CASSRLAGGTDTQYF	LWPVTLACF
CSAQGGTGYNYGYTF	LWPVTLACF
CSVVGGLLSYNEQFF	LWPVTLACF
CASSFWGDRGSSEAFF	LWPVTLACF
CASSPGLAGGTDTQYF	LWPVTLACF
CASSPLEGGRLAGTTYEQYF	LWPVTLACF
CASSPDLGYQETQYF	LWPVTLACF
CAAQGTYGYTF	LWPVTLACF
CSVAAIADSYNEQFF	LWPVTLACF
CASSLEDPRTEAFF	LWPVTLACF
CASSYLLAGGTNEQFF	LWPVTLACF
CASSQEGSGYSYNEQFF	LWPVTLACF
CSAGDQPQHF	LWPVTLACF
CASSLGTSGTDEQYF	LWPVTLACF
CASSLDGQVAF	LWPVTLACF
CASSSGQGYEQYF	LWPVTLACF
CASSNAGGASYNEQFF	LWPVTLACF
CASSFGYNEQFF	LWPVTLACF
CASSFLGQAANYGYTF	LWPVTLACF
CASSQGLAGGPSGETQYF	LWPVTLACF
CASSLRGGRYSPLHF	LWPVTLACF
CASSDPGNEQYF	LWPVTLACF
CASSPPGEGGYTF	LWPVTLACF
CASSYDNEQYF	LWPVTLACF
CASSQRPVQPQHF	LWPVTLACF
CASSLPGQGPNEQYF	LWPVTLACF
CASSPGQLMNTEAFF	LWPVTLACF
CASSYSSGYVAGELFF	LWPVTLACF
CASSSASGGINEQFF	LWPVTLACF
CASSLVDQAGAQGSSYEQYF	LWPVTLACF
CSVPTGQDYNEQFF	LWPVTLACF
CASRARLAGPGDTQYF	LWPVTLACF
CASSKGLAEPYNEQFF	LWPVTLACF
CASGVSGQRDTEAFF	LWPVTLACF
CATSRDRDLYEQYF	LWPVTLACF
CASSSTGDTEAFF	LWPVTLACF
CSVEISPDEQFF	LWPVTLACF
CASSLEQMGQPQHF	LWPVTLACF
CASSDRDRGYEQYF	LWPVTLACF
CASSGGTSGRASTDTQYF	LWPVTLACF
CSTQTETEETQYF	LWPVTLACF
CATSDLRQGTSTDTQYF	LWPVTLACF
CASSLLSGYEQYF	LWPVTLACF
CASSLGGQINEKLFF	LWPVTLACF
CATSDLSAGGPTDTQYF	LWPVTLACF
CASSSSPGWVEAFF	LWPVTLACF
CASSLEAAGELFF	LWPVTLACF
CASSTPMTSGRASEYEQYF	LWPVTLACF
CASWTGGEAFF	LWPVTLACF
CASSQLFPDTQYF	LWPVTLACF
CASSLTRTGELFF	LWPVTLACF
CASSLLQPGGISYEQYF	LWPVTLACF
CASSYGTSNEQFF	LWPVTLACF
CASSSSWGGQTDTQYF	LWPVTLACF
CASSLVGGEASYEQYF	LWPVTLACF
CSARKTDPAGANVLTF	LWPVTLACF
CASSFRGTGNTIYF	LWPVTLACF
CSVEKGQPYEQYF	LWPVTLACF
CSAHAGHSSYEQYF	LWPVTLACF
CATSDWGTSGPTDTQYF	LWPVTLACF
CASSYDRGYNEQFF	LWPVTLACF
CASSLGPGEETQYF	LWPVTLACF
CASSPWLGSYEQYF	LWPVTLACF
CASSEGTSGATDTQYF	LWPVTLACF
CATSRERINEQFF	LWPVTLACF
CASSFLYNEQFF	LWPVTLACF
CASSLLVAGGVHEQFF	LWPVTLACF
CASSLAQLAGNYNEQFF	LWPVTLACF
CASSPYGAGTGGTGELFF	LWPVTLACF
CSVESVLSYNEQFF	LWPVTLACF
CASSLDLSNEQFF	LWPVTLACF
CASSLDTGWGYEQYF	LWPVTLACF
CASTGGYGEQFF	LWPVTLACF
CASSEGHLYEQYF	LWPVTLACF
CASSAEAVYNEQFF	LWPVTLACF
CASSREGEDAFF	LWPVTLACF
CASSGGIRNNEQFF	LWPVTLACF
CASSFLLEGAYNEQFF	LWPVTLACF
CASRDGQGGLYYEQYF	LWPVTLACF
CASSLEGSLNTEAFF	LWPVTLACF
CASNWDGPNTEAFF	LWPVTLACF
CASSERGGSGGELFF	LWPVTLACF
CASSHTTTPGQVRSFF	LWPVTLACF
CASSSWTSGSRTGELFF	LWPVTLACF
CASSEAEYYEQYF	LWPVTLACF
CASGSGSTYEQYF	LWPVTLACF
CASTPLAYADTQYF	LWPVTLACF
CASSHRTVGLVDTQYF	LWPVTLACF
CASSLLGGSNQPQHF	LWPVTLACF
CASSLYGLAGLRTGELFF	LWPVTLACF
CASSSPGLAGSTDTQYF	LWPVTLACF
CASSQPQETQYF	LWPVTLACF
CASSLLLGSDEQYF	LWPVTLACF
CASSQAPGYEQYF	LWPVTLACF
CASSYSLAATNSPLHF	LWPVTLACF
CASSFSLAGGSLGETQYF	LWPVTLACF
CASSPLSGSGYETQYF	LWPVTLACF
CASSPTADTQYF	LWPVTLACF
CASSPRDSHTDTQYF	LWPVTLACF
CASTRTGGVEKLFF	LWPVTLACF
CASSLTNPGTEHSYEQYF	LWPVTLACF
CASSIIGQPQHF	LWPVTLACF
CASSQVITGLEQYF	LWPVTLACF
CASSLAGTGGFGELFF	LWPVTLACF
CASSLVGAGLEKDTQYF	LWPVTLACF
CASSLPSYNEQFF	LWPVTLACF
CASSVALGYEQYF	LWPVTLACF
CASGGGGNGYTF	LWPVTLACF
CASSLTGSSTDTQYF	LWPVTLACF
CASSQGTGHNEKLFF	LWPVTLACF
CASSQDSYEQYF	LWPVTLACF
CASRGTSGPSSTDTQYF	LWPVTLACF
CASSPGTAEGSQPQHF	LWPVTLACF
CASSHWTGRSYEQYF	LWPVTLACF
CASSLAGGTPYEQYF	LWPVTLACF
CASSPRGGQYNEQFF	LWPVTLACF
CASSFWTDGYTF	LWPVTLACF
CASSFSLTWQTQYF	LWPVTLACF
CASSTSNVEAFF	LWPVTLACF
CASSQDLGNQPQHF	LWPVTLACF
CASSFYPDTQYF	LWPVTLACF
CSAMGGNQPQHF	LWPVTLACF
CASSQESHGYTF	LWPVTLACF
CASSELGTELTDTQYF	LWPVTLACF
CASSGNRDRLNTEAFF	LWPVTLACF
CATPPGQGNQPQHF	LWPVTLACF
CSAVPGGWTQYF	LWPVTLACF
CASSVTGGPYEQYF	LWPVTLACF
CASSAGAEQYF	LWPVTLACF
CASSFTAATNEKLFF	LWPVTLACF
CVTGSNEQFF	LWPVTLACF
CSARSFLTVSPDGYTF	LWPVTLACF
CSVPGLAGGEYNEQFF	LWPVTLACF
CASSQSSGGDNTGELFF	LWPVTLACF
CASSPKTWLAAYTGELFF	LWPVTLACF
CAINPTGYQETQYF	LWPVTLACF
CASSDSKGSGRPSGRVNEQFF	LWPVTLACF
CASSLVIYEQYF	LWPVTLACF
CASSTGQVVATGAYEQYF	LWPVTLACF
CASDRGYGYTF	LWPVTLACF
CASSKSGGAGEQFF	LWPVTLACF
CSVIRTDNYGYTF	LWPVTLACF
CSARQGEWTEAFF	LWPVTLACF
CASTTIWGNTEAFF	LWPVTLACF
CASSMGLGYGYTF	LWPVTLACF
CSVVGLAGGPYNEQFF	LWPVTLACF
CASSLRGADNEQYF	LWPVTLACF
CASSLGPGTGDQPQHF	LWPVTLACF
CASSPGPPELRRDSNQPQHF	LWPVTLACF
CASSFGYTSSYNEQFF	LWPVTLACF
CASTSHNEQFF	LWPVTLACF
CASSLEGTGEQYF	LWPVTLACF
CASSLRGAGNTIYF	LWPVTLACF
CASSYSPPYEQYF	LWPVTLACF
CASSFLQALYNEQFF	LWPVTLACF
CASNEGGRANEQYF	LWPVTLACF
CASSHLDGTNEKLFF	LWPVTLACF
CAISESSQPETQYF	LWPVTLACF
CASSATASTDTQYF	LWPVTLACF
CASSLSLERDEQFF	LWPVTLACF
CATSDLQTSTDTQYF	LWPVTLACF
CASSTVTGGEETQYF	LWPVTLACF
CAISESGGQETQYF	LWPVTLACF
CAAHSQPQHF	LWPVTLACF
CASSLSLYQGTGELFF	LWPVTLACF
CSAGRMEADTGELFF	LWPVTLACF
CASSHGGGGGELFF	LWPVTLACF
CASSLGMDGYTF	LWPVTLACF
CSVEGGQGAGANVLTF	LWPVTLACF
CANSGLAGETSTDTQYF	LWPVTLACF
CASTNPGAPEQAFF	LWPVTLACF
CASILGRDLGIYGYTF	LWPVTLACF
CASSGITGVRSTDTQYF	LWPVTLACF
CASTRVGTDKNIQYF	LWPVTLACF
CASSPSGSDTQYF	LWPVTLACF
CAISRDSPALNYGYTF	LWPVTLACF
CASSLSTGGLVYGYTF	LWPVTLACF
CASISQGIYTF	LWPVTLACF
CASRRGGVGYGYTF	LWPVTLACF
CASSPRDEQYF	LWPVTLACF
CASSLPAGGPNTGELFF	LWPVTLACF
CAWLGGELRNEQFF	LWPVTLACF
CASSVGNGEQFF	LWPVTLACF
CASSTPPSPEQYF	LWPVTLACF
CASSSWTGYEAFF	LWPVTLACF
CASSEGSYYEQYF	LWPVTLACF
CASSHHAENNEQFF	LWPVTLACF
CASRPGTMNTGELFF	LWPVTLACF
CASSPDGTGGYEQYF	LWPVTLACF
CASSFSNEQFF	LWPVTLACF
CSASTSPIEQYF	LWPVTLACF
CSASEGGETQYF	LWPVTLACF
CASSRLLPQGTDTEAFF	LWPVTLACF
CASIPDRGNHNEQFF	LWPVTLACF
CSVESPAGAPSGVWSYNEQFF	LWPVTLACF
CASSHTPGRPDTQYF	LWPVTLACF
CASIPGQGPWETQYF	LWPVTLACF
CASSFHYTDTQYF	LWPVTLACF
CASSEDWMYQETQYF	LWPVTLACF
CASSFSDGGSNQPQHF	LWPVTLACF
CASSLIGGSGANVLTF	LWPVTLACF
CSVISTGELFF	LWPVTLACF
CASSLGDTQYF	LWPVTLACF
CASRGTLRVLLSFFGELFF	LWPVTLACF
CASSYSYSDIQYF	LWPVTLACF
CASASNQPQHF	LWPVTLACF
CASSSWGETQYF	LWPVTLACF
CASHLGDHTGELFF	LWPVTLACF
CASSSRLAQHANTGELFF	LWPVTLACF
CASSSTGGQGYGYTF	LWPVTLACF
CASSPEVGGFGYTF	LWPVTLACF
CASSPEGGGAYEQYF	LWPVTLACF
CASSTGLGGYNEQFF	LWPVTLACF
CASSLSLARSSYNEQFF	LWPVTLACF
CASRKQGWEETQYF	LWPVTLACF
CASSEFWTGKGTDTQYF	LWPVTLACF
CASSIGGLADSYEQYF	LWPVTLACF
CASSQLPGTGRGTEAFF	LWPVTLACF
CASALAGGPYEQYF	LWPVTLACF
CASSAGEGGYGYTF	LWPVTLACF
CASSFRASGSNEQYF	LWPVTLACF
CASSLEFPSSGRAETQYF	LWPVTLACF
CASSPPVFTGELFF	LWPVTLACF
CASRRLGAGEETQYF	LWPVTLACF
CASSALDNEQFF	LWPVTLACF
CASSGFWDPPLTEAFF	LWPVTLACF
CATSQGLAGTTDTQYF	LWPVTLACF
CASVPGTGDVNYGYTF	LWPVTLACF
CASSLAPNEKLFF	LWPVTLACF
CASSLEQYTQETQYF	LWPVTLACF
CASSRDSDSYGYTF	LWPVTLACF
CASSPGLVNTEAFF	LWPVTLACF
CASSLLGPGNEQFF	LWPVTLACF
CASSPAPQGGETQYF	LWPVTLACF
CSARDPLALIQREQFF	LWPVTLACF
CATSRSTQYGTGGDTQYF	LWPVTLACF
CASSRGLAGMDTQYF	LWPVTLACF
CASSQGLAGGLGTQYF	LWPVTLACF
CASSSDDFEAFF	LWPVTLACF
CASSQYDGSFNF	LWPVTLACF
CASSTSGRDANSPLHF	LWPVTLACF
CASSLLGPQHF	LWPVTLACF
CASSYSLTGVEETQYF	LWPVTLACF
CASSPLLAGGPDTQYF	LWPVTLACF
CASSPQGREQYF	LWPVTLACF
CASSLAGTLPQPQHF	LWPVTLACF
CASSVPGLYYTF	LWPVTLACF
CASSSTGDTEAFF	LWPVTLACF
CAISEGLAGGSTDTQYF	LWPVTLACF
CASLIEGAYTGELFF	LWPVTLACF
CASSLDRGADEQFF	LWPVTLACF
CASSNWDRGYEQYF	LWPVTLACF
CASSFPQSIRVSAGSQGPYEQYF	LWPVTLACF
CASSPALTSGETQYF	LWPVTLACF
CASSQGLGTYEQYF	LWPVTLACF
CASSSDEQFF	LWPVTLACF
CASSQDDRGLGYTF	LWPVTLACF
CASSPAGLYEQYF	LWPVTLACF
CASSEWGQSYEQYF	LWPVTLACF
CASSYSLAGDNEQFF	LWPVTLACF
CASSEFWTGRGTDTQYF	LWPVTLACF
CASSPDNEQFF	LWPVTLACF
CASSQGPPLSATNEQYF	LWPVTLACF
CASSPIPGELFF	LWPVTLACF
CSVAGLAANNEQFF	LWPVTLACF
CASRPWGGKGVEEKLFF	LWPVTLACF
CASSQVLDYEQYF	LWPVTLACF
CASLARGMNTEAFF	LWPVTLACF
CASSLGQAYEQYF	LWPVTLACF
CSARVDPSAWGSLSYEQYF	LWPVTLACF
CASSFRETGPEAFF	LWPVTLACF
CASSWGQLYEQYF	LWPVTLACF
CASGDLAGGPNNEQFF	LWPVTLACF
CASSQPGRESPLHF	LWPVTLACF
CASSFRTGQAFF	LWPVTLACF
CASSEVAGGLTDTQYF	LWPVTLACF
CASSFPGTSGRATTGELFF	LWPVTLACF
CASSLVRELLHF	LWPVTLACF
CASSQEVANYGYTF	LWPVTLACF
CASSFLPPLLKREVDTQYF	LWPVTLACF
CASSVEVSSSYEQYF	LWPVTLACF
CASMSGGSGYTF	LWPVTLACF
CASSLVGQGIPEAFF	LWPVTLACF
CASSFMGVNTEAFF	LWPVTLACF
CASSSQGNEKLFF	LWPVTLACF
CASSLLTAYNEQFF	LWPVTLACF
CASSHPGGSYEQYF	LWPVTLACF
CASSLASDTQYF	LWPVTLACF
CASSEASFYEQYF	LWPVTLACF
CASSLSLAGGHNEQFF	LWPVTLACF
CASSPTQSEAFF	LWPVTLACF
CASSLGPEAFF	LWPVTLACF
CASSLVLYEQYF	LWPVTLACF
CASSFVNEQFF	LWPVTLACF
CASSLAGVTEAFF	LWPVTLACF
CASSQDNRGAEQYF	LWPVTLACF
CASRPLLGQGVPGELFF	LWPVTLACF
CASSVNPAGEYNEQFF	LWPVTLACF
CASSLLEETQYF	LWPVTLACF
CASSFGPYEQYF	LWPVTLACF
CASSSVVSTIYGYTF	LWPVTLACF
CASSEGSNEQFF	LWPVTLACF
CASSQQNSLDTQYF	LWPVTLACF
CASTGDNEQFF	LWPVTLACF
CASSNPTAGGPGETQYF	LWPVTLACF
CASSPPTNEKLFF	LWPVTLACF
CASSENNEQFF	LWPVTLACF
CASSYWGRENTEAFF	LWPVTLACF
CASSSTGEETQYF	LWPVTLACF
CSARDITWAGRKGVDEQFF	LWPVTLACF
CASSLDGSYEQYF	LWPVTLACF
CASSYIGDTQYF	LWPVTLACF
CASSLLLAGGPETQYF	LWPVTLACF
CASSPGRGNTEAFF	LWPVTLACF
CASTRANTQYF	LWPVTLACF
CASSPRDRLPGGELFF	LWPVTLACF
CASSQLDRDEQFF	LWPVTLACF
CSVEVRDSYEQYF	LWPVTLACF
CASSAQGSGNTIYF	LWPVTLACF
CSAFLYPQGLAITKGELFF	LWPVTLACF
CASSIELAIWIDTQYF	LWPVTLACF
CASSPRDEQYF	LWPVTLACF
CASSAGESNEQYF	LWPVTLACF
CASSLGYGYTF	LWPVTLACF
CATSDLALTSGGSSTDTQYF	LWPVTLACF
CASSDTDYEQYF	LWPVTLACF
CASSPNNEQFF	LWPVTLACF
CASSKVVYREVGLAGGEQYF	LWPVTLACF
CSARTGGLQEKLFF	LWPVTLACF
CAWTPRGGWVAFF	LWPVTLACF
CSVVILAGGYNEQFF	LWPVTLACF
CASSQTNNEQFF	LWPVTLACF
CASSPLREASYNEQFF	LWPVTLACF
CASSSPSGGNTDTQYF	LWPVTLACF
CASSLYSSGVDTEAFF	LWPVTLACF
CASSQMGGPEQYF	LWPVTLACF
CASLRDSMFF	LWPVTLACF
CASREGQGLYNEQFF	LWPVTLACF
CASVGGGPHEQFF	LWPVTLACF
CASSPRGDYQNLYGYTF	LWPVTLACF
CASSSISGELFF	LWPVTLACF
CAISEDIYNEQFF	LWPVTLACF
CASSPSNEQFF	LWPVTLACF
CASSLAEGPNSPLHF	LWPVTLACF
CASSVWGGSYEQYF	LWPVTLACF
CASSLGHEQFF	LWPVTLACF
CASSYGLGADTQYF	LWPVTLACF
CASSHPGTSAYNEQFF	LWPVTLACF
CASSEVGEQFF	LWPVTLACF
CASSLDLEGRTEAFF	LWPVTLACF
CASSGTGYEQPQHF	LWPVTLACF
CASSLRAGGPGELFF	LWPVTLACF
CASSVFDRDPSNEQFF	LWPVTLACF
CASSLAGVIDNEQFF	LWPVTLACF
CASSHDGQPQHF	LWPVTLACF
CSALDTNTEAFF	LWPVTLACF
CSAIPVSESYEQYF	LWPVTLACF
CASSFEPLSGPGYEQYF	LWPVTLACF
CASSLAVGTGSYEQYF	LWPVTLACF
CASSLAGGYEQYF	LWPVTLACF
CASSPRGRTNEKLFF	LWPVTLACF
CSAYLLAGGTYEQYF	LWPVTLACF
CSARDFLAGDYNEQFF	LWPVTLACF
CASSQDVRGLEAFF	LWPVTLACF
CAWSVLRGVTDTQYF	LWPVTLACF
CASSFLGASGIGAETQYF	LWPVTLACF
CASSYIAATPFNTGELFF	LWPVTLACF
CASSQEPSLFKGTEAFF	LWPVTLACF
CASSGTNEQFF	LWPVTLACF
CASSSAGTTQYF	LWPVTLACF
CASSQAGDGYTF	LWPVTLACF
CASSQVVYSSYNEQFF	LWPVTLACF
CASSPGEGGTDTQYF	LWPVTLACF
CSASGTEEETQYF	LWPVTLACF
CATSGPPDSYEQYF	LWPVTLACF
CASSFTGPNTGELFF	LWPVTLACF
CASRLAGVTDTQYF	LWPVTLACF
CASSFSSEAFF	LWPVTLACF
CASSYSLGQGNSPLHF	LWPVTLACF
CASSPNQPQHF	LWPVTLACF
CASSYDDRAYGYTF	LWPVTLACF
CASSNLPGQLEREQYF	LWPVTLACF
CASSAETSGRAFNIQYF	LWPVTLACF
CASSYSLGDTGELFF	LWPVTLACF
CASSAGTLYNEQFF	LWPVTLACF
CAWSAGTGFEQYF	LWPVTLACF
CSVPAGLLYNEQFF	LWPVTLACF
CATSAYELSYEQYF	LWPVTLACF
CASSLGLEGNSPLHF	LWPVTLACF
CASSRQGSGELFF	LWPVTLACF
CASSLGTSGSADTQYF	LWPVTLACF
CASSPPGQEQFF	LWPVTLACF
CASSVDGQAQFYGYTF	LWPVTLACF
CASSFLGQPNTEAFF	LWPVTLACF
CASSLYTGPQETQYF	LWPVTLACF
CASSIGNIQYF	LWPVTLACF
CSVILAVPSSYNEQFF	LWPVTLACF
CATSDLQGSYNEQFF	LWPVTLACF
CASSPQTGWNEQYF	LWPVTLACF
CASSFTGYEQYF	LWPVTLACF
CATSDLLGNTDTQYF	LWPVTLACF
CASQQGGGHFDEQYF	LWPVTLACF
CASSSGGADGYTF	LWPVTLACF
CASSLANNEQFF	LWPVTLACF
CASSLMVPAGSDTQYF	LWPVTLACF
CASSQDPGLAGMQFF	LWPVTLACF
CASSLGGYTEAFF	LWPVTLACF
CSVDRPNEAGYTF	LWPVTLACF
CAISESAGQETQYF	LWPVTLACF
CASSAGLAGSTDTQYF	LWPVTLACF
CASSPGLADPYNEQFF	LWPVTLACF
CASSQNPGQMNTEAFF	LWPVTLACF
CASSPPFSGLGFEQFF	LWPVTLACF
CASSLGLAGADEFF	LWPVTLACF
CASRGQGGGDYEQYF	LWPVTLACF
CASSLQAGNTYNEQFF	LWPVTLACF
CASVLQGAYEQYF	LWPVTLACF
CASSQDITGELFF	LWPVTLACF
CATGKTSGRTDTQYF	LWPVTLACF
CASSLGGEETQYF	LWPVTLACF
CASSLQGANQPQHF	LWPVTLACF
CASSLTSGNEQFF	LWPVTLACF
CASTSPEEFGNYGYTF	LWPVTLACF
CASSLPGNTEAFF	LWPVTLACF
CASSSDTDTQYF	LWPVTLACF
CASSLLMGQGDTGELFF	LWPVTLACF
CASSLDPSISRREGTDTQYF	LWPVTLACF
CASSPDTSATYEQYF	LWPVTLACF
CASSPPDSGEQYF	LWPVTLACF
CASSPTGTGGVGYGYTF	LWPVTLACF
CAISVMEIGYGYTF	LWPVTLACF
CASSPPGPGAYEQYF	LWPVTLACF
CASSYLTSRQETQYF	LWPVTLACF
CASSVAVAYEQYF	LWPVTLACF
CARSPKEQYF	LWPVTLACF
CASRSRLADSTDTQYF	LWPVTLACF
CASAGDYNEQFF	LWPVTLACF
CASSMGLAVYNEQFF	LWPVTLACF
CSAGPGPQYF	LWPVTLACF
CASSLSNGLAVEQYF	LWPVTLACF
CASSRETQYF	LWPVTLACF
CASSSGGLAGSGANVLTF	LWPVTLACF
CASSYGDGYTF	LWPVTLACF
CASSPYTGELFF	LWPVTLACF
CASSLAGANWYF	LWPVTLACF
CASSPYPREITYEQYF	LWPVTLACF
CASSPPGTGYNEQFF	LWPVTLACF
CASSLGQTNTGELFF	LWPVTLACF
CASSSPGTSIYEQFF	LWPVTLACF
CASSSWGAGDTQYF	LWPVTLACF
CASSPVGRNTEAFF	LWPVTLACF
CASSSPRVADHEQYF	LWPVTLACF
CASSQDLGWGNQPQHF	LWPVTLACF
CASSRGAEQFF	LWPVTLACF
CASSPGQFQYF	LWPVTLACF
CASSQAEGGLGSPLHF	LWPVTLACF
CASSQKCLAAYEQYF	LWPVTLACF
CASSQDGQFNEKLFF	LWPVTLACF
CASSQEVLFNEQFF	LWPVTLACF
CASSLIGQGSYNEQFF	LWPVTLACF
CASSLADLGREIPDTQYF	LWPVTLACF
CASSEFIRAQETQYF	LWPVTLACF
CASSSLLAFVGETQYF	LWPVTLACF
CASRPPGGFTDTQYF	LWPVTLACF
CASSFEGPDTEAFF	LWPVTLACF
CASSSGPGGLNEQFF	LWPVTLACF
CASSTDRHLNEKLFF	LWPVTLACF
CASSYGHEQFF	LWPVTLACF
CASSSPSGRDYNEQFF	LWPVTLACF
CASSLEFAGYYGYTF	LWPVTLACF
CASSQVLSGGYTF	LWPVTLACF
CATSDSRARTLNEQFF	LWPVTLACF
CASSPRGILTMNTEAFF	LWPVTLACF
CASSIWGLAGKTSSYNEQFF	LWPVTLACF
CSYQQGAWAFF	LWPVTLACF
CASSLLRTGETQYF	LWPVTLACF
CASSPPGAGELFF	LWPVTLACF
CATSRDQGLAYNEQFF	LWPVTLACF
CSAREGGLALWQFF	LWPVTLACF
CAAATPNGYTF	LWPVTLACF
CASRNIGGSPLHF	LWPVTLACF
CASSLNLRGNQPQHF	LWPVTLACF
CASSPLPGTEAFF	LWPVTLACF
CASSLDNEQFF	LWPVTLACF
CASSPKTEGKNIQYF	LWPVTLACF
CASSEPPGQGAGELFF	LWPVTLACF
CASTTVAGAFNEQFF	LWPVTLACF
CASSLTPGRSTDTQYF	LWPVTLACF
CASSYSLGYEQYF	LWPVTLACF
CASSIVNGETQYF	LWPVTLACF
CASTPWRGFNEQFF	LWPVTLACF
CASSFGQVYGYTF	LWPVTLACF
CAWSVLAGAGEQYF	LWPVTLACF
CASSLGREVGQFF	LWPVTLACF
CASSLGDSGMDGYTF	LWPVTLACF
CASSYWGRVTNEQFF	LWPVTLACF
CASSSPRIAGGAKNIQYF	LWPVTLACF
CASSFGTSGIYNEQFF	LWPVTLACF
CASSELSPMETQYF	LWPVTLACF
CATSRVAGGPETQYF	LWPVTLACF
CASRPTGGEETQYF	LWPVTLACF
CASSLALPTEGLAGEEETQYF	LWPVTLACF
CASSFLAETQYF	LWPVTLACF
CASSRDLLSYEQYF	LWPVTLACF
CASSLGLAGTYEQYF	LWPVTLACF
CASGPTNYEQYF	LWPVTLACF
CASSLTDLGYGYTF	LWPVTLACF
CASSPGNEKLFF	LWPVTLACF
CASSLDGTGELFF	LWPVTLACF
CASSLEDYPYNEQFF	LWPVTLACF
CAFDREAFF	LWPVTLACF
CASSGPLNQPQHF	LWPVTLACF
CAISQREVSYEQYF	LWPVTLACF
CASSQVQGAGELFF	LWPVTLACF
CASSQDPGQGSVGELFF	LWPVTLACF
CATSDFGDSGSTDTQYF	LWPVTLACF
CASSLLLAGGYNEQFF	LWPVTLACF
CASTTGGFEQYF	LWPVTLACF
CASSRLAEQFF	LWPVTLACF
CASPTPHSRDCPSTDTQYF	LWPVTLACF
CSAREGGYEQYF	LWPVTLACF
CASSPHYLGEFPQKNIQYF	LWPVTLACF
CASSLGPNTEAFF	LWPVTLACF
CASSYYTQETQYF	LWPVTLACF
CASSAVANSPLHF	LWPVTLACF
CASSPGNEQYF	LWPVTLACF
CASSYSLGVVTGELFF	LWPVTLACF
CASSQDGLQEVYNEQFF	LWPVTLACF
CASGANVLTF	LWPVTLACF
CSVETVEQAGNTIYF	LWPVTLACF
CASSEGGLAGQQFF	LWPVTLACF
CASSFLSAYEQYF	LWPVTLACF
CASSFGDTQYF	LWPVTLACF
CASSQDRRQLNQPQHF	LWPVTLACF
CASSYVLAAGSGELFF	LWPVTLACF
CASSAPGRGTTEAFF	LWPVTLACF
CASSQDRRPPNSEQFF	LWPVTLACF
CASSYRGAIQGSPLHF	LWPVTLACF
CASSTIGLVGSYEQYF	LWPVTLACF
CASSQGLAGHEQFF	LWPVTLACF
CASSLSPLTGSQETQYF	LWPVTLACF
CASSYLGGLNTEAFF	LWPVTLACF
CASSPLAVGYEQYF	LWPVTLACF
CASSLGLAGIGEQFF	LWPVTLACF
CASSLRPGEVNQPQHF	LWPVTLACF
CASSLTRYEQYF	LWPVTLACF
CASSKYLGGFREKLFF	LWPVTLACF
CASETTRGTQYF	LWPVTLACF
CASKGTSFEQYF	LWPVTLACF
CASSSGTTGREQYF	LWPVTLACF
CASSVAGITDTQYF	LWPVTLACF
CASSSSNEQFF	LWPVTLACF
CASSLVGLAQDTQYF	LWPVTLACF
CAWSRLAAQETQYF	LWPVTLACF
CASRSSGSVSDTQYF	LWPVTLACF
CASSYSPPYEQYF	LWPVTLACF
CASSTSSEQFF	LWPVTLACF
CSARDLSGPQGTGELFF	LWPVTLACF
CASSQDVGYNEQFF	LWPVTLACF
CASSFPAQGTLREGLTDTQYF	LWPVTLACF
CSVAGTSGGNEQFF	LWPVTLACF
CASSPNNEQFF	LWPVTLACF
CASSQVEGAEQYF	LWPVTLACF
CASSQARDQPQHF	LWPVTLACF
CASSLGTVYGYTF	LWPVTLACF
CASSFLIWEQYF	LWPVTLACF
CASSLEGWGENTEAFF	LWPVTLACF
CASSTPLAGEQYF	LWPVTLACF
CASSFRGAGNTIYF	LWPVTLACF
CASNPGSYNEQFF	LWPVTLACF
CASSREGGIYNEQFF	LWPVTLACF
CASSLLASTGYEQYF	LWPVTLACF
CASRPTSSIYEQYF	LWPVTLACF
CASSPPSSGELFF	LWPVTLACF
CATTLNNEQFF	LWPVTLACF
CASSDLAGGPPEQFF	LWPVTLACF
CASSQATSGADTQYF	LWPVTLACF
CASSGTSGSYNEQFF	LWPVTLACF
CATSDLRGGTSTDTQYF	LWPVTLACF
CASSQGTGESYEQYF	LWPVTLACF
CASTDQGTQYF	LWPVTLACF
CASSSLVSYNEQFF	LWPVTLACF
CSAIEGGNEQFF	LWPVTLACF
CASSQDHGPYEQYF	LWPVTLACF
CASSLLGGELFF	LWPVTLACF
CASRAGLHAYEQYF	LWPVTLACF
CASSEGLAEQETQYF	LWPVTLACF
CASSGTGGLYEQYF	LWPVTLACF
CSVGGVAGNVPDTQYF	LWPVTLACF
CAISESGGVETQYF	LWPVTLACF
CASSFRSSGMNEQFF	LWPVTLACF
CASTQTGNTEAFF	LWPVTLACF
CASSPANEQFF	LWPVTLACF
CSGVPGPYEQYF	LWPVTLACF
CASRSPTSTDTQYF	LWPVTLACF
CASSRADSYEQYF	LWPVTLACF
CASSYYLDRGDNSPLHF	LWPVTLACF
CASSQDKLLTMTTAGSTDTQYF	LWPVTLACF
CASSKDEPMSPNTEAFF	LWPVTLACF
CSVQGAFMNTEAFF	LWPVTLACF
CASSYPGTGYEQYF	LWPVTLACF
CASSLYNEQFF	LWPVTLACF
CASSYPGLAVNEQFF	LWPVTLACF
CASSKPGLAGPLGEQYF	LWPVTLACF
CASIGRWREGPFGTDTQYF	LWPVTLACF
CASSQAPGTGHDEQYF	LWPVTLACF
CASSYQGQGAGEQYF	LWPVTLACF
CASSFSAGGIQETQYF	LWPVTLACF
CASSFGRGGSTDTQYF	LWPVTLACF
CATHRLRNTGELFF	LWPVTLACF
CASSQGGNLAEAFF	LWPVTLACF
CASSSPPGSANEKLFF	LWPVTLACF
CASSTDRGSEQFF	LWPVTLACF
CASSQDFGGRDTQYF	LWPVTLACF
CASSWGRNTGELFF	LWPVTLACF
CASSEATGGPTNEQFF	LWPVTLACF
CASSPTSSETQYF	LWPVTLACF
CASSQDDLGEIPFFIYNEQFF	LWPVTLACF
CSAQGLAGPTSTDTQYF	LWPVTLACF
CASSYSLDGSYEQYF	LWPVTLACF
CASEQGGYGYTF	LWPVTLACF
CASSWAGSGSSETQYF	LWPVTLACF
CASSLVERGWNTEAFF	LWPVTLACF
CASSLGQWFQQYF	LWPVTLACF
CSAMDGNTGELFF	LWPVTLACF
CASRLPGGLQETQYF	LWPVTLACF
CASSDNKEETQYF	LWPVTLACF
CASSLLGDGYTF	LWPVTLACF
CASTGLQGSTDTQYF	LWPVTLACF
CATTRWGVNTGELFF	LWPVTLACF
CASSFNRGRMNTEAFF	LWPVTLACF
CASSLKDTQYF	LWPVTLACF
CASSHRGGTNEKLFF	LWPVTLACF
CASSPQGWNEQFF	LWPVTLACF
CASRSSQGDEQFF	LWPVTLACF
CASSPQGETQYF	LWPVTLACF
CASSEAAEQFF	LWPVTLACF
CARRDYEQYF	LWPVTLACF
CASSLVTPGDEKLFF	LWPVTLACF
CASSQDWPGYYEQYF	LWPVTLACF
CASTMEGNTEAFF	LWPVTLACF
CATSDFGGSTDTQYF	LWPVTLACF
CATSDFWVPDTQYF	LWPVTLACF
CASSRTGPYEQYF	LWPVTLACF
CASSFGQGTEAFF	LWPVTLACF
CASSYSAGEETQYF	LWPVTLACF
CASSLTNYEQYF	LWPVTLACF
CASSQVYGVQPQHF	LWPVTLACF
CASSPNNEQFF	LWPVTLACF
CAGGPSGSAHNEQFF	LWPVTLACF
CASSFLLAGGPTDTQYF	LWPVTLACF
CASSHLEGVYEQYF	LWPVTLACF
CASSLGGELFF	LWPVTLACF
CASSMPDTTRNEQYF	LWPVTLACF
CASSQDISWGMNTGELFF	LWPVTLACF
CASSAPLTVGNEKLFF	LWPVTLACF
CSVVGAEFSIIHASYNEQFF	LWPVTLACF
CASTPGGQPQHF	LWPVTLACF
CSAVGLAGVSYEQYF	LWPVTLACF
CASSQQAFLHEAFF	LWPVTLACF
CASMGPSYEQYF	LWPVTLACF
CASTDKVGGIQPQHF	LWPVTLACF
CASSTPRPGLAGPTDTQYF	LWPVTLACF
CASSHPGEAQHF	LWPVTLACF
CASTAPQGIEVNTGELFF	LWPVTLACF
CASSAPSGQETQYF	LWPVTLACF
CASSQGLAGGQQETQYF	LWPVTLACF
CASSLGPRGGGNGVFF	LWPVTLACF
CASSAHPRSGSGNEQFF	LWPVTLACF
CASSFVNVGGTYEQYF	LWPVTLACF
CASSFSGGAAYNEQFF	LWPVTLACF
CASSLLTGVTDTQYF	LWPVTLACF
CASSLGGGELTLKPNPKETQYF	LWPVTLACF
CASSQVSGQHVWQYF	LWPVTLACF
CASIGQGGYEQYF	LWPVTLACF
CASSLLGNTEAFF	LWPVTLACF
CASSYNTGAFEAFF	LWPVTLACF
CASSLAVTREQFF	LWPVTLACF
CASSLVEGDGYTF	LWPVTLACF
CASSLAGDGGPAGYTF	LWPVTLACF
CASSFTDTQYF	LWPVTLACF
CASSQNQPQHF	LWPVTLACF
CASSSAGTGVGYTF	LWPVTLACF
CSARDLAGGSYEQYF	LWPVTLACF
CSAKTGASSYEQYF	LWPVTLACF
CAISTGQVGTYEQYF	LWPVTLACF
CASSIGTTAAYEQYF	LWPVTLACF
CASSLKPLDRTDTQYF	LWPVTLACF
CASRRDRAQAQYF	LWPVTLACF
CASSFGVLNTGELFF	LWPVTLACF
CARYRETHNFYYEQYF	LWPVTLACF
CAISEPGGSGNIQYF	LWPVTLACF
CASSPGGAWTGIWTEAFF	LWPVTLACF
CASSQDSPLAGGRNEQFF	LWPVTLACF
CASSPRTGGLTEAFF	LWPVTLACF
CASSPELVGYTGELFF	LWPVTLACF
CASSGAPGELFF	LWPVTLACF
CSVVGLAGDEQYF	LWPVTLACF
CASSLSNVLTF	LWPVTLACF
CASSWTGNADGYTF	LWPVTLACF
CASTLTNEQFF	LWPVTLACF
CASSQEGGAGGPFGTQYF	LWPVTLACF
CASSLLHNEQFF	LWPVTLACF
CASSQIQGTSSYEQYV	LWPVTLACF
CASSLSVGSEQFF	LWPVTLACF
CASSPIQGAASYEQYF	LWPVTLACF
CASKGRGGSTEAFF	LWPVTLACF
CASSLNQPQHF	LWPVTLACF
CSARDLGLAGETQYF	LWPVTLACF
CATSPTQAFTDTQYF	LWPVTLACF
CASSPTGDTEAFF	LWPVTLACF
CASSPSGGANTEAFF	LWPVTLACF
CASSFGYLGSVPLNEQFF	LWPVTLACF
CASSYIFYEQYF	LWPVTLACF
CSATSGTEGETQYF	LWPVTLACF
CASSLWGYEQYF	LWPVTLACF
CASSFPGTSGTDTQYF	LWPVTLACF
CASSEAILASTDTQYF	LWPVTLACF
CASSPSNEQFF	LWPVTLACF
CASSPNQPQHF	LWPVTLACF
CAWSRIGQGHTGELFF	LWPVTLACF
CASSLESASSYNEQFF	LWPVTLACF
CASSSPWAGEGTNEKLFF	LWPVTLACF
CASSPGLESRTDTQYF	LWPVTLACF
CASSYSMPLFPHEQYF	LWPVTLACF
CASSSRGGDYEQYF	LWPVTLACF
CASSTGTGGINYGYTF	LWPVTLACF
CASKQAGASYEQYF	LWPVTLACF
CASLPTGTYTGELFF	LWPVTLACF
CASSQDTPDTQYF	LWPVTLACF
CASSQERLAQETQYF	LWPVTLACF
CAWSVSSEAFF	LWPVTLACF
CASSQEPRTTYEQYF	LWPVTLACF
CASGGGSAEAFF	LWPVTLACF
CASSQGTSGIWYEQYF	LWPVTLACF
CASSFIKDEQFF	LWPVTLACF
CASSFGLEQYF	LWPVTLACF
CAWDLPGGQLFF	LWPVTLACF
CASSLDRGFDEQFF	LWPVTLACF
CAISESRDEQYF	LWPVTLACF
CASSLAIDGGSTDTQYF	LWPVTLACF
CASTLGLGYTF	LWPVTLACF
CASSPPGQGNQPQHF	LWPVTLACF
CASSQVGSSYEQYF	LWPVTLACF
CATNQAGGHSYEQYF	LWPVTLACF
CASYPDKMNTEAFF	LWPVTLACF
CASSELAPQLTDTQYF	LWPVTLACF
CASSPRGGANTEAFF	LWPVTLACF
CASTTGPEAFF	LWPVTLACF
CASSSGTAYEQYF	LWPVTLACF
CASSLGRGDEQYF	LWPVTLACF
CASSYRGSYEQYF	LWPVTLACF
CASSPTGSEQYF	LWPVTLACF
CASIRGDRLSNQPQHF	LWPVTLACF
CASSSGQGGTGELFF	LWPVTLACF
CASSLVGDQPQHF	LWPVTLACF
CASSFIQPQHF	LWPVTLACF
CASSQFGTMAPDTQYF	LWPVTLACF
CASSALSSLGTGVWTEAFF	LWPVTLACF
CASSYSWTGDQPQHF	LWPVTLACF
CASSLSVPPYEQYF	LWPVTLACF
CSVETAYGYTF	LWPVTLACF
CASRTGLADNTGELFF	LWPVTLACF
CASSVTGLTEAFF	LWPVTLACF
CATSDIAGGTDTQYF	LWPVTLACF
CSAREKGLYNEQFF	LWPVTLACF
CASSPGDRGSYEQYF	LWPVTLACF
CSVVGLRGAVYNEQFF	LWPVTLACF
CASSQGLAAPTDTQYF	LWPVTLACF
CASGLGTVYEQYF	LWPVTLACF
CASSIPVGFPAGVYGELFF	LWPVTLACF
CASSASSEQYF	LWPVTLACF
CASSSPIFTDTQYF	LWPVTLACF
CASSSGTGGATDTQYF	LWPVTLACF
CASSYSLGSGEQFF	LWPVTLACF
CASSSDPDRAYNSPLHF	LWPVTLACF
CARSPKEQYF	LWPVTLACF
CASSLVRGGENEQFF	LWPVTLACF
CASSSNLAGGTDTQYF	LWPVTLACF
CASGFDTGELFF	LWPVTLACF
CASSPTGTSGYSSYNEQFF	LWPVTLACF
CASSSLRYQETQYF	LWPVTLACF
CSASGAGGLLWEQFF	LWPVTLACF
CASGLGRGLDVIDEKLFF	LWPVTLACF
CASSPAGAETQYF	LWPVTLACF
CASSDQAGNNEQFF	LWPVTLACF
CASNRQGYEQYF	LWPVTLACF
CASSPQWGSHNEQFF	LWPVTLACF
CSVVGLAVPSSYNEQFF	LWPVTLACF
CASSPGEAGPYTGELFF	LWPVTLACF
CASSLTGEQYF	LWPVTLACF
CATSDLGGGKYTDTQYF	LWPVTLACF
CASSPRRAGGQAQNTQYF	LWPVTLACF
CASSGGLAGFSSYNEQFF	LWPVTLACF
CASSPGFYPSYEQYF	LWPVTLACF
CASSYSLGDNEQFF	LWPVTLACF
CASSPAVGPAGEQYF	LWPVTLACF
CASLGAPNYGYTF	LWPVTLACF
CASSQEGRGDTEAFF	LWPVTLACF
CASSYGLGSSYEQYF	LWPVTLACF
CASRAGASSYEQYF	LWPVTLACF
CASSLGTEAFF	LWPVTLACF
CASSVLQASGANVLTF	LWPVTLACF
CASSPGLAGLNNEQFF	LWPVTLACF
CASSQVAGGETQYF	LWPVTLACF
CASSQENGNTIYF	LWPVTLACF
CASSPTGGTYEQYF	LWPVTLACF
CASSPGLATPYNEQFF	LWPVTLACF
CASSFAAEAFF	LWPVTLACF
CASSLAPRTGGRTEAFF	LWPVTLACF
CASSSLDSYNSPLHF	LWPVTLACF
CASSRHPLAGDYNEQFF	LWPVTLACF
CASSIRTGGGNEQFF	LWPVTLACF
CASSMDRGWETQYF	LWPVTLACF
CASSLWTSGTDTQYF	LWPVTLACF
CASSLTSGSSYEQYF	LWPVTLACF
CASSSMDSLTGELFF	LWPVTLACF
CASSPDRGSNEQYF	LWPVTLACF
CASSLASGEQYF	LWPVTLACF
CASSPLGTGALDTQYF	LWPVTLACF
CASSFRGLSDEKLFF	LWPVTLACF
CASSFRGSSDTF	LWPVTLACF
CASSFSGELFF	LWPVTLACF
CASSLVGVEQYF	LWPVTLACF
CASSFERLAHEQFF	LWPVTLACF
CASSNPIAGAGETQYF	LWPVTLACF
CASFAAEEQFF	LWPVTLACF
CASSTDQPQHF	LWPVTLACF
CASSVLEIEQFF	LWPVTLACF
CASSEPVSSSYEQYF	LWPVTLACF
CSARDYKQGADGYTF	LWPVTLACF
CAGGGMGAYEQYF	LWPVTLACF
CASRKPTEDYLAKNIQYF	LWPVTLACF
CASSQGGTLADTQYF	LWPVTLACF
CASSPTGIGSYEQYF	LWPVTLACF
CSGQGEPGNIQYF	LWPVTLACF
CASLTGGTDTQYF	LWPVTLACF
CASSFDRGYNEQFF	LWPVTLACF
CASSYGSGKTGELFF	LWPVTLACF
CARAPDSNPYEQYF	LWPVTLACF
CASSSTGGAYNEQFF	LWPVTLACF
CASRPQGPGEQYF	LWPVTLACF
CATSRVQGYTGELFF	LWPVTLACF
CASSFFDKQFF	LWPVTLACF
CASSFVTGGAHNEQFF	LWPVTLACF
CASSVAGITDTQYF	LWPVTLACF
CASSFLLGVNEQYF	LWPVTLACF
CASSPRWVAGSNEQFF	LWPVTLACF
CASGENTQYF	LWPVTLACF
CASSLWADYEQYF	LWPVTLACF
CASRLQGDYEQYF	LWPVTLACF
CASSYGGPGYEQYF	LWPVTLACF
CASSQTLDPYEQYF	LWPVTLACF
CASSQEGDGGYTF	LWPVTLACF
CASSLLAGNQPQHF	LWPVTLACF
CASSWGGLWEQYF	LWPVTLACF
CASSDDREADTQYF	LWPVTLACF
CASSQERGPGGYTF	LWPVTLACF
CASSSLGPSGELFF	LWPVTLACF
CASSQVEGQIYYNEQFF	LWPVTLACF
CASQGYLSYEQYF	LWPVTLACF
CATSDLAPRSSAGTDTQYF	LWPVTLACF
CASSLRLAGGPISYEQYF	LWPVTLACF
CASSVAEGPGELFF	LWPVTLACF
CASSQGLALSDTQYF	LWPVTLACF
CASSATGNTEAFF	LWPVTLACF
CASSSGLGYGEQYF	LWPVTLACF
CASSPGTGAGELFF	LWPVTLACF
CASSFDYGYTF	LWPVTLACF
CSATSGTSGYEQYV	LWPVTLACF
CASSQEFSGSSYEQYF	LWPVTLACF
CASSWTPTETQYF	LWPVTLACF
CASSDTGLTEAFF	LWPVTLACF
CASLSTYNEQFF	LWPVTLACF
CSARAGDWTGELFF	LWPVTLACF
CSPLSTSGEQYF	LWPVTLACF
CASSFSYEQYF	LWPVTLACF
CASTSSNYGYTF	LWPVTLACF
CASSLWQGTYNSPLHF	LWPVTLACF
CASSYWGGAGERETQYF	LWPVTLACF
CASSENNEQFF	LWPVTLACF
CASSLDNSGQGFFEQFF	LWPVTLACF
CASSLESASSYNEQFF	LWPVTLACF
CASSEGSEAFF	LWPVTLACF
CATSDRTSTDTQYF	LWPVTLACF
CSATGQVTEQYF	LWPVTLACF
CASSLDLAPYNEQFF	LWPVTLACF
CASSQSNEQFF	LWPVTLACF
CASSLADGGAGADTQYF	LWPVTLACF
CSARDGTVGYEQYF	LWPVTLACF
CASSWTGGNEQFF	LWPVTLACF
CASSWDRIAF	LWPVTLACF
CASSEGGPSYEQYF	LWPVTLACF
CATSDFSGNNEQFF	LWPVTLACF
CASSLLLPQSIDEQFF	LWPVTLACF
CASSPIRTEEQYF	LWPVTLACF
CASSLVVGTGELFF	LWPVTLACF
CASSYYSTDTQYF	LWPVTLACF
CASSQSAIGERVLNEKLFF	LWPVTLACF
CASSSRTSGTTGELFF	LWPVTLACF
CASSLLAVPTGELFF	LWPVTLACF
CASSKNHGMNTEAFF	LWPVTLACF
CATSDRGLDRETQYF	LWPVTLACF
CASSYKLGEGEAFF	LWPVTLACF
CASSERLAVAKNIQYF	LWPVTLACF
CATSDLTADPPTSTDTQYF	LWPVTLACF
CASSWTGMNTEAFF	LWPVTLACF
CASQGPTGNEQFF	LWPVTLACF
CASSEWGSAYEQYF	LWPVTLACF
CASRGGNTEAFF	LWPVTLACF
CASSFLAHMNTQYF	LWPVTLACF
CASSQPTGVGETQYF	LWPVTLACF
CASGKQGQETQYF	LWPVTLACF
CASSHPGGPNTGELFF	LWPVTLACF
CASSFRTAIYGYTF	LWPVTLACF
CAISTGFGDTEAFF	LWPVTLACF
CASSQDTGVDQPQHF	LWPVTLACF
CATSDFLLTDTQYF	LWPVTLACF
CASSYSLEGGGYTSGLPPTDTQYF	LWPVTLACF
CASSPGTNEQFF	LWPVTLACF
CASSAEISSYEQYF	LWPVTLACF
CASSYSPKASGSNTGELFF	LWPVTLACF
CASSGIQRAYEQYF	LWPVTLACF
CASSLGAGNQPQHF	LWPVTLACF
CSARDGTVGYEQYF	LWPVTLACF
CASRQGVLLGYTF	LWPVTLACF
CATLGRGTGELFF	LWPVTLACF
CASSVTRGGVEKLFF	LWPVTLACF
CASSLEGTGGSEKLFF	LWPVTLACF
CASSPSKGASTDTQYF	LWPVTLACF
CASSVARGYNEQFF	LWPVTLACF
CASTSFSGGSGYEQFF	LWPVTLACF
CASSYFTKGTEAFF	LWPVTLACF
CASTTGNEQFF	LWPVTLACF
CASSLEGLLGNEQFF	LWPVTLACF
CATPLRAGGVLLIYNEQFF	LWPVTLACF
CANNVADTGELFF	LWPVTLACF
CASSLTGVEAFF	LWPVTLACF
CASSFLIGAYGYTF	LWPVTLACF
CASSQWGSGNTIYF	LWPVTLACF
CASSETGSYEQYF	LWPVTLACF
CASSSTENSPLHF	LWPVTLACF
CASSISGNYNEQFF	LWPVTLACF
CASSPNNEQFF	LWPVTLACF
CASSFTDRGSPYEQYF	LWPVTLACF
CASTRGGMNEQFF	LWPVTLACF
CASSLMQGINIQYF	LWPVTLACF
CSASLVGPGTEAFF	LWPVTLACF
CASSSQPQHF	LWPVTLACF
CASSILAGATDTQYF	LWPVTLACF
CSAPGLDSNTQYF	LWPVTLACF
CASSIRDSGSYEQYF	LWPVTLACF
CATTPSDRTNF	LWPVTLACF
CASSLTGVAGYNEQFF	LWPVTLACF
CASSQAYNEQFF	LWPVTLACF
CASTGWGGETQYF	LWPVTLACF
CASSLNLYNEQFF	LWPVTLACF
CASSQDTGLPAADTQYF	LWPVTLACF
CSAPGTANYNEQFF	LWPVTLACF
CASSFSGSPHNEQFF	LWPVTLACF
CASSLLGEQYF	LWPVTLACF
CSARDLDSPEEQYF	LWPVTLACF
CASSFLLAGSNEQFF	LWPVTLACF
CASSQQPSGGGSSYEQYF	LWPVTLACF
CASSPSNEQFF	LWPVTLACF
CASQNNEQFF	LWPVTLACF
CASSVEGLNTEAFF	LWPVTLACF
CASSPEGLVNEQFF	LWPVTLACF
CASSQIGVGANVLTF	LWPVTLACF
CATAPQQDSYEQYF	LWPVTLACF
CASSRFSLATDTQYF	LWPVTLACF
CASSQVQGSTEAFF	LWPVTLACF
CASSPDRLPNQPQHF	LWPVTLACF
CASSSQQMNTGELFF	LWPVTLACF
CASSYQGARQPQHF	LWPVTLACF
CASSRPGLDPEYEQYF	LWPVTLACF
CASSQHIGYNEQFF	LWPVTLACF
CASSSRLAGGRVADTQYF	LWPVTLACF
CASSLTKGAHGYTF	LWPVTLACF
CAIPGQGNNEQFF	LWPVTLACF
CASSSAITARGLYEQYF	LWPVTLACF
CASGHNQATQYF	LWPVTLACF
CSVEDGGSRQYF	LWPVTLACF
CASSQEVAGVYNEQFF	LWPVTLACF
CASSSSPPTTGGDAGGYTF	LWPVTLACF
CASSQVEASGSQDEQFF	LWPVTLACF
CASSTQGVSEQYF	LWPVTLACF
CATGNGGGYTF	LWPVTLACF
CASRGEGLLHGYTF	LWPVTLACF
CASSLLSPLLETQYF	LWPVTLACF
CASSPGLAGGWDAGELFF	LWPVTLACF
CASSLGTGYNEQFF	LWPVTLACF
CASSQEIANTEAFF	LWPVTLACF
CASSGPGVAGADEQYF	LWPVTLACF
CASSASSLGGGVSYEQYF	LWPVTLACF
CASSLLAESYNEQFF	LWPVTLACF
CASSLTDTQYF	LWPVTLACF
CASSLIGPNEKLFF	LWPVTLACF
CASTQGFGYNEQFF	LWPVTLACF
CASSFVGGELFF	LWPVTLACF
CSARGMLTGELFF	LWPVTLACF
CASSKSNIQYF	LWPVTLACF
CASNGQGNPYEQYF	LWPVTLACF
CASSETRGYEQYF	LWPVTLACF
CASSSGTSIETQYF	LWPVTLACF
CASSQESGYGYTF	LWPVTLACF
CASRIYNEKLFF	LWPVTLACF
CASSLSPPIAKREGHNEQFF	LWPVTLACF
CASSQGQPQHF	LWPVTLACF
CAWSVLRTVEETQYF	LWPVTLACF
CASSPGGVIGTDTQYF	LWPVTLACF
CASSLSGRASYNEQFF	LWPVTLACF
CASSLGEMGSYEQYF	LWPVTLACF
CASSFRGAGNTIYF	LWPVTLACF
CASSLGGEQFF	LWPVTLACF
CASSKDQRGYTF	LWPVTLACF
CASSPGTVIEAFF	LWPVTLACF
CASSALLGNYGYTF	LWPVTLACF
CASSHLETEPTDTQYF	LWPVTLACF
CASTSTGRYGYTF	LWPVTLACF
CASSLGGQGSNQPQHF	LWPVTLACF
CASSFLLAGGPHEQYF	LWPVTLACF
CASSLIAGANEQYF	LWPVTLACF
CASSESYEQYF	LWPVTLACF
CASSSPPSEAFF	LWPVTLACF
CASSSLGTSGAGDTQYF	LWPVTLACF
CASSLMGFHEQYF	LWPVTLACF
CASSSLGLADLQETQYF	LWPVTLACF
CASSLDGLVDF	LWPVTLACF
CASSYLTTNTEAFF	LWPVTLACF
CASSIFSFGGNQPQHF	LWPVTLACF
CASSILPVVGNTIYF	LWPVTLACF
CASSLALVGEQFF	LWPVTLACF
CASSPVGTANTEAFF	LWPVTLACF
CASSSIPPYEQYF	LWPVTLACF
CSALDPAGTSGRLSYEQYF	LWPVTLACF
CASSLSNVLGATDTQYF	LWPVTLACF
CASTSVSEQYF	LWPVTLACF
CASSYSLGQMSSYNSPLHF	LWPVTLACF
CASLPQGPYGYTF	LWPVTLACF
CASSLVFETQYF	LWPVTLACF
CASSPPGIAYNEQFF	LWPVTLACF
CATSDLSGGESTDTQYF	LWPVTLACF
CASSYSTGNEQFF	LWPVTLACF
CASSLPGLNEQFF	LWPVTLACF
CASSQGNEQFF	LWPVTLACF
CASSPLGFGDEQFF	LWPVTLACF
CASSQTVSGETQYF	LWPVTLACF
CSPHLVGQGEYNEQFF	LWPVTLACF
CASAPGAEAFF	LWPVTLACF
CASSYSLGQGGEQYF	LWPVTLACF
CASSTDQPQHF	LWPVTLACF
CSVVRAESNSYNEQFF	LWPVTLACF
CASSYGLVRELFF	LWPVTLACF
CASMKSPSYPYEQYF	LWPVTLACF
CASNGQGYYNEQFF	LWPVTLACF
CASSWDLEGSGELFF	LWPVTLACF
CASSHELNHNEQFF	LWPVTLACF
CASSHTRGEQYF	LWPVTLACF
CASSLWGAGTADYEQYF	LWPVTLACF
CASSSYSGTEAFF	LWPVTLACF
CASSLGVTGGLETQYF	LWPVTLACF
CASSLLSPTGPNTEAFF	LWPVTLACF
CASSTWGRGTGTSDTQYF	LWPVTLACF
CASSPGQLQETQYF	LWPVTLACF
CASFFIDDNEKLFF	LWPVTLACF
CASSLSSGVTDTQYF	LWPVTLACF
CSVDWGETQYF	LWPVTLACF
CASSIGRGTHEQYF	LWPVTLACF
CSVEGDSAYEQYF	LWPVTLACF
CASSEGQGYQETQYF	LWPVTLACF
CASSPQGFNEQFF	LWPVTLACF
CASSFNPEAFF	LWPVTLACF
CASSQDSVGLNYGYTF	LWPVTLACF
CATSDWDRGRDTGELFF	LWPVTLACF
CASSLGYSPLHF	LWPVTLACF
CASSSPTSGRPDEQYF	LWPVTLACF
CASSLAGASYEQYF	LWPVTLACF
CASSPQRGTVDNEQFF	LWPVTLACF
CASSTTGVGTDTQYF	LWPVTLACF
CASSSIEGLAGSLYEQYF	LWPVTLACF
CASSEATGYIQYF	LWPVTLACF
CASSLGGGLDEQYV	LWPVTLACF
CASSQDLAGGGNEQFF	LWPVTLACF
CASSLVYYEQYF	LWPVTLACF
CASRDRAETQYF	LWPVTLACF
CASSLWEGGTDTQYF	LWPVTLACF
CASSLLTPSGANVLTF	LWPVTLACF
CASSLWAGGTEAFF	LWPVTLACF
CASSQVGETEAFF	LWPVTLACF
CASSEAFGQLDTEAFF	LWPVTLACF
CASFTLWRGHRNNEQFF	LWPVTLACF
CATRADSYEQYF	LWPVTLACF
CASSLLGGELFF	LWPVTLACF
CSARDTTQSLAGGVTQYF	LWPVTLACF
CASSLGLYDEQFF	LWPVTLACF
CASTTPHGSYTF	LWPVTLACF
CASSYPGTGVYEQYF	LWPVTLACF
CSARAPPTAETTSYEQYF	LWPVTLACF
CSAPLGLAGGPGETQYF	LWPVTLACF
CSARDVLAATDTQYF	LWPVTLACF
CASSLIAGDGNEQFF	LWPVTLACF
CATSDPRLSSYNEQFF	LWPVTLACF
CASSQRFAGTVDYEQYF	LWPVTLACF
CASSLVDTQYF	LWPVTLACF
CASSPGLAGDGTDTQYF	LWPVTLACF
CASSPGVARGGETQYF	LWPVTLACF
CASSLGEKLFF	LWPVTLACF
CASSHHLYVYEQYF	LWPVTLACF
CASSPDTSYEQYF	LWPVTLACF
CASSLADNAQFF	LWPVTLACF
CASSLGRAQPQHF	LWPVTLACF
CASSTIAGQSNTGELFF	LWPVTLACF
CASSQGTGGMGTGELFF	LWPVTLACF
CASTLGGNQPQHF	LWPVTLACF
CASRTVRNTEAFF	LWPVTLACF
CASSYSPAPNYEQYF	LWPVTLACF
CASSPNNEQFF	LWPVTLACF
CASSYSAGELNYGYTF	LWPVTLACF
CASSNVSNQPQHF	LWPVTLACF
CASSFPGLEGEHEQYF	LWPVTLACF
CASSPSGLSGNTIYF	LWPVTLACF
CATSDLSSGGSTDTQYF	LWPVTLACF
CASRDRARYEQYF	LWPVTLACF
CASSPDRGRTDTQYF	LWPVTLACF
CAISEQGDWGFF	LWPVTLACF
CASSPRGTGNTIYF	LWPVTLACF
CASSLVPGFDEQYF	LWPVTLACF
CASNQGLAGSWTGELFF	LWPVTLACF
CASSPGRSQETQYF	LWPVTLACF
CSARDVDNEQFF	LWPVTLACF
CASTSTGELFF	LWPVTLACF
CASSFPGQGGAATTKLTDTQYF	LWPVTLACF
CATSRELRASSYEQYF	LWPVTLACF
CASSLGILGTEAFF	LWPVTLACF
CASSPTGTDDEQFF	LWPVTLACF
CASTATGTLYNEQFF	LWPVTLACF
CSVVATTAMDGELFF	LWPVTLACF
CASSQELAASYEQYF	LWPVTLACF
CAWNPWGQGRGEQFF	LWPVTLACF
CASSFWQGGYGYTF	LWPVTLACF
CASSIGLSYEQYV	LWPVTLACF
CASSSWAYNEQFF	LWPVTLACF
CASSLAPPGELFF	LWPVTLACF
CASSHGSYEQYF	LWPVTLACF
CASSHGTGAGHYGYTF	LWPVTLACF
CASSLFGGELFF	LWPVTLACF
CASSLLSGEQPQHF	LWPVTLACF
CASSLSMGGARNQPQHF	LWPVTLACF
CASSSALGGDNSPLHF	LWPVTLACF
CASLGRFQETQYF	LWPVTLACF
CASSYAGGSGELFF	LWPVTLACF
CASSWELNTGELFF	LWPVTLACF
CASSQGTGGNTQYF	LWPVTLACF
CAIRDVSRTEAFF	LWPVTLACF
CASSLSGELFF	LWPVTLACF
CSAEMDRGRGNTIYF	LWPVTLACF
CASSLLGFTEAFF	LWPVTLACF
CASRGTGVQYYNEQFF	LWPVTLACF
CASSYSQILAGVYEQYF	LWPVTLACF
CASSLTGNTEAFF	LWPVTLACF
CAISEPGGITYNEQFF	LWPVTLACF
CASSLSGGNYGYTF	LWPVTLACF
CASSLLDKGAGFGQPQHF	LWPVTLACF
CASSLSAIAGLAGYEQYF	LWPVTLACF
CASSTRGNTIYF	LWPVTLACF
CATQTEQVSIARSTDTQYF	LWPVTLACF
CASSYSWGTEETQYF	LWPVTLACF
CASSPTGDRPQHF	LWPVTLACF
CASSHPGTGYEQYF	LWPVTLACF
CATSDLRGEEFQETQYF	LWPVTLACF
CASSLASGVTGELFF	LWPVTLACF
CASSLWDLSGNTIYF	LWPVTLACF
CASSATGPNQPQHF	LWPVTLACF
CSVEAWTSGSTYEQYF	LWPVTLACF
CATSDFGLGEQFF	LWPVTLACF
CASSQDPLREGLVDNEQFF	LWPVTLACF
CSVPGLAVSYNEQFF	LWPVTLACF
CASSQDELGPSTDTQYF	LWPVTLACF
CSARQPTNEKLFF	LWPVTLACF
CASVVSGWDEQFF	LWPVTLACF
CATSDSAGEETQYF	LWPVTLACF
CASGQNEQFF	LWPVTLACF
CATLGDGYTF	LWPVTLACF
CASTGIPSGHSYEQYF	LWPVTLACF
CASSQSLGSEQYF	LWPVTLACF
CASSSWTSGTYEQYF	LWPVTLACF
CASSLLVAGGPGEQFF	LWPVTLACF
CASSLGTVTGELFF	LWPVTLACF
CASSVIEGGTEAFF	LWPVTLACF
CASSNTRDYTF	LWPVTLACF
CASSLDPGHFRNTIYF	LWPVTLACF
CASSYRGRAHEKLFF	LWPVTLACF
CASSQGGGVYEQYF	LWPVTLACF
CASSDQGNTIYF	LWPVTLACF
CATSDLAGVPNNEQFF	LWPVTLACF
CASSYEAPTEAFF	LWPVTLACF
CASSPGLAHEQYF	LWPVTLACF
CASSRQDYSYNEQFF	LWPVTLACF
CASSFETEAFF	LWPVTLACF
CASSLVFQGAKDTEAFF	LWPVTLACF
CASSLSFSGTADYEQYF	LWPVTLACF
CASSGWDRTSYEQYF	LWPVTLACF
CATQDGGFGYTF	LWPVTLACF
CASSYPGTQETQYF	LWPVTLACF
CASSLSPEQYF	LWPVTLACF
CSAAGTGGDNEQFF	LWPVTLACF
CASSSTSGSPTDTQYF	LWPVTLACF
CASSFDRGAFF	LWPVTLACF
CASSEYRGLDTGELFF	LWPVTLACF
CASSYSSSYNSPLHF	LWPVTLACF
CASSFTSIEQYF	LWPVTLACF
CASSEGQGYEQYF	LWPVTLACF
CATSPGLDSYNEQFF	LWPVTLACF
CASRIEFYEQFF	LWPVTLACF
CSVSGTSMNTEAFF	LWPVTLACF
CASSFTDTQYF	LWPVTLACF
CASSISATHNEQFF	LWPVTLACF
CASSQEQGIGELFF	LWPVTLACF
CASSPSYSGANVLTF	LWPVTLACF
CAISDFGSGGPTTYEQYF	LWPVTLACF
CASSPDNEQFF	LWPVTLACF
CASSSAGVNTQYF	LWPVTLACF
CASGGDSQETQYF	LWPVTLACF
CASSYSLGQGAALNSEQYF	LWPVTLACF
CASTPQGQPFSF	LWPVTLACF
CASSPGTGDGELFF	LWPVTLACF
RASSLADRSYEQYF	LWPVTLACF
CASSLPGQGTYNEQFF	LWPVTLACF
CASTQGAREKLFF	LWPVTLACF
CASSPWRGAYNEQFF	LWPVTLACF
CASSKAWLNTGELFF	LWPVTLACF
CSAGGNEQFF	LWPVTLACF
CASGFTGPRVNEQFF	LWPVTLACF
CASSPIVGTYEQYF	LWPVTLACF
CASSPYNQIGELFF	LWPVTLACF
CSARDHRTSGITDTQYF	LWPVTLACF
CASSFNRVEQFF	LWPVTLACF
CSARLQGNEQFF	LWPVTLACF
CASSSRARPYEQYF	LWPVTLACF
CSATGPNSNQPQHF	LWPVTLACF
CASTFGPYNSPLHF	LWPVTLACF
CAWRILAGNEQFF	LWPVTLACF
CASSSGPDRADAYEQYF	LWPVTLACF
CSVDGRTSGYNEQFF	LWPVTLACF
CASSHPNDRLNTEAFF	LWPVTLACF
CASSFPGIGGDYNEQFF	LWPVTLACF
CASSQDLLGGEVNGYTF	LWPVTLACF
CASTEQGPEAFF	LWPVTLACF
CASSLTNYEQYF	LWPVTLACF
CASSLTNEQFF	LWPVTLACF
CASSQTPMNTEAFF	LWPVTLACF
CATSDFGMTGTTDTQYF	LWPVTLACF
CASSPNLAGGVATGELFF	LWPVTLACF
CASSGDTSYEQYF	LWPVTLACF
CASSDPMLGEQFF	LWPVTLACF
CASSQGTSGYTDTQYF	LWPVTLACF
CASSQGFHEQFF	LWPVTLACF
CASSSHNEQFF	LWPVTLACF
CASSSSRDLGQYF	LWPVTLACF
CASSLGTSGTEQYF	LWPVTLACF
CASSLAGAYEQYF	LWPVTLACF
CATESAMTQYF	LWPVTLACF
CASHAGVGNGYTF	LWPVTLACF
CATSDLRQGISTDTQYF	LWPVTLACF
CASSPGPPNEQFF	LWPVTLACF
CASSLDLGTGYEQYF	LWPVTLACF
CASSKDLRDSSEEAQYF	LWPVTLACF
CASSFSPWTGSQAGGTQYF	LWPVTLACF
CASSQDGEFTEAFF	LWPVTLACF
CASRGGDPYEQYF	LWPVTLACF
CASSLYGQPQHF	LWPVTLACF
CASSNYKRAYNEQFF	LWPVTLACF
CSVGGLAGVVADTQYF	LWPVTLACF
CASSLEAGSSYNEQFF	LWPVTLACF
CSAPLKANSYEQYF	LWPVTLACF
CASSSWIYNEQFF	LWPVTLACF
CASSLGDWRQHF	LWPVTLACF
CASSQDRRGAEQYF	LWPVTLACF
CASSVSGQGIPYNEQFF	LWPVTLACF
CASRPVGTGFEQYF	LWPVTLACF
CSARVVFNEQFF	LWPVTLACF
CASSYWTNGYTF	LWPVTLACF
CASRPGTSGTDTQYF	LWPVTLACF
CASSVVGATDTQYF	LWPVTLACF
CASSLVGYEQYF	LWPVTLACF
CASSSTRPGSASTDTQYF	LWPVTLACF
CASSTQRLSPGEQYF	LWPVTLACF
CASSLVLGEQYF	LWPVTLACF
CASSHPGLGYEQYV	LWPVTLACF
CASSPGRVSGITGELFF	LWPVTLACF
CASSLRRGGYTF	LWPVTLACF
CASSLGTSGSFGNEQFF	LWPVTLACF
CASSQVLGAGELFF	LWPVTLACF
CASSSATEAFF	LWPVTLACF
CASSQLSPRDSYAYEQYF	LWPVTLACF
CASSLVGGGTYNEQFF	LWPVTLACF
CATAQGSGANVLTF	LWPVTLACF
CASSLVGTGLNEKLFF	LWPVTLACF
CASSYSLGTGELFF	LWPVTLACF
CASSSRGTGNTIYF	LWPVTLACF
CSASDGRETQYF	LWPVTLACF
CASSIASGTVNQQFF	LWPVTLACF
CASSEGLYNEQFF	LWPVTLACF
CASSFEGGLGTEAFF	LWPVTLACF
CASRKQLFTDTQYF	LWPVTLACF
CASSFGRDTSYQETQYF	LWPVTLACF
CATSDFDRGLSETQYF	LWPVTLACF
CASSSPGTGHGYTF	LWPVTLACF
CSVPGLAGANYNEQFF	LWPVTLACF
CATSARTAYEQYF	LWPVTLACF
CASSLSGGQPQHF	LWPVTLACF
CASSFLGPVYEQYF	LWPVTLACF
CASSASGAATGELFF	LWPVTLACF
CASSLALPGSYEQYF	LWPVTLACF
CASSSPRDREDSPLHF	LWPVTLACF
CASSEFSGSSDTQYF	LWPVTLACF
CASRLVPRAGANSQPQHF	LWPVTLACF
CASSYKASNQPQHF	LWPVTLACF
CASSQAGGGEQYF	LWPVTLACF
CSARDGTVGYEQYF	LWPVTLACF
CASSESWETQYF	LWPVTLACF
CSVDGTSGGSYEQYF	LWPVTLACF
CASSSPRLAVYEQYF	LWPVTLACF
CASRTDRENTEAFF	LWPVTLACF
CASASGYYNEQFF	LWPVTLACF
CASSSWDTSTDTQYF	LWPVTLACF
CASSVLGANEQFF	LWPVTLACF
CAGVRGGLNTEAFF	LWPVTLACF
CASSLGLAPPLRNEQFF	LWPVTLACF
CASSPRAGQGARGHQPQHF	LWPVTLACF
CASSQVTGSYEQYF	LWPVTLACF
CASSISAGGAFF	LWPVTLACF
CASSLSVSEAFF	LWPVTLACF
CASSLGGLEQYF	LWPVTLACF
CASISGTGYEQYF	LWPVTLACF
CASTSGADTQYF	LWPVTLACF
CASSPDNEQFF	LWPVTLACF
CSVLDTRYEQYF	LWPVTLACF
CASNPTGLISNQPQHF	LWPVTLACF
CASSLPGQEAFF	LWPVTLACF
CASSVDGGAQDEQFF	LWPVTLACF
CASSYGLTNTGELFF	LWPVTLACF
CASSPTMNTEAFF	LWPVTLACF
CASSYSPQAFF	LWPVTLACF
CASTPLASGAETQYF	LWPVTLACF
CASSYAAGANVLTF	LWPVTLACF
CASSQDLSGGSYEQYF	LWPVTLACF
CASSWASGELFF	LWPVTLACF
CASSFVVNTEAFF	LWPVTLACF
CATGANEQFF	LWPVTLACF
CASSRYSHVDTQYF	LWPVTLACF
CAISEAAGAGQHTEAFF	LWPVTLACF
CASIGRGGGETQYF	LWPVTLACF
CASSHTPGELFF	LWPVTLACF
CASSQTGTNQPQHF	LWPVTLACF
CATSDLTGQGLNEQFF	LWPVTLACF
CASSPGLVNEQFF	LWPVTLACF
CATSDFQAGELFF	LWPVTLACF
CATGPGTTEAFF	LWPVTLACF
CASSPLGQPQHF	LWPVTLACF
CASSSTSNEKLFF	LWPVTLACF
CALAGLNPNEQFF	LWPVTLACF
CASSSHRATNEKLFF	LWPVTLACF
CASSEFTGSVGADTQYF	LWPVTLACF
CASSGTSGHSTDTQYF	LWPVTLACF
CASSLLAGVYYEQYF	LWPVTLACF
CATSGQVGQETQYF	LWPVTLACF
CASITDVGEQYF	LWPVTLACF
CASSLTGGDLKTQYF	LWPVTLACF
CASSSGTGATYEQYF	LWPVTLACF
CSARAGQINEKLFF	LWPVTLACF
CASSLIYNEQFF	LWPVTLACF
CASNPVTSQETQYF	LWPVTLACF
CASSPGTSGWQETQYF	LWPVTLACF
CASQGQGDNEQFF	LWPVTLACF
CASSLGQPQHF	LWPVTLACF
CASSLFYSNQPQHF	LWPVTLACF
CSAFGQGQPQHF	LWPVTLACF
CSARDPWAPEEAFF	LWPVTLACF
CASSRDRETTEAFF	LWPVTLACF
CASSYSIGAGVETDTQYF	LWPVTLACF
CASSIPGSNEQFF	LWPVTLACF
CASSYVPGDSQETQYF	LWPVTLACF
CASSIQDGGQPQHF	LWPVTLACF
CASSQEDETQYF	LWPVTLACF
CASSLAGASYEQYF	LWPVTLACF
CASSLVMNTEAFF	LWPVTLACF
CASSPGQGYEQYF	LWPVTLACF
CASSEFWTGRPETQYF	LWPVTLACF
CASSGTDDNSPLHF	LWPVTLACF
CASSYPFGSSYNEQFF	LWPVTLACF
CASSPRFTGELFF	LWPVTLACF
CASSYFLGQLNTEAFF	LWPVTLACF
CASSYGPEAFF	LWPVTLACF
CASSSIGFEQYF	LWPVTLACF
CASSLANEQFF	LWPVTLACF
CASSDDNEQFF	LWPVTLACF
CATSALAGGPTDTQYF	LWPVTLACF
CASSTTGTSGIESSYEQYF	LWPVTLACF
CASISTGGAGYTF	LWPVTLACF
CASSETTATSTDTQYF	LWPVTLACF
CASSLLLAGGVETQYF	LWPVTLACF
CASSLGARAYEQYF	LWPVTLACF
CASSWSLAGESEQFF	LWPVTLACF
CASSYNQETQYF	LWPVTLACF
CASSQDALARLNTEAFF	LWPVTLACF
CASSQDHSPLHF	LWPVTLACF
CASSENLMNTEAFF	LWPVTLACF
CATSRDRGTAYGYTF	LWPVTLACF
CASSDLTSGVEQFF	LWPVTLACF
CASSQVLGFGETQYF	LWPVTLACF
CASSEFWTGRGTDTQYF	LWPVTLACF
CASSPNLAHTNTGELFF	LWPVTLACF
CASSFSESYEQYF	LWPVTLACF
CASSPLTGTEGQYF	LWPVTLACF
CATPAVGGEQFF	LWPVTLACF
CASSEEPSSTDTQYF	LWPVTLACF
CSVEGYTQEGNYGYTF	LWPVTLACF
CASSLTGYTEAFF	LWPVTLACF
CASIPRGPHLEAFF	LWPVTLACF
CATSDLADVYNEQFF	LWPVTLACF
CSVVGREGAGGYTF	LWPVTLACF
CSVDSPSSYNEQFF	LWPVTLACF
CATKVELAGYNEQFF	LWPVTLACF
CASSSIGRGQGEKLFF	LWPVTLACF
CSVPRENTGELFF	LWPVTLACF
CSVTTGSYGYTF	LWPVTLACF
CASSYSVVLAGRGETQYF	LWPVTLACF
CASSPTNTEAFF	LWPVTLACF
CASSFPSDSTYQETQYF	LWPVTLACF
CASSTPGQASNTEAFF	LWPVTLACF
CASSSAQGAITGELFF	LWPVTLACF
CASFGLAGTGELFF	LWPVTLACF
CASSLSTVSTYEQYF	LWPVTLACF
CASSPPDRFSYEQYF	LWPVTLACF
CATSDLNRPDTQYF	LWPVTLACF
CASRTGFEQYF	LWPVTLACF
CASSLNQPQHF	LWPVTLACF
CSVYGTSGPGTQYF	LWPVTLACF
CATTPGVSTDTQYF	LWPVTLACF
CASSLYGAPKDYNEQFF	LWPVTLACF
CASTTVPQRVGTDIQYF	LWPVTLACF
CASSPIGQGVPQPQHF	LWPVTLACF
CASSEGRTGVKEKLFF	LWPVTLACF
CASSLTTGGTEAFF	LWPVTLACF
CASQGLAGVEQFF	LWPVTLACF
CASSQPGQGAYF	LWPVTLACF
CASSSPGTGSQYF	LWPVTLACF
CASSLRGAGNTIYF	LWPVTLACF
CASSYRTRGSNQPQHF	LWPVTLACF
CASTSGNEQFF	LWPVTLACF
CASSYGTSGRKVWETQYF	LWPVTLACF
CASTGPDNGSGTQQFF	LWPVTLACF
CAWSSLAGGRDEQFF	LWPVTLACF
CASSLSPTSGLAGGRPWETQYF	LWPVTLACF
CASSSDRSYEQYF	LWPVTLACF
CASSPFLASGTSNPQFF	LWPVTLACF
CASSLVRNTEAFF	LWPVTLACF
CATSRDYQGQVYGYTF	LWPVTLACF
CASTGQGGYEQYF	LWPVTLACF
CASSPPGSNEQFF	LWPVTLACF
CASSVEGTASTDTQYF	LWPVTLACF
CASSEDNEQFF	LWPVTLACF
CASRTTVTYNEQFF	LWPVTLACF
CASSPGGARVEAFF	LWPVTLACF
CASSPTEDLILTDEQFF	LWPVTLACF
CASSSGGPFYNEQFF	LWPVTLACF
CASSPVDSYEQYF	LWPVTLACF
CASSQSNEQFF	LWPVTLACF
CASSFIWTALAGFPKIVYNEQFF	LWPVTLACF
CASSVGGYTEAFF	LWPVTLACF
CASRPQGDTQYF	LWPVTLACF
CASSWGGRAGGEQFF	LWPVTLACF
CASSWQGGYEQYF	LWPVTLACF
CASSYSLGRTGELFF	LWPVTLACF
CASSQWTSGGETQYF	LWPVTLACF
CASSPGAPLHF	LWPVTLACF
CATFDRDRGNMGYTF	LWPVTLACF
CASSPSNEQFF	LWPVTLACF
CASSLAGWETQYF	LWPVTLACF
CASSYIPGQYTGELFF	LWPVTLACF
CASSASSEQFF	LWPVTLACF
CASSDGGKRTYEQYF	LWPVTLACF
CASSFEGSTDTQYF	LWPVTLACF
CASSTPAGFNGETQYF	LWPVTLACF
CATSDLGTSGTSTDTQYF	LWPVTLACF
CASSSSQWAFF	LWPVTLACF
CASSLAMNTEAFF	LWPVTLACF
CASSLSVETQYF	LWPVTLACF
CASSFGLEQFF	LWPVTLACF
CATSDLTSGTSTDTQYF	LWPVTLACF
CASSPLTGLDEKLFF	LWPVTLACF
CASSRYHVRDREPPPETQYF	LWPVTLACF
CASSYGAGDVLNEQFF	LWPVTLACF
CASSFRVLREKDYNEQFF	LWPVTLACF
CAWSLHQPQHF	LWPVTLACF
CASRWIAEAFF	LWPVTLACF
CASSAWGVGNGYTF	LWPVTLACF
CASSYSSSYGEAFF	LWPVTLACF
CSAFSRDRENEQYF	LWPVTLACF
CASSSGTGLLEQFF	LWPVTLACF
CASSPPGTEAFF	LWPVTLACF
CASSFLGQNYEQYF	LWPVTLACF
CASSLVSGANVLTF	LWPVTLACF
CASSLGTGTGVSYEQYF	LWPVTLACF
CASTQGVNEQFF	LWPVTLACF
CASSSPGQISPGDTF	LWPVTLACF
CSVSDSGASEVETQYF	LWPVTLACF
CASSVEGASTEAFF	LWPVTLACF
CASSLGTGEYTDTQYF	LWPVTLACF
CASSEHPQGNEQFF	LWPVTLACF
CSARDPGLASTDTQYF	LWPVTLACF
CASSLAFGDGYTF	LWPVTLACF
CASSPSPYEQYF	LWPVTLACF
CSALWNTEAFF	LWPVTLACF
CAISLSGTDLSGANVLTF	LWPVTLACF
CASSWGTVTGELFF	LWPVTLACF
CASSFGGGFNYEQYF	LWPVTLACF
CASSLTSGRAGSFYNEQFF	LWPVTLACF
CASSQTGAPYEQYF	LWPVTLACF
CASSSAGSANTGELFF	LWPVTLACF
CAISEWTDTQYF	LWPVTLACF
CASRPGGMGVASPLHF	LWPVTLACF
CASSITPGDWEQYF	LWPVTLACF
CSVVGGTSSYNEQFF	LWPVTLACF
CASSSHPRQGPGELFF	LWPVTLACF
CASSLWGDGELFF	LWPVTLACF
CASSQDRGQPNYGYTF	LWPVTLACF
CASNPTGPSYEQYF	LWPVTLACF
CAISESNTQYF	LWPVTLACF
CASSKDNEQFF	LWPVTLACF
CASSQDQRGVEQFF	LWPVTLACF
CASTMTGKETQYF	LWPVTLACF
CASSQTIATNEKLFF	LWPVTLACF
CASSLVVHEQYF	LWPVTLACF
CASSLSDTRQSYEQYF	LWPVTLACF
CASSLGAGVFQETQYF	LWPVTLACF
CASSPDSLNTEAFF	LWPVTLACF
CASRTKETQYF	LWPVTLACF
CSVDGDGEVQETQYF	LWPVTLACF
CASSRIEGYTYEQYF	LWPVTLACF
CASHAGGRYTEAFF	LWPVTLACF
CSAREGSNEQFF	LWPVTLACF
CASLGLPSYNEQFF	LWPVTLACF
CASESGTLGNQPQHF	LWPVTLACF
CASSLQGSGTEAFF	LWPVTLACF
CAGGLAGAHEQYF	LWPVTLACF
CASSVVGLTDTQYF	LWPVTLACF
CASSQEARGRLGQTQYF	LWPVTLACF
CASSLLVPQGPDTQYF	LWPVTLACF
CASSSLDRDGNIQYF	LWPVTLACF
CASSGLGVANEKLFF	LWPVTLACF
CASSFRTDSYNEQFF	LWPVTLACF
CSVHQLGSYEQYF	LWPVTLACF
CATSWSVPNTGELFF	LWPVTLACF
CASSPPSEQEQFF	LWPVTLACF
CAISDPTSPSYNEQFF	LWPVTLACF
CASSYGNSPLHF	LWPVTLACF
CASSPTGFYNEQFF	LWPVTLACF
CASSPPGTGSWEQFF	LWPVTLACF
CASSVEGTAGILLGYEQFF	LWPVTLACF
CASSSNTGELFF	LWPVTLACF
CASSLGTSGIEETQYF	LWPVTLACF
CATSDSGTPDTQYF	LWPVTLACF
CACGTGLAGEDTQYF	LWPVTLACF
CASSQDSGGNGYTF	LWPVTLACF
CASSQLAGVEQFF	LWPVTLACF
CASSAPGEGGYTF	LWPVTLACF
CASSVGAGDGYTF	LWPVTLACF
CASSQMGYEQYF	LWPVTLACF
CASSPNNEQFF	LWPVTLACF
CASSFWGRRGGETQYF	LWPVTLACF
CASSPRRTISYNEQFF	LWPVTLACF
CASSLGGRPWEQYF	LWPVTLACF
CATLGERHDSNYGYTF	LWPVTLACF
CASSLFQGGAETQYF	LWPVTLACF
CASSQGLGFADTQYF	LWPVTLACF
CSVVPDSENIQYF	LWPVTLACF
CSVVWSKGDTQYF	LWPVTLACF
CARNRGHEQYF	LWPVTLACF
CASMGSSRPEQFF	LWPVTLACF
CASIRQGQETQYF	LWPVTLACF
CASSLSLQSNYEQYF	LWPVTLACF
CASSKVGQHYEQYF	LWPVTLACF
CASSLDPSGAGLQETQYF	LWPVTLACF
CASSLPGWEKLFF	LWPVTLACF
CASSQASGGLWDTQYF	LWPVTLACF
CASSGLGLPNYGYTF	LWPVTLACF
CSASINLNTEAFF	LWPVTLACF
CASSSLIYSGDPPETQYF	LWPVTLACF
CASSSSTFHTEAFF	LWPVTLACF
CASSLNQPQHF	LWPVTLACF
CASSQIVGGLYGYTF	LWPVTLACF
CASSFLSSYNEQFF	LWPVTLACF
CASPNGSGYSGANVLTF	LWPVTLACF
CASSLGQTQYF	LWPVTLACF
CASSGRAISGNTIYF	LWPVTLACF
CASSLGQVDTEAFF	LWPVTLACF
CASSVLATGELFF	LWPVTLACF
CASSSIKRGLTDTQYF	LWPVTLACF
CASSELLRTADYGYTF	LWPVTLACF
CASSFMGPLYGYTF	LWPVTLACF
CASSSLAGAGTGELFF	LWPVTLACF
CASSLVVHEQFF	LWPVTLACF
CASLPKGLNYGYTF	LWPVTLACF
CASSLLLAGGPSTDTQYF	LWPVTLACF
CASKRGTGSSYNSPLHF	LWPVTLACF
CASSFLRAGGPEDQYF	LWPVTLACF
CASTRQGNEKLFF	LWPVTLACF
CASSFLREEAFF	LWPVTLACF
CSVTLPEQYF	LWPVTLACF
CASSQYGPGQLNEKLFF	LWPVTLACF
CASSYSPPYEQYF	LWPVTLACF
CASSNRSGTSGSMSYEQYF	LWPVTLACF
CASITFKEGAGELFF	LWPVTLACF
CASSPSNEQFF	LWPVTLACF
CAISERDNEQFF	LWPVTLACF
CASSFALDEAFF	LWPVTLACF
CASSVEGFGADTQYF	LWPVTLACF
CASLRTDLQETQYF	LWPVTLACF
CSVVAVLSYNEQFF	LWPVTLACF
CASSELGKTGEQYF	LWPVTLACF
CASSLRGSYEQYF	LWPVTLACF
CASSEVIVREGDYGYTF	LWPVTLACF
CASSFSGTSGSTDTQYF	LWPVTLACF
CATSDLQAQETQYF	LWPVTLACF
CAILTQGAEAFF	LWPVTLACF
CSVEEGLHPEQYF	LWPVTLACF
CASSYLGYEQYF	LWPVTLACF
CASNLQGAGTGELFF	LWPVTLACF
CASSLATGPTDTQYF	LWPVTLACF
CASSYSIRTASTDTQYF	LWPVTLACF
CASSPIDPDTEAFF	LWPVTLACF
CSARDLAGGSNEQFF	LWPVTLACF
CASTIQGTHDTQYF	LWPVTLACF
CASSFEGLEYYGYTF	LWPVTLACF
CASSPRTTPAPQHF	LWPVTLACF
CASSEVMGLNTEAFF	LWPVTLACF
CASSLLPPETDTQYF	LWPVTLACF
CATSDLYTGLADYNEQFF	LWPVTLACF
CASSQYTGELFF	LWPVTLACF
CASSWGLAGEDEQFF	LWPVTLACF
CASSQEGYPYNEQFF	LWPVTLACF
CASIEGERGSNPSYEQYF	LWPVTLACF
CASTLTGVASGEAFF	LWPVTLACF
CSARPFDRENTEAFF	LWPVTLACF
CASSLPGAEAFF	LWPVTLACF
CATSDFRTSGNQETQYF	LWPVTLACF
CSVEGTDRAGYTF	LWPVTLACF
CASSFKYAGTKDYEQYF	LWPVTLACF
CASSYRERGLGYTF	LWPVTLACF
CASSLLYYEQYF	LWPVTLACF
CASSPTPPILRRDRGGYTF	LWPVTLACF
CASWSYGNQPQHF	LWPVTLACF
CASSPGPYNEQFF	LWPVTLACF
CATSDIQGYETQYF	LWPVTLACF
CSVVGKGSYNEQFF	LWPVTLACF
CASSAAGTGGFEQFF	LWPVTLACF
CASSPTGNTEAFF	LWPVTLACF
CASSAQQRGPNYNEQFF	LWPVTLACF
CASSYYGTNNEQFF	LWPVTLACF
CASSLMNPSGTQETQYF	LWPVTLACF
CASAGNEQFF	LWPVTLACF
CASSLWGEPYEQYF	LWPVTLACF
CASSEFGGGYTF	LWPVTLACF
CASRMGGEQFF	LWPVTLACF
CASSQYPGRDQPQHF	LWPVTLACF
CASSPGPGYTF	LWPVTLACF
CASSHPNTGELFF	LWPVTLACF
CASSAGIAGDPDTQYF	LWPVTLACF
CSVAPPSGSFNEQFF	LWPVTLACF
CASEIMNSSGELFF	LWPVTLACF
CASTRVGETQYF	LWPVTLACF
CASTQLRALWDIQYF	LWPVTLACF
CSAAGTYNNEQFF	LWPVTLACF
CASSQEGLAGGFEQFF	LWPVTLACF
CASLGLQAFF	LWPVTLACF
CASSTNRGQETQYF	LWPVTLACF
CASSQELTSPILEQYF	LWPVTLACF
CASSTAGNPTDTQYF	LWPVTLACF
CASVRTGGPEQYF	LWPVTLACF
CASREDRVPLDEQYF	LWPVTLACF
CSATPGGLEQFF	LWPVTLACF
CSAGTLQGEISTDTQYF	LWPVTLACF
CASSLGTGGQFSTDTQYF	LWPVTLACF
CASSDPLAGGMYEQFF	LWPVTLACF
CASSILLQSSYNEQFF	LWPVTLACF
CASSYSLGMNTGELFF	LWPVTLACF
CSVGTGGTEAFF	LWPVTLACF
CATSSGPPLEDEQFF	LWPVTLACF
CASSYSAGELAGTAGNEQFF	LWPVTLACF
CASSRGRGSGYGYTF	LWPVTLACF
CASSLIGETQYF	LWPVTLACF
CASSLSWLPNQPQHF	LWPVTLACF
CASSFLPVKDTEAFF	LWPVTLACF
CASSIRQGHEQYF	LWPVTLACF
CAILDITLQTQYF	LWPVTLACF
CASSRWVAQRETQYF	LWPVTLACF
CASSPPELAGGTYEQYF	LWPVTLACF
CASSLGGATEAFF	LWPVTLACF
CASSLAGLAGGYNEQFF	LWPVTLACF
CASSPRGTNLNTEAFF	LWPVTLACF
CASRDNYASTDTQYF	LWPVTLACF
CASTSGTQETQYF	LWPVTLACF
CASSFGYYGYTF	LWPVTLACF
CASSLVHHGTTDYEQYF	LWPVTLACF
CASSQDPEGSGSRNEQFF	LWPVTLACF
CASSPRVEQFF	LWPVTLACF
CASSFRVDEQYF	LWPVTLACF
CASSLWGYQETQYF	LWPVTLACF
CATSMGGHEQFF	LWPVTLACF
CASRSGANVLTF	LWPVTLACF
CASSRQGEKLFF	LWPVTLACF
CASSIMGLGNTEAFF	LWPVTLACF
CASSAGRGQDPLNTEAFF	LWPVTLACF
CASSQDRSSSYEQYF	LWPVTLACF
CASRFTFPLAGSLTDTQYF	LWPVTLACF
CSVEEQKAGNTIYF	LWPVTLACF
CASSVGTSGSWRYNEQFF	LWPVTLACF
CASSVGTGGFQPQHF	LWPVTLACF
CASSLDSSNYGYTF	LWPVTLACF
CASRVLAGDGTGELFF	LWPVTLACF
CASGSTEAFF	LWPVTLACF
CASSLIAGAETQYF	LWPVTLACF
CATSQGNEQYF	LWPVTLACF
CASSGYNEQFF	LWPVTLACF
CSVEAGTINEQFF	LWPVTLACF
CATTYTGELFF	LWPVTLACF
CSAWDFVNEQYF	LWPVTLACF
CAIRDRAITDTQYF	LWPVTLACF
CASSPLGGSNQPQHF	LWPVTLACF
CASSSGHYEQYF	LWPVTLACF
CASSPRSVYTEAFF	LWPVTLACF
CASSLDMTATYEQYF	LWPVTLACF
CSARDLLAGVDEQFF	LWPVTLACF
CASSPNNEQFF	LWPVTLACF
CASSTGTSVNTGELFF	LWPVTLACF
CSAGYRAQRPLSYEQYF	LWPVTLACF
CASSLMGTTQYF	LWPVTLACF
CASSPHGTYTEAFF	LWPVTLACF
CASSESGLGTHTDTQYF	LWPVTLACF
CASSLDPGATDTQYF	LWPVTLACF
CASSFLGSPQHF	LWPVTLACF
CASSFLDRGNSPLHF	LWPVTLACF
CSVVGLAGGSSYNEQFF	LWPVTLACF
CASSLALAGGLFSDTQYF	LWPVTLACF
CASSEGYGYTF	LWPVTLACF
CASSLFGLPNTGELFF	LWPVTLACF
CASSHGAYYGYTF	LWPVTLACF
CASSPRDTQYF	LWPVTLACF
CASPGGTIEQYF	LWPVTLACF
CASIPPDTVYGYTF	LWPVTLACF
CSARDGTSGYEQYF	LWPVTLACF
CASSQDKRGPPYEQYF	LWPVTLACF
CASSLWGTEAFF	LWPVTLACF
CASSWAGGFTEAFF	LWPVTLACF
CASSEPRGVDKNIQYF	LWPVTLACF
CASSMTVSLETQYF	LWPVTLACF
CASSFRGNTEAFF	LWPVTLACF
CSVRGPNTEAFF	LWPVTLACF
CASSTFILRTASLNTEAFF	LWPVTLACF
CASSEFGLGRYGYTF	LWPVTLACF
CASSEGLAYEQYF	LWPVTLACF
CASSLGRDTGELFF	LWPVTLACF
CASSQYDTEAFF	LWPVTLACF
CASRPDRGREAFF	LWPVTLACF
CASSKSRQPRSSYEQYF	LWPVTLACF
CASMLANEQFF	LWPVTLACF
CASSVGQGYEQYF	LWPVTLACF
CASSQDFAQGITEAFF	LWPVTLACF
CASSPVHPGNTEAFF	LWPVTLACF
CASSQGEGLQETQYF	LWPVTLACF
CASSLSLGQEAFF	LWPVTLACF
CASSADREYHGYTF	LWPVTLACF
CSVVEVMNYGYTF	LWPVTLACF
CASSLFNTNEQFF	LWPVTLACF
CASSQDLLGAGLAPYEQYF	LWPVTLACF
CASSLDHWTSGPSYEQYF	LWPVTLACF
CSGVGTVDYEQYF	LWPVTLACF
CASSRTSPNEQFF	LWPVTLACF
CASSLGADTQYF	LWPVTLACF
CASSLQGLSGYTF	LWPVTLACF
CASSEQGWPRAFF	LWPVTLACF
CASSLGPETYEQYF	LWPVTLACF
CATAGWVAGGDEQYF	LWPVTLACF
CSARDEGLAGVWCEQYF	LWPVTLACF
CASSLGPDYEQYF	LWPVTLACF
CASSYLGPLNEQYF	LWPVTLACF
CASSLDGQGGSYEQYF	LWPVTLACF
CASSYRAPWASSYNEQFF	LWPVTLACF
CASSPLATGNEQYF	LWPVTLACF
CASTGRLDGRYEQYF	LWPVTLACF
CASSPLGDSPLHF	LWPVTLACF
CSARDSGLRGENTIYF	LWPVTLACF
CASRQWVDAGELFF	LWPVTLACF
CASSVESSGYQETQYF	LWPVTLACF
CASSYSSEQFF	LWPVTLACF
CASNLNNEQFF	LWPVTLACF
CASSLGLAGGTDTQYF	LWPVTLACF
CASSPSFAATHEQYF	LWPVTLACF
CASSARLAGSYEQYF	LWPVTLACF
CASSFLTGYGYTF	LWPVTLACF
CASIGGAPSYNEQFF	LWPVTLACF
CSDTGGDTQYF	LWPVTLACF
CASSFPRVAGSTDTQYF	LWPVTLACF
CASLPFPGQGLQETQYF	LWPVTLACF
CASSLLAPLLDNEQFF	LWPVTLACF
CSARDLVAYLGFETQYF	LWPVTLACF
CASSFNPRDRGNYGYTF	LWPVTLACF
CASSPTGGNTIYF	LWPVTLACF
CASSPGIGEDYEQYF	LWPVTLACF
CASSWGPEAFF	LWPVTLACF
