CDR3	AA
CASSPGTGGNQPQHF	GRLQSLQTY
CSASAGQGGFEQYF	GRLQSLQTY
CASSRGQGTDTQYF	GRLQSLQTY
CASTGPNPGAADTQYF	GRLQSLQTY
CASMETGGTEAFF	GRLQSLQTY
CASSTLTTGATDTQYF	GRLQSLQTY
CASKAAGDSYNEQFF	GRLQSLQTY
CSAGASGTYEQYF	GRLQSLQTY
CASGSGQGSSYEQYF	GRLQSLQTY
CASRPGTGWHEQYF	GRLQSLQTY
CSALASGITDTQYF	GRLQSLQTY
CSAPVPNTDTQYF	GRLQSLQTY
CASSEVGQGANIQYF	GRLQSLQTY
CASSLGQGTDTQYF	GRLQSLQTY
CASSLGQGTDTQYF	GRLQSLQTY
CASSWGTSGTDTQYF	GRLQSLQTY
CSADDAAGGMDTQYF	GRLQSLQTY
CASGLGQGDSEKLFF	GRLQSLQTY
CASSLGTSGTDTQYF	GRLQSLQTY
CASSFSHNEQFF	GRLQSLQTY
CASRTDQAGQGNNLVTEQYF	GRLQSLQTY
CASSERTATSTDTQYF	GRLQSLQTY
CASVLRGQETQYF	GRLQSLQTY
CASSQVLGGQETQYF	GRLQSLQTY
CASSYGDSYEQYF	GRLQSLQTY
CASSLEYRGLTDTQYF	GRLQSLQTY
CSVLGNMEETQYF	GRLQSLQTY
CASSLGQGNTEAFF	GRLQSLQTY
CAWSGGTGMNYGYTF	GRLQSLQTY
CAWSVGQSLSYEQYF	GRLQSLQTY
CSAKGGQTHEQYF	GRLQSLQTY
CAWSTGQGMIYGYTF	GRLQSLQTY
CASSLAGTASRGAQYF	GRLQSLQTY
CASSFSGNSYEQYF	GRLQSLQTY
CAWSVGLRMNTEAFF	GRLQSLQTY
CASSQDESNYGYTF	GRLQSLQTY
CASSLSGNTGELFF	GRLQSLQTY
CASSYNGPPYEQYF	GRLQSLQTY
CSASMGGRGTTNEKLFF	GRLQSLQTY
CSSGTSGSAETQYF	GRLQSLQTY
CASSFITSDEQFF	GRLQSLQTY
CASSYGTGNTEAFF	GRLQSLQTY
CASSELSEGATYEQYF	GRLQSLQTY
CASTFGGQETQYF	GRLQSLQTY
CASTPLAGELAEQFF	GRLQSLQTY
CASSGQGLGVNTEAFF	GRLQSLQTY
CASTSGTGHYEQYF	GRLQSLQTY
CASSFAVGTYEQYF	GRLQSLQTY
CAGLAAFTGVETQYF	GRLQSLQTY
CASSSGGTQYF	GRLQSLQTY
CASSLSAVQFF	GRLQSLQTY
CASSAQNTDTQYF	GRLQSLQTY
CASSHGTGLQPQHF	GRLQSLQTY
CSVELPDRVGKTEAFF	GRLQSLQTY
CASSFSSYEQYF	GRLQSLQTY
CASSSPGTSGGGAGELFF	GRLQSLQTY
CASSTGTGGFETQYF	GRLQSLQTY
CASSQIPGQRYEQYF	GRLQSLQTY
CASSQEKTGIQPQHF	GRLQSLQTY
CASSSYGGLQETQYF	GRLQSLQTY
CASSQEYTTGELFF	GRLQSLQTY
CASSWSLAGGLGEQFF	GRLQSLQTY
CASSGRTRFRNQPQHF	GRLQSLQTY
CASSPGTSGYNEQFF	GRLQSLQTY
CASSQGSLAGVETGELFF	GRLQSLQTY
CAISVPGGYEQFF	GRLQSLQTY
CASSRGFGEKLFF	GRLQSLQTY
CASSPHSGSSTEAFF	GRLQSLQTY
CASSLGGAGELFF	GRLQSLQTY
CATSDTTGPTEAFF	GRLQSLQTY
CASSLGTGQGPQHF	GRLQSLQTY
CASSPSNGGAEQFF	GRLQSLQTY
CASSAGQGTDTQYF	GRLQSLQTY
CASSPSGTQYF	GRLQSLQTY
CATSPDSDSKYF	GRLQSLQTY
CSASRDGYEQYF	GRLQSLQTY
CSARKGQGTSPLHF	GRLQSLQTY
CASSAGGGSYNEQFF	GRLQSLQTY
CASSLGHLGTEAFF	GRLQSLQTY
CSAGTSGEETQYF	GRLQSLQTY
CASSLYGGSVNEKLFF	GRLQSLQTY
CASSFGTGIYEQYF	GRLQSLQTY
CASSPTGPYQETQYF	GRLQSLQTY
CASSLSQGDRNEQFF	GRLQSLQTY
CASNTGGAYEKLFF	GRLQSLQTY
CASSGLAGGVPQETQYF	GRLQSLQTY
CSATGTSGGAIPGELFF	GRLQSLQTY
CASSLGTGHQPQHF	GRLQSLQTY
CASKPGGGVAQETQYF	GRLQSLQTY
CAWSVGQSLNYGYTF	GRLQSLQTY
CASSPGQGTYEQYF	GRLQSLQTY
CASSWGGSYNEQFF	GRLQSLQTY
CASSFTGDDQPQHF	GRLQSLQTY
CATAALDGSYEQYF	GRLQSLQTY
CASSYSSNYNEQFF	GRLQSLQTY
CASSLAGATDTQYF	GRLQSLQTY
CASSQDLFAGVNTEAFF	GRLQSLQTY
CASSAGTGQWEPQHF	GRLQSLQTY
CASSQDLFAGRSYEQYF	GRLQSLQTY
CSVELDLNTGELFF	GRLQSLQTY
CASRSDSKYNEQFF	GRLQSLQTY
CASSYSMNSNEQFF	GRLQSLQTY
CASSQDLFPGQHYNEQFF	GRLQSLQTY
CSASHGASGLDEQYF	GRLQSLQTY
CASSRTGGAGANVLTF	GRLQSLQTY
CASSFGPEQFF	GRLQSLQTY
CASSGRKGVTGGEAEAFF	GRLQSLQTY
CASTKGSSYEQYF	GRLQSLQTY
CASSLTGGNTEAFF	GRLQSLQTY
CASSNRTVVSNQPQHF	GRLQSLQTY
CASRRDRAATNEKLFF	GRLQSLQTY
CASSQDLFSGPDYEQYF	GRLQSLQTY
CASSQDLQGVGEKLFF	GRLQSLQTY
CSASLTNTDTQYF	GRLQSLQTY
CASSFWGQKNEKLFF	GRLQSLQTY
CASSLALAASTDTQYF	GRLQSLQTY
CSAGTSGRYEQYF	GRLQSLQTY
CSVGTEQETQYF	GRLQSLQTY
CSAGSSGSEAQFF	GRLQSLQTY
CASSQALNTEAFF	GRLQSLQTY
CSASGRNQETQYF	GRLQSLQTY
CASSFPPGRHGTEAFF	GRLQSLQTY
CASSLLAGGSETQYF	GRLQSLQTY
CASSYSGNQYEQYF	GRLQSLQTY
CSVTKPTSGGLTDTQYF	GRLQSLQTY
CASSFYPDEQYF	GRLQSLQTY
CASDTGSHTNTQYF	GRLQSLQTY
CASSQDLPSAHEQYF	GRLQSLQTY
CASSPSNTDTQYF	GRLQSLQTY
CASSRLPQPYTEAFF	GRLQSLQTY
CSAGIAGVEETQYF	GRLQSLQTY
CASSKFLSGTNEQYF	GRLQSLQTY
CASSPAGRHEQYF	GRLQSLQTY
CASSLLAGATTDTQYF	GRLQSLQTY
CASSEGLGGPYNEQFF	GRLQSLQTY
CASSSGTGWYEQYF	GRLQSLQTY
CASSPHNPRSQETQYF	GRLQSLQTY
CASSQVGVWSGELFF	GRLQSLQTY
CASSLQAGSRQDEQFF	GRLQSLQTY
RASSLRPTTSTDTQYF	GRLQSLQTY
CASHRTGTGGRISYEQYF	GRLQSLQTY
CASSLIMNTEAFF	GRLQSLQTY
CSAETSDQETQYF	GRLQSLQTY
CASSQDIFPGTKNIQYF	GRLQSLQTY
CASSLDLFAGGGYEQFF	GRLQSLQTY
CASREEQATSTDTQYF	GRLQSLQTY
CASSYGTGLQPQHF	GRLQSLQTY
CASGFSTEAFF	GRLQSLQTY
CSARLRDAYNEQFF	GRLQSLQTY
CASSLGTGGPYNEQFF	GRLQSLQTY
CASSFSGNSYEQYF	GRLQSLQTY
CAWIGGRGMNTEAFF	GRLQSLQTY
CAWTGGVGMNTEAFF	GRLQSLQTY
CASSQGFTSTDTQYF	GRLQSLQTY
CASSLGTGQQPQHF	GRLQSLQTY
CATHRDSTYEQYF	GRLQSLQTY
CAWSVGQTLYYGYTF	GRLQSLQTY
CASSFLAGNTDTQYF	GRLQSLQTY
CASSYYGGSYNEQFF	GRLQSLQTY
CASSSGTGLNTEAFF	GRLQSLQTY
CATGLEGNSYEQYF	GRLQSLQTY
CASSPGGAQYF	GRLQSLQTY
CAISEIQGTVQPQHF	GRLQSLQTY
CASGRGQGGSYEQYF	GRLQSLQTY
CASSPGGTEPTYEQYF	GRLQSLQTY
CASSFSANQETQYF	GRLQSLQTY
CASSQVLSNEQFF	GRLQSLQTY
CASSLQGGSTDTQYF	GRLQSLQTY
CASSEYTWTGLYEQYF	GRLQSLQTY
CASSLEDSYNEQFF	GRLQSLQTY
CASSNRDRIFYEQYF	GRLQSLQTY
CASSDEAQFF	GRLQSLQTY
