CDR3	AA
CASKSLPSYEQYF	NSSPDDQIGY
CASSLTTNQPQHF	NSSPDDQIGY
CASSQDPLTVSAKNIQYF	NSSPDDQIGY
CSASTLGLEAFF	NSSPDDQIGY
CASSFRTGETQYF	NSSPDDQIGY
CASKGLAGGEGTQYF	NSSPDDQIGY
CASSPGRGQLFF	NSSPDDQIGY
CSARPEDLF	NSSPDDQIGY
CASSQEQSYEQYF	NSSPDDQIGY
CAYGQRVAGVPGANVLTF	NSSPDDQIGY
CASSFLPGRQNSPLHF	NSSPDDQIGY
CAGERYAGELFF	NSSPDDQIGY
CASSPTGNQETQYF	NSSPDDQIGY
CASSQPQGIRINEQFF	NSSPDDQIGY
CASSSVVGAGYEQYF	NSSPDDQIGY
CASSLVGMGDTQYF	NSSPDDQIGY
CASSQDLMAPNEQFF	NSSPDDQIGY
CSATRDAETQETQYF	NSSPDDQIGY
CSARTSGLYNEQFF	NSSPDDQIGY
CSADREDRGLTYEQYF	NSSPDDQIGY
CSARDLNSYNEQFF	NSSPDDQIGY
CSATREGSYNEQFF	NSSPDDQIGY
CATSRPDQVLTTNEKLFF	NSSPDDQIGY
CAVMGPSWYGYTF	NSSPDDQIGY
