CDR3	AA
CASSYGLAGDEQYF	FIASFRLFA
CASSLGGIGGELFF	FIASFRLFA
CSVAADTQYF	FIASFRLFA
CATSREGGGANVLTF	FIASFRLFA
CASSFAEGSYEQYF	FIASFRLFA
CASSLLGGGDTQYF	FIASFRLFA
CASSPLSSTAYNEQFF	FIASFRLFA
CASSFLTPSTDTQYF	FIASFRLFA
CASSYGPANEQYF	FIASFRLFA
CSARKTGLPYEQYF	FIASFRLFA
CASSLDWDNEQFF	FIASFRLFA
CASSPTSGGPIYGELFF	FIASFRLFA
CATSRTTGELFF	FIASFRLFA
CASSEFWLEPQHF	FIASFRLFA
CASSLGGLANTGELFF	FIASFRLFA
CATSPLDLDGTEAFF	FIASFRLFA
CSAWGQGAHEQYF	FIASFRLFA
CASSSDVGSPLHF	FIASFRLFA
CASSLTGGDGYTF	FIASFRLFA
CASSPLGANTGELFF	FIASFRLFA
CATSPGGQGWGQPQHF	FIASFRLFA
CSAAGLAGSSYNEQFF	FIASFRLFA
CASSEGSPQSYEQYF	FIASFRLFA
CASSGQGGPQHF	FIASFRLFA
CSASAGLNEQFF	FIASFRLFA
CASSYLGTGETQYF	FIASFRLFA
CASSSPGQGDEQFF	FIASFRLFA
CASSALGGGDNEQFF	FIASFRLFA
CASSESSDRRNGNEQFF	FIASFRLFA
CASSPTSGGYEQYF	FIASFRLFA
CASSYAPGGRVYEQYF	FIASFRLFA
CASQLVWDGGRGVPEAFF	FIASFRLFA
CASSSATGVPGSYNEQFF	FIASFRLFA
CASSLSGLAENTDTQYF	FIASFRLFA
CSVERGTGELFF	FIASFRLFA
CASSLKGETDTQYF	FIASFRLFA
CASSFDDNEQFF	FIASFRLFA
CASSAWVGVDEQYF	FIASFRLFA
CASSYDDSYEQYF	FIASFRLFA
CASSLEGEPDQETQYF	FIASFRLFA
CASSFNAGGLYEQYF	FIASFRLFA
CASRTGGPSDTQYF	FIASFRLFA
CASSDGTGAYEQYF	FIASFRLFA
CATSREGLSTDTQYF	FIASFRLFA
CASSYDDRGYEQYF	FIASFRLFA
CSVVGGSTHNEQFF	FIASFRLFA
CASSVGDSSYEQYF	FIASFRLFA
CASSPGPGGDSPLHF	FIASFRLFA
CASSQEAQSIYQETQYF	FIASFRLFA
CSAQSNEQFF	FIASFRLFA
CASSIDYEETQYF	FIASFRLFA
CASSQGGSYEQYF	FIASFRLFA
CASYGGGDKYF	FIASFRLFA
CATRDGQAGDTEAFF	FIASFRLFA
CASLSSPATEETQYF	FIASFRLFA
CSVVDHEQFF	FIASFRLFA
CASSQSGAGGPDEQYF	FIASFRLFA
CASSPGRAGELFF	FIASFRLFA
CASSQDSAGQGADTQYF	FIASFRLFA
CASSYGSGTEEQYF	FIASFRLFA
CASSFLSRGDTDTQYF	FIASFRLFA
CASSPGTGLAETQYF	FIASFRLFA
CASSSPRLAGGNEQFF	FIASFRLFA
CATSREGVSTEAFF	FIASFRLFA
CASSDGTGAYEQYF	FIASFRLFA
