CDR3	AA
CSVEAGGGAKNIQYF	STQDLFLPFF
CASSYVPSGGHNEQFF	STQDLFLPFF
CASSELPEPYEQYF	STQDLFLPFF
CASSLVSGSSYNEQFF	STQDLFLPFF
CSVEGTSETQYF	STQDLFLPFF
CASSRIYSNQPQHF	STQDLFLPFF
CASSVGVGGDQPQHF	STQDLFLPFF
CASSFPRQDDYNEQFF	STQDLFLPFF
CASSQNRPGQGNQPQHF	STQDLFLPFF
CASSQGLVPDTQYF	STQDLFLPFF
CASSLRGSGYEQYF	STQDLFLPFF
CAARQGTSGANVLTF	STQDLFLPFF
CASSQDRTGVHEQYF	STQDLFLPFF
CASSYLGQGDQPQHF	STQDLFLPFF
CASADRVDNQPQHF	STQDLFLPFF
CASSYSGGMNTEAFF	STQDLFLPFF
CSVASGAGEETQYF	STQDLFLPFF
CASSNSGGAYEQYF	STQDLFLPFF
CASSPGQGAYNQPQHF	STQDLFLPFF
CASIGSWGQPQHF	STQDLFLPFF
CASSSTGAYLNEQYF	STQDLFLPFF
CASSQDGVDSYNEQFF	STQDLFLPFF
CSVEDWDRNYGYTF	STQDLFLPFF
CASSAGTERSSEQYF	STQDLFLPFF
CSASPGSSYEQYF	STQDLFLPFF
