CDR3	AA
CASSEGRDSNQPQHF	SSNVANYQK
CASSVSPGQQETQYF	SSNVANYQK
CASSPGGTYSYNEQFF	SSNVANYQK
CASSLGQGGYGYTF	SSNVANYQK
CASSQESLAGHPPYEQYF	SSNVANYQK
CASSGGVYNEQFF	SSNVANYQK
CASSLDPAQQYF	SSNVANYQK
CASSLGQGNYGYTF	SSNVANYQK
CSVDAGDGYTF	SSNVANYQK
CSVEDGTGPAFF	SSNVANYQK
CASSSGQQETQYF	SSNVANYQK
CASLISPTDTQYF	SSNVANYQK
CSVGQGIDTQYF	SSNVANYQK
CSVASGAHEQYF	SSNVANYQK
CSVPGREWGYTF	SSNVANYQK
CASKLTSGTETQYF	SSNVANYQK
CSGSGGTDTQYF	SSNVANYQK
CASSPTPGTSGSAGELFF	SSNVANYQK
CASTSRAGSNSPLHF	SSNVANYQK
CSVGSGTDTQYF	SSNVANYQK
CASSLEGRGYSYNEQFF	SSNVANYQK
CSVGTGVSEAFF	SSNVANYQK
CSALGGGYTF	SSNVANYQK
CASSEGGVSYNEQFF	SSNVANYQK
CSVASGSNEQFF	SSNVANYQK
CASSILQGSGANVLTF	SSNVANYQK
CASSASAGGLNEQYF	SSNVANYQK
CASSKGRTPRSISAQHF	SSNVANYQK
CSGAGGRLGGYTF	SSNVANYQK
CATSRERDSSNEQFF	SSNVANYQK
CATSREGGVGEQFF	SSNVANYQK
CSARSHGWREGGETQYF	SSNVANYQK
CSAPRDDGSDGYTF	SSNVANYQK
CASSSHTRPGELFF	SSNVANYQK
CASSHPTRSTDTQYF	SSNVANYQK
CASSIRPEHSPLHF	SSNVANYQK
CASSWGGGPYEQYV	SSNVANYQK
CSVETGTEAFF	SSNVANYQK
CASSTPGDPWGAFF	SSNVANYQK
