CDR3	AA
CAISEQNQPQHF	DTDFVNEFYAY
CASSGTGVGYTF	DTDFVNEFYAY
CASSPGGGTEAFF	DTDFVNEFYAY
CASSRTETSPLHF	DTDFVNEFYAY
CASSVDPPTGELFF	DTDFVNEFYAY
CASSRGGGFMNTEAFF	DTDFVNEFYAY
CASSPGGLLGYTF	DTDFVNEFYAY
CAISEWTGGGSYNSPLHF	DTDFVNEFYAY
CASSPGGNTIYF	DTDFVNEFYAY
CATSETGSNQPQHF	DTDFVNEFYAY
CASSIAPVAFSNQPQHF	DTDFVNEFYAY
CASSYTGIAAFF	DTDFVNEFYAY
CASSIVPGLFSGANVLTF	DTDFVNEFYAY
CASQDGYNEQFF	DTDFVNEFYAY
CASSPLAQGTFQGYTF	DTDFVNEFYAY
CASSPSHRNTGELFF	DTDFVNEFYAY
CASSRGVNTEAFF	DTDFVNEFYAY
CASSLGQGAAYEQYF	DTDFVNEFYAY
CASRSPGPRLAKNIQYF	DTDFVNEFYAY
CASSPGGMQLFF	DTDFVNEFYAY
CASSTGSTEAFF	DTDFVNEFYAY
CASSPLASDTQYF	DTDFVNEFYAY
CASSKESGTSGITTGELFF	DTDFVNEFYAY
CASSLAGGTEAFF	DTDFVNEFYAY
CASSPGGGELFF	DTDFVNEFYAY
CASRPAPWNTEAFF	DTDFVNEFYAY
CASSRGGLTEAFF	DTDFVNEFYAY
CASSPSGLAYNEQFF	DTDFVNEFYAY
CASSSSGPGGPV	DTDFVNEFYAY
CASTDEWGIYGNQPQHF	DTDFVNEFYAY
CASRSIGGPYNSPLHF	DTDFVNEFYAY
CASSPGGGTEAFF	DTDFVNEFYAY
CASSPTGTGYTF	DTDFVNEFYAY
CASTGSGPPLHF	DTDFVNEFYAY
CASSFSGPQTNEQFF	DTDFVNEFYAY
CASSISQLFNNQPQHF	DTDFVNEFYAY
CASSIQGLLPLNEQFF	DTDFVNEFYAY
CASSPGGLTKNIQYF	DTDFVNEFYAY
CASGPAGSSYEQYF	DTDFVNEFYAY
CASSDRDGAYEQYF	DTDFVNEFYAY
CASSPGGGTEAFF	DTDFVNEFYAY
CSARAGLEQYF	DTDFVNEFYAY
CASRPGGNTEAFF	DTDFVNEFYAY
CASTPSPVDVNYGYTF	DTDFVNEFYAY
CASSPGGTEAFF	DTDFVNEFYAY
CASSASPTGPAEAFF	DTDFVNEFYAY
CSALQGAAGYTF	DTDFVNEFYAY
CASSEDPPYNEQFF	DTDFVNEFYAY
CASSIVPVGPLNTGELFF	DTDFVNEFYAY
CASSPGGNTIYF	DTDFVNEFYAY
CASSGGTDTQYF	DTDFVNEFYAY
CASRQGGNQPQHF	DTDFVNEFYAY
CAISERGSYEQYF	DTDFVNEFYAY
CASSIGHILNTEAFF	DTDFVNEFYAY
CASSSGWEQFF	DTDFVNEFYAY
CASKLLAGGPHEQFF	DTDFVNEFYAY
CASLSGALYEQYF	DTDFVNEFYAY
CASSSGGGPGYTF	DTDFVNEFYAY
CASSPGGGEQFF	DTDFVNEFYAY
CASSIGAAEGYTF	DTDFVNEFYAY
CASSPGGSPLHF	DTDFVNEFYAY
CASIQGQSTDTQYF	DTDFVNEFYAY
CASSLDTTRKNIQYF	DTDFVNEFYAY
CASSPGGNEAFF	DTDFVNEFYAY
CASRQGGRDEQFF	DTDFVNEFYAY
CASSPGGTEAFF	DTDFVNEFYAY
CASSPSGQVGTEAFF	DTDFVNEFYAY
CASSAQYLGGNNEQFF	DTDFVNEFYAY
CASSYSNREWGVVEKLFF	DTDFVNEFYAY
CASFGNTYEQYF	DTDFVNEFYAY
CASSISPTFSGANVLTF	DTDFVNEFYAY
CASSIVPGAYSTDTQYF	DTDFVNEFYAY
CASSSSGTEAFF	DTDFVNEFYAY
CASSPGGSEAFF	DTDFVNEFYAY
CASSPGGGELFF	DTDFVNEFYAY
CASSPGGAEAFF	DTDFVNEFYAY
CASSSPPAW	DTDFVNEFYAY
CASKGAANTEAFF	DTDFVNEFYAY
CASSQSRAPGYGYTF	DTDFVNEFYAY
CASSYRTNTGELFF	DTDFVNEFYAY
CASSPGGGSGEQYF	DTDFVNEFYAY
CASSPGGRNLHF	DTDFVNEFYAY
CASSPGGTEAFF	DTDFVNEFYAY
CASSLILEGCSGNTIYF	DTDFVNEFYAY
CASYWDGWSYNEQFF	DTDFVNEFYAY
CASSPGGYNEKLFF	DTDFVNEFYAY
CASSPGNTIYF	DTDFVNEFYAY
CASSIVPSGYSNQPQHF	DTDFVNEFYAY
CARPTGTHEKLFF	DTDFVNEFYAY
CASSLTSGGILANEQFF	DTDFVNEFYAY
CASTANPFNTEAFF	DTDFVNEFYAY
CASSPGGTEAFF	DTDFVNEFYAY
CASSPTGGAAYEQYF	DTDFVNEFYAY
CASSSTSGSSYNEQFF	DTDFVNEFYAY
CASSLNRQTNTEAFF	DTDFVNEFYAY
CASKSQTNTEAFF	DTDFVNEFYAY
CASSPTPLLSPGTEAFF	DTDFVNEFYAY
CASSPGGATLHF	DTDFVNEFYAY
CASSSSGSYGYTF	DTDFVNEFYAY
CASSISGNYGYTF	DTDFVNEFYAY
CSARDQTGGGQPQHF	DTDFVNEFYAY
CASSPGGDGYTF	DTDFVNEFYAY
CASTNPGRGQPQHF	DTDFVNEFYAY
CASSPSGGPANEQYF	DTDFVNEFYAY
CASSPSGARMYF	DTDFVNEFYAY
CASSHGGTEAFF	DTDFVNEFYAY
CASSFRTNTGELFF	DTDFVNEFYAY
CASSPGGVNTEAFF	DTDFVNEFYAY
CASSGGGTEAFF	DTDFVNEFYAY
CASSPGTVPEAFF	DTDFVNEFYAY
CASSPRTSGYTDTQYF	DTDFVNEFYAY
CASSYSGSSGGSIINEQFF	DTDFVNEFYAY
CASSTTGVKAFF	DTDFVNEFYAY
CASSPGGTEAFF	DTDFVNEFYAY
CASSPGGDEQYF	DTDFVNEFYAY
CASSSAPGTYEQYF	DTDFVNEFYAY
CASSTSEDTQYF	DTDFVNEFYAY
CASSEYLGSYEQYF	DTDFVNEFYAY
CASSEGGGTEAFF	DTDFVNEFYAY
CASSPGGEKLFF	DTDFVNEFYAY
CASSPGGGELFF	DTDFVNEFYAY
CASSPPGPYYEQYF	DTDFVNEFYAY
CASTPGGYYNEQFF	DTDFVNEFYAY
CASSQSGPGWFF	DTDFVNEFYAY
CASSLVGRQETQYF	DTDFVNEFYAY
CASSIGPSGISGNEQFF	DTDFVNEFYAY
CASSISGIDQPQHF	DTDFVNEFYAY
CASSITPDSPADGYTF	DTDFVNEFYAY
CSARLDPQETQYF	DTDFVNEFYAY
CASKGGGGTEAFF	DTDFVNEFYAY
CASSPGGGELFF	DTDFVNEFYAY
CASVAGGRNEQFF	DTDFVNEFYAY
