CDR3	AA
CASSLGGTDTQYF	ILLIIMRTFK
CSVEPRANYGYTF	ILLIIMRTFK
CATQERDDEQYF	ILLIIMRTFK
CASSLIGDETQYF	ILLIIMRTFK
CSATDIYLADGTYEQYF	ILLIIMRTFK
CASGGLANTEAFF	ILLIIMRTFK
CASSGTGNNEQFF	ILLIIMRTFK
CASSDLRTEQFF	ILLIIMRTFK
CASSPRGSDQPQHF	ILLIIMRTFK
CASSPDIEQYF	ILLIIMRTFK
CASSTRDSGNTEAFF	ILLIIMRTFK
CASSFGTDGGEQYF	ILLIIMRTFK
CASSWSGNNEQFF	ILLIIMRTFK
CSVFGDSHEQYF	ILLIIMRTFK
CASSLASGPHGYTF	ILLIIMRTFK
CASSAGGGNQPQHF	ILLIIMRTFK
CASSLGENEQFF	ILLIIMRTFK
CASSFSGPSTDTQYF	ILLIIMRTFK
CASSQEVLSAGQGPSPLHF	ILLIIMRTFK
CSVRGGIEAFF	ILLIIMRTFK
CASSLSSNGYEQYF	ILLIIMRTFK
CASSLGNSGNEQFF	ILLIIMRTFK
CSASQRGLTDTQYF	ILLIIMRTFK
CASSLISSPEAFF	ILLIIMRTFK
CASALYNLQPTNEKLFF	ILLIIMRTFK
CASSSPPSRRADNEQFF	ILLIIMRTFK
CASSLDLPIQKPQHF	ILLIIMRTFK
CASSYMGGEQFF	ILLIIMRTFK
CASSNQETQYF	ILLIIMRTFK
CASSALKSGYNEQFF	ILLIIMRTFK
CASSIYSEDNEQFF	ILLIIMRTFK
CASSSIAGGPSDTQYF	ILLIIMRTFK
CASSVAGANVLTF	ILLIIMRTFK
CASNEGRTGDEKLFF	ILLIIMRTFK
CASTPGNLAGDAFF	ILLIIMRTFK
CASSGLAGGQGEQFF	ILLIIMRTFK
CSVSSSGGAETQYF	ILLIIMRTFK
CASSRLGSVRETQYF	ILLIIMRTFK
CASSLGGSPLHF	ILLIIMRTFK
CASSENLAGGPSNEQFF	ILLIIMRTFK
CASSHTGPIEAFF	ILLIIMRTFK
CASSLSVRPSTDTQYF	ILLIIMRTFK
CASSEMNTEAFF	ILLIIMRTFK
CASSETYVPGGYTF	ILLIIMRTFK
CASSQAGTLSNTGELFF	ILLIIMRTFK
CASSILQGVGQPQHF	ILLIIMRTFK
CASSPASGDEQFF	ILLIIMRTFK
CASSLFSGGTDTQYF	ILLIIMRTFK
CASRDGADWTGELFF	ILLIIMRTFK
CASSYSGKASTDTQYF	ILLIIMRTFK
CASSWTSGGYEQYF	ILLIIMRTFK
CASSWTGAPPLHF	ILLIIMRTFK
CASSEAGTGNTEAFF	ILLIIMRTFK
CASSSRQGHDEQYF	ILLIIMRTFK
CASSPEPGQGLNEQFF	ILLIIMRTFK
CASSFLGLSYEQYF	ILLIIMRTFK
CASWTEGFNSPLHF	ILLIIMRTFK
CASSGRKNIQYF	ILLIIMRTFK
CASSFIGAKHEQYF	ILLIIMRTFK
CASGTGLEQYF	ILLIIMRTFK
CASSGLAGETYNEQFF	ILLIIMRTFK
CASSLWTSQDTQYF	ILLIIMRTFK
CASSKTTGNTYEQYF	ILLIIMRTFK
CASSLFVEDNEQFF	ILLIIMRTFK
CASSLDSGGYEQYF	ILLIIMRTFK
CASSKAGDYGYTF	ILLIIMRTFK
CASSPWTGANVLTF	ILLIIMRTFK
CASSGRGETYNEQFF	ILLIIMRTFK
CASATLTDTQYF	ILLIIMRTFK
CSASRGGELFF	ILLIIMRTFK
CASGAGHEQFF	ILLIIMRTFK
CASGTGTGGDEQFF	ILLIIMRTFK
CASSLEQGGGLYNEQFF	ILLIIMRTFK
CASSPPSAWETQYF	ILLIIMRTFK
CASSSLLRGTNYEQYF	ILLIIMRTFK
CASSLGQPQHF	ILLIIMRTFK
CASSWPKGFTYEQYF	ILLIIMRTFK
CASSNLAGGPVGELFF	ILLIIMRTFK
CASSGEREIRGEQYF	ILLIIMRTFK
CASSSRDRVNSPLHF	ILLIIMRTFK
CASSFSGGPGANVLTF	ILLIIMRTFK
CASSPWGQGTEKLFF	ILLIIMRTFK
CASSVSFSANEQYF	ILLIIMRTFK
CASSVTGAVTYEQYF	ILLIIMRTFK
CASSPDGGTSQETQYF	ILLIIMRTFK
CASWGGSEEETQYF	ILLIIMRTFK
CASARGTEAFF	ILLIIMRTFK
CASSLRTGTETQYF	ILLIIMRTFK
CSAPRGIETFYEQYF	ILLIIMRTFK
CASSLGGPITTTDTQYF	ILLIIMRTFK
CASSLFPEAFF	ILLIIMRTFK
CASSNREDEQYF	ILLIIMRTFK
CASTTGGWEQYF	ILLIIMRTFK
CASSSDRAGYTF	ILLIIMRTFK
CASIEGGSYNEQFF	ILLIIMRTFK
CASSQASGGPDTQYF	ILLIIMRTFK
CSVDDNAHEAFF	ILLIIMRTFK
CASSLGTANTEAFF	ILLIIMRTFK
CASNGGGPSYEQYF	ILLIIMRTFK
CASSPGSGWEQYF	ILLIIMRTFK
CASSQELAMETQYF	ILLIIMRTFK
CASSPAAASYEQYF	ILLIIMRTFK
CASPSNTGELFF	ILLIIMRTFK
CASRLAILGGAEMETQYF	ILLIIMRTFK
CASSIVPNHYNEQFF	ILLIIMRTFK
CASSLARVGLNTEAFF	ILLIIMRTFK
CASSPPRQGPPPQETQYF	ILLIIMRTFK
CASSLGRGVEDTQYF	ILLIIMRTFK
CASSLMGSGEQFF	ILLIIMRTFK
CASSVVASWETQYF	ILLIIMRTFK
CASSVVLGTGTADTQYF	ILLIIMRTFK
CASSLAASSYEQYF	ILLIIMRTFK
CASSLDGSGTYEQYF	ILLIIMRTFK
CASSQSAGGGNEQYF	ILLIIMRTFK
CASSPLGTNAGELFF	ILLIIMRTFK
CASSLIGGDNEQFF	ILLIIMRTFK
CASSTRVKGEQYF	ILLIIMRTFK
CASSQSGTSGLLAAYEQYF	ILLIIMRTFK
CASSVGSGAGELFF	ILLIIMRTFK
CASSPDEVSASTSGTYEQYF	ILLIIMRTFK
CASSLRADYEQYF	ILLIIMRTFK
CASSPDRDYGYTF	ILLIIMRTFK
CASSFFSGGTGELFF	ILLIIMRTFK
CASSQVLHYEQYF	ILLIIMRTFK
CASSLDSLEQFF	ILLIIMRTFK
CSVVVGAEAFF	ILLIIMRTFK
CASSPSYDSSNNEQFF	ILLIIMRTFK
CASSLGTRLAGATDTQYF	ILLIIMRTFK
CASSVSGGFEAFF	ILLIIMRTFK
CASSHLDWNNEQFF	ILLIIMRTFK
CASSQLLQNEQFF	ILLIIMRTFK
CASEASYEQYF	ILLIIMRTFK
CASSQAHSSPAGGTDTQYF	ILLIIMRTFK
CASSQATGNYEQYF	ILLIIMRTFK
CASSLSFPDTQYF	ILLIIMRTFK
CASSQPNTDTQYF	ILLIIMRTFK
CASSRDRAGNEQFF	ILLIIMRTFK
CASSLEGGLSGNTIYF	ILLIIMRTFK
CASSLDGRAAEQYF	ILLIIMRTFK
CSSGPDTEAFF	ILLIIMRTFK
CASSPGTGGNEQYF	ILLIIMRTFK
CASSASLWQLNTEAFF	ILLIIMRTFK
CASSFWGQGGETQYF	ILLIIMRTFK
CSTGQGVTLGSEQFF	ILLIIMRTFK
CASGPYEQYF	ILLIIMRTFK
CASSLGREGTDTEAFF	ILLIIMRTFK
CASSQDPSGGYEQYF	ILLIIMRTFK
CASSWTDSYEQYF	ILLIIMRTFK
CASSAGGYEQYF	ILLIIMRTFK
CAISWTGGGTEAFF	ILLIIMRTFK
CASSSGKVSYEQYF	ILLIIMRTFK
CASSLLLSAGPNEQFF	ILLIIMRTFK
CASSLGAGLAKPTYEQYF	ILLIIMRTFK
CASRPGTSAINEQFF	ILLIIMRTFK
CASSGWGNTEAFF	ILLIIMRTFK
CSARDRGREAGRGTDTQYF	ILLIIMRTFK
CASSVSTEQFF	ILLIIMRTFK
CASSLGTGVIGGYTF	ILLIIMRTFK
CASSQEGRRPFYEQFF	ILLIIMRTFK
CASSYGQGNTEAFF	ILLIIMRTFK
CASSQGSGYNSPLHF	ILLIIMRTFK
CSSTGGLSDGYTF	ILLIIMRTFK
CASSYRDYSPLHF	ILLIIMRTFK
CASSLQGGTSYEQYF	ILLIIMRTFK
CASSQLAPTYNEQFF	ILLIIMRTFK
CASSFGGDTGELFF	ILLIIMRTFK
CASMGNNEQFF	ILLIIMRTFK
CASRLTGADTQYF	ILLIIMRTFK
CASSPRAPNEKLFF	ILLIIMRTFK
CSAAGDGSYEQYF	ILLIIMRTFK
CASSLGGGNTEAFF	ILLIIMRTFK
CASSHGTSGTGEQFF	ILLIIMRTFK
CASSYSLWIPKDNEQFF	ILLIIMRTFK
CASSLTGTSGNEQYF	ILLIIMRTFK
CASSAGGLGNEQFF	ILLIIMRTFK
CASSGWEGLSTDTQYF	ILLIIMRTFK
CASSLGQVSRWEKLFF	ILLIIMRTFK
CASSQEGGYTEAFF	ILLIIMRTFK
CASSQDARALWSYTF	ILLIIMRTFK
CASSKSRCPTWTSATAPYNEQFF	ILLIIMRTFK
CASSPGTGSQPQHF	ILLIIMRTFK
CASSYETDYNEQFF	ILLIIMRTFK
CASSPGGLEAFF	ILLIIMRTFK
CASSPSSYNEQFF	ILLIIMRTFK
CASSQKQGYEQYF	ILLIIMRTFK
CASSLLTAEPEAFF	ILLIIMRTFK
CASSAPTRLNTGELFF	ILLIIMRTFK
CASSSGQGSHEQYF	ILLIIMRTFK
CASSLLAGTVSEQFF	ILLIIMRTFK
CASTPSGSGSYGYTF	ILLIIMRTFK
CASSVAGGEAFF	ILLIIMRTFK
CSARPLAGEHTDTQYF	ILLIIMRTFK
CASSLGAGGDGSSEAFF	ILLIIMRTFK
CASSGQRNSGGTEAFF	ILLIIMRTFK
CASSESQSQETQYF	ILLIIMRTFK
CASSVELAGTLLQETQYF	ILLIIMRTFK
CASSLGTGESQPQHF	ILLIIMRTFK
CASRSRLREISYEQYF	ILLIIMRTFK
CASSLGLAGAPGDEQYF	ILLIIMRTFK
CASSRGLVNEQFF	ILLIIMRTFK
CASSVGLGAYEQYF	ILLIIMRTFK
CASSLRVSVWGEQYF	ILLIIMRTFK
CSASQLSHEQFF	ILLIIMRTFK
CASSYSRGRGGSGELFF	ILLIIMRTFK
CASSFGQDMYEQFF	ILLIIMRTFK
CASSLVVRLAWSTDTQYF	ILLIIMRTFK
CASSPRRVAGGLDEQFF	ILLIIMRTFK
CASSLFSGLNEQFF	ILLIIMRTFK
CASSQDEAEGAGGTSGEQFF	ILLIIMRTFK
CASRPMTGLNTGELFF	ILLIIMRTFK
CASSEVVKLYYEQYF	ILLIIMRTFK
CASSLVGAPTGDTQYF	ILLIIMRTFK
CASSLDSGEQYF	ILLIIMRTFK
CASSQEGHTGPYGYTF	ILLIIMRTFK
CAISTGLAGGADTQYF	ILLIIMRTFK
CASSLAGGNEQFF	ILLIIMRTFK
CSVRDSYGYTF	ILLIIMRTFK
CASSTGRGVAGANVLTF	ILLIIMRTFK
CASSLSGGEFNEQFF	ILLIIMRTFK
CASSYVAGMNTEAFF	ILLIIMRTFK
CASSQGGGQETQYF	ILLIIMRTFK
CASSLDLTYEQYF	ILLIIMRTFK
CASRSPGSYNEQFF	ILLIIMRTFK
CASSLGNGLPWEQYF	ILLIIMRTFK
CASSQDRVNRGLYGYTF	ILLIIMRTFK
CASSPLLQNYGYTF	ILLIIMRTFK
CASNPGVGDMNTEAFF	ILLIIMRTFK
CASSIDQENTEAFF	ILLIIMRTFK
CSARDRGSEQYF	ILLIIMRTFK
CASSLDVGTGNSPLHF	ILLIIMRTFK
CSVEPGAVGYTF	ILLIIMRTFK
CSARSAREGYNEQFF	ILLIIMRTFK
CASSYGTGWTEAFF	ILLIIMRTFK
CASPTASSYNEQFF	ILLIIMRTFK
CASREGTSGELFF	ILLIIMRTFK
CASSSRQGLDEQYF	ILLIIMRTFK
CASSQEGGLVGYGYTF	ILLIIMRTFK
CASSYSQLELANYGYTF	ILLIIMRTFK
CASSLTTAYGYTF	ILLIIMRTFK
CSVEYRGLGEQYF	ILLIIMRTFK
CASSAWTSFNEQFF	ILLIIMRTFK
CASSLAAVRLTDTQYF	ILLIIMRTFK
