CDR3	AA
CASSQDRPSPLHF	FVDGVPFVV
CASRRTGRNYNEQFF	FVDGVPFVV
CASSGYSERYTEAFF	FVDGVPFVV
CASSLVESSTDTQYF	FVDGVPFVV
CSASETSGRASVETQYF	FVDGVPFVV
CASSPDGPSLGGTDTQYF	FVDGVPFVV
CASSYSVRADTQYF	FVDGVPFVV
CASSLRGVGRKETQYF	FVDGVPFVV
CASSDRDRVNTEAFF	FVDGVPFVV
CASSPGGAGAGTGELFF	FVDGVPFVV
CASSQEIASSYEQYF	FVDGVPFVV
CASSLPPRTLNYGYTF	FVDGVPFVV
CASSSSTDGYSGANVLTF	FVDGVPFVV
CASSKTWDRGLPNTEAFF	FVDGVPFVV
CASSEALAYEQYF	FVDGVPFVV
CASSLELAGAEQYF	FVDGVPFVV
CASSPRDRVHEQYF	FVDGVPFVV
CASGSGGETQYF	FVDGVPFVV
CASSLAEGDKNYGYTF	FVDGVPFVV
CAWAPLNANYGYTF	FVDGVPFVV
CASSVDRDSGMPDTQYF	FVDGVPFVV
CASSPGAGRSSYNEQFF	FVDGVPFVV
CATFMAGDASYNEQFF	FVDGVPFVV
CATSDLSKTVKIQETQYF	FVDGVPFVV
CASSPPRETQYF	FVDGVPFVV
CASSLGSPRYNEQFF	FVDGVPFVV
CASSRLAGSSYNEQFF	FVDGVPFVV
CASSRSLDRSSYEQYF	FVDGVPFVV
CASSGGSGRGEETQYF	FVDGVPFVV
CASTPGVRGYGYTF	FVDGVPFVV
CASSQERRLGSSGYTF	FVDGVPFVV
CASRTFDGTGSAYEQYF	FVDGVPFVV
CASSPTLALTGELFF	FVDGVPFVV
CATSEFALGNEQFF	FVDGVPFVV
CASNGLAGGPTQYF	FVDGVPFVV
CASSHRDRVNEQYF	FVDGVPFVV
CASSYLSEQYF	FVDGVPFVV
CASSATSRDTGELFF	FVDGVPFVV
CATSDTGGEQFF	FVDGVPFVV
CASSAPQGMNTEAFF	FVDGVPFVV
CSARDLTGNTGELFF	FVDGVPFVV
CASSSNTGYEQFF	FVDGVPFVV
CASSSPGRQGIYDGYTF	FVDGVPFVV
CASSLSAGQGTDTQYF	FVDGVPFVV
CASSPPGTTASYEQYF	FVDGVPFVV
CASSQEPGRDGYTF	FVDGVPFVV
CASRPLGGSSYEQYF	FVDGVPFVV
CASTPYPTGNEQFF	FVDGVPFVV
CASSAGGVGVTPTYEQYF	FVDGVPFVV
CASSLFSGGQSYEQYF	FVDGVPFVV
CASSLLGLQGLQYF	FVDGVPFVV
CASWDRVNTEAFF	FVDGVPFVV
CASSWAYRDGYTF	FVDGVPFVV
CASSGGRTENTGELFF	FVDGVPFVV
CASSQIRGEQYF	FVDGVPFVV
CASSMGRFEAFF	FVDGVPFVV
CASNENSRAYEQYF	FVDGVPFVV
CASSSTSGYKNIQYF	FVDGVPFVV
CASSFGTEAFF	FVDGVPFVV
CASSAETGRSYEQYF	FVDGVPFVV
CAWRCYWFF	FVDGVPFVV
CASSIGLNTEAFF	FVDGVPFVV
CASMTGLHEQYF	FVDGVPFVV
CSARGAGTNEQFF	FVDGVPFVV
CASSQEAANTEAFF	FVDGVPFVV
CASSQIYTTGTGYSGANVLTF	FVDGVPFVV
CASSSPGQGNIQYF	FVDGVPFVV
CASTLGQRGNEQFF	FVDGVPFVV
CASSPGAAGAPNTGELFF	FVDGVPFVV
CASSEPDRDHYEQYF	FVDGVPFVV
CASSLISREQFF	FVDGVPFVV
CASSRPDRTPYEQYF	FVDGVPFVV
CASSLGGTSYNEQFF	FVDGVPFVV
CAASRRVGSYEQYF	FVDGVPFVV
CASSYSIGNEQYF	FVDGVPFVV
CASSDLRVSAEAFF	FVDGVPFVV
CASSDGQGSADTQYF	FVDGVPFVV
CASSPGPRVVETQYF	FVDGVPFVV
CASSADLGRQNYGYTF	FVDGVPFVV
CAISGRGGGDYNEQFF	FVDGVPFVV
CSARSWTGDNTGELFF	FVDGVPFVV
CASSLGGEQYYGYTF	FVDGVPFVV
CASRSSEAFF	FVDGVPFVV
CAWSVQGSPLHF	FVDGVPFVV
CASNPQVSPARQPQHF	FVDGVPFVV
CASSLAYDGLNQPQHF	FVDGVPFVV
CASSPTPGGDTQYF	FVDGVPFVV
CASSPEVGSSYNEQFF	FVDGVPFVV
CASGSGQGHTIYF	FVDGVPFVV
CASSSYRENTVWGTDTQYF	FVDGVPFVV
CATALGLAGEETQYF	FVDGVPFVV
CASSHPRDGENNSPLHF	FVDGVPFVV
CASSYGGAEQYF	FVDGVPFVV
CASSLWGARETQYF	FVDGVPFVV
CASSLGPNGYEQYF	FVDGVPFVV
CATRGAERGFTEAFF	FVDGVPFVV
CSARAGKEEHF	FVDGVPFVV
CASSLGSPLHF	FVDGVPFVV
CASSDLGPRDTQYF	FVDGVPFVV
CATALGGARTDTQYF	FVDGVPFVV
CASSPARSYEQYF	FVDGVPFVV
CASSLGLAGPNYEQYF	FVDGVPFVV
CASSSGGGNTGELFF	FVDGVPFVV
CASSDRDRVDEQYF	FVDGVPFVV
CASSELGTANYGYTF	FVDGVPFVV
CASSFLGTGGEKLFF	FVDGVPFVV
CASSQDRLLAKNIQYF	FVDGVPFVV
CASSITGGSGDRELFF	FVDGVPFVV
CASSPEPYNEQFF	FVDGVPFVV
CASSPAGRTYEQYF	FVDGVPFVV
CASSVEVGDQGVNQETQYF	FVDGVPFVV
CASSLANRGTDTQYF	FVDGVPFVV
CASSQDGGRGLTEAFF	FVDGVPFVV
CASSQGASYEQFF	FVDGVPFVV
CASSLVMMAPYEQYF	FVDGVPFVV
CASSLRTGTYEQYF	FVDGVPFVV
CASSPGGGGSYEQYF	FVDGVPFVV
CASSVLAGVIGETQYF	FVDGVPFVV
CASSPQGMSGYTF	FVDGVPFVV
CASSEGRMNTEAFF	FVDGVPFVV
CASSPRDRVKEQYF	FVDGVPFVV
CASSYGRDEAFF	FVDGVPFVV
CASSFGGLEQYF	FVDGVPFVV
CASSAPGGHEQYF	FVDGVPFVV
CASSSEPNTEAFF	FVDGVPFVV
CASSPIGRQTRGSTEKLFF	FVDGVPFVV
CASSEMGQGSYGYTF	FVDGVPFVV
CASTVWDRGRDGYTF	FVDGVPFVV
CASSGGTGGPGANVLTF	FVDGVPFVV
CASSEGKSTQYF	FVDGVPFVV
CASSDLTVADTQYF	FVDGVPFVV
CASSQVNGQAYEQYF	FVDGVPFVV
CASSSGGENIQYF	FVDGVPFVV
CASSVVETAYNEQFF	FVDGVPFVV
CASSSGGDTQYF	FVDGVPFVV
CASSQERAEGTQYF	FVDGVPFVV
CATGELNTEAFF	FVDGVPFVV
CASTLIGHEQYF	FVDGVPFVV
CASSGGRGEPQHF	FVDGVPFVV
CASSPRSGTGYNEQFF	FVDGVPFVV
CATSRDRLAMGRYEQYF	FVDGVPFVV
CASSQVPRQSSYNEQFF	FVDGVPFVV
CAISEWREAFF	FVDGVPFVV
CASSQPSGPREKLFF	FVDGVPFVV
CASSYGRGLEQYF	FVDGVPFVV
CASSEFMTGYQPQHF	FVDGVPFVV
CASSLAPPGHSYEQYF	FVDGVPFVV
CASSLRAGVSYNEQFF	FVDGVPFVV
CASSVLTGRKDEAFF	FVDGVPFVV
CASSLSGNPYYEQYF	FVDGVPFVV
CASSIHPYEQYF	FVDGVPFVV
CASSVGVYNEQFF	FVDGVPFVV
CASSFHAGEQFF	FVDGVPFVV
CASSQVGSSYNEQFF	FVDGVPFVV
CASSGGTSATYEQYF	FVDGVPFVV
CASSLSGNTEAFF	FVDGVPFVV
CASSLPRVSRTGTGDSYEQYF	FVDGVPFVV
CASSFYNREAFF	FVDGVPFVV
CASTLWDRNQPQHF	FVDGVPFVV
CASSEFAGGAYEQYF	FVDGVPFVV
CASSYSPTYEQYF	FVDGVPFVV
CASSPGLRTYEQYF	FVDGVPFVV
CASRQGLAGNTGELFF	FVDGVPFVV
CASSLGGRLEREGSENTGELFF	FVDGVPFVV
CASSVSGTVEETQYF	FVDGVPFVV
CASSESADRGHTDTQYF	FVDGVPFVV
CSVISSYEQYF	FVDGVPFVV
CASSQDPSGAGIGQETQYF	FVDGVPFVV
CASSPGLADLSYEQYF	FVDGVPFVV
CASSLWGQGRDEQFF	FVDGVPFVV
CASSQGGRGRGSTGELFF	FVDGVPFVV
CASRDQGGEQFF	FVDGVPFVV
CASSLEGLAGGKNNEQFF	FVDGVPFVV
CASNKLGRGTDTQYF	FVDGVPFVV
CASSRGRGNEQYF	FVDGVPFVV
CASSEMGAGYEQYF	FVDGVPFVV
CASSRGSYNEQFF	FVDGVPFVV
CASSFGPGGRGETQYF	FVDGVPFVV
CSAETSGIYEQYF	FVDGVPFVV
CASSVGDSEQFF	FVDGVPFVV
CASRQTSYEQYF	FVDGVPFVV
CASSSRGDTLSNQPQHF	FVDGVPFVV
CASSLFGAGGRTEAFF	FVDGVPFVV
CASSSWDRGPLSGANVLTF	FVDGVPFVV
CASSNRDRVVEQYF	FVDGVPFVV
CASSLGLAGEAGANVLTF	FVDGVPFVV
CASSLFSGRPGETQYF	FVDGVPFVV
CASSELRTEAFF	FVDGVPFVV
CASSDGTPNEKLFF	FVDGVPFVV
CASSYSIGNPQHF	FVDGVPFVV
CASSEVPNTGELFF	FVDGVPFVV
CSARVYEQYF	FVDGVPFVV
CSASRLAPTGELFF	FVDGVPFVV
CASSHLQGDNSPLHF	FVDGVPFVV
CASNSDSSYEQYF	FVDGVPFVV
CASSYSGYEQYF	FVDGVPFVV
CASSEAGVAYNEQFF	FVDGVPFVV
CASRPTGGEAFF	FVDGVPFVV
CASSLGGTAYSPLHF	FVDGVPFVV
CASSAGLAGAEQYF	FVDGVPFVV
CASGRAGPSYEQYF	FVDGVPFVV
CASSPSGTESGANVLTF	FVDGVPFVV
CSASRTSGGSSYNEQFF	FVDGVPFVV
CASSEPGVGPQHF	FVDGVPFVV
CSASPGTGYYGYTF	FVDGVPFVV
CATSGPGTENPDTQYF	FVDGVPFVV
CASSVYANNEQFF	FVDGVPFVV
CASSPFSGYEQYF	FVDGVPFVV
CASSEGGRQGYTF	FVDGVPFVV
CASSLYSRTDTQYF	FVDGVPFVV
CASSRGVHEQYF	FVDGVPFVV
CASSQGLAGGLRNEQFF	FVDGVPFVV
CASSPLAGHYNEQFF	FVDGVPFVV
CASSKTGWRGDEQYF	FVDGVPFVV
CAISAGGGNTEAFF	FVDGVPFVV
CASSLEGIGANEKLFF	FVDGVPFVV
CASSTGDRSYEQYF	FVDGVPFVV
CASSFTGFPYGYTF	FVDGVPFVV
CASKRERNEQFF	FVDGVPFVV
CASSPGRRGTEAFF	FVDGVPFVV
CASSRWDRGSEQYF	FVDGVPFVV
CASSQTMDGGKPQHF	FVDGVPFVV
CATSDGVLKRAFF	FVDGVPFVV
CATSRGDSSNQPQHF	FVDGVPFVV
CASSLASQGFSPLHF	FVDGVPFVV
CASSGAGANTEAFF	FVDGVPFVV
CASSLTLGKNTEAFF	FVDGVPFVV
CASSRGFRTAQETQYF	FVDGVPFVV
CASSPPPGLREQYF	FVDGVPFVV
CASSYGTVAEAFF	FVDGVPFVV
CASHLYNEQFF	FVDGVPFVV
CASSQEFNRVPSGASYNEQFF	FVDGVPFVV
CASSSRDGYEQYF	FVDGVPFVV
CASSPRDRVNEQFF	FVDGVPFVV
CASSPGASYEQYF	FVDGVPFVV
CASSPSTREAQYF	FVDGVPFVV
CASSPQGARTEAFF	FVDGVPFVV
CASSPVDRIYEQYF	FVDGVPFVV
CASIRGGEQYF	FVDGVPFVV
CASSEDRQRNTEAFF	FVDGVPFVV
CASSFGTAEAFF	FVDGVPFVV
CASSQVRGWNEQFF	FVDGVPFVV
CASSVMRAPWQFF	FVDGVPFVV
CASSEDLTKGLLNEQFF	FVDGVPFVV
CASTIVPGRDEGYGYTF	FVDGVPFVV
CATSRDVVTYNEQFF	FVDGVPFVV
CASSLVGRVEFF	FVDGVPFVV
CASSSDPGTGEETQYF	FVDGVPFVV
CASSEPTDTYEQYF	FVDGVPFVV
CASSSPVYNEQFF	FVDGVPFVV
CASSLWGRRGTEAFF	FVDGVPFVV
CASSPDRSAYEQYF	FVDGVPFVV
CASSFWSTGELFF	FVDGVPFVV
CASSFSGGSEQFF	FVDGVPFVV
CASSLASGRAWNEQFF	FVDGVPFVV
CASSLDGSRWNYGYTF	FVDGVPFVV
CASSLGGRTSGIGYTGELFF	FVDGVPFVV
CASSGTSDGNYGYTF	FVDGVPFVV
CSVGRQGGYGYTF	FVDGVPFVV
CAISESIGGGASTGELFF	FVDGVPFVV
CSVDREGAREQYF	FVDGVPFVV
CASSSGLGYTEAFF	FVDGVPFVV
CASSPSGGTQYF	FVDGVPFVV
CASSPTGGEVYGYTF	FVDGVPFVV
CASSNRDRVHEQYF	FVDGVPFVV
CASSLTGETQYF	FVDGVPFVV
CASSLGSNQPQHF	FVDGVPFVV
CASSVGASYEQYF	FVDGVPFVV
CASSVEGERGNSYEQYF	FVDGVPFVV
CASSYKQGMDTEAFF	FVDGVPFVV
CASSQGFMGQDYSYEQYF	FVDGVPFVV
CASSSAPQGNEQYF	FVDGVPFVV
CASSLWGREGTYEQYF	FVDGVPFVV
CASSPGGTNIQYF	FVDGVPFVV
CASSWGYNEQFF	FVDGVPFVV
CASSQEGPGEQYF	FVDGVPFVV
CASSEPLAGGPGTGELFF	FVDGVPFVV
CSVTGGAGLSEQYF	FVDGVPFVV
CASSLRGGEQYF	FVDGVPFVV
CASSLGNQPQHF	FVDGVPFVV
CASSEALQGSGANVLTF	FVDGVPFVV
CASSLTTANTEAFF	FVDGVPFVV
CASRDGGNEQFF	FVDGVPFVV
CASSHRDRNEKLFF	FVDGVPFVV
CASSIRSAYEQYF	FVDGVPFVV
CASSQGRFSPLHF	FVDGVPFVV
CASSLVADNTGELFF	FVDGVPFVV
CASSQEARRMDYTF	FVDGVPFVV
CASSFSQDKPSYEQYF	FVDGVPFVV
CASSQEIETSGSTDTQYF	FVDGVPFVV
CASSLSLNTEAFF	FVDGVPFVV
CASSQGGDRNTEAFF	FVDGVPFVV
CASSQAPGQSYEQYF	FVDGVPFVV
CASSPAGKEQFF	FVDGVPFVV
CASSQEQADLEQFF	FVDGVPFVV
CASSLGQVYNEQFF	FVDGVPFVV
CASSLIPAGASYEQYF	FVDGVPFVV
CASSARDRGYAEQYF	FVDGVPFVV
CASSEGAGNTEAFF	FVDGVPFVV
CASSAGTIGEQYF	FVDGVPFVV
CASSIAGGRDTQYF	FVDGVPFVV
CASSFGWVRTGANEQFF	FVDGVPFVV
CASSSTSGTYEQYF	FVDGVPFVV
CASSQTDRGDQPQHF	FVDGVPFVV
CASSQDRVDRGHEQYF	FVDGVPFVV
CARGGGASYEQYF	FVDGVPFVV
CASSEAVGSGSSTDTQYF	FVDGVPFVV
CASSGGAVPFYEQYF	FVDGVPFVV
CASSSWDSVNEQFF	FVDGVPFVV
CASSQGRLVPQETQYF	FVDGVPFVV
CASSQEGAESYEQYF	FVDGVPFVV
CASSLAGRPTGELFF	FVDGVPFVV
CASSPEPTSGRDEQFF	FVDGVPFVV
CASSFRNGNTGELFF	FVDGVPFVV
CASSARLGGPSGANVLTF	FVDGVPFVV
CASSRVSPGTATYEQYF	FVDGVPFVV
CATSDTHRTASYEQYF	FVDGVPFVV
CASSLNSNQPQHF	FVDGVPFVV
CASSFGGGEGNEQFF	FVDGVPFVV
CASSFWETGSYEQYF	FVDGVPFVV
CASSLYEMDTQYF	FVDGVPFVV
CASSRKIADSYEQYF	FVDGVPFVV
CAWSIGQRAEKLFF	FVDGVPFVV
CASSQDTRLAGRYNEQFF	FVDGVPFVV
CATETRGLAGGRYNEQFF	FVDGVPFVV
CASSEARGEQFF	FVDGVPFVV
CASSLAGLPYEQYF	FVDGVPFVV
CATSRELAATYEQYF	FVDGVPFVV
CASRSTGASYEQYF	FVDGVPFVV
CASSGTGIYEQYF	FVDGVPFVV
CASAEGGKGFSPLHF	FVDGVPFVV
CASSEGLNEQFF	FVDGVPFVV
CASSSRVLSGRSSTDTQYF	FVDGVPFVV
CASSPDRPLYF	FVDGVPFVV
CASSSLGGVEGGIIYNEQFF	FVDGVPFVV
CASSIRPGGGDEQFF	FVDGVPFVV
CASSLQGANTGELFF	FVDGVPFVV
CASSEFERGAYEQYF	FVDGVPFVV
CASTLGGDRSYEQYF	FVDGVPFVV
CASSPLGDGNTEAFF	FVDGVPFVV
CASSPSVDEQFF	FVDGVPFVV
CASSQVGDTQYF	FVDGVPFVV
CASSLDGRLTGELFF	FVDGVPFVV
CASSLVDSSAYEQYF	FVDGVPFVV
CASSLKRGQTYEQYF	FVDGVPFVV
CASSLVDRVYEQYF	FVDGVPFVV
CASSSGQGANSGANVLTF	FVDGVPFVV
CASSYGAGKFF	FVDGVPFVV
CASSSTGDYADGYTF	FVDGVPFVV
CASSEELAKSYEQYF	FVDGVPFVV
CASSEAVYEAFF	FVDGVPFVV
CASSPDRPSEQYF	FVDGVPFVV
CSATRGGFPLGNSPLHF	FVDGVPFVV
CASSPLSGAGANVLTF	FVDGVPFVV
CASSYGGELFF	FVDGVPFVV
CASRGPEAFF	FVDGVPFVV
CASTPGGAEAFF	FVDGVPFVV
CASSGAGDNEQFF	FVDGVPFVV
CASSKPGASSYNEQFF	FVDGVPFVV
CASSGNSGGVQDTQYF	FVDGVPFVV
CASSFWGDPHNEQFF	FVDGVPFVV
CSARLEGLAGPSSYNEQFF	FVDGVPFVV
CASSKLDRVTEAFF	FVDGVPFVV
CASTPPAGSSYNEQFF	FVDGVPFVV
CASSGTGAPSLYEQYF	FVDGVPFVV
CASSPGTASYEQYF	FVDGVPFVV
CATSTFPGQGVDNEQFF	FVDGVPFVV
CASSPLAGGRDTQYF	FVDGVPFVV
CASSWRAQETQYF	FVDGVPFVV
CASSSGGARGPQETQYF	FVDGVPFVV
CASSTVAGLGTEAFF	FVDGVPFVV
CASSYSLGNEQFF	FVDGVPFVV
CASSLGDRSNYGYTF	FVDGVPFVV
CASSPRDRVHEQYF	FVDGVPFVV
CASSEWLRTEAFF	FVDGVPFVV
CASSYPGRSSYEQYF	FVDGVPFVV
CATSREPRDYEQYF	FVDGVPFVV
CASSEALREGLRYGYTF	FVDGVPFVV
CASSLAPGDYEQFF	FVDGVPFVV
CASSEGLAETQYF	FVDGVPFVV
CASSYGRDGYTF	FVDGVPFVV
CASSGGASYEQYF	FVDGVPFVV
CASSLPPGVVNTGELFF	FVDGVPFVV
CASSQVWGSGANVLTF	FVDGVPFVV
CASSQKWATEAFF	FVDGVPFVV
CASSLAGEWNEQFF	FVDGVPFVV
CASSLKGIRYEQYF	FVDGVPFVV
CASSLGGGLAGDRITGELFF	FVDGVPFVV
CASRGLNEQFF	FVDGVPFVV
CASSTHRGQGLVNEQFF	FVDGVPFVV
CASSGAGLAVTGELFF	FVDGVPFVV
CASSPWTGRTEAFF	FVDGVPFVV
CASSPRDRVHEQFF	FVDGVPFVV
CATHRERAEAFF	FVDGVPFVV
CASSQDPVRYAGELFF	FVDGVPFVV
CASSLSSGLPHEQYF	FVDGVPFVV
CASSLYRLAGGYTGELFF	FVDGVPFVV
CASRPPPGNRNEQFF	FVDGVPFVV
CASSTRQGPDTEAFF	FVDGVPFVV
CASSLRAVGYNEQFF	FVDGVPFVV
CSARGDLGTGELFF	FVDGVPFVV
CASTIQDRVSTDTQYF	FVDGVPFVV
CASSRRDRVNEQFF	FVDGVPFVV
CASSLNTRTGRDNEQFF	FVDGVPFVV
CADAPGLGGEQYF	FVDGVPFVV
CASSVVGLATGKTPIYF	FVDGVPFVV
CASSMRDRVYEQYF	FVDGVPFVV
CASSYRASGLYNEQFF	FVDGVPFVV
CASSRDSPNEKLFF	FVDGVPFVV
CASSLDVPRDRGYEQYF	FVDGVPFVV
CASKGGNEQFF	FVDGVPFVV
CASSGGQYNEQFF	FVDGVPFVV
CASSEWGGREMNEQFF	FVDGVPFVV
CASSYRGSGTDTQYF	FVDGVPFVV
CASSEFPRSTEAFF	FVDGVPFVV
CASSYQGETYEQYF	FVDGVPFVV
CASSLPGSGELFF	FVDGVPFVV
CASSTANTGELFF	FVDGVPFVV
CASSAPVSLPTYEQYF	FVDGVPFVV
CASSGGVREGRYNEQFF	FVDGVPFVV
CASSYGGRDTQYF	FVDGVPFVV
CASSYPRGFTGSSYNEQFF	FVDGVPFVV
CSARDVTGVAGGGEVDTQYF	FVDGVPFVV
CASSPLDYTNEQFF	FVDGVPFVV
CASSFWDRANQPQHF	FVDGVPFVV
CASSLDGTGRFYEQYF	FVDGVPFVV
CASNPGTGSSYEQYF	FVDGVPFVV
CASSFWGANTEAFF	FVDGVPFVV
CASSLIQGTEQFF	FVDGVPFVV
CASSLATGRIYGYTF	FVDGVPFVV
CASSFPGDTQYF	FVDGVPFVV
CASSPTPSGRAKADTQYF	FVDGVPFVV
CASSQEEERRWDEQFF	FVDGVPFVV
CASSLSGRGEKNYGYTF	FVDGVPFVV
CASSEGVGDTEAFF	FVDGVPFVV
CASSVGEGGPDTQYF	FVDGVPFVV
CASSQADRGQPQHF	FVDGVPFVV
CASSRGRGNEQFF	FVDGVPFVV
CASSLEHRFQQYF	FVDGVPFVV
CASSLGRLIGETQYF	FVDGVPFVV
CASSSSTAPLEQYF	FVDGVPFVV
CASGFLRLAGVSYNEQFF	FVDGVPFVV
CASSLAGNEQFF	FVDGVPFVV
CASSPRADSDIASYEQYF	FVDGVPFVV
CASSVEGMYGYTF	FVDGVPFVV
CASTLAAAPSSGANVLTF	FVDGVPFVV
CASGIRGDQPQHF	FVDGVPFVV
CASSLAVVYEQFF	FVDGVPFVV
CASSQMGRHEKLFF	FVDGVPFVV
CASSEPDRGLYEQYF	FVDGVPFVV
CASSQDPDRAYYGYTF	FVDGVPFVV
CATSSPSNEKLFF	FVDGVPFVV
CASSVGGEGREMLGETQYF	FVDGVPFVV
CASSLGSDRDRSGNTIYF	FVDGVPFVV
CASSQPAGGLDTQYF	FVDGVPFVV
CSASSSGGRGTGELFF	FVDGVPFVV
CASSQEYANTEAFF	FVDGVPFVV
CASSLNGGNTGELFF	FVDGVPFVV
CATSPPGRGGNNEQFF	FVDGVPFVV
CASSDLDREDTQYF	FVDGVPFVV
CATSAGNNEQFF	FVDGVPFVV
CARRARTGELFF	FVDGVPFVV
CASSLVHAVSGANVLTF	FVDGVPFVV
CASSPRVTSYEQYF	FVDGVPFVV
CASSPPLWTGELFF	FVDGVPFVV
CASSDPRGFSTYEQYF	FVDGVPFVV
CASSIYRRVSELFF	FVDGVPFVV
CSEGTSGSTDTQYF	FVDGVPFVV
CASSANSYEQYF	FVDGVPFVV
CASTAQLRESNEQFF	FVDGVPFVV
CASSITARIVNEQFF	FVDGVPFVV
CASSYSGEARSETQYF	FVDGVPFVV
CASSLDEQYF	FVDGVPFVV
CASSLGALGTDTQYF	FVDGVPFVV
CASSYFGTFAGYNEQFF	FVDGVPFVV
CASSLELASTDTQYF	FVDGVPFVV
CASSESRDEQFF	FVDGVPFVV
CASSYGPDGYTF	FVDGVPFVV
CASRLDRGLFQPQHF	FVDGVPFVV
CASSPPAGSSYNEQFF	FVDGVPFVV
CASSSRKWGGRIYGYTF	FVDGVPFVV
CASSMGPGRYEQYF	FVDGVPFVV
CASSPIEQGRFYGYTF	FVDGVPFVV
CASSLAGGGRDTQYF	FVDGVPFVV
CATSREGPGRDEQFF	FVDGVPFVV
CASSFTHYEQYF	FVDGVPFVV
CASSLHLSQRGTGELFF	FVDGVPFVV
CASSLLVVAEANYGYTF	FVDGVPFVV
CASSSPWDRDMNTEAFF	FVDGVPFVV
CASSTPRGGYEQYF	FVDGVPFVV
CAISPPVVGRAGHEQFF	FVDGVPFVV
CASSQADGLGGIYEQYF	FVDGVPFVV
CASSLRDRVNEQFF	FVDGVPFVV
CASSFERTGRGQPQHF	FVDGVPFVV
CASSSGRSIDTQYF	FVDGVPFVV
CASSGRRDNSGANVLTF	FVDGVPFVV
CASSVSYFQPQHF	FVDGVPFVV
CASSSYGGAGEQFF	FVDGVPFVV
CASGHMEGNTEAFF	FVDGVPFVV
CASSQGTGYSNQPQHF	FVDGVPFVV
CASSTLSGLPPAGELFF	FVDGVPFVV
CASILLTSGGRTQYF	FVDGVPFVV
CASSVVDELTGELFF	FVDGVPFVV
CASSPLMDRGGNEQYF	FVDGVPFVV
CASSDPPQTTEAFF	FVDGVPFVV
CASSPRTGTLTGELFF	FVDGVPFVV
CASSLGTTLYGYTF	FVDGVPFVV
CASSVADTEAFF	FVDGVPFVV
CASSPRDRINEQFF	FVDGVPFVV
CASSVDGGAGTQYF	FVDGVPFVV
CASSYSYTSGGQETQYF	FVDGVPFVV
CASSLDLADSYEQYF	FVDGVPFVV
CASSPGGGVLGTGELFF	FVDGVPFVV
CATSRERALAHEQFF	FVDGVPFVV
CSAIGGGRGSEQYF	FVDGVPFVV
CASSFLGQETDQPQHF	FVDGVPFVV
CASSLEGSKYNEQFF	FVDGVPFVV
CASSALGNEQFF	FVDGVPFVV
CASSPWGGETQYF	FVDGVPFVV
CASSPGQGASYEQYF	FVDGVPFVV
CASSSTGGRGDTEAFF	FVDGVPFVV
CASSLYGSGANVLTF	FVDGVPFVV
CASSYSRGNEQFF	FVDGVPFVV
CASSIGGDYNEQFF	FVDGVPFVV
CASSGNPSVIGQETQYF	FVDGVPFVV
CASSEGGPNLEQFF	FVDGVPFVV
CASSPRGGGTEAFF	FVDGVPFVV
CASSLDVRGGETQYF	FVDGVPFVV
CASSQDLWTDNQPQHF	FVDGVPFVV
CASTIARHTNEKLFF	FVDGVPFVV
CASSSPGANVLTF	FVDGVPFVV
CASSFPWGGDGGELFF	FVDGVPFVV
CASSQGGGDNQPQHF	FVDGVPFVV
CATGFRPNTEAFF	FVDGVPFVV
CASSGGLNEKLFF	FVDGVPFVV
CASSEAQDRGVGVGYTF	FVDGVPFVV
CASSLAGAGDQFF	FVDGVPFVV
CAIRTGWRVEQFF	FVDGVPFVV
CASSYSGPNYGYTF	FVDGVPFVV
CASSQDPSFSYNEQFF	FVDGVPFVV
CASSTGTPGSNQPQHF	FVDGVPFVV
CASSPLAGGTGELFF	FVDGVPFVV
CASSQDPPQGSTGELFF	FVDGVPFVV
CASSLKLSSGTYEQYF	FVDGVPFVV
CASSLGPDGVGQGSGYTF	FVDGVPFVV
CAISDSNSGANVLTF	FVDGVPFVV
CASSLPQGRIQPQHF	FVDGVPFVV
CSVEWGMREQYF	FVDGVPFVV
CASSLRLGSGVSSYNEQFF	FVDGVPFVV
CATPGPTAYEQYF	FVDGVPFVV
CASSPGGGITEAFF	FVDGVPFVV
CASSQAGTRPYEQYF	FVDGVPFVV
CASSDTTGTSGLQF	FVDGVPFVV
CASSVVVGGPTDTQYF	FVDGVPFVV
CASSQELATSGEQFF	FVDGVPFVV
CASSLFPGTAGPYEQYF	FVDGVPFVV
CASSIEAARQTQYF	FVDGVPFVV
CASSLGARLSGGSYNEQFF	FVDGVPFVV
CASSENGRLARNTGELFF	FVDGVPFVV
CASSQELAGPFDEQFF	FVDGVPFVV
CASSSSVASNNEQFF	FVDGVPFVV
CASSFTGVGTQYF	FVDGVPFVV
CASSQEPARPYEQYF	FVDGVPFVV
CASSSGQSYEQYF	FVDGVPFVV
CAASTGTRYNEQFF	FVDGVPFVV
CAAADRMTDTQYF	FVDGVPFVV
CASSQEGGNTGELFF	FVDGVPFVV
CASSLAGTGTYEQYF	FVDGVPFVV
CASSGDAAYEQYF	FVDGVPFVV
CASFRTGDNEQFF	FVDGVPFVV
CASSDVQGGSYNEQFF	FVDGVPFVV
CASSGDTMNTGELFF	FVDGVPFVV
CASSPGPGEGERTEAFF	FVDGVPFVV
CASSLGWLGEKLFF	FVDGVPFVV
CASSEALREGGYGYTF	FVDGVPFVV
CASSVADSAQYF	FVDGVPFVV
CATSRELAGGWNEQFF	FVDGVPFVV
CASSPWTSGGATDTQYF	FVDGVPFVV
CASSYSLSSGKGANVLTF	FVDGVPFVV
CASSSLDSRTDTQYF	FVDGVPFVV
CASSDNPITSGRESDTQYF	FVDGVPFVV
CASSLGSGRSSYEQYF	FVDGVPFVV
CASSTGRSSYEQYF	FVDGVPFVV
CANTGTVNTGELFF	FVDGVPFVV
CSARGGSGNTGELFF	FVDGVPFVV
CASSVGGQGAYEQYF	FVDGVPFVV
CASSQGKRLIFYEQYF	FVDGVPFVV
CASSVSGTEAFF	FVDGVPFVV
CASSEPPVAQETQYF	FVDGVPFVV
CASSGGTPQETQYF	FVDGVPFVV
CARRLAGYNEQFF	FVDGVPFVV
CASSPRDRNNEQFF	FVDGVPFVV
CASSSTGQGRSNYGYTF	FVDGVPFVV
CASSIPGQGTYEQYF	FVDGVPFVV
CASSSWDRGDTEAFF	FVDGVPFVV
CASSHNRGLFTGELFF	FVDGVPFVV
CASSAGGDIGGHYSYEQYF	FVDGVPFVV
CATSRDQLGTQYF	FVDGVPFVV
CASSIQRSSYNEQFF	FVDGVPFVV
CASSPSSGSSYNEQFF	FVDGVPFVV
CASSQRDRVHEQYF	FVDGVPFVV
CASRSREYNEQFF	FVDGVPFVV
CASSLDRPAEQFF	FVDGVPFVV
CASSERLPASGRSTGELFF	FVDGVPFVV
CASSPGTGVDYEQYF	FVDGVPFVV
CASSLYGGTGEQYF	FVDGVPFVV
CASSLGGSGRRSGSTDTQYF	FVDGVPFVV
CASSPRGPLTNTEAFF	FVDGVPFVV
CASSLDRGNSPLHF	FVDGVPFVV
CSARDKDLQNTGELFF	FVDGVPFVV
CATSVGRGRGYTF	FVDGVPFVV
CASSYGRGGDTQYF	FVDGVPFVV
CSGRELPTENTEAFF	FVDGVPFVV
CSASLGGRDNEQFF	FVDGVPFVV
CASSGSGRSEQYF	FVDGVPFVV
CASSQDSAAWRWTSTDTQYF	FVDGVPFVV
CASSSSTGGTYNSPLHF	FVDGVPFVV
CSATPGHPEKLFF	FVDGVPFVV
CASSGTPRSGGSNEQFF	FVDGVPFVV
CASSPWDRGREQYF	FVDGVPFVV
CAAGASMNTEAFF	FVDGVPFVV
CASSLFTGELFF	FVDGVPFVV
CATYAGDRGELFF	FVDGVPFVV
CASSEAVGSRYNEQFF	FVDGVPFVV
CASSPNINEQFF	FVDGVPFVV
CASSQEKANLRQFF	FVDGVPFVV
CASRAGASYEQYF	FVDGVPFVV
CATVQRGSSYNEQFF	FVDGVPFVV
CASSQVLGKARNDDTEAFF	FVDGVPFVV
CASSSQLSGANVLTF	FVDGVPFVV
CASSWTGGGRETQYF	FVDGVPFVV
CASSLVWTGGPDIQYF	FVDGVPFVV
CASSASGSSYNEQFF	FVDGVPFVV
CASSAGTGYSGYTF	FVDGVPFVV
CSAGEREGRPYEQYF	FVDGVPFVV
CASSYGQNEQFF	FVDGVPFVV
CASSEVVNTEAFF	FVDGVPFVV
CASSYGRAEAFF	FVDGVPFVV
CASSNGGPTYNEQFF	FVDGVPFVV
CASSNSLDGRNYGYTF	FVDGVPFVV
CASSPTSGSRYEQFF	FVDGVPFVV
CASSPPLIEGQYF	FVDGVPFVV
CASSVGDYEQYF	FVDGVPFVV
CASTQLSQREALYNEQFF	FVDGVPFVV
CASSQDLGSEQYF	FVDGVPFVV
CASSSEGRPREQYF	FVDGVPFVV
CASSYSAARFSNQPQHF	FVDGVPFVV
CASSLETGVREKLFF	FVDGVPFVV
CASSQDNEGPGTQYF	FVDGVPFVV
CATSSGLAGREQFF	FVDGVPFVV
CATSGNAADTQYF	FVDGVPFVV
CSVPAASGVYNEQFF	FVDGVPFVV
CAIRLALDSRNTIYF	FVDGVPFVV
CASSLVGDTQYF	FVDGVPFVV
CASSGGATYEQYF	FVDGVPFVV
CASSLGARGAGAFF	FVDGVPFVV
CASSKPLQEETQYF	FVDGVPFVV
CAISESIAGSTDTQYF	FVDGVPFVV
CASSLTKKNTEAFF	FVDGVPFVV
CASSQVSRGDEQFF	FVDGVPFVV
CASSQDSDRAKYSGYTF	FVDGVPFVV
CATSDLGTPGELFF	FVDGVPFVV
CASSVEGGGPYEQYF	FVDGVPFVV
CASSPGGAGAGTGELFF	FVDGVPFVV
CASSEWQGRSGELFF	FVDGVPFVV
CASSFRGQHQPQHF	FVDGVPFVV
CASSLAGSSYEQYF	FVDGVPFVV
CAISESDRFGQPQHF	FVDGVPFVV
CASSLTPSGTGELFF	FVDGVPFVV
CASSQVGWDTRNQPQHF	FVDGVPFVV
CASSWLASSDTQYF	FVDGVPFVV
CASSLGGRGNEQFF	FVDGVPFVV
CASSQFRGPPYNEQFF	FVDGVPFVV
CASHRRADYEQFF	FVDGVPFVV
CASSYGRQNTEAFF	FVDGVPFVV
CASSLAGVEAFF	FVDGVPFVV
CASSNKRVNSYEQYF	FVDGVPFVV
CASSYRGRATSEQFF	FVDGVPFVV
CASSLSRGYNAYGYTF	FVDGVPFVV
CASSQVGRGTDTQYF	FVDGVPFVV
CASSLGDRVLNEQFF	FVDGVPFVV
CASSVAAGAGPSYEQYF	FVDGVPFVV
CASGGQGAGGYTF	FVDGVPFVV
CASSPTPGLRLGPDTQYF	FVDGVPFVV
CASSSSEAGGPGETQYF	FVDGVPFVV
CASSYSIGNIQYF	FVDGVPFVV
CAWETGIYNEQFF	FVDGVPFVV
CASSLWGRSNQPQHF	FVDGVPFVV
CASSYSIGSSRAYYGYTF	FVDGVPFVV
CASSLGQGNQPQHF	FVDGVPFVV
CASSRTDRAGELFF	FVDGVPFVV
CASSQQGTGADTQYF	FVDGVPFVV
CASSLGTPRWNQPQHF	FVDGVPFVV
CASSLITEAFF	FVDGVPFVV
CASSNKRVNSYEQYF	FVDGVPFVV
CSARVEGSGRITSYNEQFF	FVDGVPFVV
CASSLVYRGGTEAFF	FVDGVPFVV
CASSEGTGAYNSPLHF	FVDGVPFVV
CASSFDGNYGYTF	FVDGVPFVV
CASSPRDRVNEQFF	FVDGVPFVV
CASSKEVLTSYNEQFF	FVDGVPFVV
CASSVAGNEQFF	FVDGVPFVV
CASSLSPSSYNEQFF	FVDGVPFVV
CASSQGEWGSNQPQHF	FVDGVPFVV
CASSPGGRGLLSGANVLTF	FVDGVPFVV
CASSPVDRGYGYTF	FVDGVPFVV
CASSEGGTRWGYTF	FVDGVPFVV
CASSAAGGPSQETQYF	FVDGVPFVV
CASSYLGSPGEKLFF	FVDGVPFVV
CASSWGGSSYNEQFF	FVDGVPFVV
CASGSGLTSGNTGELFF	FVDGVPFVV
CASSEGDTEAFF	FVDGVPFVV
CSARDRAGVETQYF	FVDGVPFVV
CASSVTGASGELFF	FVDGVPFVV
CASSLGGQAINTEAFF	FVDGVPFVV
CAISDPPGGNTEAFF	FVDGVPFVV
CASSPRVSYEQYF	FVDGVPFVV
CASSYPGEQYF	FVDGVPFVV
CASSQRGGDTGELFF	FVDGVPFVV
CSARDSFGANVLTF	FVDGVPFVV
CATSRPGRGGTGELFF	FVDGVPFVV
CASSDTDGYEQYF	FVDGVPFVV
CASRKVPGWETQYF	FVDGVPFVV
CASSQEPAYAEAFF	FVDGVPFVV
CASSLNRIYGYTF	FVDGVPFVV
CASSLEGRVYEQYF	FVDGVPFVV
CASSSGPNSIQYF	FVDGVPFVV
CASSVAELSYEQYF	FVDGVPFVV
CASSPGTSHEQYF	FVDGVPFVV
CASSQEPDRSGNTIYF	FVDGVPFVV
CATSSYPSTVGYEQYF	FVDGVPFVV
CASSPVDRHPRSYNEQFF	FVDGVPFVV
CASSSTPGLAGRESSYEQYF	FVDGVPFVV
CASSRNSFSPLHF	FVDGVPFVV
CATSRELRSMNTEAFF	FVDGVPFVV
CASRPVQNTEAFF	FVDGVPFVV
CASSQEEATWGSEGLFF	FVDGVPFVV
CASSTDNSYEQYF	FVDGVPFVV
CASSQERASMNEQFF	FVDGVPFVV
CASSFMGQGQPQHF	FVDGVPFVV
CAISEKKIPGQGSYNEQFF	FVDGVPFVV
CASRPQLSGSVYEQFF	FVDGVPFVV
CASSVADPGNTIYF	FVDGVPFVV
CASRLETYGYTF	FVDGVPFVV
CASSYSGRWYEQYF	FVDGVPFVV
CASSQVNRGANEKLFF	FVDGVPFVV
CASLAGGTIQYF	FVDGVPFVV
CASSIAGGRYNEQFF	FVDGVPFVV
CAVGGTADGQYF	FVDGVPFVV
CASSNLGGQETQYF	FVDGVPFVV
CASSQGTTSGRQETQYF	FVDGVPFVV
CASSPGLGIYNEQFF	FVDGVPFVV
CASSIGTGRPYNEQFF	FVDGVPFVV
CASSVADTEAFF	FVDGVPFVV
CASSPGQGGLDTEAFF	FVDGVPFVV
CASSPREGMNTEAFF	FVDGVPFVV
CASTFLAGGLYNEQFF	FVDGVPFVV
CATGQGMPDTQYF	FVDGVPFVV
CASRNREVGTDTQYF	FVDGVPFVV
CASSPPASYEQYF	FVDGVPFVV
CASSAWETGSYEQYF	FVDGVPFVV
CASSEPGAGNTIYF	FVDGVPFVV
CASSVGDSHYGYTF	FVDGVPFVV
CASSQESASSYEQYF	FVDGVPFVV
CASSLQGAGDTQYF	FVDGVPFVV
CASSVAGSGELFF	FVDGVPFVV
CASSSFGSDIQYF	FVDGVPFVV
CATGTANTGELFF	FVDGVPFVV
CASSQVLNRGTQYF	FVDGVPFVV
CASSFWSGNGYTF	FVDGVPFVV
CASSLVLGYSYEQYF	FVDGVPFVV
CASSVEGSYTLHF	FVDGVPFVV
CASSQVDRGSTEAFF	FVDGVPFVV
CASSSSLAGGYNEQFF	FVDGVPFVV
CASSSPGREGRYEQYF	FVDGVPFVV
CASSISTYRPRETQYF	FVDGVPFVV
CASSFTSNDGELFF	FVDGVPFVV
CASSPKFRLASYEQYF	FVDGVPFVV
CASSLDIAGELTDTQYF	FVDGVPFVV
CASSNSGGASYEQYF	FVDGVPFVV
CASSLGWASGYQETQYF	FVDGVPFVV
CASRPSEGGSLHF	FVDGVPFVV
CASSLGAEQYF	FVDGVPFVV
CASSDATGTSLYEQYF	FVDGVPFVV
CASSVEGVNEAFF	FVDGVPFVV
CASSYSGQRPNEQFF	FVDGVPFVV
CASSFHGEGTQYF	FVDGVPFVV
CASSLARNEQFF	FVDGVPFVV
CASSWTMGVLEETQYF	FVDGVPFVV
CASTGGHRNEQFF	FVDGVPFVV
CASSVGTGTYEQYF	FVDGVPFVV
CSASQQGGRGAYNEQFF	FVDGVPFVV
CASSLGGRTGGDSGANVLTF	FVDGVPFVV
CASSDGTGAGANVLTF	FVDGVPFVV
CASSPAGREGVNEQFF	FVDGVPFVV
CASSLAGRQGYNEQFF	FVDGVPFVV
CASSEWTSTNEKLFF	FVDGVPFVV
CASSLVGRTLYEQYF	FVDGVPFVV
CASSITGGWEQYF	FVDGVPFVV
CASTPGGASTEAFF	FVDGVPFVV
CASSTQGPQTSTDTQYF	FVDGVPFVV
CASRDGFNLQHF	FVDGVPFVV
CASSFTHVGGARETQYF	FVDGVPFVV
CASSVVGDPSYEQYF	FVDGVPFVV
CATEGTGDAYNEQFF	FVDGVPFVV
CASSLHRGRNEQFF	FVDGVPFVV
CASSESKMRSEQYF	FVDGVPFVV
CASGPAEAFF	FVDGVPFVV
CASSVAGDNSPLHF	FVDGVPFVV
CASSSPGTSGLTGELFF	FVDGVPFVV
CAADLNTEAFF	FVDGVPFVV
CASSQGQRYGYTF	FVDGVPFVV
CATLVHENTEAFF	FVDGVPFVV
CSANRGTHYGYTF	FVDGVPFVV
CASIGGLSTGELFF	FVDGVPFVV
CASSQDRLAGGQTSYEQYF	FVDGVPFVV
CASSVGGTVQTQYF	FVDGVPFVV
CASSLGLAGSSYNEQFF	FVDGVPFVV
CASRRQGRTDTQYF	FVDGVPFVV
CASSLLGPGSWYEQYF	FVDGVPFVV
CSGDEDRATEAFF	FVDGVPFVV
CASSFSRGHVETQYF	FVDGVPFVV
CASSFETGRRIEAFF	FVDGVPFVV
CASSFGVGFNNEQFF	FVDGVPFVV
CASSLPLDSTSYEQYF	FVDGVPFVV
CASSQEGASNEQFF	FVDGVPFVV
CASSFWRDYEQYF	FVDGVPFVV
CASSQEFRREQYF	FVDGVPFVV
CTSSQGTSLTYEQYF	FVDGVPFVV
CASSPWREQYF	FVDGVPFVV
CASSPGRFDEQFF	FVDGVPFVV
CASSVADTEAFF	FVDGVPFVV
CASTSREASGAQVNEQFF	FVDGVPFVV
CASSPRDRVYEQYF	FVDGVPFVV
CASSYPVTSGSPYEQYF	FVDGVPFVV
CASSKRSGTTYNEQFF	FVDGVPFVV
CASSLETSGDFYEQYF	FVDGVPFVV
CASTRTGTGARETQYF	FVDGVPFVV
CASSLDSPTEQFF	FVDGVPFVV
CASSQEGGRADTQYF	FVDGVPFVV
CASSLGTGTGINEQFF	FVDGVPFVV
CASSQDRTRRYEQYF	FVDGVPFVV
CASSPSPARLAGGPSNEQFF	FVDGVPFVV
CASSPNPRNIQYF	FVDGVPFVV
CASSPEDGGSPLHF	FVDGVPFVV
CASPRGGVAIGNTEAFF	FVDGVPFVV
CASSQDPQKQETQYF	FVDGVPFVV
CASSLGRGANSPLHF	FVDGVPFVV
CASSHGHQETQYF	FVDGVPFVV
CASSVGDNEQFF	FVDGVPFVV
CASSDGMTASYEQYF	FVDGVPFVV
CASSLQGARDTQYF	FVDGVPFVV
CASSASGQVSDTQYF	FVDGVPFVV
CASSEVMIDEQYF	FVDGVPFVV
CASSHYRQGLYEQYF	FVDGVPFVV
CASSEAGARYNSPLHF	FVDGVPFVV
CASSPSRAARLPYQETQYF	FVDGVPFVV
CASSQDGSTQYF	FVDGVPFVV
CASSETGGRTEAFF	FVDGVPFVV
CASRPQGAIPIYF	FVDGVPFVV
CASSPGGNPYNEQFF	FVDGVPFVV
CASSRDRGRNEQFF	FVDGVPFVV
CASSTEQAGSSETQYF	FVDGVPFVV
CASSLGSRAYEQYF	FVDGVPFVV
CASGRVGVEQFF	FVDGVPFVV
CASSPRTGGTEAFF	FVDGVPFVV
CASSVGDFPSTDTQYF	FVDGVPFVV
CASSFLQGASYEQYF	FVDGVPFVV
CSVTGGLREQFF	FVDGVPFVV
CASSYGTLYEQYF	FVDGVPFVV
CASSLVTNTEAFF	FVDGVPFVV
CSVEAGLSSYNEQFF	FVDGVPFVV
CASSPSGLPSYEQFF	FVDGVPFVV
CASSDLNQPQHF	FVDGVPFVV
CASSIVPGAEAFF	FVDGVPFVV
CASSDWGSSYNSPLHF	FVDGVPFVV
CASSHPTRLVNGKGSEDTQYF	FVDGVPFVV
CASSRRSGAQETQYF	FVDGVPFVV
CASSQSPRNEQFF	FVDGVPFVV
CASSLMQGGPDEQFF	FVDGVPFVV
CASSLIAGEQYF	FVDGVPFVV
CASSFLDGMNQPQHF	FVDGVPFVV
CASNLAGRADTQYF	FVDGVPFVV
CASSFRSPGTRETQYF	FVDGVPFVV
CATSRPPGEAFYGYTF	FVDGVPFVV
CASSETSEQFF	FVDGVPFVV
CASSTGGSGVSSSYEQYF	FVDGVPFVV
CASSPRDRVAEQYF	FVDGVPFVV
CASSPRREALYEQYF	FVDGVPFVV
CASSQTSGGRTDTQYF	FVDGVPFVV
CASSFWRETQYF	FVDGVPFVV
CASSTGLADEQYF	FVDGVPFVV
CASSVSGEATEAFF	FVDGVPFVV
CASSFGTDTQYF	FVDGVPFVV
CASSQADNEQFF	FVDGVPFVV
CATSRAGTGYQPQHF	FVDGVPFVV
CASSLDEGQGVGYEQYF	FVDGVPFVV
CASKLDLERNQPQHF	FVDGVPFVV
CASSSGTGETTGANVLTF	FVDGVPFVV
CASNLGLGGPNEQFF	FVDGVPFVV
CASSLYGDLETQYF	FVDGVPFVV
CASSVGGLSNQPQHF	FVDGVPFVV
CASSLLAGVADTQYF	FVDGVPFVV
CASSVGDNEQFF	FVDGVPFVV
CASSPLTGVEGWDEQFF	FVDGVPFVV
CASSSQIYNEQFF	FVDGVPFVV
CSGWGDYGYTF	FVDGVPFVV
CASSNSPDTQYF	FVDGVPFVV
CASSPGGTPASGSFTQETQYF	FVDGVPFVV
CASSVADTEAFF	FVDGVPFVV
CASSPGARAAEAFF	FVDGVPFVV
CASGFAGLTQNEQFF	FVDGVPFVV
CAISESAGGAFYEQYF	FVDGVPFVV
CASSLNGGIITGELFF	FVDGVPFVV
CASRSRQGRFHEQYF	FVDGVPFVV
CASNPLAAYNEQFF	FVDGVPFVV
CASSFSVAGGVGQETQYF	FVDGVPFVV
CASSVTGVVEETQYF	FVDGVPFVV
CASSKGGISQVMANVLTF	FVDGVPFVV
CASSIELADNEQFF	FVDGVPFVV
CASSFSTGNEQFF	FVDGVPFVV
CATAGGSSYNEQFF	FVDGVPFVV
CASSLFVERPHEQYF	FVDGVPFVV
CASSLLLLGGAVWETQYF	FVDGVPFVV
CASSLTGTNSYEQYF	FVDGVPFVV
CASSRGLGTGELFF	FVDGVPFVV
CASSLRGVRGQPQHF	FVDGVPFVV
CASSLTGRNTEAFF	FVDGVPFVV
CASSLVGQETQYF	FVDGVPFVV
CASSLARDTQTTAYGYTF	FVDGVPFVV
CSARDLITLSAEQFF	FVDGVPFVV
CASSLWGTRFRTSTDTQYF	FVDGVPFVV
CASSAERDTFSYEQYF	FVDGVPFVV
CASSESRGRTEAFF	FVDGVPFVV
CASSHTSLEQYF	FVDGVPFVV
CASSGYTSGRDNEQFF	FVDGVPFVV
CASSLLAGGPGELFF	FVDGVPFVV
CATSPPMPGAEDGYTF	FVDGVPFVV
CSARDPRVSYEQYF	FVDGVPFVV
CASSQEGANRYEQYF	FVDGVPFVV
CASSLDMGQGRETQYF	FVDGVPFVV
CASSQGQRSSYEQYF	FVDGVPFVV
CASSPPVSEYSYEQYF	FVDGVPFVV
CASKQGDGGNGELFF	FVDGVPFVV
CASSLSGDSFIDEQFF	FVDGVPFVV
CAWEGVQAGGPRSYEQYF	FVDGVPFVV
CASSPDRNYGYTF	FVDGVPFVV
CASSQEEAALHTF	FVDGVPFVV
CASSFDDLPTEQYF	FVDGVPFVV
CATSRVGNTIYF	FVDGVPFVV
CASSQVGRDATQYF	FVDGVPFVV
CASSLGNTEAFF	FVDGVPFVV
CASSVSVSTGQGSYGYTF	FVDGVPFVV
CASSFGGYEQYF	FVDGVPFVV
CASSLRFGTVQETQYF	FVDGVPFVV
CASSDGGQETQYF	FVDGVPFVV
CASSLRSGEHNEQFF	FVDGVPFVV
CASLKLDTTYEQYF	FVDGVPFVV
CASTKDRLGYTF	FVDGVPFVV
CASSYSPRGTGIANYGYTF	FVDGVPFVV
CASTRKGSVVDNQPQHF	FVDGVPFVV
CASSPELAGPYNEQFF	FVDGVPFVV
CASSTGPLGRPNEQFF	FVDGVPFVV
CASSEWDREETQYF	FVDGVPFVV
CASSLNIPSGANVLTF	FVDGVPFVV
CASSPWTGWGELFF	FVDGVPFVV
CASSPRDRVYEQYF	FVDGVPFVV
CASSGDDRVDGYTF	FVDGVPFVV
CASSRSGRAWDEQYF	FVDGVPFVV
CASSSSGGWSSYNEQFF	FVDGVPFVV
CASSLKETDSYEQYF	FVDGVPFVV
CASSPRDRVYEQYF	FVDGVPFVV
CSARGGNGNEQFF	FVDGVPFVV
CASSFVGTGAEKLFF	FVDGVPFVV
CASSESGTPYNEQFF	FVDGVPFVV
CASSKDRGISNQPQHF	FVDGVPFVV
CAVRGIGELFF	FVDGVPFVV
CSARTYEQYF	FVDGVPFVV
CATSRSPGQGDEQYF	FVDGVPFVV
CASSLAPGTSGRSDEQFF	FVDGVPFVV
CASSPRGLASYNEQFF	FVDGVPFVV
CASSPSSGSSYNEQFF	FVDGVPFVV
CASSPAASYEQFF	FVDGVPFVV
CASSPGTSLYNEQFF	FVDGVPFVV
CSARVPPGSLAKNIQYF	FVDGVPFVV
CASSSGPRNQPQHF	FVDGVPFVV
CASSLAGVSETQYF	FVDGVPFVV
CASSPRSGTQENIQYF	FVDGVPFVV
CASSQEGAGGRNEQFF	FVDGVPFVV
CASSLVPSTAYEQYF	FVDGVPFVV
CATTDQGGTEAFF	FVDGVPFVV
CASSVVEQYTEAFF	FVDGVPFVV
CASSPGGTDTQYF	FVDGVPFVV
CSASGTSGRGAYNEQFF	FVDGVPFVV
CASSLTGRDTGELFF	FVDGVPFVV
CASSLGRSGPPNEKLFF	FVDGVPFVV
CASSPFDRVKGYTF	FVDGVPFVV
CASSFSTGSTYEQYF	FVDGVPFVV
CASTRGHNQPQHF	FVDGVPFVV
CASSVGGARMAGKSGKMVGYEQYF	FVDGVPFVV
CSARDNEQFF	FVDGVPFVV
CASSVVADQSQYF	FVDGVPFVV
CASSLSGAGYGYTF	FVDGVPFVV
CASSPPLQETQYF	FVDGVPFVV
CASSNLGGRDTQYF	FVDGVPFVV
CASSPREAGATDTQYF	FVDGVPFVV
CSARLTANTGELFF	FVDGVPFVV
CASSRPGSGTPEQFF	FVDGVPFVV
CASSQERAASYEQYF	FVDGVPFVV
CATSDFGTGGVQYF	FVDGVPFVV
CASSPESGRVYNEQFF	FVDGVPFVV
CASTGKGHRL	FVDGVPFVV
CASSLTGGHTDTQYF	FVDGVPFVV
CASRLLAGVPGGQPYNEQFF	FVDGVPFVV
CASSLRGGDTGELFF	FVDGVPFVV
CASIASGSSYNEQFF	FVDGVPFVV
CASSYNRETEAFF	FVDGVPFVV
CASSEQGRVEQYF	FVDGVPFVV
CASSPWSDHNEQFF	FVDGVPFVV
CASSLWDRNTEAFF	FVDGVPFVV
CASSEGQDQPQHF	FVDGVPFVV
CASSLEGARYNEQFF	FVDGVPFVV
CSASRTSGRASYNEQFF	FVDGVPFVV
CASSVGYYEQYF	FVDGVPFVV
CASILTNRGNTEAFF	FVDGVPFVV
CASSFINTEAFF	FVDGVPFVV
CAGAWGLDYEQYF	FVDGVPFVV
CASSELGALYKEFF	FVDGVPFVV
CASRSLGAINYGYTF	FVDGVPFVV
CASSYVARVGEKLFF	FVDGVPFVV
CASSYLRKTGTVDYNSPLHF	FVDGVPFVV
CASSSLGGYTF	FVDGVPFVV
CASSLTGDDYGYTF	FVDGVPFVV
CASRTQEGWETQYF	FVDGVPFVV
CASSPLAGGPYNEQFF	FVDGVPFVV
CASSFFRPPNYGYTF	FVDGVPFVV
CASSSPGSGEQETQYF	FVDGVPFVV
CASSLKRGDEQYF	FVDGVPFVV
CASSSSGTSGRILYEQYF	FVDGVPFVV
CASRGLGGADTGELFF	FVDGVPFVV
CASNHPRFTEAFF	FVDGVPFVV
CASSGDRGSWEQYF	FVDGVPFVV
CASSDGGPTDTQYF	FVDGVPFVV
CATRADPYNEQFF	FVDGVPFVV
CASNVRNSYNEQFF	FVDGVPFVV
CASSQGGPNQPQHF	FVDGVPFVV
CASSISGRPTDTQYF	FVDGVPFVV
CASSLGDRVNSPLHF	FVDGVPFVV
CASSLDGRNEQFF	FVDGVPFVV
CASSLVWDPTGELFF	FVDGVPFVV
CASSVAGTRYNEQFF	FVDGVPFVV
CASSIRGLTPYNEQFF	FVDGVPFVV
CASSVWRNNEQFF	FVDGVPFVV
CASSKENTGELFF	FVDGVPFVV
CASSVGGGAETQYF	FVDGVPFVV
CASSFSLADTQYF	FVDGVPFVV
CASSYHPNTEAFF	FVDGVPFVV
CASSYSGTGAPEQYF	FVDGVPFVV
CSVVLFGNEQFF	FVDGVPFVV
CASSLGTGASTDTQYF	FVDGVPFVV
CASSQADYEQYF	FVDGVPFVV
CASRPNRGQWVEAFF	FVDGVPFVV
CASSQDRDRVSYGYTF	FVDGVPFVV
CASTRLAGGPDTQYF	FVDGVPFVV
CASSITDSSYNEQFF	FVDGVPFVV
CASSLEGGRALETQYF	FVDGVPFVV
CASSLADRGRERLNTEAFF	FVDGVPFVV
CSARGAGNTGELFF	FVDGVPFVV
CATGGRLEGYNEQFF	FVDGVPFVV
CASSPSGSSYEQYF	FVDGVPFVV
CASSLSWYPEISNEQFF	FVDGVPFVV
CASSLPGGEQYF	FVDGVPFVV
CSVRENTGELFF	FVDGVPFVV
CASSVEGQTTETQYF	FVDGVPFVV
CASSQGGLAGGQPNTGELFF	FVDGVPFVV
CASSLVGLANEQFF	FVDGVPFVV
CASSYVQSYEQYF	FVDGVPFVV
CASSPVGRAGHFEQYF	FVDGVPFVV
CASSPGLAGGTYEQYF	FVDGVPFVV
CASSISVPHDETQYF	FVDGVPFVV
CASSSRTTGTDTQYF	FVDGVPFVV
CASNQINQPQHF	FVDGVPFVV
CASSLARNEQFF	FVDGVPFVV
CASSPAHRATSYNEQFF	FVDGVPFVV
CASSHGRAYNEQFF	FVDGVPFVV
CASSPDSSGTEAFF	FVDGVPFVV
CASSPRGRPDEKLFF	FVDGVPFVV
CASSLAWHYEQYF	FVDGVPFVV
CAIRGLGQYNEQFF	FVDGVPFVV
CASSQLPGEQYF	FVDGVPFVV
CASSLVGTGGELFF	FVDGVPFVV
CASSLTVSNQPQHF	FVDGVPFVV
CASSEGQGYSYEQYF	FVDGVPFVV
CASSWETAFSGNTIYF	FVDGVPFVV
CASKKERAYNEQFF	FVDGVPFVV
CASSRSDRANTEAFF	FVDGVPFVV
CASSGPGTEQYF	FVDGVPFVV
CASSLLQGNQPQHF	FVDGVPFVV
CASSQGLRGSQHF	FVDGVPFVV
CASSSFTYEQYF	FVDGVPFVV
CSGLGGSGIDEQFF	FVDGVPFVV
CASSQTPGQGDTGELFF	FVDGVPFVV
CASSVGDNEQFF	FVDGVPFVV
CSARTSGGNTGELFF	FVDGVPFVV
CASSSGISYEQYF	FVDGVPFVV
CASSYSGNTEAFF	FVDGVPFVV
CAWSVQGSPLHF	FVDGVPFVV
CASSLLTHRNEQFF	FVDGVPFVV
CASSQGRQGVDSTHF	FVDGVPFVV
CASSVDLGGRGDTQYF	FVDGVPFVV
CASSPWTGEAFF	FVDGVPFVV
CASSGGTRPFTDTQYF	FVDGVPFVV
CASSDQQGGGTEAFF	FVDGVPFVV
CASSLGIEQYF	FVDGVPFVV
CASSVAGDTQYF	FVDGVPFVV
CASSYARNQPQHF	FVDGVPFVV
CASSPGGGLFDEQYF	FVDGVPFVV
CASSGLDSTQYF	FVDGVPFVV
CASSVGDTEAFF	FVDGVPFVV
CASSFPGLAGGPVYNEQFF	FVDGVPFVV
CASSLDHLTHYNEQFF	FVDGVPFVV
CASSQGSGANVLTF	FVDGVPFVV
CASTPGGNTIYF	FVDGVPFVV
CASSDGIGAESSTDTQYF	FVDGVPFVV
CASRMTGNHEQYF	FVDGVPFVV
CASSEGETGIQPQHF	FVDGVPFVV
CASSYSSRNRDTQYF	FVDGVPFVV
