CDR3	AA
CASSWYEGTEAFF	LWPVTLACF
CSVVGLAVPSSYNEQFF	LWPVTLACF
CASSSPPSGNTIYF	LWPVTLACF
CASSVWETSGSYEQFF	LWPVTLACF
CASSVAGTGDPGNTIYF	LWPVTLACF
CASSQERTGGTEAFF	LWPVTLACF
CATSVLTGLEKLFF	LWPVTLACF
CATSGLGLAGGYEQYF	LWPVTLACF
CASSDRVSTDTQYF	LWPVTLACF
CASSLLAGNQPQHF	LWPVTLACF
CASSPQNEQFF	LWPVTLACF
CASSWIRDYPYNEQFF	LWPVTLACF
CASSVSGQGIPYNEQFF	LWPVTLACF
CASMTEPSSTDTQYF	LWPVTLACF
CATSAYELSYEQYF	LWPVTLACF
CASSQSNEQFF	LWPVTLACF
CASSQLGTQNTEAFF	LWPVTLACF
CASSRWGGGTDTQYF	LWPVTLACF
CATSSESGTGGSSTDTQYF	LWPVTLACF
CASARDNLYQPQHF	LWPVTLACF
CASSLEPRF	LWPVTLACF
CASTLTGVASGEAFF	LWPVTLACF
CASSLLLGSDEQYF	LWPVTLACF
CATNLLPENTGELFF	LWPVTLACF
CASRGQGPYEQYF	LWPVTLACF
CASSLVQGTEAFF	LWPVTLACF
CSVPGLAGGEYNEQFF	LWPVTLACF
CASSLAGGGSETQYF	LWPVTLACF
CATRRWPGTSAGNEQFF	LWPVTLACF
CASSFSYEQYF	LWPVTLACF
CATRLDDQETQYF	LWPVTLACF
CASSYSVVPGELFF	LWPVTLACF
CASSHPGEAQHF	LWPVTLACF
CASSVGVLGQETRSPGEQFF	LWPVTLACF
CASSQDQPQHF	LWPVTLACF
CASWDRGSTDTQYF	LWPVTLACF
CAWDLPGGQLFF	LWPVTLACF
CASREGQGLYNEQFF	LWPVTLACF
CASSDNKEETQYF	LWPVTLACF
CSAPRMNGYTF	LWPVTLACF
CASSQDRWASIGEQYF	LWPVTLACF
CASSYGSGKTGELFF	LWPVTLACF
CASSRVRPPYEQYF	LWPVTLACF
CATSDLKGQETQYF	LWPVTLACF
CASSYSSTSGDEQYF	LWPVTLACF
CASSFAAEAFF	LWPVTLACF
CASSASSEQFF	LWPVTLACF
CASSLWGPNYEQYF	LWPVTLACF
CSVVGLAGVYNEQFF	LWPVTLACF
CASSPSPLQALNTEAFF	LWPVTLACF
CASSLAWTSEETQYF	LWPVTLACF
CASSLGYGGGHEQYF	LWPVTLACF
CASSHGHDRLGYTF	LWPVTLACF
CSVPTGQDYNEQFF	LWPVTLACF
CASSFVTGVVETQYF	LWPVTLACF
CASSYGLTNTGELFF	LWPVTLACF
CASSTGQGTDTQYF	LWPVTLACF
CASSFTGEYGYTF	LWPVTLACF
CASSTGQGADTQYF	LWPVTLACF
CASRLGLAKPQETQYF	LWPVTLACF
CASSQVLGAGELFF	LWPVTLACF
CAISESNTQYF	LWPVTLACF
CASSLGQEHIEAFF	LWPVTLACF
CASSLYNSPLHF	LWPVTLACF
CASSLGPGSPYEQYF	LWPVTLACF
CASSSPGRLDNSPLHF	LWPVTLACF
CASSPTGNTEAFF	LWPVTLACF
CASSPLSGTHEQYF	LWPVTLACF
CASSLNRGSSYNEQFF	LWPVTLACF
CASSLLLAGSYNEQFF	LWPVTLACF
CSARKGGPEQYF	LWPVTLACF
CASSPMRGGFTDTQYF	LWPVTLACF
CASSPLAGDETQYF	LWPVTLACF
CASSLEGGQGNYEQYF	LWPVTLACF
CASSIGSPGANVLTF	LWPVTLACF
CASSYSLAGDGELFF	LWPVTLACF
CASSQDLGYNEQFF	LWPVTLACF
CASSLLEPGGVKNIQYF	LWPVTLACF
CSGVGLPIGEYNEQFF	LWPVTLACF
CASSFSGSPHNEQFF	LWPVTLACF
CASSQETSGGIKETQYF	LWPVTLACF
CASLDLVEEYYEQYF	LWPVTLACF
CSATAWETQYF	LWPVTLACF
CATSRVTSGRTDTQYF	LWPVTLACF
CASSVGGYTEAFF	LWPVTLACF
CASTPGGQPQHF	LWPVTLACF
CASTQGAREKLFF	LWPVTLACF
CATSDNYQETQYF	LWPVTLACF
CASSFGTSGIYNEQFF	LWPVTLACF
CASSPVDSYEQYF	LWPVTLACF
CASSLSSGVTDTQYF	LWPVTLACF
CASSVHGQPGGAFF	LWPVTLACF
CASSQDVGYNEQFF	LWPVTLACF
CASSPRAGEQYF	LWPVTLACF
CASSLGLAGGLGDTQYF	LWPVTLACF
CASTQTGNTEAFF	LWPVTLACF
CASSPYADTQYF	LWPVTLACF
CASSLSRDRGGYEQYF	LWPVTLACF
CASSLDMTATYEQYF	LWPVTLACF
CASRYSLGLAGATTLDTQYF	LWPVTLACF
CASSLMSSGSRDEQYF	LWPVTLACF
CASSYIFYEQYF	LWPVTLACF
CASSFGTDTQYF	LWPVTLACF
CATSDLQGSYNEQFF	LWPVTLACF
CASRQGVLLGYTF	LWPVTLACF
CAISTGQVGTYEQYF	LWPVTLACF
CASSLIAGAETQYF	LWPVTLACF
CATSDFGMTGTTDTQYF	LWPVTLACF
CATHLNGYTF	LWPVTLACF
CASSQDFPAPNYGYTF	LWPVTLACF
CASSEFWTGRGTDTQYF	LWPVTLACF
CASSYSLGGRLETNTDTQYF	LWPVTLACF
CASSSAVRVSEAFF	LWPVTLACF
CASSLRGDYGYTYGYTF	LWPVTLACF
CASKGTSFEQYF	LWPVTLACF
CASTETGGPPYEQYF	LWPVTLACF
CASSAFEGGAYNEQFF	LWPVTLACF
CSARDGTVGYEQYF	LWPVTLACF
CASSSGTGVTDTQYF	LWPVTLACF
CASSDSIGASGRLNEQFF	LWPVTLACF
CSAREGEAPGYEQYF	LWPVTLACF
CASSYVGTVSYEQYF	LWPVTLACF
CSASRDGIFEDTQYF	LWPVTLACF
CASSSEGERGYTF	LWPVTLACF
CSVETAYGYTF	LWPVTLACF
CASSEVGEQFF	LWPVTLACF
CASSPGQLMNTEAFF	LWPVTLACF
CASFTLWRGHRNNEQFF	LWPVTLACF
CSVATHEQFF	LWPVTLACF
CASSQESGYGYTF	LWPVTLACF
CATLGERHDSNYGYTF	LWPVTLACF
CASSFLAADTQYF	LWPVTLACF
CASRPGGMGVASPLHF	LWPVTLACF
CASSLMGTTQYF	LWPVTLACF
CASGPGQEAFF	LWPVTLACF
CASSFRGTGNTIYF	LWPVTLACF
CASSLLLPGGLHSGANVLTF	LWPVTLACF
CASSPDRGSNEQYF	LWPVTLACF
CASQGLAQETQYF	LWPVTLACF
CASSSAGTDTQYF	LWPVTLACF
CASSHRGGTNEKLFF	LWPVTLACF
CASSQFDDEQYF	LWPVTLACF
CASTTIVGQGYPYEQYF	LWPVTLACF
CASSLTRYEQYF	LWPVTLACF
CASSQVGNEQFF	LWPVTLACF
CASSLLVPKGTDTQYF	LWPVTLACF
CASRRPGSENTEAFF	LWPVTLACF
CASRGEGLLHGYTF	LWPVTLACF
CASTEGPNLQETQYF	LWPVTLACF
CASSEPFSGGYTGELFF	LWPVTLACF
CASSPGGHEQFF	LWPVTLACF
CASSVEGEATYEQYF	LWPVTLACF
CASSRTGQAYEQYF	LWPVTLACF
CASSLVIYEQYF	LWPVTLACF
CASSSSAYSNQPQHF	LWPVTLACF
CAWNGDTQYF	LWPVTLACF
CASSPGLESRTDTQYF	LWPVTLACF
CASSIVLVGAGELFF	LWPVTLACF
CASSQDGEFTEAFF	LWPVTLACF
CASSATGTGKDEQYF	LWPVTLACF
CASSIGQFYEQYF	LWPVTLACF
CASIWVNTEAFF	LWPVTLACF
CSADASAAVISTDTQYF	LWPVTLACF
CASSFLDWSNTEAFF	LWPVTLACF
CASSLSPTSGLAGGRPWETQYF	LWPVTLACF
CASSPDNEQFF	LWPVTLACF
CASSLGGGELTLKPNPKETQYF	LWPVTLACF
CASSSLGTSGAGDTQYF	LWPVTLACF
CASSLGGAVSSYNEQFF	LWPVTLACF
CATSDLVGITDTQYF	LWPVTLACF
CSAPGLDSNTQYF	LWPVTLACF
CASSLISGRFLETQYF	LWPVTLACF
CSVILAVPSSYNEQFF	LWPVTLACF
CSANTGTSGSSTDTQYF	LWPVTLACF
CASSQAGGAFF	LWPVTLACF
CASSPNTGELFF	LWPVTLACF
CASSENNEQFF	LWPVTLACF
CASSSPRQGLTETQYF	LWPVTLACF
CSVESVLSYNEQFF	LWPVTLACF
CASSQDKLLTMTTAGSTDTQYF	LWPVTLACF
CAWSRLAAQETQYF	LWPVTLACF
CASRTVRNTEAFF	LWPVTLACF
CASSPPGGETGELFF	LWPVTLACF
CASSYPPGLASAEQFF	LWPVTLACF
CASITFKEGAGELFF	LWPVTLACF
CSVDWGETQYF	LWPVTLACF
CASSEGTSGATDTQYF	LWPVTLACF
CASSLLAGVYYEQYF	LWPVTLACF
CASSSIVLGEQYF	LWPVTLACF
CATRADSYEQYF	LWPVTLACF
CSARVMTGGTEAFF	LWPVTLACF
CASSSRTATGELFF	LWPVTLACF
CASSLMAHSPLHF	LWPVTLACF
CASSYSGQGYEQYF	LWPVTLACF
CASSSISGELFF	LWPVTLACF
CATLGTSRPDTQYF	LWPVTLACF
CASSFLTPLGDEQFF	LWPVTLACF
CASSPTSDTQYF	LWPVTLACF
CACTTSGSNYNEQFF	LWPVTLACF
CASTLGTVIIYGYTF	LWPVTLACF
CATRSLGSTDTQYF	LWPVTLACF
CASSLKPLDRTDTQYF	LWPVTLACF
CASTDLSTDTQYF	LWPVTLACF
CASSFLTPSGANVLTF	LWPVTLACF
CASSPPNTGELFF	LWPVTLACF
CASSEPVSSSYEQYF	LWPVTLACF
CASSVPGLYYTF	LWPVTLACF
CASSLDLVTRLDEQFF	LWPVTLACF
CASSIIGQPQHF	LWPVTLACF
CSPLSTSGEQYF	LWPVTLACF
CASSIILAGVDEQFF	LWPVTLACF
CASSLGILGTEAFF	LWPVTLACF
CASSPGTGQETQYF	LWPVTLACF
CSGVPGPYEQYF	LWPVTLACF
CASSQDPGQAPGYEQFF	LWPVTLACF
CASSSQVTEAFF	LWPVTLACF
CASSLVFSGTEDYEQYF	LWPVTLACF
CSARDPLTYEQYF	LWPVTLACF
CASSQGLAGVFF	LWPVTLACF
CASSGQDRKNTEAFF	LWPVTLACF
CASSHSSGLAYNEQFF	LWPVTLACF
CASSTIGLVGSYEQYF	LWPVTLACF
CASSGTGGLYEQYF	LWPVTLACF
CASQGYLSYEQYF	LWPVTLACF
CSVVYRDGYTF	LWPVTLACF
CASSQGGGEAFF	LWPVTLACF
CASSTSSEQFF	LWPVTLACF
CASSLELAGIHEQFF	LWPVTLACF
CASSLQGLSGYTF	LWPVTLACF
CSAGTSFSYNEQFF	LWPVTLACF
CASSVTNEQFF	LWPVTLACF
CASSSTENSPLHF	LWPVTLACF
CASSLWGTEAFF	LWPVTLACF
CASSFGQYF	LWPVTLACF
CASSPANEQYF	LWPVTLACF
CASSLSGQVLSYNSPLHF	LWPVTLACF
CASSLIGEPQFF	LWPVTLACF
CASSFSALDSANKETQYF	LWPVTLACF
CASSPPGQEQFF	LWPVTLACF
CASRGPTNEKLFF	LWPVTLACF
CSAQGLAGPTSTDTQYF	LWPVTLACF
CASSYSLGAGSGRSTDTQYF	LWPVTLACF
CASSSYNEQFF	LWPVTLACF
CASSQDLDRGREQYF	LWPVTLACF
CSARDPKGGGGYEQYF	LWPVTLACF
CASSSSGSVVDTQYF	LWPVTLACF
CSVAPGGVEGYTF	LWPVTLACF
CASSLSIGLYEQYF	LWPVTLACF
CASSHWLGEETQYF	LWPVTLACF
CASSLVPGFDEQYF	LWPVTLACF
CASSFTGTANYGYTF	LWPVTLACF
CASRLGLAGGGVALETQYF	LWPVTLACF
CASSYALVADGELFF	LWPVTLACF
CASSLGGSPRGQGFPGELFF	LWPVTLACF
CASSPGRGNTEAFF	LWPVTLACF
CASISGTGYEQYF	LWPVTLACF
CASSPLWGQQETQYF	LWPVTLACF
CASSTPMTSGRASEYEQYF	LWPVTLACF
CASSSPPGYPYEQYF	LWPVTLACF
CASSEQGGVYEQYF	LWPVTLACF
CASSALSSLGTGVWTEAFF	LWPVTLACF
CASSPSPNEQFF	LWPVTLACF
CSASSLTGNSYEQYF	LWPVTLACF
CASSLEGSYNSPLHF	LWPVTLACF
CSAFLYPQGLAITKGELFF	LWPVTLACF
CASSFLIGAYGYTF	LWPVTLACF
CSVERGLEDTIYF	LWPVTLACF
CASSTPQGFYNSPLHF	LWPVTLACF
CASSQVAGNTGELFF	LWPVTLACF
CATSDFGGSTDTQYF	LWPVTLACF
CASSYALGARSSYNEQFF	LWPVTLACF
CASSTGQVVATGAYEQYF	LWPVTLACF
CASSLLASSYEQYF	LWPVTLACF
CASTRQGNEKLFF	LWPVTLACF
CASRGGQGGSYEQYF	LWPVTLACF
CASSFLQGLNTGELFF	LWPVTLACF
CASSLALAGGLFSDTQYF	LWPVTLACF
CASSVANEQFF	LWPVTLACF
CASDRENTGELFF	LWPVTLACF
CASSLTSGSSYEQYF	LWPVTLACF
CASSYLSDYGYTF	LWPVTLACF
CASSVDASYEQYF	LWPVTLACF
CASGGQGALQPQHF	LWPVTLACF
CASSYLGSGNTIYF	LWPVTLACF
CASSAIVETQYF	LWPVTLACF
CASLGASGVYEQYF	LWPVTLACF
CSVEYSRGVPNEQFF	LWPVTLACF
CASSLVGAQETQYF	LWPVTLACF
CASSPEVASTDTQYF	LWPVTLACF
CASKGAGGANVLTF	LWPVTLACF
CASSLGPNTEAFF	LWPVTLACF
CASSPDSLNTEAFF	LWPVTLACF
CATGNGGGYTF	LWPVTLACF
CAISETFTSGGDTDTQYF	LWPVTLACF
CASNEGGRANEQYF	LWPVTLACF
CASSLAEGPNSPLHF	LWPVTLACF
CASSLGGYEQYF	LWPVTLACF
CASSVSGLVINEQFF	LWPVTLACF
CASSLYRSSYNEQFF	LWPVTLACF
CASSYSLGQGDYEQYF	LWPVTLACF
CATSDSKWLQHF	LWPVTLACF
CASSSTGAPRDEQFF	LWPVTLACF
CASVSLGAWALHF	LWPVTLACF
CASLYLAGYEQYF	LWPVTLACF
CASLPKGLNYGYTF	LWPVTLACF
CASSLTQGARNEQFF	LWPVTLACF
CASSASSLGGGVSYEQYF	LWPVTLACF
CASSLAVKNIQYF	LWPVTLACF
CASSVRDLGYEQYF	LWPVTLACF
CASSQDLGWGNQPQHF	LWPVTLACF
CASSLYNLGQPQHF	LWPVTLACF
CATSDLGGGKYTDTQYF	LWPVTLACF
CASSPTGTGGVGYGYTF	LWPVTLACF
CASSPASNEQYF	LWPVTLACF
CSVAGNEQFF	LWPVTLACF
CASSDRDRGYEQYF	LWPVTLACF
CASSPFGSSTDTQYF	LWPVTLACF
CASSLGGLEQYF	LWPVTLACF
CASSQVEGAEQYF	LWPVTLACF
CASSIELSSYEQYF	LWPVTLACF
CASSDEEYSNQPQHF	LWPVTLACF
CATSGNQPQHF	LWPVTLACF
CSGANVLTF	LWPVTLACF
CASSFMGVNTEAFF	LWPVTLACF
CASSPEGLVNEQFF	LWPVTLACF
CASRLNTEAFF	LWPVTLACF
CASSQYDGSFNF	LWPVTLACF
CAWKGDRGPFYGYTF	LWPVTLACF
CASSSHPRQGPGELFF	LWPVTLACF
CASKRTSGEVGTGELFF	LWPVTLACF
CASSYELAGATTGELFF	LWPVTLACF
CASSFRGAGNTIYF	LWPVTLACF
CASSLSTGLAYEQYF	LWPVTLACF
CAISLIDRGADTQYF	LWPVTLACF
CASSPNPNSGRGDEQFF	LWPVTLACF
CASSEGYGYTF	LWPVTLACF
CASSLAQLAGNYNEQFF	LWPVTLACF
CASTRQGTGELFF	LWPVTLACF
CASSLGGLASSNEQFF	LWPVTLACF
CAWSLGTASFFYGYTF	LWPVTLACF
CASSLGQGGSYEQYF	LWPVTLACF
CASSPTGVPYEQYF	LWPVTLACF
CSASTSPIEQYF	LWPVTLACF
CATSDRTSTDTQYF	LWPVTLACF
CASASGANTGELFF	LWPVTLACF
CASSQGLSEAFF	LWPVTLACF
CATSDFTGEETQYF	LWPVTLACF
CASSYFTKGTEAFF	LWPVTLACF
CASSLGSSYEQYF	LWPVTLACF
CASSVGGTGLGEQYF	LWPVTLACF
CASSLLHSGTPDYEQYF	LWPVTLACF
CASRRRDYEGGNEQFF	LWPVTLACF
CASSRTNEQFF	LWPVTLACF
CASSYGVGSFTEAFF	LWPVTLACF
CASVLQGAYEQYF	LWPVTLACF
CASSFSAYNEQFF	LWPVTLACF
CASSQVLGFGETQYF	LWPVTLACF
CASSPWLGAQYF	LWPVTLACF
CASSVGAGDGYTF	LWPVTLACF
CASSPAGLYGYTF	LWPVTLACF
CASSYRERGLGYTF	LWPVTLACF
CSVDGTSGGSYEQYF	LWPVTLACF
CASTPLGDGYEQYF	LWPVTLACF
CATSRDYQGQVYGYTF	LWPVTLACF
CASLDNYKNIQYF	LWPVTLACF
CASRGTGVQYYNEQFF	LWPVTLACF
CASSLVGYEQYF	LWPVTLACF
CASSFEGPDTEAFF	LWPVTLACF
CASSLGPGEETQYF	LWPVTLACF
CSVEGRGPPGGEQFF	LWPVTLACF
CASSFLAETQYF	LWPVTLACF
CASSKDIGPQETQYF	LWPVTLACF
CASSQQAFLHEAFF	LWPVTLACF
CASSRDLLSYEQYF	LWPVTLACF
CASSKSGGAGEQFF	LWPVTLACF
CASSVAGLTDTQYF	LWPVTLACF
CASSAGTLYNEQFF	LWPVTLACF
CASSVAGVTDTQYF	LWPVTLACF
CASSLYRGGETQYF	LWPVTLACF
CASSQNNEQFF	LWPVTLACF
CASSLYLEGGTDTQYF	LWPVTLACF
CASRITGPSTYEQYF	LWPVTLACF
CASSGFLAGGDTQYF	LWPVTLACF
CASSYGGDQPQHF	LWPVTLACF
CASSPPTNEKLFF	LWPVTLACF
CASSWGQLYEQYF	LWPVTLACF
CASTSSNEQYF	LWPVTLACF
CASSEGNEQFF	LWPVTLACF
CSVEGRWGQGANGTGELFF	LWPVTLACF
CASSEGTGIPGELFF	LWPVTLACF
CASTGPDNGSGTQQFF	LWPVTLACF
CASSPFRGRRETQYF	LWPVTLACF
CASSQYGNLNEQFF	LWPVTLACF
CASSPNYENTEAFF	LWPVTLACF
CATNGLAGGGISYNEQFF	LWPVTLACF
CASIKRDGNTGELFF	LWPVTLACF
CASRLGTEAFF	LWPVTLACF
CASSPTGNTEAFF	LWPVTLACF
CSVIGTSGLTYNEQFF	LWPVTLACF
CASSPTAEQFF	LWPVTLACF
CASSLDQTQYF	LWPVTLACF
CASSFLRAGGPEDQYF	LWPVTLACF
CASSVATGEQFF	LWPVTLACF
CASSRSSRPDEQFF	LWPVTLACF
CASSGGTGAVTEAFF	LWPVTLACF
CSARDWQGEGQPQHF	LWPVTLACF
CASSLSQGGVYTGELFF	LWPVTLACF
CASSPNNIQYF	LWPVTLACF
CASSYSLGLAGGTSRTDTQYF	LWPVTLACF
CASSLGVDSYNEQFF	LWPVTLACF
CASSFSGAYEQYF	LWPVTLACF
CASSFRDRGPYGYTF	LWPVTLACF
RASSLSGTQYF	LWPVTLACF
CASFFIDDNEKLFF	LWPVTLACF
CASSAGLAGSTDTQYF	LWPVTLACF
CASKGRGGSTEAFF	LWPVTLACF
CASSWTPTETQYF	LWPVTLACF
CASSEGQGYEQYF	LWPVTLACF
CASSPTPPILRRDRGGYTF	LWPVTLACF
CASPGGTIEQYF	LWPVTLACF
CASSLGYGYTF	LWPVTLACF
CATSDRTAYTQYF	LWPVTLACF
CASSIMGLGNTEAFF	LWPVTLACF
CASSFLAHMNTQYF	LWPVTLACF
CASSLLDQFTEAFF	LWPVTLACF
CASSKDLRDSSEEAQYF	LWPVTLACF
CASSPANEQFF	LWPVTLACF
CAISEAAGAGQHTEAFF	LWPVTLACF
CASSPQGYEQFF	LWPVTLACF
CATLKLAGYNEQYF	LWPVTLACF
CASNPRQGKDNEQFF	LWPVTLACF
CASDLRLAGMDEQYF	LWPVTLACF
CASSSGWGLAEQYF	LWPVTLACF
CASSYDNYGYTF	LWPVTLACF
CASSPPWTSEEVDTGELFF	LWPVTLACF
CASSTSNVEAFF	LWPVTLACF
CASSPALTSGETQYF	LWPVTLACF
CSARDTGTAYEQYF	LWPVTLACF
CASSFDRGYNEQFF	LWPVTLACF
CASSPGLAGGWDAGELFF	LWPVTLACF
CASSLWGYQETQYF	LWPVTLACF
CASSQDGRGLTKNIQYF	LWPVTLACF
CASSPTEDLILTDEQFF	LWPVTLACF
CASSREGGIYNEQFF	LWPVTLACF
CASSLTSGNEQFF	LWPVTLACF
CASTSFSGGSGYEQFF	LWPVTLACF
CASNPGHLNTEAFF	LWPVTLACF
CASSFPGTSGTDTQYF	LWPVTLACF
CASTALGEKLFF	LWPVTLACF
CASSYTYNEQFF	LWPVTLACF
RASSLRRGAEQYF	LWPVTLACF
CASSSTGFTEAFF	LWPVTLACF
CASTGRGDYEQYF	LWPVTLACF
CASTPTGSGPQHF	LWPVTLACF
CASSHWTGRSYEQYF	LWPVTLACF
CASSQVGWNEQFF	LWPVTLACF
CASTGTGNTEAFF	LWPVTLACF
CASSFIKDEQFF	LWPVTLACF
CASSYYTQETQYF	LWPVTLACF
CASSEISSYNEQFF	LWPVTLACF
CASSSGDRWPEAFF	LWPVTLACF
CASLAPIYGELFF	LWPVTLACF
CSARDRDTDTQYF	LWPVTLACF
CASSQDRGPEQYF	LWPVTLACF
CASSLDNEQFF	LWPVTLACF
CASSFSETGELFF	LWPVTLACF
CSVVGLAGGPYNEQFF	LWPVTLACF
CASSSRTGSFDEQYF	LWPVTLACF
CASAVTSTDTQYF	LWPVTLACF
CASRGTSGNYEQYF	LWPVTLACF
CASLTGGTDTQYF	LWPVTLACF
CASSLDPSGAGLQETQYF	LWPVTLACF
CASSFTSFDRDTQYF	LWPVTLACF
CASSISTGVDYGYTF	LWPVTLACF
CAISESSQPETQYF	LWPVTLACF
CASSFVLADRTGELFF	LWPVTLACF
CASGSRKGLNDEQYF	LWPVTLACF
CASSSFRTGVDYGYTF	LWPVTLACF
CASSYNQETQYF	LWPVTLACF
CASSQEFSGSSYEQYF	LWPVTLACF
CASSYPGLGYEQYF	LWPVTLACF
CASSESNEQYF	LWPVTLACF
CASKWGTSDYEQYF	LWPVTLACF
CASSPVGRNTEAFF	LWPVTLACF
CASSELDGSYEQYF	LWPVTLACF
CSVITDYEQYF	LWPVTLACF
CASSERVSYNEQFF	LWPVTLACF
CASSLYGQPQHF	LWPVTLACF
CASSDRGTEYNSPLHF	LWPVTLACF
CASSFLSDNEQFF	LWPVTLACF
CASSFMGNEQFF	LWPVTLACF
CASSQWGENEQFF	LWPVTLACF
CASSFGGYEQYF	LWPVTLACF
CASSLLQTYTGELFF	LWPVTLACF
CASSQDQQGAPYEQYF	LWPVTLACF
CASSLNPETQYF	LWPVTLACF
CASSQGQGAKKDTEAFF	LWPVTLACF
CASSPLGSGYEQYF	LWPVTLACF
CASTLADSYEQYF	LWPVTLACF
CASSSWTGYEAFF	LWPVTLACF
CSDTGGDTQYF	LWPVTLACF
CASSPAGNEQFF	LWPVTLACF
CASSDLIYGYTF	LWPVTLACF
CASSPGTGGDAFF	LWPVTLACF
CASSQVTTTEQFF	LWPVTLACF
CASSFNPEAFF	LWPVTLACF
CATTPSDRTNF	LWPVTLACF
CASSTGTGVIGGELFF	LWPVTLACF
CASSLGLAGADEFF	LWPVTLACF
CASTLLAGGNGELFF	LWPVTLACF
CASSLVGLAQDTQYF	LWPVTLACF
CSASELAGEPFYNEQFF	LWPVTLACF
CASSQELAPSTDTQYF	LWPVTLACF
CASSSTGGGYNEQFF	LWPVTLACF
CASSPGPPELRRDSNQPQHF	LWPVTLACF
CATSDSGTPDTQYF	LWPVTLACF
CASTPGGYEQYF	LWPVTLACF
CASSSLQPRFGQYF	LWPVTLACF
CASSFDSYEQYF	LWPVTLACF
CASSPPGDEQYF	LWPVTLACF
CSARDYMTENTEAFF	LWPVTLACF
CASTAGSGSNQPQHF	LWPVTLACF
CASSLIGQGSYNEQFF	LWPVTLACF
CASSYSLGTGELFF	LWPVTLACF
CASSQDWAGSSYNEQFF	LWPVTLACF
CASSLGQVDTEAFF	LWPVTLACF
CASSEANERIQYF	LWPVTLACF
CASSMGNEQFF	LWPVTLACF
CASSSPDRGDEQFF	LWPVTLACF
CASSPNQPQHF	LWPVTLACF
CSGVGTVDYEQYF	LWPVTLACF
CASSPPSGAEAFF	LWPVTLACF
CAWSFTPPGYGSTDTQYF	LWPVTLACF
CASSQESKTNEKLFF	LWPVTLACF
CASSQNPTVTTYEQYF	LWPVTLACF
CASSLTGGSTDTQYF	LWPVTLACF
CSANTHSGGASTDTQYF	LWPVTLACF
CASSPGGKGGGNEQYV	LWPVTLACF
CASSFIIHEQYF	LWPVTLACF
CASSLDYGLKTDTQYF	LWPVTLACF
CATLGRGTGELFF	LWPVTLACF
CASSAIPPGRTNEKLFF	LWPVTLACF
CASRTGLADNTGELFF	LWPVTLACF
CASRRLGGVYEQYF	LWPVTLACF
CASRSSQGDEQFF	LWPVTLACF
CASSLGLEGNSPLHF	LWPVTLACF
CASSQDLHGNEKLFF	LWPVTLACF
CASSPPGSNEQFF	LWPVTLACF
CASSLLGQMEAFF	LWPVTLACF
CASSAQGSGNTIYF	LWPVTLACF
CASGWGSPLHF	LWPVTLACF
CASSLPKDPFNEQFF	LWPVTLACF
CASNGQGNPYEQYF	LWPVTLACF
CATSRDQGYAGELFF	LWPVTLACF
CATSDSPPGAEEKLFF	LWPVTLACF
CASSYRGRPNNEQFF	LWPVTLACF
CASLSPGQGIDEQFF	LWPVTLACF
CASSFPEPKGPQETQYF	LWPVTLACF
CASSLSFSGTADYEQYF	LWPVTLACF
CASSLSLAGGPASTDTQYF	LWPVTLACF
CATSDSSDPNIQYF	LWPVTLACF
CASSLGYMGMNTEAFF	LWPVTLACF
CSVVGDSPSSYNEQFF	LWPVTLACF
CASSLWGDGELFF	LWPVTLACF
CASKLWGGGTEAFF	LWPVTLACF
CASSFEGSTDTQYF	LWPVTLACF
CSVVRIANSYNEQFF	LWPVTLACF
CASSEYFGEQYF	LWPVTLACF
CASSSSNEQFF	LWPVTLACF
CASSLESSYNSPLHF	LWPVTLACF
CASSNLPGQLEREQYF	LWPVTLACF
CASSGGAGELFF	LWPVTLACF
CSVDSGNGDGYTF	LWPVTLACF
CASSLTSGRAGSFYNEQFF	LWPVTLACF
CASSRGFEQYF	LWPVTLACF
CASSLLAPERPNYGYTF	LWPVTLACF
CSVEKSSGRVNNEQFF	LWPVTLACF
CASSPIAGGDNEQFF	LWPVTLACF
CASSLGTGYNEQFF	LWPVTLACF
CASSEPRGVDKNIQYF	LWPVTLACF
CASNRGGEQTQYF	LWPVTLACF
CASTEQGPEAFF	LWPVTLACF
CASSYGAAGGGSYNEQFF	LWPVTLACF
CASTPGTGVYNEQFF	LWPVTLACF
CATSRDQGLAYNEQFF	LWPVTLACF
CASSQGTYEQYF	LWPVTLACF
CASSYGELGTF	LWPVTLACF
CASSRGTEGLNEKLFF	LWPVTLACF
CASSPTSYEQFF	LWPVTLACF
CASSPGQGYEQYF	LWPVTLACF
CASSQDGPYEQFF	LWPVTLACF
CASTPRDTYNEQFF	LWPVTLACF
CSARDNSNYGYTF	LWPVTLACF
CASSQGPSGSTDTQYF	LWPVTLACF
CASSLYLGQPNEKLFF	LWPVTLACF
CASNRGTGTNSPLHF	LWPVTLACF
CATLGDGYTF	LWPVTLACF
CASSSPGGAQHF	LWPVTLACF
CASSMGLGYGYTF	LWPVTLACF
CASSQDSGGNGYTF	LWPVTLACF
CASRPDSLPYEQYF	LWPVTLACF
CASSQYGPGQLNEKLFF	LWPVTLACF
CSVPGLAGANYNEQFF	LWPVTLACF
CASSILVMEANSYNEQFF	LWPVTLACF
CAATPTLFQQGNGAFF	LWPVTLACF
CATSDWDRGRDTGELFF	LWPVTLACF
CASSWQGGYEQYF	LWPVTLACF
CASSNVSNQPQHF	LWPVTLACF
CALAGLNPNEQFF	LWPVTLACF
CASSEANEQYF	LWPVTLACF
CASSYPDRAPSEQYF	LWPVTLACF
CASSGANEQFF	LWPVTLACF
CASSHLEGVYEQYF	LWPVTLACF
CASSEQGQETQYF	LWPVTLACF
CASSQYPGRDQPQHF	LWPVTLACF
CATFGLAGLREQFF	LWPVTLACF
CASAGDNEQFF	LWPVTLACF
CASSTAGNEQFF	LWPVTLACF
CASAGDNNEQFF	LWPVTLACF
CASSLYGAPKDYNEQFF	LWPVTLACF
CASSEAVAPTGSPLHF	LWPVTLACF
CASSEGVNTGELFF	LWPVTLACF
CASSPLLAGGPGEQYF	LWPVTLACF
CASSPEGLPYGYTF	LWPVTLACF
CSAATLSYEQYF	LWPVTLACF
CASSYMGFPEAFF	LWPVTLACF
CASSLLAGGFDEQYF	LWPVTLACF
CASGAWGHIQYF	LWPVTLACF
CASTTDNEQFF	LWPVTLACF
CASSFYLSPQETQYF	LWPVTLACF
CASSQLPGTGRGTEAFF	LWPVTLACF
CASSPWLGSYEQYF	LWPVTLACF
CASSLVRNTEAFF	LWPVTLACF
CASSFSGLIGYTF	LWPVTLACF
CATYSDTQYF	LWPVTLACF
CASSTSSGANVLTF	LWPVTLACF
CATSDLYTGLADYNEQFF	LWPVTLACF
CASSPTGTSGYSSYNEQFF	LWPVTLACF
CASSLALSGPSYEQYF	LWPVTLACF
CASTGVGTYNEQFF	LWPVTLACF
CASWPTGAGDEQFF	LWPVTLACF
CASSEGQGYEQYF	LWPVTLACF
CATSSPLAEVNEQFF	LWPVTLACF
CASSLGQPQHF	LWPVTLACF
CASSPLTGLDEKLFF	LWPVTLACF
CASSRGPEAFF	LWPVTLACF
CSVVYRDGYTF	LWPVTLACF
CASSLVGGRYGYTF	LWPVTLACF
CSVVGTSGYNEQFF	LWPVTLACF
CASSQGGGASYEQYF	LWPVTLACF
CASSLVGALKPLHF	LWPVTLACF
CASTEGGGETQYF	LWPVTLACF
CASYLPTGELFF	LWPVTLACF
CASSLSPPSETSGELFF	LWPVTLACF
CASILQGSQPQHF	LWPVTLACF
CASSFGGGYEQYF	LWPVTLACF
CASSQEEANTEAFF	LWPVTLACF
CASIPGQGPWETQYF	LWPVTLACF
CASSSKGTGLYEQYF	LWPVTLACF
CASRGGTGYDYTF	LWPVTLACF
CASSSGGADGYTF	LWPVTLACF
CAATKELAGEHEQYF	LWPVTLACF
CASSRHPLAGDYNEQFF	LWPVTLACF
CASSSTGGAYNEQFF	LWPVTLACF
CASRGALAGEQYF	LWPVTLACF
CASSHTGWVNEKLFF	LWPVTLACF
CASSQEWGVGEQFF	LWPVTLACF
CASSQDRGQPNYGYTF	LWPVTLACF
CASSRTSDEQFF	LWPVTLACF
CASSYATGVEAFF	LWPVTLACF
CASSSAGDGYTF	LWPVTLACF
CASSSLDAFF	LWPVTLACF
CASSERAISYNEQFF	LWPVTLACF
CASSFLPPLLKREVDTQYF	LWPVTLACF
CATSDFVRTDTQYF	LWPVTLACF
CASSFNEQFF	LWPVTLACF
CASSEVIVREGDYGYTF	LWPVTLACF
CASSPTSSETQYF	LWPVTLACF
CASSLLGAEGGNQPQHF	LWPVTLACF
CASTPGTSLNEQFF	LWPVTLACF
CASSLLLAAYYNEQFF	LWPVTLACF
CASSFRGNTEAFF	LWPVTLACF
CASEQGGYGYTF	LWPVTLACF
CASRPFGGTSTDTQYF	LWPVTLACF
CASSTGLGGYNEQFF	LWPVTLACF
CASSPQGWNEQFF	LWPVTLACF
CASSIAAGWEQYF	LWPVTLACF
CASSVAGLTDTQYF	LWPVTLACF
CASSYSWTGDQPQHF	LWPVTLACF
CASSRGLADYFYEQYF	LWPVTLACF
CASSTWGRGTGTSDTQYF	LWPVTLACF
CASSLNLWGASGNTIYF	LWPVTLACF
CASSEYFYEQYF	LWPVTLACF
CASSLAGAYEQYF	LWPVTLACF
CASSLEGTGGSEKLFF	LWPVTLACF
CASSAAGDNEKLFF	LWPVTLACF
CASSLGVGELFF	LWPVTLACF
CASSETGGIAPLHF	LWPVTLACF
CASSSDLGWGEQFF	LWPVTLACF
CASSIRDSGSYEQYF	LWPVTLACF
CASSSSPGWVEAFF	LWPVTLACF
CATKTWGGTEAFF	LWPVTLACF
CASSLWGAGTADYEQYF	LWPVTLACF
CASSIRASNQPQHF	LWPVTLACF
CATSGMLYQPQHF	LWPVTLACF
CASSAEAVYNEQFF	LWPVTLACF
CASYRIGWDTQYF	LWPVTLACF
CSLWVTDTQYF	LWPVTLACF
CASSLRGGRYSPLHF	LWPVTLACF
CASSLAPPGELFF	LWPVTLACF
CASSPHGTYTEAFF	LWPVTLACF
CASNTGFEAFF	LWPVTLACF
CASSPGLAHEQYF	LWPVTLACF
CASSLAGQGSEQYF	LWPVTLACF
CASSLAASEAFF	LWPVTLACF
CASSIGGLADSYEQYF	LWPVTLACF
CASSPPGIAYNEQFF	LWPVTLACF
CASTLGGNQPQHF	LWPVTLACF
CASSLMGFGELFF	LWPVTLACF
CASSQDGGSGVPGYTF	LWPVTLACF
CASSQGGGIDTEAFF	LWPVTLACF
CASSFIGGREAFF	LWPVTLACF
CASSFLDFRGATRGSTDTQYF	LWPVTLACF
CASSQDVAATYEQYF	LWPVTLACF
CASSLRTGEEKLFF	LWPVTLACF
CASSQVYGVQPQHF	LWPVTLACF
CASSFQQDGELFF	LWPVTLACF
CASSPPFSGLGFEQFF	LWPVTLACF
CASSSQPQHF	LWPVTLACF
CASSLDGGYEQFF	LWPVTLACF
CATSTLVQGGTDTQYF	LWPVTLACF
CASSFQGGNEQFF	LWPVTLACF
CASSELTENYGYTF	LWPVTLACF
CATSPTQAFTDTQYF	LWPVTLACF
CASTRDRNYGYTF	LWPVTLACF
CASSEGGLAGQQFF	LWPVTLACF
CASSLSVETQYF	LWPVTLACF
CASSEEFTGLVTGELFF	LWPVTLACF
CASSLPQDTQYF	LWPVTLACF
CASSYMAGGFHTF	LWPVTLACF
CASSMSGGAYEQYF	LWPVTLACF
CASSQFAGPSTDTQYF	LWPVTLACF
CASTTTDTYFYGYTF	LWPVTLACF
CASSSSSGRAWNEQFF	LWPVTLACF
CSARDYKQGADGYTF	LWPVTLACF
CASSWRTVDGYTF	LWPVTLACF
CASSLGDTQYF	LWPVTLACF
CATSDFDRGLSETQYF	LWPVTLACF
CASSIMGFTPNYNEQFF	LWPVTLACF
CASSPPELAGGTYEQYF	LWPVTLACF
CASTLDRGVNEQFF	LWPVTLACF
CASSPTGIGSYEQYF	LWPVTLACF
CASSSITSSTDTQYF	LWPVTLACF
CASSMAPNTEAFF	LWPVTLACF
CASSSGWDQYF	LWPVTLACF
CASSPTGNTEAFF	LWPVTLACF
CASGNTYTF	LWPVTLACF
CASSQDHSPLHF	LWPVTLACF
CSVQGLAGVFTDTQYF	LWPVTLACF
CASTLAGSPLHF	LWPVTLACF
CASSLVPGADTQYF	LWPVTLACF
CSVEQAGAYGYTF	LWPVTLACF
CASKGEATGELFF	LWPVTLACF
CASSEHPQGNEQFF	LWPVTLACF
CASSLVVHEQFF	LWPVTLACF
CASSFDYYEQYF	LWPVTLACF
CASSHTNEQFF	LWPVTLACF
CASRPLLGQGVPGELFF	LWPVTLACF
CASSQEGLAGGFEQFF	LWPVTLACF
CASTAPRGEQYF	LWPVTLACF
CASSQDAGAWGYTF	LWPVTLACF
CASSPLAGAGELFF	LWPVTLACF
CASSLWAGGTEAFF	LWPVTLACF
CSAKTGASSYEQYF	LWPVTLACF
CASSYPFGSSYNEQFF	LWPVTLACF
CASSSPSGRDYNEQFF	LWPVTLACF
CASNRGWDTGELFF	LWPVTLACF
CSVAGTSGGNEQFF	LWPVTLACF
CASSYSVSGEGWNTEAFF	LWPVTLACF
CASSLPGAIEQYF	LWPVTLACF
CASSLEGLVSYEQYF	LWPVTLACF
CAILTQGAEAFF	LWPVTLACF
CASSGLTSGNTGELFF	LWPVTLACF
CASSSAGRWMEQYF	LWPVTLACF
CASSEFIRAQETQYF	LWPVTLACF
CASSLEAGYNEQFF	LWPVTLACF
CASSFPGQGGAATTKLTDTQYF	LWPVTLACF
CASSLTSNEQYF	LWPVTLACF
CASSFGTGDEKLFF	LWPVTLACF
CASSVGEGRLEQYF	LWPVTLACF
CASRGQGEETQYF	LWPVTLACF
CASSLGDGPYEQYF	LWPVTLACF
CASSEWGSYEQYF	LWPVTLACF
CASSSPRIAGGAKNIQYF	LWPVTLACF
CATSRSTQYGTGGDTQYF	LWPVTLACF
CASSYDNEQYF	LWPVTLACF
CASSFRVETQYF	LWPVTLACF
CASSLEDYPYNEQFF	LWPVTLACF
CASSLSGTGVTEAFF	LWPVTLACF
CASSLQAGNTYNEQFF	LWPVTLACF
CASSLLGEGGYTF	LWPVTLACF
CAISGDSRSVYEQYF	LWPVTLACF
CASSPPTGNSYNEQFF	LWPVTLACF
CASGSTEAFF	LWPVTLACF
CASSYDLAGASEQYF	LWPVTLACF
CASSFLGQPNTEAFF	LWPVTLACF
CATEALQETQYF	LWPVTLACF
CASSLMIRGDSYEQYF	LWPVTLACF
CASSSGGPFYNEQFF	LWPVTLACF
CASSAGGSYEQYF	LWPVTLACF
CASAWGPLNYGYTF	LWPVTLACF
CASSTGSPEREQYF	LWPVTLACF
CASSLGAAVNSPLHF	LWPVTLACF
CASSLGGDPALYEQYF	LWPVTLACF
CASRQESSGNTIYF	LWPVTLACF
CASSLLVALYYGYTF	LWPVTLACF
CSAIPVSESYEQYF	LWPVTLACF
CSANTGTSGRSTDTQYF	LWPVTLACF
CATSDLRGGETQYF	LWPVTLACF
CASSLSGLAGAYNEQFF	LWPVTLACF
CASSFLGQGRLNEQFF	LWPVTLACF
CASSYSPPYEQYF	LWPVTLACF
CASSQGVAYGYTF	LWPVTLACF
CASSLPPSQITGNTIYF	LWPVTLACF
CASIGGAPSYNEQFF	LWPVTLACF
CASSPEGQGGYEQYF	LWPVTLACF
CSVVYSGTYNEQFF	LWPVTLACF
CSARDPLAGNYEQYF	LWPVTLACF
CASSPGVARGGETQYF	LWPVTLACF
CASSYSLAGEGEQFF	LWPVTLACF
CASSQEGSGYSYNEQFF	LWPVTLACF
CSVNSGTNTGELFF	LWPVTLACF
CATSDLSSGGSTDTQYF	LWPVTLACF
CASSSPERGPEAFF	LWPVTLACF
CASSGGRTGELFF	LWPVTLACF
CASSGVTSGLLGNEQFF	LWPVTLACF
CSAETTGTNVELFF	LWPVTLACF
CASSLSLARSSYNEQFF	LWPVTLACF
CASSFGLAGEGDTQYF	LWPVTLACF
CASYSDTQYF	LWPVTLACF
CASSFRLAGGPGSYEQYF	LWPVTLACF
CAGGDRGNNEQFF	LWPVTLACF
CASRIEFYEQFF	LWPVTLACF
CASSLTDTQYF	LWPVTLACF
CASSSPRLAVYEQYF	LWPVTLACF
CASSIGPGQGLSSYNSPLHF	LWPVTLACF
CSVEGYTQEGNYGYTF	LWPVTLACF
CASSQDRASTAGGLTEAFF	LWPVTLACF
CASSIGQGGEQYF	LWPVTLACF
CASSQVLSGGYTF	LWPVTLACF
CASSLSNEQFF	LWPVTLACF
CASSQDWPGYYEQYF	LWPVTLACF
CASSFRGAGNTIYF	LWPVTLACF
CASSEGHLYEQYF	LWPVTLACF
CASSRQDYSYNEQFF	LWPVTLACF
CASSESNEQYF	LWPVTLACF
CSVVSWGATQYF	LWPVTLACF
CASSFSREGTEDTQYF	LWPVTLACF
CASSPAGSTEAFF	LWPVTLACF
CASSPPGLALYAEQYF	LWPVTLACF
CASRRGGVGYGYTF	LWPVTLACF
CASEETGTYEQYF	LWPVTLACF
CASSHRGHQNTEAFF	LWPVTLACF
CASSFVNVGGTYEQYF	LWPVTLACF
CASSPPGTGSWEQFF	LWPVTLACF
CAISELAGVNNEQFF	LWPVTLACF
CASSPGPRDSPLHF	LWPVTLACF
CASWTGGEAFF	LWPVTLACF
CASSSYGTHNEQFF	LWPVTLACF
CASSMPDTTRNEQYF	LWPVTLACF
CSARDRTGFSAEAFF	LWPVTLACF
CASSDSGQGYEQYF	LWPVTLACF
CASSLVYDEQFF	LWPVTLACF
CASSFGPENTEAFF	LWPVTLACF
CASSYSVVLAGRGETQYF	LWPVTLACF
CASSTRGNTIYF	LWPVTLACF
CASSTSGFYNEQFF	LWPVTLACF
CASSLLSPLLETQYF	LWPVTLACF
CASSGTGDTEAFF	LWPVTLACF
CASSPRLAGGYEQYF	LWPVTLACF
CASLGASSEQYF	LWPVTLACF
CASSPGEGGTDTQYF	LWPVTLACF
CASSLESGEQYF	LWPVTLACF
CASSLGMESGSPLHF	LWPVTLACF
CAIRDNLNTEAFF	LWPVTLACF
CASYSGQRDYEQYF	LWPVTLACF
CASSPPTRDYEQYF	LWPVTLACF
CASSGTLNEQFF	LWPVTLACF
CSARDPLALIQREQFF	LWPVTLACF
CASSESGGRADEQYF	LWPVTLACF
CASSSDRSYEQYF	LWPVTLACF
CASSLTNPGTEHSYEQYF	LWPVTLACF
CASSLASAYEQYF	LWPVTLACF
CASSSDLDTGELFF	LWPVTLACF
CASSLESGDLPDTQYF	LWPVTLACF
CASSKEYGERELSYEQYF	LWPVTLACF
CASSDRAGETQYF	LWPVTLACF
CAISVMEIGYGYTF	LWPVTLACF
CASSLWGSSYNEQFF	LWPVTLACF
CASRDYITDTQYF	LWPVTLACF
CASSYWGRENTEAFF	LWPVTLACF
CASSPPDSPNSPLHF	LWPVTLACF
CASSSWTSGTYEQYF	LWPVTLACF
CAWSVRGDPTDTQYF	LWPVTLACF
CSVALGTGAEAFF	LWPVTLACF
CASSLPGDEQYF	LWPVTLACF
CASSLLSPTGPNTEAFF	LWPVTLACF
CSARAGASYNEQFF	LWPVTLACF
CASSEWDRVDNEQFF	LWPVTLACF
CASTSVSEQYF	LWPVTLACF
CASSYSLQGDAPQHF	LWPVTLACF
CASSSPRARSESYSPLHF	LWPVTLACF
CASSRSSEQFF	LWPVTLACF
CASRDRARYEQYF	LWPVTLACF
CASSLWGQSSFGTGELFF	LWPVTLACF
CASSASEYEQYF	LWPVTLACF
CASSYFRGSSYNEQFF	LWPVTLACF
CASRIYNEKLFF	LWPVTLACF
CASSSQPQHF	LWPVTLACF
CASSIWGLAGKTSSYNEQFF	LWPVTLACF
CASSILGLAGGLGTDTQYF	LWPVTLACF
CASSRNQPQHF	LWPVTLACF
CASSLVLPGGSYEQYF	LWPVTLACF
CASSPESHYEQYF	LWPVTLACF
CASSLMLAGGPNEQFF	LWPVTLACF
CASSPLAAGFDEQFF	LWPVTLACF
CASSQVLSGGAHEQYF	LWPVTLACF
CASSSYRGLPTDTQYF	LWPVTLACF
CASSFTGYEQYF	LWPVTLACF
CASSILPVVGNTIYF	LWPVTLACF
CASSYWGGVDQETQYF	LWPVTLACF
CASSFGPHQNTEAFF	LWPVTLACF
CASSFGGGQAQYF	LWPVTLACF
CSVLDTRYEQYF	LWPVTLACF
CATSDSAGEETQYF	LWPVTLACF
CASIPQGGETQYF	LWPVTLACF
CASSVADSNYGYTF	LWPVTLACF
CSVLRRESTDTQYF	LWPVTLACF
CASSQEGQGNQPQHF	LWPVTLACF
CASSYSLGSGEQFF	LWPVTLACF
CSVGGTEQYF	LWPVTLACF
CASSDKISGQSMTYEQYF	LWPVTLACF
CASTGGYGEQFF	LWPVTLACF
CAWSVLRTVEETQYF	LWPVTLACF
CASSAHPLLAGVEDTQYF	LWPVTLACF
CASSFKLAGLLYEQYF	LWPVTLACF
CASSLTVHYEQYF	LWPVTLACF
CASSQEQVDTEAFF	LWPVTLACF
CASSLLVYEQYF	LWPVTLACF
CASSHRTVGLVDTQYF	LWPVTLACF
CASSSWIYNEQFF	LWPVTLACF
CASSPFGGIQFF	LWPVTLACF
CASSPRRAGGQAQNTQYF	LWPVTLACF
CASSLDGDYEQYF	LWPVTLACF
CASTIMGQPQHF	LWPVTLACF
CAISESEGRGRRNTGELFF	LWPVTLACF
CASSLEATTYEQYF	LWPVTLACF
CASSERAGFNTEAFF	LWPVTLACF
CAGVRGGLNTEAFF	LWPVTLACF
CASSQDRGWVYGYTF	LWPVTLACF
CASSDSKGSGRPSGRVNEQFF	LWPVTLACF
CASRRTAYGYTF	LWPVTLACF
CAKQWDSSYNEQFF	LWPVTLACF
CASSEGLAYEQYF	LWPVTLACF
CASSLEAHSYNEQFF	LWPVTLACF
CASSLASDEQYF	LWPVTLACF
CSARDHRTSGITDTQYF	LWPVTLACF
CASTSGADTQYF	LWPVTLACF
CASSIVNGETQYF	LWPVTLACF
CASSDGGPGVYNEQFF	LWPVTLACF
CASSDQLAGGYQETQYF	LWPVTLACF
CSATSPYNEQFF	LWPVTLACF
CASSSPIAGGADTQYF	LWPVTLACF
CASSKPGLAGPLGEQYF	LWPVTLACF
CSVVEVMNYGYTF	LWPVTLACF
CSGLSATSGFTDTQYF	LWPVTLACF
CATSRSGGAADEQFF	LWPVTLACF
CASSPPGPGAYEQYF	LWPVTLACF
CASSWGTGELFF	LWPVTLACF
CASSLGTGYGYTF	LWPVTLACF
CASSEGVDYEQYF	LWPVTLACF
CASSYGGGGDTEAFF	LWPVTLACF
CASSLVYYEQYF	LWPVTLACF
CASSSASGGINEQFF	LWPVTLACF
CASSPQTGYSYNEQFF	LWPVTLACF
CASIGRWREGPFGTDTQYF	LWPVTLACF
CASSEWGQSYEQYF	LWPVTLACF
CASSLTSGGGYEQYF	LWPVTLACF
CASSFRGAGNTIYF	LWPVTLACF
CASSQVRDQPQHF	LWPVTLACF
CSARSFLTVSPDGYTF	LWPVTLACF
CASSLAGANWYF	LWPVTLACF
CASSQESHGYTF	LWPVTLACF
CSARLQGNEQFF	LWPVTLACF
CASNLQGAGTGELFF	LWPVTLACF
CASSGFWDPPLTEAFF	LWPVTLACF
CASSLRGGLNTEAFF	LWPVTLACF
CASSEAFGQLDTEAFF	LWPVTLACF
CASSLGPGTGDQPQHF	LWPVTLACF
CASSIFSDGEQYF	LWPVTLACF
CASSQVGETEAFF	LWPVTLACF
CASSLVAGDEKLFF	LWPVTLACF
CASLARGMNTEAFF	LWPVTLACF
CASSQDLSGGSYEQYF	LWPVTLACF
CATSATTLDYGYTF	LWPVTLACF
CASSLGAHWTGGLTTEAFF	LWPVTLACF
CASSLANEQFF	LWPVTLACF
CASTGLGSPLHF	LWPVTLACF
CASSLVFEGMNTEAFF	LWPVTLACF
CANRGGNQPQHF	LWPVTLACF
CASSPRRTISYNEQFF	LWPVTLACF
CATSWSVPNTGELFF	LWPVTLACF
CASTRVGETQYF	LWPVTLACF
CASSHELNHNEQFF	LWPVTLACF
CASSEGGPSYEQYF	LWPVTLACF
CASSGETGRYEQYF	LWPVTLACF
CATSTLKEGGTDTQYF	LWPVTLACF
CASSQDPLREGLVDNEQFF	LWPVTLACF
CASSLDNSGQGFFEQFF	LWPVTLACF
CASSSGTTGTRYGGYEQYF	LWPVTLACF
CASTSSNEQYF	LWPVTLACF
CASSFGGDGYTF	LWPVTLACF
CASSLGTGYNEQFF	LWPVTLACF
CASSPGQEQYF	LWPVTLACF
CAGHREGSTEAFF	LWPVTLACF
CASGLALLAEQFF	LWPVTLACF
CASSLSGTALASEKLFF	LWPVTLACF
CASSFTAATNEKLFF	LWPVTLACF
CASSPAPQGGETQYF	LWPVTLACF
CASSSLGGNQPQHF	LWPVTLACF
CSVVAGDYEQYF	LWPVTLACF
CASSFWGDRGSSEAFF	LWPVTLACF
CASSLGVMNEQYF	LWPVTLACF
CATRAGVVYNEQFF	LWPVTLACF
CASSSDTDTQYF	LWPVTLACF
CASSFRGLSDEKLFF	LWPVTLACF
CASSFSGTSGSTDTQYF	LWPVTLACF
CASSLLLAGGVDTQYF	LWPVTLACF
CASSLLTAYNEQFF	LWPVTLACF
CASSQGTGESYEQYF	LWPVTLACF
CASSSVTGELFF	LWPVTLACF
CASSRQGSGELFF	LWPVTLACF
CASASGYYNEQFF	LWPVTLACF
CAISQREVSYEQYF	LWPVTLACF
CSVVGPPSSYNEQFF	LWPVTLACF
CASRGEGLWYGYTF	LWPVTLACF
CASSLFSGAVEQETQYF	LWPVTLACF
CASSFTPNEKLFF	LWPVTLACF
CASSWILWDDEQFF	LWPVTLACF
CASSQWGSGNTIYF	LWPVTLACF
CASGLGTVYEQYF	LWPVTLACF
CASSLGTGGQFSTDTQYF	LWPVTLACF
CASSAGTGGNEQFF	LWPVTLACF
CASSEGYIDTQYF	LWPVTLACF
CASSELGKTGEQYF	LWPVTLACF
CASSPTDVLDGSSTDTQYF	LWPVTLACF
CASSEWGDAYEQYF	LWPVTLACF
CASSYEVARDEQFF	LWPVTLACF
CASSQVFGLAGGSSYNEQFF	LWPVTLACF
CASHPLSGAVNTGELFF	LWPVTLACF
CASRSPTSTDTQYF	LWPVTLACF
CASSYYIGQMNTEAFF	LWPVTLACF
CASSLTSGSSYEQYF	LWPVTLACF
CASSQSLGSEQYF	LWPVTLACF
CASSPRTPTSYEQYF	LWPVTLACF
CASSVPGSEAFF	LWPVTLACF
CASSLANNEQFF	LWPVTLACF
CASSPQGGYTEAFF	LWPVTLACF
CASSFYNQPQHF	LWPVTLACF
CASSLGDIQYF	LWPVTLACF
CASSQGIPGTGNNEQFF	LWPVTLACF
CASSYGTGMETQYF	LWPVTLACF
CSARDLSGPQGTGELFF	LWPVTLACF
CASSSRLAQHANTGELFF	LWPVTLACF
CASSYHSGEQYF	LWPVTLACF
CASSLDSGNEQYF	LWPVTLACF
CASSLGLVSYEQYF	LWPVTLACF
CASTIQGTHDTQYF	LWPVTLACF
CASSPRTGRTTEAFF	LWPVTLACF
CASSFASQGTEAFF	LWPVTLACF
CASSVEGTASTDTQYF	LWPVTLACF
CSARDTTQSLAGGVTQYF	LWPVTLACF
CASSCLLAGGADTQYF	LWPVTLACF
CSASMDNEQFF	LWPVTLACF
CASSGLAGGSTDTQYF	LWPVTLACF
CASGFDTGELFF	LWPVTLACF
CASSLVGGGTYNEQFF	LWPVTLACF
CASRISGGPSYEQYF	LWPVTLACF
CASSHPGLGYEQYV	LWPVTLACF
CASSILQPAGVGYEQFF	LWPVTLACF
CASSLDHGLMDEQFF	LWPVTLACF
CASRRQGVFYEQYF	LWPVTLACF
CASSLSGELFF	LWPVTLACF
CSVEDFGSLRYF	LWPVTLACF
