CDR3	AA
CASSPTSGSSPSNEQYF	YVVDDPCPI
CASSMSRGRTDTQYF	YVVDDPCPI
CASSFWQGRETQYF	YVVDDPCPI
CASSLGTYEQYF	YVVDDPCPI
CASSPGSGSGYEQYF	YVVDDPCPI
CASSLERGGNEQFF	YVVDDPCPI
CASSLSVSPYEQYF	YVVDDPCPI
CASSPSGTRREGSQTDTQYF	YVVDDPCPI
CASTLSSYNEQFF	YVVDDPCPI
CASGTGTLYEQYF	YVVDDPCPI
CASSPRDIIYGYTF	YVVDDPCPI
CASSPGLAPGELFF	YVVDDPCPI
CASSLTGRNTEAFF	YVVDDPCPI
CASSLAETGYEQYV	YVVDDPCPI
CASSLTYSPNTGELFF	YVVDDPCPI
CASSLSHELFF	YVVDDPCPI
CASSPRTSGGQETQYF	YVVDDPCPI
CASSYPEAPYEQYF	YVVDDPCPI
CASSSTESSYEQYF	YVVDDPCPI
CASSLAGLYEQYF	YVVDDPCPI
CASMPGFYNEQFF	YVVDDPCPI
CASSSHQGAVEKLFF	YVVDDPCPI
CASSPSGSYEQFF	YVVDDPCPI
CSARDFLEAGMETQYF	YVVDDPCPI
CASSSLGAADNEQFF	YVVDDPCPI
CASSLARGWNQPQHF	YVVDDPCPI
CASSSPPGSSTDTQYF	YVVDDPCPI
CAKSSRHNEQFF	YVVDDPCPI
CASKDAISGSTGELFF	YVVDDPCPI
CASSLTATNEKLFF	YVVDDPCPI
CASSYGVGTEAFF	YVVDDPCPI
CASSVDGATDTQYF	YVVDDPCPI
CASGLPGRINEQFF	YVVDDPCPI
CASSLGQTREQYF	YVVDDPCPI
CASSFWKRAQPQHF	YVVDDPCPI
CASSFWRSYNEQFF	YVVDDPCPI
CASSLPNEQYF	YVVDDPCPI
CASSLWADRGEQYF	YVVDDPCPI
CATSRVGQGLGEQYF	YVVDDPCPI
CASSYRDRGPALAYEQYF	YVVDDPCPI
CASSVAGSGEQYF	YVVDDPCPI
CATSSGRGYNEQFF	YVVDDPCPI
CASSLSRLGEQYF	YVVDDPCPI
CASSEFVGGTRQSTDTQYF	YVVDDPCPI
CAGPGGATGELFF	YVVDDPCPI
CASSLHGSLYGYTF	YVVDDPCPI
CASSFGGMQPQHF	YVVDDPCPI
CASSLWQGRSPLHF	YVVDDPCPI
CASSLGSGYEQYF	YVVDDPCPI
CASRRTVSGATGELFF	YVVDDPCPI
CASSEGEQYF	YVVDDPCPI
CASSLQGGSGPSYEQYF	YVVDDPCPI
CASSFYRGGEQYF	YVVDDPCPI
CASSSTRGQETQYF	YVVDDPCPI
CASRTGTGGEQFF	YVVDDPCPI
CASSGNGTSGSKGYEQYF	YVVDDPCPI
CASRSWTRTYSPLHF	YVVDDPCPI
CASSLASGRDEQFF	YVVDDPCPI
CAYRASGIDEQFF	YVVDDPCPI
CASSLARQVPEQYF	YVVDDPCPI
CASSETSGSADTQYF	YVVDDPCPI
CASSQRSCDEQYF	YVVDDPCPI
CASRGRDSYNEQFF	YVVDDPCPI
CASSHRDSAYNEQFF	YVVDDPCPI
CASSTGTSGQKSTDTQYF	YVVDDPCPI
CASSETSGSADTQYF	YVVDDPCPI
CASSFAARVNQPQHF	YVVDDPCPI
CASSGRYNSPLHF	YVVDDPCPI
CASSSGLRINEQFF	YVVDDPCPI
