CDR3	AA
CASSHDRGRWTEAFF	MEVTPSGTWL
CASSQQEYGGEQFF	MEVTPSGTWL
CATSRGGDDPYYEQYF	MEVTPSGTWL
CASSQEGGSPIDTQYF	MEVTPSGTWL
CASSPSSYEQYF	MEVTPSGTWL
CASSQAADLYGYTF	MEVTPSGTWL
CASSSRTSVNTGELFF	MEVTPSGTWL
CASSFRGDAGLDGEQYF	MEVTPSGTWL
CSARTRHQIVEQYF	MEVTPSGTWL
CASRSGGSGANVLTF	MEVTPSGTWL
CASSQDWPDYNSPLHF	MEVTPSGTWL
CASSLANNEGSFAHTQYF	MEVTPSGTWL
CASSLPPRGTTGELFF	MEVTPSGTWL
CASSLGLAPNEQFF	MEVTPSGTWL
CASSQSGYSYNEQFF	MEVTPSGTWL
CASSLGLTNEQFF	MEVTPSGTWL
CASSLANNSPLHF	MEVTPSGTWL
CASSSRSSDTGELFF	MEVTPSGTWL
CSARDGAGGPSVGVTDTQYF	MEVTPSGTWL
CASSPDSNEQFF	MEVTPSGTWL
CASSLGLAWGDEQFF	MEVTPSGTWL
CASSQNRETSHEQYF	MEVTPSGTWL
CSVDKQGSGNTIYF	MEVTPSGTWL
CASSQVSTDYNSPLHF	MEVTPSGTWL
CASSLGLPLTVEQFF	MEVTPSGTWL
CASSQEREDTGELFF	MEVTPSGTWL
CSARDLTSSYNEQFF	MEVTPSGTWL
CASSLGGPPNEQYF	MEVTPSGTWL
CSVPGQGSPTYEQYF	MEVTPSGTWL
CASSWGQGAQNEQFF	MEVTPSGTWL
CASSLGAASGYNEQFF	MEVTPSGTWL
CASSFPSPTSGSSVMELFF	MEVTPSGTWL
CASSLGLNEQFF	MEVTPSGTWL
CSAPERQGNYGYTF	MEVTPSGTWL
CASSILAASYEQYF	MEVTPSGTWL
CAISETPLAGGTTGELFF	MEVTPSGTWL
CASSEFGEPQETQYF	MEVTPSGTWL
CSAAPGLAAYEQYF	MEVTPSGTWL
CASSQDRGQGLYEQYF	MEVTPSGTWL
CASSPLQGLDGYTF	MEVTPSGTWL
CASSLGAGGGETQYF	MEVTPSGTWL
CASSQARNTEAFF	MEVTPSGTWL
CASSLVSGNSPLHF	MEVTPSGTWL
CASSLVAYQETQYF	MEVTPSGTWL
CASSLSRYTEAFF	MEVTPSGTWL
CASSPPISRGYFTEAFF	MEVTPSGTWL
CASRSPGDPPGDTQYF	MEVTPSGTWL
CASRQDTYEQYF	MEVTPSGTWL
CASTGTSGREQFF	MEVTPSGTWL
CASSSLSDRAGYEQYF	MEVTPSGTWL
CASSFRQSTGELFF	MEVTPSGTWL
CSAPKGTSGRPGEQFF	MEVTPSGTWL
CASSPDSYPYNEQFF	MEVTPSGTWL
CASSFISGAGRDEQYF	MEVTPSGTWL
CASFPGLGANTEAFF	MEVTPSGTWL
CASSPGGPLYEQYF	MEVTPSGTWL
CASSRLPLGGTGELFF	MEVTPSGTWL
CASSYTGEAGNTIYF	MEVTPSGTWL
CASSLGLAKNIQYF	MEVTPSGTWL
CASSESIRGQEQYF	MEVTPSGTWL
CASSQDGAQGAFYEQYF	MEVTPSGTWL
CASSQITSSTDTQYF	MEVTPSGTWL
CASSQTAGSTDTQYF	MEVTPSGTWL
CASSLIPTVAGGDEQFF	MEVTPSGTWL
CASSEEPGLQQETQYF	MEVTPSGTWL
CASSQFKGGGSHNEQFF	MEVTPSGTWL
CASSQFPGGDLHF	MEVTPSGTWL
CASSLFFSSKTEAFF	MEVTPSGTWL
CASSDGLGSYNEQFF	MEVTPSGTWL
CASSFPGTEGLAGGGSRNEQFF	MEVTPSGTWL
CASSPQGFDSYEQYF	MEVTPSGTWL
CASQGLYEQYF	MEVTPSGTWL
CASSLPPRGAGAYNEQFF	MEVTPSGTWL
CASSQPGQTLNTEAFF	MEVTPSGTWL
CASSQRDGMNTEAFF	MEVTPSGTWL
CSARGEQVGYSPLHF	MEVTPSGTWL
CASSVDGGRVYTGELFF	MEVTPSGTWL
CSVGTASGNTIYF	MEVTPSGTWL
CASSLGTGVEYEQYF	MEVTPSGTWL
CASSLAEGLNTEAFF	MEVTPSGTWL
CASSEPTGRETQYF	MEVTPSGTWL
CATSDKDSRYEQYF	MEVTPSGTWL
CASSQETVGEQFF	MEVTPSGTWL
CASSPLETYEQYF	MEVTPSGTWL
CAGSAAGLEGYEQYF	MEVTPSGTWL
CASSFRIDRSTDTQYF	MEVTPSGTWL
CASSYLGPTGYEQYF	MEVTPSGTWL
CASSAIENNEQFF	MEVTPSGTWL
CASSVPGGTEAFF	MEVTPSGTWL
CSARGRQGFYEQYF	MEVTPSGTWL
CASSFGFGEQFF	MEVTPSGTWL
CASSFFVERITYEQYF	MEVTPSGTWL
CATSVGFVNEQFF	MEVTPSGTWL
CASSPRTETYEQYF	MEVTPSGTWL
CASSRAPRTSANYEQYF	MEVTPSGTWL
CASNPTGAYGYTF	MEVTPSGTWL
CASSIEAGGVSVNEQFF	MEVTPSGTWL
CASSLSIETMVYEQYF	MEVTPSGTWL
CASSLGAGSSSPLHF	MEVTPSGTWL
CASSQAGQPNTEAFF	MEVTPSGTWL
CASNFQGWAAEAFF	MEVTPSGTWL
CASSPAGTGDYEQYF	MEVTPSGTWL
CASSPGGTNTEQFF	MEVTPSGTWL
CASSSAGGSSTDTQYF	MEVTPSGTWL
CAISEGLAKSIGELFF	MEVTPSGTWL
CAIRPTGERGTDTQYF	MEVTPSGTWL
CASRPELVGNTGELFF	MEVTPSGTWL
CASSFGPPASGSYEQYF	MEVTPSGTWL
CASSAGTSGYYEQYF	MEVTPSGTWL
CASSLGFRQPQHF	MEVTPSGTWL
CASRVRQGARMPQHF	MEVTPSGTWL
CASNPGLIAPLHF	MEVTPSGTWL
CATSDRMRDTDTQYF	MEVTPSGTWL
CASIRQGLANEKLFF	MEVTPSGTWL
CASSFPENEQYF	MEVTPSGTWL
CASTPQGLLSPLHF	MEVTPSGTWL
CASSPSRDLYEQYF	MEVTPSGTWL
CASRWTGETYEQYF	MEVTPSGTWL
CASSLGTGQNEQYF	MEVTPSGTWL
CASSLGLPSNQPQHF	MEVTPSGTWL
CATSRDKLGQETQYF	MEVTPSGTWL
CASSLAGQGNTEAFF	MEVTPSGTWL
CASSQAGLGWGVEQFF	MEVTPSGTWL
CASSLGVGVGYTF	MEVTPSGTWL
CASSIVGHSNQPQHF	MEVTPSGTWL
CASSVEGEGTQYF	MEVTPSGTWL
CSATRLAGERNEQFF	MEVTPSGTWL
CASSQAPGQYEQYF	MEVTPSGTWL
CASSLWEYSNQPQHF	MEVTPSGTWL
CASSLAGFYNEQFF	MEVTPSGTWL
CATSDPRVEAYEQYF	MEVTPSGTWL
CSARGTSGLYNEQFF	MEVTPSGTWL
CASSFVAGETTYEQYF	MEVTPSGTWL
CASSEAGTGGVYEQYF	MEVTPSGTWL
CASSYGALNEQFF	MEVTPSGTWL
CASSSVSTDTQYF	MEVTPSGTWL
CATSDGSGTSYEQYF	MEVTPSGTWL
CASSLFGDHSYEQYF	MEVTPSGTWL
CASSSPPSHSTDTQYF	MEVTPSGTWL
CASGFLLRGGNNYGYTF	MEVTPSGTWL
CASSPLARSLTDTQYF	MEVTPSGTWL
CSAPRDSFFEQYF	MEVTPSGTWL
CASSLVDSGPEGTQYF	MEVTPSGTWL
CASSLNGQGWYEQYF	MEVTPSGTWL
CASSQDLGQGAYYEQYF	MEVTPSGTWL
CASSSRLAGSTDTQYF	MEVTPSGTWL
CASSSIPPEAGGDTQYF	MEVTPSGTWL
CASSFHREVVGYEQYF	MEVTPSGTWL
CASTTGPFAEQFF	MEVTPSGTWL
CASTPHGTSYNEQFF	MEVTPSGTWL
CASSQPGLHYEQYF	MEVTPSGTWL
CASSQDWGVSEAFF	MEVTPSGTWL
CASSPGQGTYEQYF	MEVTPSGTWL
CASSYIRGEQYF	MEVTPSGTWL
CASSGGAQTEAFF	MEVTPSGTWL
CASSLGTDAEQYF	MEVTPSGTWL
CSAKPLLAAKNEQYF	MEVTPSGTWL
CASSLMLGLAGVEGTDTQYF	MEVTPSGTWL
CASSDPSLSTDTQYF	MEVTPSGTWL
CASSWGQGAGNEQFF	MEVTPSGTWL
CASSLAGDTDTQYF	MEVTPSGTWL
CASSFGQGLGYGYTF	MEVTPSGTWL
CASSLIRTVNTGELFF	MEVTPSGTWL
CASSEGKGTGLYEQYF	MEVTPSGTWL
CASSLAPHGTSGRNEQFF	MEVTPSGTWL
CASSPGTGVWEQYF	MEVTPSGTWL
CASSQVGREQYF	MEVTPSGTWL
CSARDPGQGVTGANVLTF	MEVTPSGTWL
CASSTREYRTEAFF	MEVTPSGTWL
CASSDRLAGEADTQYF	MEVTPSGTWL
CATSDAGREYEQYF	MEVTPSGTWL
CATSDSQSSYEQYF	MEVTPSGTWL
CASSLSPVWEQYF	MEVTPSGTWL
CASSLVLAVSYNEQFF	MEVTPSGTWL
CSVETGQGNTIYF	MEVTPSGTWL
CASSSGTQNTEAFF	MEVTPSGTWL
CASSLIGFSREETQYF	MEVTPSGTWL
CASSFGNLYGELFF	MEVTPSGTWL
CASSQDPGSLTEAFF	MEVTPSGTWL
CASSQLEQSDEQYF	MEVTPSGTWL
CASSLHITYNEQFF	MEVTPSGTWL
CASSEEGSPHYEQYF	MEVTPSGTWL
CASSFSGWEFF	MEVTPSGTWL
CASSVVGLANNEQFF	MEVTPSGTWL
CASSTTYGGTISGANVLTF	MEVTPSGTWL
CASSPTDPGSEQYF	MEVTPSGTWL
CASSQGPYLSGPYEQYF	MEVTPSGTWL
CASSFAGGALTDTQYF	MEVTPSGTWL
CASSSEGEGEQYF	MEVTPSGTWL
CASSSAGVEVSYNEQFF	MEVTPSGTWL
CASRMGGNPYEQYF	MEVTPSGTWL
CASSVGGGNRETQYF	MEVTPSGTWL
CASSLSPAASYEQYF	MEVTPSGTWL
CASSQVATESAYEQYF	MEVTPSGTWL
CASSWGQGALDEQFF	MEVTPSGTWL
CASSLADNTGELFF	MEVTPSGTWL
CASSSGGTDTQYF	MEVTPSGTWL
CASRGGTEAFF	MEVTPSGTWL
CASSLVSGELFF	MEVTPSGTWL
CASSEADAPEYEQYF	MEVTPSGTWL
CASSLLGLAGPNTGELFF	MEVTPSGTWL
CASSEGNAYEQYF	MEVTPSGTWL
CASSLTPGQEYNEQFF	MEVTPSGTWL
CATSDSRTDSYGYTF	MEVTPSGTWL
CASSSNTGELFF	MEVTPSGTWL
CASSILGAEQFF	MEVTPSGTWL
CASSPGPTQYF	MEVTPSGTWL
CASSQEGSASYEQYF	MEVTPSGTWL
CATSDSQRASYEQYF	MEVTPSGTWL
CASRLGGAETQYF	MEVTPSGTWL
CATSDLMTDQETQYF	MEVTPSGTWL
CATSREVWATYEQYF	MEVTPSGTWL
CASSAGWGSTDTQYF	MEVTPSGTWL
CSFQGTGAGELFF	MEVTPSGTWL
CATSDFGTGGSYEQYF	MEVTPSGTWL
CASSQDRNSNSPLHF	MEVTPSGTWL
CATSDSGSTYEQYF	MEVTPSGTWL
CASSLTGKWSNSPLHF	MEVTPSGTWL
CASSQGLANEQFF	MEVTPSGTWL
CASSLGQGPPQHF	MEVTPSGTWL
CASSITPRLGGEDTEAFF	MEVTPSGTWL
CASSFGGRVANQPQHF	MEVTPSGTWL
CASSKARQGVGDTQYF	MEVTPSGTWL
CASSLGGSFYEQYF	MEVTPSGTWL
CASSLFPTTSYEQYF	MEVTPSGTWL
CASSYAGGAGETQYF	MEVTPSGTWL
CASSFGTSGAEQYF	MEVTPSGTWL
CASSYPDSAHNEQFF	MEVTPSGTWL
CASSLNQGSGALGEQYF	MEVTPSGTWL
CASSSGYEQYF	MEVTPSGTWL
CASSLGSTDTQYF	MEVTPSGTWL
CSAGGRTGAYEQYF	MEVTPSGTWL
CASSQDPGTGLYGYTF	MEVTPSGTWL
CASSLDLGLNTEAFF	MEVTPSGTWL
CASSLGSTDTQYF	MEVTPSGTWL
CASSEPGSYNEQFF	MEVTPSGTWL
CASSWTGETEAFF	MEVTPSGTWL
CASSPPSDQETQYF	MEVTPSGTWL
CASSLSPAVNTEAFF	MEVTPSGTWL
CSARVPLDSAGGPFQETQYF	MEVTPSGTWL
CASPFYNEQFF	MEVTPSGTWL
CASSFASGSVNEQFF	MEVTPSGTWL
CASTTGMKTDTQYF	MEVTPSGTWL
CATVGQVGDNEQFF	MEVTPSGTWL
CASSLAQGNTGELFF	MEVTPSGTWL
CASSPTGGIADTQYF	MEVTPSGTWL
CSASDRDRGRPNEKLFF	MEVTPSGTWL
CASSSGDGWVYEQYF	MEVTPSGTWL
CASSKPGQGPSYGYTF	MEVTPSGTWL
CASSYSGKAYEQYF	MEVTPSGTWL
CASTIDSSYEQYF	MEVTPSGTWL
CASSYLDNEQFF	MEVTPSGTWL
CASSASTSGNYNEQFF	MEVTPSGTWL
CAWSVEQSNQPQHF	MEVTPSGTWL
CASSPATSGIYEQYF	MEVTPSGTWL
CASSLGIGPQPQHF	MEVTPSGTWL
CASSLGLAGFGYNEQFF	MEVTPSGTWL
CASSHPGGQGDEKLFF	MEVTPSGTWL
CASSLGQGPPQHF	MEVTPSGTWL
CASSESQDTGYGYTF	MEVTPSGTWL
CATSDLQGETDTQYF	MEVTPSGTWL
CASSSHPDLERGSPLHF	MEVTPSGTWL
CASSVERTGYNEQFF	MEVTPSGTWL
CASSLQGYEANEQFF	MEVTPSGTWL
CASSLPGSGNTIYF	MEVTPSGTWL
CASALRQGSSGNTIYF	MEVTPSGTWL
CASSEPLSTDEQFF	MEVTPSGTWL
CASSLSGQGGEKLFF	MEVTPSGTWL
CASSLVDRVHNTGELFF	MEVTPSGTWL
CASSLTGSSTDTQYF	MEVTPSGTWL
CASSLLGFSYNEQFF	MEVTPSGTWL
CSGTGEPFTDTQYF	MEVTPSGTWL
CASRPGLEGSPETQYF	MEVTPSGTWL
CASSLTDSSHQPQHF	MEVTPSGTWL
CASSFPGTGYSNQPQHF	MEVTPSGTWL
CASRIAGETAGELFF	MEVTPSGTWL
CASSLAGSPNTEAFF	MEVTPSGTWL
CASSLYPPEGGGELFF	MEVTPSGTWL
CASSVGLAGNYEQYF	MEVTPSGTWL
CASSHGQGLNTEAFF	MEVTPSGTWL
CASSLGLAPNEQFF	MEVTPSGTWL
CASSHGLAGDTGELFF	MEVTPSGTWL
CASSQRVSMGDTQYF	MEVTPSGTWL
CASSQMDGTNSPLHF	MEVTPSGTWL
CASSYGQGVGNEQFF	MEVTPSGTWL
CASLGGGSYNEQFF	MEVTPSGTWL
CSASRLAGDSNEQFF	MEVTPSGTWL
CASSYEPGQGYEQYF	MEVTPSGTWL
CASSLYGTGNQPQHF	MEVTPSGTWL
CATLSGLSPSYEQYF	MEVTPSGTWL
CASSLVQGAYGYTF	MEVTPSGTWL
CASSQETGPAYEQYF	MEVTPSGTWL
CASSWGQGANNEQFF	MEVTPSGTWL
CASSLGGYEQYF	MEVTPSGTWL
CASSFGVVNEQFF	MEVTPSGTWL
CASSPVGDNTGELFF	MEVTPSGTWL
CASSLTGEAYEQYF	MEVTPSGTWL
CASSQAGTVSYEQYF	MEVTPSGTWL
CASSLGFPHYGYTF	MEVTPSGTWL
CSARAAAGEYNEQFF	MEVTPSGTWL
CAIGGTGGTGELFF	MEVTPSGTWL
CASSLTPGLAITGELFF	MEVTPSGTWL
CASSLTGMNTEAFF	MEVTPSGTWL
CASSLSGELAGAKTGELFF	MEVTPSGTWL
CASSLQDGNEQFF	MEVTPSGTWL
CASGAGAGTEAFF	MEVTPSGTWL
CASSQIYEGGAYEQFF	MEVTPSGTWL
CASSWGIPNTGELFF	MEVTPSGTWL
CASSVLATSTTTYEQYF	MEVTPSGTWL
CASSQDPDPSYEQYF	MEVTPSGTWL
CASSVALAGVGETQYF	MEVTPSGTWL
CASSQVPRDPSYEQYF	MEVTPSGTWL
CASSLEAGATEAFF	MEVTPSGTWL
CASSHPQGLAGGSSTDTQYF	MEVTPSGTWL
CASSQTGGEQYF	MEVTPSGTWL
CASRPGLAEQFF	MEVTPSGTWL
CASSYLEISNQPQHF	MEVTPSGTWL
CASSSSIGGNQPQHF	MEVTPSGTWL
CASSLWTGDYGYTF	MEVTPSGTWL
CASSPQPDRGTEAFF	MEVTPSGTWL
CASSGGSGYEQYF	MEVTPSGTWL
CSVDRGVGNTIYF	MEVTPSGTWL
CASSPGRAVGAFF	MEVTPSGTWL
CASSPSPEQGHEQFF	MEVTPSGTWL
CASSFFLTANNEQFF	MEVTPSGTWL
CASSLGDRVFFTQYF	MEVTPSGTWL
CASSQDPATAGELFF	MEVTPSGTWL
CATSDQREHTDTQYF	MEVTPSGTWL
CASSSAVSGGSSYNEQFF	MEVTPSGTWL
CASSQVADPPYEQYF	MEVTPSGTWL
CATSDRDSTYEQYF	MEVTPSGTWL
CASSLKTDRDTDTQYF	MEVTPSGTWL
CASSLGTGYNEQFF	MEVTPSGTWL
CASSLTAGGSSYEQYF	MEVTPSGTWL
CASSFWPRNTGELFF	MEVTPSGTWL
CASSPPSEQDIQYF	MEVTPSGTWL
CASSLEQQLTTGNTIYF	MEVTPSGTWL
CASSHGTRGDTQYF	MEVTPSGTWL
CATSGQREGDYEQYF	MEVTPSGTWL
CASSQDYDTSYEQYF	MEVTPSGTWL
CASSLTGETYEQYF	MEVTPSGTWL
CASSWGDSFSYEQYF	MEVTPSGTWL
CASSQGTAYNEQFF	MEVTPSGTWL
CASSPTGQGGNTIYF	MEVTPSGTWL
CASSYSIYPYNEQFF	MEVTPSGTWL
CASSWSYGSSYNEQFF	MEVTPSGTWL
CASSEAPSQVDTEAFF	MEVTPSGTWL
CSARDLTPDRTNIQYF	MEVTPSGTWL
CASSIASTDTQYF	MEVTPSGTWL
CASSLAQGAGDTQYF	MEVTPSGTWL
CASSQDYTDYNSPLHF	MEVTPSGTWL
CASSQDPGLNTEAFF	MEVTPSGTWL
CASSYLDNEQFF	MEVTPSGTWL
CASSPGGGALDTQYF	MEVTPSGTWL
CASSLRTGKREQFF	MEVTPSGTWL
CASSFSGGYTEAFF	MEVTPSGTWL
CASSLSGWNTEAFF	MEVTPSGTWL
CASSVGNNSPLHF	MEVTPSGTWL
CASSQGSYYEQYF	MEVTPSGTWL
CASSQVIGTDDSPLHF	MEVTPSGTWL
CSARPDGSSSYEQYF	MEVTPSGTWL
CASSVFEGTGGNSPLHF	MEVTPSGTWL
CASSVGWTGTYEQYF	MEVTPSGTWL
CASSLARDTSYEQYF	MEVTPSGTWL
CSARALAEPSYEQYF	MEVTPSGTWL
CASSLGLPPNEQFF	MEVTPSGTWL
CASVEGPDHADTQYF	MEVTPSGTWL
CASSLWGSSSGANVLTF	MEVTPSGTWL
CASSFPGQGAGELFF	MEVTPSGTWL
CASGLVLTGGSHEQFF	MEVTPSGTWL
CASSLGLGGAEQYF	MEVTPSGTWL
CASSQGVSESSYEQYF	MEVTPSGTWL
CASSPGRQIQYF	MEVTPSGTWL
CASSTRRSENTEAFF	MEVTPSGTWL
CASSHYPPGSLADTIYF	MEVTPSGTWL
CASSIGLPPNEQFF	MEVTPSGTWL
CSARGDPYGTEAFF	MEVTPSGTWL
CASSQDLAGNTIYF	MEVTPSGTWL
CSAQGLVGNEQFF	MEVTPSGTWL
CATSGRDSSYEQYF	MEVTPSGTWL
CASSRSQGQGNEQFF	MEVTPSGTWL
CASSLGSGSYNEQFF	MEVTPSGTWL
CASSLDLGLNTEAFF	MEVTPSGTWL
CASGAGVVGYNEQFF	MEVTPSGTWL
CASSQVEFTDTQYF	MEVTPSGTWL
CASSPVFYTLSSGNTIYF	MEVTPSGTWL
CASSQSLHF	MEVTPSGTWL
CSARGLAGNYNEQFF	MEVTPSGTWL
CASSFSQSSGANVLTF	MEVTPSGTWL
CASSLGLAAYNEQFF	MEVTPSGTWL
CASSLGLAGSNEQFF	MEVTPSGTWL
CASSLVQGALMDTEAFF	MEVTPSGTWL
CASSQDRQIYEQYF	MEVTPSGTWL
CASSLTSTAEAFF	MEVTPSGTWL
CASSQDEGLTGNTIYF	MEVTPSGTWL
CASSPQEGRLDGYTF	MEVTPSGTWL
CASSLFLSGDPETQYF	MEVTPSGTWL
CASSLGTPEGDTQYF	MEVTPSGTWL
CASSQVAGDSLYEQYF	MEVTPSGTWL
CASSLGEQYF	MEVTPSGTWL
CASSQPFLADTGELFF	MEVTPSGTWL
CASSWGQVSGNEQFF	MEVTPSGTWL
CASSHSEDSNAEAFF	MEVTPSGTWL
CASSPRDREPGTQYF	MEVTPSGTWL
CASSLYPPGEYEQYF	MEVTPSGTWL
CASSAPAGGAYNEQFF	MEVTPSGTWL
CASSIKLRRNSYEQYF	MEVTPSGTWL
CASSLVPGTDTQYF	MEVTPSGTWL
