CDR3	AA
CASSFALAGSYTGELFF	TVATSRTLSY
CASSLELGADEQFF	TVATSRTLSY
CSVEAGHTSGNTIYF	TVATSRTLSY
CASSQDGGPSTYEQYF	TVATSRTLSY
CSARDRVDNQPQHF	TVATSRTLSY
CASSQGGQSTDTQYF	TVATSRTLSY
CASRTSTGYTF	TVATSRTLSY
CASSQPQGAFLGGETQYF	TVATSRTLSY
CASSLGGDNSPLHF	TVATSRTLSY
CASSQEPGLAGGPFEQFF	TVATSRTLSY
CASSEAIGELFF	TVATSRTLSY
CASSLQGSGELFF	TVATSRTLSY
CASSPQRATYRPNEQFF	TVATSRTLSY
CASSVAGEYGYTF	TVATSRTLSY
CASSQRVAAFYNEQFF	TVATSRTLSY
CAADNEQFF	TVATSRTLSY
CASSLNRAPDTQYF	TVATSRTLSY
CASSYSGTHGYTF	TVATSRTLSY
CASSFTSLRLETQYF	TVATSRTLSY
CAWNEEQYV	TVATSRTLSY
CASSFVSGRPSYEQYF	TVATSRTLSY
CASSLAQRAGTHQETQYF	TVATSRTLSY
CASSLARANTGLVGETQYF	TVATSRTLSY
CASSQDFGSSNQPQHF	TVATSRTLSY
CASSQEGLAGVSSYNEQFF	TVATSRTLSY
CASSLAEHEQFF	TVATSRTLSY
CASQGPGELFF	TVATSRTLSY
CASSFPSGSPNYEQYF	TVATSRTLSY
CASSLVPSENEQFF	TVATSRTLSY
CASSPHTVRDDEQFF	TVATSRTLSY
CASSLLSSGLLDEQYF	TVATSRTLSY
CSARLRASNSPLHF	TVATSRTLSY
CASSLGDGYTGELFF	TVATSRTLSY
CASTSRRGPYYGYTF	TVATSRTLSY
CASSPQGQYNEQFF	TVATSRTLSY
CASTTSGSSYEQYF	TVATSRTLSY
CASSSEGMNTEAFF	TVATSRTLSY
CASQGLMNTGELFF	TVATSRTLSY
CASNPTASLGYSNQPQHF	TVATSRTLSY
CASSFGTGSNNEQFF	TVATSRTLSY
CASSLIWLSTDTQYF	TVATSRTLSY
