CDR3	AA
CASSVGWEGRTGELFF	SMWSFNPET
CASRESGANVLTF	SMWSFNPET
CASSWGGLFNEQFF	SMWSFNPET
CASSFGALYGYTF	SMWSFNPET
CASSDWQGPNQPQHF	SMWSFNPET
CASSLRAAYEQYF	SMWSFNPET
CASSLGGLPDTQYF	SMWSFNPET
CSAGDWSDTQYF	SMWSFNPET
CASRGQGNEKLFF	SMWSFNPET
CATSGRNYNEQFF	SMWSFNPET
CASSLGSFTDTQYF	SMWSFNPET
CASSFGGFQETQYF	SMWSFNPET
CASSWGGGNEQFF	SMWSFNPET
CASSSGGFIDTQYF	SMWSFNPET
CASSLEGPRGSYNEQFF	SMWSFNPET
CASSLGGGFPNYEQYF	SMWSFNPET
CASSWGGLTDTQYF	SMWSFNPET
CASSLLGEQFF	SMWSFNPET
CASTFGGAGELFF	SMWSFNPET
CASSWGGLAGDNEQFF	SMWSFNPET
CASSSGGLPDTQYF	SMWSFNPET
CASSQVESGGNNEQFF	SMWSFNPET
CASSPGGFGYTF	SMWSFNPET
CASSWGSFNEQFF	SMWSFNPET
CASSLAGTAIYGYTF	SMWSFNPET
CASSVEGRLHGYTF	SMWSFNPET
CASSQEGSTGELFF	SMWSFNPET
CASSPSVQDTDTQYF	SMWSFNPET
CASSEGIRDQTYEQYF	SMWSFNPET
CASSLSAGKRLAGGYNEQFF	SMWSFNPET
CASSSGGFQETQYF	SMWSFNPET
CASSPWTGGGEKLFF	SMWSFNPET
CASSFGGFDAFF	SMWSFNPET
CAISETLDINEKLFF	SMWSFNPET
CASSLGGFGETQYF	SMWSFNPET
CASSRSWTGGNEKLFF	SMWSFNPET
CASRSGQGNEQFF	SMWSFNPET
CASSWGGLLDTQYF	SMWSFNPET
CASSWGGAPDTQYF	SMWSFNPET
CASSWGGLPVVETQYF	SMWSFNPET
CASSWGGLYEQYF	SMWSFNPET
CASSLGDSPNEQFF	SMWSFNPET
CASSLMGEQYF	SMWSFNPET
CASSWSLNEQFF	SMWSFNPET
CASSPWDEQFF	SMWSFNPET
CASWAGQAFF	SMWSFNPET
CASSLGGLTDTQYF	SMWSFNPET
CATSGHSTDTQYF	SMWSFNPET
CASSLGGFTDTQYF	SMWSFNPET
CASSWGGLAAADTQYF	SMWSFNPET
CASSFGGLDYEQYF	SMWSFNPET
CASTWGGISHEQYF	SMWSFNPET
CASSLGGVLYGYTF	SMWSFNPET
CASSSALDYWNSPLHF	SMWSFNPET
CASSGSEANVLTF	SMWSFNPET
CASSLGGITDTQYF	SMWSFNPET
CASSEGGFTDTQYF	SMWSFNPET
CASSWGGILASSTDTQYF	SMWSFNPET
CASTWGQGLTPLHF	SMWSFNPET
CASSFGGFKETQYF	SMWSFNPET
CASSWGAAGAYEQYF	SMWSFNPET
CASSWGGGGYEQYF	SMWSFNPET
CASSWGGLNEQFF	SMWSFNPET
CASSPPFGKGQGSYEQYF	SMWSFNPET
CASSLGSFVETQYF	SMWSFNPET
CATSSFDEQYF	SMWSFNPET
CASSFGGFPDTQYF	SMWSFNPET
CASSFGDITPLHF	SMWSFNPET
CASKSGTGLTEAFF	SMWSFNPET
CASSLSGFSETQYF	SMWSFNPET
CASSWGGLTYEQYF	SMWSFNPET
CASSWGGLTDTQYF	SMWSFNPET
CASSWGALNGYTF	SMWSFNPET
CASTWGGLADTDTQYF	SMWSFNPET
CASSFGGIQETQYF	SMWSFNPET
CASSFGGGTQYF	SMWSFNPET
CASDGTGQFRELFF	SMWSFNPET
CASITWSGRYNEQFF	SMWSFNPET
CASSWGGLAGEFF	SMWSFNPET
CASSLRQGMRNEQFF	SMWSFNPET
CASSGRQSSYNEQFF	SMWSFNPET
CASSWGGLAGGPFGDTQYF	SMWSFNPET
CASSQWDGDYEQYF	SMWSFNPET
CASSVASGTNNEQFF	SMWSFNPET
CASSLGGFQETQYF	SMWSFNPET
CASSFGGLWDTQYF	SMWSFNPET
CASSWGGFDTEAFF	SMWSFNPET
CASSEWGSSYEQYF	SMWSFNPET
CASSGQGALSPLHF	SMWSFNPET
CASSAGGFPETQYF	SMWSFNPET
CASSWGGFTGELFF	SMWSFNPET
