CDR3	AA
CASSPHSGGETEAFF	LIIMRTFKV
CASSWTSGGETQYF	LIIMRTFKV
CASSPRTGYTEAFF	LIIMRTFKV
CASSRQNTGELFF	LIIMRTFKV
CASTGDAQETQYF	LIIMRTFKV
CSARGTGFFNTEAFF	LIIMRTFKV
CASSPAGAADTQYF	LIIMRTFKV
CASSPGGLEAFF	LIIMRTFKV
CASNSGTGGDTQYF	LIIMRTFKV
CASSLDLGHSPLHF	LIIMRTFKV
CASSDLRTEQFF	LIIMRTFKV
CSVALELQAETQYF	LIIMRTFKV
CASSKGLAGPSTDTQYF	LIIMRTFKV
CASSWSGNNEQFF	LIIMRTFKV
CAWSVAAYDEQYF	LIIMRTFKV
CSVEYRGLGEQYF	LIIMRTFKV
CASRPGTSAINEQFF	LIIMRTFKV
CASSPWGQGTEKLFF	LIIMRTFKV
CASSQTGIAFF	LIIMRTFKV
CASSAMGTEAFF	LIIMRTFKV
CASTPSGSGSYGYTF	LIIMRTFKV
CSSGPDTEAFF	LIIMRTFKV
CASSLVPGELFF	LIIMRTFKV
CASSLGAGLAKPTYEQYF	LIIMRTFKV
CASAGLAGAYNEQFF	LIIMRTFKV
CASSQDARALWSYTF	LIIMRTFKV
CASRFLGTEAFF	LIIMRTFKV
CASSNPGTHTYEQYF	LIIMRTFKV
CASSLGTRLAGATDTQYF	LIIMRTFKV
CASGGLANTEAFF	LIIMRTFKV
CATRGGQGTDTQYF	LIIMRTFKV
CASSLDLGILDYGYTF	LIIMRTFKV
CASSDTGGSYNEQFF	LIIMRTFKV
CASSNQETQYF	LIIMRTFKV
CASMEGGSYNEQFF	LIIMRTFKV
CSVLEWSSYEQYF	LIIMRTFKV
CASRQFFPTNTDTQYF	LIIMRTFKV
CASSTRVKGEQYF	LIIMRTFKV
CASSEVGEQFF	LIIMRTFKV
CASGWGLGDEQYF	LIIMRTFKV
CASSFFAKGVNEQYF	LIIMRTFKV
CASSTGRGVAGANVLTF	LIIMRTFKV
CASSYGLAGGPQYNEQFF	LIIMRTFKV
CASSQDEAEGAGGTSGEQFF	LIIMRTFKV
CASSLIGGDNEQFF	LIIMRTFKV
CASSSLAGSVNEQFF	LIIMRTFKV
CATSGDETQYF	LIIMRTFKV
CATSPQRVNTGELFF	LIIMRTFKV
CASSQELAGGRWNPTDTQYF	LIIMRTFKV
CASSFGPLGEQFF	LIIMRTFKV
CSALVIPGLDTDTQYF	LIIMRTFKV
CASSPKFGDEKLFF	LIIMRTFKV
CASSFVWVGNEQFF	LIIMRTFKV
CASSFGNEQFF	LIIMRTFKV
CASSRLPDETQYF	LIIMRTFKV
CASSHSPGDSTNYGYTF	LIIMRTFKV
CASSVYGGTDTQYF	LIIMRTFKV
CASSHRAPGQGVMSGYTF	LIIMRTFKV
CASSGRKNIQYF	LIIMRTFKV
CASSPHPSGRGVGELFF	LIIMRTFKV
CASSPRTATYNEQFF	LIIMRTFKV
CASSLRGDGTDTQYF	LIIMRTFKV
CASGIEPGELFF	LIIMRTFKV
CASSFQAFSYEQYF	LIIMRTFKV
CASSLSGGEFNEQFF	LIIMRTFKV
CASSHPWLAGDSYNEQFF	LIIMRTFKV
CASSQDRRGSYEQYF	LIIMRTFKV
CASSFSGPSTDTQYF	LIIMRTFKV
CASSPPSAWETQYF	LIIMRTFKV
CASSPDRDYGYTF	LIIMRTFKV
CASSRDRAGNEQFF	LIIMRTFKV
CASSGAYNEQFF	LIIMRTFKV
CASALYNLQPTNEKLFF	LIIMRTFKV
CSVSSSGGAETQYF	LIIMRTFKV
CASSLASGPHGYTF	LIIMRTFKV
CASSDQGPDTQYF	LIIMRTFKV
CASSQEVAGSETQYF	LIIMRTFKV
CASSFGGSWAYGYTF	LIIMRTFKV
CASSVQGAVEQFF	LIIMRTFKV
CASSALKSGYNEQFF	LIIMRTFKV
CASSFLGLSYEQYF	LIIMRTFKV
CASSLVPGGRPGEEAFF	LIIMRTFKV
CASSPRASTEAFF	LIIMRTFKV
CASSLSPSTGSGNTIYF	LIIMRTFKV
CASSQATGALGYGYTF	LIIMRTFKV
CASSNLAGGPVGELFF	LIIMRTFKV
CAWNSRMGPQETQYF	LIIMRTFKV
CSARGGRGQSTDTQYF	LIIMRTFKV
CASRSLDGFNQPQHF	LIIMRTFKV
CASSSIAGGPSDTQYF	LIIMRTFKV
CASSPRRVAGGLDEQFF	LIIMRTFKV
CASSLGTGESQPQHF	LIIMRTFKV
CSASQLSHEQFF	LIIMRTFKV
CASSVGSGAGELFF	LIIMRTFKV
CASSVAGGEAFF	LIIMRTFKV
CASSQEPGLGPETQYF	LIIMRTFKV
CASSQDGQSNYGYTF	LIIMRTFKV
CASSQAATGANVLTF	LIIMRTFKV
CASSLGDRVRNEQFF	LIIMRTFKV
CASSIDQENTEAFF	LIIMRTFKV
CASSPRDLNTEAFF	LIIMRTFKV
CAISESVDEQYF	LIIMRTFKV
CASSQVLHYEQYF	LIIMRTFKV
CASSGQRNSGGTEAFF	LIIMRTFKV
CASSFGGDTGELFF	LIIMRTFKV
CASSEITAGELFF	LIIMRTFKV
CASSLAGGNEQFF	LIIMRTFKV
CASSPSSYNEQFF	LIIMRTFKV
CSVNSIGGDTQYF	LIIMRTFKV
CASSGWGNTEAFF	LIIMRTFKV
CASSLSAGDFNEQFF	LIIMRTFKV
CASSSGPGKGYNEQFF	LIIMRTFKV
CASSFGDTEAFF	LIIMRTFKV
CASSPLGSGANEQFF	LIIMRTFKV
