CDR3	AA
CATSRGLQETQYF	TLKKRWQLA
CASSDPGDNEQFF	TLKKRWQLA
CASSLEMTGGASLTDTQYF	TLKKRWQLA
CSATGTGDTYEQYF	TLKKRWQLA
CASSQESGISYEQYF	TLKKRWQLA
CATSGEREAFF	TLKKRWQLA
CASSLGLAGGGPDTQYF	TLKKRWQLA
CASSFPGPTDTQYF	TLKKRWQLA
CASRDSFYGYTF	TLKKRWQLA
CASSTLWDRASYEQYF	TLKKRWQLA
CASSARGVYEQYF	TLKKRWQLA
CASSPPGPVDEQYF	TLKKRWQLA
CASSQRGTGVNTEAFF	TLKKRWQLA
CSASFNLGARFREQFF	TLKKRWQLA
CASSQGTGFSYTF	TLKKRWQLA
CASSDTGGVDEQYF	TLKKRWQLA
CASSQGTGLNYGYTF	TLKKRWQLA
CASSFIAAQSTDTQYF	TLKKRWQLA
CASSPLGGRSDTQYF	TLKKRWQLA
CASGSGGAVTDTQYF	TLKKRWQLA
