CDR3	AA
CASSQDLATPSGANVLTF	TPINLVRDL
CASSRILGADGYTF	TPINLVRDL
CASSGAGGHHEQFF	TPINLVRDL
CSVEGTSGSSYNEQFF	TPINLVRDL
CSVEGAGKLSYNEQFF	TPINLVRDL
CASSQTSGRWELFF	TPINLVRDL
CASSFGDEQGF	TPINLVRDL
CSVVPRSIGTDTQYF	TPINLVRDL
CASSLGGAKNIQYF	TPINLVRDL
CASSQWPGTGESNEQFF	TPINLVRDL
CASSLLAGMKQYF	TPINLVRDL
CSVEGRTGGSYNEQFF	TPINLVRDL
CASSSGTGVDTEAFF	TPINLVRDL
CASSQGWDSNSPLHF	TPINLVRDL
CASSPGRATNEKLFF	TPINLVRDL
RASSFSGFSYEQYF	TPINLVRDL
CASSGRLGLADTYNEQFF	TPINLVRDL
CASHPGVVGEAFF	TPINLVRDL
CASSQDFSVSHGDGPWAATDTQYF	TPINLVRDL
CASSRGQGSYEQYF	TPINLVRDL
CASSPAGTGAAYEQYF	TPINLVRDL
CASSWTGSYEQYF	TPINLVRDL
CASRDHEIGGVTDTQYF	TPINLVRDL
CSVVGTGDTYEQYF	TPINLVRDL
CASSSNWGRGQGYEQYF	TPINLVRDL
CASSPPGTGVLNEQFF	TPINLVRDL
CASSPQPTGGSGEAFF	TPINLVRDL
CASSGRSSLYEQFF	TPINLVRDL
CAISDSGTEFGQYF	TPINLVRDL
CASSSQVDTEAFF	TPINLVRDL
CASAGRPSYEQYF	TPINLVRDL
CSVEKSGESAGYEQYF	TPINLVRDL
CASSPSAGVTYNEQFF	TPINLVRDL
CATSSLPSGRAPTDTQYF	TPINLVRDL
CSVEGLAGGFSYNEQFF	TPINLVRDL
CASSYSRREGLGNEQFF	TPINLVRDL
CSVEGGSRSSYNEQFF	TPINLVRDL
CASSPRAGSADTQYF	TPINLVRDL
CASSPSSGSNEQFF	TPINLVRDL
CASSPTGTGSSYEQYF	TPINLVRDL
CASSLYGGDTEAFF	TPINLVRDL
CSVESGEVTDTQYF	TPINLVRDL
CASSQVSGNEKLFF	TPINLVRDL
CASSRSSSGLYEQYF	TPINLVRDL
CSVEGQGGGASYNEQFF	TPINLVRDL
CSVERPSSYNEQFF	TPINLVRDL
CSVGGASGMSYNEQFF	TPINLVRDL
CATSSSGGDYNEQFF	TPINLVRDL
CSARDWGTGEETQYF	TPINLVRDL
CSAENSGQSSSYEQYF	TPINLVRDL
CASSQGHGTNTEAFF	TPINLVRDL
CASSLGTGVDQPQHF	TPINLVRDL
CASSQYLAGEYNEQFF	TPINLVRDL
CASSPGQGSTEAFF	TPINLVRDL
CSVEWASGSSLNYEQYF	TPINLVRDL
CASSWIVRTGGSGANVLTF	TPINLVRDL
CASSVNDRGSYEQYF	TPINLVRDL
