CDR3	AA
CASSLSSHQETQYF	HTTDPSFLGRY
CASTPRWARDIQYF	HTTDPSFLGRY
CASGGPSNQPQHF	HTTDPSFLGRY
CASTSGAHYGYTF	HTTDPSFLGRY
CASTPSGGPLGEQFF	HTTDPSFLGRY
CASSSDGFSYEQYF	HTTDPSFLGRY
CASSAGDYGYTF	HTTDPSFLGRY
CAGNWDLKNQPQHF	HTTDPSFLGRY
CASGDRGPADTQYF	HTTDPSFLGRY
CASSLSGVNQPQHF	HTTDPSFLGRY
CASSQTRYNEQFF	HTTDPSFLGRY
CASTDRGPPGELFF	HTTDPSFLGRY
CASSLYGMPYEQYF	HTTDPSFLGRY
CASYRGGQETQYF	HTTDPSFLGRY
CASISGSMVSPLHF	HTTDPSFLGRY
CSIERTDSYEQYF	HTTDPSFLGRY
CASSSSLGGITDTQYF	HTTDPSFLGRY
CASRGATGSQPQHF	HTTDPSFLGRY
CASSAGDGFGYTF	HTTDPSFLGRY
CASSLRDPTDTQYF	HTTDPSFLGRY
CASSAGEGNGYTF	HTTDPSFLGRY
CASSQEDEWNTEAFF	HTTDPSFLGRY
CASSTIGGRGVETQYF	HTTDPSFLGRY
CSVEDRGSYEQYF	HTTDPSFLGRY
CASSLRSGMDEQFF	HTTDPSFLGRY
CASSSSGDPLNEQFF	HTTDPSFLGRY
CASSLAEPFGDEQFF	HTTDPSFLGRY
CASSPRDSFEQYF	HTTDPSFLGRY
CASSSTGVWDTQYF	HTTDPSFLGRY
CASMGSDSYEQYF	HTTDPSFLGRY
CASSLSSPRDTQYF	HTTDPSFLGRY
CASIFGTGNTEAFF	HTTDPSFLGRY
CASSYSSRDEQFF	HTTDPSFLGRY
CASSEQGNTEAFF	HTTDPSFLGRY
CASSPRDGKNEQFF	HTTDPSFLGRY
CASSPRSGFDEQYF	HTTDPSFLGRY
CAISADTTSSYNSPLHF	HTTDPSFLGRY
CATSDLTGSEQYF	HTTDPSFLGRY
CASSLSGPLSLDTQYF	HTTDPSFLGRY
CASSLAQGPNEKLFF	HTTDPSFLGRY
CASSDRAHTDTQYF	HTTDPSFLGRY
CASSLDSPNQPQHF	HTTDPSFLGRY
CSAFTFAEGQGASVYGYTF	HTTDPSFLGRY
CASIMASGGSKETQYF	HTTDPSFLGRY
CASSPRQGGDTEAFF	HTTDPSFLGRY
CASSLRSSQDEQFF	HTTDPSFLGRY
CASSEANNNEQFF	HTTDPSFLGRY
CASSDRGSNQPQHF	HTTDPSFLGRY
CASSVWEVSGTLSTDTQYF	HTTDPSFLGRY
CASSLGSPVDEQFF	HTTDPSFLGRY
CASSSTSGSVDTQYF	HTTDPSFLGRY
CASSWRSGGDEQYF	HTTDPSFLGRY
CASSRYRPDEEDNEQFF	HTTDPSFLGRY
CASSQEAGTDTQYF	HTTDPSFLGRY
CASSAGQDYGYTF	HTTDPSFLGRY
CASSFSVGQGRETQYF	HTTDPSFLGRY
CASTLIGMPYGYTF	HTTDPSFLGRY
CASSPRAGNEKLFF	HTTDPSFLGRY
CASSGWDGIQETQYF	HTTDPSFLGRY
CASSPGHGGGDEQYF	HTTDPSFLGRY
CASSSSGVYNEQFF	HTTDPSFLGRY
CASSGGFHYGYTF	HTTDPSFLGRY
CASSLADTDTQYF	HTTDPSFLGRY
CASSDSGGNTGELFF	HTTDPSFLGRY
CASSPPSSQGHEKLFF	HTTDPSFLGRY
CASSGTGDAYEQYF	HTTDPSFLGRY
CASSVEVSAHNEQFF	HTTDPSFLGRY
CASSLSAPNEKLFF	HTTDPSFLGRY
CASSERGIQETQYF	HTTDPSFLGRY
CASSPRGPIDYEQYF	HTTDPSFLGRY
CASSLTGEHLEQFF	HTTDPSFLGRY
CASSSSKGGTGDNEQYF	HTTDPSFLGRY
CASSIRDPRMDEQFF	HTTDPSFLGRY
CASNQGASNQPQHF	HTTDPSFLGRY
CASSSPVRTAEGEIGHEQYF	HTTDPSFLGRY
CASSAGEGSYGYTF	HTTDPSFLGRY
CASSLGAPQETQYF	HTTDPSFLGRY
CASSGQSYEQYF	HTTDPSFLGRY
CASSWTGGNTGELFF	HTTDPSFLGRY
CASSLGGDTSYEQYF	HTTDPSFLGRY
CASSQDRTQGFGGTEAFF	HTTDPSFLGRY
CASSDRGGPDTQYF	HTTDPSFLGRY
CASSPGPYEQYF	HTTDPSFLGRY
CASLDRGPTDTQYF	HTTDPSFLGRY
CASTFPSTRATTEAFF	HTTDPSFLGRY
CASSVSYGGDAQYF	HTTDPSFLGRY
CASSTRYNEKLFF	HTTDPSFLGRY
CASSDRAGSTDTQYF	HTTDPSFLGRY
CASTAGGYEQYF	HTTDPSFLGRY
CASSLTGDPYNEQFF	HTTDPSFLGRY
CASSSRGPNNEQFF	HTTDPSFLGRY
CASSYTSGGVSSYNEQFF	HTTDPSFLGRY
CASSVHTGTPSYEQYF	HTTDPSFLGRY
CASSLIPGANVLTF	HTTDPSFLGRY
CASSPMTGTDTQYF	HTTDPSFLGRY
CASSPELTEAFF	HTTDPSFLGRY
CASSERGHADTQYF	HTTDPSFLGRY
CASSLRSAEETQYF	HTTDPSFLGRY
CASSYDGTGELFF	HTTDPSFLGRY
CASSPGTGNEKLFF	HTTDPSFLGRY
CASSLSHPSQETQYF	HTTDPSFLGRY
CASSQESGMPYEQYF	HTTDPSFLGRY
CASTLQGAGETQYF	HTTDPSFLGRY
CASSRTDTEPFYSPLHF	HTTDPSFLGRY
CASSPEGLAGYEQYF	HTTDPSFLGRY
CASSEGSGVVQPQHF	HTTDPSFLGRY
CASIVGGSDTQYF	HTTDPSFLGRY
CASSLSWAGQETQYF	HTTDPSFLGRY
CASSSDQNEKLFF	HTTDPSFLGRY
CASSQGDGTGLGNYGYTF	HTTDPSFLGRY
CASSLGGGDPGYEQYF	HTTDPSFLGRY
CASSQDFGDGYTF	HTTDPSFLGRY
CASSTGAPQETQYF	HTTDPSFLGRY
CASSEAAAFRFEYEQYF	HTTDPSFLGRY
CASSLNPGTAHNEQFF	HTTDPSFLGRY
CATSDEQPGTLIDNEQFF	HTTDPSFLGRY
CASSSRTSQETQYF	HTTDPSFLGRY
CASGTSGGPDTQYF	HTTDPSFLGRY
CASTNEQSGNPYNEQFF	HTTDPSFLGRY
CASWADDNQPQHF	HTTDPSFLGRY
CASSLGSPQETQYF	HTTDPSFLGRY
CATSANRLTSYNEQFF	HTTDPSFLGRY
CASSPAEGGSTDTQYF	HTTDPSFLGRY
CASSYEGPYEQYF	HTTDPSFLGRY
CASRIQGDNTGELFF	HTTDPSFLGRY
CASSSDSPYEQYF	HTTDPSFLGRY
CASSIMTGTGELFF	HTTDPSFLGRY
CASSPRLGETQYF	HTTDPSFLGRY
CASSLSGPQADTQYF	HTTDPSFLGRY
CASTDGTSEADTQYF	HTTDPSFLGRY
CASGDRGPTDTQYF	HTTDPSFLGRY
CASAGRDGTDTQYF	HTTDPSFLGRY
CASSPRDVTDTQYF	HTTDPSFLGRY
CASSPDFGEQFF	HTTDPSFLGRY
CASSQDQNTGELFF	HTTDPSFLGRY
CASSWETSGRIFEQFF	HTTDPSFLGRY
CASSQWKSPSGLGYTF	HTTDPSFLGRY
CASSAGRSSYEQYF	HTTDPSFLGRY
CASSYSTPGLEAFF	HTTDPSFLGRY
CASNDRDSTGELFF	HTTDPSFLGRY
CASSLVRNEQFF	HTTDPSFLGRY
CASSADSGGSTDTQYF	HTTDPSFLGRY
CASSVTGGTDTQYF	HTTDPSFLGRY
CASSTRDTWGEQYF	HTTDPSFLGRY
CASSAGHGSNYGYTF	HTTDPSFLGRY
CASSLSSGQETQYF	HTTDPSFLGRY
CASSGGDTDTQYF	HTTDPSFLGRY
CASSPTHSNQPQHF	HTTDPSFLGRY
CASSYYNTDTQYF	HTTDPSFLGRY
CASIGPTEYNEQFF	HTTDPSFLGRY
CASKLAEMVYEQFF	HTTDPSFLGRY
CASGDGISEAFF	HTTDPSFLGRY
CASSSLPANEQYF	HTTDPSFLGRY
CASSADPGDPTDTQYF	HTTDPSFLGRY
CASIAGDANQPQHF	HTTDPSFLGRY
CASSFQAEYEQYF	HTTDPSFLGRY
CASSPGSETGELFF	HTTDPSFLGRY
CASSLDGPLYGYTF	HTTDPSFLGRY
CASSPDSTYEQYF	HTTDPSFLGRY
CASSISAFSYNSPLHF	HTTDPSFLGRY
CASSPDRETQYF	HTTDPSFLGRY
CASSLSDGRVYEQYF	HTTDPSFLGRY
CASTLGGVNEQFF	HTTDPSFLGRY
CSASKGAKVTEAFF	HTTDPSFLGRY
CASSNQDSIAGELFF	HTTDPSFLGRY
CATRGLDADTQYF	HTTDPSFLGRY
CASSQERHSTDTQYF	HTTDPSFLGRY
CSVRGDFYEQYF	HTTDPSFLGRY
CALPDQGQGVNYGYTF	HTTDPSFLGRY
CASSHRAANEKLFF	HTTDPSFLGRY
CASSGPPNAVTGNKDNEQFF	HTTDPSFLGRY
CASSPGNGGKDEQFF	HTTDPSFLGRY
CASSYWGSGDEQFF	HTTDPSFLGRY
CSARDDWAGGFGYTF	HTTDPSFLGRY
CASSFPAAGSNSYNEQFF	HTTDPSFLGRY
CASSYSTGAPTEAFF	HTTDPSFLGRY
CASSLAELNTEAFF	HTTDPSFLGRY
CSARDRVPKNIQYF	HTTDPSFLGRY
CASSLSGNYNEQFF	HTTDPSFLGRY
CASSLSPSTGELFF	HTTDPSFLGRY
CASSLHEIDAQGYGYTF	HTTDPSFLGRY
CASSVSPATGEKLFF	HTTDPSFLGRY
CASSDRGPTDTQYF	HTTDPSFLGRY
CSVVLDGPQHF	HTTDPSFLGRY
CASTKEGRVATNEKLFF	HTTDPSFLGRY
CASSLSQANEQFF	HTTDPSFLGRY
CACDSGTLNEQFF	HTTDPSFLGRY
CASSDTLSGGFGETQYF	HTTDPSFLGRY
CASSSYKMGETQYF	HTTDPSFLGRY
CASTPGGLETQYF	HTTDPSFLGRY
CATSDFPGIWGTDTQYF	HTTDPSFLGRY
CASSDRGPNTEAFF	HTTDPSFLGRY
CASSFPRLADSYNEQFF	HTTDPSFLGRY
CASSLQGSGEPQHF	HTTDPSFLGRY
CASSYMDRGYEQYF	HTTDPSFLGRY
CASSPRDTQQETQYF	HTTDPSFLGRY
CASSAGNAGGYTF	HTTDPSFLGRY
CASSLGAPADTQYF	HTTDPSFLGRY
CASSQPEDSTYEQYF	HTTDPSFLGRY
CASGTGYSNQPQHF	HTTDPSFLGRY
CASSERAGVDTQYF	HTTDPSFLGRY
CASSLNNNEQFF	HTTDPSFLGRY
CASSSGTSGNYEQYF	HTTDPSFLGRY
CASSQGSSYEQYF	HTTDPSFLGRY
CASSPLWDEGPPGPQGDTQYF	HTTDPSFLGRY
CASMEGGNTEAFF	HTTDPSFLGRY
CASASRGDPGETQYF	HTTDPSFLGRY
CASSPSTGVVQPQHF	HTTDPSFLGRY
CASSYPDRVREKLFF	HTTDPSFLGRY
CASSWDRETNEKLFF	HTTDPSFLGRY
CASGEDSYEQYF	HTTDPSFLGRY
CASSLGDTPQETQYF	HTTDPSFLGRY
CASSLDRGYEQYF	HTTDPSFLGRY
CAGHPTDNYGYTF	HTTDPSFLGRY
CASSSTGLAGEIPSYEQYF	HTTDPSFLGRY
CASSRTITSTDTQYF	HTTDPSFLGRY
CASSQRSGSDTQYF	HTTDPSFLGRY
CASSNFQGPQETQYF	HTTDPSFLGRY
CASIRGDRNQPQHF	HTTDPSFLGRY
CASSAGDRGYGYTF	HTTDPSFLGRY
CASSSRSGGDTQYF	HTTDPSFLGRY
CASSAGDYGYTF	HTTDPSFLGRY
CASSLEGEPYNEQFF	HTTDPSFLGRY
CASSDTMAGGFSPLHF	HTTDPSFLGRY
CASSAGGGSGYTF	HTTDPSFLGRY
CASSFGSANTDTQYF	HTTDPSFLGRY
CASSLRDYGDEQFF	HTTDPSFLGRY
CASSYSMPPNYGYTF	HTTDPSFLGRY
CASNEGGGEQYF	HTTDPSFLGRY
CATSDSRDSWPYNEQFF	HTTDPSFLGRY
CASSPGTPAVETQYF	HTTDPSFLGRY
CASSSRDSSDTQYF	HTTDPSFLGRY
CASKSGYSYNEQFF	HTTDPSFLGRY
CASSLSSGNQETQYF	HTTDPSFLGRY
CASSFTDPNQETQYF	HTTDPSFLGRY
CASSFPSKPVTRDNDEQFF	HTTDPSFLGRY
CASSPTSGRGNEQFF	HTTDPSFLGRY
CASSYSSFGTAPYNEQFF	HTTDPSFLGRY
CASSLREGRDEQYF	HTTDPSFLGRY
CASNPGNSNQPQHF	HTTDPSFLGRY
CASSQTSEVYEQYF	HTTDPSFLGRY
CASSLKHPSTDTQYF	HTTDPSFLGRY
CASSMTHSTDTQYF	HTTDPSFLGRY
CASSERELNEQFF	HTTDPSFLGRY
CASSLRSGSDEQFF	HTTDPSFLGRY
CASSSGGGLNEKLFF	HTTDPSFLGRY
CASSELIGGSQDGQYF	HTTDPSFLGRY
CASSTRLAGLSADTQYF	HTTDPSFLGRY
CASSPRDSYEQYF	HTTDPSFLGRY
CASSPPGAEETQYF	HTTDPSFLGRY
CASSLPRENEQFF	HTTDPSFLGRY
CASSFEPATSYNEQFF	HTTDPSFLGRY
CASSSPGAGTGELFF	HTTDPSFLGRY
CSVEGHGTYEQYF	HTTDPSFLGRY
CASSVYELVGQRNTQYF	HTTDPSFLGRY
CASSQDSGISSYEQYF	HTTDPSFLGRY
CSAHSDGGRDIQETQYF	HTTDPSFLGRY
CASSPGNTPYGYTF	HTTDPSFLGRY
CASGDRGPVDEQFF	HTTDPSFLGRY
CASSQDPAYNEQFF	HTTDPSFLGRY
CASSRGRTNNQPQHF	HTTDPSFLGRY
CASSWTSGSYEQYF	HTTDPSFLGRY
CASIMDLGETQYF	HTTDPSFLGRY
CAISETEVAYTF	HTTDPSFLGRY
CASSPGLNEQFF	HTTDPSFLGRY
CASSVGSPTDTQYF	HTTDPSFLGRY
CASSHRSGTDTQYF	HTTDPSFLGRY
CASSYTQLAPTQYF	HTTDPSFLGRY
CASIGWGESSYNEQFF	HTTDPSFLGRY
CASSSRGPTDTQYF	HTTDPSFLGRY
CASSPTAPQETQYF	HTTDPSFLGRY
CASSSPTYEQYF	HTTDPSFLGRY
CASSLMPRGSIGELFF	HTTDPSFLGRY
CASSQEAGEDTQYF	HTTDPSFLGRY
CASSPDGVSYEQYF	HTTDPSFLGRY
CASSFTQGAAQYF	HTTDPSFLGRY
CASSAGWGYGYTF	HTTDPSFLGRY
CASSLGWGGETQYF	HTTDPSFLGRY
CSVEASSSYEQYF	HTTDPSFLGRY
CASSLDSPNQPQHF	HTTDPSFLGRY
CASSSRDSRTDTQYF	HTTDPSFLGRY
CASSLSGGGLTDTQYF	HTTDPSFLGRY
CASSYPSTDSYDRSTDTQYF	HTTDPSFLGRY
CASSFTGAINSLREQYF	HTTDPSFLGRY
CATSDLQGVTDTQYF	HTTDPSFLGRY
CASSLADSYEQYF	HTTDPSFLGRY
CATSDEKTVSRYGYTF	HTTDPSFLGRY
CASSIMTDYQPQHF	HTTDPSFLGRY
CASSLSHAVDGYTF	HTTDPSFLGRY
CAWSESSGNSGEQFF	HTTDPSFLGRY
CASSPDPPPRYEQYF	HTTDPSFLGRY
CASSTSRDRGRFTDTQYF	HTTDPSFLGRY
CASSFPPFGTSYNEQFF	HTTDPSFLGRY
CASSDRGPNTEAFF	HTTDPSFLGRY
CASSPGDEGVNTGELFF	HTTDPSFLGRY
CASSAGTAYGYTF	HTTDPSFLGRY
CASSLEGLAEAFF	HTTDPSFLGRY
CASSLDYSDRASSPLHF	HTTDPSFLGRY
CASSLSAPQETQYF	HTTDPSFLGRY
CASSHRSGSDEQYF	HTTDPSFLGRY
CASSLLGTGELFF	HTTDPSFLGRY
CSVPPGEGGTEAFF	HTTDPSFLGRY
CASSLGDSPTETQYF	HTTDPSFLGRY
CSVEDGTGQYF	HTTDPSFLGRY
CASTERGPTDTQYF	HTTDPSFLGRY
CASSFTGDLQGTQYF	HTTDPSFLGRY
CSASFPAGGGTGELFF	HTTDPSFLGRY
CASSSTVSYEQYF	HTTDPSFLGRY
CASSLSSPQETQYF	HTTDPSFLGRY
CASGQGPMNTEAFF	HTTDPSFLGRY
CASSERTSTDTQYF	HTTDPSFLGRY
CASSFPSTGSSYNEQFF	HTTDPSFLGRY
CASSLDGGGYTEAFF	HTTDPSFLGRY
CASSPPQRDPYEQYF	HTTDPSFLGRY
CASSLDSYEQFF	HTTDPSFLGRY
CASMQLAGGGDTQYF	HTTDPSFLGRY
CASGGRENVNTEAFF	HTTDPSFLGRY
CASSLGETYEQYF	HTTDPSFLGRY
CASSLSPSTDTQYF	HTTDPSFLGRY
CASSHALGGSNQPQHF	HTTDPSFLGRY
CASSLSGTVYNEQFF	HTTDPSFLGRY
CASSLRGPTDTQYF	HTTDPSFLGRY
CASSLESGDTQYF	HTTDPSFLGRY
CASSGIDSLDEQFF	HTTDPSFLGRY
CASNRAFSNQPQHF	HTTDPSFLGRY
CASTGGPNYEQYF	HTTDPSFLGRY
CASSFRDGTDTQYF	HTTDPSFLGRY
CASSDRGPNQPQHF	HTTDPSFLGRY
CASSVYEVIPPGSYEQYF	HTTDPSFLGRY
CASSEAGGLVLEQFF	HTTDPSFLGRY
CASSLEWGMPYEQYF	HTTDPSFLGRY
CASSLEGQGDTQYF	HTTDPSFLGRY
CASSPREGFSNEQFF	HTTDPSFLGRY
CSAPRFTGRSTGELFF	HTTDPSFLGRY
CASSFPQGGNTEAFF	HTTDPSFLGRY
CSVEGTATYEQYF	HTTDPSFLGRY
CASSERGGPDTQYF	HTTDPSFLGRY
CAVADRGPADTQYF	HTTDPSFLGRY
CASSNRQGGTEAFF	HTTDPSFLGRY
CASSLDSSYEQYF	HTTDPSFLGRY
CASSVEGAGFTDTQYF	HTTDPSFLGRY
CASSPRHSNEKLFF	HTTDPSFLGRY
CASSLDSSYEQYF	HTTDPSFLGRY
CASSLRAEQFF	HTTDPSFLGRY
CASSLSHSNERQFF	HTTDPSFLGRY
CASSLRDTWDEQYF	HTTDPSFLGRY
CASSETGNEQFF	HTTDPSFLGRY
CASSTRGPTDNEQFF	HTTDPSFLGRY
CASKDPTGTGGSYEQYF	HTTDPSFLGRY
CASSPPTVGTEAFF	HTTDPSFLGRY
CASSITSGWDEQFF	HTTDPSFLGRY
CASSLSAPQETQYF	HTTDPSFLGRY
CASSATGPPHEQYF	HTTDPSFLGRY
CASSLSQGLDTQYF	HTTDPSFLGRY
CASSSRATNEKLFF	HTTDPSFLGRY
CASSWTSDPHEQYF	HTTDPSFLGRY
CASSDRGPTDTQYF	HTTDPSFLGRY
CASGPADKDTDTQYF	HTTDPSFLGRY
CASTSSNGLYYEQYF	HTTDPSFLGRY
CASSSGTDTQYF	HTTDPSFLGRY
CASATFSYEQYF	HTTDPSFLGRY
CASSDRDPRGDTQYF	HTTDPSFLGRY
CASSWTEGSYEQYF	HTTDPSFLGRY
CASSSTDSVEETQYF	HTTDPSFLGRY
CASSLSSGWDEQFF	HTTDPSFLGRY
CASGTTELNTYEQYF	HTTDPSFLGRY
CASSNRLAWEDEQYF	HTTDPSFLGRY
CASSVEEVSSYNSPLHF	HTTDPSFLGRY
CASSRRTSTDTQYF	HTTDPSFLGRY
CASSPGGEDTQYF	HTTDPSFLGRY
CASTNDSPHYNEQFF	HTTDPSFLGRY
CASGQENTGELFF	HTTDPSFLGRY
CETGDGETQYF	HTTDPSFLGRY
CSAPEDRGPPNYGYTF	HTTDPSFLGRY
CASSLSPGDNYGYTF	HTTDPSFLGRY
CASSQEEGWRGFMNTEAFF	HTTDPSFLGRY
CASSFDPPGDYEQYF	HTTDPSFLGRY
CASSGTADPGYEQYF	HTTDPSFLGRY
CASSLHEVGTDSYEQYF	HTTDPSFLGRY
CASSVGHEDEQYF	HTTDPSFLGRY
CASSLDGPTGELFF	HTTDPSFLGRY
CASSLFTGVDTEAFF	HTTDPSFLGRY
CASIQEGTSATDTQYF	HTTDPSFLGRY
CASSSTGRQPQHF	HTTDPSFLGRY
CASSAGTVYGYTF	HTTDPSFLGRY
CASSYSGFNHNEKLFF	HTTDPSFLGRY
CASSHRAANEKLFF	HTTDPSFLGRY
CAAGDDTTDTQYF	HTTDPSFLGRY
CASSWTDSTDTQYF	HTTDPSFLGRY
CASSPDHSTDTQYF	HTTDPSFLGRY
CASSDRGPNNEQFF	HTTDPSFLGRY
CASSLESGNEQFF	HTTDPSFLGRY
CASDPSGGGYEQYF	HTTDPSFLGRY
CASSESGGVVYEQYF	HTTDPSFLGRY
CASTLDWGETQYF	HTTDPSFLGRY
CASSFRGPVDEQFF	HTTDPSFLGRY
CASSATLAGGRNEQFF	HTTDPSFLGRY
CASSWTGINSPLHF	HTTDPSFLGRY
CASSSRGPQDEQYF	HTTDPSFLGRY
CASSCGEDIRLSTDTQYF	HTTDPSFLGRY
CASSAGQGHGYTF	HTTDPSFLGRY
CASRPEDNQPQHF	HTTDPSFLGRY
CASSSRQAFDEQYF	HTTDPSFLGRY
CASSANQGTGIRGYTF	HTTDPSFLGRY
CASNSVGAPTDTQYF	HTTDPSFLGRY
CASSSRSGTDTQYF	HTTDPSFLGRY
CASSFRDGGDEQFF	HTTDPSFLGRY
CASSPGNYNEQFF	HTTDPSFLGRY
CASSQRDWLDTQYF	HTTDPSFLGRY
CASSEVLAGGPGNEQFF	HTTDPSFLGRY
CASSYMGDQETQYF	HTTDPSFLGRY
CASSLIGDQEDTQYF	HTTDPSFLGRY
CASSVTLGADTQYF	HTTDPSFLGRY
CASSTTTSTDTQYF	HTTDPSFLGRY
CSALWDKGDYEQYF	HTTDPSFLGRY
CASGKTGFSLHEQFF	HTTDPSFLGRY
CASSYRATNEKLFF	HTTDPSFLGRY
CASGSGLPGWALHF	HTTDPSFLGRY
CASSFRGPNEKLFF	HTTDPSFLGRY
CATSTDRGGIQYF	HTTDPSFLGRY
CASSVEELSTRENEQFF	HTTDPSFLGRY
CASSGTGGPYEQYF	HTTDPSFLGRY
CASSVGWGETQYF	HTTDPSFLGRY
CSARDLGEANEQFF	HTTDPSFLGRY
CASRLSPLAGSSPHNEQFF	HTTDPSFLGRY
CASSQADAGFLYNEQFF	HTTDPSFLGRY
CASSQTGTGHNQPQHF	HTTDPSFLGRY
CASGDRESNQPQHF	HTTDPSFLGRY
CASSRNGTVPYEQYF	HTTDPSFLGRY
CSAPWEASGKNEQFF	HTTDPSFLGRY
CASSLYPGSDEQYF	HTTDPSFLGRY
CASSREAPTDTQYF	HTTDPSFLGRY
CASSSPWGSSYNEQFF	HTTDPSFLGRY
CASSLKDGTDTQYF	HTTDPSFLGRY
CASSWKWPGQGDEQYF	HTTDPSFLGRY
CASSMDLMVGEQFF	HTTDPSFLGRY
CASINEITDTQYF	HTTDPSFLGRY
CASQIEQTNTGELFF	HTTDPSFLGRY
CASSPDPATQESYEQYF	HTTDPSFLGRY
CASSFSGGAYEQYF	HTTDPSFLGRY
CASSIYELPVGSGEQFF	HTTDPSFLGRY
CASSSGNSGELFF	HTTDPSFLGRY
CASWSDRYSYNEQFF	HTTDPSFLGRY
CASSLEGSFFPYEQYF	HTTDPSFLGRY
CASSWTSGSYEQYF	HTTDPSFLGRY
CASTYRDTDTQYF	HTTDPSFLGRY
CASSIRDGGDTQYF	HTTDPSFLGRY
CASSYRHPTLEVLYF	HTTDPSFLGRY
CASSSRDVLNEQFF	HTTDPSFLGRY
CATSRDDGGDTDTQYF	HTTDPSFLGRY
CASSLRAASTDTQYF	HTTDPSFLGRY
CASSLSSLDTQYF	HTTDPSFLGRY
CAITSEQGYEQYF	HTTDPSFLGRY
CASSSRGSHYNEQFF	HTTDPSFLGRY
CASSLSGPRDEQYF	HTTDPSFLGRY
CASSQSSGVDEQFF	HTTDPSFLGRY
CASSSEEERGKETQYF	HTTDPSFLGRY
CATSDGGSNQPQHF	HTTDPSFLGRY
CASSPFVQETQYF	HTTDPSFLGRY
CASSQGPGTGIHANTGELFF	HTTDPSFLGRY
CASTHEGFHEQYF	HTTDPSFLGRY
CASSQDHGQGPLSSYEQYF	HTTDPSFLGRY
CASTDGGPTDTQYF	HTTDPSFLGRY
CASSVRIPKETDTQYF	HTTDPSFLGRY
PQHF	HTTDPSFLGRY
CASSFPASGKTFTGELFF	HTTDPSFLGRY
CASSYMGDQETQYF	HTTDPSFLGRY
CASSDPSGSFYEQYF	HTTDPSFLGRY
CASSIQTSGGAYEQYF	HTTDPSFLGRY
CASSLEGYGLDEQFF	HTTDPSFLGRY
CASSSGGSNQPQHF	HTTDPSFLGRY
CASSGEGMNTEAFF	HTTDPSFLGRY
CASSLRSGQDTQYF	HTTDPSFLGRY
CASSEGYSNQPQHF	HTTDPSFLGRY
CASGRDPWYEQFF	HTTDPSFLGRY
CASSGGPLPNEQYF	HTTDPSFLGRY
CASSFRDHQETQYF	HTTDPSFLGRY
CASSPGEEYYGYTF	HTTDPSFLGRY
CASSLMGQPNSPLHF	HTTDPSFLGRY
CASSDRGHNEKLFF	HTTDPSFLGRY
CASSPSNPYQPQHF	HTTDPSFLGRY
CASSSEDSGVNTEAFF	HTTDPSFLGRY
CASSPRQTQETQYF	HTTDPSFLGRY
CATSHRGPTDTQYF	HTTDPSFLGRY
CASSFTSGSSDTQYF	HTTDPSFLGRY
CASSLSGPAETQYF	HTTDPSFLGRY
CASSYPTEQFF	HTTDPSFLGRY
CASSLEGPPTDTQYF	HTTDPSFLGRY
CASSDRDPRYNEQFF	HTTDPSFLGRY
CASSPTSGSYNEQFF	HTTDPSFLGRY
CASWGDTGELFF	HTTDPSFLGRY
CASSLLDQNYEQYF	HTTDPSFLGRY
CASSLEPSGFTYEQYF	HTTDPSFLGRY
CASSSGLAGNYEQYF	HTTDPSFLGRY
CASSVPLDRGFYEQYF	HTTDPSFLGRY
CASSPLTSGRTYNEQFF	HTTDPSFLGRY
CASSLTALGDTQYF	HTTDPSFLGRY
CASRPEMDSPLIGYNEQFF	HTTDPSFLGRY
CASSLTGGTDTQYF	HTTDPSFLGRY
CSVEEAGTSYEQYF	HTTDPSFLGRY
CSVDWEGLNTEAFF	HTTDPSFLGRY
CASSGRTAPPRTSGIGDYNEQFF	HTTDPSFLGRY
CASSLAWDLPTYEQYF	HTTDPSFLGRY
CASSDSYSNQPQHF	HTTDPSFLGRY
CASRDGTSGKYNEQFF	HTTDPSFLGRY
CASSPPGLWPYEQYF	HTTDPSFLGRY
CASSIDGLAGDVTGELFF	HTTDPSFLGRY
CASSFTGFSGNTIYF	HTTDPSFLGRY
CASSFRDATDTQYF	HTTDPSFLGRY
CASTKDPPEPQETQYF	HTTDPSFLGRY
CASSPGAPQETQYF	HTTDPSFLGRY
CASSDRAGTDTQYF	HTTDPSFLGRY
CASSPGAPQETQYF	HTTDPSFLGRY
CASSLGTGTVQPQHF	HTTDPSFLGRY
CASSSTPPAEEYNEQFF	HTTDPSFLGRY
CASAERAPNEKLFF	HTTDPSFLGRY
CASSYSTGQGLSSYNEQFF	HTTDPSFLGRY
CSARDDVGQGGYGYTF	HTTDPSFLGRY
CASSPDSPYEQYF	HTTDPSFLGRY
CASSPGDRLPPEAFF	HTTDPSFLGRY
CASSSSAGTDTQYF	HTTDPSFLGRY
CASSLEGWGNQPQHF	HTTDPSFLGRY
CASSLNPGTIAADTQYF	HTTDPSFLGRY
CASSPGAGGRDEQFF	HTTDPSFLGRY
CASSEGAPQETQYF	HTTDPSFLGRY
CASSKDPGLDWGGYYNEQFF	HTTDPSFLGRY
CASSQDAVYGANVLTF	HTTDPSFLGRY
CASSLEGAYEQYF	HTTDPSFLGRY
CASTVTEGSYEQYF	HTTDPSFLGRY
CASSFPTSGDSYNEQFF	HTTDPSFLGRY
CASSDRGPNQPQHF	HTTDPSFLGRY
CASSSSNGGPRDNEQFF	HTTDPSFLGRY
CASSSDRGGSTDTQYF	HTTDPSFLGRY
CASNIGSSNQPQHF	HTTDPSFLGRY
CASSAGEGDGYTF	HTTDPSFLGRY
CATSRDSGGVFDTQYF	HTTDPSFLGRY
CASSLVPESSYNEQFF	HTTDPSFLGRY
CASSPRSGADEQFF	HTTDPSFLGRY
CASSLADSYEQYF	HTTDPSFLGRY
CASSIRAPNTEAFF	HTTDPSFLGRY
CASSPSLWTSEDSSTDTQYF	HTTDPSFLGRY
CASSLGQSYEQYF	HTTDPSFLGRY
CASSLEGLAAVYGELFF	HTTDPSFLGRY
CASDSGGVENEQFF	HTTDPSFLGRY
CASSLEGGGGQPQHF	HTTDPSFLGRY
CASRGDRSSYEQYF	HTTDPSFLGRY
CSVEGADPYEQYF	HTTDPSFLGRY
CASTPTHPGYGELFF	HTTDPSFLGRY
CASSLESGQGAYEQYF	HTTDPSFLGRY
CASSLMGNQPQHF	HTTDPSFLGRY
CASTDDTYEQYF	HTTDPSFLGRY
CASSLSAPLDEQFF	HTTDPSFLGRY
CASSLDSSNQPQHF	HTTDPSFLGRY
CASSLGSPQETQYF	HTTDPSFLGRY
CASGGTSGHNEQFF	HTTDPSFLGRY
CASSLIGSGQPQHF	HTTDPSFLGRY
CASSIPRDRDEYEQYF	HTTDPSFLGRY
CSARDRESSPLHF	HTTDPSFLGRY
CASSVDQSNEQFF	HTTDPSFLGRY
CAWTSESSYNEQFF	HTTDPSFLGRY
CASSQGPREEGLRYEQYF	HTTDPSFLGRY
CASSLDGGGADTQYF	HTTDPSFLGRY
CASQGWETQYF	HTTDPSFLGRY
CASTEAGPTDTQYF	HTTDPSFLGRY
CASSLGGPADTQYF	HTTDPSFLGRY
CASSLGGPADTQYF	HTTDPSFLGRY
CASSSRGPLGGETQYF	HTTDPSFLGRY
CASSSRSPQETQYF	HTTDPSFLGRY
CASMTETTQYF	HTTDPSFLGRY
CASSLSWGGNQPQHF	HTTDPSFLGRY
CASSQDWITTSESEQFF	HTTDPSFLGRY
CASSAGTDYGYTF	HTTDPSFLGRY
CASSPMTGATEAFF	HTTDPSFLGRY
CASSPRWAGDTQYF	HTTDPSFLGRY
CASSLSAPQETQYF	HTTDPSFLGRY
CASSLESGETQYF	HTTDPSFLGRY
CASSFRGITDTQYF	HTTDPSFLGRY
CASTPGGYEQYF	HTTDPSFLGRY
CASSLGAGGTTDTQYF	HTTDPSFLGRY
CASSSTHPTYNEQFF	HTTDPSFLGRY
CASSDPGQDDYEQYF	HTTDPSFLGRY
CASSLGTGINEQYF	HTTDPSFLGRY
CASSLSQVNEQFF	HTTDPSFLGRY
CASSIGPGDPNEQFF	HTTDPSFLGRY
CSGATGLTFSYEQYF	HTTDPSFLGRY
CASSPRDATGELFF	HTTDPSFLGRY
CASSLSFGSAEKLFF	HTTDPSFLGRY
CASSLDGLYTEAFF	HTTDPSFLGRY
CASSFWGPAGELFF	HTTDPSFLGRY
CASSYEGMLGYTF	HTTDPSFLGRY
CASSPSDSQETQYF	HTTDPSFLGRY
CAYPEFRLKGGGELFF	HTTDPSFLGRY
CSGLAENYEQFF	HTTDPSFLGRY
CASSERAGGVDEQYF	HTTDPSFLGRY
CASSFRQGVTDTQYF	HTTDPSFLGRY
CASSSSGSRWSTEAFF	HTTDPSFLGRY
CASSSRDTLGEQYF	HTTDPSFLGRY
CASSGDGEAFF	HTTDPSFLGRY
CATSRDTDGDEQYF	HTTDPSFLGRY
CASSPDQNTGELFF	HTTDPSFLGRY
CASSQRTAITGELFF	HTTDPSFLGRY
CASTERDGSYEQYF	HTTDPSFLGRY
CASSLYSEQFF	HTTDPSFLGRY
CASSWGSPQETQYF	HTTDPSFLGRY
CASSSRDSNNEQFF	HTTDPSFLGRY
CASSADQGTEAFF	HTTDPSFLGRY
CASSRTSGRSNEQFF	HTTDPSFLGRY
CASSAGQGEGYTF	HTTDPSFLGRY
CASSSRGPVDEQYF	HTTDPSFLGRY
CASHGTSGRDEQFF	HTTDPSFLGRY
CASSPGTSGVTDTQYF	HTTDPSFLGRY
CASSRTSGSWDEQFF	HTTDPSFLGRY
CASSLVGYYEQYF	HTTDPSFLGRY
CASSAASGGADEQFF	HTTDPSFLGRY
CASSWRDYLDIQYF	HTTDPSFLGRY
ELFF	HTTDPSFLGRY
CASSPRDTLETQYF	HTTDPSFLGRY
CASSPRGYDEQFF	HTTDPSFLGRY
CASSVASGGTDTQYF	HTTDPSFLGRY
CASSRDTAYEQYF	HTTDPSFLGRY
CASSAGDYGYTF	HTTDPSFLGRY
CASSLVHPSTDTQYF	HTTDPSFLGRY
CASSQGRGGRNEQFF	HTTDPSFLGRY
CSAPPGEAGVLETQYF	HTTDPSFLGRY
CASWTDDINTQYF	HTTDPSFLGRY
CATLDRAHHYGYTF	HTTDPSFLGRY
CASSLSSGTPVEAFF	HTTDPSFLGRY
CASSQDCEYSGTEAFF	HTTDPSFLGRY
CASSTGYSNQPQHF	HTTDPSFLGRY
CASSPRGPNEKLFF	HTTDPSFLGRY
CASTSGDTNKFF	HTTDPSFLGRY
CASSSSDPRDTYGYTF	HTTDPSFLGRY
CASNPGHSNQPQHF	HTTDPSFLGRY
CASSLRSGSDEQFF	HTTDPSFLGRY
CASSADMGYGYTF	HTTDPSFLGRY
CSASREGNYNEQFF	HTTDPSFLGRY
CASSPRTGVAEPQHF	HTTDPSFLGRY
CASSVGPADLTDTQYF	HTTDPSFLGRY
CASSSRAANEKLFF	HTTDPSFLGRY
CASTGDSPYEQYF	HTTDPSFLGRY
CASSSTSANEKLFF	HTTDPSFLGRY
CASSFEGGPHQPQHF	HTTDPSFLGRY
CASSLRAASTDTQYF	HTTDPSFLGRY
CASSDRGPNQPQHF	HTTDPSFLGRY
CASSSDGRAFF	HTTDPSFLGRY
CASKREFVDTQYF	HTTDPSFLGRY
CASRLTGFSNQPQHF	HTTDPSFLGRY
CASSDGTGNTYEQYF	HTTDPSFLGRY
CASSTTGATDTQYF	HTTDPSFLGRY
CASSAGDNYGYTF	HTTDPSFLGRY
CASSQPTGLAAYEQYF	HTTDPSFLGRY
CASNERRAGDNEQFF	HTTDPSFLGRY
CASSHRDGNEKLFF	HTTDPSFLGRY
CASSPGSPLETQYF	HTTDPSFLGRY
CASSSRSAQETQYF	HTTDPSFLGRY
CASGEGTTEAFF	HTTDPSFLGRY
CATSDRGPVNEQFF	HTTDPSFLGRY
CASSRTSGRAEEQFF	HTTDPSFLGRY
CASSLSSPQETQYF	HTTDPSFLGRY
CASSYSEDTGELFF	HTTDPSFLGRY
CASSQRQGKAGELFF	HTTDPSFLGRY
CASGREGPYNEQFF	HTTDPSFLGRY
CASSTPGTSGRPIYEQYF	HTTDPSFLGRY
CASSYSGGNEQFF	HTTDPSFLGRY
CASSSVSYEQYF	HTTDPSFLGRY
CASKPGWSNQPQHF	HTTDPSFLGRY
CASSMGETGTQYF	HTTDPSFLGRY
CASSDSYSNQPQHF	HTTDPSFLGRY
CASSEGQPTGELFF	HTTDPSFLGRY
CASRLGGGLPDTQYF	HTTDPSFLGRY
CATSVHLTDSNQPQHF	HTTDPSFLGRY
CASSRGIDELSYEQYF	HTTDPSFLGRY
CASSQEGRKYEQYF	HTTDPSFLGRY
CASSLEGWQPQHF	HTTDPSFLGRY
CASSPTHSNQPQHF	HTTDPSFLGRY
CASSDPRTGSGELFF	HTTDPSFLGRY
CASILILGQNTEAFF	HTTDPSFLGRY
CATADRFSTDTQYF	HTTDPSFLGRY
CASSPSHPTYNEQFF	HTTDPSFLGRY
CASSPRGDPPETQYF	HTTDPSFLGRY
CSAGVAALGADTQYF	HTTDPSFLGRY
CASWAESEAYEQYF	HTTDPSFLGRY
CASSIDQADTEAFF	HTTDPSFLGRY
CSARGLFQRDSDTQYF	HTTDPSFLGRY
CASSQESPSGEIYEQYF	HTTDPSFLGRY
CASGEGGPLDTQYF	HTTDPSFLGRY
CASSAGYGGYTF	HTTDPSFLGRY
CASSDSGYEQYF	HTTDPSFLGRY
CSCASTYEQYF	HTTDPSFLGRY
CSVERQETYEQYF	HTTDPSFLGRY
CASSGTGANTGELFF	HTTDPSFLGRY
CASAERGQGPSETQYF	HTTDPSFLGRY
CASSSGTNAYEQYF	HTTDPSFLGRY
CASRGMERVGSPLHF	HTTDPSFLGRY
CASSFGHPSTDTQYF	HTTDPSFLGRY
CASSFRDFTDTQYF	HTTDPSFLGRY
CSVGTGTINEQFF	HTTDPSFLGRY
CASSDPGTGGPNTEAFF	HTTDPSFLGRY
CASSHILEVQETQYF	HTTDPSFLGRY
CASSAGDINGYTF	HTTDPSFLGRY
CACGGSGPLHF	HTTDPSFLGRY
CASSPGVSLNTEAFF	HTTDPSFLGRY
CASSWTSGDYEQYF	HTTDPSFLGRY
CASSFDSYEQYF	HTTDPSFLGRY
CASAGDTEAFF	HTTDPSFLGRY
CASSQDTQTTMDGYTF	HTTDPSFLGRY
CASSLTGSSYNSPLHF	HTTDPSFLGRY
CASSEEKEIDTQYF	HTTDPSFLGRY
CASDAGTYEQYF	HTTDPSFLGRY
CASRGDSFNEQFF	HTTDPSFLGRY
CASSYTGGSSTEAFF	HTTDPSFLGRY
CASSTTSGWDEQYF	HTTDPSFLGRY
CASSLGSQAGGSKGDRSNQPQHF	HTTDPSFLGRY
CASSLRTSDNEQFF	HTTDPSFLGRY
CASSSLGEGAEETQYF	HTTDPSFLGRY
CASSFPSGETQYF	HTTDPSFLGRY
CASSAGEGTSDGYTF	HTTDPSFLGRY
CASSGGYSNQPQHF	HTTDPSFLGRY
CASSMEGVWNEQFF	HTTDPSFLGRY
CASKGDGNQPQHF	HTTDPSFLGRY
CASSDRGSFGEKLFF	HTTDPSFLGRY
CASSYGDSSYEQYF	HTTDPSFLGRY
CASSMGTDTQYF	HTTDPSFLGRY
CASSLLGGWTQYF	HTTDPSFLGRY
CASSFRDPTNEKLFF	HTTDPSFLGRY
CASSYRGPRDTQYF	HTTDPSFLGRY
CASSMADRAYEQYF	HTTDPSFLGRY
CASSPGGVQETQYF	HTTDPSFLGRY
CASRTGWESGELFF	HTTDPSFLGRY
CATSEGASGDLDTQYF	HTTDPSFLGRY
CASSNPTIGGGDWDLITEAFF	HTTDPSFLGRY
CASSSRDSQETQYF	HTTDPSFLGRY
CASSQEGSGDSYTDTQYF	HTTDPSFLGRY
CASSRGRADPHEQYF	HTTDPSFLGRY
CATSDETEKYGYTF	HTTDPSFLGRY
CASSLGQPNQPQHF	HTTDPSFLGRY
CASSPTSGRTDEQFF	HTTDPSFLGRY
CASSEYGGTSGGAGEQYF	HTTDPSFLGRY
CAGYSESTDTQYF	HTTDPSFLGRY
CASSAGTGYGYTF	HTTDPSFLGRY
CASSLDSSYEQYF	HTTDPSFLGRY
CASSLRWPGDEQYF	HTTDPSFLGRY
CASSNRDHLDEQFF	HTTDPSFLGRY
CASSDRAGSTDTQYF	HTTDPSFLGRY
CASSLDSPGNTIYF	HTTDPSFLGRY
CASSPLEGNQPQHF	HTTDPSFLGRY
CASSPGAPYEQYF	HTTDPSFLGRY
CASTSGWTAYGYTF	HTTDPSFLGRY
CASSLFGSGETQYF	HTTDPSFLGRY
CASSILTGSEQFF	HTTDPSFLGRY
CASSYETTANEQFF	HTTDPSFLGRY
CASHNRGYSGYTF	HTTDPSFLGRY
CASSFLGNEQFF	HTTDPSFLGRY
CASSSPDNSYEQYF	HTTDPSFLGRY
CASSFRDSFTDTQYF	HTTDPSFLGRY
CASSLKRGGLNEQYF	HTTDPSFLGRY
CASSPRDFFETQYF	HTTDPSFLGRY
CASSTPSGAADTQYF	HTTDPSFLGRY
CASSPETGGTTDTQYF	HTTDPSFLGRY
CASSQTAPQETQYF	HTTDPSFLGRY
CASSLLGSTEAFF	HTTDPSFLGRY
CASSLDHSNQPQHF	HTTDPSFLGRY
CATSVSWGSYEQYF	HTTDPSFLGRY
CASSSSGSSYNEQFF	HTTDPSFLGRY
CSVEDRNSYEQYF	HTTDPSFLGRY
CASSPDSSNQPQHF	HTTDPSFLGRY
CASSTELNTEAFF	HTTDPSFLGRY
CSVGRAGELFF	HTTDPSFLGRY
CASSFDSSYEQYF	HTTDPSFLGRY
CASSSRGPNEKLFF	HTTDPSFLGRY
CASSSGYLTEAFF	HTTDPSFLGRY
CASSWTQGLANTEAFF	HTTDPSFLGRY
CASSLSSGVVDEQYF	HTTDPSFLGRY
CASSGVDLSSYNEQFF	HTTDPSFLGRY
CASSPRGPNEKLFF	HTTDPSFLGRY
CASSAGIRYGYTF	HTTDPSFLGRY
CASSFIHPSTDTQYF	HTTDPSFLGRY
CASSQDQSGRSDTQYF	HTTDPSFLGRY
CASSSMGPGSGGDTQYF	HTTDPSFLGRY
CASSLGQGFEAFF	HTTDPSFLGRY
CASTLTEGRTEAFF	HTTDPSFLGRY
CASTSGWMNTEAFF	HTTDPSFLGRY
CASSAGTVYGYTF	HTTDPSFLGRY
CASIGWVSENSYNEQFF	HTTDPSFLGRY
CASSLQGAPYNEQFF	HTTDPSFLGRY
CASSLVVDEQYF	HTTDPSFLGRY
CASSYDLAPYNEQFF	HTTDPSFLGRY
CSVEEVSSYEQYF	HTTDPSFLGRY
CASSLVARGYEQYF	HTTDPSFLGRY
CASSDRDSTDTQYF	HTTDPSFLGRY
CATSRDTGGAKTDTQYF	HTTDPSFLGRY
CASSLGHPSTDTQYF	HTTDPSFLGRY
CASSFGEGGNTEAFF	HTTDPSFLGRY
CASSSRSGGDTQYF	HTTDPSFLGRY
CASSQREGRDTQYF	HTTDPSFLGRY
CASRREEDTEAFF	HTTDPSFLGRY
CASSLSAGVIETQYF	HTTDPSFLGRY
CASSLGSPQETQYF	HTTDPSFLGRY
CASSYRASTDTQYF	HTTDPSFLGRY
CASSQDTDTQYF	HTTDPSFLGRY
CASSDDGYTDTQYF	HTTDPSFLGRY
CASSLSGPLDEQYF	HTTDPSFLGRY
CASTPRGGLWDTEAFF	HTTDPSFLGRY
CASSDRATNEKLFF	HTTDPSFLGRY
CASRTDQGWSPLHF	HTTDPSFLGRY
CASSFTPGDYEQYF	HTTDPSFLGRY
CASSFGVRGSDTQYF	HTTDPSFLGRY
CSVEYSATSGIYEQYF	HTTDPSFLGRY
CASSMGGEPYNEQFF	HTTDPSFLGRY
CASSFSDPFYNEQFF	HTTDPSFLGRY
CASGLADSYEQYF	HTTDPSFLGRY
CASSDRDPRDTQYF	HTTDPSFLGRY
CASSKTQGVDTQYF	HTTDPSFLGRY
CASSAGDHGYTF	HTTDPSFLGRY
CATSRDDGGITDTQYF	HTTDPSFLGRY
CASSSRDYLTDEQFF	HTTDPSFLGRY
CASSEETGSGTPLHF	HTTDPSFLGRY
CASSHGTGENSPLHF	HTTDPSFLGRY
CASSPADRAAYEQYF	HTTDPSFLGRY
CASSNRDSMEKLFF	HTTDPSFLGRY
CASSSGTVEQYF	HTTDPSFLGRY
CASSPRDSQETQYF	HTTDPSFLGRY
CASSFDPGSAAYEQYF	HTTDPSFLGRY
CASASSHSYNEQFF	HTTDPSFLGRY
CASSQDHGGLGDNEQFF	HTTDPSFLGRY
CSVEAGGWTEAFF	HTTDPSFLGRY
CASSGTSPSTDTQYF	HTTDPSFLGRY
CASSQRHSQETQYF	HTTDPSFLGRY
CASSDSSSTDTQYF	HTTDPSFLGRY
CASSELLAGELSTDTQYF	HTTDPSFLGRY
CSVEGQGSYEQYF	HTTDPSFLGRY
CASSLPGSTGELFF	HTTDPSFLGRY
CASSLADPSEQYF	HTTDPSFLGRY
CASSGFLRNEKLFF	HTTDPSFLGRY
CASSLATGAVVPQHF	HTTDPSFLGRY
CASSFPLGGWGYTF	HTTDPSFLGRY
CASSDRGVNTEAFF	HTTDPSFLGRY
CASSWRDHTDTQYF	HTTDPSFLGRY
CSVGETRSGANVLTF	HTTDPSFLGRY
CASRDGGLRGYTF	HTTDPSFLGRY
CASSSDHSSYNEQFF	HTTDPSFLGRY
CASSLGHPLDSPLHF	HTTDPSFLGRY
CASSLSAPHGETQYF	HTTDPSFLGRY
CASSPDGNTEAFF	HTTDPSFLGRY
CASSFPRTGETSETQYF	HTTDPSFLGRY
CASSLTESTDTQYF	HTTDPSFLGRY
CASSPRSADDEQYF	HTTDPSFLGRY
CASSFLPSAGELFF	HTTDPSFLGRY
CASSGLAGLTYEQYF	HTTDPSFLGRY
CASSHTETSQETQYF	HTTDPSFLGRY
CASSLTTSTDTQYF	HTTDPSFLGRY
CASSPGSGGPKNEQFF	HTTDPSFLGRY
CASSRDSPWETQYF	HTTDPSFLGRY
CASSERDPRQETQYF	HTTDPSFLGRY
CASSDRGPTDTQYF	HTTDPSFLGRY
CASSLENNGELFF	HTTDPSFLGRY
CASSEGYSNQPQHF	HTTDPSFLGRY
CASSLYGPETGELFF	HTTDPSFLGRY
CASSTDPGTFSTDTQYF	HTTDPSFLGRY
CASSAGNHYGYTF	HTTDPSFLGRY
CASSEGQGALGYTF	HTTDPSFLGRY
CASSPSTGLSGEQYF	HTTDPSFLGRY
CASSSGSPQETQYF	HTTDPSFLGRY
CASSPDPAIYEQYF	HTTDPSFLGRY
CASSLSAGLDEQYF	HTTDPSFLGRY
CASSDTGPAGPNEQFF	HTTDPSFLGRY
CASSYIGLAGETGELFF	HTTDPSFLGRY
CSAREDSGTEIYGYTF	HTTDPSFLGRY
CATGERGGTDTQYF	HTTDPSFLGRY
CASSPRGPTDNEQFF	HTTDPSFLGRY
CASSLDGSNYGYTF	HTTDPSFLGRY
CASNSRGDPPETQYF	HTTDPSFLGRY
CASSVRTSEDTQYF	HTTDPSFLGRY
CASTAGDYEQYF	HTTDPSFLGRY
CATSDEENGYTF	HTTDPSFLGRY
CASSIEAGGITDTQYF	HTTDPSFLGRY
CASSAGTDYGYTF	HTTDPSFLGRY
CASSLTPTGTTGELFF	HTTDPSFLGRY
CASSSRGPTDTQYF	HTTDPSFLGRY
CASSVGDFGTEAFF	HTTDPSFLGRY
CASSSRSPQETQYF	HTTDPSFLGRY
CASSPRDHLDTQYF	HTTDPSFLGRY
CASSSTGPRYDTQYF	HTTDPSFLGRY
CASSLTVAYTDTQYF	HTTDPSFLGRY
CASSLRDSTGGYTF	HTTDPSFLGRY
CASSPGGGETQYF	HTTDPSFLGRY
CSGRDRVNQPQHF	HTTDPSFLGRY
CASSQDSSDSQKPQHF	HTTDPSFLGRY
CASSLAARGDEETQYF	HTTDPSFLGRY
CASSFDGQARYEQYF	HTTDPSFLGRY
CASTDRGGPDTQYF	HTTDPSFLGRY
CASSQATGTYQPQHF	HTTDPSFLGRY
CASSAGGYGYTF	HTTDPSFLGRY
CASSGGGGYGYTF	HTTDPSFLGRY
CSAPLFGGTNTGELFF	HTTDPSFLGRY
CASSIPDSTGELFF	HTTDPSFLGRY
CASSLVGSSYNEQFF	HTTDPSFLGRY
CASTVLGVGTEAFF	HTTDPSFLGRY
CASTPSAPQETQYF	HTTDPSFLGRY
CASAERDARQETQYF	HTTDPSFLGRY
CASSEGQVNQPQHF	HTTDPSFLGRY
CASSRDGDQPQHF	HTTDPSFLGRY
CASSGTAPVDEQYF	HTTDPSFLGRY
CASSSRSHLNEQFF	HTTDPSFLGRY
CASSPEDTINYGYTF	HTTDPSFLGRY
CASSLSDINQPQHF	HTTDPSFLGRY
CASRADLGEQYF	HTTDPSFLGRY
CASSLSSLKDTEAFF	HTTDPSFLGRY
CASSGSDSFYPKSSYNEQFF	HTTDPSFLGRY
CASSQTHSNQPQHF	HTTDPSFLGRY
CASRSDSGGLVDNEQFF	HTTDPSFLGRY
CASSSRGPVDEQYF	HTTDPSFLGRY
CASSYYGPNYEQYF	HTTDPSFLGRY
CASSLSAPQETQYF	HTTDPSFLGRY
CASSSQGFGEKLFF	HTTDPSFLGRY
CASSPGTGVVQPQHF	HTTDPSFLGRY
CSVEERQTYEQYF	HTTDPSFLGRY
CASSEKDYTDTQYF	HTTDPSFLGRY
CASSQDMGYGYTF	HTTDPSFLGRY
CASSQDPGLGTEAFF	HTTDPSFLGRY
CASSSGPRNEQFF	HTTDPSFLGRY
CASGEANTGELFF	HTTDPSFLGRY
CASSLTPPWEEWGEQYF	HTTDPSFLGRY
CASSRPDREGDTQYF	HTTDPSFLGRY
CASTPGGYEQYF	HTTDPSFLGRY
CASSEGTPASTDTQYF	HTTDPSFLGRY
CASSHAGQTTYEQYF	HTTDPSFLGRY
CASSLLYGGGQETQYF	HTTDPSFLGRY
CASRGDTVNEQFF	HTTDPSFLGRY
CASTSLGTEAFF	HTTDPSFLGRY
CASSLSAPQETQYF	HTTDPSFLGRY
CASSFESPWDEQYF	HTTDPSFLGRY
CASNDRSPQGEQYF	HTTDPSFLGRY
CASSLGAPQETQYF	HTTDPSFLGRY
CASSPRDSYEQYF	HTTDPSFLGRY
CASSSGHSNQPQHF	HTTDPSFLGRY
CSARTSADYNEQFF	HTTDPSFLGRY
CATWADWRGETQYF	HTTDPSFLGRY
CASSYTQGSNEQYF	HTTDPSFLGRY
CASSALGAVTQYF	HTTDPSFLGRY
CASSPSTSGGPGDTQYF	HTTDPSFLGRY
CASSSRGPNEKLFF	HTTDPSFLGRY
CASSQDTEPVYGYTF	HTTDPSFLGRY
CASIGRFNEQFF	HTTDPSFLGRY
CASSYGTGIPIEQYF	HTTDPSFLGRY
CASSPDGVFGGYTF	HTTDPSFLGRY
CASSDSSGANVLTF	HTTDPSFLGRY
CATGGLAGGPDYEQFF	HTTDPSFLGRY
CASSPGVSNQPQHF	HTTDPSFLGRY
CSAPDREDPNYGYTF	HTTDPSFLGRY
CASSWTSGSHEQFF	HTTDPSFLGRY
CASWGTGTDAYEQYF	HTTDPSFLGRY
CATSDPGTGVGEQFF	HTTDPSFLGRY
CASRSDGNTGELFF	HTTDPSFLGRY
CASSFSGSYEQYF	HTTDPSFLGRY
CASSLTGFLETQYF	HTTDPSFLGRY
CASSFPSRAESSYNEQFF	HTTDPSFLGRY
CASSSRGPTDTQYF	HTTDPSFLGRY
CASSRHREWEGETQYF	HTTDPSFLGRY
CASSQRRDYQPQHF	HTTDPSFLGRY
CASSFDQGLTDTQYF	HTTDPSFLGRY
CASSPASGRPDTQYF	HTTDPSFLGRY
CASSIQSLQETQYF	HTTDPSFLGRY
CASSLVLDEQFF	HTTDPSFLGRY
CASSSTPDPMNTEAFF	HTTDPSFLGRY
CASSDRGGTDTQYF	HTTDPSFLGRY
CASSLTGPTDTQYF	HTTDPSFLGRY
CASSADPSPHNEQFF	HTTDPSFLGRY
CASGDRDPYEQYF	HTTDPSFLGRY
CASSYPMTGSSYNEQFF	HTTDPSFLGRY
CASSQDWHRQYF	HTTDPSFLGRY
CASENDYYEQYF	HTTDPSFLGRY
CASQTQLTPVPHEQFF	HTTDPSFLGRY
CAISESDAGVYVDTQYF	HTTDPSFLGRY
LWRGHVNTEAFF	HTTDPSFLGRY
CASSDRGPTDTQYF	HTTDPSFLGRY
CASSPRTANEKLFF	HTTDPSFLGRY
CASSPQRALGEQYF	HTTDPSFLGRY
CASSYWDFQETQYF	HTTDPSFLGRY
CSANGETQYF	HTTDPSFLGRY
CASSPGEKLFF	HTTDPSFLGRY
CSVEMAGRTYEQYF	HTTDPSFLGRY
CASWGDDSNQPQHF	HTTDPSFLGRY
CASSLVGAGQPQHF	HTTDPSFLGRY
CSVLAGDYEQYF	HTTDPSFLGRY
CASSDRGSNQPQHF	HTTDPSFLGRY
CASSPGTPISDTQYF	HTTDPSFLGRY
CASHPKGENTEAFF	HTTDPSFLGRY
CASSLFEDFGADTQYF	HTTDPSFLGRY
CSVEVADPYEQYF	HTTDPSFLGRY
CASSVEPAYYEQYF	HTTDPSFLGRY
CASSILGVGAPQETQYF	HTTDPSFLGRY
CASSGPGTSNLGTDTQYF	HTTDPSFLGRY
CASTPGQGVGSDTGELFF	HTTDPSFLGRY
CASSVFELAVSTDTQYF	HTTDPSFLGRY
CASKGRQGQETQYF	HTTDPSFLGRY
CASTDRGPNTEAFF	HTTDPSFLGRY
CASSKGSEYPLYEQYF	HTTDPSFLGRY
CASSQEEVVGQVIPVQYF	HTTDPSFLGRY
CSARDDEVGGGYGYTF	HTTDPSFLGRY
CASSALDRGPLTGELFF	HTTDPSFLGRY
CASSTDSGGTTDTQYF	HTTDPSFLGRY
CASSVPEGYEQYF	HTTDPSFLGRY
CASSLYPGASYNEQFF	HTTDPSFLGRY
CASSSQALGTDTQYF	HTTDPSFLGRY
CASSDRGFINEQFF	HTTDPSFLGRY
CASSQEGQNDEKLFF	HTTDPSFLGRY
CASSKGDRDRVRLGFQETQYF	HTTDPSFLGRY
CASSSPYTSYTGELFF	HTTDPSFLGRY
CASSLSAPQETQYF	HTTDPSFLGRY
CASSIASGSRTGELFF	HTTDPSFLGRY
CASSSDRDRGHQQGYTF	HTTDPSFLGRY
CASTLENTEAFF	HTTDPSFLGRY
CASTVHDRGPEAFF	HTTDPSFLGRY
CAWSVDPKIWYGYTF	HTTDPSFLGRY
CASSYGQASNQPQHF	HTTDPSFLGRY
CASSYGAGLAGVRQFF	HTTDPSFLGRY
CASSPRDGWETQYF	HTTDPSFLGRY
CASSFRDFGDEQYF	HTTDPSFLGRY
CASSLSDAFYNEQFF	HTTDPSFLGRY
CASSARQAGETQYF	HTTDPSFLGRY
CASDRGGTDTQYF	HTTDPSFLGRY
CASSLQGPSTDTQYF	HTTDPSFLGRY
CASSLSESNQPQHF	HTTDPSFLGRY
CASSLMTGSSYEQYF	HTTDPSFLGRY
CASSPYGSGDPPYEQYF	HTTDPSFLGRY
CASSKNPKGETQYF	HTTDPSFLGRY
CASSFTPGQLYGYTF	HTTDPSFLGRY
CASSFRDGGDEQFF	HTTDPSFLGRY
CASSQGYSNQPQHF	HTTDPSFLGRY
CASSDRGPNQPQHF	HTTDPSFLGRY
CASSDRGPTDTQYF	HTTDPSFLGRY
CASSSIVVKGEKNYEQYF	HTTDPSFLGRY
CASSLSAPQETQYF	HTTDPSFLGRY
CASSDPSGSSYNEQFF	HTTDPSFLGRY
CASSLSAPQETQYF	HTTDPSFLGRY
CASSLASGRVLEQFF	HTTDPSFLGRY
CASSIGYSNQPQHF	HTTDPSFLGRY
CASSERQGNQPQHF	HTTDPSFLGRY
CASSLGDSYEQYF	HTTDPSFLGRY
CASSYNGEEDTEAFF	HTTDPSFLGRY
CATTTSGSSASTDTQYF	HTTDPSFLGRY
CASSFLRTSGTYEQYF	HTTDPSFLGRY
CASSLFREGETQYF	HTTDPSFLGRY
CAIGQGAMNTEAFF	HTTDPSFLGRY
CASSSHTEMIYGYTF	HTTDPSFLGRY
CSVVIRVTSADTQYF	HTTDPSFLGRY
CASSPGPREKLFF	HTTDPSFLGRY
CATSRDSGGTADTQYF	HTTDPSFLGRY
CASSMGQLNQPQHF	HTTDPSFLGRY
CASSSRGPTDEQYF	HTTDPSFLGRY
CASSYPRGAGDLSYNEQFF	HTTDPSFLGRY
CASSQDNRGEQFF	HTTDPSFLGRY
CASSDRAGTDTQYF	HTTDPSFLGRY
CASSYPGEGDTEAFF	HTTDPSFLGRY
CASSAGTAYGYTF	HTTDPSFLGRY
CASSHGHPSWEKLFF	HTTDPSFLGRY
CASSLRRAGETQYF	HTTDPSFLGRY
CASSLTSGSFDEQFF	HTTDPSFLGRY
CASSLDRDSNYGYTF	HTTDPSFLGRY
CASSPREDTQYF	HTTDPSFLGRY
CASAEDIYGYTF	HTTDPSFLGRY
CASSDRGSTDTQYF	HTTDPSFLGRY
CASSLRDGRTDTQYF	HTTDPSFLGRY
CASSILTGINSPLHF	HTTDPSFLGRY
CSVEERGPSYEQYF	HTTDPSFLGRY
CASSVEDSTNYGYTF	HTTDPSFLGRY
CASSPGKAYSNQPQHF	HTTDPSFLGRY
CASSLMGEDEQYF	HTTDPSFLGRY
CATSDLQGDYTDTQYF	HTTDPSFLGRY
CASSLQTYEQYF	HTTDPSFLGRY
CASSLEPSLTLHF	HTTDPSFLGRY
CASSYSGGPSTDTQYF	HTTDPSFLGRY
CASSDDAGGDTDTQYF	HTTDPSFLGRY
CASSSSGGAYEQYF	HTTDPSFLGRY
CASSPGTNEQFF	HTTDPSFLGRY
CASSFVGTPGETQYF	HTTDPSFLGRY
CASSETGPNQPQHF	HTTDPSFLGRY
CASSWGETYEQYF	HTTDPSFLGRY
CASNLDGNTGELFF	HTTDPSFLGRY
CASSDRGPTDTQYF	HTTDPSFLGRY
CASSDDSTPQETQYF	HTTDPSFLGRY
CASSLSDPYNEQFF	HTTDPSFLGRY
CASSHEEINEKLFF	HTTDPSFLGRY
CASSLRSPLETQYF	HTTDPSFLGRY
CATHEGGLETQYF	HTTDPSFLGRY
CASSFLYGTANEKLFF	HTTDPSFLGRY
CASSAGGLEGYTF	HTTDPSFLGRY
CASSAGDYNEQFF	HTTDPSFLGRY
CASSERDPRTDTQYF	HTTDPSFLGRY
CASSKGDLRENYGYTF	HTTDPSFLGRY
CASSQVLRGVETQYF	HTTDPSFLGRY
CASSPDSGGTDTQYF	HTTDPSFLGRY
CASSQLGQGAGYTF	HTTDPSFLGRY
CASSPSHDDFYGYTF	HTTDPSFLGRY
CASSLSSIQETQYF	HTTDPSFLGRY
CASSPRGGWETQYF	HTTDPSFLGRY
CASSLDGNTGELFF	HTTDPSFLGRY
CASSLGGVWDEQYF	HTTDPSFLGRY
CASTPYRDTLTYEQYF	HTTDPSFLGRY
CASSLEDRGYNEQFF	HTTDPSFLGRY
CASSSYTGELFF	HTTDPSFLGRY
CASSWGGPGTTNTGELFF	HTTDPSFLGRY
CASSFAVDTQYF	HTTDPSFLGRY
CASADRGPTDTQYF	HTTDPSFLGRY
CASSAGAPYEQYF	HTTDPSFLGRY
CASSERGPNNEQFF	HTTDPSFLGRY
CASSLESQGSYEQYF	HTTDPSFLGRY
CASSLTGAGQPQHF	HTTDPSFLGRY
CASSLSQGIRNTEAFF	HTTDPSFLGRY
CASSPRATNEKLFF	HTTDPSFLGRY
CASSDSADTQYF	HTTDPSFLGRY
CASSSTGTDSYEQYF	HTTDPSFLGRY
CASSHRAPIETQYF	HTTDPSFLGRY
CASWTDSSGHEQYF	HTTDPSFLGRY
CASSLEEPSGATDTQYF	HTTDPSFLGRY
CASSDNTYEQYF	HTTDPSFLGRY
CASSLSSYEQYF	HTTDPSFLGRY
CATESDRGGPVTQYF	HTTDPSFLGRY
CASTSSYNEQFF	HTTDPSFLGRY
CASSLGSPQETQYF	HTTDPSFLGRY
CASSLMGDDEQFF	HTTDPSFLGRY
CSVGRVRDRNSPLHF	HTTDPSFLGRY
CASSPSEGITDTQYF	HTTDPSFLGRY
CASKLAGDYEQYF	HTTDPSFLGRY
CASSQEDPAPNPYEQYF	HTTDPSFLGRY
CSVERSGGYEQFF	HTTDPSFLGRY
CASSFGGDSSYEQYF	HTTDPSFLGRY
CASNEGYSNQPQHF	HTTDPSFLGRY
CASSELAGVSEQYF	HTTDPSFLGRY
CASSLSDSNQPQHF	HTTDPSFLGRY
CASRPITGQGDYGYTF	HTTDPSFLGRY
CASSFRDGAPDTQYF	HTTDPSFLGRY
CASSFPTLGQGYETQYF	HTTDPSFLGRY
CSVERGESYEQYF	HTTDPSFLGRY
CATSRDSGGLEDTQYF	HTTDPSFLGRY
CASKNTGFSNQPQHF	HTTDPSFLGRY
CASSWRDGGDTQYF	HTTDPSFLGRY
CASRPGQGITYEQYF	HTTDPSFLGRY
CASGDRGVADTQYF	HTTDPSFLGRY
CASSPGRGETQYF	HTTDPSFLGRY
CASSPRSSLEGAFF	HTTDPSFLGRY
CATAGEDTGELFF	HTTDPSFLGRY
CASSDGGYGYTF	HTTDPSFLGRY
CASRLDGGRSPLHF	HTTDPSFLGRY
CASSTDREDEQFF	HTTDPSFLGRY
CATSTDGGGMSDTQYF	HTTDPSFLGRY
CATWVGGSNQPQHF	HTTDPSFLGRY
CATSRDSGGVTDTQYF	HTTDPSFLGRY
CASSPDSYEQYF	HTTDPSFLGRY
CASSDPAGLNAETQYF	HTTDPSFLGRY
CASSLSSSQETQYF	HTTDPSFLGRY
CASADRGPNQPQHF	HTTDPSFLGRY
CASSSRSGWDEQFF	HTTDPSFLGRY
CASSLGGVEQYF	HTTDPSFLGRY
CASSPRDSQETQYF	HTTDPSFLGRY
CASSFGHPSTDTQYF	HTTDPSFLGRY
CASSLSDPHYNEQFF	HTTDPSFLGRY
CASSRDSPSYNEQFF	HTTDPSFLGRY
CASSPLALAGEDEQFF	HTTDPSFLGRY
CASSYEDSQGEQYF	HTTDPSFLGRY
CASSLSHISTDTQYF	HTTDPSFLGRY
CASSQDEVYEQFF	HTTDPSFLGRY
CASSLYETGGSSYNEQFF	HTTDPSFLGRY
CASSGGGELFF	HTTDPSFLGRY
CATLVGSTDTQYF	HTTDPSFLGRY
CASSLGHGYEQYF	HTTDPSFLGRY
CASSLDGINEQFF	HTTDPSFLGRY
CASSPTGWRETQYF	HTTDPSFLGRY
CASSDRGPADTQYF	HTTDPSFLGRY
CSVERDSGYEQYF	HTTDPSFLGRY
CATWTDSSYNEQFF	HTTDPSFLGRY
CASSERGPNNEQFF	HTTDPSFLGRY
CASRALGVTEAFF	HTTDPSFLGRY
CASHWEGSLQPQHF	HTTDPSFLGRY
CASTAGHTDTQYF	HTTDPSFLGRY
CASSPRDSYNEQFF	HTTDPSFLGRY
CASSIDLLGGPLTDTQYF	HTTDPSFLGRY
CASSFGQGGNVLTF	HTTDPSFLGRY
CASSSGEGNSPLHF	HTTDPSFLGRY
CASSFVELAGGGDNEQFF	HTTDPSFLGRY
CASSPRSGQDTQYF	HTTDPSFLGRY
CSVETRDSKYEQYF	HTTDPSFLGRY
CASSTRRAEETQYF	HTTDPSFLGRY
CASSLLDNSYEQYF	HTTDPSFLGRY
CASILGRMGEAFF	HTTDPSFLGRY
CASIGVPQEETQYF	HTTDPSFLGRY
CASSFGGKPYEQYF	HTTDPSFLGRY
CASRELAGSSTDTQYF	HTTDPSFLGRY
CASSDRGMGETQYF	HTTDPSFLGRY
CASSWRDSAWDEQYF	HTTDPSFLGRY
CATTPDLNKNIQYF	HTTDPSFLGRY
CASSVDGSGYGEQFF	HTTDPSFLGRY
CASSSTPRQGDEQYF	HTTDPSFLGRY
CASSSLEGVSYEQYF	HTTDPSFLGRY
CASNYGTSNTEAFF	HTTDPSFLGRY
CATSGDTEAFF	HTTDPSFLGRY
CASRQTGPGYSDYGYTF	HTTDPSFLGRY
CASSDRSSYNEQFF	HTTDPSFLGRY
CASSTRGPTDTQYF	HTTDPSFLGRY
CASSPGTGGKDEQFF	HTTDPSFLGRY
CATGDRGNEKLFF	HTTDPSFLGRY
CASSSRQAARDTQYF	HTTDPSFLGRY
CASSQDTGGAPDNEQFF	HTTDPSFLGRY
CASTDSYEQYF	HTTDPSFLGRY
CASSDRAPAADTQYF	HTTDPSFLGRY
CASSPGDTIYF	HTTDPSFLGRY
CASSLSGDRDEAFF	HTTDPSFLGRY
CASSYEGLQGGLHEQYF	HTTDPSFLGRY
CARDAISPDTQYF	HTTDPSFLGRY
CASSPDRETQYF	HTTDPSFLGRY
CASSLRSGFDEQYF	HTTDPSFLGRY
CASSAGAPWEQYF	HTTDPSFLGRY
CASSLTDSYNEQFF	HTTDPSFLGRY
CASSPDPPGLAGGPYEQYF	HTTDPSFLGRY
CASSLSHPTTDPDTQYF	HTTDPSFLGRY
CASSFETGLHTEAFF	HTTDPSFLGRY
CASSSSSGGVLDEQYF	HTTDPSFLGRY
CASADRGGPDTQYF	HTTDPSFLGRY
CASSLRGPSYEQYF	HTTDPSFLGRY
CASSLSDPTYQPQHF	HTTDPSFLGRY
CASSKSSGSQETQYF	HTTDPSFLGRY
CASSETSGSTDTQYF	HTTDPSFLGRY
CASSSRDSIDIQYF	HTTDPSFLGRY
CASSPDGDNEQFF	HTTDPSFLGRY
CASSPSTVQETQYF	HTTDPSFLGRY
CASTPETGVMEETQYF	HTTDPSFLGRY
CASSPRGRASGSNYEQYF	HTTDPSFLGRY
CASNGDAYEQYF	HTTDPSFLGRY
CASSLGWDNQPQHF	HTTDPSFLGRY
CASSATGAPYEQYF	HTTDPSFLGRY
CASSPDSYEQYF	HTTDPSFLGRY
CASSFGQLSNQPQHF	HTTDPSFLGRY
CASSPEGSQETQYF	HTTDPSFLGRY
CASSSTHSTDTQYF	HTTDPSFLGRY
CASSTSGITYEQYF	HTTDPSFLGRY
CASSPRSGLETQYF	HTTDPSFLGRY
CSAREASTGELFF	HTTDPSFLGRY
CATSRDSGGASDTQYF	HTTDPSFLGRY
CASSSGGGREQYF	HTTDPSFLGRY
CASSLETVPRKNTEAFF	HTTDPSFLGRY
CASSAGQLFGYTF	HTTDPSFLGRY
CASTETDPSTDTQYF	HTTDPSFLGRY
CASSSPPTGNSYEQYF	HTTDPSFLGRY
CASSLSDSNNEQFF	HTTDPSFLGRY
CSVGTVDSGANVLTF	HTTDPSFLGRY
CASSLVDSPEETQYF	HTTDPSFLGRY
CASRRQENTEAFF	HTTDPSFLGRY
CASSPTHPYYNEQFF	HTTDPSFLGRY
CASSVGEWDRGSHEQFF	HTTDPSFLGRY
CASSLFQAGGPRYEQYF	HTTDPSFLGRY
CASSLGDSYEQYF	HTTDPSFLGRY
CSVETPDSYEQYF	HTTDPSFLGRY
CASSLDGRGTEAFF	HTTDPSFLGRY
CASRGETSNEQFF	HTTDPSFLGRY
CASSQDPLGGQETQYF	HTTDPSFLGRY
CAAGDRGPADTQYF	HTTDPSFLGRY
CAAQGLHYEQYF	HTTDPSFLGRY
CASSSDYTYEQYF	HTTDPSFLGRY
CASSPTGAEAFF	HTTDPSFLGRY
CASSWGAPQETQYF	HTTDPSFLGRY
CASRTDSNTEAFF	HTTDPSFLGRY
CASSYDQGGSPLHF	HTTDPSFLGRY
CASSPGGLLQETQYF	HTTDPSFLGRY
CASSLRDGNEKLFF	HTTDPSFLGRY
CASSDRNSNQPQHF	HTTDPSFLGRY
CASSPETGDPPDTQYF	HTTDPSFLGRY
CASSFQWGLGSYNEQFF	HTTDPSFLGRY
CASSAGSLGGGGYTF	HTTDPSFLGRY
CSATDGGREINQPQHF	HTTDPSFLGRY
CASSVEGQGYEQYF	HTTDPSFLGRY
CASGGIDTGELFF	HTTDPSFLGRY
CASSFPSGGLSYNEQFF	HTTDPSFLGRY
CASSYTPDQETQYF	HTTDPSFLGRY
CASSQEPSGELFF	HTTDPSFLGRY
CASDRGSYEQYF	HTTDPSFLGRY
CASSLSSPQETQYF	HTTDPSFLGRY
CASSHSGVSYEQYF	HTTDPSFLGRY
CASSQVGDPNTEAFF	HTTDPSFLGRY
CSVEEQGPSYEQYF	HTTDPSFLGRY
CASRSEGQENTGELFF	HTTDPSFLGRY
CASSLHAGFETQYF	HTTDPSFLGRY
CASSYPLAGGQYQETQYF	HTTDPSFLGRY
CASSFPLSGEGETQYF	HTTDPSFLGRY
CASSSPWTVANEQFF	HTTDPSFLGRY
CASSTRQGGEAFF	HTTDPSFLGRY
CASSQPGTSYEQYF	HTTDPSFLGRY
CASSLFWDSTDTQYF	HTTDPSFLGRY
CASSLARDDAYEQYF	HTTDPSFLGRY
CASSSDASTDTQYF	HTTDPSFLGRY
CASSYRDPVNIQYF	HTTDPSFLGRY
CSVESHRDYGYTF	HTTDPSFLGRY
CASEEGGAGELFF	HTTDPSFLGRY
CASSPSSGVEEQFF	HTTDPSFLGRY
CASSFPGTSQTYNEQFF	HTTDPSFLGRY
CSVELAGGYEQYF	HTTDPSFLGRY
CASTGFNEQFF	HTTDPSFLGRY
CASSMTGWRETQYF	HTTDPSFLGRY
CASSTGLPDEQYF	HTTDPSFLGRY
CASSGGWGYGYTF	HTTDPSFLGRY
CASSERSGFNEQYF	HTTDPSFLGRY
CASSAGTDYGYTF	HTTDPSFLGRY
CASSSHYEQYF	HTTDPSFLGRY
CASADRGSNQPQHF	HTTDPSFLGRY
CASSWPTNTGELFF	HTTDPSFLGRY
CASSRTAGNQETQYF	HTTDPSFLGRY
CASSSGRQDSYEQYF	HTTDPSFLGRY
CASTERGPNEKLFF	HTTDPSFLGRY
CASSLSASQETQYF	HTTDPSFLGRY
CASSFPQRGEAYHEQFF	HTTDPSFLGRY
CASREDLGSYNEQFF	HTTDPSFLGRY
CATKTSGGEETQYF	HTTDPSFLGRY
CASSPREGVTDTQYF	HTTDPSFLGRY
CASSDRDTQETQYF	HTTDPSFLGRY
CASSLEGWSNQPQHF	HTTDPSFLGRY
CASSTDRFTEAFF	HTTDPSFLGRY
CASSFTGGDLYEQYF	HTTDPSFLGRY
CASSVDGPWDEQYF	HTTDPSFLGRY
CASSSDMGYGYTF	HTTDPSFLGRY
CASSSRDGTDTQYF	HTTDPSFLGRY
CASSQRDGTDTQYF	HTTDPSFLGRY
CASAAEGASYEQYF	HTTDPSFLGRY
CASSFPAVREYTYNEQFF	HTTDPSFLGRY
CASSSRGGPDTQYF	HTTDPSFLGRY
CSVALEGLTIQETQYF	HTTDPSFLGRY
CASSLDPATWILHF	HTTDPSFLGRY
CASSLRSGQDEQFF	HTTDPSFLGRY
CASSLYGAGEKLFF	HTTDPSFLGRY
CASSDRGPQETQYF	HTTDPSFLGRY
CASSLDVTWGTRAFF	HTTDPSFLGRY
CASSLTDTDNSPLHF	HTTDPSFLGRY
CASSYGSAWYF	HTTDPSFLGRY
CASSPRSHQETQYF	HTTDPSFLGRY
CASSLDSSSTDTQYF	HTTDPSFLGRY
CSAEEADPNVLTF	HTTDPSFLGRY
CASTPDHSYNEQFF	HTTDPSFLGRY
CASSLALGGPYEQYF	HTTDPSFLGRY
CASSVEAYSNEKLFF	HTTDPSFLGRY
CASTDINTEAFF	HTTDPSFLGRY
CASSLGERYEQYF	HTTDPSFLGRY
CASSLGEVGVGNQPQHF	HTTDPSFLGRY
CASSQTSGRDNEQFF	HTTDPSFLGRY
CASSSAGQDLFEQYF	HTTDPSFLGRY
CSAPLFGTANTGELFF	HTTDPSFLGRY
CASSYDNTEAFF	HTTDPSFLGRY
CASSINTDPFEQYF	HTTDPSFLGRY
CASSVEELAVSSYEQYF	HTTDPSFLGRY
CASSYEASGSTDTQYF	HTTDPSFLGRY
CASSAGDRGYGYTF	HTTDPSFLGRY
CASSDGGSNQPQHF	HTTDPSFLGRY
CASSVRGPTDTQYF	HTTDPSFLGRY
CATSDRAPNQPQHF	HTTDPSFLGRY
CASSPSHSNQPQHF	HTTDPSFLGRY
CASSPTHSNQPQHF	HTTDPSFLGRY
CASGGRDGSDTQYF	HTTDPSFLGRY
CASSLGAGNEQFF	HTTDPSFLGRY
CASSPTSSQETQYF	HTTDPSFLGRY
CASSGGWMVTANGPQHF	HTTDPSFLGRY
CASSLRDGTDTQYF	HTTDPSFLGRY
CASSAGDYGYTF	HTTDPSFLGRY
CATLEVGSIGTEAFF	HTTDPSFLGRY
CSVEGPGSYEQYF	HTTDPSFLGRY
CASSLPPGTGTYEQYF	HTTDPSFLGRY
CASSLSSSLYNEQFF	HTTDPSFLGRY
CASSSDLGGGTDTQYF	HTTDPSFLGRY
CASSPTHSNQPQHF	HTTDPSFLGRY
CASSEGWSNQPQHF	HTTDPSFLGRY
CASSPSPSPEGDTQYF	HTTDPSFLGRY
CASSPPYVRDTKNIQYF	HTTDPSFLGRY
RASSLSPKTSGSTDTQYF	HTTDPSFLGRY
CASSPRQLQETQYF	HTTDPSFLGRY
CASSSGHLDHYGYTF	HTTDPSFLGRY
CASSIDRGGDGYTF	HTTDPSFLGRY
CASSYSIAGEDNEQFF	HTTDPSFLGRY
CASSYEAGGVTDTQYF	HTTDPSFLGRY
CASGLFSGGYEQYF	HTTDPSFLGRY
CASSNRDGGDEQFF	HTTDPSFLGRY
CASNAPWDSPTDTQYF	HTTDPSFLGRY
CSVEVHGSYEQYF	HTTDPSFLGRY
CSVEVGDPYEQYF	HTTDPSFLGRY
CASSPRDHIDTQYF	HTTDPSFLGRY
CASSAGGSQGSPPYGYTF	HTTDPSFLGRY
CASSLDTGGRIDTEAFF	HTTDPSFLGRY
CASSLRSGGDEQYF	HTTDPSFLGRY
CASSDRGGWDTQYF	HTTDPSFLGRY
CASSLMGGMLAKNIQYF	HTTDPSFLGRY
CASGDRGGADTQYF	HTTDPSFLGRY
CASSFTGTGAGELFF	HTTDPSFLGRY
CASSLPGGSYEQYF	HTTDPSFLGRY
CASMEGYSNQPQHF	HTTDPSFLGRY
CASSLRDGYEKLFF	HTTDPSFLGRY
CASSEDQTGDTEAFF	HTTDPSFLGRY
CASSPDGPWDTQYF	HTTDPSFLGRY
CASSVTDPSTDTQYF	HTTDPSFLGRY
CASSTRGHFDEQYF	HTTDPSFLGRY
CASSLDGGKGVGELFF	HTTDPSFLGRY
CASSDGWAAKLFF	HTTDPSFLGRY
CASNPDFGNEQFF	HTTDPSFLGRY
CASSADLQRAFF	HTTDPSFLGRY
CASAFTDTQYF	HTTDPSFLGRY
CASSLGTGVVTEAFF	HTTDPSFLGRY
CASSFGGAEQYF	HTTDPSFLGRY
CASSFDGTDNEQFF	HTTDPSFLGRY
CASSQEQDTAYEQYF	HTTDPSFLGRY
CASIKPGRWNTEAFF	HTTDPSFLGRY
CASSLSPSTDTQYF	HTTDPSFLGRY
CASSFDQGGNIQYF	HTTDPSFLGRY
CASSLNPDTQYF	HTTDPSFLGRY
CASSYEGHYGYTF	HTTDPSFLGRY
CASSFEYSNQPQHF	HTTDPSFLGRY
CASSYSNAWRGGTSPDTQYF	HTTDPSFLGRY
CASSLLGQIEAFF	HTTDPSFLGRY
CASSYMGEAETQYF	HTTDPSFLGRY
CASSVRSPVDNEQFF	HTTDPSFLGRY
CASSIGGEGDNYGYTF	HTTDPSFLGRY
CASSAGGQGYGYTF	HTTDPSFLGRY
CASSRDSPYEQYF	HTTDPSFLGRY
CASSFRGPLDEQFF	HTTDPSFLGRY
CASLVTGMGTEAFF	HTTDPSFLGRY
CASSPSHPVQDYEQYF	HTTDPSFLGRY
CASSPSGGDQETQYF	HTTDPSFLGRY
CASASRAPQETQYF	HTTDPSFLGRY
CASSDWDNLKNSYEQYF	HTTDPSFLGRY
CATSVRVWGNEQFF	HTTDPSFLGRY
CASSDRGMEGNTIYF	HTTDPSFLGRY
CASGLADHTDTQYF	HTTDPSFLGRY
CASSTRGVTDEQYF	HTTDPSFLGRY
CASSLLPDQETQYF	HTTDPSFLGRY
CASSLEGPPYEQYF	HTTDPSFLGRY
CATSGEEHYGYTF	HTTDPSFLGRY
CASSLSEGGITDTQYF	HTTDPSFLGRY
CASSLGENYEQYF	HTTDPSFLGRY
CASSWTESTDTQYF	HTTDPSFLGRY
CASSPDFGEQFF	HTTDPSFLGRY
CASSYSEALGSEQYF	HTTDPSFLGRY
CSVETSTTYEQYF	HTTDPSFLGRY
CASSLGSPQETQYF	HTTDPSFLGRY
CASSSDFFSGNTIYF	HTTDPSFLGRY
CASSGGGTDTQYF	HTTDPSFLGRY
CASRIQGAYEQYF	HTTDPSFLGRY
CASSLGDHLYEQYF	HTTDPSFLGRY
CASSGTGDSYEQYF	HTTDPSFLGRY
CSARDLPGESYEQYF	HTTDPSFLGRY
CASSFETGAYEQYF	HTTDPSFLGRY
CASISDSTDTQYF	HTTDPSFLGRY
CASSFQGESMDEQFF	HTTDPSFLGRY
CASSIAMDAYNEQFF	HTTDPSFLGRY
CASSLSYGGETQYF	HTTDPSFLGRY
CSVESRTNYGYTF	HTTDPSFLGRY
CASSLSGLNEKLFF	HTTDPSFLGRY
CASSLSGPLDEQYF	HTTDPSFLGRY
CASSMTSGSYNEQFF	HTTDPSFLGRY
CASSAGYGGLGGYGYTF	HTTDPSFLGRY
CASSHPWDSNQPQHF	HTTDPSFLGRY
CATADRFSTDTQYF	HTTDPSFLGRY
CASSAHETGADYGYTF	HTTDPSFLGRY
CASTPGGPVYGYTF	HTTDPSFLGRY
CASSFRGPTDTQYF	HTTDPSFLGRY
CASSPSHSNQPQHF	HTTDPSFLGRY
CASSSGDFYGYTF	HTTDPSFLGRY
CASSWDDEEQYF	HTTDPSFLGRY
CSARDHSGSTGATGELFF	HTTDPSFLGRY
CASSLSSPQETQYF	HTTDPSFLGRY
CASSFRDFTDTQYF	HTTDPSFLGRY
CATSRDDETDTQYF	HTTDPSFLGRY
CSVEGTGDYGYTF	HTTDPSFLGRY
CASSFDTDSLSGANVLTF	HTTDPSFLGRY
CASSNNDYGYTF	HTTDPSFLGRY
CASSVTSGVEEQYF	HTTDPSFLGRY
CASSVHPGFTDTQYF	HTTDPSFLGRY
CASSLFPGEETQYF	HTTDPSFLGRY
CASSQDNTYTDTQYF	HTTDPSFLGRY
CASILGSGGSTDTQYF	HTTDPSFLGRY
CASSPRSAQETQYF	HTTDPSFLGRY
CASSPDNTGELFF	HTTDPSFLGRY
CASVGEYSNQPQHF	HTTDPSFLGRY
CASSEGQPTGELFF	HTTDPSFLGRY
CASSPRWAGETQYF	HTTDPSFLGRY
CASSIDSDYQPQHF	HTTDPSFLGRY
CASSYFPSEDGGDTEAFF	HTTDPSFLGRY
CASSFTDPFYNEQFF	HTTDPSFLGRY
CASSPRDLTDTQYF	HTTDPSFLGRY
CASSKAWDRGSYYGYTF	HTTDPSFLGRY
CASRPGTGAYQPQHF	HTTDPSFLGRY
CASSRGHPSTDTQYF	HTTDPSFLGRY
CASSSDTPPETQYF	HTTDPSFLGRY
CASSLSHSGTDTQYF	HTTDPSFLGRY
CASTPGQYSYNEQFF	HTTDPSFLGRY
CASSYDGYEQYF	HTTDPSFLGRY
CASSITQGAEAFF	HTTDPSFLGRY
CASSLMTGHYEQYF	HTTDPSFLGRY
CASSLMGQNTEAFF	HTTDPSFLGRY
CASSPDGDQPQHF	HTTDPSFLGRY
CAWSWRGYTGELFF	HTTDPSFLGRY
CASTDLQGNEQFF	HTTDPSFLGRY
CASSPRDGGDEQYF	HTTDPSFLGRY
CASSWTQGSYEQYF	HTTDPSFLGRY
CASSWDSSNQPQHF	HTTDPSFLGRY
CSVALPRGDSPLHF	HTTDPSFLGRY
CASTAGDHGYTF	HTTDPSFLGRY
CASSPRDAVTEKLFF	HTTDPSFLGRY
CASSLSSGVDEQFF	HTTDPSFLGRY
CASSYTGPPEEYNEQFF	HTTDPSFLGRY
CASSDPGTSSYNEQFF	HTTDPSFLGRY
CASSPRDSQETQYF	HTTDPSFLGRY
CASSRTPLNEQFF	HTTDPSFLGRY
CASSFVVHEQFF	HTTDPSFLGRY
CASSQHEMVRQKYEQYF	HTTDPSFLGRY
CASNQGYSNQPQHF	HTTDPSFLGRY
CASSAGGGEDSRSYGYTF	HTTDPSFLGRY
CASSPSSPSTDTQYF	HTTDPSFLGRY
CASSLPGDPSNTGELFF	HTTDPSFLGRY
CASSTRDTQETQYF	HTTDPSFLGRY
CASSPEWGGNQPQHF	HTTDPSFLGRY
CASNSGVSNQPQHF	HTTDPSFLGRY
CASSLTDPIYNEQFF	HTTDPSFLGRY
CASSLSDPWAADTQYF	HTTDPSFLGRY
CASSDSSYEQYF	HTTDPSFLGRY
CASSPVDSLTEQYF	HTTDPSFLGRY
CASSFSDSYNEQFF	HTTDPSFLGRY
CASTPTGATDTQYF	HTTDPSFLGRY
CASSSVEATGELFF	HTTDPSFLGRY
CASSEGGLADSTDTQYF	HTTDPSFLGRY
CATLSGASNTEAFF	HTTDPSFLGRY
CASSENGELFF	HTTDPSFLGRY
CASSPGTDTQYF	HTTDPSFLGRY
CASSLGQPNEKLFF	HTTDPSFLGRY
CASSQDMGYGYTF	HTTDPSFLGRY
CASSEGQVNTEAFF	HTTDPSFLGRY
CASSDRGPTDTQYF	HTTDPSFLGRY
CASSFFGATSSGNTIYF	HTTDPSFLGRY
CASHSGEVNNEQFF	HTTDPSFLGRY
CASSLDWSGPSTDTQYF	HTTDPSFLGRY
CASSFGTYEQYF	HTTDPSFLGRY
CASSPTHSTDTQYF	HTTDPSFLGRY
CASSWTGGSYEQYF	HTTDPSFLGRY
CASSPRDGITDTQYF	HTTDPSFLGRY
CASSLTSGSYNEQFF	HTTDPSFLGRY
CASSLLDTQYF	HTTDPSFLGRY
CASSYTGDLEQFF	HTTDPSFLGRY
CASSLDFYSGEKLFF	HTTDPSFLGRY
CSVETQVAYEQYF	HTTDPSFLGRY
CASSFPEDRDWNTGELFF	HTTDPSFLGRY
CASSVELVDPNAETQYF	HTTDPSFLGRY
CASTPTDFGYEQYF	HTTDPSFLGRY
CASSPPQGAANTGELFF	HTTDPSFLGRY
CASSFGGDQPQHF	HTTDPSFLGRY
CASSPGAGGRDEQYF	HTTDPSFLGRY
CASSLSSQFETQYF	HTTDPSFLGRY
CASSLQGQVTDTQYF	HTTDPSFLGRY
CASSYSKTSGREVSYNEQFF	HTTDPSFLGRY
CASSPDPGPDTQYF	HTTDPSFLGRY
CASSLSSPQETQYF	HTTDPSFLGRY
CASSPRTGANEKLFF	HTTDPSFLGRY
CASSKRRHPGSCFF	HTTDPSFLGRY
CASSFRDPTNEKLFF	HTTDPSFLGRY
CASSEPHRGTYGYTF	HTTDPSFLGRY
CASSSRGAQETQYF	HTTDPSFLGRY
CASSMGPIVEQYF	HTTDPSFLGRY
CASHPGTSTRETQYF	HTTDPSFLGRY
CATSDLAPLTGAGMGQFF	HTTDPSFLGRY
CASSFLHVQTSGRYEQYF	HTTDPSFLGRY
CASSVESGDFNNEQFF	HTTDPSFLGRY
CASSSGWTTGELFF	HTTDPSFLGRY
CASGESPGATYYEQYF	HTTDPSFLGRY
CASRIQGAGQPQHF	HTTDPSFLGRY
CASSLQGRTSYEQYF	HTTDPSFLGRY
CASSDRGPNQPQHF	HTTDPSFLGRY
CASESRGVGDEQFF	HTTDPSFLGRY
CASSQVVGWYGLNEKLFF	HTTDPSFLGRY
CASSAGLDYGYTF	HTTDPSFLGRY
CASSDRGPNQPQHF	HTTDPSFLGRY
CASSLDGQAYEQYF	HTTDPSFLGRY
CASSLVVDEQFF	HTTDPSFLGRY
CASTEKGPTDTQYF	HTTDPSFLGRY
CATSRDSGGLGDTQYF	HTTDPSFLGRY
CASAGTDGTDTQYF	HTTDPSFLGRY
CASSPTGQLNEKLFF	HTTDPSFLGRY
CASSLPDGYEQYF	HTTDPSFLGRY
CATSREGRDVTDTQYF	HTTDPSFLGRY
CASSLSQGVTDTQYF	HTTDPSFLGRY
CSVEGGQGDFYEQYF	HTTDPSFLGRY
CASSLQGQVNTEAFF	HTTDPSFLGRY
CASSPPWLDEQYF	HTTDPSFLGRY
CASSWDSSNQPQHF	HTTDPSFLGRY
CASSPGQDTEAFF	HTTDPSFLGRY
CASSLEPWDTGELFF	HTTDPSFLGRY
CASSPQGTEAFF	HTTDPSFLGRY
CASSDRGPNQPQHF	HTTDPSFLGRY
CASSLKVGTPVHGYTF	HTTDPSFLGRY
CASGHRGVSDTQYF	HTTDPSFLGRY
RASSLTLLAGRSYNEQFF	HTTDPSFLGRY
CASSRDGDQPQHF	HTTDPSFLGRY
CASSYRGPNEKLFF	HTTDPSFLGRY
CASSTRGPQNIQYF	HTTDPSFLGRY
CASSLWGNEQFF	HTTDPSFLGRY
CASSERGGTDTQYF	HTTDPSFLGRY
CASSKGAPQETQYF	HTTDPSFLGRY
CASSPTGPPGEQYF	HTTDPSFLGRY
CASSWTDNSPLHF	HTTDPSFLGRY
CASTPRESYNEQFF	HTTDPSFLGRY
CASSIEEGANTGELFF	HTTDPSFLGRY
CASSQREGRDTQYF	HTTDPSFLGRY
CASSAGTGYGYTF	HTTDPSFLGRY
CASTGWDGVTYEQYF	HTTDPSFLGRY
CASSETDPNYNEQFF	HTTDPSFLGRY
CASSLSSGWETQYF	HTTDPSFLGRY
CASSIAGGVTDTQYF	HTTDPSFLGRY
CASSSDSPLMEQYF	HTTDPSFLGRY
CASSFPGEAGLSYNEQFF	HTTDPSFLGRY
CASWGDGTPWTQYF	HTTDPSFLGRY
CASSFPVSGSYYNEQFF	HTTDPSFLGRY
CASSLSGPTYNEQFF	HTTDPSFLGRY
CASSPDLPGDRDYEQYF	HTTDPSFLGRY
CASSDRDAKDTQYF	HTTDPSFLGRY
CASSRTGGHEQYF	HTTDPSFLGRY
CASSLSHPFYNEQFF	HTTDPSFLGRY
CASSLLGSYEQYF	HTTDPSFLGRY
CASSPWEGITDTQYF	HTTDPSFLGRY
CASSGVRDRGTGELFF	HTTDPSFLGRY
CAWSVPSGIVDEQFF	HTTDPSFLGRY
CASSLGSPQETQYF	HTTDPSFLGRY
CASSATNTDTQYF	HTTDPSFLGRY
CASSYEPTEAFF	HTTDPSFLGRY
CASSLSSPLQETQYF	HTTDPSFLGRY
CASSPWTGVQPQHF	HTTDPSFLGRY
CASSSRDTVTDTQYF	HTTDPSFLGRY
CASSPRDPIDEQYF	HTTDPSFLGRY
CASGGQGGTGELFF	HTTDPSFLGRY
CSVEGIDSYEQYF	HTTDPSFLGRY
CASSLSHPRYNEQFF	HTTDPSFLGRY
CASSLDFPTQETQYF	HTTDPSFLGRY
CASSSRQANEKLFF	HTTDPSFLGRY
CASSDRGQGEAFF	HTTDPSFLGRY
CASSLGAPQETQYF	HTTDPSFLGRY
CAISELEDTPFF	HTTDPSFLGRY
CSAYDRGLTRGYEQYF	HTTDPSFLGRY
CASSPGGGLFF	HTTDPSFLGRY
CASSLAAPADTQYF	HTTDPSFLGRY
CASSPRDWDNEQFF	HTTDPSFLGRY
CASSFREGVTDTQYF	HTTDPSFLGRY
CSVERQGDSYEQYF	HTTDPSFLGRY
CASSLSLLATEDEQFF	HTTDPSFLGRY
CASSEDHTYNEQFF	HTTDPSFLGRY
CASTPTHMWDNEQFF	HTTDPSFLGRY
CASSLSSGTSTDTQYF	HTTDPSFLGRY
CASSQGYSNQPQHF	HTTDPSFLGRY
CASSSSDPRGGDEQFF	HTTDPSFLGRY
CASSLAQGETQYF	HTTDPSFLGRY
CASSQPMTVEETQYF	HTTDPSFLGRY
CASSIGTSGETQYF	HTTDPSFLGRY
CASSFPSGGILDNEQFF	HTTDPSFLGRY
CASLDRGDFTDTQYF	HTTDPSFLGRY
CASSYPGTGAYNEQFF	HTTDPSFLGRY
CACPEGLFGTGDTGELFF	HTTDPSFLGRY
CASSDRATNTEAFF	HTTDPSFLGRY
CASSPTGSNSPLHF	HTTDPSFLGRY
CASSLYGTGDPYEQYF	HTTDPSFLGRY
CASSLEGAGVTDTQYF	HTTDPSFLGRY
CASSLGSGLDTQYF	HTTDPSFLGRY
CASSLTGKTYEQYF	HTTDPSFLGRY
CASSARDSTDTQYF	HTTDPSFLGRY
CASRPKQGFEETQYF	HTTDPSFLGRY
CASSSRGDMNTEAFF	HTTDPSFLGRY
CASSAASGGLTDTQYF	HTTDPSFLGRY
CATSSDGGGSTDTQYF	HTTDPSFLGRY
CASTTGWLNTEAFF	HTTDPSFLGRY
CSVELQESYEQYF	HTTDPSFLGRY
CASSAGTDYGYTF	HTTDPSFLGRY
CASSQDFLEQYF	HTTDPSFLGRY
CASSLDPGTGTYEQYF	HTTDPSFLGRY
CASSLEWTGLPFF	HTTDPSFLGRY
CASSWTSGSYEQYF	HTTDPSFLGRY
CASSDRQGWQETQYF	HTTDPSFLGRY
CASSPLEGVAYEQYF	HTTDPSFLGRY
CASSERSGFDEQFF	HTTDPSFLGRY
CASSPRDSQETQYF	HTTDPSFLGRY
CASSLEAWATDTQYF	HTTDPSFLGRY
CSVEMGQGYEQYF	HTTDPSFLGRY
CATSRLAGYYEQYF	HTTDPSFLGRY
CASSVSAPQETQYF	HTTDPSFLGRY
CASSFPLGGYGYTF	HTTDPSFLGRY
CASSVTEMNTEAFF	HTTDPSFLGRY
CAWSVIRRRINQPQHF	HTTDPSFLGRY
CASSEWQGLTEAFF	HTTDPSFLGRY
CASSLYGQSSYEQYF	HTTDPSFLGRY
CASTKGGTDTQYF	HTTDPSFLGRY
CASSGDPGTLSQYF	HTTDPSFLGRY
CASTLSHPTNEKLFF	HTTDPSFLGRY
CASGTEETQYF	HTTDPSFLGRY
CASSPLGTGGYTF	HTTDPSFLGRY
CASSSQGPLYEQYF	HTTDPSFLGRY
CASSNGGMSDEQYF	HTTDPSFLGRY
CASSYPRGDYGYTF	HTTDPSFLGRY
CASSLWGSGEKLFF	HTTDPSFLGRY
CASSRDSSYEQYF	HTTDPSFLGRY
CASRGVPGQGIGYNSPLHF	HTTDPSFLGRY
CASSRPYENYNEQFF	HTTDPSFLGRY
CASSSDPWDTQYF	HTTDPSFLGRY
CASSQDFSYETQYF	HTTDPSFLGRY
CASSEGTDFETQYF	HTTDPSFLGRY
CASSYFGLQETQYF	HTTDPSFLGRY
CASSYPRAGSSYNEQFF	HTTDPSFLGRY
CASSSSDITNEKLFF	HTTDPSFLGRY
CASGTGYSNQPQHF	HTTDPSFLGRY
CASSSRSGIDTQYF	HTTDPSFLGRY
CASSLSGPLETQYF	HTTDPSFLGRY
CASSSRDVTDTQYF	HTTDPSFLGRY
CASSEAPRRTTYEQYF	HTTDPSFLGRY
CASSLTGQWETQYF	HTTDPSFLGRY
CASTTSGAAPSTDTQYF	HTTDPSFLGRY
CSARDESWDHNEKLFF	HTTDPSFLGRY
CASSTTESNQPQHF	HTTDPSFLGRY
CASSSRSGVDEQFF	HTTDPSFLGRY
CASSHRDSQETQYF	HTTDPSFLGRY
CASSHRSPLDEQYF	HTTDPSFLGRY
CASSSREAGDEQFF	HTTDPSFLGRY
CASSYSGVWDEAFF	HTTDPSFLGRY
CASSLSESNQPQHF	HTTDPSFLGRY
CASSKNRERTGNTIYF	HTTDPSFLGRY
CASSSRDSQETQYF	HTTDPSFLGRY
CASSHAASGRLETQYF	HTTDPSFLGRY
CASSPRGDPSETQYF	HTTDPSFLGRY
CASSYSGGPSTDTQYF	HTTDPSFLGRY
CASSFTQLAGEQYF	HTTDPSFLGRY
CASSQDNGAANTEAFF	HTTDPSFLGRY
CASGNGGSYNEQFF	HTTDPSFLGRY
CASSDRGGPDTQYF	HTTDPSFLGRY
CASTPDPGENQPQHF	HTTDPSFLGRY
CASSPRSGVDEQYF	HTTDPSFLGRY
CASSAGGEGAGYGYTF	HTTDPSFLGRY
CASSAGDYGYTF	HTTDPSFLGRY
CASSDRGVTDTQYF	HTTDPSFLGRY
CASSPGIWGNEKLFF	HTTDPSFLGRY
CASSHRGPTDTQYF	HTTDPSFLGRY
CAPLRTGRRRGIQYF	HTTDPSFLGRY
CASSFVPDQETQYF	HTTDPSFLGRY
CASSPRGGPETQYF	HTTDPSFLGRY
CASSFSSPLETQYF	HTTDPSFLGRY
CASSTGWSHQPQHF	HTTDPSFLGRY
CASSIPEMNTEAFF	HTTDPSFLGRY
CASSHGTSGSSYNEQFF	HTTDPSFLGRY
CASSWDSSYNEQFF	HTTDPSFLGRY
CASSWTHPSTDTQYF	HTTDPSFLGRY
CSVEPQGAYEQYF	HTTDPSFLGRY
CATADRGSNQPQHF	HTTDPSFLGRY
CASSPRDFYEQYF	HTTDPSFLGRY
CASSQGGDYTF	HTTDPSFLGRY
