CDR3	AA
CASSQDSSGNTIYF	NYTVSCLPF
CASSEDGRADTQYF	NYTVSCLPF
CASSPGVLAEAFF	NYTVSCLPF
CASSYDFGSYNEQFF	NYTVSCLPF
CAITGQGAEQFF	NYTVSCLPF
CASSLSPMGVTGELFF	NYTVSCLPF
CASSFGGGLYEQYF	NYTVSCLPF
CASTLTSGAYEQYF	NYTVSCLPF
CASSPQGWTSYNEQFF	NYTVSCLPF
CASSLSVGATGELFF	NYTVSCLPF
CASSPGSVDEQYF	NYTVSCLPF
CASRGTRREAHNEQFF	NYTVSCLPF
RASAGCRTSYNEQFF	NYTVSCLPF
CASSSTGAGPQHF	NYTVSCLPF
CASSQSSYEQYF	NYTVSCLPF
CASSYSAGFNGYTF	NYTVSCLPF
CASKEGTEAFF	NYTVSCLPF
CASSGGHGGEKLFF	NYTVSCLPF
CASSPDRVNQPQHF	NYTVSCLPF
CASSFVQVAGGYEQYF	NYTVSCLPF
CATSRERGRVYEQFF	NYTVSCLPF
CASSLIPDVTRPNYGYTF	NYTVSCLPF
CASTRGLADPAGQFF	NYTVSCLPF
CASITGGGTEAFF	NYTVSCLPF
CASSISLGGYEQYF	NYTVSCLPF
CASSITTLYTF	NYTVSCLPF
CASSQDRVGYEQYF	NYTVSCLPF
CASSSLLAGVITDTQYF	NYTVSCLPF
CASSLWTYTDTQYF	NYTVSCLPF
CSARGLAGNYNEQFF	NYTVSCLPF
CASSLTSGRALAYNEQFF	NYTVSCLPF
CASSIIASDTQYF	NYTVSCLPF
CASSSGLLPNNEQFF	NYTVSCLPF
CASSSGGNYGYTF	NYTVSCLPF
CASSAGPGGELFF	NYTVSCLPF
CASSPAVVSSYNEQFF	NYTVSCLPF
CASSPSGNLANTGELFF	NYTVSCLPF
CASSEDRGAVNEQFF	NYTVSCLPF
CASSRDRGQGQPQHF	NYTVSCLPF
CASVLTGGLNQPQHF	NYTVSCLPF
CASSLWIGGDGELFF	NYTVSCLPF
CASSEDRVGQPQHF	NYTVSCLPF
CASSVGEGYGYTF	NYTVSCLPF
CSASQDRQGVWNEQFF	NYTVSCLPF
CASSYRGTGGDYGYTF	NYTVSCLPF
CASSYPPRGSYNEQFF	NYTVSCLPF
CASLMNTEAFF	NYTVSCLPF
CSARDYGQRGYEQYF	NYTVSCLPF
CASSFGPNQPQHF	NYTVSCLPF
CATSRDSLSNTGELFF	NYTVSCLPF
CASSLTDTQYF	NYTVSCLPF
CASSMGSGQFF	NYTVSCLPF
CASSIKGFPEAGVFNEQYF	NYTVSCLPF
CASRLMGYNEQFF	NYTVSCLPF
CASSLSNLPVEQYF	NYTVSCLPF
CASSSSPNTEAFF	NYTVSCLPF
CATSRDLPVSSYEQYF	NYTVSCLPF
CASRISLSYEQYF	NYTVSCLPF
CASSLRTTGTGELFF	NYTVSCLPF
CASSFTDTQYF	NYTVSCLPF
CASSYLNNEQFF	NYTVSCLPF
CASSLGDRNTEAFF	NYTVSCLPF
CASSIFGQAGEQYF	NYTVSCLPF
CASSLGGLSEQYF	NYTVSCLPF
CASSPSIDTQYF	NYTVSCLPF
CASSVGGTTSTDTQYF	NYTVSCLPF
CASSVGHRGSREQYF	NYTVSCLPF
CASSPEQQGIRTEAFF	NYTVSCLPF
CASSQEARGQDTQYF	NYTVSCLPF
CASNDANEQFF	NYTVSCLPF
CAWSGTSGRNEQFF	NYTVSCLPF
CASSPGTGRNIQYF	NYTVSCLPF
CASSAEGARGNTIYF	NYTVSCLPF
CASSLGNGYTF	NYTVSCLPF
CASSAVSGSPYEQYF	NYTVSCLPF
CASSRSDRGLYEQFF	NYTVSCLPF
CASRHSVSSYNEQFF	NYTVSCLPF
CASSQKFGTDLAKNIQYF	NYTVSCLPF
CASSPDRINQPQHF	NYTVSCLPF
CASSVGTATYEQYF	NYTVSCLPF
CASSTPSGTSNTWGQFF	NYTVSCLPF
CASQPRGTETQYF	NYTVSCLPF
CASSYLLQGPEQFF	NYTVSCLPF
CASSPWIPEQNTEAFF	NYTVSCLPF
CASSSIVTYEQYF	NYTVSCLPF
CASSEDRVLQPQHF	NYTVSCLPF
CSARGEKQGVVDTQYF	NYTVSCLPF
CASMPDRALYEQYF	NYTVSCLPF
CASSLGSGANNEQFF	NYTVSCLPF
CASSDGYNQPQHF	NYTVSCLPF
CASSIAAEAFF	NYTVSCLPF
CASSPETSGILVETQYF	NYTVSCLPF
CASSQESWTGVPPEAFF	NYTVSCLPF
CASSGTGLYGNTIYF	NYTVSCLPF
CATSRDMDIAGATTYEQYF	NYTVSCLPF
CASSPGLAGGESSYNEQFF	NYTVSCLPF
CASSHYRGNEQFF	NYTVSCLPF
CASSPEGHYEQYF	NYTVSCLPF
CASSFGVTDTQYF	NYTVSCLPF
CASSEAESTADETLRAGDYNEQFF	NYTVSCLPF
CASSPGPGAWEKLFF	NYTVSCLPF
CASSYSVGFYEQYF	NYTVSCLPF
CASSFGTSIRSQETQYF	NYTVSCLPF
CASSQQGGGSTEAFF	NYTVSCLPF
CASSEDRGSNQPQHF	NYTVSCLPF
CASSPPGLAGLTREQYF	NYTVSCLPF
CASSPDGETEAFF	NYTVSCLPF
CASSSGQALYEQYF	NYTVSCLPF
CASSPDRYNSPLHF	NYTVSCLPF
CASSLPPQGAWATDTQYF	NYTVSCLPF
CASSPTSGSQETQYF	NYTVSCLPF
CASSSEPLGYNEQFF	NYTVSCLPF
CATRGLAGGFDEQFF	NYTVSCLPF
CASSSRLAAIYNEQFF	NYTVSCLPF
CASSVDRPLSTDTQYF	NYTVSCLPF
CASSLSMTPIYNEQFF	NYTVSCLPF
CASRVIPGALGEQYF	NYTVSCLPF
CASSQGLAGGYEQYF	NYTVSCLPF
CASRDSNEQFF	NYTVSCLPF
CASSYVAGGRGELFF	NYTVSCLPF
CASSYPGQYNEQFF	NYTVSCLPF
CASSYSRGLRYGYTF	NYTVSCLPF
CASSEDRGPNQPQHF	NYTVSCLPF
CASSLFGTEAADEQFF	NYTVSCLPF
