CDR3	AA
CASSYAGGPNEQFF	KTSVDCTMYI
CASSLGVETNEKLFF	KTSVDCTMYI
CSASRGGTYEQYF	KTSVDCTMYI
CASSEGRGSRSYEQYF	KTSVDCTMYI
CASSLDAGLSSGANVLTF	KTSVDCTMYI
CASSLGQGTSPLHF	KTSVDCTMYI
CASSLAQGGNEQFF	KTSVDCTMYI
CASSPAGTIHNEQFF	KTSVDCTMYI
CASTPGEGRHTEAFF	KTSVDCTMYI
CASMDRSPIEEQYF	KTSVDCTMYI
CASSERGGNQPQHF	KTSVDCTMYI
CASTGLEETQYF	KTSVDCTMYI
CASSQNQRETQYF	KTSVDCTMYI
CASSLAVGRYNEQFF	KTSVDCTMYI
CASSPGTGPNEQFF	KTSVDCTMYI
CASSLGQGVSPLHF	KTSVDCTMYI
CATQDRDHAEAFF	KTSVDCTMYI
CATSEFSDTQYF	KTSVDCTMYI
CASSLGGRADSTYEQYF	KTSVDCTMYI
CASSVGQGDQNEQFF	KTSVDCTMYI
CASSSWTRTTEAFF	KTSVDCTMYI
CASSLGQGVTEAFF	KTSVDCTMYI
CASSPGGLAGRTDTQYF	KTSVDCTMYI
CASSAGTSGLTDTQYF	KTSVDCTMYI
CASSEGQGNTEAFF	KTSVDCTMYI
CASSYTRQKEQFF	KTSVDCTMYI
CASSSGQGPDYGYTF	KTSVDCTMYI
CASSQAVPDPSNTGELFF	KTSVDCTMYI
CASSDRLNEQFF	KTSVDCTMYI
CASSLFDGTGYGYTF	KTSVDCTMYI
CASSLGQGTFTDTQYF	KTSVDCTMYI
CASSSGGSAKNIQYF	KTSVDCTMYI
CASSTGDGTNYGYTF	KTSVDCTMYI
CASSQDDRGKQYF	KTSVDCTMYI
CSAWDSPGGANVLTF	KTSVDCTMYI
CASSLSQGRTEAFF	KTSVDCTMYI
CASSLGTSGRGDEQFF	KTSVDCTMYI
CASSHFLQGKGEKLFF	KTSVDCTMYI
CASSSTGGQETQYF	KTSVDCTMYI
CASSSGQGRQTQYF	KTSVDCTMYI
CASSSGTSGSSETQYF	KTSVDCTMYI
CASSLEGLQETQYF	KTSVDCTMYI
CASSSGQGAGEQYF	KTSVDCTMYI
CASSFPTSGGTDTQYF	KTSVDCTMYI
CASSSGTSGRTDTQYF	KTSVDCTMYI
CATTDRLNEQFF	KTSVDCTMYI
CASSLSGNEQFF	KTSVDCTMYI
CASSGGQGGNTIYF	KTSVDCTMYI
CASSLSLAGVSTDTQYF	KTSVDCTMYI
CASSLGGLAGDSYEQYF	KTSVDCTMYI
CSATEDSYNEQFF	KTSVDCTMYI
CASSLVGLGLTREGEQFF	KTSVDCTMYI
CASSSGQGDSPLHF	KTSVDCTMYI
CASSLTTGGVFNEQFF	KTSVDCTMYI
CASSPPSFSTDTQYF	KTSVDCTMYI
CASSFGTTGELFF	KTSVDCTMYI
CASSQEGRLYNEQFF	KTSVDCTMYI
CASSFGQGASHEQYF	KTSVDCTMYI
CASSSTGGQETQYF	KTSVDCTMYI
CASSEITPHYRGGYEQYF	KTSVDCTMYI
CASSLWGSLAGVYNEQFF	KTSVDCTMYI
CATSSHEHPRAQYF	KTSVDCTMYI
CASSLGQGVGEQYF	KTSVDCTMYI
CASSRSGNEQFF	KTSVDCTMYI
CASSQDGLTSYEQYF	KTSVDCTMYI
CASSVLAGGTYNEQFF	KTSVDCTMYI
