CDR3	AA
CASRSLDGFNQPQHF	FKVSIWNLDY
CASTPGQNTGELFF	FKVSIWNLDY
CASSLRTGTETQYF	FKVSIWNLDY
CAWSVAAYDEQYF	FKVSIWNLDY
CASSEITAGELFF	FKVSIWNLDY
CASSVEGDAGTGIVYEQYF	FKVSIWNLDY
CASRDGADWTGELFF	FKVSIWNLDY
CASSLARVGLNTEAFF	FKVSIWNLDY
CATSREPGGPDTQYF	FKVSIWNLDY
CASSKYPGGTYEQYF	FKVSIWNLDY
CASSLVGAPTGDTQYF	FKVSIWNLDY
CASSLASGQGYEQYF	FKVSIWNLDY
CASTWGKSSGQYF	FKVSIWNLDY
CASSGLAGGQGEQFF	FKVSIWNLDY
CASSEAFVGGGSYNEQFF	FKVSIWNLDY
CSARPLAGEHTDTQYF	FKVSIWNLDY
CSARDLTGGLWDTQYF	FKVSIWNLDY
CALTSLNTEAFF	FKVSIWNLDY
CASSPSSYNEQFF	FKVSIWNLDY
CSSTGGLSDGYTF	FKVSIWNLDY
CASSFADTEAFF	FKVSIWNLDY
CASSLTGEYTEAFF	FKVSIWNLDY
CSLDRGLDTEAFF	FKVSIWNLDY
CASSLGLAGAPGDEQYF	FKVSIWNLDY
CASSPGISYEQYF	FKVSIWNLDY
CASSLILQETQYF	FKVSIWNLDY
CASSLLTGWREQYF	FKVSIWNLDY
CSAPRGIETFYEQYF	FKVSIWNLDY
CASSLAAVRLTDTQYF	FKVSIWNLDY
CASSVSTEQFF	FKVSIWNLDY
CASSLGGSPLHF	FKVSIWNLDY
CASSRSGTNTGELFF	FKVSIWNLDY
CASSYRLAGAELQETQYF	FKVSIWNLDY
CASSPSYDSSNNEQFF	FKVSIWNLDY
CASTPGNLAGDAFF	FKVSIWNLDY
CASSSEGQGRAYEQYF	FKVSIWNLDY
CASSSGQGSHEQYF	FKVSIWNLDY
CASSGVLDRSYEQYF	FKVSIWNLDY
CASSLGTANTEAFF	FKVSIWNLDY
CASGIEPGELFF	FKVSIWNLDY
CASSLFSGLNEQFF	FKVSIWNLDY
CASSLDGIEAFF	FKVSIWNLDY
CASALYNLQPTNEKLFF	FKVSIWNLDY
CASSQEGGLVGYGYTF	FKVSIWNLDY
CASSPGTGGNEQYF	FKVSIWNLDY
CASSSGLAGAPVETQYF	FKVSIWNLDY
CASSPHPSGRGVGELFF	FKVSIWNLDY
CASATLTDTQYF	FKVSIWNLDY
CASSVRGPADSLSGANVLTF	FKVSIWNLDY
CASGGLANTEAFF	FKVSIWNLDY
CASSSREGGTDTQYF	FKVSIWNLDY
CASSPGGLEAFF	FKVSIWNLDY
CASSLDLTYEQYF	FKVSIWNLDY
CASSYSLAGENEQFF	FKVSIWNLDY
CASSIYSEDNEQFF	FKVSIWNLDY
CASSQGSGYNSPLHF	FKVSIWNLDY
CASSEAGTGNTEAFF	FKVSIWNLDY
CASSPPSVFNEQFF	FKVSIWNLDY
CASSWGQGTGELFF	FKVSIWNLDY
CASSLWTSQDTQYF	FKVSIWNLDY
CASSPASGDEQFF	FKVSIWNLDY
CASSLGTGVIGGYTF	FKVSIWNLDY
CASSLITRSYEQYF	FKVSIWNLDY
CASSADPTGAGTEAFF	FKVSIWNLDY
CASSLAASSYEQYF	FKVSIWNLDY
CASSLFWLAGITYEQYF	FKVSIWNLDY
CASPTASSYNEQFF	FKVSIWNLDY
CASSGYYNEQFF	FKVSIWNLDY
CASSRDRAGNEQFF	FKVSIWNLDY
CASREGTSGELFF	FKVSIWNLDY
CASSLGLAGPGAQYF	FKVSIWNLDY
CASSRGLVNEQFF	FKVSIWNLDY
CASSKAGDYGYTF	FKVSIWNLDY
CASINRLNNEQFF	FKVSIWNLDY
CASSFLEEQFF	FKVSIWNLDY
CASSLGRGVEDTQYF	FKVSIWNLDY
CASSVELAGTLLQETQYF	FKVSIWNLDY
CASTPSGSGSYGYTF	FKVSIWNLDY
CASSFSGRGSYEQYF	FKVSIWNLDY
CASSLYGSDEQYF	FKVSIWNLDY
CSASEQGQGETQYF	FKVSIWNLDY
CASSAGGLGNEQFF	FKVSIWNLDY
CASSLTGTSGNEQYF	FKVSIWNLDY
CASSSPPSRRADNEQFF	FKVSIWNLDY
CASSAGTGGSPLHF	FKVSIWNLDY
CASSLEVRLYVSEYEQYF	FKVSIWNLDY
CASSQATGNYEQYF	FKVSIWNLDY
CASSWPKGFTYEQYF	FKVSIWNLDY
CASSFLSNAEDGAFF	FKVSIWNLDY
CASSALKSGYNEQFF	FKVSIWNLDY
CASNEGQGGYEQYF	FKVSIWNLDY
CASSFVWVGNEQFF	FKVSIWNLDY
CASSPWGQGTEKLFF	FKVSIWNLDY
CASSAPGQGYNSPLHF	FKVSIWNLDY
CASSLGRGTGDHNEQFF	FKVSIWNLDY
CASSAGQGAVPLHF	FKVSIWNLDY
CASSQDSAEAFF	FKVSIWNLDY
CASSPRDLNTEAFF	FKVSIWNLDY
CASSQDLSPMNTEAFF	FKVSIWNLDY
CASSQVLVGSTEKLFF	FKVSIWNLDY
CASSGRGLSYNEQFF	FKVSIWNLDY
CASSVGDNTRNYGYTF	FKVSIWNLDY
CASSLFSGGTDTQYF	FKVSIWNLDY
CSVRGGIEAFF	FKVSIWNLDY
CASSKTTGNTYEQYF	FKVSIWNLDY
CASSAMAGVETQYF	FKVSIWNLDY
CASSQLAGGLYNEQFF	FKVSIWNLDY
CASSHTGPIEAFF	FKVSIWNLDY
CSAREVAGESYNEQFF	FKVSIWNLDY
CASSFGQDMYEQFF	FKVSIWNLDY
CASRQFFPTNTDTQYF	FKVSIWNLDY
CASSLLLSAGPNEQFF	FKVSIWNLDY
CASTPRQYEQYF	FKVSIWNLDY
CASSSRQGHDEQYF	FKVSIWNLDY
CASSQEGQRDTGELFF	FKVSIWNLDY
CASSYGRGVSANTGELFF	FKVSIWNLDY
CASSQAWSSYNEQFF	FKVSIWNLDY
CASSPIGGPGELFF	FKVSIWNLDY
CASSWTSGGTDTQYF	FKVSIWNLDY
CASSLASYGGELFF	FKVSIWNLDY
CSVFTGGHEQYF	FKVSIWNLDY
CASSQRIDYEQYF	FKVSIWNLDY
CASSLVPGGRPGEEAFF	FKVSIWNLDY
CASSLFQPGQRPNTGELFF	FKVSIWNLDY
CASSWTDSYEQYF	FKVSIWNLDY
CASSLEQGGGLYNEQFF	FKVSIWNLDY
CASSLEGGLSGNTIYF	FKVSIWNLDY
CASSEMNTEAFF	FKVSIWNLDY
CASSNREDEQYF	FKVSIWNLDY
CASWGGSEEETQYF	FKVSIWNLDY
CASSALGTGQNEQFF	FKVSIWNLDY
