CDR3	AA
CASSFLVLSAAYGYTF	LPAADLDDF
CASSFGGQGNYGYTF	LPAADLDDF
CASSQDRGSYNEQFF	LPAADLDDF
CASSQAQLVLSTDTQYF	LPAADLDDF
CASSRGTPTGELFF	LPAADLDDF
CASSQGQLNTEAFF	LPAADLDDF
CATRGHTGELFF	LPAADLDDF
CASRARQAATNEKLFF	LPAADLDDF
CASSRDSLNTEAFF	LPAADLDDF
CASSPFPTGGNQPQHF	LPAADLDDF
CASSQGRGLGNIQYF	LPAADLDDF
CATSREMAGNTDTQYF	LPAADLDDF
CASSWSRESGNTIYF	LPAADLDDF
CASSLSATGSAINYGYTF	LPAADLDDF
CASSGGSLNTEAFF	LPAADLDDF
CASSPGTVNTEAFF	LPAADLDDF
CASSTRQAGEETQYF	LPAADLDDF
CASSLLSVTLNTGELFF	LPAADLDDF
CASSVGGYDTQYF	LPAADLDDF
CAISGSPGNQPQHF	LPAADLDDF
CASSSREGGSLNSPLHF	LPAADLDDF
CASSREYNSPLHF	LPAADLDDF
CAISDQSYEQYF	LPAADLDDF
CASSSRTGGIYNEQFF	LPAADLDDF
CASSRSTGGYGGNQPQHF	LPAADLDDF
CASSFSRQGGWNEQFF	LPAADLDDF
CASSFQDMNTEAFF	LPAADLDDF
CASRRRSGELFF	LPAADLDDF
CASSSLSGIQYF	LPAADLDDF
CASSLTSGGANEQFF	LPAADLDDF
CASSETGRGHQPQHF	LPAADLDDF
CASSSPGLPDTQYF	LPAADLDDF
CASSLVGLNTEAFF	LPAADLDDF
CASSVSGMNTEAFF	LPAADLDDF
CASSDRGRETQYF	LPAADLDDF
CASSLVDVTLNTGELFF	LPAADLDDF
CARAARGRTTDTQYF	LPAADLDDF
CASSLTLGLGSPLHF	LPAADLDDF
CASPGQGAGELFF	LPAADLDDF
CASSQGLRGEQYF	LPAADLDDF
CASSLVVLNTEAFF	LPAADLDDF
CASSLVRGRDHEQFF	LPAADLDDF
CASSKKTVVMMNTEAFF	LPAADLDDF
CASSQGGMNQPQHF	LPAADLDDF
CASSLASLNTEAFF	LPAADLDDF
CATSREMAGKETQYF	LPAADLDDF
CASSPRQTINYGYTF	LPAADLDDF
CATHLRTAQETQYF	LPAADLDDF
CASGSPNEQFF	LPAADLDDF
CSVERQSETQYF	LPAADLDDF
CASSPLRLGADTQYF	LPAADLDDF
CATSRDRGNSGAQFF	LPAADLDDF
CASSLLSLTAVYGYTF	LPAADLDDF
CASRETGALTGELFF	LPAADLDDF
