CDR3	AA
CASTPGNQETQYF	LLDDFVEII
CASSQETVYGYTF	LLDDFVEII
CASSYLTGSGETQYF	LLDDFVEII
CASSLGQASSYNSPLHF	LLDDFVEII
CASSPSSSSDTQYF	LLDDFVEII
CASSALTGTRPTLGGYTF	LLDDFVEII
CASSLQGYRTGYTF	LLDDFVEII
CASSLAIGGARDNEQFF	LLDDFVEII
CASSQRAGPYNEQFF	LLDDFVEII
CASQTGQLRNEQFF	LLDDFVEII
CASSFDTRNNEQFF	LLDDFVEII
CASATQAPGEKLFF	LLDDFVEII
CASSPQAESTDTQYF	LLDDFVEII
CASSFGAGNMYEQYF	LLDDFVEII
CASRTGRSSTDTQYF	LLDDFVEII
CASSHPTSGRLNEQFF	LLDDFVEII
CASSHASGLQVEDTQYF	LLDDFVEII
CASRPSGSSYNEQFF	LLDDFVEII
CASSVATSSPLHF	LLDDFVEII
CASSVELAGATSYNEQFF	LLDDFVEII
CAISPKGTDTQYF	LLDDFVEII
CASSQPSTGAGKLFF	LLDDFVEII
CASSVGIGVYEQYF	LLDDFVEII
CASSLAGGSYEQYF	LLDDFVEII
CASSFGNTIYF	LLDDFVEII
CASTKTGQGGLFYGYTF	LLDDFVEII
CASSLGIGQGIQYF	LLDDFVEII
CASRSGLFESPLHF	LLDDFVEII
CASSPQNYEQYF	LLDDFVEII
CAISEYRQGNLLDTQYF	LLDDFVEII
CASSGGGSYNEQFF	LLDDFVEII
CATSDVRGPAKNIQYF	LLDDFVEII
CASSRGLADTYEQYF	LLDDFVEII
CASSSSAATINQPQHF	LLDDFVEII
CASSPRTGGGTEAFF	LLDDFVEII
CASSFGASSSYEQYF	LLDDFVEII
CASSPFSGELFF	LLDDFVEII
CASSLGGLSEQYF	LLDDFVEII
CASSVSGRYQETQYF	LLDDFVEII
CASSKPGQHLTSGRDDFGYEQYF	LLDDFVEII
CASSFGAGSSYEQYF	LLDDFVEII
CASSLFLRTGGSYNEQFF	LLDDFVEII
CASSLGAGSSYEQYF	LLDDFVEII
CASSSNREGATNYGYTF	LLDDFVEII
CASSAGRVLSSYNEQFF	LLDDFVEII
CSARLRDYDPSSNQPQHF	LLDDFVEII
CASREGQNYEQYF	LLDDFVEII
CASSQGAGSSYEQYF	LLDDFVEII
CATRTASTEAFF	LLDDFVEII
CASSYSADGSNQPQHF	LLDDFVEII
CASTRGLAGGPKYNEQFF	LLDDFVEII
CASRGTSVPEQFF	LLDDFVEII
CASSPGQGAKGYTF	LLDDFVEII
CASTYAGYEQYF	LLDDFVEII
CASSYHRLAGPPSGNEQFF	LLDDFVEII
CASSLNLAQGFNGELFF	LLDDFVEII
CASSPGTGYPYTF	LLDDFVEII
CASSVGGRGMGEQYF	LLDDFVEII
CASSMKAGPYNEQFF	LLDDFVEII
CASRGVHEQYF	LLDDFVEII
CSAADRVNEQFF	LLDDFVEII
CATSPPPGSYNEQFF	LLDDFVEII
CASSTGLEQYF	LLDDFVEII
CATSEPQYF	LLDDFVEII
CASSSLGTPPNYGYTF	LLDDFVEII
CSVEGTGDSSYEQYF	LLDDFVEII
CASSFSQTSRYEQYF	LLDDFVEII
CASKSGLYGYTF	LLDDFVEII
CASSSPYNEQFF	LLDDFVEII
CASSPSSSLGGNEQYF	LLDDFVEII
CASSQGTSGSPYEQYF	LLDDFVEII
CASRRRLSSYNSPLHF	LLDDFVEII
CASSFQGPREQFF	LLDDFVEII
CASRTGLADGELFF	LLDDFVEII
CASSQPSLRHGYTF	LLDDFVEII
CASSQDRIVWNQPQHF	LLDDFVEII
CASSLFRNTEAFF	LLDDFVEII
CASSQETVYEQYF	LLDDFVEII
CASSWDYNEQFF	LLDDFVEII
CASSLSVAGASYEQYF	LLDDFVEII
CASSPRSTGELFF	LLDDFVEII
CASSTTAGRGAKNIQYF	LLDDFVEII
CASSPTGYLSYEQYF	LLDDFVEII
CASSLVGKETQYF	LLDDFVEII
CASRGGGLLGAFF	LLDDFVEII
CASSLSRNTEAFF	LLDDFVEII
CATSRDWEEDAPGNTEAFF	LLDDFVEII
CASSLGVSREQYF	LLDDFVEII
CASSPSPGLAGGNQETQYF	LLDDFVEII
CASSPGAGKAYEQYF	LLDDFVEII
CASSQERQKNTEAFF	LLDDFVEII
CASSLGGFYEQYF	LLDDFVEII
CASRAGTSGASYEQYF	LLDDFVEII
CASGLSTSYNEQFF	LLDDFVEII
CASTESSYNSPLHF	LLDDFVEII
CASRPGLAGGYYNEQFF	LLDDFVEII
CASKSSRINYGYTF	LLDDFVEII
CASRPGTGFEQYF	LLDDFVEII
CASSPRQGVDTEAFF	LLDDFVEII
CASSVSTGELFF	LLDDFVEII
CASSQNRQGLVNEQFF	LLDDFVEII
CASRPTTGSLDTQYF	LLDDFVEII
CASSKEGSQGGNEQFF	LLDDFVEII
CASSQETRSGANVLTF	LLDDFVEII
CASSPGGTYNEQFF	LLDDFVEII
CASSQFRGPNQPQHF	LLDDFVEII
CASSPGLAGKYEQYF	LLDDFVEII
CSARDQRGLLDTQYF	LLDDFVEII
CASSLGAGSAYEQYF	LLDDFVEII
CASSKRVGLGNNEQFF	LLDDFVEII
CSARNPGAPGPEAFF	LLDDFVEII
CASSLGTGAMGGNQPQHF	LLDDFVEII
CASSPGGGPDLYNEQFF	LLDDFVEII
CASSQGLNSYEQYF	LLDDFVEII
CASSSPDKQGQELFF	LLDDFVEII
CASSSGTGAPGANVLTF	LLDDFVEII
CASSAGQGSAYEQYF	LLDDFVEII
CASFSGTGGEQYF	LLDDFVEII
CASSQPTVGGGYTF	LLDDFVEII
CASSQTSGHYNEQFF	LLDDFVEII
CASSEWAHSRDEKLFF	LLDDFVEII
CATRRGNEQFF	LLDDFVEII
CASSVRGGALNEQFF	LLDDFVEII
CASSLFDRPYGYTF	LLDDFVEII
CAWRSPENEQFF	LLDDFVEII
CASSLGASGRYPYEQYF	LLDDFVEII
CASSLSQGARNYGYTF	LLDDFVEII
CASEREGYTF	LLDDFVEII
CASSKSGGAVDEQFF	LLDDFVEII
CASSGKVGEGYGYTF	LLDDFVEII
CASRSGDPYEQYF	LLDDFVEII
CASSSTSGRGDTQYF	LLDDFVEII
CASSVAGPERANVLTF	LLDDFVEII
CASSLVTSENTGELFF	LLDDFVEII
CASRPRPKMTTMNTEAFF	LLDDFVEII
CRGLGGNYGYTF	LLDDFVEII
CASSEGGRPWNTEAFF	LLDDFVEII
CASSPGNFFTGELFF	LLDDFVEII
CASGLRGGPYNEQFF	LLDDFVEII
CASRKPGGGTEAFF	LLDDFVEII
CASSEGTSGNNEQFF	LLDDFVEII
CASGPGQGAYGYTF	LLDDFVEII
CASRKGQGPNEKLFF	LLDDFVEII
CASSETGALGEQYF	LLDDFVEII
CASSLSRADTQYF	LLDDFVEII
CASSLVGVNQPQHF	LLDDFVEII
CASSESRGTQYF	LLDDFVEII
CASSLGQSTGELFF	LLDDFVEII
CASSLTRLYDEQFF	LLDDFVEII
CASSGSGGHTDTQYF	LLDDFVEII
CASSQPTVNYGYTF	LLDDFVEII
CASTPDRMNTEAFF	LLDDFVEII
CASSFRQGPGNEQFF	LLDDFVEII
CASRSSGLASDTQYF	LLDDFVEII
CASSSGRSSYNEQFF	LLDDFVEII
CASSLARDRSTYEQYF	LLDDFVEII
CASSPWTGEETQYF	LLDDFVEII
CASSASGRVGNEQFF	LLDDFVEII
CASSEQGMEFF	LLDDFVEII
CASAISRTGASGELFF	LLDDFVEII
CASSRSQGATGELFF	LLDDFVEII
CARQTSGTTYEQYF	LLDDFVEII
CASSSSGGSSYEQYF	LLDDFVEII
CASSPRGGPYNEQFF	LLDDFVEII
CASSEGNYNEQFF	LLDDFVEII
CASSPSGRAPTDTQYF	LLDDFVEII
CASSASGTGVEKLFF	LLDDFVEII
CASSAPRDKANYGYTF	LLDDFVEII
CASSARQGSTGELFF	LLDDFVEII
CASSPQGLGVDEQYF	LLDDFVEII
CASQQPTINSPLHF	LLDDFVEII
CASSVHGGISLYEQYF	LLDDFVEII
CASSLWGARGTYEQYF	LLDDFVEII
CASSLSFRAETQYF	LLDDFVEII
CASSLGATGGAYEQYF	LLDDFVEII
CATSDPRTANTGELFF	LLDDFVEII
CASSLPGTSGVSSYEQYF	LLDDFVEII
CASSQETIRAGELFF	LLDDFVEII
CASLTDRDSYNEQFF	LLDDFVEII
CASSPGTGYGYTF	LLDDFVEII
CASSLLSNEQFF	LLDDFVEII
CASSLKEVDLGLGVPYQAFF	LLDDFVEII
CASSASGSAVNEQFF	LLDDFVEII
CASSVSGGAVNEQFF	LLDDFVEII
CASSLGAGDGYEQYF	LLDDFVEII
CASSLGQGKGQPQHF	LLDDFVEII
CASSYRQGGEKLFF	LLDDFVEII
CATGTSSYNEQFF	LLDDFVEII
CASSASGDSYNEQFF	LLDDFVEII
CASTPPSGGRETQYF	LLDDFVEII
CASSYAALGHNEQFF	LLDDFVEII
CASSVGAGELFF	LLDDFVEII
CASSGPGQDSYEQYF	LLDDFVEII
CASSQANLEQFF	LLDDFVEII
CASSLGAGSSYEQYF	LLDDFVEII
CASSLWGQRNTEAFF	LLDDFVEII
CASSQDLVSNQPQHF	LLDDFVEII
CASSPSTDTQYF	LLDDFVEII
CARATGTSFYEQYF	LLDDFVEII
CASSPGAGTRRGYEQYF	LLDDFVEII
CASSLGYSSYEQYF	LLDDFVEII
CARGCTGPINEKLFF	LLDDFVEII
CASSSGQASSYEQYF	LLDDFVEII
CASGKGGQAYEQYF	LLDDFVEII
CASSPRTGGVDTEAFF	LLDDFVEII
CASSPRTGMMTGELFF	LLDDFVEII
CASSLPDSPTGYEQYF	LLDDFVEII
CASSSNPGRITEAFF	LLDDFVEII
CSVDLVMNTEAFF	LLDDFVEII
CASSPRQGNNEQFF	LLDDFVEII
CASRPRLGGQRNEQFF	LLDDFVEII
CASSRGLAVSYEQYF	LLDDFVEII
CASSHEGKGTYGYTF	LLDDFVEII
CASSRIGWNEQFF	LLDDFVEII
CASSYTSTRQGDGYTF	LLDDFVEII
CASSSGMSNGYEQYF	LLDDFVEII
CASSLRQGMQETQYF	LLDDFVEII
CASSLVLGGTYNEQFF	LLDDFVEII
CASKGTISYNEQFF	LLDDFVEII
CASKANPRYQETQYF	LLDDFVEII
CSVWSRGGPHF	LLDDFVEII
CASSTQLKNPPEAFF	LLDDFVEII
CASGGPGLAGVGYNEQFF	LLDDFVEII
CSVRQGLTYEQYF	LLDDFVEII
CASSTSGTVGNTIYF	LLDDFVEII
CASRTSGSTYNEQFF	LLDDFVEII
CASSGGLAVGYEQYF	LLDDFVEII
CASSHRGSGAEAFF	LLDDFVEII
CASRTGAEAFF	LLDDFVEII
CASSVMAPGGPNINYGYTF	LLDDFVEII
CASRENIASGETQYF	LLDDFVEII
CASSLDRFRGYTF	LLDDFVEII
CASSAPGTGTSASWTDTQYF	LLDDFVEII
CASRETGLKYNEQFF	LLDDFVEII
CSGRRENTGELFF	LLDDFVEII
CASSFRGTVYGYTF	LLDDFVEII
CASSFVGGEQYF	LLDDFVEII
CASSLASNTEAFF	LLDDFVEII
CASSQPTVGNTIYF	LLDDFVEII
CASSQETIYGYTF	LLDDFVEII
CASRLAGVLKNIQYF	LLDDFVEII
CASSQAVNTEAFF	LLDDFVEII
CASNRGVGGRKRDEQYF	LLDDFVEII
CASSQETVYGYTF	LLDDFVEII
CASRPGYPYEQYF	LLDDFVEII
CASSVEAGVNYGYTF	LLDDFVEII
CASSYSWDSSYNEQFF	LLDDFVEII
CASSLATNEKLFF	LLDDFVEII
CASSLRAGGHNEQFF	LLDDFVEII
CASGTAGGPKVDTQYF	LLDDFVEII
CATAGWPSYEQYF	LLDDFVEII
CSARDPVSGPPHNEQFF	LLDDFVEII
CASKRGFDTEAFF	LLDDFVEII
CASSQETVYGYTF	LLDDFVEII
CASQTGGTEAFF	LLDDFVEII
CASSLGQFYEQYF	LLDDFVEII
CASSLLKREGRDEQFF	LLDDFVEII
CASSPRVGLAGANVLTF	LLDDFVEII
CATSATQRGQGKVGTYNEQFF	LLDDFVEII
CASGQGAGAFF	LLDDFVEII
CASSFPGSYEQYF	LLDDFVEII
CASSPRTDTQYF	LLDDFVEII
CASSQDRGGDTEAFF	LLDDFVEII
CASSLSTGSKNSPLHF	LLDDFVEII
CASSPSPSGRNNEQFF	LLDDFVEII
CASSSTLLPTDTQYF	LLDDFVEII
CASSPGVREQFF	LLDDFVEII
CASSAGGHPKNEQFF	LLDDFVEII
CASTAVTSGGSYNEQFF	LLDDFVEII
CASSLASGVGREQFF	LLDDFVEII
CASSPGNTYEQYF	LLDDFVEII
CASSPPGTSGEGYNEQFF	LLDDFVEII
CASSLGGSGRPAYEQYF	LLDDFVEII
CASSHPRSGIQETQYF	LLDDFVEII
CASSDPRAQYF	LLDDFVEII
CASSADRIQIPRGTEAFF	LLDDFVEII
CASSRARGNTGELFF	LLDDFVEII
CASSLGAGVSYEQYF	LLDDFVEII
CASGRSYNEQFF	LLDDFVEII
CASSALTSDTQYF	LLDDFVEII
CASSITPGGGNEAFF	LLDDFVEII
CASSSPLGTIPRSSYNEQFF	LLDDFVEII
CASSPTGPNSPLHF	LLDDFVEII
CASSGQGDSNQPQHF	LLDDFVEII
CASSLAGGVTDTQYF	LLDDFVEII
CATSGTGGVQYF	LLDDFVEII
CASSTPITNVLTF	LLDDFVEII
CASSVVGYGYTF	LLDDFVEII
CASSLGAGSSYEQYF	LLDDFVEII
CSVGLADTYEQYF	LLDDFVEII
CASSQESLQGYGYTF	LLDDFVEII
CATSYAGELFF	LLDDFVEII
CASSRTGFYEQYF	LLDDFVEII
CASSNFRSYNEQFF	LLDDFVEII
CSVSGGSYEQYF	LLDDFVEII
CASSTGAGSSYEQYF	LLDDFVEII
CANKRGGGSANTGELFF	LLDDFVEII
CASSQETLNYGYTF	LLDDFVEII
CASSTGTGFPYGYTF	LLDDFVEII
CASSFAVDTQYF	LLDDFVEII
CASSAGGQTSYEQYF	LLDDFVEII
CASRGGGKSTDTQYF	LLDDFVEII
CASTRGGLAVNEQFF	LLDDFVEII
CSARGDGSGSYEQYF	LLDDFVEII
CASSLNGEPRLFF	LLDDFVEII
CASRSMAGELFF	LLDDFVEII
CASRPGQLYQETQYF	LLDDFVEII
CASSSSGRASTDTQYF	LLDDFVEII
CASSQERYSNQPQHF	LLDDFVEII
CASSPRSSGIFNEQFF	LLDDFVEII
CAIRETSGREQFF	LLDDFVEII
CASSPTMTNIQYF	LLDDFVEII
CASSKRTGPNYGYTF	LLDDFVEII
CASSSGLADAYEQYF	LLDDFVEII
CASSQPTVMGEAFF	LLDDFVEII
CASGSGLLEETQYF	LLDDFVEII
CASSRGSSGYNEQFF	LLDDFVEII
CASRTSGSKYNEQFF	LLDDFVEII
CAVIPRLNTEAFF	LLDDFVEII
CASSLGLGDSKKNIQYF	LLDDFVEII
CASSVKGGPTNEQFF	LLDDFVEII
CASRNSGSKYNEQFF	LLDDFVEII
CASSLSSLFQETQYF	LLDDFVEII
CASLLSGASTGELFF	LLDDFVEII
CASSSGGFSSQPQHF	LLDDFVEII
CASSFGRATEAFF	LLDDFVEII
CASSPGGTGSRPYEQYF	LLDDFVEII
CASSQPTTPTNYGYTF	LLDDFVEII
CASTLGASGSANEQFF	LLDDFVEII
CASSPGLAGLFEQYF	LLDDFVEII
CASSLGRTSQSSYNEQFF	LLDDFVEII
CASSARQGGNNEQFF	LLDDFVEII
CASNLDRGRQPQHF	LLDDFVEII
CASSPVSGGRNTGELFF	LLDDFVEII
CASSRLKTKTGGTEAFF	LLDDFVEII
CASCRQGARYGYTF	LLDDFVEII
CASSSGAYYEQYF	LLDDFVEII
CASMIGGPSYNEQFF	LLDDFVEII
CASSSDGNYGYTF	LLDDFVEII
CSARDYSTRGNYGYTF	LLDDFVEII
CASSLGAGSSYEQYF	LLDDFVEII
CSARVPNRVEGYTF	LLDDFVEII
CASSVAIGTSGRSVYNEQFF	LLDDFVEII
CASSPRTGEDYGYTF	LLDDFVEII
CASQGFLTGELFF	LLDDFVEII
CASSFVGERQFF	LLDDFVEII
CASSQQGYEQYF	LLDDFVEII
CASSFGLAGGKQFF	LLDDFVEII
CASSAPPGTGEERTEAFF	LLDDFVEII
CASSSSLQGRGITEAFF	LLDDFVEII
CASSVDRGLGNEQFF	LLDDFVEII
CASSDQSGSEQYF	LLDDFVEII
CASRITTGLGADTQYF	LLDDFVEII
CASSLGGINEQFF	LLDDFVEII
CASSELSYEQYF	LLDDFVEII
CASSVVHYGYTF	LLDDFVEII
CASSYYGRELNEQFF	LLDDFVEII
CARQAGSTYEQYF	LLDDFVEII
CASSQAGQANQPQHF	LLDDFVEII
CASSPLPYNEQFF	LLDDFVEII
CASRNRGTGDHEQYF	LLDDFVEII
CASSPPLERRNTEAFF	LLDDFVEII
CAISGWTRDTQYF	LLDDFVEII
CASSIGQGGGYTF	LLDDFVEII
CSARVRGYSGANVLTF	LLDDFVEII
CASSLGSGYGYTF	LLDDFVEII
CASSYTQTRSGELFF	LLDDFVEII
CASSVGSVPTPETQYF	LLDDFVEII
CASRPSGSRYNEQFF	LLDDFVEII
CASSQEQGGNVYEQYF	LLDDFVEII
CASGSISAEQYF	LLDDFVEII
CASRLAGGYNEQFF	LLDDFVEII
CASSLISRGPVETQYF	LLDDFVEII
CASSKAIRRPQLEIAGKTTGELFF	LLDDFVEII
CASSQSWVGAGQRPNEQFF	LLDDFVEII
CASSAGLAGGRRETQYF	LLDDFVEII
CASSQGQGALNEQFF	LLDDFVEII
CASSQPTLSGYGYTF	LLDDFVEII
CASSQFSRKYEQYF	LLDDFVEII
CSARARGSLSYEQYF	LLDDFVEII
CASSPNIARPEQFF	LLDDFVEII
CASYNPGQQNKMNTEAFF	LLDDFVEII
CASSQGLATADTQYF	LLDDFVEII
CSARLTGNEQFF	LLDDFVEII
CATSVIGRGPAYSNQPQHF	LLDDFVEII
CASSGQGRSYEQYF	LLDDFVEII
CASSGQIPGQVMNGYTF	LLDDFVEII
CASSVGSGHYEQYF	LLDDFVEII
CASSPGQRVYAYEQYF	LLDDFVEII
CASSLGLAGGNTDTQYF	LLDDFVEII
CASSQPTVGTEAFF	LLDDFVEII
CASSKAGQTPTLLVLTF	LLDDFVEII
CSLNRDYSQFF	LLDDFVEII
CAIRPGTGREQYF	LLDDFVEII
CASSSAGGPSGNEQFF	LLDDFVEII
CASSNRAGPYNEQFF	LLDDFVEII
CASSLVTAPGRGQYF	LLDDFVEII
CASSLRGGPINEQFF	LLDDFVEII
CSARPGRTEAFF	LLDDFVEII
CASSLLGLAGEVTQYF	LLDDFVEII
CASSGPGLGVVEQYF	LLDDFVEII
CASLSARETQYF	LLDDFVEII
