CDR3	AA
CASSQDPSTGVYGYTF	MEVTPSGTWL
CASSPGRDANTGELFF	MEVTPSGTWL
CSARDWTGGSSYEQYF	MEVTPSGTWL
CATSDLQGETDTQYF	MEVTPSGTWL
CASSPLGGSYEQYF	MEVTPSGTWL
CASKLPGQGGEQYF	MEVTPSGTWL
CASSPRGAERVGYTF	MEVTPSGTWL
CASSSPAGGPEDTQYF	MEVTPSGTWL
CASSQATGVNTEAFF	MEVTPSGTWL
CASSVGGVGAEAFF	MEVTPSGTWL
CASSLGLPSNQPQHF	MEVTPSGTWL
CASTPGPTTGELFF	MEVTPSGTWL
CASSLGTGYNEQFF	MEVTPSGTWL
CASSPVFYTLSSGNTIYF	MEVTPSGTWL
CASSFAGAVYNEQFF	MEVTPSGTWL
CASSVVGVNTGELFF	MEVTPSGTWL
CASSPPISRGYFTEAFF	MEVTPSGTWL
CATSVAPGREQFF	MEVTPSGTWL
CASSPDPGLAGHEQYF	MEVTPSGTWL
CASSFASGSVNEQFF	MEVTPSGTWL
CASGWGLPITDTQYF	MEVTPSGTWL
CASSQDVASGPQETQYF	MEVTPSGTWL
CASSLEPSGGDQETQYF	MEVTPSGTWL
CATSDSTSSYEQYF	MEVTPSGTWL
CASSQGGHQSDEQYF	MEVTPSGTWL
CASSINTGGAGMNTEAFF	MEVTPSGTWL
CASSAVHYSNQPQHF	MEVTPSGTWL
CASSTDRGAINSPLHF	MEVTPSGTWL
CASSPGTGFGNTIYF	MEVTPSGTWL
CASSQFSPNEQFF	MEVTPSGTWL
CASSLGVGTEAFF	MEVTPSGTWL
CASSLGTIAYEQYF	MEVTPSGTWL
CATEKEEQGAGYGYTF	MEVTPSGTWL
CASHWGDYEQYF	MEVTPSGTWL
CASSQVSGTDTQYF	MEVTPSGTWL
CASSLVGVENYEQYF	MEVTPSGTWL
CASSFDVGEQYF	MEVTPSGTWL
CASSLLTGDFGTEAFF	MEVTPSGTWL
CASSYPFLGNSNQPQHF	MEVTPSGTWL
CASSQEPTELYEQYF	MEVTPSGTWL
CASSQDPGSLTEAFF	MEVTPSGTWL
CASSLGRLSPETDTQYF	MEVTPSGTWL
CASSLGIPPNEQFF	MEVTPSGTWL
CASSLYRGTEAFF	MEVTPSGTWL
CSARFARLYEQYF	MEVTPSGTWL
CASSLQPRQGMNTEAFF	MEVTPSGTWL
CASSQPGLGEETQYF	MEVTPSGTWL
CAIGTGNNEQFF	MEVTPSGTWL
CASSLGPGGMNTEAFF	MEVTPSGTWL
CASSRRQVMYQETQYF	MEVTPSGTWL
CASTRGSGYTF	MEVTPSGTWL
CASSVNLDNTEAFF	MEVTPSGTWL
CASSQGGQPQHF	MEVTPSGTWL
CASSPLARSLTDTQYF	MEVTPSGTWL
CASSEAQGGQPQHF	MEVTPSGTWL
CASSQEGGPGANVLTF	MEVTPSGTWL
CASSYSGQQHNSPLHF	MEVTPSGTWL
CASSQARANTGELFF	MEVTPSGTWL
CATSDGLADSYEQYF	MEVTPSGTWL
CASSQLEFNSPLHF	MEVTPSGTWL
CSAGQGVGTEAFF	MEVTPSGTWL
CSGGRTNYNEQFF	MEVTPSGTWL
CASSVGDRGNEQFF	MEVTPSGTWL
CASSPTSEAGGLYEQYF	MEVTPSGTWL
CASSELPYNEQFF	MEVTPSGTWL
CASSFHSRDAAYEQYF	MEVTPSGTWL
CASSVIPPGAGYNEQFF	MEVTPSGTWL
CASSPSPEQGHEQFF	MEVTPSGTWL
CASSLMSRYGEQFF	MEVTPSGTWL
CASSTVHYSNQPQHF	MEVTPSGTWL
CASSSPDRNQPQHF	MEVTPSGTWL
CASSQASFSHEQYF	MEVTPSGTWL
CASGFFVRANTEAFF	MEVTPSGTWL
CASSLIWERGTEAFF	MEVTPSGTWL
CASSTGTGGYTEAFF	MEVTPSGTWL
CASSEVGQGLTPLHF	MEVTPSGTWL
CASSLAEWDSYEQYF	MEVTPSGTWL
CATVGQVGDNEQFF	MEVTPSGTWL
CASRPPIGPSYNEQFF	MEVTPSGTWL
CASSFEGAGGELFF	MEVTPSGTWL
CASSYSLQAAYNEQFF	MEVTPSGTWL
CASSFREYGYTF	MEVTPSGTWL
CASRWTGETYEQYF	MEVTPSGTWL
CASSLGPPGGGDQPQHF	MEVTPSGTWL
CASSVGIASNYGYTF	MEVTPSGTWL
CASSPSRDLYEQYF	MEVTPSGTWL
CATSDPRVEAYEQYF	MEVTPSGTWL
CASSLGTPPQPQHF	MEVTPSGTWL
CASSQAGAQETQYF	MEVTPSGTWL
CASSQDPVTSGYNEQFF	MEVTPSGTWL
CASSYSIYPYNEQFF	MEVTPSGTWL
CASSLGLAGDNEQFF	MEVTPSGTWL
CASSLPGLEGMETQYF	MEVTPSGTWL
CASSLTGETYEQYF	MEVTPSGTWL
CASSLGQWQGLREQFF	MEVTPSGTWL
CASSLAFSGPTDTQYF	MEVTPSGTWL
CASSQISGDPSYEQYF	MEVTPSGTWL
CSASDRDRGRPNEKLFF	MEVTPSGTWL
CASSQLAGARNEQFF	MEVTPSGTWL
CASSTTLLDGSYEQYF	MEVTPSGTWL
CASSQWTGGDTEAFF	MEVTPSGTWL
CASSLGAWGQPQHF	MEVTPSGTWL
CASSHRGGLGTGELFF	MEVTPSGTWL
CASSQAPGQYEQYF	MEVTPSGTWL
CATSDEGFEQYF	MEVTPSGTWL
CATSRDGGPQHF	MEVTPSGTWL
CASSFGQGTGNTIYF	MEVTPSGTWL
CASSQGPLADIYNEQFF	MEVTPSGTWL
CASSQVEVTGELFF	MEVTPSGTWL
CASSLRLGSSGNTIYF	MEVTPSGTWL
CASSQESVWERGSSEQYF	MEVTPSGTWL
CASCPGQGLLSYEQYF	MEVTPSGTWL
CASRAVGYSNQPQHF	MEVTPSGTWL
CSAIIGYSNQPQHF	MEVTPSGTWL
CASSLGGGYNEQFF	MEVTPSGTWL
CASSLEGENYGYTF	MEVTPSGTWL
CASSLGRTGFQPQHF	MEVTPSGTWL
CASSFILVGTNTEAFF	MEVTPSGTWL
CATSDSGSTYEQYF	MEVTPSGTWL
CASSQDPSLTGELFF	MEVTPSGTWL
CASSQGLAIVAEQFF	MEVTPSGTWL
CASSLTLYTEAFF	MEVTPSGTWL
CASSLGGSYEQYF	MEVTPSGTWL
CASSLAGIEAYEQYF	MEVTPSGTWL
CASSLAPHGTSGRNEQFF	MEVTPSGTWL
CASSPPGTEAFF	MEVTPSGTWL
CASTGDNYGYTF	MEVTPSGTWL
CASSYGGPLNTEAFF	MEVTPSGTWL
CASSLMLGLAGVEGTDTQYF	MEVTPSGTWL
CASSLGVMYNEQFF	MEVTPSGTWL
CSAPKGTSGRPGEQFF	MEVTPSGTWL
CASGTGFTDTQYF	MEVTPSGTWL
CASSGAGGFNYEQYF	MEVTPSGTWL
CASSHAPTSLRSTDTQYF	MEVTPSGTWL
CASSSGGTGRAREEQYF	MEVTPSGTWL
CASNIGWGTEAFF	MEVTPSGTWL
CASTPGGNEQFF	MEVTPSGTWL
CASSPPPAGESYEQYF	MEVTPSGTWL
CASSQRVSMGDTQYF	MEVTPSGTWL
CASSPPPGGYEQYF	MEVTPSGTWL
CASSQARNTEAFF	MEVTPSGTWL
CASSQVEVNTEAFF	MEVTPSGTWL
CASSIASTDTQYF	MEVTPSGTWL
CASSIVNGGSSYNEQFF	MEVTPSGTWL
CASSQPGLDYGYTF	MEVTPSGTWL
CASSWGLFTEAFF	MEVTPSGTWL
CATSDGSGTSYEQYF	MEVTPSGTWL
CASSLDIGLNTEAFF	MEVTPSGTWL
CASSQENYSNQPQHF	MEVTPSGTWL
CASSLAEYSGNTIYF	MEVTPSGTWL
CASSLSGTGFQSPLHF	MEVTPSGTWL
CASSPSTSGGGETQYF	MEVTPSGTWL
CSARALAGINNEQFF	MEVTPSGTWL
CASSLQGLDLPDTQYF	MEVTPSGTWL
CASSDWAGTDYGYTF	MEVTPSGTWL
CASSEVGGSHQPQHF	MEVTPSGTWL
CASSQEADISYEQYF	MEVTPSGTWL
CASSQDLAGVSDGELFF	MEVTPSGTWL
CASSGSADYQETQYF	MEVTPSGTWL
CASSSQGVGNTIYF	MEVTPSGTWL
CASSEVLGLAGVFEQYF	MEVTPSGTWL
CAISEGLAKSIGELFF	MEVTPSGTWL
CASSQGLEAQYF	MEVTPSGTWL
CASSLAGANEQFF	MEVTPSGTWL
CASSLGSTDTQYF	MEVTPSGTWL
CATSDHLEYEQYF	MEVTPSGTWL
CAISETPLAGGTTGELFF	MEVTPSGTWL
CASSLEDGANYGYTF	MEVTPSGTWL
CASSVSQGITGELFF	MEVTPSGTWL
CASTSSDYLTDTQYF	MEVTPSGTWL
CASVEGPDHADTQYF	MEVTPSGTWL
CASPTSHRTANTDTQYF	MEVTPSGTWL
CASSKDYRGGELFF	MEVTPSGTWL
CASSQDPAVNTEAFF	MEVTPSGTWL
CAWDPPMGTEAFF	MEVTPSGTWL
CASSRGRDSSYEQYF	MEVTPSGTWL
CASSDRDRGWATNEKLFF	MEVTPSGTWL
CATSGQSSYNEQFF	MEVTPSGTWL
CASSLGQGIGSYEQYF	MEVTPSGTWL
CASSLGQGTGNTIYF	MEVTPSGTWL
CASSLSAGGGETQYF	MEVTPSGTWL
CASSLFVLGGDNQPQHF	MEVTPSGTWL
CASSLTAEPQETQYF	MEVTPSGTWL
CASIYGREQYF	MEVTPSGTWL
CASSGEGGLNTGELFF	MEVTPSGTWL
CASSFSGEPQETQYF	MEVTPSGTWL
CATSDRDSYEQYF	MEVTPSGTWL
CASSGGSGYEQYF	MEVTPSGTWL
CATDSETGELFF	MEVTPSGTWL
CASSQGYGFYEQYF	MEVTPSGTWL
CASSVGTGTYEQYF	MEVTPSGTWL
CASRLGMNTEAFF	MEVTPSGTWL
CASSLSRYTEAFF	MEVTPSGTWL
CASSLQDGNEQFF	MEVTPSGTWL
CASSFSQSSGANVLTF	MEVTPSGTWL
CASGTATYNEQFF	MEVTPSGTWL
CASSQEREDTGELFF	MEVTPSGTWL
CASRGGTEAFF	MEVTPSGTWL
CASSQPGLHYEQYF	MEVTPSGTWL
CASSPLQGLDGYTF	MEVTPSGTWL
CASSLAITYEQYF	MEVTPSGTWL
CASSQGMAQPQHF	MEVTPSGTWL
CATSDPTASSYEQYF	MEVTPSGTWL
CASSLMVETGEQYF	MEVTPSGTWL
CASSWDFYEQYF	MEVTPSGTWL
CASSPVGDNTGELFF	MEVTPSGTWL
CASSIITGSNQPQHF	MEVTPSGTWL
CASSEGKGTGLYEQYF	MEVTPSGTWL
CASSLELLPSGELFF	MEVTPSGTWL
CASSQDPGVVSEAFF	MEVTPSGTWL
CASSSGGTDTQYF	MEVTPSGTWL
CASSVVPGQSPVTDTQYF	MEVTPSGTWL
CASSDGTYNEQFF	MEVTPSGTWL
CASSQPGLHSGGEQYF	MEVTPSGTWL
CASSYNRDRVVNTEAFF	MEVTPSGTWL
CSARDGQGWDTGELFF	MEVTPSGTWL
CASSFGQGEYNEQFF	MEVTPSGTWL
CASSQDGDLTSYEQYF	MEVTPSGTWL
CASSLAGTGMNTEAFF	MEVTPSGTWL
CASSLFRTGEWEQYF	MEVTPSGTWL
CASSPTGAIAKNIQYF	MEVTPSGTWL
CASNSGPELFF	MEVTPSGTWL
CASSQVPRDPSYEQYF	MEVTPSGTWL
CASSVGNNSPLHF	MEVTPSGTWL
CATSVGFVNEQFF	MEVTPSGTWL
CASSLTPLASDTQYF	MEVTPSGTWL
CASSQDYDTSYEQYF	MEVTPSGTWL
CSAREWRGGSDTQYF	MEVTPSGTWL
CASSVMGLGQAYEQYF	MEVTPSGTWL
CASSLGFRQPQHF	MEVTPSGTWL
CAISSGTEDTYEQYF	MEVTPSGTWL
CAAKQAGTEGTEAFF	MEVTPSGTWL
CASSLSLPGAAGTEYNEQFF	MEVTPSGTWL
CARGGGRLPDTQYF	MEVTPSGTWL
CAWTLGGRGHYNEQFF	MEVTPSGTWL
CASSPGTGGVQYF	MEVTPSGTWL
CASSEEGSPHYEQYF	MEVTPSGTWL
CASKLGPQGSSGNTIYF	MEVTPSGTWL
CASSQGGTSPIGYTF	MEVTPSGTWL
CASSLVPRQGEAYNEQFF	MEVTPSGTWL
CASSQREAYNEQFF	MEVTPSGTWL
CASSWGQGVMNEQFF	MEVTPSGTWL
CASSLGELNTEAFF	MEVTPSGTWL
CASSPQGDEQFF	MEVTPSGTWL
CATSDSTGASYEQYF	MEVTPSGTWL
CASSLVPPTSGYTGELFF	MEVTPSGTWL
CASSLADTGNEQFF	MEVTPSGTWL
CASSFGVVNEQFF	MEVTPSGTWL
CASSQESLNYEQYF	MEVTPSGTWL
CASSLGGTDTQYF	MEVTPSGTWL
CSATGHRESYQPQHF	MEVTPSGTWL
CASSPTSGSASSYNEQFF	MEVTPSGTWL
CASGLGEAWGNEQFF	MEVTPSGTWL
CASSLGGPGAETQYF	MEVTPSGTWL
CASSFWPRNTGELFF	MEVTPSGTWL
CASSPQVSLNTEAFF	MEVTPSGTWL
CASSISTGESGSPLHF	MEVTPSGTWL
CASSLGSTDTQYF	MEVTPSGTWL
CASSEAPGLGYEQYF	MEVTPSGTWL
CASRPHASGGEQFF	MEVTPSGTWL
CASSQAGLGWGVEQFF	MEVTPSGTWL
CASSQEGTVNTEAFF	MEVTPSGTWL
CATTSGNTGELFF	MEVTPSGTWL
CASSFRDNSPLHF	MEVTPSGTWL
CASSLDRATTNEKLFF	MEVTPSGTWL
CASRWTGETEAFF	MEVTPSGTWL
CASSHEGGTSGYYNEQFF	MEVTPSGTWL
CASSQFPGGDLHF	MEVTPSGTWL
CASSIALYSNQPQHF	MEVTPSGTWL
CASSPYPADGNTIYF	MEVTPSGTWL
CASSQMDGTNSPLHF	MEVTPSGTWL
CASSLSPAVNTEAFF	MEVTPSGTWL
CASRAVFVTGELFF	MEVTPSGTWL
CASSVSESRGPTDTQYF	MEVTPSGTWL
CASSEADAPEYEQYF	MEVTPSGTWL
CAIKIPETDTQYF	MEVTPSGTWL
CASSLLGRSTTNEKLFF	MEVTPSGTWL
CASRREGQGWNTGELFF	MEVTPSGTWL
CASSFLTQISSYNEQFF	MEVTPSGTWL
CASSQVSRDTGELFF	MEVTPSGTWL
CASSWGGPMNTEAFF	MEVTPSGTWL
CASRITTGELFF	MEVTPSGTWL
CASSQDEGLTGNTIYF	MEVTPSGTWL
CASSASSGYTLAFQPDTQYF	MEVTPSGTWL
CASTRWDTETQYF	MEVTPSGTWL
CASSLGQGVSSYEQYF	MEVTPSGTWL
CASSLGGGYNEQFF	MEVTPSGTWL
CASSVGGGETQYF	MEVTPSGTWL
CASSEGDRVEQYF	MEVTPSGTWL
CASSLGTSGILLYNEQFF	MEVTPSGTWL
CASSPGPQTQYF	MEVTPSGTWL
CASSQVEYSNQPQHF	MEVTPSGTWL
CAIYF	MEVTPSGTWL
CASTDPGGTTNYGYTF	MEVTPSGTWL
CASGFELRELAGGPHEQFF	MEVTPSGTWL
CASSLLAGEYNEQFF	MEVTPSGTWL
CSVEVREIYNEQFF	MEVTPSGTWL
CASARPGEGYTF	MEVTPSGTWL
CSAHPQTSERGEQYF	MEVTPSGTWL
CASSQEQGQGRQPQHF	MEVTPSGTWL
CASSLGQGSYNEQFF	MEVTPSGTWL
CASSYEGGPETQYF	MEVTPSGTWL
CASSLVLAVSYNEQFF	MEVTPSGTWL
CASSPADTWGTEAFF	MEVTPSGTWL
CASSFGTGYTEAFF	MEVTPSGTWL
CASSLGFPINQPQHF	MEVTPSGTWL
CATSRVALAAYNEQFF	MEVTPSGTWL
CSARDLAGEAGELFF	MEVTPSGTWL
CASSRLPLGGTGELFF	MEVTPSGTWL
CASSYPPPGVGYNEQFF	MEVTPSGTWL
CASSLTGDNTGELFF	MEVTPSGTWL
CASSIGLIGGGNTEAFF	MEVTPSGTWL
CASSLGTGYNEQFF	MEVTPSGTWL
CASSYGDNEQFF	MEVTPSGTWL
CASSQPFLADTGELFF	MEVTPSGTWL
CASSRTGLGSPTYEQYF	MEVTPSGTWL
CASSPPSDQETQYF	MEVTPSGTWL
CATGQGNEQFF	MEVTPSGTWL
CASSLPYTDYEQYF	MEVTPSGTWL
CSARDLTSGRANDITTDTQYF	MEVTPSGTWL
CASSWGIPNTGELFF	MEVTPSGTWL
CASSLGPHRQGADTQYF	MEVTPSGTWL
CASSLFLSGDPETQYF	MEVTPSGTWL
CASSHGTRGDTQYF	MEVTPSGTWL
CASSPLETYEQYF	MEVTPSGTWL
CASSFVQGSQPQHF	MEVTPSGTWL
CASSSRGGRAFDEQFF	MEVTPSGTWL
CASSFPGSEQFF	MEVTPSGTWL
CASSLAGTGYRNQPQHF	MEVTPSGTWL
CASSLGTGYNEQFF	MEVTPSGTWL
CASSWGQVSGNEQFF	MEVTPSGTWL
CASGFLLRGGNNYGYTF	MEVTPSGTWL
CASSEGTADRVTGELFF	MEVTPSGTWL
CASSLDWGSSGTEAFF	MEVTPSGTWL
CASSFHREVVGYEQYF	MEVTPSGTWL
CASSWDIANPYEQYF	MEVTPSGTWL
CASSLVETAYGYTF	MEVTPSGTWL
CASSTLDRATSTDTQYF	MEVTPSGTWL
CASSQKSGGVETQYF	MEVTPSGTWL
CSAPRDSFFEQYF	MEVTPSGTWL
CASRRQGPEMEQYF	MEVTPSGTWL
CASSLANNSPLHF	MEVTPSGTWL
CASSLTETGANVLTF	MEVTPSGTWL
CASSLANPRDSPYNSPLHF	MEVTPSGTWL
CASSVADRGNEQFF	MEVTPSGTWL
CASTTGMKTDTQYF	MEVTPSGTWL
CASSLGLAGFGYNEQFF	MEVTPSGTWL
CASSQDGAQGAFYEQYF	MEVTPSGTWL
CASSLFIGTVNTEAFF	MEVTPSGTWL
CASSHGQGDYNEQFF	MEVTPSGTWL
CASSYPNSTGPETEAFF	MEVTPSGTWL
CASSLTAEATNEKLFF	MEVTPSGTWL
CATSDSASSTDTQYF	MEVTPSGTWL
CASLGGLETQYF	MEVTPSGTWL
CAISESPVRTYEQYF	MEVTPSGTWL
CASSLAFGTEAFF	MEVTPSGTWL
CASSLGSGALEQYF	MEVTPSGTWL
CASSQLAGVPYEQYF	MEVTPSGTWL
CSARDLWEPSQETQYF	MEVTPSGTWL
CASSPAGATQYF	MEVTPSGTWL
CSARVLRGSYNEQFF	MEVTPSGTWL
CASSKGPRGTQYF	MEVTPSGTWL
CASSLGAASGYNEQFF	MEVTPSGTWL
CASSLVVTASTDTQYF	MEVTPSGTWL
CASSELGNTIYF	MEVTPSGTWL
CASSYYRGSGELFF	MEVTPSGTWL
CSAGTSGSWNEQYF	MEVTPSGTWL
CASSLGTGASLYEQYF	MEVTPSGTWL
CASSLGLVYEQYF	MEVTPSGTWL
CASSVTQGALTLNTEAFF	MEVTPSGTWL
CASSLAGVGAGGPTDTQYF	MEVTPSGTWL
CASSPGLAIYNEQFF	MEVTPSGTWL
CASTDGHEQFF	MEVTPSGTWL
CASRKDPGQVNTEAFF	MEVTPSGTWL
CASTPNLLASEQYF	MEVTPSGTWL
CSARDLHAGGTNEQYF	MEVTPSGTWL
CASRLGTPYEQYF	MEVTPSGTWL
CASSLGRTLYNEQFF	MEVTPSGTWL
CASSLNQGSGALGEQYF	MEVTPSGTWL
CASSLAGSSYNEQFF	MEVTPSGTWL
CASSQTLGETGLEQYF	MEVTPSGTWL
CASSPGPDGYTF	MEVTPSGTWL
CATGVRDTSYNEQFF	MEVTPSGTWL
CASSPAGAYEQYF	MEVTPSGTWL
CASSEILLGATGELFF	MEVTPSGTWL
CATSDPGANTDTQYF	MEVTPSGTWL
CASSLQRGLVWSTEAFF	MEVTPSGTWL
CSGTGEPFTDTQYF	MEVTPSGTWL
CASSVGLAGNEQFF	MEVTPSGTWL
CASSPTRQVDFYGYTF	MEVTPSGTWL
CASSFPFSPLHF	MEVTPSGTWL
CASSPFAGELFF	MEVTPSGTWL
CASSYGVGNNSPLHF	MEVTPSGTWL
CASSVLAGAYTDTQYF	MEVTPSGTWL
CASSEVGAGPNYGYTF	MEVTPSGTWL
CASSQIYEGGAYEQFF	MEVTPSGTWL
CASSLVQGALMDTEAFF	MEVTPSGTWL
CSARAAAGEYNEQFF	MEVTPSGTWL
CASSLLPGPGNTIYF	MEVTPSGTWL
CASSLGLGGAEQYF	MEVTPSGTWL
CASRMGGNPYEQYF	MEVTPSGTWL
CAWSVWTNTGELFF	MEVTPSGTWL
CASSPHGLASSYNEQFF	MEVTPSGTWL
CASSWGMADTDTQYF	MEVTPSGTWL
CASSVGLSTDTQYF	MEVTPSGTWL
CASSLAGFYNEQFF	MEVTPSGTWL
CASSLNGQGWYEQYF	MEVTPSGTWL
CASSQSSIEGAFNEQFF	MEVTPSGTWL
CATRSGRFNQPQHF	MEVTPSGTWL
CASSLDLGLNTEAFF	MEVTPSGTWL
CASSEPPGLAINEQFF	MEVTPSGTWL
CASSPLPGQSYEQYF	MEVTPSGTWL
CASSFAGGALTDTQYF	MEVTPSGTWL
CASSLTGSSTDTQYF	MEVTPSGTWL
CASSQVAGGETQYF	MEVTPSGTWL
CASSSRTSVNTGELFF	MEVTPSGTWL
CSARGLAGNYNEQFF	MEVTPSGTWL
CSASNQGLSNEQFF	MEVTPSGTWL
CSARDSYAGTADEETQYF	MEVTPSGTWL
CASSQDGDSGNTIYF	MEVTPSGTWL
CASSFSGVHEQYF	MEVTPSGTWL
CASSQDTGPSYEQYF	MEVTPSGTWL
CASSHGLAGDTGELFF	MEVTPSGTWL
CASSLGTPPNEQFF	MEVTPSGTWL
CASSQEKSAESSYNEQFF	MEVTPSGTWL
CASSSPGAEQYF	MEVTPSGTWL
CASSQDSLQGGGTDTQYF	MEVTPSGTWL
CSARDWKGADTQYF	MEVTPSGTWL
CASSQDWPDYNSPLHF	MEVTPSGTWL
CASSLSPGTSGGQLSEDF	MEVTPSGTWL
CASSQGAYQETQYF	MEVTPSGTWL
CASSEGNAYEQYF	MEVTPSGTWL
CASSEIITVSDSNQPQHF	MEVTPSGTWL
CASSQDRGQGFEQYF	MEVTPSGTWL
CASNFGGGRTDTQYF	MEVTPSGTWL
CASTSDSYEQYF	MEVTPSGTWL
CASSLHGESSYNEQFF	MEVTPSGTWL
CASSQDPATAGELFF	MEVTPSGTWL
CASSLTPTGLSSYNEQFF	MEVTPSGTWL
CASSLAINNEQFF	MEVTPSGTWL
CASSLANNEGSFAHTQYF	MEVTPSGTWL
CASTKRITWGHIQYF	MEVTPSGTWL
CSARPDSLRETAYEQYF	MEVTPSGTWL
CASSLRSPSEGTEAFF	MEVTPSGTWL
CASSLGLANEQFF	MEVTPSGTWL
CASSGSGFLTDTQYF	MEVTPSGTWL
CSVDKQGSGNTIYF	MEVTPSGTWL
CASSPGTGVWEQYF	MEVTPSGTWL
CASSIDRETSRGYTF	MEVTPSGTWL
CASSQVRYQETQYF	MEVTPSGTWL
CASSMGQGTYEQYF	MEVTPSGTWL
CASSWGQGAGNEQFF	MEVTPSGTWL
CASSLSGAVNTEAFF	MEVTPSGTWL
CASQSAGPLSNQPQHF	MEVTPSGTWL
CASTSFEYQETQYF	MEVTPSGTWL
CASSQDPGMNTEAFF	MEVTPSGTWL
CASSPTKPANTGELFF	MEVTPSGTWL
CASSSVSTDTQYF	MEVTPSGTWL
CASSIGGNQPQHF	MEVTPSGTWL
CASSLPGSPLHF	MEVTPSGTWL
CSARDLTPDRTNIQYF	MEVTPSGTWL
CASSQDTGATSYEQYF	MEVTPSGTWL
CASNSGGGVMIEFF	MEVTPSGTWL
CSAPSLGGGGNEQFF	MEVTPSGTWL
CASSVGWTGTYEQYF	MEVTPSGTWL
CSVRPGTAPYNEQFF	MEVTPSGTWL
CASSLVSGNSPLHF	MEVTPSGTWL
CASSVLATSTTTYEQYF	MEVTPSGTWL
CASSLGIGPQPQHF	MEVTPSGTWL
CASSQSGYSYNEQFF	MEVTPSGTWL
CSAIPLSGGDLSYNEQFF	MEVTPSGTWL
CASSEPLSTDEQFF	MEVTPSGTWL
CASGFGFATNEKLFF	MEVTPSGTWL
CASSQGREVRLGGELFF	MEVTPSGTWL
CASSYGQGSYNEQFF	MEVTPSGTWL
CASSSTGGDEQYF	MEVTPSGTWL
CASSTIPGQASPLHF	MEVTPSGTWL
CASSQVADPPYEQYF	MEVTPSGTWL
CASSYGASTGSWAKIGETQYF	MEVTPSGTWL
CASSLGVGANEQFF	MEVTPSGTWL
CASSLGLATTQYF	MEVTPSGTWL
CASRTGTGPFEKLFF	MEVTPSGTWL
CASSLFPTTSYEQYF	MEVTPSGTWL
CATSGPGSAYEQYF	MEVTPSGTWL
CASGAGVVGYNEQFF	MEVTPSGTWL
CASSQDPALNTEAFF	MEVTPSGTWL
CASSWTGETEAFF	MEVTPSGTWL
CSASGIESSYNSPLHF	MEVTPSGTWL
CASSSGTGAGEQYF	MEVTPSGTWL
CASSFRIDRSTDTQYF	MEVTPSGTWL
CASSQDRGTTFSPLHF	MEVTPSGTWL
CASSQVEFTDTQYF	MEVTPSGTWL
CASGLGGNTEAFF	MEVTPSGTWL
CASSLQGYEANEQFF	MEVTPSGTWL
CASSQLLGQGGEQYF	MEVTPSGTWL
CASSLTPEVGEQYF	MEVTPSGTWL
CATSDSQRASYEQYF	MEVTPSGTWL
CASSSAGGSSTDTQYF	MEVTPSGTWL
CASSLSEYQETQYF	MEVTPSGTWL
CSARDLGQGGVNTEAFF	MEVTPSGTWL
CASSESGTGFNQPQHF	MEVTPSGTWL
CASSKDSGVNQPQHF	MEVTPSGTWL
CASSQPGMPQHF	MEVTPSGTWL
CASSVGEPSYEQYF	MEVTPSGTWL
CATSDSTQYASTNEKLFF	MEVTPSGTWL
CASSLSLAGFNEQFF	MEVTPSGTWL
CASSWTGESNEQFF	MEVTPSGTWL
CASSLGLTDTQYF	MEVTPSGTWL
CASNFQGWAAEAFF	MEVTPSGTWL
CASSPRDRGFYEQYF	MEVTPSGTWL
CASSSAGVLNSPLHF	MEVTPSGTWL
CASSSGRRENEQFF	MEVTPSGTWL
CATSGRDSSYEQYF	MEVTPSGTWL
CSARALELAEEAYEQYF	MEVTPSGTWL
CASSDSGRSYNEQFF	MEVTPSGTWL
CATSDLRANQETQYF	MEVTPSGTWL
CATSIKRGENTEAFF	MEVTPSGTWL
CSARDPERAGGPDTQYF	MEVTPSGTWL
CASSTAAGLADYNEQFF	MEVTPSGTWL
CASSLGSGSYNEQFF	MEVTPSGTWL
CASSYGTGTGTEAFF	MEVTPSGTWL
CASSLGGSYEQYF	MEVTPSGTWL
CASSHPQGLAGGSSTDTQYF	MEVTPSGTWL
CASSLGGYEQYF	MEVTPSGTWL
CASSPHDKNTEAFF	MEVTPSGTWL
CASSQRDGMNTEAFF	MEVTPSGTWL
CSARDRHRLTEAFF	MEVTPSGTWL
CASTPGWMDTEAFF	MEVTPSGTWL
CASSQEYGAGGWGETQYF	MEVTPSGTWL
CASSLGTGYNEQFF	MEVTPSGTWL
CASSLAEGLNTEAFF	MEVTPSGTWL
CASSLGLDTEAFF	MEVTPSGTWL
CASSIEAGGVSVNEQFF	MEVTPSGTWL
CSARVAAPTQQYF	MEVTPSGTWL
CASSPTGSSYNEQFF	MEVTPSGTWL
CASSYGQGSGNEQFF	MEVTPSGTWL
CASSIQGDNQPQHF	MEVTPSGTWL
CASSLADSQPTDTQYF	MEVTPSGTWL
CASSEAPQLAGAYEQYF	MEVTPSGTWL
CATSGKGDRDYEQFF	MEVTPSGTWL
CASSSTGGLYNEQFF	MEVTPSGTWL
CASSLGTGVEYEQYF	MEVTPSGTWL
CASSATTDQNTEAFF	MEVTPSGTWL
CASRELNLYEQYF	MEVTPSGTWL
CATSRDKLGQETQYF	MEVTPSGTWL
CASRPGLEGSPETQYF	MEVTPSGTWL
CASLPPGSSYNEQFF	MEVTPSGTWL
CASSLGLAAYNEQFF	MEVTPSGTWL
CASSFSGGYTEAFF	MEVTPSGTWL
CASSHRPGLAGGSNEQFF	MEVTPSGTWL
CATSDSLLSTDTQYF	MEVTPSGTWL
CASSWPPDSVLVNEQYF	MEVTPSGTWL
CASSFPDTQYF	MEVTPSGTWL
CASSFGFGEQFF	MEVTPSGTWL
CASSSTGGDEQYF	MEVTPSGTWL
CASSEALVGQGLTDTQYF	MEVTPSGTWL
CASSFGQGDSDEQFF	MEVTPSGTWL
CASSNPDRTRSFLGANVLTF	MEVTPSGTWL
CASSQGSQGNEKLFF	MEVTPSGTWL
CASSLDRPTYEQYF	MEVTPSGTWL
CASSVTAGGVYNEQFF	MEVTPSGTWL
CASSLSAGGSGYTF	MEVTPSGTWL
CASHSGGELFF	MEVTPSGTWL
CATSDSLTEYETQYF	MEVTPSGTWL
CASSSLVAGVYETQYF	MEVTPSGTWL
CASTPHGTSYNEQFF	MEVTPSGTWL
CASSVGREWASTDTQYF	MEVTPSGTWL
CASSLAGDTDTQYF	MEVTPSGTWL
CASSLSIETMVYEQYF	MEVTPSGTWL
CASSYAGLATYNEQFF	MEVTPSGTWL
CASSLGGASDNEQFF	MEVTPSGTWL
CASSKPGQGPSYGYTF	MEVTPSGTWL
CASSLPPPGTGVYNEQFF	MEVTPSGTWL
CASRQGGDEGETQYF	MEVTPSGTWL
CASSSYYNEQFF	MEVTPSGTWL
CASSFFLTANNEQFF	MEVTPSGTWL
CASSYAGGAGETQYF	MEVTPSGTWL
CASSLGLNEQFF	MEVTPSGTWL
CASSAPPGLGTDTQYF	MEVTPSGTWL
CASSEYKDSSSYNEQFF	MEVTPSGTWL
CASSPRPRGASSYNEQFF	MEVTPSGTWL
CASSLGGRSEQYF	MEVTPSGTWL
CASGLGNQPQHF	MEVTPSGTWL
CASAHGHLYNEQFF	MEVTPSGTWL
CASSVVGGDTEAFF	MEVTPSGTWL
CASSFHRGSAILNTEAFF	MEVTPSGTWL
CASSELGAGGFEQFF	MEVTPSGTWL
CSARGNEQYF	MEVTPSGTWL
CSARDLTSSYNEQFF	MEVTPSGTWL
CASSVAVTGVIDGELFF	MEVTPSGTWL
CASSYGQGSGNEQFF	MEVTPSGTWL
CASGLVLTGGSHEQFF	MEVTPSGTWL
CASSQAPLYVLNTEAFF	MEVTPSGTWL
CSVPGQGSPTYEQYF	MEVTPSGTWL
CSARDIRGSLGEQFF	MEVTPSGTWL
CASSLTRSGNQPQHF	MEVTPSGTWL
CASSFVMNTEAFF	MEVTPSGTWL
CASRDSGIEQFF	MEVTPSGTWL
CASSLTGGSYNEQFF	MEVTPSGTWL
CASSLDKAGTEAFF	MEVTPSGTWL
CASSRPGLEGNEQFF	MEVTPSGTWL
CASNPLAGDGETQYF	MEVTPSGTWL
CASSWTGETEAFF	MEVTPSGTWL
CASSQAADLYGYTF	MEVTPSGTWL
CASSLDLGMNTEAFF	MEVTPSGTWL
CASSLFGGAVTLEQYF	MEVTPSGTWL
CASSQPGGRDEKLFF	MEVTPSGTWL
CASSSMTAWNQPQHF	MEVTPSGTWL
CASSHGGEPQETQYF	MEVTPSGTWL
CASSEALYQRTSYNSPLHF	MEVTPSGTWL
CSARDGAGGPSVGVTDTQYF	MEVTPSGTWL
CSAREGASGGPYEQYF	MEVTPSGTWL
CASSLGTAGPSTDTQYF	MEVTPSGTWL
CASSPLPPGQGAHQPQHF	MEVTPSGTWL
CATSDSTQSTDTQYF	MEVTPSGTWL
CASSWGQGEGDTQYF	MEVTPSGTWL
CASSEAPRLAGHYEQYF	MEVTPSGTWL
CASSLGQGPPQHF	MEVTPSGTWL
CASSATGSTGELFF	MEVTPSGTWL
CASSLDGRPTYEQYF	MEVTPSGTWL
CASSQFKGGGSHNEQFF	MEVTPSGTWL
CASSQAGPYSNQPQHF	MEVTPSGTWL
CASQGLYEQYF	MEVTPSGTWL
CASSLGFPHYGYTF	MEVTPSGTWL
CASALRQGSSGNTIYF	MEVTPSGTWL
CATRGPGTDTQYF	MEVTPSGTWL
CASSVTGGTEAFF	MEVTPSGTWL
CASSSTSTDTQYF	MEVTPSGTWL
CASSLASWQNTEAFF	MEVTPSGTWL
CASSYRITQAAYNEKLFF	MEVTPSGTWL
CASSEVQGAYNSPLHF	MEVTPSGTWL
CSAPERQGNYGYTF	MEVTPSGTWL
CSVGTASGNTIYF	MEVTPSGTWL
CASSLEGAGIAEAFF	MEVTPSGTWL
CASSGTSGGNEQFF	MEVTPSGTWL
CASGFVLRDYQANTGELFF	MEVTPSGTWL
CASSPDSNEQFF	MEVTPSGTWL
CASSPRTETYEQYF	MEVTPSGTWL
CASSQEWLAPNEQFF	MEVTPSGTWL
CASNPTGAYGYTF	MEVTPSGTWL
CASSLGVGNQPQHF	MEVTPSGTWL
CASSLAGGNTGELFF	MEVTPSGTWL
CASSQVGSANTGELFF	MEVTPSGTWL
CASSYGQGETQYF	MEVTPSGTWL
CASSLDWASGVFGEQYF	MEVTPSGTWL
CASSQPGTGGSGEKLFF	MEVTPSGTWL
CASSLGLPSGYNEQFF	MEVTPSGTWL
CASSLSGQGNQPQHF	MEVTPSGTWL
CASSSGQGNYGYTF	MEVTPSGTWL
CSARDYGGRYNEQFF	MEVTPSGTWL
CATAGTESSYEQYF	MEVTPSGTWL
CASSEVVTESYEQYF	MEVTPSGTWL
CASSMGVGYNEQFF	MEVTPSGTWL
CASSLGPPGQGAWQPQHF	MEVTPSGTWL
CASSLFRGNAKNIQYF	MEVTPSGTWL
CASSQERVDTEAFF	MEVTPSGTWL
CASSPVDREANYGYTF	MEVTPSGTWL
CASSLSFGEKNTEAFF	MEVTPSGTWL
CASSNYEQYF	MEVTPSGTWL
CASSLGLAAYNEQFF	MEVTPSGTWL
CASSPGGGPPLLGNEQYF	MEVTPSGTWL
CATKDAYGYTF	MEVTPSGTWL
CASSQVWDHGNQPQHF	MEVTPSGTWL
CATSDLKETQETQYF	MEVTPSGTWL
CASSLQTSGRGEQFF	MEVTPSGTWL
CASSLMGGIHNEQFF	MEVTPSGTWL
CASNLGLPTRGEQYF	MEVTPSGTWL
CASSPLTAGGDFF	MEVTPSGTWL
CASSLQNAGSSYNEQFF	MEVTPSGTWL
CASSHPGQGRTEAFF	MEVTPSGTWL
CASSLGPRGNTEAFF	MEVTPSGTWL
CASSLSRYTEAFF	MEVTPSGTWL
CASRIAGETAGELFF	MEVTPSGTWL
CASSRLVPPTDTQYF	MEVTPSGTWL
CASSLMAGPGFDEQFF	MEVTPSGTWL
CASSLDWTNEQFF	MEVTPSGTWL
CASSVGTGGHEQFF	MEVTPSGTWL
CASSTPRDRGSYEQYV	MEVTPSGTWL
CASSAEVRGTASTDTQYF	MEVTPSGTWL
CASKTGGGTGGEQYF	MEVTPSGTWL
CASSLIPTVAGGDEQFF	MEVTPSGTWL
CASSPFSASATGELFF	MEVTPSGTWL
CATSRGGSGVGNEQFF	MEVTPSGTWL
CASSQDWDSSYEQYF	MEVTPSGTWL
CASSPGPTQYF	MEVTPSGTWL
CAWTSSNSEQYF	MEVTPSGTWL
CASSLGLANEQFF	MEVTPSGTWL
CASSEAPVGTGAYGYTF	MEVTPSGTWL
CASSITPRLGGEDTEAFF	MEVTPSGTWL
CASSLWEGQGTYEQYF	MEVTPSGTWL
CASSPMDRAKSMNYGYTF	MEVTPSGTWL
CATAEAGDTGELFF	MEVTPSGTWL
CASSTAGVGYSNQPQHF	MEVTPSGTWL
CASSVGLPVTGELFF	MEVTPSGTWL
CSVEGEEVSTDTQYF	MEVTPSGTWL
CASSYPGLAGGLGDTQYF	MEVTPSGTWL
CASSQGTAYNEQFF	MEVTPSGTWL
CASSWSYGSSYNEQFF	MEVTPSGTWL
CASSLTLGNTGLKFF	MEVTPSGTWL
CATSGNREDSYEQYF	MEVTPSGTWL
CASSEVGTGFSNQPQHF	MEVTPSGTWL
CASRNTGEAGNTIYF	MEVTPSGTWL
CASSLHITYNEQFF	MEVTPSGTWL
CASSQDTALVAGYYNEQFF	MEVTPSGTWL
CASSQDGASGGGELFF	MEVTPSGTWL
CASSLGLANEQYF	MEVTPSGTWL
CASSQQEYGGEQFF	MEVTPSGTWL
CATNSRTGGQDTEAFF	MEVTPSGTWL
CASSPGVLNYGYTF	MEVTPSGTWL
CASREVRDISYEQYF	MEVTPSGTWL
CASRPGDGNQPQHF	MEVTPSGTWL
CASSYSGDRVNEQYF	MEVTPSGTWL
CASSAGTSGYYEQYF	MEVTPSGTWL
CASSVGLPLNNEQFF	MEVTPSGTWL
CSAGPMGAVYNEQFF	MEVTPSGTWL
CASSQDPALTEKLFF	MEVTPSGTWL
CSARTRHQIVEQYF	MEVTPSGTWL
CASSPGRAVGAFF	MEVTPSGTWL
CASSASTSGNYNEQFF	MEVTPSGTWL
CASSGQGAYEQYF	MEVTPSGTWL
CASSHLTGDFSYNEQFF	MEVTPSGTWL
CASTTSPSVDSPLHF	MEVTPSGTWL
CASSQPGLEDEQFF	MEVTPSGTWL
CASRWGPDSYEQYF	MEVTPSGTWL
CASSQVSGRASYNEQFF	MEVTPSGTWL
CASSLTGEATQYF	MEVTPSGTWL
CASSVGLAGNYEQYF	MEVTPSGTWL
CASSLGAGSSSPLHF	MEVTPSGTWL
CASSVPGGTEAFF	MEVTPSGTWL
CASSLSLETAAANYGYTF	MEVTPSGTWL
CASSEAGQMNTEAFF	MEVTPSGTWL
CASSQDYGGHSYNEQFF	MEVTPSGTWL
CASSLGPERTDSYEQYF	MEVTPSGTWL
CASSHPGGDPYEQYF	MEVTPSGTWL
CASSLGSNMNTEAFF	MEVTPSGTWL
CASSPLTTDTDTQYF	MEVTPSGTWL
CASSVGDGSYEQYF	MEVTPSGTWL
CASSSGTASGETQYF	MEVTPSGTWL
CASRSGGSGANVLTF	MEVTPSGTWL
CASSLTGTGNTEAFF	MEVTPSGTWL
CASSVGISTDTQYF	MEVTPSGTWL
CASSRPSGTLDYNEQFF	MEVTPSGTWL
CASSQVATESAYEQYF	MEVTPSGTWL
CASGLAAYEQYF	MEVTPSGTWL
CASSEAGTGGVYEQYF	MEVTPSGTWL
CASSPRDREPGTQYF	MEVTPSGTWL
CASSQPGLMNTGELFF	MEVTPSGTWL
CSARALAEPSYEQYF	MEVTPSGTWL
CASSYGQHSGNTIYF	MEVTPSGTWL
CASSLGEDRGLLNTEAFF	MEVTPSGTWL
CASSPGGTNTEQFF	MEVTPSGTWL
CASSFVAGETTYEQYF	MEVTPSGTWL
CASRAPNNEQFF	MEVTPSGTWL
CASSQVSGENYGYTF	MEVTPSGTWL
CASIRTEMNTEAFF	MEVTPSGTWL
CASSQGLAGEETQYF	MEVTPSGTWL
CSARGDPYGTEAFF	MEVTPSGTWL
CASSALSDQGRYYEQYF	MEVTPSGTWL
CASSQDGTSGRNEQFF	MEVTPSGTWL
CASSFGYEQYF	MEVTPSGTWL
CASSLEAGATEAFF	MEVTPSGTWL
CAWSRLAGGITDTQYF	MEVTPSGTWL
