CDR3	AA
CASSLEAEMNYEQYF	VRFPNITNL
CASSIPPLAGGDTGELFF	VRFPNITNL
CASSFGDGAYEQYF	VRFPNITNL
CASKPLDTAELKAFF	VRFPNITNL
CASSDTGQLYNSPLHF	VRFPNITNL
CASSLGPGAEQYF	VRFPNITNL
CASSIDRYSYNEQFF	VRFPNITNL
CASSHNSGLNTEAFF	VRFPNITNL
CASSPSNGSPYEQYF	VRFPNITNL
CASSPPSGSPYEQYF	VRFPNITNL
CASRIPGTSFYEQYF	VRFPNITNL
CSVEGFRGDGYTF	VRFPNITNL
CASSLIAKSSYNSPLHF	VRFPNITNL
CASSQSSEFDTQYF	VRFPNITNL
CASSRVGFQETQYF	VRFPNITNL
CASSPPSGTPYEQYF	VRFPNITNL
CASSLDNEQFF	VRFPNITNL
CASSLGITGNTEAFF	VRFPNITNL
CASSLFRTEPPWYGYTF	VRFPNITNL
CASSQDRSGQYF	VRFPNITNL
CASSPPSGSPYEQYF	VRFPNITNL
CASSDEDRGSGYTF	VRFPNITNL
CASSEGTIPYNEQFF	VRFPNITNL
CASSYQWPGGTEAFF	VRFPNITNL
CASTPLAASYEQYF	VRFPNITNL
CASVLNWPGNTIYF	VRFPNITNL
CASSFLSLDRDARAGELFF	VRFPNITNL
CASSWDSSGGSYNEQFF	VRFPNITNL
CSVEDRTGTYNEQFF	VRFPNITNL
CASSTFPGLALDEQFF	VRFPNITNL
CASSPTSGSPHEQYF	VRFPNITNL
CASSLITGQDEKLFF	VRFPNITNL
CASSWGFAGELFF	VRFPNITNL
CASSPPTGSPYEQYF	VRFPNITNL
CASSPAGGSLETQYF	VRFPNITNL
CASSKGLAGLNTGELFF	VRFPNITNL
CASLGWENLYEQYF	VRFPNITNL
CASSPPTGSPYEQYF	VRFPNITNL
CASGPGAIPYNEQFF	VRFPNITNL
CASSLDWGVAKNIQYF	VRFPNITNL
CASSSTDANQPQHF	VRFPNITNL
CASSSGRWGDEQFF	VRFPNITNL
CASSPATGSPYEQYF	VRFPNITNL
CASSGQATNTEAFF	VRFPNITNL
CSVGGPETQYF	VRFPNITNL
CASSFLHPGGSVEKLFF	VRFPNITNL
CASSQGLETSGTDTQYF	VRFPNITNL
CASSPRTGSPYEQYF	VRFPNITNL
CASSLIPASGVAYEQYF	VRFPNITNL
CSVARGYEQYF	VRFPNITNL
CASSQFENTEAFF	VRFPNITNL
CASSLTADGSEQFF	VRFPNITNL
CASSPVTGSPYEQYF	VRFPNITNL
CASSQAGLAGGPGDEQFF	VRFPNITNL
CASSDGLAVFNEQFF	VRFPNITNL
CASSSLAGVDNEQFF	VRFPNITNL
CASSRDTSSYNEQFF	VRFPNITNL
CSARDRVGSGNTIYF	VRFPNITNL
CASSPSGEAPHEQFF	VRFPNITNL
CASSLALLGRAHEQYF	VRFPNITNL
CASSPTTGSPYEQYF	VRFPNITNL
CASSVVAGGNEQFF	VRFPNITNL
CASSLAASHYGYTF	VRFPNITNL
CASSPFPGQGGETQYF	VRFPNITNL
CASSHSGGASTEAFF	VRFPNITNL
CASSVEGSAYNEQFF	VRFPNITNL
CASNMGQENTEAFF	VRFPNITNL
CASSAPRVAPYNEQFF	VRFPNITNL
CASTLGAVPINEQFF	VRFPNITNL
CASSFGTSGGEQYF	VRFPNITNL
CAISDLSGSRPSYNEQFF	VRFPNITNL
CASSFRSSGYEQYF	VRFPNITNL
CASSPGNEAFF	VRFPNITNL
CASSLGAFNNSPLHF	VRFPNITNL
CASSPPTGSPYEQYF	VRFPNITNL
CASSRLAGVVADTQYF	VRFPNITNL
CSARDNPGHPYEQYF	VRFPNITNL
CSVEVSDRNNEKLFF	VRFPNITNL
CASSPPGTSVYNEQFF	VRFPNITNL
CASSMGDEQYF	VRFPNITNL
CASRTGPGQDTEAFF	VRFPNITNL
CASRAGTAASDNEQFF	VRFPNITNL
CASSLSDRPGANVLTF	VRFPNITNL
CASSDGTVSYNEQFF	VRFPNITNL
CASSPATASPYEQYF	VRFPNITNL
CASGTPQGTPNTEAFF	VRFPNITNL
CSARDQALGSYEQYF	VRFPNITNL
CASSPTYEQYF	VRFPNITNL
CASSQGGGNRVKNIQYF	VRFPNITNL
CASSLFSGSPHEQYF	VRFPNITNL
CSVEDRDRPNEKLFF	VRFPNITNL
CASSLGWLAGGPRGPSTDTQYF	VRFPNITNL
CASSEGLTEAFF	VRFPNITNL
CAIRTGTTNEKLFF	VRFPNITNL
CASSERGFYEQYF	VRFPNITNL
CASSFTQGALNEQFF	VRFPNITNL
CASSAGTGSNEQFF	VRFPNITNL
CASSPLSGELFF	VRFPNITNL
CASSQDTSSYNEQFF	VRFPNITNL
CASSPTSGSPYEQYF	VRFPNITNL
CASSLGGPYEQYF	VRFPNITNL
CASSQVSLPQETQYF	VRFPNITNL
CASRDTEAFF	VRFPNITNL
CASNNSPLHF	VRFPNITNL
CASSFGTLREVYEQYF	VRFPNITNL
CASSLLLGYTGELFF	VRFPNITNL
CASSPPSGSPYEQYF	VRFPNITNL
CASSLDRGAYNEQFF	VRFPNITNL
CAWSVAREYSNQPQHF	VRFPNITNL
CASSLKEGYSYNSPLHF	VRFPNITNL
CASSLEFPGQGMEEPQHF	VRFPNITNL
CASSEGSTEAFF	VRFPNITNL
CASSPGTGAPYEQYF	VRFPNITNL
CASSLTPGTGNFNEQFF	VRFPNITNL
CASSPTTGSPYEQYF	VRFPNITNL
CASSYVENTEAFF	VRFPNITNL
CASSQVNPNEQFF	VRFPNITNL
CASSLALLGSSGNTIYF	VRFPNITNL
CASSLGQGPYNEQFF	VRFPNITNL
CASSLGGQTEAFF	VRFPNITNL
CASSLYLNYGYTF	VRFPNITNL
CASSGSGNSYEQYF	VRFPNITNL
CASSEWRDEKLFF	VRFPNITNL
CASSFLGLPGPTRHSNQPQHF	VRFPNITNL
CASSLSGGEPQHF	VRFPNITNL
CSVPGLSSYEQYF	VRFPNITNL
CASSLLAGAAIDQETQYF	VRFPNITNL
CASSQEPSSYNEQFF	VRFPNITNL
CASSQGVESRGTQYF	VRFPNITNL
CSGISGTSVHPGDTQYF	VRFPNITNL
CASSQGNYEQYF	VRFPNITNL
CARGTLSYEQYF	VRFPNITNL
CASSEAARPDTQYF	VRFPNITNL
CASSPGTGSPYEQYF	VRFPNITNL
CASSSGIPSYEQYF	VRFPNITNL
CASSLGPGDEQYF	VRFPNITNL
CASSQDSGFQPQHF	VRFPNITNL
CASSLGGGGQDTQYF	VRFPNITNL
CASSILAVSNTEAFF	VRFPNITNL
CASSRETSGWHEQYF	VRFPNITNL
CASSSTGVEQYF	VRFPNITNL
CAISVQGAPYEQYF	VRFPNITNL
CASSPPGGSYEQYF	VRFPNITNL
CASSLASVTYNEQFF	VRFPNITNL
CASSPRVPSGVSYEQYF	VRFPNITNL
CASSPFRTGAFTDTQYF	VRFPNITNL
CASSLAGQGYEQYF	VRFPNITNL
CASSLGPGLNQPQHF	VRFPNITNL
CASSQMGNSNQPQHF	VRFPNITNL
CASSPLAGGVQETQYF	VRFPNITNL
CASSPGTDTQYF	VRFPNITNL
CATSDPGQGSYEQYF	VRFPNITNL
CASSLDGTPNTEAFF	VRFPNITNL
CASSQGNQPQHF	VRFPNITNL
CASSAGTLLRETQYF	VRFPNITNL
CSVEETGNGGSEKLFF	VRFPNITNL
CASSPPSGSPYEQYF	VRFPNITNL
CASSLFWGGGTDTQYF	VRFPNITNL
CASSEDTAGYNEQFF	VRFPNITNL
CASTTDRGAFNEQFF	VRFPNITNL
CASSYSNQPQHF	VRFPNITNL
CASSEYGGTVQPQHF	VRFPNITNL
CASTNRGPETQYF	VRFPNITNL
CASSPAQLADLSYEQYF	VRFPNITNL
CASSSGSTYEQYF	VRFPNITNL
CASSLGDRQDQAFF	VRFPNITNL
CASSSTGLAATYEQYF	VRFPNITNL
CASSFHREAYEQYF	VRFPNITNL
CASNAGTSGGNEQFF	VRFPNITNL
CASSFVLLSTGGVFSGNTGELFF	VRFPNITNL
CASSIGDRALGGTDTQYF	VRFPNITNL
CASSPKTGTPYEQYF	VRFPNITNL
CASSLEGTGVYNEQFF	VRFPNITNL
CASSLGSGELFF	VRFPNITNL
CASSLDLGQPQHF	VRFPNITNL
CASSPWTSGYEQYF	VRFPNITNL
CASLGGSYEQYF	VRFPNITNL
CASSPPSGSPHEQYF	VRFPNITNL
CASSSWLAGSYNEQFF	VRFPNITNL
CASSSAAGSSYEQYF	VRFPNITNL
CASSFGPLVEQYF	VRFPNITNL
CASSTYSGGTYEQYF	VRFPNITNL
CASRDRGVPGELFF	VRFPNITNL
CASSHRQGAYTGELFF	VRFPNITNL
CASREGGLAGKTYNEQFF	VRFPNITNL
CASSSSWGFSNEKLFF	VRFPNITNL
CASSPDRASNPTEAFF	VRFPNITNL
CASSPGTVPTGELFF	VRFPNITNL
CASSPRIMGGGSYEQYF	VRFPNITNL
CASSSSSGRESLTPGELFF	VRFPNITNL
CASSLGLLDDTQYF	VRFPNITNL
CASSPTSGSPYEQYF	VRFPNITNL
CASSLGWQGETQYF	VRFPNITNL
CASSAFEGDEQFF	VRFPNITNL
CASSLSPGNEQFF	VRFPNITNL
CASSLSSGVYEQYF	VRFPNITNL
CASSSGPTYEQYF	VRFPNITNL
CASASGGAGRDGYTF	VRFPNITNL
CAITTAESYGYTF	VRFPNITNL
CASSQDTLGYPNYGYTF	VRFPNITNL
CASSLEWGWTEAFF	VRFPNITNL
CASSQPAVQETQYF	VRFPNITNL
CASSLGEGGATNEKLFF	VRFPNITNL
CASSRGERAHEQYF	VRFPNITNL
CASSGTSVRPAYNEQFF	VRFPNITNL
CASSLAGTGLNSPLHF	VRFPNITNL
CASSLLGPSYEQYF	VRFPNITNL
CASSPDTISYNEQFF	VRFPNITNL
CSAYRGSYNEQFF	VRFPNITNL
CSVEQGPYEQYF	VRFPNITNL
CASSQDWVGQGVLGTQYF	VRFPNITNL
CASSSPYEQYF	VRFPNITNL
CASSFGDGQRTSPLHF	VRFPNITNL
CASSLALTDTQYF	VRFPNITNL
CASSLGTSVETQYF	VRFPNITNL
CASSRQLAGVEGDTQYF	VRFPNITNL
CASSLDRVETQYF	VRFPNITNL
CASSATSGSPYEQYF	VRFPNITNL
CASSQDRPRQAGQNEQFF	VRFPNITNL
CASSFQLPGAATRMNTEAFF	VRFPNITNL
CASSQDTQGFPYEQYF	VRFPNITNL
CASSLGETQYF	VRFPNITNL
CASSLTLAGVQFEQFF	VRFPNITNL
CASSLASRAGDTQYF	VRFPNITNL
CASSSDTSSYNEQFF	VRFPNITNL
CSVEDVTGLNTEAFF	VRFPNITNL
CASSPTTVPINGYTF	VRFPNITNL
CASSLTGTSGYEQYF	VRFPNITNL
CASSPPTGSPYEQYF	VRFPNITNL
CASSLELPGQGSYEQYF	VRFPNITNL
CSVEGWSYSSYEQYF	VRFPNITNL
CASSLYDPNEQFF	VRFPNITNL
CAISDQGGGSYEQYF	VRFPNITNL
CASRGGGLQETQYF	VRFPNITNL
CASSFGERQETQYF	VRFPNITNL
CASSLSSRGAYEQYV	VRFPNITNL
CASSLGLAGVNTGELFF	VRFPNITNL
CASSPGTIGETQYF	VRFPNITNL
CASSPRSGSPYEQYF	VRFPNITNL
CASSPPSGSPYEQYF	VRFPNITNL
CASSSQDSLNTGELFF	VRFPNITNL
CASTDAGGPGNEQFF	VRFPNITNL
CAWRHRLAGNNEQFF	VRFPNITNL
CSARGGGDTIYEQYF	VRFPNITNL
CAIQGVSYEQYF	VRFPNITNL
CATSRDLSYEQYF	VRFPNITNL
CASSLKEISGFHYNEQFF	VRFPNITNL
CASSQDFGGSSYEQYF	VRFPNITNL
CASSSHRAPDTQYF	VRFPNITNL
CASSSVVGSNQPQHF	VRFPNITNL
CASSPGTGVAYEQYF	VRFPNITNL
CASTLGQFTEAFF	VRFPNITNL
CASSSANNNEQFF	VRFPNITNL
CASSLWGPVYEQYF	VRFPNITNL
CASSLTGNSLDTQYF	VRFPNITNL
CASSLDSGVDEQFF	VRFPNITNL
CASSLGSYEQYF	VRFPNITNL
CASSLDRFRGYTF	VRFPNITNL
CASSLLTSNTGELFF	VRFPNITNL
CASSPETGGPYEQYF	VRFPNITNL
CASSSRYMAYGYTF	VRFPNITNL
CASSRGLDTEAFF	VRFPNITNL
CASSPGLAGVNTGELFF	VRFPNITNL
CASSIVIESNQPQHF	VRFPNITNL
CASSTDRGFYNEQFF	VRFPNITNL
CASSLAGEQQFF	VRFPNITNL
CASSYSPYEKLFF	VRFPNITNL
CASRPGAGGWNEQFF	VRFPNITNL
CATSTGPSSYNEQFF	VRFPNITNL
CATTDWRYEQYF	VRFPNITNL
CASSPLTGELFF	VRFPNITNL
CASSPRTGSPYEQYF	VRFPNITNL
CASSLDPPYTEAFF	VRFPNITNL
CASSLWAGDGGGEQFF	VRFPNITNL
CASSLQGLAGAQETQYF	VRFPNITNL
CASSGGLAGAGGETQYF	VRFPNITNL
CASRGAGTIYEQYF	VRFPNITNL
CASSPPSGTPYEQYF	VRFPNITNL
CASSPGTVPYNSPLHF	VRFPNITNL
CASSLWTGNQPQHF	VRFPNITNL
CASSPTSGSPYEQYF	VRFPNITNL
CASSRFGLWDDTEAFF	VRFPNITNL
CASAPGAQGGFNEQYF	VRFPNITNL
CASEGLRQGAGGTEAFF	VRFPNITNL
CASSPPTGTPYEQYF	VRFPNITNL
CASSDSASPYNEQFF	VRFPNITNL
CASSSWPGNEQFF	VRFPNITNL
CASGPGTRSTDTQYF	VRFPNITNL
CASSQGPSGYNEQFF	VRFPNITNL
CASSGGPYEQYF	VRFPNITNL
CASSLSFEGEAQHF	VRFPNITNL
CASSPRGGVVMNTEAFF	VRFPNITNL
CAVGPGHQYEQYF	VRFPNITNL
CASSLYRDLNTEAFF	VRFPNITNL
CASSSASRSSYNSPLHF	VRFPNITNL
CSVWSGVPQKLFF	VRFPNITNL
CASSLLGNSNQPQHF	VRFPNITNL
CASSIILAWGAFSNQPQHF	VRFPNITNL
CSVEDGANTQYF	VRFPNITNL
CAISDRLISGSTGELFF	VRFPNITNL
CASSPTEAHEQFF	VRFPNITNL
CASSPASGSAYEQYF	VRFPNITNL
CASSLEWLGVPETQYF	VRFPNITNL
CASRPGTGASGQPQHF	VRFPNITNL
CASRGLERTVSGNTIYF	VRFPNITNL
CASSLDSLGYNEQFF	VRFPNITNL
CASTPLRGSYEQYF	VRFPNITNL
CASSPATGAPYEQYF	VRFPNITNL
CASSFQLTGNEKLFF	VRFPNITNL
