CDR3	AA
CASSLAGFGLNTEAFF	LYIIKLIFL
CASSLDDSPYGYTF	LYIIKLIFL
CSAGPYEQYF	LYIIKLIFL
CASSQDLNSNQPQHF	LYIIKLIFL
CASSYGLAGGGVYNEQFF	LYIIKLIFL
CASSLAGAGVQETQYF	LYIIKLIFL
CASSLSGLPGVNEQFF	LYIIKLIFL
CASSSGGAGQPQHF	LYIIKLIFL
CASSEDTYITEAFF	LYIIKLIFL
CASRLFGTGGEKLFF	LYIIKLIFL
CASSLGQGYNEQFF	LYIIKLIFL
CASSQGQGGDQPQHF	LYIIKLIFL
CASIGGAAGSYEQYF	LYIIKLIFL
CASSQGSGTGGREAFF	LYIIKLIFL
CASSVVEGSEQFF	LYIIKLIFL
CASSLDGSSYEQYF	LYIIKLIFL
CASSLVGNTGELFF	LYIIKLIFL
CAWSVGYGYTF	LYIIKLIFL
CASSFDGVTKQGTDTQYF	LYIIKLIFL
CASSLAPGNWGAGELFF	LYIIKLIFL
CASSLGGTGELFF	LYIIKLIFL
CASSYQEAFF	LYIIKLIFL
CASSSTGTGVYEQYF	LYIIKLIFL
CASTLRQAGETGELFF	LYIIKLIFL
CSARLPSYNEQFF	LYIIKLIFL
CASSSLANEQFF	LYIIKLIFL
CATSTARTTGEYF	LYIIKLIFL
CATSDFGDTQYF	LYIIKLIFL
CASSLMVRRDGNQPQHF	LYIIKLIFL
CASSSFGTAVDTYEQYF	LYIIKLIFL
CASSQAAYSSGAANEKLFF	LYIIKLIFL
CATSRERARDTQYF	LYIIKLIFL
CASSLGVVQREKLFF	LYIIKLIFL
CASSPGFALDEQFF	LYIIKLIFL
CASSSIPGVEGYTF	LYIIKLIFL
CATSKKRAQETQYF	LYIIKLIFL
CASSPSGGATETQYF	LYIIKLIFL
CASSQEGWASVSSGYTF	LYIIKLIFL
CASSEVVPGQTNTEAFF	LYIIKLIFL
CASSQDWGYEQYF	LYIIKLIFL
CASTPRSGSLDEDTQYF	LYIIKLIFL
CSVDRHGELFF	LYIIKLIFL
CSVVFAGAPEAFF	LYIIKLIFL
CASSSRSRVGSLGSYNEQFF	LYIIKLIFL
CASTTGTGLHQETQYF	LYIIKLIFL
CSVRTPTKNIQYF	LYIIKLIFL
CASGPSPGLVYDEQFF	LYIIKLIFL
CASSSGRSSSYEQYF	LYIIKLIFL
CASSPHGTGGYEQYF	LYIIKLIFL
CASSFGSAGVPNEQFF	LYIIKLIFL
CASSPGNEQFF	LYIIKLIFL
CASSGTMGLALSHGELFF	LYIIKLIFL
CASSLDPALRPLHF	LYIIKLIFL
CASSPSLSSYEQYF	LYIIKLIFL
CASSLVRTGADTGELFF	LYIIKLIFL
CASSLAGALYEQYF	LYIIKLIFL
CASSLAGNGVNTEAFF	LYIIKLIFL
CASSYTLDRATEAFF	LYIIKLIFL
CASSFGRGITNTGELFF	LYIIKLIFL
CASSWGLAGDYNEQFF	LYIIKLIFL
CASSLGYGTEAFF	LYIIKLIFL
CASIPQGGYGYTF	LYIIKLIFL
CASSALWGPDYEQYF	LYIIKLIFL
CASTLASNYGYTF	LYIIKLIFL
CASSLEDEQYF	LYIIKLIFL
CASSDTSGSSYNEQFF	LYIIKLIFL
CATSRARADTEAFF	LYIIKLIFL
CASSLAGQGVTTEAFF	LYIIKLIFL
CSARGVVSSYNEQFF	LYIIKLIFL
CASSQGGVGDLYTGELFF	LYIIKLIFL
CTSSQEASGRSTNIQYF	LYIIKLIFL
CASSLAAGTGDQPQHF	LYIIKLIFL
CASSLGSTGETQYF	LYIIKLIFL
CASGFGGASTDTQYF	LYIIKLIFL
CASSLAGTVYGYTF	LYIIKLIFL
CASSLGAIPGPADTQYF	LYIIKLIFL
CASSSWGRELYNEQFF	LYIIKLIFL
CASSESVERLSYEQYF	LYIIKLIFL
CASGAGTGATNEKLFF	LYIIKLIFL
CASSQDLGTYSYEQYF	LYIIKLIFL
CASSQLNTGELFF	LYIIKLIFL
CASSSGQGGSYEQYF	LYIIKLIFL
CASSGIDLQETQYF	LYIIKLIFL
CASSQVVSGGSYNEQFF	LYIIKLIFL
CASSQDPSSGNTIYF	LYIIKLIFL
CASSQLDTNTGELFF	LYIIKLIFL
CASSPQGAGPSYNEQFF	LYIIKLIFL
CASSLSDAYEQYF	LYIIKLIFL
CASSFSPQGANNEQFF	LYIIKLIFL
CATSRERAGGNNEQFF	LYIIKLIFL
CASSPPAGREAGPSYNEQFF	LYIIKLIFL
CASSSIAGYQETQYF	LYIIKLIFL
CSLERIDRVEVEQFF	LYIIKLIFL
CASSESGQDNYGYTF	LYIIKLIFL
CSADGTSVYEQFF	LYIIKLIFL
CASSFYGLEPLHF	LYIIKLIFL
CASSQIRGDYGYTF	LYIIKLIFL
CASSYRQGITGELFF	LYIIKLIFL
CASSLASQGGNYEQYF	LYIIKLIFL
CASSITGGMGDSPLHF	LYIIKLIFL
CASSPSPYSNQPQHF	LYIIKLIFL
CASSSPMGRGSYEQYF	LYIIKLIFL
CASSQDPTTGNTIYF	LYIIKLIFL
CASSDYGQGGNQPQHF	LYIIKLIFL
CASTKDGLAETQYF	LYIIKLIFL
CASSPLGLAGFRDEQFF	LYIIKLIFL
CASSESDYEQYF	LYIIKLIFL
CATSDWGTEEVNEQFF	LYIIKLIFL
CASSLEIGDKGLVEQYF	LYIIKLIFL
CASSLAGTSSYNEQFF	LYIIKLIFL
CASSSQQGFYGELFF	LYIIKLIFL
CASSYGGGTVLTF	LYIIKLIFL
CSVFTGAGETQHF	LYIIKLIFL
CSVEVGELFF	LYIIKLIFL
CASSATAGFNQPQHF	LYIIKLIFL
CASSLSIAEGFNEQFF	LYIIKLIFL
SRGAIENNEQFF	LYIIKLIFL
CASSLRTSAGSTDTQYF	LYIIKLIFL
CSAFFTGELFF	LYIIKLIFL
CASSQDRDRNF	LYIIKLIFL
CASSYAGLSEAFF	LYIIKLIFL
CSARDSQLAGYFETQYF	LYIIKLIFL
CASSEVAGQSQPQHF	LYIIKLIFL
CASSSTGTSGRVGTQYF	LYIIKLIFL
CASSYGGSGYGYTF	LYIIKLIFL
CASSLGQGKHEQYF	LYIIKLIFL
CASSLTVTSGGDNEQFF	LYIIKLIFL
CASSAWDINYGYTF	LYIIKLIFL
CATSDSRSSYNEQFF	LYIIKLIFL
CASSHQLEPGRRGSPLHF	LYIIKLIFL
CASSLSGELFF	LYIIKLIFL
CASVLTGELFF	LYIIKLIFL
CASSQDESPPNEQFF	LYIIKLIFL
CASSTQGDTEAFF	LYIIKLIFL
CASSTGTGIPENQPQHF	LYIIKLIFL
CASSWTSGTDTQYF	LYIIKLIFL
CASSYGDTYNEQFF	LYIIKLIFL
CASSLAGRDNEQFF	LYIIKLIFL
CASSSIGGTEAFF	LYIIKLIFL
CASESHREDTIYF	LYIIKLIFL
CASSYLGDYTEAFF	LYIIKLIFL
CASSLFGSNEQYF	LYIIKLIFL
CASSLGTYNEQFF	LYIIKLIFL
CASSLEGAGNTEAFF	LYIIKLIFL
RAGQGADTEAFF	LYIIKLIFL
CSAGTEHEQSYAEAFF	LYIIKLIFL
CASSFSLPGTNSPLHF	LYIIKLIFL
CASSIAADSYEQYF	LYIIKLIFL
CASSSTGTYQETQYF	LYIIKLIFL
CSASTGYYNEQFF	LYIIKLIFL
CASSQTSGSLDTQYF	LYIIKLIFL
CSASSRDSDYEQYF	LYIIKLIFL
CASSLAPGLSVSSYNEQFF	LYIIKLIFL
CASSESPMGLPTVTDTQYF	LYIIKLIFL
CASSHPDRSLVYEQYF	LYIIKLIFL
CASTSTGGAEQYF	LYIIKLIFL
CATLGGPLDGYTF	LYIIKLIFL
CSARLATYNEQFF	LYIIKLIFL
CASSQGQGETQYF	LYIIKLIFL
CAIRGLADYEQYF	LYIIKLIFL
CASSLWGQGISPLHF	LYIIKLIFL
CASSLYGTSGGQETQYF	LYIIKLIFL
CASSEGVSNQPQHF	LYIIKLIFL
CASSQNLGELPYGYTF	LYIIKLIFL
CASSLASSYEQYF	LYIIKLIFL
CSVAGNEQFF	LYIIKLIFL
CASSSLDRSYNEQFF	LYIIKLIFL
CASSLAGATATHYNEQFF	LYIIKLIFL
CASSSGSDGTYEQYF	LYIIKLIFL
CAWRAGPYNEQFF	LYIIKLIFL
CASSYGSFGYTF	LYIIKLIFL
CSVVRDREFF	LYIIKLIFL
CASSLGAGTGTTYEQYF	LYIIKLIFL
CASSFTYEQYF	LYIIKLIFL
CSAREPTSNEQFF	LYIIKLIFL
CASSYAGLAVQYF	LYIIKLIFL
CASSQDPTTSGGALALTDTQYF	LYIIKLIFL
CASSHPRESSYNSPLHF	LYIIKLIFL
CASSSYGGPYGYTF	LYIIKLIFL
CASSQEPGLAGGNEQFF	LYIIKLIFL
CASSYPGTSGGPSYNEQFF	LYIIKLIFL
CSARVPTHNEQFF	LYIIKLIFL
CATSRDRAATPINGYTF	LYIIKLIFL
CASIQSGSEQYF	LYIIKLIFL
CASSLAGPDRDGQYF	LYIIKLIFL
CASSLVGGASDTQYF	LYIIKLIFL
CASSPSRGAGFNQPQHF	LYIIKLIFL
CASSPDYTTGGLLGEQYF	LYIIKLIFL
CASSLAGEDYQETQYF	LYIIKLIFL
CASSQGGLAGGPRDDIQYF	LYIIKLIFL
CASSSIGETQYF	LYIIKLIFL
CASSSGTGFYEQYF	LYIIKLIFL
