CDR3	AA
CASSFSLADVTGELFF	VYFLQSINF
CASSIGVVRQLQETQYF	VYFLQSINF
CATSDLTSETQFF	VYFLQSINF
CATSDYREAFF	VYFLQSINF
CASSLSSYNEQFF	VYFLQSINF
CSALIRDRGFEQYF	VYFLQSINF
CASSQDLLADYEQYF	VYFLQSINF
CASTIGQGNTEAFF	VYFLQSINF
CASSFPNGNEQYF	VYFLQSINF
CASSFENTGELFF	VYFLQSINF
CASGNQETQYF	VYFLQSINF
CASSLGQTRDEQFF	VYFLQSINF
CASSAPGQGWNEQFF	VYFLQSINF
CASTLGGYSNQPQHF	VYFLQSINF
CASSQDPLTSGMNNEQFF	VYFLQSINF
CASSPHNYEQYF	VYFLQSINF
CASSLQGGSTDTQYF	VYFLQSINF
CASSPLRENTEAFF	VYFLQSINF
CASSSRGDEQFF	VYFLQSINF
CASSDTGTVNTGELFF	VYFLQSINF
CASSPRGDEQFF	VYFLQSINF
CASEALMNTEAFF	VYFLQSINF
CASGLAGGGEQYF	VYFLQSINF
CASSQQGALNTEAFF	VYFLQSINF
CATSDFEQREGPDTQYF	VYFLQSINF
CASSLNYEQYF	VYFLQSINF
CASSPTPYTEAFF	VYFLQSINF
CASRLGGESSNQPQHF	VYFLQSINF
CASREIQGANSPLHF	VYFLQSINF
CASTAGGGSTGELFF	VYFLQSINF
CASIAGGRSGYTF	VYFLQSINF
CASSDRVEYSSYNSPLHF	VYFLQSINF
CASSVLAGNSYNEQFF	VYFLQSINF
CASSHVSVGHNEQFF	VYFLQSINF
CSVLLGLAGGTFDEQYF	VYFLQSINF
CASSLGEFHEQYF	VYFLQSINF
CASSLEANYGYTF	VYFLQSINF
CASSYQDRGTDTQYF	VYFLQSINF
CASSLKDSGANVLTF	VYFLQSINF
CASSVGATPYGYTF	VYFLQSINF
CASSLLDRYNEQFF	VYFLQSINF
CASSVGAAHNEQFF	VYFLQSINF
CAHLSGRVGDEQFF	VYFLQSINF
CASSGITDTQYF	VYFLQSINF
CASSSKHPGLQAGLVFPDTQYF	VYFLQSINF
CASVAGDEQYF	VYFLQSINF
CASSDPERQMYNEQFF	VYFLQSINF
CASSASGKQFF	VYFLQSINF
CASSQASGLATEAFF	VYFLQSINF
CASSSGIAGYTF	VYFLQSINF
CASREGLAGLYEQYF	VYFLQSINF
CASSLELDSYEQYF	VYFLQSINF
CASTGQLGTDTQYF	VYFLQSINF
CASGGQGTHWADEQYF	VYFLQSINF
CASSLSGRGEQYF	VYFLQSINF
CASSRESSGNTIYF	VYFLQSINF
CASSLESGSTPQETQYF	VYFLQSINF
CASSLGQGDSPLHF	VYFLQSINF
CSARVTGELFF	VYFLQSINF
CASSLGTVNEQFF	VYFLQSINF
CASSPIPGTTNYEQYF	VYFLQSINF
CASSQETSGIVTQYF	VYFLQSINF
CASSTGQGLVNTEAFF	VYFLQSINF
CSVVSVWEAFF	VYFLQSINF
CASSPGQGTDTQYF	VYFLQSINF
CASSQDQEISTDTQYF	VYFLQSINF
CATSRARQVLNQPQHF	VYFLQSINF
CASSRQGALNTEAFF	VYFLQSINF
CASSEGSYEQYF	VYFLQSINF
CASSLTSVGGPSETQYF	VYFLQSINF
CSAGPSGPYNEQFF	VYFLQSINF
CSARPSGGEYTF	VYFLQSINF
CASSYLQGRTEAFF	VYFLQSINF
CAIKSDSSYEQYF	VYFLQSINF
CASSLNGGDADTQYF	VYFLQSINF
CASSLGVSGAGETQYF	VYFLQSINF
CASSQEGGQGETQYF	VYFLQSINF
CASSYSTGMQPQHF	VYFLQSINF
CASNPGGLAGGPDYRETQYF	VYFLQSINF
CATLDWGAGANVLTF	VYFLQSINF
CASSPPGLSLTYEQYF	VYFLQSINF
CATSRDRRELETQYF	VYFLQSINF
CASSPLDRGGYEQYF	VYFLQSINF
CASSELPGTGNQPQHF	VYFLQSINF
CASSEAVAEMNTEAFF	VYFLQSINF
CASSPPDRAYEQYF	VYFLQSINF
CASSQHGTGLNTEAFF	VYFLQSINF
CSVEGGDYTILMNEQFF	VYFLQSINF
CASSAGGTGPFNYGYTF	VYFLQSINF
CSARAPPGDSSYEQYF	VYFLQSINF
CASSIFYSEGTNTGELFF	VYFLQSINF
CASSPGPEELSGNTIYF	VYFLQSINF
CASNVVGELFF	VYFLQSINF
CASSGGQSNEKLFF	VYFLQSINF
CSVEDGGGLVEAFF	VYFLQSINF
CSVDLAGVSGELFF	VYFLQSINF
CASSEAGGLETQYF	VYFLQSINF
CASSQANYEQYF	VYFLQSINF
CASSFLATSTDTQYF	VYFLQSINF
CASSYSGGANQPQHF	VYFLQSINF
CASSGGIGELFF	VYFLQSINF
CSAGGQSSYEQYF	VYFLQSINF
CASSPTAGYRTDTQYF	VYFLQSINF
CASSRQGGDPTDTQYF	VYFLQSINF
CASSVSSPSPDTLYF	VYFLQSINF
CASSFMLQETQYF	VYFLQSINF
CASSLGRVAPGELFF	VYFLQSINF
CASSDLTGGKNTEAFF	VYFLQSINF
CASSGYPSNYGYTF	VYFLQSINF
CASGYLGLALGNEQFF	VYFLQSINF
CASSLGAGSSAIEQPQHF	VYFLQSINF
CASSFNRVDGTNEKLFF	VYFLQSINF
CASSLGISTEAFF	VYFLQSINF
CASSPGLAGASSTDTQYF	VYFLQSINF
CASSQRPYTGELFF	VYFLQSINF
CASSPRGAFGTGGIDEQYF	VYFLQSINF
CASSLEDYNEQFF	VYFLQSINF
CASSSGTEYQETQYF	VYFLQSINF
CASSLGGGTGPFFDTQYF	VYFLQSINF
CASSYSGWETQYF	VYFLQSINF
CASGASGIGFGTDTQYF	VYFLQSINF
CASSYTTGEQYF	VYFLQSINF
CASTYRQGSYNEQFF	VYFLQSINF
CASSPNSNQPQHF	VYFLQSINF
CASSTLGGKGELFF	VYFLQSINF
CASSRTFSYEQYF	VYFLQSINF
CASTNSNQPQHF	VYFLQSINF
CASSSRDSIEAFF	VYFLQSINF
CASSSGQGTDTQYF	VYFLQSINF
CASSLTGTGELFF	VYFLQSINF
CASSLSSGLRVYEQYF	VYFLQSINF
CASSLGTDTQYF	VYFLQSINF
CATSRGGLNTEAFF	VYFLQSINF
CSASGLAGYPMDTDTQYF	VYFLQSINF
CASSPHHEQFF	VYFLQSINF
CASSPFGNNEQFF	VYFLQSINF
CASSDGTGPFSEQFF	VYFLQSINF
CASSEELFVGTSYGYTF	VYFLQSINF
CSANTEHSNQPQHF	VYFLQSINF
CASKRGQSYNQPQHF	VYFLQSINF
CASSLTEKLFF	VYFLQSINF
CASTTDWNSGNTIYF	VYFLQSINF
CASSESISDTQYF	VYFLQSINF
CASEASGGEQFF	VYFLQSINF
CSALEGTYNEQFF	VYFLQSINF
CAITGSGTYEQYF	VYFLQSINF
CASSEDQGVPGGNEQFF	VYFLQSINF
CSAPGQDWGGSGNTIYF	VYFLQSINF
CASSLGGQQQYF	VYFLQSINF
CASSVLAGGPGEQYF	VYFLQSINF
CASSSTIQGSYEQYF	VYFLQSINF
CSVGGDFNYGYTF	VYFLQSINF
CASSFEGGGYEQYF	VYFLQSINF
CATPTEGSYEQYF	VYFLQSINF
CASSIEGNEQFF	VYFLQSINF
CASSQGQGGYGYTF	VYFLQSINF
CASSPKWGETLNEQFF	VYFLQSINF
CASSTQTGTGGYQPQHF	VYFLQSINF
CSASVNPSYEQYF	VYFLQSINF
CASSSHRGVVVDTQYF	VYFLQSINF
CASSFIETGGLDEQFF	VYFLQSINF
CASSYLDSLYEQYV	VYFLQSINF
CASSIALLVEQFF	VYFLQSINF
CASSLTDLWPQHF	VYFLQSINF
CASFSASYEQYF	VYFLQSINF
CSVHSGGLGTEAFF	VYFLQSINF
CASSEILVGTNEKLFF	VYFLQSINF
CASSEGQGGHEQYF	VYFLQSINF
CASSVAASETNTGELFF	VYFLQSINF
CASSLLWSQPQHF	VYFLQSINF
CASSPGLSGNTIYF	VYFLQSINF
CAISESSGGGRGTGELFF	VYFLQSINF
CSVYRVTEAFF	VYFLQSINF
CASRQLDREYITTHEQYF	VYFLQSINF
CASSPDSSYNEQFF	VYFLQSINF
CAISGGTYNEQFF	VYFLQSINF
CAWSTGAAKNIQYF	VYFLQSINF
CASSSPGPNNEQFF	VYFLQSINF
CATSDSQGYEQYF	VYFLQSINF
CATSPLAGSHYNEQFF	VYFLQSINF
CASSWDRAGYTF	VYFLQSINF
CASSSGTSGYNEQFF	VYFLQSINF
CASSLGSAGALETQYF	VYFLQSINF
CASSIVQGEYNEQFF	VYFLQSINF
CASSPGLNYEQYF	VYFLQSINF
CSAPKGGATSYEQYF	VYFLQSINF
CASSLGLGETQYF	VYFLQSINF
CASSPGGDEQFF	VYFLQSINF
CASSQDLVSGNTIYF	VYFLQSINF
CASSRPSSGEEQFF	VYFLQSINF
CASSLTDMNTEAFF	VYFLQSINF
CATSVQGSDYEQYF	VYFLQSINF
CASSLDPSRPTYEQYF	VYFLQSINF
CASSQPDSNQPQHF	VYFLQSINF
CASSQDDYPAPGTQYF	VYFLQSINF
CASSDGAGVEQYF	VYFLQSINF
CASSQANYEQYF	VYFLQSINF
CASSIDQRGNYGYTF	VYFLQSINF
CASSYSGGNTEAFF	VYFLQSINF
CASSLSFRDTQYF	VYFLQSINF
CSVWVTGPTEAFF	VYFLQSINF
CASSHDPTSGPSYNEQFF	VYFLQSINF
CASSLAVGGGESSYNSPLHF	VYFLQSINF
CSAERTPEQFF	VYFLQSINF
CASSLVNSDTQYF	VYFLQSINF
CASRPTLANEQFF	VYFLQSINF
CASSPNSYEQYF	VYFLQSINF
CASSFRTYYGYTF	VYFLQSINF
CASSLWEEGSYEQYF	VYFLQSINF
CSVDPGNYGYTF	VYFLQSINF
CASSGETGLAKNIQYF	VYFLQSINF
CATSDPMDQITGELFF	VYFLQSINF
CASSFEGIQYF	VYFLQSINF
CASSLTDPYEQYF	VYFLQSINF
CAISERHMSDTEAFF	VYFLQSINF
CASSEAGSGNTIYF	VYFLQSINF
CASSYTGQGYEQYF	VYFLQSINF
CASSPGTYNEQFF	VYFLQSINF
CASSPREVTDTQYF	VYFLQSINF
CASSYSTSGVYEQYF	VYFLQSINF
CASSLEGNTEAFF	VYFLQSINF
CASSLSNANTIYEQYF	VYFLQSINF
CASSIGVNTEAFF	VYFLQSINF
CSVEGRRNTGELFF	VYFLQSINF
CASSGGWWNSPLHF	VYFLQSINF
CASPGTDTYGYTF	VYFLQSINF
CSVEELAGVVRTDTQYF	VYFLQSINF
CASSLPDGYEQYF	VYFLQSINF
CASSTGDNTGELFF	VYFLQSINF
CASSEEVGLRPISSTDTQYF	VYFLQSINF
CASSLLPRGWNEQYF	VYFLQSINF
CASSLAGLSNQPQHF	VYFLQSINF
CASSVGGLAELQETQYF	VYFLQSINF
CATSRDPLGSQTDTQYF	VYFLQSINF
CASSLKLAGGPLPNEQFF	VYFLQSINF
CASSEADSTGELFF	VYFLQSINF
CSVVTRSYNEQFF	VYFLQSINF
CSAPPQALNTEAFF	VYFLQSINF
CASSNGPGPYEQYF	VYFLQSINF
CAISPETQETQYF	VYFLQSINF
CASSIAAGQLNTEAFF	VYFLQSINF
CASRAHTGTQYNEQFF	VYFLQSINF
CASSQSPPGVYGYNEQFF	VYFLQSINF
CASSEGEGRGGTEAFF	VYFLQSINF
CASSFAQGTDTQYF	VYFLQSINF
CASSLDSGTGGSGANVLTF	VYFLQSINF
RASSLRPSAHNEQFF	VYFLQSINF
CASSYTLPQGSEAFF	VYFLQSINF
CSARPKVWDKGGWGPDTQYF	VYFLQSINF
CASSIGTGSTEAFF	VYFLQSINF
CASSLWRGGPNTEAFF	VYFLQSINF
CASSLPSGYEQYF	VYFLQSINF
CASREGGTDTQYF	VYFLQSINF
CASSIRDGVDEQYF	VYFLQSINF
CASRTGGEKLFF	VYFLQSINF
CASSPQRGAPSYEQYF	VYFLQSINF
CASSQVGGGLYEQYF	VYFLQSINF
CASSYERGYEQYF	VYFLQSINF
CASSVIEGYEQYF	VYFLQSINF
CASSSQTSGGAYEQFF	VYFLQSINF
CASSGQGAVSTEAFF	VYFLQSINF
CASSLQGALNTEAFF	VYFLQSINF
CASSIRGWNEQFF	VYFLQSINF
CAISELVTSGTDTQYF	VYFLQSINF
CASSPSPTSGNEQFF	VYFLQSINF
CASSSLAGGPYNEQFF	VYFLQSINF
CARYPDRDVDGYTF	VYFLQSINF
CSVLENTEAFF	VYFLQSINF
CASSSGSVDTQYF	VYFLQSINF
CSVEGGGYTF	VYFLQSINF
CASSIALGSSYNEQFF	VYFLQSINF
CASSQDIGSNQPQHF	VYFLQSINF
CSAMGQDTGELFF	VYFLQSINF
CSVDPSGSTGELFF	VYFLQSINF
CASSLGQNYEQYF	VYFLQSINF
CASSLSISTEAFF	VYFLQSINF
CASSSQNTEAFF	VYFLQSINF
CASSDSYAGNTIYF	VYFLQSINF
CASSSSRTSRSTDTQYF	VYFLQSINF
CASSLVAQAQYF	VYFLQSINF
CSVPVANYGYTF	VYFLQSINF
CASSPEDDYEQFF	VYFLQSINF
CASSQWEDTSYGYTF	VYFLQSINF
CASRPGQGWSPLHF	VYFLQSINF
CASSQALGTLNEQFF	VYFLQSINF
CASSLGTSGGYEQYF	VYFLQSINF
CASSGGSTDTQYF	VYFLQSINF
CASSLGDSLNTEAFF	VYFLQSINF
CASSQGRQVLSTGELFF	VYFLQSINF
CSAMRLAGANEQFF	VYFLQSINF
CASSGGPVAATDTQYF	VYFLQSINF
CASSHERGSLGQETQYF	VYFLQSINF
CSVDGGGYTF	VYFLQSINF
CASSLGTSGISLGYEQYF	VYFLQSINF
CASSSGAGTDTQYF	VYFLQSINF
CASSITPGSGEQYF	VYFLQSINF
CASSYSGTTPSNTGELFF	VYFLQSINF
CASSFAGGSNNEQFF	VYFLQSINF
CASSLQPTANYGYTF	VYFLQSINF
CASSFYNAGGRADTQYF	VYFLQSINF
CSAIRDRTGPYNEQFF	VYFLQSINF
CASTPSGANEQFF	VYFLQSINF
CASLLSIPGELFF	VYFLQSINF
CASSRQWGHWDEQYF	VYFLQSINF
CATSRDRGLTEAFF	VYFLQSINF
CASSPHPDGAYNEQFF	VYFLQSINF
CASSSYRGQYEQYF	VYFLQSINF
CASSPSSFGRDPNTQYF	VYFLQSINF
CASIPSDEGWAETQYF	VYFLQSINF
CSAREQGEKLFF	VYFLQSINF
CASSQHWNSGNTIYF	VYFLQSINF
CSVDTGGQRGTEAFF	VYFLQSINF
CASSKVGSYNEQFF	VYFLQSINF
CASSDSGLGAEQFF	VYFLQSINF
CASSPFGRNTEAFF	VYFLQSINF
CASSPGWYEQYF	VYFLQSINF
CASSTSEGWGFYNYGYTF	VYFLQSINF
CASSLEPSYEQYF	VYFLQSINF
CASSRGTFPEQYF	VYFLQSINF
CASRGTAQETQYF	VYFLQSINF
CASGYGGGANVLTF	VYFLQSINF
CASSLLRVNNQPQHF	VYFLQSINF
CASSRAVNNEQFF	VYFLQSINF
CASSPTGTGELFF	VYFLQSINF
CASSEEDFRGYYEQYF	VYFLQSINF
CSVVPDGASYNEQFF	VYFLQSINF
CASSINGRGPYNEQFF	VYFLQSINF
CASSEPRTEMNTEAFF	VYFLQSINF
CASSYGQLHLNEQFF	VYFLQSINF
CASSPTYEQYF	VYFLQSINF
CARDRDTSWGGELFF	VYFLQSINF
CATSDPGTGNEKLFF	VYFLQSINF
CASSPGGFGDTQYF	VYFLQSINF
CASSPMDSDNEQFF	VYFLQSINF
CASSQATALNTEAFF	VYFLQSINF
CASSQPDSNNEQFF	VYFLQSINF
CASSQDTGYYYEQYF	VYFLQSINF
CASSLDWEARGTDTQYF	VYFLQSINF
CASSIALLTEAFF	VYFLQSINF
CASSSPHGPSRNQPQHF	VYFLQSINF
CASSLSGSSGETQYF	VYFLQSINF
CASSSTSGSSGEEQYF	VYFLQSINF
CASSVGLMSSEQYF	VYFLQSINF
CVGGLTPISNTGELFF	VYFLQSINF
CASSQGQRLPDNEQFF	VYFLQSINF
CASSWGGGSGETQYF	VYFLQSINF
CASSFGQGEETQYF	VYFLQSINF
CASSLDISGGSYEQYF	VYFLQSINF
CASSISLGTEAFF	VYFLQSINF
CASSFLDPEQFF	VYFLQSINF
CASSLVDTGELFF	VYFLQSINF
CATSRDRREREKLFF	VYFLQSINF
CASSDTTGAGNTIYF	VYFLQSINF
CASSQEADSGGSGELFF	VYFLQSINF
CASSELAGGIDTQYF	VYFLQSINF
CASSLQGEGAPSYEQYF	VYFLQSINF
CASSPMTGVRDTQYF	VYFLQSINF
CASSQDPGSTDIQYF	VYFLQSINF
CASSQEDGTNYGYTF	VYFLQSINF
CSVIDLSEAFF	VYFLQSINF
CASSYSSRLGTPEKLFF	VYFLQSINF
CASYVSSYEQYF	VYFLQSINF
CASSLQQGLTEAFF	VYFLQSINF
CASSIRRENTEAFF	VYFLQSINF
CSVVWGEGNTEAFF	VYFLQSINF
CASSEGTNTEAFF	VYFLQSINF
CASSLAGALNTEAFF	VYFLQSINF
CASSPAQGWETQYF	VYFLQSINF
CASSKETGLAYGYTF	VYFLQSINF
CATQGVGQETQYF	VYFLQSINF
CASSIAHTENEQFF	VYFLQSINF
CATSDLLGSSYNEQFF	VYFLQSINF
CASSPTSGYDEQYF	VYFLQSINF
CASSIAVYNEQFF	VYFLQSINF
CASSQDSAVSYNEQFF	VYFLQSINF
CASSIQWTSTDTQYF	VYFLQSINF
CASSLRLAGGAGETQYF	VYFLQSINF
CARSQGTGANVLTF	VYFLQSINF
CASSHPVVGTSGYDYNEQFF	VYFLQSINF
CASTPRIQPQHF	VYFLQSINF
CATGQESNTGELFF	VYFLQSINF
CASSISQITEAFF	VYFLQSINF
CSVEGTSGRMEQYF	VYFLQSINF
CASSSLAGGSLDEQFF	VYFLQSINF
CSSISNNEQFF	VYFLQSINF
CASSQDMLTNTEAFF	VYFLQSINF
CASSFVLGDEQYF	VYFLQSINF
CASSHGDSRIYTEAFF	VYFLQSINF
CASSKGWGTRGHNEQFF	VYFLQSINF
CASSQVGAYGYTF	VYFLQSINF
CASSSHLAGVVNEQFF	VYFLQSINF
CSATLEWVAGEGTDTQYF	VYFLQSINF
CASSQEVGHGYAGGYTF	VYFLQSINF
CSGRQGGLSNEKLFF	VYFLQSINF
CASSLNRVGAYEQYF	VYFLQSINF
CASSFGGVEGMNTEAFF	VYFLQSINF
CSVEEGGLAVKLFF	VYFLQSINF
CASSLEPTGPYEQYF	VYFLQSINF
CASRRVSRTGELFF	VYFLQSINF
CASSKATGEGGNYEQYF	VYFLQSINF
CSAARGVEQYF	VYFLQSINF
CATSRDRREREKLFF	VYFLQSINF
CACRDRGRYSNQPQHF	VYFLQSINF
CSADQGAGNIQYF	VYFLQSINF
CASSETANTGELFF	VYFLQSINF
CASSLAGPSTEAFF	VYFLQSINF
CASTFGLADWDEQFF	VYFLQSINF
CASSTTVNLSSYNSPLHF	VYFLQSINF
CSVPSGYGYTF	VYFLQSINF
CASSQDPGSTDIQYF	VYFLQSINF
CSARDDMYYEQYF	VYFLQSINF
CASSYSTGGFNTEAFF	VYFLQSINF
CASSRLDSDNEQFF	VYFLQSINF
CASSPNPGDSEQFF	VYFLQSINF
CASALGAGQPQHF	VYFLQSINF
CASSTGTGQETQYF	VYFLQSINF
CASSIDRGSSYEQYF	VYFLQSINF
CASSANTEAFF	VYFLQSINF
CATTGGSGAFF	VYFLQSINF
CASSLGTGDTETQYF	VYFLQSINF
CASSQESTGSEAFF	VYFLQSINF
CASSQDMGAPDTQYF	VYFLQSINF
CASSYGQGDYNEQFF	VYFLQSINF
CASSFAVANYEQYF	VYFLQSINF
CASSLAGTEAFF	VYFLQSINF
CASSYTTGSRETQYF	VYFLQSINF
CSALVITEAFF	VYFLQSINF
CASSFSPGSYGYTF	VYFLQSINF
CSVEDQAESSYNEQFF	VYFLQSINF
CASSDRDWGDTGELFF	VYFLQSINF
CASSTLEGGELFF	VYFLQSINF
CASSLREGDNDSSYNSPLHF	VYFLQSINF
CATKLTPREVNTEAFF	VYFLQSINF
CASSISTASYEQYF	VYFLQSINF
CASSEDWGTGQPQHF	VYFLQSINF
CASSARPGLEGLEQYF	VYFLQSINF
CASSLAGDTQYF	VYFLQSINF
CASSYAEYSYEQYF	VYFLQSINF
CASSEGGGPSYEQYF	VYFLQSINF
CACRTGNYNEQFF	VYFLQSINF
CASSLGQAGDEKLFF	VYFLQSINF
CASSLGTLGSYEQYF	VYFLQSINF
CASSIPGTGMGNTEAFF	VYFLQSINF
CASSLGGEQFF	VYFLQSINF
CASSPILRETGNNEQFF	VYFLQSINF
CASSYTGTGSYNEQFF	VYFLQSINF
CASSISLWPFNEQFF	VYFLQSINF
CASSETRGSYNEQFF	VYFLQSINF
CASSYSGIGSYNEQFF	VYFLQSINF
CASSLMGGETQYF	VYFLQSINF
CASSQDDAAYEQYF	VYFLQSINF
CASSQMGALNTEAFF	VYFLQSINF
CASSLVGYGEQFF	VYFLQSINF
CASSGGLTPENIQYF	VYFLQSINF
CASSYLAGVSNEQFF	VYFLQSINF
CASGPGLAGYTDTQYF	VYFLQSINF
CSAGTGSYEQYF	VYFLQSINF
CAWAGWTGLYF	VYFLQSINF
CSVDFGGQGNTGELFF	VYFLQSINF
CASSPPLEFGGTTDTQYF	VYFLQSINF
CSVSGLAGDNTGELFF	VYFLQSINF
CASSLEDTGELFF	VYFLQSINF
CATSGGHGIDTQYF	VYFLQSINF
CASSLRGREPYEQYF	VYFLQSINF
CASIETSGQGYEQYF	VYFLQSINF
CATSRGNQPQHF	VYFLQSINF
CASSLGAGGQFF	VYFLQSINF
CATGETSYEQYF	VYFLQSINF
CASSPDQDIQETQYF	VYFLQSINF
CASSPQLVTGWDEQFF	VYFLQSINF
CASSLGTVNEQFF	VYFLQSINF
CSTGEVGVNTEAFF	VYFLQSINF
CASFRAEEQFF	VYFLQSINF
CASTTDGQGPFQETQYF	VYFLQSINF
CASSLGPQGGEKLFF	VYFLQSINF
CASSVGVATNEKLFF	VYFLQSINF
CASSLTGPGGTEAFF	VYFLQSINF
CASSQGRGEVGLQSQETQYF	VYFLQSINF
CASSLEAGGTDTQYF	VYFLQSINF
CASSPDGYPSYEQYF	VYFLQSINF
CASSPADSQETQYF	VYFLQSINF
CSAGTENTGELFF	VYFLQSINF
CSAREEGDTQYF	VYFLQSINF
CAREAGTKNIQYF	VYFLQSINF
CASSLAGGPDTQYF	VYFLQSINF
CASSYRATSGINGFEQFF	VYFLQSINF
CSAFFGGATTDTQYF	VYFLQSINF
CSVEELGEGTEAFF	VYFLQSINF
CASSYGTSGRGTQYF	VYFLQSINF
CASSLVVGGTGELFF	VYFLQSINF
CASSQSWGLGTEAFF	VYFLQSINF
CASSTAGTNEKLFF	VYFLQSINF
CASSFLNEQFF	VYFLQSINF
CASSMGWADVYNEQFF	VYFLQSINF
CSAPVGGAFTDTQYF	VYFLQSINF
CASGVGLAGGGLSNEQFF	VYFLQSINF
CATDVIGATNYGYTF	VYFLQSINF
CASSSHSGPSYEQYF	VYFLQSINF
CSARRSVKGGPLPDEQFF	VYFLQSINF
CASSLDLAGNYNEQFF	VYFLQSINF
CASSQDLALPNEKLFF	VYFLQSINF
CASSLQGALTTEAFF	VYFLQSINF
CSASPRIGGLYEQYF	VYFLQSINF
CASSLTGTVNTEAFF	VYFLQSINF
CASSLWGSYEQYF	VYFLQSINF
CASTGRVGNTEAFF	VYFLQSINF
CASSWDRGYGYTF	VYFLQSINF
CASSRQGDYYGYTF	VYFLQSINF
CASSTGQGRETQYF	VYFLQSINF
CASSLNAENTEAFF	VYFLQSINF
CASSWSPGELFF	VYFLQSINF
CASSPLPGTDFYNEQFF	VYFLQSINF
CASSLEYSRSYEQYF	VYFLQSINF
CASSLPTSGGSQETQYF	VYFLQSINF
CASTTSGGGTGELFF	VYFLQSINF
CASSTRVASMNTEAFF	VYFLQSINF
CASSQVHSTTDEQFF	VYFLQSINF
CASSLPSGYEQYF	VYFLQSINF
CAISEGARTDTQYF	VYFLQSINF
CASTELAGGDNEQFF	VYFLQSINF
CASSYSDTADTQYF	VYFLQSINF
CASSELAWTSSTGELFF	VYFLQSINF
