CDR3	AA
CATLGIPTDTQYF	CNDPFLGVY
CSARDQGDWTSGSTAPEGTDTQYF	CNDPFLGVY
CASTGTSGRAAQETQYF	CNDPFLGVY
CASGGGLAARRYEQYF	CNDPFLGVY
CASSSTSGGFYTQYF	CNDPFLGVY
CSARPSQGASGSADTQYF	CNDPFLGVY
CASSSSQGGGELFF	CNDPFLGVY
CASSFGGGAKDEQYF	CNDPFLGVY
CSARETSGSTDTQYF	CNDPFLGVY
CSARRADTDTQYF	CNDPFLGVY
CSAPANHSYEQYF	CNDPFLGVY
CSARGLAEVQQDTQYF	CNDPFLGVY
CASVGTANTEAFF	CNDPFLGVY
CSARGQGRAEETQYF	CNDPFLGVY
CASGSTGTTYYEQYF	CNDPFLGVY
CSARPGTRTDTQYF	CNDPFLGVY
CASSMTGTSKIHTGELFF	CNDPFLGVY
CASRANPRELQETQYF	CNDPFLGVY
CASTGETQYF	CNDPFLGVY
CSAFDRANTGELFF	CNDPFLGVY
CSARTWTSDTDTQYF	CNDPFLGVY
CSARDTSAGGETDTQYF	CNDPFLGVY
CASSIGNEQFF	CNDPFLGVY
CSGIGTSLYEQYF	CNDPFLGVY
CASSQRTGGNKDNQPQHF	CNDPFLGVY
CASSGWGGAYNEQFF	CNDPFLGVY
CASSQSRDTYYEQYF	CNDPFLGVY
CATTGSSYNEQFF	CNDPFLGVY
CASSLGLLTEQFF	CNDPFLGVY
CSARDLILAGGPRSGELFF	CNDPFLGVY
CASSLTLTDTQYF	CNDPFLGVY
CASSLLPSGSYNEQFF	CNDPFLGVY
CSAWTSGSSSYNEQFF	CNDPFLGVY
