CDR3	AA
CASSPGSYEQYF	PYRVVVLSF
CASSSPGTENGHGELFF	PYRVVVLSF
CSVEGVQGWTEAFF	PYRVVVLSF
CASSQSTGGGEQFF	PYRVVVLSF
CASSILGGTDTQYF	PYRVVVLSF
CASSLIEETEAFF	PYRVVVLSF
CASSYSGRGHQPQHF	PYRVVVLSF
CASSPLVYGDTEAFF	PYRVVVLSF
CASSLSDGNEQFF	PYRVVVLSF
CASSFLGVNEQYF	PYRVVVLSF
CASTQWVGETQYF	PYRVVVLSF
CATSKGGNEQFF	PYRVVVLSF
CASSPRVQGRSYNSPLHF	PYRVVVLSF
CASSSLTGDNEQFF	PYRVVVLSF
CASSPAPGYEQYF	PYRVVVLSF
CASNRDGTEAFF	PYRVVVLSF
CASTSARKLDGELFF	PYRVVVLSF
CATSRDFTDTQYF	PYRVVVLSF
CASSLSLNTEAFF	PYRVVVLSF
CASRTGESLAFF	PYRVVVLSF
CASSLLLQETQYF	PYRVVVLSF
CASSGWDSTDTQYF	PYRVVVLSF
CASSPGTALTDTQYF	PYRVVVLSF
CASRARSHEQYF	PYRVVVLSF
CASSQEYSHKVDEQYF	PYRVVVLSF
CASSLILSGGASGELFF	PYRVVVLSF
CSGSNTEAFF	PYRVVVLSF
CASSLAADTEAFF	PYRVVVLSF
CASSQDPGASFTEAFF	PYRVVVLSF
CASSQDTGASYNEQFF	PYRVVVLSF
CASSLQGGMGIEQYF	PYRVVVLSF
CASSPLTGGATLQETQYF	PYRVVVLSF
CASSYDPSGAISNQPQHF	PYRVVVLSF
CASSLGGQYNEQFF	PYRVVVLSF
CASSIVAGSSEQFF	PYRVVVLSF
CASSIGTGTGELFF	PYRVVVLSF
CASRVAVMGETQYF	PYRVVVLSF
CSASILPSTDTQYF	PYRVVVLSF
CASSPPASGGSEQFF	PYRVVVLSF
CASSINSNEQFF	PYRVVVLSF
CASSFTSGGLDSYEQYF	PYRVVVLSF
CASSPADGVTGELFF	PYRVVVLSF
CASSGGQTEAFF	PYRVVVLSF
CASRPGTASNQPQHF	PYRVVVLSF
CASTPDGYEQYF	PYRVVVLSF
CASAGISTDTQYF	PYRVVVLSF
CASSYYPGGDTQYF	PYRVVVLSF
CASSPPTGEGIEETQYF	PYRVVVLSF
CASSQEEWSEAFF	PYRVVVLSF
CASSLGEGETTEAFF	PYRVVVLSF
