CDR3	AA
CASSTPGGSSTDTQYF	FLYIIKLVFL
CASSFGDWSSYEQYF	FLYIIKLVFL
CASSQDGFTDTQYF	FLYIIKLVFL
CASEGPGYEQYF	FLYIIKLVFL
CATSRDRTDTQYF	FLYIIKLVFL
CSVTHLNTGELFF	FLYIIKLVFL
CASSQASYRDRSTDTQYF	FLYIIKLVFL
CAWSVGYGYTF	FLYIIKLVFL
CASVLTGELFF	FLYIIKLVFL
CASSMGLEQFF	FLYIIKLVFL
CASSPGGDEQFF	FLYIIKLVFL
CASSDLTDNTGELFF	FLYIIKLVFL
CATSRVVTLNTEAFF	FLYIIKLVFL
CASSLASSYEQYF	FLYIIKLVFL
CTSSQEASGRSTNIQYF	FLYIIKLVFL
CASTKDGLAETQYF	FLYIIKLVFL
CSDMGPRTYEQYF	FLYIIKLVFL
CASANLRDRGDYEQYF	FLYIIKLVFL
CASSLAAGTGNQPQHF	FLYIIKLVFL
CASSEVVPGQTNTEAFF	FLYIIKLVFL
CASSQDLPLEGALRSTEAFF	FLYIIKLVFL
CASSLAGPDRDGQYF	FLYIIKLVFL
CSVAGQGIGLLEQYF	FLYIIKLVFL
CASSFPQGAQETQYF	FLYIIKLVFL
CASGFGWGGSTDTQYF	FLYIIKLVFL
CASSWGLAGDYNEQFF	FLYIIKLVFL
CASSLGTGSNEQFF	FLYIIKLVFL
CASSLGLAGSQETQYF	FLYIIKLVFL
CATAGVSSGDYEQYF	FLYIIKLVFL
CASSITGGMGDSPLHF	FLYIIKLVFL
CASSQIFQGAENTIYF	FLYIIKLVFL
CASSQESGFSYNEQFF	FLYIIKLVFL
CASSIGDSYNEQFF	FLYIIKLVFL
CATSDFGDTQYF	FLYIIKLVFL
CASSQDPTTSGGALALTDTQYF	FLYIIKLVFL
CASRSSMLVGGYEQYF	FLYIIKLVFL
CASSQTSGSLDTQYF	FLYIIKLVFL
CASSFETGTRYEQYF	FLYIIKLVFL
CASSGQGILVLGEKLFF	FLYIIKLVFL
CSAYYGNEYF	FLYIIKLVFL
CASSSGGAGQPQHF	FLYIIKLVFL
CASSQPGTENTEAFF	FLYIIKLVFL
CASSLGPQDPHHEQYF	FLYIIKLVFL
CASSLEGAGNTEAFF	FLYIIKLVFL
CSARVPSYNEQFF	FLYIIKLVFL
CASSEYNEQFF	FLYIIKLVFL
CASTLVGTDYNSPLHF	FLYIIKLVFL
CASSSIGGTEAFF	FLYIIKLVFL
CSAFGGQREGRYYEQYF	FLYIIKLVFL
CASSPSGGATETQYF	FLYIIKLVFL
CASSLWGQGISPLHF	FLYIIKLVFL
CATSALDYEQYF	FLYIIKLVFL
CASSPELGEDHGYTF	FLYIIKLVFL
CASSGEAGGPTDTQYF	FLYIIKLVFL
CATVAEKAFF	FLYIIKLVFL
CASSSPMGRGSYEQYF	FLYIIKLVFL
CASSPPTSGGLEETQYF	FLYIIKLVFL
CASSLAGTGGTYEQYF	FLYIIKLVFL
CASSQDPPSGSETQYF	FLYIIKLVFL
CAISDGQGGDQPQHF	FLYIIKLVFL
CASSSTPTSGDEQFF	FLYIIKLVFL
CSARGVVSSYNEQFF	FLYIIKLVFL
CASSLPMGAGVADTQYF	FLYIIKLVFL
CASSHATSGDYEQYF	FLYIIKLVFL
CASSPGHTGELFF	FLYIIKLVFL
CASSFDGVTKQGTDTQYF	FLYIIKLVFL
CASSHPRESSYNSPLHF	FLYIIKLVFL
CSARLPSYNEQFF	FLYIIKLVFL
CASSEISLASEQYF	FLYIIKLVFL
CASTRGEAGANVLTF	FLYIIKLVFL
CASSIPGATLYEQYF	FLYIIKLVFL
CATLGGPLDGYTF	FLYIIKLVFL
CASSLVGGLGIGDQPQHF	FLYIIKLVFL
CASSPQGATAYNSPLHF	FLYIIKLVFL
CASSRYVEAFF	FLYIIKLVFL
CATSGGEAQINEQFF	FLYIIKLVFL
CASSDGGAADTQYF	FLYIIKLVFL
CASSPEAWEGETQYF	FLYIIKLVFL
CASSFGRGITNTGELFF	FLYIIKLVFL
CASSFGDSNTEAFF	FLYIIKLVFL
CSASAGLAGDIQYF	FLYIIKLVFL
CASSLPQGAGPPDTQYF	FLYIIKLVFL
CASSLHGWLTDTQYF	FLYIIKLVFL
CASSHPPAGQPYEQYF	FLYIIKLVFL
CASSLGQGSEQYF	FLYIIKLVFL
CASSEEPGWGANTEAFF	FLYIIKLVFL
CASSQESDSGGALIWGTDTQYF	FLYIIKLVFL
CASGASYNEQFF	FLYIIKLVFL
CATSDSRQVYNEQFF	FLYIIKLVFL
CASSHTTGTSGVGTQYF	FLYIIKLVFL
CASKFGLGAYEQYF	FLYIIKLVFL
CSARVPTHNEQFF	FLYIIKLVFL
CASSLMGEGGNEQFF	FLYIIKLVFL
CASSEYTHEQFF	FLYIIKLVFL
CASSEPSGIYGYTF	FLYIIKLVFL
CASSGGDEQFF	FLYIIKLVFL
CASSTPRTSGNDEQYF	FLYIIKLVFL
CATHTSQILYF	FLYIIKLVFL
CASSLERAYEQYF	FLYIIKLVFL
CASSPASLAKNIQYF	FLYIIKLVFL
CASSLYGTSGGQETQYF	FLYIIKLVFL
CASSQDDRVEITDTQYF	FLYIIKLVFL
CASSEQDRQETQYF	FLYIIKLVFL
CASSTGLAGAYEQYF	FLYIIKLVFL
CASGPSPGLVYDEQFF	FLYIIKLVFL
CASSFPGGGHTEAFF	FLYIIKLVFL
CASRSGTGGNQETQYF	FLYIIKLVFL
CASSLYDYGYTF	FLYIIKLVFL
CASSSGTGPYEQYF	FLYIIKLVFL
CASSQEEGLELFF	FLYIIKLVFL
CASSPATLEKLFF	FLYIIKLVFL
CASSPVLSYNEQFF	FLYIIKLVFL
CSAGGALGIYEQYF	FLYIIKLVFL
CATSLARTNEQFF	FLYIIKLVFL
CSAPNPQGGTEAFF	FLYIIKLVFL
CASSATAGFNQPQHF	FLYIIKLVFL
CATTIDDGNYGYTF	FLYIIKLVFL
CASSSLANEQFF	FLYIIKLVFL
CASSPLSPGLANHLEYF	FLYIIKLVFL
CASSLAGLAGPEQFF	FLYIIKLVFL
CASSLPPWSSYNSPLHF	FLYIIKLVFL
CASSLGLSPPDTQYF	FLYIIKLVFL
CASSFGSAGVPNEQFF	FLYIIKLVFL
CASSLVGGSYEQYF	FLYIIKLVFL
CASSFTSGRAPDTQYF	FLYIIKLVFL
CASSLAGTGLNTEAFF	FLYIIKLVFL
CASSDYGQGGNQPQHF	FLYIIKLVFL
CASSQQGSAYGYTF	FLYIIKLVFL
CASSLGAGTSDTQYF	FLYIIKLVFL
CASSPSLSSYEQYF	FLYIIKLVFL
CASIPGPTDTQYF	FLYIIKLVFL
CASSLVGVGHTDTQYF	FLYIIKLVFL
CSARSYEQYF	FLYIIKLVFL
CATVGGANVLTF	FLYIIKLVFL
CASSLGTGGDEQFF	FLYIIKLVFL
CASSLNEENIQYF	FLYIIKLVFL
CASSESDYEQYF	FLYIIKLVFL
CASSPRTSGGEETQYF	FLYIIKLVFL
CASSSYGGPYGYTF	FLYIIKLVFL
CSVERGGMNTEAFF	FLYIIKLVFL
CSVVMDGYTF	FLYIIKLVFL
CATSRARLAADNEQFF	FLYIIKLVFL
CSAGTGDHYEQYF	FLYIIKLVFL
CASSPPDGADREGLGYGYTF	FLYIIKLVFL
CASSASGGVNTGELFF	FLYIIKLVFL
CASSGSYNEQFF	FLYIIKLVFL
CASSPVGGTEAFF	FLYIIKLVFL
CATSREGRTETQYF	FLYIIKLVFL
CASSSTGTGVYEQYF	FLYIIKLVFL
CATSSARTEIEQYF	FLYIIKLVFL
CASSTQQDRESSYEQYF	FLYIIKLVFL
CASSLGVVQREKLFF	FLYIIKLVFL
CSAVTGTSGAYEQYF	FLYIIKLVFL
CASGPYSNQPQHF	FLYIIKLVFL
CASSLALTVLFYEQYF	FLYIIKLVFL
CASSSGQGAEQYF	FLYIIKLVFL
CASSPTGATNEKLFF	FLYIIKLVFL
CASSLAGATATHYNEQFF	FLYIIKLVFL
CASSLEIGDKGLVEQYF	FLYIIKLVFL
CSARIPSYNEQFF	FLYIIKLVFL
CASSSHPPGGGAVEDTQYF	FLYIIKLVFL
CASTVPLADTQYF	FLYIIKLVFL
CATSRDRAGGFPSTDTQYF	FLYIIKLVFL
CASTLRQAGETGELFF	FLYIIKLVFL
CASSQDLVDTQYF	FLYIIKLVFL
CASSGVAGVYNEQFF	FLYIIKLVFL
CASSSGRSSSYEQYF	FLYIIKLVFL
CATSRDRVTGELFF	FLYIIKLVFL
CASSTGLAGIYEQYF	FLYIIKLVFL
CASSGSLDSYNSPLHF	FLYIIKLVFL
CASSQLDTNTGELFF	FLYIIKLVFL
CASSLAGGDEQYF	FLYIIKLVFL
CASSGNMNTEAFF	FLYIIKLVFL
CASSLAGPGQFF	FLYIIKLVFL
CASTLMGGAGDTQYF	FLYIIKLVFL
CASSHETGGPGELFF	FLYIIKLVFL
CASSLGSSGTYNEQFF	FLYIIKLVFL
CATSDLEGIQETQYF	FLYIIKLVFL
CASSPQTGLDTEAFF	FLYIIKLVFL
CASSFSLPGTNSPLHF	FLYIIKLVFL
CASSSRSRVGSLGSYNEQFF	FLYIIKLVFL
CAWRAGPYNEQFF	FLYIIKLVFL
CASSFSPQGANNEQFF	FLYIIKLVFL
CASSLGTSGGYTGELFF	FLYIIKLVFL
CASSLVGNTGELFF	FLYIIKLVFL
CASSLFGSNEQYF	FLYIIKLVFL
CASTKDVVAAGMNTEAFF	FLYIIKLVFL
CASSDFMGYNEQFF	FLYIIKLVFL
CASSLAGQGVTTEAFF	FLYIIKLVFL
CASSQGQGGDQPQHF	FLYIIKLVFL
CATSPERTSYEQFF	FLYIIKLVFL
CASSSGQGGSKNTEAFF	FLYIIKLVFL
CASSLTGASTDTQYF	FLYIIKLVFL
CASSYAGLAVQYF	FLYIIKLVFL
CASSQNLGELPYGYTF	FLYIIKLVFL
CASSQVVSGMGDEQYF	FLYIIKLVFL
CASSVGLAGAETQYF	FLYIIKLVFL
CASSLITGTENTEAFF	FLYIIKLVFL
CASRRLAALLDEQFF	FLYIIKLVFL
CASSYVGGEQFF	FLYIIKLVFL
CSAGTEHEQSYAEAFF	FLYIIKLVFL
CASSRQGGIEPQHF	FLYIIKLVFL
CSARLPSYNEQFF	FLYIIKLVFL
CASSNPGWAAGGPVIGTEAFF	FLYIIKLVFL
CASSQVGQTYTDTQYF	FLYIIKLVFL
CASSQEGDSYNTEAFF	FLYIIKLVFL
CSVAGNEQFF	FLYIIKLVFL
CASSLGSGSTDTQYF	FLYIIKLVFL
CASSLIGGWVAEAFF	FLYIIKLVFL
CASSLTEHIAGLRETQYF	FLYIIKLVFL
CASSEDSYTEAFF	FLYIIKLVFL
CASSLGGTGELFF	FLYIIKLVFL
CSARDGLLQETQYF	FLYIIKLVFL
CASSVGDSTEAFF	FLYIIKLVFL
CASSPLGQLATNEKLFF	FLYIIKLVFL
CASERSPMAYTF	FLYIIKLVFL
CASSLAGALYEQYF	FLYIIKLVFL
CASIPWERLATDTQYF	FLYIIKLVFL
CASSLEGTDYSYEQYF	FLYIIKLVFL
CASSPSFGQVGSEAFF	FLYIIKLVFL
CSARLATYNEQFF	FLYIIKLVFL
CATSKKRAQETQYF	FLYIIKLVFL
CASSLEQTSYEQYF	FLYIIKLVFL
CASSPSPYSNQPQHF	FLYIIKLVFL
CASSLSIAEGFNEQFF	FLYIIKLVFL
CASSGTMGLALSHGELFF	FLYIIKLVFL
CATSRERAGGNNEQFF	FLYIIKLVFL
CASSSGVNYNEQFF	FLYIIKLVFL
CASSQFQGETQYF	FLYIIKLVFL
CASSFAGDYPSYEQYF	FLYIIKLVFL
CASSYTLDRATEAFF	FLYIIKLVFL
CASSYTGPNPQETQYF	FLYIIKLVFL
CASSYQEAFF	FLYIIKLVFL
CASSSFGTAVDTYEQYF	FLYIIKLVFL
CASSQEGGSYTGELFF	FLYIIKLVFL
CASSATSLETQYF	FLYIIKLVFL
CASSFGVGMNTEAFF	FLYIIKLVFL
CASSQEGWASVSSGYTF	FLYIIKLVFL
CASSQEGVAVYNEQFF	FLYIIKLVFL
CSVGKEGTGAFF	FLYIIKLVFL
CASSQDPSYEQYF	FLYIIKLVFL
CASSIAADSYEQYF	FLYIIKLVFL
CASSPYLADEQFF	FLYIIKLVFL
CASSPDRGTQYF	FLYIIKLVFL
CASLLRAPWSTDTQYF	FLYIIKLVFL
CASSPTEGTSLAGGTDTQYF	FLYIIKLVFL
CASSLTVTSGGDNEQFF	FLYIIKLVFL
CASSSIAGYQETQYF	FLYIIKLVFL
CASSWGAASTDTQYF	FLYIIKLVFL
CASSLDGDTQYF	FLYIIKLVFL
CSAVMDTQYF	FLYIIKLVFL
CASSQDGVGDLSYEQYF	FLYIIKLVFL
CASSQEIGVTVGSYNSPLHF	FLYIIKLVFL
CSVQTGLDEAFF	FLYIIKLVFL
CASSPLGILGETQYF	FLYIIKLVFL
CSARLATYNEQFF	FLYIIKLVFL
CASSLAGQGVNTEAFF	FLYIIKLVFL
CASSLDKRGGGSPLHF	FLYIIKLVFL
CASSLPIVGLAGSRTDTQYF	FLYIIKLVFL
CASSLGQEQFF	FLYIIKLVFL
CASSLAGNGQNTEAFF	FLYIIKLVFL
CASTNTGLVFF	FLYIIKLVFL
CASIQSGSEQYF	FLYIIKLVFL
CSAPGQLSGANVLTF	FLYIIKLVFL
CASTLASNYGYTF	FLYIIKLVFL
CASSPGAGANVLTF	FLYIIKLVFL
CSVERLDRAMAGELFF	FLYIIKLVFL
CASSYAGLSEAFF	FLYIIKLVFL
CASSPPYGDPGYTF	FLYIIKLVFL
CATRGADSGNTIYF	FLYIIKLVFL
CASSSGQDPTYEQYF	FLYIIKLVFL
CASSLPSGTGPYEQYF	FLYIIKLVFL
CSVEGPAGVFRNEQFF	FLYIIKLVFL
CASSTSGNTEAFF	FLYIIKLVFL
CASHLGSSHNEQFF	FLYIIKLVFL
CSAHTLVSYNEQFF	FLYIIKLVFL
CASLSYNEQFF	FLYIIKLVFL
CASSRTGSSTDTQYF	FLYIIKLVFL
CASSLDQSYEQYF	FLYIIKLVFL
CASSQLSGGVYNEQFF	FLYIIKLVFL
CASSSQLLALTHEQYF	FLYIIKLVFL
CASSYMALNTEAFF	FLYIIKLVFL
CSAREASSYNEQFF	FLYIIKLVFL
CASSEPDRQFNYGYTF	FLYIIKLVFL
CASSETGQETQYF	FLYIIKLVFL
CASSQDPSSGNTIYF	FLYIIKLVFL
CASVGVAAFF	FLYIIKLVFL
CASSPNTLGTF	FLYIIKLVFL
CASSITGGLSTDTQYF	FLYIIKLVFL
CASSYLIGQGQEKLFF	FLYIIKLVFL
CASSWPLGQGAVSDTEAFF	FLYIIKLVFL
CASGAGTGATNEKLFF	FLYIIKLVFL
CASSLALDSNEKLFF	FLYIIKLVFL
CASSVYLAGGPGTGELFF	FLYIIKLVFL
CASSPAGQGPSYEQYF	FLYIIKLVFL
CGGIRASHNEQFF	FLYIIKLVFL
CASSLAGNGVNTEAFF	FLYIIKLVFL
CASSSADRIGQPQHF	FLYIIKLVFL
CASSEVSRQMQETQYF	FLYIIKLVFL
CASIGGAAGSYEQYF	FLYIIKLVFL
CSVVVLAGVQKLETQYF	FLYIIKLVFL
CASSQDLNSNQPQHF	FLYIIKLVFL
CASSESDVRGPGELFF	FLYIIKLVFL
CASSFGVEGAGELFF	FLYIIKLVFL
CSARLPSYNEQFF	FLYIIKLVFL
CASSQDLLVFEGALNTEAFF	FLYIIKLVFL
CASSLGTGGGEQYF	FLYIIKLVFL
CASSLTGDYNEQFF	FLYIIKLVFL
CASSPGNEQFF	FLYIIKLVFL
CASSSPGQSYEQYF	FLYIIKLVFL
CASSQDLQVGAAVGFDTQYF	FLYIIKLVFL
CASSTGLRSYEQYF	FLYIIKLVFL
CASSQDLDLISPLHF	FLYIIKLVFL
CASSRTTGSWGAEAFF	FLYIIKLVFL
CASSPRDRPVYEQYF	FLYIIKLVFL
CASSQVDSGSYNSPLHF	FLYIIKLVFL
CASSLVYEQYF	FLYIIKLVFL
CATTQSRVGSGQETQYF	FLYIIKLVFL
CASTLAGVGEQYF	FLYIIKLVFL
CASSLQVVWAGELFF	FLYIIKLVFL
CASSEPGQGSYEQYF	FLYIIKLVFL
CASSPGLAGVDEQYF	FLYIIKLVFL
CASNTEAFF	FLYIIKLVFL
CASSQDRSAGGQFF	FLYIIKLVFL
CASLGTASEAFF	FLYIIKLVFL
CASSLPDSPHSNQPQHF	FLYIIKLVFL
CASSPNTFHYSTGELFF	FLYIIKLVFL
CASSQLATEAFF	FLYIIKLVFL
CASSSPRQGVYEQYF	FLYIIKLVFL
CSVDSGYEQYF	FLYIIKLVFL
CASSSLDRSYNEQFF	FLYIIKLVFL
CASSIPPAGGNDEQFF	FLYIIKLVFL
CASSRAWRTSYNEQFF	FLYIIKLVFL
CASSELGSTDTQYF	FLYIIKLVFL
CASSYGLAESYEQYF	FLYIIKLVFL
CASSGTSGVSSYNEQFF	FLYIIKLVFL
CASSQDPPGGVIHYEQYF	FLYIIKLVFL
CASGASGELFF	FLYIIKLVFL
CASSLRQAEYENYGYTF	FLYIIKLVFL
CASSEYLAELSGANVLTF	FLYIIKLVFL
CASSPGQDGSPLHF	FLYIIKLVFL
CASSPEGDSLIGGELFF	FLYIIKLVFL
CASSTGQGFYEQYF	FLYIIKLVFL
CASKFLNGEQYF	FLYIIKLVFL
CSVVLPNQPQHF	FLYIIKLVFL
CSVEVGELFF	FLYIIKLVFL
CASSRGLAWDTEAFF	FLYIIKLVFL
CASSALWGPDYEQYF	FLYIIKLVFL
CSASTSGESTDTQYF	FLYIIKLVFL
CASSQLNTGELFF	FLYIIKLVFL
CASSSQIDQPQHF	FLYIIKLVFL
CASSSTGTYQETQYF	FLYIIKLVFL
CASSLMVRRDGNQPQHF	FLYIIKLVFL
CATSRERARDTQYF	FLYIIKLVFL
CASSTGQAGSYEQYF	FLYIIKLVFL
CASSIGLAGGNEQYF	FLYIIKLVFL
CASSGSGELFF	FLYIIKLVFL
CAGAGYEQYF	FLYIIKLVFL
CASSLAGSGSYNEQFF	FLYIIKLVFL
CATSGQGLITDTQYF	FLYIIKLVFL
CASSQDGSDTQYF	FLYIIKLVFL
CASSPPGTDTQYF	FLYIIKLVFL
CSATGTDSIDGNQPQHF	FLYIIKLVFL
CASSSLQYYEQYF	FLYIIKLVFL
CASSAQTGDQETQYF	FLYIIKLVFL
CSARDRGTREDEQFF	FLYIIKLVFL
