CDR3	AA
CASSVGGAPGYEQYF	GVYDYLVST
CASSSPGRDQETQYF	GVYDYLVST
CASSPWTGAATDTQYF	GVYDYLVST
CSAIWGNYNEQFF	GVYDYLVST
CAISETGTTNEQFF	GVYDYLVST
CASSLFQDTQYF	GVYDYLVST
CASSSVDSSETQYF	GVYDYLVST
CASSYRGQDYGYTF	GVYDYLVST
CASVQGVYNEQFF	GVYDYLVST
CASSQEPTLEQYF	GVYDYLVST
CASSSNLAPGELFF	GVYDYLVST
CASSVALNPNEQFF	GVYDYLVST
CASSWGSGLALTGELFF	GVYDYLVST
CASSGLTGELFF	GVYDYLVST
CAISEPRDGTGELFF	GVYDYLVST
CASSPNTDTQYF	GVYDYLVST
CASSLSRTRHNEQFF	GVYDYLVST
CASSPLEGSLNEQFF	GVYDYLVST
CASSYSNREAGELFF	GVYDYLVST
CSVEHLNYGYTF	GVYDYLVST
CASSLVAAPSYNEQFF	GVYDYLVST
CASSDLPDYEQYF	GVYDYLVST
CASRGGGLSQFF	GVYDYLVST
CSARDLAFYNEQFF	GVYDYLVST
CASSDQIRDSSSGANVLTF	GVYDYLVST
CASSGDRGNTEAFF	GVYDYLVST
CSVGGGSYEQYF	GVYDYLVST
CASGGVGFSGSFNEQYF	GVYDYLVST
CASGRDRWAGELFF	GVYDYLVST
CASSLVGGRASPGNEQFF	GVYDYLVST
CASSQYRLAGTDTQYF	GVYDYLVST
CSARGWKDRGDEQYF	GVYDYLVST
CSAREGETSWYEQFF	GVYDYLVST
CSVLAGAGYTF	GVYDYLVST
CSASPGRMNTEAFF	GVYDYLVST
CASSLGSPYEQYF	GVYDYLVST
CASRGQGFQPQHF	GVYDYLVST
