CDR3	AA
CSARDLRGTYEQYF	VEAEVQIDRL
CASSSEQATNEKLFF	VEAEVQIDRL
CSARDLYASSYNEQFF	VEAEVQIDRL
CASSFGHEQYF	VEAEVQIDRL
CASSYPSGRDLYEQYF	VEAEVQIDRL
CSAEREGLNEQFF	VEAEVQIDRL
CASSYSQGPSYEQYF	VEAEVQIDRL
CASSWSALEKQFF	VEAEVQIDRL
CASCRGAQSTDTQYF	VEAEVQIDRL
CASSQEMGTSYEQYF	VEAEVQIDRL
CASSNLGDTNTGELFF	VEAEVQIDRL
CASRPGQGNNEQFF	VEAEVQIDRL
CASSERLNSYEQYF	VEAEVQIDRL
CASSESFRAKGLFF	VEAEVQIDRL
CASSQNTAGFRDPDTQYF	VEAEVQIDRL
CASTVPSFTGELFF	VEAEVQIDRL
CATSRIDTYLQETQYF	VEAEVQIDRL
CASSEGPVSDTQYF	VEAEVQIDRL
CASRSGRGNQPQHF	VEAEVQIDRL
CASSFGHEQFF	VEAEVQIDRL
CASSVSPAGELFF	VEAEVQIDRL
CASDAGTGIYNEQFF	VEAEVQIDRL
CASRTGWEQYF	VEAEVQIDRL
CASSQVSGSGLYEQYF	VEAEVQIDRL
CASSKVRDRGPRGSPGGETQYF	VEAEVQIDRL
CASRPGTGEQPQHF	VEAEVQIDRL
CASSPQGYEQYF	VEAEVQIDRL
CASSLVYNEQFF	VEAEVQIDRL
CASSTWGGGHYNEQFF	VEAEVQIDRL
CASSQFKDRLANVLTF	VEAEVQIDRL
CARGRGTSGRATGELFF	VEAEVQIDRL
CASSLTDRLNSPLHF	VEAEVQIDRL
CASRPGTGLVEAFF	VEAEVQIDRL
CASSPSLQRLHEAFF	VEAEVQIDRL
CASHGPTGELFF	VEAEVQIDRL
CASRPGQGNQPQHF	VEAEVQIDRL
CASSSGRAYEQFF	VEAEVQIDRL
CSARDLTGTGETQYF	VEAEVQIDRL
CASSGQSLPLHF	VEAEVQIDRL
CASSQEIATNEKLFF	VEAEVQIDRL
CASSQDPGDYEQYF	VEAEVQIDRL
CASSYGHEQYF	VEAEVQIDRL
CASDAGTGYYNEQFF	VEAEVQIDRL
CASSQDLGTAYEQYF	VEAEVQIDRL
CASTKDRYYEQYF	VEAEVQIDRL
CASGATYNEQFF	VEAEVQIDRL
