CDR3	AA
CASRQFFPTNTDTQYF	TFKVSIWNL
CASRNMVYEQFF	TFKVSIWNL
CSVEYRGLGEQYF	TFKVSIWNL
CASSWTDSYEQYF	TFKVSIWNL
CASSPSSYNEQFF	TFKVSIWNL
CASSSLAGGLDDEQFF	TFKVSIWNL
CASSMPERTSGNNRETQYF	TFKVSIWNL
CASSASVVGGQAYNEQFF	TFKVSIWNL
CASSPGISYEQYF	TFKVSIWNL
CATSRPYEGFREQYF	TFKVSIWNL
CASSLDLGHSPLHF	TFKVSIWNL
CASRDGADWTGELFF	TFKVSIWNL
CASSYWAGETNEKLFF	TFKVSIWNL
CASNEGRTGDEKLFF	TFKVSIWNL
CASSLFVEDNEQFF	TFKVSIWNL
CSVRDSYGYTF	TFKVSIWNL
CASSLGAGGDGSSEAFF	TFKVSIWNL
CASSHSGGGELFF	TFKVSIWNL
CSTGQGVTLGSEQFF	TFKVSIWNL
CASSVAGGEAFF	TFKVSIWNL
CASSNREDEQYF	TFKVSIWNL
CASSSGGSGSTSYEQYF	TFKVSIWNL
CASSPPSAWETQYF	TFKVSIWNL
CASSSLAGSVNEQFF	TFKVSIWNL
CASSGRGETYNEQFF	TFKVSIWNL
CASSQGGGQETQYF	TFKVSIWNL
CASSSREGGTDTQYF	TFKVSIWNL
CASSQGPGGEWVSYEQYF	TFKVSIWNL
CASSQGGGLGAFF	TFKVSIWNL
CASGLPPIEAFF	TFKVSIWNL
CASSVDGGRRGYTF	TFKVSIWNL
CASSGAGTGGTEAFF	TFKVSIWNL
CASSPTTGGYGYTF	TFKVSIWNL
CASSLFPEAFF	TFKVSIWNL
CASSQEVAGSETQYF	TFKVSIWNL
CASTNAGHNEQFF	TFKVSIWNL
CASSVTGVDTGELFF	TFKVSIWNL
CATSGVRQFF	TFKVSIWNL
CASGIEPGELFF	TFKVSIWNL
CASSEAFVGGGSYNEQFF	TFKVSIWNL
CASSARQALETQYF	TFKVSIWNL
CASSGWEGLSTDTQYF	TFKVSIWNL
CASSESQSQETQYF	TFKVSIWNL
CASSNQETQYF	TFKVSIWNL
CASSPRQGVFGYNEQFF	TFKVSIWNL
CASSFLGLSYEQYF	TFKVSIWNL
CASSVEGDAGTGIVYEQYF	TFKVSIWNL
CASSNLAGGPVGELFF	TFKVSIWNL
CASSLSSNGYEQYF	TFKVSIWNL
CASSWPKGFTYEQYF	TFKVSIWNL
CASTGPGTSLYGEQFF	TFKVSIWNL
CASRQRADYGEQYF	TFKVSIWNL
CASSRDRAGNEQFF	TFKVSIWNL
CASSRGLVNEQFF	TFKVSIWNL
CASSLRTGTETQYF	TFKVSIWNL
CASSLRVSVWGEQYF	TFKVSIWNL
CASSEGLGGEQYF	TFKVSIWNL
CASSGYYNEQFF	TFKVSIWNL
CASSFGDTEAFF	TFKVSIWNL
CSARPLAGEHTDTQYF	TFKVSIWNL
CASSQHRGLAGGLDNEQFF	TFKVSIWNL
CASSSRQGHDEQYF	TFKVSIWNL
CASSLIGDETQYF	TFKVSIWNL
CASSGAYNEQFF	TFKVSIWNL
CASSHLDWNNEQFF	TFKVSIWNL
CSVRSYEQYF	TFKVSIWNL
CASSWDGVSGNTIYF	TFKVSIWNL
CASSGGGGLYEQYF	TFKVSIWNL
CASRSPGSYNEQFF	TFKVSIWNL
CASSQSGTGFYEQYF	TFKVSIWNL
CASSQLAGGLYNEQFF	TFKVSIWNL
CASATLTDTQYF	TFKVSIWNL
CASSQEVLSAGQGPSPLHF	TFKVSIWNL
CASSLATGWEQYF	TFKVSIWNL
CSASSSGRTLYNEQFF	TFKVSIWNL
CASSYRLAGAELQETQYF	TFKVSIWNL
CASSLRTGSIYEQYF	TFKVSIWNL
CASSAPTRLNTGELFF	TFKVSIWNL
CASSFGGLGEQFF	TFKVSIWNL
CASSALKSGYNEQFF	TFKVSIWNL
CASSEVVKLYYEQYF	TFKVSIWNL
CASSLVPGGRPGEEAFF	TFKVSIWNL
CASNEGQGGYEQYF	TFKVSIWNL
CASSVGGGTDTQYF	TFKVSIWNL
CASSVFSHEQFF	TFKVSIWNL
CASSLGGSPLHF	TFKVSIWNL
CASSLGRGTGDHNEQFF	TFKVSIWNL
CASSLEGGLSGNTIYF	TFKVSIWNL
CASSPHSGGETEAFF	TFKVSIWNL
CASSFGNEQFF	TFKVSIWNL
CASSKGLAGPSTDTQYF	TFKVSIWNL
CASSLGQGYEQYF	TFKVSIWNL
CATSREPGGPDTQYF	TFKVSIWNL
CASSDQGPDTQYF	TFKVSIWNL
CASSLDGSGTYEQYF	TFKVSIWNL
CASSQATGNYEQYF	TFKVSIWNL
CASSLHSLTGTGGYEQFF	TFKVSIWNL
CASSLGSGQYNEQFF	TFKVSIWNL
CASSSDRAGYTF	TFKVSIWNL
CASSLGNGLPWEQYF	TFKVSIWNL
CASSPGSGWEQYF	TFKVSIWNL
CASSLGTANTEAFF	TFKVSIWNL
CASSQEGGLVGYGYTF	TFKVSIWNL
CASSLRADYEQYF	TFKVSIWNL
CASSSVDLADTQYF	TFKVSIWNL
CASSSGDGETEAFF	TFKVSIWNL
CSVVVGAEAFF	TFKVSIWNL
CASSVSFSANEQYF	TFKVSIWNL
CASSQVLSGGGGKTGTYEQYF	TFKVSIWNL
CASSQDRGLYEQYF	TFKVSIWNL
CASSLWTSQDTQYF	TFKVSIWNL
CASSLARVGLNTEAFF	TFKVSIWNL
CASSQGLETNRAYGYTF	TFKVSIWNL
CASSLDSGGYEQYF	TFKVSIWNL
CASSLWGEGSYEQYF	TFKVSIWNL
CASSGRGLSYNEQFF	TFKVSIWNL
CASSPLAGGHNEQFF	TFKVSIWNL
CASSGQRNSGGTEAFF	TFKVSIWNL
CASSLTSGGYNEQFF	TFKVSIWNL
CASSVGGFGNIQYF	TFKVSIWNL
CSARDLTGGLWDTQYF	TFKVSIWNL
CASSQATGALGYGYTF	TFKVSIWNL
CASSLAASSYEQYF	TFKVSIWNL
CASSLSVRPSTDTQYF	TFKVSIWNL
CASSFGTDGGEQYF	TFKVSIWNL
CASSLASGQGYEQYF	TFKVSIWNL
CASSQEPGLGPETQYF	TFKVSIWNL
CASSREEGGETSPLYNEQFF	TFKVSIWNL
CATWDRQSNTQYF	TFKVSIWNL
CASSQSLGGSETQYF	TFKVSIWNL
CASSQELAGGRWNPTDTQYF	TFKVSIWNL
CASSVQAGADTQYF	TFKVSIWNL
CATSWDRNQPQHF	TFKVSIWNL
CASSPLLQNYGYTF	TFKVSIWNL
CASSWTGAPPLHF	TFKVSIWNL
CASSKAGDYGYTF	TFKVSIWNL
CASAARTSLNLRYF	TFKVSIWNL
CASSLGLAGGAPPDTQYF	TFKVSIWNL
CASSYSLWIPKDNEQFF	TFKVSIWNL
CASSIEAANTEAFF	TFKVSIWNL
CASSVAGANVLTF	TFKVSIWNL
CSSGPDTEAFF	TFKVSIWNL
CASALYNLQPTNEKLFF	TFKVSIWNL
CASSPSYDSSNNEQFF	TFKVSIWNL
CASSLGLAGAPGDEQYF	TFKVSIWNL
CASSSGQGSHEQYF	TFKVSIWNL
CASSLGQVSRWEKLFF	TFKVSIWNL
CASSFQAFSYEQYF	TFKVSIWNL
CASSLAFGAGYTF	TFKVSIWNL
CASSRDRSEAFF	TFKVSIWNL
CSVEPRANYGYTF	TFKVSIWNL
CAWTPLGGGGELFF	TFKVSIWNL
CASSTETVRWGTDTQYF	TFKVSIWNL
CSVEEAGGDEQYF	TFKVSIWNL
CASNGGGPSYEQYF	TFKVSIWNL
CASSYLASGYNEQFF	TFKVSIWNL
CASSVRDRSPPLHF	TFKVSIWNL
CASSLEGRTFNTEAFF	TFKVSIWNL
CSVLGIADTYNEQFF	TFKVSIWNL
CSARDRGSEQYF	TFKVSIWNL
CASSKSRCPTWTSATAPYNEQFF	TFKVSIWNL
CATSDLQGGAGLNEQFF	TFKVSIWNL
CASSPAAASYEQYF	TFKVSIWNL
CASSEARVRLAGNEQFF	TFKVSIWNL
CASSLDGIEAFF	TFKVSIWNL
CSVRGGIEAFF	TFKVSIWNL
CSVPPQGSEQFF	TFKVSIWNL
CASARGTEAFF	TFKVSIWNL
CASSFLEEQFF	TFKVSIWNL
CASTPSGSGSYGYTF	TFKVSIWNL
CASSLGRGVEDTQYF	TFKVSIWNL
CASSQDRVNRGLYGYTF	TFKVSIWNL
CASSQGAGGPGNEQFF	TFKVSIWNL
CSAPRGIETFYEQYF	TFKVSIWNL
CASSLVENTEAFF	TFKVSIWNL
CASSFEGDVLFF	TFKVSIWNL
CASSQEGRRPFYEQFF	TFKVSIWNL
CASSFGPLGEQFF	TFKVSIWNL
CASSLFQPGQRPNTGELFF	TFKVSIWNL
CSAASGTSGSGDTQYF	TFKVSIWNL
CASSAGTGGSPLHF	TFKVSIWNL
CASSSLLRGTNYEQYF	TFKVSIWNL
CASSRQNTGELFF	TFKVSIWNL
CASSFGGDTGELFF	TFKVSIWNL
CASSPHPSGRGVGELFF	TFKVSIWNL
CASKGWNTGELFF	TFKVSIWNL
CASSLGVFTGELFF	TFKVSIWNL
CASSLSAGDFNEQFF	TFKVSIWNL
CASSAGQGAVPLHF	TFKVSIWNL
CSVYVDSYYGYTF	TFKVSIWNL
CASGWGLGDEQYF	TFKVSIWNL
CASSNIQGFNQPQHF	TFKVSIWNL
CASSLTGEYTEAFF	TFKVSIWNL
CASSPRGSDQPQHF	TFKVSIWNL
CASSQAATGANVLTF	TFKVSIWNL
CASSVTGAVTYEQYF	TFKVSIWNL
CASSLVVRLAWSTDTQYF	TFKVSIWNL
CASSASLWQLNTEAFF	TFKVSIWNL
CASSLLAGTVSEQFF	TFKVSIWNL
CASSLRQGAWETQYF	TFKVSIWNL
CASINRLNNEQFF	TFKVSIWNL
CASSFSGRGSYEQYF	TFKVSIWNL
CASSLMGPEQYF	TFKVSIWNL
CASSQKQGYEQYF	TFKVSIWNL
CASSQASGGPDTQYF	TFKVSIWNL
CASAGREVADTQYF	TFKVSIWNL
CASSLSFPDTQYF	TFKVSIWNL
CASSKTTGNTYEQYF	TFKVSIWNL
CASSIDQENTEAFF	TFKVSIWNL
CASSTRVKGEQYF	TFKVSIWNL
CASSYSLAGENEQFF	TFKVSIWNL
CASSYGRGVSANTGELFF	TFKVSIWNL
CSAAGDGSYEQYF	TFKVSIWNL
CASTTGPYNEQFF	TFKVSIWNL
CSARDRGREAGRGTDTQYF	TFKVSIWNL
CASSFRQVINTGELFF	TFKVSIWNL
CASSSLSSPEAFF	TFKVSIWNL
CSVEPGAVGYTF	TFKVSIWNL
CSASEQGQGETQYF	TFKVSIWNL
CASSLTTAYGYTF	TFKVSIWNL
CASSHPWLAGDSYNEQFF	TFKVSIWNL
CASGAGHEQFF	TFKVSIWNL
CASSLGQPQHF	TFKVSIWNL
CASRLAILGGAEMETQYF	TFKVSIWNL
CASNSGTGGDTQYF	TFKVSIWNL
CASSVYGGTDTQYF	TFKVSIWNL
CASSQLLQNEQFF	TFKVSIWNL
CASSYGLAGGPQYNEQFF	TFKVSIWNL
CASSPWTGANVLTF	TFKVSIWNL
CASSLGAGRRGYTF	TFKVSIWNL
CASTPGQNTGELFF	TFKVSIWNL
CASSILAGVFNEQFF	TFKVSIWNL
CASSKEDWRGRNEQFF	TFKVSIWNL
CASSLGGGGSYEQYF	TFKVSIWNL
CASSQAHSSPAGGTDTQYF	TFKVSIWNL
CASSLPNQPQHF	TFKVSIWNL
CASSVVGGYEQYF	TFKVSIWNL
CASSKYPGGTYEQYF	TFKVSIWNL
CASSAPGQGYNSPLHF	TFKVSIWNL
CASSPRTANNSPLHF	TFKVSIWNL
CSVAGTGMEPQHF	TFKVSIWNL
CASSYMGGEQFF	TFKVSIWNL
CASSIYSEDNEQFF	TFKVSIWNL
