CDR3	AA
CASSYSGTQYF	GYINVFAFPF
CASSVATGGTTDTQYF	GYINVFAFPF
CASSFGQVRSF	GYINVFAFPF
CASSPDPSYEQYF	GYINVFAFPF
CSVVTGIYEQYF	GYINVFAFPF
CSAQSLAGEDEQFF	GYINVFAFPF
CASSPSGNTIYF	GYINVFAFPF
CASCSGGRPFF	GYINVFAFPF
CATLTLGEQYF	GYINVFAFPF
CASSWSGEQFF	GYINVFAFPF
CASSTTGEGYTF	GYINVFAFPF
CASSSATGYNEQFF	GYINVFAFPF
CASSGDNSYEQYF	GYINVFAFPF
CASSYGGEKLFF	GYINVFAFPF
CSVQGGTDTQYF	GYINVFAFPF
CASSYGGGYTF	GYINVFAFPF
CASSIVEGQGSYNEQFF	GYINVFAFPF
CASNARTTGELFF	GYINVFAFPF
CASSLVGEKLFF	GYINVFAFPF
CAISEWQIPNTGELFF	GYINVFAFPF
CASSLEQTYSPLHF	GYINVFAFPF
CASSLENYGYTF	GYINVFAFPF
CASSETGVPYSPLHF	GYINVFAFPF
CASSPGGYGYTF	GYINVFAFPF
CSGLEHNEQFF	GYINVFAFPF
CASSSGGLDQYF	GYINVFAFPF
CASSPTGNEQYF	GYINVFAFPF
CASSEEGGGNMNEQFF	GYINVFAFPF
CSVEAGTGFEQYF	GYINVFAFPF
CSASSVWPTGELFF	GYINVFAFPF
CASSQLAGDYEQYV	GYINVFAFPF
CAMLYTGELFF	GYINVFAFPF
CASSPYIRDL	GYINVFAFPF
CASSYSDRAKGTGELFF	GYINVFAFPF
CATSETGSEQYF	GYINVFAFPF
CASSAQGSAFF	GYINVFAFPF
CASSTELGSYNEQFF	GYINVFAFPF
CASTADRGNTEAFF	GYINVFAFPF
CASSLGETQYF	GYINVFAFPF
CASMGLADNYEQYF	GYINVFAFPF
CASSLRVSSQETQYF	GYINVFAFPF
CASSPAGDTQYF	GYINVFAFPF
CASSYAAGDLNTEAFF	GYINVFAFPF
CSARDPSSYNSPLHF	GYINVFAFPF
CSVEDGRRGHEQFF	GYINVFAFPF
CATRGPHYGYTF	GYINVFAFPF
CASSEDLSGDYEQYF	GYINVFAFPF
CASSLTGETQYF	GYINVFAFPF
CASSPSGNTIYF	GYINVFAFPF
CASSLTGFGYTF	GYINVFAFPF
CASSQSGGADEQYF	GYINVFAFPF
CASSPNSETQYF	GYINVFAFPF
CSVSLGAYGYTF	GYINVFAFPF
CASSQGGWLFF	GYINVFAFPF
CSASLMSPGANEKLFF	GYINVFAFPF
CASSLSTEAFF	GYINVFAFPF
CASSSPIGQNGDTQYF	GYINVFAFPF
CASGGAEQFF	GYINVFAFPF
CASSETTGTSGRISYNEQFF	GYINVFAFPF
CASSPTGNEQFF	GYINVFAFPF
CASSFAGAGDQPQHF	GYINVFAFPF
CSAVSSGGPYEQFF	GYINVFAFPF
CASSSDGFGGYTF	GYINVFAFPF
CATLLGTGELFF	GYINVFAFPF
CASIGGVEAFF	GYINVFAFPF
CASSLGTLYEQYF	GYINVFAFPF
CASSATYNEQFF	GYINVFAFPF
CSVEQGNGNEQFF	GYINVFAFPF
CSVEVGMGYEQYF	GYINVFAFPF
CASSLDGSEQFF	GYINVFAFPF
CATIGGHDEAFF	GYINVFAFPF
CSARGGLAHEQYF	GYINVFAFPF
CASSSQGGAFF	GYINVFAFPF
CASSSTGETQYF	GYINVFAFPF
CASSREGSTSNYGYTF	GYINVFAFPF
CASTGGAGDTQYF	GYINVFAFPF
CASSQDYFSGGAVNTEAFF	GYINVFAFPF
CASHSGALLEQYF	GYINVFAFPF
CASSPTGYEQYF	GYINVFAFPF
CSARWEGPEQFF	GYINVFAFPF
CASSFGPPEAFF	GYINVFAFPF
CASSFAEKLFF	GYINVFAFPF
CASSAFQGEDTEAFF	GYINVFAFPF
CASSLADEQYF	GYINVFAFPF
CASSLAGPSTDTQYF	GYINVFAFPF
CASSNNPGPERGTF	GYINVFAFPF
CASGPDNNYGYTF	GYINVFAFPF
CSVFGGDYEQYF	GYINVFAFPF
CASSFSETQYF	GYINVFAFPF
CSATGGTDTQYF	GYINVFAFPF
CASSIQGTGELFF	GYINVFAFPF
CASSLGNEQFF	GYINVFAFPF
CASSLRDNTYEQYF	GYINVFAFPF
CSARAADDGELFF	GYINVFAFPF
CASSPQGALGYEQYF	GYINVFAFPF
CASSLSPGYYGYTF	GYINVFAFPF
CASSPSGNTIYF	GYINVFAFPF
CSARDLGGGPNIYNEQFF	GYINVFAFPF
CASSLAGEKLFF	GYINVFAFPF
CASSQVTNTEAFF	GYINVFAFPF
CASSVEGGLDEQFF	GYINVFAFPF
CASSLGRATEAFF	GYINVFAFPF
CSVISGGQTQYF	GYINVFAFPF
CASSLGTPDTQYF	GYINVFAFPF
CASSFGLGSDPFF	GYINVFAFPF
CSVLTGLNTEAFF	GYINVFAFPF
CASSYSGETQYF	GYINVFAFPF
CASSPTGYEQYF	GYINVFAFPF
CASSPQGAYNEQFF	GYINVFAFPF
CATQGGNEQFF	GYINVFAFPF
CASSSSGGSTDTQYF	GYINVFAFPF
CASSPTGNEQFF	GYINVFAFPF
CASSLRLVVHEQYF	GYINVFAFPF
CASSYTMPEQFF	GYINVFAFPF
CSVEDRAYGYTF	GYINVFAFPF
CASSPQDVLIHNEQFF	GYINVFAFPF
CASSQGPEQYF	GYINVFAFPF
CASSLTGETQYF	GYINVFAFPF
CASAADSGNTIYF	GYINVFAFPF
CASSSSGSYNEQFF	GYINVFAFPF
CASSPGGETQYF	GYINVFAFPF
CASSSDSPAEQYF	GYINVFAFPF
CASSFGTEAFF	GYINVFAFPF
CASISLGQENTEAFF	GYINVFAFPF
CASSLTGGYGYTF	GYINVFAFPF
CASSSAGETQYF	GYINVFAFPF
CASSQDYEGAPPHEQYF	GYINVFAFPF
CASSYSAYEQYF	GYINVFAFPF
CSVGTGLNEQYF	GYINVFAFPF
CASSLSNEQFF	GYINVFAFPF
CASGQGFDEQFF	GYINVFAFPF
CASSFSDTQYF	GYINVFAFPF
CSVVRGDGTGELFF	GYINVFAFPF
CSVFGWVSKGSYEQYF	GYINVFAFPF
CASSSGLAGGPDTQYF	GYINVFAFPF
CASSVGFEQYF	GYINVFAFPF
CASSLAGETQYF	GYINVFAFPF
CSATGTATSYEQYF	GYINVFAFPF
CASSLQETQYF	GYINVFAFPF
CASSYSPEAFF	GYINVFAFPF
CASSFVGLAGNEQFF	GYINVFAFPF
CASSPNRDF	GYINVFAFPF
CSVEKGQGYEQYF	GYINVFAFPF
CSVELNTEAFF	GYINVFAFPF
CASSSTGVTSNTGELFF	GYINVFAFPF
CASSYSMGEGPLTGGYNEQFF	GYINVFAFPF
CASSFGADTQYF	GYINVFAFPF
CASSLDRSLTSGANVLTF	GYINVFAFPF
CASSYSVLDGFYGYTF	GYINVFAFPF
CASTEGPSGVYNEQFF	GYINVFAFPF
CASTEGEGALYGYTF	GYINVFAFPF
CASMGGRPEAFF	GYINVFAFPF
CSVQGANTGELFF	GYINVFAFPF
CASMAYSYEQYF	GYINVFAFPF
CASSAGGLEAFF	GYINVFAFPF
CASSSNEQFF	GYINVFAFPF
CASSPAGARQFF	GYINVFAFPF
CASSVWTPQGDEKLFF	GYINVFAFPF
CSAKTGNTGELFF	GYINVFAFPF
CASSPSGETQYF	GYINVFAFPF
CASRTGVEAFF	GYINVFAFPF
CASSYSLGSPLHF	GYINVFAFPF
CASSYSGGGADTQYF	GYINVFAFPF
CASSFEGFYNEQFF	GYINVFAFPF
CASSFGGTGGSEQYF	GYINVFAFPF
CASTLAGTQYF	GYINVFAFPF
CASKEYNEQFF	GYINVFAFPF
CASSYSLAGDDTQYF	GYINVFAFPF
CASSVGGLAGANVLTF	GYINVFAFPF
CSVEDTVIYEQYF	GYINVFAFPF
CASSFEGSSAYTF	GYINVFAFPF
CASSFVSTQYF	GYINVFAFPF
CASRNPSGRNEQFF	GYINVFAFPF
CATSDPGTYEQYF	GYINVFAFPF
CSARVFAGGADTQYF	GYINVFAFPF
CASSPTSKETQYF	GYINVFAFPF
CASSPGTETYEQYF	GYINVFAFPF
CASSFLEGIGTGELFF	GYINVFAFPF
CASSVDGGSYEQYF	GYINVFAFPF
CASAGGPEQYF	GYINVFAFPF
CASSYSGETQYF	GYINVFAFPF
CASSYGSYEQYF	GYINVFAFPF
CSARTSNQRGNIQYF	GYINVFAFPF
CASSLSWGGNTEAFF	GYINVFAFPF
CASSKGSTGGATNEKLFF	GYINVFAFPF
CSAPGLAVPYEQYF	GYINVFAFPF
CSVVFLGIDDTGKQYF	GYINVFAFPF
CASSLVREQFF	GYINVFAFPF
CASSLLGYGSPLHF	GYINVFAFPF
CASSFIVSGGPLQETQYF	GYINVFAFPF
CASRGIAGNYEQYF	GYINVFAFPF
CASSPPGGETQYF	GYINVFAFPF
CSAIAGLAGYTYEQYF	GYINVFAFPF
CASSPSGNTIYF	GYINVFAFPF
CASSLVRDPIYEQYF	GYINVFAFPF
CATSRASPGQGYEQYF	GYINVFAFPF
CASSHKRGGEAFF	GYINVFAFPF
CASSWTPERGSYNEQFF	GYINVFAFPF
CASSLAGGRGSYEQYF	GYINVFAFPF
CASSEPRGWYEQYF	GYINVFAFPF
CASSLRYGYTF	GYINVFAFPF
CASSAPGGGEQFF	GYINVFAFPF
CASSPTAPDITNQPQHF	GYINVFAFPF
CSARDLSGRPEQYF	GYINVFAFPF
CAGGYTSTDTQYF	GYINVFAFPF
CASSFSNEQFF	GYINVFAFPF
CASSFGLIYGYTF	GYINVFAFPF
CASSFAETQYF	GYINVFAFPF
CASSWDRVQFF	GYINVFAFPF
CSVELGSGYNEQFF	GYINVFAFPF
CASSPTGHEQYF	GYINVFAFPF
CASSTSGNTIYF	GYINVFAFPF
CSAMRGYQETQYF	GYINVFAFPF
CASSPPKGEQYF	GYINVFAFPF
CASTDRGNTGELFF	GYINVFAFPF
CASSQVGDISYEQYF	GYINVFAFPF
CSALSGNTGELFF	GYINVFAFPF
CASSQIQGSGEQYF	GYINVFAFPF
CASSFGDQISF	GYINVFAFPF
CASSSFGQEEFF	GYINVFAFPF
CASSLSETQYF	GYINVFAFPF
CASSVDGHFLGNTIYF	GYINVFAFPF
CASSTSGYEQYF	GYINVFAFPF
CATSDTTGGNQPQHF	GYINVFAFPF
CASSPGGNTIYF	GYINVFAFPF
CASSVETVYNEQFF	GYINVFAFPF
CASSLGQPQHF	GYINVFAFPF
CASSKHRGQGFNSPLHF	GYINVFAFPF
CASSLQGFYEQYF	GYINVFAFPF
CASSSQGFYEQYF	GYINVFAFPF
CASLGGRDEQFF	GYINVFAFPF
CASSGHRNTEAFF	GYINVFAFPF
CASSFTGEGYTF	GYINVFAFPF
CASSTGQLSYEQYF	GYINVFAFPF
CSARGLVGEKLFF	GYINVFAFPF
CASSLSGPGVGQFF	GYINVFAFPF
CASSLVGDREEFF	GYINVFAFPF
CASSFLRGVNPYEQYF	GYINVFAFPF
CASSYTGTPSGEQYF	GYINVFAFPF
CASSVTGLAGGSDTQYF	GYINVFAFPF
CASSSQGSGELFF	GYINVFAFPF
CASSWGGTEAFF	GYINVFAFPF
CSARVRVSGNTIYF	GYINVFAFPF
CASSFSGTQYF	GYINVFAFPF
CASSYSMTLDTTSGANVLTF	GYINVFAFPF
RATLHGTSGGPYEQYF	GYINVFAFPF
CSARDQRVRGDTQYF	GYINVFAFPF
CASSFQGKEFF	GYINVFAFPF
CASSLSEKLFF	GYINVFAFPF
CASSFSHEQFF	GYINVFAFPF
CAAGSGELFF	GYINVFAFPF
CASSLGGSSYNEQFF	GYINVFAFPF
CSVDTGLDTQYF	GYINVFAFPF
CSDRDLARANYGYTF	GYINVFAFPF
CASGQGSYEQYF	GYINVFAFPF
CATSETGAEQYF	GYINVFAFPF
CSVDRDTEAFF	GYINVFAFPF
CASSGDGGEKLFF	GYINVFAFPF
CASSLESNYGYTF	GYINVFAFPF
CSAIEGTGELFF	GYINVFAFPF
CASSPDRAPYEQYF	GYINVFAFPF
CATLSGELFF	GYINVFAFPF
CSVEAGTDTQYF	GYINVFAFPF
CASSLGSGQYNEQFF	GYINVFAFPF
CASSQYLGHAEAFF	GYINVFAFPF
CASSSGTPIPF	GYINVFAFPF
CASSFTGEQYF	GYINVFAFPF
CSLAEAGGLYEQFF	GYINVFAFPF
CASSLGSGGYTF	GYINVFAFPF
CASSFGSYEQYF	GYINVFAFPF
CATSSGHQETQYF	GYINVFAFPF
CATSRVSSPTEYF	GYINVFAFPF
CASSFGTEQFF	GYINVFAFPF
CSVDAGLNEQFF	GYINVFAFPF
CASGGGASYGYTF	GYINVFAFPF
CSVETGLNTEAFF	GYINVFAFPF
CSVVGAGIDNYGYTF	GYINVFAFPF
CASSYNIEGYSNQPQHF	GYINVFAFPF
CASSDSYTRQEQPQHF	GYINVFAFPF
CASSSGGRISYEQYF	GYINVFAFPF
CSAILADTGELFF	GYINVFAFPF
CSARDLGLAGVMQYF	GYINVFAFPF
CASSGGWVSDTQYF	GYINVFAFPF
CASSEADGTGEQYF	GYINVFAFPF
CASSAVGIGGPQAFF	GYINVFAFPF
CASSSLGASGANVLTF	GYINVFAFPF
CASSLVGETQYF	GYINVFAFPF
CASRGEQLPELFF	GYINVFAFPF
CAISDQGLTYEQYF	GYINVFAFPF
CASSTLAGGLTDTQYF	GYINVFAFPF
CASGSGGYGYTF	GYINVFAFPF
CASRGLAGPIGDEQYF	GYINVFAFPF
CASSQRTGGEAFF	GYINVFAFPF
CASSLTGAEQFF	GYINVFAFPF
CASGLAGAYEQYF	GYINVFAFPF
CATSSTDTQYF	GYINVFAFPF
CASSYAGIGYTF	GYINVFAFPF
CSALTPGYTF	GYINVFAFPF
CASGGYGYTF	GYINVFAFPF
CASSYSSTPSYEQYF	GYINVFAFPF
CASSILRQGRMNTEAFF	GYINVFAFPF
CASRQINSPLHF	GYINVFAFPF
CASSSGLDSYEQYF	GYINVFAFPF
CASSKYGYEQYF	GYINVFAFPF
CASSSLTVLNEQFF	GYINVFAFPF
CASSFRGIEAFF	GYINVFAFPF
CASSRGTGSNQPQHF	GYINVFAFPF
CASNPGTGSPNEQFF	GYINVFAFPF
CAISEGQGIGTEAFF	GYINVFAFPF
CASSPTGNFYGYTF	GYINVFAFPF
CATQQGIEQYF	GYINVFAFPF
CASSYSDEQFF	GYINVFAFPF
CASSRRAGQPQHF	GYINVFAFPF
CSARGRTGGRYTEAFF	GYINVFAFPF
CASSLSGGSTDTQYF	GYINVFAFPF
CASSYGGEKLFF	GYINVFAFPF
CASLGQSSYNEQFF	GYINVFAFPF
CASSAGGPEQFF	GYINVFAFPF
CASSLTTEADTQYF	GYINVFAFPF
CASSYQGNSPLHF	GYINVFAFPF
CASSLMDEQFF	GYINVFAFPF
CASSLAGGGADTQYF	GYINVFAFPF
CASSGHGTENYEQYF	GYINVFAFPF
CASSQGQDDYTF	GYINVFAFPF
CASSGPGLYPSSGKNIQYF	GYINVFAFPF
CASIQGAYEQYF	GYINVFAFPF
CASSWGAYEQYF	GYINVFAFPF
CSVRTGEVNEQFF	GYINVFAFPF
CASSPSGFGYTF	GYINVFAFPF
CSAQPGLADYEQYF	GYINVFAFPF
CASSQGAGINSPLHF	GYINVFAFPF
CASSISGYNEQFF	GYINVFAFPF
CSAATGKGYEQYF	GYINVFAFPF
CASSPAYRGINEQFF	GYINVFAFPF
CASSVDTGAYEQYF	GYINVFAFPF
CASTMGDTQYF	GYINVFAFPF
CSASSGTGDRYNEQFF	GYINVFAFPF
CASSLVGEDYEQYF	GYINVFAFPF
CASSPGTTGYTQYF	GYINVFAFPF
CATSSRGKETQYF	GYINVFAFPF
CASSSFIAGVKNEQFF	GYINVFAFPF
CASSFGTEQFF	GYINVFAFPF
CASSFAGETQYF	GYINVFAFPF
CASSILAGNYNEQFF	GYINVFAFPF
CASSLAGTRFF	GYINVFAFPF
CASSPNQPQHF	GYINVFAFPF
CSAIPGLNTEAFF	GYINVFAFPF
CASSVETSKLYGYTF	GYINVFAFPF
CASSRTGETQYF	GYINVFAFPF
CASSTTIGESYEQYF	GYINVFAFPF
CASSFEGQPQHF	GYINVFAFPF
CASSFWGYEAFF	GYINVFAFPF
CASSFGAGNQPQHF	GYINVFAFPF
CASSLDFRAKNIQYF	GYINVFAFPF
CATGGDIRQETQYF	GYINVFAFPF
CASRPTGPQPQHF	GYINVFAFPF
CASSPGSGAFF	GYINVFAFPF
CASSQSSSYNEQFF	GYINVFAFPF
CASSEGGALGHF	GYINVFAFPF
CASSYTGFEQYF	GYINVFAFPF
CASSPGHSPLGAFF	GYINVFAFPF
CASSEGSGRNTDTQYF	GYINVFAFPF
CATSDSRHRGGSNQPQHF	GYINVFAFPF
CASSFLEKLFF	GYINVFAFPF
CASIITRGRQSRNTGELFF	GYINVFAFPF
CASSPTGNEQYF	GYINVFAFPF
CASSYPVNTGELFF	GYINVFAFPF
CSALSTSPGDSPLHF	GYINVFAFPF
CASSTTGATQYF	GYINVFAFPF
CASSRAGTSVETQYF	GYINVFAFPF
CASSPQGDQQYF	GYINVFAFPF
CASSPPTGSYEQYF	GYINVFAFPF
CASSASGEQFF	GYINVFAFPF
CSASLAGGTYEQYF	GYINVFAFPF
CASSPQGWELFF	GYINVFAFPF
CAISGSGGDAGELFF	GYINVFAFPF
CSASGLAGAHEQYF	GYINVFAFPF
CASSLGAVAFF	GYINVFAFPF
CSVEDGGGYEQYF	GYINVFAFPF
CASSFGAYNEQFF	GYINVFAFPF
CASSSWNTEAFF	GYINVFAFPF
CSAPVKGAANQPQHF	GYINVFAFPF
CASSYSYGFYPVPGQGSRDNEQFF	GYINVFAFPF
CASSYAGLETQYF	GYINVFAFPF
CSVTVASSEQFF	GYINVFAFPF
CSALGVGHPSYGYTF	GYINVFAFPF
CSARDDKDYLDEQFF	GYINVFAFPF
CASSAFRRDGSSPLHF	GYINVFAFPF
CASSFLAGVSYEQYF	GYINVFAFPF
CASTDGGGELFF	GYINVFAFPF
CATSRGSGETQYF	GYINVFAFPF
CASSTTPGRKLFF	GYINVFAFPF
CASSQEGRPEQFF	GYINVFAFPF
CASSYQGAGNTEAFF	GYINVFAFPF
CSAYPGGVSSYNSPLHF	GYINVFAFPF
CSVETGDTYNEQFF	GYINVFAFPF
CASSYPRRLAGGRLDTQYF	GYINVFAFPF
CAISLQGAVEQFF	GYINVFAFPF
CSARIHYEQYF	GYINVFAFPF
CASSESGRGGSYNEQFF	GYINVFAFPF
CASSSGTGIDEQFF	GYINVFAFPF
CASRARDRVSYEQYF	GYINVFAFPF
CASSEGAGYNEQFF	GYINVFAFPF
CASSQPSSEQFF	GYINVFAFPF
CASSLVGETQYF	GYINVFAFPF
CASSFATEAFF	GYINVFAFPF
CASSLYSGANVLTF	GYINVFAFPF
CSAVGQSSYNEQFF	GYINVFAFPF
CASTYGNQPQHF	GYINVFAFPF
CASSYSGGTNYGYTF	GYINVFAFPF
CATSRGQGYEQYF	GYINVFAFPF
CASSPTGWEAFF	GYINVFAFPF
CASSTTGSGDEQYF	GYINVFAFPF
CASSFSGANVLTF	GYINVFAFPF
CASSVDSGSYEQYF	GYINVFAFPF
CASSSGELFF	GYINVFAFPF
CASSAGATEQFF	GYINVFAFPF
CASGSGVGYTF	GYINVFAFPF
CASSLGGSLHEQYF	GYINVFAFPF
CASSFGEKLFF	GYINVFAFPF
CSAGGVFVSYNEQFF	GYINVFAFPF
CASSKAGRRLFF	GYINVFAFPF
CASSVDSGSYEQYF	GYINVFAFPF
CASSPTRDRVEQYF	GYINVFAFPF
CASSLAGGSYNEQFF	GYINVFAFPF
CASSLASLAELFF	GYINVFAFPF
CASSLTGNEQFF	GYINVFAFPF
CASTTSDTQYF	GYINVFAFPF
CASSVDITDTQYF	GYINVFAFPF
CASSPSPLNEQFF	GYINVFAFPF
CASSPSGQAEAFF	GYINVFAFPF
CSAVTGPNLYEQYF	GYINVFAFPF
CASSLGTGGEQYF	GYINVFAFPF
CASLRGTEAFF	GYINVFAFPF
CASSYSGETQYF	GYINVFAFPF
CASSGSGETQYF	GYINVFAFPF
CASSPLGAGGYEQYF	GYINVFAFPF
CASSQYRAPNQPQHF	GYINVFAFPF
CATSREDSAEQYF	GYINVFAFPF
CASSLTQEQFF	GYINVFAFPF
CASSLTGIGDPGYTF	GYINVFAFPF
CASSLSSEQYF	GYINVFAFPF
CASSLSSQQYF	GYINVFAFPF
CSVEKGQGHEQYF	GYINVFAFPF
CASSQGLSLNGEHAYEQYF	GYINVFAFPF
CASSYQGIGEQFF	GYINVFAFPF
CASHRGGGQFF	GYINVFAFPF
CATSRPEQETQYF	GYINVFAFPF
CASSWTGETQYF	GYINVFAFPF
CASSFSYEQYF	GYINVFAFPF
CSVLRLAGGQSGELFF	GYINVFAFPF
CASSQGFYEQYF	GYINVFAFPF
CASSFAGGQLDTQYF	GYINVFAFPF
CASNPGGNYEQYF	GYINVFAFPF
CASSSLLEQFF	GYINVFAFPF
CSVEGGGNEQFF	GYINVFAFPF
CASSLSGTQYF	GYINVFAFPF
CASTFVGGSSYEQYF	GYINVFAFPF
CASSSTGAEQFF	GYINVFAFPF
CASSLNSNQPQHF	GYINVFAFPF
CASSPPGTGELFF	GYINVFAFPF
CASSPTGNTIYF	GYINVFAFPF
CASSFGTGGPVDTGELFF	GYINVFAFPF
CASSYGGTEQYF	GYINVFAFPF
CASSPSGASTDTQYF	GYINVFAFPF
CASSFAGNEQFF	GYINVFAFPF
CASSFPGGEQFF	GYINVFAFPF
CSALTEGYTF	GYINVFAFPF
CASSFRLAGGPQSYEQYF	GYINVFAFPF
CASSSGLAMFF	GYINVFAFPF
CASARGDEQFF	GYINVFAFPF
CASSFVGETQYF	GYINVFAFPF
CASSPSGRYEQYF	GYINVFAFPF
CASSYSEGVTEAFF	GYINVFAFPF
CASRGLLAGDNEQFF	GYINVFAFPF
CASSFSYEQYF	GYINVFAFPF
CATSRGAEETQYF	GYINVFAFPF
CASSVDGLAEAFF	GYINVFAFPF
CASSYSGNEQFF	GYINVFAFPF
CAISATGSGTEAFF	GYINVFAFPF
CASSFSGYNEQFF	GYINVFAFPF
CASGPETYEQYF	GYINVFAFPF
CASSLGTGELFF	GYINVFAFPF
CASSFSGELFF	GYINVFAFPF
CSASPSGGHYEQYF	GYINVFAFPF
CSALGTIMFGYTF	GYINVFAFPF
CASSFTQKLFF	GYINVFAFPF
CSASTGAGYEQYF	GYINVFAFPF
CASSPTSYEQYF	GYINVFAFPF
CASSQNSYEQYF	GYINVFAFPF
CASSYTEALTEAFF	GYINVFAFPF
CASSISSEQYF	GYINVFAFPF
CSARDLLGLAGPELYEQYF	GYINVFAFPF
CASSKSDRPIAKNIQYF	GYINVFAFPF
CASSQGLQGAYSYEQYF	GYINVFAFPF
CSALGQGVNGYTF	GYINVFAFPF
CASSLAGGSTDTQYF	GYINVFAFPF
CASRRTANTEAFF	GYINVFAFPF
CASSEADLTDTQYF	GYINVFAFPF
CASSPYLGGYEQYF	GYINVFAFPF
CASSTSGETQYF	GYINVFAFPF
CAAGSYEQYF	GYINVFAFPF
CASSNLAANEQFF	GYINVFAFPF
CASSFAGVEQFF	GYINVFAFPF
CASSEIDEQFF	GYINVFAFPF
CASSPPPLNTEAFF	GYINVFAFPF
CASSLSSWYEQFF	GYINVFAFPF
CASRGFDTEAFF	GYINVFAFPF
CASSQGSGLVYEQYF	GYINVFAFPF
CSVEEGSKGNTEAFF	GYINVFAFPF
CASSLAGGELFF	GYINVFAFPF
CSAPLGVDSNYGYTF	GYINVFAFPF
CATSRDGTRSYNEQFF	GYINVFAFPF
CASSGMGTDWEQYF	GYINVFAFPF
CASSPGPGYTF	GYINVFAFPF
CSAMTRDEQFF	GYINVFAFPF
CASSLETWETQYF	GYINVFAFPF
CASSLQGIAYEQYF	GYINVFAFPF
CASSLEGGSEAFF	GYINVFAFPF
CASSSTGEKLFF	GYINVFAFPF
CSATPPGELYEQYF	GYINVFAFPF
CASQTGLPGGYTF	GYINVFAFPF
CASSVEGAGAKNIQYF	GYINVFAFPF
CASSWRDEQFF	GYINVFAFPF
CASSKRRGEFRFEQYF	GYINVFAFPF
CASTEPLAGDLTNEQFF	GYINVFAFPF
CASSPGGEAFF	GYINVFAFPF
CASSWGSSNGELFF	GYINVFAFPF
CSVPHPLRAIEQFF	GYINVFAFPF
CASSQEPINTGELFF	GYINVFAFPF
CASSYPGMYTGELFF	GYINVFAFPF
CASSPSGAEDYEQYF	GYINVFAFPF
CASSSSYEQYF	GYINVFAFPF
CASSLVAGREPQHF	GYINVFAFPF
CASSQLTGGQPYEQYF	GYINVFAFPF
CASSSPHRGDKSGDTEAFF	GYINVFAFPF
CSASYNEQFF	GYINVFAFPF
CASSMMGTFDYTF	GYINVFAFPF
CASSPTDGEQFF	GYINVFAFPF
CSAPNQGYSYEQYF	GYINVFAFPF
CASGPGLQGYTF	GYINVFAFPF
CASSLLLGNTEAFF	GYINVFAFPF
CASSMGQGYYYEQYF	GYINVFAFPF
CASSSLQGPSYEQYF	GYINVFAFPF
CASRDSSSGANVLTF	GYINVFAFPF
CSARQDGASDPGYTF	GYINVFAFPF
CASSPSGVEQFF	GYINVFAFPF
CASSYRPPDPASDYEQYF	GYINVFAFPF
CSVETGFTDTQYF	GYINVFAFPF
CASSPSSGANVLTF	GYINVFAFPF
CASSLLRAGQLHYNEQFF	GYINVFAFPF
CASSLDSYNEQFF	GYINVFAFPF
CASSLKPSYNEQFF	GYINVFAFPF
CASSPGGLYYGYTF	GYINVFAFPF
CASSFPTSVSNTEAFF	GYINVFAFPF
CASSFEGAGGIQYF	GYINVFAFPF
CSVEGGGGYEQFF	GYINVFAFPF
CASSRAGGQADTQYF	GYINVFAFPF
CASSRTGETQYF	GYINVFAFPF
CASSLSGPTNYGYTF	GYINVFAFPF
CASSSNGETQYF	GYINVFAFPF
CASSMTGGSTDTQYF	GYINVFAFPF
CASSFSVGNTEAFF	GYINVFAFPF
CASSYLDTQYF	GYINVFAFPF
CASSDSGETQYF	GYINVFAFPF
CASSLGLAGGKDTQYF	GYINVFAFPF
CASWDGMNTEAFF	GYINVFAFPF
CASSQTESSYEQYF	GYINVFAFPF
CASSLPSGGGLGELFF	GYINVFAFPF
CASRDGLAGDTQYF	GYINVFAFPF
CASSERGPIDTQYF	GYINVFAFPF
CASTGLDGTDTQYF	GYINVFAFPF
CASSWEGFIEAFF	GYINVFAFPF
CASSWDRVYEQYF	GYINVFAFPF
CASSEQGEKLFF	GYINVFAFPF
CAWSVGLGPYNEQFF	GYINVFAFPF
CASSQAHGYEQYF	GYINVFAFPF
CASVDVGSSTDTQYF	GYINVFAFPF
CASSPGSYNEQFF	GYINVFAFPF
CASSEAAAGMSYEQYF	GYINVFAFPF
CASSSSGEKLFF	GYINVFAFPF
CASSYTGELFF	GYINVFAFPF
CASSATSGTGGYYGYTF	GYINVFAFPF
CASSRDGYGYTF	GYINVFAFPF
CASMDLGSYNSPLHF	GYINVFAFPF
CSASGTSGRPYQETQYF	GYINVFAFPF
CASSLLGEQYF	GYINVFAFPF
CASSNMGLGQPQHF	GYINVFAFPF
CASSPGDEQFF	GYINVFAFPF
CASSDLAGTNEQFF	GYINVFAFPF
CASSLLAGVNEQFF	GYINVFAFPF
CASSMLGWGNQPQHF	GYINVFAFPF
CASRNQGIYEKLFF	GYINVFAFPF
CASSDRDNSYEQYF	GYINVFAFPF
CASSLSGASTDTQYF	GYINVFAFPF
CASSLAGLAGLEFF	GYINVFAFPF
CASSPSYEQYF	GYINVFAFPF
CASSLAGEGNEQFF	GYINVFAFPF
CASGGGGYTF	GYINVFAFPF
CASSSPLGSGPIYEQYF	GYINVFAFPF
CSVEASGGTTGELFF	GYINVFAFPF
CASSYIGLASLETQYF	GYINVFAFPF
CASSPDLSYNEQFF	GYINVFAFPF
CASSLGAKQFF	GYINVFAFPF
CSVKTGVSGNTIYF	GYINVFAFPF
CARSRGGPGELFF	GYINVFAFPF
CSASFYNEQFF	GYINVFAFPF
CSAQALVEQYF	GYINVFAFPF
CSASISPSRGVLFNTEAFF	GYINVFAFPF
CSVETGGGYEQYF	GYINVFAFPF
CASSLEGRNEQFF	GYINVFAFPF
CASSYGSYEQYF	GYINVFAFPF
CASSVYGNTEAFF	GYINVFAFPF
CASSFSYEQYF	GYINVFAFPF
CASSFSNLPFF	GYINVFAFPF
CASSWTGNGYTF	GYINVFAFPF
CSVYRDRWEQFF	GYINVFAFPF
CASSYPGGSNTGELFF	GYINVFAFPF
CASSQGPARNYGYTF	GYINVFAFPF
CASSFGVPGAGETQYF	GYINVFAFPF
CASSYVGVNYGYTF	GYINVFAFPF
CASSFSYEQYF	GYINVFAFPF
CASSLYGLPMIETQYF	GYINVFAFPF
CASYQNEKLFF	GYINVFAFPF
CASSLEGQPQHF	GYINVFAFPF
CASSLGLAGGLFDNEQFF	GYINVFAFPF
CASSEAGETQYF	GYINVFAFPF
CASSYPGGGGRTEAFF	GYINVFAFPF
CASSELGPYEQYF	GYINVFAFPF
CASSLQGPGELFF	GYINVFAFPF
CASSSGTVSYEQYF	GYINVFAFPF
CASSFTGETQYF	GYINVFAFPF
CASSVAVGTTNYEQYF	GYINVFAFPF
CASSSGLSSYEQYF	GYINVFAFPF
CASSFGDTQYF	GYINVFAFPF
CASSPSGEKLFF	GYINVFAFPF
CASSSYIGTSGILIGEQYF	GYINVFAFPF
CASSYSRPNRGENEQFF	GYINVFAFPF
CASSLYTGGTEAFF	GYINVFAFPF
CASSLYGTSNEQFF	GYINVFAFPF
CASSYAGETQYF	GYINVFAFPF
CASSSDLGPYEQYF	GYINVFAFPF
CSARVIRGARDEQFF	GYINVFAFPF
CASSSPGQGLIYEQYF	GYINVFAFPF
RASSLESYNEQFF	GYINVFAFPF
CASSQGGLAGGSKGNTGELFF	GYINVFAFPF
CSVERGRGNEQFF	GYINVFAFPF
CASSYSVGQFF	GYINVFAFPF
CASSYSSTSGSEQYF	GYINVFAFPF
CASSEALHTGGEQFF	GYINVFAFPF
CAIGTSGTDTQYF	GYINVFAFPF
CSIFGTGGTGELFF	GYINVFAFPF
CSARDSLDSRPYEQYF	GYINVFAFPF
CASSWGGGGLEAQYF	GYINVFAFPF
CSARPTSGRSDEQFF	GYINVFAFPF
CASRTDFQETQYF	GYINVFAFPF
CASSQPSPEQYF	GYINVFAFPF
CSTRTGLPNYGYTF	GYINVFAFPF
CASSYSIYRDRITGELFF	GYINVFAFPF
CASSPTGETQYF	GYINVFAFPF
CASSKGLADLGNGELFF	GYINVFAFPF
CTSRSSYNEQFF	GYINVFAFPF
CSAPFVGGAATPSTDTQYF	GYINVFAFPF
CASSPSGGYNEQFF	GYINVFAFPF
CASRSGNEQFF	GYINVFAFPF
CASSPVRWTSTDTQYF	GYINVFAFPF
CASSPNLAGVPYEQYF	GYINVFAFPF
CASSSTGAQYEQYF	GYINVFAFPF
CASSPTGAIQYF	GYINVFAFPF
CSARDEATGNEKLFF	GYINVFAFPF
CASSPSGTYEQYF	GYINVFAFPF
CSAPSGGATDTQYF	GYINVFAFPF
CASSLVGETQYF	GYINVFAFPF
CASSLSAEAFF	GYINVFAFPF
CASSSTGAEQFF	GYINVFAFPF
CASSLSGETQYF	GYINVFAFPF
CASSRSGASTDTQYF	GYINVFAFPF
CASSLSTPYEQYF	GYINVFAFPF
CSAVGGTGELFF	GYINVFAFPF
CASSFPSNPDQFF	GYINVFAFPF
CSAPGTTSTDTQYF	GYINVFAFPF
CASSLRQGNEKLFF	GYINVFAFPF
CSARKDRWDYGYTF	GYINVFAFPF
CSAQNAPEGSYEQYF	GYINVFAFPF
CASSLSYEQYF	GYINVFAFPF
CASGGTDTQYF	GYINVFAFPF
CASSLVGETQYF	GYINVFAFPF
CASSTGLYEQYF	GYINVFAFPF
CASSAPTGQGDYEQYF	GYINVFAFPF
CSAPQPSGHTGRETQYF	GYINVFAFPF
CASSLVGETQYF	GYINVFAFPF
CASSLGETQYF	GYINVFAFPF
CASSGRVTYNEQFF	GYINVFAFPF
CASSLEAIRNF	GYINVFAFPF
CASSQPGDEQFF	GYINVFAFPF
CASSPLGEGYEQYF	GYINVFAFPF
CASSLPYTF	GYINVFAFPF
CASSPRQGGAYEQYF	GYINVFAFPF
CAISESGQLAFF	GYINVFAFPF
CASSGDSNEQYF	GYINVFAFPF
CATSSEWDRYYGYTF	GYINVFAFPF
CASTTSTHEKLFF	GYINVFAFPF
CASSGGGTEAFF	GYINVFAFPF
CASSQGPALHF	GYINVFAFPF
CASSAQGGGYTF	GYINVFAFPF
CASSPTGEGYTF	GYINVFAFPF
CASSQWDGYGYTF	GYINVFAFPF
CASSEGGADTQYF	GYINVFAFPF
CASSPTGHEQYF	GYINVFAFPF
CASSYGEGEQFF	GYINVFAFPF
CASLPGGGLQETQYF	GYINVFAFPF
CASSLTSEQFF	GYINVFAFPF
CASSTRGASGRSYEQYF	GYINVFAFPF
CASSLPTTSTDTQYF	GYINVFAFPF
CASNYGGTEAFF	GYINVFAFPF
CASSSQAEQYF	GYINVFAFPF
CASIEDGARGNTEAFF	GYINVFAFPF
CASSQGLGQPQHF	GYINVFAFPF
CASSLVATGELFF	GYINVFAFPF
CASSLGNLEFDEQYF	GYINVFAFPF
CSVFSGGGSFEAFF	GYINVFAFPF
CASSLEQGSDTQYF	GYINVFAFPF
CASSFTGNEQFF	GYINVFAFPF
CATTSGGYNEQFF	GYINVFAFPF
CAISDHGDSGANVLTF	GYINVFAFPF
CSVEGGGGNEQFF	GYINVFAFPF
CASSLEGIYGYTF	GYINVFAFPF
CSAEQGTGYEQYF	GYINVFAFPF
CSALGGEGTGELFF	GYINVFAFPF
CASSQVYGSVEQFF	GYINVFAFPF
CASSPGGKLFF	GYINVFAFPF
CASRELAGGPSEQFF	GYINVFAFPF
CASSQSYPTYQPQHF	GYINVFAFPF
CASSFVGELFF	GYINVFAFPF
CSATPGTSTYEQYF	GYINVFAFPF
CASSLTNTQYF	GYINVFAFPF
CSARSTWDLTDTQYF	GYINVFAFPF
CASRVLAGYSEQYF	GYINVFAFPF
CASSLLGTAYNSPLHF	GYINVFAFPF
CASSPTGHGYTF	GYINVFAFPF
CASSPGATIYF	GYINVFAFPF
CSARFLAGPTPPSYNEQFF	GYINVFAFPF
CASSLQGETQYF	GYINVFAFPF
CSASGDSSSYNSPLHF	GYINVFAFPF
CASSFGEQFF	GYINVFAFPF
CSVQEGTGFEQYF	GYINVFAFPF
CASDRSGEAFF	GYINVFAFPF
CSASEGPEAFF	GYINVFAFPF
CASSYDTSGRAAGDTQYF	GYINVFAFPF
CASSATGETQYF	GYINVFAFPF
CASSLQGETQYF	GYINVFAFPF
CASSFGDILFF	GYINVFAFPF
CASSIAGYNEQFF	GYINVFAFPF
CASRPGYNNEQFF	GYINVFAFPF
CASSPLAGVNYEQYF	GYINVFAFPF
CASSLGGTGTYNEQFF	GYINVFAFPF
CASSYPPDRGQAEAFF	GYINVFAFPF
CASSEAPAGDSYEQYF	GYINVFAFPF
CASSQGVYEQYF	GYINVFAFPF
CATGQASSGNTIYF	GYINVFAFPF
CSGGRDNEQFF	GYINVFAFPF
CASSPPVGQGYEQYF	GYINVFAFPF
CASSIDPGAMNTEAFF	GYINVFAFPF
CASSLSREAFF	GYINVFAFPF
CASSSFSGTEYGYTF	GYINVFAFPF
CASSFTGELFF	GYINVFAFPF
CASSYAEKLFF	GYINVFAFPF
CASSSTGETQYF	GYINVFAFPF
CATSRDMGANEKLFF	GYINVFAFPF
CASSYGASPLHF	GYINVFAFPF
CASSLEGEKLFF	GYINVFAFPF
CASSPTGLEQYF	GYINVFAFPF
CSARDWQGETQYF	GYINVFAFPF
CASTSGPEQYF	GYINVFAFPF
CASSIGGREQYF	GYINVFAFPF
CASSTQGIGSYNEQFF	GYINVFAFPF
CASSSHWGGSNTEAFF	GYINVFAFPF
CASSYSMGGLNTEAFF	GYINVFAFPF
CASSLSGELFF	GYINVFAFPF
CSATLAGTTYEQYF	GYINVFAFPF
CASSQGQETQYF	GYINVFAFPF
CASSVAGGPEAFF	GYINVFAFPF
CATSTVGETQYF	GYINVFAFPF
CASSLDRVYGYTF	GYINVFAFPF
CASSYFLAGGYNEQFF	GYINVFAFPF
CSVTTVSYEQYV	GYINVFAFPF
CASSSGGYTEAFF	GYINVFAFPF
CASSFMGLGTTSTDTQYF	GYINVFAFPF
CASSLVPGDMNTEAFF	GYINVFAFPF
CASSRTGGDGYTF	GYINVFAFPF
CASSYGSYGYTF	GYINVFAFPF
CASSYPGPPGKNEQFF	GYINVFAFPF
CASRTWGQGDEQYF	GYINVFAFPF
CASSLASAKLFF	GYINVFAFPF
CATSTGGQETQYF	GYINVFAFPF
CASSFISELFF	GYINVFAFPF
CASSVSGNTIYF	GYINVFAFPF
CATSDFQNEQFF	GYINVFAFPF
CASSYSLAGDNEQFF	GYINVFAFPF
CASSLLGTQYEQYF	GYINVFAFPF
CASSPTGYEQFF	GYINVFAFPF
CSVMTGVGLEQYF	GYINVFAFPF
CASSQVGETQYF	GYINVFAFPF
CASGGSGSGEQFF	GYINVFAFPF
CASSLYSTDTQYF	GYINVFAFPF
CASSVEGGPDTQYF	GYINVFAFPF
CASSSRHFSGNTIYF	GYINVFAFPF
CASMTLSGRRTGELFF	GYINVFAFPF
CSAMQGAGDSYEQYF	GYINVFAFPF
CASSLNHEQYF	GYINVFAFPF
CASSRDTQYF	GYINVFAFPF
CASSPSGNTIYF	GYINVFAFPF
CASSLEGTQYF	GYINVFAFPF
CASSATGFSAFF	GYINVFAFPF
CASSLGLGGSYEQYF	GYINVFAFPF
CASSPDYSNIQYF	GYINVFAFPF
CASALRTGGKLFF	GYINVFAFPF
CASSWDRGPGELFF	GYINVFAFPF
CASSHPPGQPYEQYF	GYINVFAFPF
CASSLTDTQYF	GYINVFAFPF
CASSFMETQYF	GYINVFAFPF
CASSFSPSGTIAPDTQYF	GYINVFAFPF
CASSLSRTDTQYF	GYINVFAFPF
CASIPAPRQGLDGYTF	GYINVFAFPF
CASSLVLAGGSEQFF	GYINVFAFPF
CASSLPSGYNEQFF	GYINVFAFPF
CASSPTGYEQYF	GYINVFAFPF
CASSLMGETQYF	GYINVFAFPF
CASSPSGETQYF	GYINVFAFPF
CASSDGDRGGYEQYF	GYINVFAFPF
CATSREGQETQYF	GYINVFAFPF
CASSLAGLLGPQHF	GYINVFAFPF
CSVNRGSGDTQYF	GYINVFAFPF
CSVEFGQAYNEQFF	GYINVFAFPF
CASSSGLQNYEQYF	GYINVFAFPF
CASSLLGEAFF	GYINVFAFPF
CASSDGYGYTF	GYINVFAFPF
CASSLDGTGDNHYGYTF	GYINVFAFPF
CASSSGPDYTF	GYINVFAFPF
CASSLSVGGAYEQYF	GYINVFAFPF
CASRPTSGVSGELFF	GYINVFAFPF
CASSSAGFGGSYEQYF	GYINVFAFPF
CASSFNEQFF	GYINVFAFPF
CSVEEGETGNTIYF	GYINVFAFPF
CAILTDFNYGYTF	GYINVFAFPF
CASTRGNTQYF	GYINVFAFPF
CASSFSRVQFF	GYINVFAFPF
CSSQGLDVVGSYNEQFF	GYINVFAFPF
CASSPREGLTDTQYF	GYINVFAFPF
CASSLVGETQYF	GYINVFAFPF
CASSPSGTENYEQYF	GYINVFAFPF
CASTLGPLGSYEQYF	GYINVFAFPF
CASSYNGGDGYTF	GYINVFAFPF
CSAETAHIILGTQYF	GYINVFAFPF
CASSPSGYEQYF	GYINVFAFPF
CAWSARTDSRYEQYF	GYINVFAFPF
CSAVRSGSSYNEQFF	GYINVFAFPF
CASSYDRVNTEAFF	GYINVFAFPF
CATSRAAVGQGYEQYF	GYINVFAFPF
CASSPSGNTIYF	GYINVFAFPF
CASIQGFESSYNEQFF	GYINVFAFPF
CASGGGRDVF	GYINVFAFPF
CSAWGEYEMNTEAFF	GYINVFAFPF
CASASDWDSYTF	GYINVFAFPF
CASSELGGGFGYTF	GYINVFAFPF
CASSLGAAQANTGELFF	GYINVFAFPF
CASSPLGDEQFF	GYINVFAFPF
CASGLANEQYF	GYINVFAFPF
CASSFSGSGGSYEQYF	GYINVFAFPF
CASTGGGHTGELFF	GYINVFAFPF
CSVEGGRGHEQYF	GYINVFAFPF
CASRTKGHWQPQHF	GYINVFAFPF
CASSPNQGLSQPLIEAFF	GYINVFAFPF
CATSDYVAGSRNEQFF	GYINVFAFPF
CASSQGLALGDTQYF	GYINVFAFPF
CASSFAGEQYF	GYINVFAFPF
CASSVEGLAYEQYF	GYINVFAFPF
CSPGLDNEQFF	GYINVFAFPF
CASSQIREGGVGQPQHF	GYINVFAFPF
CASSPTGNEQFF	GYINVFAFPF
CASSAQGNSPLHF	GYINVFAFPF
CASSFSPGGLFF	GYINVFAFPF
CASSLRVGGEQFF	GYINVFAFPF
CASSQVDRGPYGYTF	GYINVFAFPF
CASSPSGNQFF	GYINVFAFPF
CASSPTGETQYF	GYINVFAFPF
CASRRRSTNEKLFF	GYINVFAFPF
CAIGYNEQFF	GYINVFAFPF
CASSESEGTAGRADTQYF	GYINVFAFPF
CASRRLAGVYNEQFF	GYINVFAFPF
CASSLGLGQPQHF	GYINVFAFPF
CASSLTAEAFF	GYINVFAFPF
CASSGEPSYNEQFF	GYINVFAFPF
CASSPAWGGTGLLAGGYEQYF	GYINVFAFPF
CASSLQGEKLFF	GYINVFAFPF
CASSTTGGLGFF	GYINVFAFPF
CASSFNTGELFF	GYINVFAFPF
CAISGEEGFGPNQPQHF	GYINVFAFPF
CSAVRQGLFYEQYF	GYINVFAFPF
CASGYNEQFF	GYINVFAFPF
CASSEEGRGPHNEQFF	GYINVFAFPF
CASSYSYEQYF	GYINVFAFPF
CASNPHGGAATEAFF	GYINVFAFPF
CASSPGTGISYEQYF	GYINVFAFPF
CSAIDKPEAFF	GYINVFAFPF
CASSFLGYEQYF	GYINVFAFPF
CASSQDHGGDGYTF	GYINVFAFPF
CASTEGLLSYEQYF	GYINVFAFPF
CASSLSGQGQNF	GYINVFAFPF
CASSPTGNTEAFF	GYINVFAFPF
CASSGQGETQYF	GYINVFAFPF
CASSSTLHSYEQYF	GYINVFAFPF
CSARAGWQGNYGYTF	GYINVFAFPF
CASSYGGYGYTF	GYINVFAFPF
CSATGILYEQYF	GYINVFAFPF
CASSLRPYEQYF	GYINVFAFPF
CASPPAEGVGPETQYF	GYINVFAFPF
CSVEAGDTEAFF	GYINVFAFPF
CASSLHDF	GYINVFAFPF
CATKRQGNTEAFF	GYINVFAFPF
CASSPTGHEQFF	GYINVFAFPF
CASSTTGAEQYF	GYINVFAFPF
CASSEGNMNGYTF	GYINVFAFPF
CASSSTGELFF	GYINVFAFPF
CASTPGGETQYF	GYINVFAFPF
CASTYGGPNTEAFF	GYINVFAFPF
CASRLLLDGNTEAFF	GYINVFAFPF
CASSSTGAGTDTQYF	GYINVFAFPF
CASSYGSETQYF	GYINVFAFPF
CASSPTGAEQYF	GYINVFAFPF
CASSLVGDTQYF	GYINVFAFPF
CSALDRDYNHEQYF	GYINVFAFPF
CASSPAGETQYF	GYINVFAFPF
CSARATESGELFF	GYINVFAFPF
CASSLKPGSGANVLTF	GYINVFAFPF
CAISESGDEKLFF	GYINVFAFPF
CASSFGLAGGLLSYEQYF	GYINVFAFPF
CASSMTGSELFF	GYINVFAFPF
CASSLSYEQYF	GYINVFAFPF
CASSPGGIQYF	GYINVFAFPF
CASSLVDTQYF	GYINVFAFPF
CASSQGNNEQFF	GYINVFAFPF
CASNGGGWETQYF	GYINVFAFPF
CASSEGDVRGTDTQYF	GYINVFAFPF
CSAWGGEGTQYF	GYINVFAFPF
CASSYFTGDSNQPQHF	GYINVFAFPF
CASSVEGGPEAFF	GYINVFAFPF
CASSRSGVETQYF	GYINVFAFPF
CASSLAQTQYF	GYINVFAFPF
CASSLDGIYGYTF	GYINVFAFPF
CASSLVGAYNEQFF	GYINVFAFPF
CATGTGELFF	GYINVFAFPF
CASSPTGGAEQYF	GYINVFAFPF
CASSLTGEEQYF	GYINVFAFPF
CSAIITGKSYEQYF	GYINVFAFPF
CSARVMVLAGAGDETQYF	GYINVFAFPF
CASTLSGGALDTQYF	GYINVFAFPF
CASSAAGVEDEQFF	GYINVFAFPF
CSGTTNTGELFF	GYINVFAFPF
CATSDYLAGGVNEQFF	GYINVFAFPF
CASSLDGEQFF	GYINVFAFPF
CASSVGRGGVETQYF	GYINVFAFPF
CASSLGEKLFF	GYINVFAFPF
CASSLVIAGELFF	GYINVFAFPF
CASSPTGYEQFF	GYINVFAFPF
CASSHVGLPYNEQFF	GYINVFAFPF
CSSTSGDTYEQYF	GYINVFAFPF
CASSTGEAYEQYF	GYINVFAFPF
CASGQGAIEQYF	GYINVFAFPF
CASSLSDSGANVLTF	GYINVFAFPF
CASSSTNEQFF	GYINVFAFPF
CASSSTGGTEAFF	GYINVFAFPF
CATSRGSRAEQYF	GYINVFAFPF
CASTEGNSPLHF	GYINVFAFPF
CASSFSSVELFF	GYINVFAFPF
CASSRTSGNYEQYF	GYINVFAFPF
CASSLTGEAYEQYF	GYINVFAFPF
CASSLGSEQFF	GYINVFAFPF
CASSFMGVPFF	GYINVFAFPF
CSAPSYNEQFF	GYINVFAFPF
CASGYPAEQYF	GYINVFAFPF
CASSLDFQGPSNEQFF	GYINVFAFPF
CASSIAGGEAFF	GYINVFAFPF
CASSLLGGEFDEQFF	GYINVFAFPF
CASTVSGSEQYF	GYINVFAFPF
CATSDRQGPAVYF	GYINVFAFPF
CSARETGAPQPEQYF	GYINVFAFPF
CASSLGGLGYTF	GYINVFAFPF
CSGTWDTEAFF	GYINVFAFPF
CASTASYNEQFF	GYINVFAFPF
CASSDGGRQISGNTIYF	GYINVFAFPF
CASSSTGAGTDTQYF	GYINVFAFPF
CASSYSETQYF	GYINVFAFPF
CAARAWGGSEKLFF	GYINVFAFPF
CASSLVYEQYF	GYINVFAFPF
CASSSSGETQYF	GYINVFAFPF
CSVEDGVTDTQYF	GYINVFAFPF
CASSQLDFPLEQYF	GYINVFAFPF
CSASSYNEQFF	GYINVFAFPF
CASSTGPEQFF	GYINVFAFPF
CASSLSAEAFF	GYINVFAFPF
CASSQGNYEQYF	GYINVFAFPF
CASRGPGQGMSSYEQYF	GYINVFAFPF
CSANDGKETQYF	GYINVFAFPF
CASSLTPSTDTQYF	GYINVFAFPF
CASSFSGEAFF	GYINVFAFPF
CASSFGRDPDF	GYINVFAFPF
CASSLSGIYEQYF	GYINVFAFPF
CASSYTGGGREGYTF	GYINVFAFPF
CASSPGGEKLFF	GYINVFAFPF
CASSYSMTGGSAYEQYF	GYINVFAFPF
CASSPTGNEQYF	GYINVFAFPF
CASSPFGGELFF	GYINVFAFPF
CASKSTGSHSPLHF	GYINVFAFPF
CASSSSGPKEGQPQHF	GYINVFAFPF
CSAIPPGATYEQYF	GYINVFAFPF
CASSQPIGGNEQFF	GYINVFAFPF
CASSGDGNSGNTIYF	GYINVFAFPF
CASLGGEGYTF	GYINVFAFPF
CASSYDRTGVDRPQETQYF	GYINVFAFPF
CSATTGAGELFF	GYINVFAFPF
CASSFASQAFF	GYINVFAFPF
CASGSGPGYTF	GYINVFAFPF
CASGLGQNAGQFF	GYINVFAFPF
CASSVEGLSDTQYF	GYINVFAFPF
CASSPSGETQYF	GYINVFAFPF
CASSSGSYGYTF	GYINVFAFPF
CASSRDYEQYF	GYINVFAFPF
CASSLGTGGEQYF	GYINVFAFPF
CASSQGYEQFF	GYINVFAFPF
CAITASGYEQYF	GYINVFAFPF
CSASPSLAGEQTQYF	GYINVFAFPF
CASSYSMSGGLNTDTQYF	GYINVFAFPF
CASSLEVAYNEQFF	GYINVFAFPF
CASSRDGRFNEQFF	GYINVFAFPF
CSGLGGPVSNEQYF	GYINVFAFPF
CARPGGSATAKNIQYF	GYINVFAFPF
CASSLTGETQYF	GYINVFAFPF
CASSLGAAEAFF	GYINVFAFPF
CASSFRDNITDTQYF	GYINVFAFPF
CASGQGADTQYF	GYINVFAFPF
CATFSGGAYGYTF	GYINVFAFPF
CASSLVDTQYF	GYINVFAFPF
CASGNEQFF	GYINVFAFPF
CASSPYNPNQPQHF	GYINVFAFPF
CSYRGAFLTGDDVYGYTF	GYINVFAFPF
CASSFSGLQFF	GYINVFAFPF
CASSSAGGSTDTQYF	GYINVFAFPF
CASSLTGARGYTF	GYINVFAFPF
CASSLAGRRHF	GYINVFAFPF
CSVARDTEAFF	GYINVFAFPF
CASSPGAEAFF	GYINVFAFPF
CASSFAGIETQYF	GYINVFAFPF
CASSVEGLATGELFF	GYINVFAFPF
CASSLVLDVGIQYF	GYINVFAFPF
CASSSELSLEQFF	GYINVFAFPF
CASISVGTDYYGYTF	GYINVFAFPF
CASSLGGDEQYF	GYINVFAFPF
CASSASLPDTQYF	GYINVFAFPF
CATSDNRQGNEQFF	GYINVFAFPF
CASSPSGDPTYEQYF	GYINVFAFPF
CSATAGQETQYF	GYINVFAFPF
CASSPTGSEQYF	GYINVFAFPF
CASSLGVNTEAFF	GYINVFAFPF
CASSQGGLEQYF	GYINVFAFPF
CASSWGTEAFF	GYINVFAFPF
CASSSSGGSTDTQYF	GYINVFAFPF
CSVKTGLNEQFF	GYINVFAFPF
CASSETIPRDF	GYINVFAFPF
CASSLVYEQYF	GYINVFAFPF
CASSSVNLNQPQHF	GYINVFAFPF
CSASDRDSRYEQYF	GYINVFAFPF
CASSSSGGEADTQYF	GYINVFAFPF
CASSLSSGSEQFF	GYINVFAFPF
CASGYVGADTQYF	GYINVFAFPF
CASSLVRQGASNEQFF	GYINVFAFPF
CASSMGEPPQFF	GYINVFAFPF
