CDR3	AA
CASSYSISRWQETQYF	KLNVGDYFV
CSARGPQTQGQGPNEQFF	KLNVGDYFV
CASSYLPQGYNEQFF	KLNVGDYFV
CSAPEGNYNEQFF	KLNVGDYFV
CASSPGRPYEQYF	KLNVGDYFV
CASSFPGGYGYTF	KLNVGDYFV
CSVEDSVLGGMGETQYF	KLNVGDYFV
CASSPGNPNQPQHF	KLNVGDYFV
CSARAGSEQFF	KLNVGDYFV
CASNPSGNNYGYTF	KLNVGDYFV
CASSLSWDRFNTEAFF	KLNVGDYFV
CASSQDRGAGTSASYEQYF	KLNVGDYFV
CASSEGQGNGELFF	KLNVGDYFV
CASSLLGGSGANVLTF	KLNVGDYFV
CASSLEDLGTDTQYF	KLNVGDYFV
CSAREAQLQFF	KLNVGDYFV
CASSSQGPSYEQYF	KLNVGDYFV
CSARDSPLEAFF	KLNVGDYFV
CAWSLNVGTGAINSNQPQHF	KLNVGDYFV
CASSLGNPYEQYF	KLNVGDYFV
CASSPLLAGGGHTGELFF	KLNVGDYFV
CSARTGAIQYF	KLNVGDYFV
CASSESEGAGIFNEQFF	KLNVGDYFV
CASSDSYGYTF	KLNVGDYFV
CSADIAGVVYNEQFF	KLNVGDYFV
CSARLFNEQFF	KLNVGDYFV
CASSPRPGTSGVGMSTDTQYF	KLNVGDYFV
CASSLRTGDNLSGEQYF	KLNVGDYFV
CASSLGRTYEQYF	KLNVGDYFV
CASSSPSGGAENEQFF	KLNVGDYFV
CASRGASGRDTQYF	KLNVGDYFV
CSARTGVEQYF	KLNVGDYFV
CASSRLEPNTEAFF	KLNVGDYFV
CASSQDRQGWNTGELFF	KLNVGDYFV
CASKGHDPNQPQHF	KLNVGDYFV
CASSQELGVNIAGEAFF	KLNVGDYFV
CASSLARGTGVGGTEAFF	KLNVGDYFV
CASSLFSGGRPNTYEQYF	KLNVGDYFV
CASGLDNNEQFF	KLNVGDYFV
CASSLGDRDTTAIRPQHF	KLNVGDYFV
CASTLAGGSYNEQFF	KLNVGDYFV
CASSSPSSSSYNEQFF	KLNVGDYFV
CASSPTEGLYEQYF	KLNVGDYFV
CASSLRPGLDSTDTQYF	KLNVGDYFV
CASSQAVGVPFTDTQYF	KLNVGDYFV
CASSLGGLGAIDEQFF	KLNVGDYFV
CASSQGTGFTYEQYF	KLNVGDYFV
CASSHATGVPFTDTQYF	KLNVGDYFV
CASSLAGGSTGELFF	KLNVGDYFV
CASSYSMYWGAPSTGELFF	KLNVGDYFV
CASNLGGTYEQYF	KLNVGDYFV
CSARSGLEQFF	KLNVGDYFV
CSARRGAEQYF	KLNVGDYFV
CASSFGGRELFF	KLNVGDYFV
CANAREGQTEAFF	KLNVGDYFV
CASSYSGKQYF	KLNVGDYFV
CASSLESGQPYSNQPQHF	KLNVGDYFV
CASSLVHGGGELFF	KLNVGDYFV
CASRDSSGANVLTF	KLNVGDYFV
CSALAGVEQYF	KLNVGDYFV
CASSEEINLGEQFF	KLNVGDYFV
CSARGTDNTGELFF	KLNVGDYFV
CASSQEIGRGASENVLTDTQYF	KLNVGDYFV
CSARVGAEQYF	KLNVGDYFV
CASSYWAGASTGELFF	KLNVGDYFV
CASSESSGIPFYNEQFF	KLNVGDYFV
CSLLSGVEQFF	KLNVGDYFV
CASSLDSYNEQFF	KLNVGDYFV
CASSIAVGVGVERPYEQYF	KLNVGDYFV
CASSQKVGSGVGTGELFF	KLNVGDYFV
CASSTPVGTGVYNEQFF	KLNVGDYFV
CASSEVAGVVETQYF	KLNVGDYFV
CASSPGGNPGGDEQFF	KLNVGDYFV
CASSQVLGGGITGELFF	KLNVGDYFV
CASSLGAGWTDTQYF	KLNVGDYFV
CASSQEWGTGGASYNSPLHF	KLNVGDYFV
CASSQGRNEQYF	KLNVGDYFV
CSARAGVEQFF	KLNVGDYFV
CASSWGRTYEQYF	KLNVGDYFV
CASSQVTGTVYQETQYF	KLNVGDYFV
CAWETGTGDYNEQFF	KLNVGDYFV
CASSSIGALGSQETQYF	KLNVGDYFV
CSAHAGDANIQYF	KLNVGDYFV
CASSERTGTGGLGGELFF	KLNVGDYFV
CSAKRGDWNIQYF	KLNVGDYFV
CASSPLLAGGPVTGELFF	KLNVGDYFV
CASSLGRTYEQYF	KLNVGDYFV
CASSLAGVNEQFF	KLNVGDYFV
CSALAGVEQFF	KLNVGDYFV
CSVPTPPTSGGDTQYF	KLNVGDYFV
CASSLRFGELFF	KLNVGDYFV
CATSDVSPYNEQFF	KLNVGDYFV
CASSGGGGYNEQFF	KLNVGDYFV
CSGWTSGADTQYF	KLNVGDYFV
CASSERTLLAKNIQYF	KLNVGDYFV
CASSQSIGIPFHREQYF	KLNVGDYFV
CAWSEFGSGKYEQYF	KLNVGDYFV
CASRTGGWNSPLHF	KLNVGDYFV
CASSLESGAFSDTQYF	KLNVGDYFV
CASSLTSGSSYNEQFF	KLNVGDYFV
CASSLQTGTGELAKNIQYF	KLNVGDYFV
CASSYGPPYEQYF	KLNVGDYFV
CASSRVDRDLGSEQFF	KLNVGDYFV
CASSPLLGGTGITGELFF	KLNVGDYFV
CASSFSGSYNEQFF	KLNVGDYFV
CASSESAAPGSWGEQFF	KLNVGDYFV
CSARAGLEQYF	KLNVGDYFV
CASSQGLAENEQFF	KLNVGDYFV
CASSLLAGGQETQYF	KLNVGDYFV
CSARTGVEQFF	KLNVGDYFV
CASSNQAGVLVSPQSEQFF	KLNVGDYFV
CSARSGSEQYF	KLNVGDYFV
CASSDYQPGLAGSEQFF	KLNVGDYFV
CASNKQGWNEQFF	KLNVGDYFV
CSASEGLAYEQYF	KLNVGDYFV
CASSLALGGGLYNEQFF	KLNVGDYFV
CSVPSDRNTEAFF	KLNVGDYFV
CSARTGGFYEQYF	KLNVGDYFV
CASSFPLQFF	KLNVGDYFV
CASSYSPGTGALSYNEQFF	KLNVGDYFV
CASSLEPGVFLYSNQPQHF	KLNVGDYFV
CASGDRGSYNEQFF	KLNVGDYFV
CASSIPGYEQYF	KLNVGDYFV
CASSQDLGTGGLNYNQPQHF	KLNVGDYFV
CSARTGTGRLAGGLNEQFF	KLNVGDYFV
