CDR3	AA
CASSPRPGLAGGRDTQYF	SSANNCTFEY
CASTNICQPQYF	SSANNCTFEY
CASSPGGDNYGYTF	SSANNCTFEY
CASSVGGISNEQFF	SSANNCTFEY
CASSVSRLGLAGKMNTGELFF	SSANNCTFEY
CASSANRLTPDYEQYF	SSANNCTFEY
CASSPVRTSEQYF	SSANNCTFEY
CASSLLGRASWQFF	SSANNCTFEY
CASSLVGGRGTSYNEQFF	SSANNCTFEY
CASSSPGPRRDEQFF	SSANNCTFEY
CASSLPGNTEAFF	SSANNCTFEY
CASKDRNTGELFF	SSANNCTFEY
CASSYFRTSGSFGGELFF	SSANNCTFEY
CASSVSGSTYEQYF	SSANNCTFEY
CASSLMANTEAFF	SSANNCTFEY
CASSFPNTGELFF	SSANNCTFEY
CASSLVSSQNIQYF	SSANNCTFEY
CASSGGTVALANYGYTF	SSANNCTFEY
CASSAQGLAGSSYNEQFF	SSANNCTFEY
CSARNRAGHSNQPQHF	SSANNCTFEY
CASSQPNANIQYF	SSANNCTFEY
CATSDRPVGEQFF	SSANNCTFEY
CASSSTRERLAKNIQYF	SSANNCTFEY
CASSSPGLAGTGELFF	SSANNCTFEY
CASRSLGDEQFF	SSANNCTFEY
CASSPASRGEQYF	SSANNCTFEY
CSGLTGGDEKLFF	SSANNCTFEY
CASSVDGVGQPQHF	SSANNCTFEY
CASSQEVGSAYEQYF	SSANNCTFEY
CASSLEGNRETQYF	SSANNCTFEY
CASSPPSGNIQYF	SSANNCTFEY
CASSSPRGATQYF	SSANNCTFEY
CASSLVSYNEQFF	SSANNCTFEY
CASSERQGAREQYF	SSANNCTFEY
CASSFRESKEFNNEQFF	SSANNCTFEY
CASSPKGGLPSDTQYF	SSANNCTFEY
CASSRNRGLTDTQYF	SSANNCTFEY
CASSYRKGTGAYNEQFF	SSANNCTFEY
CASSFLGSGYTF	SSANNCTFEY
