CDR3	AA
CSARVTGTSGINEQFF	HLMSFPQSA
CASSSPTEAFF	HLMSFPQSA
CASSPSREQQYNEQFF	HLMSFPQSA
CASGTPTRFSGANVLTF	HLMSFPQSA
CASSLGFGSYNSPLHF	HLMSFPQSA
CATSRGYEQYF	HLMSFPQSA
CASSTGPEQYF	HLMSFPQSA
CASSFVTANNEQFF	HLMSFPQSA
CASSPRGQPQYF	HLMSFPQSA
CASSGYEQYF	HLMSFPQSA
CASTLTGEQFF	HLMSFPQSA
CASSFGLVQETQYF	HLMSFPQSA
CASSLAPGSNEQFF	HLMSFPQSA
CASRGYEQFF	HLMSFPQSA
CSATGTGDSYEQYF	HLMSFPQSA
CASSFGGPYNEQFF	HLMSFPQSA
CASQGTEQFF	HLMSFPQSA
CASSFRGEGGEQFF	HLMSFPQSA
CASSFGPTDTQYF	HLMSFPQSA
CASSFGTAYNEQFF	HLMSFPQSA
CASLSGGRLFF	HLMSFPQSA
CASGADTQYF	HLMSFPQSA
CASSQEEGVLSEAFF	HLMSFPQSA
CASSFTPYEQYF	HLMSFPQSA
CASSFSGSGAYEQYF	HLMSFPQSA
CASSLAGELFF	HLMSFPQSA
CASSLGGINQPQHF	HLMSFPQSA
CASSPGGGYEQFF	HLMSFPQSA
CASMGPHEQFF	HLMSFPQSA
CASTNRQGGYTF	HLMSFPQSA
CASMYPPGELFF	HLMSFPQSA
CASSSTGAVTDTQYF	HLMSFPQSA
CASSRAEKLFF	HLMSFPQSA
CSPRGSGGPSSYNEQFF	HLMSFPQSA
CASSWTGVGTDTQYF	HLMSFPQSA
CASSSPGTGEYEQYF	HLMSFPQSA
CASSFGAREQYF	HLMSFPQSA
CASSLAGGGLYNEQFF	HLMSFPQSA
CANFRVPPSGANVLTF	HLMSFPQSA
CASSPPANQETQYF	HLMSFPQSA
CAQGPTEAFF	HLMSFPQSA
