CDR3	AA
CASSLELREYEKLFF	YTMADLVYA
CATSDPRPGDTNEQFF	YTMADLVYA
CSARQGVGEQYF	YTMADLVYA
CASSPQGTEAFF	YTMADLVYA
CASSETGKGTEAFF	YTMADLVYA
CASSYGTGYTEAFF	YTMADLVYA
CASSSEGGGNSPLHF	YTMADLVYA
CATSGARVAGDDNEQFF	YTMADLVYA
CASSPHRTGKNFTF	YTMADLVYA
CASSSGISTDTQYF	YTMADLVYA
CASSERQGRGETQYF	YTMADLVYA
CASGETSGYTGELFF	YTMADLVYA
CASSYSVSSGNEQFF	YTMADLVYA
CASSLFTEAEAFF	YTMADLVYA
CSASLGVYEQYF	YTMADLVYA
CASSIERTPLYEQYF	YTMADLVYA
CATGQGTYEQYF	YTMADLVYA
CASSYSIAYSSYNEQFF	YTMADLVYA
CLVGQTYEQYF	YTMADLVYA
CASSSSGGGETQYF	YTMADLVYA
CASSDVGSIYNEQFF	YTMADLVYA
CASSESLGKLQETQYF	YTMADLVYA
CASSSSRWYEQYF	YTMADLVYA
CSARPGQGFGYHYEQYF	YTMADLVYA
CASSPRDRSYNEQFF	YTMADLVYA
CASSQGYSTGKGSPLHF	YTMADLVYA
CSASLGIYEQYF	YTMADLVYA
CASSYRAPSPGELFF	YTMADLVYA
CASSPAVNMNTEAFF	YTMADLVYA
CASSRGDRVLNTEAFF	YTMADLVYA
CATSGTRLAPREQFF	YTMADLVYA
CASSVYRGGTGELFF	YTMADLVYA
CATSEAAGPSYEQYF	YTMADLVYA
CASSQSRDILQPQHF	YTMADLVYA
CASSQGGTGRTMNTEAFF	YTMADLVYA
CASSLTGGDTEAFF	YTMADLVYA
CASSLVGTAEQYF	YTMADLVYA
CASSQSGKGTEAFF	YTMADLVYA
CSASLGLYEQYF	YTMADLVYA
CASSVGVGPGLRTGELFF	YTMADLVYA
CSAQLPGGGDQPQHF	YTMADLVYA
CSASLGTYEQYF	YTMADLVYA
CASSLSGRGETQYF	YTMADLVYA
CASSLGTGYTEAFF	YTMADLVYA
CASSQVDSIYTEAFF	YTMADLVYA
CASSVSGSGNEQYV	YTMADLVYA
CSARAGEQFF	YTMADLVYA
CASSAGGPDTQYF	YTMADLVYA
CAIRDGPLGPSYEQYF	YTMADLVYA
CASSWTGRGETQYF	YTMADLVYA
CASSQVGSVYNEQFF	YTMADLVYA
CASSQRGPNTGELFF	YTMADLVYA
CASSPVGQPPYEQYF	YTMADLVYA
CASSPKVNMNTEAFF	YTMADLVYA
CSARDGTSGSVGYEQYF	YTMADLVYA
CASSHVRTSGGSYEQYF	YTMADLVYA
CASSLSGSGETQYF	YTMADLVYA
CSASQGAYEQYF	YTMADLVYA
CASSRDLTDSYNEQFF	YTMADLVYA
CASSLNPRESDNEQFF	YTMADLVYA
CASSLGTGYTEAFF	YTMADLVYA
CSASRGLYEQYF	YTMADLVYA
CASSLGIVRDRVSVHEQFF	YTMADLVYA
CASSPVVNMNTEAFF	YTMADLVYA
CASSSTGKGETQYF	YTMADLVYA
CASSYRPSGQGGLEQYF	YTMADLVYA
CASSLAGGPPDTQYF	YTMADLVYA
CASSQGVPRKDLNTEAFF	YTMADLVYA
CSASGGVYEQYF	YTMADLVYA
