CDR3	AA
CASSQDHETPSSYEQYF	IPIQASLPF
CASSFAGTGELFF	IPIQASLPF
CASSLGGGPADEQYF	IPIQASLPF
CASSRVALPTDTQYF	IPIQASLPF
CASSLEGLVNEQFF	IPIQASLPF
CASSLVGQGSNQPQHF	IPIQASLPF
CASSPWGNPDTGELFF	IPIQASLPF
CASSQAPGRVSDTQYF	IPIQASLPF
CASSQERAWDEQYF	IPIQASLPF
CASSLDRPPSSGYTF	IPIQASLPF
CASSLSGYNEQFF	IPIQASLPF
CASSLSGYNEQFF	IPIQASLPF
CASSLGGWNTEAFF	IPIQASLPF
CASSLTGLNTEAFF	IPIQASLPF
CASSLDRGMHGYTF	IPIQASLPF
CASSQVVGTGVDGYTF	IPIQASLPF
CASSVIGGVKNQPQHF	IPIQASLPF
CASSRTSTDTQYF	IPIQASLPF
CASSLTGLNTEAFF	IPIQASLPF
CASSLFAESNSPLHF	IPIQASLPF
CATSRDSGGASYEQYF	IPIQASLPF
CASSLDRAPSDGYTF	IPIQASLPF
CASRLSSGRRSDTQYF	IPIQASLPF
CASSYLGSGDNQPQHF	IPIQASLPF
CASRMDRGNTEAFF	IPIQASLPF
CASTAGSTYEQYF	IPIQASLPF
CASSQLTGSGNTIYF	IPIQASLPF
CASSFQGSSGNTIYF	IPIQASLPF
