CDR3	AA
CASSLEASGTYEQYF	VYFLQSINF
CSVDTLGRDYGYTF	VYFLQSINF
CASSFSAGELFF	VYFLQSINF
CASSLAFGTGVDTQYF	VYFLQSINF
CASRGTAQETQYF	VYFLQSINF
CASSQTGGRDEQYF	VYFLQSINF
CASSSGTEYQETQYF	VYFLQSINF
CASFAASYEQYF	VYFLQSINF
CASSYVGGEETQYF	VYFLQSINF
CASSIELLAKNIQYF	VYFLQSINF
CSVRGGETDMNTEAFF	VYFLQSINF
CASLLSIPGELFF	VYFLQSINF
CASSLQGALNTEAFF	VYFLQSINF
CASSPNGGPNYGYTF	VYFLQSINF
CASSLGQNYEQYF	VYFLQSINF
CASSPLQGADYEQYF	VYFLQSINF
CASSPSTVVGYTF	VYFLQSINF
CASAVWRGRTDTQYF	VYFLQSINF
CATSRDRRELETQYF	VYFLQSINF
CASSYIAGVNTGELFF	VYFLQSINF
CSVEGTSGRMEQYF	VYFLQSINF
CASSESTSALTDTQYF	VYFLQSINF
CASSYTGQGYEQYF	VYFLQSINF
CASSKLPNRQRHSPLHF	VYFLQSINF
CASSIRRENTEAFF	VYFLQSINF
CASSRGLPETQYF	VYFLQSINF
CASSYPRDYLAKNIQYF	VYFLQSINF
CASSLEPVGDAVPYEQYF	VYFLQSINF
CASSGPTSGGYDNEQFF	VYFLQSINF
CASSPSSFGRDPNTQYF	VYFLQSINF
CASSAQENFPYEQYF	VYFLQSINF
CASSLAGAEGQFF	VYFLQSINF
CASSSFGRERTEAFF	VYFLQSINF
CAHLSGRVGDEQFF	VYFLQSINF
CASSLVGGADTQYF	VYFLQSINF
CASSLVGYGEQFF	VYFLQSINF
CASSSIAGGQADTQYF	VYFLQSINF
CASSQEEAYRNTGELFF	VYFLQSINF
CASSLGGENYEQYF	VYFLQSINF
CASPRDRDNYGYTF	VYFLQSINF
CASRFSGGAADTQYF	VYFLQSINF
CSARGIGRGTYDEQYF	VYFLQSINF
CASSFVRGDGYGYTF	VYFLQSINF
CASSSAGRKQPQHF	VYFLQSINF
CATTGGSGAFF	VYFLQSINF
CSARSENTGELFF	VYFLQSINF
CASSIGTGIYEQYF	VYFLQSINF
CASTSDPGAKAFF	VYFLQSINF
CASSEGQGNQPQHF	VYFLQSINF
CASSLTGADGYTF	VYFLQSINF
CASSLGGQQQYF	VYFLQSINF
CASSQQGATYNEQFF	VYFLQSINF
CASSLGSGGYQETQYF	VYFLQSINF
CASSQEKVGGYEQYF	VYFLQSINF
CASSPYPRIEETQYF	VYFLQSINF
CASRRVSRTGELFF	VYFLQSINF
CASSDDRVRLFF	VYFLQSINF
CASGLTVGGPTEAFF	VYFLQSINF
CASSEPGQEMNTEAFF	VYFLQSINF
CASSLEGGGTEAFF	VYFLQSINF
CASSQGLAGMYEQYF	VYFLQSINF
CASTEDLSGYEQYF	VYFLQSINF
CASSGGQGTDTQYF	VYFLQSINF
CASSIDLAGGIYNEQFF	VYFLQSINF
CASSPDSVSYEQYF	VYFLQSINF
CASRGASTYEQYF	VYFLQSINF
CASSQDKIYPGDGYTF	VYFLQSINF
CAISSGSGTDTQYF	VYFLQSINF
CASSYSSGAEAFF	VYFLQSINF
CASSPHPDGAYNEQFF	VYFLQSINF
CASSPIRREAGDTQYF	VYFLQSINF
CASSFRLADTYEQYF	VYFLQSINF
CASSLEGYSNQPQHF	VYFLQSINF
CASSQDGFLGLGVGTDTQYF	VYFLQSINF
CASSLGVGELFF	VYFLQSINF
CATLGKEAVSYNEQFF	VYFLQSINF
CASSPQWRAYEQYF	VYFLQSINF
CSVEVAGVQAFF	VYFLQSINF
CASSVSSPSPDTLYF	VYFLQSINF
CASSVPTQDSSYNSPLHF	VYFLQSINF
CASWGGPYTDTQYF	VYFLQSINF
CASSEPAQGMNTEAFF	VYFLQSINF
CASSSHSGPSYEQYF	VYFLQSINF
CACHRRTGYGYTF	VYFLQSINF
CASSLGAGPSSGETQYF	VYFLQSINF
CASSDGRQESYEQYF	VYFLQSINF
CASSPWGDTEAFF	VYFLQSINF
CASSEAGGLETQYF	VYFLQSINF
CATSEGSGANVLTF	VYFLQSINF
CASSPSPTSGNEQFF	VYFLQSINF
CASSYSGSSGNTIYF	VYFLQSINF
CASSRLDSDNEQFF	VYFLQSINF
CASSLQGASLEKLFF	VYFLQSINF
CASSDLATGLNTEAFF	VYFLQSINF
CASSLAGGPDTQYF	VYFLQSINF
CASRPLVGTDSNQPQHF	VYFLQSINF
CASSLSGRGGNTIYF	VYFLQSINF
CASFSTSYEQFF	VYFLQSINF
CASSQATGGLGTDTQYF	VYFLQSINF
CASSLNTGGLEKLFF	VYFLQSINF
CASSSTSGSTDTQYF	VYFLQSINF
CASFSSSYEQYF	VYFLQSINF
CASSPGTGTGRDPYEQYF	VYFLQSINF
CASRPTVAGGSSYEQYF	VYFLQSINF
CASRHAGGLSTEAFF	VYFLQSINF
CASSRGQMATNEKLFF	VYFLQSINF
CASSPSGTQYF	VYFLQSINF
CASMQGLVTEAFF	VYFLQSINF
CASSYWTGGTDTQYF	VYFLQSINF
CASTNRVDNTEAFF	VYFLQSINF
CASSYGTGTDEQFF	VYFLQSINF
CASSEEGDRVDDTEAFF	VYFLQSINF
CASGELPYEQYF	VYFLQSINF
CASNDTPSTDTQYF	VYFLQSINF
CSSNGGQGRLNTEAFF	VYFLQSINF
CASSELIDAAGDSEQFF	VYFLQSINF
CASSLPSGYEQYF	VYFLQSINF
CASSYQDRGTDTQYF	VYFLQSINF
CASSYGVGGTEAFF	VYFLQSINF
CASIGVGPLTDTQYF	VYFLQSINF
CASSLSTGGISYEQYF	VYFLQSINF
CASSPTPYTEAFF	VYFLQSINF
CASSLPDGYEQYF	VYFLQSINF
CASSQGQRLPDNEQFF	VYFLQSINF
CASSTGQGEWETQYF	VYFLQSINF
CASSQDRTLDEQFF	VYFLQSINF
CASSLGTGTTYTDTQYF	VYFLQSINF
CASREDSTDTQYF	VYFLQSINF
CSVVGTPNYGYTF	VYFLQSINF
CASMAEASNTGELFF	VYFLQSINF
CASSLVEGLGAYEQYF	VYFLQSINF
CASSIAAGADTQYF	VYFLQSINF
CASSRQGSYSPLHF	VYFLQSINF
CASSDTGELFF	VYFLQSINF
CASGLLAGGEETQYF	VYFLQSINF
CASSAGTSEADTQYF	VYFLQSINF
CSVPSGIEQFF	VYFLQSINF
CASSQGGALNTEAFF	VYFLQSINF
CASRSSGSQETQYF	VYFLQSINF
CASEASGGEQFF	VYFLQSINF
CASSQDPGGENEQFF	VYFLQSINF
CSVDTGGQRGTEAFF	VYFLQSINF
CASSPGTWGNQPQHF	VYFLQSINF
CASSYSYRGDPEAFF	VYFLQSINF
CASSWTGGSNQPQHF	VYFLQSINF
CSVEGGDYTILMNEQFF	VYFLQSINF
CASSQEVAGAYEQYF	VYFLQSINF
CASSQALGTLNEQFF	VYFLQSINF
CASSSIAGVSYEQYF	VYFLQSINF
CASSIRGFTEQYF	VYFLQSINF
CASFSSSYEQYF	VYFLQSINF
CASSLGPSGTEAFF	VYFLQSINF
CASSLVAGLTEAFF	VYFLQSINF
CASSLLGVGQETQYF	VYFLQSINF
CSGGGTRNEQFF	VYFLQSINF
CANIQGASDEQYF	VYFLQSINF
CASSPSSYNEQFF	VYFLQSINF
CASSLSGVSTEAFF	VYFLQSINF
CASSLDRTGTTEAFF	VYFLQSINF
CASSVGQDNQPQHF	VYFLQSINF
CATSSNGNGEQFF	VYFLQSINF
CASSLGATRTDTQYF	VYFLQSINF
CSATGTGGNQPQHF	VYFLQSINF
CSVGSDQGATDTQYF	VYFLQSINF
CATSDLPNTGELFF	VYFLQSINF
CASRLAGGDNEQFF	VYFLQSINF
CASSVSNGLAGGDEQFF	VYFLQSINF
CASSQGFANEQFF	VYFLQSINF
CASSSGATNEKLFF	VYFLQSINF
CASSPGGNEQFF	VYFLQSINF
CASSSVGGLPFSYNEQFF	VYFLQSINF
CASSQEDGTNYGYTF	VYFLQSINF
CASSPPDTNTEAFF	VYFLQSINF
CATSRENRQGPGDEQYF	VYFLQSINF
CASSQDPLTSGMNNEQFF	VYFLQSINF
CASSDRVEYSSYNSPLHF	VYFLQSINF
CSVEKGDRGNTIYF	VYFLQSINF
CASSLVRGGAESSYNSPLHF	VYFLQSINF
CASSQTTGQSSYNSPLHF	VYFLQSINF
CASFSASYEQYF	VYFLQSINF
CAWSHGPAYEQYF	VYFLQSINF
CASRGTDSPGTLNEQFF	VYFLQSINF
CASSPGSSYEQYF	VYFLQSINF
CASQGSGNTIYF	VYFLQSINF
CASSVAGELFF	VYFLQSINF
CASSTSSYEQYF	VYFLQSINF
CASSIDTPYEQYF	VYFLQSINF
CASRSHVGPPNTGELFF	VYFLQSINF
CSAPRGGASTDTQYF	VYFLQSINF
CASFSASYEQYF	VYFLQSINF
CSVEGVQGVLEQYF	VYFLQSINF
CSAPPRGMNTEAFF	VYFLQSINF
CATIDRNQYNEQFF	VYFLQSINF
CASSAEAEFTDTQYF	VYFLQSINF
CSVGGQEANYGYTF	VYFLQSINF
CAISGGGGGAGSYNEQFF	VYFLQSINF
CASSQANYEQYF	VYFLQSINF
CASSLDPLGYTF	VYFLQSINF
CASSFWGANTGELFF	VYFLQSINF
CASSIEQSYDEQFF	VYFLQSINF
CASSLLSGRDIQYF	VYFLQSINF
CASGRGPDYNEQFF	VYFLQSINF
CSARVGGPLNEQFF	VYFLQSINF
CASSQDEEPPYNEQFF	VYFLQSINF
CASSLEVSGGLQETQYF	VYFLQSINF
CASTSILGNTEAFF	VYFLQSINF
CARQILGMNGEQYF	VYFLQSINF
CSVEMGPFFGANVLTF	VYFLQSINF
CASSPLVGNTEAFF	VYFLQSINF
CASSQIRNEQFF	VYFLQSINF
CASSLNAENTEAFF	VYFLQSINF
CASSLAGGYTGELFF	VYFLQSINF
CASSYGAGDEQYF	VYFLQSINF
CATSDFEQREGPDTQYF	VYFLQSINF
CASSPTSGSGNEQFF	VYFLQSINF
CASSPHNYEQYF	VYFLQSINF
CASSPGTGYFDEKLFF	VYFLQSINF
CASDSRDETSQGRTGELFF	VYFLQSINF
CSVEVMSDNSGNTIYF	VYFLQSINF
CASSFSANYGYTF	VYFLQSINF
CASSLPGSRGNEQFF	VYFLQSINF
CASSFENTGELFF	VYFLQSINF
CASSLGVGNTDTQYF	VYFLQSINF
CASSESRGDMNTEAFF	VYFLQSINF
CASNLAGGNNEQFF	VYFLQSINF
CASSYLAGVSNEQFF	VYFLQSINF
CASTQDTANYGYTF	VYFLQSINF
CASTQRWGPDTQYF	VYFLQSINF
CASSLVQGTDSYNEQFF	VYFLQSINF
CASDSRVGYGYTF	VYFLQSINF
CALRANQPQHF	VYFLQSINF
CASSTGQGTDTQYF	VYFLQSINF
CASSHSKEDLLGRLFF	VYFLQSINF
CARTGQGLESPLHF	VYFLQSINF
CATSRDRRERETQYF	VYFLQSINF
CASSPWDREPQPQHF	VYFLQSINF
CAISESYEQYF	VYFLQSINF
CSARAPPGDSSYEQYF	VYFLQSINF
CASSPMGAVNTEAFF	VYFLQSINF
CASSYAEYSYEQYF	VYFLQSINF
CASRPAGRTTDTQYF	VYFLQSINF
CSASPRIGGLYEQYF	VYFLQSINF
CASSLGQAGDEKLFF	VYFLQSINF
CASSLGPGQTQETQYF	VYFLQSINF
CSAGGQSSYEQYF	VYFLQSINF
CASGATSYEQYF	VYFLQSINF
CASSEALVEMNTEAFF	VYFLQSINF
CAIKERVGSYNEQFF	VYFLQSINF
CASSFGQGEETQYF	VYFLQSINF
CASSGTGVDTGELFF	VYFLQSINF
CASSLTGPGGTEAFF	VYFLQSINF
CASSFYNAGGRADTQYF	VYFLQSINF
CASSLVGQPYYNSPLHF	VYFLQSINF
CASSISRAGEQFF	VYFLQSINF
CSGRQGGLSNEKLFF	VYFLQSINF
CASSQDIGSNQPQHF	VYFLQSINF
CSARDHGGDLTDTQYF	VYFLQSINF
CASSIAGGQQTQYF	VYFLQSINF
CASSETRQETQYF	VYFLQSINF
CASSNRDENTGELFF	VYFLQSINF
CASSPPDRAYEQYF	VYFLQSINF
CASSPPGAGRETQYF	VYFLQSINF
CASSWGTAQYF	VYFLQSINF
CASSLLDRYNEQFF	VYFLQSINF
CASSLPSGYEQYF	VYFLQSINF
CASSQEGGQGETQYF	VYFLQSINF
CASSPGLSGNTIYF	VYFLQSINF
CSVERQAADTQYF	VYFLQSINF
CASSPTGLAGMETQYF	VYFLQSINF
CASSEEDFRGYYEQYF	VYFLQSINF
CASSPGTGGVEKLFF	VYFLQSINF
CASSYSGWETQYF	VYFLQSINF
CASFAGELFF	VYFLQSINF
CASSPLASTDTQYF	VYFLQSINF
CASSIIVPEQYF	VYFLQSINF
CASRDFHRINQPQHF	VYFLQSINF
CASRQGGADTQYF	VYFLQSINF
CASSLLPRGWNEQFF	VYFLQSINF
CASSESISDTQYF	VYFLQSINF
CASSLGGATEAFF	VYFLQSINF
CSATTPGQLFYEQYF	VYFLQSINF
CASSLDSSPYEQYF	VYFLQSINF
CASSLGVPNEKLFF	VYFLQSINF
CASSPQSTGFYEQYF	VYFLQSINF
CATSDLQGYQETQYF	VYFLQSINF
CASSIEGGVDTEAFF	VYFLQSINF
CASRLTVREGDSYNSPLHF	VYFLQSINF
CSVEEGGANTEAFF	VYFLQSINF
CASSGDRVPYNEQFF	VYFLQSINF
CASSLPSGSEQYF	VYFLQSINF
CASSISTASEQFF	VYFLQSINF
CASSLGVGRETQYF	VYFLQSINF
CASRDWLNEQFF	VYFLQSINF
CASSFGTGELFF	VYFLQSINF
CASSESEESMNTEAFF	VYFLQSINF
CATSDLTSETQFF	VYFLQSINF
CASSLFGQSNQPQHF	VYFLQSINF
CACPGTGTYEQYF	VYFLQSINF
CASSPDGPNWEQFF	VYFLQSINF
CASSKTDRLGPYEQYF	VYFLQSINF
CASSRLDSDNEQFF	VYFLQSINF
CASSLNRVGAYEQYF	VYFLQSINF
CASSLEAGGFYSSYNEQFF	VYFLQSINF
CASTAGGGSTGELFF	VYFLQSINF
CARDRDTSWGGELFF	VYFLQSINF
CASSFSGSMIGQYF	VYFLQSINF
CASSFGDEQYF	VYFLQSINF
CASSLEVDRNSYEQYF	VYFLQSINF
CASSLQGEGAPSYEQYF	VYFLQSINF
CASSLVSGATEAFF	VYFLQSINF
CASSVGGWGTEAFF	VYFLQSINF
CASSDFGNYGYTF	VYFLQSINF
CATSEPQGLEAFF	VYFLQSINF
CASSQEWGDYQPQHF	VYFLQSINF
CASSPNTGESSGYTF	VYFLQSINF
CASSYSPSNEQFF	VYFLQSINF
CASSLVHTDTQYF	VYFLQSINF
CSVDLAGVSGELFF	VYFLQSINF
CSATPRDLASYNEQFF	VYFLQSINF
CSVVYGGRSTEAFF	VYFLQSINF
CASSQEGRAWNDIQYF	VYFLQSINF
CATSLAGGGTGELFF	VYFLQSINF
CASSPDGYPSYEQYF	VYFLQSINF
CASSSGQGADEQYF	VYFLQSINF
CAPRPQGAGAPHGEQFF	VYFLQSINF
CASSMAGYTEAFF	VYFLQSINF
CASSVGAAVSYEQYF	VYFLQSINF
CASSEYRAETQYF	VYFLQSINF
CAISELVTSGTDTQYF	VYFLQSINF
CASSRMIDDEYF	VYFLQSINF
CASSSRDSIEAFF	VYFLQSINF
CASSEPGTEMNTEAFF	VYFLQSINF
CASGATSYEQYF	VYFLQSINF
CASSSGPNEQFF	VYFLQSINF
CSARDPPTDTQYF	VYFLQSINF
CASSYSLAGASGVEQFF	VYFLQSINF
CASSPVGGWETQYF	VYFLQSINF
CSVVDVWEAFF	VYFLQSINF
CASRLGGESSNQPQHF	VYFLQSINF
CASSFILADKDEQFF	VYFLQSINF
CSAGGTSGSLSANEQFF	VYFLQSINF
CASSRAGALGGELFF	VYFLQSINF
CASSPWTGDEQYF	VYFLQSINF
CASSREGQGRDTQYF	VYFLQSINF
CASSLVVPVNNEQFF	VYFLQSINF
CASMGVGAADTQYF	VYFLQSINF
CSVEWQGAGTEAFF	VYFLQSINF
CATSAGGSGHEQYF	VYFLQSINF
CASSFYGIYTEAFF	VYFLQSINF
CSAQWGGEYNEQFF	VYFLQSINF
CASRPFSSGSYEQYF	VYFLQSINF
CSVDFGGQGNTGELFF	VYFLQSINF
CASSYSTSGVYEQYF	VYFLQSINF
CASSPLLGTDSNQPQHF	VYFLQSINF
CSARPKVWDKGGWGPDTQYF	VYFLQSINF
CASSPQAGGSSYEQYF	VYFLQSINF
CASSQRAGDTEAFF	VYFLQSINF
CASSISVSKNIQYF	VYFLQSINF
CSVEDPAVWNTEAFF	VYFLQSINF
CASSLVVLGGGTGELFF	VYFLQSINF
CASSLVGDSYEQYF	VYFLQSINF
CASSFGQGGDEQFF	VYFLQSINF
CASSLGEREETQYF	VYFLQSINF
CASRMGYNEQFF	VYFLQSINF
CSARGVVSGGTGELFF	VYFLQSINF
CASSAAGTLYEQYF	VYFLQSINF
CASSQMAGAGETQYF	VYFLQSINF
CATSDLQGPGELFF	VYFLQSINF
CASSQANYEQYF	VYFLQSINF
CASSLDRETQYF	VYFLQSINF
CASSVSGSPVWASGDRNSNQPQHF	VYFLQSINF
CASSSPETSGRWDTQYF	VYFLQSINF
CASSIAAGQLNTEAFF	VYFLQSINF
CASSLARDSYEQYF	VYFLQSINF
CASSVPTQDSSYNSPLHF	VYFLQSINF
CASIAGTGKYF	VYFLQSINF
CASSQDPGPAEEQYF	VYFLQSINF
CASSIRDGVDEQYF	VYFLQSINF
CASSSTGTGYYEQYF	VYFLQSINF
CASSLPTGGADTEAFF	VYFLQSINF
CATGTGELFF	VYFLQSINF
CSARDQGRATF	VYFLQSINF
CASSPRGDEQFF	VYFLQSINF
CSSISNNEQFF	VYFLQSINF
CASAMAGALNTEAFF	VYFLQSINF
CASSLALTGGGGKLFF	VYFLQSINF
CASSEKSARYDRYEQYF	VYFLQSINF
CSASQVTGGLAFF	VYFLQSINF
CASSYLAGGTDTQYF	VYFLQSINF
CSVLENTEAFF	VYFLQSINF
CSVEGGGYTF	VYFLQSINF
CSARDDMYYEQYF	VYFLQSINF
CASRILAGGTDTQYF	VYFLQSINF
CASSQVSAYGYTF	VYFLQSINF
CASSQHRDSGNTIYF	VYFLQSINF
CAREAGTKNIQYF	VYFLQSINF
CASRGWGAPDTEAFF	VYFLQSINF
CASSLEDYNEQFF	VYFLQSINF
CASSPEGNTGELFF	VYFLQSINF
CASSFTGQGTYEQYF	VYFLQSINF
CASSEELFVGTSYGYTF	VYFLQSINF
CASSQHIIGGDLNNEQFF	VYFLQSINF
CATEWSGGSTGELFF	VYFLQSINF
CASRSIGQGANYGYTF	VYFLQSINF
CASSSWTGGSNSNQPQHF	VYFLQSINF
CASSPYPGGNNEQYF	VYFLQSINF
CASSEEVGLRPISSTDTQYF	VYFLQSINF
CASSLGLNNQPQHF	VYFLQSINF
CSAIGPRGGRRGNEQFF	VYFLQSINF
CAIKSDSSYEQYF	VYFLQSINF
CASGGQGTHWADEQYF	VYFLQSINF
CNTDTQYF	VYFLQSINF
CASSQDDRGTYEQYF	VYFLQSINF
CASSYTLPQGSEAFF	VYFLQSINF
CASSSTSGSGDTQYF	VYFLQSINF
CASSGAPSTEAFF	VYFLQSINF
CASSSYTGGDQPQHF	VYFLQSINF
CASSLSGTPGGQPQHF	VYFLQSINF
CASSISMNTEAFF	VYFLQSINF
CASSQPDSNNEQFF	VYFLQSINF
CASSDGQGIQPQHF	VYFLQSINF
CASTGTGGTGELFF	VYFLQSINF
CASSPSAYEQYF	VYFLQSINF
CSATLRGPQGEQYF	VYFLQSINF
CASSVPSPGPGFYEQYF	VYFLQSINF
CASSERQGVQTQYF	VYFLQSINF
CASSYQGPTGELFF	VYFLQSINF
CASATGYNEQFF	VYFLQSINF
CASSIGVVRQLQETQYF	VYFLQSINF
CASSDPGTYEQYF	VYFLQSINF
CASSPQIGTGGREKLFF	VYFLQSINF
CASSDSGSSDTQYF	VYFLQSINF
CASTTDGQGPFQETQYF	VYFLQSINF
CASSYWEGRVGTEAFF	VYFLQSINF
CASSLSSDGNEQFF	VYFLQSINF
CAISEGARTDTQYF	VYFLQSINF
CASSLAGFKETQYF	VYFLQSINF
CATKLTPREVNTEAFF	VYFLQSINF
CSVDTGELFF	VYFLQSINF
CATGSGANVLTF	VYFLQSINF
CSVGSYPEFF	VYFLQSINF
CASSSAISGTGETQYF	VYFLQSINF
CASSQAGALGGELFF	VYFLQSINF
CASSFTGELFF	VYFLQSINF
CASSRQGDYYGYTF	VYFLQSINF
CASSLRPQVRGYEAPPQETQYF	VYFLQSINF
CASSFNQGAPLGTGELFF	VYFLQSINF
CASSLQQSYNEQFF	VYFLQSINF
CASSLLVDSYEQYF	VYFLQSINF
CASSVENEQFF	VYFLQSINF
CASSLGAGSGVFF	VYFLQSINF
CASRDTGYEQYF	VYFLQSINF
CASSQGLAGVETYEQYF	VYFLQSINF
CASSQETSGIVTQYF	VYFLQSINF
CASSPGQTNSPLHF	VYFLQSINF
CASSGRQGPSRDEQYF	VYFLQSINF
CASSYSDSGANVLTF	VYFLQSINF
CSARVPAGRIYEQYF	VYFLQSINF
CASRLAGEFMNTEAFF	VYFLQSINF
CASSQEGALGTEAFF	VYFLQSINF
CASRSQGNEQYF	VYFLQSINF
CASSLAGTDGNTIYF	VYFLQSINF
CASSYTSTDTQYF	VYFLQSINF
CASQTNEPGDTQYF	VYFLQSINF
CASSIVQGEYNEQFF	VYFLQSINF
CASSLGQGEYEQYF	VYFLQSINF
CASSQANYEQYF	VYFLQSINF
CASRTGTAFSPRGEETQYF	VYFLQSINF
CASSEGPAGGSSYEQYF	VYFLQSINF
CASSPMGALNTEAFF	VYFLQSINF
CASNGDWRADTQYF	VYFLQSINF
CASTGVRGGGDQETQYF	VYFLQSINF
CSAREEGDTQYF	VYFLQSINF
CASSLSSGLRVYEQYF	VYFLQSINF
CASSLSGSHLTF	VYFLQSINF
CASSIPGTGMGNTEAFF	VYFLQSINF
CASSPGEGPYEQYF	VYFLQSINF
CASTMGQTYGYTF	VYFLQSINF
CATYENNEQFF	VYFLQSINF
CASSFTSPPYEQYF	VYFLQSINF
CAILDRVVNTEAFF	VYFLQSINF
CATPTEGSYEQYF	VYFLQSINF
CSAAAGGSYNEQFF	VYFLQSINF
CASSPANYEQYF	VYFLQSINF
CASSLGSGRNTGELFF	VYFLQSINF
CASSADYRELFF	VYFLQSINF
CASSLSFRDTQYF	VYFLQSINF
CASSTGLAGLYEQYF	VYFLQSINF
CASSFEVAYEQYF	VYFLQSINF
CSVWVTGPTEAFF	VYFLQSINF
CASSLEGGGTEAFF	VYFLQSINF
CSASPTGGPNSYTQYF	VYFLQSINF
CASSLPMNTEAFF	VYFLQSINF
CASNPGGLAGGPDYRETQYF	VYFLQSINF
CATSRVLGTDTQYF	VYFLQSINF
CASSLPSGYEQYF	VYFLQSINF
CASSQDLVSGNTIYF	VYFLQSINF
CASSVPSGSPTYNEQFF	VYFLQSINF
CASGETSYEQYF	VYFLQSINF
CASSKVPVVLAGDTDTQYF	VYFLQSINF
CAGLGAWETQYF	VYFLQSINF
CATSDCKRPYNSPLHF	VYFLQSINF
CATSDLPNTGELFF	VYFLQSINF
CASSLLGATYGYTF	VYFLQSINF
CASSPPRAGPHEQYF	VYFLQSINF
CASSQSPPGVYGYNEQFF	VYFLQSINF
CASSLGDRPTQAQYF	VYFLQSINF
CASSSQTSGGAYEQFF	VYFLQSINF
CATSREQGDLEDPYF	VYFLQSINF
CASSQGRQVLSTGELFF	VYFLQSINF
CASSLSGQELNQPQHF	VYFLQSINF
CASSLVQGANQPQHF	VYFLQSINF
CSAPVGGSTYEQYF	VYFLQSINF
CASSFLDPEQFF	VYFLQSINF
CASSQVWEGYNEQFF	VYFLQSINF
CATSDFVANTQYF	VYFLQSINF
CASSTGQGTDTQYF	VYFLQSINF
CASSQEGALSTEAFF	VYFLQSINF
CASSQDLALPNEKLFF	VYFLQSINF
CASTNSNQPQHF	VYFLQSINF
CASSFTSAFSYNEQFF	VYFLQSINF
CASSQDGDTEAFF	VYFLQSINF
CSADPLGWGLDGYTF	VYFLQSINF
CASSYSTSGDNEQFF	VYFLQSINF
CASSPTANTEAFF	VYFLQSINF
CSTDPQGAGTEAFF	VYFLQSINF
CAWWVGPYEQYF	VYFLQSINF
CASSLGLAGISYEQYF	VYFLQSINF
CASSHRGLAGGPYNEQFF	VYFLQSINF
CASTTFGGTREVGSGNTIYF	VYFLQSINF
CASSPGTLEAFF	VYFLQSINF
CASGQGASYNEQFF	VYFLQSINF
CASNAAVGANVLTF	VYFLQSINF
CASSETIRAGGWEPQHF	VYFLQSINF
CASRKSGELFF	VYFLQSINF
CASSLQPTANYGYTF	VYFLQSINF
CASSLGISTEAFF	VYFLQSINF
CASSSGIIHTEAFF	VYFLQSINF
CSAPKGGATSYEQYF	VYFLQSINF
CASSVAASETNTGELFF	VYFLQSINF
CASSPGLNYEQYF	VYFLQSINF
CATLYSNQPQHF	VYFLQSINF
CASSGEWDNEQFF	VYFLQSINF
CASSKGQYTGELFF	VYFLQSINF
CASSLSSYNEQFF	VYFLQSINF
CASGASGIGFGTDTQYF	VYFLQSINF
CSAVGQDKAYEQYF	VYFLQSINF
CASSRGGALNTEAFF	VYFLQSINF
CASSTPREGMNTEAFF	VYFLQSINF
CASSLSGTTEAFF	VYFLQSINF
CASSYSGGANYGYTF	VYFLQSINF
CASSEEWMGGANVLTF	VYFLQSINF
CASSQPSSGNEQFF	VYFLQSINF
CATSRDRREWETQYF	VYFLQSINF
CASSGLQETQYF	VYFLQSINF
CASDPGVGNQPQHF	VYFLQSINF
CSVEIENTGELFF	VYFLQSINF
CASSHGQQPGSQYF	VYFLQSINF
CSVAGQGHYEQYF	VYFLQSINF
CASSLDGTTGNEQFF	VYFLQSINF
CASSVPTGGGKPAGDTDTQYF	VYFLQSINF
CASSPGLVGYEQFF	VYFLQSINF
CASSEAEDKTTNEKLFF	VYFLQSINF
CASSTPTGVALGEQFF	VYFLQSINF
CASSIGTNTEAFF	VYFLQSINF
CARAGKGPGTEAFF	VYFLQSINF
CASSYSLFGQGNPYEQYF	VYFLQSINF
CASFGSSYEQYF	VYFLQSINF
CAWWLPLAGVGDEQFF	VYFLQSINF
CASSEPRTEMNTEAFF	VYFLQSINF
CASSRQWGHWDEQYF	VYFLQSINF
CSARTPGTRIYEQYF	VYFLQSINF
CASGPGLAGYTDTQYF	VYFLQSINF
CASSPDGRNQPQHF	VYFLQSINF
CASSYGDSYEQFF	VYFLQSINF
CASSPPGLSLTYEQYF	VYFLQSINF
CASSWGGGSGETQYF	VYFLQSINF
CASSPNSGNTIYF	VYFLQSINF
CASRQVSSYEQYF	VYFLQSINF
CASSQQGALGTEAFF	VYFLQSINF
CASSEDGSSGNTIYF	VYFLQSINF
CASSRLDSDNEQFF	VYFLQSINF
CASSPTGTGELFF	VYFLQSINF
CASSYPSSYEQYF	VYFLQSINF
CASSLVTPEDTQYF	VYFLQSINF
CASKGTSGINEQFF	VYFLQSINF
CASSYGGYNEQFF	VYFLQSINF
CASSQDWLATNEKLFF	VYFLQSINF
TVQETQYF	VYFLQSINF
CSVEGGGYTF	VYFLQSINF
CASSIVPGQGFSGANVLTF	VYFLQSINF
CASSYSGTTPSNTGELFF	VYFLQSINF
CATGQESNTGELFF	VYFLQSINF
CASSLSGGGTGELFF	VYFLQSINF
CSVVGTSGSNEQFF	VYFLQSINF
CASSIDTGVAEQYF	VYFLQSINF
CATSDFQGAGELFF	VYFLQSINF
CASSPGGFGDTQYF	VYFLQSINF
CASSDGEGRGGTEAFF	VYFLQSINF
CSVVTRSYNEQFF	VYFLQSINF
CASSLDISGGSYEQYF	VYFLQSINF
CASSNGPGQGPNEQFF	VYFLQSINF
CSVDPGNYGYTF	VYFLQSINF
CASSQVSALTGELFF	VYFLQSINF
CASSSGIAGYTF	VYFLQSINF
CATSRDRRELETQYF	VYFLQSINF
CASSGGQGNQPQHF	VYFLQSINF
CASSPFRGDTQYF	VYFLQSINF
CASSLLTGPSYEQYF	VYFLQSINF
CSVKGLEQYF	VYFLQSINF
CASSISTASYEQYF	VYFLQSINF
CASSWQISYEQYF	VYFLQSINF
CASSTTETGNYGYTF	VYFLQSINF
CASSLAGGWVGYTF	VYFLQSINF
CATGETSYEQYF	VYFLQSINF
CASSLGDEQYF	VYFLQSINF
CASSGTGREQYF	VYFLQSINF
CASSPKWGETLNEQFF	VYFLQSINF
CASSYSTMNTEAFF	VYFLQSINF
CATATGGGEKLFF	VYFLQSINF
CASSLVKGQGATLAKNIQYF	VYFLQSINF
CASSQAWMNTGELFF	VYFLQSINF
CASSLAGPSTEAFF	VYFLQSINF
CASSQDLGITLEEAFF	VYFLQSINF
CSPLEGTSNEQFF	VYFLQSINF
CASSGGLTPENIQYF	VYFLQSINF
CASSLDGQPYTF	VYFLQSINF
CATQGEANTEAFF	VYFLQSINF
CSVVRGPEQFF	VYFLQSINF
CSAPGPSGEQYF	VYFLQSINF
CASSWGASNEQFF	VYFLQSINF
CASSEGVPGLEYF	VYFLQSINF
CASSLGGSYNSPLHF	VYFLQSINF
CSVPEGGTSGEQYF	VYFLQSINF
CASGTYEQYF	VYFLQSINF
CASSLTQTESSYNSPLHF	VYFLQSINF
CSAEGGYEQYF	VYFLQSINF
CASSRGSPYNEQFF	VYFLQSINF
CASSLTGWMNTEAFF	VYFLQSINF
CASSLGTSGGYEQYF	VYFLQSINF
CASSPPGLAYNEQFF	VYFLQSINF
CASSYALGGTEAFF	VYFLQSINF
CASSFNDRLDEQFF	VYFLQSINF
CASSPPSGNGWELFF	VYFLQSINF
CASSLLGGLGTDTQYF	VYFLQSINF
CSVCLQGATYEQYF	VYFLQSINF
CASSSTQIAGTDNEQFF	VYFLQSINF
CASILGDRAYEQYF	VYFLQSINF
CASSLSGRGEQYF	VYFLQSINF
CASSYSSIGNTGELFF	VYFLQSINF
CASSPDLQGNEQFF	VYFLQSINF
CASSYIYEQYF	VYFLQSINF
CASSQGGALGTEAFF	VYFLQSINF
CASSLGQGRNEQFF	VYFLQSINF
CASSYLGGMEVAEAFF	VYFLQSINF
CASSYSRTSGANVLTF	VYFLQSINF
CSVLRTHYNEQFF	VYFLQSINF
CASSLELGSYNEQFF	VYFLQSINF
CASSQDLSGVNEQFF	VYFLQSINF
CASSLNLMGPHSRPYTYSYNSPLHF	VYFLQSINF
CASTLGGYSNQPQHF	VYFLQSINF
CASSQEADSGGSGELFF	VYFLQSINF
CATETGQTYEQYF	VYFLQSINF
CASSQEVGHGYAGGYTF	VYFLQSINF
CASSLRLNTGELFF	VYFLQSINF
CASSYSTRTNEQFF	VYFLQSINF
CAISERHMSDTEAFF	VYFLQSINF
CASRSIQSGNEQFF	VYFLQSINF
CASSFLGGVSHEQYF	VYFLQSINF
CASSHERGSLGQETQYF	VYFLQSINF
CSVIDLSEAFF	VYFLQSINF
CASSPMDSDNEQFF	VYFLQSINF
CASSRTPGRPFDQPQHF	VYFLQSINF
CSATIGGPADTQYF	VYFLQSINF
CASSEALLTSGDTGELFF	VYFLQSINF
CASSQGPGGRDKYQETQYF	VYFLQSINF
CASSYLDTGELFF	VYFLQSINF
CASSLGLAGGYEQFF	VYFLQSINF
CASSLAQGATEAFF	VYFLQSINF
CASSRQGSTGELFF	VYFLQSINF
CASSYDRTEAFF	VYFLQSINF
CASSISQITEAFF	VYFLQSINF
CASSYSTGMQPQHF	VYFLQSINF
CASSQIGALPLYGYTF	VYFLQSINF
CSAPVGGAFTDTQYF	VYFLQSINF
CASSSGTGSTDTQYF	VYFLQSINF
CASGPGDNQPQHF	VYFLQSINF
CATDVIGATNYGYTF	VYFLQSINF
CASFRGEQYF	VYFLQSINF
CASSLLDTTYEQYF	VYFLQSINF
CASSFGGLNTEAFF	VYFLQSINF
CASSQGTSGVVLTDTQYF	VYFLQSINF
CASSSTSYNEQFF	VYFLQSINF
CASSSGITGYTF	VYFLQSINF
CATSRDRREREKLFF	VYFLQSINF
CASSLFGALNTEAFF	VYFLQSINF
CASSLVGGGSEAFF	VYFLQSINF
CASSSTVQLPNTEAFF	VYFLQSINF
CASSLQGLGSPLHF	VYFLQSINF
CASSYGGTPGTEAFF	VYFLQSINF
CASSPQYPVSGEQYF	VYFLQSINF
CASSSSRGYGYTF	VYFLQSINF
CSGRDTEAFF	VYFLQSINF
CASRAVGEDGYTF	VYFLQSINF
CASSSALASETQYF	VYFLQSINF
CASTPLRGGAFEQFF	VYFLQSINF
CASSSPGQGDYEQYF	VYFLQSINF
CASSLEGNTEAFF	VYFLQSINF
CASRRTPGPMNSPLHF	VYFLQSINF
CATSDYREAFF	VYFLQSINF
CSVEGLAGVGADTQYF	VYFLQSINF
CASSQGTSGASSTDTQYF	VYFLQSINF
CASSSGTSGYNEQFF	VYFLQSINF
CASSATPNTGELFF	VYFLQSINF
CSVEDGGGLVEAFF	VYFLQSINF
CASSFLTGGGTDTQYF	VYFLQSINF
CASSLPSGTSEQETQYF	VYFLQSINF
CASSPGQGATEAFF	VYFLQSINF
CASGSGTQYF	VYFLQSINF
CASSQWGQGYSGRAGFNEQFF	VYFLQSINF
CATRAYSGEKLFF	VYFLQSINF
CASSLTGTVNTEAFF	VYFLQSINF
CASVAGDEQYF	VYFLQSINF
CSALPDLSTYEQYF	VYFLQSINF
CASSDGAGVEQYF	VYFLQSINF
CASSLTGALYEQYF	VYFLQSINF
CASSSHRGVVVDTQYF	VYFLQSINF
CATLWWGAGANVLTF	VYFLQSINF
CASSLEPSYEQYF	VYFLQSINF
CASSEILVGTNEKLFF	VYFLQSINF
CASSNGTWQETQYF	VYFLQSINF
CASSSPLTSRQETQYF	VYFLQSINF
CASSSSVDGYMNEQFF	VYFLQSINF
CASWRSYEQYF	VYFLQSINF
CASSFGGQADEQFF	VYFLQSINF
CATSDLREGRDTQYF	VYFLQSINF
CASSMAVNTEAFF	VYFLQSINF
CASSDPFSGFYEQYF	VYFLQSINF
CASSLTSVGGPSETQYF	VYFLQSINF
CASSEEDFRGYYEQYF	VYFLQSINF
CASSLLGGETQYF	VYFLQSINF
CASSQGHRDFNGYTF	VYFLQSINF
CASSRGLNTEAFF	VYFLQSINF
CASFSASYEQYF	VYFLQSINF
CASSGGQGFDTQYF	VYFLQSINF
CASSWYRGETDTQYF	VYFLQSINF
CASSQGAGGYTF	VYFLQSINF
CASSLSLPNSNQPQHF	VYFLQSINF
CASSLSTEGNTEAFF	VYFLQSINF
CASSLQSPSSAGNEQFF	VYFLQSINF
CSVEVGAEAFF	VYFLQSINF
CASSPTGTANYGYTF	VYFLQSINF
CASSQEGRGPEQYF	VYFLQSINF
CASTPGVGTEAFF	VYFLQSINF
CSASGLAGYPMDTDTQYF	VYFLQSINF
CASSAPREQQWRTDTQYF	VYFLQSINF
CASGNTEAFF	VYFLQSINF
CASSLNYEQYF	VYFLQSINF
CASSFRTYYGYTF	VYFLQSINF
CASSFGQGTDTQYF	VYFLQSINF
CASSQDRAAGVGNEQFF	VYFLQSINF
CASSLGGYNEQFF	VYFLQSINF
CSVEGRRNTGELFF	VYFLQSINF
CVGGLTPISNTGELFF	VYFLQSINF
CATSDLDSYEQYF	VYFLQSINF
CASSSKHPGLQAGLVFPDTQYF	VYFLQSINF
CASSPQGGGHLNTEAFF	VYFLQSINF
CAWSTGAAKNIQYF	VYFLQSINF
CSAATLATGWETQYF	VYFLQSINF
CASSLGAGTAFF	VYFLQSINF
CASSPGQGTDTQYF	VYFLQSINF
CASSVGDSYNSPLHF	VYFLQSINF
CASSPTSGSGYEQYF	VYFLQSINF
CSVPPQGSGTEAFF	VYFLQSINF
CASSGGQSNEKLFF	VYFLQSINF
CSARDDTSRDIDTQYF	VYFLQSINF
CATQAGSLWETQYF	VYFLQSINF
CASSHGDSRIYTEAFF	VYFLQSINF
CASSPQILWGPRGPLVSSSYNEQFF	VYFLQSINF
CSAPGQDWGGSGNTIYF	VYFLQSINF
CASSIGGHTEAFF	VYFLQSINF
CASSRAGALGGELFF	VYFLQSINF
CATSDLGGGPGNEQFF	VYFLQSINF
CASSQEGQGHGYTF	VYFLQSINF
CASSGAPGVGEKLFF	VYFLQSINF
CASSLREGDNDSSYNSPLHF	VYFLQSINF
CATSGTAHNEQFF	VYFLQSINF
CASRPLEGIGELFF	VYFLQSINF
CAMEEASPYGYTF	VYFLQSINF
CASSLAVGQSTYEQYF	VYFLQSINF
CASSPQGSTDPNYGYTF	VYFLQSINF
CSVDGGGYTF	VYFLQSINF
CASSRTFSYEQYF	VYFLQSINF
CASSLAGTANEQFF	VYFLQSINF
CASSQPDSNQPQHF	VYFLQSINF
CASRTGGEKLFF	VYFLQSINF
CASSQAGRKDYEQYF	VYFLQSINF
CASSSAGWETQYF	VYFLQSINF
CASSRDVSSYEQYF	VYFLQSINF
CASSEEGGINQPQHF	VYFLQSINF
CASTNPPAESSYNSPLHF	VYFLQSINF
CASSSGPGGTLDYGYTF	VYFLQSINF
CASSLDSGTGGSGANVLTF	VYFLQSINF
CSAPPQALNTEAFF	VYFLQSINF
CASRRTTAGDTEAFF	VYFLQSINF
CASSQVERYNEQFF	VYFLQSINF
CSARGRDSAYEQYF	VYFLQSINF
CASSHGGGGYEQYF	VYFLQSINF
CASSVLAGGHNEQFF	VYFLQSINF
CASSLSIGTANYGYTF	VYFLQSINF
CASSLTGGGDTQYF	VYFLQSINF
CASSQDYDRTYEQYF	VYFLQSINF
CASSPADSQETQYF	VYFLQSINF
CASSQDGADGETQYF	VYFLQSINF
CATSDLPTGQVETQYF	VYFLQSINF
CASSYNQQTSSYEQYF	VYFLQSINF
CASSPQPGTGGFYEQYF	VYFLQSINF
CATSDLQGAQETQYF	VYFLQSINF
CASSRVDSYEQYF	VYFLQSINF
CASSPGTGTYEQYF	VYFLQSINF
CASSYGTSGRGTQYF	VYFLQSINF
CASNFREAGELFF	VYFLQSINF
CASTGRVGNTEAFF	VYFLQSINF
CASSVVTSDTQYF	VYFLQSINF
CASVAAGELFF	VYFLQSINF
CASSEGEGRGGTEAFF	VYFLQSINF
CATSPLAGSHYNEQFF	VYFLQSINF
CASSQVAAYGYTF	VYFLQSINF
CASSANTEAFF	VYFLQSINF
CAISGGTYNEQFF	VYFLQSINF
CASSLPDSTEAFF	VYFLQSINF
CASRTQGGWDTQYF	VYFLQSINF
CASSQGGALGTEAFF	VYFLQSINF
CASSIVGSYNEQFF	VYFLQSINF
CASSYGQLHLNEQFF	VYFLQSINF
CSALAGGWYEQYF	VYFLQSINF
CASSLTLDSYEQYF	VYFLQSINF
CSAPGQDYGYTF	VYFLQSINF
CSAPVGGATGELFF	VYFLQSINF
CASSVGATPYGYTF	VYFLQSINF
CSALGQLSSYEQYF	VYFLQSINF
CASSLDHRTGPYGYTF	VYFLQSINF
CASSQAGALTGELFF	VYFLQSINF
CASRPGIHTIYF	VYFLQSINF
CASSQERQSNYGYTF	VYFLQSINF
CASSLWRGGPNTEAFF	VYFLQSINF
CASSSLRLAGSSYQETQYF	VYFLQSINF
CASSGQGALNTEAFF	VYFLQSINF
CASSIALGSSYNEQFF	VYFLQSINF
CASSSGTSGYEQYF	VYFLQSINF
CASSLGPPGVELFF	VYFLQSINF
CASSRGQTNEKLFF	VYFLQSINF
CASTTGMNTEAFF	VYFLQSINF
CSVLLGLAGGTFDEQYF	VYFLQSINF
CASSAVGQETQYF	VYFLQSINF
CASSIDQRGNYGYTF	VYFLQSINF
CASSIEEGGRNEQFF	VYFLQSINF
CASSLGTGEDQPQHF	VYFLQSINF
CASSGGEGEQFF	VYFLQSINF
CASSAGTGYGYTF	VYFLQSINF
CASSLTLPVSRPNYGYTF	VYFLQSINF
CASSPGSLGLAGYNEQFF	VYFLQSINF
CASSLAEGVETQYF	VYFLQSINF
CASSSPKTGGGGWETQYF	VYFLQSINF
CASSGITDTQYF	VYFLQSINF
CASSYSGGNTEAFF	VYFLQSINF
CASSFSENTGELFF	VYFLQSINF
CASSLGDSGNTIYF	VYFLQSINF
CASSHDPTSGPSYNEQFF	VYFLQSINF
CASSVTSGGSYEQYF	VYFLQSINF
CASSEWVGNTIYF	VYFLQSINF
CASTRLAGPNEQFF	VYFLQSINF
CATSDLTESSGNTIYF	VYFLQSINF
CASSLSGGAPGTDTQYF	VYFLQSINF
CASGVGLAGGGLSNEQFF	VYFLQSINF
CASSRQGGDPTDTQYF	VYFLQSINF
CASSDWTSGRSDEQYF	VYFLQSINF
CASSSPLSDRSSYNEQFF	VYFLQSINF
CASRTGASYEQYF	VYFLQSINF
CSVGGDFNYGYTF	VYFLQSINF
CASSLRQGKGEQYF	VYFLQSINF
CSARDVLGEDEQFF	VYFLQSINF
CASSPQRGAPSYEQYF	VYFLQSINF
CASSIDWNSNQPQHF	VYFLQSINF
CSAGTENTGELFF	VYFLQSINF
CASSQSWGLGTEAFF	VYFLQSINF
CASGLNEQFF	VYFLQSINF
CSASERARNTEAFF	VYFLQSINF
CASSEGTAYNEQFF	VYFLQSINF
CASRGLAGVGEQFF	VYFLQSINF
CSAQRGGEQFF	VYFLQSINF
CASSLLVNTEAFF	VYFLQSINF
CASSYSKLNPYEQYF	VYFLQSINF
CASYVSSYEQYF	VYFLQSINF
CSALVITEAFF	VYFLQSINF
CASFSASYEQYF	VYFLQSINF
CASSFDGLGAFF	VYFLQSINF
CATSSGPGEGNTEAFF	VYFLQSINF
CASSYLDSLYEQYV	VYFLQSINF
CASSSPPGNLYEQYF	VYFLQSINF
CATSDFQGAGELFF	VYFLQSINF
CASIRNDYNEQFF	VYFLQSINF
CASSSATGNEQYF	VYFLQSINF
CSVDFRGSGTEAFF	VYFLQSINF
CASSLGDISSEGNTGELFF	VYFLQSINF
CASSRQPPMNYEQYF	VYFLQSINF
CASSSSWRDGYTF	VYFLQSINF
CASSYSGGANQPQHF	VYFLQSINF
CASSFASPPYEQYF	VYFLQSINF
CASSPTSGYDEQYF	VYFLQSINF
CASSLDSTYEQYF	VYFLQSINF
CASSIEGLAGVYEQFF	VYFLQSINF
CSAKRRDNQPQHF	VYFLQSINF
CASSKGWGTRGHNEQFF	VYFLQSINF
CSVGGTYEQYF	VYFLQSINF
CASSLLGGAGNEQFF	VYFLQSINF
CASSSPKRPTGLYEQYF	VYFLQSINF
CSVDLGGGPDTQYF	VYFLQSINF
CSAPRTAMNTEAFF	VYFLQSINF
CASSQDLLADYEQYF	VYFLQSINF
CASSSIQGPNQPQHF	VYFLQSINF
CASSSLAGGSLDEQFF	VYFLQSINF
CAISEGTTGNEQFF	VYFLQSINF
CASSLPSGYEQYF	VYFLQSINF
CASSILGAPYEQYF	VYFLQSINF
CSVVEGGNEQFF	VYFLQSINF
CASSYYGGSSYNEQFF	VYFLQSINF
CASSPGQGITSYNEQFF	VYFLQSINF
CASRPGTSWGSNQPQHF	VYFLQSINF
CASRDGLNTEAFF	VYFLQSINF
CASSTGAGLNTEAFF	VYFLQSINF
CASSTLAGGTDTQYF	VYFLQSINF
CASKGGAGGLNEQFF	VYFLQSINF
CASGPGQKYEQYF	VYFLQSINF
CASSFLDRAPTDTQYF	VYFLQSINF
CSAVDGSGTDTQYF	VYFLQSINF
CASALGAGQPQHF	VYFLQSINF
CASSPHHEQFF	VYFLQSINF
CASSSIYGAESSYEQYF	VYFLQSINF
CASSSPAGAVSGANVLTF	VYFLQSINF
CASSGLTSANGDEQFF	VYFLQSINF
CASSFYGAGYNEQFF	VYFLQSINF
CASSLDKPANFYGYTF	VYFLQSINF
CASSLSYPIHPGQGDQEQFF	VYFLQSINF
CASAGGFTYEQYF	VYFLQSINF
CASSQDMGAPDTQYF	VYFLQSINF
CASSKVGSYNEQFF	VYFLQSINF
CASSLMGGETQYF	VYFLQSINF
CASSIRGWNEQFF	VYFLQSINF
CASSIDYSSNQPQHF	VYFLQSINF
CARAGGLMNTEAFF	VYFLQSINF
CASSLLWSQPQHF	VYFLQSINF
CASSPLTRYGSPQPQHF	VYFLQSINF
CATSRDRGLTEAFF	VYFLQSINF
CASSPPDSNQPQHF	VYFLQSINF
CASTTDWNSGNTIYF	VYFLQSINF
CASTPGLASEQFF	VYFLQSINF
CASSLNQAGNQPQHF	VYFLQSINF
CASNRGLYNEQFF	VYFLQSINF
CASSFGSSPLNEQFF	VYFLQSINF
CSVEEGGGQAERGPYEQYF	VYFLQSINF
CASSLLPRGWNEQYF	VYFLQSINF
CASSQESSGYEQYF	VYFLQSINF
CASTGQNTEAFF	VYFLQSINF
CASSTGDNTGELFF	VYFLQSINF
CASNGGRVNQYTQYF	VYFLQSINF
CASSFNNEQFF	VYFLQSINF
CASSQDSAVSYNEQFF	VYFLQSINF
CASRDGVNTEAFF	VYFLQSINF
CASSSTSGSSGEEQYF	VYFLQSINF
CASSIGVAESSYNEQFF	VYFLQSINF
CASSGAGGYGYTF	VYFLQSINF
CASSQGRGSGNTIYF	VYFLQSINF
CSVDGGGYTF	VYFLQSINF
CASSVGAAHNEQFF	VYFLQSINF
CSARDQGDAGEPQHF	VYFLQSINF
CASSPSLGQVYTGELFF	VYFLQSINF
CASRTGMNTEAFF	VYFLQSINF
CASSSGLAYDEQFF	VYFLQSINF
CASSQEGGGARTEAFF	VYFLQSINF
CATSSGGLNTEAFF	VYFLQSINF
CSVAGPEFASSYNEQFF	VYFLQSINF
CASSEVGETYEQYF	VYFLQSINF
CASSEGGTTAYNEQFF	VYFLQSINF
CASSLEMGGNEQFF	VYFLQSINF
CSASGLGERWLDTQYF	VYFLQSINF
CASSHEGLTEAFF	VYFLQSINF
CASSELGGGPQTQYF	VYFLQSINF
CASSQGSGRADQPQHF	VYFLQSINF
CASSLDAGSDSGSEDPYEQYF	VYFLQSINF
CSARRSVKGGPLPDEQFF	VYFLQSINF
CASSLPTSGGSQETQYF	VYFLQSINF
