CDR3	AA
CATSSQTSAHYEQYF	LLFNKVTLA
CASSYIAEYQETQYF	LLFNKVTLA
CATSRDSSGTYNEQFF	LLFNKVTLA
CASSLFGLAGVEDTQYF	LLFNKVTLA
CASSLDGVDTQYF	LLFNKVTLA
CASSPLGDPDTQYF	LLFNKVTLA
CASSQATDYPYEQYF	LLFNKVTLA
CAISEATSGVYNEQFF	LLFNKVTLA
CASSQAGTPAYEQYF	LLFNKVTLA
CASTSWGGQETQYF	LLFNKVTLA
CATSGPGDTEAFF	LLFNKVTLA
CSAREEGDRDLYQETQYF	LLFNKVTLA
CASSPDRARAFF	LLFNKVTLA
CASSLTDTASYEQYF	LLFNKVTLA
CASSLSSYEQYF	LLFNKVTLA
CATLKGGQETQYF	LLFNKVTLA
CATSREWRDEAFF	LLFNKVTLA
CASSQAWEDTQYF	LLFNKVTLA
CATSREGDGSSYNEQFF	LLFNKVTLA
CASRWDYTDTQYF	LLFNKVTLA
CASSQGTSGTYEQYF	LLFNKVTLA
