CDR3	AA
CASKGLAGPLGEQYF	SSPDDQIGYY
CASSVEWTGGLDTQYF	SSPDDQIGYY
CASSFLPGRQNSPLHF	SSPDDQIGYY
CASSLEGQGGGLETQYF	SSPDDQIGYY
CASRKLAGGANEQFF	SSPDDQIGYY
CSARSADHYNEQFF	SSPDDQIGYY
CASSLVGMGDIQYF	SSPDDQIGYY
CSADREDRGLTYEQYF	SSPDDQIGYY
CASSLAGTYGYTF	SSPDDQIGYY
CSASKGSGSQETQYF	SSPDDQIGYY
CSARRLESYNEQFF	SSPDDQIGYY
CASSQDLNSGADTQYF	SSPDDQIGYY
CASSQDLNRRSDTQYF	SSPDDQIGYY
CSATREGSYNEQFF	SSPDDQIGYY
CASSPTGNQETQYF	SSPDDQIGYY
CASSTVDRVQETQYF	SSPDDQIGYY
CASSQDLNAPREQYF	SSPDDQIGYY
CASSGRENTGELFF	SSPDDQIGYY
CASSPGRGQLFF	SSPDDQIGYY
CASSAGTSGSYEQYF	SSPDDQIGYY
CASSWGSLNEQFF	SSPDDQIGYY
CASSLSRAEQYF	SSPDDQIGYY
CASSQDLLRGARTDTQYF	SSPDDQIGYY
CASSLGRQEAFF	SSPDDQIGYY
CASSQTGQYSNQPQHF	SSPDDQIGYY
CASSRTDPYEQYF	SSPDDQIGYY
CASKSLPSYEQYF	SSPDDQIGYY
CASSQRGPADTQYF	SSPDDQIGYY
CASSSVVGAGYEQYF	SSPDDQIGYY
CAISTDRAVNEKLFF	SSPDDQIGYY
CASSQPQGIRINEQFF	SSPDDQIGYY
CSASTLGLEAFF	SSPDDQIGYY
CASSQEQSYEQYF	SSPDDQIGYY
CASSELAGGYEQYF	SSPDDQIGYY
CASSPELSSYNEQFF	SSPDDQIGYY
