CDR3	AA
CATSDWVSSGSETQYF	YEQYIKWPWY
CASSYRQMTGGDQPQHF	YEQYIKWPWY
CASSEGGRFDTQYF	YEQYIKWPWY
CASSPAVAGISYGYTF	YEQYIKWPWY
CSARPWDDYNEQFF	YEQYIKWPWY
CASSFGGGETQYF	YEQYIKWPWY
CASSLGQTYEQYF	YEQYIKWPWY
CASSNLANEQYF	YEQYIKWPWY
CSARDPGLAGIEQFF	YEQYIKWPWY
CASSYLGGSLMDDEQFF	YEQYIKWPWY
CASSYSVVEAFF	YEQYIKWPWY
CASSISLSVRNIQYF	YEQYIKWPWY
CASSYFEGNEQFF	YEQYIKWPWY
CASSHLPGWLEAGELFF	YEQYIKWPWY
CSASRASDYYNEQFF	YEQYIKWPWY
CASSLGQVATNEKLFF	YEQYIKWPWY
CASSHGSGGQETQYF	YEQYIKWPWY
CASSFPGQGTVGLPDEQFF	YEQYIKWPWY
CASSYSKHSYTPEDGYTF	YEQYIKWPWY
CSVPGGEGLYEQYF	YEQYIKWPWY
CSARDRLLAVNSYEQYF	YEQYIKWPWY
CASSPGGGSYEQYF	YEQYIKWPWY
CSARDSDKAYEQYF	YEQYIKWPWY
CASSIDTGIKPQHF	YEQYIKWPWY
CSARGLAGVYEQYF	YEQYIKWPWY
CASSPGLLSGASYEQYF	YEQYIKWPWY
CASSIDAGPIRNQPQHF	YEQYIKWPWY
CASSRAGPREQYF	YEQYIKWPWY
CASSFQGYQPQHF	YEQYIKWPWY
CASSPGGGNYGYTF	YEQYIKWPWY
CATGEGNQPQHF	YEQYIKWPWY
CSVGDIGYEQYF	YEQYIKWPWY
CASRPTGGTLAEAFF	YEQYIKWPWY
CSARDGTGFYNEQFF	YEQYIKWPWY
CASSMDTSTNEKLFF	YEQYIKWPWY
CSARDQGSPYEQYF	YEQYIKWPWY
CASSQPHTNTEAFF	YEQYIKWPWY
CATSGRLTGGRNQPQHF	YEQYIKWPWY
CASSLAGGPLYEQYF	YEQYIKWPWY
CASSYGAFSGANVLTF	YEQYIKWPWY
CASSLSDLSGRINEQFF	YEQYIKWPWY
CASSIDPASGSTDTQYF	YEQYIKWPWY
CASSHLGLAGGETQYF	YEQYIKWPWY
CASMVGDYGYTF	YEQYIKWPWY
CASTGDGQRFTDTQYF	YEQYIKWPWY
CSARDPGSAYEQYF	YEQYIKWPWY
CASSYLEDYEQYF	YEQYIKWPWY
CASYGQGLALTDTQYF	YEQYIKWPWY
CASSYYGHTEAFF	YEQYIKWPWY
CATSDLLRTEFTSRVTDTQYF	YEQYIKWPWY
CASSLTGELFF	YEQYIKWPWY
CASSFPGLADYEQFF	YEQYIKWPWY
CSARPFLREVTDTQYF	YEQYIKWPWY
CSAREWPGQSSNQPQHF	YEQYIKWPWY
CSAAGREGIYEQYF	YEQYIKWPWY
CSASIIGSGQVSNEKLFF	YEQYIKWPWY
CASSYEEFSGNTIYF	YEQYIKWPWY
CSARDQGETYEQYF	YEQYIKWPWY
CSAPGTSGIYEQFF	YEQYIKWPWY
CASSDLITNRETQYF	YEQYIKWPWY
CATSDWDNEKLFF	YEQYIKWPWY
CASSPTSGGANEQFF	YEQYIKWPWY
CASSVDSYNEQFF	YEQYIKWPWY
CSASPQSSLTNEQYF	YEQYIKWPWY
CASRLASGTPSYNEQFF	YEQYIKWPWY
CASSTPGGAGSPLHF	YEQYIKWPWY
CASSIGGLAGAKNIQYF	YEQYIKWPWY
CASSFPTSGSNEQFF	YEQYIKWPWY
CASTIGGPDQPQHF	YEQYIKWPWY
CASSMSGGSVYEQFF	YEQYIKWPWY
CATSAPGLGPGELFF	YEQYIKWPWY
CASSLTSQETQYF	YEQYIKWPWY
CASSQGRTYEQYF	YEQYIKWPWY
CASSEFGQASYEQYF	YEQYIKWPWY
CASSTDRAPGELFF	YEQYIKWPWY
CASSPGLAGLTDTQYF	YEQYIKWPWY
CASSWGQFNEQFF	YEQYIKWPWY
CATRTSGSLGEQFF	YEQYIKWPWY
CASSQEVEDTHNNEQFF	YEQYIKWPWY
CASSISAASNEKLFF	YEQYIKWPWY
CSARDSAAAYGYTF	YEQYIKWPWY
CASGWTGNVLTF	YEQYIKWPWY
CASSWGAFGGQPQHF	YEQYIKWPWY
CASSQPGGNEQFF	YEQYIKWPWY
CASRSGQGARETQYF	YEQYIKWPWY
CASSLGSGGKDTQYF	YEQYIKWPWY
CASSLVGGGSYNEQFF	YEQYIKWPWY
CASSYLSTGGGSMPTDTQYF	YEQYIKWPWY
CASSYPGGLAEAFF	YEQYIKWPWY
CASSLEWDALIHQPQHF	YEQYIKWPWY
CASSSSQVRETQYF	YEQYIKWPWY
CASSSSGLAGGFDTQYF	YEQYIKWPWY
CASSLGRSYGYTF	YEQYIKWPWY
CASSESPGVLYEQYF	YEQYIKWPWY
CASSFLWEGNGELFF	YEQYIKWPWY
CASSLGGQGEGNEQFF	YEQYIKWPWY
CASSEGQGAYEQYF	YEQYIKWPWY
CATGDSGEDNEQFF	YEQYIKWPWY
CASSLTSETTGELFF	YEQYIKWPWY
CSVPGPTGIGELFF	YEQYIKWPWY
CASRGGQGLNTGELFF	YEQYIKWPWY
CASSGSWSSGRSDGELFF	YEQYIKWPWY
CATKGLAGEANTGELFF	YEQYIKWPWY
CSASDVWGTSYEQYF	YEQYIKWPWY
CASSLVTGELFF	YEQYIKWPWY
CASSQEPWEDQETQYF	YEQYIKWPWY
CASSIDTSGYNEQFF	YEQYIKWPWY
CASSIDLGSNQPQHF	YEQYIKWPWY
CASSLAPLAGGPNEQFF	YEQYIKWPWY
CASSPGGEQYF	YEQYIKWPWY
CASSSMTVLNTEAFF	YEQYIKWPWY
CSARSGTEAYEQYF	YEQYIKWPWY
CASLELAGEQYF	YEQYIKWPWY
CSASLGPGYEQYF	YEQYIKWPWY
CASSSPRLGDTDTQYF	YEQYIKWPWY
CASSLGQGRENIQYF	YEQYIKWPWY
CASSYQGAYSPLHF	YEQYIKWPWY
CASSRSSYNEQFF	YEQYIKWPWY
PNGLAATGELFF	YEQYIKWPWY
CAISVSPHAALRWDTQYF	YEQYIKWPWY
CASSQDDLTGGPNSPLHF	YEQYIKWPWY
CASSLRDPSTDTQYF	YEQYIKWPWY
CASSLNLGPRDNEQFF	YEQYIKWPWY
CSARVAGEYSNQPQHF	YEQYIKWPWY
CSARDKWDPTYDYEQYF	YEQYIKWPWY
CSAPGGQGLYEQYF	YEQYIKWPWY
CASSHTGEQYF	YEQYIKWPWY
CASSWTPGDYGYTF	YEQYIKWPWY
CASSEDGVSGNEQFF	YEQYIKWPWY
CASSYGVGQPQHF	YEQYIKWPWY
CSARDLAGTAEHPNTQYF	YEQYIKWPWY
CSATSEFYEQYF	YEQYIKWPWY
CASSSSWEQFF	YEQYIKWPWY
CASSDRGHSYEQYF	YEQYIKWPWY
CSASRAPAEQFF	YEQYIKWPWY
CASSHGLAGVIVGETQYF	YEQYIKWPWY
CSARDLQVSYEQYF	YEQYIKWPWY
CASSYRGSNQPQHF	YEQYIKWPWY
CSASWASGNHEQYF	YEQYIKWPWY
CASSWAGMNTEAFF	YEQYIKWPWY
CASSQDEGMETQYF	YEQYIKWPWY
CASSPYGANVLTF	YEQYIKWPWY
CASGLADYEQYF	YEQYIKWPWY
CASSRGADTQYF	YEQYIKWPWY
CASSPWPTPSGANVLTF	YEQYIKWPWY
CASSYSGSYNEQFF	YEQYIKWPWY
CASSLGETYEQYF	YEQYIKWPWY
CSARELGANTEAFF	YEQYIKWPWY
CASSHTQGTTQETQYF	YEQYIKWPWY
CSARDVGRNQPQHF	YEQYIKWPWY
CASSDGMVNEQYF	YEQYIKWPWY
CSARDPRVAHGYTF	YEQYIKWPWY
CASSKGRPKGARYEQYF	YEQYIKWPWY
CANQAPTGADTQYF	YEQYIKWPWY
CASSKGGSLNTEAFF	YEQYIKWPWY
CASSRTSGANTGELFF	YEQYIKWPWY
CSARFVGQGINGYTF	YEQYIKWPWY
CASSAYRETTEAFF	YEQYIKWPWY
CASSSSQGGYGYTF	YEQYIKWPWY
CASSQAGGLEAFF	YEQYIKWPWY
CASLKATRETQYF	YEQYIKWPWY
CASSDGETQYF	YEQYIKWPWY
CASSYDPAGGSYNEQFF	YEQYIKWPWY
CSVPGGEGLYEQYF	YEQYIKWPWY
CASSQEISGTYEQYF	YEQYIKWPWY
CASSQDKSSIYEQYF	YEQYIKWPWY
CASSQEVAATDTQYF	YEQYIKWPWY
CASSPDSYNEQFF	YEQYIKWPWY
CSARDPGQAYEQYF	YEQYIKWPWY
CASSFGQDPNYGYTF	YEQYIKWPWY
CASSGRDSYEQYF	YEQYIKWPWY
CASSPPGLAGVEQYF	YEQYIKWPWY
CASSSLAGGLDRQYF	YEQYIKWPWY
CASSLGASGGGEQYF	YEQYIKWPWY
CASSLGQGNYNEQFF	YEQYIKWPWY
CASSVDWYEQFF	YEQYIKWPWY
CASSPVAGRETQYF	YEQYIKWPWY
CASSPNGRTNEKLFF	YEQYIKWPWY
CASSQVGTPSTDTQYF	YEQYIKWPWY
CSARDMLSVSSYNEQFF	YEQYIKWPWY
CSARDPTVSSYNEQFF	YEQYIKWPWY
CASSFEGLNTGELFF	YEQYIKWPWY
CASSSVAESRDIQYF	YEQYIKWPWY
CASRINQNEKLFF	YEQYIKWPWY
CASSLIRELEQFF	YEQYIKWPWY
CASSFPGETQYF	YEQYIKWPWY
CASSPVAGVSYNEQFF	YEQYIKWPWY
CASSLAGGLDEQFF	YEQYIKWPWY
CAISSAGDEQYF	YEQYIKWPWY
CASSQFSVSSYEQYF	YEQYIKWPWY
CASSLDPGLAGGPRNEQFF	YEQYIKWPWY
CSARDRELLGEQFF	YEQYIKWPWY
CASSLGRGSNQPQHF	YEQYIKWPWY
CASSDNYEQYF	YEQYIKWPWY
CSARTSQASYEQYF	YEQYIKWPWY
CASRFLRQGGDTEAFF	YEQYIKWPWY
CASSIASGPSYEQYF	YEQYIKWPWY
CASTGSSYNEQFF	YEQYIKWPWY
CASGLAGFNEQFF	YEQYIKWPWY
CASSISGGTNEQFF	YEQYIKWPWY
CASSLETRNIGGNEYF	YEQYIKWPWY
CASSIDGGPLYEQYF	YEQYIKWPWY
CASSSLTGELGPYEQYF	YEQYIKWPWY
CSARLAVDYNEQFF	YEQYIKWPWY
CASSPSRTEAFF	YEQYIKWPWY
CASSQDIGSPDTQYF	YEQYIKWPWY
CASRRVGQGALSGNQPQHF	YEQYIKWPWY
CASSLSDNSPLHF	YEQYIKWPWY
CASSQERRQGGETQYF	YEQYIKWPWY
CASSSTTDTQYF	YEQYIKWPWY
CASSLSGSPWNEQYF	YEQYIKWPWY
CASRDGQGGTYEQYF	YEQYIKWPWY
CSAMVERGLQETQYF	YEQYIKWPWY
CASSLVPSVYNEQFF	YEQYIKWPWY
CASTLMGGSTDTQYF	YEQYIKWPWY
CASSQDPQANEKLFF	YEQYIKWPWY
CSARDVWDLNTEAFF	YEQYIKWPWY
CASSITPGVTGELFF	YEQYIKWPWY
CASRDPDNSYEQYF	YEQYIKWPWY
CASSQDSSGQNIQYF	YEQYIKWPWY
CASSQPGEGNTIYF	YEQYIKWPWY
CASSLGVYAFF	YEQYIKWPWY
CASSWGGRADDEQFF	YEQYIKWPWY
CASSYQGQAVYEQYF	YEQYIKWPWY
CSARDIGGVPYGYTF	YEQYIKWPWY
CASSQDPVPNEKLFF	YEQYIKWPWY
CATETSGFGNEQFF	YEQYIKWPWY
CASSITTGIVSSYEQYF	YEQYIKWPWY
CAWSAGGTYNEQFF	YEQYIKWPWY
CASRDLRWEQYF	YEQYIKWPWY
CASSIDPGITDTQYF	YEQYIKWPWY
CASSYRAIDEQFF	YEQYIKWPWY
CASSLAIYTPYEQYF	YEQYIKWPWY
CASSTQGPSSYEQYF	YEQYIKWPWY
CASSQDRHGGYEQYF	YEQYIKWPWY
CASSLLAGGYNEQFF	YEQYIKWPWY
CATSRGDRYQETQYF	YEQYIKWPWY
CASSDVGASTDTQYF	YEQYIKWPWY
CASSFVLSGREFNYGYTF	YEQYIKWPWY
CAIGDRGPEQYF	YEQYIKWPWY
CASSLGILSYEQYF	YEQYIKWPWY
CASSYPLPPLNEQFF	YEQYIKWPWY
CSARDALVAFDSYEQYF	YEQYIKWPWY
CSVAGGDGYTF	YEQYIKWPWY
CASSYSNLGGSYYNEQFF	YEQYIKWPWY
CASSPGGWETQYF	YEQYIKWPWY
CASSYQLAGELLF	YEQYIKWPWY
CASSHLGAYEQYF	YEQYIKWPWY
CASSFPRDNHNEQFF	YEQYIKWPWY
CASSEGVGYTEAFF	YEQYIKWPWY
CASATSGRGRGDEQFF	YEQYIKWPWY
CSVEDFSGSYNEQFF	YEQYIKWPWY
CASSLGGSYNEQFF	YEQYIKWPWY
CASSLAGGTSFSYNEQFF	YEQYIKWPWY
CASRRTPNTGELFF	YEQYIKWPWY
CSARDPDRGENSPLHF	YEQYIKWPWY
CASSEGWDLQETQYF	YEQYIKWPWY
CSARDIAGATTYEQYF	YEQYIKWPWY
CASSITPGVSYEQYF	YEQYIKWPWY
CASSPLEGAYNEQFF	YEQYIKWPWY
CASSEYGATYEQYF	YEQYIKWPWY
CASSLETSGLYEQYF	YEQYIKWPWY
CSARGPAYRGPLAPSYEQYF	YEQYIKWPWY
CASSRRDRVAFF	YEQYIKWPWY
CATSSLIGAGGDEQFF	YEQYIKWPWY
CASRGDNSYEQYF	YEQYIKWPWY
CASSYSQGAGETQYF	YEQYIKWPWY
CASSITASLNTEAFF	YEQYIKWPWY
CASSPHNNEQFF	YEQYIKWPWY
CASSLRGGIGEQYF	YEQYIKWPWY
CASSLGQGPSYEQYF	YEQYIKWPWY
CATSDLQHGGYTF	YEQYIKWPWY
CASSIWTDTQYF	YEQYIKWPWY
CASQTGTDTGELFF	YEQYIKWPWY
CASSQDQSSNEKLFF	YEQYIKWPWY
CASSLVGSNEQFF	YEQYIKWPWY
CASSTLGQNQPQHF	YEQYIKWPWY
CASSLEIGDTQYF	YEQYIKWPWY
CASSQVTGGSYNSPLHF	YEQYIKWPWY
CASSQASPADTQYF	YEQYIKWPWY
CASSWGQGFTGELFF	YEQYIKWPWY
CASSSDSYNEQFF	YEQYIKWPWY
CASSSGAYNEQFF	YEQYIKWPWY
CASSQDSRGGNTGELFF	YEQYIKWPWY
CASSEGLAGELYNEQFF	YEQYIKWPWY
CASSSTGWDTEAFF	YEQYIKWPWY
CASSLYPDGYNEQFF	YEQYIKWPWY
CASHAGTANEQFF	YEQYIKWPWY
CASSGYPTALSYEQYF	YEQYIKWPWY
CSVVELTSEQYF	YEQYIKWPWY
CASSYYGDTGELFF	YEQYIKWPWY
CASSQDLLGGGYGYTF	YEQYIKWPWY
CASSGTGVLYEQYF	YEQYIKWPWY
CASSAPGVGMTDTEAFF	YEQYIKWPWY
CASSPPRDRVGYTF	YEQYIKWPWY
CATSDLLGDEQFF	YEQYIKWPWY
CASSTGQGDLYGYTF	YEQYIKWPWY
CASSYSWTWGELFF	YEQYIKWPWY
CASSQDYGPDIEQFF	YEQYIKWPWY
CASHGDGNYEQYF	YEQYIKWPWY
CASSYPGNTEAFF	YEQYIKWPWY
CSALGLAGGYEQFF	YEQYIKWPWY
CASSFDLGSGQGYEQYF	YEQYIKWPWY
CSAIALGGNTEAFF	YEQYIKWPWY
CASSGTTTVQTGELFF	YEQYIKWPWY
CASSYSETGGYEQYF	YEQYIKWPWY
CAWSGVAGFVNTGELFF	YEQYIKWPWY
CASSIDGGGANTGELFF	YEQYIKWPWY
CASSLVVTPATGELFF	YEQYIKWPWY
CASSFGRGGYEQYF	YEQYIKWPWY
CASSLGGQTGPYNEQFF	YEQYIKWPWY
CASSPFEDNSPLHF	YEQYIKWPWY
CASSLEQGGYGYTF	YEQYIKWPWY
CASSFGTHFYGYTF	YEQYIKWPWY
CSASKTGSVDYGYTF	YEQYIKWPWY
CASSYSIQVIAYEQYF	YEQYIKWPWY
CASSYSGTREQELNSPLHF	YEQYIKWPWY
CASSLDSSNTEAFF	YEQYIKWPWY
CASSYVGVLYGYTF	YEQYIKWPWY
CASSIATGTLYEQYF	YEQYIKWPWY
CASSSGTGVTEQYF	YEQYIKWPWY
CASSLLNTEAFF	YEQYIKWPWY
CASSLGATEAFF	YEQYIKWPWY
CSARDPGLAGVEQFF	YEQYIKWPWY
CASSSDYEQYF	YEQYIKWPWY
CASSRGYEQYF	YEQYIKWPWY
CASSPWDMSYEQYF	YEQYIKWPWY
CASSISSASNQPQHF	YEQYIKWPWY
CASSYGGRAGELFF	YEQYIKWPWY
CATTRDSYNEQFF	YEQYIKWPWY
CSVPGGEGLYEQYF	YEQYIKWPWY
CSARDTSGATLDTQYF	YEQYIKWPWY
CASSIETVPNQPQHF	YEQYIKWPWY
CSVEDSETYEQYF	YEQYIKWPWY
CASSTPAGGVTGELFF	YEQYIKWPWY
CASSPTFAPYNEQFF	YEQYIKWPWY
CASSLGNQPQHF	YEQYIKWPWY
CASSDTPQGDEAFF	YEQYIKWPWY
CASSQELYSENTEAFF	YEQYIKWPWY
CASSQDALGQPSYEQYF	YEQYIKWPWY
CSARDWTRSSYEQYF	YEQYIKWPWY
CASSLASANYGYTF	YEQYIKWPWY
CASSFLQGWNEAFF	YEQYIKWPWY
CASSIVRDSYNEQFF	YEQYIKWPWY
CASSLTSGGTYNEQFF	YEQYIKWPWY
CASSHWTSGTSEETQYF	YEQYIKWPWY
CATSVWDDNEQFF	YEQYIKWPWY
CASSPGGGAEAFF	YEQYIKWPWY
CASSVAGGQYNEQFF	YEQYIKWPWY
CSARATGEYEQYF	YEQYIKWPWY
CSARDRGGEAYEQYF	YEQYIKWPWY
CASSPSGTGSRTDTQYF	YEQYIKWPWY
CASSLRTDYEQYF	YEQYIKWPWY
CSAREQNTGELFF	YEQYIKWPWY
CASREEGGPWAEAFF	YEQYIKWPWY
CASSIDPGPMYNEQFF	YEQYIKWPWY
CASSLGGPGEQYF	YEQYIKWPWY
CAWAFPGLAFSYEQYF	YEQYIKWPWY
CASSIAHYGYTF	YEQYIKWPWY
CASSPYFGQGAGETQYF	YEQYIKWPWY
CASSQVGSGANVLTF	YEQYIKWPWY
CASPGGLEAFF	YEQYIKWPWY
CASRLAEQWGTGELFF	YEQYIKWPWY
CASKSGSLFTDTQYF	YEQYIKWPWY
CASSKDVHPYEQYF	YEQYIKWPWY
CASSQEIGGPYEQYF	YEQYIKWPWY
CASSVDGRANTEAFF	YEQYIKWPWY
CASSLAGGRSSYNEQFF	YEQYIKWPWY
CSARDPGLAGPYEQYF	YEQYIKWPWY
CASLGKGGRLTTPQETQYF	YEQYIKWPWY
CASSLALAVGYGYTF	YEQYIKWPWY
CASSQGLTGGTGELFF	YEQYIKWPWY
CASSSPPLEQYF	YEQYIKWPWY
CASSSGPGGSYEQYF	YEQYIKWPWY
CASSAQGHPSYNEQFF	YEQYIKWPWY
CASPDSTEAFF	YEQYIKWPWY
CASSLAGGRSSYNEQFF	YEQYIKWPWY
CASSTGGPFNEQFF	YEQYIKWPWY
CASSLFGGTGELFF	YEQYIKWPWY
CSANPLGIGVDGYTF	YEQYIKWPWY
CASSYSGTGGGNEQFF	YEQYIKWPWY
CASSEDEGLAVTSSYNEQFF	YEQYIKWPWY
CSVVFRANEQFF	YEQYIKWPWY
CASSLVGGGEQYF	YEQYIKWPWY
CASSQADRPSYEQYF	YEQYIKWPWY
CASSFGSTYEQYF	YEQYIKWPWY
CASSIAGTSNQPQHF	YEQYIKWPWY
CASSSEVVVNTEAFF	YEQYIKWPWY
CASSLPGQGPASYGYTF	YEQYIKWPWY
CASSGAGEQYF	YEQYIKWPWY
CASSVGGLAEEIYNEQFF	YEQYIKWPWY
CASSWAGGATDTQYF	YEQYIKWPWY
CATSDLFTDTQYF	YEQYIKWPWY
CASSISDYYNEQFF	YEQYIKWPWY
CASSQFPGANTEAFF	YEQYIKWPWY
CASSLNSNQPQHF	YEQYIKWPWY
CASTELGKNYEQYF	YEQYIKWPWY
CASSYRSDGGELFF	YEQYIKWPWY
CSARSAGEYEQYF	YEQYIKWPWY
CASSLVGGMTNYEQYF	YEQYIKWPWY
CASSIDLTVNQPQHF	YEQYIKWPWY
CASSDPASANNEQFF	YEQYIKWPWY
CASSGGTPLHF	YEQYIKWPWY
CASSLGAGSSYNEQFF	YEQYIKWPWY
CASSYTTSDLSHEQYF	YEQYIKWPWY
CASSQDPSGGLGAKNIQYF	YEQYIKWPWY
CASSLGGYSYNEQFF	YEQYIKWPWY
CASSPFGGSGNEQYF	YEQYIKWPWY
CSALSTGLARTDTQYF	YEQYIKWPWY
CASSQEHVGTEQYF	YEQYIKWPWY
CASSPAHLGGDNEQFF	YEQYIKWPWY
CASSLFGGAEAFF	YEQYIKWPWY
CASSHGTSGGGETQYF	YEQYIKWPWY
CASSEVGQETQYF	YEQYIKWPWY
CASSIEPTGLSTDTQYF	YEQYIKWPWY
CASSSTGFTEAFF	YEQYIKWPWY
CASSQEGVMTDTQYF	YEQYIKWPWY
CSARDLGKAYEQYF	YEQYIKWPWY
CASSQEGDYSYEQYF	YEQYIKWPWY
CASSLSGGAGYGYTF	YEQYIKWPWY
CASSLFESSYNEQFF	YEQYIKWPWY
CSVEDPGLPMGEQYF	YEQYIKWPWY
CATSDSLSGSLTDTQYF	YEQYIKWPWY
CATSDNPGQGASRPPLHF	YEQYIKWPWY
CASSLGRTPYVDRETQYF	YEQYIKWPWY
CASSDGVFYEQYF	YEQYIKWPWY
CASSPGLWGEQFF	YEQYIKWPWY
CSARDRDWGTEAFF	YEQYIKWPWY
CSALGTLEREGLSETQYF	YEQYIKWPWY
CASSLLSGSSGANVLTF	YEQYIKWPWY
CSVEDIISSETQYF	YEQYIKWPWY
CASSYAGLAGAYNEQFF	YEQYIKWPWY
CASSPQPSGANVLTF	YEQYIKWPWY
CSATGGGISSIEQFF	YEQYIKWPWY
CASSLLSNEQFF	YEQYIKWPWY
CASSYSRGREVSSGANVLTF	YEQYIKWPWY
CASSLYNEQFF	YEQYIKWPWY
CASSRNSGNTIYF	YEQYIKWPWY
CSARPREAVSSYEQYF	YEQYIKWPWY
CSARDIRGQGRIDEQYF	YEQYIKWPWY
CASSSRTDNTYEQYF	YEQYIKWPWY
CASSSFRDSDAYEQYF	YEQYIKWPWY
CSVPGEEGLYEQYF	YEQYIKWPWY
CSARDRGTYEQYF	YEQYIKWPWY
CASSMSASVYNEQFF	YEQYIKWPWY
CSVEGLSTASNTGELFF	YEQYIKWPWY
CASSIRQGLSQETQYF	YEQYIKWPWY
CASSISATANQPQHF	YEQYIKWPWY
CASSPRRGTPSSYEQYF	YEQYIKWPWY
CSASPLTAYEQYF	YEQYIKWPWY
CASSSYPGTANYGYTF	YEQYIKWPWY
CASSEAGPFTDYEQYF	YEQYIKWPWY
CASSLSGGAFPQYF	YEQYIKWPWY
CATSSTGFNYGYTF	YEQYIKWPWY
CASSTDSSPAATNEKLFF	YEQYIKWPWY
CASSLVGGDEQFF	YEQYIKWPWY
CASSELAGSYNEQFF	YEQYIKWPWY
CASSPTGANYGYTF	YEQYIKWPWY
CASSLPGLVADTQYF	YEQYIKWPWY
CASSDLLAGGDNEQFF	YEQYIKWPWY
CASSLGGAGTGELFF	YEQYIKWPWY
CASSLEGNEQYF	YEQYIKWPWY
CASSLAVSGRAGYNEQFF	YEQYIKWPWY
CASSPSGIIGGVNTEAFF	YEQYIKWPWY
CASSLYRVGYEQYF	YEQYIKWPWY
CSARDLGPLSSYNEQFF	YEQYIKWPWY
CASSIDTDSNQPQHF	YEQYIKWPWY
CSARDIEVADTYNEQFF	YEQYIKWPWY
CASSLVGGGSYNEQFF	YEQYIKWPWY
CASSRGNNEQFF	YEQYIKWPWY
CSARDFQYQETQYF	YEQYIKWPWY
CASSQGSTGELFF	YEQYIKWPWY
CSARDEASLELPHEQYF	YEQYIKWPWY
CASSIDPSVARELFF	YEQYIKWPWY
CASSIDLGVNQPQHF	YEQYIKWPWY
CASSLLAGATDTQYF	YEQYIKWPWY
CASSFPAGGGPETQYF	YEQYIKWPWY
CASSQRAGTSGGTDTQYF	YEQYIKWPWY
CATEPPGTLHTEAFF	YEQYIKWPWY
CASSSQEYQETQYF	YEQYIKWPWY
CSAPQDSHWNEQYF	YEQYIKWPWY
CASSRDTSSNQPQHF	YEQYIKWPWY
CASRDSITGTSGGPIGFF	YEQYIKWPWY
CSALGGMNGYTF	YEQYIKWPWY
CATSAPGQGDAEQYF	YEQYIKWPWY
CASSIDTSVSSEQYF	YEQYIKWPWY
CASSPQDDGSYEQYF	YEQYIKWPWY
CSARDRDSAYEQYF	YEQYIKWPWY
CASSYGSLGPAYNEQFF	YEQYIKWPWY
CASSQEGGPGRGNEQFF	YEQYIKWPWY
CASSQRTSGRAGDEQFF	YEQYIKWPWY
CASSIQGSYEQYF	YEQYIKWPWY
CASSPVGLAGGDTQYF	YEQYIKWPWY
CSVEGAYTGELFF	YEQYIKWPWY
CASSLGLAETGELFF	YEQYIKWPWY
CASSFPGTEAFF	YEQYIKWPWY
CASSSGGTGGTDTQYF	YEQYIKWPWY
CASSEAGAYEQYF	YEQYIKWPWY
CSARSAVTNTGELFF	YEQYIKWPWY
CASSLTGGAGQPQHF	YEQYIKWPWY
CASSRLGTASNSPLHF	YEQYIKWPWY
CASSRTGTSGLTDTQYF	YEQYIKWPWY
CASSIGGANTEAFF	YEQYIKWPWY
CASSVSSASNQPQHF	YEQYIKWPWY
CASNRGRENTGELFF	YEQYIKWPWY
CASSSQAGASDTQYF	YEQYIKWPWY
CASSPPSPYEQYF	YEQYIKWPWY
CASSSGTGDFTDTQYF	YEQYIKWPWY
CASSLTGGGVNEQFF	YEQYIKWPWY
CSVDGGGPLNEQFF	YEQYIKWPWY
CASSWGQGGFETQYF	YEQYIKWPWY
CATSGGIMNTEAFF	YEQYIKWPWY
CASSYAGNYGYTF	YEQYIKWPWY
CATMGQYGTEAFF	YEQYIKWPWY
CSARDGAAAYEQYF	YEQYIKWPWY
CASSQDWARPSNTGELFF	YEQYIKWPWY
CASRGQGETEAFF	YEQYIKWPWY
CASSTETGGSNQPQHF	YEQYIKWPWY
CASSQGYLGRGVYEQYF	YEQYIKWPWY
CASRSGTGAPGANVLTF	YEQYIKWPWY
CASSSGQGSYEQYF	YEQYIKWPWY
CATSDTTSGRTSEQFF	YEQYIKWPWY
CASSYSPAGRTDTQYF	YEQYIKWPWY
CSATGVDPQETQYF	YEQYIKWPWY
CASSEAEASGITYEQYF	YEQYIKWPWY
CSARDLATSYNEQFF	YEQYIKWPWY
CSLTLRVSPYEQYF	YEQYIKWPWY
CATSTGPTSTDTQYF	YEQYIKWPWY
CASSLGTTDTQYF	YEQYIKWPWY
CSARDLGEHEQYF	YEQYIKWPWY
CASSIEASGSYEQYF	YEQYIKWPWY
CASSFNSADTQYF	YEQYIKWPWY
CASSFPTGPLRYEQYF	YEQYIKWPWY
CASSLNGGLVEETQYF	YEQYIKWPWY
CASSQGGYGTEAFF	YEQYIKWPWY
CSARDPGGAYEQYF	YEQYIKWPWY
CSARDFRGSSYNEQFF	YEQYIKWPWY
CATSEGPSGSEQYF	YEQYIKWPWY
CSAPGTSGIYEQFF	YEQYIKWPWY
CASSQDREYEQYF	YEQYIKWPWY
CASSLAGGETQYF	YEQYIKWPWY
CASSPHRDYGYTF	YEQYIKWPWY
CASSFGQVGEKLFF	YEQYIKWPWY
CASSSYEQYF	YEQYIKWPWY
CASSANSGGRKYF	YEQYIKWPWY
CASSLWGPGNEQFF	YEQYIKWPWY
CASSLVGLSSYNEQFF	YEQYIKWPWY
CASSLRALAGGSYEQYF	YEQYIKWPWY
CASSAGEQGFVEQFF	YEQYIKWPWY
CSARDTRTSRTDTQYF	YEQYIKWPWY
CASSSWGTDQETQYF	YEQYIKWPWY
CSAPWTRTDTQYF	YEQYIKWPWY
CASSQAGAFEQFF	YEQYIKWPWY
CSAPGLAGLYEQYF	YEQYIKWPWY
CASRRTGGYEQYF	YEQYIKWPWY
CSALTSGRAHGELFF	YEQYIKWPWY
CSARDSGLAGPEQFF	YEQYIKWPWY
CASSPQGTAHNYGYTF	YEQYIKWPWY
CASTVPTGIEGGFQPQHF	YEQYIKWPWY
CASSWSPTRSETQYF	YEQYIKWPWY
CASSKYSGTSDEQFF	YEQYIKWPWY
CSARDRAELQETQYF	YEQYIKWPWY
CSARSSELAGVEQFF	YEQYIKWPWY
CSVVTGFEETQYF	YEQYIKWPWY
CASTPVGGPSSYNEQFF	YEQYIKWPWY
CASSQGYGTNTEAFF	YEQYIKWPWY
CASSQDATDNTEAFF	YEQYIKWPWY
CSAPGHSGPDTQYF	YEQYIKWPWY
CASRGQTISYEQYF	YEQYIKWPWY
CASYAYEQYF	YEQYIKWPWY
CASSPTSGATETQYF	YEQYIKWPWY
CASSTKADGDTQYF	YEQYIKWPWY
CATSTNPSGPYEQFF	YEQYIKWPWY
CASSLGQGGQPQHF	YEQYIKWPWY
CSVDGLVHGGETQYF	YEQYIKWPWY
CASSQRTGQGLPYEQYF	YEQYIKWPWY
CASSIGSGSTDTQYF	YEQYIKWPWY
CASTRTGDNTEAFF	YEQYIKWPWY
CASSSRLDGYTF	YEQYIKWPWY
CSARDVQGGSYEQYF	YEQYIKWPWY
CASSFWGNEQYF	YEQYIKWPWY
CASSGYPYEQYF	YEQYIKWPWY
CASSMAGELFF	YEQYIKWPWY
CASSLSPGGYEQYF	YEQYIKWPWY
CASSIDGTPNQPQHF	YEQYIKWPWY
CSVEGEGTYEQYF	YEQYIKWPWY
CASSLSTGSTDTQYF	YEQYIKWPWY
CASSLAGAGQGAYNEQFF	YEQYIKWPWY
CASSLSAGRTDTQYF	YEQYIKWPWY
CASSYSSLAGAYNEQFF	YEQYIKWPWY
CASSLFGGGSTDTQYF	YEQYIKWPWY
CASSLIGFPHEQYF	YEQYIKWPWY
CASSIAGGPGNEQFF	YEQYIKWPWY
CASSSNREPSTDTQYF	YEQYIKWPWY
CASSYSGAEAFF	YEQYIKWPWY
CASSGGTHQPQHF	YEQYIKWPWY
CASSYWQGYEQYF	YEQYIKWPWY
CASSLYLYTGELFF	YEQYIKWPWY
CASSLGGQGVTGELFF	YEQYIKWPWY
CASSESGTGGNEQFF	YEQYIKWPWY
CASSLNGDTQYF	YEQYIKWPWY
CASSLDRGFTGELFF	YEQYIKWPWY
CASSPGERGDPTGETQYF	YEQYIKWPWY
CASSQERQGVSLAEAFF	YEQYIKWPWY
CASTLQRVGTEAFF	YEQYIKWPWY
CASRTLLGAYDTQYF	YEQYIKWPWY
CASSQDPSAQFF	YEQYIKWPWY
CASRSGTGTPGANVLTF	YEQYIKWPWY
CASSGIGVTNYGYTF	YEQYIKWPWY
CSARYAGTGEQFF	YEQYIKWPWY
CASSQVLRKNIQYF	YEQYIKWPWY
CASSQDKSERELSYEQYF	YEQYIKWPWY
CASSPTVSAKNIQYF	YEQYIKWPWY
CASSSGGTTEAFF	YEQYIKWPWY
CASSQDSSAQYEQYF	YEQYIKWPWY
CSAIEPGLFNQPQHF	YEQYIKWPWY
CASAGTSRYNEQFF	YEQYIKWPWY
CASSQDPAGIREQFF	YEQYIKWPWY
CASSWQPTEGDTEAFF	YEQYIKWPWY
CASSPGLAGPFYNEQFF	YEQYIKWPWY
CAIGTSGTTPIYNEQFF	YEQYIKWPWY
CASSQDTGRPYEQYF	YEQYIKWPWY
CASSIAGASTDTQYF	YEQYIKWPWY
CAIRDPGLAGVGADEQFF	YEQYIKWPWY
CASSPRGTVPIWFF	YEQYIKWPWY
CASSPGVRGLQETQYF	YEQYIKWPWY
CSARGRMNLPIDGYTF	YEQYIKWPWY
CASSQDWAGVGTDTQYF	YEQYIKWPWY
CSAIRGADSNQPQHF	YEQYIKWPWY
CASSPHLVNTEAFF	YEQYIKWPWY
CASTTVDSDTGELFF	YEQYIKWPWY
CASSSIGTASYNEQFF	YEQYIKWPWY
CASSYSAGGNSDTQYF	YEQYIKWPWY
CASSYAPGLAYQETQYF	YEQYIKWPWY
CASSQPLAGGPDEQFF	YEQYIKWPWY
CASSLNRATEAFF	YEQYIKWPWY
CASRLVFTGTEAFF	YEQYIKWPWY
CASSSSYEQYF	YEQYIKWPWY
CSARDIGRARGAGFNEQFF	YEQYIKWPWY
CASSGGGSGNTIYF	YEQYIKWPWY
CASSQEVSSTDTQYF	YEQYIKWPWY
CASSIDAGLSQPQHF	YEQYIKWPWY
CASSFLVGLSNQPQHF	YEQYIKWPWY
CASSTGQAVETQYF	YEQYIKWPWY
CASSPYGDAGELFF	YEQYIKWPWY
CASSITLGPQETQYF	YEQYIKWPWY
CASITKGFYNEQFF	YEQYIKWPWY
CASSQEISERGYYEQYF	YEQYIKWPWY
CASSQADFSTDTQYF	YEQYIKWPWY
CASSLDGGNQPQHF	YEQYIKWPWY
CASTWDLNTEAFF	YEQYIKWPWY
CASSIDGSFSGANVLTF	YEQYIKWPWY
CASSQGTGGFDGYTF	YEQYIKWPWY
CASSLYDEQFF	YEQYIKWPWY
CASSISGTANQPQHF	YEQYIKWPWY
CASSIDGGRPSYEQYF	YEQYIKWPWY
CASSLANRDQPQHF	YEQYIKWPWY
CASSQELGTSVRNEQFF	YEQYIKWPWY
CASSIATGVTYEQYF	YEQYIKWPWY
CASSQDSILAGGIHEQYF	YEQYIKWPWY
CASSIDPSGSRSGELFF	YEQYIKWPWY
CASSESGLGGYNEQFF	YEQYIKWPWY
CASPSRYGTAPSEAFF	YEQYIKWPWY
CASSFGGAPSSYNEQFF	YEQYIKWPWY
CASSLTPGNTEAFF	YEQYIKWPWY
CASSIDAGPTDEQFF	YEQYIKWPWY
CASSHYGDTQYF	YEQYIKWPWY
CASSSLPLSSYNSPLHF	YEQYIKWPWY
CSANTDIQETQYF	YEQYIKWPWY
CASSIAGGPVDTQYF	YEQYIKWPWY
CASTALGVAGEAGANVLTF	YEQYIKWPWY
CASSQGWGGTEAFF	YEQYIKWPWY
CASSPGLAGSPDTQYF	YEQYIKWPWY
CASSQENLYNEQFF	YEQYIKWPWY
CASRPGTGSSYNSPLHF	YEQYIKWPWY
CASSPPGFGYNEQFF	YEQYIKWPWY
CAWSVEGALNTEAFF	YEQYIKWPWY
CATSYGQGNYGYTF	YEQYIKWPWY
CASSLGQADSYGYTF	YEQYIKWPWY
CASSQNFPGFQGTFSNTEAFF	YEQYIKWPWY
CASSITGGYGYTF	YEQYIKWPWY
CASSLEFGGGLGSTDTQYF	YEQYIKWPWY
CASSFTGNTEAFF	YEQYIKWPWY
CASSLLWVGLAGTDTQYF	YEQYIKWPWY
CASSFTGGNEQFF	YEQYIKWPWY
CASSFNAANEQYF	YEQYIKWPWY
CASSFFGNDEQFF	YEQYIKWPWY
CASSFPSGGLDNEQFF	YEQYIKWPWY
CASSYSPGESTDTQYF	YEQYIKWPWY
CASSEQAGGSGGYTF	YEQYIKWPWY
CATSRDPSSNQPQHF	YEQYIKWPWY
CASSSEGLAGYNEQFF	YEQYIKWPWY
CASSIDPGPSTGELFF	YEQYIKWPWY
CASSIEPGALYEQYF	YEQYIKWPWY
CASSLLIYTGGPEDTQYF	YEQYIKWPWY
CASSYAGLAGIYNEQFF	YEQYIKWPWY
CASSIDPEPYNEQFF	YEQYIKWPWY
CASSYSFGGGTEQYF	YEQYIKWPWY
CASTGGPGAEAFF	YEQYIKWPWY
CATTLAGSPTQYF	YEQYIKWPWY
CSAWTSDPGTYEQYF	YEQYIKWPWY
