CDR3	AA
CASSVFSGGAADTQYF	MGYINVFAF
CASSPTSYEQYF	MGYINVFAF
CSVISGDVNGYTF	MGYINVFAF
CASSSASEQYF	MGYINVFAF
CASSPTGSEQYF	MGYINVFAF
CASIEAGGPADTQYF	MGYINVFAF
CASMQGGKLFF	MGYINVFAF
CSVERGRGYEQYF	MGYINVFAF
CSAVTSGTSYEQYF	MGYINVFAF
CASSEGGGSTDTQYF	MGYINVFAF
CASSHGGFEQFF	MGYINVFAF
CSAFSGTNIPYGYTF	MGYINVFAF
CASSLWAGGYNEQFF	MGYINVFAF
CASSYGGGEQFF	MGYINVFAF
CASSYSVDGYSNQPQHF	MGYINVFAF
CASSPSGEKLFF	MGYINVFAF
CASSPPPHSGPTGGQYF	MGYINVFAF
CATRTPSENEQFF	MGYINVFAF
CASSAGATEQFF	MGYINVFAF
CASSPDGVSEQFF	MGYINVFAF
CASSQYRAPNQPQHF	MGYINVFAF
CASSFEGSSAYTF	MGYINVFAF
CALDRPATNEKLFF	MGYINVFAF
CSVVTGNTGELFF	MGYINVFAF
CASRGIAGNYEQYF	MGYINVFAF
CASSLGLGNEQFF	MGYINVFAF
CSALSPGTSGGLTGELFF	MGYINVFAF
CASSYVGPGELFF	MGYINVFAF
CARGSGGTDTQYF	MGYINVFAF
CASSFEGTQYF	MGYINVFAF
CASSDSVGTASYEQYF	MGYINVFAF
CASSPLSF	MGYINVFAF
CSVEAGTGFEQYF	MGYINVFAF
CSVARDTEAFF	MGYINVFAF
CASSPTGASGDTQYF	MGYINVFAF
CASNQGSYEQYF	MGYINVFAF
CSTPSGNVQETQYF	MGYINVFAF
CSADSGRNEQFF	MGYINVFAF
CSATEFYEQYF	MGYINVFAF
CATRGPHYGYTF	MGYINVFAF
CASSLNFGNEQFF	MGYINVFAF
CASSQDYYGYTF	MGYINVFAF
CASSQELGVLDYTF	MGYINVFAF
CASSMGRGYNEQFF	MGYINVFAF
CASSPSVAGTYNEQFF	MGYINVFAF
CASGAGADATQYF	MGYINVFAF
CSAVASESSYEQYF	MGYINVFAF
CASSYGQHEQYF	MGYINVFAF
CASTLSALHEQYF	MGYINVFAF
CASSAGTPYEQYF	MGYINVFAF
CASSLAGNEKLFF	MGYINVFAF
CAWSQGQFGYTF	MGYINVFAF
CSATGGDTGELFF	MGYINVFAF
CASRSTSGSYEQYF	MGYINVFAF
CAWSARTDSRYEQYF	MGYINVFAF
CASSLTGDTEAFF	MGYINVFAF
CASSFGSYEQYF	MGYINVFAF
CASSFRLAGGPQSYEQYF	MGYINVFAF
CASSFGRDPDF	MGYINVFAF
CAARAWGGSEKLFF	MGYINVFAF
CSASGPDSYEQYF	MGYINVFAF
CASSFGQAKYF	MGYINVFAF
CASSLKPGSGANVLTF	MGYINVFAF
CASSPSGETQYF	MGYINVFAF
CASTQGLAGATGELFF	MGYINVFAF
CSASGEGLAGVYEQYF	MGYINVFAF
CSASPAGATYEQYF	MGYINVFAF
CASSQVGETQYF	MGYINVFAF
CATPHDGPGGVGMPYEQYF	MGYINVFAF
CASSLTGGYGYTF	MGYINVFAF
CASSFSGEQYF	MGYINVFAF
CAGPAGETQYF	MGYINVFAF
CASSQSRGPEAFF	MGYINVFAF
CASSPAYRGINEQFF	MGYINVFAF
CASSPSSEQFF	MGYINVFAF
CASSKRRGEFRFEQYF	MGYINVFAF
CSVQTGGGYEQYF	MGYINVFAF
CASSFLEPL	MGYINVFAF
CASSPGGEKLFF	MGYINVFAF
CASSYHGREGGYEQYF	MGYINVFAF
CASGGETQYF	MGYINVFAF
CASSFAGANVLTF	MGYINVFAF
CATSRESSGALQETQYF	MGYINVFAF
CASSMYLAGGNEQFF	MGYINVFAF
CASSFDGSGYTF	MGYINVFAF
CASSPDVNANTGELFF	MGYINVFAF
CASTTPGQGMDYGYTF	MGYINVFAF
CASSFAGEGYTF	MGYINVFAF
CASSPSGQMQFF	MGYINVFAF
CASSLLGYGSPLHF	MGYINVFAF
CASSFDTLLTEAFF	MGYINVFAF
CASTPLPLAGLNTGELFF	MGYINVFAF
CASSLAGNEQFF	MGYINVFAF
CSASTSDSNQPQHF	MGYINVFAF
CASSLAGEPNF	MGYINVFAF
CSATDRAYEQYF	MGYINVFAF
CASSSWNTEAFF	MGYINVFAF
CASSEGTVPSYEQYF	MGYINVFAF
CASSPGGELFF	MGYINVFAF
CASSFYGAAAFF	MGYINVFAF
CSATAGTSGSYEQYF	MGYINVFAF
CASSFVGVFNEQFF	MGYINVFAF
CASRGTVEAFF	MGYINVFAF
CASSWGGSAGNEQFF	MGYINVFAF
CASSEGLSSYEQYF	MGYINVFAF
CASSFSGTQYF	MGYINVFAF
CASSPTGAEGYTF	MGYINVFAF
CASSYGTGYLGYTF	MGYINVFAF
CASSVVGPLNEKLFF	MGYINVFAF
CASSPSEAFF	MGYINVFAF
CSASPGVEQYF	MGYINVFAF
CASSLGFSSGTNSYEQYF	MGYINVFAF
CASSPGTSRGEQFF	MGYINVFAF
CASSYQTEIYGYTF	MGYINVFAF
CASSQEGQGYGYTF	MGYINVFAF
CASSLFDPTRAYMVETQYF	MGYINVFAF
CASSLGLHQPQHF	MGYINVFAF
CASSPLYTGAGDTEAFF	MGYINVFAF
CASSPSGYEQFF	MGYINVFAF
CASSGSGRSYNEQFF	MGYINVFAF
CASSPGGGEQFF	MGYINVFAF
CASSLAGNPFF	MGYINVFAF
CASSLAGETQYF	MGYINVFAF
CASIQTGTSTGEQFF	MGYINVFAF
CSAVGTASSYEQYF	MGYINVFAF
CASSQDLGALSYNEQFF	MGYINVFAF
CSARGRLAGGSYEQYF	MGYINVFAF
CAARNGLYEQYF	MGYINVFAF
CASSPQGNTEAFF	MGYINVFAF
CSASQSPPSETQYF	MGYINVFAF
CSASQGYRGGTGELFF	MGYINVFAF
CASSPSGWVSFF	MGYINVFAF
RASSFTPRRRYNEQFF	MGYINVFAF
CASGPGLQGYTF	MGYINVFAF
CASSLPSGGAEQFF	MGYINVFAF
CSGVGTSTYEQYF	MGYINVFAF
CASSSTGELFF	MGYINVFAF
CATFSGGAYGYTF	MGYINVFAF
CASSQGASPAEQYF	MGYINVFAF
CASSLAGLPTSTDTQYF	MGYINVFAF
CSVVRENTGELFF	MGYINVFAF
CASSPVGYEQYF	MGYINVFAF
CASSPSGGTAFF	MGYINVFAF
CASSYPPDRGQAEAFF	MGYINVFAF
CSARQLGQMNTEAFF	MGYINVFAF
CASSYVGNEQFF	MGYINVFAF
CASSPNGGEQFF	MGYINVFAF
CSAVRDNSYNEQFF	MGYINVFAF
CASSSRGELFF	MGYINVFAF
CSASEGRETQYF	MGYINVFAF
CASSIGTGVGNQPQHF	MGYINVFAF
CASSSFGSSYEQYF	MGYINVFAF
CSAYDRVVKNIQYF	MGYINVFAF
CASSYSEGVTEAFF	MGYINVFAF
CASSYSIYRDRITGELFF	MGYINVFAF
CASSQLGGYMNTEAFF	MGYINVFAF
CASSLTGETQYF	MGYINVFAF
CSAAQGSETQYF	MGYINVFAF
CASSYGGETQYF	MGYINVFAF
CASRDPDRGWYTEAFF	MGYINVFAF
CASSLSVEQFF	MGYINVFAF
CASSGHFNNEQFF	MGYINVFAF
CASSRGLEAFF	MGYINVFAF
CASSLIFYEQYF	MGYINVFAF
CASTSASQAFF	MGYINVFAF
CASSLRHLIENSPLHF	MGYINVFAF
CSAGQGTPSYNEQFF	MGYINVFAF
CASSYTGELFF	MGYINVFAF
CASSFFGLPDTEAFF	MGYINVFAF
CASSHAAYEQYF	MGYINVFAF
CSARKDRWDYGYTF	MGYINVFAF
CASSLEGIYGYTF	MGYINVFAF
CASSLSGTQYF	MGYINVFAF
CASSPVGYIGAFF	MGYINVFAF
CASSYAGQGSNEQFF	MGYINVFAF
CASNDLGETYEQYF	MGYINVFAF
CASSTQGAPTNEKLFF	MGYINVFAF
CASSLTGTGSIIPYEQYF	MGYINVFAF
CASSQGLGQPQHF	MGYINVFAF
CASSLVGETQYF	MGYINVFAF
CASTGGGHTGELFF	MGYINVFAF
CASSFSFMNQPQHF	MGYINVFAF
CSAPHIRGGNQPQHF	MGYINVFAF
CASSAGNEKLFF	MGYINVFAF
CSASLSGRTYEQYF	MGYINVFAF
CASSLSYEQYF	MGYINVFAF
CASSLMTSGRSYNEQFF	MGYINVFAF
CSVVGGNRNEQFF	MGYINVFAF
CASRKIGGVAGANVLTF	MGYINVFAF
CASSFRGTEAFF	MGYINVFAF
CASSASGHEQFF	MGYINVFAF
CSALTYGYTF	MGYINVFAF
CSGGRDNEQFF	MGYINVFAF
CSAVLAGGHYEQYF	MGYINVFAF
CASSPYIRDL	MGYINVFAF
CASSRAGQTYYEQYF	MGYINVFAF
CASSLSGETQYF	MGYINVFAF
CASSLAGDLRNF	MGYINVFAF
CASSLRYGYTF	MGYINVFAF
CASSWEGFIEAFF	MGYINVFAF
CSAPNQGYSYEQYF	MGYINVFAF
CASSLSAEAFF	MGYINVFAF
CASNPHGGAATEAFF	MGYINVFAF
CASRGTSGSYEQYF	MGYINVFAF
CASSPSGETQYF	MGYINVFAF
CASGGQGSLEPQHF	MGYINVFAF
CASSPSGETQYF	MGYINVFAF
CASSAGYNEQFF	MGYINVFAF
CAVGSPAGNTIYF	MGYINVFAF
CSVETGRGYEQYF	MGYINVFAF
CSGTTGDSEQYF	MGYINVFAF
CASSLGTGYPYEQYF	MGYINVFAF
CASSPDSSEQYF	MGYINVFAF
CASSETGNNSPLHF	MGYINVFAF
CATMRWGSYNEQFF	MGYINVFAF
CASSPFVETQYF	MGYINVFAF
CASFSQGVYNEQFF	MGYINVFAF
CASSVGSGPYVEQFF	MGYINVFAF
CSARSPEGDDPGYTF	MGYINVFAF
CASSHGPESGLGRNQPQHF	MGYINVFAF
CASSQTGGNEQFF	MGYINVFAF
CASTTQGVNNEQFF	MGYINVFAF
CSARDPRGQAFF	MGYINVFAF
CASSGDLPIEQYF	MGYINVFAF
CASSDPGGGQPQHF	MGYINVFAF
CASQTGLPGGYTF	MGYINVFAF
CASSLLGGGSYNEQFF	MGYINVFAF
CASSFAGNQFF	MGYINVFAF
CASSPTAETQYF	MGYINVFAF
CASSPTGSGYTF	MGYINVFAF
CASNVGTEAFF	MGYINVFAF
CASSPQGYEQYF	MGYINVFAF
CASSYETGGLNTEAFF	MGYINVFAF
CASSLTGNEQFF	MGYINVFAF
CAWGQTGSDTQYF	MGYINVFAF
CASSLLGGEFDEQFF	MGYINVFAF
CSGTANTGELFF	MGYINVFAF
CASSFVGEQFF	MGYINVFAF
CSAETAHIILGTQYF	MGYINVFAF
CASSYGLAGSTDTQYF	MGYINVFAF
CASSDSLAGINEQFF	MGYINVFAF
CASRKIAGYNEQFF	MGYINVFAF
CSVQTGQGFEQYF	MGYINVFAF
CASSEVGGAMNTEAFF	MGYINVFAF
CASSPSGYEQYF	MGYINVFAF
CASSFVADTQYF	MGYINVFAF
CASSFLTGAGYTF	MGYINVFAF
CSASTLDSTQPQHF	MGYINVFAF
CASSTGGREQYF	MGYINVFAF
CASSVSDTDTQYF	MGYINVFAF
CASTFAGELFF	MGYINVFAF
CASSLEGETQYF	MGYINVFAF
CASSFKGTEAFF	MGYINVFAF
CASLTFPGNEQFF	MGYINVFAF
CASSLAGDKLFF	MGYINVFAF
CASSSTGETQYF	MGYINVFAF
CASRNQGIYEKLFF	MGYINVFAF
CASTPGEDTEAFF	MGYINVFAF
CASSPNSETQYF	MGYINVFAF
CASSYGGETQYF	MGYINVFAF
CSAPGTGNSGNQPQHF	MGYINVFAF
CASSLAGEGNEQFF	MGYINVFAF
CASSPGTSGYEQYF	MGYINVFAF
CSAKPGLVQFF	MGYINVFAF
CASSIVDRNEAFF	MGYINVFAF
CASSSGLDSYEQYF	MGYINVFAF
CASSLTGGTEAFF	MGYINVFAF
CASNPSGGGVNEQFF	MGYINVFAF
CASSLVLAGGSEQFF	MGYINVFAF
CASSLGGRDTQYF	MGYINVFAF
CASGGGGHEQYF	MGYINVFAF
CASSFGSVLTF	MGYINVFAF
CTTDTQYF	MGYINVFAF
CASSRTANYGYTF	MGYINVFAF
CASSGGAEQYF	MGYINVFAF
CASSFADTQYF	MGYINVFAF
CASSSTGYEQYF	MGYINVFAF
CASSFQGFTEAFF	MGYINVFAF
CSATQGTGELFF	MGYINVFAF
CASSGGQGGNEQYF	MGYINVFAF
CASSSPSTSILQYF	MGYINVFAF
CASSFLAGELFF	MGYINVFAF
CASSFGVPGAGETQYF	MGYINVFAF
CSARGGLDPNNEQFF	MGYINVFAF
CARSYRAMNTEAFF	MGYINVFAF
CSTLTLSGTGELFF	MGYINVFAF
CASFSGGLGYTF	MGYINVFAF
CASTLALDTQYF	MGYINVFAF
CASSWGGELFF	MGYINVFAF
CSANGGWGSKYEQYF	MGYINVFAF
CSVWDSRNYGYTF	MGYINVFAF
CASSIVPGLNYGYTF	MGYINVFAF
CASSQGSGRVLNTGELFF	MGYINVFAF
CASSEGSYEQYF	MGYINVFAF
CASSLDRGYEQYF	MGYINVFAF
CSASSGRETQYF	MGYINVFAF
CASSWRDEQFF	MGYINVFAF
CSASIINLYEQYF	MGYINVFAF
CSVEVGRGHEQYF	MGYINVFAF
CASSLGPGTVGAGELFF	MGYINVFAF
CASSYAGETQYF	MGYINVFAF
CATSRGSGETQYF	MGYINVFAF
CASSLLGEAFF	MGYINVFAF
CSAVTSGRIYEQYF	MGYINVFAF
CASSQVGETQYF	MGYINVFAF
CASSLSGEQFF	MGYINVFAF
CASKTEGSNTEAFF	MGYINVFAF
CASSQEVAQETQYF	MGYINVFAF
CASNWGSGSYEQYF	MGYINVFAF
CASSFAGNEQFF	MGYINVFAF
CASSQGGRLGNYEQYF	MGYINVFAF
CASSLGTGGYEQYF	MGYINVFAF
CASSFTGNEQFF	MGYINVFAF
CASSVEGATPYNEQFF	MGYINVFAF
CASSEGGALGHF	MGYINVFAF
CASSPTGHEQFF	MGYINVFAF
CSARDLGLGRPVDTQYF	MGYINVFAF
CASSWGETQYF	MGYINVFAF
CASTVSQDTQYF	MGYINVFAF
CASSRGTGSNQPQHF	MGYINVFAF
CASSFPLARGYNEQFF	MGYINVFAF
CASSLAGGSYNEQFF	MGYINVFAF
CASSFSVEQYF	MGYINVFAF
CASNDGNSPLHF	MGYINVFAF
CASSFSTEAFF	MGYINVFAF
CASSPEYTYQPQHF	MGYINVFAF
CASSLNGETQYF	MGYINVFAF
CASRGEGDGYTF	MGYINVFAF
CASSFVGEQYF	MGYINVFAF
CASSGDKPYEQYF	MGYINVFAF
CASSLTQGGSTGELFF	MGYINVFAF
CSVEDGISGNTIYF	MGYINVFAF
CASSLAVGNLQPQHF	MGYINVFAF
CASSLGGHFGWNEQFF	MGYINVFAF
CASSFRVEQFF	MGYINVFAF
CASSVDSGSYEQYF	MGYINVFAF
CASSNLGSYEQYF	MGYINVFAF
CASTPPNGLETQYF	MGYINVFAF
CASSYSIASGRYSTDTQYF	MGYINVFAF
CASSFSNTQYF	MGYINVFAF
CSAISGSGNTIYF	MGYINVFAF
CAISPGGGEQFF	MGYINVFAF
CASSPSGFGYTF	MGYINVFAF
CASSLMDEQFF	MGYINVFAF
CASSPLETF	MGYINVFAF
CASSSGGTEAFF	MGYINVFAF
CASSPRTSGIETQYF	MGYINVFAF
CASSVEGLSDTQYF	MGYINVFAF
CASSPHGAYNEQFF	MGYINVFAF
CAISLQGGETQYF	MGYINVFAF
CASSYSEWGRTGTQYF	MGYINVFAF
CASSLSGSHRFF	MGYINVFAF
CASSLSGETQYF	MGYINVFAF
CASSLGAGGPDSYNEQFF	MGYINVFAF
CSVEAGTGFMQFF	MGYINVFAF
CASSSNGETQYF	MGYINVFAF
CSALGVGHPSYGYTF	MGYINVFAF
CSAWTGSNYGYTF	MGYINVFAF
CSVQSGRGTEAFF	MGYINVFAF
CASSFSGNTIYF	MGYINVFAF
CASSLVGQGSYEQYF	MGYINVFAF
CASRQGPNRDPQHF	MGYINVFAF
CASSRGGGELFF	MGYINVFAF
CASSQGLEGSGSPLHF	MGYINVFAF
CSLMGSSYNSPLHF	MGYINVFAF
CASSLEGGSEAFF	MGYINVFAF
CASSPQGTGPQHF	MGYINVFAF
CASSLEQGSDTQYF	MGYINVFAF
CASSLVGRGTDTQYF	MGYINVFAF
CASSFRLELFF	MGYINVFAF
CASSEAGGQSDTQYF	MGYINVFAF
CSAPRTSGSAAQETQYF	MGYINVFAF
CASSFSGGNEQFF	MGYINVFAF
CASSLSGTSVNEQFF	MGYINVFAF
CASSLSGETQYF	MGYINVFAF
CASSLAGSEQFF	MGYINVFAF
CASLGRFDYGYTF	MGYINVFAF
CASSLASSGSYEQYF	MGYINVFAF
CASSVQETQYF	MGYINVFAF
CSARDGVYNEQFF	MGYINVFAF
CASSLKERIGEQYF	MGYINVFAF
CASSYYEGDGYGYTF	MGYINVFAF
CASSQEPAAGLNSPLHF	MGYINVFAF
CASSLGNYGYTF	MGYINVFAF
CASSQDPGLPSSYNEQFF	MGYINVFAF
CASSYGSYGYTF	MGYINVFAF
CASSPGGEKFF	MGYINVFAF
CASSGPYEQYF	MGYINVFAF
CSARPTRLAGVHEQYF	MGYINVFAF
CASTLRGDTQYF	MGYINVFAF
CATSTGVDHNEQFF	MGYINVFAF
CATSNSLAGEETQYF	MGYINVFAF
CSVEGGRGHEQYF	MGYINVFAF
CASSVNGPEAFF	MGYINVFAF
CASSFGPPEAFF	MGYINVFAF
CASSQEGKPTRELFF	MGYINVFAF
CASSFAETQYF	MGYINVFAF
CASSGGTGAYEQYF	MGYINVFAF
CASSYLASSYNEQFF	MGYINVFAF
CACTGGYTEAFF	MGYINVFAF
CSVEGGGNEQFF	MGYINVFAF
CSATTGAGELFF	MGYINVFAF
CASTTGGGQPQHF	MGYINVFAF
CASSIIGSGNTIYF	MGYINVFAF
CASGGAEQFF	MGYINVFAF
CASSLSGPGVGQFF	MGYINVFAF
CASSLDGAEAFF	MGYINVFAF
CASSLPSGGGLGELFF	MGYINVFAF
CAKGARAKNIQYF	MGYINVFAF
CSAPRGVLAGGRDTQYF	MGYINVFAF
CASSYSGETQYF	MGYINVFAF
CASSESTDGAYGYTF	MGYINVFAF
CASSWDGTQYF	MGYINVFAF
CASSFSGELFF	MGYINVFAF
CSVSKPLTSGRYNEQFF	MGYINVFAF
CASSEEGRGPHNEQFF	MGYINVFAF
CASSEIEGNGYTF	MGYINVFAF
CADTPGVFF	MGYINVFAF
CSVMGQNTGELFF	MGYINVFAF
CASSVSGGALDTQYF	MGYINVFAF
CASRQINSPLHF	MGYINVFAF
CASSNSGAGEF	MGYINVFAF
CASISANIQYF	MGYINVFAF
CASSYTGGGREGYTF	MGYINVFAF
CASSLGVLNTEAFF	MGYINVFAF
CASSSGGLNTEAFF	MGYINVFAF
CASSLSVEQFF	MGYINVFAF
CSVEAGDGYEQYF	MGYINVFAF
CTSRSSYNEQFF	MGYINVFAF
CSSLSYNEQFF	MGYINVFAF
CASSLTQEQFF	MGYINVFAF
CATSDWGQGAYNEQFF	MGYINVFAF
CASSGGAMNTEAFF	MGYINVFAF
CASSLTYEQYF	MGYINVFAF
CASSLFREDEQFF	MGYINVFAF
CASSAQGDIQYF	MGYINVFAF
CASSPTEAFF	MGYINVFAF
CASSFDGGKLFF	MGYINVFAF
CASSPGGETQYF	MGYINVFAF
CSARDLLGLAGPELYEQYF	MGYINVFAF
CASSQGPQQFF	MGYINVFAF
CASSDTGAGYTF	MGYINVFAF
CASSLGTLEQYF	MGYINVFAF
CASSLAGETQYF	MGYINVFAF
CASSSWTGIEKLFF	MGYINVFAF
CASSPARDSSYEQYF	MGYINVFAF
CASSPTGYEQYF	MGYINVFAF
CASSYGGTEAFF	MGYINVFAF
CATSRSDEQFF	MGYINVFAF
CSATAGQETQYF	MGYINVFAF
CASSFANEQFF	MGYINVFAF
CSAPPTGGTVPYEQYF	MGYINVFAF
CASSQGPEQYF	MGYINVFAF
CASSLGTSGSQEETQYF	MGYINVFAF
CSASPVPIWGEQYF	MGYINVFAF
CASIGLAGTDTQYF	MGYINVFAF
CASSQGGETQYF	MGYINVFAF
CATTPIGGAEAFF	MGYINVFAF
CASSPQGDQQYF	MGYINVFAF
CATSREDQETQYF	MGYINVFAF
CASSTSGYEQYF	MGYINVFAF
CASSPTDGEQFF	MGYINVFAF
CASSGGGYTF	MGYINVFAF
CASSLVTDGYTF	MGYINVFAF
CASSLGTLYEQYF	MGYINVFAF
CSVEDAGVPSRQETQYF	MGYINVFAF
CASSQGGRGQYF	MGYINVFAF
CSARDLGGGPNIYNEQFF	MGYINVFAF
CASSPTGDGYTF	MGYINVFAF
CASSQIREGGVGQPQHF	MGYINVFAF
CASSLSNEQFF	MGYINVFAF
CASSFGPEQYF	MGYINVFAF
CASSPEAGRSYEQYF	MGYINVFAF
CASSLLAGGTTDTQYF	MGYINVFAF
CASSFSYEQYF	MGYINVFAF
CASTLSGLLFF	MGYINVFAF
CSVRTGSPEAFF	MGYINVFAF
CASSEWSAGETQYF	MGYINVFAF
CASSLVGWYTF	MGYINVFAF
CASSLAYEQFF	MGYINVFAF
CASSPSGETQYF	MGYINVFAF
CASSFAETQYF	MGYINVFAF
CASPPPLAVYNEQFF	MGYINVFAF
CASSLSSEQFF	MGYINVFAF
CASSPTGYIQYF	MGYINVFAF
CASSYGGGYTF	MGYINVFAF
CASSFPTPEQFF	MGYINVFAF
CSATGTGESYEQYF	MGYINVFAF
CASRELAGGPSEQFF	MGYINVFAF
CASSLQGEKLFF	MGYINVFAF
CASSQDRGFTQYF	MGYINVFAF
CASSPEGRSEQFF	MGYINVFAF
CASSYLGQANNEQFF	MGYINVFAF
CASSYVIQGTGELFF	MGYINVFAF
CASSELSHTEAFF	MGYINVFAF
CASSSENQPQHF	MGYINVFAF
CASSLAGGGADTQYF	MGYINVFAF
CASRSYTEAFF	MGYINVFAF
CASSSVWSASYEQYF	MGYINVFAF
CASSRDSSPVYSNQPQHF	MGYINVFAF
CATSRAAVGQGYEQYF	MGYINVFAF
CSALTASGNTIYF	MGYINVFAF
CASSFFGGREQYF	MGYINVFAF
CASSLGGTHNEQFF	MGYINVFAF
CASTPSGYGYTF	MGYINVFAF
CAISSGTGDYEQYF	MGYINVFAF
CASSWTGTFSGANVLTF	MGYINVFAF
CASMDLGSYNSPLHF	MGYINVFAF
CASAFRTKEYEQYF	MGYINVFAF
CSVPPGADNYGYTF	MGYINVFAF
CAGRGNEQFF	MGYINVFAF
CASSYSLGSDNTEAFF	MGYINVFAF
CASTQGEEQFF	MGYINVFAF
CASSGLGGRTDTQYF	MGYINVFAF
CASSGGEKLFF	MGYINVFAF
CASSLRQGNEKLFF	MGYINVFAF
CASSPNGQDRYF	MGYINVFAF
CASTGGFSYEQYF	MGYINVFAF
CAWSAVTSGTYEQYF	MGYINVFAF
CASSPDGGKAFF	MGYINVFAF
CASSPTGYEQYF	MGYINVFAF
CSVLPLRISTDTQYF	MGYINVFAF
CASSLQGNTEAFF	MGYINVFAF
CASSEANTGVGQPQHF	MGYINVFAF
CASSQEFPEGNEQFF	MGYINVFAF
CASSSQGEKLFF	MGYINVFAF
CASSFTGGELFF	MGYINVFAF
CASSLLVSEQFF	MGYINVFAF
CASSDDRSYEQYF	MGYINVFAF
CATSDIVAGDYNEQFF	MGYINVFAF
CSARAGWQGNYGYTF	MGYINVFAF
CASSITDTQYF	MGYINVFAF
CASSDTGGNEQFF	MGYINVFAF
CASTIAGDTQYF	MGYINVFAF
CASSDLAGGLNEQFF	MGYINVFAF
CASSLNGEKLFF	MGYINVFAF
CASSPAGLKQFF	MGYINVFAF
CASSYGAVEQFF	MGYINVFAF
CASSPGHYGYGYTF	MGYINVFAF
CASSPTGAEQYF	MGYINVFAF
CASSQGTVELFF	MGYINVFAF
CASGWGSLFF	MGYINVFAF
CASSFAGTQYF	MGYINVFAF
CASSQTYTGGGPGELFF	MGYINVFAF
CASSPDTQYF	MGYINVFAF
CASSFSSVELFF	MGYINVFAF
CASSYASEGYTF	MGYINVFAF
CASSLGGANEQFF	MGYINVFAF
CASSPTGFEQYF	MGYINVFAF
CASRGTGGLDSPLHF	MGYINVFAF
CARSFLDVEEQFF	MGYINVFAF
CSALGTIMFGYTF	MGYINVFAF
CASSFSGYNEQFF	MGYINVFAF
CSASPGGPGETQYF	MGYINVFAF
CASSYTNEQYF	MGYINVFAF
CASMAGADETQYF	MGYINVFAF
CSARGGLAHEQYF	MGYINVFAF
CASSYSLAGDDTQYF	MGYINVFAF
CASSLSGPQHF	MGYINVFAF
CATFSGGAYGYTF	MGYINVFAF
CASSLTGSPLHF	MGYINVFAF
CASSMGEPPQFF	MGYINVFAF
CASSSSGGSTDTQYF	MGYINVFAF
CASSQGLALGDTQYF	MGYINVFAF
CASSFPRQGVETQYF	MGYINVFAF
CASSPSRGSGQETQYF	MGYINVFAF
CASSFSGGEQYF	MGYINVFAF
CASSFSPSGTIAPDTQYF	MGYINVFAF
CASSHGGHEAFF	MGYINVFAF
CASSPTGYEQYF	MGYINVFAF
CASSLTGSPLHF	MGYINVFAF
CASSLTGDTQYF	MGYINVFAF
CASILSGGEGEQYF	MGYINVFAF
CASSNPGDTYNEQFF	MGYINVFAF
CSAAPIRDSNYEQYF	MGYINVFAF
CSARQDGASDPGYTF	MGYINVFAF
CASSLAGYTQYF	MGYINVFAF
CSVFGGDYEQYF	MGYINVFAF
CSAQGLSPATNEKLFF	MGYINVFAF
CASSLVGETQYF	MGYINVFAF
CSAILADTGELFF	MGYINVFAF
CASSPDYSNIQYF	MGYINVFAF
CASSFSNEQFF	MGYINVFAF
CASSFQGEQFF	MGYINVFAF
CSGLAGRNYEQYF	MGYINVFAF
CASSFTSEQFF	MGYINVFAF
CAILQGAGGYTF	MGYINVFAF
CASSFTGEQYF	MGYINVFAF
CASSLDLYNEQFF	MGYINVFAF
CATQGAGGPEQFF	MGYINVFAF
CASSPDGAGNTIYF	MGYINVFAF
CASSPTGHTQYF	MGYINVFAF
CASSFEGQEAFF	MGYINVFAF
CASSWLLAGGPGEDNEQFF	MGYINVFAF
CASSPTGKVGNEKLFF	MGYINVFAF
CASSLYIGSPQPYEQYF	MGYINVFAF
CASSQEGGAGTNEKLFF	MGYINVFAF
CASKVGGLGYTF	MGYINVFAF
CASSLVGETQYF	MGYINVFAF
CASSAFFGLAGGGKETQYF	MGYINVFAF
CSASEGPEAFF	MGYINVFAF
CSVSLGAYGYTF	MGYINVFAF
CASSLQGETQYF	MGYINVFAF
CASSLTGNEQFF	MGYINVFAF
CASSFSDTQYF	MGYINVFAF
CASSLRDNTYEQYF	MGYINVFAF
CATVSGRTAEQFF	MGYINVFAF
CAAGRDGFYEQYF	MGYINVFAF
CASSLSGQGNEQFF	MGYINVFAF
CASSSGGQQTYEQYF	MGYINVFAF
CASSYNRGNEQFF	MGYINVFAF
CSAQEYNEQFF	MGYINVFAF
CASSFSETQYF	MGYINVFAF
CASSQDIDRTDTQYF	MGYINVFAF
CASSFVGETQYF	MGYINVFAF
CASSFGQGINRETQYF	MGYINVFAF
CSARDSLDSRPYEQYF	MGYINVFAF
CASSLYSTDTQYF	MGYINVFAF
CASSVDGGQETQYF	MGYINVFAF
CASTMGDTQYF	MGYINVFAF
CASSSTGGVTDTQYF	MGYINVFAF
CASSSGGTEAFF	MGYINVFAF
CASSFANEQFF	MGYINVFAF
CSARERETQYF	MGYINVFAF
CSVEVGSGNTIYF	MGYINVFAF
CASSAVGIGGPQAFF	MGYINVFAF
CASSPGDEQFF	MGYINVFAF
CATSRAPGQGYEQYF	MGYINVFAF
CASSLREF	MGYINVFAF
CSAYEIAAGNTIYF	MGYINVFAF
CATSRGQQETQYF	MGYINVFAF
CASSQGPGQETQYF	MGYINVFAF
CASSFAHEQYF	MGYINVFAF
CASSYTGAETQYF	MGYINVFAF
CSVYRLAGGRSGELFF	MGYINVFAF
CASSFAETQYF	MGYINVFAF
CASSQVARNEKLFF	MGYINVFAF
CASSLLAGGYNEQFF	MGYINVFAF
CASSYSGETQYF	MGYINVFAF
CSAETLAGHYEQYF	MGYINVFAF
CASSFMETQYF	MGYINVFAF
CASSPSTEAFF	MGYINVFAF
CSVVSPPVHYGYTF	MGYINVFAF
CASSYNYEQYF	MGYINVFAF
CASSVEGVPYNEQFF	MGYINVFAF
CASNLAGGDEQYF	MGYINVFAF
CASSFGDILFF	MGYINVFAF
CASSLVLDVGIQYF	MGYINVFAF
CASSVGGGTYEQYF	MGYINVFAF
CSAPVSTGSYEQYF	MGYINVFAF
CSASLAGGTYEQYF	MGYINVFAF
CSAPESSGSYEQYF	MGYINVFAF
CASGQFMNTGELFF	MGYINVFAF
CASSTTGAGYTF	MGYINVFAF
CASSLFSGQSYEQYF	MGYINVFAF
CSVGGSLTYEQYF	MGYINVFAF
CASSVYTDTQYF	MGYINVFAF
CASSRAGTSVETQYF	MGYINVFAF
CASRTGVEAFF	MGYINVFAF
CSVEVSGNEQFF	MGYINVFAF
CSAVEGTDSYEQYF	MGYINVFAF
CASSPGSEQYF	MGYINVFAF
CASSTAGQGSLDGYTF	MGYINVFAF
CASSPFGSQETQYF	MGYINVFAF
CASSPVISGTEAFF	MGYINVFAF
CSARESIPLGGTSAYNEQFF	MGYINVFAF
CASSLDGYEQYF	MGYINVFAF
CASGASVEFF	MGYINVFAF
CASSPLGQQGPINSPLHF	MGYINVFAF
CASSLADRLGYETQYF	MGYINVFAF
CASSLGLAGGVVNEQFF	MGYINVFAF
CSAPWSGRSYEQYF	MGYINVFAF
CATNYGGFETQYF	MGYINVFAF
CSVLRLAGGQSGELFF	MGYINVFAF
CSVLGTQPLRSYGYTF	MGYINVFAF
CASSSPGTGWIQQYF	MGYINVFAF
CSAQQGPRLTYEQYF	MGYINVFAF
CSVTSGSAEQYF	MGYINVFAF
CASSFFKSEGSGKYF	MGYINVFAF
CASSYSRAGANTGELFF	MGYINVFAF
CASSISGANEQFF	MGYINVFAF
CASSLDGEQFF	MGYINVFAF
CASSVEGAGAKNIQYF	MGYINVFAF
CASSLVGETQYF	MGYINVFAF
CASISGTYEQYF	MGYINVFAF
CASSLIAGGPETQYF	MGYINVFAF
CSVETGGGYEQYF	MGYINVFAF
CASNPPGGNEQFF	MGYINVFAF
CASSLGTGGEQYF	MGYINVFAF
CSASISPSRGVLFNTEAFF	MGYINVFAF
CASSLAGETQYF	MGYINVFAF
CASSFPGNEQFF	MGYINVFAF
CASSFSYEQYF	MGYINVFAF
CASGYVGADTQYF	MGYINVFAF
CASSFRDIANYGYTF	MGYINVFAF
CSAPSGGAAETQYF	MGYINVFAF
CASSLHPGGYYEQYF	MGYINVFAF
CASSQSVGTEDYTDTQYF	MGYINVFAF
CASSFAEKLFF	MGYINVFAF
CASSYGGSNNEQFF	MGYINVFAF
CSATQTGVNYGYTF	MGYINVFAF
CASSFSGTLNI	MGYINVFAF
CSVLVGSTEAFF	MGYINVFAF
CASSEGGADTQYF	MGYINVFAF
CASSLVIAGELFF	MGYINVFAF
CSARPLGTGSTEAFF	MGYINVFAF
CASSIRGTAYNEQFF	MGYINVFAF
CASRLETGELFF	MGYINVFAF
CASSPGLGVQYF	MGYINVFAF
CASSYSAYEQYF	MGYINVFAF
CASSFGTEYTF	MGYINVFAF
CASSVYSGGGTDTQYF	MGYINVFAF
CASSYSHRDLSGNTIYF	MGYINVFAF
RATLHGTSGGPYEQYF	MGYINVFAF
CASRFMPGTADHF	MGYINVFAF
CASSPGGSSYEQYF	MGYINVFAF
CASSQPLAGDTGELFF	MGYINVFAF
CSAPDYNEQFF	MGYINVFAF
CASSNSMDRYF	MGYINVFAF
CASSPADTQYF	MGYINVFAF
CASSWSGEQFF	MGYINVFAF
CASAPMDGALGYEQYF	MGYINVFAF
CSARPLGPTSGRIYEQYF	MGYINVFAF
CASSFTGTEAFF	MGYINVFAF
CSVEVGLPPGELFF	MGYINVFAF
CATSTPFNGNEQFF	MGYINVFAF
CASSLLGRHQPQHF	MGYINVFAF
CASSINEQFF	MGYINVFAF
CASSSTGGNEQFF	MGYINVFAF
CASSPTGHGYTF	MGYINVFAF
CASGTSVNIQYF	MGYINVFAF
CASSYSGSSGSLQFF	MGYINVFAF
CASSLMGMGDTGELFF	MGYINVFAF
CASSATGAGEQYF	MGYINVFAF
CASSWGGTEAFF	MGYINVFAF
CAISETGYEQFF	MGYINVFAF
CATSRAEQEGYTF	MGYINVFAF
CASSYRPPDPASDYEQYF	MGYINVFAF
CASSFGNTQYF	MGYINVFAF
CASSALNSNQPQHF	MGYINVFAF
CASSLEGRNEQFF	MGYINVFAF
CASSSTGAEQYF	MGYINVFAF
CASNYPGGGLFF	MGYINVFAF
CASSYGPEAFF	MGYINVFAF
CASSPWGGEQFF	MGYINVFAF
CASSLSRTDTQYF	MGYINVFAF
CASSPAGNEQFF	MGYINVFAF
CASSVVGVEQFF	MGYINVFAF
CASSFSGHEQFF	MGYINVFAF
CASSAQGAGEQFF	MGYINVFAF
CASSFAGIQYF	MGYINVFAF
CASSIEGWGEQFF	MGYINVFAF
CASSQGGETQYF	MGYINVFAF
CARRQPQHF	MGYINVFAF
CASSLDFQGPSNEQFF	MGYINVFAF
CSARDLSAGGPTLYEQYF	MGYINVFAF
CANWYRGYGYTF	MGYINVFAF
CASSLSSWYEQFF	MGYINVFAF
CASSQGLQGAYSYEQYF	MGYINVFAF
CASWEGAEAFF	MGYINVFAF
CATSRTGGRGYGYTF	MGYINVFAF
CASSSPLGSGPIYEQYF	MGYINVFAF
CSANRGQETQYF	MGYINVFAF
CASSQEYNQPQHF	MGYINVFAF
CASSPGRNANTGELFF	MGYINVFAF
CSVNRGSETQYF	MGYINVFAF
CASSFGGTQYF	MGYINVFAF
CASSAGQFEQYF	MGYINVFAF
CASRGQGAGETQYF	MGYINVFAF
CASSYGGTGYTF	MGYINVFAF
CASSYGGETQYF	MGYINVFAF
CASSFREKLFF	MGYINVFAF
CASSYQSDGPVKQGPGGQETQYF	MGYINVFAF
CASSAQGSAFF	MGYINVFAF
CASSLGGVQYF	MGYINVFAF
CSVEVGQGPEAFF	MGYINVFAF
CASSPQGAYNEQFF	MGYINVFAF
CASSYQGNEKLFF	MGYINVFAF
CASSFSIEQYF	MGYINVFAF
CASSVGGSSYNEQFF	MGYINVFAF
CASSLQGIAYEQYF	MGYINVFAF
CASSDIGAGELFF	MGYINVFAF
CSVETGSKGNEQFF	MGYINVFAF
CASALRTGGKLFF	MGYINVFAF
CSVDRPTSGRGETQYF	MGYINVFAF
CASSFSGEQYF	MGYINVFAF
CASTLGGEKLFF	MGYINVFAF
CASSAQGNSPLHF	MGYINVFAF
CASSYSRARGRQETQYF	MGYINVFAF
CASSYGGDTQYF	MGYINVFAF
CASSFTEAFF	MGYINVFAF
CASSEALHTGGEQFF	MGYINVFAF
CASSLGDEKLFF	MGYINVFAF
CSATANTGELFF	MGYINVFAF
CASSFSGTGSGETQYF	MGYINVFAF
CASSSGELFF	MGYINVFAF
CASSLTGGGGPDTQYF	MGYINVFAF
CASSLTGETQYF	MGYINVFAF
CASSLGYNEQFF	MGYINVFAF
RASSSHAGQFF	MGYINVFAF
CASSYGGNQPQHF	MGYINVFAF
CASSLGAPRFF	MGYINVFAF
CASSGGDRPYEQYF	MGYINVFAF
CSARGHTPPLGYGYTF	MGYINVFAF
CASSVGLLNEQFF	MGYINVFAF
CASSYSGETQYF	MGYINVFAF
CASSYPLAGDRYYEQYF	MGYINVFAF
CSVWDKNGYTF	MGYINVFAF
CASQSGELFF	MGYINVFAF
CASSVELAGGLNRQFF	MGYINVFAF
CSARGWVPGANVLTF	MGYINVFAF
CASTGGIAYEQYF	MGYINVFAF
CATSRAPAGQGYEQYF	MGYINVFAF
CASSETGGELFF	MGYINVFAF
CASSLSREAFF	MGYINVFAF
CSAPRADSSYEQYF	MGYINVFAF
CSAIELAGGQAYEQYF	MGYINVFAF
CASSLGETQYF	MGYINVFAF
CASSLDFNYGYTF	MGYINVFAF
CASRQGAGWANEQFF	MGYINVFAF
CASSRGLAGQETQYF	MGYINVFAF
CASSPTGEGYTF	MGYINVFAF
CASSGGTYNEQFF	MGYINVFAF
CASSPGMQPEAFF	MGYINVFAF
CASSHGLAGVEQFF	MGYINVFAF
CASSMLGWGNQPQHF	MGYINVFAF
CASSLQGGPLIQYF	MGYINVFAF
CSAAYGRETQYF	MGYINVFAF
CASSPSGAEQFF	MGYINVFAF
CASSLTGEVYTF	MGYINVFAF
CASSPDEAFF	MGYINVFAF
CASSLGETQYF	MGYINVFAF
CASSFDGTQYF	MGYINVFAF
CATTVAGGIQYF	MGYINVFAF
CASSVGSYNEQFF	MGYINVFAF
CASSPSGGQADFQYF	MGYINVFAF
CASSFEGFYNEQFF	MGYINVFAF
CASSVSGDEQYF	MGYINVFAF
CASSETTGTSGRISYNEQFF	MGYINVFAF
CASSQNSYEQYF	MGYINVFAF
CASSLADEQYF	MGYINVFAF
CASSLGGAQHF	MGYINVFAF
CSAPQPSGHTGRETQYF	MGYINVFAF
CASSTSGETQYF	MGYINVFAF
CASSQGNNEQFF	MGYINVFAF
CSASLQDLKYEQYF	MGYINVFAF
CSARTSGGEQYF	MGYINVFAF
CATVTSGSTGYEQYF	MGYINVFAF
CASSLVPNEQFF	MGYINVFAF
CASSMTGGSTDTQYF	MGYINVFAF
CASGWSNGYTF	MGYINVFAF
CASQQDGTPGHEQFF	MGYINVFAF
CASSLILAGSSYEQYF	MGYINVFAF
CASSPSGGYNEQFF	MGYINVFAF
CASSASEEQFF	MGYINVFAF
CASSYGSYEQYF	MGYINVFAF
CSVETGDGETQYF	MGYINVFAF
CATIGGHDEAFF	MGYINVFAF
CSARRGHHQETQYF	MGYINVFAF
CASSFSGASDTQYF	MGYINVFAF
CASSQGGETQYF	MGYINVFAF
CASGYTYEQYF	MGYINVFAF
CASSFQGYTEAFF	MGYINVFAF
CSTRTGLPNYGYTF	MGYINVFAF
CAWSWELGYYEQYF	MGYINVFAF
CASSYLAAGGRRTQYF	MGYINVFAF
CASSQGPGYTF	MGYINVFAF
CASSPPAPSSYNSPLHF	MGYINVFAF
CAEGGNTGELFF	MGYINVFAF
CASRPKTQGWAYGYTF	MGYINVFAF
CASSAGLAGDYEQYF	MGYINVFAF
CSVVRGQGYEQYF	MGYINVFAF
CASSSTGETQYF	MGYINVFAF
CASSDLAGTNEQFF	MGYINVFAF
CASSPGTETYEQYF	MGYINVFAF
CASSPGQGGEKLFF	MGYINVFAF
CSATTGTSGSRSTDTQYF	MGYINVFAF
CASSRAGGQADTQYF	MGYINVFAF
CASSNRQGAVNSPLHF	MGYINVFAF
CSAILSGGLYEQYF	MGYINVFAF
CASSGLGYTF	MGYINVFAF
CSARETGTGYLEQYF	MGYINVFAF
CASSPIGGTDTQYF	MGYINVFAF
CASSQTGSYEQYF	MGYINVFAF
CASIVTAGGNTGELFF	MGYINVFAF
CSAMTYGYTF	MGYINVFAF
CSAQPGLADYEQYF	MGYINVFAF
CASSQGVYEQYF	MGYINVFAF
CSVRDFLYNEQFF	MGYINVFAF
CASSQGGLAGGSKGNTGELFF	MGYINVFAF
CASTLYNEQFF	MGYINVFAF
CASSPTDTQYF	MGYINVFAF
CASRQGGNEQFF	MGYINVFAF
CASSFSNEQFF	MGYINVFAF
CASSQLTGGQPYEQYF	MGYINVFAF
CASSPSGNTIYF	MGYINVFAF
CASSQVGGGEKLFF	MGYINVFAF
CASSLTRQEAFF	MGYINVFAF
CASSPTGARAFF	MGYINVFAF
CASSWSGYEQYF	MGYINVFAF
CASSSLAEQYF	MGYINVFAF
CASSYAGELFF	MGYINVFAF
CASSLDGIYGYTF	MGYINVFAF
CASSLEGQRKVF	MGYINVFAF
CASSLDGGSGREFF	MGYINVFAF
CASSIGGGNEQFF	MGYINVFAF
CASGDTGELFF	MGYINVFAF
CASSSFSGTEYGYTF	MGYINVFAF
CASSLAGLQYF	MGYINVFAF
CASSIDPGAMNTEAFF	MGYINVFAF
CASRRRSTNEKLFF	MGYINVFAF
CATEIRGAAAFF	MGYINVFAF
CASSLTGMSGYTF	MGYINVFAF
CASSQQGVGETQYF	MGYINVFAF
CASSLSGTQYF	MGYINVFAF
CASSSAGETQYF	MGYINVFAF
CASSLSGQGQNF	MGYINVFAF
CASDRSGEAFF	MGYINVFAF
CASSSGGHEQYF	MGYINVFAF
CASSVDGLAEAFF	MGYINVFAF
CSARDWAAVLTF	MGYINVFAF
CTSSQEGTGDSYEQYF	MGYINVFAF
CASSQEGRVEQFF	MGYINVFAF
CSVELGEGFEQYF	MGYINVFAF
CASSYAGTTQYF	MGYINVFAF
CASSSTGGTEAFF	MGYINVFAF
CASSLIPAYNEQFF	MGYINVFAF
CASSPTGHETQYF	MGYINVFAF
CASSYGANEQFF	MGYINVFAF
CASSVEGGQQYEQYF	MGYINVFAF
CASSFQGYEQYF	MGYINVFAF
CSPILDNEQFF	MGYINVFAF
CSASAPGTSGDYEQYF	MGYINVFAF
CASSTRGASGRSYEQYF	MGYINVFAF
CASSPGGGEQFF	MGYINVFAF
CASSPRTSGTYEQYF	MGYINVFAF
CASSFWKGIGIYEQYF	MGYINVFAF
CASMGQGYGYTF	MGYINVFAF
CASSYGSGTDTQYF	MGYINVFAF
CSARDWQGETQYF	MGYINVFAF
CASSQGAETQYF	MGYINVFAF
CASSPSGEKLFF	MGYINVFAF
CASSLGQGGRDTEAFF	MGYINVFAF
CASSQDSGGGAYEQYF	MGYINVFAF
CSARATESGELFF	MGYINVFAF
CASSLTGEKLFF	MGYINVFAF
CASSATGGDGYTF	MGYINVFAF
CASSLNGYTF	MGYINVFAF
CASSKGRYTF	MGYINVFAF
CASSQDHTPNEQFF	MGYINVFAF
CSARGRTGGRYTEAFF	MGYINVFAF
CSAPQGDSNQPQHF	MGYINVFAF
CASSPGQGPEAFF	MGYINVFAF
CASSKKRERTPGSCFF	MGYINVFAF
CASSWTGGGGYTF	MGYINVFAF
CASGGEQFF	MGYINVFAF
CASSLAQDRGFEAFF	MGYINVFAF
CASSYGGNNNEQFF	MGYINVFAF
CASSPGTGAYEQYF	MGYINVFAF
CSAPVKGAANQPQHF	MGYINVFAF
CASSPDLSYNEQFF	MGYINVFAF
CASSISGETQYF	MGYINVFAF
CSAASGILYEQYF	MGYINVFAF
CASSEVGLALYNEQFF	MGYINVFAF
CAINPGQGASTDTQYF	MGYINVFAF
CASSLAGLEQFF	MGYINVFAF
CATSALHSGYNEQFF	MGYINVFAF
CASSYSGTQYF	MGYINVFAF
CASSQEYGSRYEQYF	MGYINVFAF
CASSPTGSEQYF	MGYINVFAF
CASSPSGYEQYF	MGYINVFAF
CASSYSYGTEAFF	MGYINVFAF
CASSYTEALTEAFF	MGYINVFAF
CSARLAGGPPGSYNEQFF	MGYINVFAF
CASRNPGREGFYNEQFF	MGYINVFAF
CASSWNTEAFF	MGYINVFAF
CASSGSPGTGELFF	MGYINVFAF
CASSYGGELFF	MGYINVFAF
CASSSSSGANVLTF	MGYINVFAF
CASSVEGNGAINIQYF	MGYINVFAF
CASSFAGDTQYF	MGYINVFAF
CASSDFQGAYNEQFF	MGYINVFAF
CSARDIGSMNTEAFF	MGYINVFAF
CASSGTSGMYEQYF	MGYINVFAF
CASSLGSSGGNTGELFF	MGYINVFAF
CASSPSGMAQHF	MGYINVFAF
CASSFSVLQFF	MGYINVFAF
CASSYGSYEQYF	MGYINVFAF
CATGGLAEHKNQETQYF	MGYINVFAF
CASMAYSYEQYF	MGYINVFAF
CSARVIEGSNQPQHF	MGYINVFAF
CSARDIVAGVSPLHF	MGYINVFAF
CASSFSYEQYF	MGYINVFAF
CSASTGAGYEQYF	MGYINVFAF
CASSQVGETQYF	MGYINVFAF
CASSFSVEQFF	MGYINVFAF
CASSPTGFEQYF	MGYINVFAF
CASSFYGFVTEQYF	MGYINVFAF
CASSHEFLAGGFDTQYF	MGYINVFAF
CASGLDVGQGGGYTF	MGYINVFAF
CASSIFLAWGELFF	MGYINVFAF
CASSQGADTQYF	MGYINVFAF
CASSYGGNQPQHF	MGYINVFAF
CSAGRESDSGRTDEQYF	MGYINVFAF
CASSKERAGGPTYEQYF	MGYINVFAF
CASSFDGRGGYTF	MGYINVFAF
CSAVGQSSYNEQFF	MGYINVFAF
CASSSLVGPDYNEQFF	MGYINVFAF
CASSWADTQYF	MGYINVFAF
CASSLDLSNQPQHF	MGYINVFAF
CASSVEGRGPYNEQFF	MGYINVFAF
CASGATITSYEQFF	MGYINVFAF
CASTADRGNTEAFF	MGYINVFAF
CASSLWTGEGTYEQYF	MGYINVFAF
CSARGTHDQETQYF	MGYINVFAF
CASSPTGETQYF	MGYINVFAF
CASSFLAGVSYEQYF	MGYINVFAF
CSGNRDTEAFF	MGYINVFAF
CALGAEGGSPLHF	MGYINVFAF
CASSSTGGGTDTQYF	MGYINVFAF
CASSLRDF	MGYINVFAF
CASSLTNQETQYF	MGYINVFAF
CASSPSGAEQFF	MGYINVFAF
CASSLSGETQYF	MGYINVFAF
CATSDFHGLAGEVNTGELFF	MGYINVFAF
CASSDFGGFSYEQYF	MGYINVFAF
CASSDGYGYTF	MGYINVFAF
CSATRGLSTDTQYF	MGYINVFAF
CASSYSGRDYF	MGYINVFAF
CASSKTPFSRGIGEQYF	MGYINVFAF
CATSGALAEQYF	MGYINVFAF
CASSPYLGGYEQYF	MGYINVFAF
CASSLTGETQYF	MGYINVFAF
CASSVELAGDFGTQYF	MGYINVFAF
CARTALGESTDTQYF	MGYINVFAF
CASSYGGYGAWQHF	MGYINVFAF
CASSPTSYEQYF	MGYINVFAF
CASGFTGSGANVLTF	MGYINVFAF
CATPGRLAGGPNEQFF	MGYINVFAF
CASSSTTDLALETQYF	MGYINVFAF
CGSGHTGELFF	MGYINVFAF
CATSSQDDSYEQYF	MGYINVFAF
CASSSSGPKEGQPQHF	MGYINVFAF
CASTGQGAVMAQYF	MGYINVFAF
CASSPTGEGYTF	MGYINVFAF
CASSDLDTQYF	MGYINVFAF
CSVNSPGPEQFF	MGYINVFAF
CASSPTGKLAFF	MGYINVFAF
CASTLGLWPEAFF	MGYINVFAF
CATSLSSANVLTF	MGYINVFAF
CASSLTAEAFF	MGYINVFAF
CASSQEAGSYEQYF	MGYINVFAF
CASSQEGLAGGPARTDTQYF	MGYINVFAF
CASSQPSSEQFF	MGYINVFAF
CSARVYVEQFF	MGYINVFAF
CASSPQINGRGGYTF	MGYINVFAF
CASSQDFHEQFF	MGYINVFAF
CASSLGQYEQYF	MGYINVFAF
CASSTTGYEQYF	MGYINVFAF
CSAIEGTGELFF	MGYINVFAF
CASSFSTEAFF	MGYINVFAF
CASSFSHEQYF	MGYINVFAF
CSATGLDRGHGYTF	MGYINVFAF
CASSQGADTQYF	MGYINVFAF
CASSRTEALTEAFF	MGYINVFAF
CASILLGTGNIQYF	MGYINVFAF
CATSDRGQETQYF	MGYINVFAF
CATSSVAAEQFF	MGYINVFAF
CASSPSGQAEAFF	MGYINVFAF
CASSRTGETQYF	MGYINVFAF
CASTPSGELFF	MGYINVFAF
CASSPQGWELFF	MGYINVFAF
CASSLEWSSYNEQFF	MGYINVFAF
CASSPTGNTIYF	MGYINVFAF
CASSRDPGYEQFF	MGYINVFAF
CASSQEQGYYNEQFF	MGYINVFAF
CSVRTGDRYEQYF	MGYINVFAF
CASTKLSTGPAQYF	MGYINVFAF
CASSSSGANYEQYF	MGYINVFAF
CASSAIDRGGTEAFF	MGYINVFAF
CASSPGTVTYEQYF	MGYINVFAF
CASSPSGGSTDTQYF	MGYINVFAF
CASSPTGETQYF	MGYINVFAF
CASRLRGGMTPLHF	MGYINVFAF
CASSSPGQRNQPQHF	MGYINVFAF
CASNNPTSGVSNQPQHF	MGYINVFAF
CASSFSDTQYF	MGYINVFAF
CASSPSLSGTEAFF	MGYINVFAF
CASSLTGNTYEQYF	MGYINVFAF
CASSPAGARQFF	MGYINVFAF
CSARGVTGRYQPQHF	MGYINVFAF
CASSYSGGGADTQYF	MGYINVFAF
CSVLQGGTEAFF	MGYINVFAF
CATSSSGYEQYF	MGYINVFAF
CASSLADDAFF	MGYINVFAF
CSVDRDTEAFF	MGYINVFAF
CAISDQGLTYEQYF	MGYINVFAF
CASSYQGAGNTEAFF	MGYINVFAF
CASSPTANTEAFF	MGYINVFAF
CASSGPNRDRDYEKLFF	MGYINVFAF
CSASAGTDLYEQYF	MGYINVFAF
CASSQGGHTAFF	MGYINVFAF
CASSTGDEQFF	MGYINVFAF
CASSAPTGQGDYEQYF	MGYINVFAF
CASSYTGGYTF	MGYINVFAF
CASTDRGNTGELFF	MGYINVFAF
CASSLTGFGYTF	MGYINVFAF
CASSYTHSSYNEQFF	MGYINVFAF
CSARTVNTGELFF	MGYINVFAF
CASSLDGAEQFF	MGYINVFAF
CASSLTGEAYEQYF	MGYINVFAF
CASSWGGVSPLHF	MGYINVFAF
CASSPSGHEQFF	MGYINVFAF
CASSFLGELFF	MGYINVFAF
CASSYGNSPLHF	MGYINVFAF
CASSLGGYGYTF	MGYINVFAF
CASSFGQGGYTF	MGYINVFAF
CASSGGYEQYF	MGYINVFAF
CASSQEGDPKQYF	MGYINVFAF
CASSLAGEKLFF	MGYINVFAF
CASSEPAGDMNTEAFF	MGYINVFAF
CASSQPIGGNEQFF	MGYINVFAF
CASSQELGQPQHF	MGYINVFAF
CASSFSGLEQFF	MGYINVFAF
CSVEDGGGYEQYF	MGYINVFAF
CATSRGTEETQYF	MGYINVFAF
CASSVDAGSYEQYF	MGYINVFAF
CASSSSYEQYF	MGYINVFAF
CASSYMGYNEQFF	MGYINVFAF
CASSFAGLYEQYF	MGYINVFAF
CSVEVGDGYEQYF	MGYINVFAF
CASSMRGTSSYNEQFF	MGYINVFAF
CASSFARIAFF	MGYINVFAF
CASSPTGAEQFF	MGYINVFAF
CASSFTQKLFF	MGYINVFAF
CASTFGGLAANEQFF	MGYINVFAF
