CDR3	AA
CASSPSGTGYGYTF	KLWAQCVQL
CASSNQGSSYNEQFF	KLWAQCVQL
CASSLWGNAEAFF	KLWAQCVQL
CASGGWNQPQHF	KLWAQCVQL
CASSLGTGWLEETQYF	KLWAQCVQL
CASSLYGYEQYF	KLWAQCVQL
CASSLQDYEQYF	KLWAQCVQL
CAWRASGFGWSEQYF	KLWAQCVQL
CATSIGLAGEETQYF	KLWAQCVQL
CASRSTATYEQYF	KLWAQCVQL
CASSKDSQVTGELFF	KLWAQCVQL
CASSASDTGELFF	KLWAQCVQL
CASSQNTGELFF	KLWAQCVQL
CASSLGLASTDTQYF	KLWAQCVQL
CSVTHTGDIQETQYF	KLWAQCVQL
CASSQGITDYNEQFF	KLWAQCVQL
CASGLGLAGQETQYF	KLWAQCVQL
CASTYMGLGNQPQHF	KLWAQCVQL
CAIGQGSYEQYF	KLWAQCVQL
CASRPEATASWYTYEQYF	KLWAQCVQL
CSAVAGPLYNEQFF	KLWAQCVQL
CASSGVGQGVWNEQFF	KLWAQCVQL
CASSGAGNTGELFF	KLWAQCVQL
CAEGQGADEQYF	KLWAQCVQL
CASSPGGVSWETQYF	KLWAQCVQL
CASSLETLERTANYGYTF	KLWAQCVQL
CASSLDGLFRETQYF	KLWAQCVQL
CASSSPSGQGIDTQYF	KLWAQCVQL
CASSATVTGNTIYF	KLWAQCVQL
CASSSSGVPGPYNEQFF	KLWAQCVQL
CASSPGTATWSPLHF	KLWAQCVQL
CASSLWGGNTEAFF	KLWAQCVQL
CASSSGVVDYNEQFF	KLWAQCVQL
CASSFRQGTYGYTF	KLWAQCVQL
CASSLGTTSYNEQFF	KLWAQCVQL
CAGEDGFFYEQYF	KLWAQCVQL
CASSLGGGDTDTQYF	KLWAQCVQL
CASSVATQLLGDTQYF	KLWAQCVQL
CASSYASGVLDNEQFF	KLWAQCVQL
CASSYWSGRDYNEQFF	KLWAQCVQL
CASSEHLTSYNEQFF	KLWAQCVQL
CTSSRAGTYAQYF	KLWAQCVQL
CSASSGQGSIPQHF	KLWAQCVQL
CASSPTFTEAFF	KLWAQCVQL
CASGSLSGSYEQYF	KLWAQCVQL
CASSIWGGNTEAFF	KLWAQCVQL
CASLPGASGGNEQFF	KLWAQCVQL
CASSQEANTIYF	KLWAQCVQL
CASSLGQGSDYGYTF	KLWAQCVQL
CASSAWLNTEAFF	KLWAQCVQL
CASTISGAGGAYEQYF	KLWAQCVQL
CASGPGLAGEETQYF	KLWAQCVQL
CSANEANYGYTF	KLWAQCVQL
CASGKGLAGQETQYF	KLWAQCVQL
CASSLSRGIETEAFF	KLWAQCVQL
CASSLDDSTRYTF	KLWAQCVQL
CASSYIADEQFF	KLWAQCVQL
CASSSGQGNEQFF	KLWAQCVQL
CAWRTLSAF	KLWAQCVQL
CASSLGLVSVSRTDTQYF	KLWAQCVQL
CASSEVEGDATNEKLFF	KLWAQCVQL
CASSATDTGELFF	KLWAQCVQL
CASSYYSGRTYNEQFF	KLWAQCVQL
CASSLWLGTGELFF	KLWAQCVQL
CASSFGGASADEQFF	KLWAQCVQL
CASGAPNTGELFF	KLWAQCVQL
CASSLSKDRSYNEQFF	KLWAQCVQL
CASRAAMGGGTEAFF	KLWAQCVQL
CSAPTGVSYNEQFF	KLWAQCVQL
CASSYSGGVDLTGELFF	KLWAQCVQL
CAPATGGTDTQYF	KLWAQCVQL
CASHGPAQETQYF	KLWAQCVQL
CSARDLGLAYEQYF	KLWAQCVQL
CASSRGLAGASEETQYF	KLWAQCVQL
CASSARGVLPYNEQFF	KLWAQCVQL
CASSQDEGQINYNEQFF	KLWAQCVQL
CASSQGAITSEKLFF	KLWAQCVQL
CASSFTAGTGTLGNQPQHF	KLWAQCVQL
CSASSTLIAGHTDTQYF	KLWAQCVQL
CASSDPGVTHNEQFF	KLWAQCVQL
CASSRDGYFMEETQYF	KLWAQCVQL
CAVLGSLHTDTQYF	KLWAQCVQL
CASSLDGGLSYNEQFF	KLWAQCVQL
CASSLVSGVFYNEQFF	KLWAQCVQL
CASTFETTDTQYF	KLWAQCVQL
CASSLGRGSDYGYTF	KLWAQCVQL
CASSLGDSDWDTQYF	KLWAQCVQL
CASSLAGQTLSDTQYF	KLWAQCVQL
CASSYSYNTEAFF	KLWAQCVQL
CASSAWTGGSTDTQYF	KLWAQCVQL
CASSQAHRDFYNEQFF	KLWAQCVQL
CASSFRVLYSYEQYF	KLWAQCVQL
CASRLGTSGTDTQYF	KLWAQCVQL
CASSSRQGLENEQFF	KLWAQCVQL
CASSETGYTGELFF	KLWAQCVQL
CASSPTGDGEQFF	KLWAQCVQL
CASSSGQISYNEQFF	KLWAQCVQL
CASSLGQGLQPQHF	KLWAQCVQL
CASKDSGTDWETQYF	KLWAQCVQL
CASRAGTSGEDTQYF	KLWAQCVQL
CASSIPNLDRPGANVLTF	KLWAQCVQL
CASRKSGGAINEQFF	KLWAQCVQL
CASSRRTGGAGTEAFF	KLWAQCVQL
CSARDRSDYFYEQYF	KLWAQCVQL
CASTRGPGHLNTGELFF	KLWAQCVQL
CASGGINEKLFF	KLWAQCVQL
