CDR3	AA
CASSLTSKYNEQFF	SIIAYTMSL
CASSQYNEQFF	SIIAYTMSL
CASSPTGGPSPGYTF	SIIAYTMSL
CASGSAHEQFF	SIIAYTMSL
CASSWEPGLAGVDTQYF	SIIAYTMSL
CASSTGLANEQFF	SIIAYTMSL
CASSQDLTDLAKNIQYF	SIIAYTMSL
CATSRDRDANIQYF	SIIAYTMSL
CASSLLLTQHTGELFF	SIIAYTMSL
CASGPTGLADCFYNEQFF	SIIAYTMSL
CASSQDPPGPEAFF	SIIAYTMSL
CASSSGVGTQYF	SIIAYTMSL
CASKGEGNQPQHF	SIIAYTMSL
CASSLWDEQYF	SIIAYTMSL
CASSFSPPLAGGNTGELFF	SIIAYTMSL
CASSLRGAPQFF	SIIAYTMSL
CASSRGRGDEQFF	SIIAYTMSL
CASLGETQYF	SIIAYTMSL
CASSLMPKTMNTEAFF	SIIAYTMSL
CASSFGTERGYTF	SIIAYTMSL
CASSSQGQPQHF	SIIAYTMSL
CASSLLGSSPLHF	SIIAYTMSL
CASSSNMVQPQHF	SIIAYTMSL
CASSITGGNKPQHF	SIIAYTMSL
CASSEETSGNEQYV	SIIAYTMSL
CASSSPAGGYTF	SIIAYTMSL
CASSPLTLETQYF	SIIAYTMSL
CASSQEEGTGSNQPQHF	SIIAYTMSL
CASSQEATDTQYF	SIIAYTMSL
CASSSLGAEAFF	SIIAYTMSL
CASSLLGISGSWNEQFF	SIIAYTMSL
CASSLWGTSGEYNEQFF	SIIAYTMSL
CASSSGLAYEQYF	SIIAYTMSL
CASSFPRVVRNEQFF	SIIAYTMSL
CASGPTGLADCFYNEQFF	SIIAYTMSL
CASSFGGNQPQHF	SIIAYTMSL
CASSQHPAGTANYGYTF	SIIAYTMSL
CATSDPKAGGSSETQYF	SIIAYTMSL
CASSPGTGGGGGQPQHF	SIIAYTMSL
CASRPEYQETQYF	SIIAYTMSL
CASSLSLAGADTQYF	SIIAYTMSL
CASSQDLVTSVGYEQYF	SIIAYTMSL
CASSQTTSVNSYEQYF	SIIAYTMSL
CASSEIIGPGGEGEQFF	SIIAYTMSL
CVAAGDADTQYF	SIIAYTMSL
CASSLSLSYGYTF	SIIAYTMSL
CASSMGPNPNEQFF	SIIAYTMSL
CASGRAYEQYF	SIIAYTMSL
CASSPSSAYEQYV	SIIAYTMSL
CASSLGGNYEQYF	SIIAYTMSL
CASSSGTAATNVLTF	SIIAYTMSL
CASSLSGLTEAFF	SIIAYTMSL
CASGTRGNEQFF	SIIAYTMSL
CASSSPLEQYF	SIIAYTMSL
CASSLGLAGGTGELFF	SIIAYTMSL
CASSPNMVFGYTF	SIIAYTMSL
CASSFVSGQETQYF	SIIAYTMSL
CASTAGFNEQFF	SIIAYTMSL
CASSQLGTSGNNEQFF	SIIAYTMSL
CASSPPPGTSVSYNEQFF	SIIAYTMSL
CASMGGIVHF	SIIAYTMSL
CASSFEGGDPSNEQFF	SIIAYTMSL
CASSFGAGELFF	SIIAYTMSL
CASGFGGPAGGYEQYF	SIIAYTMSL
CASITGQSSYNEQFF	SIIAYTMSL
CASLGETQYF	SIIAYTMSL
CASSPLTGANYGYTF	SIIAYTMSL
CASSVVDRGLQDTQYF	SIIAYTMSL
CASSPLDRGPVNEKLFF	SIIAYTMSL
CASSMDTSSYNSPLHF	SIIAYTMSL
CASSFYGSAGDYTGELFF	SIIAYTMSL
CASSLAKGGLTLYQNNEQFF	SIIAYTMSL
CASSHSGTEAFF	SIIAYTMSL
CASSFETGYNEQFF	SIIAYTMSL
CASSIELTNNSPLHF	SIIAYTMSL
CASSPNMVTEAFF	SIIAYTMSL
CASSSGVGTEAFF	SIIAYTMSL
CASGLQYEQYF	SIIAYTMSL
CASSQDTASYEQYF	SIIAYTMSL
CASSSQGNTEAFF	SIIAYTMSL
CASSLPGNEQFF	SIIAYTMSL
CASSGRQRMNTEAFF	SIIAYTMSL
CASSFEISSYNEQFF	SIIAYTMSL
CASGAGITTHEQYF	SIIAYTMSL
CASMYLGTYEQYF	SIIAYTMSL
CASRNNRGPRETQYF	SIIAYTMSL
CASSPGLANEQFF	SIIAYTMSL
CASRSEGNQPQHF	SIIAYTMSL
CASSSGLSYEQYF	SIIAYTMSL
CASSLEGSEAFF	SIIAYTMSL
CASSRTGRAFF	SIIAYTMSL
CSARSRNTEAFF	SIIAYTMSL
CASSPNMFEAFF	SIIAYTMSL
CASSSYRATDTQYF	SIIAYTMSL
CASSGWDSGYEQYF	SIIAYTMSL
CASSPVPGLAGGPVHEQFF	SIIAYTMSL
CSARPLQGASEQYF	SIIAYTMSL
CASTTGSGQPQHF	SIIAYTMSL
CASSSGTGGDTEAFF	SIIAYTMSL
CASSSGVVEQFF	SIIAYTMSL
CASSQGGGNIQYF	SIIAYTMSL
CASSRETGELFF	SIIAYTMSL
CASSQAASGNNEQFF	SIIAYTMSL
CASSLLGDTQYF	SIIAYTMSL
CASSPPMDSPGGTGELFF	SIIAYTMSL
CASSSGVGTEAFF	SIIAYTMSL
CASGRADTQYF	SIIAYTMSL
CASSSDSEGNTIYF	SIIAYTMSL
CASRDTLYQETQYF	SIIAYTMSL
CASSLEGVNQPQHF	SIIAYTMSL
CASSPNMQGYTF	SIIAYTMSL
CASSYLPGQGAHQPQHF	SIIAYTMSL
CASSFKGREAFF	SIIAYTMSL
CASRLQGNTEAFF	SIIAYTMSL
CASGLQYEQYF	SIIAYTMSL
CASGLARALALGTEAFF	SIIAYTMSL
CASSGQGWTTEAFF	SIIAYTMSL
CASSSLSQGYNQPQHF	SIIAYTMSL
CASRLLGDTEAFF	SIIAYTMSL
CASSLTGTGTDTQYF	SIIAYTMSL
CASSLVGRIQETQYF	SIIAYTMSL
CASTDYLETQYF	SIIAYTMSL
CASSQAGTDTQYF	SIIAYTMSL
CASSVSAYEQYF	SIIAYTMSL
CASSSYNEQFF	SIIAYTMSL
CASSFLLNTGELFF	SIIAYTMSL
CASSLIGQGSADEQYF	SIIAYTMSL
CASSPEAPEPVAFF	SIIAYTMSL
