CDR3	AA
CASSIRSSYEQYF	LPFFSNVTW
CASSARSGSEQFF	LPFFSNVTW
CASSIRSSYEQYF	LPFFSNVTW
CASSIRSSYEQYF	LPFFSNVTW
CASSLGRGNQPQHF	LPFFSNVTW
CASSQGSYGYTF	LPFFSNVTW
CASSTRSTDTQYF	LPFFSNVTW
CASSIRSDEKLFF	LPFFSNVTW
CASSPTDSGPQHF	LPFFSNVTW
CASSIRSSYEQYF	LPFFSNVTW
CASSLSPTGVWTDTQYF	LPFFSNVTW
CASSIISTDTQYF	LPFFSNVTW
CASSATGSHEQYF	LPFFSNVTW
CSARDLGTGANYNEQFF	LPFFSNVTW
CASSTRSAYEQYF	LPFFSNVTW
CASTGSSSGPYNEQFF	LPFFSNVTW
CASSLPKGDGYEQYF	LPFFSNVTW
CASSIRSTGELFF	LPFFSNVTW
CASSIRSSYEQYF	LPFFSNVTW
CASSIRASYEQYF	LPFFSNVTW
CASSIRSGETQYF	LPFFSNVTW
CASSKETSGGPSSYNEQFF	LPFFSNVTW
CASSIRSDTEAFF	LPFFSNVTW
CASSSRSAYEQYF	LPFFSNVTW
CASSIRSSYEQYF	LPFFSNVTW
CASSTRSTDTQYF	LPFFSNVTW
CASSSRSSDTQYF	LPFFSNVTW
CASSGGLSSYNEQFF	LPFFSNVTW
CASSTRAGYEQFF	LPFFSNVTW
CASPTDTQYF	LPFFSNVTW
CASSIRSSYEQYF	LPFFSNVTW
CASSLRSTGELFF	LPFFSNVTW
CASTPQDVSSGNTIYF	LPFFSNVTW
CASSERSSYEQYF	LPFFSNVTW
CASSIRSSYEQYF	LPFFSNVTW
CATSDPSTSGRSASTDTQYF	LPFFSNVTW
CASSIRSAYEQYF	LPFFSNVTW
CATYGQGASYEQYF	LPFFSNVTW
CASSIGSYGYTF	LPFFSNVTW
CASSIRSSYEQYF	LPFFSNVTW
CASSIVSRDTQYF	LPFFSNVTW
CASSMGSYGYTF	LPFFSNVTW
CASSIRSSYEQYF	LPFFSNVTW
CASSIGSYGYTF	LPFFSNVTW
CASSAAAQGPQHF	LPFFSNVTW
CASSVGGHVLETQYF	LPFFSNVTW
CASSKRSSIEQFF	LPFFSNVTW
CASSIGAYGYTF	LPFFSNVTW
CASSIRSAYEQYF	LPFFSNVTW
CATYGQGASYEQYF	LPFFSNVTW
CASSVTGLNTEAFF	LPFFSNVTW
CASSLATAPWDYGYTF	LPFFSNVTW
CASSIRSSYEQFF	LPFFSNVTW
CASSIFGGEKLFF	LPFFSNVTW
CASSIHSQETQYF	LPFFSNVTW
CASSSPDTGLYSNQPQHF	LPFFSNVTW
CAISESGQLNSYEQYF	LPFFSNVTW
CASSIRSSYEQYF	LPFFSNVTW
CASSIRSSYEQYF	LPFFSNVTW
CASSAAAQGPQHF	LPFFSNVTW
CASGSSMTGRVGQETQYF	LPFFSNVTW
CASSPLISEATNEKLFF	LPFFSNVTW
CASSVRSSYEQYF	LPFFSNVTW
CASSVVGEGDTQYF	LPFFSNVTW
CASSTRSTDTQYF	LPFFSNVTW
CASSIRSAYEQYF	LPFFSNVTW
CASSGRSTDTQYF	LPFFSNVTW
CASSIYSRGEELFF	LPFFSNVTW
CASSARSAGELFF	LPFFSNVTW
CASSVRASYEQYF	LPFFSNVTW
CASSIGLWGYTF	LPFFSNVTW
CASSINAGGRNEQFF	LPFFSNVTW
CASSTRSSYEQYF	LPFFSNVTW
CASSIGPPGGTEAFF	LPFFSNVTW
CASSIRAGETQYF	LPFFSNVTW
CASTTMASGNTIYF	LPFFSNVTW
CASSLARQETQYF	LPFFSNVTW
CASSTGAYGYTF	LPFFSNVTW
CASSTRSTGELFF	LPFFSNVTW
CASSITGGGMNEQFF	LPFFSNVTW
CASSTGLYGYTF	LPFFSNVTW
CASSTRAGVEQYF	LPFFSNVTW
CASSIFDGQGMDF	LPFFSNVTW
CASSVRSSYEQYF	LPFFSNVTW
CASSVRSTDTQYF	LPFFSNVTW
CASSIRAAGEQFF	LPFFSNVTW
CATSGTGGGVLGEQFF	LPFFSNVTW
CASSIIAQEPQHF	LPFFSNVTW
CASSLPGEGVYQETQYF	LPFFSNVTW
CASSEEVLSGGESYEQYF	LPFFSNVTW
CASSIVSLNEQFF	LPFFSNVTW
CASSIRSSYEQYF	LPFFSNVTW
CASSIVALDQQYF	LPFFSNVTW
CASSTRSTDTQYF	LPFFSNVTW
CASSIRSSYEQYF	LPFFSNVTW
CASLGQRGPMNTEAFF	LPFFSNVTW
CASSSRSAYEQYF	LPFFSNVTW
CAISGDSASLTDTQYF	LPFFSNVTW
CASSWRSTDTQYF	LPFFSNVTW
CASSGRAGNEQFF	LPFFSNVTW
CASSGRSTGELFF	LPFFSNVTW
CASSTRSGIEQFF	LPFFSNVTW
CASSIHSQETQYF	LPFFSNVTW
CASSIRSSYEQYF	LPFFSNVTW
CASSIRSSYEQYF	LPFFSNVTW
CASSIGSYGYTF	LPFFSNVTW
CASSSDQLSGVVRQPQHF	LPFFSNVTW
CASSTRSAYEQYF	LPFFSNVTW
CASSIRSSETQYF	LPFFSNVTW
CASSLEYNEQFF	LPFFSNVTW
CSARVSDRGHPLYGYTF	LPFFSNVTW
CASSTRSSYEQYF	LPFFSNVTW
CASSIRSSYEQYF	LPFFSNVTW
CASSTRAGNEQYF	LPFFSNVTW
CASSIRSAYEQYF	LPFFSNVTW
CASSIRSTDTQYF	LPFFSNVTW
CASSALGGHTEAFF	LPFFSNVTW
CASSIRSSYEQYF	LPFFSNVTW
CASRGQTNYGYTF	LPFFSNVTW
CASSPGDTNTEAFF	LPFFSNVTW
CASSIRSTGELFF	LPFFSNVTW
CASSIRSSYEQYF	LPFFSNVTW
CASSVRSLDTQYF	LPFFSNVTW
CASSIRSTGELFF	LPFFSNVTW
CASSIRSSYEQYF	LPFFSNVTW
CASSTRSSYEQYF	LPFFSNVTW
CASSLRSAYEQYF	LPFFSNVTW
CASSIRSSYEQYF	LPFFSNVTW
CASSTRASYEQYF	LPFFSNVTW
CASSRGPTQETQYF	LPFFSNVTW
CASSIRSDTEAFF	LPFFSNVTW
CASSIRSSYEQYF	LPFFSNVTW
CASSIYSNQPQHF	LPFFSNVTW
CASSPLGVPWENPQHF	LPFFSNVTW
CASSIRSAGEQFF	LPFFSNVTW
CASSTSGANQPQHF	LPFFSNVTW
CASSSAHF	LPFFSNVTW
CASSGERTEESYEQYF	LPFFSNVTW
CASSSPSRPYNEQFF	LPFFSNVTW
CSATTSGRGVAHTQYF	LPFFSNVTW
CASSGRSTGELFF	LPFFSNVTW
CASSIRSSYEQYF	LPFFSNVTW
CASSLGQPTEAFF	LPFFSNVTW
CASSVRSSYEQYF	LPFFSNVTW
CASSIRSSYEQYF	LPFFSNVTW
CASSIRSAYEQYF	LPFFSNVTW
CASSIRSSYEQYF	LPFFSNVTW
CASSYRSSYEQYF	LPFFSNVTW
CASSIRSAGELFF	LPFFSNVTW
CASSPRDRAVSDEQFF	LPFFSNVTW
CASSIGYYGYTF	LPFFSNVTW
CASSIRASYEQYF	LPFFSNVTW
CASSIRSDEKLFF	LPFFSNVTW
CSARDSLASGSSPPPPDTQYF	LPFFSNVTW
CASSLVRDEQFF	LPFFSNVTW
CASSSRSQETQYF	LPFFSNVTW
CASSTGAYGYTF	LPFFSNVTW
CASSMRSAYEQYF	LPFFSNVTW
CASSIVSMDEQFF	LPFFSNVTW
CASSPRSTDTQYF	LPFFSNVTW
CASSVRSAYEQYF	LPFFSNVTW
CASSLTGVVYEQYF	LPFFSNVTW
CASSFSTGQYGQPQHF	LPFFSNVTW
CASSSRSAYEQYF	LPFFSNVTW
CASRREEGEGTDTQYF	LPFFSNVTW
CASSLRSSYEQYF	LPFFSNVTW
CASSLRSTDTQYF	LPFFSNVTW
CASSMRSADTQYF	LPFFSNVTW
CASSIRSAYEQYF	LPFFSNVTW
CASSTRSAYEQYF	LPFFSNVTW
CASSIRSSAEQYF	LPFFSNVTW
CASSQAGLADLGPPDTQYF	LPFFSNVTW
CASSLPGQGVYTDTQYF	LPFFSNVTW
CASSIFGGSRELFF	LPFFSNVTW
CASSILSRQPQHF	LPFFSNVTW
CASSIISLDEQFF	LPFFSNVTW
CASTPSGTYSNQPQHF	LPFFSNVTW
CASSIRSSYEQYF	LPFFSNVTW
CASSPRSTDTQYF	LPFFSNVTW
CASSTRSSYEQYF	LPFFSNVTW
CASSIGVYGYTF	LPFFSNVTW
CASSTGLYGYTF	LPFFSNVTW
CASSQLSNQPQHF	LPFFSNVTW
CASSIYSNQPQHF	LPFFSNVTW
CASSIRAAYEQYF	LPFFSNVTW
CASSIRSSYEQYF	LPFFSNVTW
CASSQTLAGNPYEQYF	LPFFSNVTW
CASSIGLYGYTF	LPFFSNVTW
CASSIRSAYEQYF	LPFFSNVTW
CASSPTGVVTEAFF	LPFFSNVTW
CATSGRAGNEQFF	LPFFSNVTW
CASSTRSSYEQYF	LPFFSNVTW
CASSQEGFNQPQHF	LPFFSNVTW
CASSIRSSYEQYF	LPFFSNVTW
CASSIRSSYEQYF	LPFFSNVTW
CASSLGNYGYTF	LPFFSNVTW
CASSIRSAYEQYF	LPFFSNVTW
CASSYGTGIYNEQFF	LPFFSNVTW
CASSIVSMDEQFF	LPFFSNVTW
CASSIIGLNEQFF	LPFFSNVTW
CASSIRSSYEQYF	LPFFSNVTW
CASSLRLRGTDEQFF	LPFFSNVTW
CASSIRSTDTQYF	LPFFSNVTW
CASSSRSGVEQFF	LPFFSNVTW
CASSTRSTDTQYF	LPFFSNVTW
CASSLTPGLGNEQFF	LPFFSNVTW
CSARPHQFGSPLHF	LPFFSNVTW
CASSIRSAYEQYF	LPFFSNVTW
CASRRLSSYNEQFF	LPFFSNVTW
CASSPRSSDTQYF	LPFFSNVTW
CASSIRSSYEQYF	LPFFSNVTW
CASSIRSGYEQYF	LPFFSNVTW
CASSSRSAYEQYF	LPFFSNVTW
CASSSRSANEQFF	LPFFSNVTW
CASSSRSTGELFF	LPFFSNVTW
CASSQEKLAGGPSSYEQYF	LPFFSNVTW
CASSAPSGRHSYEQYF	LPFFSNVTW
CASSIRSAYEQYF	LPFFSNVTW
CASSQDPGQTYEQYF	LPFFSNVTW
CASSITGTYNEQFF	LPFFSNVTW
CASSIRAGYEQYF	LPFFSNVTW
CASSIRSSYEQYF	LPFFSNVTW
CASSIRSVGELFF	LPFFSNVTW
CASSLGQVGFYNEQFF	LPFFSNVTW
CASSLRSTDTQYF	LPFFSNVTW
CASSGRSGNEQFF	LPFFSNVTW
CASSIGSYGYTF	LPFFSNVTW
CASSSRSSYEQYF	LPFFSNVTW
CASSLRSAYEQYF	LPFFSNVTW
CASSVTGPPSDF	LPFFSNVTW
CASSGRSTDTQYF	LPFFSNVTW
CASSPSPTGIEQFF	LPFFSNVTW
CASRYGPHDRATYEQYF	LPFFSNVTW
IGVSSYNEQFF	LPFFSNVTW
CASSIADYNEQFF	LPFFSNVTW
CASSIRSSYEQYF	LPFFSNVTW
CASSIRSSYEQYF	LPFFSNVTW
CASSIGAYGYTF	LPFFSNVTW
CASSTTGVDEQYF	LPFFSNVTW
CASSPRSGYEQYF	LPFFSNVTW
CASSYSSIGGSYEQYF	LPFFSNVTW
CASSARSAYNEQFF	LPFFSNVTW
CASSIRASYEQYF	LPFFSNVTW
CASSTRSAYEQYF	LPFFSNVTW
CASSPAFTGGAGGQPQHF	LPFFSNVTW
CASSIRSAYEQYF	LPFFSNVTW
CASSIRASYEQYF	LPFFSNVTW
CASSRTHRTYEQYF	LPFFSNVTW
CASSPGGQAHYGYTF	LPFFSNVTW
CASSQDRAGGPELF	LPFFSNVTW
CASSIRSSYEQYF	LPFFSNVTW
CASSIRSSYEQYF	LPFFSNVTW
CASSIGLWGYTF	LPFFSNVTW
CASSARSAIEQYF	LPFFSNVTW
CASSIYGGLYNEQFF	LPFFSNVTW
CASSLSGAGGKYEQYF	LPFFSNVTW
CASSIRSSYEQYF	LPFFSNVTW
CASSTRSNQPQHF	LPFFSNVTW
CASSMGSYGYTF	LPFFSNVTW
CASSIRSAYEQYF	LPFFSNVTW
CASSIRSAYEQYF	LPFFSNVTW
CASSQEMWGDRDKADTGELFF	LPFFSNVTW
CASSIRGGETQYF	LPFFSNVTW
CASSSRSAGELFF	LPFFSNVTW
CASSVRSSYEQYF	LPFFSNVTW
CASSIRSAYEQYF	LPFFSNVTW
CASSIRSSYEQYF	LPFFSNVTW
CASSVRSSYEQYF	LPFFSNVTW
CASSIRSSYEQYF	LPFFSNVTW
CASSPGSGATYEQYF	LPFFSNVTW
CASSMGSYGYTF	LPFFSNVTW
CASSTSGANQPQHF	LPFFSNVTW
CASSTFNGDEQFF	LPFFSNVTW
CASSPRAGNEQFF	LPFFSNVTW
CASSIRSSYEQYF	LPFFSNVTW
CASSIRSSYEQYF	LPFFSNVTW
CASSQRSGVEQFF	LPFFSNVTW
CASSTRSSYEQYF	LPFFSNVTW
CASSIRSSYEQYF	LPFFSNVTW
CASSTRSSYEQYF	LPFFSNVTW
CASSGRSGNEQFF	LPFFSNVTW
CASSTRSTYEQYF	LPFFSNVTW
CASSVRSSYEQYF	LPFFSNVTW
CASSIRSSFEQYF	LPFFSNVTW
CASSSRSAYEQYF	LPFFSNVTW
