CDR3	AA
CASSFARVRVTDTQYF	QELIRQGTDY
CATSGRGQANTGELFF	QELIRQGTDY
CASSPDSATNEKLFF	QELIRQGTDY
CSARGRHQANYGYTF	QELIRQGTDY
CSVNPGNTIYF	QELIRQGTDY
CAWRGIRKTGNYEQYF	QELIRQGTDY
CASSPPRVAGDYEQYF	QELIRQGTDY
CASGEANYGYTF	QELIRQGTDY
CASSPASTLSSYNEQFF	QELIRQGTDY
CASSPREGEQFF	QELIRQGTDY
CASSLQKDEQFF	QELIRQGTDY
CSARDAYEQYF	QELIRQGTDY
CASSGGNYGYTF	QELIRQGTDY
CASRAERDEQFF	QELIRQGTDY
CASTPPNYGYTF	QELIRQGTDY
CASSPPRVFSSYEQYF	QELIRQGTDY
CASSSATSGGWDTQYF	QELIRQGTDY
CATAGNNYGYTF	QELIRQGTDY
CATSDWGGRLTGETQYF	QELIRQGTDY
CASSNSQTSGIGELFF	QELIRQGTDY
CASQQTNTGELFF	QELIRQGTDY
CASRPGTVAYEQYF	QELIRQGTDY
CASSRPNYGYTF	QELIRQGTDY
CASSPYGLAGGLETQYF	QELIRQGTDY
CASSPPRTASSYEQYF	QELIRQGTDY
CASSLQRDEQYF	QELIRQGTDY
CSARTGANYGYTF	QELIRQGTDY
CASSPFGLAGGLETQYF	QELIRQGTDY
CASSPPRVHSSYEQYF	QELIRQGTDY
CALTVNYGYTF	QELIRQGTDY
CASSRENYGYTF	QELIRQGTDY
CASSLSPSSGNTIYF	QELIRQGTDY
CAIQGANYGYTF	QELIRQGTDY
CASSAGNYGYTF	QELIRQGTDY
CASSFGGEKLFF	QELIRQGTDY
CASSGGNYGYTF	QELIRQGTDY
CATSAANYGYTF	QELIRQGTDY
CASTDRANTGELFF	QELIRQGTDY
CSASSRDTANYGYTF	QELIRQGTDY
CASSDEGWTDTQYF	QELIRQGTDY
CASTRSYEQYF	QELIRQGTDY
CASSPERGLFYEQYF	QELIRQGTDY
CSALPQGRANYGYTF	QELIRQGTDY
CASSQARTAGDYEQYF	QELIRQGTDY
CASSLVLVDEQYF	QELIRQGTDY
CASSFGGGTGELFF	QELIRQGTDY
CASSHPGRDAYNEQFF	QELIRQGTDY
CASSQENYGYTF	QELIRQGTDY
CASSFRASASPLHF	QELIRQGTDY
CATSDSNYGYTF	QELIRQGTDY
CASSQIGTDYYGYTF	QELIRQGTDY
CSARAEVLEQFF	QELIRQGTDY
CSALPAEEVNYGYTF	QELIRQGTDY
CASSPAQHGYTF	QELIRQGTDY
CASNLAGGQGPEYF	QELIRQGTDY
CATSNRDTSTDTQYF	QELIRQGTDY
CASSQYGGRAADTQYF	QELIRQGTDY
CSAIIEGLLRGTPRWELFF	QELIRQGTDY
CSALPRDQANYGYTF	QELIRQGTDY
CAWRNYNTEAFF	QELIRQGTDY
CASSPSGDMIYQPQHF	QELIRQGTDY
CASSSDSATNEKLFF	QELIRQGTDY
CASSQGGGAPGYF	QELIRQGTDY
CASSEPHTGTANYGYTF	QELIRQGTDY
CANSRDNYGYTF	QELIRQGTDY
CASSLSQTSAGELFF	QELIRQGTDY
