CDR3	AA
CASSQEVLAGGQETQYF	FCNDPFLGVY
CASSAGLIGELFF	FCNDPFLGVY
CSARTWTSDTDTQYF	FCNDPFLGVY
CASSSGAGPNQPQHF	FCNDPFLGVY
CASSLFGTSGSDGRYF	FCNDPFLGVY
CASSPSSGTGEGEQYF	FCNDPFLGVY
CATRTGMVNTEAFF	FCNDPFLGVY
CSARQTTQLAGATDTQYF	FCNDPFLGVY
CASRRTGYGTDTQYF	FCNDPFLGVY
CASGSAGAYEQYF	FCNDPFLGVY
CASSLYTSPGELFF	FCNDPFLGVY
CSARDQGDWTSGSTAPEGTDTQYF	FCNDPFLGVY
CSANFGDEQYF	FCNDPFLGVY
CASTGTSGRAAQETQYF	FCNDPFLGVY
CASSHGSAGNEQFF	FCNDPFLGVY
CSARGQGRAEETQYF	FCNDPFLGVY
CSARPLSGETSTDTQYF	FCNDPFLGVY
CSARAEVGTGGTDTQYF	FCNDPFLGVY
CASSPITEAFF	FCNDPFLGVY
CAGGTFYEQYF	FCNDPFLGVY
CSAGKTQYF	FCNDPFLGVY
CSARDRGTPTNEKLFF	FCNDPFLGVY
CASSRARWGTDTQYF	FCNDPFLGVY
CASSLLPSGSYNEQFF	FCNDPFLGVY
CATSREDTGELFF	FCNDPFLGVY
CSARDTSAGGETDTQYF	FCNDPFLGVY
CSARRADTDTQYF	FCNDPFLGVY
CASSGNGYEQYF	FCNDPFLGVY
CASSQDRAYEQYF	FCNDPFLGVY
CASSQRTGGNKDNQPQHF	FCNDPFLGVY
CASSENGGGQGSPLHF	FCNDPFLGVY
CASRAGTGWAGDSLEQYF	FCNDPFLGVY
CATSDPRSETGGFYEQFF	FCNDPFLGVY
CSAREASGRDWTDTQYF	FCNDPFLGVY
CASSHTDSSYEQYF	FCNDPFLGVY
CSAHPPRYLSYEQYF	FCNDPFLGVY
CSAEGRQASYEQYF	FCNDPFLGVY
CASQGDYTGELFF	FCNDPFLGVY
CASSLGDHGRNQPQHF	FCNDPFLGVY
CASSQSRDTYYEQYF	FCNDPFLGVY
CASSNGQGDSGANVLTF	FCNDPFLGVY
CASSSGTVDEKLFF	FCNDPFLGVY
CASSTPPGRNTDTQYF	FCNDPFLGVY
CSARDRLPPGDTQYF	FCNDPFLGVY
CASSFGGGAKDEQYF	FCNDPFLGVY
CASRGGVGEQYF	FCNDPFLGVY
CASSLNGPNTEAFF	FCNDPFLGVY
CASSVDEGIGRADTQYF	FCNDPFLGVY
CASSLDRAYEQYF	FCNDPFLGVY
CASSVDAGEQFF	FCNDPFLGVY
CASSSSTGTGELFF	FCNDPFLGVY
CASSLHVRTEAFF	FCNDPFLGVY
CASSWGYEAFF	FCNDPFLGVY
CASTTRDKDNEQFF	FCNDPFLGVY
CASRKAALNSPLHF	FCNDPFLGVY
CASSPIPGPAVGNTIYF	FCNDPFLGVY
CASSPGSVSTDTQYF	FCNDPFLGVY
CASSLGDIMNTEAFF	FCNDPFLGVY
CSARDLILAGGPRSGELFF	FCNDPFLGVY
CSVEDRSGRYTEAFF	FCNDPFLGVY
CASSFSGNQETQYF	FCNDPFLGVY
CASSLLVLPAEAFF	FCNDPFLGVY
CASSSRDESYEQYF	FCNDPFLGVY
CASSERGAHEQFF	FCNDPFLGVY
CASIGTGIIAFF	FCNDPFLGVY
CASSWGQTSAYEQYF	FCNDPFLGVY
