CDR3	AA
CSVGLAGGPYEQFF	EDFLEYHDVR
CASSLGTSSYEQYF	EDFLEYHDVR
CASSQDWPSYNEQFF	EDFLEYHDVR
CASSLASTSGRWYEQYF	EDFLEYHDVR
CASSQDKDRGNTEAFF	EDFLEYHDVR
CASSSLVANEQFF	EDFLEYHDVR
CASSLTGGGTEAFF	EDFLEYHDVR
CSVALAGGPYNEQFF	EDFLEYHDVR
CASSQDSPRTSRRDNEQFF	EDFLEYHDVR
CASSQDGTLSYNEQFF	EDFLEYHDVR
CSVGLAGGPSNEQFF	EDFLEYHDVR
CSANRGHEQYF	EDFLEYHDVR
CASSLVTSYEQYF	EDFLEYHDVR
CASSFWTGANEQFF	EDFLEYHDVR
CSVSPTDPPYEQYF	EDFLEYHDVR
CASSQLAPVNSYEQYF	EDFLEYHDVR
CASSLLGTSGSKEGEQFF	EDFLEYHDVR
CASSWNYNEQFF	EDFLEYHDVR
CASSYFEGGTGELFF	EDFLEYHDVR
CARRWQTDYNSPLHF	EDFLEYHDVR
CSVEAAGGAYNEQFF	EDFLEYHDVR
CASSWRLAANEQFF	EDFLEYHDVR
CSVKYTGVITDTQYF	EDFLEYHDVR
CSVAPSGSSSEQYF	EDFLEYHDVR
CATSDSPKQRTMPQETQYF	EDFLEYHDVR
CAWASGGTYNEQFF	EDFLEYHDVR
CASSLRDEVYNEQFF	EDFLEYHDVR
CASSLPGGTEAFF	EDFLEYHDVR
CSVRDRSPNYGYTF	EDFLEYHDVR
CASSLFERGNTDTQYF	EDFLEYHDVR
CASSAMGARTYEQYF	EDFLEYHDVR
CSAALSGSPLEQFF	EDFLEYHDVR
CSVKERTDTQYF	EDFLEYHDVR
CASSQPFPPYEQYF	EDFLEYHDVR
CAVSSHSNQPQHF	EDFLEYHDVR
CASSEQFNEKLFF	EDFLEYHDVR
CASRGQGHEQFF	EDFLEYHDVR
CASSIDLRVSYNEQFF	EDFLEYHDVR
CASSATGTGYADIQYF	EDFLEYHDVR
CASSLDAAPETQYF	EDFLEYHDVR
CASSLSAYNEQFF	EDFLEYHDVR
CASSFTGTAAYEQYF	EDFLEYHDVR
CASSETTEYSNQPQHF	EDFLEYHDVR
CASSREGEKLFF	EDFLEYHDVR
CASSGILAGLHNEQFF	EDFLEYHDVR
CATSLADYNEQFF	EDFLEYHDVR
CSVQLAGGPDTQYF	EDFLEYHDVR
CSVGLAGNKGDEQFF	EDFLEYHDVR
CASSPDRAPGDQYF	EDFLEYHDVR
CASSSSQRFDDTQYF	EDFLEYHDVR
CATSSDGTSRQPLHF	EDFLEYHDVR
CATSDLVEAGTDTQYF	EDFLEYHDVR
CSGQLAGGIDEQFF	EDFLEYHDVR
CSARPDRGYEQYF	EDFLEYHDVR
CASSERTNTEAFF	EDFLEYHDVR
CAISESGLAGPNEQFF	EDFLEYHDVR
CSVALTGTMNTEAFF	EDFLEYHDVR
CASSFRGPEFNEQFF	EDFLEYHDVR
CASSSEVSYNEQFF	EDFLEYHDVR
CSANHRLAGGSTDTQYF	EDFLEYHDVR
CASSQEPRFGETQYF	EDFLEYHDVR
CSVELAGVGREQFF	EDFLEYHDVR
CSAREIAEYTQYF	EDFLEYHDVR
CSASFGYEQYF	EDFLEYHDVR
CASSLSKGQGEYGYTF	EDFLEYHDVR
CASSQVRAVDTEAFF	EDFLEYHDVR
CSALDSSGSTNTGELFF	EDFLEYHDVR
CASSPSGFLGNQPQHF	EDFLEYHDVR
CASSSLGAGRETQYF	EDFLEYHDVR
CASSQDQALAGALHTLVDTQYF	EDFLEYHDVR
CASSDRLATSTDTQYF	EDFLEYHDVR
CASSPPLGVQETQYF	EDFLEYHDVR
CASSMKSGTSYNEQFF	EDFLEYHDVR
CSVSLSGRATDTQYF	EDFLEYHDVR
CASSQYRLLAGGPYEQYF	EDFLEYHDVR
CASSGYPPNTEAFF	EDFLEYHDVR
CASSAHNSGLGDTQYF	EDFLEYHDVR
CSVGPSSYEQYF	EDFLEYHDVR
CASSQTIGQVNQPQHF	EDFLEYHDVR
CSLGLAGGTDTQYF	EDFLEYHDVR
CASSSRLDSQYF	EDFLEYHDVR
CASTNFGSGGGIYEQYF	EDFLEYHDVR
CASSTGQGSFPEAFF	EDFLEYHDVR
CASSIQDANQPQHF	EDFLEYHDVR
CASSRQVPETQYF	EDFLEYHDVR
CSVGLAGGKGNEQYF	EDFLEYHDVR
CARRGGTSGRPAGNEQFF	EDFLEYHDVR
CASSDRATSYEQYF	EDFLEYHDVR
CSVEAPGRLRPYEQYF	EDFLEYHDVR
CASSQDGAGGPGNEQFF	EDFLEYHDVR
CASSPAGSADTQYF	EDFLEYHDVR
CSVGLAGGADTQYF	EDFLEYHDVR
CASSRTDSYNEQFF	EDFLEYHDVR
CSARGGFLSYEQYF	EDFLEYHDVR
CASSLAAGGYGYTF	EDFLEYHDVR
CASSLDGGLYGYTF	EDFLEYHDVR
CASSNVGEETQYF	EDFLEYHDVR
CASSLDLGYNEQFF	EDFLEYHDVR
CSARGQGYQPQHF	EDFLEYHDVR
CASSQEGVGTEAFF	EDFLEYHDVR
CAIAAGGGNTGELFF	EDFLEYHDVR
CASSYGTSVTQETQYF	EDFLEYHDVR
CASGRGDNYGYTF	EDFLEYHDVR
CASSPFPEAFF	EDFLEYHDVR
CSVGTAYEQYF	EDFLEYHDVR
CSVALAGGPNEQFF	EDFLEYHDVR
RASSLTPIYEQYF	EDFLEYHDVR
CSARPQGTTGELFF	EDFLEYHDVR
CASSLGGEETQYF	EDFLEYHDVR
CSARGMERNTEAFF	EDFLEYHDVR
CASSIPGQGGPGELFF	EDFLEYHDVR
CASSTPAGNYNEQFF	EDFLEYHDVR
CASSPGTSVGDTQYF	EDFLEYHDVR
CASSQDRANPLEQFF	EDFLEYHDVR
CSVALAGGADTQYF	EDFLEYHDVR
CASREDRYNEQFF	EDFLEYHDVR
CASSLFLGMNTEAFF	EDFLEYHDVR
CSVAPSGIGADTQYF	EDFLEYHDVR
CSVDSAGVWGDTQYF	EDFLEYHDVR
CSTRGTLAGGGDTQYF	EDFLEYHDVR
CSVTKTGGTYTEAFF	EDFLEYHDVR
CASSHRALYEQYF	EDFLEYHDVR
CSVQLAGGYNEQFF	EDFLEYHDVR
RASSLTGQGAYEQYF	EDFLEYHDVR
CASSPRDSFGELFF	EDFLEYHDVR
CSVAPTGQGSSYEQYF	EDFLEYHDVR
CSVDLEVMTDTQYF	EDFLEYHDVR
CASSLAVDSYYEQYF	EDFLEYHDVR
CASSMAGNYEQYF	EDFLEYHDVR
CASFREVGATGELFF	EDFLEYHDVR
CASSSKFGDYYNSPLHF	EDFLEYHDVR
CASSEGRGDRSSYEQYF	EDFLEYHDVR
CASSSYRDGDSPLHF	EDFLEYHDVR
CASSGTGTATDTQYF	EDFLEYHDVR
CSVALAGGPHEQFF	EDFLEYHDVR
CASSLVDSGYGYTF	EDFLEYHDVR
CASSIGRPAGAGANVLTF	EDFLEYHDVR
CASREGQGPAGANVLTF	EDFLEYHDVR
CSVEEGWDREANYGYTF	EDFLEYHDVR
CSATGLADYEQYF	EDFLEYHDVR
CASSQDPGTGDGYTF	EDFLEYHDVR
CASSSSGANVLTF	EDFLEYHDVR
CASSPTGGIAGETQYF	EDFLEYHDVR
CASRAETVTDTQYF	EDFLEYHDVR
CSVAAAGTSTDTQYF	EDFLEYHDVR
CSVRQTGTRTDTQYF	EDFLEYHDVR
CASSQEWRTLLEDQYF	EDFLEYHDVR
CSARPKEAYEQYF	EDFLEYHDVR
CASGLWTGGMNTEAFF	EDFLEYHDVR
CASSMWQTDEAFF	EDFLEYHDVR
CASSYRNEKLFF	EDFLEYHDVR
CASGGLAHNTGELFF	EDFLEYHDVR
CASIGAYNEQFF	EDFLEYHDVR
CASSVAGQAYNEQFF	EDFLEYHDVR
CSVGPGPYEQYF	EDFLEYHDVR
CASNEAAASGLQETQYF	EDFLEYHDVR
CASSPLEDRLGNQPQHF	EDFLEYHDVR
CASSQDRGGQPQHF	EDFLEYHDVR
CASSQGPGGELFF	EDFLEYHDVR
CASSLGDSSYEQYF	EDFLEYHDVR
CATSDFRALAGGRNEQFF	EDFLEYHDVR
CASSEATDHRGRDEKLFF	EDFLEYHDVR
CASSLIAGGADEMDYGYTF	EDFLEYHDVR
CASSRTSSGSRTDTQYF	EDFLEYHDVR
CASSGDEQFF	EDFLEYHDVR
CASSYGRGGNEQFF	EDFLEYHDVR
CSARDRETIYNSPLHF	EDFLEYHDVR
CSVGLTGTSGNEQFF	EDFLEYHDVR
CASSETDRSEQFF	EDFLEYHDVR
CSVALAGPYEQYF	EDFLEYHDVR
CASSVTREDYGYTF	EDFLEYHDVR
CATSDSGLGPLDTQYF	EDFLEYHDVR
CSVGFTGMRNTEAFF	EDFLEYHDVR
CASSESAGSSTDTQYF	EDFLEYHDVR
CASRSESSGNLYNEQFF	EDFLEYHDVR
CASSSELGLNTGELFF	EDFLEYHDVR
CASSLQIAGTGEETQYF	EDFLEYHDVR
CASSSGGSSTDTQYF	EDFLEYHDVR
CSARVGLVDTGELFF	EDFLEYHDVR
CASSPGTSGINEQFF	EDFLEYHDVR
CASLPPGTSGRGTQYF	EDFLEYHDVR
CASSDSKGSGNTIYF	EDFLEYHDVR
CASSPDQTPNIQYF	EDFLEYHDVR
CASSEKGWVGYGYTF	EDFLEYHDVR
CSVALAGGTYNEQFF	EDFLEYHDVR
CASSQALSGLDEQFF	EDFLEYHDVR
CAWSVGGNTEAFF	EDFLEYHDVR
CASSLFGDDEQYF	EDFLEYHDVR
CSANRQGALPREAFF	EDFLEYHDVR
CSAWGMNTEAFF	EDFLEYHDVR
CASLGPTYNSPLHF	EDFLEYHDVR
CSGALAGGPSNEQYF	EDFLEYHDVR
CAPRRGAGVSEAFF	EDFLEYHDVR
CASSYIPGPPNTEAFF	EDFLEYHDVR
CASSKAGKEGLAGDLMADTQYF	EDFLEYHDVR
CASSLTGVAGPLNEQFF	EDFLEYHDVR
CATSRVDSEAFF	EDFLEYHDVR
CSARDPGGSYEQYF	EDFLEYHDVR
CASSEGLAFTDTQYF	EDFLEYHDVR
CASSPHPDTRVPNTGELFF	EDFLEYHDVR
CASSPSGANVLTF	EDFLEYHDVR
CSAQGGGDYGYTF	EDFLEYHDVR
CASSRQGAYGDTEAFF	EDFLEYHDVR
CASSHRDTSSYNEQFF	EDFLEYHDVR
CASPLGQGAITDTQYF	EDFLEYHDVR
CASSLYGTGGLAEAFF	EDFLEYHDVR
CASSLSGRWNQPQHF	EDFLEYHDVR
CSAGSSYEQYF	EDFLEYHDVR
CASSPWGQGGTDTQYF	EDFLEYHDVR
CASSLGTGEVEQFF	EDFLEYHDVR
CASSFSSYNEQFF	EDFLEYHDVR
CSVGLAGGPYEQYF	EDFLEYHDVR
CSGTISSYNEQFF	EDFLEYHDVR
CASSLSYSSGEETQYF	EDFLEYHDVR
CASSLGQRLDNEQFF	EDFLEYHDVR
CSVGLAGGLGEQYF	EDFLEYHDVR
CASSADSIIIYEQFF	EDFLEYHDVR
CASSQEYGPYEQYF	EDFLEYHDVR
CASSLGTGDVSGANVLTF	EDFLEYHDVR
CSARDPSYEQYF	EDFLEYHDVR
CASSQDSRTSGREKTQYF	EDFLEYHDVR
CSVQTSGSSYEQYF	EDFLEYHDVR
CSARDSGEFAYEQYF	EDFLEYHDVR
CSLSLAGGPNEQFF	EDFLEYHDVR
CATSTGSYNNEQFF	EDFLEYHDVR
CASSLQAGTADTGELFF	EDFLEYHDVR
CSVASSGSSTDTQYF	EDFLEYHDVR
CASSYPDTQYF	EDFLEYHDVR
CASSLVAALDTEAFF	EDFLEYHDVR
CSVGLAGGPNEQFF	EDFLEYHDVR
CASSFIKVGSQNIQYF	EDFLEYHDVR
CSVSETSTDTQYF	EDFLEYHDVR
CAWSAGGNTEAFF	EDFLEYHDVR
CSVGLAGGYTGELFF	EDFLEYHDVR
CASSLSIMELVYEQYF	EDFLEYHDVR
CASSLSSRQEIGPEQYF	EDFLEYHDVR
CASSLVAEDPLGEQFF	EDFLEYHDVR
CSVSYSGTATDTQYF	EDFLEYHDVR
CASLSYSYNEQFF	EDFLEYHDVR
CSVSTGGYYEQYF	EDFLEYHDVR
CASSLAGGVLGTDTQYF	EDFLEYHDVR
CASSFLGNEQFF	EDFLEYHDVR
CASSLWVASGLYEQYF	EDFLEYHDVR
CSARDNNIGTANTGELFF	EDFLEYHDVR
CATSSSAAEADTQYF	EDFLEYHDVR
CSVEEAEYNEQFF	EDFLEYHDVR
CASSLVKVGQGPNYEQYF	EDFLEYHDVR
CASSEDFQGTGELFF	EDFLEYHDVR
CASSLGTTDTQYF	EDFLEYHDVR
CASSLSAGYSGANVLTF	EDFLEYHDVR
CATALRGNYEQYF	EDFLEYHDVR
CASSLGDYRRYNEQFF	EDFLEYHDVR
CASSQSPGQYNSPLHF	EDFLEYHDVR
CASSVAGTSTDTQYF	EDFLEYHDVR
CASSLEAVGTEAFF	EDFLEYHDVR
CASSPTDRDEQYF	EDFLEYHDVR
CASSLDSYEQYF	EDFLEYHDVR
CSVMLAGGSDTQYF	EDFLEYHDVR
CASSPKDRVDNEQFF	EDFLEYHDVR
CSVGQGPYEQYF	EDFLEYHDVR
CASSLFGGGLYNEQFF	EDFLEYHDVR
CASSLFAGAYNEQFF	EDFLEYHDVR
CASSPVAGPTYEQYF	EDFLEYHDVR
CASNGRGVSGRTEETQYF	EDFLEYHDVR
CASSQDLSGKNGDEQFF	EDFLEYHDVR
CSAAGTGGMNTEAFF	EDFLEYHDVR
CASRSLLIGTGGPRMNTEAFF	EDFLEYHDVR
CSVGPGPYEQYF	EDFLEYHDVR
CSVAAGGNTEAFF	EDFLEYHDVR
CASSLAGGGVGETQYF	EDFLEYHDVR
CSARWGEQNYEQYF	EDFLEYHDVR
CAISESKDRGGIYTDTQYF	EDFLEYHDVR
RASNQESGGTYEQYF	EDFLEYHDVR
CSARSTGGYEQYF	EDFLEYHDVR
CSVGLAGGMDTQYF	EDFLEYHDVR
CSARDISYEQYF	EDFLEYHDVR
CASSEIRDRGYEQYF	EDFLEYHDVR
CASSSRGLEGYEQYF	EDFLEYHDVR
CASSQDSGTSFEQFF	EDFLEYHDVR
CASSPDSHNEQFF	EDFLEYHDVR
CASSPWTALDYEQYF	EDFLEYHDVR
CSARDPSRGYEQYF	EDFLEYHDVR
CASKPGQGKQYF	EDFLEYHDVR
CSARPIRLAAGDTQYF	EDFLEYHDVR
CASSLAWKETQYF	EDFLEYHDVR
CASSPTWTGEKLFF	EDFLEYHDVR
CASSEDRSSYNEQFF	EDFLEYHDVR
CASSLWLAGDTGELFF	EDFLEYHDVR
CAVTGQPYNEQFF	EDFLEYHDVR
CSVAPSGSSYEQYF	EDFLEYHDVR
CSVTTGEHYGYTF	EDFLEYHDVR
CSVGDRGGANYGYTF	EDFLEYHDVR
CASIDDRGLETQYF	EDFLEYHDVR
CASSLKREGYQETQYF	EDFLEYHDVR
CSAPPLAGVGDTQYF	EDFLEYHDVR
CSVEISSYNEQFF	EDFLEYHDVR
CSANPLGGTYSGNTIYF	EDFLEYHDVR
CASSQKPSGKSEGYTF	EDFLEYHDVR
CASRPAGTEYNEKLFF	EDFLEYHDVR
CASSQDGGTLSYNEQFF	EDFLEYHDVR
CSVEAPGHLLTYEQYF	EDFLEYHDVR
CASSRMGFGYEQYF	EDFLEYHDVR
CASTGGQGPFNEQFF	EDFLEYHDVR
CSVGETGTAGTEAFF	EDFLEYHDVR
CASTTGGATQETQYF	EDFLEYHDVR
CASSLAGKGGVSDTQYF	EDFLEYHDVR
CASSPDRTETQYF	EDFLEYHDVR
CASSFVAAYTDTQYF	EDFLEYHDVR
CASSGRRDRENYGYTF	EDFLEYHDVR
CSARDRGTGELFF	EDFLEYHDVR
CASRQGRQMNTEAFF	EDFLEYHDVR
CSARDRSQPQHF	EDFLEYHDVR
CASSSVRDRELGGYTF	EDFLEYHDVR
CASSKAPITKTSGRPLSSYNEQFF	EDFLEYHDVR
CASRSPEAQYF	EDFLEYHDVR
CARDRVVAEQYF	EDFLEYHDVR
CASSQDMQAYEQYF	EDFLEYHDVR
CASSLVMNLGPNSPLHF	EDFLEYHDVR
CASLSRDKYSYEQYF	EDFLEYHDVR
CASSLSGGVGQFF	EDFLEYHDVR
CSVELAANNEQFF	EDFLEYHDVR
CASSPEGQGGTGELFF	EDFLEYHDVR
CASSPWGEGRYEQYF	EDFLEYHDVR
CASSETPKQGAGELFF	EDFLEYHDVR
CASSQFAGSEQYF	EDFLEYHDVR
CASSQAILAGGPNEQFF	EDFLEYHDVR
CASLGQYYNEQFF	EDFLEYHDVR
CSARTETSYSTDTQYF	EDFLEYHDVR
CASSVGEGYAYNEQFF	EDFLEYHDVR
CASSPETPYNEQFF	EDFLEYHDVR
CSAQAAGGSTDTQYF	EDFLEYHDVR
CSVVRTMNTEAFF	EDFLEYHDVR
CSVGPSGSSYEQYF	EDFLEYHDVR
CASSGTGNNEQFF	EDFLEYHDVR
CSVALTGERNNEQFF	EDFLEYHDVR
CSARDPRQGYEQYF	EDFLEYHDVR
CSVSETGVGTDTQYF	EDFLEYHDVR
CSVAPTGQYTDTQYF	EDFLEYHDVR
CASSLGLAYEQYF	EDFLEYHDVR
CASSIDKTGFDTEAFF	EDFLEYHDVR
CATSRVDNEQFF	EDFLEYHDVR
CASSTTDRSEAFF	EDFLEYHDVR
CASSLLALGEQFF	EDFLEYHDVR
CSARILADYEQYF	EDFLEYHDVR
CSATLAGGPYEQYF	EDFLEYHDVR
CASRPGLALEQFF	EDFLEYHDVR
CASSRTSGVSSYNEQFF	EDFLEYHDVR
CSVALAGGPNEQFF	EDFLEYHDVR
CSVVSASSYEQYF	EDFLEYHDVR
CASKGPRQEQYF	EDFLEYHDVR
CASSPGRDRGNTGELFF	EDFLEYHDVR
CASSPRSGRNIQYF	EDFLEYHDVR
CSIRDRGTGELFF	EDFLEYHDVR
CASSQDHGTRRIYEQYF	EDFLEYHDVR
CSARRGEVSYEQYF	EDFLEYHDVR
CSCRETGGAEAFF	EDFLEYHDVR
CASRAGADTEAFF	EDFLEYHDVR
CSAGLAGGPYEQYF	EDFLEYHDVR
CASSGYSTSGRNEQFF	EDFLEYHDVR
CSVGLAGGLQEQYF	EDFLEYHDVR
CASSIDSTSTDTQYF	EDFLEYHDVR
CSVAVEDGKNTEAFF	EDFLEYHDVR
CASSAPLREAYNEQFF	EDFLEYHDVR
CASRTWTSNTGELFF	EDFLEYHDVR
CASSSSDRTDTQYF	EDFLEYHDVR
CASSPGLAGGPRDNEQFF	EDFLEYHDVR
CSVEIPGLAGGRYEQYF	EDFLEYHDVR
CASGALGNEQFF	EDFLEYHDVR
CSVADTGTSSDTQYF	EDFLEYHDVR
CSVALTGGQETQYF	EDFLEYHDVR
CASSQIPGLAGDNEQFF	EDFLEYHDVR
CASTTSGRLDNEQFF	EDFLEYHDVR
CASSFSTQRGYVYNEQFF	EDFLEYHDVR
CASSSSGRGYEQYF	EDFLEYHDVR
CSVEVPGLAGAKVYEQYF	EDFLEYHDVR
CSVEFLGDIYNEQFF	EDFLEYHDVR
CASSSATGVFFTYNEQFF	EDFLEYHDVR
CSAGLAGGPRETQYF	EDFLEYHDVR
