CDR3	AA
CASSIGSYGYTF	FFSNVTWFH
CASSTRSSYEQYF	FFSNVTWFH
CASSPTGVVTEAFF	FFSNVTWFH
CASSLRSTGELFF	FFSNVTWFH
CASSFQVLPYNEQFF	FFSNVTWFH
CASSIRSTDTQYF	FFSNVTWFH
CASSIGLYGYTF	FFSNVTWFH
CASSTRSGVEQYF	FFSNVTWFH
CASSGLAGGDEQFF	FFSNVTWFH
CASSTRSTYEQYF	FFSNVTWFH
CASSQEKLAGGPSSYEQYF	FFSNVTWFH
CASSLGQVGFYNEQFF	FFSNVTWFH
CASSFVSTEALAKNIQYF	FFSNVTWFH
CASSRIAGVNEQFF	FFSNVTWFH
CASSLSAASNQPQHF	FFSNVTWFH
CASSSLSNQPQHF	FFSNVTWFH
CASSLSGAGGKYEQYF	FFSNVTWFH
CASSMRSTGELFF	FFSNVTWFH
CASSTSGANQPQHF	FFSNVTWFH
CASSWTSGSPNEQFF	FFSNVTWFH
CASSRTHRTYEQYF	FFSNVTWFH
CASSIRASYEQYF	FFSNVTWFH
CASGSSMTGRVGQETQYF	FFSNVTWFH
CASSLPQQGTYEQYF	FFSNVTWFH
CASSQAGLADLGPPDTQYF	FFSNVTWFH
CASSPRSGYEQYF	FFSNVTWFH
CASSSRSAYEQYF	FFSNVTWFH
CASSIFGGSRELFF	FFSNVTWFH
CASSSRSAGELFF	FFSNVTWFH
CASSTSGANQPQHF	FFSNVTWFH
CASSGERTEESYEQYF	FFSNVTWFH
CASSGRASQPQHF	FFSNVTWFH
CASSLRGIDSNQPQHF	FFSNVTWFH
CASSITGTYNEQFF	FFSNVTWFH
CASSLLIDLMNTEAFF	FFSNVTWFH
CASSPGLATGLGYEQYF	FFSNVTWFH
CASSLRSSYEQYF	FFSNVTWFH
CASSTGLYGYTF	FFSNVTWFH
CASSLRSTDTQYF	FFSNVTWFH
CASSIRSTDTQYF	FFSNVTWFH
CASSRRSTDTQYF	FFSNVTWFH
CASSLRLRGTDEQFF	FFSNVTWFH
CASSIGSYGYTF	FFSNVTWFH
CASSIRSSYEQYF	FFSNVTWFH
CASSTGAYGYTF	FFSNVTWFH
CASSGRSTDTQYF	FFSNVTWFH
CASSSRSSYEQYF	FFSNVTWFH
CASSTSSTGELFF	FFSNVTWFH
CASSWTGEDEQYF	FFSNVTWFH
CASSVRSSYEQYF	FFSNVTWFH
CASSIRSSYEQYF	FFSNVTWFH
CASSIGYYGYTF	FFSNVTWFH
CASSIRSSYEQYF	FFSNVTWFH
CASSIRSTDTQYF	FFSNVTWFH
CASSIRSAYEQYF	FFSNVTWFH
CASSIRSSYEQYF	FFSNVTWFH
CASSLGGTEQFF	FFSNVTWFH
CASSIRSTYEQYF	FFSNVTWFH
CASSIRSGVEQYF	FFSNVTWFH
CASSIRSSYEQYF	FFSNVTWFH
CASRGQTNYGYTF	FFSNVTWFH
CASSIRSSYEQYF	FFSNVTWFH
CASSIRSSYEQYF	FFSNVTWFH
CASSIRSSYEQYF	FFSNVTWFH
CASSMGSYGYTF	FFSNVTWFH
CASSYRSSYEQYF	FFSNVTWFH
CASSIRSSYEQYF	FFSNVTWFH
CASSMRSSYEQYF	FFSNVTWFH
CASSIRSAYEQYF	FFSNVTWFH
CASSIFGGSRELFF	FFSNVTWFH
CASSSRSDNEQFF	FFSNVTWFH
CASSLLYVTSGGDYEQYF	FFSNVTWFH
CASSTGSYGYTF	FFSNVTWFH
CASSRRSSDTQYF	FFSNVTWFH
CASSIRSTGELFF	FFSNVTWFH
CASSIRSSYEQYF	FFSNVTWFH
CASSIRSSYEQYF	FFSNVTWFH
CASSTRSSYEQYF	FFSNVTWFH
CASSMRSTDTQYF	FFSNVTWFH
CASSQEKLAGGPSSYEQYF	FFSNVTWFH
CASSGRSAGELFF	FFSNVTWFH
CASSTRGIHEQYF	FFSNVTWFH
CASRYGPHDRATYEQYF	FFSNVTWFH
CASSIRSTGELFF	FFSNVTWFH
CASSLRSTDTQYF	FFSNVTWFH
CASSIYSNTEAFF	FFSNVTWFH
CASSIRSAGELFF	FFSNVTWFH
CASSIFYLQEQYF	FFSNVTWFH
CASSIGSYGYTF	FFSNVTWFH
CASSILSRQPQHF	FFSNVTWFH
CASSIISLDEQFF	FFSNVTWFH
CASSIISTDTQYF	FFSNVTWFH
CASSIRSAYEQYF	FFSNVTWFH
CASSIGLWGYTF	FFSNVTWFH
CASSQGQGLAGLDTQYF	FFSNVTWFH
CASSIRSTGELFF	FFSNVTWFH
CASSIFDGQGMDF	FFSNVTWFH
CASSPGGFTDEQYF	FFSNVTWFH
CASSIRSGYEQYF	FFSNVTWFH
CASSVRSSYEQYF	FFSNVTWFH
CASSIRSSYEQYF	FFSNVTWFH
CASSIRSSYEQYF	FFSNVTWFH
CASSIRSSYEQYF	FFSNVTWFH
CASSSSGQLNTEAFF	FFSNVTWFH
CASSLRSTGELFF	FFSNVTWFH
CASRLRV	FFSNVTWFH
CASSIRAGYEQYF	FFSNVTWFH
CASSIRSAYEQYF	FFSNVTWFH
CASSIRSTGELFF	FFSNVTWFH
CASSIRSGYEQYF	FFSNVTWFH
CASSLPGQGVYTDTQYF	FFSNVTWFH
CASSIRSAYEQYF	FFSNVTWFH
CASSIRSSYEQYF	FFSNVTWFH
CASSQGSYGYTF	FFSNVTWFH
CASSVRSTDTQYF	FFSNVTWFH
CASSAAAQGPQHF	FFSNVTWFH
CASSQRSTDTQYF	FFSNVTWFH
CASSVVGEGDTQYF	FFSNVTWFH
CASSAPSGRHSYEQYF	FFSNVTWFH
CASTPGTGYSPLHF	FFSNVTWFH
CASSIRSSYEQYF	FFSNVTWFH
CASSIYSNQPQHF	FFSNVTWFH
CASSQEMWGDRDKADTGELFF	FFSNVTWFH
CASSIRSSGEQFF	FFSNVTWFH
CASSTRSAYEQYF	FFSNVTWFH
CASSLEYNEQFF	FFSNVTWFH
CASPKVGLANGREQFF	FFSNVTWFH
CASSLARQETQYF	FFSNVTWFH
CASSLVVDQETQYF	FFSNVTWFH
CASSSRSSDTQYF	FFSNVTWFH
CASSATGSHEQYF	FFSNVTWFH
CASSIRSQDTQYF	FFSNVTWFH
CASSIRSSDTQYF	FFSNVTWFH
CASSAAVRGETQYF	FFSNVTWFH
CASLGQRGPMNTEAFF	FFSNVTWFH
CASSFRSTDTQYF	FFSNVTWFH
CASSTRSAYEQYF	FFSNVTWFH
CASSIRSSFEQYF	FFSNVTWFH
CASSYSSIGGSYEQYF	FFSNVTWFH
CASSSPPTGVMTDEQYF	FFSNVTWFH
CASSPRSSDTQYF	FFSNVTWFH
CASSQDPGQTYEQYF	FFSNVTWFH
CASSFSDTQYF	FFSNVTWFH
CASSTRSTDTQYF	FFSNVTWFH
CASRRTGEETQYF	FFSNVTWFH
CASSVRSSYEQYF	FFSNVTWFH
CASSIGLYGYTF	FFSNVTWFH
CASSIVSRDEQFF	FFSNVTWFH
CASSLRSTGELFF	FFSNVTWFH
CASSIYSRGEELFF	FFSNVTWFH
CASSGTSGNPYEQYF	FFSNVTWFH
CASSGRAGDTQYF	FFSNVTWFH
CASSPLGVPWENPQHF	FFSNVTWFH
CASSIRSSYEQYF	FFSNVTWFH
CASSIRSSYEQYF	FFSNVTWFH
CASSSRSGVEQFF	FFSNVTWFH
CASSTRSSGEQYF	FFSNVTWFH
CASSIRSSDEQFF	FFSNVTWFH
CASSIGLYGYTF	FFSNVTWFH
CASSARSGSEQFF	FFSNVTWFH
CASSSRSAYEQYF	FFSNVTWFH
CASSGRSTGELFF	FFSNVTWFH
CASSPRSSDTQYF	FFSNVTWFH
CASSMGSYGYTF	FFSNVTWFH
CASSLATAPWDYGYTF	FFSNVTWFH
CASTGTPYNEQFF	FFSNVTWFH
CASSAHHGGTEAFF	FFSNVTWFH
CASSSRSSYEQYF	FFSNVTWFH
CASSALSNQPQHF	FFSNVTWFH
CASSIRSSYEQYF	FFSNVTWFH
CASSGRSTGELFF	FFSNVTWFH
CASSLEGAGVASYEQYF	FFSNVTWFH
CASSIFSGLNEQFF	FFSNVTWFH
CASSIRSTGELFF	FFSNVTWFH
CASSIRSAYEQYF	FFSNVTWFH
CARSSGVNQPQHF	FFSNVTWFH
CASSLGQPTEAFF	FFSNVTWFH
CASSARSTGELFF	FFSNVTWFH
CASSIRSAYEQYF	FFSNVTWFH
CASSQAPSGSYEQYF	FFSNVTWFH
CASSIRSGETQYF	FFSNVTWFH
CASSVRGTSNGYTF	FFSNVTWFH
CASSIGVYGYTF	FFSNVTWFH
CASSIRAGYEQYF	FFSNVTWFH
CASSIRSTHEQYF	FFSNVTWFH
CASSQAAWGQVALAGGGEQFF	FFSNVTWFH
CASSSPDTGLYSNQPQHF	FFSNVTWFH
CASSQGQGVNEQFF	FFSNVTWFH
CASSTRSGTEQFF	FFSNVTWFH
CASSIRSTDTQYF	FFSNVTWFH
CASSIRSAYEQYF	FFSNVTWFH
CASSFYFGPAETQYF	FFSNVTWFH
CASSIRSAYEQYF	FFSNVTWFH
CASSIGVYGYTF	FFSNVTWFH
CASSARSAYNEQFF	FFSNVTWFH
CASSIGAYGYTF	FFSNVTWFH
CSARDRQGLAKNIQYF	FFSNVTWFH
CASSIRSSYEQYF	FFSNVTWFH
CASSIRASYEQYF	FFSNVTWFH
CASSIYSNQPQHF	FFSNVTWFH
CASSIRSSYEQYF	FFSNVTWFH
CASSPRSTDTQYF	FFSNVTWFH
CASSVRSSYEQYF	FFSNVTWFH
CASSWRSTDTQYF	FFSNVTWFH
CASSIRSAYEQYF	FFSNVTWFH
CASSSRSAVEQYF	FFSNVTWFH
CASSLSYNEQFF	FFSNVTWFH
CASSMRSAYEQYF	FFSNVTWFH
CASSIRSSYEQYF	FFSNVTWFH
CATRADTSGDYNEQFF	FFSNVTWFH
CASSIRSSYEQYF	FFSNVTWFH
CASSSRSTGELFF	FFSNVTWFH
CASSIRSGYEQYF	FFSNVTWFH
CASSVRSAYEQYF	FFSNVTWFH
CASSIRSAYEQYF	FFSNVTWFH
CASSPRSGIEQFF	FFSNVTWFH
CASSIRSAYEQYF	FFSNVTWFH
CASSIRSSYEQYF	FFSNVTWFH
CASSIRSSYEQYF	FFSNVTWFH
CASSTRSTDTQYF	FFSNVTWFH
CASSTGLYGYTF	FFSNVTWFH
CASAKTGTGTDTQYF	FFSNVTWFH
CASSIRSSYEQYF	FFSNVTWFH
CASSSRSGNEQFF	FFSNVTWFH
CASSIRSSYEQYF	FFSNVTWFH
CASSIRSSYEQYF	FFSNVTWFH
CASSIRSSYEQYF	FFSNVTWFH
CASSLDRAGNQPQHF	FFSNVTWFH
CASSLLATGTASYEQYF	FFSNVTWFH
CASSFGHPSSYEQYF	FFSNVTWFH
CASSIGYYGYTF	FFSNVTWFH
CASSTRSAYEQYF	FFSNVTWFH
CASSIRSAYEQYF	FFSNVTWFH
CASSIRASYEQYF	FFSNVTWFH
CASSVSSTGELFF	FFSNVTWFH
CASSIRSGEGQFF	FFSNVTWFH
CASSEEVLSGGESYEQYF	FFSNVTWFH
CASSQGSYGYTF	FFSNVTWFH
CASSMGSYGYTF	FFSNVTWFH
CASSVRSSYEQYF	FFSNVTWFH
CASSPRAGNEQFF	FFSNVTWFH
CASSMRSAYEQYF	FFSNVTWFH
CASSIRSSYEQYF	FFSNVTWFH
CASSIRSSETQYF	FFSNVTWFH
CASSTRSTGELFF	FFSNVTWFH
CASSIRSAYEQYF	FFSNVTWFH
CASMGQGEGYTF	FFSNVTWFH
CASSIRSSYEQYF	FFSNVTWFH
CASSVRSSYEQYF	FFSNVTWFH
CASSIRSSYEQYF	FFSNVTWFH
CSARDSLASGSSPPPPDTQYF	FFSNVTWFH
CASSIRSTYEQYF	FFSNVTWFH
CASGSSMTGRVGQETQYF	FFSNVTWFH
CASSSRSSYEQYF	FFSNVTWFH
CASSAGAGGLETQYF	FFSNVTWFH
CASSIRSAYEQYF	FFSNVTWFH
CASSHPETGRYEQFF	FFSNVTWFH
CASSIRSSYEQYF	FFSNVTWFH
CATSDPSTSGRSASTDTQYF	FFSNVTWFH
CASSIISLDEQFF	FFSNVTWFH
CASSIRAAYEQYF	FFSNVTWFH
CASSIRSTDTQYF	FFSNVTWFH
CASSGRAGNEQFF	FFSNVTWFH
CASSIYGGLYNEQFF	FFSNVTWFH
CASSIRAGYEQYF	FFSNVTWFH
CASSTRSAYEQYF	FFSNVTWFH
CASSIGSYGYTF	FFSNVTWFH
CASSVRSSYEQYF	FFSNVTWFH
CASSVTGPPSDF	FFSNVTWFH
CASSRGSYTGELFF	FFSNVTWFH
