CDR3	AA
CASGRGGTEQYF	LLQYGSFCT
CASSFASEAFF	LLQYGSFCT
CASSRLAGSEQFF	LLQYGSFCT
CASSQDPTGLNTEAFF	LLQYGSFCT
CASSFGTEAFF	LLQYGSFCT
CASRQGADEQYF	LLQYGSFCT
CASSFRLHSSYEQYF	LLQYGSFCT
CASSLTGGGNEQFF	LLQYGSFCT
CASSPGTGNQPQHF	LLQYGSFCT
CSARVGAGNQETQYF	LLQYGSFCT
CASTPATTNTGELFF	LLQYGSFCT
CASSLSPREQFF	LLQYGSFCT
CASKDGAGWNQPQHF	LLQYGSFCT
CASSSGTGAYEQYF	LLQYGSFCT
CASSTGGLETQYF	LLQYGSFCT
CASSPAGGYTF	LLQYGSFCT
CASSQLGLGNTEAFF	LLQYGSFCT
CASSLFRTGVTEAFF	LLQYGSFCT
CASSIGTSDTQYF	LLQYGSFCT
CASSPQGPNQPQHF	LLQYGSFCT
CASSLSPNEQFF	LLQYGSFCT
