CDR3	AA
CASSLSWTSYEQYF	KLNVGDYFV
CASSLGAGWTDTQYF	KLNVGDYFV
CASSPLLAGGPVTGELFF	KLNVGDYFV
CAWETGTGDYNEQFF	KLNVGDYFV
CASSLVAILGETQYF	KLNVGDYFV
CASTLAGGSYNEQFF	KLNVGDYFV
CASSQDRQGWNTGELFF	KLNVGDYFV
CSATTGGYEQYF	KLNVGDYFV
CSALAGVEQYF	KLNVGDYFV
CASSPVAGTGITGELFF	KLNVGDYFV
CASSLVLGWDLNTEAFF	KLNVGDYFV
CASTVESGGIYGYTF	KLNVGDYFV
CSAGGVPISYEQYF	KLNVGDYFV
CASSESAAPGSWGEQFF	KLNVGDYFV
CASSPNGGLSTDTQYF	KLNVGDYFV
CASSQAGVEPNEKLFF	KLNVGDYFV
CASSQEKGAGGFTGELFF	KLNVGDYFV
CSAKAGNKNIQYF	KLNVGDYFV
CASSLAIGTGVESYEQYF	KLNVGDYFV
CASSQGASYEQYF	KLNVGDYFV
CSARQGSEAFF	KLNVGDYFV
CASSLATGVPFSGELFF	KLNVGDYFV
CASSSPSSSSYNEQFF	KLNVGDYFV
CATAPALGEQYF	KLNVGDYFV
CASSFRDRVDEAFF	KLNVGDYFV
CATSRAAASLLDTQYF	KLNVGDYFV
CASSKGIREGPNRAGANVLTF	KLNVGDYFV
CASSQENLLAGVFYNEQFF	KLNVGDYFV
CASSYMIGANLNTEAFF	KLNVGDYFV
CASSLALGHGVPNTEAFF	KLNVGDYFV
CSAETGAGNYGYTF	KLNVGDYFV
CASSLSPYSNEQFF	KLNVGDYFV
CASSLGLAGPYNEQFF	KLNVGDYFV
CASSPGNPNQPQHF	KLNVGDYFV
CASTMGGSPLHF	KLNVGDYFV
CASSALLAGGPWAGELFF	KLNVGDYFV
CASSPTGTSGGEQFF	KLNVGDYFV
CASSLAVGVGVYNEQFF	KLNVGDYFV
CSAAQTGSSYNEQFF	KLNVGDYFV
CSARSGLEQFF	KLNVGDYFV
CAISEPGQGPMNTEAFF	KLNVGDYFV
CSVWDSSTEAFF	KLNVGDYFV
CASSLGRTYEQYF	KLNVGDYFV
CASSSDPGILAGGVSYNEQFF	KLNVGDYFV
CAISENAGAHQETQYF	KLNVGDYFV
CASSGGQGAYITEAFF	KLNVGDYFV
CASSLRGERTYNEQFF	KLNVGDYFV
CSARPQGNEQFF	KLNVGDYFV
CASSPQGVSYEQYF	KLNVGDYFV
CASSLLQGPSGETQYF	KLNVGDYFV
CASSLEPGVFLYSNQPQHF	KLNVGDYFV
CASSYGRGTTEAFF	KLNVGDYFV
CASSLAGGAYEQYF	KLNVGDYFV
CSAREAQLQFF	KLNVGDYFV
CASSLTSGSSYNEQFF	KLNVGDYFV
CASSQAEGPHEQFF	KLNVGDYFV
CASSLAHGVGPLYEQYF	KLNVGDYFV
CASSAGTAGFYEQYF	KLNVGDYFV
CASSLDGETQYF	KLNVGDYFV
CASTQAGAADTQYF	KLNVGDYFV
CSARGDPGEQFF	KLNVGDYFV
CASSTGGTGPNQPQHF	KLNVGDYFV
CSARAGSEQYF	KLNVGDYFV
CASSQEGRGTEWTQYF	KLNVGDYFV
CASSRVDRDLGSEQFF	KLNVGDYFV
CASSERTGTGGLGGELFF	KLNVGDYFV
CASSQAVGVPFTDTQYF	KLNVGDYFV
CSVEDSVLGGMGETQYF	KLNVGDYFV
CASSWGRTYEQYF	KLNVGDYFV
CGILAGVEQFF	KLNVGDYFV
CASSLALGGGLYNEQFF	KLNVGDYFV
CASSDSYGYTF	KLNVGDYFV
CASSIGTGGDDGELFF	KLNVGDYFV
CASSYSPGVLVTGGPETQYF	KLNVGDYFV
CSARKEQVLTYEQYF	KLNVGDYFV
CASIKNTGTGGVALNSPLHF	KLNVGDYFV
CASSLGQPYEQYF	KLNVGDYFV
CSATSGSSYNEQFF	KLNVGDYFV
CASTLGLGQGVFVYNEQFF	KLNVGDYFV
CASSPSTGQGIHSPLHF	KLNVGDYFV
