CDR3	AA
CASSSLAGGEQFF	ADAGFIKQY
CASRFDTGLNEQFF	ADAGFIKQY
CASSFWSSGRGGTDTQYF	ADAGFIKQY
CASSRSTGDQETQYF	ADAGFIKQY
CASSRSPLDQETQYF	ADAGFIKQY
CASSQEGQGSGYTF	ADAGFIKQY
CASSYSPGRDYTGELFF	ADAGFIKQY
CASSSWASGRGGQETQYF	ADAGFIKQY
CASSYPTSGREFYEQYF	ADAGFIKQY
CASSFRVAGDRGFGTQYF	ADAGFIKQY
CASSFVGANNEQYF	ADAGFIKQY
CSARGARNTEAFF	ADAGFIKQY
CASSKGTVSGLSG	ADAGFIKQY
CASSSSFGGRNTGELFF	ADAGFIKQY
CASSLTGGPGETQYF	ADAGFIKQY
CASSLWASGRGGTGELFF	ADAGFIKQY
CASRLGGAANNEQFF	ADAGFIKQY
CSARDLGTDGTYEQYF	ADAGFIKQY
CASSASGGSNSPLHF	ADAGFIKQY
CASSWGRDEQFF	ADAGFIKQY
CASSQGRITGYEQYF	ADAGFIKQY
CASSLGWNTEAFF	ADAGFIKQY
CASSFIASGRGGVYEQYF	ADAGFIKQY
CASSQGGRLNTEAFF	ADAGFIKQY
CASSPGLRDEQFF	ADAGFIKQY
CASSTRLAGGPHNEQFF	ADAGFIKQY
CASSFRTVSSYEQYF	ADAGFIKQY
