CDR3	AA
CASSPTPLLSPGTEAFF	NRDVDTDFVNEFY
CASRQGGRDEQFF	NRDVDTDFVNEFY
CASSPVPPPYSNQPQHF	NRDVDTDFVNEFY
CASSPTGVGYTF	NRDVDTDFVNEFY
CASRPAPWNTEAFF	NRDVDTDFVNEFY
CASSSGSSYEQYF	NRDVDTDFVNEFY
CASSKESGTSGITTGELFF	NRDVDTDFVNEFY
CASSPGNTIYF	NRDVDTDFVNEFY
CASSPGGDTIYF	NRDVDTDFVNEFY
CASSSVAITDTQYF	NRDVDTDFVNEFY
CASSPTSGRAPGQQETQYF	NRDVDTDFVNEFY
CASSLWGQVSYEQYF	NRDVDTDFVNEFY
CASSFRTNTGELFF	NRDVDTDFVNEFY
CASSFSGAGYTF	NRDVDTDFVNEFY
CASSPGGSMNTEAFF	NRDVDTDFVNEFY
CSARDRSFHNEQFF	NRDVDTDFVNEFY
CASSPGGSPLHF	NRDVDTDFVNEFY
CASSASGTWEYF	NRDVDTDFVNEFY
CASRFPGDGYTF	NRDVDTDFVNEFY
CASVAGGRNEQFF	NRDVDTDFVNEFY
CASGSGGLPLGTEAFF	NRDVDTDFVNEFY
CASSLAGSHPQYF	NRDVDTDFVNEFY
CASSFSPTFYNEQFF	NRDVDTDFVNEFY
CASTPSPVDVNYGYTF	NRDVDTDFVNEFY
CASSPGGTEAFF	NRDVDTDFVNEFY
CASSPGGTEAFF	NRDVDTDFVNEFY
CASSIVPVGPLNTGELFF	NRDVDTDFVNEFY
CASSPGGEKLFF	NRDVDTDFVNEFY
CASSITPDSPADGYTF	NRDVDTDFVNEFY
CSARDQTGGGQPQHF	NRDVDTDFVNEFY
CALQGEGTGELFF	NRDVDTDFVNEFY
CASSPGGTEAFF	NRDVDTDFVNEFY
CASSPRTSGYTDTQYF	NRDVDTDFVNEFY
CASSPGGGTEAFF	NRDVDTDFVNEFY
CASSPGGGELFF	NRDVDTDFVNEFY
CASSVNRQGATYEQYF	NRDVDTDFVNEFY
CASSYTGIAAFF	NRDVDTDFVNEFY
CASSHGGGTEAFF	NRDVDTDFVNEFY
CASSLGGGTEAFF	NRDVDTDFVNEFY
CASSPGGSEAFF	NRDVDTDFVNEFY
CASSPGGGSYEQYF	NRDVDTDFVNEFY
CSALQGAAGYTF	NRDVDTDFVNEFY
CASSPGGVNTEAFF	NRDVDTDFVNEFY
CASSPRPSGEQYF	NRDVDTDFVNEFY
CASSPGGSLNTEAFF	NRDVDTDFVNEFY
CASSPEGGVNEQFF	NRDVDTDFVNEFY
CASSWGGAPPQHF	NRDVDTDFVNEFY
CASSPTGGAAYEQYF	NRDVDTDFVNEFY
CASSGTGVGYTF	NRDVDTDFVNEFY
CASSEDPPYNEQFF	NRDVDTDFVNEFY
CASSPGGFPDTQYF	NRDVDTDFVNEFY
CASSPGGNTIYF	NRDVDTDFVNEFY
CASSLARLAGTDTQYF	NRDVDTDFVNEFY
CSVLKQGADGYTF	NRDVDTDFVNEFY
CAISEWTGGGSYNSPLHF	NRDVDTDFVNEFY
CASSPGGTRLFF	NRDVDTDFVNEFY
CASSSAPGTYEQYF	NRDVDTDFVNEFY
CASSPGGGEQYF	NRDVDTDFVNEFY
CAISELRREGANVLTF	NRDVDTDFVNEFY
CASSPGGTEAFF	NRDVDTDFVNEFY
CASSPGGTEAFF	NRDVDTDFVNEFY
CASSGGGTEAFF	NRDVDTDFVNEFY
CASSPGGAEAFF	NRDVDTDFVNEFY
CASKGQENTEAFF	NRDVDTDFVNEFY
CASSPGGAEAFF	NRDVDTDFVNEFY
