CDR3	AA
CSAREQGTEAFF	LLYDANYFL
CSARGPQLAGTTDTQYF	LLYDANYFL
CASSQVGLAEPNEQFF	LLYDANYFL
CSAPGQGNGQPQHF	LLYDANYFL
CASRGQSKPTPLAKNIQYF	LLYDANYFL
CASSLGTGGFYEQYF	LLYDANYFL
CASSQDHREQFF	LLYDANYFL
CASPLRDCDWTGELFF	LLYDANYFL
CASSSLTGGAGNQPQHF	LLYDANYFL
CASSRLAGAVDTQYF	LLYDANYFL
CASSLGGTEAFF	LLYDANYFL
CATSEGSSGNTIYF	LLYDANYFL
CASGSGYSYEQYF	LLYDANYFL
CASSQDHNEQFF	LLYDANYFL
CSVRAMNYEQYF	LLYDANYFL
CASSQEVFGNQPQHF	LLYDANYFL
CSVVRRGRFSYEQYF	LLYDANYFL
CSVVGGSISYEQYF	LLYDANYFL
CASSQDHGEQYF	LLYDANYFL
CASSPGTGGQETQYF	LLYDANYFL
CASSSGQIYEQYF	LLYDANYFL
CASSLVGSLELSNQPQHF	LLYDANYFL
CASSVGTSGSPAQQYF	LLYDANYFL
CASSFSVREFYEQYF	LLYDANYFL
CSVEASSGGLSYEQYF	LLYDANYFL
CASSSGQSYEQYF	LLYDANYFL
CASGPNDRLKETQYF	LLYDANYFL
CASSEPGGQGEETQYF	LLYDANYFL
CASSQEGPTNTGELFF	LLYDANYFL
CSARLAGVEQYF	LLYDANYFL
CSAQDFESHGELFF	LLYDANYFL
CASSPTTGRQPQHF	LLYDANYFL
CASSLGSTEAFF	LLYDANYFL
CASSHPREAYNEQFF	LLYDANYFL
CASTEDPGGYNEQFF	LLYDANYFL
CASSLNNEKLFF	LLYDANYFL
CASSVVDRGTEAFF	LLYDANYFL
CSVEEQGNEQYF	LLYDANYFL
CASSFADNQPQHF	LLYDANYFL
CASSQDLAGVGEQYF	LLYDANYFL
CASSYQSPGELFF	LLYDANYFL
CASSEGWTGYNEQFF	LLYDANYFL
CSARDHSGRGTDTQYF	LLYDANYFL
CASSLLGGEKLFF	LLYDANYFL
CASSHFSGLEQFF	LLYDANYFL
CASSDGTGLTIAKNIQYF	LLYDANYFL
CASSDQNRGGLGETQYF	LLYDANYFL
CASSQGANGELFF	LLYDANYFL
CATSRGDSTDTQYF	LLYDANYFL
CSATPAVRLAGVAPIQFF	LLYDANYFL
CASSLTARDYNTGELFF	LLYDANYFL
CASSLTDGTEAFF	LLYDANYFL
CASSEGQGGQETQYF	LLYDANYFL
CASSARQADGYTF	LLYDANYFL
CASSVDPRTGDLNTEAFF	LLYDANYFL
CASPKEGSGLSPYEQYF	LLYDANYFL
CSARPRDIQETQYF	LLYDANYFL
CASSLEVVDSGTDTQYF	LLYDANYFL
CSVGNVPNKIYEQYF	LLYDANYFL
CASSGQLTGELFF	LLYDANYFL
CSARLGDKNIQYF	LLYDANYFL
CASSLAGTNEKLFF	LLYDANYFL
CSVRPGDYGYTF	LLYDANYFL
CASSPQGLGTEQYF	LLYDANYFL
CASSWDRSSYEQYF	LLYDANYFL
CASSGGWGETQYF	LLYDANYFL
CASSFPQRESTDTQYF	LLYDANYFL
CASSQDQYTQYF	LLYDANYFL
CASSQLPGGYEQFF	LLYDANYFL
CSARGSTGTAGEQFF	LLYDANYFL
CSALGTSGATGELFF	LLYDANYFL
CASSHSPTPQPQHF	LLYDANYFL
CASSQDPGASYNEQFF	LLYDANYFL
CASSFGGEGAFF	LLYDANYFL
CASSPPGGKTQYF	LLYDANYFL
CSAFPQTARYGYTF	LLYDANYFL
CSARQGNRNTIYF	LLYDANYFL
CASSFDGSLPNEQFF	LLYDANYFL
CASSLRDHHNEQFF	LLYDANYFL
CSARGSGLEQFF	LLYDANYFL
CASSQALLVDEQFF	LLYDANYFL
CASRSLDRVVGEKLFF	LLYDANYFL
CASSPLSKIMETQYF	LLYDANYFL
CSAFPHAANTEAFF	LLYDANYFL
CASSQGLASIYEQYF	LLYDANYFL
CASSRQGSYNEQFF	LLYDANYFL
CASSGMTGTGYTF	LLYDANYFL
CSASHVRAETQYF	LLYDANYFL
CASSLSGDYTYEQYF	LLYDANYFL
CASFSGSTETQYF	LLYDANYFL
CASSKDHTEAFF	LLYDANYFL
CASSRVDNQPQHF	LLYDANYFL
CSARGTNTGELFF	LLYDANYFL
CAWSVYGGNTGELFF	LLYDANYFL
CASSGGLNGEQFF	LLYDANYFL
CASSLAGTGGGNEQFF	LLYDANYFL
CASSLTEGNTEAFF	LLYDANYFL
CASSDRDSYEQYF	LLYDANYFL
CASSGIGDPSGANVLTF	LLYDANYFL
CASSYTNEQFF	LLYDANYFL
CASSPDSHLYEQYF	LLYDANYFL
CASSKRRGGRNTEAFF	LLYDANYFL
CASSLTTGTSGTNEQFF	LLYDANYFL
CASSFPPRAEAFF	LLYDANYFL
CASTRDGNEQFF	LLYDANYFL
CASSSLGGASGANEQFF	LLYDANYFL
CASSPGGFGYEQYF	LLYDANYFL
CATSDRDAGELFF	LLYDANYFL
CASSLGGAEAFF	LLYDANYFL
CSAGYTSGRAVFYNEQFF	LLYDANYFL
CSAPGQGLGQPQHF	LLYDANYFL
CASSIGGSTEAFF	LLYDANYFL
CASSSRRAIIDTQYF	LLYDANYFL
CASSQVAGREQYF	LLYDANYFL
CASNGGGSNEKLFF	LLYDANYFL
CASSLGGTEAFF	LLYDANYFL
CASSGLAGDGGSRRELFF	LLYDANYFL
CASSSPNNQPQHF	LLYDANYFL
CASSKVNNQPQHF	LLYDANYFL
CAISDILSDSNQPQHF	LLYDANYFL
CSASLIGTGDPYEQYF	LLYDANYFL
CASSQTSPPNANTGELFF	LLYDANYFL
CSVGRSGGQPQHF	LLYDANYFL
CASSEIGTYEQFF	LLYDANYFL
CASSFSVIGPRRETQYF	LLYDANYFL
CSARRADRNTIYF	LLYDANYFL
CATSALDEQFF	LLYDANYFL
CASSQDHQEQYF	LLYDANYFL
CASSLSGSTEAFF	LLYDANYFL
CSVRQGSYGYTF	LLYDANYFL
CSARAGTKNIQYF	LLYDANYFL
CASSWGRDQPQHF	LLYDANYFL
CSARTVSVTQYF	LLYDANYFL
CASSNPRTGVGTGELFF	LLYDANYFL
CASSSGGVGGKNIQYF	LLYDANYFL
CATSRGDSTDTQYF	LLYDANYFL
CASSRAIAGVGEQFF	LLYDANYFL
CASSEGKGTSGRSIVNEQFF	LLYDANYFL
CASSLSSGGGHIQYF	LLYDANYFL
CASSHGGTVNEQYF	LLYDANYFL
CSVYGQTNTEAFF	LLYDANYFL
CATQGEGATYEQYF	LLYDANYFL
CASSQVQGSNEQFF	LLYDANYFL
CASAPSGRIYEQFF	LLYDANYFL
CASSLEQGNYEQYF	LLYDANYFL
CASSSTGGKGTQYF	LLYDANYFL
CASSLGGSTEAFF	LLYDANYFL
CASSDLAGGKTSGTYNEQFF	LLYDANYFL
CASSLPGGGIRDEQYF	LLYDANYFL
CASSLIGGAGNIQYF	LLYDANYFL
CASSPGGANEKLFF	LLYDANYFL
CASSSVRGGYNEQFF	LLYDANYFL
CASSTAQREAMGNEQFF	LLYDANYFL
CASSLGSTEAFF	LLYDANYFL
CASRPTDGYGYTF	LLYDANYFL
CASSPTGGSGNTIYF	LLYDANYFL
CSVDGRGLSTDTQYF	LLYDANYFL
CASSFFGAVNSPLHF	LLYDANYFL
CASSLAGFPGLANEQFF	LLYDANYFL
CATHLRTSGGVEQFF	LLYDANYFL
CASSTNTGELFF	LLYDANYFL
CASSIQGAGGELFF	LLYDANYFL
CASSRGGGYTDTQYF	LLYDANYFL
CAISDPESTEWEQYF	LLYDANYFL
CASSLPPAGEDYGYTF	LLYDANYFL
CASSQDHNEQFF	LLYDANYFL
CASSWDRTNNEQFF	LLYDANYFL
CASSPSHGTSGARETQYF	LLYDANYFL
CSARRSNSYNEQFF	LLYDANYFL
CASSQEPHELNTEAFF	LLYDANYFL
CASSLPTSAYNEQFF	LLYDANYFL
CASSTVDRNTEAFF	LLYDANYFL
CASSSTGETYEQYF	LLYDANYFL
CSVRQGTYEQYF	LLYDANYFL
CASSLDVSYNEQFF	LLYDANYFL
CSVAGTGNPYEQYF	LLYDANYFL
CASRLAQSGELFF	LLYDANYFL
CASSGGSGFADTQYF	LLYDANYFL
CASSVVDRGREQFF	LLYDANYFL
CASRPGPSTPQHF	LLYDANYFL
CASSHASGNEQYF	LLYDANYFL
CSARWGIEQFF	LLYDANYFL
CASSPWGKYTGELFF	LLYDANYFL
CASSEGNTIYF	LLYDANYFL
CASSLLAGGELFF	LLYDANYFL
CASSLGTGGDTQYF	LLYDANYFL
CASSLKSSGNTGELFF	LLYDANYFL
CSVRGTGTKIPVQYTF	LLYDANYFL
CASSLGSTEAFF	LLYDANYFL
CASSYSNVVAEDEQFF	LLYDANYFL
CASSAPGEVSGANVLTF	LLYDANYFL
CSARLGNYNEQFF	LLYDANYFL
CASSFGSGNEQFF	LLYDANYFL
CASSTGGAKNIQYF	LLYDANYFL
CATSDFEFTDTQYF	LLYDANYFL
CSAGTPDGLDSGELFF	LLYDANYFL
CASSELGTTYEQYF	LLYDANYFL
CALGFTPPPDTQYF	LLYDANYFL
CASSLGAGFETQYF	LLYDANYFL
CASGRDRSSYEQYF	LLYDANYFL
CASSLGAGRETQYF	LLYDANYFL
CASSVGNSNSPLHF	LLYDANYFL
CSVDARGLNTEAFF	LLYDANYFL
CASRRGDSSYEQYF	LLYDANYFL
CASSYPLPLKQAIANTGELFF	LLYDANYFL
CASSPGLAGVPEQFF	LLYDANYFL
CASSQPLKPNRGNHQETQYF	LLYDANYFL
CASSTGTSGIIYEQYF	LLYDANYFL
CASSPNSYNEQFF	LLYDANYFL
CASSLGTGSYEQYF	LLYDANYFL
CASSLGTGGVF	LLYDANYFL
CASSRTGGNQPQHF	LLYDANYFL
CASRVAGASDTQYF	LLYDANYFL
CASSLGTSGAYEQYF	LLYDANYFL
CASSQGTGYQPQHF	LLYDANYFL
CASSLAGGFSTDTQYF	LLYDANYFL
CASSQISGETQYF	LLYDANYFL
CASSQLMWETQYF	LLYDANYFL
CASSLGLGSTDTQYF	LLYDANYFL
CSVRDGSYEQYF	LLYDANYFL
CASSRTSGRIQETQYF	LLYDANYFL
CASSSGQIYEQYF	LLYDANYFL
CASIHRAAMATGELFF	LLYDANYFL
CSAVSGPPYNEQFF	LLYDANYFL
CAISESAGKNTGELFF	LLYDANYFL
CSARVGVEQYF	LLYDANYFL
CASSLTSGTLYNEQFF	LLYDANYFL
CSAEQGSEQFF	LLYDANYFL
CASSQRPGGGLDSPLHF	LLYDANYFL
CASRMGDRTYEQYF	LLYDANYFL
CSAPHAGSFSYEQYF	LLYDANYFL
CASSLADSGANVLTF	LLYDANYFL
CSRGSPDTQYF	LLYDANYFL
CASSLGGSTEAFF	LLYDANYFL
CSATLAGGYEQYF	LLYDANYFL
CSVENSQGPNEQYF	LLYDANYFL
CSVEYQGHEQYF	LLYDANYFL
CASGSGQGRNQPQHF	LLYDANYFL
CASSPRPGPGELFF	LLYDANYFL
CSASTSGAYNEQFF	LLYDANYFL
CASSHQGAGYEQYF	LLYDANYFL
CASSQDHYEQYF	LLYDANYFL
CSVGKGPYQETQYF	LLYDANYFL
CASSLGGSTEAFF	LLYDANYFL
CASSLADRAYEQYF	LLYDANYFL
CASSLGAGGPGETQYF	LLYDANYFL
CASSYPLRGQETQYF	LLYDANYFL
CASSLVGQGVAGELFF	LLYDANYFL
CASSLNPRTDISYEQYF	LLYDANYFL
CSAREVSSGNTIYF	LLYDANYFL
CSARDRDDTDTQYF	LLYDANYFL
CASSLGAGGGETQYF	LLYDANYFL
CASSFTGSGGETQYF	LLYDANYFL
CASSLTPGLGSTEAFF	LLYDANYFL
CSYGPQGPDGYTF	LLYDANYFL
CASSLTAPMNTEAFF	LLYDANYFL
CASSQDPGFYGYTF	LLYDANYFL
CATAGQGANEQFF	LLYDANYFL
CASSLAGRNTEAFF	LLYDANYFL
RPDTSNEQYF	LLYDANYFL
CASSLLQGSNQPQHF	LLYDANYFL
CSARPADQQETQYF	LLYDANYFL
CASSLGGSTEAFF	LLYDANYFL
CASSLIQDEQYF	LLYDANYFL
CASSPAGTKGELFF	LLYDANYFL
CASSLGSGGSPLHF	LLYDANYFL
CASSDGLARNEQFF	LLYDANYFL
CASSRTETYNEQFF	LLYDANYFL
CASSSISRDRSYGYTF	LLYDANYFL
CASSFPTSEATDTQYF	LLYDANYFL
CASSPGQGVYTDTQYF	LLYDANYFL
CASSLTVSNTGELFF	LLYDANYFL
CSARGQGPYNEQFF	LLYDANYFL
CASSFGDTHYEQYF	LLYDANYFL
CASSQSVIVTEAFF	LLYDANYFL
CASSTTGTRGSNEQFF	LLYDANYFL
CASSLSGRPDTQYF	LLYDANYFL
CASSLVAGNNQPQHF	LLYDANYFL
CASSLELDSPEAFF	LLYDANYFL
CASSWSSGSIDEQYF	LLYDANYFL
CASSPQGNIQYF	LLYDANYFL
CASSWTGSTEAFF	LLYDANYFL
CSANREVGGNEQFF	LLYDANYFL
CATRKTGGSEAFF	LLYDANYFL
CASSLGGTEAFF	LLYDANYFL
CASSQIILAGAGEETQYF	LLYDANYFL
CATSRDPGSSSGNTIYF	LLYDANYFL
CASSWTGLTEAFF	LLYDANYFL
CATNTGTGATGELFF	LLYDANYFL
CASRSQGASPLHF	LLYDANYFL
CASSLEGYEQYF	LLYDANYFL
CASSQDHNEQFF	LLYDANYFL
CASTTIGQEEPQHF	LLYDANYFL
CAWSVVAGGPDTQYF	LLYDANYFL
CASSYSNVYEQYF	LLYDANYFL
CASSRDHHEQYF	LLYDANYFL
CSAQAQTSFDGYTF	LLYDANYFL
CASSLDGGTYEQYF	LLYDANYFL
CSARQGVEQFF	LLYDANYFL
CATNGTGSNQPQHF	LLYDANYFL
CASSKKGAEFGEAFF	LLYDANYFL
CASTADRNTEAFF	LLYDANYFL
CATSRDTGSNTEAFF	LLYDANYFL
CASSESPGSVSPLHF	LLYDANYFL
CSAGGSRTNEQFF	LLYDANYFL
CASSLVGTGDSPLHF	LLYDANYFL
CASSLYTGEARAFF	LLYDANYFL
CASSLSGSTEAFF	LLYDANYFL
CASSPLGAGSYEQYF	LLYDANYFL
CASSFGQVGGKLFF	LLYDANYFL
CSASRTGPYEQYF	LLYDANYFL
CASSQASGGDDEQYF	LLYDANYFL
CSASGEQGAGLPQFF	LLYDANYFL
CASTLNAVAGPLPYEQYF	LLYDANYFL
CASSLVSGPTHTGELFF	LLYDANYFL
CASSSQGYSNTGELFF	LLYDANYFL
CASSLTGTNEKLFF	LLYDANYFL
CASGWDQTSYEQYF	LLYDANYFL
CASSLGGSTEAFF	LLYDANYFL
CASSPWQGPANEQFF	LLYDANYFL
CASSIAVRTGTNTEAFF	LLYDANYFL
CASSPEQGAFFYEQYF	LLYDANYFL
CSARGTTYEQYF	LLYDANYFL
CSARDLDRAFF	LLYDANYFL
CASRDRDYEQYF	LLYDANYFL
CASSLVGGPRSQETQYF	LLYDANYFL
CSVPPKEVGFF	LLYDANYFL
CASSLTQDRGPYEQYF	LLYDANYFL
CASSRQGKVGYTF	LLYDANYFL
CSVEGTEAFF	LLYDANYFL
CSAHLAHEQYF	LLYDANYFL
CSVETGSTQYF	LLYDANYFL
CASSTGGSYEQYF	LLYDANYFL
CASSHSGTGVQFF	LLYDANYFL
CASSLIPGTDSQETQYF	LLYDANYFL
CSARGDSPDTQYF	LLYDANYFL
CASSYGDRDSGANVLTF	LLYDANYFL
CASSAPGTGSTDTQYF	LLYDANYFL
CSARNGDPDYSDTQYF	LLYDANYFL
CASSQVPWAMNTEAFF	LLYDANYFL
CASSLGSTEAFF	LLYDANYFL
CSARDKEGPDTQYF	LLYDANYFL
CASSHVAGTGIEQYF	LLYDANYFL
CASSLGGSTEAFF	LLYDANYFL
CASSVGRSLGEDTQYF	LLYDANYFL
CASSRAGQGASEAFF	LLYDANYFL
CASSSMIQWEKNQPQHF	LLYDANYFL
CSVEVDRDTGYTF	LLYDANYFL
CASSHSGQGFNEQFF	LLYDANYFL
CASSHISGETQYF	LLYDANYFL
CASKGTGGNNEQFF	LLYDANYFL
CAAPVGLGMNTEAFF	LLYDANYFL
CSARRTYEAFF	LLYDANYFL
CASSQEHGEQYF	LLYDANYFL
CASSAGTGGGETQYF	LLYDANYFL
CASSLGGTEAFF	LLYDANYFL
CASSLTGGDTQYF	LLYDANYFL
CASSLLTGTYEQYF	LLYDANYFL
CASIGTSDYEQYF	LLYDANYFL
CASSLGLMNYGYTF	LLYDANYFL
CASSLGSSNEQFF	LLYDANYFL
CSARGPPSGSPDTQYF	LLYDANYFL
CASSGPTETFINTGELFF	LLYDANYFL
CASSRTQTSGYNEQFF	LLYDANYFL
CSARLANTGELFF	LLYDANYFL
CSARAGMEQYF	LLYDANYFL
CSVEDQSGKGGYTF	LLYDANYFL
CASSVAEGAYTDTQYF	LLYDANYFL
CASSSDNREQYF	LLYDANYFL
CASGTNYYGTRREDEQFF	LLYDANYFL
CASSQMSATYEQYF	LLYDANYFL
CASSYAGGSGYTF	LLYDANYFL
CASSSGVGFTGELFF	LLYDANYFL
CATSSVGREVVATNEKLFF	LLYDANYFL
CASSFVGAGELFF	LLYDANYFL
CASSLGGTEAFF	LLYDANYFL
CASNQGSNEQFF	LLYDANYFL
CASSLTGTNEQFF	LLYDANYFL
CASSNLNQPQHF	LLYDANYFL
CASSLAYQETQYF	LLYDANYFL
CASSLGDGTEAFF	LLYDANYFL
CASSFGLEQFF	LLYDANYFL
CSAALTGPYEQYF	LLYDANYFL
CASSQERTSGYNEQFF	LLYDANYFL
CASSQELNYEQYF	LLYDANYFL
CASSLGTGGFYEQYF	LLYDANYFL
CASSLGGSEAFF	LLYDANYFL
