CDR3	AA
CASSIVSRDTDTQYF	SASAFFGMSR
CASSPGSDTQYF	SASAFFGMSR
CATSSASGNTIYF	SASAFFGMSR
CASSPSQGKGGYTF	SASAFFGMSR
CASSPGQGADQPQHF	SASAFFGMSR
CASSLLESSYNEQFF	SASAFFGMSR
CASSLEGGRNGYTF	SASAFFGMSR
CASSQEHLAGDHEQYF	SASAFFGMSR
CASSQDLSSGAGFTGELFF	SASAFFGMSR
CASSQELAVTGNTIYF	SASAFFGMSR
CASSQETASSRPQHF	SASAFFGMSR
CASSDASAGGQETQYF	SASAFFGMSR
CASSPTTGWNQPQHF	SASAFFGMSR
CASSQEGWTNTEAFF	SASAFFGMSR
CASSYGGPGREQFF	SASAFFGMSR
CASSLPGAPKPNEQFF	SASAFFGMSR
CASSPVMRVTDTQYF	SASAFFGMSR
CASTSKLGVATEAFF	SASAFFGMSR
CASSATEDSLAEAFF	SASAFFGMSR
CASSRERGVIGELFF	SASAFFGMSR
CASSFTGGGEKLFF	SASAFFGMSR
CASSVEESPREQYF	SASAFFGMSR
CASSVVEVNTEAFF	SASAFFGMSR
CASSLGFGAGELFF	SASAFFGMSR
CASSQESGVNYGYTF	SASAFFGMSR
CASSPRTSGYNEQFF	SASAFFGMSR
CASSLTTGFNQPQHF	SASAFFGMSR
CATSRDSTTNEKLFF	SASAFFGMSR
CASSTTLNTEAFF	SASAFFGMSR
CASSASGTGVDEQFF	SASAFFGMSR
CASSLGDGYTF	SASAFFGMSR
CASSWSIGQPQHF	SASAFFGMSR
CASSPLEGTYTDTQYF	SASAFFGMSR
CASSQEFRTSGGGELFF	SASAFFGMSR
CANKSRAVIMNTEAFF	SASAFFGMSR
CASSTSSGHTGELFF	SASAFFGMSR
CASSKYSQDSIAGELFF	SASAFFGMSR
CASSTAGPRYNEQFF	SASAFFGMSR
CASSVGGEQYF	SASAFFGMSR
CASSVHELALEAFF	SASAFFGMSR
CASSQEFASSGYNEQFF	SASAFFGMSR
CASSPEEAYLNTEAFF	SASAFFGMSR
CASSHSFNSPLHF	SASAFFGMSR
CASSAVETASGGELFF	SASAFFGMSR
CASSTQGYNSPLHF	SASAFFGMSR
CATYRGGEGPGELFF	SASAFFGMSR
CASSALETVYSGNTIYF	SASAFFGMSR
CASSLWGGPKDTQYF	SASAFFGMSR
CASSQEQAAKTEAFF	SASAFFGMSR
CASSQELAANTGELFF	SASAFFGMSR
CASSPAGLRSVTNEKLFF	SASAFFGMSR
CASSFGGEADEQYV	SASAFFGMSR
CASSLTRGQPQHF	SASAFFGMSR
CASSTRGGGVTEAFF	SASAFFGMSR
CASSPRGRGYTDTQYF	SASAFFGMSR
CASSSSIPQPQHF	SASAFFGMSR
CASSVVEATDTQYF	SASAFFGMSR
CASSLFPNNEKLFF	SASAFFGMSR
CASSVAGVPADTQYF	SASAFFGMSR
CASSTRGESTGELFF	SASAFFGMSR
CASITQGGSNQPQHF	SASAFFGMSR
CASSSSLNTEAFF	SASAFFGMSR
CASSQADRGGTSNQPQHF	SASAFFGMSR
CSATPGLAGEWQFF	SASAFFGMSR
CASSSPPAGGDQETQYF	SASAFFGMSR
CASSPWMLAGSGETQYF	SASAFFGMSR
CASSLRGQDRPLHF	SASAFFGMSR
CASSIAGDEYNEQFF	SASAFFGMSR
CASSLIPSGGHQETQYF	SASAFFGMSR
CASSQDRGNTGELFF	SASAFFGMSR
CASSLVPSGGAQETQYF	SASAFFGMSR
CASSVDETGNEQYF	SASAFFGMSR
CASSVNPGLHTGELFF	SASAFFGMSR
CASSVDVGGLVGIGNEQFF	SASAFFGMSR
CASSAKEGLAGVTDTQYF	SASAFFGMSR
CASSFTSGGATDTQYF	SASAFFGMSR
CASSPGQGADQPQHF	SASAFFGMSR
CASSQGPGQPQHF	SASAFFGMSR
CASSQETANTGELFF	SASAFFGMSR
CASSPGQGSSYEQYF	SASAFFGMSR
CASSQEHATVETQYF	SASAFFGMSR
CASSTSGNTGELFF	SASAFFGMSR
CASSTKQGSNYGYTF	SASAFFGMSR
CASSVTSGNTGELFF	SASAFFGMSR
CASSTRLAGGPWATEQFF	SASAFFGMSR
CASSTSDISNQPQHF	SASAFFGMSR
CAISEQGARDQETQYF	SASAFFGMSR
CASSSPRDRGLTQYF	SASAFFGMSR
CASSAEEVVYNEQFF	SASAFFGMSR
CASSSTGNQPQHF	SASAFFGMSR
CASSVVEGLAGVADTQYF	SASAFFGMSR
