CDR3	AA
CASSLTGEIDTQYF	FLCLFLLPSL
CATDGFLAFQPQHF	FLCLFLLPSL
CASSLVEGSYNSPLHF	FLCLFLLPSL
CASSSGTGTYEQYF	FLCLFLLPSL
CASSLFVDGYTF	FLCLFLLPSL
CASSQRGSGQPQHF	FLCLFLLPSL
CASSQDPSGSYNEQFF	FLCLFLLPSL
CASSPAGVDTQYF	FLCLFLLPSL
CASSYSIAGGDEQYF	FLCLFLLPSL
CASSLQTGSYEQYF	FLCLFLLPSL
CASSWTGTDGNTIYF	FLCLFLLPSL
CAAGLAGREQFF	FLCLFLLPSL
CASSPHSGRTDTQYF	FLCLFLLPSL
CASSFFTGELFF	FLCLFLLPSL
CASTGPTGYTF	FLCLFLLPSL
CASTEGTDTQYF	FLCLFLLPSL
CSARDLKGAPGYTF	FLCLFLLPSL
CASSSLDRGYNEQFF	FLCLFLLPSL
CSVAGTTTSEQYF	FLCLFLLPSL
CASSERAPTYEQYF	FLCLFLLPSL
CSVARSGANVLTF	FLCLFLLPSL
CASSLEPPSGGVSYEQYF	FLCLFLLPSL
CASRWATGEQFF	FLCLFLLPSL
CASSLTGSYEQYF	FLCLFLLPSL
CASSSPLLAINEQFF	FLCLFLLPSL
CASSFPGQPQHF	FLCLFLLPSL
CASSYSSGGNEQFF	FLCLFLLPSL
CSARDLKGAPGYTF	FLCLFLLPSL
CAISAQGQQYNEQFF	FLCLFLLPSL
CASSFGLAFDEQFF	FLCLFLLPSL
CASSQDGTGGYYEQYF	FLCLFLLPSL
CASSSPTGGPIYEQFF	FLCLFLLPSL
CASSLAGVAYEQYF	FLCLFLLPSL
CASRLTDSFEQYF	FLCLFLLPSL
CASSVLAVEQFF	FLCLFLLPSL
CSARADTGVYEQYF	FLCLFLLPSL
CASSVAGGAIEAFF	FLCLFLLPSL
CASRRAGATNEQFF	FLCLFLLPSL
CASSISGGSYNEQFF	FLCLFLLPSL
CASSLTGSQPQHF	FLCLFLLPSL
CASSPRDRDTDTQYF	FLCLFLLPSL
CASSPGLAVYNEQFF	FLCLFLLPSL
CASSLVGFQETQYF	FLCLFLLPSL
CASSVGQGALYEQFF	FLCLFLLPSL
CASSTGTGTYEQYF	FLCLFLLPSL
CASSFAGLNTEAFF	FLCLFLLPSL
CASSLGGSAETQYF	FLCLFLLPSL
CASSSRTNNYGYTF	FLCLFLLPSL
CAINTDTQYF	FLCLFLLPSL
CASSWTGTGFNQPQHF	FLCLFLLPSL
CSARDLEGLYEQYF	FLCLFLLPSL
CAWSVIGELFF	FLCLFLLPSL
CSASDRELTETQYF	FLCLFLLPSL
CASRAGTGAGWELFF	FLCLFLLPSL
CASSQYLGTSETQYF	FLCLFLLPSL
CASSESGSSYNEQFF	FLCLFLLPSL
CASSLEGTLFVNEQFF	FLCLFLLPSL
CASSFFASSYNEQFF	FLCLFLLPSL
CASSLWRTDTQYF	FLCLFLLPSL
CASSQDYRTAAGGQETQYF	FLCLFLLPSL
CASSPGDGGANYHEQYF	FLCLFLLPSL
CASSSLAGYTQYF	FLCLFLLPSL
CASSQGHEQYF	FLCLFLLPSL
CASSPPRRPDEQYF	FLCLFLLPSL
CASSLGGSAETQYF	FLCLFLLPSL
CASSLTGSYEQYF	FLCLFLLPSL
CASSTHTESNTEAFF	FLCLFLLPSL
CASSPGLAGGWQFF	FLCLFLLPSL
CASSLAGAGTYYGYTF	FLCLFLLPSL
CATSRDRGYEQYF	FLCLFLLPSL
CASSFVWGSYNEQFF	FLCLFLLPSL
CASSYRGQGYEQYF	FLCLFLLPSL
CSASNRDEQETQYF	FLCLFLLPSL
CASSQEVGLTINEQFF	FLCLFLLPSL
CASSNLADPQYF	FLCLFLLPSL
CASSETGTATTNEKLFF	FLCLFLLPSL
CASSVGQGPYEQYF	FLCLFLLPSL
CASSFAGYGEQYF	FLCLFLLPSL
CATSRDLGRQETQYF	FLCLFLLPSL
CASSPTENNEQFF	FLCLFLLPSL
CASSLTASYEQYF	FLCLFLLPSL
CASSLALEPEAFF	FLCLFLLPSL
