CDR3	AA
CASSSSDTQYF	RSVASQSII
CASSFPHRRQGFQPQHF	RSVASQSII
CASMGDIQYF	RSVASQSII
CASSPNMVTEAFF	RSVASQSII
CASSSGLVVEQYF	RSVASQSII
CASSGLAGYNEQFF	RSVASQSII
CASSAGGREQFF	RSVASQSII
CASSPRGWPQHF	RSVASQSII
CASSLESGAEAFF	RSVASQSII
CASSQEGIAGLNEQFF	RSVASQSII
CASSSGYEQYF	RSVASQSII
CASSEVLGYTF	RSVASQSII
CASSLEGVNQPQHF	RSVASQSII
CASSLASGYNEQFF	RSVASQSII
CASLGETQYF	RSVASQSII
CASSLRGGYEQYF	RSVASQSII
CASNGDTQYF	RSVASQSII
CASLDTYEQYF	RSVASQSII
CASSTSLTYEQYF	RSVASQSII
CASSSRGNEQFF	RSVASQSII
CASSSTDLNEKLFF	RSVASQSII
CASSLAASGGPYNEQFF	RSVASQSII
CASSFRGRDLYF	RSVASQSII
CASSLGAPEQFF	RSVASQSII
CASSTWIAGAFEQYF	RSVASQSII
CASSPGAATEAFF	RSVASQSII
CASSESDPNTEAFF	RSVASQSII
CASSMAGGLGNEQFF	RSVASQSII
CASSYGGHREAFF	RSVASQSII
CASSSGVGTEAFF	RSVASQSII
CASSLIGDYNEQFF	RSVASQSII
CASSEVGRFYEQYF	RSVASQSII
CASSMGPISYNEQFF	RSVASQSII
CASQGDIQYF	RSVASQSII
CASSLGGRELFF	RSVASQSII
CASSFVSGQETQYF	RSVASQSII
CASSPTGGNGYTF	RSVASQSII
CASSFKGREAFF	RSVASQSII
CASSLSLAGNYEQFF	RSVASQSII
CSAGRPEGPLDEQFF	RSVASQSII
CASSQDSWTEAFF	RSVASQSII
CASSLGGNYEQYF	RSVASQSII
CASSKVREGYNEQFF	RSVASQSII
CASRPAGASTDTQYF	RSVASQSII
CASTPIGGPHPTDEQFF	RSVASQSII
CASSTRTGGAHSSTDTQYF	RSVASQSII
CASSPSISYEQYF	RSVASQSII
CASSLYGTGGGNQPQHF	RSVASQSII
CASSSGLAYEQYF	RSVASQSII
CASSPNMFEAFF	RSVASQSII
CASSLEPGAEAFF	RSVASQSII
CASSPQHIVGNEQFF	RSVASQSII
CATQGGGYNEQFF	RSVASQSII
CASVGDTQYF	RSVASQSII
CASSQDSTSSGSYEQYF	RSVASQSII
CASSAGMNIQYF	RSVASQSII
CASSQGGGGSEQFF	RSVASQSII
CASSTGRHQPQHF	RSVASQSII
CASSQVMTGPYEQYF	RSVASQSII
CASSSNLAQPQHF	RSVASQSII
CASSLGGPEQYF	RSVASQSII
CASSQDPGLAGVAKNIQYF	RSVASQSII
CASSFGAGELFF	RSVASQSII
CASSPRTGGMSNQPQHF	RSVASQSII
CASKGEGNQPQHF	RSVASQSII
CASSSNGLAGYNEQFF	RSVASQSII
CASSYLGHDGYTF	RSVASQSII
CASSYTGELFF	RSVASQSII
CASSEGFIGNEQFF	RSVASQSII
CASSITGGNKPQHF	RSVASQSII
CASSPGQGSAEQFF	RSVASQSII
CASSLLGAEQYF	RSVASQSII
CASHGDTQYF	RSVASQSII
CASSIGQGTDTQYF	RSVASQSII
CASSRGTPIQETQYF	RSVASQSII
CASSLTSKYNEQFF	RSVASQSII
CASSLYSGGEQFF	RSVASQSII
CASSLELAGEQFF	RSVASQSII
CASSLGLAGGTGELFF	RSVASQSII
CASSSGLAYEQYF	RSVASQSII
CASSPSSAPVNYGYTF	RSVASQSII
CASSTGLAVEQYF	RSVASQSII
CASSFLGQGRGEQYF	RSVASQSII
CASGTRGNEQFF	RSVASQSII
CATPGQGPNQPQHF	RSVASQSII
CATNGDTQYF	RSVASQSII
CASSLVGAIGGYTF	RSVASQSII
CASSSISLRETQYF	RSVASQSII
CSARSRNTEAFF	RSVASQSII
CASSSARAPNPEKLFF	RSVASQSII
CASTLGGGYNEQFF	RSVASQSII
CAITRGGSEQFF	RSVASQSII
CASSVESAGGITDTQYF	RSVASQSII
CASMYLGTYEQYF	RSVASQSII
CASSLSGASAWYEQYF	RSVASQSII
CASSFHSAGANEQYF	RSVASQSII
CASSFHLAGLDEQFF	RSVASQSII
CASSFPRVVRNEQFF	RSVASQSII
CAIGGGNEQFF	RSVASQSII
CASSQGGGNIQYF	RSVASQSII
CASSLQGTYGEQFF	RSVASQSII
CASSLIPGNEQFF	RSVASQSII
CATQPLAGAHNEQFF	RSVASQSII
CSARDERSRYTGELFF	RSVASQSII
CASRRQGNEKLFF	RSVASQSII
CASSLTPGAGELFF	RSVASQSII
CASLGETQYF	RSVASQSII
CATQGDIQYF	RSVASQSII
CASNLAGLNTGELFF	RSVASQSII
CASSLLLTQHTGELFF	RSVASQSII
CASSFGTGPNEKLFF	RSVASQSII
CASSPNMQGYTF	RSVASQSII
CASSLVAGATDTQYF	RSVASQSII
CASRTETAYNEQFF	RSVASQSII
CASSFGGVNEQFF	RSVASQSII
CASSLGQSYNEQFF	RSVASQSII
CASSVEAADEQFF	RSVASQSII
CASSHWGGNQPQHF	RSVASQSII
CATSSRDSTYEQYF	RSVASQSII
CASSSPRTDTDTQYF	RSVASQSII
CASSLGTSVSNEQFF	RSVASQSII
CASSPTNTDTQYF	RSVASQSII
CASSSNMKTQYF	RSVASQSII
CASSTGLANEQFF	RSVASQSII
CASSHSGTEAFF	RSVASQSII
CASSLNPGLAGGSSYNEQFF	RSVASQSII
CASSPEAPEPVAFF	RSVASQSII
CASSEGRDTYEQYF	RSVASQSII
CASSAGGPWDEQFF	RSVASQSII
CASGSAHEQFF	RSVASQSII
CASRPEGAAHTEAFF	RSVASQSII
