CDR3	AA
CASMRWTGGTDTQYF	QSINFVRII
CSARVEGTEAFF	QSINFVRII
CASRPWDRVSEQYF	QSINFVRII
CASSGGPVAATDTQYF	QSINFVRII
CASSLEGSGTEAFF	QSINFVRII
CASSQEGRGPEQYF	QSINFVRII
CASNGQFGPATNEKLFF	QSINFVRII
CASGTSGRRDTGELFF	QSINFVRII
CASSTAGTNEKLFF	QSINFVRII
CASSLPSGYEQYF	QSINFVRII
CASSQIGALPLYGYTF	QSINFVRII
CASSLKLAGGPLPNEQFF	QSINFVRII
CASSLGDTQYF	QSINFVRII
CASSFPPESMNTEAFF	QSINFVRII
CASSKGQYTGELFF	QSINFVRII
CASSIDLAGGIYNEQFF	QSINFVRII
CASSLGLAGVNEQFF	QSINFVRII
CASSGDGTYEQYF	QSINFVRII
CASSSGSVDTQYF	QSINFVRII
CATSRDRREWETQYF	QSINFVRII
CASSVENEQFF	QSINFVRII
CASSPGLAGSSYNEQFF	QSINFVRII
CASSKVGSYNEQFF	QSINFVRII
CASSLGTTSNEQFF	QSINFVRII
CASSESRRGTDTQYF	QSINFVRII
CASSVPRDRSSYNSPLHF	QSINFVRII
CASSRQGGDPTDTQYF	QSINFVRII
CASSEVQGPPEAFF	QSINFVRII
CASSQMAALNTEAFF	QSINFVRII
CASSSTIQGSYEQYF	QSINFVRII
CASSLARGTDTQYF	QSINFVRII
CASSEKSARYDRYEQYF	QSINFVRII
CASSPYPRIEETQYF	QSINFVRII
CASSLTLDSYEQYF	QSINFVRII
CASSQAGALNTEAFF	QSINFVRII
CASSLAVGAGYGYTF	QSINFVRII
CASSYSDSGANVLTF	QSINFVRII
CASSVPRGTQETQYF	QSINFVRII
CASSLASDQPQHF	QSINFVRII
CASSFPLEVAGVTDTQYF	QSINFVRII
CASSFEVAYEQYF	QSINFVRII
CASSPQRGAPSYEQYF	QSINFVRII
CASTIGQGNTEAFF	QSINFVRII
CASFPRSNQPQHF	QSINFVRII
CSVSVGVHNEQFF	QSINFVRII
CAIASGTSGDTQYF	QSINFVRII
CATSRGGLNTEAFF	QSINFVRII
CASSLTGPGGTEAFF	QSINFVRII
CSVGSDQGATDTQYF	QSINFVRII
CASSPTSYNEQFF	QSINFVRII
CASSYSGTGVPNYGYTF	QSINFVRII
CASSLGRSSGNTIYF	QSINFVRII
CASSLSLPNSNQPQHF	QSINFVRII
CASSLGLGAGANVLTF	QSINFVRII
CASSIEGLAGVYEQFF	QSINFVRII
CASSSPVRNTEAFF	QSINFVRII
CASSVQGATNNEQFF	QSINFVRII
CASSETRGSYNEQFF	QSINFVRII
CASSLAGTGMLF	QSINFVRII
CASSQLLRGGYNEQFF	QSINFVRII
CASSSIEGDNEQFF	QSINFVRII
CATSLAGGGTGELFF	QSINFVRII
CASSISVFSEKLFF	QSINFVRII
CASSGPGRDIGGYTF	QSINFVRII
CASGPDNEQFF	QSINFVRII
CASSEEEDRGSYEQYF	QSINFVRII
CASSGGQGTDTQYF	QSINFVRII
CASSLALTGGGGKLFF	QSINFVRII
CASSINWETVPYEQYF	QSINFVRII
CASSFSGTNTEAFF	QSINFVRII
CASINTGVYYNEQFF	QSINFVRII
CASRLGGESSNQPQHF	QSINFVRII
CASSFRGQGHPEAFF	QSINFVRII
CASSPTSRGGVYNEQFF	QSINFVRII
CASSSKHPGLQAGLVFPDTQYF	QSINFVRII
CASSTRGHNEQFF	QSINFVRII
CATSSGPGEGNTEAFF	QSINFVRII
CASSPFGRNTEAFF	QSINFVRII
CASIPSDEGWAETQYF	QSINFVRII
CASSLAGPSTEAFF	QSINFVRII
CATSDLGSNQPQHF	QSINFVRII
CASSPADSQETQYF	QSINFVRII
CASSPLSGGSFPYEQYF	QSINFVRII
CASSLDGHTSGRDNEQFF	QSINFVRII
CASSWDRGYGYTF	QSINFVRII
CASSELGAGGGNEQFF	QSINFVRII
CASSLAGTSTYEQYF	QSINFVRII
CASSSTGTGYYEQYF	QSINFVRII
CASSSTVQLPNTEAFF	QSINFVRII
CASSQDSRTSYEQYF	QSINFVRII
CASSEALVEMNTEAFF	QSINFVRII
CASSSLEYNEQFF	QSINFVRII
CASSLGQINQPQHF	QSINFVRII
CASSYIYEQYF	QSINFVRII
CASSSLSNQPQHF	QSINFVRII
CASSLRGAGEQFF	QSINFVRII
CSAPRGGSTGELFF	QSINFVRII
CASSPDGPNWEQFF	QSINFVRII
CSVEGLASGKLGTQYF	QSINFVRII
CASSQVHPGEQFF	QSINFVRII
CASSQGWRTDTQYF	QSINFVRII
CASSLRDEQYF	QSINFVRII
CASSPSSYNEQFF	QSINFVRII
CASSLGGTGNTIYF	QSINFVRII
CASSLVQGANQPQHF	QSINFVRII
CASSLLPRGWNEQFF	QSINFVRII
CASSSISGTDSYNEQFF	QSINFVRII
CASSTDESNQPQHF	QSINFVRII
CATSGGHGIDTQYF	QSINFVRII
CASSPDQDIQETQYF	QSINFVRII
CASSQDKIYPGDGYTF	QSINFVRII
CASSLDSSPYEQYF	QSINFVRII
CASSPGGNEQFF	QSINFVRII
CASSGHRDTYSTGELFF	QSINFVRII
CASSQDPGSTDIQYF	QSINFVRII
CATGETSYEQYF	QSINFVRII
CASSITLYNEQFF	QSINFVRII
CASSPPDRAHYNEQFF	QSINFVRII
CASSFLGGVSHEQYF	QSINFVRII
CSAPGPSGEQYF	QSINFVRII
CASSIGTNTEAFF	QSINFVRII
CASSPEDDYEQFF	QSINFVRII
CASSYSTSGVYEQYF	QSINFVRII
CASSLQGLGSPLHF	QSINFVRII
CASSPLTGGGYGYTF	QSINFVRII
RASILGSPHPPDGCEAFF	QSINFVRII
CAISELVTSGTDTQYF	QSINFVRII
CASSSHPGHQSYGYTF	QSINFVRII
CASSIRRENTEAFF	QSINFVRII
CASSLTDLWPQHF	QSINFVRII
CASSPVGGWETQYF	QSINFVRII
CASSAVEGQLSEAFF	QSINFVRII
CASSLVHTDTQYF	QSINFVRII
CASTTGMNTEAFF	QSINFVRII
CASSLVKGQGATLAKNIQYF	QSINFVRII
CASSPQGALSRGYTF	QSINFVRII
CASSLLVNTEAFF	QSINFVRII
CASRPGIHTIYF	QSINFVRII
CASSIGPYEQYF	QSINFVRII
CSVEVMSDNSGNTIYF	QSINFVRII
CSATTPGQLFYEQYF	QSINFVRII
CSVPPQGSGTEAFF	QSINFVRII
CATSDLPTGQVETQYF	QSINFVRII
CASSLGGENYEQYF	QSINFVRII
CASSLGISTEAFF	QSINFVRII
CASSKVGASWGDAEAFF	QSINFVRII
CSAPVGGATGELFF	QSINFVRII
CASSIEGGVDTEAFF	QSINFVRII
CASSQDLGITLEEAFF	QSINFVRII
CASSLSGQELNQPQHF	QSINFVRII
CASSQGPGGRDKYQETQYF	QSINFVRII
CASSQDGGGRVTGELFF	QSINFVRII
CASSPTSGSGNEQFF	QSINFVRII
CATSSGGLNTEAFF	QSINFVRII
CASSLVGGADTQYF	QSINFVRII
CASSSPGQGDYEQYF	QSINFVRII
CASSDPFSGFYEQYF	QSINFVRII
CSAPNQGQGRPNSNQPQHF	QSINFVRII
CASSNPGHRAYNEQFF	QSINFVRII
CASSLAGTMNEQFF	QSINFVRII
CASSQSPPGVYGYNEQFF	QSINFVRII
CATSVGMGETQYF	QSINFVRII
CASSLNGGDADTQYF	QSINFVRII
CASSFTGQGTYEQYF	QSINFVRII
CSVWVTGPTEAFF	QSINFVRII
CASSQDRVSGGLSYEQYF	QSINFVRII
CASRGGNTEAFF	QSINFVRII
CASSLIGLAGTITDTQYF	QSINFVRII
CASSYSPPGTNYGYTF	QSINFVRII
CASSVAGSGNTIYF	QSINFVRII
CASSEAGTYEQYF	QSINFVRII
CASSQDRGGLAEETQYF	QSINFVRII
CASSWGGKQDEQYF	QSINFVRII
CATSRDRREKETQYF	QSINFVRII
CSVEDQAESSYNEQFF	QSINFVRII
CAGLGAWETQYF	QSINFVRII
CASSISTASYEQYF	QSINFVRII
CSAPGQDWGGSGNTIYF	QSINFVRII
CSVLPDISSYEQYF	QSINFVRII
CASSPSSAELQETQYF	QSINFVRII
CASSYVGTGGINQPQHF	QSINFVRII
CASSLLGPLDNEQFF	QSINFVRII
CASSQANYEQYF	QSINFVRII
CASSEGSYEQYF	QSINFVRII
CATSRDRRELETQYF	QSINFVRII
CASSWGTAQYF	QSINFVRII
CASSQVTGSGQPQHF	QSINFVRII
CASSPGTHQETQYF	QSINFVRII
CASRGTAQETQYF	QSINFVRII
CASLRQTYEQYF	QSINFVRII
CASRPGTSWGSNQPQHF	QSINFVRII
CASSYSGSSGNTIYF	QSINFVRII
CASSLDHRTGPYGYTF	QSINFVRII
CASSYTDTDTQYF	QSINFVRII
CAISESSGGGRGTGELFF	QSINFVRII
CASSPERGYNEQFF	QSINFVRII
CAISESYEQYF	QSINFVRII
CASSYSKGGGPTGANVLTF	QSINFVRII
CASTHTGELFF	QSINFVRII
CASSLTGIGNQPQHF	QSINFVRII
CSAVGQDKAYEQYF	QSINFVRII
CASSISRAGEQFF	QSINFVRII
CATQGEANTEAFF	QSINFVRII
CSATLEWVAGEGTDTQYF	QSINFVRII
CSAEGGYEQYF	QSINFVRII
CASSFNRDEAFF	QSINFVRII
CASMAEASNTGELFF	QSINFVRII
CASSWYRGETDTQYF	QSINFVRII
CASSIVTDTQYF	QSINFVRII
CASSRVDSYEQYF	QSINFVRII
CASSLYGSGEQYF	QSINFVRII
CASTGGYQVVDTQYF	QSINFVRII
CASSEREQGSYNSPLHF	QSINFVRII
CASTHSSGSGETQYF	QSINFVRII
CASSEALGTSGRDYEQFF	QSINFVRII
CASSPGLNYEQYF	QSINFVRII
CSVETGNTIYF	QSINFVRII
CASSSHSGPSYEQYF	QSINFVRII
CASSLDLETQYF	QSINFVRII
CASSYLQGRTEAFF	QSINFVRII
CATLLWQSGANVLTF	QSINFVRII
CASSPHHEQFF	QSINFVRII
CASSAGGNEQFF	QSINFVRII
CSADQGAGNIQYF	QSINFVRII
CASSLGSEAFF	QSINFVRII
CASRWTGDYGYTF	QSINFVRII
CASSPTGGSGNTIYF	QSINFVRII
CASSYAGEEYEQYF	QSINFVRII
CASGLNEQFF	QSINFVRII
CASSYGRETQYF	QSINFVRII
CASSTGQGRETQYF	QSINFVRII
CASSLPGSRGNEQFF	QSINFVRII
CASSDSYAGNTIYF	QSINFVRII
CATTGGSGAFF	QSINFVRII
CASSQEGRAWNDIQYF	QSINFVRII
CASSPGLPPGNEQFF	QSINFVRII
CSAFFGGATTDTQYF	QSINFVRII
CASSVGDSYNSPLHF	QSINFVRII
CASSLSETEAFF	QSINFVRII
CAISGSGANVLTF	QSINFVRII
CAWKTSGGVETQYF	QSINFVRII
CASSFEGQGYEQYF	QSINFVRII
CASSFSMVADTQYF	QSINFVRII
CASSVGDSQETQYF	QSINFVRII
CASSLLRDSSYEQYF	QSINFVRII
CASGGQGTHWADEQYF	QSINFVRII
CSAPRGGATDEQYF	QSINFVRII
CASRWTSNQPQHF	QSINFVRII
CSASPREGLVAAEQFF	QSINFVRII
CASSLDLGLSYEQYF	QSINFVRII
CASSLGTVNEQFF	QSINFVRII
CSVEVGGQYF	QSINFVRII
CASSLWRGITDTQYF	QSINFVRII
CASRPLVGTDSNQPQHF	QSINFVRII
CASSQEVGHGYAGGYTF	QSINFVRII
CASSEPRTSGGWNTGELFF	QSINFVRII
CSARDPGLAGFINEQFF	QSINFVRII
CSVTGEARNTEAFF	QSINFVRII
RASSLRPSAHNEQFF	QSINFVRII
CASSFMLQETQYF	QSINFVRII
CSVDSGNEQYF	QSINFVRII
CASSLDGQPYTF	QSINFVRII
CASSLNTGGLEKLFF	QSINFVRII
CASSLLRVNNQPQHF	QSINFVRII
CASSQGLSSYNEQFF	QSINFVRII
CATSPGASNTGELFF	QSINFVRII
CASSSNDWKNTGELFF	QSINFVRII
CASSTPWTSGQETQYF	QSINFVRII
CASSQPEDRSSTGELFF	QSINFVRII
CASSMAGYTEAFF	QSINFVRII
CASSQDPPVGEAEKLFF	QSINFVRII
CASSQDDYPAPGTQYF	QSINFVRII
CASSQEADSGGSGELFF	QSINFVRII
CASSMGWADVYNEQFF	QSINFVRII
CASSYLAGGTDTQYF	QSINFVRII
CASFSSSYEQYF	QSINFVRII
CASSPSGETEYNEQFF	QSINFVRII
CASRLHGGLQMKQYF	QSINFVRII
CASSPGLAGALYNEQFF	QSINFVRII
CASSFTSAFSYNEQFF	QSINFVRII
CASSFGASGNYEQYF	QSINFVRII
CASSLSGTSGNTQYF	QSINFVRII
CSARDGTSGAMGETQYF	QSINFVRII
CASRTGGEKLFF	QSINFVRII
CASSFVSPPTGELFF	QSINFVRII
CASSDSSGSLHEQFF	QSINFVRII
CSAEGFGEQFF	QSINFVRII
CASSKEGPLTGELFF	QSINFVRII
CASSELIDAAGDSEQFF	QSINFVRII
CASSEGVPGLEYF	QSINFVRII
CASSGGQGNQPQHF	QSINFVRII
CSVLAGGPGIQYF	QSINFVRII
CASSLPMNTEAFF	QSINFVRII
CASSLTAGLNEQFF	QSINFVRII
CASSLAVNSYEQYF	QSINFVRII
CASSRAGALGGELFF	QSINFVRII
CASSQFEGPKVYEQYF	QSINFVRII
CASSYSGGYYGYTF	QSINFVRII
CASSQGRGSGNTIYF	QSINFVRII
CASSFGGQADEQFF	QSINFVRII
CAWSHGPAYEQYF	QSINFVRII
CASSLPDSTEAFF	QSINFVRII
CASSQGGANEQYF	QSINFVRII
CATSRDRRELETQYF	QSINFVRII
CASSPGGDEQYF	QSINFVRII
CASSQDGFLGLGVGTDTQYF	QSINFVRII
CASSLAGPWDTQYF	QSINFVRII
CASSPLAASYNEQFF	QSINFVRII
CASSRGLNTEAFF	QSINFVRII
CASSEGGGPSYEQYF	QSINFVRII
CASSQASGAYYEQYF	QSINFVRII
CASSFPSGYNEQFF	QSINFVRII
CASSLGAGPSSGETQYF	QSINFVRII
CASSLEGNEQFF	QSINFVRII
CASSELTGLAGDETQYF	QSINFVRII
CSVVEGGNEQFF	QSINFVRII
CASSRLDSDNEQFF	QSINFVRII
CASFSASYEQYF	QSINFVRII
CASSEGQGGHEQYF	QSINFVRII
CASSPLGNEQYF	QSINFVRII
CASSVSGSPVWASGDRNSNQPQHF	QSINFVRII
CASSAQENFPYEQYF	QSINFVRII
CATSAGGSGHEQYF	QSINFVRII
CASRGQGSYNEQFF	QSINFVRII
CASRAQSSYEQYF	QSINFVRII
CASSGYPSNYGYTF	QSINFVRII
CSVGGGAYGYTF	QSINFVRII
CASSIPLEGSSWNSPLHF	QSINFVRII
CASSLDGTTGNEQFF	QSINFVRII
CASSPGQGTDTQYF	QSINFVRII
CASSSPLTSRQETQYF	QSINFVRII
CASSSGHPEAFF	QSINFVRII
CASSQSGALNQPQHF	QSINFVRII
CSVGGTGAYEQYF	QSINFVRII
CASSLLDTTYEQYF	QSINFVRII
CASRHAGGLSTEAFF	QSINFVRII
CASSQAGTSGSEQYF	QSINFVRII
CASSPGPTYEKLFF	QSINFVRII
CASSWGASNEQFF	QSINFVRII
CASSFSANYGYTF	QSINFVRII
CASSYSGGNTEAFF	QSINFVRII
CASSQEVMGTYEQYF	QSINFVRII
CASSTGQGLVNTEAFF	QSINFVRII
CSAREQGEKLFF	QSINFVRII
CASGLTVGGPTEAFF	QSINFVRII
CASSQETSGIVTQYF	QSINFVRII
CASSPNSNQPQHF	QSINFVRII
CASSIPGTGMGNTEAFF	QSINFVRII
CSVDGAVSNTEAFF	QSINFVRII
CASSLGLNTEAFF	QSINFVRII
CASSPSLGQVYTGELFF	QSINFVRII
CASSYSGTGAINEQFF	QSINFVRII
CASSPGWYEQYF	QSINFVRII
CASSDTTGAGNTIYF	QSINFVRII
CASSLPSGYEQYF	QSINFVRII
CASSLLGGETQYF	QSINFVRII
CASSVIEGYEQYF	QSINFVRII
CASSFGGLNTEAFF	QSINFVRII
CASSVGAAHNEQFF	QSINFVRII
CASRGWGAPDTEAFF	QSINFVRII
CASSLLGGETQYF	QSINFVRII
CASSTGTGEETQYF	QSINFVRII
CASSSGTSGYNEQFF	QSINFVRII
CASSLWRGGPNTEAFF	QSINFVRII
CASSEEGGINQPQHF	QSINFVRII
CASSLSGTPGGQPQHF	QSINFVRII
CASSIALLTEAFF	QSINFVRII
CATATGGGEKLFF	QSINFVRII
CASFSSSYEQYF	QSINFVRII
CASSTGDNTGELFF	QSINFVRII
CASSESVSGDQNTGELFF	QSINFVRII
CASPGTDTYGYTF	QSINFVRII
CASTGQNTEAFF	QSINFVRII
CASSLDTHEQYF	QSINFVRII
CASSEGGRTFF	QSINFVRII
CASSLGGGSNQPQHF	QSINFVRII
CASSSSTDTQYF	QSINFVRII
CASSLQGASLEKLFF	QSINFVRII
CASSLSSGLRVYEQYF	QSINFVRII
CAISDGTTGEKLFF	QSINFVRII
CASSRGEQFF	QSINFVRII
CASSYNQQTSSYEQYF	QSINFVRII
CASSPANYEQYF	QSINFVRII
CASSLLAGAGELFF	QSINFVRII
CASIYTSGRPRRQETQYF	QSINFVRII
CASSQDLGLLTQETQYF	QSINFVRII
CASSLPILNSYEQYF	QSINFVRII
CASSKGFGNQPQHF	QSINFVRII
CASSAVGQETQYF	QSINFVRII
CASSSGQGGAFF	QSINFVRII
CASSDSGSSDTQYF	QSINFVRII
CASGLLAGGEETQYF	QSINFVRII
CASSPWEGGVRGASNEQFF	QSINFVRII
CASSHREDYNEQFF	QSINFVRII
CASSYSSSLNKPQHF	QSINFVRII
CASSSHLAGVVNEQFF	QSINFVRII
CSASGLAGYPMDTDTQYF	QSINFVRII
CASSLSGSSGETQYF	QSINFVRII
CATSDLTESSGNTIYF	QSINFVRII
CASSQDRSSGTYNEQFF	QSINFVRII
CASSTWLGNIQYF	QSINFVRII
CASSFVLGDEQYF	QSINFVRII
CASSPPFELAGATDTQYF	QSINFVRII
CASSRMIDDEYF	QSINFVRII
CASIPTLGHNYGYTF	QSINFVRII
CSGGGTRNEQFF	QSINFVRII
CASSQDTGYYYEQYF	QSINFVRII
CASSEDQGVPGGNEQFF	QSINFVRII
CASSIEEGGRNEQFF	QSINFVRII
CSVLLGLAGGTFDEQYF	QSINFVRII
CASSLMGGETQYF	QSINFVRII
CASSLGDSGNTIYF	QSINFVRII
CASKGTSGINEQFF	QSINFVRII
CASVAGDEQYF	QSINFVRII
CATSRDRGLTEAFF	QSINFVRII
CATSDDYYNEQFF	QSINFVRII
CATGSGANVLTF	QSINFVRII
CASSLNAENTEAFF	QSINFVRII
CASSAPREQQWRTDTQYF	QSINFVRII
CASSSLAGGSLDEQFF	QSINFVRII
CASSSIAGGQADTQYF	QSINFVRII
CASSLDLAGNYNEQFF	QSINFVRII
CASATGYNEQFF	QSINFVRII
CASSFGGVEGMNTEAFF	QSINFVRII
CSARTPGTRIYEQYF	QSINFVRII
CASGYLGLALGNEQFF	QSINFVRII
CAGKTNQETQYF	QSINFVRII
CASSLDETEAFF	QSINFVRII
CSARDAAVTGEKLFF	QSINFVRII
CASSQVGRGGSTDTQYF	QSINFVRII
CASSPWSTSQHF	QSINFVRII
CASSSPGQSYEQYF	QSINFVRII
CASSFLSSGNEQFF	QSINFVRII
CASSRGAGELFF	QSINFVRII
CASSQDSKLTGSYEQYF	QSINFVRII
CASSPHDLREVQKDLYLTYEQYF	QSINFVRII
CASSIAHTENEQFF	QSINFVRII
CSVEEVAGGGYTF	QSINFVRII
CASSLEGGGTEAFF	QSINFVRII
CASSWEGAGTEAFF	QSINFVRII
CATSRDRRERGETQYF	QSINFVRII
CASSEAVAEMNTEAFF	QSINFVRII
CASSYGVGGTEAFF	QSINFVRII
CATSDLQGYQETQYF	QSINFVRII
CASRAGETQYF	QSINFVRII
CSALSGNDNEQFF	QSINFVRII
CASRSSGSQETQYF	QSINFVRII
CASSQEGGQLYEQYF	QSINFVRII
CASSLFETVNSPLHF	QSINFVRII
CASSLSGVSTEAFF	QSINFVRII
CASSWDGMNTEAFF	QSINFVRII
CASAMAGALNTEAFF	QSINFVRII
CANDGDETGQRTEAFF	QSINFVRII
CASSFPNGNEQYF	QSINFVRII
CASSEPGTEMNTEAFF	QSINFVRII
CASSDRYSGNTIYF	QSINFVRII
CASSRQGALGTEAFF	QSINFVRII
CARQILGMNGEQYF	QSINFVRII
CASSTPGDNEQFF	QSINFVRII
CASTSDPGAKAFF	QSINFVRII
CSVEGVQGVLEQYF	QSINFVRII
CASSSDLRQGPGELFF	QSINFVRII
CASSPGGDEQFF	QSINFVRII
CASSEAADRADTGELFF	QSINFVRII
CASSQDDRGGYEQYV	QSINFVRII
CATSDLLGSSYNEQFF	QSINFVRII
CATSLGQTYNEQFF	QSINFVRII
CASSQVSALTGELFF	QSINFVRII
CAWSTGAAKNIQYF	QSINFVRII
CSVDSGENEQFF	QSINFVRII
CSAPPQALNTEAFF	QSINFVRII
CATGKERLGNTGELFF	QSINFVRII
CASSEGRGWIEQYF	QSINFVRII
CASSISLWPFNEQFF	QSINFVRII
CASSPHNYEQYF	QSINFVRII
CASSEVVTGGDEQFF	QSINFVRII
CASRSQGNEQYF	QSINFVRII
CASSSWQTSGDLQETQYF	QSINFVRII
CAWSVIRYEQYF	QSINFVRII
CASGETSYEQYF	QSINFVRII
CASSEALGETGVGEQFF	QSINFVRII
CASSLGAVSGQPQHF	QSINFVRII
CASSKRGAAYNEQFF	QSINFVRII
CASSPGTGGVEKLFF	QSINFVRII
CASSYAEYSYEQYF	QSINFVRII
CASSYSRTSGANVLTF	QSINFVRII
CASSFAGGSNNEQFF	QSINFVRII
CASSLAEGVETQYF	QSINFVRII
CASSQEGALSTEAFF	QSINFVRII
CASSYGVDEQFF	QSINFVRII
CASSKTGGSYEQYF	QSINFVRII
CASSLWGGGGSYNEQFF	QSINFVRII
CASSTPREGMNTEAFF	QSINFVRII
CASSPRVLGNQPQHF	QSINFVRII
CASSFGATSVDEQFF	QSINFVRII
CSAFSVGSYEQYF	QSINFVRII
CASSSTSGSRFYEQYF	QSINFVRII
CASSLDPSRPTYEQYF	QSINFVRII
CAISEMGGLAVHF	QSINFVRII
CASSHQVGTSGTNEQFF	QSINFVRII
CASSLGDISSEGNTGELFF	QSINFVRII
CASRLTVREGDSYNSPLHF	QSINFVRII
CASGASGIGFGTDTQYF	QSINFVRII
CASSEAGSGNTIYF	QSINFVRII
CASSIAAGADTQYF	QSINFVRII
CAISPETQETQYF	QSINFVRII
CASSELPGTGNQPQHF	QSINFVRII
CASSEWLAGGAYEQYF	QSINFVRII
CASSIALGSSYNEQFF	QSINFVRII
CASSHPVVGTSGYDYNEQFF	QSINFVRII
CASSQDLVSGNTIYF	QSINFVRII
CASSAGTSEADTQYF	QSINFVRII
CASTPLRGGAFEQFF	QSINFVRII
CASSDRGAYNEQFF	QSINFVRII
CASSLGTGRGEQYF	QSINFVRII
CSVSGLAGDNTGELFF	QSINFVRII
CASSFVTSGNEQFF	QSINFVRII
CASSLGATRTDTQYF	QSINFVRII
CASTGTSSYEQYF	QSINFVRII
CASSYGTSGSEQYF	QSINFVRII
CASSLGARNTDTQYF	QSINFVRII
CASSYDRTEAFF	QSINFVRII
CASSDVEGLRPLNTEAFF	QSINFVRII
CASSLGGWETEAFF	QSINFVRII
CASRPGQGWSPLHF	QSINFVRII
CASSQEGALNTEAFF	QSINFVRII
CASSEPGQAMGNEQFF	QSINFVRII
CASSSAGRKQPQHF	QSINFVRII
CASSSQIAWGEYSGANVLTF	QSINFVRII
CASSDSGLGAEQFF	QSINFVRII
CASSQQAGTGGAQPQHF	QSINFVRII
CASSQVYRDTEAFF	QSINFVRII
CASSSALASETQYF	QSINFVRII
CASSEAEDKTTNEKLFF	QSINFVRII
CASSQFLGHNEQFF	QSINFVRII
CASSQPQGEYNEQFF	QSINFVRII
