CDR3	AA
CASSPGLAVYEQFF	QWNLVIGFLF
CAAATGLALNEQFF	QWNLVIGFLF
CASSYTGNTGELFF	QWNLVIGFLF
CASSSSLAPEQFF	QWNLVIGFLF
CASSESLDPDTQYF	QWNLVIGFLF
CASSGTGLDSGNTIYF	QWNLVIGFLF
CASSPGQSNTGELFF	QWNLVIGFLF
CASSLGLLLNEQFF	QWNLVIGFLF
CASSRDSSYEQYF	QWNLVIGFLF
CASRQGLPYEQYF	QWNLVIGFLF
CASSQAERENTGELFF	QWNLVIGFLF
CASSSWPRGSKDTQYF	QWNLVIGFLF
CATSRDLIPRATQYF	QWNLVIGFLF
CASSFGLAASSYNEQFF	QWNLVIGFLF
CASSAGLAATNEQFF	QWNLVIGFLF
CASSRTDNTEAFF	QWNLVIGFLF
CASAREGAPTSEQYF	QWNLVIGFLF
CASSRDSSYEQYF	QWNLVIGFLF
CASSPGGATYNEQFF	QWNLVIGFLF
CASSSGLVLNEQFF	QWNLVIGFLF
CASRDRGSWNYNEQFF	QWNLVIGFLF
CAWSVPGSSYEQYF	QWNLVIGFLF
CASNSGLNTGELFF	QWNLVIGFLF
CASTTGHGLAGWEFF	QWNLVIGFLF
CASSSPRDSSGNTIYF	QWNLVIGFLF
CASSLSRGPYEQYF	QWNLVIGFLF
CASSLGRSQPQHF	QWNLVIGFLF
CASSTSYEQYF	QWNLVIGFLF
CASSLGRNQPQHF	QWNLVIGFLF
CASSRDSSYEQYF	QWNLVIGFLF
CASRNSLYNEQFF	QWNLVIGFLF
CSARWGLGNQPQHF	QWNLVIGFLF
CASSSGLDLETQYF	QWNLVIGFLF
CASSVSEESRNIADTQYF	QWNLVIGFLF
CASSGGGGIKFYEQYF	QWNLVIGFLF
CSARDRTSGQIILQETQYF	QWNLVIGFLF
CASSLAGRSYEQYF	QWNLVIGFLF
