CDR3	AA
CASKPGGPGYGYTF	AYKTFPPTEPK
CATSRQGGTDTQYF	AYKTFPPTEPK
CASKRYLGGSYNEQFF	AYKTFPPTEPK
CASMGRKAEAFF	AYKTFPPTEPK
CASSIRQKDEQYF	AYKTFPPTEPK
CASRPTFKGTSGIPTSYEQYF	AYKTFPPTEPK
CASSRGGQPQHF	AYKTFPPTEPK
CATSRQGGTDTQYF	AYKTFPPTEPK
CASGVRVKDEQYF	AYKTFPPTEPK
CATSRKRGTVQETQYF	AYKTFPPTEPK
CATSKQGADEQFF	AYKTFPPTEPK
CASRPASSSHEQFF	AYKTFPPTEPK
CASSWTLKDEQYF	AYKTFPPTEPK
CASSPSGRAYNEQFF	AYKTFPPTEPK
CASSIRVKDQPQHF	AYKTFPPTEPK
CASNGPGGRRNGELFF	AYKTFPPTEPK
CASSLGQRSGQYF	AYKTFPPTEPK
CASSEAIGQGNQPQHF	AYKTFPPTEPK
CASSPYVSISGANVLTF	AYKTFPPTEPK
CASSDQGPDTQYF	AYKTFPPTEPK
CASSSTSGSQYF	AYKTFPPTEPK
CASSQGKGGTQYF	AYKTFPPTEPK
CASSLSGNTGELFF	AYKTFPPTEPK
CSARSGGLMETQYF	AYKTFPPTEPK
CASSPRISGGDTQYF	AYKTFPPTEPK
CASSYRVKDEQYF	AYKTFPPTEPK
CASSRRTVGNEKLFF	AYKTFPPTEPK
CASSQGGSNEQFF	AYKTFPPTEPK
CASSDRLAGSNYHTDTQYF	AYKTFPPTEPK
CASSRSTGVRYNEQFF	AYKTFPPTEPK
CATRDRLGYGYTF	AYKTFPPTEPK
CASSPRDEYEQYF	AYKTFPPTEPK
CASGGGRGANVLTF	AYKTFPPTEPK
CASSRGGQPQHF	AYKTFPPTEPK
CASSPRIGTGELFF	AYKTFPPTEPK
CAHKEGTDTQYF	AYKTFPPTEPK
CASPPGPEPYGYTF	AYKTFPPTEPK
CASSLPHQRGGRADTQYF	AYKTFPPTEPK
CASSKEDRTSGTDEQYF	AYKTFPPTEPK
CASSTPQGFRRMNTEAFF	AYKTFPPTEPK
CASLSYEQYF	AYKTFPPTEPK
CASSRRLGGEKLFF	AYKTFPPTEPK
CASSSGGQLNTEAFF	AYKTFPPTEPK
CASSRSGNSYEQYF	AYKTFPPTEPK
CASSEPRDREFPGNTIYF	AYKTFPPTEPK
CASSITAKDEQYF	AYKTFPPTEPK
CATSRDRGRGLTDTQYF	AYKTFPPTEPK
CAWSVARGSGYTF	AYKTFPPTEPK
CASSRGGKDEQFF	AYKTFPPTEPK
CASSQGGKDEQYF	AYKTFPPTEPK
CASSVKGKLITDTQYF	AYKTFPPTEPK
CASGSRVYEQYF	AYKTFPPTEPK
CASGFGAGNTIYF	AYKTFPPTEPK
CASSPGGNSNQPQHF	AYKTFPPTEPK
CAAQAGTSGRKEQFF	AYKTFPPTEPK
CSATRGTGELFF	AYKTFPPTEPK
CASSTPRGTSGRVGEQFF	AYKTFPPTEPK
CASPGRGNEQFF	AYKTFPPTEPK
CASGNHVEAFF	AYKTFPPTEPK
CASSEKPSGRADTQYF	AYKTFPPTEPK
CASRPAGGLYNEQFF	AYKTFPPTEPK
CASSPSLSPYTGELFF	AYKTFPPTEPK
CASSARGGSYNEQFF	AYKTFPPTEPK
CSTEREGRKGWSQYF	AYKTFPPTEPK
CATSVLLLGGLRHEQFF	AYKTFPPTEPK
CASSILFTLNSPLHF	AYKTFPPTEPK
CASRPTGGSTDTQYF	AYKTFPPTEPK
CASSQRGRGWGTDTQYF	AYKTFPPTEPK
CATSRKGGTSTDTQYF	AYKTFPPTEPK
CASSMRIKDEQYF	AYKTFPPTEPK
CASRATTSVLNEQFF	AYKTFPPTEPK
CASVEGFLRAPLHF	AYKTFPPTEPK
CASGFGQGNTIYF	AYKTFPPTEPK
CASSSRVKDEQYF	AYKTFPPTEPK
CASGSSGRGRDEQFF	AYKTFPPTEPK
CASSPPWLGSTYEQYF	AYKTFPPTEPK
CASSQTQKDEQYF	AYKTFPPTEPK
CASSQKPSPYNEQFF	AYKTFPPTEPK
CASSLGRSGGAVFF	AYKTFPPTEPK
CATSRDRGRGPTDTQYF	AYKTFPPTEPK
CAIPQRDSREAAQYF	AYKTFPPTEPK
CASSLQIAGGEAFF	AYKTFPPTEPK
CASSPQIGTGELFF	AYKTFPPTEPK
CASRHTLPGTGRSSNQPQHF	AYKTFPPTEPK
CASSPHRGQGTDTQYF	AYKTFPPTEPK
CASSNTKNTEAFF	AYKTFPPTEPK
CASSSRLDNEQFF	AYKTFPPTEPK
CASSSGQGGDGYTF	AYKTFPPTEPK
CASSPTGGAGNTEAFF	AYKTFPPTEPK
CASSVAREGPRNEQFF	AYKTFPPTEPK
CASSPTLGTQETQYF	AYKTFPPTEPK
CARLFLNGREGEAFF	AYKTFPPTEPK
CASSVRASSYNEQFF	AYKTFPPTEPK
CASSPRTSGGNGEQYF	AYKTFPPTEPK
CASSPGQGGTEAFF	AYKTFPPTEPK
CASSPRLTSGEQYF	AYKTFPPTEPK
CASSSLKPGELFF	AYKTFPPTEPK
CASSQQTKDTQYF	AYKTFPPTEPK
CASSLVLAGKYEQYF	AYKTFPPTEPK
CAITSTSGNYGYTF	AYKTFPPTEPK
CASSSSSYQETQYF	AYKTFPPTEPK
CASGFQVGATQYF	AYKTFPPTEPK
CASSSSARSEQFF	AYKTFPPTEPK
CASSPRWSGFGTDTQYF	AYKTFPPTEPK
CATSRKRGTVQETQYF	AYKTFPPTEPK
CASSHNLAESSYEQYF	AYKTFPPTEPK
CASSKQGEDYNEQFF	AYKTFPPTEPK
CASSRTSGRSQETQYF	AYKTFPPTEPK
CASSGGPPGRYGYTF	AYKTFPPTEPK
CASSVVGKTLANEQFF	AYKTFPPTEPK
CAISTKGNNQPQHF	AYKTFPPTEPK
CASSLTGTGGQFFYNEQFF	AYKTFPPTEPK
CASSPSKGTQYF	AYKTFPPTEPK
