CDR3	AA
CASSQDLDFYGYTF	FGEVFNATRF
CASSLGGSGPTNEQFF	FGEVFNATRF
CASSQGGGSNQPQHF	FGEVFNATRF
CASSQDLGYNEQFF	FGEVFNATRF
CASSFPGTGHYEQYF	FGEVFNATRF
CASSPGGSGREEQYF	FGEVFNATRF
CASSPSQGPGNTIYF	FGEVFNATRF
CASSYQAGGPLSGANVLTF	FGEVFNATRF
CSGEWGTEAFF	FGEVFNATRF
CASSLWGPEEQYF	FGEVFNATRF
CASSIGVWDSPLHF	FGEVFNATRF
CASSTPGQGPSPLHF	FGEVFNATRF
CASSEIAGGPAGNIQYF	FGEVFNATRF
CASSFSGGKYNEQFF	FGEVFNATRF
CASSLGWAGAYNEQFF	FGEVFNATRF
CAIRDANSDIQYF	FGEVFNATRF
CASSSQTSGFINEQFF	FGEVFNATRF
CASSLATDSYEQYF	FGEVFNATRF
CASSPSLGTYGYTF	FGEVFNATRF
CASPQGGNQPQHF	FGEVFNATRF
CAITAGGINEQFF	FGEVFNATRF
CASSFGILETQYF	FGEVFNATRF
CASSFGGSDQETQYF	FGEVFNATRF
CSARAGDSNNEQFF	FGEVFNATRF
CASSSWVAGGPYEQYF	FGEVFNATRF
CAISEGNEAFF	FGEVFNATRF
CASSLQGSYNEQFF	FGEVFNATRF
CASRRGGDNEQFF	FGEVFNATRF
CASSLVAGVLYNEQFF	FGEVFNATRF
CASSPTSGQLSYNEQFF	FGEVFNATRF
CASSQDLGSYEQYF	FGEVFNATRF
CASSQAPVGGTYEQYF	FGEVFNATRF
CASSFEAGEAAYNEQFF	FGEVFNATRF
CASSVPGVPGELFF	FGEVFNATRF
CASSPPWEGNNKETQYF	FGEVFNATRF
CASSPSGSYNEQFF	FGEVFNATRF
CASSLSGDNEQFF	FGEVFNATRF
CASSITGTGAAGELFF	FGEVFNATRF
CASSFRGNEKLFF	FGEVFNATRF
CASSPGGGWTDTQYF	FGEVFNATRF
CASSLGDSGPLYNEQFF	FGEVFNATRF
CASSQDIGSYNEQFF	FGEVFNATRF
CASSLEAGGFYEQYF	FGEVFNATRF
CASSQDAGGTYEQYF	FGEVFNATRF
CASSYMDSNEQFF	FGEVFNATRF
CASSFSGSPSYEQYF	FGEVFNATRF
CASTRGFTGELFF	FGEVFNATRF
CASSLDPGGFEPQHF	FGEVFNATRF
CASSSGDGDTQYF	FGEVFNATRF
CASSSSGRGQFF	FGEVFNATRF
CASSQDLAWFSQYF	FGEVFNATRF
CASSPQAGEGSYNEQFF	FGEVFNATRF
CASSPSGEQGLEQYF	FGEVFNATRF
CASSLELAGGSFYEQYF	FGEVFNATRF
CASRRQGNGYTF	FGEVFNATRF
CASSLGDGVGYYEQYF	FGEVFNATRF
CASSATTGEGSYNEQFF	FGEVFNATRF
CASSLGGGTNEKLFF	FGEVFNATRF
CASSSSGRGVNEQFF	FGEVFNATRF
CASSPGTGRQPQHF	FGEVFNATRF
CASTPGGGDEQFF	FGEVFNATRF
CASSQSRSGGGTSGANEQFF	FGEVFNATRF
CASSLEASATGELFF	FGEVFNATRF
CASSLGAGDQETQYF	FGEVFNATRF
CASSYSPSQGTSSYEQYF	FGEVFNATRF
CASSFRDRGTQETQYF	FGEVFNATRF
CASSLTSSGANVLTF	FGEVFNATRF
CASSYSDEQYF	FGEVFNATRF
CASSFSGGDSYEQYF	FGEVFNATRF
CASSSGNEQFF	FGEVFNATRF
CASSFSYEQYF	FGEVFNATRF
CASGYGAGGIQETQYF	FGEVFNATRF
CASWMTGGKETQYF	FGEVFNATRF
CASSLEQGLSYEQYF	FGEVFNATRF
CASSHEVRAPVDNEQFF	FGEVFNATRF
CASNSNNEQFF	FGEVFNATRF
CASTPARGNYGYTF	FGEVFNATRF
CASSLGVGEQFF	FGEVFNATRF
CASSWGQGKDYEQYF	FGEVFNATRF
CASSFGGAGTDTQYF	FGEVFNATRF
CASSFSGSGVNEQYF	FGEVFNATRF
CASSRGGDNEQFF	FGEVFNATRF
CASSPSQGSGNTIYF	FGEVFNATRF
CASSWLGNTEAFF	FGEVFNATRF
CASRLGGETQYF	FGEVFNATRF
CASSLSAGSSYEQYF	FGEVFNATRF
CASRWTSGSSYNEQFF	FGEVFNATRF
CASSQGDWSEQYF	FGEVFNATRF
CASSKGGTGANEQYF	FGEVFNATRF
CASSPLLAGGETQYF	FGEVFNATRF
CASSLSGGGGPHPTGELFF	FGEVFNATRF
CASSPPDRAPKETQYF	FGEVFNATRF
CASSLGGGGKETQYF	FGEVFNATRF
CASSLISYEQYF	FGEVFNATRF
CASSHSGTSYEQYF	FGEVFNATRF
CATSETPASGAPDTQYF	FGEVFNATRF
CATSTSGDVLDEQFF	FGEVFNATRF
CASSPRVSAGANEQYF	FGEVFNATRF
CASSQEAGGHQNIQYF	FGEVFNATRF
CSARALREEGTYEQYF	FGEVFNATRF
CASSLRDRDPYEQYF	FGEVFNATRF
CASSQDLAAFYEQYF	FGEVFNATRF
CASSPQGGPASYNEQFF	FGEVFNATRF
CASTKEGGGVGEQYF	FGEVFNATRF
CASSYSGSGVNEQFF	FGEVFNATRF
CASSLSTSSPTDTQYF	FGEVFNATRF
CASSLSSGPNTGELFF	FGEVFNATRF
CASSPTGGGLLDEQFF	FGEVFNATRF
CASSLGFGEQYF	FGEVFNATRF
CASSLNSEYYEQYF	FGEVFNATRF
CASSLGGAANEKLFF	FGEVFNATRF
CASSQEGGTSTDTQYF	FGEVFNATRF
CASSRDLSSYEQYF	FGEVFNATRF
CASSLGGTSGILLYEQYF	FGEVFNATRF
CASSPSGRSYEQYF	FGEVFNATRF
CASRDLQGNTEAFF	FGEVFNATRF
CASSVPTGGDQPQHF	FGEVFNATRF
CASSQELSWYEQYF	FGEVFNATRF
CASSLVGGGYEQYF	FGEVFNATRF
CASSLSLGQYYEQYF	FGEVFNATRF
CASSPGGSSNEKLFF	FGEVFNATRF
CASSLTSGSVNNEQFF	FGEVFNATRF
CASSLSSGSQPYEQYF	FGEVFNATRF
CASSLLAGGPIGLEQFF	FGEVFNATRF
CASSYELAGATGELFF	FGEVFNATRF
CASSVPGTGVAYEQYF	FGEVFNATRF
CASGVDTSGAYNEQFF	FGEVFNATRF
CASSQGSAEAFF	FGEVFNATRF
CTRPGTSGQETQYF	FGEVFNATRF
CASSHETDNEQFF	FGEVFNATRF
CASSDSYEQYF	FGEVFNATRF
CASSGGGGGGEQYF	FGEVFNATRF
CASSQGAGDNEQFF	FGEVFNATRF
CASSLGQFYEQYF	FGEVFNATRF
CASSTGGGYGEQYF	FGEVFNATRF
CASSRTDWDTGELFF	FGEVFNATRF
CASSQRAGTGVPETQYF	FGEVFNATRF
CASSQGQASSYEQYF	FGEVFNATRF
CASSSQAGSPSYNEQFF	FGEVFNATRF
CASSPPSGGGYNEQFF	FGEVFNATRF
CASSLATAEAFF	FGEVFNATRF
CASSLSSGSPPYEQYF	FGEVFNATRF
CASSWAVRAEQYF	FGEVFNATRF
CASSYGSGKPSYNEQFF	FGEVFNATRF
CASRGGDSNQPQHF	FGEVFNATRF
CASSVPGELGEQFF	FGEVFNATRF
CASSYSSSGYNEQFF	FGEVFNATRF
PGVYEQYF	FGEVFNATRF
CASSLGSGQPQHF	FGEVFNATRF
CASGGHPNEQFF	FGEVFNATRF
CASSPSGGEISYNEQFF	FGEVFNATRF
CASSAGLAGTAGTGELFF	FGEVFNATRF
CASSALLAGEVNEQFF	FGEVFNATRF
CASSQGGRALDEQFF	FGEVFNATRF
CASSLSGGDRVGNEQFF	FGEVFNATRF
CASSHSGSGNEQFF	FGEVFNATRF
CASSFGDNEQFF	FGEVFNATRF
CASSIADSPLHF	FGEVFNATRF
CASSPQGGGKAYNEQFF	FGEVFNATRF
CASSFDQSSYNEQFF	FGEVFNATRF
CASSYSTDNYEQYF	FGEVFNATRF
CASSTDRGYTF	FGEVFNATRF
CASSHGGAGTDTQYF	FGEVFNATRF
CASSLSTSPPTDTQYF	FGEVFNATRF
CASSLLGGSGPYNEQFF	FGEVFNATRF
CASSQEVQVEGYGYTF	FGEVFNATRF
CASSEGAGDPSYNEQFF	FGEVFNATRF
CASSLTYNEQFF	FGEVFNATRF
CATSGGEAGYTF	FGEVFNATRF
CASSSDPLAGSYEQYF	FGEVFNATRF
CASSLGVKEQFF	FGEVFNATRF
CASSPTTGGPGEQYF	FGEVFNATRF
CASSQDLPGRAPYNEQFF	FGEVFNATRF
CASSFQSGPISYNEQFF	FGEVFNATRF
CASSLGGGSTDTQYF	FGEVFNATRF
CAVGQSSNEQYF	FGEVFNATRF
CASSPSGRGNEQFF	FGEVFNATRF
CASSSSDSFQPQHF	FGEVFNATRF
CASRGGSYNEQFF	FGEVFNATRF
CASSHSWPGQGAYEQYF	FGEVFNATRF
CASSSQGSYNEQFF	FGEVFNATRF
CASSPSWNTGELFF	FGEVFNATRF
CASSHGLYEQYF	FGEVFNATRF
CASSLDLGTYEQYF	FGEVFNATRF
CASRPSGGAYNEQFF	FGEVFNATRF
CASSPGGSWTDTQYF	FGEVFNATRF
CASSFSGEPGSEQYF	FGEVFNATRF
CASSLSAGGVETQYF	FGEVFNATRF
CASSHPDGGAGELFF	FGEVFNATRF
CASSLESQGATNEKLFF	FGEVFNATRF
CASSYEAGGLYNEQFF	FGEVFNATRF
CASIAPGGELFF	FGEVFNATRF
CASSPTSGGSYSGEQYF	FGEVFNATRF
CASSSTLAGGETQYF	FGEVFNATRF
CASSIGGGSEAFF	FGEVFNATRF
CASSTGQGRFYEQYF	FGEVFNATRF
CASGVDSGLSGETQYF	FGEVFNATRF
CASSNTGEETQYF	FGEVFNATRF
CASRVGGSTNEKLFF	FGEVFNATRF
CASSLTELVYEQYF	FGEVFNATRF
CASSASGGPLSYNEQFF	FGEVFNATRF
CASSLSLGQTYEQYF	FGEVFNATRF
CASTWGGSSYNEQFF	FGEVFNATRF
CASSLGGGQPQHF	FGEVFNATRF
CASSHSLAGEQETQYF	FGEVFNATRF
CASSGGGGGGEQYF	FGEVFNATRF
CASSLLTGTQETQYF	FGEVFNATRF
CASSSGTFHEQFF	FGEVFNATRF
CASSLALGTGSYNEQFF	FGEVFNATRF
CASSHPLSTDTQYF	FGEVFNATRF
CASSQEVGGLNTEAFF	FGEVFNATRF
CASSIGDEQFF	FGEVFNATRF
CASSIGGGDQETQYF	FGEVFNATRF
CASSEDFSSYEQYF	FGEVFNATRF
CASSLVAGGPDEQFF	FGEVFNATRF
CASSLGGGSGYTF	FGEVFNATRF
CASSQEAGGANTEAFF	FGEVFNATRF
CASSLGGAEQYF	FGEVFNATRF
CASSLTEAGEHGNEQFF	FGEVFNATRF
CASSLSGTGMFYEQYF	FGEVFNATRF
CASSQERGEYYEQYF	FGEVFNATRF
CASSLAGGPDEQYF	FGEVFNATRF
CASSQDLGDTEAFF	FGEVFNATRF
CASSVRSDRLQETQYF	FGEVFNATRF
CASSLSSGPSTDTQYF	FGEVFNATRF
CASSLAPNTEAFF	FGEVFNATRF
CASSGAGQDGSYEQYF	FGEVFNATRF
CASSPQGSGGLGDEQFF	FGEVFNATRF
CASSQDWGNGSEAFF	FGEVFNATRF
CSARDTSENTEAFF	FGEVFNATRF
CASSDPGLNQPQHF	FGEVFNATRF
CASSQDSVQETQYF	FGEVFNATRF
CASSLGGEQFF	FGEVFNATRF
CASSQEREFYEQYF	FGEVFNATRF
CASSVQSYNEQFF	FGEVFNATRF
CASSQVGVQETQYF	FGEVFNATRF
CASSLGAGVALETQYF	FGEVFNATRF
CASSQDSEFYEQYF	FGEVFNATRF
CASSLGQETQYF	FGEVFNATRF
CASSYSNMGLANTEAFF	FGEVFNATRF
CASSFSRGLNYGYTF	FGEVFNATRF
CASSQDRGYYEQYF	FGEVFNATRF
CAWSFPSDFYEQYF	FGEVFNATRF
CASSVPGAYNEQFF	FGEVFNATRF
CASSPSQGNEQFF	FGEVFNATRF
CASSLSYNEQFF	FGEVFNATRF
CASSVRLAGADNEQFF	FGEVFNATRF
CASSFGGAGTDTQYF	FGEVFNATRF
CASSLTLAGGPTGELFF	FGEVFNATRF
CASSKEVTLTGGPRDYNEQFF	FGEVFNATRF
CASSPEAGELGYNEQFF	FGEVFNATRF
CASSGGSDSYNEQFF	FGEVFNATRF
CASSPTSVGAGELFF	FGEVFNATRF
CASSQDKDYYEQYF	FGEVFNATRF
CASSLGGGDQETQYF	FGEVFNATRF
CASSQDVGGFQPQHF	FGEVFNATRF
CASSLGGSNTEAFF	FGEVFNATRF
CASSHDNSNQPQHF	FGEVFNATRF
CASSLLGTLNTEAFF	FGEVFNATRF
CASSYGAANYEQYF	FGEVFNATRF
CASTPLAGDLGVNEQFF	FGEVFNATRF
CASSLDSGIVNEQFF	FGEVFNATRF
CASALQGSSYEQYF	FGEVFNATRF
CASSESGGLDAETQYF	FGEVFNATRF
CASSQEGGTSTDTQYF	FGEVFNATRF
CASSPGGSSFYEQYF	FGEVFNATRF
CAISEGRDEQYF	FGEVFNATRF
CASRGGTYNEQFF	FGEVFNATRF
CASSYGREFYEQYF	FGEVFNATRF
CATILAGGQSYNEQFF	FGEVFNATRF
CASSPGLAGEFGTTEQYF	FGEVFNATRF
CASSLDPSGTGSYEQYF	FGEVFNATRF
CASALHRSDTQYF	FGEVFNATRF
CASSLSGGTGASFYGYTF	FGEVFNATRF
CASSLGGDPKEKLFF	FGEVFNATRF
CATSNQRGAYEQYF	FGEVFNATRF
CASSDPANTEAFF	FGEVFNATRF
CASSSVGGAPEAFF	FGEVFNATRF
CASSPGLASTGELFF	FGEVFNATRF
CASSPGGTNTGELFF	FGEVFNATRF
CASSQDRGEPYEQYF	FGEVFNATRF
CASSQLAGENNEQFF	FGEVFNATRF
CASSLAGQYVQETQYF	FGEVFNATRF
CASSFSGTALEQYF	FGEVFNATRF
CASSLGSNQPQHF	FGEVFNATRF
CASSVAPDPPERETQYF	FGEVFNATRF
CATSGSSTGLETGELFF	FGEVFNATRF
CASSASGNYNEQFF	FGEVFNATRF
CASSLSGQPQHF	FGEVFNATRF
CASSLSVTSGYNEQFF	FGEVFNATRF
CASSPLGALPSSGANVLTF	FGEVFNATRF
CATSLGSYNEQFF	FGEVFNATRF
CASSLWTSGFPLYEQYF	FGEVFNATRF
CASSLEAGSPPGEQFF	FGEVFNATRF
CASSRGGGTNEKLFF	FGEVFNATRF
CASSYGQGSGELFF	FGEVFNATRF
CASSPARGVYEQYF	FGEVFNATRF
CASSFLAGETQYF	FGEVFNATRF
CASSIAGGPGNEQFF	FGEVFNATRF
CASSQDQEWYEQYF	FGEVFNATRF
CASSPSAGHPNGYTF	FGEVFNATRF
CASRGGTYNEQFF	FGEVFNATRF
CASSLSHEQFF	FGEVFNATRF
CASSLGQEFYEQYF	FGEVFNATRF
CASSLRGDSTDTQYF	FGEVFNATRF
CASSFGGNTGELFF	FGEVFNATRF
CASSPSGTTYFEQYF	FGEVFNATRF
CASSLSTGARTDTQYF	FGEVFNATRF
CASSFTGSGEQYF	FGEVFNATRF
CASSQDSGNYGYTF	FGEVFNATRF
CASSQERAGRTSEQYF	FGEVFNATRF
CASSSGTGPKSYNEQFF	FGEVFNATRF
CASSLSQAPGNEQFF	FGEVFNATRF
CASSYGTGGTDTQYF	FGEVFNATRF
CASSLVAGGPDTQYF	FGEVFNATRF
CASSPGGSNTGELFF	FGEVFNATRF
CASSQDLGRSHEQFF	FGEVFNATRF
CASSQDLGQAYNEQFF	FGEVFNATRF
CASSPSGDEQYF	FGEVFNATRF
CASSYGTGTAHSNEQFF	FGEVFNATRF
CASSHQTGGASYNEQFF	FGEVFNATRF
CASSLREGTDEQFF	FGEVFNATRF
CASSLGGDLNQPQHF	FGEVFNATRF
CASSFEQRTSGANVLTF	FGEVFNATRF
CASRVGGEGTGELFF	FGEVFNATRF
CASSFGSIANYEQYF	FGEVFNATRF
CASSLGGGDQETQYF	FGEVFNATRF
CATAAAPHEQFF	FGEVFNATRF
CASSQEAGGRNTEAFF	FGEVFNATRF
CASSLSTGSPADEQFF	FGEVFNATRF
CASSFGVGAYNEQFF	FGEVFNATRF
CASSPSAGGPREQYF	FGEVFNATRF
CASSPSAGRQWDTQYF	FGEVFNATRF
CASLQGGTEAFF	FGEVFNATRF
CASSPQAGGPDTQYF	FGEVFNATRF
CASSRGGDNEQFF	FGEVFNATRF
CASSSLLSGGDTQYF	FGEVFNATRF
CASSLSELGGAYNEQFF	FGEVFNATRF
CASGTGGTGELFF	FGEVFNATRF
CASSLDVTLEQFF	FGEVFNATRF
CASSLGGGSEQFF	FGEVFNATRF
CASSLAGGPYNEQFF	FGEVFNATRF
CASSLGTGGNEQYF	FGEVFNATRF
CASSVDRDGYTF	FGEVFNATRF
CASSYEAQVLNYGYTF	FGEVFNATRF
CASSPETGSPPVYGYTF	FGEVFNATRF
CASSPGAGGRTDTQYF	FGEVFNATRF
CASSLSTGRSTDTQYF	FGEVFNATRF
CASAAGSYFEQYF	FGEVFNATRF
CASAQLGDTQYF	FGEVFNATRF
CASSIPGTGSYEQYF	FGEVFNATRF
CASSPGDGGNEQFF	FGEVFNATRF
CASSLRTGLLVTQYF	FGEVFNATRF
CASSLGGSADTQYF	FGEVFNATRF
