CDR3	AA
CSALGQGNVQFF	FKVSIWNLDY
CASSARQALETQYF	FKVSIWNLDY
CASSPQGVTAGGNEQFF	FKVSIWNLDY
CASSQGSGYNSPLHF	FKVSIWNLDY
CASSLVGAPTGDTQYF	FKVSIWNLDY
CASSLSGDSFYEQYF	FKVSIWNLDY
CASVDGTSGYNEQFF	FKVSIWNLDY
CASSPGISYEQYF	FKVSIWNLDY
CASSLSFPDTQYF	FKVSIWNLDY
CASSYAGGYTDTQYF	FKVSIWNLDY
CASSPLGVSNTGELFF	FKVSIWNLDY
CASSFTSGGEDEQFF	FKVSIWNLDY
CASSPSVWESNQPQHF	FKVSIWNLDY
CASSEVVKLYYEQYF	FKVSIWNLDY
CASSVGGFGNIQYF	FKVSIWNLDY
CSVEEAGGDEQYF	FKVSIWNLDY
CASSWDGVSGNTIYF	FKVSIWNLDY
CSASQRGLTDTQYF	FKVSIWNLDY
CASSSRDRVNSPLHF	FKVSIWNLDY
CASSHGTSGTGEQFF	FKVSIWNLDY
CASSPRGSDQPQHF	FKVSIWNLDY
CASSSGLAGAPVETQYF	FKVSIWNLDY
CASSQVLSGGGGKTGTYEQYF	FKVSIWNLDY
CASSAMGTEAFF	FKVSIWNLDY
CASSFSPGELFF	FKVSIWNLDY
CSASEQGQGETQYF	FKVSIWNLDY
CASSLGGGGSYEQYF	FKVSIWNLDY
CASSKGLAGPSTDTQYF	FKVSIWNLDY
CASSFGQDMYEQFF	FKVSIWNLDY
CASSETYVPGGYTF	FKVSIWNLDY
CASSYSGPLGTDTQYF	FKVSIWNLDY
CSVYVDSYYGYTF	FKVSIWNLDY
CASSFATPGLSSAGELFF	FKVSIWNLDY
CASSLPNQPQHF	FKVSIWNLDY
CSVRGGIEAFF	FKVSIWNLDY
CASSSLSSPEAFF	FKVSIWNLDY
CASSSLPIRSTDTQYF	FKVSIWNLDY
CASSSGGSGSTSYEQYF	FKVSIWNLDY
CASAGLAGAYNEQFF	FKVSIWNLDY
CASSYQGGTGELFF	FKVSIWNLDY
CASTPSGSGSYGYTF	FKVSIWNLDY
CASSLGTGVSPLHF	FKVSIWNLDY
CASSNLASPDTQYF	FKVSIWNLDY
CASSLGGPITTTDTQYF	FKVSIWNLDY
CASSRGPVSYEQYF	FKVSIWNLDY
CASSHSPGDSTNYGYTF	FKVSIWNLDY
CASSFGGLGEQFF	FKVSIWNLDY
CASSNGGSGELFF	FKVSIWNLDY
CASSSFQGASLYEQYF	FKVSIWNLDY
CASSPHPSGRGVGELFF	FKVSIWNLDY
CASSVFSHEQFF	FKVSIWNLDY
CASSPGTGSQPQHF	FKVSIWNLDY
CASSLTGTSGNEQYF	FKVSIWNLDY
CASSQEGRRPFYEQFF	FKVSIWNLDY
CASSFSGRGSYEQYF	FKVSIWNLDY
CASSNIQGFNQPQHF	FKVSIWNLDY
CASSSVDLADTQYF	FKVSIWNLDY
CASSSTSGGTDTQYF	FKVSIWNLDY
CSVLEWSSYEQYF	FKVSIWNLDY
CASSHQEAYNEQFF	FKVSIWNLDY
CASSGYYNEQFF	FKVSIWNLDY
CASSVRGPADSLSGANVLTF	FKVSIWNLDY
CASSFSGPSTDTQYF	FKVSIWNLDY
CASSGAGTGGTEAFF	FKVSIWNLDY
CSARDRGSEQYF	FKVSIWNLDY
CASSLGQGYEQYF	FKVSIWNLDY
CASSLIGGDNEQFF	FKVSIWNLDY
CASSPGQGGNTEAFF	FKVSIWNLDY
CASSAGGYEQYF	FKVSIWNLDY
CASSQDPSGGYEQYF	FKVSIWNLDY
CASSLASGPHGYTF	FKVSIWNLDY
CASRPQGAGQPQHF	FKVSIWNLDY
CASSWPKGFTYEQYF	FKVSIWNLDY
CASAARTSLNLRYF	FKVSIWNLDY
CSVEPRANYGYTF	FKVSIWNLDY
CASGGLANTEAFF	FKVSIWNLDY
CASSLMKTEAFF	FKVSIWNLDY
CASSLEVRLYVSEYEQYF	FKVSIWNLDY
CASSLGNGLPWEQYF	FKVSIWNLDY
CASSQEGGYTEAFF	FKVSIWNLDY
CASSYLASGYNEQFF	FKVSIWNLDY
CASSLDLPIQKPQHF	FKVSIWNLDY
CASRSLDGFNQPQHF	FKVSIWNLDY
CSSTGGLSDGYTF	FKVSIWNLDY
CASSLGLAGGAPPDTQYF	FKVSIWNLDY
CASSLVVRLAWSTDTQYF	FKVSIWNLDY
CASGTGTGGDEQFF	FKVSIWNLDY
CASSLDVGTGNSPLHF	FKVSIWNLDY
CASSYSGKASTDTQYF	FKVSIWNLDY
CASSLGNSGNEQFF	FKVSIWNLDY
CASSPLGSGANEQFF	FKVSIWNLDY
CASAGREVADTQYF	FKVSIWNLDY
CASSAGDPAGIYF	FKVSIWNLDY
CASGIEPGELFF	FKVSIWNLDY
CASSWTSGGYEQYF	FKVSIWNLDY
CASSQVLHYEQYF	FKVSIWNLDY
CASSTETVRWGTDTQYF	FKVSIWNLDY
CASSLITRSYEQYF	FKVSIWNLDY
CASSQATGALGYGYTF	FKVSIWNLDY
CASSLDGIEAFF	FKVSIWNLDY
CASSIDQENTEAFF	FKVSIWNLDY
CASSRDRSEAFF	FKVSIWNLDY
CASSFIGAKHEQYF	FKVSIWNLDY
CATWDRQSNTQYF	FKVSIWNLDY
CASSQSLGGSETQYF	FKVSIWNLDY
CASSQATGNYEQYF	FKVSIWNLDY
CASSPTSGGMSDTQYF	FKVSIWNLDY
CATSDLQGGAGLNEQFF	FKVSIWNLDY
CASSPGLANEQFF	FKVSIWNLDY
CASTTGGWEQYF	FKVSIWNLDY
CSAWTGNGYEQYF	FKVSIWNLDY
CASSLGTRLAGATDTQYF	FKVSIWNLDY
CASSPRASTEAFF	FKVSIWNLDY
CASSFGRGLPRDTEAFF	FKVSIWNLDY
CASSHPWLAGDSYNEQFF	FKVSIWNLDY
CASSPGGLEAFF	FKVSIWNLDY
CASSFVWVGNEQFF	FKVSIWNLDY
CASSQAHSSPAGGTDTQYF	FKVSIWNLDY
CAISWTGGGTEAFF	FKVSIWNLDY
CASSRLDRVYDEQYF	FKVSIWNLDY
CASSGLAGETYNEQFF	FKVSIWNLDY
CASSQGAGGPGNEQFF	FKVSIWNLDY
CASSIPLFEAFF	FKVSIWNLDY
CASSPDRDYGYTF	FKVSIWNLDY
CASSFYDSLEQFF	FKVSIWNLDY
CASSPEPGQGLNEQFF	FKVSIWNLDY
CASSGTGNNEQFF	FKVSIWNLDY
CSATDIYLADGTYEQYF	FKVSIWNLDY
CASSLAASSYEQYF	FKVSIWNLDY
CSVEYRGLGEQYF	FKVSIWNLDY
CASSLDLTYEQYF	FKVSIWNLDY
CASSVGLGAYEQYF	FKVSIWNLDY
CASSLTTAYGYTF	FKVSIWNLDY
CATSGDETQYF	FKVSIWNLDY
CASSLPGGYDTQYF	FKVSIWNLDY
CASSFGTDGGEQYF	FKVSIWNLDY
CASPSNTGELFF	FKVSIWNLDY
CASSHSGGGELFF	FKVSIWNLDY
CASSLVENTEAFF	FKVSIWNLDY
CASRSRLREISYEQYF	FKVSIWNLDY
CASSSMDTRLVNTEAFF	FKVSIWNLDY
CASSFLGLSYEQYF	FKVSIWNLDY
CSAREVAGESYNEQFF	FKVSIWNLDY
CASSQVGQGLNTEAFF	FKVSIWNLDY
CALTSLNTEAFF	FKVSIWNLDY
CASTPRQYEQYF	FKVSIWNLDY
CATSRPYEGFREQYF	FKVSIWNLDY
CASSQKQGYEQYF	FKVSIWNLDY
CASSFFAKGVNEQYF	FKVSIWNLDY
CASSQHPGEEQYF	FKVSIWNLDY
CASSIVPNHYNEQFF	FKVSIWNLDY
CASSVSGGFEAFF	FKVSIWNLDY
CATSPQRVNTGELFF	FKVSIWNLDY
CASSLFWLAGITYEQYF	FKVSIWNLDY
CASSLGMTGTTLIEETQYF	FKVSIWNLDY
CASGLPPIEAFF	FKVSIWNLDY
CASSQDKVAPLRETQYF	FKVSIWNLDY
CASSPGSGWEQYF	FKVSIWNLDY
CASSLRTGTETQYF	FKVSIWNLDY
CASSLWTSQDTQYF	FKVSIWNLDY
CASSGRKNIQYF	FKVSIWNLDY
CASSLDGSGTYEQYF	FKVSIWNLDY
CASSVSFSANEQYF	FKVSIWNLDY
CASSFEGDVLFF	FKVSIWNLDY
CASSYGPGQTTYEQYF	FKVSIWNLDY
CASSVQAGADTQYF	FKVSIWNLDY
CASSQVMGAPSTDTQYF	FKVSIWNLDY
CASSQAWSSYNEQFF	FKVSIWNLDY
CASSILQGTLDEQFF	FKVSIWNLDY
CASSLGQVSRWEKLFF	FKVSIWNLDY
CASSAPGQGYNSPLHF	FKVSIWNLDY
CASSKAGDYGYTF	FKVSIWNLDY
CASTNAGHNEQFF	FKVSIWNLDY
CASSLGENEQFF	FKVSIWNLDY
CASSYRDYSPLHF	FKVSIWNLDY
CASSPRTANNSPLHF	FKVSIWNLDY
CASTTGPYNEQFF	FKVSIWNLDY
CASSLRGDGTDTQYF	FKVSIWNLDY
CASSLLPVAGKNEKLFF	FKVSIWNLDY
CASSLLLSAGPNEQFF	FKVSIWNLDY
CSVEQQGDYEQYF	FKVSIWNLDY
CASRFLGTEAFF	FKVSIWNLDY
CASMGTSGGPSTDTQYF	FKVSIWNLDY
CATSGVRQFF	FKVSIWNLDY
CASRPMTGLNTGELFF	FKVSIWNLDY
CASINRLNNEQFF	FKVSIWNLDY
CASSLGDRVRNEQFF	FKVSIWNLDY
CASSVVASWETQYF	FKVSIWNLDY
CASSPDIEQYF	FKVSIWNLDY
CAISPLDTGNTGELFF	FKVSIWNLDY
CASSYGTGWTEAFF	FKVSIWNLDY
CSASRGGELFF	FKVSIWNLDY
CASSPSSYNEQFF	FKVSIWNLDY
CASSWTGNNEQFF	FKVSIWNLDY
CASSWTGAPPLHF	FKVSIWNLDY
CASSRNYPSTAADNEQFF	FKVSIWNLDY
CASSEARVRLAGNEQFF	FKVSIWNLDY
CASSQLLQNEQFF	FKVSIWNLDY
CASSQRIDYEQYF	FKVSIWNLDY
CASSRSGTNTGELFF	FKVSIWNLDY
CASSLSAGDFNEQFF	FKVSIWNLDY
CASRLARGNTEAFF	FKVSIWNLDY
CASSQGGGLGAFF	FKVSIWNLDY
CASGDYEQYF	FKVSIWNLDY
CASSQTGIAFF	FKVSIWNLDY
CSARDRGREAGRGTDTQYF	FKVSIWNLDY
CASSEVGEQFF	FKVSIWNLDY
CASSYSRGRGGSGELFF	FKVSIWNLDY
CASSGRGLSYNEQFF	FKVSIWNLDY
CASSLQGGTSYEQYF	FKVSIWNLDY
CASSVSRDGDSYEQYF	FKVSIWNLDY
CAINPERVAETQYF	FKVSIWNLDY
CASRTGTYNEQFF	FKVSIWNLDY
CASIEGGSYNEQFF	FKVSIWNLDY
CASSNREDEQYF	FKVSIWNLDY
CASRQFFPTNTDTQYF	FKVSIWNLDY
CASSALGTGQNEQFF	FKVSIWNLDY
CASSAPTRLNTGELFF	FKVSIWNLDY
CSAASGTSGSGDTQYF	FKVSIWNLDY
CASSALKSGYNEQFF	FKVSIWNLDY
CASSVRQGTPDTQYF	FKVSIWNLDY
CASSLDGRSPSYEQYF	FKVSIWNLDY
CASSNLAGGPVGELFF	FKVSIWNLDY
CASSWTDSYEQYF	FKVSIWNLDY
CASSLAGGNEQFF	FKVSIWNLDY
CSASWNRGGIGNIQYF	FKVSIWNLDY
CASSLGGGNNEQFF	FKVSIWNLDY
CASSFGGDTGELFF	FKVSIWNLDY
CASSRLPDETQYF	FKVSIWNLDY
CASSLVPGGRPGEEAFF	FKVSIWNLDY
CAIAGLAGTQYF	FKVSIWNLDY
CASSFGGSWAYGYTF	FKVSIWNLDY
CASSLGGAKTEAFF	FKVSIWNLDY
CASNEGRTGDEKLFF	FKVSIWNLDY
CASGLAEYEQYF	FKVSIWNLDY
CASSPGGEQYF	FKVSIWNLDY
CASGTGLEQYF	FKVSIWNLDY
CASSEGLGGEQYF	FKVSIWNLDY
CASSPRRAWETQYF	FKVSIWNLDY
CSVPPQGSEQFF	FKVSIWNLDY
CASWGGSEEETQYF	FKVSIWNLDY
CASSRGLVNEQFF	FKVSIWNLDY
CASSLARVGLNTEAFF	FKVSIWNLDY
