CDR3	AA
CSARDLDRAFF	LLYDANYFLC
CASSLAFPNEQFF	LLYDANYFLC
CASSQDHNEQFF	LLYDANYFLC
CASAKREATYNEQFF	LLYDANYFLC
CASSFGDSRYTF	LLYDANYFLC
CASSLLGAEDGTAKNIQYF	LLYDANYFLC
CASSQEPHELNTEAFF	LLYDANYFLC
CASSNTPYEQYF	LLYDANYFLC
CASSPSLTGSGLGETQYF	LLYDANYFLC
CSAPGQGNGQPQHF	LLYDANYFLC
CASRSGGELFF	LLYDANYFLC
CASSHGGTVNEQYF	LLYDANYFLC
CASSNGLAGGETQYF	LLYDANYFLC
CSVRDGGKAGYTF	LLYDANYFLC
CSARTGSYEQYF	LLYDANYFLC
CSAQAQTSFDGYTF	LLYDANYFLC
CAISGSPGGGTEAFF	LLYDANYFLC
CASSLLGGEKLFF	LLYDANYFLC
CASGWDQTSYEQYF	LLYDANYFLC
CASSQEVFGNQPQHF	LLYDANYFLC
CSARTGVEQFF	LLYDANYFLC
CSARAENTEAFF	LLYDANYFLC
CSVRQGTYEQYF	LLYDANYFLC
CASSASGRNEQYF	LLYDANYFLC
CASSQGDRPEAFF	LLYDANYFLC
CASIVGLHTGELFF	LLYDANYFLC
CASSPGKTQYF	LLYDANYFLC
CASSWEGYEQYF	LLYDANYFLC
CSARGREVPDTQYF	LLYDANYFLC
CASSLGGTEAFF	LLYDANYFLC
CASSLGTVGYNEEQFF	LLYDANYFLC
CSAVSGPPYNEQFF	LLYDANYFLC
CASSEGQTNTEAFF	LLYDANYFLC
CASSPRPGPGELFF	LLYDANYFLC
CASSIGGGKPTDTQYF	LLYDANYFLC
CASSETSRVADTQYF	LLYDANYFLC
CASSYAVPGELFF	LLYDANYFLC
CSVENSQGPNEQYF	LLYDANYFLC
CSVRAMNYEQYF	LLYDANYFLC
CASSGPTETFINTGELFF	LLYDANYFLC
CASSLGTGGFYEQYF	LLYDANYFLC
CATSATGYEQYF	LLYDANYFLC
CATSALDEQFF	LLYDANYFLC
CSARKGQPQHF	LLYDANYFLC
CASSPTGGSGNTIYF	LLYDANYFLC
CASSLGGSTEAFF	LLYDANYFLC
CASGSGQGRNQPQHF	LLYDANYFLC
CASSLGTGGVF	LLYDANYFLC
CASSQEEPPRGLGGNTIYF	LLYDANYFLC
CASSRTSGRIQETQYF	LLYDANYFLC
CASSVEGLNTEAFF	LLYDANYFLC
CASSGMTGTGYTF	LLYDANYFLC
CASSFQDSGWNEQFF	LLYDANYFLC
CATSGLASGSDTQYF	LLYDANYFLC
CASSFNFPGGMNGYTF	LLYDANYFLC
CASSLTPGLGSTEAFF	LLYDANYFLC
CASSLYGGETQYF	LLYDANYFLC
CASSQDQYTQYF	LLYDANYFLC
CASSFSKTAITWGETQYF	LLYDANYFLC
CASSVVDRGREQFF	LLYDANYFLC
CASTEDPGGYNEQFF	LLYDANYFLC
CASSQISGETQYF	LLYDANYFLC
CASSFTGSGGETQYF	LLYDANYFLC
CASSLTTGTSGTNEQFF	LLYDANYFLC
CASSLGGEKLFF	LLYDANYFLC
CASSLADRAYEQYF	LLYDANYFLC
CASTLGAPYEQYF	LLYDANYFLC
CASSLGGTEAFF	LLYDANYFLC
CASSLEGYEQYF	LLYDANYFLC
CSASGTSEVLLTDTQYF	LLYDANYFLC
CASSESWTGGFSEAFF	LLYDANYFLC
CSVVRRGRFSYEQYF	LLYDANYFLC
CASSLGGSTEAFF	LLYDANYFLC
CASSWSSGSIDEQYF	LLYDANYFLC
CATRGLAGPRGGNEQFF	LLYDANYFLC
CSARGPQLSRTDTQYF	LLYDANYFLC
CSALGTSGATGELFF	LLYDANYFLC
CASPTGLGMNTEAFF	LLYDANYFLC
CASSSGQSYEQYF	LLYDANYFLC
CSARGFEKLGNTGELFF	LLYDANYFLC
CASSLLGKDIQYF	LLYDANYFLC
CASSQQGNGEQYF	LLYDANYFLC
CASSLTQDRGPYEQYF	LLYDANYFLC
CASSSLSGATGQFF	LLYDANYFLC
CSARLANTGELFF	LLYDANYFLC
CASSQERTSGYNEQFF	LLYDANYFLC
CASSESVNTGSGTEAFF	LLYDANYFLC
CASSLNQGGHEQYF	LLYDANYFLC
CATSRGTGETGELFF	LLYDANYFLC
CASSSLGGASGANEQFF	LLYDANYFLC
CASSAGGLNTGELFF	LLYDANYFLC
CASSYRPGHQPQHF	LLYDANYFLC
CASSSPNNQPQHF	LLYDANYFLC
CASSLGSGGTEAFF	LLYDANYFLC
CASSIAVRTGTNTEAFF	LLYDANYFLC
CASSSRDRGPGTGELFF	LLYDANYFLC
CASSFPTSEATDTQYF	LLYDANYFLC
CASRGQSKPTPLAKNIQYF	LLYDANYFLC
CASSSGQIYEQYF	LLYDANYFLC
CASSHSGQGFNEQFF	LLYDANYFLC
CASSPYPGEFEQYF	LLYDANYFLC
CASRVAGASDTQYF	LLYDANYFLC
CASSDGLARNEQFF	LLYDANYFLC
CSVEYQGHEQYF	LLYDANYFLC
CASSLGRGSLDYGYTF	LLYDANYFLC
CASSPGQGWDNEQFF	LLYDANYFLC
CASSVAGSTEAFF	LLYDANYFLC
CASSTGGAKNIQYF	LLYDANYFLC
CASRGETGLYTF	LLYDANYFLC
CATQGEGATYEQYF	LLYDANYFLC
CSARGPPSGSPDTQYF	LLYDANYFLC
CSVDASGEQFF	LLYDANYFLC
CASSQDSGNQPQHF	LLYDANYFLC
CASSQFPPSGNEQFF	LLYDANYFLC
CASPKEGSGLSPYEQYF	LLYDANYFLC
CATRKTGGSEAFF	LLYDANYFLC
CASSNPRTGVGTGELFF	LLYDANYFLC
CATEEGDSTDTQYF	LLYDANYFLC
CASSTGTSGIIYEQYF	LLYDANYFLC
CSARVGTLQYF	LLYDANYFLC
CSASPQGTSGASDTQYF	LLYDANYFLC
CASSEIGTYEQFF	LLYDANYFLC
CASSQDHYDSSF	LLYDANYFLC
CASSLRAGSLYNEQFF	LLYDANYFLC
CASSHSPTPQPQHF	LLYDANYFLC
CASSPLAAKGEQFF	LLYDANYFLC
CASSSVSNQPQHF	LLYDANYFLC
CAISDILSDSNQPQHF	LLYDANYFLC
CSVPPKEVGFF	LLYDANYFLC
CASSPPGRDTGELFF	LLYDANYFLC
CASSQDLAGVGEQYF	LLYDANYFLC
CASSFSVREFYEQYF	LLYDANYFLC
CASSHFSGLEQFF	LLYDANYFLC
CASSLGQGAQPQHF	LLYDANYFLC
CATSRETGGAGTDTQYF	LLYDANYFLC
CSARELSNEQFF	LLYDANYFLC
CASSRDMGGLGYTF	LLYDANYFLC
CSARVGNSNGYTF	LLYDANYFLC
CASSGGWGETQYF	LLYDANYFLC
CASSGQLTGELFF	LLYDANYFLC
CASSAPGTGSTDTQYF	LLYDANYFLC
CSASYPYNTEAFF	LLYDANYFLC
CASSSTSLTGNEQFF	LLYDANYFLC
CASNGGGSNEKLFF	LLYDANYFLC
CASSLAGTGGGNEQFF	LLYDANYFLC
CASSLTPGIGTGELFF	LLYDANYFLC
CSARGQGPYNEQFF	LLYDANYFLC
CASARLNQETQYF	LLYDANYFLC
CASSPGQGVYTDTQYF	LLYDANYFLC
CASSPRQGKDEKLFF	LLYDANYFLC
CASSLSYTGELFF	LLYDANYFLC
CSAGGSRTNEQFF	LLYDANYFLC
CASRPLAGGLILETQYF	LLYDANYFLC
CASSQDHNEQFF	LLYDANYFLC
CASSLGGDRETQYF	LLYDANYFLC
CSVRGTGTKIPVQYTF	LLYDANYFLC
CASGAGYTGELFF	LLYDANYFLC
CASSIDGSYEQYF	LLYDANYFLC
CATSRDDDAKLFF	LLYDANYFLC
CASSSTGGKGTQYF	LLYDANYFLC
CSVRAGGWEQYF	LLYDANYFLC
CASRGEVSYEQYF	LLYDANYFLC
CASSSLTGGAGNQPQHF	LLYDANYFLC
CASSPGSSGSVQYF	LLYDANYFLC
CAWSVYGGNTGELFF	LLYDANYFLC
CSARPLDGTYNEQFF	LLYDANYFLC
CSARLGNYNEQFF	LLYDANYFLC
CASLNLRGDYGYTF	LLYDANYFLC
CASSVGRSLGEDTQYF	LLYDANYFLC
CASSHISGETQYF	LLYDANYFLC
CATSDFEFTDTQYF	LLYDANYFLC
CASSPGGGGEQFF	LLYDANYFLC
CSAALTGPYEQYF	LLYDANYFLC
CAISESAGKNTGELFF	LLYDANYFLC
CASSLAGRNTEAFF	LLYDANYFLC
CATSGARQNEQFF	LLYDANYFLC
CASSTQTGGALNTEAFF	LLYDANYFLC
CASSQASGGASNEQFF	LLYDANYFLC
CASSKDHTEAFF	LLYDANYFLC
CSARAGGYNEQFF	LLYDANYFLC
CASSPWGKYTGELFF	LLYDANYFLC
CASSVGTSGSPAQQYF	LLYDANYFLC
CASSKRRGGRNTEAFF	LLYDANYFLC
CASSLADSGANVLTF	LLYDANYFLC
CASSNTKGVVYEQYF	LLYDANYFLC
CASSTRTASFNEKLFF	LLYDANYFLC
CASSFAAEQYF	LLYDANYFLC
CAWSVLVSEIFNTGELFF	LLYDANYFLC
CASSLGSTEAFF	LLYDANYFLC
CASSLIQDEQYF	LLYDANYFLC
CASSYAGGSGYTF	LLYDANYFLC
CASSLGGAEAFF	LLYDANYFLC
CASSDLGGGRTDTQYF	LLYDANYFLC
CASSFGDTHYEQYF	LLYDANYFLC
CASSYGDRDSGANVLTF	LLYDANYFLC
