CDR3	AA
CASHPLSGAVNTGELFF	WPVTLACFVL
CASSPEVGQHNSPLHF	WPVTLACFVL
CASTETGGPPYEQYF	WPVTLACFVL
CASSEGVDYEQYF	WPVTLACFVL
CASSFATGITGEQYF	WPVTLACFVL
CASSFGGDTQYF	WPVTLACFVL
CASSLAGQGSEQYF	WPVTLACFVL
CASRPPGGFTDTQYF	WPVTLACFVL
CASRVIGLGAYEQYF	WPVTLACFVL
CASSPSTIRYEQYF	WPVTLACFVL
CASSEYRGLDTGELFF	WPVTLACFVL
CASSRIEGYTYEQYF	WPVTLACFVL
CASSSGPYNEQFF	WPVTLACFVL
CASTGTAFFGWEQYF	WPVTLACFVL
CASSPNNEQFF	WPVTLACFVL
CASSKYLGGFREKLFF	WPVTLACFVL
CASSLGVEQYF	WPVTLACFVL
CASSLVEGDGYTF	WPVTLACFVL
CASSRRQDGEHTGELFF	WPVTLACFVL
CSVVPVDLSSYNEQFF	WPVTLACFVL
CASSSGWDQYF	WPVTLACFVL
CASIPTSGFYNEQFF	WPVTLACFVL
CASSVHGQPGGAFF	WPVTLACFVL
CAIGGSGFGETQYF	WPVTLACFVL
CASSVDASYEQYF	WPVTLACFVL
CASSLLMGQGDTGELFF	WPVTLACFVL
CSGLGLILLGSYNEQFF	WPVTLACFVL
CASSILPVVGNTIYF	WPVTLACFVL
CASSRGLADYFYEQYF	WPVTLACFVL
CASSSGYGYTF	WPVTLACFVL
CASSKPGLAGPLGEQYF	WPVTLACFVL
CSVYLALAKNIQYF	WPVTLACFVL
CASSLAVTREQFF	WPVTLACFVL
CASSFVQQETQYF	WPVTLACFVL
CSVEQAGAYGYTF	WPVTLACFVL
CASTRQGNEKLFF	WPVTLACFVL
CASSRTSDEQFF	WPVTLACFVL
CASSFPFQETQYF	WPVTLACFVL
CASSYGPNYEQYF	WPVTLACFVL
CASSTSSEQFF	WPVTLACFVL
CASSLTSGRAGSFYNEQFF	WPVTLACFVL
CASSSDRGADTQYF	WPVTLACFVL
CASSPDRLPNQPQHF	WPVTLACFVL
CASSEYFYEQYF	WPVTLACFVL
CASRDRARYEQYF	WPVTLACFVL
CASSERLAVAKNIQYF	WPVTLACFVL
CASSLVPGDAYGYTF	WPVTLACFVL
CASSQESDEQFF	WPVTLACFVL
CASSQDTGLPAADTQYF	WPVTLACFVL
CASSVANEQFF	WPVTLACFVL
CASSEAEGYEQYF	WPVTLACFVL
CASSEGQGYEQYF	WPVTLACFVL
CASNPTGLISNQPQHF	WPVTLACFVL
CASSMDRGWETQYF	WPVTLACFVL
CASSLAPRGDGGEQYF	WPVTLACFVL
CASSTGRDTGELFF	WPVTLACFVL
CASSPVGRNTEAFF	WPVTLACFVL
CASSYLTTLGATEAFF	WPVTLACFVL
CATSDLEKTDTQYF	WPVTLACFVL
CASSYWTDGYTF	WPVTLACFVL
CAGGPSGSAHNEQFF	WPVTLACFVL
CASLPTGTYTGELFF	WPVTLACFVL
CASWSYGNQPQHF	WPVTLACFVL
CASSPSNEQFF	WPVTLACFVL
CAISKRTGLKGNTEAFF	WPVTLACFVL
CATSDLTGELFF	WPVTLACFVL
CATSSPLAEVNEQFF	WPVTLACFVL
CATLGDGYTF	WPVTLACFVL
CASQTKADSYEQYF	WPVTLACFVL
CASSPGTGAGELFF	WPVTLACFVL
CATSDLTADPPTSTDTQYF	WPVTLACFVL
CASRLNTEAFF	WPVTLACFVL
CASSQAGETQYF	WPVTLACFVL
CASSFRGSSDTF	WPVTLACFVL
CASSFTTGIYNTEAFF	WPVTLACFVL
CASSFPGLEGEHEQYF	WPVTLACFVL
CASVSVTSGSNEQFF	WPVTLACFVL
CASSISGTGQPQHF	WPVTLACFVL
CASSLLGLEQFF	WPVTLACFVL
CASGDSLYSNQPQHF	WPVTLACFVL
CAATKELAGEHEQYF	WPVTLACFVL
CAIRDPSGHEQYF	WPVTLACFVL
CASSSDDFEAFF	WPVTLACFVL
CSAKTGASSYEQYF	WPVTLACFVL
CASSLAGVIDNEQFF	WPVTLACFVL
CASSLLGSRSYEQYF	WPVTLACFVL
CASSGTSSHEQYF	WPVTLACFVL
CASSLVAGALYTF	WPVTLACFVL
CASSQPGQGAYF	WPVTLACFVL
CASSAANEQFF	WPVTLACFVL
CASSFRGGQSNEQFF	WPVTLACFVL
CASSRGGPEAFF	WPVTLACFVL
CASTPWRGFNEQFF	WPVTLACFVL
CASSLGLGLAEQETQYF	WPVTLACFVL
CASSLNQGLTGELFF	WPVTLACFVL
CASSVARGYNEQFF	WPVTLACFVL
CASIHAGDHYGYTF	WPVTLACFVL
CASSLMGTTQYF	WPVTLACFVL
CASSPRDSLGEQYF	WPVTLACFVL
CASTTVPQRVGTDIQYF	WPVTLACFVL
CASRPTGGEETQYF	WPVTLACFVL
CASSLLVGNTIYF	WPVTLACFVL
CASSLGPGGSLEPQHF	WPVTLACFVL
CARYRETHNFYYEQYF	WPVTLACFVL
CASMTEPSSTDTQYF	WPVTLACFVL
CASSSRGVEQPQHF	WPVTLACFVL
CASNPGHLNTEAFF	WPVTLACFVL
CASSLWAGGTEAFF	WPVTLACFVL
CASSILQPAGVGYEQFF	WPVTLACFVL
CASSSPSGGNTDTQYF	WPVTLACFVL
CASSPSTGTGGREQYF	WPVTLACFVL
CASSEPSLQGRGYTF	WPVTLACFVL
CASSIVLVGAGELFF	WPVTLACFVL
CASRGGLAGSNEQFF	WPVTLACFVL
CASTIMGQPQHF	WPVTLACFVL
CASSSLAGDYNEQFF	WPVTLACFVL
CAWSVRGDPTDTQYF	WPVTLACFVL
CASSFSNEQFF	WPVTLACFVL
CASSSGTAYNEQFF	WPVTLACFVL
CASSQIGVGANVLTF	WPVTLACFVL
CASSYGTGQTEAFF	WPVTLACFVL
CASSFPQSIRVSAGSQGPYEQYF	WPVTLACFVL
CASTLDRGVNEQFF	WPVTLACFVL
CASSQTRDRLYEQYF	WPVTLACFVL
CASSLYPPGAGGINEQYF	WPVTLACFVL
CASSGWDRTSYEQYF	WPVTLACFVL
CASSPGGGPEAFF	WPVTLACFVL
CASTQDRGQETQYF	WPVTLACFVL
CASSLMVPAGSDTQYF	WPVTLACFVL
CSVVGTSGGTSYNEQFF	WPVTLACFVL
CASSRSSEQFF	WPVTLACFVL
CASSELSPMETQYF	WPVTLACFVL
CASSPGQFQYF	WPVTLACFVL
CASSYGHEQFF	WPVTLACFVL
CASSLLHSGTPDYEQYF	WPVTLACFVL
CASSLGGGRGNSYEQYF	WPVTLACFVL
CASSLGQEHIEAFF	WPVTLACFVL
CASSEPFSGGYTGELFF	WPVTLACFVL
CASSFVQGSNEQFF	WPVTLACFVL
CASSGPGGLNTGELFF	WPVTLACFVL
CASSPPGTEAFF	WPVTLACFVL
CASSKAWLNTGELFF	WPVTLACFVL
CASSYPGPMNTEAFF	WPVTLACFVL
CASSTSNVEAFF	WPVTLACFVL
CASSLVGTGLNEKLFF	WPVTLACFVL
CASSLTGNTEAFF	WPVTLACFVL
CASGPDRSSYNEQFF	WPVTLACFVL
CASTADNEQFF	WPVTLACFVL
CASSFFPTGDGETQYF	WPVTLACFVL
CASNLNNEQFF	WPVTLACFVL
CSVGGTEQYF	WPVTLACFVL
CASSFVLGAGEKLFF	WPVTLACFVL
CASSQGTGGNTQYF	WPVTLACFVL
CASSPGTLGGWDIQYF	WPVTLACFVL
CASSPLPGTEAFF	WPVTLACFVL
CASSLESAVSGQPSYEQYF	WPVTLACFVL
CASIPTGGLAGAATGELFF	WPVTLACFVL
CASSIGRGGAYEQYF	WPVTLACFVL
CASSFRGLSDEKLFF	WPVTLACFVL
CASSSFSGNTGELFF	WPVTLACFVL
CASNSLSGELFF	WPVTLACFVL
CASSYPYGTDGETQYF	WPVTLACFVL
CASSFSITDSNAYNEQFF	WPVTLACFVL
CASSFNLYTDTQYF	WPVTLACFVL
CASSLPGQGPNEQYF	WPVTLACFVL
CSVVWSKGDTQYF	WPVTLACFVL
CATSDLRQGTSTDTQYF	WPVTLACFVL
CASSPSSEGNIQYF	WPVTLACFVL
CASRPPGGSTDTQYF	WPVTLACFVL
CASSPANNEQFF	WPVTLACFVL
CSVGTGDYTEAFF	WPVTLACFVL
CASSLGTGYNEQFF	WPVTLACFVL
CASSPGRSQETQYF	WPVTLACFVL
CASSPVSGTEAFF	WPVTLACFVL
CASSLLVAGGVHEQFF	WPVTLACFVL
CASSSRTSGTTGELFF	WPVTLACFVL
CASSPIRTEEQYF	WPVTLACFVL
CASSSIGRGQGEKLFF	WPVTLACFVL
CASSKDQRGYTF	WPVTLACFVL
CAWSVLRTVEETQYF	WPVTLACFVL
CASSPTEDLILTDEQFF	WPVTLACFVL
CASSLFGSTYEQYF	WPVTLACFVL
CASSLASDEQYF	WPVTLACFVL
CASSEWTTPTYEQYF	WPVTLACFVL
CASSVGEGRTEAFF	WPVTLACFVL
CAAATPNGYTF	WPVTLACFVL
CASSLLLPGGLHSGANVLTF	WPVTLACFVL
CASSDQGNTIYF	WPVTLACFVL
CASSPGQKKFF	WPVTLACFVL
CASSFLAWETQYF	WPVTLACFVL
CSVDGTSGGSYEQYF	WPVTLACFVL
CASAGDNNEQFF	WPVTLACFVL
CASSPIAGGDNEQFF	WPVTLACFVL
CASSPRDSHTDTQYF	WPVTLACFVL
CASSQTPTADFLFEQYF	WPVTLACFVL
CASNRGTGTNSPLHF	WPVTLACFVL
CASSYGLAGGPISLEQYF	WPVTLACFVL
CSVTGLAGGVEQFF	WPVTLACFVL
CASSESYEQYF	WPVTLACFVL
CASSELTIRGIGEKLFF	WPVTLACFVL
CASSFSESYEQYF	WPVTLACFVL
CASSFEGLEYYGYTF	WPVTLACFVL
CASSKDRRDGYTF	WPVTLACFVL
CASSASGNPDEQFF	WPVTLACFVL
CASSLLGTSGPGELFF	WPVTLACFVL
CASRAGASSYEQYF	WPVTLACFVL
CSASTSPIEQYF	WPVTLACFVL
CASSPPSSGYPTYNEQFF	WPVTLACFVL
CASSLSAGGRVEQYF	WPVTLACFVL
CASSPMRGGFTDTQYF	WPVTLACFVL
CASSYGLVRELFF	WPVTLACFVL
CASSTPRPGLAGPTDTQYF	WPVTLACFVL
CASSQGLAGGQQETQYF	WPVTLACFVL
CASRSSQGDEQFF	WPVTLACFVL
CASSQVYGVQPQHF	WPVTLACFVL
CASSQDLRFSGNTIYF	WPVTLACFVL
CASSYFNTDTQYF	WPVTLACFVL
CASSPDNEQFF	WPVTLACFVL
CASSFKYAGTKDYEQYF	WPVTLACFVL
CASRGEGLWYGYTF	WPVTLACFVL
CASRIEFYEQFF	WPVTLACFVL
CASSSRTGSFDEQYF	WPVTLACFVL
CASSKRGSYGYTF	WPVTLACFVL
CASSFGYYGYTF	WPVTLACFVL
CAISELYTSSTDTQYF	WPVTLACFVL
CASSFPGAYNEQFF	WPVTLACFVL
CASSFRGTEAFF	WPVTLACFVL
CASSQVGGASGYTF	WPVTLACFVL
CASSEGVNTGELFF	WPVTLACFVL
CASSLVGAGEAFF	WPVTLACFVL
CASSLGQRVDGYTF	WPVTLACFVL
CASRGALAGEQYF	WPVTLACFVL
CATFGLAGLREQFF	WPVTLACFVL
CARISGELFF	WPVTLACFVL
CSSNQPQHF	WPVTLACFVL
CASSLVLGEQYF	WPVTLACFVL
CAIRQGTDGDNSPLHF	WPVTLACFVL
CASSYSTGNEQFF	WPVTLACFVL
CASISITGELFF	WPVTLACFVL
CASSEPGLDRQYF	WPVTLACFVL
CASSYGELGTF	WPVTLACFVL
CATLGTSRPDTQYF	WPVTLACFVL
CASSQAAGGLGGYTF	WPVTLACFVL
CSAGTSFSYNEQFF	WPVTLACFVL
CASSGPGVAGADEQYF	WPVTLACFVL
CASSQDGLQEVYNEQFF	WPVTLACFVL
CASQGYLSYEQYF	WPVTLACFVL
CASSPRPIVQLHPSGANVLTF	WPVTLACFVL
CASSVGTGGFQPQHF	WPVTLACFVL
CSARDRQRTSYNEQFF	WPVTLACFVL
CASSQKTGGSESNIQYF	WPVTLACFVL
CATSDLAGVPNNEQFF	WPVTLACFVL
CASSFGYLGSVPLNEQFF	WPVTLACFVL
CASSLGQAYEQYF	WPVTLACFVL
CASSPSGLSGNTIYF	WPVTLACFVL
CASSELAPQLTDTQYF	WPVTLACFVL
CASRIYNEKLFF	WPVTLACFVL
CASSSPRLAVYEQYF	WPVTLACFVL
CASRPQGPYEQYF	WPVTLACFVL
CASSYDNYGYTF	WPVTLACFVL
CAISDFGSGGPTTYEQYF	WPVTLACFVL
CASSAQLLSGGANTGELFF	WPVTLACFVL
CASSVGGYTEAFF	WPVTLACFVL
CASSHPGLGYEQYV	WPVTLACFVL
CASSHPNTGELFF	WPVTLACFVL
CASSPKTEGKNIQYF	WPVTLACFVL
CASSFLPPLLKREVDTQYF	WPVTLACFVL
CASSQEGAVPGQGVALGGNEQFF	WPVTLACFVL
CASSLPGSYEQYF	WPVTLACFVL
CASNNYRATNTEAFF	WPVTLACFVL
CASSPTGGVTYEQYF	WPVTLACFVL
CASSAGTLYNEQFF	WPVTLACFVL
CASSSIAGGRNIQYF	WPVTLACFVL
CASSHWLGEETQYF	WPVTLACFVL
CASSLSEGTGDYEQYF	WPVTLACFVL
CASRTTGTNEQFF	WPVTLACFVL
CASSSKGTGLYEQYF	WPVTLACFVL
CASSLDVLGSTEAFF	WPVTLACFVL
CASSNQPQHF	WPVTLACFVL
CASTRTGGVEKLFF	WPVTLACFVL
CASSDSNEQFF	WPVTLACFVL
CASSLEDLRQPQHF	WPVTLACFVL
CASSNAGGASYNEQFF	WPVTLACFVL
CASSSASGGINEQFF	WPVTLACFVL
CASSPHNEQFF	WPVTLACFVL
CASSQGTSGVLFF	WPVTLACFVL
CASSPGEAGPYTGELFF	WPVTLACFVL
CASSLTTGGTEAFF	WPVTLACFVL
CSANTGTSGRSTDTQYF	WPVTLACFVL
CASTLYWGTEQFF	WPVTLACFVL
CASSLWGTSSNNEQFF	WPVTLACFVL
CASSERVSYNEQFF	WPVTLACFVL
CASSPWESGELFF	WPVTLACFVL
CASSCLLAGGADTQYF	WPVTLACFVL
CASSSISGELFF	WPVTLACFVL
CASLAPIYGELFF	WPVTLACFVL
CASSPQTGYSYNEQFF	WPVTLACFVL
CASSLDNEQFF	WPVTLACFVL
CASSPGRGYNEQFF	WPVTLACFVL
CASSLLQPGGISYEQYF	WPVTLACFVL
CASSPTGDTEAFF	WPVTLACFVL
CASISRVDEQFF	WPVTLACFVL
CASSQGTEAFF	WPVTLACFVL
CASSLEATTYEQYF	WPVTLACFVL
CASSYGAGDVLNEQFF	WPVTLACFVL
CASSQWGENEQFF	WPVTLACFVL
CASIPIGGGAGYTF	WPVTLACFVL
CASSQVLGDYGYTF	WPVTLACFVL
CASSLGRGADTQYF	WPVTLACFVL
CASSHATGQGGSTDTQYF	WPVTLACFVL
CASSSPPGTGSF	WPVTLACFVL
CASSYGLAQETQYF	WPVTLACFVL
CASSSWTSGTYEQYF	WPVTLACFVL
CASSYIAATPFNTGELFF	WPVTLACFVL
CASSENNEQFF	WPVTLACFVL
CASSSSQWAFF	WPVTLACFVL
CASAGTSGTVQFF	WPVTLACFVL
CASSGTDDNSPLHF	WPVTLACFVL
CASTGGYGEQFF	WPVTLACFVL
CASITFKEGAGELFF	WPVTLACFVL
CASSSGRVQETQYF	WPVTLACFVL
CASSPSQEQYF	WPVTLACFVL
CASSPWASGGGEQYF	WPVTLACFVL
CASSYRLYGYGYTF	WPVTLACFVL
CASSPVGQGFYSPLHF	WPVTLACFVL
CASSPGDRGSYEQYF	WPVTLACFVL
CASSPANEQYF	WPVTLACFVL
CASNPGLAGGPFYEQYF	WPVTLACFVL
CASSEDWMYQETQYF	WPVTLACFVL
CASTTIVGQGYPYEQYF	WPVTLACFVL
CASSEGSYYEQYF	WPVTLACFVL
CASSLEGDYEQYF	WPVTLACFVL
CASSPRGGQYNEQFF	WPVTLACFVL
CASSEGRTGVKEKLFF	WPVTLACFVL
CASSLSGPYNEQFF	WPVTLACFVL
CASSFIPGQAADYGYTF	WPVTLACFVL
CASSLWGLARNEQFF	WPVTLACFVL
CASETTRGTQYF	WPVTLACFVL
CASSPGTGDGGYTF	WPVTLACFVL
CASSYSQGIYNEQFF	WPVTLACFVL
CASSYKVYEQYF	WPVTLACFVL
CASNRQGYEQYF	WPVTLACFVL
CASSPFLASGTSNPQFF	WPVTLACFVL
CASSLAGGPHEQYF	WPVTLACFVL
CASSLIGFGPQHF	WPVTLACFVL
CASSQGGTLADTQYF	WPVTLACFVL
CSVVGLAGGPYNEQFF	WPVTLACFVL
CASSSPLAPISRRDGTDTQYF	WPVTLACFVL
CASSFLTPLGDEQFF	WPVTLACFVL
CASMPQNTGELFF	WPVTLACFVL
CASSLLLAGGPDTQYF	WPVTLACFVL
CASSISYGVGKTEAFF	WPVTLACFVL
CASSPNNEQFF	WPVTLACFVL
CASSLVGALKPLHF	WPVTLACFVL
CASSLFGGELFF	WPVTLACFVL
CASTATGTLYNEQFF	WPVTLACFVL
CASSYSMPLFPHEQYF	WPVTLACFVL
CASSLLPPETDTQYF	WPVTLACFVL
CASSEAVGDHGPQHF	WPVTLACFVL
CASSQDPGQAPGYEQFF	WPVTLACFVL
CASSFLRVAPGNRRTSTDTQYF	WPVTLACFVL
CATQADRYGYTF	WPVTLACFVL
CASSSGFYEQYF	WPVTLACFVL
CASSSAGTDTQYF	WPVTLACFVL
CASTPGLTPGYEQYF	WPVTLACFVL
CSASGSPSYEQYF	WPVTLACFVL
CSAPGLAGASNEQFF	WPVTLACFVL
CASSRDTLSWGENIQYF	WPVTLACFVL
CASSIIGQPQHF	WPVTLACFVL
CASSLQGSGTEAFF	WPVTLACFVL
CAISLIDRGADTQYF	WPVTLACFVL
CASSSFRTGVDYGYTF	WPVTLACFVL
CATSDFTRTDTQYF	WPVTLACFVL
CASGPTNYEQYF	WPVTLACFVL
CASSDTGELFF	WPVTLACFVL
CASSQPGLPSYEQYF	WPVTLACFVL
CATRTHREATLSEAFF	WPVTLACFVL
CAISERDNEQFF	WPVTLACFVL
CASSYHLERRGQGWTNYGYTF	WPVTLACFVL
CASSTGSPEREQYF	WPVTLACFVL
CASSLAPRTGGRTEAFF	WPVTLACFVL
CSAREGSNEQFF	WPVTLACFVL
CASSVLEGAFEQYF	WPVTLACFVL
CASSIWGNTEAFF	WPVTLACFVL
CASSYKLGEGEAFF	WPVTLACFVL
CASSLGLMDSNQPQHF	WPVTLACFVL
CASSEGLAYEQYF	WPVTLACFVL
CASSFELGVSPLHF	WPVTLACFVL
CASSQVANSPLHF	WPVTLACFVL
CASSWFLGTNEKLFF	WPVTLACFVL
CASSLASNTEAFF	WPVTLACFVL
CASSSGQGYEQYF	WPVTLACFVL
CASSLTGNAEQYF	WPVTLACFVL
CASSVLGANEQFF	WPVTLACFVL
CASRIRGPREKLFF	WPVTLACFVL
CASSSSNEQFF	WPVTLACFVL
CASSPPELAGGTYEQYF	WPVTLACFVL
CASSLLGGSNQPQHF	WPVTLACFVL
CASSQEGGDHEAFF	WPVTLACFVL
CASSLGTGTGFYEQYF	WPVTLACFVL
CASRQWVDAGELFF	WPVTLACFVL
CASSTGTSVNTGELFF	WPVTLACFVL
CASSIPVGFPAGVYGELFF	WPVTLACFVL
CASPNGSGYSGANVLTF	WPVTLACFVL
CASSIRGLAGGGELFF	WPVTLACFVL
CATSDLRTSTDTQYF	WPVTLACFVL
CASSLEGSLNTEAFF	WPVTLACFVL
CASRSSGSVSDTQYF	WPVTLACFVL
CASSLGPPGTQYF	WPVTLACFVL
CASGDLAGGPNNEQFF	WPVTLACFVL
CASELRGGTEAFF	WPVTLACFVL
CASVALNNEQFF	WPVTLACFVL
CASSLNQPQHF	WPVTLACFVL
CASSPTRGSGFEQYF	WPVTLACFVL
CASSVDGGAQDEQFF	WPVTLACFVL
CASSQDDLGEIPFFIYNEQFF	WPVTLACFVL
CAPCTSGTGSYGYTF	WPVTLACFVL
CASSSPGFNQPQHF	WPVTLACFVL
CASSLEASGGAKTQYF	WPVTLACFVL
CASSQEGGGAVYETQYF	WPVTLACFVL
CATSDFVDTDTQYF	WPVTLACFVL
CASSWTANQPQHF	WPVTLACFVL
CATSGVGTGVYEQYF	WPVTLACFVL
CASRLVPRAGANSQPQHF	WPVTLACFVL
CASSRGTSGDNNEQFF	WPVTLACFVL
CASSPKTWLAAYTGELFF	WPVTLACFVL
CASSLYLGQPNEKLFF	WPVTLACFVL
CASSPYPTGSVEQYF	WPVTLACFVL
CAWDLPGGQLFF	WPVTLACFVL
CASSRRGQVRGWGADTQYF	WPVTLACFVL
CASIDGFGTEAFF	WPVTLACFVL
CASSPGTETQYF	WPVTLACFVL
CASSSSNEQYF	WPVTLACFVL
CSGTGTNTYNEQFF	WPVTLACFVL
CASSQDWPGYYEQYF	WPVTLACFVL
CASSAGEGGYGYTF	WPVTLACFVL
CASSYGLGSSYEQYF	WPVTLACFVL
CASSQEGGGNTEAFF	WPVTLACFVL
CASSLTGVAGYNEQFF	WPVTLACFVL
CASSLSWLPNQPQHF	WPVTLACFVL
CASSQTGTNQPQHF	WPVTLACFVL
CSASINLNTEAFF	WPVTLACFVL
CASSELGTELTDTQYF	WPVTLACFVL
CATSDIAGGTDTQYF	WPVTLACFVL
CASSYGTGMETQYF	WPVTLACFVL
CASGPGQEAFF	WPVTLACFVL
CASSQATSGADTQYF	WPVTLACFVL
CAISESDTLGTSGGSRNTDTQYF	WPVTLACFVL
CASSYSSSYNSPLHF	WPVTLACFVL
CASSYPGTGYEQYF	WPVTLACFVL
CASSSTGEETQYF	WPVTLACFVL
CASSPLEGGGEQYF	WPVTLACFVL
CASSKGLAEPYNEQFF	WPVTLACFVL
CASSLGPGSPYEQYF	WPVTLACFVL
CASSLGTGYGYTF	WPVTLACFVL
CASTDQGTQYF	WPVTLACFVL
CSARDGNTGELFF	WPVTLACFVL
CASSLGQGNTEAFF	WPVTLACFVL
CAIRGDEGQETQYF	WPVTLACFVL
CASSSLGDTQYF	WPVTLACFVL
CASSPRTSGYNEQFF	WPVTLACFVL
CASSLAHGLRDGYTF	WPVTLACFVL
CASSLMGFGELFF	WPVTLACFVL
CAISELAGVNNEQFF	WPVTLACFVL
CSASSLTGNSYEQYF	WPVTLACFVL
CASSIIAGGYNEQFF	WPVTLACFVL
CASSLGLPGTGGRARTQYF	WPVTLACFVL
CASSLGTSGIEETQYF	WPVTLACFVL
CASGVAGGGTEQFF	WPVTLACFVL
CASSLSPSGETQYF	WPVTLACFVL
CASSQGQPQHF	WPVTLACFVL
CASSFGTTSWGANEKLFF	WPVTLACFVL
CSVEKSSGRVNNEQFF	WPVTLACFVL
CSVEGGLQETQYF	WPVTLACFVL
CASSLGGELFF	WPVTLACFVL
CASSSGTGSSYEQYF	WPVTLACFVL
CASSEAGTVYEQYF	WPVTLACFVL
CASSSPTRGDEQFF	WPVTLACFVL
CASSLRLAGGPASYEQYF	WPVTLACFVL
CASSQYTGELFF	WPVTLACFVL
CASSDRVSTDTQYF	WPVTLACFVL
CASIRQGLQPQHF	WPVTLACFVL
CASSYSWGTEETQYF	WPVTLACFVL
CASSWTDSRFSYEQYF	WPVTLACFVL
CASSLVGGEASYEQYF	WPVTLACFVL
CASSPIVASNQPQHF	WPVTLACFVL
CASSWGRGNEQFF	WPVTLACFVL
CSATPGGLEQFF	WPVTLACFVL
CASSPGGAWTGIWTEAFF	WPVTLACFVL
CASTWTSGTYNEQFF	WPVTLACFVL
CASSLVPGADTQYF	WPVTLACFVL
CASSYRGAIQGSPLHF	WPVTLACFVL
CASSSPGGAQHF	WPVTLACFVL
CASSASDLGEKLFF	WPVTLACFVL
CASGVSGQRDTEAFF	WPVTLACFVL
CSVGGRPGLVPDTQYF	WPVTLACFVL
CASSHPGTSAYNEQFF	WPVTLACFVL
CASSLPKDPFNEQFF	WPVTLACFVL
CASSLQGLDTEAFF	WPVTLACFVL
CASSFLGQPQHF	WPVTLACFVL
CASSLVDQAGAQGSSYEQYF	WPVTLACFVL
CSARDYMTENTEAFF	WPVTLACFVL
CASSYAGGSGELFF	WPVTLACFVL
CASIFSRDTQYF	WPVTLACFVL
CASSLGQTQYF	WPVTLACFVL
CASSLSTGLNYEQYF	WPVTLACFVL
CSAPRMNGYTF	WPVTLACFVL
CASSPEGGGAYEQYF	WPVTLACFVL
CASSSPNSVEQYF	WPVTLACFVL
CASSGYNEQFF	WPVTLACFVL
CASSLVVHEQYF	WPVTLACFVL
CASGRIEGDGYTF	WPVTLACFVL
CASSWLAGGGEQYF	WPVTLACFVL
CASSFFGQETQYF	WPVTLACFVL
CASSLTLAELFF	WPVTLACFVL
CASSEDQPQHF	WPVTLACFVL
CASSFGGLDYGYTF	WPVTLACFVL
CASRQGVLLGYTF	WPVTLACFVL
CASSLFSSYEQYF	WPVTLACFVL
CASSQFDDEQYF	WPVTLACFVL
CASSYSLGQMSSYNSPLHF	WPVTLACFVL
CASSDSKGSGRPSGRVNEQFF	WPVTLACFVL
CASSHPGFQPQHF	WPVTLACFVL
CASSYMLDRGGTGELFF	WPVTLACFVL
CSVESPPLQGKYEAFF	WPVTLACFVL
CASSASLGNEQFF	WPVTLACFVL
CAISESEGYTF	WPVTLACFVL
CSVEGGAGSYEQYF	WPVTLACFVL
CASSIAGVVGNEQFF	WPVTLACFVL
CASSQPKQGRDTEAFF	WPVTLACFVL
CASSSRTATGELFF	WPVTLACFVL
CASSLNQPQHF	WPVTLACFVL
CASTHSGHGEQFF	WPVTLACFVL
CASSQREGNEQFF	WPVTLACFVL
CASSQGVVELFF	WPVTLACFVL
CASSLSLAGGHNEQFF	WPVTLACFVL
CASSSGGEQFF	WPVTLACFVL
CASSLGPGSPYEQYF	WPVTLACFVL
CASSFSYEQYF	WPVTLACFVL
CASSGTASTDTQYF	WPVTLACFVL
CASSPGLAGDGTDTQYF	WPVTLACFVL
CASSQDASYYGYTF	WPVTLACFVL
CASSLLSAKETQYF	WPVTLACFVL
CASSEQGQETQYF	WPVTLACFVL
CATSDLQTSTDTQYF	WPVTLACFVL
CASSIWGDTQYF	WPVTLACFVL
CASSFWPGAEPSTDTQYF	WPVTLACFVL
CATSDLYTGLADYNEQFF	WPVTLACFVL
CSVEVGNTGELFF	WPVTLACFVL
CASSQDLGWGNQPQHF	WPVTLACFVL
CASSSPRARSESYSPLHF	WPVTLACFVL
CSVVYRDGYTF	WPVTLACFVL
CASSTILAGNTDTQYF	WPVTLACFVL
CASSYLGPLNEQYF	WPVTLACFVL
CASSDSGQGYEQYF	WPVTLACFVL
CASSLVGGGTYNEQFF	WPVTLACFVL
CASHGGYEQFF	WPVTLACFVL
CATSDLTAGTGDTTDTQYF	WPVTLACFVL
CASSLWGYQETQYF	WPVTLACFVL
CASKKQGSTYEQYF	WPVTLACFVL
CASRTDLTGANYGYTF	WPVTLACFVL
CASSPPGLPKWDEQFF	WPVTLACFVL
CASSIGVGEAFF	WPVTLACFVL
CASSWGTVTGELFF	WPVTLACFVL
CASNLAGSYNEQFF	WPVTLACFVL
CATSDIRQGSTDTQYF	WPVTLACFVL
CAIQAGANVLTF	WPVTLACFVL
CASSWILWDDEQFF	WPVTLACFVL
CASSQGLAGGLGTQYF	WPVTLACFVL
CASSFLDFRGATRGSTDTQYF	WPVTLACFVL
CASSSQPQHF	WPVTLACFVL
CATAQGSGANVLTF	WPVTLACFVL
CSARDGTSGIYNEQFF	WPVTLACFVL
CASRGTLRVLLSFFGELFF	WPVTLACFVL
CASSSWTGYEAFF	WPVTLACFVL
CASSGTRQITDTQYF	WPVTLACFVL
CSARVAGKDSTGELFF	WPVTLACFVL
CASSYYSLATGEQYF	WPVTLACFVL
CASSINQPQHF	WPVTLACFVL
CASSLGLAPPLRNEQFF	WPVTLACFVL
CASSQGGGRSHEQFF	WPVTLACFVL
CASSLGSQGEIREKLFF	WPVTLACFVL
CSARIRDSQETQYF	WPVTLACFVL
CASSSSGSVVDTQYF	WPVTLACFVL
CSALGLAGEKSYNEQFF	WPVTLACFVL
CSVVLAGNYNEQFF	WPVTLACFVL
CASSLALAGGLFSDTQYF	WPVTLACFVL
CASSSGWGLAEQYF	WPVTLACFVL
CASSAQGNTIYF	WPVTLACFVL
CASSLTGGTNEKLFF	WPVTLACFVL
CASSLAGGYTDTQYF	WPVTLACFVL
CASSQDRGQPNYGYTF	WPVTLACFVL
CASSQDRSSRGAGELFF	WPVTLACFVL
CASSYALGQGADEAFF	WPVTLACFVL
CASKGEATGELFF	WPVTLACFVL
CATSATTLDYGYTF	WPVTLACFVL
CASGFTGPRVNEQFF	WPVTLACFVL
CSVEDPGQGYNEQFF	WPVTLACFVL
CSGANVLTF	WPVTLACFVL
CASSQDFPAPNYGYTF	WPVTLACFVL
CASSHSGAESFF	WPVTLACFVL
CASSRWGLAQFF	WPVTLACFVL
CASSPSGTSGRPTRKAGRNEQFF	WPVTLACFVL
CSASEGGETQYF	WPVTLACFVL
CATSDWGTSGTTDTQYF	WPVTLACFVL
CATSDRTSTDTQYF	WPVTLACFVL
CASSYFRGSSYNEQFF	WPVTLACFVL
CASSLISPQGSYEQYF	WPVTLACFVL
CASSPSLAGELDTQYF	WPVTLACFVL
CSARDLVAYLGFETQYF	WPVTLACFVL
CASSPRDRLPGGELFF	WPVTLACFVL
CAISESSETQYF	WPVTLACFVL
CASSFLLAGGPTDTQYF	WPVTLACFVL
CSAPDTRTDTQYF	WPVTLACFVL
CAGLGPHGYTF	WPVTLACFVL
CSAIFVAGGPSTDTQYF	WPVTLACFVL
CASSPGGAYEQYF	WPVTLACFVL
CASSLDQPQHF	WPVTLACFVL
CATSDFGGSTDTQYF	WPVTLACFVL
CASSRQWSGESSYNEQFF	WPVTLACFVL
CSVPWVGSYNEQFF	WPVTLACFVL
CASSLELAGIHEQFF	WPVTLACFVL
CAISESAGQETQYF	WPVTLACFVL
CASSFGVLNTGELFF	WPVTLACFVL
CASSQGPWTGTWVEQYF	WPVTLACFVL
CSARDNSNYGYTF	WPVTLACFVL
CASSWGLAGEDEQFF	WPVTLACFVL
CASSPRGTNLNTEAFF	WPVTLACFVL
CSARDTRASYEQYF	WPVTLACFVL
CASSPWRGAYNEQFF	WPVTLACFVL
CASSFGGGYEQYF	WPVTLACFVL
CATTLNNEQFF	WPVTLACFVL
CASIGSSWELFF	WPVTLACFVL
CASSQAGLAGETQYF	WPVTLACFVL
CASSLQAGNTYNEQFF	WPVTLACFVL
CASSFSPGEQFF	WPVTLACFVL
CASTNTGSEQYF	WPVTLACFVL
CASSLLIPGLAGGTVSDEQFF	WPVTLACFVL
CASSPRDRGETQYF	WPVTLACFVL
CASSSPPSEAFF	WPVTLACFVL
CAWNPWGQGRGEQFF	WPVTLACFVL
CASSYSSGYVAGELFF	WPVTLACFVL
CASSFTGYEQYF	WPVTLACFVL
CASSPRDEQYF	WPVTLACFVL
CASSYYGTNNEQFF	WPVTLACFVL
CSVGGLAGVVADTQYF	WPVTLACFVL
CASSLWAANEKLFF	WPVTLACFVL
CASSFLTPSGANVLTF	WPVTLACFVL
CSAAWGYDDEQYF	WPVTLACFVL
CASSLRGFQETQYF	WPVTLACFVL
CSASGTEEETQYF	WPVTLACFVL
CASSDLYEQYF	WPVTLACFVL
CASSYLRYNEQFF	WPVTLACFVL
CASSISGTGSEQYF	WPVTLACFVL
CASSSIKRGLTDTQYF	WPVTLACFVL
CASSAEAVYNEQFF	WPVTLACFVL
CASSFGSEQFF	WPVTLACFVL
CASSFTVSYEQYF	WPVTLACFVL
CASSAQGSGNTIYF	WPVTLACFVL
CASSTSTAQHF	WPVTLACFVL
CASSVLGVISEQYF	WPVTLACFVL
CASSYSIRTASTDTQYF	WPVTLACFVL
CASSQTGAPYEQYF	WPVTLACFVL
CASSLRGADNEQYF	WPVTLACFVL
CASSGPEGPEAFF	WPVTLACFVL
CASVRTGGPEQYF	WPVTLACFVL
CASSTLAGGEETQYF	WPVTLACFVL
CASSFVLADRTGELFF	WPVTLACFVL
CASSPRVSGNTEAFF	WPVTLACFVL
CASSEWGAEETQYF	WPVTLACFVL
CASSYNTGAFEAFF	WPVTLACFVL
CASSPRTGGLTEAFF	WPVTLACFVL
CASASNQPQHF	WPVTLACFVL
CASSLSAGDQGEQYF	WPVTLACFVL
CASSFVGGLYEQYF	WPVTLACFVL
CASTLTGVASGEAFF	WPVTLACFVL
CASSQYGNLNEQFF	WPVTLACFVL
CASSYSGANYEQYF	WPVTLACFVL
CASSLPRTGRYEQYF	WPVTLACFVL
CASSPEGLPYGYTF	WPVTLACFVL
CAIHDARQTPSYEQYF	WPVTLACFVL
CASSDLGETQYF	WPVTLACFVL
CASSLNPETQYF	WPVTLACFVL
CSAIPVSESYEQYF	WPVTLACFVL
CASSAQGFPDTQYF	WPVTLACFVL
CASSQTNNEQFF	WPVTLACFVL
CASSPSTGWYGYTF	WPVTLACFVL
CASSSDTDTQYF	WPVTLACFVL
CASSPGAPLHF	WPVTLACFVL
CASSLSPEQYF	WPVTLACFVL
CASSLLGPHEQYF	WPVTLACFVL
CASSYALVADGELFF	WPVTLACFVL
CASSPAGIQPQHF	WPVTLACFVL
CASSYGAGADQPQHF	WPVTLACFVL
CASSLLVPQGPDTQYF	WPVTLACFVL
CASSPWGVGTEAFF	WPVTLACFVL
CASRKTGLDTGELFF	WPVTLACFVL
CASSETVSYEQYF	WPVTLACFVL
CASSLTGFSTDTQYF	WPVTLACFVL
CASSQDSQAYNEQFF	WPVTLACFVL
CASSPGLESRTDTQYF	WPVTLACFVL
CSVGGNTGGNGYTF	WPVTLACFVL
CASSTDQPQHF	WPVTLACFVL
CASNSQGAEQYF	WPVTLACFVL
CATSSPWGGAEDQPQHF	WPVTLACFVL
CASSQTQTQYF	WPVTLACFVL
CASSIELAIWIDTQYF	WPVTLACFVL
CASSQEDETQYF	WPVTLACFVL
CASSPTGTEYYEQYF	WPVTLACFVL
CASSYDRGYNEQFF	WPVTLACFVL
CASSFSSEAFF	WPVTLACFVL
CASSLLSGEQPQHF	WPVTLACFVL
CASSPLPGLNDEQYF	WPVTLACFVL
CASSLEPSRVSEAFF	WPVTLACFVL
CATSSVITDTQYF	WPVTLACFVL
CASSLANEQFF	WPVTLACFVL
CASSTIGLVGSYEQYF	WPVTLACFVL
CASSSNGVDTQYF	WPVTLACFVL
CASQGTASYEQYF	WPVTLACFVL
CASKNEGTVYYEQYF	WPVTLACFVL
CASSQDLPGGTDTQYF	WPVTLACFVL
CASSYSIPPGQGAAGELFF	WPVTLACFVL
CASSQEEANTEAFF	WPVTLACFVL
CASSYGLYTEAFF	WPVTLACFVL
CASITDVGEQYF	WPVTLACFVL
HTSEGTHEQYF	WPVTLACFVL
CAKGTPGDTQYF	WPVTLACFVL
CASSMGLGQGLNTEAFF	WPVTLACFVL
CSARDLGNTGELFF	WPVTLACFVL
CASSVPGLYYTF	WPVTLACFVL
CASSQDVAATYEQYF	WPVTLACFVL
CASRIDSAAYEQYF	WPVTLACFVL
CASSPPGQGGQPQHF	WPVTLACFVL
CASSPSNEQFF	WPVTLACFVL
CASSQQPSGGGSSYEQYF	WPVTLACFVL
CASSLSAGLSFEKLFF	WPVTLACFVL
CASSLDHWTSGPSYEQYF	WPVTLACFVL
CASSHRSSYNEQFF	WPVTLACFVL
CASSLPLGGF	WPVTLACFVL
CASTNSGRNEQFF	WPVTLACFVL
CASSNVSNQPQHF	WPVTLACFVL
CASSHSRTGNTEAFF	WPVTLACFVL
CASSLLGDEQFF	WPVTLACFVL
CASHGPPGDRGWETQYF	WPVTLACFVL
CASSLTGGISYEQYV	WPVTLACFVL
CSANTHSGGASTDTQYF	WPVTLACFVL
CASSLGTSGSADTQYF	WPVTLACFVL
CASSLAGQGVYEQYF	WPVTLACFVL
CASSFIGGREAFF	WPVTLACFVL
CASMGGSSYEQYF	WPVTLACFVL
CASSPNLAHTNTGELFF	WPVTLACFVL
CASSLYNEQFF	WPVTLACFVL
CASSWGRDRGANTGELFF	WPVTLACFVL
CASSFWGRRGGETQYF	WPVTLACFVL
CASSVGRAVKGYNEQFF	WPVTLACFVL
CASSLALPGSYEQYF	WPVTLACFVL
CARSRSNTGELFF	WPVTLACFVL
CASSLLQFEQFF	WPVTLACFVL
CASSYWGRENTEAFF	WPVTLACFVL
CSGTGGDEQYF	WPVTLACFVL
CASSLMQGATEAFF	WPVTLACFVL
CASSTPGGGSNYGYTF	WPVTLACFVL
CASSLEVGRWGYSEQYF	WPVTLACFVL
CASSQWGSGNTIYF	WPVTLACFVL
CASSLTGYFNEQFF	WPVTLACFVL
CASSLPGLNEQFF	WPVTLACFVL
CASSTPGLAGPMYF	WPVTLACFVL
CASKLWGGGTEAFF	WPVTLACFVL
CASSYGSGAEAFF	WPVTLACFVL
CASSLVFETQYF	WPVTLACFVL
CASVGGGPHEQFF	WPVTLACFVL
CASSFIKDEQFF	WPVTLACFVL
CASSLVVGAVTYEQYF	WPVTLACFVL
CASSIVNGETQYF	WPVTLACFVL
CASSLGDTQYF	WPVTLACFVL
CASRDGQGGLYYEQYF	WPVTLACFVL
CASSLVYYEQYF	WPVTLACFVL
CASSEWGSYEQYF	WPVTLACFVL
CASSYSPPYEQYF	WPVTLACFVL
CASSQGSGGQPQHF	WPVTLACFVL
CASSKTGDTEAFF	WPVTLACFVL
CASGHNQATQYF	WPVTLACFVL
CASSFGRGGSTDTQYF	WPVTLACFVL
CSGVGLPIGEYNEQFF	WPVTLACFVL
CASSSYNEQFF	WPVTLACFVL
CASSEWGQSYEQYF	WPVTLACFVL
CASSYGGNQPQHF	WPVTLACFVL
CASSESRTSGGYDSTDTQYF	WPVTLACFVL
CASSGDTSYEQYF	WPVTLACFVL
CASRPRQGPNEKLFF	WPVTLACFVL
CASSPGRVSGITGELFF	WPVTLACFVL
CASDRENTGELFF	WPVTLACFVL
CASSGTGYEQPQHF	WPVTLACFVL
CASSSDEQFF	WPVTLACFVL
CASSNPIAGAGETQYF	WPVTLACFVL
CASGEWADTQYF	WPVTLACFVL
CASSQDHGGPSYEQYF	WPVTLACFVL
CASSASSEQYF	WPVTLACFVL
CASSLSIGLYEQYF	WPVTLACFVL
CASSGLAGNTGELFF	WPVTLACFVL
CASSLTGLELFF	WPVTLACFVL
CASSTGTGGINYGYTF	WPVTLACFVL
CASSFRGGENGYTF	WPVTLACFVL
CASSLGTRNEQFF	WPVTLACFVL
CASSFPGIGGDYNEQFF	WPVTLACFVL
CASSHPTGYEQYF	WPVTLACFVL
RASSLADRSYEQYF	WPVTLACFVL
CATTTGVGELFF	WPVTLACFVL
CASSLAIDGGSTDTQYF	WPVTLACFVL
CASRELAGGYNEQFF	WPVTLACFVL
CATFGFSTGTEQFF	WPVTLACFVL
CASSSALGGDNSPLHF	WPVTLACFVL
CASSLLTGGTEAFF	WPVTLACFVL
CASSFGRTGTETQYF	WPVTLACFVL
CASSYSYSGGWRSNEQFF	WPVTLACFVL
CSARKGGPEQYF	WPVTLACFVL
CATSDLTGQGLNEQFF	WPVTLACFVL
CASSSPGQISPGDTF	WPVTLACFVL
CSVVGGLLSYNEQFF	WPVTLACFVL
CASSLDLSNEQFF	WPVTLACFVL
CASSPDLSSGNTIYF	WPVTLACFVL
CASRPQGPGEQYF	WPVTLACFVL
CASSQSGTYGYTF	WPVTLACFVL
CASSPPGSNEQFF	WPVTLACFVL
CASSTPAAQETQYF	WPVTLACFVL
CASSLLASSGANVLTF	WPVTLACFVL
CAWSGQGIGYGYTF	WPVTLACFVL
CASSPNNEQFF	WPVTLACFVL
CSVVGLRGAVYNEQFF	WPVTLACFVL
CSAMGGNQPQHF	WPVTLACFVL
CASSWAGSGSSETQYF	WPVTLACFVL
CSARDRDTDTQYF	WPVTLACFVL
CASSSPTSGRPDEQYF	WPVTLACFVL
CASSPAGLYGYTF	WPVTLACFVL
CASSLTGEQYF	WPVTLACFVL
CASSLFVGSDKNNEQFF	WPVTLACFVL
CASSFGGPNSPLHF	WPVTLACFVL
CASSQVEGSGELFF	WPVTLACFVL
CASSWGPEAFF	WPVTLACFVL
CASTLQGVGYGYTF	WPVTLACFVL
CASSPTGSEQYF	WPVTLACFVL
CASSSPRQGLTETQYF	WPVTLACFVL
CASSDLIYGYTF	WPVTLACFVL
CASSGTSGIRNEQFF	WPVTLACFVL
CASSQVQGSNEQFF	WPVTLACFVL
CASSYRAPWASSYNEQFF	WPVTLACFVL
CASSLTGPYNEQFF	WPVTLACFVL
CASSFGGPSYEQYF	WPVTLACFVL
CASSPTGNTEAFF	WPVTLACFVL
CSAAADNEQFF	WPVTLACFVL
CASSPDNEQFF	WPVTLACFVL
CASSPLTGTEGQYF	WPVTLACFVL
CASSYYRPADIQYF	WPVTLACFVL
CASRPNTGELFF	WPVTLACFVL
CASSVEVSSSYEQYF	WPVTLACFVL
CASSYLGGLNTEAFF	WPVTLACFVL
CASSPLAGAGELFF	WPVTLACFVL
CATSAYELSYEQYF	WPVTLACFVL
CASSAGGNTIYF	WPVTLACFVL
CTGWGSGKDDSYNEQFF	WPVTLACFVL
CASSLDYGLKTDTQYF	WPVTLACFVL
CASSPWLGAQYF	WPVTLACFVL
CASSVAGLTDTQYF	WPVTLACFVL
CASHAGGRYTEAFF	WPVTLACFVL
CASSSSTGVGEQYF	WPVTLACFVL
CASSPLWGQQETQYF	WPVTLACFVL
CASSLVGLAGVGEQYF	WPVTLACFVL
CASSQGNEQFF	WPVTLACFVL
CASVSLGAWALHF	WPVTLACFVL
CASSYSLQGDAPQHF	WPVTLACFVL
CASSYALGGGDSPLHF	WPVTLACFVL
CASSPLDLTGELFF	WPVTLACFVL
CASSREIGDTGELFF	WPVTLACFVL
CASSPGLAGEYEQYF	WPVTLACFVL
CSARDPKGGGGYEQYF	WPVTLACFVL
CASSEGPAESTDTQYF	WPVTLACFVL
CASSVVGLTDTQYF	WPVTLACFVL
CASSLDGDYEQYF	WPVTLACFVL
CASSYLLAGGSSSYEQYF	WPVTLACFVL
CATSDLVGITDTQYF	WPVTLACFVL
CASIGIGTEAFF	WPVTLACFVL
CASSPMGEQYF	WPVTLACFVL
CATSVPTRGWETQYF	WPVTLACFVL
CASFSGELFF	WPVTLACFVL
CASSPNNPEQYF	WPVTLACFVL
CASRTVRNTEAFF	WPVTLACFVL
CASSQDQPQHF	WPVTLACFVL
CASSSGTGGATDTQYF	WPVTLACFVL
CATSDFGGTDTQYF	WPVTLACFVL
CASSWGGLWEQYF	WPVTLACFVL
CATFSGANVLTF	WPVTLACFVL
CASSLANTEAFF	WPVTLACFVL
CASSYRGRAHEKLFF	WPVTLACFVL
CASSGTSGHSTDTQYF	WPVTLACFVL
CASTPEEVSSYEQYF	WPVTLACFVL
CASSLRGAGNTIYF	WPVTLACFVL
CASSYFTKGTEAFF	WPVTLACFVL
CASSLASGEQYF	WPVTLACFVL
CSGAKGEGFLYF	WPVTLACFVL
CASNWDGPNTEAFF	WPVTLACFVL
CASSYANEQFF	WPVTLACFVL
CASSQARDQPQHF	WPVTLACFVL
CASSFLVHEQFF	WPVTLACFVL
CASIGQGGYEQYF	WPVTLACFVL
CASSTDRHLNEKLFF	WPVTLACFVL
CASSLPGQTYEQYF	WPVTLACFVL
CASSTRGNTIYF	WPVTLACFVL
CATSDNYQETQYF	WPVTLACFVL
CATSDLETGTSTDTQYF	WPVTLACFVL
CASSIGNIQYF	WPVTLACFVL
CASSFRTAIYGYTF	WPVTLACFVL
CASTTLMPAEAFF	WPVTLACFVL
CASSYLGYEQYF	WPVTLACFVL
CASSPETAGYGYTF	WPVTLACFVL
CASSTRQGAYEQYF	WPVTLACFVL
CASSEGDTQYF	WPVTLACFVL
CASSQELAGGVGELFF	WPVTLACFVL
CASSSMGVSSYNSPLHF	WPVTLACFVL
CSVVGKGSYNEQFF	WPVTLACFVL
CASSLAGGYEQYF	WPVTLACFVL
CSVAGNEQFF	WPVTLACFVL
CASSSGTSGNNEQFF	WPVTLACFVL
CASGPDNEQFF	WPVTLACFVL
CASSWDRNYGYTF	WPVTLACFVL
CASSRQGAGANVLTF	WPVTLACFVL
CASSLPPSQITGNTIYF	WPVTLACFVL
CASNPRQGKDNEQFF	WPVTLACFVL
CASSPNNEQFF	WPVTLACFVL
CASSLLTLADNEQFF	WPVTLACFVL
CASSLGTLAGVGSYEQYF	WPVTLACFVL
CASSRVYNEQFF	WPVTLACFVL
CASRSSSPLHF	WPVTLACFVL
CSVVGLAGVYNEQFF	WPVTLACFVL
CASSLLAGVYYEQYF	WPVTLACFVL
CASSSGTGVTDTQYF	WPVTLACFVL
CAISESEVRGTEAFF	WPVTLACFVL
CASTTIWGNTEAFF	WPVTLACFVL
CASSLTRTGELFF	WPVTLACFVL
CASSLRGSYEQYF	WPVTLACFVL
CASSFLLEGAYNEQFF	WPVTLACFVL
CASAPGAEAFF	WPVTLACFVL
CASSFLPGELFF	WPVTLACFVL
CASSLVGLAGMGTGELFF	WPVTLACFVL
CASSNSNEQFF	WPVTLACFVL
CASSLGDTQYF	WPVTLACFVL
CASSSHKLGAASTDTQYF	WPVTLACFVL
CASSVSGQGIPYNEQFF	WPVTLACFVL
CASSLVGVEQYF	WPVTLACFVL
CASSLLTPSGTDTQYF	WPVTLACFVL
CASSSPERGPEAFF	WPVTLACFVL
CASGKGQWNTEAFF	WPVTLACFVL
CSATSPIDYEQYF	WPVTLACFVL
CASSTYNEQFF	WPVTLACFVL
CASSSRLAGSNEQFF	WPVTLACFVL
CASSSLGGELFF	WPVTLACFVL
CASSQDNRGAEQYF	WPVTLACFVL
CASSLVSGANVLTF	WPVTLACFVL
CATSDFTGSGYTF	WPVTLACFVL
CASSRQGGVGTQYF	WPVTLACFVL
CASSQNRLAGGTSYEQYF	WPVTLACFVL
CASSQASGEGLTYGYTF	WPVTLACFVL
CASSSYNEQFF	WPVTLACFVL
CASSLSNVLGATDTQYF	WPVTLACFVL
CSVATLGLYNEQFF	WPVTLACFVL
CASSLDNEGKYEQYF	WPVTLACFVL
CASSPGLADPYNEQFF	WPVTLACFVL
CAWSTSGWDEQFF	WPVTLACFVL
CASILGRDLGIYGYTF	WPVTLACFVL
CASSETDSYEQYF	WPVTLACFVL
CASNRGGEQTQYF	WPVTLACFVL
CASSLMNPSGTQETQYF	WPVTLACFVL
CASSLGIGNQPQHF	WPVTLACFVL
CASSPIGGGPSYEQYF	WPVTLACFVL
CASSLVFGELFF	WPVTLACFVL
CSARDLLAGVDEQFF	WPVTLACFVL
CASSVAEGGTEAFF	WPVTLACFVL
CASSLMIRGDSYEQYF	WPVTLACFVL
CASSPDQPQHF	WPVTLACFVL
CASSLAGASYEQYF	WPVTLACFVL
CASVPGTGDVNYGYTF	WPVTLACFVL
CASSPTPADTEAFF	WPVTLACFVL
CASTTPHGSYTF	WPVTLACFVL
CASSNPTAGGPGETQYF	WPVTLACFVL
CASRAVYNEQFF	WPVTLACFVL
CASSPTGNTEAFF	WPVTLACFVL
CASSQDLLGAGLAPYEQYF	WPVTLACFVL
CASTQGETQYF	WPVTLACFVL
CASSLRAANQPQHF	WPVTLACFVL
CASSLMGYTEAFF	WPVTLACFVL
CASSLDSSNYGYTF	WPVTLACFVL
CASSQTPMNTEAFF	WPVTLACFVL
CASSLDRGANEQFF	WPVTLACFVL
CASSSLYEQYF	WPVTLACFVL
CASSFIVPGGVETQYF	WPVTLACFVL
CASTLGGNQPQHF	WPVTLACFVL
CASSTTGGSQPQHF	WPVTLACFVL
CASSSQGSTDTQYF	WPVTLACFVL
CASSQVGTGTSTDTQYF	WPVTLACFVL
CASVLQGAYEQYF	WPVTLACFVL
CSVGGALDYGYTF	WPVTLACFVL
CASSPESTYEQYF	WPVTLACFVL
CARQTSGLTDTQYF	WPVTLACFVL
CASRASGIYNEQFF	WPVTLACFVL
CASSIVATTGELFF	WPVTLACFVL
CASSLMGLDTEAFF	WPVTLACFVL
CASRLQGDYEQYF	WPVTLACFVL
CASSQVGNEQFF	WPVTLACFVL
CASSFTSEGAKLFF	WPVTLACFVL
CATSDPSSYEQFF	WPVTLACFVL
CASSAFEGGAYNEQFF	WPVTLACFVL
CASSKVVYREVGLAGGEQYF	WPVTLACFVL
CASLGGNNYNEQFF	WPVTLACFVL
CASSGFSLNTEAFF	WPVTLACFVL
CASTQGVNEQFF	WPVTLACFVL
CSAGDQPQHF	WPVTLACFVL
CASSLSSGSYNEQFF	WPVTLACFVL
CASISGTGYEQYF	WPVTLACFVL
CSDTGGDTQYF	WPVTLACFVL
CASRGPTNEKLFF	WPVTLACFVL
CASSRTGPYEQYF	WPVTLACFVL
CASSFGTNYGYTF	WPVTLACFVL
CASSQDGQFNEKLFF	WPVTLACFVL
CASSPLRGDQPQHF	WPVTLACFVL
CSVVSWGATQYF	WPVTLACFVL
CASSVFDRDPSNEQFF	WPVTLACFVL
CSARDDIPGTYEQYV	WPVTLACFVL
CATSDLQAQETQYF	WPVTLACFVL
CAISTGFGDTEAFF	WPVTLACFVL
CASSPAGSTEAFF	WPVTLACFVL
CASTNFGSPLHF	WPVTLACFVL
CASSGTSGRSTDTQYF	WPVTLACFVL
CASSQDQTTGAYEQYF	WPVTLACFVL
CSAGYRAQRPLSYEQYF	WPVTLACFVL
CASSLLASTGYEQYF	WPVTLACFVL
CASSSLGSTQYF	WPVTLACFVL
CASSVAGITDTQYF	WPVTLACFVL
CASSPSNEQFF	WPVTLACFVL
CASSPGTGYEQYF	WPVTLACFVL
CASSLQDRGQGYTF	WPVTLACFVL
CASSIGRGLAYEQYF	WPVTLACFVL
CASSFGSEQYF	WPVTLACFVL
CASSLGPPGELFF	WPVTLACFVL
CASSFLAHMNTQYF	WPVTLACFVL
CAISESGQVHLLSSTGELFF	WPVTLACFVL
CASSLLVPKGTDTQYF	WPVTLACFVL
CATSDFGDSGSTDTQYF	WPVTLACFVL
CASSSTGIGGTGELFF	WPVTLACFVL
CSVFGTSGTGELFF	WPVTLACFVL
CASSLTGNTEAFF	WPVTLACFVL
CSAREGGLALWQFF	WPVTLACFVL
CASTAPRGEQYF	WPVTLACFVL
CATAGANEQFF	WPVTLACFVL
CASFFIDDNEKLFF	WPVTLACFVL
CASSSIPPYEQYF	WPVTLACFVL
CASSLSLAGRSSYNEQFF	WPVTLACFVL
CASSFGGDGYTF	WPVTLACFVL
CASSPDGTGGYEQYF	WPVTLACFVL
CATSDPRLSSYNEQFF	WPVTLACFVL
CASSPQSGGTGDTQYF	WPVTLACFVL
CASSLLGQMEAFF	WPVTLACFVL
CASSHRDLNTEAFF	WPVTLACFVL
CSARDLAGGYEQYF	WPVTLACFVL
CASSEFVQGADTQYF	WPVTLACFVL
CASSLDSDGYTF	WPVTLACFVL
CASSSPGLAGSTDTQYF	WPVTLACFVL
CAISEPGGSGNIQYF	WPVTLACFVL
CASGLGTIYF	WPVTLACFVL
CASSRGTEGLNEKLFF	WPVTLACFVL
CASSQDPRGAGANVLTF	WPVTLACFVL
CASSQDKRGPPYEQYF	WPVTLACFVL
CASSLPAGGPNTGELFF	WPVTLACFVL
CASSPLGGSNQPQHF	WPVTLACFVL
CSAHAGHSSYEQYF	WPVTLACFVL
CASSSQVTEAFF	WPVTLACFVL
CASSFSYEQYF	WPVTLACFVL
CATAPQQDSYEQYF	WPVTLACFVL
CASSIQGWEAEWELFF	WPVTLACFVL
CASSPPPGYEQYF	WPVTLACFVL
CSVDWGETQYF	WPVTLACFVL
CSVVILAGGYNEQFF	WPVTLACFVL
CASRTQGEAFF	WPVTLACFVL
CASSLVLIPSTDTQYF	WPVTLACFVL
CASSQVTTTEQFF	WPVTLACFVL
CASSQGPENTEAFF	WPVTLACFVL
CASSLLGGTGNTIYF	WPVTLACFVL
CASSQDRRQLNQPQHF	WPVTLACFVL
CASSSGPGGLNEQFF	WPVTLACFVL
CASSISGRARYNEQFF	WPVTLACFVL
CATLGERHDSNYGYTF	WPVTLACFVL
CASSGTLNEQFF	WPVTLACFVL
CASSLIAGANEQYF	WPVTLACFVL
CASSLEGLVSYEQYF	WPVTLACFVL
CASSWELNTGELFF	WPVTLACFVL
CASSYGGGYGYTF	WPVTLACFVL
CASLPFPGQGLQETQYF	WPVTLACFVL
CASSVGTGGHQPQHF	WPVTLACFVL
CASSSGGGETFGTDTQYF	WPVTLACFVL
CASSPGNEQFF	WPVTLACFVL
CSARGLRMIGYEQYF	WPVTLACFVL
CATSDLSAGGPTDTQYF	WPVTLACFVL
CASSYSGDEQYF	WPVTLACFVL
CASSYNSARGLFF	WPVTLACFVL
CASSQDGTGVSYEQYF	WPVTLACFVL
CASSSLRTGRDIQYF	WPVTLACFVL
CASSLGLAGASDTQYF	WPVTLACFVL
CSVLLGIPSSYEQYF	WPVTLACFVL
CASSPYTGELFF	WPVTLACFVL
CASTQLRALWDIQYF	WPVTLACFVL
CASSLGDWRQHF	WPVTLACFVL
CASSLLQGLGTDTQYF	WPVTLACFVL
CASSPDNEQFF	WPVTLACFVL
CASSFNQPQHF	WPVTLACFVL
CASSYSVVPGELFF	WPVTLACFVL
CASSSSGWQETQYF	WPVTLACFVL
CATSRDQGLAYNEQFF	WPVTLACFVL
CASSFGYLGTQYF	WPVTLACFVL
CASSRLAEETQYF	WPVTLACFVL
CASSQVEGQIYYNEQFF	WPVTLACFVL
CASSNTRDYTF	WPVTLACFVL
CASSLATYEQYF	WPVTLACFVL
CAILWDRGYETQYF	WPVTLACFVL
CASRFTFPLAGSLTDTQYF	WPVTLACFVL
CASSYWTNGYTF	WPVTLACFVL
CASFGLAGTGELFF	WPVTLACFVL
CASRTDSHSYEQYF	WPVTLACFVL
CASGSRKGLNDEQYF	WPVTLACFVL
CASSAGGMGLKETQYF	WPVTLACFVL
CSAREKGLYNEQFF	WPVTLACFVL
CASSPYLGNGELFF	WPVTLACFVL
CASRGTGVQYYNEQFF	WPVTLACFVL
CASSFPGASTEAFF	WPVTLACFVL
CASGGGSAEAFF	WPVTLACFVL
CASSQDLTTVYNEQFF	WPVTLACFVL
CASSLILRDTQYF	WPVTLACFVL
CASAGYGQPSYSNQPQHF	WPVTLACFVL
CASSLGGSPRGQGFPGELFF	WPVTLACFVL
CASSFLSAYEQYF	WPVTLACFVL
CASSPLAAGFDEQFF	WPVTLACFVL
CASSPHGQGKAGYTF	WPVTLACFVL
CASSQVLSGGAHEQYF	WPVTLACFVL
CASSHTGWVNEKLFF	WPVTLACFVL
CASSAGTGGNEQFF	WPVTLACFVL
CASSFTGPNTGELFF	WPVTLACFVL
CASSVTGLTEAFF	WPVTLACFVL
CASSYRGSGNTIYF	WPVTLACFVL
CASSSPIFTDTQYF	WPVTLACFVL
CASPGPSEGDEQFF	WPVTLACFVL
CSAEGGLAGVGDNEQFF	WPVTLACFVL
CASSFLGPETEAFF	WPVTLACFVL
CASSFGQYF	WPVTLACFVL
CASRPGTSGTDTQYF	WPVTLACFVL
CASSTWTGLESPLHF	WPVTLACFVL
CASSPDFRDPIVRRDTASREQYF	WPVTLACFVL
CASSPLGNEQFF	WPVTLACFVL
CASSLLYYEQYF	WPVTLACFVL
CASSHRGGNQPQHF	WPVTLACFVL
CASSEGGLAGQQFF	WPVTLACFVL
CASSGRAISGNTIYF	WPVTLACFVL
CASSGRGLDTEAFF	WPVTLACFVL
CASSHSSGLAYNEQFF	WPVTLACFVL
CASWGDSGPSWPGANVLTF	WPVTLACFVL
CATALTTGLAGIRSYEQYF	WPVTLACFVL
CASSLWTSGTDTQYF	WPVTLACFVL
CASSLSGGQPQHF	WPVTLACFVL
CSAPGGDDSGANVLTF	WPVTLACFVL
CSARVVFNEQFF	WPVTLACFVL
CASSPLGEKLFF	WPVTLACFVL
CASSYFGVLGGREETQYF	WPVTLACFVL
CASSFAGPDSPLHF	WPVTLACFVL
CSAQDQNTEAFF	WPVTLACFVL
CASSQEAGSSYEQYF	WPVTLACFVL
CSVEQGPPAYEQYF	WPVTLACFVL
CASSYTQSSYEQYF	WPVTLACFVL
CASSVQHREPYEQYF	WPVTLACFVL
CASSQDRWASIGEQYF	WPVTLACFVL
CASSKSTGPPYNEQFF	WPVTLACFVL
CATSRVTSGRTDTQYF	WPVTLACFVL
CASSPYNQIGELFF	WPVTLACFVL
CASSHRGSGNTIYF	WPVTLACFVL
CASSQEGGAANEQFF	WPVTLACFVL
CASSQGAISAF	WPVTLACFVL
CASSLEPRF	WPVTLACFVL
CASSPDNEQFF	WPVTLACFVL
CASSRQGSEAFF	WPVTLACFVL
CASSQDTSSNEQFF	WPVTLACFVL
CASSLYGLAGLRTGELFF	WPVTLACFVL
CASSPPTGSSYNEQFF	WPVTLACFVL
CASSQDISWGMNTGELFF	WPVTLACFVL
CASSYSSEQFF	WPVTLACFVL
CASSPSAEPPYNEQFF	WPVTLACFVL
CASSLVRTGKNIQYF	WPVTLACFVL
CASSPEGLVNEQFF	WPVTLACFVL
CASQGAVTEAFF	WPVTLACFVL
CASSEGNTIYF	WPVTLACFVL
CASSLDGSYEQYF	WPVTLACFVL
CASTPLAYADTQYF	WPVTLACFVL
CASSQRHLAYEQYF	WPVTLACFVL
CASSQSNEQFF	WPVTLACFVL
CASGLAHNEQFF	WPVTLACFVL
CASSDPTRPDTQYF	WPVTLACFVL
CASSRSEARTDTQYF	WPVTLACFVL
CASSLAGNTYEQYF	WPVTLACFVL
CASSVAGLTDTQYF	WPVTLACFVL
CSVEAWTSGSTYEQYF	WPVTLACFVL
CASSYSPPYEQYF	WPVTLACFVL
CASTLLAGGNGELFF	WPVTLACFVL
CASGGADTQYF	WPVTLACFVL
CASSFNNEQFF	WPVTLACFVL
CASSLGQTNTGELFF	WPVTLACFVL
CASSEKGGLDIQYF	WPVTLACFVL
CASSMGGIRTEAFF	WPVTLACFVL
CASSPPETGSGTF	WPVTLACFVL
CASSSPLAGGSYEQYF	WPVTLACFVL
CASSEGDIQYF	WPVTLACFVL
CASSLTSGSSYEQYF	WPVTLACFVL
CASSFARGPQETQYF	WPVTLACFVL
CASGATSGRGLYNEQFF	WPVTLACFVL
CASTHLGSPLHF	WPVTLACFVL
CASSFSPNEQFF	WPVTLACFVL
CASSQSDANTGELFF	WPVTLACFVL
CASRNRDRDLFEQYF	WPVTLACFVL
CASSLGPGGAGTEAFF	WPVTLACFVL
CATSDLAGAEGTDTQYF	WPVTLACFVL
CASSYGTSNEQFF	WPVTLACFVL
CASSLGDEQFF	WPVTLACFVL
CASSSGQGLDTQYF	WPVTLACFVL
CASSVEGEATYEQYF	WPVTLACFVL
CASSVDNGAYNEQFF	WPVTLACFVL
CSVEGDREIGIGGNEQFF	WPVTLACFVL
CASSLGFWEAFF	WPVTLACFVL
CASSSPRRGDEAFF	WPVTLACFVL
CAISEPLRDTYNEQFF	WPVTLACFVL
CADALVGSSTDGELFF	WPVTLACFVL
CSVGGASGHVGDTQYF	WPVTLACFVL
CASSLVGYEQYF	WPVTLACFVL
CASSTRQESNTEAFF	WPVTLACFVL
CASRPDSLPYEQYF	WPVTLACFVL
CASTSLLSYEQYF	WPVTLACFVL
CSVVPDSENIQYF	WPVTLACFVL
CAISESGGVETQYF	WPVTLACFVL
CASSQVLGFGETQYF	WPVTLACFVL
CATSDFSGNNEQFF	WPVTLACFVL
CASSRSTGSMNTEAFF	WPVTLACFVL
CASSSTGDTEAFF	WPVTLACFVL
CASSLSTPGAVDGYTF	WPVTLACFVL
CASSKVGYEQYF	WPVTLACFVL
CASSLTSGNEQFF	WPVTLACFVL
CASSLALLAGVNEQYF	WPVTLACFVL
CASSPLGTGALDTQYF	WPVTLACFVL
CASSYVGSGTDTQYF	WPVTLACFVL
CASSPSGGANTEAFF	WPVTLACFVL
CASSSVTGELFF	WPVTLACFVL
CASSLMQGINIQYF	WPVTLACFVL
CASSLLLAGGVETQYF	WPVTLACFVL
CASSVTGGPYEQYF	WPVTLACFVL
CASSEFIRAQETQYF	WPVTLACFVL
CASSLGETQYF	WPVTLACFVL
CSVESSWTGNYGYTF	WPVTLACFVL
CASSAEISSYEQYF	WPVTLACFVL
CASSLYNSPLHF	WPVTLACFVL
CASSLDPGHFRNTIYF	WPVTLACFVL
CASSPAGAGVATNEKLFF	WPVTLACFVL
CASSYSLEGGGYTSGLPPTDTQYF	WPVTLACFVL
CASSRDLLSYEQYF	WPVTLACFVL
CASSLWGQGLSYEQYF	WPVTLACFVL
CASSEGGPSYEQYF	WPVTLACFVL
CASSFHYTDTQYF	WPVTLACFVL
CATGKTSGRTDTQYF	WPVTLACFVL
CASSLLAPDKTPGISSYEQYF	WPVTLACFVL
CASASGANTGELFF	WPVTLACFVL
CSVVGTQGTEAFF	WPVTLACFVL
CASSRHGSGNTIYF	WPVTLACFVL
CASSQVLSGGYTF	WPVTLACFVL
CASSYGNSPLHF	WPVTLACFVL
CASSLVAGVTGELFF	WPVTLACFVL
CASSLVPLSSGELFF	WPVTLACFVL
CASTRQGGEKLFF	WPVTLACFVL
CATSDFWVPDTQYF	WPVTLACFVL
CASSVAGMGYGYTF	WPVTLACFVL
CSGVSYTEAFF	WPVTLACFVL
CASSQAGMETQYF	WPVTLACFVL
CASSPANEQFF	WPVTLACFVL
CASSHPGEAQHF	WPVTLACFVL
CASSFRVETQYF	WPVTLACFVL
CASSFRDRGPYGYTF	WPVTLACFVL
CSASMDNEQFF	WPVTLACFVL
CATSRAGIPSVSTEAFF	WPVTLACFVL
CASSQEGGRIAQPQHF	WPVTLACFVL
CASSVVGGDYGYTF	WPVTLACFVL
CASSLGPETYEQYF	WPVTLACFVL
CASSVDDGGTIYF	WPVTLACFVL
CASSQEIANTEAFF	WPVTLACFVL
CASSLDQPQHF	WPVTLACFVL
CASSEGTGINWDTGELFF	WPVTLACFVL
CASSLVFQGAKDTEAFF	WPVTLACFVL
CASSQGVQQFF	WPVTLACFVL
CASSFGPYEQYF	WPVTLACFVL
CASSLNQPQHF	WPVTLACFVL
CASNSENTDTQYF	WPVTLACFVL
CASSQEGLSSYNEQFF	WPVTLACFVL
CASSPPDSGEQYF	WPVTLACFVL
CASTSVSEQYF	WPVTLACFVL
CASSYEAPTEAFF	WPVTLACFVL
CASSCPGEGGPGLDRLCTGELFF	WPVTLACFVL
CASRPVGTGFEQYF	WPVTLACFVL
CASSRGAGRENTEAFF	WPVTLACFVL
CASSLGTGELFF	WPVTLACFVL
CASSLGGQGSYNEQFF	WPVTLACFVL
CASSQVFLMTEAFF	WPVTLACFVL
CASSLGETQYF	WPVTLACFVL
CAWSVLLGPDTQYF	WPVTLACFVL
CASSELVGSPIEQYF	WPVTLACFVL
CSVVGLAGFSYNEQFF	WPVTLACFVL
CASSLTGPGELFF	WPVTLACFVL
CASSLITSGSYEQYF	WPVTLACFVL
CATSALDRGETQYF	WPVTLACFVL
CASSEIWGGNTEAFF	WPVTLACFVL
CASSYSLGDTGELFF	WPVTLACFVL
CASSPGGPTYNEQFF	WPVTLACFVL
CASSSVGGAGEVYGYTF	WPVTLACFVL
CSASGDNEQFF	WPVTLACFVL
CASSSAGTTQYF	WPVTLACFVL
CASNPGSYNEQFF	WPVTLACFVL
CASSQDRGPEQYF	WPVTLACFVL
CASSLSNEQFF	WPVTLACFVL
CSVGQAYEQYF	WPVTLACFVL
CASTSHNEQFF	WPVTLACFVL
CSARVRADATYEQYF	WPVTLACFVL
CASSAGLAGGYNEQFF	WPVTLACFVL
CASSLWGSATEQYF	WPVTLACFVL
CASSLEAHSYNEQFF	WPVTLACFVL
CASRGLGPSSTDTQYF	WPVTLACFVL
CASSLFYSNQPQHF	WPVTLACFVL
CATRAGVVYNEQFF	WPVTLACFVL
CASSLGQGESYEQYF	WPVTLACFVL
CASSPRRAGGQAQNTQYF	WPVTLACFVL
CASLGASGVYEQYF	WPVTLACFVL
CASSISATHNEQFF	WPVTLACFVL
CATSRIPGQGANTEAFF	WPVTLACFVL
CAIRGLAGANEQFF	WPVTLACFVL
CASSGFWDPPLTEAFF	WPVTLACFVL
CASSLSLERDEQFF	WPVTLACFVL
CASSYSAGELAGTAGNEQFF	WPVTLACFVL
CATSVTSGGLVYTF	WPVTLACFVL
CASSQEGGFGNTIYF	WPVTLACFVL
CSARDQANYGYTF	WPVTLACFVL
CASSFGLRLQQYF	WPVTLACFVL
CASSLLRALGSYEQYF	WPVTLACFVL
CSVDSLQGQGANTQYF	WPVTLACFVL
CASSFGTSGIYNEQFF	WPVTLACFVL
CASSILGLAGGLGTDTQYF	WPVTLACFVL
CASSLLAGGFDEQYF	WPVTLACFVL
CASSHLEGVYEQYF	WPVTLACFVL
CASSPNQVQYF	WPVTLACFVL
CASSLTYEQFF	WPVTLACFVL
CASSEAVYYEQYF	WPVTLACFVL
CASSLRGAGNTIYF	WPVTLACFVL
CASSYSLGLAGGTSRTDTQYF	WPVTLACFVL
CASSTSSEQFF	WPVTLACFVL
CASSPIGQGVPQPQHF	WPVTLACFVL
CASSRDSDSYGYTF	WPVTLACFVL
CASSLGTEAFF	WPVTLACFVL
CASSWTGAEQYF	WPVTLACFVL
CASRLAGGEETQYF	WPVTLACFVL
CATSDRPEELFF	WPVTLACFVL
CASSFSAYNEQFF	WPVTLACFVL
CASSLSLGYEQYF	WPVTLACFVL
CASGTAGEPQHF	WPVTLACFVL
CASRTKETQYF	WPVTLACFVL
CASSEGLAEQETQYF	WPVTLACFVL
CASTRDANEQFF	WPVTLACFVL
CASSLGKDSPLSYEQYF	WPVTLACFVL
CSASINLNTEAFF	WPVTLACFVL
CASSQKPGQSSYNEQFF	WPVTLACFVL
CASSKQDEQFF	WPVTLACFVL
CSVLDTRYEQYF	WPVTLACFVL
CASSELTRAPVFYEQYF	WPVTLACFVL
CASSLSNEQFF	WPVTLACFVL
CASSQDGEFTEAFF	WPVTLACFVL
CASSVTGNTEAFF	WPVTLACFVL
CASSLSPGLKNNYEQYF	WPVTLACFVL
CATSDFGGAGIIHEQFF	WPVTLACFVL
CSVEGGRAGQFF	WPVTLACFVL
CAKQWDSSYNEQFF	WPVTLACFVL
CASSLVGTGELFF	WPVTLACFVL
CASSIGPGQGLSSYNSPLHF	WPVTLACFVL
CASSLRETSYEQYF	WPVTLACFVL
CASSLLGPQHF	WPVTLACFVL
CASSYGRINTEAFF	WPVTLACFVL
CAITPGSTGELFF	WPVTLACFVL
CASIGTGGYNEQFF	WPVTLACFVL
CASSDEEYSNQPQHF	WPVTLACFVL
CAISESRDEQYF	WPVTLACFVL
CASSEAPSSGRKNEQFF	WPVTLACFVL
CASSGPRGEQYF	WPVTLACFVL
CASSFGRDTSYQETQYF	WPVTLACFVL
CASSLGDTQYF	WPVTLACFVL
CSARDGAGVNYEQYF	WPVTLACFVL
CASSYDDRAYGYTF	WPVTLACFVL
CSVVATTAMDGELFF	WPVTLACFVL
CASRYSLGLAGATTLDTQYF	WPVTLACFVL
CASSTTGGGTEAFF	WPVTLACFVL
CASSRETASVYEQYF	WPVTLACFVL
CASSLTDLGYGYTF	WPVTLACFVL
CASSYGAGEYEQYF	WPVTLACFVL
CASSPGTLTYEQYF	WPVTLACFVL
CASSEGHLYEQYF	WPVTLACFVL
CASQPGSIGHEQYF	WPVTLACFVL
CASSWRGAGNTIYF	WPVTLACFVL
CSVDGDGEVQETQYF	WPVTLACFVL
CASSYSIGDWGLGNTIYF	WPVTLACFVL
CASSSITSSTDTQYF	WPVTLACFVL
CANRGGNQPQHF	WPVTLACFVL
CASSSLPLAWDSPLHF	WPVTLACFVL
CASTGGSGTGELFF	WPVTLACFVL
CASSLLGAEGGNQPQHF	WPVTLACFVL
CASSLFGQPQHF	WPVTLACFVL
CASSLGGAVSSYNEQFF	WPVTLACFVL
CASRPTTDTQYF	WPVTLACFVL
CASSYALGARSSYNEQFF	WPVTLACFVL
CASSRGPEAFF	WPVTLACFVL
CASSLDQTQYF	WPVTLACFVL
CATLIPATNQPQHF	WPVTLACFVL
CASSPTGVPYEQYF	WPVTLACFVL
CASSQGVPAVGIEETQYF	WPVTLACFVL
CAFDREAFF	WPVTLACFVL
CASSVVGLTDTQYF	WPVTLACFVL
CASSTQTAGPEAFF	WPVTLACFVL
CSARDPLTYEQYF	WPVTLACFVL
CASTLGTPIYF	WPVTLACFVL
CASGQGPEQYF	WPVTLACFVL
CASSHIGTAYEQYF	WPVTLACFVL
CASSLETSSYEQYF	WPVTLACFVL
CASSLLGGELFF	WPVTLACFVL
CASSLRLAGANETQYF	WPVTLACFVL
CASSTSSGANVLTF	WPVTLACFVL
CATNPGATEAFF	WPVTLACFVL
CASSGLSGGGNEQFF	WPVTLACFVL
CASSFNRGRMNTEAFF	WPVTLACFVL
CATSDFGLGEQFF	WPVTLACFVL
CASGLGQGETYEQYF	WPVTLACFVL
CASSLPGAEAFF	WPVTLACFVL
CSVVGGGPRANNEQFF	WPVTLACFVL
CASSENNEQFF	WPVTLACFVL
CASSGTSGSSEQYF	WPVTLACFVL
CSARDLAGATSYEQYF	WPVTLACFVL
CSAYLILGMGNEQFF	WPVTLACFVL
CASSLIDRDGYTF	WPVTLACFVL
CASSILAYNEQFF	WPVTLACFVL
CASSFRGAGNTIYF	WPVTLACFVL
CASSLYTGPQETQYF	WPVTLACFVL
CAWGHLEQYF	WPVTLACFVL
CASSPGGLDTEAFF	WPVTLACFVL
CASLYLAGYEQYF	WPVTLACFVL
CASSIVAGVGEQYF	WPVTLACFVL
CASSVGESQETQYF	WPVTLACFVL
CASSLGGKDIQHEQFF	WPVTLACFVL
CATRADSYEQYF	WPVTLACFVL
CASTFLGNEQFF	WPVTLACFVL
CASTSPEEFGNYGYTF	WPVTLACFVL
CSARDGTSGYEQYF	WPVTLACFVL
CSVVWVSLGDHYNEQFF	WPVTLACFVL
CASSELLRTADYGYTF	WPVTLACFVL
CASSWTGMNTEAFF	WPVTLACFVL
CASSIILAGLYNEQFF	WPVTLACFVL
CASSYLAGAQETQYF	WPVTLACFVL
CASTPRDTYNEQFF	WPVTLACFVL
CASSVVPGDYGYTF	WPVTLACFVL
CASSPGLVNTEAFF	WPVTLACFVL
CASSPPGQNSPLHF	WPVTLACFVL
CASSQATNEKLFF	WPVTLACFVL
CASSEFGPLGQPQHF	WPVTLACFVL
CASSYRLSETGELFF	WPVTLACFVL
CAWSAGTGFEQYF	WPVTLACFVL
CASSQVLDYEQYF	WPVTLACFVL
CASSPGLAGGTDTQYF	WPVTLACFVL
CASSRVRPPYEQYF	WPVTLACFVL
CASSPFGSSTDTQYF	WPVTLACFVL
CASSPQNKGDRPYEQYF	WPVTLACFVL
CASSPPGGETGELFF	WPVTLACFVL
CASSQYGPGQLNEKLFF	WPVTLACFVL
CANPGHQETQYF	WPVTLACFVL
CASSSIVGGTSGSSTDTQYF	WPVTLACFVL
CASSVEGTAGILLGYEQFF	WPVTLACFVL
CASTRNNEQFF	WPVTLACFVL
CASSPPGGRQYF	WPVTLACFVL
CASSLWGAAYNSPLHF	WPVTLACFVL
CAISRDSPALNYGYTF	WPVTLACFVL
CASSFSAGGIQETQYF	WPVTLACFVL
CASSYLGGQAEQFF	WPVTLACFVL
CASSFSSGAESDPTDTQYF	WPVTLACFVL
CASSHDRTLAEETQYF	WPVTLACFVL
CASSDPSNPLETQYF	WPVTLACFVL
CASSESGGRADEQYF	WPVTLACFVL
CASKSAGLYGYTF	WPVTLACFVL
CASSSPATGSQETQYF	WPVTLACFVL
CASISQGIYTF	WPVTLACFVL
CASSLYGNEQFF	WPVTLACFVL
CASSLDHGLMDEQFF	WPVTLACFVL
CASSLLGSPLHF	WPVTLACFVL
CASSPPTGNSYNEQFF	WPVTLACFVL
CASSDTDYEQYF	WPVTLACFVL
CASLPQGPYGYTF	WPVTLACFVL
CASSQSVGEKLFF	WPVTLACFVL
CASNLQGPSNEQYF	WPVTLACFVL
CASSLGTVTGELFF	WPVTLACFVL
CASSPPDRINSPLHF	WPVTLACFVL
CATATAGNEKLFF	WPVTLACFVL
CASSYSLGVVTGELFF	WPVTLACFVL
CASSEATGYIQYF	WPVTLACFVL
CASRGGDPYEQYF	WPVTLACFVL
CASIGGWGYTF	WPVTLACFVL
CASQGLAQETQYF	WPVTLACFVL
CASSPGTGGDAFF	WPVTLACFVL
CASSYQGSPLHF	WPVTLACFVL
CASSPGPGYTF	WPVTLACFVL
CASSLSLQSNYEQYF	WPVTLACFVL
CASSLGSSYEQYF	WPVTLACFVL
CSARDGTVGYEQYF	WPVTLACFVL
CSVESVLSYNEQFF	WPVTLACFVL
CATRAPGTASYEQYF	WPVTLACFVL
CASSQDFLELTGELFF	WPVTLACFVL
CASSPVADTQYF	WPVTLACFVL
CASSYSTQGQTQYF	WPVTLACFVL
CASSHRTVGLVDTQYF	WPVTLACFVL
CASRRLGGVYEQYF	WPVTLACFVL
CASSSPTSGRADEQFF	WPVTLACFVL
CASTPTGSMNTEAFF	WPVTLACFVL
CASSLVTPGDEKLFF	WPVTLACFVL
CASSPLRETQYF	WPVTLACFVL
CASSQGPAYEQYF	WPVTLACFVL
CASSHGHDRLGYTF	WPVTLACFVL
CASSLSGDIDEQFF	WPVTLACFVL
CASSDRAGETQYF	WPVTLACFVL
CASLALDGELFF	WPVTLACFVL
CASSLIVPWGTGELFF	WPVTLACFVL
CASSFSHEQYF	WPVTLACFVL
CASSPGTADYEQYF	WPVTLACFVL
CASSSPGTSIYEQFF	WPVTLACFVL
CATSDLYQGGTDTQYF	WPVTLACFVL
CASSLEGTGEQYF	WPVTLACFVL
CASSQGLSEAFF	WPVTLACFVL
CASTPGTSLNEQFF	WPVTLACFVL
CASSAYFASGMDEQFF	WPVTLACFVL
CASSPMGNEQFF	WPVTLACFVL
CSARVGGNEQFF	WPVTLACFVL
CASSPQPSDTEAFF	WPVTLACFVL
CASSEVGGTDTQYF	WPVTLACFVL
CASRIAGGPSYEQYF	WPVTLACFVL
CASSFPTIGANYNEQFF	WPVTLACFVL
CASTGSGGPPGSTDTQYF	WPVTLACFVL
CASSISTGVDYGYTF	WPVTLACFVL
CASSFGTGDYEQYF	WPVTLACFVL
CASSLLVALYYGYTF	WPVTLACFVL
CAALENTGELFF	WPVTLACFVL
CASSRQGSGELFF	WPVTLACFVL
CASSEAINYGYTF	WPVTLACFVL
CASSLSGQVLSYNSPLHF	WPVTLACFVL
CASSLARNTGELFF	WPVTLACFVL
CASSQDVTGLTYEQYF	WPVTLACFVL
CASSPTAEQFF	WPVTLACFVL
CATKTWGGTEAFF	WPVTLACFVL
CASSYSLGGRLETNTDTQYF	WPVTLACFVL
CASSEGGRSYEQYF	WPVTLACFVL
CASSETGVNSPLHF	WPVTLACFVL
CASTGLGSPLHF	WPVTLACFVL
CASSTPPSPEQYF	WPVTLACFVL
CASTGGGGNEQFF	WPVTLACFVL
CATSDRGLDRETQYF	WPVTLACFVL
CASSLMAHSPLHF	WPVTLACFVL
CASSRGQPQHF	WPVTLACFVL
CASSLVWGTDTQYF	WPVTLACFVL
CASSQFAGPSTDTQYF	WPVTLACFVL
CASSLGLAEPQETQYF	WPVTLACFVL
CASSILPEREPHNEQFF	WPVTLACFVL
CASSPSTSIYEQYF	WPVTLACFVL
CASSLGQETQYF	WPVTLACFVL
CASSSGDRWPEAFF	WPVTLACFVL
CASSLLSPTGPNTEAFF	WPVTLACFVL
CASSPWDRVNEQFF	WPVTLACFVL
CASSPPNTGELFF	WPVTLACFVL
CASSLMGLQHF	WPVTLACFVL
CASLDDYGYTF	WPVTLACFVL
CASSVLEIEQFF	WPVTLACFVL
CSVEGYTQEGNYGYTF	WPVTLACFVL
CASSIFSDGEQYF	WPVTLACFVL
CASSLDGQVAF	WPVTLACFVL
CASSLRGGLNTEAFF	WPVTLACFVL
CASSYSLGQGAALNSEQYF	WPVTLACFVL
CASSPGPYNEQFF	WPVTLACFVL
CASSPPGAGELFF	WPVTLACFVL
CASSKEVLGGSPHEQYF	WPVTLACFVL
CSVDAHPSGAYNEQFF	WPVTLACFVL
CASSYYIGQMNTEAFF	WPVTLACFVL
CASSESNEQFF	WPVTLACFVL
CASSFGLEQFF	WPVTLACFVL
CASSPPWTSEEVDTGELFF	WPVTLACFVL
CASSLVFSGTEDYEQYF	WPVTLACFVL
CASSLAGGLYNEQFF	WPVTLACFVL
CAIAGTSGYNEQFF	WPVTLACFVL
CASSASNEQFF	WPVTLACFVL
CSVLWMADQFF	WPVTLACFVL
CASSPNYENTEAFF	WPVTLACFVL
CASSLFSGAVEQETQYF	WPVTLACFVL
CASSDPGQGLPDTQYF	WPVTLACFVL
CASSSPPANSNQPQHF	WPVTLACFVL
CAGGYTF	WPVTLACFVL
CASSFWQGTDTQYF	WPVTLACFVL
CASSLIRQGLGLNYGYTF	WPVTLACFVL
CSVGGGTRNYYNEQFF	WPVTLACFVL
CAVRRENTGELFF	WPVTLACFVL
CASSKDLRDSSEEAQYF	WPVTLACFVL
CASTLAGAEQFF	WPVTLACFVL
CASSHGLHVDTQYF	WPVTLACFVL
CASSFLGSPQHF	WPVTLACFVL
CASSSYSGTEAFF	WPVTLACFVL
CSARKTDPAGANVLTF	WPVTLACFVL
CASSFLGPAYEQYF	WPVTLACFVL
CASSLLSGSGVVETQYF	WPVTLACFVL
CATLDRDYNEQFF	WPVTLACFVL
CASSIILAGVDEQFF	WPVTLACFVL
CASSYSLGRTGELFF	WPVTLACFVL
CASSQVGNEQYF	WPVTLACFVL
CASSPLGDSPLHF	WPVTLACFVL
CSAGTLQGEISTDTQYF	WPVTLACFVL
CATMGAGGNQETQYF	WPVTLACFVL
CASSLYMNTEAFF	WPVTLACFVL
CASSYLTTGFTYEQYF	WPVTLACFVL
CASTKGSGELFF	WPVTLACFVL
CASSLGYGGGHEQYF	WPVTLACFVL
CASSYSLGMNTGELFF	WPVTLACFVL
CASSLVNEQFF	WPVTLACFVL
CSANTGTSGSSTDTQYF	WPVTLACFVL
CASSLAWTSEETQYF	WPVTLACFVL
CATGGQLNTEAFF	WPVTLACFVL
CASSLLAGNQPQHF	WPVTLACFVL
CASRRWEETQYF	WPVTLACFVL
CASSYTLAGGGEQYF	WPVTLACFVL
CASSQVFSGDFITGELFF	WPVTLACFVL
CASSQGGNLAEAFF	WPVTLACFVL
CASSLNPGGNEQFF	WPVTLACFVL
CASSPSFAATHEQYF	WPVTLACFVL
CASSLLVPSGPDEQFF	WPVTLACFVL
CASSAPQTEGPGANVLTF	WPVTLACFVL
CATSDSAGEETQYF	WPVTLACFVL
CASSLLIAGLNEQFF	WPVTLACFVL
CASSTTAPETQYF	WPVTLACFVL
CATSGMLYQPQHF	WPVTLACFVL
CASSLGTGGIDEQYF	WPVTLACFVL
CASSTSGGPPYEQYF	WPVTLACFVL
CASSSSWGGQTDTQYF	WPVTLACFVL
CASSIGGAPYGYTF	WPVTLACFVL
CASWRDGHEQYF	WPVTLACFVL
CASSIPGQLNEQFF	WPVTLACFVL
CASSFDYYEQYF	WPVTLACFVL
CASRTGFEQYF	WPVTLACFVL
CASSQDVGYNEQFF	WPVTLACFVL
CASSQERSSGYEQYF	WPVTLACFVL
CASSSQPQHF	WPVTLACFVL
CASSLGMDGYTF	WPVTLACFVL
CSARAGASYNEQFF	WPVTLACFVL
CASSLAPGYEQYF	WPVTLACFVL
CASSHTPGRPDTQYF	WPVTLACFVL
CASSEIPGSSSYEQYF	WPVTLACFVL
CASSLFLRDGDYGYTF	WPVTLACFVL
CASSPGTSLNEQFF	WPVTLACFVL
CASSQGVNYGYTF	WPVTLACFVL
CASSLRPGEVNQPQHF	WPVTLACFVL
CASSSQGVTNTGELFF	WPVTLACFVL
CASSDPLAGGMYEQFF	WPVTLACFVL
CASSFRTGYYGYTF	WPVTLACFVL
CASSQDNEQFF	WPVTLACFVL
CASSRAGEGGEQYF	WPVTLACFVL
CSASGGVSTDTQYF	WPVTLACFVL
CASSISAGGAFF	WPVTLACFVL
CASRRQGPGELFF	WPVTLACFVL
CASSLALAGDPTNEKLFF	WPVTLACFVL
CSAAGTGGDNEQFF	WPVTLACFVL
CASSIDLVGRFF	WPVTLACFVL
CASSQDSPLAGGRNEQFF	WPVTLACFVL
CASSETGAPDTQYF	WPVTLACFVL
CASSQASNPDTQYF	WPVTLACFVL
CASTSTNEQFF	WPVTLACFVL
CASSLSPPIAKREGHNEQFF	WPVTLACFVL
CASSTSKLAYSNQPQHF	WPVTLACFVL
CAISEWTDTQYF	WPVTLACFVL
CASSLEGWGENTEAFF	WPVTLACFVL
CASSATGPNQPQHF	WPVTLACFVL
CASSPPGEGGYTF	WPVTLACFVL
CASSLGTALGYGYTF	WPVTLACFVL
CSARGFRDRSYEQYF	WPVTLACFVL
CASRLGTEAFF	WPVTLACFVL
CASSPALTSGETQYF	WPVTLACFVL
CSASEAGGQLETQYF	WPVTLACFVL
CAISETTQVNEQFF	WPVTLACFVL
CASSPIRGEGGTGELFF	WPVTLACFVL
CASSYSQILAGVYEQYF	WPVTLACFVL
CSARSSGSVEQYF	WPVTLACFVL
CAIYPGLPQIADTQYF	WPVTLACFVL
CASSAGRIYATNEKLFF	WPVTLACFVL
CASSFWGDRGSSEAFF	WPVTLACFVL
CAGGDRGNNEQFF	WPVTLACFVL
CASSLGLAGGLGDTQYF	WPVTLACFVL
CASSPGTSGYQETQYF	WPVTLACFVL
CAISGDSRSVYEQYF	WPVTLACFVL
CASSLTGDTEAFF	WPVTLACFVL
CASSEALAGEQFF	WPVTLACFVL
CASSPRGGSTDTQYF	WPVTLACFVL
CASSSSNEQFF	WPVTLACFVL
CSAYLLAGGTYEQYF	WPVTLACFVL
CASSQDVEGTSGQDEQFF	WPVTLACFVL
CAISEQGDWGFF	WPVTLACFVL
CASSDRGLYNEQFF	WPVTLACFVL
CASSITELYGYTF	WPVTLACFVL
CASSPYNTGELFF	WPVTLACFVL
CSATGHPSAYNEQFF	WPVTLACFVL
CASSFDGANTEAFF	WPVTLACFVL
CAAAAPDTQYF	WPVTLACFVL
CASSLSTGWSYEQYF	WPVTLACFVL
CASRDYITDTQYF	WPVTLACFVL
CASSYSPPYEQYF	WPVTLACFVL
CASTAQGNEKLFF	WPVTLACFVL
CSARTGGLQEKLFF	WPVTLACFVL
CASRPGGGTEETDTQYF	WPVTLACFVL
CASSLFGSQETQYF	WPVTLACFVL
CASSPQTGWNEQYF	WPVTLACFVL
CASNVGGGTDTQYF	WPVTLACFVL
CASSGLGVANEKLFF	WPVTLACFVL
CASSDQLAGGYNEQFF	WPVTLACFVL
CASSAGIAGDPDTQYF	WPVTLACFVL
CASSYSLAGEGELFF	WPVTLACFVL
CASSLGQWFQQYF	WPVTLACFVL
CASSMPDTTRNEQYF	WPVTLACFVL
CASRPSNTGELFF	WPVTLACFVL
CASSERAGFNTEAFF	WPVTLACFVL
CSVEDLAQETQYF	WPVTLACFVL
CASTIIGGEQYF	WPVTLACFVL
CASSSWIYNEQFF	WPVTLACFVL
CASSLLILPYTGELFF	WPVTLACFVL
CASSQETSGGIKETQYF	WPVTLACFVL
CSVVTLLWTSGGSSSYNEQFF	WPVTLACFVL
CASSYSMVLGQGADTQYF	WPVTLACFVL
CASSLTSGSSSYEQYF	WPVTLACFVL
CASSIAAGWEQYF	WPVTLACFVL
CASSTGVGGANVLTF	WPVTLACFVL
CASSLGAGTGYTF	WPVTLACFVL
CASSEPPGQGAGELFF	WPVTLACFVL
CASSQEQGIGELFF	WPVTLACFVL
CSVTPTTPNIYNEQFF	WPVTLACFVL
CASSENPTGIEQYF	WPVTLACFVL
CASGWGSPLHF	WPVTLACFVL
CASSFGMPGVPGELFF	WPVTLACFVL
CSVTLPEQYF	WPVTLACFVL
CASSSYLGLNDGELFF	WPVTLACFVL
RASSLTRIDRVRAFF	WPVTLACFVL
CATGANEQFF	WPVTLACFVL
CASSYNGETSPLHF	WPVTLACFVL
CASSVSGLVINEQFF	WPVTLACFVL
CASSYYTQETQYF	WPVTLACFVL
CASSFNSYEQYF	WPVTLACFVL
CASSPDSLNTEAFF	WPVTLACFVL
CASSPLATGNEQYF	WPVTLACFVL
CASSPPTGLSYNEQFF	WPVTLACFVL
CASSYSSSYGEAFF	WPVTLACFVL
CASSFEPSNYGYTF	WPVTLACFVL
CASSEPVSSSYEQYF	WPVTLACFVL
CASSPGQGALNEQFF	WPVTLACFVL
CARGQEHEQYF	WPVTLACFVL
CASSEGYGYTF	WPVTLACFVL
CASSYSLGSGEQFF	WPVTLACFVL
CASSQEGLWPGALTF	WPVTLACFVL
CAPWCLAGLNEQFF	WPVTLACFVL
CASSSAGDGYTF	WPVTLACFVL
CASSENLMNTEAFF	WPVTLACFVL
CASSQRPGQLVNQPQHF	WPVTLACFVL
CASSQVQGNEQFF	WPVTLACFVL
CASSPEVLETQYF	WPVTLACFVL
CATSPPREGLSYEQYF	WPVTLACFVL
CASSPDNEQFF	WPVTLACFVL
CASRTGTGYNEQFF	WPVTLACFVL
CASSTVDSHKSTDTQYF	WPVTLACFVL
CSVVLAGFQSSYNEQFF	WPVTLACFVL
CSVPDDGDYGYTF	WPVTLACFVL
CASSPAVGPAGEQYF	WPVTLACFVL
CATSDFDSTDTQYF	WPVTLACFVL
CASSSSGSTGELFF	WPVTLACFVL
CATSQGLAGTTDTQYF	WPVTLACFVL
CASSPSNEQFF	WPVTLACFVL
CASSYSAGEETQYF	WPVTLACFVL
CASSPRGRTNEKLFF	WPVTLACFVL
CASRSRLADSTDTQYF	WPVTLACFVL
CASSIYANTEAFF	WPVTLACFVL
CASSPNNEQFF	WPVTLACFVL
CASSFPAQGTLREGLTDTQYF	WPVTLACFVL
CASSLWGRTDEQFF	WPVTLACFVL
CAISELGVVYEQYF	WPVTLACFVL
CASSLLQTYTGELFF	WPVTLACFVL
CASSFTSFDRDTQYF	WPVTLACFVL
CSVMGAGITEAFF	WPVTLACFVL
CASSKPPTGVNSPLHF	WPVTLACFVL
CASSLWGEGGNTIYF	WPVTLACFVL
CSVVGLAGGTPYNEQFF	WPVTLACFVL
CASSQDDRGLGYTF	WPVTLACFVL
CASSLSNGPYEQYF	WPVTLACFVL
CASSIGTIPTDTQYF	WPVTLACFVL
CASSYELGGAGELFF	WPVTLACFVL
CASNTGFEAFF	WPVTLACFVL
CASSRGLAGMDTQYF	WPVTLACFVL
CASSLSSEQFF	WPVTLACFVL
CASIGGAPSYNEQFF	WPVTLACFVL
CASSPGQGYYNEQFF	WPVTLACFVL
CASSLWGHLMNTEAFF	WPVTLACFVL
CASSYLTTNTEAFF	WPVTLACFVL
CASSLALPTEGLAGEEETQYF	WPVTLACFVL
CASSYGGSYGYTF	WPVTLACFVL
CASSPQGDTQYF	WPVTLACFVL
CASSPEGALNQPQHF	WPVTLACFVL
CASSGLTSGNTGELFF	WPVTLACFVL
CASSQGLAAPTDTQYF	WPVTLACFVL
CASSFGTDTQYF	WPVTLACFVL
CASSWDLEGSGELFF	WPVTLACFVL
CASSQGLGTYEQYF	WPVTLACFVL
CASSPMTVLSYNEQFF	WPVTLACFVL
CATSRVAGGPETQYF	WPVTLACFVL
CASSLVALNEQFF	WPVTLACFVL
CASSTLAQIHEQYF	WPVTLACFVL
CASSWGQTQFF	WPVTLACFVL
CASTNPGAPEQAFF	WPVTLACFVL
CASSTATNEQFF	WPVTLACFVL
CASSLDGGYEQFF	WPVTLACFVL
CASSFKLAGLLYEQYF	WPVTLACFVL
CSVVGVGGSEYNEQFF	WPVTLACFVL
CASSLGTRHYEQYF	WPVTLACFVL
CASNTQGGETQYF	WPVTLACFVL
CASKVGDGTAGSGANVLTF	WPVTLACFVL
CASSPGLATPYNEQFF	WPVTLACFVL
CASSQVQQGDAYGYTF	WPVTLACFVL
CASSSIAGDNNEQFF	WPVTLACFVL
CASSQDPGGSEQFF	WPVTLACFVL
CSAWTGAYNEQFF	WPVTLACFVL
CASSSFGLAGLPPYEQYF	WPVTLACFVL
CASSGHGLYTGELFF	WPVTLACFVL
CSAQTPYNEQFF	WPVTLACFVL
CASSQMGYEQYF	WPVTLACFVL
CASSPRGGIQPQHF	WPVTLACFVL
CASSQAYNEQFF	WPVTLACFVL
CASSLGTSGIQETQYF	WPVTLACFVL
CASSIGQFYEQYF	WPVTLACFVL
CASSYSGQGYEQYF	WPVTLACFVL
CATSRDSTGTQYF	WPVTLACFVL
CASSFLFIEQYF	WPVTLACFVL
CASSLAGTGGFGELFF	WPVTLACFVL
CASSLESGDLPDTQYF	WPVTLACFVL
CALQGLAGVKEQYF	WPVTLACFVL
CASMLANEQFF	WPVTLACFVL
CASSLRGSWDTIYF	WPVTLACFVL
CATSDFERTDTQYF	WPVTLACFVL
CASSLLPTGPETQYF	WPVTLACFVL
CASSFSTGRYEQYF	WPVTLACFVL
CASSPGPPNEQFF	WPVTLACFVL
CASSTLAESYEQYF	WPVTLACFVL
CASSSIVLGEQYF	WPVTLACFVL
CASSYSLDGLGEQYF	WPVTLACFVL
CSVERGLEDTIYF	WPVTLACFVL
CASSPDLGYQETQYF	WPVTLACFVL
CASSFQGSMNTEAFF	WPVTLACFVL
CASSVWGGSYEQYF	WPVTLACFVL
CASSEVMGLNTEAFF	WPVTLACFVL
CASSSGTGATYEQYF	WPVTLACFVL
CASSLIHEQFF	WPVTLACFVL
CASSSGTSIETQYF	WPVTLACFVL
CASSQQGSEKLFF	WPVTLACFVL
CASSILGQGDGYTF	WPVTLACFVL
CASSLFPGGLYNEQFF	WPVTLACFVL
CATSHVGVIYGYTF	WPVTLACFVL
CASSLVRELLHF	WPVTLACFVL
CASSLLLAGGVDTQYF	WPVTLACFVL
CASSLADTARAEAFF	WPVTLACFVL
CASSPDRAFLYEQYF	WPVTLACFVL
CASTDLSTDTQYF	WPVTLACFVL
CASSLYNLGQPQHF	WPVTLACFVL
CASRRDRAQAQYF	WPVTLACFVL
CASSDGPYTEAFF	WPVTLACFVL
CASSQTGFAEQYF	WPVTLACFVL
CASSVDANTEAFF	WPVTLACFVL
CSVEGDSAYEQYF	WPVTLACFVL
CASRYTSSYEQYF	WPVTLACFVL
CASSLLGAGTGTEAFF	WPVTLACFVL
CASSEGSNEQFF	WPVTLACFVL
CATSDFKGATDTQYF	WPVTLACFVL
CASSPTGNIQYF	WPVTLACFVL
CASSYVPGDSQETQYF	WPVTLACFVL
CSVNTVHESSYNEQFF	WPVTLACFVL
CASSQDQRGVEQFF	WPVTLACFVL
CASSLQGNTIYF	WPVTLACFVL
CASIGGLNTEAFF	WPVTLACFVL
CAIAGTSHNEQFF	WPVTLACFVL
CASMWEECYNEQFF	WPVTLACFVL
CATSDPLAGFQETQYF	WPVTLACFVL
CASSMGLGYGYTF	WPVTLACFVL
CASTEGPYNSPLHF	WPVTLACFVL
CAWSLHQPQHF	WPVTLACFVL
CASSHPGTGYEQYF	WPVTLACFVL
CASSQVGFTSYEQYF	WPVTLACFVL
CASSQEEDEQFF	WPVTLACFVL
CASSQGGGIDTEAFF	WPVTLACFVL
CASSPDTSYNEQFF	WPVTLACFVL
CASRGQGGNEKLFF	WPVTLACFVL
CASSPVRGRGNEQFF	WPVTLACFVL
CASSFGRFVAKNIQYF	WPVTLACFVL
CASSPEGQGGYEQYF	WPVTLACFVL
CSVVGGTSSYNEQFF	WPVTLACFVL
CASSLGREQFF	WPVTLACFVL
CASSLGDLAGGPGGDTQYF	WPVTLACFVL
CATSELQGEAGTDTQYF	WPVTLACFVL
CASSFLIGAYGYTF	WPVTLACFVL
CAVARGNEQFF	WPVTLACFVL
CASSYRASPYSYEQYF	WPVTLACFVL
CASTEQGPEAFF	WPVTLACFVL
CASSQESHGYTF	WPVTLACFVL
CASSPRGGSSYNEQFF	WPVTLACFVL
CASSSQGNEKLFF	WPVTLACFVL
CASSGGDRESTDTQYF	WPVTLACFVL
CASTTITGGVHNEQFF	WPVTLACFVL
CASSPNNEQFF	WPVTLACFVL
CASSPSTGNQETQYF	WPVTLACFVL
CASSLSGELFF	WPVTLACFVL
CASSEQGEAYEQYF	WPVTLACFVL
CASSFPQNTQYF	WPVTLACFVL
CASSQERLAQETQYF	WPVTLACFVL
CASSHGLAGEYEQYF	WPVTLACFVL
CASGAWGHIQYF	WPVTLACFVL
CASSSLTGISTEAFF	WPVTLACFVL
CASSLVRNTEAFF	WPVTLACFVL
CSVDSGLAGVLDEQFF	WPVTLACFVL
CASSEAAPSYEQYF	WPVTLACFVL
CASSFRVLREKDYNEQFF	WPVTLACFVL
CASSLEEGVTEAFF	WPVTLACFVL
CASSPTGLHEQFF	WPVTLACFVL
CASSLEGYQETQYF	WPVTLACFVL
CASTTTDTYFYGYTF	WPVTLACFVL
CASSIQDGGQPQHF	WPVTLACFVL
CASSFSLAGGSLGETQYF	WPVTLACFVL
CATSSGLAGSTDTQYF	WPVTLACFVL
CASSSPRIAGGAKNIQYF	WPVTLACFVL
CASSWGTGELFF	WPVTLACFVL
CASSIGGLADSYEQYF	WPVTLACFVL
CSVAGGFNTGELFF	WPVTLACFVL
CASTKLQETQYF	WPVTLACFVL
CASSSIAGVSTDTQYF	WPVTLACFVL
CASSFLAETQYF	WPVTLACFVL
CASSLVGGAYNEQFF	WPVTLACFVL
CASSFQGGNEQFF	WPVTLACFVL
CSSDTRDTGELFF	WPVTLACFVL
CASSPGQIYTF	WPVTLACFVL
CASKSRGSTYEQYF	WPVTLACFVL
CASSPANEQYF	WPVTLACFVL
CASSRETQYF	WPVTLACFVL
CASSQAPGTGHDEQYF	WPVTLACFVL
CASSTGTGVIGGELFF	WPVTLACFVL
CASSQDRRGAPYEQYF	WPVTLACFVL
CASSSRGTGNTIYF	WPVTLACFVL
CASSQESGGGTPQFF	WPVTLACFVL
CASKPDRNTEAFF	WPVTLACFVL
CASSSAVRVSEAFF	WPVTLACFVL
CASSSFGTGLAEQYF	WPVTLACFVL
CASSLSPPSETSGELFF	WPVTLACFVL
CASSLNQPQHF	WPVTLACFVL
CAISESEGRGRRNTGELFF	WPVTLACFVL
CASSIMGLGNTEAFF	WPVTLACFVL
CSASRDGIFEDTQYF	WPVTLACFVL
CASSSMDSLTGELFF	WPVTLACFVL
CASSFLQALYNEQFF	WPVTLACFVL
CASSPGLAGGWDAGELFF	WPVTLACFVL
CASSFLLAGGPHEQYF	WPVTLACFVL
CSVVEVMNYGYTF	WPVTLACFVL
CASSLIGEPQFF	WPVTLACFVL
CASSPWGGLSEQYF	WPVTLACFVL
CASSGRNDEQYF	WPVTLACFVL
CASTRVGTDKNIQYF	WPVTLACFVL
CASSSGPYFGYTF	WPVTLACFVL
CASSLLSPLLETQYF	WPVTLACFVL
CASIPQGGETQYF	WPVTLACFVL
CASNPVTSQETQYF	WPVTLACFVL
CASSQFQDYYEQYF	WPVTLACFVL
CASSFTSIEQYF	WPVTLACFVL
CASSQQNSLDTQYF	WPVTLACFVL
CASTGSGTGIDGGYGYTF	WPVTLACFVL
CASSDLGSSGYTF	WPVTLACFVL
CASSSDRGPASTDTQYF	WPVTLACFVL
CASRRLGAGEETQYF	WPVTLACFVL
CASSVGTVYEQYF	WPVTLACFVL
CSGTGGDTQYF	WPVTLACFVL
CASSYSTTAQETQYF	WPVTLACFVL
CASSQGTSGYTDTQYF	WPVTLACFVL
CASSSLTGGGETQYF	WPVTLACFVL
CASSPYPIYEQYF	WPVTLACFVL
CASIGWGQQFF	WPVTLACFVL
CASSSPIAGGADTQYF	WPVTLACFVL
CASSYGPIQGNSPLHF	WPVTLACFVL
CATSRDQGYAGELFF	WPVTLACFVL
CASSQDAGAWGYTF	WPVTLACFVL
CAISQREVSYEQYF	WPVTLACFVL
CASGLGRGLDVIDEKLFF	WPVTLACFVL
CASSLGLYDEQFF	WPVTLACFVL
CASSPLGPNTEAFF	WPVTLACFVL
CASSKDNEQFF	WPVTLACFVL
CASIQRTGELFF	WPVTLACFVL
CASMAGSGNEQFF	WPVTLACFVL
CSVDRPNEAGYTF	WPVTLACFVL
CASSQTGVTEAFF	WPVTLACFVL
CASSNSGSQADTQYF	WPVTLACFVL
CASSLGAHWTGGLTTEAFF	WPVTLACFVL
CATRRQGLNTEAFF	WPVTLACFVL
CASSQDRRGAEQYF	WPVTLACFVL
CASSLQGQPQHF	WPVTLACFVL
CASSSWDTSTDTQYF	WPVTLACFVL
CSARDFRGGDYNEQFF	WPVTLACFVL
CASSLGPEAFF	WPVTLACFVL
CASSEMAEKLFF	WPVTLACFVL
CASSLDTGVITDTQYF	WPVTLACFVL
CASSHGGGGGELFF	WPVTLACFVL
CSVEGGYTGELFF	WPVTLACFVL
CASSLEDYPYNEQFF	WPVTLACFVL
CASSQDRTGLNEKLFF	WPVTLACFVL
CASSYRGSPSYEQYF	WPVTLACFVL
CASSLTNPGTEHSYEQYF	WPVTLACFVL
CASSEATGGPTNEQFF	WPVTLACFVL
CASSATGTGKDEQYF	WPVTLACFVL
CASTSSNEQYF	WPVTLACFVL
CASRDYGTGVNSPLHF	WPVTLACFVL
CASGPGQALGTEAFF	WPVTLACFVL
CASSHTNEQFF	WPVTLACFVL
CASSFGPYQPQHF	WPVTLACFVL
CASSPGSVGNEQFF	WPVTLACFVL
CASSLGQAPNYGYTF	WPVTLACFVL
CASSALLGNYGYTF	WPVTLACFVL
CASSPGTGSYNEQFF	WPVTLACFVL
CASSSRDIGIYEQYF	WPVTLACFVL
CASSSGTPNEQFF	WPVTLACFVL
CASTTYRVLDEKLFF	WPVTLACFVL
CASSYSLADNEQFF	WPVTLACFVL
CAISDSTGQTGETQYF	WPVTLACFVL
CASSSGPEQYF	WPVTLACFVL
CASSLWGSGNTIYF	WPVTLACFVL
CAWSTRGIGTDTQYF	WPVTLACFVL
CSVVRIANSYNEQFF	WPVTLACFVL
CASSLWGSSYNEQFF	WPVTLACFVL
CASSFEGTAYYNQPQHF	WPVTLACFVL
CASSYYLDRGDNSPLHF	WPVTLACFVL
CASTTGPEAFF	WPVTLACFVL
CASRDRAETQYF	WPVTLACFVL
CASTQTGNTEAFF	WPVTLACFVL
CASSLLRPSGANVLTF	WPVTLACFVL
CASHAGVGNGYTF	WPVTLACFVL
CASRPQGDTQYF	WPVTLACFVL
CATSDGGPREKLFF	WPVTLACFVL
CASSQVTGSYEQYF	WPVTLACFVL
CATSREGTGWYEQYF	WPVTLACFVL
CANSGLAGETSTDTQYF	WPVTLACFVL
CASSQEVSSGTYEQYF	WPVTLACFVL
CASSSTGPETQYF	WPVTLACFVL
CASSFAPGELFF	WPVTLACFVL
CASSYSTTGNQPQHF	WPVTLACFVL
CATSGANEQYF	WPVTLACFVL
