CDR3	AA
CASSLAGGRYEQYF	QLMCQPILLL
CASSLAGSYEQYF	QLMCQPILLL
CASSFSVVNTQYF	QLMCQPILLL
CASGPSVGYEQYF	QLMCQPILLL
CASSEISGNTIYF	QLMCQPILLL
CASSWSGSYEQYF	QLMCQPILLL
CASSQVWAGPYEQYF	QLMCQPILLL
CASSLSRAGEQYF	QLMCQPILLL
CASSLSSSYEQYF	QLMCQPILLL
CASSLSRTGELFF	QLMCQPILLL
CASSFSARGTQYF	QLMCQPILLL
RASSLSPGQGRSFEETQYF	QLMCQPILLL
CSADPPNQETQYF	QLMCQPILLL
CASSFSPNQPQHF	QLMCQPILLL
CTSSQAAQDYSNQPQHF	QLMCQPILLL
RASSLTRIAGEGMYEQYF	QLMCQPILLL
CASSRSWREVPHEQYF	QLMCQPILLL
CASSLMPSRVLGYEQYF	QLMCQPILLL
CASSLSRIHEQYF	QLMCQPILLL
CASSLGRGSEQFF	QLMCQPILLL
CASSAGLNEQFF	QLMCQPILLL
CASSWGAKNIQYF	QLMCQPILLL
CASSLGTGGYEQYF	QLMCQPILLL
CASSLAASGVLGTDTQYF	QLMCQPILLL
CASSLAISDTQYF	QLMCQPILLL
CASSLSRSKNIQYF	QLMCQPILLL
CASSQVWGPFTGELFF	QLMCQPILLL
CASSLAATNVLTF	QLMCQPILLL
CASSLSGTSPLHF	QLMCQPILLL
CASSLSGNYGYTF	QLMCQPILLL
CAIIGGQNTGELFF	QLMCQPILLL
CASSLSSTGELFF	QLMCQPILLL
CASSLGDNYEQYF	QLMCQPILLL
CASSWSSTDTQYF	QLMCQPILLL
CASSLSLGNEQFF	QLMCQPILLL
CASSLSGTYGYTF	QLMCQPILLL
CASSLGGAYGYTF	QLMCQPILLL
CASSLSSNYGYTF	QLMCQPILLL
CASSLGTGYGYTF	QLMCQPILLL
CASSLSPSTDTQYF	QLMCQPILLL
CASSLSRSYEQYF	QLMCQPILLL
CASSPSPSFEQYF	QLMCQPILLL
CASSLSRAHEQYF	QLMCQPILLL
CASSFLTSNEQYF	QLMCQPILLL
CASSLSPTYEQYF	QLMCQPILLL
CASSLSPGGGYTF	QLMCQPILLL
CASSLAGDNEQFF	QLMCQPILLL
CASSLGRGITYEQYF	QLMCQPILLL
CASSLSRDSGNTIYF	QLMCQPILLL
CASSYSPKDEAFF	QLMCQPILLL
CASSPSGSYEQYF	QLMCQPILLL
CASSYSGAGELFF	QLMCQPILLL
CASSYLAGAYEQYF	QLMCQPILLL
CASSLAASGLQYF	QLMCQPILLL
CASSFAVTDTQYF	QLMCQPILLL
CASSFSQGDTQYF	QLMCQPILLL
CASSLAGAYEQYF	QLMCQPILLL
CASSPWGGGEKETQYF	QLMCQPILLL
CASSLGGQSLYTF	QLMCQPILLL
CASSFSVGQPQHF	QLMCQPILLL
CASSLGLSGEQYF	QLMCQPILLL
CASSLGASLYEQYF	QLMCQPILLL
CASSLSGNNEQFF	QLMCQPILLL
CASSHGLAGFSYNEQFF	QLMCQPILLL
CASSLGDGSSTDTQYF	QLMCQPILLL
CASSIAGNYEQYF	QLMCQPILLL
CASSLDRIQETQYF	QLMCQPILLL
CASSGETGFGGYTF	QLMCQPILLL
CASSLSANYGYTF	QLMCQPILLL
CASSIGATDTQYF	QLMCQPILLL
CASSLSGSYGYTF	QLMCQPILLL
CASSWGSNSPLHF	QLMCQPILLL
CASSFGQANEQFF	QLMCQPILLL
CASSYWVSGEQETQYF	QLMCQPILLL
CASSLAMSGELFF	QLMCQPILLL
CASSLAGGSYEQYF	QLMCQPILLL
CASSLSRSYEQYF	QLMCQPILLL
CASSLAQNTEAFF	QLMCQPILLL
CSVPTGEYNSPLHF	QLMCQPILLL
CASSLSRSNEQFF	QLMCQPILLL
CASSVGGAANVLTF	QLMCQPILLL
CASSVAANYGYTF	QLMCQPILLL
CASSLSASAEQYF	QLMCQPILLL
CASSLGSGKYEQYF	QLMCQPILLL
CASSVAGGSYEQYF	QLMCQPILLL
CSAPQLGPTFGAQYF	QLMCQPILLL
CASSLSSRGIQYF	QLMCQPILLL
CASSLGASWELFF	QLMCQPILLL
CASSYGAINEQFF	QLMCQPILLL
CASSLSGSYGYTF	QLMCQPILLL
CASSPILGGSGANVLTF	QLMCQPILLL
CASSLSRAHEQYF	QLMCQPILLL
CASSLSKGSSPLHF	QLMCQPILLL
CASSFSGSYEQYF	QLMCQPILLL
CASSLAGTDTQYF	QLMCQPILLL
CASSLSSSYEQYF	QLMCQPILLL
CASSFSPSSPLHF	QLMCQPILLL
CASSLAGSSPLHF	QLMCQPILLL
CASSLNRAGELFF	QLMCQPILLL
CASSLSRTDTQYF	QLMCQPILLL
CASSWARGSGYGYTF	QLMCQPILLL
CASSFSGSYEQYF	QLMCQPILLL
CASKGLAETQYF	QLMCQPILLL
CASSLSATSEQYF	QLMCQPILLL
CASSLGTGWEQYF	QLMCQPILLL
CASSHPQGDEQYF	QLMCQPILLL
CASSLARGHSYEQYF	QLMCQPILLL
CASSLSKSYEQYF	QLMCQPILLL
CASSYEVVGDRYQPQHF	QLMCQPILLL
CASSLAKGGYEQYF	QLMCQPILLL
CASSLSAGTSAGGYTF	QLMCQPILLL
CASYSGNYGYTF	QLMCQPILLL
CASSLAGNNEQFF	QLMCQPILLL
RASSRSGSSYEQYF	QLMCQPILLL
CASSLGDRGEKLFF	QLMCQPILLL
CASSLRTDRSYEQYF	QLMCQPILLL
CASSWGRGNTIYF	QLMCQPILLL
CASSLSGTSEQFF	QLMCQPILLL
CASSFDRGNSPLHF	QLMCQPILLL
CASSFSQGSGYTF	QLMCQPILLL
CASSSGRGIYEQYF	QLMCQPILLL
CASSLSKTGELFF	QLMCQPILLL
CASSLGRGNTEAFF	QLMCQPILLL
CASSFGGKNEQFF	QLMCQPILLL
CASSLSIIGELFF	QLMCQPILLL
CASRPDTGELFF	QLMCQPILLL
CASSLSRVYEQYF	QLMCQPILLL
CASSPGVSAYEQYF	QLMCQPILLL
CASSFSPTSYEQYF	QLMCQPILLL
CASSQVIVDNEQFF	QLMCQPILLL
CASSLDRGKNIQYF	QLMCQPILLL
CASSLGGWAPLHF	QLMCQPILLL
CASSLGLGGELFF	QLMCQPILLL
CASSYSRTGELFF	QLMCQPILLL
CASSLSSSYEQYF	QLMCQPILLL
CASSFAGSYEQYF	QLMCQPILLL
CASARGSVGNEQFF	QLMCQPILLL
CASSQVFLAEVDHEQFF	QLMCQPILLL
CASSLSVNGELFF	QLMCQPILLL
CASSLSRSWEQYF	QLMCQPILLL
CASSIDRGTYEQYF	QLMCQPILLL
CASSQVSGWRRTTF	QLMCQPILLL
CASSLGLETQYF	QLMCQPILLL
CASSYSGKTEAFF	QLMCQPILLL
CASSLGRGPYEQYF	QLMCQPILLL
CASSLSKSNEQFF	QLMCQPILLL
CASSLEGLAYEQYF	QLMCQPILLL
CASSLSRAYEQYF	QLMCQPILLL
CASSLSVTDTQYF	QLMCQPILLL
CASSVSGSYEQYF	QLMCQPILLL
CASSLTISGENTEAFF	QLMCQPILLL
CASSLGQGYEQYF	QLMCQPILLL
CASSSSGSYEQYF	QLMCQPILLL
CASSLSRGLEQYF	QLMCQPILLL
CASSPPPTRPANEQFF	QLMCQPILLL
CASSFSAAGELFF	QLMCQPILLL
CASSLGLSSYEQYF	QLMCQPILLL
CASSLSKVSEQFF	QLMCQPILLL
CASSYSNTGELFF	QLMCQPILLL
CASSLHRNYGYTF	QLMCQPILLL
CASSLGRAYEQYF	QLMCQPILLL
CASSRDRGKNIQYF	QLMCQPILLL
CASSFSGSYGYTF	QLMCQPILLL
CASSQLAGTLSYEQYF	QLMCQPILLL
CAAYETGARIQYF	QLMCQPILLL
CASSRRGLNSYEQYF	QLMCQPILLL
CASSDYFSYNEQFF	QLMCQPILLL
CASSPQPLDRGQVRAKNIQYF	QLMCQPILLL
CASSAGTAYEQYF	QLMCQPILLL
CASSFGGLRRFDEYF	QLMCQPILLL
CSARHPDRLNTGELFF	QLMCQPILLL
CASYSGNYGYTF	QLMCQPILLL
CASSLSSTGELFF	QLMCQPILLL
CASSLGGSYEQYF	QLMCQPILLL
CASSLFSTGELFF	QLMCQPILLL
CASSLVSLAGLETQYF	QLMCQPILLL
CASSQAAGGLYEQYF	QLMCQPILLL
CASSHLILGQGSYEQYF	QLMCQPILLL
CASSLGLNSPLHF	QLMCQPILLL
CASSFSQGAEQFF	QLMCQPILLL
CASSLGGNTEAFF	QLMCQPILLL
CASSLGSYNEQFF	QLMCQPILLL
CASSLSGAGEQYF	QLMCQPILLL
CASSLSRSYEQYF	QLMCQPILLL
CASSVGKNTEAFF	QLMCQPILLL
CASSVVVSGQYDNEQFF	QLMCQPILLL
CASSFGTKYEQYF	QLMCQPILLL
CASSLSGSYEQYF	QLMCQPILLL
CASSFSKTYGYTF	QLMCQPILLL
CASGLARTDTQYF	QLMCQPILLL
CASSTQGITEAFF	QLMCQPILLL
CASSDHRGANTEAFF	QLMCQPILLL
CASGLVLPGLAEHQETQYF	QLMCQPILLL
CASSPGRRTYEQYF	QLMCQPILLL
CASSVGVGSTDTQYF	QLMCQPILLL
CASSLSANYGYTF	QLMCQPILLL
CASYRGGYGYTF	QLMCQPILLL
CASSLASSNIQYF	QLMCQPILLL
CASRLAGGHEQFF	QLMCQPILLL
CASSLSRAHEQFF	QLMCQPILLL
CASSLSNADTQYF	QLMCQPILLL
CASSYPVIGTRNTGELFF	QLMCQPILLL
CASSLGAGNGYTF	QLMCQPILLL
CASSFGAKNTQYF	QLMCQPILLL
CASSLDRGTGELFF	QLMCQPILLL
CASSLGRAYEQYF	QLMCQPILLL
CASSFAQNQPQHF	QLMCQPILLL
CASSIAMDREEYEQYF	QLMCQPILLL
CASSIHRSYEQYF	QLMCQPILLL
CATYRPGTGEAQYF	QLMCQPILLL
CASSFSGAYGYTF	QLMCQPILLL
CASSLARTDTQYF	QLMCQPILLL
CASSLGSSYEQYF	QLMCQPILLL
CASSFGRGYEQYF	QLMCQPILLL
CASSPGTGELFF	QLMCQPILLL
CASSPPGNTGELFF	QLMCQPILLL
CASSWGQGSEQYF	QLMCQPILLL
CASSWTSSYEQYF	QLMCQPILLL
CASSLSSGNTIYF	QLMCQPILLL
CASSLSSVYEQYF	QLMCQPILLL
CASSLGSNQPQHF	QLMCQPILLL
CASSYSAKHEQYF	QLMCQPILLL
CASSLARSYEQYF	QLMCQPILLL
CASSFAPNTEAFF	QLMCQPILLL
CASRTSGVSYNEQFF	QLMCQPILLL
CASSFAKNNEQFF	QLMCQPILLL
CASSPTMHEQFF	QLMCQPILLL
CASSFSPDNEQFF	QLMCQPILLL
CASSQAGEADTQYF	QLMCQPILLL
CASSLARTGEQYF	QLMCQPILLL
CASSISRNEQFF	QLMCQPILLL
CASSLALRQPQHF	QLMCQPILLL
CASSLSRAGIQYF	QLMCQPILLL
CASSLASSGEQFF	QLMCQPILLL
CASSYEVIGAGVYEQYF	QLMCQPILLL
CSVAPGQGVNTEAFF	QLMCQPILLL
CSALSWAGGLYEQYF	QLMCQPILLL
CASSFSSNQPQHF	QLMCQPILLL
CASSLPDRGQPQHF	QLMCQPILLL
CASSLGRSGELFF	QLMCQPILLL
CASSLGAKNIQYF	QLMCQPILLL
CASSLARGNYEQYF	QLMCQPILLL
CASSLSSKVEQFF	QLMCQPILLL
CASSLSKSYEQYF	QLMCQPILLL
CASSLGRNSYEQYF	QLMCQPILLL
CASSLSASYGYTF	QLMCQPILLL
CASSLHRGNTEAFF	QLMCQPILLL
CATKGHPYEQYF	QLMCQPILLL
CARSLAHRLAGGERQFF	QLMCQPILLL
CASGLAVNTEAFF	QLMCQPILLL
CASSRDSSSYNEQFF	QLMCQPILLL
CASSLGGAKNIQYF	QLMCQPILLL
CASSFGWNQPQHF	QLMCQPILLL
CASSFGSSSPLHF	QLMCQPILLL
CASSVGRTSPLHF	QLMCQPILLL
CASSLAGGSYEQYF	QLMCQPILLL
CASSLNGYSYNEQFF	QLMCQPILLL
CASSFASNNEQFF	QLMCQPILLL
CASSYSGASGYTF	QLMCQPILLL
CASSLSGGSPLHF	QLMCQPILLL
CASSLGRGKNIQYF	QLMCQPILLL
CASSLSRTYEQYF	QLMCQPILLL
CASSQVWSLFYEQYF	QLMCQPILLL
CASSFASSYEQYF	QLMCQPILLL
CASRLGGGDGYTF	QLMCQPILLL
CASSLHRAYEQYF	QLMCQPILLL
CASSWGRGNEQFF	QLMCQPILLL
CASGTSGYEQFF	QLMCQPILLL
CASSIDRFSYEQYF	QLMCQPILLL
CASSTAISNEQFF	QLMCQPILLL
CASSLSRGHEQFF	QLMCQPILLL
CASSLSRTDTQYF	QLMCQPILLL
CASSLAAGNGYTF	QLMCQPILLL
CASSLTGPSETNEKLFF	QLMCQPILLL
CASSLSASYGYTF	QLMCQPILLL
CASMGQGRNEQYF	QLMCQPILLL
CASSLASSYEQYF	QLMCQPILLL
CASSSSGSYEQYF	QLMCQPILLL
CASSLSASYGYTF	QLMCQPILLL
CASSLSRTGRQFF	QLMCQPILLL
CASGVDRGNEQFF	QLMCQPILLL
CASSLSGISGYTF	QLMCQPILLL
CASSLAKGGGYTF	QLMCQPILLL
CASSLQPGLEYF	QLMCQPILLL
CASSWSRNNEQFF	QLMCQPILLL
CASSFSSSYEQYF	QLMCQPILLL
CASSWGRANEQFF	QLMCQPILLL
CASSEPDGYGYTF	QLMCQPILLL
CASSLGQGLYEQYF	QLMCQPILLL
CASSLSSSYEQYF	QLMCQPILLL
CAIYSGAHGYTF	QLMCQPILLL
CNRQGYQETQYF	QLMCQPILLL
CASSLWTGLTDTQYF	QLMCQPILLL
CASSSGPADTQYF	QLMCQPILLL
CASSFGGSNEQFF	QLMCQPILLL
CASSLSRGGEQYF	QLMCQPILLL
CASSLARGYEQYF	QLMCQPILLL
CASSQAAGGLYEQYF	QLMCQPILLL
CASSPGQGWDTEAFF	QLMCQPILLL
CASSLIWTGQQETQYF	QLMCQPILLL
CASSLSSTGELFF	QLMCQPILLL
CASSPHGDAYEQYF	QLMCQPILLL
CASTLAASNEQFF	QLMCQPILLL
CASSYARNNEQFF	QLMCQPILLL
CASSFARNYGYTF	QLMCQPILLL
CASSLSRTGAQYF	QLMCQPILLL
CASSLSSVSMAFF	QLMCQPILLL
CASSLSPGTAEQYF	QLMCQPILLL
CASSLAGNGELFF	QLMCQPILLL
CASSLSASYEQYF	QLMCQPILLL
CASSLGSGGFAEQYF	QLMCQPILLL
CASSLGGSAEAFF	QLMCQPILLL
CASSFSSYNEQFF	QLMCQPILLL
CASSPSMRNIQYF	QLMCQPILLL
CASSQGLNEQFF	QLMCQPILLL
CASSLSITNEQFF	QLMCQPILLL
CASSLSGSAEQYF	QLMCQPILLL
CASSFATSYEQYF	QLMCQPILLL
CASSFGPKGGYTF	QLMCQPILLL
CATRPGQGSYEQYF	QLMCQPILLL
CSATRETQYF	QLMCQPILLL
CASSLSVSYEQYF	QLMCQPILLL
CASSFGTSSEQYF	QLMCQPILLL
CASSLGGDSYEQYF	QLMCQPILLL
CASSWGGGSEQYF	QLMCQPILLL
CASSLGQNQPQHF	QLMCQPILLL
CASSLSLGGELFF	QLMCQPILLL
CASSLSAGTNEQYF	QLMCQPILLL
CASSLSGSNEQFF	QLMCQPILLL
CASSYDRFNSPLHF	QLMCQPILLL
CASSQLDSQISYEQYF	QLMCQPILLL
CASSWSRGTEAFF	QLMCQPILLL
CASSLSRDTTEAFF	QLMCQPILLL
CASSLAQGYTEAFF	QLMCQPILLL
CASSFSGTSGYTF	QLMCQPILLL
CASSLAGNNGYTF	QLMCQPILLL
CASSFSAKNIQYF	QLMCQPILLL
CASSYQVGPNEQFF	QLMCQPILLL
CASSWGPYNEQFF	QLMCQPILLL
CASSLLAGTYEQYF	QLMCQPILLL
CASSLSRTGGGYTF	QLMCQPILLL
CASSLSRVGELFF	QLMCQPILLL
CASSLGVMAGRYEQYF	QLMCQPILLL
CASSFAQNTEAFF	QLMCQPILLL
CASRQTVYSNQPQHF	QLMCQPILLL
CSVLFDRGRNYGYTF	QLMCQPILLL
CASSQLWGRVYEQYF	QLMCQPILLL
CASSPGTAAYEQYF	QLMCQPILLL
CASSAGTGGEDEQYF	QLMCQPILLL
CASSLSGSGELFF	QLMCQPILLL
CASSLALGNTIYF	QLMCQPILLL
CASSLSPAGEAFF	QLMCQPILLL
CASSLTGPSETNEKLFF	QLMCQPILLL
CASSDPGGVGRNEQYF	QLMCQPILLL
CASSFDRGNEQFF	QLMCQPILLL
CASSYSSTDTQYF	QLMCQPILLL
CASSLSTGTQPQHF	QLMCQPILLL
CASSITTTNEQFF	QLMCQPILLL
CATSRDRTGVQETQYF	QLMCQPILLL
CASSLAGNNEQFF	QLMCQPILLL
CASSLSRTGEQFF	QLMCQPILLL
CASSLSDATGELFF	QLMCQPILLL
CASSLAANQPQHF	QLMCQPILLL
CASSFSGNYEQFF	QLMCQPILLL
CASTHGVGDRGNIQYF	QLMCQPILLL
CASSLGASYGYTF	QLMCQPILLL
CASTTTLGYTIYEQYF	QLMCQPILLL
CASSETSGGLLLDEQFF	QLMCQPILLL
CASSWHAQDTQYF	QLMCQPILLL
CASSIDMGTYNEQFF	QLMCQPILLL
CASSLARNGELFF	QLMCQPILLL
CSATGGSQPQHF	QLMCQPILLL
CASSEAGGDTQYF	QLMCQPILLL
CASYTGTYGYTF	QLMCQPILLL
CASSLSRNSPLHF	QLMCQPILLL
CASSLGAGPYEQYF	QLMCQPILLL
CASSYGAKNIQYF	QLMCQPILLL
CASSFSARSPLHF	QLMCQPILLL
CASSVGLGDGELFF	QLMCQPILLL
CASSLASSYEQYF	QLMCQPILLL
CASSLGRAYEQYF	QLMCQPILLL
CASSSYAGGGSYTDTQYF	QLMCQPILLL
CASSSQGAGTEAFF	QLMCQPILLL
CASSPLGVDTGELFF	QLMCQPILLL
CASSLGGRSEQYF	QLMCQPILLL
CASSLGASYGYTF	QLMCQPILLL
CASSLSATGELFF	QLMCQPILLL
CASSWDRHDTQYF	QLMCQPILLL
CASSLSGSGELFF	QLMCQPILLL
CASSLSVWNEQFF	QLMCQPILLL
CSVNGDSLFGSYNEQFF	QLMCQPILLL
CASSYGAGGEQYF	QLMCQPILLL
CASSLGRGSYEQYF	QLMCQPILLL
CASALASYGEQYF	QLMCQPILLL
CASSLGVGDGYTF	QLMCQPILLL
CASSLSSGHEAFF	QLMCQPILLL
CASSLGRGDGYTF	QLMCQPILLL
CASSLALGNEQFF	QLMCQPILLL
CASSFAKNTEAFF	QLMCQPILLL
CASSLSPSYEQYF	QLMCQPILLL
CASSLSVTYEQYF	QLMCQPILLL
CASSSGLETQYF	QLMCQPILLL
CASSLHSSYEQYF	QLMCQPILLL
CASSLAANYGYTF	QLMCQPILLL
CASSLSGANVLTF	QLMCQPILLL
CASSLGRAVEQYF	QLMCQPILLL
CASSLGAATYEQYF	QLMCQPILLL
CASSYLTAAPSTDTQYF	QLMCQPILLL
CASSLSRQYEQFF	QLMCQPILLL
CASSQTAREQYF	QLMCQPILLL
CASSFGSASEQYF	QLMCQPILLL
CASSLSRAGEQYF	QLMCQPILLL
CSVLAGHNEQFF	QLMCQPILLL
CASSLHQGNLGYGYTF	QLMCQPILLL
CASSLSASYGYTF	QLMCQPILLL
CASSLSRSYEQYF	QLMCQPILLL
CASSLSRGNGELFF	QLMCQPILLL
CASSLGAGGPGYNEQFF	QLMCQPILLL
CASSYSVNYGYTF	QLMCQPILLL
CASSLGRTGELFF	QLMCQPILLL
CASSLSSKGILHF	QLMCQPILLL
CASSFGRGPYEQYF	QLMCQPILLL
CASSYDRGRSPLHF	QLMCQPILLL
CASSLSPTGELFF	QLMCQPILLL
CASSLGQKNIQYF	QLMCQPILLL
CASSLSGGDTQYF	QLMCQPILLL
CASSLSAIPNTDTQYF	QLMCQPILLL
CASSFGATDTQYF	QLMCQPILLL
CASSLAPNYGYTF	QLMCQPILLL
CSARDGQRKNTGELFF	QLMCQPILLL
CASSLSNSYGYTF	QLMCQPILLL
CASSFGTGELFF	QLMCQPILLL
CASSQVFSGLYEQYF	QLMCQPILLL
CASSFSSSYEQYF	QLMCQPILLL
CASSLAGGTDTQYF	QLMCQPILLL
CASSYEVIGGTTYEQYF	QLMCQPILLL
CASSLSRTGEQYF	QLMCQPILLL
CASSQTVLGRDNEQFF	QLMCQPILLL
CASSLSSIGGYTF	QLMCQPILLL
CASSLALSYGYTF	QLMCQPILLL
CASSFSPTDTQYF	QLMCQPILLL
CASSLSPTGELFF	QLMCQPILLL
CASSLARAAEQYF	QLMCQPILLL
CASSLGAKNIQYF	QLMCQPILLL
CASSLSSLNEQFF	QLMCQPILLL
CASSFGQVGYGYTF	QLMCQPILLL
CASSLSPSGELFF	QLMCQPILLL
CASSLDRANQPQHF	QLMCQPILLL
CASSLSKGWEQYF	QLMCQPILLL
CASSFSVSTEAFF	QLMCQPILLL
CASSLGGTNEQFF	QLMCQPILLL
CASSHSVTDTQYF	QLMCQPILLL
CASSLSKSYEQYF	QLMCQPILLL
CASSTDGSSYNEQFF	QLMCQPILLL
CASSLALNNEQFF	QLMCQPILLL
CASSLGRTQPQHF	QLMCQPILLL
CASSPQTYNYGYTF	QLMCQPILLL
CASSLSGSYEQYF	QLMCQPILLL
CASSLGGNTEAFF	QLMCQPILLL
CASSLQRGYGYTF	QLMCQPILLL
CASSLGRTGELFF	QLMCQPILLL
CASGPGQAYEQYF	QLMCQPILLL
CASSLDRGIAEAFF	QLMCQPILLL
CASSQVWAQGGSYNSPLHF	QLMCQPILLL
CASSLSGSNEQFF	QLMCQPILLL
CASSFSSSYEQYF	QLMCQPILLL
CASSQAWTDLYEQYF	QLMCQPILLL
CASSFSRSGEQFF	QLMCQPILLL
CASSLSANSPLHF	QLMCQPILLL
CASSLSASGGAQYF	QLMCQPILLL
CASSYGRQSEQYF	QLMCQPILLL
CASSLSQGNIQYF	QLMCQPILLL
CASSPSRRGSYEQYF	QLMCQPILLL
CASSLSAGSSYNEQFF	QLMCQPILLL
CASSLGQGNEQYF	QLMCQPILLL
