CDR3	AA
CSARLPSYNEQFF	RFLYIIKLIF
CASSTGLAGIDEQFF	RFLYIIKLIF
CASSPGGDEQFF	RFLYIIKLIF
CASSLTEHIAGLRETQYF	RFLYIIKLIF
CASSFIRTSGGEQFF	RFLYIIKLIF
CSASAGLAGDIQYF	RFLYIIKLIF
CATITGSRGIYEQFF	RFLYIIKLIF
CSVDTGYEQYF	RFLYIIKLIF
CASSFGDWSSYEQYF	RFLYIIKLIF
CASSSGLAGTYEQYF	RFLYIIKLIF
CASSLIRQVATSIVTDTQYF	RFLYIIKLIF
CASTSTGGAEQYF	RFLYIIKLIF
CASSSGLRSYEQYF	RFLYIIKLIF
CASSLGGAGPSYNEQFF	RFLYIIKLIF
CASSPGQDGSPLHF	RFLYIIKLIF
CASSFIGTGLVDEQFF	RFLYIIKLIF
CASSFGVEGAGELFF	RFLYIIKLIF
CASSVGLAGAETQYF	RFLYIIKLIF
CASSPQGNEQYF	RFLYIIKLIF
CSAGTEHEQSYAEAFF	RFLYIIKLIF
CASSLGAGPHTDTQYF	RFLYIIKLIF
CAGAGYEQYF	RFLYIIKLIF
CATSRDRAGGFPSTDTQYF	RFLYIIKLIF
CASSLEDRALNTEAFF	RFLYIIKLIF
CATTGTGYNEQFF	RFLYIIKLIF
CATSPERTSYEQFF	RFLYIIKLIF
CANGPGLAFNEQFF	RFLYIIKLIF
CSVRVPSYNEQFF	RFLYIIKLIF
CASSLAGTGLNTEAFF	RFLYIIKLIF
CASSPPAGAVGDEQFF	RFLYIIKLIF
CASSFSGLGGDTQYF	RFLYIIKLIF
CASSSLDRSYNEQFF	RFLYIIKLIF
CASSEQDRQETQYF	RFLYIIKLIF
CASSLGAGTSDTQYF	RFLYIIKLIF
CASSPDGLAGGWDTGELFF	RFLYIIKLIF
CASSGLIQSGRATDTQYF	RFLYIIKLIF
CASSQDPSYEQYF	RFLYIIKLIF
CASSEGVEQYF	RFLYIIKLIF
CASSLPSGTGPYEQYF	RFLYIIKLIF
CASSLGPQDPHHEQYF	RFLYIIKLIF
CASSPATPPNEQFF	RFLYIIKLIF
CASSQETGTTPYKSEAFF	RFLYIIKLIF
CSAREASSYNEQFF	RFLYIIKLIF
CASSLWGYNEQFF	RFLYIIKLIF
CASSWTVNQPQHF	RFLYIIKLIF
CASSPEGDSLIGGELFF	RFLYIIKLIF
CSAYYGNEYF	RFLYIIKLIF
CASSQEGVAVYNEQFF	RFLYIIKLIF
CASDNSGSYNEQFF	RFLYIIKLIF
CATSDPSGIYNEQFF	RFLYIIKLIF
CATTQSRVGSGQETQYF	RFLYIIKLIF
CATSDLEGIQETQYF	RFLYIIKLIF
CASSEGQGFGYTF	RFLYIIKLIF
CASGAGTGATNEKLFF	RFLYIIKLIF
CASSFGVGMNTEAFF	RFLYIIKLIF
CASSEDSYTEAFF	RFLYIIKLIF
CASSPQPYTGELFF	RFLYIIKLIF
CASSDGGAADTQYF	RFLYIIKLIF
CASSLSGELFF	RFLYIIKLIF
CSVEETYEQYF	RFLYIIKLIF
CASSPAGTLGTGELFF	RFLYIIKLIF
CASSLAAGTGSLNEQFF	RFLYIIKLIF
CSVVRDREFF	RFLYIIKLIF
CASSYAGLAVQYF	RFLYIIKLIF
CASSPYLADEQFF	RFLYIIKLIF
CASSFATTDTQYF	RFLYIIKLIF
RAGQGADTEAFF	RFLYIIKLIF
CSAIPGYEAFF	RFLYIIKLIF
CASSEPGQGSYEQYF	RFLYIIKLIF
CASSSIGGTEAFF	RFLYIIKLIF
CASSESVERLSYEQYF	RFLYIIKLIF
CSVTTLTENTGELFF	RFLYIIKLIF
CASSGIDLQETQYF	RFLYIIKLIF
CASSQDLLSNPNEQFF	RFLYIIKLIF
CASSDHGLEGTQYF	RFLYIIKLIF
CASSQPMERGGVGELFF	RFLYIIKLIF
CASSQDTSSTDTQYF	RFLYIIKLIF
CSVEVGELFF	RFLYIIKLIF
CSVVVLAGVQKLETQYF	RFLYIIKLIF
CASSFTSGRAPDTQYF	RFLYIIKLIF
CASSPEAWEGETQYF	RFLYIIKLIF
CASSQTGSTDTQYF	RFLYIIKLIF
CSARIPSYNEQFF	RFLYIIKLIF
CASSTGQAGSYEQYF	RFLYIIKLIF
CASSERYEQYF	RFLYIIKLIF
CASSEAFTYEQYF	RFLYIIKLIF
CASSLGTTGGLTDTQYF	RFLYIIKLIF
CASSLAKLAGQDEQYF	RFLYIIKLIF
CASSLVGGSYEQYF	RFLYIIKLIF
CASSPPTSGTLYEQFF	RFLYIIKLIF
CASSPTSGLATGELFF	RFLYIIKLIF
CASSLPGLAGGGYNEQFF	RFLYIIKLIF
CASSTGGTGTYEQYF	RFLYIIKLIF
CATSRDRVTGELFF	RFLYIIKLIF
CASSRDLGGNTIYF	RFLYIIKLIF
CASSPSVGEKLFF	RFLYIIKLIF
CASSTQGDTEAFF	RFLYIIKLIF
CSVAGQGIGLLEQYF	RFLYIIKLIF
CSARDGLLQETQYF	RFLYIIKLIF
CAVRRLRYEQYF	RFLYIIKLIF
CASSLMVRRDGNQPQHF	RFLYIIKLIF
CASSITGGLSTDTQYF	RFLYIIKLIF
CATSDSRQVYNEQFF	RFLYIIKLIF
CASSSPGTGVVEQYF	RFLYIIKLIF
CSAFFTGELFF	RFLYIIKLIF
CASSYAGLSEAFF	RFLYIIKLIF
CASSFSLPGTNSPLHF	RFLYIIKLIF
CASSSPRQGVYEQYF	RFLYIIKLIF
CATSRDRAQPQHF	RFLYIIKLIF
CATSLARTNEQFF	RFLYIIKLIF
CATSPTRLENEQFF	RFLYIIKLIF
CASSLAGLAGPEQFF	RFLYIIKLIF
CASIQSGRGFETQYF	RFLYIIKLIF
CASSGQNSDTQYF	RFLYIIKLIF
CASERSPMAYTF	RFLYIIKLIF
CASSSGRSSSYEQYF	RFLYIIKLIF
CASSVDSAEPQHF	RFLYIIKLIF
CSAPQGYEQFF	RFLYIIKLIF
CASSLGTETQYF	RFLYIIKLIF
CSALDGSSYEQYF	RFLYIIKLIF
CASSQSGGTEAFF	RFLYIIKLIF
CASSSGQGGSKNTEAFF	RFLYIIKLIF
CASSWPLGQGAVSDTEAFF	RFLYIIKLIF
CASTPKGAGPSYNEQFF	RFLYIIKLIF
CASSLAGNGQNTEAFF	RFLYIIKLIF
CASSFGRGITNTGELFF	RFLYIIKLIF
CASSLAPGNWGAGELFF	RFLYIIKLIF
CASSLVGGLGIGDQPQHF	RFLYIIKLIF
CASSLSDAYEQYF	RFLYIIKLIF
CASSLVRTGADTGELFF	RFLYIIKLIF
CASSFGGSSYTEAFF	RFLYIIKLIF
CASSTGDRGSYEQYF	RFLYIIKLIF
CASSQGGLAGGPRDDIQYF	RFLYIIKLIF
CASSLAGDTQYF	RFLYIIKLIF
CASSDQRLAGGLGTDTQYF	RFLYIIKLIF
CASSQDRDRNF	RFLYIIKLIF
CASSEYTHEQFF	RFLYIIKLIF
CASSQEEGLELFF	RFLYIIKLIF
CASSSGQDPTYEQYF	RFLYIIKLIF
CASSLSDYSNQPQHF	RFLYIIKLIF
CATSGLESAKETQYF	RFLYIIKLIF
CSARLAGDTGELFF	RFLYIIKLIF
CASSLAGPDRDGQYF	RFLYIIKLIF
CTSSQEASGRSTNIQYF	RFLYIIKLIF
CASSSGQPNEQFF	RFLYIIKLIF
CASSLYGTSGGQETQYF	RFLYIIKLIF
CASTKDGLAETQYF	RFLYIIKLIF
CASSPQWDPDSYEQYF	RFLYIIKLIF
CASSGDTYEQYF	RFLYIIKLIF
CASSQDLGTYSYEQYF	RFLYIIKLIF
CASSPLGQTYQETQYF	RFLYIIKLIF
CASVGVAAFF	RFLYIIKLIF
CASSYSGYNTEAFF	RFLYIIKLIF
CASVLTGELFF	RFLYIIKLIF
CASSLAGPNLLDEQFF	RFLYIIKLIF
CSVEAEDRIDNYGYTF	RFLYIIKLIF
CASSFYGVPPQHF	RFLYIIKLIF
CASNGGPVDEQYF	RFLYIIKLIF
CASSLPLMEGAYQYGYTF	RFLYIIKLIF
CASSPHGTGGYEQYF	RFLYIIKLIF
CASSLYGTSGSYEQYF	RFLYIIKLIF
CASSGSLDSYNSPLHF	RFLYIIKLIF
CASSQDPPGGVIHYEQYF	RFLYIIKLIF
CASSPLGQLATNEKLFF	RFLYIIKLIF
CASSYNLNTEAFF	RFLYIIKLIF
CASTSGMSSYEQYF	RFLYIIKLIF
CASSYGLAESYEQYF	RFLYIIKLIF
CASSLVGVGHTDTQYF	RFLYIIKLIF
CSAPHDSGELFF	RFLYIIKLIF
CASSPGLAGLSSYNEQFF	RFLYIIKLIF
CASRAFSIYTEAFF	RFLYIIKLIF
CASQGNSLVLHF	RFLYIIKLIF
CASTTASGGEQFF	RFLYIIKLIF
CASSSGAGGTYEQYF	RFLYIIKLIF
CASSQDADTQYF	RFLYIIKLIF
CASHLGSSHNEQFF	RFLYIIKLIF
CSVVLPNQPQHF	RFLYIIKLIF
CASSPQGATAYNSPLHF	RFLYIIKLIF
CASSEGAVGQGNFLLYEQYF	RFLYIIKLIF
CASKLADGDNEQFF	RFLYIIKLIF
CASSRTGSSTDTQYF	RFLYIIKLIF
CSALLFRTTSYEQYF	RFLYIIKLIF
CATSRDTLAGGFYEQYF	RFLYIIKLIF
CASSPTGATNEKLFF	RFLYIIKLIF
SRGAIENNEQFF	RFLYIIKLIF
CASSLAGQGVTTEAFF	RFLYIIKLIF
CATSEPDRRVGTQYF	RFLYIIKLIF
CASSQDFGNTEAFF	RFLYIIKLIF
CATSGGEAQINEQFF	RFLYIIKLIF
CASSSIPGVEGYTF	RFLYIIKLIF
CASSTPRTSGNDEQYF	RFLYIIKLIF
CASSLPQGAGPPDTQYF	RFLYIIKLIF
CASSPNTFHYSTGELFF	RFLYIIKLIF
CASNEQASNQPQHF	RFLYIIKLIF
CASSLAGFGLNTEAFF	RFLYIIKLIF
CSVALDPGETQYF	RFLYIIKLIF
CASSQNLGELPYGYTF	RFLYIIKLIF
CASSRGLEILSSYNEQFF	RFLYIIKLIF
CASSSGASGSYEQYF	RFLYIIKLIF
CSARLPSYNEQFF	RFLYIIKLIF
CATSRDRAATPINGYTF	RFLYIIKLIF
CASTGAYEQYF	RFLYIIKLIF
CASSSGMGIDSPLHF	RFLYIIKLIF
CASSQDGSDTQYF	RFLYIIKLIF
CASSLSLLAGGNEQFF	RFLYIIKLIF
CASSLRQAEYENYGYTF	RFLYIIKLIF
CAWRKGLAGGETYNEQFF	RFLYIIKLIF
CASSLAGTTNTGELFF	RFLYIIKLIF
CASSTLTPGSSYNEQFF	RFLYIIKLIF
CSVVFAGAPEAFF	RFLYIIKLIF
CASSEPDRQFNYGYTF	RFLYIIKLIF
CASSPDIQEGASETQYF	RFLYIIKLIF
CASSRGLAWDTEAFF	RFLYIIKLIF
CASSPVGEQYF	RFLYIIKLIF
CASSLGYGTEAFF	RFLYIIKLIF
CASSYIPMNTGELFF	RFLYIIKLIF
CASSLYWGSSTEAFF	RFLYIIKLIF
CASSSGQGAEQYF	RFLYIIKLIF
CASSPGGELFF	RFLYIIKLIF
CASSLAGLGENTEAFF	RFLYIIKLIF
CASSSYTEAFF	RFLYIIKLIF
CASSLDVDTQYF	RFLYIIKLIF
CSDMGPRTYEQYF	RFLYIIKLIF
CAARGWDYGYTF	RFLYIIKLIF
CASGFGWGGSTDTQYF	RFLYIIKLIF
CASSSTGTSGRVGTQYF	RFLYIIKLIF
CASSEDTYITEAFF	RFLYIIKLIF
CASSSYTGDLYNEQFF	RFLYIIKLIF
CASSSPRGAVGNEQFF	RFLYIIKLIF
CATSRARADTEAFF	RFLYIIKLIF
CASSLGLSPPDTQYF	RFLYIIKLIF
CASSQESDSGGALIWGTDTQYF	RFLYIIKLIF
CASSLEAHAYEQYF	RFLYIIKLIF
CASNTEAFF	RFLYIIKLIF
CASKFLNGEQYF	RFLYIIKLIF
CASTVPLADTQYF	RFLYIIKLIF
CASSRQGGIEPQHF	RFLYIIKLIF
CSATSGWEDEQFF	RFLYIIKLIF
CASSQEIGVTVGSYNSPLHF	RFLYIIKLIF
CASSPPTQPQHF	RFLYIIKLIF
CASSQQGSAYGYTF	RFLYIIKLIF
CASSTGLRSYEQYF	RFLYIIKLIF
CASSPGAVSEQYF	RFLYIIKLIF
CASSQDSPETFF	RFLYIIKLIF
CASSTPGGSSTDTQYF	RFLYIIKLIF
CASSLTGTGPTNEKLFF	RFLYIIKLIF
CASIGGAAGSYEQYF	RFLYIIKLIF
CASSQGVQINYEQYF	RFLYIIKLIF
CASSIPGATLYEQYF	RFLYIIKLIF
CASSLTGQGYNEQFF	RFLYIIKLIF
CASSLSIAEGFNEQFF	RFLYIIKLIF
CASSATAGFNQPQHF	RFLYIIKLIF
CASSLGLAGSQETQYF	RFLYIIKLIF
CASSQAVIAGVSYNEQFF	RFLYIIKLIF
CASSSGQGGYIQYF	RFLYIIKLIF
CSVGKEGTGAFF	RFLYIIKLIF
CASSLAGGDEQYF	RFLYIIKLIF
CASSKAAGTGPQPQHF	RFLYIIKLIF
CASSQERPGEQFF	RFLYIIKLIF
CASSPQTGLDTEAFF	RFLYIIKLIF
CASRSSMLVGGYEQYF	RFLYIIKLIF
CASSSGTGPYEQYF	RFLYIIKLIF
CASSLDQSYEQYF	RFLYIIKLIF
CASGASGELFF	RFLYIIKLIF
CATSKQRAGGNGYTF	RFLYIIKLIF
CASSAQTGDQETQYF	RFLYIIKLIF
CASSLAGPGQFF	RFLYIIKLIF
CASSIPPAGGNDEQFF	RFLYIIKLIF
CASSQEGDSYNTEAFF	RFLYIIKLIF
CASGQGHGGSPLHF	RFLYIIKLIF
CASSSPSTGGFHEQYF	RFLYIIKLIF
CASSRTSPSSYEQYF	RFLYIIKLIF
CASSLPGAGAAEDTQYF	RFLYIIKLIF
CASSQDLVDTQYF	RFLYIIKLIF
CASSTIRTTYYEQYF	RFLYIIKLIF
CASSYRQGITGELFF	RFLYIIKLIF
CASTLRQAGETGELFF	RFLYIIKLIF
CATSEPGTGNLEQFF	RFLYIIKLIF
CASRNRLGSFF	RFLYIIKLIF
CASSTGTGGSYEQYF	RFLYIIKLIF
CATSRERARDTQYF	RFLYIIKLIF
CSARLPTYNEQFF	RFLYIIKLIF
CSASAVEGLAGETQYF	RFLYIIKLIF
CASSLGQEQFF	RFLYIIKLIF
CAWSHNEQFF	RFLYIIKLIF
CAWSALRDRADEQYF	RFLYIIKLIF
CASSLPIVGLAGSRTDTQYF	RFLYIIKLIF
CASSFGDSNTEAFF	RFLYIIKLIF
CASSLAPGLSVSSYNEQFF	RFLYIIKLIF
CASSPFPGLAGGLGNEQFF	RFLYIIKLIF
CASSSEGQGDYGYTF	RFLYIIKLIF
CASSSIGETQYF	RFLYIIKLIF
CASSEISLASEQYF	RFLYIIKLIF
CASSSGVNYNEQFF	RFLYIIKLIF
CASSPSLSSYEQYF	RFLYIIKLIF
CASSQDLLVFEGALNTEAFF	RFLYIIKLIF
CASSEVAGQSQPQHF	RFLYIIKLIF
CASSPGNTGELFF	RFLYIIKLIF
CSVEVARGGYNEQFF	RFLYIIKLIF
CASYNGQGMRYYEQYF	RFLYIIKLIF
CASSTGDRGLYEAFF	RFLYIIKLIF
CSVRTPTKNIQYF	RFLYIIKLIF
CASSYLGDYTEAFF	RFLYIIKLIF
CASTLGEGEQFF	RFLYIIKLIF
CASSFPQGAQETQYF	RFLYIIKLIF
CATVGGANVLTF	RFLYIIKLIF
CASSLWGLAGGDTQYF	RFLYIIKLIF
CASSPGNEQFF	RFLYIIKLIF
CSVEGWGLTNYGYTF	RFLYIIKLIF
CASSYTGPNPQETQYF	RFLYIIKLIF
CASSLVGGASDTQYF	RFLYIIKLIF
CASSEVVPGQTNTEAFF	RFLYIIKLIF
CSVDRHGELFF	RFLYIIKLIF
CASSTQQDRESSYEQYF	RFLYIIKLIF
CASSGTSGVSSYNEQFF	RFLYIIKLIF
CASSSGASPQHF	RFLYIIKLIF
CASSPPDGADREGLGYGYTF	RFLYIIKLIF
CASSWTGFDEETQYF	RFLYIIKLIF
CASSQVVSGMGDEQYF	RFLYIIKLIF
CASSYMALNTEAFF	RFLYIIKLIF
CATSRARLAADNEQFF	RFLYIIKLIF
CASSSGRSSYEQYF	RFLYIIKLIF
CASSLHGWLTDTQYF	RFLYIIKLIF
CASSEVSRQMQETQYF	RFLYIIKLIF
CASSSSGFTEAFF	RFLYIIKLIF
CASSYGGSGYGYTF	RFLYIIKLIF
CASSLALTVLFYEQYF	RFLYIIKLIF
CASLSYNEQFF	RFLYIIKLIF
CASSATGSTDTQYF	RFLYIIKLIF
CSARSYEQYF	RFLYIIKLIF
CATSRARTQETQYF	RFLYIIKLIF
CASSQDGFTDTQYF	RFLYIIKLIF
CASSEGVSNQPQHF	RFLYIIKLIF
CSADGTSVYEQFF	RFLYIIKLIF
CASSQDGTLNEQFF	RFLYIIKLIF
CSVQTGLDEAFF	RFLYIIKLIF
CASSLEQTSYEQYF	RFLYIIKLIF
CASSPGLAGGPFYNEQFF	RFLYIIKLIF
CASSQTSGSLDTQYF	RFLYIIKLIF
CASSFDGVTKQGTDTQYF	RFLYIIKLIF
CASSLSFRGTNEKLFF	RFLYIIKLIF
CASSLGTGGGEQYF	RFLYIIKLIF
CSAPNGQAYEQYF	RFLYIIKLIF
CASSKVIRNIDTQYF	RFLYIIKLIF
CASSPASLAKNIQYF	RFLYIIKLIF
CAIRDQEGYETQYF	RFLYIIKLIF
CASSLAGEDYQETQYF	RFLYIIKLIF
CASSPAGQGPSYEQYF	RFLYIIKLIF
CATGQGRTDTQYF	RFLYIIKLIF
CSARDWTDYNEQFF	RFLYIIKLIF
CASSDQLDTQYF	RFLYIIKLIF
CASSQDRGSGGSSYNEQFF	RFLYIIKLIF
CASSTSGNTEAFF	RFLYIIKLIF
CASSHTTGTSGVGTQYF	RFLYIIKLIF
CASSSADRIGQPQHF	RFLYIIKLIF
CASSQLDTNTGELFF	RFLYIIKLIF
CSARVPSYNEQFF	RFLYIIKLIF
CASRGPATNEKLFF	RFLYIIKLIF
CASSYGETQYF	RFLYIIKLIF
CASSSQLLALTHEQYF	RFLYIIKLIF
CASSLSGLPGVNEQFF	RFLYIIKLIF
CASSFIGLAGSRNEQFF	RFLYIIKLIF
CSAMGGQPLRDTQYF	RFLYIIKLIF
CSASTGYYNEQFF	RFLYIIKLIF
CASSTGQGTNTGELFF	RFLYIIKLIF
CATSALDYEQYF	RFLYIIKLIF
CASSPTGQGNLYEQYF	RFLYIIKLIF
CATSRDRVGSPLHF	RFLYIIKLIF
