CDR3	AA
CASSKPEGNEQFF	IVDTVSALV
CSAREGLNEQFF	IVDTVSALV
CASSGTIGTGFPGELFF	IVDTVSALV
CASSPWEGALTEAFF	IVDTVSALV
CASSSFGTGGAGELFF	IVDTVSALV
CASNGLAGVNTGELFF	IVDTVSALV
CASSVDWAATYNEQFF	IVDTVSALV
CASSVDWGRGYEQYF	IVDTVSALV
CSAFSGGENTGELFF	IVDTVSALV
CASMGLAGFNEQFF	IVDTVSALV
CASSYTADRGLAGELFF	IVDTVSALV
CSARDTGLAGPYSYNEQFF	IVDTVSALV
CASSELGLVTYEQYF	IVDTVSALV
CASSPLGFGGNTEAFF	IVDTVSALV
CASSYFAGWDEQFF	IVDTVSALV
CASSSLDSDNEQFF	IVDTVSALV
CASSPGGGVNTGELFF	IVDTVSALV
CSARGALVTQYF	IVDTVSALV
CASSDDRGPYEQYF	IVDTVSALV
CASSLGSGDANTEAFF	IVDTVSALV
CASSVGDNGGNTDTQYF	IVDTVSALV
CASSPYGTANQETQYF	IVDTVSALV
CASSVGQSSQETQYF	IVDTVSALV
CASSVGPEAAYNEQFF	IVDTVSALV
CASSYLGAGQPQHF	IVDTVSALV
CASSDREFGDTQYF	IVDTVSALV
