CDR3	AA
CASSHPPAGGSGANVLTF	LIVNSVLLFL
CASSSGPGSYNEQFF	LIVNSVLLFL
CSGYGQTGELFF	LIVNSVLLFL
CASSSLRDSSLF	LIVNSVLLFL
CASSEGPPLAGLYNEQFF	LIVNSVLLFL
CSASTTGFASNQPQHF	LIVNSVLLFL
CASSLAFAEGPWGNEQFF	LIVNSVLLFL
CSVVRVTGELFF	LIVNSVLLFL
CASSLSTWAFF	LIVNSVLLFL
CASSEFYPGQGYTGELFF	LIVNSVLLFL
CASSSGQGADTQYF	LIVNSVLLFL
CASSLRTDTQYF	LIVNSVLLFL
CASSAGDRTYEQYF	LIVNSVLLFL
CAQGGNEQFF	LIVNSVLLFL
CASSPYPTDTQYF	LIVNSVLLFL
CSAGETQYF	LIVNSVLLFL
CASSQSSGLAGDTQYF	LIVNSVLLFL
CASSQEGVLGDEQYF	LIVNSVLLFL
CASSLIFFEQFF	LIVNSVLLFL
CACISGANVLTF	LIVNSVLLFL
CASSPSTGTGELFF	LIVNSVLLFL
CASSLQGAGRAFF	LIVNSVLLFL
CASSFVGNIQYF	LIVNSVLLFL
CASSPSAGLADTQYF	LIVNSVLLFL
CSVEDQAGQGSYEQYF	LIVNSVLLFL
CASSLGGSSYNEQFF	LIVNSVLLFL
CSARTIGELFF	LIVNSVLLFL
CASSGGSEQYF	LIVNSVLLFL
CSVLDRDVNGYTF	LIVNSVLLFL
CASSQSWGMNTEAFF	LIVNSVLLFL
CASSEGTTGAIQYF	LIVNSVLLFL
CASSLTGEDTEAFF	LIVNSVLLFL
CASSFGGSSYEQYF	LIVNSVLLFL
CSAISSSGNLPFSDTQYF	LIVNSVLLFL
CASSVYEGSVNTGELFF	LIVNSVLLFL
CASSFGNQPQHF	LIVNSVLLFL
CSVDGNTGELFF	LIVNSVLLFL
CASSLTTGGNQPQHF	LIVNSVLLFL
CSAVRLAGKNIQYF	LIVNSVLLFL
CASSQGTGIGQFF	LIVNSVLLFL
CASSPAVQTYEQYF	LIVNSVLLFL
CASRGGASYTF	LIVNSVLLFL
CASSHRKDSNSYEQYF	LIVNSVLLFL
CASSPGPVYTF	LIVNSVLLFL
CASSQGGNTEAFF	LIVNSVLLFL
CASSPPIGSGYTF	LIVNSVLLFL
CSASRSTEAFF	LIVNSVLLFL
CSARDPVGNSFSGNTIYF	LIVNSVLLFL
CASSQEAGPYYEQYF	LIVNSVLLFL
CASRPETEDTGELFF	LIVNSVLLFL
CASRALADTYNEQFF	LIVNSVLLFL
CASSLFVHSSTDTQYF	LIVNSVLLFL
CSASWLAGGRYTDTQYF	LIVNSVLLFL
CASSPGTGIYNEQFF	LIVNSVLLFL
CSVDRQGRKDNYGYTF	LIVNSVLLFL
CSAGGVGVIQPQHF	LIVNSVLLFL
CASSFQRDLTEQPQHF	LIVNSVLLFL
CASSWGGLEQYF	LIVNSVLLFL
CASSDAGNEQFF	LIVNSVLLFL
CSAEGQDLSSYEQYF	LIVNSVLLFL
CASSSSASGAGDTQYF	LIVNSVLLFL
CASSPRSLGDYNEQFF	LIVNSVLLFL
CASSYSRTQYF	LIVNSVLLFL
CASSLSIPGALYEQYF	LIVNSVLLFL
CASLGGPSMNTEAFF	LIVNSVLLFL
CASSPRGQGYEQYF	LIVNSVLLFL
CSARDPEKLFF	LIVNSVLLFL
CASSSTPLPQETQYF	LIVNSVLLFL
CASSVGGVEQYF	LIVNSVLLFL
CASSLSGMWNEQFF	LIVNSVLLFL
CASSPGSLAGRDIQYF	LIVNSVLLFL
CASSLSRVANTGELFF	LIVNSVLLFL
CASSLSVGTEAFF	LIVNSVLLFL
CASRTFIASGGVAPYEQYF	LIVNSVLLFL
CATSTIPGQGPDTQYF	LIVNSVLLFL
CASSILGGSKNTEAFF	LIVNSVLLFL
CASTIPTGELFF	LIVNSVLLFL
CASSLWSREAFF	LIVNSVLLFL
CATSASGDYGYTF	LIVNSVLLFL
CASSFRGRSSYEQYF	LIVNSVLLFL
CSAHGAGMTYNEQFF	LIVNSVLLFL
CASSPKEGLASYEQYF	LIVNSVLLFL
CSATGTVTYEQYF	LIVNSVLLFL
CASSTGTGYTEAFF	LIVNSVLLFL
CASSPGTEAFF	LIVNSVLLFL
CASSEGSGTEAFF	LIVNSVLLFL
CASSPGPSSYNEQFF	LIVNSVLLFL
CASSFGSLNEQFF	LIVNSVLLFL
CSVEGGTGGSGYEQYF	LIVNSVLLFL
CASSSRRSEQFF	LIVNSVLLFL
CASSRGGSYNEQFF	LIVNSVLLFL
CASSWASQSGELFF	LIVNSVLLFL
CSASGTGVHEQYF	LIVNSVLLFL
CASSLTGARWETQYF	LIVNSVLLFL
CASSLGEGSYEQYF	LIVNSVLLFL
CASVPFGLKVDEQFF	LIVNSVLLFL
CASSSGQGLFEQYF	LIVNSVLLFL
CASSEGSGGELFF	LIVNSVLLFL
CAWTEVYGYTF	LIVNSVLLFL
CASSDLAGHNEQFF	LIVNSVLLFL
CASSLAGAGEQYF	LIVNSVLLFL
CASSGTGAGETQYF	LIVNSVLLFL
CSAVYSGGYEQYF	LIVNSVLLFL
CASSTIHTRSPYEQYF	LIVNSVLLFL
CASNLEAFF	LIVNSVLLFL
CASSAENTGELFF	LIVNSVLLFL
CATSSRDRVYEQYF	LIVNSVLLFL
CASSFRGQLYEQYF	LIVNSVLLFL
CASSPGGGNEQFF	LIVNSVLLFL
CASSLAGIQYF	LIVNSVLLFL
CASSQEGQGDPSSRPQHF	LIVNSVLLFL
CASSPPVSGELFF	LIVNSVLLFL
CASSSKYNEQFF	LIVNSVLLFL
CASTLVGASGYTF	LIVNSVLLFL
CAWGFLPGQGEEKLFF	LIVNSVLLFL
CASSQDPGLAYNEQFF	LIVNSVLLFL
CASSPPSESYEQYF	LIVNSVLLFL
CATSVRDRVETQYF	LIVNSVLLFL
CASSPLGGNWGNEQFF	LIVNSVLLFL
CASSFLGRNIEQFF	LIVNSVLLFL
CASSLAGQGGIQYF	LIVNSVLLFL
CASSLSGPYGYTF	LIVNSVLLFL
CASGSGQGTSGYNEQFF	LIVNSVLLFL
CSVERQGAGYGYTF	LIVNSVLLFL
CSGLGPEGKNTEAFF	LIVNSVLLFL
CASSLAGSYNEQFF	LIVNSVLLFL
CASSQLDRGSAGELFF	LIVNSVLLFL
CSVEDPGSPLQETQYF	LIVNSVLLFL
CASVRSAGANVLTF	LIVNSVLLFL
CASSEGGGSYEQYF	LIVNSVLLFL
CASSITGGDGRGDGYTF	LIVNSVLLFL
CASSQAMTGLEAFF	LIVNSVLLFL
CASSGVGGTQYF	LIVNSVLLFL
CASGSDRGSGSPLHF	LIVNSVLLFL
CASSYWVHSNQPQHF	LIVNSVLLFL
CASSTELTRDRVYNSPLHF	LIVNSVLLFL
CASSPRANEQFF	LIVNSVLLFL
CAYQSGGEQYF	LIVNSVLLFL
CASSPGINEQFF	LIVNSVLLFL
CASVTGAGELFF	LIVNSVLLFL
CASTLGQSYGYTF	LIVNSVLLFL
CAAPGQRNTIYF	LIVNSVLLFL
CASSPRDTVLETQYF	LIVNSVLLFL
CASSSPGVSSYEQYF	LIVNSVLLFL
CASSSLDSYEQYF	LIVNSVLLFL
CASLSGDQETQYF	LIVNSVLLFL
CASSLEGNEQFF	LIVNSVLLFL
CAAERTGSGEQFF	LIVNSVLLFL
CASSYTGTGTTW	LIVNSVLLFL
CASSPSEGGPNEKLFF	LIVNSVLLFL
CASSPPGGAKLFF	LIVNSVLLFL
CSAGEQFF	LIVNSVLLFL
CASSLQGGNQPQHF	LIVNSVLLFL
CAISESEGDNEQFF	LIVNSVLLFL
CSAREAPGVEGYTF	LIVNSVLLFL
CSANPIGLAGGRGNIQYF	LIVNSVLLFL
CATSDLGQAQYF	LIVNSVLLFL
CASSQFPGQGGTGELFF	LIVNSVLLFL
CASSLWGNTDTQYF	LIVNSVLLFL
CASLSVNTEAFF	LIVNSVLLFL
CASSSTGPWAFF	LIVNSVLLFL
CSAGRGAPEAFF	LIVNSVLLFL
CASSQDPQALNEQFF	LIVNSVLLFL
CASSFTGVNSPLHF	LIVNSVLLFL
CSVVGLDTDTQYF	LIVNSVLLFL
CSVDLGNYEQYF	LIVNSVLLFL
CASSQDGLEQFF	LIVNSVLLFL
CASSLGQGSEAFF	LIVNSVLLFL
CASSEVGTGYNEQFF	LIVNSVLLFL
CASSPQGGFLEKEKNIQYF	LIVNSVLLFL
CASSPVGTSGFEQFF	LIVNSVLLFL
CASSSGRSLAGYQETQYF	LIVNSVLLFL
CASSRVGQGQNEQFF	LIVNSVLLFL
CASSQVESGDNEQFF	LIVNSVLLFL
CASSKCPGTGANVLTF	LIVNSVLLFL
CSAKASSGLNNEQFF	LIVNSVLLFL
CSARDIGEQFF	LIVNSVLLFL
CSVFGTDPNQPQHF	LIVNSVLLFL
CASSLIGGSYEQYF	LIVNSVLLFL
CSARADDLTKQYF	LIVNSVLLFL
CASSPEGGLYYGYTF	LIVNSVLLFL
CAISGGLAGNTDTQYF	LIVNSVLLFL
CASSPGTDTQYF	LIVNSVLLFL
CSATGTVYNEQFF	LIVNSVLLFL
CSVGSPTSSYNEQFF	LIVNSVLLFL
CASSAQGASSYEQYF	LIVNSVLLFL
CASSLSVGTEQYF	LIVNSVLLFL
CATSRVERSSYEQYF	LIVNSVLLFL
CASSSQREGGETQYF	LIVNSVLLFL
CASSSSDRGELFF	LIVNSVLLFL
CASSLSIGDTQYF	LIVNSVLLFL
CASRLEGGSQPYNEQFF	LIVNSVLLFL
CASSPVRSNQPQHF	LIVNSVLLFL
CAWSPLPGQGGLSAGNTIYF	LIVNSVLLFL
CASRGTGGINEQFF	LIVNSVLLFL
CSVEDLTGRASYEQYF	LIVNSVLLFL
CASRGLAGDLSADTQYF	LIVNSVLLFL
CASSQYRETYEQYF	LIVNSVLLFL
CASSLADSNQPQHF	LIVNSVLLFL
CASSLPLSGTSSSDTQYF	LIVNSVLLFL
CATSSRDSTYEQYF	LIVNSVLLFL
CSASLPSNEQFF	LIVNSVLLFL
CSAREQTNTGELFF	LIVNSVLLFL
CASSQVSANNEQFF	LIVNSVLLFL
CASSLSGNEQFF	LIVNSVLLFL
CASSFTAGNLPETQYF	LIVNSVLLFL
CASSFGYEQYF	LIVNSVLLFL
CASRGRNGGELFF	LIVNSVLLFL
CASGPYEQYF	LIVNSVLLFL
CASSQDKLDGTGENEQYF	LIVNSVLLFL
CASSSLSGPYNEQFF	LIVNSVLLFL
CASRGTGDTGELFF	LIVNSVLLFL
CASSLVGTSLDTQYF	LIVNSVLLFL
CSVEFGTQYF	LIVNSVLLFL
CSVASGPGQPQHF	LIVNSVLLFL
CASSAQPWTEGDEQFF	LIVNSVLLFL
CASSLAGGPQNIQYF	LIVNSVLLFL
CASSLPSGVGWDTQYF	LIVNSVLLFL
CASKGSLIAFF	LIVNSVLLFL
CSARDFGMTDTQYF	LIVNSVLLFL
CASTPLMDMADTEAFF	LIVNSVLLFL
CSARDPTGEQYF	LIVNSVLLFL
CASSYGGFGYEQYF	LIVNSVLLFL
CASGSSYNEQFF	LIVNSVLLFL
CSVEVPGQGDNEQFF	LIVNSVLLFL
CASSQDRLGVTEQFF	LIVNSVLLFL
CASSLRREETNF	LIVNSVLLFL
CASSFRRGGDEQFF	LIVNSVLLFL
CASSVAGKETQYF	LIVNSVLLFL
CSVPGQGIGTGELFF	LIVNSVLLFL
CSVPGQGDGYTF	LIVNSVLLFL
CASSSSLDEQFF	LIVNSVLLFL
CSVEIGEQFF	LIVNSVLLFL
CASSPPRGAGGDNEQFF	LIVNSVLLFL
CASSEGGAPLPGPQRVYNEQFF	LIVNSVLLFL
CASSSPRLAGRNDGELFF	LIVNSVLLFL
CASSLGLVAEETQYF	LIVNSVLLFL
CASSVSGVAYEQYF	LIVNSVLLFL
CASSQRINEQFF	LIVNSVLLFL
CASSFSGTNEQFF	LIVNSVLLFL
CASSGTWGQSQETQYF	LIVNSVLLFL
CACYGNYGYTF	LIVNSVLLFL
CASSLLTGEYLYEQYF	LIVNSVLLFL
CASSQMGVNEQFF	LIVNSVLLFL
CASRTITFNQPQHF	LIVNSVLLFL
CASSFYPGNNEQFF	LIVNSVLLFL
CASSRLGNEQFF	LIVNSVLLFL
CATSDLPQETQYF	LIVNSVLLFL
CASSLSSVTDTQYF	LIVNSVLLFL
CASSWTGTEAFF	LIVNSVLLFL
CASQGGIETQYF	LIVNSVLLFL
CSVVDSHGYTF	LIVNSVLLFL
CASSWAGNEQYF	LIVNSVLLFL
CASGTVNTGELFF	LIVNSVLLFL
CAWGEAKYF	LIVNSVLLFL
CAWPRSGSSEQFF	LIVNSVLLFL
CASSLDGTTDTQYF	LIVNSVLLFL
CSVAGGDTGELFF	LIVNSVLLFL
CASSVTGTTEAFF	LIVNSVLLFL
CASSPLAGVDEQFF	LIVNSVLLFL
CASSPDSQFYEQYF	LIVNSVLLFL
CASSLNMETEAFF	LIVNSVLLFL
CASSYTFRGLPYEQYF	LIVNSVLLFL
CSVGDGGGEAFF	LIVNSVLLFL
CASSLAPSGGSTDTQYF	LIVNSVLLFL
CASSENSYEQYF	LIVNSVLLFL
CSASGGAVWGNQPQHF	LIVNSVLLFL
CASRPAPFAGLNEQYF	LIVNSVLLFL
CASSFGQGYYNEQFF	LIVNSVLLFL
CSVEGLPGRETQYF	LIVNSVLLFL
CSARGLAFNEQFF	LIVNSVLLFL
CASTESGGASTEAFF	LIVNSVLLFL
CASGGINSGEQYF	LIVNSVLLFL
CASSLGQGTEAFF	LIVNSVLLFL
CASSFRNTGELFF	LIVNSVLLFL
CASSLEGFTGELFF	LIVNSVLLFL
CASSFTGTEAFF	LIVNSVLLFL
CASSTGSGTWETQYF	LIVNSVLLFL
CAWTDGRKYF	LIVNSVLLFL
CASSLVTGELFF	LIVNSVLLFL
CASSVGGSSQETQYF	LIVNSVLLFL
CSITSLLGYEQYF	LIVNSVLLFL
CASSFLPGEVSGGELFF	LIVNSVLLFL
CARGGSGELFF	LIVNSVLLFL
CASSINMVTGGGYEQFF	LIVNSVLLFL
CASSLEPYNEQFF	LIVNSVLLFL
CATFTLAGVVETQYF	LIVNSVLLFL
CASRWGGNEQFF	LIVNSVLLFL
CSAATPYEQYF	LIVNSVLLFL
CASSQVLGSIQETQYF	LIVNSVLLFL
CASSLMGTSGYEQYF	LIVNSVLLFL
CASSREAPLNYGYTF	LIVNSVLLFL
CASSHSQSNEQYF	LIVNSVLLFL
CSGQGVNQPQHF	LIVNSVLLFL
CASSLRVDEQFF	LIVNSVLLFL
CASSSGTGGWEEQYF	LIVNSVLLFL
CASRPGQGSGELFF	LIVNSVLLFL
CATSETPGQGLSGANVLTF	LIVNSVLLFL
CASSLVGQGYEQYF	LIVNSVLLFL
CASSSQYDRALLNTEAFF	LIVNSVLLFL
CSASGSYEQYF	LIVNSVLLFL
CSAFRQDDSNQPQHF	LIVNSVLLFL
CASSLQGVTDTQYF	LIVNSVLLFL
CASSFSGTGIKETQYF	LIVNSVLLFL
CASPTSDSYNEQFF	LIVNSVLLFL
CASSFGPTDRYF	LIVNSVLLFL
CSARDLLAGAPIYTDTQYF	LIVNSVLLFL
CSVGGLGETQYF	LIVNSVLLFL
CASSFSLAGGTGELFF	LIVNSVLLFL
CASSLGLTGELFF	LIVNSVLLFL
CASSQGEGVNEQFF	LIVNSVLLFL
CSALPVAGIAKNIQYF	LIVNSVLLFL
CSASDSLNTEAFF	LIVNSVLLFL
CASSLGQGLGNTYEQYF	LIVNSVLLFL
CASSQETGAGEKLFF	LIVNSVLLFL
CASSQTYEQYF	LIVNSVLLFL
CASSWTRRGYEQYF	LIVNSVLLFL
CASSVASVGNTGELFF	LIVNSVLLFL
CASSLGEQYF	LIVNSVLLFL
CASSFAGVTYEQYF	LIVNSVLLFL
CASSIIAGVSGANVLTF	LIVNSVLLFL
CASSQEGGPDTQYF	LIVNSVLLFL
CSATNIGQPQHF	LIVNSVLLFL
CSAPGQQPHQPQHF	LIVNSVLLFL
CASGSDSFQPQHF	LIVNSVLLFL
CASSPGGTYEQYF	LIVNSVLLFL
CSVEDETSGSSYEQYF	LIVNSVLLFL
CSARDLIGLSGNTIYF	LIVNSVLLFL
CASSPLTGELFF	LIVNSVLLFL
CSVITGTKYGYTF	LIVNSVLLFL
CASSSIGGIQPQHF	LIVNSVLLFL
CASSLVGDAVEAFF	LIVNSVLLFL
CASSLAGPGELFF	LIVNSVLLFL
CASSQVGLGVHEQFF	LIVNSVLLFL
CASTVRAQTSDTQYF	LIVNSVLLFL
CASTSPRGSGELFF	LIVNSVLLFL
CASSTKGRTNTGELFF	LIVNSVLLFL
CASTPGLAGGSSYNEQFF	LIVNSVLLFL
CASGTVWQGAHHTGELFF	LIVNSVLLFL
CASSPTGLAEQFF	LIVNSVLLFL
CASSLGPRGGSYEQYF	LIVNSVLLFL
CASSLSIGWAGTAGTQYF	LIVNSVLLFL
CASRGLAGTADTQYF	LIVNSVLLFL
CASSSTGPGELFF	LIVNSVLLFL
CSALGQGPNEQYF	LIVNSVLLFL
CASSFAVGTEAFF	LIVNSVLLFL
CASTTFGQGALDTEAFF	LIVNSVLLFL
CASSSLPGQGASGAYEQYF	LIVNSVLLFL
CASSPLTARGGFDTF	LIVNSVLLFL
CSVIQGWNTEAFF	LIVNSVLLFL
CASSQELGAGELFF	LIVNSVLLFL
CASSLLAGAGEQYF	LIVNSVLLFL
CASSYVGGNQPQHF	LIVNSVLLFL
CASSPSNEQFF	LIVNSVLLFL
CSVDTGSNTYEQYF	LIVNSVLLFL
CASSQDLTGNQPQHF	LIVNSVLLFL
CASSLQEGNEQFF	LIVNSVLLFL
CASSLAGGHTGELFF	LIVNSVLLFL
CSVDSVGYNNEQFF	LIVNSVLLFL
CASSPRDLVYEQYF	LIVNSVLLFL
CASSYGLGSGYTF	LIVNSVLLFL
CASALTGVPTDTQYF	LIVNSVLLFL
CSVLDRDGTEAFF	LIVNSVLLFL
CASSPLAGDSYNEQFF	LIVNSVLLFL
CASSPAGQGIYYGYTF	LIVNSVLLFL
CASTAPGAAHEQFF	LIVNSVLLFL
CASSPRLTSESPYEQYF	LIVNSVLLFL
CATDTQYF	LIVNSVLLFL
CSAAPRGSYEQYF	LIVNSVLLFL
CASSLWGLAASSYNEQFF	LIVNSVLLFL
CASDLGSQPQQFF	LIVNSVLLFL
CAWTVGNNQYF	LIVNSVLLFL
CASSPFQIAGSYEQYF	LIVNSVLLFL
CASGPGLAGVYGEQFF	LIVNSVLLFL
CASSSPPWNTGELFF	LIVNSVLLFL
IGGVEETQYF	LIVNSVLLFL
CASSLMGAFETQYF	LIVNSVLLFL
CASSLGSHPFSGANVLTF	LIVNSVLLFL
CASSHGGNTEAFF	LIVNSVLLFL
CSASSGTESNQPQHF	LIVNSVLLFL
CASSQDTRTYEQYF	LIVNSVLLFL
CASSLRVISNEQFF	LIVNSVLLFL
CASSLTVSGSTGELFF	LIVNSVLLFL
CASSPLGTSGPEQYF	LIVNSVLLFL
CSASRINQPQHF	LIVNSVLLFL
CASSLGVLETQYF	LIVNSVLLFL
CSVDGTGVGTGELFF	LIVNSVLLFL
CASLGLWGQYGYTF	LIVNSVLLFL
CASSTTGNEQFF	LIVNSVLLFL
CASSPLGTASFSDTQYF	LIVNSVLLFL
CASSLSVNEQFF	LIVNSVLLFL
CASSLFGRDYEQYF	LIVNSVLLFL
CASSLDRYQGVTYEQYF	LIVNSVLLFL
CSVGLGGAEAFF	LIVNSVLLFL
CATSGGEYNEQFF	LIVNSVLLFL
CASGLGIAGASLDEQFF	LIVNSVLLFL
CASSISGTGASNEQFF	LIVNSVLLFL
CASSQEQGAQPQHF	LIVNSVLLFL
CASMRGTYEQYF	LIVNSVLLFL
CASSGGHLSTYMNTEAFF	LIVNSVLLFL
CASSWGAGGEQYF	LIVNSVLLFL
CASSLSAYEQFF	LIVNSVLLFL
CSAPDSWRGDQPQHF	LIVNSVLLFL
CASSLGRTGELFF	LIVNSVLLFL
CASVGADQETQYF	LIVNSVLLFL
CASSFSKGLSFF	LIVNSVLLFL
CSAWLMSGATRSTDTQYF	LIVNSVLLFL
CSASGTHPGQPQHF	LIVNSVLLFL
CASSDYPGQAEHTGELFF	LIVNSVLLFL
CSAGGQGGFNTEAFF	LIVNSVLLFL
CASSEMDRAYEQYF	LIVNSVLLFL
CSVTAEGLAVSSTDTQYF	LIVNSVLLFL
CSVGARSPSSGGYTF	LIVNSVLLFL
CASSQAPGSYEQYF	LIVNSVLLFL
CASSQALGAAYGYTF	LIVNSVLLFL
CASSYAGVGGELFF	LIVNSVLLFL
CASSDLVQGFGNEQFF	LIVNSVLLFL
CASIPGQGLETQYF	LIVNSVLLFL
CSVLRRDRAYNEQFF	LIVNSVLLFL
CASSSGGKTQYF	LIVNSVLLFL
CASSLLWRGDPDTQYF	LIVNSVLLFL
CASSLQGGEKLFF	LIVNSVLLFL
CASSPWTGGYEQYF	LIVNSVLLFL
CASKSEGQGVRDGYEQYF	LIVNSVLLFL
CASRMGLAADTQYF	LIVNSVLLFL
CASSASESQGDTIYF	LIVNSVLLFL
CASSPGGTYEQYF	LIVNSVLLFL
CASTTTGGELFF	LIVNSVLLFL
CASNSLGGADEQYF	LIVNSVLLFL
CASSLNFMGNEQFF	LIVNSVLLFL
CASSLGTAVGSGSYEQYF	LIVNSVLLFL
CASSSGDNNEQFF	LIVNSVLLFL
CASSSILGGAWTDTQYF	LIVNSVLLFL
CASSLRWSSGGDTGELFF	LIVNSVLLFL
CASSLSINEQFF	LIVNSVLLFL
CSASGDSSDTQYF	LIVNSVLLFL
CASSQTFRDSSYEQYF	LIVNSVLLFL
CASSLEIGTEAFF	LIVNSVLLFL
CASSTGLAGATDTQYF	LIVNSVLLFL
CASSTLAGVRNEQYF	LIVNSVLLFL
CASSYGANTGELFF	LIVNSVLLFL
CAWFTFGELFF	LIVNSVLLFL
CASSQDPTGGQPQHF	LIVNSVLLFL
CAWRGLAGEISSYEQYF	LIVNSVLLFL
CASSGGLAGGRAYNEQFF	LIVNSVLLFL
CATEQYF	LIVNSVLLFL
CSVDLDLNTEAFF	LIVNSVLLFL
CASSPVNTGELFF	LIVNSVLLFL
CASSSGGLHGYTF	LIVNSVLLFL
CASSEGLAPYEQYF	LIVNSVLLFL
CSVEDPGAQSQETQYF	LIVNSVLLFL
CSAPGDAVRTGAGQPQHF	LIVNSVLLFL
CASSLMTGDGYTF	LIVNSVLLFL
CASSLRDSYEQYF	LIVNSVLLFL
CASSLGASPDTQYF	LIVNSVLLFL
CASSPPDRVVEQYF	LIVNSVLLFL
CASSLQGANEKLFF	LIVNSVLLFL
CSASGVAQPQHF	LIVNSVLLFL
CSARPGRGAADTGELFF	LIVNSVLLFL
CASSPLGGETDNEQFF	LIVNSVLLFL
CSARVPNEQFF	LIVNSVLLFL
CASSLWGSYEQYF	LIVNSVLLFL
CASSELPGGMDEQFF	LIVNSVLLFL
CASGSGQGYEQYF	LIVNSVLLFL
CASSQSGNTEAFF	LIVNSVLLFL
CASQGTVTGELFF	LIVNSVLLFL
CASSLMGPEQFF	LIVNSVLLFL
CSASRVGGNQPQHF	LIVNSVLLFL
CASSLSGRGLSYEQYF	LIVNSVLLFL
CATSRVPAGGYEQFF	LIVNSVLLFL
CASSHLDGGANTEAFF	LIVNSVLLFL
CASSLRPYEQYF	LIVNSVLLFL
CSARDLTHNYGYTF	LIVNSVLLFL
CASTPGVLGKTEAFF	LIVNSVLLFL
CASSPPSKVTEQFF	LIVNSVLLFL
CATSEPHQETQYF	LIVNSVLLFL
CASSLGLATYF	LIVNSVLLFL
CASSLTIAGVNTQYF	LIVNSVLLFL
CASSQGGFEQFF	LIVNSVLLFL
CASSFPAGTSITEAFF	LIVNSVLLFL
CASSPPDSFYGYTF	LIVNSVLLFL
CASMRTGLGNEKLFF	LIVNSVLLFL
CATSDLQGLPGGELFF	LIVNSVLLFL
CASSLAGQETQYF	LIVNSVLLFL
CSVVGTGDQPQHF	LIVNSVLLFL
CASSEIGELFF	LIVNSVLLFL
CASSESPGYEQYF	LIVNSVLLFL
CSVETTGAGSSYEQYF	LIVNSVLLFL
CASSLGATGNEKLFF	LIVNSVLLFL
CASSHLDRGSYEQYF	LIVNSVLLFL
CASSVSQGRGGSYEQYF	LIVNSVLLFL
CASSQTGGGELFF	LIVNSVLLFL
CASSPSGVGYTF	LIVNSVLLFL
CASSLARQGNYGYTF	LIVNSVLLFL
CASSQGGNTEAFF	LIVNSVLLFL
CATSRVGAGQTKRQPQHF	LIVNSVLLFL
CASSPYSSGGHEQYF	LIVNSVLLFL
CSVIHENGYTF	LIVNSVLLFL
CASLLNEQYF	LIVNSVLLFL
CASSLGGNTEAFF	LIVNSVLLFL
CSALDRAPEAFF	LIVNSVLLFL
CASQGLAGLSSYNEQFF	LIVNSVLLFL
CATSSRQGESPYEQYF	LIVNSVLLFL
CASSLVGGPGNTIYF	LIVNSVLLFL
CASSLSFQVYETQYF	LIVNSVLLFL
CASSHRQGSYEQYF	LIVNSVLLFL
CSARPITPQGPWGIQYF	LIVNSVLLFL
CASSLNAGEQFF	LIVNSVLLFL
CASSHGTSGLDEQFF	LIVNSVLLFL
CSARDLRVASANEKLFF	LIVNSVLLFL
CSVEPTEAFF	LIVNSVLLFL
CASSPLGSEAFF	LIVNSVLLFL
CASSPKGIVTEAFF	LIVNSVLLFL
CASGTGGQETQYF	LIVNSVLLFL
CSASPLGLAGRSWETQYF	LIVNSVLLFL
CASSLTAADGTQYF	LIVNSVLLFL
CASTQGPPLAGGYNEQFF	LIVNSVLLFL
CASSLLQRGTYEQYF	LIVNSVLLFL
CSAAGPEQYF	LIVNSVLLFL
CASNLGGDTEAFF	LIVNSVLLFL
CATSDSAGTQYF	LIVNSVLLFL
CASSPLTGLTDTQYF	LIVNSVLLFL
CASSYQEFGEQFF	LIVNSVLLFL
CASSIGTGAYEQYF	LIVNSVLLFL
CASSMEGNEQFF	LIVNSVLLFL
CASSHPRQGSDQETQYF	LIVNSVLLFL
CASTRNPGQGADEQFF	LIVNSVLLFL
CASSQAGEYSNQPQHF	LIVNSVLLFL
CSASRSTEQFF	LIVNSVLLFL
CASTSSGRGYTF	LIVNSVLLFL
CASSDGGALSETQYF	LIVNSVLLFL
CSARGTSSYEQYF	LIVNSVLLFL
CASSHTRGEDYGYTF	LIVNSVLLFL
CSAPSDTQYF	LIVNSVLLFL
CAIVDRAEETQYF	LIVNSVLLFL
CASSLSVAGSYGYTF	LIVNSVLLFL
CASSIMGTGVGNQPQHF	LIVNSVLLFL
CASSQASGQETQYF	LIVNSVLLFL
CASMLQSTGTNTGELFF	LIVNSVLLFL
CASGFTDTQYF	LIVNSVLLFL
CASSPLMRTSGEFF	LIVNSVLLFL
CAISEEGLDYEQYF	LIVNSVLLFL
CASTTSGIYEQYF	LIVNSVLLFL
CASSRSGEQYF	LIVNSVLLFL
CASSRTGTSVTNEQFF	LIVNSVLLFL
CASSWTSGVRAGELFF	LIVNSVLLFL
CASSQEYTYEQYF	LIVNSVLLFL
CASGLAGTQYF	LIVNSVLLFL
CASSPHAGRTANTGELFF	LIVNSVLLFL
CASSFRSTHRVNTEAFF	LIVNSVLLFL
CASSLGGPSSYNEQFF	LIVNSVLLFL
CSARDVDEQYF	LIVNSVLLFL
CASSVERQDDTQYF	LIVNSVLLFL
CASSLAETYNEQFF	LIVNSVLLFL
CASSPTGSPLHF	LIVNSVLLFL
CASGLGLAGVDNEQFF	LIVNSVLLFL
CASSAIGGNEQFF	LIVNSVLLFL
CSVMTYYEQYF	LIVNSVLLFL
CSASGAGVSYEQYF	LIVNSVLLFL
CASSPSDNFYEQYF	LIVNSVLLFL
CASSQDLGQGIIEQYF	LIVNSVLLFL
CASSSLPGQGAVTGELFF	LIVNSVLLFL
CARDRGPNYNEQFF	LIVNSVLLFL
CASSLFSGGAWETQYF	LIVNSVLLFL
CASSPISGVNQPQHF	LIVNSVLLFL
CASSEIRELFF	LIVNSVLLFL
CASSITGGLTYEQYF	LIVNSVLLFL
CSVIGDYGYTF	LIVNSVLLFL
CASSLSVDQYF	LIVNSVLLFL
CASVCDEREPQGEQFF	LIVNSVLLFL
CSAATGLGGYTF	LIVNSVLLFL
CSAPMGSGGGELFF	LIVNSVLLFL
CASSPASVTYEQYF	LIVNSVLLFL
CASSNEAGGGEKLFF	LIVNSVLLFL
CASSYGGETQYF	LIVNSVLLFL
CSARDVDSGGGNEQFF	LIVNSVLLFL
CASSLDRDRLNTEAFF	LIVNSVLLFL
CASSFSLEQFF	LIVNSVLLFL
CASSLVTGELFF	LIVNSVLLFL
CASTGVPSYEQYF	LIVNSVLLFL
CASTGQTATNNEQFF	LIVNSVLLFL
CASSQDLASGYAPDTQYF	LIVNSVLLFL
CASSPLAGGPTMHDNEQFF	LIVNSVLLFL
CSARRRSYNEQFF	LIVNSVLLFL
CASRNLTPNTGELFF	LIVNSVLLFL
CASTLTDANTGELFF	LIVNSVLLFL
CASSYGRGQDNQPQHF	LIVNSVLLFL
CSASPLPGQGWETQYF	LIVNSVLLFL
CASSFWVVSYEQYF	LIVNSVLLFL
CASSPTSGEQFF	LIVNSVLLFL
CASSEISYAFF	LIVNSVLLFL
CSVEEGLNTEAFF	LIVNSVLLFL
CAISWTLTDTQYF	LIVNSVLLFL
CSATGPSHGIDEQYF	LIVNSVLLFL
CASSTSGTGSYEQYF	LIVNSVLLFL
CSASGGRSGGWNEQFF	LIVNSVLLFL
CASSHVWRRTGELFF	LIVNSVLLFL
CASSPPNSFYEQYF	LIVNSVLLFL
CASSLGDQGLGEQYF	LIVNSVLLFL
CASSPAYEQYF	LIVNSVLLFL
CASSTEANTGELFF	LIVNSVLLFL
CASSLAHTGNEQFF	LIVNSVLLFL
CASSLWVAYNEQFF	LIVNSVLLFL
CASSLGRTMGSYNEQFF	LIVNSVLLFL
CATSDLPGTTGGETQYF	LIVNSVLLFL
CSATFTTGPYGYTF	LIVNSVLLFL
CASRRSLAGASTDTQYF	LIVNSVLLFL
CASSEALNGNEQFF	LIVNSVLLFL
CASNVGQGAKAFF	LIVNSVLLFL
CASSQGDRQETQYF	LIVNSVLLFL
CSASTGQGTDYF	LIVNSVLLFL
CASSPTVSGANVLTF	LIVNSVLLFL
CATSSRDRAYEQYF	LIVNSVLLFL
CSAQSPDKPQHF	LIVNSVLLFL
CASGVGVVSDTQYF	LIVNSVLLFL
CASSLGGGIYGYTF	LIVNSVLLFL
CSASPRALGHETQYF	LIVNSVLLFL
CSASPRLAGETQYF	LIVNSVLLFL
