CDR3	AA
CASSIVAGSSEQFF	QPYRVVVL
CASSAGTGSYEQYF	QPYRVVVL
CASSMMDVMAGTQFF	QPYRVVVL
CSVSGPDRNEQFF	QPYRVVVL
CASREQYRGTNEKLFF	QPYRVVVL
CASSSDGYEQYF	QPYRVVVL
CASSPGTGAYEQYF	QPYRVVVL
CASSPGQTYEQYF	QPYRVVVL
CASSPVNSPLHF	QPYRVVVL
CASSQDVGNSGEQYF	QPYRVVVL
CASSILGQGRDTQYF	QPYRVVVL
CASRVAVMGETQYF	QPYRVVVL
CASSPSYVGGEQYF	QPYRVVVL
CASSGGQTEAFF	QPYRVVVL
CASSLLGLAGEYADEQFF	QPYRVVVL
CASSLPHREKQYF	QPYRVVVL
CATSRDFTDTQYF	QPYRVVVL
CASSFLGVNEQYF	QPYRVVVL
CASSPPGGLAEIYEQYV	QPYRVVVL
CATSTMALEETQYF	QPYRVVVL
CASSPDIGNQPQHF	QPYRVVVL
CASRARSHEQYF	QPYRVVVL
CASTWAGSTDTQYF	QPYRVVVL
CASTLQGTETQYF	QPYRVVVL
CASSYSGWGANTEAFF	QPYRVVVL
CASSQDPGASFTEAFF	QPYRVVVL
CASSWGPDTQYF	QPYRVVVL
CASSQENEAEQYF	QPYRVVVL
CASSLARLAGLYNEQFF	QPYRVVVL
CASSFSGGAPDTQYF	QPYRVVVL
CATSKGGNEQFF	QPYRVVVL
CASSSLQGIGYEQYF	QPYRVVVL
CASSLQGGMGIEQYF	QPYRVVVL
CASSIRGLDEQYF	QPYRVVVL
CATSDFTGSYNEQFF	QPYRVVVL
CASSWGGEQYF	QPYRVVVL
CATSPGMNTEAFF	QPYRVVVL
CASSGWDSTDTQYF	QPYRVVVL
CASSILGGLGVETQYF	QPYRVVVL
CASSLQGLNTGELFF	QPYRVVVL
CASSQVSGGALNEQFF	QPYRVVVL
CASSYLAGGSYNEQFF	QPYRVVVL
CASSYGSYGYTF	QPYRVVVL
CATGPGGGYEQFF	QPYRVVVL
CASSQDGDGYTF	QPYRVVVL
CASSFWGGEQFF	QPYRVVVL
CASSLAADTEAFF	QPYRVVVL
CASSKSLGQGYNEQFF	QPYRVVVL
CASSLGDLNYEQYF	QPYRVVVL
CASSFVGQDQETQYF	QPYRVVVL
CSGSNTEAFF	QPYRVVVL
CASNFWGIDEQFF	QPYRVVVL
CASSLILSGGASGELFF	QPYRVVVL
CASSLLGAYEQYF	QPYRVVVL
CASNRDGTEAFF	QPYRVVVL
