CDR3	AA
CASRDFWGASYEQYF	FTNVYADSFV
CASSLQHREETQYF	FTNVYADSFV
CAASPQGSPYEQYF	FTNVYADSFV
CASSLSYPNMEQFF	FTNVYADSFV
CASSQELRGLQETQYF	FTNVYADSFV
CASSLEASGSYEQYF	FTNVYADSFV
CASRPMTGTSGNTIYF	FTNVYADSFV
CASSYSNGPNDEQYF	FTNVYADSFV
CASSLRGMYGYTF	FTNVYADSFV
CASSARGNWNTIYF	FTNVYADSFV
CASSTGDRHSYEQYF	FTNVYADSFV
CASGPRGSYGYTF	FTNVYADSFV
CASAGTQSSYEQYF	FTNVYADSFV
CASSLVTGTYEQYF	FTNVYADSFV
CASRPGTGGTEAFF	FTNVYADSFV
CASSTRGFLTEAFF	FTNVYADSFV
CASSEAGGRNQPQHF	FTNVYADSFV
CASSAGQGAFTDTQYF	FTNVYADSFV
CASSSRGTYGYTF	FTNVYADSFV
CASSQDRTYEQYF	FTNVYADSFV
CASSLSPGSAYEQYF	FTNVYADSFV
CASSQGGLGEQYF	FTNVYADSFV
CATSEGTFYEQYF	FTNVYADSFV
CASSARGNYGYTF	FTNVYADSFV
CASSQESSGTTNIQYF	FTNVYADSFV
CASSLRGSYEQYF	FTNVYADSFV
CASAKRGNYGYTF	FTNVYADSFV
CASSQEAAASTDTQYF	FTNVYADSFV
CASSLRGNTEAFF	FTNVYADSFV
CASSQYGGVSSYNEQFF	FTNVYADSFV
CASSIYDSGGRGDTQYF	FTNVYADSFV
CASSEDTTNYGYTF	FTNVYADSFV
CASSTHNYGYTF	FTNVYADSFV
CASSQRGADQPQHF	FTNVYADSFV
CASSLVARPLIEQYF	FTNVYADSFV
CASSPQGLAGGDEQFF	FTNVYADSFV
CSHLGTVGEQYF	FTNVYADSFV
CASSHPKGGYPEAFF	FTNVYADSFV
CASSGLTGAQPQHF	FTNVYADSFV
CASSLRGSYEQYF	FTNVYADSFV
CASSLPGLGYEQYF	FTNVYADSFV
CASSTRGSGGEQYF	FTNVYADSFV
CATSREGEGEAFF	FTNVYADSFV
CASGGLGPVSENEQFF	FTNVYADSFV
CASSFPGANVLTF	FTNVYADSFV
CASSQGTGGEQYF	FTNVYADSFV
CASSPRGSYEQYF	FTNVYADSFV
CASSGPRGEAFF	FTNVYADSFV
CAISEWLVVTEQFF	FTNVYADSFV
CASSPYRGSYEQYF	FTNVYADSFV
CATSDLPGGFNTGELFF	FTNVYADSFV
CASSLGTGGNEQYF	FTNVYADSFV
CAIKQDQGYGTQYF	FTNVYADSFV
CASSQVGQGAQNTEAFF	FTNVYADSFV
CASPTPGADEQFF	FTNVYADSFV
CASSNSTSLVNPGELFF	FTNVYADSFV
CASTEGWKGYTF	FTNVYADSFV
CASSQDMGGSQETQYF	FTNVYADSFV
CASSLGTTTNEKLFF	FTNVYADSFV
CASSGWDSNQPQHF	FTNVYADSFV
CASSLTTREETQYF	FTNVYADSFV
CASSLRGMNEQFF	FTNVYADSFV
CASSPGTGGDTQYF	FTNVYADSFV
CASSSVRAGETQYF	FTNVYADSFV
CASSYRYTEAFF	FTNVYADSFV
CASSFDRVYGYTF	FTNVYADSFV
CASTRGTGGEQPQHF	FTNVYADSFV
CASNQRAEVTGELFF	FTNVYADSFV
CASSSVAGETQYF	FTNVYADSFV
CASSIRRSSGANVLTF	FTNVYADSFV
CATSRAPFIGSGELFF	FTNVYADSFV
CASSTRGHYEQYF	FTNVYADSFV
CASSYSPEELFF	FTNVYADSFV
CASRLTNQETQYF	FTNVYADSFV
CASSQVALAATDTQYF	FTNVYADSFV
CASSSRGSYEQYF	FTNVYADSFV
CASSLMGGYEQYF	FTNVYADSFV
CASSTYSEYGYNEQFF	FTNVYADSFV
CASSYSHPISYEQYF	FTNVYADSFV
CASSLAGLDTEAFF	FTNVYADSFV
CASSHRGDYGYTF	FTNVYADSFV
CASSPGQGAEKLFF	FTNVYADSFV
CASSPVGGRDYNEQFF	FTNVYADSFV
CASSNRGGETQYF	FTNVYADSFV
CASSLSASYEQYF	FTNVYADSFV
CASNKRGGVSPLHF	FTNVYADSFV
CASSLRGSKDEQYF	FTNVYADSFV
CASSQDLATYNEQFF	FTNVYADSFV
CASSLRGGGETQYF	FTNVYADSFV
CASRGTHSTGVQYQPQHF	FTNVYADSFV
CASGARGGGGGAAF	FTNVYADSFV
CASSQEGGSSYNEQFF	FTNVYADSFV
CSARDWSTGPYEQYF	FTNVYADSFV
CATLGGIAKNIQYF	FTNVYADSFV
CASSSGGLEQYF	FTNVYADSFV
CASSLVVYEQYF	FTNVYADSFV
CASGFHGLDIQYF	FTNVYADSFV
CATSSLTGPIDQPQHF	FTNVYADSFV
CATSDASGIYNEQFF	FTNVYADSFV
CASSLRGTYYNEQFF	FTNVYADSFV
CASSPPGTSFYEQFF	FTNVYADSFV
CASSFAQREETQYF	FTNVYADSFV
CASSPRGRENTEAFF	FTNVYADSFV
CASSLHREKLFF	FTNVYADSFV
CASSLLGGSITDTQYF	FTNVYADSFV
CASSPILRGNTIYF	FTNVYADSFV
CASSLTTREETQYF	FTNVYADSFV
CASSLMGVYEQYF	FTNVYADSFV
CASSQVEQGNYEQYF	FTNVYADSFV
CASSQEERGSGNTIYF	FTNVYADSFV
CASSLFGTEAFF	FTNVYADSFV
CSVQGGESSYEQYF	FTNVYADSFV
CASSQPTQGEAGELFF	FTNVYADSFV
CASGGGGSETQYF	FTNVYADSFV
CATSDFVLAQGVDEQFF	FTNVYADSFV
CASSLGSEGPPAEAFF	FTNVYADSFV
CVSNSGPNEQFF	FTNVYADSFV
CASSREAYNEQFF	FTNVYADSFV
CASSVTSGEETQYF	FTNVYADSFV
CASSLGSREAFF	FTNVYADSFV
CASGGLGPVSENEQFF	FTNVYADSFV
CASNEGWGELFF	FTNVYADSFV
CASSQLLAGGTDTQYF	FTNVYADSFV
CASCVSWREETQYF	FTNVYADSFV
CASSIAGTRNTGELFF	FTNVYADSFV
CASSFAQREETQYF	FTNVYADSFV
CASSLTSPYEQYF	FTNVYADSFV
CASSQTGGSGYTF	FTNVYADSFV
CASNPDRGGEQYF	FTNVYADSFV
CASSYWVGDTEAFF	FTNVYADSFV
CASSQDRYGGAGVF	FTNVYADSFV
CASSSRGGTGELFF	FTNVYADSFV
CASTTGGEGYTF	FTNVYADSFV
CASSQDSLATRNEQFF	FTNVYADSFV
CASKGGYTEAFF	FTNVYADSFV
CASSLRGGTYEQYF	FTNVYADSFV
CASSVDQGQSSYNEQFF	FTNVYADSFV
CASSLGTSRLAKNIQYF	FTNVYADSFV
CASSLRGAYGYTF	FTNVYADSFV
CASSLAFSSLKDTQYF	FTNVYADSFV
CASSLRGQYEQYF	FTNVYADSFV
CASSPRAAYEQYF	FTNVYADSFV
CASSLRGANTEAFF	FTNVYADSFV
