CDR3	AA
CASSVELNSYEQYF	LLLLDRLNQ
CASSLYQGTGPLHF	LLLLDRLNQ
CASRATGGFTEAFF	LLLLDRLNQ
CASSTQDSGADTQYF	LLLLDRLNQ
CASSLEGSGNEQFF	LLLLDRLNQ
CASSYDGSSSYEQYF	LLLLDRLNQ
CSVRGGNLYEQYF	LLLLDRLNQ
CASNGERNNQPQHF	LLLLDRLNQ
CASSSLGLAGADTQYF	LLLLDRLNQ
CATSDYEGENTGELFF	LLLLDRLNQ
CASSAGTGLSYNSPLHF	LLLLDRLNQ
CASSDQGGGTDTQYF	LLLLDRLNQ
CASSRQGLSYEQYF	LLLLDRLNQ
CASSLGLATTQYF	LLLLDRLNQ
CASNHESSYNSPLHF	LLLLDRLNQ
CASSYSLAGDYNEQFF	LLLLDRLNQ
CASSERRDGYTGELFF	LLLLDRLNQ
CASSLGPWNTEAFF	LLLLDRLNQ
CATSDATSGRETQYF	LLLLDRLNQ
CASSFGQLHNEQFF	LLLLDRLNQ
CASSLMTSDRGEQYF	LLLLDRLNQ
CATSDSDSFDYEQYF	LLLLDRLNQ
CASSPLDGYNSPLHF	LLLLDRLNQ
CASSYPGAAYGYTF	LLLLDRLNQ
CASSQGNYGYTF	LLLLDRLNQ
CASSLGYGTVNTGELFF	LLLLDRLNQ
CATSDFKRENTGELFF	LLLLDRLNQ
CASSLGVGRARNEQFF	LLLLDRLNQ
CASNQKGTGWYEQYF	LLLLDRLNQ
CASSSTGQGAKGTEAFF	LLLLDRLNQ
CASSTSGGYNEQFF	LLLLDRLNQ
CASSFPGSLTQYF	LLLLDRLNQ
CASSHILAGAFHEQFF	LLLLDRLNQ
CASSLRTPGEGYGYTF	LLLLDRLNQ
CASSLGNTGELFF	LLLLDRLNQ
CASSLLSGGQLGYEQYF	LLLLDRLNQ
CASSLGAGARVSYGYTF	LLLLDRLNQ
CASGGSSYEQYF	LLLLDRLNQ
CASSLSSDYEQYF	LLLLDRLNQ
CASSLQALSSYEQYF	LLLLDRLNQ
CASSTTGLNYGYTF	LLLLDRLNQ
CASSQDWWGQETQYF	LLLLDRLNQ
CASSLDRDSLNTEAFF	LLLLDRLNQ
CSARDPNQPQHF	LLLLDRLNQ
CASSLDQTARGHEAFF	LLLLDRLNQ
CASSYSRPVYNVETQYF	LLLLDRLNQ
CASRAYTSAYNEQFF	LLLLDRLNQ
CASSPDIFYYEQYF	LLLLDRLNQ
CASSLGRGDEAFF	LLLLDRLNQ
CASSPGQGTHEQYF	LLLLDRLNQ
CSAREETSGRYEQYF	LLLLDRLNQ
CASSPLVTSGYQETQYF	LLLLDRLNQ
CAISDLGYEQYF	LLLLDRLNQ
CASSLDRETMNTEAFF	LLLLDRLNQ
CASSQALAGGREDTQYF	LLLLDRLNQ
CSVGKLAEPFFYNEQFF	LLLLDRLNQ
CASSFTEDSPLHF	LLLLDRLNQ
CASSQAGRSYEQYF	LLLLDRLNQ
CASSLGLAGGGNEQYF	LLLLDRLNQ
CASSHRGQESMNTEAFF	LLLLDRLNQ
CASSEGSYEQYF	LLLLDRLNQ
CASSPTLSPNEKLFF	LLLLDRLNQ
CASSLGYGTLNTGELFF	LLLLDRLNQ
CASSELGGVQPQHF	LLLLDRLNQ
CASSQATGQETQYF	LLLLDRLNQ
CSARGTSGNPYEQYF	LLLLDRLNQ
CASSLSSGPFDTGELFF	LLLLDRLNQ
CASSPGTSGRTDTQYF	LLLLDRLNQ
CSVRGLAGRSSYEQYF	LLLLDRLNQ
CASSPLLGLAGGGEQFF	LLLLDRLNQ
CASSFGQSTGYTF	LLLLDRLNQ
CSARGLAARSSYEQYF	LLLLDRLNQ
CASSLSGARIYEQYF	LLLLDRLNQ
CAIGPNNYEQYF	LLLLDRLNQ
CASSFSGGVVDTQYF	LLLLDRLNQ
CASSSPPGLAGFNEQFF	LLLLDRLNQ
CASSFSRGFYEQYF	LLLLDRLNQ
CASSLGSNQPQHF	LLLLDRLNQ
CASSYSSAGGRNEQFF	LLLLDRLNQ
CASSPPPGMTQETQYF	LLLLDRLNQ
CASSQEAVVWETQYF	LLLLDRLNQ
CASSDRGLGNTIYF	LLLLDRLNQ
CASSRHLDRGVSEQYF	LLLLDRLNQ
CASSEVGLDYEQYV	LLLLDRLNQ
CASSEALGTIYNEQFF	LLLLDRLNQ
CASSLGSGSSNEQFF	LLLLDRLNQ
CASKPGHTYEQYF	LLLLDRLNQ
CASSEAVQSLLEPQHF	LLLLDRLNQ
CASSPWPGTANYGYTF	LLLLDRLNQ
CASGSPWESNEQFF	LLLLDRLNQ
CASSYSGVAYNEQFF	LLLLDRLNQ
CSARDPTSLYEQYF	LLLLDRLNQ
CASRGGPGTEAFF	LLLLDRLNQ
CASSSGYTEAFF	LLLLDRLNQ
CASSHLGTVNTEAFF	LLLLDRLNQ
CASSLDRDLMNTEAFF	LLLLDRLNQ
CASSQERGQGYGYTF	LLLLDRLNQ
CASSSRNWTLEQFF	LLLLDRLNQ
CASSVGVAITYEQYF	LLLLDRLNQ
CASSLTGPSYEQYF	LLLLDRLNQ
CASSQGWGTLQTGELFF	LLLLDRLNQ
CASSFQASPYEQYF	LLLLDRLNQ
CASTGSGTGPYEQFF	LLLLDRLNQ
CASSSLGGYTDTQYF	LLLLDRLNQ
CASSQGSGTLNTGELFF	LLLLDRLNQ
CATKPLPISGELFF	LLLLDRLNQ
CASSSPPGQGVLTGELFF	LLLLDRLNQ
CASSVPGGGAVDTQYF	LLLLDRLNQ
CASSLGPRTGDNQPQHF	LLLLDRLNQ
CASSSWTGVNQPQHF	LLLLDRLNQ
CASSSTGTGPYEQYF	LLLLDRLNQ
CSGGGGSEQYF	LLLLDRLNQ
CASSSVGGGTEAFF	LLLLDRLNQ
CSVVRGDYGYTF	LLLLDRLNQ
CASSLLAGGNTGELFF	LLLLDRLNQ
CASSLARGYTYEQYF	LLLLDRLNQ
CASSNQAISDDEQFF	LLLLDRLNQ
CASSLWQHVMNTEAFF	LLLLDRLNQ
CASSDSTVNTEAFF	LLLLDRLNQ
CASSQGTSGSYNEQFF	LLLLDRLNQ
CASSPVGGTEQFF	LLLLDRLNQ
CASSFTSGGADEQFF	LLLLDRLNQ
CASSGPTRGTDTLLNTEAFF	LLLLDRLNQ
CASSLRGTSAILAVQETQYF	LLLLDRLNQ
CASSSQTSGGAVSTDTQYF	LLLLDRLNQ
CSVAGGSSYGYTF	LLLLDRLNQ
CASSWVGVSYEQYF	LLLLDRLNQ
CATSEPTSGRETQYF	LLLLDRLNQ
CASSQEQGAYEQYF	LLLLDRLNQ
CASSQGSGTVFTGELFF	LLLLDRLNQ
CASSEVGGNYEQYF	LLLLDRLNQ
CASSQGSGTLNTGELFF	LLLLDRLNQ
CASSLTGSTGELFF	LLLLDRLNQ
CASSSGTSGSEETQYF	LLLLDRLNQ
CASSLSGSTDTQYF	LLLLDRLNQ
CASSQVVGGGELFF	LLLLDRLNQ
CASSYNRLSGNTIYF	LLLLDRLNQ
CASSSSESGWTEAFF	LLLLDRLNQ
CASSLNRPQETQYF	LLLLDRLNQ
CASITNAGNYEQYF	LLLLDRLNQ
CASSLKWDRAPAGTDTQYF	LLLLDRLNQ
CASSRLQGETQYF	LLLLDRLNQ
CASTPAGSYNEQFF	LLLLDRLNQ
CASSSTEEGAYEQYF	LLLLDRLNQ
CASSTHNYGYTF	LLLLDRLNQ
CAWSPGIGTEAFF	LLLLDRLNQ
CASSSIGGIQPQHF	LLLLDRLNQ
CASSFQNYGYTF	LLLLDRLNQ
CASSLEPPLRYEQFF	LLLLDRLNQ
