CDR3	AA
CASSYDRHALSYEQYF	FYLCFLAFLL
CASSRTTGGLTYNEQFF	FYLCFLAFLL
CASSLSSNYGYTF	FYLCFLAFLL
CASSSPGPRQTNEQYF	FYLCFLAFLL
CASSLWALAGTEAFF	FYLCFLAFLL
CATSEGGFSNEQFF	FYLCFLAFLL
CATATGVNIQYF	FYLCFLAFLL
CSAFTRDRHNEQFF	FYLCFLAFLL
CSASSRDDISYEQYF	FYLCFLAFLL
CSAEQGALQFF	FYLCFLAFLL
CASSHLVGADTGELFF	FYLCFLAFLL
CASSLGQGRNQPQHF	FYLCFLAFLL
CAWISQGPFSYEQYF	FYLCFLAFLL
CASSGRPSGPPDTQYF	FYLCFLAFLL
CASSPYRGSGALHNEQFF	FYLCFLAFLL
CSVEITRVNEQFF	FYLCFLAFLL
CASSYSLAVYTDTQYF	FYLCFLAFLL
CASSHQGARRNGYTF	FYLCFLAFLL
CSASSSGGDEAFF	FYLCFLAFLL
CSASIQGRGEETQYF	FYLCFLAFLL
CASSYSGRDHNEQFF	FYLCFLAFLL
CASIWLAGVSEQFF	FYLCFLAFLL
CASQEFMAGELFF	FYLCFLAFLL
CASSLSGIYYEQYF	FYLCFLAFLL
CASSPNSPGQGNQETQYF	FYLCFLAFLL
CATSAPQTALRSPLHF	FYLCFLAFLL
CASSYSNPVYGYTF	FYLCFLAFLL
CATSRDRGRSQETQYF	FYLCFLAFLL
CASSPLGDYYEQYF	FYLCFLAFLL
CASIGTGASGANVLTF	FYLCFLAFLL
CASNVAGGNEQFF	FYLCFLAFLL
CASSLGGETQYF	FYLCFLAFLL
CASSSNTEAFF	FYLCFLAFLL
CASSQGTALYQETQYF	FYLCFLAFLL
CASSFVINGYTF	FYLCFLAFLL
CASSPIAGAMTDTQYF	FYLCFLAFLL
CAISEAGGGNQPQHF	FYLCFLAFLL
CASSEWVVAEDTQYF	FYLCFLAFLL
CASSLVEGVVEGYTF	FYLCFLAFLL
CASSPVSGGARNEQFF	FYLCFLAFLL
CASRLDGSQTPGSCFF	FYLCFLAFLL
CASSLGKLFF	FYLCFLAFLL
CSASFEASGVMNTQYF	FYLCFLAFLL
CSARGDRDPGQPQHF	FYLCFLAFLL
CASSFTSGGINEQFF	FYLCFLAFLL
CASSPTGAEAFF	FYLCFLAFLL
CASSLLAEPFDTQYF	FYLCFLAFLL
CASSYPEGGHNEQFF	FYLCFLAFLL
CASTLLGAANYGYTF	FYLCFLAFLL
CASSSWDRISYEQYF	FYLCFLAFLL
CASSSPRTAPYNEQFF	FYLCFLAFLL
CASSLVGRTEDTQYF	FYLCFLAFLL
CASSSTGGGSPLHF	FYLCFLAFLL
CSARDPTGGSTEAFF	FYLCFLAFLL
CASRGIAGGSYEQYF	FYLCFLAFLL
CASSQLAGGGNTIYF	FYLCFLAFLL
CSAMAEGTEAFF	FYLCFLAFLL
CASSVGGALMETQYF	FYLCFLAFLL
CASSFSTAGSYEQYF	FYLCFLAFLL
CASSGSGVGISQPQHF	FYLCFLAFLL
CASSQDDRSSYEQYF	FYLCFLAFLL
CATLDGFLAQHF	FYLCFLAFLL
CSASGVSVYEQYF	FYLCFLAFLL
CASRPGLAVTDTQYF	FYLCFLAFLL
CASSSQAGLPNEQFF	FYLCFLAFLL
CSAELEISGELFF	FYLCFLAFLL
CASSGTGLMNTEAFF	FYLCFLAFLL
CASRSSGQILYEQYF	FYLCFLAFLL
CASSQRTGYYEQYF	FYLCFLAFLL
CSASIDTDTQYF	FYLCFLAFLL
CSARSGVHDYYEQFF	FYLCFLAFLL
CASRGLAGGWNSYEQYF	FYLCFLAFLL
CASSQDETGTFEAFF	FYLCFLAFLL
CASSPGTSGYNEQFF	FYLCFLAFLL
CSATQVQETQYF	FYLCFLAFLL
CASRGPGDLQTYEQYF	FYLCFLAFLL
CSARATSGRTDEQFF	FYLCFLAFLL
CASSTPQGVPQETQYF	FYLCFLAFLL
CASSQEGIIAGAYNEQFF	FYLCFLAFLL
CASSFRRDSNEKLFF	FYLCFLAFLL
CASSYNLASLSDEAFF	FYLCFLAFLL
CASSFNVIQYF	FYLCFLAFLL
CASSGNGGASDTQYF	FYLCFLAFLL
CASSQDGKGTYEQYF	FYLCFLAFLL
CASSQVAFSEQFF	FYLCFLAFLL
CASSLSSTGAGYTF	FYLCFLAFLL
CSASTGKNIQYF	FYLCFLAFLL
CASSQEAGWETQYF	FYLCFLAFLL
CASSLREIVEKLFF	FYLCFLAFLL
CSARDLRGSGGEQFF	FYLCFLAFLL
CSATGQGVYEQYF	FYLCFLAFLL
CASSPGTNYEQYF	FYLCFLAFLL
CSASNTGRRETQYF	FYLCFLAFLL
CATSDSRNSGNTIYF	FYLCFLAFLL
CASSVDTAYEQYF	FYLCFLAFLL
CASSSQGTEAFF	FYLCFLAFLL
CASSYGETYEQYF	FYLCFLAFLL
CASSFPGGDFVYGYTF	FYLCFLAFLL
CASSFSPAMNTEAFF	FYLCFLAFLL
CASGQTNTEAFF	FYLCFLAFLL
CSATSGGSGETQYF	FYLCFLAFLL
CASSLDTAGGHTGELFF	FYLCFLAFLL
CASRGLAGGTISYEQYF	FYLCFLAFLL
CASSSGTEETQYF	FYLCFLAFLL
CASSFKGLGANVLTF	FYLCFLAFLL
CSASQVGYEQYF	FYLCFLAFLL
CSADPDGSSYEQYF	FYLCFLAFLL
CSASREGNEQFF	FYLCFLAFLL
CASSWTSVPDTQYF	FYLCFLAFLL
CASSLYLNEQYF	FYLCFLAFLL
CASSSLADYRYEQYF	FYLCFLAFLL
CSALGQGMNTEAFF	FYLCFLAFLL
CASSYFRSVELFF	FYLCFLAFLL
CASVVAGGPEAFF	FYLCFLAFLL
CASSYYLGDNGYTF	FYLCFLAFLL
CSAGSGGTDTQYF	FYLCFLAFLL
CASSLLVRSGANVLTF	FYLCFLAFLL
CSARGWDRASYEQYF	FYLCFLAFLL
CAGWDAGYGYTF	FYLCFLAFLL
CASSSLLDRTGAIMGYEQYF	FYLCFLAFLL
CASSPTTSGSYKFF	FYLCFLAFLL
CASSPRVESFSTDTQYF	FYLCFLAFLL
CASSSPRLAAQRTDTQYF	FYLCFLAFLL
CAISEPSGGVSNQPQHF	FYLCFLAFLL
CSVDWDLNEQFF	FYLCFLAFLL
CAILDVSSGANVLTF	FYLCFLAFLL
CASSLDDSGANVLTF	FYLCFLAFLL
CASRGRTGEEVEQFF	FYLCFLAFLL
CASSSAIGTEAFF	FYLCFLAFLL
CASSLGGGEQYF	FYLCFLAFLL
CATSEGGQAETQYF	FYLCFLAFLL
CASSLALASSTDTQYF	FYLCFLAFLL
CSATGLAGQDSIETQYF	FYLCFLAFLL
CASSLFAGSTEAFF	FYLCFLAFLL
CSARDRGAEQFF	FYLCFLAFLL
CASSYGGPINEQFF	FYLCFLAFLL
CASSFVGPQETQYF	FYLCFLAFLL
CASSGYLQGDIYGYTF	FYLCFLAFLL
CSAWWDTETQYF	FYLCFLAFLL
CASSLMLQGTSGNTIYF	FYLCFLAFLL
CSASPSGTEAFF	FYLCFLAFLL
CASKETSGGELFF	FYLCFLAFLL
CSAAEAANEQFF	FYLCFLAFLL
CASSLSSPGVGGELFF	FYLCFLAFLL
CSATLEGVQQETQYF	FYLCFLAFLL
CSARDLLASYEQYF	FYLCFLAFLL
CASSMFLGAVDEQFF	FYLCFLAFLL
CASSPVDRVASYEQYF	FYLCFLAFLL
CSAQASDSSYNEQFF	FYLCFLAFLL
CASSPVESGYIANVLTF	FYLCFLAFLL
CASSQAGRPLEAFF	FYLCFLAFLL
CASSYGTGPNTEAFF	FYLCFLAFLL
CASSPGVTSGMILDTQYF	FYLCFLAFLL
CSARGRGTGTEAFF	FYLCFLAFLL
CASSYSPTSGTYEQYF	FYLCFLAFLL
CASSLVGHSYEQYF	FYLCFLAFLL
CASGPGKTYEQYF	FYLCFLAFLL
CASSQVGTVYGYTF	FYLCFLAFLL
CASSSLAGGPDPNTDTQYF	FYLCFLAFLL
CSALSRDRDQPQHF	FYLCFLAFLL
CATSDLAQGAITGELFF	FYLCFLAFLL
CASSRTGNYNEQFF	FYLCFLAFLL
CSATQQGRTEAFF	FYLCFLAFLL
CATSFGTVNTDTQYF	FYLCFLAFLL
CSASSGTAPYEQYF	FYLCFLAFLL
CSASWGLAGDWVGETQYF	FYLCFLAFLL
CATSLWNRADTQYF	FYLCFLAFLL
CATSRDSQGLAFDEQFF	FYLCFLAFLL
CASSLLPVSYNEQFF	FYLCFLAFLL
CASSELSGVGPEKLFF	FYLCFLAFLL
CASSSPSRDYGYTF	FYLCFLAFLL
CASGAPTSGRTDTQYF	FYLCFLAFLL
CASSLVHGNTGELFF	FYLCFLAFLL
CSASGYLGLAKPVSGETQYF	FYLCFLAFLL
CASSQGALIYGYTF	FYLCFLAFLL
CASSQYLLTYEQYF	FYLCFLAFLL
CASSFNEAGARYGYTF	FYLCFLAFLL
CSADRSDNEQFF	FYLCFLAFLL
CASSLPGRLLGAGDLTDTQYF	FYLCFLAFLL
CASSLGIGETQYF	FYLCFLAFLL
CASWGDGELFF	FYLCFLAFLL
CAISESGTIYTIYF	FYLCFLAFLL
CASSPGAGPLEQYF	FYLCFLAFLL
CASSQGQNLLNTEAFF	FYLCFLAFLL
CAWSWLAGGHEQFF	FYLCFLAFLL
CASSLSYPGGRSTEAFF	FYLCFLAFLL
CASSQVLGTSGQETQYF	FYLCFLAFLL
CSFTPQDGNTEAFF	FYLCFLAFLL
CASSQGVGGAYNEQFF	FYLCFLAFLL
CASSLDTDNSNQPQHF	FYLCFLAFLL
CASSLVSVSGANEKLFF	FYLCFLAFLL
CASSLAGGGYEQYF	FYLCFLAFLL
CSVVARVGHTGELFF	FYLCFLAFLL
CASTPGQGPSTEQYF	FYLCFLAFLL
CASSFGSYEQYF	FYLCFLAFLL
CASTLREAFF	FYLCFLAFLL
CSAEREGLGGEQFF	FYLCFLAFLL
CASSPQVNTEAFF	FYLCFLAFLL
CASSLNYFADTQYF	FYLCFLAFLL
CASSYSAASLNTEAFF	FYLCFLAFLL
CAISESGPTYNEQFF	FYLCFLAFLL
CASSPAGFTDTQYF	FYLCFLAFLL
CASSATDTGGIEAFF	FYLCFLAFLL
CSADSGGLWETQYF	FYLCFLAFLL
CASSPGTLYEQYF	FYLCFLAFLL
CASSYGRNTEAFF	FYLCFLAFLL
CSAEREGTYNEQFF	FYLCFLAFLL
CASSQETIGDTEAFF	FYLCFLAFLL
CSANKEQLDQETQYF	FYLCFLAFLL
CASSQTAQGAISNQPQHF	FYLCFLAFLL
CASSHSWELFF	FYLCFLAFLL
CASSPGLGRDTNTGELFF	FYLCFLAFLL
CASSLDAVGYTF	FYLCFLAFLL
CASTSRDRGLIYEQFF	FYLCFLAFLL
CASSLGLLYQETQYF	FYLCFLAFLL
CSARDRYNEQFF	FYLCFLAFLL
CASRGASRDTKSYEQYF	FYLCFLAFLL
CASSLGAQGWGEQYF	FYLCFLAFLL
CASSFVSSSTDTQYF	FYLCFLAFLL
CASSEYSGNTIYF	FYLCFLAFLL
CASSLSGSTDTQYF	FYLCFLAFLL
CASSLNQGTASEQYF	FYLCFLAFLL
CASSPTDGGNIQYF	FYLCFLAFLL
CASSVSRDRGLYGYTF	FYLCFLAFLL
CASRGIRDREPKNAYEQYF	FYLCFLAFLL
CSATTEGQYQETQYF	FYLCFLAFLL
CASSEYGGSYEQYF	FYLCFLAFLL
CASSLDAGNTEAFF	FYLCFLAFLL
CASSFDRGYEQYF	FYLCFLAFLL
CASSYGTDRQPQHF	FYLCFLAFLL
CASSHRDFAQTGELFF	FYLCFLAFLL
CSATWEQGGSLEQYF	FYLCFLAFLL
CASSPRDRGASYEQYF	FYLCFLAFLL
CASSPSPLGGETQYF	FYLCFLAFLL
CASREQGADTGELFF	FYLCFLAFLL
CAISETERMDGGAYGYTF	FYLCFLAFLL
CASSFGASGGQETQYF	FYLCFLAFLL
CASSPTVNTEAFF	FYLCFLAFLL
CASSELLQGGVTEAFF	FYLCFLAFLL
CASSAARDRGMNTEAFF	FYLCFLAFLL
CSVGGGYGYTF	FYLCFLAFLL
CASNGQGELREAFF	FYLCFLAFLL
CSASLLDNEQFF	FYLCFLAFLL
CASSALAGASNEQFF	FYLCFLAFLL
CASSLGPGQSYEQYF	FYLCFLAFLL
CSATGGTGVNEQFF	FYLCFLAFLL
CASSLSGTVSYEQYF	FYLCFLAFLL
CASSFGGADEAFF	FYLCFLAFLL
CASSLSGDTQYF	FYLCFLAFLL
CASSQSRGAVDGNTIYF	FYLCFLAFLL
CASSPTGTEAFF	FYLCFLAFLL
CASRGLADTDTQYF	FYLCFLAFLL
CASSSGPSYEQYF	FYLCFLAFLL
CASRGTGQATYEQYF	FYLCFLAFLL
CASSQDPGPLAIYEQYF	FYLCFLAFLL
CASTPDSNQPQHF	FYLCFLAFLL
CAILSAGNYNEQFF	FYLCFLAFLL
CASSLFSNLGQPQHF	FYLCFLAFLL
CSALAGETYNEQFF	FYLCFLAFLL
CSASVTQGHTGRETQYF	FYLCFLAFLL
CASSSPSYGYTF	FYLCFLAFLL
CASSRLAYGELFF	FYLCFLAFLL
CASSESGAQWAHEQFF	FYLCFLAFLL
CASSRQFPGELFF	FYLCFLAFLL
CASSGLDYEQYF	FYLCFLAFLL
CASSYLGGNTEAFF	FYLCFLAFLL
CSAFDGLYGYTF	FYLCFLAFLL
CASSDPSWGSSTDTQYF	FYLCFLAFLL
CASSVGRTGDYEQYF	FYLCFLAFLL
CASRGLDDSNYGYTF	FYLCFLAFLL
CASSQLGQADTQYF	FYLCFLAFLL
CASSPERVSSGETQYF	FYLCFLAFLL
CASSHSPERSTDTQYF	FYLCFLAFLL
CASRGQGPYEQYF	FYLCFLAFLL
CASSLALALGGTDTQYF	FYLCFLAFLL
CAIGLAGRIEQFF	FYLCFLAFLL
CASSLNRHPGLAGGLQETQYF	FYLCFLAFLL
CASSYYSGMQETQYF	FYLCFLAFLL
CASSGGGLGGYNEQFF	FYLCFLAFLL
CASSQPSPSAGAEYTFF	FYLCFLAFLL
CASSYPGQGRTEAFF	FYLCFLAFLL
CASSPSSYNSPLHF	FYLCFLAFLL
CASSPGLAGGENTGELFF	FYLCFLAFLL
CARVGTGGSTEAFF	FYLCFLAFLL
CASSLQGQNNEQFF	FYLCFLAFLL
CSASRGGNQPQHF	FYLCFLAFLL
CSVAGGLHYGYTF	FYLCFLAFLL
CASSREDRGLTNYGYTF	FYLCFLAFLL
CSASGTGGQETQYF	FYLCFLAFLL
CASSNGLYTEAFF	FYLCFLAFLL
CASSHNQGREQFF	FYLCFLAFLL
CSGTGTGVVETQYF	FYLCFLAFLL
CASSTGRQSPGANVLTF	FYLCFLAFLL
CASSLWENEKLFF	FYLCFLAFLL
CAVGLAGVHLGEQFF	FYLCFLAFLL
CSAGTGVGKTQYF	FYLCFLAFLL
CSASRDSNEQFF	FYLCFLAFLL
CSARDLEGTEAFF	FYLCFLAFLL
CATLGGDTGELFF	FYLCFLAFLL
CASSLVGPYSTDTQYF	FYLCFLAFLL
CASSFTSGAAEAFF	FYLCFLAFLL
CSGKGTQHSYEQYF	FYLCFLAFLL
CASSLSGDEQFF	FYLCFLAFLL
CASSLPQLGEQFF	FYLCFLAFLL
CASKLAGSRNEQFF	FYLCFLAFLL
CASSSPTGIMNTEAFF	FYLCFLAFLL
CASGLAENNNEQFF	FYLCFLAFLL
CASSQGQGVVVTYGYTF	FYLCFLAFLL
CSARGISDPGASYEQYF	FYLCFLAFLL
CASSLAPFDRGLGYTF	FYLCFLAFLL
CASSLDSGYEQYF	FYLCFLAFLL
CASSPGDVSYNSPLHF	FYLCFLAFLL
CSADGRGDLTQYF	FYLCFLAFLL
CASSAPRTSGPYQETQYF	FYLCFLAFLL
CASSLWSHRNEQFF	FYLCFLAFLL
CSARGLRAGTSGSVTGELFF	FYLCFLAFLL
CASSLGGLAGQETQYF	FYLCFLAFLL
CASSFLSGRSHNEQFF	FYLCFLAFLL
CSASQGSLNHF	FYLCFLAFLL
CASSQETGNGYTF	FYLCFLAFLL
CASSEGAGGPSYNEQFF	FYLCFLAFLL
CASRYWGSGQGRNGYGYTF	FYLCFLAFLL
CSAHPGGLTAKNIQYF	FYLCFLAFLL
CASSLGGPGLAGGLTDTQYF	FYLCFLAFLL
CASSFAKSRSNEQFF	FYLCFLAFLL
CASSLVADTGELFF	FYLCFLAFLL
CASSFAEPTDTQYF	FYLCFLAFLL
CASTSEGRVYGYTF	FYLCFLAFLL
CASSSRGGNTEAFF	FYLCFLAFLL
CASSQEAGTGELFF	FYLCFLAFLL
CASSYSTGVGETQYF	FYLCFLAFLL
CASSSIWEGQETQYF	FYLCFLAFLL
CASVLGWSSSPLHF	FYLCFLAFLL
CASSLSTDTQYF	FYLCFLAFLL
CASSQGYETQYF	FYLCFLAFLL
CASSSMDLRFSTDTQYF	FYLCFLAFLL
CASRKGWKDQPQHF	FYLCFLAFLL
CSASSATTAGDEQFF	FYLCFLAFLL
CASSQQREQYF	FYLCFLAFLL
CASSTSGGASQPQHF	FYLCFLAFLL
CASSIPSHEQYF	FYLCFLAFLL
CSAKGLATSYEQYF	FYLCFLAFLL
CASSHDPRQGSSYEQYF	FYLCFLAFLL
CASSVGQGGVGETQYF	FYLCFLAFLL
CASSYRTPKSNYGYTF	FYLCFLAFLL
CASSYNEQFF	FYLCFLAFLL
CASSSRPREPETQYF	FYLCFLAFLL
CASSLASERMDSYEQYF	FYLCFLAFLL
CASSFLLDPDSLSYEQYF	FYLCFLAFLL
CASSLAGPTGTQKYF	FYLCFLAFLL
CASSHLVDEQFF	FYLCFLAFLL
CASSYSGVQNFHEQYF	FYLCFLAFLL
CASSLGGTTEQYF	FYLCFLAFLL
CSEAGSTYEQYF	FYLCFLAFLL
CASSPSTSGAGETQYF	FYLCFLAFLL
CASKGYEQYF	FYLCFLAFLL
CSASSGSTDTQYF	FYLCFLAFLL
CASSVNGPGDLLDTQYF	FYLCFLAFLL
CASSGGQGYAEAFF	FYLCFLAFLL
CSARDQAGAMYNEQFF	FYLCFLAFLL
CASSATQGFRNIQYF	FYLCFLAFLL
CASSLFPETYEQYF	FYLCFLAFLL
CASSSPALAGGVSSDTQYF	FYLCFLAFLL
CASSWTGGVLNEQFF	FYLCFLAFLL
CASSLPAGAYEQYF	FYLCFLAFLL
CASSGQPITDTQYF	FYLCFLAFLL
CSAQNLEGYNEQFF	FYLCFLAFLL
CASSSAGSGLVYGYTF	FYLCFLAFLL
CSAVGSDRGGTEAFF	FYLCFLAFLL
CSASQGLEQFF	FYLCFLAFLL
CASRIAPPRGAYEQYF	FYLCFLAFLL
CASSQDVDLMNTEAFF	FYLCFLAFLL
CSARDVASGDNEQFF	FYLCFLAFLL
CASRPGTSGDTEAFF	FYLCFLAFLL
CASYPGGEANTGELFF	FYLCFLAFLL
CSARGMTVNTEAFF	FYLCFLAFLL
CASSLLLGSYNSPLHF	FYLCFLAFLL
CASSENPISFYGYTF	FYLCFLAFLL
CASSLDPDLLNTEAFF	FYLCFLAFLL
CASSFSPSSYNEQFF	FYLCFLAFLL
CSAPPQPDRYCEQFF	FYLCFLAFLL
CASRGRGTDSYEQYF	FYLCFLAFLL
CASRDQGNSPLHF	FYLCFLAFLL
CASSGVAGGYEQYF	FYLCFLAFLL
CSPSSGGYNEQFF	FYLCFLAFLL
CSANGAGGTNIQYF	FYLCFLAFLL
CSATTSTDTQYF	FYLCFLAFLL
CSALGQELTEAFF	FYLCFLAFLL
CSAILSYEQYF	FYLCFLAFLL
CASSFLAGGPNEQFF	FYLCFLAFLL
CASRRTSGGLSTDTQYF	FYLCFLAFLL
CASSSELGNPYEQYF	FYLCFLAFLL
CSVAGQGIYEQYF	FYLCFLAFLL
CASSQDPGAYSYNEQFF	FYLCFLAFLL
CASSLGGGQPQHF	FYLCFLAFLL
CASSPPPGATNEKLFF	FYLCFLAFLL
CSASSGVQETQYF	FYLCFLAFLL
CSASVPTGVLSYEQYF	FYLCFLAFLL
CASSKRQESYEQYF	FYLCFLAFLL
CASSLGSNTGELFF	FYLCFLAFLL
CSAEGLQRYEQYF	FYLCFLAFLL
CASSPPAGQAGNTIYF	FYLCFLAFLL
CASSQDPGTTGPDTQYF	FYLCFLAFLL
CATSEPKPATNEKLFF	FYLCFLAFLL
CSATRESSYNEQFF	FYLCFLAFLL
CSAGTSGRTLYEQYF	FYLCFLAFLL
CSASFSGLRGETQYF	FYLCFLAFLL
CAINMTGSLNSPLHF	FYLCFLAFLL
CASSGPWGGRNTEAFF	FYLCFLAFLL
CASSPTDRVGNYEQYF	FYLCFLAFLL
CSVAAEGETQYF	FYLCFLAFLL
CSVHTRGRDNEQFF	FYLCFLAFLL
CSADGLAPNTGELFF	FYLCFLAFLL
CASSGGMSYEQYF	FYLCFLAFLL
CARSSPGGPEKDTQYF	FYLCFLAFLL
CSASTSGRSSYEQYF	FYLCFLAFLL
CASSLASAVSYEQYF	FYLCFLAFLL
CASSEGFGRDNQPQHF	FYLCFLAFLL
CASIGENTGELFF	FYLCFLAFLL
CSARRGGQGQETQYF	FYLCFLAFLL
CASSQVEIIYGYTF	FYLCFLAFLL
CASSPRDRHYSGANVLTF	FYLCFLAFLL
CSVELAGAWNEQFF	FYLCFLAFLL
CASSDTPDLGGYTF	FYLCFLAFLL
CSADDGQGGNEQFF	FYLCFLAFLL
CSATGTGETNEQFF	FYLCFLAFLL
CASSLFGSGVRTDTQYF	FYLCFLAFLL
CASSRSSTGELFF	FYLCFLAFLL
CSYHGHGELFF	FYLCFLAFLL
CASRTLLQQGYTF	FYLCFLAFLL
CSGQGSYEQYF	FYLCFLAFLL
CASSFGGAQQETQYF	FYLCFLAFLL
CASSSPADSKNTGELFF	FYLCFLAFLL
CSASSGAQETQYF	FYLCFLAFLL
CSARDSFRDRFYEQYF	FYLCFLAFLL
CASSIAGDAYEQYF	FYLCFLAFLL
CASSYEQGPQETQYF	FYLCFLAFLL
CASSEGERSSSYEQYF	FYLCFLAFLL
CASSSPGGGFLLETQYF	FYLCFLAFLL
CSAADTAYEQYF	FYLCFLAFLL
CASLGGQETQYF	FYLCFLAFLL
CASSGMEVHTEAFF	FYLCFLAFLL
CASSPIAGGYQETQYF	FYLCFLAFLL
CSAGAESETQYF	FYLCFLAFLL
CSAGAEQETQYF	FYLCFLAFLL
CSARGKDAGSYEQYF	FYLCFLAFLL
CSVQGSPMEAFF	FYLCFLAFLL
CASSLGTLKGTDTQYF	FYLCFLAFLL
CSASKEGYEQYF	FYLCFLAFLL
CASSYSRGGQETQYF	FYLCFLAFLL
CSASWAGVSYNEQFF	FYLCFLAFLL
CASSLDVLAGGLSSYNEQFF	FYLCFLAFLL
CSATVGLGRTYEQYF	FYLCFLAFLL
CASSSTGFLNTEAFF	FYLCFLAFLL
CASSLRLAGDDNEQFF	FYLCFLAFLL
CASSIQGISPLHF	FYLCFLAFLL
CASSLDRGYEQYF	FYLCFLAFLL
CASKTGGYEQYF	FYLCFLAFLL
CASSLTGMFSEQYF	FYLCFLAFLL
CASAQVGRINEKLFF	FYLCFLAFLL
CASSPPLSDNEQFF	FYLCFLAFLL
CSARDLSGGVKDTGELFF	FYLCFLAFLL
CASSLDGWNEQYF	FYLCFLAFLL
CSARGTENTGELFF	FYLCFLAFLL
CASSEVTALNQPQHF	FYLCFLAFLL
CASRRGSGYEQYF	FYLCFLAFLL
CASSLYGDEQYF	FYLCFLAFLL
CSANGQGGTGELFF	FYLCFLAFLL
CASTHQGSETQYF	FYLCFLAFLL
CASSFGPNYEQYF	FYLCFLAFLL
CASSEGPGYQPQHF	FYLCFLAFLL
CSASREVHYEQYF	FYLCFLAFLL
CASSPYNEQFF	FYLCFLAFLL
CASSPPGTEAFF	FYLCFLAFLL
CSAEVMDRVGNEQFF	FYLCFLAFLL
CASSPGLATSSYEQYF	FYLCFLAFLL
CASSYMQTNTGELFF	FYLCFLAFLL
CSVSGERDYNEQFF	FYLCFLAFLL
CASSFPITNEQFF	FYLCFLAFLL
CSASTGGVGETQYF	FYLCFLAFLL
CASSFPELDRVSYEQYF	FYLCFLAFLL
CASSLFLWGDEQFF	FYLCFLAFLL
CATSREGGLLVPEAFF	FYLCFLAFLL
CASSPNPGNRAYEQYF	FYLCFLAFLL
CASSWPGTTGTFF	FYLCFLAFLL
CASSYAGVRTEEFF	FYLCFLAFLL
CASSAMRLAGRYEQYF	FYLCFLAFLL
CASSQDRGYEQYF	FYLCFLAFLL
CASSPTWDEQFF	FYLCFLAFLL
CATSDAGGEQYF	FYLCFLAFLL
CASHVQGSNQPQHF	FYLCFLAFLL
CASSYTLAGLKTQYF	FYLCFLAFLL
CSGGGLADSYEQYF	FYLCFLAFLL
CASSLAGAVTEAFF	FYLCFLAFLL
CASSPVDGSGRAHEQFF	FYLCFLAFLL
CAGKFGEPAGYEQYF	FYLCFLAFLL
CASSHGTGLAGPTDTQYF	FYLCFLAFLL
CASSLGQPYEAFF	FYLCFLAFLL
CASSSRGLADPSETQYF	FYLCFLAFLL
CSASDSSYEQYF	FYLCFLAFLL
CASSYGRGGTDTQYF	FYLCFLAFLL
CASSYGRGSYNEQFF	FYLCFLAFLL
CASGPGTRNTGELFF	FYLCFLAFLL
CASSLGLAGDRGNLLIYNEQFF	FYLCFLAFLL
CASSFPNKTGDTGELFF	FYLCFLAFLL
CASSQDWEAFF	FYLCFLAFLL
CASSDIGQGFNEQFF	FYLCFLAFLL
CASRGVRGYTF	FYLCFLAFLL
CASSTQGGITEAFF	FYLCFLAFLL
CSADVESGGGREQFF	FYLCFLAFLL
CSAMGGTYEQYF	FYLCFLAFLL
CASSPQLVRASGETQYF	FYLCFLAFLL
CSATQGGGETQYF	FYLCFLAFLL
CASSLDVRAGANVLTF	FYLCFLAFLL
CASSPSPGGPNEQYF	FYLCFLAFLL
CASTMIAATTNEQFF	FYLCFLAFLL
CSANPQLAGSGEQYF	FYLCFLAFLL
CSADEQKSQETQYF	FYLCFLAFLL
CASSLGPYNEQFF	FYLCFLAFLL
CASSSTSPAYEQYF	FYLCFLAFLL
CASSRDRGYEQYF	FYLCFLAFLL
CASSPKPPNGGVQETQYF	FYLCFLAFLL
CSVAGQGEETQYF	FYLCFLAFLL
CSSGQEQETQYF	FYLCFLAFLL
CSAGGESPLQETQYF	FYLCFLAFLL
CASSLIETQYF	FYLCFLAFLL
CASSFIVGGQLFF	FYLCFLAFLL
CSAVPPGTSGRINEQFF	FYLCFLAFLL
CSADHAASSYNEQFF	FYLCFLAFLL
CASSFGGLNYGYTF	FYLCFLAFLL
CASSSQGLVVNEQFF	FYLCFLAFLL
CSARDRRLAVDEQFF	FYLCFLAFLL
CASSYSPGHEQYF	FYLCFLAFLL
CSARGLAGEQYEQYF	FYLCFLAFLL
CASGDLGVSYNEQFF	FYLCFLAFLL
CSARDRTSGSADRQYF	FYLCFLAFLL
CSATRPTSGGARGQETQYF	FYLCFLAFLL
CSAKREASGANVLTF	FYLCFLAFLL
CSASGVAGEETQYF	FYLCFLAFLL
CASSQPGQGPEQYF	FYLCFLAFLL
CGVGESSYEQYF	FYLCFLAFLL
CASSLKYTGTGIYNEQFF	FYLCFLAFLL
CASSYGFGELFF	FYLCFLAFLL
CASSRDRGYEQYF	FYLCFLAFLL
CASSSNLLSDRGDTEAFF	FYLCFLAFLL
CATSDKDRGPIDEQFF	FYLCFLAFLL
CASSDPSPDNEQFF	FYLCFLAFLL
CSVDAESDPYNEQFF	FYLCFLAFLL
CASSSSSGSGYEQYF	FYLCFLAFLL
CASSDSGQEETQYF	FYLCFLAFLL
CASSPSQVHSTDTQYF	FYLCFLAFLL
CASNVEQFF	FYLCFLAFLL
CASSYSTDTQYF	FYLCFLAFLL
CATSRAWGTSTDTQYF	FYLCFLAFLL
CSASQRDSEGNEQFF	FYLCFLAFLL
CASSETVSSTDTQYF	FYLCFLAFLL
CASSQIPAAETQYF	FYLCFLAFLL
CASSLEGGLSYEQYF	FYLCFLAFLL
CASSLSGTGGGLEQYF	FYLCFLAFLL
GDSYEQYF	FYLCFLAFLL
CATSDLGANEQFF	FYLCFLAFLL
CASSLGGGGNQPQHF	FYLCFLAFLL
CASSLSDRVETQYF	FYLCFLAFLL
CASSPVDRAHTEAFF	FYLCFLAFLL
CASRGIGQPQHF	FYLCFLAFLL
CASTPPWREVSYEQYF	FYLCFLAFLL
CASRGLAGTTFQQYF	FYLCFLAFLL
CASSLGRGHLNTEAFF	FYLCFLAFLL
CASSLSPRRSEAFF	FYLCFLAFLL
CASSYWEGTEAFF	FYLCFLAFLL
CASSLTGPTPVAQYF	FYLCFLAFLL
CASSIQADTEAFF	FYLCFLAFLL
CASSVGTVHTEAFF	FYLCFLAFLL
CASSLSHSNQPQHF	FYLCFLAFLL
CSGIDGAGALSSTDTQYF	FYLCFLAFLL
CASSITGGGSGYTF	FYLCFLAFLL
CSAERGTGGSEQYF	FYLCFLAFLL
CASSTPRPESFQSTDTQYF	FYLCFLAFLL
CASSQGPTSTDTQYF	FYLCFLAFLL
CSAQNPTPQGANEQFF	FYLCFLAFLL
CASRLRGTGAWNEQFF	FYLCFLAFLL
CSARDRERWETQYF	FYLCFLAFLL
CSATWEGPPYNEQFF	FYLCFLAFLL
CATSFRNQPQHF	FYLCFLAFLL
CASSKGLAVHEQYF	FYLCFLAFLL
CASSRGTGGQYNEQFF	FYLCFLAFLL
CSAPLLDTQYF	FYLCFLAFLL
CSVPFSGRASYEQYF	FYLCFLAFLL
CATRLGPYYEQYF	FYLCFLAFLL
CSASVESETQYF	FYLCFLAFLL
CASIKFGGQQNTEAFF	FYLCFLAFLL
CASSLLAGPYEQYF	FYLCFLAFLL
CSASYEGGRNNEQFF	FYLCFLAFLL
CASIRGRGQYF	FYLCFLAFLL
CSARVRTGGYEQYF	FYLCFLAFLL
CASSPGGIGYTF	FYLCFLAFLL
CASSLWGELFF	FYLCFLAFLL
CATSPLSGGASSTDTQYF	FYLCFLAFLL
CASSQDPRLPSSYNEQFF	FYLCFLAFLL
CSAEREPDYNEQFF	FYLCFLAFLL
CSASTVYPAAEAFF	FYLCFLAFLL
CSASVEGGPYEQYF	FYLCFLAFLL
CASSGTSGSGYF	FYLCFLAFLL
CSARGATRGGAGETQYF	FYLCFLAFLL
CASSPRGPSGIQETQYF	FYLCFLAFLL
CSASSESSYNEQFF	FYLCFLAFLL
CASGLVYWTEAFF	FYLCFLAFLL
CASSATTSGGRYEQYF	FYLCFLAFLL
CASSLWAGAEETQYF	FYLCFLAFLL
CATSRLAGGPTDTQYF	FYLCFLAFLL
CATSDLSGNGYTF	FYLCFLAFLL
CASSLDTSSYNEQFF	FYLCFLAFLL
CASSSSTGVRSPLHF	FYLCFLAFLL
CASSSDTKPTYNEQFF	FYLCFLAFLL
CAISPENTGELFF	FYLCFLAFLL
CSVVGRKYEQYF	FYLCFLAFLL
CAISATDNNYGYTF	FYLCFLAFLL
CATPTGVQETQYF	FYLCFLAFLL
CASSLQDPSDTQYF	FYLCFLAFLL
CASSSGAQYF	FYLCFLAFLL
CASSYWEQDTQYF	FYLCFLAFLL
CASSTGQGAYGYTF	FYLCFLAFLL
CAISDRVLMNTEAFF	FYLCFLAFLL
CASNRDTDYEQYF	FYLCFLAFLL
CASSSPPGQAPDTQYF	FYLCFLAFLL
CASSTPSGQGNTDTQYF	FYLCFLAFLL
CSADLPGDYGYTF	FYLCFLAFLL
CSADSSGRSYNEQFF	FYLCFLAFLL
CSVTTTNYEQYF	FYLCFLAFLL
CASSFVENTEAFF	FYLCFLAFLL
CSARGLADSYEQYF	FYLCFLAFLL
CASSLTGNEQFF	FYLCFLAFLL
CASSSKVLAGGSYEQYF	FYLCFLAFLL
CSASLGRQETQYF	FYLCFLAFLL
CASSQGPQRGAPYEQYF	FYLCFLAFLL
CSVDTTGGNEQFF	FYLCFLAFLL
CASSQEIGLINTDTQYF	FYLCFLAFLL
CSATQVNTEAFF	FYLCFLAFLL
CASSPAPAYEQYF	FYLCFLAFLL
CSVAYGGHEQYF	FYLCFLAFLL
CSATVRDSQETQYF	FYLCFLAFLL
CASSVHEQFF	FYLCFLAFLL
CASSEQLQFSYEQYF	FYLCFLAFLL
CASSKPSRPGELFF	FYLCFLAFLL
CASSPRTSWEDRSYEQYF	FYLCFLAFLL
CASSLPGREQYF	FYLCFLAFLL
CASRQEHEGGPWELFF	FYLCFLAFLL
CASSGATERGASPSTDTQYF	FYLCFLAFLL
CASSLSAGTSSTDTQYF	FYLCFLAFLL
CASSLEGYTEAFF	FYLCFLAFLL
CASSYPGVNEQFF	FYLCFLAFLL
CASSDYLAGTSVTYEQYF	FYLCFLAFLL
CASSLSTSKLADTQYF	FYLCFLAFLL
CAISEEPYEQYF	FYLCFLAFLL
CSASAESSYNEQFF	FYLCFLAFLL
CASSYSYSFSSERDTQYF	FYLCFLAFLL
CASSYSTGTGETQYF	FYLCFLAFLL
CSAGTPSGTEAFF	FYLCFLAFLL
CSASPGQKDYGYTF	FYLCFLAFLL
CASSFGGGEQFF	FYLCFLAFLL
CSVDIGGPEAFF	FYLCFLAFLL
CSVVDTEAFF	FYLCFLAFLL
CASSPVLSGSTHEQFF	FYLCFLAFLL
CSAQGTSGYNEQFF	FYLCFLAFLL
CSATDSYNEQFF	FYLCFLAFLL
CASSRQGNQPQHF	FYLCFLAFLL
CASSIGGWDTGELFF	FYLCFLAFLL
CASSQDTDGQVTGELFF	FYLCFLAFLL
CSASGFGNEQFF	FYLCFLAFLL
CSADSAGYNEQFF	FYLCFLAFLL
CASSLGGAEQFF	FYLCFLAFLL
CSASSTGGYEQYF	FYLCFLAFLL
CSARDLGSSYEQYF	FYLCFLAFLL
CASSFRNGYGYTF	FYLCFLAFLL
CASSLYSSGVNWNEQFF	FYLCFLAFLL
CASSGALSLLGYTF	FYLCFLAFLL
CSADHEGQGGNEQFF	FYLCFLAFLL
CASSTRQLDGYTF	FYLCFLAFLL
CASSFETLNTGELFF	FYLCFLAFLL
CASSLWTANTEAFF	FYLCFLAFLL
CSATGTRGYEQYF	FYLCFLAFLL
CSARGQSYEQYF	FYLCFLAFLL
CASSPIAGRYEQYF	FYLCFLAFLL
CSARDIQGYEQYF	FYLCFLAFLL
CASSQLAGAYNEQFF	FYLCFLAFLL
CASGIQGHGYTF	FYLCFLAFLL
CASSLYHPGQVPGYTF	FYLCFLAFLL
CATSSPLREATSTDTQYF	FYLCFLAFLL
CASSLDMVNYGYTF	FYLCFLAFLL
CASSIAPLAGGLQETQYF	FYLCFLAFLL
CATSFDRGYEQYF	FYLCFLAFLL
CASSIALNTEAFF	FYLCFLAFLL
CASSQESRQEQYF	FYLCFLAFLL
CASRRTGRANEQFF	FYLCFLAFLL
CAWIGTGRANEKLFF	FYLCFLAFLL
CSASTPGGGGRETQYF	FYLCFLAFLL
CASSQDGTDHNQPQHF	FYLCFLAFLL
CAWRETSGYEQYF	FYLCFLAFLL
CASSSPPTGGNEQYF	FYLCFLAFLL
CSANIAGDGDTQYF	FYLCFLAFLL
CAISELSTRVKTYEQYF	FYLCFLAFLL
CASSALAGGINEQFF	FYLCFLAFLL
CASSSLAGGLNEQFF	FYLCFLAFLL
CAISRKLTDTQYF	FYLCFLAFLL
CASSFEPGATYEQYF	FYLCFLAFLL
CASSPGTGEDTEAFF	FYLCFLAFLL
CASSNFLGAGYEQYF	FYLCFLAFLL
CASSHDGVTQYF	FYLCFLAFLL
CASSPLPGASEAFF	FYLCFLAFLL
CASSVITSGEISNTGELFF	FYLCFLAFLL
CASSPDMNQETQYF	FYLCFLAFLL
CASSLAGNEQYF	FYLCFLAFLL
CASIMATLNEQFF	FYLCFLAFLL
CSAPGGGWDKNIQYF	FYLCFLAFLL
CASSAGQGKTQYF	FYLCFLAFLL
CASSQGVGSSSGNTIYF	FYLCFLAFLL
CASSQGDRPLSYEQYF	FYLCFLAFLL
CSARVRGEVTGELFF	FYLCFLAFLL
CATGQGLAEYNEQFF	FYLCFLAFLL
CASSAQREGGSSTDTQYF	FYLCFLAFLL
CASSDPHTGETEAFF	FYLCFLAFLL
CASSFRTVEQFF	FYLCFLAFLL
CSAHSGGGDDTQYF	FYLCFLAFLL
CASSQVRFQETQYF	FYLCFLAFLL
CASSTSDSSYEQYF	FYLCFLAFLL
CASEDQGRGETQYF	FYLCFLAFLL
CASSAPGTGYAEAFF	FYLCFLAFLL
CSAGTTTDTQYF	FYLCFLAFLL
CATEEVLEGFATNEKLFF	FYLCFLAFLL
CARAAGPNTGELFF	FYLCFLAFLL
CASSPPPSNYGYTF	FYLCFLAFLL
CSVDRYTEAFF	FYLCFLAFLL
CASSVAPGIGPYGYTF	FYLCFLAFLL
CASSSGPGQPQHF	FYLCFLAFLL
CSADTGRSYEQYF	FYLCFLAFLL
CASKAVTTYEQYF	FYLCFLAFLL
CSASPPNSGFEGEQYF	FYLCFLAFLL
CASRGVVDRTLSYEQYF	FYLCFLAFLL
CASSPPADYSGNTIYF	FYLCFLAFLL
CSATTGSSYNEQFF	FYLCFLAFLL
CASSESITPYF	FYLCFLAFLL
CSAKTNPNEQFF	FYLCFLAFLL
CSANYRVPEQYF	FYLCFLAFLL
CASSWARPQGEQYF	FYLCFLAFLL
CSARGPREGRHEQYF	FYLCFLAFLL
CMGQGSWETQYF	FYLCFLAFLL
CASSLWTGSYEQYF	FYLCFLAFLL
CASSLLPGQGRGEQYV	FYLCFLAFLL
CAIGGSNTGELFF	FYLCFLAFLL
CASSPLAGGSNEQFF	FYLCFLAFLL
CATSSRPGLTYNEQFF	FYLCFLAFLL
CASSTLGGGGSPLHF	FYLCFLAFLL
CSAIIIIGGQGELAGYTF	FYLCFLAFLL
CSAQEGGNEQFF	FYLCFLAFLL
CASRGPSSNLLSYEQYF	FYLCFLAFLL
CASSLGTGTDTQYF	FYLCFLAFLL
CSAPPQYTF	FYLCFLAFLL
CASSFWVADTQYF	FYLCFLAFLL
CASSPGSPTDTQYF	FYLCFLAFLL
CATSDFQGNQPQHF	FYLCFLAFLL
CASSLVGGGRETQYF	FYLCFLAFLL
CSAQREGVYNEQFF	FYLCFLAFLL
CASSQFSGQYYGYTF	FYLCFLAFLL
CASTLGVLAKNIQYF	FYLCFLAFLL
CASSQDRAVVGETQYF	FYLCFLAFLL
CSASGGTSGRTLNEQFF	FYLCFLAFLL
CASSYSRHRGLSYEQYF	FYLCFLAFLL
CSARDLVDTEAFF	FYLCFLAFLL
CASSHSTGYNEQFF	FYLCFLAFLL
CASSLSIHRGPVSTDTQYF	FYLCFLAFLL
CASSYAGNTEAFF	FYLCFLAFLL
CASSETSNTDTQYF	FYLCFLAFLL
CSVLEGSYGYTF	FYLCFLAFLL
CASSPENRVYEQYF	FYLCFLAFLL
CSAEVEAYNEQFF	FYLCFLAFLL
CASSVTLYNEQFF	FYLCFLAFLL
CASSLAGPDTQYF	FYLCFLAFLL
CASGAGLYTGELFF	FYLCFLAFLL
CASRGYEQFF	FYLCFLAFLL
CASSMEWDRGQPQHF	FYLCFLAFLL
CASSLAGADEAFF	FYLCFLAFLL
CASSLYAGGELFF	FYLCFLAFLL
CAWNRQGVWQFF	FYLCFLAFLL
CAIAGQVVNTGELFF	FYLCFLAFLL
CASSQVEGADYGYTF	FYLCFLAFLL
CASRRFSSGGEDEQFF	FYLCFLAFLL
CASSLGQGDEQYF	FYLCFLAFLL
CASSWDRGYEQYF	FYLCFLAFLL
CSGTWGDTQYF	FYLCFLAFLL
CASSLFSGGFSYEQYF	FYLCFLAFLL
CASSLSGGWNEQFF	FYLCFLAFLL
CASSLFLGYEQYF	FYLCFLAFLL
CASSQGLARNPYEQYF	FYLCFLAFLL
CASSQVGNQPQHF	FYLCFLAFLL
CSAGFGGIDGETQYF	FYLCFLAFLL
CSARDLVGTEAFF	FYLCFLAFLL
CASSQDPLTGYGETQYF	FYLCFLAFLL
CSARDRGWEAFF	FYLCFLAFLL
CSVQVLDRQETQYF	FYLCFLAFLL
CASSPPSGAQYF	FYLCFLAFLL
CASSLVGLAFF	FYLCFLAFLL
CASTGQGDLYEQYF	FYLCFLAFLL
CASSETNEQYF	FYLCFLAFLL
CASSQGGQLNTEAFF	FYLCFLAFLL
CASSVSGTGRKNTEAFF	FYLCFLAFLL
CASSIRDLPRYEQYF	FYLCFLAFLL
CASSEYLGQGSFGYTF	FYLCFLAFLL
CAWSVYRPGELFF	FYLCFLAFLL
CSARRGDRDRAREEQYV	FYLCFLAFLL
CASSLGDPRLYNEQFF	FYLCFLAFLL
CASSLDGSSYNEQFF	FYLCFLAFLL
CASSGGTQYF	FYLCFLAFLL
CSASISGSGETQYF	FYLCFLAFLL
CATSPLGRDSGANVLTF	FYLCFLAFLL
CSASWGGPRSEETQYF	FYLCFLAFLL
CASSIDLYGNAYGYTF	FYLCFLAFLL
CARTYEQYF	FYLCFLAFLL
CSADERDRGETQYF	FYLCFLAFLL
CSAEEEDWNGVNNEQFF	FYLCFLAFLL
CASSHRDRGKNIQYF	FYLCFLAFLL
CASSLSQRTSGRVSTDTQYF	FYLCFLAFLL
CSASARDSIYNEQFF	FYLCFLAFLL
CASSKLTTTPSTDTQYF	FYLCFLAFLL
CASSLYGATNEKLFF	FYLCFLAFLL
CSADLSGETQETQYF	FYLCFLAFLL
CASSSGTGEWSNQPQHF	FYLCFLAFLL
CASSPTDNEQFF	FYLCFLAFLL
CATVVEGHLNTEAFF	FYLCFLAFLL
CASSLGDRASSYNEQFF	FYLCFLAFLL
CASSLIAGGQNTGELFF	FYLCFLAFLL
CAGAGLSYEQYF	FYLCFLAFLL
CASSQEPLMASGVETQYF	FYLCFLAFLL
CSATGPHNEQFF	FYLCFLAFLL
CASSYSSGGYTF	FYLCFLAFLL
CASSQGGNEQFF	FYLCFLAFLL
CSAIKQEGYTDTQYF	FYLCFLAFLL
CASSFFAGGTYNEQFF	FYLCFLAFLL
CASSLTGSEQFF	FYLCFLAFLL
CASSPGLAGEGGSTDTQYF	FYLCFLAFLL
CSADNSRSSYNEQFF	FYLCFLAFLL
CSATDSDNEQFF	FYLCFLAFLL
CASSIGVAGGPAEQYF	FYLCFLAFLL
CASRPGPDNTEAFF	FYLCFLAFLL
CSADRDDYGYTF	FYLCFLAFLL
CASSPLTDTQYF	FYLCFLAFLL
CASSLLSHEQFF	FYLCFLAFLL
CASSLPGQVVTDTQYF	FYLCFLAFLL
CASSYSTGPGELFF	FYLCFLAFLL
CASSLAYSNQPQHF	FYLCFLAFLL
CSASEEAAHNEQFF	FYLCFLAFLL
CASRYANTGELFF	FYLCFLAFLL
CASSTFDSESTNTGELFF	FYLCFLAFLL
CASSDRQGFPSYEQYF	FYLCFLAFLL
CASSLAQGLSGANVLTF	FYLCFLAFLL
CASSDGAGAINEQFF	FYLCFLAFLL
CASSYTGLAVIGTYEQYF	FYLCFLAFLL
CASGSDTGELFF	FYLCFLAFLL
CSAWTRHSPYEQYF	FYLCFLAFLL
CASSHRGQGLQETQYF	FYLCFLAFLL
CASSTDGSSYNEQFF	FYLCFLAFLL
CSAEPEIPYTDTQYF	FYLCFLAFLL
CASSLAIGQGNTGELFF	FYLCFLAFLL
CASRGLGLAGGPSYEQYF	FYLCFLAFLL
CASSQEFQSLNEQYF	FYLCFLAFLL
CASSQALNTEAFF	FYLCFLAFLL
CSADNGDLLYNEQFF	FYLCFLAFLL
CASSLTGQGITYNEQFF	FYLCFLAFLL
CASSGANVLTF	FYLCFLAFLL
CASSLFGSEFAYEQYF	FYLCFLAFLL
CASSKISGNSYEQYF	FYLCFLAFLL
CSATSGVYNEQFF	FYLCFLAFLL
CSASYELAGNNEQFF	FYLCFLAFLL
CASSPPEDRAQYF	FYLCFLAFLL
CSARDYRDRGYEQYF	FYLCFLAFLL
CASSDQGSGANVLTF	FYLCFLAFLL
CASRGESSGGTYEQYF	FYLCFLAFLL
CASSREPTYEQYF	FYLCFLAFLL
CSATGPSGNTIYF	FYLCFLAFLL
CASSDKAPTDTQYF	FYLCFLAFLL
CASSQDDRPSYEQYF	FYLCFLAFLL
CASSFAGGNTIYF	FYLCFLAFLL
CASSYGILAGGLYEQYF	FYLCFLAFLL
CSASSRSFYEQYF	FYLCFLAFLL
CSAGGISGAEQFF	FYLCFLAFLL
CASSMGAGQPQHF	FYLCFLAFLL
CASSLGSSGGAAETQYF	FYLCFLAFLL
CSGARESNEQFF	FYLCFLAFLL
CASSLESRTGSYEQYF	FYLCFLAFLL
CASSQETGANQPQHF	FYLCFLAFLL
CASSVGSGQETQYF	FYLCFLAFLL
CASSARGGPYNEQFF	FYLCFLAFLL
CASSPAPAYEQYF	FYLCFLAFLL
CASSQVGGYYYTEAFF	FYLCFLAFLL
CASRGLAEAHTHYEQFF	FYLCFLAFLL
CASSYSGGEQFF	FYLCFLAFLL
CASSGTPLVLGELFF	FYLCFLAFLL
CASSSGGPYEQYF	FYLCFLAFLL
CATSDLMTGWNTGELFF	FYLCFLAFLL
CASSLGQSAYEQYF	FYLCFLAFLL
CASLLNTEAFF	FYLCFLAFLL
CASSYTIGGSTDTQYF	FYLCFLAFLL
CASSPTGQLNF	FYLCFLAFLL
CASSHRAAGAFTDTQYF	FYLCFLAFLL
CASSEVEGKAKNIQYF	FYLCFLAFLL
CSARDELAGDNEQFF	FYLCFLAFLL
CASSLNEQYF	FYLCFLAFLL
CASSFTGLVNTEAFF	FYLCFLAFLL
CASSFGRNPAEQFF	FYLCFLAFLL
CSLGGQGYEQYF	FYLCFLAFLL
CASTTGLAVNEQFF	FYLCFLAFLL
CASSALYTEAFF	FYLCFLAFLL
CASSMTTNTDTQYF	FYLCFLAFLL
CASSQDHYWSGGSGELFF	FYLCFLAFLL
CASSLTTGGTEAFF	FYLCFLAFLL
CAISDLGDTQYF	FYLCFLAFLL
CASSYPGGAEAFF	FYLCFLAFLL
CASSLDEVRHTGGIQYF	FYLCFLAFLL
CASSSGTEETQYF	FYLCFLAFLL
CASSLEVSGQPDGYTF	FYLCFLAFLL
CSASPSDRENEQFF	FYLCFLAFLL
CSATSGREVRETQYF	FYLCFLAFLL
CSVVPIDTPYEQYF	FYLCFLAFLL
CASSPYLNQPQHF	FYLCFLAFLL
CSVPLQGTAEQYF	FYLCFLAFLL
CATSSPWEATDTQYF	FYLCFLAFLL
CSVTSGRNEQFF	FYLCFLAFLL
CASSFIEDTQYF	FYLCFLAFLL
CASSLSRAGVYNEQFF	FYLCFLAFLL
CASSTLAGGPNEQFF	FYLCFLAFLL
CASRGLAGEGSSYEQYF	FYLCFLAFLL
CASSYQQGYNEQFF	FYLCFLAFLL
CATEGRILREKLFF	FYLCFLAFLL
CASSITGGTEAFF	FYLCFLAFLL
CASGGGAQETQYF	FYLCFLAFLL
CASSPDFNYEQYF	FYLCFLAFLL
CASSEGAARIYEQYF	FYLCFLAFLL
CASRIPGQGVGEQFF	FYLCFLAFLL
CASSLGGGSGAVETQYF	FYLCFLAFLL
CASRGPSPLHF	FYLCFLAFLL
CASSPPQYNEQFF	FYLCFLAFLL
CASSLDSRLAGAGELFF	FYLCFLAFLL
CASHELAGAQSYEQYF	FYLCFLAFLL
CASGGTTDTQYF	FYLCFLAFLL
CSARDRDRGYEQYF	FYLCFLAFLL
CASSLVSGLNTEAFF	FYLCFLAFLL
CSAGDSSYEQYF	FYLCFLAFLL
CSAHGGTYNEQFF	FYLCFLAFLL
CSARGVNTEAFF	FYLCFLAFLL
CATSDLTRTGSDTGELFF	FYLCFLAFLL
CSASGMNTEAFF	FYLCFLAFLL
CASSQFTGSNQPQHF	FYLCFLAFLL
CASRTPGGSNNEQFF	FYLCFLAFLL
CASSPGLAGNEQFF	FYLCFLAFLL
CASRGLTGTGNYGYTF	FYLCFLAFLL
CASSQGPEAFF	FYLCFLAFLL
CASSSYSRTDNEQFF	FYLCFLAFLL
CSTIGVVFSTDTQYF	FYLCFLAFLL
CATSPYAGGTYNEQFF	FYLCFLAFLL
CASSFLAGGSNTGELFF	FYLCFLAFLL
CASSQGGYEQYF	FYLCFLAFLL
CASSPGQGAYGYTF	FYLCFLAFLL
CSASDETSGGRRSSYEQYF	FYLCFLAFLL
CASSYSMSHRGLKATEAFF	FYLCFLAFLL
CSGGGTTDEQYF	FYLCFLAFLL
CSASGLAGGYEQYF	FYLCFLAFLL
CAAGQQGANGYTF	FYLCFLAFLL
CASSLDSAGVGQYF	FYLCFLAFLL
CASSSGDTQYF	FYLCFLAFLL
CASSLVDASNQPQHF	FYLCFLAFLL
CAWRVTTSYEQYF	FYLCFLAFLL
CASSIGLLQGATDTQYF	FYLCFLAFLL
CASSPPPQGDTEAFF	FYLCFLAFLL
CASSLTGQGFYGYTF	FYLCFLAFLL
CASSLLAGGHNEQFF	FYLCFLAFLL
CASSDRGYTGELFF	FYLCFLAFLL
CACLIQDRRYEQYF	FYLCFLAFLL
CASSLAGGIYNEQFF	FYLCFLAFLL
CASSLGNKNIQYF	FYLCFLAFLL
CASSQSTARSPYEQYF	FYLCFLAFLL
CASSGTYGTDTQYF	FYLCFLAFLL
CASSSDTGGSNQPQHF	FYLCFLAFLL
CASSQGRGLITEAFF	FYLCFLAFLL
CSADRQGQETQYF	FYLCFLAFLL
CATKDSGNTEAFF	FYLCFLAFLL
CASSSQGTSGQETQYF	FYLCFLAFLL
CASSLRQDLNEKLFF	FYLCFLAFLL
CARAWAGGINNEQFF	FYLCFLAFLL
CASRDDRTYEQYF	FYLCFLAFLL
CSVLWTEAFF	FYLCFLAFLL
CASSSPSAGAGTGELFF	FYLCFLAFLL
CSARSRTTVYEQYF	FYLCFLAFLL
CASSEANYGYTF	FYLCFLAFLL
CASRQVINQPQHF	FYLCFLAFLL
CASSQDRGHEKLFF	FYLCFLAFLL
CASSQSRAGANVLTF	FYLCFLAFLL
CASIPTRGSGANVLTF	FYLCFLAFLL
CASSQAGGMLQYF	FYLCFLAFLL
CASKTEPTYEQYF	FYLCFLAFLL
CASSIFFPAGYNEQFF	FYLCFLAFLL
CASSAREIDFTYEQYF	FYLCFLAFLL
CASSSPAGGPPDEQFF	FYLCFLAFLL
CSALTGSTEAFF	FYLCFLAFLL
CAWNPSGNEQFF	FYLCFLAFLL
CSASEPGLAGGPKDTQYF	FYLCFLAFLL
CSANGLADSYEQYF	FYLCFLAFLL
CATSIDRGYNQPQHF	FYLCFLAFLL
CASSLGRGYEQYF	FYLCFLAFLL
CATSRMWTVLGQETQYF	FYLCFLAFLL
CASGWGRSSGANVLTF	FYLCFLAFLL
CASGLASTYEQYF	FYLCFLAFLL
CASSYTGELFF	FYLCFLAFLL
CASSDFNEQFF	FYLCFLAFLL
CASSSTGTGYNEQFF	FYLCFLAFLL
CSATTELSYNEQFF	FYLCFLAFLL
CASSSGTSGTDTQYF	FYLCFLAFLL
CASSFPDRPGELFF	FYLCFLAFLL
CASSQLAGGHNEQFF	FYLCFLAFLL
CASSLGYSYNEQFF	FYLCFLAFLL
CASSHLTQNTGELFF	FYLCFLAFLL
CASSLWRGNEQFF	FYLCFLAFLL
CASSGGTVGELFF	FYLCFLAFLL
CSATTNKDEQYF	FYLCFLAFLL
CSATQSSYEQYF	FYLCFLAFLL
CASSRGEPYTDTQYF	FYLCFLAFLL
CASSEGQGIDTQYF	FYLCFLAFLL
CASSPKGHRTEAFF	FYLCFLAFLL
CASSHPSGLAGVETQYF	FYLCFLAFLL
CSANRPGDNEQYF	FYLCFLAFLL
CASSGVGPPGELFF	FYLCFLAFLL
CSALRPTENTEAFF	FYLCFLAFLL
CASSEIWTGDGYTF	FYLCFLAFLL
CASSPQSARGTGELFF	FYLCFLAFLL
CASSLGTSGGFETQYF	FYLCFLAFLL
CASSGQDPNYGYTF	FYLCFLAFLL
CASSEETGLAGVDEQFF	FYLCFLAFLL
CASSQAPGWGSSGYTF	FYLCFLAFLL
CASEPAGLYNEQFF	FYLCFLAFLL
CASIRGEGLNTPDTQYF	FYLCFLAFLL
CASRDIGETQYF	FYLCFLAFLL
CSAAPVSHGGNEQFF	FYLCFLAFLL
CATSDSPGGSTDTQYF	FYLCFLAFLL
CASKEIAGGLHGGELFF	FYLCFLAFLL
CSAGDEGGSYNEQFF	FYLCFLAFLL
CASGTETQYF	FYLCFLAFLL
CASSQPSYEQYF	FYLCFLAFLL
CSATSGVYNEQFF	FYLCFLAFLL
CASSPLAGGSYEQYF	FYLCFLAFLL
CASSQLDGPRETQYF	FYLCFLAFLL
CASSQIGQGEGYQETQYF	FYLCFLAFLL
CASSFSGQGPQDTQYF	FYLCFLAFLL
CSVGLASTYEQYF	FYLCFLAFLL
CASSQDWAGGTTGELFF	FYLCFLAFLL
CASSLVPGQGASSGANVLTF	FYLCFLAFLL
CASSFTGFAYEQYF	FYLCFLAFLL
CASSPGLAGARLYNEQFF	FYLCFLAFLL
CSAQDSTYEQYF	FYLCFLAFLL
CASSLGQGNTEAFF	FYLCFLAFLL
CASSEGNTVNYGYTF	FYLCFLAFLL
CASRGPDRDSPFYEQYF	FYLCFLAFLL
CSITGNTEAFF	FYLCFLAFLL
CASRGLGTSGRARSYEQYF	FYLCFLAFLL
CASSLFFGYEQYF	FYLCFLAFLL
CASSLLGGQSQETQYF	FYLCFLAFLL
CSASLLGEEQYF	FYLCFLAFLL
CSARDSGAGTRDYEQYF	FYLCFLAFLL
CSASDESSYNEQFF	FYLCFLAFLL
CASSPKGIGTRDYEQYF	FYLCFLAFLL
CSARSSYEQYF	FYLCFLAFLL
CASSFAGNEQFF	FYLCFLAFLL
CSVAQTSYEQYF	FYLCFLAFLL
CASSPPARWGSGANVLTF	FYLCFLAFLL
CASSQPRELAGGFTGELFF	FYLCFLAFLL
CATLPGSPYNEQFF	FYLCFLAFLL
CASSLEAGSATTDTQYF	FYLCFLAFLL
CASSLQLLHEAFF	FYLCFLAFLL
CATNAGHTTTGELFF	FYLCFLAFLL
CSAQDGNAGELFF	FYLCFLAFLL
CASTSVDSGGDEQFF	FYLCFLAFLL
CATSRGLGTGRTDTQYF	FYLCFLAFLL
CSADSGESYNEQFF	FYLCFLAFLL
CSVEVNSYEQYF	FYLCFLAFLL
CATSDFADTQYF	FYLCFLAFLL
CASRPFSGGLNTEAFF	FYLCFLAFLL
CASSPQGGAEAFF	FYLCFLAFLL
CAGTSGGGPYNEQFF	FYLCFLAFLL
CASSDSGTGTVPGANVLTF	FYLCFLAFLL
CASSVLVNEQFF	FYLCFLAFLL
CAWLAGANTGELFF	FYLCFLAFLL
CASSLGGDIQYF	FYLCFLAFLL
CASSYPGPDEQFF	FYLCFLAFLL
CASSLRGLAGTDTQYF	FYLCFLAFLL
CASSEAAGLAGVNEQFF	FYLCFLAFLL
CASSEERGVLETQYF	FYLCFLAFLL
CAVGGSTVNYGYTF	FYLCFLAFLL
CASSYEIAGVFNEQFF	FYLCFLAFLL
CASRDGVEQYF	FYLCFLAFLL
CSAREGSSYEQYF	FYLCFLAFLL
CATSDLGRETQYF	FYLCFLAFLL
CASSTSGTGGSGELFF	FYLCFLAFLL
CASSLTGGYGTDTQYF	FYLCFLAFLL
CASSQGLAGVYEQYF	FYLCFLAFLL
CASRFKPGLAATEQYF	FYLCFLAFLL
CASSLGGADAFF	FYLCFLAFLL
CASSYGLSYEQYF	FYLCFLAFLL
CSASSESWYNEQFF	FYLCFLAFLL
CASRLWTSGTYEQYF	FYLCFLAFLL
CASSAPRVRAGPGANVLTF	FYLCFLAFLL
CSASGNQETQYF	FYLCFLAFLL
CASSLEGSGAFTDTQYF	FYLCFLAFLL
CASSWIGRANTGELFF	FYLCFLAFLL
CASRVYAGNSNSPLHF	FYLCFLAFLL
CASSYSSLAESSYEQYF	FYLCFLAFLL
CASSYTRSGNTIYF	FYLCFLAFLL
CSASTGGQETQYF	FYLCFLAFLL
CSATREESYNEQFF	FYLCFLAFLL
CASLAENRVVYGYTF	FYLCFLAFLL
CASSQDRSSGNTIYF	FYLCFLAFLL
CSASFPLRSQETQYF	FYLCFLAFLL
CASSPGVTGDTQYF	FYLCFLAFLL
CATSSLRGPGSTDTQYF	FYLCFLAFLL
CASSYSEGPRIEAFF	FYLCFLAFLL
CASSVSVGGTEAFF	FYLCFLAFLL
CASSLIPAGGYTF	FYLCFLAFLL
CSAKGQGYTEAFF	FYLCFLAFLL
CASSSTGARPLHF	FYLCFLAFLL
CSARFMTGQLYEQYF	FYLCFLAFLL
CASRPWTGGAGGANVLTF	FYLCFLAFLL
CASSPGQGVETQYF	FYLCFLAFLL
CASSLQQYTGELFF	FYLCFLAFLL
CASSRLAGGDNEQFF	FYLCFLAFLL
CASSEGAEETQYF	FYLCFLAFLL
CASSPLAGGEVAQPQHF	FYLCFLAFLL
MWGYEQYF	FYLCFLAFLL
CASSYTSGSTDTQYF	FYLCFLAFLL
CASSLQNTGELFF	FYLCFLAFLL
CASSPDRGGSPLHF	FYLCFLAFLL
CASSLTRASYEQYF	FYLCFLAFLL
CASSIFLNTEAFF	FYLCFLAFLL
CASSPYTSGQEQYF	FYLCFLAFLL
CASSPAGRGDHF	FYLCFLAFLL
CASSFPGLANTGELFF	FYLCFLAFLL
CASSPGTSEYNEQFF	FYLCFLAFLL
CASSQDPPLAGDTDTQYF	FYLCFLAFLL
CASSTGKVEETQYF	FYLCFLAFLL
CASSYLGAPSYEQYF	FYLCFLAFLL
CASSPRGQLEVMNTEAFF	FYLCFLAFLL
CASSQDSTSGSYEQFF	FYLCFLAFLL
CASSEIKLVPIYNEQFF	FYLCFLAFLL
CASSVGLAGVYNEQFF	FYLCFLAFLL
CSASGEGLGYNEQFF	FYLCFLAFLL
CAVGYTYGYTF	FYLCFLAFLL
CASRVSGFWTDTQYF	FYLCFLAFLL
CSATSMNTEAFF	FYLCFLAFLL
CASSSGQGLAEAFF	FYLCFLAFLL
CSARGSGGAYNEQFF	FYLCFLAFLL
CASSGLGAGELFF	FYLCFLAFLL
CASSYQIIGQGAHGNEAFF	FYLCFLAFLL
CASSVTGQGGRSEKLFF	FYLCFLAFLL
CASSSNRDGSPLYNEQFF	FYLCFLAFLL
CASSFPTTGGDEQYF	FYLCFLAFLL
CATSDPGQRNQPQHF	FYLCFLAFLL
CASRGEAGGIYEQYF	FYLCFLAFLL
CSARGLATSGRAVEQFF	FYLCFLAFLL
CSARGMETYEQYF	FYLCFLAFLL
CATSPLEGGSTDTQYF	FYLCFLAFLL
CASSGEATGTGFREQYF	FYLCFLAFLL
CASSLEASGGFQETQYF	FYLCFLAFLL
CASSLGLAVSSVMETQYF	FYLCFLAFLL
CASSLMGVEQYF	FYLCFLAFLL
CSARAQEDSYEQYF	FYLCFLAFLL
CASSLSTGQGYNEQFF	FYLCFLAFLL
CSASSGDLAGEETQYF	FYLCFLAFLL
CSADRETGELFF	FYLCFLAFLL
CSARGLAGGTNSYEQYF	FYLCFLAFLL
CSARGASYEQYF	FYLCFLAFLL
CASSQDQGTVYGYTF	FYLCFLAFLL
CASSQDFRGNTEAFF	FYLCFLAFLL
CASSVISGHPNTEAFF	FYLCFLAFLL
CSVDDLGSGYHEQYF	FYLCFLAFLL
CASSSPGTRPYEQYF	FYLCFLAFLL
CASSLEGQGAGANVLTF	FYLCFLAFLL
CASSFAQGGESYYGYTF	FYLCFLAFLL
CASSQEQVTGELFF	FYLCFLAFLL
CSAVQGAYEQYF	FYLCFLAFLL
CSVEMGERGGTDTQYF	FYLCFLAFLL
CASSLVASSGELFF	FYLCFLAFLL
CASSAPSGSGDYNEQFF	FYLCFLAFLL
CACQGAPGTNTGELFF	FYLCFLAFLL
CASRPVGQGGNNEQFF	FYLCFLAFLL
CASRGPGPNSYEQYF	FYLCFLAFLL
CASSPSIGLTLYEQYF	FYLCFLAFLL
CASSRGENQPQHF	FYLCFLAFLL
CASSLGLAGGFYEQYF	FYLCFLAFLL
CASSETPNSGNTIYF	FYLCFLAFLL
CASSDAAGLNEQFF	FYLCFLAFLL
CSARFQDYEQYF	FYLCFLAFLL
CASRGRDEGAFNYGYTF	FYLCFLAFLL
CASGETPTYEQYF	FYLCFLAFLL
CASSLTGVLNTEAFF	FYLCFLAFLL
CATSSASGTSGPTDTQYF	FYLCFLAFLL
CATSRGGPIAETQYF	FYLCFLAFLL
CASSLAAGGEDEQFF	FYLCFLAFLL
CASSPQAGSTDTQYF	FYLCFLAFLL
CASSLTPAGAADTQYF	FYLCFLAFLL
CSAPERTGIAYEQYF	FYLCFLAFLL
CASSPGLNSPLHF	FYLCFLAFLL
CSATSGLAERPSYNEQFF	FYLCFLAFLL
CASSARLAGAGDTQYF	FYLCFLAFLL
CATARDMGNEQFF	FYLCFLAFLL
CASSPYRDTYNEQFF	FYLCFLAFLL
CASSGMGRKNSEQFF	FYLCFLAFLL
CAVKGRTNEKLFF	FYLCFLAFLL
CSADQGNSNQPQHF	FYLCFLAFLL
CASSLGGYEQYF	FYLCFLAFLL
CASSQGVAVQETQYF	FYLCFLAFLL
CASSLALRGAPSSHSTDTQYF	FYLCFLAFLL
CASGPGTRDNEQFF	FYLCFLAFLL
CASGFLVAQIPGLNTEAFF	FYLCFLAFLL
CASSQVGDPQYF	FYLCFLAFLL
CASGTEAFF	FYLCFLAFLL
CSASQTSGRGETQYF	FYLCFLAFLL
CASKVPVGGAEETQYF	FYLCFLAFLL
CASSFPPILANYGYTF	FYLCFLAFLL
CSARERGGYGYTF	FYLCFLAFLL
CSASGTGDNEQFF	FYLCFLAFLL
CASRGPEQYF	FYLCFLAFLL
CASSPRDRDTEAFF	FYLCFLAFLL
CASSQDFGRGTYNEQFF	FYLCFLAFLL
CSATLAGAEQFF	FYLCFLAFLL
CASSPTGAHGYTF	FYLCFLAFLL
CASSGLEETQYF	FYLCFLAFLL
CASSSSGLGYEQYF	FYLCFLAFLL
CSANTGTSGRPVGYEQYF	FYLCFLAFLL
CASSVAGVEKLFF	FYLCFLAFLL
CASSLPSRLALRNEQFF	FYLCFLAFLL
CASSLSGANTGELFF	FYLCFLAFLL
CASSQDMTGTYEQYF	FYLCFLAFLL
CARSLEGCEQYF	FYLCFLAFLL
CASSVYRAVNTEAFF	FYLCFLAFLL
CASSLGDRTYEQYF	FYLCFLAFLL
CASSVGGNPYEQYF	FYLCFLAFLL
CASSGQDKETQYF	FYLCFLAFLL
CASSYSNAGEQYF	FYLCFLAFLL
CASSLAGGTEQFF	FYLCFLAFLL
CASRAGASAGELFF	FYLCFLAFLL
CACQRWDTQYF	FYLCFLAFLL
CASSFGGNTIYF	FYLCFLAFLL
CASSPMVAVVGNEQFF	FYLCFLAFLL
CASSLYSNQPQHF	FYLCFLAFLL
CSASLTGDEQFF	FYLCFLAFLL
CASSSGSGYTF	FYLCFLAFLL
CASSTGPLYEQYF	FYLCFLAFLL
CSARGDGGEYNEQFF	FYLCFLAFLL
CASSLVRVDTGELFF	FYLCFLAFLL
CASRIPGQGGQPQHF	FYLCFLAFLL
CASSLHSRTARYGYTF	FYLCFLAFLL
CASSAEGQSGETQYF	FYLCFLAFLL
CASSYPQGQNTEAFF	FYLCFLAFLL
CASSLTAGGAWGTDTQYF	FYLCFLAFLL
CSADASGRADEQFF	FYLCFLAFLL
CASTGENGQPQHF	FYLCFLAFLL
CASGVVGADEKLFF	FYLCFLAFLL
CASSLSTSGANVLTF	FYLCFLAFLL
CASSGGSQGAAGNTIYF	FYLCFLAFLL
CASSEIRGQSDTQYF	FYLCFLAFLL
CASQASSPYEQYF	FYLCFLAFLL
CSARDSLAGASPYEQYF	FYLCFLAFLL
CATSLGVTSNQPQHF	FYLCFLAFLL
CASSRIQGAVMDTEAFF	FYLCFLAFLL
CASSQAPAGGVTDTQYF	FYLCFLAFLL
CASVRTGGDGYTF	FYLCFLAFLL
CASSVGLAGALDF	FYLCFLAFLL
CASSLRDRGLDTQYF	FYLCFLAFLL
CSAASGRNEQFF	FYLCFLAFLL
CASHKVVSWYF	FYLCFLAFLL
CSAGTGELKQFF	FYLCFLAFLL
CASSRDRGYEQYF	FYLCFLAFLL
CASSQPGTSGSITDTQYF	FYLCFLAFLL
CSAPGGPGEQFF	FYLCFLAFLL
CASSFENYEQYF	FYLCFLAFLL
CASRGVGGRDFVEQFF	FYLCFLAFLL
CASSAYEQYF	FYLCFLAFLL
CATSRGSYDTEAFF	FYLCFLAFLL
CASSFSGAGDNEQFF	FYLCFLAFLL
CASSSTGGSAEKLFF	FYLCFLAFLL
CASSLRGDGYTF	FYLCFLAFLL
CASSLVGITDTQYF	FYLCFLAFLL
CASSLIVTGTVEGKYEQYF	FYLCFLAFLL
CASSSSGTGATEAFF	FYLCFLAFLL
CSVEDLTGQLFF	FYLCFLAFLL
CASSVGSGANVLTF	FYLCFLAFLL
CASRPWTPNQPQHF	FYLCFLAFLL
CASSLTLAEVNEQFF	FYLCFLAFLL
CSARDLAGAGYEQYF	FYLCFLAFLL
CASSWEGGASTDTQYF	FYLCFLAFLL
CASSLIYPGELFF	FYLCFLAFLL
CASRGLADLHSYEQYF	FYLCFLAFLL
CATSRVEGRTNEKLFF	FYLCFLAFLL
CASSLSGSETQYF	FYLCFLAFLL
CASSITRGTYNEQFF	FYLCFLAFLL
CASNRGGGVNTGELFF	FYLCFLAFLL
CSADQMGGPGNIQYF	FYLCFLAFLL
CSVSDRGYEQYF	FYLCFLAFLL
CSPAAGPHGSYEQYF	FYLCFLAFLL
CSGQYVETQYF	FYLCFLAFLL
CASSYTGASTDTQYF	FYLCFLAFLL
CASSLEGLVSGANVLTF	FYLCFLAFLL
CSARELEGAYEQYF	FYLCFLAFLL
CASSHTSASGANVLTF	FYLCFLAFLL
CASSQYGGTYNEQFF	FYLCFLAFLL
CASSLASYEQYF	FYLCFLAFLL
CAISEGISPTDTQYF	FYLCFLAFLL
CASSLVVGDYQPQHF	FYLCFLAFLL
CASSDRVDTGELFF	FYLCFLAFLL
CASSLDARTSGSFWAGNEQFF	FYLCFLAFLL
CSAQGLAGSHEQFF	FYLCFLAFLL
CASSRQGQFTEAFF	FYLCFLAFLL
CSAQREGQDNEQFF	FYLCFLAFLL
CASSPRGLAGAEGQYF	FYLCFLAFLL
CASSDPGLPSTDTQYF	FYLCFLAFLL
CSAIRGGSSYEQYF	FYLCFLAFLL
CARSGTGDPYEQYF	FYLCFLAFLL
CSAAKGTPTTEAFF	FYLCFLAFLL
CASSPGIPGELFF	FYLCFLAFLL
CASGGVNEQFF	FYLCFLAFLL
CASSQAVAGGVLNTEAFF	FYLCFLAFLL
CASIQQSTDTQYF	FYLCFLAFLL
CASQDDRGALNQPQHF	FYLCFLAFLL
CASSSTWDRGHPNYGYTF	FYLCFLAFLL
CAVLGRTYNEQFF	FYLCFLAFLL
CSASEEDNQETQYF	FYLCFLAFLL
CASRGAEETQYF	FYLCFLAFLL
CSGTWLTTEAFF	FYLCFLAFLL
CASSEPRDSNYEQYF	FYLCFLAFLL
CSASGEVADSYNEQFF	FYLCFLAFLL
CATPWDIQYF	FYLCFLAFLL
CASLGGLGYTF	FYLCFLAFLL
CSASTTSGGQETQYF	FYLCFLAFLL
CAISAINGETIYEQYF	FYLCFLAFLL
CSATPQGLTQYF	FYLCFLAFLL
CASSLEGYSNQPQHF	FYLCFLAFLL
CASSSIVPKPEVRSGANVLTF	FYLCFLAFLL
CASSQDRETQYF	FYLCFLAFLL
CAISEPGQGLGQPQHF	FYLCFLAFLL
CSASWLAGGWETQYF	FYLCFLAFLL
CASSESGFGYTF	FYLCFLAFLL
CASSSDRYEQYF	FYLCFLAFLL
CASSLPGGEQFF	FYLCFLAFLL
CASSPQAGNVNTEAFF	FYLCFLAFLL
CASSFAMTAEAFF	FYLCFLAFLL
CASRGLAGFTYEQYF	FYLCFLAFLL
CSAPQHDFAGYTF	FYLCFLAFLL
CSADRGETDTQYF	FYLCFLAFLL
CASSQQGLWAGELFF	FYLCFLAFLL
CATSRNIQETQYF	FYLCFLAFLL
CSAATGGETQYF	FYLCFLAFLL
CAVGLYEQYF	FYLCFLAFLL
CSVEVVTPRGNEQFF	FYLCFLAFLL
CSDPDICYEQYF	FYLCFLAFLL
CASSFGPDRDEQYF	FYLCFLAFLL
CASSVLGNEQYF	FYLCFLAFLL
CASSFNWVTSGAYNEQFF	FYLCFLAFLL
CSASKHTDTQYF	FYLCFLAFLL
CANLIGGHRSYNEQFF	FYLCFLAFLL
CASSYGLYNSPLHF	FYLCFLAFLL
CSGTGTESQKLFF	FYLCFLAFLL
CASNEGRVYYEQYF	FYLCFLAFLL
CASSQGGSSPLHF	FYLCFLAFLL
CASRGPVGGSYEQYF	FYLCFLAFLL
CSAVSLPQGGNTEAFF	FYLCFLAFLL
CASSMGQNLNEQFF	FYLCFLAFLL
CSANVRDNEQFF	FYLCFLAFLL
CASRGLKTGGVSYEQYF	FYLCFLAFLL
CASSPLAGGPNEQFF	FYLCFLAFLL
CASSIWAGGPSSGEQFF	FYLCFLAFLL
CASSHVGELPYEQYF	FYLCFLAFLL
CASSQRQGGAVTGELFF	FYLCFLAFLL
CSARGLADSYEQYF	FYLCFLAFLL
CSASTSSNEQFF	FYLCFLAFLL
CSATLGGEMGDTQYF	FYLCFLAFLL
CASSDGLGSTDTQYF	FYLCFLAFLL
CASSWTSGSYEQYF	FYLCFLAFLL
CASSEGQGAHLPQHF	FYLCFLAFLL
CSARDYQGYEQYF	FYLCFLAFLL
CASSHRQAYVYSNQPQHF	FYLCFLAFLL
CASSSDRQGNTEAFF	FYLCFLAFLL
CASSPLAAGGELFF	FYLCFLAFLL
CSAGGTESSYEQYF	FYLCFLAFLL
CASSYSLGQFSGNTIYF	FYLCFLAFLL
CSAPGQGPEAFF	FYLCFLAFLL
CASSQEEYEQYF	FYLCFLAFLL
CASSNQLLQGANTGELFF	FYLCFLAFLL
CSAGQNQQGTDTQYF	FYLCFLAFLL
CASWGGLHEQFF	FYLCFLAFLL
CSARDPRGLGGYTF	FYLCFLAFLL
CASSQDIDQPQHF	FYLCFLAFLL
CASSQPGAGVGYTF	FYLCFLAFLL
CASSEGGNTEAFF	FYLCFLAFLL
CASSIHYPGGPNEQYF	FYLCFLAFLL
CASSVNGGTEAFF	FYLCFLAFLL
CASRGPGGFYEQYF	FYLCFLAFLL
CSARDIGTARQFYLDTF	FYLCFLAFLL
CSASRQGQETQYF	FYLCFLAFLL
CASSSSGSFTGELFF	FYLCFLAFLL
CASSPQGSEQFF	FYLCFLAFLL
CASSLLREGQETQYF	FYLCFLAFLL
CASSTGIGQPQHF	FYLCFLAFLL
CASSQEATGTQYF	FYLCFLAFLL
CATSTTAYTGAGELFF	FYLCFLAFLL
CSASYDISETQYF	FYLCFLAFLL
CSASREASGIYNEQFF	FYLCFLAFLL
CSVERTEAFF	FYLCFLAFLL
CASTMGDYERF	FYLCFLAFLL
CASSKGTGGPDTQYF	FYLCFLAFLL
CATSRADQNIQYF	FYLCFLAFLL
CASRDITGNTEAFF	FYLCFLAFLL
CASSLLTLNEQFF	FYLCFLAFLL
CSARVIRDGDNEQFF	FYLCFLAFLL
CSAARDGNNEQFF	FYLCFLAFLL
CSATREGAAGRQETQYF	FYLCFLAFLL
CASSYFGGAGTNEKLFF	FYLCFLAFLL
CASSLIPNTEAFF	FYLCFLAFLL
CASSYFGSRWTDGYTF	FYLCFLAFLL
CSADREGPPSTNEQFF	FYLCFLAFLL
CASRGGGLAGNYEQYF	FYLCFLAFLL
CASSPGLAGEQFF	FYLCFLAFLL
CASSTTTSGHYYEQYF	FYLCFLAFLL
CSATDRGLEQYF	FYLCFLAFLL
CSATTSGRLEETQYF	FYLCFLAFLL
CASSLGAYEQYF	FYLCFLAFLL
CASSLDNVGLENTEAFF	FYLCFLAFLL
CASGTVSNQPQHF	FYLCFLAFLL
CASSLQGDKTQYF	FYLCFLAFLL
CSAGDRGHEQFF	FYLCFLAFLL
CSGTPNTGELFF	FYLCFLAFLL
CSARGTGGEYNEQFF	FYLCFLAFLL
CSARVLAYNEQFF	FYLCFLAFLL
CASSGAGGGLNEQFF	FYLCFLAFLL
CAWSVEIRYEQYF	FYLCFLAFLL
CSASGEGGSNQPQHF	FYLCFLAFLL
CASSPGTANTQYF	FYLCFLAFLL
CASKNRPYNSPLHF	FYLCFLAFLL
CASRPDGRYTEAFF	FYLCFLAFLL
CSAQIVVFGYTF	FYLCFLAFLL
CSADIMGHEQFF	FYLCFLAFLL
CASSETNGGTQYF	FYLCFLAFLL
CASLATSYNEQFF	FYLCFLAFLL
CSARGGTSGITDTQYF	FYLCFLAFLL
CASSYGLAGGLETQYF	FYLCFLAFLL
CASSFSRSYNEQFF	FYLCFLAFLL
CASSPGQTAYEQYF	FYLCFLAFLL
CASSLWQGNEQYF	FYLCFLAFLL
CSARDDRGNYNEQFF	FYLCFLAFLL
CSVGIQDSYNEQFF	FYLCFLAFLL
CASSVGPTYNSPLHF	FYLCFLAFLL
CASSSGDRGGELFF	FYLCFLAFLL
CSAGTSGDRGQETQYF	FYLCFLAFLL
CASSLWAGGGRLYEQYF	FYLCFLAFLL
CSARGREGQYNEQFF	FYLCFLAFLL
CSVSGQGKNIQYF	FYLCFLAFLL
CASSGGTSGTLYEQYF	FYLCFLAFLL
CASSPPGKLGEKLFF	FYLCFLAFLL
CSAGDTQETQYF	FYLCFLAFLL
CATSREGQAEVF	FYLCFLAFLL
CSVRAGTGGRYEQYF	FYLCFLAFLL
CASSGFGTSGTHNEQFF	FYLCFLAFLL
CSAGGTGAGQYF	FYLCFLAFLL
CSASGQGDEQYF	FYLCFLAFLL
CASSQDWRLAGSYEQYF	FYLCFLAFLL
CASRSVQGYEQYF	FYLCFLAFLL
CAIMGAGTGPDTQYF	FYLCFLAFLL
CASRSLEDTQYF	FYLCFLAFLL
CSAKGLAGGRYEQYF	FYLCFLAFLL
CATSRGLAGLGDEQFF	FYLCFLAFLL
CASSSFWGTEAFF	FYLCFLAFLL
CASSQPENIQYF	FYLCFLAFLL
CSARDSGQGVYGYTF	FYLCFLAFLL
CASSQDGATNEKLFF	FYLCFLAFLL
CASSFLRGWQETQYF	FYLCFLAFLL
CASSLGGVEAFF	FYLCFLAFLL
CASRGRGAVLSPLHF	FYLCFLAFLL
CASSQAGGFTYEQYF	FYLCFLAFLL
CASSYGAGGFYNEQFF	FYLCFLAFLL
CASSVPNEQFF	FYLCFLAFLL
CASSLPFRDSNYEQYF	FYLCFLAFLL
CASRAPKGQPYEQYF	FYLCFLAFLL
CASSQGATALDEQFF	FYLCFLAFLL
CASCTGVSPLHF	FYLCFLAFLL
CSATREPHNEQFF	FYLCFLAFLL
CASSVGPGQSYGYTF	FYLCFLAFLL
CASSFLAAHNEQFF	FYLCFLAFLL
CATSSSGGNTDTQYF	FYLCFLAFLL
CASSDGGSGYNEQFF	FYLCFLAFLL
CASSSPGGNSPLHF	FYLCFLAFLL
CSAETGGTEQFF	FYLCFLAFLL
CASTTAENTGELFF	FYLCFLAFLL
CASSGQGSTFYEQYF	FYLCFLAFLL
CASSQESTGELFF	FYLCFLAFLL
CASSLVGGVGYEQYF	FYLCFLAFLL
CASSPLPGPYNEQFF	FYLCFLAFLL
CAISETGSAGYTF	FYLCFLAFLL
CASARQGSMNEQFF	FYLCFLAFLL
CASSAWTGRPDTQYF	FYLCFLAFLL
CASSSSGGPVQFF	FYLCFLAFLL
CASSLTGGTGELFF	FYLCFLAFLL
CASSLTSGTPIYEQYF	FYLCFLAFLL
CASSARGQGNTEAFF	FYLCFLAFLL
CASSLYPGGTEAFF	FYLCFLAFLL
CASSQPLTSPHTDTQYF	FYLCFLAFLL
CASSSGQGVFGQYF	FYLCFLAFLL
CASSPLRAHEQFF	FYLCFLAFLL
CASSQDPGLSYEQYF	FYLCFLAFLL
CSASGQGGQETQYF	FYLCFLAFLL
CSADNDGTDHYNEQFF	FYLCFLAFLL
CSASTHQITDTQYF	FYLCFLAFLL
CASSGQNTEAFF	FYLCFLAFLL
CASTPGRDLFF	FYLCFLAFLL
CASSPPAGQFNSPLHF	FYLCFLAFLL
CSASTEEQGAMETQYF	FYLCFLAFLL
CSAAWGSYNEQFF	FYLCFLAFLL
CASSPNLGSSYNEQFF	FYLCFLAFLL
CASSVEGQNTEAFF	FYLCFLAFLL
CSADGEGESDTQYF	FYLCFLAFLL
CASSLGVYYEQYF	FYLCFLAFLL
CASSHEGGKADTQYF	FYLCFLAFLL
CASSLLVGTAYNEQFF	FYLCFLAFLL
CASSPPATYYNEQFF	FYLCFLAFLL
CSADSGSTDTQYF	FYLCFLAFLL
CSASHRDHEQFF	FYLCFLAFLL
CASSQGSFVQGASDTQYF	FYLCFLAFLL
CASSLSGSDSEQYF	FYLCFLAFLL
CASNEANNNEQFF	FYLCFLAFLL
CATTGHTSTDTQYF	FYLCFLAFLL
CSASGLEHLQGAGTEAFF	FYLCFLAFLL
CASTQLSSVSTDTQYF	FYLCFLAFLL
CASRGPAGESYEQYF	FYLCFLAFLL
CSATVPRRGGETQYF	FYLCFLAFLL
CSAQIPGKVLSGNTIYF	FYLCFLAFLL
CASSLVSGIGNEQFF	FYLCFLAFLL
CASSQGVARGPYQETQYF	FYLCFLAFLL
CASSYTTGTAGGYEQYF	FYLCFLAFLL
CASSYAAAGGYTF	FYLCFLAFLL
CASKSGKSYEQYF	FYLCFLAFLL
CATSREGQPQHF	FYLCFLAFLL
CASSLPPPFSTEAFF	FYLCFLAFLL
CASSLGPDTQYF	FYLCFLAFLL
CASRGLAGYTYEQYF	FYLCFLAFLL
CASSSPPGEAYSGNTIYF	FYLCFLAFLL
CASSPRDRGLYEQYF	FYLCFLAFLL
CATTSGTSGRGSYEQYF	FYLCFLAFLL
CASSYPFGLAPGEF	FYLCFLAFLL
CSTSGVDNEQFF	FYLCFLAFLL
CSATGVIAGGYQETQYF	FYLCFLAFLL
CASSSTSGGGTDTQYF	FYLCFLAFLL
CASSETGTAFYEQYF	FYLCFLAFLL
CSAQSGTSNEQYF	FYLCFLAFLL
CASSLQGEYGYTF	FYLCFLAFLL
CASSLEAGGPSYNEQFF	FYLCFLAFLL
CSANLENNEQFF	FYLCFLAFLL
CASKVDSSYNEQFF	FYLCFLAFLL
CASSQDQGFTYEQYF	FYLCFLAFLL
CSARVTGGPAGELFF	FYLCFLAFLL
CASSLGQEETEAFF	FYLCFLAFLL
CASSYPGADEQFF	FYLCFLAFLL
CSASFESTRITETQYF	FYLCFLAFLL
CASSLNGADTQYF	FYLCFLAFLL
CSARVGAGRTEAFF	FYLCFLAFLL
CASSPGGGTDTQYF	FYLCFLAFLL
CASSLGLADEQYF	FYLCFLAFLL
CASSLVPATSTGELFF	FYLCFLAFLL
CARGKTYEQYF	FYLCFLAFLL
CASSHPGARIGETQYF	FYLCFLAFLL
CSASPQGTGYTF	FYLCFLAFLL
CASSQRKTGGYEQYF	FYLCFLAFLL
CASRGLAGVIYEQYF	FYLCFLAFLL
CSARENREDTEAFF	FYLCFLAFLL
CSVTGEVQIGMNTEAFF	FYLCFLAFLL
CASSLMAPGKLFF	FYLCFLAFLL
CASSQDPSYEQYF	FYLCFLAFLL
CASSQEDGPEQFF	FYLCFLAFLL
CASIGGDPYNEQFF	FYLCFLAFLL
CASSPPDGNTGELFF	FYLCFLAFLL
CASSGGDSNQPQHF	FYLCFLAFLL
CASSPKGTGYNEQFF	FYLCFLAFLL
CSARDWESSYEQYF	FYLCFLAFLL
CASSWPGGSQLFF	FYLCFLAFLL
CSADAELDRQPNEQFF	FYLCFLAFLL
CSATKLLPNTEAFF	FYLCFLAFLL
CSASLGLHQETQYF	FYLCFLAFLL
CASSFFWQGSLDDGYTF	FYLCFLAFLL
CSASGQTLYNEQFF	FYLCFLAFLL
CSVATTGVSTDTQYF	FYLCFLAFLL
CSAGTDSPSNQPQHF	FYLCFLAFLL
CSASGGLALSITHNEQFF	FYLCFLAFLL
CASSRGEPRTDTQYF	FYLCFLAFLL
CASSHGLYNEQFF	FYLCFLAFLL
CSASGLGVVETQYF	FYLCFLAFLL
CAGSESNTGELFF	FYLCFLAFLL
CSATGTTNEQFF	FYLCFLAFLL
CASKSGRGYEQFF	FYLCFLAFLL
CAWSVEVSEQYF	FYLCFLAFLL
CASSRLAGGSNEQFF	FYLCFLAFLL
CSAQLSGTGGGYEQYF	FYLCFLAFLL
CASSETGTLNTEAFF	FYLCFLAFLL
CASSEIHGYQETQYF	FYLCFLAFLL
CASSQVNSISYEQYF	FYLCFLAFLL
CSARPSGRGMNEQFF	FYLCFLAFLL
CASSLGGETQYF	FYLCFLAFLL
CASSLPPLGGENTEAFF	FYLCFLAFLL
CASSLDSTYEQYF	FYLCFLAFLL
CASSSITGTVDGYTF	FYLCFLAFLL
CSARGLRDSYEQYF	FYLCFLAFLL
CASSPQGSYEQYF	FYLCFLAFLL
CASSYQLAGSNEQFF	FYLCFLAFLL
CASTRKPGQLNTEAFF	FYLCFLAFLL
CASSFLGYTDTQYF	FYLCFLAFLL
CSVGLAGYEQYF	FYLCFLAFLL
CASSYLLAGGYEQYF	FYLCFLAFLL
CSASEVAYEQYF	FYLCFLAFLL
CSAVGNRGFYEQYF	FYLCFLAFLL
CASSRLAGGNNEQFF	FYLCFLAFLL
CASSYRQGRTDTQYF	FYLCFLAFLL
CSASMGSTDTQYF	FYLCFLAFLL
CATSTLRLAGGLTGELFF	FYLCFLAFLL
CASSYSGRGASNYGYTF	FYLCFLAFLL
CASSSIPGGPDNEQFF	FYLCFLAFLL
CASSQSPSMPVYEQYF	FYLCFLAFLL
CASSLGVGEKLYDPFF	FYLCFLAFLL
CASSLYAGTRDYEQYF	FYLCFLAFLL
CSASLTSGEETQYF	FYLCFLAFLL
CSARISRIDTGLGGYEQYF	FYLCFLAFLL
CASSGDRGYEQYF	FYLCFLAFLL
CASSQDRAREMNTEAFF	FYLCFLAFLL
CASSLLGGASGANVLTF	FYLCFLAFLL
CASRGQEEVSGESYEQYF	FYLCFLAFLL
CASSLTGTAYEQYF	FYLCFLAFLL
CASRGPGKDRKSYEQYF	FYLCFLAFLL
CASSQDDSYEQYF	FYLCFLAFLL
CASSSRGPGYGYTF	FYLCFLAFLL
CASSRDRGFPEAFF	FYLCFLAFLL
CASSDASSARNNYGYTF	FYLCFLAFLL
CSASLGGPPQGASTDTQYF	FYLCFLAFLL
CASSQDAGAALAQPQHF	FYLCFLAFLL
CASSSLIRDRNEKLFF	FYLCFLAFLL
CASSLYGGGTYEQYF	FYLCFLAFLL
CASSEGTGGNQPQHF	FYLCFLAFLL
CASSPNLGVWNEQFF	FYLCFLAFLL
CASSRPTGSGYTF	FYLCFLAFLL
CASSLGGEKLFF	FYLCFLAFLL
CSADIAGAAYEQYF	FYLCFLAFLL
CAILAGGSYNEQFF	FYLCFLAFLL
CASSYDGNYGYTF	FYLCFLAFLL
CASRGQGYEQYF	FYLCFLAFLL
CASSKTRTDTQYF	FYLCFLAFLL
CATSDTSGTSGSTDTQYF	FYLCFLAFLL
CASSLGGENTGELFF	FYLCFLAFLL
CASSFTRGHTEAFF	FYLCFLAFLL
CASRMSRDQPEETQYF	FYLCFLAFLL
CASSTPSGGASDTQYF	FYLCFLAFLL
CASSPPLTGGLGQGNEKLFF	FYLCFLAFLL
CASSTRDSANYGYTF	FYLCFLAFLL
CASSLLVSVNTEAFF	FYLCFLAFLL
CASSTGPPNTGELFF	FYLCFLAFLL
CASSGGIRANVLTF	FYLCFLAFLL
CASGWTSGNEQFF	FYLCFLAFLL
CASMGLAGIEQFF	FYLCFLAFLL
CATEDGTAEGYTF	FYLCFLAFLL
CASSPASNQPQHF	FYLCFLAFLL
CASSDDSPYGYTF	FYLCFLAFLL
CSASSGRIEQFF	FYLCFLAFLL
CASSRDRGYEQYF	FYLCFLAFLL
CASSHPGLAGGEQFF	FYLCFLAFLL
CSVEGVSYEQYF	FYLCFLAFLL
CASSLAERRFYEQYF	FYLCFLAFLL
CASSLATGELFF	FYLCFLAFLL
CASSQVSGEQFF	FYLCFLAFLL
CSAEDRSESSYEQYF	FYLCFLAFLL
CASSLALTGGRPNTEAFF	FYLCFLAFLL
CASSLGLAGGWEQFF	FYLCFLAFLL
CASSLRADISSGANVLTF	FYLCFLAFLL
CSVTTGGDEQYF	FYLCFLAFLL
CSASGLAYEQYF	FYLCFLAFLL
CSATTEANEQYF	FYLCFLAFLL
CAWRARGEYEQYF	FYLCFLAFLL
CASSLTGTSPNNEQFF	FYLCFLAFLL
CSVTRQGASTGELFF	FYLCFLAFLL
CASRGLAGATYEQYF	FYLCFLAFLL
CASREGNTGELFF	FYLCFLAFLL
CATSDPGGGLSYNEQFF	FYLCFLAFLL
CASRLFEGYNEQFF	FYLCFLAFLL
CASSLPGEAFF	FYLCFLAFLL
CASSRLTGGEQFF	FYLCFLAFLL
CSASEGGQETQYF	FYLCFLAFLL
CASSERKRGEETQYF	FYLCFLAFLL
CASSLTGNQPQHF	FYLCFLAFLL
CSATDLSEQYF	FYLCFLAFLL
CASSNIAGTGDEAFF	FYLCFLAFLL
CNYRGGPEAFF	FYLCFLAFLL
CASSVLGGWDRSYNEQFF	FYLCFLAFLL
CASSHIADSYEQYF	FYLCFLAFLL
CSATVSGVPQETQYF	FYLCFLAFLL
CSASDRGNEQFF	FYLCFLAFLL
CSAIMTGVNTEAFF	FYLCFLAFLL
CSATISSYEQYF	FYLCFLAFLL
CSAEREGQAALGETQYF	FYLCFLAFLL
CSVETDIYNEQFF	FYLCFLAFLL
CSALGSWGYEQYF	FYLCFLAFLL
CSAGTMDNEQFF	FYLCFLAFLL
CAISEGTGELFF	FYLCFLAFLL
CSVTLTVNNEQFF	FYLCFLAFLL
CSAKSRTFSYEQYF	FYLCFLAFLL
CASSFGTVLTGANVLTF	FYLCFLAFLL
CASSQRNLAGGPYNEQFF	FYLCFLAFLL
CSASGTGAEQYF	FYLCFLAFLL
CASSSGLAGGDETQYF	FYLCFLAFLL
CATRKGTFDQPQHF	FYLCFLAFLL
CSADSGSEETQYF	FYLCFLAFLL
CASEIWLAGPRQFF	FYLCFLAFLL
CAWRLQGAEAFF	FYLCFLAFLL
CSADREGRADTQYF	FYLCFLAFLL
CSARGLAGPSAAYEQYF	FYLCFLAFLL
CASTDQSSQGPYNEQFF	FYLCFLAFLL
CASSAPFRTLNF	FYLCFLAFLL
CASSYSGQETQYF	FYLCFLAFLL
CSASKVDTEAFF	FYLCFLAFLL
CSASREADNEQFF	FYLCFLAFLL
CASSPQTGEKLFF	FYLCFLAFLL
CASSLAWGTGELFF	FYLCFLAFLL
CASSLGTEAFF	FYLCFLAFLL
CSASLDRVGNNEQFF	FYLCFLAFLL
CASSWNPGLVNEQFF	FYLCFLAFLL
CSATEEAQADTQYF	FYLCFLAFLL
CSARDTESYEQYF	FYLCFLAFLL
CASSQYRADQPQHF	FYLCFLAFLL
CASSSFRDAAVNYGYTF	FYLCFLAFLL
CASRVGLAELGGNEQFF	FYLCFLAFLL
CASSVLAGGSNEQFF	FYLCFLAFLL
CASSEDRGYEQYF	FYLCFLAFLL
CSASRTSGRVETQYF	FYLCFLAFLL
CASTLQGNYGYTF	FYLCFLAFLL
CASSQGNGLINEQFF	FYLCFLAFLL
CASSLGGESTEAFF	FYLCFLAFLL
CSAWDSRNTEAFF	FYLCFLAFLL
CASSQVGTYNEQFF	FYLCFLAFLL
CASSWVAGGLSYEQYF	FYLCFLAFLL
CASSSGQENTGELFF	FYLCFLAFLL
CASSFVSGHEAFF	FYLCFLAFLL
CASSDRVEKNTEAFF	FYLCFLAFLL
CASSEASGGLREKLFF	FYLCFLAFLL
CAWRGAEGYEQYF	FYLCFLAFLL
CSASGGEYNEQFF	FYLCFLAFLL
CATSRAPGTSGRGTYNEQFF	FYLCFLAFLL
CATSREGQPQHF	FYLCFLAFLL
CASSYSLTLEGQPQHF	FYLCFLAFLL
CASSWTGIREAFF	FYLCFLAFLL
CASSYTSSGELFF	FYLCFLAFLL
CASSTDYPYNEQFF	FYLCFLAFLL
CAISEPFRQGFSYNEQFF	FYLCFLAFLL
CSATGTGGFGRGETQYF	FYLCFLAFLL
CASSPPNRETEAFF	FYLCFLAFLL
CASSFGQGAYEQYF	FYLCFLAFLL
CASSWAGTNTEAFF	FYLCFLAFLL
CAISVSRTGDDYGYTF	FYLCFLAFLL
CASSVAVSGEQYF	FYLCFLAFLL
CASSLVGGGRETQYF	FYLCFLAFLL
CSAQLEITYNEQFF	FYLCFLAFLL
CASSLWQGREAFF	FYLCFLAFLL
CASSRWEGNTEAFF	FYLCFLAFLL
CASSPGTGGFPYEQYF	FYLCFLAFLL
CSVVGGDYGYTF	FYLCFLAFLL
CASSYQAGDHEQFF	FYLCFLAFLL
CSASTGTGRVETQYF	FYLCFLAFLL
CSAEPGLAGQQYF	FYLCFLAFLL
CASSHGLDTQYF	FYLCFLAFLL
CSANRGALPYNEQFF	FYLCFLAFLL
CSATTSGTNEQFF	FYLCFLAFLL
CSANEVSYEQYF	FYLCFLAFLL
CASSLSGSWKTQYF	FYLCFLAFLL
CSARDRGQATYEQYF	FYLCFLAFLL
CASRGLAGEGSSYEQYF	FYLCFLAFLL
CSASRETNEQFF	FYLCFLAFLL
CSARVNLAGPSTDTQYF	FYLCFLAFLL
CASSTSSGGAYNEQFF	FYLCFLAFLL
CATSDLPGSGGPNTGELFF	FYLCFLAFLL
CASSPIAGVNNEQFF	FYLCFLAFLL
CSARGLAGLIYEQYF	FYLCFLAFLL
CASSPDGNTEAFF	FYLCFLAFLL
CASSYTGGTDTQYF	FYLCFLAFLL
CASSPRGSGVPDTQYF	FYLCFLAFLL
CASSLAGEGGEQFF	FYLCFLAFLL
CASSLGVDPPRETQYF	FYLCFLAFLL
CSATPSSEVYGYTF	FYLCFLAFLL
CASSLVGSGTEAFF	FYLCFLAFLL
CASLGVIESGTLNYGYTF	FYLCFLAFLL
CSITGAGVQETQYF	FYLCFLAFLL
CASSYGGPYNEQFF	FYLCFLAFLL
CASGHGADTQYF	FYLCFLAFLL
CASRNPKSITYEQYF	FYLCFLAFLL
CASRGPQGEYYEQYF	FYLCFLAFLL
CASSLEATYEQYF	FYLCFLAFLL
CASSLGLGNTEAFF	FYLCFLAFLL
CASSLTRGSYEQYF	FYLCFLAFLL
CASRDRASLHNEQFF	FYLCFLAFLL
CASSLQSSGNTIYF	FYLCFLAFLL
CASSPTVGTLYNEQFF	FYLCFLAFLL
CASSQDLNVGNTIYF	FYLCFLAFLL
CASSPQGLAGGSEQFF	FYLCFLAFLL
CASSYSTSGIADTQYF	FYLCFLAFLL
CASSPTGTEAFF	FYLCFLAFLL
CASSLSPNGNIQYF	FYLCFLAFLL
CASKGGESTDTQYF	FYLCFLAFLL
CSAREPGQGVF	FYLCFLAFLL
CASSFGTWETQYF	FYLCFLAFLL
CASSVSPSGNEQYF	FYLCFLAFLL
CASSRGPGGDTQYF	FYLCFLAFLL
CASSLVMNTEAFF	FYLCFLAFLL
CASSPQTGWMGYEQYF	FYLCFLAFLL
CASSQVRDRVSLFTEAFF	FYLCFLAFLL
CASSDNTYVDQGFSLFYEQYF	FYLCFLAFLL
CSARGGRMSAYEQYF	FYLCFLAFLL
CSASHSGNQETQYF	FYLCFLAFLL
CSASEGSTDTQYF	FYLCFLAFLL
CASSQGACQGGPSSYEQYF	FYLCFLAFLL
CASSSGMRNTEAFF	FYLCFLAFLL
CASSEWGAIPHEQFF	FYLCFLAFLL
CASDTARRSSTDTQYF	FYLCFLAFLL
CASSEPSPGEQYF	FYLCFLAFLL
CASSYEDRVGELFF	FYLCFLAFLL
CAWSSQRPGAQYF	FYLCFLAFLL
CASSLDRWGQPQHF	FYLCFLAFLL
CASSSGQGVEKLFF	FYLCFLAFLL
CASSLLVPGGQLPGETQYF	FYLCFLAFLL
CSAERESSYEQYF	FYLCFLAFLL
CASTGTSGRGETQYF	FYLCFLAFLL
CASSQGVPGGNEQFF	FYLCFLAFLL
CSAKIGGFGHQPQHF	FYLCFLAFLL
CTTFSVQGGTYEQYF	FYLCFLAFLL
CASSQDSRGGSTDTQYF	FYLCFLAFLL
CASSLNLAGGQETQYF	FYLCFLAFLL
CASSLGANIRGYTF	FYLCFLAFLL
CASSPSVRAGNNEQFF	FYLCFLAFLL
CASSQAGRDSYNEQFF	FYLCFLAFLL
CASRPGPSDTQYF	FYLCFLAFLL
CASSPRGWNEKLFF	FYLCFLAFLL
CASSYLQGFDEQYF	FYLCFLAFLL
CSARDESGLYLEDTQYF	FYLCFLAFLL
CSARPLTGLSYNEQFF	FYLCFLAFLL
CASSLSSRGYTF	FYLCFLAFLL
CASSSPGAGSNEQFF	FYLCFLAFLL
CSARDRRWAGGVDTEAFF	FYLCFLAFLL
CASSPLQTVSDTQYF	FYLCFLAFLL
CASSFPLAGGSYEQYF	FYLCFLAFLL
CASSWGQGTSSTDTQYF	FYLCFLAFLL
CASSYIGTDYGYTF	FYLCFLAFLL
CSAEGLAENIQYF	FYLCFLAFLL
CASRGQVVSSYEQYF	FYLCFLAFLL
CASSQTGMENQPQHF	FYLCFLAFLL
CASSYNVRGASYEQYF	FYLCFLAFLL
CSATLAVRYEQYF	FYLCFLAFLL
CASSLGQGAGYGYTF	FYLCFLAFLL
CSAPSSSGWAFF	FYLCFLAFLL
CASSLTPGVNEQFF	FYLCFLAFLL
CAMPGVAGKNEQYF	FYLCFLAFLL
CASSRRVSGEETQYF	FYLCFLAFLL
CSAESSNEQFF	FYLCFLAFLL
CSATPRDAQETQYF	FYLCFLAFLL
CSADDRGEGTQYF	FYLCFLAFLL
CASSQLSLGYEQYF	FYLCFLAFLL
CASRAQGQGSYEQYF	FYLCFLAFLL
CSAWQSTDTQYF	FYLCFLAFLL
CASSLNTEAFF	FYLCFLAFLL
CSAAGTGYDEQYF	FYLCFLAFLL
CASTGQNEVYEQYF	FYLCFLAFLL
CSAGRATILSYNEQFF	FYLCFLAFLL
CASSDRGMNTEAFF	FYLCFLAFLL
CASSSPGGMVDEQFF	FYLCFLAFLL
CASSSPESPYEQYF	FYLCFLAFLL
CASSLAATGYNEQFF	FYLCFLAFLL
CSATETADEQYF	FYLCFLAFLL
CASRLTGGQFF	FYLCFLAFLL
CASTAPGGVTEAFF	FYLCFLAFLL
CASSYSRDPIYEQYF	FYLCFLAFLL
CASSQDFYRGSRGNTIYF	FYLCFLAFLL
CSARGRQDLYGYTF	FYLCFLAFLL
CASSRHQETSTDTQYF	FYLCFLAFLL
CSASLADQETQYF	FYLCFLAFLL
CASSLYVGGVGPEAFF	FYLCFLAFLL
CASRKNSATNEKLFF	FYLCFLAFLL
CASSLEAASSYNEQFF	FYLCFLAFLL
CASSLYYDENPEQYF	FYLCFLAFLL
CASGTYRADGYTF	FYLCFLAFLL
CASSLPGHYGYTF	FYLCFLAFLL
CASSREGGYNEQFF	FYLCFLAFLL
CASRNPTGGVEAFF	FYLCFLAFLL
CASRFKPGLAATEQYF	FYLCFLAFLL
CASSIRWVEGGEEDTQYF	FYLCFLAFLL
CSVTDRANYGYTF	FYLCFLAFLL
CASSHLGTFSYNEQFF	FYLCFLAFLL
CASGISGGLGYEQYF	FYLCFLAFLL
CSASSGPADTQYF	FYLCFLAFLL
CSARSSGRKDTQYF	FYLCFLAFLL
CSASREVSYNEQFF	FYLCFLAFLL
CASSTGTATDTQYF	FYLCFLAFLL
CATSSLQTGTDTQYF	FYLCFLAFLL
CSASGGPKETQYF	FYLCFLAFLL
CASRGTRVGEYSYEQYF	FYLCFLAFLL
CASSPDDSYYEQYF	FYLCFLAFLL
CASSQDHQGGYEQYF	FYLCFLAFLL
CASSFEGETQYF	FYLCFLAFLL
CASSSTGTAYNEQFF	FYLCFLAFLL
CASSPFGAGELFF	FYLCFLAFLL
CASSQDLGAGNTIYF	FYLCFLAFLL
CASSPRQGDYEQYF	FYLCFLAFLL
CSADGLAGSNEQFF	FYLCFLAFLL
CASSYTGSHEQYF	FYLCFLAFLL
CSAEGQGDYEQYF	FYLCFLAFLL
CSASRGGNEQFF	FYLCFLAFLL
CASSQEREINEQFF	FYLCFLAFLL
CASDLAGANNEQFF	FYLCFLAFLL
CASWGLRHTGELFF	FYLCFLAFLL
CSARDLHSYEQYF	FYLCFLAFLL
CASSEGVIKYQETQYF	FYLCFLAFLL
CSARGGAVGTEAFF	FYLCFLAFLL
CASSQPREGPQETQYF	FYLCFLAFLL
CASSDPPAGTYEQYF	FYLCFLAFLL
CASSFPPGQGPQETQYF	FYLCFLAFLL
CSVDGAGSGYNEQFF	FYLCFLAFLL
CASSEGTSGDTDTQYF	FYLCFLAFLL
CSATREESYNEQFF	FYLCFLAFLL
CASSSPDSMNTEAFF	FYLCFLAFLL
CASSVDRGGVLSNQPQHF	FYLCFLAFLL
CASSPRESARTHNYGYTF	FYLCFLAFLL
CSASREASGMGNQETQYF	FYLCFLAFLL
CASSPRDSNQPQHF	FYLCFLAFLL
CASSQADTGVYEQYF	FYLCFLAFLL
CASSFPGSLRETQYF	FYLCFLAFLL
CASSQEGLAGGNEQFF	FYLCFLAFLL
CASSIPKTGPNTGELFF	FYLCFLAFLL
CSASTDLEGMETQYF	FYLCFLAFLL
CSASRPDPTDTQYF	FYLCFLAFLL
CATWTGGVTGANVLTF	FYLCFLAFLL
CSASQQDGSTDTQYF	FYLCFLAFLL
CASGQGGGETQYF	FYLCFLAFLL
CASSGAGGTDTQYF	FYLCFLAFLL
CASSPDSAQKKYF	FYLCFLAFLL
CASWGGEETQYF	FYLCFLAFLL
CASRGILAGADSYEQYF	FYLCFLAFLL
CASRGLAGEYEQYF	FYLCFLAFLL
CSAPIGYTF	FYLCFLAFLL
CASSLGQGYNEQFF	FYLCFLAFLL
CSVHGNRAGAYNEQFF	FYLCFLAFLL
CASSQAGTGNYYGYTF	FYLCFLAFLL
CASLSSRKTQYF	FYLCFLAFLL
CASSQDHAGGPGYNEQFF	FYLCFLAFLL
CASSHSGLAGGPREQFF	FYLCFLAFLL
CASREYEQYF	FYLCFLAFLL
CASSLAGGQGVPDTQYF	FYLCFLAFLL
CASSLDSLGLYEQYF	FYLCFLAFLL
CASIPGPSGPEYGELFF	FYLCFLAFLL
CASSLFAAYEQYF	FYLCFLAFLL
CASSMGGGGNYNEQFF	FYLCFLAFLL
CASREGSSYEQYF	FYLCFLAFLL
CASSYSRSGTFSYEQYF	FYLCFLAFLL
CSASGEVRAARTDTQYF	FYLCFLAFLL
CASSPVSNQPQHF	FYLCFLAFLL
CASSLFGAGMNTEAFF	FYLCFLAFLL
CASRVAGAYTGELFF	FYLCFLAFLL
CASSLPRGQADPKQYF	FYLCFLAFLL
CASSWGEREVPDTQYF	FYLCFLAFLL
CASSLGTSAASSYEQYF	FYLCFLAFLL
CASSLLAMAYNEQFF	FYLCFLAFLL
CASSLEVSGDPSGYTF	FYLCFLAFLL
CASSALQETQYF	FYLCFLAFLL
CASSADRGYEQYF	FYLCFLAFLL
CASITDTQYF	FYLCFLAFLL
CASRGRWQKQPYEQYF	FYLCFLAFLL
CASSLLAGGGNTIYF	FYLCFLAFLL
CASSTSSTGTVNNQPQHF	FYLCFLAFLL
CSANFGTGVNEQFF	FYLCFLAFLL
CSASGRQNKETQYF	FYLCFLAFLL
CASSLLAGGPNEQFF	FYLCFLAFLL
CASSFTGNTEAFF	FYLCFLAFLL
CATSPYGGQWLTDEAFF	FYLCFLAFLL
CASSPEGTANTGELFF	FYLCFLAFLL
CASSQLINTEAFF	FYLCFLAFLL
CASSLDGAGDFTGELFF	FYLCFLAFLL
CASSFGDSYEQYF	FYLCFLAFLL
CSATSGKETQYF	FYLCFLAFLL
CSARDMRGHEQYF	FYLCFLAFLL
CRAGWDRVENGYTF	FYLCFLAFLL
CASSDWNEQFF	FYLCFLAFLL
CASNQGGTEAFF	FYLCFLAFLL
CATSVEGGPTGAQYF	FYLCFLAFLL
CASSYSPGRNTEAFF	FYLCFLAFLL
CASRYYEQYF	FYLCFLAFLL
CASSVGATEAFF	FYLCFLAFLL
CASSGVGTNTGELFF	FYLCFLAFLL
CASSKTGTQNIQYF	FYLCFLAFLL
CASSLSGGLSQPQHF	FYLCFLAFLL
CASSYSMAGGTYEQYF	FYLCFLAFLL
CASSGSSGRLYEQYF	FYLCFLAFLL
CASSPIAGGRRGTDTQYF	FYLCFLAFLL
CSATSEESYNEQFF	FYLCFLAFLL
CASSLDSPYEQYF	FYLCFLAFLL
CASSLWGPDTQYF	FYLCFLAFLL
CASSQERAGSRETQYF	FYLCFLAFLL
CASSAFTGTDTQYF	FYLCFLAFLL
CASSLGGMNTEAFF	FYLCFLAFLL
CSARGSGGEYNEQFF	FYLCFLAFLL
CASSHIVGPSYGYTF	FYLCFLAFLL
CASIIDFTEAFF	FYLCFLAFLL
CASSYGQTYEQYF	FYLCFLAFLL
CASSLVAGGYNEQFF	FYLCFLAFLL
CASSKRTRDGTDTQYF	FYLCFLAFLL
CASSSSGLLGNTIYF	FYLCFLAFLL
CASSEPGQVYEQYF	FYLCFLAFLL
CASRPGSAGYTF	FYLCFLAFLL
CSVEDWGSGDTDTQYF	FYLCFLAFLL
CASSLVVGGLANNEQFF	FYLCFLAFLL
CASSYSPSSYEQFF	FYLCFLAFLL
CASSLLAGGFNEQFF	FYLCFLAFLL
CASSPSGGEYEQYF	FYLCFLAFLL
CSASRESSYNEQFF	FYLCFLAFLL
CASSQGLYTDTQYF	FYLCFLAFLL
CASSPYSGSEQYF	FYLCFLAFLL
CASSSKSQGVIVNTEAFF	FYLCFLAFLL
CSATSYRGYTF	FYLCFLAFLL
CASSDLGQGSEQFF	FYLCFLAFLL
CSARIGSTEAFF	FYLCFLAFLL
CASSSPSYEGNTIYF	FYLCFLAFLL
CSVDLPGGVNEQFF	FYLCFLAFLL
CASSGEVGGNTIYF	FYLCFLAFLL
CASSQRDSYEQYF	FYLCFLAFLL
CASSDPGQTSTDTQYF	FYLCFLAFLL
CASSFGADTQYF	FYLCFLAFLL
CASSPDRGYEQYF	FYLCFLAFLL
CASSQGSGLYQETQYF	FYLCFLAFLL
CASSSDGGTPTAKNIQYF	FYLCFLAFLL
CASSRDSQPQHF	FYLCFLAFLL
CSVGGQGNTGELFF	FYLCFLAFLL
CASSLSGNEQFF	FYLCFLAFLL
CASSFDGNQPQHF	FYLCFLAFLL
CATSREGQPQHF	FYLCFLAFLL
CASRSVVQFF	FYLCFLAFLL
CSARGATRGGAGETQYF	FYLCFLAFLL
CASSPYLYYEQYF	FYLCFLAFLL
CASSGQGPHEQYF	FYLCFLAFLL
CSVVGQGGTNIQYF	FYLCFLAFLL
CASRGFLGEIIGTYEQYF	FYLCFLAFLL
CSARGAAGGYNEQFF	FYLCFLAFLL
CASSYGGRTFNEQFF	FYLCFLAFLL
CASSGPGSTSHQPQHF	FYLCFLAFLL
CASSPPRTGYMHTQYF	FYLCFLAFLL
CSAQDRTSNEQFF	FYLCFLAFLL
CASSAIHRDGYGYTF	FYLCFLAFLL
CASSQAAPRGGRSSYEQYF	FYLCFLAFLL
CASSRGRVGAYNEQFF	FYLCFLAFLL
CASSRGTDTQYF	FYLCFLAFLL
CASSLFGGGVNTEAFF	FYLCFLAFLL
CIDGIGKTQYF	FYLCFLAFLL
CASSVSGLTNEKLFF	FYLCFLAFLL
CASSPGFLGTGIYEQYF	FYLCFLAFLL
CASSQLAGGRNEQFF	FYLCFLAFLL
CASSGFSSYNEQFF	FYLCFLAFLL
CASSHQTGTGGSEQYF	FYLCFLAFLL
CSASDSPEETQYF	FYLCFLAFLL
CASSYYDSGGEQFF	FYLCFLAFLL
CSADLDKSSYNEQFF	FYLCFLAFLL
CASSYSTGGSSYEQYF	FYLCFLAFLL
CATSTTGKLAGYTF	FYLCFLAFLL
CASSLMTGGYNEQFF	FYLCFLAFLL
CASSIGGGGSYNEQFF	FYLCFLAFLL
CASSEVYSITGELFF	FYLCFLAFLL
CASSLGLTYEQYF	FYLCFLAFLL
CSARSIRDSYEQYF	FYLCFLAFLL
CSAEQGSGHGYTF	FYLCFLAFLL
CSVGRSGGNTGELFF	FYLCFLAFLL
CASSQTGGRQPQHF	FYLCFLAFLL
CASIPPASGSPPYNEQFF	FYLCFLAFLL
CASSPPDRAYEQYF	FYLCFLAFLL
CSARDQGISYEQYF	FYLCFLAFLL
CASSPPSPTGSNQPQHF	FYLCFLAFLL
CASSGRLAGDNEQFF	FYLCFLAFLL
CASSLDATGLYEQYF	FYLCFLAFLL
CASSHFAGSSYEQYF	FYLCFLAFLL
CASSRDRGYEQYF	FYLCFLAFLL
CSADSGTTLEQYF	FYLCFLAFLL
CASSLYPLTASSTDTQYF	FYLCFLAFLL
CASSLGGYEQYF	FYLCFLAFLL
CSATVRDSIYNEQFF	FYLCFLAFLL
CASSLGTVNTDTQYF	FYLCFLAFLL
CSAPRVGQGNTEAFF	FYLCFLAFLL
CASCPWGAWNEKLFF	FYLCFLAFLL
CASSPGAAAEAFF	FYLCFLAFLL
CSARGDSGAITDTQYF	FYLCFLAFLL
CASSQGSWGGELFF	FYLCFLAFLL
CASSLIPAGANVLTF	FYLCFLAFLL
CASSLAAGMHEQYF	FYLCFLAFLL
CASSSRTGIVNTEAFF	FYLCFLAFLL
CASSLIVPGEQYF	FYLCFLAFLL
CSASLEASGSTWGNEQFF	FYLCFLAFLL
CSADREETGATQYF	FYLCFLAFLL
CSAEDERGTLREQYF	FYLCFLAFLL
CSASREEGQETQYF	FYLCFLAFLL
CSATTSGKETQYF	FYLCFLAFLL
CASSSQTSGRPPYNEQFF	FYLCFLAFLL
CASSLDPRTGFYEQYF	FYLCFLAFLL
CASSLGGSYEQYF	FYLCFLAFLL
CASSLTEDTQYF	FYLCFLAFLL
CATSSAGGSKGETQYF	FYLCFLAFLL
CASSPAPMIEQYF	FYLCFLAFLL
CASSEDLMDNTEAFF	FYLCFLAFLL
CASSQSRDGNPYEQYF	FYLCFLAFLL
CASSGLASSGELFF	FYLCFLAFLL
CASSLTGGTDTQYF	FYLCFLAFLL
CSASGLTVEGHEQFF	FYLCFLAFLL
CASSPYQGDHEQFF	FYLCFLAFLL
CSASVASGGAGETQYF	FYLCFLAFLL
CASSQDRGISYEQYF	FYLCFLAFLL
CSASAVGSGEETQYF	FYLCFLAFLL
CASSLFGVYSSYNEQFF	FYLCFLAFLL
CASESFGSSYNSPLHF	FYLCFLAFLL
CASSIGGEAFF	FYLCFLAFLL
CASRRLGQETQYF	FYLCFLAFLL
CASSPLRVADTGELFF	FYLCFLAFLL
CASSQWAGTEAFF	FYLCFLAFLL
CASRAQGYGYTF	FYLCFLAFLL
CSVEANTGELFF	FYLCFLAFLL
CSASETGTGGTEQFF	FYLCFLAFLL
CASSQLAGGWNEQFF	FYLCFLAFLL
CSRPGTNYNEQFF	FYLCFLAFLL
CASSLSLGTGELFF	FYLCFLAFLL
CASSLFASYNEQFF	FYLCFLAFLL
CASSLSGQGYDEQYF	FYLCFLAFLL
CASSLTVMNTEAFF	FYLCFLAFLL
CASSQDGADTYEQYF	FYLCFLAFLL
CASTETDYNSPLHF	FYLCFLAFLL
CASSSSRPLHF	FYLCFLAFLL
CASSLYESEQYF	FYLCFLAFLL
CSASTPMLAGGPYGHNEQFF	FYLCFLAFLL
CSARDRGLAAYNEQFF	FYLCFLAFLL
CASSLAGGPISYNEQFF	FYLCFLAFLL
CASSIGTSQYNEQFF	FYLCFLAFLL
CASSQFDPAGTQYF	FYLCFLAFLL
CSARGLAGTSYEQYF	FYLCFLAFLL
CSASGTGEAFF	FYLCFLAFLL
CSAGTETSTDTQYF	FYLCFLAFLL
CASSPQEGQGLGTQYF	FYLCFLAFLL
CSADRGGAADTQYF	FYLCFLAFLL
CASSSFGINTEAFF	FYLCFLAFLL
CASSLGANQPQHF	FYLCFLAFLL
CSASREEITDTQYF	FYLCFLAFLL
CASSIFEGRDQPQHF	FYLCFLAFLL
CSAEPGLAEQRGATQYF	FYLCFLAFLL
CASSPTEFNEQFF	FYLCFLAFLL
CASSQSTGPVPGEQYF	FYLCFLAFLL
CASGLGSGGWYEQFF	FYLCFLAFLL
CASFLREGTGELFF	FYLCFLAFLL
CSGSGTQETQYF	FYLCFLAFLL
CASFGRVEQYF	FYLCFLAFLL
CASSQDTTGEQYF	FYLCFLAFLL
CASSLPTGFYGYTF	FYLCFLAFLL
CSARGLDVNEQFF	FYLCFLAFLL
CATSPIHHLAGTYNEQFF	FYLCFLAFLL
CSADGTSHNEQFF	FYLCFLAFLL
CASSVVKDHPETQYF	FYLCFLAFLL
CSARDGDTSSYEQYF	FYLCFLAFLL
CASSAAGAGELFF	FYLCFLAFLL
CASSLGQVGYEQYF	FYLCFLAFLL
CSVPDVGYTF	FYLCFLAFLL
CSASSEGSSYNEQFF	FYLCFLAFLL
CASSFPEAGLTEAFF	FYLCFLAFLL
CASKKREPEETQYF	FYLCFLAFLL
CASSLDQETQYF	FYLCFLAFLL
CSARGFTDSYEQYF	FYLCFLAFLL
CASSESPRMADTQYF	FYLCFLAFLL
CASSILAGGDNEQFF	FYLCFLAFLL
CAIRSPGQGIYEQYF	FYLCFLAFLL
CASRPDSADTQYF	FYLCFLAFLL
CASSIPLFEQYF	FYLCFLAFLL
CASSLQGGVYEQYF	FYLCFLAFLL
CASSREGLAGNEQFF	FYLCFLAFLL
CSASGEGTGGLEQYF	FYLCFLAFLL
CASTREKAGGKGNTGELFF	FYLCFLAFLL
CASSFSGDTYEQYF	FYLCFLAFLL
CASSLDRGYEQYF	FYLCFLAFLL
CSARDPTTSLHF	FYLCFLAFLL
CSASFLGESTEAFF	FYLCFLAFLL
CSATTEDETQYF	FYLCFLAFLL
CATTGGSYEQYF	FYLCFLAFLL
CSAGTENNEQFF	FYLCFLAFLL
CSARGLADSYEQYF	FYLCFLAFLL
CASSEGPTNSPLHF	FYLCFLAFLL
CGGTGDANEQFF	FYLCFLAFLL
CASSQDGGRSYGYTF	FYLCFLAFLL
CASSLGQGTPNTGELFF	FYLCFLAFLL
CASSVGTVLYEQYF	FYLCFLAFLL
CSANTGTGGYEQYF	FYLCFLAFLL
CASSLTGTGGYYYGYTF	FYLCFLAFLL
CASSPGQGAAEQYF	FYLCFLAFLL
CASSLAIGIEQFF	FYLCFLAFLL
CASDPTRDGRIQYF	FYLCFLAFLL
CSASVRGSGGNEQFF	FYLCFLAFLL
CSAGTIQETQYF	FYLCFLAFLL
CASRTGGYEQYF	FYLCFLAFLL
CAGRGTEKYEQYF	FYLCFLAFLL
CSVTGADTEAFF	FYLCFLAFLL
CASSPTIDRGGSTDTQYF	FYLCFLAFLL
CASSLFLAGDEQFF	FYLCFLAFLL
CASSYSGAGELFF	FYLCFLAFLL
CATSNDRVLNQPQHF	FYLCFLAFLL
CASSDPDSLQFF	FYLCFLAFLL
CASSPAPDVNTGELFF	FYLCFLAFLL
CSASSSGGAVGSTDTQYF	FYLCFLAFLL
CASSLTDRGFQETQYF	FYLCFLAFLL
CASSQSETGELFF	FYLCFLAFLL
CASSEGIPYEQYF	FYLCFLAFLL
CASSNTSGKVYEQYF	FYLCFLAFLL
CSGGGYQETQYF	FYLCFLAFLL
CASSFGGAQVTYEQYF	FYLCFLAFLL
CSARDTQASYEQYF	FYLCFLAFLL
CASSTTRIGTGELFF	FYLCFLAFLL
CATSDLPGEQFF	FYLCFLAFLL
CASSNGLAGFQETQYF	FYLCFLAFLL
CASSPLTSGITYEQYF	FYLCFLAFLL
CSAPSGPSYEQYF	FYLCFLAFLL
CASSYGVGRNNQPQHF	FYLCFLAFLL
CAWSVLLYNEQFF	FYLCFLAFLL
CASSPEGRVYNEQFF	FYLCFLAFLL
CASSPEGMLGEQYF	FYLCFLAFLL
CASSHGTGSEQYF	FYLCFLAFLL
CASSLGASSEQYF	FYLCFLAFLL
CASSESRQLTGETQYF	FYLCFLAFLL
CASSLGSSYNEQFF	FYLCFLAFLL
CSAEPEPGPPGGETQYF	FYLCFLAFLL
CSARDPPQTGNEQFF	FYLCFLAFLL
CASSIWTGGFSSYEQYF	FYLCFLAFLL
CATWQSGELFF	FYLCFLAFLL
CSADHGTGLHEQYF	FYLCFLAFLL
CASSSPGTGEEKNEQFF	FYLCFLAFLL
CASTPGASGVSPADTQYF	FYLCFLAFLL
CASSLTARSTEAFF	FYLCFLAFLL
CSVAIEGGGGNEQYF	FYLCFLAFLL
CSARDQASGDNEQFF	FYLCFLAFLL
CASSSGTGSPYEQYF	FYLCFLAFLL
CSVAENTEAFF	FYLCFLAFLL
CASSQVPPGETQYF	FYLCFLAFLL
CASSPGAEQYF	FYLCFLAFLL
CASSIVRNEQFF	FYLCFLAFLL
CASSVAPAGGPNIQYF	FYLCFLAFLL
CSASSSYNEQFF	FYLCFLAFLL
CASSDDSMNTEAFF	FYLCFLAFLL
CASSIGLAGGPEQFF	FYLCFLAFLL
CASSHGLQLVGEQFF	FYLCFLAFLL
CADPLGREDTEAFF	FYLCFLAFLL
CASSLGPPSSYEQYF	FYLCFLAFLL
CSADFEGRGRKRDLRGAENEQFF	FYLCFLAFLL
CASSDPLGSPLHF	FYLCFLAFLL
CASSLGQGLDEQFF	FYLCFLAFLL
CSANSGNRYNEQFF	FYLCFLAFLL
CASSFVGGSNEQFF	FYLCFLAFLL
CASSLPLPGTGGSTNEKLFF	FYLCFLAFLL
CATVRQLPYSNQPQHF	FYLCFLAFLL
CASSQDVPGGAYGYTF	FYLCFLAFLL
CSARIQGQEYEKLFF	FYLCFLAFLL
CSATPGHQLGETQYF	FYLCFLAFLL
CASSLVGMGDTQYF	FYLCFLAFLL
CSAPLIGPSEQYF	FYLCFLAFLL
CSASAGGPNGETQYF	FYLCFLAFLL
CASSADSNGYTF	FYLCFLAFLL
CSAPRVGGEGANVLTF	FYLCFLAFLL
CASRGPGLAGETYEQYF	FYLCFLAFLL
CASSYWDGFTGELFF	FYLCFLAFLL
CASSFGDEQFF	FYLCFLAFLL
CATSLDSGKYQPQHF	FYLCFLAFLL
CSASGSRTSGVGETQYF	FYLCFLAFLL
CSATMEGDEQYF	FYLCFLAFLL
CASSVGPRGREDTGELFF	FYLCFLAFLL
CASSPDRGNQPQHF	FYLCFLAFLL
CASSLGDSGANVLTF	FYLCFLAFLL
CSATFESGGAGETQYF	FYLCFLAFLL
CASSLALDRVGTGELFF	FYLCFLAFLL
CASSLDLVQPQHF	FYLCFLAFLL
CASSNLGRGDEQFF	FYLCFLAFLL
CSAGTADETQYF	FYLCFLAFLL
CASSSPRASYGEQYF	FYLCFLAFLL
CASRGLGLAGTLYEQYF	FYLCFLAFLL
CASSLAEGGFYEQYF	FYLCFLAFLL
CSAQSSLSSYNEQFF	FYLCFLAFLL
CASSLGGNQPQHF	FYLCFLAFLL
CSAPPLAARDTEAFF	FYLCFLAFLL
CASSLDRTPYSNQPQHF	FYLCFLAFLL
CASSYSGTSGRWETQYF	FYLCFLAFLL
CSAGLLSSYNEQFF	FYLCFLAFLL
CASSSGFRGYTF	FYLCFLAFLL
CASSLMGWGGSHQKTQYF	FYLCFLAFLL
CASSPFGANVLTF	FYLCFLAFLL
CSVAAGGTYGYTF	FYLCFLAFLL
CASSTPFQAYYGYTF	FYLCFLAFLL
CSASLEGDEQFF	FYLCFLAFLL
CASSLEAAYGYTF	FYLCFLAFLL
CASSQGSEQFF	FYLCFLAFLL
CATRGGWSYNEQFF	FYLCFLAFLL
CASSYSGEDQSF	FYLCFLAFLL
CSAPASSNYGYTF	FYLCFLAFLL
CASSPGELEQYF	FYLCFLAFLL
CASSEWVTSGGNEQYF	FYLCFLAFLL
CASSADRNYGYTF	FYLCFLAFLL
CSASLEGQEYEETQYF	FYLCFLAFLL
CSELTGTGITDTQYF	FYLCFLAFLL
CASTIHRGLNTGELFF	FYLCFLAFLL
CSARSSEGQFVGGTEAFF	FYLCFLAFLL
CASSDGTNYGYTF	FYLCFLAFLL
CASRGVAGSTDTQYF	FYLCFLAFLL
CASSLFGTGPTDTQYF	FYLCFLAFLL
CASSFDRGYEQYF	FYLCFLAFLL
CASAQGGPYNEQFF	FYLCFLAFLL
CASSLYLADNEQFF	FYLCFLAFLL
CSVNDITDTQYF	FYLCFLAFLL
CASSRATGAFF	FYLCFLAFLL
CASSPTQRASSYEQYF	FYLCFLAFLL
CASKAGGGGYTF	FYLCFLAFLL
CASSLEEGLKGVWEQFF	FYLCFLAFLL
CASSPTDRVDTEAFF	FYLCFLAFLL
CASSLAPVGVSYNEQFF	FYLCFLAFLL
CASSLGDSTYEQYF	FYLCFLAFLL
CSADGLAGGNEQFF	FYLCFLAFLL
CASSQESGVKFF	FYLCFLAFLL
CASSLSTSSSYNEQFF	FYLCFLAFLL
CASSPNEATTNEKLFF	FYLCFLAFLL
CATWGQKFDEQYF	FYLCFLAFLL
CASSLVAGSSSYEQYF	FYLCFLAFLL
CASRGPGQGSYEQYF	FYLCFLAFLL
CARSADRDLLEQYF	FYLCFLAFLL
CASSARAGGKTDTQYF	FYLCFLAFLL
CSAETRSYNEQFF	FYLCFLAFLL
CASSQGIRGAFGEQYF	FYLCFLAFLL
CASSHLGTGQDEQYF	FYLCFLAFLL
CASSQDGLAGAYNEQFF	FYLCFLAFLL
CSARDRESYEQYF	FYLCFLAFLL
CASTGRQGAGETQYF	FYLCFLAFLL
CASSSWETGIEQYF	FYLCFLAFLL
CASSLRDRATLAKNIQYF	FYLCFLAFLL
CASSELLFGQGSNQPQHF	FYLCFLAFLL
CASSLLGSYNEQFF	FYLCFLAFLL
CSVVGLGGAYGYTF	FYLCFLAFLL
CSARPSGGARLDTQYF	FYLCFLAFLL
CASSLVAGNEQFF	FYLCFLAFLL
CASSQQEDNSPLHF	FYLCFLAFLL
CASSQALGTEAFF	FYLCFLAFLL
CASSTLAGTGELFF	FYLCFLAFLL
CASSQGAGGSYEQYF	FYLCFLAFLL
CASSVDKLAVYHEQFF	FYLCFLAFLL
CASSFGADMNTEAFF	FYLCFLAFLL
CASTRGGTRSSEQYF	FYLCFLAFLL
CSARNNEQFF	FYLCFLAFLL
CASSYGTGQGYNEQFF	FYLCFLAFLL
CASSPDSYEQYF	FYLCFLAFLL
CASSQEGSGSYEQYF	FYLCFLAFLL
CSAGSTTDTQYF	FYLCFLAFLL
CAISEFSSRAEPRYTF	FYLCFLAFLL
CASSGLTGDSYEQYF	FYLCFLAFLL
CASSGQVAMNTEAFF	FYLCFLAFLL
CSANRLAGPRGEQETQYF	FYLCFLAFLL
CSASVFLAGETQYF	FYLCFLAFLL
CAISEGSGGAIITDTQYF	FYLCFLAFLL
CASSEAIAAGVPSEQYF	FYLCFLAFLL
CASSLFGGVPNEQFF	FYLCFLAFLL
CASSLAGENEQFF	FYLCFLAFLL
CASSEFLWGQPQHF	FYLCFLAFLL
CSVEGWGAVYNEQFF	FYLCFLAFLL
CASSFPPNSRESYGYTF	FYLCFLAFLL
CASKPGQGSANYNEQFF	FYLCFLAFLL
CASSPSERAPEQFF	FYLCFLAFLL
CASSSPRSTSTDTQYF	FYLCFLAFLL
CASSLGYNEQFF	FYLCFLAFLL
CSARDLADSYEQYF	FYLCFLAFLL
CSADVAGVYNEQFF	FYLCFLAFLL
CASRGWMGGSVEQFF	FYLCFLAFLL
CASSIDSSTDTQYF	FYLCFLAFLL
CASRGRDRGRGGSYEQYF	FYLCFLAFLL
CAISDPGGAADEQFF	FYLCFLAFLL
CASSSPGTGSTEAFF	FYLCFLAFLL
CATRGLAGASSYEQYF	FYLCFLAFLL
CASSHGLAGEYEQYF	FYLCFLAFLL
CASSFWGGNTEAFF	FYLCFLAFLL
CASSQLAGGYNEQFF	FYLCFLAFLL
CASSYTGMVYEQYF	FYLCFLAFLL
CASSYGGPTDTQYF	FYLCFLAFLL
CSVEGTGASDEQFF	FYLCFLAFLL
CSVEDLQRATQYF	FYLCFLAFLL
CASIQENSYEQYF	FYLCFLAFLL
CSARREGNEQFF	FYLCFLAFLL
CASRRYPLAGEDLSQYF	FYLCFLAFLL
CASSLGDGNQPQHF	FYLCFLAFLL
CASSRLAGGPNEQFF	FYLCFLAFLL
CASSQEGLRQETQYF	FYLCFLAFLL
CSASGIYNEQFF	FYLCFLAFLL
CASSQDWQGGYEQYF	FYLCFLAFLL
CASSLFTGGRAGELFF	FYLCFLAFLL
CASSFTSGSTLRYEQYF	FYLCFLAFLL
CAWSVHELAGDEQFF	FYLCFLAFLL
CASSLASVREQYF	FYLCFLAFLL
CASSSFGPHTYEQYF	FYLCFLAFLL
CASSQDQRGGYEQYF	FYLCFLAFLL
CASSEQGAGANVLTF	FYLCFLAFLL
CASRSAGGRRFGNRNEQFF	FYLCFLAFLL
CSAADWGRDEKLFF	FYLCFLAFLL
CASSSGLAGIGQYEQYF	FYLCFLAFLL
CSARDEGQIYGYTF	FYLCFLAFLL
CASTSLHPNYGYTF	FYLCFLAFLL
CASSLVIDEQFF	FYLCFLAFLL
CASSDRAGHEKLFF	FYLCFLAFLL
CSAADVSTEAFF	FYLCFLAFLL
CASSFSAALSSYNEQFF	FYLCFLAFLL
CSATGESSYNEQFF	FYLCFLAFLL
CATSTPPPGLATSTDTQYF	FYLCFLAFLL
CASSLTPRGGAAQGYTF	FYLCFLAFLL
CASSQGQGGYEQYF	FYLCFLAFLL
CASSLLAGGDNEQFF	FYLCFLAFLL
CASSIAGGPSNEQFF	FYLCFLAFLL
CASSEGRNNQPQHF	FYLCFLAFLL
CSASILAEETQYF	FYLCFLAFLL
CSADRLGSEQFF	FYLCFLAFLL
CASSPSPNYGYTF	FYLCFLAFLL
CASSYTQADEQFF	FYLCFLAFLL
CSAPVGIQGARGTEAFF	FYLCFLAFLL
CSVGTVNTEAFF	FYLCFLAFLL
CSARDTPNYGYTF	FYLCFLAFLL
CASSSIKRQGVFSGANVLTF	FYLCFLAFLL
CATSSASGSTDTQYF	FYLCFLAFLL
CASSLGIGQLYEQYF	FYLCFLAFLL
CASSPYADRALSNQPQHF	FYLCFLAFLL
CSAYSGGAADTQYF	FYLCFLAFLL
CATSDRTGAYEQYF	FYLCFLAFLL
CASTDREMNTEAFF	FYLCFLAFLL
CASSPDRGYEQYF	FYLCFLAFLL
CASSHLAGGYNEQFF	FYLCFLAFLL
CSADTGTGVSPLHF	FYLCFLAFLL
CASSPMGRGLEQYF	FYLCFLAFLL
CSASPAGAKMVEYF	FYLCFLAFLL
CASSGTGRRAGELFF	FYLCFLAFLL
CASSLRGAHNSPLHF	FYLCFLAFLL
CSASTSGPYNEQFF	FYLCFLAFLL
CASGPPGGITEAFF	FYLCFLAFLL
CSVGRENNEQFF	FYLCFLAFLL
CASSVSLSAVQFF	FYLCFLAFLL
CASSQPPASSGEQYF	FYLCFLAFLL
CASSLVLGDEAFF	FYLCFLAFLL
CASSKGRGALVTEAFF	FYLCFLAFLL
CASSSISRDTNTGELFF	FYLCFLAFLL
CASENAGLGVGEQYF	FYLCFLAFLL
CASTLLGGGADEQYF	FYLCFLAFLL
CASSAGFAANSPLHF	FYLCFLAFLL
CASSVWDLGNTGELFF	FYLCFLAFLL
CACGRAPHNEQFF	FYLCFLAFLL
CSTQLHTDTQYF	FYLCFLAFLL
CASRLNVGIQNTGELFF	FYLCFLAFLL
CASPSSRGDGNTIYF	FYLCFLAFLL
CASSSLPGTGGPNQPQHF	FYLCFLAFLL
CSVLLADSYNEQFF	FYLCFLAFLL
CASRGPHPGGSYEQYF	FYLCFLAFLL
CASGLVGQGIQETQYF	FYLCFLAFLL
CSADQGAQETQYF	FYLCFLAFLL
CSATGDRYEQYF	FYLCFLAFLL
CSATSETSGRGETQYF	FYLCFLAFLL
CSARDYRGERGNEQFF	FYLCFLAFLL
CSAPGGTYYEQYF	FYLCFLAFLL
CASSVAGLVTDTQYF	FYLCFLAFLL
CASSSSYNSPLHF	FYLCFLAFLL
CASRYPDEQFF	FYLCFLAFLL
CSARVAVDGDNEQFF	FYLCFLAFLL
CASSLVQYSNQPQHF	FYLCFLAFLL
CASSQGTYGTGGTEQFF	FYLCFLAFLL
CASSPGPPGELFF	FYLCFLAFLL
CASSLRGRVNNEQFF	FYLCFLAFLL
CASSLDRTGGTDTQYF	FYLCFLAFLL
CASSQASVHNEQFF	FYLCFLAFLL
CSARGWREDYYEQYF	FYLCFLAFLL
CASSYAGQPEGMNTEAFF	FYLCFLAFLL
CSASQITDTQYF	FYLCFLAFLL
CASSLDRGLNSPLHF	FYLCFLAFLL
CASSLITGENNEQFF	FYLCFLAFLL
CASSQDPRVGYGYTF	FYLCFLAFLL
CASRPQGRGETQYF	FYLCFLAFLL
CSATDRAHEQYF	FYLCFLAFLL
CASSNSGAGEKLFF	FYLCFLAFLL
CASSGSGRPQETQYF	FYLCFLAFLL
CASSLFATNTGELFF	FYLCFLAFLL
CASSQDPGTEYSPLHF	FYLCFLAFLL
CASRTRGELFF	FYLCFLAFLL
CSASTIGGLAGVSRADEQFF	FYLCFLAFLL
CASSLGVVDTKYF	FYLCFLAFLL
CSADRLAGGKETQYF	FYLCFLAFLL
CASSLLALAFQETQYF	FYLCFLAFLL
CASSQVMARNTGELFF	FYLCFLAFLL
CSARDNGLGDNEQFF	FYLCFLAFLL
CATSRPRDSVWELFF	FYLCFLAFLL
CASSLAGGLPGDTQYF	FYLCFLAFLL
CASSYLAGPAYNEQFF	FYLCFLAFLL
CASSLRGLSEAFF	FYLCFLAFLL
CATKQESERANEKLFF	FYLCFLAFLL
CSARVGYREAFF	FYLCFLAFLL
CASSLLVGDTQYF	FYLCFLAFLL
CASRRESTDTQYF	FYLCFLAFLL
CATCSSGEGSDTQYF	FYLCFLAFLL
CASSHGTGWGSYNEQFF	FYLCFLAFLL
CASSSIQGAISDTQYF	FYLCFLAFLL
CSASGGTDTQYF	FYLCFLAFLL
CASSSLPGLATETQYF	FYLCFLAFLL
CASSFGHLDVQANYGYTF	FYLCFLAFLL
CASVGQSSGNTIYF	FYLCFLAFLL
CSASGQESLSSYEQYF	FYLCFLAFLL
CASSLASPYNEQFF	FYLCFLAFLL
CSARDRRGASYNEQFF	FYLCFLAFLL
CSASAEAGSYNEQFF	FYLCFLAFLL
CASSLASSFYEQYF	FYLCFLAFLL
CASSDGDSDSNQPQHF	FYLCFLAFLL
CASRPDSSGSPLHF	FYLCFLAFLL
CSATERDSSNEQFF	FYLCFLAFLL
CASSDLESYNEQFF	FYLCFLAFLL
CSAQREGRHEQYF	FYLCFLAFLL
CSASREGGQETQYF	FYLCFLAFLL
CSAGGAEQYF	FYLCFLAFLL
CASSLSGQGTYEQYF	FYLCFLAFLL
CASSRNSGANEKLFF	FYLCFLAFLL
CASSYSPDHTQYF	FYLCFLAFLL
CAWRRPGTTGAPEQFF	FYLCFLAFLL
CASSLSYYEQYF	FYLCFLAFLL
CSADSSGTVQETQYF	FYLCFLAFLL
CASTHWDRPYEQYF	FYLCFLAFLL
CASSLVAGFTGELFF	FYLCFLAFLL
CASSPWVSDTQYF	FYLCFLAFLL
CAGIAGSYNEQFF	FYLCFLAFLL
CASSQDGYNEQFF	FYLCFLAFLL
CASSLLDGDTQYF	FYLCFLAFLL
CASSYDRGAQSSYEQYF	FYLCFLAFLL
CSLGQSTDTQYF	FYLCFLAFLL
CSASWVSETQYF	FYLCFLAFLL
CSAHPRDRQETQYF	FYLCFLAFLL
CAISEASAHNEQFF	FYLCFLAFLL
RASSLFRQGRANTEAFF	FYLCFLAFLL
CASSLGLPLESDEQFF	FYLCFLAFLL
CASAFHQDRASKPQHF	FYLCFLAFLL
CSADRWAGQGAANTGELFF	FYLCFLAFLL
CATSSSTGTSGRTDTQYF	FYLCFLAFLL
CSALRDRGLYGYTF	FYLCFLAFLL
CASSRQARLNEQFF	FYLCFLAFLL
CSARALLSYEQYF	FYLCFLAFLL
CASSYKLGVNEQFF	FYLCFLAFLL
CASSSIGGSEQFF	FYLCFLAFLL
CASSQGTGLAGPDTQYF	FYLCFLAFLL
CASSLPGQGSRVGNSPLHF	FYLCFLAFLL
CASSDRQGGIYRAFF	FYLCFLAFLL
CASSPEGRVSSYNEQFF	FYLCFLAFLL
CASSQDLTVIAGTGYEQYF	FYLCFLAFLL
CATEIAGGYNEQFF	FYLCFLAFLL
CSARHRQTNYGYTF	FYLCFLAFLL
CASSLAGQETQYF	FYLCFLAFLL
CSASSPAAPVNNEQFF	FYLCFLAFLL
CASTGILATDSPPSTDTQYF	FYLCFLAFLL
CASSDYNEQFF	FYLCFLAFLL
CASSPLPGQGQTQYF	FYLCFLAFLL
CASSLALAGVRETQYF	FYLCFLAFLL
CASSPPGEGRVF	FYLCFLAFLL
CSATFPGGGETQYF	FYLCFLAFLL
CASTQGYNEQFF	FYLCFLAFLL
CASSEQGSQPQHF	FYLCFLAFLL
CASSQPTSGLYEQYF	FYLCFLAFLL
CASSLAARVQETQYF	FYLCFLAFLL
CATLPFRGNPYEQYF	FYLCFLAFLL
CASRPISGTGTNTGELFF	FYLCFLAFLL
CASSRWGAGNEQFF	FYLCFLAFLL
CASSLLDRGLVEPQHF	FYLCFLAFLL
CASSLGQGTDTQYF	FYLCFLAFLL
CASSLAAGSVEQFF	FYLCFLAFLL
CASSQVTGGVKYGYTF	FYLCFLAFLL
CASSWGQGGLDEQFF	FYLCFLAFLL
CASSLGGATGYTF	FYLCFLAFLL
CASSLDSGTGKSYEQYF	FYLCFLAFLL
CSARGKTSYEQYF	FYLCFLAFLL
CASRHGAYEQYF	FYLCFLAFLL
CASSWASGDNEQFF	FYLCFLAFLL
CSVVSPLGVSSYNEQFF	FYLCFLAFLL
CASSEVGVGTDTQYF	FYLCFLAFLL
CSAPFTSIREQYF	FYLCFLAFLL
CASSLTGNTEAFF	FYLCFLAFLL
CASSLVGLGGDTQYF	FYLCFLAFLL
CASRGLAGDTYEQYF	FYLCFLAFLL
CASSYTANTEAFF	FYLCFLAFLL
CSALAGGNYNEQFF	FYLCFLAFLL
CASSSLGGYEQYF	FYLCFLAFLL
CSAKGGGASGSLHEQFF	FYLCFLAFLL
CASTVRGESYNEQFF	FYLCFLAFLL
CSANPTGFEQFF	FYLCFLAFLL
CASSDSGRVDEQYF	FYLCFLAFLL
CASSWGYRGGDTEAFF	FYLCFLAFLL
CASSESGGTEAFF	FYLCFLAFLL
CASSPPQVLTGEQYF	FYLCFLAFLL
CSAGLEERYNEQFF	FYLCFLAFLL
CASRGRGTSGAKAHYEQYF	FYLCFLAFLL
CASSIYLAGGHNEQFF	FYLCFLAFLL
CASSLDRVGYNEQFF	FYLCFLAFLL
CSADTRLRDIYEQFF	FYLCFLAFLL
CSADGGSSYNEQFF	FYLCFLAFLL
CASSYSSGELFF	FYLCFLAFLL
CASSQETSLIPRETQYF	FYLCFLAFLL
CASSWGGLEDYF	FYLCFLAFLL
CASSLAGTASGYTF	FYLCFLAFLL
CASSLEWGAPNEETQYF	FYLCFLAFLL
CASSSEQPIYNSPLHF	FYLCFLAFLL
CSATQEKETQYF	FYLCFLAFLL
CASSLVQVQETQYF	FYLCFLAFLL
CASSLTDSGSYNEQFF	FYLCFLAFLL
CSARGAILERSPLHF	FYLCFLAFLL
CASRIHRDRVYEQYF	FYLCFLAFLL
CASSLPGAAFF	FYLCFLAFLL
CSVVLGQGVGYTF	FYLCFLAFLL
CSAIQVLEDYGYTF	FYLCFLAFLL
CASSFTSGMGYEQYF	FYLCFLAFLL
CASSRMNSYEQYF	FYLCFLAFLL
CASSLGGSGTQYF	FYLCFLAFLL
CASSSDRAGEAFF	FYLCFLAFLL
CASSYAPGQASYEQYF	FYLCFLAFLL
CASSFSAGGLNEQFF	FYLCFLAFLL
CASSYSGPRELFF	FYLCFLAFLL
CASSPGQPSNQPQHF	FYLCFLAFLL
CASSEYFEGPNTGELFF	FYLCFLAFLL
CASRYTPTGNTEAFF	FYLCFLAFLL
CASSQDLEYEQYF	FYLCFLAFLL
CSASLSGNEQFF	FYLCFLAFLL
CSAGLGTYNEQFF	FYLCFLAFLL
CASSYWRDREKTQYF	FYLCFLAFLL
CASPINDRELSGANVLTF	FYLCFLAFLL
CASSFRLYYEQYF	FYLCFLAFLL
CSASARDHTYNEQFF	FYLCFLAFLL
CASSFSGGPVSYNEQFF	FYLCFLAFLL
CASSAGTSGIFSYEQYF	FYLCFLAFLL
CASRSPGVMGADTQYF	FYLCFLAFLL
CASRPGGRYEQYF	FYLCFLAFLL
CSARGLQDAYEQYF	FYLCFLAFLL
CASSIYGGRNTGELFF	FYLCFLAFLL
CSASIGLAGEVGETQYF	FYLCFLAFLL
CASSSDRLAGNTDTQYF	FYLCFLAFLL
CASSYSSSGGAEQFF	FYLCFLAFLL
CSARGGSYEQYF	FYLCFLAFLL
CASSLEGDRVNIQYF	FYLCFLAFLL
CASTLKPGQGANEQFF	FYLCFLAFLL
CASSFLPGESSYNEQFF	FYLCFLAFLL
CASSRLERADYNEQFF	FYLCFLAFLL
CSVGGLDSYNEQFF	FYLCFLAFLL
CAVGGGYTF	FYLCFLAFLL
CSADAPGAETQYF	FYLCFLAFLL
CASSQVAGGLSTDTQYF	FYLCFLAFLL
CASSPVPGVDTQYF	FYLCFLAFLL
CSADSGTQNEKLFF	FYLCFLAFLL
CASSAKGPGELFF	FYLCFLAFLL
CASRDRTIQETQYF	FYLCFLAFLL
CAISDDGSNQPQHF	FYLCFLAFLL
CASSQLAGGNNEQFF	FYLCFLAFLL
CASSRIPVAGANTGELFF	FYLCFLAFLL
CSAATENNEQFF	FYLCFLAFLL
CASSFGRGVRGETQYF	FYLCFLAFLL
CSAQIEGLAHLNEQFF	FYLCFLAFLL
CASRGLGTNLESYEQYF	FYLCFLAFLL
CASKPPGLSNADTQYF	FYLCFLAFLL
CSVETGGMNTEAFF	FYLCFLAFLL
CASRGTGSQPQHF	FYLCFLAFLL
CASKGQGTPNEQFF	FYLCFLAFLL
CASSLGDRVYEQYF	FYLCFLAFLL
CASSYTPSGELFF	FYLCFLAFLL
CASSFSSSGYTF	FYLCFLAFLL
CASSVGTGAFTDTQYF	FYLCFLAFLL
CASSLGTSSSYEQYF	FYLCFLAFLL
CASMLSGTRGETQYF	FYLCFLAFLL
CASTQAGEQYF	FYLCFLAFLL
CACGGELFF	FYLCFLAFLL
CASRGLAKSSYEQYF	FYLCFLAFLL
CATQGAGETQYF	FYLCFLAFLL
CASSLAIGGPHATNEKLFF	FYLCFLAFLL
CSASPLDSIALTQYF	FYLCFLAFLL
CASSTQGSGELFF	FYLCFLAFLL
CASSRARTSPSTDTQYF	FYLCFLAFLL
CSALAGKAYNEQFF	FYLCFLAFLL
CASTRGTEAFF	FYLCFLAFLL
CASRGVRTELYEQYF	FYLCFLAFLL
CASSPGTTGNTIYF	FYLCFLAFLL
CSAGLETSLPYEQYF	FYLCFLAFLL
CASSQTLNNEQFF	FYLCFLAFLL
CASSAPDQARALPNEQFF	FYLCFLAFLL
CASSLTVGANQPQHF	FYLCFLAFLL
CASSLGASSYNEQFF	FYLCFLAFLL
CSASGLAAVQAGGPYGETQYF	FYLCFLAFLL
CATSRDFSGTRDTGELFF	FYLCFLAFLL
CSATVRDSIHNEQFF	FYLCFLAFLL
CASSTLDAPNQPQHF	FYLCFLAFLL
CASSKTGVGEQYF	FYLCFLAFLL
CASSAGTEQYF	FYLCFLAFLL
CSGLRTGGRAGELFF	FYLCFLAFLL
CASSLTGGGYEQYF	FYLCFLAFLL
CASRGPGGSSYEQYF	FYLCFLAFLL
CASSPPTYGGEETQYF	FYLCFLAFLL
CASSYGGKGVTDTQYF	FYLCFLAFLL
CASSYWAADTQYF	FYLCFLAFLL
CASSSLDLTGELFF	FYLCFLAFLL
CASSLGRDAGSYEQYF	FYLCFLAFLL
CASSYGGNNEQFF	FYLCFLAFLL
CASSLLGTGELFF	FYLCFLAFLL
CASSPGLSSLAKNIQYF	FYLCFLAFLL
CASSEGQGYEQYF	FYLCFLAFLL
CASSYSLAGGTYEQYF	FYLCFLAFLL
CSVTREHNEQFF	FYLCFLAFLL
CASSLLAGGHNEQFF	FYLCFLAFLL
CASSQQLSEAFF	FYLCFLAFLL
CATSGDGGTGELFF	FYLCFLAFLL
CASSLDGVDEQYF	FYLCFLAFLL
CSASQDSNEQFF	FYLCFLAFLL
CASSLLQGAGSNQPQHF	FYLCFLAFLL
CASTPGGVPYEQYF	FYLCFLAFLL
CASTRTGGVYGYTF	FYLCFLAFLL
CASDGGGGANVLTF	FYLCFLAFLL
CSADRARQGYEQYF	FYLCFLAFLL
CSASRAGVSQETQYF	FYLCFLAFLL
CASSLWGATYNSPLHF	FYLCFLAFLL
CASRGNSPLHF	FYLCFLAFLL
CASSLDGSYEQYF	FYLCFLAFLL
CSATSGGSGNTGELFF	FYLCFLAFLL
CASSLVGGNQPQHF	FYLCFLAFLL
CASSYFGRTNTEAFF	FYLCFLAFLL
CASRGRTGTSYEQYF	FYLCFLAFLL
CACSPTGGSGYTF	FYLCFLAFLL
CASSYYMGQGSDNTGELFF	FYLCFLAFLL
CSARRVGGDEQFF	FYLCFLAFLL
CASSPTGNTEAFF	FYLCFLAFLL
CASSLSEGASYYGYTF	FYLCFLAFLL
CASSLAETSPAPDTQYF	FYLCFLAFLL
CARSSGGPFNEQFF	FYLCFLAFLL
CASSTATSGSFNEQFF	FYLCFLAFLL
CSARAAGVSLEQYF	FYLCFLAFLL
CSARGLADSYEQYF	FYLCFLAFLL
CASSRRTGGTEAFF	FYLCFLAFLL
CASSSPVRESTYEQYF	FYLCFLAFLL
CASESSYGYTF	FYLCFLAFLL
CSASGFSYEQYF	FYLCFLAFLL
CATSRDGGRGQGGELFF	FYLCFLAFLL
CASSDPRQNLNTEAFF	FYLCFLAFLL
CASSPRGQGVADEKLFF	FYLCFLAFLL
CASSYWGREDYGYTF	FYLCFLAFLL
CASHGLLAGEVGLSYEQYF	FYLCFLAFLL
CASSFVPGTSGRAGELFF	FYLCFLAFLL
CASSSEWSGNTIYF	FYLCFLAFLL
CASSLPETGTTEAFF	FYLCFLAFLL
CASTLGVGADTQYF	FYLCFLAFLL
CSAPYRQATNEKLFF	FYLCFLAFLL
CASSKGDPHIGGTDTQYF	FYLCFLAFLL
CASSYARGQFF	FYLCFLAFLL
CASSSPLAALYNEQFF	FYLCFLAFLL
CASTPQFNEQFF	FYLCFLAFLL
CASSEALSGRKYEQYF	FYLCFLAFLL
CASSAIAGAMDTEAFF	FYLCFLAFLL
CASRGLTESSYEQYF	FYLCFLAFLL
CASRRGPYNEQFF	FYLCFLAFLL
CASSPTQGYEQYF	FYLCFLAFLL
CSASSEGLAGGGETQYF	FYLCFLAFLL
CSASGPEETQYF	FYLCFLAFLL
CSADSGGAYEQYF	FYLCFLAFLL
CASSYIAGGLTGELFF	FYLCFLAFLL
CASSGGPISEQYF	FYLCFLAFLL
CASSPKAGTHYNEQFF	FYLCFLAFLL
CASSQEDRAGYGYTF	FYLCFLAFLL
CSAEGGGTQYF	FYLCFLAFLL
CASSVDLASYGYTF	FYLCFLAFLL
CSARGLADSYEQYF	FYLCFLAFLL
CASRGGGSGETQYF	FYLCFLAFLL
CSAGTESSYNEQFF	FYLCFLAFLL
CASSLVGGDAGLKNIQYF	FYLCFLAFLL
CASRGITSGKVYEQYF	FYLCFLAFLL
CSVRTETQYF	FYLCFLAFLL
CASSSLVDGLNTGELFF	FYLCFLAFLL
CASSLGAQETQYF	FYLCFLAFLL
CSADRDQRAETQYF	FYLCFLAFLL
CASSLYGQGGDEQFF	FYLCFLAFLL
CASFGMGTHGYTF	FYLCFLAFLL
CAWRILYEQYF	FYLCFLAFLL
CSALADEQFF	FYLCFLAFLL
CATPPLPYTNTEAFF	FYLCFLAFLL
CASSLAGTGAGDNEQFF	FYLCFLAFLL
CATSPAGGKEAFF	FYLCFLAFLL
CASSALNTGELFF	FYLCFLAFLL
CASSYSPYESGSSSYEQYF	FYLCFLAFLL
CASSYNLGLEENYEQYF	FYLCFLAFLL
CASALGTDTQYF	FYLCFLAFLL
CACHPRLAVSYNEQFF	FYLCFLAFLL
CASSDGSGGWDEQFF	FYLCFLAFLL
CASSDSGELFF	FYLCFLAFLL
CSARGLPPRRDTYEQYF	FYLCFLAFLL
CASSLLAGGEETQYF	FYLCFLAFLL
CASSYRQGHGYTF	FYLCFLAFLL
CSPNGATGTEAFF	FYLCFLAFLL
CASSLTGRHNEQFF	FYLCFLAFLL
CSASPSQGLGYEQYF	FYLCFLAFLL
CASSPGPGVGTEAFF	FYLCFLAFLL
CASRGPLAGGWYEQFF	FYLCFLAFLL
CASREQGASMNTEAFF	FYLCFLAFLL
CATARGQSGEPLHF	FYLCFLAFLL
CASSYTPPGNTEAFF	FYLCFLAFLL
CSATWERGKYNEQFF	FYLCFLAFLL
CASSFLGETDTEAFF	FYLCFLAFLL
CASSPREPALRPNYGYTF	FYLCFLAFLL
CASSQGPGTDNEQFF	FYLCFLAFLL
CATSDLRSGDTQYF	FYLCFLAFLL
CASSQLAGGPNEQFF	FYLCFLAFLL
CSSQRETSYNEQFF	FYLCFLAFLL
CASRGGTTYEQYF	FYLCFLAFLL
CASSEGGQGAYNEQFF	FYLCFLAFLL
CASSLGHRGGGAEAFF	FYLCFLAFLL
CASRAGQGDGQPQHF	FYLCFLAFLL
CASSNPGGGQETQYF	FYLCFLAFLL
CASSQTLHSGGAFYEQYF	FYLCFLAFLL
CSAATQISEQFF	FYLCFLAFLL
CASSLENTEAFF	FYLCFLAFLL
CSASGTGVEQYF	FYLCFLAFLL
CASSQGYTDTQYF	FYLCFLAFLL
CSAMYLFSYEQYF	FYLCFLAFLL
CSASKPGLAGRETQYF	FYLCFLAFLL
CSANSGTVSGSYYEQYF	FYLCFLAFLL
CASSLQDEAFF	FYLCFLAFLL
CSARGQGYEQYF	FYLCFLAFLL
CASEGDYTDTQYF	FYLCFLAFLL
CSVGQEGYEQYF	FYLCFLAFLL
CSARPGYEQFF	FYLCFLAFLL
CASSPDRGYEQYF	FYLCFLAFLL
CASSLGSGQETQYF	FYLCFLAFLL
CSTDSEGTVKAFF	FYLCFLAFLL
CASSIDGRVRTEAFF	FYLCFLAFLL
CASSFLSGGGDTQYF	FYLCFLAFLL
CASSDLSGGDYGYTF	FYLCFLAFLL
CASSAKTVVETQYF	FYLCFLAFLL
CSANPRDRDNEQFF	FYLCFLAFLL
CASTGLGRLAGGAYEQYF	FYLCFLAFLL
CASSIVGVGANDEKLFF	FYLCFLAFLL
CASSLVAYEQYF	FYLCFLAFLL
CASSLDGVSEAFF	FYLCFLAFLL
CSVAHRDRGPKQYF	FYLCFLAFLL
CSVALVGYEQYF	FYLCFLAFLL
CSADQLAFDEQFF	FYLCFLAFLL
CSAQTIQGGEDTQYF	FYLCFLAFLL
CSATVGQGGIEQFF	FYLCFLAFLL
CASSQRVPGTSGRTGTGELFF	FYLCFLAFLL
CASSLGAGTGELFF	FYLCFLAFLL
CASSFTGGYWFF	FYLCFLAFLL
CASSGQPLGETQYF	FYLCFLAFLL
CASSLGQTNEQFF	FYLCFLAFLL
CASSQAGTGPSGELFF	FYLCFLAFLL
CASRSGTVYEQYF	FYLCFLAFLL
CSVEDTIRGQGGFNYGYTF	FYLCFLAFLL
CASSLAGGPETQYF	FYLCFLAFLL
CASSFVVQGEQYF	FYLCFLAFLL
CSVNGVSGSSYNEQFF	FYLCFLAFLL
CASRGLAGVYSSYEQYF	FYLCFLAFLL
CASSPQGNEQYF	FYLCFLAFLL
CASSLLQDTGANVLTF	FYLCFLAFLL
CASSLWGGGSNQPQHF	FYLCFLAFLL
CASSGPVALPRNEQYF	FYLCFLAFLL
CASSPSLKTGKHYSNQPQHF	FYLCFLAFLL
CASSSAGTEHTDTQYF	FYLCFLAFLL
CASSLGQGRYTGELFF	FYLCFLAFLL
CASSLAQGGNTEAFF	FYLCFLAFLL
CSARDELAGDNEQFF	FYLCFLAFLL
CASSLGAESYNEQFF	FYLCFLAFLL
CSANAEGSGRVSETQYF	FYLCFLAFLL
CASMGQSSYNEQFF	FYLCFLAFLL
CASANLQGAPANEKLFF	FYLCFLAFLL
CASSLFSILDYTF	FYLCFLAFLL
CASSLSDRGLETEAFF	FYLCFLAFLL
CASSEPDSSNEQFF	FYLCFLAFLL
CASRGLSGASYEQYF	FYLCFLAFLL
CSASSLAGGRETQYF	FYLCFLAFLL
CASSIAPASTEAFF	FYLCFLAFLL
CSASQGDNEQFF	FYLCFLAFLL
CSALDRGGNEQFF	FYLCFLAFLL
CASSLGQHNEQFF	FYLCFLAFLL
CATSPIETVAGHNEQFF	FYLCFLAFLL
CSVERGTGSLGEQFF	FYLCFLAFLL
CASSPTGIGAKNIQYF	FYLCFLAFLL
CSASGVPSSYEQYF	FYLCFLAFLL
CATSSLAPGPASTDTQYF	FYLCFLAFLL
CSASFETNEQFF	FYLCFLAFLL
CASSLSFPPGRINSWANVLTF	FYLCFLAFLL
CASSGGRDLPRTEAFF	FYLCFLAFLL
CASSLLGWLDGYTF	FYLCFLAFLL
CSANFRDHGNEQFF	FYLCFLAFLL
CASSPGSKPNEQYF	FYLCFLAFLL
CASSLGLPYEQYF	FYLCFLAFLL
CASSYSVGGGTYEQYF	FYLCFLAFLL
CATSDSVSGAHMETQYF	FYLCFLAFLL
CASSLGNTEAFF	FYLCFLAFLL
CASGKSGTGGQETQYF	FYLCFLAFLL
CASSSSGQGAYDEKLFF	FYLCFLAFLL
CASRGLAGESYEQYF	FYLCFLAFLL
CASTVGTSISYNEQFF	FYLCFLAFLL
CASSFDVGLTYNEQFF	FYLCFLAFLL
CATSYGSPGNTIYF	FYLCFLAFLL
CATSRALAGEGEQYF	FYLCFLAFLL
CSAEGLAKLTYEQYV	FYLCFLAFLL
CASSRDSYEQYF	FYLCFLAFLL
CSAPTGTLYEQYF	FYLCFLAFLL
CSAKEGQHYEQYF	FYLCFLAFLL
CASSLSHWHEQYF	FYLCFLAFLL
CASSQDRTYSNQPQHF	FYLCFLAFLL
CASSLEGNIQYF	FYLCFLAFLL
CASSATGTGGDTQYF	FYLCFLAFLL
CASRGLAGEGVTYEQYF	FYLCFLAFLL
CASRGLAGKTYEQYF	FYLCFLAFLL
CATSRDAGTDTQYF	FYLCFLAFLL
CASSDGSSGVETQYF	FYLCFLAFLL
CSAQESTDTQYF	FYLCFLAFLL
CASRGRAPSGLAVYEQYF	FYLCFLAFLL
CASSQDWRREINYTF	FYLCFLAFLL
CASTLGGGPSEQFF	FYLCFLAFLL
CASSQGQGVEKLFF	FYLCFLAFLL
CASSFAGGTDTQYF	FYLCFLAFLL
CAWRDRGLYEQYF	FYLCFLAFLL
CASSPTPGQDYGYTF	FYLCFLAFLL
CATSPMTGGIANEKLFF	FYLCFLAFLL
CASSGEGQVQFF	FYLCFLAFLL
CASSGQGKDNQPQHF	FYLCFLAFLL
CASSLVPGGGGQDEQFF	FYLCFLAFLL
CASRGLAGGNYEQYF	FYLCFLAFLL
CSASRLDNEQFF	FYLCFLAFLL
CASSPGLAGGTDTQYF	FYLCFLAFLL
CASSQDQGQPQHF	FYLCFLAFLL
CASSGEITDTQYF	FYLCFLAFLL
CASSADLSGTQYF	FYLCFLAFLL
CAVSAQYF	FYLCFLAFLL
CASSGQNSYEQYF	FYLCFLAFLL
CASSSYILSRETQYF	FYLCFLAFLL
CATSTTSGIEAFF	FYLCFLAFLL
CSASESGQETQYF	FYLCFLAFLL
CASSYSNGEQYF	FYLCFLAFLL
CASSLWLAGGELFF	FYLCFLAFLL
CATSDLGPGELFF	FYLCFLAFLL
CASSLNGGYVMPDTQYF	FYLCFLAFLL
CASSGPGPSTVEQYF	FYLCFLAFLL
CASSREASPYPYNEQFF	FYLCFLAFLL
CASSLYAGGRTEAFF	FYLCFLAFLL
CASPRGSGEQYF	FYLCFLAFLL
CASSWAGGDEQYF	FYLCFLAFLL
CASSLVGQGTYEQYF	FYLCFLAFLL
CASDNLGGWPEAFF	FYLCFLAFLL
CASSSDGAGGGQETQYF	FYLCFLAFLL
CSVDIGTYEQYF	FYLCFLAFLL
CASTLVMNTEAFF	FYLCFLAFLL
CASSIPSGGGPDTQYF	FYLCFLAFLL
CASSQEVSWNTEAFF	FYLCFLAFLL
CSAAFELSYNEQFF	FYLCFLAFLL
CASSSPQRGDTEAFF	FYLCFLAFLL
CASSLGLAEQFF	FYLCFLAFLL
CSAVVEAAEAFF	FYLCFLAFLL
CASSLMRNGYTF	FYLCFLAFLL
CSASQGGNEQFF	FYLCFLAFLL
CASSVVDPPIGNYGYTF	FYLCFLAFLL
CSASAESSYNEQFF	FYLCFLAFLL
CSARPGASWEQFF	FYLCFLAFLL
CASSLISSSDEQFF	FYLCFLAFLL
CASSPGTIVAQFF	FYLCFLAFLL
CASSLDVAGVDTDTQYF	FYLCFLAFLL
CASSPPSLRAYNEQFF	FYLCFLAFLL
CSADGQLSYNEQFF	FYLCFLAFLL
CASSQGTYEQYF	FYLCFLAFLL
CASSSLAGTSNEKLFF	FYLCFLAFLL
CASSPPPGGSYNEQFF	FYLCFLAFLL
CASSLVAPYSSYNEQFF	FYLCFLAFLL
CASSQWGTGNEQYF	FYLCFLAFLL
CASLSNLFAGGPNTGELFF	FYLCFLAFLL
CASSYSIQLETEAFF	FYLCFLAFLL
CSATEEEETQYF	FYLCFLAFLL
CSARYPGHIYEQYF	FYLCFLAFLL
CASRMGHEQYF	FYLCFLAFLL
CASSTDRRDTQYF	FYLCFLAFLL
CASSSLLAGPGEDTQYF	FYLCFLAFLL
CASSLGQENTQYF	FYLCFLAFLL
CASSVLSGLDIQYF	FYLCFLAFLL
CASSEGTGVLNYEQYF	FYLCFLAFLL
CSARGLAGATYEQYF	FYLCFLAFLL
CSANLQGKDYEQYF	FYLCFLAFLL
CASRPLGRGTDTQYF	FYLCFLAFLL
CASSQQLAGGDYNEQFF	FYLCFLAFLL
CATSRDRNTGELFF	FYLCFLAFLL
CASTGAHEQYF	FYLCFLAFLL
CSAESEWAQETQYF	FYLCFLAFLL
CASRPISGRITGELFF	FYLCFLAFLL
CASSLELNYEQYF	FYLCFLAFLL
CASSLQGLYGYTF	FYLCFLAFLL
CASSAAGVVEETQYF	FYLCFLAFLL
CASSATSGINTGELFF	FYLCFLAFLL
CASSLVGGEAFF	FYLCFLAFLL
CASSFGTGGSTGELFF	FYLCFLAFLL
CASSFGLADSYEQYF	FYLCFLAFLL
CSATDNYNEQFF	FYLCFLAFLL
CASRGKRGDSYEQYF	FYLCFLAFLL
CASSGRPGDYSYNEQFF	FYLCFLAFLL
CASSHRDREHEQYF	FYLCFLAFLL
CSAQTTEVPSGANVLTF	FYLCFLAFLL
CASSFPPQGSNTDTQYF	FYLCFLAFLL
CASSLPAGGFDEKLFF	FYLCFLAFLL
CASSPPSGLSGNTIYF	FYLCFLAFLL
CASSQGLGTSHEQYF	FYLCFLAFLL
CASSLGGTEAFF	FYLCFLAFLL
CASSELAGGPNEQFF	FYLCFLAFLL
CASSYSITVNTEAFF	FYLCFLAFLL
CSATNEGEGAYNEQFF	FYLCFLAFLL
CATSDLGNTEAFF	FYLCFLAFLL
CSASKGGYEQFF	FYLCFLAFLL
CASSIPTGGNTEAFF	FYLCFLAFLL
CAISEGTYTDTQYF	FYLCFLAFLL
CSVELGQLYGYTF	FYLCFLAFLL
CSARGLAGGSYEQYF	FYLCFLAFLL
CSVGPNEQFF	FYLCFLAFLL
CASSHPGSSAPNEKLFF	FYLCFLAFLL
CASSLAGTEPCF	FYLCFLAFLL
CSASFLAGGPQETQYF	FYLCFLAFLL
CASSPPHLAPPFEQYF	FYLCFLAFLL
CASSLSSGTGISGANVLTF	FYLCFLAFLL
CSVTSLNTEAFF	FYLCFLAFLL
CATDRTSGNRVFSGELFF	FYLCFLAFLL
CSVDSSGTSGSGELFF	FYLCFLAFLL
CSASAESSYNEQFF	FYLCFLAFLL
CASRGDRGELYGYTF	FYLCFLAFLL
CASSHGQGDVADTQYF	FYLCFLAFLL
CASSLYQDLTEAFF	FYLCFLAFLL
CASSQDRNPGNTIYF	FYLCFLAFLL
CASSLSGGSGNSPLHF	FYLCFLAFLL
CASSLANEQYF	FYLCFLAFLL
CASREARDVNTEAFF	FYLCFLAFLL
CASWGQVNYGYTF	FYLCFLAFLL
CASSPLQSNTEAFF	FYLCFLAFLL
CASSHHEAGLETQYF	FYLCFLAFLL
CASSGSSGQETQYF	FYLCFLAFLL
CASSWGGVLSTGELFF	FYLCFLAFLL
CASSKDGSGNEKLFF	FYLCFLAFLL
CASSEPPSEGALLNNEQFF	FYLCFLAFLL
CSASKAGGSGETQYF	FYLCFLAFLL
CASSLTPPGGPHNEQFF	FYLCFLAFLL
CSASGGSYNEQFF	FYLCFLAFLL
CASSSYLGVDGYTF	FYLCFLAFLL
CSARDRTEENTEAFF	FYLCFLAFLL
CASRTRTEAFF	FYLCFLAFLL
CASSGVRDGLQTQYF	FYLCFLAFLL
CASSLLGQGYGYTF	FYLCFLAFLL
CASSYSGGEQYF	FYLCFLAFLL
CATMNRNSGNTIYF	FYLCFLAFLL
CASSEAMEGWVGELFF	FYLCFLAFLL
CSARDPAGGPHEQYF	FYLCFLAFLL
CATSTADGREGSTDTQYF	FYLCFLAFLL
CATTQGGEQYF	FYLCFLAFLL
CASSVYGAADTQYF	FYLCFLAFLL
CASSLDSGGSEQFF	FYLCFLAFLL
CASSPNYNEQFF	FYLCFLAFLL
CSVSGTDSSYEQYF	FYLCFLAFLL
CASSLYSNQPQHF	FYLCFLAFLL
CSATKLAGPTSNEQFF	FYLCFLAFLL
CSVGLLPTEAFF	FYLCFLAFLL
CASSLYGGPYEQYF	FYLCFLAFLL
CASSLGVSAEAFF	FYLCFLAFLL
CSASAEGSSYNEQFF	FYLCFLAFLL
CASSFWGPTNTGELFF	FYLCFLAFLL
CASSPSGPSYEQYF	FYLCFLAFLL
CASSVGYGYDEQYF	FYLCFLAFLL
CSASHEQGITNEQYF	FYLCFLAFLL
CSVDFLSDSGNTIYF	FYLCFLAFLL
CSARLIGTGVQGYTF	FYLCFLAFLL
CASSPSFSNTGELFF	FYLCFLAFLL
CSARDLQGYGYTF	FYLCFLAFLL
CSASGTTSGGYQETQYF	FYLCFLAFLL
CSASWTSGGQETQYF	FYLCFLAFLL
CASSQGDAAEAFF	FYLCFLAFLL
CASSGPTSGSLSSYNEQFF	FYLCFLAFLL
CASIQRPGRRPQHF	FYLCFLAFLL
CASSQVGGTEAFF	FYLCFLAFLL
CASRPDSSLAKNIQYF	FYLCFLAFLL
CASSLDRGLTEAFF	FYLCFLAFLL
CSASLESETQYF	FYLCFLAFLL
CASKPGGYEQYF	FYLCFLAFLL
CASSPSVSYEQYF	FYLCFLAFLL
CASSQDWMGDTEAFF	FYLCFLAFLL
CSAVGLAGRYEQYF	FYLCFLAFLL
CASSQSGESTDTQYF	FYLCFLAFLL
CASSQDRSNTEAFF	FYLCFLAFLL
CASSSHGVSVGAEQYF	FYLCFLAFLL
CASSSLRTSGRAVGYEQYF	FYLCFLAFLL
CASRNGGLEDTQYF	FYLCFLAFLL
CSASLAEVGTDTQYF	FYLCFLAFLL
CASRGVTGGFYEQYF	FYLCFLAFLL
CSADIGTTYNEQFF	FYLCFLAFLL
CASSFQAGGTQETQYF	FYLCFLAFLL
CASSYSGGEQFF	FYLCFLAFLL
CSAHGRTDNEQFF	FYLCFLAFLL
CSASAGDSGRETQYF	FYLCFLAFLL
CASSLGLGSGNTIYF	FYLCFLAFLL
CASMDPGQGDTEAFF	FYLCFLAFLL
CASSLNRDMNTEAFF	FYLCFLAFLL
CSARVETGGAFF	FYLCFLAFLL
CASSARTGMNTEAFF	FYLCFLAFLL
CASYGGAGEQFF	FYLCFLAFLL
CASSQAVGNGYTF	FYLCFLAFLL
CATSSGGYGETQYF	FYLCFLAFLL
CASSLITGTGELFF	FYLCFLAFLL
CASSYSPGSSGTSYNEQFF	FYLCFLAFLL
CASSQDLAGYEQYF	FYLCFLAFLL
CASSPPSTDTQYF	FYLCFLAFLL
CAITDPGTGAYEQYF	FYLCFLAFLL
CASSLVAGGLTYEQYF	FYLCFLAFLL
CASSYSNGDTQYF	FYLCFLAFLL
CSASVSAYNEQFF	FYLCFLAFLL
CASSPGPLVLNTEAFF	FYLCFLAFLL
CASSGGSYEQYF	FYLCFLAFLL
CASSLVRTVETQYF	FYLCFLAFLL
CASSYTHANTEAFF	FYLCFLAFLL
CASSQEELRGGGDTQYF	FYLCFLAFLL
CASSYRIPASVNEQFF	FYLCFLAFLL
CASRPGLAGDNPSYEQYF	FYLCFLAFLL
CASSRRTGGLEETQYF	FYLCFLAFLL
CASSHLAGGDNEQFF	FYLCFLAFLL
CAVYDPGELFF	FYLCFLAFLL
CASSGEGREVHSNQPQHF	FYLCFLAFLL
CASSSQDREQPQHF	FYLCFLAFLL
CASSRDRGYEQYF	FYLCFLAFLL
CASSPLGGKLLYEQFF	FYLCFLAFLL
CATSREGKPQHF	FYLCFLAFLL
CASSQDLLGRGGYTDTQYF	FYLCFLAFLL
CSASHEESYNEQFF	FYLCFLAFLL
CSADWTGNYNEQFF	FYLCFLAFLL
CASSQTQGKAFF	FYLCFLAFLL
CASSLGIEQFF	FYLCFLAFLL
CSAEEQSSYNEQFF	FYLCFLAFLL
CASSPPPDIMNTEAFF	FYLCFLAFLL
CSARDVLAGVPETQYF	FYLCFLAFLL
CASLGTGELFF	FYLCFLAFLL
CASSSETGMTYEQYF	FYLCFLAFLL
CASSLNPYGDNEQFF	FYLCFLAFLL
CSARAYVEEGRIYEQYF	FYLCFLAFLL
CASRPVVSGADTQYF	FYLCFLAFLL
CSASESGNEQFF	FYLCFLAFLL
CASSPPDSHRWGTEAFF	FYLCFLAFLL
CASSHENRRDTEAFF	FYLCFLAFLL
CASSSSPGDYEQYF	FYLCFLAFLL
CASSQLAGGREQYF	FYLCFLAFLL
CASSKKGQYSNQPQHF	FYLCFLAFLL
CARSRPNTGELFF	FYLCFLAFLL
CSAKGLAGGRYEQFF	FYLCFLAFLL
CASSLYAMTSPAHYEQYF	FYLCFLAFLL
CASSLLAGGTGELFF	FYLCFLAFLL
CASHISTSGLHEQYF	FYLCFLAFLL
CAISDGNLETQYF	FYLCFLAFLL
CASSSRDSTDTQYF	FYLCFLAFLL
CASRKGSTNEKLFF	FYLCFLAFLL
CASSLIAAPNHEQFF	FYLCFLAFLL
CASSYSGQEETQYF	FYLCFLAFLL
CASSLGPPYNSPLHF	FYLCFLAFLL
CATSDAGGVTQYF	FYLCFLAFLL
CSASGGVGMETQYF	FYLCFLAFLL
CASSLEVRSSYNEQFF	FYLCFLAFLL
CSVLPVGQETQYF	FYLCFLAFLL
CASSQDPSAVDEQFF	FYLCFLAFLL
CASSPTSVTDTQYF	FYLCFLAFLL
CASTPWGGSTDTQYF	FYLCFLAFLL
CSANNEQFF	FYLCFLAFLL
CASSYSLAGQGRTEAFF	FYLCFLAFLL
CSVEEEAKNIQYF	FYLCFLAFLL
CSADQEYSSYEQYF	FYLCFLAFLL
CSASSESSYNEQFF	FYLCFLAFLL
CAITGTEETQYF	FYLCFLAFLL
CASSESGGQRAYEQYF	FYLCFLAFLL
CSAQVEGEWNEQFF	FYLCFLAFLL
CSATVSGDIGETQYF	FYLCFLAFLL
CASRGLAGGAGYEQYF	FYLCFLAFLL
CSASGGSNEQFF	FYLCFLAFLL
CASSAGLGGANVLTF	FYLCFLAFLL
CSARGLVSYEQYF	FYLCFLAFLL
CASGVAVGEEETQYF	FYLCFLAFLL
CSAEPESSYNEQFF	FYLCFLAFLL
CASSLWPER	FYLCFLAFLL
CSARDFPTGSYEQYF	FYLCFLAFLL
CASSLKGGNEQFF	FYLCFLAFLL
CASSQTGTEQFF	FYLCFLAFLL
CASSLTGQDTQYF	FYLCFLAFLL
CASSPPGRGLEETQYF	FYLCFLAFLL
CASSEARLSRTGVWSSYEQYF	FYLCFLAFLL
CASSPLMGVSGYTF	FYLCFLAFLL
CASSSLTGYNGYTF	FYLCFLAFLL
CASSLGSGRFETQYF	FYLCFLAFLL
CASSLQGSGYNEQFF	FYLCFLAFLL
CASSLDQGSPYNEQFF	FYLCFLAFLL
CASSLRLAGDYNEQFF	FYLCFLAFLL
CASSYSVAGRAVEQFF	FYLCFLAFLL
CASSLTGGYEQYF	FYLCFLAFLL
CASRGLGSPLHF	FYLCFLAFLL
CASSTLDGELFF	FYLCFLAFLL
CASLGQENYGYTF	FYLCFLAFLL
CASSFGGNEQFF	FYLCFLAFLL
CASSPDPNNEQFF	FYLCFLAFLL
CASSKDPRETQYF	FYLCFLAFLL
CASSQDQREGQYEQYF	FYLCFLAFLL
CASSPRGFDEQYF	FYLCFLAFLL
CASSRGGSEPQHF	FYLCFLAFLL
CASSPPLTTNEQFF	FYLCFLAFLL
CASRPSSNSPLHF	FYLCFLAFLL
CSADRVGGVTQYF	FYLCFLAFLL
CASSLIWTTGSEQFF	FYLCFLAFLL
CASSSDGNEQFF	FYLCFLAFLL
CATLGQGTTTNEKLFF	FYLCFLAFLL
CASSSGELLSTGELFF	FYLCFLAFLL
CASSFQGNQPQHF	FYLCFLAFLL
CASSSDRANEQYF	FYLCFLAFLL
CAISESSSGMNTEAFF	FYLCFLAFLL
CASSTSTSGDTDTQYF	FYLCFLAFLL
CSARKRGELFF	FYLCFLAFLL
CASSAKATGYRTYEQYF	FYLCFLAFLL
CASSLELQGSQPQHF	FYLCFLAFLL
CSASTLDRTGFGETQYF	FYLCFLAFLL
CATSTLGTNTDTQYF	FYLCFLAFLL
CASSQGLSSSYEQYF	FYLCFLAFLL
CSVEGIRGRILSYNEQFF	FYLCFLAFLL
CASSDGQSRTETQYF	FYLCFLAFLL
CSATTSTDTQYF	FYLCFLAFLL
CASSQRTGGEKLFF	FYLCFLAFLL
CASSFSWVNTEAFF	FYLCFLAFLL
CASTVQEESADTQYF	FYLCFLAFLL
CASSEYLGVEAFF	FYLCFLAFLL
CSADVRADTQYF	FYLCFLAFLL
CASSLGISSGPGELFF	FYLCFLAFLL
CATSEVTSGAYNEQFF	FYLCFLAFLL
CSGSGTGDYNEQFF	FYLCFLAFLL
CSASGTGDEQYF	FYLCFLAFLL
CSASPGGTYEQYF	FYLCFLAFLL
CSARDTTSGGPSPDTQYF	FYLCFLAFLL
CASRSLGTEAFF	FYLCFLAFLL
CASSSLQSTGELFF	FYLCFLAFLL
CASSETNTGELFF	FYLCFLAFLL
CSCSGEQFF	FYLCFLAFLL
CASSQEWGDYEQYF	FYLCFLAFLL
CASSFSMTGLALHEQFF	FYLCFLAFLL
CATSKLAGGNTDTQYF	FYLCFLAFLL
CASSYSPSPTGGDTGELFF	FYLCFLAFLL
CSVPVIQGANEQFF	FYLCFLAFLL
CASSQLAGGPNEQYF	FYLCFLAFLL
CASSSNGQGLNTEAFF	FYLCFLAFLL
CASSLSSGGYNEQFF	FYLCFLAFLL
CASSRGSPYEQYF	FYLCFLAFLL
CASSSPRDFDRELFF	FYLCFLAFLL
CASSRWTGGLNTEAFF	FYLCFLAFLL
CASSPGLAYEQYF	FYLCFLAFLL
CASSEAPSSASSYNEQFF	FYLCFLAFLL
CSASGWLNQETQYF	FYLCFLAFLL
CSASGEQNNEQFF	FYLCFLAFLL
CASRGLAGGTTYEQYF	FYLCFLAFLL
CSATAESSYNEQFF	FYLCFLAFLL
CASSPRDHPQPQHF	FYLCFLAFLL
CSARAEGGYTF	FYLCFLAFLL
CASSQEASGGPGAYNEQFF	FYLCFLAFLL
CASSRRTKHRPYEQYF	FYLCFLAFLL
CASSLVSTNEQYF	FYLCFLAFLL
CATSGGQTQETQYF	FYLCFLAFLL
CSASIQGWGETQYF	FYLCFLAFLL
CASSHGLWGAQETQYF	FYLCFLAFLL
CSASGEVGDEQFF	FYLCFLAFLL
CATRGPDRSSYEQYF	FYLCFLAFLL
CASSRNQPQHF	FYLCFLAFLL
CASSIFLHGYNEQFF	FYLCFLAFLL
CSATSTGVAKNIQYF	FYLCFLAFLL
CASSGGGSNGWKQFF	FYLCFLAFLL
CSADRQNLAKNIQYF	FYLCFLAFLL
CSATAILTGTGEQSYYGYTF	FYLCFLAFLL
CASSLPGPGPNTQYF	FYLCFLAFLL
CASRPRGSNTIYF	FYLCFLAFLL
CATGLAGDYEQYF	FYLCFLAFLL
CATSRGSEFNF	FYLCFLAFLL
CSADVEWSYNEQFF	FYLCFLAFLL
CATSGSTGDTQYF	FYLCFLAFLL
CASSEALLRDTF	FYLCFLAFLL
CASSYRGANSYEQYF	FYLCFLAFLL
CASSLFAGGVGYYGYTF	FYLCFLAFLL
CASSLYPGGDQPQHF	FYLCFLAFLL
CSARGLAASYEQYF	FYLCFLAFLL
CASREQGRSGNTIYF	FYLCFLAFLL
CASSLFRGNQETQYF	FYLCFLAFLL
CASIGQGAPLHF	FYLCFLAFLL
CASSLGQGNNGYTF	FYLCFLAFLL
CSVGGQTYEQYF	FYLCFLAFLL
CASSHSGTSGSSYEQYF	FYLCFLAFLL
CASLATSFDEQFF	FYLCFLAFLL
CSASGEAGGFQETQYF	FYLCFLAFLL
CASSHLITDTQYF	FYLCFLAFLL
CASSLAHQETQYF	FYLCFLAFLL
CASSLTTPDTQYF	FYLCFLAFLL
CSADLGGALAGETQYF	FYLCFLAFLL
CSASPSGGRLIGELFF	FYLCFLAFLL
CASSQDLVGQGVYNEQFF	FYLCFLAFLL
CASSWDRAPEGYTF	FYLCFLAFLL
CASNSGGGTDTQYF	FYLCFLAFLL
CSASGNRETNEQFF	FYLCFLAFLL
CSAAFEVSYNEQFF	FYLCFLAFLL
CASSFFSGITDTQYF	FYLCFLAFLL
CASSQVIGTGELFF	FYLCFLAFLL
CSADPPTGTDGNTIYF	FYLCFLAFLL
CASSGGWGQPQHF	FYLCFLAFLL
CASSYDRGRIYNEQFF	FYLCFLAFLL
CSATSRLLHSYEQYF	FYLCFLAFLL
CASRGETLSTDSYEQYF	FYLCFLAFLL
CASSPPDEQPQHF	FYLCFLAFLL
CASSPRIPYTEAFF	FYLCFLAFLL
CASTRQGISSYNEQFF	FYLCFLAFLL
CASSYGGRDGYTF	FYLCFLAFLL
CASSLGNNEQFF	FYLCFLAFLL
CASSRGQINYGYTF	FYLCFLAFLL
CSVIPDGLLEQFF	FYLCFLAFLL
CASSAGGAGELFF	FYLCFLAFLL
CASSLGPAGGMNTEAFF	FYLCFLAFLL
CASRRGSSYEQYF	FYLCFLAFLL
CASSLSGLANTGELFF	FYLCFLAFLL
CSVVQEAAYEQYF	FYLCFLAFLL
CALPGVANTGELFF	FYLCFLAFLL
CSASISADTQYF	FYLCFLAFLL
CSAPPGSYYGYTF	FYLCFLAFLL
CASSLFLNNEQFF	FYLCFLAFLL
CSASIMNTEAFF	FYLCFLAFLL
CASSTRGYEQYF	FYLCFLAFLL
CASSQVPGSRGPNTEAFF	FYLCFLAFLL
CSASRVDDTQYF	FYLCFLAFLL
CASNGDGGRTRAGELFF	FYLCFLAFLL
CASSSIRLAGNYNEQFF	FYLCFLAFLL
CSASGSGGHTYQETQYF	FYLCFLAFLL
CASSLPVAETSGTYNEQFF	FYLCFLAFLL
CASSAAGGNSPLHF	FYLCFLAFLL
CASSYLPPGNSYNEQFF	FYLCFLAFLL
CATSDFAETQYF	FYLCFLAFLL
CASSYSGSYTDTQYF	FYLCFLAFLL
CASSDWASDTQYF	FYLCFLAFLL
CASSEPWRTEAFF	FYLCFLAFLL
CHIGTVVGLWDTQYF	FYLCFLAFLL
CASRGRGGGVYEQYF	FYLCFLAFLL
CASSLQGVNQPQHF	FYLCFLAFLL
CASSRQGNQPQHF	FYLCFLAFLL
CASSGIAGGPTDTQYF	FYLCFLAFLL
CSANTGHSDNEQFF	FYLCFLAFLL
CASSTGTGPDTQYF	FYLCFLAFLL
CASSLAPGGILDEQFF	FYLCFLAFLL
CSARDSEHPSYNEQFF	FYLCFLAFLL
CASSLAGTATIQETQYF	FYLCFLAFLL
CASSLWGGLGDNEQFF	FYLCFLAFLL
CASSLAGADGELFF	FYLCFLAFLL
CASSDLPGGVYEQYF	FYLCFLAFLL
CASSPPGLKGHNEQFF	FYLCFLAFLL
CASSQRPGGDYEQYF	FYLCFLAFLL
CASRGLAGGNYEQFF	FYLCFLAFLL
CASRRTGTANEKLFF	FYLCFLAFLL
CSARGMDLTSGSYEQYF	FYLCFLAFLL
CASSTEGPTYEQYF	FYLCFLAFLL
CASSTQNQPQHF	FYLCFLAFLL
CSVEGDRAHEQYF	FYLCFLAFLL
CASSSDRGYEQYF	FYLCFLAFLL
CASRGLAGNTYEQYF	FYLCFLAFLL
CASSATGDISYEQYF	FYLCFLAFLL
CASSVGSSYEQYF	FYLCFLAFLL
CAWSVQGTEQFF	FYLCFLAFLL
CASPEQYF	FYLCFLAFLL
CASSLGLDRERGYTF	FYLCFLAFLL
CASRRPGTINAYEQYF	FYLCFLAFLL
CASSLGQGGEEQYF	FYLCFLAFLL
CASSAQGLWETQYF	FYLCFLAFLL
CASSLGGGTGELFF	FYLCFLAFLL
CASNQIAGRADTGELFF	FYLCFLAFLL
CSGGAAGLQPQHF	FYLCFLAFLL
CASSLSQNTEAFF	FYLCFLAFLL
CASSPGQGRSEQFF	FYLCFLAFLL
CSATPRGGFETQYF	FYLCFLAFLL
CASSGVNKGIGELFF	FYLCFLAFLL
CASSPMTGRHEKLFF	FYLCFLAFLL
CSVVGGVYGYTF	FYLCFLAFLL
CASSPSSSAHEQFF	FYLCFLAFLL
CASSSIGGGRYNEQFF	FYLCFLAFLL
CASSTQVGEQYF	FYLCFLAFLL
CSASEGGNEQFF	FYLCFLAFLL
CASSILRGYEQFF	FYLCFLAFLL
CASSLPTGGAYNEQFF	FYLCFLAFLL
CSARDSGRGQETQYF	FYLCFLAFLL
CASSLGQGRYEQYF	FYLCFLAFLL
CSALGLEVNEQYF	FYLCFLAFLL
CSGDTGTGELFF	FYLCFLAFLL
CASSHQNTGELFF	FYLCFLAFLL
CAWRGGERYEQYF	FYLCFLAFLL
CASSFVSSYEQYF	FYLCFLAFLL
CATSDPGQRDQPQHF	FYLCFLAFLL
CATSDRSTYNEQFF	FYLCFLAFLL
CASSYSTGGQETQYF	FYLCFLAFLL
CASSFLGTSGGIDIQYF	FYLCFLAFLL
CASNPTGNGGETQYF	FYLCFLAFLL
CASSQVSQGGEAFF	FYLCFLAFLL
CASSLGGAGYEQYF	FYLCFLAFLL
CSALGQIYEQYF	FYLCFLAFLL
CSAKLSGSYNSPLHF	FYLCFLAFLL
CASSHLAGGLNEQFF	FYLCFLAFLL
CASRKQGHEQFF	FYLCFLAFLL
CSAREGTGVNEQFF	FYLCFLAFLL
CASSYGPVYNEQFF	FYLCFLAFLL
CASSISTGVEKLFF	FYLCFLAFLL
CASSISGGPSNEQFF	FYLCFLAFLL
CASSAPLTGASGNTIYF	FYLCFLAFLL
CASSLGTGNTGELFF	FYLCFLAFLL
CSATREGQHQETQYF	FYLCFLAFLL
CSVDKDGTDTQYF	FYLCFLAFLL
CSASGTSGQGETQYF	FYLCFLAFLL
CSAESNNEQFF	FYLCFLAFLL
CASSYSPQGGTYEQYF	FYLCFLAFLL
CSADQQGRGYNEQFF	FYLCFLAFLL
CSGGQISYEQYF	FYLCFLAFLL
CSASMEPNNEQFF	FYLCFLAFLL
CASSQDHGEPNTGELFF	FYLCFLAFLL
CASSADRGYEQYF	FYLCFLAFLL
CASRFSDRDYDTEAFF	FYLCFLAFLL
CASSFSTGGLFAGELFF	FYLCFLAFLL
CSARGVTSYEQYF	FYLCFLAFLL
CASNRGEPTDTQYF	FYLCFLAFLL
CASSPGTSGAQETQYF	FYLCFLAFLL
CASSQQEGLAGTDTQYF	FYLCFLAFLL
CASSLTGVGGADNEQFF	FYLCFLAFLL
CASSLGFPGELFF	FYLCFLAFLL
CASSLDETKGAFF	FYLCFLAFLL
CASSTNGAPTTDTQYF	FYLCFLAFLL
CASSYSQGLGTQYF	FYLCFLAFLL
CASSYGLALGTDTQYF	FYLCFLAFLL
CSARGRDRLYGYTF	FYLCFLAFLL
CASSEGTSGNNEQFF	FYLCFLAFLL
CSVELAGILYEQYF	FYLCFLAFLL
CSASHEGGRSYNEQFF	FYLCFLAFLL
CASTDFLTQGIGQPQHF	FYLCFLAFLL
CASSFSDRDYGYTF	FYLCFLAFLL
CASSLTGLGGDTQYF	FYLCFLAFLL
CASSEYFGGSGTEAFF	FYLCFLAFLL
CSARGTIPNPQSGHSYEQYF	FYLCFLAFLL
CASSLGTGGSYNEQFF	FYLCFLAFLL
CASSEIPGTSSYNEQFF	FYLCFLAFLL
CASSSGTVPPLGQYF	FYLCFLAFLL
CASSQDLNLLGTQYF	FYLCFLAFLL
CSASHAGGPDTQYF	FYLCFLAFLL
CSVDPWGSSGGASNEQFF	FYLCFLAFLL
CASSLAWGGFNQPQHF	FYLCFLAFLL
CASSLGQGFQETQYF	FYLCFLAFLL
CSASTANTEAFF	FYLCFLAFLL
CSAKGLAGEFYEQYF	FYLCFLAFLL
CSASEESAYNEQFF	FYLCFLAFLL
CANPTVNTGELFF	FYLCFLAFLL
CASSFGNTEAFF	FYLCFLAFLL
CASSHISGGQYF	FYLCFLAFLL
CSARVGGGNTGELFF	FYLCFLAFLL
CSAIRGYTEAFF	FYLCFLAFLL
CSARPTTGTQLSEQYF	FYLCFLAFLL
CASKFRGNEETQYF	FYLCFLAFLL
CASSLSDSLYTPWTF	FYLCFLAFLL
CSANTGTGGYEQYF	FYLCFLAFLL
CASSMSLAGTNGEQFF	FYLCFLAFLL
CASSQDHGLVLYEQYF	FYLCFLAFLL
CSASRLQETQYF	FYLCFLAFLL
CSAASGNSPDTQYF	FYLCFLAFLL
CSADRVSYEQYF	FYLCFLAFLL
CSVAAEGYEQYF	FYLCFLAFLL
CASSQEVADSYEQYF	FYLCFLAFLL
CASSLYSGSATGELFF	FYLCFLAFLL
CASSLGGQGALQPQHF	FYLCFLAFLL
CASSGTGDYYGYTF	FYLCFLAFLL
CASKDNGFPSDTQYF	FYLCFLAFLL
CSADRAGGNEQFF	FYLCFLAFLL
CASSHLAGGRNEQFF	FYLCFLAFLL
CSASHSSNEQFF	FYLCFLAFLL
CSAEYESGSAYNEQFF	FYLCFLAFLL
CASSFFRQSEAFF	FYLCFLAFLL
