CDR3	AA
CASSLRNPYEQYF	ITEEVGHTDLMAAY
CASSLVTDMNTEAFF	ITEEVGHTDLMAAY
CASSLVKGGPNQPQHF	ITEEVGHTDLMAAY
CASSLKEREQFF	ITEEVGHTDLMAAY
CASSPGRGHGYTF	ITEEVGHTDLMAAY
CASSHAGDSPLHF	ITEEVGHTDLMAAY
CASSLVQGAYTGELFF	ITEEVGHTDLMAAY
CASSFGAGAYNEQFF	ITEEVGHTDLMAAY
CASSQGFSDPPTDTQYF	ITEEVGHTDLMAAY
CASSQFPTASYEQYF	ITEEVGHTDLMAAY
CASRSGTVGDNEQFF	ITEEVGHTDLMAAY
CASSAPTGRTYNEQFF	ITEEVGHTDLMAAY
CASSLVVGPYEQYF	ITEEVGHTDLMAAY
CASSQEPAWNTEAFF	ITEEVGHTDLMAAY
CASSTGTGAKNIQYF	ITEEVGHTDLMAAY
CASSQMLTDPSYEQYF	ITEEVGHTDLMAAY
CASSLVVGASYNEQFF	ITEEVGHTDLMAAY
CASSQVPGGSGPNTEAFF	ITEEVGHTDLMAAY
CASSLALGQGGMSSYNEQFF	ITEEVGHTDLMAAY
CASSLVADSSYNEQFF	ITEEVGHTDLMAAY
CASSDGLPYNSPLHF	ITEEVGHTDLMAAY
CASSLVADSSYNEQFF	ITEEVGHTDLMAAY
CASSLVSDSSYNEQFF	ITEEVGHTDLMAAY
CASSLVADSSYNEQFF	ITEEVGHTDLMAAY
CASSLGTASSYNEQFF	ITEEVGHTDLMAAY
CASSLGVRDNEQFF	ITEEVGHTDLMAAY
CASSLRGPEQFF	ITEEVGHTDLMAAY
CASSVFGTAETEAFF	ITEEVGHTDLMAAY
CASSLVADSSYNEQFF	ITEEVGHTDLMAAY
CASSQILSAEGLNTEAFF	ITEEVGHTDLMAAY
CASSQTPSGSYEQYF	ITEEVGHTDLMAAY
CASSHPGGGELFF	ITEEVGHTDLMAAY
CASSLLAGDFSYNEQFF	ITEEVGHTDLMAAY
CASRWSGTSGDNEQFF	ITEEVGHTDLMAAY
CASRNRGLNTEAFF	ITEEVGHTDLMAAY
CASSLRLQGRNQPQHF	ITEEVGHTDLMAAY
CSHRRDTEAFF	ITEEVGHTDLMAAY
CSARADSAVIYEQYF	ITEEVGHTDLMAAY
CASSHIPGGPRGNYEQYF	ITEEVGHTDLMAAY
CSARRYNEQFF	ITEEVGHTDLMAAY
CASSARQHQETQYF	ITEEVGHTDLMAAY
CASSPTTGSYEQYF	ITEEVGHTDLMAAY
CASSFVSPLHF	ITEEVGHTDLMAAY
CASSLVVGGAAEQFF	ITEEVGHTDLMAAY
CASSPITGLTGELFF	ITEEVGHTDLMAAY
CASNRGTGSSYEQYF	ITEEVGHTDLMAAY
CASSDRGYEQYF	ITEEVGHTDLMAAY
CSATATTGRTDTQYF	ITEEVGHTDLMAAY
CASSLGREVLFF	ITEEVGHTDLMAAY
CASSQELAVYEQYF	ITEEVGHTDLMAAY
CSAWTSGGRTDTQYF	ITEEVGHTDLMAAY
CASSLVTDSSYNEQFF	ITEEVGHTDLMAAY
CASLGVRTEAFF	ITEEVGHTDLMAAY
CASSLVTDLNTEAFF	ITEEVGHTDLMAAY
CASSPPRGLPYEQYF	ITEEVGHTDLMAAY
CASSLGTGPNTGELFF	ITEEVGHTDLMAAY
CASSLGPDGYNEQFF	ITEEVGHTDLMAAY
CASSQVGLTPTYEQYF	ITEEVGHTDLMAAY
CASGLDRGNEQFF	ITEEVGHTDLMAAY
CASSGALSYNEQFF	ITEEVGHTDLMAAY
CASSSTSGDVSYNEQFF	ITEEVGHTDLMAAY
CASSLAFAGGQVVYEQYF	ITEEVGHTDLMAAY
CASSLSGDLTDTQYF	ITEEVGHTDLMAAY
CASSGGPVVGTQYF	ITEEVGHTDLMAAY
CACGTGLTEAFF	ITEEVGHTDLMAAY
CASSHSGPDEQYF	ITEEVGHTDLMAAY
CAIRALGGPARDTQYF	ITEEVGHTDLMAAY
CASSQVMDSTYNSPLHF	ITEEVGHTDLMAAY
CASSLSLAGESGELFF	ITEEVGHTDLMAAY
CASSQAYTTDTQYF	ITEEVGHTDLMAAY
CASSQATSGGTEQFF	ITEEVGHTDLMAAY
CARGLAGFYEQYF	ITEEVGHTDLMAAY
CASSIGTTPGNTIYF	ITEEVGHTDLMAAY
CASSLHPNEKLFF	ITEEVGHTDLMAAY
CASGLDRGNEQFF	ITEEVGHTDLMAAY
CASSHDRSPSYEQYF	ITEEVGHTDLMAAY
CASSLVADSSYNEQFF	ITEEVGHTDLMAAY
CASSLGMNTEAFF	ITEEVGHTDLMAAY
CASSLEVGSDPLYNEQFF	ITEEVGHTDLMAAY
CASSQVLSLDTGQPQHF	ITEEVGHTDLMAAY
CASSLVADSSYNEQFF	ITEEVGHTDLMAAY
CASTLRSYNEQFF	ITEEVGHTDLMAAY
CASRHRGMNTEAFF	ITEEVGHTDLMAAY
CATSGGLAGVDEQFF	ITEEVGHTDLMAAY
CASSLVTAPTGAFF	ITEEVGHTDLMAAY
CASSLMTGQNTEAFF	ITEEVGHTDLMAAY
CASSRGANTEAFF	ITEEVGHTDLMAAY
CASSFRGGNTEAFF	ITEEVGHTDLMAAY
CASSLTAGSYNEQFF	ITEEVGHTDLMAAY
CASSLGTSGGNFYEQYF	ITEEVGHTDLMAAY
CASSFSWTGFYEQYF	ITEEVGHTDLMAAY
