CDR3	AA
CASTLGSTF	VEHVTFFIY
CASSLGQGSNIQYF	VEHVTFFIY
CASSAGQGDGYTF	VEHVTFFIY
CASSLGGGDEQYF	VEHVTFFIY
CASSVGQGAGYTF	VEHVTFFIY
CSARDWSDTQYF	VEHVTFFIY
CASSDPITGIYGYTF	VEHVTFFIY
CASSGTGMNTEAFF	VEHVTFFIY
CSARTGNTDTQYF	VEHVTFFIY
CASSRDRDSYNEQFF	VEHVTFFIY
CASSQVGDTQYF	VEHVTFFIY
CASTVGLGGELFF	VEHVTFFIY
CASSGNEQFF	VEHVTFFIY
CASSAGQGAGYTF	VEHVTFFIY
CASSVARSGDGYTF	VEHVTFFIY
CASTLPHAEGLAGQETQYF	VEHVTFFIY
CASSVGQGYNEQFF	VEHVTFFIY
CASSPTESYEQYV	VEHVTFFIY
CASSYGQGYNEQFF	VEHVTFFIY
CASSGGQGTGYTF	VEHVTFFIY
CASSLLASGDYEQYF	VEHVTFFIY
CASSVGRGDGYTF	VEHVTFFIY
CASTSDEKLFF	VEHVTFFIY
CASSAGQGDGYTF	VEHVTFFIY
CASSLTGTSGRTFFPNEQFF	VEHVTFFIY
CASSLAGLSYEQYF	VEHVTFFIY
CASSLGQGWEKLFF	VEHVTFFIY
CASSVGQGGGYTF	VEHVTFFIY
CASSHEDSFPSTDTQYF	VEHVTFFIY
CASSGGVAVLLGELFF	VEHVTFFIY
CSARDWGETQYF	VEHVTFFIY
CASSVAAGGPTGELFF	VEHVTFFIY
CASSVGSGDGYTF	VEHVTFFIY
CASSLGVGGEQYF	VEHVTFFIY
CASSAGLDLGTGELFF	VEHVTFFIY
CASKGGRSDTQYF	VEHVTFFIY
CASSSGGSPTYEQYF	VEHVTFFIY
CASSSGQGGEQYF	VEHVTFFIY
CASSLAGGGNEQFF	VEHVTFFIY
CASSVAAGEGGELFF	VEHVTFFIY
CSARDWGDTQYF	VEHVTFFIY
CASSPMSGGLNEQFF	VEHVTFFIY
CASSYVNTEAFF	VEHVTFFIY
CSASSGGDNEQFF	VEHVTFFIY
CASSGPGLAGYEQYV	VEHVTFFIY
CASSLYFSGGHNEQFF	VEHVTFFIY
CASSVGQGAGYTF	VEHVTFFIY
CASSLDYEQYF	VEHVTFFIY
CASSKGREGPFREQYF	VEHVTFFIY
CASSYHVPDLDTEAFF	VEHVTFFIY
CASSLGGYEQYF	VEHVTFFIY
CASSVGQGSGYTF	VEHVTFFIY
CASSSRDLGDNEQFF	VEHVTFFIY
CASSYTGPSSYEQYF	VEHVTFFIY
CASSVTGPSYNEQFF	VEHVTFFIY
CASSPGQGAPDNQPQHF	VEHVTFFIY
