CDR3	AA
CASSQEVLAGGQETQYF	CNDPFLGVY
CSVGPGAGETQYF	CNDPFLGVY
CASRAHTGELFF	CNDPFLGVY
CASSQSRDTYYEQYF	CNDPFLGVY
CASSEHTGYEQYF	CNDPFLGVY
CASRGGVGEQYF	CNDPFLGVY
CASSSGTVDEKLFF	CNDPFLGVY
CASSGQYQETQYF	CNDPFLGVY
CASSWGYEQFF	CNDPFLGVY
CSVRGGEQFF	CNDPFLGVY
CATSDPRSETGGFYEQFF	CNDPFLGVY
CSARDQGDWTSGSTAPEGTDTQYF	CNDPFLGVY
CASSGNGYEQYF	CNDPFLGVY
CASSLYTSPGELFF	CNDPFLGVY
CASSHLNALGEQFF	CNDPFLGVY
CASGSAGAYEQYF	CNDPFLGVY
CASSSGAGPNQPQHF	CNDPFLGVY
CASRKAALNSPLHF	CNDPFLGVY
CASTGTSGRAAQETQYF	CNDPFLGVY
CASSLGAGEGKLFF	CNDPFLGVY
CASSYSSWTASGNTIYF	CNDPFLGVY
CSAWTSGSSSYNEQFF	CNDPFLGVY
CSVEDRSGRYTEAFF	CNDPFLGVY
CATSDLEGLGDTQYF	CNDPFLGVY
CASSLLPSGSYNEQFF	CNDPFLGVY
CASSMTSGSYNEQFF	CNDPFLGVY
CASSFSGNQETQYF	CNDPFLGVY
CASSYSSGAGYTF	CNDPFLGVY
CSAFDRANTGELFF	CNDPFLGVY
CASSPLGEAGEQYF	CNDPFLGVY
CASSKRETFSPLHF	CNDPFLGVY
CASSLAGAEQFF	CNDPFLGVY
CASSFDGPNEQFF	CNDPFLGVY
CASTTRDKDNEQFF	CNDPFLGVY
CASSPLGSETSFSTDTQYF	CNDPFLGVY
CASRAGTGWAGDSLEQYF	CNDPFLGVY
CSAIYTSGGGTSTDTQYF	CNDPFLGVY
CASSLGHGYEQYF	CNDPFLGVY
CASSSTSGGFYTQYF	CNDPFLGVY
CASSWGQTSAYEQYF	CNDPFLGVY
CASSNGQGDSGANVLTF	CNDPFLGVY
CASSSSSTGAMDEQYF	CNDPFLGVY
CSARVLGAEGLDTQYF	CNDPFLGVY
CASGPDIAYEQYF	CNDPFLGVY
CASSPESGDRTDTQYF	CNDPFLGVY
CASSLSSYEQYF	CNDPFLGVY
CSARETDYSGELFF	CNDPFLGVY
CSARDSTSYDEQFF	CNDPFLGVY
CSARRADTDTQYF	CNDPFLGVY
CASSLNRGRVSEQYF	CNDPFLGVY
CSARDTSAGGETDTQYF	CNDPFLGVY
CASSLGLLTEQFF	CNDPFLGVY
