CDR3	AA
CASSLYSGETQYF	ALRKVPTDNYITTY
CASSLRTDSYEQYF	ALRKVPTDNYITTY
CASSESSGDIYNEQFF	ALRKVPTDNYITTY
CASSQESGPSYEQYF	ALRKVPTDNYITTY
CASSLGQGAFTDTQYF	ALRKVPTDNYITTY
CSALGQVDNYGYTF	ALRKVPTDNYITTY
CASSLTGGGNQPQHF	ALRKVPTDNYITTY
CSVEAGGPDTQYF	ALRKVPTDNYITTY
CASSLTSGGLYNEQFF	ALRKVPTDNYITTY
CASSRQVLNTEAFF	ALRKVPTDNYITTY
CASSNGNRVRYGYTF	ALRKVPTDNYITTY
CASSLWQGETQYF	ALRKVPTDNYITTY
CASSFHTNSYEQYF	ALRKVPTDNYITTY
CASSLFAMAGVVPQETQYF	ALRKVPTDNYITTY
CASSLRTNSYEQYF	ALRKVPTDNYITTY
CASSPTLAGKSSTDTQYF	ALRKVPTDNYITTY
CASSFRTDSYEQYF	ALRKVPTDNYITTY
CASSRGTDAYEQYF	ALRKVPTDNYITTY
CASSMRTDSYEQYF	ALRKVPTDNYITTY
CASSLVAGNTGELFF	ALRKVPTDNYITTY
CASSFRTDSYEQYF	ALRKVPTDNYITTY
CASSGEAGVTGELFF	ALRKVPTDNYITTY
CASSKIGQVNTEAFF	ALRKVPTDNYITTY
CASSISDWSEAFF	ALRKVPTDNYITTY
CASSLRTDSYEQYF	ALRKVPTDNYITTY
CASSYSIQAGGAYEQYF	ALRKVPTDNYITTY
CASSQGGDLYQPQHF	ALRKVPTDNYITTY
CASSSTGGAETQYF	ALRKVPTDNYITTY
CATSRGGGGSYEQYF	ALRKVPTDNYITTY
CASSESGQGWYNEQFF	ALRKVPTDNYITTY
CASSLVGAPVDEQYF	ALRKVPTDNYITTY
CASSTGAYEQYF	ALRKVPTDNYITTY
CASSLRDTSYEQYF	ALRKVPTDNYITTY
CASSFWTPRDGELFF	ALRKVPTDNYITTY
CASSLRTDSYEQYF	ALRKVPTDNYITTY
CASSFKTDTYEQYF	ALRKVPTDNYITTY
CASSVATDSYEQYF	ALRKVPTDNYITTY
WRDIRECCSYNEQFF	ALRKVPTDNYITTY
CASSEAPINTDTQYF	ALRKVPTDNYITTY
CASGRGGTDTQYF	ALRKVPTDNYITTY
CASSQEGGRAYEQYF	ALRKVPTDNYITTY
CASSQEFSGRGYEQYF	ALRKVPTDNYITTY
CASSLTASLYEQYF	ALRKVPTDNYITTY
CASSADRDEQYF	ALRKVPTDNYITTY
CASSQDPGTGVSSYNSPLHF	ALRKVPTDNYITTY
CASSLVRTGFLAGDSPYNEQFF	ALRKVPTDNYITTY
CASSLRTDSYEQYF	ALRKVPTDNYITTY
CASSITGWTEAFF	ALRKVPTDNYITTY
CASSLSVDEQFF	ALRKVPTDNYITTY
CASSLDGNQPQHF	ALRKVPTDNYITTY
CASSLERESSYNEQFF	ALRKVPTDNYITTY
CASSPGQGAWFDEQFF	ALRKVPTDNYITTY
CASSQGGQGNYEQYF	ALRKVPTDNYITTY
CASSQDYHQTYEQYF	ALRKVPTDNYITTY
CASSFRSDSYEQYF	ALRKVPTDNYITTY
CASSQLQASYEQYF	ALRKVPTDNYITTY
CASSPGLASTDTQYF	ALRKVPTDNYITTY
CASSITLGLTPYNEQFF	ALRKVPTDNYITTY
CASSIDLTLLSRQFPTNEKLFF	ALRKVPTDNYITTY
CASGRSTDSYEQYF	ALRKVPTDNYITTY
CASGPGTDSYEQYF	ALRKVPTDNYITTY
CASSSGDTLNEQFF	ALRKVPTDNYITTY
CASSRTLFSGEQYF	ALRKVPTDNYITTY
CASSRRTDSYEQYF	ALRKVPTDNYITTY
CASSPEIKVLHF	ALRKVPTDNYITTY
CASSLTGTGYNEQFF	ALRKVPTDNYITTY
CASRWDRGKETQYF	ALRKVPTDNYITTY
CASSITLGSQSPLHF	ALRKVPTDNYITTY
CSVDSLNTGELFF	ALRKVPTDNYITTY
CASTLGGGMNTEAFF	ALRKVPTDNYITTY
CASSRVEGTSPLHF	ALRKVPTDNYITTY
CASSLRTDSYEQYF	ALRKVPTDNYITTY
CAWGRRTDTYEQYF	ALRKVPTDNYITTY
CASSIGQGAFTDTQYF	ALRKVPTDNYITTY
CASSQDYHGTYEQYF	ALRKVPTDNYITTY
CASSLRSNSYEQYF	ALRKVPTDNYITTY
CASSMILAGGPGDTQYF	ALRKVPTDNYITTY
CASSERTDSYEQYF	ALRKVPTDNYITTY
CASSMRTDSYEQYF	ALRKVPTDNYITTY
CASSPGTDNQETQYF	ALRKVPTDNYITTY
CASSIILAGGPGDTQYF	ALRKVPTDNYITTY
CASSPGGALNTEAFF	ALRKVPTDNYITTY
CASSYLDSQETQYF	ALRKVPTDNYITTY
CASSRPTDSYEQYF	ALRKVPTDNYITTY
CASSLTSGGASYEQYF	ALRKVPTDNYITTY
CASSLGTPTPYEQYF	ALRKVPTDNYITTY
CASIWAISEAFF	ALRKVPTDNYITTY
CASSNIYPEAFF	ALRKVPTDNYITTY
CASSQEPGPTYEQYF	ALRKVPTDNYITTY
CASSYLGNQPQHF	ALRKVPTDNYITTY
CASSSGQGAFTDTQYF	ALRKVPTDNYITTY
CASSPAGQSYNEQFF	ALRKVPTDNYITTY
CASSLSSGEQYF	ALRKVPTDNYITTY
CASSRKTDSYEQYF	ALRKVPTDNYITTY
CASSIVRGMNQPQHF	ALRKVPTDNYITTY
CASRPQVGGETQYF	ALRKVPTDNYITTY
CASSLQEGPGAYYGYTF	ALRKVPTDNYITTY
CASSQTSLGEQFF	ALRKVPTDNYITTY
CASSWRTDSYEQYF	ALRKVPTDNYITTY
CASSLTVAHRGPRNTEAFF	ALRKVPTDNYITTY
CASSYDRRQGGSYEQYF	ALRKVPTDNYITTY
CASSFRQNSYEQYF	ALRKVPTDNYITTY
CASSVGAAQETQYF	ALRKVPTDNYITTY
CASSLLGQGGAETQYF	ALRKVPTDNYITTY
CASSQEGGRAGSYEQYF	ALRKVPTDNYITTY
CASSSLGRDSSYNEQFF	ALRKVPTDNYITTY
CASTLLGNQPQHF	ALRKVPTDNYITTY
CASSIQSGITEQFF	ALRKVPTDNYITTY
CASSPDSSIYEQYF	ALRKVPTDNYITTY
CASSLRSDSYEQYF	ALRKVPTDNYITTY
CASSFWQGETQYF	ALRKVPTDNYITTY
CASSGWGYGYTF	ALRKVPTDNYITTY
CASSQDFPSGNTIYF	ALRKVPTDNYITTY
CASSVILAGGPGDTQYF	ALRKVPTDNYITTY
CASSYERESSYNEQFF	ALRKVPTDNYITTY
CSARQEIVNYGYTF	ALRKVPTDNYITTY
CAIQGEAYGYTF	ALRKVPTDNYITTY
CASSHRTDSYEQYF	ALRKVPTDNYITTY
CASSYGGSSYEQYF	ALRKVPTDNYITTY
CASGRTSNSYEQYF	ALRKVPTDNYITTY
CASSSTWNPLAEAFF	ALRKVPTDNYITTY
CASSLGHDKNIQYF	ALRKVPTDNYITTY
CASSHRTDSYEQYF	ALRKVPTDNYITTY
CASSRRTDSYEQYF	ALRKVPTDNYITTY
CASSLVGNQPQHF	ALRKVPTDNYITTY
CASSEYRANTDTQYF	ALRKVPTDNYITTY
CASKGLASYNEQFF	ALRKVPTDNYITTY
CATGTSVGDTQYF	ALRKVPTDNYITTY
CASKTSGTGYSPLHF	ALRKVPTDNYITTY
CASSLVAGINQPQHF	ALRKVPTDNYITTY
CASSLSSNSYEQYF	ALRKVPTDNYITTY
CASSFSAGGPRLNEQFF	ALRKVPTDNYITTY
CASSLGQGAFTDTQYF	ALRKVPTDNYITTY
CASSLFPGGYNEQFF	ALRKVPTDNYITTY
CASSAGVSSTDTQYF	ALRKVPTDNYITTY
CASSLLAGPNTGELFF	ALRKVPTDNYITTY
CASSLRSNSYEQYF	ALRKVPTDNYITTY
CASSQHSNSYEQYF	ALRKVPTDNYITTY
CSARDGGGSYEQYF	ALRKVPTDNYITTY
CASSFLGNQPQHF	ALRKVPTDNYITTY
CASSLNSNSYEQYF	ALRKVPTDNYITTY
CASSLTKSYNEQFF	ALRKVPTDNYITTY
CASSFRSDAYEQYF	ALRKVPTDNYITTY
CASSLTGVATSPLHF	ALRKVPTDNYITTY
CASSFGQGAFTDTQYF	ALRKVPTDNYITTY
CASSLMGGKIYGYTF	ALRKVPTDNYITTY
CASSFRTDQYEQYF	ALRKVPTDNYITTY
CASSFRDSSYEQYF	ALRKVPTDNYITTY
CSVDSGASTDTQYF	ALRKVPTDNYITTY
CASSLRSNSYEQYF	ALRKVPTDNYITTY
CASSLGQGAFTDTQYF	ALRKVPTDNYITTY
CASSRTTSGGAYNEQFF	ALRKVPTDNYITTY
CASSPENDEKLFF	ALRKVPTDNYITTY
CASSQEEGRGTNGRKETQYF	ALRKVPTDNYITTY
CASSQTLSSDYEQYF	ALRKVPTDNYITTY
CASSHRTDSYEQYF	ALRKVPTDNYITTY
CASSLADIGFPEKLFF	ALRKVPTDNYITTY
CASSQEGGRAYEQYF	ALRKVPTDNYITTY
CASSPGGGGNQPQHF	ALRKVPTDNYITTY
CASSLYGTNSYEQYF	ALRKVPTDNYITTY
CASSQEKSRGYEQYF	ALRKVPTDNYITTY
CASSLYGTNSYEQYF	ALRKVPTDNYITTY
CASSPGRNYGYTF	ALRKVPTDNYITTY
CASSQEFSGTSYNEQFF	ALRKVPTDNYITTY
CASTLAGNQPQHF	ALRKVPTDNYITTY
CASSMILAGGPTDTQYF	ALRKVPTDNYITTY
CASSISLGPYNEQFF	ALRKVPTDNYITTY
CASSLRTDDYEQYF	ALRKVPTDNYITTY
CASSLGGGLNTEAFF	ALRKVPTDNYITTY
CASSFRTDSYEQYF	ALRKVPTDNYITTY
CASSLKTDSYEQYF	ALRKVPTDNYITTY
CASSIGVLHSEAFF	ALRKVPTDNYITTY
CASSIDSGGRGNQPQHF	ALRKVPTDNYITTY
CASSFGQGTDTQYF	ALRKVPTDNYITTY
CASSLRTDSYEQYF	ALRKVPTDNYITTY
CASSQEYRSTTREYF	ALRKVPTDNYITTY
CASSYPPGPNTEAFF	ALRKVPTDNYITTY
CASSAGQGAFTDTQYF	ALRKVPTDNYITTY
CASSKESQGLAYGYTF	ALRKVPTDNYITTY
CAIMDSTYEQYF	ALRKVPTDNYITTY
CASSLILGSGRYNEQFF	ALRKVPTDNYITTY
CASSLHRDNYEQYF	ALRKVPTDNYITTY
CASSLRTDHYEQYF	ALRKVPTDNYITTY
CASSLRSDEYTIYF	ALRKVPTDNYITTY
CASSEGTASTDTQYF	ALRKVPTDNYITTY
CASSILLGTAPLYNEQFF	ALRKVPTDNYITTY
CASSYGQGSFTDTQYF	ALRKVPTDNYITTY
CASSQEGGRAYEQYF	ALRKVPTDNYITTY
CASDVGGGPYTQYF	ALRKVPTDNYITTY
CASSLGDRGSDTQYF	ALRKVPTDNYITTY
CASSLRSDSYEQYF	ALRKVPTDNYITTY
CASSLLGGGGYNEQFF	ALRKVPTDNYITTY
CASSLRTDSYEQYF	ALRKVPTDNYITTY
CASSSTGGAETQYF	ALRKVPTDNYITTY
CASSLTTDSYEQYF	ALRKVPTDNYITTY
CASSTGTVNPYEQYF	ALRKVPTDNYITTY
CASSEGLATFSYEQYV	ALRKVPTDNYITTY
CASNFLGTPFTDTQYF	ALRKVPTDNYITTY
CASSLRSDSYEQYF	ALRKVPTDNYITTY
CASSILLAGPYNEQFF	ALRKVPTDNYITTY
CASSMGIDIHSNQPQHF	ALRKVPTDNYITTY
CASSLRTDSYEQYF	ALRKVPTDNYITTY
CASSLGTDSYEQYF	ALRKVPTDNYITTY
CASSQTHLPSYEQYF	ALRKVPTDNYITTY
CASSLGDSREQYF	ALRKVPTDNYITTY
CASSSGQGAFTDTQYF	ALRKVPTDNYITTY
CASSLRTDSYEQYF	ALRKVPTDNYITTY
CASSVVERTAEQYF	ALRKVPTDNYITTY
CASSRRTDNYEQYF	ALRKVPTDNYITTY
CASSFSSNSYEQYF	ALRKVPTDNYITTY
CASSIVLADTQYF	ALRKVPTDNYITTY
CASSPFGAPAGTQYF	ALRKVPTDNYITTY
CASSHRTDSYEQYF	ALRKVPTDNYITTY
CASSIVEGTGELFF	ALRKVPTDNYITTY
CASSMRTDTYEQYF	ALRKVPTDNYITTY
CASSDGADTQYF	ALRKVPTDNYITTY
CATSDSKVGDIYQPQHF	ALRKVPTDNYITTY
CASSPSAGVSYEQYF	ALRKVPTDNYITTY
CASSLLPGVQSYNEQFF	ALRKVPTDNYITTY
CASSGVDAAYEQYF	ALRKVPTDNYITTY
CASSQEGGRGYEQYF	ALRKVPTDNYITTY
