CDR3	AA
CAFGDRLADYNEQFF	VLHSYFTSDY
CASSSLAGAGELFF	VLHSYFTSDY
CASSYSARLTEAFF	VLHSYFTSDY
CASSYAQQGNNNEQFF	VLHSYFTSDY
CASSLYSNEQFF	VLHSYFTSDY
CASSTWTGVGYEQYF	VLHSYFTSDY
CASSARDRPSYEQYF	VLHSYFTSDY
CASSVGIKVGQGTDEQYF	VLHSYFTSDY
CASTQGISYNEQFF	VLHSYFTSDY
CASSQGSGRDHSNQPQHF	VLHSYFTSDY
CASTLRGDFVGYQPQHF	VLHSYFTSDY
CASSPIRTSASRVTGELFF	VLHSYFTSDY
CASSSADSTTVAPYEQYF	VLHSYFTSDY
CASSFGGSSADTQYF	VLHSYFTSDY
CASSPSAGVGSEQFF	VLHSYFTSDY
CAISESGGNTEAFF	VLHSYFTSDY
CASSLEDTSNQPQHF	VLHSYFTSDY
CAISIGTDQNIQYF	VLHSYFTSDY
CATSTGLSETQYF	VLHSYFTSDY
CASSQVTGQETQYF	VLHSYFTSDY
CASTQGGETQYF	VLHSYFTSDY
CASSYLDRGETQYF	VLHSYFTSDY
CASSSNRALNVGKAFF	VLHSYFTSDY
CASSYREDRGTQYF	VLHSYFTSDY
CASSQTSRGDSNQPQHF	VLHSYFTSDY
CASSLGDRVYNEQFF	VLHSYFTSDY
CASAETALDGSPLHF	VLHSYFTSDY
CASSQGGDHFQPQHF	VLHSYFTSDY
CASSQGPGKVDYGYTF	VLHSYFTSDY
CASSSQGGNSPLHF	VLHSYFTSDY
CATSRTSGQETQYF	VLHSYFTSDY
CASSAWTGVGYEQYF	VLHSYFTSDY
CASSPMVNSPLHF	VLHSYFTSDY
CATSRGWDRSDTQYF	VLHSYFTSDY
CASSLAGQNTEAFF	VLHSYFTSDY
CASSTTGTTYYEQYF	VLHSYFTSDY
CASSTLRGYSNQPQHF	VLHSYFTSDY
CASSLGGSSTDTQYF	VLHSYFTSDY
CASSLGGSSTDTQYF	VLHSYFTSDY
CASSSTSGTGELFF	VLHSYFTSDY
CASSLGLTEAFF	VLHSYFTSDY
CAREGPAHEQFF	VLHSYFTSDY
CASGRTNSPLHF	VLHSYFTSDY
CSETSSYTTNEQFF	VLHSYFTSDY
CASSLARQGARNTEAFF	VLHSYFTSDY
CASSQVPPSSMSTDTQYF	VLHSYFTSDY
CASSRDGIQYF	VLHSYFTSDY
CASSLQGVQETQYF	VLHSYFTSDY
CASSPGDRGHEQYF	VLHSYFTSDY
CASSPWTGGGYEQYF	VLHSYFTSDY
CASSPLRDSMETQYF	VLHSYFTSDY
CASSVGQGITDTQYF	VLHSYFTSDY
CASSLAGTGDVGTQYF	VLHSYFTSDY
CASSLAGQGDGSPLHF	VLHSYFTSDY
CATSRLWADSNQPQHF	VLHSYFTSDY
CASSLSSGRYNEQFF	VLHSYFTSDY
CASSWLAGDTYNEQFF	VLHSYFTSDY
CASRTERTGQYF	VLHSYFTSDY
CASSLGGGSTDTQYF	VLHSYFTSDY
CASSPDDFPAWEQYF	VLHSYFTSDY
CATSRGAGQETQYF	VLHSYFTSDY
CASSDVTRGNQPQHF	VLHSYFTSDY
CASSPDLGYTF	VLHSYFTSDY
CASSESGGSGSEQYF	VLHSYFTSDY
CASSYPPGELFF	VLHSYFTSDY
CASSLSVPGAGETQYF	VLHSYFTSDY
CSARMNLAQSSYNEQFF	VLHSYFTSDY
CASSLGWDWGTEAFF	VLHSYFTSDY
CASSLVSGQETQYF	VLHSYFTSDY
CASSLWTGSGKTQYF	VLHSYFTSDY
CASSIESSGLNSPLHF	VLHSYFTSDY
CSARLLLAQSSYNEQFF	VLHSYFTSDY
CASSLGADSQETQYF	VLHSYFTSDY
CSARHTGGARGTGELFF	VLHSYFTSDY
CATSTLWAGDSNQPQHF	VLHSYFTSDY
CAIKPRTGDFYNEQFF	VLHSYFTSDY
CASSSRTSGSSRPGEQYF	VLHSYFTSDY
CASSLEGISDYNEQFF	VLHSYFTSDY
CASNSLANTGELFF	VLHSYFTSDY
CASSDDRFSYEQYF	VLHSYFTSDY
CASSQETGTGVYSPLHF	VLHSYFTSDY
CASSLGGSSTDTQYF	VLHSYFTSDY
CASSLGGSSTDTQYF	VLHSYFTSDY
CASSQAGQGDGSPLHF	VLHSYFTSDY
CASSRGTGDFLGEQYF	VLHSYFTSDY
CASSLALVAGYEFGRLSGAETQYF	VLHSYFTSDY
CATNPSGASTDTQYF	VLHSYFTSDY
CASSLGADSQETQYF	VLHSYFTSDY
CASSLVFLAGRSGDTQYF	VLHSYFTSDY
CATARTSGQETQYF	VLHSYFTSDY
CASSPHPGEEQFF	VLHSYFTSDY
CSARDVMAQAIWDTQYF	VLHSYFTSDY
CASSQDVGSGANVLTF	VLHSYFTSDY
CASSSVAGTGELFF	VLHSYFTSDY
CASSLEGGYGYTF	VLHSYFTSDY
CASSFGGSSTDTQYF	VLHSYFTSDY
CASSDIGGRETQYF	VLHSYFTSDY
CASSIGGDSQETQYF	VLHSYFTSDY
CASSLWAGVSYEQYF	VLHSYFTSDY
CASSWGSGTYGYTF	VLHSYFTSDY
CASSQKTDSTTPRPGELFF	VLHSYFTSDY
CASSVGEGSTDTQYF	VLHSYFTSDY
CASSPTDRGHSPLHF	VLHSYFTSDY
CASSDPTTGELFF	VLHSYFTSDY
CASSLAGVGYGYTF	VLHSYFTSDY
CASSLATDSLTYEQYF	VLHSYFTSDY
CATSSPDRGDSNQPQHF	VLHSYFTSDY
CASSQGGDYNQPQHF	VLHSYFTSDY
CAISENGGADYGYTF	VLHSYFTSDY
CASSLRGSYQETQYF	VLHSYFTSDY
CASSSNRDTPYEQYF	VLHSYFTSDY
CASSLGGGSTDTQYF	VLHSYFTSDY
CASSSRDPSGNTIYF	VLHSYFTSDY
CASSQALQGADTQYF	VLHSYFTSDY
CASSSWTGMGYEQYF	VLHSYFTSDY
CSARDLGQGLAGEFETQYF	VLHSYFTSDY
CASSPTVGVNTEAFF	VLHSYFTSDY
CASRPSGTGGTGELFF	VLHSYFTSDY
CAISEFGAEQPQHF	VLHSYFTSDY
CASSYDGRAYEQYF	VLHSYFTSDY
CASSLWTGIGNEQFF	VLHSYFTSDY
CASRAPGTTAYNEQFF	VLHSYFTSDY
CASSLDRAQETQYF	VLHSYFTSDY
CASSLRRDYENNEQFF	VLHSYFTSDY
CASKSWTGLGSPLHF	VLHSYFTSDY
CASKEGGGELFF	VLHSYFTSDY
CASSQAVGGTEAFF	VLHSYFTSDY
CASSAVHPGQGGVIAGGTSYEQYF	VLHSYFTSDY
CATGGQGARTGELFF	VLHSYFTSDY
CASSLPQAGANTGELFF	VLHSYFTSDY
CASRGRDADTGTGELFF	VLHSYFTSDY
CASSLGGDYNQPQHF	VLHSYFTSDY
CASSLGGQGDGSPLHF	VLHSYFTSDY
CATKGQGYEQYF	VLHSYFTSDY
CASSVGEGPRDTQYF	VLHSYFTSDY
CSAQSYGYTF	VLHSYFTSDY
CASSLGGSSTDTQYF	VLHSYFTSDY
CASSEGAGSTDTQYF	VLHSYFTSDY
CATSADRTRSYNEQFF	VLHSYFTSDY
CASSYSLNPEAQYF	VLHSYFTSDY
CATSDLEGYYGYTF	VLHSYFTSDY
CSASGYGKSSYEQYF	VLHSYFTSDY
CASSLLGAFF	VLHSYFTSDY
CASHLRVDYYNEQFF	VLHSYFTSDY
CASSLARDSTDTQYF	VLHSYFTSDY
CASSVWTGVSYEQYF	VLHSYFTSDY
CASSSFRDRGTLTYEQYF	VLHSYFTSDY
CASSQDTGPGRAQYF	VLHSYFTSDY
CASSPGTGRYGYTF	VLHSYFTSDY
CASGPESGNPGELFF	VLHSYFTSDY
CSARDPRLAGEGYQETQYF	VLHSYFTSDY
CASSHTPGQNYGYTF	VLHSYFTSDY
CASSWDRVVNEQFF	VLHSYFTSDY
CSARVSLAQSSYNEQFF	VLHSYFTSDY
CASSLGTSGLQRLF	VLHSYFTSDY
CASADRGSKNIQYF	VLHSYFTSDY
CASSHTRRIGEAFF	VLHSYFTSDY
CASSLGASSTDTQYF	VLHSYFTSDY
CATRQRTDSYEQYF	VLHSYFTSDY
CSARDLAGGPGTGELFF	VLHSYFTSDY
