CDR3	AA
CASSTRGLSGLAGVQETQYF	APSASAFFGM
CASSLELAANTGELFF	APSASAFFGM
CASSTQGSTNQPQHF	APSASAFFGM
CASSQVYRGYYNEQFF	APSASAFFGM
CATSTERTGNQPQHF	APSASAFFGM
CASSTSLGTENNQPQHF	APSASAFFGM
CASSPGVANTEAFF	APSASAFFGM
CASSPWMLAGSGETQYF	APSASAFFGM
CASSVAEGAADTQYF	APSASAFFGM
CASSATEDSLAEAFF	APSASAFFGM
CASSPSIHNEQFF	APSASAFFGM
CASSLYSQEMAYNEQFF	APSASAFFGM
CASSTSGGNGAQYF	APSASAFFGM
CASSLRGWGNEQYF	APSASAFFGM
CASSLRTSGEEDTQYF	APSASAFFGM
CASSQETATTNEKLFF	APSASAFFGM
CASSKALGYEQYF	APSASAFFGM
CASSIAGRGSTEAFF	APSASAFFGM
CASSPVRGTEAFF	APSASAFFGM
CASSQEHLAGDHEQYF	APSASAFFGM
CASSVGEGVGQPQHF	APSASAFFGM
CASSPSTGFNQPQHF	APSASAFFGM
CASSVGGEQYF	APSASAFFGM
CASSQEQAVGTDTQYF	APSASAFFGM
CASRKSGGAYNEQFF	APSASAFFGM
CASSVDETGNEQYF	APSASAFFGM
CASSQEVASQAGELFF	APSASAFFGM
CASSPRLDTEAFF	APSASAFFGM
CASSPETATGELFF	APSASAFFGM
CASSVTSGNTGELFF	APSASAFFGM
CASSVAEGARAKNIQYF	APSASAFFGM
CASSQTLLGEELFF	APSASAFFGM
CASSVVEVSGELFF	APSASAFFGM
CASSVEEGGGTDTQYF	APSASAFFGM
CASSQTGTGISTDTQYF	APSASAFFGM
CASSIAAGMSNYGYTF	APSASAFFGM
CASSPTQGWNQPQHF	APSASAFFGM
CASSPSAGTEAFF	APSASAFFGM
CASSPALSRGYTF	APSASAFFGM
CASSQEWTANTEAFF	APSASAFFGM
CASRTKSNSNQPQHF	APSASAFFGM
CASSQERAVNYGYTF	APSASAFFGM
CASSQEAGSPAGYGYTF	APSASAFFGM
CASSLSPPRLVNSPLHF	APSASAFFGM
CASSTRGGTGELFF	APSASAFFGM
CASSVDPEGGHYNEQFF	APSASAFFGM
CANKSRAVIMNTEAFF	APSASAFFGM
CASSTGAHSNQPQHF	APSASAFFGM
CASSTSGGASGELFF	APSASAFFGM
CASSTRGSSYNSPLHF	APSASAFFGM
CASSTVLAKNIQYF	APSASAFFGM
CASTAGGGTRPQHF	APSASAFFGM
CASSTRLAGEATDTQYF	APSASAFFGM
CASSVGGGVGETQYF	APSASAFFGM
CASSTRLAGAYNEQFF	APSASAFFGM
CASSQETATPTPLHF	APSASAFFGM
CASSPGQGADQPQHF	APSASAFFGM
CASSTQGYNSPLHF	APSASAFFGM
CASSTKQGSGGYTF	APSASAFFGM
CASSQDRGSAQPQHF	APSASAFFGM
CASSTQQGNYGYTF	APSASAFFGM
CASRGQGDGGELFF	APSASAFFGM
CASSQEGAVVQPQHF	APSASAFFGM
CASSLWEENTEAFF	APSASAFFGM
CASSPHVRDRGIAETQYF	APSASAFFGM
CASSYYSGANVLTF	APSASAFFGM
CASSPVESSYNSPLHF	APSASAFFGM
CASSQERASSDDTQYF	APSASAFFGM
CASSVAEGLGTDTQYF	APSASAFFGM
CASSPRQESTDTQYF	APSASAFFGM
CASSVHELALEAFF	APSASAFFGM
CASNPAGNSNQPQHF	APSASAFFGM
CASSQELAANTGELFF	APSASAFFGM
CASSVEESLNTEAFF	APSASAFFGM
CAISEQGARDQETQYF	APSASAFFGM
CASRPGGHGSPLHF	APSASAFFGM
CASSALEGVLNEKLFF	APSASAFFGM
CASSTRLDSNQPQHF	APSASAFFGM
CASSQEDGSGAKNIQYF	APSASAFFGM
CASSTQGNSNQPQHF	APSASAFFGM
CASSGAPGQPQHF	APSASAFFGM
CASSQETAVTTGELFF	APSASAFFGM
CASSLETATTDTQYF	APSASAFFGM
CASSATGISNQPQHF	APSASAFFGM
CASSLSVPSSGNTIYF	APSASAFFGM
CASSQEGAVLNTEAFF	APSASAFFGM
CASSAPQGVSNQPQHF	APSASAFFGM
CASSVEEGYSTDTQYF	APSASAFFGM
CASSTKLGGTEAFF	APSASAFFGM
CASSTRDRGNQPQHF	APSASAFFGM
CASSVTRGTEAFF	APSASAFFGM
CASSPSGANYEQYF	APSASAFFGM
