CDR3	AA
CASSLSGATGYTF	QLMCQPILLL
CASSLSTGTQPQHF	QLMCQPILLL
CASSLSVTYEQYF	QLMCQPILLL
CASSLSRGNGELFF	QLMCQPILLL
CASSFGPINEQFF	QLMCQPILLL
CASSLSATYEQYF	QLMCQPILLL
CASSYLTAAPSTDTQYF	QLMCQPILLL
CASSQVFLAEVDHEQFF	QLMCQPILLL
CASSLRLGYNEQFF	QLMCQPILLL
CASSQVIVDNEQFF	QLMCQPILLL
CASSVGRTSPLHF	QLMCQPILLL
CASSLSRSYEQYF	QLMCQPILLL
CASSLSRGHGYTF	QLMCQPILLL
CASSYDRFNSPLHF	QLMCQPILLL
CASSLGGTQYF	QLMCQPILLL
CASSFGATDTQYF	QLMCQPILLL
CASSFDGPYNEQFF	QLMCQPILLL
CASTELGGTDTQYF	QLMCQPILLL
CASSLGQGNEQFF	QLMCQPILLL
CASSLSSGNGYTF	QLMCQPILLL
CASSLSSGSEQYF	QLMCQPILLL
CASSSSGSYEQYF	QLMCQPILLL
CASSFGGLRRFDEYF	QLMCQPILLL
CASSLSIGNIQYF	QLMCQPILLL
CASGIAKNIQYF	QLMCQPILLL
CASSYSGNQPQHF	QLMCQPILLL
CASSLSGTSPLHF	QLMCQPILLL
CASGLVLPGLAEHQETQYF	QLMCQPILLL
CASSFGRTSEQYF	QLMCQPILLL
CASSLSGNSPLHF	QLMCQPILLL
CASSFGANNEQFF	QLMCQPILLL
CASSRDSSSYNEQFF	QLMCQPILLL
CASSLSRGTTEAFF	QLMCQPILLL
CASSVAANYGYTF	QLMCQPILLL
CASSSGTSGQINNEQFF	QLMCQPILLL
CASSLASTYEQYF	QLMCQPILLL
CASSLSRSYEQYF	QLMCQPILLL
CASSLSRSAGYTF	QLMCQPILLL
CASSLGQGYGYTF	QLMCQPILLL
CASSLSRGLSYEQYF	QLMCQPILLL
CASSLGRGSYEQYF	QLMCQPILLL
CASSWGGSYEQYF	QLMCQPILLL
CASSLAPSATQYF	QLMCQPILLL
CASSLSNADTQYF	QLMCQPILLL
CSVPTGEYNSPLHF	QLMCQPILLL
CASSFSLTGEAFF	QLMCQPILLL
CASGLSAKNIQYF	QLMCQPILLL
CASSLSPNNEQFF	QLMCQPILLL
CASSLSRSYEQYF	QLMCQPILLL
CASSFGGWNEQFF	QLMCQPILLL
CASSLSRTGEQFF	QLMCQPILLL
CASSFSAGYGYTF	QLMCQPILLL
CASSHGQANEQFF	QLMCQPILLL
CASSLSGSGTQYF	QLMCQPILLL
CASSLSLGNEQFF	QLMCQPILLL
CASSLGRAYEQYF	QLMCQPILLL
CASSFGRGQPYEQYF	QLMCQPILLL
CASSWGRANEQFF	QLMCQPILLL
CASSFTAVYEQYF	QLMCQPILLL
CASSRGITDTQYF	QLMCQPILLL
CASSLSQNYGYTF	QLMCQPILLL
CASSYSSGSYEQYF	QLMCQPILLL
CASSWDRGNSPLHF	QLMCQPILLL
CASSFSSNNEQFF	QLMCQPILLL
CASSLSTGYEQYF	QLMCQPILLL
CASSFSGASPLHF	QLMCQPILLL
CASSLGVGDGYTF	QLMCQPILLL
CASSLGRANEQFF	QLMCQPILLL
CASSLAPGYEQYF	QLMCQPILLL
CASSVSRGTYEQYF	QLMCQPILLL
CASSIDRGNQPQHF	QLMCQPILLL
CASSQLDSQISYEQYF	QLMCQPILLL
CASSLGGNTEAFF	QLMCQPILLL
CASSLALNNEQFF	QLMCQPILLL
CASSVDRGVHEQYF	QLMCQPILLL
CASSFSVTDTQYF	QLMCQPILLL
CASSKGRTGAGQPQHF	QLMCQPILLL
CASSLSSTDTQYF	QLMCQPILLL
CASSLSQTNEQFF	QLMCQPILLL
CASSLDRGNQPQHF	QLMCQPILLL
CASSWGQGAEAFF	QLMCQPILLL
CASSFGAYNEQFF	QLMCQPILLL
CASSYEVIGAGVYEQYF	QLMCQPILLL
CASSLSAGNTEAFF	QLMCQPILLL
CASSLSRAHEQYF	QLMCQPILLL
CASSFSANYGYTF	QLMCQPILLL
CASSVLIGATYNEQFF	QLMCQPILLL
CASSLSGSYEQYF	QLMCQPILLL
CASSAGLNEQFF	QLMCQPILLL
CASSLSRTDTQYF	QLMCQPILLL
CASSYEVIGGTTYEQYF	QLMCQPILLL
CASSWASNYEQYF	QLMCQPILLL
CASSLSIIGELFF	QLMCQPILLL
CASSWGLANEQFF	QLMCQPILLL
CASSLSGTYEQYF	QLMCQPILLL
CASSLSRSNEQFF	QLMCQPILLL
CASSLSQTYGYTF	QLMCQPILLL
CASSLSSSYEQYF	QLMCQPILLL
CASSRGPYNEQFF	QLMCQPILLL
CASCHAVDNEQFF	QLMCQPILLL
CASSETGIWSPLHF	QLMCQPILLL
CASRRVAGDIYQETQYF	QLMCQPILLL
CSAPGTGVWLNTEAFF	QLMCQPILLL
CASSQVSASVGSYNEQFF	QLMCQPILLL
CASSFSSKQPQHF	QLMCQPILLL
CASSLGGPELLGYNEQFF	QLMCQPILLL
CASSYQVGPNEQFF	QLMCQPILLL
CASKAGAREQFF	QLMCQPILLL
CASSQGLNEQFF	QLMCQPILLL
CASSLALSYEQYF	QLMCQPILLL
CASSLGQGYEQYF	QLMCQPILLL
CASSFSGSYGYTF	QLMCQPILLL
CASSLTISGENTEAFF	QLMCQPILLL
CASSFGANYGYTF	QLMCQPILLL
CASSSGVPGTSALPDTQYF	QLMCQPILLL
CASSWASTDTQYF	QLMCQPILLL
CASSLSRTGELFF	QLMCQPILLL
CASSFSRGSGYTF	QLMCQPILLL
CASSLYWRTLSAGELFF	QLMCQPILLL
CASSLTGTEPLGPGAFF	QLMCQPILLL
CASSYGAINEQFF	QLMCQPILLL
CASSTPGAWNNEQFF	QLMCQPILLL
CASSSGLETQYF	QLMCQPILLL
CASSFGGAGAYEQYF	QLMCQPILLL
CASSLSPTGELFF	QLMCQPILLL
CASSITTTNEQFF	QLMCQPILLL
CASSLARNTGELFF	QLMCQPILLL
CASSFSAKNIQYF	QLMCQPILLL
CASSSHRGDTQYF	QLMCQPILLL
CASSTGGKHEQYF	QLMCQPILLL
CASSPLGVDTGELFF	QLMCQPILLL
CASSLSTDNEQFF	QLMCQPILLL
CASSSAMNNEQFF	QLMCQPILLL
CASSLSSAYEQYF	QLMCQPILLL
CASSPTMHEQFF	QLMCQPILLL
CASSLGDGSSTDTQYF	QLMCQPILLL
CASSLGASSGNTIYF	QLMCQPILLL
CASSLSAGTNEQYF	QLMCQPILLL
CASSFAPNTEAFF	QLMCQPILLL
CASSLSRRDTQYF	QLMCQPILLL
CASSLDRGGGYTF	QLMCQPILLL
CASSLSGGYEQYF	QLMCQPILLL
CASSLARSGEQYF	QLMCQPILLL
CASSLSASNTQYF	QLMCQPILLL
CASSLSSVYEQYF	QLMCQPILLL
CASRPDPTDTQYF	QLMCQPILLL
CASSPGGTAYEQYF	QLMCQPILLL
CASSLGSGGFAEQYF	QLMCQPILLL
CASSLGVIPTDTQYF	QLMCQPILLL
CASSLSRDTTEAFF	QLMCQPILLL
CASSYGQAYEQYF	QLMCQPILLL
CASSLAGDPSYGYTF	QLMCQPILLL
CASSWARNTEAFF	QLMCQPILLL
CASSHILGRGNEQFF	QLMCQPILLL
CASSQAWTSGVPNYEQYF	QLMCQPILLL
CSVAPGQGVNTEAFF	QLMCQPILLL
CASSLASNSPLHF	QLMCQPILLL
CASSLSANYGYTF	QLMCQPILLL
CASSQIGQGTQPQHF	QLMCQPILLL
CASSLSATSEQYF	QLMCQPILLL
CASSLGGSDTQYF	QLMCQPILLL
CASSISRGAKNIQYF	QLMCQPILLL
CASSLGRGVYEQYF	QLMCQPILLL
CSARDWASGGYEQYF	QLMCQPILLL
CASSLGLGGELFF	QLMCQPILLL
CASSLSRGRETQYF	QLMCQPILLL
CASSLGGSYEQYF	QLMCQPILLL
CASSWGQGYEQYF	QLMCQPILLL
CNRQGYQETQYF	QLMCQPILLL
CASSLGASYGYTF	QLMCQPILLL
CASSSRDILNQPQHF	QLMCQPILLL
CASGLARTDTQYF	QLMCQPILLL
CASSLSRGLEQYF	QLMCQPILLL
CASSLAASGVLGTDTQYF	QLMCQPILLL
CASSLSAGGPEAFF	QLMCQPILLL
CASSLSGAGEQYF	QLMCQPILLL
CASSLGFYNEQFF	QLMCQPILLL
CASSYGRQSEQYF	QLMCQPILLL
CASSLGPNTEAFF	QLMCQPILLL
CASSLGGAKNIQYF	QLMCQPILLL
CASSFGTSSEQYF	QLMCQPILLL
CASSLSITHGYTF	QLMCQPILLL
CASSLSRSYEQYF	QLMCQPILLL
CASSYSAKHEQYF	QLMCQPILLL
CASSLSSNYGYTF	QLMCQPILLL
CASSLGQGIYGYTF	QLMCQPILLL
CASSLVSLAGLETQYF	QLMCQPILLL
CASSLSRTSPLHF	QLMCQPILLL
CASSLAISDTQYF	QLMCQPILLL
CASMMWGNQPQHF	QLMCQPILLL
CASSVGKNTEAFF	QLMCQPILLL
CASSLGRTDTQYF	QLMCQPILLL
CASAYSPQDTQYF	QLMCQPILLL
CASSLTGPSETNEKLFF	QLMCQPILLL
CASSLAPSYGYTF	QLMCQPILLL
CASYRGGYGYTF	QLMCQPILLL
CASSLYSYEQYF	QLMCQPILLL
CASSYTIAFLTGKSDTGELFF	QLMCQPILLL
CASSLVGGLAGLSYEQYF	QLMCQPILLL
CASSWGAKNEQFF	QLMCQPILLL
CASSLSLAGELFF	QLMCQPILLL
CASSLSRVYEQYF	QLMCQPILLL
CASSLEAYTEAFF	QLMCQPILLL
CASRVGVISPYEQYF	QLMCQPILLL
CASSLAANYGYTF	QLMCQPILLL
CASSLGQASEQYF	QLMCQPILLL
CASSFQRVRQAEAFF	QLMCQPILLL
CATKGHPYEQYF	QLMCQPILLL
CASSGPRQGAAYGYTF	QLMCQPILLL
CASSLSRNEQFF	QLMCQPILLL
CASSLAGGTDTQYF	QLMCQPILLL
CASSLDRIQETQYF	QLMCQPILLL
CSVWVGDSSYNEQFF	QLMCQPILLL
CASSLSASYEQYF	QLMCQPILLL
CASSFGRVNEQFF	QLMCQPILLL
CASSLSRSKNIQYF	QLMCQPILLL
CASSVVVSGQYDNEQFF	QLMCQPILLL
CASSLWGAAGELFF	QLMCQPILLL
CASSLSANYGYTF	QLMCQPILLL
CASSLSQGNIQYF	QLMCQPILLL
CASRIGTAPNYGYTF	QLMCQPILLL
CASSLGGSSEQFF	QLMCQPILLL
CASSLGASLYEQYF	QLMCQPILLL
CASYSGNYGYTF	QLMCQPILLL
CASSLSRTGSEQYF	QLMCQPILLL
CASSLSSSYEQYF	QLMCQPILLL
CASTTTLGYTIYEQYF	QLMCQPILLL
CASRQTVYSNQPQHF	QLMCQPILLL
CASSRSWREVPHEQYF	QLMCQPILLL
CASSLSRGIQPQHF	QLMCQPILLL
CASSSGFRGTEAFF	QLMCQPILLL
CASGTSGYEQFF	QLMCQPILLL
CAIYSGAHGYTF	QLMCQPILLL
CASSWSAKSPLHF	QLMCQPILLL
