CDR3	AA
CASSLGGNTEAFF	LLFLAFVVFL
CASSDSYGGLGGYTF	LLFLAFVVFL
CASGPDYNEQFF	LLFLAFVVFL
CSASPLGLAGRSWETQYF	LLFLAFVVFL
CSVGDNEQFF	LLFLAFVVFL
CASSIIAGVSGANVLTF	LLFLAFVVFL
CASSLATGTNYEQYF	LLFLAFVVFL
CSAWLMSGATRSTDTQYF	LLFLAFVVFL
CASSLSIGDTQYF	LLFLAFVVFL
CASSLSVNEQFF	LLFLAFVVFL
CASSLVTGELFF	LLFLAFVVFL
CATSDLREGEQFF	LLFLAFVVFL
CASTPPGTMLGQETQYF	LLFLAFVVFL
CASRPETEDTGELFF	LLFLAFVVFL
CATSSLAESSNYEQYF	LLFLAFVVFL
CASSPQGGFLEKEKNIQYF	LLFLAFVVFL
CASSLAPSGGSTDTQYF	LLFLAFVVFL
CSARGPSGSVGEQFF	LLFLAFVVFL
CASRTFIASGGVAPYEQYF	LLFLAFVVFL
CASSPGAIEQYF	LLFLAFVVFL
CASSEGTGGGYTF	LLFLAFVVFL
CASSQGLTDTQYF	LLFLAFVVFL
CAWSVKAGANVLTF	LLFLAFVVFL
CASTQTGEAFF	LLFLAFVVFL
CASSDLAGHNEQFF	LLFLAFVVFL
CSVLDRFNEQFF	LLFLAFVVFL
CASSRVGQGQNEQFF	LLFLAFVVFL
CASSQYRETYEQYF	LLFLAFVVFL
CAAERTGSGEQFF	LLFLAFVVFL
CSVEYGLAADTQYF	LLFLAFVVFL
CSAEERVGTEAFF	LLFLAFVVFL
CASSQQSGHTYEQYF	LLFLAFVVFL
CASSPPDKVYEQYF	LLFLAFVVFL
CASRPGQGSGELFF	LLFLAFVVFL
CAISESVGIGQYF	LLFLAFVVFL
CSASSGTESNQPQHF	LLFLAFVVFL
CASGFTDTQYF	LLFLAFVVFL
CATSEFGAAWTQYF	LLFLAFVVFL
CSASQGTALQFF	LLFLAFVVFL
CATSDLGQAQYF	LLFLAFVVFL
CASSFSGTGIKETQYF	LLFLAFVVFL
CASSGTGAYGYTF	LLFLAFVVFL
CASSLGEQYF	LLFLAFVVFL
CASSLGRDRGNF	LLFLAFVVFL
CASALTGVPTDTQYF	LLFLAFVVFL
CASSPIFTSGGLRAGELFF	LLFLAFVVFL
CASSPQGGGRTLIGMNTEAFF	LLFLAFVVFL
CASSDLVQGFGNEQFF	LLFLAFVVFL
CASSPYPTDTQYF	LLFLAFVVFL
CASSYFIAGGKDTGELFF	LLFLAFVVFL
CASSYSGDTDTQYF	LLFLAFVVFL
CSVWRQGDTEAFF	LLFLAFVVFL
CSITSLLGYEQYF	LLFLAFVVFL
CASSPPDRGYEQYF	LLFLAFVVFL
CASSPPSQETQYF	LLFLAFVVFL
CASSQVEGYEQYF	LLFLAFVVFL
CSATPDTQYF	LLFLAFVVFL
CASSPTAYEQYF	LLFLAFVVFL
CASSLGGNTEAFF	LLFLAFVVFL
CASTQGPPLAGGYNEQFF	LLFLAFVVFL
CASSEGTGYGYTF	LLFLAFVVFL
CASSPPSSSTEAFF	LLFLAFVVFL
CSDEDGLNTEAFF	LLFLAFVVFL
CASTPLMDMADTEAFF	LLFLAFVVFL
CASTPDLNTEAFF	LLFLAFVVFL
CASSLSGGRSSYNEQFF	LLFLAFVVFL
CASSLVTGELFF	LLFLAFVVFL
CSASDGRTNEKMTEAFF	LLFLAFVVFL
CASSPRDLGPYEQYF	LLFLAFVVFL
CSVDTGSNTYEQYF	LLFLAFVVFL
CASSFQRDLTEQPQHF	LLFLAFVVFL
CASSSNPSVGEGAYEQYF	LLFLAFVVFL
CASSLDQTTNYGYTF	LLFLAFVVFL
CAYQSGGEQYF	LLFLAFVVFL
CSASGGLGYEQYF	LLFLAFVVFL
CATSSGTGAYEQYF	LLFLAFVVFL
CASSARLNEQFF	LLFLAFVVFL
CASSDSGANTGELFF	LLFLAFVVFL
CSALTLAGFEGNTGELFF	LLFLAFVVFL
CASSDYPGQAEHTGELFF	LLFLAFVVFL
CASSQDLTGNQPQHF	LLFLAFVVFL
CASLSGFGEQYF	LLFLAFVVFL
CSVDRTGSGNEQFF	LLFLAFVVFL
CASSPISGVNQPQHF	LLFLAFVVFL
CASSELTGPMGELFF	LLFLAFVVFL
CASSLAGGPQNIQYF	LLFLAFVVFL
CSATPGTSGSPYEQYF	LLFLAFVVFL
CATSETPGQGLSGANVLTF	LLFLAFVVFL
CASSKVGDRQTYEQYF	LLFLAFVVFL
CASSPAGQGIYYGYTF	LLFLAFVVFL
CASQGVNTEAFF	LLFLAFVVFL
CSARDLGGEAFF	LLFLAFVVFL
CASSYTGGGEFF	LLFLAFVVFL
CASSFQGYTGELFF	LLFLAFVVFL
CASSLVAGGWNEQFF	LLFLAFVVFL
CASSQEGTLNEQFF	LLFLAFVVFL
CSATGTVYNEQFF	LLFLAFVVFL
CASSPASVTYEQYF	LLFLAFVVFL
CSVDLGNYEQYF	LLFLAFVVFL
CASSSPRLAGRNDGELFF	LLFLAFVVFL
CASSPPDRVYEQYF	LLFLAFVVFL
CASSSILGGAWTDTQYF	LLFLAFVVFL
CATSMIYNEQFF	LLFLAFVVFL
CASSPPTGEQYF	LLFLAFVVFL
CASSSGLAGYNEQFF	LLFLAFVVFL
CASSMTGGGTDTQYF	LLFLAFVVFL
CATSDLQAHEQFF	LLFLAFVVFL
CASSSTPLPQETQYF	LLFLAFVVFL
CASSVSGVAYEQYF	LLFLAFVVFL
CASSHPRQGSDQETQYF	LLFLAFVVFL
CASTPGVLGKTEAFF	LLFLAFVVFL
CSARVGSGLEQYF	LLFLAFVVFL
CSARPLAGPYEQYF	LLFLAFVVFL
CASSPLAGVDEQFF	LLFLAFVVFL
CATSSRDRAYEQYF	LLFLAFVVFL
CASSSSLDEQFF	LLFLAFVVFL
CSARDPTGEQYF	LLFLAFVVFL
CASQGTVTGELFF	LLFLAFVVFL
CASSLGGELFF	LLFLAFVVFL
CAIVDRAEETQYF	LLFLAFVVFL
CASSLGGEETQYF	LLFLAFVVFL
CSASGLNQPQHF	LLFLAFVVFL
CAWGFLPGQGEEKLFF	LLFLAFVVFL
CASSIVLGTVETQYF	LLFLAFVVFL
CASTPASGAEAFF	LLFLAFVVFL
CATSDLPQETQYF	LLFLAFVVFL
CSVEEGLYWNGYTF	LLFLAFVVFL
CASSGGLAGGRAYNEQFF	LLFLAFVVFL
CASSPLLAGAYNEQFF	LLFLAFVVFL
CASSLGLVAEETQYF	LLFLAFVVFL
CASSITGGDGRGDGYTF	LLFLAFVVFL
CASSEGSRVTELDF	LLFLAFVVFL
CASRDVLAGAFF	LLFLAFVVFL
CASSLSPGQGTHEQYF	LLFLAFVVFL
CASTGTSGRANEQFF	LLFLAFVVFL
CSARDLTHNYGYTF	LLFLAFVVFL
CASGTRWEAISLHEQFF	LLFLAFVVFL
CSVPGQGDGYTF	LLFLAFVVFL
CASSQDRSVRTYEQYF	LLFLAFVVFL
CASAWIPGQGNTGELFF	LLFLAFVVFL
CASSLGVGSPLHF	LLFLAFVVFL
CSALAYPGQTNTEAFF	LLFLAFVVFL
CASSQDNYEQYF	LLFLAFVVFL
CASSEIRELFF	LLFLAFVVFL
CASSPWGQSDEQYF	LLFLAFVVFL
CATSDFADSRSQETQYF	LLFLAFVVFL
CASSAPQETQYF	LLFLAFVVFL
CSAREVGSNQPQHF	LLFLAFVVFL
CASSQDTIYEQYF	LLFLAFVVFL
CSASQGDTQYF	LLFLAFVVFL
CASSPLVAGADTQYF	LLFLAFVVFL
CASSWTYRSNQPQHF	LLFLAFVVFL
CASSQSWGMNTEAFF	LLFLAFVVFL
CASSIGDRTQDGYTF	LLFLAFVVFL
CASSPVGFYGYTF	LLFLAFVVFL
CASTDAGVNYGYTF	LLFLAFVVFL
CASSPSGVSYNEQFF	LLFLAFVVFL
CATEMGGVGTEAFF	LLFLAFVVFL
CATSRVERSSYEQYF	LLFLAFVVFL
CASSQTYEQYF	LLFLAFVVFL
CSVEEAGFYEQYF	LLFLAFVVFL
CSASTTGFASNQPQHF	LLFLAFVVFL
CASRKTGAQYF	LLFLAFVVFL
CASSPPTGELFF	LLFLAFVVFL
CASTLYPEQYF	LLFLAFVVFL
CASSLWSREAFF	LLFLAFVVFL
CASSLMGAFETQYF	LLFLAFVVFL
CSARDVDSGGGNEQFF	LLFLAFVVFL
CASSPLAGDSYNEQFF	LLFLAFVVFL
CASSLTDSNQPQHF	LLFLAFVVFL
CSAVYSGGYEQYF	LLFLAFVVFL
CSAAGPEQYF	LLFLAFVVFL
CASSQAGTAYNEQFF	LLFLAFVVFL
CASSPRLAGDTQYF	LLFLAFVVFL
CASSPPVTGELFF	LLFLAFVVFL
CSAQSPDKPQHF	LLFLAFVVFL
CSVVRVTGELFF	LLFLAFVVFL
CASSQGGNTEAFF	LLFLAFVVFL
CASSLETGVNPAFF	LLFLAFVVFL
CASSRIGNPLEQYF	LLFLAFVVFL
CASGGLSSYNEQFF	LLFLAFVVFL
CASSNSGSPEYF	LLFLAFVVFL
CASSLLASSTDTQYF	LLFLAFVVFL
CASSQELGAGELFF	LLFLAFVVFL
CASSLGVLPITDTQYF	LLFLAFVVFL
CASSLGATGNEKLFF	LLFLAFVVFL
CASSAENTGELFF	LLFLAFVVFL
CASSSRGTGSSYEQYF	LLFLAFVVFL
CASSILGGSKNTEAFF	LLFLAFVVFL
CASSLGASPDTQYF	LLFLAFVVFL
CASSPTGSPLHF	LLFLAFVVFL
CASSWRGTDTQYF	LLFLAFVVFL
CASLQGGTGELFF	LLFLAFVVFL
CASSITGGLTYEQYF	LLFLAFVVFL
CASSLSLFEQFF	LLFLAFVVFL
CASTSAQGDEQFF	LLFLAFVVFL
CSAPSDTQYF	LLFLAFVVFL
CASSFTGGDGYTF	LLFLAFVVFL
CASGTVWQGAHHTGELFF	LLFLAFVVFL
CSVGREDRVYEQYF	LLFLAFVVFL
CSATTMDDAYEQYF	LLFLAFVVFL
CASSSPGVSSYEQYF	LLFLAFVVFL
CASSYTWGQMNTEAFF	LLFLAFVVFL
CSASRSTEQFF	LLFLAFVVFL
CATSSRDRVYEQYF	LLFLAFVVFL
CASSWDGLNTEAFF	LLFLAFVVFL
CASSKGVPGTSNEQYF	LLFLAFVVFL
CASSSEGTSVSTDTQYF	LLFLAFVVFL
CASSGPRDYPSSYNEQFF	LLFLAFVVFL
CASSPRANEQFF	LLFLAFVVFL
CASSQPRDLHNEQFF	LLFLAFVVFL
CASSLSRVANTGELFF	LLFLAFVVFL
CASSQLDRGSAGELFF	LLFLAFVVFL
CSAQGTYGYTF	LLFLAFVVFL
CASSETSGYYNEQFF	LLFLAFVVFL
CASGSSYNEQFF	LLFLAFVVFL
CSAPDSWRGDQPQHF	LLFLAFVVFL
CASSPGTGFPGELFF	LLFLAFVVFL
CASRSGGQPQHF	LLFLAFVVFL
CASSLAGYTGELFF	LLFLAFVVFL
CASSISGTGASNEQFF	LLFLAFVVFL
CASSQDRLGVTEQFF	LLFLAFVVFL
CASSEGTTGAIQYF	LLFLAFVVFL
CASSLGRVLRSDTEAFF	LLFLAFVVFL
CATSRVGVAAYPGTDTQYF	LLFLAFVVFL
CASSFWLGEQFF	LLFLAFVVFL
CASSLSGNEQFF	LLFLAFVVFL
CASSPPLGRETGAQPQHF	LLFLAFVVFL
CASSRSGPGELFF	LLFLAFVVFL
CSVLDRDVNGYTF	LLFLAFVVFL
CASSLVGTSLDTQYF	LLFLAFVVFL
CSVGARSPSSGGYTF	LLFLAFVVFL
CASSGTGSEAFF	LLFLAFVVFL
CSVVSGDGYTF	LLFLAFVVFL
CSVPGGNTEAFF	LLFLAFVVFL
CASSLGSPYGYTF	LLFLAFVVFL
CATSDLPGTTGGETQYF	LLFLAFVVFL
CASLIQGANEQYF	LLFLAFVVFL
CASSTKGRTNTGELFF	LLFLAFVVFL
CASISMGEETQYF	LLFLAFVVFL
CAWSFTPGDGNEKLFF	LLFLAFVVFL
CASNRDGTAGELFF	LLFLAFVVFL
CASSTSGTGSYEQYF	LLFLAFVVFL
CSASAGLGYEQYF	LLFLAFVVFL
CSVVTGRGSAEAFF	LLFLAFVVFL
CASSEGLAPYEQYF	LLFLAFVVFL
CASSPQYGTGELFF	LLFLAFVVFL
CASSVASVGNTGELFF	LLFLAFVVFL
CASSLSGMWNEQFF	LLFLAFVVFL
CSASSANQPQHF	LLFLAFVVFL
CASGLRGNYNEQFF	LLFLAFVVFL
CSASPRLAGETQYF	LLFLAFVVFL
CASRLQGLNTEAFF	LLFLAFVVFL
CSAQQGNSYEQYF	LLFLAFVVFL
CASSSGVGAEAFF	LLFLAFVVFL
CASTPGEGLAEAFF	LLFLAFVVFL
CASSEVGTGYNEQFF	LLFLAFVVFL
CASAASYNEQFF	LLFLAFVVFL
CASSYGGFGYEQYF	LLFLAFVVFL
CASGTGGQETQYF	LLFLAFVVFL
CASSHSQSNEQYF	LLFLAFVVFL
CASSLSVGTEQYF	LLFLAFVVFL
CASVPFGLKVDEQFF	LLFLAFVVFL
CSAATGTGYEQYF	LLFLAFVVFL
CASTGLAGEPSYEQYF	LLFLAFVVFL
CASSPFSGEETQYF	LLFLAFVVFL
CASSHLDGGANTEAFF	LLFLAFVVFL
CASLLNEQYF	LLFLAFVVFL
CASSLDPVNYGYTF	LLFLAFVVFL
CALGGGEQFF	LLFLAFVVFL
CASGSDRGSGSPLHF	LLFLAFVVFL
CASPTSDSYNEQFF	LLFLAFVVFL
CASSSLDSYEQYF	LLFLAFVVFL
CSVASGPGQPQHF	LLFLAFVVFL
CASSPRGELLTNTEAFF	LLFLAFVVFL
CASTIPTGELFF	LLFLAFVVFL
CASLSVNTEAFF	LLFLAFVVFL
CASSLARQGNYGYTF	LLFLAFVVFL
CASRALADTYNEQFF	LLFLAFVVFL
CAWTDGRKYF	LLFLAFVVFL
CASSPPNRFYEQYF	LLFLAFVVFL
CASSQYPGTSTEQYF	LLFLAFVVFL
CASSTPLHGYTF	LLFLAFVVFL
CASSPPSESYEQYF	LLFLAFVVFL
CSARDPEKLFF	LLFLAFVVFL
CSGLILAGGPNTGELFF	LLFLAFVVFL
CASSQVESGDNEQFF	LLFLAFVVFL
CASTVRAQTSDTQYF	LLFLAFVVFL
CASSLTAGETRDF	LLFLAFVVFL
CASSLSIGNEQFF	LLFLAFVVFL
CASSLTGANEQFF	LLFLAFVVFL
CASSYFGNGELFF	LLFLAFVVFL
CASTSPRGSGELFF	LLFLAFVVFL
CASSEAGGPYEQYF	LLFLAFVVFL
CASSSPGQDSYEQYF	LLFLAFVVFL
CATSRVGAGQTKRQPQHF	LLFLAFVVFL
CASSLSFQVYETQYF	LLFLAFVVFL
CASSLPLLDGRASNYNEQFF	LLFLAFVVFL
CSARDIGEQFF	LLFLAFVVFL
CASSPADSIYEQYF	LLFLAFVVFL
CASSHWASGSNEQYF	LLFLAFVVFL
