CDR3	AA
CASSFSSGQYNEQFF	TLVPQEHYV
CASSLESYYGYTF	TLVPQEHYV
CASSLTGSGSEQYF	TLVPQEHYV
CASSPTATKNIQYF	TLVPQEHYV
CSASPTGPTYEQYF	TLVPQEHYV
CASSLAGGLSYNEQFF	TLVPQEHYV
CASSESDRGIYEQYF	TLVPQEHYV
CSVWTEEETQYF	TLVPQEHYV
CASSFPVFHGQGGSPEAFF	TLVPQEHYV
CASSLDPGHSYEQYF	TLVPQEHYV
CASSESDRGIYEQYF	TLVPQEHYV
CASSFTGGFYNEQFF	TLVPQEHYV
CASSTSGGTNEKLFF	TLVPQEHYV
CSARDTGVRGNTGELFF	TLVPQEHYV
CASSSLIDGVPSYEQYF	TLVPQEHYV
CASSESSGPSYNEQFF	TLVPQEHYV
CASSSFGTVYNSPLHF	TLVPQEHYV
CASQSLTGRSYNEQFF	TLVPQEHYV
CASSDVLRTVSYEQYF	TLVPQEHYV
CASSPSLGTDTQYF	TLVPQEHYV
CASSPQGPSSYNEQFF	TLVPQEHYV
CASSLTGTGRTQYF	TLVPQEHYV
CASSYTDSNYGYTF	TLVPQEHYV
CATLAVTGGNSPLHF	TLVPQEHYV
CASSLGMGASYEQYF	TLVPQEHYV
CASSLPGLQYF	TLVPQEHYV
CASSQDPGVNSPLHF	TLVPQEHYV
CASSLGLGGTYEQYF	TLVPQEHYV
CASSHNPLDPDYGYTF	TLVPQEHYV
CASSLITYEQYF	TLVPQEHYV
CASSQGGGFGYEQYF	TLVPQEHYV
CASSLLTSGGAKDTQYF	TLVPQEHYV
CASSEGNTGELFF	TLVPQEHYV
CASSLEAGNSYNEQFF	TLVPQEHYV
CSVELGTGVAYEQYF	TLVPQEHYV
CASSDAPQTEAFF	TLVPQEHYV
CASSFGISNTEAFF	TLVPQEHYV
CASSHGQGLYEQYF	TLVPQEHYV
CASSQDSGSLNEQFF	TLVPQEHYV
CASSPGLANTGELFF	TLVPQEHYV
CATSMNTGSNQPQHF	TLVPQEHYV
CSARAASVDTQYF	TLVPQEHYV
CSANRGGNTEAFF	TLVPQEHYV
CASSLGLGTDTQYF	TLVPQEHYV
CASSIDHDHSNEQFF	TLVPQEHYV
CASSGGNTEAFF	TLVPQEHYV
CASSSTLGADTQYF	TLVPQEHYV
CASSLAGSLNEQFF	TLVPQEHYV
