CDR3	AA
CASSLRENYGYTF	MLIIFWFSL
CASSYPREGPPYEQYF	MLIIFWFSL
CASSRKPPGQQFMNTEAFF	MLIIFWFSL
CSVLLRGSLNGELFF	MLIIFWFSL
CSARSRQGVGETQYF	MLIIFWFSL
CASSLGPYGETQYF	MLIIFWFSL
CASSLQGTIVSGNTIYF	MLIIFWFSL
CASSSGPYSNQPQHF	MLIIFWFSL
CASGQGPGGGYTF	MLIIFWFSL
CASSLKTVGGELFF	MLIIFWFSL
CASSDELAIPLF	MLIIFWFSL
CASSYETASYEQYF	MLIIFWFSL
CASSVGPGGPYRHNEQFF	MLIIFWFSL
CASSLGVYSNQPQHF	MLIIFWFSL
CASSPGPYSNQPQHF	MLIIFWFSL
CASSVGIYSNQPQHF	MLIIFWFSL
CASSDGPYRTDTQYF	MLIIFWFSL
CASTGQGAIGELFF	MLIIFWFSL
CASSGRWGGESAGLGNEQFF	MLIIFWFSL
CASSLLSNAEAFF	MLIIFWFSL
CASFERGAGGRLVTEAFF	MLIIFWFSL
CASSFGTESYTF	MLIIFWFSL
CASRLAGGVEQFF	MLIIFWFSL
CATRGLAGGLDTGELFF	MLIIFWFSL
CASSQSKAQLRADLNYEQYF	MLIIFWFSL
CASSDSLSEQYF	MLIIFWFSL
CASSPGGAEAFF	MLIIFWFSL
CSVDWQSGNTIYF	MLIIFWFSL
CASSFGGPNEQYF	MLIIFWFSL
CASAEAVYMNTEAFF	MLIIFWFSL
CASSDSLLGANSPLHF	MLIIFWFSL
CASSTNPRDKLEKLFF	MLIIFWFSL
CASNEGPYTGELFF	MLIIFWFSL
CASSPVELYSRTNEKLFF	MLIIFWFSL
CASSLVYAPDGYTF	MLIIFWFSL
CASSPPDKPYEQYF	MLIIFWFSL
CASSQGEEFRDTQYF	MLIIFWFSL
CASSSGPYRSGELFF	MLIIFWFSL
CASRGQLDSYNEQFF	MLIIFWFSL
CSASLRLAGGISSYNEQFF	MLIIFWFSL
CASTPGPYSNQPQHF	MLIIFWFSL
CASSQDYGTQYF	MLIIFWFSL
CASRWSGSGQPQHF	MLIIFWFSL
CASSSGPYVRSGELFF	MLIIFWFSL
CAISVGGFWTEAFF	MLIIFWFSL
CASSLREYNEQFF	MLIIFWFSL
CASSGNQPQHF	MLIIFWFSL
CASSPLRDLNYGYTF	MLIIFWFSL
CAISEGTSATDTQYF	MLIIFWFSL
CSASTAPNYGYTF	MLIIFWFSL
CASSPGPYSYEQYF	MLIIFWFSL
CASKNGPYTGELFF	MLIIFWFSL
CASSLVYKSQYF	MLIIFWFSL
CSASPVGGERYNEQFF	MLIIFWFSL
CASSLGQGAYEQYF	MLIIFWFSL
CSFIQENTGELFF	MLIIFWFSL
CASSGQGSTEAFF	MLIIFWFSL
CASSLEGLDEQFF	MLIIFWFSL
CASSFGPYLNEKLFF	MLIIFWFSL
CSAKSDQHYGYTF	MLIIFWFSL
CASSEGPYSNQPQHF	MLIIFWFSL
CASLRGIYTGELFF	MLIIFWFSL
CASSLAPVNYGYTF	MLIIFWFSL
CATSGSRGNEQYF	MLIIFWFSL
CASSLHGDGYTF	MLIIFWFSL
CASSWGRLQETQYF	MLIIFWFSL
CASSPGGPGELFF	MLIIFWFSL
CASITIDSYEQYF	MLIIFWFSL
CASRGGPYTGELFF	MLIIFWFSL
CASRDGPYLGIQYF	MLIIFWFSL
CASSPMDTEQETQYF	MLIIFWFSL
CASSSPPRQQDGEQFF	MLIIFWFSL
CASSEGGHWASEAFF	MLIIFWFSL
CATSGPGPYTDEQFF	MLIIFWFSL
CASAPGQGYEQYF	MLIIFWFSL
CASSPGPYSNQPQHF	MLIIFWFSL
CASSEGPYRSDTQYF	MLIIFWFSL
CASSLEREAFF	MLIIFWFSL
CASSEGASGIDEQFF	MLIIFWFSL
CASSSPTSLAQYF	MLIIFWFSL
CASSGQGALNYGYTF	MLIIFWFSL
CASSLISSDTQYF	MLIIFWFSL
CASSLGQALYEQYF	MLIIFWFSL
CSVDSAQIPIFQYF	MLIIFWFSL
CASAQGGFYTDTQYF	MLIIFWFSL
CSVRRGPYTGELFF	MLIIFWFSL
CAGKWGEYTEAFF	MLIIFWFSL
CASSEQSSGLFTGELFF	MLIIFWFSL
CSASLAGVPTYEQYF	MLIIFWFSL
CASSRGLYLNTEAFF	MLIIFWFSL
CATSDLGALAGENTGELFF	MLIIFWFSL
CASSTHSIYEQYF	MLIIFWFSL
CASSLVGPYEQYF	MLIIFWFSL
CASSTEGKLFF	MLIIFWFSL
CSASPLAKNIQYF	MLIIFWFSL
CASSLGGNTEAFF	MLIIFWFSL
CASSLEAGTQYF	MLIIFWFSL
CASSLGGAPYEQYF	MLIIFWFSL
CASSEGPYKNTEAFF	MLIIFWFSL
CASIGGPYTGELFF	MLIIFWFSL
CSAPDRATPYRYNEQFF	MLIIFWFSL
CASSLGVYGVYEQYF	MLIIFWFSL
CASSQGPYTGELFF	MLIIFWFSL
CASHPGLGDYEQYF	MLIIFWFSL
CASRTGPYTGELFF	MLIIFWFSL
CAGRQGPYLNTEAFF	MLIIFWFSL
CSDAPVWGGEQFF	MLIIFWFSL
CASSFTGGRVF	MLIIFWFSL
CATSRELAGAGGTDTQYF	MLIIFWFSL
CASSRGGTEAFF	MLIIFWFSL
CASSDTVGELFF	MLIIFWFSL
CASSPGNTGELFF	MLIIFWFSL
CSARDGGAQPQHF	MLIIFWFSL
CASRTGTGGVKQFF	MLIIFWFSL
CASSLGGSPYEQYF	MLIIFWFSL
CASSLAGGPYRHYEQYF	MLIIFWFSL
CASSPNTISQYF	MLIIFWFSL
CASSLDNTEAFF	MLIIFWFSL
CASSFSYEQYF	MLIIFWFSL
CAGQQGPYTGELFF	MLIIFWFSL
CASSLGQRSNEKLFF	MLIIFWFSL
CASSLGPYTGELFF	MLIIFWFSL
CASSLGASSYEQYF	MLIIFWFSL
CSAREPGQLDLTTNEKLFF	MLIIFWFSL
CASSLQGGTQYF	MLIIFWFSL
CAAQGGDTGELFF	MLIIFWFSL
CASSLGAQRDYGYTF	MLIIFWFSL
CASSSAYEQYF	MLIIFWFSL
CASSSGPPLSYEQYF	MLIIFWFSL
CASSNSGVNEQFF	MLIIFWFSL
CASSFGGASTDTQYF	MLIIFWFSL
CASSFYDFQETQYF	MLIIFWFSL
CASSLSNTEAFF	MLIIFWFSL
CASSVVAGPNWEQYF	MLIIFWFSL
CASSQGGTEAFF	MLIIFWFSL
CASSEGTGPYSNYGYTF	MLIIFWFSL
CASSLGGTVYEQYF	MLIIFWFSL
CASSLGIYTNTEAFF	MLIIFWFSL
CASSEVDYKEESPQHF	MLIIFWFSL
CASIGDRLEQFF	MLIIFWFSL
CASSFTGTSNQPQHF	MLIIFWFSL
CASSLGGTEAFF	MLIIFWFSL
CASTTGPYVGEQYF	MLIIFWFSL
CASSQDQRGYSTDTQYF	MLIIFWFSL
CASSLGQGVYEQYF	MLIIFWFSL
CASSQSNEKLFF	MLIIFWFSL
CASSLGGSPYEQYF	MLIIFWFSL
CASSLGLAGVGTDTQYF	MLIIFWFSL
CASTLGDSSYEQYF	MLIIFWFSL
CASSLGGNGELFF	MLIIFWFSL
CASSFGGELFF	MLIIFWFSL
CASIQVQHNTGELFF	MLIIFWFSL
CASSFLPGGRFQETQYF	MLIIFWFSL
CASSRGPYSNQPQHF	MLIIFWFSL
CASSLGPYTDTQYF	MLIIFWFSL
WAGGRDTEAFF	MLIIFWFSL
CASSEGPYTGELFF	MLIIFWFSL
CASLAGPYTGELFF	MLIIFWFSL
CASSLGSDPGPYEQYF	MLIIFWFSL
CASSRISYNEQFF	MLIIFWFSL
CASLAGGPYTGELFF	MLIIFWFSL
CASSPGVYGNQPQHF	MLIIFWFSL
CSAPSYGTAAAYQETQYF	MLIIFWFSL
CASSLGQGAAYGYTF	MLIIFWFSL
CASSLGIYSNSPLHF	MLIIFWFSL
CSASEGAYNEQFF	MLIIFWFSL
CASRFGPYTGELFF	MLIIFWFSL
CASSLADRVSEAFF	MLIIFWFSL
CASIPGPYTGELFF	MLIIFWFSL
CASSLQGGEQFF	MLIIFWFSL
CASSYSNPPTEAFF	MLIIFWFSL
CATSETAGGEQYF	MLIIFWFSL
CASSLNTPYNEQFF	MLIIFWFSL
CASSLYRDRLEKLFF	MLIIFWFSL
CASSLGGDTQYF	MLIIFWFSL
CASSKPSAGSNQPQHF	MLIIFWFSL
CASNPGPYTGELFF	MLIIFWFSL
CASSLGPYTDTQYF	MLIIFWFSL
CANGQGPYTGELFF	MLIIFWFSL
CSVQGDSNQPQHF	MLIIFWFSL
CASSQTFTSGIGYEQYF	MLIIFWFSL
CASSLGPYVTDTQYF	MLIIFWFSL
CASSLGRNSYEQYF	MLIIFWFSL
CASSLPAGVGYEQYF	MLIIFWFSL
CASSNKGEEGYNEQFF	MLIIFWFSL
CASSLGQGIYEQYF	MLIIFWFSL
CASSIGTSGSSEQFF	MLIIFWFSL
CAPQNGTEVSQPQHF	MLIIFWFSL
CASFTPNTGELFF	MLIIFWFSL
CASSSGTGVEQFF	MLIIFWFSL
CASSPHLSGGLDGTEAFF	MLIIFWFSL
CASSQGGTEAFF	MLIIFWFSL
CASLRDNTGELFF	MLIIFWFSL
CASSLVTGPYVPYEQYF	MLIIFWFSL
CASSPLGGMSNEKLFF	MLIIFWFSL
CASSRGNTEAFF	MLIIFWFSL
CASSSQGGNEQYF	MLIIFWFSL
CASSLPYSNQPQHF	MLIIFWFSL
CASGLQGDGYGYTF	MLIIFWFSL
CASERGPYLNSPLHF	MLIIFWFSL
CASIPGPYAQKTQYF	MLIIFWFSL
CASSRGPYTGELFF	MLIIFWFSL
CASSLGGSSYEQYF	MLIIFWFSL
CASSLGQGTYEQYF	MLIIFWFSL
CASSLTSSYNEQFF	MLIIFWFSL
CASSLGGSSYEQYF	MLIIFWFSL
CASSSPQGSGYNSPLHF	MLIIFWFSL
CSASHRDFYGYTF	MLIIFWFSL
CASSLGQGALGAFF	MLIIFWFSL
CATAGGAYNEQFF	MLIIFWFSL
CASSLGGTGNQPQHF	MLIIFWFSL
CAWSARGRTYTGELFF	MLIIFWFSL
CASRGGPYTGELFF	MLIIFWFSL
CSARVAGGPGETQYF	MLIIFWFSL
CASSWGGNAYNSPLHF	MLIIFWFSL
CASSLQGATGELFF	MLIIFWFSL
CASSFEGSGELFF	MLIIFWFSL
CASSATGYSNQPQHF	MLIIFWFSL
CASSLGEKLFF	MLIIFWFSL
CASSEAVYLESYEQYV	MLIIFWFSL
CASSLGILAGVLNEQFF	MLIIFWFSL
CASSPGEASTDTQYF	MLIIFWFSL
CASNQGPYTGELFF	MLIIFWFSL
CASSTRTGATNEKLFF	MLIIFWFSL
CSARPSTSGRYEQYF	MLIIFWFSL
CASTLIGGYEQFF	MLIIFWFSL
CASSLGLYGTGETYEQYF	MLIIFWFSL
CASSGGKDIYQPQHF	MLIIFWFSL
CASSQEKGTDLNTEAFF	MLIIFWFSL
CASSSGPYTGELFF	MLIIFWFSL
CASSLGQGHYEQYF	MLIIFWFSL
CSALEQGGTLSSYNSPLHF	MLIIFWFSL
CASSFVYGEQYF	MLIIFWFSL
CASRVRGGYTF	MLIIFWFSL
CATSDGLAEANEQFF	MLIIFWFSL
CASSQDSGLRVGYTF	MLIIFWFSL
CASRSSGSGNEQFF	MLIIFWFSL
CASIAGPYTGELFF	MLIIFWFSL
CSASMRDYGYTF	MLIIFWFSL
CASSLGGSHYEQYF	MLIIFWFSL
CASRLTGTGELFF	MLIIFWFSL
CASSEPVYRLNTEAFF	MLIIFWFSL
CASSLGGMVSPNSPLHF	MLIIFWFSL
CASSQGALVSNEQYF	MLIIFWFSL
CASSFGGGEQFF	MLIIFWFSL
CASSPWTGGEQYF	MLIIFWFSL
CASSSSGYSNQPQHF	MLIIFWFSL
CSATSPQTGVNTEAFF	MLIIFWFSL
CAGYSGNTIYF	MLIIFWFSL
CASSLKGNNQPQHF	MLIIFWFSL
CASSAGQGITYEQYF	MLIIFWFSL
CATRGGPYTGELFF	MLIIFWFSL
CASSTQHSSYNEQFF	MLIIFWFSL
CSAEGVGTEAFF	MLIIFWFSL
CASSLAGTYNEQFF	MLIIFWFSL
CASSPPDRYLEAFF	MLIIFWFSL
CASSRTSGTDTQYF	MLIIFWFSL
CASSHGPYTSYEQYF	MLIIFWFSL
CASRTGTFSGEDTQYF	MLIIFWFSL
CASGDNEQFF	MLIIFWFSL
CASSLGGGDEQFF	MLIIFWFSL
CASSNRSSYNEQFF	MLIIFWFSL
CASSFGQAAYEQYF	MLIIFWFSL
CASIAGPYTGELFF	MLIIFWFSL
CSAADRDYGYTF	MLIIFWFSL
CASSLSTEGIIEQFF	MLIIFWFSL
CAISLAGPYTGELFF	MLIIFWFSL
CASSQDHVYEQYF	MLIIFWFSL
CASSEGPYTGELFF	MLIIFWFSL
CASSPQENYGYTF	MLIIFWFSL
CSVCETTNTGELFF	MLIIFWFSL
CAWVQGGTEAFF	MLIIFWFSL
CASSSTGGNEQFF	MLIIFWFSL
CASSLTSNGLFF	MLIIFWFSL
CATRRGAEQYF	MLIIFWFSL
CASSYGGGGELFF	MLIIFWFSL
CASSPGIYTGELFF	MLIIFWFSL
CASSHSYEQYF	MLIIFWFSL
CASSGALAVYTTDTQYF	MLIIFWFSL
CSVSRDMDEAFF	MLIIFWFSL
CASSQDPLDRSYNEQFF	MLIIFWFSL
CASSPRGPYSYNEQFF	MLIIFWFSL
CASMIFNEQFF	MLIIFWFSL
CASGLPSSGSNEQFF	MLIIFWFSL
CASSLEGNPYNSPLHF	MLIIFWFSL
CALWSGEVAGELFF	MLIIFWFSL
CASSDESGGSNQPQHF	MLIIFWFSL
CASSWQGGEAFF	MLIIFWFSL
CASSVMGGAASEQYF	MLIIFWFSL
CASSLGVTQYF	MLIIFWFSL
CASHRGPYTGELFF	MLIIFWFSL
CASIQGPYFSNQPQHF	MLIIFWFSL
CASSRGGDEQYF	MLIIFWFSL
CASTPGPYSTDTQYF	MLIIFWFSL
CASSEGPYLNTEAFF	MLIIFWFSL
CASSSPGLVQSTDTQYF	MLIIFWFSL
CASSFGTYNEQFF	MLIIFWFSL
CASTSGPYTGELFF	MLIIFWFSL
CASSPGPYSYEQYF	MLIIFWFSL
CASSSPRPTKGTGANVLTF	MLIIFWFSL
CASSLSFYSNQPQHF	MLIIFWFSL
CAIDRRGTGLDYEQYF	MLIIFWFSL
CASRKGPYTDNYGYTF	MLIIFWFSL
CASSFGGGEQYF	MLIIFWFSL
CASSFGLYSNQPQHF	MLIIFWFSL
CARKQFF	MLIIFWFSL
CASSPGLAGGLNEQFF	MLIIFWFSL
CASSLGGHSNQPQHF	MLIIFWFSL
CASSEGPYKITDTQYF	MLIIFWFSL
CATKGYTYNEQFF	MLIIFWFSL
CASSVTGTGELFF	MLIIFWFSL
CASSLGSGYEQYF	MLIIFWFSL
CASGLGPYRVGAQYF	MLIIFWFSL
CSARGGVDLASPDTQYF	MLIIFWFSL
CASSQGTGELFF	MLIIFWFSL
CASSLGQGAYEQYF	MLIIFWFSL
CASSLVGNTEAFF	MLIIFWFSL
CASTPGPYTGELFF	MLIIFWFSL
CASSPGGGNEQFF	MLIIFWFSL
CASSLGLYSTSSYNSPLHF	MLIIFWFSL
