CDR3	AA
CASSSGGNTEAFF	IPIQASLPF
CASSRDRGALSTEAFF	IPIQASLPF
CASTAGSTYEQYF	IPIQASLPF
CASSEMVNAYQPQHF	IPIQASLPF
CASSLDRGMHGYTF	IPIQASLPF
CASSLTGLNTEAFF	IPIQASLPF
CASSQVVGTGVDGYTF	IPIQASLPF
CASSLGTEIYEQYF	IPIQASLPF
CASSLSGLNTEAFF	IPIQASLPF
CASSLTGLNTEAFF	IPIQASLPF
CASSQTSGGADEQFF	IPIQASLPF
CASSLTGLGTEAFF	IPIQASLPF
CASSLSGYNEQFF	IPIQASLPF
CASSLEGTNYGYTF	IPIQASLPF
CASSLALAGGRVEQYF	IPIQASLPF
CASSQVMGQTEAFF	IPIQASLPF
CASSLSGYNEQFF	IPIQASLPF
CASSILLAGGRDEQFF	IPIQASLPF
CASSPSLSMGEQYF	IPIQASLPF
CASSLEGLRTEAFF	IPIQASLPF
CASSYLGSGDNQPQHF	IPIQASLPF
CASRRLAGGGETQYF	IPIQASLPF
CASSLDMNTEAFF	IPIQASLPF
CASSLSGNQPQHF	IPIQASLPF
CASSQSLAGDVYEQYF	IPIQASLPF
CASSKGQRLAKNIQYF	IPIQASLPF
CATSRVTGTDTQYF	IPIQASLPF
CASSFGGGAYYEQYF	IPIQASLPF
CASSQDTQGDEKLFF	IPIQASLPF
CASSLVGQGSNQPQHF	IPIQASLPF
CASSFHEAYEQYF	IPIQASLPF
CASSLGGWNTEAFF	IPIQASLPF
CASSSDFYTQYF	IPIQASLPF
CASSWDFYEQYF	IPIQASLPF
CASSQTGASTYEQYF	IPIQASLPF
CASSVIGGVKNQPQHF	IPIQASLPF
CASSLPSQPQHF	IPIQASLPF
CASSPEGSGSLNTEAFF	IPIQASLPF
CATSDGFLGELFF	IPIQASLPF
CASSSTGTVEAFF	IPIQASLPF
CASSWTGLNTEAFF	IPIQASLPF
CASSERTGGRSTDTQYF	IPIQASLPF
CATSRDSGGASYEQYF	IPIQASLPF
CASSFMSEDTQYF	IPIQASLPF
CASSLGGGPADEQYF	IPIQASLPF
CASSNSGQGRNTGELFF	IPIQASLPF
