CDR3	AA
CASLGTGSYEQYF	SWMESEFRVY
CASSTKGARGHKYYEQYF	SWMESEFRVY
CASSFDRVYSTDTQYF	SWMESEFRVY
CASSSGLMNTEAFF	SWMESEFRVY
CASSQLVGNQPQHF	SWMESEFRVY
CASSHRTSGFNEQFF	SWMESEFRVY
CASSYSISSDKSSYEQYF	SWMESEFRVY
CASSQRTSGYNEQFF	SWMESEFRVY
CASSWGDYEQETQYF	SWMESEFRVY
CASSLRGPYEQYF	SWMESEFRVY
CASSDWGGRMETQYF	SWMESEFRVY
CASSYSIGLAGVSNEQFF	SWMESEFRVY
CASSIQSASSTDTQYF	SWMESEFRVY
CASSPLVGNQPQHF	SWMESEFRVY
CASSPPTSGRGEQFF	SWMESEFRVY
CASSLSPTSGYNEQFF	SWMESEFRVY
CASSRRMGLASYEQYF	SWMESEFRVY
CASSLVPSGSTDTQYF	SWMESEFRVY
CASSSFPGQSRPQHF	SWMESEFRVY
CASSPPDGNNEQFF	SWMESEFRVY
CASMTGELFF	SWMESEFRVY
CASSYSIAGQTNEQFF	SWMESEFRVY
CASSPDPGPAETQYF	SWMESEFRVY
CASSQDPGLQETQYF	SWMESEFRVY
CASSPDRGNQPQHF	SWMESEFRVY
CASTNLQGTNEQYF	SWMESEFRVY
CASSPDSYYEQYF	SWMESEFRVY
CATSDLQEPVGETQYF	SWMESEFRVY
CASGFGTANSETQYF	SWMESEFRVY
CASSQDPGQVETQYF	SWMESEFRVY
