CDR3	AA
CASSYVNTEAFF	SEETGTLIV
CASSNLAGGPYEQYF	SEETGTLIV
CASSARGGDTDTQYF	SEETGTLIV
CASSLGSGGHNEQFF	SEETGTLIV
CASSQVSGGPFEQFF	SEETGTLIV
CASSPLAGAAYEQYF	SEETGTLIV
CASSVEGAGDPEQYF	SEETGTLIV
CASSPLVIAGKSSYEQYF	SEETGTLIV
CASSYPPLDGTNEQFF	SEETGTLIV
CASSFASGNNEQFF	SEETGTLIV
CASSPLSGAAYEQYF	SEETGTLIV
CASSFRDGYTGELFF	SEETGTLIV
CASSHLAGGPYEQYF	SEETGTLIV
CASSQGGQYEQYF	SEETGTLIV
CASSPLGLSSYNEQFF	SEETGTLIV
CSARDLTSGRSYNEQFF	SEETGTLIV
CASSYDFQPQHF	SEETGTLIV
CASSPLAGGPYEQYF	SEETGTLIV
CASSPLAGGNYEQYF	SEETGTLIV
CASRSGAEAFF	SEETGTLIV
CASSPTGGYTGELFF	SEETGTLIV
CASSVGTAISSYEQYF	SEETGTLIV
CASSPLAGASYEQYF	SEETGTLIV
CALLVDTQYF	SEETGTLIV
CASSEAGTGNQPQHF	SEETGTLIV
CASRVTSGSPYEQYF	SEETGTLIV
CASNPLTRRGGANNEQFF	SEETGTLIV
CASSLAHPYEQYF	SEETGTLIV
CASSPPSGRELDEQFF	SEETGTLIV
CSARVIRVHEQYF	SEETGTLIV
CSVDVGTGPGYTF	SEETGTLIV
CASSLGTGNTEAFF	SEETGTLIV
