CDR3	AA
CSVESGVMNTEAFF	KLSYGIATV
CASSLTTTGEETQYF	KLSYGIATV
CASSQEIVEYSQPQHF	KLSYGIATV
CASSHWSVAEETQYF	KLSYGIATV
CASSPFPDPNTGELFF	KLSYGIATV
CSVFLVSDTQYF	KLSYGIATV
CAISEVGTSYEQYF	KLSYGIATV
CASSQETGTGEFEQYF	KLSYGIATV
CATSREVFTGETSGYTF	KLSYGIATV
CASSLDINSLPDQPQHF	KLSYGIATV
CASNLSGGNADTQYF	KLSYGIATV
CASSLGQGLAFF	KLSYGIATV
CASSQWGLWEKETQYF	KLSYGIATV
CAWSAAADYANQPQHF	KLSYGIATV
CSATTVSPYEQYF	KLSYGIATV
CASSQDWAELAAYEQYF	KLSYGIATV
CASSQDMGHLMNTEAFF	KLSYGIATV
CASSITSGLAVPAEQFF	KLSYGIATV
CASSLAPGGMNTEAFF	KLSYGIATV
CASSSKAARAGNYEQYF	KLSYGIATV
CSAQTGTGYEQYF	KLSYGIATV
CASSTDIAGESYNEQFF	KLSYGIATV
CASSFMGGYNEQFF	KLSYGIATV
CASSFSSGALSYNEQFF	KLSYGIATV
CASSQFSGDSFLDEQFF	KLSYGIATV
CATSRDHGLNTEAFF	KLSYGIATV
CASSQDLLAGEQFF	KLSYGIATV
CSVAGVSGYEQYF	KLSYGIATV
CSVGGTGVYEQYF	KLSYGIATV
CASSYQGRYNEQFF	KLSYGIATV
CASSDPFLGTAIYNEQFF	KLSYGIATV
CASSQVFPSGGGDTDTQYF	KLSYGIATV
CSVEMGDRGTHTEAFF	KLSYGIATV
CASSAQGLYDEQYF	KLSYGIATV
CATSRDRQNPLLNSPLHF	KLSYGIATV
CASSLRAGGTDTQYF	KLSYGIATV
CASREGALILSEAFF	KLSYGIATV
CASSPYSVSPYNEQFF	KLSYGIATV
CASSGVNYNEQFF	KLSYGIATV
CSADTQDGKETQYF	KLSYGIATV
CASSQESGLTDTQYF	KLSYGIATV
CASTLDPVGAFF	KLSYGIATV
CATSDQNVPGETGYPQETQYF	KLSYGIATV
CASSLEIQGVGQPQHF	KLSYGIATV
CSVAVDTLSPLHF	KLSYGIATV
CATSRDRPSSGANVLTF	KLSYGIATV
CASSLLAGGPGTDTQYF	KLSYGIATV
CASSFSGHPYEQYF	KLSYGIATV
CASSQGQGAYEQYF	KLSYGIATV
CATSRDPDYEQYF	KLSYGIATV
CSANKGVTPEQFF	KLSYGIATV
CSVEGGNYEQYF	KLSYGIATV
CASSLPEEGNTEAFF	KLSYGIATV
CASSYGEAYEQYF	KLSYGIATV
CASSQDKLAGEQYF	KLSYGIATV
CASSYSGGNEQYF	KLSYGIATV
CASSPLAGVTGELFF	KLSYGIATV
CSVGGVSTDTQYF	KLSYGIATV
CASSFGVLNSNTEAFF	KLSYGIATV
CASRVVTGSSTDTQYF	KLSYGIATV
CASSPGLVSNTGELFF	KLSYGIATV
CASSSTGNQETQYF	KLSYGIATV
CASSMAGAYEQYF	KLSYGIATV
CASSSLGINSPLHF	KLSYGIATV
CASSLEVSYEQYF	KLSYGIATV
CASSLPSHDTQYF	KLSYGIATV
CSANPTGVDYEQYF	KLSYGIATV
CASSPYGTAYEQYF	KLSYGIATV
CASSLWGGGGETQYF	KLSYGIATV
CASSVGQGSYEQYF	KLSYGIATV
CASSLNLATISTDTQYF	KLSYGIATV
CASSPIIGNTEAFF	KLSYGIATV
CSARDLLAGVRNEQFF	KLSYGIATV
CASSQDWGGRIDTQYF	KLSYGIATV
CASSLDLSYEQYF	KLSYGIATV
CSARDRDSYNEQFF	KLSYGIATV
CASTTSGGYNEQFF	KLSYGIATV
CSVTTGTLYEQYF	KLSYGIATV
CASSVEGSGGAFEQFF	KLSYGIATV
CASSYLVGVTVAPGELFF	KLSYGIATV
CSASGVPYNEQFF	KLSYGIATV
CASSPTSGGYNEQFF	KLSYGIATV
CASSFLGLGVGTDTQYF	KLSYGIATV
CASSQEPPGLANEQFF	KLSYGIATV
CASSTPRQYNEQFF	KLSYGIATV
CSANPTGTSYEQYF	KLSYGIATV
CSAQDGLGTEAFF	KLSYGIATV
CASSQDLSGGRYEQYF	KLSYGIATV
CASSQSTGPKYETQYF	KLSYGIATV
CASSELVQQYF	KLSYGIATV
CASSQDWPTVAKNIQYF	KLSYGIATV
CSATTPGGPPSYEQYF	KLSYGIATV
CASSVNRLPYEQYF	KLSYGIATV
CASTQELLAGHEQFF	KLSYGIATV
CASSLDRDYEQYF	KLSYGIATV
CASSYPPPEAFF	KLSYGIATV
CASSELGTQYF	KLSYGIATV
CSVVGQGGYEQYF	KLSYGIATV
CASSPFVGKQYF	KLSYGIATV
CSVVTGTVTYNEQFF	KLSYGIATV
CASSQAKGGVETQYF	KLSYGIATV
CASSQDEGVYGYTF	KLSYGIATV
CASSLGGPGEQYF	KLSYGIATV
CASSQVLFSEENTEAFF	KLSYGIATV
CASSVDLPTGEQYF	KLSYGIATV
CASSQETGAVWAGELFF	KLSYGIATV
CASSQDLLVTEAFF	KLSYGIATV
CASSLIGVGGTTDTQYF	KLSYGIATV
CASSQERLAIWAGELFF	KLSYGIATV
CASSQERLNTEAFF	KLSYGIATV
CSVEDLSSLRVNEQFF	KLSYGIATV
CASSQDLGVTEQYF	KLSYGIATV
CASGTGGAYYGYTF	KLSYGIATV
CASRPQLYNEQFF	KLSYGIATV
CASSEWGEGVMGQETQYF	KLSYGIATV
CSVDNQGMGEQYF	KLSYGIATV
CSAPRGLNTEAFF	KLSYGIATV
CASSFGGFQPQHF	KLSYGIATV
CASSLSGTGGYNEQFF	KLSYGIATV
CASGPLRLVSYNEQFF	KLSYGIATV
CAISESGQGNPYEQYF	KLSYGIATV
CSGTGARSTDTQYF	KLSYGIATV
CSVSGSYSNQPQHF	KLSYGIATV
CASSAVGGLLDEQFF	KLSYGIATV
CSAEGLAGVGDTQYF	KLSYGIATV
CASSYQGTSSYNEQFF	KLSYGIATV
CASSQERGIGGNEQFF	KLSYGIATV
CASLFVDRNTEAFF	KLSYGIATV
CASSLEDRPGEQYF	KLSYGIATV
CASSFGTGNTGELFF	KLSYGIATV
CASSLVSGLQNEQFF	KLSYGIATV
CASSYGDEAYEQYF	KLSYGIATV
CASSFFTGTGGVEQFF	KLSYGIATV
CASSLEGGSFLNTEAFF	KLSYGIATV
CSVERVGLSTEAFF	KLSYGIATV
CAISEGNFIRTSGRAPTYEQYF	KLSYGIATV
CASNTSPAGASYEQYF	KLSYGIATV
CASSYWNEQFF	KLSYGIATV
CASSELGDEQYF	KLSYGIATV
CASSPQGFNEQFF	KLSYGIATV
CASSQEGQDTFEQYF	KLSYGIATV
CASSYLTSRAPGELFF	KLSYGIATV
CSAQETYNEQFF	KLSYGIATV
CASSIDLPFNSPLHF	KLSYGIATV
CASRKDSLSFNEQFF	KLSYGIATV
CASSHEERGGYLEQFF	KLSYGIATV
CSASSSRTGGAEQYF	KLSYGIATV
CASSQWADYEQYF	KLSYGIATV
CASTPEGGSDTQYF	KLSYGIATV
CASSYSRGYEQYF	KLSYGIATV
CASSEVGELFF	KLSYGIATV
CASSLVGGITGELFF	KLSYGIATV
CASSYTDVSGEFF	KLSYGIATV
CASSQDVGYYEQYF	KLSYGIATV
CASSPGASGTSYEQYF	KLSYGIATV
CASSESTLYNEQFF	KLSYGIATV
CASSSTGGTGQFF	KLSYGIATV
CASKPTEVSNQPQHF	KLSYGIATV
CASSLSLGPLAGATDTQYF	KLSYGIATV
CASSPGPPPEYEQYF	KLSYGIATV
CASSIIGTGGGGYTF	KLSYGIATV
CASSPMDRGPYQPQHF	KLSYGIATV
CASSYGTGTGSGNIQYF	KLSYGIATV
CASGPSVYSNQPQHF	KLSYGIATV
CASSLERGGPTTDTQYF	KLSYGIATV
CASSVVEGVPDTQYF	KLSYGIATV
CASSADSGTIFDEQFF	KLSYGIATV
CASSFQGGADTQYF	KLSYGIATV
CATSSNSLDGGTGELFF	KLSYGIATV
CSARRLDRSLLYEQYF	KLSYGIATV
CASTLGTIVPNNEQFF	KLSYGIATV
CASSQEGPGQGAFEQYF	KLSYGIATV
CASSPLGTLNTEAFF	KLSYGIATV
CASSDHLSSSNQPQHF	KLSYGIATV
CASSSGLASYEQYF	KLSYGIATV
CASGTTFAPLHF	KLSYGIATV
CASRSLMGELFF	KLSYGIATV
CASSQDTGGTGELFF	KLSYGIATV
CASSPLAGLILDTQYF	KLSYGIATV
CASSLEVFVGAHTDTQYF	KLSYGIATV
CSVEQALMREQYF	KLSYGIATV
CAWSVRADTQYF	KLSYGIATV
CASSSLAFTYNEQFF	KLSYGIATV
CASEFRVLGYSADTQYF	KLSYGIATV
CASSAGPLGGTIYF	KLSYGIATV
CASSTALGYEQYF	KLSYGIATV
CASKREGFRRTMNTEAFF	KLSYGIATV
CSADWSAGAGTDTQYF	KLSYGIATV
CSAERGVPNEQFF	KLSYGIATV
CASSLGGGVAGKNIQYF	KLSYGIATV
CASNYASTGADTEAFF	KLSYGIATV
CASSQESLNANTGELFF	KLSYGIATV
CASSLVMGQPQHF	KLSYGIATV
CASSLAGTYEQYF	KLSYGIATV
CASRSK	KLSYGIATV
CSVEEGGGYNEQFF	KLSYGIATV
CASSPGLLSNTGELFF	KLSYGIATV
CASSYRGLTEAFF	KLSYGIATV
CSADQSGLAGGDEQFF	KLSYGIATV
CASSDSRWVRVQYNSPLHF	KLSYGIATV
CASSLNDGYEQYF	KLSYGIATV
CASSPDPLSNYGYTF	KLSYGIATV
CASSVHGGSNEQFF	KLSYGIATV
CASSELGHTNSPLHF	KLSYGIATV
CASSLDVSYEQYF	KLSYGIATV
CASSSQGFNQPQHF	KLSYGIATV
CASSDGTPLAKNIQYF	KLSYGIATV
CASSQDPIPEGDEQYF	KLSYGIATV
CASSVGGAFSYNEQFF	KLSYGIATV
CASSMTREETQYF	KLSYGIATV
CASTQQGITRNQPQHF	KLSYGIATV
CSVDPTGTGNTIYF	KLSYGIATV
CASSETGTQYF	KLSYGIATV
CSVDPTGVGGYTF	KLSYGIATV
CASSQGTSGTTGELFF	KLSYGIATV
CSADGTSGSDEQFF	KLSYGIATV
CASSQDRLAGEQYF	KLSYGIATV
CSVEEGSGGLYTGELFF	KLSYGIATV
CASSLTTGAHYGYTF	KLSYGIATV
CSVDDTGLGELFF	KLSYGIATV
CASSYSSGGGEKLFF	KLSYGIATV
CASSQESSLAGGYEQYF	KLSYGIATV
CASRLSQLVDYGYTF	KLSYGIATV
CASSPEGELFISEELFF	KLSYGIATV
CASSWGLGELFF	KLSYGIATV
CASSYLGGLGTEAFF	KLSYGIATV
CASSQDQLAGGPYF	KLSYGIATV
CASSFLAGGLGTGELFF	KLSYGIATV
GPSYEQYF	KLSYGIATV
CASSEVGTQYF	KLSYGIATV
CASSPWGMLYEQYF	KLSYGIATV
CASSLVGGINNEQFF	KLSYGIATV
CASSLANEQYF	KLSYGIATV
CASSWLGLDYEQYF	KLSYGIATV
CSADRGTSGKNQETQYF	KLSYGIATV
CASSQEWGLAWAGELFF	KLSYGIATV
CSAQLGAIGWDEQFF	KLSYGIATV
CASSLVGDGYTDTQYF	KLSYGIATV
CASSQDLLVHEQYF	KLSYGIATV
CASSPEIGWIGYTF	KLSYGIATV
CSVEEGTSPGELFF	KLSYGIATV
CSAMTGLVQPQHF	KLSYGIATV
CSVEGLTSGYNEQFF	KLSYGIATV
CASSFVGAPNF	KLSYGIATV
CASSDVTAVMNTEAFF	KLSYGIATV
CASSVGLAGGELFF	KLSYGIATV
CASSDTGEAFF	KLSYGIATV
CASSVVATSTDTQYF	KLSYGIATV
CSVVLRGDGSYEQYF	KLSYGIATV
CASSQDQYLSYEQYF	KLSYGIATV
CSAQTGVEETQYF	KLSYGIATV
CASSTYGVDYEQYF	KLSYGIATV
CSARDPWGGTGTYNEQFF	KLSYGIATV
CASSGGTPLLIYNEQFF	KLSYGIATV
CASAPANTGELFF	KLSYGIATV
CASSEAGLLYNEQFF	KLSYGIATV
CSAKASGFSYEQYF	KLSYGIATV
CASSVGLGVITDTQYF	KLSYGIATV
CASSLWLDYEQYF	KLSYGIATV
CASSLDLGQGQIEAFF	KLSYGIATV
CASSWGQGSKYF	KLSYGIATV
CASSYSYRTGDPIEQFF	KLSYGIATV
CAAMGRGVAEAFF	KLSYGIATV
CASSPLASDEQFF	KLSYGIATV
CASSKNPQRCGEQFF	KLSYGIATV
CASSEQGLAFF	KLSYGIATV
CASSQDITQSNIQYF	KLSYGIATV
CASSGPYEQYF	KLSYGIATV
CAWSVDPLLIGNTIYF	KLSYGIATV
CASSLMGGSTETQYF	KLSYGIATV
CASSIVHLGEQYF	KLSYGIATV
CASSQEIGLVDSPLHF	KLSYGIATV
CSARDLDGYNEQFF	KLSYGIATV
CASSSYMNTEAFF	KLSYGIATV
CASSFAVTSMNTEAFF	KLSYGIATV
CSVEILQGGKLFF	KLSYGIATV
CASSQEQPGGAWSGELFF	KLSYGIATV
CASSLELIGITDTQYF	KLSYGIATV
CSAQGAGYRNEQFF	KLSYGIATV
CASSEDATYEQYF	KLSYGIATV
CASSIDRTGTLQETQYF	KLSYGIATV
CASSSTGEFATNEKLFF	KLSYGIATV
CATSGTGTGEGNQPQHF	KLSYGIATV
CASSQDLLVELQDF	KLSYGIATV
CASSLMGSGANVLTF	KLSYGIATV
CSVEEGSSGTLLYEQYF	KLSYGIATV
CASSLGELADTDTQYF	KLSYGIATV
CASSFGDRVYEQYF	KLSYGIATV
CASSYSAGSPNYGYTF	KLSYGIATV
CSADRSSGDEQFF	KLSYGIATV
CSANKPGQSSYEQYF	KLSYGIATV
CSVDIGDGADTQYF	KLSYGIATV
CASSQVAGPYEQYF	KLSYGIATV
CASSIGTGGIGTDTQYF	KLSYGIATV
CASSQTAGTITGELFF	KLSYGIATV
CASSLKFIIGIGTEAFF	KLSYGIATV
CASSITGGLVGELFF	KLSYGIATV
CSVAGTGGHEQFF	KLSYGIATV
CASSYLGGLNTGELFF	KLSYGIATV
CASSLDWGDSGNTIYF	KLSYGIATV
CASSLGGLLLPGELFF	KLSYGIATV
CASSLTGVGAKNIQYF	KLSYGIATV
CASSQEAPAGGAYEQYF	KLSYGIATV
CASSQDQGAGEQYF	KLSYGIATV
CASSGATNEKLFF	KLSYGIATV
CASSQNRGLLMNTEAFF	KLSYGIATV
CASRPDTPYSNQPQHF	KLSYGIATV
CSADRGAEETQYF	KLSYGIATV
CASSYVGGTPDTQYF	KLSYGIATV
CASSQISFAEENTEAFF	KLSYGIATV
CASSFRRDPNTGELFF	KLSYGIATV
CASSLTGYGRGRTEAFF	KLSYGIATV
CASSSQGANTGELFF	KLSYGIATV
CSARKGLLVEQYF	KLSYGIATV
CASSQSEIFNPYEQFF	KLSYGIATV
CASSYTGTVAYEQYF	KLSYGIATV
CASSPPRASGSRGGNEQFF	KLSYGIATV
CASSRTGMNTEAFF	KLSYGIATV
CASSQTVGNNEQFF	KLSYGIATV
CASSVGIVSNTGELFF	KLSYGIATV
CASSLVSGIGNEQFF	KLSYGIATV
CSADSGGAETQYF	KLSYGIATV
CSATQGTRLDTQYF	KLSYGIATV
CSWDNGGAWEQYF	KLSYGIATV
CASSSLVWTGDEKLFF	KLSYGIATV
CASSYGQGVTEAFF	KLSYGIATV
CASSLADSSYEQYF	KLSYGIATV
CASSLVGGALLADTQYF	KLSYGIATV
CSASIGGLQLEYF	KLSYGIATV
CASSLADGTDTQYF	KLSYGIATV
CASTTQGLMNTEAFF	KLSYGIATV
CASSLSTWLAIYEQYF	KLSYGIATV
CASSTSGANVLTF	KLSYGIATV
CASSYTYSYEQYF	KLSYGIATV
CSVEGGTFTREQYF	KLSYGIATV
CASSLIGGLAVEQYF	KLSYGIATV
CASSLEGISFEQYF	KLSYGIATV
CSVDVGEGQETQYF	KLSYGIATV
CASSLINGASQFF	KLSYGIATV
CASSQEGGQAFF	KLSYGIATV
CASSIVSGISGELFF	KLSYGIATV
CASSQANQGLANTEAFF	KLSYGIATV
CASSTTGRPENTEAFF	KLSYGIATV
CASSYSYHSEAFF	KLSYGIATV
CASSEIGVAFF	KLSYGIATV
CASSPLEISSGANVLTF	KLSYGIATV
CASSVWTLGTDTQYF	KLSYGIATV
CASSQGDLAEMELFF	KLSYGIATV
CASARGQITYEQYF	KLSYGIATV
CASSLWGQGARGDTEAFF	KLSYGIATV
CASSLDISYEQYF	KLSYGIATV
CASSGQGDTEAFF	KLSYGIATV
CATSRDVGQGAYEQYF	KLSYGIATV
CSARLGGLYEQYF	KLSYGIATV
CASSLAGPYEQYF	KLSYGIATV
CASSAGPGLAGTLLTDTQYF	KLSYGIATV
CASSLEWSGLAAYEQYF	KLSYGIATV
CASSVESGSSPGELFF	KLSYGIATV
CASSFGDSSYEQYF	KLSYGIATV
CASSLAGITDTQYF	KLSYGIATV
CASSEVELRYF	KLSYGIATV
CASSLAPLTGEAFF	KLSYGIATV
CASSLEDRVLLNTEAFF	KLSYGIATV
CASSPFHSATLNYGYTF	KLSYGIATV
CASSQGGQGTGYTF	KLSYGIATV
CASSEIETQYF	KLSYGIATV
CASSEMGTQYF	KLSYGIATV
CASSPQVSGSSYEQYF	KLSYGIATV
CASSITGVGSYEQYF	KLSYGIATV
CASSEALGSEQYF	KLSYGIATV
CASSPGLAGVEQYF	KLSYGIATV
CASSLVEVLTGELFF	KLSYGIATV
CASSLVGGGYEQYF	KLSYGIATV
CASSFTGGVDEQYF	KLSYGIATV
CSADNSGGAVNEQFF	KLSYGIATV
CSASKVGPDYEQYF	KLSYGIATV
CASSQESESAGTYEQYF	KLSYGIATV
CASSLRDRANEQFF	KLSYGIATV
CASSLGFEEDTDTQYF	KLSYGIATV
CASASEVAGLTGELFF	KLSYGIATV
CASSLSSHGQGTTGELFF	KLSYGIATV
CASSSAWVGAFF	KLSYGIATV
CASSEGPGPSQPQHF	KLSYGIATV
CATSRGLENNEQFF	KLSYGIATV
CASSPSQLNRAGNTIYF	KLSYGIATV
CASLPGLQNTEAFF	KLSYGIATV
CASSQEFLTGSYEQYF	KLSYGIATV
CSASTGEDSTDTQYF	KLSYGIATV
CSATGTANYEQYF	KLSYGIATV
CASSYSVLVSPLHF	KLSYGIATV
CASSQEGGLAGAYEQYF	KLSYGIATV
CASSVWALGSDEQFF	KLSYGIATV
CSADTSGEGSNEQFF	KLSYGIATV
CASKQNFLTGLVANEQFF	KLSYGIATV
CASSQEGQPVFLDTQYF	KLSYGIATV
CASSQEVLLLEQYF	KLSYGIATV
CASSYSTQETQYF	KLSYGIATV
CASSQDPLANNEQFF	KLSYGIATV
CASAPWTDYEQYF	KLSYGIATV
CSVDGGYNEQFF	KLSYGIATV
CASSQDLLTNEQFF	KLSYGIATV
CASTDSPSGVTEAFF	KLSYGIATV
CASSQVDSYEQYF	KLSYGIATV
CASALAGSYEQYF	KLSYGIATV
CASSQEEDRSFEQYF	KLSYGIATV
CASSLFGTGLMGQETQYF	KLSYGIATV
CASSPELAGGSYEQYF	KLSYGIATV
CASSLAADSSYNSPLHF	KLSYGIATV
CASSFDRDYEQYF	KLSYGIATV
CASSQEVSHLTGELFF	KLSYGIATV
CASSLVAGELVLDTQYF	KLSYGIATV
CSAVNEGLTEAFF	KLSYGIATV
CSVTTVMNTEAFF	KLSYGIATV
CSVDRGQGTYEQYF	KLSYGIATV
CASSLFLSGLQDTQYF	KLSYGIATV
CASSQIYGARTEAFF	KLSYGIATV
CASSLLAGGGDTQYF	KLSYGIATV
CASSQEQGMVDQPQHF	KLSYGIATV
CASSEVGRQYF	KLSYGIATV
CASSIVSGTYNEQFF	KLSYGIATV
CASSYGGGLAHLYNEQFF	KLSYGIATV
CASSSREKGDYSNQPQHF	KLSYGIATV
CATSRGHHGTLNTGELFF	KLSYGIATV
CASSQDLLAVEQYF	KLSYGIATV
CASSGQGTDYEQYF	KLSYGIATV
CSVDSVGYNEQFF	KLSYGIATV
CASSQEVAGLTDTQYF	KLSYGIATV
CASSKFGDGYTF	KLSYGIATV
CSVEKTGQGDTQYF	KLSYGIATV
CASSPPGLVLNNEQFF	KLSYGIATV
CASSQDQLAGTVDF	KLSYGIATV
CSARGLRGNTEAFF	KLSYGIATV
CASSSDGGYEQYF	KLSYGIATV
CASSGDGGYEQYF	KLSYGIATV
CASSSLQGILNTEAFF	KLSYGIATV
CAWSLASGRAYSGNEQFF	KLSYGIATV
CSAIPLASGIEQFF	KLSYGIATV
CSASKLEWETQYF	KLSYGIATV
CASSSRVNFWGNEQFF	KLSYGIATV
CASSQRTVNTEAFF	KLSYGIATV
CASSILGLLNNEQFF	KLSYGIATV
CASSILIGPLGTEAFF	KLSYGIATV
CASSPHSRYEQYF	KLSYGIATV
CASSQDLGTLTNTEAFF	KLSYGIATV
CASSPGPGQALMNTEAFF	KLSYGIATV
CASSLDPTSGLVTDTQYF	KLSYGIATV
CASSEGLAAPNEQFF	KLSYGIATV
CATSRDRDTEAFF	KLSYGIATV
CSARPRDRLFREQYF	KLSYGIATV
CSFEAGEGQETQYF	KLSYGIATV
CASSLRLAGDWTGELFF	KLSYGIATV
CASSLDWGGEYEQYF	KLSYGIATV
CSVEDLGLAGVNEQFF	KLSYGIATV
CASSLVGTEGETQYF	KLSYGIATV
CASRPTSGGAAGELFF	KLSYGIATV
CASSPWTSYEQYF	KLSYGIATV
CASSELTTDSYEQYF	KLSYGIATV
CSADGTDGTDTQYF	KLSYGIATV
CASSPSRASADTQYF	KLSYGIATV
CSAQHGGGGETQYF	KLSYGIATV
CASSIGLAGAFLDEQFF	KLSYGIATV
CASSFIPDTAQGAQYF	KLSYGIATV
CASSQETGTGGNEQFF	KLSYGIATV
CASRLLSGGREETQYF	KLSYGIATV
CASRVSALWETQYF	KLSYGIATV
CASSQDSGAGELFF	KLSYGIATV
CASSQDLYVYGYTF	KLSYGIATV
CSVGGTSNYEQYF	KLSYGIATV
CASGTGLAGEMSYEQYF	KLSYGIATV
CASRQTGDGRELFF	KLSYGIATV
CASITRGGRNNQPQHF	KLSYGIATV
CASSFTGVNSPLHF	KLSYGIATV
CASSWVQSTMNTEAFF	KLSYGIATV
CASSSVAGDVIGDTQYF	KLSYGIATV
CASSLTGGLAENEQFF	KLSYGIATV
CASSEGIQGAFLQPQHF	KLSYGIATV
CASSLVGGPGWEQYF	KLSYGIATV
CAWKYSRTEAFF	KLSYGIATV
CASSASGRDYEQYF	KLSYGIATV
CASRGLAGGLGEETQYF	KLSYGIATV
CASSPSLGPLTTYEQYF	KLSYGIATV
CASSTQQGLGPYNEQFF	KLSYGIATV
CSVEGLPTDTQYF	KLSYGIATV
CASSPLAAGDHEQFF	KLSYGIATV
CASSPGVSGRAPELF	KLSYGIATV
CASSLSPDNFPHYGYTF	KLSYGIATV
CASSLGISGNTDTQYF	KLSYGIATV
CASARKWGEQYF	KLSYGIATV
CASSFGQASYEQYF	KLSYGIATV
CASSPLGTWNTEAFF	KLSYGIATV
CASLYGSEAFF	KLSYGIATV
CSVEEGSDEQYF	KLSYGIATV
CASSPQGNTGELFF	KLSYGIATV
CASSLAEDYEQYF	KLSYGIATV
CASSLSELLGTEAFF	KLSYGIATV
CSARSNPGPLFEGYTF	KLSYGIATV
CATGSVDPNTEAFF	KLSYGIATV
CASSVLAGGDYNEQFF	KLSYGIATV
CASSQDLLVLNTEAFF	KLSYGIATV
CASSYLLGPGILNTEAFF	KLSYGIATV
CASSIVSGVSTEAFF	KLSYGIATV
CASSQGFRTGISDTQYF	KLSYGIATV
CASSLVAGVADTQYF	KLSYGIATV
CASSLALSTGINSGANVLTF	KLSYGIATV
CASSYLGPTYEQYF	KLSYGIATV
CASSPLAGGGYEQYF	KLSYGIATV
CASSLFPYEQYF	KLSYGIATV
CASSETTGTADSPLHF	KLSYGIATV
CSVVTVSTDTQYF	KLSYGIATV
CASSQRLAGGYNEQFF	KLSYGIATV
CSASPYTKLNEQYF	KLSYGIATV
CASSEDLNSPLHF	KLSYGIATV
CASSQESPPNGAYEQYF	KLSYGIATV
CASSQGLAGDYNEQFF	KLSYGIATV
CASSYEGSYEQYF	KLSYGIATV
CSARDISSYNEQFF	KLSYGIATV
CATSRDLPVGQPEQFF	KLSYGIATV
CASSLVDVTYEQYF	KLSYGIATV
CASSLVSGAGELFF	KLSYGIATV
CASSEQVLLSGNTIYF	KLSYGIATV
CASSLWQWGPGQGPPGSYNEQFF	KLSYGIATV
CASSLSQTSKVGTEAFF	KLSYGIATV
CSVDSTGIHEQFF	KLSYGIATV
CASSQDRLAGEQYF	KLSYGIATV
CASSQDGTPQPQHF	KLSYGIATV
CASSSKGLAVPNEQFF	KLSYGIATV
CASSQDEFAGGRYEQYF	KLSYGIATV
CASSFFGGAGELFF	KLSYGIATV
CASSRTGGLVYGEKLFF	KLSYGIATV
CSAQSGEGTDTQYF	KLSYGIATV
CSVDPLGPGTQYF	KLSYGIATV
CASSGIGGLVVDTQYF	KLSYGIATV
CSAVDIGLDYEQYF	KLSYGIATV
CASSQAHTELEVETQYF	KLSYGIATV
CASSQGGLLLSEQYF	KLSYGIATV
CASSQDLLVLPHEQYF	KLSYGIATV
CASSEIGELFF	KLSYGIATV
CSVGRESYNEQFF	KLSYGIATV
CASSQEPAGLTGELFF	KLSYGIATV
CASSLMGSGANVLTF	KLSYGIATV
CASNDPKVREKLFF	KLSYGIATV
CASSFGGSYQPQHF	KLSYGIATV
CASSQWDSSSYEQYF	KLSYGIATV
CASSPVGLTYEQYF	KLSYGIATV
CASSQVLGADYGYTF	KLSYGIATV
CSVDEGRTGGAEQYF	KLSYGIATV
CSASPGLALRETQYF	KLSYGIATV
CASSLPGLVGNIQYF	KLSYGIATV
CATSRDALAGLTNEQFF	KLSYGIATV
CASRPQGAVPYNEQFF	KLSYGIATV
CSVVDPLWFYEQYF	KLSYGIATV
CASSLVDGNEQYF	KLSYGIATV
CAWSVKTGGEQYF	KLSYGIATV
CASSPDTVYNEQFF	KLSYGIATV
CASSVAGSYEQYF	KLSYGIATV
CASSYSRAGGNQPQHF	KLSYGIATV
CASSFTSGIYNEQFF	KLSYGIATV
CASSLRLGDLHYNEQFF	KLSYGIATV
CASSQDLSDRAYYGYTF	KLSYGIATV
CASSPQGLTNTGELFF	KLSYGIATV
CASKPGYLESGEQYF	KLSYGIATV
CSARVLTSGYNEQFF	KLSYGIATV
CSVETTLTGEQFF	KLSYGIATV
CASSWSVISGGEDTQYF	KLSYGIATV
CASTREGLAFLETQYF	KLSYGIATV
CSARITSGVYNEQFF	KLSYGIATV
CSARDPLGQGMWYEQYF	KLSYGIATV
CASSLMGSANYGYTF	KLSYGIATV
CASSSSGTSGGAQETQYF	KLSYGIATV
CASSQDMLTVEQFF	KLSYGIATV
CASSLARLTLNTEAFF	KLSYGIATV
CASSEVYEQYF	KLSYGIATV
CASSPPYGEPSNQPQHF	KLSYGIATV
CSVEGLPYNEQFF	KLSYGIATV
CASSSTGTSGDTQYF	KLSYGIATV
CASSQGGLDRREQYF	KLSYGIATV
CASSVEGGHGNTEAFF	KLSYGIATV
CASSLATGGEQFF	KLSYGIATV
CASSRPSGRAGEQFF	KLSYGIATV
CSVTGTTIYEQYF	KLSYGIATV
CSARSVGLFNEQFF	KLSYGIATV
CASSLTQVEAFF	KLSYGIATV
CSARAPHDSFKNIQYF	KLSYGIATV
CASSFTGYGRPSNYNEQFF	KLSYGIATV
CSATHPVDLGYYNEQFF	KLSYGIATV
CASSPTGPTDTQYF	KLSYGIATV
CASSRSLGEEYNEQFF	KLSYGIATV
CASARDGGYEQYF	KLSYGIATV
CASSVEGNSYNEQFF	KLSYGIATV
CASSEYMFPRDGQFF	KLSYGIATV
CASSQTSGGPPDTQYF	KLSYGIATV
CASSEDSGLAAADTQYF	KLSYGIATV
CSASSVTSGGGEQFF	KLSYGIATV
CASSLGAGLIVNTEAFF	KLSYGIATV
CASSQDNFRTGHTDTQYF	KLSYGIATV
CASSPQGDSGGTQYF	KLSYGIATV
CASSLPGGGEKLFF	KLSYGIATV
CASSEQRTMDEQFF	KLSYGIATV
CASSLVVRGIKDEQYF	KLSYGIATV
CASHNRERENIQYF	KLSYGIATV
CASSYFTTGDEQYF	KLSYGIATV
CASSQDPSGGSSAETQYF	KLSYGIATV
CSAQGLAGVSTDTQYF	KLSYGIATV
CASSQPGQGAGYEQYF	KLSYGIATV
CASSEGIERAYEQYF	KLSYGIATV
CASSEQGFAFF	KLSYGIATV
CAWSVGTGEHEQYF	KLSYGIATV
CASSYGGRNNQPQHF	KLSYGIATV
CASSPLAGAHNEQFF	KLSYGIATV
CASSQPGLAGVGSYEQYF	KLSYGIATV
CASSVLGGAADTQYF	KLSYGIATV
CSVDAMGYNEQFF	KLSYGIATV
CASSQDGGLSYNSPLHF	KLSYGIATV
CASSLFYGQGTTIYGYTF	KLSYGIATV
CASGVQGVLANEKLFF	KLSYGIATV
CSAPGGRRKTQYF	KLSYGIATV
CASSPLTGKVDMNTEAFF	KLSYGIATV
CASSLTAYNEQFF	KLSYGIATV
CASSLGQAAYNEQFF	KLSYGIATV
CSAIPGLVAEQYF	KLSYGIATV
CASSYSGGYEQYF	KLSYGIATV
CSADTGVSETQYF	KLSYGIATV
CASSQDPLVIPYEQYF	KLSYGIATV
CASSLSFGGEQYF	KLSYGIATV
CASSPAGLNSPLHF	KLSYGIATV
CASSQDPPGLADNEQFF	KLSYGIATV
CSARDLRTSGFPRGDTQYF	KLSYGIATV
CASSQDLLAGETLF	KLSYGIATV
CASSQDPLAGEQYF	KLSYGIATV
CASSQGGDNQPQHF	KLSYGIATV
CSGRGDEETQYF	KLSYGIATV
CASSEGTVALLVEQYF	KLSYGIATV
CASSFLLYEAFF	KLSYGIATV
CASSQDPRGGGLQETQYF	KLSYGIATV
CASSESLGTLVVDEQFF	KLSYGIATV
CSARDYESSYNEQFF	KLSYGIATV
CASSPDLEGSPEAFF	KLSYGIATV
CASSPFGLVNTEAFF	KLSYGIATV
CASSGGGTGWYVDGYTF	KLSYGIATV
CASSWEGPVIEAFF	KLSYGIATV
CASSLVQAPNEKLFF	KLSYGIATV
CASSEGDLQETQYF	KLSYGIATV
CASSYSLGSYEQYF	KLSYGIATV
CSALELAASYEQYF	KLSYGIATV
CASSQSTIMNTEAFF	KLSYGIATV
CASSIVQFPNYGYTF	KLSYGIATV
CASSLNIIAESSYNEQFF	KLSYGIATV
CASSFDPDYEQYF	KLSYGIATV
CASSEAGITYEQYF	KLSYGIATV
CASSLAYGGEQYF	KLSYGIATV
CASSVEGGHGNTEAFF	KLSYGIATV
CASSLNWISTGPQETQYF	KLSYGIATV
CASSDLQENEKLFF	KLSYGIATV
CASSYLAGVDTQYF	KLSYGIATV
CASSQDQLLLEQFF	KLSYGIATV
CASSYMAGGNQPQHF	KLSYGIATV
CASSQSPGGPYEQYF	KLSYGIATV
CATSDDRFVYNEQFF	KLSYGIATV
CASTPGTRPYEQYF	KLSYGIATV
CASSQDPEISNQPQHF	KLSYGIATV
CASSYSSGGITEAFF	KLSYGIATV
CASSFQGGTEAFF	KLSYGIATV
CSADEGLAMDTQYF	KLSYGIATV
CASSQDLLLMNTEAFF	KLSYGIATV
CSASPTAIPSGANVLTF	KLSYGIATV
CSVDQLGTGHGYTF	KLSYGIATV
CASRPNGDNTEAFF	KLSYGIATV
CASSQGYRDLSYNEQFF	KLSYGIATV
CAISSPSGSLYNEQFF	KLSYGIATV
CASSQWEDYEQYF	KLSYGIATV
CASSARQFTTDTQYF	KLSYGIATV
CASSYSRQGTNYNEQFF	KLSYGIATV
CATSESQGVSNEQFF	KLSYGIATV
CASREIAQQYF	KLSYGIATV
CASNSFPGLGIGELFF	KLSYGIATV
CATSRDSGGLPEAFF	KLSYGIATV
CASSAGATPGYSYNEQFF	KLSYGIATV
CASSLTGTTEAFF	KLSYGIATV
CASSPTSGINNEQFF	KLSYGIATV
CSVETGLGSGELFF	KLSYGIATV
CASSQDLLAVNYEQYF	KLSYGIATV
CARRTYEQYF	KLSYGIATV
CASSLKGGYLVADTQYF	KLSYGIATV
CASSQGLLLNEQYF	KLSYGIATV
CASSLGAGLNTGELFF	KLSYGIATV
CSVTGTSGYEQYF	KLSYGIATV
CASATVGAPYEQYF	KLSYGIATV
CASSYDSGTGLLYNSPLHF	KLSYGIATV
CSATRTGLSTSYSYNEQFF	KLSYGIATV
CASTPGTSSGVQYF	KLSYGIATV
CASRLPGLVGNEQFF	KLSYGIATV
CATSDLRRDGTSDADTQYF	KLSYGIATV
CATSDLQGDGTRFAGELFF	KLSYGIATV
CASSYGAGGPGYNEQFF	KLSYGIATV
CASSQLALNTGELFF	KLSYGIATV
CASSSEGLVTRADTQYF	KLSYGIATV
CSADNGTSGGETEETQYF	KLSYGIATV
CASSPSWSPYEQYF	KLSYGIATV
CASSQEWSGLEQYF	KLSYGIATV
CASSLDGGLLEQYF	KLSYGIATV
CASTEGGLQFF	KLSYGIATV
CASSLLGGMVVNEQFF	KLSYGIATV
CSVALLGASYGYTF	KLSYGIATV
CARTGQPQHF	KLSYGIATV
CASSPGSSGGSADTQYF	KLSYGIATV
CASSEMSEQFF	KLSYGIATV
CSARIYLLNEQFF	KLSYGIATV
CASSPSLVLLGEAFF	KLSYGIATV
CASSQDGLDLAKNIQYF	KLSYGIATV
CASSQEVFGLTGELFF	KLSYGIATV
CASSLQGLSDEQYF	KLSYGIATV
CASSQDGIGTPYEQYF	KLSYGIATV
CASSFGGVEQYF	KLSYGIATV
CASSQDLGQLLNTEAFF	KLSYGIATV
CASSQEGGPGTGDSFEQFF	KLSYGIATV
CSVEARVGEQYF	KLSYGIATV
CASSFELAGGLYNEQFF	KLSYGIATV
CASSQDTLAGEQYF	KLSYGIATV
CASSQDLLAGEQYF	KLSYGIATV
CSAAGTSGRAATDTQYF	KLSYGIATV
CASSGTGFGGEKLFF	KLSYGIATV
CASSLLGSYEQYF	KLSYGIATV
CASRPFWGEKLFF	KLSYGIATV
CSVVAVITDTQYF	KLSYGIATV
CASSQDLLSVWYEQYF	KLSYGIATV
CASSLSGYEQYF	KLSYGIATV
CSASIDGGTLNPYEQYF	KLSYGIATV
CSADKGLAGGGEQFF	KLSYGIATV
CASSQEGPEQGPYEQYF	KLSYGIATV
CSARVPAELGYNEQFF	KLSYGIATV
CASSFMGTEQETQYF	KLSYGIATV
CASSQESFLAGAYEQYF	KLSYGIATV
CSVDRGTGQETQYF	KLSYGIATV
CAISDPNSGAVNQPQHF	KLSYGIATV
CASSELGLAFF	KLSYGIATV
CASSMGILGYEQYF	KLSYGIATV
CASSLLGLMNTEAFF	KLSYGIATV
CSASPLSGEGYEQYF	KLSYGIATV
CSVGPTGSSYEQYF	KLSYGIATV
CSVSGSWNEQFF	KLSYGIATV
CSVEVGTSGGARETQYF	KLSYGIATV
CASSQSSGLHNPYNEQFF	KLSYGIATV
CASSLERLPYEQYF	KLSYGIATV
CASSELEEQYF	KLSYGIATV
CASSLSWGLTGELGETQYF	KLSYGIATV
CSAEILRTSGGGFWETQYF	KLSYGIATV
CASSLANGGRAEETQYF	KLSYGIATV
CATSDTLESSYNEQFF	KLSYGIATV
CASSLDGGAYEQYF	KLSYGIATV
CASSQMASGDYEQYF	KLSYGIATV
CASSGLGITYEQYF	KLSYGIATV
CASSFLQGEGAQHF	KLSYGIATV
CASSQNEGGFEAFF	KLSYGIATV
CASSIQGDYEQYF	KLSYGIATV
CASSSSVTGRYEQYF	KLSYGIATV
CASSPRDRFLPGELFF	KLSYGIATV
CASSAGTHNEQFF	KLSYGIATV
CASSFIGLAGPSTDTQYF	KLSYGIATV
CASSVGGGANTGELFF	KLSYGIATV
CSVDGLAGVVETQYF	KLSYGIATV
CASSSLGPLAGGDNEQFF	KLSYGIATV
CASSLFDMAYEQYF	KLSYGIATV
CSAWKSSGYTEAFF	KLSYGIATV
CASIPKGGGNQPQHF	KLSYGIATV
CSADSLAGGPGQYF	KLSYGIATV
CASSQETEVYNEQFF	KLSYGIATV
CASSEGETGTLFTEAFF	KLSYGIATV
CASSNTLSSGNTIYF	KLSYGIATV
CASSQEGGLVLGTQYF	KLSYGIATV
CASSFRGSEFYEQYF	KLSYGIATV
CASSSGTGLRTDTQYF	KLSYGIATV
CASSQETGINQPQHF	KLSYGIATV
CASSFTGGTEAFF	KLSYGIATV
CATSRDNVLQGINSPLHF	KLSYGIATV
CSANAIGIEYEQFF	KLSYGIATV
CASSQEGTRGGLISYEQYF	KLSYGIATV
CASSSLDRGLGTNEKLFF	KLSYGIATV
CASGGLAVYEQYF	KLSYGIATV
CASSPTDWAYEQYF	KLSYGIATV
CASSFTGGSQETQYF	KLSYGIATV
CSAQQSTGTDTQYF	KLSYGIATV
CASSQDMGGSTEAFF	KLSYGIATV
CASSFAGELFF	KLSYGIATV
CASSQETVLAGAYEQYF	KLSYGIATV
CASSVVDPGAQYF	KLSYGIATV
CASSLLGDPNTEAFF	KLSYGIATV
CSARGHSGTNEQFF	KLSYGIATV
CASSLLSGGNTDTQYF	KLSYGIATV
CASKVDSGANVLTF	KLSYGIATV
CASSQVGLSVVDTQYF	KLSYGIATV
CASSQEGQMNTEAFF	KLSYGIATV
CASSQGRDPSYEQYF	KLSYGIATV
CASSVVSASGGVEQFF	KLSYGIATV
CATSRDLVGGEKLFF	KLSYGIATV
CASSQGPLTVLYTEAFF	KLSYGIATV
CASSLVFGGAIF	KLSYGIATV
CASSQEDPRGFHGELFF	KLSYGIATV
CASSQDPGQVYGYTF	KLSYGIATV
CSVDAVGTGDYEQYF	KLSYGIATV
CASSLLLAGGRYEQYF	KLSYGIATV
CASSEIDTQYF	KLSYGIATV
CASSGTGFSYEQYF	KLSYGIATV
CASSLYLGTTGELFF	KLSYGIATV
CSARDYQGLYGYTF	KLSYGIATV
CASSTILFLSYNEQFF	KLSYGIATV
CASSQDSTGLVGYEQYF	KLSYGIATV
CASSLLGLLGTDTQYF	KLSYGIATV
CASSQDLLAGEQFF	KLSYGIATV
CASSQDLLAGEQYF	KLSYGIATV
CASSPFPDISYGYTF	KLSYGIATV
CASSEFGATLQETQYF	KLSYGIATV
CSVEQGVSEAFF	KLSYGIATV
CATSRDLLAGKSSYEQYF	KLSYGIATV
CASSQDRGLAVPTGELFF	KLSYGIATV
CASSLMGGGTDTQYF	KLSYGIATV
CASSQDYLAGEVFF	KLSYGIATV
CASSLPGTGELFF	KLSYGIATV
CSASQLAGVYNEQFF	KLSYGIATV
CASSKAAWGPTQTNYGYTF	KLSYGIATV
CASSQDSAPFGTEAFF	KLSYGIATV
CATSDRAHCAF	KLSYGIATV
CSAALLGPSYEQYF	KLSYGIATV
CASSFGQDTYEQYF	KLSYGIATV
CASSLDWSYEQYF	KLSYGIATV
CSVEESSGGVQFF	KLSYGIATV
CASSVGDRVAEETQYF	KLSYGIATV
CASTKVQGGYEQYF	KLSYGIATV
CASSVAGGGTDTQYF	KLSYGIATV
CASSLAELAGELFF	KLSYGIATV
CASSPGTGSGEQFF	KLSYGIATV
CASSVGLVLPDTQYF	KLSYGIATV
CASSLSPTVAIPYNEQFF	KLSYGIATV
CASSEPGTGVYNEQFF	KLSYGIATV
CATSSLGGRDTQYF	KLSYGIATV
CSVGGTFFEAFF	KLSYGIATV
CASSSLAKGTGELFF	KLSYGIATV
CASSPEAPGLASEQYF	KLSYGIATV
CSARVEAFQDTQYF	KLSYGIATV
CASSLMGGTTDTQYF	KLSYGIATV
CSAPFMGVNEQFF	KLSYGIATV
CASSIHRDISYEQYF	KLSYGIATV
CASSPDSATEAFF	KLSYGIATV
CASSHDLGAGGPNEQFF	KLSYGIATV
CASSFMGSGYEQYF	KLSYGIATV
CASSQWDSPNQPQHF	KLSYGIATV
CASSQWTGSYEQYF	KLSYGIATV
CATSDLDRASRANVLTF	KLSYGIATV
CASSLEGQALTDTQYF	KLSYGIATV
CASSQEDPTAGPYEQYF	KLSYGIATV
CASSQDPLAGVEQFF	KLSYGIATV
CASSAWTSGGDTQYF	KLSYGIATV
CASSRSEIEANGELFF	KLSYGIATV
CSAPSPFWAGVNIDNEQFF	KLSYGIATV
CSVDLQGGTEAFF	KLSYGIATV
CASSQGPSGSWEQYF	KLSYGIATV
CASSPFHGGRGEETQYF	KLSYGIATV
CASSYSTRSHDNYEQYF	KLSYGIATV
CASSTPGFYNEQFF	KLSYGIATV
CSVEGLSYEQYF	KLSYGIATV
CASSTTAGNTIYF	KLSYGIATV
CASSVDSTGFDEQFF	KLSYGIATV
CASSMISGIAGELFF	KLSYGIATV
CSPWGSGLNMDEQFF	KLSYGIATV
CASSQDLTVYGYTF	KLSYGIATV
CSVETTSGSFNEQFF	KLSYGIATV
CASSFFGTGDEQFF	KLSYGIATV
CAWSARDRSVDIQYF	KLSYGIATV
CASSQDRPGWNTEAFF	KLSYGIATV
CASSLNPTGSNQPQHF	KLSYGIATV
CASSFEEGTAGELFF	KLSYGIATV
CASSQLGAGGPYEQYF	KLSYGIATV
CSAGGLAGDRYQETQYF	KLSYGIATV
CASSQDQLVQPQHF	KLSYGIATV
CSADKQNNNEQFF	KLSYGIATV
CASSQKGLMNTEAFF	KLSYGIATV
CASSQDPAGGPEQYF	KLSYGIATV
CASSQDRGLAGPSGEQYF	KLSYGIATV
CASSLRSSGSLPDTQYF	KLSYGIATV
CASSFMGGNTGELFF	KLSYGIATV
CATSREGTGFLDTQYF	KLSYGIATV
CASSQDGWLAGLYNEQFF	KLSYGIATV
CASSLSASGVFLTDTQYF	KLSYGIATV
CASSPNRPGTGGYEQYF	KLSYGIATV
CASSLSGTSGRTGELFF	KLSYGIATV
CASSEKGVSFGAGELFF	KLSYGIATV
CASSLMGTLGNTIYF	KLSYGIATV
CATSRDLGQGHVEQFF	KLSYGIATV
CASSSSGTGADTQYF	KLSYGIATV
CASSQEGLPNGGYEQYF	KLSYGIATV
CATSRDWPSTGEQYF	KLSYGIATV
CASSFGTSGSATDTQYF	KLSYGIATV
CSGDGDSGAETQYF	KLSYGIATV
CATSDLALVSSYNSPLHF	KLSYGIATV
CASSVASLGGDEQFF	KLSYGIATV
CASSLTQDGSYGYTF	KLSYGIATV
CASSQDYGQLVTYEQYF	KLSYGIATV
CASSQGSLAASADTQYF	KLSYGIATV
CASSSRQGNGQETQYF	KLSYGIATV
CASSLETGPLLQDQYF	KLSYGIATV
CASSVVSGVSTDTQYF	KLSYGIATV
CSVEFGLRVNEQFF	KLSYGIATV
CASSQDLLAGEQFF	KLSYGIATV
CASSQEWDSSTYQPQHF	KLSYGIATV
CSASSGTVDEQYF	KLSYGIATV
CASSVDSIGGSLEQFF	KLSYGIATV
CSVGGDSRYEQYF	KLSYGIATV
CASSRDRLGSPLHF	KLSYGIATV
CATGDRAPLDTGELFF	KLSYGIATV
CASSQDIGIEYNEQFF	KLSYGIATV
CASSLLGLAGGADTQYF	KLSYGIATV
CASSYGDSWEQYF	KLSYGIATV
CASSQDPQGTVTDTQYF	KLSYGIATV
CASSQGPPAGTELFF	KLSYGIATV
CSVDFSWNTGELFF	KLSYGIATV
CASSQALAGLTGELFF	KLSYGIATV
CASSLERAGAFLDTQYF	KLSYGIATV
CARGTLNTEAFF	KLSYGIATV
CASSWGEVTNTEAFF	KLSYGIATV
CASSSPGQGARDSPLHF	KLSYGIATV
CASSLMGVGQETQYF	KLSYGIATV
CASSDSRGLIRHSEAFF	KLSYGIATV
CASSGGRYYGYTF	KLSYGIATV
CASSVTSLSTDTQYF	KLSYGIATV
CASRLSVLAGVKYF	KLSYGIATV
CASSMRYDPGWLSSYNEQFF	KLSYGIATV
CASSYFGSGRPETQYF	KLSYGIATV
CASSEVGLDRRAYEQYF	KLSYGIATV
CASTPAGRSYEQYF	KLSYGIATV
CASSLGGNTEAFF	KLSYGIATV
CASSEQGEAFF	KLSYGIATV
CSAPLGQGGQNIQYF	KLSYGIATV
CASSFGREVRETQYF	KLSYGIATV
CASSVDATGDQYGYTF	KLSYGIATV
CASSRHGLLGEQFF	KLSYGIATV
CASSLMVGFYNEQFF	KLSYGIATV
CASSQEGTGWRGEQYF	KLSYGIATV
CASSLGGSEGETQYF	KLSYGIATV
CASGRPEGNEQYF	KLSYGIATV
CASSFAGSGELFF	KLSYGIATV
CASSLDWSYEQYF	KLSYGIATV
CASSDGTGVAEKLFF	KLSYGIATV
CASSLLAATNYGYTF	KLSYGIATV
CASSLAGSTDTQYF	KLSYGIATV
CASSLAGNEQFF	KLSYGIATV
CASSQERQIGGETQYF	KLSYGIATV
CASSPLAGGRGEETQYF	KLSYGIATV
CASSADRLSYEQYF	KLSYGIATV
CSADLPTGQETQYF	KLSYGIATV
CSARQFESSYNEQFF	KLSYGIATV
CAPNRTGELFF	KLSYGIATV
CASSQEAPLALPGELFF	KLSYGIATV
CASTIISGVVTEAFF	KLSYGIATV
CASSQSRLAGYEQYF	KLSYGIATV
CSATGLAGYEQYF	KLSYGIATV
CASSIILESNEQFF	KLSYGIATV
CASSQDLGTGGYTF	KLSYGIATV
CASSVEGTGGNTEAFF	KLSYGIATV
CASSLGGIGATNEKLFF	KLSYGIATV
CSVPSDSSNQPQHF	KLSYGIATV
CASSYGYSYEQYF	KLSYGIATV
CASSRTGLAGGPVEQYF	KLSYGIATV
CASSPYSLGELVYNEQFF	KLSYGIATV
CASSPGTATGEQYF	KLSYGIATV
CASSQGQYTGELFF	KLSYGIATV
CASSLDISTEQYF	KLSYGIATV
CASSIVAGAWEPQHF	KLSYGIATV
CASSTPQGINQPQHF	KLSYGIATV
CASSEEPGGRLETQYF	KLSYGIATV
CSARDALQGMDTQYF	KLSYGIATV
CSVEDPRGSYEQYF	KLSYGIATV
CASSLMGAPAYEQYF	KLSYGIATV
CASCTIESNQPQHF	KLSYGIATV
CASSASMSDTQYF	KLSYGIATV
CATKRFIANTGELFF	KLSYGIATV
CASSQDLLVYEQYF	KLSYGIATV
CASSLDGLAISTDTQYF	KLSYGIATV
CASSLYLSYEQYF	KLSYGIATV
CASSGTGIWDSPLHF	KLSYGIATV
CASSQDQGTSGGALGEQFF	KLSYGIATV
CTSSQAGTGELFF	KLSYGIATV
CASREVEEQYF	KLSYGIATV
CASSLGLAGDFGSDTQYF	KLSYGIATV
CASSQESLAANTGELFF	KLSYGIATV
CASSGRYSYNEQFF	KLSYGIATV
CASSSGHSEGTDTQYF	KLSYGIATV
CASSQGTQDEQFF	KLSYGIATV
CASSPTGQGEEKLFF	KLSYGIATV
CSASGTGWDTEAFF	KLSYGIATV
CASRGPTGSPLHF	KLSYGIATV
CASSHPVGQGYNEQFF	KLSYGIATV
CASSKTSGARAVWSF	KLSYGIATV
CASTSKTGSQETQYF	KLSYGIATV
CASSLTGVYEQYF	KLSYGIATV
CASSPTGSDTQYF	KLSYGIATV
CASSELQDGTMNTEAFF	KLSYGIATV
CASSLGSGEQYF	KLSYGIATV
CASSLVAGLGVETQYF	KLSYGIATV
CASSLSLAGYEQYF	KLSYGIATV
CSVDFVGVGELFF	KLSYGIATV
CASSETGEQYF	KLSYGIATV
CASSQDAGGLAGELFF	KLSYGIATV
CASSSGEVSNTGELFF	KLSYGIATV
CASSFQTGSYTEAFF	KLSYGIATV
CASSDIYELYF	KLSYGIATV
CSETGPLTDTQYF	KLSYGIATV
CSVDYVGEDYEQFF	KLSYGIATV
CSVEDGLATDTQYF	KLSYGIATV
CSAREEIAGGHGAMNEQFF	KLSYGIATV
CASSFSQDGSYGYTF	KLSYGIATV
CASSLQFNTGELFF	KLSYGIATV
CASSFMGGGIRSYTF	KLSYGIATV
CASSTGDPILLTGELFF	KLSYGIATV
CASSQEGGRAWAGELFF	KLSYGIATV
CASSPLAGGLHEQYF	KLSYGIATV
