CDR3	AA
CASSPWGQGGTDTQYF	YEDFLEYHDVRVVL
CSAGLAGGPYEQYF	YEDFLEYHDVRVVL
CSVRVAGGTSDTQYF	YEDFLEYHDVRVVL
CASSPLAASSYEQYF	YEDFLEYHDVRVVL
CSGARTGQGTDTQYF	YEDFLEYHDVRVVL
CASSFSSYNEQFF	YEDFLEYHDVRVVL
CATSSGTTSNQPQHF	YEDFLEYHDVRVVL
CASSLGGTGLTIRTSYEQYF	YEDFLEYHDVRVVL
CASSPEGSYNEQFF	YEDFLEYHDVRVVL
CASSAHNSGLGDTQYF	YEDFLEYHDVRVVL
CASSYGTSVTQETQYF	YEDFLEYHDVRVVL
CASGRVTGELFF	YEDFLEYHDVRVVL
CASIGGVNTEAFF	YEDFLEYHDVRVVL
CASSLASGGPYNEQFF	YEDFLEYHDVRVVL
CASSLTERSYNEQFF	YEDFLEYHDVRVVL
CASSPDRISTDTQYF	YEDFLEYHDVRVVL
CSVEVNTGLVIYEQYF	YEDFLEYHDVRVVL
CSASLAGGYTDTQYF	YEDFLEYHDVRVVL
CASSFVDWYNFGQGDGYTF	YEDFLEYHDVRVVL
CASSYQSSYEQYF	YEDFLEYHDVRVVL
CASSETPIGTGNEQYF	YEDFLEYHDVRVVL
CAISESKDRGGIYTDTQYF	YEDFLEYHDVRVVL
CSVEEPGPRSSYEQYF	YEDFLEYHDVRVVL
CSARSRNQPQHF	YEDFLEYHDVRVVL
CSVAASGVNTDTQYF	YEDFLEYHDVRVVL
CSVTKTGGTYTEAFF	YEDFLEYHDVRVVL
CASSQSRDGDYEQYF	YEDFLEYHDVRVVL
CASSSRDRALLGYGYTF	YEDFLEYHDVRVVL
CASSYSSGAYNQPQHF	YEDFLEYHDVRVVL
CASSEDRSSYNEQFF	YEDFLEYHDVRVVL
CSARDTSEVGYTF	YEDFLEYHDVRVVL
CASSPGQAHNQPQHF	YEDFLEYHDVRVVL
CSVAPSGGSYNEQFF	YEDFLEYHDVRVVL
CASRNSGSSGDEQFF	YEDFLEYHDVRVVL
CSVAPSGHTYEQYF	YEDFLEYHDVRVVL
CSAQLAGTSTDTQYF	YEDFLEYHDVRVVL
CASRGLGGAETDTQYF	YEDFLEYHDVRVVL
CASSFVLANPSTDTQYF	YEDFLEYHDVRVVL
CSAADTGNLGDTQYF	YEDFLEYHDVRVVL
CASSSATGVFFTYNEQFF	YEDFLEYHDVRVVL
CSVEAAGGAYNEQFF	YEDFLEYHDVRVVL
CASSQEGVGTEAFF	YEDFLEYHDVRVVL
CASSLGRGGNEQFF	YEDFLEYHDVRVVL
CSVEAGGNQPQHF	YEDFLEYHDVRVVL
CSVTETGGGYNEQFF	YEDFLEYHDVRVVL
CSVPGTDYTGELFF	YEDFLEYHDVRVVL
CAWSVLAGGEQYF	YEDFLEYHDVRVVL
CASSAQGKPNYGYTF	YEDFLEYHDVRVVL
CSAALSGSPLEQFF	YEDFLEYHDVRVVL
CASSHVRGFFSDTQYF	YEDFLEYHDVRVVL
CSAPGERDYNTQYF	YEDFLEYHDVRVVL
CASVAGVYNEQFF	YEDFLEYHDVRVVL
CASSSGPGADTF	YEDFLEYHDVRVVL
CATSTPWETDYEQYF	YEDFLEYHDVRVVL
CASSQDQALAGALHTLVDTQYF	YEDFLEYHDVRVVL
CASSQEPRFGETQYF	YEDFLEYHDVRVVL
CSARLPDRSYEQYF	YEDFLEYHDVRVVL
CSVDGHGGGLSTDTQYF	YEDFLEYHDVRVVL
CSVQLAGGADTQYF	YEDFLEYHDVRVVL
CASSDGQGTAFTDTQYF	YEDFLEYHDVRVVL
CASSGTPTTEAFF	YEDFLEYHDVRVVL
CATSEGTRLTDTQYF	YEDFLEYHDVRVVL
CSVEEPGIRSSYEQYF	YEDFLEYHDVRVVL
CASSATDRNEQFF	YEDFLEYHDVRVVL
CSAGLAGGSTGELFF	YEDFLEYHDVRVVL
CASSFDISYEQYF	YEDFLEYHDVRVVL
CSVALAGGPYEQYF	YEDFLEYHDVRVVL
CASSLSAGYSGANVLTF	YEDFLEYHDVRVVL
CASSPWGEGRYEQYF	YEDFLEYHDVRVVL
CSARDFRLADEQYF	YEDFLEYHDVRVVL
CASSLAVAGEQETQYF	YEDFLEYHDVRVVL
CARTIDSASTDTQYF	YEDFLEYHDVRVVL
CASTDGQGIEAFF	YEDFLEYHDVRVVL
CASSQVRAVDTEAFF	YEDFLEYHDVRVVL
CASSEGGQGYGNTIYF	YEDFLEYHDVRVVL
CASSFPGQSGEKLFF	YEDFLEYHDVRVVL
CSVALTGTMNTEAFF	YEDFLEYHDVRVVL
CASSYSGPSTDTQYF	YEDFLEYHDVRVVL
CSARDGASYEQYF	YEDFLEYHDVRVVL
CASSQVGVAGVSEADTQYF	YEDFLEYHDVRVVL
CASSIFGTANQPQHF	YEDFLEYHDVRVVL
CASSSRGLEGYEQYF	YEDFLEYHDVRVVL
CASSLVPTGGNSPLHF	YEDFLEYHDVRVVL
CSVRAGGLTGELFF	YEDFLEYHDVRVVL
CASSQGGQQPQHF	YEDFLEYHDVRVVL
CASSLVAGGGDKYNEQFF	YEDFLEYHDVRVVL
CSARDLGGDEQFF	YEDFLEYHDVRVVL
CSVAETGTSSSYEQYF	YEDFLEYHDVRVVL
CASSPSWDFASYEQYF	YEDFLEYHDVRVVL
CSVYRTGYYEQYF	YEDFLEYHDVRVVL
CSVSLSGGRTDTQYF	YEDFLEYHDVRVVL
CATRHYNSPLHF	YEDFLEYHDVRVVL
CSVGLAGGPSNEQFF	YEDFLEYHDVRVVL
CASMGHNYNEQFF	YEDFLEYHDVRVVL
CSVAYTGGQETQYF	YEDFLEYHDVRVVL
CASSPFAGGAYEQYF	YEDFLEYHDVRVVL
CSVSVAGGQFSGANVLTF	YEDFLEYHDVRVVL
CASSQGDLAYRNTEAFF	YEDFLEYHDVRVVL
CASRDMMNTEAFF	YEDFLEYHDVRVVL
CASSPWTALDYEQYF	YEDFLEYHDVRVVL
CASSAERERETQYF	YEDFLEYHDVRVVL
CASSQLAPVNSYEQYF	YEDFLEYHDVRVVL
CASSWSGTSTDTQYF	YEDFLEYHDVRVVL
CSVGVAGGFGNEQFF	YEDFLEYHDVRVVL
CASSDVPGQAYSYNEQFF	YEDFLEYHDVRVVL
CSVAASGISTDTQYF	YEDFLEYHDVRVVL
CASSLSKGEDTGELFF	YEDFLEYHDVRVVL
CSARDPRQGYEQYF	YEDFLEYHDVRVVL
CASSPYSGLAYEQFF	YEDFLEYHDVRVVL
CSVAPSGSSSEQYF	YEDFLEYHDVRVVL
CSVTTGEHYGYTF	YEDFLEYHDVRVVL
CSVAESGGSYNEQFF	YEDFLEYHDVRVVL
CASSVPGLTYEQYF	YEDFLEYHDVRVVL
CSVAASGTSYNEQFF	YEDFLEYHDVRVVL
CASSSGLAVPYNEQFF	YEDFLEYHDVRVVL
CASSPPARPQHF	YEDFLEYHDVRVVL
CASSVDARRSSYNEQFF	YEDFLEYHDVRVVL
CASSQDSGGAGTDTQYF	YEDFLEYHDVRVVL
CSVGLGPYEQYF	YEDFLEYHDVRVVL
CASSQDRTWGNSPLHF	YEDFLEYHDVRVVL
CASSQDGQGAYAEAFF	YEDFLEYHDVRVVL
CASRSLLIGTGGPRMNTEAFF	YEDFLEYHDVRVVL
CASSQDRSGGRDTQYF	YEDFLEYHDVRVVL
CASSLWAGSQPQHF	YEDFLEYHDVRVVL
CASSLGGRAYNEQFF	YEDFLEYHDVRVVL
CASSWYKGSGDNEQFF	YEDFLEYHDVRVVL
CASSFSGPNQETQYF	YEDFLEYHDVRVVL
CASRTGSDYTF	YEDFLEYHDVRVVL
RASSLTGQGAYEQYF	YEDFLEYHDVRVVL
CASRKDKSSYNEQFF	YEDFLEYHDVRVVL
CASSLAWKETQYF	YEDFLEYHDVRVVL
CASSPSGSYEQYF	YEDFLEYHDVRVVL
CSVGLAGGTYNEQFF	YEDFLEYHDVRVVL
CSVGVSGSSYEQYF	YEDFLEYHDVRVVL
CASSFMSAVPEETQYF	YEDFLEYHDVRVVL
CSARLTGGMNTEAFF	YEDFLEYHDVRVVL
CSALDSSGSTNTGELFF	YEDFLEYHDVRVVL
CSVGLSGGSGNTIYF	YEDFLEYHDVRVVL
CASSEGLAFTDTQYF	YEDFLEYHDVRVVL
CSARGRNQPQHF	YEDFLEYHDVRVVL
CSGQLAGGIDEQFF	YEDFLEYHDVRVVL
CASSLESGRNEQFF	YEDFLEYHDVRVVL
CASSNRSYEQYF	YEDFLEYHDVRVVL
CSVQLAGGPYEQYF	YEDFLEYHDVRVVL
CASSSGGLDRGHFADTQYF	YEDFLEYHDVRVVL
CASSLSGTRGRNEQFF	YEDFLEYHDVRVVL
CSVAEVGGVSYGYTF	YEDFLEYHDVRVVL
CASNPGSSYNEQFF	YEDFLEYHDVRVVL
CASSPWGSGSTDTQYF	YEDFLEYHDVRVVL
CASFREVGATGELFF	YEDFLEYHDVRVVL
CASSQDSRTSGREKTQYF	YEDFLEYHDVRVVL
CSVGPSSYEQYF	YEDFLEYHDVRVVL
CASSYPQFF	YEDFLEYHDVRVVL
CASSEGDVAFF	YEDFLEYHDVRVVL
CSVALAGGPNEQFF	YEDFLEYHDVRVVL
CSVGLAGGADTQYF	YEDFLEYHDVRVVL
CASSVHEPGTGELFF	YEDFLEYHDVRVVL
CASSYEQGHSPLHF	YEDFLEYHDVRVVL
CSVSETGQTNEKLFF	YEDFLEYHDVRVVL
CSVGDSGNSPLHF	YEDFLEYHDVRVVL
CASRNSGARAYEQYF	YEDFLEYHDVRVVL
CSGLVGSYNEQFF	YEDFLEYHDVRVVL
CASSWGVGGSNQPQHF	YEDFLEYHDVRVVL
CASGSTGTSNYEQYF	YEDFLEYHDVRVVL
CASSQDGGTLSYNEQFF	YEDFLEYHDVRVVL
CASSEGSSTNEKLFF	YEDFLEYHDVRVVL
CASSSKFGDYYNSPLHF	YEDFLEYHDVRVVL
CASSLRTMNTEAFF	YEDFLEYHDVRVVL
CASSHGLAGAEQFF	YEDFLEYHDVRVVL
CASGRGDNYGYTF	YEDFLEYHDVRVVL
CSVEDLVPSGTYNEQFF	YEDFLEYHDVRVVL
CARRGGTSGRPAGNEQFF	YEDFLEYHDVRVVL
CASSLFGGGLYNEQFF	YEDFLEYHDVRVVL
CARDRVVAEQYF	YEDFLEYHDVRVVL
CASSQAWPGAWETQYF	YEDFLEYHDVRVVL
CASPLGQGAITDTQYF	YEDFLEYHDVRVVL
CASSPSEREVIAGANVLTF	YEDFLEYHDVRVVL
CSVGGMGTEAFF	YEDFLEYHDVRVVL
CSARPIRLAAGDTQYF	YEDFLEYHDVRVVL
CASSLLGGDGYTF	YEDFLEYHDVRVVL
CASSHLYNEQFF	YEDFLEYHDVRVVL
CSARDRNQPQHF	YEDFLEYHDVRVVL
CASSQLGQGTQETQYF	YEDFLEYHDVRVVL
CSVGLAGGPYEQYF	YEDFLEYHDVRVVL
CAWSVGRVGTEAFF	YEDFLEYHDVRVVL
CSARDRSQPQHF	YEDFLEYHDVRVVL
CASLGTGVHNEQFF	YEDFLEYHDVRVVL
CSVGLAGGPSEQFF	YEDFLEYHDVRVVL
CASSPSGFLGNQPQHF	YEDFLEYHDVRVVL
CSVALAGPYEQYF	YEDFLEYHDVRVVL
CASSYTDRDEQYF	YEDFLEYHDVRVVL
CATSRDLLGFYSEQYF	YEDFLEYHDVRVVL
CSVALAGGLNEQFF	YEDFLEYHDVRVVL
CSVAVEDGKNTEAFF	YEDFLEYHDVRVVL
CASSDYTDLQETQYF	YEDFLEYHDVRVVL
CASSLAGGISNQPQHF	YEDFLEYHDVRVVL
CASSLVSRGQKYSNQPQHF	YEDFLEYHDVRVVL
CSVKHTSERGDEQFF	YEDFLEYHDVRVVL
CASSLARTSGPYNEQFF	YEDFLEYHDVRVVL
CASRSIYYGYTF	YEDFLEYHDVRVVL
CSVGVAGSSYEQYF	YEDFLEYHDVRVVL
CASSQAGVYEQYF	YEDFLEYHDVRVVL
CASSLPGSYEQYF	YEDFLEYHDVRVVL
CASISNSGPLGEQYF	YEDFLEYHDVRVVL
CASRAGADTEAFF	YEDFLEYHDVRVVL
CASSGPGDTEAFF	YEDFLEYHDVRVVL
CASSHLLAEYPNEQFF	YEDFLEYHDVRVVL
CASSPLSGSSYNEQFF	YEDFLEYHDVRVVL
CASSQSPGQYNSPLHF	YEDFLEYHDVRVVL
CASSFPEESSYNSPLHF	YEDFLEYHDVRVVL
CSVVGETQYF	YEDFLEYHDVRVVL
CASSYSDNNEQFF	YEDFLEYHDVRVVL
CSVSLSGRATDTQYF	YEDFLEYHDVRVVL
CASSPLTTGSGELFF	YEDFLEYHDVRVVL
CASSEAGIFGGRGSYNEQFF	YEDFLEYHDVRVVL
CAASGGRGYEQYF	YEDFLEYHDVRVVL
CAISGKGLSSYNEQFF	YEDFLEYHDVRVVL
CASSTGTSTDTQYF	YEDFLEYHDVRVVL
CASSLAQGSYNEQFF	YEDFLEYHDVRVVL
CSVEAPGLAGVQRYEQYF	YEDFLEYHDVRVVL
CAWTGSISYEQYF	YEDFLEYHDVRVVL
CSVAPVGQGSSYEQYF	YEDFLEYHDVRVVL
CASSPDRGGWAFF	YEDFLEYHDVRVVL
CSVKASGMSTDTQYF	YEDFLEYHDVRVVL
CASSLGFMEGLNTEAFF	YEDFLEYHDVRVVL
CSARDTTIYEQYF	YEDFLEYHDVRVVL
CASSEEEGGPRETQYF	YEDFLEYHDVRVVL
CASSQDIAGTGVETQYF	YEDFLEYHDVRVVL
CASSILADHSYNEQFF	YEDFLEYHDVRVVL
CASSPGQLPRLNEKLFF	YEDFLEYHDVRVVL
CASSPDRAPYEQYF	YEDFLEYHDVRVVL
CSARVPLEREGPTQETQYF	YEDFLEYHDVRVVL
CATSRVGQGPTGELFF	YEDFLEYHDVRVVL
CSVGLAGSTDTQYF	YEDFLEYHDVRVVL
CASSPLVAQSYEQYF	YEDFLEYHDVRVVL
CASSLVLASTDTQYF	YEDFLEYHDVRVVL
CASSQGLAGGYDEQFF	YEDFLEYHDVRVVL
CASSYLKGYEQYF	YEDFLEYHDVRVVL
CASSFRPKTLITPGSCFF	YEDFLEYHDVRVVL
CSVRLTGGFQETQYF	YEDFLEYHDVRVVL
CASSLGPKTGLSPLHF	YEDFLEYHDVRVVL
CASSFIGPGGGWTDTQYF	YEDFLEYHDVRVVL
CSAREGLASYEQYF	YEDFLEYHDVRVVL
CASSLGHKSTGELFF	YEDFLEYHDVRVVL
CSVALAGGSYNEQFF	YEDFLEYHDVRVVL
CASSVAGQAYNEQFF	YEDFLEYHDVRVVL
CAVLPGEQFF	YEDFLEYHDVRVVL
CSVAPSGTFGDIQYF	YEDFLEYHDVRVVL
CASSLGLAGTLGPGELFF	YEDFLEYHDVRVVL
CASSQEVTGQGVVAPLHF	YEDFLEYHDVRVVL
CASSESKQGASYNEQFF	YEDFLEYHDVRVVL
CASSELPSSNTGELFF	YEDFLEYHDVRVVL
CSVEFLGDIYNEQFF	YEDFLEYHDVRVVL
CASSLRDEVYNEQFF	YEDFLEYHDVRVVL
CASSSELGLNTGELFF	YEDFLEYHDVRVVL
CASSPAFPGPTYEQYF	YEDFLEYHDVRVVL
CSANRGHEQYF	YEDFLEYHDVRVVL
CSVQLAGGSYNEQFF	YEDFLEYHDVRVVL
CSVGFSGENTGELFF	YEDFLEYHDVRVVL
CASSYFGGEETQYF	YEDFLEYHDVRVVL
CASSTPAGNYNEQFF	YEDFLEYHDVRVVL
CSVGLAGGPYEQYF	YEDFLEYHDVRVVL
CASSLTWYNEQFF	YEDFLEYHDVRVVL
CASSQIPGLAGDNEQFF	YEDFLEYHDVRVVL
CSVEGAGGYEQYF	YEDFLEYHDVRVVL
CSARDPGGSYEQYF	YEDFLEYHDVRVVL
CASSLSGPQETQYF	YEDFLEYHDVRVVL
CASSSGTVNTGELFF	YEDFLEYHDVRVVL
CATPDRGQGQYF	YEDFLEYHDVRVVL
CSVEAPGTGGWNEQFF	YEDFLEYHDVRVVL
CATSQDSFQETQYF	YEDFLEYHDVRVVL
CSVEAPGHLLTYEQYF	YEDFLEYHDVRVVL
CASSPPGGDTQYF	YEDFLEYHDVRVVL
CSARLLGQALYEQYF	YEDFLEYHDVRVVL
CASSLALYQEQYF	YEDFLEYHDVRVVL
CSAAGTGGMNTEAFF	YEDFLEYHDVRVVL
CASSFPDYSNQPQHF	YEDFLEYHDVRVVL
CASSPPAEYEQYF	YEDFLEYHDVRVVL
CASSSRLDSQYF	YEDFLEYHDVRVVL
CASSPGLAGSDTQYF	YEDFLEYHDVRVVL
CSVGLAGGPVNEQFF	YEDFLEYHDVRVVL
CASRRHPPDSLAKNIQYF	YEDFLEYHDVRVVL
CASSLAPTAAGGTDTQYF	YEDFLEYHDVRVVL
CSARDPGPVNTQYF	YEDFLEYHDVRVVL
CASSPPLAYEQFF	YEDFLEYHDVRVVL
CSVGQGPYEQYF	YEDFLEYHDVRVVL
CASNRAFDGKWGTDTQYF	YEDFLEYHDVRVVL
CASSQELSYEQYF	YEDFLEYHDVRVVL
CASSRTDSYNEQFF	YEDFLEYHDVRVVL
CSVGFTGMRNTEAFF	YEDFLEYHDVRVVL
CASSPKVLADNEQFF	YEDFLEYHDVRVVL
CASSQGLYRDTEAFF	YEDFLEYHDVRVVL
CASSKDFGTEAFF	YEDFLEYHDVRVVL
CASSYIPGPPNTEAFF	YEDFLEYHDVRVVL
CASSLESGELFF	YEDFLEYHDVRVVL
CASSFPGQGRKQETQYF	YEDFLEYHDVRVVL
CASSGLARDYNEQFF	YEDFLEYHDVRVVL
CSVGLTGSGNTIYF	YEDFLEYHDVRVVL
CASSVGTRPYEQYF	YEDFLEYHDVRVVL
CASSPYRGDRVSDEQFF	YEDFLEYHDVRVVL
CASSLVEGPLGSPLHF	YEDFLEYHDVRVVL
CASSLDYRDRNYGYTF	YEDFLEYHDVRVVL
CASSPANSVDRVNIQYF	YEDFLEYHDVRVVL
CSVKGTGGLTDTQYF	YEDFLEYHDVRVVL
CASSLFGTPNYGYTF	YEDFLEYHDVRVVL
CASSLDGSPEAFF	YEDFLEYHDVRVVL
CSDSLAGGPNEQFF	YEDFLEYHDVRVVL
CASGTGLYYNEQFF	YEDFLEYHDVRVVL
CASSGRAHNEQFF	YEDFLEYHDVRVVL
CASSALGTGEQYF	YEDFLEYHDVRVVL
RASSLTPIYEQYF	YEDFLEYHDVRVVL
CASSFASPQGRNEQFF	YEDFLEYHDVRVVL
CATQWVGTYEQYF	YEDFLEYHDVRVVL
CASSVEGGARETQYF	YEDFLEYHDVRVVL
CASSFRASTDTQYF	YEDFLEYHDVRVVL
CASSFRTSGIYEQYF	YEDFLEYHDVRVVL
CSVRTSGSYTDTQYF	YEDFLEYHDVRVVL
CASSQDSGTSFEQFF	YEDFLEYHDVRVVL
CASSEWQGANTEAFF	YEDFLEYHDVRVVL
CASSYEREEAFF	YEDFLEYHDVRVVL
CASSGRRDRENYGYTF	YEDFLEYHDVRVVL
CSCRETGGAEAFF	YEDFLEYHDVRVVL
CSVTVAGGYQETQYF	YEDFLEYHDVRVVL
CATSRIDTEAFF	YEDFLEYHDVRVVL
CSAQLAGGADTQYF	YEDFLEYHDVRVVL
CASPSANYGYTF	YEDFLEYHDVRVVL
CASSQNLAGGYNEQFF	YEDFLEYHDVRVVL
CSAAGAGGIDEQFF	YEDFLEYHDVRVVL
CSVAPTGQGSSYEQYF	YEDFLEYHDVRVVL
CASSPNVNTEAFF	YEDFLEYHDVRVVL
CARRWQTDYNSPLHF	YEDFLEYHDVRVVL
CSVALAGGLNEQFF	YEDFLEYHDVRVVL
CASSQALSGLDEQFF	YEDFLEYHDVRVVL
CASSFSPLRDSYQPQHF	YEDFLEYHDVRVVL
CSVSLAGGSYNEQFF	YEDFLEYHDVRVVL
CASSPGQGYNEQFF	YEDFLEYHDVRVVL
CASSSEGTGGNSLGTEAFF	YEDFLEYHDVRVVL
CASSSGTDYEKLFF	YEDFLEYHDVRVVL
CASSPAGEITYEQYF	YEDFLEYHDVRVVL
CASSYTDRGEQFF	YEDFLEYHDVRVVL
CASNPPSQGSEAFF	YEDFLEYHDVRVVL
CASSQDGAGGPGNEQFF	YEDFLEYHDVRVVL
CSVKERTDTQYF	YEDFLEYHDVRVVL
CSVGPGPYEQYF	YEDFLEYHDVRVVL
CASSPTLSSDSYNEQFF	YEDFLEYHDVRVVL
CAISDYRDRRYEQYF	YEDFLEYHDVRVVL
CASSLASGRLGDTQYF	YEDFLEYHDVRVVL
CSAMKPREVMETQYF	YEDFLEYHDVRVVL
CASSQPFPPYEQYF	YEDFLEYHDVRVVL
