CDR3	AA
CASSLEPGAEAFF	VASQSIIAY
CASSLAVTDTQYF	VASQSIIAY
CASSLLGTGELFF	VASQSIIAY
CASGSSMQTQYF	VASQSIIAY
CASSPLDRGPVNEKLFF	VASQSIIAY
CSVEGVSGNRKGEFF	VASQSIIAY
CASSATATPYNQPQHF	VASQSIIAY
CSAGRPEGPLDEQFF	VASQSIIAY
CASSLGGRELFF	VASQSIIAY
CASSSGLSYEQYF	VASQSIIAY
CASSQPGLDFTDTQYF	VASQSIIAY
CASSLFVSGIYEQYF	VASQSIIAY
CASSLIGDYNEQFF	VASQSIIAY
CASSLGQGASNQPQHF	VASQSIIAY
CASSLSLAGNYEQFF	VASQSIIAY
CASSGEGQRIETQYF	VASQSIIAY
CASSLNPGLAGGSSYNEQFF	VASQSIIAY
CAEGHSYNEQFF	VASQSIIAY
CASRPEYQETQYF	VASQSIIAY
CASSSGVGTQYF	VASQSIIAY
CASSQMGSYNEQFF	VASQSIIAY
CASSEETSGNEQYV	VASQSIIAY
CASTRDSHHEQYF	VASQSIIAY
CASSLRGSGTSGNEQYF	VASQSIIAY
CASSQDTASYEQYF	VASQSIIAY
CASSSNTDTQYF	VASQSIIAY
CASSSLSQGYNQPQHF	VASQSIIAY
CASSQEQVSTDTQYF	VASQSIIAY
CVAAGDADTQYF	VASQSIIAY
CASSLVAGATDTQYF	VASQSIIAY
CASSLPRESGNEQFF	VASQSIIAY
CASSFSLIYEQYF	VASQSIIAY
CASSPNMFEAFF	VASQSIIAY
CASSFGTGPNEKLFF	VASQSIIAY
CASSLFGRWLGPAGELFF	VASQSIIAY
CASSLLGISGSWNEQFF	VASQSIIAY
CASSPGQGPTKETQYF	VASQSIIAY
CASSFGPSYEQYF	VASQSIIAY
CASRLLGDTEAFF	VASQSIIAY
CASSGWDSGYEQYF	VASQSIIAY
CASQGDIQYF	VASQSIIAY
CASGPTGLADCFYNEQFF	VASQSIIAY
CASSLQGEWEQYF	VASQSIIAY
CASSFANPIPTKDRGGYNEQFF	VASQSIIAY
CASTLAGARVNEQFF	VASQSIIAY
CASSLPGLVGRGDTQYF	VASQSIIAY
CASSPQHYLDPSYEQYF	VASQSIIAY
CASSLRTSGKGSYEQYF	VASQSIIAY
CASSWGGSEQFF	VASQSIIAY
CASRRQGNEKLFF	VASQSIIAY
CASSPRGRVEFF	VASQSIIAY
CASSQGGGNIQYF	VASQSIIAY
CASSPTAGGNYGYTF	VASQSIIAY
CASSSGVGTEAFF	VASQSIIAY
CASSPSISYEQYF	VASQSIIAY
CASSPSSAPVNYGYTF	VASQSIIAY
CASSPTGGPSPGYTF	VASQSIIAY
CASSLLLTQHTGELFF	VASQSIIAY
CASSPLASGSGFHEQFF	VASQSIIAY
CASSLGGREQFF	VASQSIIAY
CASSLVLGAEQYF	VASQSIIAY
CASSFGGNQPQHF	VASQSIIAY
CASSKMWGPGLAPQRNEQYF	VASQSIIAY
CAWSVPRYSGNTIYF	VASQSIIAY
CASGRADTQYF	VASQSIIAY
CASSIDQGSSYEQYF	VASQSIIAY
CASSTRTGGAHSSTDTQYF	VASQSIIAY
CSARPLQGASEQYF	VASQSIIAY
CASGLQYEQYF	VASQSIIAY
CASSLDVFQTGELFF	VASQSIIAY
CASSHAVTDTQYF	VASQSIIAY
CASSPGPGGGTQPQHF	VASQSIIAY
CASSNQGYEQYF	VASQSIIAY
CASSQYNEQFF	VASQSIIAY
CASSLVGRIQETQYF	VASQSIIAY
CASSLDRGPNRAGELFF	VASQSIIAY
CASSYSGAGTSNQPQHF	VASQSIIAY
CASRGQGATEAFF	VASQSIIAY
CASSQTSGSGEQYV	VASQSIIAY
CASSLGSGRFEQFF	VASQSIIAY
CASSQDSTSSGSYEQYF	VASQSIIAY
CASSSYRATDTQYF	VASQSIIAY
CASGQAVVADTQYF	VASQSIIAY
CARGTGDPNQPQHF	VASQSIIAY
CASSPLTLETQYF	VASQSIIAY
CASITGQSSYNEQFF	VASQSIIAY
CASLGGGYTF	VASQSIIAY
CASTRTSATDTQYF	VASQSIIAY
CASRNNRGPRETQYF	VASQSIIAY
CASSQTSGRPSGANVLTF	VASQSIIAY
CASSFETGYNEQFF	VASQSIIAY
CASSHWGGNQPQHF	VASQSIIAY
CASSQVMTGPYEQYF	VASQSIIAY
CASSQEQVPYNEQFF	VASQSIIAY
CASLGETQYF	VASQSIIAY
CASSQDLVTSVGYEQYF	VASQSIIAY
CASSVESAGGITDTQYF	VASQSIIAY
CASSSQGWTPLSNQPQHF	VASQSIIAY
CASSLTGQGDNEQFF	VASQSIIAY
CASTVAGGGYNEQFF	VASQSIIAY
CASSPQHIVGNEQFF	VASQSIIAY
CASSLSLAGADTQYF	VASQSIIAY
CASSMGPNPNEQFF	VASQSIIAY
CASSQERNTEAFF	VASQSIIAY
CASRTYGATEAFF	VASQSIIAY
CTSRWGGTDTQYF	VASQSIIAY
CASSQVVGELFF	VASQSIIAY
CASSSLSGELFF	VASQSIIAY
CASSSGQVKPQHF	VASQSIIAY
CASSRNLYEQYF	VASQSIIAY
CASRASRGSSYEQYF	VASQSIIAY
CASSLQGTYGEQFF	VASQSIIAY
CASSFGGVNEQFF	VASQSIIAY
CASSSGYNEQFF	VASQSIIAY
CASSSRGNEQFF	VASQSIIAY
CASSKVREGYNEQFF	VASQSIIAY
CASSLAKGGLTLYQNNEQFF	VASQSIIAY
CASSVDSPGGEAFF	VASQSIIAY
CASSLGGPEAFF	VASQSIIAY
CSAIPPGQGFSHEQFF	VASQSIIAY
CASSSGVVEQFF	VASQSIIAY
CASSPGLASGELFF	VASQSIIAY
