CDR3	AA
CASTDVTGIYEQYF	TPINLVRDL
CSVEGKPSGSYNEQFF	TPINLVRDL
CSVEGSTGGSYNEQFF	TPINLVRDL
CASSQPHDSLATEAFF	TPINLVRDL
CASSPSSGSNEQFF	TPINLVRDL
CASSLLAAPDEQYF	TPINLVRDL
CSVEGLTGANYNEQFF	TPINLVRDL
CASSLYALGDYNEQFF	TPINLVRDL
CASSPPAGSTDTQYF	TPINLVRDL
CASSFSGANTGELFF	TPINLVRDL
CASSDYRTANEKLFF	TPINLVRDL
CASSSSEDLTQYF	TPINLVRDL
CASSRSTGAKMNTEAFF	TPINLVRDL
CSVEGSSGGSYNEQFF	TPINLVRDL
CSVESGEVTDTQYF	TPINLVRDL
CASSMGEGQYF	TPINLVRDL
CSVDSDAVGTQYF	TPINLVRDL
CASSLLWTDREQFF	TPINLVRDL
CSVEDPGGDSELETQYF	TPINLVRDL
CASSGRSSLYEQFF	TPINLVRDL
CASSPAGTGAAYEQYF	TPINLVRDL
CASKQTQGSLGYTF	TPINLVRDL
CASNEGWGELFF	TPINLVRDL
CASSVYSGNTIYF	TPINLVRDL
CSVEWASGSSLNYEQYF	TPINLVRDL
CASSPGTGSYEQYF	TPINLVRDL
CASSYSRREGLGNEQFF	TPINLVRDL
CASSPGTSGSYEQYF	TPINLVRDL
CASSLGTANQETQYF	TPINLVRDL
CASSPTSLTQNYEQYF	TPINLVRDL
CSVEGTSGGFSYNEQFF	TPINLVRDL
CSATPNVGPEAFF	TPINLVRDL
CASSRSSSGLYEQYF	TPINLVRDL
CASSQGLGSYEQYF	TPINLVRDL
CASSLGTGVDQPQHF	TPINLVRDL
CSVEGTSGSSYNEQFF	TPINLVRDL
CASSGAGGHHEQFF	TPINLVRDL
CASTPGGAGGGDTQYF	TPINLVRDL
CASSFGAGGHYEQYF	TPINLVRDL
CSVEGSSGGKYNEQFF	TPINLVRDL
CASSSYRDDEQFF	TPINLVRDL
CASSPTGTGTNNEQFF	TPINLVRDL
CASSAGGNTEAFF	TPINLVRDL
CSVEGRTGATYNEQFF	TPINLVRDL
CASSWGTGVDQPQHF	TPINLVRDL
CASSFYPPPGEQFF	TPINLVRDL
CASSEPTSETLVEQYF	TPINLVRDL
CASSLVTGGEYGNEQFF	TPINLVRDL
CASSEASGGPLSTDTQYF	TPINLVRDL
CASSSTTSGGELFF	TPINLVRDL
CASSQGPGSYEQYF	TPINLVRDL
CSVEFGGRESGYTF	TPINLVRDL
CATSERTAGTDTQYF	TPINLVRDL
CASSWIVRTGGSGANVLTF	TPINLVRDL
CASSEAGPTYEQYF	TPINLVRDL
CATSRDRNEDEQFF	TPINLVRDL
CSVVGATGVSYNEQFF	TPINLVRDL
CSVEGAGKLSYNEQFF	TPINLVRDL
CASSLGQGNYEQYF	TPINLVRDL
CASSQVIADEQYF	TPINLVRDL
CSVVGAGGGHSYNEQFF	TPINLVRDL
CASGEGGNTIYF	TPINLVRDL
CASSLGPGGQETQYF	TPINLVRDL
CASGYEQFF	TPINLVRDL
CASAGRPSYEQYF	TPINLVRDL
CSVEGFSGGSYNEQFF	TPINLVRDL
CASSGGTGVNQPQHF	TPINLVRDL
CASRGGTGNQPQHF	TPINLVRDL
CASSRRSVSNQPQHF	TPINLVRDL
CASSDFLTDARGYTF	TPINLVRDL
CASSQDLATPSGANVLTF	TPINLVRDL
CASSKVRDRGHANPAKNIQYF	TPINLVRDL
CASSPTGTGQSYEQYF	TPINLVRDL
CASSQLAGSPSDTQYF	TPINLVRDL
CASSHLNSGNTDTQYF	TPINLVRDL
CASSLSRAPEAFF	TPINLVRDL
CASSAYRDHEQYF	TPINLVRDL
CSVEGASGQSSYNEQFF	TPINLVRDL
CASSLGTSISYEQYF	TPINLVRDL
CSVEMVSSYNEQFF	TPINLVRDL
CSVSGLAGGRSYNEQFF	TPINLVRDL
CSVEGFSGGSYNEQFF	TPINLVRDL
CASSLYGSGDREQFF	TPINLVRDL
CASSPPGTGIYNEQFF	TPINLVRDL
CASSFGDEQGF	TPINLVRDL
CASSVNDRGSYEQYF	TPINLVRDL
CASSLVPSTDTQYF	TPINLVRDL
CASSSPTSNYNEQFF	TPINLVRDL
CSVEGHSGGTYNEQFF	TPINLVRDL
CASSPDYPGDYNEQFF	TPINLVRDL
CASSPGRATNEKLFF	TPINLVRDL
CASSLLAGNEQFF	TPINLVRDL
CASSPAGGSVTGEQFF	TPINLVRDL
