CDR3	AA
CASSVGTATYEQYF	YTVSCLPFTI
CSARDPGDSTYRDYGYTF	YTVSCLPFTI
CASSFGGGLYEQYF	YTVSCLPFTI
CASSITTLYTF	YTVSCLPFTI
CASSPGTGRNIQYF	YTVSCLPFTI
CASSYPGQYNEQFF	YTVSCLPFTI
CASSSGQALYEQYF	YTVSCLPFTI
CASSLEAETYEQYF	YTVSCLPFTI
CASSPSDSFTYEQYF	YTVSCLPFTI
CASNPSTGYEQYF	YTVSCLPFTI
CAITGQGAEQFF	YTVSCLPFTI
CASSEEEPGHTDTQYF	YTVSCLPFTI
CASSLSNLPVEQYF	YTVSCLPFTI
CASSFGGGLTDTQYF	YTVSCLPFTI
CASSYSFGSNEQFF	YTVSCLPFTI
CASSYVAGGRGELFF	YTVSCLPFTI
CASSVGGGNEQFF	YTVSCLPFTI
CATSRDSLSNTGELFF	YTVSCLPFTI
CASSSLLAGVITDTQYF	YTVSCLPFTI
CASSPDQGGWGNTIYF	YTVSCLPFTI
CASSASGVGSYEQYF	YTVSCLPFTI
CASSEDRGPNQPQHF	YTVSCLPFTI
CASSNPWSGGTQYQETQYF	YTVSCLPFTI
CASSLWTYTDTQYF	YTVSCLPFTI
CASRLMGYNEQFF	YTVSCLPFTI
CASSYSAGFNGYTF	YTVSCLPFTI
CASLMNTEAFF	YTVSCLPFTI
CASSYPGQYNEQFF	YTVSCLPFTI
CAFEMGETPYNYGYTF	YTVSCLPFTI
CASSQDLGGLETQYF	YTVSCLPFTI
CASSLDSPDTQYF	YTVSCLPFTI
CASSLYETGLYEQYF	YTVSCLPFTI
CASSGTMKYF	YTVSCLPFTI
CASGAGVHTEAFF	YTVSCLPFTI
CAWSVGQSYEQYF	YTVSCLPFTI
CATSRERGRVYEQFF	YTVSCLPFTI
CASSPGSVDEQYF	YTVSCLPFTI
CASGVHNNEQFF	YTVSCLPFTI
CSARDLQGKSYEQYF	YTVSCLPFTI
CASKADGYEQYF	YTVSCLPFTI
CASSHYRGNEQFF	YTVSCLPFTI
CASSLGNGYTF	YTVSCLPFTI
CASSYVAGGLGELFF	YTVSCLPFTI
CASSISLGGYEQYF	YTVSCLPFTI
CASSFGAYNEQFF	YTVSCLPFTI
CASSLMLAGVNTDTQYF	YTVSCLPFTI
CASTRGLADPAGQFF	YTVSCLPFTI
CASSPQGWTSYNEQFF	YTVSCLPFTI
CASSLGDRNTEAFF	YTVSCLPFTI
CASSLAPQGIAGELFF	YTVSCLPFTI
CASTTGGNDNEQFF	YTVSCLPFTI
CASSYLLQGPEQFF	YTVSCLPFTI
CSATDDPGTGAYNEQFF	YTVSCLPFTI
CASSYPPRGSYNEQFF	YTVSCLPFTI
CSARVGSSYNEQFF	YTVSCLPFTI
CASSPETSGILVETQYF	YTVSCLPFTI
CASSQSSYEQYF	YTVSCLPFTI
CATRGGTSYEQYF	YTVSCLPFTI
CASSGTGLYGNTIYF	YTVSCLPFTI
CASSPDRVNQPQHF	YTVSCLPFTI
CASSSSPNTEAFF	YTVSCLPFTI
CASSYVQGAYNEQFF	YTVSCLPFTI
CASSSAGATDTQYF	YTVSCLPFTI
CATRGLAGGFDEQFF	YTVSCLPFTI
CASSVGGTTSTDTQYF	YTVSCLPFTI
CASSLTSGRALAYNEQFF	YTVSCLPFTI
CASSLYDGSSYEQYF	YTVSCLPFTI
CASSLWIGGDGELFF	YTVSCLPFTI
CASSAVSGSPYEQYF	YTVSCLPFTI
CASSFESTNLETQYF	YTVSCLPFTI
CASTDRVGYNEQFF	YTVSCLPFTI
CASSRTSGRQWQFF	YTVSCLPFTI
CASSPGTIEQFF	YTVSCLPFTI
