CDR3	AA
CASSLGGSTEAFF	LYDANYFLCW
CASSLGSSNEQFF	LYDANYFLCW
CSAREIQETQYF	LYDANYFLCW
CASSLGGTEAFF	LYDANYFLCW
CASPTGLGMNTEAFF	LYDANYFLCW
CASSLTAPMNTEAFF	LYDANYFLCW
CSVRTGVFDEQYF	LYDANYFLCW
CASSSGLAGIEQYF	LYDANYFLCW
CSAHPHGGNTEAFF	LYDANYFLCW
CASSESVNTGSGTEAFF	LYDANYFLCW
CASSSGQSYEQYF	LYDANYFLCW
CSAGTPDGLDSGELFF	LYDANYFLCW
CASKGEGSYNEQFF	LYDANYFLCW
CASSPQGLGTEQYF	LYDANYFLCW
CASSGMGRDRTTYEQYF	LYDANYFLCW
CASSQDPGASYNEQFF	LYDANYFLCW
CSARQGNRNTIYF	LYDANYFLCW
CASSAPGEVSGANVLTF	LYDANYFLCW
CSVEEQGNEQYF	LYDANYFLCW
CASSGGWGETQYF	LYDANYFLCW
CASSGPGSGSLAPHAQFF	LYDANYFLCW
CSVLSSNTEAFF	LYDANYFLCW
CASSQDLGDVYEQYF	LYDANYFLCW
CSASPQGTSGASDTQYF	LYDANYFLCW
CSARDPTSPLNYNEQFF	LYDANYFLCW
CASSFGGEGAFF	LYDANYFLCW
CASGSGQGRNQPQHF	LYDANYFLCW
CASSIGGSTEAFF	LYDANYFLCW
CASSLNPRTDISYEQYF	LYDANYFLCW
CASSEGNTIYF	LYDANYFLCW
CASSPHMGEQYF	LYDANYFLCW
CASSLTTGTSGTNEQFF	LYDANYFLCW
CASSHLADYNEQFF	LYDANYFLCW
CASSVVDRGTEAFF	LYDANYFLCW
CSVDARGLNTEAFF	LYDANYFLCW
CSAGSGNTIYF	LYDANYFLCW
CSVVRRGRFSYEQYF	LYDANYFLCW
CATSRDPGSSSGNTIYF	LYDANYFLCW
CASSKVNNQPQHF	LYDANYFLCW
CASSPWDSLEGYTF	LYDANYFLCW
CASSRTETYNEQFF	LYDANYFLCW
CSATPAVRLAGVAPIQFF	LYDANYFLCW
CASSPGKPTYF	LYDANYFLCW
CASSRLGGETQYF	LYDANYFLCW
CASSRTQTSGYNEQFF	LYDANYFLCW
CSARVGAEQYF	LYDANYFLCW
CSARGPPSGSPDTQYF	LYDANYFLCW
CASSLGTGGFYEQYF	LYDANYFLCW
CSARVGNSNGYTF	LYDANYFLCW
CASSPLSWGNEQFF	LYDANYFLCW
CASSEGGQPQHF	LYDANYFLCW
CASSLELHSPYEQYF	LYDANYFLCW
CSARVGTLQYF	LYDANYFLCW
CATSAHSPGAGELFF	LYDANYFLCW
CASSLPTSAYNEQFF	LYDANYFLCW
CASSLGGSTEAFF	LYDANYFLCW
CASSQDHYDSSF	LYDANYFLCW
CSAPGQGNGQPQHF	LYDANYFLCW
CSARNGDPDYSDTQYF	LYDANYFLCW
CASSLAGFPGLANEQFF	LYDANYFLCW
CASSLTPEAFF	LYDANYFLCW
CASSWGAGVGDTQYF	LYDANYFLCW
CASSNLNQPQHF	LYDANYFLCW
CASSRQGSYNEQFF	LYDANYFLCW
CASSGEGGRYNEQFF	LYDANYFLCW
CASSSTSLTGNEQFF	LYDANYFLCW
CASSLGGSTEAFF	LYDANYFLCW
CASSHPREAYNEQFF	LYDANYFLCW
CSVVQGVGYGYEQYF	LYDANYFLCW
CASTTIGQEEPQHF	LYDANYFLCW
CASSLAFPNEQFF	LYDANYFLCW
CASSLGSTEAFF	LYDANYFLCW
CATHLRTSGGVEQFF	LYDANYFLCW
CSAGGSRTNEQFF	LYDANYFLCW
CASSAVSNQPQHF	LYDANYFLCW
CATSRDTGSNTEAFF	LYDANYFLCW
CASSLTEGNTEAFF	LYDANYFLCW
CAISEPPQWEDTGELFF	LYDANYFLCW
CSARLANTGELFF	LYDANYFLCW
CSARGQGPYNEQFF	LYDANYFLCW
CSARAGTKNIQYF	LYDANYFLCW
CASAQPRYTGELFF	LYDANYFLCW
CASSLEGYEQYF	LYDANYFLCW
CASSLDPGANNEQYF	LYDANYFLCW
CASSHKDAAPRDNYGYTF	LYDANYFLCW
CASSSSPGLVSTDTQYF	LYDANYFLCW
CASRPQAPPEAFF	LYDANYFLCW
CSAASGGNEQFF	LYDANYFLCW
CSARPLDGTYNEQFF	LYDANYFLCW
CASSLGGEKLFF	LYDANYFLCW
CASSYSNVVAEDEQFF	LYDANYFLCW
CASSLERWGYTF	LYDANYFLCW
CASNPSSYNEQFF	LYDANYFLCW
CASSLGTNNEQFF	LYDANYFLCW
CASSFGDSRYTF	LYDANYFLCW
CASSQVQGSNEQFF	LYDANYFLCW
CASSTGTSGIIYEQYF	LYDANYFLCW
CASSLDGGTYEQYF	LYDANYFLCW
CSASTSGAYNEQFF	LYDANYFLCW
CATSRDIASGLTDTQYF	LYDANYFLCW
CATSEGTSTDTQYF	LYDANYFLCW
CASSYRPGHQPQHF	LYDANYFLCW
CASSEGKGTSGRSIVNEQFF	LYDANYFLCW
CSVRTADYGYTF	LYDANYFLCW
CSARRADRNTIYF	LYDANYFLCW
CASSLLDTQYF	LYDANYFLCW
CASSLGTGSYEQYF	LYDANYFLCW
CASSDGLARNEQFF	LYDANYFLCW
CASSSTGGKGTQYF	LYDANYFLCW
CSAGYTSGRAVFYNEQFF	LYDANYFLCW
CASRYAGGEQYF	LYDANYFLCW
CASSIAVRTGTNTEAFF	LYDANYFLCW
CSVRDGSYEQYF	LYDANYFLCW
CSAQGRRSYNEQFF	LYDANYFLCW
CAISESAGKNTGELFF	LYDANYFLCW
CASSGGSGFADTQYF	LYDANYFLCW
CASSSLTGGAGNQPQHF	LYDANYFLCW
CASSLIGGAGNIQYF	LYDANYFLCW
CASSKGDRGRYGYTF	LYDANYFLCW
CASSLPLLPLSGSNGNEQFF	LYDANYFLCW
CASSLSGSTEAFF	LYDANYFLCW
CASSTTGTRGSNEQFF	LYDANYFLCW
CASSSDSGGNTIYF	LYDANYFLCW
CASSFADNQPQHF	LYDANYFLCW
CASSLGTGGPQETQYF	LYDANYFLCW
CASSPTESGYEQYF	LYDANYFLCW
CSARWSGVTQYF	LYDANYFLCW
CASSLSGRPDTQYF	LYDANYFLCW
CASSLLGTNTGELFF	LYDANYFLCW
CASSVGNSNSPLHF	LYDANYFLCW
CASSGQLTGELFF	LYDANYFLCW
CSARGSRDYEQYF	LYDANYFLCW
CASSESWTGGFSEAFF	LYDANYFLCW
CASHPRGEQYF	LYDANYFLCW
CSARDKEGPDTQYF	LYDANYFLCW
CSARGPQLSRTDTQYF	LYDANYFLCW
CASRSLDRVVGEKLFF	LYDANYFLCW
CASSPGGANEKLFF	LYDANYFLCW
CSVRTGAYEQYF	LYDANYFLCW
CASSYSLAGETQYF	LYDANYFLCW
CASSLLGGEKLFF	LYDANYFLCW
CASSWADPNQPQHF	LYDANYFLCW
CASSLLAVNPWEQYF	LYDANYFLCW
CASIHRAAMATGELFF	LYDANYFLCW
CASGGTVGYEQYF	LYDANYFLCW
CAWSVVAGGPDTQYF	LYDANYFLCW
CSARAYARGYEQYF	LYDANYFLCW
CASSFGGAEAFF	LYDANYFLCW
CASTGLGGSNQPQHF	LYDANYFLCW
CASSLNQGGHEQYF	LYDANYFLCW
CASIVGLHTGELFF	LYDANYFLCW
CASSLGGLGYTF	LYDANYFLCW
CSVEWDSNTGELFF	LYDANYFLCW
CASSLSGVVETQYF	LYDANYFLCW
CASSQDSGNQPQHF	LYDANYFLCW
CASSLVGGPRSQETQYF	LYDANYFLCW
CSARDRDDTDTQYF	LYDANYFLCW
CASSQDHNEQFF	LYDANYFLCW
CASSPTGGSGNTIYF	LYDANYFLCW
CASSSLTPGTSGLNTGELFF	LYDANYFLCW
CASSPWQGPANEQFF	LYDANYFLCW
CASSSTGETYEQYF	LYDANYFLCW
CASSRTSGRIQETQYF	LYDANYFLCW
CSARGREVPDTQYF	LYDANYFLCW
CSARGSTGTAGEQFF	LYDANYFLCW
CASSSNGTYSSYNEQFF	LYDANYFLCW
CASSSGQGDFYNEQFF	LYDANYFLCW
CASSLDSGIQETQYF	LYDANYFLCW
CASSFGQVGGKLFF	LYDANYFLCW
CASSWTTGDDGYTF	LYDANYFLCW
CASSPSHGTSGARETQYF	LYDANYFLCW
CASSSGQIYEQYF	LYDANYFLCW
CATRGLAGPRGGNEQFF	LYDANYFLCW
CASGPFEGLDEQYF	LYDANYFLCW
CASRSGGELFF	LYDANYFLCW
CASSLGSTEAFF	LYDANYFLCW
CASTEDPGGYNEQFF	LYDANYFLCW
CASSLANPRVDEQYF	LYDANYFLCW
CSARVPYTNEQFF	LYDANYFLCW
CASRGEVSYEQYF	LYDANYFLCW
CSAVAEGYEQFF	LYDANYFLCW
CASSFGGSEAFF	LYDANYFLCW
CASSSVDNQPQHF	LYDANYFLCW
CASSEADSSGANVLTF	LYDANYFLCW
CASSQEVFGNQPQHF	LYDANYFLCW
CSARLGNYNEQFF	LYDANYFLCW
CASGQVDNQPQHF	LYDANYFLCW
CASSPGGFGYEQYF	LYDANYFLCW
CASSLGTGGVF	LYDANYFLCW
CASRGQSKPTPLAKNIQYF	LYDANYFLCW
CASSLNNGIEAFF	LYDANYFLCW
CASSLIRTSGLQETQYF	LYDANYFLCW
CSVRDGGKAGYTF	LYDANYFLCW
CASSQDHYEQYF	LYDANYFLCW
CASSLTGGKDGYTF	LYDANYFLCW
CASSLAGGFSTDTQYF	LYDANYFLCW
CASSQQGPTGELFF	LYDANYFLCW
CASSLGQGAQPQHF	LYDANYFLCW
CSVEWGSAQHF	LYDANYFLCW
CASSQVETKDEQFF	LYDANYFLCW
CSANREVGGNEQFF	LYDANYFLCW
CASSLLASTGTGYTGELFF	LYDANYFLCW
CASSQDHNEQFF	LYDANYFLCW
CSASGTSEVLLTDTQYF	LYDANYFLCW
CASSGIGDPSGANVLTF	LYDANYFLCW
CASSYGDRDSGANVLTF	LYDANYFLCW
CASSHSGQGFNEQFF	LYDANYFLCW
CSARGPQVSSTDTQYF	LYDANYFLCW
CASSPGDSYNEQFF	LYDANYFLCW
CASSDKEIGQVIAKNIQYF	LYDANYFLCW
CAAEPVMNTEAFF	LYDANYFLCW
CASSWSSGSIDEQYF	LYDANYFLCW
CASSARGPPETQYF	LYDANYFLCW
CSVELGSRQFF	LYDANYFLCW
CASSLGGSTEAFF	LYDANYFLCW
CASSLFLGTEAFF	LYDANYFLCW
CASNQGSNEQFF	LYDANYFLCW
CASGLTGAKETQYF	LYDANYFLCW
CASAPSGRIYEQFF	LYDANYFLCW
CASTLGAPYEQYF	LYDANYFLCW
