CDR3	AA
CASSETGLTDTQYF	RLQSLQTYV
CSAPVPNTDTQYF	RLQSLQTYV
CASSRLPQPYTEAFF	RLQSLQTYV
CASSGPSGQGVDEQYF	RLQSLQTYV
CASSQGLGETQYF	RLQSLQTYV
CASSERTATSTDTQYF	RLQSLQTYV
CASSFAVGTYEQYF	RLQSLQTYV
CSARKGQGTSPLHF	RLQSLQTYV
CASTVTDQETQYF	RLQSLQTYV
CASSSEGNQPQHF	RLQSLQTYV
CASGTIQEGETQYF	RLQSLQTYV
CASSQLAGGRETQYF	RLQSLQTYV
CASSLAGATDTQYF	RLQSLQTYV
CATSPDSDSKYF	RLQSLQTYV
CASSQDLFSGTGEQYF	RLQSLQTYV
CATSGRRTRGIVAYEAFF	RLQSLQTYV
CASSPPLTGGETQYF	RLQSLQTYV
CASTAGDTDTQYF	RLQSLQTYV
CASSEDGTSGRATNYNEQFF	RLQSLQTYV
CSARLRDAYNEQFF	RLQSLQTYV
CSASDRDHEQFF	RLQSLQTYV
CASDGQYNSSYNEQFF	RLQSLQTYV
CASREAGGGELFF	RLQSLQTYV
CSAGATTSGGKNGADTQYF	RLQSLQTYV
CASSPPDREGYEQYF	RLQSLQTYV
CASSLSYPVSNQPQHF	RLQSLQTYV
CASGLGQGSNEKLFF	RLQSLQTYV
CASSPSNTDTQYF	RLQSLQTYV
CASDTGSHTNTQYF	RLQSLQTYV
CASSLGTGSTDTQYF	RLQSLQTYV
CASPMKETQYF	RLQSLQTYV
CSAETSDQETQYF	RLQSLQTYV
CASSLLAGGKETQYF	RLQSLQTYV
CSAGTSGTYEQYF	RLQSLQTYV
CSASSGIGGTDTQYF	RLQSLQTYV
CAWSGGTGMNYGYTF	RLQSLQTYV
CASSLLAGATTDTQYF	RLQSLQTYV
CASSAGGGSYNEQFF	RLQSLQTYV
CASSLGLGGPYNEQFF	RLQSLQTYV
CASSERDGTEAFF	RLQSLQTYV
CASSLLRDRGTGELFF	RLQSLQTYV
CASSYYGGSYNEQFF	RLQSLQTYV
CASSYGTGQETQYF	RLQSLQTYV
CASSYGTGNTEAFF	RLQSLQTYV
CASSQGFTSTDTQYF	RLQSLQTYV
CASSRGQGTDTQYF	RLQSLQTYV
CSAGTSGSYEQYF	RLQSLQTYV
CAWSVGQSLNYGYTF	RLQSLQTYV
CASGLDQPRLAGDANEQFF	RLQSLQTYV
CASSLGWVRSDTQYF	RLQSLQTYV
CASSGGRDGTDTQYF	RLQSLQTYV
CASNRDNSYEQYF	RLQSLQTYV
CASSQDLQGFMNTEAFF	RLQSLQTYV
CASSQDSNNEQFF	RLQSLQTYV
CSVPRDSVSSGLNTGELFF	RLQSLQTYV
CSAPATGELFF	RLQSLQTYV
CASHRTGTGGRISYEQYF	RLQSLQTYV
CASSFSGNSYEQYF	RLQSLQTYV
CASSGQENGETQYF	RLQSLQTYV
CASSFGVYGYTF	RLQSLQTYV
CASSPPDHQAYEQYF	RLQSLQTYV
CASSTGTGDPGELFF	RLQSLQTYV
CASSAGRGGNQPQHF	RLQSLQTYV
CASSPSNGGAEQFF	RLQSLQTYV
CASSYVDSPAAEAFF	RLQSLQTYV
CASSFSLGDLETQYF	RLQSLQTYV
CASSPRRGWYNEQFF	RLQSLQTYV
CASSLGQGVTEAFF	RLQSLQTYV
CASSYSGNNYGYTF	RLQSLQTYV
CASSEALWSVQGQNYEQYF	RLQSLQTYV
CASSLLAGGKETQYF	RLQSLQTYV
CASSYGTGNTEAFF	RLQSLQTYV
CSADDAAGGMDTQYF	RLQSLQTYV
CASSFGTGIYEQYF	RLQSLQTYV
CSVLGNMEETQYF	RLQSLQTYV
CASSAGQGTDTQYF	RLQSLQTYV
CASSLAGTASRGAQYF	RLQSLQTYV
CASLILNSYEQYF	RLQSLQTYV
CASSFGVSGTDTQYF	RLQSLQTYV
CSENLAGEEETQYF	RLQSLQTYV
CASSLDLFAGGGYEQFF	RLQSLQTYV
CASSLGQGNTEAFF	RLQSLQTYV
CASSFPPGRHGTEAFF	RLQSLQTYV
CASSLGQGTDTQYF	RLQSLQTYV
CASSSGTGHVTQYF	RLQSLQTYV
CSARDETDPYEQYF	RLQSLQTYV
CASSLALAASTDTQYF	RLQSLQTYV
CASGDRGNQETQYF	RLQSLQTYV
CASSGQGLGVNTEAFF	RLQSLQTYV
CSASHGASGLDEQYF	RLQSLQTYV
CSAINRDYEQFF	RLQSLQTYV
CASSQDLFAGRSYEQYF	RLQSLQTYV
CASSWGGNEQYF	RLQSLQTYV
CASSFIGGLYNEQFF	RLQSLQTYV
CASSSGGTQYF	RLQSLQTYV
CASRPESVNTEAFF	RLQSLQTYV
CAGLAAFTGVETQYF	RLQSLQTYV
CASSPPLERDQETQYF	RLQSLQTYV
CAISVEDSTHEQFF	RLQSLQTYV
CASSSDMSPPPQHF	RLQSLQTYV
CASSFWGQKNEKLFF	RLQSLQTYV
CASGGPGTYGYTF	RLQSLQTYV
CASSLGRDRGISSSYNEQFF	RLQSLQTYV
CASSYWGNTEAFF	RLQSLQTYV
CASSDGTGWNEQFF	RLQSLQTYV
CASSSAGGDYEQYF	RLQSLQTYV
CASSQGTGGYGYTF	RLQSLQTYV
CASSLGSGGPNNEQFF	RLQSLQTYV
CASSIFRNEQFF	RLQSLQTYV
CASSYSMNSNEQFF	RLQSLQTYV
CASSDEAQFF	RLQSLQTYV
CASRTDGTSGSIYYNEQFF	RLQSLQTYV
CASSQDLYRAASQETQYF	RLQSLQTYV
CASSPLTSGITDTQYF	RLQSLQTYV
CASGRGQGGSYEQYF	RLQSLQTYV
CASSLQGGSTDTQYF	RLQSLQTYV
CASSFSHNEQFF	RLQSLQTYV
CASSLGTGNQPQHF	RLQSLQTYV
CASSKGQDERNQPQHF	RLQSLQTYV
CASSPTPPEAGVAGELFF	RLQSLQTYV
CASSSPNTETQYF	RLQSLQTYV
CASSYSSTDLNTEAFF	RLQSLQTYV
CSAGTSGRYEQYF	RLQSLQTYV
CASSQDLFAGGNNEQFF	RLQSLQTYV
CASSHGQGTDTQYF	RLQSLQTYV
CASSTGTGHGELFF	RLQSLQTYV
CASSEGTASTDTQYF	RLQSLQTYV
CASSLQAGAKETQYF	RLQSLQTYV
CASSLGHLGTEAFF	RLQSLQTYV
CASSVLAGGRETQYF	RLQSLQTYV
CASSQLAGGGGVGELFF	RLQSLQTYV
CASTPDNSAYNEQFF	RLQSLQTYV
CSASGRNQETQYF	RLQSLQTYV
CASTKGSSYEQYF	RLQSLQTYV
CASTIPDTETQYF	RLQSLQTYV
CASSVGQASYEQYF	RLQSLQTYV
CASSSPPPTGINEETQYF	RLQSLQTYV
CASSSGTGWYEQYF	RLQSLQTYV
CASSPGTGGNQPQHF	RLQSLQTYV
CSAGTSGEETQYF	RLQSLQTYV
CASSPSAGTEAFF	RLQSLQTYV
CASSLSQGDRNEQFF	RLQSLQTYV
CASSYGTGHQPQHF	RLQSLQTYV
CASSPTGHSIEEQFF	RLQSLQTYV
CASSHRDTNEKLFF	RLQSLQTYV
CASSQDESNYGYTF	RLQSLQTYV
CASSPPEGAGLGAKNIQYF	RLQSLQTYV
CASNGQTATNEKLFF	RLQSLQTYV
CASRGGDGYEQYF	RLQSLQTYV
CASSQDLPSAHEQYF	RLQSLQTYV
CASSQDGLAGSNEQFF	RLQSLQTYV
CASSGRTRFRNQPQHF	RLQSLQTYV
CATHRDSTYEQYF	RLQSLQTYV
CASSNRDRIFYEQYF	RLQSLQTYV
CSTVIVNTDTQYF	RLQSLQTYV
CASSSRDGHSNQPQHF	RLQSLQTYV
CASSAGTGQWEPQHF	RLQSLQTYV
CASSPHSGSSTEAFF	RLQSLQTYV
CASSAQNTDTQYF	RLQSLQTYV
CASSLEGPGGSYNEQFF	RLQSLQTYV
CASSFPSSTDTQYF	RLQSLQTYV
CATSRENGVYNEQFF	RLQSLQTYV
CASSLYGGSVNEKLFF	RLQSLQTYV
CASTMEGVAYEQYF	RLQSLQTYV
CASSQDIFPGTKNIQYF	RLQSLQTYV
CASSLGTGGPYNEQFF	RLQSLQTYV
CASSWSGSLFNEQFF	RLQSLQTYV
CSAGASGTYEQYF	RLQSLQTYV
CASSPVSESTDTQYF	RLQSLQTYV
CSASDSGEETQYF	RLQSLQTYV
CASTGPNPGAADTQYF	RLQSLQTYV
CASSRGTSGNDEQFF	RLQSLQTYV
CASRTDASTDTQYF	RLQSLQTYV
CAWSGGRVMNYGYTF	RLQSLQTYV
CASSSGTGLNTEAFF	RLQSLQTYV
CAWSVGLRMNTEAFF	RLQSLQTYV
CASSPAGRHEQYF	RLQSLQTYV
CAWTLGTLMAYEQYF	RLQSLQTYV
CSASMGGRGTTNEKLFF	RLQSLQTYV
CASSYGTGNNEQFF	RLQSLQTYV
CASSLGDNYNSPLHF	RLQSLQTYV
CASGLDQPRGDSRDTQYF	RLQSLQTYV
CASSPDEDRRDNEQFF	RLQSLQTYV
CASSEYTWTGLYEQYF	RLQSLQTYV
