CDR3	AA
CASSFVITSTDTQYF	LEYHDVRVVL
CASSQTPGPLYEQYF	LEYHDVRVVL
CASSATSGRALETQYF	LEYHDVRVVL
CASMEAMNRDRNEQYF	LEYHDVRVVL
CSAMGFEEASYEQYF	LEYHDVRVVL
CASSQDQALAGALHTLVDTQYF	LEYHDVRVVL
CASSSSQRFDDTQYF	LEYHDVRVVL
CASSLPDRGSTYEQYF	LEYHDVRVVL
CSVSETSTDTQYF	LEYHDVRVVL
CASSPTGDRGSYEQYF	LEYHDVRVVL
CSVETGSYNEQFF	LEYHDVRVVL
CASSVGQTSNQPQHF	LEYHDVRVVL
CSVQLAGGLREQYF	LEYHDVRVVL
CSAREGLVGYEQYF	LEYHDVRVVL
CSVSPTDPPYEQYF	LEYHDVRVVL
CATSSGTTSNQPQHF	LEYHDVRVVL
CASCPPGSVDNEQFF	LEYHDVRVVL
CASSPWGSGSTDTQYF	LEYHDVRVVL
CASSRMGFGYEQYF	LEYHDVRVVL
CATSDTGQGVLTGELFF	LEYHDVRVVL
CSARLPDRSYEQYF	LEYHDVRVVL
CASSTRQISYEQYF	LEYHDVRVVL
CASSEDFQGTGELFF	LEYHDVRVVL
CASSKDFGTEAFF	LEYHDVRVVL
CSARGRNQPQHF	LEYHDVRVVL
CASSDGRTRDGIYGYTF	LEYHDVRVVL
CSALKGVGALETQYF	LEYHDVRVVL
CSVAESGTVTEAFF	LEYHDVRVVL
CASSSAKNMAKISWGYEQYF	LEYHDVRVVL
CASSYGRGGNEQFF	LEYHDVRVVL
CASSFGKRDSYEQYF	LEYHDVRVVL
CSARRGEVSYEQYF	LEYHDVRVVL
CASSLQAGTADTGELFF	LEYHDVRVVL
CASRGGNTGELFF	LEYHDVRVVL
CASSSGLAVPYNEQFF	LEYHDVRVVL
CSVGLTGTSGNEQFF	LEYHDVRVVL
CASSPHPDTRVPNTGELFF	LEYHDVRVVL
CASSYWKTQYF	LEYHDVRVVL
CASSPNVNTEAFF	LEYHDVRVVL
CSARDPGGSYEQYF	LEYHDVRVVL
CASSIPDGELIGKLFF	LEYHDVRVVL
CASSASGTSTDTQYF	LEYHDVRVVL
CSARLTGVMNTEAFF	LEYHDVRVVL
CASSPDNTEVSYNEQFF	LEYHDVRVVL
CASSFIGETQYF	LEYHDVRVVL
CASSLDSYEQYF	LEYHDVRVVL
CASSQDLEDREKTQYF	LEYHDVRVVL
CSAMKPREVMETQYF	LEYHDVRVVL
CASSDSISYEQYF	LEYHDVRVVL
CASSQRTGVAEQYF	LEYHDVRVVL
CSVRDTGVKGTEAFF	LEYHDVRVVL
CASSAPGTHSYNEQFF	LEYHDVRVVL
CSARDGGDFLYEQYF	LEYHDVRVVL
CASSLDTPNQPQHF	LEYHDVRVVL
CASSQEASGGASGANVLTF	LEYHDVRVVL
CASSYLGNEQFF	LEYHDVRVVL
CASRSRADYGYTF	LEYHDVRVVL
CASSFSAGLSYNEQFF	LEYHDVRVVL
CASSFRPKTLITPGSCFF	LEYHDVRVVL
CASSIVTGGAYYGYTF	LEYHDVRVVL
CSVEEAGMGYEQYF	LEYHDVRVVL
CSAQDVDMSSYEQYF	LEYHDVRVVL
CSGARTGQGTDTQYF	LEYHDVRVVL
CASSEQFNEKLFF	LEYHDVRVVL
CSVAPSGISTDTQYF	LEYHDVRVVL
CASSQDHGTRRIYEQYF	LEYHDVRVVL
CSARGSGSVAPEQYF	LEYHDVRVVL
CASSEGSSTNEKLFF	LEYHDVRVVL
CSVEAPGILSYNEQFF	LEYHDVRVVL
CSARDPGPVNTQYF	LEYHDVRVVL
CSVRAGGNTGELFF	LEYHDVRVVL
CSVALSGSVTEAFF	LEYHDVRVVL
CASSTPAGNYNEQFF	LEYHDVRVVL
CASSQGDYYNEQFF	LEYHDVRVVL
CSARDGTTYEQYF	LEYHDVRVVL
CATSDSAGYYGYTF	LEYHDVRVVL
CASSDTHQTRLYNEQFF	LEYHDVRVVL
CASSLAAGGYGYTF	LEYHDVRVVL
CATSDSPKQRTMPQETQYF	LEYHDVRVVL
CSARSTETYEQYF	LEYHDVRVVL
CSVQLAGGADTQYF	LEYHDVRVVL
CSVDLGDSPRNIQYF	LEYHDVRVVL
CASSPPGGGVTDTQYF	LEYHDVRVVL
CASSLAVDSYYEQYF	LEYHDVRVVL
CASSEFLNTEAFF	LEYHDVRVVL
CSAGLAGGPYEQYF	LEYHDVRVVL
CASSPAVTYEQYF	LEYHDVRVVL
CSVAASGTSYNEQFF	LEYHDVRVVL
CASTRADGGATNEKLFF	LEYHDVRVVL
CASSLVMNLGPNSPLHF	LEYHDVRVVL
CSVSVAGGSYNEQFF	LEYHDVRVVL
CSVETPGVAGGYNEQFF	LEYHDVRVVL
CSFGLAGGPDEQFF	LEYHDVRVVL
CSVALAGGLYEQYF	LEYHDVRVVL
CSASLSGGAGETQYF	LEYHDVRVVL
CASSSTVAQYF	LEYHDVRVVL
CASSPKVLADNEQFF	LEYHDVRVVL
CASTYSGVRETQYF	LEYHDVRVVL
CAWSVGGNTEAFF	LEYHDVRVVL
CASSLTGSYAKNIQYF	LEYHDVRVVL
CASSVGNTYEQYF	LEYHDVRVVL
CAISDSNSEQFF	LEYHDVRVVL
CASSLWNGGSNEQFF	LEYHDVRVVL
CAISLGGTDQETQYF	LEYHDVRVVL
CASSRLTASGGQDTQYF	LEYHDVRVVL
CSARPKEAYEQYF	LEYHDVRVVL
CASSYWGGPTEAFF	LEYHDVRVVL
CASSLVKVGQGPNYEQYF	LEYHDVRVVL
CASSPTTATNEKLFF	LEYHDVRVVL
CASSYWTSGRSYEQYF	LEYHDVRVVL
RASSLTPIYEQYF	LEYHDVRVVL
CASSQARGSPLHF	LEYHDVRVVL
CASSQEWRTLLEDQYF	LEYHDVRVVL
CASSPPSGEGYNEQFF	LEYHDVRVVL
CASSIDSTSTDTQYF	LEYHDVRVVL
CSVGLAGGPGEQFF	LEYHDVRVVL
CASSGYSTSGRNEQFF	LEYHDVRVVL
CASSPRLDPDTQYF	LEYHDVRVVL
CSVSGTGVSGDIQYF	LEYHDVRVVL
CASSLTGTGWPSGNTIYF	LEYHDVRVVL
CSVAPSGTFGDIQYF	LEYHDVRVVL
CASSPPTVRGVDTQYF	LEYHDVRVVL
CASSPPGGRAQYF	LEYHDVRVVL
CASSEGLGHRTDTQYF	LEYHDVRVVL
CSCSLAGGPDNEQFF	LEYHDVRVVL
CASSEEDSYSYEQYF	LEYHDVRVVL
CASSLAGKGGVSDTQYF	LEYHDVRVVL
CASSFIKVGSQNIQYF	LEYHDVRVVL
CASSLTGPDNYGYTF	LEYHDVRVVL
CASSQEFGEIYEQYF	LEYHDVRVVL
CASSYSVAEETQYF	LEYHDVRVVL
CASSDRGWDQPQHF	LEYHDVRVVL
CSARNRNQPQHF	LEYHDVRVVL
CASSHFSDRVYQETQYF	LEYHDVRVVL
CSVEAPQVLSYNEQFF	LEYHDVRVVL
CSVEEAGVGFEQFF	LEYHDVRVVL
CSVEAPGTLGTYEQYF	LEYHDVRVVL
CSAREWSGGFYEQYF	LEYHDVRVVL
CASSLYGTGGLAEAFF	LEYHDVRVVL
CASSIDLRVSYNEQFF	LEYHDVRVVL
CSARSRNQPQHF	LEYHDVRVVL
CSAQLTGTSFDEQFF	LEYHDVRVVL
CSAGLAGGPRETQYF	LEYHDVRVVL
CASSPLGRGGELFF	LEYHDVRVVL
CASRAETVTDTQYF	LEYHDVRVVL
CSVPGQGFTEAFF	LEYHDVRVVL
CASSQDWQAPYEQYF	LEYHDVRVVL
CSVTTSGRVNYNEQFF	LEYHDVRVVL
CASSYPGASGLNEQFF	LEYHDVRVVL
CASSPYMGDTDYEQYF	LEYHDVRVVL
CSVALAGPYEQYF	LEYHDVRVVL
CASSQGPGGELFF	LEYHDVRVVL
CASSIFGTANQPQHF	LEYHDVRVVL
CATSRIDTANQPQHF	LEYHDVRVVL
CSVAAGGNTEAFF	LEYHDVRVVL
CATGQAISYNSPLHF	LEYHDVRVVL
CASSRTSSGSRTDTQYF	LEYHDVRVVL
CASSPTSGARREQYF	LEYHDVRVVL
CASSPGTSGPWDTGELFF	LEYHDVRVVL
CASNRAFDGKWGTDTQYF	LEYHDVRVVL
CSVGLAGGADTQYF	LEYHDVRVVL
CASSTDPRINSYNEQFF	LEYHDVRVVL
CASLFLRGDNEQFF	LEYHDVRVVL
CASSSAGWDEQFF	LEYHDVRVVL
CASSLVLQGSYNEQFF	LEYHDVRVVL
CASSRGQGAGNQPQHF	LEYHDVRVVL
CASSSELGLNTGELFF	LEYHDVRVVL
CSAQGGGDYGYTF	LEYHDVRVVL
CASSLLGGDGYTF	LEYHDVRVVL
CSAKASGGITDTQYF	LEYHDVRVVL
CASSPFPEAFF	LEYHDVRVVL
CASSYTDRDEQYF	LEYHDVRVVL
CASSSLLDTTYEQYF	LEYHDVRVVL
CASSYIGTGELFF	LEYHDVRVVL
CAISDYRDRRYEQYF	LEYHDVRVVL
CASSATGTGYADIQYF	LEYHDVRVVL
CASSWGLANQPQHF	LEYHDVRVVL
CSARDQGSSYEQYF	LEYHDVRVVL
CATSRITTANQPQHF	LEYHDVRVVL
CSARDISYEQYF	LEYHDVRVVL
CASSQDRPPRRELGDTQYF	LEYHDVRVVL
CASSFPGQGRKQETQYF	LEYHDVRVVL
CSVEIPGLAGGRYEQYF	LEYHDVRVVL
CSVNPYTDTQYF	LEYHDVRVVL
CASSESVGAQYNEQFF	LEYHDVRVVL
CATSTPWETDYEQYF	LEYHDVRVVL
CSDSLAGGPNEQFF	LEYHDVRVVL
CSVQSTGTSTDTQYF	LEYHDVRVVL
CASSLLRADTQYF	LEYHDVRVVL
CASSFLGNEQFF	LEYHDVRVVL
CSAREPGNSYEQYF	LEYHDVRVVL
CSVEASGMIQETQYF	LEYHDVRVVL
CSARAQGALYEQFF	LEYHDVRVVL
CASSWSGTSTDTQYF	LEYHDVRVVL
CASSWNKETQYF	LEYHDVRVVL
CSARDPRQGYEQYF	LEYHDVRVVL
CASSPTGGIAGETQYF	LEYHDVRVVL
CASSSRDRALLGYGYTF	LEYHDVRVVL
CSVRAGGLTGELFF	LEYHDVRVVL
CSARDLVAGAEWTQYF	LEYHDVRVVL
CASSPTSGVNEQYF	LEYHDVRVVL
CASSPEGQGGTGELFF	LEYHDVRVVL
CATSDFRALAGGRNEQFF	LEYHDVRVVL
CASSPLTSSGDLSSYNEQFF	LEYHDVRVVL
CSARGMERNTEAFF	LEYHDVRVVL
CASSSGGLDRGHFADTQYF	LEYHDVRVVL
CASSDGELFF	LEYHDVRVVL
CSARPGTVSYEQYF	LEYHDVRVVL
CSVAPSGSSSEQYF	LEYHDVRVVL
CASSFIGPGGGWTDTQYF	LEYHDVRVVL
CASRSESSGNLYNEQFF	LEYHDVRVVL
CASSLVLASTDTQYF	LEYHDVRVVL
CSVGLAGGPYEQYF	LEYHDVRVVL
CSVGASGNLQETQYF	LEYHDVRVVL
CSVSPVGQALSGANVLTF	LEYHDVRVVL
CSVGLGPYEQYF	LEYHDVRVVL
CASSQGNDPPRDEQFF	LEYHDVRVVL
CASSYLGGYSDTQYF	LEYHDVRVVL
CASRDMMNTEAFF	LEYHDVRVVL
CASSPEGLAAYQETQYF	LEYHDVRVVL
CASSAPTGRDEAFF	LEYHDVRVVL
CASSGTGTATDTQYF	LEYHDVRVVL
CASSQDLGTDEQYF	LEYHDVRVVL
CASSESKQGASYNEQFF	LEYHDVRVVL
CASSQEYGPYEQYF	LEYHDVRVVL
CSVKASGMSTDTQYF	LEYHDVRVVL
CASSAQGKPNYGYTF	LEYHDVRVVL
CASSPKDRVDNEQFF	LEYHDVRVVL
CASSQGQIGYHYNEQFF	LEYHDVRVVL
CASAPWEGSSYNEQFF	LEYHDVRVVL
CASSLNGNYEQYF	LEYHDVRVVL
CSVRQARTSYNEQFF	LEYHDVRVVL
CSVKERTDTQYF	LEYHDVRVVL
CASRGQGHEQFF	LEYHDVRVVL
CASTTGGATQETQYF	LEYHDVRVVL
CAWSTTKDRAYPEAFF	LEYHDVRVVL
CSVTTGEHYGYTF	LEYHDVRVVL
CASSPLEDRLGNQPQHF	LEYHDVRVVL
CSVQLTEYTEAFF	LEYHDVRVVL
CSVGYAGGVNNEQFF	LEYHDVRVVL
CASSYSGGIEQFF	LEYHDVRVVL
CSAREQVVYEQYF	LEYHDVRVVL
CSVGDSGSTYEQYF	LEYHDVRVVL
CASSQDTSEHTEAFF	LEYHDVRVVL
CSVGLAGGPDTQYF	LEYHDVRVVL
CASSLPHSYEQYF	LEYHDVRVVL
CSVALAGGLNEQFF	LEYHDVRVVL
CASSNVGEETQYF	LEYHDVRVVL
CSVAPSSYEQYF	LEYHDVRVVL
CASSYPDTQYF	LEYHDVRVVL
CSVGLAESSYEQYF	LEYHDVRVVL
CSVRLAGGPYNEQFF	LEYHDVRVVL
CSVEVPGLAGARNEQFF	LEYHDVRVVL
CSALERDLAYNEQFF	LEYHDVRVVL
CSARGPTSSYEQYF	LEYHDVRVVL
CASSDGQRLTDTQYF	LEYHDVRVVL
CSVVGETQYF	LEYHDVRVVL
CSARGWESTYEQYF	LEYHDVRVVL
CASSLVTSYEQYF	LEYHDVRVVL
CASSFVFGELFF	LEYHDVRVVL
CASSQAHGGYETQYF	LEYHDVRVVL
CASSDYTDLQETQYF	LEYHDVRVVL
CASSLGGQGGNEQFF	LEYHDVRVVL
CSVEVTGQANTEAFF	LEYHDVRVVL
CSVAYTGTGGEKLFF	LEYHDVRVVL
CSVRETGGVQPQHF	LEYHDVRVVL
CASSQVGGAYNEQFF	LEYHDVRVVL
CAREQPSPNYGYTF	LEYHDVRVVL
CSVASSGSSTDTQYF	LEYHDVRVVL
CASSEGLAFTDTQYF	LEYHDVRVVL
CASSFRTSGIYEQYF	LEYHDVRVVL
CASSLSGNTEAFF	LEYHDVRVVL
CASSVHEPGTGELFF	LEYHDVRVVL
CASSSRLDSQYF	LEYHDVRVVL
CASSLDGGLYGYTF	LEYHDVRVVL
CSVIETEVYEQYF	LEYHDVRVVL
CASSQLGDEQFF	LEYHDVRVVL
CSVRTSGSYTDTQYF	LEYHDVRVVL
CASSHTRLAGGLETQYF	LEYHDVRVVL
CASSFRGGINEQFF	LEYHDVRVVL
CASSLFGTPNYGYTF	LEYHDVRVVL
CASSPPSSEELFF	LEYHDVRVVL
CASSYRNEKLFF	LEYHDVRVVL
CASSQALKVDTQYF	LEYHDVRVVL
CASSPTATNEKLFF	LEYHDVRVVL
CASSQDQGDRGNPGTF	LEYHDVRVVL
CASSYSSGAYNQPQHF	LEYHDVRVVL
CSVEEPGTSGNNYEQYF	LEYHDVRVVL
CSVEEAEYNEQFF	LEYHDVRVVL
CATRHYNSPLHF	LEYHDVRVVL
CSARPIRLAAGDTQYF	LEYHDVRVVL
CASSIPGQGGPGELFF	LEYHDVRVVL
CASSPQGEDYGYTF	LEYHDVRVVL
CSVALAGGPYEQYF	LEYHDVRVVL
CASSDVPGQAYSYNEQFF	LEYHDVRVVL
CASSDGQGLGYGYTF	LEYHDVRVVL
CASSYQSSYEQYF	LEYHDVRVVL
CSARDPRTMGQGGVDSPLHF	LEYHDVRVVL
CASSIDIAGYNEQFF	LEYHDVRVVL
CASSYTDRGEQFF	LEYHDVRVVL
CASSLDSYTEAFF	LEYHDVRVVL
CSVSYTGTVQETQYF	LEYHDVRVVL
CARRTSGRSYEQYF	LEYHDVRVVL
CSVEEPGTRESYEQYF	LEYHDVRVVL
CASSPGQGHNQPQHF	LEYHDVRVVL
CASSTRDGYDTEAFF	LEYHDVRVVL
CASSENLVGDMNTEAFF	LEYHDVRVVL
CASSLYGGTNTGELFF	LEYHDVRVVL
CASSQTIGQVNQPQHF	LEYHDVRVVL
CASSFSTGRARWEQFF	LEYHDVRVVL
CASSQYLAGGTYEQYF	LEYHDVRVVL
CASSFYGGEGEQYF	LEYHDVRVVL
CSVEAAGLLRGGEQFF	LEYHDVRVVL
CASSSSGRGYEQYF	LEYHDVRVVL
CSGTISSYNEQFF	LEYHDVRVVL
CASSGLARDYNEQFF	LEYHDVRVVL
CASSQGELAGGRGDTQYF	LEYHDVRVVL
CSTRGTLAGGGDTQYF	LEYHDVRVVL
CSARDRANYEQYF	LEYHDVRVVL
CSVESISGTATEAFF	LEYHDVRVVL
CSVGTSGSDYEQYF	LEYHDVRVVL
CASSLGSRAYNEQFF	LEYHDVRVVL
CASSLTVNTDTQYF	LEYHDVRVVL
CASRNTTAIYGYTF	LEYHDVRVVL
CSVSRSGSITDTQYF	LEYHDVRVVL
CASSLLGTSGSKEGEQFF	LEYHDVRVVL
CASSPLTTGSGELFF	LEYHDVRVVL
CASSPGQRLDNEQFF	LEYHDVRVVL
CSVDQAGGYIDTQYF	LEYHDVRVVL
CASSPSGANVLTF	LEYHDVRVVL
CSVGASGRAGETQYF	LEYHDVRVVL
CASRSLLIGTGGPRMNTEAFF	LEYHDVRVVL
CSARDLGGDEQFF	LEYHDVRVVL
CASWSIDQETQYF	LEYHDVRVVL
CASSFRGLNEQFF	LEYHDVRVVL
CASSLWAGSQPQHF	LEYHDVRVVL
CASSGPGDTEAFF	LEYHDVRVVL
CASSQNKEGNTEAFF	LEYHDVRVVL
CASSPQRAMDRGLTGELFF	LEYHDVRVVL
CATSIITTVNQPQHF	LEYHDVRVVL
CASSLAQGSYNEQFF	LEYHDVRVVL
CSVEEPGIRSSYEQYF	LEYHDVRVVL
CSVGFTGMRNTEAFF	LEYHDVRVVL
CASSEGVRTDTQYF	LEYHDVRVVL
CASSVGSGRRYNEQFF	LEYHDVRVVL
CASSPPGGNEQFF	LEYHDVRVVL
CSVEKSSYNEQFF	LEYHDVRVVL
CASSLSGGVGQFF	LEYHDVRVVL
CASSLPEAGGSSYEQYF	LEYHDVRVVL
CASSPPARPQHF	LEYHDVRVVL
CSAADTGNLGDTQYF	LEYHDVRVVL
CSVAVEDGKNTEAFF	LEYHDVRVVL
CSVGARSLDSSNYGYTF	LEYHDVRVVL
CASHRPDISYPNEQFF	LEYHDVRVVL
CSVAESGGSYNEQFF	LEYHDVRVVL
CAWSGMVSQVYNSPLHF	LEYHDVRVVL
CASSEPSGQFNTGELFF	LEYHDVRVVL
CASSGTGVEQYF	LEYHDVRVVL
CASSRLDREVWAFF	LEYHDVRVVL
CSAALSGSPLEQFF	LEYHDVRVVL
CAPRRGAGVSEAFF	LEYHDVRVVL
CSARDDRPFTDTQYF	LEYHDVRVVL
CSVGLAGGPYEQFF	LEYHDVRVVL
CASSLFGGGLYNEQFF	LEYHDVRVVL
CASSQNEKTGNEKLFF	LEYHDVRVVL
CSVAYSGNRGETQYF	LEYHDVRVVL
CASSKEGTNDQTGDEQYF	LEYHDVRVVL
CSVGLAGGLDEQYF	LEYHDVRVVL
CASSLWDYGDTQYF	LEYHDVRVVL
CASSESIGVAGGNEQFF	LEYHDVRVVL
CSVEIASVYEQYF	LEYHDVRVVL
CSVGAGPYEQYF	LEYHDVRVVL
CASSQDRSGGRDTQYF	LEYHDVRVVL
CASSSSDRGELFF	LEYHDVRVVL
CSVGLAGGPVNEQFF	LEYHDVRVVL
CSARGEGLREQFF	LEYHDVRVVL
CASSHSYGSYNEQFF	LEYHDVRVVL
CASSQDRSYNEQFF	LEYHDVRVVL
CASSYSKTSGDTQYF	LEYHDVRVVL
CSVSVAGGQFSGANVLTF	LEYHDVRVVL
CASSPPFPGNYEQYF	LEYHDVRVVL
CASSFPRQEVNQPQHF	LEYHDVRVVL
CASSEYEAYSGNTIYF	LEYHDVRVVL
CSVQLAGGSYNEQFF	LEYHDVRVVL
CASSQRREGSYEQYF	LEYHDVRVVL
CSVGPSSYEQYF	LEYHDVRVVL
CASMEFAYNEQFF	LEYHDVRVVL
CASSPASKAGANVLTF	LEYHDVRVVL
CASSPEGTFYNEQFF	LEYHDVRVVL
CASSESLGVGELFF	LEYHDVRVVL
CASSSGLAGPYEQYF	LEYHDVRVVL
CSVDAGVPYSYNEQFF	LEYHDVRVVL
CASSRTSGVSSYNEQFF	LEYHDVRVVL
CASSEGTVSNQPQHF	LEYHDVRVVL
CASNPPSQGSEAFF	LEYHDVRVVL
CASSQDYDSISGELFF	LEYHDVRVVL
CASSLAGGISNQPQHF	LEYHDVRVVL
CASSLGGRAYNEQFF	LEYHDVRVVL
CSVGETGNSGNTIYF	LEYHDVRVVL
CASSPTGTGVEQYF	LEYHDVRVVL
CSVALAGGADTQYF	LEYHDVRVVL
CSAQLAGGADTQYF	LEYHDVRVVL
CSANRGPYEQYF	LEYHDVRVVL
CASSPDYTDTQYF	LEYHDVRVVL
CASTNRDYSNQPQHF	LEYHDVRVVL
CAWSAGGNTEAFF	LEYHDVRVVL
CASSPPDRVNSPLHF	LEYHDVRVVL
CASSFDGTGGTDTQYF	LEYHDVRVVL
CSVAITGITNEKLFF	LEYHDVRVVL
CSVAYTGGQETQYF	LEYHDVRVVL
CASSPMTVAAGELFF	LEYHDVRVVL
CSVDQGIFEAFF	LEYHDVRVVL
CASSGRAHNEQFF	LEYHDVRVVL
CASSPSGSYEQYF	LEYHDVRVVL
CASSRGSGVRTGELFF	LEYHDVRVVL
CSVERPGTSGILRYEQYF	LEYHDVRVVL
CSVGLAGGKGNEQYF	LEYHDVRVVL
CSVALAGGPYNEQFF	LEYHDVRVVL
CSARAEGTYEQYF	LEYHDVRVVL
CASSWGVGGSNQPQHF	LEYHDVRVVL
CSVVANYYEQYF	LEYHDVRVVL
CSVALAGGPNEQFF	LEYHDVRVVL
CSARPRASPLHF	LEYHDVRVVL
CSVGPGPYEQYF	LEYHDVRVVL
CASNPGSSYNEQFF	LEYHDVRVVL
CAISRPGQGSSYNEQFF	LEYHDVRVVL
CSVEEPGRREPYEQYF	LEYHDVRVVL
CASSEWDSRNTEAFF	LEYHDVRVVL
CASSYSSRNTEAFF	LEYHDVRVVL
CASRRHPPDSLAKNIQYF	LEYHDVRVVL
CASSHLLAEYPNEQFF	LEYHDVRVVL
CSVAPSGNPSDTQYF	LEYHDVRVVL
CASIGAYNEQFF	LEYHDVRVVL
CASSPVWKSFESTDTQYF	LEYHDVRVVL
CATSFSAYNEQFF	LEYHDVRVVL
CATSTGSYNNEQFF	LEYHDVRVVL
CASSAPLREAYNEQFF	LEYHDVRVVL
CASSGDSPFSYNEQFF	LEYHDVRVVL
CASSLSGLAGRETGELFF	LEYHDVRVVL
CSARGEGNYGYTF	LEYHDVRVVL
CASSRQGAYGDTEAFF	LEYHDVRVVL
CAWSVGRVGTEAFF	LEYHDVRVVL
CASSTLTGVSYEQYF	LEYHDVRVVL
CSVAAAGTSTDTQYF	LEYHDVRVVL
CAISESKDRGGIYTDTQYF	LEYHDVRVVL
CSATLPSGRLEEGYF	LEYHDVRVVL
CSVAIGGRDTQYF	LEYHDVRVVL
CASTQVSWETQYF	LEYHDVRVVL
CASSERDSWNYGYTF	LEYHDVRVVL
CASRTGYGQPQHF	LEYHDVRVVL
CSVMLAGGSDTQYF	LEYHDVRVVL
CASTTSGRLDNEQFF	LEYHDVRVVL
CASTIRDGKNF	LEYHDVRVVL
CSVRETGNSNQPQHF	LEYHDVRVVL
CASSPANSVDRVNIQYF	LEYHDVRVVL
CSVAPVGQGSSYEQYF	LEYHDVRVVL
CSVAPTGQYTDTQYF	LEYHDVRVVL
CASSLYRNEQFF	LEYHDVRVVL
CASSQAGPGTEAFF	LEYHDVRVVL
CASSSVRDRELGGYTF	LEYHDVRVVL
CASSGRDSSYEQYF	LEYHDVRVVL
CASSPDRVSLSYEQYF	LEYHDVRVVL
CASSLSYSSGEETQYF	LEYHDVRVVL
CASRKDKSSYNEQFF	LEYHDVRVVL
CSVAPTGGPGNTIYF	LEYHDVRVVL
CSAGLAGGYTGELFF	LEYHDVRVVL
CASSPLSGSSYNEQFF	LEYHDVRVVL
CARKEQGGECTEQYF	LEYHDVRVVL
CASSLIAGGADEMDYGYTF	LEYHDVRVVL
GRDQETQYF	LEYHDVRVVL
RASRLLAAYNEQFF	LEYHDVRVVL
CASSVVPGESDTQYF	LEYHDVRVVL
CAWEGQGWSGELFF	LEYHDVRVVL
CSVEDRQFDTYGYTF	LEYHDVRVVL
CSANPLGGTYSGNTIYF	LEYHDVRVVL
CASSVGTRPYEQYF	LEYHDVRVVL
CASSPPAEYEQYF	LEYHDVRVVL
CATSADRGTTGELFF	LEYHDVRVVL
CSVALAGGPYEQYF	LEYHDVRVVL
CASTFLIVGFNEQFF	LEYHDVRVVL
CASSQGFRDIMNTEAFF	LEYHDVRVVL
CASRADRGNTEAFF	LEYHDVRVVL
CSVESTFGTSGNEQFF	LEYHDVRVVL
CSVSLAGGPFDTQYF	LEYHDVRVVL
CASSPGLAGTDTQYF	LEYHDVRVVL
CAREGGARRGEQFF	LEYHDVRVVL
CASSFDSSYEQYF	LEYHDVRVVL
CASSPWGQGGTDTQYF	LEYHDVRVVL
CASTGGQGPFNEQFF	LEYHDVRVVL
CSVGTAYEQYF	LEYHDVRVVL
CASSLAGSGPYTEQFF	LEYHDVRVVL
CASTNGLGAGYEQYF	LEYHDVRVVL
CASSPSGSNEQFF	LEYHDVRVVL
CASSLDRGVGELFF	LEYHDVRVVL
CSCRETGGAEAFF	LEYHDVRVVL
CSARGGFLSYEQYF	LEYHDVRVVL
CASSGAAYRGYEQYF	LEYHDVRVVL
CASRHRESEVVFTDTQYF	LEYHDVRVVL
CASSEGDVAFF	LEYHDVRVVL
CASSIQDANQPQHF	LEYHDVRVVL
CASSFVDWYNFGQGDGYTF	LEYHDVRVVL
CSAWGMNTEAFF	LEYHDVRVVL
CSVGATGTAQETQYF	LEYHDVRVVL
CSVALAGGPHEQFF	LEYHDVRVVL
CASSQGAGAPYEQYF	LEYHDVRVVL
CSVGVTGSDTQYF	LEYHDVRVVL
CASSQPGAREQYF	LEYHDVRVVL
CASSTPTGTGLISNQPQHF	LEYHDVRVVL
CSVVRDVGPEQYF	LEYHDVRVVL
CASSTGTSTDTQYF	LEYHDVRVVL
CASSLFGDDEQYF	LEYHDVRVVL
CSVKGTGGLTDTQYF	LEYHDVRVVL
CASSDGQGTAFTDTQYF	LEYHDVRVVL
CASSLDLFQRASSTDTQYF	LEYHDVRVVL
CSVAASGSFTDTQYF	LEYHDVRVVL
CASISGYGATEAFF	LEYHDVRVVL
CSVSLAGGLSYEQYF	LEYHDVRVVL
CASSPGQLPRLNEKLFF	LEYHDVRVVL
CSARDFRLADEQYF	LEYHDVRVVL
CSAAGAGGIDEQFF	LEYHDVRVVL
CSVALTGGQETQYF	LEYHDVRVVL
CASSQDIAGTGVETQYF	LEYHDVRVVL
CASSVDGGGTSNEQFF	LEYHDVRVVL
CASSADSIIIYEQFF	LEYHDVRVVL
CSLGLAGGLDTQYF	LEYHDVRVVL
CASGPYPGELFF	LEYHDVRVVL
CASSPPGNTEAFF	LEYHDVRVVL
CSVSYSGTATDTQYF	LEYHDVRVVL
CASSLESGELFF	LEYHDVRVVL
CSARDTTIYEQYF	LEYHDVRVVL
CASRQGRQMNTEAFF	LEYHDVRVVL
CASSKAGKEGLAGDLMADTQYF	LEYHDVRVVL
CASLPPGTSGRGTQYF	LEYHDVRVVL
CSVAPSGHTYEQYF	LEYHDVRVVL
CSVALAGGPYEQYF	LEYHDVRVVL
CASSKIKDRGDEQFF	LEYHDVRVVL
CASGSVVNTGELFF	LEYHDVRVVL
CASSLRGVAAEAFF	LEYHDVRVVL
CASSLGRGGNEQFF	LEYHDVRVVL
CSVAPTGQGSSYEQYF	LEYHDVRVVL
CASSRPRGDLGPQHF	LEYHDVRVVL
CASSFTGTAAYEQYF	LEYHDVRVVL
CASSLYGSPYNEQFF	LEYHDVRVVL
CASSPTSGTYEQYF	LEYHDVRVVL
CASSELPSSNTGELFF	LEYHDVRVVL
CASSLSGRWNQPQHF	LEYHDVRVVL
CASSVEQWPGNTIYF	LEYHDVRVVL
CASSQDWGSYNEQFF	LEYHDVRVVL
CASSYGLAGALTDTQYF	LEYHDVRVVL
CAISDAASGHLNEQFF	LEYHDVRVVL
CASSPAFPGPTYEQYF	LEYHDVRVVL
CSAEGLAGEDYNEQFF	LEYHDVRVVL
CATSRVDTEAFF	LEYHDVRVVL
CSVLSGSYNEQFF	LEYHDVRVVL
CSARVTNTEAFF	LEYHDVRVVL
CSVVSSTSYEQYF	LEYHDVRVVL
CSARLTGGMNTEAFF	LEYHDVRVVL
CASSTGVGGYSTDTQYF	LEYHDVRVVL
CSVGPGPYEQYF	LEYHDVRVVL
CASSSLASAWGYNEQFF	LEYHDVRVVL
CASSPIRGAQPQHF	LEYHDVRVVL
CATSEDRSSYNEQFF	LEYHDVRVVL
CASSETPIGTGNEQYF	LEYHDVRVVL
CASSVPGTGGEIDYNEQFF	LEYHDVRVVL
CASSKLNTEAFF	LEYHDVRVVL
CASSPEGLRGETQYF	LEYHDVRVVL
CASSYGAYNEQFF	LEYHDVRVVL
CSAAGTGGMNTEAFF	LEYHDVRVVL
CAISGGQNSSYEQYF	LEYHDVRVVL
CASSLDRRDRIVETQYF	LEYHDVRVVL
CASSEGQVSNQPQHF	LEYHDVRVVL
CSVEDPGTDPVYGYTF	LEYHDVRVVL
CASSQDGGAGETQYF	LEYHDVRVVL
CASSTPGQGKETQYF	LEYHDVRVVL
CASSFGIPGQGPSNTGELFF	LEYHDVRVVL
CASSFTGGEYYNSPLHF	LEYHDVRVVL
CSAPPLAGVGDTQYF	LEYHDVRVVL
CSGKLSGQSTDTQYF	LEYHDVRVVL
CASSFPDQETQYF	LEYHDVRVVL
CSVDRTSRETQYF	LEYHDVRVVL
CASRPGQDTLRETQYF	LEYHDVRVVL
CASSLIGGADTQYF	LEYHDVRVVL
CASSAERERETQYF	LEYHDVRVVL
CAWSVGGNTEAFF	LEYHDVRVVL
CASSLDGSPEAFF	LEYHDVRVVL
CASSQDPRLNPYEQYF	LEYHDVRVVL
CASSDTHQTRLYNEQFF	LEYHDVRVVL
CASSLAAGSYEQYF	LEYHDVRVVL
CASSPTGLDNEQFF	LEYHDVRVVL
CASSPDQTPNIQYF	LEYHDVRVVL
CSVGLAGISYEQYF	LEYHDVRVVL
CASSRDTLTDTQYF	LEYHDVRVVL
CASSLANPDRYEQYF	LEYHDVRVVL
CASSAREYSYEQYF	LEYHDVRVVL
CAVTGQPYNEQFF	LEYHDVRVVL
CSAQLAGTSTDTQYF	LEYHDVRVVL
CATPDRGQGQYF	LEYHDVRVVL
CASSPGTSVGDTQYF	LEYHDVRVVL
CASSTGVKREDSYNEQFF	LEYHDVRVVL
CASSVSGANVLTF	LEYHDVRVVL
CSARDSGEFAYEQYF	LEYHDVRVVL
CAASGGRGYEQYF	LEYHDVRVVL
CSVEAPGLLHSYEQYF	LEYHDVRVVL
CSVGLAGGLGNEQFF	LEYHDVRVVL
CSVENTGMLSTDTQYF	LEYHDVRVVL
CASSQDGQGAYAEAFF	LEYHDVRVVL
CASSFDISYEQYF	LEYHDVRVVL
CASSMWQTDEAFF	LEYHDVRVVL
CSAALSGSPLEQFF	LEYHDVRVVL
CASSPAGWINSDTQYF	LEYHDVRVVL
CASSQSRDGDYEQYF	LEYHDVRVVL
CASSEIRDRGYEQYF	LEYHDVRVVL
CASSQLGQGTQETQYF	LEYHDVRVVL
CASSPYSGLAYEQFF	LEYHDVRVVL
CASSLTERSYNEQFF	LEYHDVRVVL
CASSGLAPHNEQFF	LEYHDVRVVL
CATSRVDNEQFF	LEYHDVRVVL
CASSQPRAGELDTQYF	LEYHDVRVVL
CASSQVAGLAAPSSYNEQFF	LEYHDVRVVL
CASSEEQGRNTEAFF	LEYHDVRVVL
CASSQDWPSYNEQFF	LEYHDVRVVL
CASSFWIPSTNSPLHF	LEYHDVRVVL
CASSLSGGADEQYF	LEYHDVRVVL
CASSVASGGSYTGELFF	LEYHDVRVVL
CSVGLAGTLADEQYF	LEYHDVRVVL
CASSPISATGELFF	LEYHDVRVVL
CASSPDSSPDTQYF	LEYHDVRVVL
CSVAEVGGVSYGYTF	LEYHDVRVVL
CASSPTGAGELFF	LEYHDVRVVL
CAWSPTVPFTYNEQFF	LEYHDVRVVL
CASSQAGFQETQYF	LEYHDVRVVL
CASSFPTSTSEQETQYF	LEYHDVRVVL
CSVASSGSSYEQYF	LEYHDVRVVL
CASSKAPITKTSGRPLSSYNEQFF	LEYHDVRVVL
CASSFPEESSYNSPLHF	LEYHDVRVVL
CASSSLVANEQFF	LEYHDVRVVL
CASRQERERSEQFF	LEYHDVRVVL
CSVAETGNMGDTQYF	LEYHDVRVVL
CAWSVGKRLGEPEAFF	LEYHDVRVVL
CSARDSTTEYEQYF	LEYHDVRVVL
CSARARSQPQHF	LEYHDVRVVL
CASSLGRYNTDTQYF	LEYHDVRVVL
CASSEGGRGDTQYF	LEYHDVRVVL
CSVALTGVTREQYF	LEYHDVRVVL
CASSLGTTDTQYF	LEYHDVRVVL
CSARTSGVSTDTQYF	LEYHDVRVVL
CASSLRDEVYNEQFF	LEYHDVRVVL
CASSLTGGGTEAFF	LEYHDVRVVL
CASTDGQGIEAFF	LEYHDVRVVL
CASFREVGATGELFF	LEYHDVRVVL
CASSEHVYRDGYTF	LEYHDVRVVL
CASTWTAYNEQFF	LEYHDVRVVL
CASSGGRTDTQYF	LEYHDVRVVL
CASSYPGSQNLNEQFF	LEYHDVRVVL
CSVGFSGENTGELFF	LEYHDVRVVL
CASSPLTGPADTQYF	LEYHDVRVVL
CASRELTSTDTQYF	LEYHDVRVVL
CASSGTGGYEQYF	LEYHDVRVVL
CASSLAPQEGEKLFF	LEYHDVRVVL
CSARDRISYEQYF	LEYHDVRVVL
CASSLLRGSGYGYTF	LEYHDVRVVL
CASISNSGPLGEQYF	LEYHDVRVVL
CASSLGGAATEAFF	LEYHDVRVVL
CSARPGGFTEAFF	LEYHDVRVVL
CASSSLSVLAKNIQYF	LEYHDVRVVL
CASSSLGAGRETQYF	LEYHDVRVVL
CASNSAGGRETQYF	LEYHDVRVVL
CASKPGQGKQYF	LEYHDVRVVL
CSAPVTNYEQYF	LEYHDVRVVL
CASSPVLPSGENYEQYF	LEYHDVRVVL
CSVETSSYNEQFF	LEYHDVRVVL
CASSPPGGDTQYF	LEYHDVRVVL
CASSHVRGFFSDTQYF	LEYHDVRVVL
CASSFHKGGESGYEQYF	LEYHDVRVVL
CASSLDAAPETQYF	LEYHDVRVVL
CASSLVRAPGEAFF	LEYHDVRVVL
CASCLTNSSGSRSYNEQFF	LEYHDVRVVL
CASSALGTGEQYF	LEYHDVRVVL
CASSVSSGAYPPPYEQYF	LEYHDVRVVL
CASSFVAAYTDTQYF	LEYHDVRVVL
