CDR3	AA
CASSLAPGTLLQYF	VQPTESIVRF
CASSDLIGGGVTDTQYF	VQPTESIVRF
CASSLGTVNTEAFF	VQPTESIVRF
CASSLLGNSNQPQHF	VQPTESIVRF
CASSTDRGFYNEQFF	VQPTESIVRF
CASSFSYEQYF	VQPTESIVRF
CASSPPSGSPYEQYF	VQPTESIVRF
CASSQDSGFQPQHF	VQPTESIVRF
CASSASSGSPYEQYF	VQPTESIVRF
CASSRTTISGMGEQYF	VQPTESIVRF
CASSLIPASGVAYEQYF	VQPTESIVRF
CASSSHRVPYEQYF	VQPTESIVRF
CASSFGSSYEQYF	VQPTESIVRF
CASSFGTARGETQYF	VQPTESIVRF
CASSPETGIPYEQYF	VQPTESIVRF
CASSPGQDSYNEQFF	VQPTESIVRF
CASSPLTEQYF	VQPTESIVRF
CASSFLTQSRTGELFF	VQPTESIVRF
CASSYILPNQPQHF	VQPTESIVRF
CASNIGATVGNEQFF	VQPTESIVRF
CASSESTGWDEQYV	VQPTESIVRF
CASSATGSAYNEQFF	VQPTESIVRF
CASSLVSGSETQYF	VQPTESIVRF
CASSETGGAKETQYF	VQPTESIVRF
CASSPSVSTEAFF	VQPTESIVRF
CASSSTDANQPQHF	VQPTESIVRF
CASSYPLGTEAFF	VQPTESIVRF
CASSLGLAFNTGELFF	VQPTESIVRF
CASSLLGPSYEQYF	VQPTESIVRF
CASGLNSNQPQHF	VQPTESIVRF
CASSTGTGGYEQYF	VQPTESIVRF
CASSPPTGSPYEQYF	VQPTESIVRF
CASNPRGGGANVLTF	VQPTESIVRF
CASSYSGGVLSYEQYF	VQPTESIVRF
CASSPTTGSPYEQYF	VQPTESIVRF
CASSFNLPGASLTEAFF	VQPTESIVRF
CSVEVRYGEAREKLFF	VQPTESIVRF
CAISEGRGMSSYNEQFF	VQPTESIVRF
CASSHNSGLNTEAFF	VQPTESIVRF
CASSQAGLAGGPGDEQFF	VQPTESIVRF
CASRLAGGPQETQYF	VQPTESIVRF
CASSPIRQGGYEQYF	VQPTESIVRF
CASSPQTGDPYEQYF	VQPTESIVRF
CASSLGETQYF	VQPTESIVRF
CSVEGKAGTRGTNEKLFF	VQPTESIVRF
CSANPLAGNTGELFF	VQPTESIVRF
CASSPGTVPTGELFF	VQPTESIVRF
CASGPGTRSTDTQYF	VQPTESIVRF
CASSQDSALQPQHF	VQPTESIVRF
CASSLAGYTEAFF	VQPTESIVRF
CASNDGVGSYNEQFF	VQPTESIVRF
CASSPVRSYEQYF	VQPTESIVRF
CATLGKLTQETQYF	VQPTESIVRF
CASSDGLAVFNEQFF	VQPTESIVRF
CASSYSYEQYF	VQPTESIVRF
CASSFAGAGQPQHF	VQPTESIVRF
CASSFADSPSQETQYF	VQPTESIVRF
CASSFRTGYGYTF	VQPTESIVRF
CASSMGDEQYF	VQPTESIVRF
CASSPPSGSPYEQYF	VQPTESIVRF
CASSPSSGSPYEQYF	VQPTESIVRF
CASSREGDGQNF	VQPTESIVRF
CSVGGTSGSSYEQYF	VQPTESIVRF
CASSPPTGSPYEQYF	VQPTESIVRF
CSVVPRPGLAGGDTQYF	VQPTESIVRF
CAQGLGTEAFF	VQPTESIVRF
CASSLAGVASNEQFF	VQPTESIVRF
CASSFWLASTSKYNEQFF	VQPTESIVRF
CASSLSGGEPQHF	VQPTESIVRF
CASSPTSGSPHEQYF	VQPTESIVRF
CASSYGTANTGELFF	VQPTESIVRF
CASSAGTIPYNEQFF	VQPTESIVRF
CSARDIETGVLNGYTF	VQPTESIVRF
CASSPTSGSPYEQYF	VQPTESIVRF
CASSPETGGPYEQYF	VQPTESIVRF
CSVVTTSYEQYF	VQPTESIVRF
CASSLTSGANQPQHF	VQPTESIVRF
CASSEEPSGYNEQFF	VQPTESIVRF
CASSPTSGSPYEQYF	VQPTESIVRF
CASSYVENTEAFF	VQPTESIVRF
CASSLWAGDGGGEQFF	VQPTESIVRF
CASSHGTYEQYF	VQPTESIVRF
CASSFQVGGGFTEAFF	VQPTESIVRF
CASSPGTGSYNEQFF	VQPTESIVRF
CASSPRSGSPYEQYF	VQPTESIVRF
CASSPGAVPHNEQFF	VQPTESIVRF
CASSPPTGVPYEQYF	VQPTESIVRF
CAIRTGTTNEKLFF	VQPTESIVRF
CASSPTSGSPHEQYF	VQPTESIVRF
CASGLVIPYEQYF	VQPTESIVRF
CASSIIGREAFF	VQPTESIVRF
CASSLALGKIVAEAFF	VQPTESIVRF
CASSWGPPNYGYTF	VQPTESIVRF
CASSQDGGLLSYEQYF	VQPTESIVRF
CASSSPTESSYNEQFF	VQPTESIVRF
CASSLGGLGADTQYF	VQPTESIVRF
CASSQATQGFPNTEAFF	VQPTESIVRF
CASSLPAGDPYEQYF	VQPTESIVRF
CASGWAAEAFF	VQPTESIVRF
CASSQDPGTSAYNEQFF	VQPTESIVRF
CASSGTDSGNTIYF	VQPTESIVRF
CASSHGGDYGYTF	VQPTESIVRF
CASSWLAEGRGETQYF	VQPTESIVRF
CASSLSPGNEQFF	VQPTESIVRF
CASSLLTSNTGELFF	VQPTESIVRF
CAISDLSGSRPSYNEQFF	VQPTESIVRF
CASSERGFYEQYF	VQPTESIVRF
CASSKELGNQPQHF	VQPTESIVRF
CASSFGGFGANVLTF	VQPTESIVRF
CASSAPPGPGANVLTF	VQPTESIVRF
CAGRQGANTGELFF	VQPTESIVRF
CASSLDSSSTDTQYF	VQPTESIVRF
CSAYRGSYNEQFF	VQPTESIVRF
CASSLSAGRTFDSTDTQYF	VQPTESIVRF
CASSQGTVNTEAFF	VQPTESIVRF
CSVRGADTQYF	VQPTESIVRF
CASLNPRGGNTGELFF	VQPTESIVRF
CASSFKSLGRRQDDTNSPLHF	VQPTESIVRF
CASSSGLAGVNTGELFF	VQPTESIVRF
CASSPGTGVAYEQYF	VQPTESIVRF
CASQWQPPNTGELFF	VQPTESIVRF
CASSPRTGSPYEQYF	VQPTESIVRF
CASSQDGETEAFF	VQPTESIVRF
CASSLALLGRAHEQYF	VQPTESIVRF
CASSSYRDRGHEQYF	VQPTESIVRF
CASSLIGQPQHF	VQPTESIVRF
CSVVEEQTHYGYTF	VQPTESIVRF
CASSPTSGSPHEQYF	VQPTESIVRF
CASSSRSRDSYNSPLHF	VQPTESIVRF
CASSLALTDTQYF	VQPTESIVRF
CASSLGSGELFF	VQPTESIVRF
CASSTGGAWNEQFF	VQPTESIVRF
CASSQPSPTEAFF	VQPTESIVRF
CASSLALPGQGHSPLHF	VQPTESIVRF
CASSLVVEGIYNEQFF	VQPTESIVRF
CASSPLGWRESPDTQYF	VQPTESIVRF
CASSDSEGASSYEQYF	VQPTESIVRF
CASSQEGDSNQPQHF	VQPTESIVRF
CASSLERESDYNEQFF	VQPTESIVRF
CATRTSTSYEQYF	VQPTESIVRF
CASTLGAVPINEQFF	VQPTESIVRF
PRVDSYEQYF	VQPTESIVRF
CATSPGVTEFTYTDTQYF	VQPTESIVRF
CASSDYRGNEQFF	VQPTESIVRF
CASSRVFSGSYEQYF	VQPTESIVRF
CASSLFQGAGYGYTF	VQPTESIVRF
CSARSRDRGYEQYF	VQPTESIVRF
CASSQVAGGQETQYF	VQPTESIVRF
CASSLPDQVYNEQFF	VQPTESIVRF
CASSIEMFSGPAHYEQYF	VQPTESIVRF
CASSSGTGAYNEQFF	VQPTESIVRF
CASSLAARSQETQYF	VQPTESIVRF
CASSLGYEQYF	VQPTESIVRF
CASSFGTNYEQYF	VQPTESIVRF
CASSLFRTEPPWYGYTF	VQPTESIVRF
CASSIGDRALGGTDTQYF	VQPTESIVRF
CASTPLAWLAGPDTQYF	VQPTESIVRF
CASSQPSGSPYEQYF	VQPTESIVRF
CASSPNSGSPYEQYF	VQPTESIVRF
CATSELAGGSYNEQFF	VQPTESIVRF
CASSLDGGIKTQYF	VQPTESIVRF
CASSQDLGQPNTEAFF	VQPTESIVRF
CASSYYLGDTQYF	VQPTESIVRF
CASSKTSGEYYNEQFF	VQPTESIVRF
CASSRDSSSYNEQFF	VQPTESIVRF
CASSPPSGTPYEQYF	VQPTESIVRF
CASRLLATNNEQFF	VQPTESIVRF
CASSSAGTGAETQYF	VQPTESIVRF
CASRYSRSHMADTQYF	VQPTESIVRF
CSGISGTSVHPGDTQYF	VQPTESIVRF
CASSPNSYEQYF	VQPTESIVRF
CSARDGTSAKSYEQYF	VQPTESIVRF
CASSSHRAPDTQYF	VQPTESIVRF
CASSPWGVSSGANVLTF	VQPTESIVRF
CASSSGTGPYNEQFF	VQPTESIVRF
CASSSSGTTETQYF	VQPTESIVRF
CASSPPTGTPYEQYF	VQPTESIVRF
CASSLSDRPGANVLTF	VQPTESIVRF
CASSLGIGSSYEQYF	VQPTESIVRF
CASSSWPGNEQFF	VQPTESIVRF
CASSIPGDIYQPQHF	VQPTESIVRF
CASSPDTVAYNEQFF	VQPTESIVRF
CASSPATGSPYEQYF	VQPTESIVRF
CASSREGTWNTEAFF	VQPTESIVRF
CSVEDRTGTYNEQFF	VQPTESIVRF
CASRPYHTEAFF	VQPTESIVRF
CASSPVFEAPLHF	VQPTESIVRF
CASSVLAGEQNEQFF	VQPTESIVRF
CASSEGFHNEQFF	VQPTESIVRF
CASSPSTGSPYEQYF	VQPTESIVRF
CASSRQLAGVEGDTQYF	VQPTESIVRF
CATGHHSYEQYF	VQPTESIVRF
CASSQDTLGYPNYGYTF	VQPTESIVRF
CASSPPVAYEQYF	VQPTESIVRF
CASLGVPNTEAFF	VQPTESIVRF
CSASAPPGETQYF	VQPTESIVRF
CASTRPGLAQHF	VQPTESIVRF
CASSSTGSGEGAFF	VQPTESIVRF
CAGKSSYNEQFF	VQPTESIVRF
CASSGQATNTEAFF	VQPTESIVRF
CASSPTEAHEQFF	VQPTESIVRF
CAPGPAPNTGELFF	VQPTESIVRF
CASSQGAQTTGELFF	VQPTESIVRF
CASSDFSDTQYF	VQPTESIVRF
CASSPGNEAFF	VQPTESIVRF
CATSRDLSYEQYF	VQPTESIVRF
CASSPDSISYNEQFF	VQPTESIVRF
CASSEAGEQYF	VQPTESIVRF
CASSEPKSTDTQYF	VQPTESIVRF
CASSSLAGAGEQYF	VQPTESIVRF
CASSHGTGGGDTQYF	VQPTESIVRF
CASSQKGAGFYEQYF	VQPTESIVRF
CASSLFGQGAYRIEAFF	VQPTESIVRF
CSVEGGLGEAFF	VQPTESIVRF
CAISESTDRDMFF	VQPTESIVRF
CASSPTGGSFTEAFF	VQPTESIVRF
CASSPRQGMNTEAFF	VQPTESIVRF
CASSRGQQYEQYF	VQPTESIVRF
CASSSGGQPQHF	VQPTESIVRF
CASSADRANTGELFF	VQPTESIVRF
CASSADTLSYNEQFF	VQPTESIVRF
CASSLVPRELSNQPQHF	VQPTESIVRF
CASSPRTGSPYEQYF	VQPTESIVRF
CASSEQGSGYNEQFF	VQPTESIVRF
CASSPRTGSPNEQYF	VQPTESIVRF
CASSMAANTEAFF	VQPTESIVRF
CASSAGGDTEAFF	VQPTESIVRF
CASRISGIDEQYF	VQPTESIVRF
CASSPVDGSPYEQYF	VQPTESIVRF
CASSEWAGGVGEQYF	VQPTESIVRF
CASSLFWGGGTDTQYF	VQPTESIVRF
CASSESGGPSYEQYF	VQPTESIVRF
CASSPSPPGGGSYEQYF	VQPTESIVRF
CASNFILSGELFF	VQPTESIVRF
CASSGLADSYEQYF	VQPTESIVRF
CASSQETDSNQPQHF	VQPTESIVRF
CASSQGPGTSGNNEQFF	VQPTESIVRF
CASSLAGGLYEQYF	VQPTESIVRF
CASSQEMGAGRNSPLHF	VQPTESIVRF
CASSIAPNTEAFF	VQPTESIVRF
CASSSSWGFSNEKLFF	VQPTESIVRF
CASSSPSSTYEQYF	VQPTESIVRF
CASSPGTQGLYEQYF	VQPTESIVRF
CASSQEADPNYGYTF	VQPTESIVRF
CASSPRLGTAYEQYF	VQPTESIVRF
CASSERPYNTEAFF	VQPTESIVRF
CASSPMTGSPYEQYF	VQPTESIVRF
CASSLAGTMNTEAFF	VQPTESIVRF
CASSLGVATNEKLFF	VQPTESIVRF
CASSYDRATYNEQFF	VQPTESIVRF
CASSYSTGNEQYF	VQPTESIVRF
CASSPPTGSPYEQYF	VQPTESIVRF
CASSFEVQGMNTEAFF	VQPTESIVRF
CASSPGLAGVETGELFF	VQPTESIVRF
CASSLFLPGQPIDEQFF	VQPTESIVRF
CASSLSGWEQYF	VQPTESIVRF
CASSLRSTSGRASDTQYF	VQPTESIVRF
CASSYSRGTGTSSYNEQFF	VQPTESIVRF
CSVLALISGRQLAEQYF	VQPTESIVRF
CASSSVVGSNQPQHF	VQPTESIVRF
CASSPTTSGENEQFF	VQPTESIVRF
CASSPGTGAPYEQYF	VQPTESIVRF
CASSFSNPGQNTGELFF	VQPTESIVRF
CASSPSGREVYNEQFF	VQPTESIVRF
CASSPFPGQGGETQYF	VQPTESIVRF
CASSSPEGTSGVSTDTQYF	VQPTESIVRF
CASSCPREGYNEQFF	VQPTESIVRF
CASSQDTQGFPYEQYF	VQPTESIVRF
CASSTKLGSKREGLYNEQFF	VQPTESIVRF
CASSPRERGGNEQFF	VQPTESIVRF
CASSGTGVQYDGYTF	VQPTESIVRF
CASSQLNRGMVNTEAFF	VQPTESIVRF
CASSLANTGVIGGETQYF	VQPTESIVRF
CASTLAGVKEQYF	VQPTESIVRF
CASSWDSRGAQYF	VQPTESIVRF
CASSQDPWASGNEQYF	VQPTESIVRF
CASSLSPGELFF	VQPTESIVRF
CSVVGGRGVVSDTQYF	VQPTESIVRF
CAISVSGAGEETQYF	VQPTESIVRF
CAVGDPGQSYEQYF	VQPTESIVRF
CASSPTSGSPYEQYF	VQPTESIVRF
CASSYWTGSETQYF	VQPTESIVRF
CASSLGDRYGYTF	VQPTESIVRF
CASSLGPTNQPQHF	VQPTESIVRF
CASSFSVSYEQYF	VQPTESIVRF
CASSSGTLALGEQYF	VQPTESIVRF
CASSLGSDTQYF	VQPTESIVRF
CASSLAGTGLYGYTF	VQPTESIVRF
CASSPASGSAYEQYF	VQPTESIVRF
CASSLDGTPNTEAFF	VQPTESIVRF
CASSLVYPRDTTNTEAFF	VQPTESIVRF
CASSPASGSPYEQYF	VQPTESIVRF
CSVEGGRGLGEKLFF	VQPTESIVRF
CSARGVKDEQYF	VQPTESIVRF
CASTPLAASYEQYF	VQPTESIVRF
CASSYPQGYEQYF	VQPTESIVRF
CASSAGTGSPYEQYF	VQPTESIVRF
CAGKDGAASSYNSPLHF	VQPTESIVRF
CARGTLSYEQYF	VQPTESIVRF
CASSLLGNSNQPQHF	VQPTESIVRF
CASSQEWESNQPQHF	VQPTESIVRF
CASSPREAGAYGYTF	VQPTESIVRF
CASRGLERTVSGNTIYF	VQPTESIVRF
CASSMRGYYNEQFF	VQPTESIVRF
CASLQGARSTDTQYF	VQPTESIVRF
CASSLGEGTEAFF	VQPTESIVRF
CASSPPTGGPNEQFF	VQPTESIVRF
CASSRMADTQYF	VQPTESIVRF
CAWSGGVRASEQYF	VQPTESIVRF
CASSLGGGGQDTQYF	VQPTESIVRF
CASSSRELGSYEQYF	VQPTESIVRF
CASSLRDGPRTDTQYF	VQPTESIVRF
CASSPPGQSYEQYF	VQPTESIVRF
CASSQATVPNTEAFF	VQPTESIVRF
CASQRTSASSYNEQFF	VQPTESIVRF
CASGVVDHHNEQFF	VQPTESIVRF
CASSLATSYNEQFF	VQPTESIVRF
CASSPGTGSPYEQYF	VQPTESIVRF
CATGVGESYEQYF	VQPTESIVRF
CASSQGVESRGTQYF	VQPTESIVRF
CASSQVAGGQDTQYF	VQPTESIVRF
CASNAGTSGGNEQFF	VQPTESIVRF
CASSPTGVDEQFF	VQPTESIVRF
CASSLTSGQNTGELFF	VQPTESIVRF
CASSPGTGSPYEQYF	VQPTESIVRF
CASNILGQLTTPLHF	VQPTESIVRF
CASSPGPTYEQYF	VQPTESIVRF
CASSIVIESNQPQHF	VQPTESIVRF
CASSLVRPSGFPANEQFF	VQPTESIVRF
CASSLGPGNEQFF	VQPTESIVRF
CAWSTPDRDRTDTQYF	VQPTESIVRF
CASSGGPYEQYF	VQPTESIVRF
CASSSDVYSYNEQFF	VQPTESIVRF
CASSLDSLSYNEQFF	VQPTESIVRF
CATSEPPGQGDLKNIQYF	VQPTESIVRF
CASSPVDGSPYEQYF	VQPTESIVRF
CASSLTYEQYF	VQPTESIVRF
CASSEGQGAFYGYTF	VQPTESIVRF
CASSYETGSSGANVLTF	VQPTESIVRF
CSVEDRRGTYYEQYF	VQPTESIVRF
CASSFMSLARGRSYSNQPQHF	VQPTESIVRF
CARSLVPASTGELFF	VQPTESIVRF
CASTISIPGQGNSPLHF	VQPTESIVRF
CASSQGDSYEQYF	VQPTESIVRF
CASSPTGGYGAFF	VQPTESIVRF
CASSLDSNEQFF	VQPTESIVRF
CASSPVTGSPYEQYF	VQPTESIVRF
CASSPTSGSPYEQYF	VQPTESIVRF
CASSSDRQLTNTEAFF	VQPTESIVRF
CASSQGQQGFPNYGYTF	VQPTESIVRF
CASSLGPGDEQYF	VQPTESIVRF
CASSPVVGSPYEQYF	VQPTESIVRF
CATLGGNSYEQYF	VQPTESIVRF
CACTWHTQYF	VQPTESIVRF
CASSLASTSGLGYEQYF	VQPTESIVRF
CASSPPGTSVYNEQFF	VQPTESIVRF
CASSLGFGELFF	VQPTESIVRF
CSAGTGDYEQYF	VQPTESIVRF
CASSRETSGWHEQYF	VQPTESIVRF
CASSLLAGETDTQYF	VQPTESIVRF
CASSPASGSPYEQYF	VQPTESIVRF
CASSYGAYPTEAFF	VQPTESIVRF
CASSYSPYEKLFF	VQPTESIVRF
CASSLEFPGQGMEEPQHF	VQPTESIVRF
CASSPSTAELFF	VQPTESIVRF
CATRGRRDRESSYNSPLHF	VQPTESIVRF
CASSPYSGGSYNEQFF	VQPTESIVRF
CATNDRGGATNEKLFF	VQPTESIVRF
CASSEGGGNQPQHF	VQPTESIVRF
CASSQEDRGEGYTF	VQPTESIVRF
CASSPPPLAPSGELFF	VQPTESIVRF
CASSFWEVSANEKLFF	VQPTESIVRF
CASSIAESWVYGYTF	VQPTESIVRF
CASSFLSLDRDARAGELFF	VQPTESIVRF
CASSPGGGGLFDEQFF	VQPTESIVRF
CASSLTNYGYTF	VQPTESIVRF
CASSPARSYEQYF	VQPTESIVRF
CASSQAGGSSPLHF	VQPTESIVRF
CASSDYLFQGPKVDSYNSPLHF	VQPTESIVRF
CASSPASGSPYEQYF	VQPTESIVRF
CAWGFLGGSEQYF	VQPTESIVRF
CASSPREAGGNEQFF	VQPTESIVRF
CASSQEDEINQPQHF	VQPTESIVRF
CASSPPSGSPYEQYF	VQPTESIVRF
CASSYESSYEAFF	VQPTESIVRF
CASSDGTVSYNEQFF	VQPTESIVRF
CASRGEALNQPQHF	VQPTESIVRF
CASSVDRGSYNEQFF	VQPTESIVRF
CASSLTSGANTGELFF	VQPTESIVRF
CASSPDTYSYNEQFF	VQPTESIVRF
CASSQETEHQPQHF	VQPTESIVRF
CASSHTSGTSGGEQFF	VQPTESIVRF
CASTTDRGAYNEQFF	VQPTESIVRF
CASSPVTGSPYEQYF	VQPTESIVRF
CAISGSTGDPYEQYF	VQPTESIVRF
CASSLDRGAYNEQFF	VQPTESIVRF
CASSFVLLSTGGVFSGNTGELFF	VQPTESIVRF
CASSIRSSYEQYF	VQPTESIVRF
CASSPPSGSPYEQYF	VQPTESIVRF
CASSQQGTHSTDTQYF	VQPTESIVRF
CASSPTTGSPYEQYF	VQPTESIVRF
CASSESPSPYNEQFF	VQPTESIVRF
CASSPPTGSPYEQYF	VQPTESIVRF
CASSLLLGYTGELFF	VQPTESIVRF
CASSIGVWASGSIDTQYF	VQPTESIVRF
CASSPRSGSPHEQYF	VQPTESIVRF
CASSLVGQGSYNSPLHF	VQPTESIVRF
CASSLSYEQYF	VQPTESIVRF
CASSLWAGNTGELFF	VQPTESIVRF
CASSHTSGTTDTQYF	VQPTESIVRF
CASSSPYEQYF	VQPTESIVRF
CASSQVGTDRTFYGYTF	VQPTESIVRF
CASSLFYTSTGELFF	VQPTESIVRF
CSVVTKPGLAGGDTQYF	VQPTESIVRF
CASSPQTGSPYEQYF	VQPTESIVRF
CASSLEGGAETQYF	VQPTESIVRF
CASSLDRGSYNEQFF	VQPTESIVRF
CASSYSASAYNEQFF	VQPTESIVRF
CASSPGTGSPYEQYF	VQPTESIVRF
CASSPRTGSPYEQYF	VQPTESIVRF
CASSLGEVNTEAFF	VQPTESIVRF
CASSPQTGLSTGELFF	VQPTESIVRF
CASSLTPGTGNFNEQFF	VQPTESIVRF
CASSLAGQGYEQYF	VQPTESIVRF
CASSLGFEQYF	VQPTESIVRF
CASSKGLAGLNTGELFF	VQPTESIVRF
CASSPVSGRIYEQYF	VQPTESIVRF
CATSRDDKDNYEQYF	VQPTESIVRF
CSARDNPGHPYEQYF	VQPTESIVRF
CASSPPDQNTGELFF	VQPTESIVRF
CASSLSGSGGTEAFF	VQPTESIVRF
CASSSAGGAYNEQFF	VQPTESIVRF
CASSGGGAIIYEQYF	VQPTESIVRF
CASSSPGLPGETQYF	VQPTESIVRF
CAIQRSRDTGDTEAFF	VQPTESIVRF
CASSPRTGSPYEQYV	VQPTESIVRF
CASSYEQGYGVAFF	VQPTESIVRF
CAYFQETQYF	VQPTESIVRF
CASRDARGTQYF	VQPTESIVRF
CASSQQLAEEQFF	VQPTESIVRF
CASSLAGTETQYF	VQPTESIVRF
CASSPTSGSPYEQYF	VQPTESIVRF
CASSLGGEATPGNPEAFF	VQPTESIVRF
CASSPGLAGVNTGELFF	VQPTESIVRF
CASSFQLTGNEKLFF	VQPTESIVRF
CASSPRDGSPHEQYF	VQPTESIVRF
CASSIWTSGAGPPGDTQYF	VQPTESIVRF
CASSPPSGAPYEQYF	VQPTESIVRF
CASLAGSNTGELFF	VQPTESIVRF
CASMKTGGGLNEQFF	VQPTESIVRF
CASRGAGTIYEQYF	VQPTESIVRF
CASSEGTTGVKYF	VQPTESIVRF
CASSSTSGSLYEQYF	VQPTESIVRF
CASSLSGSYNEQFF	VQPTESIVRF
CASSPPSGSPYEQYF	VQPTESIVRF
CASTLAGDEQFF	VQPTESIVRF
CASSPRVPSGVSYEQYF	VQPTESIVRF
CASRLWTGSNYEQYF	VQPTESIVRF
CASSSDGTGVYGYTF	VQPTESIVRF
CASSLLAAKEQYF	VQPTESIVRF
CASSASQGVGSPLHF	VQPTESIVRF
CASSSDTSSYNEQFF	VQPTESIVRF
CASSFTGSNQPQHF	VQPTESIVRF
CASSLAGHTGELFF	VQPTESIVRF
CASKPLDTAELKAFF	VQPTESIVRF
CASTIGGTSYEQYF	VQPTESIVRF
CASSYGLAGRNTGELFF	VQPTESIVRF
CASSEGTIPYNEQFF	VQPTESIVRF
CASLARNAEQYF	VQPTESIVRF
CASSPTSGGYNEQFF	VQPTESIVRF
CASSPTYEQYF	VQPTESIVRF
CASSLLGWREAHNEQFF	VQPTESIVRF
CASSPTIEGYGYTF	VQPTESIVRF
CASSPGSGLAGEPGEQFF	VQPTESIVRF
CASSVEAAYEQYF	VQPTESIVRF
CASSNGRQGWGHEQYF	VQPTESIVRF
CASSSGLAGVVTGELFF	VQPTESIVRF
CASSIPGTVYEQYF	VQPTESIVRF
CSVGGPETQYF	VQPTESIVRF
CASSPGTSGVSSYNEQFF	VQPTESIVRF
CASSQLADALSYEQYF	VQPTESIVRF
CASSSQDSLNTGELFF	VQPTESIVRF
CASSFGERQETQYF	VQPTESIVRF
CASSQDWGGYNEQFF	VQPTESIVRF
CASSATSGSPYEQYF	VQPTESIVRF
CASSPPSGSPYEQYF	VQPTESIVRF
CASSYHSGNINTEAFF	VQPTESIVRF
CASSFGTLREVYEQYF	VQPTESIVRF
CASSLNRASVSYGYTF	VQPTESIVRF
CASSTFPGLALDEQFF	VQPTESIVRF
CASSPPSGSPYEQYF	VQPTESIVRF
CASSLSGFTEAFF	VQPTESIVRF
CASSAGGPWNEQFF	VQPTESIVRF
CASSSDGQISNQPQHF	VQPTESIVRF
CASSLGTGELFF	VQPTESIVRF
CASSLFLGTEAFF	VQPTESIVRF
CASSQSWTGWPPNEQFF	VQPTESIVRF
CAITTAESYGYTF	VQPTESIVRF
CASKVGSDSNQPQHF	VQPTESIVRF
CATSDPGQGSYEQYF	VQPTESIVRF
CATTSLDSGELFF	VQPTESIVRF
CASSLGVNYGYTF	VQPTESIVRF
CASSAAGGTDTQYF	VQPTESIVRF
CASSLMESGANVLTF	VQPTESIVRF
CASSLTGVPSSTDTQYF	VQPTESIVRF
CASSQERTLYSPLHF	VQPTESIVRF
CATSALGWTNESNQPQHF	VQPTESIVRF
CASSPKTGTPYEQYF	VQPTESIVRF
CASSSLAENDYEQYF	VQPTESIVRF
CASSYDGSSYNEQFF	VQPTESIVRF
CASGLLAYEQYF	VQPTESIVRF
CSVEDVTGLNTEAFF	VQPTESIVRF
CASSPPSGNEQFF	VQPTESIVRF
CASSPATGAPYEQYF	VQPTESIVRF
CASSPLRRTRGNTIYF	VQPTESIVRF
CASSPNDFNNEQFF	VQPTESIVRF
CASSFRSSGYEQYF	VQPTESIVRF
CASSPSSGSPHEQYF	VQPTESIVRF
CASRDGNTEAFF	VQPTESIVRF
CATLPRGYGNTEAFF	VQPTESIVRF
CASSQFTGETQYF	VQPTESIVRF
CASSPGASSYNEQFF	VQPTESIVRF
CASSLVQETQYF	VQPTESIVRF
CASSTYSGGTYEQYF	VQPTESIVRF
CAISVGLAGVTSQETQYF	VQPTESIVRF
CASSLRQPSNQPQHF	VQPTESIVRF
CASSPPTGERVEELFF	VQPTESIVRF
CASSLIAKSSYNSPLHF	VQPTESIVRF
CASSPWTSGGAETQYF	VQPTESIVRF
CASSMGQGWPNQPQHF	VQPTESIVRF
CASRIPGTSFYEQYF	VQPTESIVRF
CASSLGLAGENTGELFF	VQPTESIVRF
CSVARGYEQYF	VQPTESIVRF
CASRPGAGGWNEQFF	VQPTESIVRF
CASSGKPEISGPSYNEQFF	VQPTESIVRF
CASSLTGTGVGELFF	VQPTESIVRF
CASSPAVSSYNEQFF	VQPTESIVRF
CASSPPTGSAYEQYF	VQPTESIVRF
CASSPPTGAPYEQYF	VQPTESIVRF
CASSLGTSVETQYF	VQPTESIVRF
CASSYSSLAVYNEQFF	VQPTESIVRF
CASSNGGGAGNSPLHF	VQPTESIVRF
CASSHWGTGELFF	VQPTESIVRF
CASSGTEGQNIQYF	VQPTESIVRF
CASSQGNYEQYF	VQPTESIVRF
CASSLETGANTGELFF	VQPTESIVRF
CASSLFPGLQYEQYF	VQPTESIVRF
CASRSTDTQYF	VQPTESIVRF
CASSSTGVEQYF	VQPTESIVRF
CASSEYGTDYSNQPQHF	VQPTESIVRF
CASSLALLGSSGNTIYF	VQPTESIVRF
CASSFGTTYEQYF	VQPTESIVRF
CASSFSGFSQETQYF	VQPTESIVRF
CASSLGQIANTGELFF	VQPTESIVRF
CASSITGPGETQYF	VQPTESIVRF
CASSQAAGGSTDTQYF	VQPTESIVRF
CASSQETDSNQPQHF	VQPTESIVRF
CASRDRGVPGELFF	VQPTESIVRF
CASSPDTGSPYEQYF	VQPTESIVRF
CASSLDGTVGVTDTQYF	VQPTESIVRF
CASSQEWEIQETQYF	VQPTESIVRF
CASSDEDRGSGYTF	VQPTESIVRF
CASSPGTRPYNSPLHF	VQPTESIVRF
CASSQQQGQGFF	VQPTESIVRF
CASSSRTDSYEQYF	VQPTESIVRF
CASSFSGASGETQYF	VQPTESIVRF
CASSQVSLPQETQYF	VQPTESIVRF
CASSLQGNPSYEQYF	VQPTESIVRF
CASLRSGNNEQFF	VQPTESIVRF
CASSPEHGVRVPLHF	VQPTESIVRF
CASSYGTGDHGYTF	VQPTESIVRF
CSGSSKPGLGTDTQYF	VQPTESIVRF
CASSPGTQSSYNEQFF	VQPTESIVRF
CASSPPSGSPYEQYF	VQPTESIVRF
CASSDVLTSGRNEQFF	VQPTESIVRF
CASSQGDSGLTEAFF	VQPTESIVRF
CASRLRDPWETQYF	VQPTESIVRF
CASSLNRGTYEQYF	VQPTESIVRF
CASSYYTGETQYF	VQPTESIVRF
CASSEDREQFF	VQPTESIVRF
CASSLAGTGLNSPLHF	VQPTESIVRF
CASSETQALLYGYTF	VQPTESIVRF
CASSLGPGAEQYF	VQPTESIVRF
CASSFSLPGLAIHEQFF	VQPTESIVRF
CASSQESDPGELFF	VQPTESIVRF
CASSDPGPTDTQYF	VQPTESIVRF
CASSLEGQRDYGYTF	VQPTESIVRF
CASSYFSGETQYF	VQPTESIVRF
CASSPPPGEVDGYTF	VQPTESIVRF
CASSVGQGWNNEQFF	VQPTESIVRF
CASSSGARVYEQYF	VQPTESIVRF
CASSLGWVGSRGNTIYF	VQPTESIVRF
CASTPGGLTRPQYF	VQPTESIVRF
CASSPTSGSPYEQYF	VQPTESIVRF
CASSPQDGSGANVLTF	VQPTESIVRF
CASTSGAIPYNEQFF	VQPTESIVRF
CASSPGTVPYNSPLHF	VQPTESIVRF
CASSQSPGWEQYF	VQPTESIVRF
CASSLAGTLAAQRDTQYF	VQPTESIVRF
CSVEEGQSEQYF	VQPTESIVRF
CASSLLAGAAIDQETQYF	VQPTESIVRF
CASITGGIREEQFF	VQPTESIVRF
CASSPGTANTEAFF	VQPTESIVRF
CASSTWDGFTDTQYF	VQPTESIVRF
CASSQQGTNYGYTF	VQPTESIVRF
CASSPPLLDSEQFF	VQPTESIVRF
CSATPGTGVGAANEKLFF	VQPTESIVRF
CASSLSVKYEQYF	VQPTESIVRF
CASSQGYEQYF	VQPTESIVRF
