CDR3	AA
CASSEALGGGTEAFF	YEQYIKWPW
CSARDPFGGQPYEQYF	YEQYIKWPW
CASSSSGQGITEAFF	YEQYIKWPW
CASSENPGNYGYTF	YEQYIKWPW
CASSPPRNTEAFF	YEQYIKWPW
CSARDIEVADTYNEQFF	YEQYIKWPW
CASSISSSGSNQPQHF	YEQYIKWPW
CASSSGEAFF	YEQYIKWPW
CASSQVHPSTYEQYF	YEQYIKWPW
CSARGGFGDEQFF	YEQYIKWPW
CASSQDQGANSPLHF	YEQYIKWPW
CASPDSTEAFF	YEQYIKWPW
CASSLGETYEQYF	YEQYIKWPW
CAWAFPGLAFSYEQYF	YEQYIKWPW
CASSPPGGSYEQYF	YEQYIKWPW
CASSYGYSDTEAFF	YEQYIKWPW
CASSYAVAGANVLTF	YEQYIKWPW
CASSKGVSPTDTQYF	YEQYIKWPW
CASTGSSYNEQFF	YEQYIKWPW
CASSIDLSANNQPQHF	YEQYIKWPW
CASSISATANQPQHF	YEQYIKWPW
CSASVAAYEQYF	YEQYIKWPW
CASSYEEFSGNTIYF	YEQYIKWPW
CASSYAGGGQPQHF	YEQYIKWPW
CATSRARAIQETQYF	YEQYIKWPW
CASSIDAGGSGYEQYF	YEQYIKWPW
CASSSTEPDSPLHF	YEQYIKWPW
CATKASGNPDNEQFF	YEQYIKWPW
CASSYQGAYSPLHF	YEQYIKWPW
CSASDVWGTSYEQYF	YEQYIKWPW
CASSPPSPYEQYF	YEQYIKWPW
CSARVGRLAYGYTF	YEQYIKWPW
CASSQDPQANEKLFF	YEQYIKWPW
CASSFESGPEAFF	YEQYIKWPW
CASSLEQGGYGYTF	YEQYIKWPW
CSARDNRGRGYSTEAFF	YEQYIKWPW
CASSGVNTGELFF	YEQYIKWPW
CSARGTSTTGELFF	YEQYIKWPW
CASSIQGNYEQYF	YEQYIKWPW
CASSPSAKTLYEQYF	YEQYIKWPW
CASSLVDFPYEQYF	YEQYIKWPW
CSVAESNYGYTF	YEQYIKWPW
CASSQDPAGIREQFF	YEQYIKWPW
CASSPSRLRELFF	YEQYIKWPW
CATSDWDSLQAKNIQYF	YEQYIKWPW
CASSKDVHPYEQYF	YEQYIKWPW
CASSWAGGATDTQYF	YEQYIKWPW
CASSQQTPLLELFF	YEQYIKWPW
CATSDLAGDDEQFF	YEQYIKWPW
CASSLGQGGQPQHF	YEQYIKWPW
CASRTNNEQFF	YEQYIKWPW
CASRDPQGGGHEQYF	YEQYIKWPW
CASSLAGGPQETQYF	YEQYIKWPW
CASSTQGPSSYEQYF	YEQYIKWPW
CASSNDAGVQETQYF	YEQYIKWPW
CASSLPGLNTGELFF	YEQYIKWPW
CSAGLGGVGPADEQYF	YEQYIKWPW
CSASDYGDWQETQYF	YEQYIKWPW
CSAREQNTGELFF	YEQYIKWPW
CASSPGLAGPFYNEQFF	YEQYIKWPW
CASSLAGGGSIGEQFF	YEQYIKWPW
CASSYGYVNGQPQHF	YEQYIKWPW
CASRGGQGLNTGELFF	YEQYIKWPW
CASSLPALAGTDTQYF	YEQYIKWPW
CASSEGLAGELYNEQFF	YEQYIKWPW
CASSPEGNQPQHF	YEQYIKWPW
CASSASQEQFF	YEQYIKWPW
CASSNLGGGLNEQFF	YEQYIKWPW
CSARGVTNTGELFF	YEQYIKWPW
CASSLVWNTGELFF	YEQYIKWPW
CASSLAPEGGYEQYF	YEQYIKWPW
CASSMEAAVTYEQYF	YEQYIKWPW
CASSQFPGANTEAFF	YEQYIKWPW
CASSMTSGRELETQYF	YEQYIKWPW
CASSPLEGGLWNEQFF	YEQYIKWPW
CASSLPQLAGGRYEQFF	YEQYIKWPW
CASSQILAGGSGELFF	YEQYIKWPW
CASSLKDYYEQYF	YEQYIKWPW
CATSDSLSGSLTDTQYF	YEQYIKWPW
CASSLAVSPEAFF	YEQYIKWPW
CSARNRDEAYEQYF	YEQYIKWPW
CASSLEGSPLRMNTEAFF	YEQYIKWPW
CASSPPGLAGVEQYF	YEQYIKWPW
CSARVRDRAYEQYF	YEQYIKWPW
CASSEFGQASYEQYF	YEQYIKWPW
CASSPQDDGSYEQYF	YEQYIKWPW
CASSQDPGGSEQFF	YEQYIKWPW
CATSDTTSGRTSEQFF	YEQYIKWPW
CASSQDRADNSPLHF	YEQYIKWPW
CANAPRASGRARDTGELFF	YEQYIKWPW
CSAREWPGQSSNQPQHF	YEQYIKWPW
CASSPDSDLYNEQFF	YEQYIKWPW
CSAQPSLDYNEQFF	YEQYIKWPW
CSVPGGEGLYEQYF	YEQYIKWPW
CASSQVVGDSSLDEQFF	YEQYIKWPW
CASSLYFTSGAGETQYF	YEQYIKWPW
CASSPLWAGSNQPQHF	YEQYIKWPW
CASSLTGGAGQPQHF	YEQYIKWPW
CASSQVTGGSYNSPLHF	YEQYIKWPW
CASSSRQETGVSYEQYF	YEQYIKWPW
CSARYAGTGEQFF	YEQYIKWPW
CASSKDRVGNTEAFF	YEQYIKWPW
CSARDPLPSRREGTDTQYF	YEQYIKWPW
CASSFLVGLSNQPQHF	YEQYIKWPW
CSVEVGGTGELFF	YEQYIKWPW
CASSLTTSMVYEQYF	YEQYIKWPW
CSARDLGAAYEQYF	YEQYIKWPW
CASRLVGQLYGYTF	YEQYIKWPW
CASSAGTRNEQFF	YEQYIKWPW
CASSLIGFPHEQYF	YEQYIKWPW
CASSYPQPGNEQFF	YEQYIKWPW
CASSRGNNEQFF	YEQYIKWPW
CASRQRGKRPTSYGYTF	YEQYIKWPW
CASSPYGANVLTF	YEQYIKWPW
CASSLAEGQESSYNSPLHF	YEQYIKWPW
CSAREIARSYEQYF	YEQYIKWPW
CASSDPASANNEQFF	YEQYIKWPW
CASSLGTAYNQPQHF	YEQYIKWPW
CASSIGPEGNQPQHF	YEQYIKWPW
CASSFLGPSETQYF	YEQYIKWPW
CATSDLTSGMGEDTQYF	YEQYIKWPW
CSARGIGSTEAFF	YEQYIKWPW
CASSLAGPGEQYF	YEQYIKWPW
CASSHLPGWLEAGELFF	YEQYIKWPW
CASSIDSGVNQPQHF	YEQYIKWPW
CASSWSTSGRQITQYF	YEQYIKWPW
CSVAGDSWNTEAFF	YEQYIKWPW
CASSLAPLLAGPYNEQFF	YEQYIKWPW
CASSLFPLGAGSETQYF	YEQYIKWPW
CASSSTGWDTEAFF	YEQYIKWPW
CASSFPTGPLRYEQYF	YEQYIKWPW
CASHLGTGGGPQPQHF	YEQYIKWPW
CASSSNREPSTDTQYF	YEQYIKWPW
CSATGGGISSIEQFF	YEQYIKWPW
CASSYSSLAGAYNEQFF	YEQYIKWPW
CASSQEGGPGRGNEQFF	YEQYIKWPW
CASRDSITGTSGGPIGFF	YEQYIKWPW
CASSLAGVIPYEQYF	YEQYIKWPW
CASSLTGELFF	YEQYIKWPW
CASSLGARFYAGANVLTF	YEQYIKWPW
CASSRTGTSGLTDTQYF	YEQYIKWPW
CASSFGGAPSSYNEQFF	YEQYIKWPW
CASSQDTAYYNEQFF	YEQYIKWPW
CASSIAHYGYTF	YEQYIKWPW
CATSDISGSGRHTDTQYF	YEQYIKWPW
CASSISPGPLNEQFF	YEQYIKWPW
CASSIDTDSNQPQHF	YEQYIKWPW
CASSSGTTSYNEQFF	YEQYIKWPW
CASSLRTDYEQYF	YEQYIKWPW
CASSYQAGLKETQYF	YEQYIKWPW
CASSYLGTVHEAFF	YEQYIKWPW
CSAPGGFFNEQFF	YEQYIKWPW
CSARDISWGMMNTEAFF	YEQYIKWPW
CASSQDGGVTSEAFF	YEQYIKWPW
CASSLGRGPETQYF	YEQYIKWPW
CASRKQGTYEQYF	YEQYIKWPW
CASSRVGLAGYNEQFF	YEQYIKWPW
RASSSDAVETQYF	YEQYIKWPW
CASSLGPTDYEQYF	YEQYIKWPW
CASSSPPLEQYF	YEQYIKWPW
CASSQGLTGGTGELFF	YEQYIKWPW
CASDPGQGFSGNTIYF	YEQYIKWPW
CSARDPRVAGAAYEQYF	YEQYIKWPW
CASSLGQGLSHEQFF	YEQYIKWPW
CASSEGEQFF	YEQYIKWPW
CASSQGSTGELFF	YEQYIKWPW
CASSATLAGAGNEQFF	YEQYIKWPW
CASSFGLATGELFF	YEQYIKWPW
CASSYGVGQPQHF	YEQYIKWPW
CASSIGGLAGAKNIQYF	YEQYIKWPW
CASSLAGGEEQYF	YEQYIKWPW
CATSRDPSSNQPQHF	YEQYIKWPW
CASSQGQGELYNEQFF	YEQYIKWPW
CAIRDPGLAGVGADEQFF	YEQYIKWPW
CASRLPGQTNEKLFF	YEQYIKWPW
CASSLAGGRSSYNEQFF	YEQYIKWPW
CASSLSSLAGYNEQFF	YEQYIKWPW
CSASSLAGEIQETQYF	YEQYIKWPW
CASSVAGGSYNEQFF	YEQYIKWPW
CASSLGGQTGPYNEQFF	YEQYIKWPW
CASSLGGTGELFF	YEQYIKWPW
CASSIDPSGNEKLFF	YEQYIKWPW
CASSQDRTGYGYTF	YEQYIKWPW
CASSFLGQGIYNEQFF	YEQYIKWPW
CASSEGGGYEKLFF	YEQYIKWPW
CSVEGEGTYEQYF	YEQYIKWPW
CASSPGLAGLTDTQYF	YEQYIKWPW
CSARDSSGVGETQYF	YEQYIKWPW
CASSFGNNEQFF	YEQYIKWPW
CASSQEPWEDQETQYF	YEQYIKWPW
CSARDRGVAYGYTF	YEQYIKWPW
CASSGRDSYEQYF	YEQYIKWPW
CASSSWDPNNEQFF	YEQYIKWPW
CASSQENLYNEQFF	YEQYIKWPW
CASSLAGNNEQFF	YEQYIKWPW
CASSFPGTEAFF	YEQYIKWPW
CASSIDPASNQPQHF	YEQYIKWPW
CASSEGVSGGYEQYF	YEQYIKWPW
CASSTPAGGVTGELFF	YEQYIKWPW
CASSWQPTEGDTEAFF	YEQYIKWPW
CSARDTSGATLDTQYF	YEQYIKWPW
CASSATGDYGYTF	YEQYIKWPW
CSARIQGFQPQHF	YEQYIKWPW
CSARDMGQAYEQYF	YEQYIKWPW
CASSFPSGGLDNEQFF	YEQYIKWPW
CASSQDQAVNEKLFF	YEQYIKWPW
CSVDGGGPLNEQFF	YEQYIKWPW
CASSRAEAEQYF	YEQYIKWPW
CASSQASPADTQYF	YEQYIKWPW
CSARDLGPLSSYNEQFF	YEQYIKWPW
CASSPHRDYGYTF	YEQYIKWPW
CASSQEGDGDSATDTQYF	YEQYIKWPW
CASSLAGTLHTIYF	YEQYIKWPW
CASSLVGGDEQFF	YEQYIKWPW
CASSPTGLWPTEQFF	YEQYIKWPW
CASSFGAGGPYNEQFF	YEQYIKWPW
CASSQEGVMTDTQYF	YEQYIKWPW
HGASGKSSYNEQFF	YEQYIKWPW
CSAPGHSGPDTQYF	YEQYIKWPW
CASSFPRDNHNEQFF	YEQYIKWPW
CASSYPGQEAFF	YEQYIKWPW
CSVERPNSYEQYF	YEQYIKWPW
CASSLGENTEAFF	YEQYIKWPW
CSASKTGSVDYGYTF	YEQYIKWPW
CASSLAGAYNEQFF	YEQYIKWPW
CASSIAPTATYEQYF	YEQYIKWPW
CSARGRMNLPIDGYTF	YEQYIKWPW
CASSPGPGQGYYNSPLHF	YEQYIKWPW
CASRRTPNTGELFF	YEQYIKWPW
CASSQDDLTGGPNSPLHF	YEQYIKWPW
CASSLAGAVQETQYF	YEQYIKWPW
CASRLQGATEAFF	YEQYIKWPW
CASSQAGGLEAFF	YEQYIKWPW
CSARDPGGAYEQYF	YEQYIKWPW
CASSQDPSGGLGAKNIQYF	YEQYIKWPW
CASSSDSTGQGADEQYF	YEQYIKWPW
CATSDLRLAGEETQYF	YEQYIKWPW
CASSAPGVGMTDTEAFF	YEQYIKWPW
CASSLSGGLEQFF	YEQYIKWPW
CASSLFGGTGELFF	YEQYIKWPW
CASSFVPGQGGVFNEQFF	YEQYIKWPW
CASSLLGLAGGLGYNEQFF	YEQYIKWPW
CASSFVGGNTYEQYF	YEQYIKWPW
CASSQDRAGTNTGELFF	YEQYIKWPW
CASSISGSVNTEAFF	YEQYIKWPW
CSATEWEQIQETQYF	YEQYIKWPW
CASSPYGDAGELFF	YEQYIKWPW
CASSSGGTGGTDTQYF	YEQYIKWPW
CASSAGEQGFVEQFF	YEQYIKWPW
CSARDRLLAVNSYEQYF	YEQYIKWPW
CASSLLAGGYNEQFF	YEQYIKWPW
CSARERTDYNEQFF	YEQYIKWPW
CASSIGGANTEAFF	YEQYIKWPW
CASSLYNEQFF	YEQYIKWPW
CASSSDYEQYF	YEQYIKWPW
CATSSTRNFPGELFF	YEQYIKWPW
CASSISGGTEAFF	YEQYIKWPW
CASSSLTGELGPYEQYF	YEQYIKWPW
CASSITTGIVSSYEQYF	YEQYIKWPW
CASSIAGGPGNEQFF	YEQYIKWPW
CASSLTVGSTEAFF	YEQYIKWPW
CASSISLGTNEKLFF	YEQYIKWPW
CASSPGGGSYEQYF	YEQYIKWPW
CSARDPTVSSYNEQFF	YEQYIKWPW
CASSPGLWGEQFF	YEQYIKWPW
CASSETWGRYTDTQYF	YEQYIKWPW
CASSYSKHSYTPEDGYTF	YEQYIKWPW
CSVEGAYTGELFF	YEQYIKWPW
CASSVGGLAEEIYNEQFF	YEQYIKWPW
CASSQEGLGNQPQHF	YEQYIKWPW
CASSFGPGGEQYF	YEQYIKWPW
CASSQDWDEAFF	YEQYIKWPW
CASSYAGLAGIYNEQFF	YEQYIKWPW
CASRGQTGTPSLNEQFF	YEQYIKWPW
CSARDIGRARGAGFNEQFF	YEQYIKWPW
CASSPFLGNQPQHF	YEQYIKWPW
CASSFTGSNQPQHF	YEQYIKWPW
CSVASRDSYEQYF	YEQYIKWPW
CASSLAGVDEQYF	YEQYIKWPW
CATSSTGFNYGYTF	YEQYIKWPW
CASSYYGDTGELFF	YEQYIKWPW
CASSQEASGSPPYNEQFF	YEQYIKWPW
CASSVDGRANTEAFF	YEQYIKWPW
CSATADRGDEQFF	YEQYIKWPW
CASSISAASNEKLFF	YEQYIKWPW
CASSIDASMNTEAFF	YEQYIKWPW
CATQTLRDSLSYNEQFF	YEQYIKWPW
CASSDGMVNEQYF	YEQYIKWPW
CAISPGGEAFF	YEQYIKWPW
CASSISGGVMNTEAFF	YEQYIKWPW
CASSYGLNSPLHF	YEQYIKWPW
CASLGKGGRLTTPQETQYF	YEQYIKWPW
CASSLGQGRENIQYF	YEQYIKWPW
CASSQDALGQPSYEQYF	YEQYIKWPW
CATGDSGEDNEQFF	YEQYIKWPW
CASSISANTGELFF	YEQYIKWPW
CASSVTGGSYEQYF	YEQYIKWPW
CSARGETHSYEQYF	YEQYIKWPW
CASRFLRQGGDTEAFF	YEQYIKWPW
CASSLGGQGEGNEQFF	YEQYIKWPW
CATSDDYEQYF	YEQYIKWPW
CASSPSQGLETQYF	YEQYIKWPW
CSARATGEYEQYF	YEQYIKWPW
CASSFAQGSDLSGNTIYF	YEQYIKWPW
CSASREGGESQETQYF	YEQYIKWPW
CASSVGAPYEQYF	YEQYIKWPW
CSARGQSSGITDTQYF	YEQYIKWPW
CASSYGSLGPAYNEQFF	YEQYIKWPW
CASRSGGFEQFF	YEQYIKWPW
CASSDTPQGDEAFF	YEQYIKWPW
CSARDFLAHVTYNEQFF	YEQYIKWPW
CSARSAVTNTGELFF	YEQYIKWPW
CASSSSQGGYGYTF	YEQYIKWPW
CASSEGLAAAGYEQYF	YEQYIKWPW
CASSLAEQPGYSGNTIYF	YEQYIKWPW
CSARDRDRAYEQYF	YEQYIKWPW
CASSLEWDALIHQPQHF	YEQYIKWPW
CASSEMAGGLEAFF	YEQYIKWPW
CASSLNGGLVEETQYF	YEQYIKWPW
CASSSRTDNTYEQYF	YEQYIKWPW
CSVEDIISSETQYF	YEQYIKWPW
CATSDWDNEKLFF	YEQYIKWPW
CASSDVGASTDTQYF	YEQYIKWPW
CASSLGVYAFF	YEQYIKWPW
CASSTLGQNQPQHF	YEQYIKWPW
CASSLEEGTTYEQYF	YEQYIKWPW
CSAQGGTGGPEQYF	YEQYIKWPW
CASSTKFDPPGQGETGELFF	YEQYIKWPW
CASSIDPGPSTGELFF	YEQYIKWPW
CATSAPGQGDAEQYF	YEQYIKWPW
CASDRGGVEQYF	YEQYIKWPW
CASSISGGTNEQFF	YEQYIKWPW
CSARDLDFSSGRPETQYF	YEQYIKWPW
CASSLDPGLAGGPRNEQFF	YEQYIKWPW
CASSYYSGNYGYTF	YEQYIKWPW
CASSVWGDTDRQYF	YEQYIKWPW
CASSLTSETTGELFF	YEQYIKWPW
CASSLAGNTGELFF	YEQYIKWPW
CASTKDGGAKNIQYF	YEQYIKWPW
CASSLEQGWNTF	YEQYIKWPW
CASSMDDGNTEAFF	YEQYIKWPW
CASSSRLDGYTF	YEQYIKWPW
CASRSGTGAPGANVLTF	YEQYIKWPW
CASTGGPGAEAFF	YEQYIKWPW
CASSLLWVGLAGTDTQYF	YEQYIKWPW
CASSRGADTQYF	YEQYIKWPW
CASSQVMGADTGELFF	YEQYIKWPW
CASSLGRSYGYTF	YEQYIKWPW
CASSSGSYEQYF	YEQYIKWPW
CASSAEATLSGNTIYF	YEQYIKWPW
CASSFHPLPDYRDTDTQYF	YEQYIKWPW
CASSGTGVLYEQYF	YEQYIKWPW
CASSLVGLSSYNEQFF	YEQYIKWPW
CASSPQPSGANVLTF	YEQYIKWPW
CASRGQGETEAFF	YEQYIKWPW
CSARLAVDYNEQFF	YEQYIKWPW
CASNLAGGPLHTQYF	YEQYIKWPW
CSARDMLSVSSYNEQFF	YEQYIKWPW
CSARDRGTYEQYF	YEQYIKWPW
CASSQEISGTYEQYF	YEQYIKWPW
CASSLVGVTDTQYF	YEQYIKWPW
CASSPYFGQGAGETQYF	YEQYIKWPW
CSARDRELLGEQFF	YEQYIKWPW
CASSIQGSYEQYF	YEQYIKWPW
CASSLEFGGGLGSTDTQYF	YEQYIKWPW
CASSPQPSGANVLTF	YEQYIKWPW
CASSLYPDGYNEQFF	YEQYIKWPW
CSAQDMDSTTYEQYF	YEQYIKWPW
CASSFPILGIQETQYF	YEQYIKWPW
CASSSTGFTEAFF	YEQYIKWPW
CASSLTVGNTEAFF	YEQYIKWPW
CASSANSGGRKYF	YEQYIKWPW
CASAGTSRYNEQFF	YEQYIKWPW
CASQFRVSYNEQFF	YEQYIKWPW
CASRRDGGYEQYF	YEQYIKWPW
CSALGGMNGYTF	YEQYIKWPW
CASRTLLGAYDTQYF	YEQYIKWPW
CSVELLGTTYNEQFF	YEQYIKWPW
CSARGQGDNTGELFF	YEQYIKWPW
CASSRLGTASNSPLHF	YEQYIKWPW
CSVHALIYEQYF	YEQYIKWPW
CASSDLITNRETQYF	YEQYIKWPW
CASSVLVDEQYF	YEQYIKWPW
CATSSSLSGPSTDTQYF	YEQYIKWPW
CASSQPGGNEQFF	YEQYIKWPW
CSATSTSSGSRETQYF	YEQYIKWPW
CAISDPSGTGVVDEQFF	YEQYIKWPW
CATSERTSGFNEQFF	YEQYIKWPW
CASSFPGTGELFF	YEQYIKWPW
CASRPTGGTLAEAFF	YEQYIKWPW
CASSLLGNGGSGYEQYF	YEQYIKWPW
CASSFQGYQPQHF	YEQYIKWPW
CASSIAATTNEKLFF	YEQYIKWPW
CASSIDSGPTDTQYF	YEQYIKWPW
CASSSPRLGDTDTQYF	YEQYIKWPW
CASSPVAGVSYNEQFF	YEQYIKWPW
CSARDVVAGVTGELFF	YEQYIKWPW
CASTRDSSSYNEQFF	YEQYIKWPW
CATGEGNQPQHF	YEQYIKWPW
CASSSLPLSSYNSPLHF	YEQYIKWPW
CASSYPPPGQGVTEAFF	YEQYIKWPW
CSARGLAASYNEQFF	YEQYIKWPW
CASSYPGGPYNEQFF	YEQYIKWPW
CSARDVGRNQPQHF	YEQYIKWPW
CSARDFYEASGRTDTQYF	YEQYIKWPW
CASYGQNTYEQYF	YEQYIKWPW
CASSISVSVNQPQHF	YEQYIKWPW
CSARGVGDLDYGYTF	YEQYIKWPW
CASSALFEGLDTQYF	YEQYIKWPW
CASSLLNTEAFF	YEQYIKWPW
CASSDGETQYF	YEQYIKWPW
CASSSIGTASYNEQFF	YEQYIKWPW
CASSSEVVVNTEAFF	YEQYIKWPW
CASSLVPSVYNEQFF	YEQYIKWPW
CASSIDGGRPSYEQYF	YEQYIKWPW
CASSDERVRDTEAFF	YEQYIKWPW
CASSQGAAPETQYF	YEQYIKWPW
CATKGLAGEANTGELFF	YEQYIKWPW
CASSLVGGSSYNEQFF	YEQYIKWPW
CASSPLGPADSYNEQFF	YEQYIKWPW
CASSQDATDNQPQHF	YEQYIKWPW
CATSDPLAGTGADTQYF	YEQYIKWPW
CAWSVEGALNTEAFF	YEQYIKWPW
CASSYTSGAFYEQYF	YEQYIKWPW
CASSITGAISNQPQHF	YEQYIKWPW
CSASWASGNHEQYF	YEQYIKWPW
CSVEFYLSGGWTQYF	YEQYIKWPW
CASSPRRGTPSSYEQYF	YEQYIKWPW
CASSFAGIYEQYF	YEQYIKWPW
CASPGGLEAFF	YEQYIKWPW
CASHTRYEQYF	YEQYIKWPW
CASSIQTDASHQPQHF	YEQYIKWPW
CASSFFGEETQYF	YEQYIKWPW
CASSLVTGELFF	YEQYIKWPW
CASSYPLPPLNEQFF	YEQYIKWPW
CSATSGIHSYNEQFF	YEQYIKWPW
CASSVGQGFNYGYTF	YEQYIKWPW
CASSEDGLAGNEQFF	YEQYIKWPW
CASSQVGAGTSAGRNNEQYF	YEQYIKWPW
CSARSSELAGVEQFF	YEQYIKWPW
CASSLVGSNEQFF	YEQYIKWPW
CSARDWTRSSYEQYF	YEQYIKWPW
CASSESGLGGYNEQFF	YEQYIKWPW
CASSHGGQSSYEQYF	YEQYIKWPW
CSASLGPGYEQYF	YEQYIKWPW
CASSLGGSPQDTQYF	YEQYIKWPW
CSARDRDWGTEAFF	YEQYIKWPW
CASSITGGYGYTF	YEQYIKWPW
CASSIDLGSNQPQHF	YEQYIKWPW
CASNKPGPEAFF	YEQYIKWPW
CSAIALGGNTEAFF	YEQYIKWPW
CAISVSPHAALRWDTQYF	YEQYIKWPW
CASSFPEGASGMVDEQFF	YEQYIKWPW
CASSLGGAGTGELFF	YEQYIKWPW
CSAREQGTNTGELFF	YEQYIKWPW
CASSQVAGDEQFF	YEQYIKWPW
CASSPSGSLDTQYF	YEQYIKWPW
CASSGYPTALSYEQYF	YEQYIKWPW
CACFLQYGYTF	YEQYIKWPW
CSAREQGYLSYEQYF	YEQYIKWPW
CASSQDSEVTYEQYF	YEQYIKWPW
CATMGQYGTEAFF	YEQYIKWPW
CASSQGGYGTEAFF	YEQYIKWPW
CASSPGLAGSPDTQYF	YEQYIKWPW
CASSEQAGGSGGYTF	YEQYIKWPW
CSARDRGGEAYEQYF	YEQYIKWPW
CASSIDLGVNQPQHF	YEQYIKWPW
CASSQPHTNTEAFF	YEQYIKWPW
CASSLSGGAGYGYTF	YEQYIKWPW
CASTLDSSTDTQYF	YEQYIKWPW
CASSLDFATNEKLFF	YEQYIKWPW
CSAPGGQGLYEQYF	YEQYIKWPW
CASSLAGGPTDTQYF	YEQYIKWPW
CASRRPGAFEETQYF	YEQYIKWPW
CASSGYPYEQYF	YEQYIKWPW
CASSLVGGGEQYF	YEQYIKWPW
CASSTAPWNEQFF	YEQYIKWPW
CSARDIRGQGRIDEQYF	YEQYIKWPW
CASGTGGYEQYF	YEQYIKWPW
CASSLVGVIGEQYF	YEQYIKWPW
CASHGDGNYEQYF	YEQYIKWPW
CASSQPIYGYPHEKLFF	YEQYIKWPW
CSARDTMEQYF	YEQYIKWPW
CASSYSAGLAGDPPEETQYF	YEQYIKWPW
CSARGLAGVYEQYF	YEQYIKWPW
CACSARTAEAFF	YEQYIKWPW
CASSLDRGFTGELFF	YEQYIKWPW
CASSYAGGPEAFF	YEQYIKWPW
CASSSSWEQFF	YEQYIKWPW
CASTRTGDNTEAFF	YEQYIKWPW
CSAPGTSGIYEQFF	YEQYIKWPW
CASEVTGTLNTGELFF	YEQYIKWPW
CASSLVGGMTNYEQYF	YEQYIKWPW
CASSFGTSGSLGLDEQYF	YEQYIKWPW
CSAPQTDNYYNEQFF	YEQYIKWPW
CANQAPTGADTQYF	YEQYIKWPW
CASSPPRWQPYEQYF	YEQYIKWPW
CASSLGRGSNQPQHF	YEQYIKWPW
CASRINQNEKLFF	YEQYIKWPW
CASSSEGLAGYNEQFF	YEQYIKWPW
CASRVDRSTEAFF	YEQYIKWPW
CASSFVGSDEQYF	YEQYIKWPW
CASSLFGGAEAFF	YEQYIKWPW
CASRLASGTPSYNEQFF	YEQYIKWPW
CASSISPAGGEAGELFF	YEQYIKWPW
CASSLYLLREGDTQYF	YEQYIKWPW
CASSTAGLAIYEQYF	YEQYIKWPW
CASSLGTSGRSSYNEQFF	YEQYIKWPW
CAWRRTGHYEQYF	YEQYIKWPW
CATSRGEGLAGSNEQFF	YEQYIKWPW
CASSPSAGGPVEQFF	YEQYIKWPW
CASSYSGTREQELNSPLHF	YEQYIKWPW
CASSLGLTNILMNTEAFF	YEQYIKWPW
CASSQDYGPDIEQFF	YEQYIKWPW
CSARTSGGLYEQYF	YEQYIKWPW
CSARGGTRRDEQFF	YEQYIKWPW
CASSSDGSSYNEQFF	YEQYIKWPW
CSVPGGRTDTQYF	YEQYIKWPW
CASSLYAGGDNSPLHF	YEQYIKWPW
CASSIEPGALYEQYF	YEQYIKWPW
CASSQELGTSVRNEQFF	YEQYIKWPW
CASSWEGELTEAFF	YEQYIKWPW
CASSFQGYQPQHF	YEQYIKWPW
CSARDSDKAYEQYF	YEQYIKWPW
CASSFGRGGTGELFF	YEQYIKWPW
CASSPFLQGAGSPLHF	YEQYIKWPW
CASSPYKDLYEQYF	YEQYIKWPW
CASSQDLGGSYNEQFF	YEQYIKWPW
CASSQDEVGGYEQYF	YEQYIKWPW
CASSQGVSYEQYF	YEQYIKWPW
CASSLEGRAGTEAFF	YEQYIKWPW
CASSQDWAGVGTDTQYF	YEQYIKWPW
CATSAPGLGPGELFF	YEQYIKWPW
CSAILAEQNNEQFF	YEQYIKWPW
CASSPTAGPTREQFF	YEQYIKWPW
CASSRTSGANTGELFF	YEQYIKWPW
CASSQEASYSYEQYF	YEQYIKWPW
CASSISGSAYNEQFF	YEQYIKWPW
CSARDLREAWTEAFF	YEQYIKWPW
CASSWAGMNTEAFF	YEQYIKWPW
CASSLRALAGGSYEQYF	YEQYIKWPW
CASSYSHSGEAFF	YEQYIKWPW
CASSQVENFIAGEWETQYF	YEQYIKWPW
CASSFSGSLEQYF	YEQYIKWPW
CASSWGAFGGQPQHF	YEQYIKWPW
CASSPSSYEQYF	YEQYIKWPW
CASSWGGYTEAFF	YEQYIKWPW
CASSRPGTSGKGSYNEQFF	YEQYIKWPW
CSAREATNNNEQFF	YEQYIKWPW
CASSIPGFQETQYF	YEQYIKWPW
CASSTDRAPGELFF	YEQYIKWPW
CASSYSGLAGLYNEQFF	YEQYIKWPW
CASSLGLGRDQETQYF	YEQYIKWPW
CASSIGAGARETQYF	YEQYIKWPW
CASSEAGAYEQYF	YEQYIKWPW
CSARDPGSAYEQYF	YEQYIKWPW
CASSQFGGGPEQETQYF	YEQYIKWPW
CASSYAGLADAYNEQFF	YEQYIKWPW
CAWETSVTSGRPDNEQFF	YEQYIKWPW
CASSSPNEQFF	YEQYIKWPW
CASSYAPGLAYQETQYF	YEQYIKWPW
CASERGNEQFF	YEQYIKWPW
CASTWDLNTEAFF	YEQYIKWPW
CASSFEGLNTGELFF	YEQYIKWPW
CASSVQGMAGGVYNEQFF	YEQYIKWPW
CASSYSPQGDEQYF	YEQYIKWPW
CASSVSSASNQPQHF	YEQYIKWPW
CASIGVSYEQYF	YEQYIKWPW
CASSLLANEQFF	YEQYIKWPW
CSAKSRDSYEQYF	YEQYIKWPW
CASSEDEGLAVTSSYNEQFF	YEQYIKWPW
CASEPAGERLGEQYF	YEQYIKWPW
CASSQADRPSYEQYF	YEQYIKWPW
CSAPTDYHNEQFF	YEQYIKWPW
CASSIGNRRDEKLFF	YEQYIKWPW
CASSEVGQETQYF	YEQYIKWPW
CASSQDEGMETQYF	YEQYIKWPW
CATTTVGNEQFF	YEQYIKWPW
CSVPGPTGIGELFF	YEQYIKWPW
CASSLSGSPWNEQYF	YEQYIKWPW
CASSQADFSTDTQYF	YEQYIKWPW
CASSFAGGQVQFF	YEQYIKWPW
CASSPPRDRVGYTF	YEQYIKWPW
CASSYVRAQDTQYF	YEQYIKWPW
CASSFFGVEAFF	YEQYIKWPW
CASSDRPEAFF	YEQYIKWPW
CASSPTFAPYNEQFF	YEQYIKWPW
CATSDQLAGSNTDTQYF	YEQYIKWPW
CASSFTWAEYNEQFF	YEQYIKWPW
CASSKYSGTSDEQFF	YEQYIKWPW
CASSLEGDGYTF	YEQYIKWPW
CSARGPAYRGPLAPSYEQYF	YEQYIKWPW
CASSYSEGDYGYTF	YEQYIKWPW
CASSLLAGGPSGELFF	YEQYIKWPW
CASSLSDNSPLHF	YEQYIKWPW
CASSSGLAGAGEQYF	YEQYIKWPW
CASSIDLTRVETQYF	YEQYIKWPW
CASSYSAGGNSDTQYF	YEQYIKWPW
CASSQGLIAGGQETQYF	YEQYIKWPW
CASSIAAGPREKLFF	YEQYIKWPW
CSARDPLRLAGVYEQFF	YEQYIKWPW
CASSLSAGVREQYF	YEQYIKWPW
CASSLYDEQFF	YEQYIKWPW
CASSAQGHPSYNEQFF	YEQYIKWPW
CASSLANRDQPQHF	YEQYIKWPW
CSARVEAGAYEQYF	YEQYIKWPW
CASSYSVVEAFF	YEQYIKWPW
CASSQDLIARGIQPQHF	YEQYIKWPW
CASSSGGERTEAFF	YEQYIKWPW
CSAWTGYGYTF	YEQYIKWPW
CASSEWSGDLLFRGPIQPQHF	YEQYIKWPW
CASTLQGLDTIYF	YEQYIKWPW
CASSHGETSGITDTQYF	YEQYIKWPW
CASSLGILPGPSTDTQYF	YEQYIKWPW
CASSQAKTDTQYF	YEQYIKWPW
CATSGRLTGGRNQPQHF	YEQYIKWPW
CASSLGAYGSPYNEQFF	YEQYIKWPW
CASSKPGQGDVDTQYF	YEQYIKWPW
CSARDSDTGVAQPQHF	YEQYIKWPW
CASSMAGSSYNEQFF	YEQYIKWPW
CASIIVHAGPINQPQHF	YEQYIKWPW
CSAPWTRTDTQYF	YEQYIKWPW
CASSLAQIRGEQYF	YEQYIKWPW
CASSYAGLAGAYNEQFF	YEQYIKWPW
CASSYSDQPHSPLHF	YEQYIKWPW
CASSQDFPGAGQPQHF	YEQYIKWPW
CASSIDPGPTYEQYF	YEQYIKWPW
CASSLAGGNEQFF	YEQYIKWPW
CSARDPGRAENIQYF	YEQYIKWPW
CASSQNFPGFQGTFSNTEAFF	YEQYIKWPW
CASTALGVAGEAGANVLTF	YEQYIKWPW
CASSMDQGVNQPQHF	YEQYIKWPW
CSARDLGEHEQYF	YEQYIKWPW
CSARDIGLAGVWQETQYF	YEQYIKWPW
CASSLSSGAAHSYNEQFF	YEQYIKWPW
CASSTETGGSNQPQHF	YEQYIKWPW
CASSITASLNTEAFF	YEQYIKWPW
CSVVFRANEQFF	YEQYIKWPW
CASSQGDRGSGDEQFF	YEQYIKWPW
CSARDPGRGGIHYEQYF	YEQYIKWPW
CSAQNSGGFYEKLFF	YEQYIKWPW
CASSYHPTQGQYF	YEQYIKWPW
CASSRGEQFF	YEQYIKWPW
CASATSGRGRGDEQFF	YEQYIKWPW
CASSEALRQANYEQYF	YEQYIKWPW
CASSKERGSVYEQYF	YEQYIKWPW
CASSFTGGNEQFF	YEQYIKWPW
CASSLSPRGTGELFF	YEQYIKWPW
CASSYRSDGGELFF	YEQYIKWPW
CASSQDRASGYEQYF	YEQYIKWPW
CSARDVLGGSYEQYF	YEQYIKWPW
CASTEWGFDTEAFF	YEQYIKWPW
CASSLLPLSYEQYF	YEQYIKWPW
CASSQDSSGQNIQYF	YEQYIKWPW
CSATGVDPQETQYF	YEQYIKWPW
CASSQDKAVNEQFF	YEQYIKWPW
CASSYAGNYGYTF	YEQYIKWPW
CASRSGTGTPGANVLTF	YEQYIKWPW
CASSLSPGTGIGNTIYF	YEQYIKWPW
CASSDLIASGGDTQYF	YEQYIKWPW
CASSSSILAGETYEQYF	YEQYIKWPW
CASSQDRDTRSYEQYF	YEQYIKWPW
CATSDRNLRQINQPQHF	YEQYIKWPW
