CDR3	AA
CASSYGQGNTEAFF	TFKVSIWNL
CASSLNGVADTQYF	TFKVSIWNL
CASSLMGSGEQFF	TFKVSIWNL
CASSTETVRWGTDTQYF	TFKVSIWNL
CASSLASGQGYEQYF	TFKVSIWNL
CASSNREDEQYF	TFKVSIWNL
CASSWLSYEQYF	TFKVSIWNL
CASSWTSGGHEQYF	TFKVSIWNL
CASSQDKVAPLRETQYF	TFKVSIWNL
CASSLIRTDTQYF	TFKVSIWNL
CASSQSGTGFYEQYF	TFKVSIWNL
CASSASLWQLNTEAFF	TFKVSIWNL
CAWNSRMGPQETQYF	TFKVSIWNL
CASTNAGHNEQFF	TFKVSIWNL
CASGPYEQYF	TFKVSIWNL
CASSYSLAGENEQFF	TFKVSIWNL
CASSLGLAGGAPPDTQYF	TFKVSIWNL
CASSAGTGGSPLHF	TFKVSIWNL
CSAASGTSGSGDTQYF	TFKVSIWNL
CASSWDGVSGNTIYF	TFKVSIWNL
CASSLGTGVSPLHF	TFKVSIWNL
CASRLAILGGAEMETQYF	TFKVSIWNL
CASSSTSGGTDTQYF	TFKVSIWNL
CASSSREGGTDTQYF	TFKVSIWNL
CASSYRLAGAELQETQYF	TFKVSIWNL
CSARGTGFFNTEAFF	TFKVSIWNL
CSVEAGTVNTEAFF	TFKVSIWNL
CSAPRGIETFYEQYF	TFKVSIWNL
CASSFVWVGNEQFF	TFKVSIWNL
CASSLSSGGYYEQYF	TFKVSIWNL
CSVRGGIEAFF	TFKVSIWNL
CASSLHSLTGTGGYEQFF	TFKVSIWNL
CASSFYDSLEQFF	TFKVSIWNL
CASSYSGPLGTDTQYF	TFKVSIWNL
CASSPGTGSQPQHF	TFKVSIWNL
CASSSGQGTNTGELFF	TFKVSIWNL
CASSLSVRPSTDTQYF	TFKVSIWNL
CASSFSGRGSYEQYF	TFKVSIWNL
CASSLVGAPTGDTQYF	TFKVSIWNL
CASSVTGAVTYEQYF	TFKVSIWNL
CASSSGLAGAPVETQYF	TFKVSIWNL
CASRNMVYEQFF	TFKVSIWNL
CASSQAHSSPAGGTDTQYF	TFKVSIWNL
CASSLAALTVSNTGELFF	TFKVSIWNL
CASSQDPSGGYEQYF	TFKVSIWNL
CASSQGSGYNSPLHF	TFKVSIWNL
CASSGTGNNEQFF	TFKVSIWNL
CASSPPGGRGVDEQYF	TFKVSIWNL
CASSLYGSDEQYF	TFKVSIWNL
CASGTGTGGDEQFF	TFKVSIWNL
CASSVGGFGNIQYF	TFKVSIWNL
CASSGGSEQFF	TFKVSIWNL
CASSEVGEQFF	TFKVSIWNL
CASSQATGNYEQYF	TFKVSIWNL
CASSTGRGVAGANVLTF	TFKVSIWNL
CASSAGGYEQYF	TFKVSIWNL
CASSPSVWESNQPQHF	TFKVSIWNL
CASSGWGNTEAFF	TFKVSIWNL
CASSEAFVGGGSYNEQFF	TFKVSIWNL
CASSLSPSTGSGNTIYF	TFKVSIWNL
CSVEEAGGDEQYF	TFKVSIWNL
CASSVVGGYEQYF	TFKVSIWNL
CASSRNYPSTAADNEQFF	TFKVSIWNL
CASSSPPSRRADNEQFF	TFKVSIWNL
CASSPRQGVFGYNEQFF	TFKVSIWNL
CASSPWGQGTEKLFF	TFKVSIWNL
CASSLDSLEQFF	TFKVSIWNL
CSVFTGGHEQYF	TFKVSIWNL
CASSDTGGSYNEQFF	TFKVSIWNL
CASSPIGGPGELFF	TFKVSIWNL
CASSHLDWNNEQFF	TFKVSIWNL
CASSALGTGQNEQFF	TFKVSIWNL
CASSLGSGQYNEQFF	TFKVSIWNL
CATSRPYEGFREQYF	TFKVSIWNL
CASRQFFPTNTDTQYF	TFKVSIWNL
CASSPASGDEQFF	TFKVSIWNL
CASGAGHEQFF	TFKVSIWNL
CASSSRQGHDEQYF	TFKVSIWNL
CASSVSFSANEQYF	TFKVSIWNL
CASSLPGGYDTQYF	TFKVSIWNL
CASSRGPVSYEQYF	TFKVSIWNL
CASSGAGTGGTEAFF	TFKVSIWNL
CASSPSSYNEQFF	TFKVSIWNL
CASSSGPGKGYNEQFF	TFKVSIWNL
CSAWTGNGYEQYF	TFKVSIWNL
CASSSFQGASLYEQYF	TFKVSIWNL
CASSLPNQPQHF	TFKVSIWNL
CASSPDGGTSQETQYF	TFKVSIWNL
CASSILAGVFNEQFF	TFKVSIWNL
CASSLGLAGAPGDEQYF	TFKVSIWNL
CSVALELQAETQYF	TFKVSIWNL
CASSLGLAGPGAQYF	TFKVSIWNL
CASSAWTSFNEQFF	TFKVSIWNL
CASSVRGPADSLSGANVLTF	TFKVSIWNL
CATSREPGGPDTQYF	TFKVSIWNL
CASSAGDPAGIYF	TFKVSIWNL
CASSRDRAGNEQFF	TFKVSIWNL
CASSFGTDGGEQYF	TFKVSIWNL
CASTTGPYNEQFF	TFKVSIWNL
CASSSLSSPEAFF	TFKVSIWNL
CASSPPSVFNEQFF	TFKVSIWNL
CASSLDLTYEQYF	TFKVSIWNL
CASSFPGQGVNEQFF	TFKVSIWNL
CASSLGGSPLHF	TFKVSIWNL
CASSVGSGGAEQFF	TFKVSIWNL
CASSLIGGDNEQFF	TFKVSIWNL
CASSLDSGGYEQYF	TFKVSIWNL
CASSLRVSVWGEQYF	TFKVSIWNL
CASSLEGRTFNTEAFF	TFKVSIWNL
CASSKEDWRGRNEQFF	TFKVSIWNL
CASSVRQGTPDTQYF	TFKVSIWNL
CASNEGQGGYEQYF	TFKVSIWNL
CASSQLAPTYNEQFF	TFKVSIWNL
CASSYRDYSPLHF	TFKVSIWNL
CASSLGAGGDGSSEAFF	TFKVSIWNL
CASSGVLDRSYEQYF	TFKVSIWNL
CASWTEGFNSPLHF	TFKVSIWNL
CASSQGAGGPGNEQFF	TFKVSIWNL
CASSAGGLGNEQFF	TFKVSIWNL
CASSLRQGAWETQYF	TFKVSIWNL
CAISTGLAGGADTQYF	TFKVSIWNL
