CDR3	AA
CASSHRGQGSTDTQYF	YTMADLVYA
CASSQDDGGRGYNEQFF	YTMADLVYA
CSASLGLYEQYF	YTMADLVYA
CASKLTGNSYNSPLHF	YTMADLVYA
CSANRGTYEQYF	YTMADLVYA
CSASIGVYEQYF	YTMADLVYA
CASSTSGKGEKLFF	YTMADLVYA
CASSDVGSIYNEQFF	YTMADLVYA
CSARGIAGTYNEQFF	YTMADLVYA
CSASQGIYEQYF	YTMADLVYA
CSAKAGTDTQYF	YTMADLVYA
CASSLGTGYTEAFF	YTMADLVYA
CASSLAYSGQETQYF	YTMADLVYA
CASSQSRDILQPQHF	YTMADLVYA
CATSDLTRGGQYF	YTMADLVYA
CASSSSPKTDSYEQYF	YTMADLVYA
CASSSGSEYNEQFF	YTMADLVYA
CASSPGPNTEAFF	YTMADLVYA
CASMSGTGVRKLFF	YTMADLVYA
SGGGGLDTDTQYF	YTMADLVYA
CASSAGGPDTQYF	YTMADLVYA
CASNDQLAGYGNEQFF	YTMADLVYA
CASSQADRVYNEQFF	YTMADLVYA
CASSLNGLAHYEQYF	YTMADLVYA
CATSDYRGTGANVLTF	YTMADLVYA
CASSIGGGIGTGELFF	YTMADLVYA
CASSQDGIGGTGELFF	YTMADLVYA
CASSWTEATEAFF	YTMADLVYA
CASSLVEGITEAFF	YTMADLVYA
CASSFSGRGETQYF	YTMADLVYA
CASSDLPGITEAFF	YTMADLVYA
CASSLGTAYTGELFF	YTMADLVYA
CATSDPRPGDTNEQFF	YTMADLVYA
CASSPAVNMNTEAFF	YTMADLVYA
CASSVYRGGTGELFF	YTMADLVYA
CASSERQGRGETQYF	YTMADLVYA
CASSPKVNMNTEAFF	YTMADLVYA
CATSDYGTSGTYEQYF	YTMADLVYA
CASSLGSAGDQPQHF	YTMADLVYA
CASSQGSGKGYEQYF	YTMADLVYA
CASSTTGGDTEAFF	YTMADLVYA
CSATSGRVYNEQFF	YTMADLVYA
CASSLGVGYTEAFF	YTMADLVYA
CSASQGTYEQYF	YTMADLVYA
CSATQGIYEQYF	YTMADLVYA
CASSVGVGGYNEQFF	YTMADLVYA
CASSPGGYTEAFF	YTMADLVYA
CASSQSIAGGPTDTQYF	YTMADLVYA
CASSFPGRPFSEQYF	YTMADLVYA
CSASAGVYEQYF	YTMADLVYA
CASSVGVGPGLRTGELFF	YTMADLVYA
CASGTSSGYTGELFF	YTMADLVYA
CASSPWTGDLVTDTQYF	YTMADLVYA
CASMSGTGVRKLFF	YTMADLVYA
CSAREITGKGETQYF	YTMADLVYA
CASSLGALANTGELFF	YTMADLVYA
CSVEDPQVTNEQFF	YTMADLVYA
CSGSGGTGAYEQYF	YTMADLVYA
CSARGILVMTHEQYF	YTMADLVYA
CASSNRTSGMETQYF	YTMADLVYA
CSASIGVYEQYF	YTMADLVYA
CASSFYYGRGTGELFF	YTMADLVYA
CASSQGTYEQYF	YTMADLVYA
CASSFSGRGYEQYF	YTMADLVYA
CASSLSGRGETQYF	YTMADLVYA
CASSNRGLSYNSPLHF	YTMADLVYA
CASSSTEIYNEQFF	YTMADLVYA
CASSQSRGYNEQFF	YTMADLVYA
CASSSGYSNQPQHF	YTMADLVYA
CASSFDDGTDTQYF	YTMADLVYA
CASSPRVNMNTEAFF	YTMADLVYA
CASSSGMYTIYF	YTMADLVYA
CATSGARVAGDDNEQFF	YTMADLVYA
CASSSSGSGETQYF	YTMADLVYA
CASSLSGRGETQYF	YTMADLVYA
CSASLGVYEQYF	YTMADLVYA
CASSQIPGQFNTEAFF	YTMADLVYA
CSASTGIYEQYF	YTMADLVYA
CSGSTGIYEQYF	YTMADLVYA
CAISEHLDRGSHEQYF	YTMADLVYA
CASSLGASGTYNEQFF	YTMADLVYA
CASSRRVNMNTEAFF	YTMADLVYA
CASSQTGKGETQYF	YTMADLVYA
CASRGAVNMNTEAFF	YTMADLVYA
CASSSTGKGETQYF	YTMADLVYA
CASSRDLTDSYNEQFF	YTMADLVYA
CASSLGAGYTEAFF	YTMADLVYA
CASSESGGGEGYTF	YTMADLVYA
CSARDLWQGVTYEQYF	YTMADLVYA
CASSLTGGDTEAFF	YTMADLVYA
CASGETSGYTGELFF	YTMADLVYA
CASSPWVNLNTEAFF	YTMADLVYA
CASIRAGSNEQFF	YTMADLVYA
CASSESGRSNEQFF	YTMADLVYA
CASRLTSGSPYEQYF	YTMADLVYA
CASSQDKSINEKLFF	YTMADLVYA
CSASQGLYEQYF	YTMADLVYA
CASSPGTPRSGANVLTF	YTMADLVYA
CASSRGDRVLNTEAFF	YTMADLVYA
CASSQEGLAGGETQYF	YTMADLVYA
CASSATGGGETQYF	YTMADLVYA
CSSGTSGKGETQYF	YTMADLVYA
CSASLGLYEQYF	YTMADLVYA
CASSPFGSPGGNDEQFF	YTMADLVYA
CASSSSVSSYNEQFF	YTMADLVYA
CSAQLPGGGDQPQHF	YTMADLVYA
CASSSSGDSYNEQFF	YTMADLVYA
CASGSLGESDQPQHF	YTMADLVYA
CASSQGTGPYEQYF	YTMADLVYA
CASSYYSLKAGEQYF	YTMADLVYA
CASSPYVNYNSPLHF	YTMADLVYA
CASSPRVNMNTEAFF	YTMADLVYA
CASSFLEDEQYF	YTMADLVYA
CASSRGTYEQYF	YTMADLVYA
CASSPVVNMNTEAFF	YTMADLVYA
CSASVGTYEAFF	YTMADLVYA
CSGTLGIYEQYF	YTMADLVYA
CSAPVGGGKGNTIYF	YTMADLVYA
CASSFGLADPREQYF	YTMADLVYA
CASSVVFYNSPLHF	YTMADLVYA
CATSQMTGTRNTGELFF	YTMADLVYA
CSASLGAYEQYF	YTMADLVYA
CSASRGLYEQYF	YTMADLVYA
CASSQGELAVYNEQFF	YTMADLVYA
CAWSASGPYEQYF	YTMADLVYA
CASSQSGKGTEAFF	YTMADLVYA
CTSSQDLGADRAGELFF	YTMADLVYA
CASTVQGYTEAFF	YTMADLVYA
CASSPQGTEAFF	YTMADLVYA
CSANSGVYEQYF	YTMADLVYA
CASSFGTGGSFEQYF	YTMADLVYA
CASSESLGKLQETQYF	YTMADLVYA
CASSYGTPGYGYTF	YTMADLVYA
CASSLEWPGDYGYTF	YTMADLVYA
CASSDVVGPYEQYF	YTMADLVYA
CASSLVGGGPYNEQFF	YTMADLVYA
CASSLTGGDTEAFF	YTMADLVYA
CATSGPGQGRGTEAFF	YTMADLVYA
CASSSEGGGNSPLHF	YTMADLVYA
CASSVPIRTAGDEQYF	YTMADLVYA
CASTFEGSSYEQYF	YTMADLVYA
CASSVVGALYNEQFF	YTMADLVYA
CASSPGDTNYEQYF	YTMADLVYA
CASSSGLAYEQYF	YTMADLVYA
CASIFAVNTNYGYTF	YTMADLVYA
CSASWGAYEQYF	YTMADLVYA
CASSKGLAGGIRETQYF	YTMADLVYA
CSARRDREREKLFF	YTMADLVYA
CASSPLSRGSYEQYF	YTMADLVYA
