CDR3	AA
CSARSHGWREGGETQYF	SSNVANYQK
CASSPLGTSYTDTQYF	SSNVANYQK
CASSTGFTLEKLFF	SSNVANYQK
CASSQESLAGHPPYEQYF	SSNVANYQK
CASSHPTRSTDTQYF	SSNVANYQK
CASSLRVTYNEQFF	SSNVANYQK
CASSSALTVVQQETQYF	SSNVANYQK
CSARHSVGTGSNYGYTF	SSNVANYQK
CASSDRDNEQFF	SSNVANYQK
CSVASGSNEQFF	SSNVANYQK
CATSREGGVGEQFF	SSNVANYQK
CASLISPTDTQYF	SSNVANYQK
CASSLGMDKNTEAFF	SSNVANYQK
CASSNTETQYF	SSNVANYQK
CSAPRDDGSDGYTF	SSNVANYQK
CSVGTGVSEAFF	SSNVANYQK
CASSPRPGMNTEAFF	SSNVANYQK
CSVEDGTGPAFF	SSNVANYQK
CASSIRPEHSPLHF	SSNVANYQK
CASSLAGVEQYF	SSNVANYQK
CASSPTSGGTQETQYF	SSNVANYQK
CASSPTPGTSGSAGELFF	SSNVANYQK
