CDR3	AA
CATSPGLAGDETQYF	KLWAQCVQL
CSARDFPQDLLF	KLWAQCVQL
CASSLTTSGRAVDIQYF	KLWAQCVQL
CASSLSGLNPYEQYF	KLWAQCVQL
CASGLGLAGAETQYF	KLWAQCVQL
CATGRLAGMHEQFF	KLWAQCVQL
CASSPEAGTSWGKEAFF	KLWAQCVQL
CASSFGGLIISSDQPQHF	KLWAQCVQL
CASSATVTGNTIYF	KLWAQCVQL
CASSRDGYFMEETQYF	KLWAQCVQL
CASRKSGGAINEQFF	KLWAQCVQL
CASSISVATEQFF	KLWAQCVQL
CASTPGQGNQPQHF	KLWAQCVQL
CASSFERTSWETQYF	KLWAQCVQL
CASSIFSGSSSYEQYF	KLWAQCVQL
CASSSISGSSYNEQFF	KLWAQCVQL
CASSERVIRRGQEAFF	KLWAQCVQL
CASSSDYGGIEQYF	KLWAQCVQL
CASSVENTGELFF	KLWAQCVQL
CATSDGDVSLVHHNEQFF	KLWAQCVQL
CASRREETTSWVLGPQHF	KLWAQCVQL
CSAIRQGAVTDTQYF	KLWAQCVQL
CASSPDISSYNEQFF	KLWAQCVQL
CALKRAGALREQYF	KLWAQCVQL
CSASGLGNQETQYF	KLWAQCVQL
CASSLGGTKGLGDQETQYF	KLWAQCVQL
CASAIGLAGQETQYF	KLWAQCVQL
CASSPGSSTDTQYF	KLWAQCVQL
CASSLGLVSVSRTDTQYF	KLWAQCVQL
CASSLSLAFYNEQFF	KLWAQCVQL
CASREGLQETQYF	KLWAQCVQL
CASSERDTGELFF	KLWAQCVQL
CASSLITGGFAFF	KLWAQCVQL
CASSAPDTGELFF	KLWAQCVQL
CASNGRTLNQPQHF	KLWAQCVQL
CASSVYTGNEQYF	KLWAQCVQL
CASLPGASGGNEQFF	KLWAQCVQL
CASSSTDSSGYEQYF	KLWAQCVQL
CASSDGFGLQETQYF	KLWAQCVQL
CASSLTLTEAFF	KLWAQCVQL
CAISESAGGVTGELFF	KLWAQCVQL
CASSPDLVGGYTF	KLWAQCVQL
CSATAPIDRKENTGELFF	KLWAQCVQL
CASSPPSGTVSYEQYF	KLWAQCVQL
CASSYFPTSPGANVLTF	KLWAQCVQL
CASRDGLVDWDEQFF	KLWAQCVQL
CASSFGGASADEQFF	KLWAQCVQL
CASSLWDRGYEQYF	KLWAQCVQL
CAISELAGYTGELFF	KLWAQCVQL
CASRTGTSGWGEQFF	KLWAQCVQL
CSARDLGLAYEQYF	KLWAQCVQL
CATSQGANTGELFF	KLWAQCVQL
CASSLSTTSWETQYF	KLWAQCVQL
CASRGDSVVEQFF	KLWAQCVQL
CASSLGVVITAETQYF	KLWAQCVQL
CSATPTGSPLSYEQYF	KLWAQCVQL
CASSSSLAGDRNEQFF	KLWAQCVQL
CASSSGLVGWDTQYF	KLWAQCVQL
CASSSGVVDYNEQFF	KLWAQCVQL
CASSPQNTGELFF	KLWAQCVQL
CAWSTRTAFFGNTIYF	KLWAQCVQL
CASSLWGTTGELFF	KLWAQCVQL
CASSEGTLTGSRTDTQYF	KLWAQCVQL
CASSPRDGVTQYF	KLWAQCVQL
CASSYSPNTGELFF	KLWAQCVQL
CGEVPRGNTEAFF	KLWAQCVQL
CSADREPNGDRRADTQYF	KLWAQCVQL
CASSFSLDRDAKAFF	KLWAQCVQL
CASSLDGLFRETQYF	KLWAQCVQL
CSASFFLGLAGGTGADTQYF	KLWAQCVQL
CASSSPVGGTDTQYF	KLWAQCVQL
CSASSGQGSIPQHF	KLWAQCVQL
CASGAGTITTDTQYF	KLWAQCVQL
CASGDRVIGDQPQHF	KLWAQCVQL
CAPATGGTDTQYF	KLWAQCVQL
CATSIGLAGEETQYF	KLWAQCVQL
CASSISTGDWDNEQFF	KLWAQCVQL
CASGLGLAGQETQYF	KLWAQCVQL
CASSLGTGWLEETQYF	KLWAQCVQL
CASSLWGETQYF	KLWAQCVQL
CASSPPSGEKLFF	KLWAQCVQL
CASSYGLAGGEETQYF	KLWAQCVQL
CASSFRQGTYGYTF	KLWAQCVQL
CASSSGLADNEQFF	KLWAQCVQL
CASSLVSGVFYNEQFF	KLWAQCVQL
CASSLWDSLNTEAFF	KLWAQCVQL
CASSQAGTSWNEQFF	KLWAQCVQL
CASSQEGREEAFF	KLWAQCVQL
CASRVWGSSTGELFF	KLWAQCVQL
CASSGQGVNNEQFF	KLWAQCVQL
CASSERVGDAQFF	KLWAQCVQL
CASQPIGYDEQFF	KLWAQCVQL
CSATGLALTDTQYF	KLWAQCVQL
CASKGEVVASWVHEQYF	KLWAQCVQL
CASSGTSLSSYEQYF	KLWAQCVQL
CASGLGLAGQETQYF	KLWAQCVQL
CSAVAGPLYNEQFF	KLWAQCVQL
CSASFGTGAYEQYF	KLWAQCVQL
CASSLLGDSYGYTF	KLWAQCVQL
CASSPGQVDWYEQYF	KLWAQCVQL
CASSRPSGESSYNEQFF	KLWAQCVQL
CASRGEGIYSNQPQHF	KLWAQCVQL
CASSLMQGLETEAFF	KLWAQCVQL
CASSLWGGSSYEQYF	KLWAQCVQL
CASSTGLAGGSLETQYF	KLWAQCVQL
CASSQLRTSSWDNTGELFF	KLWAQCVQL
CASSLWGGADTQYF	KLWAQCVQL
CASSYEYGTITTYEQYF	KLWAQCVQL
CASSYVQADQPQHF	KLWAQCVQL
CASSYSGGVDLTGELFF	KLWAQCVQL
CASSLGLGSETQYF	KLWAQCVQL
CASSLWLGTGELFF	KLWAQCVQL
CSVTHTGDIQETQYF	KLWAQCVQL
CASRMTSESWNEQFF	KLWAQCVQL
CSAPTGVSYNEQFF	KLWAQCVQL
CSASERSTTLGQTTQYF	KLWAQCVQL
CASSLEAVAGWTKKAFF	KLWAQCVQL
CASRPGTVDWNEQFF	KLWAQCVQL
CASGLGLAGEETQYF	KLWAQCVQL
CASSLTFPVTGELFF	KLWAQCVQL
CASSSRVSNEKLFF	KLWAQCVQL
CASSPEGNQPQHF	KLWAQCVQL
CASSEGGTGWDTQYF	KLWAQCVQL
CASGAPNTGELFF	KLWAQCVQL
CSAQNRDSFFYNEQFF	KLWAQCVQL
CASSPRQANEQFF	KLWAQCVQL
CASSSSLGYEQYF	KLWAQCVQL
CAWGPGTVDWYEQYF	KLWAQCVQL
CASSPSGTGYGYTF	KLWAQCVQL
CASSQAVVDYNEQFF	KLWAQCVQL
CASSYTSGSRDNEQFF	KLWAQCVQL
CAIRSGTRSWDEQFF	KLWAQCVQL
CSVGVNTEAFF	KLWAQCVQL
CASQKWGQETQYF	KLWAQCVQL
CASSASDTGELFF	KLWAQCVQL
CASSDEGVGTDTQYF	KLWAQCVQL
CASSAWLNTEAFF	KLWAQCVQL
CASSVEGGLYGYTF	KLWAQCVQL
CASSVEAAFYGYTF	KLWAQCVQL
CASSIGTTSTDTQYF	KLWAQCVQL
CASSFSMAGRETQYF	KLWAQCVQL
CASSYFSGRAYNEQFF	KLWAQCVQL
CASSGTGSSGNTIYF	KLWAQCVQL
CASSLGTTSYNEQFF	KLWAQCVQL
CASGLGLAGQETQYF	KLWAQCVQL
CASSSDLLTGGSTDTQYF	KLWAQCVQL
CASSQGVFGEQYF	KLWAQCVQL
CSAAKGDTSWDTQYF	KLWAQCVQL
CASSLMWGSYEQYF	KLWAQCVQL
CASSSWTSFGELFF	KLWAQCVQL
CASSGETVDEQFF	KLWAQCVQL
CASRAQGWDIQYF	KLWAQCVQL
CASSQEANTIYF	KLWAQCVQL
CASSGERGGFVEQFF	KLWAQCVQL
CASSRDSGYTF	KLWAQCVQL
CSVVRTQTNTDTQYF	KLWAQCVQL
CASSQVAESSTDTQYF	KLWAQCVQL
CASSFGPKGEQYF	KLWAQCVQL
CASSQGTVNWDTQYF	KLWAQCVQL
CASSSTLDRTEQETQYF	KLWAQCVQL
CASSQDEGQINYNEQFF	KLWAQCVQL
CASRVWGSSTGELFF	KLWAQCVQL
CAVLGSLHTDTQYF	KLWAQCVQL
CASSGGQVGNQPQHF	KLWAQCVQL
CASSVDIAGVQETQYF	KLWAQCVQL
CASSLTNLAGGLEDFSTDTQYF	KLWAQCVQL
CASATRGDAKNIQYF	KLWAQCVQL
CASRTGTAGWETQYF	KLWAQCVQL
CASRREGTASWGAYNEQFF	KLWAQCVQL
CASSYASGVLDNEQFF	KLWAQCVQL
CASSPGFSYNEQFF	KLWAQCVQL
CASRADRGYYNEQFF	KLWAQCVQL
CASTEGQITGELFF	KLWAQCVQL
CASSPRMRNEQFF	KLWAQCVQL
CASGPGLAGADTQYF	KLWAQCVQL
CASSLGQGSDYGYTF	KLWAQCVQL
CASSVGTISGTDTQYF	KLWAQCVQL
CASSEETGPYNEQFF	KLWAQCVQL
CASRSGDTGWGEQYF	KLWAQCVQL
CASSDPGVTHNEQFF	KLWAQCVQL
CASSVFWDPSATDTQYF	KLWAQCVQL
CASRRDRSFYNEQFF	KLWAQCVQL
CASSLGLAGANEQYF	KLWAQCVQL
