CDR3	AA
CASGQGADTQYF	GYINVFAFPF
CASSYSVDGYSNQPQHF	GYINVFAFPF
CSVLQGSGYTF	GYINVFAFPF
CSAVRPGQNYEQYF	GYINVFAFPF
CATQGTKPEQYF	GYINVFAFPF
CASYVPTGVNTEAFF	GYINVFAFPF
CSARSENTGELFF	GYINVFAFPF
CASSPRTSGIETQYF	GYINVFAFPF
CASSQVGEKLFF	GYINVFAFPF
CASSQDPTGGSGYTF	GYINVFAFPF
CASSLSPGQSGYTF	GYINVFAFPF
CASSFRGAGANVLTF	GYINVFAFPF
CASSLYLGYEQYF	GYINVFAFPF
CATQRSGTSGSYEQYF	GYINVFAFPF
CASSPTGETQYF	GYINVFAFPF
CASSLGGPMGGYTF	GYINVFAFPF
CASSRSGVETQYF	GYINVFAFPF
CASSSWGSGANVLTF	GYINVFAFPF
CSAQEYNEQFF	GYINVFAFPF
CAAGRDGFYEQYF	GYINVFAFPF
CASSPPGPVPYEQYF	GYINVFAFPF
CSVEQGNGNEQFF	GYINVFAFPF
CASGNGYYEQYF	GYINVFAFPF
CSAPNQGYSYEQYF	GYINVFAFPF
CASSKARGTVKNSPLHF	GYINVFAFPF
CASSQGGDSDF	GYINVFAFPF
CATSRELAGGPGETQYF	GYINVFAFPF
CAISSSGNGETQYF	GYINVFAFPF
CATSDNRQGNEQFF	GYINVFAFPF
CASSFGQGGYTF	GYINVFAFPF
CASSLTETLTSGSDEQFF	GYINVFAFPF
CASSHGGFEQFF	GYINVFAFPF
CASSSTGYTQYF	GYINVFAFPF
CASSLSYEQFF	GYINVFAFPF
CASTHPQHF	GYINVFAFPF
CATSLAAGLFEQGTDTQYF	GYINVFAFPF
CASSQEGGAGTNEKLFF	GYINVFAFPF
CASSPTGYEQYF	GYINVFAFPF
CASSYPLAGDRYYEQYF	GYINVFAFPF
CASSFPLARGYNEQFF	GYINVFAFPF
CASRDRGETQYF	GYINVFAFPF
CASSPDRAPYEQYF	GYINVFAFPF
CASSFTGTEAFF	GYINVFAFPF
CASSFTPTGDTQYF	GYINVFAFPF
CATKRQGNTEAFF	GYINVFAFPF
RATLHGTSGGPYEQYF	GYINVFAFPF
CASSPGGGEQFF	GYINVFAFPF
CASSYKETQYF	GYINVFAFPF
CASSLQGNTEAFF	GYINVFAFPF
CASSPTGHETQYF	GYINVFAFPF
CSARDPSSYNSPLHF	GYINVFAFPF
CASSPAGAERLF	GYINVFAFPF
CASSVFGGYEQYF	GYINVFAFPF
CSAETLAGHYEQYF	GYINVFAFPF
CASSLTYNQPQHF	GYINVFAFPF
CASSFTGVDVF	GYINVFAFPF
CASSEFGGANEKLFF	GYINVFAFPF
CATQTTGELFF	GYINVFAFPF
CASSERDLYHEAFF	GYINVFAFPF
CASSIGGGEAFF	GYINVFAFPF
CSARDKRAGEIHGYTF	GYINVFAFPF
CASSSQGGAFF	GYINVFAFPF
CASSPTSYEQYF	GYINVFAFPF
CASSPTGHTQYF	GYINVFAFPF
CASSEAVAGPYEQYF	GYINVFAFPF
CASSPTGHEQYF	GYINVFAFPF
CASSWDRANYGYTF	GYINVFAFPF
CASSLTGQGEQYF	GYINVFAFPF
CASAPMDGALGYEQYF	GYINVFAFPF
CASSFSGNEQFF	GYINVFAFPF
CASSYSPGHSYNEQFF	GYINVFAFPF
CASSIGGGGEQFF	GYINVFAFPF
CASSYTGAETQYF	GYINVFAFPF
CASSLQGNTEAFF	GYINVFAFPF
CASSFLTGAGYTF	GYINVFAFPF
CASSGQGETQYF	GYINVFAFPF
RASSSQGTGGGSYNEQFF	GYINVFAFPF
CAISSGTGDYEQYF	GYINVFAFPF
CASSYGSYGYTF	GYINVFAFPF
CASSYNSGNTIYF	GYINVFAFPF
CSGYWAGSSYEQYF	GYINVFAFPF
CASSLREF	GYINVFAFPF
CASTGGGHTGELFF	GYINVFAFPF
CASSLSGELFF	GYINVFAFPF
CASSSTGEQFF	GYINVFAFPF
CATSTVGETQYF	GYINVFAFPF
CASSWDRAYEQYF	GYINVFAFPF
CASSPTGNEQFF	GYINVFAFPF
CATSDFVAGNTGELFF	GYINVFAFPF
CASGEHEQYF	GYINVFAFPF
CASSVPGGEQFF	GYINVFAFPF
CASSSTGYEQYF	GYINVFAFPF
CASSYRPPDPASDYEQYF	GYINVFAFPF
CASSGSGETQYF	GYINVFAFPF
CASSLAGEGNEQFF	GYINVFAFPF
CASSPTGCEQYF	GYINVFAFPF
CASSPTGKLAFF	GYINVFAFPF
CSVNEGSSGEKLFF	GYINVFAFPF
CASSGAGTGGDSYEQYF	GYINVFAFPF
CASSLQGFYEQYF	GYINVFAFPF
CASSSQGEKLFF	GYINVFAFPF
CAIMTGWGYTF	GYINVFAFPF
CATSPAEAFF	GYINVFAFPF
CSVAGGATEAFF	GYINVFAFPF
CASSPRTGTQYF	GYINVFAFPF
CASSLGLQGYTF	GYINVFAFPF
CATSSRGKETQYF	GYINVFAFPF
CSAPRTSGSAAQETQYF	GYINVFAFPF
CASSPTGAEAFF	GYINVFAFPF
CASSPVAGGPVEYF	GYINVFAFPF
CASSLGLAGGQYEQYF	GYINVFAFPF
CSAPTSGGSTDTQYF	GYINVFAFPF
CASSAALSSNQPQHF	GYINVFAFPF
CASSLTGETQYF	GYINVFAFPF
CATVSGRTAEQFF	GYINVFAFPF
CASSPQGALGYEQYF	GYINVFAFPF
CASSFVGELFF	GYINVFAFPF
CASSLAGDEQFF	GYINVFAFPF
CATSSSGYEQYF	GYINVFAFPF
CSVESGTYEQYF	GYINVFAFPF
CASSWDRVYEQYF	GYINVFAFPF
CASGGYGYTF	GYINVFAFPF
CASSFSGPEAFF	GYINVFAFPF
CASSLDFRAKNIQYF	GYINVFAFPF
CASSLSYEQYF	GYINVFAFPF
CASSQVGETQYF	GYINVFAFPF
CASNGGGWETQYF	GYINVFAFPF
CASSFADTQYF	GYINVFAFPF
CASSQDPGLPSSYNEQFF	GYINVFAFPF
CASSLVDTQYF	GYINVFAFPF
CASSPTGFEQYF	GYINVFAFPF
CASTSGPEQYF	GYINVFAFPF
CASSPSSEQFF	GYINVFAFPF
CASSFVGLAGNEQFF	GYINVFAFPF
CASSPTGNIQYF	GYINVFAFPF
CASGYTGVPFF	GYINVFAFPF
CSVVRENTGELFF	GYINVFAFPF
CASSSQGQGGTYEQYF	GYINVFAFPF
CASSLAGGSTDTQYF	GYINVFAFPF
CASGRERSYNEQFF	GYINVFAFPF
CASSLAGEKLFF	GYINVFAFPF
CSVYFLSNEKLFF	GYINVFAFPF
CASSWGGGGLEAQYF	GYINVFAFPF
CASSTSGYEQYF	GYINVFAFPF
CASSPTDGEQFF	GYINVFAFPF
CASPGLGCGEQFF	GYINVFAFPF
CASSSGGVEQYF	GYINVFAFPF
CASSYIYEQYF	GYINVFAFPF
CASSPKGSGELFF	GYINVFAFPF
CASSYSSLNTEAFF	GYINVFAFPF
CASSLPYTF	GYINVFAFPF
CASSDGLAGLQNEQFF	GYINVFAFPF
CASSHMGETQYF	GYINVFAFPF
CSAPVLNTEAFF	GYINVFAFPF
CASRFGVGQLSYEQYF	GYINVFAFPF
CASSYSETQYF	GYINVFAFPF
CASSVELAGGLNRQFF	GYINVFAFPF
CASSLVTDGYTF	GYINVFAFPF
CATGWGKFF	GYINVFAFPF
CASSFSGTDTQYF	GYINVFAFPF
CSAREVGFDQPQHF	GYINVFAFPF
CASSPSGTYEQYF	GYINVFAFPF
CSVEEGTGFEQYF	GYINVFAFPF
CASSLSGSHRFF	GYINVFAFPF
CASSPHLGSDEQFF	GYINVFAFPF
CASRGEQLPELFF	GYINVFAFPF
CASGLDVGQGGGYTF	GYINVFAFPF
CSARDFLGGDSRGYTF	GYINVFAFPF
CASSETGVPYSPLHF	GYINVFAFPF
CASSATGAGEQYF	GYINVFAFPF
CASSFQETQYF	GYINVFAFPF
CASSRHSTDTQYF	GYINVFAFPF
CASSVAGLENEQFF	GYINVFAFPF
CASRPDTQYF	GYINVFAFPF
CASSFMAEQFF	GYINVFAFPF
CASGPSEPDGYTF	GYINVFAFPF
CASSSTNEQFF	GYINVFAFPF
CASSSPFEQFF	GYINVFAFPF
CSARPTSGRSDEQFF	GYINVFAFPF
CASSPGGEQYF	GYINVFAFPF
CATSDFPAGSYNEQFF	GYINVFAFPF
CASSLTGDEQFF	GYINVFAFPF
CASSYNRGNEQFF	GYINVFAFPF
CASSSTGGGTDTQYF	GYINVFAFPF
CAISDGWSSYEQYF	GYINVFAFPF
CASSLVGGGVEQYF	GYINVFAFPF
CASSVVDYTTDTQYF	GYINVFAFPF
CASSPTGHEQYF	GYINVFAFPF
CASKVGGLGYTF	GYINVFAFPF
CATSRASPGQGYEQYF	GYINVFAFPF
CAGPAGETQYF	GYINVFAFPF
CASSWGLGGEQYF	GYINVFAFPF
CASSLSGETQYF	GYINVFAFPF
CASNYGGTEAFF	GYINVFAFPF
CASSQTDTQYF	GYINVFAFPF
CSATRGQETQYF	GYINVFAFPF
CSVQAGTDEQYF	GYINVFAFPF
CASSFSDTQYF	GYINVFAFPF
CASSIPTSENNEQFF	GYINVFAFPF
CASSQEGDPKQYF	GYINVFAFPF
CASTLVAGGYNEQFF	GYINVFAFPF
CASSYGSYEQYF	GYINVFAFPF
CATSDFHGLAGEVNTGELFF	GYINVFAFPF
CASSPTGATIYF	GYINVFAFPF
CSVRTGSPEAFF	GYINVFAFPF
CASSLAGETQYF	GYINVFAFPF
CASSVDSGSYEQYF	GYINVFAFPF
CASSFPTETQYF	GYINVFAFPF
CASSPGNQPQHF	GYINVFAFPF
CASSSFGSSYEQYF	GYINVFAFPF
CASSAQGTTEAFF	GYINVFAFPF
CASTLVGDEQFF	GYINVFAFPF
CASSMMGTFDYTF	GYINVFAFPF
CASSPTGAEAFF	GYINVFAFPF
CASNPWGEVGELFF	GYINVFAFPF
CASSLTGEKLFF	GYINVFAFPF
CSARQLGQMNTEAFF	GYINVFAFPF
CASSSTGETQYF	GYINVFAFPF
CASGGGINYGYTF	GYINVFAFPF
CASSFSETQYF	GYINVFAFPF
CASRGLAGPIGDEQYF	GYINVFAFPF
CASSQVGFYNEQFF	GYINVFAFPF
CASSFTGTDYEQYF	GYINVFAFPF
CASSYSPLAGGDTQYF	GYINVFAFPF
CASSKTGYEQFF	GYINVFAFPF
CASSGGGSFGTSGWEQYF	GYINVFAFPF
CASSLTPETYEQYF	GYINVFAFPF
CASSSGTDSYEQYF	GYINVFAFPF
CSARDIGSMNTEAFF	GYINVFAFPF
CASSLSVEQFF	GYINVFAFPF
CASSVDSGSYEQYF	GYINVFAFPF
CASSSGLSSYEQYF	GYINVFAFPF
CSVVDSLNTEAFF	GYINVFAFPF
CSVRTSGYEQYF	GYINVFAFPF
CASSFSNLPFF	GYINVFAFPF
CASSPTWDAGHTDTQYF	GYINVFAFPF
CASSQGGVQFF	GYINVFAFPF
CASRLDPSRSYEQYF	GYINVFAFPF
CASSFLAGELFF	GYINVFAFPF
CASRDPDRGWYTEAFF	GYINVFAFPF
CASSLSVGEGFDEQFF	GYINVFAFPF
CASSLSSQQYF	GYINVFAFPF
CASSEYSGGADEQFF	GYINVFAFPF
CASSPRHGSADTQYF	GYINVFAFPF
CASSLQGIAYEQYF	GYINVFAFPF
CASSFFSSKKAEAFF	GYINVFAFPF
CASSQYPEDWTGYTF	GYINVFAFPF
CASSLVGYGYTF	GYINVFAFPF
CASTYAGYGYTF	GYINVFAFPF
CASSSGGLDQYF	GYINVFAFPF
CASSPGATIYF	GYINVFAFPF
CATNYGGFETQYF	GYINVFAFPF
CSASSPAEQFF	GYINVFAFPF
CASSPPKGEQYF	GYINVFAFPF
CASREGLAGEIAYNEQFF	GYINVFAFPF
CASSQDGADASYEQYF	GYINVFAFPF
CSVISGGQTQYF	GYINVFAFPF
CASSYFLAGGYNEQFF	GYINVFAFPF
CASSLTGAEQFF	GYINVFAFPF
CSAYTGLAGPLYEQYF	GYINVFAFPF
CASSPQGETLHF	GYINVFAFPF
CSAIGYGYTF	GYINVFAFPF
CATSRGGGPYEQYF	GYINVFAFPF
CASSFDEKLFF	GYINVFAFPF
CASSFSYEQYF	GYINVFAFPF
CASSLGAVAFF	GYINVFAFPF
CASSQNSYEQYF	GYINVFAFPF
CASTLGLWPEAFF	GYINVFAFPF
CASSPLSF	GYINVFAFPF
CASSLAGFLQFF	GYINVFAFPF
CASSVNGPEAFF	GYINVFAFPF
CASSAPTGQGDYEQYF	GYINVFAFPF
CSARGHTPPLGYGYTF	GYINVFAFPF
CASSSPHRGDKSGDTEAFF	GYINVFAFPF
CASSLFPFNQPQHF	GYINVFAFPF
CASSLESNYGYTF	GYINVFAFPF
CASSYGSYEQYF	GYINVFAFPF
CASSFGDQISF	GYINVFAFPF
CASSDFGGFSYEQYF	GYINVFAFPF
CASSGSGSENTGELFF	GYINVFAFPF
CASSSNTKGYEQYF	GYINVFAFPF
CASSPSGNQFF	GYINVFAFPF
CSVDAGLNEQFF	GYINVFAFPF
CASSPGVAGRGHNEQFF	GYINVFAFPF
CATSALHSGYNEQFF	GYINVFAFPF
CASSASEEQFF	GYINVFAFPF
CASSYKAEAFF	GYINVFAFPF
CASSDLTKLFF	GYINVFAFPF
CASSLTGETQYF	GYINVFAFPF
CASSAGPGEGYEQYF	GYINVFAFPF
CSATGGTDTQYF	GYINVFAFPF
CAISESGNEQFF	GYINVFAFPF
CSARGRLAGGSYEQYF	GYINVFAFPF
CASQERDTQYF	GYINVFAFPF
CASSLGPSAQGSSYEQYF	GYINVFAFPF
CATSSVAAEQFF	GYINVFAFPF
CASSTQGIGSYNEQFF	GYINVFAFPF
CASSQAGEKLFF	GYINVFAFPF
CSVGKGRTNTGELFF	GYINVFAFPF
CASSSTGRTYEQYF	GYINVFAFPF
CASSQRTGGEAFF	GYINVFAFPF
CASSPTVNEQFF	GYINVFAFPF
CASSGTPNTGELFF	GYINVFAFPF
CASSGVGGQGYGYTF	GYINVFAFPF
CASSLSGANEQFF	GYINVFAFPF
CASRGLAGSSYNEQFF	GYINVFAFPF
CASSPDTQYF	GYINVFAFPF
CASSVEGGWVYNEQFF	GYINVFAFPF
CASSSPGGGTEAFF	GYINVFAFPF
CASSLLAGGTTDTQYF	GYINVFAFPF
CSAISGSGNTIYF	GYINVFAFPF
CSAIIPGRTNIYEQYF	GYINVFAFPF
CASSLGTSGSQEETQYF	GYINVFAFPF
CASSPGHIQYF	GYINVFAFPF
CASSPTGTEAFF	GYINVFAFPF
CASSLGYGYTF	GYINVFAFPF
CASSLADRLGYETQYF	GYINVFAFPF
CASSSSPGANTEAFF	GYINVFAFPF
CASSVYTDTQYF	GYINVFAFPF
CASSVNSNQPQHF	GYINVFAFPF
CASSYGGDTQYF	GYINVFAFPF
CASNYPGGGLFF	GYINVFAFPF
CASTLRGDTQYF	GYINVFAFPF
CSAQNAPEGSYEQYF	GYINVFAFPF
CSATPPGVERNEQFF	GYINVFAFPF
CASSATGFSAFF	GYINVFAFPF
CASMQNNEQFF	GYINVFAFPF
CASSLAVGNLQPQHF	GYINVFAFPF
CATHGQSGANVLTF	GYINVFAFPF
CASSPAYRGINEQFF	GYINVFAFPF
CASSPFGGELFF	GYINVFAFPF
CASSYSDTQYF	GYINVFAFPF
CASSPGTGAYEQYF	GYINVFAFPF
CASFSGGLGYTF	GYINVFAFPF
CSAPSGTAQETQYF	GYINVFAFPF
CSASYNEQFF	GYINVFAFPF
CSAIAEVYNEQFF	GYINVFAFPF
CASSLGGDEQYF	GYINVFAFPF
CASSASDTQYF	GYINVFAFPF
CSADAVSTDTQYF	GYINVFAFPF
CATPGRLAGGPNEQFF	GYINVFAFPF
CASSPVRGSSYEQYF	GYINVFAFPF
CASSSATEAFF	GYINVFAFPF
CASSFGGWAQYF	GYINVFAFPF
CASSPSGNEQYF	GYINVFAFPF
CSVELGQGYNEQFF	GYINVFAFPF
CASSLVGPTEAFF	GYINVFAFPF
CASSSTGYIQYF	GYINVFAFPF
CATSRAPGQGNYGYTF	GYINVFAFPF
CASSFSAAAFF	GYINVFAFPF
CASSWDTNYGYTF	GYINVFAFPF
CARPGGSATAKNIQYF	GYINVFAFPF
CASSGGGAYNEQFF	GYINVFAFPF
CASSFTSEQFF	GYINVFAFPF
CSASGLGFGYTF	GYINVFAFPF
CSVEEGRTYNEQFF	GYINVFAFPF
CASSLLDRGRAKGYEQYF	GYINVFAFPF
CASSQGLPGADTQYF	GYINVFAFPF
CASSSGPPGTNEKLFF	GYINVFAFPF
CSARDEATGNEKLFF	GYINVFAFPF
CASSQPSSEQFF	GYINVFAFPF
CASSPGGGEQFF	GYINVFAFPF
CASSYEGSGAPTGELFF	GYINVFAFPF
CAARAWGGSEKLFF	GYINVFAFPF
CASSPTGAEQYF	GYINVFAFPF
CSAITGAGELFF	GYINVFAFPF
CASSPSGEGYTF	GYINVFAFPF
CASTFVGDEQFF	GYINVFAFPF
CASSAGTGGSYEQYF	GYINVFAFPF
CASSQGGWLFF	GYINVFAFPF
CATAVETGKITDTQYF	GYINVFAFPF
CASSLASETFF	GYINVFAFPF
CSASESRGAWEQYF	GYINVFAFPF
CSAREDRLVEQFF	GYINVFAFPF
CASSFSFEQYF	GYINVFAFPF
CSVVSFRADTQYF	GYINVFAFPF
CSASDRDSRYEQYF	GYINVFAFPF
CASSFLEPL	GYINVFAFPF
CASSSGSLGYTF	GYINVFAFPF
CSVEHGTGELFF	GYINVFAFPF
CASRRTANTEAFF	GYINVFAFPF
CASSSGAKLFF	GYINVFAFPF
CASSISSEQYF	GYINVFAFPF
CSARDLGTGELFF	GYINVFAFPF
CASSYSSTSGSEQYF	GYINVFAFPF
CASGFTGSGANVLTF	GYINVFAFPF
CASTFDSVEAFF	GYINVFAFPF
CASSPETNTGELFF	GYINVFAFPF
CASSIFLAWGELFF	GYINVFAFPF
CSVETGDTGNTIYF	GYINVFAFPF
CSARTVNTGELFF	GYINVFAFPF
CSVEDRAYGYTF	GYINVFAFPF
CASSNGRSSYEQYF	GYINVFAFPF
CASSPGTGISYEQYF	GYINVFAFPF
CASSGGLAVQYF	GYINVFAFPF
CASSLSGGSTDTQYF	GYINVFAFPF
CASSLDGYEQFF	GYINVFAFPF
CASTLVGRGYTF	GYINVFAFPF
CAISGRSNEQFF	GYINVFAFPF
CASSPTGETQYF	GYINVFAFPF
CASSYTGTPSGEQYF	GYINVFAFPF
CASSSSSGRGGVWNIQYF	GYINVFAFPF
CASSFMGLGTTSTDTQYF	GYINVFAFPF
CSAPEYNEQFF	GYINVFAFPF
CATTGGNAEAFF	GYINVFAFPF
CASSLAGELFF	GYINVFAFPF
CASSFTGGEAFF	GYINVFAFPF
CASSLGGESYEQYF	GYINVFAFPF
CASSAEHYTEAFF	GYINVFAFPF
CASSYSGGTPGEKLFF	GYINVFAFPF
CASEYGNTIYF	GYINVFAFPF
CSANHYNEQFF	GYINVFAFPF
CASRYSDTQYF	GYINVFAFPF
CASSYSTYHYNEQFF	GYINVFAFPF
CSATTDMGEKLFF	GYINVFAFPF
CSVLTGAGTGELFF	GYINVFAFPF
CASSDGDLYNEQFF	GYINVFAFPF
CASSVAEGQPQHF	GYINVFAFPF
CASSYSGETQYF	GYINVFAFPF
CASSLGSYEQYF	GYINVFAFPF
CASSLAQTQYF	GYINVFAFPF
CAIGTVSNQPQHF	GYINVFAFPF
CSVLRLAGGQSGELFF	GYINVFAFPF
CASSLGETQYF	GYINVFAFPF
CSSTSGDTYEQYF	GYINVFAFPF
CASSLVPGDMNTEAFF	GYINVFAFPF
CSALGYGPGTTEAFF	GYINVFAFPF
CASSVAGETQYF	GYINVFAFPF
CASSATSGTHAYNEQFF	GYINVFAFPF
CASSPGTSRGEQFF	GYINVFAFPF
CASSPLGDGGSYEQYF	GYINVFAFPF
CSASSGTGDRYNEQFF	GYINVFAFPF
CASSLSGTQYF	GYINVFAFPF
CASSLDAYEQYF	GYINVFAFPF
CATMLGASNQPQHF	GYINVFAFPF
CASSQEQGYYNEQFF	GYINVFAFPF
CASSFSYEQYF	GYINVFAFPF
CSVEDGGGDTQYF	GYINVFAFPF
CASSLTMNYGYTF	GYINVFAFPF
CASSFSIEQYF	GYINVFAFPF
CASISPGTSLYEQYF	GYINVFAFPF
CATSSTDTQYF	GYINVFAFPF
CASSYSMSGGLNTDTQYF	GYINVFAFPF
CASLRGQAHTF	GYINVFAFPF
CATSGIYRTSSYNEQFF	GYINVFAFPF
CASGQGAIEQYF	GYINVFAFPF
CATSDRQGPAVYF	GYINVFAFPF
CASSRTGSEAFF	GYINVFAFPF
CASSPAGTATGELFF	GYINVFAFPF
CSAAYGRETQYF	GYINVFAFPF
CASSVGLNQPQHF	GYINVFAFPF
CASSQTGANPPQHF	GYINVFAFPF
CASSYGRLAGPNEQFF	GYINVFAFPF
CASTPSGELFF	GYINVFAFPF
CSALSTSPGDSPLHF	GYINVFAFPF
CASSQDWNQPQHF	GYINVFAFPF
CASSYSTTSGSPDTQYF	GYINVFAFPF
CSVPHPLRAIEQFF	GYINVFAFPF
CSAPIGDRRYEQYF	GYINVFAFPF
CASSFSGEKLFF	GYINVFAFPF
CASSSWTGIEKLFF	GYINVFAFPF
CASSYMSEQYF	GYINVFAFPF
CASSFGDILFF	GYINVFAFPF
CASSLEGEKLFF	GYINVFAFPF
CSARDLSGRPEQYF	GYINVFAFPF
CASSLADEAFF	GYINVFAFPF
CASSLMGEQYF	GYINVFAFPF
CATSSHGTTTYNEQFF	GYINVFAFPF
CATSSRAGGGYTF	GYINVFAFPF
CASSLAGGMNEQFF	GYINVFAFPF
CASGWGSLFF	GYINVFAFPF
CASSPMGSGSLNEQFF	GYINVFAFPF
CASSQIQGSGEQYF	GYINVFAFPF
CASSFSNRPDF	GYINVFAFPF
CSARREAPGAFF	GYINVFAFPF
CASSYKLAGDISYEQYF	GYINVFAFPF
CSAPVSTGSYEQYF	GYINVFAFPF
CASSLSGETQYF	GYINVFAFPF
CASSSTGYTIYF	GYINVFAFPF
CASSSRHFSGNTIYF	GYINVFAFPF
CASSLHPGGYYEQYF	GYINVFAFPF
CASSYGGPYEQYF	GYINVFAFPF
CASSLTDTQYF	GYINVFAFPF
CSVKTGVSGNTIYF	GYINVFAFPF
CASSFDASQYF	GYINVFAFPF
CASSEAGGQSDTQYF	GYINVFAFPF
CASSLDGNEQFF	GYINVFAFPF
CASSVGDWDIETQYF	GYINVFAFPF
CAIRLIQGSNTEAFF	GYINVFAFPF
CASSFGAWQFF	GYINVFAFPF
CASSLGGANEQFF	GYINVFAFPF
CASSQTYTGGGPGELFF	GYINVFAFPF
CASSLTGDGYTF	GYINVFAFPF
CASSKGDGYTF	GYINVFAFPF
CATSRVAGGYNEQFF	GYINVFAFPF
CASGVGGNGYTF	GYINVFAFPF
CASRKPTGGRQPQHF	GYINVFAFPF
CASSPHGAEHYNEQFF	GYINVFAFPF
CSVETGEGYEQYF	GYINVFAFPF
CASSDRDRETQYF	GYINVFAFPF
CASSLRVSSQETQYF	GYINVFAFPF
CSVETGNSGNTIYF	GYINVFAFPF
CSATSGRTYEQYF	GYINVFAFPF
CSASLAGGTYEQYF	GYINVFAFPF
CASSLTGETQYF	GYINVFAFPF
CASSSRQGYTGELFF	GYINVFAFPF
CARSFLDVEEQFF	GYINVFAFPF
CSARATGTHLSIYF	GYINVFAFPF
CATSGQGRAYEQYF	GYINVFAFPF
CASTETGWNTIYF	GYINVFAFPF
CASSFSVGNTEAFF	GYINVFAFPF
CASRQEGTAYEQYF	GYINVFAFPF
CASSNSGAGEF	GYINVFAFPF
CASSYGGNQPQHF	GYINVFAFPF
CATSSGGRETQYF	GYINVFAFPF
CSARGTHDQETQYF	GYINVFAFPF
CASSYVGNEQFF	GYINVFAFPF
CATRQGSGELFF	GYINVFAFPF
CASEWAGTEAFF	GYINVFAFPF
CASRETGTYNEQFF	GYINVFAFPF
CASSSLGGLSLAPEAKNIQYF	GYINVFAFPF
CASSSGGTEAFF	GYINVFAFPF
CASSQDPGGTTQYF	GYINVFAFPF
CASSYGAIEQFF	GYINVFAFPF
CASSYFLAGGYNEQFF	GYINVFAFPF
CASSLTGFGYTF	GYINVFAFPF
CASSFVGYEQYF	GYINVFAFPF
CASSLTGNEQFF	GYINVFAFPF
CATTPSSGGELFF	GYINVFAFPF
CASSPGGEQFF	GYINVFAFPF
CAGGYTSTDTQYF	GYINVFAFPF
CASSQSYPTYQPQHF	GYINVFAFPF
CASSPQGWELFF	GYINVFAFPF
CASSYEIGTGNTEAFF	GYINVFAFPF
CASSVETVYNEQFF	GYINVFAFPF
CSATYGYTF	GYINVFAFPF
CASSSNGLAGGYEQYF	GYINVFAFPF
CASSSGLTIPGDTQYF	GYINVFAFPF
CASNRVAGELFF	GYINVFAFPF
CASSPRSGTSYNEQFF	GYINVFAFPF
CASSLVGNEQFF	GYINVFAFPF
CASSFDGPYGYTF	GYINVFAFPF
CASSQVGETQYF	GYINVFAFPF
CASSLGRATEAFF	GYINVFAFPF
CASSQGAGINSPLHF	GYINVFAFPF
CASARGDEQFF	GYINVFAFPF
CASSPTAGDSGNTIYF	GYINVFAFPF
CASSLGLAGGKDTQYF	GYINVFAFPF
CATSNQLRQHF	GYINVFAFPF
CASSLRGGELFF	GYINVFAFPF
CASSLAAPYEQYF	GYINVFAFPF
CASSLSREAFF	GYINVFAFPF
CASSKGLADLGNGELFF	GYINVFAFPF
CASSSAGFGGSYEQYF	GYINVFAFPF
CASSVAVGTTNYEQYF	GYINVFAFPF
CSASPGGPGETQYF	GYINVFAFPF
CASSLGNYGYTF	GYINVFAFPF
CASSFTGNTIYF	GYINVFAFPF
CASSVGGGTYEQYF	GYINVFAFPF
CASSVTGNPRYGYTF	GYINVFAFPF
CASSLSGFGYTF	GYINVFAFPF
CSAPDRDSPKHTDTQYF	GYINVFAFPF
CSAETGSGYEQYF	GYINVFAFPF
CASSGDGGEKLFF	GYINVFAFPF
CSATRGVGTDTQYF	GYINVFAFPF
CASSFLGTAGELFF	GYINVFAFPF
CASSFAVEQYF	GYINVFAFPF
CSVEEGSGELFF	GYINVFAFPF
CASSQGRAQGELFF	GYINVFAFPF
CSALGQGVNGYTF	GYINVFAFPF
CASSPVSSLYNEQFF	GYINVFAFPF
CATSRVGGGPEQYF	GYINVFAFPF
CSVEFGQAYNEQFF	GYINVFAFPF
CASSPGTTSYEQYF	GYINVFAFPF
CASSLYPETPGELFF	GYINVFAFPF
CASQGAKETQYF	GYINVFAFPF
CASSLSYEQYF	GYINVFAFPF
CASSEGGGSTDTQYF	GYINVFAFPF
CASSPGMQPEAFF	GYINVFAFPF
CASGLEAFF	GYINVFAFPF
CASSPTGYIQYF	GYINVFAFPF
CAISGSGGDAGELFF	GYINVFAFPF
CASSFSYEQYF	GYINVFAFPF
CASGGMGSGHPGELFF	GYINVFAFPF
CASSMYLAGGNEQFF	GYINVFAFPF
CASSDSLAGINEQFF	GYINVFAFPF
CASSDGVGQGQNYGYTF	GYINVFAFPF
CATEVGSGANVLTF	GYINVFAFPF
CASSPTGYEQYF	GYINVFAFPF
CVLPARIEGYDTTMNTEAFF	GYINVFAFPF
CSARSVSGRAPGELFF	GYINVFAFPF
CASSLPWAGVLNTEAFF	GYINVFAFPF
CASSEADGTGEQYF	GYINVFAFPF
CASSLYPGEQYF	GYINVFAFPF
CASSPMSDF	GYINVFAFPF
CSAREGGVITEAFF	GYINVFAFPF
CSANSGEETQYF	GYINVFAFPF
CATRSGANVLTF	GYINVFAFPF
CASSPNQPQHF	GYINVFAFPF
CASAAGTLSYEQYF	GYINVFAFPF
CASSYTMPEQFF	GYINVFAFPF
CASSIVQGNNQPQHF	GYINVFAFPF
CASSPQDTGELFF	GYINVFAFPF
CASSYGANEQFF	GYINVFAFPF
CASSTTGYEQYF	GYINVFAFPF
CASSSHWGGSNTEAFF	GYINVFAFPF
CASSPTGEKLFF	GYINVFAFPF
CSATQTGVNYGYTF	GYINVFAFPF
CASSFAAYQETQYF	GYINVFAFPF
CASSLTGVYNEQFF	GYINVFAFPF
RASSLAKFLSNQPQHF	GYINVFAFPF
CASSFRDNITDTQYF	GYINVFAFPF
CASSFGAGNQPQHF	GYINVFAFPF
CASSQIGVSYEQYF	GYINVFAFPF
CASSFGTEQFF	GYINVFAFPF
CSAIPLPPISGANVLTF	GYINVFAFPF
CSVEQGSYEQYF	GYINVFAFPF
CAITNTGELFF	GYINVFAFPF
CATGATESPQQFF	GYINVFAFPF
CASSAVTGYNEQFF	GYINVFAFPF
CSARVLGEGTDTQYF	GYINVFAFPF
CASAPTGLTQYF	GYINVFAFPF
CASTLYNEQFF	GYINVFAFPF
CATGYLSNEQFF	GYINVFAFPF
CASSPGGSYEQYF	GYINVFAFPF
CASSFSVGYTF	GYINVFAFPF
CASSFPKIPEGQSTGNTIYF	GYINVFAFPF
CASLERGELFF	GYINVFAFPF
CASSFQLAGTYNEQFF	GYINVFAFPF
CASSPLLLPYEQYF	GYINVFAFPF
CSARDFASTGTGGIDEQFF	GYINVFAFPF
CSAPGLAVPYEQYF	GYINVFAFPF
CATSERGETQYF	GYINVFAFPF
CASSYGGTGYTF	GYINVFAFPF
CATSTGVDHNEQFF	GYINVFAFPF
CASSFSTEAFF	GYINVFAFPF
CASSPQGTGPQHF	GYINVFAFPF
CASSLLAGVNEQFF	GYINVFAFPF
CASSFSGELFF	GYINVFAFPF
CASSLGYNEQFF	GYINVFAFPF
CASSLSIYRDRDQPQHF	GYINVFAFPF
CASSFSGREQYF	GYINVFAFPF
CSALLGGYTF	GYINVFAFPF
CASSPSPLNEQFF	GYINVFAFPF
CATSDYTSGTYNEQFF	GYINVFAFPF
CASSEVPSGTYEQYF	GYINVFAFPF
CASTQGGYGYTF	GYINVFAFPF
CASSPTGDEAFF	GYINVFAFPF
CASSLGRDQYF	GYINVFAFPF
CASSEGLSSYEQYF	GYINVFAFPF
CASSLAGGPTEQFF	GYINVFAFPF
CASSRGQPQHF	GYINVFAFPF
CASSPSGLTDTQYF	GYINVFAFPF
CATSGGQGVYNEQFF	GYINVFAFPF
CASSRTGHYSTF	GYINVFAFPF
CASSEGTGPNTEAFF	GYINVFAFPF
CAWSARTDSRYEQYF	GYINVFAFPF
CASSLSGEKLFF	GYINVFAFPF
CASSKGESSYNEQFF	GYINVFAFPF
CASSLRDPSSYEQYF	GYINVFAFPF
CASSSFQGFGELFF	GYINVFAFPF
CASSPTGYEQYF	GYINVFAFPF
CASSPGGEKLFF	GYINVFAFPF
CATSRAPGQGYEQYF	GYINVFAFPF
CATSELAGNEQFF	GYINVFAFPF
CSTLTLSGTGELFF	GYINVFAFPF
CASSMAGYDYTF	GYINVFAFPF
CASSWGGTEAFF	GYINVFAFPF
CASSYAGELFF	GYINVFAFPF
CASSVGLGGTDTQYF	GYINVFAFPF
CASSYSQPQHF	GYINVFAFPF
CASSQTGGNEQFF	GYINVFAFPF
CASRGQGAGETQYF	GYINVFAFPF
CASSLAWKVSPTSYEQYF	GYINVFAFPF
CASSAGGPEQFF	GYINVFAFPF
CASSPPQKRGGRETQYF	GYINVFAFPF
CASSFAGKLFF	GYINVFAFPF
CASSYTEALTEAFF	GYINVFAFPF
CASSPSGYEQYF	GYINVFAFPF
CAAGSYEQYF	GYINVFAFPF
CASSLVYTQYF	GYINVFAFPF
CASSPILAGELFF	GYINVFAFPF
CASSTTGYEQYF	GYINVFAFPF
CASNLGLAGGSDTQYF	GYINVFAFPF
CASSPAGTAMFF	GYINVFAFPF
CASSLGTGGEQYF	GYINVFAFPF
CASSPSGNTIYF	GYINVFAFPF
CSADRAGGPYEQYF	GYINVFAFPF
CASSLSSTYNEQFF	GYINVFAFPF
CAARNGLYEQYF	GYINVFAFPF
CSVSSGRGYEQYF	GYINVFAFPF
CASGGSGSGEQFF	GYINVFAFPF
CASSLVGEDYEQYF	GYINVFAFPF
CASSYPGGMQFF	GYINVFAFPF
CASSPEAGRSYEQYF	GYINVFAFPF
CASSPPVGQGYEQYF	GYINVFAFPF
CASSREGQGDYEQYF	GYINVFAFPF
CASSYSIREDNYNEQFF	GYINVFAFPF
CASSFVGTATF	GYINVFAFPF
CASSPQGYEQYF	GYINVFAFPF
CASSQLSLGGEKNEQFF	GYINVFAFPF
CASTLGPLGSYEQYF	GYINVFAFPF
CASGSHYEQYF	GYINVFAFPF
CASSLLF	GYINVFAFPF
CSAGGVFVSYNEQFF	GYINVFAFPF
CASSPMGEKLFF	GYINVFAFPF
CASSVVGPLNEKLFF	GYINVFAFPF
CASSLVIAGELFF	GYINVFAFPF
CASSQVTGGSDYGYTF	GYINVFAFPF
CATADRGEQFF	GYINVFAFPF
CASSLVDEQYF	GYINVFAFPF
CASSQGGAEQYF	GYINVFAFPF
CASSLDGSEQFF	GYINVFAFPF
CASSLEAIRNF	GYINVFAFPF
CASSGTGGETQYF	GYINVFAFPF
CASSFSAEQYF	GYINVFAFPF
CASSPYVSGINNEQFF	GYINVFAFPF
CSALGLAGSGAQYF	GYINVFAFPF
CASSDGGPQEFF	GYINVFAFPF
CSAVYNEQFF	GYINVFAFPF
CASSPQWTSGTYEQYF	GYINVFAFPF
CASSPSGNTIYF	GYINVFAFPF
CASSPDGAGNTIYF	GYINVFAFPF
CASSSVGGTNTEAFF	GYINVFAFPF
CASTQTPTELFF	GYINVFAFPF
CASSFPIKQGLSGNTIYF	GYINVFAFPF
CASSLSTPYEQYF	GYINVFAFPF
CASSPSGWVSFF	GYINVFAFPF
CASANDQGALGETQYF	GYINVFAFPF
CASSFEGAGGIQYF	GYINVFAFPF
CASSPTGGEQYF	GYINVFAFPF
CASSTGLYEQYF	GYINVFAFPF
CASSQGLEGSGSPLHF	GYINVFAFPF
CSVEDGGGYEQYF	GYINVFAFPF
CASSYLGDTQYF	GYINVFAFPF
CASSPTGSEQYF	GYINVFAFPF
CASSEGAGYNEQFF	GYINVFAFPF
CASTPLPLAGLNTGELFF	GYINVFAFPF
CASSDTSGRAYEQYF	GYINVFAFPF
CASSQGNNEQFF	GYINVFAFPF
CATASAGQETQYF	GYINVFAFPF
CATQRGFEQFF	GYINVFAFPF
CSASGTSDSYEQYF	GYINVFAFPF
CASSPSGETQYF	GYINVFAFPF
CASSLSGEQFF	GYINVFAFPF
CASSKTPFSRGIGEQYF	GYINVFAFPF
CASSFVGVFNEQFF	GYINVFAFPF
CASTVSQDTQYF	GYINVFAFPF
CASSYGEKLFF	GYINVFAFPF
CSGTTNTGELFF	GYINVFAFPF
CSVQQGTGFEQYF	GYINVFAFPF
CASGGGGHEQYF	GYINVFAFPF
CASSPEGRSEQFF	GYINVFAFPF
CASSGYGYTF	GYINVFAFPF
CASSQGSGRVLNTGELFF	GYINVFAFPF
CSATANTGELFF	GYINVFAFPF
CSARDLGGHGANYGYTF	GYINVFAFPF
CASSGSGRSYNEQFF	GYINVFAFPF
CASSSAWTGSYEQYF	GYINVFAFPF
CASSLEVAYNEQFF	GYINVFAFPF
CASSLSGGAPSTDTQYF	GYINVFAFPF
CASSLTGIGDPGYTF	GYINVFAFPF
CASSFADTQYF	GYINVFAFPF
CASSRRGTDYTGELFF	GYINVFAFPF
CASSWTGGDEQYF	GYINVFAFPF
CSVETGDTYNEQFF	GYINVFAFPF
CASSPRDSSYNEQFF	GYINVFAFPF
CATSLGPWGYEQYF	GYINVFAFPF
CASSLTGGSEQYF	GYINVFAFPF
CSGHRDTEAFF	GYINVFAFPF
CASSLTGMSGYTF	GYINVFAFPF
CASSHEGDTEAFF	GYINVFAFPF
CASSAGQFEQYF	GYINVFAFPF
CASSLLGETQYF	GYINVFAFPF
CASSLAGQEYF	GYINVFAFPF
CASSLPPFF	GYINVFAFPF
CASSQGLGQPQHF	GYINVFAFPF
CASSFSHEQYF	GYINVFAFPF
CASSSSGETQYF	GYINVFAFPF
CASSGTSDNEQFF	GYINVFAFPF
CAISEEGQLEHF	GYINVFAFPF
CASSFTGREQYF	GYINVFAFPF
CASSQDLLSNTEAFF	GYINVFAFPF
CASTPTGNTIYF	GYINVFAFPF
CAISESGDTQYF	GYINVFAFPF
CASSLTGETQYF	GYINVFAFPF
CASSFQGYEQYF	GYINVFAFPF
CASSPTGYEQYF	GYINVFAFPF
CASSPNTVSYEQYF	GYINVFAFPF
CSVGIGQGTDTQYF	GYINVFAFPF
CASSATSGTGGYYGYTF	GYINVFAFPF
CASSQGLSGSLSSYEQYF	GYINVFAFPF
CASSYPLPLAGKVYQFF	GYINVFAFPF
CSATNGQETQYF	GYINVFAFPF
CASSYLDTQYF	GYINVFAFPF
CASSFFGGREQYF	GYINVFAFPF
CASSDTGELFF	GYINVFAFPF
CASSPGSYNEQFF	GYINVFAFPF
CASTYESLYGYTF	GYINVFAFPF
CASSLGQGAYGYTF	GYINVFAFPF
CASKGAGEDEQYF	GYINVFAFPF
CASSSEAFF	GYINVFAFPF
CSARGGLAHEQYF	GYINVFAFPF
CASSFDGRGGYTF	GYINVFAFPF
CASSLRGHFYEQYF	GYINVFAFPF
CASSVTGAGEQFF	GYINVFAFPF
CASSDSGDTQYF	GYINVFAFPF
CASSFMPGGFQPQHF	GYINVFAFPF
CASSPAGLKQFF	GYINVFAFPF
CASSFVGEQFF	GYINVFAFPF
CSASLQDLKYEQYF	GYINVFAFPF
CSARAADDGELFF	GYINVFAFPF
CATAGTGDEKLFF	GYINVFAFPF
CAISGTDSSYEQYF	GYINVFAFPF
CASSLSGETQYF	GYINVFAFPF
CASSPREGGLGEKLFF	GYINVFAFPF
CASSFSLWPQHF	GYINVFAFPF
CASSLTGETQYF	GYINVFAFPF
CASRLETGELFF	GYINVFAFPF
CASSPTGNEQFF	GYINVFAFPF
CASSQELTGELFF	GYINVFAFPF
CASSSSETQYF	GYINVFAFPF
CASSYSVGQFF	GYINVFAFPF
CASSLGAPRFF	GYINVFAFPF
CSTWDMDSGNTIYF	GYINVFAFPF
CASSFPIAGAPYEQYF	GYINVFAFPF
CASGRGEAFF	GYINVFAFPF
CSVISFGRDSYEQYF	GYINVFAFPF
CASSLVGYEQYF	GYINVFAFPF
CSALITPVSANQPQHF	GYINVFAFPF
CASSGGQGWMNTEAFF	GYINVFAFPF
CASTSASQAFF	GYINVFAFPF
CASSYSGEKLFF	GYINVFAFPF
CASSLLGEQFF	GYINVFAFPF
CSATSDGNHWGYTF	GYINVFAFPF
CASSFAPNTGELFF	GYINVFAFPF
CASSVGSGPYVEQFF	GYINVFAFPF
CASSTTGYEQYF	GYINVFAFPF
CASSYPGGSNTGELFF	GYINVFAFPF
CASSLTGDTEAFF	GYINVFAFPF
CASSPTGTLIGNTIYF	GYINVFAFPF
CASSPTLGGTQYF	GYINVFAFPF
CASSVSYGYTF	GYINVFAFPF
CASSLGSEQFF	GYINVFAFPF
CASSHGTSGVGAYEQYF	GYINVFAFPF
CSVQGGTDTQYF	GYINVFAFPF
CASERRGGGYTF	GYINVFAFPF
CASSLAGTYEQYF	GYINVFAFPF
CASSFTGNEQFF	GYINVFAFPF
CSATTSGSTYEQYF	GYINVFAFPF
CATSGPNAGVQETQYF	GYINVFAFPF
CAIRDPGTVNTEAFF	GYINVFAFPF
CASSFEGQEAFF	GYINVFAFPF
CASSITLAAVRYEQYF	GYINVFAFPF
CASSLSSGSEQFF	GYINVFAFPF
CASGQGFDEQFF	GYINVFAFPF
CASSQGGLEQYF	GYINVFAFPF
CASSLMLGGVDTGELFF	GYINVFAFPF
CATSRRDSGEETQYF	GYINVFAFPF
CASSQWTGEDYGYTF	GYINVFAFPF
CASSLSGETQYF	GYINVFAFPF
CSVDRPTSGRGETQYF	GYINVFAFPF
CASGKGRYTF	GYINVFAFPF
CASTPVGGELFF	GYINVFAFPF
CASSLSRGHHGNEQFF	GYINVFAFPF
CASSFGHVKFF	GYINVFAFPF
CASLSGKQFF	GYINVFAFPF
CASSYSGETQYF	GYINVFAFPF
CASSLGQVYTEAFF	GYINVFAFPF
CATSRDMGANEKLFF	GYINVFAFPF
CASSLIPAYNEQFF	GYINVFAFPF
CASSGDSPYEQYF	GYINVFAFPF
CASSSLETQYF	GYINVFAFPF
CSADSGRNEQFF	GYINVFAFPF
CASTEGNSPLHF	GYINVFAFPF
CASSPLGYEQYF	GYINVFAFPF
CASFGGYEQYF	GYINVFAFPF
CASRDLSGANVLTF	GYINVFAFPF
CASSLGGYGYTF	GYINVFAFPF
CATVTGGLETQYF	GYINVFAFPF
CASSLRELGETQYF	GYINVFAFPF
CSAVRGLSSYEQYF	GYINVFAFPF
CASSSSSGANVLTF	GYINVFAFPF
CASRPTGPQPQHF	GYINVFAFPF
CASSYQTEIYGYTF	GYINVFAFPF
CASSLRPYEQYF	GYINVFAFPF
CATSTPFNGNEQFF	GYINVFAFPF
CASSLQGEDYEQYF	GYINVFAFPF
CSGMTGDTEAFF	GYINVFAFPF
CAISAGTTSYEQYF	GYINVFAFPF
CATGGYGYTF	GYINVFAFPF
CASSLLGYGSPLHF	GYINVFAFPF
CASSSGLAGGPDTQYF	GYINVFAFPF
CASSQGPEQYF	GYINVFAFPF
CASSLSIGGGDTQYF	GYINVFAFPF
CASSLTGYEQYF	GYINVFAFPF
CAISVYTEAFF	GYINVFAFPF
CASSYSALVYTF	GYINVFAFPF
CASSSGGHEQYF	GYINVFAFPF
CSASTGEGAYNEQFF	GYINVFAFPF
CASSEAGGANEQFF	GYINVFAFPF
CSALGLASYNEQFF	GYINVFAFPF
CASSFGTEAFF	GYINVFAFPF
CSVETGSKGNEQFF	GYINVFAFPF
CASSPTGYEQYF	GYINVFAFPF
CSASGPGTSDFSYEQYF	GYINVFAFPF
CASSLIMARDNEQFF	GYINVFAFPF
CASSSTGETQYF	GYINVFAFPF
CASSFSYEQYF	GYINVFAFPF
CASSFSGTQYF	GYINVFAFPF
CSARDLGLGRPVDTQYF	GYINVFAFPF
CSANAAKETQYF	GYINVFAFPF
CASSPSGETQYF	GYINVFAFPF
CASSSTDTQYF	GYINVFAFPF
CASSDAPGTGVGEQYF	GYINVFAFPF
CSVETGGGDEQFF	GYINVFAFPF
CSTPSGNVQETQYF	GYINVFAFPF
CASSGAGEKLFF	GYINVFAFPF
CASSNTGEKLFF	GYINVFAFPF
CASGGVETQYF	GYINVFAFPF
CASSLYTGGTEAFF	GYINVFAFPF
CASGTDTQYF	GYINVFAFPF
CASSYVIQGTGELFF	GYINVFAFPF
CASSLNWDSSISGANVLTF	GYINVFAFPF
CASSSTGASTDTQYF	GYINVFAFPF
CASTEGEGALYGYTF	GYINVFAFPF
CASSQDAGGPYSYNEQFF	GYINVFAFPF
CSARATESGELFF	GYINVFAFPF
CASSEIDEQFF	GYINVFAFPF
CSGDRDTEAFF	GYINVFAFPF
CASSLTGYEQYF	GYINVFAFPF
CASSLGETQYF	GYINVFAFPF
CASSLGQYEQYF	GYINVFAFPF
CASSYASGGGYEQYF	GYINVFAFPF
CSGDDPNTEAFF	GYINVFAFPF
CASSLNFGNEQFF	GYINVFAFPF
CAIASTDTQYF	GYINVFAFPF
CASSLTGETQYF	GYINVFAFPF
CASSVYNSPETQYF	GYINVFAFPF
CASSPGGELFF	GYINVFAFPF
CASSRTGETQYF	GYINVFAFPF
CASSLVGADTQYF	GYINVFAFPF
CASSQEQGFSGELFF	GYINVFAFPF
CASSLLGSNTGELFF	GYINVFAFPF
CASSLRSGGELFF	GYINVFAFPF
CSANLAQETQYF	GYINVFAFPF
CASSPGTSGTYEQYF	GYINVFAFPF
CASSLSGEGYTF	GYINVFAFPF
CASGDTGELFF	GYINVFAFPF
CASSPNGGEQFF	GYINVFAFPF
CASSVEGNGAINIQYF	GYINVFAFPF
CASSAFFGLAGGGKETQYF	GYINVFAFPF
CASSSSGASTDTQYF	GYINVFAFPF
CASSGDNSYEQYF	GYINVFAFPF
CASSLYGPEQYF	GYINVFAFPF
CAISATGSGTEAFF	GYINVFAFPF
CASSFSYPYEQYF	GYINVFAFPF
CSASGAAETQYF	GYINVFAFPF
CASRPGYNNEQFF	GYINVFAFPF
CASSWTGETQYF	GYINVFAFPF
CASSLELAGDLGTQYF	GYINVFAFPF
CSALSGNTGELFF	GYINVFAFPF
CASSTTGCEQFF	GYINVFAFPF
CASSLPPGGGYEQYF	GYINVFAFPF
CASSPRTGYNEQFF	GYINVFAFPF
CSAYIPERGDQPQHF	GYINVFAFPF
CASSIGDEQYF	GYINVFAFPF
CASSPPTGELFF	GYINVFAFPF
CASSPTEQETQYF	GYINVFAFPF
CASQAGAGELFF	GYINVFAFPF
CASSPSGETQYF	GYINVFAFPF
CASQGGYTQYF	GYINVFAFPF
CATSRGQQETQYF	GYINVFAFPF
CASSQVGETQYF	GYINVFAFPF
CSVIGVDAGANVLTF	GYINVFAFPF
CASSIYPGGADTQYF	GYINVFAFPF
CASTSQGANSPLHF	GYINVFAFPF
CASSVEGGLDEQFF	GYINVFAFPF
CADTPGVFF	GYINVFAFPF
CASSFRSGVEPQHF	GYINVFAFPF
CASSPDVAFF	GYINVFAFPF
CSASAGTDLYEQYF	GYINVFAFPF
CASSQGASPAEQYF	GYINVFAFPF
CASSPPGGRLPYEQYF	GYINVFAFPF
CSVESGSGSYNEQFF	GYINVFAFPF
CASSLGGTHNEQFF	GYINVFAFPF
CASSLEWSSYNEQFF	GYINVFAFPF
CSAPDYNEQFF	GYINVFAFPF
CASSHSGAEQFF	GYINVFAFPF
CASSLTGYEQYF	GYINVFAFPF
CASSQVLDRGWYEQYF	GYINVFAFPF
CATSRGSRYEQYF	GYINVFAFPF
CSASPGVEQYF	GYINVFAFPF
CASRPTRKGETQYF	GYINVFAFPF
CSVEEGEHGNTIYF	GYINVFAFPF
CASSSSGGSTDTQYF	GYINVFAFPF
CASSYQETQYF	GYINVFAFPF
CASRSGDNEAFF	GYINVFAFPF
CSARDLLGLAGPELYEQYF	GYINVFAFPF
CASSLTDTQYF	GYINVFAFPF
CASSFGLGSDPFF	GYINVFAFPF
CATSNSLAGEETQYF	GYINVFAFPF
CASGQGSYEQYF	GYINVFAFPF
CASSYSAYDRDQETQYF	GYINVFAFPF
CASSNPGQSTNGEQYF	GYINVFAFPF
CSVQDGSYEQYF	GYINVFAFPF
CASSTTPGTEAFF	GYINVFAFPF
CASSLEGRNEQFF	GYINVFAFPF
CASSLAGNEQFF	GYINVFAFPF
CASSFSPGELFF	GYINVFAFPF
CASSTSGNSPLHF	GYINVFAFPF
CASSQDTVDRGGTNEKLFF	GYINVFAFPF
CASSQGGYEQYF	GYINVFAFPF
CASSQDRGTGGYEQYF	GYINVFAFPF
CASTISGETQYF	GYINVFAFPF
CASSWTGASTDTQYF	GYINVFAFPF
CASSSGGGGTYEQYF	GYINVFAFPF
CASSYSGETQYF	GYINVFAFPF
CASSGGTYNEQFF	GYINVFAFPF
CASSPGAEAFF	GYINVFAFPF
CSGIDLETYEQYF	GYINVFAFPF
CASSPVRWTSTDTQYF	GYINVFAFPF
CASSHAAYEQYF	GYINVFAFPF
CASSLPTDTQYF	GYINVFAFPF
CASSFSGDGYTF	GYINVFAFPF
CASSLAGLEQFF	GYINVFAFPF
CASNSPLHF	GYINVFAFPF
CASRWETYNEQFF	GYINVFAFPF
CSAPTGRGPDTQYF	GYINVFAFPF
CASTQREGPYNEQFF	GYINVFAFPF
CSVEAGGGYEQYF	GYINVFAFPF
CASSPPGGETQYF	GYINVFAFPF
CASSPAGNTIYF	GYINVFAFPF
CASSLQGETQYF	GYINVFAFPF
CASSFGGYGYTF	GYINVFAFPF
CASSVWDRGDHPGELFF	GYINVFAFPF
CASSQEVGQPQHF	GYINVFAFPF
CASSFATEAFF	GYINVFAFPF
CASSQGDRANSPLHF	GYINVFAFPF
CASSRSGETQYF	GYINVFAFPF
CASSLGSGGYTF	GYINVFAFPF
CASSPGGEQYV	GYINVFAFPF
CASSGTGSEQYF	GYINVFAFPF
CSAWGGEGTQYF	GYINVFAFPF
CASSRDRGYYGYTF	GYINVFAFPF
CASTDYYGYTF	GYINVFAFPF
CASSTGTGGGQPQHF	GYINVFAFPF
CASSYGSYEQYF	GYINVFAFPF
CASSPSYEQYF	GYINVFAFPF
CASSLEGGSEAFF	GYINVFAFPF
CSARGPVLAGNYNEQFF	GYINVFAFPF
CASSLQGSSYEQYF	GYINVFAFPF
CASSFTGAGETQYF	GYINVFAFPF
CASSLAETQYF	GYINVFAFPF
CASRNGPYEQYF	GYINVFAFPF
CASSLAGTQYF	GYINVFAFPF
CSVYRGSGTEAFF	GYINVFAFPF
CASSVEGGPDTQYF	GYINVFAFPF
CSAQTGAYEQYF	GYINVFAFPF
CASSKRWGGPNEKLFF	GYINVFAFPF
CASSFAGYEQFF	GYINVFAFPF
CASSLRYGYTF	GYINVFAFPF
CASSLGTSAEQFF	GYINVFAFPF
CSAPRADSSYEQYF	GYINVFAFPF
CASSAQGGGTDTQYF	GYINVFAFPF
CASSDTGNGYTF	GYINVFAFPF
CASSFVDEQFF	GYINVFAFPF
CASSVGYNEQFF	GYINVFAFPF
CSAREVGLAGGNGLFEQYF	GYINVFAFPF
CSATGTATSYEQYF	GYINVFAFPF
CASSFTGNEQFF	GYINVFAFPF
CASSYAGNEQFF	GYINVFAFPF
CASSIIGSGNTIYF	GYINVFAFPF
CSASPAGATYEQYF	GYINVFAFPF
CASSLTGAYEQYF	GYINVFAFPF
CASSFSGELFF	GYINVFAFPF
CSAIPVGLISYEQYF	GYINVFAFPF
CASSLTDTQYF	GYINVFAFPF
CSAILVITGAYEQYF	GYINVFAFPF
CASSLTGSPLHF	GYINVFAFPF
CASSEYNQPQHF	GYINVFAFPF
CASSPAIGYNSPLHF	GYINVFAFPF
CASSLWLGDAQYF	GYINVFAFPF
CASSLMRSYNEQFF	GYINVFAFPF
CSAHPLGGLDGTYQHF	GYINVFAFPF
CASSFGTEQFF	GYINVFAFPF
CASPAAGAVFNEQFF	GYINVFAFPF
CASSWGGYGYTF	GYINVFAFPF
CASSGLKETQYF	GYINVFAFPF
CASSLVGAELAF	GYINVFAFPF
CASSFTGNTIYF	GYINVFAFPF
CASSFLAGPGPYEQYF	GYINVFAFPF
CSALGADPSYEQYF	GYINVFAFPF
CASSLSGETQYF	GYINVFAFPF
CSARDLPQGANYGYTF	GYINVFAFPF
CASSLSRDQYF	GYINVFAFPF
CASSPAGNEQFF	GYINVFAFPF
CASRPSGTYNEQFF	GYINVFAFPF
CASSFSYEQYF	GYINVFAFPF
CALGAEGGSPLHF	GYINVFAFPF
CASSLAGLAGLEFF	GYINVFAFPF
CASSFIVSGGPLQETQYF	GYINVFAFPF
CASSFLEKLFF	GYINVFAFPF
CSAILSGGLYEQYF	GYINVFAFPF
CSAREVVGGSYYGYTF	GYINVFAFPF
CASSYSEGLTEAFF	GYINVFAFPF
CSAVGQSSYNEQFF	GYINVFAFPF
CASSFLGQNYNEQFF	GYINVFAFPF
CASSLSYLGDGANVLTF	GYINVFAFPF
CASSLDGAEAFF	GYINVFAFPF
CASSLNPGEGPQNIQYF	GYINVFAFPF
CASSFSGEQFF	GYINVFAFPF
CATFSGGAYGYTF	GYINVFAFPF
CASSFMAEAFF	GYINVFAFPF
CASSMGQLLFF	GYINVFAFPF
CSVYRGGDEQFF	GYINVFAFPF
CASSFYPGRLSGNTIYF	GYINVFAFPF
CASSFGDTQYF	GYINVFAFPF
CATSDNTGPEQYF	GYINVFAFPF
CASSYGSAEQYF	GYINVFAFPF
CASSIAGYNEQFF	GYINVFAFPF
CASGYNEQFF	GYINVFAFPF
CASERGEGTEAFF	GYINVFAFPF
CASSYPGQEQFF	GYINVFAFPF
CASSQGQGGELFF	GYINVFAFPF
CASSLSGYGYTF	GYINVFAFPF
CSAWDSLWGYGYTF	GYINVFAFPF
CASSPFLQPPYNEQFF	GYINVFAFPF
CASSFSSYEQYF	GYINVFAFPF
CATSRLTGALMNTEAFF	GYINVFAFPF
CASSLGLAGGVVNEQFF	GYINVFAFPF
CASSTGAYGYTF	GYINVFAFPF
CASSLVGDREEFF	GYINVFAFPF
CASSLGGAQHF	GYINVFAFPF
CASSFSSWPFF	GYINVFAFPF
CASGQGGYEQYF	GYINVFAFPF
CASSQDIDRTDTQYF	GYINVFAFPF
CSASGEGYSPLHF	GYINVFAFPF
CSVEEGTGFEQYF	GYINVFAFPF
CASSPTGQLQFF	GYINVFAFPF
CASNRGEDTQYF	GYINVFAFPF
CASGTSVNIQYF	GYINVFAFPF
CASSPEAQFF	GYINVFAFPF
CASSPGADTQYF	GYINVFAFPF
CASSFSGYNEQFF	GYINVFAFPF
CSARDLSGAYEQYF	GYINVFAFPF
CASSLSGPQHF	GYINVFAFPF
CASSFSTEQFF	GYINVFAFPF
CASALRTGGKLFF	GYINVFAFPF
CASSLAGSEQFF	GYINVFAFPF
CAISGQSVSYEQYF	GYINVFAFPF
CASSYNYEQYF	GYINVFAFPF
CASSFAGNEQFF	GYINVFAFPF
CSANHSPSGFGNEQFF	GYINVFAFPF
CSVVTGNTGELFF	GYINVFAFPF
CASSVTETQYF	GYINVFAFPF
CASGRLDEQYF	GYINVFAFPF
CASVGSGDGYTF	GYINVFAFPF
CASSPYNPNQPQHF	GYINVFAFPF
CAWGQTGSDTQYF	GYINVFAFPF
CASSSTGAQYEQYF	GYINVFAFPF
CASSWAGNEQYF	GYINVFAFPF
CASSHTIDEDNTEAFF	GYINVFAFPF
CASSLVGETQYF	GYINVFAFPF
CASSFFKSEGSGKYF	GYINVFAFPF
CSARENHSQETQYF	GYINVFAFPF
CASHSGALLEQYF	GYINVFAFPF
CASSTGGFLLHEQYF	GYINVFAFPF
CASSQEAGSYEQYF	GYINVFAFPF
CASSQEFPEGNEQFF	GYINVFAFPF
CASSLSYEQYF	GYINVFAFPF
CASSSGGTEAFF	GYINVFAFPF
CSAILGSGNTIYF	GYINVFAFPF
CASTAWASGGYNEQFF	GYINVFAFPF
CSARDGVYNEQFF	GYINVFAFPF
CSVPRRDRGTGELFF	GYINVFAFPF
CASSQGWETQYF	GYINVFAFPF
CASSPTGELFF	GYINVFAFPF
CASSLVGQGSYEQYF	GYINVFAFPF
CASSFDGNEQFF	GYINVFAFPF
CASSYSRARGRQETQYF	GYINVFAFPF
CASTGGGVYEQYF	GYINVFAFPF
CSVEDGQGREQYF	GYINVFAFPF
CASSPTGNTIYF	GYINVFAFPF
CASSPEGPFYEQYF	GYINVFAFPF
CASSLAPGAGVVFF	GYINVFAFPF
CASNPGGPPGEAFF	GYINVFAFPF
CASSLGGLEAFF	GYINVFAFPF
CAWSYTHEIPSGTGYEQYF	GYINVFAFPF
CSVELNTEAFF	GYINVFAFPF
CASSEESEQFF	GYINVFAFPF
CATRGPHYGYTF	GYINVFAFPF
CASSEFGQDSYEQYF	GYINVFAFPF
CATSPRDRAEQYF	GYINVFAFPF
CASSPSGETQYF	GYINVFAFPF
CASSYGGTEAFF	GYINVFAFPF
CATVTSGSTGYEQYF	GYINVFAFPF
CASSFSGTTYEQYF	GYINVFAFPF
CASSLGYEQYF	GYINVFAFPF
CSASQYGTSGNNEQFF	GYINVFAFPF
CASSPTGNTIYF	GYINVFAFPF
CASSPQGSSTQYF	GYINVFAFPF
CASSFSGEQYF	GYINVFAFPF
CASSLVGFQTDTQYF	GYINVFAFPF
CASSHLEGQPQHF	GYINVFAFPF
CASSFGTLSSGNTIYF	GYINVFAFPF
CSAMTGYGYTF	GYINVFAFPF
CASSYTGSRRFF	GYINVFAFPF
CASSYGGTEAFF	GYINVFAFPF
CASSYGGNEQFF	GYINVFAFPF
CATSDYVAGSRNEQFF	GYINVFAFPF
CASSPALRGRTKSSYEQYF	GYINVFAFPF
CASSSWNTEAFF	GYINVFAFPF
CSVVRGDGTGELFF	GYINVFAFPF
CASSLGSYTF	GYINVFAFPF
CASSIGGGWVFF	GYINVFAFPF
CASRTSGVYNEQFF	GYINVFAFPF
CSAVAGADSYEQYF	GYINVFAFPF
CASSLLRDTYNEQFF	GYINVFAFPF
CASSLSTF	GYINVFAFPF
CASSFAGYGYTF	GYINVFAFPF
CASSQVGETQYF	GYINVFAFPF
CASSAPGGGEQFF	GYINVFAFPF
CARSRGGPGELFF	GYINVFAFPF
CSVVGQEGTGELFF	GYINVFAFPF
CASSLGDTQYF	GYINVFAFPF
CASSQTGGELFF	GYINVFAFPF
CATLKGGEQYF	GYINVFAFPF
CASRGTVEAFF	GYINVFAFPF
CASSPHGQNYEQYF	GYINVFAFPF
CASSSPGVFVYGYTF	GYINVFAFPF
CAISDGSGDRRTDTQYF	GYINVFAFPF
CAISEWQIPNTGELFF	GYINVFAFPF
CASSPDGYEQYF	GYINVFAFPF
CASSLVYEQYF	GYINVFAFPF
CASSLIFYEQYF	GYINVFAFPF
CAGTGTPYGYTF	GYINVFAFPF
CASSFPGDTQYF	GYINVFAFPF
CASSLISEQFF	GYINVFAFPF
CASSPLAKNIQYF	GYINVFAFPF
CASSQGGLAGAEGELFF	GYINVFAFPF
CASSPTGAEGYTF	GYINVFAFPF
CAIGTSGTDTQYF	GYINVFAFPF
CASSQGGRGQYF	GYINVFAFPF
CASSMGKLFF	GYINVFAFPF
CASMYSLSGQGAEQYF	GYINVFAFPF
CASGYTF	GYINVFAFPF
CASSYGGNQPQHF	GYINVFAFPF
CASSPGATQYF	GYINVFAFPF
CASSLGNEQFF	GYINVFAFPF
CASSYLQGGTEAFF	GYINVFAFPF
CASSLGETQYF	GYINVFAFPF
CASTPGGETQYF	GYINVFAFPF
CASSFSETQYF	GYINVFAFPF
CASSFGPEQYF	GYINVFAFPF
CASTGQGAVMAQYF	GYINVFAFPF
CAWRVLHQDTQYF	GYINVFAFPF
CSGTANTGELFF	GYINVFAFPF
CASSFSYEQYF	GYINVFAFPF
CASSLGVTYNEQFF	GYINVFAFPF
CASSYQGNEKLFF	GYINVFAFPF
CASGPGLAGEQYF	GYINVFAFPF
CASSGSGETQYF	GYINVFAFPF
CSVEAGTGFMQFF	GYINVFAFPF
CASSLPPVSGFSYEQYF	GYINVFAFPF
CASSLFPGRVGYTF	GYINVFAFPF
CATSRAPAGQGYEQYF	GYINVFAFPF
CASSWGLAGANTGELFF	GYINVFAFPF
CATSRGSKETQYF	GYINVFAFPF
CASSLTGILFF	GYINVFAFPF
CASSPRTEQETQYF	GYINVFAFPF
CASTLGSGVTDTQYF	GYINVFAFPF
CAISEGQGGYEQYF	GYINVFAFPF
CSATTSGGPYEQYF	GYINVFAFPF
CASSVSLGELFF	GYINVFAFPF
CSARDGTTYEQYF	GYINVFAFPF
CSANREGETQYF	GYINVFAFPF
CASSFGSVLTF	GYINVFAFPF
CASSFAGELFF	GYINVFAFPF
CASSLSGANTEAFF	GYINVFAFPF
CSALTGENIQYF	GYINVFAFPF
CSASIQPTAGGTRTNNEQFF	GYINVFAFPF
CASVGLAMDNEQFF	GYINVFAFPF
CASSATYNEQFF	GYINVFAFPF
CASSFSDTQYF	GYINVFAFPF
CASSRTGETQYF	GYINVFAFPF
CANWYRGYGYTF	GYINVFAFPF
CASTPPNEKLFF	GYINVFAFPF
CASSETIPRDF	GYINVFAFPF
CSVLIYNEQFF	GYINVFAFPF
CASSEGGDTQYF	GYINVFAFPF
CASSFSGPQHF	GYINVFAFPF
CASSQGYEQFF	GYINVFAFPF
CASSYSLGSPLHF	GYINVFAFPF
CASSFRGYEQYF	GYINVFAFPF
CASSLVYGIGTPLYNEQFF	GYINVFAFPF
CASSSAYYGYTF	GYINVFAFPF
CASSLGQGEAFF	GYINVFAFPF
CSASLTDTQYF	GYINVFAFPF
CASSVREGLPYNEQFF	GYINVFAFPF
CASRWTSGFYEQYF	GYINVFAFPF
CASSGSPGTGELFF	GYINVFAFPF
CASSFSGLEQFF	GYINVFAFPF
CASSPTGHPLYGYTF	GYINVFAFPF
CSASTLAGVSLGNEQFF	GYINVFAFPF
CSVEAGTDTQYF	GYINVFAFPF
CASSLAGGSTDTQYF	GYINVFAFPF
CATSGALAEQYF	GYINVFAFPF
CAILQGAGGYTF	GYINVFAFPF
CASSYGSYGYTF	GYINVFAFPF
CASSGEPSYNEQFF	GYINVFAFPF
CASSEVGGAMNTEAFF	GYINVFAFPF
CASSFSNEQFF	GYINVFAFPF
CASSSTGASTDTQYF	GYINVFAFPF
CASSSGGRISYEQYF	GYINVFAFPF
CASSPSGAEDYEQYF	GYINVFAFPF
CASSFRVEQFF	GYINVFAFPF
CASSLSGQTGRPGTEAFF	GYINVFAFPF
CSAGQGTPSYNEQFF	GYINVFAFPF
CASSYAGELFF	GYINVFAFPF
CASTYGNQPQHF	GYINVFAFPF
CASSFSYEQYF	GYINVFAFPF
CASSLAGETQYF	GYINVFAFPF
CASSYSGETQYF	GYINVFAFPF
CASSLVGWYTF	GYINVFAFPF
CASLGQSSYNEQFF	GYINVFAFPF
CASSYAGELFF	GYINVFAFPF
CSASLDTYEQYF	GYINVFAFPF
CSARDQRVRGDTQYF	GYINVFAFPF
CASSFSFEQFF	GYINVFAFPF
CASSFLGDGYTF	GYINVFAFPF
CASSEQAGGLAEAFF	GYINVFAFPF
CASSWTAHEQFF	GYINVFAFPF
CASTGLDGTDTQYF	GYINVFAFPF
CASGPGLQGYTF	GYINVFAFPF
CASSPLARTDTQYF	GYINVFAFPF
CASSISGYNEQFF	GYINVFAFPF
CASSWADTQYF	GYINVFAFPF
CASSPHGAGGEYEQYF	GYINVFAFPF
CASQTGLPGGYTF	GYINVFAFPF
CASSPTGYEQYF	GYINVFAFPF
CASSRAGQTYYEQYF	GYINVFAFPF
CASSLTGAVTDTQYF	GYINVFAFPF
CASSPASEQYF	GYINVFAFPF
CASSFDGGKLFF	GYINVFAFPF
CASSFAETQYF	GYINVFAFPF
CASSYDNEQFF	GYINVFAFPF
CSGTSGNYEQYF	GYINVFAFPF
CASSLSAEAFF	GYINVFAFPF
CASSFASEQYF	GYINVFAFPF
CATSRGAEETQYF	GYINVFAFPF
CATSSQDTGGEQYF	GYINVFAFPF
CASSPSGYEQYF	GYINVFAFPF
CASWALNEKLFF	GYINVFAFPF
CASSFSGELFF	GYINVFAFPF
CASSSAGPNYEQYF	GYINVFAFPF
CASSQGNYEQYF	GYINVFAFPF
CASSFSHEQYF	GYINVFAFPF
CASGLGTEAFF	GYINVFAFPF
CASSLADDAFF	GYINVFAFPF
CASSSTGHEQFF	GYINVFAFPF
RASSTQGRDTQYF	GYINVFAFPF
CASSYPLRGTSGLTDTQYF	GYINVFAFPF
CATQTGGETQYF	GYINVFAFPF
CASSDIGAGELFF	GYINVFAFPF
CASSYGGETQYF	GYINVFAFPF
CASSLAGETQYF	GYINVFAFPF
CASSLGPERNF	GYINVFAFPF
CASSYSKRDTQYF	GYINVFAFPF
CATSGSKNEQFF	GYINVFAFPF
CSVATGSSGNTIYF	GYINVFAFPF
CASIQGFESSYNEQFF	GYINVFAFPF
CASSPVISGTEAFF	GYINVFAFPF
CSASRDRETQYF	GYINVFAFPF
CASSSENQPQHF	GYINVFAFPF
CASSFSVEQFF	GYINVFAFPF
CASSPGGYGYTF	GYINVFAFPF
CSENIRDRGKRNTGELFF	GYINVFAFPF
CASSPTGHEQYF	GYINVFAFPF
CASSTAGQGSLDGYTF	GYINVFAFPF
CASSYGLGQPQHF	GYINVFAFPF
CATSRGGELFF	GYINVFAFPF
CSVETGFTDTQYF	GYINVFAFPF
CASSQTGVTYEQYF	GYINVFAFPF
CASSLSEKLFF	GYINVFAFPF
CASSLVAGREPQHF	GYINVFAFPF
CASSQDSWGPYEQYF	GYINVFAFPF
CATSSRGWGNNEQFF	GYINVFAFPF
CSVSSGQGYEQYF	GYINVFAFPF
CASHLTPAAYEQYF	GYINVFAFPF
CASSLDGYEQYF	GYINVFAFPF
CASSQSYEQYF	GYINVFAFPF
CASSPGGGELFF	GYINVFAFPF
CASSSGTYGYTF	GYINVFAFPF
CASSLSYEQYF	GYINVFAFPF
CSVEDGVTDTQYF	GYINVFAFPF
CASSGGGYTF	GYINVFAFPF
CASSQGLAGGPKTQYF	GYINVFAFPF
CASSPSGEQYF	GYINVFAFPF
CASSLVGETQYF	GYINVFAFPF
CASSDTGAGYTF	GYINVFAFPF
CASSKTADGYF	GYINVFAFPF
CASSFSGEQYF	GYINVFAFPF
CASSSSGANYEQYF	GYINVFAFPF
CASSFAETQYF	GYINVFAFPF
CASSPGTFTYF	GYINVFAFPF
CASSPGGKLFF	GYINVFAFPF
CASSYSDEQFF	GYINVFAFPF
CASSFSDTQYF	GYINVFAFPF
CASSFVDEQFF	GYINVFAFPF
CASSPQGDQQYF	GYINVFAFPF
CASSLAYEQYF	GYINVFAFPF
CASTAVGQLYF	GYINVFAFPF
CASSLTGSPLHF	GYINVFAFPF
CSVGTGDGYGYTF	GYINVFAFPF
CSALTPGYTF	GYINVFAFPF
CASSFGADTQYF	GYINVFAFPF
CASSLALASATDTQYF	GYINVFAFPF
CASSFGPGYTF	GYINVFAFPF
CASSPTGARAFF	GYINVFAFPF
CASSLTGAVTDTQYF	GYINVFAFPF
CASSFGGDTQYF	GYINVFAFPF
CASSQPLAGDTGELFF	GYINVFAFPF
CASSTWTGENTEAFF	GYINVFAFPF
CSASEGRETQYF	GYINVFAFPF
CASTVAGELFF	GYINVFAFPF
CASSLWTGEGTYEQYF	GYINVFAFPF
CASSLQAQETQYF	GYINVFAFPF
CASSLGLGNEQFF	GYINVFAFPF
CASSQDPGPTPYEQYF	GYINVFAFPF
CASSLVAGLQPQHF	GYINVFAFPF
CASSFGGAGANVLTF	GYINVFAFPF
CASSGGTGAYEQYF	GYINVFAFPF
CASSPVNTGELFF	GYINVFAFPF
CASSWSGYEQYF	GYINVFAFPF
CASSPTGAEAFF	GYINVFAFPF
CASSQDLSYEQYF	GYINVFAFPF
CASSSLLEQFF	GYINVFAFPF
CASGSGVTYNEQFF	GYINVFAFPF
CASSYAGPNTEAFF	GYINVFAFPF
CASSSATGYNEQFF	GYINVFAFPF
CASSLISASYEQYF	GYINVFAFPF
CSATSINPGQEYGYTF	GYINVFAFPF
CASSLAQPSGANVLTF	GYINVFAFPF
CSANDRDGYEQYF	GYINVFAFPF
CSVVSDRGVDEQFF	GYINVFAFPF
CASSLQGLKPQHF	GYINVFAFPF
CASSMTGSELFF	GYINVFAFPF
CSVETGSYEQYF	GYINVFAFPF
CASSLGAKQYF	GYINVFAFPF
CSAPPTGTNYGYTF	GYINVFAFPF
CASSYSGETQYF	GYINVFAFPF
CASSRAGGQADTQYF	GYINVFAFPF
CASSYYPGVPQETQYF	GYINVFAFPF
CAEGGNTGELFF	GYINVFAFPF
CASGGETQYF	GYINVFAFPF
CASSLSAAPTF	GYINVFAFPF
CASSVADGSNIQYF	GYINVFAFPF
CSATGGDTGELFF	GYINVFAFPF
CSAPLGVDSNYGYTF	GYINVFAFPF
CASSLFPDVRRAFF	GYINVFAFPF
CASSSSGETQYF	GYINVFAFPF
CATNQGNTEAFF	GYINVFAFPF
CASSVAGLSYGYTF	GYINVFAFPF
CASSPGGEKFF	GYINVFAFPF
CASSVEGNYGYTF	GYINVFAFPF
CASSLVATQYF	GYINVFAFPF
CSAYDRVVKNIQYF	GYINVFAFPF
CASSRLRRTGNIYGYTF	GYINVFAFPF
CASSWTGENYEQYF	GYINVFAFPF
CASTLAGTQYF	GYINVFAFPF
CASSWGGSAGNEQFF	GYINVFAFPF
CASSTTGSGDEQYF	GYINVFAFPF
CASSFAYGYTF	GYINVFAFPF
CASSYNNYGYTF	GYINVFAFPF
CASSLKPSYNEQFF	GYINVFAFPF
CSAPQPSGHTGRETQYF	GYINVFAFPF
CSAPPGTDNYGYTF	GYINVFAFPF
CSALLTDTNQPQHF	GYINVFAFPF
CASGGYTF	GYINVFAFPF
CASSLGLGGSYEQYF	GYINVFAFPF
CASSYSLAGDNEQFF	GYINVFAFPF
CASSLSGFEQFF	GYINVFAFPF
CASSHLDEQFF	GYINVFAFPF
CASSKAGDSYNEQFF	GYINVFAFPF
CSATVANEQFF	GYINVFAFPF
CASSLQETQYF	GYINVFAFPF
CATSGPSNEQFF	GYINVFAFPF
CASSLTDSRGETQYF	GYINVFAFPF
CASYSGNTIYF	GYINVFAFPF
CASSWDGGGEQYF	GYINVFAFPF
CASSPNGQDRYF	GYINVFAFPF
CASSFTDTQYF	GYINVFAFPF
CASSLDSGYNEQFF	GYINVFAFPF
CASSVGGPNTGELFF	GYINVFAFPF
CSAIELAGGQAYEQYF	GYINVFAFPF
CASSSSGSYNEQFF	GYINVFAFPF
CASSFERAGRWTEAFF	GYINVFAFPF
CASSLAGQQFF	GYINVFAFPF
CASSPTGYEQYF	GYINVFAFPF
CASSDHPGTNSYEQYF	GYINVFAFPF
CSAPPGMENYGYTF	GYINVFAFPF
CSANDWAGELFF	GYINVFAFPF
CASSVEFGSNYGYTF	GYINVFAFPF
CASSLGGTGVSAAKNIQYF	GYINVFAFPF
CASSLMVPGTEAFF	GYINVFAFPF
CASSKSDRPIAKNIQYF	GYINVFAFPF
CASSLGLHEQFF	GYINVFAFPF
CASSQEWVGSPLHF	GYINVFAFPF
CASSQTGNTIYF	GYINVFAFPF
CASIITRGRQSRNTGELFF	GYINVFAFPF
CASSLTGEAYEQYF	GYINVFAFPF
CASSYDTSGRAAGDTQYF	GYINVFAFPF
CASSLTGGYGYTF	GYINVFAFPF
CASSFQGFTEAFF	GYINVFAFPF
CASRGFDTEAFF	GYINVFAFPF
CASSFQVTNQPQHF	GYINVFAFPF
CSAQQTGTGYEQYF	GYINVFAFPF
CATSLQSEETQYF	GYINVFAFPF
CASSLGGSSYNEQFF	GYINVFAFPF
CASSFNHEQYF	GYINVFAFPF
CASSLGGARNTEAFF	GYINVFAFPF
CASSPEQGSSYEQYF	GYINVFAFPF
CASSFSGGEQYF	GYINVFAFPF
CSVEGLGTGPYEQYF	GYINVFAFPF
CSATAGTSGSYEQYF	GYINVFAFPF
CASSFGSYEQYF	GYINVFAFPF
CASSWVSSGGDSYNEQFF	GYINVFAFPF
CASSIYQVPNQPQHF	GYINVFAFPF
CASSDGYGYTF	GYINVFAFPF
CASSWTGAGEQYF	GYINVFAFPF
CSVWGGDTANYGYTF	GYINVFAFPF
CASSFGLAGGLLSYEQYF	GYINVFAFPF
CASSIGGTTSHF	GYINVFAFPF
CAISESGQLAFF	GYINVFAFPF
CASSPSGQAEAFF	GYINVFAFPF
CASSRDGRFNEQFF	GYINVFAFPF
CASTYSGSSYTF	GYINVFAFPF
CASSPEGRPEAFF	GYINVFAFPF
CASSPTGFEAFF	GYINVFAFPF
CSASLSGRTYEQYF	GYINVFAFPF
CASSYTGSGEQYF	GYINVFAFPF
CASSLQGTGELFF	GYINVFAFPF
CSAPSGGATDTQYF	GYINVFAFPF
CASSLIGTGVNEQYF	GYINVFAFPF
CASSFGGTQYF	GYINVFAFPF
CSALREGRETQYF	GYINVFAFPF
CASSKTNNHRGRITKNIQYF	GYINVFAFPF
CASSYDENGGDDNEKLFF	GYINVFAFPF
CASSYSIGGSLYEQYF	GYINVFAFPF
CASSFTAEAYEQYF	GYINVFAFPF
CASSPTGNTQYF	GYINVFAFPF
CASTRGNTQYF	GYINVFAFPF
CSAPGTGNSGNQPQHF	GYINVFAFPF
CSASLAQETQYF	GYINVFAFPF
CASSPGGLYYGYTF	GYINVFAFPF
CASSDWALGTDTQYF	GYINVFAFPF
CASSPDRESNQPQHF	GYINVFAFPF
CASSQEGTSGAFF	GYINVFAFPF
CASSEQGEKLFF	GYINVFAFPF
CASSYTLAGETPSTDTQYF	GYINVFAFPF
CASSYAGETQYF	GYINVFAFPF
CASSFTGNEQFF	GYINVFAFPF
CASSLSPGYYGYTF	GYINVFAFPF
CASSLDRVYGYTF	GYINVFAFPF
CSAVPDRDRGAEQYF	GYINVFAFPF
CASSFAGELFF	GYINVFAFPF
CASSLDGGGWFF	GYINVFAFPF
CSARDRVSNRYNEQFF	GYINVFAFPF
CASSPPRYEQYF	GYINVFAFPF
CASSWGGRAYGYTF	GYINVFAFPF
CASSFLSEQYF	GYINVFAFPF
CSAFGLAGGAYEQYF	GYINVFAFPF
CSVEEGQGHEQYF	GYINVFAFPF
CASSWAETQYF	GYINVFAFPF
CASGTGAPDTQYF	GYINVFAFPF
CASGPDSEQFF	GYINVFAFPF
CASSPTGSGYTF	GYINVFAFPF
CSVEVGEGNIQYF	GYINVFAFPF
CARSYRAMNTEAFF	GYINVFAFPF
CASSRARTGYGGELFF	GYINVFAFPF
CSVEVGVGYEQYF	GYINVFAFPF
CASSFAGPETQYF	GYINVFAFPF
CASSMGPADGYTF	GYINVFAFPF
CSALRSGYTF	GYINVFAFPF
CASSGGYEQYF	GYINVFAFPF
CSVSGTMTYEQYF	GYINVFAFPF
CASSVEASSVYNEQFF	GYINVFAFPF
CASRYTGELFF	GYINVFAFPF
CASSFNEQFF	GYINVFAFPF
CASSPSGNTIYF	GYINVFAFPF
CASSQPGGGETQYF	GYINVFAFPF
CASSLSFEQFF	GYINVFAFPF
CSVERTGGSNEKLFF	GYINVFAFPF
CSANDVGEGTEAFF	GYINVFAFPF
CSARGGLDPNNEQFF	GYINVFAFPF
CASSLIDQPQHF	GYINVFAFPF
CASSFADTQYF	GYINVFAFPF
CSVQTGKGNTIYF	GYINVFAFPF
CASSTRTGLASYEQYF	GYINVFAFPF
CASRTVKNIQYF	GYINVFAFPF
CSARKDRWDYGYTF	GYINVFAFPF
CARRQPQHF	GYINVFAFPF
CASSQEVQAEDTEAFF	GYINVFAFPF
CSVETGQGYEQFF	GYINVFAFPF
CSVEGGGNEQFF	GYINVFAFPF
CASSLKPGSGANVLTF	GYINVFAFPF
CASSFSDTQYF	GYINVFAFPF
CASSLTGGSTDTQYF	GYINVFAFPF
CASTPGNRRYYGYTF	GYINVFAFPF
CASSQDYGYEQYF	GYINVFAFPF
CASLGGEGYTF	GYINVFAFPF
CASSLSGELFF	GYINVFAFPF
CASSAQGSAFF	GYINVFAFPF
CSALLAPTYEQYF	GYINVFAFPF
CASSSGGWEKLFF	GYINVFAFPF
CASSQELGVLDYTF	GYINVFAFPF
CASSQTGETQYF	GYINVFAFPF
CASSLGEKLFF	GYINVFAFPF
CATSRVGETQYF	GYINVFAFPF
CSVLVGSTEAFF	GYINVFAFPF
CASSFADTQYF	GYINVFAFPF
CASSFSGEGYTF	GYINVFAFPF
CASRPKTQGWAYGYTF	GYINVFAFPF
CASSEMGTENTGELFF	GYINVFAFPF
CASSPPGGRSYEQYF	GYINVFAFPF
CSALRVAGGVSYEQYF	GYINVFAFPF
CASSYSLGDTNTEAFF	GYINVFAFPF
CASSFEGTQYF	GYINVFAFPF
CASSLLAGGYNEQFF	GYINVFAFPF
CASSPSGDPTYEQYF	GYINVFAFPF
CASTPGGELFF	GYINVFAFPF
CASSPDGSGNTIYF	GYINVFAFPF
CASSEGRTMNTEAFF	GYINVFAFPF
CASHSAQGLHEQYF	GYINVFAFPF
CATSETGSEQYF	GYINVFAFPF
CASSLGTGELFF	GYINVFAFPF
CASSPLGGYSNQPQHF	GYINVFAFPF
CASSFQGATEAFF	GYINVFAFPF
CASSPDGFYAFF	GYINVFAFPF
CASSYTGGGREGYTF	GYINVFAFPF
CASSLQAEAFF	GYINVFAFPF
CASSYGAVEQFF	GYINVFAFPF
CASSPTGAEAFF	GYINVFAFPF
CASSLAGETQYF	GYINVFAFPF
CASSLILGETQYF	GYINVFAFPF
CASRGTGGLDSPLHF	GYINVFAFPF
CATSELGDEQYF	GYINVFAFPF
CSAVRQGLFYEQYF	GYINVFAFPF
CASSYGGETQYF	GYINVFAFPF
CASSVDTGAYEQYF	GYINVFAFPF
CSALQGEGTEAFF	GYINVFAFPF
CASSFGQGINRETQYF	GYINVFAFPF
CASSPNSLGLSSYNEQFF	GYINVFAFPF
CASSFDGSGYTF	GYINVFAFPF
CASSPPPLNTEAFF	GYINVFAFPF
CASSRTGGTNEKLFF	GYINVFAFPF
CASNLAGGDEQYF	GYINVFAFPF
CASSQAGETQYF	GYINVFAFPF
CASSFGDTIYF	GYINVFAFPF
CASGSTDTQYF	GYINVFAFPF
CASMGPGRGAFF	GYINVFAFPF
CASSYAETQYF	GYINVFAFPF
CASSFASQAFF	GYINVFAFPF
CASSLGAAQANTGELFF	GYINVFAFPF
CASSEADLTDTQYF	GYINVFAFPF
CASSQGVGTEAFF	GYINVFAFPF
CASSLGSNEQFF	GYINVFAFPF
CASGATITSYEQFF	GYINVFAFPF
CASSFLAGESYNEQFF	GYINVFAFPF
CASTPVPGANEQFF	GYINVFAFPF
CASSWNTEAFF	GYINVFAFPF
CASSVGFDEQFF	GYINVFAFPF
CASSFTGGELFF	GYINVFAFPF
CASSQVDRGPYGYTF	GYINVFAFPF
CASSYYEGDGYGYTF	GYINVFAFPF
CSVVRTDNTGELFF	GYINVFAFPF
CASRRETALAGVHNEQFF	GYINVFAFPF
CASSYGGRTGGSYNEQFF	GYINVFAFPF
CAISESGDEKLFF	GYINVFAFPF
CASSLASSYNEQFF	GYINVFAFPF
CSARTSNQRGNIQYF	GYINVFAFPF
CASPPPLAVYNEQFF	GYINVFAFPF
CASSPSGEKLFF	GYINVFAFPF
CASGGEQFF	GYINVFAFPF
CASSPGGSGYTF	GYINVFAFPF
CASSKGQSYNEQFF	GYINVFAFPF
CASSLGQGGRDTEAFF	GYINVFAFPF
CASSYSRPNRGENEQFF	GYINVFAFPF
CASSGTSGGLGVETQYF	GYINVFAFPF
CASSVLTGSSYNSPLHF	GYINVFAFPF
CAISDLDISYEQYF	GYINVFAFPF
CSAVTSGGYFYEQYF	GYINVFAFPF
CASSIVPGLNYGYTF	GYINVFAFPF
CSATGLPTYEQYF	GYINVFAFPF
CASSQEYRGNNSSNQPQHF	GYINVFAFPF
CASSWGTGELFF	GYINVFAFPF
CSVLQGGTEAFF	GYINVFAFPF
CASSVYGNTEAFF	GYINVFAFPF
CASSVQETQYF	GYINVFAFPF
CASAASGETQYF	GYINVFAFPF
CASSDLGRSRSYEQYF	GYINVFAFPF
CASSQESGGSYEQYF	GYINVFAFPF
CASPREFGLSTIWNQPQHF	GYINVFAFPF
CASSATGGHEQYF	GYINVFAFPF
CASSPTGNEQYF	GYINVFAFPF
CASSFGLIYGYTF	GYINVFAFPF
CSSSGIPTYEQYF	GYINVFAFPF
CASSKGRYTF	GYINVFAFPF
CASSPGSEQFF	GYINVFAFPF
CASSYSDRAKGTGELFF	GYINVFAFPF
CASSPSGGGEQYF	GYINVFAFPF
CASSVEGVPYNEQFF	GYINVFAFPF
CSARLAGGLVRGNEQFF	GYINVFAFPF
CASSFSGELFF	GYINVFAFPF
CSARFLAGPTPPSYNEQFF	GYINVFAFPF
CASSSQGSGELFF	GYINVFAFPF
CASSPFGSQETQYF	GYINVFAFPF
CASSQDHGGDGYTF	GYINVFAFPF
CASSLVLAGGSEQFF	GYINVFAFPF
CASSPTGSEQYF	GYINVFAFPF
CSVEDTVIYEQYF	GYINVFAFPF
CATLTLGEQYF	GYINVFAFPF
CASSLFSGQSYEQYF	GYINVFAFPF
CASSPGTDSYEQYF	GYINVFAFPF
CASSFSGANVLTF	GYINVFAFPF
CASSLDGETQYF	GYINVFAFPF
CAVISGYNEQFF	GYINVFAFPF
CASSFTGNIQYF	GYINVFAFPF
CATSDNSEGNEQFF	GYINVFAFPF
CASSSYNEQFF	GYINVFAFPF
CASSQGGETQYF	GYINVFAFPF
CASSEGLHNEQFF	GYINVFAFPF
CASTEREGLSNEQFF	GYINVFAFPF
CATSMGLAGVGGELFF	GYINVFAFPF
CASSQGGRLGNYEQYF	GYINVFAFPF
CASSSGGTEAFF	GYINVFAFPF
CASSPGPANGAYEQYF	GYINVFAFPF
CSIFGTGGTGELFF	GYINVFAFPF
CASSKGQIMYSNQPQHF	GYINVFAFPF
CASSPTGHEQFF	GYINVFAFPF
CASSPYGTGDEQFF	GYINVFAFPF
CASRTGSSQYF	GYINVFAFPF
CASSVTGAEQYF	GYINVFAFPF
CASNWGNTEAFF	GYINVFAFPF
CASSKSYEQYF	GYINVFAFPF
CASSQSGGADEQYF	GYINVFAFPF
CASSTTGSLQFF	GYINVFAFPF
CASRDQGQETQYF	GYINVFAFPF
CASSAVGIGGPQAFF	GYINVFAFPF
CASSPLGQQGPINSPLHF	GYINVFAFPF
CASSLASAKLFF	GYINVFAFPF
CASSVSGYTEAFF	GYINVFAFPF
CASSPSGGYNEQFF	GYINVFAFPF
CATRSQDSGANVLTF	GYINVFAFPF
CASRSTSGSYEQYF	GYINVFAFPF
CASSFGQAKYF	GYINVFAFPF
CASSQGGWETQYF	GYINVFAFPF
CASSQSVGTEDYTDTQYF	GYINVFAFPF
CASRVLAGYSEQYF	GYINVFAFPF
CASGPAGARGYGYTF	GYINVFAFPF
CASRVTSGAYNEQFF	GYINVFAFPF
CASSLSEKLFF	GYINVFAFPF
CASSYGGETQYF	GYINVFAFPF
CASYRVSGANVLTF	GYINVFAFPF
CASSAGYNEQFF	GYINVFAFPF
CASSIGGYTGELFF	GYINVFAFPF
CSARVFAGGADTQYF	GYINVFAFPF
CASSNPGYLYEQYF	GYINVFAFPF
CASSSLSGSYYNEQFF	GYINVFAFPF
CASIVTAGGNTGELFF	GYINVFAFPF
CASSFVGEQFF	GYINVFAFPF
CASSLQGPGELFF	GYINVFAFPF
CASSLSETQYF	GYINVFAFPF
CASSLHDF	GYINVFAFPF
CASGQGPGYTF	GYINVFAFPF
CASSLTGEQYF	GYINVFAFPF
CASSWTVNTIYF	GYINVFAFPF
CASSYNGVEQFF	GYINVFAFPF
CASSYSYEQYF	GYINVFAFPF
CASSLGTGGEQYF	GYINVFAFPF
CASSWTGTFSGANVLTF	GYINVFAFPF
CATSRTGAQHF	GYINVFAFPF
CASTHGGLQAEKLFF	GYINVFAFPF
CSAMRGYQETQYF	GYINVFAFPF
CASSFGGISAEQYF	GYINVFAFPF
CSASSGRETQYF	GYINVFAFPF
CASSSTGVTSNTGELFF	GYINVFAFPF
CASSPTGETQYF	GYINVFAFPF
CASSYFGGAYEQYF	GYINVFAFPF
CASSFAAEAFF	GYINVFAFPF
CASSQTGEQYF	GYINVFAFPF
CASSLTGSEAFF	GYINVFAFPF
CASSFMAEQFF	GYINVFAFPF
CASSYSGETQYF	GYINVFAFPF
CASAGGPEQYF	GYINVFAFPF
CASSYKETQYF	GYINVFAFPF
CASSPDSKKAYEQYF	GYINVFAFPF
CASSPTANTEAFF	GYINVFAFPF
CASSPGTDSYEQYF	GYINVFAFPF
CASSSTAGQYF	GYINVFAFPF
CASSFQGLRYF	GYINVFAFPF
CSVLTGLNTEAFF	GYINVFAFPF
CASSEWSAGETQYF	GYINVFAFPF
CASSALNSNQPQHF	GYINVFAFPF
CASSTTGAGYTF	GYINVFAFPF
CASSLIDRTATDTQYF	GYINVFAFPF
CASSPGPGYTF	GYINVFAFPF
CASSSTGLPDTQYF	GYINVFAFPF
CASSPGQAGYTF	GYINVFAFPF
CASSPAGDTQYF	GYINVFAFPF
CASSYSYNEQFF	GYINVFAFPF
CASSWERRTQYF	GYINVFAFPF
CASSLEGGAEQFF	GYINVFAFPF
CASRDSSSGANVLTF	GYINVFAFPF
CASSNSGGSTDTQYF	GYINVFAFPF
CASSALTAHYGYTF	GYINVFAFPF
CASSVRPGREQYF	GYINVFAFPF
CASSLTGQGTQYF	GYINVFAFPF
CASSYGGETQYF	GYINVFAFPF
CASSLAGNEQFF	GYINVFAFPF
CASSSTGGVTDTQYF	GYINVFAFPF
CASSFSDTQYF	GYINVFAFPF
CASSYSHRDLSGNTIYF	GYINVFAFPF
CASSQAHGYEQYF	GYINVFAFPF
CASSYSMTGGSAYEQYF	GYINVFAFPF
CASSLDLEGHNYGYTF	GYINVFAFPF
CASTLAGGGTDTQYF	GYINVFAFPF
CSAREGATAPAPYEQYF	GYINVFAFPF
CASSFEGTQYF	GYINVFAFPF
CASFGTSNTGELFF	GYINVFAFPF
CSAPRSTHSSYEQYF	GYINVFAFPF
CATSDRGQETQYF	GYINVFAFPF
CSVEDGFRFQETQYF	GYINVFAFPF
CASSTSGGWFF	GYINVFAFPF
CASRQGGHEQYF	GYINVFAFPF
CASSGDVVISPYEQYF	GYINVFAFPF
CASSFSYEQYF	GYINVFAFPF
CASSPSGASTDTQYF	GYINVFAFPF
CASSSTGAGTDTQYF	GYINVFAFPF
CASSIDPGAMNTEAFF	GYINVFAFPF
CATQGDSGNTIYF	GYINVFAFPF
CASSPDGMGTEAFF	GYINVFAFPF
CSALGTSGGYEQYF	GYINVFAFPF
CASSAFQGEDTEAFF	GYINVFAFPF
CASSPGGNTIYF	GYINVFAFPF
CATGQASSGNTIYF	GYINVFAFPF
CASSQDFGPQPQHF	GYINVFAFPF
CSVETGASGNTIYF	GYINVFAFPF
CASSKPPGVKLFF	GYINVFAFPF
CASSIEGWGEQFF	GYINVFAFPF
CASSLGGYQPQHF	GYINVFAFPF
CASSPPTSEQYF	GYINVFAFPF
CASSYPLSGTSDPETQYF	GYINVFAFPF
CASSHTGETQYF	GYINVFAFPF
CASRGPGQGMSSYEQYF	GYINVFAFPF
CASSLAGYTQYF	GYINVFAFPF
CASSYGDGTYEQYF	GYINVFAFPF
CASSSNRSPEQFF	GYINVFAFPF
CSAATSGTFYEQYF	GYINVFAFPF
CASTGGAGDTQYF	GYINVFAFPF
CSAPRGVLAGGRDTQYF	GYINVFAFPF
CASSPSGTENYEQYF	GYINVFAFPF
CASSFPSTF	GYINVFAFPF
CSASGGTEAFF	GYINVFAFPF
CASSPAGTPTF	GYINVFAFPF
CASSGQGSDNEQFF	GYINVFAFPF
CSARIHYEQYF	GYINVFAFPF
CASRGEQVEQYF	GYINVFAFPF
CASSYSIGREYEQFF	GYINVFAFPF
CASSLEGQPQHF	GYINVFAFPF
CSAYPGGVSSYNSPLHF	GYINVFAFPF
CASSLQGETQYF	GYINVFAFPF
CASSFSGYNEQFF	GYINVFAFPF
CASSFSGTGEKLFF	GYINVFAFPF
CASSSTGFTEAFF	GYINVFAFPF
CASSQGGFEAFF	GYINVFAFPF
CASSEPRGWYEQYF	GYINVFAFPF
CASSYSWDPADYGYTF	GYINVFAFPF
CASSPTGDTQYF	GYINVFAFPF
CASSFQGEQFF	GYINVFAFPF
CASSHFWRANEQFF	GYINVFAFPF
CASSLGYEQYF	GYINVFAFPF
CSARDLGTSYEQYF	GYINVFAFPF
CASSFPTSVSNTEAFF	GYINVFAFPF
CASSPEGSAEAFF	GYINVFAFPF
CASSQELGQPQHF	GYINVFAFPF
CASSFGTEYTF	GYINVFAFPF
CASSQDWGGIYEQYF	GYINVFAFPF
CSATIPPWDRGQYEQYF	GYINVFAFPF
CASSPGTSGIYNEQFF	GYINVFAFPF
CASSATGYEQYF	GYINVFAFPF
CASSYRGQEQFF	GYINVFAFPF
CASSLTGETQYF	GYINVFAFPF
CASSSFSGTEYGYTF	GYINVFAFPF
CSAIVGGTGELFF	GYINVFAFPF
CASSLVGSSYEQYF	GYINVFAFPF
CASNARTTGELFF	GYINVFAFPF
CASSFSNEQFF	GYINVFAFPF
CASSLVGETQYF	GYINVFAFPF
CASSLDTLNTEAFF	GYINVFAFPF
CASSFNTGELFF	GYINVFAFPF
CASSGTGESTYEQYF	GYINVFAFPF
CASSFSSEQYF	GYINVFAFPF
CASSYFQGFGKLFF	GYINVFAFPF
CARRLLGLGPDTGELFF	GYINVFAFPF
CASSQGAETQYF	GYINVFAFPF
CASSLGGVYSNQPQHF	GYINVFAFPF
CASSQDPAGPYEQYF	GYINVFAFPF
CASSFSGANVLTF	GYINVFAFPF
CASSFGGTGGSEQYF	GYINVFAFPF
CASSFTGSGAFF	GYINVFAFPF
CSVVLANTDTQYF	GYINVFAFPF
CSVVSTGLAKNIQYF	GYINVFAFPF
CASSLTPSTDTQYF	GYINVFAFPF
CASGAGADATQYF	GYINVFAFPF
CASSPGHSPLGAFF	GYINVFAFPF
CASSFSYEQYF	GYINVFAFPF
CASSFEGAGRHF	GYINVFAFPF
CASSPSNEQFF	GYINVFAFPF
CASSWGAGNIQYF	GYINVFAFPF
CASSSPGQGLIYEQYF	GYINVFAFPF
CSARSSVVDRRADTQYF	GYINVFAFPF
CASSPGYNEQFF	GYINVFAFPF
CASSHLSEQFF	GYINVFAFPF
CASSLSGTGTF	GYINVFAFPF
CASSQERGGETQYF	GYINVFAFPF
CSVATGTGFEQYF	GYINVFAFPF
CASSPAGYEQYF	GYINVFAFPF
CASSLGGRDTQYF	GYINVFAFPF
CSARDLSAGGPTLYEQYF	GYINVFAFPF
CSAPGTSGRVSDTQYF	GYINVFAFPF
CASSAEGWTEAFF	GYINVFAFPF
CASSLSGETQYF	GYINVFAFPF
CSAVTSGRIYEQYF	GYINVFAFPF
CASSQQGKWRQYF	GYINVFAFPF
CASTWGNQPQHF	GYINVFAFPF
CASSSQGIQPQHF	GYINVFAFPF
CATSIWNEQFF	GYINVFAFPF
CASSLGASREFF	GYINVFAFPF
CASSFSGVEQYF	GYINVFAFPF
CASSPGGSSYEQYF	GYINVFAFPF
CSAIDKPEAFF	GYINVFAFPF
CSCRDGTYEQYF	GYINVFAFPF
CASSWGDLGRGYNEQFF	GYINVFAFPF
CASTNGGTGYGYTF	GYINVFAFPF
CASIFSGGYTF	GYINVFAFPF
CASSSVGLDRHF	GYINVFAFPF
CASSQGVYEQYF	GYINVFAFPF
CASSFRTSGFQETQYF	GYINVFAFPF
CASTFSGELFF	GYINVFAFPF
CASSQVGEKLFF	GYINVFAFPF
CASSQFRDRGYNEQFF	GYINVFAFPF
CASRFGTEQFF	GYINVFAFPF
CASNWGSGSYEQYF	GYINVFAFPF
CSVEVSGNEQFF	GYINVFAFPF
CASSLAGGYTF	GYINVFAFPF
CASSPSGETQYF	GYINVFAFPF
CASSLPRGTGTYEQYF	GYINVFAFPF
CASSPTGNEQYF	GYINVFAFPF
CASSVEEGGVTDTQYF	GYINVFAFPF
CASSPAWGGTGLLAGGYEQYF	GYINVFAFPF
CASSFSGETQYF	GYINVFAFPF
CSASSQGAFDAFF	GYINVFAFPF
CASSLFREDEQFF	GYINVFAFPF
CASSYNGGSGYTF	GYINVFAFPF
CASSLPGELFF	GYINVFAFPF
CASSPSGAEQFF	GYINVFAFPF
CAITASGYEQYF	GYINVFAFPF
CSAMGVRANYGYTF	GYINVFAFPF
CASSYIGLASLETQYF	GYINVFAFPF
CASGGGIPNEQFF	GYINVFAFPF
CASSDPGNTIYF	GYINVFAFPF
CASSPAGYGYTF	GYINVFAFPF
CASSFRLELFF	GYINVFAFPF
CSVKTGLNEQFF	GYINVFAFPF
CASSFTQKLFF	GYINVFAFPF
CASSLELAGTRGEQFF	GYINVFAFPF
CASSQVGDISYEQYF	GYINVFAFPF
CASARGQPQHF	GYINVFAFPF
CASSWEGFIEAFF	GYINVFAFPF
CATSRGDRGGYEQYF	GYINVFAFPF
CASSLQGNTEAFF	GYINVFAFPF
CASSTRDLPDQPQHF	GYINVFAFPF
CASSLAGTQYF	GYINVFAFPF
CASSLAGQGSYEQYF	GYINVFAFPF
CASSASGELFF	GYINVFAFPF
CASSFVTGVTDTQYF	GYINVFAFPF
CASSYETGGLNTEAFF	GYINVFAFPF
CASSLGGVQYF	GYINVFAFPF
CASSQGVGASGTQETQYF	GYINVFAFPF
CASSYPGGEAFF	GYINVFAFPF
CASSTMRTEVSGANVLTF	GYINVFAFPF
CASSFSGEKLFF	GYINVFAFPF
CASSLTRGAIYF	GYINVFAFPF
CSAIPGLNTEAFF	GYINVFAFPF
CASSLTGNTIYF	GYINVFAFPF
CASSFRDIANYGYTF	GYINVFAFPF
CAISESDLTGGFTGANVLTF	GYINVFAFPF
CASSKTGAEAFF	GYINVFAFPF
CAISGEGDYGYTF	GYINVFAFPF
CASSPPGRAEQYF	GYINVFAFPF
CASSLVLDVGIQYF	GYINVFAFPF
CASTFLGVRYNSPLHF	GYINVFAFPF
CASTFVGGSSYEQYF	GYINVFAFPF
CASSIEDTDTQYF	GYINVFAFPF
CSAETAHIILGTQYF	GYINVFAFPF
CASSSNGETQYF	GYINVFAFPF
CASSSGTSGYEQYF	GYINVFAFPF
CASSAHTQYF	GYINVFAFPF
CASILPGQFYGYTF	GYINVFAFPF
CASSQPATEAFF	GYINVFAFPF
CASSFSYEQYF	GYINVFAFPF
CASSERSSWENTEAFF	GYINVFAFPF
CASSYGGNQPQHF	GYINVFAFPF
CSASLGQETQYF	GYINVFAFPF
CASSSAGETQYF	GYINVFAFPF
CASHRGGGQFF	GYINVFAFPF
CASSLSGGSTDTQYF	GYINVFAFPF
CASSLNSNQPQHF	GYINVFAFPF
CASSQVSEQFF	GYINVFAFPF
CASSQEGLAGGPSTDTQYF	GYINVFAFPF
CAISLQGGETQYF	GYINVFAFPF
CSAISYNEQFF	GYINVFAFPF
CASSLSGEKLFF	GYINVFAFPF
CSVEGGQGYNEQFF	GYINVFAFPF
CASSREGGYYEQYF	GYINVFAFPF
CSAPIGQGFEQYF	GYINVFAFPF
CASSPAGEKFF	GYINVFAFPF
CASSLGLAGGLFDNEQFF	GYINVFAFPF
CASSLWDSSTYEQYF	GYINVFAFPF
CSARDWAAVLTF	GYINVFAFPF
CASSLSSYQYF	GYINVFAFPF
CASSPGGNLRSF	GYINVFAFPF
CASSFSSEQYF	GYINVFAFPF
CASSPTGEGYTF	GYINVFAFPF
CSEAGGRSGEQFF	GYINVFAFPF
CASSPGTSGSVDEQFF	GYINVFAFPF
CSALTEGYTF	GYINVFAFPF
CSARDLSGLNTEAFF	GYINVFAFPF
CASSGAGSEQYF	GYINVFAFPF
CASSLVGEQFF	GYINVFAFPF
CASSQGGLAGGSKGNTGELFF	GYINVFAFPF
CASSYQGIGEQFF	GYINVFAFPF
CASSYSYGTEAFF	GYINVFAFPF
CSVRAGGNEQYF	GYINVFAFPF
CASSLVGRGGGAYEQYF	GYINVFAFPF
CASSFSDTQYF	GYINVFAFPF
CASSPPDFPSYNEQFF	GYINVFAFPF
CASSVGDEKLFF	GYINVFAFPF
CATSRTDRGEQYF	GYINVFAFPF
CASSLTGDTQYF	GYINVFAFPF
CASSFTGEGYTF	GYINVFAFPF
CASSLDFNYGYTF	GYINVFAFPF
CSATRTGDHSNQPQHF	GYINVFAFPF
CASSFAGEQYF	GYINVFAFPF
CATSDIVAGDYNEQFF	GYINVFAFPF
CASSLTPGRSYEQYF	GYINVFAFPF
CASSYYTGELFF	GYINVFAFPF
CASSVTGELFF	GYINVFAFPF
CASSSDTGSYEQYF	GYINVFAFPF
CASSQEPINTGELFF	GYINVFAFPF
CASSPTDTQYF	GYINVFAFPF
CASSFSYEQYF	GYINVFAFPF
CASSSGGLNTEAFF	GYINVFAFPF
CASSKDLKRRQFF	GYINVFAFPF
CSVEDGGGYEQYF	GYINVFAFPF
CSASDQAWGYEQYF	GYINVFAFPF
CASSQSTGPNQPQHF	GYINVFAFPF
CSAQGLGPGYNEQFF	GYINVFAFPF
CASSLGGPGEQFF	GYINVFAFPF
CASSQGSNEQYF	GYINVFAFPF
CSVESGDGYEQYF	GYINVFAFPF
CASSSGGYNEQFF	GYINVFAFPF
CASSLSEKLFF	GYINVFAFPF
CSGTTGDSEQYF	GYINVFAFPF
CASGLTAETQYF	GYINVFAFPF
CSVEDGDRNYNEQFF	GYINVFAFPF
CASSLTYEQYF	GYINVFAFPF
CASSLTGETQYF	GYINVFAFPF
CASSPTAYYEQYF	GYINVFAFPF
CASSLTQGGSTGELFF	GYINVFAFPF
CASSSGLAMFF	GYINVFAFPF
CASSLGGETQYF	GYINVFAFPF
CASSLGSEQFF	GYINVFAFPF
CASSFAPYEQYF	GYINVFAFPF
CASSQGPQQFF	GYINVFAFPF
CASSLPSGYNEQFF	GYINVFAFPF
CASSQDPSLISSYNEQFF	GYINVFAFPF
CATSRGQGYEQYF	GYINVFAFPF
CASSHEFLAGGFDTQYF	GYINVFAFPF
CASSLGSGQYNEQFF	GYINVFAFPF
CSGTWDTEAFF	GYINVFAFPF
CASSTFAGVYEQYF	GYINVFAFPF
CASSSGLAGGTDTQYF	GYINVFAFPF
CATSDTTGGNQPQHF	GYINVFAFPF
CASRTGTGGAVLWAFF	GYINVFAFPF
CASSLSYEQYF	GYINVFAFPF
CASSFSGLETQYF	GYINVFAFPF
CASSLLHYNEQFF	GYINVFAFPF
CASSSGTVNYEQYF	GYINVFAFPF
CASSQAGETQYF	GYINVFAFPF
CASSLGARGYTF	GYINVFAFPF
CSVELGTGEQYF	GYINVFAFPF
CASSLVAYEQYF	GYINVFAFPF
CASRGESSYNEQFF	GYINVFAFPF
CASQQATWETQYF	GYINVFAFPF
CASSQEYGSRYEQYF	GYINVFAFPF
CASSPTGNTEAFF	GYINVFAFPF
CASSLGTEYWF	GYINVFAFPF
CASSWGVDYNEQFF	GYINVFAFPF
CASTSSTEDYEQYF	GYINVFAFPF
CASSLTGAAPDTQYF	GYINVFAFPF
CSARVMVLAGAGDETQYF	GYINVFAFPF
CASSSWTGLDYGYTF	GYINVFAFPF
CASSYPRAEQFF	GYINVFAFPF
CASSLSGTQYF	GYINVFAFPF
CASSPDGSGANVLTF	GYINVFAFPF
CSATVGTGELFF	GYINVFAFPF
CSVYRDRWEQFF	GYINVFAFPF
CASTPGASGIGNEQFF	GYINVFAFPF
CASSPTGELFF	GYINVFAFPF
CASSSTGETQYF	GYINVFAFPF
CASSTRLAGGFQETQYF	GYINVFAFPF
CASSQDLVPEAFF	GYINVFAFPF
CASSYSGGDNYGYTF	GYINVFAFPF
CASIGGLHTEAFF	GYINVFAFPF
CASSLEGSGELFF	GYINVFAFPF
CATSTGGQETQYF	GYINVFAFPF
CASSPDAGLSYEQYF	GYINVFAFPF
CANQRGAGELFF	GYINVFAFPF
CSARGLVGEKLFF	GYINVFAFPF
CSAVEGTDSYEQYF	GYINVFAFPF
CASSYSSTPSYEQYF	GYINVFAFPF
CSVEVGSGYEQYF	GYINVFAFPF
CASSYTNEQYF	GYINVFAFPF
CASSVEGGGTEAFF	GYINVFAFPF
CASSRTGGQPQHF	GYINVFAFPF
CASSLYAGTVEQYF	GYINVFAFPF
CASSLVGETQYF	GYINVFAFPF
