CDR3	AA
CASSWSDTEAFF	FVCNLLLLFV
CASSQQTGAYEQYF	FVCNLLLLFV
CASSHDSRDRPSTEAFF	FVCNLLLLFV
CASSLEGVTYEQYF	FVCNLLLLFV
CASTPGQSSGNTIYF	FVCNLLLLFV
CAIPRAGEEYGYTF	FVCNLLLLFV
CASSSPSRAGESHLYEQYF	FVCNLLLLFV
CASSPRPVTDSNTGELFF	FVCNLLLLFV
CASTLSWGANTGELFF	FVCNLLLLFV
CASSYWGRGEAFF	FVCNLLLLFV
CASSPSGGGPHGYTF	FVCNLLLLFV
CSVEEAEGMSYNEQFF	FVCNLLLLFV
CASSHNRGEDGYTF	FVCNLLLLFV
CASSNYAGNYEQYF	FVCNLLLLFV
CASSGVPSWQYF	FVCNLLLLFV
CASSFDPSGMDEQFF	FVCNLLLLFV
CASSPPNGELFF	FVCNLLLLFV
CASAGGLYEQYF	FVCNLLLLFV
CASSPQGVHGYTF	FVCNLLLLFV
CASSILNGGLQYF	FVCNLLLLFV
CASTLWGREEQYF	FVCNLLLLFV
CASSPLGGAEAFF	FVCNLLLLFV
CASSPYPGLVVVDEQFF	FVCNLLLLFV
CASRVPQDMGTQYF	FVCNLLLLFV
CASRPPLGRDEPQHF	FVCNLLLLFV
CASSREGLASYEQYF	FVCNLLLLFV
CASSTTGYYGYTF	FVCNLLLLFV
CASSPTGNEQYF	FVCNLLLLFV
CASSSHRGTLFYSNQPQHF	FVCNLLLLFV
CASTRDNNYEQYF	FVCNLLLLFV
CASSLGTGISYEQYF	FVCNLLLLFV
CAWSVSGTGADTQYF	FVCNLLLLFV
CSARDMGPGQYF	FVCNLLLLFV
CASRRGEGRAFF	FVCNLLLLFV
CASSQGIGNQPQHF	FVCNLLLLFV
CSARDLAENTDTQYF	FVCNLLLLFV
CASSELRQGAGTEAFF	FVCNLLLLFV
CASTLAGGPSYNEQFF	FVCNLLLLFV
CASSYSATYEQYF	FVCNLLLLFV
CSILRDSPRYLFF	FVCNLLLLFV
CASRPDTSYEQYF	FVCNLLLLFV
CASSLRTGRAYEQYF	FVCNLLLLFV
CATSDPAMREGNTGELFF	FVCNLLLLFV
CASSLYTDTQYF	FVCNLLLLFV
CATRDIGHDEQFF	FVCNLLLLFV
CASSSPGGYEQYF	FVCNLLLLFV
CASSLDEGGRRQPQHF	FVCNLLLLFV
CASSLFGGLQLQHF	FVCNLLLLFV
CSAILAGVSYEQYF	FVCNLLLLFV
CASSQDGGPLNTEAFF	FVCNLLLLFV
CASSQDPASGYSYNEQFF	FVCNLLLLFV
CASRLADLTYEQYF	FVCNLLLLFV
CSVGGGGTDTQYF	FVCNLLLLFV
CASSSPTGGRFTDTQYF	FVCNLLLLFV
CASSDRRYGVDTEAFF	FVCNLLLLFV
CASSYDQETDTQYF	FVCNLLLLFV
CASSGTSGTYEQYF	FVCNLLLLFV
CASSLYYNEQFF	FVCNLLLLFV
CASSLKEKTYEQYF	FVCNLLLLFV
CASSLGGGDGYTF	FVCNLLLLFV
CASNPYGGTEAFF	FVCNLLLLFV
CASSPISGSYNEQFF	FVCNLLLLFV
CASRTTGEQPQHF	FVCNLLLLFV
CASSQETGVDEQFF	FVCNLLLLFV
CASSVSSASNQPQHF	FVCNLLLLFV
CSARAVLAGAYSLYNEQFF	FVCNLLLLFV
CASTSWGTPDYEQYF	FVCNLLLLFV
CASSTTGNEQFF	FVCNLLLLFV
CASSPSGSSADTQYF	FVCNLLLLFV
CASSISESSYEQYF	FVCNLLLLFV
CASQGLAAQYF	FVCNLLLLFV
CASSQDFGLNQPQHF	FVCNLLLLFV
CASSLGTDIAGGRETQYF	FVCNLLLLFV
CASSFDYEQYF	FVCNLLLLFV
CATATAAGGYTGELFF	FVCNLLLLFV
CASGQITASTDTQYF	FVCNLLLLFV
CASSLWGNNQPQHF	FVCNLLLLFV
CASSDFGTVRFF	FVCNLLLLFV
CASSLSESYNEQFF	FVCNLLLLFV
CASSLQGLGPQHF	FVCNLLLLFV
CASSEGTSGSAQYF	FVCNLLLLFV
CASSEGAMGYTEAFF	FVCNLLLLFV
CASSRGVASVGETQYF	FVCNLLLLFV
CASSASGTENQPQHF	FVCNLLLLFV
CASSLDISEGFVVVETQYF	FVCNLLLLFV
CASSLLMGQAYGYTF	FVCNLLLLFV
CASSFGTTGDTQYF	FVCNLLLLFV
CASSEGNIQYF	FVCNLLLLFV
CASSSGGGAIQETQYF	FVCNLLLLFV
CASSLIAGTDTQYF	FVCNLLLLFV
CASSLITGTAYEQYF	FVCNLLLLFV
CASSPTGGGTEAFF	FVCNLLLLFV
CASSHPRVTSGTKNNEQFF	FVCNLLLLFV
CASSVLAAASQETQYF	FVCNLLLLFV
CASSELLETQYF	FVCNLLLLFV
CASSLWGAGTGYTF	FVCNLLLLFV
CASSLDASGRPGELFF	FVCNLLLLFV
CSVIAGGPYNEQFF	FVCNLLLLFV
CATSDWHGEQFF	FVCNLLLLFV
CSARIRTGGYEQYF	FVCNLLLLFV
CASSHGGYGTGELFF	FVCNLLLLFV
CASSFRSQGGVGYTF	FVCNLLLLFV
CSAIGGGYEQYF	FVCNLLLLFV
CASSDPGQGQETQYF	FVCNLLLLFV
CASSNTMDMRNTEAFF	FVCNLLLLFV
CASSLARGGTGELFF	FVCNLLLLFV
CSVASMNTEAFF	FVCNLLLLFV
CASSQDQGATYNSPLHF	FVCNLLLLFV
CASSQETANNEQFF	FVCNLLLLFV
CASSLGQGINEQFF	FVCNLLLLFV
CATSGGQQGFGDEQYF	FVCNLLLLFV
CASSHRDRAYEQYF	FVCNLLLLFV
CSVFVDPPLYNEQFF	FVCNLLLLFV
CASSPWTSGTAYEQYF	FVCNLLLLFV
CASSLAPGVGYEQYF	FVCNLLLLFV
CSYRLYNEQFF	FVCNLLLLFV
CASSSGVSGETQYF	FVCNLLLLFV
CASSFLAGLGTEAFF	FVCNLLLLFV
CASSLTGWMNTEAFF	FVCNLLLLFV
CATSDTTSGRGGTDTQYF	FVCNLLLLFV
CASSEEEGFANSPLHF	FVCNLLLLFV
CASRSPPGQSTGELFF	FVCNLLLLFV
CASSRQGFVENTEAFF	FVCNLLLLFV
CASSAAGTAGYGYTF	FVCNLLLLFV
CSVEDLASGSYEQYF	FVCNLLLLFV
CSARVVAGVINEQFF	FVCNLLLLFV
CASSLLGTYQGDAGQPQHF	FVCNLLLLFV
CSARAPLAAYEQYF	FVCNLLLLFV
CASTINLRDRGWSQHF	FVCNLLLLFV
CASSLIWREGKDEQFF	FVCNLLLLFV
CASSGLAETGELFF	FVCNLLLLFV
CSVASPASYEQYF	FVCNLLLLFV
CASSTDGRQETQYF	FVCNLLLLFV
CSVEAGRGKTQYF	FVCNLLLLFV
CASSLTGANEKLFF	FVCNLLLLFV
CASSSLNQPQHF	FVCNLLLLFV
CASSLVTGISYEQYF	FVCNLLLLFV
CASSRSSYEQYF	FVCNLLLLFV
CASSHPHSGTGDEKLFF	FVCNLLLLFV
CASAGLSYEQYF	FVCNLLLLFV
CASSNGLAPYEQYF	FVCNLLLLFV
CASSFPGNEQYF	FVCNLLLLFV
CASSLVALAGGSYEQYF	FVCNLLLLFV
CASRLGQGDSYEQYF	FVCNLLLLFV
CASSLPADRGITDTQYF	FVCNLLLLFV
CASSLGTGVSYEQYF	FVCNLLLLFV
CASSLDGTGGSPLHF	FVCNLLLLFV
CASSLFGDSYNEQFF	FVCNLLLLFV
CASSFVRRGAYEQYF	FVCNLLLLFV
CSAIGTRNTEAFF	FVCNLLLLFV
CASSPVENLNTGELFF	FVCNLLLLFV
CASSAQGTGWANVLTF	FVCNLLLLFV
CASREAGRAYNEQFF	FVCNLLLLFV
CASSAWGNTEAFF	FVCNLLLLFV
CASGQPGLAVSYNEQFF	FVCNLLLLFV
CASKADTQYF	FVCNLLLLFV
CASSLGAPGETQYF	FVCNLLLLFV
CASSELAGGYGEQFF	FVCNLLLLFV
CASSLTSGSMYEQYF	FVCNLLLLFV
CASIGTVYNEQFF	FVCNLLLLFV
CSVLRESYEQYF	FVCNLLLLFV
CASAAGFPDTQYF	FVCNLLLLFV
CASSLTSYEQYF	FVCNLLLLFV
CASKHSLHSPLHF	FVCNLLLLFV
CSVFEGVSGNTIYF	FVCNLLLLFV
CASSFYNEQFF	FVCNLLLLFV
CASSTPPGALFETQYF	FVCNLLLLFV
CASSLLAGAGETQYF	FVCNLLLLFV
CASSKTGDYYEQYF	FVCNLLLLFV
CASRIIAGRSYEQYF	FVCNLLLLFV
CASSQWGLADNEQFF	FVCNLLLLFV
CASSHVSRTSGSNEQFF	FVCNLLLLFV
CASYTDTQYF	FVCNLLLLFV
CASSLTGDTQYF	FVCNLLLLFV
CASSQHHGLNEQFF	FVCNLLLLFV
CASSLYTGELFF	FVCNLLLLFV
CATGAWTEAFF	FVCNLLLLFV
CASSSPRTDTQYF	FVCNLLLLFV
CASSPLITAGELFF	FVCNLLLLFV
CASNLPPASGSSYEQYF	FVCNLLLLFV
CASSDLTGNTEAFF	FVCNLLLLFV
CASSPTGTTEFYGYTF	FVCNLLLLFV
CASSGTGGYGYTF	FVCNLLLLFV
CASSLSSGDYNEQFF	FVCNLLLLFV
CSVHGGPRDNEQFF	FVCNLLLLFV
CAISDGVSSNQPQHF	FVCNLLLLFV
CASSQWVYSEAFF	FVCNLLLLFV
CASSPPNTEAFF	FVCNLLLLFV
CASSQKDLGGDEQYF	FVCNLLLLFV
CASSTPQGINTGELFF	FVCNLLLLFV
CSVQESGNTIYF	FVCNLLLLFV
CASTLGATYNEQFF	FVCNLLLLFV
CASSPYPNTEAFF	FVCNLLLLFV
CASSPWDSTDTQYF	FVCNLLLLFV
CASSSQARIAFF	FVCNLLLLFV
CASSTGTTYNEQFF	FVCNLLLLFV
CASSRTAYSYEQYF	FVCNLLLLFV
CASSWGLLAGADTQYF	FVCNLLLLFV
CASSPLNDEQFF	FVCNLLLLFV
CASSRGEVGTDTQYF	FVCNLLLLFV
CASRMDSETMNTEAFF	FVCNLLLLFV
CATSRDRDVGQETQYF	FVCNLLLLFV
CSVIGNSYEQYF	FVCNLLLLFV
CASSLSKNTEAFF	FVCNLLLLFV
CALQGNTDTQYF	FVCNLLLLFV
CASSSPKARGGGTDTQYF	FVCNLLLLFV
CSARGLTSTDTQYF	FVCNLLLLFV
CASSSGQFEETQYF	FVCNLLLLFV
CASSQTQGAGVPRF	FVCNLLLLFV
CASSHSAPYEQYV	FVCNLLLLFV
CASSQGVYNYGYTF	FVCNLLLLFV
CASSPHGDTNEQFF	FVCNLLLLFV
CASSPEGNEQFF	FVCNLLLLFV
CASSLWAGLTEAFF	FVCNLLLLFV
CASSLGAGGMANEQFF	FVCNLLLLFV
CASSLMAGISYEQYF	FVCNLLLLFV
CASSRDSNTEAFF	FVCNLLLLFV
CASSLYDVGGEPQHF	FVCNLLLLFV
CASSYPSPTQYF	FVCNLLLLFV
CASSRDSLDSYEQYF	FVCNLLLLFV
CSASGPSVAGELFF	FVCNLLLLFV
CSVLQWSSGANVLTF	FVCNLLLLFV
CASSTGLALNEQFF	FVCNLLLLFV
CSAIGQVDYEQYF	FVCNLLLLFV
CASSDPRAALYGYTF	FVCNLLLLFV
CASSEARYSNTGELFF	FVCNLLLLFV
CASSLWGAENTDTQYF	FVCNLLLLFV
CATISLGAREQYF	FVCNLLLLFV
CSVEAGTGEQYF	FVCNLLLLFV
CASSLGVEAFF	FVCNLLLLFV
CASSGSWNTGELFF	FVCNLLLLFV
CASSRQGDIYEQFF	FVCNLLLLFV
CASSQLGGATGGWSPLHF	FVCNLLLLFV
CASSDPGQAEETQYF	FVCNLLLLFV
CATLRTGPLETQYF	FVCNLLLLFV
CASSLSSYTGELFF	FVCNLLLLFV
CSANSGAFYEQYF	FVCNLLLLFV
CASSIGATSNQPQHF	FVCNLLLLFV
CASSLIGQGVDEQYF	FVCNLLLLFV
CASSLAWGLQETQYF	FVCNLLLLFV
CASSQAAGGSNQPQHF	FVCNLLLLFV
CASLGAGGTYNEQFF	FVCNLLLLFV
CASSLPPPTLNTEAFF	FVCNLLLLFV
CASSYPGERPTGELFF	FVCNLLLLFV
CASSLPDRSGNTIYF	FVCNLLLLFV
CASSLFREGQFPSYNEQFF	FVCNLLLLFV
CASSQESQMNYGYTF	FVCNLLLLFV
CASSESWTSGSEVSNIQYF	FVCNLLLLFV
CASSQDLVGVHSNSPLHF	FVCNLLLLFV
CASSDLADTQYF	FVCNLLLLFV
CASSFPLAPYEQYF	FVCNLLLLFV
CASTISRLAVHEQFF	FVCNLLLLFV
CAISESSSTREEMTDTQYF	FVCNLLLLFV
CASSDLDTASVGELFF	FVCNLLLLFV
CASTLGGSQPQHF	FVCNLLLLFV
CASSIAAPYQGIVKNTEAFF	FVCNLLLLFV
CASKDPPYEQYF	FVCNLLLLFV
CASSPHLENEQYF	FVCNLLLLFV
CASSFPGLASNEQFF	FVCNLLLLFV
CASSIVLVNEQFF	FVCNLLLLFV
CASSLSYPGPGGGGELFF	FVCNLLLLFV
CASSLEVDMNTEAFF	FVCNLLLLFV
CASSLSLAGFYGYTF	FVCNLLLLFV
CASSPLLGDNTQYF	FVCNLLLLFV
CASSGLLLPPPGNEQFF	FVCNLLLLFV
CASSYSPREQFF	FVCNLLLLFV
CASSLAGGRGETQYF	FVCNLLLLFV
CASSPQGGWYGYTF	FVCNLLLLFV
CASSQLLADEQFF	FVCNLLLLFV
CASTTTSGRTTGELFF	FVCNLLLLFV
CASSETYWLGTQETQYF	FVCNLLLLFV
CASSLGPSGGVSSYNEQFF	FVCNLLLLFV
CASSLLPTVGETQYF	FVCNLLLLFV
CASSQSQSYEQYF	FVCNLLLLFV
CASSLEGGPPYNEQFF	FVCNLLLLFV
CASSWGQGPLYNEQFF	FVCNLLLLFV
CASISPGYNEQFF	FVCNLLLLFV
CASSYDRGPVGANVLTF	FVCNLLLLFV
CSAPRGGDEQFF	FVCNLLLLFV
CASRDISDGYTF	FVCNLLLLFV
CASSWGTDYEQYF	FVCNLLLLFV
CAITELAGGHETSGANVLTF	FVCNLLLLFV
CASSRGQQNEKLFF	FVCNLLLLFV
CASSWGQGQFMNTEAFF	FVCNLLLLFV
CASSSHKTSGRWDIQYF	FVCNLLLLFV
CASSLQGASPRGDLSFF	FVCNLLLLFV
CASSQVLADSYEQYF	FVCNLLLLFV
CASSSSGTQYF	FVCNLLLLFV
CASSGPNTEAFF	FVCNLLLLFV
CASSLVQATGELFF	FVCNLLLLFV
CASSWPTGTEAFF	FVCNLLLLFV
CASSLKGNLSAGELFF	FVCNLLLLFV
CASRTTEYGYTF	FVCNLLLLFV
CASSVTGYNEQFF	FVCNLLLLFV
CASRPPRAVGVDTQYF	FVCNLLLLFV
CASSLWGTGVTYEQYF	FVCNLLLLFV
CASSSWETETQYF	FVCNLLLLFV
CASSRLPDQYNEQFF	FVCNLLLLFV
CASSHLSTLFF	FVCNLLLLFV
CASSKGGWNIQYF	FVCNLLLLFV
CASSEYTASGRTNTGELFF	FVCNLLLLFV
CASSSSDEQYF	FVCNLLLLFV
CASSPNNMEHYEQYF	FVCNLLLLFV
CASSHTTGMNTGELFF	FVCNLLLLFV
CASKGLADYNEQFF	FVCNLLLLFV
CASSLGGLAGIVF	FVCNLLLLFV
CASRRGQPGGELFF	FVCNLLLLFV
CASSPGTANTGELFF	FVCNLLLLFV
CASSWGGPNTEAFF	FVCNLLLLFV
CASSYSGGAYNEQFF	FVCNLLLLFV
CASSPSGSEQYF	FVCNLLLLFV
CASSLGAGGTYEQYF	FVCNLLLLFV
CASSLESYSKETQYF	FVCNLLLLFV
CASSPGTSGEKLFF	FVCNLLLLFV
CASSPLTSGATYEQYF	FVCNLLLLFV
CASSRERGLPGADTQYF	FVCNLLLLFV
CASSELNRANTEAFF	FVCNLLLLFV
CASSPGSGNTIYF	FVCNLLLLFV
CASSPRDNSYEQYF	FVCNLLLLFV
CASSIGMNTEAFF	FVCNLLLLFV
CASSQDSRSGANTEAFF	FVCNLLLLFV
CSAILAGVYTGELFF	FVCNLLLLFV
CASSLWAGRNTEAFF	FVCNLLLLFV
CSARDLAYEQYF	FVCNLLLLFV
CASTLGGTSVDTQYF	FVCNLLLLFV
CASSEGGSWEGYTF	FVCNLLLLFV
CASSSEGPGTGELFF	FVCNLLLLFV
CSARGLGMFDEQYF	FVCNLLLLFV
CASSRSYYNEQFF	FVCNLLLLFV
CASGEGGELFF	FVCNLLLLFV
CASSLTGTGGYTF	FVCNLLLLFV
CASSLSATGNNEQFF	FVCNLLLLFV
CASSEIDGNTEAFF	FVCNLLLLFV
CASSSIGGSYQETQYF	FVCNLLLLFV
CASSLTGSYEQYF	FVCNLLLLFV
CASSLLTDPTVFQTQYF	FVCNLLLLFV
CASSALTMGETQYF	FVCNLLLLFV
CASSQWQGNEQYF	FVCNLLLLFV
CASSQSAQGYGYTF	FVCNLLLLFV
CASSQEARQQETQYF	FVCNLLLLFV
CARSFSGSRGMTYEQYF	FVCNLLLLFV
CSEAGSGNEQFF	FVCNLLLLFV
CASSLDGNEQFF	FVCNLLLLFV
CASKRLAGGNYEQYF	FVCNLLLLFV
CASSLSSDEQFF	FVCNLLLLFV
CASSSKGGAFTGELFF	FVCNLLLLFV
CASLAGNSYEQYF	FVCNLLLLFV
CASSDPRTGLGTEAFF	FVCNLLLLFV
CASSLPWTGPGELFF	FVCNLLLLFV
CASGGLINEQFF	FVCNLLLLFV
CASTGYSIRGETQYF	FVCNLLLLFV
CASSSARGDEVPAGELFF	FVCNLLLLFV
CASSLLPGIAYEQYF	FVCNLLLLFV
CASSEHENQPQHF	FVCNLLLLFV
CASSDTSGMAYEQYF	FVCNLLLLFV
CSARKRPKEMNTEAFF	FVCNLLLLFV
CASSVTNTGELFF	FVCNLLLLFV
CASSPWEYNEQFF	FVCNLLLLFV
CASSTADMSSYNEQFF	FVCNLLLLFV
CASSIGSGAGKYNEQFF	FVCNLLLLFV
CARRRNTGELFF	FVCNLLLLFV
CSVAGLAGGYEQYF	FVCNLLLLFV
CASSDISGMTEAFF	FVCNLLLLFV
CAISEPSGVLDTQYF	FVCNLLLLFV
CASSLTPVGMNTEAFF	FVCNLLLLFV
CASSLDAGYATGTQYF	FVCNLLLLFV
CASSEYRLLAGTADTQYF	FVCNLLLLFV
CASSLGRDMNTEAFF	FVCNLLLLFV
CASSDLGNEQFF	FVCNLLLLFV
CASSEGTGGLYEQYF	FVCNLLLLFV
CASSPASYEQYF	FVCNLLLLFV
CSVDQGMNTEAFF	FVCNLLLLFV
CASSAPDGKYEQYF	FVCNLLLLFV
CASGIAGISGETQYF	FVCNLLLLFV
CASILKEREMVFSTDTQYF	FVCNLLLLFV
CASPADSYTEAFF	FVCNLLLLFV
CASKQGLHEQYF	FVCNLLLLFV
CASNIEGVNSPLHF	FVCNLLLLFV
CASSLYSTDTQYF	FVCNLLLLFV
CASSPLNVETQYF	FVCNLLLLFV
CASSRDLGTGELFF	FVCNLLLLFV
CATSRPWTSRNTGELFF	FVCNLLLLFV
CASQDRDYNSPLHF	FVCNLLLLFV
CSAGGGEVDTQYF	FVCNLLLLFV
CASSPDLAGTVQYF	FVCNLLLLFV
CASSVLAGVYNEQFF	FVCNLLLLFV
CASSQEAMNTEAFF	FVCNLLLLFV
CATPGSSTDTQYF	FVCNLLLLFV
CASSPGQGAYNEQFF	FVCNLLLLFV
CASSFGGDTGELFF	FVCNLLLLFV
CASSPSRASSGAVQETQYF	FVCNLLLLFV
CASSLLGDNQPQHF	FVCNLLLLFV
CASSLGATSTDTQYF	FVCNLLLLFV
CASSFPGTAQETQYF	FVCNLLLLFV
CASSFTQGAMTEAFF	FVCNLLLLFV
CSVTGLNTEAFF	FVCNLLLLFV
CASSWTGGTEAFF	FVCNLLLLFV
CASSLWEGNTEAFF	FVCNLLLLFV
CASSSPRDTPNTGELFF	FVCNLLLLFV
CASSSTDSGANVLTF	FVCNLLLLFV
CASSLTGGNLLLESTDTQYF	FVCNLLLLFV
CASSLGSGNTIYF	FVCNLLLLFV
CASSITGGGEAFF	FVCNLLLLFV
CASSLLAGEETQYF	FVCNLLLLFV
CASSLGALNTEAFF	FVCNLLLLFV
CSARDRGDEQYF	FVCNLLLLFV
CASLAIDEAFF	FVCNLLLLFV
CASRLADSSYNEQFF	FVCNLLLLFV
CASSREGLAGTDTQYF	FVCNLLLLFV
CASSRFQVYEQYF	FVCNLLLLFV
CASSWGSGGELFF	FVCNLLLLFV
CSARGRTSGSLGETQYF	FVCNLLLLFV
CASSQYRVYEQYF	FVCNLLLLFV
CSARDLASGGATWETQYF	FVCNLLLLFV
CASSEQGNYEQYF	FVCNLLLLFV
CASRLYQGTEAFF	FVCNLLLLFV
CASSLYQNSPLHF	FVCNLLLLFV
CASSPTGGAEQYF	FVCNLLLLFV
CASSLLADSYNEQFF	FVCNLLLLFV
CASRAGESPLHF	FVCNLLLLFV
CASSFNYEQFF	FVCNLLLLFV
CSFSWSYEQYF	FVCNLLLLFV
CATSPIAGTGELFF	FVCNLLLLFV
CASGEGTANTGELFF	FVCNLLLLFV
CASRQSEWVRGGNEQFF	FVCNLLLLFV
CASSPGGTGELFF	FVCNLLLLFV
CASSPVTGGETDTQYF	FVCNLLLLFV
CASSLSSYAYEQYF	FVCNLLLLFV
CASSSTSRGRYGYTF	FVCNLLLLFV
CASSFGASPYEQYF	FVCNLLLLFV
CSILGLTDEQYF	FVCNLLLLFV
CATSRVQGSPTDTQYF	FVCNLLLLFV
CASSLVGGSGNEQFF	FVCNLLLLFV
CASSQGPSNTGELFF	FVCNLLLLFV
CASSFRTDMNTEAFF	FVCNLLLLFV
CASSEAPDSFYEQYF	FVCNLLLLFV
CASSQRTSGRNEQFF	FVCNLLLLFV
CASSVETGAGGPVHEQYF	FVCNLLLLFV
CASSQDPGGSYNEQFF	FVCNLLLLFV
CSAGLGTEQFF	FVCNLLLLFV
CASSLGLAGDTDTQYF	FVCNLLLLFV
CASKVSVMNTEAFF	FVCNLLLLFV
CASSLANQPQHF	FVCNLLLLFV
CASRSDGTSNQPQHF	FVCNLLLLFV
CASSVDRSELAQETQYF	FVCNLLLLFV
CASSQWDLNTEAFF	FVCNLLLLFV
CASSLVREGYNEQFF	FVCNLLLLFV
CASSYRNTGELFF	FVCNLLLLFV
CASSIASVNTEAFF	FVCNLLLLFV
CASSLDPRTGPSYEQYF	FVCNLLLLFV
CASSLLLGQGETQYF	FVCNLLLLFV
CASRNKRTSGEETQYF	FVCNLLLLFV
CASSTSQPGGYGYTF	FVCNLLLLFV
CASSLLTSGSYNEQFF	FVCNLLLLFV
CASRERGADTQYF	FVCNLLLLFV
CASSEGLGGYEQYF	FVCNLLLLFV
CSVGTGTGGPYEQYF	FVCNLLLLFV
CASSELRREASSYNEQFF	FVCNLLLLFV
CSGRGDSSYEQYF	FVCNLLLLFV
CASSQVNESPLHF	FVCNLLLLFV
CASSQDTRQGALNTEAFF	FVCNLLLLFV
CSVGGGSTDTQYF	FVCNLLLLFV
CASSSGQANTGELFF	FVCNLLLLFV
CATSTGLAGDEQYF	FVCNLLLLFV
CASSYSEQTGPNTEAFF	FVCNLLLLFV
CASSPLASEPPYEQYF	FVCNLLLLFV
CASSPWGGEGQETQYF	FVCNLLLLFV
CASSSALPFQGEAGNTIYF	FVCNLLLLFV
CASSQRLAGENEQFF	FVCNLLLLFV
CASSLWGQDTTDTQYF	FVCNLLLLFV
CATKMGLVNEQFF	FVCNLLLLFV
CASSFLLNRYEQYF	FVCNLLLLFV
CASSQAAARPPEASYEQYF	FVCNLLLLFV
CASSDLALSSYNEQFF	FVCNLLLLFV
CASTLRGDMSGYTF	FVCNLLLLFV
CASTPLFLAGGRDEQFF	FVCNLLLLFV
CASSFLADNQPQHF	FVCNLLLLFV
CASSPSAALEAFF	FVCNLLLLFV
CASAPGTSQVYEQFF	FVCNLLLLFV
CASSAGTGAYEQYF	FVCNLLLLFV
CASSLDGGIGIYEQFF	FVCNLLLLFV
CSVSGQGAEAFF	FVCNLLLLFV
CASSLEGYTGELFF	FVCNLLLLFV
CASSLIDSAELFF	FVCNLLLLFV
CASSPGTSGSKQYF	FVCNLLLLFV
CASSQPPNTGELFF	FVCNLLLLFV
CASRPGLAGPNEQFF	FVCNLLLLFV
CASSSGGPLLFF	FVCNLLLLFV
CASSSSSYEQYF	FVCNLLLLFV
CSARDLSYEQYF	FVCNLLLLFV
CASSDSSGELFF	FVCNLLLLFV
CASSDPGQGWHEQYV	FVCNLLLLFV
CSVDFVEQFF	FVCNLLLLFV
CASSLQGDNQPQHF	FVCNLLLLFV
CASSPGTTNTDTQYF	FVCNLLLLFV
CASSAGTGAYEQYF	FVCNLLLLFV
CASSYSTSGRPSYEQYF	FVCNLLLLFV
CASSYDVGVVSGELFF	FVCNLLLLFV
CASSPEIQGATGELFF	FVCNLLLLFV
CASSEIDGATEAFF	FVCNLLLLFV
CASSQVAGAYNEQFF	FVCNLLLLFV
CSALETGRPNTGELFF	FVCNLLLLFV
CASSLLTDTQYF	FVCNLLLLFV
CASSLVGLSGETQYF	FVCNLLLLFV
CASTTGGAYFEQYF	FVCNLLLLFV
CASSLGAGLSYEQYF	FVCNLLLLFV
CASAWGPGGEAFF	FVCNLLLLFV
CASSPWTDNQPQHF	FVCNLLLLFV
CATYKTGGSYNEQFF	FVCNLLLLFV
CSVVAPPLQGATGELFF	FVCNLLLLFV
CASSLWSPNTEAFF	FVCNLLLLFV
CASSPWGQLFSYEQYF	FVCNLLLLFV
CASTSWGTNEQFF	FVCNLLLLFV
CASSQGDPLLVSGNTIYF	FVCNLLLLFV
CASSLDIPASIYGYTF	FVCNLLLLFV
CASSLVSPGEETQYF	FVCNLLLLFV
CASSLMGIDTQYF	FVCNLLLLFV
CASSLRSPSTDTQYF	FVCNLLLLFV
CARTGEGFYGYTF	FVCNLLLLFV
CASSLWGVAGGQETQYF	FVCNLLLLFV
CASSYSPGAYEQYF	FVCNLLLLFV
CASSIGTGVVYEQYF	FVCNLLLLFV
CASSLIEGYAYEQYF	FVCNLLLLFV
CASSYSGGAYTGELFF	FVCNLLLLFV
CASSDLGETQYF	FVCNLLLLFV
CASSYVPLGLDSYEQYF	FVCNLLLLFV
CASSFSPGELFF	FVCNLLLLFV
CASSRLGNEKLFF	FVCNLLLLFV
CSARGSSGIFNEQFF	FVCNLLLLFV
CASSTGAHEQYF	FVCNLLLLFV
CASSLFDYEQYF	FVCNLLLLFV
