CDR3	AA
CASTQGPSSVDEQFF	TSNQVAVLY
CASSESVGLAYNEQFF	TSNQVAVLY
CASSRASGTYEQYF	TSNQVAVLY
CASSQVAGGTYEQYF	TSNQVAVLY
CASSLSQRDIYEQYF	TSNQVAVLY
CASSPSTSFPDTQYF	TSNQVAVLY
CASSVVGGRDGYTF	TSNQVAVLY
CSARDRTSGTADTQYF	TSNQVAVLY
CASSPWDRGFDTEAFF	TSNQVAVLY
CASGWRATSTDTQYF	TSNQVAVLY
CASTSLSGSYNEQFF	TSNQVAVLY
CASSFRLDNTGELFF	TSNQVAVLY
CASSFRTVTGELFF	TSNQVAVLY
CASSVLAGGTYEQYF	TSNQVAVLY
CASSQLADTQYF	TSNQVAVLY
CASSEAIGMNTEAFF	TSNQVAVLY
CASSEAGQGAVGELFF	TSNQVAVLY
CSARDPPSPNTGELFF	TSNQVAVLY
CASSLGTGPLTDTQYF	TSNQVAVLY
CASSLATGSYEQYF	TSNQVAVLY
CASSPPGDSTDTQYF	TSNQVAVLY
CASSSSHRDPEQYF	TSNQVAVLY
CASSLGTGERNTEAFF	TSNQVAVLY
CASTYPGGTYEQYF	TSNQVAVLY
CASSSMGLDYEQYF	TSNQVAVLY
CASSPGSVNTEAFF	TSNQVAVLY
CASSLGGLAADWDEQFF	TSNQVAVLY
CASSQDKGVAADTQYF	TSNQVAVLY
CASSLGPSGTYEQYF	TSNQVAVLY
CASSLLAGESEQYF	TSNQVAVLY
CSARDRSVYEQYF	TSNQVAVLY
CASSSPPSSGRRGTDTQYF	TSNQVAVLY
CAISVDRGRANEKLFF	TSNQVAVLY
CATSDSQGNTEAFF	TSNQVAVLY
CASSTWASSTDTQYF	TSNQVAVLY
