CDR3	AA
CASAVGTEAFF	STGSNVFQTR
CASSLSGGGTDTQYF	STGSNVFQTR
CSDLSGRFDTQYF	STGSNVFQTR
CASSSSQQGTGNTIYF	STGSNVFQTR
CSVVGSGQGPDEQYF	STGSNVFQTR
CSVIGLGRDRVPDTQYF	STGSNVFQTR
CSARVRLSKHQADEQFF	STGSNVFQTR
PPGTQPQHF	STGSNVFQTR
CASSLGGAKYHF	STGSNVFQTR
CASSLTSGSPSPPYNEQFF	STGSNVFQTR
CASSLSQSYGYTF	STGSNVFQTR
CASSSSGGGIDEQFF	STGSNVFQTR
CASSQDLAGTQETQYF	STGSNVFQTR
CASSSSGGGIDEQFF	STGSNVFQTR
CASSPRGREEETQYF	STGSNVFQTR
CASSLGAEKLFF	STGSNVFQTR
CSGQTGNSYEQYF	STGSNVFQTR
CASSSGHPDTQYF	STGSNVFQTR
CATSRGGGTGELFF	STGSNVFQTR
CASSLGGKKLFF	STGSNVFQTR
CASSYRQNTEAFF	STGSNVFQTR
CSVVTGTGPHEQYF	STGSNVFQTR
CSVLSRGGRTDTQYF	STGSNVFQTR
CASSIGSPNEAFF	STGSNVFQTR
CASSQDSGRAGTEAFF	STGSNVFQTR
CASSPRGNEQFF	STGSNVFQTR
CSVINPDRARTDTQYF	STGSNVFQTR
CSVVGTGIPNEQFF	STGSNVFQTR
CASSSGGSTGELFF	STGSNVFQTR
CASPVGGQGLHEQYF	STGSNVFQTR
CSAVLAGAPDTQYF	STGSNVFQTR
CASSFPPRTGTGFSYGYTF	STGSNVFQTR
CASSPGTGWYEQYF	STGSNVFQTR
CASSQDQRLGTTDTQYF	STGSNVFQTR
CSVVLPRTGTGADTQYF	STGSNVFQTR
CASSPYQQGNEQFF	STGSNVFQTR
CATSRDLSGVTGELFF	STGSNVFQTR
CASSPRRDNSYNEQFF	STGSNVFQTR
CSVVIRGLTDTQYF	STGSNVFQTR
CSVVSRDEVDTIYF	STGSNVFQTR
CATSRQLQETQYF	STGSNVFQTR
CASSVIGDTEAFF	STGSNVFQTR
CASRRGGGPETQYF	STGSNVFQTR
CASTNRTYEQYF	STGSNVFQTR
CASSLGGGPQDQFF	STGSNVFQTR
CSVPLDRDYNEQFF	STGSNVFQTR
CSVVLGSNEQFF	STGSNVFQTR
CASSQRGQYNEQFF	STGSNVFQTR
CASKVGGTEAFF	STGSNVFQTR
CSVGNTDRNYEQYF	STGSNVFQTR
CASSSMSLDRESNEQFF	STGSNVFQTR
CASSEFRIYEQYF	STGSNVFQTR
CASSLGARGYTF	STGSNVFQTR
CASSLPTQGGDQETQYF	STGSNVFQTR
CASSYAFSYEQYF	STGSNVFQTR
CASSYGHRTDTQYF	STGSNVFQTR
CSAVPEGYEQYF	STGSNVFQTR
CSVRLGLAGVPDTQYF	STGSNVFQTR
CSVVSRGNTDTQYF	STGSNVFQTR
CASSQPASGKGNEQYF	STGSNVFQTR
CASSTGGPTGELFF	STGSNVFQTR
CASKVGGTEAFF	STGSNVFQTR
CSAVPGGEQYF	STGSNVFQTR
CSAVPGGEQYF	STGSNVFQTR
CSAHYNEQFF	STGSNVFQTR
CASSYSSGAPQHF	STGSNVFQTR
CSVVVRTSGTDTQYF	STGSNVFQTR
CASPSPAAGLEKLFF	STGSNVFQTR
PPGTQPQHF	STGSNVFQTR
RASSRRFRGPTDTQYF	STGSNVFQTR
CASSSRRGLAGDDNEQFF	STGSNVFQTR
CATSTADRGSDTEAFF	STGSNVFQTR
CSVVFAGGSDGTDTQYF	STGSNVFQTR
CASSAGTGSYEQYF	STGSNVFQTR
CASSFGAGGYTF	STGSNVFQTR
CSAIVAGARDTQYF	STGSNVFQTR
CASSREQGLADTQYF	STGSNVFQTR
CASSYGTPRMAQYF	STGSNVFQTR
CASSMRGLDTEAFF	STGSNVFQTR
CSAVAGGPGEQYF	STGSNVFQTR
CASSLWQQPTGEQYF	STGSNVFQTR
CASASGGANNEQFF	STGSNVFQTR
CASSDLGSQETQYF	STGSNVFQTR
CSATTGEGMNEQFF	STGSNVFQTR
CSVNTGGTEAFF	STGSNVFQTR
CASSFLGGPGNEQFF	STGSNVFQTR
CSVVGEGTGELFF	STGSNVFQTR
CASSYSETDGQKLFF	STGSNVFQTR
CSARGIDRGNSGNTIYF	STGSNVFQTR
CASSQRLAGRKDTQYF	STGSNVFQTR
CASSTGGEKLFF	STGSNVFQTR
CSARIQGVTDTQYF	STGSNVFQTR
CASSLRLNQPQHF	STGSNVFQTR
CASSSVEAGGYNEQFF	STGSNVFQTR
CSVEPGNEQFF	STGSNVFQTR
