CDR3	AA
CASSSTPSGGYNEQFF	SWMESEFRVY
CASSLDDRGKQYF	SWMESEFRVY
CASSPTTGALYNEQFF	SWMESEFRVY
CASSFPASGQGKETQYF	SWMESEFRVY
CASTNLQGTNEQYF	SWMESEFRVY
CASSPRVGQASYEQYF	SWMESEFRVY
CASSQDRGWYGYTF	SWMESEFRVY
CASSPDPGPAETQYF	SWMESEFRVY
CASSPGQGRNEQFF	SWMESEFRVY
CAREGAGLAGDRSSYNEQFF	SWMESEFRVY
CASSWRQGDGYGYTF	SWMESEFRVY
CASNDNYEQYF	SWMESEFRVY
CASSYSIGLAGVSNEQFF	SWMESEFRVY
CASSYSFSGRGRTDTQYF	SWMESEFRVY
CASSPGLRSTDTQYF	SWMESEFRVY
CASSLVQGALYNEQFF	SWMESEFRVY
CASSGLDEETQYF	SWMESEFRVY
CASSYSISQQGRSNQPQHF	SWMESEFRVY
CASSALAGGGYEQYF	SWMESEFRVY
CSARVPLRVNSYNEQFF	SWMESEFRVY
CASSVIAGGGYNEQFF	SWMESEFRVY
CASSQDGGSQETQYF	SWMESEFRVY
CASSLSPTSGYNEQFF	SWMESEFRVY
CASSIQSASSTDTQYF	SWMESEFRVY
CASSYSLTSRSGNTIYF	SWMESEFRVY
CASSLFLPGTGGVSGANVLTF	SWMESEFRVY
CASSPPDGNNEQFF	SWMESEFRVY
CATSDLQEPVGETQYF	SWMESEFRVY
CASGLPSGTHGDEQFF	SWMESEFRVY
CASSQDPGHQETQYF	SWMESEFRVY
CASSLPSGGWKTQYF	SWMESEFRVY
CASTPSFDRATEAFF	SWMESEFRVY
CASSLPTSGYNEQFF	SWMESEFRVY
CASSPRGGGSAFQYF	SWMESEFRVY
CASSSRGPYEQYF	SWMESEFRVY
CASSLQSSDEQYF	SWMESEFRVY
CASSGDSNQPQHF	SWMESEFRVY
CASSSFPGQSRPQHF	SWMESEFRVY
CASSWLPSGGGRELFF	SWMESEFRVY
CASLPDSGANVLTF	SWMESEFRVY
CASSFTGAYEQFF	SWMESEFRVY
CASSVGQGARNTGELFF	SWMESEFRVY
CASSTKGARGHKYYEQYF	SWMESEFRVY
CASSLKRAGQPSYNEQFF	SWMESEFRVY
CASSRRSGELFF	SWMESEFRVY
CASSLPGTGEHEQYF	SWMESEFRVY
CASSPGLAGGPYTGELFF	SWMESEFRVY
CASSPDSYYEQYF	SWMESEFRVY
CAISGGPSGSRREQYF	SWMESEFRVY
CASSYSFGRETSTGELFF	SWMESEFRVY
CASSLRGPYEQYF	SWMESEFRVY
CASSQDPGLQETQYF	SWMESEFRVY
CASSLRGPYGYTF	SWMESEFRVY
CASSPTEGPVNEQYF	SWMESEFRVY
CASSRTAPEAFF	SWMESEFRVY
CASSPSADSSYEQYF	SWMESEFRVY
CATSDQLLPGEPTDTQYF	SWMESEFRVY
CASSYSFDRSYEQYF	SWMESEFRVY
