CDR3	AA
CASSLSGLPGVNEQFF	RFLYIIKLIF
CASSFSPQGANNEQFF	RFLYIIKLIF
CASSIDDVIAGASYEQYF	RFLYIIKLIF
CASSLDVDTQYF	RFLYIIKLIF
CASSQDLETQYF	RFLYIIKLIF
CSANVELEETQYF	RFLYIIKLIF
CATSSVRTGDQPQHF	RFLYIIKLIF
CASGPVGTEAFF	RFLYIIKLIF
CASSPSGSEQFF	RFLYIIKLIF
CASSLAGTSSYNEQFF	RFLYIIKLIF
CASSSGAGGTYEQYF	RFLYIIKLIF
CASSLVRTGADTGELFF	RFLYIIKLIF
CATSRDRVTGELFF	RFLYIIKLIF
CASSQDLPLEGALRSTEAFF	RFLYIIKLIF
CASSATGSTDTQYF	RFLYIIKLIF
CASSDQLDTQYF	RFLYIIKLIF
CSAGTEHEQSYAEAFF	RFLYIIKLIF
CASSNPGWAAGGPVIGTEAFF	RFLYIIKLIF
CSASTSGESTDTQYF	RFLYIIKLIF
CATSGGEAQINEQFF	RFLYIIKLIF
CASSVEWGETEAFF	RFLYIIKLIF
CASSPDIQEGASETQYF	RFLYIIKLIF
CSARLATYNEQFF	RFLYIIKLIF
CASSLAGPGGFNEQYF	RFLYIIKLIF
CASSLWGQGISPLHF	RFLYIIKLIF
CASYGLGTANTGELFF	RFLYIIKLIF
CASSSTAGTPDTQYF	RFLYIIKLIF
CSAPHDSGELFF	RFLYIIKLIF
CASSESVERLSYEQYF	RFLYIIKLIF
CSALDGSSYEQYF	RFLYIIKLIF
CASSLERGGPQETQYF	RFLYIIKLIF
CASSLGTYNEQFF	RFLYIIKLIF
CSAPPPTVTQETQYF	RFLYIIKLIF
CSASLGAPEAFF	RFLYIIKLIF
CASSQDLPAITGELFF	RFLYIIKLIF
CASSQDLQVGAAVGFDTQYF	RFLYIIKLIF
CASSYGGGTVLTF	RFLYIIKLIF
CASSPTGATNEKLFF	RFLYIIKLIF
CASSLGQGYNEQFF	RFLYIIKLIF
CASSSADRIGQPQHF	RFLYIIKLIF
CASSQPGTENTEAFF	RFLYIIKLIF
CASSVLVTSGGMNEQFF	RFLYIIKLIF
CSARDGLLQETQYF	RFLYIIKLIF
CASSGGDEQFF	RFLYIIKLIF
CASSPQGAGPSYNEQFF	RFLYIIKLIF
CASSFETGTRYEQYF	RFLYIIKLIF
CSAPNWGTSVNNEQFF	RFLYIIKLIF
CASSPLGQTYQETQYF	RFLYIIKLIF
CATRGADSGNTIYF	RFLYIIKLIF
CASSLQVVWAGELFF	RFLYIIKLIF
CASSGGSEFYEQYF	RFLYIIKLIF
CASSLAGGTYNEQFF	RFLYIIKLIF
CTSSQEASGRSTNIQYF	RFLYIIKLIF
CASSGTMGLALSHGELFF	RFLYIIKLIF
CASSLMGEGGNEQFF	RFLYIIKLIF
CASTPGGTGELFF	RFLYIIKLIF
CASSYGETQYF	RFLYIIKLIF
CASSEPDRQFNYGYTF	RFLYIIKLIF
CASSFYGVPPQHF	RFLYIIKLIF
CASTKDVVAAGMNTEAFF	RFLYIIKLIF
CASSTGDRGSYEQYF	RFLYIIKLIF
CASSLAGTSSYNEQFF	RFLYIIKLIF
CASSLSLLAGGNEQFF	RFLYIIKLIF
CSVEVGELFF	RFLYIIKLIF
CASSSPVGSSGNTDTQYF	RFLYIIKLIF
CASSYTLDRATEAFF	RFLYIIKLIF
CASRAFSIYTEAFF	RFLYIIKLIF
CASSATGELFF	RFLYIIKLIF
CATSSERTAYNEQFF	RFLYIIKLIF
CASSQGQGETQYF	RFLYIIKLIF
CSAREPTSNEQFF	RFLYIIKLIF
CASSHATSGDYEQYF	RFLYIIKLIF
CASSTQGDTEAFF	RFLYIIKLIF
CASSFPQGAQETQYF	RFLYIIKLIF
CASSHQLEPGRRGSPLHF	RFLYIIKLIF
CASSEVAGQSQPQHF	RFLYIIKLIF
CSASSAGIESTDTQYF	RFLYIIKLIF
CASSQEGDSYNTEAFF	RFLYIIKLIF
CASSRGLAWDTEAFF	RFLYIIKLIF
CASSQEWDRGGNEQYF	RFLYIIKLIF
CASSLDKRGGGSPLHF	RFLYIIKLIF
CASSHTTGTSGVGTQYF	RFLYIIKLIF
CASSLAGTSPYNEQFF	RFLYIIKLIF
CSASLGTSGYNEQFF	RFLYIIKLIF
CASSGNMNTEAFF	RFLYIIKLIF
CASSSGTGFYEQYF	RFLYIIKLIF
CASSSLQYYEQYF	RFLYIIKLIF
CASSLGSSGTYNEQFF	RFLYIIKLIF
CSVEVARGGYNEQFF	RFLYIIKLIF
CSATSGWEDEQFF	RFLYIIKLIF
CASVLNNEQFF	RFLYIIKLIF
CASSSGQDPTYEQYF	RFLYIIKLIF
CSARDSQLAGYFETQYF	RFLYIIKLIF
CASSFPGGGHTEAFF	RFLYIIKLIF
CASGFGWGGSTDTQYF	RFLYIIKLIF
CASSLGGANTDTQYF	RFLYIIKLIF
CASSFTYEQYF	RFLYIIKLIF
CASSRTGSSTDTQYF	RFLYIIKLIF
CATTGTGYNEQFF	RFLYIIKLIF
CASSIPPAGGNDEQFF	RFLYIIKLIF
CSARSYEQYF	RFLYIIKLIF
CASSFDGVTKQGTDTQYF	RFLYIIKLIF
CASIGGAAGSYEQYF	RFLYIIKLIF
CASSMGLEQFF	RFLYIIKLIF
CASSSPRGAVGNEQFF	RFLYIIKLIF
CASIPWERLATDTQYF	RFLYIIKLIF
CASSQGGGDEQFF	RFLYIIKLIF
CASSSGQGAEQYF	RFLYIIKLIF
CASSLYDYGYTF	RFLYIIKLIF
CATSRDRAGGFPSTDTQYF	RFLYIIKLIF
CASSLSDYSNQPQHF	RFLYIIKLIF
CSAGPYEQYF	RFLYIIKLIF
CASSQIFQGAENTIYF	RFLYIIKLIF
CATVAEKAFF	RFLYIIKLIF
CASSFSRTSGDQETQYF	RFLYIIKLIF
CASSRAWRTSYNEQFF	RFLYIIKLIF
CASSEGAVGQGNFLLYEQYF	RFLYIIKLIF
CASSIPGATLYEQYF	RFLYIIKLIF
CASSYLGGLSTDTQYF	RFLYIIKLIF
CASSLGAGTSDTQYF	RFLYIIKLIF
CASSESGQDNYGYTF	RFLYIIKLIF
CASSPSGGATETQYF	RFLYIIKLIF
CASSLDGDTQYF	RFLYIIKLIF
CASSTGTGIPENQPQHF	RFLYIIKLIF
CASSPPTSGTLYEQFF	RFLYIIKLIF
CASSLPMGAGVADTQYF	RFLYIIKLIF
CASSPFPGLAGGLGNEQFF	RFLYIIKLIF
CASSWTSGTDTQYF	RFLYIIKLIF
CASSPQWDPDSYEQYF	RFLYIIKLIF
CASSRTSPSSYEQYF	RFLYIIKLIF
CASSLPIVGLAGSRTDTQYF	RFLYIIKLIF
CASSLGQGSEQYF	RFLYIIKLIF
CSASLGIETQYF	RFLYIIKLIF
CATDSDSQNQPQHF	RFLYIIKLIF
CSALLFRTTSYEQYF	RFLYIIKLIF
CASSTQQDRESSYEQYF	RFLYIIKLIF
CATSSARTEIEQYF	RFLYIIKLIF
CASSHETGGPGELFF	RFLYIIKLIF
CASSTGLAGIDEQFF	RFLYIIKLIF
CASSKDLGLKPTDTQYF	RFLYIIKLIF
CASSLWGLAGGDTQYF	RFLYIIKLIF
CASSLAGLGENTEAFF	RFLYIIKLIF
CASSEYTHEQFF	RFLYIIKLIF
CASSLAGTTNTGELFF	RFLYIIKLIF
CASSWPLGQGAVSDTEAFF	RFLYIIKLIF
CASRGLAEETQYF	RFLYIIKLIF
CASSYDGYVSAEAFF	RFLYIIKLIF
CSVERLWGYTF	RFLYIIKLIF
CASSQGSGTGGREAFF	RFLYIIKLIF
CASTDSSGANVLTF	RFLYIIKLIF
CASSDLTDNTGELFF	RFLYIIKLIF
CASSRDLGGNTIYF	RFLYIIKLIF
CATSRARADTEAFF	RFLYIIKLIF
CASSLAGQGVTTEAFF	RFLYIIKLIF
CASSAPGVGTGELFF	RFLYIIKLIF
CATSRDTLAGGFYEQYF	RFLYIIKLIF
CASSQDLNSNQPQHF	RFLYIIKLIF
CASSPGLAGGPFYNEQFF	RFLYIIKLIF
CASSLRQAEYENYGYTF	RFLYIIKLIF
CASRLAGDRLMNSPLHF	RFLYIIKLIF
CASSFIGTGLVDEQFF	RFLYIIKLIF
CASSERYEQYF	RFLYIIKLIF
CASSSGRSSYEQYF	RFLYIIKLIF
CASSLGSGSTDTQYF	RFLYIIKLIF
CASSYTGPNPQETQYF	RFLYIIKLIF
CASSPQGGGSSYNEQFF	RFLYIIKLIF
CATSDSRQVYNEQFF	RFLYIIKLIF
CASSPDRGTQYF	RFLYIIKLIF
CASRGADSGNTIYF	RFLYIIKLIF
CATSPTRLENEQFF	RFLYIIKLIF
CSAVEGTEAFF	RFLYIIKLIF
CATSRDRAATPINGYTF	RFLYIIKLIF
CSVERLDRAMAGELFF	RFLYIIKLIF
CASSSQIDQPQHF	RFLYIIKLIF
CASKFLNGEQYF	RFLYIIKLIF
CATSRDRTEKLFF	RFLYIIKLIF
CASSITGGMGDSPLHF	RFLYIIKLIF
CASSGASGKVSSYEQYF	RFLYIIKLIF
CASSLAGTVYGYTF	RFLYIIKLIF
CASSEVSRQMQETQYF	RFLYIIKLIF
CASKGANYGYTF	RFLYIIKLIF
CVAWASTEAFF	RFLYIIKLIF
CASSTGLAANTGELFF	RFLYIIKLIF
CASSSTGTSGRVGTQYF	RFLYIIKLIF
CASSYLIGQGQEKLFF	RFLYIIKLIF
CASSSYRGTNYGYTF	RFLYIIKLIF
CASSTGLAGIYEQYF	RFLYIIKLIF
CSVRVPSYNEQFF	RFLYIIKLIF
CASSLEAHAYEQYF	RFLYIIKLIF
CASSQESGFSYNEQFF	RFLYIIKLIF
CASSFTSGRAPDTQYF	RFLYIIKLIF
CASSQEPGLAGGNEQFF	RFLYIIKLIF
CASSQAVAGVGETQYF	RFLYIIKLIF
CASSASGGVNTGELFF	RFLYIIKLIF
CASSQLGENTGELFF	RFLYIIKLIF
CASSLVGGASDTQYF	RFLYIIKLIF
