CDR3	AA
CASSQEVRSSYEQYF	FADDLNQLTGY
CASSLGELTQETQYF	FADDLNQLTGY
CSARLSGGTEAFF	FADDLNQLTGY
CASSLGTASTDTQYF	FADDLNQLTGY
CASSPLPTSYEQYF	FADDLNQLTGY
CASTQLAGGYNEQFF	FADDLNQLTGY
CASSPPRSNTGELFF	FADDLNQLTGY
CASSLDRGYNEQFF	FADDLNQLTGY
CASSSLAGGHNEQFF	FADDLNQLTGY
CASSQDGRGEKLFF	FADDLNQLTGY
CASSQHRETGELFF	FADDLNQLTGY
CASSFFLAGGNEQFF	FADDLNQLTGY
CASSSGTGEWDEQFF	FADDLNQLTGY
CASSQENRVSSYEQYF	FADDLNQLTGY
CASSRVQQGTGELFF	FADDLNQLTGY
CASSFPVSRAHGYTF	FADDLNQLTGY
CASSVRGTEIYEQYF	FADDLNQLTGY
CASSQDSSGANVLTF	FADDLNQLTGY
CASSEPPNGYTF	FADDLNQLTGY
CASSFLLGGAAGYEQFF	FADDLNQLTGY
CASRDPLGGSTGELFF	FADDLNQLTGY
CASRTGVNGFENIQYF	FADDLNQLTGY
CASSQEYRASYEQYF	FADDLNQLTGY
CASSQEARYQETQYF	FADDLNQLTGY
CASSTGTTIGEEQYF	FADDLNQLTGY
CASSPDPGYTGELFF	FADDLNQLTGY
CSARTLEAEQFF	FADDLNQLTGY
CASSSIDGAQETQYF	FADDLNQLTGY
CASSLAASAVRWTGELFF	FADDLNQLTGY
CASSQDLSGGRYNEQFF	FADDLNQLTGY
CASSQESRVGYEQYF	FADDLNQLTGY
CASSLSSGLDEQYF	FADDLNQLTGY
CASSPTLGSHYGYTF	FADDLNQLTGY
CASSQEHRGSETQYF	FADDLNQLTGY
CASSQGASGSWSRDTQYF	FADDLNQLTGY
CASSLVAGADEAFF	FADDLNQLTGY
CASSQEGRSSYEQYF	FADDLNQLTGY
CASSQEARSSYEQYF	FADDLNQLTGY
