CDR3	AA
CASSPREGASKEQYF	CMTSCCSCLK
CASSVALAGGITGELFF	CMTSCCSCLK
CASSYGPNTEAFF	CMTSCCSCLK
CASSYQTGPIYNEQFF	CMTSCCSCLK
CASSYSGGIQETQYF	CMTSCCSCLK
CASSYAVPDTQYF	CMTSCCSCLK
CASSLRQGPNTEAFF	CMTSCCSCLK
CASSQRLEETQYF	CMTSCCSCLK
CASSVSEAGYEQYF	CMTSCCSCLK
CASSVGQGSYEQYF	CMTSCCSCLK
CASSSPGRTLYNEQFF	CMTSCCSCLK
CASSQDSGNEQFF	CMTSCCSCLK
CASSPQQGGTNIQYF	CMTSCCSCLK
CASSPTLGDRQGGYF	CMTSCCSCLK
CASSVATGTSGRGVEQFF	CMTSCCSCLK
CASSAKLTGDTARDIGYTF	CMTSCCSCLK
CASSEEIPPTDTQYF	CMTSCCSCLK
CASRTGKETQYF	CMTSCCSCLK
CASSARSSGSLSYEQYF	CMTSCCSCLK
CASSLVPLGELFF	CMTSCCSCLK
CASSLGAYRGYEQYF	CMTSCCSCLK
CASSVASTGSENIQYF	CMTSCCSCLK
CASSSWRQSNTGELFF	CMTSCCSCLK
CASSAQTSGTEDGYTF	CMTSCCSCLK
CASSPDWVRRYPDTQYF	CMTSCCSCLK
CATSSGTGINQPQHF	CMTSCCSCLK
CASRLTSGRDSEQYF	CMTSCCSCLK
CASSQLQGNTEAFF	CMTSCCSCLK
CASSPSGGNQETQYF	CMTSCCSCLK
CASSARTGTSRDTIYF	CMTSCCSCLK
CASSLMGRGTEAFF	CMTSCCSCLK
CASSVSATVSGANVLTF	CMTSCCSCLK
CASSVDVAGGGHEQYF	CMTSCCSCLK
