CDR3	AA
CASSALTGYGNTGELFF	AYILFTRFFYV
CASSLSDSSYEQYF	AYILFTRFFYV
CSVNDWTDGYGYTF	AYILFTRFFYV
CSVEAGQGGYGYTF	AYILFTRFFYV
CATSRDSWDSPQETQYF	AYILFTRFFYV
CSATGERGEAFF	AYILFTRFFYV
CASSYDEQYF	AYILFTRFFYV
CASSYILADNEQFF	AYILFTRFFYV
CASGRTSGFNSYNEQFF	AYILFTRFFYV
CASSTPPGLILAKNIQYF	AYILFTRFFYV
CASSPYLGEIESF	AYILFTRFFYV
CASRLAGGRDEQFF	AYILFTRFFYV
CASSESRDLNTEAFF	AYILFTRFFYV
CASSFWRVGMNTEAFF	AYILFTRFFYV
CASSTPWLAGALSTDTQYF	AYILFTRFFYV
CASSYSWSAGVSITSTDTQYF	AYILFTRFFYV
CSAQGQNQETQYF	AYILFTRFFYV
CASSLGGSEQYF	AYILFTRFFYV
CASSLERISTDTQYF	AYILFTRFFYV
CATSSTGTINPYEQYF	AYILFTRFFYV
CASSSQDYEQYF	AYILFTRFFYV
CASSITENYGYTF	AYILFTRFFYV
CASSWTGEGQFF	AYILFTRFFYV
CSVEGVYRAETQYF	AYILFTRFFYV
CASRSSGHYEQYF	AYILFTRFFYV
CASSNLRLGSYNEQFF	AYILFTRFFYV
CASSLAQEGGPWETQYF	AYILFTRFFYV
CSVEEGAFGETQYF	AYILFTRFFYV
CASSGLSEVEDEQYF	AYILFTRFFYV
CASSSSGNAYNEQFF	AYILFTRFFYV
CASSSPYLSKDRADTQYF	AYILFTRFFYV
CASSSHFLIRLAGGPNTDTQYF	AYILFTRFFYV
CASSSWAQVDSPLHF	AYILFTRFFYV
