CDR3	AA
CSPESTSGGAGDTQYF	FAYANRNRF
CATSRSTVKETQYF	FAYANRNRF
CASSYTSGPYEQYF	FAYANRNRF
CASSLWSGGADTQYF	FAYANRNRF
CASSYSAYGGGDTGELFF	FAYANRNRF
CASSVSSGNSYEQYF	FAYANRNRF
CASSYNSGQYTEAFF	FAYANRNRF
CASSFGGAGAQETQYF	FAYANRNRF
CASSPDGTDGSPLHF	FAYANRNRF
CASSFDRGTSGGYNEQFF	FAYANRNRF
CATSRGAGGIETQYF	FAYANRNRF
CASSPQDSGITEAFF	FAYANRNRF
CASSYYSTDYEQYF	FAYANRNRF
CASSEEETGEETQYF	FAYANRNRF
CASSIVGGTEAFF	FAYANRNRF
CASSLDQGGTEAFF	FAYANRNRF
CASTGGPDEQFF	FAYANRNRF
CASSLALAGAANSYEQYF	FAYANRNRF
CASSLEELGGGYAEAFF	FAYANRNRF
CASSYQMTANTEAFF	FAYANRNRF
CSAEGTSGIFDEQFF	FAYANRNRF
CASSLDLGNEQFF	FAYANRNRF
CASIKDGSDEAFF	FAYANRNRF
CASSVGHLTSTDTQYF	FAYANRNRF
CASTTPGQQAYEQYF	FAYANRNRF
CASSLALAGDSDTQYF	FAYANRNRF
CASSSPDRAAYEQYF	FAYANRNRF
CASSIDPDYTGELFF	FAYANRNRF
CASSYSASANTGELFF	FAYANRNRF
CASSLAGSGAYNEQFF	FAYANRNRF
CASSYWGGEETQYF	FAYANRNRF
CASSASGQDNSPLHF	FAYANRNRF
CASSEAGTASYEQYF	FAYANRNRF
CASSQTENTEAFF	FAYANRNRF
CASSQGLNTEAFF	FAYANRNRF
CATSDTSGTYNEQFF	FAYANRNRF
CASSLSSGGQYNEQFF	FAYANRNRF
CASSLDILYEQYF	FAYANRNRF
CASSQALTGNYEQYF	FAYANRNRF
CASSVGGQDNSPLHF	FAYANRNRF
CATSIEREGPYEQYF	FAYANRNRF
CASELSTNTGELFF	FAYANRNRF
CASSQETGGNEKLFF	FAYANRNRF
CAWTDSGIADTQYF	FAYANRNRF
CASSSLTGPGQNTGELFF	FAYANRNRF
CASSDSYEQYF	FAYANRNRF
CATNDEEGLNTEAFF	FAYANRNRF
CASSPEEYNEQFF	FAYANRNRF
CASSLGGRAADTQYF	FAYANRNRF
CASSIAASSTDTQYF	FAYANRNRF
CASSGTGQDNSPLHF	FAYANRNRF
CASSYDLGENQPQHF	FAYANRNRF
CASSLEGAGNTIYF	FAYANRNRF
CASSTEEGGGTYNEQFF	FAYANRNRF
CASSSYPPPGEETQYF	FAYANRNRF
CASSLGYNAGTDTQYF	FAYANRNRF
CASSPEVGEKNEQFF	FAYANRNRF
CASSLGHGADSPLHF	FAYANRNRF
CASSLAGTANYEQYF	FAYANRNRF
CASSEEGTSAAYEQYF	FAYANRNRF
CATSREISSYEQYF	FAYANRNRF
CSAVTTGFVNTDTQYF	FAYANRNRF
CASSFGDEQFF	FAYANRNRF
CSVTEHLNTEAFF	FAYANRNRF
CASSEDVTSNTEAFF	FAYANRNRF
CASSLDFGGDYNEQFF	FAYANRNRF
CASSYLTGSTDTQYF	FAYANRNRF
CASSYTGTTYEQYF	FAYANRNRF
CSVEDETGTTYGYTF	FAYANRNRF
CASSPEEYNEQFF	FAYANRNRF
CASSVAGQENGELFF	FAYANRNRF
CASSDEGLAGVYNEQFF	FAYANRNRF
CASSASGQDNSPLHF	FAYANRNRF
CASSVGGQDNSPLHF	FAYANRNRF
CATSEETSGGYEQYF	FAYANRNRF
CASSYSEGSGELFF	FAYANRNRF
CASSGRLAGYNEQFF	FAYANRNRF
CASSVEGQSNSPLHF	FAYANRNRF
CASSQETGGNEKLFF	FAYANRNRF
