CDR3	AA
CASSEFNNEQFF	IMRTFKVSI
CASSQKQGYEQYF	IMRTFKVSI
CASWGGSEEETQYF	IMRTFKVSI
CASIEGGSYNEQFF	IMRTFKVSI
CAWSVAAYDEQYF	IMRTFKVSI
CASSGLAGGQGEQFF	IMRTFKVSI
CASSTETVRWGTDTQYF	IMRTFKVSI
CASSNREDEQYF	IMRTFKVSI
CASSPRRVAGGLDEQFF	IMRTFKVSI
CASKGWNTGELFF	IMRTFKVSI
CASSLGAGLAKPTYEQYF	IMRTFKVSI
CASTPRQYEQYF	IMRTFKVSI
CSARAGQASSPSYEQYF	IMRTFKVSI
CASSVRQGTPDTQYF	IMRTFKVSI
CASSQEVAGSETQYF	IMRTFKVSI
CATSDLQGGAGLNEQFF	IMRTFKVSI
CASSYWAGETNEKLFF	IMRTFKVSI
CASSQVMGAPSTDTQYF	IMRTFKVSI
CASSLSPSTGSGNTIYF	IMRTFKVSI
CASSIEAANTEAFF	IMRTFKVSI
CASSPRQGVFGYNEQFF	IMRTFKVSI
CASNPGVGDMNTEAFF	IMRTFKVSI
CASSQSGTGFYEQYF	IMRTFKVSI
CSLDRGLDTEAFF	IMRTFKVSI
CASSDLRTEQFF	IMRTFKVSI
CASSVVLGTGTADTQYF	IMRTFKVSI
CASSQGSGYNSPLHF	IMRTFKVSI
CASSYLASGYNEQFF	IMRTFKVSI
CASSPGLANEQFF	IMRTFKVSI
CAWSPGQGDQPQHF	IMRTFKVSI
CASSLDLPIQKPQHF	IMRTFKVSI
CATSPQRVNTGELFF	IMRTFKVSI
CASSLATSGRDPDTQYF	IMRTFKVSI
CASSRLDRVYDEQYF	IMRTFKVSI
CASTNAGHNEQFF	IMRTFKVSI
CASSLDLGILDYGYTF	IMRTFKVSI
CASGPYEQYF	IMRTFKVSI
CASSGEREIRGEQYF	IMRTFKVSI
CASSYQRSRYTGELFF	IMRTFKVSI
CSARDRGSEQYF	IMRTFKVSI
CASSLSGDSFYEQYF	IMRTFKVSI
CASSVSTEQFF	IMRTFKVSI
CASSLGGGGSYEQYF	IMRTFKVSI
CASSQHRGLAGGLDNEQFF	IMRTFKVSI
CASSLGAGGDGSSEAFF	IMRTFKVSI
CASSYRDYSPLHF	IMRTFKVSI
CASSQAATGANVLTF	IMRTFKVSI
CATQERDDEQYF	IMRTFKVSI
CASSWTDSYEQYF	IMRTFKVSI
CASSSWSGTDTQYF	IMRTFKVSI
CASSQGSFPLHF	IMRTFKVSI
CASSQEGGLVGYGYTF	IMRTFKVSI
CASSWTSGGETQYF	IMRTFKVSI
CASSKSRCPTWTSATAPYNEQFF	IMRTFKVSI
CASSLGENEQFF	IMRTFKVSI
CSVEEAGGDEQYF	IMRTFKVSI
CASSKYPGGTYEQYF	IMRTFKVSI
CASSQDRGLYEQYF	IMRTFKVSI
CASSLGGTDTQYF	IMRTFKVSI
CASSLEGGLSGNTIYF	IMRTFKVSI
CASSAGTGGSPLHF	IMRTFKVSI
CASSIVPNHYNEQFF	IMRTFKVSI
CASSKAGDYGYTF	IMRTFKVSI
CASSMMSGGHNEQFF	IMRTFKVSI
CASSLLAGTVSEQFF	IMRTFKVSI
CSARGTGFFNTEAFF	IMRTFKVSI
CASSLEGRTFNTEAFF	IMRTFKVSI
CASSDTGGSYNEQFF	IMRTFKVSI
CASSYSLWIPKDNEQFF	IMRTFKVSI
CASSLGTGVIGGYTF	IMRTFKVSI
CASSQHPGEEQYF	IMRTFKVSI
CASSPWTGANVLTF	IMRTFKVSI
CASSPGTGSQPQHF	IMRTFKVSI
CAWTPLGGGGELFF	IMRTFKVSI
CASSYSRGRGGSGELFF	IMRTFKVSI
CAINPERVAETQYF	IMRTFKVSI
CASSWTSGGHEQYF	IMRTFKVSI
CASSQLAPTYNEQFF	IMRTFKVSI
CASSFVWVGNEQFF	IMRTFKVSI
CASSFGRGLPRDTEAFF	IMRTFKVSI
CASSHLDWNNEQFF	IMRTFKVSI
CASSVVASWETQYF	IMRTFKVSI
CASSENLAGGPSNEQFF	IMRTFKVSI
CASSSLPIRSTDTQYF	IMRTFKVSI
CASSPRGTDHNSPLHF	IMRTFKVSI
CASSPPGGRGVDEQYF	IMRTFKVSI
CASSPSYDSSNNEQFF	IMRTFKVSI
CASSLVQDYNEQFF	IMRTFKVSI
CASSLATGWEQYF	IMRTFKVSI
CASSFPGQGVNEQFF	IMRTFKVSI
CASSLSFPDTQYF	IMRTFKVSI
CASSPRDLNTEAFF	IMRTFKVSI
CSSGPDTEAFF	IMRTFKVSI
CASSFGDTEAFF	IMRTFKVSI
CASSHSGGGELFF	IMRTFKVSI
CASSEAGTGNTEAFF	IMRTFKVSI
CASSQDSAEAFF	IMRTFKVSI
CASSLIGGDNEQFF	IMRTFKVSI
CASSLGLAGAPGDEQYF	IMRTFKVSI
CASSLAALTVSNTGELFF	IMRTFKVSI
CASSLIRTDTQYF	IMRTFKVSI
CASSLTSGGYNEQFF	IMRTFKVSI
CASSVQAGADTQYF	IMRTFKVSI
CASSRLPDETQYF	IMRTFKVSI
CASSLDVGTGNSPLHF	IMRTFKVSI
CASSYSGPLGTDTQYF	IMRTFKVSI
CASSQGGGLGAFF	IMRTFKVSI
CASSFSGGPGANVLTF	IMRTFKVSI
CASSPGQGGNTEAFF	IMRTFKVSI
CASSLDGRAAEQYF	IMRTFKVSI
CASSEAFVGGGSYNEQFF	IMRTFKVSI
CASSLDSLEQFF	IMRTFKVSI
CASSLPNGGHTGELFF	IMRTFKVSI
CASSHRAPGQGVMSGYTF	IMRTFKVSI
CASSLGQGYEQYF	IMRTFKVSI
CASSLPNQPQHF	IMRTFKVSI
CASSVGIPGLAEDYQETQYF	IMRTFKVSI
CASSLMGPEQYF	IMRTFKVSI
CASSGAYNEQFF	IMRTFKVSI
CASSNLAGGPVGELFF	IMRTFKVSI
CASSFFSGGTGELFF	IMRTFKVSI
CASSWTGAPPLHF	IMRTFKVSI
CASSQVGQGLNTEAFF	IMRTFKVSI
CSVEQQGDYEQYF	IMRTFKVSI
CASSHPWLAGDSYNEQFF	IMRTFKVSI
CASSLDGRSPSYEQYF	IMRTFKVSI
CASSLRQGAWETQYF	IMRTFKVSI
CSALLAGGINEQFF	IMRTFKVSI
CATSRPYEGFREQYF	IMRTFKVSI
CASSFQSRGGTEAFF	IMRTFKVSI
CASSVGGGTDTQYF	IMRTFKVSI
CASSLEQGGGLYNEQFF	IMRTFKVSI
CASSQPNTDTQYF	IMRTFKVSI
CASSLIGDETQYF	IMRTFKVSI
CASSQAGQDPEAFF	IMRTFKVSI
CASSFATPGLSSAGELFF	IMRTFKVSI
CASSFSGRGSYEQYF	IMRTFKVSI
CASSQEGQRDTGELFF	IMRTFKVSI
CASSLGSGQYNEQFF	IMRTFKVSI
CASSQEGGYTEAFF	IMRTFKVSI
CASSLAAVRLTDTQYF	IMRTFKVSI
CASREGTSGELFF	IMRTFKVSI
CASSVSFSANEQYF	IMRTFKVSI
CASSYRLAGAELQETQYF	IMRTFKVSI
CSVEYRGLGEQYF	IMRTFKVSI
CASSLGQVSRWEKLFF	IMRTFKVSI
CASSKTSGSLETQYF	IMRTFKVSI
CASSKTTGNTYEQYF	IMRTFKVSI
CASSLWGEGSYEQYF	IMRTFKVSI
CASSVTDLAFTDTQYF	IMRTFKVSI
CASSFWGQGGETQYF	IMRTFKVSI
CASSQATGALGYGYTF	IMRTFKVSI
CASRSPGSYNEQFF	IMRTFKVSI
CASSFGNEQFF	IMRTFKVSI
CASSQEGRRPFYEQFF	IMRTFKVSI
CSARPLAGEHTDTQYF	IMRTFKVSI
CASSLAGGNEQFF	IMRTFKVSI
CASGWGLGDEQYF	IMRTFKVSI
CASSRSGTNTGELFF	IMRTFKVSI
CSALVIPGLDTDTQYF	IMRTFKVSI
CASSLPGGYDTQYF	IMRTFKVSI
CASSSGQGTNTGELFF	IMRTFKVSI
CASSPGQTKNIQYF	IMRTFKVSI
CASSVGLGAYEQYF	IMRTFKVSI
CASTGPGTSLYGEQFF	IMRTFKVSI
CASSLFSGLNEQFF	IMRTFKVSI
CASSSVGFRAEKLFF	IMRTFKVSI
CASSPHSGGETEAFF	IMRTFKVSI
CASSQDARALWSYTF	IMRTFKVSI
CASSLGMTGTTLIEETQYF	IMRTFKVSI
CSAREVAGESYNEQFF	IMRTFKVSI
CASSFSGPSTDTQYF	IMRTFKVSI
CASSLTTAYGYTF	IMRTFKVSI
CASSHTGPIEAFF	IMRTFKVSI
CASSLGQPQHF	IMRTFKVSI
CSVEPGAVGYTF	IMRTFKVSI
CASSPPSVFNEQFF	IMRTFKVSI
CASSQDEAEGAGGTSGEQFF	IMRTFKVSI
CASSEARVRLAGNEQFF	IMRTFKVSI
CASSQGPGGEWVSYEQYF	IMRTFKVSI
CASSQDKVAPLRETQYF	IMRTFKVSI
CASNSGTGGDTQYF	IMRTFKVSI
CASGDYEQYF	IMRTFKVSI
CASSRDRAGNEQFF	IMRTFKVSI
CASSLAASSYEQYF	IMRTFKVSI
CSVRGGIEAFF	IMRTFKVSI
CASSFIGAKHEQYF	IMRTFKVSI
CASSQRIDYEQYF	IMRTFKVSI
CASSLSAGDFNEQFF	IMRTFKVSI
CASSADPTGAGTEAFF	IMRTFKVSI
CASSLGGGNNEQFF	IMRTFKVSI
CASSPAGAADTQYF	IMRTFKVSI
CASGIEPGELFF	IMRTFKVSI
CASSAGGLGNEQFF	IMRTFKVSI
CASSPRRAWETQYF	IMRTFKVSI
CASSHQEAYNEQFF	IMRTFKVSI
CASSPDRDYGYTF	IMRTFKVSI
CASSLDSGGYEQYF	IMRTFKVSI
CASSLLLSAGPNEQFF	IMRTFKVSI
CASSSPPSRRADNEQFF	IMRTFKVSI
CASSLVENTEAFF	IMRTFKVSI
CASSVGDNTRNYGYTF	IMRTFKVSI
CASSFLEEQFF	IMRTFKVSI
CASINRLNNEQFF	IMRTFKVSI
CASSFLGLSYEQYF	IMRTFKVSI
CASSPSVWESNQPQHF	IMRTFKVSI
CASSPGSGWEQYF	IMRTFKVSI
CASSLFSGGTDTQYF	IMRTFKVSI
CASSNIQGFNQPQHF	IMRTFKVSI
CASRTGTYNEQFF	IMRTFKVSI
CASSFLSNAEDGAFF	IMRTFKVSI
CASSVQGAVEQFF	IMRTFKVSI
CASTWGKSSGQYF	IMRTFKVSI
CSATQFGQGAGETQYF	IMRTFKVSI
CASSLVPGGRPGEEAFF	IMRTFKVSI
CASSNGGSGELFF	IMRTFKVSI
CASSSVDLADTQYF	IMRTFKVSI
CASSGWEGLSTDTQYF	IMRTFKVSI
CASSSGQGSHEQYF	IMRTFKVSI
CASSVGRGSTEAFF	IMRTFKVSI
CASSLTGTSGNEQYF	IMRTFKVSI
CASSSLAGSVNEQFF	IMRTFKVSI
CASMGNNEQFF	IMRTFKVSI
CASSWTSGGYEQYF	IMRTFKVSI
CASSLEVRLYVSEYEQYF	IMRTFKVSI
CASSKEDWRGRNEQFF	IMRTFKVSI
CASMGTSGGPSTDTQYF	IMRTFKVSI
CASSSREGGTDTQYF	IMRTFKVSI
CASSEVVKLYYEQYF	IMRTFKVSI
CASSPGTGGNEQYF	IMRTFKVSI
CASSREEGGETSPLYNEQFF	IMRTFKVSI
CASSNLASPDTQYF	IMRTFKVSI
CASSFRQVINTGELFF	IMRTFKVSI
CASRSLDGFNQPQHF	IMRTFKVSI
CSAAGDGSYEQYF	IMRTFKVSI
CASSLSSGGYYEQYF	IMRTFKVSI
CASSLGGDLAEAFF	IMRTFKVSI
CASVDGTSGYNEQFF	IMRTFKVSI
CASSTAGLGTEAFF	IMRTFKVSI
