CDR3	AA
CASSSGTGVSPLHF	KTSVDCTMYI
CASSLGTGARSPLHF	KTSVDCTMYI
CASSLGTGVSYEQYF	KTSVDCTMYI
CASRPDTGTGSYEQYF	KTSVDCTMYI
CASSVLAGSYNEQFF	KTSVDCTMYI
CASSLWGSLAGVYNEQFF	KTSVDCTMYI
CASSLGQGASYEQYF	KTSVDCTMYI
CASSLGRTEQFF	KTSVDCTMYI
CASSLSQGRTEAFF	KTSVDCTMYI
CASILTLAGGRNEQFF	KTSVDCTMYI
CASSLVGLGLTREGEQFF	KTSVDCTMYI
CASSPEGARYQETQYF	KTSVDCTMYI
CASSSTGGQETQYF	KTSVDCTMYI
CASSSGTSGSTDTQYF	KTSVDCTMYI
CASSWTQTENEAFF	KTSVDCTMYI
CASSHFLQGKGEKLFF	KTSVDCTMYI
CASSPPSFSTDTQYF	KTSVDCTMYI
CASSLGQGSFREQFF	KTSVDCTMYI
CASSLSGGSSYEQYF	KTSVDCTMYI
CATSYPGTSGSYEQFF	KTSVDCTMYI
CASSSGQGDSPLHF	KTSVDCTMYI
CASSLTTGGVFNEQFF	KTSVDCTMYI
CASSLGGLAGDSYEQYF	KTSVDCTMYI
CASSSSGGQGIANYGYTF	KTSVDCTMYI
CASSEPRRSEQYF	KTSVDCTMYI
CASSVLAGGTYNEQFF	KTSVDCTMYI
CASSDRLAEQYF	KTSVDCTMYI
CASSTGTGGHEQFF	KTSVDCTMYI
CASSETGQLIEQYF	KTSVDCTMYI
CASSTGDGTNYGYTF	KTSVDCTMYI
CASRPDLASGNTIYF	KTSVDCTMYI
CASSRSGNEQFF	KTSVDCTMYI
CSASPLAGDLNEQFF	KTSVDCTMYI
