CDR3	AA
CASGLTGANTEAFF	WMESEFRVY
CASKSTTGGDGYTF	WMESEFRVY
CASSPLVGNQPQHF	WMESEFRVY
CASSPGQGRNEQFF	WMESEFRVY
CASSSFPGQSRPQHF	WMESEFRVY
CASSQQQGAGYNEQFF	WMESEFRVY
CASSQDPGQVETQYF	WMESEFRVY
CASRQPYEQYF	WMESEFRVY
CASSLGMGPYNEQFF	WMESEFRVY
CASTNLQGTNEQYF	WMESEFRVY
CASREFPDTGELFF	WMESEFRVY
CASSSRTGPYEQYF	WMESEFRVY
CASSRRSGELFF	WMESEFRVY
CASSQDPGLQETQYF	WMESEFRVY
CASSVIAGGGYNEQFF	WMESEFRVY
CASSDWGGRMETQYF	WMESEFRVY
CASSLRGPYEQYF	WMESEFRVY
CASSPIQTRNEQFF	WMESEFRVY
CASSQDTGANVLTF	WMESEFRVY
CASSSLANNSPLHF	WMESEFRVY
CASSPRGGGSAFQYF	WMESEFRVY
CASSYSISSDKSSYEQYF	WMESEFRVY
CASSFTGAYEQFF	WMESEFRVY
CAVGADRAWGEAFF	WMESEFRVY
CASSGDSNQPQHF	WMESEFRVY
CASSPQENTGELFF	WMESEFRVY
CASSLVRTGNQPQHF	WMESEFRVY
CASSLDDRGKQYF	WMESEFRVY
CASSRRMGLASYEQYF	WMESEFRVY
CASSQTSPGRELFF	WMESEFRVY
CASSLVPSGSTDTQYF	WMESEFRVY
