CDR3	AA
CASSSTIQGSYEQYF	YLYALVYFL
CASFSSSYEQYF	YLYALVYFL
CASSLGAGSGVFF	YLYALVYFL
CASSARPGLEGLEQYF	YLYALVYFL
CASSLAGGAYGYTF	YLYALVYFL
CASTGTGGTGELFF	YLYALVYFL
CASSLLTGPSYEQYF	YLYALVYFL
CASSPQGEGAPFSPLHF	YLYALVYFL
CASSDSYAGNTIYF	YLYALVYFL
CASGGQNTEAFF	YLYALVYFL
CASSLGPRPGDTQYF	YLYALVYFL
CSVRGGETDMNTEAFF	YLYALVYFL
CASSQDLSDGQPQHF	YLYALVYFL
CATSDFQGAGELFF	YLYALVYFL
CASMRWTGGTDTQYF	YLYALVYFL
CASSSGHPEAFF	YLYALVYFL
CATFSSSYEQYF	YLYALVYFL
CASSVGAAHNEQFF	YLYALVYFL
CASSSDGVGNEQFF	YLYALVYFL
CASSPDGRNQPQHF	YLYALVYFL
CSVDSGVGNQPQHF	YLYALVYFL
CASRGHPNYGYTF	YLYALVYFL
CASSESTSALTDTQYF	YLYALVYFL
CASSQDSAVSYNEQFF	YLYALVYFL
CASSSDGEETQYF	YLYALVYFL
CASGGLRDRDFRAGVLGWTQYF	YLYALVYFL
CASSEDGSSGNTIYF	YLYALVYFL
CASSIDTGVAEQYF	YLYALVYFL
CASSYGAGAGNEQFF	YLYALVYFL
CASSLWASYEQYF	YLYALVYFL
CSALRGSHEQFF	YLYALVYFL
CASSPGTHQETQYF	YLYALVYFL
CASSELPGTGNQPQHF	YLYALVYFL
CASIVLGKRNPPQETQYF	YLYALVYFL
CASSPGLPPGNEQFF	YLYALVYFL
CASSLGDTQYF	YLYALVYFL
CASSDVEGLRPLNTEAFF	YLYALVYFL
CATSVPPTRRDSYNEQFF	YLYALVYFL
CASSLDDTSHYEQYF	YLYALVYFL
CSVEGVQGVLEQYF	YLYALVYFL
CASSLFVGEEETQYF	YLYALVYFL
CSVEELAGVVRTDTQYF	YLYALVYFL
CSVLENTEAFF	YLYALVYFL
CASSPNSNQPQHF	YLYALVYFL
CAISEYSTPDRFLSDTEAFF	YLYALVYFL
CASSQEWGDYQPQHF	YLYALVYFL
CASSLMGGETQYF	YLYALVYFL
CSVGGTGAYEQYF	YLYALVYFL
CASSIQWTSTDTQYF	YLYALVYFL
CASRLAGGDNEQFF	YLYALVYFL
CASSSGQGTDTQYF	YLYALVYFL
CASSGAGGYGYTF	YLYALVYFL
CSVDGRRGYTEAFF	YLYALVYFL
CASSLRPQVRGYEAPPQETQYF	YLYALVYFL
CASSPLPGTDFYNEQFF	YLYALVYFL
CASSQGLAGMYEQYF	YLYALVYFL
CASSEVQGVEQYF	YLYALVYFL
CASSANTEAFF	YLYALVYFL
CASSPNSGNTIYF	YLYALVYFL
CASSISVSKNIQYF	YLYALVYFL
CATSDLPNTGELFF	YLYALVYFL
CASSLTSNNEDTEAFF	YLYALVYFL
CSVPSGYGYTF	YLYALVYFL
CASGATSYEQYF	YLYALVYFL
CASSYTTGSRETQYF	YLYALVYFL
CASSLIAFPDTQYF	YLYALVYFL
CSVDFRGSGTEAFF	YLYALVYFL
CSVDLKGSTGELFF	YLYALVYFL
CASSKGQYTGELFF	YLYALVYFL
CASSIDQRGNYGYTF	YLYALVYFL
CASSLGTGEDQPQHF	YLYALVYFL
CASSFYWGTEAFF	YLYALVYFL
CASSQDIPGTGSYEQYF	YLYALVYFL
CATQGVGQETQYF	YLYALVYFL
CASSLGINTEAFF	YLYALVYFL
CASSFGASGNYEQYF	YLYALVYFL
CASSNPGHRAYNEQFF	YLYALVYFL
CASSGGEGEQFF	YLYALVYFL
CASRPLVGTDSNQPQHF	YLYALVYFL
CASGPGDNQPQHF	YLYALVYFL
CASRPTLANEQFF	YLYALVYFL
CASSFGQGGDEQFF	YLYALVYFL
CASSSGNTEAFF	YLYALVYFL
CASRVLGTSGGDEQFF	YLYALVYFL
CASSYSGQETQYF	YLYALVYFL
CASFAASYEQYF	YLYALVYFL
CASSYSGGNTEAFF	YLYALVYFL
CATPGLAGPVGTGELFF	YLYALVYFL
CATLYSNQPQHF	YLYALVYFL
CSVEEVAGGGYTF	YLYALVYFL
CASSLGGRANGYTF	YLYALVYFL
CASSPWSTSQHF	YLYALVYFL
CASSLAGFKETQYF	YLYALVYFL
CASTLKAGVGSYEQYF	YLYALVYFL
CASSIEGLAGVYEQFF	YLYALVYFL
CATSRDRRERETQYF	YLYALVYFL
CASTMGQTYGYTF	YLYALVYFL
CSVVQGAPYEQYF	YLYALVYFL
CASGNTEAFF	YLYALVYFL
CASSPPDRAHYNEQFF	YLYALVYFL
CASSWDRGYGYTF	YLYALVYFL
CASSPSKAVWDEQFF	YLYALVYFL
CAWWVGPYEQYF	YLYALVYFL
CASSLGQAGDEKLFF	YLYALVYFL
CASSQTTGQSSYNSPLHF	YLYALVYFL
CASSPGLVGYEQFF	YLYALVYFL
CSARPKVWDKGGWGPDTQYF	YLYALVYFL
CASSYPRDYLAKNIQYF	YLYALVYFL
CASSKVSVGGMDTQYF	YLYALVYFL
CASSPRQGPWEETQYF	YLYALVYFL
CASSLPSGSEQYF	YLYALVYFL
CASSQATALNTEAFF	YLYALVYFL
CASSWSPGELFF	YLYALVYFL
CASSLARDSYEQYF	YLYALVYFL
CASNGGRVNQYTQYF	YLYALVYFL
CASSLLGGAGNEQFF	YLYALVYFL
CASSQEVLPNEKLFF	YLYALVYFL
CASSLDLAGNYNEQFF	YLYALVYFL
CSAARGVEQYF	YLYALVYFL
CASSLAGTGSPLHF	YLYALVYFL
CSALAGGWYEQYF	YLYALVYFL
CATSRVLGTDTQYF	YLYALVYFL
CASNGQFGPATNEKLFF	YLYALVYFL
CASSPLTRYGSPQPQHF	YLYALVYFL
CASSPVGGWETQYF	YLYALVYFL
CASSREGPTVLETQYF	YLYALVYFL
CASFSSSYEQYF	YLYALVYFL
CATSDSYRAQETQYF	YLYALVYFL
CASSTSSYEQYF	YLYALVYFL
CASSPTSGSGYEQYF	YLYALVYFL
CASSLGMSGMYEQYF	YLYALVYFL
CASSLIQGNTGELFF	YLYALVYFL
CASSPGGNEQFF	YLYALVYFL
CASSVGAAVSYEQYF	YLYALVYFL
CSVDTGELFF	YLYALVYFL
CASFGQNRNTIYF	YLYALVYFL
CASSATPNTGELFF	YLYALVYFL
CATSDFLTNSYNEQFF	YLYALVYFL
CASSSSEYNEQFF	YLYALVYFL
CASARTGRNEQYF	YLYALVYFL
CSVFKGNTIYF	YLYALVYFL
CASSSGGQGARETQYF	YLYALVYFL
CASSLLDRYNEQFF	YLYALVYFL
CASSLTDPYEQYF	YLYALVYFL
CASTPRIQPQHF	YLYALVYFL
CASSSQIAWGEYSGANVLTF	YLYALVYFL
CATSREQGDLEDPYF	YLYALVYFL
CASSMAGYTEAFF	YLYALVYFL
CASSNGPGQGPNEQFF	YLYALVYFL
CASSFIETQYF	YLYALVYFL
CASTHTGELFF	YLYALVYFL
CASSQDYWEGGTDTQYF	YLYALVYFL
CASSYSSRLGTPEKLFF	YLYALVYFL
CASKGTGGFNEQFF	YLYALVYFL
CASSQDGGGRVTGELFF	YLYALVYFL
CASSGAGELFF	YLYALVYFL
CASSISGIGAESSYNEQFF	YLYALVYFL
CASSQDLSGVNEQFF	YLYALVYFL
CASSVPTGGGKPAGDTDTQYF	YLYALVYFL
CAIKSDSSYEQYF	YLYALVYFL
CASSSPKTGGGGWETQYF	YLYALVYFL
CASSLEAGGTDTQYF	YLYALVYFL
CASSLRDEQYF	YLYALVYFL
CACHRRTGYGYTF	YLYALVYFL
CARLSERGVVNEQFF	YLYALVYFL
CSARDQGDAGEPQHF	YLYALVYFL
CSARVPAGRIYEQYF	YLYALVYFL
CASSQLQSGTGNYEQYF	YLYALVYFL
CASSSGQGTDTQYF	YLYALVYFL
CASSQGRGSGNTIYF	YLYALVYFL
CSVDLGGGPDTQYF	YLYALVYFL
CSVVGTSGSNEQFF	YLYALVYFL
CASSPAQGWETQYF	YLYALVYFL
CAITGSGTYEQYF	YLYALVYFL
CASSPPSGNGWELFF	YLYALVYFL
CACLSGNTIYF	YLYALVYFL
CASSGLAGGEETQYF	YLYALVYFL
CSARTPGTRIYEQYF	YLYALVYFL
CASSVPSGSPTYNEQFF	YLYALVYFL
CASSEGRGWIEQYF	YLYALVYFL
CASSPILRETGNNEQFF	YLYALVYFL
CASSWGASNEQFF	YLYALVYFL
CASSYSGGANQPQHF	YLYALVYFL
CSAMDQGLGAFF	YLYALVYFL
CASSVAGSGNTIYF	YLYALVYFL
CASSQDPGSTDIQYF	YLYALVYFL
CASSLEGGGTEAFF	YLYALVYFL
CASINTGVYYNEQFF	YLYALVYFL
CASSEGGTTAYNEQFF	YLYALVYFL
CASSYTTGEQYF	YLYALVYFL
CASSIELLAKNIQYF	YLYALVYFL
CASSPANYEQYF	YLYALVYFL
CASSQGSGRADQPQHF	YLYALVYFL
CASSISQRDGGYGYTF	YLYALVYFL
CASSDSGSSDTQYF	YLYALVYFL
CASSPQGGGHLNTEAFF	YLYALVYFL
CSVEGGGYTF	YLYALVYFL
CASSPLASTDTQYF	YLYALVYFL
CASSLDSYTEAFF	YLYALVYFL
CASSPFGNNEQFF	YLYALVYFL
CASSPLDRGGYEQYF	YLYALVYFL
CASSLDGQPYTF	YLYALVYFL
CASSQPEDRSSTGELFF	YLYALVYFL
CATRGTSGEQYF	YLYALVYFL
CATRQGMNTEAFF	YLYALVYFL
CASSHYRGSYNEQFF	YLYALVYFL
CASSLTSVGGPSETQYF	YLYALVYFL
CSVETGGGYTF	YLYALVYFL
CASSPREVTDTQYF	YLYALVYFL
CSVDGAVSNTEAFF	YLYALVYFL
CASSFGSSPLNEQFF	YLYALVYFL
CASRGGNTEAFF	YLYALVYFL
CATSSGPGEGNTEAFF	YLYALVYFL
CASNGDWRADTQYF	YLYALVYFL
CASSEATETMNTEAFF	YLYALVYFL
CASSWDGMNTEAFF	YLYALVYFL
CASSPLTGGGYGYTF	YLYALVYFL
CASSLNRVGAYEQYF	YLYALVYFL
CASSLDLETQYF	YLYALVYFL
CASSLQQGLTEAFF	YLYALVYFL
CASSFSAGELFF	YLYALVYFL
CASSLLRVNNQPQHF	YLYALVYFL
CASSLNLMGPHSRPYTYSYNSPLHF	YLYALVYFL
CASSLPSGYEQYF	YLYALVYFL
CATSVGMGETQYF	YLYALVYFL
CASSLPRLAGDSVDEQFF	YLYALVYFL
CASSLTSVLEQFF	YLYALVYFL
CASSLSSGLRVYEQYF	YLYALVYFL
CASTTGMNTEAFF	YLYALVYFL
CASSQESSGYEQYF	YLYALVYFL
CASSQDNSYGNTIYF	YLYALVYFL
CASSPFMKGEANEKLFF	YLYALVYFL
CASSQHWNSGNTIYF	YLYALVYFL
CASSRQGDYYGYTF	YLYALVYFL
CASSLVGGGEQFF	YLYALVYFL
CASSDDRVRLFF	YLYALVYFL
CASSLWRGGPNTEAFF	YLYALVYFL
CASSEPRTSGGWNTGELFF	YLYALVYFL
CASSYLQGRTEAFF	YLYALVYFL
CASSQEGQGHGYTF	YLYALVYFL
CASSLLDTTYEQYF	YLYALVYFL
CASSLGVGRETQYF	YLYALVYFL
CASSEGGSGQPQHF	YLYALVYFL
CASKGLAGPYNEQFF	YLYALVYFL
CASRLTVREGDSYNSPLHF	YLYALVYFL
CASSLFRGAGDGYTF	YLYALVYFL
CSANPDRGDYNEQFF	YLYALVYFL
CASSLPPENRNSYGYTF	YLYALVYFL
CASSRESSGNTIYF	YLYALVYFL
CASSLYLSPIQPQHF	YLYALVYFL
CAISEGTTGNEQFF	YLYALVYFL
CASSTPTGVALGEQFF	YLYALVYFL
CASSSGITGYTF	YLYALVYFL
CATGETSYEQYF	YLYALVYFL
CASSLLNMTEQYF	YLYALVYFL
CASSPDSSYNEQFF	YLYALVYFL
CASRPGGRTDTQYF	YLYALVYFL
CASSPSPGGAGSNQPQHF	YLYALVYFL
CASSQGVATDTDTQYF	YLYALVYFL
CSAPRGDSYNEQFF	YLYALVYFL
CASGGQGTHWADEQYF	YLYALVYFL
CASSSGRNFYEQFF	YLYALVYFL
CATNYRGTHYYGYTF	YLYALVYFL
CASSQDDSGLYGYTF	YLYALVYFL
CSAGTGSYEQYF	YLYALVYFL
CASSYLGGMEVAEAFF	YLYALVYFL
CASSLEANYGYTF	YLYALVYFL
CASSAAGTLYEQYF	YLYALVYFL
CASSLGGGTGPFFDTQYF	YLYALVYFL
CATSRDRGLTEAFF	YLYALVYFL
CASSLVRGRTEAFF	YLYALVYFL
CASSLGATRTDTQYF	YLYALVYFL
CATKLTPREVNTEAFF	YLYALVYFL
CASSSGTSGYNEQFF	YLYALVYFL
CASSQDDRGGYEQYV	YLYALVYFL
CASSFYNAGGRADTQYF	YLYALVYFL
CASTPGVGTEAFF	YLYALVYFL
CASSPTSRGGVYNEQFF	YLYALVYFL
CASRTGMNTEAFF	YLYALVYFL
CASSSLAGGGDEQFF	YLYALVYFL
CSASPRIGGLYEQYF	YLYALVYFL
CASTLSVSGFGEETQYF	YLYALVYFL
CASSLAGDTQYF	YLYALVYFL
CASSHEGLTEAFF	YLYALVYFL
CASSLPDSTEAFF	YLYALVYFL
CASRWTSNQPQHF	YLYALVYFL
CALAGMSRDTQYF	YLYALVYFL
CASSQVERYNEQFF	YLYALVYFL
CASRDWLNEQFF	YLYALVYFL
CSASWDTGLSYEQYF	YLYALVYFL
CASSLGPPGVELFF	YLYALVYFL
CASSYWDSNTGELFF	YLYALVYFL
CASSSLAGGPYNEQFF	YLYALVYFL
CATSRGLAGVVYEQYF	YLYALVYFL
CASTGGPVASTDTQYF	YLYALVYFL
CASSLDSSPYEQYF	YLYALVYFL
CASSLDPLGYTF	YLYALVYFL
CASSPDGTTGYEQYF	YLYALVYFL
CASSEALLTSGDTGELFF	YLYALVYFL
CASSPTGLAGMETQYF	YLYALVYFL
CATSDLLGSSYNEQFF	YLYALVYFL
CASRDFHRINQPQHF	YLYALVYFL
CAISESSGGGRGTGELFF	YLYALVYFL
CATGTADTGELFF	YLYALVYFL
CASSLAGAEGQFF	YLYALVYFL
CATSDLTSETQFF	YLYALVYFL
CASSGRQGPSRDEQYF	YLYALVYFL
CASSDIGEWSTDTQYF	YLYALVYFL
CASSLEDYNEQFF	YLYALVYFL
CASMGRGQETQYF	YLYALVYFL
CASSPGTGGVEKLFF	YLYALVYFL
CSVEEGGANTEAFF	YLYALVYFL
CASSLGAGTDTQYF	YLYALVYFL
CASSQHRDSGNTIYF	YLYALVYFL
CASSSPEQGYRNEQFF	YLYALVYFL
CASSTSEGWGFYNYGYTF	YLYALVYFL
CASPGTDTYGYTF	YLYALVYFL
CASSEGQGNQPQHF	YLYALVYFL
CSARDPPTDTQYF	YLYALVYFL
CSARDDTSRDIDTQYF	YLYALVYFL
CASSLGTSGISLGYEQYF	YLYALVYFL
CASSEAEDKTTNEKLFF	YLYALVYFL
CSASPREGLVAAEQFF	YLYALVYFL
CASSFSPGSYGYTF	YLYALVYFL
CASSSSWRDGYTF	YLYALVYFL
CATSGTAHNEQFF	YLYALVYFL
CASLAGTSAWETQYF	YLYALVYFL
CASSPGSGGTSTDTQYF	YLYALVYFL
CASSLGQTRDEQFF	YLYALVYFL
CATSRENRQGPGDEQYF	YLYALVYFL
CSVDILGTNTGELFF	YLYALVYFL
CASSTGTGQETQYF	YLYALVYFL
CASSLTENTEAFF	YLYALVYFL
CASSLGLAGISYEQYF	YLYALVYFL
CASSPRGDEQFF	YLYALVYFL
CASSTGLAGLYEQYF	YLYALVYFL
CASRRTPGPMNSPLHF	YLYALVYFL
CASSGNNQPQHF	YLYALVYFL
CASSQDAGPNTEAFF	YLYALVYFL
CASSLDHRTGPYGYTF	YLYALVYFL
CASSQLLRGGYNEQFF	YLYALVYFL
CSVDFSGSTGELFF	YLYALVYFL
CASSPASTSGAALETQYF	YLYALVYFL
CASSLVAQAQYF	YLYALVYFL
CASNDRDRGGTEAFF	YLYALVYFL
CSASPTGGPNSYTQYF	YLYALVYFL
CASSFIFGSNQPQHF	YLYALVYFL
CASSSLRLAGSSYQETQYF	YLYALVYFL
CVGGLTPISNTGELFF	YLYALVYFL
CASSLAGTMNEQFF	YLYALVYFL
CASSYWTGGTDTQYF	YLYALVYFL
CASSSPGVAGKPNEQFF	YLYALVYFL
CASSPQAGGSSYEQYF	YLYALVYFL
CASSLLGQVPGEQYF	YLYALVYFL
CASSFSLGSGETQYF	YLYALVYFL
CASSLAANGNQPQHF	YLYALVYFL
CSVEGGGYTF	YLYALVYFL
CASSDLTGGKNTEAFF	YLYALVYFL
CASSQQGALGTEAFF	YLYALVYFL
CASSYSGSSGNTIYF	YLYALVYFL
CASSLGAGGQFF	YLYALVYFL
CASSQEGTSGSRDTQYF	YLYALVYFL
CASSYGAGDEQYF	YLYALVYFL
CASSEDMGAGTDTQYF	YLYALVYFL
CNTDTQYF	YLYALVYFL
CASSIALLTEAFF	YLYALVYFL
CATSDLPNAGELFF	YLYALVYFL
CAILDRVVNTEAFF	YLYALVYFL
CAWSTGAAKNIQYF	YLYALVYFL
CSARVTGELFF	YLYALVYFL
CASSLGPQGGEKLFF	YLYALVYFL
CASSALAGGSYNEQFF	YLYALVYFL
CASDYSETNYGYTF	YLYALVYFL
CASYPDDTGELFF	YLYALVYFL
CASSPLLGTDSNQPQHF	YLYALVYFL
CASSLELGSYNEQFF	YLYALVYFL
CASSFATLNEQFF	YLYALVYFL
CASSESVSGDQNTGELFF	YLYALVYFL
CASSLSAGMYNEQFF	YLYALVYFL
CASSQIGALPLYGYTF	YLYALVYFL
CARDRDTSWGGELFF	YLYALVYFL
CASTTDGQGPFQETQYF	YLYALVYFL
CSATGTGGNQPQHF	YLYALVYFL
CASYVSSYEQYF	YLYALVYFL
CASTYRQGSYNEQFF	YLYALVYFL
CASSQVHPGEQFF	YLYALVYFL
CASSNGTVYGYTF	YLYALVYFL
CASSGITDTQYF	YLYALVYFL
CASSPTANTEAFF	YLYALVYFL
CATGGGGTDTGELFF	YLYALVYFL
CASSYGRETQYF	YLYALVYFL
CSARDGTSGAMGETQYF	YLYALVYFL
CASSLWGSYEQYF	YLYALVYFL
CASYSSSYEQYF	YLYALVYFL
CSAEGGYEQYF	YLYALVYFL
CASKRGQSYNQPQHF	YLYALVYFL
CASSLVQGTDSYNEQFF	YLYALVYFL
CASEALMNTEAFF	YLYALVYFL
CASSFWGANTGELFF	YLYALVYFL
CASSAGGTGPFNYGYTF	YLYALVYFL
CASSLAGGWVGYTF	YLYALVYFL
CASSLGDEQYF	YLYALVYFL
CASSVGDSQETQYF	YLYALVYFL
CASSLTGTVNTEAFF	YLYALVYFL
CASSLNRVGNEKLFF	YLYALVYFL
CASSGLQETQYF	YLYALVYFL
CARAGGLMNTEAFF	YLYALVYFL
CATQGVGQETQYF	YLYALVYFL
CASSLVRGGAESSYNSPLHF	YLYALVYFL
CASSWGTAQYF	YLYALVYFL
CASTIGQGNTEAFF	YLYALVYFL
CSVKLFDYGYTF	YLYALVYFL
CSVDTGGQRGTEAFF	YLYALVYFL
CSVQSGNEQFF	YLYALVYFL
CASSRVDSYEQYF	YLYALVYFL
CASSLDLWTWNTEAFF	YLYALVYFL
CASSKGEDYGYTF	YLYALVYFL
CASSFYLDEQYF	YLYALVYFL
CSVLLGGTYNEQFF	YLYALVYFL
CSAREEGDTQYF	YLYALVYFL
CASSLAGGHQPQHF	YLYALVYFL
CASSYERGYEQYF	YLYALVYFL
CSVLPDISSYEQYF	YLYALVYFL
CATGQESNTGELFF	YLYALVYFL
CASSSPPGNLYEQYF	YLYALVYFL
CASSQDIGSNQPQHF	YLYALVYFL
CASSLVDTGELFF	YLYALVYFL
CASSQEGQLSGDTQYF	YLYALVYFL
CASSYLDTGELFF	YLYALVYFL
CASSHERGSLGQETQYF	YLYALVYFL
CASSLGDSLNTEAFF	YLYALVYFL
CASSPTGHQPQHF	YLYALVYFL
CASSIPTENTGELFF	YLYALVYFL
CARYPDRDVDGYTF	YLYALVYFL
CASSLAGVYEQYF	YLYALVYFL
CASSFMLQETQYF	YLYALVYFL
CATSGGHGIDTQYF	YLYALVYFL
CASSLDHSFGETQYF	YLYALVYFL
CASSPQGSTDPNYGYTF	YLYALVYFL
CASSFFPGAVSYNEQFF	YLYALVYFL
CASSFVTSGNEQFF	YLYALVYFL
CASSGHRDTYSTGELFF	YLYALVYFL
CASSRGAGELFF	YLYALVYFL
CAISGGGGGAGSYNEQFF	YLYALVYFL
CASSLGQGDSPLHF	YLYALVYFL
CASSLSGQELNQPQHF	YLYALVYFL
CACPGTGTYEQYF	YLYALVYFL
CATETGQTYEQYF	YLYALVYFL
CASSQGTSGVVLTDTQYF	YLYALVYFL
CASRSIQSGNEQFF	YLYALVYFL
CASSEPTGEIGNQPQHF	YLYALVYFL
CASSTAGTNEKLFF	YLYALVYFL
CASSIVTDTQYF	YLYALVYFL
CSARREGEGQFF	YLYALVYFL
CASSPPRAGPHEQYF	YLYALVYFL
CASSLEDTGELFF	YLYALVYFL
CASSLGFDTEAFF	YLYALVYFL
CASSGPGRDIGGYTF	YLYALVYFL
CASSPAGTDSYEQYF	YLYALVYFL
CSVEVEGPTEAFF	YLYALVYFL
CATRAYSGEKLFF	YLYALVYFL
CASSYSGGANYGYTF	YLYALVYFL
CASSKVGSYNEQFF	YLYALVYFL
CASSFASPPYEQYF	YLYALVYFL
CASSFSLADVTGELFF	YLYALVYFL
CASSQGHRDFNGYTF	YLYALVYFL
CASSTTGGTSDTGELFF	YLYALVYFL
CASTSDPGAKAFF	YLYALVYFL
CASSFPRMNTEAFF	YLYALVYFL
CASQTLANQETQYF	YLYALVYFL
CASSDGQGIQPQHF	YLYALVYFL
CASSQSGREAFF	YLYALVYFL
CASSLVGQPYYNSPLHF	YLYALVYFL
CASSDPGTYEQYF	YLYALVYFL
CASSLSPDRDLHEQYF	YLYALVYFL
