CDR3	AA
CASSLGGEATPGNPEAFF	QPTESIVRF
CASSFRVHRRRAEAFF	QPTESIVRF
CASSEWGDPGGITGELFF	QPTESIVRF
CASSLDTLSYNEQFF	QPTESIVRF
CASSSLDRVWGHYNEQFF	QPTESIVRF
CASRSTDTQYF	QPTESIVRF
CASSLAQGHEQYF	QPTESIVRF
CASSFRTGYGYTF	QPTESIVRF
CASSPSTGSPYEQYF	QPTESIVRF
CASSYYTGETQYF	QPTESIVRF
CASSPPTGSPNEQYF	QPTESIVRF
CASSEPSGAYNEQFF	QPTESIVRF
CASSLDRFRGYTF	QPTESIVRF
CSARDQALGSYEQYF	QPTESIVRF
CSVRGADTQYF	QPTESIVRF
CASSSGGQPQHF	QPTESIVRF
CASSALAGPGELFF	QPTESIVRF
CASLAGSNTGELFF	QPTESIVRF
CASSQDLETTYQPQHF	QPTESIVRF
CASSLSPGELFF	QPTESIVRF
CASSPTSGSPYEQYV	QPTESIVRF
CASSPVTGSPYEQYF	QPTESIVRF
CSDGLAGASYNEQFF	QPTESIVRF
CASSAFEGDEQFF	QPTESIVRF
CASSPSTGAPYEQYF	QPTESIVRF
CASSLIPWEGAAEAFF	QPTESIVRF
CASSLDGTPNTEAFF	QPTESIVRF
CASSLSPGNEQFF	QPTESIVRF
CASSPAGGSLETQYF	QPTESIVRF
CASSSVPGLAGGAGEQFF	QPTESIVRF
CASSPPNPSDGYTF	QPTESIVRF
CASSIEMFSGPAHYEQYF	QPTESIVRF
CASSLVRPSGFPANEQFF	QPTESIVRF
CSVVEEQTHYGYTF	QPTESIVRF
CASSEGGGNQPQHF	QPTESIVRF
CASSPGTGSPYEQYF	QPTESIVRF
CASSPGPTYEQYF	QPTESIVRF
CASSPASGSPYEQYF	QPTESIVRF
CAISDLSGSRPSYNEQFF	QPTESIVRF
CASSFSVSYEQYF	QPTESIVRF
CASSPTVGSPYEQYF	QPTESIVRF
CASSQTGGWTEAFF	QPTESIVRF
CAWRHRLAGNNEQFF	QPTESIVRF
CAWRAGAESSYNSPLHF	QPTESIVRF
CASSLAGTGLYGYTF	QPTESIVRF
CARGTLSYEQYF	QPTESIVRF
CASSRFGLWDDTEAFF	QPTESIVRF
CASTPGGLTRPQYF	QPTESIVRF
CASSLPAGDPYEQYF	QPTESIVRF
CASSLLIPPTGELFF	QPTESIVRF
CASSPSTGSPYEQYF	QPTESIVRF
CASSPPTGSPYEQYF	QPTESIVRF
CASSPGTSGVDNEQFF	QPTESIVRF
CASSPFDGGAEAFF	QPTESIVRF
CASRGGGLYGYTF	QPTESIVRF
CASSPPTGSPHEQYF	QPTESIVRF
CASSPPSGSPYEQYF	QPTESIVRF
CASSPPTGAPYEQYF	QPTESIVRF
CASSLLDSNQPQHF	QPTESIVRF
CASSPPTGAPYEQYF	QPTESIVRF
CSASAPPGETQYF	QPTESIVRF
CASSQDRPRQAGQNEQFF	QPTESIVRF
CASSPPGTGVQNTIYF	QPTESIVRF
CASSLDRSSYNEQFF	QPTESIVRF
CASSADTYSYNEQFF	QPTESIVRF
CASSQEPSSYNEQFF	QPTESIVRF
CASSSLAENDYEQYF	QPTESIVRF
CASSYYLGDTQYF	QPTESIVRF
CASSEYRGVTGELFF	QPTESIVRF
CASSLVQETQYF	QPTESIVRF
CASSLALTDTQYF	QPTESIVRF
CASSPPSGSPYEQYF	QPTESIVRF
CASSLDRGGYNEQFF	QPTESIVRF
CSVEETGNGGSEKLFF	QPTESIVRF
CASSPPSGAPYEQYF	QPTESIVRF
CATRETGHYEQYF	QPTESIVRF
CASSLDGVRTYEQYF	QPTESIVRF
CASRDGGFTDTQYF	QPTESIVRF
CASSLGWQGETQYF	QPTESIVRF
CASTRDPYPYEQYF	QPTESIVRF
CASSLGLAGDGTDTQYF	QPTESIVRF
CASSPPTGSPYEQYF	QPTESIVRF
CASSSGTGAYNEQFF	QPTESIVRF
CSVEGGHNEQFF	QPTESIVRF
CASSQLNRGMVNTEAFF	QPTESIVRF
CASNREEVAYNEQFF	QPTESIVRF
CASSQGTVNTEAFF	QPTESIVRF
CSVVGLAGEGEQFF	QPTESIVRF
CAITLEDRAGSYEQYF	QPTESIVRF
CASSPTGYEQYF	QPTESIVRF
CASTPLRGSYEQYF	QPTESIVRF
CASSLDNEQFF	QPTESIVRF
CAISEGGGAFDEQYF	QPTESIVRF
CASSPRPAGLDGYTF	QPTESIVRF
CASSLYDPNEQFF	QPTESIVRF
CASSFGTLREVYEQYF	QPTESIVRF
CASSLVPDSYEQYF	QPTESIVRF
CASSLLGSRSSEAFF	QPTESIVRF
CASSFGLPGRTNHGYTF	QPTESIVRF
CASSQETEHQPQHF	QPTESIVRF
CASSPPTGSPHEQYF	QPTESIVRF
CASSPQTGLSTGELFF	QPTESIVRF
CASSPSTGSPYEQYF	QPTESIVRF
CASSPVSGSPYEQYF	QPTESIVRF
CASSFQVTAGNTIYF	QPTESIVRF
CSAERGGDTQYF	QPTESIVRF
CASSILAVSNTEAFF	QPTESIVRF
CASREQSSYNEQFF	QPTESIVRF
CASSQDSALQPQHF	QPTESIVRF
CASSQDPGTSAYNEQFF	QPTESIVRF
CASSQVGGTGELFF	QPTESIVRF
CASSIGVWASGSIDTQYF	QPTESIVRF
CASSLFRTEPPWYGYTF	QPTESIVRF
CASSFSGFSQETQYF	QPTESIVRF
CASSPDTVAYNEQFF	QPTESIVRF
CASSQQGTDGYNSPLHF	QPTESIVRF
CASSPTVSSYNEQFF	QPTESIVRF
CASSLAGGPNQPQHF	QPTESIVRF
CASSQDFGGSSYEQYF	QPTESIVRF
CASSQDLGQPNTEAFF	QPTESIVRF
CASRLWTGSNYEQYF	QPTESIVRF
CASSFYTSSTNEKLFF	QPTESIVRF
CASSLYLNYGYTF	QPTESIVRF
CASSPREAGAYGYTF	QPTESIVRF
CASSLFSGSPHEQYF	QPTESIVRF
CASSQDRGGTETQYF	QPTESIVRF
CASSPPTGTPYEQYF	QPTESIVRF
CASSIDRGTINEQFF	QPTESIVRF
CASSPPSGSPYEQYF	QPTESIVRF
CASSEQGSGYNEQFF	QPTESIVRF
CASSPGAQGFNEQYF	QPTESIVRF
CASSLAAFGQYNSPLHF	QPTESIVRF
CASSYSYEQYF	QPTESIVRF
CASSGLLGQDRFATNEKLFF	QPTESIVRF
CASSLTGTSGYEQYF	QPTESIVRF
CASSYQWPGGTEAFF	QPTESIVRF
CASSFLTDLQPQHF	QPTESIVRF
CASSMDRGGYNEQFF	QPTESIVRF
CASSLFPGLQYEQYF	QPTESIVRF
CASSPPGESNQPQHF	QPTESIVRF
CASSPSTGAPYEQYF	QPTESIVRF
CASSPAVSSYNEQFF	QPTESIVRF
CSARDIETGVLNGYTF	QPTESIVRF
CASSIGLAGVEDTQYF	QPTESIVRF
CASSPPTGSPYEQYF	QPTESIVRF
CAPGPAPNTGELFF	QPTESIVRF
CASSPNTGSPYEQYF	QPTESIVRF
CASSQGGGNRVKNIQYF	QPTESIVRF
CASSIRLAGGRADTQYF	QPTESIVRF
CSANPLAGNTGELFF	QPTESIVRF
CSVGGTSGSSYEQYF	QPTESIVRF
CASTSDRGSYNEQFF	QPTESIVRF
CASSPVYATQYF	QPTESIVRF
CSAEGGLNEQYF	QPTESIVRF
CASSSGTLLKLFF	QPTESIVRF
CASSVLAGEQNEQFF	QPTESIVRF
CASSPRTGSPYEQYF	QPTESIVRF
CASSQGVRGTGELFF	QPTESIVRF
CASSSGYNNEQFF	QPTESIVRF
CASTYSVGSYNEQFF	QPTESIVRF
CASSQAPGELFF	QPTESIVRF
CASSLGWLAGGPRGPSTDTQYF	QPTESIVRF
CASRGEALNQPQHF	QPTESIVRF
CASSFGDGQRTSPLHF	QPTESIVRF
CASSRDSSSYNEQFF	QPTESIVRF
CSVWSGVPQKLFF	QPTESIVRF
CASSDYLFQGPKVDSYNSPLHF	QPTESIVRF
CASSPGTQSSYNEQFF	QPTESIVRF
CASIGAGTTNNEQFF	QPTESIVRF
CASSLNPGHTEAFF	QPTESIVRF
CASSLGGARGYEQYF	QPTESIVRF
CASTHGLAGENTGELFF	QPTESIVRF
CASSPRTGSPYEQYV	QPTESIVRF
CASSFRTGPVTDTQYF	QPTESIVRF
CASSFRDRVIGFDQPQHF	QPTESIVRF
CASSPTSGSPHEQYF	QPTESIVRF
CASSGGGAIIYEQYF	QPTESIVRF
CASSESPSPYNEQFF	QPTESIVRF
CASLGVPNTEAFF	QPTESIVRF
CASSPTTSGENEQFF	QPTESIVRF
CASSSTGPTNEKLFF	QPTESIVRF
CASSQVAGGQDTQYF	QPTESIVRF
CASSESVSSYNEQFF	QPTESIVRF
CASSGGPYEQYF	QPTESIVRF
CASSLGDRYGYTF	QPTESIVRF
CASSSTGTSGTTDTQYF	QPTESIVRF
CASTPLAWLAGPDTQYF	QPTESIVRF
CASSPTSGSPYEQYF	QPTESIVRF
CAIRTGTTNEKLFF	QPTESIVRF
CASSLGQIANTGELFF	QPTESIVRF
CASSFQLTGNEKLFF	QPTESIVRF
CASSKTTGIDGELFF	QPTESIVRF
CASNIGATVGNEQFF	QPTESIVRF
CASSAGTLPANEQFF	QPTESIVRF
CASGAVGDSGNTIYF	QPTESIVRF
CASSPPTGSPYEQYF	QPTESIVRF
CASILPSSVDPGELFF	QPTESIVRF
CASSSAGGAYNEQFF	QPTESIVRF
CASSSTGLAATYEQYF	QPTESIVRF
CASSSTDANQPQHF	QPTESIVRF
CASSYESSYEAFF	QPTESIVRF
CASTTIRGFQPQHF	QPTESIVRF
CASSQARQGFPNEQFF	QPTESIVRF
CASSLLAGAAIDQETQYF	QPTESIVRF
CASSPTTGSPYEQYF	QPTESIVRF
CASSEGTIPYNEQFF	QPTESIVRF
CASSPDRASNPTEAFF	QPTESIVRF
CSATPGTGVGAANEKLFF	QPTESIVRF
CASSAPPGPGANVLTF	QPTESIVRF
CASSLQPATDTQYF	QPTESIVRF
CASSYPQGYEQYF	QPTESIVRF
CASSPDTGSPYEQYF	QPTESIVRF
CASSPWTSGGAETQYF	QPTESIVRF
CASSPPSGSPYEQYF	QPTESIVRF
CASSPDTISYNEQFF	QPTESIVRF
CASSPPTGSPYEQYF	QPTESIVRF
CASSPGQSYEQYF	QPTESIVRF
CASSFEFPGPTPSSYNSPLHF	QPTESIVRF
CSVVYGDLPYEQYF	QPTESIVRF
CASREGGLAGKTYNEQFF	QPTESIVRF
CASSQSSEFDTQYF	QPTESIVRF
CASSAAGGTDTQYF	QPTESIVRF
CASSQAAGGSTDTQYF	QPTESIVRF
CASSLRQPSNQPQHF	QPTESIVRF
CASSPTSGSPHEQYF	QPTESIVRF
CASSLRTGKDEQFF	QPTESIVRF
CASSPFPGQGGETQYF	QPTESIVRF
CASSFQLLRGSGTSGVTDTGELFF	QPTESIVRF
CASSPLSGELFF	QPTESIVRF
CSVEQGPYEQYF	QPTESIVRF
CASSPTSGSPYEQYF	QPTESIVRF
CASSLGGGGQDTQYF	QPTESIVRF
CASSPASGSPYEQYF	QPTESIVRF
CASSSHQQGSQETQYF	QPTESIVRF
CASSPTSGSPYEQYF	QPTESIVRF
CASSQESDPGELFF	QPTESIVRF
CATSLAGEGNEQFF	QPTESIVRF
CASRDGNTEAFF	QPTESIVRF
CASQQYAYNEQFF	QPTESIVRF
CASTLAGDFEQYF	QPTESIVRF
CASSPPTGITGELFF	QPTESIVRF
CASSLGQRQETQYF	QPTESIVRF
CASSQDSGFQPQHF	QPTESIVRF
CASSPPDGSPYEQYF	QPTESIVRF
CASSLLAGGPISTDTQYF	QPTESIVRF
CASSLGAFNNSPLHF	QPTESIVRF
CASNAGTSGGNEQFF	QPTESIVRF
CASSEGSTEAFF	QPTESIVRF
CASSLEYPRLAGGPVSVQYF	QPTESIVRF
CASSLGLAGETYEQYF	QPTESIVRF
CASSFLSLDRDARAGELFF	QPTESIVRF
CSVDGPGRLDMLNTEAFF	QPTESIVRF
CASSQETDSNQPQHF	QPTESIVRF
CASSLTSGANTGELFF	QPTESIVRF
CASSLTGTGVGELFF	QPTESIVRF
CASSELGNSNQPQHF	QPTESIVRF
CASSLSGWEQYF	QPTESIVRF
CASRLLGGMAEAFF	QPTESIVRF
CASSADRGSYNEQFF	QPTESIVRF
CASSPVVGSPYEQYF	QPTESIVRF
CASSPPSGSPYEQYF	QPTESIVRF
CASSLYRDLNTEAFF	QPTESIVRF
CASSYFAQETQYF	QPTESIVRF
CASSFSYEQYF	QPTESIVRF
CASSLGLESTDTQYF	QPTESIVRF
CASGLVIPYEQYF	QPTESIVRF
CASSLSGGEPQHF	QPTESIVRF
CATSGTKNTGELFF	QPTESIVRF
CASSPRTGSPYEQYF	QPTESIVRF
CASSPPDQNTGELFF	QPTESIVRF
CASSRGERAHEQYF	QPTESIVRF
CASSPLGWRESPDTQYF	QPTESIVRF
CASSVDRGSYNEQFF	QPTESIVRF
CASSEGAQPFYNEQFF	QPTESIVRF
CASSIWTSGAGPPGDTQYF	QPTESIVRF
CASSPLRRTRGNTIYF	QPTESIVRF
CASSPVSGSPYEQYF	QPTESIVRF
CASSPGLAGENTGELFF	QPTESIVRF
CASSPYSGGSYNEQFF	QPTESIVRF
CASSSTGSGEGAFF	QPTESIVRF
CASRDTEAFF	QPTESIVRF
CASSPPGQSYEQYF	QPTESIVRF
CATSDWAGSGGYTF	QPTESIVRF
CASSPPGTGIEQYF	QPTESIVRF
CASSSGLAGSLGYNEQFF	QPTESIVRF
CASSPARSYEQYF	QPTESIVRF
CASSPTGVDEQFF	QPTESIVRF
CASSPPTGSPYEQYF	QPTESIVRF
CASSPVTGSPYEQYF	QPTESIVRF
CASSLSGFTEAFF	QPTESIVRF
CASSPKTGTPYEQYF	QPTESIVRF
CASTPLAASYEQYF	QPTESIVRF
CSVVTTSYEQYF	QPTESIVRF
CASSPNTGSPYEQYF	QPTESIVRF
CASSYFSGETQYF	QPTESIVRF
CATSEPPGQGDLKNIQYF	QPTESIVRF
CASSEAGEQYF	QPTESIVRF
CASSPTTAYQETQYF	QPTESIVRF
CASSPIGTEAFF	QPTESIVRF
CSVLALISGRQLAEQYF	QPTESIVRF
CASSLSPGELFF	QPTESIVRF
CASSPPSGSPNEQFF	QPTESIVRF
CASSLTAISGNTIYF	QPTESIVRF
CASSFRLAGGVESYEQYF	QPTESIVRF
CASSPPTGGPNEQFF	QPTESIVRF
CASSRQLAGVEGDTQYF	QPTESIVRF
CASSGGLVEQFF	QPTESIVRF
CASSEGSTEAFF	QPTESIVRF
CASSLGWVGSRGNTIYF	QPTESIVRF
CASSLAGTGLNSPLHF	QPTESIVRF
CASSPASGSPYEQYF	QPTESIVRF
CASSPRDGSPHEQYF	QPTESIVRF
CASSLALGKIVAEAFF	QPTESIVRF
CASSIIGREAFF	QPTESIVRF
CASSLAGTETQYF	QPTESIVRF
CASSAQDVDTQYF	QPTESIVRF
CASSPPTGSPYEQYF	QPTESIVRF
CASSLASRAGDTQYF	QPTESIVRF
CASSFFGDNYGYTF	QPTESIVRF
CASGQGPYEQYF	QPTESIVRF
PRVDSYEQYF	QPTESIVRF
CASSYSILAENNEQFF	QPTESIVRF
CASSPPSGSPYEQYF	QPTESIVRF
