CDR3	AA
CASSWGQSYEQYF	VYSSANNCTF
CASSAGLGDPNVLTF	VYSSANNCTF
CASSLLASTGSSNQPQHF	VYSSANNCTF
CATTEGTANTEAFF	VYSSANNCTF
CASSAQGLAGSSYNEQFF	VYSSANNCTF
CSATPGLNTIYF	VYSSANNCTF
CAISESFAGISGNTIYF	VYSSANNCTF
CASREKNTGELFF	VYSSANNCTF
CASSLTTPGRGNEQYF	VYSSANNCTF
CASSRATGTYEQYF	VYSSANNCTF
CASRMRDYADNEQFF	VYSSANNCTF
CASSQDRTQETQYF	VYSSANNCTF
CASSFDLGENIQYF	VYSSANNCTF
CASPSQGSMTEAFF	VYSSANNCTF
CASSLGTGSLYEQYF	VYSSANNCTF
CASRLMSGGRYGYTF	VYSSANNCTF
CASSSNRRDAYNEQFF	VYSSANNCTF
CASSDDRAGYTF	VYSSANNCTF
CASSLIGSGNEQYF	VYSSANNCTF
CASSSSGLSLSGANVLTF	VYSSANNCTF
CASRDRTSGGHNEQFF	VYSSANNCTF
CASRDNYYEQYF	VYSSANNCTF
CASSSPGQGSDDYGYTF	VYSSANNCTF
CASSVSGSTYEQYF	VYSSANNCTF
CAISGGTSGLNPDTQYF	VYSSANNCTF
CASSTGGAGQPQHF	VYSSANNCTF
CASSQDFGSAYEQYF	VYSSANNCTF
CATSPSGRIENIQYF	VYSSANNCTF
CASSWAYNEQFF	VYSSANNCTF
CASSLWTGAEQYF	VYSSANNCTF
CASSLLAGVNTDTQYF	VYSSANNCTF
CSARDQLGTNYEQYF	VYSSANNCTF
CSARDPGPTGQPQHF	VYSSANNCTF
CASSLRTGSGHEQYF	VYSSANNCTF
CASSHPGPPTGELFF	VYSSANNCTF
CASSVGQAIPGLTQYF	VYSSANNCTF
