CDR3	AA
CASSVGLAGVQETQYF	INFVRIIMR
CASRLAGGDNEQFF	INFVRIIMR
CASSPKWGETLNEQFF	INFVRIIMR
CASSQDRTLDEQFF	INFVRIIMR
CASSQLLRGGYNEQFF	INFVRIIMR
CASSLSRYEQYF	INFVRIIMR
CSARPSGGEYTF	INFVRIIMR
CSVVEGGNEQFF	INFVRIIMR
CASSRDGTTGNEQFF	INFVRIIMR
CASSLEGSGTEAFF	INFVRIIMR
CASSYLQGRTEAFF	INFVRIIMR
CASSKEGPLTGELFF	INFVRIIMR
CSAEGSGNTIYF	INFVRIIMR
CSVEGGDYTILMNEQFF	INFVRIIMR
CASSLAGGPDTQYF	INFVRIIMR
CASSTWLGNIQYF	INFVRIIMR
CASSVPTQDSSYNSPLHF	INFVRIIMR
CASSQDGDTEAFF	INFVRIIMR
CASFSASYEQYF	INFVRIIMR
CASSFGGQADEQFF	INFVRIIMR
CASSLGGGTGPFFDTQYF	INFVRIIMR
CASRLAGGAFNEQFF	INFVRIIMR
CASSQRPYTGELFF	INFVRIIMR
CASSREGPTVLETQYF	INFVRIIMR
CATSDLDSYEQYF	INFVRIIMR
CASSEDGSSGNTIYF	INFVRIIMR
CASSGEWDNEQFF	INFVRIIMR
CASSEELFVGTSYGYTF	INFVRIIMR
CASSQDAGPNTEAFF	INFVRIIMR
CASSQVTGSGQPQHF	INFVRIIMR
CSGRQGGLSNEKLFF	INFVRIIMR
CSVDTLGRDYGYTF	INFVRIIMR
CASSFGQGGDEQFF	INFVRIIMR
CASSPGTGGVEKLFF	INFVRIIMR
CATSEGAELNEQFF	INFVRIIMR
CASSLGSGGYQETQYF	INFVRIIMR
CASSPWSTSQHF	INFVRIIMR
CASSLSANEQYF	INFVRIIMR
CASSHGQQPGSQYF	INFVRIIMR
CASSVGLMSSEQYF	INFVRIIMR
CASSLTDMNTEAFF	INFVRIIMR
CASSQDPGSTDIQYF	INFVRIIMR
CASSLGTGGLEKLFF	INFVRIIMR
CASSDDRVRLFF	INFVRIIMR
CASNHYYTDTQYF	INFVRIIMR
CSVEELGEGTEAFF	INFVRIIMR
CATSDDYYNEQFF	INFVRIIMR
CASSLPSGYEQYF	INFVRIIMR
CASSFLREEQFF	INFVRIIMR
CASSSGFGNEQFF	INFVRIIMR
CASSQMAALNTEAFF	INFVRIIMR
CASSLPGSRGNEQFF	INFVRIIMR
CASRHAGGLSTEAFF	INFVRIIMR
CASSYWDSNTGELFF	INFVRIIMR
CASSLVGYGEQFF	INFVRIIMR
CASSANTEAFF	INFVRIIMR
CASSIRGFTEQYF	INFVRIIMR
CASSKTDRLGPYEQYF	INFVRIIMR
CSVVWGGFTGELFF	INFVRIIMR
CNTDTQYF	INFVRIIMR
CATSRDRGLTEAFF	INFVRIIMR
CASSATAFVAGRNEQFF	INFVRIIMR
CASSTTGGFYGYTF	INFVRIIMR
CASSQHGTGLNTEAFF	INFVRIIMR
CASSIEEGGRNEQFF	INFVRIIMR
CASSLTARGFEAFF	INFVRIIMR
CASSLVRGGAESSYNSPLHF	INFVRIIMR
CASSSTVQLPNTEAFF	INFVRIIMR
CASRTGASYEQYF	INFVRIIMR
CASSWGTAQYF	INFVRIIMR
CASSQEWGDYQPQHF	INFVRIIMR
CASSITPGSGEQYF	INFVRIIMR
CASSHREDYNEQFF	INFVRIIMR
CASSLVHTDTQYF	INFVRIIMR
CASSLIAFPDTQYF	INFVRIIMR
CASSLYGSGEQYF	INFVRIIMR
CASSLGGRANGYTF	INFVRIIMR
CASSQEDGTNYGYTF	INFVRIIMR
CASSDDKYGYTF	INFVRIIMR
CASSLEVSGGLQETQYF	INFVRIIMR
CASIPTLGHNYGYTF	INFVRIIMR
CASTGQLGTDTQYF	INFVRIIMR
CASSQAGRKDYEQYF	INFVRIIMR
CASSLQQSYNEQFF	INFVRIIMR
CASSINWETVPYEQYF	INFVRIIMR
CASSSTSGSTDTQYF	INFVRIIMR
CASSLGINTEAFF	INFVRIIMR
CATSDFEQREGPDTQYF	INFVRIIMR
CASSLSVSNEAFF	INFVRIIMR
CASSYGVGGTEAFF	INFVRIIMR
CASKGTGGSNQPQHF	INFVRIIMR
CASSPTGTGSLFF	INFVRIIMR
CATGGGGTDTGELFF	INFVRIIMR
CASSSPETSGRWDTQYF	INFVRIIMR
CASSLGSETQYF	INFVRIIMR
CASSELIDAAGDSEQFF	INFVRIIMR
CASSLGTVNEQFF	INFVRIIMR
CATSRENRQGPGDEQYF	INFVRIIMR
CASSQGGALNTEAFF	INFVRIIMR
CASSQGGALGTEAFF	INFVRIIMR
CASSLDPETSGRTSYNEQFF	INFVRIIMR
CATSDVLGTDTQYF	INFVRIIMR
CASRSGTASSYEQYF	INFVRIIMR
CASSEPGQAMGNEQFF	INFVRIIMR
CASSFYGAGYNEQFF	INFVRIIMR
CSVERQAADTQYF	INFVRIIMR
CASSYIYEQYF	INFVRIIMR
CASSRQGSTGELFF	INFVRIIMR
CASSLFTGGTDTQYF	INFVRIIMR
CASSYLAGVSNEQFF	INFVRIIMR
CASSLSGRRNEQFF	INFVRIIMR
CASSLELDSYEQYF	INFVRIIMR
CASSLSIPVNTEAFF	INFVRIIMR
CSASVNPSYEQYF	INFVRIIMR
CASSLAGGAYGYTF	INFVRIIMR
CASSAVEGQLSEAFF	INFVRIIMR
CASSRGQTNEKLFF	INFVRIIMR
CASSLSGGSGVEQYF	INFVRIIMR
CASSPPDSNQPQHF	INFVRIIMR
CASSLPDGYEQYF	INFVRIIMR
CASSVAGSGNTIYF	INFVRIIMR
CASSPWTGRETQYF	INFVRIIMR
CASSQVHPGEQFF	INFVRIIMR
CASSLPMNTEAFF	INFVRIIMR
CASSLAVNSYEQYF	INFVRIIMR
CASSAQENFPYEQYF	INFVRIIMR
CARYPDRDVDGYTF	INFVRIIMR
CASSSSVDGYMNEQFF	INFVRIIMR
CASFSASYEQYF	INFVRIIMR
CASSVPRDRSSYNSPLHF	INFVRIIMR
CASSPDQDIQETQYF	INFVRIIMR
CASRRPETSYEQYF	INFVRIIMR
CASSLSNANTIYEQYF	INFVRIIMR
CASSLGFDTEAFF	INFVRIIMR
CASSNGTVYGYTF	INFVRIIMR
CATYENNEQFF	INFVRIIMR
CASTGQNTEAFF	INFVRIIMR
CASSTSSYEQYF	INFVRIIMR
CASSQANYEQYF	INFVRIIMR
CASSLTGTVNTEAFF	INFVRIIMR
CASSLLRDSSYEQYF	INFVRIIMR
CSVEVGGQYF	INFVRIIMR
CASRTQGGWDTQYF	INFVRIIMR
CASVRDLNTGELFF	INFVRIIMR
CASSPILRETGNNEQFF	INFVRIIMR
CASSDGEQYF	INFVRIIMR
CATSDLQGPGELFF	INFVRIIMR
CASSSLSNQPQHF	INFVRIIMR
CASSEGQGNQPQHF	INFVRIIMR
CASSGRQGPSRDEQYF	INFVRIIMR
CASSLPITGLDSNEQFF	INFVRIIMR
CASSYVQSYEQYF	INFVRIIMR
CASSWDRGSYNEQFF	INFVRIIMR
CASSEDWGTGQPQHF	INFVRIIMR
CASSQDGADGETQYF	INFVRIIMR
CATSAGGSGHEQYF	INFVRIIMR
CASSSDGVGNEQFF	INFVRIIMR
CASPRDRDNYGYTF	INFVRIIMR
CASSLAANGNQPQHF	INFVRIIMR
CASSTTETGNYGYTF	INFVRIIMR
CASSQGSALGGELFF	INFVRIIMR
CASSLVVPVNNEQFF	INFVRIIMR
CASSYGTGTDEQFF	INFVRIIMR
CASSPGLSGNTIYF	INFVRIIMR
CASSLWPEGTGELFF	INFVRIIMR
CASSASGKQFF	INFVRIIMR
CASSDGRQESYEQYF	INFVRIIMR
CSVQETGELFF	INFVRIIMR
CASSLGPREMNTEAFF	INFVRIIMR
CASSEDQGVPGGNEQFF	INFVRIIMR
CASFSASYEQYF	INFVRIIMR
CASSYGAGAGNEQFF	INFVRIIMR
CASGVGLAGGGLSNEQFF	INFVRIIMR
CASSKRGAAYNEQFF	INFVRIIMR
CSAPVGGATGELFF	INFVRIIMR
CASSLGGENYEQYF	INFVRIIMR
CATSEGSGANVLTF	INFVRIIMR
CASSLEAGGFYSSYNEQFF	INFVRIIMR
CASSPSAYEQYF	INFVRIIMR
CASKGGAGGLNEQFF	INFVRIIMR
CSVEGLASGKLGTQYF	INFVRIIMR
CASSVNTQYF	INFVRIIMR
CASRLHGGLQMKQYF	INFVRIIMR
CSVVGTSGSNEQFF	INFVRIIMR
CASRWTGDYGYTF	INFVRIIMR
CASSWDRGYGYTF	INFVRIIMR
CASSYSGQETQYF	INFVRIIMR
CASSLALTGGGGKLFF	INFVRIIMR
CASSLTGALYEQYF	INFVRIIMR
CSPLEGTSNEQFF	INFVRIIMR
CASSQGGALNTEAFF	INFVRIIMR
CASSQANYEQYF	INFVRIIMR
CATRAYSGEKLFF	INFVRIIMR
CASSLESGSTPQETQYF	INFVRIIMR
CASSLGVGELFF	INFVRIIMR
CASGGLRDRDFRAGVLGWTQYF	INFVRIIMR
CASSGITDTQYF	INFVRIIMR
CASSWYRGETDTQYF	INFVRIIMR
CASSLGLNTEAFF	INFVRIIMR
CASSPGLAGASSTDTQYF	INFVRIIMR
CASSQPDSNQPQHF	INFVRIIMR
CASSTSEGWGFYNYGYTF	INFVRIIMR
CSARAEAGVVRIEETQYF	INFVRIIMR
CASSTDESNQPQHF	INFVRIIMR
CASSPTGLAGMETQYF	INFVRIIMR
CASSTGTGQETQYF	INFVRIIMR
CASHSLGTQNEQFF	INFVRIIMR
CSAGTGDRWEQFF	INFVRIIMR
CASTHTGELFF	INFVRIIMR
CASSSRGDEQFF	INFVRIIMR
CASSFVSYNEQFF	INFVRIIMR
CASSFYNAGGRADTQYF	INFVRIIMR
CASSTEGATTYEQYF	INFVRIIMR
CASSFSANYGYTF	INFVRIIMR
CASSPEDDYEQFF	INFVRIIMR
CASSSYTGGDQPQHF	INFVRIIMR
CASSVTSGGSYEQYF	INFVRIIMR
CASKGTDGYNEQFF	INFVRIIMR
CASSFSPGSYGYTF	INFVRIIMR
CASSAISPPVNTEAFF	INFVRIIMR
CASSYLDSLYEQYV	INFVRIIMR
CSVIDLSEAFF	INFVRIIMR
CASSELGGGPQTQYF	INFVRIIMR
CSALAGGWYEQYF	INFVRIIMR
CASSFPLGEQYF	INFVRIIMR
CASSLAGFKETQYF	INFVRIIMR
CASSELLAGDTETQYF	INFVRIIMR
CASSPLQGADYEQYF	INFVRIIMR
CASSDTGFNEQFF	INFVRIIMR
CASSFRGQGHPEAFF	INFVRIIMR
CSVAGQGHYEQYF	INFVRIIMR
CASSFSAGELFF	INFVRIIMR
CASSLADYTGELFF	INFVRIIMR
CASSSGIIHTEAFF	INFVRIIMR
CATSDLTESSGNTIYF	INFVRIIMR
CASSPMTGVRDTQYF	INFVRIIMR
CASSTGAGLNTEAFF	INFVRIIMR
CASSPPLEFGGTTDTQYF	INFVRIIMR
CASRPTLANEQFF	INFVRIIMR
CSVEDQAESSYNEQFF	INFVRIIMR
CASSIPSPDGSSYNSPLHF	INFVRIIMR
CASTSDPGAKAFF	INFVRIIMR
CASSGPSSGTTDTQYF	INFVRIIMR
CASSQVGAYGYTF	INFVRIIMR
CASSMGWADVYNEQFF	INFVRIIMR
CASRAGGTDTQYF	INFVRIIMR
CASIVLGKRNPPQETQYF	INFVRIIMR
CASSFSMVADTQYF	INFVRIIMR
CASSPTSGSGYEQYF	INFVRIIMR
CSAGDRAYEQYF	INFVRIIMR
CASSQGLAGVETYEQYF	INFVRIIMR
CATQAGSLWETQYF	INFVRIIMR
CSALRQGMVTYEQYF	INFVRIIMR
CASSLTHSAGTEQFF	INFVRIIMR
CASSLAGDTQYF	INFVRIIMR
CSVEGQGVDGYTF	INFVRIIMR
CASRTGTAFSPRGEETQYF	INFVRIIMR
CASSLAAGGYEQYF	INFVRIIMR
CASSQANYEQYF	INFVRIIMR
CASSLGRSSGNTIYF	INFVRIIMR
CASSPAGTDSYEQYF	INFVRIIMR
CASSHQVGTSGTNEQFF	INFVRIIMR
CASSRGLNTEAFF	INFVRIIMR
CASSTETGGFYEQYF	INFVRIIMR
CASWGGPYTDTQYF	INFVRIIMR
CASSVPSPGPGFYEQYF	INFVRIIMR
CASRDGVNTEAFF	INFVRIIMR
CASSPSKAVWDEQFF	INFVRIIMR
CSAREQGEKLFF	INFVRIIMR
CATGKERLGNTGELFF	INFVRIIMR
CASSLDHSFGETQYF	INFVRIIMR
CASSLVGGADTQYF	INFVRIIMR
CASSYTLPQGSEAFF	INFVRIIMR
CASSVGVATNEKLFF	INFVRIIMR
CASSYYGGSSYNEQFF	INFVRIIMR
CASREDSTDTQYF	INFVRIIMR
CASSYLGDSYEQYF	INFVRIIMR
CATSDFVANTQYF	INFVRIIMR
CASSGRESVGFLNEQFF	INFVRIIMR
CASSPQGGGHLNTEAFF	INFVRIIMR
CASSHSKEDLLGRLFF	INFVRIIMR
CASSEDGTSTDTQYF	INFVRIIMR
CASSWGGGSGETQYF	INFVRIIMR
CASSEGGGPSYEQYF	INFVRIIMR
CASSKSHLATPHNEQFF	INFVRIIMR
CASSLSVGETFYEQYF	INFVRIIMR
CASSQMGALNTEAFF	INFVRIIMR
CASSLGTGDTETQYF	INFVRIIMR
CASSLTSVLEQFF	INFVRIIMR
CASSLNTGGLEKLFF	INFVRIIMR
CASSEDPGMNTEAFF	INFVRIIMR
CASSRESSGNTIYF	INFVRIIMR
CASSIGGHTEAFF	INFVRIIMR
CASSESEESMNTEAFF	INFVRIIMR
CATSLEGLETQYF	INFVRIIMR
CASSQDGGGGYGYTF	INFVRIIMR
CSAFSVGSYEQYF	INFVRIIMR
CASGFSGLGTGELFF	INFVRIIMR
CSANTFGRTLYEQYF	INFVRIIMR
CSARDGTSGAMGETQYF	INFVRIIMR
CSAMGQDTGELFF	INFVRIIMR
CASSLDPDRESSYNSPLHF	INFVRIIMR
CASSSPGPNNEQFF	INFVRIIMR
CASDPGVGNQPQHF	INFVRIIMR
CASSSAISGTGETQYF	INFVRIIMR
CASSPQIGTGGREKLFF	INFVRIIMR
CASSYSGGNTEAFF	INFVRIIMR
CASSLIPSEQYF	INFVRIIMR
CASSQDLVSGNTIYF	INFVRIIMR
CASSSTGQGPHEQYF	INFVRIIMR
CASSHGGGGYEQYF	INFVRIIMR
CASSQLTGVREQYF	INFVRIIMR
CASSSPLSDRSSYNEQFF	INFVRIIMR
CASSEALLTSGDTGELFF	INFVRIIMR
CASSYGQSYEQYF	INFVRIIMR
CASNLAGGNNEQFF	INFVRIIMR
CASSLSGSHLTF	INFVRIIMR
TVQETQYF	INFVRIIMR
CASSGITDTQYF	INFVRIIMR
CASSLGETYTEAFF	INFVRIIMR
CASSQDDSGLYGYTF	INFVRIIMR
CASSQDDAAYEQYF	INFVRIIMR
CASSDFGNYGYTF	INFVRIIMR
CASSQDKIYPGDGYTF	INFVRIIMR
CALGQTNTEAFF	INFVRIIMR
CASSLLVDSYEQYF	INFVRIIMR
CASSRTFSYEQYF	INFVRIIMR
CASSLDAGSDSGSEDPYEQYF	INFVRIIMR
CATSRDRREWETQYF	INFVRIIMR
CASSQSRGSYNEQFF	INFVRIIMR
CASSPGWGATFEQFF	INFVRIIMR
CASSDRYSGNTIYF	INFVRIIMR
CASSSSWRDGYTF	INFVRIIMR
CASYSSSYEQYF	INFVRIIMR
CASRLTVREGDSYNSPLHF	INFVRIIMR
CASSLGVGNTDTQYF	INFVRIIMR
CASNAAVGANVLTF	INFVRIIMR
CASSLSGTPGGQPQHF	INFVRIIMR
CASSQDLGITLEEAFF	INFVRIIMR
CASSEGSYEQYF	INFVRIIMR
CASSLAGLSNQPQHF	INFVRIIMR
CASSLSTGGISYEQYF	INFVRIIMR
CASSQDFRGVSSYNEQFF	INFVRIIMR
CASSKVPVVLAGDTDTQYF	INFVRIIMR
CASGTSGRRDTGELFF	INFVRIIMR
CASRSSGSQETQYF	INFVRIIMR
CAITGSGTYEQYF	INFVRIIMR
CASSLNGGDADTQYF	INFVRIIMR
CASSDGAEQFF	INFVRIIMR
CAWSHGPAYEQYF	INFVRIIMR
CASMAEASNTGELFF	INFVRIIMR
CASSSALASETQYF	INFVRIIMR
CSVWVTGPTEAFF	INFVRIIMR
CASSQDPLTSGMNNEQFF	INFVRIIMR
CASSQESTGSEAFF	INFVRIIMR
CASSQPRDTTNEKLFF	INFVRIIMR
CASSPHNYEQYF	INFVRIIMR
CASSEAEDKTTNEKLFF	INFVRIIMR
CASSFEVAYEQYF	INFVRIIMR
CSVDPSGSTGELFF	INFVRIIMR
CASGNQETQYF	INFVRIIMR
CASSLGGTGPFATEAFF	INFVRIIMR
CATSREQGDLEDPYF	INFVRIIMR
CATSDLPNAGELFF	INFVRIIMR
CASSLAGALNTEAFF	INFVRIIMR
CSASWDTGLSYEQYF	INFVRIIMR
CASTMGGSGNTIYF	INFVRIIMR
CASTGTSSYEQYF	INFVRIIMR
CASSEASDTGGIGELFF	INFVRIIMR
CASSYNIGTPYEQYF	INFVRIIMR
CSARVPAGRIYEQYF	INFVRIIMR
CATSRDRRRGEKLFF	INFVRIIMR
CASFGQNRNTIYF	INFVRIIMR
CASSQDRVSGGLSYEQYF	INFVRIIMR
CASSEGLAGYNEQFF	INFVRIIMR
CASSVAGSGNTIYF	INFVRIIMR
CASSLVRGRTEAFF	INFVRIIMR
CSASGLAGYPMDTDTQYF	INFVRIIMR
CATSPGASNTGELFF	INFVRIIMR
CASSLAGPWDTQYF	INFVRIIMR
CATSPLAGSHYNEQFF	INFVRIIMR
CASSEVVDSSFYEQYF	INFVRIIMR
CASSPMGALNTEAFF	INFVRIIMR
CSARDPPTDTQYF	INFVRIIMR
CASSSGNTEAFF	INFVRIIMR
CASSSGQGTDTQYF	INFVRIIMR
RASRGAGVPDTQYF	INFVRIIMR
CSVDPGTGSEQFF	INFVRIIMR
CASSQESSGSYEQYF	INFVRIIMR
CASSQAGALGGELFF	INFVRIIMR
CASSQDLELTNYGYTF	INFVRIIMR
CAISESSGGGRGTGELFF	INFVRIIMR
CASRKSGELFF	INFVRIIMR
CASSPLVGNTEAFF	INFVRIIMR
CASSFASPPYEQYF	INFVRIIMR
CSSRGDVLAGVDTQYF	INFVRIIMR
CSVGGTYEQYF	INFVRIIMR
CASGPGDNQPQHF	INFVRIIMR
CASSPPFELAGATDTQYF	INFVRIIMR
CASSQIDSIWDTDTQYF	INFVRIIMR
CASSQDMLTNTEAFF	INFVRIIMR
CASSLRGREPYEQYF	INFVRIIMR
CAGLGAWETQYF	INFVRIIMR
CASSLLGGAGNEQFF	INFVRIIMR
CASSQGRNSNQPQHF	INFVRIIMR
CASSQQPGTGGRQPQHF	INFVRIIMR
CAISESWTDTQYF	INFVRIIMR
CSASPRIGGLYEQYF	INFVRIIMR
CASSSPPGNLYEQYF	INFVRIIMR
CAIEKTESHRAQYF	INFVRIIMR
CASSGAGGYGYTF	INFVRIIMR
CASSSPDRGGGSYEQYF	INFVRIIMR
CASSPGLAGASSTDTQYF	INFVRIIMR
CASSTSSYEQYF	INFVRIIMR
CSASLSYNEQFF	INFVRIIMR
CSVDPDTEAFF	INFVRIIMR
CASSLGDEQYF	INFVRIIMR
CASSEAGGLETQYF	INFVRIIMR
CASSYATGTGLSGELFF	INFVRIIMR
CASSYSTGGFNTEAFF	INFVRIIMR
CASSPPDTNTEAFF	INFVRIIMR
CASSQDMGAPDTQYF	INFVRIIMR
CASRAQSSYEQYF	INFVRIIMR
CATGSGANVLTF	INFVRIIMR
CASSLGFVGGNEQFF	INFVRIIMR
CASSIRGWNEQFF	INFVRIIMR
CSVAGPEFASSYNEQFF	INFVRIIMR
CASSLPILNSYEQYF	INFVRIIMR
CASSQQGALGTEAFF	INFVRIIMR
CASSLEASGTYEQYF	INFVRIIMR
CASSQEGGQLYEQYF	INFVRIIMR
CASSLEGGGTEAFF	INFVRIIMR
CATPTEGSYEQYF	INFVRIIMR
CASSLPIGGLELNEQFF	INFVRIIMR
CASSFSGTNTEAFF	INFVRIIMR
CASSHGDSRIYTEAFF	INFVRIIMR
CSVVPDGASYNEQFF	INFVRIIMR
CASSPERGYNEQFF	INFVRIIMR
CAGKTNQETQYF	INFVRIIMR
CASSQANYEQYF	INFVRIIMR
CASSLGLGLWGTAINQPQHF	INFVRIIMR
CATSRVLGTDTQYF	INFVRIIMR
CATSVQGSDYEQYF	INFVRIIMR
CATTPSTGSAPLHF	INFVRIIMR
CATSDLQGAGDTQYF	INFVRIIMR
CATGRADTGELFF	INFVRIIMR
CASSAPREQQWRTDTQYF	INFVRIIMR
CASSLVQGANQPQHF	INFVRIIMR
CASEALMNTEAFF	INFVRIIMR
CASSDIGEWSTDTQYF	INFVRIIMR
CASSSPLAGEYNEQFF	INFVRIIMR
CASSQEADSGGSGELFF	INFVRIIMR
CASIRNDYNEQFF	INFVRIIMR
CSVVRGPEQFF	INFVRIIMR
CASSFGQGTDTQYF	INFVRIIMR
CASSLAQGATEAFF	INFVRIIMR
CASSQDRGGLAEETQYF	INFVRIIMR
CASSLLVGSGNEQFF	INFVRIIMR
CASSQPDSNNEQFF	INFVRIIMR
CASGTRLASYEQYF	INFVRIIMR
CASSLVGSGVPDTQYF	INFVRIIMR
CASSPTAGYRTDTQYF	INFVRIIMR
CASSEGGRTFF	INFVRIIMR
CASSYTGTGSYNEQFF	INFVRIIMR
CATIPWGGQGIYTEAFF	INFVRIIMR
CSASFGVNTEAFF	INFVRIIMR
CASSYSGGANYGYTF	INFVRIIMR
CATSRAQGLALYEQYF	INFVRIIMR
CASSNGPGQGPNEQFF	INFVRIIMR
CASSPLAASYNEQFF	INFVRIIMR
CSAPVGGAFTDTQYF	INFVRIIMR
CASSLAGTDGNTIYF	INFVRIIMR
CASSLAGPSTEAFF	INFVRIIMR
CATSEPQGLEAFF	INFVRIIMR
CASSEALVEMNTEAFF	INFVRIIMR
CASSPGQGRSQYF	INFVRIIMR
CASSISGIGAESSYNEQFF	INFVRIIMR
CASSPRLAGVTGELFF	INFVRIIMR
CASSAEAEFTDTQYF	INFVRIIMR
CASSQQGATYNEQFF	INFVRIIMR
CASSLEDYNEQFF	INFVRIIMR
CASSSDTGTRQYEQYF	INFVRIIMR
CSVEGGGYTF	INFVRIIMR
CASRPGTSWGSNQPQHF	INFVRIIMR
CSARGVVSGGTGELFF	INFVRIIMR
CASSLTGGGDTQYF	INFVRIIMR
CASSYSTMNTEAFF	INFVRIIMR
CASSYTTGSRETQYF	INFVRIIMR
CASSPLASTDTQYF	INFVRIIMR
CASSVPRAGISYEQYF	INFVRIIMR
CSVKGLEQYF	INFVRIIMR
CATSRGGLNTEAFF	INFVRIIMR
CASSLDGQPYTF	INFVRIIMR
CASSQESSGYEQYF	INFVRIIMR
CSARDGDSGTGELFF	INFVRIIMR
CASSQDPGSTDTQYF	INFVRIIMR
CASSETRGSYNEQFF	INFVRIIMR
CASSFPPESMNTEAFF	INFVRIIMR
CASSISQITEAFF	INFVRIIMR
CASSLLNMTEQYF	INFVRIIMR
CASSYGTSGSEQYF	INFVRIIMR
CASSYPRDYLAKNIQYF	INFVRIIMR
CASSSSRTSRSTDTQYF	INFVRIIMR
CASSHYRGSYNEQFF	INFVRIIMR
RASILGSPHPPDGCEAFF	INFVRIIMR
CASTNSNQPQHF	INFVRIIMR
CASSLDLGLSYEQYF	INFVRIIMR
CASSNGPGPYEQYF	INFVRIIMR
CASSDGLAGSHEQYF	INFVRIIMR
CASSYEASGTEAFF	INFVRIIMR
CASSLLWSQPQHF	INFVRIIMR
CSVEGRRNTGELFF	INFVRIIMR
