CDR3	AA
CASSQGVQVNYGYTF	GDAALALLLL
CASSLAQGASGYTF	GDAALALLLL
CASSPGLATYEQYF	GDAALALLLL
CASSFPGPGQGYNEQFF	GDAALALLLL
CAISDLGYEQYF	GDAALALLLL
CASSQDYMPGVRETQYF	GDAALALLLL
CASSLEGPGANVLTF	GDAALALLLL
CASSTTGLNYGYTF	GDAALALLLL
CASSVELNSYEQYF	GDAALALLLL
CASSLDGKGTYEQYF	GDAALALLLL
CASSQDWWGQETQYF	GDAALALLLL
CAGGTGEQFF	GDAALALLLL
CASSWDSRYEQYF	GDAALALLLL
CASSSSNYEQYF	GDAALALLLL
CASSYGGLGVNEQFF	GDAALALLLL
CASSLGRGDEAFF	GDAALALLLL
CASSRLQGETQYF	GDAALALLLL
CASSPLDGYNSPLHF	GDAALALLLL
CASSPPPGMTQETQYF	GDAALALLLL
CASSEGATPYEQYF	GDAALALLLL
CSVPSGRGYEQYF	GDAALALLLL
CASSNQAISDDEQFF	GDAALALLLL
CASSEALGGTEAFF	GDAALALLLL
CASSHFSERTGEGYTF	GDAALALLLL
CASSGRDSDRTQYF	GDAALALLLL
CASSPGTGGFYEQYF	GDAALALLLL
CASLRTSGGSFNEQFF	GDAALALLLL
CATSEVTSGTGELFF	GDAALALLLL
CASSSGVGRGEEYF	GDAALALLLL
CASSQGGGVVNTGELFF	GDAALALLLL
CASSPGSYGYTF	GDAALALLLL
CATSDLEDRGGYEQYF	GDAALALLLL
CASSSGDTGNTIYF	GDAALALLLL
CASSSTGQGAKGTEAFF	GDAALALLLL
CATSDSDSFDYEQYF	GDAALALLLL
CASSHRGQESMNTEAFF	GDAALALLLL
CASSHIGQGAYNEQFF	GDAALALLLL
CSVVLAGNTGELFF	GDAALALLLL
CATSDYSASNTGELFF	GDAALALLLL
CASSLVPGVNQPQHF	GDAALALLLL
CASSEGLAGVDGETQYF	GDAALALLLL
CASSETGMAYEQYF	GDAALALLLL
CASSSQGWNTEAFF	GDAALALLLL
CASSVELNSYEQYF	GDAALALLLL
CASSPRTSGGIETQYF	GDAALALLLL
CASSLDRDLQNYGYTF	GDAALALLLL
CATSDYRGENTGELFF	GDAALALLLL
CASSLMGQPMSYEQYF	GDAALALLLL
CATKPLPISGELFF	GDAALALLLL
CSVRGLAGRSSYEQYF	GDAALALLLL
CASSLGAGARVSYGYTF	GDAALALLLL
CASSQELGTGDGYTF	GDAALALLLL
CASSHPLAGGSSYNEQFF	GDAALALLLL
CASSYPTIRGDQETQYF	GDAALALLLL
CASSEALGVQPQHF	GDAALALLLL
CASSSGRGSNQPQHF	GDAALALLLL
CAWSPQGNSYEQYF	GDAALALLLL
CASTGSGTGPYEQFF	GDAALALLLL
CATSDFGRDNTGELFF	GDAALALLLL
CASSLSGARIYEQYF	GDAALALLLL
CASSPVGGTEQFF	GDAALALLLL
CASSLLVSDFETQYF	GDAALALLLL
CASSLMTSDRGEQYF	GDAALALLLL
CASSQDPGTGYTGELFF	GDAALALLLL
CASSALGGYTDTQYF	GDAALALLLL
CAISDIGFEQYF	GDAALALLLL
CAWSPGIGTEAFF	GDAALALLLL
CASSFTGINTGELFF	GDAALALLLL
CASGPMGTPSYEQYF	GDAALALLLL
CASSPGTYEQYF	GDAALALLLL
CASSYADSSVWPQHF	GDAALALLLL
CASLQGTSGNQPQHF	GDAALALLLL
CASSRGTSRNTEAFF	GDAALALLLL
CASSYSGLGGANVLTF	GDAALALLLL
CSARDLGLAYNEQFF	GDAALALLLL
CASSHTFPAYEQYF	GDAALALLLL
CASSPMLAGGPTDTQYF	GDAALALLLL
CASNSLSGELFF	GDAALALLLL
CASSLGPLGTGPYNEQFF	GDAALALLLL
CASSPRDRSSYEQYF	GDAALALLLL
CASSATPYEQYF	GDAALALLLL
CARTIGPEAFF	GDAALALLLL
CASGGVTGLGGYTF	GDAALALLLL
CASSQLQYSGNTIYF	GDAALALLLL
CATRGPQSTVTNTEAFF	GDAALALLLL
CASSFQNYGYTF	GDAALALLLL
CASGENSYEQYF	GDAALALLLL
CASSAEGLAALSAEQYF	GDAALALLLL
CASSGLRTSTTDTQYF	GDAALALLLL
CASSSLAVSSTDTQYF	GDAALALLLL
CATIPNQGMSSGNTIYF	GDAALALLLL
CATEWGSDYGYTF	GDAALALLLL
CASSTGNYEQYF	GDAALALLLL
CASSFQGVYEQYF	GDAALALLLL
CASAPGNYEQYF	GDAALALLLL
CSVVVGYNEQFF	GDAALALLLL
CASSAGPIYNEQFF	GDAALALLLL
CASSPGLGVNEQFF	GDAALALLLL
CASNEGPPGNQPQHF	GDAALALLLL
CASSPPTTPYEQYF	GDAALALLLL
CASSPGSNQPQHF	GDAALALLLL
CASSPTLSPNEKLFF	GDAALALLLL
CASSLGSNQPQHF	GDAALALLLL
CASSFPNGTGPYEQFF	GDAALALLLL
CANIRRYEQYF	GDAALALLLL
CASSLLPSGGAFGEQYF	GDAALALLLL
CASSLDRGHEQYF	GDAALALLLL
CATSGFRTDNTGELFF	GDAALALLLL
CSVAATSVSYEQYF	GDAALALLLL
CASTAGVEYTEAFF	GDAALALLLL
CASSPRGSYNSPLHF	GDAALALLLL
CASSFVFTGYNEQFF	GDAALALLLL
CASSLLAGGNTGELFF	GDAALALLLL
CASSLGTGASTDTQYF	GDAALALLLL
CASSPFGQGYEQYF	GDAALALLLL
CASSRGTENNSPLHF	GDAALALLLL
CSAGDTEAFF	GDAALALLLL
CASSPLVTSGYQETQYF	GDAALALLLL
CASSPLDNLDTEAFF	GDAALALLLL
CASSFYMGGDYNEQFF	GDAALALLLL
CASSLMGLAGIRNEQFF	GDAALALLLL
CASSEMGAYEQYF	GDAALALLLL
CASSEALGQNTEAFF	GDAALALLLL
CASLGGGNQPQHF	GDAALALLLL
CASSLVAGGPGSTDTQYF	GDAALALLLL
CASSQGSGTLNTGELFF	GDAALALLLL
CASSLGTSGVYEQYF	GDAALALLLL
CASSYRQGQNTGELFF	GDAALALLLL
CASSGVAGGIETQYF	GDAALALLLL
CASRISYEQYF	GDAALALLLL
CASSYFDEQFF	GDAALALLLL
CASSQLPGAGWTYEQYF	GDAALALLLL
CASSTSGGYNEQFF	GDAALALLLL
CASSYSKDREGPDTQYF	GDAALALLLL
CASSLIGQITDTQYF	GDAALALLLL
CASRGGPGTEAFF	GDAALALLLL
CASSGGNYEQYF	GDAALALLLL
CASRVSPGLGTEAFF	GDAALALLLL
CASSPPEKANYGYTF	GDAALALLLL
CASSLGQVHNEQFF	GDAALALLLL
CSVGGGTHYGYTF	GDAALALLLL
CASSPGQGYSYEQYF	GDAALALLLL
CASSYPGQGYQETQYF	GDAALALLLL
CASSLTGPSYEQYF	GDAALALLLL
CASRTGWDAEAFF	GDAALALLLL
CASSFSGGVVDTQYF	GDAALALLLL
CASSQERGQGYGYTF	GDAALALLLL
CSATPGDIGAEETQYF	GDAALALLLL
CASSGDRGEAFF	GDAALALLLL
CASSQIGTGYEQYF	GDAALALLLL
CASSQAGLSYEQYF	GDAALALLLL
CASSQLGLGSPLHF	GDAALALLLL
CASSYSGVAYNEQFF	GDAALALLLL
CASSQGSGTLNTGELFF	GDAALALLLL
CASSQGWGTRGSFF	GDAALALLLL
CTSLTRDRGLDANQPQHF	GDAALALLLL
CASAGQITYEQYF	GDAALALLLL
CASSPGQGTHEQYF	GDAALALLLL
CASSQPGLYNEQFF	GDAALALLLL
CASSDPQGQGFYEQYF	GDAALALLLL
CASSQDSSSYNEQFF	GDAALALLLL
CALRDRATGELFF	GDAALALLLL
CASSAGTSGSTDTQYF	GDAALALLLL
CASSLVGQGPGELFF	GDAALALLLL
CASSYSLAGDYNEQFF	GDAALALLLL
CASSPPTSGPSYEQYF	GDAALALLLL
CASSPSGGAYGYTF	GDAALALLLL
CASSRDSGYEQYF	GDAALALLLL
CATSDFRDSNTGELFF	GDAALALLLL
CASSEAVQSLLEPQHF	GDAALALLLL
CASSDETGGRETQYF	GDAALALLLL
CASSLDIAYEQYF	GDAALALLLL
CASSSHRGANTYEQYF	GDAALALLLL
CASSQGVDRGTEAFF	GDAALALLLL
CASSRPGLYYGYTF	GDAALALLLL
CASSSTYGYEQYF	GDAALALLLL
CATLGYDYTEAFF	GDAALALLLL
CASSFQGDLQETQYF	GDAALALLLL
CASSYLDRSSYEQYF	GDAALALLLL
CASSPFLSGGYTGELFF	GDAALALLLL
CASSYQGAYEQYF	GDAALALLLL
CSARGLAARSSYEQYF	GDAALALLLL
CASSQEQGAYEQYF	GDAALALLLL
CASSQEPGSLGAPLHF	GDAALALLLL
CSVWSGASEQYF	GDAALALLLL
CASSVGVAITYEQYF	GDAALALLLL
CASSEGTYEQYF	GDAALALLLL
CASSLGLAGVTDTQYF	GDAALALLLL
CASSFGAGGYNEQFF	GDAALALLLL
CASSQESGVYNEQFF	GDAALALLLL
CASKLGPSYINEQFF	GDAALALLLL
CASSEGTGGPSYNSPLHF	GDAALALLLL
CATSDFQGQNTGELFF	GDAALALLLL
CASSRDLAYEQYF	GDAALALLLL
CASSPSWTGLAYEQYF	GDAALALLLL
CASSFSRGFYEQYF	GDAALALLLL
CAILGLAGSYNEQFF	GDAALALLLL
CASSGTGGYTDTQYF	GDAALALLLL
CASSFDSGYEQYF	GDAALALLLL
CASSQGAGTTNTGELFF	GDAALALLLL
CASSESNYGYTF	GDAALALLLL
CASSLGRYAETQYF	GDAALALLLL
CASSPLFVAVQETQYF	GDAALALLLL
CASSSAGGWTDTQYF	GDAALALLLL
CATSDFKRENTGELFF	GDAALALLLL
CASRVELEPQHF	GDAALALLLL
CASSLDRGHEQYF	GDAALALLLL
CSARDPNQPQHF	GDAALALLLL
CASSQDPGTPEKLFF	GDAALALLLL
CASSYSGNTEAFF	GDAALALLLL
CASSQAAGTVNTGELFF	GDAALALLLL
CASSLGQGASYGYTF	GDAALALLLL
CASRFPGNTEAFF	GDAALALLLL
CASGKTTGDRYNSPLHF	GDAALALLLL
CASSQETLYSWSYEQYF	GDAALALLLL
CASSLDRDLMNTEAFF	GDAALALLLL
CASSPYGQGYEQYF	GDAALALLLL
CASSEGSYEQYF	GDAALALLLL
CASSPVLNEQFF	GDAALALLLL
CASSIEQALIDPEGGYTF	GDAALALLLL
CASSSTGLLDYEQYF	GDAALALLLL
CASADTGARENTIYF	GDAALALLLL
CASSQGSGTVFTGELFF	GDAALALLLL
CASSLGAGGDYNEQFF	GDAALALLLL
CASSLAGGGYTDTQYF	GDAALALLLL
CASSGPTRGTDTLLNTEAFF	GDAALALLLL
CSVVRGDYGYTF	GDAALALLLL
CASRQGYTEAFF	GDAALALLLL
CASSEVGGNYEQYF	GDAALALLLL
CASSLGYGTLNTGELFF	GDAALALLLL
CASSPGNYGYTF	GDAALALLLL
CSANHWTVNEQFF	GDAALALLLL
CASSPPAVSNYGYTF	GDAALALLLL
CASSYFNVRGFGGELFF	GDAALALLLL
CASSLLAGTSVYEQYF	GDAALALLLL
CASRGNSPLHF	GDAALALLLL
CASSRPSGTLQDTQYF	GDAALALLLL
CASSYSLSHEQYF	GDAALALLLL
CASSSLGGYTDTQYF	GDAALALLLL
CASSSSGGTIYNEQFF	GDAALALLLL
CASSPSNYGYTF	GDAALALLLL
CASRLTPVYEQYF	GDAALALLLL
CASSSVGGTIFNEQFF	GDAALALLLL
CSAGGTEAFF	GDAALALLLL
CASSQGSGTMNTGELFF	GDAALALLLL
CASSQVEHAKNIQYF	GDAALALLLL
CASSSLAGYYNEQFF	GDAALALLLL
CASSLSRDEQYF	GDAALALLLL
CASSEGHVYEQYF	GDAALALLLL
CASSSGNYGYTF	GDAALALLLL
CASRGDYSYEQYF	GDAALALLLL
CASSLGRGGARNEQFF	GDAALALLLL
CASSESGTLGSPLHF	GDAALALLLL
CASSQGNYGYTF	GDAALALLLL
CASSLSRQGATGELFF	GDAALALLLL
CASSQGIGQVETQYF	GDAALALLLL
CASSSGQEPTRAFF	GDAALALLLL
CASGLPMGDIQNIQYF	GDAALALLLL
CATGPVNYEQYF	GDAALALLLL
CASSHGSGTLNTGELFF	GDAALALLLL
CSAREGHWGSYNSPLHF	GDAALALLLL
CASSVPGGGAVDTQYF	GDAALALLLL
CASSIGPYWGSNQPQHF	GDAALALLLL
CASSFGQSTGYTF	GDAALALLLL
CASSDSNYGYTF	GDAALALLLL
CSVAGGSSYGYTF	GDAALALLLL
CASNTPPGETDTQYF	GDAALALLLL
CASSLATYDEQYF	GDAALALLLL
CASSFSRGFYEQYF	GDAALALLLL
CASSFPSGTVYNEQFF	GDAALALLLL
CASSRADRDTQYF	GDAALALLLL
CASSESNYNEQFF	GDAALALLLL
CASSLALWSSTDTQYF	GDAALALLLL
CASSYGVGIPPQHF	GDAALALLLL
CASSSPPGQGVLTGELFF	GDAALALLLL
CASSLMGLLYQPQHF	GDAALALLLL
CASSSEPGQYNSPLHF	GDAALALLLL
CASSLGQTEAFF	GDAALALLLL
CASSLSGSTDTQYF	GDAALALLLL
CASSRTGEAFF	GDAALALLLL
CASSFLGLSYEQYF	GDAALALLLL
CSARGTSGNPYEQYF	GDAALALLLL
CASSLVGVSYEQYF	GDAALALLLL
CASSSSNYGYTF	GDAALALLLL
CASSYGLGEQYF	GDAALALLLL
CASSNIQGNEQFF	GDAALALLLL
CASSVETSSYEQYF	GDAALALLLL
CASSLPASGGPDTQYF	GDAALALLLL
CASSLDRDDMNTEAFF	GDAALALLLL
CAWSVSGLRTGAFF	GDAALALLLL
CASSLILGEGSQVGGSPLHF	GDAALALLLL
CASSEGNYEQYF	GDAALALLLL
CASSLESSYNSPLHF	GDAALALLLL
CASSQAGRSYEQYF	GDAALALLLL
CASSSPPGLAGFNEQFF	GDAALALLLL
CASSPGLALDEQFF	GDAALALLLL
CASRATGGFTEAFF	GDAALALLLL
CASSVDLTELFF	GDAALALLLL
CASSLGYGTINTGELFF	GDAALALLLL
CASSLGPRTGDNQPQHF	GDAALALLLL
CASSSPDRIGYEQYF	GDAALALLLL
CASSYSRWGGELFF	GDAALALLLL
CASSLHKGYEEKLFF	GDAALALLLL
CASSLSSSGRREQYV	GDAALALLLL
CASSQGGLSYEQYF	GDAALALLLL
CASSSVGGTIFNEQFF	GDAALALLLL
CASMRSTGELFF	GDAALALLLL
CADRDTGAKGVNTEAFF	GDAALALLLL
CASSPPLTVYGYTF	GDAALALLLL
CASSDKREISSYNEQFF	GDAALALLLL
CASSLGAISVSYGYTF	GDAALALLLL
CASSLDTRWEQYF	GDAALALLLL
CASSQGTGTINTGELFF	GDAALALLLL
CASSQPGLTYEQYF	GDAALALLLL
CASSLALLGQSTYEQYF	GDAALALLLL
