CDR3	AA
CASRTPGSYEQYF	SEISMDNSPNL
CASSAAGGTGNTIYF	SEISMDNSPNL
CATSRDSVVRALEYEQYF	SEISMDNSPNL
CASSFPGADEQYF	SEISMDNSPNL
CASSFGGFSHNEQFF	SEISMDNSPNL
CASSPGSFAAEAFF	SEISMDNSPNL
CASSADRRGYTF	SEISMDNSPNL
CSGQGSWDTQYF	SEISMDNSPNL
CASNYGGAEEQYF	SEISMDNSPNL
CASSWSGLGETQYF	SEISMDNSPNL
CASSQDPSGVYNEQFF	SEISMDNSPNL
CASSPVADRVYEQYF	SEISMDNSPNL
CASSDGLNNEQFF	SEISMDNSPNL
CSALGVRDIQYF	SEISMDNSPNL
CASSQGPLDEQYF	SEISMDNSPNL
CAISEGGTTSYEQYF	SEISMDNSPNL
CASSLESGHSSYEQYF	SEISMDNSPNL
CASSSARDLVNEQYF	SEISMDNSPNL
CASRVASGAQETQYF	SEISMDNSPNL
CASSQDGSASYNEQFF	SEISMDNSPNL
CASSLRAGGFETQYF	SEISMDNSPNL
CASSEAGRPEAFF	SEISMDNSPNL
CASSSRGNEQFF	SEISMDNSPNL
CASSEGTSYEQYF	SEISMDNSPNL
CSVTGQGTGELFF	SEISMDNSPNL
CASSFKDRIVIVDEQFF	SEISMDNSPNL
CASSHPYSYEQYF	SEISMDNSPNL
CATSSRGARAGELFF	SEISMDNSPNL
CASSPHSYEQYF	SEISMDNSPNL
CATSEPQGETQYF	SEISMDNSPNL
CASSLGRGFYNEQFF	SEISMDNSPNL
CASSHSDSYEQYF	SEISMDNSPNL
CATSRERLGHNEQFF	SEISMDNSPNL
CASSLAGGETQYF	SEISMDNSPNL
CASRETGHNQPQHF	SEISMDNSPNL
CASSQETSGRAAQETQYF	SEISMDNSPNL
CASRGGRGDEQYF	SEISMDNSPNL
CASSGDRAVFSYEQYF	SEISMDNSPNL
CASTASGNNEQFF	SEISMDNSPNL
