CDR3	AA
CASSGVGTQYF	TLACFVLAAV
CASSQDPLREGLVDNEQFF	TLACFVLAAV
CASSYLGGQAEQFF	TLACFVLAAV
CASSLGLAGGLGDTQYF	TLACFVLAAV
CSVGGASGHVGDTQYF	TLACFVLAAV
CSARVAGVHTGELFF	TLACFVLAAV
CASKGEVGQPQHF	TLACFVLAAV
CASSTSSPIAGGSTDTQYF	TLACFVLAAV
CASSSLRTGRDIQYF	TLACFVLAAV
CASSHPGGSYEQYF	TLACFVLAAV
CASRPGTSGTDTQYF	TLACFVLAAV
CSVTGLAGGVEQFF	TLACFVLAAV
CSARDTRNSYEQYF	TLACFVLAAV
CASSLYGQPQHF	TLACFVLAAV
CATSRDQGYAGELFF	TLACFVLAAV
CASSQLTGSQPQHF	TLACFVLAAV
CASSWGGLWEQYF	TLACFVLAAV
CASSSQGVTNTGELFF	TLACFVLAAV
CASSLGEKLFF	TLACFVLAAV
CASSWDRIAF	TLACFVLAAV
CAISEWTDTQYF	TLACFVLAAV
CASAQGNEQFF	TLACFVLAAV
CASSSLPGSPNEQFF	TLACFVLAAV
CASSHTGWVNEKLFF	TLACFVLAAV
CASSLFSSYEQYF	TLACFVLAAV
CASSLDYGLKTDTQYF	TLACFVLAAV
CASLPKGLNYGYTF	TLACFVLAAV
CASSLRTGEEKLFF	TLACFVLAAV
CASSQVSGQHVWQYF	TLACFVLAAV
CASTDLSTDTQYF	TLACFVLAAV
CASSLWEGAMDYGYTF	TLACFVLAAV
CASSPNQPQHF	TLACFVLAAV
CASSAPQTEGPGANVLTF	TLACFVLAAV
CASSYGADTQYF	TLACFVLAAV
CASSLVEGDGYTF	TLACFVLAAV
CASSSLDRVITGELFF	TLACFVLAAV
CATSDLAGEETQYF	TLACFVLAAV
CASNLGGYEQYF	TLACFVLAAV
CASSFLNPGGIDEQYF	TLACFVLAAV
CASTTTNEQFF	TLACFVLAAV
CASSFEGSTDTQYF	TLACFVLAAV
CASSLTGNTEAFF	TLACFVLAAV
CASSLLAESYNEQFF	TLACFVLAAV
CASSFARGPQETQYF	TLACFVLAAV
CASSGRNDEQYF	TLACFVLAAV
CASSFLRAGGPEDQYF	TLACFVLAAV
CASSIVNGETQYF	TLACFVLAAV
CASSHTNEQFF	TLACFVLAAV
CASSLAGGYTDTQYF	TLACFVLAAV
CASSLAGNTYEQYF	TLACFVLAAV
CATGKTSGRTDTQYF	TLACFVLAAV
CAWSAGTGFEQYF	TLACFVLAAV
CAILTQGAEAFF	TLACFVLAAV
CASSESNEQFF	TLACFVLAAV
CASSTPPNTEAFF	TLACFVLAAV
CASRSPTSTDTQYF	TLACFVLAAV
CATRSLGSTDTQYF	TLACFVLAAV
CASSHIGQGADEQYF	TLACFVLAAV
CASSTGPYEQYF	TLACFVLAAV
CSVAPGGVEGYTF	TLACFVLAAV
CASSRLAGTDTQYF	TLACFVLAAV
CASSATGNTEAFF	TLACFVLAAV
CASGSTEAFF	TLACFVLAAV
CASSYRERGLGYTF	TLACFVLAAV
CATSALGTGSTDTQYF	TLACFVLAAV
CASSEQGWPRAFF	TLACFVLAAV
CASSFPDEQYF	TLACFVLAAV
CASSQEGGAGGPFGTQYF	TLACFVLAAV
CASSLADNEQFF	TLACFVLAAV
CASRMGGEQFF	TLACFVLAAV
CASSSVPGLAGNEQFF	TLACFVLAAV
CSVVAVLSYNEQFF	TLACFVLAAV
CAISESRAGGPDTQYF	TLACFVLAAV
CASSSLGTSGAGDTQYF	TLACFVLAAV
CASSYWGGVDQETQYF	TLACFVLAAV
CSAMGGNQPQHF	TLACFVLAAV
CASIGGAPSYNEQFF	TLACFVLAAV
CSVVTWEPDTQYF	TLACFVLAAV
CASSSHDFGRNTFNYGYTF	TLACFVLAAV
CASRPWGGKGVEEKLFF	TLACFVLAAV
CASSLVRNTEAFF	TLACFVLAAV
CSVAGLAANNEQFF	TLACFVLAAV
CASSASLGNEQFF	TLACFVLAAV
CASSYGVGSFTEAFF	TLACFVLAAV
CASSLLVPQGPDTQYF	TLACFVLAAV
CASSPPWTSEEVDTGELFF	TLACFVLAAV
CASNPGHLNTEAFF	TLACFVLAAV
CASTPGGGLYGYTF	TLACFVLAAV
CASSPLGNEQFF	TLACFVLAAV
CSVEDNLAGPNEQFF	TLACFVLAAV
CASSLSGDRYF	TLACFVLAAV
CASSLEGSYNSPLHF	TLACFVLAAV
CASREGQGLYNEQFF	TLACFVLAAV
CASSPLGGAGGGYTF	TLACFVLAAV
CATSDLSSGGSTDTQYF	TLACFVLAAV
CASRTAGATEAFF	TLACFVLAAV
CASSHRTGSATNEKLFF	TLACFVLAAV
CASSPAGLQPQHF	TLACFVLAAV
CATSDSSDPNIQYF	TLACFVLAAV
CASSFNEQFF	TLACFVLAAV
CASSPPETGSGTF	TLACFVLAAV
CASSLYLGQPNEKLFF	TLACFVLAAV
CASSPAVGPAGEQYF	TLACFVLAAV
CASSPGGLPEAFF	TLACFVLAAV
CASSTGQVVATGAYEQYF	TLACFVLAAV
CASSPEVGQHNSPLHF	TLACFVLAAV
CASSQEPSLFKGTEAFF	TLACFVLAAV
CASSRVNQGNQPQHF	TLACFVLAAV
CASSISAGGAFF	TLACFVLAAV
CASSEFGPLGQPQHF	TLACFVLAAV
CASSAEISSYEQYF	TLACFVLAAV
CASRVTAYEQYF	TLACFVLAAV
CSVEHGGGTQYF	TLACFVLAAV
CASRSSSPLHF	TLACFVLAAV
CASSYSSSYNSPLHF	TLACFVLAAV
CASSRSEARTDTQYF	TLACFVLAAV
CATAGANEQFF	TLACFVLAAV
CSGANVLTF	TLACFVLAAV
CASTGPPLNEKLFF	TLACFVLAAV
CASTGTGSGEQYF	TLACFVLAAV
CASSLTGYTEAFF	TLACFVLAAV
CASSFSDREPQETQYF	TLACFVLAAV
CASSTTGGSQPQHF	TLACFVLAAV
CASSRQWSGESSYNEQFF	TLACFVLAAV
CASNLGRLGDTQNTGELFF	TLACFVLAAV
CATSDFGGRTDTQYF	TLACFVLAAV
CASSYELGGAGELFF	TLACFVLAAV
CASARGNTQYF	TLACFVLAAV
CASSAIEGNPTEQYF	TLACFVLAAV
CASSQEESQGVYEQYF	TLACFVLAAV
CASSRYSHVDTQYF	TLACFVLAAV
RASSLVFSGWDF	TLACFVLAAV
CASSSRGGDYEQYF	TLACFVLAAV
CASSYSYPWTSQETQYF	TLACFVLAAV
CSARDVDNEQFF	TLACFVLAAV
CASSAAGDNEKLFF	TLACFVLAAV
CASSSTGPETQYF	TLACFVLAAV
CATSDRSSYEQYF	TLACFVLAAV
CATSDFQAGELFF	TLACFVLAAV
CASSLFQGGAETQYF	TLACFVLAAV
CASSPLDLTGELFF	TLACFVLAAV
CASSVGGQGAYEQYF	TLACFVLAAV
CASSLSSGVTDTQYF	TLACFVLAAV
CASSGFSLNTEAFF	TLACFVLAAV
CASSPDRAFLYEQYF	TLACFVLAAV
CASSQFGTMAPDTQYF	TLACFVLAAV
CATSSGLAGSTDTQYF	TLACFVLAAV
CASSVNQPQHF	TLACFVLAAV
CASSLRGFQETQYF	TLACFVLAAV
CASSETVSYEQYF	TLACFVLAAV
CASSFRGTETQYF	TLACFVLAAV
CASSYSLGGQDGYTF	TLACFVLAAV
CASSYWTNGYTF	TLACFVLAAV
CASSYRGNRDLLQWYF	TLACFVLAAV
CASSLLGGELFF	TLACFVLAAV
CASSYALGGEKLFF	TLACFVLAAV
CASSLGAGVFQETQYF	TLACFVLAAV
CASREDRVPLDEQYF	TLACFVLAAV
CASSPQGGYTEAFF	TLACFVLAAV
CASSWTGAEQYF	TLACFVLAAV
CATKGLAGGVDEQYF	TLACFVLAAV
CASSPPFSGLGFEQFF	TLACFVLAAV
CASTHLGSPLHF	TLACFVLAAV
CASSSPVSSYNEQFF	TLACFVLAAV
CASSPGTSGNEQYF	TLACFVLAAV
CSVILAVPSSYNEQFF	TLACFVLAAV
CASSPGQGYEQYF	TLACFVLAAV
CASSPGTVIEAFF	TLACFVLAAV
CASSQDLQATYEQYF	TLACFVLAAV
CASSPTPDSIYGYTF	TLACFVLAAV
CASSQVFSGDFITGELFF	TLACFVLAAV
CASSESNEQYF	TLACFVLAAV
CASSLLAGGEQYF	TLACFVLAAV
CASSVEGGDFTDTQYF	TLACFVLAAV
CASSGGTQGLLYNEQFF	TLACFVLAAV
CASSTGLGGYNEQFF	TLACFVLAAV
CASSESVSSGNTIYF	TLACFVLAAV
CSVEDLAQETQYF	TLACFVLAAV
CASSQDRWASIGEQYF	TLACFVLAAV
CASSLTSGSSSYEQYF	TLACFVLAAV
CASSQESGYGYTF	TLACFVLAAV
CSAEGGLAGVGDNEQFF	TLACFVLAAV
CASSEWDRVDNEQFF	TLACFVLAAV
CASSLDSGNEQYF	TLACFVLAAV
CASSYPGTGYEQYF	TLACFVLAAV
CASSLGPGEETQYF	TLACFVLAAV
CASSQAGGAFF	TLACFVLAAV
CAISKRTGLKGNTEAFF	TLACFVLAAV
CASSPGLAGEYEQYF	TLACFVLAAV
CSVATSLVEGYTF	TLACFVLAAV
CASSLDRGFDEQFF	TLACFVLAAV
CASSPTGFGNQPQHF	TLACFVLAAV
CASSFLVNEQFF	TLACFVLAAV
CSARAGTFYNEQFF	TLACFVLAAV
CASSFVRRGRNTEAFF	TLACFVLAAV
CASSMAPNTEAFF	TLACFVLAAV
CASMGPSYEQYF	TLACFVLAAV
CASSLGGLEQYF	TLACFVLAAV
CASSQSNEQFF	TLACFVLAAV
CATSDLYQGGTDTQYF	TLACFVLAAV
CASSFGGDTQYF	TLACFVLAAV
CASSLTGNTEAFF	TLACFVLAAV
CASSKDRGWETQYF	TLACFVLAAV
CASSEVIVREGDYGYTF	TLACFVLAAV
CASSPYPTGSVEQYF	TLACFVLAAV
CASSPLEGGRLAGTTYEQYF	TLACFVLAAV
CASSLWRTGMTEAFF	TLACFVLAAV
CASSQDQSSYNEQFF	TLACFVLAAV
CASRSRLADSTDTQYF	TLACFVLAAV
CASSLGRAQPQHF	TLACFVLAAV
CAISESEGRGRRNTGELFF	TLACFVLAAV
CASSTWGRGTGTSDTQYF	TLACFVLAAV
CASSPQGNTIYF	TLACFVLAAV
CASSTTGVGTDTQYF	TLACFVLAAV
CSARAGDWTGELFF	TLACFVLAAV
CAATPTLFQQGNGAFF	TLACFVLAAV
CSVAGPLRTGGYNEQFF	TLACFVLAAV
CASSSGTTGTRYGGYEQYF	TLACFVLAAV
CASGGQPQHF	TLACFVLAAV
CVTGSNEQFF	TLACFVLAAV
CASSFPTIGANYNEQFF	TLACFVLAAV
CASSEGGLAGQQFF	TLACFVLAAV
CASSQSGTYGYTF	TLACFVLAAV
CASSPPLGHEQYF	TLACFVLAAV
CASSSQGNEKLFF	TLACFVLAAV
CASRRWEETQYF	TLACFVLAAV
CASTATGTLYNEQFF	TLACFVLAAV
CASRDPGQGVIQPQHF	TLACFVLAAV
CASSQGVQQFF	TLACFVLAAV
CASSLDFSTQYF	TLACFVLAAV
CASSQEVTIYEQYF	TLACFVLAAV
CASSLVRTGKNIQYF	TLACFVLAAV
CASSHGAYYGYTF	TLACFVLAAV
CASGPANTQYF	TLACFVLAAV
CASSFRTREAFF	TLACFVLAAV
CASSLDNEQFF	TLACFVLAAV
CASSLLGAGNTIYF	TLACFVLAAV
CASSSIAGVSTDTQYF	TLACFVLAAV
CASNPVTSQETQYF	TLACFVLAAV
CATSRGLDYNEQFF	TLACFVLAAV
CASSSGTPNEQFF	TLACFVLAAV
CASSWATGGVNIQYF	TLACFVLAAV
CASSSIPPYEQYF	TLACFVLAAV
CATNLLPENTGELFF	TLACFVLAAV
CASNSENTDTQYF	TLACFVLAAV
CAIRGLAGANEQFF	TLACFVLAAV
CASIGISFWEQYF	TLACFVLAAV
CASSFGTDTQYF	TLACFVLAAV
CASSPGQGALNEQFF	TLACFVLAAV
CATSDLTGQGLNEQFF	TLACFVLAAV
CASSLVGAQETQYF	TLACFVLAAV
CASQGPTGNEQFF	TLACFVLAAV
CASSEAEYYEQYF	TLACFVLAAV
CASSILGEYNEQFF	TLACFVLAAV
CSVVTLLWTSGGSSSYNEQFF	TLACFVLAAV
CASSPPGQEQFF	TLACFVLAAV
CATSVTSGGLVYTF	TLACFVLAAV
CASSIYNEQFF	TLACFVLAAV
CASSSPGQISPGDTF	TLACFVLAAV
CASSYSTTGNQPQHF	TLACFVLAAV
CATYTGGYTF	TLACFVLAAV
CASSQPGLPSYEQYF	TLACFVLAAV
CASSGTSGRSTDTQYF	TLACFVLAAV
CASSHPGEAQHF	TLACFVLAAV
CASSPGLAGGTDTQYF	TLACFVLAAV
CASTLAGAEQFF	TLACFVLAAV
CASSLGIIRSLEDIQYF	TLACFVLAAV
CASSLIAGDGNEQFF	TLACFVLAAV
CAIRDRAITDTQYF	TLACFVLAAV
CASSLGVTGGLETQYF	TLACFVLAAV
CASSFSDGGSNQPQHF	TLACFVLAAV
CASSPPGEGGVDTQYF	TLACFVLAAV
CASSFGGPSYEQYF	TLACFVLAAV
CASRNRDRDLFEQYF	TLACFVLAAV
CSATGHPSAYNEQFF	TLACFVLAAV
CASRPGTMNTGELFF	TLACFVLAAV
CASSLTGVEAFF	TLACFVLAAV
CASSYSLGAGELFF	TLACFVLAAV
CASSPRLAGGPGSYEQYF	TLACFVLAAV
CSVGGLAGVVADTQYF	TLACFVLAAV
CSVEDIITYNEQFF	TLACFVLAAV
CSGSGFTSSYNEQFF	TLACFVLAAV
CASSVGTVYEQYF	TLACFVLAAV
CASSPHRDGNTEAFF	TLACFVLAAV
CASIPPDTVYGYTF	TLACFVLAAV
CASSLVPGDAYGYTF	TLACFVLAAV
CASSILGETQYF	TLACFVLAAV
CASSLDGAAGVVNSPLHF	TLACFVLAAV
CASSPEGGGAYEQYF	TLACFVLAAV
CASSLGGTNEQYF	TLACFVLAAV
CASSLLGGTGNTIYF	TLACFVLAAV
CASSFVSEKLFF	TLACFVLAAV
CASSYGPYNSPLHF	TLACFVLAAV
CASSYSIRTASTDTQYF	TLACFVLAAV
CASKNEGTVYYEQYF	TLACFVLAAV
CASSLSPGRPYNEQFF	TLACFVLAAV
CASSPDRGRTDTQYF	TLACFVLAAV
CASSLSRDRGGYEQYF	TLACFVLAAV
CASSLIGGAAGELFF	TLACFVLAAV
CASSQESHGYTF	TLACFVLAAV
CASSVANEQFF	TLACFVLAAV
CASSLQGQPQHF	TLACFVLAAV
CASTSYGQPQHF	TLACFVLAAV
CASNPTGPSYEQYF	TLACFVLAAV
CASSLWGRTDEQFF	TLACFVLAAV
CASSPQGETQYF	TLACFVLAAV
CATSQGQGYEQFF	TLACFVLAAV
CASTSTNEQFF	TLACFVLAAV
CASSPIRTEEQYF	TLACFVLAAV
CASSIHGQGTGELFF	TLACFVLAAV
CSGTGGDEQYF	TLACFVLAAV
CASSPLREASYNEQFF	TLACFVLAAV
CASSETGAPDTQYF	TLACFVLAAV
CASSRTGPYEQYF	TLACFVLAAV
CSVAAIADSYNEQFF	TLACFVLAAV
CASSLESASSYNEQFF	TLACFVLAAV
CASTTVAGAFNEQFF	TLACFVLAAV
CASSPAPQGGETQYF	TLACFVLAAV
CAISERWTGLSYEQYF	TLACFVLAAV
CSVVGVGGSEYNEQFF	TLACFVLAAV
CASSLEQGLYEQYF	TLACFVLAAV
CASSSVNRGLPDTQYF	TLACFVLAAV
CASSPDNEQFF	TLACFVLAAV
CASSPLTGTEGQYF	TLACFVLAAV
CSVEQAGAYGYTF	TLACFVLAAV
CASSLLLAGGVHEQYF	TLACFVLAAV
CASSLDLEGRTEAFF	TLACFVLAAV
CASSNAGGASYNEQFF	TLACFVLAAV
CSATSPIDYEQYF	TLACFVLAAV
CASSLSGTALASEKLFF	TLACFVLAAV
CASSSPRQVIPLEQYF	TLACFVLAAV
CASELRGGTEAFF	TLACFVLAAV
CASSSTRPGSASTDTQYF	TLACFVLAAV
CASSPSLGATVQYF	TLACFVLAAV
CASSVDVGELFF	TLACFVLAAV
CASSVLQASGANVLTF	TLACFVLAAV
CASSLIVPWGTGELFF	TLACFVLAAV
CASSFPGIGGDYNEQFF	TLACFVLAAV
CASSFRGTEAFF	TLACFVLAAV
CASSLAPRGSGNTIYF	TLACFVLAAV
CASSELSPMETQYF	TLACFVLAAV
CASSLDQPQHF	TLACFVLAAV
CASSAGGSYEQYF	TLACFVLAAV
CASSLGQEHIEAFF	TLACFVLAAV
CATSSRQMNTEAFF	TLACFVLAAV
CASSEGLAEQETQYF	TLACFVLAAV
CASSYSLDGLGEQYF	TLACFVLAAV
CSATAGISGDEQFF	TLACFVLAAV
CASSERVSYNEQFF	TLACFVLAAV
CASSQQGSEKLFF	TLACFVLAAV
CASSLKDTQYF	TLACFVLAAV
CASSGTNEQFF	TLACFVLAAV
CASSQEAGSSYEQYF	TLACFVLAAV
CASSPDNEQFF	TLACFVLAAV
CASSLWGRDYGYTF	TLACFVLAAV
CASSFPQNEKLFF	TLACFVLAAV
CASSTQRLSPGEQYF	TLACFVLAAV
CASSLIGFGPQHF	TLACFVLAAV
CASSLIGETQYF	TLACFVLAAV
CASSQSGRVLEQDTQYF	TLACFVLAAV
CASSPRDTQYF	TLACFVLAAV
CASNLNNEQFF	TLACFVLAAV
CASSRTESNEQFF	TLACFVLAAV
CASSFHYTDTQYF	TLACFVLAAV
CSVDSGLAGVLDEQFF	TLACFVLAAV
CASSFTGEYGYTF	TLACFVLAAV
CASSLLGLEQFF	TLACFVLAAV
CASSFPQDYEQYF	TLACFVLAAV
CASSSGGGVVDGYTF	TLACFVLAAV
CASSFERLAHEQFF	TLACFVLAAV
CASSLFGGELFF	TLACFVLAAV
CASSLVSGANVLTF	TLACFVLAAV
CASNSLSGELFF	TLACFVLAAV
CASSPIGGGPSYEQYF	TLACFVLAAV
CASSEWTTPTYEQYF	TLACFVLAAV
CASSHDRDEKLFF	TLACFVLAAV
CASSQEGGFGNTIYF	TLACFVLAAV
CASSQDRGQPNYGYTF	TLACFVLAAV
CASSLGPGTGDQPQHF	TLACFVLAAV
CASSLTGNTEAFF	TLACFVLAAV
CASSELTRAPVFYEQYF	TLACFVLAAV
CASSFGLVTGQGFDEQYF	TLACFVLAAV
CASSDLYEQYF	TLACFVLAAV
CASSLTRYEQYF	TLACFVLAAV
CASLDNYKNIQYF	TLACFVLAAV
CSARLGTTPRQYF	TLACFVLAAV
CASSQDRRQLNQPQHF	TLACFVLAAV
CASGTDAWWPQHF	TLACFVLAAV
CASSLFGQPQHF	TLACFVLAAV
CASNEGGRANEQYF	TLACFVLAAV
CASSQPTGVGETQYF	TLACFVLAAV
CASSIGRGTYEQYF	TLACFVLAAV
CSARDLLAGNSYNEQFF	TLACFVLAAV
CAISELTQYF	TLACFVLAAV
CASSYSLGQMSSYNSPLHF	TLACFVLAAV
CASSLFNTNEQFF	TLACFVLAAV
CATSDFGTSDINEQFF	TLACFVLAAV
CATSDFGGTDTQYF	TLACFVLAAV
CASSLAEQGASGGYTF	TLACFVLAAV
CASSPDPGQGLGYTF	TLACFVLAAV
CASSLLTPSGTDTQYF	TLACFVLAAV
CASSQYDTEAFF	TLACFVLAAV
CASSYPYGTDGETQYF	TLACFVLAAV
CASSDPGSWGQGPDTQYF	TLACFVLAAV
CASSQEIVRGQPTYEQYF	TLACFVLAAV
CASSSDPDRAYNSPLHF	TLACFVLAAV
CASSLDLVTRLDEQFF	TLACFVLAAV
CSVVGLAGVYNEQFF	TLACFVLAAV
CASSKVGYEQYF	TLACFVLAAV
CASSLSNEQFF	TLACFVLAAV
CASIGRGGGETQYF	TLACFVLAAV
CASSPRGADEQYF	TLACFVLAAV
CASSYHLERRGQGWTNYGYTF	TLACFVLAAV
CASSLNGRDTQYF	TLACFVLAAV
CASSSIKRGLTDTQYF	TLACFVLAAV
CASSQLPGQGAYEQYF	TLACFVLAAV
CASSLAGSNSPLHF	TLACFVLAAV
CASSLGPRLLF	TLACFVLAAV
CASSLSNEQYF	TLACFVLAAV
CASSLRQGADEQFF	TLACFVLAAV
CASSSPTRGDEQFF	TLACFVLAAV
CASSQEVLFNEQFF	TLACFVLAAV
CASSSAGSANTGELFF	TLACFVLAAV
CASRKPTEDYLAKNIQYF	TLACFVLAAV
CASSLLGEGGYTF	TLACFVLAAV
CASSIGPGQGLSSYNSPLHF	TLACFVLAAV
CSVATHEQFF	TLACFVLAAV
CASSQASNPDTQYF	TLACFVLAAV
CASGTAGEPQHF	TLACFVLAAV
CASSPSNEQFF	TLACFVLAAV
CASSSPERGPEAFF	TLACFVLAAV
CASSEDWMYQETQYF	TLACFVLAAV
CAWTSTQGRETQYF	TLACFVLAAV
CASTPDRGSYNEQFF	TLACFVLAAV
CASSLAGGPHEQYF	TLACFVLAAV
CASICDPGHHYGYTF	TLACFVLAAV
CASSFRVDEQYF	TLACFVLAAV
CASSRADSYEQYF	TLACFVLAAV
CASSYRGAIQGSPLHF	TLACFVLAAV
CASSYSLTGVEETQYF	TLACFVLAAV
CASTGGGGNEQFF	TLACFVLAAV
CASSTGPGELFF	TLACFVLAAV
CATSDHGQSPMGYTF	TLACFVLAAV
CASSQGTGESYEQYF	TLACFVLAAV
CASSLAQLAGNYNEQFF	TLACFVLAAV
CASSVQHREPYEQYF	TLACFVLAAV
CASSLATGPTDTQYF	TLACFVLAAV
CSAAWGYDDEQYF	TLACFVLAAV
CASSGGLEAGELFF	TLACFVLAAV
CASSLLSGLGNTEAFF	TLACFVLAAV
CASSPQGWNEQFF	TLACFVLAAV
CASSLGTEAFF	TLACFVLAAV
CASSWGRGNEQFF	TLACFVLAAV
CASSQDLAGGGNEQFF	TLACFVLAAV
CASIPTSGFYNEQFF	TLACFVLAAV
CASSIGSPGANVLTF	TLACFVLAAV
CSARDFRGGDYNEQFF	TLACFVLAAV
CASSVLEIEQFF	TLACFVLAAV
CASSLLAGVYYEQYF	TLACFVLAAV
CASSYTQSSYEQYF	TLACFVLAAV
CASSPSSEGEQFF	TLACFVLAAV
CSVEGTGGYYGYTF	TLACFVLAAV
CASSPHNEQFF	TLACFVLAAV
CATSREGTGWYEQYF	TLACFVLAAV
CASSQVAGDTYNEQFF	TLACFVLAAV
CASSLGTGYNEQFF	TLACFVLAAV
CASSLSVETQYF	TLACFVLAAV
CASTRQGGEKLFF	TLACFVLAAV
CASSAGRIYATNEKLFF	TLACFVLAAV
CAWSVTGYNEQFF	TLACFVLAAV
CASSETDSYEQYF	TLACFVLAAV
CASSLRPGEVNQPQHF	TLACFVLAAV
CASSIGTTAAYEQYF	TLACFVLAAV
CASSYDPGRYGYTF	TLACFVLAAV
CASSSTRLGETQYF	TLACFVLAAV
CASSLNQPQHF	TLACFVLAAV
CASSTSGRDANSPLHF	TLACFVLAAV
CASMLANEQFF	TLACFVLAAV
CASSLDVLGSTEAFF	TLACFVLAAV
CASSFAPGELFF	TLACFVLAAV
CAISTGTPETQYF	TLACFVLAAV
CASSPRGGQYNEQFF	TLACFVLAAV
CASSNVSNQPQHF	TLACFVLAAV
CASSEGHLYEQYF	TLACFVLAAV
CASSNSGSQADTQYF	TLACFVLAAV
CASSGEGEVAQHF	TLACFVLAAV
CASSQAGMETQYF	TLACFVLAAV
CASSFSTGRYEQYF	TLACFVLAAV
CASSPNQPQHF	TLACFVLAAV
CASSQDPGQGSVGELFF	TLACFVLAAV
CAISESSYEQYF	TLACFVLAAV
CASSERAGFNTEAFF	TLACFVLAAV
CASSLITGINTEAFF	TLACFVLAAV
CASRTQGEAFF	TLACFVLAAV
CATRADSYEQYF	TLACFVLAAV
CASSQVLSGGYTF	TLACFVLAAV
CASSSSGGSTDTQYF	TLACFVLAAV
CASSHDRTLAEETQYF	TLACFVLAAV
CASSLGYMGMNTEAFF	TLACFVLAAV
CAISESAGQETQYF	TLACFVLAAV
CASSSYLTDTQYF	TLACFVLAAV
CASSFWGARSYNEQFF	TLACFVLAAV
CASSPGLESRTDTQYF	TLACFVLAAV
CASSLWGAGTADYEQYF	TLACFVLAAV
CASSSPRVADHEQYF	TLACFVLAAV
CASRDSSYNEQFF	TLACFVLAAV
CASSPPVFTGELFF	TLACFVLAAV
CSASMDNEQFF	TLACFVLAAV
CASSGLAGGSTDTQYF	TLACFVLAAV
CASSLLDQFTEAFF	TLACFVLAAV
CASSYMAGGFHTF	TLACFVLAAV
CASSPNNEQFF	TLACFVLAAV
CASSDLAGPQETQYF	TLACFVLAAV
CASSSGQGLDTQYF	TLACFVLAAV
CASSFYPDTQYF	TLACFVLAAV
CASSLPPGGSYNEQFF	TLACFVLAAV
CASSLSGLAGAYNEQFF	TLACFVLAAV
CASSQWGENEQFF	TLACFVLAAV
CASSLGDTQYF	TLACFVLAAV
CASSLVTVRGMDTEAFF	TLACFVLAAV
CASSRRQDGEHTGELFF	TLACFVLAAV
CATSRGVNPFTDTQYF	TLACFVLAAV
CASSLALPTEGLAGEEETQYF	TLACFVLAAV
CASSFAAEAFF	TLACFVLAAV
CASSPGLAGAYEQYF	TLACFVLAAV
CASTRTGGVEKLFF	TLACFVLAAV
CASSYRTRGSNQPQHF	TLACFVLAAV
CASSRRGGINEQFF	TLACFVLAAV
CASSLGDWRQHF	TLACFVLAAV
CASSFRTDSYNEQFF	TLACFVLAAV
CASSFTGPNTGELFF	TLACFVLAAV
CASSSITSGATDTQYF	TLACFVLAAV
CATSDLSGGERTDTQYF	TLACFVLAAV
CASSQVANSPLHF	TLACFVLAAV
CASSYSEFYEQYF	TLACFVLAAV
CASSPTPPILRRDRGGYTF	TLACFVLAAV
CASSYGGPGYEQYF	TLACFVLAAV
CASSLWGAAYNSPLHF	TLACFVLAAV
CASSPEGLVNEQFF	TLACFVLAAV
CASSEETRGSYEQYF	TLACFVLAAV
CASSPPGAGELFF	TLACFVLAAV
CSGGGGTEAFF	TLACFVLAAV
CATSPGLDSYNEQFF	TLACFVLAAV
CASRGLGPSSTDTQYF	TLACFVLAAV
CASSLEAGSSYNEQFF	TLACFVLAAV
CASGPTNYEQYF	TLACFVLAAV
CASRFTFPLAGSLTDTQYF	TLACFVLAAV
CASSLGQTNTGELFF	TLACFVLAAV
CADALVGSSTDGELFF	TLACFVLAAV
CASSFETEAFF	TLACFVLAAV
CASSFTDTQYF	TLACFVLAAV
CASSYYGETQYF	TLACFVLAAV
CASSLRGGLNTEAFF	TLACFVLAAV
CASRSGANVLTF	TLACFVLAAV
CAISESRDEQYF	TLACFVLAAV
CASTGGSGTGELFF	TLACFVLAAV
CASSLQGFGPEAFF	TLACFVLAAV
CASSLGTGYNEQFF	TLACFVLAAV
CASIKRDGNTGELFF	TLACFVLAAV
CASSSTGEETQYF	TLACFVLAAV
CASSSGHYEQYF	TLACFVLAAV
CSARAPPTAETTSYEQYF	TLACFVLAAV
CASSQGPENTEAFF	TLACFVLAAV
CASSLGGELFF	TLACFVLAAV
CASSYLTSRQETQYF	TLACFVLAAV
CASSPGLAGGWDAGELFF	TLACFVLAAV
CASSYGSGAEAFF	TLACFVLAAV
CASLSPGQGIDEQFF	TLACFVLAAV
CASSFGEGGTQYF	TLACFVLAAV
CASINAGQGQWSEQFF	TLACFVLAAV
CASSFSSWAFF	TLACFVLAAV
CSVVGDSPSSYNEQFF	TLACFVLAAV
CASSPPRGQPPIEQYF	TLACFVLAAV
CASSPGTAEGSQPQHF	TLACFVLAAV
CASSLGGYTEAFF	TLACFVLAAV
CASSLGKDSPLSYEQYF	TLACFVLAAV
CASSLESGDLPDTQYF	TLACFVLAAV
CASSYGTGQTEAFF	TLACFVLAAV
CASSPWMNTEAFF	TLACFVLAAV
CASSQEEANTEAFF	TLACFVLAAV
CASSQTGTNQPQHF	TLACFVLAAV
CASSEFSVSSYEQYF	TLACFVLAAV
CATSDWGTSGPTDTQYF	TLACFVLAAV
CASSRGFEQYF	TLACFVLAAV
CASSMTGGKQYF	TLACFVLAAV
CASRTGTSGRNEQFF	TLACFVLAAV
CASSSSPPTTGGDAGGYTF	TLACFVLAAV
CASSPNSGGYYNEQFF	TLACFVLAAV
CASSRQGLDQKLFF	TLACFVLAAV
CASSPTGNTEAFF	TLACFVLAAV
CAWSFTPPGYGSTDTQYF	TLACFVLAAV
CASSPDSRETQYF	TLACFVLAAV
CASSPTGSEQYF	TLACFVLAAV
CASSSSTGVGEQYF	TLACFVLAAV
CSATPGGLEQFF	TLACFVLAAV
CASSFNPEAFF	TLACFVLAAV
CAISTGFGDTEAFF	TLACFVLAAV
CASTNQPQSPNGYTF	TLACFVLAAV
CASSSTDGLLHF	TLACFVLAAV
CAISLDGSGNTIYF	TLACFVLAAV
CASSLGGSVAFF	TLACFVLAAV
CASRGGLAGSNEQFF	TLACFVLAAV
CATSDLAGGTSTDTQYF	TLACFVLAAV
CASSLTGNTEAFF	TLACFVLAAV
CASSGVGGNQPQHF	TLACFVLAAV
CASSQEGRGDTEAFF	TLACFVLAAV
CSVQGAFMNTEAFF	TLACFVLAAV
CASSADREYHGYTF	TLACFVLAAV
CASSESYEQYF	TLACFVLAAV
CASRSNPSPVGFF	TLACFVLAAV
CAICGDSGELFF	TLACFVLAAV
CASSFWQGGYGYTF	TLACFVLAAV
CATSDLRGGTSTDTQYF	TLACFVLAAV
CASSTSSGANVLTF	TLACFVLAAV
CASSVAGATGELFF	TLACFVLAAV
CASSPGNEKLFF	TLACFVLAAV
CASSEWGSYEQYF	TLACFVLAAV
CASSQESGGGTPQFF	TLACFVLAAV
CASTQGFGYNEQFF	TLACFVLAAV
CASSYSPPYEQYF	TLACFVLAAV
CASSGVTSGLLGNEQFF	TLACFVLAAV
CGTGSRAEQFF	TLACFVLAAV
CATSRDQGLAYNEQFF	TLACFVLAAV
CASSSLGGTLYNEQFF	TLACFVLAAV
CASSYAGVNEKLFF	TLACFVLAAV
CASSLAHGLRDGYTF	TLACFVLAAV
CSARDLLAGVDEQFF	TLACFVLAAV
CASSPVGQGFYSPLHF	TLACFVLAAV
CASSEAAGYEQYF	TLACFVLAAV
CAINEERPYEQYF	TLACFVLAAV
CASTLAGSPLHF	TLACFVLAAV
CASSLWGHLMNTEAFF	TLACFVLAAV
CASSPGTGETEAFF	TLACFVLAAV
CASGARSYTDTQYF	TLACFVLAAV
CASSFRGNTEAFF	TLACFVLAAV
CASSERAISYNEQFF	TLACFVLAAV
CASSLGGGLDEQYV	TLACFVLAAV
CASSPANNEQFF	TLACFVLAAV
CASNQGKGNQPQHF	TLACFVLAAV
CASSLGTSGIEETQYF	TLACFVLAAV
CSARDNSNYGYTF	TLACFVLAAV
CASSLWGDGELFF	TLACFVLAAV
CASSQDALARLNTEAFF	TLACFVLAAV
CASSSNLAGGTDTQYF	TLACFVLAAV
CASILGRDLGIYGYTF	TLACFVLAAV
CASSLVALNEQFF	TLACFVLAAV
CASSIRQGHEQYF	TLACFVLAAV
CASTPLGDGYEQYF	TLACFVLAAV
CASSFLGPETEAFF	TLACFVLAAV
CASSYGLYTEAFF	TLACFVLAAV
CASSTTGGGTEAFF	TLACFVLAAV
CSVVEVMNYGYTF	TLACFVLAAV
CASSLLAPERPNYGYTF	TLACFVLAAV
CASSLEAAGELFF	TLACFVLAAV
CASSSVVSTIYGYTF	TLACFVLAAV
CASSDKPAGTQHF	TLACFVLAAV
CASSENNEQFF	TLACFVLAAV
CASSYSYSDIQYF	TLACFVLAAV
CASSPGQIYTF	TLACFVLAAV
CASSPPSRDTQYF	TLACFVLAAV
CASSGDNEQFF	TLACFVLAAV
CASSAGLAGGYNEQFF	TLACFVLAAV
CGWTSNNEQFF	TLACFVLAAV
CASSLGGDEQYF	TLACFVLAAV
CASSLLSPLLETQYF	TLACFVLAAV
CSVVGGLLSYNEQFF	TLACFVLAAV
CASQTKADSYEQYF	TLACFVLAAV
CASSLRGAFHEQYF	TLACFVLAAV
CASSEGYGYTF	TLACFVLAAV
CASSPGVARGGETQYF	TLACFVLAAV
CASSYLTTGFTYEQYF	TLACFVLAAV
CASSPGSVGNEQFF	TLACFVLAAV
CASSRHGSGNTIYF	TLACFVLAAV
CASSSDRSYEQYF	TLACFVLAAV
CASSQLFPDTQYF	TLACFVLAAV
CASSPIPGELFF	TLACFVLAAV
CSVVYSGTYNEQFF	TLACFVLAAV
CASSFLGQPQHF	TLACFVLAAV
CASSFEPLSGPGYEQYF	TLACFVLAAV
CASGQFGEQFF	TLACFVLAAV
CASSPPGDEQYF	TLACFVLAAV
CASMPQNTGELFF	TLACFVLAAV
CASTPRDTYNEQFF	TLACFVLAAV
CASSPGLVNTEAFF	TLACFVLAAV
CASSLGTGEYTDTQYF	TLACFVLAAV
CASSFRGLSDEKLFF	TLACFVLAAV
CASSFPGASTEAFF	TLACFVLAAV
CASSLANEQFF	TLACFVLAAV
CASQGTASYEQYF	TLACFVLAAV
CASSEFGETYEQYF	TLACFVLAAV
CASSASSLGGGVSYEQYF	TLACFVLAAV
CASSLGLAVSSYNEQFF	TLACFVLAAV
CSAQGGTGYNYGYTF	TLACFVLAAV
CAISENLQAFF	TLACFVLAAV
CASSFGLEQFF	TLACFVLAAV
CASSPVGTANTEAFF	TLACFVLAAV
CASSLPGQTYEQYF	TLACFVLAAV
CAWSGQGIGYGYTF	TLACFVLAAV
CASSYSGQGYEQYF	TLACFVLAAV
CASSYTYNEQFF	TLACFVLAAV
CASRARLAGPGDTQYF	TLACFVLAAV
CASSRQGLSYEQYF	TLACFVLAAV
CASSRPGSYNSPLHF	TLACFVLAAV
CASSQDSPLAGGRNEQFF	TLACFVLAAV
CSGVGTVDYEQYF	TLACFVLAAV
CASSRLLAGGPNEQFF	TLACFVLAAV
CASSFNNEQFF	TLACFVLAAV
CASTMEGNTEAFF	TLACFVLAAV
CASSQASGEGLTYGYTF	TLACFVLAAV
CAISETFTSGGDTDTQYF	TLACFVLAAV
CASVRTGNTEAFF	TLACFVLAAV
CASSLSTGGLVYGYTF	TLACFVLAAV
CSSDTRDTGELFF	TLACFVLAAV
CAIPGQGNNEQFF	TLACFVLAAV
CASSYLTRLNEQYF	TLACFVLAAV
CASSYSTQGQTQYF	TLACFVLAAV
CATSDIRDRLPGELFF	TLACFVLAAV
CASRPTSGRPFFSF	TLACFVLAAV
CASSIMGFTPNYNEQFF	TLACFVLAAV
CASSAQLLSGGANTGELFF	TLACFVLAAV
CASSQVGNEQFF	TLACFVLAAV
CASSIGTIPTDTQYF	TLACFVLAAV
CASSAHPRSGSGNEQFF	TLACFVLAAV
CASSEISSYNEQFF	TLACFVLAAV
CASSGDTSYEQYF	TLACFVLAAV
CATSDRPEELFF	TLACFVLAAV
CASSFGTSGIYNEQFF	TLACFVLAAV
CASIGGLNTEAFF	TLACFVLAAV
CASSPTAEQFF	TLACFVLAAV
CASSPGRVSGITGELFF	TLACFVLAAV
CASSIGGQRSYEQYF	TLACFVLAAV
CASSQADGAAIGDF	TLACFVLAAV
CASSQYRGEETQYF	TLACFVLAAV
CASSLTRTGELFF	TLACFVLAAV
CASSSIGQGLETQYF	TLACFVLAAV
CASSNTRDYTF	TLACFVLAAV
CSARARDRGHRTDTQYF	TLACFVLAAV
CASSLTGNTEAFF	TLACFVLAAV
CASSSAGRWMEQYF	TLACFVLAAV
CSAKTGMDYGYTF	TLACFVLAAV
CASSLDGTSNYGYTF	TLACFVLAAV
CASSLGGQINEKLFF	TLACFVLAAV
CASRGPTNEKLFF	TLACFVLAAV
CSVEEQKAGNTIYF	TLACFVLAAV
CASSEGRTGVKEKLFF	TLACFVLAAV
CASSPWDRGYEQYF	TLACFVLAAV
CASSRLAGGTDTQYF	TLACFVLAAV
CASSPAGLYGYTF	TLACFVLAAV
CATTLNNEQFF	TLACFVLAAV
CASEETGTYEQYF	TLACFVLAAV
CSVPTGQDYNEQFF	TLACFVLAAV
CASSQEGLSSYNEQFF	TLACFVLAAV
CSVSDSGASEVETQYF	TLACFVLAAV
CASSVAEGPGELFF	TLACFVLAAV
CASSFLGASGIGAETQYF	TLACFVLAAV
CASSQGLAGGLGTQYF	TLACFVLAAV
CASSEAILASTDTQYF	TLACFVLAAV
CSVETAYGYTF	TLACFVLAAV
CASSSGGEQFF	TLACFVLAAV
CASSQEWGVGEQFF	TLACFVLAAV
CASSLGHEQFF	TLACFVLAAV
CASSLSGGTEAFF	TLACFVLAAV
CSARDLVAYLGFETQYF	TLACFVLAAV
CARAPDSNPYEQYF	TLACFVLAAV
CASSTTSGSIETQYF	TLACFVLAAV
CSVYLALAKNIQYF	TLACFVLAAV
CASSFWQGTDTQYF	TLACFVLAAV
CSVESPPLQGKYEAFF	TLACFVLAAV
CSVRGPNTEAFF	TLACFVLAAV
CASSFISSYEQYF	TLACFVLAAV
CASSPPGGETGELFF	TLACFVLAAV
CSAMDGNTGELFF	TLACFVLAAV
CASSLGTGGQFSTDTQYF	TLACFVLAAV
CASSQEGYPYNEQFF	TLACFVLAAV
CASIPGQGPWETQYF	TLACFVLAAV
CASSFLGQAANYGYTF	TLACFVLAAV
CSVVGAEFSIIHASYNEQFF	TLACFVLAAV
CASSLISPQGSYEQYF	TLACFVLAAV
CASSYSLAATNSPLHF	TLACFVLAAV
CASSQEQGIGELFF	TLACFVLAAV
CASSDGLGLTSGANVLTF	TLACFVLAAV
CASSKVVYREVGLAGGEQYF	TLACFVLAAV
CASSDPSNPLETQYF	TLACFVLAAV
CASSPRWVAGSNEQFF	TLACFVLAAV
CASSLLVPSGTDTQYF	TLACFVLAAV
CASSGGDRESTDTQYF	TLACFVLAAV
CARSPKEQYF	TLACFVLAAV
CASSFVGGLYEQYF	TLACFVLAAV
CASSLGYSPLHF	TLACFVLAAV
CASSAPGRGTTEAFF	TLACFVLAAV
CASSPQGYEQFF	TLACFVLAAV
CASSSDTDTQYF	TLACFVLAAV
CATSDFDRGLSETQYF	TLACFVLAAV
CASSLRETSYEQYF	TLACFVLAAV
CASSLALLAGVNEQYF	TLACFVLAAV
CASSSPTSGRPDEQYF	TLACFVLAAV
CASSYQGARQPQHF	TLACFVLAAV
CSVGTGGTEAFF	TLACFVLAAV
CASSMYSGLYQETQYF	TLACFVLAAV
CASSKPGLAGPLGEQYF	TLACFVLAAV
CASRISGGPSYEQYF	TLACFVLAAV
CASSQGFLGMAADTQYF	TLACFVLAAV
CAITPGSTGELFF	TLACFVLAAV
CASITNTGELFF	TLACFVLAAV
CASSPDRGSNEQYF	TLACFVLAAV
CASSEQGGVYEQYF	TLACFVLAAV
CAITSRADEQFF	TLACFVLAAV
CASVSLGAWALHF	TLACFVLAAV
CSGADLAGGPDEQYF	TLACFVLAAV
CASRTTGTNEQFF	TLACFVLAAV
CASSLVASGIGSYEQYF	TLACFVLAAV
CASSVARGYNEQFF	TLACFVLAAV
CATSRGPTGTGDLRADTQYF	TLACFVLAAV
CASSEFGLGRYGYTF	TLACFVLAAV
CASTLPGDEQYF	TLACFVLAAV
CATSDLKGDEGVGQETQYF	TLACFVLAAV
CASSLLGNTEAFF	TLACFVLAAV
CASSLGGEQFF	TLACFVLAAV
CASSPNQPQHF	TLACFVLAAV
CASSAGLAGGPRSYEQYF	TLACFVLAAV
CASSQEGRLGTNTEAFF	TLACFVLAAV
CASSLSNVLGATDTQYF	TLACFVLAAV
CASSQGVNYGYTF	TLACFVLAAV
CASLALDGELFF	TLACFVLAAV
CSAREGGLALWQFF	TLACFVLAAV
CATSDLGDTGVTDTQYF	TLACFVLAAV
CASSPGEGGTDTQYF	TLACFVLAAV
CASSFSLTWQTQYF	TLACFVLAAV
CATSDPSSYEQFF	TLACFVLAAV
CASSLFSGAVEQETQYF	TLACFVLAAV
CATSDLQTSTDTQYF	TLACFVLAAV
CASSLLAPDKTPGISSYEQYF	TLACFVLAAV
CASSLAVGTGSYEQYF	TLACFVLAAV
CASSQVLGTGITEAFF	TLACFVLAAV
CASSLMGYTEAFF	TLACFVLAAV
CASSYVGTVSYEQYF	TLACFVLAAV
CASSQVEGTEAFF	TLACFVLAAV
CASSSGDFSNTGELFF	TLACFVLAAV
CASSLARDSNQPQHF	TLACFVLAAV
CASSSVPGLAGAYNEQFF	TLACFVLAAV
CASSTTGGAYYGYTF	TLACFVLAAV
CASSESRTSGGYDSTDTQYF	TLACFVLAAV
CASSDSSTEAFF	TLACFVLAAV
CASSFIVPGGVETQYF	TLACFVLAAV
CASRIDSAAYEQYF	TLACFVLAAV
CASSFRGSSDTF	TLACFVLAAV
CASSPTEDLILTDEQFF	TLACFVLAAV
CASRGEGLLHGYTF	TLACFVLAAV
CASTPGLTPGYEQYF	TLACFVLAAV
CASSLHNEQFF	TLACFVLAAV
CASSSPGANVLTF	TLACFVLAAV
CASSLRGAGNTIYF	TLACFVLAAV
CASSLSGELFF	TLACFVLAAV
CASSEASPYTEAFF	TLACFVLAAV
CSAPGTANYNEQFF	TLACFVLAAV
CASSFGQPLTTNEKLFF	TLACFVLAAV
CASSPRGTGNTIYF	TLACFVLAAV
CASSQDSVGLNYGYTF	TLACFVLAAV
CASKAGASLATEAFF	TLACFVLAAV
CASSFAGPDSPLHF	TLACFVLAAV
CSVEYSRGVPNEQFF	TLACFVLAAV
CASSYPGTQETQYF	TLACFVLAAV
CARQTSGLTDTQYF	TLACFVLAAV
CSVAGNEQFF	TLACFVLAAV
CASSWGLAGEDEQFF	TLACFVLAAV
CASRVLAGDGTGELFF	TLACFVLAAV
CASSPGTADYEQYF	TLACFVLAAV
CASSLPLGGF	TLACFVLAAV
CASSVHGQPGGAFF	TLACFVLAAV
CATPPGQGNQPQHF	TLACFVLAAV
CATSDFKGATDTQYF	TLACFVLAAV
CASSLTGPYNEQFF	TLACFVLAAV
CASSLRLAGANETQYF	TLACFVLAAV
CASSLLEPGGVKNIQYF	TLACFVLAAV
CASSSQQGAKNIQYF	TLACFVLAAV
CASSLTASANTEAFF	TLACFVLAAV
CASSPGGLDTEAFF	TLACFVLAAV
CASSESTGTGGYEQYF	TLACFVLAAV
CASSFRGPIEAFF	TLACFVLAAV
CASSEIPGSSSYEQYF	TLACFVLAAV
CATSDRTAYTQYF	TLACFVLAAV
CASNQGLAGSWTGELFF	TLACFVLAAV
CASSLEIEANYGYTF	TLACFVLAAV
CASSPASGEQYF	TLACFVLAAV
CASSLLRALGSYEQYF	TLACFVLAAV
CASSSLDSYNSPLHF	TLACFVLAAV
CASKRGTGSSYNSPLHF	TLACFVLAAV
CASSYALGSGSSHEQFF	TLACFVLAAV
CASSDLTSGVEQFF	TLACFVLAAV
CASSIGRGSGYGYTF	TLACFVLAAV
CASSEGQGYEQYF	TLACFVLAAV
CSVVETSGRYEQYF	TLACFVLAAV
CASSPGTGDGELFF	TLACFVLAAV
CATSDFLLTDTQYF	TLACFVLAAV
CAFDREAFF	TLACFVLAAV
CASSLPGAEAFF	TLACFVLAAV
CAAHSQPQHF	TLACFVLAAV
CASSSLIYSGDPPETQYF	TLACFVLAAV
CASSRFSLATDTQYF	TLACFVLAAV
CASSPSGAGEQFF	TLACFVLAAV
CASSSLAGIPYEQYF	TLACFVLAAV
CSVDSLQGQGANTQYF	TLACFVLAAV
CAISESVEVSNTEAFF	TLACFVLAAV
CASSSPDSGNTIYF	TLACFVLAAV
CASSALGWTGELFF	TLACFVLAAV
CASSMAATYEQYF	TLACFVLAAV
CASSYEAPTEAFF	TLACFVLAAV
CASSLSTVSTYEQYF	TLACFVLAAV
CSAAGTGGDNEQFF	TLACFVLAAV
CASSLIAYEQYF	TLACFVLAAV
CASSPTGNTEAFF	TLACFVLAAV
CASSPDNEQFF	TLACFVLAAV
CAATKELAGEHEQYF	TLACFVLAAV
CSAVPGGWTQYF	TLACFVLAAV
CASSYSPKASGSNTGELFF	TLACFVLAAV
CASSNLPGQLEREQYF	TLACFVLAAV
CASSYPFGSSYNEQFF	TLACFVLAAV
CASSPVHPGNTEAFF	TLACFVLAAV
CASSLYNLGQPQHF	TLACFVLAAV
CSARDLAGATSYEQYF	TLACFVLAAV
CASSPYPIYEQYF	TLACFVLAAV
CASNPSRGRINEQFF	TLACFVLAAV
CASSLGTGTGFYEQYF	TLACFVLAAV
CASSPLEGGGEQYF	TLACFVLAAV
CATSSVITDTQYF	TLACFVLAAV
CASSLWTSGTDTQYF	TLACFVLAAV
CASSASDLGEKLFF	TLACFVLAAV
CASSQVGYEQFF	TLACFVLAAV
CASSPSTIRYEQYF	TLACFVLAAV
CASSCLLAGGADTQYF	TLACFVLAAV
CSARIRDSQETQYF	TLACFVLAAV
CASSPRLSGSSTDTQYF	TLACFVLAAV
CASAVTSTDTQYF	TLACFVLAAV
CASSSNGVDTQYF	TLACFVLAAV
CATSPPREGLSYEQYF	TLACFVLAAV
CASSMGLAVYNEQFF	TLACFVLAAV
CASSLGTVYGYTF	TLACFVLAAV
CASSLGGQGSNQPQHF	TLACFVLAAV
CASSFWGRRGGETQYF	TLACFVLAAV
CASSPRGGSTDTQYF	TLACFVLAAV
CASRGGVLSYEQYF	TLACFVLAAV
CATSELQGEAGTDTQYF	TLACFVLAAV
CASSQTGVTEAFF	TLACFVLAAV
CASSSIVGGTSGSSTDTQYF	TLACFVLAAV
CASSYGHEQFF	TLACFVLAAV
CASSFRGGQSNEQFF	TLACFVLAAV
CASSLIGGRGEAFF	TLACFVLAAV
CASSQAGGGEQYF	TLACFVLAAV
CASSPNYENTEAFF	TLACFVLAAV
CASSLMLAGGPNEQFF	TLACFVLAAV
CASSMSGGSAEQFF	TLACFVLAAV
CSARGRGVQETQYF	TLACFVLAAV
CASSLGTGYNEQFF	TLACFVLAAV
CASSLLLPGGLHSGANVLTF	TLACFVLAAV
CASSRTSDEQFF	TLACFVLAAV
CASSGPGGLNTGELFF	TLACFVLAAV
CASIPIGGGAGYTF	TLACFVLAAV
CASSSGGADGYTF	TLACFVLAAV
CSVGGVAGNVPDTQYF	TLACFVLAAV
CASSQNPGQGNTEAFF	TLACFVLAAV
CASLPTGTYTGELFF	TLACFVLAAV
CSVLRRESTDTQYF	TLACFVLAAV
CSVVPDSENIQYF	TLACFVLAAV
CASSLMGLDTEAFF	TLACFVLAAV
CASSPGQEQYF	TLACFVLAAV
CASSVWETSGSYEQFF	TLACFVLAAV
CASSSGTGGATDTQYF	TLACFVLAAV
CASSYYGTNNEQFF	TLACFVLAAV
CASSLQGNTIYF	TLACFVLAAV
CASSFFGQETQYF	TLACFVLAAV
CASSEAGTVYEQYF	TLACFVLAAV
CASSPGTEYSLYEQYF	TLACFVLAAV
CASTSPGGFVDEQYF	TLACFVLAAV
CASSFTGNTEAFF	TLACFVLAAV
CASSVALGYEQYF	TLACFVLAAV
CASSHIGTAYEQYF	TLACFVLAAV
CSVAGTSDYNEQFF	TLACFVLAAV
CASMTEPSSTDTQYF	TLACFVLAAV
CASTRVGTDKNIQYF	TLACFVLAAV
CASTRQGTGELFF	TLACFVLAAV
CASSQDLPGGTDTQYF	TLACFVLAAV
CSVPQGQGYNEQFF	TLACFVLAAV
CASHAGGRYTEAFF	TLACFVLAAV
CSATGLAGGWEQYF	TLACFVLAAV
CSATSTYNEQFF	TLACFVLAAV
CARRDYEQYF	TLACFVLAAV
CASSEPGLDRQYF	TLACFVLAAV
CASSYVGSGTDTQYF	TLACFVLAAV
CASSYLKPDTQYF	TLACFVLAAV
CSAGRMEADTGELFF	TLACFVLAAV
CASHPLGANTEAFF	TLACFVLAAV
CASSPDSLNTEAFF	TLACFVLAAV
CASSRQGSGELFF	TLACFVLAAV
CAISETTQVNEQFF	TLACFVLAAV
CASSLADLGREIPDTQYF	TLACFVLAAV
CASSLDNEQFF	TLACFVLAAV
CASSQGQPQHF	TLACFVLAAV
CASASGYYNEQFF	TLACFVLAAV
CASSEGGELFF	TLACFVLAAV
CASNSISLARDTGELFF	TLACFVLAAV
CSALGLAGEKSYNEQFF	TLACFVLAAV
CASSSLYEQYF	TLACFVLAAV
CASSPGLYYEQYF	TLACFVLAAV
CSARDRTGFSAEAFF	TLACFVLAAV
CASSRGPGSYNEQFF	TLACFVLAAV
CASSLDPGEQYF	TLACFVLAAV
CASSLISHEQYF	TLACFVLAAV
CASSLPGGRANTGELFF	TLACFVLAAV
CASSLEGTGFFSEQYF	TLACFVLAAV
CASSAGEGGYGYTF	TLACFVLAAV
CASSLQDRGQGYTF	TLACFVLAAV
CASSFSNEQFF	TLACFVLAAV
CASTSGTQETQYF	TLACFVLAAV
CASSPEVGGFGYTF	TLACFVLAAV
CATSDFGQSQETQYF	TLACFVLAAV
CSVEGPVGAGQYF	TLACFVLAAV
CASSLSAGDQGEQYF	TLACFVLAAV
CASSGTRQITDTQYF	TLACFVLAAV
CASSFMGVNTEAFF	TLACFVLAAV
CASQGLAGANEQFF	TLACFVLAAV
CASSSPDRGDEQFF	TLACFVLAAV
CASSHRGGNQPQHF	TLACFVLAAV
CASGDLAGGPNNEQFF	TLACFVLAAV
CASSQDLRFSGNTIYF	TLACFVLAAV
CASGIYNEQFF	TLACFVLAAV
CASSSGTGATYEQYF	TLACFVLAAV
CASSPRSVYTEAFF	TLACFVLAAV
CASSFGTSGMQFF	TLACFVLAAV
CASSILQPAGVGYEQFF	TLACFVLAAV
CASSLGDSGMDGYTF	TLACFVLAAV
CASSPRTGFHEQYF	TLACFVLAAV
CASSTDLNPNEQFF	TLACFVLAAV
CASSLLLAGGPDTQYF	TLACFVLAAV
CSAAADNEQFF	TLACFVLAAV
CASSQDVRGWELFF	TLACFVLAAV
CASGEGIGNTGELFF	TLACFVLAAV
CASSLGRVQTDTQYF	TLACFVLAAV
CASSSRLMGYNEQFF	TLACFVLAAV
CASSLTTGGTEAFF	TLACFVLAAV
CASSSDRGPASTDTQYF	TLACFVLAAV
CASSYSGDEQYF	TLACFVLAAV
CASSLWDAVQETQYF	TLACFVLAAV
CASVVSGWDEQFF	TLACFVLAAV
CAISESSQPETQYF	TLACFVLAAV
CASSAPSGQETQYF	TLACFVLAAV
CASSKDEPMSPNTEAFF	TLACFVLAAV
CASSQDLTTVYNEQFF	TLACFVLAAV
CASSHRGHQNTEAFF	TLACFVLAAV
CAISTDSGNTIYF	TLACFVLAAV
CASSQARDQPQHF	TLACFVLAAV
CSVEQGPPAYEQYF	TLACFVLAAV
CASSLEQMGQPQHF	TLACFVLAAV
CASSPLLAGGPDTQYF	TLACFVLAAV
CSVVYRDGYTF	TLACFVLAAV
CASSQDWAGSSYNEQFF	TLACFVLAAV
CASSQDTPDTQYF	TLACFVLAAV
CASSLTGNTEAFF	TLACFVLAAV
CASIPTGGLAGAATGELFF	TLACFVLAAV
CSAFGQGQPQHF	TLACFVLAAV
CASSLYNEQFF	TLACFVLAAV
CASSVGESQETQYF	TLACFVLAAV
CASSPQTGWNEQYF	TLACFVLAAV
CASSQSLGSEQYF	TLACFVLAAV
CASTQGAREKLFF	TLACFVLAAV
CASPNGSGYSGANVLTF	TLACFVLAAV
CASSLTDLGYGYTF	TLACFVLAAV
CASSALTGDGYTF	TLACFVLAAV
CASSLQGANQPQHF	TLACFVLAAV
CASSTAGNPTDTQYF	TLACFVLAAV
CSVVGGTGSYNEQFF	TLACFVLAAV
CASTNTGSEQYF	TLACFVLAAV
CASRETSTSSYNEQFF	TLACFVLAAV
CASSISGTGSEQYF	TLACFVLAAV
