CDR3	AA
CASSVYGNQETQYF	ALNTPKDHI
CSARVTGGPDTQYF	ALNTPKDHI
CASSPWDSNNEQFF	ALNTPKDHI
CASSVDSGYEQFF	ALNTPKDHI
CASNLGTVYGYTF	ALNTPKDHI
CASSVDTSPSYQYF	ALNTPKDHI
CASSYIGGRLPYNEQFF	ALNTPKDHI
CASSHRLAGGSDTQYF	ALNTPKDHI
CASSLASFSSDEQYF	ALNTPKDHI
CSARLRGAEAFF	ALNTPKDHI
CAGRTPYPVYEQYF	ALNTPKDHI
CASSLNRAYQQYF	ALNTPKDHI
CASSVDSNYEQYF	ALNTPKDHI
CASSVATLGGETQYF	ALNTPKDHI
CSARRTGGSYEQYF	ALNTPKDHI
CASSALQGSKTEAFF	ALNTPKDHI
CASSQAPTGPSYNEQFF	ALNTPKDHI
CSARDGTGDGYTF	ALNTPKDHI
CASSVLDNSYEQYF	ALNTPKDHI
CSVRRTGGSDTQYF	ALNTPKDHI
CASSADVFYGYTF	ALNTPKDHI
CASSVGLIGTDTQYF	ALNTPKDHI
CSARITGGPDTQYF	ALNTPKDHI
CASSLDSPYEQYF	ALNTPKDHI
CASSLVEGPNEKLFF	ALNTPKDHI
CASSQQGGYGYTF	ALNTPKDHI
CASRDRETEQYF	ALNTPKDHI
CASSVIDNSYEQYF	ALNTPKDHI
CASTSGHPNYGYTF	ALNTPKDHI
CSARDLTGNGYTF	ALNTPKDHI
CASGVDATYEQYF	ALNTPKDHI
CASTSRDPPYSTDTQYF	ALNTPKDHI
CASSPNNNEQFF	ALNTPKDHI
CASSPGWLQPQHF	ALNTPKDHI
CASSRQWTTHYEQYF	ALNTPKDHI
CASTPGYRDNQPQHF	ALNTPKDHI
CASRTGGSAFF	ALNTPKDHI
CASSPDTTYEQYF	ALNTPKDHI
CASSYGGLNGYTF	ALNTPKDHI
CASSQNKDRPYGYTF	ALNTPKDHI
CSARRTGGGDEQFF	ALNTPKDHI
CSARRTGGSDTQYF	ALNTPKDHI
CARTPPRVSEQFF	ALNTPKDHI
CASSKGQGGNQPQHF	ALNTPKDHI
CASSVGSGANQPQHF	ALNTPKDHI
CASSLGEGPSYEQYF	ALNTPKDHI
CASSLARALNTEAFF	ALNTPKDHI
CASSVDSNYEQYF	ALNTPKDHI
CASSTPSGREYNEQFF	ALNTPKDHI
CASSAYRGEKQETQYF	ALNTPKDHI
CASSWTSASNEQFF	ALNTPKDHI
CSARGWGNYSPLHF	ALNTPKDHI
CASSNYGKQETQYF	ALNTPKDHI
CSVEWNNEQFF	ALNTPKDHI
CASSLRGRGEAFF	ALNTPKDHI
CASSLSRGGQGDNGYTF	ALNTPKDHI
CASSHPKSGPPYEQYF	ALNTPKDHI
CASSLQAGAGTGELFF	ALNTPKDHI
CSARVTGGADTQYF	ALNTPKDHI
CASSVNPRPGNTEAFF	ALNTPKDHI
CSARATGGPDTQYF	ALNTPKDHI
