CDR3	AA
CASSLGIGGNEQYF	VLWAHGFEL
CASSYRQGTTEQYF	VLWAHGFEL
CATSDGVRANTGELFF	VLWAHGFEL
CASSSGLAGGDTQYF	VLWAHGFEL
CASSLGQGNDEQYF	VLWAHGFEL
CASSLGWGNEQFF	VLWAHGFEL
CASSGEGQAEAFF	VLWAHGFEL
CASHRGAGELFF	VLWAHGFEL
QGNGYTF	VLWAHGFEL
CASSQDEQELYGYTF	VLWAHGFEL
CASSLGGELFF	VLWAHGFEL
CASSQDWGGNEQYF	VLWAHGFEL
CASSHGAGSEKLFF	VLWAHGFEL
CASSIKDRPNEKLFF	VLWAHGFEL
CASSSRSRNTGELFF	VLWAHGFEL
CASSLNGNTGELFF	VLWAHGFEL
CASSVGLETGELFF	VLWAHGFEL
CASSLAGSYNEQFF	VLWAHGFEL
CASSVGGDLSYEQYF	VLWAHGFEL
CASSLWGWGPTGELFF	VLWAHGFEL
CASSVTSDPPEAFF	VLWAHGFEL
CASGNSQGAIPGSSGANVLTF	VLWAHGFEL
CATSRGNMNTEAFF	VLWAHGFEL
CASFPGQGANYGYTF	VLWAHGFEL
CASSLDTGGAGELFF	VLWAHGFEL
CASGAGVDAGELFF	VLWAHGFEL
CASSPLLTEEQFF	VLWAHGFEL
CASSFRGHEKLFF	VLWAHGFEL
CASSLGQGTDTQYF	VLWAHGFEL
CASSVGGDRGAGGYTF	VLWAHGFEL
CASSLGWGLGETQYF	VLWAHGFEL
CASSLDSGGNEQFF	VLWAHGFEL
CSAIRPGEAATNEKLFF	VLWAHGFEL
CASSLGPDEQYF	VLWAHGFEL
CASSLGGSYEQYF	VLWAHGFEL
CASSIGQDTGELFF	VLWAHGFEL
CASGTGNEKLFF	VLWAHGFEL
CASSLVAAGELFF	VLWAHGFEL
CASSFGSSYEQYF	VLWAHGFEL
CASSLGDGYTF	VLWAHGFEL
CASSAGGSYEQYF	VLWAHGFEL
CASSLEQGAAEQYF	VLWAHGFEL
CASSDQAGGLGTGELFF	VLWAHGFEL
CASSRGTEQYF	VLWAHGFEL
CASSEGEWTGNGELFF	VLWAHGFEL
CASSLGLDTGELFF	VLWAHGFEL
CATSRVAGANTGELFF	VLWAHGFEL
CASSLGGWELFF	VLWAHGFEL
CASLKRGAAEAFF	VLWAHGFEL
CASSGGEEKLFF	VLWAHGFEL
CASTAGGEQYF	VLWAHGFEL
CASSLGNGYTF	VLWAHGFEL
CSVEAGFNTGELFF	VLWAHGFEL
CASSLGGDEAFF	VLWAHGFEL
CASSFGTSEQFF	VLWAHGFEL
CATSNIFRQEGNQPQHF	VLWAHGFEL
CASSLDTGGNEQFF	VLWAHGFEL
CASSRGLDPGELFF	VLWAHGFEL
CASSGGSYEQYF	VLWAHGFEL
CSVGQGFGNTIYF	VLWAHGFEL
CASSDSGTGGTEAFF	VLWAHGFEL
CASSTGQHPQYF	VLWAHGFEL
CSAREPTEYGYTF	VLWAHGFEL
CASSPGGSTEAFF	VLWAHGFEL
CASSFGWGQSSYNEQFF	VLWAHGFEL
CASTQPSLGYTF	VLWAHGFEL
CASSLGGGRGTDTQYF	VLWAHGFEL
CASSSHNSYEQYF	VLWAHGFEL
CASSVGGSTEAFF	VLWAHGFEL
CAIRGGSLTDTQYF	VLWAHGFEL
CASSLATLGTGELFF	VLWAHGFEL
CSATGGGSSYNEQFF	VLWAHGFEL
CASSFAGQDGKLFF	VLWAHGFEL
CASSLGWGGTEAFF	VLWAHGFEL
CASSLSVRGWNTEAFF	VLWAHGFEL
CASSVGGSYEQYF	VLWAHGFEL
CASSVGGDSSYEQYF	VLWAHGFEL
CASSLEQGAIETQYF	VLWAHGFEL
CASSVDGGMGTGELFF	VLWAHGFEL
CATSNGDTGELFF	VLWAHGFEL
CASSDSGIGNEKLFF	VLWAHGFEL
CASSEGGPLHF	VLWAHGFEL
CASSQGGNQPQHF	VLWAHGFEL
CASSVGGSNEQYF	VLWAHGFEL
CATRQDSYEQYF	VLWAHGFEL
CASSQGFGNIQYF	VLWAHGFEL
CASSVLIETAARRNTEAFF	VLWAHGFEL
CASSSRPSSGGPLGTDTQYF	VLWAHGFEL
CASSQRVETVFSGANVLTF	VLWAHGFEL
CASSLEWGEDSSVF	VLWAHGFEL
CAINSRQGENTGELFF	VLWAHGFEL
CASSHLDRGGTDTQYF	VLWAHGFEL
CASSLGGEQYF	VLWAHGFEL
CASSQAGRYNEQFF	VLWAHGFEL
CASSAGGSTTYEQYF	VLWAHGFEL
CASSLGGAAFF	VLWAHGFEL
CASSSDWGGNEQFF	VLWAHGFEL
CASSVGGDPTYEQYF	VLWAHGFEL
CASSTGSVEQYF	VLWAHGFEL
CASSQSQGGPEAFF	VLWAHGFEL
CASSFGGGYTF	VLWAHGFEL
CASSQGGDHSYEQYF	VLWAHGFEL
CASSLGQGADGYTF	VLWAHGFEL
CASSTGNFGYTF	VLWAHGFEL
CASSPGGETAEAFF	VLWAHGFEL
CASSWGLANTGELFF	VLWAHGFEL
CASSVWIRDRAEAFF	VLWAHGFEL
CASSQDWGGNEQFF	VLWAHGFEL
CASSVGGSYEQYF	VLWAHGFEL
CASSVGGSYEQYF	VLWAHGFEL
CASSLFQNEQFF	VLWAHGFEL
CASSSPGQWGNTIYF	VLWAHGFEL
CASSGGSLEQFF	VLWAHGFEL
CASSPFQGMSYNEQFF	VLWAHGFEL
CASSLVLNEQFF	VLWAHGFEL
CASSQDRQEHYGYTF	VLWAHGFEL
CASSFGWGTGELFF	VLWAHGFEL
CASSLGWGQGYEQYF	VLWAHGFEL
CASSRDSGGNEAFF	VLWAHGFEL
CASSQGSGELFF	VLWAHGFEL
CASSVGGLAGGSYNEQFF	VLWAHGFEL
CASSHSGRDTGELFF	VLWAHGFEL
CASSLEVAGEQYF	VLWAHGFEL
CASGLGQNTGELFF	VLWAHGFEL
CASSQYDGGGTGELFF	VLWAHGFEL
CASSLGGEQYF	VLWAHGFEL
CASSLGWGPDTQYF	VLWAHGFEL
CASSYHTGPQHF	VLWAHGFEL
CASSSGTASEQYF	VLWAHGFEL
CASSWGDGGIPLHF	VLWAHGFEL
CASTQGSYNEQFF	VLWAHGFEL
CASSQRHPGTGELFF	VLWAHGFEL
CASSPTWTSGGETQYF	VLWAHGFEL
CASSLQGQYNEQFF	VLWAHGFEL
CASSEQRGSPVELFF	VLWAHGFEL
CASSPPGTGIQYF	VLWAHGFEL
CASSPQGEGTGELFF	VLWAHGFEL
CASSGLTGGRYEQYF	VLWAHGFEL
CASSLNGNIQYF	VLWAHGFEL
CASSSSGANVLTF	VLWAHGFEL
CASSLGGEQFF	VLWAHGFEL
CASSDGLAAGELFF	VLWAHGFEL
CASSLRQDVNYGYTF	VLWAHGFEL
CASSFGWGALGTEAFF	VLWAHGFEL
CASSLVGQPQHF	VLWAHGFEL
CASSGQGAEDTEAFF	VLWAHGFEL
CASSFGQGSGVELFF	VLWAHGFEL
CASTGGTGELFF	VLWAHGFEL
CATSRGGGGNEQFF	VLWAHGFEL
CASSLGSDTQYF	VLWAHGFEL
CASSLGWGYNEQFF	VLWAHGFEL
CASSPSSGRFYEQYF	VLWAHGFEL
CATSRGKGANTGELFF	VLWAHGFEL
CASSSELTGVIGEQYF	VLWAHGFEL
CASSASWGMSTDTQYF	VLWAHGFEL
CASSVGGSTEAFF	VLWAHGFEL
CASQVGLDSSYEQYF	VLWAHGFEL
CASSLGGSEQYF	VLWAHGFEL
CASSQDWGGNEQFF	VLWAHGFEL
CASIPQDYTEAFF	VLWAHGFEL
CASSQDWGGNEQYF	VLWAHGFEL
CASSFSSTGTTEAFF	VLWAHGFEL
CASSAYRGDYGYTF	VLWAHGFEL
CASSQDLTGYEQYF	VLWAHGFEL
CASSLETGGAEAFF	VLWAHGFEL
CASSSGTYNTGELFF	VLWAHGFEL
CASSLRGINEQFF	VLWAHGFEL
CASSEGFGNTIYF	VLWAHGFEL
CASSPNTGPGLNEQFF	VLWAHGFEL
CASSPRQGTNTGELFF	VLWAHGFEL
CASSLEAGAVFMDF	VLWAHGFEL
CASSSYRDSYGYTF	VLWAHGFEL
CASSPGWGGGEQYF	VLWAHGFEL
CATSILAGPGEQFF	VLWAHGFEL
CASSLDIGGNEQFF	VLWAHGFEL
CASIGLSYNEQFF	VLWAHGFEL
CASSVGLDSSYEQYF	VLWAHGFEL
CASSPHPDPLNTEAFF	VLWAHGFEL
CASPNRANTEAFF	VLWAHGFEL
CASSLGGSSTGELFF	VLWAHGFEL
CASSSGGQLNSPLHF	VLWAHGFEL
CASSLGGDTQYF	VLWAHGFEL
CASSPVGGGPPTEAFF	VLWAHGFEL
CASSEASGQPQHF	VLWAHGFEL
CASSSSSAYYEQYF	VLWAHGFEL
CASSTGANVLTF	VLWAHGFEL
CASSLGWGGDTQYF	VLWAHGFEL
CASSLDYGGNEQFF	VLWAHGFEL
CASSSRGGYNNEQFF	VLWAHGFEL
CASSVDGEVGDEQFF	VLWAHGFEL
CASSPRTETYEQYF	VLWAHGFEL
CASSLDDTSGNTIYF	VLWAHGFEL
CASSPIDSFTYNEQFF	VLWAHGFEL
CASSDGTYGYTF	VLWAHGFEL
CASLDRSNTEAFF	VLWAHGFEL
CASNHLRDRTSSYEQYF	VLWAHGFEL
CASSFLYNEQFF	VLWAHGFEL
CATSRDRTSGSLRFF	VLWAHGFEL
CASSPDFGGNEQYF	VLWAHGFEL
CASTSTLTGELFF	VLWAHGFEL
CASTLERSNYSNQPQHF	VLWAHGFEL
CAISEQGEGEQYF	VLWAHGFEL
CASSIAGPGETQYF	VLWAHGFEL
CASSSGSYEQYF	VLWAHGFEL
CASSLGWGGGQETQYF	VLWAHGFEL
CASSLEGQGSYEQYF	VLWAHGFEL
CASSRGQDPTYEQYF	VLWAHGFEL
CASSVGGSYEQYF	VLWAHGFEL
CASSLGQGFGQPQHF	VLWAHGFEL
CASSLDTGGNEQFF	VLWAHGFEL
CASSQGWGGTEAFF	VLWAHGFEL
CASSPSGNEQFF	VLWAHGFEL
CASSVGGSYEQYF	VLWAHGFEL
CASSDGGRELFF	VLWAHGFEL
CASSWGQGLSYNEQFF	VLWAHGFEL
CASSLDRDGYGYTF	VLWAHGFEL
CASSTALGSVETQYF	VLWAHGFEL
CASSLDSGGNEQFF	VLWAHGFEL
CASSGSGSPLGEQFF	VLWAHGFEL
CASSVGGSYNEQFF	VLWAHGFEL
CASSFTPDTGELFF	VLWAHGFEL
CASSLSSGGTGELFF	VLWAHGFEL
CASSGGDAEAFF	VLWAHGFEL
CASSKGGKQVENQPQHF	VLWAHGFEL
CSARLGIEQFF	VLWAHGFEL
CASDKGGGYTF	VLWAHGFEL
CASSSRLAEPNTGELFF	VLWAHGFEL
CASSLGGEAFF	VLWAHGFEL
CASSPQLDRGNEQFF	VLWAHGFEL
CASSGTGELFF	VLWAHGFEL
CASSLQTGAAGELFF	VLWAHGFEL
CASSWGYGPANNEQFF	VLWAHGFEL
CASSQLDRGGTGELFF	VLWAHGFEL
CASSLGVNTEAFF	VLWAHGFEL
CASSLATGDHNEQFF	VLWAHGFEL
CASSPGWGFAEQYF	VLWAHGFEL
CASSLGWDEQYF	VLWAHGFEL
CASSRGSEQYF	VLWAHGFEL
CASSLGGNEQFF	VLWAHGFEL
CASSVSRGQYEQYF	VLWAHGFEL
CASSLGMYNEQFF	VLWAHGFEL
CSAELYRGRIETQYF	VLWAHGFEL
CASTHQTGINSNQPQHF	VLWAHGFEL
CASSSGTKNTGELFF	VLWAHGFEL
CASSLSWGSYEQYF	VLWAHGFEL
CASSAIREGPADF	VLWAHGFEL
CASSLGGTGGYGYTF	VLWAHGFEL
CAGSSGNTIYF	VLWAHGFEL
CASSLDSGGTGELFF	VLWAHGFEL
CASSLGLAGGGEQYF	VLWAHGFEL
CASSYRGVNEQFF	VLWAHGFEL
CASSLGGPEAFF	VLWAHGFEL
CASSVGELGGSYEQYF	VLWAHGFEL
CASSMGWGPGEQFF	VLWAHGFEL
CASSEGSEKLFF	VLWAHGFEL
CASSVYRDIEQFF	VLWAHGFEL
CASSLGGEQYF	VLWAHGFEL
CASSLDFGGTEAFF	VLWAHGFEL
CASSFLGPGNTIYF	VLWAHGFEL
CASSLGGEAFF	VLWAHGFEL
CASSPPSYNEQFF	VLWAHGFEL
CASSLSWGQGAYNEQFF	VLWAHGFEL
CASSERQTYEQYF	VLWAHGFEL
CASSLGWGGDTQYF	VLWAHGFEL
CASSLGWGQSGELFF	VLWAHGFEL
CASSPDWGGGEQYF	VLWAHGFEL
CASSQDWGGNEQFF	VLWAHGFEL
CASSLGWGPGELFF	VLWAHGFEL
CASSLGGDGYTF	VLWAHGFEL
CASSSGNEKLFF	VLWAHGFEL
CASSKAGTYNEQFF	VLWAHGFEL
CASSEEGGIYEQYF	VLWAHGFEL
CASSLEFGGEAFF	VLWAHGFEL
CASSRGAEQFF	VLWAHGFEL
CASSARGLAESYNEQFF	VLWAHGFEL
CASSLGDWEKLFF	VLWAHGFEL
CASSLGSEAFF	VLWAHGFEL
CASTRLAGIVNTGELFF	VLWAHGFEL
CASSLGANEAFF	VLWAHGFEL
CASSVGGDSYYEQYF	VLWAHGFEL
CASSVSVNEQFF	VLWAHGFEL
CASSLVQQRQGGEQFF	VLWAHGFEL
CASSVGGVSTGELFF	VLWAHGFEL
CASSQGGDSYYEQYF	VLWAHGFEL
CASSPGGGYGYTF	VLWAHGFEL
CASSGAGLSYEQYF	VLWAHGFEL
CASSQGYRAGRGTEAFF	VLWAHGFEL
CSATSHPENTEAFF	VLWAHGFEL
CASSGGSRGDTGELFF	VLWAHGFEL
CASSLGGEQYF	VLWAHGFEL
CASTEGGELFF	VLWAHGFEL
CATSTGTGGYEQYF	VLWAHGFEL
CASSQAVGFEKLFF	VLWAHGFEL
CASSPGQMNTEAFF	VLWAHGFEL
CASSLGQGADYGYTF	VLWAHGFEL
CASSLGLSGGAGQYF	VLWAHGFEL
CASSAGGSTEAFF	VLWAHGFEL
CASSEGVHTEAFF	VLWAHGFEL
CASSGGVTNTGELFF	VLWAHGFEL
CASSVGGSYEQYF	VLWAHGFEL
CAISSTSGQETQYF	VLWAHGFEL
CASSPYRDPNEKLFF	VLWAHGFEL
CASSYFQIAGAYNEQFF	VLWAHGFEL
CASSLASGGLGQFF	VLWAHGFEL
CASSLDFGGASAFF	VLWAHGFEL
CASSPPRAARGEQYF	VLWAHGFEL
CASSGGNEKLFF	VLWAHGFEL
CASSVSGTGGTEAFF	VLWAHGFEL
CASSLDWGGNEQFF	VLWAHGFEL
CASSLDFGGDEQYF	VLWAHGFEL
CASSLSSGGGFQYF	VLWAHGFEL
CASSPGYTEAFF	VLWAHGFEL
CASSPWTGGADEAFF	VLWAHGFEL
CASSLGGEQFF	VLWAHGFEL
CASSLELMAGELFF	VLWAHGFEL
CASSKILEGQPQHF	VLWAHGFEL
CASSIGVSSEQYF	VLWAHGFEL
CASSQPSGTEAFF	VLWAHGFEL
CASSLEHRGLTSVRNEQYF	VLWAHGFEL
CASSLGFGGGGEQFF	VLWAHGFEL
CASSVYPADVEGYTF	VLWAHGFEL
CATSRERGKLFF	VLWAHGFEL
CASSSGLEGGELFF	VLWAHGFEL
CASSRRAGEDSPLHF	VLWAHGFEL
CASSLAGDGYTF	VLWAHGFEL
CASSPGGYEQYF	VLWAHGFEL
CASSHDTGGNEQFF	VLWAHGFEL
CASPFRGIDKNIQYF	VLWAHGFEL
CASSAGGSYEQYF	VLWAHGFEL
CSARDGGAISPNYGYTF	VLWAHGFEL
CASSVGGSYEQYF	VLWAHGFEL
CASSPPATDSYEQYF	VLWAHGFEL
CASSDGREKLFF	VLWAHGFEL
CASSPPARDRKEAFF	VLWAHGFEL
CASSFDQTNEKLFF	VLWAHGFEL
CASSPGTEAVLTSNQPQHF	VLWAHGFEL
CASSPPPTGAKNTF	VLWAHGFEL
CASSPAGPPLEGKNIQYF	VLWAHGFEL
CASSLGSEAFF	VLWAHGFEL
CASSQGGELFF	VLWAHGFEL
CASSLSTGDTYEQYF	VLWAHGFEL
CASSLETSGNEQFF	VLWAHGFEL
CSARDPVNYGYTF	VLWAHGFEL
CSARDIVRYGYTF	VLWAHGFEL
CASSPGWGPGELFF	VLWAHGFEL
CAWVEGCAAVFRWDTQYF	VLWAHGFEL
CASSLGGELFF	VLWAHGFEL
CASSSGSYEQFF	VLWAHGFEL
CASSLDSGANVLTF	VLWAHGFEL
CASTRSSGSNEQFF	VLWAHGFEL
CASSLALGAGNGYTF	VLWAHGFEL
CASSLGTSGIETQYF	VLWAHGFEL
CASSLALSGANVLTF	VLWAHGFEL
CASSVGNGYTF	VLWAHGFEL
CASSARTGFSYNEQFF	VLWAHGFEL
CASTPSGNSYNEQFF	VLWAHGFEL
CATRTRTYNEQFF	VLWAHGFEL
CASRDGWGPGGDTQYF	VLWAHGFEL
CASSRGQDPTYEQYF	VLWAHGFEL
CASSSHGGPGEFF	VLWAHGFEL
CASSVTSGPNQADTQYF	VLWAHGFEL
