CDR3	AA
CAILLPGQSLYEQYF	GVYYHKNNK
CASSLGREQFF	GVYYHKNNK
CASSSGYEQYF	GVYYHKNNK
CASSLALAGEVYEQYF	GVYYHKNNK
CASSKIFDQRGGPDYEQYF	GVYYHKNNK
CASSVAGNEQFF	GVYYHKNNK
CASSVSGGDTGELFF	GVYYHKNNK
CASLGLSTDTQYF	GVYYHKNNK
CASSGRVSGNTIYF	GVYYHKNNK
CATSDNRDFPANEQFF	GVYYHKNNK
CASSLVLADSYEQYF	GVYYHKNNK
CASSRPQTTNEKLFF	GVYYHKNNK
CASSLGTSGELFF	GVYYHKNNK
CASSPRGRGYTDTQYF	GVYYHKNNK
CASSVSGHEQFF	GVYYHKNNK
CASFLPGGLPSSYNEQFF	GVYYHKNNK
CASTNSYEQYF	GVYYHKNNK
CASSAQGPVISYEQYF	GVYYHKNNK
CASTGGGTDTQYF	GVYYHKNNK
CASSVGGGEQFF	GVYYHKNNK
CARTTGLLTTEAFF	GVYYHKNNK
CASSQESGGSSPLHF	GVYYHKNNK
CASSFGQGESYNEQFF	GVYYHKNNK
