CDR3	AA
CASSLPDSSYEQYF	TVLSFCAFA
CASTPVSSYNEQFF	TVLSFCAFA
CASSLLYPDRVGEQYF	TVLSFCAFA
CASRGQNTEAFF	TVLSFCAFA
CASRELYPDRDNSPLHF	TVLSFCAFA
CASSHGNLLGEQYF	TVLSFCAFA
CASSLLQPARVGEAFF	TVLSFCAFA
CASSLEGQYNEQFF	TVLSFCAFA
CASSEVDYSNQPQHF	TVLSFCAFA
CASRYLHPAGYETEAFF	TVLSFCAFA
CASSLLAPAVPYEQYF	TVLSFCAFA
CASSLGLAEPQETQYF	TVLSFCAFA
CASSSLSPSGYNEQFF	TVLSFCAFA
CASSLVSPQGSSGNTIYF	TVLSFCAFA
CASRALLPAGDNSPLHF	TVLSFCAFA
CASSLLRPGTNSPLHF	TVLSFCAFA
CATGEEQGSGANVLTF	TVLSFCAFA
CASSFISPTGSGPQHF	TVLSFCAFA
CASSPLQPSGIYTEAFF	TVLSFCAFA
CASRYLHPAGVEGEQFF	TVLSFCAFA
CASRKLVPEGGLEQFF	TVLSFCAFA
CASNKLAPATRETQYF	TVLSFCAFA
CASSLSPAANEQFF	TVLSFCAFA
CASIKLGPSGRNNEQFF	TVLSFCAFA
CASSPLAPASSYEQYF	TVLSFCAFA
CATSVGSGQATRLYNEQFF	TVLSFCAFA
CASSYLSPGTGREKLFF	TVLSFCAFA
CASSLAYGAQYF	TVLSFCAFA
CSARDLGGTVPRSSYNEQFF	TVLSFCAFA
CASSRLAPSSYNEQFF	TVLSFCAFA
CASSSQGAEQYF	TVLSFCAFA
CASRSIPPGLSNQPQHF	TVLSFCAFA
CASSHLAPAGNTEAFF	TVLSFCAFA
CASSVGTGLVF	TVLSFCAFA
CASSLTKDGLLYNEQFF	TVLSFCAFA
CASRRLQPSSTDTQYF	TVLSFCAFA
CASSPGGGGQETQYF	TVLSFCAFA
CASRPLYPANTGELFF	TVLSFCAFA
CSVEDRDDYEQYF	TVLSFCAFA
CASRKLAPARANEQFF	TVLSFCAFA
CASSQVTPTGDTEAFF	TVLSFCAFA
CASSYLSPGQGGNEQFF	TVLSFCAFA
CASGLFQLWETQYF	TVLSFCAFA
CASSLLYPDRREKLFF	TVLSFCAFA
CASSFLTPSSYNEQFF	TVLSFCAFA
CASSQYDGRYGYTF	TVLSFCAFA
CASRAMGPGGPDSPLHF	TVLSFCAFA
CASSPLYPDRANQPQHF	TVLSFCAFA
CASSPTGASYNEQFF	TVLSFCAFA
CASSLGQPYEQYF	TVLSFCAFA
CASSLVHPARGALEQYF	TVLSFCAFA
CASSQSGQNYEQYF	TVLSFCAFA
CASSEGGEQYF	TVLSFCAFA
CASIGLAPSSNTEAFF	TVLSFCAFA
CASRGLAPAVTGELFF	TVLSFCAFA
CASSPPRDRPYNEQFF	TVLSFCAFA
CASTTGEAMNTEAFF	TVLSFCAFA
CASSFPGGGQPQHF	TVLSFCAFA
CASRGLTPSSTDTQYF	TVLSFCAFA
CASSIVAPTTGPYNEQFF	TVLSFCAFA
CASSLLTPSPTQRQFF	TVLSFCAFA
CASSHLTPSGYNEQFF	TVLSFCAFA
CASSRIQPTGLTEAFF	TVLSFCAFA
CASSLVSPRGVSEAFF	TVLSFCAFA
CASRHLLPDRVEETQYF	TVLSFCAFA
CASSPLTPSSGANVLTF	TVLSFCAFA
CASRRLTPVSPDTQYF	TVLSFCAFA
CASSRLPQGVGTEAFF	TVLSFCAFA
CASSPLTPASTNEKLFF	TVLSFCAFA
CASRRLAPSKSEKLFF	TVLSFCAFA
CASSLLDPSSGANVLTF	TVLSFCAFA
CASSPMLGEPNQPQHF	TVLSFCAFA
CASSLVAPSSYNEQFF	TVLSFCAFA
CASSPGTGDGYTF	TVLSFCAFA
CASSLLLPDRVTEAFF	TVLSFCAFA
CASNLLNPSSYNEQFF	TVLSFCAFA
CASSILYPDRVGEQFF	TVLSFCAFA
CASSYIQPGTGGDIQYF	TVLSFCAFA
CASSLMTPDGNYGYTF	TVLSFCAFA
CSDRLAGVKNEQFF	TVLSFCAFA
CASRKLLPDRPGDTQYF	TVLSFCAFA
CASSQDSPGGDSPLHF	TVLSFCAFA
CASSLLTPVAPLEQYF	TVLSFCAFA
CASSYPRPDGNTEAFF	TVLSFCAFA
CATSVGLTDTQYF	TVLSFCAFA
CASSKGRLPRKLNTEAFF	TVLSFCAFA
CAISDGGAEAFF	TVLSFCAFA
CASSYGHPHLGTGELFF	TVLSFCAFA
CASSYLSPAELTDTQYF	TVLSFCAFA
CATGGAPQHF	TVLSFCAFA
CASSPSAPGGAYYGYTF	TVLSFCAFA
CASSRLGPSGGNEQFF	TVLSFCAFA
CASSPLYPGARGEQYF	TVLSFCAFA
CASTILSPGGYNSPLHF	TVLSFCAFA
CASSSPLDREETQYF	TVLSFCAFA
CASRKNRPTGPSGNTIYF	TVLSFCAFA
CASSQVYGATNEKLFF	TVLSFCAFA
CASSGLGAGRSSYEQYF	TVLSFCAFA
CASSTRRDVGYRPLHF	TVLSFCAFA
CASSIIQPSGVGEQFF	TVLSFCAFA
CASSPLYPERDNNEQFF	TVLSFCAFA
CASSKPREGRNNEQFF	TVLSFCAFA
CASSLLSPDSYNEQFF	TVLSFCAFA
CASRKLAPSSYNEQFF	TVLSFCAFA
CASQKLNPTGANQPQHF	TVLSFCAFA
CASLKLAPANTGELFF	TVLSFCAFA
CASSPRLAELEHNEQFF	TVLSFCAFA
CASSLSTFRGAMNTEAFF	TVLSFCAFA
CASSLLLPAENHNEQFF	TVLSFCAFA
CSAPEPQRPTAETQYF	TVLSFCAFA
CASSLVGPSGGSYEQYF	TVLSFCAFA
CASINIGPAGRVSEQFF	TVLSFCAFA
CASSLTSPSGANVLTF	TVLSFCAFA
CASSPLYPSGYSDTQYF	TVLSFCAFA
CSATTGTGRFDEQYF	TVLSFCAFA
CASRQIGPDRVYTEAFF	TVLSFCAFA
CASRPLSPAGAVTEAFF	TVLSFCAFA
CASSLLNTEAFF	TVLSFCAFA
CAIRPLEPANTGELFF	TVLSFCAFA
CASSQDRPTYNEQFF	TVLSFCAFA
CASAEIYTGELFF	TVLSFCAFA
CASSTGTGWGYTF	TVLSFCAFA
CASSQRGPSGTIYEQYF	TVLSFCAFA
CASSLWREVLSEQFF	TVLSFCAFA
CASSMVRPAGDSPLHF	TVLSFCAFA
CASSLVQPDRGISNQPQHF	TVLSFCAFA
CASSKLTPSSGANVLTF	TVLSFCAFA
CASAPGLADPYEQYF	TVLSFCAFA
CASSFLSPTSRTPLHF	TVLSFCAFA
CASRPLSPANTGELFF	TVLSFCAFA
CATARLTPSKVDEQFF	TVLSFCAFA
CASRAGFYGYTF	TVLSFCAFA
CASSLLYPDRVNTEAFF	TVLSFCAFA
CASSQGWGGQFF	TVLSFCAFA
CASSQSDRGDTEAFF	TVLSFCAFA
CASSLLTPTGYTEAFF	TVLSFCAFA
CASRPVGPTGLGNTIYF	TVLSFCAFA
CASAALTPARRNTIYF	TVLSFCAFA
CASTSPRTNTEAFF	TVLSFCAFA
CASSVGLSNTGELFF	TVLSFCAFA
CSADSDRDLKREAFF	TVLSFCAFA
CASSDLHPRGPGELFF	TVLSFCAFA
CASSIVSPTNNQPQHF	TVLSFCAFA
CASSLLLPSSGANVLTF	TVLSFCAFA
CASRGLAPSSYNEQFF	TVLSFCAFA
CASNHLSPSTGIGGQPQHF	TVLSFCAFA
CASSSQVYNEQFF	TVLSFCAFA
CASSYIWPASGVHNEQFF	TVLSFCAFA
CASTKLAPSGYNQPQHF	TVLSFCAFA
CASSRTKRFSDTQYF	TVLSFCAFA
CASTLIHPGTGGSNEQFF	TVLSFCAFA
CASSFPKPGPDSPLHF	TVLSFCAFA
CASSLIAPRNQETQYF	TVLSFCAFA
CASSSRTPAGYSPLHF	TVLSFCAFA
CASTPLSPAGHRGEQYF	TVLSFCAFA
CASSYLSPSRGVDEQFF	TVLSFCAFA
CASSRTNPNEQFF	TVLSFCAFA
CASSLVAGLTYNEQFF	TVLSFCAFA
CASSLLFPDRGYNEQFF	TVLSFCAFA
CASTVQGPSGANVLTF	TVLSFCAFA
CASTSLTPDRGPGELFF	TVLSFCAFA
CASGTVAPDGGANVLTF	TVLSFCAFA
CASSFLAGDRGEQYF	TVLSFCAFA
CASSLLRPANTGELFF	TVLSFCAFA
CASSPGTPPAQHF	TVLSFCAFA
CASSSLLPAEPNTEAFF	TVLSFCAFA
CASRQLLPDRAYEQYF	TVLSFCAFA
CASSLLLADSYNEQFF	TVLSFCAFA
CASSPVFPDRGPDEQYF	TVLSFCAFA
CASSVTDLNTEAFF	TVLSFCAFA
CATIRLEPSREGEQFF	TVLSFCAFA
CASRKLHPSNTGELFF	TVLSFCAFA
CASSQVLPSGYHNEQFF	TVLSFCAFA
CASSPPDRPWSEQYF	TVLSFCAFA
CASSAHWYQETQYF	TVLSFCAFA
CASTPIGPSGRIIGELFF	TVLSFCAFA
CASIRLTPTGMSNQPQHF	TVLSFCAFA
CASSRPSPDANTGELFF	TVLSFCAFA
CASSLTNPQRVNEQFF	TVLSFCAFA
CASSLLTPSSYNEQFF	TVLSFCAFA
CASSLLTPSGLNQPQHF	TVLSFCAFA
CATGGGVGQFF	TVLSFCAFA
CASRLLFPHNTGELFF	TVLSFCAFA
CASSRLYPDRAGELFF	TVLSFCAFA
CASSLGTGGQETQYF	TVLSFCAFA
CASSPISPAQNQPQHF	TVLSFCAFA
CASSLLRPSGSNQPQHF	TVLSFCAFA
CASSLSAPVGVETQYF	TVLSFCAFA
CASRIYFGGPSNQPQHF	TVLSFCAFA
CASRILKPTGADYEQYF	TVLSFCAFA
CASRGLQPDRVSYEQYF	TVLSFCAFA
CSVASYQRVDTQYF	TVLSFCAFA
CASSQLGPSGNNEQFF	TVLSFCAFA
CASNPLTPAGVYHEQFF	TVLSFCAFA
CASRPLAPEGYQETQYF	TVLSFCAFA
CASSFLTPDRGNTEAFF	TVLSFCAFA
CASSLIQPAGTGELFF	TVLSFCAFA
CASRQLRPAGGETQYF	TVLSFCAFA
CASSPSGSVPNEQFF	TVLSFCAFA
CATSPGAGGQETQYF	TVLSFCAFA
CASSRTTPSYQETQYF	TVLSFCAFA
CSASIEGRDNEQFF	TVLSFCAFA
CALTRVLAPTYNEQFF	TVLSFCAFA
CASSFGGSPLNEQFF	TVLSFCAFA
CASSVVERGAQYF	TVLSFCAFA
CASRGLAPASTDTQYF	TVLSFCAFA
CASSPTRPDGSGEQYF	TVLSFCAFA
CASSLESGRASQTGELFF	TVLSFCAFA
CASSLWSGNTGELFF	TVLSFCAFA
CASSLQGARETQYF	TVLSFCAFA
CASSVWGTSTTGELFF	TVLSFCAFA
CASSWQGAEQYF	TVLSFCAFA
CASSLLAPSTDTQYF	TVLSFCAFA
CASSYVHPSSYNEQFF	TVLSFCAFA
CASSQDGTGGNQPQHF	TVLSFCAFA
CASSPSSPLTDTQYF	TVLSFCAFA
CASSYQGNYNEQFF	TVLSFCAFA
CASSLLSPSGGYNEQFF	TVLSFCAFA
CSAPVASPAQETQYF	TVLSFCAFA
CASIPGQVKNTEAFF	TVLSFCAFA
CASSLGSPIKQFF	TVLSFCAFA
CASSPDSFEAKNIQYF	TVLSFCAFA
CASRRLNPAALNEQFF	TVLSFCAFA
CASRLLRPDSTRTQYF	TVLSFCAFA
CASSFEGTEAFF	TVLSFCAFA
CASSPAAPSFNQPQHF	TVLSFCAFA
CASSAPGQGSYGYTF	TVLSFCAFA
CASSLLYPQGPTGELFF	TVLSFCAFA
CAIRAGRMFSETQYF	TVLSFCAFA
CASSPLAPAGLETQYF	TVLSFCAFA
CASSFLVPDRGFHEQYF	TVLSFCAFA
CASRRLHPANTGELFF	TVLSFCAFA
CASSAIGPAGERELFF	TVLSFCAFA
CASSFGGGGQETQYF	TVLSFCAFA
CASSESGTGTSWELFF	TVLSFCAFA
CASSPWTGGVQETQYF	TVLSFCAFA
CSAEQSSDASTDTQYF	TVLSFCAFA
CASSLLGAGGETQYF	TVLSFCAFA
CASSLLTPDRLDNSPLHF	TVLSFCAFA
CASSYPTAGGPPYEQYF	TVLSFCAFA
CASSPLTPANTGELFF	TVLSFCAFA
CASSYTPGNEKLFF	TVLSFCAFA
CASSSFAGTGFYEQYF	TVLSFCAFA
CASRELRPDSADNEQFF	TVLSFCAFA
CASREVRPSSYNSPLHF	TVLSFCAFA
CASSLLSPSSYNEQFF	TVLSFCAFA
CASSYGPGELFF	TVLSFCAFA
CASSFLRPANTGELFF	TVLSFCAFA
CASSEIRPSGVDNEQFF	TVLSFCAFA
CASSPTYPAGVGETQYF	TVLSFCAFA
CASAKHDSLSYEQYF	TVLSFCAFA
CARPRGQEFLDGYTF	TVLSFCAFA
CSASLPSPSTDTQYF	TVLSFCAFA
CASRPLRPEAPGELFF	TVLSFCAFA
CASRELRPDRASYEQYF	TVLSFCAFA
CASSLGPFKGRGQETQYF	TVLSFCAFA
CASSSIHPGIGNQPQHF	TVLSFCAFA
CASSDDTGEEADTQYF	TVLSFCAFA
CASSASNYGYTF	TVLSFCAFA
CARSTGGTEAFF	TVLSFCAFA
CASSPAGADYNEQFF	TVLSFCAFA
CASSLVGLQNTGELFF	TVLSFCAFA
CSAGLAAPSYNEQFF	TVLSFCAFA
CSASSARPSYNEQFF	TVLSFCAFA
CASSQDKPSGWGEQFF	TVLSFCAFA
CASSPLYPDRANQPQHF	TVLSFCAFA
CASSLGAGLNTEAFF	TVLSFCAFA
CASSLGQPYEQYF	TVLSFCAFA
CASSYPLNTDTQYF	TVLSFCAFA
CATSGLVPAGTGELFF	TVLSFCAFA
CASSFLLPDRGHNEQFF	TVLSFCAFA
CASSPSSGGDPSPNRVRQYF	TVLSFCAFA
CASSQHTPDYHIPLHF	TVLSFCAFA
CASSPGLADYEQYF	TVLSFCAFA
CASSPLTTTGPLELFF	TVLSFCAFA
CASSLISPSAGGTYNEQFF	TVLSFCAFA
CASSLGQIYNEQFF	TVLSFCAFA
CASRGLHPANTGELFF	TVLSFCAFA
CASIPVLAGTTGELFF	TVLSFCAFA
CASSFLRPDRPTGELFF	TVLSFCAFA
CASSEYGTGGSYEQYF	TVLSFCAFA
CAISGGLQDLTDTQYF	TVLSFCAFA
CASSLGAGGQETQYF	TVLSFCAFA
CASSFMEPTGGLSYTF	TVLSFCAFA
CASRGLRPSGYNEQFF	TVLSFCAFA
CASSLSGGVEQYF	TVLSFCAFA
CASTLGGPGQPQHF	TVLSFCAFA
CASSVVDGLAGMGGNEQFF	TVLSFCAFA
CASSKPSPGGLRNEQFF	TVLSFCAFA
CASSLLTPSSYNEQFF	TVLSFCAFA
CASSLLTPDSDYNEQFF	TVLSFCAFA
CASSLLAPANTGELFF	TVLSFCAFA
CASSTNPGTGNEQYF	TVLSFCAFA
CASSLSSVETQYF	TVLSFCAFA
CASSLSFGANVLTF	TVLSFCAFA
CASSLVGPSYEQYF	TVLSFCAFA
CASSLISPAGQETQYF	TVLSFCAFA
CASSQDGREGPWEEQFF	TVLSFCAFA
CASSEAYYLASGLTGELFF	TVLSFCAFA
CASSLGGEGSPLHF	TVLSFCAFA
CASSLSSKDINTGELFF	TVLSFCAFA
CASSPLAPSSYNEQFF	TVLSFCAFA
CASSKVRPAYTDTQYF	TVLSFCAFA
SPLHF	TVLSFCAFA
CSARVLTPSGGELFF	TVLSFCAFA
CASSFLDPAGGTDTQYF	TVLSFCAFA
CAIRPDRGISYEQYF	TVLSFCAFA
CSATDQQQGNTGELFF	TVLSFCAFA
CASRQIRPSGITDTQYF	TVLSFCAFA
CASTHEAFF	TVLSFCAFA
CATVDLSPRGPSYEQYF	TVLSFCAFA
CASSLVAGPENGQFF	TVLSFCAFA
CASSPIHPSSGANVLTF	TVLSFCAFA
CASRRLAPDGPSTDTQYF	TVLSFCAFA
CSASGQVLYEQYF	TVLSFCAFA
CASSLRLAGGPFTGELFF	TVLSFCAFA
CASSPTTPAGVFYEQYF	TVLSFCAFA
CASSPWTGGGTEAFF	TVLSFCAFA
CSASLLEPSTDTQYF	TVLSFCAFA
CASSPLYGQAPAIEAFF	TVLSFCAFA
CASRKLTPDRVLEQYF	TVLSFCAFA
CASRKLSPTGSNQPQHF	TVLSFCAFA
CASSPWEREGHGGELFF	TVLSFCAFA
CATSDLAAVGYNEQFF	TVLSFCAFA
CASSPGQGKVGYEQYF	TVLSFCAFA
CASSESIGTLETQYF	TVLSFCAFA
CASSPNHPAGGSYNEQFF	TVLSFCAFA
CASRVLRPRDSNTEAFF	TVLSFCAFA
CASSLLTPGQGPLEQYF	TVLSFCAFA
CASRRLAPSSYNEQFF	TVLSFCAFA
CASSAGNNSPLHF	TVLSFCAFA
CASRVLAPANTGELFF	TVLSFCAFA
CASSLSQPGYWFTEAFF	TVLSFCAFA
CASSYSEPSGTGELFF	TVLSFCAFA
CASSQDHGAEQFF	TVLSFCAFA
CASSPVAADGVSPLHF	TVLSFCAFA
CASSFLAGEPNEQFF	TVLSFCAFA
CASRKLQPAGLNQPQHF	TVLSFCAFA
CVTRRLGPSAPYNEQFF	TVLSFCAFA
CASSRLSPAYDQPQHF	TVLSFCAFA
CASRELLAGGPNEQFF	TVLSFCAFA
CASRKLAPSSYNEQFF	TVLSFCAFA
CASSLLFPGEGNQPQHF	TVLSFCAFA
CASSLGGITDTQYF	TVLSFCAFA
CASRGLAPSSYNEQFF	TVLSFCAFA
CASSIASGGEQFF	TVLSFCAFA
CASRRDSPAGTDTQYF	TVLSFCAFA
CASSTTGVGQPQHF	TVLSFCAFA
CASRVDRDYYEQYF	TVLSFCAFA
CASRLLLAGTANSPLHF	TVLSFCAFA
CSARDWQGSGNTIYF	TVLSFCAFA
CASSLLMPTGIQPQHF	TVLSFCAFA
CASSSYDRVKSPLHF	TVLSFCAFA
CSVVGTSGDNEQFF	TVLSFCAFA
CASSWTAGGQPQHF	TVLSFCAFA
CASTTETQYF	TVLSFCAFA
CASSQVRPANTGELFF	TVLSFCAFA
CASRKLMPSGVGYEQYF	TVLSFCAFA
CASRTLTPASPYEQYF	TVLSFCAFA
CSALVSGANVLTF	TVLSFCAFA
CAISPQGAPIYGYTF	TVLSFCAFA
CASRKLRPSSTDTQYF	TVLSFCAFA
CASSSPLPDRGATEAFF	TVLSFCAFA
CASSIASGSTGELFF	TVLSFCAFA
CASVALLPDRREETQYF	TVLSFCAFA
CASSLKAPSSYNEQFF	TVLSFCAFA
CASRDIEPQGYRETQYF	TVLSFCAFA
CASSPLHPDRVGNTIYF	TVLSFCAFA
CSVELGQGVETQYF	TVLSFCAFA
CASSSDAGHCHF	TVLSFCAFA
CASRTLPPAGGHRETQYF	TVLSFCAFA
CASSEWGETQYF	TVLSFCAFA
CASSWGTGNTIYF	TVLSFCAFA
CASSLLSPASGAGELFF	TVLSFCAFA
CASSESGTAYEAFF	TVLSFCAFA
CASSLLAPDTNTGELFF	TVLSFCAFA
CASSQVSPALYNSPLHF	TVLSFCAFA
CASSQDWGGNTIYF	TVLSFCAFA
CASSRLTPSSYNEQFF	TVLSFCAFA
CASSFGGSNEQFF	TVLSFCAFA
CASSLLVPATGASNQPQHF	TVLSFCAFA
CASSLLNPGTGSYGYTF	TVLSFCAFA
CASSLLTPSSYNEQFF	TVLSFCAFA
CASTRGHPSRSATYNEQFF	TVLSFCAFA
CASSGPRKNTEAFF	TVLSFCAFA
RASSLWGDPFGDEQFF	TVLSFCAFA
CASSLTTPSDTGELFF	TVLSFCAFA
CASSLGTGYEQYF	TVLSFCAFA
CASSSLGLAGGEVYEQYF	TVLSFCAFA
CASSLLAGGPGELFF	TVLSFCAFA
CASSLLHPTGRPDTQYF	TVLSFCAFA
CASSTDPNRDLNTEAFF	TVLSFCAFA
CASSPLAPANTGELFF	TVLSFCAFA
CASRYIPPAGPLWDEQFF	TVLSFCAFA
CSARDGRGIYEQYF	TVLSFCAFA
CASSPLRGYEQYF	TVLSFCAFA
CASSPPDRASYEQYF	TVLSFCAFA
CATSRLDRGRQPQHF	TVLSFCAFA
CASSQTSPSGSYGEQFF	TVLSFCAFA
CASRKLTPSFAGELFF	TVLSFCAFA
CASRYLRPDRGDTEAFF	TVLSFCAFA
CSARDVRGLNTEAFF	TVLSFCAFA
CASRSSGSTGSYNEQFF	TVLSFCAFA
CASSQDKGATEAFF	TVLSFCAFA
CASSLLRPAGDSPLHF	TVLSFCAFA
CASSLLTPGYSNQPQHF	TVLSFCAFA
CASSLLSGEPYNEQFF	TVLSFCAFA
CASSLLAPSSYNEQFF	TVLSFCAFA
CATSSSLAGRSYNEQFF	TVLSFCAFA
CASSDLWGSTNQPQHF	TVLSFCAFA
CASSQLGPAGDGTEQFF	TVLSFCAFA
CASSQEPMDRSNYGYTF	TVLSFCAFA
CASSALQPVGTDTQYF	TVLSFCAFA
CASSPPAPAGGAGQYF	TVLSFCAFA
CASSEFLTSGGTDTQYF	TVLSFCAFA
CASSGGTWVYF	TVLSFCAFA
CASSPSTGLQTQYF	TVLSFCAFA
CSAATSGDGRTDTQYF	TVLSFCAFA
CASSFGTGGNEQFF	TVLSFCAFA
CASSPLLPHRPSYEQYF	TVLSFCAFA
CASSLGVLYEQYF	TVLSFCAFA
CASMEGRVDFYGYTF	TVLSFCAFA
CASSFGGLGSEAFF	TVLSFCAFA
CASSYLGPSGGDTQYF	TVLSFCAFA
CASSFLSPDKGLTYEQYF	TVLSFCAFA
CASSLLTPGEITEAFF	TVLSFCAFA
CASRSLAPARPSEQFF	TVLSFCAFA
CASSLQGPVPNQPQHF	TVLSFCAFA
CASRLLAPRGPQPQHF	TVLSFCAFA
CASTLLLPGTSNQPQHF	TVLSFCAFA
CASSDGTGLFEQFF	TVLSFCAFA
CASTMGGINQPQHF	TVLSFCAFA
CASSLGGGGQETQYF	TVLSFCAFA
CASRQNSPTGPQDEQYF	TVLSFCAFA
CASRQIRPGQVAYEQYF	TVLSFCAFA
CASRDSTDTQYF	TVLSFCAFA
CASRALLPSGVAYEQYF	TVLSFCAFA
CATSRVSVRGPGYTF	TVLSFCAFA
CASSQVVPRGTGELFF	TVLSFCAFA
CASTSTGLTGELFF	TVLSFCAFA
CASRLLAPHSYNEQFF	TVLSFCAFA
CASSQAWLAENNEQFF	TVLSFCAFA
CASRDLRPMGYNEQFF	TVLSFCAFA
CASRPIGPDRVGDTQYF	TVLSFCAFA
CASSQEGPAGVGELFF	TVLSFCAFA
CASRGQGPDTQYF	TVLSFCAFA
CASSFTGALRVETQYF	TVLSFCAFA
CASSFLTPAAGGLERFF	TVLSFCAFA
CASSQDLGRTDTQYF	TVLSFCAFA
CASSPLQPGSSNQPQHF	TVLSFCAFA
CASSLAQPGQGPTEAFF	TVLSFCAFA
CASGGGFPQYF	TVLSFCAFA
CASRYGTGKTYNSPLHF	TVLSFCAFA
CASSFGGGLYGYTF	TVLSFCAFA
CASSFNRGQAYNTDTQYF	TVLSFCAFA
CSAGTGGLWEQYF	TVLSFCAFA
CASRPLYPANTGELFF	TVLSFCAFA
CSARDIRGLDNEQFF	TVLSFCAFA
CASSRDPMSNTEAFF	TVLSFCAFA
CARAGSEQPDNEQFF	TVLSFCAFA
CASSYLLPGQGAREQYF	TVLSFCAFA
CSAGPSSGPSTDTQYF	TVLSFCAFA
CASSLSLPDRVGNEQFF	TVLSFCAFA
CSAGLASPSYNEQFF	TVLSFCAFA
CASSVLRPDGYNEQFF	TVLSFCAFA
CASSAISPSRHQPQHF	TVLSFCAFA
CASSGLAPDSYNEQFF	TVLSFCAFA
CASSLLTPSGYNEQFF	TVLSFCAFA
CAISDGGGEQYF	TVLSFCAFA
CASSLLLPADGGQPQHF	TVLSFCAFA
