CDR3	AA
CASSLGRDSTDTQYF	YFTSDYYQLY
CASSFTSGGQETQYF	YFTSDYYQLY
CASSPTVGVNTEAFF	YFTSDYYQLY
CASSFFFVASNEQYF	YFTSDYYQLY
CASRLRLDFYEQYF	YFTSDYYQLY
CASRGLAGGQDTQYF	YFTSDYYQLY
CASSLAGQADGSPLHF	YFTSDYYQLY
CASSYSARGRWETQYF	YFTSDYYQLY
CASSFRQPNQPQHF	YFTSDYYQLY
CASSLRRDYENNEQFF	YFTSDYYQLY
CASSPGQGASAYGYTF	YFTSDYYQLY
CASSLAGQGYEQYF	YFTSDYYQLY
CASSDVTRGNQPQHF	YFTSDYYQLY
CASSEGPTGYEQYF	YFTSDYYQLY
CASSLSRAAYEQYV	YFTSDYYQLY
CASSLQGVQETQYF	YFTSDYYQLY
CASSQDIGGPNTGELFF	YFTSDYYQLY
CASSVDEVNYGYTF	YFTSDYYQLY
CASSVGVGYRNTGELFF	YFTSDYYQLY
CASSHGLAGAYEQFF	YFTSDYYQLY
CASSFWTGVGQPQHF	YFTSDYYQLY
CASSVEDRVFTNTEAFF	YFTSDYYQLY
CASSYGGSSTDTQYF	YFTSDYYQLY
CASKSWTGLGSPLHF	YFTSDYYQLY
CASSLVFLAGRSGDTQYF	YFTSDYYQLY
CASSPMVNSPLHF	YFTSDYYQLY
CASSPQVSYYEQYF	YFTSDYYQLY
CASSTTGTTYYEQYF	YFTSDYYQLY
CASRLRTDYNEQFF	YFTSDYYQLY
CATSTLWAGDSNQPQHF	YFTSDYYQLY
CASSQGGDHFQPQHF	YFTSDYYQLY
CASSPSAGVGSEQFF	YFTSDYYQLY
CASNSLAGTGELFF	YFTSDYYQLY
CASSAVHPGQGGVIAGGTSYEQYF	YFTSDYYQLY
CSARGRAYEQYF	YFTSDYYQLY
CASSPWTGVGNEQFF	YFTSDYYQLY
CASSQVAGAHQPQHF	YFTSDYYQLY
CASSYWGASNEKLFF	YFTSDYYQLY
CASRQGRNTEAFF	YFTSDYYQLY
CASSLDGASGRADTQYF	YFTSDYYQLY
CASSPDDRRDPKETQYF	YFTSDYYQLY
CASSLGADSQETQYF	YFTSDYYQLY
CASSRGTSGQETQYF	YFTSDYYQLY
CASSQALQGADTQYF	YFTSDYYQLY
CASSLWTGLGYEQYF	YFTSDYYQLY
CASSSPHKGRRETQYF	YFTSDYYQLY
CASSPNLDLGSYEQYF	YFTSDYYQLY
CASSLGADSQETQYF	YFTSDYYQLY
CAREGPAHEQFF	YFTSDYYQLY
CATGGQGARTGELFF	YFTSDYYQLY
CASSLVGPGPGEKLFF	YFTSDYYQLY
CASKEGGGELFF	YFTSDYYQLY
CASSSTSGTGELFF	YFTSDYYQLY
CASSYWTGAGETQYF	YFTSDYYQLY
CSETSSYTTNEQFF	YFTSDYYQLY
CSARDLAGGPGTGELFF	YFTSDYYQLY
CASSPMGSYEQYF	YFTSDYYQLY
CAAGGVGETQYF	YFTSDYYQLY
CASSLGFWQGAPDEKLFF	YFTSDYYQLY
CASSESTRGLEQYF	YFTSDYYQLY
CASSQNAYEQYF	YFTSDYYQLY
CASSPGLAGADTQYF	YFTSDYYQLY
CASRQRDTANYGYTF	YFTSDYYQLY
CASSLGGGSTDTQYF	YFTSDYYQLY
CASSLAGTGDVGTQYF	YFTSDYYQLY
CATSADRTRSYNEQFF	YFTSDYYQLY
CSVAMDPYYGYTF	YFTSDYYQLY
CASSLDRAQETQYF	YFTSDYYQLY
CSARLGSERNEQFF	YFTSDYYQLY
CASSPRTGNYEQYF	YFTSDYYQLY
CASSLEGISDYNEQFF	YFTSDYYQLY
CASSPWTGLGTEAFF	YFTSDYYQLY
CASSIGGDLQETQYF	YFTSDYYQLY
CASSLAQGGKNIQYF	YFTSDYYQLY
CASSYSVGGEAFF	YFTSDYYQLY
CASSQDTGPGRAQYF	YFTSDYYQLY
CASSLGGSSTDTQYF	YFTSDYYQLY
CASSLGGQGDGSPLHF	YFTSDYYQLY
CASSQDHAGHNSPLHF	YFTSDYYQLY
CASSLGGSSTDTQYF	YFTSDYYQLY
CATSYLDSRDRYVYTQYF	YFTSDYYQLY
CATMPNCATGASGCEQYF	YFTSDYYQLY
CASSPWTGLPYEQYF	YFTSDYYQLY
CASSLAGQGDGSPLHF	YFTSDYYQLY
CSARDLGGALAGALWETQYF	YFTSDYYQLY
CASSLEGQGARGYTF	YFTSDYYQLY
CASSPGDSRTDTQYF	YFTSDYYQLY
CASSPIAGRGTDTQYF	YFTSDYYQLY
CASSPRAGDRGEQYF	YFTSDYYQLY
CASSSWTGMGYEQYF	YFTSDYYQLY
CASSFMPGNSHGYTF	YFTSDYYQLY
CASSSRTSGSSRPGEQYF	YFTSDYYQLY
CASSQGGDYNQPQHF	YFTSDYYQLY
CASSLEGGYGYTF	YFTSDYYQLY
CASSDDRFSYEQYF	YFTSDYYQLY
CSARVELAQSSYNEQFF	YFTSDYYQLY
CASSDYRGGTEAFF	YFTSDYYQLY
CATSPNRDREATGELFF	YFTSDYYQLY
CATSTSSGQETQYF	YFTSDYYQLY
CASIGMTDSYEQYF	YFTSDYYQLY
CASSLGGDYNQPQHF	YFTSDYYQLY
CATKYVGGNQPQHF	YFTSDYYQLY
CASTHSRDRGEGNTIYF	YFTSDYYQLY
CASSVDGAGGREQYF	YFTSDYYQLY
CASSIQNTGELFF	YFTSDYYQLY
CASSSVAGTGELFF	YFTSDYYQLY
CASSLATPSSYNEQFF	YFTSDYYQLY
CASSVASGSSYEQYF	YFTSDYYQLY
CASSRNTGELFF	YFTSDYYQLY
CATSDPKGDFYNEQFF	YFTSDYYQLY
CASSYLDRGETQYF	YFTSDYYQLY
CASSLASARNSYEQYF	YFTSDYYQLY
CASRWELAGDPDTQYF	YFTSDYYQLY
CASSQVTGQETQYF	YFTSDYYQLY
CASSHTPGQNYGYTF	YFTSDYYQLY
CASSSWTGVGETQYF	YFTSDYYQLY
CASSLWTGIGNEQFF	YFTSDYYQLY
CASSKGTEIEETQYF	YFTSDYYQLY
CASSYSSSRGPFPYEQYF	YFTSDYYQLY
CAIKPRTGDFYNEQFF	YFTSDYYQLY
CASSRDQYNEQFF	YFTSDYYQLY
CASSQDGDNEQFF	YFTSDYYQLY
CASSLKGGGYQETQYF	YFTSDYYQLY
CSVRTSVTYEQYF	YFTSDYYQLY
CASSLARQGARNTEAFF	YFTSDYYQLY
CASSYSSTLGGSPYEQYF	YFTSDYYQLY
CASSHGGDRIEKLFF	YFTSDYYQLY
CASSETRQYPLYGYTF	YFTSDYYQLY
CASSRDRGNTEAFF	YFTSDYYQLY
CASSTWTSGSTADTQYF	YFTSDYYQLY
CASSILAVQETQYF	YFTSDYYQLY
CASSDKDRDLYNEQFF	YFTSDYYQLY
CSARGLLDVSEQYF	YFTSDYYQLY
CASSSEGQKQYF	YFTSDYYQLY
CASEVAGTRGEQFF	YFTSDYYQLY
CASSLGGSSTDTQYF	YFTSDYYQLY
CAISENGGADYGYTF	YFTSDYYQLY
CASSPGDRGHEQYF	YFTSDYYQLY
CASSYQGVVEQYF	YFTSDYYQLY
CASSSRTSGTPGSYNEQFF	YFTSDYYQLY
CASSLFGGEDTQYF	YFTSDYYQLY
CASSATGELFF	YFTSDYYQLY
CASSLWTGVGETQYF	YFTSDYYQLY
CASSLLDGGETQYF	YFTSDYYQLY
CASSLLGAFF	YFTSDYYQLY
CASSILGNENIQYF	YFTSDYYQLY
CASSSTGTSAATPYEQYF	YFTSDYYQLY
CASSEAPPGTSGRIEQFF	YFTSDYYQLY
CSALLPPQETQYF	YFTSDYYQLY
CASSIWTGVGYEQYF	YFTSDYYQLY
CASSPTSGGPYNEQFF	YFTSDYYQLY
CASSIGGDSQETQYF	YFTSDYYQLY
CASNDRGAGSETQYF	YFTSDYYQLY
CASSQAVGGTEAFF	YFTSDYYQLY
CASSQVGGSGYEQYF	YFTSDYYQLY
CATSRAVGQETQYF	YFTSDYYQLY
CASSEGAGSTDTQYF	YFTSDYYQLY
CASGKDRGYEQYF	YFTSDYYQLY
CASSMLGTDTQYF	YFTSDYYQLY
CASSLTSGSLRNEQFF	YFTSDYYQLY
CASSSRDPSGNTIYF	YFTSDYYQLY
CASSDVTSGRLDF	YFTSDYYQLY
CATSTTSGQETQYF	YFTSDYYQLY
CASSPWTGVGETQYF	YFTSDYYQLY
CASSQDPLYGYTF	YFTSDYYQLY
CASSQEISGLSYEQYF	YFTSDYYQLY
CASSQTGGQNEQFF	YFTSDYYQLY
CASSPDREPYNEQFF	YFTSDYYQLY
CSARDAAEYYEQYF	YFTSDYYQLY
CASSLAQQGVNEQYF	YFTSDYYQLY
CASSYDGRAYEQYF	YFTSDYYQLY
CASSYTRRNTGELFF	YFTSDYYQLY
CAWSALELGLREGHNEQFF	YFTSDYYQLY
CASSQKTDSTTPRPGELFF	YFTSDYYQLY
CASSTRTSSSLYGYTF	YFTSDYYQLY
CSARVSLAQSSYNEQFF	YFTSDYYQLY
CASSIGQGNEQFF	YFTSDYYQLY
CASSLSSGGGYQPQHF	YFTSDYYQLY
CASHLRVDYYNEQFF	YFTSDYYQLY
CASSSGLEIYNEQFF	YFTSDYYQLY
CASSLGGQGDGSPLHF	YFTSDYYQLY
CASSLDPPGTSGKIEQYF	YFTSDYYQLY
CATSGPIRGPVRGGELFF	YFTSDYYQLY
CASSLGLTEAFF	YFTSDYYQLY
CASSQETSGDFKIEQYF	YFTSDYYQLY
CASSQTSRGDSNQPQHF	YFTSDYYQLY
CASSVGGDSLETQYF	YFTSDYYQLY
CASADRGSKNIQYF	YFTSDYYQLY
CASSLGGGSTDTQYF	YFTSDYYQLY
CASSPWTGVAYEQYF	YFTSDYYQLY
CASSLVAGSSYEQYF	YFTSDYYQLY
CASSPLRDSMETQYF	YFTSDYYQLY
CASKGQGYEQYF	YFTSDYYQLY
CASSGTWTAGELFF	YFTSDYYQLY
CATSDLEGYYGYTF	YFTSDYYQLY
CASRIDRDHSNQPQHF	YFTSDYYQLY
CASSLLGVDYNSPLHF	YFTSDYYQLY
CSARDPLRQAVYNEQFF	YFTSDYYQLY
CASSPRGSGYNEQFF	YFTSDYYQLY
CASSLRGDSSYEQYF	YFTSDYYQLY
CASTGLAGNQETQYF	YFTSDYYQLY
CASSLWAGVSYEQYF	YFTSDYYQLY
CASSDPTTGELFF	YFTSDYYQLY
CASSQENSGVSYEQYF	YFTSDYYQLY
CASSLTRAGDQPQHF	YFTSDYYQLY
CASSYSLNPEAQYF	YFTSDYYQLY
CASSFGLAQSFPEQYF	YFTSDYYQLY
CASSTWTGVGYEQYF	YFTSDYYQLY
CASSLGGGSTDTQYF	YFTSDYYQLY
CASSDPNFYSNQPQHF	YFTSDYYQLY
CASSEGPDTRTQYF	YFTSDYYQLY
CASSYQDSFTDTQYF	YFTSDYYQLY
CASSLSDRGLETQYF	YFTSDYYQLY
CASSEAPVGYEQYF	YFTSDYYQLY
CASSQLAGQETQYF	YFTSDYYQLY
CASSLGASSTDTQYF	YFTSDYYQLY
CASRTPDTGELFF	YFTSDYYQLY
CASSHTRRIGEAFF	YFTSDYYQLY
CASSLVSGQETQYF	YFTSDYYQLY
CSARDPRLAGEGYQETQYF	YFTSDYYQLY
CASSLAGDLGTEAFF	YFTSDYYQLY
CASSLGGSSTDTQYF	YFTSDYYQLY
CASSEPLGSYAEGYTF	YFTSDYYQLY
CASKEIRADSNQPQHF	YFTSDYYQLY
CASRAPDSSEQYF	YFTSDYYQLY
CASSSWTGVGNEQFF	YFTSDYYQLY
CASSSWTGVGPEAFF	YFTSDYYQLY
CASSQAPGAGEQFF	YFTSDYYQLY
CASSQEHSAGGTGELFF	YFTSDYYQLY
CASSLSPPQGPSYEQYF	YFTSDYYQLY
CASSVGGRSYEQYF	YFTSDYYQLY
CASSLGGGSTDTQYF	YFTSDYYQLY
CASSQGQVDGWPLHF	YFTSDYYQLY
CASSLGGGSTDTQYF	YFTSDYYQLY
CASSVAAGVGYEQYF	YFTSDYYQLY
CASSLGPPTGGSGNTIYF	YFTSDYYQLY
CSVRTVNSYEQYF	YFTSDYYQLY
CASSGGTVAGLAGYTF	YFTSDYYQLY
CASSLSVRGNEQFF	YFTSDYYQLY
CASSYSTTSGSRPYEQYF	YFTSDYYQLY
CSARVPDSKNIQYF	YFTSDYYQLY
CASSLGGSSTDTQYF	YFTSDYYQLY
CASSLGGGSTDTQYF	YFTSDYYQLY
CASSPGQRTEAFF	YFTSDYYQLY
CAIRLRTDYNEQFF	YFTSDYYQLY
CSARVPGSSNQPQHF	YFTSDYYQLY
CATTTGISETQYF	YFTSDYYQLY
CASSGIDSYEQYF	YFTSDYYQLY
CASSVASGSSYEQYF	YFTSDYYQLY
CASSQLATTETQYF	YFTSDYYQLY
CASSYSRRGYEQYF	YFTSDYYQLY
CASSPTDRGHSPLHF	YFTSDYYQLY
CASSGTGDWVQPQHF	YFTSDYYQLY
CASRPSGTGGTGELFF	YFTSDYYQLY
CASSQGGDYNQPQHF	YFTSDYYQLY
CATSSPERGDSNQPQHF	YFTSDYYQLY
CASSSRTSGTTYSTDTQYF	YFTSDYYQLY
CASSLGGSSTDTQYF	YFTSDYYQLY
CASSLDSGSYNEQFF	YFTSDYYQLY
CASSQGPGQKYEQYF	YFTSDYYQLY
CASSSHPSGSTENNEQFF	YFTSDYYQLY
CASSQGGEWNQPQHF	YFTSDYYQLY
CASSLGGQGDGSPLHF	YFTSDYYQLY
CATSARETNQPQHF	YFTSDYYQLY
CASSRVGGTEAFF	YFTSDYYQLY
CAWSVPGDFNQPQHF	YFTSDYYQLY
CASSLEAGAVNEQFF	YFTSDYYQLY
CASSGGSDYEQYF	YFTSDYYQLY
CASSFAYLDGNTIYF	YFTSDYYQLY
CASSPRERSYNEQFF	YFTSDYYQLY
CASSIAGQGDGSPLHF	YFTSDYYQLY
CATNPSGASTDTQYF	YFTSDYYQLY
CASSRLGGSGYEQYF	YFTSDYYQLY
CASSLWTGSGNIQYF	YFTSDYYQLY
CASSPHPGEEQFF	YFTSDYYQLY
CSASVGSYEQYF	YFTSDYYQLY
CASSPIRTSASRVTGELFF	YFTSDYYQLY
CASSLYSNEQFF	YFTSDYYQLY
CASSYSARLTEAFF	YFTSDYYQLY
CASSLGGSSTDTQYF	YFTSDYYQLY
CASSVGQGSSDTQYF	YFTSDYYQLY
CASSLTGEALAYEQFF	YFTSDYYQLY
CASSQVSGSGYEQYF	YFTSDYYQLY
CASSQVSGSGYEQYF	YFTSDYYQLY
CASSYQLDQTSGYNEQFF	YFTSDYYQLY
CATSDLAMGAAGEQYF	YFTSDYYQLY
CASSPGTGRYGYTF	YFTSDYYQLY
CASSISGQGDGSPLHF	YFTSDYYQLY
CSARDPLRQSSYNEQFF	YFTSDYYQLY
CASSLEGGNNYGYTF	YFTSDYYQLY
