CDR3	AA
CASTLAGELFF	INVFAFPFTI
CSATQGTGELFF	INVFAFPFTI
CASSLGGVQYF	INVFAFPFTI
CASSLEQTYSPLHF	INVFAFPFTI
CASSLENGFEAFF	INVFAFPFTI
CATSGPTGRGEQFF	INVFAFPFTI
CASSQAYTQYF	INVFAFPFTI
CASSFAGEQYF	INVFAFPFTI
CASSTESMGNQPQHF	INVFAFPFTI
CASSFAGNEQFF	INVFAFPFTI
CASRPTRKGETQYF	INVFAFPFTI
CASSLSGANTEAFF	INVFAFPFTI
CASSNRQGAVNSPLHF	INVFAFPFTI
CASSPMGSGSLNEQFF	INVFAFPFTI
CASSLSTF	INVFAFPFTI
CASSLAGETQYF	INVFAFPFTI
CASREGLAGEIAYNEQFF	INVFAFPFTI
CASSQEPVRGLSEQYF	INVFAFPFTI
CSARDWAAVLTF	INVFAFPFTI
CASSYTGAGELFF	INVFAFPFTI
CASSVGSGPYVEQFF	INVFAFPFTI
CSATGERTYYEQYF	INVFAFPFTI
CASSSSIYRGSQPQHF	INVFAFPFTI
CASSHRGPEQYF	INVFAFPFTI
CASSVYTDTQYF	INVFAFPFTI
CATTGGNEQFF	INVFAFPFTI
CASSPGTSGTYEQYF	INVFAFPFTI
CASSTWGGNQPQHF	INVFAFPFTI
CASSYSGGELFF	INVFAFPFTI
CASSVTGAGEQFF	INVFAFPFTI
CASSPNGQDRYF	INVFAFPFTI
CASSALAGGLNEQFF	INVFAFPFTI
CASATGGEQFF	INVFAFPFTI
CASSPTGYEQYF	INVFAFPFTI
CASSPDGVSEQFF	INVFAFPFTI
CASSPVGAPEQFF	INVFAFPFTI
CASSMHGDTQYF	INVFAFPFTI
CASSPSGNEQYF	INVFAFPFTI
CASSTSGETQYF	INVFAFPFTI
CASSVEGTGSTEAFF	INVFAFPFTI
CASSLRQGNEKLFF	INVFAFPFTI
CASSFVSTQYF	INVFAFPFTI
CASSFAETQYF	INVFAFPFTI
CASTEREGLSNEQFF	INVFAFPFTI
CSVETGRGYEQYF	INVFAFPFTI
CASSFSGEQFF	INVFAFPFTI
CASRFMPGTADHF	INVFAFPFTI
CSANSGEETQYF	INVFAFPFTI
CASSLVGQGSYEQYF	INVFAFPFTI
CASSWLTGLATEAFF	INVFAFPFTI
CASSLAQTQYF	INVFAFPFTI
CSARDLGGGPNIYNEQFF	INVFAFPFTI
CSVDARGLAGGHGGNEQFF	INVFAFPFTI
CASSLSFEQFF	INVFAFPFTI
CASSSTGLPDTQYF	INVFAFPFTI
CASSPAGYEQYF	INVFAFPFTI
CASSPDSKLFF	INVFAFPFTI
CASSYGSYEQYF	INVFAFPFTI
CSATNGQETQYF	INVFAFPFTI
CASSVEGGPDTQYF	INVFAFPFTI
CASSPTGFEAFF	INVFAFPFTI
CASSLAPERDQYF	INVFAFPFTI
CACTGGYTEAFF	INVFAFPFTI
CASSYGGNEQFF	INVFAFPFTI
CASSFTGWGNTIYF	INVFAFPFTI
CASSDRDNSYEQYF	INVFAFPFTI
CASSLAGETQYF	INVFAFPFTI
CASSPQGYEQYF	INVFAFPFTI
CASSLTGAEQFF	INVFAFPFTI
CASSWSFYEQYF	INVFAFPFTI
CAISGEEGFGPNQPQHF	INVFAFPFTI
CSASAGTDLYEQYF	INVFAFPFTI
CASSWGTGELFF	INVFAFPFTI
CASSLSAEAFF	INVFAFPFTI
CASSPWTELAKNIQYF	INVFAFPFTI
CASSPGTDSYEQYF	INVFAFPFTI
CASSPEQGSSYEQYF	INVFAFPFTI
CASDYGAGFEQFF	INVFAFPFTI
CASSYGGTGYTF	INVFAFPFTI
CSASISPSRGVLFNTEAFF	INVFAFPFTI
CASSLVGGGVEQYF	INVFAFPFTI
CASSFSGELFF	INVFAFPFTI
CSATGLPTYEQYF	INVFAFPFTI
CAIMTGWGYTF	INVFAFPFTI
CASSFGDTIYF	INVFAFPFTI
CASSSTGASLFF	INVFAFPFTI
CASTPSGYGYTF	INVFAFPFTI
CAISEGQDSYEQYF	INVFAFPFTI
CASSYSGETQYF	INVFAFPFTI
CSAQSLAGEDEQFF	INVFAFPFTI
CAWSAVTSGTYEQYF	INVFAFPFTI
CASSLQGETQYF	INVFAFPFTI
CASSFSDTQYF	INVFAFPFTI
CASSPYLGQPQHF	INVFAFPFTI
CASSLGTSGSQEETQYF	INVFAFPFTI
CASSYSYGTEAFF	INVFAFPFTI
CATIGGHDEAFF	INVFAFPFTI
CASSSLLEQFF	INVFAFPFTI
CASSFAGIQYF	INVFAFPFTI
CASSFVGLAGNEQFF	INVFAFPFTI
CASSSLETQYF	INVFAFPFTI
CASSEGLAADTQYF	INVFAFPFTI
CASTPLPLAGLNTGELFF	INVFAFPFTI
CASSYGGNQPQHF	INVFAFPFTI
CASSYPLRGTSGLTDTQYF	INVFAFPFTI
CASSSSGPKEGQPQHF	INVFAFPFTI
CASSLSETQYF	INVFAFPFTI
CASSYAADEAFF	INVFAFPFTI
CASSFADTQYF	INVFAFPFTI
CASSLELAGDLGTQYF	INVFAFPFTI
CSATSGRTYEQYF	INVFAFPFTI
CASSLGGGTTNTDTQYF	INVFAFPFTI
CASSLTYEQYF	INVFAFPFTI
CASVLGTGNTEAFF	INVFAFPFTI
CASSSLGGLSLAPEAKNIQYF	INVFAFPFTI
CASSFTGYEQYF	INVFAFPFTI
CASSFTGSGAFF	INVFAFPFTI
CATSDLPLAGGNRWNEQFF	INVFAFPFTI
CASSPDVNANTGELFF	INVFAFPFTI
CASSLTRGAIYF	INVFAFPFTI
CASKHRGSGKFGETQYF	INVFAFPFTI
CASSTGAYGYTF	INVFAFPFTI
CASSLVAYEQYF	INVFAFPFTI
CSGTANTGELFF	INVFAFPFTI
CSAMRGYQETQYF	INVFAFPFTI
CASSFDGRGGYTF	INVFAFPFTI
CASRTWGQGDEQYF	INVFAFPFTI
CASSLGGPMGGYTF	INVFAFPFTI
CASSLTGNEQFF	INVFAFPFTI
CASGTGELFF	INVFAFPFTI
CASSLRYGYTF	INVFAFPFTI
CTLGGGGHYGYTF	INVFAFPFTI
CASSHGPESGLGRNQPQHF	INVFAFPFTI
CASSLGGSSYNEQFF	INVFAFPFTI
CSARDGVYNEQFF	INVFAFPFTI
CASNPPGGNEQFF	INVFAFPFTI
CASSVQETQYF	INVFAFPFTI
CASSDLAGGLNEQFF	INVFAFPFTI
CASSYAGEQYF	INVFAFPFTI
CSALGSNYGYTF	INVFAFPFTI
CASSLDFQGPSNEQFF	INVFAFPFTI
CASSLAQDRGFEAFF	INVFAFPFTI
CASSFSTEAFF	INVFAFPFTI
CASSQTGYGYTF	INVFAFPFTI
CASSQAHGYEQYF	INVFAFPFTI
CAISEWGNTEAFF	INVFAFPFTI
CASSSPGTGWIQQYF	INVFAFPFTI
CSVISFGRDSYEQYF	INVFAFPFTI
CASSFSNEQFF	INVFAFPFTI
CASATGPEQYF	INVFAFPFTI
CASQQDGTPGHEQFF	INVFAFPFTI
CASSFQETQYF	INVFAFPFTI
CASSLTMNYGYTF	INVFAFPFTI
CSARTGDNEQFF	INVFAFPFTI
CASSFSGTDTQYF	INVFAFPFTI
CATLKGGEQYF	INVFAFPFTI
CSATMGRETQYF	INVFAFPFTI
CASSSPNSNQPQHF	INVFAFPFTI
CASSLGVEETQYF	INVFAFPFTI
CASSLDWVYGYTF	INVFAFPFTI
CSAREDRLVEQFF	INVFAFPFTI
CAITNTGELFF	INVFAFPFTI
CASSGGGTFF	INVFAFPFTI
CASSSGLAGGTDTQYF	INVFAFPFTI
CASSPTGYEQYF	INVFAFPFTI
CSALLTDTNQPQHF	INVFAFPFTI
CASSYGDGTYEQYF	INVFAFPFTI
CASTQGEEQFF	INVFAFPFTI
CASSFAGYGYTF	INVFAFPFTI
CASSNTGEKLFF	INVFAFPFTI
CASSLIGTSGVLRETQYF	INVFAFPFTI
CASSLFPAGDVGELFF	INVFAFPFTI
CASSYTGGEQFF	INVFAFPFTI
CAISGTGTGDSYEQYF	INVFAFPFTI
CSAREIGGGVEQYF	INVFAFPFTI
CASSSGLAGGPDTQYF	INVFAFPFTI
CSATPPGVERNEQFF	INVFAFPFTI
CAINPGQGASTDTQYF	INVFAFPFTI
CASSYSQPQHF	INVFAFPFTI
CASSYVSQGYGYTF	INVFAFPFTI
CASSLSPGQSGYTF	INVFAFPFTI
CASSQEPRLAGGGPFF	INVFAFPFTI
CAISETGLMNTEAFF	INVFAFPFTI
CASSPGATQYF	INVFAFPFTI
CASSLTNTQYF	INVFAFPFTI
CASRGLAGPIGDEQYF	INVFAFPFTI
CAISEPRGGYGYTF	INVFAFPFTI
CASSWGLAGANTGELFF	INVFAFPFTI
CASSYSIGGSLYEQYF	INVFAFPFTI
CASSPDGMGTEAFF	INVFAFPFTI
CSVGTGTSYEQYF	INVFAFPFTI
CASSLSGFGYTF	INVFAFPFTI
CASRLRGGMTPLHF	INVFAFPFTI
CASSSPSGIQGAAYEQYF	INVFAFPFTI
CASSLSPGYYGYTF	INVFAFPFTI
CASSFFKSEGSGKYF	INVFAFPFTI
CASSLGGARNTEAFF	INVFAFPFTI
CATWTGQGTQYF	INVFAFPFTI
CASSWGGICTF	INVFAFPFTI
CASSITGELFF	INVFAFPFTI
CASSLGFSSGTNSYEQYF	INVFAFPFTI
CASSAEGWTEAFF	INVFAFPFTI
CASSLADTQYF	INVFAFPFTI
CASQGAKETQYF	INVFAFPFTI
CASSLGAAQANTGELFF	INVFAFPFTI
CSVEFGQAYNEQFF	INVFAFPFTI
CASSYSIFVGGNEQFF	INVFAFPFTI
CASSPVNTGELFF	INVFAFPFTI
CASSPGGETQYF	INVFAFPFTI
CSAPQGDSNQPQHF	INVFAFPFTI
CASSHSGAEQFF	INVFAFPFTI
CASSSWNTEAFF	INVFAFPFTI
CASSLGGTGTYNEQFF	INVFAFPFTI
CASSHGDTQYF	INVFAFPFTI
CASSMGNQPQHF	INVFAFPFTI
CASSTRDRSYEQYF	INVFAFPFTI
CSAAQGSETQYF	INVFAFPFTI
CASSLGTEYWF	INVFAFPFTI
CASGLTAETQYF	INVFAFPFTI
CASSLNWDSSISGANVLTF	INVFAFPFTI
CASSESAETQYF	INVFAFPFTI
CASRNPGREGFYNEQFF	INVFAFPFTI
CASSKAGDSYNEQFF	INVFAFPFTI
CASSLNSNQPQHF	INVFAFPFTI
CASSFSHEQFF	INVFAFPFTI
CASTLVGDEQFF	INVFAFPFTI
CASSFVYEQFF	INVFAFPFTI
CASSQELTGELFF	INVFAFPFTI
CASSLAGAEQFF	INVFAFPFTI
CSARDPRGQAFF	INVFAFPFTI
CSVEDTVIYEQYF	INVFAFPFTI
CASGPAGARGYGYTF	INVFAFPFTI
CASSESEGTAGRADTQYF	INVFAFPFTI
CASSVADGSNIQYF	INVFAFPFTI
CASSLTQGGSTGELFF	INVFAFPFTI
CASSYSGEQYF	INVFAFPFTI
CASSLGLAGGLFDNEQFF	INVFAFPFTI
CASSAFQGEDTEAFF	INVFAFPFTI
CSASSQGAFDAFF	INVFAFPFTI
CASSPAGARQFF	INVFAFPFTI
CASSLQGEKLFF	INVFAFPFTI
CASSGGTGAYEQYF	INVFAFPFTI
CSADAVSTDTQYF	INVFAFPFTI
CASSFGGTQYF	INVFAFPFTI
CSVEVGVGYEQYF	INVFAFPFTI
CSATSGRETQYF	INVFAFPFTI
CASSFSGELFF	INVFAFPFTI
CASSLYGPEQYF	INVFAFPFTI
CASSQSEAGENSPLHF	INVFAFPFTI
RARLYERDTNNEQFF	INVFAFPFTI
CASSLGYEQYF	INVFAFPFTI
CASSFEGQPQHF	INVFAFPFTI
CAISAGTTSYEQYF	INVFAFPFTI
CSAWGEYEMNTEAFF	INVFAFPFTI
CSGLEHNEQFF	INVFAFPFTI
CSSYTETGALGEQYF	INVFAFPFTI
CASSLGTGELFF	INVFAFPFTI
CAIGDPGLKTGGEQFF	INVFAFPFTI
CATRTPSENEQFF	INVFAFPFTI
CASSVETVYNEQFF	INVFAFPFTI
CASSPGGYGYTF	INVFAFPFTI
CASTQTPTELFF	INVFAFPFTI
CASSYGGGVNEQFF	INVFAFPFTI
CASSVGAEAGSGNTIYF	INVFAFPFTI
CASGGTDTQYF	INVFAFPFTI
CSVIGVDAGANVLTF	INVFAFPFTI
CASSLEGGAEQFF	INVFAFPFTI
CSAMQGAGDSYEQYF	INVFAFPFTI
CASSLSGIYEQYF	INVFAFPFTI
CASSLGAPRFF	INVFAFPFTI
CARLGDTQYF	INVFAFPFTI
CASTHSTGTANTGELFF	INVFAFPFTI
CASSLRDF	INVFAFPFTI
CASSSTGYTIYF	INVFAFPFTI
CASSYSVGQFF	INVFAFPFTI
CASSDTGNGYTF	INVFAFPFTI
CASSFGQPQHF	INVFAFPFTI
CASSFRYEAFF	INVFAFPFTI
CSVERDTEAFF	INVFAFPFTI
CASSPGYNEQFF	INVFAFPFTI
CASSQGVGTEAFF	INVFAFPFTI
CASSPDGFYAFF	INVFAFPFTI
CASSWDTNYGYTF	INVFAFPFTI
CASLGRFDYGYTF	INVFAFPFTI
CATLQGEYNEQFF	INVFAFPFTI
CASSEGLSSYEQYF	INVFAFPFTI
CASSFSYEQYF	INVFAFPFTI
CASSIAGYNEQFF	INVFAFPFTI
CASSVEEGSPYNEQFF	INVFAFPFTI
CASSLGTGYTF	INVFAFPFTI
CASRDSSSGANVLTF	INVFAFPFTI
CASSLSGQGNEQFF	INVFAFPFTI
CASSYPGYEQYF	INVFAFPFTI
CASSLSYEQYF	INVFAFPFTI
CSALGTATDTQYF	INVFAFPFTI
CASSFSGETQYF	INVFAFPFTI
CASSLAGNEQFF	INVFAFPFTI
CSATANTGELFF	INVFAFPFTI
CASSPTGGELFF	INVFAFPFTI
CASSFAGVEQFF	INVFAFPFTI
CASSFSAEQYF	INVFAFPFTI
CASSQGRAQGELFF	INVFAFPFTI
CASSFEGAGGIQYF	INVFAFPFTI
CASSLGLAEYEQYF	INVFAFPFTI
CSVETGNGETQYF	INVFAFPFTI
CASSQDHTPNEQFF	INVFAFPFTI
CASTTQGVNNEQFF	INVFAFPFTI
CSVDGGLNTEAFF	INVFAFPFTI
CASTYAGYGYTF	INVFAFPFTI
CASSLSLGFIPGQGDSGYGYTF	INVFAFPFTI
CASSSTNEQFF	INVFAFPFTI
CASSTPFTNYGYTF	INVFAFPFTI
CASSFSYEQYF	INVFAFPFTI
CASSFTGREQYF	INVFAFPFTI
CSVEHGGSSYNEQFF	INVFAFPFTI
CSVGLGTGFEQYF	INVFAFPFTI
CASSYTGSGEQYF	INVFAFPFTI
CASVPQGRAEAFF	INVFAFPFTI
CASSYAGELFF	INVFAFPFTI
CASSYETGGLNTEAFF	INVFAFPFTI
CASSPGSGAFF	INVFAFPFTI
CASSSPDWNTQYF	INVFAFPFTI
CASSPTSYEQYF	INVFAFPFTI
CASSPLTVSYEQYF	INVFAFPFTI
CASSRGGPGELFF	INVFAFPFTI
CSATRGLSTDTQYF	INVFAFPFTI
CASSGGWVSDTQYF	INVFAFPFTI
CASSYSSTPSYEQYF	INVFAFPFTI
CASSSSPGANTEAFF	INVFAFPFTI
CASSYGEGEQFF	INVFAFPFTI
CASSQGGHTAFF	INVFAFPFTI
CASSFAPNTGELFF	INVFAFPFTI
CASSYQETQYF	INVFAFPFTI
CASSFQGNTEAFF	INVFAFPFTI
CASSQTGAEAFF	INVFAFPFTI
CASSAQGGGTDTQYF	INVFAFPFTI
CASSLSLGFYEQYF	INVFAFPFTI
CSARVRVSGNTIYF	INVFAFPFTI
CATGTGELFF	INVFAFPFTI
CASSPSGEKLFF	INVFAFPFTI
CSVELGEGFEQYF	INVFAFPFTI
CSAVLAGGHYEQYF	INVFAFPFTI
CASSLGLHTEAFF	INVFAFPFTI
CASSPVHQETQYF	INVFAFPFTI
CASSGTGELFF	INVFAFPFTI
CSVSKPLTSGRYNEQFF	INVFAFPFTI
CASSAGARQYF	INVFAFPFTI
CASSSAWTGSYEQYF	INVFAFPFTI
CSAMTYGYTF	INVFAFPFTI
CASSFEGTQYF	INVFAFPFTI
CSAPSYNEQFF	INVFAFPFTI
CSALTGAGNTIYF	INVFAFPFTI
CASSIIGSGNTIYF	INVFAFPFTI
CASSEGNMNGYTF	INVFAFPFTI
CASSLGVLNTEAFF	INVFAFPFTI
CAWGTAGNTIYF	INVFAFPFTI
CASSHVAGGMDTQYF	INVFAFPFTI
CSASTGAGYEQYF	INVFAFPFTI
CASSPDEDTQYF	INVFAFPFTI
CSAAIYRDGHSYEQYF	INVFAFPFTI
CASTYGGPNTEAFF	INVFAFPFTI
CASSPSGYEQYF	INVFAFPFTI
CASSLRVSSQETQYF	INVFAFPFTI
CASSQVGETQYF	INVFAFPFTI
CASFSQGVYNEQFF	INVFAFPFTI
CASSHTSGYSYEQYF	INVFAFPFTI
CASSLAPPEQFF	INVFAFPFTI
CASSSTGAEQFF	INVFAFPFTI
CASSLTGAEQFF	INVFAFPFTI
CASSYSGETQYF	INVFAFPFTI
CASSYSPSAYEQFF	INVFAFPFTI
CSARDYGSRGNIQYF	INVFAFPFTI
CASSLPYTF	INVFAFPFTI
CASSIGGTTSHF	INVFAFPFTI
CASSIPTSENNEQFF	INVFAFPFTI
CASSPLVREGHNEQFF	INVFAFPFTI
CSANHYNEQFF	INVFAFPFTI
CASSLTGAVPDTQYF	INVFAFPFTI
CSVEVGDGYEQYF	INVFAFPFTI
CASSWTGNGYTF	INVFAFPFTI
CASSDGYGYTF	INVFAFPFTI
CASFGGATDTQYF	INVFAFPFTI
CASSFSPGELFF	INVFAFPFTI
CASSQGPGQETQYF	INVFAFPFTI
CASSFLEGIGTGELFF	INVFAFPFTI
CASSSSSGRGGVWNIQYF	INVFAFPFTI
CSAADRGGQPQHF	INVFAFPFTI
CSARSPEGDDPGYTF	INVFAFPFTI
CASSYTGQVYGYTF	INVFAFPFTI
CASSRAGQTYYEQYF	INVFAFPFTI
CSARTSNQRGNIQYF	INVFAFPFTI
CASSSSPRLSF	INVFAFPFTI
CASSWMTSGGSYNEQFF	INVFAFPFTI
CASSGSGETQYF	INVFAFPFTI
CATGTGELFF	INVFAFPFTI
CASSIGPGYTF	INVFAFPFTI
CASSFGPEQYF	INVFAFPFTI
CASSYTGFEQYF	INVFAFPFTI
CASSLAPPGELFF	INVFAFPFTI
CASSPLGTSGGGELFF	INVFAFPFTI
CSARDSLDSRPYEQYF	INVFAFPFTI
CASSPSGGGELFF	INVFAFPFTI
CSASGLAGAHEQYF	INVFAFPFTI
CASAGGPEQYF	INVFAFPFTI
CASSPTGAEAFF	INVFAFPFTI
CAWRVLHQDTQYF	INVFAFPFTI
CATRQGSGELFF	INVFAFPFTI
CASSFQGATEAFF	INVFAFPFTI
CASPAAGAVFNEQFF	INVFAFPFTI
CASGSTDTQYF	INVFAFPFTI
CASSNPGDTYNEQFF	INVFAFPFTI
CSVISGDVNGYTF	INVFAFPFTI
CSASPGGPGETQYF	INVFAFPFTI
CASSFSGTLNI	INVFAFPFTI
CASSYGSLAQYF	INVFAFPFTI
CASSPFVETQYF	INVFAFPFTI
CASSSTGAEQFF	INVFAFPFTI
CASSLFSGGREQYF	INVFAFPFTI
CASSFPTETQYF	INVFAFPFTI
CSAVGTASSYEQYF	INVFAFPFTI
CATSRTGGRGYGYTF	INVFAFPFTI
CAALVGNEQFF	INVFAFPFTI
CATSQTGNTIYF	INVFAFPFTI
CASSLADRLGYETQYF	INVFAFPFTI
CASSYPPDRGQAEAFF	INVFAFPFTI
CATEVGSGANVLTF	INVFAFPFTI
CASSYSAYEQYF	INVFAFPFTI
CASSVAGLENEQFF	INVFAFPFTI
CASSSGTSGYEQYF	INVFAFPFTI
CASSYTGAETQYF	INVFAFPFTI
CASSLTGEQYF	INVFAFPFTI
CASSQSGGADEQYF	INVFAFPFTI
CASSFTGNEQFF	INVFAFPFTI
CASSSPGVFVYGYTF	INVFAFPFTI
CASSPTGGGEQYF	INVFAFPFTI
CASGFDVGTNEKLFF	INVFAFPFTI
CASRSTSGSYEQYF	INVFAFPFTI
CSVEEGEHGNTIYF	INVFAFPFTI
CASSLAGELFF	INVFAFPFTI
CSVEDRAYGYTF	INVFAFPFTI
CSARDLGQGTYGYTF	INVFAFPFTI
CASSLSGTGTF	INVFAFPFTI
CASSSVGLDRHF	INVFAFPFTI
CASSRIAGGPEQYF	INVFAFPFTI
CASSPGGLYYGYTF	INVFAFPFTI
CASSPNSLGLSSYNEQFF	INVFAFPFTI
CASSMGEPPQFF	INVFAFPFTI
CASSYGYEQYF	INVFAFPFTI
CASSFAGELFF	INVFAFPFTI
CASRDYPEQYF	INVFAFPFTI
CATSDFVAGNTGELFF	INVFAFPFTI
CASSWTGETQYF	INVFAFPFTI
CSARGTHDQETQYF	INVFAFPFTI
CSATEFYEQYF	INVFAFPFTI
CSVEAGAGYEQYF	INVFAFPFTI
CASRDQGQETQYF	INVFAFPFTI
CASSLGTEAFF	INVFAFPFTI
CSAPTLVNTEAFF	INVFAFPFTI
CSVEEGGRGYEQYF	INVFAFPFTI
CSTDRVGIEQFF	INVFAFPFTI
CASSPSGETQYF	INVFAFPFTI
CASSFAGELFF	INVFAFPFTI
CASSLDGYEQYF	INVFAFPFTI
CASSFEGTQYF	INVFAFPFTI
CATGWGKFF	INVFAFPFTI
CASSQTGVTYEQYF	INVFAFPFTI
CASTAWASGGYNEQFF	INVFAFPFTI
CASSPGTGISYEQYF	INVFAFPFTI
CASSYPLSGTSDPETQYF	INVFAFPFTI
CSPGLDNEQFF	INVFAFPFTI
CASSQAGGTGELFF	INVFAFPFTI
CASSLGETQYF	INVFAFPFTI
CASSYGGETQYF	INVFAFPFTI
CSAGGVFVSYNEQFF	INVFAFPFTI
CASSFEGVYEQFF	INVFAFPFTI
CASSLLGEQYF	INVFAFPFTI
CASSLDGYEQYF	INVFAFPFTI
CASGRGEAFF	INVFAFPFTI
CASSVGGSSYNEQFF	INVFAFPFTI
CSAPGLAVPYEQYF	INVFAFPFTI
CASQLAGGYYNEQFF	INVFAFPFTI
CASSPGWGQGYEQYF	INVFAFPFTI
CASGLANEQYF	INVFAFPFTI
CASSFQGVWADTQYF	INVFAFPFTI
CSVQAGTDEQYF	INVFAFPFTI
CSARDPSSYNSPLHF	INVFAFPFTI
CASSDRSSPFSYNEQFF	INVFAFPFTI
CASSPTGYEQFF	INVFAFPFTI
CASSLGLGGSYEQYF	INVFAFPFTI
CASSVTGAEQYF	INVFAFPFTI
CASSLSIYRDRDQPQHF	INVFAFPFTI
CASSWTGENYEQYF	INVFAFPFTI
CASTFDSVEAFF	INVFAFPFTI
CATLLGTGELFF	INVFAFPFTI
CSGTTNTGELFF	INVFAFPFTI
CAIASTDTQYF	INVFAFPFTI
CASSYGGETQYF	INVFAFPFTI
CASSSTGETQYF	INVFAFPFTI
CASSWGTVTGELFF	INVFAFPFTI
CASSFAGPPTGTDTQYF	INVFAFPFTI
CASSFGGWAQYF	INVFAFPFTI
CASSFQGKEFF	INVFAFPFTI
CASSFANEQFF	INVFAFPFTI
CSASLPLNSNQPQHF	INVFAFPFTI
CASGGYGYTF	INVFAFPFTI
CSVEEGTGFEQYF	INVFAFPFTI
CASSLTGNTIYF	INVFAFPFTI
CASSQDTLRNEKLFF	INVFAFPFTI
CASSPSGNTIYF	INVFAFPFTI
CATSLQSEETQYF	INVFAFPFTI
CASSSSGGEADTQYF	INVFAFPFTI
CASSLYIGSPQPYEQYF	INVFAFPFTI
CASSLGLGNEQYF	INVFAFPFTI
CSARDLPQGANYGYTF	INVFAFPFTI
CASSQSPYGYTF	INVFAFPFTI
CASSFNAVGAPGELFF	INVFAFPFTI
CASSGLGGRTDTQYF	INVFAFPFTI
CASSGRVTYNEQFF	INVFAFPFTI
CADTPGVFF	INVFAFPFTI
CASSWAGNEQYF	INVFAFPFTI
CASTLALDTQYF	INVFAFPFTI
CASSDGDRGGYEQYF	INVFAFPFTI
CASSLGQGEAFF	INVFAFPFTI
CASSLSGELFF	INVFAFPFTI
CSVPPGADNYGYTF	INVFAFPFTI
CASSYSEGLTEAFF	INVFAFPFTI
CASSATSGTHAYNEQFF	INVFAFPFTI
CAIRSAWGEQYF	INVFAFPFTI
CASSISGANEQFF	INVFAFPFTI
CASSLTSFQHF	INVFAFPFTI
CSVKTGVSGNTIYF	INVFAFPFTI
CASSQGGYEQYF	INVFAFPFTI
CASSLAAPYEQYF	INVFAFPFTI
CASSTTGYEQYF	INVFAFPFTI
CASSLGGHFGWNEQFF	INVFAFPFTI
CSARKDRWDYGYTF	INVFAFPFTI
CASSVSDTDTQYF	INVFAFPFTI
CASSSTGGGTDTQYF	INVFAFPFTI
CASSLSYEQYF	INVFAFPFTI
CASSSGTGIDEQFF	INVFAFPFTI
CASSPTGHETQYF	INVFAFPFTI
CASSHYDGGYNEQFF	INVFAFPFTI
RATLHGTSGGPYEQYF	INVFAFPFTI
CASSSAEGTQYF	INVFAFPFTI
CASSFSDTQYF	INVFAFPFTI
CSAIVGGTGELFF	INVFAFPFTI
CASSLGAAEAFF	INVFAFPFTI
CASTLSALHEQYF	INVFAFPFTI
CASSLEQGADEQFF	INVFAFPFTI
CASSVELAGNTGELFF	INVFAFPFTI
CANTPYEI	INVFAFPFTI
CSVEGDTTNYEQYF	INVFAFPFTI
CASSPGDEQFF	INVFAFPFTI
CASSQDYYGYTF	INVFAFPFTI
CASRVGTGGGTDTQYF	INVFAFPFTI
CASSLPGTGSGYTF	INVFAFPFTI
CASSPTGAEGYTF	INVFAFPFTI
CASSPEAGRSYEQYF	INVFAFPFTI
CASSVVGPLNEKLFF	INVFAFPFTI
CASSLTGYEQYF	INVFAFPFTI
CASSEFGQDSYEQYF	INVFAFPFTI
CASSSPGQGLIYEQYF	INVFAFPFTI
CASSLTGNTYEQYF	INVFAFPFTI
CASGDTGELFF	INVFAFPFTI
CASSPTGLEQYF	INVFAFPFTI
CASSLPADEQYF	INVFAFPFTI
CASSGGAMNTEAFF	INVFAFPFTI
CASSSGGHEQYF	INVFAFPFTI
CSVVSPPVHYGYTF	INVFAFPFTI
CSTLTLSGTGELFF	INVFAFPFTI
CSARQGVSAFF	INVFAFPFTI
CASSPVIGQGVRSYEQYF	INVFAFPFTI
CAISDQGLTYEQYF	INVFAFPFTI
CSAYIPERGDQPQHF	INVFAFPFTI
CASSLVSSGNNEQFF	INVFAFPFTI
CASSQGPGYTF	INVFAFPFTI
CASSLVGETQYF	INVFAFPFTI
CASSFDEKLFF	INVFAFPFTI
CASSRTGSEAFF	INVFAFPFTI
CAISLQGGETQYF	INVFAFPFTI
CATSDDRGVQPQHF	INVFAFPFTI
CASSDFGGFSYEQYF	INVFAFPFTI
CASSPTGETQYF	INVFAFPFTI
CASSHEPAGGWYNEQFF	INVFAFPFTI
CASLRGTEAFF	INVFAFPFTI
CASSPTGYEQYF	INVFAFPFTI
CSATRGVGTDTQYF	INVFAFPFTI
CSARDLLGLAGPELYEQYF	INVFAFPFTI
CASGPSEPDGYTF	INVFAFPFTI
CASSPSGGGEQYF	INVFAFPFTI
CASSWGLDGYTF	INVFAFPFTI
CASSLDLSNQPQHF	INVFAFPFTI
CASSYSDRAKGTGELFF	INVFAFPFTI
CASSSNGLAGGYEQYF	INVFAFPFTI
CASRGEQVEQYF	INVFAFPFTI
CASSLDGTGDNHYGYTF	INVFAFPFTI
CASGGGIPNEQFF	INVFAFPFTI
CASSPDYSNIQYF	INVFAFPFTI
CASSPTGHTQYF	INVFAFPFTI
CASSFDGNEQFF	INVFAFPFTI
CASIPAPRQGLDGYTF	INVFAFPFTI
CASSSQGGAFF	INVFAFPFTI
CSVVDSLNTEAFF	INVFAFPFTI
CASRTTGLPYEQYF	INVFAFPFTI
CATSLTDTQYF	INVFAFPFTI
CASGGYGYTF	INVFAFPFTI
CASSPTGNEQYF	INVFAFPFTI
CASSWNTEAFF	INVFAFPFTI
CASSYSGGGADTQYF	INVFAFPFTI
CASSPALRGRTKSSYEQYF	INVFAFPFTI
CAGGFSGELFF	INVFAFPFTI
CSVEDGVTDTQYF	INVFAFPFTI
CASSLEGEKLFF	INVFAFPFTI
CASSSPPQYF	INVFAFPFTI
CASSWGSSNGELFF	INVFAFPFTI
CSVQTGGGFEQYF	INVFAFPFTI
CSAQPGLADYEQYF	INVFAFPFTI
CSASGVPTYEQYF	INVFAFPFTI
CASSFSGELFF	INVFAFPFTI
CASSYSGETQYF	INVFAFPFTI
CSVERGRGNEQFF	INVFAFPFTI
CASSQTGEIQYF	INVFAFPFTI
CASSFLGTAGELFF	INVFAFPFTI
CASSPPSSTDTQYF	INVFAFPFTI
CASSPTGAEQYF	INVFAFPFTI
CSVELGTGFEQYF	INVFAFPFTI
CASSLAGEKLFF	INVFAFPFTI
CASSVELAGLFNEQFF	INVFAFPFTI
CASEGHDSSYEQYF	INVFAFPFTI
CATSETGSEQYF	INVFAFPFTI
CASSLGSGQYNEQFF	INVFAFPFTI
CASSYVYEQYF	INVFAFPFTI
CASSLENYGYTF	INVFAFPFTI
CASSPTGAEAFF	INVFAFPFTI
CASSPTGDTQYF	INVFAFPFTI
CASSLAGETQYF	INVFAFPFTI
CSADSGRNEQFF	INVFAFPFTI
CASSKFRLAFYNEQFF	INVFAFPFTI
CASSFVQPGYTF	INVFAFPFTI
CASSRTGETQYF	INVFAFPFTI
CASSVELAGGLNRQFF	INVFAFPFTI
CASSYTLAGETPSTDTQYF	INVFAFPFTI
CASSYGGNQPQHF	INVFAFPFTI
CASSSGLESYEQYF	INVFAFPFTI
CASSLGPGTVGAGELFF	INVFAFPFTI
CATSDNRQGNEQFF	INVFAFPFTI
CASSLSGETQYF	INVFAFPFTI
CASSLAGRRHF	INVFAFPFTI
CASSAFFGLAGGGKETQYF	INVFAFPFTI
CASRLDPSRSYEQYF	INVFAFPFTI
CASSPGMQPEAFF	INVFAFPFTI
CASSLYTGGETQYF	INVFAFPFTI
CASSQTGNTIYF	INVFAFPFTI
CASSPGSYNEQFF	INVFAFPFTI
CSARGLVGEKLFF	INVFAFPFTI
CASSTELGSYNEQFF	INVFAFPFTI
CASSYSGNEQFF	INVFAFPFTI
CASSWTGNEAFF	INVFAFPFTI
CASTQGLAGATGELFF	INVFAFPFTI
CASSYLRQGNEKLFF	INVFAFPFTI
CSVVTGNTGELFF	INVFAFPFTI
CSVEVSGFEQFF	INVFAFPFTI
CASTFSGELFF	INVFAFPFTI
CATQRGFEQFF	INVFAFPFTI
CASSAVGIGGPQAFF	INVFAFPFTI
CASSGGGTEAFF	INVFAFPFTI
CASFGGYEQYF	INVFAFPFTI
CAGTGTPYGYTF	INVFAFPFTI
CSARGGLAHEQYF	INVFAFPFTI
CASSYSTTSGSPDTQYF	INVFAFPFTI
CASSVDSGSYEQYF	INVFAFPFTI
CSVVSDRGVDEQFF	INVFAFPFTI
CASTLAGTQYF	INVFAFPFTI
CASRPGYNNEQFF	INVFAFPFTI
CASSGGLAGGPAQETQYF	INVFAFPFTI
CASSQGGYEQYF	INVFAFPFTI
CASSAPTGQGDYEQYF	INVFAFPFTI
CASSLSVEQYF	INVFAFPFTI
CSASLSGRTYEQYF	INVFAFPFTI
CASSPTGETQYF	INVFAFPFTI
CSARWVGGAPNEQFF	INVFAFPFTI
CASSFSSVELFF	INVFAFPFTI
CASSYRGQEQFF	INVFAFPFTI
CASSFGTEAFF	INVFAFPFTI
CSSTSGDTYEQYF	INVFAFPFTI
CASSPGGWQTQYF	INVFAFPFTI
CSIGAGTSYEQYF	INVFAFPFTI
CSVELGSGNTIYF	INVFAFPFTI
CASSYAGLETQYF	INVFAFPFTI
CASSLGETQYF	INVFAFPFTI
CASSKTPFSRGIGEQYF	INVFAFPFTI
CASSAGGETQYF	INVFAFPFTI
CASSYLQGGTEAFF	INVFAFPFTI
CASSGSPGTGELFF	INVFAFPFTI
CASSLTDTQYF	INVFAFPFTI
CSASRGSETQYF	INVFAFPFTI
CSATVANEQFF	INVFAFPFTI
CASRTGVEAFF	INVFAFPFTI
CASSSFQGFGELFF	INVFAFPFTI
CASSLSGETQYF	INVFAFPFTI
CASSFTGGYTF	INVFAFPFTI
CASSQGGDSDF	INVFAFPFTI
CASSFGAWQFF	INVFAFPFTI
CASSYAGELFF	INVFAFPFTI
CASSSTGHEQFF	INVFAFPFTI
CSARDVYEQYF	INVFAFPFTI
CATSRAGQGYEQYF	INVFAFPFTI
CASSGQGSDNEQFF	INVFAFPFTI
CASSITGAYEQYF	INVFAFPFTI
CAISETGAEQYF	INVFAFPFTI
CATSQGAANSNQPQHF	INVFAFPFTI
CAMRVEDSNYGYTF	INVFAFPFTI
CASSQNPGTSFHNEQFF	INVFAFPFTI
CASSRLAGREQYF	INVFAFPFTI
CASSPGTGAYEQYF	INVFAFPFTI
CATSRGSRYEQYF	INVFAFPFTI
CASSYYPGVPQETQYF	INVFAFPFTI
CASSPWGGEQFF	INVFAFPFTI
CASKVFGAGELFF	INVFAFPFTI
CASSHGEETQYF	INVFAFPFTI
CASSFSGASDTQYF	INVFAFPFTI
CASSGGLAGGVWSYEQYF	INVFAFPFTI
CASSPGPMAFF	INVFAFPFTI
CATSLSANNEQFF	INVFAFPFTI
CASSLGGAEAFF	INVFAFPFTI
CASSLSGTQYF	INVFAFPFTI
CASSYEGSGAPTGELFF	INVFAFPFTI
CASSESEGYPSYEQYF	INVFAFPFTI
CSARDQRVRGDTQYF	INVFAFPFTI
CASSSRLAGEPTKIF	INVFAFPFTI
CASTPGEDTEAFF	INVFAFPFTI
CASSQRKYEQYF	INVFAFPFTI
CSAPTGETYEQYF	INVFAFPFTI
CATSRGSRAEQYF	INVFAFPFTI
CAAGRDGFYEQYF	INVFAFPFTI
CASSYGQHEQYF	INVFAFPFTI
CASSPFGSQETQYF	INVFAFPFTI
CASSLLAGASHEQYF	INVFAFPFTI
CSVEGGGNEQFF	INVFAFPFTI
CAISESDLTGGFTGANVLTF	INVFAFPFTI
CASIVTAGGNTGELFF	INVFAFPFTI
CASSEYSGGADEQFF	INVFAFPFTI
CASSLSGANEQFF	INVFAFPFTI
CASSLAGNQFF	INVFAFPFTI
CASAASGETQYF	INVFAFPFTI
CASSPGGEKLFF	INVFAFPFTI
CASSYSLAGDNEQFF	INVFAFPFTI
CASSGDGGEKLFF	INVFAFPFTI
CASSLTETLTSGSDEQFF	INVFAFPFTI
CASSLGGYNEQFF	INVFAFPFTI
CASSLFLAGDYNEQFF	INVFAFPFTI
CSAKTGLNEQFF	INVFAFPFTI
CATSRERGPYNEQFF	INVFAFPFTI
CASSSSGTGYEQYV	INVFAFPFTI
CASSQGLEQYF	INVFAFPFTI
CASSGAGEKLFF	INVFAFPFTI
CASSQVGEAFF	INVFAFPFTI
CSVADGQGKGETQYF	INVFAFPFTI
CASSFSYEQYF	INVFAFPFTI
CASSPTGNEQFF	INVFAFPFTI
CASISGTYEQYF	INVFAFPFTI
CASSPRTSGTYEQYF	INVFAFPFTI
CASSQDLSYEQYF	INVFAFPFTI
CASSSSDLAGGTGELFF	INVFAFPFTI
CASSLVGETQYF	INVFAFPFTI
CASSPQGNTEAFF	INVFAFPFTI
CASSLAGNEKLFF	INVFAFPFTI
CSVRTGEVNEQFF	INVFAFPFTI
CASSEAPAGDSYEQYF	INVFAFPFTI
CASSLYTF	INVFAFPFTI
CASSPTDGEQFF	INVFAFPFTI
CASSQDTVDRGGTNEKLFF	INVFAFPFTI
CATSRGTEETQYF	INVFAFPFTI
CASSSSQSSYEQYF	INVFAFPFTI
CASSVDSGSYEQYF	INVFAFPFTI
CASSRTGYNEQFF	INVFAFPFTI
CATSNTGELFF	INVFAFPFTI
CAISGQSVSYEQYF	INVFAFPFTI
CASSLSGEKLFF	INVFAFPFTI
CASSQGPALHF	INVFAFPFTI
CASSPSGNTIYF	INVFAFPFTI
CSAGQGTPSYNEQFF	INVFAFPFTI
CSAGRGEGYEQYF	INVFAFPFTI
CASSYGGYGAWQHF	INVFAFPFTI
CATSSGRTDFLGNIQYF	INVFAFPFTI
CASSVTTAGYGYTF	INVFAFPFTI
CASTPGNRRYYGYTF	INVFAFPFTI
CSASVAGESYEQFF	INVFAFPFTI
CASSLTGDTQYF	INVFAFPFTI
CSARETGGVNTEAFF	INVFAFPFTI
CASGRERSYNEQFF	INVFAFPFTI
CASSLAGETQYF	INVFAFPFTI
CSARPTSGRSDEQFF	INVFAFPFTI
CSARVYVEQFF	INVFAFPFTI
CASSDRGNNEQFF	INVFAFPFTI
CASSLMVPGTEAFF	INVFAFPFTI
RASSSHAGQFF	INVFAFPFTI
CASSQVGETQYF	INVFAFPFTI
CASSRGLAGSYGGELFF	INVFAFPFTI
CASGGYTF	INVFAFPFTI
CASSPGGIQYF	INVFAFPFTI
CASSEVPSGTYEQYF	INVFAFPFTI
CASSTITGVNTGELFF	INVFAFPFTI
CASSALNSNQPQHF	INVFAFPFTI
CASSQVGGGEKLFF	INVFAFPFTI
CASSQIGEKLFF	INVFAFPFTI
CASSHMGETQYF	INVFAFPFTI
CASTDSGNTIYF	INVFAFPFTI
CSAPPGTDNYGYTF	INVFAFPFTI
CASSGPGLYPSSGKNIQYF	INVFAFPFTI
CASGQGPGYTF	INVFAFPFTI
CASSYRETQYF	INVFAFPFTI
CASSPRHGSADTQYF	INVFAFPFTI
CSVETGNSGNTIYF	INVFAFPFTI
CASSFTGELFF	INVFAFPFTI
CASSLAGASDEQFF	INVFAFPFTI
CATCTSGQETQYF	INVFAFPFTI
CASRLTGTGELFF	INVFAFPFTI
CSGQPVSGGAHEQYF	INVFAFPFTI
CASSTTGATQYF	INVFAFPFTI
CSAFSGTNIPYGYTF	INVFAFPFTI
CSARDGTSGRAEQFF	INVFAFPFTI
CASSLDGAEQFF	INVFAFPFTI
CSVEAGGGYEQYF	INVFAFPFTI
CASSPTGAPNYGYTF	INVFAFPFTI
CASSLTGTGNGYTF	INVFAFPFTI
CASSNMGLGQPQHF	INVFAFPFTI
CASSWGETQYF	INVFAFPFTI
CASNYPGGGLFF	INVFAFPFTI
CASSPTGVAYTF	INVFAFPFTI
CASSFSSWPFF	INVFAFPFTI
CSARDGTTYEQYF	INVFAFPFTI
CASRSYTEAFF	INVFAFPFTI
CSARGTAISNYGYTF	INVFAFPFTI
CASSLVGGESPLHF	INVFAFPFTI
CASSPDGGARSDTQYF	INVFAFPFTI
CASSFSYEQYF	INVFAFPFTI
CASSPPFF	INVFAFPFTI
CASSYNRGNEQFF	INVFAFPFTI
CASRDRGETQYF	INVFAFPFTI
CAGPAGETQYF	INVFAFPFTI
CASSLVGETQYF	INVFAFPFTI
CASSLYGLPMIETQYF	INVFAFPFTI
CASSTPSEQYF	INVFAFPFTI
CASSLVPGDMNTEAFF	INVFAFPFTI
CASSLAGYNEQFF	INVFAFPFTI
CAWSVGLGPYNEQFF	INVFAFPFTI
CASSQVGDRLYEQYF	INVFAFPFTI
CASTLGLWPEAFF	INVFAFPFTI
CASSPTGNEQFF	INVFAFPFTI
CASSEDLSGDYEQYF	INVFAFPFTI
CASSFTGFEQYF	INVFAFPFTI
CASSEQGEKLFF	INVFAFPFTI
CASTRGNTQYF	INVFAFPFTI
CASSYSRAGPNTGELFF	INVFAFPFTI
CASSLAGAGSYNEQFF	INVFAFPFTI
CASSVEGRGPYNEQFF	INVFAFPFTI
CASSQDAGVDTQYF	INVFAFPFTI
CASSETNF	INVFAFPFTI
CASTPTGNTIYF	INVFAFPFTI
CSVPHPLRAIEQFF	INVFAFPFTI
CASSYVGPGELFF	INVFAFPFTI
CASSKDLKRRQFF	INVFAFPFTI
CSASSGSVEQFF	INVFAFPFTI
CASSENAGAEAFF	INVFAFPFTI
CASSDTGGNEQFF	INVFAFPFTI
CASSWLLAGGPGEDNEQFF	INVFAFPFTI
CASSSLDSSEAFF	INVFAFPFTI
CASTGGGHTGELFF	INVFAFPFTI
CASSFTHEETQYF	INVFAFPFTI
CASSLSEKLFF	INVFAFPFTI
CSVQVDSYEQYF	INVFAFPFTI
CSVEVSGAGANVLTF	INVFAFPFTI
CASSLAGGLFSPDTQYF	INVFAFPFTI
CASSYGGHEQFF	INVFAFPFTI
CASGGMGSGHPGELFF	INVFAFPFTI
CASTPGGELFF	INVFAFPFTI
CASSSSGSSTDTQYF	INVFAFPFTI
CASSQLEKLFF	INVFAFPFTI
CASSFDGISGYTF	INVFAFPFTI
CASKEYNEQFF	INVFAFPFTI
CASSLAGTYEQYF	INVFAFPFTI
CASSPAGLKQFF	INVFAFPFTI
CSANREGETQYF	INVFAFPFTI
CASSFWKGIGIYEQYF	INVFAFPFTI
CASRAASGRAYEQYF	INVFAFPFTI
CASTISGETQYF	INVFAFPFTI
CASSLTGVYNEQFF	INVFAFPFTI
CASSYSGETQYF	INVFAFPFTI
CSSQGLDVVGSYNEQFF	INVFAFPFTI
CASSDGGETQYF	INVFAFPFTI
CATSLTVDGADTQYF	INVFAFPFTI
CASTLGSGVTDTQYF	INVFAFPFTI
CSATAGTSGSYEQYF	INVFAFPFTI
CASSLQIANTGELFF	INVFAFPFTI
CASSYSSEQYF	INVFAFPFTI
CASSLLQGGYNEQFF	INVFAFPFTI
CSDRDLARANYGYTF	INVFAFPFTI
CASSHGGFEQFF	INVFAFPFTI
CASSYGGNQPQHF	INVFAFPFTI
CASSPLYTGAGDTEAFF	INVFAFPFTI
CASSFLEPL	INVFAFPFTI
CASSYPVNTGELFF	INVFAFPFTI
CASSEYSGPYYEQYF	INVFAFPFTI
CATTLGGLETQYF	INVFAFPFTI
CASSIVDRNEAFF	INVFAFPFTI
CASSSTGYTQYF	INVFAFPFTI
CASSFPKIPEGQSTGNTIYF	INVFAFPFTI
CASSFPSTF	INVFAFPFTI
CASSFLEKLFF	INVFAFPFTI
CKNRVTSLGAFF	INVFAFPFTI
CASSQSSSYNEQFF	INVFAFPFTI
CSVEEGQGHEQYF	INVFAFPFTI
CASSSQGIQPQHF	INVFAFPFTI
CASSQGWETQYF	INVFAFPFTI
CASSAGTPYEQYF	INVFAFPFTI
CASSSSGASTDTQYF	INVFAFPFTI
CSESPSGTGNSNGYTF	INVFAFPFTI
CASSFAYGYTF	INVFAFPFTI
CATSLAAGLFEQGTDTQYF	INVFAFPFTI
CASSSGLAGGGETQYF	INVFAFPFTI
CASSLYPGPSYEQYF	INVFAFPFTI
CASSYSGSSGSLQFF	INVFAFPFTI
CSAPPTGGTVPYEQYF	INVFAFPFTI
CASSFTGNIQYF	INVFAFPFTI
CASSLGTSAEQFF	INVFAFPFTI
CASSLTDTQYF	INVFAFPFTI
CASSYSSGEQFF	INVFAFPFTI
CASSFAAYQETQYF	INVFAFPFTI
CASSFGPLAKNIQYF	INVFAFPFTI
CASSFLAEQYF	INVFAFPFTI
CASSITDTQYF	INVFAFPFTI
CASSQAPGLAAYEQYF	INVFAFPFTI
CSASSVWPTGELFF	INVFAFPFTI
CASSLSGETQYF	INVFAFPFTI
CASSLQGAFAEAFF	INVFAFPFTI
CSALPGQVSYEQYF	INVFAFPFTI
CASSVGSYEQYF	INVFAFPFTI
CSVVSFRADTQYF	INVFAFPFTI
CASSSTGEKLFF	INVFAFPFTI
CASSVGLNQPQHF	INVFAFPFTI
CASSLGGNAKNIQYF	INVFAFPFTI
CASSHGNSPLHF	INVFAFPFTI
CASDRSGEAFF	INVFAFPFTI
CASSLSGQTGRPGTEAFF	INVFAFPFTI
CATSRGGGPYEQYF	INVFAFPFTI
CASSLSGQGQNF	INVFAFPFTI
CASSPSGETQYF	INVFAFPFTI
CASSVWTPQGDEKLFF	INVFAFPFTI
CASSSNGETQYF	INVFAFPFTI
CASSQGAGINSPLHF	INVFAFPFTI
CASSQEQGFSGELFF	INVFAFPFTI
CSVYRDRWEQFF	INVFAFPFTI
CASSIRLTGGGQPQHF	INVFAFPFTI
CSVVPGQGVGYTF	INVFAFPFTI
CASSETGNNSPLHF	INVFAFPFTI
CATSRSGGPYEQYF	INVFAFPFTI
CASSQGGIVYGYTF	INVFAFPFTI
CASRGTGGLDSPLHF	INVFAFPFTI
CATSRGGELFF	INVFAFPFTI
CASSFPIGDRGENEQYF	INVFAFPFTI
CASSNSGETQYF	INVFAFPFTI
CASSLTPSTDTQYF	INVFAFPFTI
CASSSGEQFF	INVFAFPFTI
CASSSTLAGATF	INVFAFPFTI
CASNPGGPPGEAFF	INVFAFPFTI
CASSYIGLASLETQYF	INVFAFPFTI
CASSDTGELFF	INVFAFPFTI
CASSQELGVLDYTF	INVFAFPFTI
CASSYNRGNEQYF	INVFAFPFTI
CASSVFSGGAADTQYF	INVFAFPFTI
CASSLLGEQFF	INVFAFPFTI
CASSPSGAEDYEQYF	INVFAFPFTI
CATSRRAQETQYF	INVFAFPFTI
CSVNRGSGDTQYF	INVFAFPFTI
CASSPLRDEQYF	INVFAFPFTI
CSENIRDRGKRNTGELFF	INVFAFPFTI
CASSATGETQYF	INVFAFPFTI
CASRLETGELFF	INVFAFPFTI
CASSRHSTDTQYF	INVFAFPFTI
CASSYSGTQYF	INVFAFPFTI
CATSNSLAGEETQYF	INVFAFPFTI
CASSLSEEGETQYF	INVFAFPFTI
CATSRGSAETQYF	INVFAFPFTI
CASSPLGGRISYEQYF	INVFAFPFTI
CASSLMGETQYF	INVFAFPFTI
CASSLVGEKLFF	INVFAFPFTI
CASSFSGSGGSYEQYF	INVFAFPFTI
CASSQDWGGIYEQYF	INVFAFPFTI
CASSLFGETQYF	INVFAFPFTI
CASSQDWGSPEAFF	INVFAFPFTI
CASSRAGTSVETQYF	INVFAFPFTI
CASSLDSYNEQFF	INVFAFPFTI
CASGTSGSVRYEQYV	INVFAFPFTI
CASSPSNTGELFF	INVFAFPFTI
CSVVLANTDTQYF	INVFAFPFTI
CASSFAGDTQYF	INVFAFPFTI
CSVELGTGEQYF	INVFAFPFTI
CASSFLRGVNPYEQYF	INVFAFPFTI
CASSFTGETQYF	INVFAFPFTI
CASSLQGETQYF	INVFAFPFTI
CASSLNGYTF	INVFAFPFTI
CASSLEGKLFF	INVFAFPFTI
CASSVDGLAEAFF	INVFAFPFTI
CASGLDGSLFF	INVFAFPFTI
CASSKTYSYEQYF	INVFAFPFTI
CASSFSAAAFF	INVFAFPFTI
CASSLTQEQFF	INVFAFPFTI
CSVQTGGGYEQYF	INVFAFPFTI
CASSLGRPLHF	INVFAFPFTI
CASSVDSGSYEQYF	INVFAFPFTI
CASSGMGTDWEQYF	INVFAFPFTI
CSAIALTSGPWDEQFF	INVFAFPFTI
CASSSTGELFF	INVFAFPFTI
CASSSQGTSYEQYF	INVFAFPFTI
CASSTRTGLASYEQYF	INVFAFPFTI
CASTPVPGANEQFF	INVFAFPFTI
CASSPSLSGTEAFF	INVFAFPFTI
CASSLVGPTEAFF	INVFAFPFTI
CASGAPQGMVYNEQFF	INVFAFPFTI
CASSYSHEQYF	INVFAFPFTI
CASVDVGSSTDTQYF	INVFAFPFTI
CASSFTGEQYF	INVFAFPFTI
CSATTSGSTYEQYF	INVFAFPFTI
CASSWADTQYF	INVFAFPFTI
CASSFGGETQYF	INVFAFPFTI
CAISDHGDSGANVLTF	INVFAFPFTI
CASRGEGDGYTF	INVFAFPFTI
CSVARDTEAFF	INVFAFPFTI
CASNQGSYEQYF	INVFAFPFTI
CASTLVGEKLFF	INVFAFPFTI
CASSGGGSFGTSGWEQYF	INVFAFPFTI
CASSLSYLGDGANVLTF	INVFAFPFTI
CASSQIQGSGEQYF	INVFAFPFTI
CASSPTGYEQYF	INVFAFPFTI
CSVSSGQGYEQYF	INVFAFPFTI
CATSRQDQETQYF	INVFAFPFTI
CASSPQWTSGTYEQYF	INVFAFPFTI
CASSFSGEAFF	INVFAFPFTI
CASSFSIGRVF	INVFAFPFTI
CSAVRPGQNYEQYF	INVFAFPFTI
CASRELAGGPNEQFF	INVFAFPFTI
CASSQVYGSVEQFF	INVFAFPFTI
CSVETGGGNIQYF	INVFAFPFTI
CASSLGVYNEQFF	INVFAFPFTI
CASSQVGETQYF	INVFAFPFTI
CASSEFPAGNTGELFF	INVFAFPFTI
CASSPTGETQYF	INVFAFPFTI
CSALTEGYTF	INVFAFPFTI
CASSLSETQYF	INVFAFPFTI
CASSLSYEQYF	INVFAFPFTI
CASSPPRYEQYF	INVFAFPFTI
CASSIGTGVGNQPQHF	INVFAFPFTI
CASSLTGETQYF	INVFAFPFTI
CSAPDRDSPKHTDTQYF	INVFAFPFTI
CASSPGGIQYF	INVFAFPFTI
CSAVPDRDRGAEQYF	INVFAFPFTI
CASSASGNTDTQYF	INVFAFPFTI
CSAIGGISSYEQYF	INVFAFPFTI
CASSPRTGYNEQFF	INVFAFPFTI
CASSQEGDPKQYF	INVFAFPFTI
CASSITPGSYEQYF	INVFAFPFTI
CASSSRGELFF	INVFAFPFTI
CASSLTPGRSYEQYF	INVFAFPFTI
CASQAGAGELFF	INVFAFPFTI
CSASGAAETQYF	INVFAFPFTI
CASSLTGIGDPGYTF	INVFAFPFTI
CASSLFREDEQFF	INVFAFPFTI
CASTGQGAVMAQYF	INVFAFPFTI
CASSYGAVEQFF	INVFAFPFTI
CASSVGGISEAFF	INVFAFPFTI
CASSSTGYEQYF	INVFAFPFTI
CASSLQGLKPQHF	INVFAFPFTI
CASSSSGASTDTQYF	INVFAFPFTI
CASSGYGYTF	INVFAFPFTI
CASGQFMNTGELFF	INVFAFPFTI
CASSYSETQYF	INVFAFPFTI
CASSPTGHEQYF	INVFAFPFTI
CAITGTAEQYF	INVFAFPFTI
CASSSLSGSYYNEQFF	INVFAFPFTI
CASSPTGGKLFF	INVFAFPFTI
CATSMGLAGVGGELFF	INVFAFPFTI
