CDR3	AA
CSARGRHQANYGYTF	QELIRQGTDY
CANSRDNYGYTF	QELIRQGTDY
CASSLSQTSAGELFF	QELIRQGTDY
CSVNPGNTIYF	QELIRQGTDY
CASSPYGLAGGLETQYF	QELIRQGTDY
CSALPQGRANYGYTF	QELIRQGTDY
CASSGGNYGYTF	QELIRQGTDY
CASSQPRTGGADTQYF	QELIRQGTDY
CASSFGGEKLFF	QELIRQGTDY
CAIQGANYGYTF	QELIRQGTDY
CASSPLRTSSSFRQFF	QELIRQGTDY
CASSLSPSSGNTIYF	QELIRQGTDY
CASSPPRTSAHYEQYF	QELIRQGTDY
CASSPENYGYTF	QELIRQGTDY
CATSPPRTVGSYEQYF	QELIRQGTDY
CATSGRGQANTGELFF	QELIRQGTDY
CASSPREGEQFF	QELIRQGTDY
CASGEANYGYTF	QELIRQGTDY
CASSDANYGYTF	QELIRQGTDY
CASSAGNYGYTF	QELIRQGTDY
CASSFGGGTGELFF	QELIRQGTDY
CSASSRDTANYGYTF	QELIRQGTDY
CSARDAYEQYF	QELIRQGTDY
CASSPAQHGYTF	QELIRQGTDY
CATSDRNYNEQFF	QELIRQGTDY
CASSLVLVDEQYF	QELIRQGTDY
CASSLYNEQFF	QELIRQGTDY
CASSSDSATNEKLFF	QELIRQGTDY
CASSSSGSSYNEQFF	QELIRQGTDY
CSAIIEGLLRGTPRWELFF	QELIRQGTDY
CASSSATSGGWDTQYF	QELIRQGTDY
CASSAGNYGYTF	QELIRQGTDY
