CDR3	AA
CASSSRKRGFYEQYF	KEIDRLNEV
CASSSSQGMNTEAFF	KEIDRLNEV
CSVVPSTEGFTDTQYF	KEIDRLNEV
CASSLEGSYNSPLHF	KEIDRLNEV
CAISGTGPNPDTQYF	KEIDRLNEV
CASSLGQNTEAFF	KEIDRLNEV
CAGGLAGGPGNEQFF	KEIDRLNEV
CASSSSGQGIHNEQFF	KEIDRLNEV
CASSQAPAGSYNEQFF	KEIDRLNEV
CASSPGQGAGNTIYF	KEIDRLNEV
CASSRGQGSGNTIYF	KEIDRLNEV
CASSLEGSYNSPLHF	KEIDRLNEV
CASSPFGVAGSTDTQYF	KEIDRLNEV
CASSPGTSGSMMGEQFF	KEIDRLNEV
CASSHRQGGTYEQYF	KEIDRLNEV
CASSAKTSGYNEQFF	KEIDRLNEV
CASSWAGGALVEQYF	KEIDRLNEV
CASSQGQITGELFF	KEIDRLNEV
CASSHFSGALETQYF	KEIDRLNEV
CASSQGPGLAGGPREVQYF	KEIDRLNEV
CASSLYSYNEQFF	KEIDRLNEV
CASSGGTGGGQPQHF	KEIDRLNEV
CASSRGQGGGNEQFF	KEIDRLNEV
CASSLGLAGEGEQFF	KEIDRLNEV
CASSAGTGPGNEQFF	KEIDRLNEV
CATRWSANTEAFF	KEIDRLNEV
CASSGTNSYNEQFF	KEIDRLNEV
