CDR3	AA
CASSLTPQGVWTDTQYF	DGVKHVYQL
CASNGVNTEAFF	DGVKHVYQL
CASSSPLDKDEQYF	DGVKHVYQL
CASSLGSGPTDTQYF	DGVKHVYQL
CASSSHDTTGVGSPLHF	DGVKHVYQL
CASSVQGADTQYF	DGVKHVYQL
CASSEVPQGIYNSPLHF	DGVKHVYQL
CASIPGRTNQPQHF	DGVKHVYQL
CASSTHSLGGASSPLHF	DGVKHVYQL
CASSLEGNTEAFF	DGVKHVYQL
CASRMDRGETQYF	DGVKHVYQL
CASSLIGQGTTDEQFF	DGVKHVYQL
CASRRQGETQYF	DGVKHVYQL
CASSSEGSGELFF	DGVKHVYQL
CASSEGYLTAPTGELFF	DGVKHVYQL
CASSLYGTHEQYF	DGVKHVYQL
CASSYRQGANTGELFF	DGVKHVYQL
CASSYSTGGNTEAFF	DGVKHVYQL
CASSSGTITDTQYF	DGVKHVYQL
CASSLRDYGAYEQYF	DGVKHVYQL
CASSLLSGSSYNEQFF	DGVKHVYQL
CASKPAGTNYGYTF	DGVKHVYQL
CASSPSIGDEQFF	DGVKHVYQL
CASSTHDRAGVGSPLHF	DGVKHVYQL
CASSLREGSNTGELFF	DGVKHVYQL
CASSLAMGPAKNIQYF	DGVKHVYQL
CASSKRQGANTGELFF	DGVKHVYQL
CASSAVRTIPYEQYF	DGVKHVYQL
CASSQDGGGIMNTEAFF	DGVKHVYQL
CASSQERRTEAFF	DGVKHVYQL
CASSLHDRTGAGSPLHF	DGVKHVYQL
CASSENWTGGETQYF	DGVKHVYQL
CASSSLAWGAYGYTF	DGVKHVYQL
