CDR3	AA
CASSVATSGRNEQFF	LLDDFVEII
CASSVGGVANEQFF	LLDDFVEII
CASRPESRHLQTGELFF	LLDDFVEII
CASSLLKREGRDEQFF	LLDDFVEII
CATSEPQYF	LLDDFVEII
CASSPQTGDLNTEAFF	LLDDFVEII
CASRSGLFESPLHF	LLDDFVEII
CASSSGGFSSQPQHF	LLDDFVEII
CASSLGNEQFF	LLDDFVEII
CASSARQGATTDTQYF	LLDDFVEII
CSARDWTSGRPVSYEQYF	LLDDFVEII
CASSPPVGGVINYGYTF	LLDDFVEII
CASSSAGDTQYF	LLDDFVEII
CASRIGTGSSKEQFF	LLDDFVEII
CASSGGAGASYEQYF	LLDDFVEII
CASSSGLASAYEQYF	LLDDFVEII
CASSAGGAAYEQYF	LLDDFVEII
CATSRDRAVNTEAFF	LLDDFVEII
CASSLVGGDEQYF	LLDDFVEII
CASSLSSRREQFF	LLDDFVEII
CASSAPGTGTSASWTDTQYF	LLDDFVEII
CASSDGLAGGYEQFF	LLDDFVEII
CASSVAGGQNYGYTF	LLDDFVEII
CASSEGGRPWNTEAFF	LLDDFVEII
CASSKAGQTPTLLVLTF	LLDDFVEII
CASSPGAYEQYF	LLDDFVEII
CASRDRVDNQPQHF	LLDDFVEII
CASSLSQGREEQYF	LLDDFVEII
CASSLGEGPQVGNTEAFF	LLDDFVEII
CASSQPTTNYGYTF	LLDDFVEII
CASRPGTGFEQYF	LLDDFVEII
CASSLFTGTSGRAHLFTGELFF	LLDDFVEII
CASSLGAGGGYEQYF	LLDDFVEII
CASSEARVNTQYF	LLDDFVEII
CSARDWTGNSDGYTF	LLDDFVEII
CASSSGLAVSYEQYF	LLDDFVEII
CASSQATVYEQYF	LLDDFVEII
CASSRQESYEQYF	LLDDFVEII
CASSPTSGSEQFF	LLDDFVEII
CASSLAQHEQFF	LLDDFVEII
CASSPRVEQFF	LLDDFVEII
CASSIAGRGYNEQFF	LLDDFVEII
CASSLAGFGNQPQHF	LLDDFVEII
CASSQETVYGYTF	LLDDFVEII
CSAREGREKLFF	LLDDFVEII
CASSLGAGSSYEQYF	LLDDFVEII
CASSSGLAGGEQFF	LLDDFVEII
CASSSPGSEAFF	LLDDFVEII
CASSQVWGERGTEAFF	LLDDFVEII
CASSSTGTREGTDTQYF	LLDDFVEII
CASSLSTSGGVSETQYF	LLDDFVEII
CASSEWDSSSYEQYF	LLDDFVEII
CASSNGAGASYEQYF	LLDDFVEII
CASSKGPDPNSPLHF	LLDDFVEII
CASSPRTDTQYF	LLDDFVEII
CATSDSGYQPQHF	LLDDFVEII
CASRPSGSSYNEQFF	LLDDFVEII
CASSKEVGTEANYGYTF	LLDDFVEII
CSARLRDYDPSSNQPQHF	LLDDFVEII
CASSHGMRSSYEQYF	LLDDFVEII
CASSLPGTSGVSSYEQYF	LLDDFVEII
CASSQVTVGELFF	LLDDFVEII
CASSSGTGPFEQYF	LLDDFVEII
CASRLAGVLKNIQYF	LLDDFVEII
CASTEVNYNEQFF	LLDDFVEII
CASSVNRYSNQPQHF	LLDDFVEII
CASSQPTVMGEAFF	LLDDFVEII
CASSRGTEAFF	LLDDFVEII
CASSFIRGLRPYEQYF	LLDDFVEII
CASSVAIGTSGRSVYNEQFF	LLDDFVEII
CASSLITGTATEAFF	LLDDFVEII
CASSFGASSSYEQYF	LLDDFVEII
CASSLDRGLRASYEQYF	LLDDFVEII
CANLPGHQETQYF	LLDDFVEII
CASSVVGYGYTF	LLDDFVEII
CASSLSQGARNYGYTF	LLDDFVEII
CASSLVGNEQFF	LLDDFVEII
CATSSGRYNEQFF	LLDDFVEII
CSVNPYEQYF	LLDDFVEII
CASSGLAGGLNEQFF	LLDDFVEII
CASSSGLAVSYEQYF	LLDDFVEII
CASSQSVYDEQFF	LLDDFVEII
CASSLVTLAGGNNEQFF	LLDDFVEII
CASSLGQDPTDTQYF	LLDDFVEII
CASRTGTGKNIQYF	LLDDFVEII
CASNDGSYEQYF	LLDDFVEII
CASSVHGGISLYEQYF	LLDDFVEII
CASSVRVGASTDTQYF	LLDDFVEII
CASRKPGGGTEAFF	LLDDFVEII
CASSEGNYNEQFF	LLDDFVEII
CASSSGLADAYEQYF	LLDDFVEII
CASSRWIGRDQPQHF	LLDDFVEII
CASSSSGGSSYEQYF	LLDDFVEII
CSVQQGLNTEAFF	LLDDFVEII
CSVRGKLSYEQYF	LLDDFVEII
CASSSKDRANTEAFF	LLDDFVEII
CASRPTTGSLDTQYF	LLDDFVEII
CASSSIQKASAYNEQFF	LLDDFVEII
CASSLASGVGREQFF	LLDDFVEII
CASSSGGWAPEAFF	LLDDFVEII
CASSQGRKANTGELFF	LLDDFVEII
CASSSRYLGRETQYF	LLDDFVEII
CASSLAGPGYTF	LLDDFVEII
CASSATGYGYTF	LLDDFVEII
CATSRGFTSGSYEQYF	LLDDFVEII
CSVKGADSHEQYF	LLDDFVEII
CASSEVRELFF	LLDDFVEII
CASSFGRATEAFF	LLDDFVEII
CASSELSYEQYF	LLDDFVEII
CASSLPDSPTGYEQYF	LLDDFVEII
CASTLGASGSANEQFF	LLDDFVEII
CASSPPTGGANVLTF	LLDDFVEII
CASSVNRDRGHVGTEAFF	LLDDFVEII
CASSRTGQFSYEQYF	LLDDFVEII
CSAWTGESNQPQHF	LLDDFVEII
CASSQETVYGYTF	LLDDFVEII
CASSAPRQGLYEQYF	LLDDFVEII
CASSEDSSEYNEQFF	LLDDFVEII
CASSLSQGNQPQHF	LLDDFVEII
CASSPGTGSFYEQYF	LLDDFVEII
CASSPGAGTRRGYEQYF	LLDDFVEII
CASRMLAREQFF	LLDDFVEII
CASSYSRLQQETQYF	LLDDFVEII
CASSSIAGSTHNEQFF	LLDDFVEII
CASVPANRVGELFF	LLDDFVEII
CSARVRSSYEQYF	LLDDFVEII
CASSPRQGVSTVRDSPLHF	LLDDFVEII
CATSRDRTGNEQFF	LLDDFVEII
CASSFGAGSSYEQYF	LLDDFVEII
CSARDFLRTGSNEQFF	LLDDFVEII
CATSKGQGARNTEAFF	LLDDFVEII
CASSPRVTPLNTEAFF	LLDDFVEII
CASSLQGANYRLAPYNEQFF	LLDDFVEII
CASRLLMGEQYF	LLDDFVEII
CASSRLSEQFF	LLDDFVEII
CASSLISQGWSNEQFF	LLDDFVEII
CASSKSGGAVDEQFF	LLDDFVEII
CASSYAASGRSNNEQFF	LLDDFVEII
CASSVRQAPYNEQFF	LLDDFVEII
CASSLTTPLGGGRNNEQFF	LLDDFVEII
CASSQPTLSGYGYTF	LLDDFVEII
CASSPRQGNNEQFF	LLDDFVEII
CASSQGQGSSYEQYF	LLDDFVEII
CASSLRGGPINEQFF	LLDDFVEII
CASSQPSLGTEAFF	LLDDFVEII
CASSQDRAGGNEQYF	LLDDFVEII
CASSSWDNYNEQFF	LLDDFVEII
CASSTRLPLAGATASSYNEQFF	LLDDFVEII
CASSGSPSSYNEQFF	LLDDFVEII
CASSPSTGAYEQYF	LLDDFVEII
CASSKPGLAGGPSSNEQFF	LLDDFVEII
CASSSVMGSHGYTF	LLDDFVEII
CSVEGVGRGEKLFF	LLDDFVEII
CASSATVSSYNEQFF	LLDDFVEII
CASSFLGEQFF	LLDDFVEII
CASSNKTGWGETQYF	LLDDFVEII
CASTRPPSIEKINTEAFF	LLDDFVEII
CASKRGFDTEAFF	LLDDFVEII
CASSRATQETQYF	LLDDFVEII
CASSPPLERRNTEAFF	LLDDFVEII
CASSSGRDSYNEQFF	LLDDFVEII
CASSLSTGSKNSPLHF	LLDDFVEII
CASSLAGSGPYNEQFF	LLDDFVEII
CASSQPTVAYGYTF	LLDDFVEII
CATSVIGRGPAYSNQPQHF	LLDDFVEII
CAIALTASYEQYF	LLDDFVEII
CASQGYGYTF	LLDDFVEII
CASSQSTGGPYEQYF	LLDDFVEII
CASRRRLSSYNSPLHF	LLDDFVEII
CASSQSPSGLETQYF	LLDDFVEII
CASSQDLGGSSGEQFF	LLDDFVEII
CASSQPTVNYGYTF	LLDDFVEII
CASSQPTVGNTIYF	LLDDFVEII
CASSVVHYGYTF	LLDDFVEII
CSARERGASGNTIYF	LLDDFVEII
CASSEKASGHNEQFF	LLDDFVEII
CASQPGLAGDTQYF	LLDDFVEII
CASREGNNQPQHF	LLDDFVEII
CASSLGGTGMSYEQYF	LLDDFVEII
CASNSYLDRSSYEQYF	LLDDFVEII
CASSPGAGEGYEQYF	LLDDFVEII
CASSGGGLDRTFF	LLDDFVEII
CASSFGAGNMYEQYF	LLDDFVEII
CASQQGSPSYNEQFF	LLDDFVEII
CASSQPSLQGGAFF	LLDDFVEII
CASSLGGWNEQFF	LLDDFVEII
CASSQETGPTTGELFF	LLDDFVEII
CASSLLFGGTGGNEQYF	LLDDFVEII
CASSQETVYGYTF	LLDDFVEII
CAISPKGTDTQYF	LLDDFVEII
CASSSGTSGGQETQYF	LLDDFVEII
CASSQTPGLSPYEQYF	LLDDFVEII
CASSNFRSYNEQFF	LLDDFVEII
CASSPGLAGLFEQYF	LLDDFVEII
CASLGGTEPYEQYF	LLDDFVEII
CASSAGITSTDTQYF	LLDDFVEII
CASSLGASEHYEQYF	LLDDFVEII
CASSPSSGLTSSYEQYF	LLDDFVEII
CASSLTLISSTEAFF	LLDDFVEII
CASLGRNEQFF	LLDDFVEII
CASTAGGGPYTGELFF	LLDDFVEII
CASSQPTLSTEAFF	LLDDFVEII
CASSSYLTSKGTEAFF	LLDDFVEII
CASSLGQGFTYEQYF	LLDDFVEII
CASSLVGLAGISTDTQYF	LLDDFVEII
CASSDTSGAYEQYF	LLDDFVEII
CASSFRGRRSTDTQYF	LLDDFVEII
CASSQPSLRAGELFF	LLDDFVEII
CASSQGTSGSPYEQYF	LLDDFVEII
CASSVGSLANNEQFF	LLDDFVEII
CATSGVGRSTDTQYF	LLDDFVEII
CASSLDRMNTEAFF	LLDDFVEII
CASSQPSLGGYGYTF	LLDDFVEII
CASCRQGARYGYTF	LLDDFVEII
CASSLSQGAGYGYTF	LLDDFVEII
CASSQERTARGTIYF	LLDDFVEII
CASSVDRGLGNEQFF	LLDDFVEII
CASSLGAGGSYEQYF	LLDDFVEII
CASRGQAYNEQFF	LLDDFVEII
CASSQARQDLSRGYTF	LLDDFVEII
CASSQGLTSGGYEQYF	LLDDFVEII
CSARKSRLTGELFF	LLDDFVEII
CASSPGGATNEQYF	LLDDFVEII
CASSQSDRGSTGELFF	LLDDFVEII
CSVSSGRHTGELFF	LLDDFVEII
CASSQPTTPTNYGYTF	LLDDFVEII
CASSLAGGSYNEQFF	LLDDFVEII
CASRVTARETQYF	LLDDFVEII
CASSLLRGDTQYF	LLDDFVEII
CASSQSLSVNTEAFF	LLDDFVEII
CSARVRTAISSGANVLTF	LLDDFVEII
CASSEGGFYEQYF	LLDDFVEII
CASSLGGHQFF	LLDDFVEII
CASRKSGLGNQPQHF	LLDDFVEII
CASIPKTGFDEQFF	LLDDFVEII
CASSTRTSGIFNEQFF	LLDDFVEII
CASSRSGDSYNEQFF	LLDDFVEII
CASKLTQMNTEAFF	LLDDFVEII
CASSVAGPERANVLTF	LLDDFVEII
CASSAQNGYTF	LLDDFVEII
CASSLAGSSYEQYF	LLDDFVEII
CASSKPGQHLTSGRDDFGYEQYF	LLDDFVEII
CSARSRAPGANVLTF	LLDDFVEII
CASSPGLLRTQYF	LLDDFVEII
CASSQPSLGGYGYTF	LLDDFVEII
CASSPPTHEKLFF	LLDDFVEII
CASSLFRNTEAFF	LLDDFVEII
CASSRLAKETQYF	LLDDFVEII
CSARDRSQPQHF	LLDDFVEII
CASSLGASGYSYEQYF	LLDDFVEII
CASSVKVEGKQGRHWSNQPQHF	LLDDFVEII
CASSSRGGLFSEKLFF	LLDDFVEII
CASSLDGQGRYTEAFF	LLDDFVEII
CASSFRGRLLDTQYF	LLDDFVEII
CASMGAGRTVVVEQYF	LLDDFVEII
CASSQGASGREPYEQYF	LLDDFVEII
CASRQGTALTYEQYF	LLDDFVEII
CASSVGGADQPQHF	LLDDFVEII
CASSSTLLPTDTQYF	LLDDFVEII
CASSLRGPGFSYEQYF	LLDDFVEII
CASSLGSTSGYTF	LLDDFVEII
CASSYSWTRGETQYF	LLDDFVEII
CASSPHLEAFF	LLDDFVEII
CASSLLWGPNTEAFF	LLDDFVEII
CATSSLGTEAFF	LLDDFVEII
CASTPDRMNTEAFF	LLDDFVEII
CASREAGLKTDTQYF	LLDDFVEII
CASSGGTGGNF	LLDDFVEII
CASSLGIGQGIQYF	LLDDFVEII
CASSLPGTGTQETQYF	LLDDFVEII
CASSPGTGHGYTF	LLDDFVEII
CSASTGPNTEAFF	LLDDFVEII
CATGGTVDYGYTF	LLDDFVEII
CASSASGPGGNQPQHF	LLDDFVEII
CASSFLGQGKETQYF	LLDDFVEII
CAQGVGNSYNEQFF	LLDDFVEII
CASSLSVAGASYEQYF	LLDDFVEII
CASSGGLAGLYEQYF	LLDDFVEII
CASSFRGLEAAGEQYF	LLDDFVEII
CASSGERWYEQYF	LLDDFVEII
CASSSGRKTASYEQYF	LLDDFVEII
CASSPRGGPYNEQFF	LLDDFVEII
CASSSGLGSSYEQYF	LLDDFVEII
CASSPLTGSSGGSEQFF	LLDDFVEII
CAWSDTDYIYNSPLHF	LLDDFVEII
CASSVGGNEQFF	LLDDFVEII
CASSFAVDTQYF	LLDDFVEII
CASSLGAGSSYEQYF	LLDDFVEII
CASSNRAGPYNEQFF	LLDDFVEII
CSVDTRGNTGELFF	LLDDFVEII
CASSKANFTEGSDYGYTF	LLDDFVEII
CAISWGSEAFF	LLDDFVEII
CSARVYASYEQYF	LLDDFVEII
CASSLVGAGGSATYEQYF	LLDDFVEII
CASSLSQGPRHYGYTF	LLDDFVEII
CASSLGWKSNQPQHF	LLDDFVEII
CASSLVTGRPGELFF	LLDDFVEII
CASSLAALKEQFF	LLDDFVEII
CSARLRLYNEQFF	LLDDFVEII
CASSLSQAQGRAEAFF	LLDDFVEII
CASSTPITNVLTF	LLDDFVEII
CASSAPSGGVHNEQFF	LLDDFVEII
CASSSRQGASYEQYF	LLDDFVEII
CANNWGDPYEQYF	LLDDFVEII
CASSPKGPLGQPQHF	LLDDFVEII
CASSPGLAGGYEQFF	LLDDFVEII
CASSQSLNTEAFF	LLDDFVEII
CASSLFGSGAKGTEAFF	LLDDFVEII
CASRPGLAGGYYNEQFF	LLDDFVEII
CASRGRTGENTGELFF	LLDDFVEII
CASSSPLWTSTSWSYNEQFF	LLDDFVEII
CASSGRHYTEAFF	LLDDFVEII
CASSPGQSVLFF	LLDDFVEII
CATSYAGELFF	LLDDFVEII
CASSSGTGFAEQYF	LLDDFVEII
CASSQPSLGYGYTF	LLDDFVEII
CASSSAGGPSGNEQFF	LLDDFVEII
CASSQSRYQETQYF	LLDDFVEII
CASSQDLTSSEQFF	LLDDFVEII
CAISESGTSGSSYNEQFF	LLDDFVEII
CASSFGAGGGYEQYF	LLDDFVEII
CASSPSGSSYNEQFF	LLDDFVEII
CASSERASGHNEQFF	LLDDFVEII
CASSYTSGTGNEQFF	LLDDFVEII
CASSVGGRATNEQFF	LLDDFVEII
CATRTASTEAFF	LLDDFVEII
CASSLTRGYNEQFF	LLDDFVEII
CASSQETRSGANVLTF	LLDDFVEII
CASSRDRTEAFF	LLDDFVEII
CASSQEQGGNVYEQYF	LLDDFVEII
CASSRMGPQEQFF	LLDDFVEII
CASSQGILTRVNTGELFF	LLDDFVEII
CASSQDTSYEQYF	LLDDFVEII
CASGPRALMGRFYEQYF	LLDDFVEII
CASSLSLYNEQFF	LLDDFVEII
CASSPGTGRRGEAFF	LLDDFVEII
CASSPGNFFTGELFF	LLDDFVEII
CASSRDVHRQPQHF	LLDDFVEII
CASSPGAGAGSPYEQYF	LLDDFVEII
CASSLRQGNTGELFF	LLDDFVEII
CASSQGAGSSYEQYF	LLDDFVEII
CASSGVSGELFF	LLDDFVEII
CASSFRQNSFF	LLDDFVEII
CASSFRLGQYNSPLHF	LLDDFVEII
CASSSRTGLHEQFF	LLDDFVEII
CASSGGLADSYEQYF	LLDDFVEII
CASSLSVRSEAFF	LLDDFVEII
CATSREKALYGNIQYF	LLDDFVEII
CASSYSPGLRYEQYF	LLDDFVEII
CASSQSRQGGRETQYF	LLDDFVEII
CASSSGQGSGYTF	LLDDFVEII
CASSPRTGGVDTEAFF	LLDDFVEII
CASSPQAESTDTQYF	LLDDFVEII
CASSPGVPLGEQYF	LLDDFVEII
CASSGGQSSSYEQYF	LLDDFVEII
CASGETYTGELFF	LLDDFVEII
CASSPSTDTQYF	LLDDFVEII
CASSQETIPSGYTF	LLDDFVEII
CASSQETVYGYTF	LLDDFVEII
CASSALQGGELFF	LLDDFVEII
CASSQPTIGNTIYF	LLDDFVEII
CASSGSGGTTYEQYF	LLDDFVEII
CASSVGSGRFTDTQYF	LLDDFVEII
CASSPRGLGKEFYEQYF	LLDDFVEII
CASSLGRYYGYTF	LLDDFVEII
CASSVAAGPYNEQFF	LLDDFVEII
CASTYAGYEQYF	LLDDFVEII
CATESTGFNYGYTF	LLDDFVEII
CASSPGGTGSRPYEQYF	LLDDFVEII
CASSFGGAAEQYF	LLDDFVEII
CASSLISRGPVETQYF	LLDDFVEII
CASSQPSLGQPQHF	LLDDFVEII
CASRPTGTSYEQYF	LLDDFVEII
CASSLGAGDGYEQYF	LLDDFVEII
CASSLVQGAHTEAFF	LLDDFVEII
CASGRSYNEQFF	LLDDFVEII
CASSPKGLAGSNEQFF	LLDDFVEII
CASSLGGLSEQYF	LLDDFVEII
CASSHPSLGGYGYTF	LLDDFVEII
CASSPLGGAVYYYEQYF	LLDDFVEII
CASSPRTGMMTGELFF	LLDDFVEII
CATSRTRQAGNQPQHF	LLDDFVEII
CASSLTQGGGDEQFF	LLDDFVEII
CSARYEFNQPQHF	LLDDFVEII
CASSQPTLNYGYTF	LLDDFVEII
CASSLRLQVKNYGYTF	LLDDFVEII
CASSQTSGHYNEQFF	LLDDFVEII
CSARGGNYGYTF	LLDDFVEII
CASSQVPRDRKLNTEAFF	LLDDFVEII
CASSSRGGPHNEQFF	LLDDFVEII
CASSLGASGRAPYEQYF	LLDDFVEII
CASRTSGSSYNEQFF	LLDDFVEII
CASKAGPAGTGELFF	LLDDFVEII
CASSPGAGAAYEQYF	LLDDFVEII
CASSASGTGVEKLFF	LLDDFVEII
CASSQGTSGGLKEQYF	LLDDFVEII
CASSRGQGMADTQYF	LLDDFVEII
CASGPSDQPQHF	LLDDFVEII
CASSRTGSREQFF	LLDDFVEII
CASSSGASGRRPYEQYF	LLDDFVEII
CASSGTSGRANEQFF	LLDDFVEII
CSARDRGGRAISYEQYF	LLDDFVEII
CASSLQGYRTGYTF	LLDDFVEII
CRGLGGNYGYTF	LLDDFVEII
CASSLEGDTQYF	LLDDFVEII
CASSASGSAVNEQFF	LLDDFVEII
CASSQGAGVSYEQYF	LLDDFVEII
CSARFRGGLNTGELFF	LLDDFVEII
CASTRTSAETQYF	LLDDFVEII
CASSFGRGAFF	LLDDFVEII
CASSQQTTGVGYTF	LLDDFVEII
CASSVGQGRAYEQYF	LLDDFVEII
CASSLGRWDSGANVLTF	LLDDFVEII
CASSGGAGGFYEQYF	LLDDFVEII
CASSPPLAVTNEQFF	LLDDFVEII
CATSNAGTSGRAPNEQFF	LLDDFVEII
CASSVGGGQNEQYF	LLDDFVEII
CASSVGSVPTPETQYF	LLDDFVEII
CSVEGTGDSSYEQYF	LLDDFVEII
CASSSSGRASTDTQYF	LLDDFVEII
CASSHGLKTPYEQYF	LLDDFVEII
CASSSGLASSYEQYF	LLDDFVEII
CASSGLAGALNEQFF	LLDDFVEII
CATSATQRGQGKVGTYNEQFF	LLDDFVEII
CASSPGGTYNEQFF	LLDDFVEII
CASSPGWDRSYEQYF	LLDDFVEII
CASSLGTHNEQFF	LLDDFVEII
CASKGGTGVTGELFF	LLDDFVEII
CATSPPPGSYNEQFF	LLDDFVEII
CASSRGSSGYNEQFF	LLDDFVEII
CASSAKLTGELFF	LLDDFVEII
CASSGSSGQYEQYF	LLDDFVEII
CASSPGTIFSSYNEQFF	LLDDFVEII
CATGRSSYNEQFF	LLDDFVEII
CASSLKVTSGSNEQFF	LLDDFVEII
CATSRGDFNQETQYF	LLDDFVEII
CASSESGGAVNEQFF	LLDDFVEII
CASSFGLGNTEAFF	LLDDFVEII
CASSNYPGLGYEQYF	LLDDFVEII
CASSPSPGLAGGNQETQYF	LLDDFVEII
CASSSITYEQFF	LLDDFVEII
CASSLAGGSYEQYF	LLDDFVEII
CASRQVSLDTEAFF	LLDDFVEII
CASSLIPGNTEAFF	LLDDFVEII
CATSSGRYNEQFF	LLDDFVEII
CASREGQNYEQYF	LLDDFVEII
CASSLVAGGLNEQFF	LLDDFVEII
CASSASSGELFF	LLDDFVEII
CASSGKVGEGYGYTF	LLDDFVEII
CASSNPRDRNTIYF	LLDDFVEII
CASRLRVISSGANVLTF	LLDDFVEII
CASSSRGTAGSRGLTGELFF	LLDDFVEII
CASSSAAYEQFF	LLDDFVEII
CASSPRAVRQETQYF	LLDDFVEII
CASSLGQKPSGANVLTF	LLDDFVEII
CASSEVLRLSNTEAFF	LLDDFVEII
CASRETGLGNQPQHF	LLDDFVEII
CASRAGTASYEQYF	LLDDFVEII
CASSTGLAGGNYEQFF	LLDDFVEII
CASSHMNTEAFF	LLDDFVEII
CASSPGMGGAYEQYF	LLDDFVEII
CASRETGTGTAEAFF	LLDDFVEII
CASSGGQGDSYEQYF	LLDDFVEII
CASRASGANYNEQFF	LLDDFVEII
CASSPGEDTSNQPQHF	LLDDFVEII
CASSWDYNEQFF	LLDDFVEII
CASGRAYNEQFF	LLDDFVEII
CASSLGQGAWGYTF	LLDDFVEII
CASSGGLAVGYEQYF	LLDDFVEII
CASGFSGAEAFF	LLDDFVEII
CASSPRSSGIFNEQFF	LLDDFVEII
CASSEWGVGASYNEQFF	LLDDFVEII
CASSYGAGNSYEQYF	LLDDFVEII
CASSVRAGGTNEQFF	LLDDFVEII
CSARPGMYEKLFF	LLDDFVEII
CASSWRLASGTYEQYF	LLDDFVEII
CASRSGGLAKNIQYF	LLDDFVEII
CASSTFLTYEQYF	LLDDFVEII
CASSNVGNSPFYEQYF	LLDDFVEII
CASSLGQINTEAFF	LLDDFVEII
CASSGGYDNEQFF	LLDDFVEII
CASSSWTSAPRKETQYF	LLDDFVEII
CASSPGQRAYEQYF	LLDDFVEII
CASSSWNYGYTF	LLDDFVEII
CASRPRAGDISYEQYF	LLDDFVEII
CASRSTSALSSYNEQFF	LLDDFVEII
CASRGDRYNEQFF	LLDDFVEII
CASSQPTLNTEAFF	LLDDFVEII
CASSQVFTTGDYTQYF	LLDDFVEII
CASSVRGGPTNEQFF	LLDDFVEII
CASSQGQVPGNTIYF	LLDDFVEII
CASSPGTGGLASEQYF	LLDDFVEII
CASSLGAGSSYEQYF	LLDDFVEII
CASSLTSGVGTGELFF	LLDDFVEII
CASSLAGRGRNEQYF	LLDDFVEII
CSARNPGAPGPEAFF	LLDDFVEII
CASTPSGVSTDTQYF	LLDDFVEII
CSASPLSRMMTPYEQYF	LLDDFVEII
CASLLSGASTGELFF	LLDDFVEII
CASSRQTANQPQHF	LLDDFVEII
CASSQVTIKVYTF	LLDDFVEII
CATSPRQGRGDTQYF	LLDDFVEII
CASSLGAGGGYEQYF	LLDDFVEII
CASSLGGTSGTYNEQFF	LLDDFVEII
CASSVGQGAYEQYF	LLDDFVEII
CSVSGGSYEQYF	LLDDFVEII
CASSPLPYNEQFF	LLDDFVEII
CASRAGQRAYEQYF	LLDDFVEII
CASSSDRYSYEQYF	LLDDFVEII
CASSPGTRPEKLFF	LLDDFVEII
CASSLTGAWDTGELFF	LLDDFVEII
CASSQDTFRWKETQYF	LLDDFVEII
CASSAGGQTSYEQYF	LLDDFVEII
CASGLSTSYNEQFF	LLDDFVEII
CASSLGLAGGNTDTQYF	LLDDFVEII
CASSTRTSNLFNEQFF	LLDDFVEII
CASSTSQKNEQFF	LLDDFVEII
CASSPSTGRYNQPQHF	LLDDFVEII
CASSVVAGPYNEQFF	LLDDFVEII
CASSQGQSYEQYF	LLDDFVEII
CASSFQGGANVLTF	LLDDFVEII
CASRSMAGELFF	LLDDFVEII
CSATGTGKTGELFF	LLDDFVEII
CASSIGPLRRGTQYF	LLDDFVEII
CASSYSLEGGSPLHF	LLDDFVEII
CASSPSLRGGSYNEQFF	LLDDFVEII
CASSPTQGRRGSPLHF	LLDDFVEII
CASSPTFRESSYNEQFF	LLDDFVEII
CASSLKGTGTYEQYF	LLDDFVEII
CASSPGQGLRLFF	LLDDFVEII
CASSLVLGGTYNEQFF	LLDDFVEII
CASSLGGSGRPAYEQYF	LLDDFVEII
CASTGSSYNEQFF	LLDDFVEII
CASSFGAGSFYEQYF	LLDDFVEII
CASSQNRQGLVNEQFF	LLDDFVEII
CASSQGTSGSGGELFF	LLDDFVEII
CASSPGAGGNNEQFF	LLDDFVEII
CASSTGTGFPYGYTF	LLDDFVEII
CASSLRPPSAEEQYF	LLDDFVEII
CASSPTMTNIQYF	LLDDFVEII
CASSQPTTGYGYTF	LLDDFVEII
CASSLLSNEQFF	LLDDFVEII
CASSKQLAGASNEQFF	LLDDFVEII
CASSQGQGALNEQFF	LLDDFVEII
CASSVVGAGEQYF	LLDDFVEII
CSVGRPNSYEQYF	LLDDFVEII
CASRSRPRRHEQFF	LLDDFVEII
CASSQPTTYEQYF	LLDDFVEII
CASSQGVGRTEAFF	LLDDFVEII
CASSPRTDTQYF	LLDDFVEII
CASSVELAGATSYNEQFF	LLDDFVEII
CASSDGGGRASYEQYF	LLDDFVEII
CASGTAGGPKVDTQYF	LLDDFVEII
CASSSSLQGRGITEAFF	LLDDFVEII
CASSAAVGEAYGYTF	LLDDFVEII
CASSPGMTLSYEQYF	LLDDFVEII
CASRPISPGETQYF	LLDDFVEII
CASSYSITYNEQFF	LLDDFVEII
CASSSTRDGNYEQYF	LLDDFVEII
CASSQPTVSYEQYF	LLDDFVEII
CASSPGQRVYAYEQYF	LLDDFVEII
CASRLEADTQYF	LLDDFVEII
CAISGWTRDTQYF	LLDDFVEII
CASSGGTASSYEQYF	LLDDFVEII
CASSQETTYGYTF	LLDDFVEII
CASSLSQSGRRYGYTF	LLDDFVEII
CASVEPLAKNIQYF	LLDDFVEII
CASSAGRSSYEQYF	LLDDFVEII
CASSVGLAGTSSYNEQFF	LLDDFVEII
CSARDPTLRLAGAIEYNEQFF	LLDDFVEII
CASSETTGGADTQYF	LLDDFVEII
CASSVGETQYF	LLDDFVEII
CASSPGVREQFF	LLDDFVEII
CASSHQRTGSDYGYTF	LLDDFVEII
CASREGRIYNEQFF	LLDDFVEII
CASSLNGADTQYF	LLDDFVEII
CASSLGMGQAGYNEQFF	LLDDFVEII
CASRDGLSKNIQYF	LLDDFVEII
CASSSQGQEEQFF	LLDDFVEII
CASRGGGAKLFF	LLDDFVEII
CASSVKGGPTNEQFF	LLDDFVEII
CASSLALAYEQYF	LLDDFVEII
CASSLDRGGYEQYF	LLDDFVEII
CAISETPGHPTPNYGYTF	LLDDFVEII
CASSAGNRQEQFF	LLDDFVEII
CASSVLAGPYNEQFF	LLDDFVEII
CSVQGGPHQQPQHF	LLDDFVEII
CASSPSGGPSPHSYNEQFF	LLDDFVEII
CASSVGGAIQPQHF	LLDDFVEII
CASSPRGLRGEETQYF	LLDDFVEII
CASRSWRGSDEQYF	LLDDFVEII
CASRETGLKYNEQFF	LLDDFVEII
CASSEGTSGNNEQFF	LLDDFVEII
CASSHPTSGRLNEQFF	LLDDFVEII
CASSLVRGRDTEAFF	LLDDFVEII
CASSPGLGGPYEQYF	LLDDFVEII
CASSLGGINEQFF	LLDDFVEII
CASSGKLGQQETQYF	LLDDFVEII
CASSQDLTVGQFF	LLDDFVEII
CASSSIAAGRLYEQYF	LLDDFVEII
CASSYSITHNEQFF	LLDDFVEII
CASSGISGANVLTF	LLDDFVEII
CASSLTQNPGELFF	LLDDFVEII
CASRGGMANSPLHF	LLDDFVEII
CASSSRLRGATYNEQFF	LLDDFVEII
CASFSGTGGEQYF	LLDDFVEII
CASSSHLGGTTNEKLFF	LLDDFVEII
CASRLAGGYNEQFF	LLDDFVEII
CASSQEGLAGVKDTQYF	LLDDFVEII
CASSQSSGGPYEQYF	LLDDFVEII
CASKGTISYNEQFF	LLDDFVEII
CASSQDRHTASYNEQFF	LLDDFVEII
CASSQPSTGNGYTF	LLDDFVEII
CASSQASLNTEAFF	LLDDFVEII
CASSQGYGAPAKNIQYF	LLDDFVEII
CASSAPRDKANYGYTF	LLDDFVEII
CASSLGGEVASYEQYF	LLDDFVEII
CASRPRLGGQRNEQFF	LLDDFVEII
CASRLTGGRNQPQHF	LLDDFVEII
CASSERRRNTGELFF	LLDDFVEII
CASRLQDITTEAFF	LLDDFVEII
CASSSGRSSYNEQFF	LLDDFVEII
CASSMGLASSYEQYF	LLDDFVEII
CATSGTGGVQYF	LLDDFVEII
CASSSSAATINQPQHF	LLDDFVEII
CASSQDSWRGSPLHF	LLDDFVEII
CASSLGVYGGYTF	LLDDFVEII
CSARAGNSYEQYF	LLDDFVEII
CAISPKGADTQYF	LLDDFVEII
CASSPRGVYEQYF	LLDDFVEII
CASSSPLTSGSGTDTQYF	LLDDFVEII
CASSHASGLQVEDTQYF	LLDDFVEII
CASSLGSGSSYEQYF	LLDDFVEII
CASSYRGGELNEQFF	LLDDFVEII
CASSYSGRQGWNEQFF	LLDDFVEII
CATSNRPDSGNQPQHF	LLDDFVEII
CASQGFLTGELFF	LLDDFVEII
CSARPGGGGYTF	LLDDFVEII
CASSQPSVHTGELFF	LLDDFVEII
CASSQGQGARNNEQFF	LLDDFVEII
CASSQDSGTSGERSYNEQFF	LLDDFVEII
CASSQPTTGPGELFF	LLDDFVEII
CATSDLKRNYGYTF	LLDDFVEII
CASSLVGVNQPQHF	LLDDFVEII
CASSQGSVGTANTQYF	LLDDFVEII
CASSYARDRTYGYTF	LLDDFVEII
CASTPGGYEQYF	LLDDFVEII
CASRTGRSSTDTQYF	LLDDFVEII
CASSHRGGGGLSYEQYF	LLDDFVEII
CASSLWGARGTYEQYF	LLDDFVEII
CASSQWGERGLNTEAFF	LLDDFVEII
CASGQGAGAFF	LLDDFVEII
CSARRDRLTGELFF	LLDDFVEII
CSAIPTGRVDLGQFF	LLDDFVEII
CASSAGAGGNQPQHF	LLDDFVEII
CASSYSAGSNQPQHF	LLDDFVEII
CASSLGTGYGYTF	LLDDFVEII
CASSLTGVLRNEQFF	LLDDFVEII
CASSQPTVGDKQYF	LLDDFVEII
CASSLHGQGASEAFF	LLDDFVEII
CAGSTTNTGELFF	LLDDFVEII
CASSLLTGANVLTF	LLDDFVEII
CASSVSTGELFF	LLDDFVEII
CASSPRGGLAGGPGDNEQFF	LLDDFVEII
CASSSGKRGYNEQFF	LLDDFVEII
CASSLSGRGEQFF	LLDDFVEII
CASSVGWGGSYEQYF	LLDDFVEII
CASSLPLVSRGLQQYF	LLDDFVEII
CASSFVGERQFF	LLDDFVEII
CASGTHYEQYF	LLDDFVEII
CASSQPSLGPEQYF	LLDDFVEII
CASSLATGELFF	LLDDFVEII
CASSPPEAGETQYF	LLDDFVEII
CASSLRDYEQFF	LLDDFVEII
CASIKGGVSYNSPLHF	LLDDFVEII
CSASPLAGGLAKNIQYF	LLDDFVEII
CASSGGNSYEQYF	LLDDFVEII
CASSVGQGAYEQYF	LLDDFVEII
CSARVRGIGANVLTF	LLDDFVEII
CASSPGSGVAYEQYF	LLDDFVEII
CASSLAAGSSYEQYF	LLDDFVEII
CASSKRTGPNYGYTF	LLDDFVEII
CASQPGLAGDTQYF	LLDDFVEII
CASSATGGPYTGELFF	LLDDFVEII
CASSQVRQKVNTEAFF	LLDDFVEII
CASSLTEQTYEQYF	LLDDFVEII
CASSSKGRNEQFF	LLDDFVEII
CASSRPGGVNTEAFF	LLDDFVEII
CASSPQRGLAGELTQYF	LLDDFVEII
CASSPSSSSDTQYF	LLDDFVEII
CASSQGTSGSPYEQYF	LLDDFVEII
CASSASGRFYEQYF	LLDDFVEII
CASSTTAGRGAKNIQYF	LLDDFVEII
CASSQDTTYGYTF	LLDDFVEII
CASSQVTSGGIQETQYF	LLDDFVEII
CASSPTSSGGASGELFF	LLDDFVEII
CASSPASGSSYEQYF	LLDDFVEII
CASSVRGGPYNEQFF	LLDDFVEII
CASSFTGGHEQYF	LLDDFVEII
CAWSRRGGVDQPQHF	LLDDFVEII
CASSQETVYGYTF	LLDDFVEII
CASSLSQGATQYF	LLDDFVEII
CASSVGQYSNQPQHF	LLDDFVEII
CASSPGQKQETQYF	LLDDFVEII
CASSPRGGPYNEQFF	LLDDFVEII
CASRSGDPYEQYF	LLDDFVEII
CASSQRAGPYNEQFF	LLDDFVEII
CASSPRLQGDRSGELFF	LLDDFVEII
CASRPTGLSPYEQYF	LLDDFVEII
CSARARGSLSYEQYF	LLDDFVEII
CASSVAGWGRADNEQFF	LLDDFVEII
CASSQPSTGAGKLFF	LLDDFVEII
CASSFPAGLTYEQYF	LLDDFVEII
CASSSLLAGRYNEQFF	LLDDFVEII
CASSQNLNEKLFF	LLDDFVEII
CASSQDQGQYNQPQHF	LLDDFVEII
CASSPRTGMNNEQFF	LLDDFVEII
CASSKQGSSYNSPLHF	LLDDFVEII
CASSRTTGAPPAEAFF	LLDDFVEII
CASKPGVDNEQFF	LLDDFVEII
CASSPRTGGGTEAFF	LLDDFVEII
CASSPGLAGGYEQYF	LLDDFVEII
CSARDRTNLLYGYTF	LLDDFVEII
CASSERTSGVLNEQFF	LLDDFVEII
CANKRGGGSANTGELFF	LLDDFVEII
CSARVQGASGNTIYF	LLDDFVEII
CASSQDRTLYQETQYF	LLDDFVEII
CASSPGLAGHYEQYF	LLDDFVEII
CASRRGGEKLFF	LLDDFVEII
CASSLWQGGTEAFF	LLDDFVEII
CASRGQGIFYEQYF	LLDDFVEII
CASSLTSTEQFF	LLDDFVEII
CASSPPGTSGEGYNEQFF	LLDDFVEII
CASSFGNTEAFF	LLDDFVEII
CASSGQIPGQVMNGYTF	LLDDFVEII
CASSPRRFLQGYGYTF	LLDDFVEII
CASSLGAASFYEQYF	LLDDFVEII
CASRNRGTGDHEQYF	LLDDFVEII
CASSPRQGAGYGYTF	LLDDFVEII
CASSRLKTKTGGTEAFF	LLDDFVEII
CASTRGGLAVNEQFF	LLDDFVEII
CASSPSPSGRNNEQFF	LLDDFVEII
CASRRGTEAFF	LLDDFVEII
CSTYGTLGQNEQFF	LLDDFVEII
CASSPGTGVGAFF	LLDDFVEII
CASSKSQRALEQYF	LLDDFVEII
CASNPGQATADTQYF	LLDDFVEII
CASSQDLAGSTGELFF	LLDDFVEII
CASSESRTYEQYF	LLDDFVEII
CASSSGQGDYYEQYF	LLDDFVEII
CASRALTLNTEAFF	LLDDFVEII
CASSLGGPSYEQYF	LLDDFVEII
CASSLGGSYEQYF	LLDDFVEII
CSAKKQSSGVDGYTF	LLDDFVEII
CASSVSQKNTGELFF	LLDDFVEII
CASTTGTGTTSTDTQYF	LLDDFVEII
CASSVRGGAFNEQYF	LLDDFVEII
CASSPSSGISSYNEQFF	LLDDFVEII
CASSFDRYNEQFF	LLDDFVEII
CASSKAIRRPQLEIAGKTTGELFF	LLDDFVEII
CASSQDSLGPEQYF	LLDDFVEII
CASSGRDRDTGELFF	LLDDFVEII
CASSEGYSNQPQHF	LLDDFVEII
CASSGGGVSSGANVLTF	LLDDFVEII
