CDR3	AA
CASSVGQGAYEQYF	LTDEMIAQY
CASSSGSYNEQFF	LTDEMIAQY
CASSQPGTGVYGYTF	LTDEMIAQY
CASRSGTETLSYTF	LTDEMIAQY
CASSAGGGRETQYF	LTDEMIAQY
CASSQNRGRSYNEQFF	LTDEMIAQY
CATSHNRYNSPLHF	LTDEMIAQY
CASSHDGASSYNEQFF	LTDEMIAQY
CASTGGSSYNEQFF	LTDEMIAQY
CASRSSGYTGELFF	LTDEMIAQY
CSARDLSPAGGWYGYTF	LTDEMIAQY
CASSQSPGPQPYEQYF	LTDEMIAQY
CASSPRGSSPLHF	LTDEMIAQY
CASSGGLGTGVYEQYF	LTDEMIAQY
CASRETSGGQETQYF	LTDEMIAQY
CAMLSGQETQYF	LTDEMIAQY
CASSQGQGSGSYEQYF	LTDEMIAQY
CASSWGVSYEQYF	LTDEMIAQY
CASSLGLGTGLYEQYF	LTDEMIAQY
CASRLETLAGGADTQYF	LTDEMIAQY
CASSKEKTGTGGGTDTQYF	LTDEMIAQY
CASTKTGVGNYGYTF	LTDEMIAQY
CASRAGGFNTEAFF	LTDEMIAQY
CASRPGVTTYGYTF	LTDEMIAQY
CASRPAVGTNEQYF	LTDEMIAQY
CASSPLLKVYEQYF	LTDEMIAQY
CSAIGTTAFYEQYF	LTDEMIAQY
CASSQGGYNEQFF	LTDEMIAQY
CASSFLAAGQVNQPQHF	LTDEMIAQY
CASSQGDRVMNYGYTF	LTDEMIAQY
CSARDTSGRAEFF	LTDEMIAQY
CASSLGTGVYNEQFF	LTDEMIAQY
CASSRPKETQYF	LTDEMIAQY
CASSSTRQGAVDTQYF	LTDEMIAQY
CASSQTNTEAFF	LTDEMIAQY
CASSPLRQGLPWPQHF	LTDEMIAQY
CSARGTMVVDEQFF	LTDEMIAQY
CSARGAISGELFF	LTDEMIAQY
CATSRPLGNTEAFF	LTDEMIAQY
CASSKTTGTGVYEQYF	LTDEMIAQY
CASRNYRTQETQYF	LTDEMIAQY
CASSLVARGANTGELFF	LTDEMIAQY
CASSQDEGSGREQYF	LTDEMIAQY
CASSQGTGNYYGYTF	LTDEMIAQY
CSARDPQGGPLHF	LTDEMIAQY
CASSWGGTRLKETQYF	LTDEMIAQY
CASRLSTLAGGSYIQYF	LTDEMIAQY
CASSWGQIYEQYF	LTDEMIAQY
CASSKGGQGSTGELFF	LTDEMIAQY
CSARDPTGGPQHF	LTDEMIAQY
CASSLELGLGRGNQPQHF	LTDEMIAQY
CASSQDQGDSSYNEQFF	LTDEMIAQY
CASSWGVGYEQYF	LTDEMIAQY
CASSLSGSGSEQFF	LTDEMIAQY
CASSLGSEQYF	LTDEMIAQY
CASSLWDGGREQYF	LTDEMIAQY
CSARGPLAGELFF	LTDEMIAQY
CASSLYTSGNTGELFF	LTDEMIAQY
CSARDWARQETQYF	LTDEMIAQY
CASSKTKGVGLDSYEQYF	LTDEMIAQY
CASSPEGQGETQYF	LTDEMIAQY
CASSYLSAYNEQFF	LTDEMIAQY
CASSWGQGYEQYF	LTDEMIAQY
CASRPRAFDSNYEQYF	LTDEMIAQY
CSARDVLLLDTQYF	LTDEMIAQY
CASQFFTTNTEAFF	LTDEMIAQY
CASSWSGTEAFF	LTDEMIAQY
CASSSPPETQYF	LTDEMIAQY
CSARDTSLTDTQYF	LTDEMIAQY
CASSLGPGQGANTGELFF	LTDEMIAQY
CASSRNIGTGFYEQYF	LTDEMIAQY
CASSSWDTNNEQFF	LTDEMIAQY
CSARGTTTSEQYF	LTDEMIAQY
CASSSYTGLGNDGYTF	LTDEMIAQY
CASSFGVGYEQYF	LTDEMIAQY
CASSLVAGHNEQFF	LTDEMIAQY
CASSTTGTGITGELFF	LTDEMIAQY
CASSLSIGTGIYEQYF	LTDEMIAQY
CASSQERYEQYF	LTDEMIAQY
CASSLRLGTGVYEQYF	LTDEMIAQY
CASSLSTSGIGSYEQYF	LTDEMIAQY
CSARGPHTGELFF	LTDEMIAQY
CASSPLSRVVLGGYTF	LTDEMIAQY
CASGLGSEQYF	LTDEMIAQY
CASSYSTQGSGRKGDTQYF	LTDEMIAQY
CATSRDGVHEQFF	LTDEMIAQY
CASSWGVGAEAFF	LTDEMIAQY
CASSQSSTGTGFYGYTF	LTDEMIAQY
CASSMAGVGETQYF	LTDEMIAQY
CASSFGTEFNYGYTF	LTDEMIAQY
CASSLRGVEQYF	LTDEMIAQY
CASSQHSSYNEQFF	LTDEMIAQY
CASSNPTSGRDNEQFF	LTDEMIAQY
CASSQGQGMGNYGYTF	LTDEMIAQY
CATSRAKGTGIYEQYF	LTDEMIAQY
CSARDPAAGYQFF	LTDEMIAQY
CATSVSKGTGVYEQYF	LTDEMIAQY
CASSLAGAHEQYF	LTDEMIAQY
CSARDPRGEAKLFF	LTDEMIAQY
CSARDPSGGPRYF	LTDEMIAQY
CASSQLGTGIYGYTF	LTDEMIAQY
CASSLSGSGAETQYF	LTDEMIAQY
CSARDSAGVDEQFF	LTDEMIAQY
CASTRAGGSGANVLTF	LTDEMIAQY
CASSQDLKGTSGRTEAFF	LTDEMIAQY
CSARDQHGGPQHF	LTDEMIAQY
CSAREWGGGYTF	LTDEMIAQY
CASSSGTSVYNEQFF	LTDEMIAQY
CASSGPGPYGYNEQFF	LTDEMIAQY
CASSPSSGTGIYEQYF	LTDEMIAQY
CASSWGVGTGIYEQYF	LTDEMIAQY
CASTPPRTDPNYGYTF	LTDEMIAQY
CASSRKTGIGNYGYTF	LTDEMIAQY
CASSLAVGTGVYEQYF	LTDEMIAQY
CATSPKVGQTIWGANVLTF	LTDEMIAQY
CASSQGQGTYEQYV	LTDEMIAQY
CAWGSKQSNYGYTF	LTDEMIAQY
CASSQGSAYEQYF	LTDEMIAQY
CASSQSPSYNEQFF	LTDEMIAQY
CASSQGPSYNEQFF	LTDEMIAQY
CSARDPKRGNGELFF	LTDEMIAQY
CASSQARGSSYNEQFF	LTDEMIAQY
CASSPGRVYNEQFF	LTDEMIAQY
CASSLGVGVGVYEQYF	LTDEMIAQY
CASSFSASKLQETQYF	LTDEMIAQY
CASSLGVGIGIYEQYF	LTDEMIAQY
CSARWSLGNEQFF	LTDEMIAQY
CASSLPHEQFF	LTDEMIAQY
CSARDPFGTQPLHF	LTDEMIAQY
CASSQGHGTTSYEQYF	LTDEMIAQY
CASSQVGAAYEQYF	LTDEMIAQY
CSAWMGTFSYEQYF	LTDEMIAQY
CASRGGGFGGELFF	LTDEMIAQY
CASSYGREYREQFF	LTDEMIAQY
CSAPVYSSGNTIYF	LTDEMIAQY
CASSLATGVGSYEQYF	LTDEMIAQY
CASSLASGGSTDTQYF	LTDEMIAQY
CASSDRNRYGYTF	LTDEMIAQY
CASTPSAAYNEQFF	LTDEMIAQY
CASSLSVGQGLYEQYF	LTDEMIAQY
CASSSGLGTGTYEQYF	LTDEMIAQY
CASSLATGTGIYEQYF	LTDEMIAQY
CASSAGTSGSKGGELFF	LTDEMIAQY
CASSQEISPGGLNTEAFF	LTDEMIAQY
CASSFGTGGYEQYF	LTDEMIAQY
CASSSAIGTGIYEQYF	LTDEMIAQY
CASSLAVGTGYYEQYF	LTDEMIAQY
CASRELARNEQFF	LTDEMIAQY
CASSRNTYRGGAQETQYF	LTDEMIAQY
CASSLTEFYGYTF	LTDEMIAQY
CASSLSGANVLTF	LTDEMIAQY
CASSQTGPQPQHF	LTDEMIAQY
CASSPIGGERNIQYF	LTDEMIAQY
CSAWTRVNQPQHF	LTDEMIAQY
CASSLFTTSQETQYF	LTDEMIAQY
CASSLGLGTGLYEQYF	LTDEMIAQY
CASSLANGAATATQYF	LTDEMIAQY
CASSLSTGTGVYEQYF	LTDEMIAQY
CASSLADLSYGYTF	LTDEMIAQY
CASSWDRKHQETQYF	LTDEMIAQY
CASSLARGEGASNQPQHF	LTDEMIAQY
CASSQTPTETSYEQYF	LTDEMIAQY
CASRRGQGMGEAGANVLTF	LTDEMIAQY
CASSQSDTEAFF	LTDEMIAQY
CASSLSAGNTIYF	LTDEMIAQY
CASSPGANYNEQFF	LTDEMIAQY
CASSWGVGYEQYF	LTDEMIAQY
CASSQVGQGTYEQYF	LTDEMIAQY
CATSESTNEQFF	LTDEMIAQY
CASSWGVGYEQYF	LTDEMIAQY
CASSQGDPRSSYNEQFF	LTDEMIAQY
CASSTGVGTGLYEQYF	LTDEMIAQY
CASSPGQSYEYGYTF	LTDEMIAQY
CASSQAPGTGTYEQYF	LTDEMIAQY
CASSPTQGATNTEAFF	LTDEMIAQY
CASSQGLGSSYNEQFF	LTDEMIAQY
CASSLAVGTGLYEQYF	LTDEMIAQY
CASSHLGQGQRGSEQYF	LTDEMIAQY
CASSLDRLGYTF	LTDEMIAQY
CASHRDTSYEQYF	LTDEMIAQY
CASSLGSGGSTDTQYF	LTDEMIAQY
CASRGTTGLLKNIQYF	LTDEMIAQY
CASSNPTSGYEQYF	LTDEMIAQY
CASSLTEIPYEQYF	LTDEMIAQY
CSARDQWLADTQYF	LTDEMIAQY
CASSQEQGGDTGELFF	LTDEMIAQY
CASRSGSSYEQYF	LTDEMIAQY
CASRDISSYNSPLHF	LTDEMIAQY
CASSLTGGQAEAFF	LTDEMIAQY
CASSATTGGPADTQYF	LTDEMIAQY
CAIKDPKRGNTDTQYF	LTDEMIAQY
CASSYPPHAGGPVNDEQFF	LTDEMIAQY
CASSLTGLHEQYF	LTDEMIAQY
CAISEGGGLAKIYNEQFF	LTDEMIAQY
CSARDPYRQETQYF	LTDEMIAQY
CASSQGSPRSSYNEQFF	LTDEMIAQY
CASRDPTYNEQFF	LTDEMIAQY
CASSPELPRVHEQFF	LTDEMIAQY
CASSTPRGRVAYEQYF	LTDEMIAQY
CASSLAVGTGVYIQYF	LTDEMIAQY
CSARGAYRGEQYF	LTDEMIAQY
CASSLVIQGAVDTQYF	LTDEMIAQY
CASSPDRGPDTQYF	LTDEMIAQY
CASSLGVGTGIYEQFF	LTDEMIAQY
CASSEKKGPVNEQFF	LTDEMIAQY
CASSQGAVGVSYEQYF	LTDEMIAQY
CASSGSIAGGHNEQYF	LTDEMIAQY
CSARDPIGNDRDNSPLHF	LTDEMIAQY
CASSWGPYYEQYF	LTDEMIAQY
CASSLIGSGTEAFF	LTDEMIAQY
CASSKTGTGIYEQYF	LTDEMIAQY
CASSLHATGTGYEQYF	LTDEMIAQY
CASSQPWAVPEAFF	LTDEMIAQY
CASFKSYRATEAFF	LTDEMIAQY
CASSQSTGVWYEQYF	LTDEMIAQY
CASSLAVGQGIYEQYF	LTDEMIAQY
CASSSTSGGPPDNEQFF	LTDEMIAQY
CASSHIKVGNTEAFF	LTDEMIAQY
CASSLTEASYEQYF	LTDEMIAQY
CSARGPEGQPQHF	LTDEMIAQY
CSARDRQVAGIQYF	LTDEMIAQY
CASTKTGTGIYEQYF	LTDEMIAQY
CAIGGSAYNEQFF	LTDEMIAQY
CASSRRQLNTEAFF	LTDEMIAQY
CASSLILLGDTQYF	LTDEMIAQY
CASSFGTGGYEQYF	LTDEMIAQY
CASRQGGVAGELFF	LTDEMIAQY
CASSARQGNANYGYTF	LTDEMIAQY
CASSPGQNQPQHF	LTDEMIAQY
CASSLSVGTGIYEQYF	LTDEMIAQY
CSVGTSSYNEQFF	LTDEMIAQY
CASSLSVGQGWIQPQHF	LTDEMIAQY
CASSESGLPYNEQFF	LTDEMIAQY
CASSLSIGTGLYEQYF	LTDEMIAQY
CASSLALGTGVYEQYF	LTDEMIAQY
CASSRLAGGYEQYF	LTDEMIAQY
CASSQAPGTGIYEQYF	LTDEMIAQY
CASSPSSGVIEQYF	LTDEMIAQY
CSARGPIAGELFF	LTDEMIAQY
CSARSPLSYEQYF	LTDEMIAQY
CASSGGVGQGFYEQYF	LTDEMIAQY
CASSQARGSSYNEQFF	LTDEMIAQY
CASRPGGYYSPLHF	LTDEMIAQY
CASSPRAGLGPSYNEQFF	LTDEMIAQY
CSARDPGTVRGQPQHF	LTDEMIAQY
CASSSWTSGSLGEQFF	LTDEMIAQY
CASSQPGQGDYGYTF	LTDEMIAQY
CASTAGSSGYNEQFF	LTDEMIAQY
CASSQDYDLAGVGGELFF	LTDEMIAQY
CAISELIRGQDEGKLFF	LTDEMIAQY
CASRSGTGVSPLHF	LTDEMIAQY
CATSPGATVNSPLHF	LTDEMIAQY
CASSQGKGGSYNEQFF	LTDEMIAQY
CASRKAPGTGVYEQYF	LTDEMIAQY
