CDR3	AA
CASREPGLDTQYF	YFPLQSYGF
CASGMNLGADTQYF	YFPLQSYGF
CASSSGLAGVGEQFF	YFPLQSYGF
CASSLVNTEAFF	YFPLQSYGF
CASSSPGGSTDTQYF	YFPLQSYGF
CASSVGTAGEAFF	YFPLQSYGF
CASSQDRGLSYEQYF	YFPLQSYGF
CASSSWTGTTTGELFF	YFPLQSYGF
CASTPAGELFF	YFPLQSYGF
CASSFYPSSYEQYF	YFPLQSYGF
CATAPGRTDTQYF	YFPLQSYGF
CASSQENEQFF	YFPLQSYGF
CASSEMHLTGVTYEQYF	YFPLQSYGF
CASSWSPGLAINRPNEQFF	YFPLQSYGF
CASRISGGNYEQYF	YFPLQSYGF
CASSLIVARSSTDTQYF	YFPLQSYGF
CASSLAYTGNTEAFF	YFPLQSYGF
CASSQDRGGSNGYTF	YFPLQSYGF
CASSPSYLGANEKLFF	YFPLQSYGF
CASTELWDRGASGANVLTF	YFPLQSYGF
CASSSGRVTNEQFF	YFPLQSYGF
CASSLWGAVTSTDTQYF	YFPLQSYGF
CASSQDRAIGELFF	YFPLQSYGF
CASSLTGLETQYF	YFPLQSYGF
CASSEQPTNEKLFF	YFPLQSYGF
CASSPLRETSTDTQYF	YFPLQSYGF
CASSQDRAKSSYEQYF	YFPLQSYGF
CASSPEVSTEAFF	YFPLQSYGF
CASSALPSGSYNEQFF	YFPLQSYGF
CASSPGGEQFF	YFPLQSYGF
CASSYLSTNEQFF	YFPLQSYGF
CASSGTSGDSYNEQFF	YFPLQSYGF
CASSYPGQAGETQYF	YFPLQSYGF
CASSVMTSGTYNEQFF	YFPLQSYGF
CASSGQGARAEAFF	YFPLQSYGF
CASSTGTSHPVNEQFF	YFPLQSYGF
CASSFYPGEQYF	YFPLQSYGF
CASSLSQSPYEQYF	YFPLQSYGF
CASSLGPGLPSKFF	YFPLQSYGF
CASSPTPGTSGRVNEQFF	YFPLQSYGF
CASREGVPQETQYF	YFPLQSYGF
CASSQDRGPSYEQYF	YFPLQSYGF
CASSQPSTGGGYTF	YFPLQSYGF
CASSEAVSGASTYGYTF	YFPLQSYGF
CASSKAQSSDENQETQYF	YFPLQSYGF
CASSETGQDEKLFF	YFPLQSYGF
CASSLGTGGTFYEQYF	YFPLQSYGF
CASSPIPLGDTEAFF	YFPLQSYGF
CASSKAAGASAYEQYF	YFPLQSYGF
CASSIVAHSSYNEQFF	YFPLQSYGF
CASSLVTGGYNEQFF	YFPLQSYGF
CASSPKIAFEQFF	YFPLQSYGF
CASSLVPPADTQYF	YFPLQSYGF
CASSLEVHNEKLFF	YFPLQSYGF
CASSLLLASGPDEQYF	YFPLQSYGF
CASSYSNPGLVYGYTF	YFPLQSYGF
CASSILYGTAYEKLFF	YFPLQSYGF
CASSNFLDSTVTQYF	YFPLQSYGF
CASSFGTGELFF	YFPLQSYGF
CASSLLNTEAFF	YFPLQSYGF
CASSPLLSGATDTQYF	YFPLQSYGF
CASSSPLVRQGIRNEQFF	YFPLQSYGF
CASSFGTGGWETQYF	YFPLQSYGF
CASSFFPGELFF	YFPLQSYGF
CASSFHPDTQYF	YFPLQSYGF
CASSLDLSTGELFF	YFPLQSYGF
CASAGTDTQYF	YFPLQSYGF
CATSDPLSLQPQHF	YFPLQSYGF
CASSLVGGGITDTQYF	YFPLQSYGF
CASSPVSSMNTEAFF	YFPLQSYGF
CASSQWLGTDTQYF	YFPLQSYGF
CAWTPGAEQFF	YFPLQSYGF
CASSYSSGVVWAQYF	YFPLQSYGF
CASSLFSQELNTGELFF	YFPLQSYGF
CATSDLILPGNYNEQFF	YFPLQSYGF
RASSLYRDTYEQYF	YFPLQSYGF
CASSFSPNTGELFF	YFPLQSYGF
CASKELAGVPGELFF	YFPLQSYGF
CASSILLAGGVNEQFF	YFPLQSYGF
CASSSPINRDTEAFF	YFPLQSYGF
CASSEAAAAIYEQYF	YFPLQSYGF
CASSYPGELFF	YFPLQSYGF
CASSFSGGTREQYF	YFPLQSYGF
CASSLLGIEQYF	YFPLQSYGF
CASSFNSYEQYF	YFPLQSYGF
CASSLYVGSGPNEQYF	YFPLQSYGF
CASRPGLASETQYF	YFPLQSYGF
CASSLAESFYNEQFF	YFPLQSYGF
CASSEAGEQFF	YFPLQSYGF
CATSDHLAGGLDTQYF	YFPLQSYGF
CASSLDWTSSYEQYF	YFPLQSYGF
CASSQDRSSLYEQYF	YFPLQSYGF
CASSPTPGRSTDTQYF	YFPLQSYGF
CASSLLRRVPWETDTQYF	YFPLQSYGF
CASSLFGQDLYNEQFF	YFPLQSYGF
CASSIGLAVIYEQYF	YFPLQSYGF
CASSLFGQGWDQPQHF	YFPLQSYGF
CASSSLALAVLPGANVLTF	YFPLQSYGF
CASSFFRGTGELFF	YFPLQSYGF
CASSTPVLAGGIDTQYF	YFPLQSYGF
CASSAGTGWNEQFF	YFPLQSYGF
CASSFAGEAFF	YFPLQSYGF
CASSFGTEAFF	YFPLQSYGF
CATSDPLTGGGEKLFF	YFPLQSYGF
CASSLPGGSTDTQYF	YFPLQSYGF
CASSLSFAGANVLTF	YFPLQSYGF
CASSLVSYWGYF	YFPLQSYGF
CASNRIRLAHSYEQYF	YFPLQSYGF
CATSPSGTRGNEQFF	YFPLQSYGF
CASSGMGVSEQYF	YFPLQSYGF
CASSFGDRADGYTF	YFPLQSYGF
CASSYSRGLAGGLFF	YFPLQSYGF
CASSHGHTPNWIQYF	YFPLQSYGF
CASSLIGLVDTGELFF	YFPLQSYGF
CASSFVLAGVGEQYF	YFPLQSYGF
CASSEAVRRDYEQYF	YFPLQSYGF
CASSLRRHYNEQFF	YFPLQSYGF
CASSLGGTETQYF	YFPLQSYGF
CASSRDSYEQYF	YFPLQSYGF
CASSTPTGDGYTF	YFPLQSYGF
CASSSGRFGTGELFF	YFPLQSYGF
CASQGTGGAADTQYF	YFPLQSYGF
CASSQDLREGSYEQYF	YFPLQSYGF
CASSFAGGLGPQHF	YFPLQSYGF
CASSQDRGSVYEQYF	YFPLQSYGF
CASSLMQTNTEAFF	YFPLQSYGF
CASSYGTVVTDTQYF	YFPLQSYGF
CASRKGYNEQFF	YFPLQSYGF
CASSSLLGPSYNEQFF	YFPLQSYGF
CASSPFGQQINSPLHF	YFPLQSYGF
CSARAAGGTGAFYEQYF	YFPLQSYGF
CASSPHGLAGDEQYF	YFPLQSYGF
CASSYLPSGSGNEQFF	YFPLQSYGF
CASSVIGWGNTEAFF	YFPLQSYGF
CASSLTYPGQPTGELFF	YFPLQSYGF
CASSAPGQETQYF	YFPLQSYGF
CASSYFSGVTDTQYF	YFPLQSYGF
CATSSGTLPRDNEQFF	YFPLQSYGF
CASSSGDGANVLTF	YFPLQSYGF
CASSYLPSGDGEQFF	YFPLQSYGF
CASSFLPGELFF	YFPLQSYGF
CASSSLAGPYHNEQFF	YFPLQSYGF
CASSEVSLTHEQFF	YFPLQSYGF
CASSLVAGMVTQYF	YFPLQSYGF
CASSPGLAYEQFF	YFPLQSYGF
CASSMAGELFF	YFPLQSYGF
CASSDLDRVGNEQFF	YFPLQSYGF
CASSRGDQETQYF	YFPLQSYGF
CASSTEKDYNEQFF	YFPLQSYGF
CASSPMTDNEQFF	YFPLQSYGF
CASSLEFSEQYF	YFPLQSYGF
CASSEDGSPDTQYF	YFPLQSYGF
CASSWGPGTQYF	YFPLQSYGF
CASSPQSSYNEQFF	YFPLQSYGF
CASRGGPSQPQHF	YFPLQSYGF
CASSAQPPVDTGELFF	YFPLQSYGF
CASSLGGEETQYF	YFPLQSYGF
CASSQFPTVGSPLHF	YFPLQSYGF
CASSEMGDGYTF	YFPLQSYGF
CASSYGGTGNSNQPQHF	YFPLQSYGF
CASSQPPTYNEQFF	YFPLQSYGF
CASSLGTGGLEQFF	YFPLQSYGF
CASSQDLPTGVNYGYTF	YFPLQSYGF
CASGQGDGEKLFF	YFPLQSYGF
CASHKLAGVDTQYF	YFPLQSYGF
