CDR3	AA
CASSLGQGDTEAFF	VVFLHVTYV
CASSELAGGFEQYF	VVFLHVTYV
CASSFLDTNTEAFF	VVFLHVTYV
CASSLSDFGDTEAFF	VVFLHVTYV
CSADRVTNTEAFF	VVFLHVTYV
CASSVDPNSPLHF	VVFLHVTYV
CASSLTGSYEQYF	VVFLHVTYV
CASSLLEGGELFF	VVFLHVTYV
CASSQDREETQYF	VVFLHVTYV
CSARDGGWGTDTQYF	VVFLHVTYV
CASSLGTGDTEAFF	VVFLHVTYV
CASKGLETQYF	VVFLHVTYV
CASSPLASGSTGELFF	VVFLHVTYV
CASSAGPHNEQFF	VVFLHVTYV
CASSPGQGPEAFF	VVFLHVTYV
CASSYDRDEQYF	VVFLHVTYV
CASSVGLAGLQETQYF	VVFLHVTYV
CASSWGEGQPQHF	VVFLHVTYV
CASSHGTGNEQYF	VVFLHVTYV
CSAKGLVLSNEQFF	VVFLHVTYV
CASSLFGPSGEQYF	VVFLHVTYV
CASSSGEGQPQHF	VVFLHVTYV
CSARDYREQGQNTGELFF	VVFLHVTYV
CASSQDLNSGYEQFF	VVFLHVTYV
CASSSQGVTSYEQYF	VVFLHVTYV
CASSDNFYEQYF	VVFLHVTYV
CASSQGLGQPQHF	VVFLHVTYV
CASSWWGENNEQFF	VVFLHVTYV
CASSLSPGHPSEQYF	VVFLHVTYV
CASSKGQGDTEAFF	VVFLHVTYV
CASSLGTGDNEQFF	VVFLHVTYV
CASSQGNEQFF	VVFLHVTYV
CASSLGTGDTEAFF	VVFLHVTYV
CASSISRVNQPQHF	VVFLHVTYV
CASSPGQGDTEAFF	VVFLHVTYV
CASSPPSSLEAFF	VVFLHVTYV
CASSLGTGDTEAFF	VVFLHVTYV
CASSPGQGDTEAFF	VVFLHVTYV
CASRGQGTDTQYF	VVFLHVTYV
CASSLRGSKDEQFF	VVFLHVTYV
CASSQTGGAYNEQFF	VVFLHVTYV
CASSSETRAARAEAFF	VVFLHVTYV
CASSLWSNQPQHF	VVFLHVTYV
CASSPATRWREYNEQFF	VVFLHVTYV
CASSPLAGGGTGELFF	VVFLHVTYV
CASSLGQGDTEAFF	VVFLHVTYV
CASSPGTDGNTIYF	VVFLHVTYV
CASGREDGYTF	VVFLHVTYV
CASSLWGANTEAFF	VVFLHVTYV
CASSTEQGLNTEAFF	VVFLHVTYV
CASSLWTSTDTQYF	VVFLHVTYV
CAPRRLAGGGETQYF	VVFLHVTYV
CASSPPGTDYGYTF	VVFLHVTYV
CASSPLAEFYEQYF	VVFLHVTYV
CASSLFQPGETQYF	VVFLHVTYV
CASSSQGPSSYEQYF	VVFLHVTYV
CASSYWAFGQVQETQYF	VVFLHVTYV
CASSLGQGDTEAFF	VVFLHVTYV
CASSQGGLAVFF	VVFLHVTYV
CSASPSGPYNEQFF	VVFLHVTYV
CASSRGQGDTEAFF	VVFLHVTYV
CSARSRTEYEQYV	VVFLHVTYV
CASSYSTGAEQYF	VVFLHVTYV
CASSAGQGDTEAFF	VVFLHVTYV
CSAELAGEQFF	VVFLHVTYV
CASSVVGGREGNEQFF	VVFLHVTYV
CSADPQGSSYEQYF	VVFLHVTYV
CASSVGQGDTEAFF	VVFLHVTYV
CASSPAVAGGSGELFF	VVFLHVTYV
CSARDSGTIEQYF	VVFLHVTYV
CASSRLAGSTDTQYF	VVFLHVTYV
CASTGVVSGANVLTF	VVFLHVTYV
CASSVGMPSPLHF	VVFLHVTYV
CASSQVHLGNQPQHF	VVFLHVTYV
CASSWGREQYF	VVFLHVTYV
CASSRGGPGNEQFF	VVFLHVTYV
CSARDLRGRTSYEQYF	VVFLHVTYV
CASSLLEGGELFF	VVFLHVTYV
CASSFSSYNEQFF	VVFLHVTYV
CASSSSSAGPSYEQYF	VVFLHVTYV
CASSRGQGTYNEQFF	VVFLHVTYV
CSVETLAGGYNEQFF	VVFLHVTYV
CSAGSSGAYNEQFF	VVFLHVTYV
