CDR3	AA
CAKRGRQPQHF	KLNDLCFTNV
CASSLSASYEQYF	KLNDLCFTNV
CASSFRGIQETQYF	KLNDLCFTNV
CASSLTSPYEQYF	KLNDLCFTNV
CASSYRGGTGELFF	KLNDLCFTNV
CASSQLRGRRLTYNEQFF	KLNDLCFTNV
CASSLNSYEQYF	KLNDLCFTNV
CASSVAPDDTQYF	KLNDLCFTNV
CASGGLGPVSENEQFF	KLNDLCFTNV
CASSQVEQGNYEQYF	KLNDLCFTNV
CASSQEERGSGNTIYF	KLNDLCFTNV
CASSLMGVYEQYF	KLNDLCFTNV
CASSLMGGYEQYF	KLNDLCFTNV
CSARLGQGSYEQYF	KLNDLCFTNV
CSATSGETGYEQYF	KLNDLCFTNV
CASSDRGSYEQYF	KLNDLCFTNV
CASSTNSYEQYF	KLNDLCFTNV
CASSLRGAYGYTF	KLNDLCFTNV
CASSPRGFQETQYF	KLNDLCFTNV
CASSLRGQYEQYF	KLNDLCFTNV
CASSGFVNTEAFF	KLNDLCFTNV
CASSSRGTYGYTF	KLNDLCFTNV
CASSLVVYEQYF	KLNDLCFTNV
CASKGGYTEAFF	KLNDLCFTNV
CASSLSVSGYEQYF	KLNDLCFTNV
CASSHLLGLSETQYF	KLNDLCFTNV
CASSPLGYGSEQYF	KLNDLCFTNV
CASSYGLGGSNTEAFF	KLNDLCFTNV
CATSDASGIYNEQFF	KLNDLCFTNV
CASSTGDRHSYEQYF	KLNDLCFTNV
CSARDWSTGPYEQYF	KLNDLCFTNV
CASSIRGGNEQFF	KLNDLCFTNV
CASSETSGEETQYF	KLNDLCFTNV
CASSESRAADTEAFF	KLNDLCFTNV
CASGGGGSETQYF	KLNDLCFTNV
CASSHTVLETQYF	KLNDLCFTNV
CASSPRYRTDTQYF	KLNDLCFTNV
CASSLRGGGETQYF	KLNDLCFTNV
CASRGTHSTGVQYQPQHF	KLNDLCFTNV
CASSRRGSYEQYF	KLNDLCFTNV
CASIRNYEQYF	KLNDLCFTNV
CATLGSDRDTGELFF	KLNDLCFTNV
CASSQPLATNEQYF	KLNDLCFTNV
CASSNGLAGGYNEQFF	KLNDLCFTNV
CASSLGIGGANVLTF	KLNDLCFTNV
CASSIGGSSYNEQFF	KLNDLCFTNV
CASSTRGFLTEAFF	KLNDLCFTNV
CASTHTGTSGFQFF	KLNDLCFTNV
CASSLGVTRSPGDEQFF	KLNDLCFTNV
CATRGPGLGETQYF	KLNDLCFTNV
CASSRTAQEETQYF	KLNDLCFTNV
CASSSRGWYEQYF	KLNDLCFTNV
CASSLGTSRLAKNIQYF	KLNDLCFTNV
CASSQVGLTQKAFF	KLNDLCFTNV
CASSLSTGQPQHF	KLNDLCFTNV
CSVQGGESSYEQYF	KLNDLCFTNV
CASRSRGGVGQETQYF	KLNDLCFTNV
CASSRRGTYEQYF	KLNDLCFTNV
CAIKQDQGYGTQYF	KLNDLCFTNV
CASSSVRAGETQYF	KLNDLCFTNV
CASSQLLAGGTDTQYF	KLNDLCFTNV
CASIRESGVPYEQYF	KLNDLCFTNV
CASSQGGLGEQYF	KLNDLCFTNV
CASSLVTGTYEQYF	KLNDLCFTNV
CASSVTSGEETQYF	KLNDLCFTNV
CASSQIGTLDTQYF	KLNDLCFTNV
CASSLPSRSYNEQFF	KLNDLCFTNV
CASSPVGGRDYNEQFF	KLNDLCFTNV
CASSSRGYYEQYF	KLNDLCFTNV
CASTVQGLSNQPQHF	KLNDLCFTNV
CASSTYSEYGYNEQFF	KLNDLCFTNV
CASSFAQREETQYF	KLNDLCFTNV
CASSLLGGYNEQFF	KLNDLCFTNV
CASSFRVTANYHSGANVLTF	KLNDLCFTNV
CASSPGQGAEKLFF	KLNDLCFTNV
CASATGWTEAFF	KLNDLCFTNV
CASSATSGVETQYF	KLNDLCFTNV
CASSDGYGTEAFF	KLNDLCFTNV
CASSSGGTGAPLDF	KLNDLCFTNV
CASSSTLTDTQYF	KLNDLCFTNV
CASSLATGYEQYF	KLNDLCFTNV
CASSDTTSDGLAKNIQYF	KLNDLCFTNV
CASSFSYNEQFF	KLNDLCFTNV
CASSLGSEGPPAEAFF	KLNDLCFTNV
CASSSYREDQPQHF	KLNDLCFTNV
CASTSSGYEQYF	KLNDLCFTNV
CASSLRGSKDEQYF	KLNDLCFTNV
CSVEWTGGVNEQFF	KLNDLCFTNV
CASSQEGGSSYNEQFF	KLNDLCFTNV
CASIPGGTEAFF	KLNDLCFTNV
CASSPQTSGSLYEQYF	KLNDLCFTNV
CASGLSLDEQFF	KLNDLCFTNV
CASSLRGGTYEQYF	KLNDLCFTNV
CASSLRGSYEQYF	KLNDLCFTNV
CASSPTDRLYGYTF	KLNDLCFTNV
CASSVGTGGVETQYF	KLNDLCFTNV
CASSLHGSYGYTF	KLNDLCFTNV
CASSRLAGSGELFF	KLNDLCFTNV
CASSLENYNEQFF	KLNDLCFTNV
CSHLGTVGEQYF	KLNDLCFTNV
CSGRTNEQFF	KLNDLCFTNV
CASVPRGSGELFF	KLNDLCFTNV
CASSSGTMSSYEQYF	KLNDLCFTNV
CASSLRGMNEQFF	KLNDLCFTNV
CASSQEAFNTGELFF	KLNDLCFTNV
CASSWGGLNTEAFF	KLNDLCFTNV
CASSYSGGPKYEQYF	KLNDLCFTNV
CASSGPRGEAFF	KLNDLCFTNV
CASSLQHREETQYF	KLNDLCFTNV
CASSIYDSGGRGDTQYF	KLNDLCFTNV
CATSREGEGEAFF	KLNDLCFTNV
CASSSDGGAGNEQFF	KLNDLCFTNV
CASSYGTPEAFF	KLNDLCFTNV
CASSQVALAATDTQYF	KLNDLCFTNV
CASTRGTGGEQPQHF	KLNDLCFTNV
CASSLRGGDTEAFF	KLNDLCFTNV
CASRPGTGGTEAFF	KLNDLCFTNV
CASSQDREKLFF	KLNDLCFTNV
CASSLGLPEQFF	KLNDLCFTNV
CASNEGWGELFF	KLNDLCFTNV
CASSFAQREETQYF	KLNDLCFTNV
CASSPRGVYEQYF	KLNDLCFTNV
CASSLFSGTGLDTGELFF	KLNDLCFTNV
CASSAHLETQYF	KLNDLCFTNV
CVSNSGPNEQFF	KLNDLCFTNV
CASSEDTTNYGYTF	KLNDLCFTNV
CASSQDLATYNEQFF	KLNDLCFTNV
CASSEAWSEAFF	KLNDLCFTNV
CASAAGERQPQHF	KLNDLCFTNV
CASSRVAGGQETQYF	KLNDLCFTNV
CASSSRGRYEQYF	KLNDLCFTNV
CASSQDWSGSREQFF	KLNDLCFTNV
CASSPYRGSYEQYF	KLNDLCFTNV
CASSSTGGSYEQYF	KLNDLCFTNV
CASSVDQGQSSYNEQFF	KLNDLCFTNV
CASSLGDRDYNEQFF	KLNDLCFTNV
CASSLGSREAFF	KLNDLCFTNV
CASSTPGGYNEQFF	KLNDLCFTNV
CASSPTQMEETQYF	KLNDLCFTNV
CASSLSTNQPQHF	KLNDLCFTNV
CASSLRGAPNEQYF	KLNDLCFTNV
CASSLDSPPHYGYTF	KLNDLCFTNV
CASSLAFSSLKDTQYF	KLNDLCFTNV
CASNPDRGGEQYF	KLNDLCFTNV
CASSLGVAVSYEQYF	KLNDLCFTNV
CASSPILRGNTIYF	KLNDLCFTNV
CASSLTRTHEQFF	KLNDLCFTNV
CASSNSTSLVNPGELFF	KLNDLCFTNV
CASSDGQGPNSPLHF	KLNDLCFTNV
CASSLFGTEAFF	KLNDLCFTNV
CASSLRGSYEQYF	KLNDLCFTNV
CASSQSEGATEAFF	KLNDLCFTNV
CASSIAGTRNTGELFF	KLNDLCFTNV
CASSANEQFF	KLNDLCFTNV
CASSDPGLTYNEQFF	KLNDLCFTNV
CASSEAGGRNQPQHF	KLNDLCFTNV
CSAGGLAHGGDTQYF	KLNDLCFTNV
CASSLRGMYGYTF	KLNDLCFTNV
CASSQETSGSSETQYF	KLNDLCFTNV
CASSPFRGDQPQHF	KLNDLCFTNV
CASSPQLAGEGELGYEQYF	KLNDLCFTNV
CASSLTGNTEAFF	KLNDLCFTNV
CSARRETQYF	KLNDLCFTNV
CASSFSNEKLFF	KLNDLCFTNV
CASSYRGLRETQYF	KLNDLCFTNV
