CDR3	AA
CASSFGTGELFF	ILHCANFNV
CASSPYGGGNSPLHF	ILHCANFNV
CASSFGTYEQYF	ILHCANFNV
CASSFGTPEFF	ILHCANFNV
CASSFGGNEQYF	ILHCANFNV
CASRSVKIEAKNRLAKNIQYF	ILHCANFNV
CASNLGGYEQYF	ILHCANFNV
CASSLGGGGAFF	ILHCANFNV
CASSSSDEQFF	ILHCANFNV
CASSEVLGFGGYTF	ILHCANFNV
CATQRQFGTGELFF	ILHCANFNV
CASSYSGTGRKTEAFF	ILHCANFNV
CASSDYGAQEQYF	ILHCANFNV
CASSEEQGSHGYTF	ILHCANFNV
CASSGLAGGNTGELFF	ILHCANFNV
CASSFGGNEQFF	ILHCANFNV
CASSKTGYNEQFF	ILHCANFNV
CASNPGASGRQETQYF	ILHCANFNV
CASSPGYYEQYF	ILHCANFNV
CASSTGTSGETQYF	ILHCANFNV
CASSYSAFLRQKNEKLFF	ILHCANFNV
CASSLSGTAEQFF	ILHCANFNV
CASSGGVSSYEQYF	ILHCANFNV
CASSVIGDEQFF	ILHCANFNV
CASSDSAPLANQPQHF	ILHCANFNV
CASSPGTSGETQYF	ILHCANFNV
CASRTWTAVSIDEQFF	ILHCANFNV
CASSEGQEQEKLFF	ILHCANFNV
CASSFGGNIQYF	ILHCANFNV
CASSPPGGIGWLFF	ILHCANFNV
CASSRDSLTYNEQFF	ILHCANFNV
CASSQEFADRAYEQFF	ILHCANFNV
CASTFRVLGGTVLILDSYEQYF	ILHCANFNV
CASSSGGYEQYF	ILHCANFNV
CASSAWAGSFEAFF	ILHCANFNV
CSVEDNGELFF	ILHCANFNV
CASSPWGPPLNTEAFF	ILHCANFNV
CASRWKRWTAKNTQYF	ILHCANFNV
CASSLGVVPSYNEQFF	ILHCANFNV
CASSATSGRIDEQFF	ILHCANFNV
CASSGDSLYGYTF	ILHCANFNV
CASSYRTGNTEAFF	ILHCANFNV
CASVDSLNTEAFF	ILHCANFNV
CASSGGQGLIEQYF	ILHCANFNV
CASSLGGYEQYF	ILHCANFNV
CASSANQGQGGEQFF	ILHCANFNV
CASSLQSSGNEQFF	ILHCANFNV
CASSELKEGYTF	ILHCANFNV
CASSEDTHNEQFF	ILHCANFNV
CASSPRTSGTDTQYF	ILHCANFNV
CASSSTVVEQYF	ILHCANFNV
CASSGTGNTIYF	ILHCANFNV
CASSVNSFTDTQYF	ILHCANFNV
CASSVAGSVSDEQYF	ILHCANFNV
CASSPPTDHTEAFF	ILHCANFNV
CASSGTSGVTYNEQFF	ILHCANFNV
CASSSRDVHNQPQHF	ILHCANFNV
CASSPDKSYEQYF	ILHCANFNV
CASSFGGNTIYF	ILHCANFNV
RASSLISGFGTGELFF	ILHCANFNV
CASSSSGSPYEQYF	ILHCANFNV
CSARDEGREHGYTF	ILHCANFNV
CASSLDTYEAFF	ILHCANFNV
CASSLFHGTAFGYTF	ILHCANFNV
CASSSLTGYNEQFF	ILHCANFNV
CASTWTSAGELFF	ILHCANFNV
CASSQGQGVETQYF	ILHCANFNV
CASSRTSGSFNEQFF	ILHCANFNV
CSAKGTNSGNTIYF	ILHCANFNV
CASSFGGPGSPLHF	ILHCANFNV
CASSSTGVEAFF	ILHCANFNV
CANGQTDYEQYF	ILHCANFNV
CASSEANSSYEQYF	ILHCANFNV
CASSYSGTGTGTEAFF	ILHCANFNV
CASSPPESQETQYF	ILHCANFNV
CASSVNTGELFF	ILHCANFNV
CASSSDSGELFF	ILHCANFNV
CASSPGGYEQYF	ILHCANFNV
CASSFGGGELFF	ILHCANFNV
CASSFGGNEQFF	ILHCANFNV
CASSPTGANTEAFF	ILHCANFNV
CASSASLDEQYF	ILHCANFNV
CASTGQRTGHNEQFF	ILHCANFNV
CASSVHGTSSYNSPLHF	ILHCANFNV
CASSQEATDFYNSPLHF	ILHCANFNV
CASSQDGVEQYF	ILHCANFNV
CASASRDIPNEQFF	ILHCANFNV
CASSDQFSGAYQETQYF	ILHCANFNV
CANLGTGAYEQYF	ILHCANFNV
CASSLQTGYEQYF	ILHCANFNV
CATIPRGLAGRNEQFF	ILHCANFNV
CASSFGGPTGELFF	ILHCANFNV
CASSVAGNSYEQYF	ILHCANFNV
CASSLVGGNTGELFF	ILHCANFNV
CASSFRQGIRSGELFF	ILHCANFNV
CASSPAGNEQFF	ILHCANFNV
CATRAGQGDYEQFF	ILHCANFNV
CASSGQGENIQYF	ILHCANFNV
CASSYTGLADTQYF	ILHCANFNV
CASSLRVYEQYF	ILHCANFNV
CASSQDGGRAGEYADTQYF	ILHCANFNV
CASSVEGYQETQYF	ILHCANFNV
CASSAISDTQYF	ILHCANFNV
CASSFGQAWGAFF	ILHCANFNV
CASSGSSGRGSTDTQYF	ILHCANFNV
CASSIGLAGIYNEQFF	ILHCANFNV
CASSESGNIQYF	ILHCANFNV
CASTPGGAVGGYTF	ILHCANFNV
CASSGTGHRNEQFF	ILHCANFNV
CASSFGGNEQFF	ILHCANFNV
CASSFWPGQGNYGYTF	ILHCANFNV
CATSDGGSGDGYTF	ILHCANFNV
CASSENGPTDTQYF	ILHCANFNV
CASMPRGGRKRNEQFF	ILHCANFNV
CASSLWAEDYEQYF	ILHCANFNV
CASSPPDRDTEAFF	ILHCANFNV
CASGQNNSPLHF	ILHCANFNV
CASPADPYPPHNEQFF	ILHCANFNV
CASSEEGTGEKLFF	ILHCANFNV
CASSDFRDTTYEQYF	ILHCANFNV
CASSVNTGELFF	ILHCANFNV
CASSLVSGGTEAFF	ILHCANFNV
CASRGQGGNTEAFF	ILHCANFNV
CASGMGGGVTGELFF	ILHCANFNV
CASSLTGGTTEAFF	ILHCANFNV
CASSYRDRDNEQYF	ILHCANFNV
CASSSGTSPYEQYF	ILHCANFNV
CASSVPDTGELFF	ILHCANFNV
CASNLGGYEQYF	ILHCANFNV
CASSINQLRPQHF	ILHCANFNV
CASSAPGQLNSPLHF	ILHCANFNV
CASSSEGQGQRTQYF	ILHCANFNV
CASSKTSDEETQYF	ILHCANFNV
CASSSNMMSGDSNYGYTF	ILHCANFNV
CASSPNSWGEQYF	ILHCANFNV
CASSFGGVEQFF	ILHCANFNV
CASSQATGIPYNEQFF	ILHCANFNV
CASSEGGEQYF	ILHCANFNV
CASSYGGNIQYF	ILHCANFNV
CASSFGGYEQYF	ILHCANFNV
CASSPSGTEAFF	ILHCANFNV
CSVVLPGGELFF	ILHCANFNV
CASSPQGATQYF	ILHCANFNV
CASSPLNRDYEQYF	ILHCANFNV
CASSPEVGGLPVNTEAFF	ILHCANFNV
CASSPSGDLRGYTF	ILHCANFNV
CASSSGQAIYEQYF	ILHCANFNV
CATSRDLLTDFGAYGYTF	ILHCANFNV
CASSGQADQETQYF	ILHCANFNV
CASNERGGSGEQFF	ILHCANFNV
