CDR3	AA
CASSPRGKDEQFF	AQVDVVNFNL
CASSLGGYEQYF	AQVDVVNFNL
CASSQLPGQGKVQYF	AQVDVVNFNL
CASSGRGNTGELFF	AQVDVVNFNL
CASSFPEAQYF	AQVDVVNFNL
CASSLGTGAGTEAFF	AQVDVVNFNL
CASIGLAGGNEQFF	AQVDVVNFNL
CASSLGNTIYF	AQVDVVNFNL
CASSVASTSYNEQFF	AQVDVVNFNL
CASSAGGYEQYF	AQVDVVNFNL
CASSADGNSPLHF	AQVDVVNFNL
CASSLGTPSEQYF	AQVDVVNFNL
CASSVGLASYNEQFF	AQVDVVNFNL
CASRGRGEETQYF	AQVDVVNFNL
CSVETGLSYNEQFF	AQVDVVNFNL
CASSVGLTSYNEQFF	AQVDVVNFNL
CASSLGEGGKNIQYF	AQVDVVNFNL
CASSFGSSYEQYF	AQVDVVNFNL
CASSFPNEQYF	AQVDVVNFNL
CASNRAGTVSNQPQHF	AQVDVVNFNL
CASSLDRGNAYEQYF	AQVDVVNFNL
CASSLERGSKSGELFF	AQVDVVNFNL
CASSLGSGGTDTQYF	AQVDVVNFNL
CASSLPSSYNEQFF	AQVDVVNFNL
CASSPGRVQETQYF	AQVDVVNFNL
CASSFSPGGRNIQYF	AQVDVVNFNL
CASRSTGTDKNIQYF	AQVDVVNFNL
CASGFGTSGSGELFF	AQVDVVNFNL
CASSTTGREKLFF	AQVDVVNFNL
CASSLGLLGEQYF	AQVDVVNFNL
CASSGPGGLQETQYF	AQVDVVNFNL
CASSVGLAGYNEQFF	AQVDVVNFNL
CASSPELAGSYNEQFF	AQVDVVNFNL
CASSLLAEETQYF	AQVDVVNFNL
CASSLDLANNEQFF	AQVDVVNFNL
CASSLGTGSVEQYF	AQVDVVNFNL
CASSVGITSYNEQFF	AQVDVVNFNL
CASSEIDRAEQYF	AQVDVVNFNL
