CDR3	AA
CASSPLGSGNTIYF	SASKIITLK
CASSLALPDTQYF	SASKIITLK
CSAPQGEETQYF	SASKIITLK
CAISSGGGPQETQYF	SASKIITLK
CAISETGESELYEQYF	SASKIITLK
CASSIMDSSYEQYF	SASKIITLK
CASSEAPGPWGQFF	SASKIITLK
CASSIDGNAINQPQHF	SASKIITLK
CAISELGEPQETQYF	SASKIITLK
CASSLALPDTQYF	SASKIITLK
CAMGGTGDGTDTQYF	SASKIITLK
CASSLGRQNTEAFF	SASKIITLK
CAISESIQVYNEQFF	SASKIITLK
CASTTGTVWHYGYTF	SASKIITLK
CASSEEGQFYEQYV	SASKIITLK
CASGSGWDSSTDTQYF	SASKIITLK
CASSDPGQGARGELFF	SASKIITLK
CAISELRTSGLYNEQFF	SASKIITLK
CASSEMGEPYNEQFF	SASKIITLK
CASSVGGLYNEQFF	SASKIITLK
CASSVAGDSYEQYF	SASKIITLK
CAISESGQGVEAFF	SASKIITLK
CASSQWQSSTDTQYF	SASKIITLK
CSASEYRDISYEQYV	SASKIITLK
CASSLSPPDEQFF	SASKIITLK
CASSLSLPDTQYF	SASKIITLK
