CDR3	AA
CASSFLQGEDGELFF	QPYRVVVL
CASSQVSGGALNEQFF	QPYRVVVL
CASSLARLAGLYNEQFF	QPYRVVVL
CASSGRDRGTGELFF	QPYRVVVL
CASSTQEMTGGWGYTF	QPYRVVVL
CASSLGEGETTEAFF	QPYRVVVL
CASSLGYEQYF	QPYRVVVL
CASGGNEETQYF	QPYRVVVL
CASSLLLAGLNEQFF	QPYRVVVL
CASSLATDTEAFF	QPYRVVVL
CASSQSTGGGEQFF	QPYRVVVL
CATQVGAEETQYF	QPYRVVVL
CASTWAGSTDTQYF	QPYRVVVL
CASSQAGTNTEAFF	QPYRVVVL
CSVSGPDRNEQFF	QPYRVVVL
CASSSGQGPQQYF	QPYRVVVL
CASTPDGYEQYF	QPYRVVVL
CASSFRTVGNQPQHF	QPYRVVVL
CASSLILSGGASGELFF	QPYRVVVL
CASSILGQGIDEQYF	QPYRVVVL
CASSLGGQYNEQFF	QPYRVVVL
CASSVLAGNYNEQFF	QPYRVVVL
CASSPGSYEQYF	QPYRVVVL
CASTSRQGMNTEAFF	QPYRVVVL
CASSSQQGARYEQYF	QPYRVVVL
CATSPPWSGREETQYF	QPYRVVVL
CASSFLGVNEQYF	QPYRVVVL
CSVARDYEQYF	QPYRVVVL
CASSIFDGGLTDTQYF	QPYRVVVL
CATEYADTQYF	QPYRVVVL
CASRPGTASNQPQHF	QPYRVVVL
CASNRETQYF	QPYRVVVL
CASSYSGWGANTEAFF	QPYRVVVL
CASSLSLNTEAFF	QPYRVVVL
CASSYGSYGYTF	QPYRVVVL
CASSLSVTTEAFF	QPYRVVVL
CASSPQGLAGSYNEQFF	QPYRVVVL
CASSLDTGNQPQHF	QPYRVVVL
CASSVGRTGVDDQPQHF	QPYRVVVL
CASSLGGLGLYQETQYF	QPYRVVVL
CASSFWTEGTDTQYF	QPYRVVVL
CSASILPSTDTQYF	QPYRVVVL
CASSEASSSYEQYF	QPYRVVVL
CSGSNTEAFF	QPYRVVVL
CASSLLGAYEQYF	QPYRVVVL
CASSILGGTDTQYF	QPYRVVVL
CASSLLGGFDTEAFF	QPYRVVVL
CASSPIAGGPYEQYF	QPYRVVVL
CASSLKGYNEQFF	QPYRVVVL
CASSAGTGSYEQYF	QPYRVVVL
CASSYPPGFLIPNTEAFF	QPYRVVVL
CASSLALFGDTQYF	QPYRVVVL
CASTVETNTEAFF	QPYRVVVL
CASSLIEETEAFF	QPYRVVVL
CASSFVGQDQETQYF	QPYRVVVL
CASSNAAYEQYF	QPYRVVVL
CASSLGDLNYEQYF	QPYRVVVL
CASSLTRIGTHDSTNEKLFF	QPYRVVVL
CASSLSDGNEQFF	QPYRVVVL
CASSPLVYGDTEAFF	QPYRVVVL
CASRARSHEQYF	QPYRVVVL
CASNAGTSGANPPTPDTQYF	QPYRVVVL
CASNAVAEQFF	QPYRVVVL
CASSPGTGAYEQYF	QPYRVVVL
CSARPTPGSRTVGSYEQYF	QPYRVVVL
CASSPPGGLAEIYEQYV	QPYRVVVL
CASTPPYPGLAGHEQFF	QPYRVVVL
CASSLGTEAFF	QPYRVVVL
CASGQGSYEQYF	QPYRVVVL
CASSFQAGGSYNEQFF	QPYRVVVL
CASRLIPTGGADTEAFF	QPYRVVVL
CASSTSYTEAFF	QPYRVVVL
CATLTTTMELGTGELFF	QPYRVVVL
CASRVGVMNTEAFF	QPYRVVVL
CATSTMALEETQYF	QPYRVVVL
CASSPSSSGSFHEQYF	QPYRVVVL
CASSYYPGGDTQYF	QPYRVVVL
CASSYSGRGHQPQHF	QPYRVVVL
CASSLAGLPDTQYF	QPYRVVVL
CASSPRVQGRSYNSPLHF	QPYRVVVL
CASSPNSYEQYF	QPYRVVVL
CASSLEGSGSGETQYF	QPYRVVVL
CASSWMPGQGPGEQYF	QPYRVVVL
CASSYPVGGDNEQFF	QPYRVVVL
CASSSLQGIGYEQYF	QPYRVVVL
CASSLISYEQYF	QPYRVVVL
CASSYAPGQSNTEAFF	QPYRVVVL
CASSYSSGETQYF	QPYRVVVL
CASSWGGEQYF	QPYRVVVL
CASSPLTSGGNEQFF	QPYRVVVL
CASSEADRTGKYEQYF	QPYRVVVL
CASSLLLQETQYF	QPYRVVVL
CASRARVSSYNEQFF	QPYRVVVL
CASRTGESLAFF	QPYRVVVL
CASSELAGPQETQYF	QPYRVVVL
CATGPGGGYEQFF	QPYRVVVL
