CDR3	AA
CASMIGNQPQHF	SNEKQEILGTVSW
CASTIGGTEAFF	SNEKQEILGTVSW
CASRGRSSYEQYF	SNEKQEILGTVSW
CASSPGLAGGTSSYNEQFF	SNEKQEILGTVSW
CASNTGVTEAFF	SNEKQEILGTVSW
CASSQDRDRYNEQFF	SNEKQEILGTVSW
CASLTGGGRYTF	SNEKQEILGTVSW
CATTATGSEAFF	SNEKQEILGTVSW
CASSSLTGGHQPQHF	SNEKQEILGTVSW
CASTIGGTEAFF	SNEKQEILGTVSW
CASSVSGTNTGELFF	SNEKQEILGTVSW
CANSPPGLAENTGELFF	SNEKQEILGTVSW
CASSPAGQPQHF	SNEKQEILGTVSW
CASGRSTNTEAFF	SNEKQEILGTVSW
CASSPSGQETQYF	SNEKQEILGTVSW
CASRPGLATGEQFF	SNEKQEILGTVSW
CASSIQVRVPSDTQYF	SNEKQEILGTVSW
CASSIGLGEAFF	SNEKQEILGTVSW
CASSIGVTEAFF	SNEKQEILGTVSW
CASSIGLGEAFF	SNEKQEILGTVSW
CASSPLKGQGRHEQYF	SNEKQEILGTVSW
CASSIGQAEAFF	SNEKQEILGTVSW
CASSIGLAEAFF	SNEKQEILGTVSW
CASRAFSRTDTEAFF	SNEKQEILGTVSW
CASSIGTAEAFF	SNEKQEILGTVSW
CASSIGETEAFF	SNEKQEILGTVSW
CASSLSPGMNTEAFF	SNEKQEILGTVSW
CASFTGGTEAFF	SNEKQEILGTVSW
CASSIGLTEAFF	SNEKQEILGTVSW
CASSLFGRGPTYNEQFF	SNEKQEILGTVSW
CASSLTGDTEAFF	SNEKQEILGTVSW
CASRLGTGIAFF	SNEKQEILGTVSW
CASRGPPNTGELFF	SNEKQEILGTVSW
CASNYGVAEAFF	SNEKQEILGTVSW
CASRRFSRGNNEQFF	SNEKQEILGTVSW
CASSYASNYGYTF	SNEKQEILGTVSW
CASGTGLAEAFF	SNEKQEILGTVSW
CASSYASNYGYTF	SNEKQEILGTVSW
CASSLTVGGHSYNEQFF	SNEKQEILGTVSW
CASSEVNLSGGYTF	SNEKQEILGTVSW
CASSIGLTEAFF	SNEKQEILGTVSW
CASSYGAGEYYEQYF	SNEKQEILGTVSW
CASSPADGLADYEQYF	SNEKQEILGTVSW
CSAPPGQGSYGYTF	SNEKQEILGTVSW
CASSLLYSSYEQYF	SNEKQEILGTVSW
CASSIGGTEAFF	SNEKQEILGTVSW
CASSIGVTEAFF	SNEKQEILGTVSW
CASSMGVAEAFF	SNEKQEILGTVSW
CASSMGITEAFF	SNEKQEILGTVSW
CASSIGLAPAFF	SNEKQEILGTVSW
CASSQVFSDTYEQYF	SNEKQEILGTVSW
CASSLAIGGFGYTF	SNEKQEILGTVSW
CASSIGGTEAFF	SNEKQEILGTVSW
CASSIGGIGAFF	SNEKQEILGTVSW
CASSLPGAGNYNEQFF	SNEKQEILGTVSW
CSADNEQFF	SNEKQEILGTVSW
CASTLGPGMNTEAFF	SNEKQEILGTVSW
CASSIGTAEAFF	SNEKQEILGTVSW
CASSITAGDYGYTF	SNEKQEILGTVSW
CATRPGLWSEQYF	SNEKQEILGTVSW
CATSRSGNTGELFF	SNEKQEILGTVSW
CSAQGQPQHF	SNEKQEILGTVSW
CASSISIGWGPQHF	SNEKQEILGTVSW
CASSPGGAFYGYTF	SNEKQEILGTVSW
CASIRTSGRENTDTQYF	SNEKQEILGTVSW
CASSFGLREAFF	SNEKQEILGTVSW
CASSDWDRGHGSNQPQHF	SNEKQEILGTVSW
CASSIGITEAFF	SNEKQEILGTVSW
CSARGLTLGELFF	SNEKQEILGTVSW
CASSIGVVEAFF	SNEKQEILGTVSW
CASSPFGRANTEAFF	SNEKQEILGTVSW
CASSIGTTEAFF	SNEKQEILGTVSW
CASSLTSGSMNEQFF	SNEKQEILGTVSW
CASSIGIAEAFF	SNEKQEILGTVSW
CASSIGVSEAFF	SNEKQEILGTVSW
CASSITGTYEQYF	SNEKQEILGTVSW
CASSIGTIPEAFF	SNEKQEILGTVSW
CASSIGGGEAFF	SNEKQEILGTVSW
CASSHLTGPGTEAFF	SNEKQEILGTVSW
CASSVDGTGELFF	SNEKQEILGTVSW
CASSIGITEAFF	SNEKQEILGTVSW
CASSVSHPSPGPQGGELFF	SNEKQEILGTVSW
CASSYNSDRGNTGELFF	SNEKQEILGTVSW
CASSGGGETQYF	SNEKQEILGTVSW
CASSLGTGTGTTGELFF	SNEKQEILGTVSW
CASSIGGTEAFF	SNEKQEILGTVSW
CASSIGGTEAFF	SNEKQEILGTVSW
CASSIGGTEAFF	SNEKQEILGTVSW
CASSIGGLGYTF	SNEKQEILGTVSW
CASSIGGDKAFF	SNEKQEILGTVSW
CASSMGGTEAFF	SNEKQEILGTVSW
CASSLGPNQPQHF	SNEKQEILGTVSW
CASSQSRSYGYTF	SNEKQEILGTVSW
CASSIGPGAYEQYF	SNEKQEILGTVSW
CASSIGLTEAFF	SNEKQEILGTVSW
CASRGPAGEQFF	SNEKQEILGTVSW
CASSIGLKEAFF	SNEKQEILGTVSW
CSVEVLARGSYNEQFF	SNEKQEILGTVSW
CASMEGNTEAFF	SNEKQEILGTVSW
CSARGVDRAEKLFF	SNEKQEILGTVSW
CASSFGVFTGELFF	SNEKQEILGTVSW
CASSIAGGPGEQFF	SNEKQEILGTVSW
CASSIGGSGYTF	SNEKQEILGTVSW
CASSQEGQSYEQYF	SNEKQEILGTVSW
CASTNSLIRGNEQFF	SNEKQEILGTVSW
CASSVPGQGPPQPQHF	SNEKQEILGTVSW
CASSIGLIEAFF	SNEKQEILGTVSW
CSARDRVRPKPSNTEAFF	SNEKQEILGTVSW
CASSTVGESEQYF	SNEKQEILGTVSW
CASSLTADYEQYF	SNEKQEILGTVSW
CASSYGQGLGDEQFF	SNEKQEILGTVSW
CASSPGSRDYGYTF	SNEKQEILGTVSW
CASSSAGVAEAFF	SNEKQEILGTVSW
CASSQETAQETQYF	SNEKQEILGTVSW
CASSIGGTEAFF	SNEKQEILGTVSW
CASSQSGSSYEQYF	SNEKQEILGTVSW
CASSLTGTYEQYF	SNEKQEILGTVSW
CATATGGRTGELFF	SNEKQEILGTVSW
CASSHIHDDAYEQYF	SNEKQEILGTVSW
CASSLARGEYEQYF	SNEKQEILGTVSW
CASSIGGSEAFF	SNEKQEILGTVSW
CASSIGVAEAFF	SNEKQEILGTVSW
CASSITGRANEKLFF	SNEKQEILGTVSW
CATSPQGDGELFF	SNEKQEILGTVSW
CASWHGNTEAFF	SNEKQEILGTVSW
CASSIGARQTPYEQYF	SNEKQEILGTVSW
CASSIGLSEAFF	SNEKQEILGTVSW
CASMTGNSPLHF	SNEKQEILGTVSW
CSVGVTANTEAFF	SNEKQEILGTVSW
CASSIAARFNSPLHF	SNEKQEILGTVSW
CASSMGGAEAFF	SNEKQEILGTVSW
CASSVTWQSYEQYF	SNEKQEILGTVSW
CSAQGKAFF	SNEKQEILGTVSW
CASMTGGGEQYF	SNEKQEILGTVSW
CASSIGLIEAFF	SNEKQEILGTVSW
CASSLAADYEQYF	SNEKQEILGTVSW
CASSIGVTEAFF	SNEKQEILGTVSW
CSVEDGGTVLRFF	SNEKQEILGTVSW
CASSLARGEYGYTF	SNEKQEILGTVSW
CASSIGLAEQFF	SNEKQEILGTVSW
CASSITLGDYGYTF	SNEKQEILGTVSW
CASSIAAADYGYTF	SNEKQEILGTVSW
CASSLFPWGAGEQYF	SNEKQEILGTVSW
CASKGRTLLEAFF	SNEKQEILGTVSW
CASSPYDTGELFF	SNEKQEILGTVSW
