CDR3	AA
CASSEEPPGQGAYNEQFF	TPSGTWLTY
CASSLLGLAGPNTGELFF	TPSGTWLTY
CASSLAKQGGETEAFF	TPSGTWLTY
CASSIVEVRGEQFF	TPSGTWLTY
CASSLGIPPNEQFF	TPSGTWLTY
CASSLADNTGELFF	TPSGTWLTY
CSASDRDRGRPNEKLFF	TPSGTWLTY
CASSSLYDSRSDTQYF	TPSGTWLTY
CASSLVTGGDTQYF	TPSGTWLTY
CASTPVGPYSNQPQHF	TPSGTWLTY
CATSDFWRGGVDNEQFF	TPSGTWLTY
CASSKPGLEGNEQFF	TPSGTWLTY
CASSFGTSGAEQYF	TPSGTWLTY
CASSFPGTGYSNQPQHF	TPSGTWLTY
CSARDLTSSYNEQFF	TPSGTWLTY
CASRQTLATSTDTQYF	TPSGTWLTY
CATSDFGTGGSYEQYF	TPSGTWLTY
CASSHGGEPQETQYF	TPSGTWLTY
CASSPFAGELFF	TPSGTWLTY
CATSGQREGDYEQYF	TPSGTWLTY
CAWTSSNSEQYF	TPSGTWLTY
CASSLAGGTNEQFF	TPSGTWLTY
CASSIAAGGHQPQHF	TPSGTWLTY
CASSQDPDPSYEQYF	TPSGTWLTY
CATAEAGDTGELFF	TPSGTWLTY
CASSLGLAGVTGELFF	TPSGTWLTY
CASSPTKPANTGELFF	TPSGTWLTY
CASSPGGGALDTQYF	TPSGTWLTY
CASSLSMAEAYEQYF	TPSGTWLTY
CASPNEQFF	TPSGTWLTY
CASSHPGGQGDEKLFF	TPSGTWLTY
CASSYGGGELFF	TPSGTWLTY
CASSLGLDLIYEQYF	TPSGTWLTY
CASSESGTGFNQPQHF	TPSGTWLTY
CASSEMVTAYGYTF	TPSGTWLTY
CASSLVGAGNTIYF	TPSGTWLTY
CASSQGGQPQHF	TPSGTWLTY
CASSVVLYSNQPQHF	TPSGTWLTY
CATSSTGTGYSNQPQHF	TPSGTWLTY
CASSQDTALVAGYYNEQFF	TPSGTWLTY
CADRGVGNQPQHF	TPSGTWLTY
CASSQVGREQYF	TPSGTWLTY
CASSDRDRGWATNEKLFF	TPSGTWLTY
RASSCRQGPPSYSNQPQHF	TPSGTWLTY
CASSKLIEGTFHEQYF	TPSGTWLTY
CASSSTGGDEQYF	TPSGTWLTY
CASSLSIEVHRHEQFF	TPSGTWLTY
CASSLAQGAGDTQYF	TPSGTWLTY
CASSLDWASGVFGEQYF	TPSGTWLTY
CATSDLREDSETQYF	TPSGTWLTY
CASGWGLPITDTQYF	TPSGTWLTY
CASSNSGTNEQFF	TPSGTWLTY
CASSPQEGRLDGYTF	TPSGTWLTY
CAIYF	TPSGTWLTY
CASSLAGQGNTEAFF	TPSGTWLTY
CASSLSAETYTEAFF	TPSGTWLTY
CASSLAEVYGYTF	TPSGTWLTY
CASSLGLAWGDEQFF	TPSGTWLTY
CASSQPGLGWNTDTQYF	TPSGTWLTY
CASSADLGMNTEAFF	TPSGTWLTY
CASSLSLETAAANYGYTF	TPSGTWLTY
CASSPLARSLTDTQYF	TPSGTWLTY
CASSEAPQGAGSYEQYF	TPSGTWLTY
CASSFLLAGVTWNEQFF	TPSGTWLTY
CASSLLSGTSGLTDTQYF	TPSGTWLTY
CASSFGPPASGSYEQYF	TPSGTWLTY
CASSLAGQPDQPQHF	TPSGTWLTY
CATSDRDSYEQYF	TPSGTWLTY
CASSLDLTVWATNEKLFF	TPSGTWLTY
CASSPYPADGNTIYF	TPSGTWLTY
CASSYSAGDTGELFF	TPSGTWLTY
CASSLGQGSYNEQFF	TPSGTWLTY
CASSPQGDEQFF	TPSGTWLTY
CASSQDPGVNTEAFF	TPSGTWLTY
CASSFGQGTGNTIYF	TPSGTWLTY
CASSVVGGDTEAFF	TPSGTWLTY
CASTGLAGTNEQFF	TPSGTWLTY
CATSASGGAFDEQFF	TPSGTWLTY
CASSKDSGVNQPQHF	TPSGTWLTY
CASSFHRGSAILNTEAFF	TPSGTWLTY
CASSFPGNGYTF	TPSGTWLTY
CASSLSGQGNQPQHF	TPSGTWLTY
CASSPTGQGGNTIYF	TPSGTWLTY
CASSEETERGYEQYF	TPSGTWLTY
CASSYSGKAYEQYF	TPSGTWLTY
CASSTVHYSNQPQHF	TPSGTWLTY
CASGQGVGTEAFF	TPSGTWLTY
CASSEWGTGYSNQPQHF	TPSGTWLTY
CASSLGAWGQPQHF	TPSGTWLTY
CASSSQGVGNTIYF	TPSGTWLTY
CASSLGTGYNEQFF	TPSGTWLTY
CASSFEGAGGELFF	TPSGTWLTY
CASSLWTGDYGYTF	TPSGTWLTY
CASSDPRDTEAFF	TPSGTWLTY
CASNPTGAYGYTF	TPSGTWLTY
CASSLSSGPIYEQYF	TPSGTWLTY
CASSHGQGEHNEQFF	TPSGTWLTY
CASSIGLIGGGNTEAFF	TPSGTWLTY
CASSLGPHRQGADTQYF	TPSGTWLTY
CASSSLSDRAGYEQYF	TPSGTWLTY
CASSAGGNGANVLTF	TPSGTWLTY
CASSQGQGIYSNQPQHF	TPSGTWLTY
CASSLTLGNTGLKFF	TPSGTWLTY
CASGFLDSNYGYTF	TPSGTWLTY
CSARDLGGLNEQFF	TPSGTWLTY
CASSYLGPTGYEQYF	TPSGTWLTY
CASSLVGEGGLEQYF	TPSGTWLTY
CASSLGTGDQPQHF	TPSGTWLTY
CASSAEFGTTYNEQFF	TPSGTWLTY
CASSQDVGESSYEQYF	TPSGTWLTY
CASSLFFSSKTEAFF	TPSGTWLTY
CASSSDRTRQFF	TPSGTWLTY
CSARVWESYGYTF	TPSGTWLTY
CASSQGGHQSDEQYF	TPSGTWLTY
CASSRDRGLSAYEQYF	TPSGTWLTY
CASSLTGTGNTEAFF	TPSGTWLTY
CASSQEDAEASLEQYF	TPSGTWLTY
CASSWTGESNEQFF	TPSGTWLTY
CASSAPPTNTEAFF	TPSGTWLTY
CATSEETSNIGELFF	TPSGTWLTY
CASSEGGGERYTEAFF	TPSGTWLTY
CASSLWFGGMDYNEQFF	TPSGTWLTY
CASSPLTAGGDFF	TPSGTWLTY
CASFLRAGVGTDTQYF	TPSGTWLTY
CASSDWAGTDYGYTF	TPSGTWLTY
CASSQARNTEAFF	TPSGTWLTY
CSAGTSGSWNEQYF	TPSGTWLTY
CASSLSGFMAGNEQFF	TPSGTWLTY
CASSFGVVNEQFF	TPSGTWLTY
CASSSTSTDTQYF	TPSGTWLTY
CASSQEDAYYYEQYF	TPSGTWLTY
CASSQDRGQGLYEQYF	TPSGTWLTY
CASSPDSSNSPLHF	TPSGTWLTY
CASSQAADLYGYTF	TPSGTWLTY
CASSYSDSTDTQYF	TPSGTWLTY
CASSATPEIIYEQYF	TPSGTWLTY
CSARDRHRLTEAFF	TPSGTWLTY
CASSYPERGPDEQYF	TPSGTWLTY
CASSQVNLDPSYEQYF	TPSGTWLTY
CSAREWRGGSDTQYF	TPSGTWLTY
CASSVGTGTYEQYF	TPSGTWLTY
CASSPRGAERVGYTF	TPSGTWLTY
CASSVVGVNTGELFF	TPSGTWLTY
CASSPMDRAKSMNYGYTF	TPSGTWLTY
CASSGDRFSSNTGELFF	TPSGTWLTY
CASSWGQGSTDTQYF	TPSGTWLTY
CASSQDGGAGQPQHF	TPSGTWLTY
CASSLDLEQYF	TPSGTWLTY
CASTRGSGYTF	TPSGTWLTY
CASSGSTGQETQYF	TPSGTWLTY
CASSQDPGVVSEAFF	TPSGTWLTY
CASSFHLVGQGTTYEQYF	TPSGTWLTY
CASSQGLEAQYF	TPSGTWLTY
CASSHAQGITNEKLFF	TPSGTWLTY
CASRPNGPVNEQFF	TPSGTWLTY
CASSEVGGSHQPQHF	TPSGTWLTY
CASSVLMGDSYEQYF	TPSGTWLTY
CASSPDRSPLYGYTF	TPSGTWLTY
CASSLGAGGGETQYF	TPSGTWLTY
CATSNTTGGEQYF	TPSGTWLTY
CATSDGLADSYEQYF	TPSGTWLTY
CASSQDGQGTGYEQYF	TPSGTWLTY
CASSWGVNTEAFF	TPSGTWLTY
CASSFAGGALTDTQYF	TPSGTWLTY
CASSPTSDQETQYF	TPSGTWLTY
CASSPTGAIAKNIQYF	TPSGTWLTY
CASSLVTGAGTDTQYF	TPSGTWLTY
CASSLTETGANVLTF	TPSGTWLTY
CASSQHPMAEITDTQYF	TPSGTWLTY
CASSFHSRDAAYEQYF	TPSGTWLTY
CASSKADQETQYF	TPSGTWLTY
CATSNRDTGELFF	TPSGTWLTY
CASSPEGGGLGHWETQYF	TPSGTWLTY
CASARTSGHEQFF	TPSGTWLTY
CASSQDPDSTYEQYF	TPSGTWLTY
CASSILGAEQFF	TPSGTWLTY
CASSLGHEQYF	TPSGTWLTY
CASSPLPGQGNEKLFF	TPSGTWLTY
CSAPERQGNYGYTF	TPSGTWLTY
CASSLPGSGNTIYF	TPSGTWLTY
CATKDAYGYTF	TPSGTWLTY
CASSQEAPAAYEQYF	TPSGTWLTY
CASSPSGSIPHEQYF	TPSGTWLTY
CASSYSPEMNTEAFF	TPSGTWLTY
CASSPLQGLDGYTF	TPSGTWLTY
CASSLGLAGYNEQFF	TPSGTWLTY
CASSQVGSANTGELFF	TPSGTWLTY
CASSDPSLSTDTQYF	TPSGTWLTY
CSAGGRQGAYEQYF	TPSGTWLTY
CASSFSGTGGNEQFF	TPSGTWLTY
CASSLELAGTYEQYF	TPSGTWLTY
CASSLPGLEDTQYF	TPSGTWLTY
CASSQPGMPQHF	TPSGTWLTY
CASSEGDRVEQYF	TPSGTWLTY
CASSVTQGALTLNTEAFF	TPSGTWLTY
CSASTGDKLNEQFF	TPSGTWLTY
CASSQDPVTSGYNEQFF	TPSGTWLTY
CSARGRQGFYEQYF	TPSGTWLTY
CASSSRGGRAFDEQFF	TPSGTWLTY
CASSVVGLANNEQFF	TPSGTWLTY
CASSFEEEETQYF	TPSGTWLTY
CASSEAPVGTGAYGYTF	TPSGTWLTY
CASSLGLTDTQYF	TPSGTWLTY
CASSLGSTDTQYF	TPSGTWLTY
CASRITTGELFF	TPSGTWLTY
CASSLVNTGELFF	TPSGTWLTY
CASTSDSYEQYF	TPSGTWLTY
CASSQVAGDGLYEQYF	TPSGTWLTY
CASNLGLPTRGEQYF	TPSGTWLTY
CASSPGTGVWEQYF	TPSGTWLTY
CASSLGLPGLGITDTQYF	TPSGTWLTY
CASSHPSGTSAYNEQFF	TPSGTWLTY
CASSLPPRGTTGELFF	TPSGTWLTY
CASSLSSGTDNNEQFF	TPSGTWLTY
CSARVRTSSSYEQYF	TPSGTWLTY
CASSQVIGTDDSPLHF	TPSGTWLTY
CASSQDHLNGPQETQYF	TPSGTWLTY
CASSQVLLAHLNEQYF	TPSGTWLTY
CASSFASGSVNEQFF	TPSGTWLTY
CASSQDPGVNTEAFF	TPSGTWLTY
CASSDSGRSYNEQFF	TPSGTWLTY
CASSLKDQNYGYTF	TPSGTWLTY
CSAIYRGLYEQYF	TPSGTWLTY
CASSYPFLGNSNQPQHF	TPSGTWLTY
CASSFQDYEQYF	TPSGTWLTY
CASSQLAISYEQYF	TPSGTWLTY
CSAQGLVGNEQFF	TPSGTWLTY
CASSLQDGNEQFF	TPSGTWLTY
CASSYGALNEQFF	TPSGTWLTY
CASSFHSRDAAYEQYF	TPSGTWLTY
CASSYGDTQYF	TPSGTWLTY
CASSLDGGPPYEQYF	TPSGTWLTY
CASSPVGDNTGELFF	TPSGTWLTY
CATSDRDSTYEQYF	TPSGTWLTY
CASSEGNAYEQYF	TPSGTWLTY
CASSQVADPPYEQYF	TPSGTWLTY
CSATRLAGERNEQFF	TPSGTWLTY
CSARSGNLYEQYF	TPSGTWLTY
CASSSTPSGGWETQYF	TPSGTWLTY
CATSDSGSTYEQYF	TPSGTWLTY
CATTSGNTGELFF	TPSGTWLTY
CASSEALVGQGLTDTQYF	TPSGTWLTY
CASSSGGTDTQYF	TPSGTWLTY
CASSQDRSFPYNEQFF	TPSGTWLTY
CASSEEGREGGYEQYF	TPSGTWLTY
CATSDHRESSYEQYF	TPSGTWLTY
CASSLFGDHSYEQYF	TPSGTWLTY
CASSLGQSYNSPLHF	TPSGTWLTY
CASSQPGLDYGYTF	TPSGTWLTY
CASSFGQGTEQYF	TPSGTWLTY
CASSSSIGGNQPQHF	TPSGTWLTY
CASSSGYEQYF	TPSGTWLTY
CASRSDITADTQYF	TPSGTWLTY
CASSLFRTGEWEQYF	TPSGTWLTY
CASSQTLGETGLEQYF	TPSGTWLTY
CASSLGQGTGNTIYF	TPSGTWLTY
CASSSLGLADDGDIYNEQFF	TPSGTWLTY
CASSTGTGGYTEAFF	TPSGTWLTY
CASSQPPDRGFLYEQYF	TPSGTWLTY
CASRDSLYEQYF	TPSGTWLTY
CASSHGQGDYNEQFF	TPSGTWLTY
CASSFFLTANNEQFF	TPSGTWLTY
CASSPLETYEQYF	TPSGTWLTY
CASSYGTGGGYTF	TPSGTWLTY
CASSFPPYGGINEQFF	TPSGTWLTY
CASSFQPEDYGYTF	TPSGTWLTY
CASSQAPGQYEQYF	TPSGTWLTY
CASSYIRGEQYF	TPSGTWLTY
CASSPDRANTEAFF	TPSGTWLTY
CASSIYGVRGTGGELFF	TPSGTWLTY
CATSVGFVNEQFF	TPSGTWLTY
CASSLSTGNTIYF	TPSGTWLTY
CASSAIENNEQFF	TPSGTWLTY
CASSINTGGAGMNTEAFF	TPSGTWLTY
CASSLVLLAVDNEQFF	TPSGTWLTY
CASSPPSEQDIQYF	TPSGTWLTY
CASSSVSTDTQYF	TPSGTWLTY
CASSQTAGSTDTQYF	TPSGTWLTY
CASSQDSGVMGEQYF	TPSGTWLTY
CASFPGLGANTEAFF	TPSGTWLTY
CASSLQGYEANEQFF	TPSGTWLTY
CASSAPTSGQGWQPQHF	TPSGTWLTY
CASSFPGAEQYF	TPSGTWLTY
CASSWAPSSGGTDTQYF	TPSGTWLTY
CASSVIPPGAGYNEQFF	TPSGTWLTY
CSVPGQGSPTYEQYF	TPSGTWLTY
CSARDLHAGGTNEQYF	TPSGTWLTY
CASSRDLQWGTQYF	TPSGTWLTY
CASSLMVETGEQYF	TPSGTWLTY
CASSLVGEPQETQYF	TPSGTWLTY
CASSDGGPEQYF	TPSGTWLTY
CASSSEGEGEQYF	TPSGTWLTY
CASSFTGVDGYTF	TPSGTWLTY
CASKLNPDGGNTIYF	TPSGTWLTY
CSARDPGQGVTGANVLTF	TPSGTWLTY
CASSGGAQTEAFF	TPSGTWLTY
CASSLAFGTEAFF	TPSGTWLTY
CAWSRLAGGITDTQYF	TPSGTWLTY
CASSLDTSGAYEQYF	TPSGTWLTY
CASSNPVPEQYF	TPSGTWLTY
CASNSPGQWQFF	TPSGTWLTY
CASSQAGVTGDHGYTF	TPSGTWLTY
CASSSYGTYFGRKNTGELFF	TPSGTWLTY
CASSQAGAQETQYF	TPSGTWLTY
CASSYGFEAFF	TPSGTWLTY
CSARDFASGRGNEQFF	TPSGTWLTY
CASSLGTLYNEQFF	TPSGTWLTY
CASSQFPITREKDF	TPSGTWLTY
CASSVVGHSTDTQYF	TPSGTWLTY
CATLSGLSPSYEQYF	TPSGTWLTY
CSVEGTSGIRDEQFF	TPSGTWLTY
CASSSHPDLERGSPLHF	TPSGTWLTY
CASSPTGVSTDTQYF	TPSGTWLTY
CASSSRTSVNTGELFF	TPSGTWLTY
CASRGGTEAFF	TPSGTWLTY
CASSLTRSGNQPQHF	TPSGTWLTY
CASSDPPSSGNTIYF	TPSGTWLTY
CASSVTAGGVYNEQFF	TPSGTWLTY
CASSLIPGQAAGAFF	TPSGTWLTY
CASSQVTPDNQPQHF	TPSGTWLTY
CASMVQEQLYNEQFF	TPSGTWLTY
CASSLARDTSYEQYF	TPSGTWLTY
CASSPPTVSSYNEQFF	TPSGTWLTY
CASSFGQGDKNIQYF	TPSGTWLTY
CASSVGLPLFNEQFF	TPSGTWLTY
CASSLYRGTEAFF	TPSGTWLTY
CASSLGSGSYNEQFF	TPSGTWLTY
CASSYGQGVGNEQFF	TPSGTWLTY
CASSAITGLYEQYF	TPSGTWLTY
CASSLGQHSGNTIYF	TPSGTWLTY
CASSLGLANEQFF	TPSGTWLTY
CASSTAAGLADYNEQFF	TPSGTWLTY
CASSLSPDSYEQYF	TPSGTWLTY
CASTLAGGSEQYF	TPSGTWLTY
CASPTSHRTANTDTQYF	TPSGTWLTY
CSARDLTPDRTNIQYF	TPSGTWLTY
CASSLGYTEAFF	TPSGTWLTY
CATSDRDTYEQYF	TPSGTWLTY
CASRGGQFSTDTQYF	TPSGTWLTY
CASSQESLNYEQYF	TPSGTWLTY
CSARDLSGVRYEQYF	TPSGTWLTY
CSVDKQGSGNTIYF	TPSGTWLTY
CASSQGLAIVAEQFF	TPSGTWLTY
CASSLANNEGSFAHTQYF	TPSGTWLTY
CASSFSSSPGNTIYF	TPSGTWLTY
CASSQARANTGELFF	TPSGTWLTY
CSFQGTGAGELFF	TPSGTWLTY
CASSRRQVMYQETQYF	TPSGTWLTY
CASSLGGEGFNQPQHF	TPSGTWLTY
CASSLAPHGTSGRNEQFF	TPSGTWLTY
CASSIVGHSNQPQHF	TPSGTWLTY
CASSLGVGYNEQFF	TPSGTWLTY
CASSLGSTDTQYF	TPSGTWLTY
CASSLTGAWPKNIQYF	TPSGTWLTY
CASRPRQGKGTGELFF	TPSGTWLTY
CASSSPDRNQPQHF	TPSGTWLTY
CASSPGTIQETQYF	TPSGTWLTY
CASSLVPGTDTQYF	TPSGTWLTY
CASGTATYNEQFF	TPSGTWLTY
CASSLKTDRDTDTQYF	TPSGTWLTY
CASSLGGAGVPYNEQFF	TPSGTWLTY
CASSQDWGVSEAFF	TPSGTWLTY
CASSLAEGLNTEAFF	TPSGTWLTY
CASSFSGVHEQYF	TPSGTWLTY
CASSLAPGGDTEAFF	TPSGTWLTY
CSVEVREIYNEQFF	TPSGTWLTY
CSARGLAGWSGELFF	TPSGTWLTY
CASRGDYIYNEQFF	TPSGTWLTY
CASSRTGEPYNEQFF	TPSGTWLTY
CASSLVGSGANVLTF	TPSGTWLTY
CASMDWDRDNYGYTF	TPSGTWLTY
CASSQDPSLTGELFF	TPSGTWLTY
CASSWGPGTEAFF	TPSGTWLTY
CASSFGQGVINEQFF	TPSGTWLTY
CASSIGGNQPQHF	TPSGTWLTY
CASSWGQVSGNEQFF	TPSGTWLTY
CASSTTLLDGSYEQYF	TPSGTWLTY
CASSLGLVPLEQYF	TPSGTWLTY
CASSLVGTVIQETQYF	TPSGTWLTY
CASSLVPRQGEAYNEQFF	TPSGTWLTY
CASSLSGAYTGELFF	TPSGTWLTY
CASSVFEGTGGNSPLHF	TPSGTWLTY
CASSQEVVAQGTQYF	TPSGTWLTY
CASSALADTQETQYF	TPSGTWLTY
CASSLGPPSGGGYTQYF	TPSGTWLTY
CASSYPLDRGNPEAFF	TPSGTWLTY
CATNSRTGGQDTEAFF	TPSGTWLTY
CASSWPPDSVLVNEQYF	TPSGTWLTY
CASSQDRGTTFSPLHF	TPSGTWLTY
CASSLQTSGRGEQFF	TPSGTWLTY
CASSQILSSYNEQFF	TPSGTWLTY
CASSPAGATQYF	TPSGTWLTY
CASSLGTGGNEQYF	TPSGTWLTY
CASSLGLAGYPGGELFF	TPSGTWLTY
CASSLSRDLLLYEQYF	TPSGTWLTY
CSARPDGSSSYEQYF	TPSGTWLTY
CASSAGGGTQYF	TPSGTWLTY
CASSHPDGQGLPEQFF	TPSGTWLTY
CASSAGTSGYYEQYF	TPSGTWLTY
CASSTDGDSGNTIYF	TPSGTWLTY
CASSPRDREPGTQYF	TPSGTWLTY
CASSQDPALNTEAFF	TPSGTWLTY
CASSQVSGGTSYEQYF	TPSGTWLTY
CASSQDSNYNEQFF	TPSGTWLTY
CASRLALNNEQFF	TPSGTWLTY
CASSAAGFGTGKNTEAFF	TPSGTWLTY
CASSLFVLGGDNQPQHF	TPSGTWLTY
CASSVGLAGNEQFF	TPSGTWLTY
CASSEPNVKVSSYNEQFF	TPSGTWLTY
CASSLGPPGQGAWQPQHF	TPSGTWLTY
CASSEYKDSSSYNEQFF	TPSGTWLTY
CASSLFPTTSYEQYF	TPSGTWLTY
CASSVGQGWAETQYF	TPSGTWLTY
CASSWTGETEAFF	TPSGTWLTY
CASSLHGESSYNEQFF	TPSGTWLTY
CASSQDWDSSYEQYF	TPSGTWLTY
CASSPDSNEQFF	TPSGTWLTY
CASSVAGAGGLDEQYF	TPSGTWLTY
CASSQNRETSHEQYF	TPSGTWLTY
CATSDSAATYEQYF	TPSGTWLTY
CASSLGLPPNEQFF	TPSGTWLTY
CASSLDSYNSPLHF	TPSGTWLTY
CASSEKDYPGGELFF	TPSGTWLTY
CASGLAGGTQYF	TPSGTWLTY
CASSWGQGALDEQFF	TPSGTWLTY
CASSLAPGGGSYNEQFF	TPSGTWLTY
CASSTPGTGSSYEQYF	TPSGTWLTY
CASSPAGTVDSPLHF	TPSGTWLTY
CASSWGGPMNTEAFF	TPSGTWLTY
CASSLLAGRGELFF	TPSGTWLTY
CASSFFGHTEAFF	TPSGTWLTY
CASSQDRDSSYEQYF	TPSGTWLTY
CASSYNYNEQFF	TPSGTWLTY
CASSLSGREQYNEQFF	TPSGTWLTY
CASSLGSTDTQYF	TPSGTWLTY
CASSLTNTDTQYF	TPSGTWLTY
CASSLGTGYNEQFF	TPSGTWLTY
CASSLVFPTDTQYF	TPSGTWLTY
CASARPGEGYTF	TPSGTWLTY
CSVGTASGNTIYF	TPSGTWLTY
CSVVGARGVNTEAFF	TPSGTWLTY
CSARFARLYEQYF	TPSGTWLTY
CATSDTRGEATDTQYF	TPSGTWLTY
CATSEGSGSSYEQYF	TPSGTWLTY
CASSRRGRRVAEQFF	TPSGTWLTY
CASSQQEYGGEQFF	TPSGTWLTY
CASSPQADEQFF	TPSGTWLTY
CASSLTGKWSNSPLHF	TPSGTWLTY
CASSLGQGIGYTF	TPSGTWLTY
CASSPGGYWEETQYF	TPSGTWLTY
CASRAPNNEQFF	TPSGTWLTY
CAIRPTGERGTDTQYF	TPSGTWLTY
CASSLGLAAYNEQFF	TPSGTWLTY
CSAGPMGAVYNEQFF	TPSGTWLTY
CASSSLVAGVYETQYF	TPSGTWLTY
CASSLAGQPNTEAFF	TPSGTWLTY
CASSEILILAGEVEQFF	TPSGTWLTY
CASSYWGGEQFF	TPSGTWLTY
CASSSKLPGGVHNEQFF	TPSGTWLTY
CASSHPGGDPYEQYF	TPSGTWLTY
CASSLAPLYTGVYEQYF	TPSGTWLTY
CATSDRISSTDTQYF	TPSGTWLTY
CASSQGSILETQYF	TPSGTWLTY
CSARDSDGTVSNQPQHF	TPSGTWLTY
CASRGWTYEQYF	TPSGTWLTY
CASSLIGFSREETQYF	TPSGTWLTY
CASSLTAGNTEAFF	TPSGTWLTY
CASSEAPGQYNSPLHF	TPSGTWLTY
CASSIITGSNQPQHF	TPSGTWLTY
CASSIALYSNQPQHF	TPSGTWLTY
CASNLQGMSNQPQHF	TPSGTWLTY
CASSQDTAALAELFF	TPSGTWLTY
CASSFGGADYGYTF	TPSGTWLTY
CASSLFGGGSDTQYF	TPSGTWLTY
CAGSAAGLEGYEQYF	TPSGTWLTY
CASRNTGEAGNTIYF	TPSGTWLTY
CASNFQGWAAEAFF	TPSGTWLTY
CATSDGDTSSYEQYF	TPSGTWLTY
CASTPHGTSYNEQFF	TPSGTWLTY
CSARSPQAIWGYTF	TPSGTWLTY
CASSQETGPAYEQYF	TPSGTWLTY
CASSLGWGNGYTF	TPSGTWLTY
CASSFGYGEGYEQYF	TPSGTWLTY
CASSEAGTGGVYEQYF	TPSGTWLTY
CASRQDTYEQYF	TPSGTWLTY
CASQGGPGELFF	TPSGTWLTY
CASSLVAGNTGELFF	TPSGTWLTY
CASSWIAGGIYEQFF	TPSGTWLTY
CASSLANNSPLHF	TPSGTWLTY
CASSLTPGQEYNEQFF	TPSGTWLTY
CASSQISTSGLYNEQFF	TPSGTWLTY
CASSHLTGDFSYNEQFF	TPSGTWLTY
CASSLPGEGRTGELFF	TPSGTWLTY
CASSYYSGNPGTEAFF	TPSGTWLTY
CATSDSLLSTDTQYF	TPSGTWLTY
CASSPSRDLYEQYF	TPSGTWLTY
CAMQGGPTYNEQFF	TPSGTWLTY
CASSATTDQNTEAFF	TPSGTWLTY
CASSPGLAIYNEQFF	TPSGTWLTY
CASSTTYGGTISGANVLTF	TPSGTWLTY
CASSLGLAGGLWVELFF	TPSGTWLTY
CASSVERTGYNEQFF	TPSGTWLTY
CASSSAGGSSTDTQYF	TPSGTWLTY
CASSLGGASDNEQFF	TPSGTWLTY
CASRAVGYSNQPQHF	TPSGTWLTY
CASSIDPGLAGFEQYF	TPSGTWLTY
CASSQKSGGVETQYF	TPSGTWLTY
CASSHGLAGDTGELFF	TPSGTWLTY
CASSQDPGHTGELFF	TPSGTWLTY
CASSQPDRGGYEQYF	TPSGTWLTY
CASSLGGTPSNEQFF	TPSGTWLTY
CASSQVAVGYNSPLHF	TPSGTWLTY
CATSDPGANTDTQYF	TPSGTWLTY
CASSPDSYPYNEQFF	TPSGTWLTY
CASSTGQGAMETQYF	TPSGTWLTY
CASSLGDRGQETQYF	TPSGTWLTY
CASSQDPALTEKLFF	TPSGTWLTY
CASTPGQGQLAGLTDTQYF	TPSGTWLTY
CASTGTSGREQFF	TPSGTWLTY
CASSHSEDSNAEAFF	TPSGTWLTY
CASLPPGSSYNEQFF	TPSGTWLTY
CATSDPHEGYEQYF	TPSGTWLTY
CASRSLPGQSSEAFF	TPSGTWLTY
CASSFSAAISGPQYF	TPSGTWLTY
CASSQIYEGGAYEQFF	TPSGTWLTY
CASSLGTGYNEQFF	TPSGTWLTY
CASSQGMAQPQHF	TPSGTWLTY
CASSQLAGARNEQFF	TPSGTWLTY
CASNTLFGTTNEKLFF	TPSGTWLTY
CASSGTSGGNEQFF	TPSGTWLTY
CASCPGQGLLSYEQYF	TPSGTWLTY
CASSQVEVNTEAFF	TPSGTWLTY
CASSIGYPINSPLHF	TPSGTWLTY
CASSSSAMNYNEQFF	TPSGTWLTY
CASSSGGTGRAREEQYF	TPSGTWLTY
CASSQSGYSYNEQFF	TPSGTWLTY
CASSSTGGDEQYF	TPSGTWLTY
CASSLGLAPNEQFF	TPSGTWLTY
CSSVVGERERITDTQYF	TPSGTWLTY
CASSETGELFF	TPSGTWLTY
CASSLPEYTEAFF	TPSGTWLTY
CASRLGTPYEQYF	TPSGTWLTY
CASSLGRGWATGELFF	TPSGTWLTY
CASSLGRTGFQPQHF	TPSGTWLTY
CASSLGIGYNEQFF	TPSGTWLTY
CSARDSAGRLYEQYF	TPSGTWLTY
CATSDQREHTDTQYF	TPSGTWLTY
CASSLGTGFNEQYF	TPSGTWLTY
CASSQARRDTQYF	TPSGTWLTY
CASSVSRSTTGELFF	TPSGTWLTY
CASSQSARDGITGELFF	TPSGTWLTY
CASKTGGGTGGEQYF	TPSGTWLTY
CASSLTGDNTGELFF	TPSGTWLTY
CSARDLKTGVDQPQHF	TPSGTWLTY
CASSATGTVMYGYTF	TPSGTWLTY
CASSLDRPTYEQYF	TPSGTWLTY
CASSLGLPSNQPQHF	TPSGTWLTY
CASSQDLAGNTIYF	TPSGTWLTY
CASSFGRGAYQETQYF	TPSGTWLTY
CASSLGSEQGPNTEAFF	TPSGTWLTY
CASSQDGAQGAFYEQYF	TPSGTWLTY
CASSQVSGENYGYTF	TPSGTWLTY
CASSQDWASGAGELFF	TPSGTWLTY
CASSRGQYYTDTQYF	TPSGTWLTY
CASSLTGGGGYEQYF	TPSGTWLTY
CASSWGFSGANVLTF	TPSGTWLTY
CASSLGAGSSSPLHF	TPSGTWLTY
CASSSAGVLNSPLHF	TPSGTWLTY
CASSFGGRVANQPQHF	TPSGTWLTY
CASSLEGAGIAEAFF	TPSGTWLTY
CASSEAQGGQPQHF	TPSGTWLTY
CASSLGLPPNEQFF	TPSGTWLTY
CASSVGTGSSYNEQFF	TPSGTWLTY
CASSQAGQPNTEAFF	TPSGTWLTY
CASSLVGLSGTQYF	TPSGTWLTY
CASSYLEISNQPQHF	TPSGTWLTY
CASSPVAGETYEQYF	TPSGTWLTY
CASSVVADTDTQYF	TPSGTWLTY
CASSQDPGTGIYGYTF	TPSGTWLTY
CASSQAGTVSYEQYF	TPSGTWLTY
CASSWGAGAGTEAFF	TPSGTWLTY
CASSQEGTVNTEAFF	TPSGTWLTY
CASSQWTGGDTEAFF	TPSGTWLTY
CASRPHTGGVETQYF	TPSGTWLTY
CASSQVAGDSLYEQYF	TPSGTWLTY
CASSQAPLYVLNTEAFF	TPSGTWLTY
CASSLGTGANVLTF	TPSGTWLTY
CASSMTGAGTEAFF	TPSGTWLTY
CASSFGQGAHEKLFF	TPSGTWLTY
CASSPGGTNTEQFF	TPSGTWLTY
CASSLGLNNEQFF	TPSGTWLTY
CASSLNGRPGEYNSPLHF	TPSGTWLTY
CASSLGTIAYEQYF	TPSGTWLTY
CASSLGLAKNIQYF	TPSGTWLTY
CASSLSPGTSGGQLSEDF	TPSGTWLTY
CASSLDGRPTYEQYF	TPSGTWLTY
CASRMGGNPYEQYF	TPSGTWLTY
CASSVGTLYNEQFF	TPSGTWLTY
CASSWGQGAGNEQFF	TPSGTWLTY
CASSLPGSPLHF	TPSGTWLTY
CATSGQSSYNEQFF	TPSGTWLTY
CASSDGTYNEQFF	TPSGTWLTY
CASSIAGTEAFF	TPSGTWLTY
CASSTIPGQASPLHF	TPSGTWLTY
CATSDSLTEYETQYF	TPSGTWLTY
CASTLRTGGASPLHF	TPSGTWLTY
CATSGKGDRDYEQFF	TPSGTWLTY
CASSLAGFEAYEQYF	TPSGTWLTY
CASSVADRGNEQFF	TPSGTWLTY
CASRLHWDGETQYF	TPSGTWLTY
CASSLGVMYNEQFF	TPSGTWLTY
CATSRDKLGQETQYF	TPSGTWLTY
CASSLNQGSGALGEQYF	TPSGTWLTY
CATSDLQGETDTQYF	TPSGTWLTY
CASSQREAYNEQFF	TPSGTWLTY
CSARALELAEEAYEQYF	TPSGTWLTY
CASSLGGPGAETQYF	TPSGTWLTY
CASSQEGGPGANVLTF	TPSGTWLTY
CASSLAGGPDEQFF	TPSGTWLTY
CASSLVSGELFF	TPSGTWLTY
CSARDLKGAESPLHF	TPSGTWLTY
CASNSGPELFF	TPSGTWLTY
CASSLWGQESYEQYF	TPSGTWLTY
CASGLGEAWGNEQFF	TPSGTWLTY
CASSVNLDNTEAFF	TPSGTWLTY
CASSRSAGGEQYF	TPSGTWLTY
CSARVAAPTQQYF	TPSGTWLTY
CASSVSGTAGAGILEAFF	TPSGTWLTY
CASSLMGGIHNEQFF	TPSGTWLTY
CASSLGGGQGEQFF	TPSGTWLTY
CASRPGLEGSPETQYF	TPSGTWLTY
CASSLAGGPLENIQYF	TPSGTWLTY
CSARGLAQTTDTQYF	TPSGTWLTY
CASSLVGGASTNEKLFF	TPSGTWLTY
CASSYGQHSGNTIYF	TPSGTWLTY
CASSLGLAAYNEQFF	TPSGTWLTY
CASSPADTWGTEAFF	TPSGTWLTY
CASSLGTANTGELFF	TPSGTWLTY
CASSLVGRGYGNQPQHF	TPSGTWLTY
CASSWGLPVGNEQYF	TPSGTWLTY
CASSLGQWQGLREQFF	TPSGTWLTY
CASSSAGVEVSYNEQFF	TPSGTWLTY
CASSLGTGQNEQYF	TPSGTWLTY
CASSFILVGTNTEAFF	TPSGTWLTY
CASSLRLGSSGNTIYF	TPSGTWLTY
CASSPGRAVGAFF	TPSGTWLTY
CASSRGRDSSYEQYF	TPSGTWLTY
CASSFDDMSSYEQYF	TPSGTWLTY
CASSQDVASGPQETQYF	TPSGTWLTY
CASRNPGTGFYEQYF	TPSGTWLTY
CASSRLPLGGTGELFF	TPSGTWLTY
CASSPQGRVLQSEITTDTQYF	TPSGTWLTY
CASSLQLNTEAFF	TPSGTWLTY
CASSLGGFTEAFF	TPSGTWLTY
CASSGQGAYEQYF	TPSGTWLTY
CASSLGTYTYEQYF	TPSGTWLTY
CATSDSQSSYEQYF	TPSGTWLTY
CSASNQGLSNEQFF	TPSGTWLTY
CASSQPGLHSGGEQYF	TPSGTWLTY
CASGFELRELAGGPHEQFF	TPSGTWLTY
CASIRTEMNTEAFF	TPSGTWLTY
CASTRWDTETQYF	TPSGTWLTY
CASSLGLAGSNEQFF	TPSGTWLTY
CASSPLPGQSYEQYF	TPSGTWLTY
CASSDTKTGGRTNEKLFF	TPSGTWLTY
CAWDPPMGTEAFF	TPSGTWLTY
CASSLGLVYEQYF	TPSGTWLTY
CSARIMTGLNQPQHF	TPSGTWLTY
CASSQLEQSDEQYF	TPSGTWLTY
CASSLGQGIGSYEQYF	TPSGTWLTY
CASSKTSGVNTGELFF	TPSGTWLTY
CASSRAPGINEQFF	TPSGTWLTY
CASSLAPGTVTSYEQYF	TPSGTWLTY
CASSLTLAARSNTGELFF	TPSGTWLTY
CASSQGAYQETQYF	TPSGTWLTY
CASSLGTPPNEQFF	TPSGTWLTY
CASSLGGLAGGPPQFF	TPSGTWLTY
CASSQAAYQETQYF	TPSGTWLTY
CASSFTPFTGEQYF	TPSGTWLTY
CSARDIRGSLGEQFF	TPSGTWLTY
CASSLGLAGFGYNEQFF	TPSGTWLTY
CASSVGGGETQYF	TPSGTWLTY
CASSWGLFTEAFF	TPSGTWLTY
CASSLSAGGSGYTF	TPSGTWLTY
CASTLSPTGDTEAFF	TPSGTWLTY
CASSELGNTIYF	TPSGTWLTY
CASSLGGPPSYTQYF	TPSGTWLTY
CASSIVNGGSSYNEQFF	TPSGTWLTY
CASSLVPPTSGYTGELFF	TPSGTWLTY
CASTTSPSVDSPLHF	TPSGTWLTY
CASSFTGDSGNTIYF	TPSGTWLTY
CASLGGLETQYF	TPSGTWLTY
CASSFRDNSPLHF	TPSGTWLTY
CASSHRPGLAGGSNEQFF	TPSGTWLTY
CASSLDLGMNTEAFF	TPSGTWLTY
CASSVATNEKLFF	TPSGTWLTY
CASKWTGGGNVLTF	TPSGTWLTY
CASSPGRDANTGELFF	TPSGTWLTY
CASSLSGQGGEQYF	TPSGTWLTY
CASSWEDSYEQYF	TPSGTWLTY
CSAWRESSYNEQFF	TPSGTWLTY
CASSYYRGSGELFF	TPSGTWLTY
CASTGDNYGYTF	TPSGTWLTY
CASSEAPRLAGHYEQYF	TPSGTWLTY
CSAPEGQGIYEQYF	TPSGTWLTY
CAWSVWTNTGELFF	TPSGTWLTY
CASSPGTGDTDTQYF	TPSGTWLTY
CASSEALYQRTSYNSPLHF	TPSGTWLTY
CASSHPGGGPEQYF	TPSGTWLTY
CASSPPSDQETQYF	TPSGTWLTY
CASRIQYQETQYF	TPSGTWLTY
CASSQGPLADIYNEQFF	TPSGTWLTY
CASSLTASSTDTQYF	TPSGTWLTY
CASSLSVGKGFFYEQYF	TPSGTWLTY
CASSLPPPGTGVYNEQFF	TPSGTWLTY
CASSLGPPLAGAYEQYF	TPSGTWLTY
CASSLGLTDTQYF	TPSGTWLTY
CASNPLAGDGETQYF	TPSGTWLTY
CASSGGSGYEQYF	TPSGTWLTY
CATSDHLEYEQYF	TPSGTWLTY
CASSQDTGPSYEQYF	TPSGTWLTY
CASSLDARRTGAEKENTGELFF	TPSGTWLTY
CARGSSRLTGTYEQYF	TPSGTWLTY
CAWGNYGYTF	TPSGTWLTY
CASSFLTQISSYNEQFF	TPSGTWLTY
CSVETGQGNTIYF	TPSGTWLTY
CASSLAGDRGRETYGYTF	TPSGTWLTY
CATSARDRSYEQYF	TPSGTWLTY
CASSLGQGLNEQYF	TPSGTWLTY
CASSYFSGNTGELFF	TPSGTWLTY
CSARDLAGEAGELFF	TPSGTWLTY
CASTLTGGGGYTF	TPSGTWLTY
CASSLYPPEGGGELFF	TPSGTWLTY
CATSDRDSYEQYF	TPSGTWLTY
CASSAWTGPDSGNTIYF	TPSGTWLTY
CASSQITSSTDTQYF	TPSGTWLTY
CASSLVAASYTDTQYF	TPSGTWLTY
CAISETPLAGGTTGELFF	TPSGTWLTY
CASSLGQGAGNEQFF	TPSGTWLTY
CASSPSGYSYNEQFF	TPSGTWLTY
CASSYSGQQHNSPLHF	TPSGTWLTY
CASTPGGNEQFF	TPSGTWLTY
CASSQVSGTDTQYF	TPSGTWLTY
CASSLLQGSNQPQHF	TPSGTWLTY
CSAKPVESGAKNIQYF	TPSGTWLTY
CASSSTLTDQETQYF	TPSGTWLTY
CASSQPGGRDEKLFF	TPSGTWLTY
CASSYEGGPETQYF	TPSGTWLTY
CSARDPERAGGPDTQYF	TPSGTWLTY
CASSPAGGSYNEQFF	TPSGTWLTY
CASSQGLNEQFF	TPSGTWLTY
CASSALHAAQSYNEQFF	TPSGTWLTY
CASSLTPGQGITGELFF	TPSGTWLTY
CAVGGIAEAFF	TPSGTWLTY
CASSNPDRTRSFLGANVLTF	TPSGTWLTY
CASSQFKGGGSHNEQFF	TPSGTWLTY
CASGLAAYEQYF	TPSGTWLTY
CASSPPGSEQFF	TPSGTWLTY
CASSLGEGAFYGYTF	TPSGTWLTY
CASSLGRDNYYGYTF	TPSGTWLTY
CASSLGFPHYGYTF	TPSGTWLTY
CASSFREYGYTF	TPSGTWLTY
CSARTRHQIVEQYF	TPSGTWLTY
CASSQGVAGGNGGEQYF	TPSGTWLTY
CASSFAGAVYNEQFF	TPSGTWLTY
CASSLGIPPNEQFF	TPSGTWLTY
CASSLGDRVFFTQYF	TPSGTWLTY
CASSQGMGTTYNEQFF	TPSGTWLTY
CASSYGQGSYNEQFF	TPSGTWLTY
CASSLADTGNEQFF	TPSGTWLTY
CASSLAPEPQETQYF	TPSGTWLTY
CASSEPTGRETQYF	TPSGTWLTY
CASSLSGAVNTEAFF	TPSGTWLTY
CASSQDGDLTSYEQYF	TPSGTWLTY
CASSLGFRQPQHF	TPSGTWLTY
CASSPSISGISYTDTQYF	TPSGTWLTY
CSARDRDYSNQPQHF	TPSGTWLTY
CASSLGLAPAEQYF	TPSGTWLTY
CASSFGQGEGNEQFF	TPSGTWLTY
CASSEEGSPHYEQYF	TPSGTWLTY
CASSLGVYNEQFF	TPSGTWLTY
CASSQIGTSGEFRELFF	TPSGTWLTY
CASSPDSNEQFF	TPSGTWLTY
CASSSGLAETYEQYF	TPSGTWLTY
CASSQGIAGESYEQYF	TPSGTWLTY
CASSIDRETSRGYTF	TPSGTWLTY
CASSLAVDLYGYTF	TPSGTWLTY
CASSPRKQGNSWLAVQETQYF	TPSGTWLTY
CASSQDQRGQPNEKLFF	TPSGTWLTY
CASSSRLAGSTDTQYF	TPSGTWLTY
CASSSNTGELFF	TPSGTWLTY
