CDR3	AA
CATSLEGLETQYF	GLEAPFLYLY
CASSGTGAYNEQFF	GLEAPFLYLY
CASSLRLAGGAGETQYF	GLEAPFLYLY
CASSLSYPIHPGQGDQEQFF	GLEAPFLYLY
CASSLIAFPDTQYF	GLEAPFLYLY
CASSQDLGLLTQETQYF	GLEAPFLYLY
CASSRQGALNTEAFF	GLEAPFLYLY
CASSSGGQGARETQYF	GLEAPFLYLY
CASSPGTGTYEQYF	GLEAPFLYLY
CASSLSAGMYNEQFF	GLEAPFLYLY
CASSWDGMNTEAFF	GLEAPFLYLY
CASSISTASEQFF	GLEAPFLYLY
CATSDLGLAGGYFF	GLEAPFLYLY
CASSELGGGPQTQYF	GLEAPFLYLY
CASSQDLSGVNEQFF	GLEAPFLYLY
RASSLRPSAHNEQFF	GLEAPFLYLY
CASSEGTNTEAFF	GLEAPFLYLY
CARGNEQFF	GLEAPFLYLY
CASTPGYTSSGRAADTQYF	GLEAPFLYLY
CASSFEGIQYF	GLEAPFLYLY
CASSLTSNNEDTEAFF	GLEAPFLYLY
CASSYSTRTNEQFF	GLEAPFLYLY
CASSASTSGLHYEQYF	GLEAPFLYLY
CASSLWASYEQYF	GLEAPFLYLY
CASSQVHSTTDEQFF	GLEAPFLYLY
CASSLLRVNNQPQHF	GLEAPFLYLY
CASSYIAGVNTGELFF	GLEAPFLYLY
CASSQEGALGTEAFF	GLEAPFLYLY
CATSRAQGLALYEQYF	GLEAPFLYLY
CASSHSKEDLLGRLFF	GLEAPFLYLY
CASSYSGQETQYF	GLEAPFLYLY
CASSQIGALPLYGYTF	GLEAPFLYLY
CASSLGGSYNSPLHF	GLEAPFLYLY
CASSFLATSTDTQYF	GLEAPFLYLY
CASPGTDTYGYTF	GLEAPFLYLY
CASSKSHLATPHNEQFF	GLEAPFLYLY
CSVDLQGATYEQYF	GLEAPFLYLY
CASSSDGEETQYF	GLEAPFLYLY
CASSLVKGQGATLAKNIQYF	GLEAPFLYLY
CASSLQPTANYGYTF	GLEAPFLYLY
CASSLGQGDSPLHF	GLEAPFLYLY
CASSGAPGVGEKLFF	GLEAPFLYLY
CASSLAGGWVGYTF	GLEAPFLYLY
CASSIQWTSTDTQYF	GLEAPFLYLY
CASSPSPTSGNEQFF	GLEAPFLYLY
CSVDLGGGPDTQYF	GLEAPFLYLY
CASSQEGGQGETQYF	GLEAPFLYLY
CASSQGHRDFNGYTF	GLEAPFLYLY
CASSSGQGADEQYF	GLEAPFLYLY
CASRKSGELFF	GLEAPFLYLY
CASSGITDTQYF	GLEAPFLYLY
CASRAQSSYEQYF	GLEAPFLYLY
CASSPTGGSGNTIYF	GLEAPFLYLY
CASSLPDWTSGSGVTDTQYF	GLEAPFLYLY
CASSYTGQGYEQYF	GLEAPFLYLY
CARNGPEGNTIYF	GLEAPFLYLY
CASSEGTAYNEQFF	GLEAPFLYLY
CASSVGAAHNEQFF	GLEAPFLYLY
CSATTPGQLFYEQYF	GLEAPFLYLY
CASSQGSGRADQPQHF	GLEAPFLYLY
CASLRQTYEQYF	GLEAPFLYLY
CASSQGGALGTEAFF	GLEAPFLYLY
CASSLNRVGNEKLFF	GLEAPFLYLY
CASSQGAGGYTF	GLEAPFLYLY
CASSLPDSNNEQFF	GLEAPFLYLY
CASEGTDNQPQHF	GLEAPFLYLY
CASSQGGALNTEAFF	GLEAPFLYLY
CATSRARQVLNQPQHF	GLEAPFLYLY
CASTLSVSGFGEETQYF	GLEAPFLYLY
CASSAGTGYGYTF	GLEAPFLYLY
CSVDPSGSTGELFF	GLEAPFLYLY
CASSLGQINQPQHF	GLEAPFLYLY
CASSDGEQYF	GLEAPFLYLY
CASSHERGSLGQETQYF	GLEAPFLYLY
CASSLYSGGGGELFF	GLEAPFLYLY
CSARREGEGQFF	GLEAPFLYLY
CASSLLVGSGNEQFF	GLEAPFLYLY
CASLLSIPGELFF	GLEAPFLYLY
CASSTSSYEQYF	GLEAPFLYLY
CASSIDLAGGIYNEQFF	GLEAPFLYLY
CASSLRLNTGELFF	GLEAPFLYLY
CASSQAGTSGSEQYF	GLEAPFLYLY
CASTPLRGGAFEQFF	GLEAPFLYLY
CASSEADELTDTGELFF	GLEAPFLYLY
CSVVWGEGNTEAFF	GLEAPFLYLY
CAITGSGTYEQYF	GLEAPFLYLY
CASSIPTENTGELFF	GLEAPFLYLY
CASTMGGSGNTIYF	GLEAPFLYLY
CATSRDRRELETQYF	GLEAPFLYLY
CASTTSGGSYNEQFF	GLEAPFLYLY
CASSTRGHNEQFF	GLEAPFLYLY
CASSLGGLAGGASYNEQFF	GLEAPFLYLY
CASSLGQALEQYF	GLEAPFLYLY
CASSYEASGTEAFF	GLEAPFLYLY
CASSLNQAGNQPQHF	GLEAPFLYLY
CASSYGGIGVHEQFF	GLEAPFLYLY
CASTNSNQPQHF	GLEAPFLYLY
CASSQDPGSTDIQYF	GLEAPFLYLY
CAWWLPLAGVGDEQFF	GLEAPFLYLY
CASSEPRTSGGWNTGELFF	GLEAPFLYLY
CASSQLLRGGYNEQFF	GLEAPFLYLY
CASSQVHPGEQFF	GLEAPFLYLY
CASSEDGTSTDTQYF	GLEAPFLYLY
CASSQVGGGLYEQYF	GLEAPFLYLY
CASSLGAGTAFF	GLEAPFLYLY
CASSFPNGNEQYF	GLEAPFLYLY
CASSLRQGKGEQYF	GLEAPFLYLY
CSASGLAGYPMDTDTQYF	GLEAPFLYLY
CASSLSGSSGETQYF	GLEAPFLYLY
CASSLGVGEQFF	GLEAPFLYLY
CASSLGSAGALETQYF	GLEAPFLYLY
CASSEALLTSGDTGELFF	GLEAPFLYLY
CASSDSGASGETQYF	GLEAPFLYLY
CASSLDGTTGNEQFF	GLEAPFLYLY
CASRLHGGLQMKQYF	GLEAPFLYLY
CASSLQGEGAPSYEQYF	GLEAPFLYLY
CASTLGGYSNQPQHF	GLEAPFLYLY
CAGKTNQETQYF	GLEAPFLYLY
CASSYNIGTPYEQYF	GLEAPFLYLY
CASFSSSYEQYF	GLEAPFLYLY
CASSSSSGGPYSTDTQYF	GLEAPFLYLY
CSVDTGGQRGTEAFF	GLEAPFLYLY
CASSVPRGTQETQYF	GLEAPFLYLY
CASSLFGQSNQPQHF	GLEAPFLYLY
CASSQEGRAWNDIQYF	GLEAPFLYLY
CASSSHPGHQSYGYTF	GLEAPFLYLY
CASSLPGGSSYEQYF	GLEAPFLYLY
CASSEPAQGMNTEAFF	GLEAPFLYLY
CASSTTETGNYGYTF	GLEAPFLYLY
CASSIEGLAGVYEQFF	GLEAPFLYLY
CASSIALGSSYNEQFF	GLEAPFLYLY
CASSLGGEQFF	GLEAPFLYLY
CASSFRTYYGYTF	GLEAPFLYLY
CASSNPGHRAYNEQFF	GLEAPFLYLY
CASSSPGVAGKPNEQFF	GLEAPFLYLY
CASSLVGSGVPDTQYF	GLEAPFLYLY
CASSISMNTEAFF	GLEAPFLYLY
CASSGEAGSTNEKLFF	GLEAPFLYLY
CASGPDNEQFF	GLEAPFLYLY
CASSLAGTEQYF	GLEAPFLYLY
CSVGGGAYGYTF	GLEAPFLYLY
CASDYSETNYGYTF	GLEAPFLYLY
CSVPVANYGYTF	GLEAPFLYLY
CASSLSRYEQYF	GLEAPFLYLY
CASSLLGGLGTDTQYF	GLEAPFLYLY
CSVRGEESNYGYTF	GLEAPFLYLY
CASSPYPGGNNEQYF	GLEAPFLYLY
CSAIRDRTGPYNEQFF	GLEAPFLYLY
CAWSVIRYEQYF	GLEAPFLYLY
CASSLGEFHEQYF	GLEAPFLYLY
CASSPAPGGLDEQYF	GLEAPFLYLY
CSVSGLAGDNTGELFF	GLEAPFLYLY
CASSQDPGSTDIQYF	GLEAPFLYLY
CASSYTSGANVLTF	GLEAPFLYLY
CASSQGRQVLSTGELFF	GLEAPFLYLY
CASSVGLMSSEQYF	GLEAPFLYLY
CASSLDLGLSYEQYF	GLEAPFLYLY
CASSSGAGTDTQYF	GLEAPFLYLY
CASSTGTGEETQYF	GLEAPFLYLY
CASSQDDRGGYEQYV	GLEAPFLYLY
CASSEAGTYEQYF	GLEAPFLYLY
CASSELIDAAGDSEQFF	GLEAPFLYLY
CASFSVSYEQYF	GLEAPFLYLY
CSVEVAGVQAFF	GLEAPFLYLY
CASSRGQMATNEKLFF	GLEAPFLYLY
CSAGPSGPYNEQFF	GLEAPFLYLY
CASSLTGWGNTEAFF	GLEAPFLYLY
CASGSGTQYF	GLEAPFLYLY
CSVDVLGATGELFF	GLEAPFLYLY
CASSPIPGTTNYEQYF	GLEAPFLYLY
CASSHRGPRAGARAGETQYF	GLEAPFLYLY
CASRGASTYEQYF	GLEAPFLYLY
CASSPGQGRSQYF	GLEAPFLYLY
CASSLPSGTSEQETQYF	GLEAPFLYLY
CSAPRTAMNTEAFF	GLEAPFLYLY
CASSSPVRNTEAFF	GLEAPFLYLY
CASSFVLGDEQYF	GLEAPFLYLY
CASSLYPAGDNIQYF	GLEAPFLYLY
CASSPGLNYEQYF	GLEAPFLYLY
CATSRDRGLTEAFF	GLEAPFLYLY
CATRGGEGTEAFF	GLEAPFLYLY
CSVDGRRGYTEAFF	GLEAPFLYLY
CASSSGRETQYF	GLEAPFLYLY
CASGRGPDYNEQFF	GLEAPFLYLY
CASSEAGGLETQYF	GLEAPFLYLY
CASSYTTGEQYF	GLEAPFLYLY
CASSLAGVYEQYF	GLEAPFLYLY
CASSLPIGGLELNEQFF	GLEAPFLYLY
CATGTGELFF	GLEAPFLYLY
CASSDTGTVNTGELFF	GLEAPFLYLY
CASSVAGSGNTIYF	GLEAPFLYLY
CASSPGQGLGDEQFF	GLEAPFLYLY
CASSEALVEMNTEAFF	GLEAPFLYLY
CASSDDKYGYTF	GLEAPFLYLY
CASSIDWNSNQPQHF	GLEAPFLYLY
CASRTGMNTEAFF	GLEAPFLYLY
CAISGSGANVLTF	GLEAPFLYLY
CASRDWLNEQFF	GLEAPFLYLY
CASSPRLAGVTGELFF	GLEAPFLYLY
CATEQFF	GLEAPFLYLY
CAREAGTKNIQYF	GLEAPFLYLY
CASSSTSGSTDTQYF	GLEAPFLYLY
CASMQGLVTEAFF	GLEAPFLYLY
CASSLRPQVRGYEAPPQETQYF	GLEAPFLYLY
CASRSIGQGANYGYTF	GLEAPFLYLY
CASRQLDREYITTHEQYF	GLEAPFLYLY
CSSRGDVLAGVDTQYF	GLEAPFLYLY
CVGGLTPISNTGELFF	GLEAPFLYLY
CASIVLGKRNPPQETQYF	GLEAPFLYLY
CASTDRGFHEQFF	GLEAPFLYLY
CSVETGNTIYF	GLEAPFLYLY
CASSLAGPWDTQYF	GLEAPFLYLY
CACHRRTGYGYTF	GLEAPFLYLY
CASSWDRGSYNEQFF	GLEAPFLYLY
CASSIQGQEYQPQHF	GLEAPFLYLY
CASREGGTDTQYF	GLEAPFLYLY
CASRDTGASYNEQFF	GLEAPFLYLY
CASSISVFSEKLFF	GLEAPFLYLY
CASSSFGRERTEAFF	GLEAPFLYLY
CASSTAGLGYSPLHF	GLEAPFLYLY
CASSQDGADGETQYF	GLEAPFLYLY
CSVDGGGYTF	GLEAPFLYLY
CASSQAWMNTGELFF	GLEAPFLYLY
CASTGTSSYEQYF	GLEAPFLYLY
CASSQEADSGGSGELFF	GLEAPFLYLY
CASSRAGALGGELFF	GLEAPFLYLY
CASSLAEGVETQYF	GLEAPFLYLY
CASSPGGDEQYF	GLEAPFLYLY
CSGGGTRNEQFF	GLEAPFLYLY
CASSYSGGANQPQHF	GLEAPFLYLY
CASSYGLNEQFF	GLEAPFLYLY
CASSPAGTDSYEQYF	GLEAPFLYLY
CSVDSGENEQFF	GLEAPFLYLY
CASSWSWLEFYNEQFF	GLEAPFLYLY
CASSPWTGDEQYF	GLEAPFLYLY
CSVGGDFNYGYTF	GLEAPFLYLY
CASSQDRAAGVGNEQFF	GLEAPFLYLY
CASSFGGVEGMNTEAFF	GLEAPFLYLY
CASSELTGLAGDETQYF	GLEAPFLYLY
CASSPTGGIYEQYF	GLEAPFLYLY
CASRTGASYEQYF	GLEAPFLYLY
CSAPGPSGEQYF	GLEAPFLYLY
CASSETANTGELFF	GLEAPFLYLY
CASSKETGLAYGYTF	GLEAPFLYLY
CASSFSPPSGELFF	GLEAPFLYLY
CASFSASYEQYF	GLEAPFLYLY
CSAGTENTGELFF	GLEAPFLYLY
CATRPGNSYEQYF	GLEAPFLYLY
CASSPERGYNEQFF	GLEAPFLYLY
CASSYLQGRTEAFF	GLEAPFLYLY
CASSFPSGYNEQFF	GLEAPFLYLY
CARDRDTSWGGELFF	GLEAPFLYLY
CAWSALRGSSYNEQFF	GLEAPFLYLY
CASSQGLAGLYEQYF	GLEAPFLYLY
CASSQEASGSYEQYF	GLEAPFLYLY
CASSDRDWGDTGELFF	GLEAPFLYLY
CASSSTDSYEQYF	GLEAPFLYLY
CASSLDPSRPTYEQYF	GLEAPFLYLY
CSAPVGGATGELFF	GLEAPFLYLY
CSVVGEPNEQFF	GLEAPFLYLY
CASRAGETQYF	GLEAPFLYLY
CASSPGVGVEQYF	GLEAPFLYLY
CASSLGGATEAFF	GLEAPFLYLY
CASSFPDTQYF	GLEAPFLYLY
CASGPGDNQPQHF	GLEAPFLYLY
CASSQEGQLSGDTQYF	GLEAPFLYLY
CASSPRGPWIYEQYF	GLEAPFLYLY
CASSPNGGPNYGYTF	GLEAPFLYLY
CASSQESSGSYEQYF	GLEAPFLYLY
CATQGVGQETQYF	GLEAPFLYLY
CASSELGAGGGNEQFF	GLEAPFLYLY
CSVFKGNTIYF	GLEAPFLYLY
CASSEDEGALYQPQHF	GLEAPFLYLY
CAIKERVGSYNEQFF	GLEAPFLYLY
CATSRDRREKETQYF	GLEAPFLYLY
CASSRQGSTGELFF	GLEAPFLYLY
CSVVQGAPYEQYF	GLEAPFLYLY
CASSQATQELGHEQYF	GLEAPFLYLY
CASSRGTGSEQYF	GLEAPFLYLY
CASSLAANGNQPQHF	GLEAPFLYLY
CASSIGGFEQFF	GLEAPFLYLY
CASSWLAGESEQFF	GLEAPFLYLY
CASSLEPVGDAVPYEQYF	GLEAPFLYLY
CASRDFHRINQPQHF	GLEAPFLYLY
CASSWGASNEQFF	GLEAPFLYLY
CASSEVVTGGDEQFF	GLEAPFLYLY
CASAGGFTYEQYF	GLEAPFLYLY
CASSEDPGMNTEAFF	GLEAPFLYLY
CASSEKSARYDRYEQYF	GLEAPFLYLY
CASGLNEQFF	GLEAPFLYLY
CASSALAGVETQYF	GLEAPFLYLY
CSVEVGAEAFF	GLEAPFLYLY
CASSLPTNSGVPPSTDTQYF	GLEAPFLYLY
CASILGDRAYEQYF	GLEAPFLYLY
CASSPPDTNTEAFF	GLEAPFLYLY
CASSSTSYNEQFF	GLEAPFLYLY
CASSLVSGATEAFF	GLEAPFLYLY
CASSFPLGEQYF	GLEAPFLYLY
CASSFMTAYPYNEQFF	GLEAPFLYLY
CASSSSVDGYMNEQFF	GLEAPFLYLY
CASSDGTGPFSEQFF	GLEAPFLYLY
CASSLQQSYNEQFF	GLEAPFLYLY
CASMRDLQSSSYNEQFF	GLEAPFLYLY
CASSWSPGELFF	GLEAPFLYLY
CASSQDDRGTYEQYF	GLEAPFLYLY
CASSQTGGSGNTIYF	GLEAPFLYLY
CASSEADSTGELFF	GLEAPFLYLY
CASSGAGGYGYTF	GLEAPFLYLY
CASSSYPGTSETYNEQFF	GLEAPFLYLY
CASSGTLNEQFF	GLEAPFLYLY
CSVRTGGYEQYF	GLEAPFLYLY
CATSRDRGLTEAFF	GLEAPFLYLY
CASSPSGSGGYFLEQYF	GLEAPFLYLY
CASSTAGTNEKLFF	GLEAPFLYLY
CASTGQLGTDTQYF	GLEAPFLYLY
CATSREQGDLEDPYF	GLEAPFLYLY
CASSQDTGYYYEQYF	GLEAPFLYLY
CASSLAVGAGYGYTF	GLEAPFLYLY
CASSDRGAYNEQFF	GLEAPFLYLY
CASSPQAGGSSYEQYF	GLEAPFLYLY
CASSLEANYGYTF	GLEAPFLYLY
CASSRGTFPEQYF	GLEAPFLYLY
CASSYATGTGLSGELFF	GLEAPFLYLY
CASSFSGSMIGQYF	GLEAPFLYLY
CAISPETQETQYF	GLEAPFLYLY
CASSKVGASWGDAEAFF	GLEAPFLYLY
CASSRLDSDNEQFF	GLEAPFLYLY
CASSIGTGSTEAFF	GLEAPFLYLY
CASSLGGGTGPFFDTQYF	GLEAPFLYLY
CASYSSSYEQYF	GLEAPFLYLY
CASTFGLADWDEQFF	GLEAPFLYLY
CASSVGDSYNSPLHF	GLEAPFLYLY
CSVQDGGQNTEAFF	GLEAPFLYLY
CASSDSYAGNTIYF	GLEAPFLYLY
CASSISQRDGGYGYTF	GLEAPFLYLY
CASIAGTGKYF	GLEAPFLYLY
CSVEKGDRGNTIYF	GLEAPFLYLY
CASSLAGTEAFF	GLEAPFLYLY
CNTDTQYF	GLEAPFLYLY
CASSQANYEQYF	GLEAPFLYLY
CASEALMNTEAFF	GLEAPFLYLY
CASSKLPNRQRHSPLHF	GLEAPFLYLY
CSVEGTSGRMEQYF	GLEAPFLYLY
CASIETSGQGYEQYF	GLEAPFLYLY
CASSQWGRTSTDTQYF	GLEAPFLYLY
CSVERQAADTQYF	GLEAPFLYLY
CASRRPETSYEQYF	GLEAPFLYLY
CSAPRGGMTTEAFF	GLEAPFLYLY
CASSLGPRPGDTQYF	GLEAPFLYLY
CASSEVVDSSFYEQYF	GLEAPFLYLY
CASSWYRGETDTQYF	GLEAPFLYLY
CAPRPQGAGAPHGEQFF	GLEAPFLYLY
CASSDGLAGSHEQYF	GLEAPFLYLY
CASSQFEGPKVYEQYF	GLEAPFLYLY
CSARDRTLRYEQYF	GLEAPFLYLY
CASAGLPNEQFF	GLEAPFLYLY
CASSQAGALGGELFF	GLEAPFLYLY
CASFRGEQYF	GLEAPFLYLY
CASSFGASGNYEQYF	GLEAPFLYLY
CASSGHRDTYSTGELFF	GLEAPFLYLY
CASSFLREEQFF	GLEAPFLYLY
CAWIYEQYF	GLEAPFLYLY
CSVEGGGYTF	GLEAPFLYLY
CASSNGTWQETQYF	GLEAPFLYLY
CASSFGTSGHEQYF	GLEAPFLYLY
CASSIEEGGRNEQFF	GLEAPFLYLY
CATLGKEAVSYNEQFF	GLEAPFLYLY
CASRETSFETQYF	GLEAPFLYLY
CASSLIQGNTGELFF	GLEAPFLYLY
CSARGPSGYEQYF	GLEAPFLYLY
CASSQWGQGYSGRAGFNEQFF	GLEAPFLYLY
CATSRGGLNTEAFF	GLEAPFLYLY
CACPGTGTYEQYF	GLEAPFLYLY
CASSLNGGDADTQYF	GLEAPFLYLY
CASSTLGGKGELFF	GLEAPFLYLY
CASRAVGEDGYTF	GLEAPFLYLY
CASSQGAGGYTF	GLEAPFLYLY
CASSLFETVNSPLHF	GLEAPFLYLY
CASTGGPVASTDTQYF	GLEAPFLYLY
CASSYDRTEAFF	GLEAPFLYLY
CASSSLAGGTDTQYF	GLEAPFLYLY
CASSSIEGDNEQFF	GLEAPFLYLY
CASSQQGALNTEAFF	GLEAPFLYLY
CSVYRVTEAFF	GLEAPFLYLY
CASSLPSGYEQYF	GLEAPFLYLY
CAWAGWTGLYF	GLEAPFLYLY
CASSQMAALNTEAFF	GLEAPFLYLY
CASSLEYGAANTGELFF	GLEAPFLYLY
CASGATSYEQYF	GLEAPFLYLY
CASTQRWGPDTQYF	GLEAPFLYLY
CSARPKVWDKGGWGPDTQYF	GLEAPFLYLY
CASSYSGWETQYF	GLEAPFLYLY
CSARLTVSSYEQYF	GLEAPFLYLY
CASSQGSALGGELFF	GLEAPFLYLY
CSVEVMSDNSGNTIYF	GLEAPFLYLY
CATTPSTGSAPLHF	GLEAPFLYLY
CASSETRGSYNEQFF	GLEAPFLYLY
CASSLAGTGSPLHF	GLEAPFLYLY
CASSGGIGELFF	GLEAPFLYLY
CASSQANYEQYF	GLEAPFLYLY
CSAFFGGATTDTQYF	GLEAPFLYLY
CASSEPRTEMNTEAFF	GLEAPFLYLY
CSVQETGELFF	GLEAPFLYLY
CASSRDVSSYEQYF	GLEAPFLYLY
CAISESYEQYF	GLEAPFLYLY
CSGFRENTGELFF	GLEAPFLYLY
CASSEGVPGLEYF	GLEAPFLYLY
CASSEDGGSNQPQHF	GLEAPFLYLY
CASSLANNPTDTQYF	GLEAPFLYLY
CASRRETQYF	GLEAPFLYLY
CASSQETSGIVTQYF	GLEAPFLYLY
CASSRGQTNEKLFF	GLEAPFLYLY
CASTNRVDNTEAFF	GLEAPFLYLY
CASSWGGKQDEQYF	GLEAPFLYLY
CASSYWEGRVGTEAFF	GLEAPFLYLY
CASSQIGGTGLTDTQYF	GLEAPFLYLY
CASSTTVNLSSYNSPLHF	GLEAPFLYLY
CASSLLGGETQYF	GLEAPFLYLY
CASSLGSGGYQETQYF	GLEAPFLYLY
CATGETSYEQYF	GLEAPFLYLY
CASSPTGTGSLFF	GLEAPFLYLY
CASSQEPGGGGGELFF	GLEAPFLYLY
CASSQVHGGYEQYF	GLEAPFLYLY
CASSLGGVRSTEAFF	GLEAPFLYLY
CASSFGDEQFF	GLEAPFLYLY
CASSPAPGTEENIQYF	GLEAPFLYLY
CASSPIRREAGDTQYF	GLEAPFLYLY
CSVDLAGVSGELFF	GLEAPFLYLY
CSAEGFGEQFF	GLEAPFLYLY
CASSSGTSGYEQYF	GLEAPFLYLY
CASSQETGGPYNEQFF	GLEAPFLYLY
CASSLGPGQTQETQYF	GLEAPFLYLY
CASSLTEKLFF	GLEAPFLYLY
CAISSGSGTDTQYF	GLEAPFLYLY
CASYPDDTGELFF	GLEAPFLYLY
CASSQDNSYGNTIYF	GLEAPFLYLY
CSVSVGVHNEQFF	GLEAPFLYLY
CASSIAAGADTQYF	GLEAPFLYLY
CASSLGTSGISLGYEQYF	GLEAPFLYLY
CASSAGGTGPFNYGYTF	GLEAPFLYLY
CASSRLDSDNEQFF	GLEAPFLYLY
CASKGTGGSNQPQHF	GLEAPFLYLY
CSASWDTGLSYEQYF	GLEAPFLYLY
CASKRGQSYNQPQHF	GLEAPFLYLY
CATSRDRRELETQYF	GLEAPFLYLY
CASSLGLAGISYEQYF	GLEAPFLYLY
CASSLPVAGNDYEQYF	GLEAPFLYLY
CASSPRDRVNEQFF	GLEAPFLYLY
CASSSTGSQGYTF	GLEAPFLYLY
CASSPPDRAYEQYF	GLEAPFLYLY
CASSSPLSDRSSYNEQFF	GLEAPFLYLY
CASSQDDYPAPGTQYF	GLEAPFLYLY
CASSAGGNEQFF	GLEAPFLYLY
CASSLGGGRGHEKLFF	GLEAPFLYLY
CASSYGDSYEQFF	GLEAPFLYLY
CASSEGWGLRDF	GLEAPFLYLY
CASSLQETQYF	GLEAPFLYLY
CASSPMGAVNTEAFF	GLEAPFLYLY
CASSLEAGGFYSSYNEQFF	GLEAPFLYLY
CASSDGEGRGGTEAFF	GLEAPFLYLY
CASSQDGFLGLGVGTDTQYF	GLEAPFLYLY
CASSLYLGSGNTIYF	GLEAPFLYLY
CSVDFRGSGTEAFF	GLEAPFLYLY
CASSQDYWEGGTDTQYF	GLEAPFLYLY
CASNHYYTDTQYF	GLEAPFLYLY
CASSLKLAGGPLPNEQFF	GLEAPFLYLY
CASTEDLSGYEQYF	GLEAPFLYLY
CATSRDRRERGETQYF	GLEAPFLYLY
CSAPNQGQGRPNSNQPQHF	GLEAPFLYLY
CSVEDGGRVTEAFF	GLEAPFLYLY
CASSREGQGRDTQYF	GLEAPFLYLY
CANPGQGGYGYTF	GLEAPFLYLY
CASNVVGELFF	GLEAPFLYLY
CASSLQGGSTDTQYF	GLEAPFLYLY
CASSLGTVNEQFF	GLEAPFLYLY
CASSVTTGESSYNSPLHF	GLEAPFLYLY
CASSLQVGTGGRQPQHF	GLEAPFLYLY
CASSLGQGEYEQYF	GLEAPFLYLY
CASSLLGHGYF	GLEAPFLYLY
CASSFSPGSYGYTF	GLEAPFLYLY
CAISEVAGWADTQYF	GLEAPFLYLY
CASSGGLTPENIQYF	GLEAPFLYLY
CASSPSAYEQYF	GLEAPFLYLY
CASSLSGSHLTF	GLEAPFLYLY
CASSEAEDKTTNEKLFF	GLEAPFLYLY
CASSPQGGGHLNTEAFF	GLEAPFLYLY
CASSLRGLPTDTQYF	GLEAPFLYLY
CASSFPLEKQSYEQYF	GLEAPFLYLY
CASSLAGLSNQPQHF	GLEAPFLYLY
CASSLEVDRNSYEQYF	GLEAPFLYLY
CSVEEKAGRNTEAFF	GLEAPFLYLY
CASSSPPGNLYEQYF	GLEAPFLYLY
CSVPEGGTSGEQYF	GLEAPFLYLY
CSASVNPSYEQYF	GLEAPFLYLY
CASSLFVPGLGEETQYF	GLEAPFLYLY
CASSLGSAQTQYF	GLEAPFLYLY
CASSNPTSQSSYNSPLHF	GLEAPFLYLY
CASSLVAQAQYF	GLEAPFLYLY
CATSRDRREQETQYF	GLEAPFLYLY
CASGTYEQYF	GLEAPFLYLY
CSVDTLGRDYGYTF	GLEAPFLYLY
CASSLVGEQYF	GLEAPFLYLY
CASSYGGTPGTEAFF	GLEAPFLYLY
