CDR3	AA
CASSWGLKNEQFF	FGEVFNATRF
CASSSVAGDQETQYF	FGEVFNATRF
CASSFSYEQYF	FGEVFNATRF
CASSSQGDQEQYF	FGEVFNATRF
CASSLGSGQPQHF	FGEVFNATRF
CASSVQSYNEQFF	FGEVFNATRF
CASSQEPAGGTGELFF	FGEVFNATRF
CASSFSGELFF	FGEVFNATRF
CASSRTSGSRLDTQYF	FGEVFNATRF
CASSPGTVYGYTF	FGEVFNATRF
CASSLSTGAGGLTDTQYF	FGEVFNATRF
CASSSIAGGTLNEQFF	FGEVFNATRF
CASSPGTGQFYEQYF	FGEVFNATRF
CASSPQTGAISYNEQFF	FGEVFNATRF
CASSAQGGLADYNEQFF	FGEVFNATRF
CASSLSGGTGASFYGYTF	FGEVFNATRF
CASSHGGAGTDTQYF	FGEVFNATRF
CASSPSQGNEQFF	FGEVFNATRF
CASSLSAGGVETQYF	FGEVFNATRF
CASSQGSAEAFF	FGEVFNATRF
CASSYGREFYEQYF	FGEVFNATRF
CASGYGAGGIQETQYF	FGEVFNATRF
CASSLALGVGQPQHF	FGEVFNATRF
CASSLATAEAFF	FGEVFNATRF
CASSQETTGFGGYTF	FGEVFNATRF
CSARDTSENTEAFF	FGEVFNATRF
CASSSGDGDTQYF	FGEVFNATRF
CASSQDLGVMDEQYF	FGEVFNATRF
CASRMGQRNQPQHF	FGEVFNATRF
CASSWTSGSGDEQFF	FGEVFNATRF
CASSWGGGGETQYF	FGEVFNATRF
CASSPEAGELGYNEQFF	FGEVFNATRF
CASSTDRGYTF	FGEVFNATRF
CASNPGGPQVYEQFF	FGEVFNATRF
CASTSGKGDEQFF	FGEVFNATRF
CASSPDGGGKETQYF	FGEVFNATRF
CASSYGTGGTDTQYF	FGEVFNATRF
CASSTDRGRYEQYF	FGEVFNATRF
CASTDSDYEQYF	FGEVFNATRF
CASSLDPGGFEPQHF	FGEVFNATRF
CASSLGTNNEQFF	FGEVFNATRF
CASSPTSVGAGELFF	FGEVFNATRF
CASSATTGEGSYNEQFF	FGEVFNATRF
CASSQEEAGQFYEQYF	FGEVFNATRF
CASSHSGTSYEQYF	FGEVFNATRF
CASSQEQVHLSGANVLTF	FGEVFNATRF
CASSPPWEGNNKETQYF	FGEVFNATRF
CASSVDLSEEKLFF	FGEVFNATRF
CASSPTSGSPDTQYF	FGEVFNATRF
CASSQDIGSYNEQFF	FGEVFNATRF
CAIRDANSDIQYF	FGEVFNATRF
CASSYNRERNQPQHF	FGEVFNATRF
CASSFWGQGGSDTQYF	FGEVFNATRF
CASSHQTGGASYNEQFF	FGEVFNATRF
CASSLGGGDQETQYF	FGEVFNATRF
CASSLGGDYGYTF	FGEVFNATRF
CASSPSAGHPNGYTF	FGEVFNATRF
CASSVPGTGVAYEQYF	FGEVFNATRF
CASSYSGGLYEQYF	FGEVFNATRF
CASSSQTSGFINEQFF	FGEVFNATRF
CASRWTSGSSYNEQFF	FGEVFNATRF
CASTHGAGNTGELFF	FGEVFNATRF
CASSALLAGEVNEQFF	FGEVFNATRF
CASSDDYEQYF	FGEVFNATRF
CAISGTDPYEQYV	FGEVFNATRF
CASGDYEQYF	FGEVFNATRF
CASSFGAVNEQFF	FGEVFNATRF
CASSSSDSFQPQHF	FGEVFNATRF
CASSLSQGAGTDTQYF	FGEVFNATRF
CSVEPEEQYV	FGEVFNATRF
CASSKTGGPIYNSPLHF	FGEVFNATRF
CASSFSGQGVDEQFF	FGEVFNATRF
CASSPEAGGPYEQYF	FGEVFNATRF
CASSHEVRAPVDNEQFF	FGEVFNATRF
CASSPQGSGGLGDEQFF	FGEVFNATRF
CASSQVPTNTEAFF	FGEVFNATRF
CASSPSGRSYEQYF	FGEVFNATRF
CATSGSSTGLETGELFF	FGEVFNATRF
CASSHSWPGQGAYEQYF	FGEVFNATRF
CASSFSGTALEQYF	FGEVFNATRF
CASSFSGTGVNEQFF	FGEVFNATRF
CASSQDRAYYEQYF	FGEVFNATRF
CASSFSGEPGSEQYF	FGEVFNATRF
CASSQDGAGQFF	FGEVFNATRF
CASSQDQSYEQYF	FGEVFNATRF
CASALHRSDTQYF	FGEVFNATRF
PGVYEQYF	FGEVFNATRF
CASSLGDGVGYYEQYF	FGEVFNATRF
CASSLEWGQGYEQYF	FGEVFNATRF
CASGVDSGLSGETQYF	FGEVFNATRF
CASSAAGGGYEQYF	FGEVFNATRF
CASSQQGQPQHF	FGEVFNATRF
CASSFSNTGELFF	FGEVFNATRF
CATSTSGDVLDEQFF	FGEVFNATRF
CASSTIGTSGSYEQYF	FGEVFNATRF
CASSYSSPPSTGELFF	FGEVFNATRF
CASSLGASGSSYEQYF	FGEVFNATRF
CASSLGQETQYF	FGEVFNATRF
CAISEGNEAFF	FGEVFNATRF
CASAQLGDTQYF	FGEVFNATRF
CASSLSSGSPPYEQYF	FGEVFNATRF
CASSLSELGGAYNEQFF	FGEVFNATRF
CASSRDLSSYEQYF	FGEVFNATRF
CASSLAEEGTGYGEQFF	FGEVFNATRF
CASSQDQAGAIGELFF	FGEVFNATRF
CASSLGSNQPQHF	FGEVFNATRF
CASSPGTGTSGYEQYF	FGEVFNATRF
CASSLEQGLSYEQYF	FGEVFNATRF
CASSRGGGDQETQYF	FGEVFNATRF
CASSSQAGSPSYNEQFF	FGEVFNATRF
CATILAGGQSYNEQFF	FGEVFNATRF
CASSLWGPEEQYF	FGEVFNATRF
CASSFLAGTPLEQYF	FGEVFNATRF
CASSLSSGPPTDTQYF	FGEVFNATRF
CATADSSSYNEQFF	FGEVFNATRF
CASSYRTSGSPAEQYF	FGEVFNATRF
CASSLSGQYNEQFF	FGEVFNATRF
CASSLSGGTGGGTDTQYF	FGEVFNATRF
CASSPGGTNTGELFF	FGEVFNATRF
CATSLGSYNEQFF	FGEVFNATRF
CASSPETGSPPVYGYTF	FGEVFNATRF
CASSFSGSGVNEQYF	FGEVFNATRF
CASTWGGSSYNEQFF	FGEVFNATRF
CASSQDRGPNTGELFF	FGEVFNATRF
CASRVGGEGTGELFF	FGEVFNATRF
CASSQDEGEREQFF	FGEVFNATRF
CASSLSAGRLGGELFF	FGEVFNATRF
CASSQEAGGANTEAFF	FGEVFNATRF
CASSLAGQYVQETQYF	FGEVFNATRF
CASSLDLAGPSYNEQFF	FGEVFNATRF
CASSYGSGKPSYNEQFF	FGEVFNATRF
CASSLSTGRSTDTQYF	FGEVFNATRF
CASSPSGGEISYNEQFF	FGEVFNATRF
CASTNGGGSQETQYF	FGEVFNATRF
CASSSWVAGGPYEQYF	FGEVFNATRF
CASSIGVWDSPLHF	FGEVFNATRF
CASSKEVTLTGGPRDYNEQFF	FGEVFNATRF
CASSPTTGGPGEQYF	FGEVFNATRF
CASLQGGTEAFF	FGEVFNATRF
CASSSGQGVTSGANVLTF	FGEVFNATRF
CASSQDLGYNEQFF	FGEVFNATRF
CASRDAGTHPYEQYF	FGEVFNATRF
CASSLDSGIVNEQFF	FGEVFNATRF
CSVEDYREYNEQFF	FGEVFNATRF
CASSYSSSPGGELFF	FGEVFNATRF
CASSDSYEQYF	FGEVFNATRF
CASSLSGQGFPYEQYF	FGEVFNATRF
CASSQDLQYYEQYF	FGEVFNATRF
CATSDPLGRTPQLAKNIQYF	FGEVFNATRF
CASSRGGGEQETQYF	FGEVFNATRF
