CDR3	AA
CASSASWPEQFF	VRFPNITNL
CAWRVEGQEITGELFF	VRFPNITNL
CASSLASNPLLDEQFF	VRFPNITNL
CASSLGPGNEQFF	VRFPNITNL
CASSQAGQGYEQYF	VRFPNITNL
CASSPRTGSPNEQYF	VRFPNITNL
CASSLIGQPQHF	VRFPNITNL
CASSPRTGSPYEQYV	VRFPNITNL
CASSSDRQLTNTEAFF	VRFPNITNL
CASSPKTGSPYEQYF	VRFPNITNL
CASSPQGHYEQYF	VRFPNITNL
CASSLDRGGYNEQFF	VRFPNITNL
CASSPSTGSPYEQYF	VRFPNITNL
CASTTIRGFQPQHF	VRFPNITNL
CASSPLRRTRGNTIYF	VRFPNITNL
CASSQDSGFQPQHF	VRFPNITNL
CASSPFRELLYEQYF	VRFPNITNL
CASSPGTGSPYEQYF	VRFPNITNL
CASSLGFGELFF	VRFPNITNL
CASSSDVYSYNEQFF	VRFPNITNL
CASSQDTQGFPYEQYF	VRFPNITNL
CASSPPSGAPYEQYF	VRFPNITNL
CASSLDGSSYNEQFF	VRFPNITNL
CASSLALGKIVAEAFF	VRFPNITNL
CASSTHEGPGANVLTF	VRFPNITNL
CASSLANTGVIGGETQYF	VRFPNITNL
CASSIGTVKGQNTEAFF	VRFPNITNL
CSVEDVTGLNTEAFF	VRFPNITNL
CASSIDRAGWNEQFF	VRFPNITNL
CASSSTREGELFF	VRFPNITNL
CASSPGTRPYNSPLHF	VRFPNITNL
CSVARGYEQYF	VRFPNITNL
CASSSHRVPYEQYF	VRFPNITNL
CASSVLAGEQNEQFF	VRFPNITNL
CASSPGTTYEQYF	VRFPNITNL
CASTPGGLTRPQYF	VRFPNITNL
CASSYDRATYNEQFF	VRFPNITNL
CASSLAVGGIYNEQFF	VRFPNITNL
CASSRYFDEQYF	VRFPNITNL
CASSFSDSGTEAFF	VRFPNITNL
CASSPPNGHPNTEAFF	VRFPNITNL
CASSYQWPGGTEAFF	VRFPNITNL
CASSADRGNTGELFF	VRFPNITNL
CASSPTSGSPHEQYF	VRFPNITNL
CASSLELPGQGSYEQYF	VRFPNITNL
CAISVQGAPYEQYF	VRFPNITNL
CASSPPTGSPYEQYF	VRFPNITNL
CASQRTSASSYNEQFF	VRFPNITNL
CASTYSVGSYNEQFF	VRFPNITNL
CASSPSTGSPYEQYF	VRFPNITNL
CASSPTTGSPYEQYF	VRFPNITNL
CASGPGAIPYNEQFF	VRFPNITNL
CASSQFSGSPMNEQFF	VRFPNITNL
CASSPATASPYEQYF	VRFPNITNL
CASRLGSRADTQYF	VRFPNITNL
CASSLGPGAEQYF	VRFPNITNL
CASSLAGTGLNEQFF	VRFPNITNL
CASSSEAGSYQPQHF	VRFPNITNL
CASSSGIPSYEQYF	VRFPNITNL
CASSLLDSNQPQHF	VRFPNITNL
CASSLEWGWTEAFF	VRFPNITNL
CATSELAGGSYNEQFF	VRFPNITNL
CASSPWDGYNEQFF	VRFPNITNL
CASSLAGYNEQFF	VRFPNITNL
CASSPPSGSPYEQYF	VRFPNITNL
CASTPGGEGSYNEQFF	VRFPNITNL
CASSIGDRALGGTDTQYF	VRFPNITNL
CASSLGLAFNTGELFF	VRFPNITNL
CASLGWENLYEQYF	VRFPNITNL
CASSASGATDTQYF	VRFPNITNL
CASSPPSGSPYEQYF	VRFPNITNL
CASSPPSGSPYEQYF	VRFPNITNL
CASSPPSGSPYEQYF	VRFPNITNL
CASSSLAENDYEQYF	VRFPNITNL
CASSPPGTGVQNTIYF	VRFPNITNL
CASSPPSGSPYEQYF	VRFPNITNL
CASSNGRQGWGHEQYF	VRFPNITNL
CASSLLGSRSSEAFF	VRFPNITNL
CATSGPGQGVYEQYF	VRFPNITNL
CASSVEAAYEQYF	VRFPNITNL
CASSQASGSPYEQYF	VRFPNITNL
CASSSLTGPTEAFF	VRFPNITNL
CASSLSSRGAYEQYV	VRFPNITNL
CASSQGVRGTGELFF	VRFPNITNL
CASSPGQDSYNEQFF	VRFPNITNL
CASSIDLFGGPGNQPQHF	VRFPNITNL
CASSYGSRSGETQYF	VRFPNITNL
CASTISIPGQGNSPLHF	VRFPNITNL
CASIGKPEWETQYF	VRFPNITNL
CASSPGTGSPYEQYF	VRFPNITNL
CASSFGTTYEQYF	VRFPNITNL
CASSLVQETQYF	VRFPNITNL
CASSLSAGRTFDSTDTQYF	VRFPNITNL
CASSAAGGTDTQYF	VRFPNITNL
CATSDWAGSGGYTF	VRFPNITNL
CASSYSSSSYNEQFF	VRFPNITNL
CASSLSDPNQPQHF	VRFPNITNL
CASSQFTGETQYF	VRFPNITNL
CASSQEMGAGRNSPLHF	VRFPNITNL
CAIQRSRDTGDTEAFF	VRFPNITNL
CASSQAGGSSPLHF	VRFPNITNL
CASSPDTVAYNEQFF	VRFPNITNL
CASSPTYEQYF	VRFPNITNL
CASSILAVSNTEAFF	VRFPNITNL
CAISDRLISGSTGELFF	VRFPNITNL
CASSLAPGTLLQYF	VRFPNITNL
CATTDWRYEQYF	VRFPNITNL
CASSPPTGSPYEQYF	VRFPNITNL
CASSLGYEQYF	VRFPNITNL
CASSQDWGGYNEQFF	VRFPNITNL
CASSFGPYQETQYF	VRFPNITNL
CASSPPTGGAYEQYF	VRFPNITNL
CASSYYLGDTQYF	VRFPNITNL
CSVEVSDRNNEKLFF	VRFPNITNL
CASQQYAYNEQFF	VRFPNITNL
CASSWSTSGSSSYEQYF	VRFPNITNL
CASSHWGTGELFF	VRFPNITNL
CASSRTSGTRLGHYNEQFF	VRFPNITNL
CASSLGGEATPGNPEAFF	VRFPNITNL
CASSQVSLPQETQYF	VRFPNITNL
CASRGGGLQETQYF	VRFPNITNL
CASSPGTIGETQYF	VRFPNITNL
CASRLLATNNEQFF	VRFPNITNL
CASSLQPATDTQYF	VRFPNITNL
CASSPTGPSYEQYF	VRFPNITNL
CASSSTGLGDEQYF	VRFPNITNL
CASSSQIGVTETQYF	VRFPNITNL
CASSLALPGQGHSPLHF	VRFPNITNL
CASSAGTGSPYEQYF	VRFPNITNL
CASSEVTSTEAFF	VRFPNITNL
CASSFSLPGLAIHEQFF	VRFPNITNL
CASSPPNPSDGYTF	VRFPNITNL
CASSQDSALQPQHF	VRFPNITNL
CASSPPGRGEQETQYF	VRFPNITNL
CASTLAGDFEQYF	VRFPNITNL
CASSLGETQYF	VRFPNITNL
CASSEDREQFF	VRFPNITNL
CASSPPSGAPYEQYF	VRFPNITNL
CASSPKTGTPYEQYF	VRFPNITNL
CASRGGGLYGYTF	VRFPNITNL
CSAVPGTSGIISSYEQYF	VRFPNITNL
CASSPGLAGVNTGELFF	VRFPNITNL
CASSVLDGNTGELFF	VRFPNITNL
CASRYGGSTDTQYF	VRFPNITNL
CASSLGEVNTEAFF	VRFPNITNL
CASSAGTAGYEQYF	VRFPNITNL
CASSSWPGLAGEGNEQFF	VRFPNITNL
CASSRDSLEAFF	VRFPNITNL
CASSLGGGGQDTQYF	VRFPNITNL
CASSPAGGSLETQYF	VRFPNITNL
CAVGDPGQSYEQYF	VRFPNITNL
CASSLGGQTEAFF	VRFPNITNL
CASSLRQPSNQPQHF	VRFPNITNL
CASSPPSGSPYEQYF	VRFPNITNL
CASSPGTVPTGELFF	VRFPNITNL
CASLNPRGGNTGELFF	VRFPNITNL
CASSPGTANTEAFF	VRFPNITNL
CASSLTADGSEQFF	VRFPNITNL
CASSQVGGTGELFF	VRFPNITNL
CASSPRQGMNTEAFF	VRFPNITNL
CASSQGVGGGGKNEQFF	VRFPNITNL
CASSSLAGAGEQYF	VRFPNITNL
CATSAPSAAGYGYTF	VRFPNITNL
CASSPRDGSPHEQYF	VRFPNITNL
CASSQEGDSNQPQHF	VRFPNITNL
CASSLRSTSGRASDTQYF	VRFPNITNL
CASSPAQLADLSYEQYF	VRFPNITNL
CASSPGTGVAYEQYF	VRFPNITNL
CASSLDRAGYNEQFF	VRFPNITNL
CASSGSGNSYEQYF	VRFPNITNL
CASSETQALLYGYTF	VRFPNITNL
CASSPSTGSPYEQYF	VRFPNITNL
CASSPGTQSSYNEQFF	VRFPNITNL
CASSQSWTGWPPNEQFF	VRFPNITNL
CASSLGPGTEAFF	VRFPNITNL
CSARDGTSAKSYEQYF	VRFPNITNL
CASSQGVESRGTQYF	VRFPNITNL
CASSPWGVSSGANVLTF	VRFPNITNL
CSVEDRRGTYYEQYF	VRFPNITNL
CASSLSGPNTEAFF	VRFPNITNL
CASNFILSGELFF	VRFPNITNL
CASSQVNPNEQFF	VRFPNITNL
CASSPVDGSPYEQYF	VRFPNITNL
CSVNGAREGSYEQYF	VRFPNITNL
CASSLDVGSYNEQFF	VRFPNITNL
CASTETGGAEAFF	VRFPNITNL
CASSLARPTTSGDQETQYF	VRFPNITNL
CASSLSSGVYEQYF	VRFPNITNL
CASSYGTANTGELFF	VRFPNITNL
CASSPTGGYNEQFF	VRFPNITNL
CASSSRELGSYEQYF	VRFPNITNL
CASSQEDRGEGYTF	VRFPNITNL
CASSLGQIANTGELFF	VRFPNITNL
CASSFLTDLQPQHF	VRFPNITNL
CASRPGAGGWNEQFF	VRFPNITNL
CASSVVAGGNEQFF	VRFPNITNL
CASSWDLNTEAFF	VRFPNITNL
CASSLTSGSVETQYF	VRFPNITNL
CASSPPSGSPYEQYF	VRFPNITNL
CSVVPRPGLAGGDTQYF	VRFPNITNL
CASGLVIPYEQYF	VRFPNITNL
CASSPLRAGVNDEQFF	VRFPNITNL
CASRISGIDEQYF	VRFPNITNL
CASSDLIGGGVTDTQYF	VRFPNITNL
CATTSLDSGELFF	VRFPNITNL
CASSFLLRSTNTGELFF	VRFPNITNL
CASSLLTSNTGELFF	VRFPNITNL
CASSLGPLGTAQHF	VRFPNITNL
CSVEQGPYEQYF	VRFPNITNL
CASSLMESGANVLTF	VRFPNITNL
CASSLLGPSYEQYF	VRFPNITNL
CASEGLRQGAGGTEAFF	VRFPNITNL
CASSSESYEQYF	VRFPNITNL
CASSEAGEQYF	VRFPNITNL
CASSPSTGSPYEQYF	VRFPNITNL
CATSGTKNTGELFF	VRFPNITNL
CASSFELAGRDTGELFF	VRFPNITNL
CAISDQGGGSYEQYF	VRFPNITNL
CASRAGTAASDNEQFF	VRFPNITNL
CASASGGAGRDGYTF	VRFPNITNL
CSAGGNTEAFF	VRFPNITNL
CASSSGHTYEQYF	VRFPNITNL
CASSREGTWNTEAFF	VRFPNITNL
CASSLSTQHQPQHF	VRFPNITNL
CAISDREGTEAFF	VRFPNITNL
CASRIKQGFTYEQYF	VRFPNITNL
CASSFRSSGYEQYF	VRFPNITNL
CASSPGTGGPYEQYF	VRFPNITNL
CASIGAGTTNNEQFF	VRFPNITNL
CASSRSGTYNTEAFF	VRFPNITNL
CASSLGQGPYNEQFF	VRFPNITNL
CASSRLAGVVADTQYF	VRFPNITNL
CASSELIEGYEQYF	VRFPNITNL
CASSPNGYEQYF	VRFPNITNL
CASSLAGEQQFF	VRFPNITNL
CASSPGGGGLFDEQFF	VRFPNITNL
CASSPPTGSPYEQYF	VRFPNITNL
CASSLAGTGLNSPLHF	VRFPNITNL
CASTRPGLAQHF	VRFPNITNL
CASSLFLGTEAFF	VRFPNITNL
CASSLDSLSYNEQFF	VRFPNITNL
CASSPWTSGYEQYF	VRFPNITNL
CASSLVGQAPTALFF	VRFPNITNL
CASSGGLAGAGGETQYF	VRFPNITNL
CASSLFGQGAYRIEAFF	VRFPNITNL
CASSLGLAGVNTGELFF	VRFPNITNL
CASSFGQMNTEAFF	VRFPNITNL
CASSSQDSLNTGELFF	VRFPNITNL
CASTRTGRLGNEQFF	VRFPNITNL
CASSSPSHGNTEAFF	VRFPNITNL
CASSSHRAPDTQYF	VRFPNITNL
CASYPTGTGFFGYYGYTF	VRFPNITNL
CASSLEGASSYEQYV	VRFPNITNL
CAWRHRLAGNNEQFF	VRFPNITNL
CASSLLGWREAHNEQFF	VRFPNITNL
CASRPPLKDREDTGELFF	VRFPNITNL
CSVLGEAHIETQYF	VRFPNITNL
CASSLGGGNYEQFF	VRFPNITNL
CASSLRTGKDEQFF	VRFPNITNL
CASSQARQGFPNEQFF	VRFPNITNL
CASSQSRDSYEQYF	VRFPNITNL
CASSIPGDIYQPQHF	VRFPNITNL
CASSQDLGQGLAHGYTF	VRFPNITNL
CASSPAYRVSYNEQFF	VRFPNITNL
CASSFRTGPVTDTQYF	VRFPNITNL
CASSQDRANLSPLHF	VRFPNITNL
CASSEYRGVTGELFF	VRFPNITNL
CASTNRGPETQYF	VRFPNITNL
CASSLQGNPSYEQYF	VRFPNITNL
CASTIGGTSYEQYF	VRFPNITNL
CASSPRTGSPYEQYF	VRFPNITNL
CASSDEDRGSGYTF	VRFPNITNL
CASASPYQGGETQYF	VRFPNITNL
CAQGLGTEAFF	VRFPNITNL
CASSPTTSGENEQFF	VRFPNITNL
CASSLAGVASNEQFF	VRFPNITNL
CASSSPGHHYEQYF	VRFPNITNL
CASSPGAIPYNEQFF	VRFPNITNL
CAISDLSGSRPSYNEQFF	VRFPNITNL
CASSYILPNQPQHF	VRFPNITNL
CASSLFSGGVEKLFF	VRFPNITNL
CASSPGTLEQYF	VRFPNITNL
CATSEPPGQGDLKNIQYF	VRFPNITNL
CASNMGQENTEAFF	VRFPNITNL
CASSQERTLYSPLHF	VRFPNITNL
CASSPPGGSYEQYF	VRFPNITNL
CASSLDGVLDNYNSPLHF	VRFPNITNL
CASSFLTQSRTGELFF	VRFPNITNL
CASSPTSGSPYEQYF	VRFPNITNL
CASSGDPYYNEQFF	VRFPNITNL
CASSSPSTFEGDTQYF	VRFPNITNL
CASSFVGQDYEQYF	VRFPNITNL
CASSPHLAYNEQFF	VRFPNITNL
CASSLDGGIKTQYF	VRFPNITNL
CASSLAGTSGGYNEQFF	VRFPNITNL
CASSQGEAFF	VRFPNITNL
CASSQYASTDTQYF	VRFPNITNL
CASSPLGAPNTGELFF	VRFPNITNL
CASSPPSGTPYEQYF	VRFPNITNL
CASSPGAVPHNEQFF	VRFPNITNL
CASSSDTSSYNEQFF	VRFPNITNL
CASSFRVHRRRAEAFF	VRFPNITNL
CASSHRQGAYTGELFF	VRFPNITNL
CASSLGRDYITDTQYF	VRFPNITNL
CASSLGWVGRVGETQYF	VRFPNITNL
CASSQDRPRQAGQNEQFF	VRFPNITNL
CASSQETDSNQPQHF	VRFPNITNL
CASSPRSGSPYEQYF	VRFPNITNL
CASSPRTGGDQETQYF	VRFPNITNL
CASSLGVATNEKLFF	VRFPNITNL
CASRGLERTVSGNTIYF	VRFPNITNL
CASSFTGSNQPQHF	VRFPNITNL
CASSYYTGETQYF	VRFPNITNL
CASSYQWGQVLAGEQFF	VRFPNITNL
CSVEGFRGDGYTF	VRFPNITNL
CASSLDSGSYNEQFF	VRFPNITNL
CASSFGVEQFF	VRFPNITNL
CASSLEGLAGGHTDTQYF	VRFPNITNL
CASSSTGVEQYF	VRFPNITNL
CATSPGVTEFTYTDTQYF	VRFPNITNL
CASSPGTGSPYEQYF	VRFPNITNL
CASTPLAWLAGPDTQYF	VRFPNITNL
CASSFADSPSQETQYF	VRFPNITNL
CASSELGNSNQPQHF	VRFPNITNL
CASSFEVQGMNTEAFF	VRFPNITNL
CASSLTPGTGNFNEQFF	VRFPNITNL
CASSLDTSSYNEQFF	VRFPNITNL
CASSFRTGYGYTF	VRFPNITNL
CSAREVHTEAFF	VRFPNITNL
CASSYSHTDVYNSPLHF	VRFPNITNL
CASSLWAGDGGGEQFF	VRFPNITNL
CASTFDRGTYNEQFF	VRFPNITNL
CASSMDRGGYNEQFF	VRFPNITNL
CSARDIETGVLNGYTF	VRFPNITNL
CASSQGGGNRVKNIQYF	VRFPNITNL
CASSLELLGQGSVKLFF	VRFPNITNL
CATGHHSYEQYF	VRFPNITNL
CASSVGQGWNNEQFF	VRFPNITNL
CASSLDRSSYNEQFF	VRFPNITNL
CSAGTGDYEQYF	VRFPNITNL
CASSPPSGNEQFF	VRFPNITNL
CASSLDLGQPQHF	VRFPNITNL
CASSLTGVPSSTDTQYF	VRFPNITNL
CASSESGGPSYEQYF	VRFPNITNL
CASSGLLGQDRFATNEKLFF	VRFPNITNL
CASSPIRQGGYEQYF	VRFPNITNL
CASSEGAQPFYNEQFF	VRFPNITNL
CASSPSSGSPYEQYF	VRFPNITNL
CASSYSNQPQHF	VRFPNITNL
CATSRDWGVVYGYTF	VRFPNITNL
CASSAGGPWNEQFF	VRFPNITNL
CASSPTSGSPYEQYF	VRFPNITNL
CASSSWLAGSYNEQFF	VRFPNITNL
CASRLTSDVYNEQFF	VRFPNITNL
CASSLSPGNEQFF	VRFPNITNL
CASSSSGTTETQYF	VRFPNITNL
CASTRTGEIYEQYF	VRFPNITNL
CASSPPGQSYEQYF	VRFPNITNL
CASSPTTGSPYEQYF	VRFPNITNL
CASSETQGYTYEQYF	VRFPNITNL
CASRPGTGASGQPQHF	VRFPNITNL
CASKDRGFYEQYF	VRFPNITNL
CASSLGVATNEKLFF	VRFPNITNL
CSVAQGGYEQYF	VRFPNITNL
CASSATSGSPYEQYF	VRFPNITNL
CASRLRDPWETQYF	VRFPNITNL
CASSLSGSGGTEAFF	VRFPNITNL
CAISVGLAGVTSQETQYF	VRFPNITNL
CASSLTVSYNEQFF	VRFPNITNL
CASSQGLETSGTDTQYF	VRFPNITNL
CASSFRLAGGVESYEQYF	VRFPNITNL
CASSPASGSPYEQYF	VRFPNITNL
CASSSPTESSYNEQFF	VRFPNITNL
CASSFYTSSTNEKLFF	VRFPNITNL
CASSLASRSQETQYF	VRFPNITNL
CASSRTTISGMGEQYF	VRFPNITNL
CASSLAGTMNTEAFF	VRFPNITNL
CASSSAGTGAETQYF	VRFPNITNL
CASSLSYEQYF	VRFPNITNL
CSVEETGNGGSEKLFF	VRFPNITNL
CASSFRDRVIGFDQPQHF	VRFPNITNL
CASSGLADSYEQYF	VRFPNITNL
CASSQQGTHSTDTQYF	VRFPNITNL
CASSPGTGAPYEQYF	VRFPNITNL
CATLPRGYGNTEAFF	VRFPNITNL
CASSGGGEQYF	VRFPNITNL
CASSLMGEEQYF	VRFPNITNL
CASSLNPGHTEAFF	VRFPNITNL
CASSSGRWGDEQFF	VRFPNITNL
CASSPSSGSPHEQYF	VRFPNITNL
CASSQYGGNTIYF	VRFPNITNL
CASSPNGHEQYF	VRFPNITNL
CASSQVGTDRTFYGYTF	VRFPNITNL
CATLGKLTQETQYF	VRFPNITNL
CASSPTTGSPYEQYF	VRFPNITNL
CSARDNPGHPYEQYF	VRFPNITNL
CASSLAGGLYEQYF	VRFPNITNL
CSVEVAESTGELFF	VRFPNITNL
CATRETGHYEQYF	VRFPNITNL
CASTSGGFTGELFF	VRFPNITNL
CASSSLAGTNTGELFF	VRFPNITNL
CASSHGGGYGNQPQHF	VRFPNITNL
CASSPATGSPYEQYF	VRFPNITNL
CASSPPSGSPYEQYF	VRFPNITNL
CASSFQRPGPNNSPLHF	VRFPNITNL
CASTPLAGGYEQYF	VRFPNITNL
CASSEEPSGYNEQFF	VRFPNITNL
CASSLGGPYEQYF	VRFPNITNL
CASSPGTIPYNEQFF	VRFPNITNL
CASSPDISGAKNIQYF	VRFPNITNL
CASSDWVLASNQPQHF	VRFPNITNL
CASSPTSGSPYEQYF	VRFPNITNL
CASSLDRVETQYF	VRFPNITNL
CASSEVASGYNEQFF	VRFPNITNL
CASSPPTGAPYEQYF	VRFPNITNL
CASSLSDRPGANVLTF	VRFPNITNL
CAGKSSYNEQFF	VRFPNITNL
CASSLGLESTDTQYF	VRFPNITNL
CASSYSGGVLSYEQYF	VRFPNITNL
CSVLALISGRQLAEQYF	VRFPNITNL
CASSPPTGSPYEQYF	VRFPNITNL
CASRPGALNNEQFF	VRFPNITNL
CASSPGTNQETQYF	VRFPNITNL
CASSLGSGELFF	VRFPNITNL
CATSRGLAVSDEQFF	VRFPNITNL
CASSLGWLAGGPRGPSTDTQYF	VRFPNITNL
CASSPWTSGGAETQYF	VRFPNITNL
CASTLRMRGPPYEQYF	VRFPNITNL
CASSSGLAGVNTGELFF	VRFPNITNL
CASSTESYEQYF	VRFPNITNL
CASSLGITGNTEAFF	VRFPNITNL
CASSLFSGSPHEQYF	VRFPNITNL
CATWAPGGNEQFF	VRFPNITNL
CASSHGTYEQYF	VRFPNITNL
CASSPPTGSPYEQYF	VRFPNITNL
CASSQDTSSYNEQFF	VRFPNITNL
CASSRVFSGSYEQYF	VRFPNITNL
CASSREGDGQNF	VRFPNITNL
CASSPPSGSPYEQYF	VRFPNITNL
CASSFLEGAEQYF	VRFPNITNL
CASSQSSEFDTQYF	VRFPNITNL
CSVEVRYGEAREKLFF	VRFPNITNL
CASSPVDGSPYEQYF	VRFPNITNL
CASSHTSGTSGGEQFF	VRFPNITNL
CASSQTGRAGQGFFSGYTF	VRFPNITNL
CASSPVSGSPYEQYF	VRFPNITNL
CASSYVGGVVGGELFF	VRFPNITNL
CAWSVAREYSNQPQHF	VRFPNITNL
CASSQVAGQGNTEAFF	VRFPNITNL
CASSWTVGSYEQYF	VRFPNITNL
CASSWTSGNTGELFF	VRFPNITNL
CASSLTGNSLDTQYF	VRFPNITNL
CASSNGGGAGNSPLHF	VRFPNITNL
CASSPGTIPYNEQFF	VRFPNITNL
CASSPSPPGGGSYEQYF	VRFPNITNL
CASSLNYEGAGLFF	VRFPNITNL
CASSPYREGPYEQYF	VRFPNITNL
CASSLGLAGENTGELFF	VRFPNITNL
CASSFASLRKTAGNTIYF	VRFPNITNL
CASSPLDPLSYGYTF	VRFPNITNL
CASSLGFRGANNEQFF	VRFPNITNL
CASSLAIGGSGELFF	VRFPNITNL
CASSLVPDSYEQYF	VRFPNITNL
CASSEGSTEAFF	VRFPNITNL
CASSPSTGSPYEQYF	VRFPNITNL
CASSQFQTGGGHYEQYF	VRFPNITNL
CSAGTGDYEQYF	VRFPNITNL
CASSYLGTGAPYEQYF	VRFPNITNL
CASSLYWTGGQETQYF	VRFPNITNL
CASSLDVSSYNEQFF	VRFPNITNL
CANLLTRRYSNQPQHF	VRFPNITNL
CASSQEPSSYNEQFF	VRFPNITNL
CASLVGLVSYNEQFF	VRFPNITNL
CASSLASTSGLGYEQYF	VRFPNITNL
CASSPSTAELFF	VRFPNITNL
CASSQETDSNQPQHF	VRFPNITNL
CASSLVYPRDTTNTEAFF	VRFPNITNL
CASSEGTTGVKYF	VRFPNITNL
CASTVGLAGVNTGELFF	VRFPNITNL
CASSPRDGSPYEQYF	VRFPNITNL
CASSASSGSPYEQYF	VRFPNITNL
CASSLGANEQYF	VRFPNITNL
CASNAGTSGGNEQFF	VRFPNITNL
CASSQMGNSNQPQHF	VRFPNITNL
CASSKGLAGLNTGELFF	VRFPNITNL
CASSAGTGSNEQFF	VRFPNITNL
CASSYGAYPTEAFF	VRFPNITNL
CASSEADSYSPLHF	VRFPNITNL
CATTAAYEQYF	VRFPNITNL
CASSLFQGAGYGYTF	VRFPNITNL
CASSMAANTEAFF	VRFPNITNL
CASSLERESDYNEQFF	VRFPNITNL
CASRDTEAFF	VRFPNITNL
CASSIDRGTINEQFF	VRFPNITNL
CASSPFPGQGGETQYF	VRFPNITNL
CASSLDGTPNTEAFF	VRFPNITNL
CASTSDRGSYNEQFF	VRFPNITNL
CASSFGTSGGEQYF	VRFPNITNL
CASSPDTISYNEQFF	VRFPNITNL
CSVEDGANTQYF	VRFPNITNL
CASSQSPGWEQYF	VRFPNITNL
CASSQDRALAGVTDEQFF	VRFPNITNL
CASSLGFEQYF	VRFPNITNL
CASSRDTSSYNEQFF	VRFPNITNL
CASSSRAGTGPYNEQFF	VRFPNITNL
CATSGVRDGWDTQYF	VRFPNITNL
CASSEGFHNEQFF	VRFPNITNL
CASSLIPWEGAAEAFF	VRFPNITNL
CASSLEGQEITGELFF	VRFPNITNL
CASSPRVPSGVSYEQYF	VRFPNITNL
CASSPPSGSPYEQYF	VRFPNITNL
CASSSPLAGLYNEQFF	VRFPNITNL
CASSGTDSGNTIYF	VRFPNITNL
CASSQLADALSYEQYF	VRFPNITNL
CASVLNWPGNTIYF	VRFPNITNL
CASSFQLLRGSGTSGVTDTGELFF	VRFPNITNL
CASSSPEGRNTGELFF	VRFPNITNL
PRVDSYEQYF	VRFPNITNL
CASSARYGRGEQYF	VRFPNITNL
CASSAGTLPANEQFF	VRFPNITNL
CASSCPREGYNEQFF	VRFPNITNL
CASSRQLAGVEGDTQYF	VRFPNITNL
CSARGVKDEQYF	VRFPNITNL
CASSFWLASTSKYNEQFF	VRFPNITNL
CASSPGGREFDEQFF	VRFPNITNL
CASSLASRAGDTQYF	VRFPNITNL
CASSPPSGSPYEQYF	VRFPNITNL
CASSSTGSGEGAFF	VRFPNITNL
CASSLGTSVETQYF	VRFPNITNL
CASSLDASPYNEQFF	VRFPNITNL
CASSPGTSGVSSYNEQFF	VRFPNITNL
CASSSDTSSYNEQFF	VRFPNITNL
CASSLGLAGVNTGELFF	VRFPNITNL
CASSDIGGRGNTIYF	VRFPNITNL
CASRYSRSHMADTQYF	VRFPNITNL
CASSEGILGNSPLHF	VRFPNITNL
CASSRFGLWDDTEAFF	VRFPNITNL
CASSFSDSFLAKNIQYF	VRFPNITNL
CASSLTGPPSWYF	VRFPNITNL
CASTEAGGSSSTYEQYF	VRFPNITNL
CASSLASVTYNEQFF	VRFPNITNL
CASSLEAEMNYEQYF	VRFPNITNL
CASSPPGESNQPQHF	VRFPNITNL
CASSTLVVPYEQYF	VRFPNITNL
CASSFGTLREVYEQYF	VRFPNITNL
CASSPASGSPYEQYF	VRFPNITNL
CASSPGTVPYNSPLHF	VRFPNITNL
PLVQYF	VRFPNITNL
CAISGSTGDPYEQYF	VRFPNITNL
CASSLDAASYNEQFF	VRFPNITNL
CASSYPTMEPYNEQFF	VRFPNITNL
CASLAGSNTGELFF	VRFPNITNL
CASSPTSGSPYEQYF	VRFPNITNL
CASSPPTGSPHEQYF	VRFPNITNL
CASRIPGTSFYEQYF	VRFPNITNL
CASSLWASGTDTQYF	VRFPNITNL
CASSLDSNEQFF	VRFPNITNL
CASSLDWGVAKNIQYF	VRFPNITNL
CASSSGARVYEQYF	VRFPNITNL
CASRPTSAGFNTQYF	VRFPNITNL
CATLGHTYEQYF	VRFPNITNL
CASSPPSGSPYEQYF	VRFPNITNL
CASSPETGGPYEQYF	VRFPNITNL
CASSIGVWASGSIDTQYF	VRFPNITNL
CASSLIEGTEAFF	VRFPNITNL
CASSFNLPGASLTEAFF	VRFPNITNL
CASSQVGGTGELFF	VRFPNITNL
CASSPSTGSPYEQYF	VRFPNITNL
CASSETGGAKETQYF	VRFPNITNL
CASSLPAGDPYEQYF	VRFPNITNL
CASSPASGSPYEQYF	VRFPNITNL
CSAVGPGELFF	VRFPNITNL
CASSSTGTSGTTDTQYF	VRFPNITNL
CAISVSGAGEETQYF	VRFPNITNL
CASRTGPGQDTEAFF	VRFPNITNL
CASSQDLETTYQPQHF	VRFPNITNL
CASTLDRAGYNEQFF	VRFPNITNL
CASSKTTGIDGELFF	VRFPNITNL
CASSMTGTNEQFF	VRFPNITNL
CASSRGERAHEQYF	VRFPNITNL
CASSYSYEQYF	VRFPNITNL
CASSFSGESSYNSPLHF	VRFPNITNL
CASSLLAAKEQYF	VRFPNITNL
CSVEQARPHNEQFF	VRFPNITNL
CASGEGYEQYF	VRFPNITNL
CASSPPGTGIEQYF	VRFPNITNL
CASSPSNGSPYEQYF	VRFPNITNL
CASSMGDEQYF	VRFPNITNL
CASSAPRVAPYNEQFF	VRFPNITNL
CASSYWTGSETQYF	VRFPNITNL
CASSLGEGTEAFF	VRFPNITNL
CASSGGPYEQYF	VRFPNITNL
CASSWASYGTTNEKLFF	VRFPNITNL
CASSPGTLGETQYF	VRFPNITNL
CSVVGGRGVVSDTQYF	VRFPNITNL
CASSWDSSGGSYNEQFF	VRFPNITNL
CASSLDGVRTYEQYF	VRFPNITNL
CASSYVENTEAFF	VRFPNITNL
CASSQTGGWTEAFF	VRFPNITNL
CASSLDSSSTDTQYF	VRFPNITNL
CASSPTGGSFTEAFF	VRFPNITNL
CASSPNTGSPYEQYF	VRFPNITNL
CASSLGWGNTEAFF	VRFPNITNL
CASSYSRLATSDFYNEQFF	VRFPNITNL
CASSFHREAYEQYF	VRFPNITNL
CASSVGLAGVTSSYEQYF	VRFPNITNL
CASSPREAGGNEQFF	VRFPNITNL
CASTAGLAGVNTGELFF	VRFPNITNL
CASSEYGTDYSNQPQHF	VRFPNITNL
CASSLGAVPGANVLTF	VRFPNITNL
CASSPGLAGENTGELFF	VRFPNITNL
CASSEADYTDTQYF	VRFPNITNL
CSARDVVRGEAFF	VRFPNITNL
CASSPSTGAPYEQYF	VRFPNITNL
CASSASGTASSTDTQYF	VRFPNITNL
CAIPGQNVYEQYF	VRFPNITNL
CSGSSKPGLGTDTQYF	VRFPNITNL
CASSQAGGGTDTQYF	VRFPNITNL
CASRGEALNQPQHF	VRFPNITNL
CASSPGTQGLYEQYF	VRFPNITNL
CASSPLGDNEQFF	VRFPNITNL
CASSPGGTYEQYF	VRFPNITNL
CSVVTTSYEQYF	VRFPNITNL
CASSLVRPSGFPANEQFF	VRFPNITNL
CASSLITGQDEKLFF	VRFPNITNL
CASSADTLSYNEQFF	VRFPNITNL
CASSYPQGYEQYF	VRFPNITNL
CASSVEGSAYNEQFF	VRFPNITNL
CASSSANNNEQFF	VRFPNITNL
CASSPPDGSPYEQYF	VRFPNITNL
CASSLGWQGETQYF	VRFPNITNL
CASSLSLQLEPLHF	VRFPNITNL
CASSLGSDTQYF	VRFPNITNL
