CDR3	AA
CASSVGITSYNEQFF	NYIAQVDVV
CASSPRQGVNTGELFF	NYIAQVDVV
CASSLGTGAGTEAFF	NYIAQVDVV
CASSSGPQETQYF	NYIAQVDVV
CASSGPGGLQETQYF	NYIAQVDVV
CASSLGTSGSIEQYF	NYIAQVDVV
CASAIGRGYNEQFF	NYIAQVDVV
CASIGLAGGNEQFF	NYIAQVDVV
CASSAGGYEQYF	NYIAQVDVV
CASSLLAEETQYF	NYIAQVDVV
CASSLLTNEQFF	NYIAQVDVV
CASSYVGQTQPQHF	NYIAQVDVV
CASSASGYTDTQYF	NYIAQVDVV
CASSLGTGSVEQYF	NYIAQVDVV
CASSGRGNTGELFF	NYIAQVDVV
CASSVGLASYNEQFF	NYIAQVDVV
CASSLPGTLTDTQYF	NYIAQVDVV
CASSPELAGSYNEQFF	NYIAQVDVV
CASSLGTGGWNEQFF	NYIAQVDVV
CASSKRDSQETQYF	NYIAQVDVV
CASRGRGSYEQYF	NYIAQVDVV
