CDR3	AA
CSVEGTSEGDVWDEQYF	LEPLVDLPI
CASSQVLSGSVYNSPLHF	LEPLVDLPI
CASRNRMALSYAYNEQFF	LEPLVDLPI
CASSISRGGNEQFF	LEPLVDLPI
CASSQVTTYEQYF	LEPLVDLPI
CATSAWDRGLYEQYF	LEPLVDLPI
CASSLNFGTDTQYF	LEPLVDLPI
CASSQGLGPTGELFF	LEPLVDLPI
CASRYGTDYGYTF	LEPLVDLPI
CASSSTPGLAGGNEQFF	LEPLVDLPI
CASSPDRIFQETQYF	LEPLVDLPI
CASSLGGLGQPQHF	LEPLVDLPI
CASSPNPGTGGYEQYF	LEPLVDLPI
CASSVFTGGVYEQYF	LEPLVDLPI
CASSSVGQNLFLTYEQYF	LEPLVDLPI
CASSQAFPGQYNSPLHF	LEPLVDLPI
CASSPIFSSYNEQFF	LEPLVDLPI
CASSSPRAGVLSYNEQFF	LEPLVDLPI
CASSWGTEAFF	LEPLVDLPI
CASSPGTSGTGELFF	LEPLVDLPI
CASSLGTGGTEAFF	LEPLVDLPI
CASSPGTAVLLGTDTQYF	LEPLVDLPI
CASSPGQNYEQYF	LEPLVDLPI
CASSQEPAHSYNEQFF	LEPLVDLPI
CASSLGTANTEAFF	LEPLVDLPI
CASSSSRSVVAGTGELFF	LEPLVDLPI
CASSPTPMMETQYF	LEPLVDLPI
CASSPGPTANTEAFF	LEPLVDLPI
CASSLLTNQPQHF	LEPLVDLPI
CASSQVGLGGAYTGELFF	LEPLVDLPI
CASSLAESIRGTDTQYF	LEPLVDLPI
CASSQVSGANVLTF	LEPLVDLPI
CASSRLAGGPGEQFF	LEPLVDLPI
CASSFPSYNEQFF	LEPLVDLPI
CSVAGLAETGILKSEQYF	LEPLVDLPI
CASNRGGGVPGELFF	LEPLVDLPI
CASSLAGDYEQYF	LEPLVDLPI
CSQNRGDEAFF	LEPLVDLPI
CASRAAGLAHNEQFF	LEPLVDLPI
CASSETPAGGNFYNEQFF	LEPLVDLPI
CSVEGHGLAGVISYNEQFF	LEPLVDLPI
CASSQDHGGLTDTQYF	LEPLVDLPI
CATSENEGRVLLGTGELFF	LEPLVDLPI
CASSLGASGSYEQYF	LEPLVDLPI
CASSLDRATPSSGANVLTF	LEPLVDLPI
CASSAAYNEQFF	LEPLVDLPI
CASSVRGGSYNEQFF	LEPLVDLPI
CASSFPTGKGYTF	LEPLVDLPI
CASSQDPLSGYIVAGQETQYF	LEPLVDLPI
CASKPGGFYEQYF	LEPLVDLPI
CASSSLGGNQPQHF	LEPLVDLPI
CASSQVGLANTGELFF	LEPLVDLPI
CATSSVSRANTGELFF	LEPLVDLPI
CASSATSGAYNEQFF	LEPLVDLPI
CAISELPGQGFSYEQYF	LEPLVDLPI
CASSLAAGEVPEAFF	LEPLVDLPI
CASSQDKGYYEQYF	LEPLVDLPI
CASSLSASEYPYPGNEQFF	LEPLVDLPI
CASSQVDSSSYEQYF	LEPLVDLPI
CASSVGLAGSSYNEQFF	LEPLVDLPI
CASSLGGQRTEAFF	LEPLVDLPI
CASSEFPSNYNEQFF	LEPLVDLPI
CAISLLAGIAHEQYF	LEPLVDLPI
CASSQVLGQFYEQYF	LEPLVDLPI
CASSLLGQETQYF	LEPLVDLPI
CASSLLGTSGALTYNEQFF	LEPLVDLPI
CSALPPGAVSSYNEQFF	LEPLVDLPI
CASSQLKWGQYLNYGYTF	LEPLVDLPI
CASSPRAGGYNEQFF	LEPLVDLPI
CASSQGRDPSYEQYF	LEPLVDLPI
CASSREFSDPNYGYTF	LEPLVDLPI
CASSQESRDRQFF	LEPLVDLPI
CASSLLGRDTQYF	LEPLVDLPI
CAINEGLNQPQHF	LEPLVDLPI
CATSTNRQSILLGETQYF	LEPLVDLPI
CASSPNRWTEAFF	LEPLVDLPI
CASSQVAGGSYEQYF	LEPLVDLPI
CASSHLRDTQYF	LEPLVDLPI
CASWGSGTEILYNSPLHF	LEPLVDLPI
CASSSLTVDGRRYNEQFF	LEPLVDLPI
CASSQGRQFHEQYF	LEPLVDLPI
CASGGQGSNEQFF	LEPLVDLPI
CASSQVSGYNEQFF	LEPLVDLPI
CASGPDALVSGANVLTF	LEPLVDLPI
CASSLGSYEQYF	LEPLVDLPI
CATSIPGTGNTEAFF	LEPLVDLPI
CASSRTDDYNYEQYF	LEPLVDLPI
CASSPLANGGGGIEQYF	LEPLVDLPI
CASSNVGVGGGYSYEQYF	LEPLVDLPI
CASSHLTSGAGQETQYF	LEPLVDLPI
CASSVDGGAGLSSYNSPLHF	LEPLVDLPI
CASSFNQPRGQGSIQYF	LEPLVDLPI
CASSVSSTYGYTF	LEPLVDLPI
CASSESTGWTGGAEAFF	LEPLVDLPI
CASSLLGIGQPQHF	LEPLVDLPI
CASSKEVLVRGSGEQYF	LEPLVDLPI
CASSSTWQDEQYF	LEPLVDLPI
CASSLARDGLVNYEQYF	LEPLVDLPI
CSAREASGMIGEQYF	LEPLVDLPI
CASSTYRGGNQETQYF	LEPLVDLPI
CASSEYRGVNNEQFF	LEPLVDLPI
CSVSDGIYNEKLFF	LEPLVDLPI
CSVEGDRVRSTDTQYF	LEPLVDLPI
CSVEFGIIGGYTF	LEPLVDLPI
CASSYFGGPYEQYF	LEPLVDLPI
CASSLAGTGGPGELFF	LEPLVDLPI
CASSLGRGNTEAFF	LEPLVDLPI
CASSPLGQGWNTEAFF	LEPLVDLPI
CASSQVYSSGVLSYEQYF	LEPLVDLPI
CASSVSGGVNEQYF	LEPLVDLPI
CASSPGQEILLNTGELFF	LEPLVDLPI
CASSQGRDSSYEQYF	LEPLVDLPI
CSARSPGYNEQFF	LEPLVDLPI
CASSQDIGYYGYTF	LEPLVDLPI
CASSPLGNQPQHF	LEPLVDLPI
CASSFQDGTAPYEQYF	LEPLVDLPI
CASSLDSRVGNQPQHF	LEPLVDLPI
CASSRTASWHEKLFF	LEPLVDLPI
CASSLDSPLWGDEKLFF	LEPLVDLPI
CASSSGPDQPQHF	LEPLVDLPI
CASSSFDREPDKAFF	LEPLVDLPI
CSVEDGLAGGQETQYF	LEPLVDLPI
CASSLVGFYERYF	LEPLVDLPI
CASSQGAILNYEQYF	LEPLVDLPI
CASSTSGRANTGELFF	LEPLVDLPI
CASRYGSTEAFF	LEPLVDLPI
CASSGPGLSNYEQYF	LEPLVDLPI
CASSTSSGQILLGTGELFF	LEPLVDLPI
CATSGTGTSILLSTDTQYF	LEPLVDLPI
CASSLTSVLQETQYF	LEPLVDLPI
CAVRDRGSNTEAFF	LEPLVDLPI
CASSQDPGLAGGTYTGELFF	LEPLVDLPI
CASSFNAGFNEQFF	LEPLVDLPI
CASWDYTEAFF	LEPLVDLPI
CASSLGYFADSAQETQYF	LEPLVDLPI
CASSQEGTGIYGYTF	LEPLVDLPI
CASTHTQRLAGAETQYF	LEPLVDLPI
CASSVAGSQEQFF	LEPLVDLPI
CASSPGLAGGGTYNEQFF	LEPLVDLPI
CASSVTSGAYEQYF	LEPLVDLPI
CASSVLQQLYGYTF	LEPLVDLPI
CASRMGGTVYGYTF	LEPLVDLPI
CASSVSPGFTEQYF	LEPLVDLPI
CASSPGGQSGGYTF	LEPLVDLPI
CASSVASGSFSEQYF	LEPLVDLPI
CASRSLASSSYEQYF	LEPLVDLPI
CASSQDREQFF	LEPLVDLPI
CASSEEPRSSYNSPLHF	LEPLVDLPI
CASSLPTGGEQYF	LEPLVDLPI
CASSPVTGFIGYEQYF	LEPLVDLPI
CASSPSTGTGELFF	LEPLVDLPI
CSARDKTSGRGLDIQYF	LEPLVDLPI
CASSPYNLGQNTEAFF	LEPLVDLPI
CASSQGGRGSSYNEQFF	LEPLVDLPI
CSVEGDRGTSGRYWNEQFF	LEPLVDLPI
CASSVALTSTDTQYF	LEPLVDLPI
CATTPGPTIYNEQFF	LEPLVDLPI
CASSSLSDRVSTTFNEQFF	LEPLVDLPI
CASSPGLRGNQPQHF	LEPLVDLPI
CASSHLSGGTYEQYF	LEPLVDLPI
CASRTLSSTDTQYF	LEPLVDLPI
CASSLSVLTGELFF	LEPLVDLPI
CASSPGTGYEQYF	LEPLVDLPI
CASSQVATDTQYF	LEPLVDLPI
CSARVPGQAILWGNQPQHF	LEPLVDLPI
CSARDGDHSSYEQYF	LEPLVDLPI
CSARDWTPSNQPQHF	LEPLVDLPI
CASSLGLDSYNEQFF	LEPLVDLPI
CASSQGQGLYEQYF	LEPLVDLPI
CASSQVQGPQYEQYF	LEPLVDLPI
CASSLRSVAGGPNEQFF	LEPLVDLPI
CASSSGSWSPLHF	LEPLVDLPI
CASSSLSPIWGDTGELFF	LEPLVDLPI
CASTPDTDEQYF	LEPLVDLPI
CSGEGTSGGDFVEDEQFF	LEPLVDLPI
CASSLGRGTEAFF	LEPLVDLPI
CASSLGSYEQYF	LEPLVDLPI
CASSQGGSVYEQYF	LEPLVDLPI
CASSQVWDTQREQYF	LEPLVDLPI
CSAPGTSGVLYQETQYF	LEPLVDLPI
CASSLVDGDNSYEQYF	LEPLVDLPI
CASKLPGYQETQYF	LEPLVDLPI
CASSQESGYQLAGAYNEQFF	LEPLVDLPI
CASSHLAGAYEQYF	LEPLVDLPI
CASSLPAILLGGSNQPQHF	LEPLVDLPI
CASSQWAGGTSYNEQFF	LEPLVDLPI
CASSRSTARIGKVTLDTEAFF	LEPLVDLPI
CASAGLFSYEQYF	LEPLVDLPI
CASSLLAGAASYEQYF	LEPLVDLPI
CASSLRTGEANYGYTF	LEPLVDLPI
CSVEGLAPSSYNEQFF	LEPLVDLPI
CASSPGLAGGTYEQYF	LEPLVDLPI
CATSRGGRESSYEQYF	LEPLVDLPI
CASSEYRGVNNEQFF	LEPLVDLPI
CASSFLAGGSYNEQFF	LEPLVDLPI
CASSPGLGPTGELFF	LEPLVDLPI
CASTSYRQGLDYGYTF	LEPLVDLPI
CSARDRGRGDYGYTF	LEPLVDLPI
CASSLGPGGSPYEQYF	LEPLVDLPI
CASSLAIQAIAGGPNNEQFF	LEPLVDLPI
CASSLTSGGLSTDTQYF	LEPLVDLPI
CASGRPSTGYTF	LEPLVDLPI
CASSVADRPSYNEQFF	LEPLVDLPI
CASSAYSDGYNEQFF	LEPLVDLPI
CASSQDFGSPFNEQFF	LEPLVDLPI
CASTPFGQGLANYGYTF	LEPLVDLPI
CASRPFTGGAINEQYF	LEPLVDLPI
CASSQGRAYEQYF	LEPLVDLPI
CASSLGGPTYNEQFF	LEPLVDLPI
CASSLAGHYSSYNEQFF	LEPLVDLPI
CASSPPGVLPRTDTQYF	LEPLVDLPI
CASSLTTQGYEQYF	LEPLVDLPI
CASSWTSYEQYF	LEPLVDLPI
CASSLVGGANTGELFF	LEPLVDLPI
CSVVSGTGPFYEQYF	LEPLVDLPI
CASTPGPTNTGELFF	LEPLVDLPI
CAWSQRAGQTYEQYF	LEPLVDLPI
