CDR3	AA
CASSRSGSEQYF	SFNPETNIL
CASSLSTGMNTEAFF	SFNPETNIL
CASSFGGFPDTQYF	SFNPETNIL
CASTWGGLNEQFF	SFNPETNIL
CASSWGGFRGQFF	SFNPETNIL
CASRGPGGPDTQYF	SFNPETNIL
CASSWGGLAGLTSTDTQYF	SFNPETNIL
CASSLWSDTQYF	SFNPETNIL
CASSWGGLEAFF	SFNPETNIL
CASSFGGLTDTQYF	SFNPETNIL
CASENYEQYF	SFNPETNIL
CASSFGGFTDTQYF	SFNPETNIL
CAISETRMGNQPQHF	SFNPETNIL
CASRVVSEQYF	SFNPETNIL
CASSLGGLGNTIYF	SFNPETNIL
CASSWGGQGSYEQYF	SFNPETNIL
CASSLGSFVETQYF	SFNPETNIL
CASSLGGITDTQYF	SFNPETNIL
CASSVEGRLHGYTF	SFNPETNIL
CASSWGGLTDTQYF	SFNPETNIL
CASSWGGGNEQYF	SFNPETNIL
CASSSGGFQETQYF	SFNPETNIL
CASTFGGAGELFF	SFNPETNIL
CASSFGGIQETQYF	SFNPETNIL
CASSQDGRGGKEETQYF	SFNPETNIL
CASSIDLASHEQFF	SFNPETNIL
CASSSTDGIFSYEQYF	SFNPETNIL
CASSSSGGIQYF	SFNPETNIL
CASSWGGIWETQYF	SFNPETNIL
CATRQGSNEQFF	SFNPETNIL
CASSHSGANVLTF	SFNPETNIL
CASSLGGFNEQFF	SFNPETNIL
CASSGTLGIQTQYF	SFNPETNIL
CASTWGGLDTQYF	SFNPETNIL
CASRSGQGNEQFF	SFNPETNIL
CASSVASGTNNEQFF	SFNPETNIL
CASSFGGGTQYF	SFNPETNIL
CASSKGGDPLTGELFF	SFNPETNIL
CASSLSSYNEQFF	SFNPETNIL
CASSGTGELFF	SFNPETNIL
CASSLGGLPYEQYF	SFNPETNIL
CASSWGGLAGSTDTQYF	SFNPETNIL
CASSWGGLAGAPVDSYNEQFF	SFNPETNIL
CASSLGGSPYEQYF	SFNPETNIL
CASSWGGLPKTEAFF	SFNPETNIL
CASSTWTDTQYF	SFNPETNIL
CASSLSGGEEFF	SFNPETNIL
CASSWGGLAGGSLNEQYF	SFNPETNIL
CASSLGGFTDTQYF	SFNPETNIL
CASSWGGITGREETQYF	SFNPETNIL
CASSDQGELGELFF	SFNPETNIL
CASSYSDRGLPQPQHF	SFNPETNIL
CASSWGGVADTQYF	SFNPETNIL
CASSLGGFSYEQYF	SFNPETNIL
CASSFGGLTDTQYF	SFNPETNIL
CASSWGGISSTDTQYF	SFNPETNIL
CASSWGSFNEQFF	SFNPETNIL
CASSQEGSTGELFF	SFNPETNIL
CASSRSPGVGVSSTDTQYF	SFNPETNIL
CASSSQDLPGETQYF	SFNPETNIL
CASSLGGFNYGYTF	SFNPETNIL
CASSWGGLPNTEAFF	SFNPETNIL
CATSGHSTDTQYF	SFNPETNIL
CASSTSHYYYEQYF	SFNPETNIL
CASSFAGITDTQYF	SFNPETNIL
CAISETLDINEKLFF	SFNPETNIL
CASSWGGLVSGYNEQFF	SFNPETNIL
CASSSGGFYNEQFF	SFNPETNIL
CASSLGGLGGYTF	SFNPETNIL
CASSFGGVTDTQYF	SFNPETNIL
CASSWGGLFNEQFF	SFNPETNIL
CASSFSGGPLHF	SFNPETNIL
CASSWGGFWEQYF	SFNPETNIL
CASSWGGLNEQYF	SFNPETNIL
CASSVGWQGYTGELFF	SFNPETNIL
CASSWSGLATEQYF	SFNPETNIL
CASSWGGLVPDTQYF	SFNPETNIL
CASSPPDGLLSYEQYF	SFNPETNIL
CASSWAGLTDTQYF	SFNPETNIL
CASSAGADTQYF	SFNPETNIL
CASSSRQGLDYEQYF	SFNPETNIL
CASSTTTGLETEAFF	SFNPETNIL
CASSFGALYGYTF	SFNPETNIL
CASTWGGLADTDTQYF	SFNPETNIL
CASSWGGLGETQYF	SFNPETNIL
CASSWGGMQETQYF	SFNPETNIL
CASRTNEKLFF	SFNPETNIL
CASSWGGLLDTQYF	SFNPETNIL
CASSGSEANVLTF	SFNPETNIL
