CDR3	AA
CASSIIRVDEQFF	ALALLLLDR
CSARLSSGLQTYEQYF	ALALLLLDR
CASSEVGGPSYNEQFF	ALALLLLDR
CASSLPHPGWEQFF	ALALLLLDR
CATSDYEGENTGELFF	ALALLLLDR
CASSQDWWGQETQYF	ALALLLLDR
CASANSGTGGFDEQFF	ALALLLLDR
CASSIPGLAYEQFF	ALALLLLDR
CASSVIQGFNEQYF	ALALLLLDR
CASSSVGGTIFNEQFF	ALALLLLDR
CASSTHNYGYTF	ALALLLLDR
CAWGTSDEQFF	ALALLLLDR
CASSRGTSRNTEAFF	ALALLLLDR
CSARDQEGGGTEAFF	ALALLLLDR
CASSQVGALDQPQHF	ALALLLLDR
CSATAGASYEQYF	ALALLLLDR
CASSLSGSTDTQYF	ALALLLLDR
CASSEYNSYEQYF	ALALLLLDR
CASSQGWGDYGYTF	ALALLLLDR
CASSQGSGTVFTGELFF	ALALLLLDR
CASRTGWDAEAFF	ALALLLLDR
CASSLDGKGTYEQYF	ALALLLLDR
CASTAGVEYTEAFF	ALALLLLDR
CASSQDFGYSVEQYF	ALALLLLDR
CASSLALLGQSTYEQYF	ALALLLLDR
CASSPPVSMRHYGYTF	ALALLLLDR
CASTSPGTGKSEQYF	ALALLLLDR
CASSYVPPGVQETQYF	ALALLLLDR
CASSPPLTVYGYTF	ALALLLLDR
CSAQGVAQGTSVEQYF	ALALLLLDR
CASSQEWQGADEQFF	ALALLLLDR
CASSGALNTGELFF	ALALLLLDR
CASSDKREISSYNEQFF	ALALLLLDR
CASSIAGDPEQKAQYF	ALALLLLDR
CASTLAMTGGVPGELFF	ALALLLLDR
CASSETVSNQPQHF	ALALLLLDR
CASSLDRDLMNTEAFF	ALALLLLDR
CASSAGTGLSYNSPLHF	ALALLLLDR
CASSYPGQGYQETQYF	ALALLLLDR
CASSYSKDREGPDTQYF	ALALLLLDR
CASSQDLGLNTIYF	ALALLLLDR
CASSGSEGAGKPSPVNEQFF	ALALLLLDR
CASSYGYKFYEQYF	ALALLLLDR
CATSDFGRDNTGELFF	ALALLLLDR
CASADTGARENTIYF	ALALLLLDR
CASSPVLNEQFF	ALALLLLDR
CASSHRGQESMNTEAFF	ALALLLLDR
CASSLDTRWEQYF	ALALLLLDR
CSARDPTSLYEQYF	ALALLLLDR
CASRAYTSAYNEQFF	ALALLLLDR
CASSQEQGAYEQYF	ALALLLLDR
CASSFPNGTGPYEQFF	ALALLLLDR
CASSTLLIPYEQYF	ALALLLLDR
CASSEGTYEQYF	ALALLLLDR
CASSLDRDSLNTEAFF	ALALLLLDR
CASSLLAGGNTGELFF	ALALLLLDR
CASSLFPISSGGSDTQYF	ALALLLLDR
CASSLKWDRAPAGTDTQYF	ALALLLLDR
CASSLNRPQETQYF	ALALLLLDR
CASSQDPGTPEKLFF	ALALLLLDR
CASSLEYSRGPAKNIQYF	ALALLLLDR
CASSRHLDRGVSEQYF	ALALLLLDR
CASSQGSGTVFTGELFF	ALALLLLDR
CASSEALGGTEAFF	ALALLLLDR
CAISEGNYEQYF	ALALLLLDR
CSVAATSVSYEQYF	ALALLLLDR
CSVVVGYNEQFF	ALALLLLDR
CASSPLDGYNSPLHF	ALALLLLDR
CSVVIYEQYF	ALALLLLDR
CASQGFGNQPQHF	ALALLLLDR
CASRVELEPQHF	ALALLLLDR
CASTDAGSGGALNEQFF	ALALLLLDR
CASSGWGDGSSYEQYF	ALALLLLDR
CASSSTYGYEQYF	ALALLLLDR
CASSLYQGTGPLHF	ALALLLLDR
CATLGYDYTEAFF	ALALLLLDR
CASSAEGLAALSAEQYF	ALALLLLDR
CASSQGTGTINTGELFF	ALALLLLDR
CASSYPNSYEQYF	ALALLLLDR
CASSQESGVYNEQFF	ALALLLLDR
CASSSRDRGLETQYF	ALALLLLDR
CASSQQAWDRGSYEQYF	ALALLLLDR
CASSFTEDSPLHF	ALALLLLDR
CASSRQDAYQETQYF	ALALLLLDR
CASSYLTGFSYNEQFF	ALALLLLDR
CASSFLGRQETQYF	ALALLLLDR
CASSSGQPNTEAFF	ALALLLLDR
CASSLTGSTGELFF	ALALLLLDR
CASSVPGGGAVDTQYF	ALALLLLDR
CASSPGQGYSYEQYF	ALALLLLDR
CAISEILAFYNEQFF	ALALLLLDR
CSARDSRRALSTDTQYF	ALALLLLDR
CASSLAAYEQYF	ALALLLLDR
CASSHTGALGANVLTF	ALALLLLDR
CSVFGGDSTDTQYF	ALALLLLDR
CASTGSGTGPYEQFF	ALALLLLDR
CASSSTGDLNSPLHF	ALALLLLDR
CASRSRCQGNTEAFF	ALALLLLDR
CASSEGATPYEQYF	ALALLLLDR
CASQLDSYEQYF	ALALLLLDR
CAWSLGQVHTEAFF	ALALLLLDR
CASSYQMSNYGYTF	ALALLLLDR
CASAYGQGAGGYTF	ALALLLLDR
CASSLLGEAEYGKLFF	ALALLLLDR
CSATGQASYEQYF	ALALLLLDR
CASSPDIFYYEQYF	ALALLLLDR
CASGGSSYEQYF	ALALLLLDR
CASSLDRDDMNTEAFF	ALALLLLDR
CASSEGHVYEQYF	ALALLLLDR
CASSLSEGSSYNEQFF	ALALLLLDR
CASSPLLGLAGGGEQFF	ALALLLLDR
CATRGPQSTVTNTEAFF	ALALLLLDR
CASSLGPLGTGPYNEQFF	ALALLLLDR
CASSLVGVSYEQYF	ALALLLLDR
CASSLSSDYEQYF	ALALLLLDR
CASSLGDSSYNEQFF	ALALLLLDR
CASSYPDPGQGDGYTF	ALALLLLDR
CASSEETGALLGANVLTF	ALALLLLDR
CASSSGTGYNYGYTF	ALALLLLDR
CASGKTTGDRYNSPLHF	ALALLLLDR
CSAPLPGHNTGELFF	ALALLLLDR
CASGLPMGDIQNIQYF	ALALLLLDR
CASSSAGAGIETQYF	ALALLLLDR
CASSQDIGYGYTF	ALALLLLDR
CASSFDSGYEQYF	ALALLLLDR
CASSSHSGGEYEQFF	ALALLLLDR
CATSDYRGENTGELFF	ALALLLLDR
CASSTGNYEQYF	ALALLLLDR
CASSQERGQGYGYTF	ALALLLLDR
CASSGLLAGGGETQYF	ALALLLLDR
CASSWGQMQYF	ALALLLLDR
CASSRTGTGPYEQYF	ALALLLLDR
CASSPPMGVGYGYTF	ALALLLLDR
CASRGNSPLHF	ALALLLLDR
CASSPWPGTANYGYTF	ALALLLLDR
CASSRDRGFSNTGELFF	ALALLLLDR
CASSPRTSGGIETQYF	ALALLLLDR
CASSAGVVTEAFF	ALALLLLDR
CASTPAGSYNEQFF	ALALLLLDR
CASSSPGLYNEQFF	ALALLLLDR
CARTIGPEAFF	ALALLLLDR
CASSLGYGTLNTGELFF	ALALLLLDR
CASSQPGQGAYNEQFF	ALALLLLDR
CASSLSRDEQYF	ALALLLLDR
CASSEGNYEQYF	ALALLLLDR
CASSYSSAGGRNEQFF	ALALLLLDR
CASSLQALSSYEQYF	ALALLLLDR
CASSFQNYGYTF	ALALLLLDR
CAISDIGFEQYF	ALALLLLDR
CASSLGSNQPQHF	ALALLLLDR
CASSEGNYEQYF	ALALLLLDR
CAVILGHYVETQYF	ALALLLLDR
CASSQGQGYVYEQFF	ALALLLLDR
CASSPRGSYNSPLHF	ALALLLLDR
CASSLSGQGHEQFF	ALALLLLDR
CASSLRGTSAILAVQETQYF	ALALLLLDR
CASSSSESGWTEAFF	ALALLLLDR
CANIRRYEQYF	ALALLLLDR
CASSLPGLSYEQYF	ALALLLLDR
CSGGGGSEQYF	ALALLLLDR
CASSQSGLAGYYNEQFF	ALALLLLDR
CSAREGHWGSYNSPLHF	ALALLLLDR
CASSFQGAVTGELFF	ALALLLLDR
CASSYDGSSSYEQYF	ALALLLLDR
CASSSTGQGAKGTEAFF	ALALLLLDR
CASMRSTGELFF	ALALLLLDR
CASSESNYNEQFF	ALALLLLDR
CASRSTGAYSYEQYF	ALALLLLDR
CASKPGHTYEQYF	ALALLLLDR
CASSLAGHQTGPAYEQYF	ALALLLLDR
CSARGTESYEQYV	ALALLLLDR
CAILGLAGSYNEQFF	ALALLLLDR
CASSLEGPGANVLTF	ALALLLLDR
CASSLARGYTYEQYF	ALALLLLDR
CASSPVGGTEQFF	ALALLLLDR
CASSRGTENNSPLHF	ALALLLLDR
CASSLSSSGRREQYV	ALALLLLDR
CASGDSSYEQYF	ALALLLLDR
CASSRLQGETQYF	ALALLLLDR
CASSFLTTSGSHNEQFF	ALALLLLDR
CATITTLRGTSTDTQYF	ALALLLLDR
CASSDRGLGNTIYF	ALALLLLDR
CSVLGTELYEQYF	ALALLLLDR
CASSPGTAGQEQYF	ALALLLLDR
CASSEMGAYEQYF	ALALLLLDR
CASSLGVGRARNEQFF	ALALLLLDR
CASSLVAGGPGSTDTQYF	ALALLLLDR
CASSPEVARYEQYF	ALALLLLDR
CASSVRGLVYEQYF	ALALLLLDR
CASSLPLQGGGNEQFF	ALALLLLDR
CASSLLAGTSVYEQYF	ALALLLLDR
CASSQGSGTLNTGELFF	ALALLLLDR
CASGPANTGELFF	ALALLLLDR
CSVAGTGTYGYTF	ALALLLLDR
CASSYSLRTEAFF	ALALLLLDR
CASSNPYEQYF	ALALLLLDR
CASSPTGAPTEAFF	ALALLLLDR
CASSPPTTPYEQYF	ALALLLLDR
CASSPSTPGTAVEGYTF	ALALLLLDR
CASKPHGQGGYEQYF	ALALLLLDR
CAGGTGEQFF	ALALLLLDR
CASSGVAGGIETQYF	ALALLLLDR
CASSSVGGTIFNEQFF	ALALLLLDR
CASSLTGQGRLGTEAFF	ALALLLLDR
CASSPGLATYEQYF	ALALLLLDR
CASSEGLAGVDGETQYF	ALALLLLDR
CASSSPPGLAGRSYEQYF	ALALLLLDR
CASSYDSLDSPGSEQYF	ALALLLLDR
CASSSGTVPYEQYF	ALALLLLDR
CASSQERGRVSFGYTF	ALALLLLDR
CASSQDINYGYTF	ALALLLLDR
CASSLAGLSYEQYF	ALALLLLDR
CASSSPDRIGYEQYF	ALALLLLDR
CASSLALLGQSTYEQYF	ALALLLLDR
CAWSLAGGPLETQYF	ALALLLLDR
CASSPYGQGYEQYF	ALALLLLDR
CASSTSGGYNEQFF	ALALLLLDR
CASSIGPYWGSNQPQHF	ALALLLLDR
CASSLALWSSTDTQYF	ALALLLLDR
CASSFPLSGELFF	ALALLLLDR
CASSSGNYGYTF	ALALLLLDR
CASSLGAISVSYGYTF	ALALLLLDR
CASRATGGYTDTQYF	ALALLLLDR
CASYRSDTF	ALALLLLDR
CASSQVEHAKNIQYF	ALALLLLDR
CASSLGQVHNEQFF	ALALLLLDR
CASSYYGIPDTQYF	ALALLLLDR
CASSATPYEQYF	ALALLLLDR
CASTNGVGRDTEAFF	ALALLLLDR
CASSQEAANQETQYF	ALALLLLDR
CASRVSPGLGTEAFF	ALALLLLDR
CASSVDLTELFF	ALALLLLDR
CASSQETLYSWSYEQYF	ALALLLLDR
CASSHILAGAFHEQFF	ALALLLLDR
CASSLMGLLYQPQHF	ALALLLLDR
CASSLPASGGPDTQYF	ALALLLLDR
CASSVGAGGYNEQFF	ALALLLLDR
CASSPGLAGTGNEQFF	ALALLLLDR
CASSSAGGWTDTQYF	ALALLLLDR
CASNGERNNQPQHF	ALALLLLDR
CASSGPWGSSSYNEQFF	ALALLLLDR
CASSESGGLYEQYF	ALALLLLDR
CASSYNRLSGNTIYF	ALALLLLDR
CASSRTLEGGTEAFF	ALALLLLDR
CASSVGVAITYEQYF	ALALLLLDR
CASSLWQHVMNTEAFF	ALALLLLDR
CASKTTGQEHYGYTF	ALALLLLDR
CASRLTPVYEQYF	ALALLLLDR
CASSFPGPGQGYNEQFF	ALALLLLDR
CASIGTGNNEQFF	ALALLLLDR
CASSWTGGYTDTQYF	ALALLLLDR
CSARDPNQPQHF	ALALLLLDR
CASSARQGFDNEQFF	ALALLLLDR
CSAGGTEAFF	ALALLLLDR
CASSSGQGAAGELFF	ALALLLLDR
CASNSLSGELFF	ALALLLLDR
CASSQGSGTLNTGELFF	ALALLLLDR
CASPPQGQTYEQYF	ALALLLLDR
CASSLLRTSGIDEQFF	ALALLLLDR
CASSESGTLGSPLHF	ALALLLLDR
CAIGPNNYEQYF	ALALLLLDR
CAWSVSGLRTGAFF	ALALLLLDR
CASSQGNYGYTF	ALALLLLDR
CASSLGAGARVSYGYTF	ALALLLLDR
CASGPMGTPSYEQYF	ALALLLLDR
CASSRADRDTQYF	ALALLLLDR
CASSQGYGEAFF	ALALLLLDR
CASSQVGTGYEQYF	ALALLLLDR
CASSRPSGTLQDTQYF	ALALLLLDR
CASSFGRLTGELFF	ALALLLLDR
CASSPLVTSGYQETQYF	ALALLLLDR
CASSQGGLSYEQYF	ALALLLLDR
CASSQLGLGYGYTF	ALALLLLDR
CASSVELNSYEQYF	ALALLLLDR
CASSKTAYTGELFF	ALALLLLDR
CASSQELGTGDGYTF	ALALLLLDR
CATSDFSGANTGELFF	ALALLLLDR
CASSLGTANTEAFF	ALALLLLDR
CASSDPQGQGFYEQYF	ALALLLLDR
CASSLRTPGEGYGYTF	ALALLLLDR
CASSEGTGGPSYNSPLHF	ALALLLLDR
CASSFGQVNQPQHF	ALALLLLDR
CASSWDSRYEQYF	ALALLLLDR
CASSGTGGYTDTQYF	ALALLLLDR
CASSPVTGSYEQYF	ALALLLLDR
CASSPGGGAVFGYTF	ALALLLLDR
CASSLDRETMNTEAFF	ALALLLLDR
CSARDRGLGAQPQHF	ALALLLLDR
CASSQDPGTGYTGELFF	ALALLLLDR
CASITNAGNYEQYF	ALALLLLDR
CASSLGVANGDNEQFF	ALALLLLDR
CATSDLEDRGGYEQYF	ALALLLLDR
CASSLVPGYTDTQYF	ALALLLLDR
CSVRGAANDNTEAFF	ALALLLLDR
CASSFVFTGYNEQFF	ALALLLLDR
CAIGRTGSVYEQYF	ALALLLLDR
CASSLLDSGANVLTF	ALALLLLDR
CASSPSNYGYTF	ALALLLLDR
CASSVDGRYTF	ALALLLLDR
