CDR3	AA
CASSAGTERSSEQYF	STQDLFLPFF
CSVASGAGEETQYF	STQDLFLPFF
CASSVGVGGDQPQHF	STQDLFLPFF
CASSDPQGPRSSEQYF	STQDLFLPFF
CSVEDWDRNYGYTF	STQDLFLPFF
CATSELTGPEAFF	STQDLFLPFF
CASSFVPRDRGRGTEAFF	STQDLFLPFF
CASSLAAGMDTQYF	STQDLFLPFF
CASSLYNEQFF	STQDLFLPFF
CASSPISSGRYNEQFF	STQDLFLPFF
CASSQTGHEQFF	STQDLFLPFF
CASSYSIVTEAFF	STQDLFLPFF
CASSLFSGLYEGQYF	STQDLFLPFF
CASSQDDSNEKLFF	STQDLFLPFF
CASSLGGTYNEQFF	STQDLFLPFF
CSARDLSKVSYNEQFF	STQDLFLPFF
CSVVINYEQYF	STQDLFLPFF
CASSQDSLGRLGTDTQYF	STQDLFLPFF
CASSQNRPGQGNQPQHF	STQDLFLPFF
CASSQFMDNQPQHF	STQDLFLPFF
CATRVRQGLVNEQFF	STQDLFLPFF
CASSPVPGLAGARVYNEQFF	STQDLFLPFF
CASSQDQLASYNEQFF	STQDLFLPFF
CAARQGTSGANVLTF	STQDLFLPFF
CATSDPRDLYNEQFF	STQDLFLPFF
CASSYLGQGDQPQHF	STQDLFLPFF
CSAQPQGNEQYF	STQDLFLPFF
CASSPPGGRAFGELFF	STQDLFLPFF
CASSSSGTGELFF	STQDLFLPFF
CASSPRGRGLGETQYF	STQDLFLPFF
CATSRDQSSGSREQFF	STQDLFLPFF
CASSYPGQTYNEQFF	STQDLFLPFF
CASSPTPRDSYYGYTF	STQDLFLPFF
CSARGPTYEQYF	STQDLFLPFF
CSVGRQAAGEQYF	STQDLFLPFF
CASSEWAGGQNEQFF	STQDLFLPFF
CSARTSGTYEQYF	STQDLFLPFF
CASSLGKGGGDYEQYF	STQDLFLPFF
CASSELPEPYEQYF	STQDLFLPFF
CASSLAGGGGTEAFF	STQDLFLPFF
CASSNSGGAYEQYF	STQDLFLPFF
