CDR3	AA
CASSIQGPQPQHF	VEHVTFFIY
CASSVGSGDGYTF	VEHVTFFIY
CASSPTESYEQYV	VEHVTFFIY
CASSLGQGGGLTF	VEHVTFFIY
CASRGQGKGTEAFF	VEHVTFFIY
CATTGGLADTQYF	VEHVTFFIY
CASSHTGWEAFF	VEHVTFFIY
CASSHEDSFPSTDTQYF	VEHVTFFIY
CASSLGQGWEKLFF	VEHVTFFIY
CASSVGQGGEQFF	VEHVTFFIY
CASSEPRAASSYNEQFF	VEHVTFFIY
CASSLGLGGELFF	VEHVTFFIY
CASSSQYPLDSTDYGYTF	VEHVTFFIY
CASSAGQGDGYTF	VEHVTFFIY
CASRGLALSTDTQYF	VEHVTFFIY
CASSPGRGPGAFF	VEHVTFFIY
CASSTGGYTGELFF	VEHVTFFIY
CASSVGQGDGYTF	VEHVTFFIY
CSVDRGYEQYF	VEHVTFFIY
CASSVAAGEGGELFF	VEHVTFFIY
CASSLILAGETGELFF	VEHVTFFIY
CASSLGGGDTQYF	VEHVTFFIY
CASSLGQGAGDYTF	VEHVTFFIY
CASSLGQGDGYTF	VEHVTFFIY
CASSLGMGGEQYF	VEHVTFFIY
CASSLGGGGEQFF	VEHVTFFIY
CASTSDEKLFF	VEHVTFFIY
CASSSGQGGEQYF	VEHVTFFIY
CASSGTRLGTSYNEQFF	VEHVTFFIY
CASSLAGNEQFF	VEHVTFFIY
CASSQGGQGNSPLHF	VEHVTFFIY
CASSQGLAGGNTGELFF	VEHVTFFIY
CASSAGQGDGYTF	VEHVTFFIY
CASAGNYGYTF	VEHVTFFIY
CASSLARSEYNEQFF	VEHVTFFIY
CASSLTGNEQFF	VEHVTFFIY
CASSLGGGVEKLFF	VEHVTFFIY
CASSVSGTDNQPQHF	VEHVTFFIY
CASGPGIHQPQHF	VEHVTFFIY
CASSQAGPYEQYF	VEHVTFFIY
CASSSGQGDGYTF	VEHVTFFIY
CSARDYKETQYF	VEHVTFFIY
CASSVGQGGGYTF	VEHVTFFIY
CASTLGSTF	VEHVTFFIY
CSVDSGRASPNEQFF	VEHVTFFIY
CASSLGLAGGELFF	VEHVTFFIY
CASSLGQGDGYTF	VEHVTFFIY
CASSPPGNTIYF	VEHVTFFIY
CASSLDYEQYF	VEHVTFFIY
CASSVDDEQFF	VEHVTFFIY
CASSVGQGYNEQFF	VEHVTFFIY
CASSLGVGGEQYF	VEHVTFFIY
CASSVGQGAGYTF	VEHVTFFIY
CASSLLASGDYEQYF	VEHVTFFIY
CASSFDFNSGPPSSGANVLTF	VEHVTFFIY
CSVQGSGELFF	VEHVTFFIY
CAIRSDYGETQYF	VEHVTFFIY
CASSLAGLSYEQYF	VEHVTFFIY
CASGPGDIAPGYTF	VEHVTFFIY
CASSLGVGGELFF	VEHVTFFIY
CASSVDGTWNTEAFF	VEHVTFFIY
CASKDLTGELFF	VEHVTFFIY
CASSVAAGGPTGELFF	VEHVTFFIY
CASSPTWLETQYF	VEHVTFFIY
CASSLGQGGAQYF	VEHVTFFIY
CASSLGGNSPLHF	VEHVTFFIY
CASSLQGSDTF	VEHVTFFIY
CASSPAGTPSTEQYF	VEHVTFFIY
CASSPHFPGELFF	VEHVTFFIY
CASSLAGTHSFGYTF	VEHVTFFIY
CASSGTGMNTEAFF	VEHVTFFIY
CASSLTVPGPQHF	VEHVTFFIY
CASSPLGRTDTQYF	VEHVTFFIY
CASSTHTGELFF	VEHVTFFIY
CASSSGQGAGEQFF	VEHVTFFIY
CASSTGQGEGYTF	VEHVTFFIY
CASSSRDLGDNEQFF	VEHVTFFIY
CASSLAARSGTGELFF	VEHVTFFIY
CASSLGDYQTQYF	VEHVTFFIY
CSAPPQQGRGTEAFF	VEHVTFFIY
CASSVGQGDGYTF	VEHVTFFIY
CASSVGQGAGYTF	VEHVTFFIY
CASSLGQGAEQYF	VEHVTFFIY
CSARDWADTQYF	VEHVTFFIY
CASSVGQGDGYTF	VEHVTFFIY
CASSFVQNTGELFF	VEHVTFFIY
CASSLKGDGIWEQYF	VEHVTFFIY
CASGQTLGLAGTDTQYF	VEHVTFFIY
CASTGGSSNQPQHF	VEHVTFFIY
CASSAYRGRDYGYTF	VEHVTFFIY
CASSPRSGSYNEQFF	VEHVTFFIY
CASSLVVRGGETQYF	VEHVTFFIY
CSVGGTSFSYNEQFF	VEHVTFFIY
CASSAGQGDGYTF	VEHVTFFIY
CASSHQIFYEQYF	VEHVTFFIY
CASSLGQGDTQYF	VEHVTFFIY
CASSAGQGDGYTF	VEHVTFFIY
CASSSSTEAFF	VEHVTFFIY
CASSLGTGDGYTF	VEHVTFFIY
CASSVGQGSGYTF	VEHVTFFIY
CASSGLAGGRYNEQFF	VEHVTFFIY
CASSVGQGGEQYV	VEHVTFFIY
CASSYTGPSSYEQYF	VEHVTFFIY
CASSVGQGGGYTF	VEHVTFFIY
CASSPSASGGAGNEKLFF	VEHVTFFIY
CASSYGTGWNEQFF	VEHVTFFIY
CASSEGGNQPQHF	VEHVTFFIY
CASSVGTGDGYTF	VEHVTFFIY
CASSEASGSGANVLTF	VEHVTFFIY
CSARDWGETQYF	VEHVTFFIY
CASSYPTSGRPDEQFF	VEHVTFFIY
CASSVGQGDGYTF	VEHVTFFIY
CASSWGLDLAKNIQYF	VEHVTFFIY
CASSLFGALGADYNEQFF	VEHVTFFIY
CASSVGQGAGYTF	VEHVTFFIY
CASSVGQGNGYTF	VEHVTFFIY
CASSPKGGEPQHF	VEHVTFFIY
CASRDGDTGELFF	VEHVTFFIY
CASSMGTIYEQYF	VEHVTFFIY
CASSVSDEQFF	VEHVTFFIY
CASVTGGYNEQFF	VEHVTFFIY
