CDR3	AA
CASSVEAGADDEQFF	SYQTQTNSPR
CASSLFAGDEQFF	SYQTQTNSPR
CASSGTGGETQYF	SYQTQTNSPR
CASSPPSGPNVDEQFF	SYQTQTNSPR
CASSGDALDTQYF	SYQTQTNSPR
CSVEPRDRSNVLTF	SYQTQTNSPR
CASNVNQETQYF	SYQTQTNSPR
CATSGDSQIYNEQFF	SYQTQTNSPR
CASTLNLGTSGSDEQFF	SYQTQTNSPR
CASNEVQGPFEVVHVGNEQFF	SYQTQTNSPR
CASSQDLLYEQYF	SYQTQTNSPR
CASSLAGTESSYEQYF	SYQTQTNSPR
CASSVELQETQYF	SYQTQTNSPR
CASSPPVGQETQYF	SYQTQTNSPR
CASSQVRGDEQFF	SYQTQTNSPR
CASSQGMADTQYF	SYQTQTNSPR
CASSLAGHPSYEQYF	SYQTQTNSPR
CASSPTGDEQYF	SYQTQTNSPR
CASSDRDYTDTQYF	SYQTQTNSPR
CASSLEVTDYEQYF	SYQTQTNSPR
CASREGQMNTEAFF	SYQTQTNSPR
CASSAWTGGDEQFF	SYQTQTNSPR
CASGLFLGETQYF	SYQTQTNSPR
CASCPPSSYEQYF	SYQTQTNSPR
CASSLTGSYEQYF	SYQTQTNSPR
CASSEIHDSYEQYF	SYQTQTNSPR
CAISGGQREEPDTQYF	SYQTQTNSPR
CAIGEGVDTEAFF	SYQTQTNSPR
CAISVRSDEQFF	SYQTQTNSPR
CASSLDQETQYF	SYQTQTNSPR
CASRSDSRPYTEAFF	SYQTQTNSPR
CSARDVAAARFEDTEAFF	SYQTQTNSPR
CASSQDLDPSYEQYF	SYQTQTNSPR
