CDR3	AA
CSASAGLNEQFF	YFIASFRLF
CSVDGGWGEQYF	YFIASFRLF
CASSYLGTGETQYF	YFIASFRLF
CASSHRDNTNTGELFF	YFIASFRLF
CASSFLSRGDTDTQYF	YFIASFRLF
CASSLGISYEQYF	YFIASFRLF
CSVEGGSEQFF	YFIASFRLF
CASSFAEGSYEQYF	YFIASFRLF
CASSGLDREYEQYF	YFIASFRLF
CSVLPQGEDSGANVLTF	YFIASFRLF
CASSERWRGATGETQYF	YFIASFRLF
CASSETGGDTEAFF	YFIASFRLF
CASSLRLAGGPPYEQFF	YFIASFRLF
CASSPGTGAYEQYF	YFIASFRLF
CASSLPVETQYF	YFIASFRLF
CASSADGYGYTF	YFIASFRLF
CASSLWELQGDEQFF	YFIASFRLF
CAGKGLAGVPTDEQFF	YFIASFRLF
CASSQDAMDEQFF	YFIASFRLF
CASSSLGDNYGYTF	YFIASFRLF
CASSPTGYGYTF	YFIASFRLF
CASSQAVSIDHEQFF	YFIASFRLF
CASSLEGEPDQETQYF	YFIASFRLF
CSDWTESTDTQYF	YFIASFRLF
CASSSATGVPGSYNEQFF	YFIASFRLF
CSAPREFGEQYF	YFIASFRLF
CASSILVGPEDTQYF	YFIASFRLF
CASSEFWLEPQHF	YFIASFRLF
CASSQEETGLLLNTEAFF	YFIASFRLF
CASGLSSGPMAPQETQYF	YFIASFRLF
CAWSHGTDYNEQFF	YFIASFRLF
CASSFDDNEQFF	YFIASFRLF
CSAAGLAGSSYNEQFF	YFIASFRLF
CATSREGGGANVLTF	YFIASFRLF
CASSLLGGGDTQYF	YFIASFRLF
CASTPAGFGLYEQYF	YFIASFRLF
CSVERGTGELFF	YFIASFRLF
CASSLQGWEKLFF	YFIASFRLF
CASSAGFNEQFF	YFIASFRLF
CASSQEAGGIFTDTQYF	YFIASFRLF
CASSFLTPSTDTQYF	YFIASFRLF
CASSEGSPQSYEQYF	YFIASFRLF
CASSLDWDNEQFF	YFIASFRLF
CASSQGPGADEQYF	YFIASFRLF
CASRLRQSNQPQHF	YFIASFRLF
CASSLNLGHTRLNTEAFF	YFIASFRLF
CASSQLVPTGVYFTDTQYF	YFIASFRLF
CASSLSGLAENTDTQYF	YFIASFRLF
CASSYDWETQYF	YFIASFRLF
CASSPTLGEKLFF	YFIASFRLF
CASDRGSAGWDNEQFF	YFIASFRLF
CASTDTGELFF	YFIASFRLF
CASSLVPGLRDTEAFF	YFIASFRLF
CASSDGTGAYEQYF	YFIASFRLF
CASSEQGVYNEQFF	YFIASFRLF
CASSDGTGAYEQYF	YFIASFRLF
CSAWGQGAHEQYF	YFIASFRLF
CASSQDIAVSSYEQYF	YFIASFRLF
