CDR3	AA
CASSIGIGTSSYNEQFF	YQIGGYTEKW
CASSIGLGERHEQFF	YQIGGYTEKW
CASSIGLGLALYNEQFF	YQIGGYTEKW
CASSMGLGIGQPQHF	YQIGGYTEKW
CASSSGTGLSYEQYF	YQIGGYTEKW
CASSIGQGVSYEQYF	YQIGGYTEKW
CASSMGQGIEYEQFF	YQIGGYTEKW
CASSPMDPTGTGADTQYF	YQIGGYTEKW
CASSRGLGAYNEQFF	YQIGGYTEKW
CASTPGVGEAYEQYF	YQIGGYTEKW
CASSIGTGSNVQPQHF	YQIGGYTEKW
CASSLGQGVTYEQYF	YQIGGYTEKW
CASTIGQGYSYEQYF	YQIGGYTEKW
CASSMGIGQRNEQFF	YQIGGYTEKW
CASSKVGGPTYEQYF	YQIGGYTEKW
CASSIGKGMSYEQYF	YQIGGYTEKW
CASSVALGHTGELFF	YQIGGYTEKW
CASSLGQGIGQPQHF	YQIGGYTEKW
CASSPDGNEQFF	YQIGGYTEKW
CASSIGTGITYEQYF	YQIGGYTEKW
CASSLRRWSGGVRDEQFF	YQIGGYTEKW
CSARDNLSYEQYF	YQIGGYTEKW
CASSIGLGNSYEQYF	YQIGGYTEKW
CASSPSGKGQPSEQYF	YQIGGYTEKW
CASSRGLGLIYEQYF	YQIGGYTEKW
CASSIGLGLALWQFF	YQIGGYTEKW
CASSIGTGLYYEQYF	YQIGGYTEKW
CASSRGVGTANTGELFF	YQIGGYTEKW
CASFSGSGYEQYF	YQIGGYTEKW
CASTLGGVDGYTF	YQIGGYTEKW
CASSVGLGNTYEQYF	YQIGGYTEKW
CASSIGQGRTYEQYF	YQIGGYTEKW
CASSVGQGLTGELFF	YQIGGYTEKW
CASSLGTGQGYEQYF	YQIGGYTEKW
CASSPGQGVAYEQYF	YQIGGYTEKW
CASSQGQGLSYEQYF	YQIGGYTEKW
CASSIGQGAVYEQYF	YQIGGYTEKW
CASSLGQGLSYEQYF	YQIGGYTEKW
CASSIGQGRSYEQYF	YQIGGYTEKW
CASSQATLADTEAFF	YQIGGYTEKW
CASSLGLGLTGELFF	YQIGGYTEKW
CASSSGQGLSYEQYF	YQIGGYTEKW
CASSIGTGVNQPQHF	YQIGGYTEKW
CASATGTGVANEQFF	YQIGGYTEKW
CASALGQGYTGELFF	YQIGGYTEKW
CASSIGRGLSYEQYF	YQIGGYTEKW
CASSLLLAYEQYF	YQIGGYTEKW
CASSGGEAKNIQYF	YQIGGYTEKW
CASSPGGGPQYF	YQIGGYTEKW
CASSELDGGNFSQHF	YQIGGYTEKW
CASSTGTGLNTEAFF	YQIGGYTEKW
CASSPGQGLSYEQYF	YQIGGYTEKW
CASSIGQGGSYEQYF	YQIGGYTEKW
CASSPGSGLDNEQFF	YQIGGYTEKW
CASTPGTGVPGELFF	YQIGGYTEKW
CASSPGTGISYEQYF	YQIGGYTEKW
CASSQDPVPGETQYF	YQIGGYTEKW
CASSIGEGLSYEQYF	YQIGGYTEKW
CASSIGTGLIYEQYF	YQIGGYTEKW
CASSIGVGTQDQPQHF	YQIGGYTEKW
CASSTGTGIAYEQYF	YQIGGYTEKW
CASSAGRGTLYEQYF	YQIGGYTEKW
CASSMGLGAYNEQFF	YQIGGYTEKW
CASSLGVGLGNEQFF	YQIGGYTEKW
CASRLGTGTNNEQFF	YQIGGYTEKW
CASSVGTGEAYEQYF	YQIGGYTEKW
CASSLGQGVVNEQFF	YQIGGYTEKW
CASSLGQGALGTEAFF	YQIGGYTEKW
CASSLGSGVTGELFF	YQIGGYTEKW
CASSIGTGVAYEQYF	YQIGGYTEKW
CASSIGVGLEFEQFF	YQIGGYTEKW
CASSIGTGVSGELFF	YQIGGYTEKW
CASSTGLGLDHEQYF	YQIGGYTEKW
CASSSGQGLSYEQYF	YQIGGYTEKW
CASSIGSGIRYEQFF	YQIGGYTEKW
CASSSSFGLALQFF	YQIGGYTEKW
CASSPGRGLSYEQYF	YQIGGYTEKW
CASSTGQGLAYEQYF	YQIGGYTEKW
CASSYGTGVPYEQYF	YQIGGYTEKW
CASSIGTGGAYEQYF	YQIGGYTEKW
CASSLGLGSSYEQYF	YQIGGYTEKW
CASSVGQGKSYEQYF	YQIGGYTEKW
CASSIGLGAGTEAFF	YQIGGYTEKW
CASSIGTGIYNEQFF	YQIGGYTEKW
CASTLGQGATYEQYF	YQIGGYTEKW
CASSGGVSPYNEQFF	YQIGGYTEKW
CASSTGTGLSYEQYF	YQIGGYTEKW
CASSVGTGSIYEQFF	YQIGGYTEKW
CASSKGQGVSYEQYF	YQIGGYTEKW
CASSIGAGVGYEQYF	YQIGGYTEKW
CASSTGQGNLYEQYF	YQIGGYTEKW
CASSIGVGASSYEQYF	YQIGGYTEKW
CASSIGLGGIYEQYF	YQIGGYTEKW
CASSTGQGIDYEQYF	YQIGGYTEKW
CASSLGQGLSYEQYF	YQIGGYTEKW
CASSIGQGLTYEQYF	YQIGGYTEKW
CASSQGQGLSYEQYF	YQIGGYTEKW
CASSMGQGVVYEQFF	YQIGGYTEKW
CASSIGEGLRYEQYF	YQIGGYTEKW
CASSIGLGLAFEQFF	YQIGGYTEKW
CASSHGQGSYEQYF	YQIGGYTEKW
CASSNGLGTSYEQYF	YQIGGYTEKW
CASSTGQGYSYEQYF	YQIGGYTEKW
CASSIGSGVTYEQYF	YQIGGYTEKW
CASSPGTGILYEQYF	YQIGGYTEKW
CASSIGTGSNQPQHF	YQIGGYTEKW
CASSIGQGFPGANVLTF	YQIGGYTEKW
CASSIGTGAVGELFF	YQIGGYTEKW
CASSAGTGLSYEQYF	YQIGGYTEKW
CASSVGQGVSYEQYF	YQIGGYTEKW
CASTPGLGPVGEQYF	YQIGGYTEKW
CASNPGLAIANEQFF	YQIGGYTEKW
CASSPGQGLTYEQYF	YQIGGYTEKW
CASSIGQGRSYEQYF	YQIGGYTEKW
CASSLGQGIINEQFF	YQIGGYTEKW
CASSIGQGETYEQYF	YQIGGYTEKW
CASSIGQGISYEQYF	YQIGGYTEKW
CASSPGLGQSYEQYF	YQIGGYTEKW
CASSMGTGLAYEQYF	YQIGGYTEKW
CASSAGLGFAGELFF	YQIGGYTEKW
CASSIGTGVIYEQYF	YQIGGYTEKW
CASSSGQGLGFEQYF	YQIGGYTEKW
CASSIGTGAAYEQYF	YQIGGYTEKW
CASSSGQGMAYEQYF	YQIGGYTEKW
CASSPGQGLSYEQYF	YQIGGYTEKW
CASSIGYGAGAEAFF	YQIGGYTEKW
CASSIGTGSYNEQFF	YQIGGYTEKW
CASSIGLGQNYEQYF	YQIGGYTEKW
CASSPGAGTAYEQYF	YQIGGYTEKW
CASSPGTGRAYEQYF	YQIGGYTEKW
CASSIGQGTSYEQYF	YQIGGYTEKW
CASTLVGTYEQYF	YQIGGYTEKW
CASSAGTGLSYEQYF	YQIGGYTEKW
CASSTGTGSNQPQHF	YQIGGYTEKW
CASSATWTGYEQYF	YQIGGYTEKW
CASSIGQGFLYEQFF	YQIGGYTEKW
CASSIGVGVHQPQHF	YQIGGYTEKW
CASSIGTGSYNEQFF	YQIGGYTEKW
CASSLGVSSYNEQFF	YQIGGYTEKW
CASSLGDGQYF	YQIGGYTEKW
CASSIGTGVTGELFF	YQIGGYTEKW
CASSIGSGLAANNEQFF	YQIGGYTEKW
CASSTGLGLYNEQFF	YQIGGYTEKW
CASSIGTGTSYEQYF	YQIGGYTEKW
CASSIGQGMAGELFF	YQIGGYTEKW
CASSMGEGQLYEQYF	YQIGGYTEKW
CASSIGTGTNNQPQHF	YQIGGYTEKW
CASSAGQGMNTEAFF	YQIGGYTEKW
CASSIGTGMAGELFF	YQIGGYTEKW
CASSIGQGIANEQFF	YQIGGYTEKW
CASSKGSGIPDTQYF	YQIGGYTEKW
CASSIGTGFGNEQFF	YQIGGYTEKW
CASATGTGVIDTQYF	YQIGGYTEKW
CASSSGTSYEQYF	YQIGGYTEKW
CASSIGQGASYEQYF	YQIGGYTEKW
CASSIGLGATYEQYF	YQIGGYTEKW
CASSDNRNSYEQYF	YQIGGYTEKW
CASSIGTGHVFEQFF	YQIGGYTEKW
CASSIGKSSYNEQFF	YQIGGYTEKW
CASTPGVGSYNEQFF	YQIGGYTEKW
CASSIGTGFSYEQYF	YQIGGYTEKW
CASSTGQGVDYGYTF	YQIGGYTEKW
CASSTGTGIENEQFF	YQIGGYTEKW
CASSVGQGLSYEQYF	YQIGGYTEKW
CASSEGTGLTYEQYF	YQIGGYTEKW
CAWSHGVGLSDEQYF	YQIGGYTEKW
CASSLGLTGFQPQHF	YQIGGYTEKW
CASSPGQGALYEQYF	YQIGGYTEKW
CASSLGTGLGYEQFF	YQIGGYTEKW
CASSIGQGISYEQYF	YQIGGYTEKW
CASSIGQGIAYEQYF	YQIGGYTEKW
CASSIGVGLSNEQFF	YQIGGYTEKW
CASSIGTGLSYGYTF	YQIGGYTEKW
CASSLFLGFTYNEQFF	YQIGGYTEKW
CASSIGQGDVYEQYF	YQIGGYTEKW
CASSIGTGYSYEQYF	YQIGGYTEKW
CASSIGRGPNQPQHF	YQIGGYTEKW
CASTVGAGLKYEQYF	YQIGGYTEKW
CASSIGQGHSYEQYF	YQIGGYTEKW
CASSPGQGFSYEQYF	YQIGGYTEKW
CASSLVRGRDNSPLHF	YQIGGYTEKW
CASTSGTGLLYEQYF	YQIGGYTEKW
CASSIGVGSSNQPQHF	YQIGGYTEKW
CASSIGRGDGSYEQYF	YQIGGYTEKW
CASTFGTGLDTEAFF	YQIGGYTEKW
CASSMGLGLPDTQYF	YQIGGYTEKW
CASSIGTGLAYEQYF	YQIGGYTEKW
CASSPRQGLHYGYTF	YQIGGYTEKW
CASSFGTGESYEQYF	YQIGGYTEKW
CASSYYRGSGEQYF	YQIGGYTEKW
CASSMGQGTSYEQYF	YQIGGYTEKW
CASSIGLGSGLNEQFF	YQIGGYTEKW
CASSIGQGLGGELFF	YQIGGYTEKW
CASSVGQGTSYEQYF	YQIGGYTEKW
CASSIGQGFSYEQYF	YQIGGYTEKW
CASSIGQGLSYEQYF	YQIGGYTEKW
CASSAGQGVVYEQYF	YQIGGYTEKW
CASSIGAGLSYEQYF	YQIGGYTEKW
CASSSGQGLSYEQYF	YQIGGYTEKW
CASSQDLGNQPQHF	YQIGGYTEKW
CASSSGSGITYEQYF	YQIGGYTEKW
CASSIGTGLGYEQYF	YQIGGYTEKW
CASSVGQGASYEQYF	YQIGGYTEKW
CASSIGTGTSYEQYF	YQIGGYTEKW
CASSIGLGRAGNQPQHF	YQIGGYTEKW
CASSPGTGKKYEQYF	YQIGGYTEKW
CASSGGTGLLWEQFF	YQIGGYTEKW
CASSLVGGNYEQYF	YQIGGYTEKW
CASSVGQGLNYEQYF	YQIGGYTEKW
CASSTGQGVMYEQYF	YQIGGYTEKW
CASSIGAGLSYEQYF	YQIGGYTEKW
CASSLGVGFLYEQFF	YQIGGYTEKW
CASSIGQGQSYEQYF	YQIGGYTEKW
CASSIGSGTLYEQYF	YQIGGYTEKW
CASSIGQGLSYEQYF	YQIGGYTEKW
CASSIGVGPSSYNEQFF	YQIGGYTEKW
CSAEGLAGSYEQYF	YQIGGYTEKW
CASHPGQGEHNEQFF	YQIGGYTEKW
CASSIGRGTAYEQYF	YQIGGYTEKW
CASTLGTGFTGELFF	YQIGGYTEKW
CASSQGQGIDYGYTF	YQIGGYTEKW
CASTTGVGGTNQPQHF	YQIGGYTEKW
CASSIGQGPNQPQHF	YQIGGYTEKW
CASSIGQGVSYEQYF	YQIGGYTEKW
CASSLGLGNTGELFF	YQIGGYTEKW
CASSPGAGILYEQFF	YQIGGYTEKW
CASSLTDRPDTQYF	YQIGGYTEKW
CASSPGQGILYEQYF	YQIGGYTEKW
CASSPGTGYSYEQYF	YQIGGYTEKW
CASTKGLGLNTEAFF	YQIGGYTEKW
CASSTGLGIDYEQYF	YQIGGYTEKW
CASSTGQGSSYEQYF	YQIGGYTEKW
CASSVGQGLSYEQYF	YQIGGYTEKW
CASSIGQGPNQPQHF	YQIGGYTEKW
CASSIGLGPGTEAFF	YQIGGYTEKW
CASSVGQGVAYEQFF	YQIGGYTEKW
CASSIGTGYSYEQYF	YQIGGYTEKW
CASSLGQGQSYEQYF	YQIGGYTEKW
CASSLERVSYNEQFF	YQIGGYTEKW
CASSIGTGSAGANVLTF	YQIGGYTEKW
CASSIGQGTLYEQYF	YQIGGYTEKW
CASSIGQGLFHEQFF	YQIGGYTEKW
CASSIGSGLNTEAFF	YQIGGYTEKW
CASSVQSTDTQYF	YQIGGYTEKW
CASSRGQGTLHEQFF	YQIGGYTEKW
CASSSGQGRHNEQFF	YQIGGYTEKW
CASNIGLGPVGGDTQYF	YQIGGYTEKW
CASSLGQGNSYEQYF	YQIGGYTEKW
CASSMGSGWTYEQYF	YQIGGYTEKW
CASSMGTGVEYEQYF	YQIGGYTEKW
CASSIGAGLGHEQFF	YQIGGYTEKW
CASSTGTGINQPQHF	YQIGGYTEKW
CASSTGLGAGFEQYF	YQIGGYTEKW
CASSIGTGLDYEQYF	YQIGGYTEKW
CASSMGQGIDYEQYF	YQIGGYTEKW
CASSTFETQYF	YQIGGYTEKW
CASSPGIGETYEQYF	YQIGGYTEKW
CASSIGSGWAYEQYF	YQIGGYTEKW
CASSMSLGLAPEQFF	YQIGGYTEKW
CASSIGLGQAYEQYF	YQIGGYTEKW
CASSIGQGTSYEQYF	YQIGGYTEKW
CASSIGTGHSYEQYF	YQIGGYTEKW
CASSIGTGTPHDEQFF	YQIGGYTEKW
CASSKGQGISYEQFF	YQIGGYTEKW
CASSIGQGSVYEQFF	YQIGGYTEKW
CASSIGVGLTNEQFF	YQIGGYTEKW
CASSFDPPGGSFSYEQYF	YQIGGYTEKW
CASSFAGSSTDTQYF	YQIGGYTEKW
CASSTGQGIDYEQYF	YQIGGYTEKW
CAHSPGTGLRETQYF	YQIGGYTEKW
CASSLGLGVTYEQYF	YQIGGYTEKW
CASSPGTGRRYEQYF	YQIGGYTEKW
CASSIGQGDSYEQYF	YQIGGYTEKW
CASSMGQGLTYEQYF	YQIGGYTEKW
CASSIGQGIRFEQFF	YQIGGYTEKW
CSAKLPTSVRYEQYF	YQIGGYTEKW
CASSLGQTYEQYF	YQIGGYTEKW
CASNSGTYDSNQPQHF	YQIGGYTEKW
CASSMGQGAVYEQYF	YQIGGYTEKW
CASSLGQGVEYEQYF	YQIGGYTEKW
CASSIGSGSVYEQYF	YQIGGYTEKW
CAWSEDRGFNTEAFF	YQIGGYTEKW
CASSIGQGLMETQYF	YQIGGYTEKW
CAISDPAADSYNEQFF	YQIGGYTEKW
CASSIGTGQGYEQFF	YQIGGYTEKW
CASSLHGQGAEAFF	YQIGGYTEKW
CASSWGTGVSYEQYF	YQIGGYTEKW
CASSGGQGLSYEQYF	YQIGGYTEKW
CASSIGSGARYEQYF	YQIGGYTEKW
CASSAGTGFSYEQYF	YQIGGYTEKW
CASSQGAEYEQYF	YQIGGYTEKW
CASSAGQGLIYEQYF	YQIGGYTEKW
CASSLGTGVAYEQYF	YQIGGYTEKW
CASSAGTGLDYEQYF	YQIGGYTEKW
CASTPGTGSNQPQHF	YQIGGYTEKW
CASSVGTGQAGELFF	YQIGGYTEKW
CASSLGNGISYEQYF	YQIGGYTEKW
CASTPGLGETYEQYF	YQIGGYTEKW
CASSLGAGLAYEQYF	YQIGGYTEKW
CASRGRTSGGRHNEQFF	YQIGGYTEKW
CASSHGTGRAYEQYF	YQIGGYTEKW
CASSIGTGLGGELFF	YQIGGYTEKW
CASSVRGGPYTDTQYF	YQIGGYTEKW
CASSMGLGLAGEQFF	YQIGGYTEKW
CASSMGTGFSHEQFF	YQIGGYTEKW
CASSLGQGIIYEQYF	YQIGGYTEKW
CASTPGTGLSYEQYF	YQIGGYTEKW
CASSLLWTDDYEQYF	YQIGGYTEKW
CASSLGQGFTYEQYF	YQIGGYTEKW
CASSKGQGISYEQYF	YQIGGYTEKW
CASSAGLGVNYEQYF	YQIGGYTEKW
CASSIGIGLPDTQYF	YQIGGYTEKW
CASSIGVGTLYEQFF	YQIGGYTEKW
CASSIGQGLLGELFF	YQIGGYTEKW
CASSIGAGVPDTQYF	YQIGGYTEKW
CASSIGLGTAYEQYF	YQIGGYTEKW
CASSPGTGRIYEQYF	YQIGGYTEKW
CASSIGAGVSYEQYF	YQIGGYTEKW
CASSIGTGDRYEQYF	YQIGGYTEKW
CASSPVARNEQYF	YQIGGYTEKW
CASSAGTGVIYEQFF	YQIGGYTEKW
CASSIGVGTNQPQHF	YQIGGYTEKW
CASSIGLGLGVEQYF	YQIGGYTEKW
CASSIGSGLSYEQYF	YQIGGYTEKW
CASSAFSSAINEQFF	YQIGGYTEKW
CASSIGQGAVSEQYF	YQIGGYTEKW
CASRVTPGQGNNPYEQYF	YQIGGYTEKW
CASSIGTGSSYEQYF	YQIGGYTEKW
CASSIGAGTSYEQYF	YQIGGYTEKW
CASSLGQGLTYEQYF	YQIGGYTEKW
CASSIGTGSIGELFF	YQIGGYTEKW
CASSIGQGYLYEQYF	YQIGGYTEKW
CASNPGLSPYNTQYF	YQIGGYTEKW
CASSLGQGDTYEQYF	YQIGGYTEKW
CASSRGQGVDYEQYF	YQIGGYTEKW
CASSMGTGFSWAQHF	YQIGGYTEKW
CASSIGAGGNQPQHF	YQIGGYTEKW
CASSLGQGPPGANVLTF	YQIGGYTEKW
CASSLGLGISYEQYF	YQIGGYTEKW
CASSIGQGARYEQYF	YQIGGYTEKW
CASSIGTGLSYEQYF	YQIGGYTEKW
CASSMGTGVVQPQHF	YQIGGYTEKW
CASTRQGLSDEQFF	YQIGGYTEKW
CASSMGQGMNTEAFF	YQIGGYTEKW
CASSSSSGDTQYF	YQIGGYTEKW
CASSIGTGLGNEQFF	YQIGGYTEKW
CASSMGSGLGYEQFF	YQIGGYTEKW
CASSMGQGLDYEQYF	YQIGGYTEKW
CASSIGTGVPGELFF	YQIGGYTEKW
CATSMGQGSDTQYF	YQIGGYTEKW
CASSIGTGMNTEAFF	YQIGGYTEKW
CASSFWHQETQYF	YQIGGYTEKW
CASTPGQGLNTEAFF	YQIGGYTEKW
CASSPTSGGSYEQYF	YQIGGYTEKW
CASSIGSGLSYEQYF	YQIGGYTEKW
CASSAGQGISYEQYF	YQIGGYTEKW
CASSMGLGSSYEQYF	YQIGGYTEKW
CASAQGTGMNTEAFF	YQIGGYTEKW
CASSIGQGSSYEQYF	YQIGGYTEKW
CASSLGQGFAYEQYF	YQIGGYTEKW
CASSIGLGLGSYNEQFF	YQIGGYTEKW
CASSGGQGTSYEQYF	YQIGGYTEKW
CASSIGLGAAGELFF	YQIGGYTEKW
CASSVGLGSSYEQYF	YQIGGYTEKW
CASNPGQGSSYEQYF	YQIGGYTEKW
CASSLQGMEEQFF	YQIGGYTEKW
CASSIGTGSNQPQHF	YQIGGYTEKW
CASSIGTGQAYEQYF	YQIGGYTEKW
CASSIGAGTSYEQYF	YQIGGYTEKW
CASSQGQGLSYEQYF	YQIGGYTEKW
CASSPQGGTSGVNTGELFF	YQIGGYTEKW
CASSIGLGLNNQPQHF	YQIGGYTEKW
CASTDGTDTQYF	YQIGGYTEKW
CASSIGQSSNQPQHF	YQIGGYTEKW
CASASGTGVSYEQYF	YQIGGYTEKW
CASSFLGTNTGELFF	YQIGGYTEKW
CASSRGQGWDYEQYF	YQIGGYTEKW
CASSIGLGVNGELFF	YQIGGYTEKW
CASSFSMTGNIQYF	YQIGGYTEKW
CASSLGLSSYNEQFF	YQIGGYTEKW
CASNSGLGPNQPQHF	YQIGGYTEKW
CASSMGLGLAGGEQFF	YQIGGYTEKW
CASSVGQGLSYEQYF	YQIGGYTEKW
CASSSGLAGFYEQYF	YQIGGYTEKW
CASSLVSRGSYNEQFF	YQIGGYTEKW
CASSPRLGYEQYF	YQIGGYTEKW
CASTTGTGMNTEAFF	YQIGGYTEKW
CASSMGQGSAYEQYF	YQIGGYTEKW
CASSPLNSGANVLTF	YQIGGYTEKW
CASSMGQGVSYEQYF	YQIGGYTEKW
CASSKGQGISYEQYF	YQIGGYTEKW
CASSAGTGFSYEQYF	YQIGGYTEKW
CASSMGQGLLYEQYF	YQIGGYTEKW
CASTLGQGLYNEQFF	YQIGGYTEKW
CASSLGQGAAYEQYF	YQIGGYTEKW
CASTPGTGLAYEQYF	YQIGGYTEKW
CASSPGAGTAYEQYF	YQIGGYTEKW
CASSIGQGLTYEQYF	YQIGGYTEKW
CAISGFGTYSTDTQYF	YQIGGYTEKW
CASHQGTGVGGELFF	YQIGGYTEKW
CASSIGTGLVNEQFF	YQIGGYTEKW
CASSPGVGLADEQYF	YQIGGYTEKW
CASSIGQGVSYEQYF	YQIGGYTEKW
CASSLRSSYEQYF	YQIGGYTEKW
CASSKGQGLTFEQFF	YQIGGYTEKW
CASSIGQGLDYEQYF	YQIGGYTEKW
CASSIGAGLSYEQYF	YQIGGYTEKW
CASSSGAYEQYF	YQIGGYTEKW
CASSIGLGQGHEQFF	YQIGGYTEKW
CASSGGVGIPYEQYF	YQIGGYTEKW
CASSMGTGYSYEQYF	YQIGGYTEKW
CASSIGQGKVYEQYF	YQIGGYTEKW
CASSIGTGLNTEAFF	YQIGGYTEKW
CASTPGTGLVGELFF	YQIGGYTEKW
CASSIGTGSAYEQYF	YQIGGYTEKW
CASSWGLGFTGELFF	YQIGGYTEKW
CASASGTGVPDTQYF	YQIGGYTEKW
CASSGGRTAWEPQHF	YQIGGYTEKW
CASSIRDSYEQYF	YQIGGYTEKW
CASSRGQGIAYEQYF	YQIGGYTEKW
CASSLGTGVSYEQYF	YQIGGYTEKW
CASSSGLGLSYEQYF	YQIGGYTEKW
CASSMGRGISYEQYF	YQIGGYTEKW
CASSSGQGVSYEQYF	YQIGGYTEKW
CASSMGQGMSYEQYF	YQIGGYTEKW
CASSTGTGSSYEQYF	YQIGGYTEKW
CASSIGQGQIYEQYF	YQIGGYTEKW
CASSIGTGWSTEAFF	YQIGGYTEKW
CASSQGQGLTYEQYF	YQIGGYTEKW
CASSIGLGPDHQPQHF	YQIGGYTEKW
CSASGGAGEQFF	YQIGGYTEKW
CASSIGTGLDYEQYF	YQIGGYTEKW
CASSIGLGVPSYNEQFF	YQIGGYTEKW
CASTPGSGLATYNEQFF	YQIGGYTEKW
CASSTGQGLDTEAFF	YQIGGYTEKW
CASSLGQGSTLIQYF	YQIGGYTEKW
CASSTGQGLAYEQYF	YQIGGYTEKW
CASSRGLGGGNIQYF	YQIGGYTEKW
CASSQTQGHEQYF	YQIGGYTEKW
CASSLGQGPRGGRADTQYF	YQIGGYTEKW
CASSPGLGDLYEQYF	YQIGGYTEKW
CASSIGQGLSYEQFF	YQIGGYTEKW
CASSTGQGISYEQYF	YQIGGYTEKW
CASISKGIDISREQYF	YQIGGYTEKW
CASSVGTGISYEQYF	YQIGGYTEKW
CASSIDPGYEQFF	YQIGGYTEKW
CASSLGTGYNYEQYF	YQIGGYTEKW
CASSPGQGAIYEQYF	YQIGGYTEKW
CASTPGQGFGNEQFF	YQIGGYTEKW
CASSLGQGLDTEAFF	YQIGGYTEKW
CASSSPDPFGGEAEAFF	YQIGGYTEKW
CASSIGQGVNQPQHF	YQIGGYTEKW
CASSKGLGTSYEQYF	YQIGGYTEKW
CASRTTDKLEAFF	YQIGGYTEKW
CASSIGQGIAYEQYF	YQIGGYTEKW
CASTEGLGQSYEQYF	YQIGGYTEKW
CASGGQGIASPYGYTF	YQIGGYTEKW
CASSIGQGSSYEQYF	YQIGGYTEKW
CASSGGHVSNTGELFF	YQIGGYTEKW
CASQPGTGDGNQPQHF	YQIGGYTEKW
CASSIGIGGSYEQYF	YQIGGYTEKW
CASINRGRGVPQHF	YQIGGYTEKW
CASSIGQGNSYEQYF	YQIGGYTEKW
CASSRGQGTSYEQYF	YQIGGYTEKW
CASSIGTGVTGELFF	YQIGGYTEKW
CAWSASYEQYF	YQIGGYTEKW
CASSPGTGFSYEQYF	YQIGGYTEKW
CASSIGTGVGYEQYF	YQIGGYTEKW
CASTSGIGVSYEQYF	YQIGGYTEKW
CASSFSGNRETQYF	YQIGGYTEKW
CASSIGGGLSYEQYF	YQIGGYTEKW
CASSIGQGLLYEQYF	YQIGGYTEKW
CASSLGQGVLYEQYF	YQIGGYTEKW
CASSPGQGLSYEQYF	YQIGGYTEKW
CASSIGSGRAYEQYF	YQIGGYTEKW
CASSIGQGIAYEQYF	YQIGGYTEKW
CASSQGSGVGQPQHF	YQIGGYTEKW
CASSVGVGLTGELFF	YQIGGYTEKW
CASSIGVGVPDTQYF	YQIGGYTEKW
CASSIGLGENYEQYF	YQIGGYTEKW
CASSIGTGRSYEQYF	YQIGGYTEKW
CASSRGQGLSYEQYF	YQIGGYTEKW
CASSPGTGRLYEQYF	YQIGGYTEKW
CASSIGQGRGYEQYF	YQIGGYTEKW
CASSIGTGLGHEQFF	YQIGGYTEKW
CASTPGLGMRHEQYF	YQIGGYTEKW
CASSMGIGSSNNEQFF	YQIGGYTEKW
CASSIGIGLAYEQYF	YQIGGYTEKW
CASSQDPRDRVIKATNEKLFF	YQIGGYTEKW
CASAFGQGLSYEQYF	YQIGGYTEKW
CASSIGRGPEVYNEQFF	YQIGGYTEKW
CASSIGTGASYEQYF	YQIGGYTEKW
CASALGQGLTDTQYF	YQIGGYTEKW
CASSKGQVRYF	YQIGGYTEKW
CASSRGLGTEYEQYF	YQIGGYTEKW
CASNPGLGSSYEQYF	YQIGGYTEKW
CASSIGTGNGYEQYF	YQIGGYTEKW
CASSMGQGLSYEQYF	YQIGGYTEKW
CASSLGQGEAYEQYF	YQIGGYTEKW
CASSLAFGNQPQHF	YQIGGYTEKW
CSVEDRGGGPHIQYF	YQIGGYTEKW
CASSIGQGVSQPQHF	YQIGGYTEKW
CASSPGQGMAYEQYF	YQIGGYTEKW
CASSMGQGLSYEQYF	YQIGGYTEKW
CASSPGTLAGEQYF	YQIGGYTEKW
CASTPGLGLLNEQFF	YQIGGYTEKW
CASRTPRQAAYEQYF	YQIGGYTEKW
CASSIGIGLANEQFF	YQIGGYTEKW
CASSLGQGVPGELFF	YQIGGYTEKW
CASSLGVGISDEQYF	YQIGGYTEKW
CASSLGLGLAVYNEQFF	YQIGGYTEKW
CASSPGTGESYEQYF	YQIGGYTEKW
CASTTGAGRDNEQFF	YQIGGYTEKW
CASSIGQGSNTGELFF	YQIGGYTEKW
CASSTGTGSVDEQFF	YQIGGYTEKW
CASSIGLGMAYEQYF	YQIGGYTEKW
CASSIGQGITYEQYF	YQIGGYTEKW
CASSKGQGLSYEQYF	YQIGGYTEKW
CASSLGLGASYEQYF	YQIGGYTEKW
CASNLGLGPSTDTQYF	YQIGGYTEKW
CASSLGQGLSYEQYF	YQIGGYTEKW
CASSIGTGLAYEQYF	YQIGGYTEKW
CASTTGIGLLTEAFF	YQIGGYTEKW
CASSTGTGLSYEQYF	YQIGGYTEKW
CASSMGLGLSYEQYF	YQIGGYTEKW
CASSTGQGLVYEQYF	YQIGGYTEKW
CASSFGTGLNTEAFF	YQIGGYTEKW
CASSIGQGVTYEQYF	YQIGGYTEKW
CASSMGQGLSYEQYF	YQIGGYTEKW
CASSVGQGLDYEQYF	YQIGGYTEKW
CASSIGQGIGYEQYF	YQIGGYTEKW
CASSIGTGDSYEQYF	YQIGGYTEKW
CAWTSMNTEAFF	YQIGGYTEKW
CASSIGTGVSYEQYF	YQIGGYTEKW
CASSIGSGSAYEQYF	YQIGGYTEKW
CASSIGLGSSGANVLTF	YQIGGYTEKW
CASSIGVGQDYEQYF	YQIGGYTEKW
CASSIGTGLSYEQYF	YQIGGYTEKW
CASSQDAGGPSYNEQFF	YQIGGYTEKW
CASSSGLGLSYEQYF	YQIGGYTEKW
CASTLGQGLDTEAFF	YQIGGYTEKW
CASSIGQGLTYEQYF	YQIGGYTEKW
CASSSSLTGRAASQETQYF	YQIGGYTEKW
CASSIGQGVSYEQYF	YQIGGYTEKW
CASSIGEGLIYEQYF	YQIGGYTEKW
CASSIGFGTLSYNEQFF	YQIGGYTEKW
CASSIGLGRNYEQYF	YQIGGYTEKW
CASSIGQGEIDEQFF	YQIGGYTEKW
CASSIGTGLTGELFF	YQIGGYTEKW
CASSTGQGLTYEQYF	YQIGGYTEKW
CASSIGRGLEYEQFF	YQIGGYTEKW
CASSIGAGRAYEQYF	YQIGGYTEKW
CASSIGLGQGYEQYF	YQIGGYTEKW
CASSAGLGASYNEQFF	YQIGGYTEKW
CASSIGSGTAYEQYF	YQIGGYTEKW
CASSIGLGAYQPQHF	YQIGGYTEKW
CASSTLAGGPYNEQFF	YQIGGYTEKW
CASSLLGGDEQYF	YQIGGYTEKW
CASSFGQGASYEQYF	YQIGGYTEKW
CASSMGTGLIDEQFF	YQIGGYTEKW
CATAPGLGLRNEQFF	YQIGGYTEKW
CASSIGTGLLTEAFF	YQIGGYTEKW
CATSPTGGSYNEQFF	YQIGGYTEKW
CASSPRDRTLLANTGELFF	YQIGGYTEKW
CASSIGTGTAYEQYF	YQIGGYTEKW
CASSKSRGLFDTGELFF	YQIGGYTEKW
CASSGGTGVNYEQYF	YQIGGYTEKW
CASSAGTGFSYEQYF	YQIGGYTEKW
CASTKGQGLDGELFF	YQIGGYTEKW
CASSIGQGLTYEQYF	YQIGGYTEKW
CASSLGLGGSYEQYF	YQIGGYTEKW
CSADQTGLGYTF	YQIGGYTEKW
CASSIGAGEIYEQYF	YQIGGYTEKW
CASTPGLGQSYEQYF	YQIGGYTEKW
CASSIGAGTAYEQYF	YQIGGYTEKW
CASSIGSGRWYEQFF	YQIGGYTEKW
CASSIGQGFVYEQYF	YQIGGYTEKW
CASSIGLAGAEQYF	YQIGGYTEKW
CASSIGRGQGYEQYF	YQIGGYTEKW
CASSTGTGISYEQYF	YQIGGYTEKW
CASSMGQGYSYEQYF	YQIGGYTEKW
CASTTGLGIGNEQFF	YQIGGYTEKW
CASSVGQGLTYEQYF	YQIGGYTEKW
CASSIGAGILNEQFF	YQIGGYTEKW
CASSLGQGPNNQPQHF	YQIGGYTEKW
CASSIGMGRTYEQYF	YQIGGYTEKW
CASSTGTGYTYEQYF	YQIGGYTEKW
CASSMGTGLAYEQYF	YQIGGYTEKW
CASSLGQGIIYEQYF	YQIGGYTEKW
CASSPLRQGVNSPLHF	YQIGGYTEKW
CASSIGEGTRYEQYF	YQIGGYTEKW
CASSMGQGFVYEQYF	YQIGGYTEKW
CASSIGTGAIYEQYF	YQIGGYTEKW
CASSIGQGSTYEQYF	YQIGGYTEKW
CASSIALAGLNEQFF	YQIGGYTEKW
CASSIGTGAPGELFF	YQIGGYTEKW
CASSIGQGTSYEQYF	YQIGGYTEKW
CSASELGFF	YQIGGYTEKW
CASSTGQGISYEQYF	YQIGGYTEKW
CASSFGQGSSYEQYF	YQIGGYTEKW
CASSYTSTPTDTQYF	YQIGGYTEKW
CASSIGQGMIYEQYF	YQIGGYTEKW
CASSPDPTGRIQPQHF	YQIGGYTEKW
CASSIGVGHSYEQYF	YQIGGYTEKW
CASSIGLGPLAKNIQYF	YQIGGYTEKW
CASSFSIGGEATQYF	YQIGGYTEKW
CASSDMGGGNQYF	YQIGGYTEKW
CASSIGVGSSGANVLTF	YQIGGYTEKW
CASSPLVGSWEAFF	YQIGGYTEKW
CASSIGQGFAYEQYF	YQIGGYTEKW
CASSQGTGLAGDEFF	YQIGGYTEKW
CASSMGQGVRNEQFF	YQIGGYTEKW
CASSMGQGTSYEQYF	YQIGGYTEKW
CASSPGLGLDHEQYF	YQIGGYTEKW
CASSSGTGVDYEQYF	YQIGGYTEKW
CASSIGTGVPETQYF	YQIGGYTEKW
CASTAGIGLNTEAFF	YQIGGYTEKW
CASSIGQGTAYEQYF	YQIGGYTEKW
CASSIGSGGLYEQYF	YQIGGYTEKW
CASSTGTGVNYEQYF	YQIGGYTEKW
CASSLGGQLPYEQYF	YQIGGYTEKW
CASSTGTGLGYEQYF	YQIGGYTEKW
CASSQGAGISYEQYF	YQIGGYTEKW
CASSQGTRVEFNNEQFF	YQIGGYTEKW
CASSIGTGVAGELFF	YQIGGYTEKW
CASSTGQGVAYEQYF	YQIGGYTEKW
CASSPGQGLSFEQYF	YQIGGYTEKW
CASSPGSGTRYEQYF	YQIGGYTEKW
CASSIGTGLNTEAFF	YQIGGYTEKW
CASSIGLGDSEYNEQFF	YQIGGYTEKW
CASGPGQGLSYEQYF	YQIGGYTEKW
CASTLGQGLDTEAFF	YQIGGYTEKW
CASSMGQGWSNEQFF	YQIGGYTEKW
CASSIGLGVAYEQYF	YQIGGYTEKW
CASSVGTGKVYEQYF	YQIGGYTEKW
CASSLGQGLTYEQYF	YQIGGYTEKW
CASSPGQGATYEQYF	YQIGGYTEKW
CASSTGQGVLYEQYF	YQIGGYTEKW
CASSIGTGVSYEQYF	YQIGGYTEKW
CASSQGLGLRNEQFF	YQIGGYTEKW
CASSLRQKGYEQYF	YQIGGYTEKW
CASSQGQGLNQPQHF	YQIGGYTEKW
CASSIGLGSLSYNEQFF	YQIGGYTEKW
CASSIGSGTSYEQYF	YQIGGYTEKW
CASSIGQGLNNQPQHF	YQIGGYTEKW
CASRLAVNGLLDTEAFF	YQIGGYTEKW
CASSEEGRGGLWDSFF	YQIGGYTEKW
CASSPGQGLRGEQYF	YQIGGYTEKW
CASSLTGEGNEQFF	YQIGGYTEKW
CASSLGQGLTYEQYF	YQIGGYTEKW
CASSMGQGMNTEAFF	YQIGGYTEKW
CASSVTGFKMDTQYF	YQIGGYTEKW
CASSTGTGNSYEQYF	YQIGGYTEKW
CASSPGQGISYEQYF	YQIGGYTEKW
CASSIVGGEYEQYF	YQIGGYTEKW
CASSFDYAREQFF	YQIGGYTEKW
CASSLQGNTEAFF	YQIGGYTEKW
CASSIGAGLNTEAFF	YQIGGYTEKW
CASSIGQGFDYEQYF	YQIGGYTEKW
CASTTWGTGRVDEQFF	YQIGGYTEKW
CASSIGQGISYEQYF	YQIGGYTEKW
CASSQARGDYEQYF	YQIGGYTEKW
CASSGQGDEQFF	YQIGGYTEKW
CASSLSFKTGGVTDTQYF	YQIGGYTEKW
CASSQGQGLVVEQYF	YQIGGYTEKW
CASSLGQGKVYEQYF	YQIGGYTEKW
CASSIGQGQVYEQYF	YQIGGYTEKW
CASSSGQGHSYEQYF	YQIGGYTEKW
CASSIGQGVNQPQHF	YQIGGYTEKW
CASSYLQGPGEQFF	YQIGGYTEKW
CASSLGQGIKYEQYF	YQIGGYTEKW
CASSIGTGLLAKNIQYF	YQIGGYTEKW
CASSTGQGLSYEQYF	YQIGGYTEKW
CASSVGQGLNQPQHF	YQIGGYTEKW
CASSMGQGWSYEQYF	YQIGGYTEKW
CASSSGQGVSYEQYF	YQIGGYTEKW
CASSLGIGTAKSYEQYF	YQIGGYTEKW
CASSSGTGLSYEQYF	YQIGGYTEKW
CASSIGTGGGYEQYF	YQIGGYTEKW
CASSPGQGLVYEQYF	YQIGGYTEKW
CASNIGTGNTGELFF	YQIGGYTEKW
CASGSGQGLSYEQYF	YQIGGYTEKW
CASSEGQGLLFRQFF	YQIGGYTEKW
CASSMGQGWDYEQYF	YQIGGYTEKW
CASSPGHGIQYEQYF	YQIGGYTEKW
CASSIGSGLNNQPQHF	YQIGGYTEKW
CASSISQGISYEQYF	YQIGGYTEKW
CASSIGRGLNGYEQYF	YQIGGYTEKW
CASTPGQGLSYEQYF	YQIGGYTEKW
CASSLGQGLRNEQFF	YQIGGYTEKW
CAWSVIGEKLFF	YQIGGYTEKW
CASTTSPTPNTEAFF	YQIGGYTEKW
CASSIGLGFSYEQYF	YQIGGYTEKW
CASSIGEGLSYEQFF	YQIGGYTEKW
CASSVKGWIQGFQDF	YQIGGYTEKW
CASSTGLGVAGELFF	YQIGGYTEKW
CASSIGSGPNQPQHF	YQIGGYTEKW
CSARDWSGRFGDEQFF	YQIGGYTEKW
CASSMGQGLAYEQFF	YQIGGYTEKW
CASSPGTGLAYEQYF	YQIGGYTEKW
CASSLGGGLSYEQYF	YQIGGYTEKW
CASSLGQGSSYEQYF	YQIGGYTEKW
CASSMGVGMNTEAFF	YQIGGYTEKW
CASSIGQGESYEQYF	YQIGGYTEKW
CASSQGLGPNNQPQHF	YQIGGYTEKW
CASSIGQGYSYEQYF	YQIGGYTEKW
CASSIGQGVMNEQFF	YQIGGYTEKW
CASNPGLGLNTEAFF	YQIGGYTEKW
CASSLGTGHSYEQYF	YQIGGYTEKW
CASSIGLGSSYEQYF	YQIGGYTEKW
CASSLMREQYF	YQIGGYTEKW
CASSDPDRAVQDTEAFF	YQIGGYTEKW
CASSPGVGLSYEQYF	YQIGGYTEKW
CASSVGEGAAYNEQFF	YQIGGYTEKW
CASSVGQGARGEQYF	YQIGGYTEKW
CASSIGAGMAYEQYF	YQIGGYTEKW
CTITSGREDTQYF	YQIGGYTEKW
CASSSGQGISYEQYF	YQIGGYTEKW
CASSIGQGAVYEQYF	YQIGGYTEKW
CASSSDGSYEQYF	YQIGGYTEKW
CASSQPRDLETQYF	YQIGGYTEKW
CASSVGQGVSYEQYF	YQIGGYTEKW
CASSSTGTSDSDTQYF	YQIGGYTEKW
CASSIGQGLSYEQYF	YQIGGYTEKW
CASSIGSGLSGEQFF	YQIGGYTEKW
CASSKRSTDRGKETQYF	YQIGGYTEKW
CASSRGQGLVFEQFF	YQIGGYTEKW
CASPRQNTGELFF	YQIGGYTEKW
CASSVGTGVMYEQYF	YQIGGYTEKW
CASSLGTGLSYEQYF	YQIGGYTEKW
CASRRAGSYEQYF	YQIGGYTEKW
CASSAGQGISYEQYF	YQIGGYTEKW
GPPLRRLAGPGANVLTF	YQIGGYTEKW
CASSTGQGIAYEQYF	YQIGGYTEKW
CASSGGTGFSYEQYF	YQIGGYTEKW
CASSIGRGTSYEQYF	YQIGGYTEKW
CASTIGVGVGNEQFF	YQIGGYTEKW
CASSMGQGTSYEQYF	YQIGGYTEKW
CASTSGQGLNYEQYF	YQIGGYTEKW
CASILYPTDTQYF	YQIGGYTEKW
CASSLGQGLTGELFF	YQIGGYTEKW
CASSIGQGVSYEQYF	YQIGGYTEKW
CASSQGTGFSYEQYF	YQIGGYTEKW
CASSVGQGISYEQYF	YQIGGYTEKW
CASSPWTGEETQYF	YQIGGYTEKW
CASSIGQGLSYEQYF	YQIGGYTEKW
CASSMGQGLKHEQYF	YQIGGYTEKW
CASSIGAGSAYEQYF	YQIGGYTEKW
CASSVGTGTSGELFF	YQIGGYTEKW
CASSLGQGLDYEQYF	YQIGGYTEKW
CASSPGLGMLSEQYF	YQIGGYTEKW
CASSISLAGNEQFF	YQIGGYTEKW
CASSIGLGRTYEQYF	YQIGGYTEKW
CASSIGQGLTYEQYF	YQIGGYTEKW
CASAPGTGVIYEQYF	YQIGGYTEKW
CASSPGQGIAYEQYF	YQIGGYTEKW
CASSIGLGLAYEQYF	YQIGGYTEKW
CASSIGQGVDYEQYF	YQIGGYTEKW
CASSVGTGHSYEQYF	YQIGGYTEKW
CASSSGTGLTYEQYF	YQIGGYTEKW
CASSTGQGFSYEQYF	YQIGGYTEKW
CASSSGQGLAHEQFF	YQIGGYTEKW
CASSKGLGIDTEAFF	YQIGGYTEKW
CASSIGTGEVDEQYF	YQIGGYTEKW
CASSEVDSPYNEQFF	YQIGGYTEKW
CASSIGQGFSYEQYF	YQIGGYTEKW
CASSVGQGVLYEQYF	YQIGGYTEKW
CASSATGLGYEQYF	YQIGGYTEKW
CASSIGQGVAYEQYF	YQIGGYTEKW
CASSTGTGHSYEQYF	YQIGGYTEKW
CASSIGQGLRLELFF	YQIGGYTEKW
CASSMGQGKLYEQYF	YQIGGYTEKW
CASSPGQGISYEQYF	YQIGGYTEKW
CASSPGRGQLYEQYF	YQIGGYTEKW
CASSGGQGLTYEQYF	YQIGGYTEKW
CASSIGAGVSFEQYF	YQIGGYTEKW
CASSLGQGLINEQFF	YQIGGYTEKW
CASSIGQGGSYEQYF	YQIGGYTEKW
CASSTGQGLSYEQYF	YQIGGYTEKW
CASSIGTGGSYEQFF	YQIGGYTEKW
CASSLGQGATYEQYF	YQIGGYTEKW
CASSIGVGQGHQPQHF	YQIGGYTEKW
CASSMGQGLEAEQFF	YQIGGYTEKW
CASSTGQGFAYEQYF	YQIGGYTEKW
CASSIGLGNSYEQYF	YQIGGYTEKW
CASSFGQGLSYEQYF	YQIGGYTEKW
CASSIGQGVRYEQFF	YQIGGYTEKW
CASSESSTAYEQYF	YQIGGYTEKW
CASSIGGGLRYEQYF	YQIGGYTEKW
CASSNGSGLLYEQFF	YQIGGYTEKW
CASSIGAGVAYEQYF	YQIGGYTEKW
CASSRGVGTVSYNEQFF	YQIGGYTEKW
CASSIGQGGSGELFF	YQIGGYTEKW
CASSVGQGASYEQYF	YQIGGYTEKW
CASTQGQGHHYEQYF	YQIGGYTEKW
CASSIGLGLANEQFF	YQIGGYTEKW
CASSIGTGVAYNEQFF	YQIGGYTEKW
CASSSGLAGEQFF	YQIGGYTEKW
CASSIGQGISYEQYF	YQIGGYTEKW
CAWNSAGPHNEQFF	YQIGGYTEKW
CASSSGTGVDYEQYF	YQIGGYTEKW
CASSIGIGLQETQYF	YQIGGYTEKW
CASSIGQGIIYEQFF	YQIGGYTEKW
CASSLGQGQSYEQYF	YQIGGYTEKW
CASSIGAGVSYEQYF	YQIGGYTEKW
CASSTGTGLNTEAFF	YQIGGYTEKW
CASSPGQGLSYEQYF	YQIGGYTEKW
CASSVGTGSVDEQFF	YQIGGYTEKW
CASSIGVGLDNEQFF	YQIGGYTEKW
CASSIGQGLSYEQYF	YQIGGYTEKW
CASSDWTGRSTGELFF	YQIGGYTEKW
CASSIGLGSSSYEQYF	YQIGGYTEKW
CASTSGLGMNTEAFF	YQIGGYTEKW
CASSMGVGSGNTIYF	YQIGGYTEKW
CASSQGQGILYEQYF	YQIGGYTEKW
CASSLGQGHIYEQYF	YQIGGYTEKW
CASTRGQGVNQPQHF	YQIGGYTEKW
CASSLGTGYSYEQYF	YQIGGYTEKW
CASSGGLGVRHEQFF	YQIGGYTEKW
CASSIGQGMAYEQYF	YQIGGYTEKW
CASSHGTGVAGELFF	YQIGGYTEKW
CASSIGLSSYNEQFF	YQIGGYTEKW
CASSIGTGSLYEQYF	YQIGGYTEKW
CASSLGTGNSYEQYF	YQIGGYTEKW
CASSGQGVNNEQFF	YQIGGYTEKW
CASSQMPGGALGHEQYF	YQIGGYTEKW
CASSRGLGLSYEQYF	YQIGGYTEKW
CASSKGQGSLYEQYF	YQIGGYTEKW
CASSDLGLDLGKNIQYF	YQIGGYTEKW
CASSLGTGLSYEQYF	YQIGGYTEKW
CASSSGTGFDYEQYF	YQIGGYTEKW
CASSRTRGEQYF	YQIGGYTEKW
CASSIGQGLSYEQYF	YQIGGYTEKW
CASSPGTGYSYEQYF	YQIGGYTEKW
CASSIGLGSSYEQYF	YQIGGYTEKW
CASSIGGGLAYEQYF	YQIGGYTEKW
CASSLGLGTQGSYEQYF	YQIGGYTEKW
CASSIGQGADYGYTF	YQIGGYTEKW
CASTIGVGVGYEQYF	YQIGGYTEKW
CASSTGTGVVGELFF	YQIGGYTEKW
CASSIGQGPLWYGYTF	YQIGGYTEKW
CASSIGLGSSYEQYF	YQIGGYTEKW
CASSLGQGRTYEQYF	YQIGGYTEKW
CASSSGLGNSYEQYF	YQIGGYTEKW
CASSIGTGLLYEQYF	YQIGGYTEKW
CASSIGQGTVYEQYF	YQIGGYTEKW
CASGPGEGTSYEQYF	YQIGGYTEKW
CASSLTSGGPYEQYF	YQIGGYTEKW
CASSIGAGVVYEQYF	YQIGGYTEKW
CASSIGTGKFYEQYF	YQIGGYTEKW
CASSTGQGMAGELFF	YQIGGYTEKW
CASSTGQGVLGEQYF	YQIGGYTEKW
CASSQGQGISYEQFF	YQIGGYTEKW
CASAQGVGATYEQYF	YQIGGYTEKW
CASSLGQGAVYEQFF	YQIGGYTEKW
CASSLEVNEQFF	YQIGGYTEKW
CASSFRGQGYEQFF	YQIGGYTEKW
CASTTGTGHSGANVLTF	YQIGGYTEKW
CASSIGTGVANEQFF	YQIGGYTEKW
CASSIGTGTYNEQFF	YQIGGYTEKW
CASSLGLGLIYEQYF	YQIGGYTEKW
CASSMGLGVKNIQYF	YQIGGYTEKW
CASRRSGANVLTF	YQIGGYTEKW
CASSTGTGQAYEQYF	YQIGGYTEKW
CASSIGRGKAFEQFF	YQIGGYTEKW
CASSIGQGLSYEQYF	YQIGGYTEKW
CASSAGLGAVHEQYF	YQIGGYTEKW
CASSVGTGFSYEQYF	YQIGGYTEKW
CAWSAVGIEQFF	YQIGGYTEKW
CASSLGQGIAYEQYF	YQIGGYTEKW
CASSSEGRTEAFF	YQIGGYTEKW
CATSLGTGLTDTQYF	YQIGGYTEKW
CASTPGQGLGYEQYF	YQIGGYTEKW
CASSWGTGLLTEAFF	YQIGGYTEKW
CASSIGQGLAYEQYF	YQIGGYTEKW
CASSLSVLNEQFF	YQIGGYTEKW
CASSLGQGLAYEQYF	YQIGGYTEKW
CASSMGQGITYEQYF	YQIGGYTEKW
CASSIGVGQAYEQYF	YQIGGYTEKW
CASSVGQGLSYEQYF	YQIGGYTEKW
CASSIGVGQRNEQFF	YQIGGYTEKW
CASSTGTGLSYEQYF	YQIGGYTEKW
CASSQETLGSGGADEQFF	YQIGGYTEKW
CASSMGQGVKYEQYF	YQIGGYTEKW
CAAAKGVGLNTEAFF	YQIGGYTEKW
CASSLRNTGELFF	YQIGGYTEKW
CASSIGAGLLEKLFF	YQIGGYTEKW
CASSVLSGAPTGELFF	YQIGGYTEKW
CASSMGVGVSYEQYF	YQIGGYTEKW
CASSIGLGNSYEQYF	YQIGGYTEKW
CATSGQGFGSYNEQFF	YQIGGYTEKW
CASSIGAGPISYNEQFF	YQIGGYTEKW
CASSIGTGLDTEAFF	YQIGGYTEKW
CASSIGTGLRYEQYF	YQIGGYTEKW
CASSIGQGASYEQYF	YQIGGYTEKW
CASSKGQGVSYEQYF	YQIGGYTEKW
CASSIGTGTSYEQYF	YQIGGYTEKW
CASSPGTGLSYEQYF	YQIGGYTEKW
CASSIGQGVRTEAFF	YQIGGYTEKW
CASSVGTGLSYEQYF	YQIGGYTEKW
CASTPGSGRQYEQYF	YQIGGYTEKW
CASSSGQGLSYEQYF	YQIGGYTEKW
CASSPRAGHSNQPQHF	YQIGGYTEKW
CASSIGQGNAHEQFF	YQIGGYTEKW
CASSIGTGASGANVLTF	YQIGGYTEKW
CASSPGQGSLYEQYF	YQIGGYTEKW
CASSIGVGTPLQFF	YQIGGYTEKW
CASSLGQGSSYEQYF	YQIGGYTEKW
CASSIAQGVSYEQYF	YQIGGYTEKW
CASSGGDSANQPQHF	YQIGGYTEKW
CASSTGTGINYEQYF	YQIGGYTEKW
CASSIGRGVSYEQYF	YQIGGYTEKW
CATSTGQGFSYEQYF	YQIGGYTEKW
CASSIGLGLSYEQYF	YQIGGYTEKW
CASSIGQGLAYEQYF	YQIGGYTEKW
CASSIGIGVATEAFF	YQIGGYTEKW
CASSPGTGLSYEQYF	YQIGGYTEKW
CASSMGQGISYEQYF	YQIGGYTEKW
