CDR3	AA
CASSLGGTVYEQYF	IMLIIFWFSL
CASGHLNTEAFF	IMLIIFWFSL
CASSLDWSSYNEQFF	IMLIIFWFSL
CATRQGAYEQYF	IMLIIFWFSL
CASSWANTEAFF	IMLIIFWFSL
CASMPGPYTGELFF	IMLIIFWFSL
CASSLLSVQGHYNEQFF	IMLIIFWFSL
CASSHVGGGELFF	IMLIIFWFSL
CASSSGPYTGDGYTF	IMLIIFWFSL
CASSQDRGQGFYEQYF	IMLIIFWFSL
CASLRDNTGELFF	IMLIIFWFSL
CASSPANTEAFF	IMLIIFWFSL
CASSLGPQEYNSPLHF	IMLIIFWFSL
CASSQGGTRNDEQFF	IMLIIFWFSL
CASSLGVYSNQPQHF	IMLIIFWFSL
CASSFGTEFNSPLHF	IMLIIFWFSL
CASTRENYGYTF	IMLIIFWFSL
CASSVGPYTGELFF	IMLIIFWFSL
CAWSAVHDEQFF	IMLIIFWFSL
CASSLGIYQGPEGQPQHF	IMLIIFWFSL
CASTQGPYTGELFF	IMLIIFWFSL
CASILPETNTGELFF	IMLIIFWFSL
CASSLGPYVTDTQYF	IMLIIFWFSL
CASSSGPYSYEQYF	IMLIIFWFSL
CASSQGGSGEQFF	IMLIIFWFSL
CASSTRTGANNQPQHF	IMLIIFWFSL
CASSLGQGAYEQYF	IMLIIFWFSL
CASSFEGASYEQYF	IMLIIFWFSL
CASSRGPYTGELFF	IMLIIFWFSL
CSAKDWGGLVDTQYF	IMLIIFWFSL
CAVQQGPYTGELFF	IMLIIFWFSL
CATSSLGGNEQFF	IMLIIFWFSL
CASSNRSSYNEQFF	IMLIIFWFSL
CASSPTDTYGYTF	IMLIIFWFSL
CASSQDLAGVSTDTQYF	IMLIIFWFSL
CASSTQHSSYNEQFF	IMLIIFWFSL
CASSLTGGNTGELFF	IMLIIFWFSL
CASSVMGGAASEQYF	IMLIIFWFSL
CASSDELAIPLF	IMLIIFWFSL
CASSQTADSNQPQHF	IMLIIFWFSL
CASTPKKWGYGYTF	IMLIIFWFSL
CASLTLNTGELFF	IMLIIFWFSL
CASSLGGLEAFF	IMLIIFWFSL
CASSLQGNEQFF	IMLIIFWFSL
CASSLGQGAYEQYF	IMLIIFWFSL
CASSSGPYLSYGYTF	IMLIIFWFSL
CASSSIRAEEAFF	IMLIIFWFSL
CASSSQGGNEQYF	IMLIIFWFSL
CASSEGIYSVYEQYF	IMLIIFWFSL
WAGGRDTEAFF	IMLIIFWFSL
CASRWSGSGQPQHF	IMLIIFWFSL
CASSLGPYRVDTQYF	IMLIIFWFSL
CSARTGDIEAFF	IMLIIFWFSL
CASSVGLDEQFF	IMLIIFWFSL
CASSSGTGVEQFF	IMLIIFWFSL
CASSLGGSPYEQYF	IMLIIFWFSL
CASSSPRPTKGTGANVLTF	IMLIIFWFSL
CSARVAGGPGETQYF	IMLIIFWFSL
CASSEYATASVSTDTQYF	IMLIIFWFSL
CASRGQLDSYNEQFF	IMLIIFWFSL
CASSEGPYMVDTQYF	IMLIIFWFSL
CASSLTESSSNYGYTF	IMLIIFWFSL
CASLGSDYNEQFF	IMLIIFWFSL
CASSPGPYTGELFF	IMLIIFWFSL
CASSLGPYTDTQYF	IMLIIFWFSL
CASSFSYEQYF	IMLIIFWFSL
CASSEALYSVAHEQYF	IMLIIFWFSL
CSARNRDGPAPQHF	IMLIIFWFSL
CASGPGPYRTDTQYF	IMLIIFWFSL
CASSLGASSLTDTQYF	IMLIIFWFSL
CASSPLGGMSNEKLFF	IMLIIFWFSL
CASGLPSSGSNEQFF	IMLIIFWFSL
CASRPGPYSNQPQHF	IMLIIFWFSL
CSVDWQSGNTIYF	IMLIIFWFSL
CASTPALEETQYF	IMLIIFWFSL
CATSETAGGEQYF	IMLIIFWFSL
CASSSERDTQYF	IMLIIFWFSL
CASTQGNTEAFF	IMLIIFWFSL
CASSSGGVYEQYF	IMLIIFWFSL
CSASLGIMNTEAFF	IMLIIFWFSL
CSARVGPGRGTDEQYF	IMLIIFWFSL
CASSQRTGAPSTSIYGYTF	IMLIIFWFSL
CASSEGPYKITDTQYF	IMLIIFWFSL
CSVELAVYSYTTTDTQYF	IMLIIFWFSL
CSATKGFDLNTEAFF	IMLIIFWFSL
CASSPGLAGGYLYEQYF	IMLIIFWFSL
CASSDGPYMNTEAFF	IMLIIFWFSL
CAASGGPYSTDTQYF	IMLIIFWFSL
CASSLGQGIYEQYF	IMLIIFWFSL
CASSPEDRNF	IMLIIFWFSL
CASSLSGLQFF	IMLIIFWFSL
CASSLGGAMGTEAFF	IMLIIFWFSL
CASSSGPYVFPEAFF	IMLIIFWFSL
CASSQSNEKLFF	IMLIIFWFSL
CASATGPYSGELFF	IMLIIFWFSL
CASSHWDRSNTEAFF	IMLIIFWFSL
CASSPGTLIHGYTF	IMLIIFWFSL
CASSLGPYNTGGNVAFF	IMLIIFWFSL
CASSLDTGPYEYTEAFF	IMLIIFWFSL
CSARNTGEYTEAFF	IMLIIFWFSL
CASSLGEAGGFYEQYF	IMLIIFWFSL
CASSSITGYEQYF	IMLIIFWFSL
CASSEGPYRGGFDGYTF	IMLIIFWFSL
CASSFGGPNEQYF	IMLIIFWFSL
CASSWGPYRTGELFF	IMLIIFWFSL
CASSQGPYTGELFF	IMLIIFWFSL
CASSSTDREPSYEQYF	IMLIIFWFSL
CASRPRSGTSPLVQYF	IMLIIFWFSL
CASSPGPYYTDTQYF	IMLIIFWFSL
CASSEGIYMNTEAFF	IMLIIFWFSL
CASSPGPYSYNEQFF	IMLIIFWFSL
CASSLGGSPYEQYF	IMLIIFWFSL
CASSLGPYGETQYF	IMLIIFWFSL
CASILGPYTGELFF	IMLIIFWFSL
CATAHLGGSGVEQFF	IMLIIFWFSL
CASSLGPYSPLSSPLHF	IMLIIFWFSL
CASFSGTENTGELFF	IMLIIFWFSL
CASTEGGGELFF	IMLIIFWFSL
CASSFSPQAGNEKLFF	IMLIIFWFSL
CATLLTTKNIQYF	IMLIIFWFSL
CASSLGPYYGYTF	IMLIIFWFSL
CASGTGPYSNEKLFF	IMLIIFWFSL
CAGRQGPYLNTEAFF	IMLIIFWFSL
CASSTGPYTGELFF	IMLIIFWFSL
CASTKGPYIPHGYTF	IMLIIFWFSL
CASSEGPYTGELFF	IMLIIFWFSL
CASRTGPYTGETEAFF	IMLIIFWFSL
CASRAADTQYF	IMLIIFWFSL
CASSQGPYSYNEQFF	IMLIIFWFSL
CASSLGGSPYEQYF	IMLIIFWFSL
CASSPGPYLTDTQYF	IMLIIFWFSL
CASSSGPYTPYEQYF	IMLIIFWFSL
CASSSGPPLSYEQYF	IMLIIFWFSL
CASRSGPYTGELFF	IMLIIFWFSL
CASSLVSWEQYF	IMLIIFWFSL
CASSFLSWEQYF	IMLIIFWFSL
CASSQDVSGIGTDTQYF	IMLIIFWFSL
CSVSGDYNEQFF	IMLIIFWFSL
CASSPHTAGSSYNEQFF	IMLIIFWFSL
CASSPTLDSGRGQYF	IMLIIFWFSL
CASSLGVYGNQPQHF	IMLIIFWFSL
CASSLVGNTEAFF	IMLIIFWFSL
CASSPGPYSYEQYF	IMLIIFWFSL
CASSVHREETQYF	IMLIIFWFSL
CASSENAYEQYF	IMLIIFWFSL
CASSRVYTGELFF	IMLIIFWFSL
CASSMGLEPTYEQYF	IMLIIFWFSL
CASSPGPYSNQPQHF	IMLIIFWFSL
CASSMGPYTGELFF	IMLIIFWFSL
CASSFTGGRVF	IMLIIFWFSL
CASSTWNTEAFF	IMLIIFWFSL
CASSVVAGPNWEQYF	IMLIIFWFSL
CASSAITGTDWETQYF	IMLIIFWFSL
CASSELGPYNEQFF	IMLIIFWFSL
CASSLGPYSYEQYF	IMLIIFWFSL
CASSPGPYSNQPQHF	IMLIIFWFSL
CASSYGTPNTEAFF	IMLIIFWFSL
CASSVGSDTQYF	IMLIIFWFSL
CASTQIGTADNEQFF	IMLIIFWFSL
CATRDGTNYGYTF	IMLIIFWFSL
CASSFGGSTQYF	IMLIIFWFSL
CASSRLAGGPGEQYF	IMLIIFWFSL
CSASGGSKDTQYF	IMLIIFWFSL
CASSYSGTGGHEQYF	IMLIIFWFSL
CASSLGSYEQYF	IMLIIFWFSL
CASSLGQAAYEQYF	IMLIIFWFSL
CASSLEGNPYNSPLHF	IMLIIFWFSL
CASSLEGRLEQFF	IMLIIFWFSL
CASTLGDSSYEQYF	IMLIIFWFSL
CASSDGPYARTDTQYF	IMLIIFWFSL
CASNRGPYTGELFF	IMLIIFWFSL
CASSLTGTGGPPGDEKLFF	IMLIIFWFSL
CASSEGGHWASEAFF	IMLIIFWFSL
CASGQGEYNEQFF	IMLIIFWFSL
CASSRGNTEAFF	IMLIIFWFSL
CATLAGGPYTGELFF	IMLIIFWFSL
CASSQARVAGELFF	IMLIIFWFSL
CASSDGPYRGTEAFF	IMLIIFWFSL
CSAADRDYGYTF	IMLIIFWFSL
CAAQGGDTGELFF	IMLIIFWFSL
CASLSTGANTGELFF	IMLIIFWFSL
CSVDVEGIYGYTF	IMLIIFWFSL
CASSEGISYEQYF	IMLIIFWFSL
CASSSGPYIIYEQYF	IMLIIFWFSL
CASRSSGSGNEQFF	IMLIIFWFSL
CASRLTGTGELFF	IMLIIFWFSL
CASSLSGSPTDTQYF	IMLIIFWFSL
CASSEVIYSGNTEAFF	IMLIIFWFSL
CASSGRWGGESAGLGNEQFF	IMLIIFWFSL
CASSLAGGLGNEKLFF	IMLIIFWFSL
CASSIRQGATPYEQYF	IMLIIFWFSL
CASRKGPYTGELFF	IMLIIFWFSL
CASSLGPYKSGSNEQFF	IMLIIFWFSL
CATRGGPYTGELFF	IMLIIFWFSL
CASSLKTVGGELFF	IMLIIFWFSL
CATLLTNTGELFF	IMLIIFWFSL
CASSDGHTGNTEAFF	IMLIIFWFSL
CASSLSFYSNQPQHF	IMLIIFWFSL
CSVDSSGPYNEQFF	IMLIIFWFSL
CASSLEGISGELFF	IMLIIFWFSL
CASSPKRESYNEQFF	IMLIIFWFSL
CASSSSGYSNQPQHF	IMLIIFWFSL
CASSDVIYRASSEQYF	IMLIIFWFSL
CASSPGPYSNQPQHF	IMLIIFWFSL
CATEGMSSYNEQFF	IMLIIFWFSL
CASSLAGTYNEQFF	IMLIIFWFSL
CASNLGEDSNQPQHF	IMLIIFWFSL
CASSEYRGGPYEQYF	IMLIIFWFSL
CASSSTGISSQETQYF	IMLIIFWFSL
CASSPGPYYNEQFF	IMLIIFWFSL
CASSLGVYSNQPQHF	IMLIIFWFSL
CASSDRGSVNEQFF	IMLIIFWFSL
CASSSSGSNEQFF	IMLIIFWFSL
CASIPRSRTSCGEQFF	IMLIIFWFSL
CASSGGLAGPGEQFF	IMLIIFWFSL
CASSTLGVGRGTGHTYNEQFF	IMLIIFWFSL
CASSLGQGNIYEQYF	IMLIIFWFSL
CASSYHGSAVEQYF	IMLIIFWFSL
CASSWDGNPYNEQFF	IMLIIFWFSL
CASSSQSGISYEQYF	IMLIIFWFSL
CASSVGGLAELTGELFF	IMLIIFWFSL
CAYWTGGTEAFF	IMLIIFWFSL
CASSFGGSSYEQYF	IMLIIFWFSL
CASSFGVYGNQPQHF	IMLIIFWFSL
CASSLGGSGADTQYF	IMLIIFWFSL
CASSSGGPYIYNEQFF	IMLIIFWFSL
CASSWGGAGELFF	IMLIIFWFSL
CASSIWTSGSYEQYF	IMLIIFWFSL
CALWSGEVAGELFF	IMLIIFWFSL
CATHRENTEAFF	IMLIIFWFSL
CASSWGGSSEQYF	IMLIIFWFSL
CAWRPLWGPYITGELFF	IMLIIFWFSL
CASSESFYSNQPQHF	IMLIIFWFSL
CASSTHSIYEQYF	IMLIIFWFSL
CASSLVYKSQYF	IMLIIFWFSL
CSARDGRYEPYFGEQYF	IMLIIFWFSL
CASGVYEQYF	IMLIIFWFSL
CAISVGGFWTEAFF	IMLIIFWFSL
CASSLGGSPYEQYF	IMLIIFWFSL
CANQTRPLRSEAFF	IMLIIFWFSL
CSVSGTSGINEQFF	IMLIIFWFSL
CASSLEGGPKNIQYF	IMLIIFWFSL
CASSYSGGLYNTEAFF	IMLIIFWFSL
CAITSGTDNTGELFF	IMLIIFWFSL
CSARGSPRRDQPDTQYF	IMLIIFWFSL
CASGSGPYLLDEQYF	IMLIIFWFSL
CASSDPLQTQYF	IMLIIFWFSL
CASSPGPYSEQFF	IMLIIFWFSL
CAMLRENTGELFF	IMLIIFWFSL
CASSPNYYEQYF	IMLIIFWFSL
CASSFGGELFF	IMLIIFWFSL
CASRLAGGVEQFF	IMLIIFWFSL
CATSDSSYEQYF	IMLIIFWFSL
CASSDWVGGGLTGELFF	IMLIIFWFSL
CASMPGPYTGELFF	IMLIIFWFSL
CASSPGGLWDEQFF	IMLIIFWFSL
CASGLASTYNEQFF	IMLIIFWFSL
CASSEGPYWTGELFF	IMLIIFWFSL
CASRPGPYSGANVLTF	IMLIIFWFSL
CASSPSWTHIGTEAFF	IMLIIFWFSL
CASSLYSNEQFF	IMLIIFWFSL
CASSSGTVSNQPQHF	IMLIIFWFSL
CASSQERLAGFQETQYF	IMLIIFWFSL
CASSLAQGANEQFF	IMLIIFWFSL
CASSEGQTGTDTQYF	IMLIIFWFSL
CASSLAPYTDTQYF	IMLIIFWFSL
CASSWGNTIYF	IMLIIFWFSL
CASSLGPYTGELFF	IMLIIFWFSL
CASDAGVYSNQPQHF	IMLIIFWFSL
CASSLGIYTNTEAFF	IMLIIFWFSL
CASSRGGDEQYF	IMLIIFWFSL
CASSPWTGGEQYF	IMLIIFWFSL
CSARVGDSGANVLTF	IMLIIFWFSL
CSARGGVDLASPDTQYF	IMLIIFWFSL
CASSPTQGGHEQYF	IMLIIFWFSL
CASSIRPGDGTDTQYF	IMLIIFWFSL
CASTPGPYSTDTQYF	IMLIIFWFSL
CASLAMNTGELFF	IMLIIFWFSL
CASSPPDRLLEAFF	IMLIIFWFSL
CASSLTGTYEQYF	IMLIIFWFSL
CASSYGGGGELFF	IMLIIFWFSL
CASSSGPYSYEQYF	IMLIIFWFSL
CASSSPGPYTGPILFF	IMLIIFWFSL
CASSLGGHPTYEQYF	IMLIIFWFSL
CASSPIGPSYQETQYF	IMLIIFWFSL
CSARDTGGLSYEQYF	IMLIIFWFSL
CASSSTSTSGRAISYEQYF	IMLIIFWFSL
CASSLGPYQETQYF	IMLIIFWFSL
CASSFVYGEQYF	IMLIIFWFSL
CASLGLTANTGELFF	IMLIIFWFSL
CASSPVELYSRTNEKLFF	IMLIIFWFSL
CASSSGPYTGELFF	IMLIIFWFSL
CASSPTGGTGELFF	IMLIIFWFSL
CSARSGGAGYEQYF	IMLIIFWFSL
CASTEGTSSSYGYTF	IMLIIFWFSL
CASSPSGDLNSPLHF	IMLIIFWFSL
CASDPAASGGDTQYF	IMLIIFWFSL
CASSPGQGETQYF	IMLIIFWFSL
CASSFGPYLNEKLFF	IMLIIFWFSL
CASSLGGYEQYF	IMLIIFWFSL
CASRSGPYTGELFF	IMLIIFWFSL
CASTLGPYAYNEQFF	IMLIIFWFSL
CASSLKAGIHGYTF	IMLIIFWFSL
CASSGGPYYMNTEAFF	IMLIIFWFSL
CASSQSGNEQFF	IMLIIFWFSL
CAGKWGEYTEAFF	IMLIIFWFSL
CASGLGPYRVGAQYF	IMLIIFWFSL
CASSSGPYITDTQYF	IMLIIFWFSL
CASSLGRNSYEQYF	IMLIIFWFSL
CASSFADPDTQYF	IMLIIFWFSL
