CDR3	AA
CASSLTGAMNTEAFF	LSPRWYFYY
CASSIVQGRTEAFF	LSPRWYFYY
CAWDAGAGGPGGELFF	LSPRWYFYY
CASSLAGVPQSNEQFF	LSPRWYFYY
CASSLAGGPHQPQHF	LSPRWYFYY
CSANPRGDTYEQYF	LSPRWYFYY
CASSLAGISYEQYF	LSPRWYFYY
CASSVGGGGQPQHF	LSPRWYFYY
CASSLAGVEQFF	LSPRWYFYY
CASSELSANKGTQYF	LSPRWYFYY
CASLLIPGNTIYF	LSPRWYFYY
CASSLAGAYEQYF	LSPRWYFYY
CATDRGSNSPLHF	LSPRWYFYY
CATSDLTRDEQYF	LSPRWYFYY
CASSQSPGAGYEQYF	LSPRWYFYY
CASSVIGGPMNTEAFF	LSPRWYFYY
CASSLAGGYNQPQHF	LSPRWYFYY
CAGTGGCTDTQYF	LSPRWYFYY
CASSELPRVGSYGYTF	LSPRWYFYY
CSASVWGRSDTQYF	LSPRWYFYY
CASSRLAGGPGNEQFF	LSPRWYFYY
CASSLGADRTYNEQFF	LSPRWYFYY
CSTQQGGYNEQFF	LSPRWYFYY
CASSPLAGTGPFTQYF	LSPRWYFYY
CASTSPGPSGNTIYF	LSPRWYFYY
CATSDLPSDEQFF	LSPRWYFYY
CASRQLTGPSVAKNIQYF	LSPRWYFYY
CASSLAGANEQYF	LSPRWYFYY
CASSKTTGAASGKWRYTF	LSPRWYFYY
CAADRGSNTEAFF	LSPRWYFYY
CASSFITGTPNAKNIQYF	LSPRWYFYY
CASSSPGTGGFYTEAFF	LSPRWYFYY
CASSDSRTSGRITDTQYF	LSPRWYFYY
CASSQDPTGGNEQFF	LSPRWYFYY
CASSSPSSALYNEQFF	LSPRWYFYY
CASSRGSSGPGPSTDTQYF	LSPRWYFYY
CSSGSREQYYEQFF	LSPRWYFYY
CATSRPHQNTEAFF	LSPRWYFYY
CASSADRGAYEQYF	LSPRWYFYY
CASSPLGGPGANVLTF	LSPRWYFYY
CASSLAGVGQYF	LSPRWYFYY
CASSPSGLPPSQDTQYF	LSPRWYFYY
CASSLNEQFF	LSPRWYFYY
CASSLAGGVSQPQHF	LSPRWYFYY
CASSPLPGASPQETQYF	LSPRWYFYY
CASSLLPVVGGNTEAFF	LSPRWYFYY
CSVVPLTGPYEQYF	LSPRWYFYY
CASSPLTGGPWDKNIQYF	LSPRWYFYY
CASSQDLQRRDEQFF	LSPRWYFYY
CSVGDGNTGELFF	LSPRWYFYY
CASSLAGGLLNEQFF	LSPRWYFYY
CASSSLTGMNTEAFF	LSPRWYFYY
CASSPADLRETQYF	LSPRWYFYY
CASSPLTGGPVAKNIQYF	LSPRWYFYY
CASSLLRGGQYNEQFF	LSPRWYFYY
CASSIGSGAYNEQFF	LSPRWYFYY
CASSRTHRQGRNTDTQYF	LSPRWYFYY
CASSQGTGGNQPQHF	LSPRWYFYY
CASSPLSSGQGSTEAFF	LSPRWYFYY
CASSLETPLDTEAFF	LSPRWYFYY
CATQPLAGGPEAKNIQYF	LSPRWYFYY
CASSSLTGPAREQFF	LSPRWYFYY
CASSLAGVGEYF	LSPRWYFYY
CASSELTSGGGEQFF	LSPRWYFYY
CASSLREGPSDTQYF	LSPRWYFYY
CASTPVQSGSRDTQYF	LSPRWYFYY
CASTKSSGAYNEQFF	LSPRWYFYY
CASSHRLLGEQFF	LSPRWYFYY
CASSYRTGSDQPQHF	LSPRWYFYY
CASSRFETGRDGYTF	LSPRWYFYY
CSARDRTSAYEQYF	LSPRWYFYY
CASSLVSRGSSDTQYF	LSPRWYFYY
CASSLSDPEAFF	LSPRWYFYY
CASDAGATGELFF	LSPRWYFYY
CASEQGSGSEAFF	LSPRWYFYY
CASSPPAGAYNEQFF	LSPRWYFYY
CASSLGRGTGTDTQYF	LSPRWYFYY
CASSELPGGYTDTQYF	LSPRWYFYY
CASSQVPPNHNSPLHF	LSPRWYFYY
CASSLSGVINTEAFF	LSPRWYFYY
CASSPPSGRGNEQFF	LSPRWYFYY
CASTEVHTAGSYEQYF	LSPRWYFYY
CASSKDPGPPDSPLHF	LSPRWYFYY
CASSLAGLGAFF	LSPRWYFYY
CASSPPRLDGTDTQYF	LSPRWYFYY
CASSELPGPPGEQYF	LSPRWYFYY
CASSLAGAYEQYF	LSPRWYFYY
CASNGPRAGQQNQPQHF	LSPRWYFYY
CASSPTLGRAYEQYF	LSPRWYFYY
CASSPITGIEYTKNIQYF	LSPRWYFYY
CASSLAGVTYTDTQYF	LSPRWYFYY
CASSLAGGPYNEQFF	LSPRWYFYY
CASSPLVGLAGDKETQYF	LSPRWYFYY
CASSLDGLNQPQHF	LSPRWYFYY
CASSLAAVGYTF	LSPRWYFYY
CASSFSYRGNTEAFF	LSPRWYFYY
CASSQDPGGGSYEQYF	LSPRWYFYY
CASSLAGAYEQYF	LSPRWYFYY
CATSTHDRGKLFF	LSPRWYFYY
CASSLAGSYEQYF	LSPRWYFYY
CATSGGQGALGANVLTF	LSPRWYFYY
CASSPGGYEQYF	LSPRWYFYY
CASSTSYRGNEKLFF	LSPRWYFYY
CASSRNDRDRSFFLTEAFF	LSPRWYFYY
CASSDLFRQHFLPLHF	LSPRWYFYY
CASSLAARSSYNSPLHF	LSPRWYFYY
CASSEGSYEQYF	LSPRWYFYY
CASSNPGQTNSYEQYF	LSPRWYFYY
CASSPTGGGTDTQYF	LSPRWYFYY
CASSLRESPYNEQFF	LSPRWYFYY
CASSLAPGVNSQPQHF	LSPRWYFYY
CASSELPGPPDGYTF	LSPRWYFYY
CASNRGGGDGNQPQHF	LSPRWYFYY
CASRLNTIYF	LSPRWYFYY
CASSPLVGLAGDKETQYF	LSPRWYFYY
CASSLAAGNTEAFF	LSPRWYFYY
CASSSREGYTF	LSPRWYFYY
CASSSLTSGGFNEQFF	LSPRWYFYY
CASSERPLSPNEKLFF	LSPRWYFYY
CASSLAGGNLQPQHF	LSPRWYFYY
CASSGRTGVELGEAFF	LSPRWYFYY
CASSPTLTGNEQFF	LSPRWYFYY
CASSLAGAYEQYF	LSPRWYFYY
CASNERGNPADTQYF	LSPRWYFYY
CASSLAGVEQFF	LSPRWYFYY
CASSLLRGGQYNEQFF	LSPRWYFYY
CASSLTGALNTEAFF	LSPRWYFYY
CASSLRAAPSYEQYF	LSPRWYFYY
CASGHYGRNEQFF	LSPRWYFYY
CASNYLPPPAGGITDTQYF	LSPRWYFYY
CATSVTFGAGYTGELFF	LSPRWYFYY
CASSLYQGGTDTQYF	LSPRWYFYY
CASSSGLSSYNEQFF	LSPRWYFYY
CASSLAGAYEQFF	LSPRWYFYY
CASSLRAGTSGGAYNEQFF	LSPRWYFYY
CASSPWTGSLVAKNIQYF	LSPRWYFYY
CASSLDTFYGYTF	LSPRWYFYY
CASSQGSAGAGTDTQYF	LSPRWYFYY
CATRTGITGELFF	LSPRWYFYY
CASSLAGAEAFF	LSPRWYFYY
CASSQAAGHYEQYF	LSPRWYFYY
CASSLSGGPLIEQFF	LSPRWYFYY
CASSLVSRGSSDTQYF	LSPRWYFYY
CASSQLTGGGGNTIYF	LSPRWYFYY
CSASQLAEGIYEQYF	LSPRWYFYY
CAWSSNPSSYNSPLHF	LSPRWYFYY
CSAPTTSGSSNEQFF	LSPRWYFYY
CASSLAGTAYGYTF	LSPRWYFYY
CASSLAGGPLNEQFF	LSPRWYFYY
CASSATPANNEQYF	LSPRWYFYY
CASSPLRSYNEQFF	LSPRWYFYY
CASSVRGNEQFF	LSPRWYFYY
CASSVGQGYNEQFF	LSPRWYFYY
CASSLRGTLSAYNEQFF	LSPRWYFYY
CATSDWGGLWQPQHF	LSPRWYFYY
CASSFSKPNQPQHF	LSPRWYFYY
CATSDLSGRGAFF	LSPRWYFYY
CACNRRDLAYNEQFF	LSPRWYFYY
CASSSIQTASYGYTF	LSPRWYFYY
CASSLAGGPTHTQYF	LSPRWYFYY
CASSLAGSEQYF	LSPRWYFYY
CASSAAGSQGDEQFF	LSPRWYFYY
CASSLGRGSGNQPQHF	LSPRWYFYY
CASNLGAPAREAFF	LSPRWYFYY
CASSTGPTEAFF	LSPRWYFYY
CASSLAGLVLNTDTQYF	LSPRWYFYY
QYF	LSPRWYFYY
CASSLAGGIYQPQHF	LSPRWYFYY
CASSLRGASGDTQYF	LSPRWYFYY
CSARLPNEQFF	LSPRWYFYY
CASSNLPGPPGEQYF	LSPRWYFYY
CASSFSGGGTDTQYF	LSPRWYFYY
CAIPGSLNTGELFF	LSPRWYFYY
CASSQDQGSAYEQYF	LSPRWYFYY
CASSSSASGIDEQFF	LSPRWYFYY
CASSEVQQGRETQYF	LSPRWYFYY
CASSSLTGNRYEQYF	LSPRWYFYY
CASRTGMGSYNEQFF	LSPRWYFYY
CASSLAGAYEQYF	LSPRWYFYY
CATTIAGGPYQEQFF	LSPRWYFYY
CASSPLVGQAQAKNIQYF	LSPRWYFYY
CASSLALRTQGNEQFF	LSPRWYFYY
CASSIDVSFYEQYF	LSPRWYFYY
CASSPITGTALAKNIQYF	LSPRWYFYY
CASRGASGYNEQFF	LSPRWYFYY
CASGPRASGRSGQYF	LSPRWYFYY
CASSLRTSVTDTQYF	LSPRWYFYY
CSVTGGSYKYF	LSPRWYFYY
CATRVSSYEQYF	LSPRWYFYY
CASSLAGSDYGYTF	LSPRWYFYY
CASSPRTYEQYF	LSPRWYFYY
CACWTRGYTF	LSPRWYFYY
CASSLAGGPLQPQHF	LSPRWYFYY
CASSRKAGGPGTGELFF	LSPRWYFYY
CASSRIAEETQYF	LSPRWYFYY
CASSLAGSGQFF	LSPRWYFYY
CASSLAGGYEQYF	LSPRWYFYY
CSVDPLQGPYEQYF	LSPRWYFYY
CASSFLTGPVETKNIQYF	LSPRWYFYY
CASSQGGGEQYF	LSPRWYFYY
CASSLAGVGAFF	LSPRWYFYY
CASSPFQTASFYGYTF	LSPRWYFYY
CASSLAGGIEQPQHF	LSPRWYFYY
CASSQDAGTGNTIYF	LSPRWYFYY
CASSLAGAYEQFF	LSPRWYFYY
CASSPREGTGNTIYF	LSPRWYFYY
CASSLAGFDTQYF	LSPRWYFYY
CASSPREAPSDEQFF	LSPRWYFYY
CASSSSPGGNNSPLHF	LSPRWYFYY
CASSSRDSYNSPLHF	LSPRWYFYY
CASTDGTGGRETQYF	LSPRWYFYY
CASSFMGQGYEQYF	LSPRWYFYY
CASSTLVGTREAKNIQYF	LSPRWYFYY
CASNPGPSAGELFF	LSPRWYFYY
CAWSVGAAGGAGKETQYF	LSPRWYFYY
CASSVLAGGPAEQKETQYF	LSPRWYFYY
CASRGLAGEDRETQYF	LSPRWYFYY
CAISSPGAWDEQFF	LSPRWYFYY
CASSPTGLEQYF	LSPRWYFYY
CASSLAGVGAFF	LSPRWYFYY
CARPHRGLGSEETQYF	LSPRWYFYY
CASIRLAGGPGNEQYF	LSPRWYFYY
CASSSGGYEQYF	LSPRWYFYY
CASTLTYEQYF	LSPRWYFYY
CASSRWDRSTNEKLFF	LSPRWYFYY
CASSLGGAYEQYF	LSPRWYFYY
CASSEIPTSADTQYF	LSPRWYFYY
CARSRAGGPLDEQFF	LSPRWYFYY
CASSLAGTGYTF	LSPRWYFYY
CATDGGSNTEAFF	LSPRWYFYY
CATSSERGGYNEQFF	LSPRWYFYY
CASSSGQGGGEKLFF	LSPRWYFYY
CASSLLTGMNTEAFF	LSPRWYFYY
CASSFSYRGNTEAFF	LSPRWYFYY
CASILNIQYF	LSPRWYFYY
CASSLRQGPSDEQYF	LSPRWYFYY
CASSFRQWPDTQYF	LSPRWYFYY
CASGTLAGGLNEQFF	LSPRWYFYY
CASSFHTNTGELFF	LSPRWYFYY
CASSLSYRANTEAFF	LSPRWYFYY
CASSPLEGGPGELFF	LSPRWYFYY
CASSPGGGPLETQYF	LSPRWYFYY
CASRTGTYGYTF	LSPRWYFYY
CATSETNSGQNEQFF	LSPRWYFYY
CASSLAGVEPQHF	LSPRWYFYY
CASSLAGTGMYF	LSPRWYFYY
CASSHLRLGGGNTIYF	LSPRWYFYY
CASSQMTSATYEQYF	LSPRWYFYY
CASSFILGGGVNEQYF	LSPRWYFYY
CASSQRRDTQYF	LSPRWYFYY
CASSSSDQGIAKNIQYF	LSPRWYFYY
CATSRVPQPQGMLRDTQYF	LSPRWYFYY
CASSYTGLAGPTITYNEQFF	LSPRWYFYY
CASSFFTGSDNEQFF	LSPRWYFYY
CASSLAGGSHTEAFF	LSPRWYFYY
CASSQVPGTNTGELFF	LSPRWYFYY
CASSSAVGKLNTEAFF	LSPRWYFYY
CASSLAGGLGNQPQHF	LSPRWYFYY
CASSLETPLDTEAFF	LSPRWYFYY
CASSPVPSGPGEQYF	LSPRWYFYY
CASSPSTGQGETKNIQYF	LSPRWYFYY
AKNIQYF	LSPRWYFYY
CASSLAGGPLHEQFF	LSPRWYFYY
CASSDLPSGGKDYGYTF	LSPRWYFYY
CASSLAGGVTEAFF	LSPRWYFYY
CANGSLGANEQFF	LSPRWYFYY
CASSLMGTSGAWSYNEQFF	LSPRWYFYY
CASSPQGGHYEQYF	LSPRWYFYY
CASSQSPGTTYEQYF	LSPRWYFYY
CASSLAGAGELFF	LSPRWYFYY
CASSLGVPNQPQHF	LSPRWYFYY
CASSLAGNPGNTIYF	LSPRWYFYY
CASSLAGGPLHEQFF	LSPRWYFYY
CASSLAGSPRLGYTF	LSPRWYFYY
CASIPLTGDGNQPQHF	LSPRWYFYY
CASSLPGGGVSDTQYF	LSPRWYFYY
CASSPITGSGKAKNIQYF	LSPRWYFYY
CASSLPPREQYF	LSPRWYFYY
CASSQLGNGAHNEQFF	LSPRWYFYY
CASSLSGGPYNEQFF	LSPRWYFYY
CASSLNYEQYF	LSPRWYFYY
CASSEFPGPPRGEQYF	LSPRWYFYY
CASSPPSSWDTGELFF	LSPRWYFYY
CASHGLETYNEQFF	LSPRWYFYY
CSARERTSGLGAETQYF	LSPRWYFYY
CSARGREDPVEQYF	LSPRWYFYY
CASSLNYGSGNNEQFF	LSPRWYFYY
CASSPRTGVNQETQYF	LSPRWYFYY
CASPDNRDGAEAFF	LSPRWYFYY
CASSPLTGSGNQPQHF	LSPRWYFYY
CASSLPHVGGQPQHF	LSPRWYFYY
CASSLAGGLNQPQHF	LSPRWYFYY
CASSLAGGPYQPQHF	LSPRWYFYY
CASTLAGVNEQFF	LSPRWYFYY
CARRGQTNTGELFF	LSPRWYFYY
CSARGQHSATEAFF	LSPRWYFYY
CASGAGPNQPQHF	LSPRWYFYY
CASRSLGSSTDTQYF	LSPRWYFYY
CASQGFYGGYTF	LSPRWYFYY
CASSLAGVSSGANVLTF	LSPRWYFYY
CASSPTRDSVSGYTF	LSPRWYFYY
CASILLPSGGSSSYNEQFF	LSPRWYFYY
CSVEVVGGQGFGTDTQYF	LSPRWYFYY
CASSYPDYEQYF	LSPRWYFYY
CASSLAGAYEQYF	LSPRWYFYY
CASSPGRDSSYSNQPQHF	LSPRWYFYY
CASSLAGSNEKLFF	LSPRWYFYY
CASSQDTGTGTLGNYGYTF	LSPRWYFYY
CASSRPLEAYEQFF	LSPRWYFYY
CSATGTGDNEQFF	LSPRWYFYY
CASSPREGPGDTQYF	LSPRWYFYY
CASSLGGGPLQPQHF	LSPRWYFYY
CASSITSEQFF	LSPRWYFYY
CTSSQDPQSSYGYTF	LSPRWYFYY
CASSDLPGPPGTQYF	LSPRWYFYY
CASSLSTGGASAKNIQYF	LSPRWYFYY
CASSQGTGTNEQFF	LSPRWYFYY
CASSLEGSNSYEQYF	LSPRWYFYY
CASSLAGVQQFF	LSPRWYFYY
CAWLTGWFEQFF	LSPRWYFYY
CASSMLPGPPYNEQFF	LSPRWYFYY
CASSQEHKRSPYEQYF	LSPRWYFYY
CAWSDLQGAHGYTF	LSPRWYFYY
CASSDTSYEQYF	LSPRWYFYY
CASSLRDGSNQPQHF	LSPRWYFYY
CASSLYSPYNEQFF	LSPRWYFYY
CASGRAYEQYF	LSPRWYFYY
CASSPLEGRATSEQYF	LSPRWYFYY
CASSPFPLIKTNEKLFF	LSPRWYFYY
CASSLSYRGNQPQHF	LSPRWYFYY
CASSLSGHGPYEQYF	LSPRWYFYY
CSANREGGFYSNQPQHF	LSPRWYFYY
CASSLAGLALTDTQYF	LSPRWYFYY
CSAANTGGPENTGELFF	LSPRWYFYY
CASSPLTGSGAAKNIQYF	LSPRWYFYY
CASSELPGPPGELFF	LSPRWYFYY
CASISLVGGPQPQHF	LSPRWYFYY
CASSSNYRGGDEQYF	LSPRWYFYY
CASSQEDRVQETQYF	LSPRWYFYY
CSLGRDNARFVPQHF	LSPRWYFYY
CASSLAGGALYEQYF	LSPRWYFYY
CASSHTGAGELFF	LSPRWYFYY
CASSEGVLGTGELFF	LSPRWYFYY
CASSLAGGPYNEQFF	LSPRWYFYY
CASRPYYGTREQYF	LSPRWYFYY
CATSDLVGDEQYF	LSPRWYFYY
CASSLAGTGELFF	LSPRWYFYY
CASSGLVGRNEQFF	LSPRWYFYY
CATSDLTVDEQFF	LSPRWYFYY
CASSLSYRGHTDTQYF	LSPRWYFYY
CASSLAGVPNEKLFF	LSPRWYFYY
CATSSRVAQETQYF	LSPRWYFYY
CASSDGFLGGKEQFF	LSPRWYFYY
CASSLAGAAPLHF	LSPRWYFYY
CASSLVRTANTEAFF	LSPRWYFYY
CAINRGGTEAFF	LSPRWYFYY
CASSDLPSGGSNYGYTF	LSPRWYFYY
CASSYRAGGYNEQFF	LSPRWYFYY
CASSLVPGPPYNEQFF	LSPRWYFYY
CASSERAGRTEAFF	LSPRWYFYY
CASSYSYRGDNEQFF	LSPRWYFYY
CSARGSSGEAYNEQFF	LSPRWYFYY
CASSRDRGVNSPLHF	LSPRWYFYY
CASSLRLAGTDTQYF	LSPRWYFYY
CASSDLPGPPSEQYF	LSPRWYFYY
CASSLTGQPNQPQHF	LSPRWYFYY
CASSLAGQINEKLFF	LSPRWYFYY
CASSLAGVGAFF	LSPRWYFYY
CASSTKQGALSSYNEQFF	LSPRWYFYY
CASSELTSGPANTQYF	LSPRWYFYY
CATSDFLRTGSEQYF	LSPRWYFYY
CASSSSGAGPLHF	LSPRWYFYY
CASSLAGGPYNEQFF	LSPRWYFYY
CASSLLAGGPVEKETQYF	LSPRWYFYY
CASSGLASGTYEQYF	LSPRWYFYY
CASSTGQGLQNIQYF	LSPRWYFYY
CATSALGGTGSYEQYF	LSPRWYFYY
CASSLAGVGQFF	LSPRWYFYY
CASSFLTGGPAAKNIQYF	LSPRWYFYY
CASSPTPDGISYEQYF	LSPRWYFYY
CASSGRTSQSTDTQYF	LSPRWYFYY
CATSSIAGVYNEQFF	LSPRWYFYY
CASSNERRVAYF	LSPRWYFYY
CATSDLTGGGGYTF	LSPRWYFYY
CASTLAGVPIPFTDTQYF	LSPRWYFYY
CASSLGGAYEQYF	LSPRWYFYY
CASGDREGIGNTGELFF	LSPRWYFYY
CASSLAGYEQYF	LSPRWYFYY
CASSSLTGTSGRRETQYF	LSPRWYFYY
CASSLAGANEQFF	LSPRWYFYY
CASSYSNTGELFF	LSPRWYFYY
CASSLAGGTAQPQHF	LSPRWYFYY
CASRGGLGEAFF	LSPRWYFYY
CASTQLTTGQGYGYTF	LSPRWYFYY
CASSFLTSARGGEQYF	LSPRWYFYY
CASSSAGAYEQYF	LSPRWYFYY
CASSDPYEQYF	LSPRWYFYY
CASSQTTGHYEQYF	LSPRWYFYY
CASSSIAGGITDTQYF	LSPRWYFYY
CASISKRPSRSGETQYF	LSPRWYFYY
CASRRLTGPPGKETQYF	LSPRWYFYY
CSARDSRLASSPHEQYF	LSPRWYFYY
CASSLEGSGTYEQYF	LSPRWYFYY
CASSLAGAYEQYF	LSPRWYFYY
CASRGLAGYNEQFF	LSPRWYFYY
CASSERTGGSTEAFF	LSPRWYFYY
CASSLYPSGDLGELFF	LSPRWYFYY
CASSLAGVGYTEAFF	LSPRWYFYY
CASSIHLGTEAFF	LSPRWYFYY
CASSLAGVEQFF	LSPRWYFYY
CASSYLTGPGANVLTF	LSPRWYFYY
CAWSFDRSLLSGPTNEKLFF	LSPRWYFYY
CASSSYAGAGANVLTF	LSPRWYFYY
CASSQFWQAYNSPLHF	LSPRWYFYY
CAIYKTGTSGGGEQFF	LSPRWYFYY
CASSLTGGYEQYF	LSPRWYFYY
CASSPTDRDYNEQFF	LSPRWYFYY
CASSAGAAGGNPRNEQFF	LSPRWYFYY
CASSLTGGPGIEQFF	LSPRWYFYY
CASSLAGVGSFF	LSPRWYFYY
CASHRGYTEAFF	LSPRWYFYY
CASSQGQSWGLDGGQYF	LSPRWYFYY
CSVDPGRAFF	LSPRWYFYY
CASDPSYRGNTEAFF	LSPRWYFYY
CATSDLGTSGNNEQFF	LSPRWYFYY
CASSDRTGAFTTGELFF	LSPRWYFYY
CASSKTSGREETQYF	LSPRWYFYY
CASSLAGNGYTF	LSPRWYFYY
CASTDGGRGGQETQYF	LSPRWYFYY
CASSETPGPPGEQYF	LSPRWYFYY
CASSQNAPLTGELFF	LSPRWYFYY
CASSAFIPGTQNGELFF	LSPRWYFYY
CASRISPANYEQYF	LSPRWYFYY
CASSLTGGMSQPQHF	LSPRWYFYY
CASSYLQGVPYNEQFF	LSPRWYFYY
CASSRLTGPALTKNIQYF	LSPRWYFYY
CASSLFSNQPQHF	LSPRWYFYY
CASSDLPGPPGEQYF	LSPRWYFYY
CASSLEQGAITGELFF	LSPRWYFYY
CASSLRVNPGELFF	LSPRWYFYY
CASSSLTTGLNYGYTF	LSPRWYFYY
CASSLAGGALAEAFF	LSPRWYFYY
CASSLAGVGLFF	LSPRWYFYY
CASSPLTGDGSAKNIQYF	LSPRWYFYY
CASSRVTGAAEAKNIQYF	LSPRWYFYY
CASSNERRVAYF	LSPRWYFYY
CASSLAGANVLTF	LSPRWYFYY
CASSRLADAPPEAKNIQYF	LSPRWYFYY
CSSLHGAGQFFF	LSPRWYFYY
CASTPSTRQRLSTDTQYF	LSPRWYFYY
CASSPLAGSYNEQFF	LSPRWYFYY
CASSPLGTASNYGYTF	LSPRWYFYY
CASSLAGAQPQHF	LSPRWYFYY
CASRPTTGWAKNIQYF	LSPRWYFYY
CASSLAGGPGNEQFF	LSPRWYFYY
CASRGLAFEQFF	LSPRWYFYY
CASSLGGAYEQYF	LSPRWYFYY
CASSLTISAPQHF	LSPRWYFYY
CASSLAGGLYQPQHF	LSPRWYFYY
CASSQDPGSLYEQYF	LSPRWYFYY
CASTPYPLISSGRATDTQYF	LSPRWYFYY
CASSLRESPYNEQFF	LSPRWYFYY
CASSLAGVGYTF	LSPRWYFYY
CASSSGLANTDTQYF	LSPRWYFYY
CASSLLAGSGTEAFF	LSPRWYFYY
CASTPILGTQYF	LSPRWYFYY
CASSLGGQTYEQYF	LSPRWYFYY
CASSLAGLALSTDTQYF	LSPRWYFYY
CASSTFPVSSGANVLTF	LSPRWYFYY
CATSDLTGREPQHF	LSPRWYFYY
CASSMLTTAENEQFF	LSPRWYFYY
CASSRDVYYEQYF	LSPRWYFYY
CASGGQKVTEAFF	LSPRWYFYY
CASSWAATNTGELFF	LSPRWYFYY
CASSFVRNTEAFF	LSPRWYFYY
CASSSSYRGSNQPQHF	LSPRWYFYY
CASSTERGGLGDTQYF	LSPRWYFYY
CASSLNRVNTEAFF	LSPRWYFYY
CASTGRLDTQYF	LSPRWYFYY
CASSEAPTSGYNEQFF	LSPRWYFYY
CASSLAGSGYTF	LSPRWYFYY
CASSLAGAYEQYF	LSPRWYFYY
CASSLAGIEAFF	LSPRWYFYY
CASSLKQGPVETQYF	LSPRWYFYY
CASSLFTGGPEGKNIQYF	LSPRWYFYY
CASSLTGPNTEAFF	LSPRWYFYY
CASSQEFRGQDTQYF	LSPRWYFYY
CASSSTSVSSYNEQFF	LSPRWYFYY
CSARDFLGGSGNSPLHF	LSPRWYFYY
CASSVAGGNVQPQHF	LSPRWYFYY
CASSLAGGLNTEAFF	LSPRWYFYY
CATSDRLAVHNEQFF	LSPRWYFYY
CASSERTGGSTEAFF	LSPRWYFYY
CASSLAGRTISLEQYF	LSPRWYFYY
CASSLAGTEQYF	LSPRWYFYY
CASRRLAGGPGKETQYF	LSPRWYFYY
CASSQVFSGGDEQFF	LSPRWYFYY
CASSLAGSEQYF	LSPRWYFYY
CASSFLSNLNGQFF	LSPRWYFYY
CASSDVPGPPGEQYF	LSPRWYFYY
CASSLGRRASGPTNTGELFF	LSPRWYFYY
CASSRLPGRQETQYF	LSPRWYFYY
CASSQVGTGGYEQYF	LSPRWYFYY
CASKQDGLAGDHEQYF	LSPRWYFYY
CASSWGNEQFF	LSPRWYFYY
CASSPPGLITYNEQFF	LSPRWYFYY
CASSEGIGTSGGMGTDTQYF	LSPRWYFYY
CASSPLPSGGSDTQYF	LSPRWYFYY
CSVPGYYGYTF	LSPRWYFYY
CASSPPGHPYEQYF	LSPRWYFYY
CSHRRLPYNEQFF	LSPRWYFYY
CASSLLIGPPEDKNIQYF	LSPRWYFYY
CASSLTGAVAYTEAFF	LSPRWYFYY
CSASLGGEQYF	LSPRWYFYY
CASSLDGTSGRPHRELFF	LSPRWYFYY
CASRVGNTEAFF	LSPRWYFYY
CASSLAGAQGYTF	LSPRWYFYY
CASSPLTGGPRFKETQYF	LSPRWYFYY
CASGDSNSPLHF	LSPRWYFYY
CSARDYEPRRVENTIYF	LSPRWYFYY
CASSSQGALETQYF	LSPRWYFYY
CASSQEYSLYTDTQYF	LSPRWYFYY
CASSPRDRGSNQPQHF	LSPRWYFYY
CASSLVPLGMNTEAFF	LSPRWYFYY
CASSPLTGATGELFF	LSPRWYFYY
CASSFRQSPSDEQYF	LSPRWYFYY
CASSPGLATTDTQYF	LSPRWYFYY
CASSLAGAYEQYF	LSPRWYFYY
CASTLTGGSGANVLTF	LSPRWYFYY
CASSELQGPTDTQYF	LSPRWYFYY
CASSVQGNSPLHF	LSPRWYFYY
CASSLARGGLGGELFF	LSPRWYFYY
CASSLYPPGDQYNEQFF	LSPRWYFYY
CASSLAGVEQFF	LSPRWYFYY
CASGPTTHQAFF	LSPRWYFYY
CASSLVFGDRGTNTEAFF	LSPRWYFYY
CASSLAGLALAKNIQYF	LSPRWYFYY
CASSLAGLSISGNTIYF	LSPRWYFYY
CASSPLAGSGQETQYF	LSPRWYFYY
CASSFLTGGPSDKNIQYF	LSPRWYFYY
CASSFGINEQFF	LSPRWYFYY
CASSLATGAPDAKNIQYF	LSPRWYFYY
CASSYGTVYNEQFF	LSPRWYFYY
CASSLAGAYEQYF	LSPRWYFYY
CASSLAGAEAFF	LSPRWYFYY
CASSPGPTGYSYEQYF	LSPRWYFYY
CASSFITGRNTEAFF	LSPRWYFYY
CASSTAGAQGYTF	LSPRWYFYY
CASSRPPDAYEQYF	LSPRWYFYY
CASRPLTGGPVGKEKLFF	LSPRWYFYY
CASSLTGGPGYGYTF	LSPRWYFYY
CASSQLAGGPESKNIQYF	LSPRWYFYY
CASAGLAGGPGYNEQFF	LSPRWYFYY
CASSLAGLAIGNYGYTF	LSPRWYFYY
CASSVPETQYF	LSPRWYFYY
CATSKTGGGIGELFF	LSPRWYFYY
CASSLAGAQPQHF	LSPRWYFYY
CASGELPGPPGEQYF	LSPRWYFYY
CASSPKTGDGNQPQHF	LSPRWYFYY
CASSEFGTVGAYNEQFF	LSPRWYFYY
CASSPVGQGQDNEQFF	LSPRWYFYY
CASSIGAGPTDTQYF	LSPRWYFYY
CASSLYPAGANTEAFF	LSPRWYFYY
CASSSVAGVQETQYF	LSPRWYFYY
CASDPGSTDTQYF	LSPRWYFYY
CASSLAGAYEQYF	LSPRWYFYY
CASSLSGYTEAFF	LSPRWYFYY
CASSYRTEFRDTQYF	LSPRWYFYY
CAVHRWLTPQETQYF	LSPRWYFYY
CASSPGRPNTEAFF	LSPRWYFYY
CASSPPYRGNNEQFF	LSPRWYFYY
CARSWGGAYEQYF	LSPRWYFYY
CASSLGQGYNQPQHF	LSPRWYFYY
CASSFGRGREETQYF	LSPRWYFYY
CASSYPGQGHTGELFF	LSPRWYFYY
CASSKGNYEQYF	LSPRWYFYY
CASSLLVGGPTNKETQYF	LSPRWYFYY
CASSLWAGGRRYEQYF	LSPRWYFYY
CASRGVVDIAKNIQYF	LSPRWYFYY
CASSLAGAEQFF	LSPRWYFYY
CASSKIVGQGAWTQYF	LSPRWYFYY
CASSLEEGAGANVLTF	LSPRWYFYY
CASSLSARGYEQFF	LSPRWYFYY
CATSDPRLSGGRNEQFF	LSPRWYFYY
CASSKIPAGVGWRNEQFF	LSPRWYFYY
CASSPLTGQETQYF	LSPRWYFYY
CASSLAGLNEQFF	LSPRWYFYY
CASSPLTGLAKNIQYF	LSPRWYFYY
CASSLAGLGQYF	LSPRWYFYY
CASSISISGTSGRGETQYF	LSPRWYFYY
CASSWGIAGAYNEQFF	LSPRWYFYY
CASSPGTGSYEQYF	LSPRWYFYY
CASSLRDALGAYEQYF	LSPRWYFYY
CASSLAGNGYTF	LSPRWYFYY
CASRALVGTELAKNIQYF	LSPRWYFYY
CASSLRPDSQETQYF	LSPRWYFYY
CASSLGLAGNSPSTDTQYF	LSPRWYFYY
CASSLLGGGADNEQFF	LSPRWYFYY
CASSQDAGGFYEQYF	LSPRWYFYY
CASSPLASGSSGEQFF	LSPRWYFYY
CASSPGPTYEQYF	LSPRWYFYY
CASSPRTGSSYNEQFF	LSPRWYFYY
CASSFLAGSSYEQYF	LSPRWYFYY
CASSLSGGLTVEQFF	LSPRWYFYY
CASSLAGVRMSTDTQYF	LSPRWYFYY
CASSPLVGDIGAKNIQYF	LSPRWYFYY
CASSQRESPSDEQFF	LSPRWYFYY
CASSPGQGGDTGELFF	LSPRWYFYY
CASTLPTSGYNEQFF	LSPRWYFYY
CARPGRLRDSPLHF	LSPRWYFYY
CAADRGSNTEAFF	LSPRWYFYY
CASSLFTPLQNEQFF	LSPRWYFYY
CASSLAGAYEQYF	LSPRWYFYY
CASSIEPLGTNEQFF	LSPRWYFYY
CASSFLAGVVEQFF	LSPRWYFYY
CASSLAGGGNQPQHF	LSPRWYFYY
CASSLTGGLIGTEAFF	LSPRWYFYY
CASSADRELPLGNQPQHF	LSPRWYFYY
CASSLAGAYEQFF	LSPRWYFYY
CASSLAGAYEQFF	LSPRWYFYY
CASSLLAGGPVAKNIQYF	LSPRWYFYY
CASSLAGAYEQYF	LSPRWYFYY
CASSLEGPYSNQPQHF	LSPRWYFYY
CASSLETVLDTEAFF	LSPRWYFYY
CASSLHSHYEQYF	LSPRWYFYY
CASSLGGQDQYF	LSPRWYFYY
CASSPDRSKGYTF	LSPRWYFYY
CASRRNPNTEAFF	LSPRWYFYY
CASSQAAGGINEQFF	LSPRWYFYY
CASRQGLVLTGELFF	LSPRWYFYY
CASSELPGPPGELFF	LSPRWYFYY
CASRRITGGINQPQHF	LSPRWYFYY
CASSSIAGVAKNIQYF	LSPRWYFYY
CASSPTPLGGNTIYF	LSPRWYFYY
CASSFLTAGSYNEQFF	LSPRWYFYY
CASSSRTDYEQYF	LSPRWYFYY
CSASLLRQGVYEQYF	LSPRWYFYY
CASSLAGVGYTF	LSPRWYFYY
CASSGETSDETQYF	LSPRWYFYY
CASSFSGGPNNEQFF	LSPRWYFYY
CASSLAGGLLQPQHF	LSPRWYFYY
CASSLGQGGWQPQHF	LSPRWYFYY
CASSLMANSGNTIYF	LSPRWYFYY
CASSPLVGGPEAKNIQYF	LSPRWYFYY
CACAPGHSSYNEQFF	LSPRWYFYY
CASSESVGREQYF	LSPRWYFYY
CASSLAGVGYTF	LSPRWYFYY
CASSAGHSLFTDTQYF	LSPRWYFYY
CASSHRRAAYNEQFF	LSPRWYFYY
CASSAVPTGAKNIQYF	LSPRWYFYY
CASSPYPLREQFF	LSPRWYFYY
CASSLAGRSVSGANVLTF	LSPRWYFYY
CASSEDPYEQYF	LSPRWYFYY
CASSSLTSGAYNEQFF	LSPRWYFYY
CASSLSYRGNTEAFF	LSPRWYFYY
CASSLAGADYGYTF	LSPRWYFYY
CASSLAGVALNTDTQYF	LSPRWYFYY
CASSLSYRGNTEAFF	LSPRWYFYY
CASSQLAGEKEAKNIQYF	LSPRWYFYY
CASSLAGGEQYF	LSPRWYFYY
CASSERTGGSTEAFF	LSPRWYFYY
CASSELPGPPRDEQFF	LSPRWYFYY
CASSALPKGTGELFF	LSPRWYFYY
CASSLAGAYEQYF	LSPRWYFYY
CASSLGVGRFTDTQYF	LSPRWYFYY
CASSLDRGANVLTF	LSPRWYFYY
CASSLRRSPDNEQFF	LSPRWYFYY
CASRTGRDSYEQYF	LSPRWYFYY
CASSLLAGGQETQYF	LSPRWYFYY
CASSLVGGPTMEDTQYF	LSPRWYFYY
CASSLAGAYEQYF	LSPRWYFYY
CASTSGNYEQYF	LSPRWYFYY
CASSIAGVEAFF	LSPRWYFYY
CASRRLAGGTDTQYF	LSPRWYFYY
CATGRGIGPYEQYF	LSPRWYFYY
CASSPHSGRAEVKETQYF	LSPRWYFYY
CASSDIRSAGNNEQFF	LSPRWYFYY
CASSAGLAGGLETQYF	LSPRWYFYY
CATSRGPSGGSITGELFF	LSPRWYFYY
CASTLAGVEQFF	LSPRWYFYY
CASSATGEATNEKLFF	LSPRWYFYY
CASSDQGTGFSGANVLTF	LSPRWYFYY
CASSPDPPSGANVLTF	LSPRWYFYY
CSASGRAESPHEQYF	LSPRWYFYY
CASSLAGTDYGYTF	LSPRWYFYY
CASSIKGHLAAISYNEQFF	LSPRWYFYY
CASSTTGGYADTQYF	LSPRWYFYY
CASSGLSSSYNEQFF	LSPRWYFYY
CASSPEMGFRETQYF	LSPRWYFYY
CASSHLAGTNTGELFF	LSPRWYFYY
CAPQGGPSQPQHF	LSPRWYFYY
CASSEWANALQETQYF	LSPRWYFYY
CASSLSRSNEQFF	LSPRWYFYY
CASSLAGAYEQYF	LSPRWYFYY
CASSFRDGRDTEAFF	LSPRWYFYY
CASNTKTGGWETQYF	LSPRWYFYY
CSVTGANEQFF	LSPRWYFYY
CASSLAGLEAFF	LSPRWYFYY
CATSAEVPNTEAFF	LSPRWYFYY
CSARDPAATPTGELFF	LSPRWYFYY
CARSPRSIQYF	LSPRWYFYY
CASSQARGLIARETQYF	LSPRWYFYY
CASSLAGGDGYTF	LSPRWYFYY
CASSEGSYYGYTF	LSPRWYFYY
CASSKGLAGPQETQYF	LSPRWYFYY
CASSLAYPDTQYF	LSPRWYFYY
CSVVPLAGAYEQYF	LSPRWYFYY
CASSLEGQEGETQYF	LSPRWYFYY
CATSTGTEVYNEQFF	LSPRWYFYY
CSARHRDNYNEQFF	LSPRWYFYY
CASSLAGAQEQYF	LSPRWYFYY
CASSLAGGVYTEAFF	LSPRWYFYY
CASSIAGGPLNEQFF	LSPRWYFYY
CASSKLTGEAVAKNIQYF	LSPRWYFYY
CASSRLAGDNEQFF	LSPRWYFYY
CASSEKTGGSTEAFF	LSPRWYFYY
CASSLSYRGNQPQHF	LSPRWYFYY
CASSMASGSYEQYF	LSPRWYFYY
CSARDLKPQSSYNEQFF	LSPRWYFYY
CSARPRQGATYEQYF	LSPRWYFYY
CASTTGIYNEQFF	LSPRWYFYY
CAIRLDGSYEQYF	LSPRWYFYY
CASDIAAGELFF	LSPRWYFYY
CASRPIQGPKSNEQFF	LSPRWYFYY
CASSTDDEQFF	LSPRWYFYY
CASSLAGGPLLEQYF	LSPRWYFYY
CASSYRAGGASGELFF	LSPRWYFYY
CASSRTLTGNEQYF	LSPRWYFYY
CASSLGGAYEQYF	LSPRWYFYY
CASSWPRGASYQETQYF	LSPRWYFYY
CASEGGSGSPLHF	LSPRWYFYY
CASSSLTSERYEQYF	LSPRWYFYY
CASSLAGIEAFF	LSPRWYFYY
CASSLSYRGNEKLFF	LSPRWYFYY
CASSQWAGSYNEQFF	LSPRWYFYY
CASSLTGGNGYTF	LSPRWYFYY
CASSLGLANWGTQYF	LSPRWYFYY
CASSLAGVEQYF	LSPRWYFYY
CASSPITSSDYEQYF	LSPRWYFYY
CASRPAGGPFRTDTQYF	LSPRWYFYY
CASSLAGVEVSHEQYF	LSPRWYFYY
CASTQGSEAFF	LSPRWYFYY
CASSAKTGGSTEAFF	LSPRWYFYY
CASSQMGNPTQPQHF	LSPRWYFYY
CASSLAGTFLFF	LSPRWYFYY
CASSQDAGSRSTDTQYF	LSPRWYFYY
CASSLAGAGYTF	LSPRWYFYY
CASSKKSTSGNTIYF	LSPRWYFYY
CASSRLTTSGGGTQYF	LSPRWYFYY
CASNNPTGTSRYEQYF	LSPRWYFYY
CASGSGNIQYF	LSPRWYFYY
CASSLAGIPSYNEQFF	LSPRWYFYY
CASSSLLTALATEAFF	LSPRWYFYY
CASSLAGIEQYF	LSPRWYFYY
CASSLTGGNEQYF	LSPRWYFYY
CASSHLTSALYEQYF	LSPRWYFYY
CASSSMTGGLEVKNIQYF	LSPRWYFYY
CASSLIGTAHQPQHF	LSPRWYFYY
CASSQEVYGLNQPQHF	LSPRWYFYY
CASSLAGGQPLHF	LSPRWYFYY
CASSFPLAGGNQETQYF	LSPRWYFYY
CASASFAGPPSYEQYF	LSPRWYFYY
CASSLEFSVTGERETQYF	LSPRWYFYY
CASSSLTSGSRSYEQYF	LSPRWYFYY
CASSPLDTGELFF	LSPRWYFYY
CASSLYRTDTQYF	LSPRWYFYY
CASSFRPVITNTGELFF	LSPRWYFYY
CASSPGTAQETQYF	LSPRWYFYY
CASSSPDTGAGQSDQETQYF	LSPRWYFYY
CASSLGGAQPQHF	LSPRWYFYY
CASRRLVGQETQYF	LSPRWYFYY
CASSDLPGPPGEQFF	LSPRWYFYY
CASARTGVDYEQYF	LSPRWYFYY
CSVESLGHSSGSYEQYF	LSPRWYFYY
CASILAAGVTDTQYF	LSPRWYFYY
CSANTRERSYNEQFF	LSPRWYFYY
CASSLAGGPLHEQYF	LSPRWYFYY
CASSYLPPTASSYEQYF	LSPRWYFYY
PGPEGDSNQPQHF	LSPRWYFYY
CASSLSYRGNTEAFF	LSPRWYFYY
CASSPFPGLSPQTNNEQFF	LSPRWYFYY
CSARDRKGYTNQPQHF	LSPRWYFYY
CASSQTPGQGNSPLHF	LSPRWYFYY
CASSLAGAYEQYF	LSPRWYFYY
CAPSLARGGLGGELFF	LSPRWYFYY
CASSPLAGVRRTDKETQYF	LSPRWYFYY
CASSLAGVELFF	LSPRWYFYY
CSASIRGAQYEQYF	LSPRWYFYY
CASKRLAGGPGEQFF	LSPRWYFYY
CASSDYKEKLFF	LSPRWYFYY
CASSQGGVALHF	LSPRWYFYY
CASSLAGAYEQYF	LSPRWYFYY
CASSSTGDSYEQYF	LSPRWYFYY
CASSTYPVPTENSPLHF	LSPRWYFYY
CASTKGLASTDTQYF	LSPRWYFYY
CSARETGSREKLFF	LSPRWYFYY
CATSDLPGKEGYTF	LSPRWYFYY
CASSLAGVGAFF	LSPRWYFYY
CASSGRGASSNQPQHF	LSPRWYFYY
CASSQGTAFNSPLHF	LSPRWYFYY
CASSLAGVFIFDEQYF	LSPRWYFYY
CASSLGRKNTGELFF	LSPRWYFYY
CASSQDSGSGVDGYTF	LSPRWYFYY
CASSLGPSGGQYNEQFF	LSPRWYFYY
CASSSSYRANQPQHF	LSPRWYFYY
CASSLGRWTPNTEAFF	LSPRWYFYY
CASSLAGVEAFF	LSPRWYFYY
CATSDRVGDTDTQYF	LSPRWYFYY
CASSLAGLPNTGELFF	LSPRWYFYY
CASSLAGAYEQYF	LSPRWYFYY
CASSLSYRANTEAFF	LSPRWYFYY
CASSSLTSGSYNEQFF	LSPRWYFYY
CSVGMGSEQYF	LSPRWYFYY
CASSLAGVGYTF	LSPRWYFYY
CASSWTGGVVEQYF	LSPRWYFYY
CASSQGQGVYNEQFF	LSPRWYFYY
CASTLAGVVLSADTQYF	LSPRWYFYY
CSGDSGIEAFF	LSPRWYFYY
CASSRAGGPLDEQFF	LSPRWYFYY
CASSLAGTGGYEQYF	LSPRWYFYY
CASSSIGLAGELFF	LSPRWYFYY
CASTPNIGTSFYEQYF	LSPRWYFYY
CASSPFAGAGNQPQHF	LSPRWYFYY
CASSLAGGQPQHF	LSPRWYFYY
CASARPRDENTEAFF	LSPRWYFYY
CSARDPRLAGATEQYF	LSPRWYFYY
CASSAKTGGSTEAFF	LSPRWYFYY
CASSLAGLRDKGEKLFF	LSPRWYFYY
CASSLAGAYEQYF	LSPRWYFYY
CASSPMVGAALAKNIQYF	LSPRWYFYY
CASSLAGGLRLPGELFF	LSPRWYFYY
CASSGGLALLGNEQFF	LSPRWYFYY
CASSLSYRGNTEAFF	LSPRWYFYY
CASSLAGVGQYF	LSPRWYFYY
CASSLSPRNEQFF	LSPRWYFYY
CASSSKTGPLTSTDTQYF	LSPRWYFYY
CASSEVDPGSEQFF	LSPRWYFYY
CASSSAGTPKSHNEQFF	LSPRWYFYY
CSAGTLDYRAGFGTDTQYF	LSPRWYFYY
CASSLSPGIYNSPLHF	LSPRWYFYY
CASSLAGAQGAQF	LSPRWYFYY
CASSFGTPLDTEAFF	LSPRWYFYY
CASSQDLGTAYTGELFF	LSPRWYFYY
CASIHHRDPLSHTDTQYF	LSPRWYFYY
CASSLTTSHNQPQHF	LSPRWYFYY
CASRPVGPLADTQYF	LSPRWYFYY
CASSLAGTPIPGYGYTF	LSPRWYFYY
CASSLAGGFTQPQHF	LSPRWYFYY
CASSLAGVGAFF	LSPRWYFYY
CASSELPGPPGELFF	LSPRWYFYY
CASSMTGGDGNQPQHF	LSPRWYFYY
CASSPLTGRNTEAFF	LSPRWYFYY
CASSLAGQRETQYF	LSPRWYFYY
CASSPLPVIQETQYF	LSPRWYFYY
CASSSIMGGRYEQYF	LSPRWYFYY
CASSSQGGGETQYF	LSPRWYFYY
CATSRVEPVGDEQFF	LSPRWYFYY
CASGSGTGSWNEQFF	LSPRWYFYY
CASSLAGAYEQYF	LSPRWYFYY
CASSHWDTGSGANVLTF	LSPRWYFYY
CASSYSAGMNTEAFF	LSPRWYFYY
CASSQRGAAYEQYF	LSPRWYFYY
CASSNRGNEQYF	LSPRWYFYY
CASSLSYRGNTEAFF	LSPRWYFYY
CASSLAGGPLNEQFF	LSPRWYFYY
CASSPLTGDFLAKNIQYF	LSPRWYFYY
CASSELPGPPRGEAFF	LSPRWYFYY
CATSDLPGGYGYTF	LSPRWYFYY
CASSYRDQPGDEQFF	LSPRWYFYY
CASSLSGGAGNEQFF	LSPRWYFYY
CASSRLPQGANYEQYF	LSPRWYFYY
CASSLAGVGLYF	LSPRWYFYY
CASSLGRAVTDTQYF	LSPRWYFYY
CATSDLTRDEQFF	LSPRWYFYY
CASSSMTSGGRYEQYF	LSPRWYFYY
CASSPLTGPSGSKETQYF	LSPRWYFYY
CASSLYISGANVLTF	LSPRWYFYY
CASQTPGGRAYEQYF	LSPRWYFYY
CATSDLATDTQYF	LSPRWYFYY
CATAKFINTEAFF	LSPRWYFYY
CASSLAGGHLQPQHF	LSPRWYFYY
CASSLAGAEAFF	LSPRWYFYY
CASSLGSGLALHSSYNEQFF	LSPRWYFYY
CASSISTPLNTEAFF	LSPRWYFYY
CASPKGPGRSPYEQYF	LSPRWYFYY
CASSQVTGVNEQYF	LSPRWYFYY
CASGPITGATYEQYF	LSPRWYFYY
CASSHTTSGRALVDEQFF	LSPRWYFYY
CASSLGEDQHF	LSPRWYFYY
CASSQVRTSGISNEQFF	LSPRWYFYY
CASSLAGGGYSNEQFF	LSPRWYFYY
CSVDLLEGPYEQYF	LSPRWYFYY
CAWSVRDRAMDTEAFF	LSPRWYFYY
CASSLGTGAYNEQFF	LSPRWYFYY
CASSRQGHPTDTQYF	LSPRWYFYY
CASKRLTGGNQPQHF	LSPRWYFYY
CASSLAGAGELFF	LSPRWYFYY
CASSLAGIEQYF	LSPRWYFYY
CASSSLTGGNSPLHF	LSPRWYFYY
CASSLLGLAGPPDTGAQYF	LSPRWYFYY
CASSLASGAGQPQHF	LSPRWYFYY
CASRNYGQNQPQHF	LSPRWYFYY
CASSQDNLETDGYTF	LSPRWYFYY
CASSALPMGTSEQFF	LSPRWYFYY
CASSILLGGPTDTQYF	LSPRWYFYY
CASSSSYRGSNQPQHF	LSPRWYFYY
CAWGGLGLSYEQYF	LSPRWYFYY
CASSRGGGPLDEQFF	LSPRWYFYY
CASSRVAGGRDTQYF	LSPRWYFYY
CASSPGQGHIQYF	LSPRWYFYY
CASSDTSGKGEQYF	LSPRWYFYY
CASSSLTGEQTWRYEQYF	LSPRWYFYY
CASSFRGLTTSSYEQYF	LSPRWYFYY
CASSYKTGGSAEAFF	LSPRWYFYY
CASSSLTTGTREGNEQFF	LSPRWYFYY
CASSLAGAGELFF	LSPRWYFYY
CASSLAGAFEQFF	LSPRWYFYY
CASSMTSGSFSSYNEQFF	LSPRWYFYY
CSADNRASSYNEQFF	LSPRWYFYY
CASSQTGGLDGANVLTF	LSPRWYFYY
