CDR3	AA
CASSKKTVVMMNTEAFF	LPAADLDDF
CATSEGSQPQHF	LPAADLDDF
CASSNRAMNTEAFF	LPAADLDDF
CASSSPASDEQFF	LPAADLDDF
CASSGGSLNTEAFF	LPAADLDDF
CASSEAGVILAGRGEQFF	LPAADLDDF
CASSSPGLPDTQYF	LPAADLDDF
CASSLTLGLGSPLHF	LPAADLDDF
CASSLIDVTLGNNEQFF	LPAADLDDF
CASSERGLTDTQYF	LPAADLDDF
CARAARGRTTDTQYF	LPAADLDDF
CASSLATMNTEAFF	LPAADLDDF
CASSPKTGGPLGYTF	LPAADLDDF
CASSLTLGGGTEAFF	LPAADLDDF
CASSFQRGVLREQYF	LPAADLDDF
CASSRSTGGYGGNQPQHF	LPAADLDDF
CASSQDRGSYNEQFF	LPAADLDDF
CASKQGSNYEQYF	LPAADLDDF
CASSQGLRGEQYF	LPAADLDDF
CATSRDIAGGLIGEQFF	LPAADLDDF
CASSSRTSGGVYEQYF	LPAADLDDF
CASSRGTPTGELFF	LPAADLDDF
CASSLLSLTAVYGYTF	LPAADLDDF
CASSQEIPRDIYGYTF	LPAADLDDF
CASSRSLSTTDTQYF	LPAADLDDF
CASSRLAGPPLQYEQYF	LPAADLDDF
CASRAQGVSYNEQFF	LPAADLDDF
CASSYSMPSGDPRRGEQFF	LPAADLDDF
CASSPFPTGGNQPQHF	LPAADLDDF
CATHLRTAQETQYF	LPAADLDDF
CASGTGAMNTEAFF	LPAADLDDF
CASSSDRGGNQPQHF	LPAADLDDF
CASRARQAATNEKLFF	LPAADLDDF
