CDR3	AA
CASGGDKSAPGYTF	TLKKRWQLAL
CASSTLWDRASYEQYF	TLKKRWQLAL
CASSQDWREFTDTQYF	TLKKRWQLAL
CASSPALEGYYEQYF	TLKKRWQLAL
CASSFGTSGDTDTQYF	TLKKRWQLAL
CASSFPGPTDTQYF	TLKKRWQLAL
CASSPPRDTQYF	TLKKRWQLAL
CASSLRVPGQGYSYEQYF	TLKKRWQLAL
CASSQDSASLYGYTF	TLKKRWQLAL
CASSFEGSHEQYF	TLKKRWQLAL
CASSYRQIDEQYF	TLKKRWQLAL
CASSPPLRNEQYF	TLKKRWQLAL
CASRGTGTGVPDTQYF	TLKKRWQLAL
CASSLGRGLGTEAFF	TLKKRWQLAL
CASSREAYRVEGTEAFF	TLKKRWQLAL
CASSQGILSSYEQYF	TLKKRWQLAL
CASSLVGLRASYEQYF	TLKKRWQLAL
CASTSPYPGELFF	TLKKRWQLAL
CASSLGVLYEQYF	TLKKRWQLAL
CASSQGTGFSYTF	TLKKRWQLAL
CSASFNLGARFREQFF	TLKKRWQLAL
CSAETTRVPDTQYF	TLKKRWQLAL
CATSRGLQETQYF	TLKKRWQLAL
