CDR3	AA
CASTPAEGNYEQYF	EYVSQPFLM
CASSESEMDQPQHF	EYVSQPFLM
CASSQDGRLAGSSYEQYF	EYVSQPFLM
CASSPGSGAYNEQFF	EYVSQPFLM
CATSDFRGPDNEQFF	EYVSQPFLM
CASSQGNRDGSYEQYF	EYVSQPFLM
CASSGLAGATYEQYF	EYVSQPFLM
CASSGLAVVSYNEQFF	EYVSQPFLM
CASSYSKGNEQFF	EYVSQPFLM
CASSPIEGGVEAFF	EYVSQPFLM
CASSILLDVTYNEQFF	EYVSQPFLM
CASSPLTGTSTDTQYF	EYVSQPFLM
CASISFGTGIYNEQFF	EYVSQPFLM
CASSELGQGPYEQYF	EYVSQPFLM
CASSLEQNTGELFF	EYVSQPFLM
CASSYSAPGGSYNEQFF	EYVSQPFLM
CSAKDRGFGSWFGYTF	EYVSQPFLM
CASSFGDRAYNEQFF	EYVSQPFLM
CSARGRLNTEAFF	EYVSQPFLM
CSARGSGASYNEQFF	EYVSQPFLM
CASSLMGSGSYNEQFF	EYVSQPFLM
CASSQDLGSSYNEQFF	EYVSQPFLM
CASSPGASPSYNEQFF	EYVSQPFLM
CASSLWAGSSYEQYF	EYVSQPFLM
CASSDFGTMTYNEQFF	EYVSQPFLM
CASSYDSPGTGELFF	EYVSQPFLM
CASSLVLGPSYNEQFF	EYVSQPFLM
CASSDLDRGLFQETQYF	EYVSQPFLM
CASSPEPGQGSYEQYF	EYVSQPFLM
CASSLLGGTDTQYF	EYVSQPFLM
CASSTWTGDGYEQYF	EYVSQPFLM
CSARDTLSGQYEQYF	EYVSQPFLM
CASSESVPSPEGWNTEAFF	EYVSQPFLM
CASSIGLAGSGANVLTF	EYVSQPFLM
CASSSRTSGSYEQYF	EYVSQPFLM
CASSPLTGNYNEQFF	EYVSQPFLM
CASSLLDPGADTQYF	EYVSQPFLM
CASGSFYEQYF	EYVSQPFLM
CASSFGTSGSPYNEQFF	EYVSQPFLM
CASSFPGTGSEQYF	EYVSQPFLM
CASSLVGASSYNEQFF	EYVSQPFLM
CASSLGFGNNYGYTF	EYVSQPFLM
CASSLAGTGSYEQYF	EYVSQPFLM
CASSYYLGTSYNEQFF	EYVSQPFLM
CASFPHGIENTEAFF	EYVSQPFLM
CASSQQPWTSSEQYF	EYVSQPFLM
CASSTRPEHNEQFF	EYVSQPFLM
CASSDGLAGEYEQYF	EYVSQPFLM
CASSSGAGSLGGYTF	EYVSQPFLM
CASRGSAAASTDTQYF	EYVSQPFLM
CAISDEVGIVRNEQFF	EYVSQPFLM
CASSPVAGDYNEQFF	EYVSQPFLM
CASSNSYWGYEQYF	EYVSQPFLM
CSARPHYGYTF	EYVSQPFLM
CASSQLSGRRTQYF	EYVSQPFLM
CASSYNPSTYEQYF	EYVSQPFLM
CASSPGTFSSTEAFF	EYVSQPFLM
CASSTQTNTEAFF	EYVSQPFLM
CASSLEGDAYNEQFF	EYVSQPFLM
CASSQTESGFTEAFF	EYVSQPFLM
CASSLSVAGDEQYF	EYVSQPFLM
CASSTPGTGLYEQYF	EYVSQPFLM
CASSLGLEQYF	EYVSQPFLM
CASSQVSGGLYNEQFF	EYVSQPFLM
CASSLRPANQPQHF	EYVSQPFLM
CASSQDPGLGSTDTQYF	EYVSQPFLM
CASSQVSVSSYNEQFF	EYVSQPFLM
CSAMDSGDNEQFF	EYVSQPFLM
CASSPVGFSGVTDTQYF	EYVSQPFLM
CASSFSGTGLGEQYF	EYVSQPFLM
CASSPTSGSNYEQFF	EYVSQPFLM
CASSPRPSAIYGYTF	EYVSQPFLM
CARSRGSGMTYEQYF	EYVSQPFLM
CASSILAGEGETQYF	EYVSQPFLM
CASSRIAGGSYNEQFF	EYVSQPFLM
CASSPWPTRDTGELFF	EYVSQPFLM
CASSLETSGYEQYF	EYVSQPFLM
CAISPSAGMSYNEQFF	EYVSQPFLM
CATHPGLFWDEQFF	EYVSQPFLM
CASSPTGTSEYNEQFF	EYVSQPFLM
CASSLEGDSYNEQFF	EYVSQPFLM
CATSDPRLARGVDTQYF	EYVSQPFLM
CASGWDGYEQYF	EYVSQPFLM
CASSEAFGVYEQYF	EYVSQPFLM
CASSQLQGASTEAFF	EYVSQPFLM
CSAREAVGYPYEQYF	EYVSQPFLM
CASRGTPGPEEILLYGYTF	EYVSQPFLM
CASSLGAGPSNQPQHF	EYVSQPFLM
CASSQSVVVGAVDEQFF	EYVSQPFLM
CASSFIVPSGREVGELFF	EYVSQPFLM
CASSQQILVTVSYEQYF	EYVSQPFLM
CASSLIGRGSYNEQFF	EYVSQPFLM
CASSLARGGYGYTF	EYVSQPFLM
CASSRGPGTSGYEQYF	EYVSQPFLM
