CDR3	AA
CASSASGVGSYEQYF	YTVSCLPFTI
CASREGLAGTYEQYF	YTVSCLPFTI
CASSLLTGVNEQFF	YTVSCLPFTI
CASSYWTGGSTNQPQHF	YTVSCLPFTI
CASSPYPVNTEAFF	YTVSCLPFTI
CATGTGVGELFF	YTVSCLPFTI
CASSQERGSNYGYTF	YTVSCLPFTI
CASRGTGFNQPQHF	YTVSCLPFTI
CASSEDGRADTQYF	YTVSCLPFTI
CASKEGTEAFF	YTVSCLPFTI
CASSFGNAGYTF	YTVSCLPFTI
CASSPPGLAGLTREQYF	YTVSCLPFTI
CASMPDRALYEQYF	YTVSCLPFTI
CASSFAGELFF	YTVSCLPFTI
CASSVELAGAYEQYF	YTVSCLPFTI
CASSLSPTYGYTF	YTVSCLPFTI
CASSYPPRGSYNEQFF	YTVSCLPFTI
CASSLIGGEQFF	YTVSCLPFTI
CASSFGGGLYEQYF	YTVSCLPFTI
CASSIGQGRETQYF	YTVSCLPFTI
CASSAGTGGIETQYF	YTVSCLPFTI
CASSSGQALYEQYF	YTVSCLPFTI
CASSQEARGQDTQYF	YTVSCLPFTI
CASSPTNEQFF	YTVSCLPFTI
CASSETALLEQYF	YTVSCLPFTI
CASSPDRYNSPLHF	YTVSCLPFTI
CSARDVSGLDYEQYF	YTVSCLPFTI
CASLMNTEAFF	YTVSCLPFTI
CASSPEGHYEQYF	YTVSCLPFTI
CASSLFGTEAADEQFF	YTVSCLPFTI
CASSLPKQGVAGELFF	YTVSCLPFTI
CASSLTDTQYF	YTVSCLPFTI
CASSSGVGSYEQYF	YTVSCLPFTI
CASSFVQVAGGYEQYF	YTVSCLPFTI
CASSHSVGVDEQYF	YTVSCLPFTI
CASSSSSLRKSLHF	YTVSCLPFTI
CASTTGGNDNEQFF	YTVSCLPFTI
CASSLTSGRALAYNEQFF	YTVSCLPFTI
CASSHGTSSYNEQFF	YTVSCLPFTI
CASSLDRGNEQFF	YTVSCLPFTI
CASSVGGGNEQFF	YTVSCLPFTI
CASSIIASDTQYF	YTVSCLPFTI
CASGVHNNEQFF	YTVSCLPFTI
CASTLTSGAYEQYF	YTVSCLPFTI
CASSEDRGPNQPQHF	YTVSCLPFTI
CASSIAAEAFF	YTVSCLPFTI
CASSSATDRVIQPQHF	YTVSCLPFTI
CASSFGGGLTDTQYF	YTVSCLPFTI
CASSESAGSSYNEQFF	YTVSCLPFTI
CASSITTLYTF	YTVSCLPFTI
CASRGGGGSSYEQYF	YTVSCLPFTI
CASSPRTWYEQYF	YTVSCLPFTI
CASSPDGRLYNEQFF	YTVSCLPFTI
CASQPKGDSNQPQHF	YTVSCLPFTI
CASSYSIAPNTEAFF	YTVSCLPFTI
CASSSFDGTGMAEQYF	YTVSCLPFTI
CASSFRGSNEQFF	YTVSCLPFTI
CASSAWGYTEAFF	YTVSCLPFTI
CASSRDRGPNQPQHF	YTVSCLPFTI
CASSDLAGAYNEQFF	YTVSCLPFTI
CATSRDLPVSSYEQYF	YTVSCLPFTI
CASSLSPMGVTGELFF	YTVSCLPFTI
CAFEMGETPYNYGYTF	YTVSCLPFTI
CASSAGPGGELFF	YTVSCLPFTI
CASSQDPGGTEAFF	YTVSCLPFTI
CASRISSSHEQFF	YTVSCLPFTI
CASSYSGTGNGYTF	YTVSCLPFTI
CASSQGLAGGYEQYF	YTVSCLPFTI
CASSVGTATYEQYF	YTVSCLPFTI
CASRPGPGGNQPQHF	YTVSCLPFTI
CASSYLNNEQFF	YTVSCLPFTI
CAVMSGNSYNSPLHF	YTVSCLPFTI
CASRISLSYEQYF	YTVSCLPFTI
CASSFGYTGQGYYGYTF	YTVSCLPFTI
CASSIAVGAEAFF	YTVSCLPFTI
CASSPDRVNQPQHF	YTVSCLPFTI
CASSYLLQGPEQFF	YTVSCLPFTI
CASSPIELTQYF	YTVSCLPFTI
CASSPAVVSSYNEQFF	YTVSCLPFTI
CASREDRVNTEAFF	YTVSCLPFTI
CASSLGGLSEQYF	YTVSCLPFTI
CASSQKFGTDLAKNIQYF	YTVSCLPFTI
CASSISLGGYEQYF	YTVSCLPFTI
CASSLVVAGVGEQYF	YTVSCLPFTI
CASSQEISGGANEQFF	YTVSCLPFTI
CASSHDRGPVQPQHF	YTVSCLPFTI
CASSFQSGGTTDTQYF	YTVSCLPFTI
CASSPPPHRTEAFF	YTVSCLPFTI
CASSLRTTGTGELFF	YTVSCLPFTI
CASSVGQGATNEQFF	YTVSCLPFTI
CASSPDRGPYNEQFF	YTVSCLPFTI
CASSRDRGQGQPQHF	YTVSCLPFTI
CASSLSQIHEQYF	YTVSCLPFTI
CASSPGLAGGESSYNEQFF	YTVSCLPFTI
CASSEAFHEQFF	YTVSCLPFTI
CASSLPYNEQFF	YTVSCLPFTI
CASTDRVGYNEQFF	YTVSCLPFTI
CASQPRGTETQYF	YTVSCLPFTI
CASSIKGFPEAGVFNEQYF	YTVSCLPFTI
CASKADGYEQYF	YTVSCLPFTI
CASSWGGLQYF	YTVSCLPFTI
CASSPGVLAEAFF	YTVSCLPFTI
CASSGTMKYF	YTVSCLPFTI
CASSYSTLLNEQYF	YTVSCLPFTI
CASSAVSGSPYEQYF	YTVSCLPFTI
CSARDPGDSTYRDYGYTF	YTVSCLPFTI
CASSLMLAGVNTDTQYF	YTVSCLPFTI
CATSRDSLSNTGELFF	YTVSCLPFTI
CASSSAGATDTQYF	YTVSCLPFTI
CASSPEQQGIRTEAFF	YTVSCLPFTI
CASSPDQGGWGNTIYF	YTVSCLPFTI
CASWGDSYEQYF	YTVSCLPFTI
CASSFLALSNQPQHF	YTVSCLPFTI
CASSHYRGNEQFF	YTVSCLPFTI
CASSLNWDTEAFF	YTVSCLPFTI
CASSVGHRGSREQYF	YTVSCLPFTI
CSVGQGDIYEQYF	YTVSCLPFTI
CASSQSSYEQYF	YTVSCLPFTI
