CDR3	AA
CASSYSGRVDEQYF	NPANNAAIVL
CASSLGTGDNSPLHF	NPANNAAIVL
CASSLYPGVAGELSDTQYF	NPANNAAIVL
CASSPGGVALNEKLFF	NPANNAAIVL
CASSLEEGGTQYF	NPANNAAIVL
CASSFASGAGGMNEQFF	NPANNAAIVL
CASSLGLAGINEQYF	NPANNAAIVL
CASSTAMTDTQYF	NPANNAAIVL
CASCKSPTGYPTNTQYF	NPANNAAIVL
CASSLGGGGQNIQYF	NPANNAAIVL
CATSRGADTNYEQYF	NPANNAAIVL
CASTRQGSSTDTQYF	NPANNAAIVL
CASSIVRVSTDTQYF	NPANNAAIVL
CASSRTSAPYEQYF	NPANNAAIVL
CASSFGTAEVGEQYF	NPANNAAIVL
CASSLGDREAEQYF	NPANNAAIVL
CASSYGGLTDEQFF	NPANNAAIVL
CASSQGADSPYEQYF	NPANNAAIVL
CSAPAYGTSLETQYF	NPANNAAIVL
CASSYTGGDYEQYF	NPANNAAIVL
CASSYSGQIQVYGYTF	NPANNAAIVL
CASMASADTYEQYV	NPANNAAIVL
CASKLGQGFNQPQHF	NPANNAAIVL
CASSLQGVNTGELFF	NPANNAAIVL
CASSPSTFLDRVDGYTF	NPANNAAIVL
CASSLGRSGTYNEQFF	NPANNAAIVL
CASSPSEGAGLGSNEQFF	NPANNAAIVL
CATSALAGTDTQYF	NPANNAAIVL
CASSYVTGPYEQYF	NPANNAAIVL
CASSMSGTGTYEQYF	NPANNAAIVL
CSASGDSLLYEQYF	NPANNAAIVL
CASSPRDYSYEQYF	NPANNAAIVL
CASSMISGHEQFF	NPANNAAIVL
CASSLVGGSLYNEQFF	NPANNAAIVL
CASSVVPPDTGYNTEAFF	NPANNAAIVL
CASSLAGDYNEQFF	NPANNAAIVL
CASSQDSAGEQFF	NPANNAAIVL
CSARAEGSYEQYF	NPANNAAIVL
CASSLVEGPEAFF	NPANNAAIVL
CASSWGENTEAFF	NPANNAAIVL
CASSLYASGSPDEQYF	NPANNAAIVL
CSAIDGVNTEAFF	NPANNAAIVL
CASSLWGTSDYEQYF	NPANNAAIVL
CSVEGGTGGYEQYF	NPANNAAIVL
CASSMGSGGYEQYF	NPANNAAIVL
CASSYTDTSYEQYF	NPANNAAIVL
CASSYVRGSYEQYF	NPANNAAIVL
CATSTLRESNTEAFF	NPANNAAIVL
CASSTSMDSGRALETQYF	NPANNAAIVL
CASSYAGLPYEQYF	NPANNAAIVL
CASGWASWSNEQFF	NPANNAAIVL
CASSYSSQEHGYTF	NPANNAAIVL
CATSKTAPSGELFF	NPANNAAIVL
CASSLWQGNQPQHF	NPANNAAIVL
CASSSRGSGELQETQYF	NPANNAAIVL
CSVSGLAGGGDTQYF	NPANNAAIVL
CALCPAGATDTQYF	NPANNAAIVL
CASSQVGSGGENIQYF	NPANNAAIVL
CASSLGTSDTEAFF	NPANNAAIVL
CASSSHRGGDEQFF	NPANNAAIVL
CSVEVLGVTEAFF	NPANNAAIVL
CASSQQLGTEAFF	NPANNAAIVL
CASSSGRGARYNEQFF	NPANNAAIVL
CASSEWTSGQETQYF	NPANNAAIVL
CSVEEFWTEQETQYF	NPANNAAIVL
CASSFSGQDSTDTQYF	NPANNAAIVL
CASSIMGGTNNEQFF	NPANNAAIVL
CASSLFVTGGPEEQFF	NPANNAAIVL
CSVVPHSDFSGATYEQYF	NPANNAAIVL
CSVELQGALLDTQYF	NPANNAAIVL
CASSAGLAGVWQETQYF	NPANNAAIVL
CASSLQIFNEQFF	NPANNAAIVL
CASSHGPVTEAFF	NPANNAAIVL
CSVEPGTGGNEQFF	NPANNAAIVL
CASSLGGAWETQYF	NPANNAAIVL
CASSLNSGSGNSYNEQFF	NPANNAAIVL
CASSFGEVSEQYV	NPANNAAIVL
CASSQDRTANYGYTF	NPANNAAIVL
CASSLGETNTEAFF	NPANNAAIVL
CASSVGDRDQPQHF	NPANNAAIVL
CASSLGDGAYEQYF	NPANNAAIVL
CASSYFAGEETQYF	NPANNAAIVL
CASSYSGTGVSEQYF	NPANNAAIVL
CASSSLGGGPDAFF	NPANNAAIVL
CASSYSRPDTQYF	NPANNAAIVL
CASSSNPTATDRGHNEQFF	NPANNAAIVL
CASSLGGTVLNEQFF	NPANNAAIVL
CASSPPGAQYF	NPANNAAIVL
CASTTGTGNGANVLTF	NPANNAAIVL
CSVNVGTGGYEQYF	NPANNAAIVL
CASSIDGGVAYNEQFF	NPANNAAIVL
CSAPPEQGYEQYF	NPANNAAIVL
CASSQGPGQGEVTDTQYF	NPANNAAIVL
CASSEFLGSTYEQYF	NPANNAAIVL
CASSLEGGTPYEQYF	NPANNAAIVL
CASSQYNQETQYF	NPANNAAIVL
CASSYSPPGHTEAFF	NPANNAAIVL
CASSESGMSYEQYV	NPANNAAIVL
CASSLTGTEQFF	NPANNAAIVL
CSVDVGTGGYEQYF	NPANNAAIVL
CASTTGGFVDEQFF	NPANNAAIVL
CASSLGDRDVGYTF	NPANNAAIVL
CASSMDPEETGELFF	NPANNAAIVL
CASSSSTNYGYTF	NPANNAAIVL
CASSILALSNTEAFF	NPANNAAIVL
CASSSQGVSTDTQYF	NPANNAAIVL
CASSPTTTVNTEAFF	NPANNAAIVL
CASTLSLAQDTQYF	NPANNAAIVL
CASKASFPAQAFF	NPANNAAIVL
CASSDPGGGTDTQYF	NPANNAAIVL
CSVEPGRGGYEQYF	NPANNAAIVL
CASSFSTGGTEAFF	NPANNAAIVL
CASSEWGRSSNQPQHF	NPANNAAIVL
CASSPGPYVTYEQYF	NPANNAAIVL
CASSQNELTGSSPLHF	NPANNAAIVL
CASSYTDNPYEQYF	NPANNAAIVL
CASSPLSVIVSYEQYF	NPANNAAIVL
CASSILGTNTGELFF	NPANNAAIVL
CASNVPSGIKNEQFF	NPANNAAIVL
CASSIKHISGNTIYF	NPANNAAIVL
CASSFGAPLAESTDTQYF	NPANNAAIVL
CASSWAGNYNEQFF	NPANNAAIVL
CATSRDREGDNEQFF	NPANNAAIVL
CSARVLAANTGELFF	NPANNAAIVL
CASSDPSGLSYEQYF	NPANNAAIVL
CASSPPQGSSLSNTEAFF	NPANNAAIVL
CASSLRRDRVEKLFF	NPANNAAIVL
CASSVGETNTEAFF	NPANNAAIVL
CATSRATSGNTIYF	NPANNAAIVL
CASSILAGTYNEQFF	NPANNAAIVL
