CDR3	AA
CASSIRVKDEQYF	AYKTFPPTEPK
CASSQGGKDEQFF	AYKTFPPTEPK
CASSSSRDSLSTDTQYF	AYKTFPPTEPK
CASSFVPTDRSSGNTIYF	AYKTFPPTEPK
CASMGRKAEAFF	AYKTFPPTEPK
CASSIRVKDQPQHF	AYKTFPPTEPK
CASSSRPDRDAFF	AYKTFPPTEPK
CAGRGPGCLYYGYTF	AYKTFPPTEPK
CATSRAGAASSYNEQFF	AYKTFPPTEPK
CASSVAREGPRNEQFF	AYKTFPPTEPK
CASSQGKGGTQYF	AYKTFPPTEPK
CASSSSSYQETQYF	AYKTFPPTEPK
CASSGQGVNTIYF	AYKTFPPTEPK
CASSDGWTGRNSPLHF	AYKTFPPTEPK
CASSILFTLNSPLHF	AYKTFPPTEPK
CASSLGQGNGYTF	AYKTFPPTEPK
CASSPRIGGGEQYF	AYKTFPPTEPK
CASSVGQNSNQPQHF	AYKTFPPTEPK
CASSPRLQRLHYEQYF	AYKTFPPTEPK
CASSSEVYSPLHF	AYKTFPPTEPK
CASSPRISGGDTQYF	AYKTFPPTEPK
CASSQDFVGQGTGELFF	AYKTFPPTEPK
CASSLFEDPNQPQHF	AYKTFPPTEPK
CATSKGIGLAGTYNEQFF	AYKTFPPTEPK
CASSVHGKTSGRAGEQFF	AYKTFPPTEPK
CASGFGRGNTIYF	AYKTFPPTEPK
CASSLAGTGLSVVNSPLHF	AYKTFPPTEPK
CASTHRAEFYNEQFF	AYKTFPPTEPK
CASSRTSGRSQETQYF	AYKTFPPTEPK
CASGSRVYEQYF	AYKTFPPTEPK
CASRATTSVLNEQFF	AYKTFPPTEPK
CASAPGEKDEQFF	AYKTFPPTEPK
CASRPTGGSTDTQYF	AYKTFPPTEPK
CASSKKDENYGYTF	AYKTFPPTEPK
CASSKVSRTGINEQFF	AYKTFPPTEPK
CSARRTENQPQHF	AYKTFPPTEPK
CASSRLLGRNYGYTF	AYKTFPPTEPK
CSARDRLAGARGTQYF	AYKTFPPTEPK
CASSPQIGTGELFF	AYKTFPPTEPK
CASSQNPTEPQHF	AYKTFPPTEPK
CASSVGQKDEQYF	AYKTFPPTEPK
CASSITAKDEQYF	AYKTFPPTEPK
CASSRSRGSEFFF	AYKTFPPTEPK
CASSEAVGQGNQPQHF	AYKTFPPTEPK
CASSQGVKDEQYF	AYKTFPPTEPK
CASISYEQFF	AYKTFPPTEPK
CASSSTRRADTQYF	AYKTFPPTEPK
CASPGTGANGYTF	AYKTFPPTEPK
CSVDRDNEQYF	AYKTFPPTEPK
CASSVMGKASGRGEQFF	AYKTFPPTEPK
CASSLGRSGGAVFF	AYKTFPPTEPK
CASSLRRDSLNQPQHF	AYKTFPPTEPK
CAISESRGGMLTQHF	AYKTFPPTEPK
CASIGVPLTAGLSYEQYF	AYKTFPPTEPK
CASSPGGPSTKNIQYF	AYKTFPPTEPK
CASSYGTAYGYTF	AYKTFPPTEPK
CASSPKGLVSSDTQYF	AYKTFPPTEPK
CAIPQRDSREAAQYF	AYKTFPPTEPK
CSTEREGRKGWSQYF	AYKTFPPTEPK
CASSYFQEGSNQPQHF	AYKTFPPTEPK
CASGFGQGNTIYF	AYKTFPPTEPK
CASSSTAKDEQYF	AYKTFPPTEPK
CASRPASSSHEQFF	AYKTFPPTEPK
CASRGPTGPTYEQYF	AYKTFPPTEPK
CASSQGGTNEQYF	AYKTFPPTEPK
CASGFGPGNTIYF	AYKTFPPTEPK
CASSRGARAGRSSYEQYF	AYKTFPPTEPK
CASSYPLGPQHF	AYKTFPPTEPK
CASSPGPGRNQPQHF	AYKTFPPTEPK
CASSTPQGFRRMNTEAFF	AYKTFPPTEPK
CASSLSGNTGELFF	AYKTFPPTEPK
CASSPGQGGTEAFF	AYKTFPPTEPK
CASSQVPSIYNEQFF	AYKTFPPTEPK
CASSSGQGGDGYTF	AYKTFPPTEPK
CASSFPWTGRSTEAFF	AYKTFPPTEPK
CASSTAGRQPQHF	AYKTFPPTEPK
CASNGGGPLNTEAFF	AYKTFPPTEPK
CASSPLGKSSYNEQFF	AYKTFPPTEPK
CASNRGAGELFF	AYKTFPPTEPK
CAIGRQGGTDTQYF	AYKTFPPTEPK
CASSLEGLAPYEQYF	AYKTFPPTEPK
CASRPFSRGNTEAFF	AYKTFPPTEPK
CASSGRDGYYEQYF	AYKTFPPTEPK
CATSRGTGSYEQFF	AYKTFPPTEPK
CASSPSPRGALHF	AYKTFPPTEPK
CASGVRVKDEQYF	AYKTFPPTEPK
CASSRGTGGRQPQHF	AYKTFPPTEPK
CASSRRGKPIQETQYF	AYKTFPPTEPK
CASTGRGEFYNEQFF	AYKTFPPTEPK
CASSQGFQGRNTEAFF	AYKTFPPTEPK
CSVRSGAERSYNEQFF	AYKTFPPTEPK
CASSSSGYRGRETQYF	AYKTFPPTEPK
CASSPRIGPGGSSYNEQFF	AYKTFPPTEPK
CASSDATPRGVGGEQFF	AYKTFPPTEPK
CASSIRSKDEQYF	AYKTFPPTEPK
CASSEPRDREFPGNTIYF	AYKTFPPTEPK
CASSMRGKDEQYF	AYKTFPPTEPK
CASSDATPRGGVRGEQFF	AYKTFPPTEPK
CASSPGRNSNQPQHF	AYKTFPPTEPK
CASSRQLAKNIQYF	AYKTFPPTEPK
CASSSSSRSYEQYF	AYKTFPPTEPK
CASSVTGKPGGELFF	AYKTFPPTEPK
CASSYPTPDRGTYEQYF	AYKTFPPTEPK
CASSRPGDNTDTQYF	AYKTFPPTEPK
CASSSRVVRGNNEQFF	AYKTFPPTEPK
CASRTVGQGSNEQFF	AYKTFPPTEPK
CASSKQGEDYNEQFF	AYKTFPPTEPK
CASSTSSSPFREQYF	AYKTFPPTEPK
CASRRATEQFF	AYKTFPPTEPK
CAITSTSGNYGYTF	AYKTFPPTEPK
CASSVGGKGFYNEQFF	AYKTFPPTEPK
CASSGLGGEGYGYTF	AYKTFPPTEPK
CASSTPRGTSGRVGEQFF	AYKTFPPTEPK
CASSQDMRPTGELFF	AYKTFPPTEPK
CAWIFRGWEYF	AYKTFPPTEPK
CASSRLAGSAYNEQFF	AYKTFPPTEPK
CASRGWDLNTEAFF	AYKTFPPTEPK
CASSQVSKDEQYF	AYKTFPPTEPK
CASSIGGGRQPQHF	AYKTFPPTEPK
CASSVGGNGNQPQHF	AYKTFPPTEPK
CASSTHGVRPNTGELFF	AYKTFPPTEPK
CASKPGGPGYGYTF	AYKTFPPTEPK
CASSTRTQPPYNYGYTF	AYKTFPPTEPK
CASSSQLKDIQYF	AYKTFPPTEPK
CAISDGQVAPGELFF	AYKTFPPTEPK
CASSRGPASTEAFF	AYKTFPPTEPK
CATSRQGGTDTQYF	AYKTFPPTEPK
CASSQRGRGWGTDTQYF	AYKTFPPTEPK
CATSRETSGSYEQYF	AYKTFPPTEPK
CASSELLKMNTEAFF	AYKTFPPTEPK
CASSTSPSTDTQYF	AYKTFPPTEPK
CASSGTGDRGPPNYGYTF	AYKTFPPTEPK
CATSRQGGTDTQYF	AYKTFPPTEPK
CASSVWGKAGGPYNEQFF	AYKTFPPTEPK
CASTNEQFF	AYKTFPPTEPK
CASSRGPASTEAFF	AYKTFPPTEPK
CASSTGPGYQPQHF	AYKTFPPTEPK
CASSDGSYNEQFF	AYKTFPPTEPK
CASPPGPEPYGYTF	AYKTFPPTEPK
CASSQTQKDEQYF	AYKTFPPTEPK
CASSRASGELFF	AYKTFPPTEPK
CASSDQGPDTQYF	AYKTFPPTEPK
CATSRRTGFQETQYF	AYKTFPPTEPK
CASSHMGYEQYF	AYKTFPPTEPK
CASSQMTGLFAFF	AYKTFPPTEPK
CASSLVANTEAFF	AYKTFPPTEPK
CASGVRVKDEQYF	AYKTFPPTEPK
CASSPTGGAGNTEAFF	AYKTFPPTEPK
CASGFGGGNTIYF	AYKTFPPTEPK
CASSIRVKDEQYF	AYKTFPPTEPK
CASSPRVRINTGELFF	AYKTFPPTEPK
CASSPDSWNIQYF	AYKTFPPTEPK
CASSPTGTNKPQHF	AYKTFPPTEPK
CASSTSPSTDTQYF	AYKTFPPTEPK
CASSPGGYNEQFF	AYKTFPPTEPK
CASSPTISTVTSEAFF	AYKTFPPTEPK
CASSLALGGEYGYTF	AYKTFPPTEPK
CATSRGTGGVGYGYTF	AYKTFPPTEPK
CASSVAHGGTQYF	AYKTFPPTEPK
CASSRRAADVVPYNEQFF	AYKTFPPTEPK
CASSLVANTEAFF	AYKTFPPTEPK
CASSQGPRGELFF	AYKTFPPTEPK
CASSTGGRQPQHF	AYKTFPPTEPK
CASSLVGTRSNEQFF	AYKTFPPTEPK
CASSSLKPGELFF	AYKTFPPTEPK
CASSSAVSSYEQYF	AYKTFPPTEPK
CASSQGLKDEQFF	AYKTFPPTEPK
CASSIKGKDEQYF	AYKTFPPTEPK
CASSLSLGARTGELFF	AYKTFPPTEPK
CASSYRGIGTEAFF	AYKTFPPTEPK
CASSTWTSGNRYQETQYF	AYKTFPPTEPK
CASSWASYNEQFF	AYKTFPPTEPK
CASSTPTGLGYGYTF	AYKTFPPTEPK
CASSTAWTGQSGTIYF	AYKTFPPTEPK
CASSSRVKDEQYF	AYKTFPPTEPK
CASSQGGYHEQYF	AYKTFPPTEPK
CASSSRTGSTEAFF	AYKTFPPTEPK
CASSHNLAESSYEQYF	AYKTFPPTEPK
CASSLGQRSGQYF	AYKTFPPTEPK
CATSRKRGTVQETQYF	AYKTFPPTEPK
CATSKQGGTDTQYF	AYKTFPPTEPK
CATSKQGADEQFF	AYKTFPPTEPK
CASSLRGKGIQETQYF	AYKTFPPTEPK
CSAKKGTGKGFYTEAFF	AYKTFPPTEPK
CASNGPGGRRNGELFF	AYKTFPPTEPK
CASSVGQGYSPLHF	AYKTFPPTEPK
CAWSVSGRYYEQYF	AYKTFPPTEPK
CASSDATPRGGVGGEQFF	AYKTFPPTEPK
CASTHRMDHQPQHF	AYKTFPPTEPK
CASSSTEKDEQYF	AYKTFPPTEPK
CASSTSSIGEQYF	AYKTFPPTEPK
CASGFGEGNTIYF	AYKTFPPTEPK
CASSYYGNEQYF	AYKTFPPTEPK
CASSRTGTVGNQPQHF	AYKTFPPTEPK
CASSPQSKDTQYF	AYKTFPPTEPK
CATSRYGQGTYNEQFF	AYKTFPPTEPK
CASSQGGQGPSYEQYF	AYKTFPPTEPK
CASSPYIGRANEQFF	AYKTFPPTEPK
CASSSRGKDEQYF	AYKTFPPTEPK
CASSYGGGASPGELFF	AYKTFPPTEPK
CASSQGGSNEQFF	AYKTFPPTEPK
CASSMRTKDEQYF	AYKTFPPTEPK
CASSLGGNSNQPQHF	AYKTFPPTEPK
CASSRGQGDNYGYTF	AYKTFPPTEPK
CATSRGSHQGAGQPQHF	AYKTFPPTEPK
CASSQDRRSSSDTQYF	AYKTFPPTEPK
CASSLTGTGGQFFYNEQFF	AYKTFPPTEPK
