CDR3	AA
CASSWAGGGTDTQYF	QYIKWPWYI
CASSLRALAGGSYEQYF	QYIKWPWYI
CASSPDRGGTEAFF	QYIKWPWYI
CASSYAGLADAYNEQFF	QYIKWPWYI
CASSLGILPGPSTDTQYF	QYIKWPWYI
CATSERTSGFNEQFF	QYIKWPWYI
CASSPAHLGGDNEQFF	QYIKWPWYI
CSAPGHSGPDTQYF	QYIKWPWYI
CATSSSLSGPSTDTQYF	QYIKWPWYI
CSARDPLIIAGAGDTQYF	QYIKWPWYI
CASSQDLLGGGYGYTF	QYIKWPWYI
CASSVETSGRGGYNEQFF	QYIKWPWYI
CASSISAGGLYEQYF	QYIKWPWYI
CASSIDLSANNQPQHF	QYIKWPWYI
CASSAGIYEQYF	QYIKWPWYI
CSARDRLLAVNSYEQYF	QYIKWPWYI
CASSEGQGAYEQYF	QYIKWPWYI
CSASTVGGQFVDEQFF	QYIKWPWYI
CASSLSPGTGIGNTIYF	QYIKWPWYI
CASSISLSVRNIQYF	QYIKWPWYI
CASSISSGVRYEQYF	QYIKWPWYI
CASSEALRQANYEQYF	QYIKWPWYI
CASEVTGTLNTGELFF	QYIKWPWYI
CASSFGPGGEQYF	QYIKWPWYI
CSARPTGDQAYEQYF	QYIKWPWYI
CASSPHRDYGYTF	QYIKWPWYI
CASSIDTGIKPQHF	QYIKWPWYI
CASSLSTGSTDTQYF	QYIKWPWYI
CASSIDAGPTDEQFF	QYIKWPWYI
CASSPSRTEAFF	QYIKWPWYI
CASSQGDRGSGDEQFF	QYIKWPWYI
CSAQPSLDYNEQFF	QYIKWPWYI
CASSYAGTEAFF	QYIKWPWYI
CASSLSSGAAHSYNEQFF	QYIKWPWYI
CASSISGGVMNTEAFF	QYIKWPWYI
CASSQADRPSYEQYF	QYIKWPWYI
CASSYYGHTEAFF	QYIKWPWYI
CASSTGGPFNEQFF	QYIKWPWYI
CASSYSWTWGELFF	QYIKWPWYI
CASSTAPWNEQFF	QYIKWPWYI
CASSLGAGNEQFF	QYIKWPWYI
CSARDMGLANEQYF	QYIKWPWYI
CSARDFLAHVTYNEQFF	QYIKWPWYI
CASSPLGPADSYNEQFF	QYIKWPWYI
CSARDSAAAYGYTF	QYIKWPWYI
CASSLTGGGVNEQFF	QYIKWPWYI
CSARDLREAWTEAFF	QYIKWPWYI
CASSLGSGRTSYNEQFF	QYIKWPWYI
CASSLEQGGYGYTF	QYIKWPWYI
CASSPGHAPLAYGYTF	QYIKWPWYI
CASSISAGGSYEQYF	QYIKWPWYI
CASSSTGWDTEAFF	QYIKWPWYI
CSARIQGFQPQHF	QYIKWPWYI
CASSEFGQASYEQYF	QYIKWPWYI
CATSLGETEAFF	QYIKWPWYI
CASSLGGQGEGNEQFF	QYIKWPWYI
CSAPGTSGIYEQFF	QYIKWPWYI
CASSSMTVLNTEAFF	QYIKWPWYI
CSARDVGRNQPQHF	QYIKWPWYI
CSARDGTGFYNEQFF	QYIKWPWYI
CASSFGAGNEQFF	QYIKWPWYI
CASSLPALAGTDTQYF	QYIKWPWYI
CSASPLTAYEQYF	QYIKWPWYI
CSARDLGQAVTDTQYF	QYIKWPWYI
CASSPWDISYEQYF	QYIKWPWYI
CASSPTGSHEQYF	QYIKWPWYI
CASSLLAGGYNEQFF	QYIKWPWYI
CASTVPTGIEGGFQPQHF	QYIKWPWYI
CASSQDPKTLYEQYF	QYIKWPWYI
CASSHGETSGITDTQYF	QYIKWPWYI
CASSPGVRGLQETQYF	QYIKWPWYI
CASSPTSGGANEQFF	QYIKWPWYI
CASTSQRVQGITNTEAFF	QYIKWPWYI
CASSIVRDSYNEQFF	QYIKWPWYI
CASSRSSYNEQFF	QYIKWPWYI
CASSLLGNGGSGYEQYF	QYIKWPWYI
CASSFPGQGTVGLPDEQFF	QYIKWPWYI
CASSYYSGNYGYTF	QYIKWPWYI
CASSHTQGTTQETQYF	QYIKWPWYI
CASSFQGYQPQHF	QYIKWPWYI
CASSLEGDGYTF	QYIKWPWYI
CASSQDPYRGPTGELFF	QYIKWPWYI
CSARPVTSGGPYWETQYF	QYIKWPWYI
CASSLTSGGTYNEQFF	QYIKWPWYI
CASSIDPGPMYNEQFF	QYIKWPWYI
CASSTKFDPPGQGETGELFF	QYIKWPWYI
CASSSPRGLADNEQFF	QYIKWPWYI
CSARDPGRAENIQYF	QYIKWPWYI
CASSLETSQNTEAFF	QYIKWPWYI
CASSQEQLTVYGYTF	QYIKWPWYI
CSARGLRASYEQYF	QYIKWPWYI
CASSVAGGQYNEQFF	QYIKWPWYI
CSARYAGTGEQFF	QYIKWPWYI
CSASTSSYNEQFF	QYIKWPWYI
CASSISAGASTDTQYF	QYIKWPWYI
CSARGSSSYEQYF	QYIKWPWYI
CATSEKQGWTYNEQFF	QYIKWPWYI
CASSIAPTSNQPQHF	QYIKWPWYI
CASSYQLAGELLF	QYIKWPWYI
CASSPLEGAYNEQFF	QYIKWPWYI
CASSLGGTGELFF	QYIKWPWYI
CASRINQNEKLFF	QYIKWPWYI
CASSYPTRLAGGYEQYF	QYIKWPWYI
CSARDVWDLNTEAFF	QYIKWPWYI
CASSSTGFTEAFF	QYIKWPWYI
CASSSGEAFF	QYIKWPWYI
CASSDTPQGDEAFF	QYIKWPWYI
CSARSAVTNTGELFF	QYIKWPWYI
CASSTDRAPGELFF	QYIKWPWYI
CASSYQGQAVYEQYF	QYIKWPWYI
CASSQDLGGSYNEQFF	QYIKWPWYI
CASSYAVAGANVLTF	QYIKWPWYI
CASSFPLAGGAVGELFF	QYIKWPWYI
CSVVLEGLGQPQHF	QYIKWPWYI
CASSQGSTGELFF	QYIKWPWYI
CASSLEGTYGYTF	QYIKWPWYI
CASSLGRGPETQYF	QYIKWPWYI
CASSSRQETGVSYEQYF	QYIKWPWYI
CSARYPPLLAAEETQYF	QYIKWPWYI
CASSLSGGTTDTQYF	QYIKWPWYI
CASSLGDGYTF	QYIKWPWYI
CSAPQDSHWNEQYF	QYIKWPWYI
CASSWGAFGGQPQHF	QYIKWPWYI
CASSPTLFLAENTGELFF	QYIKWPWYI
CASSEQAGGSGGYTF	QYIKWPWYI
CARDSSTDTQYF	QYIKWPWYI
CASSLGTGAANEKLFF	QYIKWPWYI
CASTLGRRLNTEAFF	QYIKWPWYI
CASSLGRGSNQPQHF	QYIKWPWYI
CASSYGAATGELFF	QYIKWPWYI
CSARDLGLAGPYNEQFF	QYIKWPWYI
CASSQDQSSNEKLFF	QYIKWPWYI
CSARDPFGGQPYEQYF	QYIKWPWYI
CATETSGFGNEQFF	QYIKWPWYI
CSVEGAYTGELFF	QYIKWPWYI
CSARGAGTYYEQYF	QYIKWPWYI
CASSMEDGQPQHF	QYIKWPWYI
CASSPYGDAGELFF	QYIKWPWYI
CASSLAGNNEQFF	QYIKWPWYI
CASSIDLGPGNQPQHF	QYIKWPWYI
CASGLFEGPPSTDTQYF	QYIKWPWYI
CASSYSHSGEAFF	QYIKWPWYI
CSASVAAYEQYF	QYIKWPWYI
CASSPSAKTLYEQYF	QYIKWPWYI
CASSIGNRRDEKLFF	QYIKWPWYI
CASSEAGAYEQYF	QYIKWPWYI
CASSLAGAVQETQYF	QYIKWPWYI
CASSFPSGGLDNEQFF	QYIKWPWYI
CASSLFVYSTMNTEAFF	QYIKWPWYI
CASSQGLTGGTGELFF	QYIKWPWYI
CATSDLGGNTGELFF	QYIKWPWYI
CASSLGTAIEAFF	QYIKWPWYI
CASSLLAGATDTQYF	QYIKWPWYI
CASSMDTSTNEKLFF	QYIKWPWYI
CSAQDMDSTTYEQYF	QYIKWPWYI
CASSFLGQGIYNEQFF	QYIKWPWYI
CSARGGTRRDEQFF	QYIKWPWYI
CASSYPGNTEAFF	QYIKWPWYI
CASSPFLQGAGSPLHF	QYIKWPWYI
CASSQDTSVLQPQHF	QYIKWPWYI
CASSQHIRDERSYNEQFF	QYIKWPWYI
CSARGVTNTGELFF	QYIKWPWYI
CSARTRTEAYEQYF	QYIKWPWYI
CASTLDSSTDTQYF	QYIKWPWYI
CASSPWDMSYEQYF	QYIKWPWYI
CASSLVTGELFF	QYIKWPWYI
CASSQDLGLAGAYNEQFF	QYIKWPWYI
CSATEWEQIQETQYF	QYIKWPWYI
CSARDPDRGENSPLHF	QYIKWPWYI
CASSISGGVSYEQYF	QYIKWPWYI
CASSYAGGPEAFF	QYIKWPWYI
CASSQEASGSPPYNEQFF	QYIKWPWYI
CASSFVGGNTYEQYF	QYIKWPWYI
CASSDLGDSSQYF	QYIKWPWYI
CSVVELTSEQYF	QYIKWPWYI
CASSYSPGESTDTQYF	QYIKWPWYI
CASSYRGSNQPQHF	QYIKWPWYI
CASSFFGEETQYF	QYIKWPWYI
CASSIDPASGSTDTQYF	QYIKWPWYI
CASSLFGGTGELFF	QYIKWPWYI
CASSTQGPSSYEQYF	QYIKWPWYI
CAIAPGSLYEQYF	QYIKWPWYI
CASSLAGGTPEKLFF	QYIKWPWYI
CASSQDLMVMKKLFF	QYIKWPWYI
CSARDRGGEAYEQYF	QYIKWPWYI
CASSQPGGNEQFF	QYIKWPWYI
CASSFGGAPSSYNEQFF	QYIKWPWYI
CASSLGGYSYNEQFF	QYIKWPWYI
CASSWDRVEQYF	QYIKWPWYI
CSAGLGGVGPADEQYF	QYIKWPWYI
CASSQVMGADTGELFF	QYIKWPWYI
CASSEAEASGITYEQYF	QYIKWPWYI
CASSIDAGGAQTEAFF	QYIKWPWYI
CSARDIGQGAGNTIYF	QYIKWPWYI
CASSISGGTEAFF	QYIKWPWYI
CASTTPYNIEAFF	QYIKWPWYI
CASSLGTGGVETQYF	QYIKWPWYI
CSVDGLVHGGETQYF	QYIKWPWYI
CAITAENSYEQYF	QYIKWPWYI
CASSLAEGQESSYNSPLHF	QYIKWPWYI
CASSYSLGREQFF	QYIKWPWYI
CASSQEVAATDTQYF	QYIKWPWYI
CASSQVRGSSGNTIYF	QYIKWPWYI
CSARFVGQGINGYTF	QYIKWPWYI
CASSQEGGPGRGNEQFF	QYIKWPWYI
CASSPSTGSDGELFF	QYIKWPWYI
CASRTTGSLYEQYF	QYIKWPWYI
CASRPGTGGTGELFF	QYIKWPWYI
CASSLVGVTDTQYF	QYIKWPWYI
CASSIDLGVNQPQHF	QYIKWPWYI
CASSQDRADNSPLHF	QYIKWPWYI
CSARVAGEYSNQPQHF	QYIKWPWYI
CASSLGDFDNEQFF	QYIKWPWYI
CASSYRSDGGELFF	QYIKWPWYI
CSARGTVATYEQYF	QYIKWPWYI
CASSLYAGGDNSPLHF	QYIKWPWYI
CASSYSPQGDEQYF	QYIKWPWYI
CASSIDGTANTEAFF	QYIKWPWYI
CASTWDLNTEAFF	QYIKWPWYI
CASSFQGFNYGYTF	QYIKWPWYI
CSARDPGLAGVEQFF	QYIKWPWYI
CASSLTVGNTEAFF	QYIKWPWYI
CASSLLLWAWDTQYF	QYIKWPWYI
CASSQTGGSTDTQYF	QYIKWPWYI
CASSQDPVPNEKLFF	QYIKWPWYI
CSARTWELAGIEQYF	QYIKWPWYI
CASSIQGSYEQYF	QYIKWPWYI
CASRTLLGAYDTQYF	QYIKWPWYI
CASSITGGYGYTF	QYIKWPWYI
CASILEAGGARGNTIYF	QYIKWPWYI
CASHTRYEQYF	QYIKWPWYI
CASSSGQIYEQYF	QYIKWPWYI
CASSIDAGPIRNQPQHF	QYIKWPWYI
CASSPHPLAGGWGHNEQFF	QYIKWPWYI
CASSYGSLGPAYNEQFF	QYIKWPWYI
CASKSGSLFTDTQYF	QYIKWPWYI
CSARRVGTTEVDEQYF	QYIKWPWYI
CATSDTTSGRTSEQFF	QYIKWPWYI
CASRDPDNSYEQYF	QYIKWPWYI
CASSIDPSGSRSGELFF	QYIKWPWYI
CSVEDFSGSYNEQFF	QYIKWPWYI
CSARGLAASYNEQFF	QYIKWPWYI
CASSLGQGPSYEQYF	QYIKWPWYI
CASSLGGAGTGELFF	QYIKWPWYI
CASSYSQGAGETQYF	QYIKWPWYI
CASSLGENTEAFF	QYIKWPWYI
CASSYGYVNGQPQHF	QYIKWPWYI
CSARMMGQETQYF	QYIKWPWYI
CASSHRDNSYEQYF	QYIKWPWYI
CASSFEGASGSSYDEQFF	QYIKWPWYI
CAWETSVTSGRPDNEQFF	QYIKWPWYI
CASSITPGVSYEQYF	QYIKWPWYI
CASSQDTGRPYEQYF	QYIKWPWYI
CASRWTDDNSPLHF	QYIKWPWYI
CASSMDDGNTEAFF	QYIKWPWYI
CASSSGLAKGDEQFF	QYIKWPWYI
CASSPHDYEQYF	QYIKWPWYI
CASRDGGPGTQYF	QYIKWPWYI
CASSPGLAGVGETQYF	QYIKWPWYI
CASSLGNQPQHF	QYIKWPWYI
CASREEGGPWAEAFF	QYIKWPWYI
CASSSSILAGETYEQYF	QYIKWPWYI
CASSLGQGRENIQYF	QYIKWPWYI
CATSDLAGDDEQFF	QYIKWPWYI
CASSTGQAVETQYF	QYIKWPWYI
CSARDQDRAYEQYF	QYIKWPWYI
CASSRGLAAPDTQYF	QYIKWPWYI
CASSQDEVGGYEQYF	QYIKWPWYI
CSARDIMSLYNEQFF	QYIKWPWYI
CASSLAGGPLYEQYF	QYIKWPWYI
CASSISVSVNQPQHF	QYIKWPWYI
CASSQGLIAGGQETQYF	QYIKWPWYI
CASSFYGDNEQFF	QYIKWPWYI
CASSYAGGGQPQHF	QYIKWPWYI
CASSLGVLNTEAFF	QYIKWPWYI
CASRPGTGSSYNSPLHF	QYIKWPWYI
CASSRLGTASNSPLHF	QYIKWPWYI
CASSPNGRTNEKLFF	QYIKWPWYI
CASTLMGGSTDTQYF	QYIKWPWYI
CASSQSAWEQYF	QYIKWPWYI
CASSSIGTASYNEQFF	QYIKWPWYI
CASSVEQGYNTEAFF	QYIKWPWYI
CSVMGGYEQYF	QYIKWPWYI
CASSFPGGTGELFF	QYIKWPWYI
CASSPWTSEETQYF	QYIKWPWYI
CASSIQTGARQPQHF	QYIKWPWYI
CASSQVHPSTYEQYF	QYIKWPWYI
CASSSGSYEQYF	QYIKWPWYI
CSARGTSGIYEQYF	QYIKWPWYI
CASSPQPSGANVLTF	QYIKWPWYI
CASSQDREYEQYF	QYIKWPWYI
CSVPGGRTDTQYF	QYIKWPWYI
CASSPELTASNQPQHF	QYIKWPWYI
CASSLVGGTHEQYF	QYIKWPWYI
CASSFEGMYTGELFF	QYIKWPWYI
CASSLLSNEQFF	QYIKWPWYI
CSVPGPTGIGELFF	QYIKWPWYI
CSAMVERGLQETQYF	QYIKWPWYI
CASSISANTGELFF	QYIKWPWYI
CASSLETSGLYEQYF	QYIKWPWYI
CASGTGGYEQYF	QYIKWPWYI
CASSSGPGGSYEQYF	QYIKWPWYI
CASSYRGFTEAFF	QYIKWPWYI
CSARDKWDPTYDYEQYF	QYIKWPWYI
CASSYGFLDSFYNEQFF	QYIKWPWYI
CSARPWDDYNEQFF	QYIKWPWYI
CASSSVGSGLWEQYF	QYIKWPWYI
CATSDLEGQDNEQFF	QYIKWPWYI
CATTLAGSPTQYF	QYIKWPWYI
CASSPPGETQYF	QYIKWPWYI
CASSEMAGGLEAFF	QYIKWPWYI
CSAEGTSGSSREQFF	QYIKWPWYI
CASSDLLAGGDNEQFF	QYIKWPWYI
CASSLFPLGAGSETQYF	QYIKWPWYI
CASSYSPAGRTDTQYF	QYIKWPWYI
CASSPTGLWPTEQFF	QYIKWPWYI
CASSYSKHSYTPEDGYTF	QYIKWPWYI
CASTSDTQYF	QYIKWPWYI
CASSYAGGESGNTIYF	QYIKWPWYI
CASSPDSYNEQFF	QYIKWPWYI
CASSIDQGSNQPQHF	QYIKWPWYI
CSARDLAGTAEHPNTQYF	QYIKWPWYI
CASTPFWAENSPLHF	QYIKWPWYI
CASSTGDTDTQYF	QYIKWPWYI
CASSLYPYRGLEDTGELFF	QYIKWPWYI
CASSEDGLAGNEQFF	QYIKWPWYI
CASSYSAGRGQLGTEAFF	QYIKWPWYI
CASSQEEVWEGFTEAFF	QYIKWPWYI
