CDR3	AA
CASSPRDRPVYEQYF	FLYIIKLIFL
CASSPQGATAYNSPLHF	FLYIIKLIFL
CASSSVTEAFF	FLYIIKLIFL
CASSFPGGGHTEAFF	FLYIIKLIFL
CATSEPGTGNLEQFF	FLYIIKLIFL
CASKFLNGEQYF	FLYIIKLIFL
CASSSGTSGSYEQYF	FLYIIKLIFL
CASSFGVEGAGELFF	FLYIIKLIFL
CASSYMALNTEAFF	FLYIIKLIFL
CSASSRDSDYEQYF	FLYIIKLIFL
CASSQPGSSSNEQFF	FLYIIKLIFL
CSARLPSYNEQFF	FLYIIKLIFL
CASSSGHEYNEQFF	FLYIIKLIFL
CATSKQRAGGNGYTF	FLYIIKLIFL
CASTVPLADTQYF	FLYIIKLIFL
CASSPHGTGGYEQYF	FLYIIKLIFL
CATAGVSSGDYEQYF	FLYIIKLIFL
CASSQDTSSTDTQYF	FLYIIKLIFL
CASSFATTDTQYF	FLYIIKLIFL
CASSLGAGTGTTYEQYF	FLYIIKLIFL
CASSPSLAGVYEQYF	FLYIIKLIFL
CASSFGDWSSYEQYF	FLYIIKLIFL
CASSYIPMNTGELFF	FLYIIKLIFL
CASGPYSNQPQHF	FLYIIKLIFL
CASGPVGTEAFF	FLYIIKLIFL
CASSQDGSDTQYF	FLYIIKLIFL
CSARVPTHNEQFF	FLYIIKLIFL
CASSLGGNAPYEQYF	FLYIIKLIFL
CASSLTEHIAGLRETQYF	FLYIIKLIFL
CASSPGLAGGPFYNEQFF	FLYIIKLIFL
CASSSGTGFYEQYF	FLYIIKLIFL
CASSYGETQYF	FLYIIKLIFL
CSVDSDRGNYGYTF	FLYIIKLIFL
CATSRDRVTGELFF	FLYIIKLIFL
CASSEYNEQFF	FLYIIKLIFL
CASSDQRLAGGLGTDTQYF	FLYIIKLIFL
CASSTSGNTEAFF	FLYIIKLIFL
CASRGLAEETQYF	FLYIIKLIFL
CASSSADRIGQPQHF	FLYIIKLIFL
CASSQEPGLAGGNEQFF	FLYIIKLIFL
CASSPLSPGLANHLEYF	FLYIIKLIFL
CASSPQGNEQYF	FLYIIKLIFL
CASTLRQAGETGELFF	FLYIIKLIFL
CASSQFQGETQYF	FLYIIKLIFL
CASSDTSGSSYNEQFF	FLYIIKLIFL
CASSLPRDTIQETQYF	FLYIIKLIFL
CSVDRHGELFF	FLYIIKLIFL
CASSFPSYEQYF	FLYIIKLIFL
CASSLGGAGPSYNEQFF	FLYIIKLIFL
CASSEPGQGSYEQYF	FLYIIKLIFL
CASSYTGPNPQETQYF	FLYIIKLIFL
CASSYLIGQGQEKLFF	FLYIIKLIFL
CASSDQLDTQYF	FLYIIKLIFL
CASSGGDEQFF	FLYIIKLIFL
CATSGQGLITDTQYF	FLYIIKLIFL
CSARDPTSGRPLDSYNEQFF	FLYIIKLIFL
CSASAVEGLAGETQYF	FLYIIKLIFL
CASSGYEQYF	FLYIIKLIFL
CASSSGQGGYIQYF	FLYIIKLIFL
CASRGADSGNTIYF	FLYIIKLIFL
CSARLATYNEQFF	FLYIIKLIFL
CASSQDGVGDLSYEQYF	FLYIIKLIFL
CASSVGLAGAETQYF	FLYIIKLIFL
CSVVLPNQPQHF	FLYIIKLIFL
CASSLAGNGQNTEAFF	FLYIIKLIFL
CARLIKGVYGYTF	FLYIIKLIFL
CASSTIRTTYYEQYF	FLYIIKLIFL
CASSVVEGSEQFF	FLYIIKLIFL
CASNIDSDGNTEAFF	FLYIIKLIFL
CASNTEAFF	FLYIIKLIFL
CSASPTVSPLHF	FLYIIKLIFL
CASSLGTEAFF	FLYIIKLIFL
CSVERGGMNTEAFF	FLYIIKLIFL
CASSQDLDLISPLHF	FLYIIKLIFL
CASSSGQGGSYEQYF	FLYIIKLIFL
CSVEETYEQYF	FLYIIKLIFL
CASSLGQEQFF	FLYIIKLIFL
CASSSLQYYEQYF	FLYIIKLIFL
CASSLMVRRDGNQPQHF	FLYIIKLIFL
CAWSPGTSGSQDIQYF	FLYIIKLIFL
CASSYYGGADTQYF	FLYIIKLIFL
CASTPKGAGPSYNEQFF	FLYIIKLIFL
CASSTGLAANTGELFF	FLYIIKLIFL
CASKGANYGYTF	FLYIIKLIFL
CASSLPGAGAAEDTQYF	FLYIIKLIFL
CASGFGGASTDTQYF	FLYIIKLIFL
CAWSVGYGYTF	FLYIIKLIFL
CASSQDPTTGNTIYF	FLYIIKLIFL
CASSQDPSSGNTIYF	FLYIIKLIFL
CSVTTLTENTGELFF	FLYIIKLIFL
CSVDSGYEQYF	FLYIIKLIFL
CASSLVGVGHTDTQYF	FLYIIKLIFL
CASSPSVGEKLFF	FLYIIKLIFL
CATSDRQGVYNEQFF	FLYIIKLIFL
CASSEPDRQFNYGYTF	FLYIIKLIFL
CASSSQLLALTHEQYF	FLYIIKLIFL
CSVVMDGYTF	FLYIIKLIFL
CASSYGGGTVLTF	FLYIIKLIFL
CSADGTSVYEQFF	FLYIIKLIFL
CASSPTSGLATGELFF	FLYIIKLIFL
CASSIDTGPGGEKLFF	FLYIIKLIFL
CASVLTGELFF	FLYIIKLIFL
CASSQAVIAGVSYNEQFF	FLYIIKLIFL
CASSQIRGDYGYTF	FLYIIKLIFL
CATSRDRAVQTKNIQYF	FLYIIKLIFL
CSARLPTYNEQFF	FLYIIKLIFL
CASGQGHGGSPLHF	FLYIIKLIFL
CASSLAAGTGDQPQHF	FLYIIKLIFL
CSASTGYYNEQFF	FLYIIKLIFL
CASSLMGEGGNEQFF	FLYIIKLIFL
CASSHTTGTSGVGTQYF	FLYIIKLIFL
CASSPAGQGPSYEQYF	FLYIIKLIFL
CASSLALDSNEKLFF	FLYIIKLIFL
CASSPTGQGNLYEQYF	FLYIIKLIFL
CASRNRLGSFF	FLYIIKLIFL
CASSQDADTQYF	FLYIIKLIFL
CASSQDPPSGSETQYF	FLYIIKLIFL
CASSLIGGWVAEAFF	FLYIIKLIFL
CSARDGLLQETQYF	FLYIIKLIFL
CASSQDLETQYF	FLYIIKLIFL
CATSRDRVTGELFF	FLYIIKLIFL
CASSLSFRGTNEKLFF	FLYIIKLIFL
CATSTARTTGEYF	FLYIIKLIFL
CAWRKGLAGGETYNEQFF	FLYIIKLIFL
CASSEISLASEQYF	FLYIIKLIFL
CATSRDRVGSPLHF	FLYIIKLIFL
CSARLPSYNEQFF	FLYIIKLIFL
CASSQDGIGGFSYEQYF	FLYIIKLIFL
CATRGADSGNTIYF	FLYIIKLIFL
CASSSGGAGQPQHF	FLYIIKLIFL
CSVRTPTKNIQYF	FLYIIKLIFL
CASSLAGGTYNEQFF	FLYIIKLIFL
CASSSLLLVGGTEAFF	FLYIIKLIFL
CASTSGMSSYEQYF	FLYIIKLIFL
CASSTLTPGSSYNEQFF	FLYIIKLIFL
CASSGDTYEQYF	FLYIIKLIFL
CASSLGAGTSDTQYF	FLYIIKLIFL
CASSRGLEILSSYNEQFF	FLYIIKLIFL
CASSFETGTRYEQYF	FLYIIKLIFL
CSAGGALGIYEQYF	FLYIIKLIFL
CASTLVGTDYNSPLHF	FLYIIKLIFL
CASSLGTSGGYTGELFF	FLYIIKLIFL
CASSPGGAGPFQETQYF	FLYIIKLIFL
CASSPGAGANVLTF	FLYIIKLIFL
CASLSLSNTGELFF	FLYIIKLIFL
CASKLADGDNEQFF	FLYIIKLIFL
CASSFSPQGANNEQFF	FLYIIKLIFL
CASSQAAYSSGAANEKLFF	FLYIIKLIFL
CASSFIGTGLVDEQFF	FLYIIKLIFL
CASSLDGDTQYF	FLYIIKLIFL
CASSGNMNTEAFF	FLYIIKLIFL
CASSPELGEDHGYTF	FLYIIKLIFL
CASSFSLPGTNSPLHF	FLYIIKLIFL
CSAPNPQGGTEAFF	FLYIIKLIFL
CSASLGTSGYNEQFF	FLYIIKLIFL
CSAYYGNEYF	FLYIIKLIFL
CATSRDRTEKLFF	FLYIIKLIFL
CASSIDDVIAGASYEQYF	FLYIIKLIFL
CATSDWGTEEVNEQFF	FLYIIKLIFL
CASSYVGGEQFF	FLYIIKLIFL
CASSSGQDPTYEQYF	FLYIIKLIFL
CASTLASNYGYTF	FLYIIKLIFL
CAVRRLRYEQYF	FLYIIKLIFL
RAGQGADTEAFF	FLYIIKLIFL
CASSLAGSGTGELFF	FLYIIKLIFL
CASSQEGVAVYNEQFF	FLYIIKLIFL
CASSQVDSGSYNSPLHF	FLYIIKLIFL
CASSAQTGDQETQYF	FLYIIKLIFL
CASSLELGYTDTQYF	FLYIIKLIFL
CASSFAGDYPSYEQYF	FLYIIKLIFL
CASRLAGDRLMNSPLHF	FLYIIKLIFL
CASSPTEGTSLAGGTDTQYF	FLYIIKLIFL
CASIQSGSEQYF	FLYIIKLIFL
CSVTHLNTGELFF	FLYIIKLIFL
CASSATSLETQYF	FLYIIKLIFL
CASSYSGYNTEAFF	FLYIIKLIFL
CASSQGIGLAGGQTDTQYF	FLYIIKLIFL
CASSLEDEQYF	FLYIIKLIFL
CASSSPGTGVVEQYF	FLYIIKLIFL
CASSQVEGQGLVNTEAFF	FLYIIKLIFL
CASSQEGWASVSSGYTF	FLYIIKLIFL
CASSPPAGAVGDEQFF	FLYIIKLIFL
CATSRVVTLNTEAFF	FLYIIKLIFL
CASILGGAFF	FLYIIKLIFL
CASSPEGDSLIGGELFF	FLYIIKLIFL
CASSLSDAYEQYF	FLYIIKLIFL
CASSLAGTGGTYEQYF	FLYIIKLIFL
CSASTGAPLHF	FLYIIKLIFL
CASSSTAGTPDTQYF	FLYIIKLIFL
CASSLGGAITGELFF	FLYIIKLIFL
CASTTASGGEQFF	FLYIIKLIFL
CASSPGGDEQFF	FLYIIKLIFL
CSVHDGETQYF	FLYIIKLIFL
CASSLELTGLHQETQYF	FLYIIKLIFL
CASSLEGEQYF	FLYIIKLIFL
CATTIDDGNYGYTF	FLYIIKLIFL
CASSIYIGGTGELFF	FLYIIKLIFL
CASSSGRSSYEQYF	FLYIIKLIFL
CASSYPGTSGGPSYNEQFF	FLYIIKLIFL
CASSYGLAESYEQYF	FLYIIKLIFL
CASSLAGPNLLDEQFF	FLYIIKLIFL
CASSVYLAGGPGTGELFF	FLYIIKLIFL
CSARVPSYNEQFF	FLYIIKLIFL
CASSEYTHEQFF	FLYIIKLIFL
CASSLTGASTDTQYF	FLYIIKLIFL
CATSGGEAQINEQFF	FLYIIKLIFL
CASSLVGAGGYNSPLHF	FLYIIKLIFL
CASSLPPWSSYNSPLHF	FLYIIKLIFL
CASSHPDRSLVYEQYF	FLYIIKLIFL
CASSPSGTEAFF	FLYIIKLIFL
CASSLITGNTGELFF	FLYIIKLIFL
CASSVGDSTEAFF	FLYIIKLIFL
CASSGLIQSGRATDTQYF	FLYIIKLIFL
CASSLAGFGLNTEAFF	FLYIIKLIFL
CASSLAGTSSYNEQFF	FLYIIKLIFL
CASSYAGLSEAFF	FLYIIKLIFL
CASSGQGILVLGEKLFF	FLYIIKLIFL
CASKFGLGAYEQYF	FLYIIKLIFL
CASSLGGANTDTQYF	FLYIIKLIFL
CASSIVRDRVGVGNQPQHF	FLYIIKLIFL
CASSETGQETQYF	FLYIIKLIFL
CASSAPGVGTGELFF	FLYIIKLIFL
CASSYDGYVSAEAFF	FLYIIKLIFL
CASSLSGELFF	FLYIIKLIFL
CATGQGRTDTQYF	FLYIIKLIFL
CASSLYGTSGGQETQYF	FLYIIKLIFL
CASSPASLAKNIQYF	FLYIIKLIFL
CASSWGYPRVDEQFF	FLYIIKLIFL
CASANLRDRGDYEQYF	FLYIIKLIFL
CASSLTGWNEQYF	FLYIIKLIFL
CATSDFGDTQYF	FLYIIKLIFL
CATHTSQILYF	FLYIIKLIFL
CATDSDSQNQPQHF	FLYIIKLIFL
CASSLPGLAGGGYNEQFF	FLYIIKLIFL
CASSPLGLAGFRDEQFF	FLYIIKLIFL
CASSPGLAGVDEQYF	FLYIIKLIFL
CASSQGVQINYEQYF	FLYIIKLIFL
CASSLAGTGGSQPQHF	FLYIIKLIFL
CASSDGGAADTQYF	FLYIIKLIFL
CASSTGQAGSYEQYF	FLYIIKLIFL
CASSESVERLSYEQYF	FLYIIKLIFL
CASSHQLEPGRRGSPLHF	FLYIIKLIFL
CASSLGTETQYF	FLYIIKLIFL
CASGAGTGATNEKLFF	FLYIIKLIFL
CASSGSYNEQFF	FLYIIKLIFL
CSARLATYNEQFF	FLYIIKLIFL
CSAPPPTVTQETQYF	FLYIIKLIFL
CATSPGGRVGDLYTDTQYF	FLYIIKLIFL
CASLSYNEQFF	FLYIIKLIFL
CSVGKEGTGAFF	FLYIIKLIFL
CASSSYTGDLYNEQFF	FLYIIKLIFL
CASSLNEENIQYF	FLYIIKLIFL
CASSLAGTSSYNEQFF	FLYIIKLIFL
CSARIPSYNEQFF	FLYIIKLIFL
CASSGEAGGPTDTQYF	FLYIIKLIFL
CASSQPGLAGVPYNEQFF	FLYIIKLIFL
CATSRARTQETQYF	FLYIIKLIFL
CASSLYDYGYTF	FLYIIKLIFL
CASSLAGTTNTGELFF	FLYIIKLIFL
CASSPQWDPDSYEQYF	FLYIIKLIFL
CASIPGPTDTQYF	FLYIIKLIFL
CASSLTGQGYNEQFF	FLYIIKLIFL
CASRSGTGGNQETQYF	FLYIIKLIFL
CASTKDGLAETQYF	FLYIIKLIFL
CASSEYLAELSGANVLTF	FLYIIKLIFL
CSARGVVSSYNEQFF	FLYIIKLIFL
CASSSIPGVEGYTF	FLYIIKLIFL
CASSPSRGAGFNQPQHF	FLYIIKLIFL
CASSTGTSGTYEQYF	FLYIIKLIFL
CASSPEAWEGETQYF	FLYIIKLIFL
CASSIPRQGSYEQYF	FLYIIKLIFL
CASSTGDRGLYEAFF	FLYIIKLIFL
CSVVRDREFF	FLYIIKLIFL
CATSDLRGAVNTGELFF	FLYIIKLIFL
CASSSPVGSSGNTDTQYF	FLYIIKLIFL
CASSGIDLQETQYF	FLYIIKLIFL
CASSIAADSYEQYF	FLYIIKLIFL
CASSALWGPDYEQYF	FLYIIKLIFL
CASIPWERLATDTQYF	FLYIIKLIFL
CASSQEIGVTVGSYNSPLHF	FLYIIKLIFL
CASSGVAGVYNEQFF	FLYIIKLIFL
CASDNSGSYNEQFF	FLYIIKLIFL
CASSSEGQGDYGYTF	FLYIIKLIFL
CASSPGFALDEQFF	FLYIIKLIFL
CASSQPTSGEYEQYF	FLYIIKLIFL
CASSVEWGETEAFF	FLYIIKLIFL
CASSILVNEQFF	FLYIIKLIFL
CSVEAEDRIDNYGYTF	FLYIIKLIFL
CASERSPMAYTF	FLYIIKLIFL
CASSQESGFSYNEQFF	FLYIIKLIFL
CASSSPRGAVGNEQFF	FLYIIKLIFL
CAWRAGPYNEQFF	FLYIIKLIFL
CASSQDGGEGVFGYTF	FLYIIKLIFL
CASSQLDTNTGELFF	FLYIIKLIFL
CASSLGLAGSQETQYF	FLYIIKLIFL
CASSYTLDRATEAFF	FLYIIKLIFL
CASSHAPQGNTEAFF	FLYIIKLIFL
CASESHREDTIYF	FLYIIKLIFL
CASSLERGGPQETQYF	FLYIIKLIFL
CASSESGQDNYGYTF	FLYIIKLIFL
CASSLDGSSYEQYF	FLYIIKLIFL
CASSLYWGSSTEAFF	FLYIIKLIFL
CASSSIGGTEAFF	FLYIIKLIFL
CASSTGLRSYEQYF	FLYIIKLIFL
CASSQESAQFGETQYF	FLYIIKLIFL
CASSLRVIDTGELFF	FLYIIKLIFL
CASSWTSGTDTQYF	FLYIIKLIFL
CSATGTDSIDGNQPQHF	FLYIIKLIFL
CASSLVGGLGIGDQPQHF	FLYIIKLIFL
CASSRGLAWDTEAFF	FLYIIKLIFL
CASSSGLRSYEQYF	FLYIIKLIFL
CASSLGQGYNEQFF	FLYIIKLIFL
CASSWTVNQPQHF	FLYIIKLIFL
CASTKDVVAAGMNTEAFF	FLYIIKLIFL
CASTPRSGSLDEDTQYF	FLYIIKLIFL
CATSERTSSYNEQFF	FLYIIKLIFL
CASSPDGLAGGWDTGELFF	FLYIIKLIFL
CASSQDLVDTQYF	FLYIIKLIFL
CASSEASGGFADTQYF	FLYIIKLIFL
CASSLDPALRPLHF	FLYIIKLIFL
CATSRERARDTQYF	FLYIIKLIFL
CASRSSMLVGGYEQYF	FLYIIKLIFL
CASSASGGVNTGELFF	FLYIIKLIFL
CASSTGTSGSYEQYF	FLYIIKLIFL
CASSPQTGLDTEAFF	FLYIIKLIFL
CASSFGRGITNTGELFF	FLYIIKLIFL
CASSPSGGATETQYF	FLYIIKLIFL
CAVFASGDGGYGYTF	FLYIIKLIFL
CASSRDLGGNTIYF	FLYIIKLIFL
CASSSRSRVGSLGSYNEQFF	FLYIIKLIFL
CATITGSRGIYEQFF	FLYIIKLIFL
CASSLAGPGGFNEQYF	FLYIIKLIFL
CASHLGSSHNEQFF	FLYIIKLIFL
CASSQGGGDEQFF	FLYIIKLIFL
CASSLEFLVPSYEQYF	FLYIIKLIFL
CATSDLRGAVNTGELFF	FLYIIKLIFL
CASSAWDINYGYTF	FLYIIKLIFL
CSVEGPAGVFRNEQFF	FLYIIKLIFL
CASSPPYGDPGYTF	FLYIIKLIFL
CASSLGTSGGASIQETQYF	FLYIIKLIFL
CASSQVVSGGSYNEQFF	FLYIIKLIFL
CASSSSGFTEAFF	FLYIIKLIFL
CASSFIRTSGGEQFF	FLYIIKLIFL
CASSLAGALYEQYF	FLYIIKLIFL
CASSLAKLAGQDEQYF	FLYIIKLIFL
CASSATGSTDTQYF	FLYIIKLIFL
CASSQDRDRNF	FLYIIKLIFL
CASSLPQGAGPPDTQYF	FLYIIKLIFL
CASSLAGLGENTEAFF	FLYIIKLIFL
CASVGVAAFF	FLYIIKLIFL
CASSLAAGTGSLNEQFF	FLYIIKLIFL
CASSPGLAGLSSYNEQFF	FLYIIKLIFL
CVAWASTEAFF	FLYIIKLIFL
CASSFGQGLPGELFF	FLYIIKLIFL
CASSHATSGDYEQYF	FLYIIKLIFL
CASSWPLGQGAVSDTEAFF	FLYIIKLIFL
CASSEGVSNQPQHF	FLYIIKLIFL
CASSQVGQTYTDTQYF	FLYIIKLIFL
CASSTGSSGSYEQYF	FLYIIKLIFL
