CDR3	AA
CASGPYPGELFF	DFLEYHDVR
CASSAQGKPNYGYTF	DFLEYHDVR
CASQGAGVYEQYF	DFLEYHDVR
CASSFGKRDSYEQYF	DFLEYHDVR
CASSEDEQFF	DFLEYHDVR
CASSLVEGPLGSPLHF	DFLEYHDVR
CSVAASGISTDTQYF	DFLEYHDVR
CASSLGGTGLTIRTSYEQYF	DFLEYHDVR
CASSLASGRLGDTQYF	DFLEYHDVR
CSVAAGGNTEAFF	DFLEYHDVR
CSVSVAGGQFSGANVLTF	DFLEYHDVR
CSVVDTGGRADTQYF	DFLEYHDVR
CASSPPARPQHF	DFLEYHDVR
RASNQESGGTYEQYF	DFLEYHDVR
CASLFLRGDNEQFF	DFLEYHDVR
CASSVGSGRRYNEQFF	DFLEYHDVR
CASSQDLEDREKTQYF	DFLEYHDVR
CASSSSDAPETQYF	DFLEYHDVR
CASSQDPGTGEGYTF	DFLEYHDVR
CASSQGAGAPYEQYF	DFLEYHDVR
CASSVDGGGTSNEQFF	DFLEYHDVR
CASSSGPGADTF	DFLEYHDVR
CASSGGENIQYF	DFLEYHDVR
CASSFVITSTDTQYF	DFLEYHDVR
CSVSLSGRATDTQYF	DFLEYHDVR
CSVSETGQTNEKLFF	DFLEYHDVR
CASSQGGKDEQFF	DFLEYHDVR
CSVEAPGTGGWNEQFF	DFLEYHDVR
CASSQSNAREQFF	DFLEYHDVR
CASSQDGFQGSSYEQYF	DFLEYHDVR
CASSLESGRNEQFF	DFLEYHDVR
CASSPGTGAIWYTF	DFLEYHDVR
CASSFHKGGESGYEQYF	DFLEYHDVR
CASSFIGETQYF	DFLEYHDVR
CSVKLTGVSTDTQYF	DFLEYHDVR
CSARPDRGYEQYF	DFLEYHDVR
CATSDSGLGPLDTQYF	DFLEYHDVR
CASRTGYGQPQHF	DFLEYHDVR
CASSPASKAGANVLTF	DFLEYHDVR
CSLSLAGGPNEQFF	DFLEYHDVR
CASSQVGGAYNEQFF	DFLEYHDVR
CASSFVLANPSTDTQYF	DFLEYHDVR
CASGTDFNTGELFF	DFLEYHDVR
CSAAGTGGMNTEAFF	DFLEYHDVR
CSARDLTYEQYF	DFLEYHDVR
CASSQDHGTRRIYEQYF	DFLEYHDVR
CASRTDLDPNQPQHF	DFLEYHDVR
CASSYPGSQNLNEQFF	DFLEYHDVR
CASVLGADGYTF	DFLEYHDVR
CASSQDSGTSFEQFF	DFLEYHDVR
CASSLFLGMNTEAFF	DFLEYHDVR
CASSLGLAGTLGPGELFF	DFLEYHDVR
CASSLVGDGSTDTQYF	DFLEYHDVR
CSVGLVGGADAGELFF	DFLEYHDVR
CASSLSAYNEQFF	DFLEYHDVR
CSVALVGTVNTEAFF	DFLEYHDVR
CSVEDPGTDPVYGYTF	DFLEYHDVR
CASSNVGEETQYF	DFLEYHDVR
CSVGETGGSHDEQYF	DFLEYHDVR
CASSYSSYNEQFF	DFLEYHDVR
CASSPLGNEQFF	DFLEYHDVR
CATSRVTTSNQPQHF	DFLEYHDVR
CSVGLAGGPYEQYF	DFLEYHDVR
CATGQAISYNSPLHF	DFLEYHDVR
CASSEYATSRNYEQYF	DFLEYHDVR
CSVALAGGSYNEQFF	DFLEYHDVR
CSAQDVDMSSYEQYF	DFLEYHDVR
CSVASTGSSTDTQYF	DFLEYHDVR
CASTGGTSSYNEQFF	DFLEYHDVR
CSVEASGMIQETQYF	DFLEYHDVR
CASSQDGGAGETQYF	DFLEYHDVR
CASGGLAHNTGELFF	DFLEYHDVR
CSVPGQGFTEAFF	DFLEYHDVR
CASSPPGTSGAYNEQFF	DFLEYHDVR
CASSETTEYSNQPQHF	DFLEYHDVR
CSVEEAGQGYEQYF	DFLEYHDVR
CASSQEYGPYEQYF	DFLEYHDVR
CSVVRTMNTEAFF	DFLEYHDVR
CASSQDEGWGTSSYNEQFF	DFLEYHDVR
CSVSTGGYYEQYF	DFLEYHDVR
CSAARAGGSYNEQFF	DFLEYHDVR
CASSLGPTDTQYF	DFLEYHDVR
CASSPTDRDEQYF	DFLEYHDVR
CSVQLAGGADTQYF	DFLEYHDVR
CSARDPGTLDRGREQYF	DFLEYHDVR
CASSDQLAGINNEQFF	DFLEYHDVR
CASSFPDYSNQPQHF	DFLEYHDVR
CASSFYRPSGANVLTF	DFLEYHDVR
CASSEQFNEKLFF	DFLEYHDVR
CSVCKTGTLADTQYF	DFLEYHDVR
CASSSVRDRELGGYTF	DFLEYHDVR
CASSKEGTNDQTGDEQYF	DFLEYHDVR
CASSLQGDTEAFF	DFLEYHDVR
CASSLAGGLETQYF	DFLEYHDVR
CASREDRYNEQFF	DFLEYHDVR
CSVALSGSVTEAFF	DFLEYHDVR
CASSQDSRTSGREKTQYF	DFLEYHDVR
CASRQLGYGYTF	DFLEYHDVR
CAIAAGGGNTGELFF	DFLEYHDVR
CSVGFSGENTGELFF	DFLEYHDVR
CASSLTGGGTEAFF	DFLEYHDVR
CSARWDRNYEQYF	DFLEYHDVR
CASSFLAGGKDTQYF	DFLEYHDVR
CASSQDKGSERGDQETQYF	DFLEYHDVR
CSVALTGTMNTEAFF	DFLEYHDVR
CASSRMGFGYEQYF	DFLEYHDVR
CSVEDRQFDTYGYTF	DFLEYHDVR
CASSVLNSYEQYF	DFLEYHDVR
CSVDPDGVGPQHF	DFLEYHDVR
CASSLTWYNEQFF	DFLEYHDVR
CSARPQGDSGNTIYF	DFLEYHDVR
CSVAESGGSYNEQFF	DFLEYHDVR
CSASEGYEQYF	DFLEYHDVR
CASSPAGWINSDTQYF	DFLEYHDVR
CASGPSISGGATDTQYF	DFLEYHDVR
CATSRVETEAFF	DFLEYHDVR
CSCTPTGQFTDTQYF	DFLEYHDVR
CASSSLWDRAYNEQFF	DFLEYHDVR
CSAREVGEDTQYF	DFLEYHDVR
CASSSHLDLQQDLNQPQHF	DFLEYHDVR
CASSFRGGINEQFF	DFLEYHDVR
CSLALADPDTQYF	DFLEYHDVR
CAVSSHSNQPQHF	DFLEYHDVR
CSVEEAEYNEQFF	DFLEYHDVR
CASGYRGRYTDTQYF	DFLEYHDVR
CSAKASGGITDTQYF	DFLEYHDVR
CASSATGTGYADIQYF	DFLEYHDVR
CSVAPSGTFGDIQYF	DFLEYHDVR
CASSGTPTTEAFF	DFLEYHDVR
CASRPGLALEQFF	DFLEYHDVR
CSTRGTLAGGGDTQYF	DFLEYHDVR
CAISGGQNSSYEQYF	DFLEYHDVR
CASSLAGVRPGAGGELFF	DFLEYHDVR
CSVEVSSYNEQFF	DFLEYHDVR
CASSAPGTHSYNEQFF	DFLEYHDVR
CSARGSGSVAPEQYF	DFLEYHDVR
CATSEGTRLTDTQYF	DFLEYHDVR
CASSSDRGRNYEQYF	DFLEYHDVR
CASSFGGDTEAFF	DFLEYHDVR
CSVGETGHSYNEQFF	DFLEYHDVR
CASSPRSGRNIQYF	DFLEYHDVR
CASSQDSVGRSFIDEQYF	DFLEYHDVR
CSATGLADYEQYF	DFLEYHDVR
CATSRVETSHQPQHF	DFLEYHDVR
CASSVINEQFF	DFLEYHDVR
CSVERASTDTQYF	DFLEYHDVR
CASSDPGLAGMETQYF	DFLEYHDVR
CSARDGRSYEQYF	DFLEYHDVR
CSARDTTIYEQYF	DFLEYHDVR
CASRDRGQYEQYF	DFLEYHDVR
CSAEGLAGEDYNEQFF	DFLEYHDVR
CSARDGASYEQYF	DFLEYHDVR
CASSPDSSPDTQYF	DFLEYHDVR
CSARSTETYEQYF	DFLEYHDVR
CSVKMTGMSTDTQYF	DFLEYHDVR
CARRTSGRSYEQYF	DFLEYHDVR
CASRSIGASFEQFF	DFLEYHDVR
CSVRLSDSLGTEAFF	DFLEYHDVR
CSAGTGGTGELFF	DFLEYHDVR
CASSEGGQGYGNTIYF	DFLEYHDVR
CASSLADIPLSPLHF	DFLEYHDVR
CASSLAGGTETQYF	DFLEYHDVR
CSVGLSGTDTQYF	DFLEYHDVR
CATSRIDTEAFF	DFLEYHDVR
CASSPGQGYNEQFF	DFLEYHDVR
CSVAPAGGFQETQYF	DFLEYHDVR
CASSLDYRDRNYGYTF	DFLEYHDVR
CASSLGGQGGNEQFF	DFLEYHDVR
CASSLGRGGNEQFF	DFLEYHDVR
CSVKTVGQANTEAFF	DFLEYHDVR
CASSGYPPNTEAFF	DFLEYHDVR
CSVDLEVMTDTQYF	DFLEYHDVR
CSARPKEAYEQYF	DFLEYHDVR
CASNPGSSYNEQFF	DFLEYHDVR
CASSLWVASGLYEQYF	DFLEYHDVR
CSVGPSGSSYEQYF	DFLEYHDVR
CASSLLGTSGSKEGEQFF	DFLEYHDVR
CSVSRSGSITDTQYF	DFLEYHDVR
CASGTTGGAETQYF	DFLEYHDVR
CASSFTGFSDEQFF	DFLEYHDVR
CASSQDWQAPYEQYF	DFLEYHDVR
CSVAVAGGPNEQFF	DFLEYHDVR
CSVAESGTVTEAFF	DFLEYHDVR
CASSEKGWVGYGYTF	DFLEYHDVR
CASSDGQRLTDTQYF	DFLEYHDVR
CSANRGHEQYF	DFLEYHDVR
CASCPPGSVDNEQFF	DFLEYHDVR
CSVVANYYEQYF	DFLEYHDVR
CASSLAGSGPYTEQFF	DFLEYHDVR
CSVGPSSYEQYF	DFLEYHDVR
CSVAITGITNEKLFF	DFLEYHDVR
CASSQPGAREQYF	DFLEYHDVR
CASSTENFRGQNTGELFF	DFLEYHDVR
CSAAVAGGKETQYF	DFLEYHDVR
CASRPVKAQGETQYF	DFLEYHDVR
CASRTGGGYGYTF	DFLEYHDVR
CASSPLTTGSGELFF	DFLEYHDVR
CSLGLAGGTDTQYF	DFLEYHDVR
CSARGWESTYEQYF	DFLEYHDVR
CASSLDSYEQYF	DFLEYHDVR
CASSEFLNTEAFF	DFLEYHDVR
CASSYSGPSTDTQYF	DFLEYHDVR
CAREQPSPNYGYTF	DFLEYHDVR
CSVGLAGGTYNEQFF	DFLEYHDVR
CASSQDRTWGNSPLHF	DFLEYHDVR
CASSPYRGDRVSDEQFF	DFLEYHDVR
CASSEEDSYSYEQYF	DFLEYHDVR
CSVKWTGTMNTEAFF	DFLEYHDVR
CSVALAGGPNEQFF	DFLEYHDVR
CSARDPRTMGQGGVDSPLHF	DFLEYHDVR
CASSLYGGTNTGELFF	DFLEYHDVR
CASSEGQVSNQPQHF	DFLEYHDVR
CSAGTGPYEQYF	DFLEYHDVR
CASSEGGRGDTQYF	DFLEYHDVR
CASSRTSGVSSYNEQFF	DFLEYHDVR
CSVGATGGSYNEQFF	DFLEYHDVR
CASRTWTSNTGELFF	DFLEYHDVR
CASSYIPGPPNTEAFF	DFLEYHDVR
CSVAYAGGANEQFF	DFLEYHDVR
CSAALSGSPLEQFF	DFLEYHDVR
CASSQDRGAPYYEQYF	DFLEYHDVR
CASSRHPPRLGDYEQYF	DFLEYHDVR
CASSEGVRTDTQYF	DFLEYHDVR
CSVGLAGISYEQYF	DFLEYHDVR
CSGLISSYNEQFF	DFLEYHDVR
CSARWGEQNYEQYF	DFLEYHDVR
CASTNFGSGGGIYEQYF	DFLEYHDVR
CSVGLAGGLGNEQFF	DFLEYHDVR
CASSPFGGWGARTEAFF	DFLEYHDVR
CASSLWGGLEAFF	DFLEYHDVR
CSVARTGVFTDTQYF	DFLEYHDVR
CASSYTGAFEQFF	DFLEYHDVR
CASSFTGTAAYEQYF	DFLEYHDVR
CASSQAWPGAWETQYF	DFLEYHDVR
CASSEATDHRGRDEKLFF	DFLEYHDVR
CSARDPRQGYEQYF	DFLEYHDVR
CASSQGLYRDTEAFF	DFLEYHDVR
CSVASSGGFTDTQYF	DFLEYHDVR
CASSPDRGGWAFF	DFLEYHDVR
CASSLGGEETQYF	DFLEYHDVR
CASRSESSGNLYNEQFF	DFLEYHDVR
CASPTGQTTQETQYF	DFLEYHDVR
CSVAPTGQGSSYEQYF	DFLEYHDVR
CASSPSLTGSVNTEAFF	DFLEYHDVR
CSARGPTSSYEQYF	DFLEYHDVR
CSVEAAGLLRGGEQFF	DFLEYHDVR
CASSGTGTATDTQYF	DFLEYHDVR
CASSLEGLADYHF	DFLEYHDVR
CASSPWGQGGTDTQYF	DFLEYHDVR
CASSYLEAPGGEQFF	DFLEYHDVR
CSVAYTGTGGEKLFF	DFLEYHDVR
CASSGRRGSGANTGELFF	DFLEYHDVR
CASSLDTPNQPQHF	DFLEYHDVR
CASSLYSYNEQFF	DFLEYHDVR
CSVGLAGGPYNEQFF	DFLEYHDVR
CASSEWQGANTEAFF	DFLEYHDVR
CSARPRNQPQHF	DFLEYHDVR
CASSQTPGPLYEQYF	DFLEYHDVR
CASRAGADTEAFF	DFLEYHDVR
CASSPDSTGELFF	DFLEYHDVR
CASSWRLAANEQFF	DFLEYHDVR
CASSFSQGYGYEQYF	DFLEYHDVR
CSVNTGANSPLHF	DFLEYHDVR
CSVGVSGSSYEQYF	DFLEYHDVR
CSANRGPYEQYF	DFLEYHDVR
CAISRPGQGSSYNEQFF	DFLEYHDVR
CASSVGTRPYEQYF	DFLEYHDVR
CASSLFGDDEQYF	DFLEYHDVR
CASSQRLAGVGYEQYF	DFLEYHDVR
CASSLQSDIGHEQYF	DFLEYHDVR
CASSGDSPFSYNEQFF	DFLEYHDVR
CASSYSKVGSNTEAFF	DFLEYHDVR
CASSLRIGPQHF	DFLEYHDVR
CATSSGTTSNQPQHF	DFLEYHDVR
CASISNSGPLGEQYF	DFLEYHDVR
CASSPLTSDVDYGYTF	DFLEYHDVR
CASSYLGNEQFF	DFLEYHDVR
CASSGGRTDTQYF	DFLEYHDVR
CASSDRGWDQPQHF	DFLEYHDVR
CASSPALGQAQETQYF	DFLEYHDVR
CSVRETGGVQPQHF	DFLEYHDVR
CASSYLYEQYF	DFLEYHDVR
CASSLRDEVYNEQFF	DFLEYHDVR
CASSQIPGLAGDNEQFF	DFLEYHDVR
CASAVSGTSTDTQYF	DFLEYHDVR
CSVEYRGGRNEQYF	DFLEYHDVR
CATSWGASEPEEQFF	DFLEYHDVR
CASSQYGLAGGASYEQYF	DFLEYHDVR
CSVALAGGPYEQYF	DFLEYHDVR
CSVGLSGGGYNEQFF	DFLEYHDVR
CASSIFGTANQPQHF	DFLEYHDVR
CASSLASGGPYNEQFF	DFLEYHDVR
CASSPLTSSGDLSSYNEQFF	DFLEYHDVR
CASTFLIVGFNEQFF	DFLEYHDVR
CASSVAGQAYNEQFF	DFLEYHDVR
CASSLVKVGQGPNYEQYF	DFLEYHDVR
CASSGPGDTEAFF	DFLEYHDVR
CASSPTVPREDMGEQYF	DFLEYHDVR
CSVGLAGGPYEQYF	DFLEYHDVR
CASMGHNYNEQFF	DFLEYHDVR
CSVALAGGAYNEQFF	DFLEYHDVR
CSANRQGALPREAFF	DFLEYHDVR
CSAREARRTYEQYF	DFLEYHDVR
CSTSTTGTGSSYEQYF	DFLEYHDVR
CAISESKDRGGIYTDTQYF	DFLEYHDVR
CASSDSKGSGNTIYF	DFLEYHDVR
CASHRPDISYPNEQFF	DFLEYHDVR
CASSQELSYEQYF	DFLEYHDVR
CATATGKYEQYF	DFLEYHDVR
CASSVAGAPYNEQFF	DFLEYHDVR
CSARDTGEPYEQYF	DFLEYHDVR
CSVADTGTSSDTQYF	DFLEYHDVR
CATSTPWETDYEQYF	DFLEYHDVR
CASSDQDGFGYEQYF	DFLEYHDVR
CASSFVFGELFF	DFLEYHDVR
CASSRQVPETQYF	DFLEYHDVR
CASSEAGIFGGRGSYNEQFF	DFLEYHDVR
CASSPTGLDNEQFF	DFLEYHDVR
CSARDGGDFLYEQYF	DFLEYHDVR
CASSYTDRDEQYF	DFLEYHDVR
CSVEVPPPPYEQYF	DFLEYHDVR
CASGRGDNYGYTF	DFLEYHDVR
CASSQGLAGGYDEQFF	DFLEYHDVR
CASSGYSTSGRNEQFF	DFLEYHDVR
CASSPPDRVNSPLHF	DFLEYHDVR
CASSFPTSTSEQETQYF	DFLEYHDVR
CASSNRSYEQYF	DFLEYHDVR
CASSRPRGDLGPQHF	DFLEYHDVR
CASSGDRPEADTQYF	DFLEYHDVR
CSARSTGGYEQYF	DFLEYHDVR
CASSQDLSTDTQYF	DFLEYHDVR
CASSPTATNEKLFF	DFLEYHDVR
CSVEAPGTLGTYEQYF	DFLEYHDVR
CASSLVMNLGPNSPLHF	DFLEYHDVR
CSARDRSGPYEQYF	DFLEYHDVR
CASSEGVKAELDYNEQFF	DFLEYHDVR
CASLPPLVAGVSYNEQFF	DFLEYHDVR
CSVAPTGGPGNTIYF	DFLEYHDVR
CSVAPSGIFADTQYF	DFLEYHDVR
CASSSGTDYEKLFF	DFLEYHDVR
CSASLSGGAGETQYF	DFLEYHDVR
CASSQDGAGGPGNEQFF	DFLEYHDVR
CASSLAGPSSYNEQFF	DFLEYHDVR
CSVEAGGNQPQHF	DFLEYHDVR
CASSMERGGSTQYF	DFLEYHDVR
CAREGGARRGEQFF	DFLEYHDVR
CASSQDGQGAYAEAFF	DFLEYHDVR
CASSLESGELFF	DFLEYHDVR
CSVAPSGIGADTQYF	DFLEYHDVR
CASTTSGRLDNEQFF	DFLEYHDVR
CASTGGQGPFNEQFF	DFLEYHDVR
CASLSYSYNEQFF	DFLEYHDVR
CASSPSGFLGNQPQHF	DFLEYHDVR
CASSPDGSYNEQFF	DFLEYHDVR
