CDR3	AA
CASSGANYGYTF	ELIRQGTDY
CASSQGGGAPGYF	ELIRQGTDY
CASSPENYGYTF	ELIRQGTDY
CSARTGANYGYTF	ELIRQGTDY
CAWRSGRYEQYF	ELIRQGTDY
CASSAANYGYTF	ELIRQGTDY
CASGEANYGYTF	ELIRQGTDY
CATSNRDTSTDTQYF	ELIRQGTDY
CATSDSNYGYTF	ELIRQGTDY
CASSLARQGRWNEQFF	ELIRQGTDY
CASSQQRDEQFF	ELIRQGTDY
CASQQTNTGELFF	ELIRQGTDY
CATAGNNYGYTF	ELIRQGTDY
CASSQPRTGGADTQYF	ELIRQGTDY
CASSQYGGRAADTQYF	ELIRQGTDY
CASSSDSATNEKLFF	ELIRQGTDY
CASSRENYGYTF	ELIRQGTDY
CASSQATGGTGELFF	ELIRQGTDY
CAWTANYGYTF	ELIRQGTDY
CASTRSYEQYF	ELIRQGTDY
CASSLSQTSAGELFF	ELIRQGTDY
CSALPQGRANYGYTF	ELIRQGTDY
CASSQDRTHSSYEQYF	ELIRQGTDY
