CDR3	AA
CSARDGSGVYNEQFF	SSPDDQIGY
CSADREDRGLTYEQYF	SSPDDQIGY
CAIRESLGLASTDTQYF	SSPDDQIGY
CASSTVDRVQETQYF	SSPDDQIGY
CASSVGRGSADTQYF	SSPDDQIGY
CASSQPQGIRINEQFF	SSPDDQIGY
CASSVEWSGGLDTQYF	SSPDDQIGY
CASKELPSGQETQYF	SSPDDQIGY
CASSLDRLPGADTQYF	SSPDDQIGY
CSARDLNSYNEQFF	SSPDDQIGY
CASSLGPGTITEAFF	SSPDDQIGY
CSAGTTQETQYF	SSPDDQIGY
CASSPTGNQETQYF	SSPDDQIGY
CASTRGAYEQYF	SSPDDQIGY
CASSGRENTGELFF	SSPDDQIGY
CASSFQLNEQFF	SSPDDQIGY
CASSQDLNSGADTQYF	SSPDDQIGY
CASSFRTGETQYF	SSPDDQIGY
CASSRLRGYGYTF	SSPDDQIGY
CASSVEWAGGLNTQYF	SSPDDQIGY
CASSLDLLAGLDEQYF	SSPDDQIGY
CASSQFGLPNEQFF	SSPDDQIGY
CSARPEDLF	SSPDDQIGY
CASSQDLLRGARTDTQYF	SSPDDQIGY
CASSPELSSYNEQFF	SSPDDQIGY
CASSLSRAEQYF	SSPDDQIGY
CSARDRGQYNEQFF	SSPDDQIGY
CASKGLAGGEGTQYF	SSPDDQIGY
CASSLGRQEAFF	SSPDDQIGY
CASSVEWQGALDTQYF	SSPDDQIGY
CASKGLAGPLGEQYF	SSPDDQIGY
CASSQRGPADTQYF	SSPDDQIGY
CASSLSTGGYEQYF	SSPDDQIGY
CASSPPGREGLEQFF	SSPDDQIGY
CASSLVGMGDIQYF	SSPDDQIGY
CASSWGSLNEQFF	SSPDDQIGY
