CDR3	AA
CASRGTAQETQYF	SINFVRIIMR
CASSVPRDRSSYNSPLHF	SINFVRIIMR
CASSQDGGVGLIEAFF	SINFVRIIMR
RASRGAGVPDTQYF	SINFVRIIMR
CASTTGMNTEAFF	SINFVRIIMR
CASSLGFVGGNEQFF	SINFVRIIMR
CASQGSGNTIYF	SINFVRIIMR
CSVAGQGHYEQYF	SINFVRIIMR
CASSLLSGRDIQYF	SINFVRIIMR
CASSLADYTGELFF	SINFVRIIMR
CASSLGSGGYQETQYF	SINFVRIIMR
CASSPGWGATFEQFF	SINFVRIIMR
CASSFTGQGTYEQYF	SINFVRIIMR
CASSQANYEQYF	SINFVRIIMR
CASSLGDEQYF	SINFVRIIMR
CASNDRDRGGTEAFF	SINFVRIIMR
CASSLAGGAYGYTF	SINFVRIIMR
CASSLGLGLWGTAINQPQHF	SINFVRIIMR
CASSLGGEQFF	SINFVRIIMR
CASSRAGALGGELFF	SINFVRIIMR
CASGRDSGEQYF	SINFVRIIMR
CASSVSSPSPDTLYF	SINFVRIIMR
CASSPGTGGVEKLFF	SINFVRIIMR
CSVEELAGVVRTDTQYF	SINFVRIIMR
CASRWTGDYGYTF	SINFVRIIMR
CASSLTGWGNTEAFF	SINFVRIIMR
CASSLGTGDTETQYF	SINFVRIIMR
CASSQLTGVREQYF	SINFVRIIMR
CASSQGAGGYTF	SINFVRIIMR
CSVDGRRGYTEAFF	SINFVRIIMR
CASSQPQGEYNEQFF	SINFVRIIMR
CAISDGVITEAFF	SINFVRIIMR
CASSVGLAGVQETQYF	SINFVRIIMR
CATSPGSTGELFF	SINFVRIIMR
CASSYSGIGSYNEQFF	SINFVRIIMR
CASSQDGGGGYGYTF	SINFVRIIMR
CASGPGDNQPQHF	SINFVRIIMR
CSVEVEGPTEAFF	SINFVRIIMR
CASRLAGEFMNTEAFF	SINFVRIIMR
CSVVQGAPYEQYF	SINFVRIIMR
CSVSDRGPTDTQYF	SINFVRIIMR
CASSLDSSGNTYEQYF	SINFVRIIMR
CATSGTAHNEQFF	SINFVRIIMR
CASSPGGNEQFF	SINFVRIIMR
CASSPPLEFGGTTDTQYF	SINFVRIIMR
CASREGGTDTQYF	SINFVRIIMR
CASMRDLQSSSYNEQFF	SINFVRIIMR
CASSYSSGQGLF	SINFVRIIMR
CASSEDGTSTDTQYF	SINFVRIIMR
CASRPGQGWSPLHF	SINFVRIIMR
CASTGTEFSGNTIYF	SINFVRIIMR
CASSGPGRDIGGYTF	SINFVRIIMR
CASSQPDSNNEQFF	SINFVRIIMR
CASSSAGRKQPQHF	SINFVRIIMR
CASSLVQDTYEQYF	SINFVRIIMR
CAISGEQGKSYNEQFF	SINFVRIIMR
CASSLAGTGSPLHF	SINFVRIIMR
CASSFLATSTDTQYF	SINFVRIIMR
CASSFGGVEGMNTEAFF	SINFVRIIMR
CASSIDWNSNQPQHF	SINFVRIIMR
CASSLGPGMMFGYTF	SINFVRIIMR
CSVLPDISSYEQYF	SINFVRIIMR
CASSVGDSQETQYF	SINFVRIIMR
CASSLVGSGVPDTQYF	SINFVRIIMR
CSANTFGRTLYEQYF	SINFVRIIMR
CASSPEGNTGELFF	SINFVRIIMR
CASSYGNSYEQYF	SINFVRIIMR
CATSRDRRRGEKLFF	SINFVRIIMR
CASSALAGGSYNEQFF	SINFVRIIMR
CSVVWGGFTGELFF	SINFVRIIMR
CASSRQGALGTEAFF	SINFVRIIMR
CAISGGTYNEQFF	SINFVRIIMR
CASSQMGALNTEAFF	SINFVRIIMR
CASSKLPNRQRHSPLHF	SINFVRIIMR
CASSLDGTTGNEQFF	SINFVRIIMR
CASSRTFSYEQYF	SINFVRIIMR
CASSLSGRRNEQFF	SINFVRIIMR
CASGGQGTHWADEQYF	SINFVRIIMR
CASSQHRDSGNTIYF	SINFVRIIMR
CAELAGDYNEQFF	SINFVRIIMR
CASSYGGIGVHEQFF	SINFVRIIMR
CASSRQGGDPTDTQYF	SINFVRIIMR
CASSQDLGLLTQETQYF	SINFVRIIMR
CASSSDGEETQYF	SINFVRIIMR
CASSGDRVPYNEQFF	SINFVRIIMR
CAISGGGGGAGSYNEQFF	SINFVRIIMR
CASSLPSGSEQYF	SINFVRIIMR
CASSLRGREPYEQYF	SINFVRIIMR
CASSRGIEISGYEETQYF	SINFVRIIMR
CASSNIILVGGSDNEQFF	SINFVRIIMR
CASTPSLRETQYF	SINFVRIIMR
CASSEEGGINQPQHF	SINFVRIIMR
CASSSDLRQGPGELFF	SINFVRIIMR
CASSQANYEQYF	SINFVRIIMR
CASSLLKNTEAFF	SINFVRIIMR
CASSPGSGGTSTDTQYF	SINFVRIIMR
CSARDGGDTGELFF	SINFVRIIMR
CASSIEQSYDEQFF	SINFVRIIMR
CASSPPRAGPHEQYF	SINFVRIIMR
CASSLWRGGPNTEAFF	SINFVRIIMR
CASSSGELDQPQHF	SINFVRIIMR
CASSLDLGLSYEQYF	SINFVRIIMR
CASTPGVGTEAFF	SINFVRIIMR
CATRGGEGTEAFF	SINFVRIIMR
CASSGGLTPENIQYF	SINFVRIIMR
CSVDLGTGGGTRYTF	SINFVRIIMR
CASSPASTSGAALETQYF	SINFVRIIMR
CASSDGEQYF	SINFVRIIMR
CASSLVALFDEQYF	SINFVRIIMR
CATLETTESNYGYTF	SINFVRIIMR
CASSFVGGEKLFF	SINFVRIIMR
CASSQRPYTGELFF	SINFVRIIMR
CATSDLPNTGELFF	SINFVRIIMR
CASSIPSPDGSSYNSPLHF	SINFVRIIMR
CASSYIYEQYF	SINFVRIIMR
CASSPSGRTTYEQYF	SINFVRIIMR
CSARDQGDAGEPQHF	SINFVRIIMR
CASSLTGTVNTEAFF	SINFVRIIMR
CASSLGPREMNTEAFF	SINFVRIIMR
CASSMIRLAGGSSYNEQFF	SINFVRIIMR
CSARGIGRGTYDEQYF	SINFVRIIMR
CATSLAGGGTGELFF	SINFVRIIMR
CSVVAGGPQHF	SINFVRIIMR
CASSFGTSGHEQYF	SINFVRIIMR
CASSEAWDTLATNEKLFF	SINFVRIIMR
CATSDCKRPYNSPLHF	SINFVRIIMR
CASSLVNSDTQYF	SINFVRIIMR
CASSRGQMATNEKLFF	SINFVRIIMR
CASSSPKRPTGLYEQYF	SINFVRIIMR
CATRTSGGNTGELFF	SINFVRIIMR
CASSFSGTNTEAFF	SINFVRIIMR
CASSQDGDTEAFF	SINFVRIIMR
CASSLGGTGPFATEAFF	SINFVRIIMR
CASSQTTGQSSYNSPLHF	SINFVRIIMR
CASSPQGELNSVF	SINFVRIIMR
CASSFNRVDGTNEKLFF	SINFVRIIMR
CASSLDPSRPTYEQYF	SINFVRIIMR
CASSSQASGYYGYTF	SINFVRIIMR
CASSSGPGGTLDYGYTF	SINFVRIIMR
CASSLLSSYEQYF	SINFVRIIMR
CSARVPAGRIYEQYF	SINFVRIIMR
CASSVNTQYF	SINFVRIIMR
CSVAGTDYGYTF	SINFVRIIMR
CATSDPMDQITGELFF	SINFVRIIMR
CSAVDGSGTDTQYF	SINFVRIIMR
CASSLASGTGANVLTF	SINFVRIIMR
CASSQDRGGLAEETQYF	SINFVRIIMR
CAWSHGPAYEQYF	SINFVRIIMR
CSVPEGGTSGEQYF	SINFVRIIMR
CSVERQAADTQYF	SINFVRIIMR
CSVDTLGRDYGYTF	SINFVRIIMR
CASSQDLVSGNTIYF	SINFVRIIMR
CASSSTSGSSGEEQYF	SINFVRIIMR
CASSFVLGDEQYF	SINFVRIIMR
CASSQASGAYYEQYF	SINFVRIIMR
CASSYSGTTPSNTGELFF	SINFVRIIMR
CASSQVGAYGYTF	SINFVRIIMR
CASTNRVDNTEAFF	SINFVRIIMR
CASSEGWGLRDF	SINFVRIIMR
CASSTGGSYGYTF	SINFVRIIMR
CSATPRDLASYNEQFF	SINFVRIIMR
CAISSGSGTDTQYF	SINFVRIIMR
CASSPQGGGHLNTEAFF	SINFVRIIMR
CASSAPGQGWNEQFF	SINFVRIIMR
CASSPGGNEQFF	SINFVRIIMR
CASSLLRDSSYEQYF	SINFVRIIMR
CATEWSGGSTGELFF	SINFVRIIMR
CASSDGEGRGGTEAFF	SINFVRIIMR
CASAVWRGRTDTQYF	SINFVRIIMR
CASSRGGALNTEAFF	SINFVRIIMR
CASSFAVANYEQYF	SINFVRIIMR
CASSQGSGRADQPQHF	SINFVRIIMR
CASSENTGLAAEAFF	SINFVRIIMR
CASSLTAGLNEQFF	SINFVRIIMR
CASSQGRGSGNTIYF	SINFVRIIMR
CAISEYSTPDRFLSDTEAFF	SINFVRIIMR
CSAEDLAGAGELFF	SINFVRIIMR
CASRGQGSYNEQFF	SINFVRIIMR
CASSQIGGTGLTDTQYF	SINFVRIIMR
CASSLSGTSGNTQYF	SINFVRIIMR
CASTYRQGSYNEQFF	SINFVRIIMR
CSGRDTEAFF	SINFVRIIMR
CASSGRESVGFLNEQFF	SINFVRIIMR
CASSLGISTEAFF	SINFVRIIMR
CASSLEDTGELFF	SINFVRIIMR
CASSQETSGIVTQYF	SINFVRIIMR
CASSFILADKDEQFF	SINFVRIIMR
CASSQGAGGYTF	SINFVRIIMR
CASSEEDFRGYYEQYF	SINFVRIIMR
CSVDPGTGSEQFF	SINFVRIIMR
CASSWDGMNTEAFF	SINFVRIIMR
CASSTPGLADNEQFF	SINFVRIIMR
CASSLPILNSYEQYF	SINFVRIIMR
CASSLSGGAPGTDTQYF	SINFVRIIMR
CASSSLRLAGSSYQETQYF	SINFVRIIMR
CASSPWTGRETQYF	SINFVRIIMR
CASTLSVSGFGEETQYF	SINFVRIIMR
CATGETSYEQYF	SINFVRIIMR
CASSKVGSYNEQFF	SINFVRIIMR
CSAIGPRGGRRGNEQFF	SINFVRIIMR
CASSLGRVAPGELFF	SINFVRIIMR
CASSLGGENYEQYF	SINFVRIIMR
CASSLVVPVNNEQFF	SINFVRIIMR
CASSNRDENTGELFF	SINFVRIIMR
CASSPSGETEYNEQFF	SINFVRIIMR
CASSLSPLDSTYEQYF	SINFVRIIMR
CSAIRDRTGPYNEQFF	SINFVRIIMR
CATFTSSYEQYF	SINFVRIIMR
CASSQEAGQETQYF	SINFVRIIMR
CASSYATGTGLSGELFF	SINFVRIIMR
CASTGGPVASTDTQYF	SINFVRIIMR
CASTLGQVSSGRQPYEQYF	SINFVRIIMR
CSARSENTGELFF	SINFVRIIMR
CSAPNQGQGRPNSNQPQHF	SINFVRIIMR
CASRHAGGLSTEAFF	SINFVRIIMR
CASSPDLQGNEQFF	SINFVRIIMR
CASSYSDSGANVLTF	SINFVRIIMR
CASSLGQINQPQHF	SINFVRIIMR
CASSQEPGGGGGELFF	SINFVRIIMR
CASSGGQSNEKLFF	SINFVRIIMR
CASSYSKEDLNTEAFF	SINFVRIIMR
CASSIGTGSTEAFF	SINFVRIIMR
CASSFSMVADTQYF	SINFVRIIMR
CASSEGQGGHEQYF	SINFVRIIMR
CASSFPNGNEQYF	SINFVRIIMR
CASSQDPLTSGMNNEQFF	SINFVRIIMR
CASSPQGWNQPQHF	SINFVRIIMR
CASSPTGHQPQHF	SINFVRIIMR
CASSQGVATDTDTQYF	SINFVRIIMR
CASSFQTGRSSYNEQFF	SINFVRIIMR
CASSLELGSYNEQFF	SINFVRIIMR
CASSKTDRLGPYEQYF	SINFVRIIMR
CASSQTGGSGNTIYF	SINFVRIIMR
CASRAQSSYEQYF	SINFVRIIMR
CARQILGMNGEQYF	SINFVRIIMR
CASSSLSNQPQHF	SINFVRIIMR
CASSQVGRGGSTDTQYF	SINFVRIIMR
CASSASTSGLHYEQYF	SINFVRIIMR
CASRPFSSGSYEQYF	SINFVRIIMR
CAGKTNQETQYF	SINFVRIIMR
CSVVGEGRSNYGYTF	SINFVRIIMR
CASSEALGETGVGEQFF	SINFVRIIMR
CATSDLQGAQETQYF	SINFVRIIMR
CASSSGTSGYNEQFF	SINFVRIIMR
CASSLSSGLRVYEQYF	SINFVRIIMR
CASSYNIGTPYEQYF	SINFVRIIMR
CASNHYYTDTQYF	SINFVRIIMR
CASSYSRTSGANVLTF	SINFVRIIMR
CASSLLPRGWNEQFF	SINFVRIIMR
CASSEYRAETQYF	SINFVRIIMR
CSARDPGLAGFINEQFF	SINFVRIIMR
CASSFEHYSNQPQHF	SINFVRIIMR
CASSYGDSYEQFF	SINFVRIIMR
CASTHTGELFF	SINFVRIIMR
CASSLAVTTEAFF	SINFVRIIMR
CASIPSDEGWAETQYF	SINFVRIIMR
CASSQSPMSGGFYEQYF	SINFVRIIMR
CASRLAGGDNEQFF	SINFVRIIMR
CATGKERLGNTGELFF	SINFVRIIMR
CASSLWGSYEQYF	SINFVRIIMR
CASSQAGALNTEAFF	SINFVRIIMR
CASSLPSGTSEQETQYF	SINFVRIIMR
CASSHEGLTEAFF	SINFVRIIMR
CAIEKTESHRAQYF	SINFVRIIMR
CASSFYNAGGRADTQYF	SINFVRIIMR
CASSQEVGHGYAGGYTF	SINFVRIIMR
CASSLEASGTYEQYF	SINFVRIIMR
CASSHREDYNEQFF	SINFVRIIMR
CASSSPSQGLQETQYF	SINFVRIIMR
CASSTGQWNIQYF	SINFVRIIMR
CASSWDRGYGYTF	SINFVRIIMR
CATSRQDSYEQYF	SINFVRIIMR
CASSPAPGGLDEQYF	SINFVRIIMR
CSVTGEARNTEAFF	SINFVRIIMR
CASSLVGSRETQYF	SINFVRIIMR
CASSFPGGRWETQYF	SINFVRIIMR
CASSLAVGGGESSYNSPLHF	SINFVRIIMR
CATSDSQGYEQYF	SINFVRIIMR
CASSPANYEQYF	SINFVRIIMR
CASSFSLADVTGELFF	SINFVRIIMR
CALAGMSRDTQYF	SINFVRIIMR
CSARVGGPLNEQFF	SINFVRIIMR
CASFAASYEQYF	SINFVRIIMR
CASRPGIHTIYF	SINFVRIIMR
CASSIAAGQLNTEAFF	SINFVRIIMR
CASSWGTAQYF	SINFVRIIMR
CAWSALRGSSYNEQFF	SINFVRIIMR
CASSYSGGNTEAFF	SINFVRIIMR
CASFAGELFF	SINFVRIIMR
CAISESSGGGRGTGELFF	SINFVRIIMR
CASSLVAQAQYF	SINFVRIIMR
CASSQPRDTTNEKLFF	SINFVRIIMR
CSVEDGGGLVEAFF	SINFVRIIMR
CASIRNDYNEQFF	SINFVRIIMR
CASSGPSGSSPYEQYF	SINFVRIIMR
CASSFDRGSYNSPLHF	SINFVRIIMR
CASSQQGATYNEQFF	SINFVRIIMR
CASSLGGGRGHEKLFF	SINFVRIIMR
CASSLSGSSGETQYF	SINFVRIIMR
CASFSASYEQYF	SINFVRIIMR
CASSPTEARTYEQYF	SINFVRIIMR
CASSLLAPVGEQYF	SINFVRIIMR
CASSQGDTNQPQHF	SINFVRIIMR
CASSFTSPPYEQYF	SINFVRIIMR
CASSVDGNTDTQYF	SINFVRIIMR
CATSDFGAGTPDTGELFF	SINFVRIIMR
CASSFTSAFSYNEQFF	SINFVRIIMR
CASSFGDEQFF	SINFVRIIMR
CATSDFEQREGPDTQYF	SINFVRIIMR
CSAPGPSGEQYF	SINFVRIIMR
CASSSQADRVVYGYTF	SINFVRIIMR
CASSLLGHGYF	SINFVRIIMR
CSALGLAGVAEQFF	SINFVRIIMR
CASSATPNTGELFF	SINFVRIIMR
CARRQGTSQETQYF	SINFVRIIMR
CASTGRVGNTEAFF	SINFVRIIMR
CASWGGPYTDTQYF	SINFVRIIMR
CASSLGATRTDTQYF	SINFVRIIMR
CASSEPGQEMNTEAFF	SINFVRIIMR
CASSSGQGADEQYF	SINFVRIIMR
CASFSSSYEQYF	SINFVRIIMR
CASATGYNEQFF	SINFVRIIMR
CASSLSRYEQYF	SINFVRIIMR
CASSPHPDGAYNEQFF	SINFVRIIMR
CASSEGLAGYNEQFF	SINFVRIIMR
CSARDQGRATF	SINFVRIIMR
CASSYGGTPGTEAFF	SINFVRIIMR
CASSKEGPLTGELFF	SINFVRIIMR
CASSLDGQPYTF	SINFVRIIMR
CASSNGPGQGPNEQFF	SINFVRIIMR
CASSVPSGSPTYNEQFF	SINFVRIIMR
CASSLDISGGSYEQYF	SINFVRIIMR
CSAGPSGPYNEQFF	SINFVRIIMR
CSVLDLTEAFF	SINFVRIIMR
CATSRAQGLALYEQYF	SINFVRIIMR
CASRTGMNTEAFF	SINFVRIIMR
CASRDTGYEQYF	SINFVRIIMR
CSVEEGGGQAERGPYEQYF	SINFVRIIMR
CASSLAGTANEQFF	SINFVRIIMR
CASSFGMPEQYF	SINFVRIIMR
CASSLGPQGGEKLFF	SINFVRIIMR
CASSPGLSGNTIYF	SINFVRIIMR
CASSVPTGGGKPAGDTDTQYF	SINFVRIIMR
CASSHGGGGYEQYF	SINFVRIIMR
CATEQFF	SINFVRIIMR
CATLYSNQPQHF	SINFVRIIMR
CAILDRVVNTEAFF	SINFVRIIMR
CASSRLDSDNEQFF	SINFVRIIMR
CASSLAGETQYF	SINFVRIIMR
CSVEEGGLAVKLFF	SINFVRIIMR
CASSYAEYSYEQYF	SINFVRIIMR
CASSSGRNFYEQFF	SINFVRIIMR
CASSESRGDMNTEAFF	SINFVRIIMR
CASSISTASEQFF	SINFVRIIMR
CASSLEYSRSYEQYF	SINFVRIIMR
CASSQEWGDYQPQHF	SINFVRIIMR
CASSSTRYEQYF	SINFVRIIMR
CASSLDGSSYEQYF	SINFVRIIMR
CASSQDGSSTDTQYF	SINFVRIIMR
CASRTGASYEQYF	SINFVRIIMR
CASSFPSGYNEQFF	SINFVRIIMR
CAILGLAGGYEQYF	SINFVRIIMR
CARLSERGVVNEQFF	SINFVRIIMR
CASSPFMKGEANEKLFF	SINFVRIIMR
CASSPIRREAGDTQYF	SINFVRIIMR
CASSADYRELFF	SINFVRIIMR
CSARDPESATNEKLFF	SINFVRIIMR
CANDGDETGQRTEAFF	SINFVRIIMR
CSVLRTHYNEQFF	SINFVRIIMR
CASSRDGTTGNEQFF	SINFVRIIMR
CASGGLATYNEQFF	SINFVRIIMR
CASSPDSSYNEQFF	SINFVRIIMR
CASSRVDSYEQYF	SINFVRIIMR
CASSLSQTYEQYF	SINFVRIIMR
CASRPLVGTDSNQPQHF	SINFVRIIMR
CASSDGTGPFSEQFF	SINFVRIIMR
CASSPWGDTEAFF	SINFVRIIMR
CASSLMGGETQYF	SINFVRIIMR
CASSYYGGSSYNEQFF	SINFVRIIMR
CASSLGQAGDEKLFF	SINFVRIIMR
CASSYNQQTSSYEQYF	SINFVRIIMR
CASSQGQRLPDNEQFF	SINFVRIIMR
CASSDRIFDEQFF	SINFVRIIMR
CASSIDRGSSYEQYF	SINFVRIIMR
CAMEEASPYGYTF	SINFVRIIMR
CASSSIYGAESSYEQYF	SINFVRIIMR
CASSIAHTENEQFF	SINFVRIIMR
CASLLSIPGELFF	SINFVRIIMR
CASSLGPPGVELFF	SINFVRIIMR
CASSEPRTSGGWNTGELFF	SINFVRIIMR
CASSQLQSGTGNYEQYF	SINFVRIIMR
CASYVSSYEQYF	SINFVRIIMR
CASSLLGGAGNEQFF	SINFVRIIMR
CASSFIETGGLDEQFF	SINFVRIIMR
CASSPGEVNNQPQHF	SINFVRIIMR
CASTLGGYSNQPQHF	SINFVRIIMR
CASSPSSAELQETQYF	SINFVRIIMR
CASSPPDRAHYNEQFF	SINFVRIIMR
CASSVVTSDTQYF	SINFVRIIMR
CASGTGSVSEAFF	SINFVRIIMR
CASSLDDTSHYEQYF	SINFVRIIMR
CASSEADELTDTGELFF	SINFVRIIMR
CSALWGLANNEQFF	SINFVRIIMR
CASFSSSYEQYF	SINFVRIIMR
CASSLNQAGNQPQHF	SINFVRIIMR
CASSGEWDNEQFF	SINFVRIIMR
CASSFGATSVDEQFF	SINFVRIIMR
CASSSLEARGAETQYF	SINFVRIIMR
CASSPFRGDTQYF	SINFVRIIMR
CASSTPTGVALGEQFF	SINFVRIIMR
CASNAAVGANVLTF	SINFVRIIMR
CASSQGLPTLGWTQYF	SINFVRIIMR
CASSPLTGGGYGYTF	SINFVRIIMR
CASSLTAVQETQYF	SINFVRIIMR
CASSFLAGVSNEQFF	SINFVRIIMR
CASSIQGQEYQPQHF	SINFVRIIMR
CASSLFTGGTDTQYF	SINFVRIIMR
CASSLDRETQYF	SINFVRIIMR
CASSIGPYEQYF	SINFVRIIMR
CASTPGYTSSGRAADTQYF	SINFVRIIMR
CSTDLGNEQFF	SINFVRIIMR
CAIPGQGVTGELFF	SINFVRIIMR
CSVGSDQGATDTQYF	SINFVRIIMR
CASSHRGQDYEQYF	SINFVRIIMR
CACRTGNYNEQFF	SINFVRIIMR
CASSDSGASGETQYF	SINFVRIIMR
CSVEEVAGGGYTF	SINFVRIIMR
CASSTGAGLNTEAFF	SINFVRIIMR
CASSLGETYTEAFF	SINFVRIIMR
CASSLVKGQGATLAKNIQYF	SINFVRIIMR
CSVDGAVSNTEAFF	SINFVRIIMR
CASKRAGTGDGYTF	SINFVRIIMR
CASSAGTSEADTQYF	SINFVRIIMR
CASSIDTGVAEQYF	SINFVRIIMR
CASGSGTQYF	SINFVRIIMR
CASGYLGLALGNEQFF	SINFVRIIMR
CARGTGLEQYF	SINFVRIIMR
CASSTGQGRETQYF	SINFVRIIMR
CASRSSGSQETQYF	SINFVRIIMR
CASSSPLEGKETQYF	SINFVRIIMR
CASSPTPYTEAFF	SINFVRIIMR
CASSQDMLTNTEAFF	SINFVRIIMR
CASSSGHPEAFF	SINFVRIIMR
CASSALSSRREVVTDTQYF	SINFVRIIMR
CASSLSISTEAFF	SINFVRIIMR
CASSQDPPVGEAEKLFF	SINFVRIIMR
CASSRGEQFF	SINFVRIIMR
CASSSGIAGYTF	SINFVRIIMR
CASSTMEGQAPRYEQYF	SINFVRIIMR
CASSLSGSHLTF	SINFVRIIMR
CASSFSANYGYTF	SINFVRIIMR
CASSLGTLGSYEQYF	SINFVRIIMR
CASSPGGDTQYF	SINFVRIIMR
CASSQDTGYYYEQYF	SINFVRIIMR
CATSEGAELNEQFF	SINFVRIIMR
CSVETGGGYTF	SINFVRIIMR
CASSEGGRTFF	SINFVRIIMR
CASSPQGSTDPNYGYTF	SINFVRIIMR
CASMGGGATDTQYF	SINFVRIIMR
CASSAVGQETQYF	SINFVRIIMR
CASSLGLRQGAGETQYF	SINFVRIIMR
CASSTSSYEQYF	SINFVRIIMR
CASSLETSVYNEQFF	SINFVRIIMR
CASSHRGLAGGPYNEQFF	SINFVRIIMR
CASSLVAGLTEAFF	SINFVRIIMR
CASTRLAGPNEQFF	SINFVRIIMR
CASSPTWGNQPQHF	SINFVRIIMR
CASILDNEQFF	SINFVRIIMR
CASSLTGGPAPADTQYF	SINFVRIIMR
CSAGTGSYEQYF	SINFVRIIMR
CASSLAVGAGYGYTF	SINFVRIIMR
CASGASGIGFGTDTQYF	SINFVRIIMR
CASSQWGQGYSGRAGFNEQFF	SINFVRIIMR
CASSWLAGESEQFF	SINFVRIIMR
CASSLLRDTYEQYF	SINFVRIIMR
CASSDTGFNEQFF	SINFVRIIMR
CASSLPTSGGSQETQYF	SINFVRIIMR
CASSLARGTDTQYF	SINFVRIIMR
CASSVPRGTQETQYF	SINFVRIIMR
CASSGHRDTYSTGELFF	SINFVRIIMR
CASSPAWTGGWETQYF	SINFVRIIMR
CSATLEWVAGEGTDTQYF	SINFVRIIMR
CASSLWASYEQYF	SINFVRIIMR
CASNTGQGTDTQYF	SINFVRIIMR
CATSRDRRERETQYF	SINFVRIIMR
CATSDLPNTGELFF	SINFVRIIMR
CATSDLDSYEQYF	SINFVRIIMR
CATSRDRREREKLFF	SINFVRIIMR
CATSPGASNTGELFF	SINFVRIIMR
CSARAEAGVVRIEETQYF	SINFVRIIMR
CASSFNDRLDEQFF	SINFVRIIMR
CASSPPFELAGATDTQYF	SINFVRIIMR
CASGELARGIYNEQFF	SINFVRIIMR
CASGPGLAGYTDTQYF	SINFVRIIMR
CASSSGSVDTQYF	SINFVRIIMR
CASSLSTEGNTEAFF	SINFVRIIMR
