CDR3	AA
CASSGITDSFNEKLFF	RIFTIGTVTLK
CSAPVGVEQYF	RIFTIGTVTLK
CASSQVGGYRPYEQYF	RIFTIGTVTLK
CASSFRTQYGQLVNEQFF	RIFTIGTVTLK
CASSLAGGTEQYF	RIFTIGTVTLK
CASGLSNEQFF	RIFTIGTVTLK
CASSANRGLGKDSPLHF	RIFTIGTVTLK
CASSLRDESTEAFF	RIFTIGTVTLK
CASSDLGTYQETQYF	RIFTIGTVTLK
CSARDSGAVAGELFF	RIFTIGTVTLK
CASSLMGLESHYNEQFF	RIFTIGTVTLK
CASNGQGVTSYEQYF	RIFTIGTVTLK
CATSRGFGTGSYNSPLHF	RIFTIGTVTLK
CASSLGAGSEQFF	RIFTIGTVTLK
CASSLGILDTDTQYF	RIFTIGTVTLK
CSGAETYEQYF	RIFTIGTVTLK
CASSQEGPKDEQYF	RIFTIGTVTLK
CASSQGSTEAFF	RIFTIGTVTLK
CASSLLQGARTGELFF	RIFTIGTVTLK
CASSQEGSGSAGELFF	RIFTIGTVTLK
CASSERVGGGRNTIYF	RIFTIGTVTLK
CASGPWTGWDTEAFF	RIFTIGTVTLK
CATRGLAGVPRQETQYF	RIFTIGTVTLK
CASSLLQGARTGELFF	RIFTIGTVTLK
CSASEASGTFYNEQFF	RIFTIGTVTLK
CASSTAYTGELFF	RIFTIGTVTLK
CASSLGPVNEQFF	RIFTIGTVTLK
CASSFGGTRFNNEQFF	RIFTIGTVTLK
CASSQDGLGYGYTF	RIFTIGTVTLK
CSVSDLAGGSSYNEQFF	RIFTIGTVTLK
CASSPPVGGSYEQYF	RIFTIGTVTLK
CASSWTGPNTGELFF	RIFTIGTVTLK
CASSQDWGRERAYNEKLFF	RIFTIGTVTLK
CASSLGLGYNEQFF	RIFTIGTVTLK
CASSGRQGISNQPQHF	RIFTIGTVTLK
CASSQDSNGSNSPLHF	RIFTIGTVTLK
CASSYFVGNNEQFF	RIFTIGTVTLK
CASSDGQATNEKLFF	RIFTIGTVTLK
CASSHKRGGEKLFF	RIFTIGTVTLK
CASSLSGPAIIPISGANVLTF	RIFTIGTVTLK
CASSVAGNEQFF	RIFTIGTVTLK
CASSYSSLAGYNEQFF	RIFTIGTVTLK
CASSQPGTASYEQYF	RIFTIGTVTLK
CASLSGDTQYF	RIFTIGTVTLK
CASSLASLAGGNNEQFF	RIFTIGTVTLK
CASSGTGIFGTEAFF	RIFTIGTVTLK
CASSPLGSYKSEQFF	RIFTIGTVTLK
CASSSNDRGTDSPLHF	RIFTIGTVTLK
CASSLEEILSGYNEQFF	RIFTIGTVTLK
CASSERDRGAGNTIYF	RIFTIGTVTLK
CASSPGQGNYYGYTF	RIFTIGTVTLK
CASSLEVSSEQYF	RIFTIGTVTLK
