CDR3	AA
CASKAGGASTDTQYF	MPASWVMRI
CASSQVLAASSYNEQFF	MPASWVMRI
CASSQGRASTDTQYF	MPASWVMRI
CSAPDSRATNEKLFF	MPASWVMRI
CSARDFDTGDYEQYF	MPASWVMRI
CSARDLLTSGAEETQYF	MPASWVMRI
CATSRGLAGSDTQYF	MPASWVMRI
CSARGSSTDTQYF	MPASWVMRI
CASSGLGGPYEQYF	MPASWVMRI
CASRIGLAGSDTQYF	MPASWVMRI
CASSSLAGSTNEQFF	MPASWVMRI
CSARDHSENTGELFF	MPASWVMRI
CASSQEGWATSSSYNEQFF	MPASWVMRI
CSARGTSSDTQYF	MPASWVMRI
CASSVGLAGSDTQYF	MPASWVMRI
CSATDRESNTGELFF	MPASWVMRI
CSEIGVSTDTQYF	MPASWVMRI
CASSYGLAGSDTQYF	MPASWVMRI
CASSNSDGRRYGHEQFF	MPASWVMRI
CASSLGLAGVDEQYF	MPASWVMRI
CASSRDRGGSGNTIYF	MPASWVMRI
CSARDHRGDTQYF	MPASWVMRI
CSARDLLGPNEQFF	MPASWVMRI
CSARGGMNTEAFF	MPASWVMRI
CASSLDFLREQYF	MPASWVMRI
CATSEGYEQYF	MPASWVMRI
CASSLAQGGYEQYF	MPASWVMRI
CSARGQSTDTQYF	MPASWVMRI
CASSFEAWSTGATDTQYF	MPASWVMRI
CSARDWRENTGELFF	MPASWVMRI
CASSPSLDNEQFF	MPASWVMRI
CASRQTSGRNPYEQYF	MPASWVMRI
CASKEKKGLETSGNLTDTQYF	MPASWVMRI
CASSVGLAGSDTQYF	MPASWVMRI
CASSQDFGTSSSYNEQFF	MPASWVMRI
CSVEQGGTGELFF	MPASWVMRI
CASSTGVAGSDTQYF	MPASWVMRI
CASSQDQGVGSSYNEQFF	MPASWVMRI
CASSLTAGGNEQFF	MPASWVMRI
CASSSLRGLPYEQYF	MPASWVMRI
CSARDQASNTGELFF	MPASWVMRI
CASKGGTGELFF	MPASWVMRI
CASSSIGTSGSPPDTQYF	MPASWVMRI
CSARGILVDEQFF	MPASWVMRI
CSARDLRTNTGELFF	MPASWVMRI
CASSLGLAGSDTQYF	MPASWVMRI
CSARDSHAYEQYF	MPASWVMRI
CSARSGELSDTQYF	MPASWVMRI
CASRPLAGALSSYNEQFF	MPASWVMRI
CSARDSGQNTGELFF	MPASWVMRI
CASSSSGVSTDTQYF	MPASWVMRI
CSAISWDRGDNEQYF	MPASWVMRI
CASSQGLAGVDTQYF	MPASWVMRI
CSAREVENHSYEQYF	MPASWVMRI
CASRDLPGRTQYF	MPASWVMRI
CASSSPNSRTGPETQYF	MPASWVMRI
CASSTRVGLAGGPDTQYF	MPASWVMRI
CASSLAGDWEGYSPLHF	MPASWVMRI
CSARGRSSDTQYF	MPASWVMRI
CSASPPDSGNYGYTF	MPASWVMRI
CSAFPGLGFTGELFF	MPASWVMRI
CASSLGLAGSDTQYF	MPASWVMRI
CSARDTNPNYGYTF	MPASWVMRI
CASSVEGYEQYF	MPASWVMRI
CASSAGLAGSDTQYF	MPASWVMRI
CSAWVQGSNTGELFF	MPASWVMRI
CSARDSSSNTGELFF	MPASWVMRI
CASSQVLGASSYNEQFF	MPASWVMRI
CASDGEAGELFF	MPASWVMRI
CSAAPGDIQYF	MPASWVMRI
CAWMDRPNYGYTF	MPASWVMRI
CASSVGLAGSDTQYF	MPASWVMRI
CSARDRQDNTGELFF	MPASWVMRI
CSARDSGSNTGELFF	MPASWVMRI
CASSSGLEGNEQFF	MPASWVMRI
CASSLGLAGSDEQYF	MPASWVMRI
CASESGTGELFF	MPASWVMRI
CATTDAEGVNTGELFF	MPASWVMRI
CSARDFFTDTQYF	MPASWVMRI
CASSLEPGGSYEQYF	MPASWVMRI
CASSHPRERTSGRSYEQFF	MPASWVMRI
CASYSLGDRMDTQYF	MPASWVMRI
CASSQDGSYEQYF	MPASWVMRI
CSVEDLGQGGTEAFF	MPASWVMRI
CASRDRGQDEQYF	MPASWVMRI
CASRQGLAGSDQETQYF	MPASWVMRI
CASRPTGAHSSYEQYF	MPASWVMRI
CSAREYGGITGELFF	MPASWVMRI
CASSPGLGQDNEQFF	MPASWVMRI
CASSFIQGSGEETQYF	MPASWVMRI
CASRKGLAGADGELFF	MPASWVMRI
CSALYTGTAAPDTQYF	MPASWVMRI
CSARDGTFYEQYF	MPASWVMRI
CSARDGTGDEQYF	MPASWVMRI
CASSPPGIPYEQYF	MPASWVMRI
CSARPLSPDTQYF	MPASWVMRI
CASSQDPREQFF	MPASWVMRI
CASSHRGQTSSGLCGNEQFF	MPASWVMRI
CASSQVWRRDYNEQFF	MPASWVMRI
CASSLAPSLRSGYTF	MPASWVMRI
CASSSPVSSYEQYF	MPASWVMRI
CASSSRGQNWQRGETQYF	MPASWVMRI
CASSLREGSGRGEQFF	MPASWVMRI
CASSVGLAGSDTQYF	MPASWVMRI
CASSGGLAGSDTQYF	MPASWVMRI
CSARSYSTDTQYF	MPASWVMRI
CASRQGLAGSDTQYF	MPASWVMRI
CASKGDAYEQYF	MPASWVMRI
CSARDWDRGNHEQYF	MPASWVMRI
CASSYPGLAEGDTQYF	MPASWVMRI
CASSPILAASSYNEQFF	MPASWVMRI
CSALLFF	MPASWVMRI
CASEGGSSYNSPLHF	MPASWVMRI
CASSQDGRKINYEQYF	MPASWVMRI
CASSLGFGDLEKETQYF	MPASWVMRI
CATKGDSYEQYF	MPASWVMRI
CASSNFSKYF	MPASWVMRI
CSAFPSDYNEQFF	MPASWVMRI
CSAVTRRAADTGDTQYF	MPASWVMRI
CASSTIKSGQLQETQYF	MPASWVMRI
CASREGLAGSDTQYF	MPASWVMRI
CSARPDLTDTQYF	MPASWVMRI
CASSQVLAASSYNEQFF	MPASWVMRI
CASSVDGLGTGELFF	MPASWVMRI
CASSREAGDPNTGELFF	MPASWVMRI
CSAPTPGLAGESPSNEQFF	MPASWVMRI
CSARETSSNTGELFF	MPASWVMRI
CATSSEQLNTGELFF	MPASWVMRI
CASSGPPRRPSYEQYF	MPASWVMRI
CSARGTSTDTQYF	MPASWVMRI
CASSPGLAGSDTQYF	MPASWVMRI
CSARGTGDDEQFF	MPASWVMRI
CSARAHWDGDLQETQYF	MPASWVMRI
CASSLGLAGVDTQYF	MPASWVMRI
CASSPGTAAVDEKLFF	MPASWVMRI
CASSFGLAGSDTQYF	MPASWVMRI
CASSQGLAGSDTQYF	MPASWVMRI
CSAEIWETNYGYTF	MPASWVMRI
CSAPKRDRGLPSTDTQYF	MPASWVMRI
CSARDGSTDTQYF	MPASWVMRI
CASSAEGLVETQYF	MPASWVMRI
CSARDNAEASASYEQYF	MPASWVMRI
CASSVSAGGRDEQFF	MPASWVMRI
CASRSGQNRGGELFF	MPASWVMRI
CASSQGARVQETQYF	MPASWVMRI
CSAKGQGADTQYF	MPASWVMRI
CASSTGLAGSDTQYF	MPASWVMRI
CSVKPGLAGSDTQYF	MPASWVMRI
CSARDPQNTGELFF	MPASWVMRI
CASTPGLAGSDEQFF	MPASWVMRI
CASSLMTGRTQYF	MPASWVMRI
CSGRDRSYEQYF	MPASWVMRI
CASSQVLAGSSYNEQFF	MPASWVMRI
CASSSISGARNTIYF	MPASWVMRI
CASSPGLAGVETQYF	MPASWVMRI
CSARDTGANTGELFF	MPASWVMRI
CSARDSNTNTGELFF	MPASWVMRI
CSAWDFSPNEQFF	MPASWVMRI
CASSPEGRINSPLHF	MPASWVMRI
CASSSTGALGEQYF	MPASWVMRI
CSARGLANNEQFF	MPASWVMRI
CASSFSGGNEQYF	MPASWVMRI
CASSLWDRSPETQYF	MPASWVMRI
CSARGSADTQYF	MPASWVMRI
CASNGDTYEQYF	MPASWVMRI
CSARGSSTDTQYF	MPASWVMRI
CSARNGDTDTQYF	MPASWVMRI
CSARGREADTQYF	MPASWVMRI
CASSVPGGSLYEQYF	MPASWVMRI
CSARDGGSWTGELFF	MPASWVMRI
CASSQPIGTGKETQYF	MPASWVMRI
CASSRGLAGGDTQYF	MPASWVMRI
CASSHPDRRNYGYTF	MPASWVMRI
CASSWGLAGLNNEQFF	MPASWVMRI
CSAIREGPTFTDTQYF	MPASWVMRI
CSVGVERDIQYF	MPASWVMRI
CASSATLGYEQYF	MPASWVMRI
CSARGGSSDTQYF	MPASWVMRI
CASSHSGTNTGELFF	MPASWVMRI
CASSSGLVDNEQFF	MPASWVMRI
CASSTETSAAGGWRDTQYF	MPASWVMRI
CASSVGLAGSDTQYF	MPASWVMRI
CSARLAGGSGPSTDTQYF	MPASWVMRI
CASSSSSGGSTDTQYF	MPASWVMRI
CASSTGLAGSDTQYF	MPASWVMRI
CSARSGLGTDTQYF	MPASWVMRI
CSARGLAGNYEQYF	MPASWVMRI
CSARDTYTDTQYF	MPASWVMRI
CSAILRAQGGTDTQYF	MPASWVMRI
CASSSGNTIYF	MPASWVMRI
CASRSYTGELFF	MPASWVMRI
CSARDRLTNTGELFF	MPASWVMRI
CASSLGLAGGLSRDTQYF	MPASWVMRI
CASSFGGASTDTQYF	MPASWVMRI
CSVGNGATGELFF	MPASWVMRI
CASSLTETQYF	MPASWVMRI
CASSYSSGQLTGELFF	MPASWVMRI
CSARGTGGDEQFF	MPASWVMRI
CASSLPGGKGSYEQYF	MPASWVMRI
CASLLDTGELFF	MPASWVMRI
CASSPGGGLAGSDTQYF	MPASWVMRI
CASSSGVAVRETQYF	MPASWVMRI
CSARGTLGDEQFF	MPASWVMRI
CASSVVRSYTF	MPASWVMRI
CSGPGPTTAGTSGSWMRETQYF	MPASWVMRI
CSAVQQRGGILNTDTQYF	MPASWVMRI
CASTGDRAYEQYF	MPASWVMRI
CSAGDREGLYEQYF	MPASWVMRI
CASSPGQGARPNEKLFF	MPASWVMRI
CSARDIAGAVYNEQFF	MPASWVMRI
CASSLGLAATDTQYF	MPASWVMRI
CSARNADIDEQFF	MPASWVMRI
CASRTGLAGSDEQFF	MPASWVMRI
CASEYGGSSPIANTGELFF	MPASWVMRI
CASSPEGLMNTEAFF	MPASWVMRI
CASSLEQGDYEQYF	MPASWVMRI
CASSLIGEGRTEAFF	MPASWVMRI
CASSQGLAGGDEQFF	MPASWVMRI
CSARGLAIDEQFF	MPASWVMRI
CSARGNRLDEQFF	MPASWVMRI
CSARGTQSDTQYF	MPASWVMRI
CATKYTGELFF	MPASWVMRI
CSARDWTADTQYF	MPASWVMRI
CASSESGGELFF	MPASWVMRI
CSARDEGQGSYEQYF	MPASWVMRI
CSARDGAGGSYNEQFF	MPASWVMRI
CASSFLKPPYEQYF	MPASWVMRI
CASRSVTGELFF	MPASWVMRI
CSVEGTATNTGELFF	MPASWVMRI
CSAFPPGTGPISGANVLTF	MPASWVMRI
CSARSSSTDTQYF	MPASWVMRI
CSASSLAGSTGELFF	MPASWVMRI
CSAREEQGGSYEQYF	MPASWVMRI
CSARPLAGTNEQFF	MPASWVMRI
CASSYGDPEYSYEQYF	MPASWVMRI
CSAPIGGASSGNTIYF	MPASWVMRI
CSARMALTDTQYF	MPASWVMRI
CASSDGAGGHLYNEQFF	MPASWVMRI
CSARGTGEDEQYF	MPASWVMRI
CASSQGTGASSYNEQFF	MPASWVMRI
CASSFSHEQFF	MPASWVMRI
CSARGRDRDEQYF	MPASWVMRI
CSAENRGGDNEQFF	MPASWVMRI
CASSKEGQGEKLFF	MPASWVMRI
CASSGEREGYNEQFF	MPASWVMRI
CASTDPGGNQPQHF	MPASWVMRI
RRTVETQYF	MPASWVMRI
CSADPGQGNGYTF	MPASWVMRI
CSASPLLESNEQYF	MPASWVMRI
CSALVGAADTQYF	MPASWVMRI
CASSFSPGEIDSDTQYF	MPASWVMRI
CASSLGLAGSDEQFF	MPASWVMRI
CSARDQGSNTGELFF	MPASWVMRI
CSAREGPGGNEQFF	MPASWVMRI
CSARDDSGSINEQFF	MPASWVMRI
CASSYEGLAGMSSYNEQFF	MPASWVMRI
CASSLDGRDTYYGYTF	MPASWVMRI
CSARGGSTDTQYF	MPASWVMRI
CASSHGLAGSDEQFF	MPASWVMRI
CSARGPFTADTQYF	MPASWVMRI
CSARVFQGVDEQYF	MPASWVMRI
CASSLGLASSDTQYF	MPASWVMRI
CSARDSDTYEQYF	MPASWVMRI
CASSDDNTGELFF	MPASWVMRI
CSARDAAENTGELFF	MPASWVMRI
CASSVGLAGSDTQYF	MPASWVMRI
CASSDSRTALNYGYTF	MPASWVMRI
CASSSGQGSYEQYF	MPASWVMRI
CASSTDLRGMNTEAFF	MPASWVMRI
CSARGTGTDEQFF	MPASWVMRI
CSGRAGDSNTGELFF	MPASWVMRI
CASSVTTGDGQFF	MPASWVMRI
CASSQDAGTSSYNEQFF	MPASWVMRI
CSAPSGSRYEQFF	MPASWVMRI
CSARPDSTDTQYF	MPASWVMRI
CSARGLVAGHNEQFF	MPASWVMRI
CSARTSSTDTQYF	MPASWVMRI
CASSPGLAGVDTGELFF	MPASWVMRI
CASSLGQASTDTQYF	MPASWVMRI
CASSQDLVESSYNEQFF	MPASWVMRI
CSAEPIFQNTEAFF	MPASWVMRI
CSARTILEETQYF	MPASWVMRI
CASSVGLAGTDTQYF	MPASWVMRI
CATSSSGLVANTGELFF	MPASWVMRI
CASSHGSNLNTGELFF	MPASWVMRI
CASSDVLAGGSPYEQYF	MPASWVMRI
CSARDHRSNTGELFF	MPASWVMRI
CSATRLAGVGSDTGELFF	MPASWVMRI
CASSVGLAGSDTQYF	MPASWVMRI
CATEGDAGELFF	MPASWVMRI
CSARDRGYEQYF	MPASWVMRI
CSARGTGEDEQYF	MPASWVMRI
CSARDAGGYTGELFF	MPASWVMRI
CASSLSRDHEQYF	MPASWVMRI
CSASQEGNYGYTF	MPASWVMRI
CASSLFTGRNQPQHF	MPASWVMRI
CASSDEARGAYEQYF	MPASWVMRI
CASSPQREQYF	MPASWVMRI
CASSSPAGGYNEQFF	MPASWVMRI
CASSSRQRTNTGELFF	MPASWVMRI
CSARGTGTDTQYF	MPASWVMRI
CASRQTSGEFNEQFF	MPASWVMRI
CSARDEGWSYEQYF	MPASWVMRI
CASSEMGVRKETQYF	MPASWVMRI
CASSPEPLALERVEQETQYF	MPASWVMRI
CSARSEGGRQPQHF	MPASWVMRI
CASSWTGGGGRTEAFF	MPASWVMRI
CASIAGLAGGDEQFF	MPASWVMRI
CSARDGEAYEQYF	MPASWVMRI
CASSSGLAGGNEQFF	MPASWVMRI
