CDR3	AA
CASSERLNSYEQYF	AEVQIDRLI
CASRMGQGNTEAFF	AEVQIDRLI
CASSEALDNTDTQYF	AEVQIDRLI
CASSQDLTFVGTSSYEQYF	AEVQIDRLI
CASSLDIRNPLHF	AEVQIDRLI
CATSRIDTYLQETQYF	AEVQIDRLI
CSATPTDSYNEQFF	AEVQIDRLI
CASRTGTGNNEQFF	AEVQIDRLI
CASSYGHEQYF	AEVQIDRLI
CASSVSPAGELFF	AEVQIDRLI
CASSQDPGDYEQYF	AEVQIDRLI
CASSPQGYEQYF	AEVQIDRLI
CASSPRTGTRADTQYF	AEVQIDRLI
CASRPGEGNQPQHF	AEVQIDRLI
CSARERPAAYNEQFF	AEVQIDRLI
CASTDEIVPLNTEAFF	AEVQIDRLI
CASSLSGSGELFF	AEVQIDRLI
CASSPGSSPLHF	AEVQIDRLI
CASSLEVATNEKLFF	AEVQIDRLI
CASSQGRGGGAGELFF	AEVQIDRLI
CAIGWDLRQLQETQYF	AEVQIDRLI
CASSQEKGQKQYF	AEVQIDRLI
CASDAGTGYYNEQFF	AEVQIDRLI
CASSPEWQGGSPLHF	AEVQIDRLI
CASSLVADATDTQYF	AEVQIDRLI
CASSFGHEQYF	AEVQIDRLI
CASSTAGATYNEQFF	AEVQIDRLI
CASREPVGHSYEQYF	AEVQIDRLI
CASSQDPGDTEAFF	AEVQIDRLI
CASSPSSGISYEQYF	AEVQIDRLI
CASSVGLANNEQFF	AEVQIDRLI
CASSHEVGQGGLDF	AEVQIDRLI
CSAREKRGVGETQYF	AEVQIDRLI
CASTPGQGAREQYF	AEVQIDRLI
CASSVGFGDTEAFF	AEVQIDRLI
CASRTTGDTEAFF	AEVQIDRLI
CASSSHPSGTGVFNEQFF	AEVQIDRLI
CSARDLYASSYNEQFF	AEVQIDRLI
CASGPNYYEQYF	AEVQIDRLI
CASSQVSGSGLYEQYF	AEVQIDRLI
CASSFGHEQFF	AEVQIDRLI
CASSLSFPGTSGSATRKQYF	AEVQIDRLI
CASSGGAWDTQYF	AEVQIDRLI
CATEDGAYEQYF	AEVQIDRLI
CASSLVRTAEAFF	AEVQIDRLI
CASSPRTGAGSYNEQFF	AEVQIDRLI
CSVTRGDNEQFF	AEVQIDRLI
CASRTGWEQYF	AEVQIDRLI
CASRPGTGAGELFF	AEVQIDRLI
CASSQQGNSPLHF	AEVQIDRLI
CASSQELASNTGELFF	AEVQIDRLI
CASRPGQGNNEQFF	AEVQIDRLI
CASDAGTGIYNEQFF	AEVQIDRLI
CSAEREGLNEQFF	AEVQIDRLI
CASSAVGSEAFF	AEVQIDRLI
CSARDLTGTGETQYF	AEVQIDRLI
CASSQGPSNTEAFF	AEVQIDRLI
CASRAGTGNQPQHF	AEVQIDRLI
CASSNLGDTNTGELFF	AEVQIDRLI
CASSSGRAYEQFF	AEVQIDRLI
CASRLEYAEDTQYF	AEVQIDRLI
CASSFHGPNTEAFF	AEVQIDRLI
CASRTGQGNTEAFF	AEVQIDRLI
CASRPDRGLPNEQFF	AEVQIDRLI
CASSWSALEKQFF	AEVQIDRLI
CATSRDHSRIPYEQYF	AEVQIDRLI
CAAKLGQGDTDTQYF	AEVQIDRLI
CASSQGTGDGTEAFF	AEVQIDRLI
CASSEVGTGTSGANVLTF	AEVQIDRLI
CASGATYNEQFF	AEVQIDRLI
CASRAGQGATEAFF	AEVQIDRLI
CAISDLNRDSLSYEQYF	AEVQIDRLI
CASRVGQGPAPLHF	AEVQIDRLI
CASSESGGVETQYF	AEVQIDRLI
CASSQFKDRLANVLTF	AEVQIDRLI
CASSIGGALNEQFF	AEVQIDRLI
CASAGNSNTGELFF	AEVQIDRLI
CASSSSTGVPSYEQYF	AEVQIDRLI
CARGRGTSGRATGELFF	AEVQIDRLI
CASSRVRDRVYEQYF	AEVQIDRLI
CAISESAGTGDPGELFF	AEVQIDRLI
CASSLFPTPGGGIDEKLFF	AEVQIDRLI
RARGTSGWNRLWEQYF	AEVQIDRLI
CASSLAGATYNEQFF	AEVQIDRLI
CASSERERATDTQYF	AEVQIDRLI
CASRTGWEQYF	AEVQIDRLI
CASRPGQGNQPQHF	AEVQIDRLI
CASSSPGQGYTDTQYF	AEVQIDRLI
CASSETSGYEQYF	AEVQIDRLI
CASSVGGLNSPLHF	AEVQIDRLI
CASGSSYNEQFF	AEVQIDRLI
CASSQNTAGFRDPDTQYF	AEVQIDRLI
CSARDLAGGLNEQFF	AEVQIDRLI
CASSLEVATNEKLFF	AEVQIDRLI
