CDR3	AA
CASSLRGMYGYTF	FTNVYADSF
CASSSRGYYEQYF	FTNVYADSF
CASSDGTPPTNEKLFF	FTNVYADSF
CASRGSVATNEKLFF	FTNVYADSF
CASSPTSGEETQYF	FTNVYADSF
CASPGPRQGNEQFF	FTNVYADSF
CASSYAGLDEQYF	FTNVYADSF
CSARLGQGSYEQYF	FTNVYADSF
CASGFHGLDIQYF	FTNVYADSF
CASRPGTGGTEAFF	FTNVYADSF
CASSAHLETQYF	FTNVYADSF
CASAAGERQPQHF	FTNVYADSF
CASSVAGAYQETQYF	FTNVYADSF
CASSFNDEQFF	FTNVYADSF
CASSLTGLNNEQFF	FTNVYADSF
CASSQDRYGGAGVF	FTNVYADSF
CASSQTGGSGYTF	FTNVYADSF
CASSLRGNTEAFF	FTNVYADSF
CASSPGTGAEKLFF	FTNVYADSF
CASSSFSNQPQHF	FTNVYADSF
CASGPRGSYGYTF	FTNVYADSF
CASSTPGGYNEQFF	FTNVYADSF
CSATSGETGYEQYF	FTNVYADSF
CASSQVGLTQKAFF	FTNVYADSF
CASSPVGGRDYNEQFF	FTNVYADSF
CASSYGTPAGELFF	FTNVYADSF
CASSQDWSGSREQFF	FTNVYADSF
CASRLTNQETQYF	FTNVYADSF
CASSRRGDYGYTF	FTNVYADSF
CASSQIGTLDTQYF	FTNVYADSF
CASSYRGGTGELFF	FTNVYADSF
CASSPLGYGSEQYF	FTNVYADSF
CASKGGYTEAFF	FTNVYADSF
CASSLAGLDTEAFF	FTNVYADSF
CASSPTPLNTEAFF	FTNVYADSF
CASSQDSLATRNEQFF	FTNVYADSF
CATTERGSGYGYTF	FTNVYADSF
CASSQEMAGSAETQYF	FTNVYADSF
CASSRLAGSGELFF	FTNVYADSF
CASSPTQMEETQYF	FTNVYADSF
CASSQVGQGAQNTEAFF	FTNVYADSF
CASTSSGYEQYF	FTNVYADSF
CASSQVALAATDTQYF	FTNVYADSF
CASSLSYPNMEQFF	FTNVYADSF
CASRRTDNEQFF	FTNVYADSF
CASSPRGRENTEAFF	FTNVYADSF
CASSAVPYEQYF	FTNVYADSF
CASSLRGGTYEQYF	FTNVYADSF
CASSLTTREETQYF	FTNVYADSF
CASSSRTSGSWNEQFF	FTNVYADSF
CASSSYREDQPQHF	FTNVYADSF
CASSVDQGQSSYNEQFF	FTNVYADSF
CASSLVVYEQYF	FTNVYADSF
CASSPHSGATSTDTQYF	FTNVYADSF
CASSLRGGYEQYF	FTNVYADSF
CASSLNSYEQYF	FTNVYADSF
CASSLDRGREETQYF	FTNVYADSF
CASSLRGANTEAFF	FTNVYADSF
CSAARGTDSEQYF	FTNVYADSF
CSAGTGTYNEQFF	FTNVYADSF
CASSFSYNEQFF	FTNVYADSF
CASSLDSPPHYGYTF	FTNVYADSF
CASSLPGLGYEQYF	FTNVYADSF
CASSPSGSSAYEQYF	FTNVYADSF
CASGARGGGGGAAF	FTNVYADSF
CASSPPGTSFYEQFF	FTNVYADSF
CASSFAQREETQYF	FTNVYADSF
CASSANEQFF	FTNVYADSF
CASSSRGTYEQYF	FTNVYADSF
CASSPGTGGHEQYF	FTNVYADSF
CASSIAGTRNTGELFF	FTNVYADSF
CASSYGPSSYNEQFF	FTNVYADSF
CASSLRPTEDSGGAYEQYF	FTNVYADSF
CASVPRGSGELFF	FTNVYADSF
CASSRRGTYEQYF	FTNVYADSF
CASSRRGSYEQYF	FTNVYADSF
CSVQGGESSYEQYF	FTNVYADSF
CASRGTHSTGVQYQPQHF	FTNVYADSF
CASSYWVGDTEAFF	FTNVYADSF
CASSPNLGQHEQYF	FTNVYADSF
CASSQDMGGSQETQYF	FTNVYADSF
CAISDPGLPNEQFF	FTNVYADSF
CASSQVFSENTGELFF	FTNVYADSF
CASSPRGQYNSPLHF	FTNVYADSF
CASSLGTTTNEKLFF	FTNVYADSF
CASSSVRAGETQYF	FTNVYADSF
CASSARGNYGYTF	FTNVYADSF
CSVKGASNSGANVLTF	FTNVYADSF
CSARTKAGSYEQYF	FTNVYADSF
CASSQSMTSVKETQYF	FTNVYADSF
CASSFGTSGSDTQYF	FTNVYADSF
CASSSPGLGTGELFF	FTNVYADSF
CASSFTGETYEQYF	FTNVYADSF
CASSREAYNEQFF	FTNVYADSF
CASSQSEGATEAFF	FTNVYADSF
CASSHTVLETQYF	FTNVYADSF
CASSLGTSRLAKNIQYF	FTNVYADSF
CASSQELRGLQETQYF	FTNVYADSF
CASSDSPYEQYF	FTNVYADSF
CSVEWTGGVNEQFF	FTNVYADSF
CASSGLTGAQPQHF	FTNVYADSF
CASSPRGSYEQYF	FTNVYADSF
CASSLQHREETQYF	FTNVYADSF
CASSFRVTANYHSGANVLTF	FTNVYADSF
CASSSWENTGELFF	FTNVYADSF
CASSLLGGSITDTQYF	FTNVYADSF
CASSHLLGLSETQYF	FTNVYADSF
CAISQGKGLYEQYF	FTNVYADSF
CASSLSTGQPQHF	FTNVYADSF
CASSLLRGDNEQFF	FTNVYADSF
CASSVGGLSNQPQHF	FTNVYADSF
CASSFTGGASYEQYF	FTNVYADSF
CASSPQGLAGGDEQFF	FTNVYADSF
CASSIRRSSGANVLTF	FTNVYADSF
CASSLTTREETQYF	FTNVYADSF
CASSLPSRSYNEQFF	FTNVYADSF
CASSYGLGGSNTEAFF	FTNVYADSF
CASSGTGGSSYNEQFF	FTNVYADSF
CASSVAGGADTQYF	FTNVYADSF
CASSSRGGTGELFF	FTNVYADSF
CASSLMGVYEQYF	FTNVYADSF
CASTKRGGTEAFF	FTNVYADSF
CASSLRGSYEQYF	FTNVYADSF
CASSTRGAYEQYF	FTNVYADSF
CASSPGGPYEQYF	FTNVYADSF
CASSWGGLNTEAFF	FTNVYADSF
CASSSTFINIQYF	FTNVYADSF
CASSLVSYNEQFF	FTNVYADSF
CASSLGDRDYNEQFF	FTNVYADSF
CASSHRGDYGYTF	FTNVYADSF
CASSLRGTYYNEQFF	FTNVYADSF
CASSYRGSRLAGVEIYNEQFF	FTNVYADSF
CASSTHNYGYTF	FTNVYADSF
CASSQGTGGEQYF	FTNVYADSF
CASSLASYNEQFF	FTNVYADSF
CASSTRGHYEQYF	FTNVYADSF
CASSARGLEHEQFF	FTNVYADSF
CASIRESGVPYEQYF	FTNVYADSF
CASSQDRTYEQYF	FTNVYADSF
CASSYGTPEAFF	FTNVYADSF
CSARGQSYEQYF	FTNVYADSF
CASSQEGTEYTDTQYF	FTNVYADSF
CASISRGQETQYF	FTNVYADSF
CASSEGLGQGQAGELFF	FTNVYADSF
CATSDFVLAQGVDEQFF	FTNVYADSF
CASSSTGGSYEQYF	FTNVYADSF
CASSLGTGGNEQYF	FTNVYADSF
CASSRTAQEETQYF	FTNVYADSF
