CDR3	AA
CATGDYSPLHF	HLRIAGHHL
CASSPLLTNNEQFF	HLRIAGHHL
CASSLITRQIYGYTF	HLRIAGHHL
CASSSWAVGELDEQFF	HLRIAGHHL
CASSPSPQGTYFF	HLRIAGHHL
CASSGLAGLPAGELFF	HLRIAGHHL
CASTPRGEWNTEAFF	HLRIAGHHL
CASSISVTNEKLFF	HLRIAGHHL
CASSYSIALAGGSYNEQFF	HLRIAGHHL
CASSLGGSSEQFF	HLRIAGHHL
CASSYSVAGGYNEQFF	HLRIAGHHL
CSARSGSGRLQDTQYF	HLRIAGHHL
CASSFYNEQFF	HLRIAGHHL
CASSSWTANTGELFF	HLRIAGHHL
CASRPQGTGELFF	HLRIAGHHL
CASSQGHMQYGSYEQYF	HLRIAGHHL
CASSIGFSEQFF	HLRIAGHHL
CASSNESPGGVEEKLFF	HLRIAGHHL
CASSYGGLGYNEQFF	HLRIAGHHL
CATGTGSYGYTF	HLRIAGHHL
CASSLVGDEQYF	HLRIAGHHL
CASSETGVSNQPQHF	HLRIAGHHL
CASSTLGGGTDTQYF	HLRIAGHHL
CASSIVGQGSSYNEQFF	HLRIAGHHL
CASSWGSYEQYF	HLRIAGHHL
CASSLGGGQVVRLHEQYF	HLRIAGHHL
CASSPLMTNNEQFF	HLRIAGHHL
CSAREEGTVGKTEAFF	HLRIAGHHL
CASSLDHLGNEQFF	HLRIAGHHL
CASSPGTGNSNQPQHF	HLRIAGHHL
CASSSGSYGYTF	HLRIAGHHL
CASSQTGTGGYEQYF	HLRIAGHHL
CSAQGGTGDEQFF	HLRIAGHHL
