CDR3	AA
CASSLSGLYEQYF	YPDKVFRSSV
CASSTKYGYTF	YPDKVFRSSV
CASTLGWTEAFF	YPDKVFRSSV
CASSLWGGSNEQFF	YPDKVFRSSV
CASSPRHSGRSTDTQYF	YPDKVFRSSV
CASSSTVAIPYEQYF	YPDKVFRSSV
CASSLRAGGPYEQYF	YPDKVFRSSV
CASSQGISYEQYF	YPDKVFRSSV
CASSVSLQFMNTEAFF	YPDKVFRSSV
NSGSRQGRVVDRNTIYF	YPDKVFRSSV
CASSAQGVNQPQHF	YPDKVFRSSV
CASSDSGTSGAEQYF	YPDKVFRSSV
CASSLYFGLAGGPSSYNEQFF	YPDKVFRSSV
CATSDWLAGEDEQFF	YPDKVFRSSV
CATFDRLLWSQHF	YPDKVFRSSV
CASSPGAGEQYF	YPDKVFRSSV
CASSLWGTGYTF	YPDKVFRSSV
CASSPIVQVEGYTF	YPDKVFRSSV
CASRHELALDSGANVLTF	YPDKVFRSSV
