CDR3	AA
CASSIGQGFVYEQYF	YQIGGYTEKW
CASSTGQGNLYEQYF	YQIGGYTEKW
CASSTGLAASNEQFF	YQIGGYTEKW
CASSIGVGLLNEQFF	YQIGGYTEKW
CASSLGLGLSYEQYF	YQIGGYTEKW
CASSIGQGHYNEQFF	YQIGGYTEKW
CASSIGQGLSYEQYF	YQIGGYTEKW
CASSIGTGLSYEQYF	YQIGGYTEKW
CASSTGQGIAGELFF	YQIGGYTEKW
CASSFGELLFF	YQIGGYTEKW
CASSMGQGMNDEQFF	YQIGGYTEKW
CASSLRNTGELFF	YQIGGYTEKW
CSAKPARFPTEAFF	YQIGGYTEKW
CASSAGQGLSYEQYF	YQIGGYTEKW
CASSIGQGPNQPQHF	YQIGGYTEKW
CASSFGRSASETQYF	YQIGGYTEKW
CASSSGVGQSYEQYF	YQIGGYTEKW
CASSAGLGAVHEQYF	YQIGGYTEKW
CASSMGQGWSYEQYF	YQIGGYTEKW
CASSIGRGLSYEQYF	YQIGGYTEKW
CASRLGTGTNNEQFF	YQIGGYTEKW
CASSVGLGQGSTDTQYF	YQIGGYTEKW
CASSIGTGLYYEQYF	YQIGGYTEKW
CASSQDDRSNYYEQYF	YQIGGYTEKW
CASSPSGKGQPSEQYF	YQIGGYTEKW
CASSFVLSNQPQHF	YQIGGYTEKW
CASSIGAGTSYEQYF	YQIGGYTEKW
CASSIGAGTAYEQYF	YQIGGYTEKW
CASSPGTGLGTEAFF	YQIGGYTEKW
CASSLGLAGMETQYF	YQIGGYTEKW
CASSVGLGLDNEQFF	YQIGGYTEKW
CASSIGTGLPGELFF	YQIGGYTEKW
CASSLGTGVDTEAFF	YQIGGYTEKW
CASTPGTGSNQPQHF	YQIGGYTEKW
CASSQALRPEGGNTIYF	YQIGGYTEKW
CASSDLMNTEAFF	YQIGGYTEKW
CASSDRTSTDTQYF	YQIGGYTEKW
CASSQEVTSIYEQYF	YQIGGYTEKW
CASSMGLGTTDEQFF	YQIGGYTEKW
CASSIGQGISYEQYF	YQIGGYTEKW
CASSVGTGISYEQYF	YQIGGYTEKW
CASSIGQGKTYEQYF	YQIGGYTEKW
CASTTGVGGTNQPQHF	YQIGGYTEKW
CSATLGFGYTF	YQIGGYTEKW
CASSGGTGLDYEQYF	YQIGGYTEKW
CASSGGDSANQPQHF	YQIGGYTEKW
CASSIGQGRSYEQYF	YQIGGYTEKW
CASSVGTGLSYEQYF	YQIGGYTEKW
CASSWTSGSSYNEQFF	YQIGGYTEKW
CASSPGTGMNTEAFF	YQIGGYTEKW
CASSVGQGISYEQYF	YQIGGYTEKW
CASSIGQGISYEQYF	YQIGGYTEKW
CASSLGQGVTYEQYF	YQIGGYTEKW
CAISGFGTYSTDTQYF	YQIGGYTEKW
CASQPGTGDGNQPQHF	YQIGGYTEKW
CASSPGQGTSYEQYF	YQIGGYTEKW
CASTLGQGVNTEAFF	YQIGGYTEKW
CASSIGSGSSYEQYF	YQIGGYTEKW
CASSMHRDPSLAGYTF	YQIGGYTEKW
CASSSGTGVGYEQYF	YQIGGYTEKW
CASSIGTGEAYEQYF	YQIGGYTEKW
CASTTGQGLNTEAFF	YQIGGYTEKW
CASSPGTGLLDEQFF	YQIGGYTEKW
CASSMGVGLSYEQYF	YQIGGYTEKW
CASSIGAGLLEKLFF	YQIGGYTEKW
CASGTGQGIRYEQYF	YQIGGYTEKW
CASSIGTGVNQPQHF	YQIGGYTEKW
CASSQPTLASGAEAFF	YQIGGYTEKW
CASSIGTGTGSYNEQFF	YQIGGYTEKW
CASSTGTGRNYEQYF	YQIGGYTEKW
CASGSGQGLSYEQYF	YQIGGYTEKW
CASSLGTGFSYEQYF	YQIGGYTEKW
CASSIGTGSYNEQFF	YQIGGYTEKW
CASSIGSGTDHEQYF	YQIGGYTEKW
CASSIGAGLAYEQYF	YQIGGYTEKW
CASSMGQGWSNEQFF	YQIGGYTEKW
CASSQVAAAGDGEKLFF	YQIGGYTEKW
CASSIGTGNAYEQYF	YQIGGYTEKW
CASSIGTGLAYEQYF	YQIGGYTEKW
CASSIGTGVAYNEQFF	YQIGGYTEKW
CASNPGQGLNQPQHF	YQIGGYTEKW
CASTPGTGFSNQPQHF	YQIGGYTEKW
CASSMGQGPIGPQHF	YQIGGYTEKW
CASSSGLGLSYEQYF	YQIGGYTEKW
CSARSYTSYYNEQFF	YQIGGYTEKW
CASTPGQGLNTEAFF	YQIGGYTEKW
CASSMGLGSNQPQHF	YQIGGYTEKW
CASSIGQGFSYEQYF	YQIGGYTEKW
CASSEGRGLNYGYTF	YQIGGYTEKW
CASSFGIGVASYNEQFF	YQIGGYTEKW
CASSLGTGVQAEAFF	YQIGGYTEKW
CASSLGQGVNTEAFF	YQIGGYTEKW
CASSEEGRGGLWDSFF	YQIGGYTEKW
CASSRGQGLSYEQYF	YQIGGYTEKW
CASSIGQGLSYEQYF	YQIGGYTEKW
CASSIGAGRTYEQYF	YQIGGYTEKW
CASSMGQGLEETQYF	YQIGGYTEKW
CASSMGQGLLYEQYF	YQIGGYTEKW
CASSVGTGHSYEQYF	YQIGGYTEKW
CASSEGTGISYEQYF	YQIGGYTEKW
CASSFGQGVVYEQYF	YQIGGYTEKW
CASSIGQGSRYEQFF	YQIGGYTEKW
CASSIGTGLSYEQFF	YQIGGYTEKW
CASSLGAGVSYEQYF	YQIGGYTEKW
CASSIGLGLAGYNEQFF	YQIGGYTEKW
CASSIGSGSSHEQYF	YQIGGYTEKW
CASTVGTGLLNEQFF	YQIGGYTEKW
CASSIGAGTTYEQYF	YQIGGYTEKW
CASSSGQGHSYEQYF	YQIGGYTEKW
CASTPGQGLSYEQYF	YQIGGYTEKW
CASTPGVGEAYEQYF	YQIGGYTEKW
CASSIGTGWPNYGYTF	YQIGGYTEKW
CASSPGQGLSYEQYF	YQIGGYTEKW
CASTRQGLSDEQFF	YQIGGYTEKW
CASGPGTGILYEQYF	YQIGGYTEKW
CASSIGLGWNTEAFF	YQIGGYTEKW
CASSIGQGTSYEQYF	YQIGGYTEKW
CASSGGEAKNIQYF	YQIGGYTEKW
CASSVGQGPGNQPQHF	YQIGGYTEKW
CASSPGQGVDYEQYF	YQIGGYTEKW
CASSIGTGVNQPQHF	YQIGGYTEKW
CASSLGQGQSYEQYF	YQIGGYTEKW
CASSLGQGVGYEQYF	YQIGGYTEKW
CASSEQGDEQYF	YQIGGYTEKW
CASSFRDSTITYNEQFF	YQIGGYTEKW
CASSSGVGTNTEAFF	YQIGGYTEKW
CASSIGLGMGHEQFF	YQIGGYTEKW
CASSRGQGVDYEQYF	YQIGGYTEKW
CASSPGHGLAGELFF	YQIGGYTEKW
CASSIGLNSYNEQFF	YQIGGYTEKW
CASSIGQGHSYEQYF	YQIGGYTEKW
CASSMGQGSVAEQYF	YQIGGYTEKW
CASSMGTGFSYEQYF	YQIGGYTEKW
CASSIGQGLAYEQFF	YQIGGYTEKW
CASSIGLGEGYEQYF	YQIGGYTEKW
CASSGAGELFF	YQIGGYTEKW
CASSPRDRGYEQYF	YQIGGYTEKW
CASSIGTGTAYEQYF	YQIGGYTEKW
CASSIGQGSSYEQYF	YQIGGYTEKW
CASSIGLGNTYEQYF	YQIGGYTEKW
CASSIGAGTENIQYF	YQIGGYTEKW
CSVEDRGFWGPGELFF	YQIGGYTEKW
CASSYGPIQETQYF	YQIGGYTEKW
CASSIGQGWGYEQYF	YQIGGYTEKW
CASSIGTGVTYEQYF	YQIGGYTEKW
CASSIGQGLATEAFF	YQIGGYTEKW
CASSPGLGLSYEQYF	YQIGGYTEKW
CASSQVPGGTDTQYF	YQIGGYTEKW
CASSIGQGGSYEQYF	YQIGGYTEKW
CASSAGQGISYEQYF	YQIGGYTEKW
CASTIWGHQPQHF	YQIGGYTEKW
CASSMGQGDSYEQYF	YQIGGYTEKW
CASSTGLGLSYEQYF	YQIGGYTEKW
CASSPGTGQDYEQYF	YQIGGYTEKW
CASSIGSGWSYEQYF	YQIGGYTEKW
CASSIGTGLRGEQFF	YQIGGYTEKW
CASSIGLGFSYEQYF	YQIGGYTEKW
CASSIGQGSSYEQYF	YQIGGYTEKW
CASSIAQGVSYEQYF	YQIGGYTEKW
CASSLGQGLSYEQYF	YQIGGYTEKW
CASSIGQGMETEAFF	YQIGGYTEKW
CASSTGQGLAYEQYF	YQIGGYTEKW
CASSIGQGEIDEQFF	YQIGGYTEKW
CASSMGLGLVDEQFF	YQIGGYTEKW
CASSIGVGLGTEAFF	YQIGGYTEKW
CASSRTGSNQPQHF	YQIGGYTEKW
CASSPVQGSTDTQYF	YQIGGYTEKW
CASSPGQGISYEQYF	YQIGGYTEKW
CASSVGQGLSYEQYF	YQIGGYTEKW
CASSIGIGRKYEQYF	YQIGGYTEKW
CASSFTGAGGTEAFF	YQIGGYTEKW
CASSIGTGIRYEQYF	YQIGGYTEKW
CASSPTVNYGYTF	YQIGGYTEKW
CASSLGQGLNTEAFF	YQIGGYTEKW
CASSIGSGTHNEQFF	YQIGGYTEKW
CASSIGLGPNTEAFF	YQIGGYTEKW
CASSAFSSAINEQFF	YQIGGYTEKW
CASSTKTSGFSPSTDTQYF	YQIGGYTEKW
CASSVGQGFTYEQYF	YQIGGYTEKW
CASNLGLGPSTDTQYF	YQIGGYTEKW
CASSIGRGPLDKNIQYF	YQIGGYTEKW
CASSLDVPGGNQPQHF	YQIGGYTEKW
CASSLGQGPPTDTQYF	YQIGGYTEKW
CASSTGRSSYNEQFF	YQIGGYTEKW
CASSPGVGLRTEAFF	YQIGGYTEKW
CASSVGTGMSYEQYF	YQIGGYTEKW
CASSTGLGIDYEQYF	YQIGGYTEKW
CASSLYSGANVLTF	YQIGGYTEKW
CASSHGTGRAYEQYF	YQIGGYTEKW
CAWSVVGDEQYF	YQIGGYTEKW
CASSLGTGRIYEQYF	YQIGGYTEKW
CASSVGTGIGNEQFF	YQIGGYTEKW
CASSSGLGPYGNEQFF	YQIGGYTEKW
CASSIGLGPDHQPQHF	YQIGGYTEKW
CASSTGQGFSYEQYF	YQIGGYTEKW
CASSIGEGTSYEQYF	YQIGGYTEKW
CASSIGTGASYEQYF	YQIGGYTEKW
CASSPGLGASYEQYF	YQIGGYTEKW
CASSIGTGLAYEQYF	YQIGGYTEKW
CASSMQETQYF	YQIGGYTEKW
CASPKPGQGDEQYF	YQIGGYTEKW
CASSVGTGASYEQYF	YQIGGYTEKW
CASSTGLGTSYEQYF	YQIGGYTEKW
CASSQGQGILFEQYF	YQIGGYTEKW
CASSIGVGPNTGELFF	YQIGGYTEKW
CASSMGQGLLLDEQFF	YQIGGYTEKW
CASSIGVGELTEAFF	YQIGGYTEKW
CASSIGLGMGTEAFF	YQIGGYTEKW
CASSIGTGGAYEQYF	YQIGGYTEKW
CASSKGQGIDYEQYF	YQIGGYTEKW
CASSMGQGTTYEQYF	YQIGGYTEKW
CASSIGQGSSYEQYF	YQIGGYTEKW
CASSVGQGARGEQYF	YQIGGYTEKW
CASSGGTGSAYEQYF	YQIGGYTEKW
CASSLYGQGLDSPLHF	YQIGGYTEKW
CASSMGQGLLHEQFF	YQIGGYTEKW
CASSWGVGLNTEAFF	YQIGGYTEKW
CATTFGLGFAYEQYF	YQIGGYTEKW
CASSIGTGLSYEQYF	YQIGGYTEKW
CASSPGQGLGYEQYF	YQIGGYTEKW
CASSMGVGHSYEQYF	YQIGGYTEKW
CASTPGQGFSYEQYF	YQIGGYTEKW
CASSAGTGMIYEQYF	YQIGGYTEKW
CASSLRRWSGGVRDEQFF	YQIGGYTEKW
CASSIGQGLIYEQYF	YQIGGYTEKW
CASSAGTGLAYEQYF	YQIGGYTEKW
CASSSGQGISYEQYF	YQIGGYTEKW
CASSIGLGQSYEQYF	YQIGGYTEKW
CASSIGVGLAGEQFF	YQIGGYTEKW
CASSFAIGPGQPQHF	YQIGGYTEKW
CASSIGAGTAYEQYF	YQIGGYTEKW
CASSSGLGISYEQYF	YQIGGYTEKW
CASSIGLGRIGELFF	YQIGGYTEKW
CASSTGLGASYEQYF	YQIGGYTEKW
CASSLGTGTTYNEQFF	YQIGGYTEKW
CASSIGSGSVFEQFF	YQIGGYTEKW
CASSATWTGYEQYF	YQIGGYTEKW
CASSGGCCGGADFNEQFF	YQIGGYTEKW
CASSIGQGHSYEQYF	YQIGGYTEKW
CASSIGQGASYEQYF	YQIGGYTEKW
CASSPGQGVSGELFF	YQIGGYTEKW
CASSPGTGVLYEQYF	YQIGGYTEKW
CASSIGLGPISYNEQFF	YQIGGYTEKW
CASSPGLGLSDQPQHF	YQIGGYTEKW
CASSIGGGLRYEQFF	YQIGGYTEKW
CASSLGVGLGNEQFF	YQIGGYTEKW
CASSIGVGLSYEQYF	YQIGGYTEKW
CASSRGQGLVFEQFF	YQIGGYTEKW
CASTPGLGSYNEQFF	YQIGGYTEKW
CASSLDLGIPYNEQFF	YQIGGYTEKW
CASTPGLGPVGEQYF	YQIGGYTEKW
CASSLGTGDTYEQYF	YQIGGYTEKW
CASSIGLGQNYEQYF	YQIGGYTEKW
CASSIGQGLANEQFF	YQIGGYTEKW
CASSSGTGNSYEQYF	YQIGGYTEKW
CASSPGQGLNTEAFF	YQIGGYTEKW
CASSQGLGLRNEQFF	YQIGGYTEKW
CATAPGLGLRNEQFF	YQIGGYTEKW
CASSEAGGTYEQYF	YQIGGYTEKW
CASSIGAGITYEQYF	YQIGGYTEKW
CASSIGSGADYEQYF	YQIGGYTEKW
CASSSGQGFSYEQYF	YQIGGYTEKW
CASSPGTGLSYEQYF	YQIGGYTEKW
CASSVGTGLSYEQYF	YQIGGYTEKW
CASSFPGELFF	YQIGGYTEKW
CASSIGQGAVYEQYF	YQIGGYTEKW
CASSIGTGARSANTEAFF	YQIGGYTEKW
CASSVRRGGETGELFF	YQIGGYTEKW
CASSIGIGLSYEQYF	YQIGGYTEKW
CASSIGLGTSSYNEQFF	YQIGGYTEKW
CASSIGAGEIYEQYF	YQIGGYTEKW
CASSIGQGLTYEQYF	YQIGGYTEKW
CASSIGIGLAGVEQFF	YQIGGYTEKW
CASSIGYGDLSYNEQFF	YQIGGYTEKW
CASSIGQGPPGRNEQFF	YQIGGYTEKW
CASSMGLGLSYEQYF	YQIGGYTEKW
CASSMGTGKVYEQYF	YQIGGYTEKW
CASSLGQGTAYEQYF	YQIGGYTEKW
CASSIGLGLLEDNEQFF	YQIGGYTEKW
CASSIGLGIAGELFF	YQIGGYTEKW
CASSIGLGASSYNEQFF	YQIGGYTEKW
CASSIGQGVSYEQYF	YQIGGYTEKW
CASSLGQGVVNEQFF	YQIGGYTEKW
CASSIGQGIAYEQYF	YQIGGYTEKW
CASSPDSYEQYF	YQIGGYTEKW
CASSVGQGRLYEQYF	YQIGGYTEKW
CATATGTGLANEQFF	YQIGGYTEKW
CASSLGQGLGYEQYF	YQIGGYTEKW
CASSSGESPYNEQFF	YQIGGYTEKW
CASSVGTGSIYEQFF	YQIGGYTEKW
CASSLGTGTNYEQYF	YQIGGYTEKW
CASSVGRGHQETQYF	YQIGGYTEKW
CASSIGGGLSYEQYF	YQIGGYTEKW
CSALGGQGLLTRAFF	YQIGGYTEKW
CASSGQGVNNEQFF	YQIGGYTEKW
CASSIGQGVSTEAFF	YQIGGYTEKW
CASSMGQGIRYEQYF	YQIGGYTEKW
CASSLGQGKVYEQYF	YQIGGYTEKW
CASSTGQGISYEQYF	YQIGGYTEKW
CASGLGTGTSYEQYF	YQIGGYTEKW
CASSSILAAGELFF	YQIGGYTEKW
CASSIGAGPGQPQHF	YQIGGYTEKW
CASSGGLGGSYEQYF	YQIGGYTEKW
CASSIGTGGRTEAFF	YQIGGYTEKW
CASSIGSGLSYEQYF	YQIGGYTEKW
CASSIGLGRTYEQFF	YQIGGYTEKW
CASSKGLGITYEQYF	YQIGGYTEKW
CASSIGTGSNQPQHF	YQIGGYTEKW
CASSPGTGWLYEQYF	YQIGGYTEKW
CASSPGQGGSYEQYF	YQIGGYTEKW
CASTRGSGVNQPQHF	YQIGGYTEKW
CASSTGQGIDYEQYF	YQIGGYTEKW
CASTVGQGIDGELFF	YQIGGYTEKW
CASSIGLGAVYEQYF	YQIGGYTEKW
CASSIGQGIAYEQYF	YQIGGYTEKW
CASSMGQGTLYEQYF	YQIGGYTEKW
CASNLGQGLSYEQFF	YQIGGYTEKW
CASSTGQGVIYEQYF	YQIGGYTEKW
CASTSGRGLDTEAFF	YQIGGYTEKW
CASSIGLGPSTGELFF	YQIGGYTEKW
CASSTGAGVIYEQYF	YQIGGYTEKW
CASSIGTGLSYEQYF	YQIGGYTEKW
CASAEGQGYSYEQYF	YQIGGYTEKW
CASSIGQGLAYEQYF	YQIGGYTEKW
CATPGHYNEQFF	YQIGGYTEKW
CASSEGQGLAYEQYF	YQIGGYTEKW
CASSWGQGLSYEQYF	YQIGGYTEKW
CASSIGLGINNEQFF	YQIGGYTEKW
CASSEGTGLTYEQYF	YQIGGYTEKW
CASSIGAGLGHEQFF	YQIGGYTEKW
CASSLGQGVIYEQYF	YQIGGYTEKW
CASSLERTGHSPSPLHF	YQIGGYTEKW
CASSQEEGDLMNTEAFF	YQIGGYTEKW
CASSYGQGVGSKNIQYF	YQIGGYTEKW
CASSLGQGLVHEQYF	YQIGGYTEKW
CASSYRDRNIQYF	YQIGGYTEKW
CASSIGQGLSGELFF	YQIGGYTEKW
CASSTGTGIAYEQYF	YQIGGYTEKW
CASSPGTGLASEAFF	YQIGGYTEKW
CASSHGTGLSYEQYF	YQIGGYTEKW
CASTPGVGVAYEQYF	YQIGGYTEKW
CASSIATGMDGELFF	YQIGGYTEKW
CASAPGQGFSYEQYF	YQIGGYTEKW
CASSIGMGITGELFF	YQIGGYTEKW
CASSIGQGAVYEQYF	YQIGGYTEKW
CASSIGLAGAEQYF	YQIGGYTEKW
CASSIGIGDSGANVLTF	YQIGGYTEKW
CAWSVTGTEQYF	YQIGGYTEKW
CASSLGLGVTYEQYF	YQIGGYTEKW
CASSIGTGMAGELFF	YQIGGYTEKW
CASSLGQGRGYEQYF	YQIGGYTEKW
CASSLGQGSPGANVLTF	YQIGGYTEKW
CASTKGQGLDGELFF	YQIGGYTEKW
CASSIGLGVVNEQFF	YQIGGYTEKW
CASSIGLGSYNEQFF	YQIGGYTEKW
CASSSSLTGRAASQETQYF	YQIGGYTEKW
CASSIGQGVNQPQHF	YQIGGYTEKW
CASSIGLGIVSYNEQFF	YQIGGYTEKW
CAWSEINTEAFF	YQIGGYTEKW
CASSQGQGILYEQYF	YQIGGYTEKW
CASSIGMGSSYEQYF	YQIGGYTEKW
CASSIGQGMGYEQYF	YQIGGYTEKW
CASSPGTGLAYEQYF	YQIGGYTEKW
CASSFLGTNTGELFF	YQIGGYTEKW
CASSIGAGLSHEQFF	YQIGGYTEKW
CASSTGQGLSYEQYF	YQIGGYTEKW
CASSRGVGTVSYNEQFF	YQIGGYTEKW
CASSPGQGMAYEQYF	YQIGGYTEKW
CASTPGLGMRHEQYF	YQIGGYTEKW
CASSNGQGVSYEQYF	YQIGGYTEKW
CASSIGTGVTGELFF	YQIGGYTEKW
CASSKGLGAVYEQYF	YQIGGYTEKW
CASSGGQGLSYEQYF	YQIGGYTEKW
CASSGGQGPNQPQHF	YQIGGYTEKW
CASSIALGPDPGEQFF	YQIGGYTEKW
CASSLGQGVRYEQFF	YQIGGYTEKW
CASTTGQGIVGTEAFF	YQIGGYTEKW
CASSGGLGWSYEQYF	YQIGGYTEKW
CASSIGLGFAGELFF	YQIGGYTEKW
CASSTGQGVKYEQYF	YQIGGYTEKW
CASSVGTGEVNEQFF	YQIGGYTEKW
CASSSGQGLSYEQYF	YQIGGYTEKW
CASSVGTGVSYEQYF	YQIGGYTEKW
CASSKGQGVDYEQYF	YQIGGYTEKW
CASSLGIGTAKSYEQYF	YQIGGYTEKW
CSARDLQDSYEQYF	YQIGGYTEKW
CASSIGLGRNYEQYF	YQIGGYTEKW
CASSLGQGLDTEAFF	YQIGGYTEKW
CASNPGLSPYNTQYF	YQIGGYTEKW
CASSIGQGNSYEQYF	YQIGGYTEKW
CASSMGQGFVYEQYF	YQIGGYTEKW
CASSLTGVYTEAFF	YQIGGYTEKW
CASTVGTGLNAEAFF	YQIGGYTEKW
CASSPGQGLSYEQYF	YQIGGYTEKW
CASSMGQGVSYEQYF	YQIGGYTEKW
CASNSGTYDSNQPQHF	YQIGGYTEKW
CASSLGQGLTYEQYF	YQIGGYTEKW
CASSIGQGWANEQFF	YQIGGYTEKW
CASSIGLGTDYEQYF	YQIGGYTEKW
CASSIGQGMTYEQYF	YQIGGYTEKW
CASTTGQGRIYEQYF	YQIGGYTEKW
CASRTTDKLEAFF	YQIGGYTEKW
CATTTGTGFTDTQYF	YQIGGYTEKW
CASSPGTGIAYEQYF	YQIGGYTEKW
CASSIGQGLSYEQYF	YQIGGYTEKW
CSARDSPGMAPSSYNEQFF	YQIGGYTEKW
CASSKGQGQNYEQYF	YQIGGYTEKW
CASSLLAATDTQYF	YQIGGYTEKW
CASSGTDTQYF	YQIGGYTEKW
CASSIGVGRAYEQYF	YQIGGYTEKW
CASSLGTGLSYEQYF	YQIGGYTEKW
CASSKAQRDRGFLAKNIQYF	YQIGGYTEKW
CAWSVLGDEAFF	YQIGGYTEKW
CASSIGQGHSYEQYF	YQIGGYTEKW
CASSPGQGVMYEQYF	YQIGGYTEKW
CASTEGTGINYEQYF	YQIGGYTEKW
CASSIGTGEPGELFF	YQIGGYTEKW
CASTPGQGLTYEQYF	YQIGGYTEKW
CASSMGQGIPAEQFF	YQIGGYTEKW
CASSPIAGGTHFVEQFF	YQIGGYTEKW
CASSSGTGYRYEQYF	YQIGGYTEKW
CASSIGQGLSGELFF	YQIGGYTEKW
CASSVGTGLTYEQYF	YQIGGYTEKW
CASSMGTGLDTEAFF	YQIGGYTEKW
CASSTGTGHRYEQYF	YQIGGYTEKW
CASETGTGTPNEQFF	YQIGGYTEKW
CASSLVGFETQYF	YQIGGYTEKW
CASTPGVGSYNEQFF	YQIGGYTEKW
CASNLGVGLEFEQFF	YQIGGYTEKW
CASSIGLGAYNEQFF	YQIGGYTEKW
CASSFPMGEAFF	YQIGGYTEKW
CASSIGQGPSSYNEQFF	YQIGGYTEKW
CASSIGQGQAYEQYF	YQIGGYTEKW
CASSIGTGLAYEQYF	YQIGGYTEKW
CASTPGRGLNTEAFF	YQIGGYTEKW
CASTTSPTPNTEAFF	YQIGGYTEKW
CASSIGSGAIYEQYF	YQIGGYTEKW
CASSTGQGLSYEQYF	YQIGGYTEKW
CASSIGGGLRYEQYF	YQIGGYTEKW
CASSMGRGTSYEQYF	YQIGGYTEKW
CASTTGTGLMDEQFF	YQIGGYTEKW
CASSLGQGLNTEAFF	YQIGGYTEKW
CASSIGTGLSYEQYF	YQIGGYTEKW
CASSIGTGTNQPQHF	YQIGGYTEKW
CASSTGQGLVYEQYF	YQIGGYTEKW
CASSIGTGPNQPQHF	YQIGGYTEKW
CASSLGQGLSYEQYF	YQIGGYTEKW
CASSIGQGIPETQYF	YQIGGYTEKW
CASSIGQGISYEQYF	YQIGGYTEKW
CASSIGLGGASEQFF	YQIGGYTEKW
CASSAGQGILYEQYF	YQIGGYTEKW
CASSIGTGNRYEQYF	YQIGGYTEKW
CASSYGTGVPYEQYF	YQIGGYTEKW
CASALGQGFKGEQYF	YQIGGYTEKW
CASSIGQGVSSYNEQFF	YQIGGYTEKW
CSAMPYGLAGGGSYNEQFF	YQIGGYTEKW
CASSIGGGLSHEQFF	YQIGGYTEKW
CASSIGSGQDYGYTF	YQIGGYTEKW
CASSTGAGTAYEQYF	YQIGGYTEKW
CASSKRGGTDTQYF	YQIGGYTEKW
CASSLGTGMTDTQYF	YQIGGYTEKW
CASSIGTGAPGELFF	YQIGGYTEKW
CASSMGQGLDYEQYF	YQIGGYTEKW
CASSGGTGLLYEQYF	YQIGGYTEKW
CASSEGLGPYNEQFF	YQIGGYTEKW
CASSLGQGIINEQFF	YQIGGYTEKW
CASSSGTGLSYEQYF	YQIGGYTEKW
CASNHGLGEAYEQYF	YQIGGYTEKW
CASSVGQGLTYEQYF	YQIGGYTEKW
CASSIGQGVSYEQYF	YQIGGYTEKW
CAAAKGVGLNTEAFF	YQIGGYTEKW
CASSEGTGLSYEQYF	YQIGGYTEKW
CASSIGIGLAGAYEQYF	YQIGGYTEKW
CASSIGLGSSYEQYF	YQIGGYTEKW
CASSIGQGQSYEQYF	YQIGGYTEKW
CASSIGIGPSSYNEQFF	YQIGGYTEKW
CASSLGQGFSYEQYF	YQIGGYTEKW
CASSHGTGIRYEQYF	YQIGGYTEKW
CAWSGATGVVYEQYF	YQIGGYTEKW
CASSIGVGASSYEQYF	YQIGGYTEKW
CASSIGVGTGWRNEQFF	YQIGGYTEKW
CASAPGQGISYEQYF	YQIGGYTEKW
CASSPGTGVSYEQYF	YQIGGYTEKW
CASSIGQGLANEQFF	YQIGGYTEKW
CASSTLTGGIETQYF	YQIGGYTEKW
CASSIAAGGNTEAFF	YQIGGYTEKW
CASSLGQGLSYEQYF	YQIGGYTEKW
CASSLGSGYSYEQYF	YQIGGYTEKW
CASSLRTGYTEAFF	YQIGGYTEKW
CASSMGQGVAYEQYF	YQIGGYTEKW
CASSIGIGLAYEQYF	YQIGGYTEKW
CASTLGAGLSTEAFF	YQIGGYTEKW
CASSLGQGLANEQFF	YQIGGYTEKW
CASSIGLGRTYEQYF	YQIGGYTEKW
CSVVSPKLEQFF	YQIGGYTEKW
CSARDWSGRFGDEQFF	YQIGGYTEKW
CATSLGTGLTDTQYF	YQIGGYTEKW
CASSIGTGTSYEQYF	YQIGGYTEKW
CASTPGLGRNDYEQYF	YQIGGYTEKW
CASSIGAGVPDTQYF	YQIGGYTEKW
CASSLGQGASYEQYF	YQIGGYTEKW
CASSIGQGWDYEQYF	YQIGGYTEKW
CAWSILGNEQFF	YQIGGYTEKW
CASSLGQGLSNQPQHF	YQIGGYTEKW
CASSTGTGWAYEQYF	YQIGGYTEKW
CASSLGQGASYEQYF	YQIGGYTEKW
CASSFPPSGNSYEQYF	YQIGGYTEKW
CASSPSGSRITQYF	YQIGGYTEKW
CASSIGQGLNTEAFF	YQIGGYTEKW
CASSLGAGLKYEQYF	YQIGGYTEKW
CASTDRVHGELFF	YQIGGYTEKW
CASSKGQGLSYEQYF	YQIGGYTEKW
CASSIGVGPSIYNEQFF	YQIGGYTEKW
CASSIGVGLSNEQFF	YQIGGYTEKW
CASSIGEGPISYNEQFF	YQIGGYTEKW
CASSLGLGLAGELFF	YQIGGYTEKW
CASSTGLGLAYEQYF	YQIGGYTEKW
CASSLGQGEIGELFF	YQIGGYTEKW
CASAIGLGISGELFF	YQIGGYTEKW
CASSLGQGVLYEQYF	YQIGGYTEKW
CASSLNGALEQYF	YQIGGYTEKW
CASSPGLGMLSEQYF	YQIGGYTEKW
CASNAGLTLPGRFF	YQIGGYTEKW
CASSPGQGVLHEQFF	YQIGGYTEKW
CASSPGQGVSYEQYF	YQIGGYTEKW
CASSAGQGLSYEQYF	YQIGGYTEKW
CASSRGQGANQPQHF	YQIGGYTEKW
CASSIGQGTTYEQYF	YQIGGYTEKW
CASSTGTGLSYEQYF	YQIGGYTEKW
CASSVGQGLSGELFF	YQIGGYTEKW
CASSMGQGLSYEQYF	YQIGGYTEKW
CASSIGTGMSNEQFF	YQIGGYTEKW
CASSLGTGNSYEQYF	YQIGGYTEKW
CASSSGIGRSYEQYF	YQIGGYTEKW
CASSIGAGLLYEQYF	YQIGGYTEKW
CASSTGTGISYEQYF	YQIGGYTEKW
CASSLGQGGSYEQYF	YQIGGYTEKW
CASTIGTGVDYEQYF	YQIGGYTEKW
CASSFGQGLSYEQYF	YQIGGYTEKW
CASSIGQGLTGELFF	YQIGGYTEKW
CASSIGTGESYEQYF	YQIGGYTEKW
CASQQGLTGANVLTF	YQIGGYTEKW
CASSMGTGASYEQYF	YQIGGYTEKW
CASSVGQGKAYEQYF	YQIGGYTEKW
CASSIGLGQENEQYF	YQIGGYTEKW
CASSPGTGESYEQYF	YQIGGYTEKW
CASSIGMGLAGELFF	YQIGGYTEKW
CASTTGTGVPDTQYF	YQIGGYTEKW
CASSIGTGLSGANVLTF	YQIGGYTEKW
CASSIGQGFSYEQYF	YQIGGYTEKW
CASSTGRGLSYEQYF	YQIGGYTEKW
CASSPGTGFSYEQYF	YQIGGYTEKW
CASSIGTGLIYEQYF	YQIGGYTEKW
CASSIGTGVSYEQYF	YQIGGYTEKW
CASSMGQGLDYEQYF	YQIGGYTEKW
CASSTGTGLNTEAFF	YQIGGYTEKW
CASDRRQETQYF	YQIGGYTEKW
CASSLGQGSEYEQYF	YQIGGYTEKW
CASSMGMGLRLEQYF	YQIGGYTEKW
CASSTGLGLDHEQYF	YQIGGYTEKW
CASSVGQGNSYEQYF	YQIGGYTEKW
CASSFLTSESYQETQYF	YQIGGYTEKW
CASSIGQGVAYEQYF	YQIGGYTEKW
CASSIGQGLMETQYF	YQIGGYTEKW
CASSIGIGTGAYNEQFF	YQIGGYTEKW
CASSIGTGVPGELFF	YQIGGYTEKW
CASSEGQGHTYEQYF	YQIGGYTEKW
CASSKARDRSRMGYTF	YQIGGYTEKW
CASSMGQGLSYEQYF	YQIGGYTEKW
CASSEWIGGTGETQYF	YQIGGYTEKW
CASSIGVGISNEQFF	YQIGGYTEKW
CASSIGSGGSYEQYF	YQIGGYTEKW
CASSFDYAREQFF	YQIGGYTEKW
CASSPQGGTSGVNTGELFF	YQIGGYTEKW
CASSSGQGAGYIQYF	YQIGGYTEKW
CASSLVDESYNEQFF	YQIGGYTEKW
CASSVGTGIAGELFF	YQIGGYTEKW
CASSIGTGIKYEQYF	YQIGGYTEKW
CASSVGLGLSNEQFF	YQIGGYTEKW
CASSIGTGGNYEQYF	YQIGGYTEKW
CASSLWDIDRAKNIQYF	YQIGGYTEKW
CASSMGRGLSYEQYF	YQIGGYTEKW
CASSLGQGARYEQYF	YQIGGYTEKW
CASTLGSGLSYEQYF	YQIGGYTEKW
CASSIGVGLDTEAFF	YQIGGYTEKW
CASSLGQGENYEQYF	YQIGGYTEKW
CASSIGLGLNTEAFF	YQIGGYTEKW
CASSIGTGLGHEQFF	YQIGGYTEKW
CASSIGTGVTGELFF	YQIGGYTEKW
CASSIGQGYSYEQYF	YQIGGYTEKW
CASSTINSGGYNEQFF	YQIGGYTEKW
CASSVEGYNEQFF	YQIGGYTEKW
CASSLGQGPSKYNEQFF	YQIGGYTEKW
CASTQGVGLMDEQFF	YQIGGYTEKW
CASSTGQGLSYEQYF	YQIGGYTEKW
CASSIGLGLNNQPQHF	YQIGGYTEKW
CASAFGQGLSYEQYF	YQIGGYTEKW
CASSIGQGEEYEQFF	YQIGGYTEKW
CASSIGLGPANYNEQFF	YQIGGYTEKW
CASSIGLGIDYEQYF	YQIGGYTEKW
CASSPGQGLRGEQYF	YQIGGYTEKW
CASSIGLGQPQPQHF	YQIGGYTEKW
CASSIGQGKAYEQYF	YQIGGYTEKW
CASSIGLGLAYEQYF	YQIGGYTEKW
CASSIGQGVNYEQYF	YQIGGYTEKW
CASSIGQGQAYEQYF	YQIGGYTEKW
CASSDGLGMSYEQYF	YQIGGYTEKW
CASSIGLGYGGELFF	YQIGGYTEKW
CASSIGVGYSYEQYF	YQIGGYTEKW
CASSIGLGVSSYNEQFF	YQIGGYTEKW
CASSTGQGMAGELFF	YQIGGYTEKW
CASSNGLGPSSYNEQFF	YQIGGYTEKW
CASSRGQGTLHEQFF	YQIGGYTEKW
CASSFGQGSSYEQYF	YQIGGYTEKW
CASSIGQGFLIEQFF	YQIGGYTEKW
CASSTGQGVTYEQFF	YQIGGYTEKW
CASSVGQGLVNEQFF	YQIGGYTEKW
CASSTGLGLAGELFF	YQIGGYTEKW
CASSMGTGVSYEQYF	YQIGGYTEKW
CASSSFGQGLEKLFF	YQIGGYTEKW
CASSIGGGLSYEQYF	YQIGGYTEKW
CASSIGTGFGYEQYF	YQIGGYTEKW
CASSIGQGISYEQYF	YQIGGYTEKW
CSAHRQGEVGNQPQHF	YQIGGYTEKW
CASSPGTGLRYEQYF	YQIGGYTEKW
CASSIGQGYNQPQHF	YQIGGYTEKW
CASSPGTGGGQPQHF	YQIGGYTEKW
CASSYSTGTPGAGELFF	YQIGGYTEKW
CASSIGLGDSYEQYF	YQIGGYTEKW
CASTPGLGLLNEQFF	YQIGGYTEKW
CASSMGLGIGQPQHF	YQIGGYTEKW
CASSIGQGASYEQYF	YQIGGYTEKW
CASSIGQGGNQPQHF	YQIGGYTEKW
CASSIGSGPSSYNEQFF	YQIGGYTEKW
CASSIGVGVHNEQFF	YQIGGYTEKW
CASSIGTGTPHDEQFF	YQIGGYTEKW
CASSIGAGAEGYEQYF	YQIGGYTEKW
CASHQGTGVGGELFF	YQIGGYTEKW
CASSIGTGLNTEAFF	YQIGGYTEKW
CASSIGLGQGYEQYF	YQIGGYTEKW
CASSIGQGHNQPQHF	YQIGGYTEKW
CAWTVFGHEQFF	YQIGGYTEKW
CASSLGQTYEQYF	YQIGGYTEKW
CASSPGQGQAYEQYF	YQIGGYTEKW
CASSIGLGSSGDHNEQFF	YQIGGYTEKW
CASSPGLGSPGELFF	YQIGGYTEKW
CASSPQRGPEDTQYF	YQIGGYTEKW
CASSTHNKGLAGPYQETQYF	YQIGGYTEKW
CASSIGSGFAYEQYF	YQIGGYTEKW
CASSIGSGNSYEQYF	YQIGGYTEKW
CASNRGTGVVDTQYF	YQIGGYTEKW
CASSIGQGVSYEQYF	YQIGGYTEKW
CASSLGRGLSYEQYF	YQIGGYTEKW
CASSSLGGRFSYEQYF	YQIGGYTEKW
CASSIGQGMRNEQFF	YQIGGYTEKW
CASSLGVGSGGNQPQHF	YQIGGYTEKW
CASSLPLDTNTEAFF	YQIGGYTEKW
CASSIGQGISYEQYF	YQIGGYTEKW
CASSKGQGLSYEQYF	YQIGGYTEKW
CASSKGQGISYEQFF	YQIGGYTEKW
CASSTGTGLSYEQYF	YQIGGYTEKW
CASSIGAGQVYEQYF	YQIGGYTEKW
CASSIGQGISYEQYF	YQIGGYTEKW
CASSMGQGISYEQYF	YQIGGYTEKW
CASSPGQGLTYEQYF	YQIGGYTEKW
CASSTGQGMIYEQYF	YQIGGYTEKW
CASSQGWGFEAFF	YQIGGYTEKW
CASSIGVGLNTEAFF	YQIGGYTEKW
CASSIGTGTSYEQYF	YQIGGYTEKW
CASSDGTGLAHEQYF	YQIGGYTEKW
CASGLGTGLSYEQYF	YQIGGYTEKW
CASSLGTGLDTEAFF	YQIGGYTEKW
CASSTGTGMYYEQYF	YQIGGYTEKW
CASSIGQGLNNQPQHF	YQIGGYTEKW
CASSIGQGFSYEQYF	YQIGGYTEKW
CASSIGLGQGHEQFF	YQIGGYTEKW
CASSIGSGSVYEQYF	YQIGGYTEKW
CASSQTAGGLRVQYF	YQIGGYTEKW
CASSIGQGVSYEQYF	YQIGGYTEKW
CASSQRQGNYGYTF	YQIGGYTEKW
CASSIGQGVNTEAFF	YQIGGYTEKW
CASTPGSGLATYNEQFF	YQIGGYTEKW
CASTLGTSGYNEQFF	YQIGGYTEKW
CASTLGAGIMYEQFF	YQIGGYTEKW
CASSIGTGLTYEQYF	YQIGGYTEKW
CASILYPTDTQYF	YQIGGYTEKW
CASTTGRGLSYEQYF	YQIGGYTEKW
CASSMGVGSGNTIYF	YQIGGYTEKW
CASSPGTGLSYEQYF	YQIGGYTEKW
CASESGFGTDTQYF	YQIGGYTEKW
CASSIGTGSLNEQFF	YQIGGYTEKW
CASSVGTGTSGELFF	YQIGGYTEKW
CASTPGQGLQETQYF	YQIGGYTEKW
CASSVGTGQAGELFF	YQIGGYTEKW
CASSLGDATYEQYF	YQIGGYTEKW
CSPDSSPLHF	YQIGGYTEKW
CASSSGQGLTYEQYF	YQIGGYTEKW
CASGLGQGSSYEQYF	YQIGGYTEKW
CASSRGQGLSYEQYF	YQIGGYTEKW
CASSKGTGVFYEQYF	YQIGGYTEKW
CASSVGQGMQETQYF	YQIGGYTEKW
CASSVGTGVVYEQYF	YQIGGYTEKW
CASSLGTGVTDTQYF	YQIGGYTEKW
CASAGGVGLAYEQYF	YQIGGYTEKW
CASSPRAGHSNQPQHF	YQIGGYTEKW
CASSIGLGLGDTQYF	YQIGGYTEKW
CASSPGTGRAYEQYF	YQIGGYTEKW
CASSQGQGLVVEQYF	YQIGGYTEKW
CASSIGTGLGNEQFF	YQIGGYTEKW
CASINETRSYNEQFF	YQIGGYTEKW
CASSIGTGMIYEQYF	YQIGGYTEKW
CASSIGTGISYEQYF	YQIGGYTEKW
CASSIGTGLLNEQFF	YQIGGYTEKW
CASRVTDEQYF	YQIGGYTEKW
CASSIGQGAVSYNEQFF	YQIGGYTEKW
CASSPGTGPISYNEQFF	YQIGGYTEKW
CASSIGQGIRVEQFF	YQIGGYTEKW
CASSIGLGTGASYEQYF	YQIGGYTEKW
CASSRGTGTDYEQYF	YQIGGYTEKW
CASSAGTGSLYEQFF	YQIGGYTEKW
CASSTGQGFSYEQYF	YQIGGYTEKW
CASSIGSGISYEQYF	YQIGGYTEKW
CASSYLQGPGEQFF	YQIGGYTEKW
CASSMGLGYAGELFF	YQIGGYTEKW
CASSPGLGVKNIQYF	YQIGGYTEKW
CASSPLNSGANVLTF	YQIGGYTEKW
CASSLGLGLTGELFF	YQIGGYTEKW
CASSFGTGLNTEAFF	YQIGGYTEKW
CASSPGQGLSYEQYF	YQIGGYTEKW
CASSIGQGLDNEQFF	YQIGGYTEKW
CASSIGVGAVSHNEQFF	YQIGGYTEKW
CASSIGTGFGNEQFF	YQIGGYTEKW
CASSIGLGEPDTQYF	YQIGGYTEKW
CASSIGSGAVYEQYF	YQIGGYTEKW
CASSIGMGQGVEQYF	YQIGGYTEKW
CASSIGTGQTYEQYF	YQIGGYTEKW
CASSIGSGTSYEQYF	YQIGGYTEKW
CATSDSLAYNEQFF	YQIGGYTEKW
CASSWGLAGADTQYF	YQIGGYTEKW
CASSIGTGLGTEAFF	YQIGGYTEKW
CASSGGTGFDYEQYF	YQIGGYTEKW
CASSPGTGPIPNYGYTF	YQIGGYTEKW
CASSLGQGQSYEQYF	YQIGGYTEKW
CASSIGLGLALYNEQFF	YQIGGYTEKW
CASSSGTGFDYEQYF	YQIGGYTEKW
CASSMGQGVSYEQYF	YQIGGYTEKW
CASSPGQAGTGELFF	YQIGGYTEKW
CASSIGQGVDYEQYF	YQIGGYTEKW
CASSIGLGVTDTQYF	YQIGGYTEKW
CASSIGQGLNTEAFF	YQIGGYTEKW
CASSIGTGNSYEQYF	YQIGGYTEKW
CASSTGLGIAYEQYF	YQIGGYTEKW
CASSFSGGSDTQYF	YQIGGYTEKW
CASSIAQGAYEQYF	YQIGGYTEKW
CASSEGRSSYNEQFF	YQIGGYTEKW
CASSIGQGNSYEQYF	YQIGGYTEKW
CASSLSDYPFYEQYF	YQIGGYTEKW
CASSSGTGVSYEQYF	YQIGGYTEKW
CASSLSGTRVSGNTIYF	YQIGGYTEKW
CASSIGLGLSYEQYF	YQIGGYTEKW
CASSTYNEQFF	YQIGGYTEKW
CASSIGTGLATEAFF	YQIGGYTEKW
CASSIGQGNTYEQYF	YQIGGYTEKW
CASSMGTGVVGELFF	YQIGGYTEKW
CAISASLQETQYF	YQIGGYTEKW
CASSIGQGVNQPQHF	YQIGGYTEKW
CASTQGLGPSSYNEQFF	YQIGGYTEKW
CASSIGLGLPSRYTF	YQIGGYTEKW
CASSAGLGASYNEQFF	YQIGGYTEKW
CASSWGTGLLTEAFF	YQIGGYTEKW
CASSIGQGLAYEQYF	YQIGGYTEKW
CASSIGVGVENVQFF	YQIGGYTEKW
CASSLGQGRIYEQYF	YQIGGYTEKW
CASSLGQGIGYEQYF	YQIGGYTEKW
CASSIGRGLSYEQYF	YQIGGYTEKW
CASSPGQGRLYEQYF	YQIGGYTEKW
CASSIGVGLYNEQFF	YQIGGYTEKW
CASSIGQGIGYEQYF	YQIGGYTEKW
CASSIATGLAGEQYF	YQIGGYTEKW
CASSIGTGMSYEQYF	YQIGGYTEKW
CASRDLTRPQETQYF	YQIGGYTEKW
CASSTGTGLIDEQFF	YQIGGYTEKW
CASSFGQGLHYEQYF	YQIGGYTEKW
CASTLGTGFTGELFF	YQIGGYTEKW
CASSSGTGNTEAFF	YQIGGYTEKW
CASSIGVGLGNEQFF	YQIGGYTEKW
CASSMGQGLSGTQYF	YQIGGYTEKW
CASSIGTGSNQPQHF	YQIGGYTEKW
CASSIGQGMIYEQYF	YQIGGYTEKW
CASSFDPPGGSFSYEQYF	YQIGGYTEKW
CASSPGQGVRYEQFF	YQIGGYTEKW
CASSIGLGWANEQFF	YQIGGYTEKW
CASSIGSGISYEQYF	YQIGGYTEKW
CASSHPDYEQYF	YQIGGYTEKW
CASSMGQGVRNEQFF	YQIGGYTEKW
CASSIGTGSSYEQYF	YQIGGYTEKW
CASSTGQGISYEQYF	YQIGGYTEKW
CASSIGVGSSNQPQHF	YQIGGYTEKW
CASSPGTGMDTEAFF	YQIGGYTEKW
CASSRGLGLIYEQYF	YQIGGYTEKW
CASSIGQGSVYEQYF	YQIGGYTEKW
CASSPGTGYSYEQYF	YQIGGYTEKW
CASSIGQGIAYEQYF	YQIGGYTEKW
CATTPGQGVSTEAFF	YQIGGYTEKW
CASTLGTGDSGANVLTF	YQIGGYTEKW
CASSIGVGLDNEQFF	YQIGGYTEKW
CASSMGQGENYEQYF	YQIGGYTEKW
CASALGSGRINEQFF	YQIGGYTEKW
CASTLDGPLSYEQYF	YQIGGYTEKW
CASSLGQGEAYEQYF	YQIGGYTEKW
CSAAWNTEAFF	YQIGGYTEKW
CATSPTGGSYNEQFF	YQIGGYTEKW
CASSMGLGHSYEQYF	YQIGGYTEKW
CASSIDLAGGGYEQYF	YQIGGYTEKW
CASSKGQGVSYEQYF	YQIGGYTEKW
CASSIGQGARHEQYF	YQIGGYTEKW
CASSLGLGLASYNEQFF	YQIGGYTEKW
CASSPGQGLSYEQYF	YQIGGYTEKW
CASSIGAGISYEQYF	YQIGGYTEKW
CASSIGTGIPNEQFF	YQIGGYTEKW
CASSPGTGWAYEQYF	YQIGGYTEKW
CASSLGQGLENEQFF	YQIGGYTEKW
CASSIGQGSSYEQYF	YQIGGYTEKW
CASSLGQGLINEQFF	YQIGGYTEKW
CASSIGQGATYEQYF	YQIGGYTEKW
CASSIGTGPVGELFF	YQIGGYTEKW
CASSTGTGLLNEQFF	YQIGGYTEKW
CASSIGQGKRYEQFF	YQIGGYTEKW
CASSIGAGMADEQFF	YQIGGYTEKW
CAWSVGQYTGELFF	YQIGGYTEKW
CSVERAAGTSGYEQYF	YQIGGYTEKW
CASSKGLGIGTEAFF	YQIGGYTEKW
CSARSGTSYEQYF	YQIGGYTEKW
CASSIGTGSTYEQYF	YQIGGYTEKW
CASSAGQGVTYEQYF	YQIGGYTEKW
CASALGQGLSNEQFF	YQIGGYTEKW
CASSIGLGRTDTQYF	YQIGGYTEKW
CASSVGQGKSYEQYF	YQIGGYTEKW
CASSIGTGEGYEQYF	YQIGGYTEKW
CASSLWATGELFF	YQIGGYTEKW
CASSIGQGLGGEQFF	YQIGGYTEKW
CASSIGAGLAGLEQFF	YQIGGYTEKW
CASSIGQGTLYEQYF	YQIGGYTEKW
CASSAGQGFSYEQYF	YQIGGYTEKW
CASSMGSGTSFEQYF	YQIGGYTEKW
CASSIGQGASYEQYF	YQIGGYTEKW
CASSIGQGLTYEQYF	YQIGGYTEKW
CASSPGLGYSYEQYF	YQIGGYTEKW
CASSLGQGISYEQYF	YQIGGYTEKW
CASSFSIGGEATQYF	YQIGGYTEKW
CASSIAQGISYEQYF	YQIGGYTEKW
CASSMGLGTGPSYEQYF	YQIGGYTEKW
CASSLGQGISYEQYF	YQIGGYTEKW
CASSIGLGPSYEQYF	YQIGGYTEKW
CASSVGQGVAYEQYF	YQIGGYTEKW
CASSIGLGLAGEQFF	YQIGGYTEKW
CASSIGAGLDYEQYF	YQIGGYTEKW
CASSIGRGLEYEQFF	YQIGGYTEKW
CASSMGQGLSYEQYF	YQIGGYTEKW
CASSAGQGLLYEQYF	YQIGGYTEKW
CASSTGQGLLYEQYF	YQIGGYTEKW
CASSIGAGVAYEQYF	YQIGGYTEKW
CASSDPYYRVEQFF	YQIGGYTEKW
CASSFGQGESYEQYF	YQIGGYTEKW
CASSPGQGSLYEQYF	YQIGGYTEKW
CASSIGQGMSYEQYF	YQIGGYTEKW
CASSIGVGLALTYNEQFF	YQIGGYTEKW
CASSIGSGSSYEQYF	YQIGGYTEKW
CASSLSYGTGIYTDTQYF	YQIGGYTEKW
CASSLGTGEGGQPQHF	YQIGGYTEKW
CASSVGQGLAYEQYF	YQIGGYTEKW
CASSWVGTGTYEQYF	YQIGGYTEKW
CASSMGLGRSYEQFF	YQIGGYTEKW
CASQVMTDSTEAFF	YQIGGYTEKW
CASSIGLGLSYEQYF	YQIGGYTEKW
CASSIGEGLGTEAFF	YQIGGYTEKW
CASSLGQGLSYEQYF	YQIGGYTEKW
CASSTGTGLDSEQFF	YQIGGYTEKW
CASSMGQGWDYEQYF	YQIGGYTEKW
CASSIGRGPNQPQHF	YQIGGYTEKW
CASSIGQGTSYEQYF	YQIGGYTEKW
CASSVGTGQSYEQYF	YQIGGYTEKW
CASSIGSGRAYEQYF	YQIGGYTEKW
CASSPGVGASSYNEQFF	YQIGGYTEKW
CASSIGVGVHQPQHF	YQIGGYTEKW
CASSAGQGILYEQYF	YQIGGYTEKW
CASTLGLGTNGEQFF	YQIGGYTEKW
CASSMGQGMNTEAFF	YQIGGYTEKW
CASSMGSGLIYEQYF	YQIGGYTEKW
CASSIGQGLDQPQHF	YQIGGYTEKW
CASSSGTGYSYEQYF	YQIGGYTEKW
CASSIGTGSSGANVLTF	YQIGGYTEKW
CASSIGQGVSYEQYF	YQIGGYTEKW
CASSSGQGVNTEAFF	YQIGGYTEKW
CASSIGQGPNQPQHF	YQIGGYTEKW
CASTLGTGLAGELFF	YQIGGYTEKW
CASSIGQGLINEQFF	YQIGGYTEKW
CASSIGLGSNNEQFF	YQIGGYTEKW
CASSIGVGVTYEQYF	YQIGGYTEKW
CASSIGTGHSGANVLTF	YQIGGYTEKW
CASSIGQGSSYEQYF	YQIGGYTEKW
CASSIGTGESSYNEQFF	YQIGGYTEKW
CASSPMDRPIGTDTQYF	YQIGGYTEKW
CASSSGQGLVYEQYF	YQIGGYTEKW
CASSMGSGRAYEQYF	YQIGGYTEKW
CASSIGQGTAYEQYF	YQIGGYTEKW
CASSIGQGVSYEQYF	YQIGGYTEKW
CASSPGTGQSYEQYF	YQIGGYTEKW
CASSIGAGLPSYNEQFF	YQIGGYTEKW
CASSTGQGVAYEQYF	YQIGGYTEKW
CASSLGLSPTEAFF	YQIGGYTEKW
CSVEDRGGGPHIQYF	YQIGGYTEKW
CASSIGTGLIYEQYF	YQIGGYTEKW
CASSIGRGLANEQFF	YQIGGYTEKW
CASSIGQGTSYEQYF	YQIGGYTEKW
CASSSGTGLAYEQYF	YQIGGYTEKW
CASTAGTGLAYEQYF	YQIGGYTEKW
CASSIGQGDVYEQYF	YQIGGYTEKW
CASSTGTGSSYEQYF	YQIGGYTEKW
CASSIGIGGSYEQYF	YQIGGYTEKW
CATSTGQGFSYEQYF	YQIGGYTEKW
CASSIGTGNSYEQYF	YQIGGYTEKW
CASSIGRGVSYEQYF	YQIGGYTEKW
CASSLGGAGDYGYTF	YQIGGYTEKW
CASSIGQGYSYEQYF	YQIGGYTEKW
CASGRNSEQYF	YQIGGYTEKW
CASSTGQGVVYEQFF	YQIGGYTEKW
CASSIGEGISYEQYF	YQIGGYTEKW
CASSIGQGIMYEQYF	YQIGGYTEKW
CASSMGAGLSYEQYF	YQIGGYTEKW
CASSTGTGNSYEQYF	YQIGGYTEKW
CASSLWAGGPSNEQFF	YQIGGYTEKW
CASSTGQGLNTEAFF	YQIGGYTEKW
CASSLGSGQSYEQYF	YQIGGYTEKW
CASSIGTGQSYEQYF	YQIGGYTEKW
CASTPGLGQSYEQYF	YQIGGYTEKW
CASSIGIGLQETQYF	YQIGGYTEKW
CASSIGSGISYEQFF	YQIGGYTEKW
CATAVGLGQGHDGYTF	YQIGGYTEKW
CASSMGIGVSYEQYF	YQIGGYTEKW
CASSLGQGTTYEQYF	YQIGGYTEKW
CASSPGQGLLYEQYF	YQIGGYTEKW
CASSRGQGFSYEQYF	YQIGGYTEKW
CASSTGQGVAYEQYF	YQIGGYTEKW
CASTPGQGLNTEAFF	YQIGGYTEKW
CASSMGQGLSYGYTF	YQIGGYTEKW
CASSIGQGNAHEQFF	YQIGGYTEKW
CASSVGQGLSYEQYF	YQIGGYTEKW
CASSYGQGLNNEQFF	YQIGGYTEKW
CASSIGLGYGTEAFF	YQIGGYTEKW
CASSTGTGVNQPQHF	YQIGGYTEKW
CASSIGLGAVPYNEQFF	YQIGGYTEKW
CASSIGSGLSGTQYF	YQIGGYTEKW
CASSPTGGGTYEQYF	YQIGGYTEKW
CASSIGTGSSQPQHF	YQIGGYTEKW
CASSIGTGLSYEQYF	YQIGGYTEKW
CASSIGQGMVYEQYF	YQIGGYTEKW
CASSKGQGLSYEQYF	YQIGGYTEKW
CASSIGTGTNQPQHF	YQIGGYTEKW
CASSIGVGVPDTQYF	YQIGGYTEKW
CASSSGTGVLGELFF	YQIGGYTEKW
CARDRNTEAFF	YQIGGYTEKW
CASSQGQGLSYEQYF	YQIGGYTEKW
CASSIGVGTGTQPQHF	YQIGGYTEKW
CASSIGTGLTYEQYF	YQIGGYTEKW
CASSIGQGVRYEQFF	YQIGGYTEKW
CASSIGTGPTYEQYF	YQIGGYTEKW
CASSIGQGILYEQYF	YQIGGYTEKW
CASSPEGQGSRETQYF	YQIGGYTEKW
CASSIGEGYSYEQYF	YQIGGYTEKW
CASSPGTGVNQPQHF	YQIGGYTEKW
CASSIGVGVPGELFF	YQIGGYTEKW
CASNPGQGSSYEQYF	YQIGGYTEKW
CATSRGRGLSYEQYF	YQIGGYTEKW
CASSVRGTYNEQFF	YQIGGYTEKW
CASSIGSGTTHEQYF	YQIGGYTEKW
CASSIGTGQGYEQFF	YQIGGYTEKW
CATSLGQGLSYEQYF	YQIGGYTEKW
CASSFGRTGQYF	YQIGGYTEKW
CASSLTGTEQFF	YQIGGYTEKW
CASSIGQGIIYEQFF	YQIGGYTEKW
CASSIGMGVNTGELFF	YQIGGYTEKW
CASSAGQGLSYEQYF	YQIGGYTEKW
CAWSAVGIEQFF	YQIGGYTEKW
CASSIGTGVAYEQYF	YQIGGYTEKW
CASSFGQGYSYEQYF	YQIGGYTEKW
CASSLHGQGAEAFF	YQIGGYTEKW
CASTIGTGAAGANVLTF	YQIGGYTEKW
CASSKGTGMDTEQFF	YQIGGYTEKW
CASTRGQGVNQPQHF	YQIGGYTEKW
CASSKGQGLSYEQYF	YQIGGYTEKW
CASSIGTGVSYEQYF	YQIGGYTEKW
CASGVGTGWDYEQYF	YQIGGYTEKW
CASSKGQGLSYEQYF	YQIGGYTEKW
CASSMGQGLSFEQYF	YQIGGYTEKW
CASSIGQGETYEQYF	YQIGGYTEKW
CASSGGLGVDYEQYF	YQIGGYTEKW
CASSAGLGITYEQYF	YQIGGYTEKW
CASSIGQGLAYEQYF	YQIGGYTEKW
CASSMGLGLENEQFF	YQIGGYTEKW
CASSPGQGLSYEQYF	YQIGGYTEKW
CASSAGTGISYEQYF	YQIGGYTEKW
CASSIGVGMNTEAFF	YQIGGYTEKW
CASSSNTGELFF	YQIGGYTEKW
CASSTGQGLNNEQFF	YQIGGYTEKW
CASSRGQGVAYEQYF	YQIGGYTEKW
CASSLVDRDYNEQFF	YQIGGYTEKW
CASSSGQGLSYEQYF	YQIGGYTEKW
CASSIGQGFSYEQYF	YQIGGYTEKW
CASSGGTGFSYEQYF	YQIGGYTEKW
CASSEGTSGANVLTF	YQIGGYTEKW
CASTFGTGVNQPQHF	YQIGGYTEKW
CASSTGTGWAGELFF	YQIGGYTEKW
CASSIGAGTAYEQYF	YQIGGYTEKW
CASSRENTGELFF	YQIGGYTEKW
CASSVGTGKAYEQYF	YQIGGYTEKW
CASSIGTGGAYEQYF	YQIGGYTEKW
CASSLGQGLTYEQYF	YQIGGYTEKW
CASSFGNTEAFF	YQIGGYTEKW
CASSTGQGLLYEQYF	YQIGGYTEKW
CASSLGQGLTYEQYF	YQIGGYTEKW
CASSIGQGHSYEQYF	YQIGGYTEKW
CASTGLAKVDEQFF	YQIGGYTEKW
CASSPGQGLIDEQFF	YQIGGYTEKW
CASSMGSGWTYEQYF	YQIGGYTEKW
CASSIGLGNSYEQYF	YQIGGYTEKW
CASSTGTGLSYEQYF	YQIGGYTEKW
CASNPGRSSSETQYF	YQIGGYTEKW
CASSIGAGIAYEQYF	YQIGGYTEKW
CASSKRGRGLLDTQYF	YQIGGYTEKW
CASSSYFREKLFF	YQIGGYTEKW
CASSPGLGSSYEQYF	YQIGGYTEKW
CASSFWHQETQYF	YQIGGYTEKW
CASSIGSGASYEQYF	YQIGGYTEKW
CASSVGLGQGALDEQFF	YQIGGYTEKW
CASSLGAGTSYEQYF	YQIGGYTEKW
CASSMGQGIAYEQYF	YQIGGYTEKW
CASTLGQGLIQPQHF	YQIGGYTEKW
CASSLGQGLTYEQYF	YQIGGYTEKW
CASSVGQGVTYEQYF	YQIGGYTEKW
CATHPGTGNNEKLFF	YQIGGYTEKW
CASSIGQGEAYEQYF	YQIGGYTEKW
CASSPGQGTLYEQYF	YQIGGYTEKW
CASSLGQGMTGELFF	YQIGGYTEKW
CASSIGSGLSYEQYF	YQIGGYTEKW
CASSIGRGVNNQPQHF	YQIGGYTEKW
CASSPGVGEISYNEQFF	YQIGGYTEKW
CASSMGQGIVHEQYF	YQIGGYTEKW
CASSRGQGHSYEQYF	YQIGGYTEKW
CASSIGSGMAYEQYF	YQIGGYTEKW
CASSQGTGLTYEQYF	YQIGGYTEKW
CASSTGLASTDTQYF	YQIGGYTEKW
CASSTGTGLSYEQYF	YQIGGYTEKW
CASSIGAGMNTEAFF	YQIGGYTEKW
CASSIGQGATYEQYF	YQIGGYTEKW
CASTPGVGFNGELFF	YQIGGYTEKW
CASSTGQGLGYEQYF	YQIGGYTEKW
CASSKGQGISYEQYF	YQIGGYTEKW
CASSVTGIEDTQYF	YQIGGYTEKW
CASSIGLGQDYGYTF	YQIGGYTEKW
CASSIGLGAYQPQHF	YQIGGYTEKW
CASSIGQGLDYEQYF	YQIGGYTEKW
CASSMGQGVSYEQYF	YQIGGYTEKW
CASSIGTGNSYEQYF	YQIGGYTEKW
CASSIGLSSYNEQFF	YQIGGYTEKW
CASSIGLGSSYEQYF	YQIGGYTEKW
CASSIGTGVAYEQYF	YQIGGYTEKW
CASSQDPVPGETQYF	YQIGGYTEKW
CASSIGQGTAYEQFF	YQIGGYTEKW
CAWSSGLGNNEQFF	YQIGGYTEKW
CASSIGTGLAYEQFF	YQIGGYTEKW
CAWTPTGPEAFF	YQIGGYTEKW
CASSIGQGALYIQYF	YQIGGYTEKW
CASSPGQGLIYEQYF	YQIGGYTEKW
CASSQGQGLDYEQYF	YQIGGYTEKW
CASSTGLGRDNEQFF	YQIGGYTEKW
CASSIGTGFSYEQYF	YQIGGYTEKW
CASSMGQGISYEQYF	YQIGGYTEKW
CASTLGTGDFYEQFF	YQIGGYTEKW
CASSLTGAGANVLTF	YQIGGYTEKW
CASSLGLGLIYEQYF	YQIGGYTEKW
CASSQVHGGETQYF	YQIGGYTEKW
CASSPGLGRGYEQYF	YQIGGYTEKW
CASSIGLGTTYEQYF	YQIGGYTEKW
CASSVGQGISYEQYF	YQIGGYTEKW
CASSLGTGVVFEQFF	YQIGGYTEKW
CAWSLGNGELFF	YQIGGYTEKW
CASSLGQGFSYEQYF	YQIGGYTEKW
CASSLGLAGVEQFF	YQIGGYTEKW
CASSIGLSSYNEQFF	YQIGGYTEKW
CASSSGQGASYEQYF	YQIGGYTEKW
CASSAGLGPSSYNEQFF	YQIGGYTEKW
CSVLATNLEAFF	YQIGGYTEKW
CASSIGQGAEYEQYF	YQIGGYTEKW
CASTIRGQGPLGGELFF	YQIGGYTEKW
CASSIGLGSSYEQYF	YQIGGYTEKW
CASSFLGQGFAEAFF	YQIGGYTEKW
CASSVGQGFSYEQYF	YQIGGYTEKW
CASSVGQGINNQPQHF	YQIGGYTEKW
CASNPGQGLDYGYTF	YQIGGYTEKW
CASSTGQGLSYEQYF	YQIGGYTEKW
CASSIFRDNEQFF	YQIGGYTEKW
CASSQGQGASYEQYF	YQIGGYTEKW
CASSIGQGSSYEQYF	YQIGGYTEKW
CASSIGNGQGYEQYF	YQIGGYTEKW
CASSTGLGPDYYNEQFF	YQIGGYTEKW
CASSQGTGGYDEQFF	YQIGGYTEKW
CASSIGQGVTYEQYF	YQIGGYTEKW
CASSTGQGISYEQYF	YQIGGYTEKW
CASSIGTGLNYEQYF	YQIGGYTEKW
CASSAGTVREQYF	YQIGGYTEKW
CASSLGTGISYEQYF	YQIGGYTEKW
CASSIGTGHSGANVLTF	YQIGGYTEKW
CASSSSFGLALQFF	YQIGGYTEKW
CASSPGSGLDNEQFF	YQIGGYTEKW
CASSIGQGSSYEQYF	YQIGGYTEKW
CASSIGQGVSNEQFF	YQIGGYTEKW
CASSIGAGNTYEQYF	YQIGGYTEKW
CSVPGSGYGYTF	YQIGGYTEKW
CASSVGQGWSYEQYF	YQIGGYTEKW
CASSIGTGTGNEQFF	YQIGGYTEKW
CASSIGQGQLYEQYF	YQIGGYTEKW
CASSIGTGLNNEQFF	YQIGGYTEKW
CASSMASGLIYTQYF	YQIGGYTEKW
CASSIGTGLGAEAFF	YQIGGYTEKW
CASSIGQGFDYEQYF	YQIGGYTEKW
CASSIGQGISYEQYF	YQIGGYTEKW
CASSPGGEDTEAFF	YQIGGYTEKW
CASSLLGGDEQYF	YQIGGYTEKW
CASSIGTGVSYEQYF	YQIGGYTEKW
CASSIGTGGGYEQYF	YQIGGYTEKW
CAPNQRSDRAEPYEQYF	YQIGGYTEKW
CASSVGTGLSYEQYF	YQIGGYTEKW
CASAPGQGVDYGYTF	YQIGGYTEKW
CASKGPEGGNQPQHF	YQIGGYTEKW
CASSIGLGENYEQYF	YQIGGYTEKW
CASSTGTGLDNEQFF	YQIGGYTEKW
CASSIGVGLAGELFF	YQIGGYTEKW
CASSLGQGVINEQFF	YQIGGYTEKW
CASSIGTGASYEQYF	YQIGGYTEKW
CASGENRGKNIQYF	YQIGGYTEKW
CASSIGLGLTGELFF	YQIGGYTEKW
CASSIGAGVSFEQYF	YQIGGYTEKW
CASSLVWEAYEQYF	YQIGGYTEKW
CASTLGQGLSYEQYF	YQIGGYTEKW
CASSTGQGLGYEQYF	YQIGGYTEKW
CASSPGTGIQYEQYF	YQIGGYTEKW
CASSMGQGFSYEQYF	YQIGGYTEKW
CASSIGTGLAYEQYF	YQIGGYTEKW
CASSLGLGGSYEQYF	YQIGGYTEKW
CASSLGQGLSYEQYF	YQIGGYTEKW
CASTLGTGGIDEQFF	YQIGGYTEKW
CASSGGHVSNTGELFF	YQIGGYTEKW
CASSIGQGASHAQYF	YQIGGYTEKW
CASSMGQGLSYEQYF	YQIGGYTEKW
CASSTGSGITYEQYF	YQIGGYTEKW
CASSIGQGLGYEQYF	YQIGGYTEKW
CASSLGQGQSYEQYF	YQIGGYTEKW
CASSVSVGVPGGYTF	YQIGGYTEKW
CAWQTGTTNTGELFF	YQIGGYTEKW
CASSIGTGDSGANVLTF	YQIGGYTEKW
CASSIGIGTGNQPQHF	YQIGGYTEKW
CASSKGVGIVGELFF	YQIGGYTEKW
CASSTGQGISYEQYF	YQIGGYTEKW
CASTVGAGLDNEQFF	YQIGGYTEKW
CASTVGQGMSYEQYF	YQIGGYTEKW
CASSIGLGSSYEQYF	YQIGGYTEKW
CASSQEWRGAQETQYF	YQIGGYTEKW
CASSLGQGRRHEQFF	YQIGGYTEKW
CASSIGTGLDYEQYF	YQIGGYTEKW
CASSVGQGTSYEQYF	YQIGGYTEKW
CASSLGQGLSYEQYF	YQIGGYTEKW
CASSIGSGFSYEQYF	YQIGGYTEKW
CASSIGTGQSYEQYF	YQIGGYTEKW
CASSIGTGDSYEQYF	YQIGGYTEKW
CASSSGTGINTGELFF	YQIGGYTEKW
CASSIGGGLAYEQYF	YQIGGYTEKW
CASSTGQGRSYEQYF	YQIGGYTEKW
CASSIGVSSYNEQFF	YQIGGYTEKW
CASSIGLGPEVNEQFF	YQIGGYTEKW
CASSPGQGLGYEQYF	YQIGGYTEKW
CASSLGQGIAYEQYF	YQIGGYTEKW
CASSRGQGIAYEQYF	YQIGGYTEKW
CASSIGTGISYEQYF	YQIGGYTEKW
CASSQGQGLTYEQYF	YQIGGYTEKW
CASSMGQGLAYGYTF	YQIGGYTEKW
CASSVGQGLSYEQYF	YQIGGYTEKW
CASSMGQGIIYEQYF	YQIGGYTEKW
CASSQDLGGYNEQFF	YQIGGYTEKW
CASSLGVGHSYEQYF	YQIGGYTEKW
CARSQPDSTPYEQYF	YQIGGYTEKW
CASSTGTGPNNQPQHF	YQIGGYTEKW
CASSVGQGEVGEQFF	YQIGGYTEKW
CASSIGAGTSYEQYF	YQIGGYTEKW
CASSLGQGLSYEQYF	YQIGGYTEKW
CASHDGIQSEKLFF	YQIGGYTEKW
CASSLAGTGYTGELFF	YQIGGYTEKW
CASSIGSGTSYEQYF	YQIGGYTEKW
CASSTGQGANDQPQHF	YQIGGYTEKW
CASSMGLGDSYEQYF	YQIGGYTEKW
CASSPGQGVLTEQFF	YQIGGYTEKW
CASSPGQGLSYEQYF	YQIGGYTEKW
CASSIVEGTGELFF	YQIGGYTEKW
CASSSDTVTGYTF	YQIGGYTEKW
CASSLGTGVVYEQYF	YQIGGYTEKW
CASSIGTGITYEQYF	YQIGGYTEKW
CASSKSRGLFDTGELFF	YQIGGYTEKW
CASSQSSLAGGELFF	YQIGGYTEKW
CASSIGTGLSHEQYF	YQIGGYTEKW
CASTPGTGEVIEQFF	YQIGGYTEKW
CASSTGQGTLYEQFF	YQIGGYTEKW
CASSRGTGTAYEQYF	YQIGGYTEKW
CASTRGLGLNNEQFF	YQIGGYTEKW
CAWSVLGNEQYF	YQIGGYTEKW
CASSTGQGLDTEAFF	YQIGGYTEKW
CASSIGTGITYEQYF	YQIGGYTEKW
CASSVGTGEAYEQYF	YQIGGYTEKW
CASSIGQGATGANVLTF	YQIGGYTEKW
CASSLYGTGEETQYF	YQIGGYTEKW
CASSLGQGIHYEQYF	YQIGGYTEKW
CASSQDYAGTGELFF	YQIGGYTEKW
CASNPGLGLNTEAFF	YQIGGYTEKW
CSASSSGINEQFF	YQIGGYTEKW
CASTTGLGVTGELFF	YQIGGYTEKW
CASTLGQGINQPQHF	YQIGGYTEKW
CASTLGQGLSYEQYF	YQIGGYTEKW
CASSIGQGITYEQYF	YQIGGYTEKW
CASSIGTGPNQPQHF	YQIGGYTEKW
CASSIGLGVVAEAFF	YQIGGYTEKW
CASSTGTGLSYEQYF	YQIGGYTEKW
CASSHLTGANTEAFF	YQIGGYTEKW
CASSISGGLDEQFF	YQIGGYTEKW
CASSIGAGVGTEAFF	YQIGGYTEKW
CASSRGLGREYEQYF	YQIGGYTEKW
CASSPGQGLTYTQYF	YQIGGYTEKW
CASSIGSGLSYEQYF	YQIGGYTEKW
CASGPPSREEQYF	YQIGGYTEKW
CASSEGQGLLFRQFF	YQIGGYTEKW
CASSPGQGLNNQPQHF	YQIGGYTEKW
CASSPGQGISYEQYF	YQIGGYTEKW
CASSNGGGLSYEQYF	YQIGGYTEKW
CASSLVRGRDNSPLHF	YQIGGYTEKW
CASSTGTGINYEQYF	YQIGGYTEKW
CASSMGQGATYEQYF	YQIGGYTEKW
CASGGASGPPGPYNEQFF	YQIGGYTEKW
CASSPFRENIQSYNSPLHF	YQIGGYTEKW
CASSIGLGPGTEAFF	YQIGGYTEKW
CASSTGTGHDYEQYF	YQIGGYTEKW
CASSSTGTQTYEQYF	YQIGGYTEKW
CASSIGSGSSYEQYF	YQIGGYTEKW
CASTTGLGLGTEAFF	YQIGGYTEKW
CASTTGQGVPWANVLTF	YQIGGYTEKW
CASSPGRGQSYEQFF	YQIGGYTEKW
CASSLTGAYEQYF	YQIGGYTEKW
CASTLGLGRTYEQYF	YQIGGYTEKW
CASSTGQGASYEQYF	YQIGGYTEKW
CASSMGQGYSYEQYF	YQIGGYTEKW
CASTPGLGIDNEQFF	YQIGGYTEKW
CASSTGTGTNTGELFF	YQIGGYTEKW
CASSLGQGISYEQYF	YQIGGYTEKW
CASSIGAGLDNEQFF	YQIGGYTEKW
CASSLGAGLAYEQYF	YQIGGYTEKW
CASSIGEGLSYEQFF	YQIGGYTEKW
CASSIGLGLAGVNEQFF	YQIGGYTEKW
CASSIGLGSSYEQYF	YQIGGYTEKW
CAGADRGSFYEQYF	YQIGGYTEKW
CASSIGQGTRTEAFF	YQIGGYTEKW
CASSLGQGYHYEQYF	YQIGGYTEKW
CASSSGTGVDYEQYF	YQIGGYTEKW
CASSPGGGPQYF	YQIGGYTEKW
CASSLGQGISYEQYF	YQIGGYTEKW
CASSIGSGLEYEQYF	YQIGGYTEKW
CASSMGVGLPDTQYF	YQIGGYTEKW
CATNPGLGFSGANVLTF	YQIGGYTEKW
CASSVGQGFAYEQYF	YQIGGYTEKW
CASSIGQGISYEQYF	YQIGGYTEKW
CASSIGQGISYEQYF	YQIGGYTEKW
CASSTGQGVSYEQYF	YQIGGYTEKW
CASSIGLGHNQPQHF	YQIGGYTEKW
CASSMGQGLSYEQYF	YQIGGYTEKW
CASSLGGDGTGELFF	YQIGGYTEKW
CASSVGTGKDYEQYF	YQIGGYTEKW
CASSIGQGATYEQYF	YQIGGYTEKW
CASSIGMGRAHEQYF	YQIGGYTEKW
CASSATGGGYEQYF	YQIGGYTEKW
CASSMGLGQDYEQYF	YQIGGYTEKW
CASSMGQGLAYEQFF	YQIGGYTEKW
CATGDFSYEQYF	YQIGGYTEKW
CASSMGLGVTGELFF	YQIGGYTEKW
CASSIGAGLQETQYF	YQIGGYTEKW
CASGVGQGLLYEQYF	YQIGGYTEKW
CASSIGQGRAFEQYF	YQIGGYTEKW
CASSIGAGQRYEQYF	YQIGGYTEKW
CASSVGQGVVNEQFF	YQIGGYTEKW
CSVGLGIEPQHF	YQIGGYTEKW
CASTTGQGLLYEQYF	YQIGGYTEKW
CASSQDAEWDTQYF	YQIGGYTEKW
CASSIGSGLAYEQYF	YQIGGYTEKW
CASSGGLHTYNEQFF	YQIGGYTEKW
CASSVGQGISYEQYF	YQIGGYTEKW
CASSIGTGWSYEQYF	YQIGGYTEKW
CASSQGLGLSNEQFF	YQIGGYTEKW
CASSIGQGLNNEQFF	YQIGGYTEKW
CASSTGQGLSYEQFF	YQIGGYTEKW
CASSIGTGFSYEQYF	YQIGGYTEKW
CASSQARGDYEQYF	YQIGGYTEKW
CASSIGRGPTLNTEAFF	YQIGGYTEKW
CASSIGVGTGPYNEQFF	YQIGGYTEKW
CASSTGSGLGYEQYF	YQIGGYTEKW
CASSQGQGADEQYF	YQIGGYTEKW
CASSSGTGLSYEQYF	YQIGGYTEKW
CASSSDGSYEQYF	YQIGGYTEKW
CAWSVGQADQPQHF	YQIGGYTEKW
CASAPGQGAAYEQYF	YQIGGYTEKW
CASSIAVGPHGNEQFF	YQIGGYTEKW
CASSIGQGTAYEQYF	YQIGGYTEKW
CASSGGQGLTYEQYF	YQIGGYTEKW
CATALGQGSIYEQYF	YQIGGYTEKW
CASSITSGGRFYNEQFF	YQIGGYTEKW
CASSFSGNRETQYF	YQIGGYTEKW
CSARDDRTGIYEQYF	YQIGGYTEKW
CASSFGQGASYEQYF	YQIGGYTEKW
CASSIGTGSSGANVLTF	YQIGGYTEKW
CASSTGLGKMYEQYF	YQIGGYTEKW
CASSIGSGLDYEQYF	YQIGGYTEKW
CASSIGQGVVYEQYF	YQIGGYTEKW
CASSAGLGLASAYNEQFF	YQIGGYTEKW
CASRVRDIEYF	YQIGGYTEKW
CASSVESAPNYGYTF	YQIGGYTEKW
CASSIGLGQTHGYTF	YQIGGYTEKW
CASSIGLGSLSYNEQFF	YQIGGYTEKW
CASSMGTGISYEQYF	YQIGGYTEKW
CASSPGLGLAYEQYF	YQIGGYTEKW
CASSMGTGIVAKNIQYF	YQIGGYTEKW
CAWTRDSYNEQFF	YQIGGYTEKW
CASSIGAGLTYEQYF	YQIGGYTEKW
CASSIGTGEIHGYTF	YQIGGYTEKW
CASSIGAGRMYEQYF	YQIGGYTEKW
CASSPGTGTSYEQYF	YQIGGYTEKW
CASSIGTGFSYEQYF	YQIGGYTEKW
CASSPGLGTVSEQFF	YQIGGYTEKW
CASSLGQGASYEQYF	YQIGGYTEKW
CASSPGPLYEQYF	YQIGGYTEKW
CASSADKGFYEQYF	YQIGGYTEKW
CASSIGQGASYEQYF	YQIGGYTEKW
CASSIGSGARYEQYF	YQIGGYTEKW
CASSMGLGMRYEQYF	YQIGGYTEKW
CASSIGTGEVDEQYF	YQIGGYTEKW
CASTMGLAPTGELFF	YQIGGYTEKW
CASSTGTGLTYEQYF	YQIGGYTEKW
CATKTGIGINTGELFF	YQIGGYTEKW
CAWSVIGEKLFF	YQIGGYTEKW
CASATGTGVIDTQYF	YQIGGYTEKW
CASSGGRGLIHEQYF	YQIGGYTEKW
CASSIGTGLQETQYF	YQIGGYTEKW
CASSIGQGRSYEQYF	YQIGGYTEKW
CASTSGLGLNNEQFF	YQIGGYTEKW
CASSLGARHEQYF	YQIGGYTEKW
CASSIGTGQGYEQYF	YQIGGYTEKW
CASSTGISSNQPQHF	YQIGGYTEKW
CASARGLGLAGYNEQFF	YQIGGYTEKW
CASSPGQGYAYEQYF	YQIGGYTEKW
CASSIGTGNSYEQYF	YQIGGYTEKW
CASSPGTGYSYEQYF	YQIGGYTEKW
CASSLLAGDLLYNEQFF	YQIGGYTEKW
CASTPGQGLGYEQYF	YQIGGYTEKW
CASSSSTGGETQYF	YQIGGYTEKW
CASSIGQGTSYEQYF	YQIGGYTEKW
CASSIGAGRRYEQYF	YQIGGYTEKW
CASSTGQGLAYEQYF	YQIGGYTEKW
CASSIGSGHSYEQYF	YQIGGYTEKW
CASSMGLSSNQPQHF	YQIGGYTEKW
CASTPGTGVVDEQFF	YQIGGYTEKW
CASSLGQGTSYEQYF	YQIGGYTEKW
CASSIGAGVAYEQYF	YQIGGYTEKW
CASSLGQGLGAKNIQYF	YQIGGYTEKW
CASSPGTGLRNEQFF	YQIGGYTEKW
CASSEDTYLLLYNEQFF	YQIGGYTEKW
CASSIGTGASYEQYF	YQIGGYTEKW
CASASGTGVPDTQYF	YQIGGYTEKW
CASSKGQGVDYEQYF	YQIGGYTEKW
CASSVGQGLTYEQYF	YQIGGYTEKW
CASSLGQGLSYEQYF	YQIGGYTEKW
CASSIGTGLAGELFF	YQIGGYTEKW
CASSIGQGVSQPQHF	YQIGGYTEKW
CASSPGLSSYNEQFF	YQIGGYTEKW
CASSIGAGVAYEQYF	YQIGGYTEKW
CSAERGLLQETQYF	YQIGGYTEKW
CASSIGMGSDYEQYF	YQIGGYTEKW
CASSIGTGLAGELFF	YQIGGYTEKW
CASSLGTGWAGELFF	YQIGGYTEKW
CASSIGLGSVHEQFF	YQIGGYTEKW
CASSPGLSSYNEQFF	YQIGGYTEKW
CASSLGQGISYEQYF	YQIGGYTEKW
CASSTGTGLDTEAFF	YQIGGYTEKW
CASSEVGVDEQYF	YQIGGYTEKW
CASNIGTGVNTGELFF	YQIGGYTEKW
CASTLGIGHSGANVLTF	YQIGGYTEKW
CASSLGIGVITEAFF	YQIGGYTEKW
CASSIGLGTSYEQYF	YQIGGYTEKW
CASTEGLGQSYEQYF	YQIGGYTEKW
CAWSLTGGYGYTF	YQIGGYTEKW
CASSIGQGLNTEAFF	YQIGGYTEKW
CASSSGTGRAYEQYF	YQIGGYTEKW
CASSPGTGVAYEQYF	YQIGGYTEKW
CASSIGSGASYEQYF	YQIGGYTEKW
CASSLGTGVAYEQYF	YQIGGYTEKW
CASSLGQGLSYEQYF	YQIGGYTEKW
CASSLGQGVRNEQFF	YQIGGYTEKW
CASSIGLGRLQYNEQFF	YQIGGYTEKW
CASSIGAGSAYEQYF	YQIGGYTEKW
CASSIGQGMAGELFF	YQIGGYTEKW
CASSPGAGILYEQFF	YQIGGYTEKW
CASSPGGSYEQYF	YQIGGYTEKW
CASSIGQGLHNEQFF	YQIGGYTEKW
CASSLGQGATYEQYF	YQIGGYTEKW
CASSIGRGTSYEQYF	YQIGGYTEKW
CASSKGQGTSYEQYF	YQIGGYTEKW
CASSIGTGLRNEQYF	YQIGGYTEKW
CASSIGQGLAGELFF	YQIGGYTEKW
CASSIGLGVSYEQYF	YQIGGYTEKW
CASSFAGSSTDTQYF	YQIGGYTEKW
CASSIGTGVLGELFF	YQIGGYTEKW
CASSIGMGVDYEQYF	YQIGGYTEKW
CASSIGSGITYEQYF	YQIGGYTEKW
CASSIGAGSSYEQYF	YQIGGYTEKW
CASSPGTGLSYEQYF	YQIGGYTEKW
CASSIGTASNQPQHF	YQIGGYTEKW
CASSIGAGAGTEAFF	YQIGGYTEKW
CASSPGLGISGANVLTF	YQIGGYTEKW
CASSPWTGEETQYF	YQIGGYTEKW
CASTPGVGLNTEAFF	YQIGGYTEKW
CASSIGQGLSYEQYF	YQIGGYTEKW
CASTSGTGHSYEQYF	YQIGGYTEKW
CASTTGQGIPGELFF	YQIGGYTEKW
CATSSRLLLGDRQETQYF	YQIGGYTEKW
CASSPGLGEEYEQYF	YQIGGYTEKW
CASSKEWDSYSYEQYF	YQIGGYTEKW
CASSIGVGMNTEAFF	YQIGGYTEKW
CASSIGQGTGNTIYF	YQIGGYTEKW
CASSPRTGPDTQYF	YQIGGYTEKW
CASTLGIGDSYEQYF	YQIGGYTEKW
CASSTGQGASYEQYF	YQIGGYTEKW
CASSGDYNEQFF	YQIGGYTEKW
CASSIGQGPLPYNEQFF	YQIGGYTEKW
CASSSGQEQFF	YQIGGYTEKW
CASSMGLGLPDTQYF	YQIGGYTEKW
CASSQGQGMVYEQYF	YQIGGYTEKW
CASSPGQGLVYEQYF	YQIGGYTEKW
CASSMGQGQTYEQYF	YQIGGYTEKW
CASSIGLGSSSYEQYF	YQIGGYTEKW
CASSFGQGLSYEQYF	YQIGGYTEKW
CASSIGQGQSYEQYF	YQIGGYTEKW
CASSDSGGNSPLHF	YQIGGYTEKW
CASSIGQGLRNEQFF	YQIGGYTEKW
CASNRTSGPTYEQYF	YQIGGYTEKW
CASSLGTGISYEQYF	YQIGGYTEKW
CASSSGLGNSYEQYF	YQIGGYTEKW
CASSRGQGMVYEQYF	YQIGGYTEKW
CASSIGSGLAYEQYF	YQIGGYTEKW
CASSPLGEATGAFF	YQIGGYTEKW
CASSIGVGRITEQFF	YQIGGYTEKW
CASSLGQGIGQPQHF	YQIGGYTEKW
CASSPGVGLSYEQYF	YQIGGYTEKW
CASSLGQGSSYEQYF	YQIGGYTEKW
CASSPGTGLGYEQFF	YQIGGYTEKW
CATSMGQGSDTQYF	YQIGGYTEKW
CASSVGVGLTGELFF	YQIGGYTEKW
CASSLGLGNTGELFF	YQIGGYTEKW
CASSIGSGRAYEQYF	YQIGGYTEKW
CASRTTGIAEQYF	YQIGGYTEKW
CASSKGMGRVNEQYF	YQIGGYTEKW
CASSAGLGVNYEQYF	YQIGGYTEKW
CSAREAGQPLNQPQHF	YQIGGYTEKW
CASSIGTGLPGELFF	YQIGGYTEKW
CASSSGLGFSYEQYF	YQIGGYTEKW
CASSAGTGFSYEQYF	YQIGGYTEKW
CASSLTGRTKTEAFF	YQIGGYTEKW
CASSVGQGLSYEQYF	YQIGGYTEKW
CASSIGLGLDYEQYF	YQIGGYTEKW
CASSRGQGLSYEQYF	YQIGGYTEKW
CASSRGQGLSYEQYF	YQIGGYTEKW
CASSIGSGVAYEQYF	YQIGGYTEKW
CASSMGQGIIYEQYF	YQIGGYTEKW
CASSLGQGTTYEQYF	YQIGGYTEKW
CASSIGQGIANEQFF	YQIGGYTEKW
CASSVGQGVSYEQYF	YQIGGYTEKW
CASSLGQGLNNEQFF	YQIGGYTEKW
CASTLGRGLNTEAFF	YQIGGYTEKW
CASSIGLGLNTEAFF	YQIGGYTEKW
CASSQGQGLTYEQYF	YQIGGYTEKW
CASAGGQGLLSYNEQFF	YQIGGYTEKW
CASSMGLGHSYEQYF	YQIGGYTEKW
CASSIGTGVAYEQYF	YQIGGYTEKW
CASSLTENYGYTF	YQIGGYTEKW
CASSLAVGINYNEQFF	YQIGGYTEKW
CASTWGLGNTGELFF	YQIGGYTEKW
CASSVGLGVSYEQYF	YQIGGYTEKW
CASSIGLGLALWQFF	YQIGGYTEKW
CASSIGTGSAGANVLTF	YQIGGYTEKW
CASSLGQGITYEQYF	YQIGGYTEKW
CASSRGLGLSYEQYF	YQIGGYTEKW
CASSIGQGILSGNIQYF	YQIGGYTEKW
CASSIGQGAAYEQYF	YQIGGYTEKW
CASSIGQGLLYEQYF	YQIGGYTEKW
CASSIGLGTTYEQYF	YQIGGYTEKW
CASSIGLGMAYEQYF	YQIGGYTEKW
CASSPGTGLAGELFF	YQIGGYTEKW
CASSLGQGSLNINEQFF	YQIGGYTEKW
CASSIGQGLTYEQYF	YQIGGYTEKW
CASSIGTGSIYEQYF	YQIGGYTEKW
CASSTGQGRIYEQYF	YQIGGYTEKW
CASSIGQGRTYEQYF	YQIGGYTEKW
CASSVLSGAPTGELFF	YQIGGYTEKW
CASSIGQGLVTEAFF	YQIGGYTEKW
CASSISMGLAGHEQFF	YQIGGYTEKW
CASTVYNEQFF	YQIGGYTEKW
CASSIGTGSLVVQFF	YQIGGYTEKW
CAWRGPLEWNNEQFF	YQIGGYTEKW
CASSVGQGISYEQYF	YQIGGYTEKW
CASSSGTSYEQYF	YQIGGYTEKW
CASSVGQGVVTEAFF	YQIGGYTEKW
CASSMGLGLDTEAFF	YQIGGYTEKW
CASSIGVGQRNEQFF	YQIGGYTEKW
CASSNGLGFDYEQYF	YQIGGYTEKW
CASSIGVGNTGELFF	YQIGGYTEKW
CASTSGTGIAGELFF	YQIGGYTEKW
CASSLGTGYSYEQYF	YQIGGYTEKW
CASSIGTGVSYEQYF	YQIGGYTEKW
CASSMGQGLSYEQFF	YQIGGYTEKW
CASSIGQGEGYEQYF	YQIGGYTEKW
CASSLGQGRTYEQYF	YQIGGYTEKW
CASSIGVGFSYEQYF	YQIGGYTEKW
CASSLTSGGPYEQYF	YQIGGYTEKW
CASSLYKLNQPQHF	YQIGGYTEKW
CASSIGSGISYEQYF	YQIGGYTEKW
CASSLGTGLDTEAFF	YQIGGYTEKW
CASSIGTGVPETQYF	YQIGGYTEKW
CASSQDVENPYEQYF	YQIGGYTEKW
CASTLGQGVSVEAFF	YQIGGYTEKW
CASSRGQGLSYEQYF	YQIGGYTEKW
CASSLTESEEQFF	YQIGGYTEKW
CASSRTRGEQYF	YQIGGYTEKW
CASSPGHGIQYEQYF	YQIGGYTEKW
CASSLGQGYSYEQYF	YQIGGYTEKW
CASSSGTGISYEQYF	YQIGGYTEKW
CASTTALGVNQPQHF	YQIGGYTEKW
CASSSAGDSTDTQYF	YQIGGYTEKW
CASSIGTGSSGANVLTF	YQIGGYTEKW
CASSIGQGPNQPQHF	YQIGGYTEKW
CASSIGQGLLTEAFF	YQIGGYTEKW
CASSIGQGETYEQYF	YQIGGYTEKW
CASSIGQGIGHGYTF	YQIGGYTEKW
CASTTGLGLAEYNEQFF	YQIGGYTEKW
CASSIGQGVVYEQYF	YQIGGYTEKW
CASSLGQGEAYEQYF	YQIGGYTEKW
CASTEGVGQVYEQYF	YQIGGYTEKW
CASSMGSGLTYEQYF	YQIGGYTEKW
CASSIGTGVNQPQHF	YQIGGYTEKW
CASSIGQGVAYEQYF	YQIGGYTEKW
CASTPGTGLIYEQYF	YQIGGYTEKW
CASSIGQGYLYEQYF	YQIGGYTEKW
CASSIGTGSSGANVLTF	YQIGGYTEKW
CASSLGQGLINEQFF	YQIGGYTEKW
CASSPGVGWNTGELFF	YQIGGYTEKW
CASSIGSGLEYEQYF	YQIGGYTEKW
CASGNQSGGVETQYF	YQIGGYTEKW
CASSMGAGLSYEQYF	YQIGGYTEKW
CASSIGLGQSYEQYF	YQIGGYTEKW
CASSTGQGFSYEQYF	YQIGGYTEKW
CASSSGTGWAHEQFF	YQIGGYTEKW
CASSLGQGMDYGYTF	YQIGGYTEKW
CASSSGTGLVYEQYF	YQIGGYTEKW
CASSLGAGVSTEAFF	YQIGGYTEKW
CASSIGTGLSYEQYF	YQIGGYTEKW
CASSIGAGPNNQPQHF	YQIGGYTEKW
CASSLGQGDSYEQYF	YQIGGYTEKW
CASSIGSGKGYEQYF	YQIGGYTEKW
CASSPTSGGSYEQYF	YQIGGYTEKW
CASSLGTGVNQPQHF	YQIGGYTEKW
CASSLGLGNTGELFF	YQIGGYTEKW
CASSLGQGLINEQYF	YQIGGYTEKW
CASSVGTGLDYEQYF	YQIGGYTEKW
CASSIGLGSTDEQFF	YQIGGYTEKW
CASSPRQGLHYGYTF	YQIGGYTEKW
CASSIGTGLLTEAFF	YQIGGYTEKW
CASSIGTGLDYGYTF	YQIGGYTEKW
CASSLGTGYRYEQYF	YQIGGYTEKW
CASSPVARNEQYF	YQIGGYTEKW
CASSVGTGKSYEQYF	YQIGGYTEKW
CASSIGTGLGTEAFF	YQIGGYTEKW
CASSIGQGLSYEQYF	YQIGGYTEKW
CASSQGLGRAYEQYF	YQIGGYTEKW
CASSIGQGIVYEQYF	YQIGGYTEKW
CASSIGSGISYEQYF	YQIGGYTEKW
CASSLGQGLIYEQYF	YQIGGYTEKW
CASSIGTGSLYEQYF	YQIGGYTEKW
CASSIGVGQSYEQYF	YQIGGYTEKW
CASSLDRWARVAGANVLTF	YQIGGYTEKW
CASSIGTGDISYNEQFF	YQIGGYTEKW
CASSTGQGFSYEQYF	YQIGGYTEKW
CASSTLAGNTGELFF	YQIGGYTEKW
CASSTGTGYSYEQYF	YQIGGYTEKW
CASSLGLGLAYEQYF	YQIGGYTEKW
CASSLGSSHEQYF	YQIGGYTEKW
CASSIGQGGSYEQYF	YQIGGYTEKW
CASSIGSGRAGEQFF	YQIGGYTEKW
CASSPGQGLSYEQYF	YQIGGYTEKW
CASSIGQGLTYEQYF	YQIGGYTEKW
CASSTGIGIDNEQFF	YQIGGYTEKW
CASSMGQGVNNQPQHF	YQIGGYTEKW
CASAPGTGVIYEQYF	YQIGGYTEKW
CASSIGTGLSYEQYF	YQIGGYTEKW
CASSTGQGISYEQYF	YQIGGYTEKW
CASSTGLGAGFEQYF	YQIGGYTEKW
CASSIGSGLSYEQYF	YQIGGYTEKW
CATTKGQGLSYEQYF	YQIGGYTEKW
CASSQDPRDRVIKATNEKLFF	YQIGGYTEKW
CASSIGTGIVGHEQFF	YQIGGYTEKW
CASSLRGGHPSSYNEQFF	YQIGGYTEKW
CASSTGTQDNEQFF	YQIGGYTEKW
CASSFRGQGYEQFF	YQIGGYTEKW
CASSIGTGVTGELFF	YQIGGYTEKW
CASSVGQGRSYEQYF	YQIGGYTEKW
CASSIGTGTTYEQYF	YQIGGYTEKW
CASSSGAYEQYF	YQIGGYTEKW
CASSIGQGLLGELFF	YQIGGYTEKW
CASDTPRAGETTLAKNIQYF	YQIGGYTEKW
CASSAGTGETYEQYF	YQIGGYTEKW
CASGPGQGLSYEQYF	YQIGGYTEKW
CASSGGQGTSYEQYF	YQIGGYTEKW
CASSLGQGSSYEQYF	YQIGGYTEKW
CASSPGTLAGEQYF	YQIGGYTEKW
CASSLGSGHTYEQYF	YQIGGYTEKW
CASSIGQGLSYEQYF	YQIGGYTEKW
CASSIGTGLGNEQFF	YQIGGYTEKW
CSASTGSEQFF	YQIGGYTEKW
CASSLGQGLNTEAFF	YQIGGYTEKW
CASTSGVGLNTEAFF	YQIGGYTEKW
CASSLMREQYF	YQIGGYTEKW
CASSSGQGVSYEQYF	YQIGGYTEKW
CASSSSTGWNEQFF	YQIGGYTEKW
CASSFPGAEAFF	YQIGGYTEKW
CASSLGTGHSYEQYF	YQIGGYTEKW
CASSTGTGANQPQHF	YQIGGYTEKW
CASSMGSGLTYEQYF	YQIGGYTEKW
CASSLPNRVVKPYEQYF	YQIGGYTEKW
CASSQGQGIDYGYTF	YQIGGYTEKW
CASSIGQGTSYEQYF	YQIGGYTEKW
CASSIGSGLSYEQYF	YQIGGYTEKW
CARPLNEQYF	YQIGGYTEKW
CASSIGLAGIYEQFF	YQIGGYTEKW
CASSSGTGLSYEQYF	YQIGGYTEKW
CASSISLGYSGEQFF	YQIGGYTEKW
CASSLGTGEVQEQYF	YQIGGYTEKW
CASSLGQGLSYEQYF	YQIGGYTEKW
CASTLGQGLTYEQYF	YQIGGYTEKW
CASSIGQGARYEQYF	YQIGGYTEKW
CASALGLGVVYEQYF	YQIGGYTEKW
CASSLGQGVKHEQFF	YQIGGYTEKW
CASSNGSGLLYEQFF	YQIGGYTEKW
CASSYREWHEQYF	YQIGGYTEKW
CASADGTGVPDTQYF	YQIGGYTEKW
CASSMGTGLNTEAFF	YQIGGYTEKW
CASSIGLGHTGELFF	YQIGGYTEKW
CSAEGLAGSYEQYF	YQIGGYTEKW
CASSVGTGLSYEQYF	YQIGGYTEKW
CASSIGTGLGGELFF	YQIGGYTEKW
CASTPGLGVAEKLFF	YQIGGYTEKW
CASSIGQGASYEQYF	YQIGGYTEKW
CASSPGTGLSYEQYF	YQIGGYTEKW
CASSIGTGANQPQHF	YQIGGYTEKW
CASSIGLGRVIDNEQFF	YQIGGYTEKW
CASSTGTGGGYEQFF	YQIGGYTEKW
CASSMGQGVSYEQYF	YQIGGYTEKW
CASSTGTGLSYEQYF	YQIGGYTEKW
CASSAGTGFSYEQYF	YQIGGYTEKW
CATSTGTGFSYEQYF	YQIGGYTEKW
CASSSGQGISYEQYF	YQIGGYTEKW
CASSIGQGLSYEQYF	YQIGGYTEKW
CASSKGQGLSYEQYF	YQIGGYTEKW
CASSQGTGTGYEQYF	YQIGGYTEKW
CASSIGTGTAYEQYF	YQIGGYTEKW
CASRPGLAGDYEQYF	YQIGGYTEKW
CASSLGQGQEYEQYF	YQIGGYTEKW
CASSIGTGLSLEQYF	YQIGGYTEKW
CASSTGQGAGDEQFF	YQIGGYTEKW
CASSIGTGILDEQYF	YQIGGYTEKW
CASSIGQGAIYNSPLHF	YQIGGYTEKW
CASSKGQGVGNEQFF	YQIGGYTEKW
CASNPGLGPNTGELFF	YQIGGYTEKW
CASSIGVGQGYEQYF	YQIGGYTEKW
CASSIGLGQAYEQYF	YQIGGYTEKW
CASSYSTGRNTGELFF	YQIGGYTEKW
CASSIGQGRGHEQFF	YQIGGYTEKW
CASSPTGGNYEQYF	YQIGGYTEKW
CASSIGSGTAYEQYF	YQIGGYTEKW
CASSPGLGRNYEQYF	YQIGGYTEKW
CASSKGTGLIYEQYF	YQIGGYTEKW
CASSKGQGLSYEQYF	YQIGGYTEKW
CASSSIRTPNTGELFF	YQIGGYTEKW
CASSIGVGQSYEQYF	YQIGGYTEKW
CASSMGQGVTYEQYF	YQIGGYTEKW
CASRAGLASTDTQYF	YQIGGYTEKW
CASSLSLAINNEQFF	YQIGGYTEKW
CASSYSTDTQYF	YQIGGYTEKW
CASSMGVGRTDTQYF	YQIGGYTEKW
CASSLGTGIIIEQFF	YQIGGYTEKW
CASSIGQGYLNEQFF	YQIGGYTEKW
CASSIGQGTSYEQYF	YQIGGYTEKW
CASSIGSGVVGEQYF	YQIGGYTEKW
CASSIGAGLQGTQYF	YQIGGYTEKW
CASSPGQGDTGELFF	YQIGGYTEKW
CASSIGQSSNQPQHF	YQIGGYTEKW
CASSIGAGSTYDQFF	YQIGGYTEKW
CASSVKGWIQGFQDF	YQIGGYTEKW
CASTRGLGQASYNEQFF	YQIGGYTEKW
CASSLGKGLIYEQYF	YQIGGYTEKW
CASCLTGNTGELFF	YQIGGYTEKW
CASSPGLGPYNEQFF	YQIGGYTEKW
CASSHGIGAGASSYEQYF	YQIGGYTEKW
CASSTGTGLPGELFF	YQIGGYTEKW
CASSLGQGVSYEQYF	YQIGGYTEKW
CASSVGQGLDYEQYF	YQIGGYTEKW
CASTLGQGVEGEQFF	YQIGGYTEKW
CASRPAGGAYEQYF	YQIGGYTEKW
CASSSGLAGFNEQFF	YQIGGYTEKW
CASSIGQGTSYEQYF	YQIGGYTEKW
CASSRDRPPTDTQYF	YQIGGYTEKW
CASALGAGQPQHF	YQIGGYTEKW
CASSLGQGLSYEQYF	YQIGGYTEKW
CASISKGIDISREQYF	YQIGGYTEKW
CASSLGQGVIYEQYF	YQIGGYTEKW
CASSIGVGQAGFQPQHF	YQIGGYTEKW
CASSIGQGSSYEQYF	YQIGGYTEKW
CASSTGQGLAHEQYF	YQIGGYTEKW
CASSIGQGFAYEQYF	YQIGGYTEKW
CASSIGQGSAYEQYF	YQIGGYTEKW
CASSIGTGFSYEQYF	YQIGGYTEKW
CASSIGTGSVYEQFF	YQIGGYTEKW
CASSPLDREPLAKNIQYF	YQIGGYTEKW
CASSLGQGVIYEQYF	YQIGGYTEKW
CASSQGQGISYEQFF	YQIGGYTEKW
CASNFGHQETQYF	YQIGGYTEKW
CASSIGQGFSYEQYF	YQIGGYTEKW
CASSISLGQGAGNEQFF	YQIGGYTEKW
CASSIGQGVHNEQFF	YQIGGYTEKW
CASSVGQGLSYEQYF	YQIGGYTEKW
CASSMGLGTGGFEQFF	YQIGGYTEKW
CASSTGQGSSYEQYF	YQIGGYTEKW
CASSTGLGLSYEQYF	YQIGGYTEKW
CASSSGLGFPEAFF	YQIGGYTEKW
CASSMGSGLGYEQFF	YQIGGYTEKW
CASGTGTGLSYEQYF	YQIGGYTEKW
