CDR3	AA
CASSDMNTGELFF	YLQPRTFL
CASSLLASNTGELFF	YLQPRTFL
CASTNLNTGELFF	YLQPRTFL
CASSLDIEAFF	YLQPRTFL
CASTILNTGELFF	YLQPRTFL
CASSSLNTGELFF	YLQPRTFL
CAIGGSNTGELFF	YLQPRTFL
CASSLLPGLLQPQHF	YLQPRTFL
CASSPDGGLGKGYTF	YLQPRTFL
CATQSLNTGELFF	YLQPRTFL
CALGTSNTGELFF	YLQPRTFL
CASSPDIEAFF	YLQPRTFL
CASSPEDTQYF	YLQPRTFL
CATTRDGNTGELFF	YLQPRTFL
CASSEENTGELFF	YLQPRTFL
CASSDANTGELFF	YLQPRTFL
CAVGAANTGELFF	YLQPRTFL
CASSDRNTGELFF	YLQPRTFL
CASSEDISQYF	YLQPRTFL
CASSEWVGGDEQYF	YLQPRTFL
CASSSTGELFF	YLQPRTFL
CASIDLNTGELFF	YLQPRTFL
CASSREIEAFF	YLQPRTFL
CSATKEGGTRAQETQYF	YLQPRTFL
CSVEDRNTGELFF	YLQPRTFL
CAWDRDHNTGELFF	YLQPRTFL
CSAFPDETSRNTGELFF	YLQPRTFL
CASIELNTGELFF	YLQPRTFL
CASGQLNTGELFF	YLQPRTFL
CATSDGTDLGYTF	YLQPRTFL
CASSPTVIDRGKYQETQYF	YLQPRTFL
CSVEGDRNTGELFF	YLQPRTFL
CSASEDRNTGELFF	YLQPRTFL
CASSYGTGSSYNSPLHF	YLQPRTFL
CASSSGSSYNEQFF	YLQPRTFL
CASSRLGDLENTGELFF	YLQPRTFL
CASGGTNTGELFF	YLQPRTFL
CASQDANTGELFF	YLQPRTFL
CASSLFRGLDRPSYEQYF	YLQPRTFL
CASSDLNTGELFF	YLQPRTFL
CASSESNSLEAFF	YLQPRTFL
CASQELNTGELFF	YLQPRTFL
CASSLTLNTEAFF	YLQPRTFL
CSVELQGEETQYF	YLQPRTFL
CAVGPANTGELFF	YLQPRTFL
CATGRANTGELFF	YLQPRTFL
CASSDLNTGELFF	YLQPRTFL
CASSDLDTGELFF	YLQPRTFL
CASSAGVTGELFF	YLQPRTFL
CASSPDSAIYF	YLQPRTFL
CASTDLNTGELFF	YLQPRTFL
CASSLEIEQFF	YLQPRTFL
CSARDYQGMNTGELFF	YLQPRTFL
CGTEDITSGELFF	YLQPRTFL
CASGEMNTGELFF	YLQPRTFL
CSFGLANTGELFF	YLQPRTFL
CATGQMNTGELFF	YLQPRTFL
CASSDQNTGELFF	YLQPRTFL
CSARDHSARNTGELFF	YLQPRTFL
CVRGDENTGELFF	YLQPRTFL
CASSEQNTGELFF	YLQPRTFL
CASSPEDEQFF	YLQPRTFL
CATQILNTGELFF	YLQPRTFL
CAGQKTNTGELFF	YLQPRTFL
CSVIRQGAEQYF	YLQPRTFL
CASSESWDMGQDNSPLHF	YLQPRTFL
CAWTLDRNTGELFF	YLQPRTFL
CASTELNTGELFF	YLQPRTFL
CASSRGEDTQYF	YLQPRTFL
CASNPDRNTGELFF	YLQPRTFL
CASSPDILAFF	YLQPRTFL
CASSPGQGDYGYTF	YLQPRTFL
CAGGQLNTGELFF	YLQPRTFL
CASSPPGGGDTGELFF	YLQPRTFL
CAWFEGNIQYF	YLQPRTFL
CARGDANTGELFF	YLQPRTFL
CASSQDIRYTF	YLQPRTFL
CASSPDIEQYF	YLQPRTFL
CASQTLNTGELFF	YLQPRTFL
CASSDWDSLTQYF	YLQPRTFL
CSARDLTAQNTGELFF	YLQPRTFL
CARPDQNTGELFF	YLQPRTFL
CAGGPLNTGELFF	YLQPRTFL
CASSPLNGGNTGELFF	YLQPRTFL
CATQVLNTGELFF	YLQPRTFL
CAAQGLNTGELFF	YLQPRTFL
CACQEANTGELFF	YLQPRTFL
CASSPDIEAFF	YLQPRTFL
CAIPGNANTGELFF	YLQPRTFL
CASSPGQGAYGYTF	YLQPRTFL
CASTTRDSANTGELFF	YLQPRTFL
CASSGDISQYF	YLQPRTFL
CSARGDREQNTGELFF	YLQPRTFL
CASSPRDRENTGELFF	YLQPRTFL
CASSPGLGGEEFF	YLQPRTFL
CASSPDIEAFF	YLQPRTFL
CASFGSNTGELFF	YLQPRTFL
CSARDGRAQNTGELFF	YLQPRTFL
CSADTDTQYF	YLQPRTFL
CASQELNTGELFF	YLQPRTFL
CSARDNERAMNTGELFF	YLQPRTFL
CASSELNTGELFF	YLQPRTFL
CASSVLGLPTEAFF	YLQPRTFL
CASSETEGGNTGELFF	YLQPRTFL
CATSGGQGIHGYTF	YLQPRTFL
CASSPGNSGELFF	YLQPRTFL
CASSDLDTGELFF	YLQPRTFL
CASFDDRNTGELFF	YLQPRTFL
CSAPRDQNTGELFF	YLQPRTFL
CARQKLNTGELFF	YLQPRTFL
CASSSGLSGPNF	YLQPRTFL
CATGELNTGELFF	YLQPRTFL
CASGQPNTGELFF	YLQPRTFL
CASSSTGELFF	YLQPRTFL
CASQDSNTGELFF	YLQPRTFL
CASSSPNTGELFF	YLQPRTFL
CASGDPNSYEQYF	YLQPRTFL
CAGDYEQYF	YLQPRTFL
CAWSPPGQGNTGELFF	YLQPRTFL
CASTYMNTGELFF	YLQPRTFL
CASSDLNTGELFF	YLQPRTFL
CSARDGPQQNTGELFF	YLQPRTFL
CASSVGTSGSGREETQYF	YLQPRTFL
CASSDINTGELFF	YLQPRTFL
CASSLDIEAFF	YLQPRTFL
CCGQNVNTGELFF	YLQPRTFL
CASSSLNTGELFF	YLQPRTFL
CASMRLNTGELFF	YLQPRTFL
CASQGLDTGELFF	YLQPRTFL
CARARDWNTGELFF	YLQPRTFL
CASSLTRDTQYF	YLQPRTFL
CAIDSDANTGELFF	YLQPRTFL
CASSDRNTGELFF	YLQPRTFL
CASSPDIEQYF	YLQPRTFL
CASCEGNTGELFF	YLQPRTFL
