CDR3	AA
CATSDLDVNEQFF	MDLFMRIFTI
CASSLGVGSAQHF	MDLFMRIFTI
CASSLGYTEAFF	MDLFMRIFTI
CASSSGGAENTGELFF	MDLFMRIFTI
CATSVGPVLEQFF	MDLFMRIFTI
CASSYTGELFF	MDLFMRIFTI
CASSPGQERDYGYTF	MDLFMRIFTI
CASSQAGVRQPQHF	MDLFMRIFTI
CASDGGTHYEQYF	MDLFMRIFTI
CSARDRGGDRTYYNSPLHF	MDLFMRIFTI
CASLYREAFF	MDLFMRIFTI
CASSLSNPGAPRSEQFF	MDLFMRIFTI
CASSVVLGGYSHEQFF	MDLFMRIFTI
CASSLGQGAYEQYF	MDLFMRIFTI
CASSHPTGGNTNSPLHF	MDLFMRIFTI
CSARDPTGGLRETQYF	MDLFMRIFTI
CASSLSSLQRGSLTDTQYF	MDLFMRIFTI
CASSPPGGRSNQPQHF	MDLFMRIFTI
CASSRPGAYEAFF	MDLFMRIFTI
CASSSLRDSKVVVDFIGELFF	MDLFMRIFTI
