CDR3	AA
CSAQGTSESTDTQYF	NPANNAAIVL
CASSLYGVSYEQYF	NPANNAAIVL
CASSYSGGSYEQYF	NPANNAAIVL
CASSYSPPGHTEAFF	NPANNAAIVL
CASSAGQGAYEQYF	NPANNAAIVL
CASSPRDREAGELFF	NPANNAAIVL
CATSRDREGDNEQFF	NPANNAAIVL
CASMASADTYEQYV	NPANNAAIVL
CASSLGTGDNSPLHF	NPANNAAIVL
CASSLGDREAEQYF	NPANNAAIVL
CASSYSGRVDEQYF	NPANNAAIVL
CSARAEGSYEQYF	NPANNAAIVL
CASSPTSGSGLGELFF	NPANNAAIVL
CSVEPGQGTDTQYF	NPANNAAIVL
CASTASLIGRLSTGELFF	NPANNAAIVL
CASSPFDRDTQYF	NPANNAAIVL
CSVEPGLAGNEQFF	NPANNAAIVL
CTSSQDKRGQPQHF	NPANNAAIVL
CASSLTTGQETQYF	NPANNAAIVL
CASSLGTSDTEAFF	NPANNAAIVL
CASSVGETNTEAFF	NPANNAAIVL
CASSTSDSGNEQFF	NPANNAAIVL
CASSIAAGDLYEQYF	NPANNAAIVL
CASSDYERDTQYF	NPANNAAIVL
CASSLGQVGNNEQFF	NPANNAAIVL
CASSYGDTNYEQYF	NPANNAAIVL
CASSLNPGEAYEQYF	NPANNAAIVL
CASSSSTAGVGETQYF	NPANNAAIVL
CASRPEPGTLTGELFF	NPANNAAIVL
CASSLEGGFYYEQYF	NPANNAAIVL
CASSPTSITGELFF	NPANNAAIVL
CASSYSGQIQVYGYTF	NPANNAAIVL
CASSGLAAYNEQFF	NPANNAAIVL
CSVEEQGNEQFF	NPANNAAIVL
CASSLGQTNTEAFF	NPANNAAIVL
CASSQEGGGTDTQYF	NPANNAAIVL
CASSWAGNYNEQFF	NPANNAAIVL
CASSVGDRDQPQHF	NPANNAAIVL
CASSLAGFSYNEQFF	NPANNAAIVL
CASSYTDTSYEQYF	NPANNAAIVL
CASTTGTGNGANVLTF	NPANNAAIVL
CASSSGQGMAGELFF	NPANNAAIVL
CASTSISGGYGTGELFF	NPANNAAIVL
CASSSQGVSTDTQYF	NPANNAAIVL
CASSLGDRDVGYTF	NPANNAAIVL
CSVEEFWTEQETQYF	NPANNAAIVL
CASSLEGGTPYEQYF	NPANNAAIVL
CASSYVSGGVYEQYF	NPANNAAIVL
CASSYVTGPYEQYF	NPANNAAIVL
CASSPRDYSYEQYF	NPANNAAIVL
CASSFWTSGASDTQYF	NPANNAAIVL
CSVEVLGVTEAFF	NPANNAAIVL
CSVDDRTNYGYTF	NPANNAAIVL
CASSQGPGQGEVTDTQYF	NPANNAAIVL
CASSLAVGGQITGELFF	NPANNAAIVL
CASSLGPKRVVSYEQYF	NPANNAAIVL
CASSLPTGVETQYF	NPANNAAIVL
CASSTAMTDTQYF	NPANNAAIVL
CASSWEDKGEDEQFF	NPANNAAIVL
CASSLGETNTEAFF	NPANNAAIVL
CASSYFFGSTNEQFF	NPANNAAIVL
CASSPLSVIVSYEQYF	NPANNAAIVL
CASSFSGQDSTDTQYF	NPANNAAIVL
CSARVPGLGGYTF	NPANNAAIVL
CASSLWGLNTEAFF	NPANNAAIVL
CASSYMDVSSYEQYF	NPANNAAIVL
CASSPQGGLSYEQYF	NPANNAAIVL
CATSTLRESNTEAFF	NPANNAAIVL
CASSIDGGVAYNEQFF	NPANNAAIVL
CASSSGPDINDEQYF	NPANNAAIVL
CASSQEKGQLNTGELFF	NPANNAAIVL
