CDR3	AA
CASSFGETQYF	ASANLAATK
CASSSKRDSYNEQFF	ASANLAATK
CASSSTETQYF	ASANLAATK
CASSFEGNTIYF	ASANLAATK
CASSQDSTVYEQYF	ASANLAATK
CSVLRGYWDTQYF	ASANLAATK
CASSLVPDEQFF	ASANLAATK
CASSFRGGSTEAFF	ASANLAATK
CASSQDVSNSWYGYTF	ASANLAATK
CASSLVSASETQYF	ASANLAATK
CAWVAQAISMNTEAFF	ASANLAATK
CAWSEGGWTYEQYF	ASANLAATK
CASSAPPKANTEAFF	ASANLAATK
CASSQSHNEQFF	ASANLAATK
CASSHPGQGADTQYF	ASANLAATK
CASSFLAGHVPEQFF	ASANLAATK
CASSSGETQYF	ASANLAATK
CASFGPPRGEAYNEQFF	ASANLAATK
CASSYSSYVDTQYF	ASANLAATK
CASHTGSTEAFF	ASANLAATK
CATSDSRGQDANTEAFF	ASANLAATK
CASSIGPGDNQPQHF	ASANLAATK
CASSARTGTSSGYTF	ASANLAATK
CASSPGGSGELFF	ASANLAATK
CASSYLTDYNEQFF	ASANLAATK
CASSYSIDGPGGYTF	ASANLAATK
CASSYGGVGTEAFF	ASANLAATK
CSVEETATAGANVLTF	ASANLAATK
CASSHPTAGVTYNEQFF	ASANLAATK
CASSQDEALYNSPLHF	ASANLAATK
CASSQDPLLNTEAFF	ASANLAATK
CASSFWGENNEQFF	ASANLAATK
CASSLGGETQYF	ASANLAATK
CASTVSSGGADTQYF	ASANLAATK
CASRQGSREQYF	ASANLAATK
CASSYGETQYF	ASANLAATK
CASGQGAGQPQHF	ASANLAATK
CASSLMGPAGNTEAFF	ASANLAATK
CASSPEWNQPQHF	ASANLAATK
