CDR3	AA
CASSLGSELTGELFF	QQQQGQTVTK
CASRRDRDNYEQYF	QQQQGQTVTK
CSTHGGRGYEQYF	QQQQGQTVTK
CASSWTLGDQPQHF	QQQQGQTVTK
CASGLGAEQFF	QQQQGQTVTK
CASSIVQSTYNEQFF	QQQQGQTVTK
CATSRDAGGETQYF	QQQQGQTVTK
CASSQARDIFYEQYF	QQQQGQTVTK
CSAHGGHSYEQYF	QQQQGQTVTK
CASSQARDTFYEQYF	QQQQGQTVTK
CASSLAGAADTQYF	QQQQGQTVTK
CSVHGQGGYEQYF	QQQQGQTVTK
CASSWTLGDQPQHF	QQQQGQTVTK
CASSLAGGPPDTQYF	QQQQGQTVTK
CSVHGQGGYEQYF	QQQQGQTVTK
CSVRGLSRSSYEQYF	QQQQGQTVTK
CASSLTSNLGPDYGYTF	QQQQGQTVTK
CASSSRAGGSKSQSYNEQFF	QQQQGQTVTK
CSAHGGAAYEQYF	QQQQGQTVTK
CAIPTPTQTVYEQYF	QQQQGQTVTK
CSAATEDSYNEQFF	QQQQGQTVTK
