CDR3	AA
CASSPPGGRLPYEQYF	YINVFAFPF
CATEVGSGANVLTF	YINVFAFPF
CASSRTGGTNEKLFF	YINVFAFPF
CASSLEGKLFF	YINVFAFPF
CASRQGAGWANEQFF	YINVFAFPF
CASILSGGEGEQYF	YINVFAFPF
CASSLSGFGDYGYTF	YINVFAFPF
CASGYPAEQYF	YINVFAFPF
CASSPGGSYEQYF	YINVFAFPF
CASSVGFEQYF	YINVFAFPF
CASSYPGGEAFF	YINVFAFPF
CASSLTGELQFF	YINVFAFPF
CASSFSNEQFF	YINVFAFPF
CASSYSTGRGLETQYF	YINVFAFPF
CASSPTGGEQYF	YINVFAFPF
CSATRGQETQYF	YINVFAFPF
CASVPQGRAEAFF	YINVFAFPF
CASSFSSVELFF	YINVFAFPF
CASSLQAEAFF	YINVFAFPF
CASSGAGGQADTQYF	YINVFAFPF
CSAVIGQGLTYEQYF	YINVFAFPF
CSARATESGELFF	YINVFAFPF
CASSVDSGSYEQYF	YINVFAFPF
CASSPTGAEAFF	YINVFAFPF
CASSPSGETQYF	YINVFAFPF
CATSETGSEQYF	YINVFAFPF
CASSLTGYEQYF	YINVFAFPF
CASSFAGPETQYF	YINVFAFPF
CASSLSSEQYF	YINVFAFPF
CAWSSTFGAGEYEQYF	YINVFAFPF
CASSQPIGGNEQFF	YINVFAFPF
CASSHFWRANEQFF	YINVFAFPF
CAISDGWSSYEQYF	YINVFAFPF
CASSQGGRLGNYEQYF	YINVFAFPF
CSANSGEETQYF	YINVFAFPF
CASSPTGETQYF	YINVFAFPF
CATSSQDDSYEQYF	YINVFAFPF
CASSSGPGYTF	YINVFAFPF
CASSGTSGMYEQYF	YINVFAFPF
CSASRDRETQYF	YINVFAFPF
CASSWTVNTIYF	YINVFAFPF
CASRGRGFGILSTYEQYF	YINVFAFPF
CASNLAGGDEQYF	YINVFAFPF
CASSQVTNTEAFF	YINVFAFPF
CATSGALAEQYF	YINVFAFPF
CASTLAGELFF	YINVFAFPF
CASGGTDTQYF	YINVFAFPF
CASSLAGLSSYEQYF	YINVFAFPF
CASSSPDRGQETQYF	YINVFAFPF
CASSQGARGYTF	YINVFAFPF
CSEAGGRSGEQFF	YINVFAFPF
CASSVAGGPEAFF	YINVFAFPF
CASSQEGRVEQFF	YINVFAFPF
CASSLLGGEFDEQFF	YINVFAFPF
CSARDGVYNEQFF	YINVFAFPF
CASSAHTQYF	YINVFAFPF
CASSPRQGGAYEQYF	YINVFAFPF
CATSSGHQETQYF	YINVFAFPF
CASSPPPLNTEAFF	YINVFAFPF
CASSLVGGGALSYEQYF	YINVFAFPF
CSARSENTGELFF	YINVFAFPF
CASSQEWVGSPLHF	YINVFAFPF
CASSDSLAGINEQFF	YINVFAFPF
CASSLVGYGYTF	YINVFAFPF
CASSPSGNGYTF	YINVFAFPF
CASSPTSETQYF	YINVFAFPF
CSARATGTHLSIYF	YINVFAFPF
CASSPGTSRGEQFF	YINVFAFPF
CASSLTGIPPLHF	YINVFAFPF
CASSLGLAGGKDTQYF	YINVFAFPF
CASSLSGSDYEQYF	YINVFAFPF
CASSVEGNGAINIQYF	YINVFAFPF
CATSRARGLYEQYF	YINVFAFPF
CASSGTPNTGELFF	YINVFAFPF
CASSGGLAGGPAQETQYF	YINVFAFPF
CASSLAPPEQFF	YINVFAFPF
CASSLTGETQYF	YINVFAFPF
CASSLLGGGSYNEQFF	YINVFAFPF
CASSPEGDSYEQYF	YINVFAFPF
CASSQEYNQPQHF	YINVFAFPF
CASSSWNTEAFF	YINVFAFPF
CASSFDGVYGYTF	YINVFAFPF
CASSIQGTGELFF	YINVFAFPF
CASSLVGETQYF	YINVFAFPF
CASGGGINYGYTF	YINVFAFPF
CASSPQGAYNEQFF	YINVFAFPF
CASSFSDTQYF	YINVFAFPF
CASTPSGYGYTF	YINVFAFPF
CASSFSGELFF	YINVFAFPF
CASSFLEPL	YINVFAFPF
CASSYVIQGTGELFF	YINVFAFPF
CASSLKGETQYF	YINVFAFPF
CASSLTGETQYF	YINVFAFPF
CASSPTGNEQFF	YINVFAFPF
CASSVEFGSNYGYTF	YINVFAFPF
CASSYQGGPEAFF	YINVFAFPF
CATSSGRQETQYF	YINVFAFPF
CSAPIGTQFYEQYF	YINVFAFPF
CASSLLGETQYF	YINVFAFPF
CASGNGGNGYTF	YINVFAFPF
CSVETGDTGNTIYF	YINVFAFPF
CASSAAVWDTGELFF	YINVFAFPF
CATSRDGTRSYNEQFF	YINVFAFPF
CASGSGVTYNEQFF	YINVFAFPF
CSVEEGETGNTIYF	YINVFAFPF
CASSDDRSYEQYF	YINVFAFPF
CATSDYLAGGVNEQFF	YINVFAFPF
CASSWTGASTDTQYF	YINVFAFPF
CSAIAEVYNEQFF	YINVFAFPF
CADTPGVFF	YINVFAFPF
CATSREDQETQYF	YINVFAFPF
CASSPTAGDSGNTIYF	YINVFAFPF
CASSLDGYEQYF	YINVFAFPF
CASSLRYGYTF	YINVFAFPF
CSARENHSQETQYF	YINVFAFPF
CASSQSGGADEQYF	YINVFAFPF
CASSEGGSYEQYF	YINVFAFPF
CASNLGAEQYF	YINVFAFPF
CASRSYTEAFF	YINVFAFPF
CASVGSGDGYTF	YINVFAFPF
CASSPSGNTIYF	YINVFAFPF
CSADAVSTDTQYF	YINVFAFPF
CASGDGPGYTF	YINVFAFPF
CASSQTGEIQYF	YINVFAFPF
CASSYGGINEQFF	YINVFAFPF
CSGHRDTEAFF	YINVFAFPF
CSAETAHIILGTQYF	YINVFAFPF
CASSLDGEQFF	YINVFAFPF
CASSPTGYEQYF	YINVFAFPF
CASRELAGGPNEQFF	YINVFAFPF
CASSPTAYYEQYF	YINVFAFPF
CASSLHPGGYYEQYF	YINVFAFPF
CASSFAAEQFF	YINVFAFPF
CASSYGSAEQYF	YINVFAFPF
CASSLGDEQYF	YINVFAFPF
CATAGTGDEKLFF	YINVFAFPF
CASSYSMTLDTTSGANVLTF	YINVFAFPF
CASSLGSGGHNEQFF	YINVFAFPF
CASSPTGETQYF	YINVFAFPF
CASSLTGAEQYF	YINVFAFPF
CASSYNNYGYTF	YINVFAFPF
CASSYSMGEGPLTGGYNEQFF	YINVFAFPF
CSAPRSTHSSYEQYF	YINVFAFPF
CASSERDLYHEAFF	YINVFAFPF
CASSPTGTEAFF	YINVFAFPF
CASSALAGGLNEQFF	YINVFAFPF
CASSPEYTYQPQHF	YINVFAFPF
CASNYIRSGTSGMDTQYF	YINVFAFPF
CASSDSGETQYF	YINVFAFPF
CASSREGGYYEQYF	YINVFAFPF
CASSLGLHTEAFF	YINVFAFPF
CASSQGPEQYF	YINVFAFPF
CATGKTISGANVLTF	YINVFAFPF
CASSPSNEQFF	YINVFAFPF
CAITASGYEQYF	YINVFAFPF
CASSSWERPTDTQYF	YINVFAFPF
CASSHEGQGSPYEQYF	YINVFAFPF
CAIMTGWGYTF	YINVFAFPF
CASSVARTGENAVPQETQYF	YINVFAFPF
CASSLSGFLYEQYF	YINVFAFPF
CASATGPEQYF	YINVFAFPF
CASSLTGETQYF	YINVFAFPF
CASSSSSGANVLTF	YINVFAFPF
CSAVTSGRIYEQYF	YINVFAFPF
CASSEQGEKLFF	YINVFAFPF
CASSVTTAGYGYTF	YINVFAFPF
CASSFVGYEQYF	YINVFAFPF
CTSSQEGTGDSYEQYF	YINVFAFPF
CASSPTGHEQFF	YINVFAFPF
CSAIPGQDSYEQYF	YINVFAFPF
CASSLFQGAEYGYTF	YINVFAFPF
CASSPIHGTGLNTGELFF	YINVFAFPF
CASSPREGLTDTQYF	YINVFAFPF
CASSPTGGLTDTQYF	YINVFAFPF
CATFSGGAYGYTF	YINVFAFPF
CASGLDGSLFF	YINVFAFPF
CAISVDGGPQETQYF	YINVFAFPF
CASSQEGKPTRELFF	YINVFAFPF
CSAVGQDLSYEQYF	YINVFAFPF
CASSASGHEQFF	YINVFAFPF
CASYSGNTIYF	YINVFAFPF
CSASLAQETQYF	YINVFAFPF
CASSFEGVYEQFF	YINVFAFPF
CSVVLANTDTQYF	YINVFAFPF
CASSTESMGNQPQHF	YINVFAFPF
CASSLGLQGYTF	YINVFAFPF
CASSKGPGGWMNTEAFF	YINVFAFPF
CASSLAGETQYF	YINVFAFPF
CASSLGSSGGNTGELFF	YINVFAFPF
CASSPTSGRAVYEQYF	YINVFAFPF
CASSYGGNQPQHF	YINVFAFPF
CASSFSGREQYF	YINVFAFPF
CASSPTGNEQFF	YINVFAFPF
CASSLSGAVTDTQYF	YINVFAFPF
CASSLTGETQYF	YINVFAFPF
CASSAEPTAGGMNTEAFF	YINVFAFPF
CASSFSGHEQFF	YINVFAFPF
CATSSVAAEQFF	YINVFAFPF
CSVNEGSSGEKLFF	YINVFAFPF
CASSPTAPDITNQPQHF	YINVFAFPF
CASSWAGAYEQYF	YINVFAFPF
CASSPFGFF	YINVFAFPF
CASSFSYEQYF	YINVFAFPF
CASTLYNEQFF	YINVFAFPF
CASSWSFYEQYF	YINVFAFPF
CSVEVSGNEQFF	YINVFAFPF
CASSLRHLIENSPLHF	YINVFAFPF
CASRLAGSVHEQYF	YINVFAFPF
CASSFSLVGTEDPQETQYF	YINVFAFPF
CATSDTTGGNQPQHF	YINVFAFPF
CASSFEGQPQHF	YINVFAFPF
CASSLSNEQFF	YINVFAFPF
CASSVGQDGYTF	YINVFAFPF
CASSRGGNEQFF	YINVFAFPF
CASSTTGGSTDTQYF	YINVFAFPF
CASSVMDEQFF	YINVFAFPF
CASSAAGVEDEQFF	YINVFAFPF
CASSNIAEQFF	YINVFAFPF
CASSLYPGPSYEQYF	YINVFAFPF
CASIQGFESSYNEQFF	YINVFAFPF
CASSYQETQYF	YINVFAFPF
CASSIGGGGEQFF	YINVFAFPF
CASSLTGETQYF	YINVFAFPF
CSALTYGYTF	YINVFAFPF
CASSLGTGGEQYF	YINVFAFPF
CSARTVNTGELFF	YINVFAFPF
CASSGTGESTYEQYF	YINVFAFPF
CASSEGTVPSYEQYF	YINVFAFPF
CASSQKDRPGGGYTF	YINVFAFPF
CASSEGGDTQYF	YINVFAFPF
CASSLTGGGGPDTQYF	YINVFAFPF
CASSVDAGSYEQYF	YINVFAFPF
CASSLTNTQYF	YINVFAFPF
CASSFSYEQYF	YINVFAFPF
CSVDGGLNTEAFF	YINVFAFPF
CASSTTPGTEAFF	YINVFAFPF
CASSLGGSLHEQYF	YINVFAFPF
CASSLGRSYTEAFF	YINVFAFPF
CASSLSYEQYF	YINVFAFPF
CASSHEFANTGELFF	YINVFAFPF
CATQGDSGNTIYF	YINVFAFPF
CASSPDYSNIQYF	YINVFAFPF
CASSLVGETQYF	YINVFAFPF
CASSPTGAEAFF	YINVFAFPF
CASSLYNEQFF	YINVFAFPF
CASSYRGQEQFF	YINVFAFPF
CASSLGARGYTF	YINVFAFPF
CASSYPGQEQFF	YINVFAFPF
CASSPSGETQYF	YINVFAFPF
CASSFYPGRLSGNTIYF	YINVFAFPF
CSAISPSDSTYEQYF	YINVFAFPF
CASSSSGETQYF	YINVFAFPF
CASSYSGETQYF	YINVFAFPF
CAISGLAENNEQFF	YINVFAFPF
CASSQAYTQYF	YINVFAFPF
CASSQGAGINSPLHF	YINVFAFPF
CSAPDYNEQFF	YINVFAFPF
CASSYQGIGEQFF	YINVFAFPF
CASSFAGELFF	YINVFAFPF
CSAMQGAGDSYEQYF	YINVFAFPF
CASSVDLGSYEQYF	YINVFAFPF
CSASGVPTYEQYF	YINVFAFPF
CSASFSGQGPPYEQYF	YINVFAFPF
CSANAAKETQYF	YINVFAFPF
CASSSAGETQYF	YINVFAFPF
CASSETGETQYF	YINVFAFPF
CSARRGHHQETQYF	YINVFAFPF
CASSPGPYEQYF	YINVFAFPF
CASSFRGYEQYF	YINVFAFPF
CASSYDGDGRKSSYNEQFF	YINVFAFPF
CSSTSGDTYEQYF	YINVFAFPF
CSANDWAGELFF	YINVFAFPF
CASSQDGPHGSSYNEQFF	YINVFAFPF
CASSKGWGYTF	YINVFAFPF
CASSQEYRGNNSSNQPQHF	YINVFAFPF
CASSLGTPDTQYF	YINVFAFPF
CASGSGGYGYTF	YINVFAFPF
CASSLYLGYEQYF	YINVFAFPF
CASSQDLSRVNTEAFF	YINVFAFPF
CASSLQGEDYEQYF	YINVFAFPF
CASSQTGNTIYF	YINVFAFPF
CASSSSGSSADTQYF	YINVFAFPF
CASSYHGREGGYEQYF	YINVFAFPF
CASSSPGQGLIYEQYF	YINVFAFPF
CASSPQDTGELFF	YINVFAFPF
CASSLGEKLFF	YINVFAFPF
CASKYGNTEAFF	YINVFAFPF
CASSLGGYNEQFF	YINVFAFPF
CASRDSSSGANVLTF	YINVFAFPF
CASSPGTSGYEQYF	YINVFAFPF
CASSVGGISEAFF	YINVFAFPF
CASGGETQYF	YINVFAFPF
CASSPGQGGEKLFF	YINVFAFPF
CASSLVSGGPEKLFF	YINVFAFPF
CASSRRGTDYTGELFF	YINVFAFPF
CSARQGVSAFF	YINVFAFPF
CASSKTGYEQFF	YINVFAFPF
CSVQSGRGTEAFF	YINVFAFPF
CASSQVGDISYEQYF	YINVFAFPF
CASSFAGETQYF	YINVFAFPF
CASSPTGSTDTQYF	YINVFAFPF
CASSPDGAADTQYF	YINVFAFPF
CASSFRDGYEQYF	YINVFAFPF
CASRGEGDGYTF	YINVFAFPF
CSVGSANYGYTF	YINVFAFPF
CASSAGALEQFF	YINVFAFPF
CASSLRDPSSYEQYF	YINVFAFPF
CASSQEIASEPQHF	YINVFAFPF
CASSAQGGGTDTQYF	YINVFAFPF
CASSFSGTGSGETQYF	YINVFAFPF
CASMGGRPEAFF	YINVFAFPF
CASRQPDIYSGNTIYF	YINVFAFPF
CASSTTGYEQYF	YINVFAFPF
CASGPDSEQFF	YINVFAFPF
CAGTGTPYGYTF	YINVFAFPF
CASSSPHRGDKSGDTEAFF	YINVFAFPF
CASSVEGFLEQFF	YINVFAFPF
CASTGGGVYEQYF	YINVFAFPF
CASSFVGTSGSYEQYF	YINVFAFPF
CASSSSLSSYEQYF	YINVFAFPF
CASSQGTGVAYEQYF	YINVFAFPF
CATPHDGPGGVGMPYEQYF	YINVFAFPF
CASSQGLALGDTQYF	YINVFAFPF
CASSSSPEQYF	YINVFAFPF
CASSLSGQGQNF	YINVFAFPF
CASIWGYSNQPQHF	YINVFAFPF
CASSVSGGALDTQYF	YINVFAFPF
CASSGGTGAYEQYF	YINVFAFPF
CASSPSGLTDTQYF	YINVFAFPF
CSAPDRGINTEAFF	YINVFAFPF
CASSYGSTEAFF	YINVFAFPF
CASSLAGETQYF	YINVFAFPF
CASSYSPGDSYEQYF	YINVFAFPF
CASSVDITDTQYF	YINVFAFPF
CASSFSVEQFF	YINVFAFPF
CASSLAGGLFSPDTQYF	YINVFAFPF
CALGAEGGSPLHF	YINVFAFPF
CASSDSSYEQYF	YINVFAFPF
CASSFAGANVLTF	YINVFAFPF
CASTLALDTQYF	YINVFAFPF
CASSLSWGGNTEAFF	YINVFAFPF
CASGPGYNEQFF	YINVFAFPF
CSALTGENIQYF	YINVFAFPF
CASSLEGLVGYTDTQYF	YINVFAFPF
CASSLGLGGEAFF	YINVFAFPF
CASSLSGQTGRPGTEAFF	YINVFAFPF
CASSFSGDGYTF	YINVFAFPF
CAYGTEDNEQYF	YINVFAFPF
CASTEPLAGDLTNEQFF	YINVFAFPF
CASSQSEAGENSPLHF	YINVFAFPF
CASSPGTFTYF	YINVFAFPF
CASSLAQPSGANVLTF	YINVFAFPF
CSATGLDRGHGYTF	YINVFAFPF
CSVEDGGGYEQYF	YINVFAFPF
CATSPAGGNNEQFF	YINVFAFPF
CASSFSNRPDF	YINVFAFPF
CATASAGQETQYF	YINVFAFPF
CASSEAGGANEQFF	YINVFAFPF
CASSTTGYEQYF	YINVFAFPF
CASSLTGEQPQHF	YINVFAFPF
CASSFSVLQFF	YINVFAFPF
CATSRTGAQHF	YINVFAFPF
CSGLEHNEQFF	YINVFAFPF
CASGLAGPNEQFF	YINVFAFPF
CASSSTTDLALETQYF	YINVFAFPF
CSALLGRVNNEQFF	YINVFAFPF
CSALTEGYTF	YINVFAFPF
CASSLTGYEQYF	YINVFAFPF
CASSFSGTGEKLFF	YINVFAFPF
CASSFVHF	YINVFAFPF
CASSLSGNEQFF	YINVFAFPF
CASGLDVGQGGGYTF	YINVFAFPF
CASSSTDTQYF	YINVFAFPF
CASSYSGSSGSLQFF	YINVFAFPF
CASSFSSWPFF	YINVFAFPF
CASSLGQPQHF	YINVFAFPF
CASSLGYEQYF	YINVFAFPF
CSASGPGTSDFSYEQYF	YINVFAFPF
CASSLTGIGDPGYTF	YINVFAFPF
CASSWLLAGGPGEDNEQFF	YINVFAFPF
CASSSGLDSYEQYF	YINVFAFPF
CSVEVGSGYEQYF	YINVFAFPF
CASSITGELFF	YINVFAFPF
CATGTGELFF	YINVFAFPF
CASSGLAGIIDEQFF	YINVFAFPF
CASSLGLYGYTF	YINVFAFPF
CASSPTGSPLHF	YINVFAFPF
CASSPRTSGSVVKETQYF	YINVFAFPF
CSAQQGPRLTYEQYF	YINVFAFPF
CASIQGAYEQYF	YINVFAFPF
CASSLREF	YINVFAFPF
CASSLGSDTQYF	YINVFAFPF
CSVEGLGTGPYEQYF	YINVFAFPF
CASSPAGEKFF	YINVFAFPF
CASNSPLHF	YINVFAFPF
CASGYVGADTQYF	YINVFAFPF
CASSFGSVLTF	YINVFAFPF
CSASSPAEQFF	YINVFAFPF
CASSQGGHTAFF	YINVFAFPF
CASSQSRGPEAFF	YINVFAFPF
CASSHPGTEAFF	YINVFAFPF
CASSLGLNSYNEQFF	YINVFAFPF
CSARSSSSYNEQFF	YINVFAFPF
CASSVGAEAGSGNTIYF	YINVFAFPF
CASSQESGGSYEQYF	YINVFAFPF
CSARPTRLAGVHEQYF	YINVFAFPF
CASALVYEQYF	YINVFAFPF
CSARGRLAGGSYEQYF	YINVFAFPF
CSVELGSGNTIYF	YINVFAFPF
CASSSLGASGANVLTF	YINVFAFPF
CASSQTGANPPQHF	YINVFAFPF
CSASNSQETQYF	YINVFAFPF
CSVEKGQGHEQYF	YINVFAFPF
CASSISSEQYF	YINVFAFPF
CASSYGASPLHF	YINVFAFPF
CASSYSPSAYEQFF	YINVFAFPF
CASSFQGKEFF	YINVFAFPF
CASGDTGELFF	YINVFAFPF
CASSFGLAGGRSDTQYF	YINVFAFPF
CASSLAAPYEQYF	YINVFAFPF
CASSEGAGYNEQFF	YINVFAFPF
CASSLAGGPTEQFF	YINVFAFPF
CASSPEGRSEQFF	YINVFAFPF
CASSASETQYF	YINVFAFPF
CASSLTGQGEQYF	YINVFAFPF
CASTPPAGELFF	YINVFAFPF
CASSYSIASGRYSTDTQYF	YINVFAFPF
CASSFGTEYTF	YINVFAFPF
CASSPRTGYNEQFF	YINVFAFPF
CASSAFFGLAGGGKETQYF	YINVFAFPF
CASSLMLGGVDTGELFF	YINVFAFPF
CSVISGDVNGYTF	YINVFAFPF
CASSLWLGDAQYF	YINVFAFPF
CASSLSILGQYGEQFF	YINVFAFPF
CASSINPGETQYF	YINVFAFPF
CASSFSPGELFF	YINVFAFPF
CSALTGAGNTIYF	YINVFAFPF
CATSSPTSGRAPETQYF	YINVFAFPF
CASSLVYRGSETQYF	YINVFAFPF
CASPGQAYYGYTF	YINVFAFPF
CSAQTGESSYNSPLHF	YINVFAFPF
CSAREVGLAGGNGLFEQYF	YINVFAFPF
CASVDVGSSTDTQYF	YINVFAFPF
CAIGTSGTDTQYF	YINVFAFPF
CSARDQRVRGDTQYF	YINVFAFPF
CASGLAGVAGELFF	YINVFAFPF
CASSPTDTQYF	YINVFAFPF
CASSLTGFGYTF	YINVFAFPF
CASSFSIGRVF	YINVFAFPF
CASSPTEAFF	YINVFAFPF
CASSLGGTGTYNEQFF	YINVFAFPF
CSAVYNEQFF	YINVFAFPF
CASSGDGNSGNTIYF	YINVFAFPF
CSATGTGTHPLYEQYF	YINVFAFPF
CASSAFQGEDTEAFF	YINVFAFPF
CASSLSAEAFF	YINVFAFPF
CASSLSLGFIPGQGDSGYGYTF	YINVFAFPF
CASSLDFRAKNIQYF	YINVFAFPF
CASSPAYRGINEQFF	YINVFAFPF
CASSLGSYTF	YINVFAFPF
CASSLDGETQYF	YINVFAFPF
CASSLSGETQYF	YINVFAFPF
CASSPTGDGYTF	YINVFAFPF
CASSSTGEKLFF	YINVFAFPF
CASGGVETQYF	YINVFAFPF
CASSPSGHEQFF	YINVFAFPF
CASSGGLAGGPAQETQYF	YINVFAFPF
CATQRSGTSGSYEQYF	YINVFAFPF
CASGPTNYGYTF	YINVFAFPF
CASSGPNRDRDYEKLFF	YINVFAFPF
CASSSEGLARVF	YINVFAFPF
CASSEYSGGADEQFF	YINVFAFPF
CSVVSTGLAKNIQYF	YINVFAFPF
CASSSHGEIAYNEQFF	YINVFAFPF
CASSPSGYEQFF	YINVFAFPF
CASSQGGETQYF	YINVFAFPF
CATGWGKFF	YINVFAFPF
CASSPLAGVNYEQYF	YINVFAFPF
CASSKSDRPIAKNIQYF	YINVFAFPF
CSVVPGTVPSYEQYF	YINVFAFPF
CASSFGNTQYF	YINVFAFPF
CASSDLAGTNEQFF	YINVFAFPF
CASSFDASQYF	YINVFAFPF
CASSPTGNIQYF	YINVFAFPF
CASSFSGYEQFF	YINVFAFPF
CASSGGGTEAFF	YINVFAFPF
CATGGAGTNEQYF	YINVFAFPF
CATSLSANNEQFF	YINVFAFPF
CASTAWASGGYNEQFF	YINVFAFPF
CASSQDWGGIYEQYF	YINVFAFPF
CASSQAEEQYF	YINVFAFPF
CASSSSIYRGSQPQHF	YINVFAFPF
CASSYGLAGGKETQYF	YINVFAFPF
CASSFGQPQHF	YINVFAFPF
CASSYAGELFF	YINVFAFPF
CASSLSYEQYF	YINVFAFPF
CASTQRGSGTEAFF	YINVFAFPF
CSASGLGFGYTF	YINVFAFPF
CASSYSGETQYF	YINVFAFPF
CASSFSFEQFF	YINVFAFPF
CASSLGGNAKNIQYF	YINVFAFPF
CASSYLASSYNEQFF	YINVFAFPF
CASSLGTGYTF	YINVFAFPF
CASSPNGAEQFF	YINVFAFPF
CASSLTGETQYF	YINVFAFPF
CASSFLAGESYNEQFF	YINVFAFPF
CASSFAETQYF	YINVFAFPF
CASSLALGGPTGELFF	YINVFAFPF
CASGLEAFF	YINVFAFPF
CSATVANEQFF	YINVFAFPF
CASSFQGFTEAFF	YINVFAFPF
CATAVETGKITDTQYF	YINVFAFPF
CASSIAGYNEQFF	YINVFAFPF
CASSPGLAETYEQYF	YINVFAFPF
CASSYGGSSYNEQFF	YINVFAFPF
CASSPTGFEQYF	YINVFAFPF
CASSVDSGSYEQYF	YINVFAFPF
CASSHEFLAGGFDTQYF	YINVFAFPF
CSAPSYNEQFF	YINVFAFPF
CSAVAGKSSYEQYF	YINVFAFPF
CASSSGLAMFF	YINVFAFPF
CASSLTGETQYF	YINVFAFPF
CASSPGSEQFF	YINVFAFPF
CASGVGGNGYTF	YINVFAFPF
CAWGQTGSDTQYF	YINVFAFPF
CASSPSGNTIYF	YINVFAFPF
CARLGDTQYF	YINVFAFPF
CSAYPGGVSSYNSPLHF	YINVFAFPF
CASSFSRVQFF	YINVFAFPF
CSVQGANTGELFF	YINVFAFPF
CASSRIGEQFF	YINVFAFPF
CASSAFRRDGSSPLHF	YINVFAFPF
CSVQQGTGFEQYF	YINVFAFPF
CASSSRGELFF	YINVFAFPF
CASSLEQGASYEQYF	YINVFAFPF
CSAIPVGLISYEQYF	YINVFAFPF
CSVETGNGETQYF	YINVFAFPF
CSATEFYEQYF	YINVFAFPF
CASSPVGYEQYF	YINVFAFPF
CASSPTGNTIYF	YINVFAFPF
CASSLSGTSVNEQFF	YINVFAFPF
CASSPPTGSYEQYF	YINVFAFPF
CASSYGGTEAFF	YINVFAFPF
CASTAVGQLYF	YINVFAFPF
CASSLASEQYF	YINVFAFPF
CASRPTGPQPQHF	YINVFAFPF
CAISESDLTGGFTGANVLTF	YINVFAFPF
CASSSYNEQFF	YINVFAFPF
CSARFPLAAPLNEQFF	YINVFAFPF
CASTHSTGTANTGELFF	YINVFAFPF
CASSYRPPDPASDYEQYF	YINVFAFPF
CASSVTGNPRYGYTF	YINVFAFPF
CASSPTDGEQFF	YINVFAFPF
CASSEIDEQFF	YINVFAFPF
CSARAVGQGSIEQYF	YINVFAFPF
CASSRGGPGELFF	YINVFAFPF
CSARDYGSRGNIQYF	YINVFAFPF
CASSLKERIGEQYF	YINVFAFPF
CASSWGGYGYTF	YINVFAFPF
CASSLDGYEQYF	YINVFAFPF
CASSNNPGPERGTF	YINVFAFPF
CASSRGGGELFF	YINVFAFPF
CASSFMAEQFF	YINVFAFPF
CASSSYIGTSGILIGEQYF	YINVFAFPF
CSAIPLPPISGANVLTF	YINVFAFPF
CASSTMRTEVSGANVLTF	YINVFAFPF
CASSFSETQYF	YINVFAFPF
CASSTWTGENTEAFF	YINVFAFPF
CASSLGAAQANTGELFF	YINVFAFPF
CASSPPPHSGPTGGQYF	YINVFAFPF
CASSLAETQYF	YINVFAFPF
CASSEGGLYEQYF	YINVFAFPF
CASSSASEQYF	YINVFAFPF
CASSFIVSGGPLQETQYF	YINVFAFPF
CATSDYTSGTYNEQFF	YINVFAFPF
CASSTGSYEQYF	YINVFAFPF
CASGQFMNTGELFF	YINVFAFPF
CASSPAGLKQFF	YINVFAFPF
CASTPGASGIGNEQFF	YINVFAFPF
CASSPSGAEQFF	YINVFAFPF
CASSPMGSGSLNEQFF	YINVFAFPF
CSAVGTASSYEQYF	YINVFAFPF
CASSFAGTQYF	YINVFAFPF
CASSGAGSEQYF	YINVFAFPF
CSATTGAGELFF	YINVFAFPF
CSESPSGTGNSNGYTF	YINVFAFPF
CASSTTGSLQFF	YINVFAFPF
CSVEHGGSSYNEQFF	YINVFAFPF
CASSLSYEQFF	YINVFAFPF
CASSFPIAGAPYEQYF	YINVFAFPF
CATSRGSQETQYF	YINVFAFPF
CSALGGPNYGYTF	YINVFAFPF
CASSGPVGLFF	YINVFAFPF
CASSPTSYEQFF	YINVFAFPF
CASSPQGALGYEQYF	YINVFAFPF
CASSPSGASTDTQYF	YINVFAFPF
CASSSQGSGELFF	YINVFAFPF
CSATAGQETQYF	YINVFAFPF
CASSPGYEQYF	YINVFAFPF
CASNHGAEAFF	YINVFAFPF
CASMQNNEQFF	YINVFAFPF
CAWSWELGYYEQYF	YINVFAFPF
CATSRSGGPYEQYF	YINVFAFPF
CASSTSGETQYF	YINVFAFPF
CASSLVGETQYF	YINVFAFPF
CASSPNSLGLSSYNEQFF	YINVFAFPF
CASLGPGLAAYEQYF	YINVFAFPF
CASSTSGETQYF	YINVFAFPF
CASSVEGGWVYNEQFF	YINVFAFPF
CASSPTEAFF	YINVFAFPF
CASSTLLAGATGELFF	YINVFAFPF
CASSPSGNTIYF	YINVFAFPF
CASSYSRAGANTGELFF	YINVFAFPF
CASSLGGHFGWNEQFF	YINVFAFPF
CASSFMETQYF	YINVFAFPF
CASSLSYEQYF	YINVFAFPF
CAIRSAWGEQYF	YINVFAFPF
CASTFVGDEQFF	YINVFAFPF
CASRPSGTYNEQFF	YINVFAFPF
CASSFLTGELFF	YINVFAFPF
CASSQGVGASGTQETQYF	YINVFAFPF
CASSLTGGSEQYF	YINVFAFPF
CASSLSGTQYF	YINVFAFPF
CGSGHTGELFF	YINVFAFPF
CASSWTGSEQFF	YINVFAFPF
CASSSRDSSRGLEQYF	YINVFAFPF
CASSPPGTGELFF	YINVFAFPF
CASSYGGETQYF	YINVFAFPF
CASTLSALHEQYF	YINVFAFPF
CASGNEQFF	YINVFAFPF
CSLTSGRATDTQYF	YINVFAFPF
CASSPNGGEQFF	YINVFAFPF
CASSLQGTGELFF	YINVFAFPF
CASSPQWTSGTYEQYF	YINVFAFPF
CASSPDSKLFF	YINVFAFPF
CASSFSVEQFF	YINVFAFPF
CASGSTDTQYF	YINVFAFPF
CASSFSGTQYF	YINVFAFPF
CASSPTGETQYF	YINVFAFPF
CASSPGMQPEAFF	YINVFAFPF
CASSFSGNTIYF	YINVFAFPF
CASSMLGWGNQPQHF	YINVFAFPF
CSVKVYNEQFF	YINVFAFPF
CASSLGATADF	YINVFAFPF
CASGPGLQGYTF	YINVFAFPF
CASTLAGGGTDTQYF	YINVFAFPF
CASSGPGNEQFF	YINVFAFPF
CASSYGSETQYF	YINVFAFPF
CSVERGTGELFF	YINVFAFPF
CSARDWQGETQYF	YINVFAFPF
CASSLSDSGANVLTF	YINVFAFPF
CSAWGVGSNQPQHF	YINVFAFPF
CSAILGSGNTIYF	YINVFAFPF
CASSSNRSPEQFF	YINVFAFPF
CSATSGRETQYF	YINVFAFPF
CASSFSYEQYF	YINVFAFPF
CASSPQGTQYF	YINVFAFPF
CASSGTSGYYEQYF	YINVFAFPF
CASSYGGETQYF	YINVFAFPF
CATNQGNTEAFF	YINVFAFPF
CATSERQESSQHF	YINVFAFPF
CASSLTGFGYTF	YINVFAFPF
CASSYSGSDTF	YINVFAFPF
CASSFQGYEQYF	YINVFAFPF
CASSYGGTEQYF	YINVFAFPF
CSALGTIMFGYTF	YINVFAFPF
CASSPGTGGADTQYF	YINVFAFPF
CASSYSSREEGSYEQYF	YINVFAFPF
CSVGIGQGTDTQYF	YINVFAFPF
CASSLGLAGGVVNEQFF	YINVFAFPF
CASRTSGVYNEQFF	YINVFAFPF
CATSGNYNEQFF	YINVFAFPF
CASSPYIRDL	YINVFAFPF
CASSWGGVSPLHF	YINVFAFPF
CASSQRTGGEAFF	YINVFAFPF
CASSLTGGADGYTF	YINVFAFPF
CASSPSSGANVLTF	YINVFAFPF
CASSFQGEQYF	YINVFAFPF
CSGSQAKETQYF	YINVFAFPF
CASSLYIGSPQPYEQYF	YINVFAFPF
CASSLAGVSTDTQYF	YINVFAFPF
CASSFAGNNEQFF	YINVFAFPF
CASSSAYYGYTF	YINVFAFPF
CASSLGGETQYF	YINVFAFPF
CASSGSPGTGELFF	YINVFAFPF
CASSIDPGAMNTEAFF	YINVFAFPF
CASSLGTSGFDEQFF	YINVFAFPF
CASSQTGAILHF	YINVFAFPF
CASSDGGRQISGNTIYF	YINVFAFPF
CASSQVGETIYF	YINVFAFPF
CATQWTGEKLFF	YINVFAFPF
CASSWTGNGYTF	YINVFAFPF
CASSQEGLAGGPARTDTQYF	YINVFAFPF
CASSRQTYNEQFF	YINVFAFPF
CASSLWDASSYEQYF	YINVFAFPF
CASTIAGDTQYF	YINVFAFPF
CASSVEGAGAKNIQYF	YINVFAFPF
CASSLFREDEQFF	YINVFAFPF
CSAPGTGNSGNQPQHF	YINVFAFPF
CATSRGPLGQSYEQYF	YINVFAFPF
CASSLFPAGDVGELFF	YINVFAFPF
CAISESGSIHEQYF	YINVFAFPF
CASSLNGYTF	YINVFAFPF
CATMLGASNQPQHF	YINVFAFPF
CASSLGTEAFF	YINVFAFPF
CATVSGRTAEQFF	YINVFAFPF
CATSLQSEETQYF	YINVFAFPF
CASGYTGVPFF	YINVFAFPF
CASSFTGNTIYF	YINVFAFPF
CSVVRDTEAFF	YINVFAFPF
CASSSVGTQYF	YINVFAFPF
CASSFVGEQFF	YINVFAFPF
CASSYSSLNTEAFF	YINVFAFPF
CASSTGTGGGQPQHF	YINVFAFPF
CASSATGEDYEQYF	YINVFAFPF
CASSLVRDPIYEQYF	YINVFAFPF
CSATTDMGEKLFF	YINVFAFPF
CASISANIQYF	YINVFAFPF
CASSPTGAIQYF	YINVFAFPF
CASWDGMNTEAFF	YINVFAFPF
CASSFGAGNQPQHF	YINVFAFPF
CASSHGLAAAVSDTQYF	YINVFAFPF
CASSITVSGNTIYF	YINVFAFPF
CASSRARTGYGGELFF	YINVFAFPF
CATSIWNEQFF	YINVFAFPF
CSVEGGGGNEQFF	YINVFAFPF
CASSFSYEQYF	YINVFAFPF
CSVLTGAGTGELFF	YINVFAFPF
CASQSGELFF	YINVFAFPF
CASSLGGETQYF	YINVFAFPF
CSAITGENTEAFF	YINVFAFPF
CSASPPLLASDTQYF	YINVFAFPF
CASSWAGAGSYGYTF	YINVFAFPF
CASSQGWETQYF	YINVFAFPF
CASNQGSYEQYF	YINVFAFPF
CASSPVIGQGVRSYEQYF	YINVFAFPF
CASSFWSGTGPDNQPQHF	YINVFAFPF
CASSPTGGGEQYF	YINVFAFPF
CASSLGGTHNEQFF	YINVFAFPF
CASLTGGITEAFF	YINVFAFPF
CASSETYLASGGNEQFF	YINVFAFPF
CASSTQGAPTNEKLFF	YINVFAFPF
CASSVEGLSDWQFF	YINVFAFPF
CASSFLRGVNPYEQYF	YINVFAFPF
CSVQTGGGFEQYF	YINVFAFPF
CASSWTGENYGYTF	YINVFAFPF
CASSLSSWYEQFF	YINVFAFPF
CASSLQGLKPQHF	YINVFAFPF
CSASVAGESYEQFF	YINVFAFPF
CSTWDMDSGNTIYF	YINVFAFPF
CASSLGGYGYTF	YINVFAFPF
CASSAQGSAFF	YINVFAFPF
CASSPSGRYEQYF	YINVFAFPF
CASSFSVEQFF	YINVFAFPF
CASSLNSNQPQHF	YINVFAFPF
CSVQTGTGFEQYF	YINVFAFPF
CASSVNSNQPQHF	YINVFAFPF
CSATSVGLALYEQYF	YINVFAFPF
CASSLAGELFF	YINVFAFPF
CASSLTRQEAFF	YINVFAFPF
CASSYSAYDRDQETQYF	YINVFAFPF
CASSATGYEQYF	YINVFAFPF
CASSDVGADTQYF	YINVFAFPF
CATTVAGGIQYF	YINVFAFPF
CASSVEGGLDEQFF	YINVFAFPF
CASSQGAETQYF	YINVFAFPF
CASTTASGVHEQYF	YINVFAFPF
CASSFLGDGYTF	YINVFAFPF
CASSLADDAFF	YINVFAFPF
CASSLAGNEQFF	YINVFAFPF
CSATDGNTGELFF	YINVFAFPF
CASSQVDRGPYGYTF	YINVFAFPF
CASSPTGAEQFF	YINVFAFPF
CASSFSNEQFF	YINVFAFPF
CASSFTGEQYF	YINVFAFPF
CASSVSGETQYF	YINVFAFPF
CSALRSGYTF	YINVFAFPF
CASSSAGTASTDTQYF	YINVFAFPF
CASSLGYNEQFF	YINVFAFPF
CASTPGGELFF	YINVFAFPF
CASSVGGSSYNEQFF	YINVFAFPF
CASSQGIYGYTF	YINVFAFPF
CSASLDTYEQYF	YINVFAFPF
CASRGLAGPIGDEQYF	YINVFAFPF
CASSHAAYEQYF	YINVFAFPF
CSAILASTGELFF	YINVFAFPF
CSARDPSYTEAFF	YINVFAFPF
CASRTGSSQYF	YINVFAFPF
CASSSNEQFF	YINVFAFPF
CASSLIDQPQHF	YINVFAFPF
CSAVGLSVIYEQYF	YINVFAFPF
CASSLGGEQFF	YINVFAFPF
CASSTSGETQYF	YINVFAFPF
CASSWAGNEQYF	YINVFAFPF
CASSPGGELFF	YINVFAFPF
CASSFSYEQYF	YINVFAFPF
CASSYPLRGTSGLTDTQYF	YINVFAFPF
CASSPTGNEQYF	YINVFAFPF
CASSQGSGRVLNTGELFF	YINVFAFPF
CATCTSGQETQYF	YINVFAFPF
CASSYIGLASLETQYF	YINVFAFPF
CASSYSSGEQFF	YINVFAFPF
CASSLISEQFF	YINVFAFPF
CSAVGVADTYEQYF	YINVFAFPF
CSAPRPVGQGRYSNQPQHF	YINVFAFPF
CSVEEGQGHEQYF	YINVFAFPF
CASSLGGANEQFF	YINVFAFPF
CASEWAGTEAFF	YINVFAFPF
CASSLAGRRHF	YINVFAFPF
CASSPGTGVYNEQFF	YINVFAFPF
CASIVTAGGNTGELFF	YINVFAFPF
CSAGQGTPSYNEQFF	YINVFAFPF
CASQGGYTQYF	YINVFAFPF
CASSSSGTGYEQYV	YINVFAFPF
CASSLGLGGSYEQYF	YINVFAFPF
CASSSGTDSYEQYF	YINVFAFPF
CASRKIGGVAGANVLTF	YINVFAFPF
CASSDWALGTDTQYF	YINVFAFPF
CATSFGEGWGSGNTIYF	YINVFAFPF
CATTGGAFYEQYF	YINVFAFPF
CASSFASEQYF	YINVFAFPF
CASSEPAGDMNTEAFF	YINVFAFPF
CASSLAMRGAYSYEQYF	YINVFAFPF
CASSYPPDRGQAEAFF	YINVFAFPF
CASSLTGFEQYF	YINVFAFPF
CAISGQSVSYEQYF	YINVFAFPF
CASSLASSYNEQFF	YINVFAFPF
CASSLDGTGDNHYGYTF	YINVFAFPF
CASRQGAGELFF	YINVFAFPF
CASSLAGASDEQFF	YINVFAFPF
CASSQTESSYEQYF	YINVFAFPF
CASSLEAGSTYEQYF	YINVFAFPF
CATEGPHTDTQYF	YINVFAFPF
CASSDGDRGGYEQYF	YINVFAFPF
CASSPEAGRSYEQYF	YINVFAFPF
CASSDGSKAEAFF	YINVFAFPF
CASSTSGSSYEQYF	YINVFAFPF
CASSPTGAEQYF	YINVFAFPF
CSVEGGGNEQFF	YINVFAFPF
CASSWTGAYEQYF	YINVFAFPF
CASSFGGGGQETQYF	YINVFAFPF
CASSLDAYEQYF	YINVFAFPF
CASSYSEGVTEAFF	YINVFAFPF
CASSLEGEKLFF	YINVFAFPF
CSENIRDRGKRNTGELFF	YINVFAFPF
CSAAYGRETQYF	YINVFAFPF
CASLGGRGAFF	YINVFAFPF
CATSSRGKETQYF	YINVFAFPF
CASGATITSYEQFF	YINVFAFPF
CASSDCETGRPQHF	YINVFAFPF
CASSWASYEQYF	YINVFAFPF
CATGYLSNEQFF	YINVFAFPF
CASSLPGTGSGYTF	YINVFAFPF
CASSMGQGYYYEQYF	YINVFAFPF
CSAESGRAEETQYF	YINVFAFPF
CASSRLAGREQYF	YINVFAFPF
CASSSGPDYTF	YINVFAFPF
CASSHFPPEGYTF	YINVFAFPF
CASWDSANEQFF	YINVFAFPF
CASSYSETQYF	YINVFAFPF
CSAILVITGAYEQYF	YINVFAFPF
CASSLEGQRKVF	YINVFAFPF
CSVDTGLDTQYF	YINVFAFPF
CSVGGSLTYEQYF	YINVFAFPF
CASSPRRADNSPLHF	YINVFAFPF
CASSWGGELFF	YINVFAFPF
CSVVRGQGYEQYF	YINVFAFPF
CASSSTGASLFF	YINVFAFPF
CASSQSSSYNEQFF	YINVFAFPF
CASSSPDGSRGVYEQYF	YINVFAFPF
CASSRGQPQHF	YINVFAFPF
CASSQVLDRGWYEQYF	YINVFAFPF
CASSKTPFSRGIGEQYF	YINVFAFPF
CATGATESPQQFF	YINVFAFPF
CSAISGGTGELFF	YINVFAFPF
CASSQERAGGITDTQYF	YINVFAFPF
CASSLAGDGYTF	YINVFAFPF
CASSQPATEAFF	YINVFAFPF
CASSYSGGDNYGYTF	YINVFAFPF
CASSFPTSVSNTEAFF	YINVFAFPF
CASSYETGGLNTEAFF	YINVFAFPF
CASSWSGRGYTF	YINVFAFPF
CSVQQGAYEQYF	YINVFAFPF
CASSFSGEQFF	YINVFAFPF
CASSLLGETQYF	YINVFAFPF
CASSQSTGPNQPQHF	YINVFAFPF
CASGGRELFF	YINVFAFPF
CASSSLVGPDYNEQFF	YINVFAFPF
CASSLVGETQYF	YINVFAFPF
CSVLTGTYEQYF	YINVFAFPF
CASSPTGYEQYF	YINVFAFPF
CSAAWGTETQYF	YINVFAFPF
CASSYNIEGYSNQPQHF	YINVFAFPF
CASSERGPIDTQYF	YINVFAFPF
CASSLGTGGEQYF	YINVFAFPF
CASSYLGLAGEQFF	YINVFAFPF
CASSVFGGYEQYF	YINVFAFPF
CASSFSPGGLFF	YINVFAFPF
CASSLGVWGSSTDTQYF	YINVFAFPF
CASSPDTQYF	YINVFAFPF
CASSGQGETQYF	YINVFAFPF
CSVEVGQGYEQYF	YINVFAFPF
CSAPRADSSYEQYF	YINVFAFPF
CASSEQAGGLAEAFF	YINVFAFPF
CASSSGGLNTEAFF	YINVFAFPF
CASSPTGYEQYF	YINVFAFPF
CASSYSWDPADYGYTF	YINVFAFPF
CASSLWAGGYNEQFF	YINVFAFPF
CASTLGGEKLFF	YINVFAFPF
CASSLLAGGTDTQYF	YINVFAFPF
CASSLLGTQYEQYF	YINVFAFPF
CASTPEGDYGYTF	YINVFAFPF
CASSYSGTIYF	YINVFAFPF
CATSRDMGANEKLFF	YINVFAFPF
CSVETGGGNIQYF	YINVFAFPF
CASSFLGQINTGELFF	YINVFAFPF
CSAREGATAPAPYEQYF	YINVFAFPF
CASSLTYNQPQHF	YINVFAFPF
CASSSGTGIDEQFF	YINVFAFPF
CASTEGPSGVYNEQFF	YINVFAFPF
CSALSGNTGELFF	YINVFAFPF
CSVEEGTGNTIYF	YINVFAFPF
CASSLSGGSTDTQYF	YINVFAFPF
CASSLRGHFYEQYF	YINVFAFPF
CASSESTDGAYGYTF	YINVFAFPF
CASSGFGYTF	YINVFAFPF
CASSLENYGYTF	YINVFAFPF
CSARDPGQGAKQYF	YINVFAFPF
CASSKGQIMYSNQPQHF	YINVFAFPF
CASKEGNTEAFF	YINVFAFPF
CASSLYGQRDFSYTF	YINVFAFPF
CASSFVADTQYF	YINVFAFPF
CASSLVQIGNEQFF	YINVFAFPF
CASSPSSQGNQPQHF	YINVFAFPF
CASSSAGETQYF	YINVFAFPF
CASSPSGWVSFF	YINVFAFPF
CASSQGTVELFF	YINVFAFPF
CSARDLSGLNTEAFF	YINVFAFPF
CATQQGIEQYF	YINVFAFPF
CAISESGDEKLFF	YINVFAFPF
CASSPTGETQYF	YINVFAFPF
CASSPTGWEAFF	YINVFAFPF
CSVQDGSYEQYF	YINVFAFPF
CASSRAGQTYYEQYF	YINVFAFPF
CATSSQDTGGEQYF	YINVFAFPF
CASSLVREQFF	YINVFAFPF
CASSESRSKNIQYF	YINVFAFPF
CASSFSGYNEQFF	YINVFAFPF
CASRGQGPYEQYF	YINVFAFPF
CASSLEGIYGYTF	YINVFAFPF
CASIPGRTSGRETQYF	YINVFAFPF
CASSHGTSGFEQYF	YINVFAFPF
CASSQDYYGYTF	YINVFAFPF
CSGYWAGSSYEQYF	YINVFAFPF
CASNPWGEVGELFF	YINVFAFPF
CSVEEGSGELFF	YINVFAFPF
CSVEVGTGYEQYF	YINVFAFPF
CAIGLGNEQFF	YINVFAFPF
CSATQGTGELFF	YINVFAFPF
CSAHQAGGFYEQYF	YINVFAFPF
CASGGTGYSYEQYF	YINVFAFPF
CASSQGQGVHEQYF	YINVFAFPF
CASSLRDF	YINVFAFPF
CASSYAGEQYF	YINVFAFPF
CASSQGLSGSLSSYEQYF	YINVFAFPF
CASSLVGETQYF	YINVFAFPF
CASSKGQSYNEQFF	YINVFAFPF
CASSFSGEKLFF	YINVFAFPF
CASSQDGADASYEQYF	YINVFAFPF
CASSTGDEQFF	YINVFAFPF
CASTETGWNTIYF	YINVFAFPF
CSVEPGLVPPSGNTIYF	YINVFAFPF
CASSQSYEQYF	YINVFAFPF
CASSFSGLARYF	YINVFAFPF
CSVEVGSGNTIYF	YINVFAFPF
CASSLSGEQFF	YINVFAFPF
CASSGGLAVQYF	YINVFAFPF
CASSSGLAGGGETQYF	YINVFAFPF
CASRQGPNRDPQHF	YINVFAFPF
CATRQGSGELFF	YINVFAFPF
CASSFPGGEQFF	YINVFAFPF
CSAMRGYQETQYF	YINVFAFPF
CASKTPNTGELFF	YINVFAFPF
CASSYPGRETQYF	YINVFAFPF
CASSPGGGGGYTF	YINVFAFPF
CASSLVGTGGFKTEAFF	YINVFAFPF
CASSSLAGLYNEQFF	YINVFAFPF
CASSPAGTATGELFF	YINVFAFPF
CASSSTGAEQFF	YINVFAFPF
CASSFGGYGYTF	YINVFAFPF
CASSFMGVPFF	YINVFAFPF
CASSPTGSEQYF	YINVFAFPF
CASSLSGETQYF	YINVFAFPF
CASSPWGGEQFF	YINVFAFPF
CSARDIVAGVSPLHF	YINVFAFPF
CASSPAGTAMFF	YINVFAFPF
CASSPAGTGGYEQYF	YINVFAFPF
CASSGNEQFF	YINVFAFPF
CASSIRTDYNEQFF	YINVFAFPF
CASSFPTETQYF	YINVFAFPF
CASSLSGHEQFF	YINVFAFPF
CASSPTGKLAFF	YINVFAFPF
CASGSHYEQYF	YINVFAFPF
CASSFTETQYF	YINVFAFPF
CASSYPRRLAGGRLDTQYF	YINVFAFPF
CASSFTGVDVF	YINVFAFPF
CASSVEVGAKQYF	YINVFAFPF
CASSTGGREQYF	YINVFAFPF
CSALQGEGTEAFF	YINVFAFPF
CASSEWTAEAFF	YINVFAFPF
CASSHRGPEQYF	YINVFAFPF
CSASTGAGYEQYF	YINVFAFPF
CSAATGKGYEQYF	YINVFAFPF
CASLRGTEAFF	YINVFAFPF
CASSTTGGLGFF	YINVFAFPF
CASSPGGNLRSF	YINVFAFPF
CASSLAEQGDTQYF	YINVFAFPF
CASSFYRQGGGAFF	YINVFAFPF
CASSEDLSGDYEQYF	YINVFAFPF
CASSQSGEQYF	YINVFAFPF
CASSSTLHSYEQYF	YINVFAFPF
CASSLAGGFYNEQFF	YINVFAFPF
CASSLNGETQYF	YINVFAFPF
CASHSAQGLHEQYF	YINVFAFPF
CASSISGGERCF	YINVFAFPF
CASSYSPGHSYNEQFF	YINVFAFPF
CASSEGSGRNTDTQYF	YINVFAFPF
CASSAGNEKLFF	YINVFAFPF
CASSYSMSGGLNTDTQYF	YINVFAFPF
CASSFSYPYEQYF	YINVFAFPF
CASSLYTGGETQYF	YINVFAFPF
CASSSGFYEQYF	YINVFAFPF
CASASGDEQYF	YINVFAFPF
CASSLGNEQFF	YINVFAFPF
CATSRGAEETQYF	YINVFAFPF
CASSQGRGGVYEQYF	YINVFAFPF
CSARDSLDSRPYEQYF	YINVFAFPF
CSATIPPWDRGQYEQYF	YINVFAFPF
CASSFSSEQYF	YINVFAFPF
RASSLAKFLSNQPQHF	YINVFAFPF
CASSPGGSGYTF	YINVFAFPF
CASSFRDNITDTQYF	YINVFAFPF
CASSWADTQYF	YINVFAFPF
CASSETTGTSGRISYNEQFF	YINVFAFPF
CASSFGTLSSGNTIYF	YINVFAFPF
CASLPGGGLQETQYF	YINVFAFPF
CASSQREVYNEQFF	YINVFAFPF
CASTFSGASAFF	YINVFAFPF
CASSPWAGANEQYF	YINVFAFPF
CASSPFVETQYF	YINVFAFPF
CASSETGGSGYTF	YINVFAFPF
CASSYSYNEQFF	YINVFAFPF
CASIITRGRQSRNTGELFF	YINVFAFPF
CASSYPGGYGYTF	YINVFAFPF
CATHGQSGANVLTF	YINVFAFPF
CTSRSSYNEQFF	YINVFAFPF
CSARSVSGRAPGELFF	YINVFAFPF
CASSFGLDTQYF	YINVFAFPF
CSASTLAGVSLGNEQFF	YINVFAFPF
CASSVEGRGPYNEQFF	YINVFAFPF
CSVLQGSGYTF	YINVFAFPF
CASSQVGPQQFF	YINVFAFPF
CASSFPISGSAYNEQFF	YINVFAFPF
CSVELGRGYEQYF	YINVFAFPF
CASSFTGYEQYF	YINVFAFPF
CASSSSYEQYF	YINVFAFPF
CASSLTGTGSIIPYEQYF	YINVFAFPF
CSAPIGQGFEQYF	YINVFAFPF
CASSFGGEQFF	YINVFAFPF
CASSQTGEKAFF	YINVFAFPF
CASSASRDPPHGSYNEQFF	YINVFAFPF
CASSHVAGGMDTQYF	YINVFAFPF
CASRFMPGTADHF	YINVFAFPF
CASSYSEGVTEAFF	YINVFAFPF
CASSLVYEQYF	YINVFAFPF
CSARDFASTGTGGIDEQFF	YINVFAFPF
CASSYGGYGAWQHF	YINVFAFPF
CASSSAGPNYEQYF	YINVFAFPF
CASTYGDSPLHF	YINVFAFPF
CASSPGQAGYTF	YINVFAFPF
CSVETGQGYEQFF	YINVFAFPF
CASSFVDEQFF	YINVFAFPF
CASSLPTDTQYF	YINVFAFPF
CASSFSEKLFF	YINVFAFPF
CSAPPTGGTVPYEQYF	YINVFAFPF
CASSFAGYEQFF	YINVFAFPF
CASSREGQGDYEQYF	YINVFAFPF
CSARDLGLGRPVDTQYF	YINVFAFPF
CASSLHFNEKLFF	YINVFAFPF
CASSPNQGLSQPLIEAFF	YINVFAFPF
CASSLAGGGADTQYF	YINVFAFPF
CASSPAGYEQYF	YINVFAFPF
CASSANDFFSPLHF	YINVFAFPF
CSARYANTEAFF	YINVFAFPF
CASSSSGETQYF	YINVFAFPF
CASSLFGGSKFHEQYF	YINVFAFPF
CSTLTLSGTGELFF	YINVFAFPF
CASSSGGTEAFF	YINVFAFPF
CASSAGQFEQYF	YINVFAFPF
CSATNGQETQYF	YINVFAFPF
CASSEYSGPYYEQYF	YINVFAFPF
CASSQTGETQYF	YINVFAFPF
CASSTGLTRYEQYF	YINVFAFPF
CASSGQPGRDTYEQYF	YINVFAFPF
CASSPTGEGYTF	YINVFAFPF
CASSFGLAGGLLSYEQYF	YINVFAFPF
CASTLSGLLFF	YINVFAFPF
CASSQLTGGQPYEQYF	YINVFAFPF
CSVEEGTGFEQYF	YINVFAFPF
CKNRVTSLGAFF	YINVFAFPF
CASSSLQGAYTEAFF	YINVFAFPF
CAWSYTHEIPSGTGYEQYF	YINVFAFPF
CSVYRGGDEQFF	YINVFAFPF
CASTNIDRPGYEQYF	YINVFAFPF
CATRSGANVLTF	YINVFAFPF
CASSLGTGGYEQYF	YINVFAFPF
CASSYGGGEQFF	YINVFAFPF
CASSYNGLVF	YINVFAFPF
CASSQGGAEQYF	YINVFAFPF
CASKAGLEDEQYF	YINVFAFPF
CSVVGTGQFF	YINVFAFPF
CASSWGTGELFF	YINVFAFPF
CASSYGGETQYF	YINVFAFPF
CASLSGKQFF	YINVFAFPF
CASSYTEGLSDEQYF	YINVFAFPF
CASFGGTEAFF	YINVFAFPF
CSVLPLRISTDTQYF	YINVFAFPF
CASSHTGETQYF	YINVFAFPF
CSVEAGTDTQYF	YINVFAFPF
CASSPSGAEDYEQYF	YINVFAFPF
CASSFVYEQFF	YINVFAFPF
CASSLDLVKLFF	YINVFAFPF
CASSDRDRGYEQYF	YINVFAFPF
CASSYAGETQYF	YINVFAFPF
CASSVDGLAEAFF	YINVFAFPF
CASTLAGTQYF	YINVFAFPF
CASSFPRQGVETQYF	YINVFAFPF
CASSVDGGSYEQYF	YINVFAFPF
CASSPWIF	YINVFAFPF
CASSYIYEQYF	YINVFAFPF
CASSQEGRPEQFF	YINVFAFPF
CSASAGTDLYEQYF	YINVFAFPF
CASSPGQPEAFF	YINVFAFPF
CASSQDMGGEQYF	YINVFAFPF
CASSMVGVSTDTQYF	YINVFAFPF
CASGAGADATQYF	YINVFAFPF
CASSATSGTGGYYGYTF	YINVFAFPF
CASSFVGELFF	YINVFAFPF
CASSLAGLAGLEFF	YINVFAFPF
CASSLGTEYWF	YINVFAFPF
CASSLTGETQYF	YINVFAFPF
CASSLSEKLFF	YINVFAFPF
CASSFRSGVEPQHF	YINVFAFPF
CASSSGSLGYTF	YINVFAFPF
CSAILADTGELFF	YINVFAFPF
CASSLGSGEPQHF	YINVFAFPF
CATSDSKGGVEQFF	YINVFAFPF
CASSLTGFGYTF	YINVFAFPF
CVLPARIEGYDTTMNTEAFF	YINVFAFPF
CASSQGGFEAFF	YINVFAFPF
CASSPSGETQYF	YINVFAFPF
CSATRGVGTDTQYF	YINVFAFPF
CASSVPGGEQFF	YINVFAFPF
CASSVELAGITGELFF	YINVFAFPF
CSVERGRGYEQYF	YINVFAFPF
CASTQGLAGATGELFF	YINVFAFPF
CASNWGSGSYEQYF	YINVFAFPF
CASSLLGETQYF	YINVFAFPF
CASSHGPESGLGRNQPQHF	YINVFAFPF
CASSVYGNTEAFF	YINVFAFPF
CASAGVGKLFF	YINVFAFPF
CASSLVGEKLFF	YINVFAFPF
CASSFSGYNEQFF	YINVFAFPF
CASSPYNPNQPQHF	YINVFAFPF
CASSSTGGGTDTQYF	YINVFAFPF
CATSRERGPYNEQFF	YINVFAFPF
CASSYGSYGYTF	YINVFAFPF
CASSFSGEQYF	YINVFAFPF
CASSRRDLPSPLHF	YINVFAFPF
CASSLGVNTEAFF	YINVFAFPF
CASSPSGGGELFF	YINVFAFPF
CASSVELAGGLNRQFF	YINVFAFPF
CASSWTGNEAFF	YINVFAFPF
CASSTTGCEQFF	YINVFAFPF
CAAGRDGFYEQYF	YINVFAFPF
CASSPLETF	YINVFAFPF
CASSFAETQYF	YINVFAFPF
CASSSGGRISYEQYF	YINVFAFPF
CASSSLTTSYEQYF	YINVFAFPF
CASSLVARESADTQYF	YINVFAFPF
CASSQQGVGETQYF	YINVFAFPF
CSVPSGSSYEQYF	YINVFAFPF
CASSLGYGYTF	YINVFAFPF
CATTGGNAEAFF	YINVFAFPF
CASSRSGVETQYF	YINVFAFPF
CASSLAWDGTYEQYF	YINVFAFPF
CASSLAGNEKLFF	YINVFAFPF
CASSSFRGADYEQYF	YINVFAFPF
CASRPTRKGETQYF	YINVFAFPF
CASSTRTASETQYF	YINVFAFPF
CASSLVGETQYF	YINVFAFPF
CASSQDQGVVQPQHF	YINVFAFPF
CSAQGLGPGYNEQFF	YINVFAFPF
CASGWSNGYTF	YINVFAFPF
CASSFSIEQYF	YINVFAFPF
CASSYGTGYLGYTF	YINVFAFPF
CASSWGGELFF	YINVFAFPF
CASSLAGAEQYF	YINVFAFPF
CASSYSYEQYF	YINVFAFPF
CASSLSSGSEQFF	YINVFAFPF
CSATTSGISYNEQFF	YINVFAFPF
CASSFQGATEAFF	YINVFAFPF
CASSIEDTDTQYF	YINVFAFPF
CATSRSAGAYYEQYF	YINVFAFPF
CASRDRGETQYF	YINVFAFPF
CSAGRESDSGRTDEQYF	YINVFAFPF
CASSFDGISGYTF	YINVFAFPF
CASSWGQDGYTF	YINVFAFPF
CSVVRTDNTGELFF	YINVFAFPF
CATSRGDRGGYEQYF	YINVFAFPF
RAKHPRDPGTPRWTDTQYF	YINVFAFPF
CASSFSGETQYF	YINVFAFPF
CASSLGPRREQVDTQYF	YINVFAFPF
CATSRARGQGYEQYF	YINVFAFPF
CSAEQGTGYEQYF	YINVFAFPF
CAISEGQGGYEQYF	YINVFAFPF
CASTLPTQYF	YINVFAFPF
CASSPLGDGGSYEQYF	YINVFAFPF
CASSLTGDTQYF	YINVFAFPF
CASSLGVEETQYF	YINVFAFPF
CSASGSGSYYEQYF	YINVFAFPF
CASSWGMEGYTF	YINVFAFPF
CASSLSPNEQFF	YINVFAFPF
CASDRSGEAFF	YINVFAFPF
CASSQELGVLDYTF	YINVFAFPF
CASSYTGFEQYF	YINVFAFPF
CASSFSHEQFF	YINVFAFPF
CASSLEGGSEAFF	YINVFAFPF
CASSFGGFPFF	YINVFAFPF
CSAAGTGSSYNSPLHF	YINVFAFPF
CASSFEGTQYF	YINVFAFPF
CASSPGPMAFF	YINVFAFPF
CASSVEEGSPYNEQFF	YINVFAFPF
CASRDGLAGDTQYF	YINVFAFPF
CASSYQTEIYGYTF	YINVFAFPF
CASSQAGDTQYF	YINVFAFPF
CASRLTGTGELFF	YINVFAFPF
CASSEVGGAMNTEAFF	YINVFAFPF
CASSYSYGFYPVPGQGSRDNEQFF	YINVFAFPF
CASLPLSQGAHGTDTQYF	YINVFAFPF
CASSSSGETQYF	YINVFAFPF
CASSQLQGWTEAFF	YINVFAFPF
CASSLTESSYNEQFF	YINVFAFPF
CASSFSTEAFF	YINVFAFPF
CASSVATGGTTDTQYF	YINVFAFPF
CASGQGPGYTF	YINVFAFPF
CASSDTGGNEQFF	YINVFAFPF
CASSPGTSGYEQYF	YINVFAFPF
CASRGLAGYNEQFF	YINVFAFPF
CASSLGEKLFF	YINVFAFPF
CASRARDRVSYEQYF	YINVFAFPF
CASSLTGNEQFF	YINVFAFPF
CAGGFSGELFF	YINVFAFPF
CASIFSGGYTF	YINVFAFPF
CASTGGYYGYTF	YINVFAFPF
CASSPGGGELFF	YINVFAFPF
CASTEREGLSNEQFF	YINVFAFPF
CASSVQGNTEAFF	YINVFAFPF
CASSLIPAYNEQFF	YINVFAFPF
CATTTVF	YINVFAFPF
CSAIVSGKTYEQYF	YINVFAFPF
CASSLAYEQFF	YINVFAFPF
CASSLGLAEYEQYF	YINVFAFPF
CASSPVSSLYNEQFF	YINVFAFPF
CASSPGQGPEAFF	YINVFAFPF
CASSLPGELFF	YINVFAFPF
CAISGLSGANVLTF	YINVFAFPF
CASSNRQGAVNSPLHF	YINVFAFPF
CATSRVGETQYF	YINVFAFPF
CSVETGDGETQYF	YINVFAFPF
CSAIEGGTGELFF	YINVFAFPF
CASSLSIYRDRDQPQHF	YINVFAFPF
CSGFRDAGTQYF	YINVFAFPF
CASSPVISGTEAFF	YINVFAFPF
CASSLRVSSQETQYF	YINVFAFPF
CSATAGLSTDTQYF	YINVFAFPF
CASSSAGRSSYEQYF	YINVFAFPF
CASTGGAGDTQYF	YINVFAFPF
CASSSPGTGWIQQYF	YINVFAFPF
CATSEGLAGGNEQFF	YINVFAFPF
CASSYGGDTQYF	YINVFAFPF
CASSQETRLAGGPYNEQFF	YINVFAFPF
CASSSTGAGGYTF	YINVFAFPF
CASSLGGESYEQYF	YINVFAFPF
CASGGGELFF	YINVFAFPF
CASSLVAYEQYF	YINVFAFPF
CASSLAGNQFF	YINVFAFPF
CSASAVGFDYEQYF	YINVFAFPF
CSARETGAPQPEQYF	YINVFAFPF
CASSFAVLLEQFF	YINVFAFPF
CASSEHSSGGYNEQFF	YINVFAFPF
CASSFSGTDTQYF	YINVFAFPF
CATQGTVTYEQYF	YINVFAFPF
CAWSGPSGEGFRYEQYF	YINVFAFPF
CSVATGSSGNTIYF	YINVFAFPF
CASSPGDEQFF	YINVFAFPF
CASSLQGTGELFF	YINVFAFPF
CASSPDGYEQYF	YINVFAFPF
CASRQKNTEAFF	YINVFAFPF
CASSQGLAGGPKTQYF	YINVFAFPF
CASSPGGETQYF	YINVFAFPF
CATSSFSQGGYGYTF	YINVFAFPF
CASSSSGASTDTQYF	YINVFAFPF
CASSPSGYEQYF	YINVFAFPF
CASSLGPGTVGAGELFF	YINVFAFPF
CASSLYPGEQYF	YINVFAFPF
CASSINSGAVNEQFF	YINVFAFPF
CASGRLDEQYF	YINVFAFPF
CAAGSGELFF	YINVFAFPF
CSARDLSAGGPTLYEQYF	YINVFAFPF
CASSFTGYEQYF	YINVFAFPF
CSASLGQETQYF	YINVFAFPF
CASSKRWGGPNEKLFF	YINVFAFPF
CASSFGADTQYF	YINVFAFPF
CSVLGTQPLRSYGYTF	YINVFAFPF
CSAIGYGYTF	YINVFAFPF
CASSRTGETQYF	YINVFAFPF
CAGRGNEQFF	YINVFAFPF
CASHSGALLEQYF	YINVFAFPF
CASSFSGGEQYF	YINVFAFPF
CASSLTGTGNGYTF	YINVFAFPF
CASSFSGTEFF	YINVFAFPF
CSVETGASGNTIYF	YINVFAFPF
CSATDRAYEQYF	YINVFAFPF
CSARDPRGQAFF	YINVFAFPF
CASSTSGYEQYF	YINVFAFPF
CAISDLNTGGKGPYNEQFF	YINVFAFPF
CSVEQGTYEQYF	YINVFAFPF
CASSPTGAEAFF	YINVFAFPF
CASSDGASGTDEQFF	YINVFAFPF
CASSLGVTYNEQFF	YINVFAFPF
CASKSTGSHSPLHF	YINVFAFPF
CASSHMGETQYF	YINVFAFPF
CATSSRGKETQYF	YINVFAFPF
CASSPSGNTIYF	YINVFAFPF
CASSLSGTGTF	YINVFAFPF
CASSLRQGNEKLFF	YINVFAFPF
CASSLSGYGYTF	YINVFAFPF
CASRQEGTAYEQYF	YINVFAFPF
CASSQTGGNEQFF	YINVFAFPF
CASSEEGGGNMNEQFF	YINVFAFPF
CASSFSGASDTQYF	YINVFAFPF
CSPGLDNEQFF	YINVFAFPF
CSVERGRGNEQFF	YINVFAFPF
CASSSGPGYTF	YINVFAFPF
CASSFSGLSNYGYTF	YINVFAFPF
CASSLAGGSTDTQYF	YINVFAFPF
CATSDGVSTLAGPNEQFF	YINVFAFPF
CATSRASTGQGFEQYF	YINVFAFPF
CSASPSLAGEQTQYF	YINVFAFPF
CASTVAGELFF	YINVFAFPF
CAPEERAGVYEQYF	YINVFAFPF
CASSLVGPTEAFF	YINVFAFPF
CASSLQGGPLIQYF	YINVFAFPF
CASSSVGGTNTEAFF	YINVFAFPF
CASSPHGAEHYNEQFF	YINVFAFPF
CASSVLLAQAYEQYF	YINVFAFPF
CASSPLGEGYEQYF	YINVFAFPF
CSASPSGGHYEQYF	YINVFAFPF
CASSYGGGVNEQFF	YINVFAFPF
CASSSFIAGVKNEQFF	YINVFAFPF
CSVEVGEGNIQYF	YINVFAFPF
CASSPSGVEQFF	YINVFAFPF
CSARTSNQRGNIQYF	YINVFAFPF
CASSVEGGPDTQYF	YINVFAFPF
CASSFIRSQPQHF	YINVFAFPF
CASSLSYEQYF	YINVFAFPF
CASSSVGLDRHF	YINVFAFPF
CASSLSVEQFF	YINVFAFPF
CASSITGELFF	YINVFAFPF
CASSLVGEQFF	YINVFAFPF
CASSLGAVAFF	YINVFAFPF
CASSYSIFVGGNEQFF	YINVFAFPF
CASSALNSNQPQHF	YINVFAFPF
CASSQTDTQYF	YINVFAFPF
CASSLVTDGYTF	YINVFAFPF
CASSYGFEQYF	YINVFAFPF
CSVARDTEAFF	YINVFAFPF
CASSLSGIYEQYF	YINVFAFPF
CASSLTGNEQFF	YINVFAFPF
CASSLSGRTRTYEQYF	YINVFAFPF
CASSPDSPSYEQYF	YINVFAFPF
CASSYQGNSPLHF	YINVFAFPF
CASSYFLAGGYNEQFF	YINVFAFPF
CASSPTGVEQFF	YINVFAFPF
CATSELAGNEQFF	YINVFAFPF
CASSFSDTQYF	YINVFAFPF
CSASGEGYSPLHF	YINVFAFPF
CASSISSEQYF	YINVFAFPF
CSAAPIRDSNYEQYF	YINVFAFPF
CASSVEAGGMNNEQFF	YINVFAFPF
CASSYSLHGADYGYTF	YINVFAFPF
CSASISPSRGVLFNTEAFF	YINVFAFPF
CASSQDWGSPEAFF	YINVFAFPF
CASSFQPGQGGSEAFF	YINVFAFPF
CASKHRGSGKFGETQYF	YINVFAFPF
CASSLVPGDMNTEAFF	YINVFAFPF
CAGPAGETQYF	YINVFAFPF
CASSLTSYEQYF	YINVFAFPF
CASSKGRYTF	YINVFAFPF
CATSTGGQETQYF	YINVFAFPF
CSVWTGAGELFF	YINVFAFPF
CASSSTGYTQYF	YINVFAFPF
CASNQGNTEAFF	YINVFAFPF
CASSYSLGSPLHF	YINVFAFPF
CASSQGPALHF	YINVFAFPF
CASSGTSGGLGVETQYF	YINVFAFPF
CARSFLDVEEQFF	YINVFAFPF
CASSFAGIQYF	YINVFAFPF
CSARTSGGEQYF	YINVFAFPF
CSVEHGTGELFF	YINVFAFPF
CASSYGGNEQFF	YINVFAFPF
CASSPPTGELFF	YINVFAFPF
CSASTAGGTYEQYF	YINVFAFPF
CSVLIYNEQFF	YINVFAFPF
CASSSGGTEAFF	YINVFAFPF
CASSFSSEQYF	YINVFAFPF
CASSLGHPNTEAFF	YINVFAFPF
CASSLSGETQYF	YINVFAFPF
CASSEPRGWYEQYF	YINVFAFPF
CASSQGVRAYGYTF	YINVFAFPF
CASSEYNQPQHF	YINVFAFPF
CASSSGVGANVLTF	YINVFAFPF
CASSFLTDNEQFF	YINVFAFPF
CSASLSGRTYEQYF	YINVFAFPF
CASSYLGGQPQHF	YINVFAFPF
CASSSGSYGYTF	YINVFAFPF
CASISGTYEQYF	YINVFAFPF
CASSDTGAGYTF	YINVFAFPF
CASSPGASLGYEQYF	YINVFAFPF
CASSLQGNTEAFF	YINVFAFPF
CASSDLAGGLNEQFF	YINVFAFPF
CASSLVGDEQFF	YINVFAFPF
CASSTGLYGYTF	YINVFAFPF
CASSPTGYNEQFF	YINVFAFPF
CASSHTSGYSYEQYF	YINVFAFPF
CASGGGASYGYTF	YINVFAFPF
CASSDLNREPETQYF	YINVFAFPF
CASSNMGLGQPQHF	YINVFAFPF
CASSPGGEQFF	YINVFAFPF
CASSLGTNTEAFF	YINVFAFPF
CASSYYEGDGYGYTF	YINVFAFPF
CASSLVYGIGTPLYNEQFF	YINVFAFPF
CASSFVAGGPTGELFF	YINVFAFPF
CSVKTGVSGNTIYF	YINVFAFPF
CASSLDGNEQFF	YINVFAFPF
CASARGDEQFF	YINVFAFPF
CASSFAHEQYF	YINVFAFPF
CARTALGESTDTQYF	YINVFAFPF
CASSPTGASGDTQYF	YINVFAFPF
CASSWDRVQFF	YINVFAFPF
CASSLQIANTGELFF	YINVFAFPF
CASSPTGVAYTF	YINVFAFPF
CASSVTGLAGGSDTQYF	YINVFAFPF
CSARDVYEQYF	YINVFAFPF
CASSEVGLALYNEQFF	YINVFAFPF
CASSVVGVEQFF	YINVFAFPF
CASSPGGIQYF	YINVFAFPF
CASSAPTGQGDYEQYF	YINVFAFPF
CAIDQGGAGAFF	YINVFAFPF
CASSSQGTSYEQYF	YINVFAFPF
CASTNGGTGYGYTF	YINVFAFPF
CASTYSGSSYTF	YINVFAFPF
CASSEVPSGTYEQYF	YINVFAFPF
CASSHKRGGEAFF	YINVFAFPF
CASSTTGAGYTF	YINVFAFPF
CASSSIRGEAFF	YINVFAFPF
CASSYGGEKLFF	YINVFAFPF
CSAPSEGRRGAYEQYF	YINVFAFPF
CASSFGQVRSF	YINVFAFPF
CASSPPGGPHNEQFF	YINVFAFPF
CASSLALASATDTQYF	YINVFAFPF
CASSFGADTQYF	YINVFAFPF
CSGINGITEAFF	YINVFAFPF
CASSLQGETQYF	YINVFAFPF
CASSLVGETQYF	YINVFAFPF
CASSLSGASTDTQYF	YINVFAFPF
CASSLGAGGPDSYNEQFF	YINVFAFPF
CASSEGLAADTQYF	YINVFAFPF
CASSGGTDSYEQYF	YINVFAFPF
CASSYPGPPGKNEQFF	YINVFAFPF
CSALTSYGYTF	YINVFAFPF
CASSEADLTDTQYF	YINVFAFPF
CASSPTGYEQYF	YINVFAFPF
CASSHTGELFF	YINVFAFPF
CASSNRQQGSYEQYF	YINVFAFPF
CASSPNLAGVPYEQYF	YINVFAFPF
CSARDLGGGPNIYNEQFF	YINVFAFPF
CASPSGNEEKLFF	YINVFAFPF
CASSQPSPEQYF	YINVFAFPF
CACSGGGNEQFF	YINVFAFPF
CASSYRLDLGNTEAFF	YINVFAFPF
CASSYAADEAFF	YINVFAFPF
CASSKDLKRRQFF	YINVFAFPF
CASSPWTELAKNIQYF	YINVFAFPF
CASSLQGFYEQYF	YINVFAFPF
CASSPGGEAFF	YINVFAFPF
CSGTANTGELFF	YINVFAFPF
CASSLSRTDTQYF	YINVFAFPF
RASSFTPRRRYNEQFF	YINVFAFPF
CASSQGGYEQYF	YINVFAFPF
CSATVGTGELFF	YINVFAFPF
CSAYTGLAGPLYEQYF	YINVFAFPF
CASSPRLFRDRVDCSQPQHF	YINVFAFPF
CASSLAGETQYF	YINVFAFPF
CASSYSGGTQYF	YINVFAFPF
CATSDNRQGNEQFF	YINVFAFPF
CATSDLPLAGGNRWNEQFF	YINVFAFPF
CSALRVAGGVSYEQYF	YINVFAFPF
CASSLDQLDRGHRAEAFF	YINVFAFPF
CASSSNGLAGGYEQYF	YINVFAFPF
CASSETNF	YINVFAFPF
CSARVHLGTDTQYF	YINVFAFPF
CASSPSGFGYTF	YINVFAFPF
CASSKMQGVPTDTQYF	YINVFAFPF
CASSPTGNTIYF	YINVFAFPF
CSAREIGGGVEQYF	YINVFAFPF
CASSFGLGSDPFF	YINVFAFPF
CASSYPGMYTGELFF	YINVFAFPF
CASGQGADTQYF	YINVFAFPF
CSGIDLETYEQYF	YINVFAFPF
CASSFGTTEAFF	YINVFAFPF
CSASPLTSGRSTGSYEQYF	YINVFAFPF
CASSYSVDGYSNQPQHF	YINVFAFPF
CSAQSLAGEDEQFF	YINVFAFPF
CASSLSGQGNEQFF	YINVFAFPF
CATSNSLAGEETQYF	YINVFAFPF
CASSPTGAVTFF	YINVFAFPF
CASSWTGEKLFF	YINVFAFPF
CASSLSSQQYF	YINVFAFPF
CASSQGLEQYF	YINVFAFPF
CASSLDGSEQFF	YINVFAFPF
CASSFSGSAFF	YINVFAFPF
CASSRTGYNEQFF	YINVFAFPF
CASGASVEFF	YINVFAFPF
CASSYLGQANNEQFF	YINVFAFPF
CASSLTRGAIYF	YINVFAFPF
CASGQGGYEQYF	YINVFAFPF
CASSLPGGTEAFF	YINVFAFPF
CASGAPQGMVYNEQFF	YINVFAFPF
CASSSLLEQFF	YINVFAFPF
CASRGLAGSSYNEQFF	YINVFAFPF
CASSSGLSSYEQYF	YINVFAFPF
CASSLAGLPTSTDTQYF	YINVFAFPF
CASSRGLAGSYGGELFF	YINVFAFPF
CSAGGGTEAFF	YINVFAFPF
CASSPTEQETQYF	YINVFAFPF
CSAKPGLVQFF	YINVFAFPF
CASSQASGGGTDTQYF	YINVFAFPF
CASSLGLAGGRTYEQYF	YINVFAFPF
CASGQGAIEQYF	YINVFAFPF
CASFGGATDTQYF	YINVFAFPF
CASSYYTGELFF	YINVFAFPF
CASIPAPRQGLDGYTF	YINVFAFPF
CASTPGGETQYF	YINVFAFPF
CASSARSEQYF	YINVFAFPF
CATSLTVDGADTQYF	YINVFAFPF
CSANLAQETQYF	YINVFAFPF
CASSPALRGRTKSSYEQYF	YINVFAFPF
CASSSSGYEQYF	YINVFAFPF
CASSFQGVWADTQYF	YINVFAFPF
CASSFGGTEAFF	YINVFAFPF
CSARETGGVNTEAFF	YINVFAFPF
CASSSSDLAGGTGELFF	YINVFAFPF
CASSYSGGTNYGYTF	YINVFAFPF
CASSLPPGGGYEQYF	YINVFAFPF
CASSSTDTQYF	YINVFAFPF
CASSSVAGSYNEQFF	YINVFAFPF
CASSMYPGMNTEAFF	YINVFAFPF
CASSFMAEQFF	YINVFAFPF
CASSPTGYEQYF	YINVFAFPF
CAISDSVTPGETQYF	YINVFAFPF
CASSYSGETQYF	YINVFAFPF
CASSSHWGGSNTEAFF	YINVFAFPF
CASSQVGGGEKLFF	YINVFAFPF
CSVVPMNTEAFF	YINVFAFPF
CASSQLSLGGEKNEQFF	YINVFAFPF
CASRQYSNQPQHF	YINVFAFPF
CSVETGGGDEQFF	YINVFAFPF
CASRDQGQETQYF	YINVFAFPF
CASSFLTGAGYTF	YINVFAFPF
CASSLRVGGEQFF	YINVFAFPF
CASSPEGHLTYEQYF	YINVFAFPF
CASSLGLAGGQYEQYF	YINVFAFPF
CASSPADTQYF	YINVFAFPF
CASRGTSGSYEQYF	YINVFAFPF
CASSLTGAEQFF	YINVFAFPF
CASSRIAGGPEQYF	YINVFAFPF
CATSRVDEGPQQFF	YINVFAFPF
CASSPTGDEAFF	YINVFAFPF
CASSQDTVDRGGTNEKLFF	YINVFAFPF
CSATSINPGQEYGYTF	YINVFAFPF
CASSPTGHEQYF	YINVFAFPF
CASSMVPGSATEAFF	YINVFAFPF
CSARDGTSGRAEQFF	YINVFAFPF
CASSDSYTRQEQPQHF	YINVFAFPF
CSVAGGATEAFF	YINVFAFPF
CSASFYNEQFF	YINVFAFPF
CASRGEQVEQYF	YINVFAFPF
CASSFSETQYF	YINVFAFPF
CSAQTSQGLYSNQPQHF	YINVFAFPF
CASSFSGANVLTF	YINVFAFPF
CAWSVGLGPYNEQFF	YINVFAFPF
CASSPSGETQYF	YINVFAFPF
CASSTWGGNQPQHF	YINVFAFPF
CASSQGNNEQFF	YINVFAFPF
CASSNSDTQYF	YINVFAFPF
CASTPGNRRYYGYTF	YINVFAFPF
CASSFSHEQYF	YINVFAFPF
CASSLTGHEQFF	YINVFAFPF
CASSLTGEKLFF	YINVFAFPF
CSAKTGNTGELFF	YINVFAFPF
CASSYSTSGGPTDTQYF	YINVFAFPF
CASSLLGVSVEQYF	YINVFAFPF
CASWGQGGWYTEAFF	YINVFAFPF
CASSPSYEQYF	YINVFAFPF
CASSLSGGAPSTDTQYF	YINVFAFPF
CASSLVGETQYF	YINVFAFPF
CATSLGPWGYEQYF	YINVFAFPF
CASSQDHTPNEQFF	YINVFAFPF
CSARTGDNEQFF	YINVFAFPF
CASSWVGGGLEAQYF	YINVFAFPF
CASSLGLAGSTDTQYF	YINVFAFPF
CASAVSYEQYF	YINVFAFPF
CASSSSGEKLFF	YINVFAFPF
CATSRGSRAEQYF	YINVFAFPF
CASSLSGETQYF	YINVFAFPF
CATSRFFDRDPGTQYF	YINVFAFPF
CASSGTGSEQYF	YINVFAFPF
CASSLEGLSRHF	YINVFAFPF
CASSYSGSGYTF	YINVFAFPF
CASSSLQGPSYEQYF	YINVFAFPF
CASSPSGETQYF	YINVFAFPF
CSATPAGGIYEQYF	YINVFAFPF
CASSLGRQGGPEAFF	YINVFAFPF
CASSMYLAGGNEQFF	YINVFAFPF
CASSVDTGAYEQYF	YINVFAFPF
CASRPTSGVSGELFF	YINVFAFPF
CASTLFTNEQFF	YINVFAFPF
CASSGQGETQYF	YINVFAFPF
CASMAGADETQYF	YINVFAFPF
CASSQGPGQETQYF	YINVFAFPF
CSASGTSGESSYEQYF	YINVFAFPF
CASSLSYEQYF	YINVFAFPF
CSVEAGDGYEQYF	YINVFAFPF
CASSATGSEQYF	YINVFAFPF
CASSFGRLGNQPQHF	YINVFAFPF
CAITGSGEKLFF	YINVFAFPF
CASSYLRQGNEKLFF	YINVFAFPF
CASSLPRSNEKLFF	YINVFAFPF
CASGEFELFF	YINVFAFPF
CASSYSGETQYF	YINVFAFPF
CASSLSGPEAFF	YINVFAFPF
CSVMGQNTGELFF	YINVFAFPF
CSASEWDGTNYGYTF	YINVFAFPF
CASSPTGYEQYF	YINVFAFPF
CSGDDPNTEAFF	YINVFAFPF
CASSGGLAGGVWSYEQYF	YINVFAFPF
CASSLTGVYGELFF	YINVFAFPF
CSVDRDTEAFF	YINVFAFPF
CASSDRSSPFSYNEQFF	YINVFAFPF
CASSLSREAFF	YINVFAFPF
CASSPDGMGTEAFF	YINVFAFPF
CASSDLTKLFF	YINVFAFPF
CASSPRSGTSYNEQFF	YINVFAFPF
CASSTTGSGDEQYF	YINVFAFPF
CSASGTPPQETQYF	YINVFAFPF
CASSLMTSGRSYNEQFF	YINVFAFPF
CASSSGPGYTF	YINVFAFPF
CASSLMGETQYF	YINVFAFPF
CATSDIVAGDYNEQFF	YINVFAFPF
CASSLDLSNQPQHF	YINVFAFPF
CASSQEGQGYGYTF	YINVFAFPF
CASSSTGAGTDTQYF	YINVFAFPF
CASRKIAGYNEQFF	YINVFAFPF
CSVEVGLPPGELFF	YINVFAFPF
CASSFLAGPGPYEQYF	YINVFAFPF
CASSFNHEQYF	YINVFAFPF
CASSPSGEKLFF	YINVFAFPF
CASSLGSEQFF	YINVFAFPF
CASSFSGNEQFF	YINVFAFPF
CASSPSGGVVDTQYF	YINVFAFPF
CASSLGDEKLFF	YINVFAFPF
CASSFTDTQYF	YINVFAFPF
CASSSLETQYF	YINVFAFPF
CSAIAGLAGYTYEQYF	YINVFAFPF
CASSPPSIDRGHRYEQYF	YINVFAFPF
CASTGGIAYEQYF	YINVFAFPF
CASSLVGGGVEQYF	YINVFAFPF
CASSFEGTQYF	YINVFAFPF
CASGQGAVGYTF	YINVFAFPF
CSVETGKGNEQFF	YINVFAFPF
CSPP	YINVFAFPF
CASGTNEKLFF	YINVFAFPF
CASSRGLAGGVETQYF	YINVFAFPF
CSSYTETGALGEQYF	YINVFAFPF
CASSYSGTQYF	YINVFAFPF
CASSFDTLLTEAFF	YINVFAFPF
CASSLPWAGVLNTEAFF	YINVFAFPF
CASSYTEALTEAFF	YINVFAFPF
CASSWTGENYEQYF	YINVFAFPF
CASSFGRDPDF	YINVFAFPF
CSARDWAETQYF	YINVFAFPF
CSVEGGGGYEQFF	YINVFAFPF
CASRNGPYEQYF	YINVFAFPF
CASSLAPGQGDAYEQYF	YINVFAFPF
CASSSSGDTQYF	YINVFAFPF
CATSRGQGYEQYF	YINVFAFPF
CASSSTGLPDTQYF	YINVFAFPF
CASSERSSWENTEAFF	YINVFAFPF
CASSVAGLENEQFF	YINVFAFPF
CATSRESSGALQETQYF	YINVFAFPF
CATRLAGNYEQYF	YINVFAFPF
CASSFTGETQYF	YINVFAFPF
CSVRAGGNEQYF	YINVFAFPF
CASSYSDRAKGTGELFF	YINVFAFPF
CASSLLGWDEQYF	YINVFAFPF
CASSLTGILFF	YINVFAFPF
CASSPHEAFF	YINVFAFPF
CASSLVGGESPLHF	YINVFAFPF
CSAHLLTSGGTDTQYF	YINVFAFPF
CASSQGGLAGAEGELFF	YINVFAFPF
CASNPPGGNEQFF	YINVFAFPF
CASSLGQGEAFF	YINVFAFPF
CASREGLAGEIAYNEQFF	YINVFAFPF
CASSSQGIQPQHF	YINVFAFPF
CASSYPGGSNTGELFF	YINVFAFPF
CASSLTGYEQYF	YINVFAFPF
CASSSTAGQYF	YINVFAFPF
CASSPGDVAFF	YINVFAFPF
CASSSFQGFGELFF	YINVFAFPF
CASSFGHVKFF	YINVFAFPF
CATSREDSAEQYF	YINVFAFPF
CASSLVGETQYF	YINVFAFPF
CASSDQGLGQSSSSYEQYF	YINVFAFPF
CASSRDGYGYTF	YINVFAFPF
CSAVASESSYEQYF	YINVFAFPF
CASSHGGHEAFF	YINVFAFPF
CASSLWTGEGTYEQYF	YINVFAFPF
CASGPEPNGYTF	YINVFAFPF
CASSLTGETQYF	YINVFAFPF
CASSVGYNEQFF	YINVFAFPF
CATTEMSSGSYNEQFF	YINVFAFPF
CASSYGGNQPQHF	YINVFAFPF
CATSRAPAGQGYEQYF	YINVFAFPF
CASSLAGYDRYF	YINVFAFPF
CSAREVVGGSYYGYTF	YINVFAFPF
CASSIEGWGEQFF	YINVFAFPF
CAIGYNEQFF	YINVFAFPF
CSVVDSLNTEAFF	YINVFAFPF
CASSFSHEQYF	YINVFAFPF
CSGIPNYEQYF	YINVFAFPF
CASSFREKLFF	YINVFAFPF
CASSYSITPGQGSAEQYF	YINVFAFPF
CASSGHGTENYEQYF	YINVFAFPF
CSVPHPLRAIEQFF	YINVFAFPF
CASSWTETQYF	YINVFAFPF
CASSFAETQYF	YINVFAFPF
CASHSSGYNEQFF	YINVFAFPF
CSALSPGTSGGLTGELFF	YINVFAFPF
CASSTRTGLASYEQYF	YINVFAFPF
CASSLYGPEQYF	YINVFAFPF
CASSQELTGELFF	YINVFAFPF
CSARGVGGLHYEQYF	YINVFAFPF
CSAVRQGLFYEQYF	YINVFAFPF
CASSFTPTGDTQYF	YINVFAFPF
CAWGTAGNTIYF	YINVFAFPF
CASSLAGGQVDTQYF	YINVFAFPF
CASGTGWDEQYF	YINVFAFPF
CASSSAGETQYF	YINVFAFPF
CASSLTNQETQYF	YINVFAFPF
CASSLTGAVTDTQYF	YINVFAFPF
CASSPLRDEQYF	YINVFAFPF
CASSQRDGQPQHF	YINVFAFPF
CASSTTGYEQYF	YINVFAFPF
CASTGLDGTDTQYF	YINVFAFPF
CASSSGLAGGTDTQYF	YINVFAFPF
CASSQYRAPNQPQHF	YINVFAFPF
CASSYKETQYF	YINVFAFPF
CASSLASAKLFF	YINVFAFPF
CASSPPTGEETQYF	YINVFAFPF
CASGEHEQYF	YINVFAFPF
CASSPTGETQYF	YINVFAFPF
CASSLSGTQYF	YINVFAFPF
CASSEWNDYNEQFF	YINVFAFPF
CASSPAWGGTGLLAGGYEQYF	YINVFAFPF
CASSPSGEGYTF	YINVFAFPF
CASSLAGAEQYF	YINVFAFPF
CASSLAQDRGFEAFF	YINVFAFPF
CASNPSGGGVNEQFF	YINVFAFPF
CASSSSGETQYF	YINVFAFPF
CATGRTDTQYF	YINVFAFPF
CASSIYPGGADTQYF	YINVFAFPF
CASIPGGLAGPPSRDTQYF	YINVFAFPF
CSVEVGMGYEQYF	YINVFAFPF
CASSTPSEQYF	YINVFAFPF
CASGNGYYEQYF	YINVFAFPF
CASSPYVSGINNEQFF	YINVFAFPF
CATSSSGYEQYF	YINVFAFPF
CASSPRTSGIETQYF	YINVFAFPF
CATSTPFNGNEQFF	YINVFAFPF
CASSPGLAGGYEQYF	YINVFAFPF
CSVEQGNGNEQFF	YINVFAFPF
CASSLMGGVFSPLHF	YINVFAFPF
CASSWERRTQYF	YINVFAFPF
CATSTGVDHNEQFF	YINVFAFPF
CAIESTYGYTF	YINVFAFPF
CASSYGGTEAFF	YINVFAFPF
CASSISGYNEQFF	YINVFAFPF
CASSLTGETQYF	YINVFAFPF
CASSMRGTSSYNEQFF	YINVFAFPF
CSVEQGMGNEQFF	YINVFAFPF
CASSADWNNEQFF	YINVFAFPF
CASSPGVAGRGHNEQFF	YINVFAFPF
CASSFSGEQFF	YINVFAFPF
CASSQDYEGAPPHEQYF	YINVFAFPF
CASSFSFEQYF	YINVFAFPF
CAIRDPGTVNTEAFF	YINVFAFPF
CSVISFGRDSYEQYF	YINVFAFPF
CASSPYLGGYEQYF	YINVFAFPF
CASSFWDGSSYEQYF	YINVFAFPF
CASSLVGAELAF	YINVFAFPF
CASSFWGAQSSYEQYF	YINVFAFPF
CASSIIGSGNTIYF	YINVFAFPF
CASSLAGGELFF	YINVFAFPF
CASSISYEQYF	YINVFAFPF
CASSLWDSSTYEQYF	YINVFAFPF
CASTLRGDTQYF	YINVFAFPF
CASSSRNSGNTIYF	YINVFAFPF
CASSPSGETQYF	YINVFAFPF
CATSPRDRAEQYF	YINVFAFPF
CASSYRDFGDEQFF	YINVFAFPF
CSARQLGQMNTEAFF	YINVFAFPF
CASSLSTPYEQYF	YINVFAFPF
CASSLFGGIFGKEGNEQFF	YINVFAFPF
CASSPSGGQADFQYF	YINVFAFPF
CASSPPSSTDTQYF	YINVFAFPF
CASSFSGEGYTF	YINVFAFPF
CASSFVGEQYF	YINVFAFPF
CASSQDDRSYEQYF	YINVFAFPF
CSVELGTGFEQYF	YINVFAFPF
CASSASGTYNEQFF	YINVFAFPF
CASSFEVNRFYEQFF	YINVFAFPF
CASSLAGDKLFF	YINVFAFPF
CASSYSILGESEQYF	YINVFAFPF
CASSFSGELFF	YINVFAFPF
CAISDRGDTIYF	YINVFAFPF
CATSQGAANSNQPQHF	YINVFAFPF
CASSPTGAQGYF	YINVFAFPF
CASSLGGSSYNEQFF	YINVFAFPF
CASSEHAGGSYEQYF	YINVFAFPF
CATSRALTGQGYEQYF	YINVFAFPF
CASSQGGYEQYF	YINVFAFPF
CASSLSGETQYF	YINVFAFPF
CASSTTGEGYTF	YINVFAFPF
CASRELAGGPSEQFF	YINVFAFPF
CAAGSYEQYF	YINVFAFPF
CATSRAPGQGYEQYF	YINVFAFPF
CASSFSGVEQYF	YINVFAFPF
CASSFAYGYTF	YINVFAFPF
CASSVGGPNTGELFF	YINVFAFPF
CSAPFVGGAATPSTDTQYF	YINVFAFPF
CSVMTGVGLEQYF	YINVFAFPF
CASSFGLIYGYTF	YINVFAFPF
CASSPSGETQYF	YINVFAFPF
CASRTGTGGAVLWAFF	YINVFAFPF
CASSQGHDRDQPQHF	YINVFAFPF
CASGPGKQFF	YINVFAFPF
CASSYGGTEAFF	YINVFAFPF
CSGTTNTGELFF	YINVFAFPF
CASSYGSDTQYF	YINVFAFPF
CASTYESLYGYTF	YINVFAFPF
CASTRGNTQYF	YINVFAFPF
CASSNTGEKLFF	YINVFAFPF
CASRGADSYEQYF	YINVFAFPF
CASSPTGHPLYGYTF	YINVFAFPF
CSAPVLNTEAFF	YINVFAFPF
CSANHYNEQFF	YINVFAFPF
CSARVFAGGADTQYF	YINVFAFPF
CASSSTGGSTDTQYF	YINVFAFPF
CASSFLAGELFF	YINVFAFPF
CASTGGEGYNEQFF	YINVFAFPF
CASSKSGTSGRAQSYEQYF	YINVFAFPF
CSARGGLDPNNEQFF	YINVFAFPF
CASSFTDTQYF	YINVFAFPF
CASSLGQEAFF	YINVFAFPF
CASSVREGLPYNEQFF	YINVFAFPF
CASSSAGAAQYF	YINVFAFPF
CASSLFPDVRRAFF	YINVFAFPF
CASSLGLHQPQHF	YINVFAFPF
CSVETGGGYEQYF	YINVFAFPF
CASSQVGETQYF	YINVFAFPF
CASSLVGEKLFF	YINVFAFPF
CASERGEGTEAFF	YINVFAFPF
CASSFLETQYF	YINVFAFPF
CASSGQGSDNEQFF	YINVFAFPF
CASSTGQLSYEQYF	YINVFAFPF
CASSLMVPGTEAFF	YINVFAFPF
CASSKGSTGGATNEKLFF	YINVFAFPF
CASSWGDLGRGYNEQFF	YINVFAFPF
CASTPGERGLSYEQYF	YINVFAFPF
CASSLSYEQYF	YINVFAFPF
CSASIQPTAGGTRTNNEQFF	YINVFAFPF
CASSSSIGYTF	YINVFAFPF
CASSFVGTQYF	YINVFAFPF
CASSYNEQYF	YINVFAFPF
CASSPDLSYNEQFF	YINVFAFPF
CASSLTGNTIYF	YINVFAFPF
CASSFSGELFF	YINVFAFPF
CASSPTGGELFF	YINVFAFPF
CASSGDGGEKLFF	YINVFAFPF
CASSLEAIRNF	YINVFAFPF
CASSQGLGGTQYF	YINVFAFPF
CASYQNEKLFF	YINVFAFPF
CASSSGELFF	YINVFAFPF
CASKTEGSNTEAFF	YINVFAFPF
CASSLVLDVGIQYF	YINVFAFPF
CASSLVGQSYEQYF	YINVFAFPF
CASTFVGGSSYEQYF	YINVFAFPF
CASRETGTYNEQFF	YINVFAFPF
CASSLSGETQYF	YINVFAFPF
CASSVASGGVLDTQYF	YINVFAFPF
CASSDTGNGYTF	YINVFAFPF
CASSPTGNEQFF	YINVFAFPF
CASSLMRSYNEQFF	YINVFAFPF
CASSPAGYEQYF	YINVFAFPF
CASSRDGYEQYF	YINVFAFPF
CASSQPGDRSTDTQYF	YINVFAFPF
CASSSPFEQFF	YINVFAFPF
CSALPGTGEKLFF	YINVFAFPF
CASSQVGGASHEQYF	YINVFAFPF
CASSEIWGYNEQFF	YINVFAFPF
CASSGSGRSYNEQFF	YINVFAFPF
CSAPTSTYPDTQYF	YINVFAFPF
CSANRGQETQYF	YINVFAFPF
CASSFSGELFF	YINVFAFPF
CASGPGELFF	YINVFAFPF
CASSDTSGRAYEQYF	YINVFAFPF
CASSLTGSPLHF	YINVFAFPF
CSAHTTSGEETQYF	YINVFAFPF
CSVEEGSKGNTEAFF	YINVFAFPF
CASSYSGETQYF	YINVFAFPF
CSVALDSLYTF	YINVFAFPF
CSALLAPTYEQYF	YINVFAFPF
CASSETIPRDF	YINVFAFPF
CASSPASEQYF	YINVFAFPF
CASSQEGTSGAFF	YINVFAFPF
CASSFPIAGELFF	YINVFAFPF
CASSPELASIYEQYF	YINVFAFPF
CASSSTGGTEAFF	YINVFAFPF
CASSLGRDRDNQPQHF	YINVFAFPF
CASSSGTSGYEQYF	YINVFAFPF
CASSIVPGLNYGYTF	YINVFAFPF
CASSGRVTYNEQFF	YINVFAFPF
CASSQTGEQYF	YINVFAFPF
CASSKGGPIEAFF	YINVFAFPF
CASSWDTQNEKLFF	YINVFAFPF
CASGTGELFF	YINVFAFPF
CASSQDGTEYF	YINVFAFPF
CASSEGLGQPQHF	YINVFAFPF
CASSPTGETQYF	YINVFAFPF
CATRGPHYGYTF	YINVFAFPF
CASSPWTYEQYF	YINVFAFPF
CASSFNGAEAFF	YINVFAFPF
CASSWGGGGLEAQYF	YINVFAFPF
CASFGTSNTGELFF	YINVFAFPF
CSRGGLAGVRADTQYF	YINVFAFPF
CASSLSFEQFF	YINVFAFPF
CASTDYYGYTF	YINVFAFPF
CASSRTGGQPQHF	YINVFAFPF
CASSQGGLAGGSKGNTGELFF	YINVFAFPF
CSAYEIAAGNTIYF	YINVFAFPF
CAISATGSGTEAFF	YINVFAFPF
CASSYSSEQYF	YINVFAFPF
CSARDPSSYNSPLHF	YINVFAFPF
CASSPDGSGANVLTF	YINVFAFPF
CASSQNSYEQYF	YINVFAFPF
CASGLDIQGGQGDLLAKNIQYF	YINVFAFPF
CAISDQGLTYEQYF	YINVFAFPF
CASSPAGAERLF	YINVFAFPF
CASSGWNSYNEQFF	YINVFAFPF
CASSFQGNTEAFF	YINVFAFPF
CASSTSGETQYF	YINVFAFPF
CASSLAGSEQFF	YINVFAFPF
CASSFAGVEQFF	YINVFAFPF
CASSSRSEQYF	YINVFAFPF
CAISEWQIPNTGELFF	YINVFAFPF
CSAIGGISSYEQYF	YINVFAFPF
CSAWGEYEMNTEAFF	YINVFAFPF
CAIGPPNGYTF	YINVFAFPF
CASSLGYYEQYF	YINVFAFPF
CASSFSGPEAFF	YINVFAFPF
CASSLTTEADTQYF	YINVFAFPF
CASSLSYEQYF	YINVFAFPF
CASSFGGETQYF	YINVFAFPF
CSATGGTEENYEQYF	YINVFAFPF
CASQERDTQYF	YINVFAFPF
CASLTGINEQFF	YINVFAFPF
CASSEGAGAPNTEAFF	YINVFAFPF
CSVRRIEGSLNEKLFF	YINVFAFPF
CASSFQETQYF	YINVFAFPF
CASRRAAGELFF	YINVFAFPF
CSVVRENTGELFF	YINVFAFPF
CASSSTGAQYEQYF	YINVFAFPF
CASSPNQPQHF	YINVFAFPF
CASSQQGEKLFF	YINVFAFPF
CASSPQGNTEAFF	YINVFAFPF
CASSWTAHEQFF	YINVFAFPF
CASSPTGFGGYTF	YINVFAFPF
CASGGSGSGEQFF	YINVFAFPF
CASSPVGAPEQFF	YINVFAFPF
CASSSSPAPAGYTF	YINVFAFPF
CASRWETYNEQFF	YINVFAFPF
CASSFEGSSAYTF	YINVFAFPF
CASSPSGGETQYF	YINVFAFPF
CASGYSGTIYF	YINVFAFPF
CASSPTGHGYTF	YINVFAFPF
CASSLAPERDQYF	YINVFAFPF
CASGTSGSVRYEQYV	YINVFAFPF
CASSLGETQYF	YINVFAFPF
CASSPGGEKFF	YINVFAFPF
CATSDRGQETQYF	YINVFAFPF
CASSDGRVTGELFF	YINVFAFPF
CASSFGETF	YINVFAFPF
CASSYVYEQYF	YINVFAFPF
CASSFPASGRSSTQYF	YINVFAFPF
CATSSTGYNEQFF	YINVFAFPF
CATSRPEQETQYF	YINVFAFPF
CSGGRDNEQFF	YINVFAFPF
CAISPGGGEQFF	YINVFAFPF
CASSLDGAEQFF	YINVFAFPF
CASSGQGATDTQYF	YINVFAFPF
CATNYGGFETQYF	YINVFAFPF
CATSDDRGVQPQHF	YINVFAFPF
CASSLTPGRSYEQYF	YINVFAFPF
CASSEGTSGRHSYNEQFF	YINVFAFPF
CASSPNGQDRYF	YINVFAFPF
CASSVEGLAYEQYF	YINVFAFPF
CASRGTGQGHEKLFF	YINVFAFPF
CASTDRGNTGELFF	YINVFAFPF
CASSLPYTF	YINVFAFPF
CASSASDTQYF	YINVFAFPF
CASSLQGIAYEQYF	YINVFAFPF
CASSLNPGEGPQNIQYF	YINVFAFPF
CASSFTVNYGYTF	YINVFAFPF
CASSLPTTSTDTQYF	YINVFAFPF
CASSVSREQYF	YINVFAFPF
CASSQVGETQYF	YINVFAFPF
CAAGQGFYEQYF	YINVFAFPF
CASSVEASSVYNEQFF	YINVFAFPF
CAILQGAGGYTF	YINVFAFPF
CASSRTANYGYTF	YINVFAFPF
CSATYGYTF	YINVFAFPF
CATQTTGELFF	YINVFAFPF
CASSSFSGTEYGYTF	YINVFAFPF
CSALSGDHNYGYTF	YINVFAFPF
CSARAADDGELFF	YINVFAFPF
CASAGGPEQYF	YINVFAFPF
CATSRASPGQGYEQYF	YINVFAFPF
CASSSTGGVTDTQYF	YINVFAFPF
CASSFAGLETQYF	YINVFAFPF
CAISAGTTSYEQYF	YINVFAFPF
CASTQREGPYNEQFF	YINVFAFPF
CASSQGVYEQYF	YINVFAFPF
CSARDLPQGANYGYTF	YINVFAFPF
CSGLAGRNYEQYF	YINVFAFPF
CATPGQLTYEQYF	YINVFAFPF
CASSGHRNTEAFF	YINVFAFPF
CASSSPDWNTQYF	YINVFAFPF
CASSYSGGELFF	YINVFAFPF
CASSHGEETQYF	YINVFAFPF
CASSLGGYNEQFF	YINVFAFPF
CSVEDGGGYEQYF	YINVFAFPF
CASSYSIREDNYNEQFF	YINVFAFPF
CASSQEPVRGLSEQYF	YINVFAFPF
CATSALHSGYNEQFF	YINVFAFPF
CASSFSYEQYF	YINVFAFPF
CATSVGDKAFF	YINVFAFPF
CASSPGHYGYGYTF	YINVFAFPF
CASSLELAGDLGTQYF	YINVFAFPF
CASSPGGKLFF	YINVFAFPF
CASSFSKLAGEGEQFF	YINVFAFPF
CASSQVGETQYF	YINVFAFPF
CASSGTGELFF	YINVFAFPF
CASSSSGASTDTQYF	YINVFAFPF
CASSYTPLEEQYF	YINVFAFPF
CASSPYLGNTIYF	YINVFAFPF
CASSSELSLEQFF	YINVFAFPF
CSGVGTSTYEQYF	YINVFAFPF
CASSLAGEGNEQFF	YINVFAFPF
CSANNGEETQYF	YINVFAFPF
CAITNTGELFF	YINVFAFPF
CASSLAGLEQFF	YINVFAFPF
CASSRGTGSNQPQHF	YINVFAFPF
CSARDIGTGPFGELFF	YINVFAFPF
CSAPPTGTNYGYTF	YINVFAFPF
CASSPLGSATQYF	YINVFAFPF
CASSPTGARAFF	YINVFAFPF
CASSQTSGAWEQYF	YINVFAFPF
CATSPANTEAFF	YINVFAFPF
CSARKDRWDYGYTF	YINVFAFPF
CASSIGDEQYF	YINVFAFPF
CASSFPGLGVTYEQYF	YINVFAFPF
CASSYSPTGLSYEQYF	YINVFAFPF
CSARVIEGSNQPQHF	YINVFAFPF
CASSQYPEDWTGYTF	YINVFAFPF
CASSFFSSKKAEAFF	YINVFAFPF
CASSQDLLSNTEAFF	YINVFAFPF
CSVRTGEVNEQFF	YINVFAFPF
CASSFERVLTTQYF	YINVFAFPF
CASSLAGGPMNEQFF	YINVFAFPF
CASSSSGETQYF	YINVFAFPF
CASSFAPYEQYF	YINVFAFPF
CASSLAGETQYF	YINVFAFPF
CSTRTGLPNYGYTF	YINVFAFPF
CASSPSGEKLFF	YINVFAFPF
CASSLSGSRVKGQFF	YINVFAFPF
CASSLTGARGYTF	YINVFAFPF
CASSYSLIAAPNTGELFF	YINVFAFPF
CASSYPGYEQYF	YINVFAFPF
CSASTGEGAYNEQFF	YINVFAFPF
CASSYDSLGQRSSYNEQFF	YINVFAFPF
CAISLQGGETQYF	YINVFAFPF
CASSWDYQQFF	YINVFAFPF
CASSIYQVPNQPQHF	YINVFAFPF
CASGFNQPQHF	YINVFAFPF
CASSPTGHEQYF	YINVFAFPF
CSARDWAAVLTF	YINVFAFPF
CASSPVGYIGAFF	YINVFAFPF
CASSEQGETQYF	YINVFAFPF
CSVEDGFRFQETQYF	YINVFAFPF
CASSYSGETQYF	YINVFAFPF
CASSYASGGGYEQYF	YINVFAFPF
CASMTLSGRRTGELFF	YINVFAFPF
CAISGTGTGDSYEQYF	YINVFAFPF
CASSAGGIGGTYEQYF	YINVFAFPF
CASSPDVNANTGELFF	YINVFAFPF
CASSLLGETQYF	YINVFAFPF
CASRGTGGLDSPLHF	YINVFAFPF
CSAMGPAENIQYF	YINVFAFPF
CASRRTSGRAEETQYF	YINVFAFPF
CASTGGFSYEQYF	YINVFAFPF
CATRSQDSGANVLTF	YINVFAFPF
CASSLADIQYF	YINVFAFPF
CASSIVDRNEAFF	YINVFAFPF
CASSPPGGETQYF	YINVFAFPF
CASSFSGLETQYF	YINVFAFPF
CASTPVPGANEQFF	YINVFAFPF
CASSPTGYEQFF	YINVFAFPF
CSVEDGLASSDYNEQFF	YINVFAFPF
CSVEDTVIYEQYF	YINVFAFPF
RARLYERDTNNEQFF	YINVFAFPF
CASSFYGAAAFF	YINVFAFPF
CASSQSGSLDF	YINVFAFPF
CASSLLAEQFF	YINVFAFPF
CSAHRGINSNQPQHF	YINVFAFPF
CASGPGLAGEQYF	YINVFAFPF
CASGNEQFF	YINVFAFPF
CASSLVGETQYF	YINVFAFPF
CASSFGGGEGHEQYF	YINVFAFPF
CASSLGTLYEQYF	YINVFAFPF
CASSFLGQNYNEQFF	YINVFAFPF
CSASGGSSEKLFF	YINVFAFPF
CASSLGRATEAFF	YINVFAFPF
CSVESGSGSYNEQFF	YINVFAFPF
CSAATSGETYEQYF	YINVFAFPF
CASSTAGQGSLDGYTF	YINVFAFPF
CAARAWGGSEKLFF	YINVFAFPF
CASSLSYEQYF	YINVFAFPF
CASSPTPGQPNTGELFF	YINVFAFPF
CASSVTPNEQFF	YINVFAFPF
CSASHHLRSYEQYF	YINVFAFPF
