CDR3	AA
CASSLSLPDEQFF	ASKIITLKK
CASSLALPDTQYF	ASKIITLKK
CASSLTLPDIQYF	ASKIITLKK
CASSLSLPDTQYF	ASKIITLKK
CASSLALPDTQYF	ASKIITLKK
CAMGGTGDGTDTQYF	ASKIITLKK
CASSLSLTDTQYF	ASKIITLKK
CASSFPRGREDKMNEQFF	ASKIITLKK
CASSVASQLDTQYF	ASKIITLKK
CASSATEGSNQPQHF	ASKIITLKK
CASSLALPDTQYF	ASKIITLKK
CASSLSLPDTQYF	ASKIITLKK
CAISEYSGEPYNEQFF	ASKIITLKK
CASSLSLPDTQYF	ASKIITLKK
CAISEAQGYEQYF	ASKIITLKK
CASSVWDREATDTQYF	ASKIITLKK
CASSEAGEAYNEQFF	ASKIITLKK
CASSWVTGDNSPLHF	ASKIITLKK
CASSPGTAYEQYF	ASKIITLKK
CASSLSLADTQYF	ASKIITLKK
CSARDWGGYEQYF	ASKIITLKK
CASGAAGDYNEQFF	ASKIITLKK
CASSLDLAGGLIDTQYF	ASKIITLKK
CAISELGERETQYF	ASKIITLKK
CAISESGQGVEAFF	ASKIITLKK
CASSLALPDTQYF	ASKIITLKK
CASSLTPAGYNEQFF	ASKIITLKK
CASSVVTTDTQYF	ASKIITLKK
CAISDMGVGEVSGNTIYF	ASKIITLKK
CAISESGQDTQYF	ASKIITLKK
CASQPGGTPNEKLFF	ASKIITLKK
