CDR3	AA
CASSTAGGNEQFF	VVYRGTTTY
CASSERSGDEQYF	VVYRGTTTY
CASSRTSYEQYF	VVYRGTTTY
CASSLFRGFTGELFF	VVYRGTTTY
CATSDWGITSGGFRDTQYF	VVYRGTTTY
CASGRVPEQYF	VVYRGTTTY
CASSWSGSSYEQYF	VVYRGTTTY
CASSEFGTMNTEAFF	VVYRGTTTY
CASSLPGQYGYTF	VVYRGTTTY
CASSLGGGTGSYNEQFF	VVYRGTTTY
CASSLGGLPAFF	VVYRGTTTY
CASSQDWLAGMRETQYF	VVYRGTTTY
CASSLGSYNEQFF	VVYRGTTTY
CASSQVDSGANVLTF	VVYRGTTTY
CASSTGLNEQFF	VVYRGTTTY
CASSQDRASPALNEQFF	VVYRGTTTY
CASSLYYSDQPQHF	VVYRGTTTY
CASSDRDRSSYEQYF	VVYRGTTTY
CASSQDRAGDHSYNEQFF	VVYRGTTTY
CASRAGTVYNEQFF	VVYRGTTTY
CASRPGQGDTEAFF	VVYRGTTTY
CASSWTDQETQYF	VVYRGTTTY
CASSFSVNTEAFF	VVYRGTTTY
CASSGHYEQYF	VVYRGTTTY
CASSPPGTSGNNEQFF	VVYRGTTTY
CASSQEDANEKLFF	VVYRGTTTY
CASSSLGQGAIQFF	VVYRGTTTY
CASSLGGSEQYF	VVYRGTTTY
CASSQKDSGSFYNEQFF	VVYRGTTTY
CASSLAGSSYEQYF	VVYRGTTTY
CAISSAYEQYF	VVYRGTTTY
CASSLGGEGYQPQHF	VVYRGTTTY
CASSYVDRPHQETQYF	VVYRGTTTY
CASSYREGVDEQYF	VVYRGTTTY
CASSLKDPTDTQYF	VVYRGTTTY
CASSLGSGGDGYTF	VVYRGTTTY
CASSLSGGTGRQDTQYF	VVYRGTTTY
CASSQDVTEETQYF	VVYRGTTTY
CASSPGLSYNEQFF	VVYRGTTTY
