CDR3	AA
CSARDNAPLQNTEAFF	FIAGLIAIV
CASSYSAGGFLHEQYF	FIAGLIAIV
CASSQATGELFF	FIAGLIAIV
CSVYMGLTGELFF	FIAGLIAIV
CASSPNYEQFF	FIAGLIAIV
CATSGETSGPGSTQYF	FIAGLIAIV
CSVARQDINEQFF	FIAGLIAIV
CASSNWGDQPQHF	FIAGLIAIV
CSVGAGTRQETQYF	FIAGLIAIV
CASSDWQSYGYTF	FIAGLIAIV
CASTPSAGSSYNEQFF	FIAGLIAIV
CASSPKDSYEQYF	FIAGLIAIV
CSAADRDYYEQYF	FIAGLIAIV
CASSLDTGYGYTF	FIAGLIAIV
CASSLRVGANTEAFF	FIAGLIAIV
CSASSYGQYNSPLHF	FIAGLIAIV
CASSYAESSYNEQFF	FIAGLIAIV
CASSGEKLFF	FIAGLIAIV
CASSSEYPGTSGPGELFF	FIAGLIAIV
CASQGTTNTGELFF	FIAGLIAIV
CASSTGQEGGYTF	FIAGLIAIV
CSVEDGSGRKYNEQFF	FIAGLIAIV
CASRGRGYPGQETQYF	FIAGLIAIV
CASSLIYSQETQYF	FIAGLIAIV
CASSYSIGNEQFF	FIAGLIAIV
CSASTSGRYNEQFF	FIAGLIAIV
CASSLLGVDEQYF	FIAGLIAIV
CATSASSDEKLFF	FIAGLIAIV
CSVEKGNAGTTYEQYF	FIAGLIAIV
CASSASYSNQPQHF	FIAGLIAIV
CATSDLAGINDNEQFF	FIAGLIAIV
CSVGPAGGPDTQYF	FIAGLIAIV
CSVTRGAGTEAFF	FIAGLIAIV
CASSQGVGQETQYF	FIAGLIAIV
CASSPSTWMGETQYF	FIAGLIAIV
CASSPLDPSSYNEQFF	FIAGLIAIV
CASSSLTSGRAAAKNIQYF	FIAGLIAIV
CASSLVGTWGYEQYF	FIAGLIAIV
CASSEIGRGQPQHF	FIAGLIAIV
CEWTGAVGAFF	FIAGLIAIV
CASSPGGTSYEQYF	FIAGLIAIV
CASSLVSGSSGELFF	FIAGLIAIV
CASSLVSVLASTGELFF	FIAGLIAIV
CASSPGTGTDYGYTF	FIAGLIAIV
CASSLTGGAETQYF	FIAGLIAIV
CSAPTTWISEQFF	FIAGLIAIV
CASSPGQGGSTEAFF	FIAGLIAIV
CASSLGQDNTGELFF	FIAGLIAIV
CASSYDGSSYNEQFF	FIAGLIAIV
CASSAWTGSQPQHF	FIAGLIAIV
CSAPRDYLDEQFF	FIAGLIAIV
CASSQDLIFLGGPSTDTQYF	FIAGLIAIV
CASSSNSVYEQYF	FIAGLIAIV
CAISAGTSDTQYF	FIAGLIAIV
CASSATSGRAYLDEQFF	FIAGLIAIV
CASSLSTGDEETQYF	FIAGLIAIV
CASCDWGNQPQHF	FIAGLIAIV
CASSSQGYNEQFF	FIAGLIAIV
CASSLPSGIQETQYF	FIAGLIAIV
CASGPGTGSTDTQYF	FIAGLIAIV
CSISSGDNEQFF	FIAGLIAIV
CASSRDLSGNTIYF	FIAGLIAIV
CASSLASGGGEQYF	FIAGLIAIV
CSAFATGYNQPQHF	FIAGLIAIV
CASSYQGNEQFF	FIAGLIAIV
CASSVGGTSGGSEETQYF	FIAGLIAIV
CASSGAGVGYEQYF	FIAGLIAIV
CASDEGVDNEQFF	FIAGLIAIV
CSALGTSGSFEQFF	FIAGLIAIV
CASSLRNAAHTF	FIAGLIAIV
CASSEWGNNEQFF	FIAGLIAIV
CASSQVNSYGYTF	FIAGLIAIV
CASSFYTSEATEAFF	FIAGLIAIV
CSAAPSGRWNEQFF	FIAGLIAIV
CASSLASGGAVEQFF	FIAGLIAIV
CASRIIPGQGTDTQYF	FIAGLIAIV
CASSGQVSYNEQFF	FIAGLIAIV
CASSESGAYEQYF	FIAGLIAIV
CSVELAGRGYEQYF	FIAGLIAIV
CASSETSGSSYNEQFF	FIAGLIAIV
CASSSVPGSTDTQYF	FIAGLIAIV
CATSDWAQETQYF	FIAGLIAIV
CASSAPQMGLYEQYF	FIAGLIAIV
CASSGGTEAFF	FIAGLIAIV
CASSEYGRNIQYF	FIAGLIAIV
CASSLQGTGNTIYF	FIAGLIAIV
CASSPKQGSNLRSYNEQFF	FIAGLIAIV
CASSLLGDQETQYF	FIAGLIAIV
CASISGQGNTGELFF	FIAGLIAIV
CASSSGRENGETQYF	FIAGLIAIV
CASSLGLAGGTDTQYF	FIAGLIAIV
CASSLTRQPQHF	FIAGLIAIV
CASSTNGGPFYSNQPQHF	FIAGLIAIV
CSVNTGKFQYF	FIAGLIAIV
CASSFLETEETQYF	FIAGLIAIV
CSVTGTTFTEQYF	FIAGLIAIV
CSASGTSLNEQFF	FIAGLIAIV
CASTPNSYEQYF	FIAGLIAIV
CASSTRLAGTNTGELFF	FIAGLIAIV
CASSQDLTSVYTGELFF	FIAGLIAIV
CASSLGLAGAYEQYF	FIAGLIAIV
CASSQDPTGELFF	FIAGLIAIV
