CDR3	AA
CASSLTSGTLYNEQFF	NPLLYDANY
CSARPLDGTYNEQFF	NPLLYDANY
CASSTYNEQFF	NPLLYDANY
CASSYSNPPMETQYF	NPLLYDANY
CASSAGGLNTGELFF	NPLLYDANY
CASSQDHNEQFF	NPLLYDANY
CALGFTPPPDTQYF	NPLLYDANY
CASSQDLAGVGEQYF	NPLLYDANY
CASSFTYGQGRQYEQYF	NPLLYDANY
CASSLGTGSYEQYF	NPLLYDANY
CASSMPAGQVADTQYF	NPLLYDANY
CASSLTPLGTSGYNEQFF	NPLLYDANY
CSVAFGGADTQYF	NPLLYDANY
CSARDRRGGKSGQPQHF	NPLLYDANY
CASSQDHNEQYF	NPLLYDANY
CASSFEGDARPEQYF	NPLLYDANY
CASSDGLARNEQFF	NPLLYDANY
CSARVPDYNEQFF	NPLLYDANY
CSARELSNEQFF	NPLLYDANY
CASSFGDTHYEQYF	NPLLYDANY
CASSYSLVPHNEQFF	NPLLYDANY
CASSLGGIEAFF	NPLLYDANY
CAIPLVGGAFTGELFF	NPLLYDANY
CSARGTGGTEAFF	NPLLYDANY
CASSLPTSAYNEQFF	NPLLYDANY
CASSLDSGIQETQYF	NPLLYDANY
CASSVVDNYEQYF	NPLLYDANY
CASSLGTSGAYEQYF	NPLLYDANY
CASSYSKPGLASDTQYF	NPLLYDANY
CSVRDGSYEQYF	NPLLYDANY
CASSLGTGGFYEQYF	NPLLYDANY
CASHSLGGGNQPQHF	NPLLYDANY
CSARGFSYEQYF	NPLLYDANY
CSARVGVEQYF	NPLLYDANY
CASSLTGTNEQFF	NPLLYDANY
CASSLEGATGELFF	NPLLYDANY
CASSGGWGETQYF	NPLLYDANY
CASSHQGAGYEQYF	NPLLYDANY
CASSNTKGVVYEQYF	NPLLYDANY
CASSPQGLGTEQYF	NPLLYDANY
CASFSGSTETQYF	NPLLYDANY
CASSLASDEQYF	NPLLYDANY
CASSSQPSGTFPTNEQFF	NPLLYDANY
CASSEGNTIYF	NPLLYDANY
CASSTTGTRGSNEQFF	NPLLYDANY
CSARDRVEIFF	NPLLYDANY
CASSLLAVNPWEQYF	NPLLYDANY
CASSPTESGYEQYF	NPLLYDANY
CASSLYTGEARAFF	NPLLYDANY
CASSPPGRDTGELFF	NPLLYDANY
CASSLVGTGDSPLHF	NPLLYDANY
CSARDRDRDEQYF	NPLLYDANY
CASSKTSGPLGELFF	NPLLYDANY
CASSREHNEQFF	NPLLYDANY
CASSINLGRGDQPQHF	NPLLYDANY
CASSLGGSTEAFF	NPLLYDANY
CSARDMGTFQYF	NPLLYDANY
CASSEGWTGYNEQFF	NPLLYDANY
CASSLGTGGPQETQYF	NPLLYDANY
CASSGMGRDRTTYEQYF	NPLLYDANY
CASSDGTGYIGGLDNEQFF	NPLLYDANY
CSVDARGLNTEAFF	NPLLYDANY
CASSLYGGETQYF	NPLLYDANY
CASSQTSGGPAADTQYF	NPLLYDANY
CASSDLSAGNGNTIYF	NPLLYDANY
CASRGTSGQGDTQYF	NPLLYDANY
CASSLGGTEAFF	NPLLYDANY
CASSQGANGELFF	NPLLYDANY
CSARGYDRGKTQYF	NPLLYDANY
CASSPWGKYTGELFF	NPLLYDANY
CAISGSPGGGTEAFF	NPLLYDANY
CATSFSHPPDTQYF	NPLLYDANY
CASRGQGAYGYTF	NPLLYDANY
CASSQDVQGRGSAEQFF	NPLLYDANY
CATGTGDSNQPQHF	NPLLYDANY
CASSPEQGAFFYEQYF	NPLLYDANY
CASSFSKTAITWGETQYF	NPLLYDANY
CASSLADRAYEQYF	NPLLYDANY
CASSVVDRGREQFF	NPLLYDANY
CASSVEGLNTEAFF	NPLLYDANY
CASSEWETTGELFF	NPLLYDANY
CASLNLRGDYGYTF	NPLLYDANY
CASSLSSGGGHIQYF	NPLLYDANY
CASSQDHAEAFF	NPLLYDANY
CASSLGGTEAFF	NPLLYDANY
CSVELGSRQFF	NPLLYDANY
CASSPNSYNEQFF	NPLLYDANY
CATSRISTGSLNEKLFF	NPLLYDANY
CASSSSPGLVSTDTQYF	NPLLYDANY
CASSLEGAGTNYGYTF	NPLLYDANY
CSVVGGSISYEQYF	NPLLYDANY
CASSWSSGSIDEQYF	NPLLYDANY
CSAGSGNTIYF	NPLLYDANY
CSFRGADYGYTF	NPLLYDANY
CASSLAGQDNEQFF	NPLLYDANY
CATSRDPGSSSGNTIYF	NPLLYDANY
CASSPHMGEQYF	NPLLYDANY
CASSGQLTGELFF	NPLLYDANY
CASSQALKWEEVGELFF	NPLLYDANY
CASSGQGPNEKLFF	NPLLYDANY
CASSSMIQWEKNQPQHF	NPLLYDANY
CASSRDMGGLGYTF	NPLLYDANY
CASSEIGTYEQFF	NPLLYDANY
CASSLGGTEAFF	NPLLYDANY
CASSLADSGANVLTF	NPLLYDANY
CASSQEDGTVFKGDTQYF	NPLLYDANY
CASSWTGSTEAFF	NPLLYDANY
CASSPLAAKGEQFF	NPLLYDANY
CASSLGGTEAFF	NPLLYDANY
CATPIGAGMNTEAFF	NPLLYDANY
CASSPGLADRDTQYF	NPLLYDANY
CASSSLSGATGQFF	NPLLYDANY
CASSQDPGASYNEQFF	NPLLYDANY
CASSSGLAGIEQYF	NPLLYDANY
CSVRLANHNEQFF	NPLLYDANY
CASSLTARDYNTGELFF	NPLLYDANY
CASSAVSNQPQHF	NPLLYDANY
CASSESLGDRNYEQYV	NPLLYDANY
CASSSDSGGNTIYF	NPLLYDANY
CASGLTGAKETQYF	NPLLYDANY
CASSQYEGQPQHF	NPLLYDANY
CASSLAGFPGLANEQFF	NPLLYDANY
CASSLIQEQFF	NPLLYDANY
CASSQDHDEQYF	NPLLYDANY
CASSQQGPTGELFF	NPLLYDANY
CASSWGAGVGDTQYF	NPLLYDANY
CASSQLGGPSSYNEQFF	NPLLYDANY
CASSLTPEAFF	NPLLYDANY
CASSTGQSYEQYF	NPLLYDANY
CASSLGLMNYGYTF	NPLLYDANY
CASAIPNLNEQFF	NPLLYDANY
CASGPFEGLDEQYF	NPLLYDANY
CASTGLGGSNQPQHF	NPLLYDANY
CASSPPSQFHEQYF	NPLLYDANY
CASSAGQPSGANVLTF	NPLLYDANY
CASSSVRGGYNEQFF	NPLLYDANY
CATSRDLSYNEQFF	NPLLYDANY
CASSFGQVGGKLFF	NPLLYDANY
CASSLGAGGGETQYF	NPLLYDANY
CASSQSSGYEQYF	NPLLYDANY
CASSLSGSTEAFF	NPLLYDANY
CASSLGTGSYEQYF	NPLLYDANY
CASSLDVSYNEQFF	NPLLYDANY
CASRTTGMANEAFF	NPLLYDANY
CASSLGSTEAFF	NPLLYDANY
CSARDMGFEAFF	NPLLYDANY
CASSLWSLQASDTQYF	NPLLYDANY
CSARDRDDTDTQYF	NPLLYDANY
CASSPGTGGDTQYF	NPLLYDANY
CASSQQGNGEQYF	NPLLYDANY
CASSLGAGFETQYF	NPLLYDANY
CSARLGDKNIQYF	NPLLYDANY
CASSWDRSSYEQYF	NPLLYDANY
CASSLGSSNEQFF	NPLLYDANY
CASTLGHPQPQHF	NPLLYDANY
CASSLDPGANNEQYF	NPLLYDANY
CATNTGTGATGELFF	NPLLYDANY
CSAPGQGNPQPQHF	NPLLYDANY
CAWSIPSYNEQFF	NPLLYDANY
CSARGSRDYEQYF	NPLLYDANY
CAWTVAGEPTGQYF	NPLLYDANY
CASSLVSGIGNVQETQYF	NPLLYDANY
CASSDRDSYEQYF	NPLLYDANY
CASSPRQGKDEKLFF	NPLLYDANY
CATSATGYEQYF	NPLLYDANY
CASSQEHGEQYF	NPLLYDANY
CSAASGGNEQFF	NPLLYDANY
CSAGTPDGLDSGELFF	NPLLYDANY
CASPLGQGMNTEAFF	NPLLYDANY
CASSARGPPETQYF	NPLLYDANY
CASSQVEVEWNEQFF	NPLLYDANY
CASRSQGASPLHF	NPLLYDANY
CASSHKDAAPRDNYGYTF	NPLLYDANY
CSARPADQQETQYF	NPLLYDANY
CSAREMGQEQFF	NPLLYDANY
CSARDGVGDTEAFF	NPLLYDANY
CASSQIILAGAGEETQYF	NPLLYDANY
CASSQDHYDSSF	NPLLYDANY
CASKGEGSYNEQFF	NPLLYDANY
CASSARQADGYTF	NPLLYDANY
CASSLTSGSGNEQFF	NPLLYDANY
CASSLGTGGFYEQYF	NPLLYDANY
CASSLFAGGDNEQFF	NPLLYDANY
CASSEAVQLEGPQHF	NPLLYDANY
CSARGREVPDTQYF	NPLLYDANY
CASSLGTGGVF	NPLLYDANY
CASSPGQGWDNEQFF	NPLLYDANY
CASSFPTSEATDTQYF	NPLLYDANY
CSVPPKEVGFF	NPLLYDANY
CASSPGSSGSVQYF	NPLLYDANY
CASSVVDRGTEAFF	NPLLYDANY
CASSWTGLTEAFF	NPLLYDANY
CASSQDHYEQYF	NPLLYDANY
CASSSPGAETQYF	NPLLYDANY
CASSETSRVADTQYF	NPLLYDANY
