CDR3	AA
CATSSPARGDSNQPQHF	SYFTSDYYQL
CASSLAQGGKNIQYF	SYFTSDYYQL
CASSVGLLTYEQYF	SYFTSDYYQL
CASSLGGQGDGSPLHF	SYFTSDYYQL
CASSQEISGLSYEQYF	SYFTSDYYQL
CASSQLAGQETQYF	SYFTSDYYQL
CASSQGGDYHQPQHF	SYFTSDYYQL
CASSHGPGQGYEQYF	SYFTSDYYQL
CATSDLYVTGELFF	SYFTSDYYQL
CASSYSRYNEQFF	SYFTSDYYQL
CSAREDLAQRAWDTQYF	SYFTSDYYQL
CASSPTVGVNTEAFF	SYFTSDYYQL
CASSLTRAGDQPQHF	SYFTSDYYQL
CASSQPGINDRDEQFF	SYFTSDYYQL
CASSYQTSRGRSPYGYTF	SYFTSDYYQL
CASRDLTSGRGYNEQFF	SYFTSDYYQL
CASSGWTGVGETQYF	SYFTSDYYQL
CASSLGASSTDTQYF	SYFTSDYYQL
CASSPDDRRDPKETQYF	SYFTSDYYQL
CASSQVPYNEQFF	SYFTSDYYQL
CASSQDTGPGRAQYF	SYFTSDYYQL
CASSLGGSSLETQYF	SYFTSDYYQL
CASSQDGDNEQFF	SYFTSDYYQL
CATSRGAGQETQYF	SYFTSDYYQL
CASSQDMTSGELFF	SYFTSDYYQL
CASSSREDEQYF	SYFTSDYYQL
CASHGTAYSNQPQHF	SYFTSDYYQL
CASSQVSGSGYEQYF	SYFTSDYYQL
CASSESTRGLEQYF	SYFTSDYYQL
CASRSGQVHSNQPQHF	SYFTSDYYQL
CASSQVSGSGYEQYF	SYFTSDYYQL
CASSLGPGSEAFF	SYFTSDYYQL
CASSIVGGLAGPHNEQFF	SYFTSDYYQL
CASSQDHAGHNSPLHF	SYFTSDYYQL
CASSLVFLAGRSGDTQYF	SYFTSDYYQL
CAISESDGGNTIYF	SYFTSDYYQL
CASSYSTTSGSRPYEQYF	SYFTSDYYQL
CASSSVAGTGELFF	SYFTSDYYQL
CASSVGEGSTDTQYF	SYFTSDYYQL
CASSFLAGLGETQYF	SYFTSDYYQL
CASSPWTGVAYEQYF	SYFTSDYYQL
CASSISGQGDGSPLHF	SYFTSDYYQL
CASSPGDSRTDTQYF	SYFTSDYYQL
CASRLRLDYNEQFF	SYFTSDYYQL
CASSSGTSSTDTQYF	SYFTSDYYQL
CASSEAGRINTGELFF	SYFTSDYYQL
CASSQVSGSGYTQYF	SYFTSDYYQL
CSARDVMAQAIWDTQYF	SYFTSDYYQL
CASSQGQVDGWPLHF	SYFTSDYYQL
CASSLGADSQETQYF	SYFTSDYYQL
CASSFSRASEQYF	SYFTSDYYQL
CASSVGGAVGYEAQYF	SYFTSDYYQL
CASSITGSREQFF	SYFTSDYYQL
CASSLGADSLETQYF	SYFTSDYYQL
CATSRTSGQETQYF	SYFTSDYYQL
CASSPRERSYNEQFF	SYFTSDYYQL
CASSLDRQTYEQYF	SYFTSDYYQL
CATSTLWAGDSNQPQHF	SYFTSDYYQL
CASSLGGDYNQPQHF	SYFTSDYYQL
CASSTYRNTYEQYF	SYFTSDYYQL
CASSQAPGAGEQFF	SYFTSDYYQL
CASSLASARNSYEQYF	SYFTSDYYQL
CASSQGSGRDHSNQPQHF	SYFTSDYYQL
CASSLWTGYNEKLFF	SYFTSDYYQL
CASSPWTGVDQPQHF	SYFTSDYYQL
CSALTGGDTEAFF	SYFTSDYYQL
CASRQGRNTEAFF	SYFTSDYYQL
CASSQLPGQGYEQYF	SYFTSDYYQL
CASTSSGSIGETQYF	SYFTSDYYQL
CAISLLAKDDNEQFF	SYFTSDYYQL
CAISIGTDQNIQYF	SYFTSDYYQL
CASSLLGVDYNSPLHF	SYFTSDYYQL
CASRGLEDFQETQYF	SYFTSDYYQL
CATSASGELFF	SYFTSDYYQL
CASSFLGGGETQYF	SYFTSDYYQL
CASSLGLAGDSYEQYF	SYFTSDYYQL
CASSHGGDRIEKLFF	SYFTSDYYQL
CASGDSRMNTEAFF	SYFTSDYYQL
CASSLVSGQETQYF	SYFTSDYYQL
CASSPMGSYEQYF	SYFTSDYYQL
CASSILGNENIQYF	SYFTSDYYQL
CASSSRTSGGRGSYNEQFF	SYFTSDYYQL
CASSLYSNEQFF	SYFTSDYYQL
CASSYQDSFTDTQYF	SYFTSDYYQL
CASSEFERSTEAFF	SYFTSDYYQL
CAWSALELGLREGHNEQFF	SYFTSDYYQL
CASSLPQAGANTGELFF	SYFTSDYYQL
CASSSGLEIYNEQFF	SYFTSDYYQL
CASSERGSYQETQYF	SYFTSDYYQL
CASSHRDSRNQNTGELFF	SYFTSDYYQL
CASSPGTSLTETQYF	SYFTSDYYQL
CASRPTLPDRYTEAFF	SYFTSDYYQL
CASTMTSGRSIGNEQFF	SYFTSDYYQL
CASHLRVDYYNEQFF	SYFTSDYYQL
CASSLQGVQETQYF	SYFTSDYYQL
CASSYTRRNTGELFF	SYFTSDYYQL
CASSVWTGVSYEQYF	SYFTSDYYQL
CASSLEGGNNYGYTF	SYFTSDYYQL
CASSLTSGSLRNEQFF	SYFTSDYYQL
CASSFFFVASNEQYF	SYFTSDYYQL
CASSLAGQGYEQYF	SYFTSDYYQL
CASRTERTGQYF	SYFTSDYYQL
CASSIHSTAAPNYGYTF	SYFTSDYYQL
CASSQDVGSGANVLTF	SYFTSDYYQL
CATSRSIPGADDNEQFF	SYFTSDYYQL
CASSQFQGLPEAFF	SYFTSDYYQL
CASSLGPPTGGSGNTIYF	SYFTSDYYQL
FF	SYFTSDYYQL
CASEGQDYGYTF	SYFTSDYYQL
CASSPMVNSPLHF	SYFTSDYYQL
CATSRGWDRSDTQYF	SYFTSDYYQL
CASSEAPVGYEQYF	SYFTSDYYQL
CASRLTGTNREKLFF	SYFTSDYYQL
CASSPIRTSASRVTGELFF	SYFTSDYYQL
CASSIGQGNEQFF	SYFTSDYYQL
CAIMQGRDTDTQYF	SYFTSDYYQL
CASSWDRVVNEQFF	SYFTSDYYQL
CASSLGGGSTDTQYF	SYFTSDYYQL
CASSLGGSSTDTQYF	SYFTSDYYQL
CASSLEAGAVNEQFF	SYFTSDYYQL
CASSSFRDRGTLTYEQYF	SYFTSDYYQL
CASSLGQGSNEQFF	SYFTSDYYQL
CASSQVPPSSMSTDTQYF	SYFTSDYYQL
CASSLTGGSETQYF	SYFTSDYYQL
CASSLVAGQETQYF	SYFTSDYYQL
CASSFAYLDGNTIYF	SYFTSDYYQL
CASSLRLDSAYEQYF	SYFTSDYYQL
CASSPRQGYHNEQFF	SYFTSDYYQL
CASRLRLDFYEQYF	SYFTSDYYQL
CASSLKGGGYQETQYF	SYFTSDYYQL
CASRPRSWGWGNIQYF	SYFTSDYYQL
CASTPASSYNEQFF	SYFTSDYYQL
CASTHSRDRGEGNTIYF	SYFTSDYYQL
CASSLAGVGYGYTF	SYFTSDYYQL
CAWSVPGDFNQPQHF	SYFTSDYYQL
CASSVGEGSTDTQYF	SYFTSDYYQL
CASSIAGQGDGSPLHF	SYFTSDYYQL
CASRLRTDYNEQFF	SYFTSDYYQL
CASSPRTGNYEQYF	SYFTSDYYQL
CASTLAGTYNEQFF	SYFTSDYYQL
CASSLGGSSTDTQYF	SYFTSDYYQL
CAINFGPSGVLDEQYF	SYFTSDYYQL
CASSESTDVNEQFF	SYFTSDYYQL
CASSLDGHEKLFF	SYFTSDYYQL
CASSSADSTTVAPYEQYF	SYFTSDYYQL
CASKSWTGLGSPLHF	SYFTSDYYQL
CASSQVSGSGYEQYF	SYFTSDYYQL
CASSLLRQGEWYGYTF	SYFTSDYYQL
CASSSTGTSAATPYEQYF	SYFTSDYYQL
CASSLGGQGDGSPLHF	SYFTSDYYQL
CASSQEDGDYEQYF	SYFTSDYYQL
CASSPGTGRYGYTF	SYFTSDYYQL
CASSEAPVGYEQYF	SYFTSDYYQL
CASSLGGSSTDTQYF	SYFTSDYYQL
CASSQDHSAGAYQNTQYF	SYFTSDYYQL
CASSLTGEALAYEQFF	SYFTSDYYQL
CASSYQGVVEQYF	SYFTSDYYQL
CSARDPRLAGEGYQETQYF	SYFTSDYYQL
CATSARETNQPQHF	SYFTSDYYQL
CASSLLGAFF	SYFTSDYYQL
CASSMLGTDTQYF	SYFTSDYYQL
CASSHTRRIGEAFF	SYFTSDYYQL
CASSPGTSAQEPQYF	SYFTSDYYQL
CSALLPPQETQYF	SYFTSDYYQL
CASSQTTGQETQYF	SYFTSDYYQL
CASSVMGSGQETQYF	SYFTSDYYQL
CASSEGPTGYEQYF	SYFTSDYYQL
CASSLGGGSTDTQYF	SYFTSDYYQL
CATMPNCATGASGCEQYF	SYFTSDYYQL
CAFIRDTGVDYGYTF	SYFTSDYYQL
CSARMNLAQSSYNEQFF	SYFTSDYYQL
CASMVGQGAGEQYF	SYFTSDYYQL
CASSLQGVQETQYF	SYFTSDYYQL
CASSDPNFYSNQPQHF	SYFTSDYYQL
CASSQEGAQPYNYGYTF	SYFTSDYYQL
CASSQALQGADTQYF	SYFTSDYYQL
CASSLGGSSTDTQYF	SYFTSDYYQL
CASSFTSGGQETQYF	SYFTSDYYQL
CAISESTGDGTEAFF	SYFTSDYYQL
CASSLALVAGYEFGRLSGAETQYF	SYFTSDYYQL
CASSLGGGSTDTQYF	SYFTSDYYQL
CSGRLADSSYNEQFF	SYFTSDYYQL
CASSLAGTGNTIYF	SYFTSDYYQL
CASSSGVNGYEQYF	SYFTSDYYQL
CSARLGSERNEQFF	SYFTSDYYQL
CASSQVGFRSTEDTQYF	SYFTSDYYQL
CASSLGQGGQPQHF	SYFTSDYYQL
CSARVELAQSSYNEQFF	SYFTSDYYQL
CASSQNAYEQYF	SYFTSDYYQL
CASTSYNEQFF	SYFTSDYYQL
CASANSQSASYNEQFF	SYFTSDYYQL
CASSYRVDEQFF	SYFTSDYYQL
CASSYREDRGTQYF	SYFTSDYYQL
CASSQESSGLAYEQYF	SYFTSDYYQL
CASSQGPGTGVVAFF	SYFTSDYYQL
CASSQGQGSYGYTF	SYFTSDYYQL
CASSVGEGPRDTQYF	SYFTSDYYQL
CSASVGSYEQYF	SYFTSDYYQL
CASSLRLSLGTSYEQYF	SYFTSDYYQL
CASSQVSGSGYEQYF	SYFTSDYYQL
CASSQENSGVSYEQYF	SYFTSDYYQL
CASSLGGSSTDTQYF	SYFTSDYYQL
CASSIGGDSQETQYF	SYFTSDYYQL
CASSWGSGISDTQYF	SYFTSDYYQL
CASSSRTSGTTYSTDTQYF	SYFTSDYYQL
CASSATGELFF	SYFTSDYYQL
CASSPLVDGSYEQYF	SYFTSDYYQL
CAISDRLADYNEQFF	SYFTSDYYQL
CATSADRTRSYNEQFF	SYFTSDYYQL
CAREGPAHEQFF	SYFTSDYYQL
CASSFWTGVGQPQHF	SYFTSDYYQL
CASSLLDGGETQYF	SYFTSDYYQL
CASSYSSSRGPFPYEQYF	SYFTSDYYQL
CASNDRGAGSETQYF	SYFTSDYYQL
CASSASPSGNTIYF	SYFTSDYYQL
CASSLGGQGDGSPLHF	SYFTSDYYQL
CASSYSRRNTEAFF	SYFTSDYYQL
CASSFGADSTDTQYF	SYFTSDYYQL
CATSDLEGYYGYTF	SYFTSDYYQL
CASSQGGDHFQPQHF	SYFTSDYYQL
CAFGDRLADYNEQFF	SYFTSDYYQL
CATSGPIRGPVRGGELFF	SYFTSDYYQL
CASSYWTGIGYEQYF	SYFTSDYYQL
CASSYQLDQTSGYNEQFF	SYFTSDYYQL
CASSTLWQRDEQYF	SYFTSDYYQL
CSARDSWGLTGAFYEQYF	SYFTSDYYQL
CASSDKDRDLYNEQFF	SYFTSDYYQL
CASSLSWNTEAFF	SYFTSDYYQL
CASSYSLNPEAQYF	SYFTSDYYQL
CATSRLWADSNQPQHF	SYFTSDYYQL
CATSNPKQGDSNQPQHF	SYFTSDYYQL
CASSPYRDSYEQYF	SYFTSDYYQL
CASSYLPSYEQYV	SYFTSDYYQL
CASSLAPAGSYEQYF	SYFTSDYYQL
CATNPSGASTDTQYF	SYFTSDYYQL
CASSTRTSGSPHPGEQYF	SYFTSDYYQL
CASSVGRVNEQFF	SYFTSDYYQL
CASSQGFRNTEAFF	SYFTSDYYQL
CASSAVHPGQGGVIAGGTSYEQYF	SYFTSDYYQL
CASSWGSGTYGYTF	SYFTSDYYQL
CATSDLAMGAAGEQYF	SYFTSDYYQL
CASSIGAGNTDTQYF	SYFTSDYYQL
CASSLGETQYF	SYFTSDYYQL
CASSPWTGVGYEQYF	SYFTSDYYQL
CASSSQGGNSPLHF	SYFTSDYYQL
CASSLGGGSTDTQYF	SYFTSDYYQL
CSGRLANEQFF	SYFTSDYYQL
CASRAPDSSEQYF	SYFTSDYYQL
CAWREGTEAFF	SYFTSDYYQL
CASSSRDPSGNTIYF	SYFTSDYYQL
CATQAVNEQYF	SYFTSDYYQL
CASSFGLAQSFPEQYF	SYFTSDYYQL
CASSSWTGVGETQYF	SYFTSDYYQL
CASGKDRGYEQYF	SYFTSDYYQL
CAISEFGAEQPQHF	SYFTSDYYQL
CASSPGQGASAYGYTF	SYFTSDYYQL
CASSPGGLLEKLFF	SYFTSDYYQL
CASSEIGLAGIYEQYF	SYFTSDYYQL
CASSLGSVLGNQPQHF	SYFTSDYYQL
CASSFRQPNQPQHF	SYFTSDYYQL
CASSHGLAGAYEQFF	SYFTSDYYQL
