CDR3	AA
CASSQEGVGDEQFF	SPRRARSVA
CASNEVQGPFEVVHVGNEQFF	SPRRARSVA
CASSQEGLAAYEQYF	SPRRARSVA
CASTNTGELFF	SPRRARSVA
CASILNTEAFF	SPRRARSVA
CASSQDLLYEQYF	SPRRARSVA
CASSFPRAEAFF	SPRRARSVA
CASSQVRGDEQFF	SPRRARSVA
CASSQDREADNEQFF	SPRRARSVA
CASSTLAGTDTGEMFF	SPRRARSVA
CASSLARGLAGTPTDTQYF	SPRRARSVA
CASSPPSGPNVDEQFF	SPRRARSVA
CASSSFGRTLEDEKLFF	SPRRARSVA
CASSAWTGGDEQFF	SPRRARSVA
CASSPSDGYYEQYF	SPRRARSVA
CSVEPRDRSNVLTF	SPRRARSVA
CARRTLAGGGETQYF	SPRRARSVA
CASSLAWGYEQYF	SPRRARSVA
CASSGTGGETQYF	SPRRARSVA
CSVEPRDRSNVLTF	SPRRARSVA
CASSDRDYTDTQYF	SPRRARSVA
CASSQGMADTQYF	SPRRARSVA
CASSLAGHPSYEQYF	SPRRARSVA
CASTRRSGRDFANYGYTF	SPRRARSVA
CASRSDSRPYTEAFF	SPRRARSVA
CASGLAGVGDTQYF	SPRRARSVA
CASSVELQETQYF	SPRRARSVA
CASSYSTGVITELFF	SPRRARSVA
CASSLAGTESSYEQYF	SPRRARSVA
CASSLAGHPSYEQYF	SPRRARSVA
CASSPTGDEQYF	SPRRARSVA
CASSEIHDSYEQYF	SPRRARSVA
CASSFVLNTEAFF	SPRRARSVA
