CDR3	AA
CASSPDRGGEQYF	TQTNSPRRAR
CASSGTGGETQYF	TQTNSPRRAR
CASSVVAGLDTEAFF	TQTNSPRRAR
CASSPSDGYYEQYF	TQTNSPRRAR
CASSLEGTGFRETQYF	TQTNSPRRAR
CASSQDPLIEQYF	TQTNSPRRAR
CATSPAGEDEQFF	TQTNSPRRAR
CASSPTILSLNTEAFF	TQTNSPRRAR
CASSQDWDRGYEQYF	TQTNSPRRAR
CASRSDSRPYTEAFF	TQTNSPRRAR
CASGLFLGETQYF	TQTNSPRRAR
CASSEIHDSYEQYF	TQTNSPRRAR
CASGLFLGETQYF	TQTNSPRRAR
CASSPMRTGGYNEQFF	TQTNSPRRAR
CAIGRPGGLDEQYF	TQTNSPRRAR
CASSLAGHPSYEQYF	TQTNSPRRAR
CASSGDALDTQYF	TQTNSPRRAR
CASSDDEHTDTQYF	TQTNSPRRAR
CASTLNLGTSGSDEQFF	TQTNSPRRAR
CASTKLDGYNEQFF	TQTNSPRRAR
CASSISDWGNTDTQYF	TQTNSPRRAR
CASSLAWGYEQYF	TQTNSPRRAR
