CDR3	AA
CASSSTESSYEQYF	YVVDDPCPI
CSVESGRAYYGYTF	YVVDDPCPI
CSVRHFYEQYF	YVVDDPCPI
CASSGGHMNTEAFF	YVVDDPCPI
CASSLSALAGELFF	YVVDDPCPI
CASSVAAAVSYNEQFF	YVVDDPCPI
CASSGGELYTEAFF	YVVDDPCPI
CASSLGRRRDEQFF	YVVDDPCPI
CASSLGSIRPQHF	YVVDDPCPI
CASSPTRREQFF	YVVDDPCPI
CASSLFQGRDEQYF	YVVDDPCPI
CASRSGTSVTDTQYF	YVVDDPCPI
CASRLGGGLYNEQFF	YVVDDPCPI
CASSFTASGNEQYF	YVVDDPCPI
CASSFLAGGYNEQFF	YVVDDPCPI
CASSPTTTNTEAFF	YVVDDPCPI
CASSEGVKTEAFF	YVVDDPCPI
CASSNVGNTIYF	YVVDDPCPI
CASSEFVGGTRQSTDTQYF	YVVDDPCPI
CASSQDWKTNTEAFF	YVVDDPCPI
CASSPFGGNSYNEQFF	YVVDDPCPI
CASSYGVGTEAFF	YVVDDPCPI
CASTDGWAFF	YVVDDPCPI
CASSPHRRQRDF	YVVDDPCPI
CASRETSGSSDTQYF	YVVDDPCPI
CASTLSSYNEQFF	YVVDDPCPI
CASSPTSGSTDTQYF	YVVDDPCPI
CASSFWRGSSPLHF	YVVDDPCPI
CASSLTSGGAGYNEQFF	YVVDDPCPI
CASSGTGLIAEAFF	YVVDDPCPI
CASSLWGSGRTDTQYF	YVVDDPCPI
CASSLDRKPYEQYF	YVVDDPCPI
CASSLPGQTYEQYF	YVVDDPCPI
CASSPGTEDSGANVLTF	YVVDDPCPI
CASGATSSYNEQFF	YVVDDPCPI
CASSAGPDGSNQPQHF	YVVDDPCPI
CASRNWTRRNEQFF	YVVDDPCPI
CASSFWQGRETQYF	YVVDDPCPI
CASSSGLRINEQFF	YVVDDPCPI
CASSDKGAGQASSYEQYF	YVVDDPCPI
CAIRPQAGQLDTQYF	YVVDDPCPI
CSARDPSGTSYEQYF	YVVDDPCPI
CASSVDGATDTQYF	YVVDDPCPI
CASRAAWTSDNNEQFF	YVVDDPCPI
CASSYSGGDTEAFF	YVVDDPCPI
CATSRNRGGYGYTF	YVVDDPCPI
CASSTGTSGQKSTDTQYF	YVVDDPCPI
CAIPTGAGSSYNEQFF	YVVDDPCPI
CASSFLTSGTVEQYF	YVVDDPCPI
CASSFGGMQPQHF	YVVDDPCPI
CASTTGQLEQYF	YVVDDPCPI
CASSLAETGYEQYV	YVVDDPCPI
CASSMLGGAQPQHF	YVVDDPCPI
CASSTSRVETQYF	YVVDDPCPI
CAGPGGATGELFF	YVVDDPCPI
CASSARSGDLLTDTQYF	YVVDDPCPI
CASSSTRGQETQYF	YVVDDPCPI
CASSVGSGETGNYEQYF	YVVDDPCPI
CASSIGQFTDTQYF	YVVDDPCPI
CASSLAGLYEQYF	YVVDDPCPI
CASSSGLAPETQYF	YVVDDPCPI
CASSLSRGYNSPLHF	YVVDDPCPI
CASRLDQRAGESYNEQFF	YVVDDPCPI
CASSLHGSLYGYTF	YVVDDPCPI
CASSPWGRANTEAFF	YVVDDPCPI
CARRGVSYNEQFF	YVVDDPCPI
CATSRVNTGELFF	YVVDDPCPI
CASSSDRETQYF	YVVDDPCPI
CAYRASGIDEQFF	YVVDDPCPI
CASRRTVSGATGELFF	YVVDDPCPI
CASSLGLADYNEQFF	YVVDDPCPI
CASSPLKAIPYGYTF	YVVDDPCPI
CASRTGTGGEQFF	YVVDDPCPI
CASSQGWGMNTEAFF	YVVDDPCPI
CASSQRGGLYEQYF	YVVDDPCPI
CASRVWRESYNEQFF	YVVDDPCPI
CATSGWTGGLGKLFF	YVVDDPCPI
CASSLWADRGEQYF	YVVDDPCPI
CASNLAGGGRETQYF	YVVDDPCPI
CASSFRSDSYEQYF	YVVDDPCPI
CASSLEEGNTDTQYF	YVVDDPCPI
CASSSSGSYNEQFF	YVVDDPCPI
CASSLPTGAMNTEAFF	YVVDDPCPI
CASSLSHELFF	YVVDDPCPI
CASSLVTGGTNSYEQYF	YVVDDPCPI
CASSSGTRPGEQFF	YVVDDPCPI
CASSVDGGFLYEQYF	YVVDDPCPI
CASSSIQLSYNEQFF	YVVDDPCPI
CASSRSAGRMNTEAFF	YVVDDPCPI
CASSLTVAGELFF	YVVDDPCPI
CASSFYRDREYGYTF	YVVDDPCPI
CASSQDRGMRSGELFF	YVVDDPCPI
CASSSGGNTIYF	YVVDDPCPI
CASSLAGRVGEQFF	YVVDDPCPI
CASSPGLNPDTQYF	YVVDDPCPI
CASSLRTTYEQYF	YVVDDPCPI
CASSPTGQNTDTQYF	YVVDDPCPI
CASSLAAGAFEAFF	YVVDDPCPI
CSARDRRGNTIYF	YVVDDPCPI
CASSLARQVPEQYF	YVVDDPCPI
CASSDSPLVGGTEAFF	YVVDDPCPI
CASSPPSGEQYF	YVVDDPCPI
CASSGFRGTSYNEQFF	YVVDDPCPI
CASSWDRAYEQYF	YVVDDPCPI
CATSDPTLAGGPYEQFF	YVVDDPCPI
CSARDRAGHTYEQYF	YVVDDPCPI
CASRLAGGMSSYNEQFF	YVVDDPCPI
CASSPSGTRREGSQTDTQYF	YVVDDPCPI
CASSLGRTGGRDTQYF	YVVDDPCPI
CASSSPPGSSTDTQYF	YVVDDPCPI
CASSPTTSGGNEQFF	YVVDDPCPI
CASSLSVSPYEQYF	YVVDDPCPI
CASSLSRGRDEKLFF	YVVDDPCPI
CASSLWKTGGEQYF	YVVDDPCPI
CASERSPLGQNYEQYF	YVVDDPCPI
CASSSGLADPSSYNEQFF	YVVDDPCPI
CATSSWANTGELFF	YVVDDPCPI
CASSLYRTDTQYF	YVVDDPCPI
CASSGGAFTNEQFF	YVVDDPCPI
CASSLERGGNEQFF	YVVDDPCPI
CSARVERTYNEQFF	YVVDDPCPI
CASSLQGAHQPQHF	YVVDDPCPI
CASSSRDRVTGELFF	YVVDDPCPI
CASSLGSYEQYF	YVVDDPCPI
CASKHRVRNQPQHF	YVVDDPCPI
CASSLARGWNQPQHF	YVVDDPCPI
CASSGWKFTGEQFF	YVVDDPCPI
CASRQSPYEQYF	YVVDDPCPI
CATSDNSNQPQHF	YVVDDPCPI
CASSSRRYEQYF	YVVDDPCPI
CASSRRLSSYNEQFF	YVVDDPCPI
CSHPPDGMNTEAFF	YVVDDPCPI
CASSLSRGRDEKLFF	YVVDDPCPI
CASSHSGFYEQYF	YVVDDPCPI
CASSWTEGQVAYEQYF	YVVDDPCPI
CASSLGSGYEQYF	YVVDDPCPI
CSARDFLEAGMETQYF	YVVDDPCPI
CASSLGQTREQYF	YVVDDPCPI
CASSPPTGYGYTF	YVVDDPCPI
CASSLRGDYQPQHF	YVVDDPCPI
CASMPGFYNEQFF	YVVDDPCPI
CASSYRDRGPALAYEQYF	YVVDDPCPI
CASSSGTSPGELFF	YVVDDPCPI
