CDR3	AA
CASSPQGAGQPQHF	EYVSQPFLM
CASTNPGPAAYEQYF	EYVSQPFLM
CASSLIGASSYNEQFF	EYVSQPFLM
CASSPRPSAIYGYTF	EYVSQPFLM
CASSSWTGEGYEQYF	EYVSQPFLM
CASSSRGGALGYTF	EYVSQPFLM
CASSQDPGLGSTDTQYF	EYVSQPFLM
CASSEDPRASYEQYF	EYVSQPFLM
CASSLVASGSYNEQFF	EYVSQPFLM
CASSVAGQGESPLHF	EYVSQPFLM
CASSQDGRNTEAFF	EYVSQPFLM
CASSPIAGAPSYNEQFF	EYVSQPFLM
CASSFRPGDGELFF	EYVSQPFLM
CATSDPRLARGVDTQYF	EYVSQPFLM
CASSFGFPNTDTQYF	EYVSQPFLM
CAWSLQGNTEAFF	EYVSQPFLM
CASSEFGTKTYNEQFF	EYVSQPFLM
CASSLAGTSGAYEQYF	EYVSQPFLM
CASSPGSGAYNEQFF	EYVSQPFLM
CSVAGTNGRYEQFF	EYVSQPFLM
CAISESAGVGYEQYF	EYVSQPFLM
CASSLVGSGSYNEQFF	EYVSQPFLM
CASSQGWGLDTGELFF	EYVSQPFLM
CASSLILGGHEQFF	EYVSQPFLM
CASSQDNGDILSYEQYF	EYVSQPFLM
CASSLVGAGSYNEQFF	EYVSQPFLM
CASSQGISGFPYEQYF	EYVSQPFLM
CASSHRTEPTFTDTQYF	EYVSQPFLM
CASSPWINNEQFF	EYVSQPFLM
CASSQSVVVGAVDEQFF	EYVSQPFLM
CSAREQGGTYNEQFF	EYVSQPFLM
CASSLGDTGELFF	EYVSQPFLM
CASSLWAGSSYEQYF	EYVSQPFLM
CASSLVLGPSYNEQFF	EYVSQPFLM
CASSLWTTTYEQYF	EYVSQPFLM
CASSFGDRAYNEQFF	EYVSQPFLM
CSANQVGNMNTEAFF	EYVSQPFLM
CASSLQVGAGGYNEQFF	EYVSQPFLM
CSAKDYQGLEEQFF	EYVSQPFLM
CASSQDPTSGYEQFF	EYVSQPFLM
CSARDYRTYEQYF	EYVSQPFLM
CASSLARGGYGYTF	EYVSQPFLM
CASRGTPGPEEILLYGYTF	EYVSQPFLM
CASSLVPASSYEQYF	EYVSQPFLM
CASSLIGAGSYNEQFF	EYVSQPFLM
CASSFGTSGSPYNEQFF	EYVSQPFLM
CASSSLREGGSGDEQFF	EYVSQPFLM
CASSYYFNPGGYEQYF	EYVSQPFLM
CASSTLAGGPIDTQYF	EYVSQPFLM
CASSPGQGIAGELFF	EYVSQPFLM
CASSQDLGSSYNEQFF	EYVSQPFLM
CASSPDRVFPEAFF	EYVSQPFLM
CASSARSSPNTGELFF	EYVSQPFLM
CASSPLAVSSYNEQFF	EYVSQPFLM
CASSKQGAQYNEQFF	EYVSQPFLM
CSARGRLNTEAFF	EYVSQPFLM
CASSPPSGVNTGELFF	EYVSQPFLM
CASSLLGTGPNTGELFF	EYVSQPFLM
CASSSGHGIYEQYF	EYVSQPFLM
CASSQVDRAKNIQYF	EYVSQPFLM
CASSSGFGVYEQFF	EYVSQPFLM
CASSWTGADTQYF	EYVSQPFLM
CASSLAGTGSYEQYF	EYVSQPFLM
CASSLIGRGSYNEQFF	EYVSQPFLM
CASSLRPANQPQHF	EYVSQPFLM
CASNLTPFSYNEQFF	EYVSQPFLM
CASSLVLSNEQFF	EYVSQPFLM
CAISEILAGELEQFF	EYVSQPFLM
CSARGYETSGIIRETQYF	EYVSQPFLM
CSARWTGASFYEQYF	EYVSQPFLM
CASSGLAGATYEQYF	EYVSQPFLM
CASSESVPSPEGWNTEAFF	EYVSQPFLM
CASSSLDRGPGANVLTF	EYVSQPFLM
CASSVLGASGAQETQYF	EYVSQPFLM
CASSINRAQPQHF	EYVSQPFLM
CASSEAGPGGTGELFF	EYVSQPFLM
CASSLGLQGTTEAFF	EYVSQPFLM
CASSLSPYEQYF	EYVSQPFLM
CASSSSPGQGLGYEQYF	EYVSQPFLM
CASSEWLAKRIYNEQFF	EYVSQPFLM
CASSLEPSSYNSPLHF	EYVSQPFLM
CASSLSSQGNYEQYF	EYVSQPFLM
CASSILLDVTYNEQFF	EYVSQPFLM
CATSKQGDYGYTF	EYVSQPFLM
CASVPSGNTGELFF	EYVSQPFLM
CASSQGYGLAESTDTQYF	EYVSQPFLM
CASSLADGSYEQYF	EYVSQPFLM
CASSIRLADNEQFF	EYVSQPFLM
CASSIVAGGRTDTQYF	EYVSQPFLM
CSARDRQGADGYTF	EYVSQPFLM
CASSLFGETVYNEQFF	EYVSQPFLM
CASSQLDGNTEAFF	EYVSQPFLM
CASSAWLAGGTSYEQYF	EYVSQPFLM
CASSLVGAGSYNEQFF	EYVSQPFLM
CASSLGFGNNYGYTF	EYVSQPFLM
CATSDFRGPDNEQFF	EYVSQPFLM
CSVVPQQGSQETQYF	EYVSQPFLM
CASSLDGDSYNEQFF	EYVSQPFLM
CASSQALDQYYNEQFF	EYVSQPFLM
CASSILAGEGETQYF	EYVSQPFLM
CSARDTLSGQYEQYF	EYVSQPFLM
CASSFKTSGRKTSEQFF	EYVSQPFLM
CASSARQRDKYFTDTQYF	EYVSQPFLM
CASSQVSGGLYNEQFF	EYVSQPFLM
CASSTYSSGGTYNEQFF	EYVSQPFLM
CASSLVPDWGTEAFF	EYVSQPFLM
CASSLSVAGDEQYF	EYVSQPFLM
CSAKDRGFGSWFGYTF	EYVSQPFLM
CSAEPQGFMNTEAFF	EYVSQPFLM
CASSQDLGSATYEQYF	EYVSQPFLM
CSATPRGSMNTEAFF	EYVSQPFLM
CATSNHPWDSNYGYTF	EYVSQPFLM
CASSQDRSGYSNQPQHF	EYVSQPFLM
CASSQETGTDEAFF	EYVSQPFLM
CASSQDTWTLNTEAFF	EYVSQPFLM
CASSQEAGTGELFF	EYVSQPFLM
CASSLQGGELFF	EYVSQPFLM
CASSNAVVSGREDEQYF	EYVSQPFLM
CSATPQGLMNTEAFF	EYVSQPFLM
CASSFEQGAYNEQFF	EYVSQPFLM
CASSRGPGTSGYEQYF	EYVSQPFLM
CASSLIGMGSYNEQFF	EYVSQPFLM
CASSWDPVSETQYF	EYVSQPFLM
CASSPVGFSGVTDTQYF	EYVSQPFLM
CASSQVVVSSYNEQFF	EYVSQPFLM
CASSQDGRLAGSSYEQYF	EYVSQPFLM
CASSYGPGGNEQFF	EYVSQPFLM
CASSLAGRENEQFF	EYVSQPFLM
CASSESGRFTYNEQFF	EYVSQPFLM
CSARNRDSLNTGELFF	EYVSQPFLM
CASSDGGPSYNEQFF	EYVSQPFLM
CASSPSGQLNYGYTF	EYVSQPFLM
CASTQGGKNEQFF	EYVSQPFLM
CASSLVPAQSSYNEQFF	EYVSQPFLM
CASSQDNWAVSYEQYF	EYVSQPFLM
CASSLGPRTSGYNEQFF	EYVSQPFLM
CASSLVGSGSYNEQFF	EYVSQPFLM
CASSELGQGPYEQYF	EYVSQPFLM
CASSDQLGAQETQYF	EYVSQPFLM
CASSLLGGTDTQYF	EYVSQPFLM
CATSGHTREARRTYNEQFF	EYVSQPFLM
CASDGSVNEQYF	EYVSQPFLM
CSARDLATGGHQPQHF	EYVSQPFLM
CASSPLLAGDYNEQFF	EYVSQPFLM
CASSLLTSTDTQYF	EYVSQPFLM
CASSFPGTGSEQYF	EYVSQPFLM
CASSLPAESYNEQFF	EYVSQPFLM
CASSQQPWTSSEQYF	EYVSQPFLM
CASSQEGEREGPGYEQYF	EYVSQPFLM
CASSLTTRLAGPTDTQYF	EYVSQPFLM
CASSDPGINEQFF	EYVSQPFLM
CASSLQGAGNTIYF	EYVSQPFLM
CASSELFGTLTYEQYF	EYVSQPFLM
CASSLFLAQETQYF	EYVSQPFLM
CASSPDSGLTTDTQYF	EYVSQPFLM
CASSSLAGGSYQPQHF	EYVSQPFLM
CASSQGNRDGSYEQYF	EYVSQPFLM
CASSIGFLYNSPLHF	EYVSQPFLM
CASKQAGEETQYF	EYVSQPFLM
CASSSVGAREQYF	EYVSQPFLM
CASSNSYWGYEQYF	EYVSQPFLM
CASSVAVLAFEQYF	EYVSQPFLM
CASSYYLGTSYNEQFF	EYVSQPFLM
