CDR3	AA
CASSPRYRTDTQYF	VYADSFVIR
CASSVAGAYQETQYF	VYADSFVIR
CASSLRGSYEQYF	VYADSFVIR
CASRLTNQETQYF	VYADSFVIR
CASSFSNEKLFF	VYADSFVIR
CASSYAGLDEQYF	VYADSFVIR
CASSPVGGRDYNEQFF	VYADSFVIR
CASSLLGGSITDTQYF	VYADSFVIR
CASSPTQMEETQYF	VYADSFVIR
CASSFSYNEQFF	VYADSFVIR
CASSLQHREETQYF	VYADSFVIR
CASSEAWSEAFF	VYADSFVIR
CASSQDMGGSQETQYF	VYADSFVIR
CSARTKAGSYEQYF	VYADSFVIR
CASSYSNGPNDEQYF	VYADSFVIR
CASSFPGANVLTF	VYADSFVIR
CASSQDSLATRNEQFF	VYADSFVIR
CASSLGVTRSPGDEQFF	VYADSFVIR
CASSQESSGTTNIQYF	VYADSFVIR
CASSQDLATYNEQFF	VYADSFVIR
CASPTPGADEQFF	VYADSFVIR
CASSLTSPYEQYF	VYADSFVIR
CASSLQTRGSTDTQYF	VYADSFVIR
CATSDPVAGASVYEQFF	VYADSFVIR
CASTIRGSYEQYF	VYADSFVIR
CASSEDTTNYGYTF	VYADSFVIR
CASSQYGGVSSYNEQFF	VYADSFVIR
CASSGFVNTEAFF	VYADSFVIR
CASSSGGLEQYF	VYADSFVIR
CASAGTQSSYEQYF	VYADSFVIR
CASSYRGLRETQYF	VYADSFVIR
CASSGELWETQYF	VYADSFVIR
CASSLTGLNNEQFF	VYADSFVIR
CASSRGLAGGLGELFF	VYADSFVIR
CASSQVALAATDTQYF	VYADSFVIR
CASSYSHPISYEQYF	VYADSFVIR
CASSSRGGTGELFF	VYADSFVIR
CASSQPLATNEQYF	VYADSFVIR
CASSYKLIVEKNTEAFF	VYADSFVIR
CSSSGDTYNEQFF	VYADSFVIR
CASSVAGGADTQYF	VYADSFVIR
CASSAHLETQYF	VYADSFVIR
CASSRLAGYNEQFF	VYADSFVIR
CSATMTGSEQFF	VYADSFVIR
CASSIAGTRNTGELFF	VYADSFVIR
CASSVSGSSQETQYF	VYADSFVIR
CASSPTPLNTEAFF	VYADSFVIR
CASSGPRGEAFF	VYADSFVIR
CASTEGWKGYTF	VYADSFVIR
CASSETHSYNEQFF	VYADSFVIR
CASSHRGDYGYTF	VYADSFVIR
CASSTRGQGHTEAFF	VYADSFVIR
CASSLSPWTGNTGELFF	VYADSFVIR
CASSLIAGGTDTQYF	VYADSFVIR
CASSLRGVYGYTF	VYADSFVIR
CASSSSGYSYEQYF	VYADSFVIR
CASRGTHSTGVQYQPQHF	VYADSFVIR
CASSDPGLTYNEQFF	VYADSFVIR
CASSNGLAGGYNEQFF	VYADSFVIR
CASSLTRNEQFF	VYADSFVIR
CASSSRGWYEQYF	VYADSFVIR
CASSYGLGGSNTEAFF	VYADSFVIR
CASSRLAGSGELFF	VYADSFVIR
CASGGLGPVSENEQFF	VYADSFVIR
CASAAGERQPQHF	VYADSFVIR
CSARVDRPTINQPQHF	VYADSFVIR
CASIRESGVPYEQYF	VYADSFVIR
CASSLSPYSYEQYF	VYADSFVIR
CAKRGRQPQHF	VYADSFVIR
CASSYGTPEAFF	VYADSFVIR
CASSQSEGATEAFF	VYADSFVIR
CASSYWVGDTEAFF	VYADSFVIR
CASSEGLGQGQAGELFF	VYADSFVIR
CASSTNSYEQYF	VYADSFVIR
CASSPTDRLYGYTF	VYADSFVIR
CASSLDPVGHNEQFF	VYADSFVIR
CASSLGSGEAFF	VYADSFVIR
CASSETSGEETQYF	VYADSFVIR
CASSDGTPPTNEKLFF	VYADSFVIR
CASSFPNEADTQYF	VYADSFVIR
CSVWRPTGELFF	VYADSFVIR
CASSQEGTEYTDTQYF	VYADSFVIR
CASCVSWREETQYF	VYADSFVIR
CASSLRGGDTEAFF	VYADSFVIR
CASSPGQGAEKLFF	VYADSFVIR
CASSQDRYGGAGVF	VYADSFVIR
CASSPILRGNTIYF	VYADSFVIR
CASSLRGGTYEQYF	VYADSFVIR
CASSQESSGSYNEQFF	VYADSFVIR
CASSDSPYEQYF	VYADSFVIR
CSVQGGESSYEQYF	VYADSFVIR
CASSLRGLRYNEQFF	VYADSFVIR
CASSEAGGRNQPQHF	VYADSFVIR
CAISDPGLPNEQFF	VYADSFVIR
CAWSFQGLAGRDNEQFF	VYADSFVIR
CASSVGTGGVETQYF	VYADSFVIR
CASSPGTGAEKLFF	VYADSFVIR
CASSYDTSNQPQHF	VYADSFVIR
CAISESGGWDSPLHF	VYADSFVIR
CASGGGGSETQYF	VYADSFVIR
CASSIGGSSYNEQFF	VYADSFVIR
CASSLAGDRGWNEQYF	VYADSFVIR
CASSSFSNQPQHF	VYADSFVIR
CASSLRGSYEQYF	VYADSFVIR
CASSSRGTYGYTF	VYADSFVIR
CSGTTGNQPQHF	VYADSFVIR
CASSYSGGPKYEQYF	VYADSFVIR
CASSLDRGREETQYF	VYADSFVIR
CASGLSLDEQFF	VYADSFVIR
CASSLSTGQPQHF	VYADSFVIR
CASSTGDRHSYEQYF	VYADSFVIR
CASSGAVYNSPLHF	VYADSFVIR
CATLGGIAKNIQYF	VYADSFVIR
CASSLRGDYGYTF	VYADSFVIR
CASSFTGGASYEQYF	VYADSFVIR
CASSQVEQGNYEQYF	VYADSFVIR
CASSFRLASGDTQYF	VYADSFVIR
CATSREGEGEAFF	VYADSFVIR
CASSQVGSGQGRTGELFF	VYADSFVIR
CVSNSGPNEQFF	VYADSFVIR
CASRGSVATNEKLFF	VYADSFVIR
CAISEWLVVTEQFF	VYADSFVIR
CASSTRGSGGEQYF	VYADSFVIR
CASSHGPSPKNIQYF	VYADSFVIR
CASSQPTQGEAGELFF	VYADSFVIR
CASSFNDEQFF	VYADSFVIR
CASSLPSRSYNEQFF	VYADSFVIR
CSAGGLAHGGDTQYF	VYADSFVIR
CASSARGNYGYTF	VYADSFVIR
CASSLVVYEQYF	VYADSFVIR
CASTTGGTEAFF	VYADSFVIR
CASSIRGGNEQFF	VYADSFVIR
CASSHLLGLSETQYF	VYADSFVIR
CASSESRAADTEAFF	VYADSFVIR
CASSPRGVYEQYF	VYADSFVIR
CATTERGSGYGYTF	VYADSFVIR
CASSLENYNEQFF	VYADSFVIR
CASSPQGLAGGDEQFF	VYADSFVIR
CASTLGGDNYGYTF	VYADSFVIR
CASSLRGTVRVGGRNQPQHF	VYADSFVIR
CATRGPGLGETQYF	VYADSFVIR
CASSLRGTYYNEQFF	VYADSFVIR
CASSSTLTDTQYF	VYADSFVIR
CASRPGTGGTEAFF	VYADSFVIR
CASSFRGIQETQYF	VYADSFVIR
CASSNRGGETQYF	VYADSFVIR
CASSSTSFGQPQHF	VYADSFVIR
CASSYGPSSYNEQFF	VYADSFVIR
CASSPVGGRDYNEQFF	VYADSFVIR
CASSLSGDTDTQYF	VYADSFVIR
CASSPGLAGVEQYF	VYADSFVIR
CASSQDFFGQGKYNSPLHF	VYADSFVIR
CASGARGGGGGAAF	VYADSFVIR
CASRDRNFPGETQYF	VYADSFVIR
CASSPTSGEETQYF	VYADSFVIR
CASSLATGYEQYF	VYADSFVIR
CASSLSGQGAQTYF	VYADSFVIR
CASSLMGGYEQYF	VYADSFVIR
CASSQGTGGEQYF	VYADSFVIR
CASSSWENTGELFF	VYADSFVIR
CASSLSGGNQPQHF	VYADSFVIR
CASSLAFSSLKDTQYF	VYADSFVIR
CASSPQTSGSLYEQYF	VYADSFVIR
CASSGGGIYGYTF	VYADSFVIR
