CDR3	AA
CASSLVVRGGETQYF	HVTFFIYNK
CASGQTLGLAGTDTQYF	HVTFFIYNK
CASSPHFPGELFF	HVTFFIYNK
CASSVGQGDGYTF	HVTFFIYNK
CASGPGDIAPGYTF	HVTFFIYNK
CASSGPGLAGYEQYV	HVTFFIYNK
CSASDRGEATNEKLFF	HVTFFIYNK
CASSLLASGDYEQYF	HVTFFIYNK
CASSLGQGDTQYF	HVTFFIYNK
CASSFGSGDTQYF	HVTFFIYNK
CATSRDLPNEQFF	HVTFFIYNK
CASRAGGNNEQFF	HVTFFIYNK
CASSPGQGAPDNQPQHF	HVTFFIYNK
CASSLGQGAGDYTF	HVTFFIYNK
CASSLYFSGGHNEQFF	HVTFFIYNK
CASSAGQGDGYTF	HVTFFIYNK
CASSTTLYEQYF	HVTFFIYNK
CASSLGSGGEQFF	HVTFFIYNK
CASVTDWGTDTQYF	HVTFFIYNK
CASSVGRGDGYTF	HVTFFIYNK
CASRLSAPANYGYTF	HVTFFIYNK
CASSLGQGDEQYF	HVTFFIYNK
CASSLGGGDTQYF	HVTFFIYNK
CASSLGGNSPLHF	HVTFFIYNK
CASSVGQGGGYTF	HVTFFIYNK
CASSLGQGGGLTF	HVTFFIYNK
CSGPAAGGPDEQFF	HVTFFIYNK
CASSGNEQFF	HVTFFIYNK
CASSPTGTSGGSSTDTQYF	HVTFFIYNK
CASSSSTEAFF	HVTFFIYNK
CSARTGNTDTQYF	HVTFFIYNK
CASSPRSGSYNEQFF	HVTFFIYNK
CASSLFGALGADYNEQFF	HVTFFIYNK
CASSGGQGTGYTF	HVTFFIYNK
CASSPSGSADTQYF	HVTFFIYNK
CATTGGLADTQYF	HVTFFIYNK
CASSLVYSPDTQYF	HVTFFIYNK
CASSFGQGDTQYF	HVTFFIYNK
CASSYGTGWNEQFF	HVTFFIYNK
CASRGQGKGTEAFF	HVTFFIYNK
CASSYHVPDLDTEAFF	HVTFFIYNK
CASKGGRSDTQYF	HVTFFIYNK
CASSLAGGGNEQFF	HVTFFIYNK
CASSLGSGGPQHF	HVTFFIYNK
CASSPGYTDTQYF	HVTFFIYNK
CASSLGGGDEQYF	HVTFFIYNK
CASSAGQGAYCTF	HVTFFIYNK
CASRDGAGNTIYF	HVTFFIYNK
CASTLGLSGRETQYF	HVTFFIYNK
CASSSGQGDGYTF	HVTFFIYNK
CASSVGEGAGYTF	HVTFFIYNK
CASSVDLEGGETQYF	HVTFFIYNK
CASSQAGGFYEQFF	HVTFFIYNK
CASTLGSTF	HVTFFIYNK
CASSVTGPSYNEQFF	HVTFFIYNK
CASSPLGRTDTQYF	HVTFFIYNK
CASSLGQGDGYTF	HVTFFIYNK
CASSEPRAASSYNEQFF	HVTFFIYNK
CASSVLAGYNEQFF	HVTFFIYNK
CASSLGTGDGYTF	HVTFFIYNK
CASSLAGLSYEQYF	HVTFFIYNK
CASDLWRQTPNYGYTF	HVTFFIYNK
CASSAGTGDGYTF	HVTFFIYNK
CASTGGSSNQPQHF	HVTFFIYNK
CASSLAGNEQFF	HVTFFIYNK
CASSAGQGDGYTF	HVTFFIYNK
CASSHEDSFPSTDTQYF	HVTFFIYNK
CASSLGQGDGYTF	HVTFFIYNK
CASRGLALSTDTQYF	HVTFFIYNK
CASSTETGMNTEAFF	HVTFFIYNK
CASSLGGYEQYF	HVTFFIYNK
CASSVVGYTDTQYF	HVTFFIYNK
CASSLGQGSNIQYF	HVTFFIYNK
CASSHQIFYEQYF	HVTFFIYNK
CASSLEQDPLEQYF	HVTFFIYNK
CASSTHPTAAGEKLFF	HVTFFIYNK
CASSVGQGAGYTF	HVTFFIYNK
CASSQGYTGDSNQPQHF	HVTFFIYNK
CASSEASGSGANVLTF	HVTFFIYNK
CASSVGQGYNEQFF	HVTFFIYNK
CASSQVGDTQYF	HVTFFIYNK
CASSKGREGPFREQYF	HVTFFIYNK
CASSLGTGFETQYF	HVTFFIYNK
CASSVGQGAGYTF	HVTFFIYNK
CASSGGVAVLLGELFF	HVTFFIYNK
CASSLGGYEQYF	HVTFFIYNK
CASSVDDEQFF	HVTFFIYNK
CASSDPITGIYGYTF	HVTFFIYNK
CASSLSGGRQETQYF	HVTFFIYNK
CASILTASGIVEQYF	HVTFFIYNK
CASSLAAGGPTGELFF	HVTFFIYNK
CASSAGLDLGTGELFF	HVTFFIYNK
CATRGGQGGGYTF	HVTFFIYNK
CASSLTGNEQFF	HVTFFIYNK
CASSAYRGRDYGYTF	HVTFFIYNK
CASSLGDYQTQYF	HVTFFIYNK
CASSVGQGGGYTF	HVTFFIYNK
CASSVDGTWNTEAFF	HVTFFIYNK
CASSPNTSGETQYF	HVTFFIYNK
CASSLGQGDGYTF	HVTFFIYNK
CASSNTRSGNGYTF	HVTFFIYNK
CASSVGQGDGYTF	HVTFFIYNK
CSARDYKETQYF	HVTFFIYNK
CASSLGQGAEQYF	HVTFFIYNK
CSARDWGETQYF	HVTFFIYNK
CASTLPHAEGLAGQETQYF	HVTFFIYNK
CASSLGGGGEQFF	HVTFFIYNK
