CDR3	AA
CASSQDSQAYNEQFF	WLLWPVTLA
CASRISGGPSYEQYF	WLLWPVTLA
CASSYALGQGADEAFF	WLLWPVTLA
CASSSLAGIPYEQYF	WLLWPVTLA
CASIGTGGYNEQFF	WLLWPVTLA
CASSFPSGTAFYSNEKLFF	WLLWPVTLA
CASTDKVGGIQPQHF	WLLWPVTLA
CASSGGIRNNEQFF	WLLWPVTLA
CASSLNNEQFF	WLLWPVTLA
CASIWVNTEAFF	WLLWPVTLA
CASSSFSGNTGELFF	WLLWPVTLA
CASSLGGAVSSYNEQFF	WLLWPVTLA
CASSLLGPHEQYF	WLLWPVTLA
CASSEETRGSYEQYF	WLLWPVTLA
CASAGTSGTVQFF	WLLWPVTLA
CASTPLGDGYEQYF	WLLWPVTLA
CASSWGTGELFF	WLLWPVTLA
CASSFSGAYEQYF	WLLWPVTLA
CASSLRGSYEQYF	WLLWPVTLA
CASSLSAGGRVEQYF	WLLWPVTLA
CASSAEAVYNEQFF	WLLWPVTLA
CASSPPELAGGTYEQYF	WLLWPVTLA
CASSGQGYNEQFF	WLLWPVTLA
CASSYDDRAYGYTF	WLLWPVTLA
CASSASSEQYF	WLLWPVTLA
CASSPPWTSEEVDTGELFF	WLLWPVTLA
CASSTPAGFNGETQYF	WLLWPVTLA
CASSLLVPKGTDTQYF	WLLWPVTLA
CASSNAGGASYNEQFF	WLLWPVTLA
CASSSDLDTGELFF	WLLWPVTLA
CASSPHSLAANEQFF	WLLWPVTLA
CSVVILAGGYNEQFF	WLLWPVTLA
CASSLWGTSSNNEQFF	WLLWPVTLA
CASSEPVQGYEQYF	WLLWPVTLA
CASSLAGGYEQYF	WLLWPVTLA
CASSLAMNTEAFF	WLLWPVTLA
CASSFRTREAFF	WLLWPVTLA
CASSLWGYQETQYF	WLLWPVTLA
CASSAGRIYATNEKLFF	WLLWPVTLA
CASSISATHNEQFF	WLLWPVTLA
CATSDLQAQETQYF	WLLWPVTLA
CASSPTDTQYF	WLLWPVTLA
CASTPGTGVYNEQFF	WLLWPVTLA
CASSLVTVRGMDTEAFF	WLLWPVTLA
CASSLEDLRQPQHF	WLLWPVTLA
CASGTTGELFF	WLLWPVTLA
CASSQASNPDTQYF	WLLWPVTLA
CASSGGDRESTDTQYF	WLLWPVTLA
CASSSISGDSYNEQFF	WLLWPVTLA
CASGLGTVYEQYF	WLLWPVTLA
CASSSIGFEQYF	WLLWPVTLA
CSVPAGLLYNEQFF	WLLWPVTLA
CASSPLRGDQPQHF	WLLWPVTLA
CASSFPDEQYF	WLLWPVTLA
CSARDRTGFSAEAFF	WLLWPVTLA
CATSDFLLTDTQYF	WLLWPVTLA
CASSQTGVTEAFF	WLLWPVTLA
CASGGRISYEQYF	WLLWPVTLA
CAAGSNEQYF	WLLWPVTLA
CASGSTEAFF	WLLWPVTLA
CASHAGGRYTEAFF	WLLWPVTLA
CASSPPTSETEQFF	WLLWPVTLA
CASSYPGPMNTEAFF	WLLWPVTLA
CATLKLAGYNEQYF	WLLWPVTLA
CASSLGVTGGLETQYF	WLLWPVTLA
CASSLGVGELFF	WLLWPVTLA
CASSHPGTSAYNEQFF	WLLWPVTLA
CAGGLAGAHEQYF	WLLWPVTLA
CASSPLAVGYEQYF	WLLWPVTLA
CASKRTSGEVGTGELFF	WLLWPVTLA
CASSLVAGDEKLFF	WLLWPVTLA
CASSYYRPADIQYF	WLLWPVTLA
CASSQVQQGDAYGYTF	WLLWPVTLA
CASSPNNIQYF	WLLWPVTLA
CASSQGIPGTGNNEQFF	WLLWPVTLA
CASSVVGLTDTQYF	WLLWPVTLA
CATSDFTKTDTQYF	WLLWPVTLA
CASSPPFSGLGFEQFF	WLLWPVTLA
CASSEASPYTEAFF	WLLWPVTLA
CASSLDNEQFF	WLLWPVTLA
CASSDSNEQFF	WLLWPVTLA
CASSDRGTEYNSPLHF	WLLWPVTLA
CASNPVTSQETQYF	WLLWPVTLA
CASSPRDRGETQYF	WLLWPVTLA
CSALDPAGTSGRLSYEQYF	WLLWPVTLA
CASSLGGLEQYF	WLLWPVTLA
CASSAGRGQDPLNTEAFF	WLLWPVTLA
CASSEGGRSYEQYF	WLLWPVTLA
CATSRDQGYAGELFF	WLLWPVTLA
CASSWGRNTGELFF	WLLWPVTLA
CASSQGPPLSATNEQYF	WLLWPVTLA
CASSRLGVSNQPQHF	WLLWPVTLA
CASSLGTGYNEQFF	WLLWPVTLA
CASSSWTSGTYEQYF	WLLWPVTLA
CASSILRGTGTDTQYF	WLLWPVTLA
CASSSGGADGYTF	WLLWPVTLA
CASSGDNEQFF	WLLWPVTLA
CASSFIPSGSSYEQYF	WLLWPVTLA
CASSVGDRGNYGYTF	WLLWPVTLA
CASSPKTWLAAYTGELFF	WLLWPVTLA
CASSPGIYGYTF	WLLWPVTLA
CASTEGGGETQYF	WLLWPVTLA
CASSSQPQHF	WLLWPVTLA
CASSPFLASGTSNPQFF	WLLWPVTLA
CASSLWDRSFQETQYF	WLLWPVTLA
CASSVGESQETQYF	WLLWPVTLA
CASNQGSDGYTF	WLLWPVTLA
CATSSVITDTQYF	WLLWPVTLA
CATQADRYGYTF	WLLWPVTLA
CASSPTSSETQYF	WLLWPVTLA
CASRNRDRDLFEQYF	WLLWPVTLA
CASSPRDEQYF	WLLWPVTLA
CASSQDKRGPPYEQYF	WLLWPVTLA
CASSYGLVRELFF	WLLWPVTLA
CASSLGIGNQPQHF	WLLWPVTLA
CASIKQGFYEQYF	WLLWPVTLA
CASSLGDGPYEQYF	WLLWPVTLA
CASSTSGRDANSPLHF	WLLWPVTLA
CASSKPPTGVNSPLHF	WLLWPVTLA
CASSLEGLVSYEQYF	WLLWPVTLA
CASSRGAGRENTEAFF	WLLWPVTLA
CASSSPGLAGSTDTQYF	WLLWPVTLA
CASSFSNEQFF	WLLWPVTLA
CASSDKISGQSMTYEQYF	WLLWPVTLA
CASSLMSSGSRDEQYF	WLLWPVTLA
CASSLGYEQYF	WLLWPVTLA
CASSFSGELFF	WLLWPVTLA
CATSDWGTSGTTDTQYF	WLLWPVTLA
CASSWYEGTEAFF	WLLWPVTLA
CSVVGTQGTEAFF	WLLWPVTLA
CASSPSGTSGRPTRKAGRNEQFF	WLLWPVTLA
CSARVRADATYEQYF	WLLWPVTLA
CSVEQGPPAYEQYF	WLLWPVTLA
CASTPDRDYGYYGYTF	WLLWPVTLA
CASSPTGSEQYF	WLLWPVTLA
CASSLRGSREQYF	WLLWPVTLA
CASSLGPEAFF	WLLWPVTLA
CASARSGIEYF	WLLWPVTLA
CASSQGTSGSSYEQYF	WLLWPVTLA
CASSGTSGSYNEQFF	WLLWPVTLA
CASSQAEGGLGSPLHF	WLLWPVTLA
CASSSPRIAGGAKNIQYF	WLLWPVTLA
CASSSSRDLGQYF	WLLWPVTLA
CASTSVSEQYF	WLLWPVTLA
CSARQPTNEKLFF	WLLWPVTLA
CASIPMGGTQYF	WLLWPVTLA
CASAGDNNEQFF	WLLWPVTLA
CASSLLTLADNEQFF	WLLWPVTLA
CASSLMSADTQYF	WLLWPVTLA
CASSQGDTLTGHREQYF	WLLWPVTLA
CASSLLGNTEAFF	WLLWPVTLA
CASSDWTNTEAFF	WLLWPVTLA
CASTSSNEQFF	WLLWPVTLA
CASSQDGLQEVYNEQFF	WLLWPVTLA
CASSPTGRTEAFF	WLLWPVTLA
CASSLIYNEQFF	WLLWPVTLA
CASSPSGGYEQYF	WLLWPVTLA
CASSPDGTGGYEQYF	WLLWPVTLA
CASSNVSNQPQHF	WLLWPVTLA
CASSLDPGHFRNTIYF	WLLWPVTLA
CSARDGTVGYEQYF	WLLWPVTLA
CASSQDFGGRDTQYF	WLLWPVTLA
CASSIGRGLTYEQYF	WLLWPVTLA
CASSSTGAPRDEQFF	WLLWPVTLA
CSVEDNEQFF	WLLWPVTLA
CASSSQQMNTGELFF	WLLWPVTLA
CASSIGSPGANVLTF	WLLWPVTLA
CASSQDELGPSTDTQYF	WLLWPVTLA
CASTTGNEQFF	WLLWPVTLA
CASSYSPPYEQYF	WLLWPVTLA
CATTPENTYNEQFF	WLLWPVTLA
CATSGMLYQPQHF	WLLWPVTLA
CATSRERINEQFF	WLLWPVTLA
CASSCLLAGGADTQYF	WLLWPVTLA
CASSSNGVDTQYF	WLLWPVTLA
CAILDITLQTQYF	WLLWPVTLA
CASRSPTSTDTQYF	WLLWPVTLA
CATSDFGLGEQFF	WLLWPVTLA
CSVVYSGTYNEQFF	WLLWPVTLA
CASSLVGAGLEKDTQYF	WLLWPVTLA
CATSDSSFEQYF	WLLWPVTLA
CASSPGTSGWQETQYF	WLLWPVTLA
CASSPRTGFHEQYF	WLLWPVTLA
CATSRDSTGTQYF	WLLWPVTLA
CATSDLSAGEGTDTQYF	WLLWPVTLA
CASSFGEGGTQYF	WLLWPVTLA
CASSFRETGPEAFF	WLLWPVTLA
CASSELPFGNTIYF	WLLWPVTLA
CASGLAHNEQFF	WLLWPVTLA
CASSVLEIEQFF	WLLWPVTLA
CASSLLGAGNTIYF	WLLWPVTLA
CASSLSSGVTDTQYF	WLLWPVTLA
CASSVAGGNYNEQFF	WLLWPVTLA
CSVEDFGSLRYF	WLLWPVTLA
CSADASAAVISTDTQYF	WLLWPVTLA
CASYLPGHRHGYTF	WLLWPVTLA
CASSYWGGVDQETQYF	WLLWPVTLA
CASSFGTGAPGETQYF	WLLWPVTLA
CASSLGLAGASDTQYF	WLLWPVTLA
CATSMGGHEQFF	WLLWPVTLA
CASSPLLAGGPGEQYF	WLLWPVTLA
CASSPPGAGELFF	WLLWPVTLA
CASSQDLSGGSYEQYF	WLLWPVTLA
CASSPVRGRGNEQFF	WLLWPVTLA
CATSDWGTSGPTDTQYF	WLLWPVTLA
CASITDVGEQYF	WLLWPVTLA
CASSISGTGQPQHF	WLLWPVTLA
CSADMDLGPQHF	WLLWPVTLA
CASSPIGQGVPQPQHF	WLLWPVTLA
CASSYSVSGEGWNTEAFF	WLLWPVTLA
CASSPPTGNSYNEQFF	WLLWPVTLA
CASNLQGGGEKLFF	WLLWPVTLA
CASSFGPYQPQHF	WLLWPVTLA
CASGTDAWWPQHF	WLLWPVTLA
CASSLVQGTEAFF	WLLWPVTLA
CASSFLLAGSNEQFF	WLLWPVTLA
CSALWNTEAFF	WLLWPVTLA
CASSFDTEETQYF	WLLWPVTLA
CASSYSLGWSSGANVLTF	WLLWPVTLA
CASSEVAGGLTDTQYF	WLLWPVTLA
CASSQYGPGQLNEKLFF	WLLWPVTLA
CATRLALEQFF	WLLWPVTLA
CASSLQGIGKNTEAFF	WLLWPVTLA
CATSALDRGETQYF	WLLWPVTLA
CASSPGQLQETQYF	WLLWPVTLA
CASSWPGGSNTGELFF	WLLWPVTLA
CASSATGDTEAFF	WLLWPVTLA
CASSPYRGNYNEQFF	WLLWPVTLA
CASTIIGGEQYF	WLLWPVTLA
CASSVVPGDYGYTF	WLLWPVTLA
CASSLGPGSPYEQYF	WLLWPVTLA
CASSTTGVGTDTQYF	WLLWPVTLA
CASSFAAEAFF	WLLWPVTLA
CASSPAGETQYF	WLLWPVTLA
CASSPYPIYEQYF	WLLWPVTLA
CASSESGVLSEKLFF	WLLWPVTLA
CASSYGQRTSYEQYF	WLLWPVTLA
CASSPGTADYEQYF	WLLWPVTLA
CASRGQGPYEQYF	WLLWPVTLA
CASSSVVSTIYGYTF	WLLWPVTLA
CATSDWGDSHTDTQYF	WLLWPVTLA
CASSQLPGQGAYEQYF	WLLWPVTLA
CASSSSGSTGELFF	WLLWPVTLA
CASSLGTAYNEQFF	WLLWPVTLA
CASSDLGETQYF	WLLWPVTLA
CASSSVTGELFF	WLLWPVTLA
CASSYWTDGYTF	WLLWPVTLA
CASSPTGLHEQFF	WLLWPVTLA
CASSHGGTAYEQYF	WLLWPVTLA
CASSTDQPQHF	WLLWPVTLA
CASSLRPGEVNQPQHF	WLLWPVTLA
CASLGASGVYEQYF	WLLWPVTLA
CATSGLGPPEGTDTQYF	WLLWPVTLA
CASSLGLAPPLRNEQFF	WLLWPVTLA
CATSHDRVNEQYF	WLLWPVTLA
CSARVVFNEQFF	WLLWPVTLA
CAISELGVVYEQYF	WLLWPVTLA
CAISESNEQFF	WLLWPVTLA
CASSGEGEVAQHF	WLLWPVTLA
CASSSTRPGSASTDTQYF	WLLWPVTLA
CASSLLANSPLHF	WLLWPVTLA
CASSQEVANYGYTF	WLLWPVTLA
CSAAADNEQFF	WLLWPVTLA
CSAPGLDSNTQYF	WLLWPVTLA
CASTGGYGEQFF	WLLWPVTLA
CASSLGMDGYTF	WLLWPVTLA
CASRPGTSGTDTQYF	WLLWPVTLA
CASSRDSDSYGYTF	WLLWPVTLA
CASTGRDTQYF	WLLWPVTLA
CASSYMGFPEAFF	WLLWPVTLA
CASSPTGFYNEQFF	WLLWPVTLA
CASSQDPRLAGSADTQYF	WLLWPVTLA
CASNNYRATNTEAFF	WLLWPVTLA
CSARDLAGGSYEQYF	WLLWPVTLA
CASSPGGLDTEAFF	WLLWPVTLA
CASSPGQPQHF	WLLWPVTLA
CASSLGLVSYEQYF	WLLWPVTLA
CASRPTGGEETQYF	WLLWPVTLA
CASSAGLAGSTDTQYF	WLLWPVTLA
CASTGLAENTGELFF	WLLWPVTLA
CATSDFGGTDTQYF	WLLWPVTLA
CASSQGLAGHEQFF	WLLWPVTLA
CASNQVAGGPGDTQYF	WLLWPVTLA
CASSSGLATDTQYF	WLLWPVTLA
CASSPTGNTEAFF	WLLWPVTLA
CASSEPPGQGAGELFF	WLLWPVTLA
CATSRGELAGRTNTGELFF	WLLWPVTLA
CASSSAGELFF	WLLWPVTLA
CASSGTSGHSTDTQYF	WLLWPVTLA
CASLPTGTYTGELFF	WLLWPVTLA
CASSQDPEGSGSRNEQFF	WLLWPVTLA
CASSFAGPDSPLHF	WLLWPVTLA
CASNGGVHEQFF	WLLWPVTLA
CASSPAVGPAGEQYF	WLLWPVTLA
CASSLDPSGAGLQETQYF	WLLWPVTLA
CASSVANEQFF	WLLWPVTLA
CASSEYFYEQYF	WLLWPVTLA
CASSITSGASTDTQYF	WLLWPVTLA
CASSPPLSYEQYF	WLLWPVTLA
CASSQDLQATYEQYF	WLLWPVTLA
CASSLGTSGTDEQYF	WLLWPVTLA
CASSQWTSGGETQYF	WLLWPVTLA
CSVEQAGAYGYTF	WLLWPVTLA
CASSLMGLQHF	WLLWPVTLA
CASSQQNSLDTQYF	WLLWPVTLA
CASSNLPGQLEREQYF	WLLWPVTLA
CASSQYPGRDQPQHF	WLLWPVTLA
CSVGTGDYTEAFF	WLLWPVTLA
CASSPFLGKETQYF	WLLWPVTLA
CSARAGTFYNEQFF	WLLWPVTLA
CASTADNEQFF	WLLWPVTLA
CASSLGGTNEQYF	WLLWPVTLA
CASSLYNEQFF	WLLWPVTLA
CASSGTGVNIQYF	WLLWPVTLA
CASSPGNEQFF	WLLWPVTLA
CASSLAPPGELFF	WLLWPVTLA
CASYGLAGVYEQFF	WLLWPVTLA
CASSLLVYEQYF	WLLWPVTLA
CASSLSLQSNYEQYF	WLLWPVTLA
CASSYGSGKTGELFF	WLLWPVTLA
CASSTGTSVNTGELFF	WLLWPVTLA
CASGSRKGLNDEQYF	WLLWPVTLA
CASSSRLGRGATDTQYF	WLLWPVTLA
CASSGTSGIRNEQFF	WLLWPVTLA
CASSPYEVGEQYF	WLLWPVTLA
CASSQDALARLNTEAFF	WLLWPVTLA
CASSQEGGGAVYETQYF	WLLWPVTLA
CASSPGTVIEAFF	WLLWPVTLA
CSAEMDRGRGNTIYF	WLLWPVTLA
CASSFRTSGYNEQFF	WLLWPVTLA
CASSYSLGAGSGRSTDTQYF	WLLWPVTLA
CASNPSRGRINEQFF	WLLWPVTLA
CSATSPIDYEQYF	WLLWPVTLA
CASSPTEDLILTDEQFF	WLLWPVTLA
CASSPPSEQEQFF	WLLWPVTLA
CASSLGYGYTF	WLLWPVTLA
CSANTHSGGASTDTQYF	WLLWPVTLA
CASSPPSGAEAFF	WLLWPVTLA
CASSQPGQPYEQYF	WLLWPVTLA
CASSPPAPGLAGENEQFF	WLLWPVTLA
CASSYLAGAQETQYF	WLLWPVTLA
CASSASEYEQYF	WLLWPVTLA
CASSLGREQFF	WLLWPVTLA
CASSLWADYEQYF	WLLWPVTLA
CASSGWDRTSYEQYF	WLLWPVTLA
CASSYSLAGEGEQYF	WLLWPVTLA
CASWFGREGEQFF	WLLWPVTLA
CASSLVAGVEAFANEQFF	WLLWPVTLA
CASSLSSLAGVRHGELFF	WLLWPVTLA
CASSPNTGELFF	WLLWPVTLA
CASREQGVLSKNIQYF	WLLWPVTLA
CASSIYANTEAFF	WLLWPVTLA
CSVEVGNTGELFF	WLLWPVTLA
CASSEGRTGVKEKLFF	WLLWPVTLA
CASKAGASLATEAFF	WLLWPVTLA
CASSRLAGEENEQFF	WLLWPVTLA
CASSLGPDYEQYF	WLLWPVTLA
CASSLWGSATEQYF	WLLWPVTLA
CASSVYGLTDTQYF	WLLWPVTLA
CASSVGNGEQFF	WLLWPVTLA
CASSFLKMYQETQYF	WLLWPVTLA
CASSLAGTLPQPQHF	WLLWPVTLA
CSASRDGIFEDTQYF	WLLWPVTLA
CASSTPGGGSNYGYTF	WLLWPVTLA
CASSFSAYNEQFF	WLLWPVTLA
CASSPTGNTEAFF	WLLWPVTLA
CASSLSNVLTF	WLLWPVTLA
CASSKRGSYGYTF	WLLWPVTLA
CASSDSSTEAFF	WLLWPVTLA
CASSYGTGMETQYF	WLLWPVTLA
CSVDGTSGGSYEQYF	WLLWPVTLA
CASSLVFETQYF	WLLWPVTLA
CASILGRDLGIYGYTF	WLLWPVTLA
CASSLSVTLAVGETQYF	WLLWPVTLA
CASSTSAGNNEQFF	WLLWPVTLA
CASSFRGNTEAFF	WLLWPVTLA
CASSLLGEGGYTF	WLLWPVTLA
CASSIWGLAGKTSSYNEQFF	WLLWPVTLA
CATSDFGQSQETQYF	WLLWPVTLA
CASSQESVIEAFF	WLLWPVTLA
CASSFLQALYNEQFF	WLLWPVTLA
CASRIYNEKLFF	WLLWPVTLA
CSVEGETSGNTDTQYF	WLLWPVTLA
CATSDFGSTDTQYF	WLLWPVTLA
CASSLGAGTYNEQFF	WLLWPVTLA
CSVYLALAKNIQYF	WLLWPVTLA
CSVAPPSGSFNEQFF	WLLWPVTLA
CASSLSGRASYNEQFF	WLLWPVTLA
CASSLGPPGTQYF	WLLWPVTLA
CASSLTVHYEQYF	WLLWPVTLA
CSARDTRASYEQYF	WLLWPVTLA
CSASEAGGQLETQYF	WLLWPVTLA
CASSLADTARAEAFF	WLLWPVTLA
CASSFTDTQYF	WLLWPVTLA
CASSPRDTQYF	WLLWPVTLA
CASNVGGGTDTQYF	WLLWPVTLA
CASSTPRPGLAGPTDTQYF	WLLWPVTLA
CASSYSSEQFF	WLLWPVTLA
CASSFNEQFF	WLLWPVTLA
CASSVALGYEQYF	WLLWPVTLA
CASSFPQNTQYF	WLLWPVTLA
CASTSAVGLAGVDEQFF	WLLWPVTLA
CASSPNQPQHF	WLLWPVTLA
CASSFEPLSGPGYEQYF	WLLWPVTLA
CASSQDHGPYEQYF	WLLWPVTLA
CATSWTSGYNEQFF	WLLWPVTLA
CASSPGGARVEAFF	WLLWPVTLA
CASSLSSLAVTDTQYF	WLLWPVTLA
CATSVTSGGLVYTF	WLLWPVTLA
CASSRPGLDPEYEQYF	WLLWPVTLA
CSVEGYTQEGNYGYTF	WLLWPVTLA
CATSDLRTGTSTDTQYF	WLLWPVTLA
CASSFQGSEQYF	WLLWPVTLA
CASYRIGWDTQYF	WLLWPVTLA
CAISKRTGLKGNTEAFF	WLLWPVTLA
CASSPYTGELFF	WLLWPVTLA
CASSRQGAGANVLTF	WLLWPVTLA
CSVVAVLSYNEQFF	WLLWPVTLA
CASSAAGGFYNEQFF	WLLWPVTLA
CATNLLPENTGELFF	WLLWPVTLA
CSVEVRDSYEQYF	WLLWPVTLA
CASSEFGLGRYGYTF	WLLWPVTLA
CSAVPQPGQPQHF	WLLWPVTLA
CASSEWDRVDNEQFF	WLLWPVTLA
CASRDYITDTQYF	WLLWPVTLA
CASSLIPETPSYEQYF	WLLWPVTLA
CASSLTDTQYF	WLLWPVTLA
CTSSHPVTPGYEQYF	WLLWPVTLA
CASSGTRQITDTQYF	WLLWPVTLA
CASSNSNEQFF	WLLWPVTLA
CASSFLPNPRSSYEQYF	WLLWPVTLA
CASSPRRTISYNEQFF	WLLWPVTLA
CASSPGLSSYNEQFF	WLLWPVTLA
CASSLPRTGRYEQYF	WLLWPVTLA
CASSSSPVEAFF	WLLWPVTLA
CASSPEGLPYGYTF	WLLWPVTLA
CASSSLGSTQYF	WLLWPVTLA
CSVEDIITYNEQFF	WLLWPVTLA
CASTSHNEQFF	WLLWPVTLA
CASSVAGVTDTQYF	WLLWPVTLA
CASTLSVNEQFF	WLLWPVTLA
CASIPIGGGAGYTF	WLLWPVTLA
CASSLLLGSDEQYF	WLLWPVTLA
CASNLQGAGTGELFF	WLLWPVTLA
CSATGQVTEQYF	WLLWPVTLA
CVTGSNEQFF	WLLWPVTLA
CASSLLGEQYF	WLLWPVTLA
CASIRGDRLSNQPQHF	WLLWPVTLA
CASSPTGGTYEQYF	WLLWPVTLA
CATNGLAGGGISYNEQFF	WLLWPVTLA
CASSDLYEQYF	WLLWPVTLA
CASSQGYGTGYEQYF	WLLWPVTLA
CASSPRTSGYNEQFF	WLLWPVTLA
CASSLGGQINEKLFF	WLLWPVTLA
CASSPDNEQFF	WLLWPVTLA
CASSQIQGTEAFF	WLLWPVTLA
CASSLWGHLMNTEAFF	WLLWPVTLA
CASSILPEREPHNEQFF	WLLWPVTLA
CASSSPGANVLTF	WLLWPVTLA
CSGTGGDTQYF	WLLWPVTLA
CASSTPAAQETQYF	WLLWPVTLA
CASSFRGGENGYTF	WLLWPVTLA
CASSLTGPYNEQFF	WLLWPVTLA
CASSLEFPSSGRAETQYF	WLLWPVTLA
CASSQGAISAF	WLLWPVTLA
CASRPGQGYYGYTF	WLLWPVTLA
CASSLDGDYEQYF	WLLWPVTLA
CAISESGQVHLLSSTGELFF	WLLWPVTLA
CASSYSAGELNYGYTF	WLLWPVTLA
CASSLEGGQGNYEQYF	WLLWPVTLA
CASSSRARPYEQYF	WLLWPVTLA
CASSQEGLAGGFEQFF	WLLWPVTLA
CSVEHGGGTQYF	WLLWPVTLA
CASSLDNEQFF	WLLWPVTLA
CASSQVFGLAGGSSYNEQFF	WLLWPVTLA
CASSPRLSGSSTDTQYF	WLLWPVTLA
CASTPDRGSYNEQFF	WLLWPVTLA
CSARDAGQGVYGYTF	WLLWPVTLA
CASSQTGTNQPQHF	WLLWPVTLA
CASSEAMNYGYTF	WLLWPVTLA
CASSEFWTGKGTDTQYF	WLLWPVTLA
CASSYSLGQGAALNSEQYF	WLLWPVTLA
CASSFGYTSSYNEQFF	WLLWPVTLA
CASSLAGSNSPLHF	WLLWPVTLA
CASAVNEQFF	WLLWPVTLA
CASSGVGTQYF	WLLWPVTLA
CASSGLTSGNTGELFF	WLLWPVTLA
CASSFPAQGTLREGLTDTQYF	WLLWPVTLA
CASSVDGGGSTDTQYF	WLLWPVTLA
CASSPGPYNEQFF	WLLWPVTLA
CASSYAGGSGELFF	WLLWPVTLA
CATSDPRYEYNEQFF	WLLWPVTLA
CASTPTGSGPQHF	WLLWPVTLA
CASSSRLMGYNEQFF	WLLWPVTLA
CSVAGSYEQYF	WLLWPVTLA
CSATPLAGGPTGELFF	WLLWPVTLA
CASRAGLHAYEQYF	WLLWPVTLA
CASSYSLGLAGGTSRTDTQYF	WLLWPVTLA
CATSPGLDSYNEQFF	WLLWPVTLA
CAWTPRGGWVAFF	WLLWPVTLA
CASSLMNPSGTQETQYF	WLLWPVTLA
CASSSAGSANTGELFF	WLLWPVTLA
CASAGDYNEQFF	WLLWPVTLA
CASSLRGADNEQYF	WLLWPVTLA
CATRRWPGTSAGNEQFF	WLLWPVTLA
CASSYGGNQPQHF	WLLWPVTLA
CASYSDTQYF	WLLWPVTLA
CSVVSWGATQYF	WLLWPVTLA
CASSLVTPGDEKLFF	WLLWPVTLA
CASSLEATTYEQYF	WLLWPVTLA
CSARTGGLQEKLFF	WLLWPVTLA
CASRGTGVQYYNEQFF	WLLWPVTLA
CASSWTGNADGYTF	WLLWPVTLA
CATSDLVGITDTQYF	WLLWPVTLA
CSVSAGDPYEQYF	WLLWPVTLA
CASLGRFQETQYF	WLLWPVTLA
CASSPLGQPQHF	WLLWPVTLA
CASSFSYEQYF	WLLWPVTLA
CASSLRAGEGEQFF	WLLWPVTLA
CASKSGVGNEQFF	WLLWPVTLA
CASSLLLAGGYNEQFF	WLLWPVTLA
CASSPNLAHTNTGELFF	WLLWPVTLA
CASSVLGVISEQYF	WLLWPVTLA
CASSSQVTEAFF	WLLWPVTLA
CASVRTGGPEQYF	WLLWPVTLA
CASSQDLPGRAFF	WLLWPVTLA
CASSVADSNYGYTF	WLLWPVTLA
CASSETGVNSPLHF	WLLWPVTLA
CASSFLHPAGVTSYEQYF	WLLWPVTLA
CASSTSSPIAGGSTDTQYF	WLLWPVTLA
CASSLYSSGVDTEAFF	WLLWPVTLA
CASTTGPEAFF	WLLWPVTLA
CATSDLRGGTSTDTQYF	WLLWPVTLA
CASIQRTGELFF	WLLWPVTLA
CASSLSNEQFF	WLLWPVTLA
CASSSPWAGEGTNEKLFF	WLLWPVTLA
CASTTPHGSYTF	WLLWPVTLA
CASSILGLAGGLGTDTQYF	WLLWPVTLA
CASSIPGSNEQFF	WLLWPVTLA
CASSSGQGYEQYF	WLLWPVTLA
CASSDFRGVDGYTF	WLLWPVTLA
CASRTGLADNTGELFF	WLLWPVTLA
CASLDLVEEYYEQYF	WLLWPVTLA
CASSLGTGGQFSTDTQYF	WLLWPVTLA
CASSHRGGRDNEQFF	WLLWPVTLA
CASTSSNEQYF	WLLWPVTLA
CASAVTSTDTQYF	WLLWPVTLA
CAWSFTPPGYGSTDTQYF	WLLWPVTLA
CAISESEVRGTEAFF	WLLWPVTLA
CASSQGVAYGYTF	WLLWPVTLA
CASLGGNNYNEQFF	WLLWPVTLA
CASSQVEGAEQYF	WLLWPVTLA
CASSLDGTGELFF	WLLWPVTLA
CASSFPGIGGDYNEQFF	WLLWPVTLA
CASSQTVSGETQYF	WLLWPVTLA
CASSPLTGLDEKLFF	WLLWPVTLA
CASSLVRGGENEQFF	WLLWPVTLA
CASSPRVSGNTEAFF	WLLWPVTLA
CASSPIAGGDNEQFF	WLLWPVTLA
CASSGNRDRLNTEAFF	WLLWPVTLA
CASKLWGGGTEAFF	WLLWPVTLA
CASSAAGDNEKLFF	WLLWPVTLA
CASSYSEGYEQYF	WLLWPVTLA
CSVDAHPSGAYNEQFF	WLLWPVTLA
CSVPGLAGANYNEQFF	WLLWPVTLA
CASRIFPGQGVETQYF	WLLWPVTLA
CASSYFNTDTQYF	WLLWPVTLA
CASSFMGVNTEAFF	WLLWPVTLA
CASSVIEGGTEAFF	WLLWPVTLA
CASRGGQGGSYEQYF	WLLWPVTLA
CASSQIGVGANVLTF	WLLWPVTLA
CASIGIGTEAFF	WLLWPVTLA
CASSYPPEQFF	WLLWPVTLA
CASNLAGSYNEQFF	WLLWPVTLA
CASSALNTQYF	WLLWPVTLA
CASSPYNTGELFF	WLLWPVTLA
CASSQDLQATYEQYF	WLLWPVTLA
CSGVSYTEAFF	WLLWPVTLA
CASSPYPREITYEQYF	WLLWPVTLA
CASSQRHLAYEQYF	WLLWPVTLA
CASSPGTGGDAFF	WLLWPVTLA
CASSPPRGQPPIEQYF	WLLWPVTLA
CARSPKEQYF	WLLWPVTLA
CASGPGQALGTEAFF	WLLWPVTLA
CSAQTPYNEQFF	WLLWPVTLA
CASSSLLAFVGETQYF	WLLWPVTLA
CASTLTGVASGEAFF	WLLWPVTLA
CASSEGLAEQETQYF	WLLWPVTLA
CASSIPVGFPAGVYGELFF	WLLWPVTLA
CATSDLNRPDTQYF	WLLWPVTLA
CASSLSPGLKNNYEQYF	WLLWPVTLA
CASSKSGGAGEQFF	WLLWPVTLA
CASSEPSLQGRGYTF	WLLWPVTLA
CASSFGVTGSYEQYF	WLLWPVTLA
CASSYSLGQGNSPLHF	WLLWPVTLA
CASSPPGQEQFF	WLLWPVTLA
CASRMGGEQFF	WLLWPVTLA
CASSIGRGLAYEQYF	WLLWPVTLA
CASSFRGPIEAFF	WLLWPVTLA
CASSHGQNTEAFF	WLLWPVTLA
CASSVEGFGADTQYF	WLLWPVTLA
CASSLPAGGPNTGELFF	WLLWPVTLA
CSVDSGNGDGYTF	WLLWPVTLA
CASSLDGQGGSYEQYF	WLLWPVTLA
CASSILLQSSYNEQFF	WLLWPVTLA
CARGQEHEQYF	WLLWPVTLA
CASSEVNRGQGQETQYF	WLLWPVTLA
CASSLQGFGPEAFF	WLLWPVTLA
CAAQGTYGYTF	WLLWPVTLA
CATSDSRARTLNEQFF	WLLWPVTLA
CASSLLPLAEGETQYF	WLLWPVTLA
CASSQVYTLELFF	WLLWPVTLA
CASSETDSPPQHF	WLLWPVTLA
CASSSPRRGDEAFF	WLLWPVTLA
CASGLGTIYF	WLLWPVTLA
CASSQVLDYEQYF	WLLWPVTLA
CASSLGYSPLHF	WLLWPVTLA
CASSSGPGGLNEQFF	WLLWPVTLA
CASSEGLAGFTGELFF	WLLWPVTLA
CASSLAGLAGGYNEQFF	WLLWPVTLA
CASSQVGSSYEQYF	WLLWPVTLA
CASSYSSTSGDEQYF	WLLWPVTLA
CAISESRDEQYF	WLLWPVTLA
CASSEGVDYEQYF	WLLWPVTLA
CASSLGPGGSLEPQHF	WLLWPVTLA
CASSPSNEQFF	WLLWPVTLA
CATRAPGTASYEQYF	WLLWPVTLA
CASSQNQPQHF	WLLWPVTLA
CASEQGGYGYTF	WLLWPVTLA
CATSDLSSGGPTDTQYF	WLLWPVTLA
CASSRQGSGELFF	WLLWPVTLA
CASSQFQDYYEQYF	WLLWPVTLA
CASSFRPLDREPYGYTF	WLLWPVTLA
CASRPFGGTSTDTQYF	WLLWPVTLA
CASSLRGAGNTIYF	WLLWPVTLA
CASTLPGDEQYF	WLLWPVTLA
CASSYSLGAGELFF	WLLWPVTLA
CASSRLAGTDTQYF	WLLWPVTLA
CATFGFSTGTEQFF	WLLWPVTLA
CASSERLAGVSYEQYF	WLLWPVTLA
CASSQEPGLAGVGSWETQYF	WLLWPVTLA
CATSDFDRGLSETQYF	WLLWPVTLA
CASSQVRDQPQHF	WLLWPVTLA
CASSDRAGETQYF	WLLWPVTLA
CASSMRDEQFF	WLLWPVTLA
CASSLNQPQHF	WLLWPVTLA
CSVIGTSGLTYNEQFF	WLLWPVTLA
CATSGQVGQETQYF	WLLWPVTLA
CASSQDRRPPNSEQFF	WLLWPVTLA
CASNRGWDTGELFF	WLLWPVTLA
CASAGASGGEQFF	WLLWPVTLA
CASSLAGQGSEQYF	WLLWPVTLA
CASSPIGGGPSYEQYF	WLLWPVTLA
CASSPGTGGTEAFF	WLLWPVTLA
CASSAPSGQETQYF	WLLWPVTLA
CASSLVVHEQYF	WLLWPVTLA
CASSEGDTQYF	WLLWPVTLA
CATAGANEQFF	WLLWPVTLA
CSAYTGFGNQPQHF	WLLWPVTLA
CASSADREYHGYTF	WLLWPVTLA
CSAGDQPQHF	WLLWPVTLA
CASSFTPNEKLFF	WLLWPVTLA
CASSGDTSYEQYF	WLLWPVTLA
RASSLVFSGWDF	WLLWPVTLA
CASSPYGAGTGGTGELFF	WLLWPVTLA
CASSALDNEQFF	WLLWPVTLA
CASSPPGTGYNEQFF	WLLWPVTLA
CASSSRTSGTTGELFF	WLLWPVTLA
CASSLTSGSYNEQFF	WLLWPVTLA
CASSYWGGQRGHEQYF	WLLWPVTLA
CASSLGWATTLNTGELFF	WLLWPVTLA
CASSIGLAAYNEQFF	WLLWPVTLA
CASRGTVKDTQYF	WLLWPVTLA
CASSRAGEGGEQYF	WLLWPVTLA
CASSEGYEQYF	WLLWPVTLA
CASSDPRESVTGELFF	WLLWPVTLA
CASSLGVETQYF	WLLWPVTLA
CATYSDTQYF	WLLWPVTLA
CASSQEGAVPGQGVALGGNEQFF	WLLWPVTLA
CATSRVQGYTGELFF	WLLWPVTLA
CASSLDSDGYTF	WLLWPVTLA
CASSLNLRGNQPQHF	WLLWPVTLA
CSVLDTRYEQYF	WLLWPVTLA
CASSSPRDRGNTIYF	WLLWPVTLA
CATSDLETGTSTDTQYF	WLLWPVTLA
CATSDLLGNTDTQYF	WLLWPVTLA
CAITSRADEQFF	WLLWPVTLA
CASSHGGGGGELFF	WLLWPVTLA
CASSFATGITGEQYF	WLLWPVTLA
CASSIQDGGQPQHF	WLLWPVTLA
CASSLSPPSETSGELFF	WLLWPVTLA
CAWSVRGDPTDTQYF	WLLWPVTLA
CASSPRRAGGQAQNTQYF	WLLWPVTLA
CASSQVEGGTEAFF	WLLWPVTLA
CSAYLLAGGTYEQYF	WLLWPVTLA
CASGARSYTDTQYF	WLLWPVTLA
CATNPGATEAFF	WLLWPVTLA
CASTNPGAPEQAFF	WLLWPVTLA
CASSLGGSPRGQGFPGELFF	WLLWPVTLA
CASSPSQEQYF	WLLWPVTLA
CASSYSSGLRIDGYTF	WLLWPVTLA
CASFFIDDNEKLFF	WLLWPVTLA
CASSFVQQETQYF	WLLWPVTLA
CASSFLGPVYEQYF	WLLWPVTLA
CASSVSGQGIPYNEQFF	WLLWPVTLA
CSVTGLAGSSYNEQFF	WLLWPVTLA
CASSHTGWVNEKLFF	WLLWPVTLA
CASSTQGVSEQYF	WLLWPVTLA
CASSYVLAAGSGELFF	WLLWPVTLA
CASSYSSGAGYTEAFF	WLLWPVTLA
CASSLVAGVTGELFF	WLLWPVTLA
CAIRLGGGTPDTQYF	WLLWPVTLA
CSASINLNTEAFF	WLLWPVTLA
CASSLASDEQYF	WLLWPVTLA
CASSSGTAYNEQFF	WLLWPVTLA
CASSSQQGAKNIQYF	WLLWPVTLA
CATSDPPGWGQGAAYSNQPQHF	WLLWPVTLA
CASNRASGANVLTF	WLLWPVTLA
CSVAGGFNTGELFF	WLLWPVTLA
CASSLGVTGELFF	WLLWPVTLA
CASSARNREFKTEAFF	WLLWPVTLA
CAWSVLLGPDTQYF	WLLWPVTLA
CASSLQGLSGYTF	WLLWPVTLA
CASIGWGQQFF	WLLWPVTLA
CSARDYMTENTEAFF	WLLWPVTLA
CASSILGQGDGYTF	WLLWPVTLA
CASSPAGIQPQHF	WLLWPVTLA
CATLGRGTGELFF	WLLWPVTLA
CASSSTGDTEAFF	WLLWPVTLA
CASSYGLGSSYEQYF	WLLWPVTLA
CASSLLLAGGVDTQYF	WLLWPVTLA
CASSPSYSGANVLTF	WLLWPVTLA
CASITFKEGAGELFF	WLLWPVTLA
CASTPGGQPQHF	WLLWPVTLA
CASSLGQWFQQYF	WLLWPVTLA
CASSIYNEQFF	WLLWPVTLA
CASSSDRSYEQYF	WLLWPVTLA
CASSTLAQIHEQYF	WLLWPVTLA
CASRTDLTGANYGYTF	WLLWPVTLA
CASSPGNEQYF	WLLWPVTLA
CASSLGGEFFYEQYF	WLLWPVTLA
CASNEGGRANEQYF	WLLWPVTLA
CASSFGPEQYF	WLLWPVTLA
CASRDPWGWETQYF	WLLWPVTLA
CASSYYTQETQYF	WLLWPVTLA
CSAYLILGMGNEQFF	WLLWPVTLA
CASGSGSTYEQYF	WLLWPVTLA
CASSYSAGELAGTAGNEQFF	WLLWPVTLA
CASTGSGGPPGSTDTQYF	WLLWPVTLA
CASSLPPGGSYNEQFF	WLLWPVTLA
CASSQMGEAFF	WLLWPVTLA
CASSLPGQQAFF	WLLWPVTLA
CASSLGTSGIEETQYF	WLLWPVTLA
CASSSDDFEAFF	WLLWPVTLA
CASSYFRGSSYNEQFF	WLLWPVTLA
CASSQDSVGLNYGYTF	WLLWPVTLA
CASSFSYEQYF	WLLWPVTLA
CASSRQGEKLFF	WLLWPVTLA
CASSIAGWETQYF	WLLWPVTLA
CASSLFLRDGDYGYTF	WLLWPVTLA
CASSFGGLGSTYEQYF	WLLWPVTLA
CASIGISFWEQYF	WLLWPVTLA
CSVPSGSSYNEQFF	WLLWPVTLA
CASRRQGVFYEQYF	WLLWPVTLA
CASSPHGQGKAGYTF	WLLWPVTLA
CASSSVGGAGEVYGYTF	WLLWPVTLA
CASSPGDRGSYEQYF	WLLWPVTLA
CASSFTGTANYGYTF	WLLWPVTLA
CASSSPLEHQETQYF	WLLWPVTLA
CAWLGGELRNEQFF	WLLWPVTLA
CASSFWPGAEPSTDTQYF	WLLWPVTLA
CASSNPIAGAGETQYF	WLLWPVTLA
CASSHSDEQFF	WLLWPVTLA
CASSAAGTGGFEQFF	WLLWPVTLA
CASSQEAGYEQFF	WLLWPVTLA
CASRPVGTGFEQYF	WLLWPVTLA
CASAPGAEAFF	WLLWPVTLA
CASSLDVLGSTEAFF	WLLWPVTLA
CASRGGDPYEQYF	WLLWPVTLA
CASSVEGTASTDTQYF	WLLWPVTLA
CASTIQGTHDTQYF	WLLWPVTLA
CASSPGTAEGSQPQHF	WLLWPVTLA
CASSSGLGKYEQYF	WLLWPVTLA
CASSQDGGSGVPGYTF	WLLWPVTLA
CASSPGAPLHF	WLLWPVTLA
CASSLSGDRYF	WLLWPVTLA
CASSRWVAQRETQYF	WLLWPVTLA
CASSVAGVTDTQYF	WLLWPVTLA
CASSLGTVYGYTF	WLLWPVTLA
CSAQGAYNEQFF	WLLWPVTLA
CASTLAGGSDTQYF	WLLWPVTLA
CASSYPMGRQFF	WLLWPVTLA
CASSYTYNEQFF	WLLWPVTLA
CASSYSWTGDQPQHF	WLLWPVTLA
CASSLWGQGLSYEQYF	WLLWPVTLA
CASGRIEGDGYTF	WLLWPVTLA
CALHPTPGQGGNSPLHF	WLLWPVTLA
CASLPFPGQGLQETQYF	WLLWPVTLA
CASSYLTTGFTYEQYF	WLLWPVTLA
CASREDRVPLDEQYF	WLLWPVTLA
CASSSASLTDTQYF	WLLWPVTLA
CASSVGRTLGTDTQYF	WLLWPVTLA
CASSTNRGQETQYF	WLLWPVTLA
CASSSWTSNYGYTF	WLLWPVTLA
CASSQFGTMAPDTQYF	WLLWPVTLA
CASTRVGTDKNIQYF	WLLWPVTLA
CASSPGQGEGEQYF	WLLWPVTLA
CASSPRGGSSYNEQFF	WLLWPVTLA
CASSWGGRAGGEQFF	WLLWPVTLA
CASSQGVNYGYTF	WLLWPVTLA
CASSVDQPQHF	WLLWPVTLA
CASSDIWGTNYEQYF	WLLWPVTLA
CASSLTNEQFF	WLLWPVTLA
CASSYALVADGELFF	WLLWPVTLA
CASSFSGLIGYTF	WLLWPVTLA
CASSLGGEETQYF	WLLWPVTLA
CASSQGGTLADTQYF	WLLWPVTLA
CASSSLAGDYNEQFF	WLLWPVTLA
CASSQGLSGSPLHF	WLLWPVTLA
CASSLGPGSPYEQYF	WLLWPVTLA
CASSQEDETQYF	WLLWPVTLA
CASSDPGQGLPDTQYF	WLLWPVTLA
CASSRPGSYNSPLHF	WLLWPVTLA
CAISERWTGLSYEQYF	WLLWPVTLA
CAKQWDSSYNEQFF	WLLWPVTLA
CASSPRSVYTEAFF	WLLWPVTLA
CASSFSHEQYF	WLLWPVTLA
CASSPDPGQGLGYTF	WLLWPVTLA
CAITPGSTGELFF	WLLWPVTLA
CAISESRAGGPDTQYF	WLLWPVTLA
CASSQAAGGLGGYTF	WLLWPVTLA
CASSLGSADNEQFF	WLLWPVTLA
CASSLPGQGTYNEQFF	WLLWPVTLA
CATSREGTGWYEQYF	WLLWPVTLA
CASTSTGELFF	WLLWPVTLA
CASSSAGTDTQYF	WLLWPVTLA
CASSYGWGEYNEQFF	WLLWPVTLA
CASTSPEEFGNYGYTF	WLLWPVTLA
CASYLPTGELFF	WLLWPVTLA
CASGTAGEPQHF	WLLWPVTLA
CASWSYGNQPQHF	WLLWPVTLA
CASSLALPTEGLAGEEETQYF	WLLWPVTLA
CASRLNTEAFF	WLLWPVTLA
CASSPSPLQALNTEAFF	WLLWPVTLA
CSATSPYNEQFF	WLLWPVTLA
CASSMDRGWETQYF	WLLWPVTLA
CASRKPTEDYLAKNIQYF	WLLWPVTLA
CASSFLLYEQYF	WLLWPVTLA
CASSLNQGLTGELFF	WLLWPVTLA
CASSYGGGGQETQYF	WLLWPVTLA
CASSAGEGGYGYTF	WLLWPVTLA
CASSQVVYSSYNEQFF	WLLWPVTLA
CASTSGNEQFF	WLLWPVTLA
CASSYSPGEQYF	WLLWPVTLA
CSVVPAAGGGRYNEQFF	WLLWPVTLA
CASSYAAGANVLTF	WLLWPVTLA
CASSQGTGGMGTGELFF	WLLWPVTLA
CASSSTGEETQYF	WLLWPVTLA
CASNSQPQHF	WLLWPVTLA
CASSPPGSNEQFF	WLLWPVTLA
CASRTDSHSYEQYF	WLLWPVTLA
CASSLTGITYEQYF	WLLWPVTLA
CASGQNEQFF	WLLWPVTLA
CASSVVGGDYGYTF	WLLWPVTLA
CASSSGLGYGEQYF	WLLWPVTLA
CASSPMRGGFTDTQYF	WLLWPVTLA
CASSEWGQSYEQYF	WLLWPVTLA
CASSLGTRHYEQYF	WLLWPVTLA
CASTGVGTYNEQFF	WLLWPVTLA
CASSDRGLYNEQFF	WLLWPVTLA
CASSYALGSQGALDTQYF	WLLWPVTLA
CASSISFNTEAFF	WLLWPVTLA
CASSLAGGGSETQYF	WLLWPVTLA
CASRQESSGNTIYF	WLLWPVTLA
CASSSITSSTDTQYF	WLLWPVTLA
CASSQVGWTEAFF	WLLWPVTLA
CASSPIRGEGGTGELFF	WLLWPVTLA
CSVPLGQGAGELFF	WLLWPVTLA
CASSRQGSEAFF	WLLWPVTLA
CSARLGTTPRQYF	WLLWPVTLA
CASSYQGQGAGEQYF	WLLWPVTLA
CATESAMTQYF	WLLWPVTLA
CASSSTGDTEAFF	WLLWPVTLA
CATSDFVRTDTQYF	WLLWPVTLA
CASSVTNEQFF	WLLWPVTLA
CATSDLQGSTDTQYF	WLLWPVTLA
CASSQGGSGTYNEQFF	WLLWPVTLA
CASSLDQPQHF	WLLWPVTLA
CASSDNKEETQYF	WLLWPVTLA
CASSQGPAYEQYF	WLLWPVTLA
CASSSSAYSNQPQHF	WLLWPVTLA
CASSFMGPLYGYTF	WLLWPVTLA
CASSQENGNTIYF	WLLWPVTLA
CASSYSLQGEGEQYF	WLLWPVTLA
CASSGYQPQHF	WLLWPVTLA
CATSDLTGDTGELFF	WLLWPVTLA
CASSLHNEQFF	WLLWPVTLA
CASSFNLVGNEQFF	WLLWPVTLA
CASRLQGDYEQYF	WLLWPVTLA
CASSPPNTGELFF	WLLWPVTLA
CSARDVLAATDTQYF	WLLWPVTLA
CASTQLRALWDIQYF	WLLWPVTLA
CASSFRSSGMNEQFF	WLLWPVTLA
CATPLRAGGVLLIYNEQFF	WLLWPVTLA
CASSQDISSGGGLSF	WLLWPVTLA
CSATDLAGVGEQYF	WLLWPVTLA
CASWRDGHEQYF	WLLWPVTLA
CASSQDLTTVYNEQFF	WLLWPVTLA
CASSPRGGIQPQHF	WLLWPVTLA
CASSLVYYEQYF	WLLWPVTLA
CASSDKPAGTQHF	WLLWPVTLA
CASTTIWGNTEAFF	WLLWPVTLA
CASSQSVGEKLFF	WLLWPVTLA
CASSKVVYREVGLAGGEQYF	WLLWPVTLA
CATRADSYEQYF	WLLWPVTLA
CASSPMGNEQFF	WLLWPVTLA
CASWPTGAGDEQFF	WLLWPVTLA
CASSPLGFGDEQFF	WLLWPVTLA
CASSQGTSGYTDTQYF	WLLWPVTLA
CASSYSWGTEETQYF	WLLWPVTLA
CASSFTSFDRDTQYF	WLLWPVTLA
CASSPDTSYEQYF	WLLWPVTLA
CASSSDPDRAYNSPLHF	WLLWPVTLA
CASSPWPQHF	WLLWPVTLA
CASSYKASNQPQHF	WLLWPVTLA
CASSLLGSPLHF	WLLWPVTLA
CATSRDYQGQVYGYTF	WLLWPVTLA
CAAGAQPQHF	WLLWPVTLA
CASSLTSEQYF	WLLWPVTLA
CASSLGREVGQFF	WLLWPVTLA
CSVATLGLYNEQFF	WLLWPVTLA
CASSQGRTGEDEQFF	WLLWPVTLA
CASSFGPYEQYF	WLLWPVTLA
CASSYSSSYGEAFF	WLLWPVTLA
CASSPIPGELFF	WLLWPVTLA
CASSQVNPRENEQYF	WLLWPVTLA
CASSLGTVTGELFF	WLLWPVTLA
CSAGRMEADTGELFF	WLLWPVTLA
CATGNGGGYTF	WLLWPVTLA
CASSVGGTGLGEQYF	WLLWPVTLA
CASSYMAGGFHTF	WLLWPVTLA
CASSEAGTVYEQYF	WLLWPVTLA
CASRPQGPYEQYF	WLLWPVTLA
CASSLGQGARTGELFF	WLLWPVTLA
CASSYSFRGANYGYTF	WLLWPVTLA
CASKKQGSTYEQYF	WLLWPVTLA
CASSSTSNEKLFF	WLLWPVTLA
CAALENTGELFF	WLLWPVTLA
CASSLGGSVAFF	WLLWPVTLA
CASSLSGTGLSYEQYV	WLLWPVTLA
CSVGGASGHVGDTQYF	WLLWPVTLA
CSVEDGGSRQYF	WLLWPVTLA
CASSDPLAGGMYEQFF	WLLWPVTLA
CASSYWGRRNTGELFF	WLLWPVTLA
CSVDGDGEVQETQYF	WLLWPVTLA
CASSPGRGNTEAFF	WLLWPVTLA
CASSKSRQPRSSYEQYF	WLLWPVTLA
CASSPRWVAGSNEQFF	WLLWPVTLA
CASSKDLRDSSEEAQYF	WLLWPVTLA
CASSVVGQGAPDTQYF	WLLWPVTLA
CASSTGPGELFF	WLLWPVTLA
CSVVGTSGGTSYNEQFF	WLLWPVTLA
CASSILQPAGVGYEQFF	WLLWPVTLA
CASSLTSGRAGSFYNEQFF	WLLWPVTLA
CASSPGQGALNEQFF	WLLWPVTLA
CASSQASGGLWDTQYF	WLLWPVTLA
CASSPRDRLPGGELFF	WLLWPVTLA
CASNRQGYEQYF	WLLWPVTLA
CASSVLAGAGEQYF	WLLWPVTLA
CASSPVGNEQFF	WLLWPVTLA
CASSYDNYGYTF	WLLWPVTLA
CASSHDGQPQHF	WLLWPVTLA
CASSIGGAVTEAFF	WLLWPVTLA
CASSWILWDDEQFF	WLLWPVTLA
CASTRDANEQFF	WLLWPVTLA
CASSLVLTGGNYGYTF	WLLWPVTLA
CASSLQGANQPQHF	WLLWPVTLA
CATSSPWGGAEDQPQHF	WLLWPVTLA
CATLDRDYNEQFF	WLLWPVTLA
CAISEQGDWGFF	WLLWPVTLA
CASSAAGGYEQYF	WLLWPVTLA
CASSPNQPQHF	WLLWPVTLA
CASSPQTGWNEQYF	WLLWPVTLA
CASSLESASSYNEQFF	WLLWPVTLA
CASSSATRPDTQYF	WLLWPVTLA
CASSSGPDRADAYEQYF	WLLWPVTLA
CASSLRSPGETQYF	WLLWPVTLA
CASSQVAGGISYNEQFF	WLLWPVTLA
CASSQQVAGAVTGELFF	WLLWPVTLA
CASSYQGSPLHF	WLLWPVTLA
CASSSPRTDQGETQYF	WLLWPVTLA
CASSVEGGDFTDTQYF	WLLWPVTLA
CASSYANEQFF	WLLWPVTLA
CASSSGQGLDTQYF	WLLWPVTLA
CASTTPRTSYEQYF	WLLWPVTLA
CAWSTRGIGTDTQYF	WLLWPVTLA
CASSESVSSGNTIYF	WLLWPVTLA
CASLGDAGLFGGYTF	WLLWPVTLA
CASSENPTGIEQYF	WLLWPVTLA
CASSYPFGSSYNEQFF	WLLWPVTLA
CASSLWGTGANVLTF	WLLWPVTLA
CASSTQTAGPEAFF	WLLWPVTLA
CASSAGTLYNEQFF	WLLWPVTLA
CATSDFGDSGSTDTQYF	WLLWPVTLA
CASSLRAANQPQHF	WLLWPVTLA
CASSEAEGYEQYF	WLLWPVTLA
CASSYGLAGGPISLEQYF	WLLWPVTLA
CASSYPGELFF	WLLWPVTLA
CASSQGLAGGPSGETQYF	WLLWPVTLA
CASSVEGTAGILLGYEQFF	WLLWPVTLA
CASMSGGSGYTF	WLLWPVTLA
CASSQVRGTEQYF	WLLWPVTLA
CASSQDNEQFF	WLLWPVTLA
CASSPTGNTEAFF	WLLWPVTLA
CAISELTQYF	WLLWPVTLA
CASLPKGLNYGYTF	WLLWPVTLA
CASSLGTEAFF	WLLWPVTLA
CASSPGIGEDYEQYF	WLLWPVTLA
CASSSIAGGRNIQYF	WLLWPVTLA
CASSIGNIQYF	WLLWPVTLA
CASSSETGEDSPLHF	WLLWPVTLA
CASSIGLSYEQYV	WLLWPVTLA
CASSFRTDSYNEQFF	WLLWPVTLA
CASSQVWGTGELFF	WLLWPVTLA
CASSPNWDGSYEQYF	WLLWPVTLA
RASSLTRIDRVRAFF	WLLWPVTLA
CASSRQGLSYEQYF	WLLWPVTLA
CASSLSLREGKGSDTEAFF	WLLWPVTLA
CASSFLDFRGATRGSTDTQYF	WLLWPVTLA
CASSESNEQYF	WLLWPVTLA
CASSLVSLSYDEQFF	WLLWPVTLA
CASIGQGGYEQYF	WLLWPVTLA
CASIPPDTVYGYTF	WLLWPVTLA
CSVETAYGYTF	WLLWPVTLA
CAIRQGTDGDNSPLHF	WLLWPVTLA
CASSYLLAGGTNEQFF	WLLWPVTLA
CASRRWEETQYF	WLLWPVTLA
CASSQPMGLAGDGTQYF	WLLWPVTLA
CASSYSIRTASTDTQYF	WLLWPVTLA
CASSFYYNEQFF	WLLWPVTLA
CASNSLSGELFF	WLLWPVTLA
CASMLANEQFF	WLLWPVTLA
CASSEAVAPTGSPLHF	WLLWPVTLA
CASSSPAGALNTGELFF	WLLWPVTLA
CASTLNTEAFF	WLLWPVTLA
CASSPPTRDYEQYF	WLLWPVTLA
CASSLLLAGGPETQYF	WLLWPVTLA
CASSLEVAAGALYGYTF	WLLWPVTLA
CASSKEVLGGSPHEQYF	WLLWPVTLA
CATSRELRASSYEQYF	WLLWPVTLA
CASSSPTRGDEQFF	WLLWPVTLA
CASSLSVSEAFF	WLLWPVTLA
CASSLGAGTGYTF	WLLWPVTLA
CASSSLVSYNEQFF	WLLWPVTLA
CASSMTVSLETQYF	WLLWPVTLA
CASSQELTSPILEQYF	WLLWPVTLA
CASSSQGETQYF	WLLWPVTLA
CASSLGRGPYNEQFF	WLLWPVTLA
CASSQQPSGGGSSYEQYF	WLLWPVTLA
CASRWIAEAFF	WLLWPVTLA
CASSGLGVANEKLFF	WLLWPVTLA
CASSPQWGSHNEQFF	WLLWPVTLA
CATGPGTTEAFF	WLLWPVTLA
CAIRDRAITDTQYF	WLLWPVTLA
CASSPELVGYTGELFF	WLLWPVTLA
CASSFALDEAFF	WLLWPVTLA
CSVETVEQAGNTIYF	WLLWPVTLA
CASSHGTGAGHYGYTF	WLLWPVTLA
CASSSMGVSSYNSPLHF	WLLWPVTLA
CASSCPGEGGPGLDRLCTGELFF	WLLWPVTLA
CASSFISSYEQYF	WLLWPVTLA
CASRPQGDTQYF	WLLWPVTLA
CASSQVEGTEAFF	WLLWPVTLA
CASRTGFEQYF	WLLWPVTLA
CASSEGYIDTQYF	WLLWPVTLA
CASVGGGPHEQFF	WLLWPVTLA
CASSRLLAGGPNEQFF	WLLWPVTLA
CASSFEGSTDTQYF	WLLWPVTLA
CASSHETHGNTIYF	WLLWPVTLA
CASSSPLAGGSYEQYF	WLLWPVTLA
CASSFNLYTDTQYF	WLLWPVTLA
CASTSYGQPQHF	WLLWPVTLA
CASNPGISETQYF	WLLWPVTLA
CASSAGTGGNEQFF	WLLWPVTLA
CASSLDRGFDEQFF	WLLWPVTLA
CASSILLAGGTDTQYF	WLLWPVTLA
CATSTLKEGGTDTQYF	WLLWPVTLA
CASSLGGDPALYEQYF	WLLWPVTLA
CASSAVLYGYTF	WLLWPVTLA
CASSFPGASTEAFF	WLLWPVTLA
CATTPGVSTDTQYF	WLLWPVTLA
CASSQTGAPYEQYF	WLLWPVTLA
CASSLSQGGVYTGELFF	WLLWPVTLA
CASSFYNQPQHF	WLLWPVTLA
CASSHSRTGNTEAFF	WLLWPVTLA
CASSLVVHEQFF	WLLWPVTLA
CASTGTGSGEQYF	WLLWPVTLA
CASSFRGAGNTIYF	WLLWPVTLA
CASTTVPQRVGTDIQYF	WLLWPVTLA
CASGKGQWNTEAFF	WLLWPVTLA
CASRELAGGYNEQFF	WLLWPVTLA
CASSPQNEQFF	WLLWPVTLA
CASSYSLGQGGEQYF	WLLWPVTLA
CASSLLGDGYTF	WLLWPVTLA
CASSQGLGFADTQYF	WLLWPVTLA
CASSYSVVPGELFF	WLLWPVTLA
CATSELQGEAGTDTQYF	WLLWPVTLA
CASSYGGGYGYTF	WLLWPVTLA
CASSLVLGEQYF	WLLWPVTLA
CASSILAGATDTQYF	WLLWPVTLA
CASTFLGNEQFF	WLLWPVTLA
CATSAYELSYEQYF	WLLWPVTLA
CASSTSTAQHF	WLLWPVTLA
CASSQLHSHEQYF	WLLWPVTLA
CASSRGRGSGYGYTF	WLLWPVTLA
CASTMTGKETQYF	WLLWPVTLA
CSVGGGTRNYYNEQFF	WLLWPVTLA
CASTSTDRGQETQYF	WLLWPVTLA
CASSFLFRGPKNTEAFF	WLLWPVTLA
CASSPDLGYQETQYF	WLLWPVTLA
CASSTGLGGYNEQFF	WLLWPVTLA
CASSPGLAHEQYF	WLLWPVTLA
CASSLTGEQYF	WLLWPVTLA
CASTFGPYNSPLHF	WLLWPVTLA
CASTTVAGAFNEQFF	WLLWPVTLA
CASSLSMGGARNQPQHF	WLLWPVTLA
CASAGYGQPSYSNQPQHF	WLLWPVTLA
CASSLSGGNYGYTF	WLLWPVTLA
CSVVGLAGGTPYNEQFF	WLLWPVTLA
CASSEGTGIPGELFF	WLLWPVTLA
CATSDHGQSPMGYTF	WLLWPVTLA
CASSSNRGVSGETQYF	WLLWPVTLA
CASSFGTGDYEQYF	WLLWPVTLA
CASSLLTGVTDTQYF	WLLWPVTLA
CASSQVEGSGELFF	WLLWPVTLA
CASSFGTNYGYTF	WLLWPVTLA
CASSENRGESTDTQYF	WLLWPVTLA
CASSFNFYEQYF	WLLWPVTLA
CATSQGNEQYF	WLLWPVTLA
CASSAGIAGDPDTQYF	WLLWPVTLA
CASSLDTGVITDTQYF	WLLWPVTLA
CASSLDMTATYEQYF	WLLWPVTLA
CASSYAGPYNEQFF	WLLWPVTLA
CASSFRGLSDEKLFF	WLLWPVTLA
CASSVTGGPYEQYF	WLLWPVTLA
CASSFGTSGMQFF	WLLWPVTLA
CASSWTGAEQYF	WLLWPVTLA
CASSFLDRGNSPLHF	WLLWPVTLA
CASSFRGGQGGNTEAFF	WLLWPVTLA
CASSFGLRLQQYF	WLLWPVTLA
CASAGNQPQHF	WLLWPVTLA
CASSLEGSYNSPLHF	WLLWPVTLA
CASRYPTGREQYF	WLLWPVTLA
CASSQEARGRLGQTQYF	WLLWPVTLA
CASSQGLGTYEQYF	WLLWPVTLA
CASSPGSVGNEQFF	WLLWPVTLA
CASSQDFLELTGELFF	WLLWPVTLA
CASSYSPPYEQYF	WLLWPVTLA
CASSSFGLAGLPPYEQYF	WLLWPVTLA
CASIRQGLQPQHF	WLLWPVTLA
CASSVNPAGEYNEQFF	WLLWPVTLA
CASSLASAYEQYF	WLLWPVTLA
CASSQNPGQMNTEAFF	WLLWPVTLA
CASIPQGGETQYF	WLLWPVTLA
CASSFLREEAFF	WLLWPVTLA
CASSLTGNTEAFF	WLLWPVTLA
CASSLWGEPYEQYF	WLLWPVTLA
CASSASLGNEQFF	WLLWPVTLA
CASSLTGVEAFF	WLLWPVTLA
CASSFASQGTEAFF	WLLWPVTLA
CASSLQGTPYEQYF	WLLWPVTLA
CATSDLAGVPNNEQFF	WLLWPVTLA
CASRASGIYNEQFF	WLLWPVTLA
CASTLTNEQFF	WLLWPVTLA
CASSPGQEQYF	WLLWPVTLA
CASRPGTMNTGELFF	WLLWPVTLA
CASSQGVPAVGIEETQYF	WLLWPVTLA
CASSLDSGMNTEAFF	WLLWPVTLA
CASSLIDRDGYTF	WLLWPVTLA
CASSSGGWGKLFF	WLLWPVTLA
CASIEGERGSNPSYEQYF	WLLWPVTLA
CASSYSPAPNYEQYF	WLLWPVTLA
CASSLSNGPYEQYF	WLLWPVTLA
CASSLGQAPNYGYTF	WLLWPVTLA
CASSLSYTLWYEQYF	WLLWPVTLA
CASSPLGEKLFF	WLLWPVTLA
CASSRLAEETQYF	WLLWPVTLA
CASSEANEQYF	WLLWPVTLA
CASSSTGSTEAFF	WLLWPVTLA
CASSSPPGYPYEQYF	WLLWPVTLA
CASSSLGGNQPQHF	WLLWPVTLA
CASSLEGTGEQYF	WLLWPVTLA
CASSPETAGYGYTF	WLLWPVTLA
CATSDLSGGERTDTQYF	WLLWPVTLA
CASSSGPYGYTF	WLLWPVTLA
CASSPGGPTYNEQFF	WLLWPVTLA
CASSPNLAGGVATGELFF	WLLWPVTLA
CSASSLKRGGDVETQYF	WLLWPVTLA
CASSYSLSEGADTEAFF	WLLWPVTLA
CASSEFGGGYTF	WLLWPVTLA
CASSGPLNQPQHF	WLLWPVTLA
CAWISQGREQYF	WLLWPVTLA
CASSQDGEFTEAFF	WLLWPVTLA
CASSLEGTGFFSEQYF	WLLWPVTLA
CASSKDRGWETQYF	WLLWPVTLA
CASSPTGTSGYSSYNEQFF	WLLWPVTLA
CASSYLSDYGYTF	WLLWPVTLA
CASSVAGMGYGYTF	WLLWPVTLA
CASSQEGSGYSYNEQFF	WLLWPVTLA
CASTGSGTGIDGGYGYTF	WLLWPVTLA
CASSLAGGINGELFF	WLLWPVTLA
CASSAEISSYEQYF	WLLWPVTLA
CASTRANTQYF	WLLWPVTLA
CASSLTGDTEAFF	WLLWPVTLA
CASSLGAEGYEQYF	WLLWPVTLA
CASTSGTQETQYF	WLLWPVTLA
CASSQEWGGVSPLHF	WLLWPVTLA
CASNTQGGETQYF	WLLWPVTLA
CASSLLVPQGPDTQYF	WLLWPVTLA
CASSFKLAGLLYEQYF	WLLWPVTLA
CASSLADLGREIPDTQYF	WLLWPVTLA
CASSGPGVAGADEQYF	WLLWPVTLA
CASSQGNTEAFF	WLLWPVTLA
CASSPVADTQYF	WLLWPVTLA
CASSGGLEAGELFF	WLLWPVTLA
CASSPGLVNEQFF	WLLWPVTLA
CASSQEGGDHEAFF	WLLWPVTLA
CAISLDGSGNTIYF	WLLWPVTLA
CASSAHPLLAGVEDTQYF	WLLWPVTLA
CASSLTSNEQYF	WLLWPVTLA
CASSLRGAGNTIYF	WLLWPVTLA
CASKGEATGELFF	WLLWPVTLA
CASSYLTRLNEQYF	WLLWPVTLA
CASRNIGGSPLHF	WLLWPVTLA
CATQTEQVSIARSTDTQYF	WLLWPVTLA
CASSETGAPDTQYF	WLLWPVTLA
CASSESNEQYF	WLLWPVTLA
CASTLADSYEQYF	WLLWPVTLA
CASSLWAGGTEAFF	WLLWPVTLA
CASQGLAGVEQFF	WLLWPVTLA
CASVRTGNTEAFF	WLLWPVTLA
CASSLSGPLTAMNTEAFF	WLLWPVTLA
CASGPTNYEQYF	WLLWPVTLA
CASSYHSGEQYF	WLLWPVTLA
CASSLESGDLPDTQYF	WLLWPVTLA
CASTRVGETQYF	WLLWPVTLA
CASQAPGSAGELFF	WLLWPVTLA
CASSGLLAKNIQYF	WLLWPVTLA
CAIYPGLPQIADTQYF	WLLWPVTLA
CASGGGGNGYTF	WLLWPVTLA
CASSYGGSYGYTF	WLLWPVTLA
CASNPGLAGGPFYEQYF	WLLWPVTLA
CASTGIPSGHSYEQYF	WLLWPVTLA
CASSPPGQGNQPQHF	WLLWPVTLA
CATSGPPDSYEQYF	WLLWPVTLA
CASSPTSPNNEQFF	WLLWPVTLA
CASSHTPGELFF	WLLWPVTLA
CASSQDDLGEIPFFIYNEQFF	WLLWPVTLA
CASSFLGQAANYGYTF	WLLWPVTLA
CASSQYGDIQYF	WLLWPVTLA
CASSQVEGQIYYNEQFF	WLLWPVTLA
CASSVGRAVKGYNEQFF	WLLWPVTLA
CASSPLSGSGYETQYF	WLLWPVTLA
CASSPAGSTEAFF	WLLWPVTLA
CASSSGGLAGSGANVLTF	WLLWPVTLA
CSAAGAANNEQFF	WLLWPVTLA
CASSEALAGEQFF	WLLWPVTLA
CASTPRDTYNEQFF	WLLWPVTLA
CAWSLHQPQHF	WLLWPVTLA
CATSWSVPNTGELFF	WLLWPVTLA
CASSLLRTGETQYF	WLLWPVTLA
CASSSRGGDYEQYF	WLLWPVTLA
CASSLGVEQYF	WLLWPVTLA
CASWDRGSTDTQYF	WLLWPVTLA
CSARVGGNEQFF	WLLWPVTLA
CASSLDHWTSGPSYEQYF	WLLWPVTLA
CASSLVMNTEAFF	WLLWPVTLA
CASSYYSLATGEQYF	WLLWPVTLA
CASSQGVQQFF	WLLWPVTLA
CASTTLMPAEAFF	WLLWPVTLA
CASSFLIGAYGYTF	WLLWPVTLA
CASSLRGDYGYTYGYTF	WLLWPVTLA
CASSFGTPGSEGYTF	WLLWPVTLA
CASSQDLLGAGLAPYEQYF	WLLWPVTLA
CASRVTAYEQYF	WLLWPVTLA
CASDLRLAGMDEQYF	WLLWPVTLA
CASSLLGPGNEQFF	WLLWPVTLA
CASSQTPMNTEAFF	WLLWPVTLA
CSVPQGQGYNEQFF	WLLWPVTLA
CASSGTGYEQPQHF	WLLWPVTLA
CASSLTRYEQYF	WLLWPVTLA
CASSQGLAAPTDTQYF	WLLWPVTLA
CASSKNHGMNTEAFF	WLLWPVTLA
CASSPNQPQHF	WLLWPVTLA
CASRGQGGGDYEQYF	WLLWPVTLA
CASSYSTQGQTQYF	WLLWPVTLA
CATSDFGGTDTQYF	WLLWPVTLA
CASVVSGWDEQFF	WLLWPVTLA
CASSLTNEQFF	WLLWPVTLA
CASSPSGTTSYEQYF	WLLWPVTLA
CASSPFEANYGYTF	WLLWPVTLA
CASSLRGFQETQYF	WLLWPVTLA
CASLRDSMFF	WLLWPVTLA
CASICDPGHHYGYTF	WLLWPVTLA
CAWTSTQGRETQYF	WLLWPVTLA
CASSSLRTGRDIQYF	WLLWPVTLA
CASSFGGDTSYEQYF	WLLWPVTLA
CASSALLGNYGYTF	WLLWPVTLA
CASSFGTNDPYEQYF	WLLWPVTLA
CSAGYRAQRPLSYEQYF	WLLWPVTLA
CASTSPSLADTQYF	WLLWPVTLA
CASQGYLSYEQYF	WLLWPVTLA
CASSLWGEGGNTIYF	WLLWPVTLA
CASSFSSEAFF	WLLWPVTLA
CSAAGTYNNEQFF	WLLWPVTLA
CASSLVGAQETQYF	WLLWPVTLA
CASSLRLAGANETQYF	WLLWPVTLA
CASSSPGQISPGDTF	WLLWPVTLA
CASSSTGSLGNTIYF	WLLWPVTLA
CASSPGVARGGETQYF	WLLWPVTLA
CASRDYNEQFF	WLLWPVTLA
CASSFTGNTEAFF	WLLWPVTLA
CASSFPGTSGRATTGELFF	WLLWPVTLA
CASSLALWERLQETQYF	WLLWPVTLA
CASSLSIGLYEQYF	WLLWPVTLA
CASSPAGLYGYTF	WLLWPVTLA
CASSYSLGSRIPYEQYF	WLLWPVTLA
CAILWDRGYETQYF	WLLWPVTLA
CASILQGSQPQHF	WLLWPVTLA
CASSLGDSAITDTQYF	WLLWPVTLA
CASSFLPPLLKREVDTQYF	WLLWPVTLA
CASSQERLAQETQYF	WLLWPVTLA
CASSEAEYYEQYF	WLLWPVTLA
CSARDLQGELLPQHF	WLLWPVTLA
CASSYNTGAFEAFF	WLLWPVTLA
CASSPLDNQPQHF	WLLWPVTLA
CSVVATTAMDGELFF	WLLWPVTLA
CASKGAGGANVLTF	WLLWPVTLA
CASSLRAGGPGELFF	WLLWPVTLA
CSVRGTSGSGTDTQYF	WLLWPVTLA
CASSFLAWETQYF	WLLWPVTLA
CASSLYRSSYNEQFF	WLLWPVTLA
CSAMYGPEAFF	WLLWPVTLA
CASSYGGANTEAFF	WLLWPVTLA
CASSDSGQGYEQYF	WLLWPVTLA
CAISLSGTDLSGANVLTF	WLLWPVTLA
CASSEEFTGLVTGELFF	WLLWPVTLA
CASSLLSPLLETQYF	WLLWPVTLA
CASSFPGQGIRTEAFF	WLLWPVTLA
CASSAYFASGMDEQFF	WLLWPVTLA
CSAWTGAYNEQFF	WLLWPVTLA
CASSYLKPDTQYF	WLLWPVTLA
CASSYSSGYVAGELFF	WLLWPVTLA
CASSYGLYTEAFF	WLLWPVTLA
CASSLGHGTQGAYGYTF	WLLWPVTLA
CATDRQGGGYTF	WLLWPVTLA
CASSSPGLPDEQFF	WLLWPVTLA
CASSALSSLGTGVWTEAFF	WLLWPVTLA
CSVELLRTRGQETQYF	WLLWPVTLA
CASSFQQDGELFF	WLLWPVTLA
CASSLSVPPYEQYF	WLLWPVTLA
CASSLEVVLAGVLLQETQYF	WLLWPVTLA
CASSQDLAGGGNEQFF	WLLWPVTLA
CASSPTAEQFF	WLLWPVTLA
CASSLMQGATEAFF	WLLWPVTLA
CASSYLLAGGSSSYEQYF	WLLWPVTLA
CSVESPPLQGKYEAFF	WLLWPVTLA
CATSSGPPLEDEQFF	WLLWPVTLA
CASSLAGLNEQFF	WLLWPVTLA
CASSFGLEQYF	WLLWPVTLA
CASSQEGGGNTEAFF	WLLWPVTLA
CASSLANNEQFF	WLLWPVTLA
CSASTSPIEQYF	WLLWPVTLA
CATRLDDQETQYF	WLLWPVTLA
CASSLAASEAFF	WLLWPVTLA
CASSLAGGLYNEQFF	WLLWPVTLA
CASSLVERGWNTEAFF	WLLWPVTLA
CASSFLGPETEAFF	WLLWPVTLA
CASSRTGDNEAFF	WLLWPVTLA
CSGDGGWGYTF	WLLWPVTLA
CSATPLGVEQFF	WLLWPVTLA
CASSPPGPGAYEQYF	WLLWPVTLA
CASSFGGPSYEQYF	WLLWPVTLA
CASTQTGNTEAFF	WLLWPVTLA
CASSVGQGYEQYF	WLLWPVTLA
CASSSIPPYEQYF	WLLWPVTLA
CASSFGGGFNYEQYF	WLLWPVTLA
CSARSSGSVEQYF	WLLWPVTLA
CASSAGAEQYF	WLLWPVTLA
CSATPGGLEQFF	WLLWPVTLA
CASSALGWTGELFF	WLLWPVTLA
CASSPPDSGEQYF	WLLWPVTLA
CASSDEEYSNQPQHF	WLLWPVTLA
CASSFSGQAFF	WLLWPVTLA
CAISDFGSGGPTTYEQYF	WLLWPVTLA
CASSSYGILPGLLPDTQYF	WLLWPVTLA
CASSLDNSGQGFFEQFF	WLLWPVTLA
CASSYALGARSSYNEQFF	WLLWPVTLA
CASSPSNEQFF	WLLWPVTLA
CAWSAGTGFEQYF	WLLWPVTLA
CASSLEGYQETQYF	WLLWPVTLA
CAAATPNGYTF	WLLWPVTLA
CASTKLQETQYF	WLLWPVTLA
CASSQDISWGMNTGELFF	WLLWPVTLA
CASSELAGARTNQPQHF	WLLWPVTLA
CASSYSLQGDAPQHF	WLLWPVTLA
CASSWIDFRDGSYEQYF	WLLWPVTLA
CASSFGTADTQYF	WLLWPVTLA
CASSIDLVGRFF	WLLWPVTLA
CAISETGSGNTIYF	WLLWPVTLA
CASSLVRNTEAFF	WLLWPVTLA
CATTLNNEQFF	WLLWPVTLA
CASSDTDYEQYF	WLLWPVTLA
CSARDVDNEQFF	WLLWPVTLA
CASSEATGYIQYF	WLLWPVTLA
CASSFRGTGNTIYF	WLLWPVTLA
CSARDFLAGDYNEQFF	WLLWPVTLA
CASTGVGYNEQFF	WLLWPVTLA
CASSSTGFTEAFF	WLLWPVTLA
CASSLVGGGTYNEQFF	WLLWPVTLA
CASRSAGVSPLHF	WLLWPVTLA
CASSLGLAEPQETQYF	WLLWPVTLA
CSAEGPNQPQHF	WLLWPVTLA
CAWSVLRGVTDTQYF	WLLWPVTLA
CASSLEAHSYNEQFF	WLLWPVTLA
CASSELGTELTDTQYF	WLLWPVTLA
CASSYWGRENTEAFF	WLLWPVTLA
CASSLLGQSGYTF	WLLWPVTLA
CASRRDRAQAQYF	WLLWPVTLA
CASSILGGDNEQFF	WLLWPVTLA
CASSLADNAQFF	WLLWPVTLA
CASSDGGPGVYNEQFF	WLLWPVTLA
CASSQVLGTGITEAFF	WLLWPVTLA
CSAQDQNTEAFF	WLLWPVTLA
CASIGSSWELFF	WLLWPVTLA
CASSIAPLSNQPQHF	WLLWPVTLA
CAISESVEVSNTEAFF	WLLWPVTLA
CASSSLTGISTEAFF	WLLWPVTLA
CASSIGYEQYF	WLLWPVTLA
CASSLSGGGKNIQYF	WLLWPVTLA
CASSLPGGRANTGELFF	WLLWPVTLA
CACTTSGSNYNEQFF	WLLWPVTLA
CASISQGIYTF	WLLWPVTLA
CASSEGGLAGQQFF	WLLWPVTLA
CASFTLWRGHRNNEQFF	WLLWPVTLA
CASSLPQDTQYF	WLLWPVTLA
CSARDGTSGYEQYF	WLLWPVTLA
CASSLTSGNEQFF	WLLWPVTLA
CASSLANEQFF	WLLWPVTLA
CASSPGLYYEQYF	WLLWPVTLA
CASSLKAGETADTQYF	WLLWPVTLA
CASRFTFPLAGSLTDTQYF	WLLWPVTLA
CASNPGHLNTEAFF	WLLWPVTLA
CASSPQGNTIYF	WLLWPVTLA
CASGENTQYF	WLLWPVTLA
CASKRLAGADNEQFF	WLLWPVTLA
CASSSNTGELFF	WLLWPVTLA
CATSPPREGLSYEQYF	WLLWPVTLA
CATYVADEQFF	WLLWPVTLA
CASSSYRGLPTDTQYF	WLLWPVTLA
CASSLGYGGGHEQYF	WLLWPVTLA
CASSGIQRAYEQYF	WLLWPVTLA
CAWSVLAGAGEQYF	WLLWPVTLA
CASSDSIGASGRLNEQFF	WLLWPVTLA
CASSYSGGRTGELFF	WLLWPVTLA
CATSRDHYEQYF	WLLWPVTLA
CASSYGRINTEAFF	WLLWPVTLA
CASSYSLGYEQYF	WLLWPVTLA
CASSEMAEKLFF	WLLWPVTLA
CASSLNIAEAFF	WLLWPVTLA
CASLDDYGYTF	WLLWPVTLA
CASSSIAGLGYTF	WLLWPVTLA
CASSLIHEQFF	WLLWPVTLA
CASSPDGVGNIQYF	WLLWPVTLA
CASSQQGSEKLFF	WLLWPVTLA
CASSLEGTGGSEKLFF	WLLWPVTLA
CASSPAPQGGETQYF	WLLWPVTLA
CAISELTSGSSYNEQFF	WLLWPVTLA
CASSGRGLDTEAFF	WLLWPVTLA
CASSYSLGTSGTSTDTQYF	WLLWPVTLA
CASSPSPYEQYF	WLLWPVTLA
CASSFGGYEQYF	WLLWPVTLA
CASSEGLAYEQYF	WLLWPVTLA
CASSLGGPLNIQYF	WLLWPVTLA
CASSRLAGGTDTQYF	WLLWPVTLA
CASSLDLGTGYEQYF	WLLWPVTLA
CATSDPRLSSYNEQFF	WLLWPVTLA
CASSLGPPGELFF	WLLWPVTLA
CASSPPGQPQHF	WLLWPVTLA
CASSIRGLAGGGELFF	WLLWPVTLA
CASRRLGAGEETQYF	WLLWPVTLA
CASSLGTSGTEQYF	WLLWPVTLA
CASSPTGRGTQYF	WLLWPVTLA
CASSPGLAGGTNTGELFF	WLLWPVTLA
CASSSATEAFF	WLLWPVTLA
CASSQFAPGLNTDTQYF	WLLWPVTLA
CSVGGRPGLVPDTQYF	WLLWPVTLA
CASSRWGGGTDTQYF	WLLWPVTLA
CASHPLSGAVNTGELFF	WLLWPVTLA
CAISEPGGSGNIQYF	WLLWPVTLA
CASSPGTLGGWDIQYF	WLLWPVTLA
CASSLTSGSSSYEQYF	WLLWPVTLA
CASSLPSYNEQFF	WLLWPVTLA
CASSYGPNYEQYF	WLLWPVTLA
CASSPPSFYEQYF	WLLWPVTLA
CASSFQGGNEQFF	WLLWPVTLA
CASSLGDTQYF	WLLWPVTLA
CASSMAATYEQYF	WLLWPVTLA
CASSGGAGELFF	WLLWPVTLA
CASSLGLAGGLGDTQYF	WLLWPVTLA
CASSPEVLETQYF	WLLWPVTLA
CASSQELAGGVGELFF	WLLWPVTLA
CASSLVGALKPLHF	WLLWPVTLA
CASGKQGQETQYF	WLLWPVTLA
CASSLTSHEQFF	WLLWPVTLA
CATSDSAGEETQYF	WLLWPVTLA
CASSEALDYEQYF	WLLWPVTLA
CSAKTGASSYEQYF	WLLWPVTLA
CASSQGDTQYF	WLLWPVTLA
CASSLPGWEKLFF	WLLWPVTLA
CASSPTGTDDEQFF	WLLWPVTLA
CASSLTGVAGYNEQFF	WLLWPVTLA
CASSYPGLGYEQYF	WLLWPVTLA
CSVEEQKAGNTIYF	WLLWPVTLA
CASSYGLTNTGELFF	WLLWPVTLA
CASSERAISYNEQFF	WLLWPVTLA
CASSIELSSYEQYF	WLLWPVTLA
CSAFSRDRENEQYF	WLLWPVTLA
CASSLGDEQFF	WLLWPVTLA
CASSQDNRGAEQYF	WLLWPVTLA
CALAGLNPNEQFF	WLLWPVTLA
CASRPRQGPNEKLFF	WLLWPVTLA
CASSEAPGSYEQYF	WLLWPVTLA
CASRYSLGLAGATTLDTQYF	WLLWPVTLA
CASSFWGRRGGETQYF	WLLWPVTLA
CASSWTPTETQYF	WLLWPVTLA
CASSVTVTYNEQFF	WLLWPVTLA
CASSPRGDTNNEQFF	WLLWPVTLA
CASSLSGQVLSYNSPLHF	WLLWPVTLA
CATLDRLGGSNEQFF	WLLWPVTLA
CASSGGLAGLNNEQFF	WLLWPVTLA
CSVVWVSLGDHYNEQFF	WLLWPVTLA
CASKNEGTVYYEQYF	WLLWPVTLA
CATSDGGPREKLFF	WLLWPVTLA
CASSQATNEKLFF	WLLWPVTLA
CASSPGRGYNEQFF	WLLWPVTLA
CASSFTDTQYF	WLLWPVTLA
CASSRNQPQHF	WLLWPVTLA
CASSYSIGAGVETDTQYF	WLLWPVTLA
CASTWVPGATDTQYF	WLLWPVTLA
CASTTDNEQFF	WLLWPVTLA
CASSPTGGWFGYTF	WLLWPVTLA
CASEETGTYEQYF	WLLWPVTLA
CASSQDWAGSSYNEQFF	WLLWPVTLA
CASTLRYNEQFF	WLLWPVTLA
CASSLGAGVFQETQYF	WLLWPVTLA
CASSEGDIQYF	WLLWPVTLA
CASTGTGYNEQFF	WLLWPVTLA
CASSLGGLLEQYF	WLLWPVTLA
CASSMTGGKQYF	WLLWPVTLA
CAISEPLRDTYNEQFF	WLLWPVTLA
CASSFEGLEYYGYTF	WLLWPVTLA
CASSQVGFTSYEQYF	WLLWPVTLA
CASSEGGEQYF	WLLWPVTLA
CAISEPGGITYNEQFF	WLLWPVTLA
CASSPGQGTYEQYF	WLLWPVTLA
CASSLASGELFF	WLLWPVTLA
CATSDLTSGTSTDTQYF	WLLWPVTLA
CASSLGLPGTGGRARTQYF	WLLWPVTLA
CATSDFVDTDTQYF	WLLWPVTLA
CSARVDPSAWGSLSYEQYF	WLLWPVTLA
CASSSSPSPEQFF	WLLWPVTLA
CSASEGGETQYF	WLLWPVTLA
CARSPKEQYF	WLLWPVTLA
CASKMRGGLREQYF	WLLWPVTLA
CSARKGGPEQYF	WLLWPVTLA
CASSLSGELFF	WLLWPVTLA
CASSETGSYEQYF	WLLWPVTLA
CASSLLGVEETDTQYF	WLLWPVTLA
CATFGLAGLREQFF	WLLWPVTLA
CASSLVALNEQFF	WLLWPVTLA
CASSGLAGGSTDTQYF	WLLWPVTLA
CASSWSLAGESEQFF	WLLWPVTLA
CASSYRTRGSNQPQHF	WLLWPVTLA
CASSQDPLSTSSYEQYF	WLLWPVTLA
CASSLLGQMEAFF	WLLWPVTLA
CASSAGGSYEQYF	WLLWPVTLA
CASTLQGGTQYF	WLLWPVTLA
CASSLNQPQHF	WLLWPVTLA
CASQTKADSYEQYF	WLLWPVTLA
CASSFFDKQFF	WLLWPVTLA
CASSLRGAFHEQYF	WLLWPVTLA
CSAGDQPQHF	WLLWPVTLA
CASSQEGQGNQPQHF	WLLWPVTLA
CASSLLSGLGNTEAFF	WLLWPVTLA
CASSSDRGADTQYF	WLLWPVTLA
CASSLAGAEQFF	WLLWPVTLA
CASSHRTGSATNEKLFF	WLLWPVTLA
CASSSGWGLAEQYF	WLLWPVTLA
CASSSPGAGSYNEQFF	WLLWPVTLA
CASSPYVAPVTGELFF	WLLWPVTLA
CASRVIGLGAYEQYF	WLLWPVTLA
CASSQGLAGGLGTQYF	WLLWPVTLA
CASSFGRFVAKNIQYF	WLLWPVTLA
CASSISTGVDYGYTF	WLLWPVTLA
CASSYSLEGGGYTSGLPPTDTQYF	WLLWPVTLA
CASSHPGEAQHF	WLLWPVTLA
CASNPGSYNEQFF	WLLWPVTLA
CASSQVFLMTEAFF	WLLWPVTLA
CASSGGTSGRASTDTQYF	WLLWPVTLA
CASSLDRLAGSYEQYF	WLLWPVTLA
CASSYSNIQYF	WLLWPVTLA
CASSSRLAGGRVADTQYF	WLLWPVTLA
CASSLTGGSTDTQYF	WLLWPVTLA
CATFDRDRGNMGYTF	WLLWPVTLA
CASSIHGQGTGELFF	WLLWPVTLA
CASSLFGQPQHF	WLLWPVTLA
CASSFSLAGGSLGETQYF	WLLWPVTLA
CASSLVGTGLNEKLFF	WLLWPVTLA
CASSTLAGGEETQYF	WLLWPVTLA
CASSQSGLGQINYGYTF	WLLWPVTLA
CASSYNGETSPLHF	WLLWPVTLA
CATSDIAGGTDTQYF	WLLWPVTLA
CASSLASDTQYF	WLLWPVTLA
CASSPSRTGNEKLFF	WLLWPVTLA
CASSSGGGVVDGYTF	WLLWPVTLA
CASTHSGHGEQFF	WLLWPVTLA
CASNSISLARDTGELFF	WLLWPVTLA
CATSDSGTPDTQYF	WLLWPVTLA
CASTPGGYEQYF	WLLWPVTLA
CSARAGASYNEQFF	WLLWPVTLA
CASSAQLLSGGANTGELFF	WLLWPVTLA
CASSPRPIVQLHPSGANVLTF	WLLWPVTLA
CASSQVQGAGELFF	WLLWPVTLA
CASSLGPRGGGNGVFF	WLLWPVTLA
CASSLDGQVAF	WLLWPVTLA
CASSLPGSYEQYF	WLLWPVTLA
CAISAPDRPNEQFF	WLLWPVTLA
CATSDLTGQGLNEQFF	WLLWPVTLA
CSVVGLAVPSSYNEQFF	WLLWPVTLA
CASSFGGLDYGYTF	WLLWPVTLA
CASSWDRIAF	WLLWPVTLA
CASSLQAGNTYNEQFF	WLLWPVTLA
CATSDSKWLQHF	WLLWPVTLA
CASSTPPSPEQYF	WLLWPVTLA
CASSFPQSIRVSAGSQGPYEQYF	WLLWPVTLA
CASSFNEQFF	WLLWPVTLA
CASSLTGGDLKTQYF	WLLWPVTLA
CASSLVLYEQYF	WLLWPVTLA
CASSLDGLVDF	WLLWPVTLA
CASARGNTQYF	WLLWPVTLA
CSAMDGNTGELFF	WLLWPVTLA
CASSLLTPSGANVLTF	WLLWPVTLA
CASSQDLLGGEVNGYTF	WLLWPVTLA
CASSHTPGRPDTQYF	WLLWPVTLA
CASSPGPPELRRDSNQPQHF	WLLWPVTLA
CASSRSEARTDTQYF	WLLWPVTLA
CASSGRNDEQYF	WLLWPVTLA
CASSLLLALVPDTQYF	WLLWPVTLA
CASSLDGTENYEQYF	WLLWPVTLA
CASSQIQGSYEQYF	WLLWPVTLA
CSARAFPGGYQETQYF	WLLWPVTLA
CASSYGLYTEAFF	WLLWPVTLA
CSASGGVSTDTQYF	WLLWPVTLA
CAPPGANVLTF	WLLWPVTLA
CASSPDSRETQYF	WLLWPVTLA
CSVATSLVEGYTF	WLLWPVTLA
CASSGGQGVPGELFF	WLLWPVTLA
CASSWFLGTNEKLFF	WLLWPVTLA
CASSVEVSSSYEQYF	WLLWPVTLA
CASIRQGQETQYF	WLLWPVTLA
CASSWGQLYEQYF	WLLWPVTLA
CASSTGQGADTQYF	WLLWPVTLA
CSVQGLAGVFTDTQYF	WLLWPVTLA
CASSYSSSYNSPLHF	WLLWPVTLA
CASSTATNEQFF	WLLWPVTLA
CASSLGTSGIIDEQYF	WLLWPVTLA
CASSELGSPLHF	WLLWPVTLA
CASSPWDRVYEQYF	WLLWPVTLA
CASSLGDIQYF	WLLWPVTLA
CSGQGEPGNIQYF	WLLWPVTLA
CASSNPTAGGPGETQYF	WLLWPVTLA
CASSSPRDNENSPLHF	WLLWPVTLA
CASTRNNEQFF	WLLWPVTLA
CASSWDRNYGYTF	WLLWPVTLA
CASSLDLVTRLDEQFF	WLLWPVTLA
CATTPEGETEAFF	WLLWPVTLA
CASSLGQGGSYEQYF	WLLWPVTLA
CSLWVTDTQYF	WLLWPVTLA
CASSLIGGPYNEQFF	WLLWPVTLA
CASSPQADTQYF	WLLWPVTLA
CASSAGGNTIYF	WLLWPVTLA
CASSLMVPAGSDTQYF	WLLWPVTLA
CASSPASNEQYF	WLLWPVTLA
CASSTDLNPNEQFF	WLLWPVTLA
CSANTGTSGRSTDTQYF	WLLWPVTLA
CASSHWLGEETQYF	WLLWPVTLA
CASSESNEQFF	WLLWPVTLA
CASSPNNEQFF	WLLWPVTLA
CASSLGPPATF	WLLWPVTLA
CASSLDNEQFF	WLLWPVTLA
CASSSPGQGAYEQFF	WLLWPVTLA
CASSSRPRGSSYEQYF	WLLWPVTLA
CASSLLASSGANVLTF	WLLWPVTLA
CASSFLGQPNTEAFF	WLLWPVTLA
CASSYVEGDEKLFF	WLLWPVTLA
CASSEARGYEQYF	WLLWPVTLA
CASSLGLGLAEQETQYF	WLLWPVTLA
CASSVFDRDPSNEQFF	WLLWPVTLA
CASSHDRSEKLFF	WLLWPVTLA
CASSIASGTVNQQFF	WLLWPVTLA
CASAGNEQFF	WLLWPVTLA
CASSSRGTGNTIYF	WLLWPVTLA
CASMLYNEQFF	WLLWPVTLA
CASRPTSSIYEQYF	WLLWPVTLA
CASSPANNEQFF	WLLWPVTLA
CASSPRGTNLNTEAFF	WLLWPVTLA
CASSQVYGVQPQHF	WLLWPVTLA
CSARDNSNYGYTF	WLLWPVTLA
CASSPNNEQFF	WLLWPVTLA
CASTGQGGYEQYF	WLLWPVTLA
CASSYLGSGNTIYF	WLLWPVTLA
CASSLYNLGQPQHF	WLLWPVTLA
CATSDLAGGTSTDTQYF	WLLWPVTLA
CASSPTADTQYF	WLLWPVTLA
CASSALAGRTDTQYF	WLLWPVTLA
CSVVELGETQYF	WLLWPVTLA
CASSFAPGELFF	WLLWPVTLA
CASSSAYEQYF	WLLWPVTLA
CASSDPGNEQYF	WLLWPVTLA
CASSDDNEQFF	WLLWPVTLA
CATSDFRFVTFYARSSGNTIYF	WLLWPVTLA
CASSLGDTQYF	WLLWPVTLA
CASSPPDSPNSPLHF	WLLWPVTLA
CASSQDRSSRGAGELFF	WLLWPVTLA
CASSLAHGLRDGYTF	WLLWPVTLA
CASSLGRDTGELFF	WLLWPVTLA
CASSPAGSTEAFF	WLLWPVTLA
CASKMELAGGPDTQYF	WLLWPVTLA
CASSAYKGGLVGNTGELFF	WLLWPVTLA
CASSLGAGVGDTQYF	WLLWPVTLA
CASSLEDYPYNEQFF	WLLWPVTLA
CASSYGTSNEQFF	WLLWPVTLA
CASSLLAPERPNYGYTF	WLLWPVTLA
CASVSVTSGSNEQFF	WLLWPVTLA
CRALNEQFF	WLLWPVTLA
CASSLAPRGSGNTIYF	WLLWPVTLA
CASSQDPRGAGANVLTF	WLLWPVTLA
CASSLPGQTYEQYF	WLLWPVTLA
CASSPQGWNEQFF	WLLWPVTLA
CASSQDPGDGANVLTF	WLLWPVTLA
CASSLSTGLAYEQYF	WLLWPVTLA
CASRDSSYNEQFF	WLLWPVTLA
CASSEAVGDHGPQHF	WLLWPVTLA
CASSPSSEGEQFF	WLLWPVTLA
CASSLAGGYTF	WLLWPVTLA
CASSQAGLAGETQYF	WLLWPVTLA
CASGATSGRGLYNEQFF	WLLWPVTLA
CASSLGTGEYTDTQYF	WLLWPVTLA
CAWSSLAGGRDEQFF	WLLWPVTLA
CASSPEGGGAYEQYF	WLLWPVTLA
CASSEGSEAFF	WLLWPVTLA
CAWSRLAAQETQYF	WLLWPVTLA
CSASTGPGTGETQYF	WLLWPVTLA
CASSFDRGAFF	WLLWPVTLA
CASSYSPPYEQYF	WLLWPVTLA
CATSDFHHGQTTDTQYF	WLLWPVTLA
CASSFGPHQNTEAFF	WLLWPVTLA
CASSRVYNEQFF	WLLWPVTLA
CASSISGNYNEQFF	WLLWPVTLA
CASSSIAGTHSTDTQYF	WLLWPVTLA
CASSLQGSGTEAFF	WLLWPVTLA
CASSLVSGSLLSEAFF	WLLWPVTLA
CASSLGNGNTIYF	WLLWPVTLA
CAVRRENTGELFF	WLLWPVTLA
CASSFRVLREKDYNEQFF	WLLWPVTLA
CASSLAVKNIQYF	WLLWPVTLA
CASSQGEGLQETQYF	WLLWPVTLA
CASSLTLAELFF	WLLWPVTLA
CASSDLAGGPPEQFF	WLLWPVTLA
CATSRDQGLAYNEQFF	WLLWPVTLA
CATSDLQTSTDTQYF	WLLWPVTLA
CASSLNPGGNEQFF	WLLWPVTLA
CASRLVPRAGANSQPQHF	WLLWPVTLA
CASLGAPNYGYTF	WLLWPVTLA
CASSVEGEATYEQYF	WLLWPVTLA
CASSFLAADTQYF	WLLWPVTLA
CSAIEGGNEQFF	WLLWPVTLA
CASSPLGGTGAHEQYF	WLLWPVTLA
CASSVVDDKQYF	WLLWPVTLA
CATNQAGGHSYEQYF	WLLWPVTLA
CASSRQGGVGTQYF	WLLWPVTLA
CSATLLEGVGEAFF	WLLWPVTLA
CASSQVGYEQFF	WLLWPVTLA
CASSPRTGGAEETQYF	WLLWPVTLA
CASSRRGSGNTIYF	WLLWPVTLA
CASSMSGGAYEQYF	WLLWPVTLA
CASSLSLGYEQYF	WLLWPVTLA
CASSPTGGVTYEQYF	WLLWPVTLA
CASSYGDGYTF	WLLWPVTLA
CASSQFGPVGTDTQYF	WLLWPVTLA
CASSPGTGYEQYF	WLLWPVTLA
CASRRQGPGELFF	WLLWPVTLA
CASSELGKTGEQYF	WLLWPVTLA
CASSRHGSGNTIYF	WLLWPVTLA
CASSQEPRTTYEQYF	WLLWPVTLA
CASSLLTGALYEQYF	WLLWPVTLA
CASNSENTDTQYF	WLLWPVTLA
CASSHRTVGLVDTQYF	WLLWPVTLA
CATSDLKGQETQYF	WLLWPVTLA
CASSQNPGQGNTEAFF	WLLWPVTLA
CASSTPGQASNTEAFF	WLLWPVTLA
CSARDQASYGYTF	WLLWPVTLA
CASSSAGTVNYGYTF	WLLWPVTLA
CASTRGGMNEQFF	WLLWPVTLA
CASSLGGATEAFF	WLLWPVTLA
CASSSDNEQFF	WLLWPVTLA
CAISESSETQYF	WLLWPVTLA
CASSWGQTQFF	WLLWPVTLA
CASSYGDTQYF	WLLWPVTLA
CASSQEGNEQFF	WLLWPVTLA
CATSDNYQETQYF	WLLWPVTLA
CASSQGGGPNEQFF	WLLWPVTLA
CASSQTNNEQFF	WLLWPVTLA
CASSSPGVGQETQYF	WLLWPVTLA
CASNLNNEQFF	WLLWPVTLA
CSASGTEEETQYF	WLLWPVTLA
CATSDLTADPPTSTDTQYF	WLLWPVTLA
CASSLYNSPLHF	WLLWPVTLA
CASTPGTSLNEQFF	WLLWPVTLA
CAHLGGGEQYF	WLLWPVTLA
CASSYDPGRYGYTF	WLLWPVTLA
CASSPGLAGAYEQYF	WLLWPVTLA
CSVLLGIPSSYEQYF	WLLWPVTLA
CASSQAPGTGHDEQYF	WLLWPVTLA
CASSGTGGLYEQYF	WLLWPVTLA
CASSELVGSPIEQYF	WLLWPVTLA
CAWKGDRGPFYGYTF	WLLWPVTLA
CASSQDPGLAGMQFF	WLLWPVTLA
RASSLRRGAEQYF	WLLWPVTLA
CASNGQGNPYEQYF	WLLWPVTLA
CASSQERGPGGYTF	WLLWPVTLA
CASSLNQPQHF	WLLWPVTLA
CASSYLTSRQETQYF	WLLWPVTLA
CASSYSLAATNSPLHF	WLLWPVTLA
CAISESEAGTLEYGYTF	WLLWPVTLA
CASSSGSTNEKLFF	WLLWPVTLA
CATTYTGELFF	WLLWPVTLA
CASSRDRAQETQYF	WLLWPVTLA
CASSYGLAPRGEQFF	WLLWPVTLA
CANSGLAGETSTDTQYF	WLLWPVTLA
CASSQPGLPSYEQYF	WLLWPVTLA
CASSVDDGGTIYF	WLLWPVTLA
CASSLANEQFF	WLLWPVTLA
CASSDRVSTDTQYF	WLLWPVTLA
CASSSLDSYNSPLHF	WLLWPVTLA
CASSPSGGRYNEQFF	WLLWPVTLA
CAIKSNRDLQETQYF	WLLWPVTLA
CASSLRGGRYSPLHF	WLLWPVTLA
CASSIVAGVGEQYF	WLLWPVTLA
CASSSTETSGSRSTDTQYF	WLLWPVTLA
CASSQPGQGAYF	WLLWPVTLA
CATALTTGLAGIRSYEQYF	WLLWPVTLA
CASSQVPGGEQYF	WLLWPVTLA
CASSSAQGAITGELFF	WLLWPVTLA
CASSEPVSSSYEQYF	WLLWPVTLA
CASSPHNTGGNSPLHF	WLLWPVTLA
CASSTAGNEQFF	WLLWPVTLA
CASSFLRVAPGNRRTSTDTQYF	WLLWPVTLA
CASSLSLAGRSSYNEQFF	WLLWPVTLA
CASSLGTGLREQYF	WLLWPVTLA
CASSFTDTQYF	WLLWPVTLA
CASSEPRGVDKNIQYF	WLLWPVTLA
CATSDFGGRTDTQYF	WLLWPVTLA
CASSNYKRAYNEQFF	WLLWPVTLA
CASSPAGAGTEAFF	WLLWPVTLA
CASHLTGLNEQFF	WLLWPVTLA
CASSLLQTYTGELFF	WLLWPVTLA
CASSPRLAGGPGSYEQYF	WLLWPVTLA
CASSYSLGTGELFF	WLLWPVTLA
CASSYWGRVTNEQFF	WLLWPVTLA
CASSLPRTGRYEQYF	WLLWPVTLA
CSATGLAGGWEQYF	WLLWPVTLA
CASSAIEGNPTEQYF	WLLWPVTLA
CATSSPRSSSFYEQYF	WLLWPVTLA
CASSSHNEQFF	WLLWPVTLA
CASSQESSAYGETQYF	WLLWPVTLA
CASNQGLAGSWTGELFF	WLLWPVTLA
CASSTPPNTEAFF	WLLWPVTLA
CASSYELGGGSGYTF	WLLWPVTLA
CAISERDNEQFF	WLLWPVTLA
CASSPEGLVNEQFF	WLLWPVTLA
CASSPGPGYTF	WLLWPVTLA
CASSPDNEQFF	WLLWPVTLA
CASSQEVTIYEQYF	WLLWPVTLA
CASSFNGGYEQYF	WLLWPVTLA
CAIGGSGFGETQYF	WLLWPVTLA
CATFSGANVLTF	WLLWPVTLA
CASRGALAGEQYF	WLLWPVTLA
CASSIPWDRGLHIQYF	WLLWPVTLA
CASSFSTGRYEQYF	WLLWPVTLA
CASSYGADTQYF	WLLWPVTLA
CASSYPYGTDGETQYF	WLLWPVTLA
CSAGGNEQFF	WLLWPVTLA
CASSQVFSGDFITGELFF	WLLWPVTLA
CASTPGTGDIFYGYTF	WLLWPVTLA
CASSYDLAGASEQYF	WLLWPVTLA
CASSYKLGEGEAFF	WLLWPVTLA
CASSLGTGYNEQFF	WLLWPVTLA
CASSANQPQHF	WLLWPVTLA
CASSHPGFQPQHF	WLLWPVTLA
CASSQVTTTEQFF	WLLWPVTLA
CASSQGGGEAFF	WLLWPVTLA
CASSLLGQPQHF	WLLWPVTLA
CASSLDRGARNTEAFF	WLLWPVTLA
CASSVLQASGANVLTF	WLLWPVTLA
CSARGGLAGAFQETQYF	WLLWPVTLA
CASSPPPGYEQYF	WLLWPVTLA
CASSEWGDAYEQYF	WLLWPVTLA
CASSHGHDRLGYTF	WLLWPVTLA
CASRRTAYGYTF	WLLWPVTLA
CASTQSRWSYNEQFF	WLLWPVTLA
CASSQAGLYEQYF	WLLWPVTLA
CASRGTLRVLLSFFGELFF	WLLWPVTLA
CASSQYGNLNEQFF	WLLWPVTLA
CASSPYLGNGELFF	WLLWPVTLA
CASSLSLYQGTGELFF	WLLWPVTLA
CASSPQGAVTGELFF	WLLWPVTLA
CASSFGRGGSTDTQYF	WLLWPVTLA
CASTNFGSPLHF	WLLWPVTLA
CASSLDHGLMDEQFF	WLLWPVTLA
CSARDTTQSLAGGVTQYF	WLLWPVTLA
CATSDWDRGRDTGELFF	WLLWPVTLA
CASSLAGGYTDTQYF	WLLWPVTLA
CASSPLEGGGEQYF	WLLWPVTLA
CASIGGAPSYNEQFF	WLLWPVTLA
CASSPRTGRTTEAFF	WLLWPVTLA
CASSFPDREGPQETQYF	WLLWPVTLA
CASSLVSGANVLTF	WLLWPVTLA
CASSLQDRGQGYTF	WLLWPVTLA
CASSPSNEQFF	WLLWPVTLA
CASSYSLAGDNEQFF	WLLWPVTLA
CASSLLAESYNEQFF	WLLWPVTLA
CATSRDRGTAYGYTF	WLLWPVTLA
CASSPNQPQHF	WLLWPVTLA
CASSYGAGDVLNEQFF	WLLWPVTLA
CASSHATGQGGSTDTQYF	WLLWPVTLA
CASSQKCLAAYEQYF	WLLWPVTLA
CASSLGTGESYEQYF	WLLWPVTLA
CSTQTETEETQYF	WLLWPVTLA
CASSSLGGELFF	WLLWPVTLA
CASSYLGGQAEQFF	WLLWPVTLA
CASSSYSGTEAFF	WLLWPVTLA
CASSFGTDTQYF	WLLWPVTLA
CASSEALEYEQYF	WLLWPVTLA
CASSLSEGTGDYEQYF	WLLWPVTLA
CSVVLAGNYNEQFF	WLLWPVTLA
CASSLGMESGSPLHF	WLLWPVTLA
CASSLWEGGTDTQYF	WLLWPVTLA
CASSPGTGLYEQYF	WLLWPVTLA
CASSTPATGRHEQYF	WLLWPVTLA
CATRTHREATLSEAFF	WLLWPVTLA
CASSPPDRFSYEQYF	WLLWPVTLA
CASSASGNPDEQFF	WLLWPVTLA
CASIGRGGGETQYF	WLLWPVTLA
CATTGPSSGNTIYF	WLLWPVTLA
CASSLIGGAAGELFF	WLLWPVTLA
CASSLAGVTEAFF	WLLWPVTLA
CASSQIVGGLYGYTF	WLLWPVTLA
CASSLTGNTEAFF	WLLWPVTLA
CASSLSWLPNQPQHF	WLLWPVTLA
CASSFRTGQAFF	WLLWPVTLA
CASSLGTGYGYTF	WLLWPVTLA
CASSEFWTGRGTDTQYF	WLLWPVTLA
CASSLSGTLYEQYF	WLLWPVTLA
CASRPPGGFTDTQYF	WLLWPVTLA
CASSEVGGTDTQYF	WLLWPVTLA
CSVEKGQPYEQYF	WLLWPVTLA
CASSLLIAGLNEQFF	WLLWPVTLA
CASSQYGEEQFF	WLLWPVTLA
CASSYSGANYEQYF	WLLWPVTLA
CASSNSGSQADTQYF	WLLWPVTLA
CASSTGTGSYNEQFF	WLLWPVTLA
CASSQGTGGNTQYF	WLLWPVTLA
CASSLELAGIHEQFF	WLLWPVTLA
CASSTIAGDYEQYF	WLLWPVTLA
CASSFRVETQYF	WLLWPVTLA
CSVLWMADQFF	WLLWPVTLA
CASSQTQTQYF	WLLWPVTLA
CASSIGQFYEQYF	WLLWPVTLA
CASSYSLTPPGQGGDGYTF	WLLWPVTLA
CASGGGSAEAFF	WLLWPVTLA
CASSFTHPSTDTQYF	WLLWPVTLA
CASGEGIGNTGELFF	WLLWPVTLA
CASSLGQEHIEAFF	WLLWPVTLA
CASGANVLTF	WLLWPVTLA
CASSFLYNEQFF	WLLWPVTLA
CASSWGTGSPEQYF	WLLWPVTLA
CASSLTGYTEAFF	WLLWPVTLA
CASSLLAGTGELFF	WLLWPVTLA
CSARDLGAPQPQHF	WLLWPVTLA
CASILRGTQYF	WLLWPVTLA
CSVNSGTNTGELFF	WLLWPVTLA
CSAATLSYEQYF	WLLWPVTLA
CASSEFTVNYGYTF	WLLWPVTLA
CASSSTAGANVLTF	WLLWPVTLA
CSVDDMNTEAFF	WLLWPVTLA
CASSQGGGYTF	WLLWPVTLA
CASTTLGTGGVGELFF	WLLWPVTLA
CASNPTGPSYEQYF	WLLWPVTLA
CASSIILAGVDEQFF	WLLWPVTLA
CASSSRTGEYGKNQPQHF	WLLWPVTLA
CASSFRGTEAFF	WLLWPVTLA
CATSATTLDYGYTF	WLLWPVTLA
CASSFGGDTQYF	WLLWPVTLA
CASRESSQETQYF	WLLWPVTLA
CASSSSPPTTGGDAGGYTF	WLLWPVTLA
CSARDFRGGDYNEQFF	WLLWPVTLA
CASRKQGWEETQYF	WLLWPVTLA
CASSLGQGNTEAFF	WLLWPVTLA
CASSPDRAFLYEQYF	WLLWPVTLA
CASSQEIANTEAFF	WLLWPVTLA
CASSQALSPYEQYF	WLLWPVTLA
CASSHRDLNTEAFF	WLLWPVTLA
CASRLAGGEETQYF	WLLWPVTLA
CASSYIAATPFNTGELFF	WLLWPVTLA
CASVAESEKLFF	WLLWPVTLA
CASSPTRGSGFEQYF	WLLWPVTLA
CASIGGLNTEAFF	WLLWPVTLA
CASSDRDSNQPQHF	WLLWPVTLA
CASSYGAAGGGSYNEQFF	WLLWPVTLA
CASSFLDWSNTEAFF	WLLWPVTLA
CASSTQRLSPGEQYF	WLLWPVTLA
CASSASDLGEKLFF	WLLWPVTLA
CASSLSLARSSYNEQFF	WLLWPVTLA
CASSPSKGASTDTQYF	WLLWPVTLA
CASSLGEMGSYEQYF	WLLWPVTLA
CASSILGEYNEQFF	WLLWPVTLA
CASSLLSGYEQYF	WLLWPVTLA
CASRIRGPREKLFF	WLLWPVTLA
CASSYGGEYTYEQYF	WLLWPVTLA
CASSQVANSPLHF	WLLWPVTLA
CASSGGRTGELFF	WLLWPVTLA
CASSFGQGTEAFF	WLLWPVTLA
CASSSLDRDGNIQYF	WLLWPVTLA
