CDR3	AA
CASSQVMDTHTEAFF	IGAEHVNNSY
CASIGGSVEAFF	IGAEHVNNSY
CASSEFLTASTDTQYF	IGAEHVNNSY
CASSQDPVGLAVTGELFF	IGAEHVNNSY
CSVDRGGVYNEQFF	IGAEHVNNSY
CASSLGFSEQFF	IGAEHVNNSY
CASSSLRGTPSNEQFF	IGAEHVNNSY
CATTGTAYEQYF	IGAEHVNNSY
CASSLEQGAYNSPLHF	IGAEHVNNSY
CASSLVGAAGELFF	IGAEHVNNSY
CSVDGGRDYNEQFF	IGAEHVNNSY
CSARNVAGNLYEQYF	IGAEHVNNSY
CAIVGDVYGYTF	IGAEHVNNSY
CASSLGSPYNGYTF	IGAEHVNNSY
CASSLVNSHEQYF	IGAEHVNNSY
CSATGTSYEQYF	IGAEHVNNSY
CASSHTPGGTDTQYF	IGAEHVNNSY
CASSYRTGELFF	IGAEHVNNSY
CASSSGNTEAFF	IGAEHVNNSY
CAQDGTRRSGELFF	IGAEHVNNSY
CASSEQSGTWVDTEAFF	IGAEHVNNSY
CATSRDDLAATHEQYF	IGAEHVNNSY
CASSDKGGDGTQYF	IGAEHVNNSY
CASSLGPGELFF	IGAEHVNNSY
CASSYGTGNQPQHF	IGAEHVNNSY
CSVDTGSSYNEQFF	IGAEHVNNSY
CASSLAGGGGSYEQYF	IGAEHVNNSY
CASSQSWGQPQHF	IGAEHVNNSY
CATGAGISPLHF	IGAEHVNNSY
