CDR3	AA
CSVVGGRGVVSDTQYF	VQPTESIVRF
CASSQDRTGWADTQYF	VQPTESIVRF
CASSDGTVSYNEQFF	VQPTESIVRF
CASSLGFGELFF	VQPTESIVRF
CASSASSGSPYEQYF	VQPTESIVRF
CASSLEGGAETQYF	VQPTESIVRF
CASSLTLAGVQFEQFF	VQPTESIVRF
CASSLGFRGANNEQFF	VQPTESIVRF
CASSQMGNSNQPQHF	VQPTESIVRF
CASSGGPYEQYF	VQPTESIVRF
CASSLSYEQYF	VQPTESIVRF
CASSYSYEQYF	VQPTESIVRF
CASSEVASGYNEQFF	VQPTESIVRF
CASSFNLPGASLTEAFF	VQPTESIVRF
CASSLVANTEAFF	VQPTESIVRF
CASSPGTVPTGELFF	VQPTESIVRF
CASSFQELFPYEQYF	VQPTESIVRF
CASSEAARPDTQYF	VQPTESIVRF
CASSLSTQHQPQHF	VQPTESIVRF
CASSPVDGSPYEQYF	VQPTESIVRF
CASGQGPYEQYF	VQPTESIVRF
CASSQGPGTSGNNEQFF	VQPTESIVRF
CASSTLVVPYEQYF	VQPTESIVRF
CASSPDRGFYTEAFF	VQPTESIVRF
CASSSTYTGELFF	VQPTESIVRF
CASSLGDRQDQAFF	VQPTESIVRF
CAYFQETQYF	VQPTESIVRF
CASSQFSGSPMNEQFF	VQPTESIVRF
CASSSDTASYNEQFF	VQPTESIVRF
CASSGDPYYNEQFF	VQPTESIVRF
CASSLDRGAYNEQFF	VQPTESIVRF
CASSPLDPLSYGYTF	VQPTESIVRF
CASSPPTGSPYEQYF	VQPTESIVRF
CASSPGTGVAYEQYF	VQPTESIVRF
CATLGHTYEQYF	VQPTESIVRF
CASSLFLGTEAFF	VQPTESIVRF
CASSQQGTHSTDTQYF	VQPTESIVRF
CASSQPSPTEAFF	VQPTESIVRF
CASSEPGYGNQPQHF	VQPTESIVRF
CASSLLGNSNQPQHF	VQPTESIVRF
CASTIGGTSYEQYF	VQPTESIVRF
CASRGLERTVSGNTIYF	VQPTESIVRF
CATSGVRDGWDTQYF	VQPTESIVRF
CASSPPSGSPYEQYF	VQPTESIVRF
CASSQEGDSNQPQHF	VQPTESIVRF
CAQGLGTEAFF	VQPTESIVRF
CASSLDLGSHYEQYF	VQPTESIVRF
CASSRYFDEQYF	VQPTESIVRF
CASSLGGPYEQYF	VQPTESIVRF
CASSLEAEMNYEQYF	VQPTESIVRF
CASSPVSGSPYEQYF	VQPTESIVRF
CASSLGTAYNEQFF	VQPTESIVRF
CSARSRDRGYEQYF	VQPTESIVRF
CASSPSTAELFF	VQPTESIVRF
CASSPTTGSPYEQYF	VQPTESIVRF
CASSIDRGTINEQFF	VQPTESIVRF
CASSLATGPDEQYF	VQPTESIVRF
CASSLEGLAGGHTDTQYF	VQPTESIVRF
CASSPTLGLAGGGAQYF	VQPTESIVRF
CASSPIGTEAFF	VQPTESIVRF
CASSFSNPGQNTGELFF	VQPTESIVRF
CSVEVSDRNNEKLFF	VQPTESIVRF
CASSLWFRETYNEQFF	VQPTESIVRF
CASSPTSGSPYEQYV	VQPTESIVRF
CASSLAGVASNEQFF	VQPTESIVRF
CASSQDRSGQYF	VQPTESIVRF
CASSYETGSSGANVLTF	VQPTESIVRF
CASTTDRGAYNEQFF	VQPTESIVRF
CASSPSTGSPYEQYF	VQPTESIVRF
CASSFHREAYEQYF	VQPTESIVRF
CASSEADSYSPLHF	VQPTESIVRF
CASSPPDQNTGELFF	VQPTESIVRF
CASSLAGTGLYGYTF	VQPTESIVRF
CASSSPEGRNTGELFF	VQPTESIVRF
CASSQQGTDGYNSPLHF	VQPTESIVRF
CASSLYDPNEQFF	VQPTESIVRF
CASSSTSGSPGELFF	VQPTESIVRF
CASSSTSGSLYEQYF	VQPTESIVRF
CASSPPTGSPYEQYF	VQPTESIVRF
CASSFGTTYEQYF	VQPTESIVRF
CASSIDRAGWNEQFF	VQPTESIVRF
CASTTIRGFQPQHF	VQPTESIVRF
CASSDRDNRGRDTEAFF	VQPTESIVRF
CATSDLKGQNTEAFF	VQPTESIVRF
CASSSPEGTSGVSTDTQYF	VQPTESIVRF
CASSSEAGSYQPQHF	VQPTESIVRF
CASSPPGTGVQNTIYF	VQPTESIVRF
CASSPGLAGMNTGELFF	VQPTESIVRF
CASSLEFPGQGMEEPQHF	VQPTESIVRF
CASSRVFSGSYEQYF	VQPTESIVRF
CASSLIPWEGAAEAFF	VQPTESIVRF
CASSFTGSNQPQHF	VQPTESIVRF
CASSPGAHEQFF	VQPTESIVRF
CASSPKTGTPYEQYF	VQPTESIVRF
CASSLGETQYF	VQPTESIVRF
CASGLLAYEQYF	VQPTESIVRF
CASSPWDGYNEQFF	VQPTESIVRF
CASSLMGEEQYF	VQPTESIVRF
CASSPSTGAPYEQYF	VQPTESIVRF
CASSPSGVPYEQYF	VQPTESIVRF
CASSYSILAENNEQFF	VQPTESIVRF
CASSPPGTGIEQYF	VQPTESIVRF
CASSYFAQETQYF	VQPTESIVRF
CASSLTSGANQPQHF	VQPTESIVRF
CASSHWGTGELFF	VQPTESIVRF
CASSLVVEGIYNEQFF	VQPTESIVRF
CASSSRAGTGPYNEQFF	VQPTESIVRF
CASSLLAGATGELFF	VQPTESIVRF
CASREGGLAGKTYNEQFF	VQPTESIVRF
CASSLGSYEQYF	VQPTESIVRF
CASSPGTGSPYEQYF	VQPTESIVRF
CASSLDRGSYNEQFF	VQPTESIVRF
CASSPPSGSPYEQYF	VQPTESIVRF
CASSLRQPSNQPQHF	VQPTESIVRF
CASSLGWVGSRGNTIYF	VQPTESIVRF
CASSPVAGGPGETQYF	VQPTESIVRF
CASSETGGAKETQYF	VQPTESIVRF
CASSLGQGPYNEQFF	VQPTESIVRF
CASSLGWQGETQYF	VQPTESIVRF
CASSPPTGAPYEQYF	VQPTESIVRF
CASSQGVRGTGELFF	VQPTESIVRF
CASSQSRDSYEQYF	VQPTESIVRF
CASSSGPTYEQYF	VQPTESIVRF
CASSPPSGSPNEQFF	VQPTESIVRF
CASSEGQGAFYGYTF	VQPTESIVRF
CSVTGPGEAFF	VQPTESIVRF
CASSLAGTETQYF	VQPTESIVRF
CASSPPTGSPHEQYF	VQPTESIVRF
CASSPPSGSPYEQYF	VQPTESIVRF
CASSPPSGSPYEQYF	VQPTESIVRF
CASSQDWVGQGVLGTQYF	VQPTESIVRF
CASSLGPTNQPQHF	VQPTESIVRF
CASSLESRSSYEQYF	VQPTESIVRF
CASSLTADGSEQFF	VQPTESIVRF
CAISVSGAGEETQYF	VQPTESIVRF
CASSQTGMKAYEQYF	VQPTESIVRF
CATTDWRYEQYF	VQPTESIVRF
CASNPRGGGANVLTF	VQPTESIVRF
CASSITGPGETQYF	VQPTESIVRF
CASSGTGVQYDGYTF	VQPTESIVRF
CASSPARSYEQYF	VQPTESIVRF
CASSFGTARGETQYF	VQPTESIVRF
CASSSGSRQETQYF	VQPTESIVRF
CASSLDDYNEQFF	VQPTESIVRF
CASSSPYEQYF	VQPTESIVRF
CASSLEAGLNTGELFF	VQPTESIVRF
CASSRDSLEAFF	VQPTESIVRF
CASSPDRASNPTEAFF	VQPTESIVRF
CASSPGTSGGNEQFF	VQPTESIVRF
CASRIKQGFTYEQYF	VQPTESIVRF
CSVEDVTGLNTEAFF	VQPTESIVRF
CASSSGTLALGEQYF	VQPTESIVRF
CASSQKGAGFYEQYF	VQPTESIVRF
CAISVGLAGVTSQETQYF	VQPTESIVRF
CASSLWAGNTGELFF	VQPTESIVRF
CASSRSGTYNTEAFF	VQPTESIVRF
CATLGKLTQETQYF	VQPTESIVRF
CASTLTGYNEQFF	VQPTESIVRF
CASSLGYEQYF	VQPTESIVRF
CASSIEMFSGPAHYEQYF	VQPTESIVRF
CASSQEWEIQETQYF	VQPTESIVRF
CASSQTSGSPHEQYF	VQPTESIVRF
CASSGKPEISGPSYNEQFF	VQPTESIVRF
CASSLQPATDTQYF	VQPTESIVRF
CASSVDTSSYNEQFF	VQPTESIVRF
CASSLTVAGTGELFF	VQPTESIVRF
CSVRAAQEAFF	VQPTESIVRF
CASSLTGPPSWYF	VQPTESIVRF
CASSPRDGSPHEQYF	VQPTESIVRF
CASSLSSRDSYNSPLHF	VQPTESIVRF
CASSNGRQGWGHEQYF	VQPTESIVRF
CASQWQPPNTGELFF	VQPTESIVRF
CASSLSDPNQPQHF	VQPTESIVRF
CASSPPRPNTEAFF	VQPTESIVRF
CSVVYGDLPYEQYF	VQPTESIVRF
CASSRVGFQETQYF	VQPTESIVRF
CASSPSTGSPYEQYF	VQPTESIVRF
CATSRDDKDNYEQYF	VQPTESIVRF
CASSLSGGEPQHF	VQPTESIVRF
CASSQDRANLSPLHF	VQPTESIVRF
CASSSWLAGSYNEQFF	VQPTESIVRF
CASSPTSGSPYEQYF	VQPTESIVRF
CASLGVPNTEAFF	VQPTESIVRF
CASSLVSDSYEQYF	VQPTESIVRF
CASSFQVTAGNTIYF	VQPTESIVRF
CASSQGTVNTEAFF	VQPTESIVRF
CASSLAGTGLNEQFF	VQPTESIVRF
CASSQDRPRQAGQNEQFF	VQPTESIVRF
CAITLEDRAGSYEQYF	VQPTESIVRF
CASSQEDRGEGYTF	VQPTESIVRF
CSAAWINTGELFF	VQPTESIVRF
CASSSSWGFSNEKLFF	VQPTESIVRF
CASSFASLRKTAGNTIYF	VQPTESIVRF
CASSEGLTEAFF	VQPTESIVRF
CASSEDREQFF	VQPTESIVRF
CASSPPSGSPYEQYF	VQPTESIVRF
CASSEGFHNEQFF	VQPTESIVRF
CASSPASGSAYEQYF	VQPTESIVRF
CSVETSFKEFF	VQPTESIVRF
CASSPATGSPYEQYF	VQPTESIVRF
CASSAPRQDPYNEQFF	VQPTESIVRF
CASSPVDGSPYEQYF	VQPTESIVRF
CAPGPAPNTGELFF	VQPTESIVRF
CSVEGGHNEQFF	VQPTESIVRF
CASSLTSGSVGTDTQYF	VQPTESIVRF
CASNIGATVGNEQFF	VQPTESIVRF
CARKCPTNEKLFF	VQPTESIVRF
CASSMGRAPYNEQFF	VQPTESIVRF
CASSEVTSTEAFF	VQPTESIVRF
CASSLELLGQGSVKLFF	VQPTESIVRF
CASSLGGALTPLHF	VQPTESIVRF
CASSLPGQGHEKLFF	VQPTESIVRF
CASSLERESDYNEQFF	VQPTESIVRF
CASSPNSYEQYF	VQPTESIVRF
CASSSLAGTNTGELFF	VQPTESIVRF
CSGRPGTQNTEAFF	VQPTESIVRF
CASSPHAPGTDTQYF	VQPTESIVRF
CSVVEEQTHYGYTF	VQPTESIVRF
CASSMAANTEAFF	VQPTESIVRF
CASSLGPGTEAFF	VQPTESIVRF
CASSPNSGSPYEQYF	VQPTESIVRF
CASSPAQLADLSYEQYF	VQPTESIVRF
CASSLGRDYITDTQYF	VQPTESIVRF
CASRDNEQFF	VQPTESIVRF
CASSSDTSSYNEQFF	VQPTESIVRF
CASSLGLAFNTGELFF	VQPTESIVRF
CASSLAPGTLLQYF	VQPTESIVRF
CASSSAAGSSYEQYF	VQPTESIVRF
CASSPFDGGAEAFF	VQPTESIVRF
CASSQLADALSYEQYF	VQPTESIVRF
CSVARGYEQYF	VQPTESIVRF
CASSLQTGNYGYTF	VQPTESIVRF
CASSYSTGNEQYF	VQPTESIVRF
CASTLRMRGPPYEQYF	VQPTESIVRF
CASSTDRGFYNEQFF	VQPTESIVRF
CASSTGTGLYEQYF	VQPTESIVRF
CAISEGGGAFDEQYF	VQPTESIVRF
CASSPPTGSPYEQYF	VQPTESIVRF
CASSPKTGSPYEQYF	VQPTESIVRF
CATSQGLAGEISYNEQFF	VQPTESIVRF
CASINQWGGSNTEAFF	VQPTESIVRF
CASSPGLAGVNTGELFF	VQPTESIVRF
CASSQAPGELFF	VQPTESIVRF
CASSQSWTGWPPNEQFF	VQPTESIVRF
CAIQRSRDTGDTEAFF	VQPTESIVRF
CASSLIAKSSYNSPLHF	VQPTESIVRF
CASSLPGYNEQFF	VQPTESIVRF
CASSYPPSVALSSYNEQFF	VQPTESIVRF
CASTPLAGGYEQYF	VQPTESIVRF
CASSESVSSYNEQFF	VQPTESIVRF
CASSQGAQTTGELFF	VQPTESIVRF
CASSLSFEGEAQHF	VQPTESIVRF
CASTPGGEGSYNEQFF	VQPTESIVRF
CASSEDTAGYNEQFF	VQPTESIVRF
CASSLLWGTIGTSGRASYNEQFF	VQPTESIVRF
CASSPPTGITGELFF	VQPTESIVRF
CASSPDTGSPYEQYF	VQPTESIVRF
CASSDGAGAGNSPLHF	VQPTESIVRF
CASSQDLKASGMNEQFF	VQPTESIVRF
CSVVVKPFVGNEQFF	VQPTESIVRF
CASSYEQGYGVAFF	VQPTESIVRF
CASSSHRVPYEQYF	VQPTESIVRF
CASSPPTGSPNEQYF	VQPTESIVRF
CASSLGWLAGGPRGPSTDTQYF	VQPTESIVRF
CASSLSSGVYEQYF	VQPTESIVRF
CASSPYREGPYEQYF	VQPTESIVRF
CASSLRDGPRTDTQYF	VQPTESIVRF
CASSQDGGLLSYEQYF	VQPTESIVRF
CASGLEPGLARGNEQFF	VQPTESIVRF
CASSQETEHQPQHF	VQPTESIVRF
CASSPTSGSPHEQYF	VQPTESIVRF
CASSLKEISGFHYNEQFF	VQPTESIVRF
CASSETQGYTYEQYF	VQPTESIVRF
CASSTGQSSYNEQFF	VQPTESIVRF
CASSAGGPWNEQFF	VQPTESIVRF
CASSLASRAGDTQYF	VQPTESIVRF
CASSLGGGGQDTQYF	VQPTESIVRF
CASSKGTGQNYGYTF	VQPTESIVRF
CASSLGLESTDTQYF	VQPTESIVRF
CASSLARLAGGSYEQYF	VQPTESIVRF
CASSHAGQSANEKLFF	VQPTESIVRF
CASSLLAGGPISTDTQYF	VQPTESIVRF
CASSFQRPGPNNSPLHF	VQPTESIVRF
CASFQGYNEQFF	VQPTESIVRF
CASSKTTGIDGELFF	VQPTESIVRF
CASSEAGEQYF	VQPTESIVRF
CASSPGTGSPYEQYF	VQPTESIVRF
CASSLDSSSTDTQYF	VQPTESIVRF
CASSFAGAGQPQHF	VQPTESIVRF
CASSSQIGVTETQYF	VQPTESIVRF
CASSYEQGYGVAFF	VQPTESIVRF
CASSSGVGYEQYF	VQPTESIVRF
CASSAPRVAPYNEQFF	VQPTESIVRF
CASSPTSGSPYEQYF	VQPTESIVRF
CASSPVSGSPYEQYF	VQPTESIVRF
CASRIPGTSFYEQYF	VQPTESIVRF
CSVEVRYGEAREKLFF	VQPTESIVRF
CASSPPTGSPHEQYF	VQPTESIVRF
CASSEGILGNSPLHF	VQPTESIVRF
CASSSRTSGSYNEQFF	VQPTESIVRF
CASSLAGQGYEQYF	VQPTESIVRF
CASTPLAASYEQYF	VQPTESIVRF
CASSSTREGELFF	VQPTESIVRF
CSGISGTSVHPGDTQYF	VQPTESIVRF
CASSPPTGSPYEQYF	VQPTESIVRF
CASSQVAGGQETQYF	VQPTESIVRF
CASSFRSSGYEQYF	VQPTESIVRF
CASSFRERTYEQYF	VQPTESIVRF
CAIRTGTTNEKLFF	VQPTESIVRF
CASRYGGSTDTQYF	VQPTESIVRF
CASSYSHTDVYNSPLHF	VQPTESIVRF
CASSLATSYNEQFF	VQPTESIVRF
CSAERGGDTQYF	VQPTESIVRF
CASSQVNPNEQFF	VQPTESIVRF
CASSQASGSPYEQYF	VQPTESIVRF
CASSPPSGSPYEQYF	VQPTESIVRF
CASSLASTSGLGYEQYF	VQPTESIVRF
CASSPSTGAPYEQYF	VQPTESIVRF
CASSLFGQGAYRIEAFF	VQPTESIVRF
CASGLVLDIQYF	VQPTESIVRF
CASSFSGESSYNSPLHF	VQPTESIVRF
CASSPPNPSDGYTF	VQPTESIVRF
CASSPPTGSPYEQYF	VQPTESIVRF
CASSLFPGLQYEQYF	VQPTESIVRF
CASSIILAWGAFSNQPQHF	VQPTESIVRF
CASSEWGDPGGITGELFF	VQPTESIVRF
CASSPATASPYEQYF	VQPTESIVRF
CASSQETDSNQPQHF	VQPTESIVRF
CASSMTENYEQYF	VQPTESIVRF
CATRKTGAPYEQYF	VQPTESIVRF
CASSEKGPDEQYF	VQPTESIVRF
CASSLQVTSYEQYF	VQPTESIVRF
CASSQGQQGFPNYGYTF	VQPTESIVRF
