CDR3	AA
CASSDRGHSYEQYF	YEQYIKWPW
CASSIDGTPNQPQHF	YEQYIKWPW
CASSLSAGVREQYF	YEQYIKWPW
CASSEALGGGTEAFF	YEQYIKWPW
CASSEGWDLQETQYF	YEQYIKWPW
CASSDLLAGGDNEQFF	YEQYIKWPW
CASGWTGNVLTF	YEQYIKWPW
CSARDSGDYEQYF	YEQYIKWPW
CASSQESRGDQPQHF	YEQYIKWPW
CASRWTDDNSPLHF	YEQYIKWPW
CASSPGPRNEQFF	YEQYIKWPW
CSAPRENPYNEQFF	YEQYIKWPW
CSGSSYGYEQYF	YEQYIKWPW
CSARDNRGRGYSTEAFF	YEQYIKWPW
CASSISSSGSNQPQHF	YEQYIKWPW
CASRPGTGSSYNSPLHF	YEQYIKWPW
CASSMTSGRELETQYF	YEQYIKWPW
CASSQGGYGTEAFF	YEQYIKWPW
CASSQGWGGTEAFF	YEQYIKWPW
CASSQEGDYSYEQYF	YEQYIKWPW
CASSQDSRGGNTGELFF	YEQYIKWPW
CASSYSVVEAFF	YEQYIKWPW
CSAPGGQGLYEQYF	YEQYIKWPW
CASSLSAGGYEQYF	YEQYIKWPW
CASSLEGNEQYF	YEQYIKWPW
CASSENPGNYGYTF	YEQYIKWPW
CASISSIVNEQFF	YEQYIKWPW
CASSLGVYGRPGAEQYF	YEQYIKWPW
CASSPWPTPSGANVLTF	YEQYIKWPW
CASSWGQGGFETQYF	YEQYIKWPW
CASSFAPEGFYGYTF	YEQYIKWPW
CASSLQGNTEAFF	YEQYIKWPW
CAITAGGSGNTIYF	YEQYIKWPW
CSARDRAELQETQYF	YEQYIKWPW
CASSIDASMNTEAFF	YEQYIKWPW
CASSFAGTGSSYNSPLHF	YEQYIKWPW
CASSQDRADNSPLHF	YEQYIKWPW
CSVPGGEGLYEQYF	YEQYIKWPW
CATSDPLAGTGADTQYF	YEQYIKWPW
CASSPYFGQGAGETQYF	YEQYIKWPW
CASSEEIAGGPHEQYF	YEQYIKWPW
CASSYPLPPLNEQFF	YEQYIKWPW
CASSPGLWGEQFF	YEQYIKWPW
CASSTDGSLNTEAFF	YEQYIKWPW
CASSVDWYEQFF	YEQYIKWPW
CSAGLGGVGPADEQYF	YEQYIKWPW
CASSYTTSDLSHEQYF	YEQYIKWPW
CASSPGLLSGASYEQYF	YEQYIKWPW
CASSLGQGQETQYF	YEQYIKWPW
CASRKQGTYEQYF	YEQYIKWPW
CSAWTSDPGTYEQYF	YEQYIKWPW
CSARGSSSYEQYF	YEQYIKWPW
CASTLQPSGELFF	YEQYIKWPW
CASSFPGQGTVGLPDEQFF	YEQYIKWPW
CSALTSGRAHGELFF	YEQYIKWPW
CASSNLGGGLNEQFF	YEQYIKWPW
CASSLGRSYGYTF	YEQYIKWPW
CASSFPSGSLDTQYF	YEQYIKWPW
CASSPPGFGYNEQFF	YEQYIKWPW
CASSYRSDGGELFF	YEQYIKWPW
CSARTSQASYEQYF	YEQYIKWPW
CASSLYPYRGLEDTGELFF	YEQYIKWPW
CASSLAGGPTDTQYF	YEQYIKWPW
CASSLAGPGEQYF	YEQYIKWPW
CASSKYSGTSDEQFF	YEQYIKWPW
CATSDRTVQPLRAYTGELFF	YEQYIKWPW
CASFHSTLPNYGYTF	YEQYIKWPW
CSARDRELLGEQFF	YEQYIKWPW
CASLELAGEQYF	YEQYIKWPW
CASSWAGGVTDTQYF	YEQYIKWPW
CASSQEPWEDQETQYF	YEQYIKWPW
CASSLVGGMTNYEQYF	YEQYIKWPW
CASSISLGTNEKLFF	YEQYIKWPW
CASSKGRPKGARYEQYF	YEQYIKWPW
CASSYSNLGGSYYNEQFF	YEQYIKWPW
CASSYSASIGTYNEQFF	YEQYIKWPW
CASSLARGFLAGGLDTDTQYF	YEQYIKWPW
CASSALGMGDQPQHF	YEQYIKWPW
CSARDRLLAVNSYEQYF	YEQYIKWPW
CASSEAGAYEQYF	YEQYIKWPW
CSARGQSSGITDTQYF	YEQYIKWPW
CANQAPTGADTQYF	YEQYIKWPW
CGSQVWDTGELFF	YEQYIKWPW
CASSLSQGSILEQYF	YEQYIKWPW
CASSIDQGSNQPQHF	YEQYIKWPW
CASSLVADGYNEQFF	YEQYIKWPW
CASSSEVVVNTEAFF	YEQYIKWPW
CASSFQGYQPQHF	YEQYIKWPW
CASSPQPSGANVLTF	YEQYIKWPW
CASSQVRGSSGNTIYF	YEQYIKWPW
CASSYAGGGQPQHF	YEQYIKWPW
CASSLTVGSTEAFF	YEQYIKWPW
CASSYGFLDSFYNEQFF	YEQYIKWPW
CASSIAGGPVDTQYF	YEQYIKWPW
CASSADGKYYEQYF	YEQYIKWPW
CASSFDLGSGQGYEQYF	YEQYIKWPW
CASSPTVSAKNIQYF	YEQYIKWPW
CASSLFAGTSSTGELFF	YEQYIKWPW
CASRSGTGTPGANVLTF	YEQYIKWPW
CASSDTAEEAVAKNIQYF	YEQYIKWPW
CSARDPGRGGIHYEQYF	YEQYIKWPW
CASSQGYGTNTEAFF	YEQYIKWPW
CASSPFLGNQPQHF	YEQYIKWPW
CSVPTPRRLDEQFF	YEQYIKWPW
CASSLVTGELFF	YEQYIKWPW
CASSQKDRNTEAFF	YEQYIKWPW
CASSLGLTNILMNTEAFF	YEQYIKWPW
CASSTYTYEQYF	YEQYIKWPW
CASSWAGGATDTQYF	YEQYIKWPW
CASSLGETYEQYF	YEQYIKWPW
CASSPGLAGGPVETQYF	YEQYIKWPW
CASSALEIWNTQYF	YEQYIKWPW
CASSWDLSGTDTQYF	YEQYIKWPW
CSARDRGGEAYEQYF	YEQYIKWPW
CSVEFYLSGGWTQYF	YEQYIKWPW
CSVAGGDGYTF	YEQYIKWPW
CASSWGQPRSYNEQFF	YEQYIKWPW
CSVEDSETYEQYF	YEQYIKWPW
CSASRASDYYNEQFF	YEQYIKWPW
CASSEYGATYEQYF	YEQYIKWPW
CASSLAGGNEQFF	YEQYIKWPW
CASSLAGGPRIGYEQYF	YEQYIKWPW
CASSYAGLADAYNEQFF	YEQYIKWPW
CASSLPEARATSGYTF	YEQYIKWPW
CAIGTSGTTPIYNEQFF	YEQYIKWPW
CASSLGGQTGPYNEQFF	YEQYIKWPW
CASSLGNQPQHF	YEQYIKWPW
CASSLGFLVGAHVGELFF	YEQYIKWPW
CASSRDTSSNQPQHF	YEQYIKWPW
CASSLTSETTGELFF	YEQYIKWPW
CASSIDGGPLYEQYF	YEQYIKWPW
CASSQDPVPNEKLFF	YEQYIKWPW
CASSPHNNEQFF	YEQYIKWPW
CSARDLGEHEQYF	YEQYIKWPW
CASSSGQGEGGELFF	YEQYIKWPW
CASSLGPTDYEQYF	YEQYIKWPW
CSARDTMEQYF	YEQYIKWPW
CASSQEHVGTEQYF	YEQYIKWPW
CSAPGTSGIYEQFF	YEQYIKWPW
CASSYSGGTEAFF	YEQYIKWPW
CASSEFGQASYEQYF	YEQYIKWPW
CASSFAGGQVQFF	YEQYIKWPW
CASSFNSADTQYF	YEQYIKWPW
CASSQAKTDTQYF	YEQYIKWPW
CSARDPIFGDYNEQFF	YEQYIKWPW
CASSLSAYNEQFF	YEQYIKWPW
CASSQDRDTRSYEQYF	YEQYIKWPW
CASSFTGGNEQFF	YEQYIKWPW
CASSWEGELTEAFF	YEQYIKWPW
CSANEGYEQYF	YEQYIKWPW
CSARVRTLPPDTQYF	YEQYIKWPW
CASSIAGASTDTQYF	YEQYIKWPW
CASMVGDYGYTF	YEQYIKWPW
CASSFGGGETQYF	YEQYIKWPW
CASSQFPGANTEAFF	YEQYIKWPW
CASSPPRDRVGYTF	YEQYIKWPW
CATSDSPGPGDTQYF	YEQYIKWPW
CASSIDGSFSGANVLTF	YEQYIKWPW
CASSYGYSDTEAFF	YEQYIKWPW
CASSIGPEGNQPQHF	YEQYIKWPW
CASSLDFATNEKLFF	YEQYIKWPW
CASERGNEQFF	YEQYIKWPW
CASSSDSYNEQFF	YEQYIKWPW
CASSAGEQGFVEQFF	YEQYIKWPW
CASSYSGTREQELNSPLHF	YEQYIKWPW
CASSQPHTNTEAFF	YEQYIKWPW
CSALGGMNGYTF	YEQYIKWPW
CASSMDQGVNQPQHF	YEQYIKWPW
CASSPPGGSYEQYF	YEQYIKWPW
CASSYGLNSPLHF	YEQYIKWPW
CASSLRSSYEQYF	YEQYIKWPW
CASSISVSVNQPQHF	YEQYIKWPW
CASSLSGGTEAFF	YEQYIKWPW
CSAWTGYGYTF	YEQYIKWPW
CAWIPRESYEQYF	YEQYIKWPW
CASSLAGQGGNQPQHF	YEQYIKWPW
CASSIATGVTYEQYF	YEQYIKWPW
CASSSPGVGGYNEQFF	YEQYIKWPW
CASSLGVLNTEAFF	YEQYIKWPW
CASSYAGTEAFF	YEQYIKWPW
CASSLNRATEAFF	YEQYIKWPW
CASSLTSQETQYF	YEQYIKWPW
CSARGQGDNTGELFF	YEQYIKWPW
CSARDPDRGENSPLHF	YEQYIKWPW
CASRDPQGGGHEQYF	YEQYIKWPW
CASSISGGVMNTEAFF	YEQYIKWPW
CASSSTGFTEAFF	YEQYIKWPW
CASSSSYEQYF	YEQYIKWPW
CASSSGTTSYNEQFF	YEQYIKWPW
CASSQVGSGANVLTF	YEQYIKWPW
CSARDLATSYNEQFF	YEQYIKWPW
CASSLPGLNTGELFF	YEQYIKWPW
CASSYGGLGYEQYF	YEQYIKWPW
CSARDLGQAVTDTQYF	YEQYIKWPW
CASSTQGPSSYEQYF	YEQYIKWPW
CASSPITGLAGEQYF	YEQYIKWPW
CASSLGATEAFF	YEQYIKWPW
CSARDPRVAHGYTF	YEQYIKWPW
CSVAGDSWNTEAFF	YEQYIKWPW
CASRTPSGTALSQQETQYF	YEQYIKWPW
CASSPGMNTEAFF	YEQYIKWPW
CASSPGLAGLTDTQYF	YEQYIKWPW
CSSTGGNPYEQYF	YEQYIKWPW
CASTGDGQRFTDTQYF	YEQYIKWPW
CASSHGETSGITDTQYF	YEQYIKWPW
CASSPLGFYEQYF	YEQYIKWPW
CASSSPGQGIYGYTF	YEQYIKWPW
CASSLGTAIEAFF	YEQYIKWPW
CASSPGGGNYGYTF	YEQYIKWPW
CASSYPGGLAEAFF	YEQYIKWPW
CASSYQAFYNEQFF	YEQYIKWPW
CSARDIMSLYNEQFF	YEQYIKWPW
CASSQEIGGPYEQYF	YEQYIKWPW
CASSMSGGSVYEQFF	YEQYIKWPW
CASSPLGPADSYNEQFF	YEQYIKWPW
CASSSPVQTGGDYEQYF	YEQYIKWPW
CASSLSPGGYEQYF	YEQYIKWPW
CAWGQGAGGGELFF	YEQYIKWPW
CSASWASGNHEQYF	YEQYIKWPW
CASSYSETGGYEQYF	YEQYIKWPW
CASSQDKSERELSYEQYF	YEQYIKWPW
CASSLTGELFF	YEQYIKWPW
CATSDWVSSGSETQYF	YEQYIKWPW
CASSISGSAYNEQFF	YEQYIKWPW
CASSMSASVYNEQFF	YEQYIKWPW
CASSQDFPGAGQPQHF	YEQYIKWPW
CASSVQGMAGGVYNEQFF	YEQYIKWPW
CASSQVLRKNIQYF	YEQYIKWPW
CASSQPIYGYPHEKLFF	YEQYIKWPW
CASSYPGQEAFF	YEQYIKWPW
CSALGTLEREGLSETQYF	YEQYIKWPW
CASSRVGLAGYNEQFF	YEQYIKWPW
CASSQDTAYYNEQFF	YEQYIKWPW
CASSPAGGRQETQYF	YEQYIKWPW
CSARELGANTEAFF	YEQYIKWPW
CASSPTSGATETQYF	YEQYIKWPW
CASSLGGETYSNQPQHF	YEQYIKWPW
CASSIDLGQGQQYF	YEQYIKWPW
CASSLGAYGSPYNEQFF	YEQYIKWPW
CASSLLWVGLAGTDTQYF	YEQYIKWPW
CASSSRDMGPYEQYF	YEQYIKWPW
CSARDQDRAYEQYF	YEQYIKWPW
CASSQDWARPSNTGELFF	YEQYIKWPW
CAIGDRGPEQYF	YEQYIKWPW
CASSPGLAGVGETQYF	YEQYIKWPW
CASSLPPGQGLNEQYF	YEQYIKWPW
CASSFAGGPYEQYF	YEQYIKWPW
CASSPQGTAHNYGYTF	YEQYIKWPW
CASSSSGLAGGFDTQYF	YEQYIKWPW
CASSQPLAGGPDEQFF	YEQYIKWPW
CASSLTGGAGQPQHF	YEQYIKWPW
CASSLAGVDEQYF	YEQYIKWPW
CSATEWEQIQETQYF	YEQYIKWPW
CASSIDSGPTDTQYF	YEQYIKWPW
CSARIQESSYEQYF	YEQYIKWPW
CASSQYMEGDPHEQYF	YEQYIKWPW
CSARDLGAAYEQYF	YEQYIKWPW
CASSISPGPLNEQFF	YEQYIKWPW
CSAISDFLGTGELFF	YEQYIKWPW
CASSRGEQFF	YEQYIKWPW
CSAQNSGGFYEKLFF	YEQYIKWPW
CASSFPSSDGTEQYF	YEQYIKWPW
CASSHGGQSSYEQYF	YEQYIKWPW
CASSQRRTDTQYF	YEQYIKWPW
CASSFAGIYEQYF	YEQYIKWPW
CASRLGTGSPGANVLTF	YEQYIKWPW
CASSMDTSTNEKLFF	YEQYIKWPW
CASSQDDLTGGPNSPLHF	YEQYIKWPW
CASSTGGPFNEQFF	YEQYIKWPW
CASSPHPLAGGWGHNEQFF	YEQYIKWPW
CASSEGGRFDTQYF	YEQYIKWPW
CASSLNRATDTQYF	YEQYIKWPW
CASSFESGPEAFF	YEQYIKWPW
CASSQGVSYEQYF	YEQYIKWPW
CASSLSGGLEQFF	YEQYIKWPW
CSARDRDRAYEQYF	YEQYIKWPW
CASSKDRVGNTEAFF	YEQYIKWPW
CASSDSTGHYEQYF	YEQYIKWPW
CASSQNFPGFQGTFSNTEAFF	YEQYIKWPW
CSASLVARDPRDNEQFF	YEQYIKWPW
CASSIDAGPNEKLFF	YEQYIKWPW
CASSISGSVNTEAFF	YEQYIKWPW
CASSISAGASTDTQYF	YEQYIKWPW
CASSYNGIYTEAFF	YEQYIKWPW
CASSLLSNEQFF	YEQYIKWPW
CASSHPGEGEETQYF	YEQYIKWPW
CSVMGGYEQYF	YEQYIKWPW
CATSDDYEQYF	YEQYIKWPW
CASSMAGELFF	YEQYIKWPW
CASSYGVGQPQHF	YEQYIKWPW
CASTSDTQYF	YEQYIKWPW
CASSLSSLAGYNEQFF	YEQYIKWPW
CASSLAGGRSSYNEQFF	YEQYIKWPW
CASSRGYEQYF	YEQYIKWPW
CASSSSWEQFF	YEQYIKWPW
CASSIDTGITSTDTQYF	YEQYIKWPW
CASSQDREYEQYF	YEQYIKWPW
CASSQVTGDEQYF	YEQYIKWPW
CASSIDAGLSQPQHF	YEQYIKWPW
CSARDMGLANEQYF	YEQYIKWPW
CATTRDSYNEQFF	YEQYIKWPW
CASSIDGTPNNEQFF	YEQYIKWPW
CSARSGTEAYEQYF	YEQYIKWPW
CASSFGRGGTGELFF	YEQYIKWPW
CSARDVQGGSYEQYF	YEQYIKWPW
CASSIDTSGYNEQFF	YEQYIKWPW
CASSFLVGLSNQPQHF	YEQYIKWPW
CSARDLDFSSGRPETQYF	YEQYIKWPW
CASSRPGLAKNIQYF	YEQYIKWPW
CASSYSGLAGLYNEQFF	YEQYIKWPW
CASSLGRGPETQYF	YEQYIKWPW
CASTEWGFDTEAFF	YEQYIKWPW
CASILEAGGARGNTIYF	YEQYIKWPW
CASSSNREPSTDTQYF	YEQYIKWPW
CASSATSRVTYEQYF	YEQYIKWPW
CATSGRTGLAHTGELFF	YEQYIKWPW
CASSPTAPYEQYF	YEQYIKWPW
CASSFPTSGSNEQFF	YEQYIKWPW
CASSYSPQGDEQYF	YEQYIKWPW
CASTRTGDNTEAFF	YEQYIKWPW
CASSQVAGDEQFF	YEQYIKWPW
CATSTNPSGPYEQFF	YEQYIKWPW
CASSLSPGGTEAFF	YEQYIKWPW
CASSSPRGLADNEQFF	YEQYIKWPW
CASSQGQGPSGRAPVEQYF	YEQYIKWPW
CASSLAVGENTGELFF	YEQYIKWPW
CASSLGYTDTEAFF	YEQYIKWPW
CASSPYWDDNEQFF	YEQYIKWPW
CATSEGPSGSEQYF	YEQYIKWPW
CASSMIADQPQHF	YEQYIKWPW
CSVGDIGYEQYF	YEQYIKWPW
CASSVEQGYNTEAFF	YEQYIKWPW
CASSQEGQGIADTQYF	YEQYIKWPW
CASSLAPDPRWEKLFF	YEQYIKWPW
CASSRLGTASNSPLHF	YEQYIKWPW
CASSQEVAATDTQYF	YEQYIKWPW
CATSDTSLRSGANVLTF	YEQYIKWPW
CASSQDPGVNYGYTF	YEQYIKWPW
CASSFGNNEQFF	YEQYIKWPW
CASIQGAYEQYF	YEQYIKWPW
CATSDLPSTGTEVTGELFF	YEQYIKWPW
CASSSGQGSYEQYF	YEQYIKWPW
CASSISPGPQDEQYF	YEQYIKWPW
CASSDERVRDTEAFF	YEQYIKWPW
CASNKPGPEAFF	YEQYIKWPW
