CDR3	AA
CSVLGTDSNSTDTQYF	TVYSHLLLV
CASSLWTSGAYNEQFF	TVYSHLLLV
CASSLWGVAGGQETQYF	TVYSHLLLV
CSVLQWSSGANVLTF	TVYSHLLLV
CASSSGDYEQYF	TVYSHLLLV
CATGAWTEAFF	TVYSHLLLV
CASSFYNEQFF	TVYSHLLLV
CASSVVGGNTEAFF	TVYSHLLLV
CASSLTGDTQYF	TVYSHLLLV
CASSQLDDPSMPEAFF	TVYSHLLLV
CASSQVAGAYNEQFF	TVYSHLLLV
CASSSEGPGTGELFF	TVYSHLLLV
CASSLGPSGGVSSYNEQFF	TVYSHLLLV
CASNHRGVASANVLTF	TVYSHLLLV
CASTLAGGPSYNEQFF	TVYSHLLLV
CASSIRQTNQPQHF	TVYSHLLLV
CASSSGQFEETQYF	TVYSHLLLV
CSAIGTRNTEAFF	TVYSHLLLV
CASGLVPDQETQYF	TVYSHLLLV
CASSPLNVETQYF	TVYSHLLLV
CASSLGSNQPQHF	TVYSHLLLV
CASSLTGALGRSIANQPQHF	TVYSHLLLV
CASSEHENQPQHF	TVYSHLLLV
CASSQDPSGYTDTQYF	TVYSHLLLV
CASSPSRASSGAVQETQYF	TVYSHLLLV
CASSLGGTAQETQYF	TVYSHLLLV
CSAHNADPGGEKLFF	TVYSHLLLV
CASSISESSYEQYF	TVYSHLLLV
CSARGSSGIFNEQFF	TVYSHLLLV
CASSGQLAFEVEQFF	TVYSHLLLV
CASPADSYTEAFF	TVYSHLLLV
CATHQAGTGGNEQFF	TVYSHLLLV
CASSITAYNEQFF	TVYSHLLLV
CASSYSIYEYTGELFF	TVYSHLLLV
CASGLAEYQETQYF	TVYSHLLLV
CASSPWDSQETQYF	TVYSHLLLV
CASSDRTANTGELFF	TVYSHLLLV
CASSLIGGGYTF	TVYSHLLLV
CASSPITGGNQPQHF	TVYSHLLLV
CAISEPSGVLDTQYF	TVYSHLLLV
CARRRNTGELFF	TVYSHLLLV
CASEGQGIGGELFF	TVYSHLLLV
CASSQYRVYEQYF	TVYSHLLLV
CASTPHAETQYF	TVYSHLLLV
CSVLGVGEQFF	TVYSHLLLV
CASSVQGPNTEAFF	TVYSHLLLV
CSVFVDPPLYNEQFF	TVYSHLLLV
CSARDLAVDSYEQYF	TVYSHLLLV
CASSEVGREDWAETQYF	TVYSHLLLV
CASSDSSGELFF	TVYSHLLLV
CASSLEVDMNTEAFF	TVYSHLLLV
CSARDLAENTDTQYF	TVYSHLLLV
CASSQWQGNEQYF	TVYSHLLLV
CASSQDGTSVVGELFF	TVYSHLLLV
CASSYASGMGLFF	TVYSHLLLV
CASSAPDGKYEQYF	TVYSHLLLV
CASSLLADSYNEQFF	TVYSHLLLV
CASSPFGAGRGYTF	TVYSHLLLV
CASSPPGQGISNEQFF	TVYSHLLLV
CASGGPGIDWEQYF	TVYSHLLLV
CASSQGGQTTEAFF	TVYSHLLLV
CASSTPTVMSANYGYTF	TVYSHLLLV
CASTPRAGSTDTQYF	TVYSHLLLV
CASSPDRGDVSKNIQYF	TVYSHLLLV
CSVGGGFGNTIYF	TVYSHLLLV
CSVFEGVSGNTIYF	TVYSHLLLV
CATSRVQGSPTDTQYF	TVYSHLLLV
CASSPASGGLTDTQYF	TVYSHLLLV
CSVDFVEQFF	TVYSHLLLV
CASSQGIGNQPQHF	TVYSHLLLV
CSATGRSSYNEQFF	TVYSHLLLV
CASSSTSRGRYGYTF	TVYSHLLLV
CASSYPGLGYEQYF	TVYSHLLLV
CASSLVTGISYEQYF	TVYSHLLLV
CASSVSSASNQPQHF	TVYSHLLLV
CASSHSNQPQHF	TVYSHLLLV
CASSEGGSWEGYTF	TVYSHLLLV
CASSSWTSGSYNEQFF	TVYSHLLLV
CASSQDQGATYNSPLHF	TVYSHLLLV
CASSQEARQQETQYF	TVYSHLLLV
CASSLLTDPTVFQTQYF	TVYSHLLLV
CSVAGLAGGYEQYF	TVYSHLLLV
CASSLAGDQPQHF	TVYSHLLLV
CASSLWGAENTDTQYF	TVYSHLLLV
CASVGTGTMIEFF	TVYSHLLLV
CASSYTVSGNTIYF	TVYSHLLLV
CASSSPGPANYGYTF	TVYSHLLLV
CASTTTSGRTTGELFF	TVYSHLLLV
CASSLLAGGRNEQFF	TVYSHLLLV
CASSRRQGSNTGELFF	TVYSHLLLV
CASSLYTGELFF	TVYSHLLLV
CSATGTSGRISGETQYF	TVYSHLLLV
CASSQDGGPLNTEAFF	TVYSHLLLV
CASSDPGQGWHEQYV	TVYSHLLLV
CASSGVPSWQYF	TVYSHLLLV
CASSLTGTGGYTF	TVYSHLLLV
CASSQASAPMQFF	TVYSHLLLV
CSARDLAYEQYF	TVYSHLLLV
CASRGTGGYNEQFF	TVYSHLLLV
CSVDKYNTGELFF	TVYSHLLLV
CASSPGTSGEKLFF	TVYSHLLLV
CASYRRNEQFF	TVYSHLLLV
CASSFDPSGMDEQFF	TVYSHLLLV
CASSYSSWAGNADTQYF	TVYSHLLLV
CASRSTGGHGYTF	TVYSHLLLV
CASSEARYSNTGELFF	TVYSHLLLV
CASTRDNNYEQYF	TVYSHLLLV
CASSLRGYTGELFF	TVYSHLLLV
CASNLPPASGSSYEQYF	TVYSHLLLV
CASSLGPYNEQFF	TVYSHLLLV
CASSLVAGISYEQYF	TVYSHLLLV
CASSQHSGANVLTF	TVYSHLLLV
CASSFNYEQFF	TVYSHLLLV
CASSSPSPKRGAGELFF	TVYSHLLLV
CATSEFGTAFRTDTQYF	TVYSHLLLV
CASSNSGTGRTEAFF	TVYSHLLLV
CSARDPPDMITDTQYF	TVYSHLLLV
CSSSGGDSNEQFF	TVYSHLLLV
CASSTSGQYGYTF	TVYSHLLLV
CASTSWGTPDYEQYF	TVYSHLLLV
CASSSPRDTPNTGELFF	TVYSHLLLV
CASSLGSGNTIYF	TVYSHLLLV
CASSLGVTNTGELFF	TVYSHLLLV
CASTLGGFGQPQHF	TVYSHLLLV
CASRPPRAVGVDTQYF	TVYSHLLLV
CASSPGDTQYF	TVYSHLLLV
CSGRGDSSYEQYF	TVYSHLLLV
CASSLVGGGTEAFF	TVYSHLLLV
CASSFQGKPTYEQYF	TVYSHLLLV
CASSGDPTDSSYEQYF	TVYSHLLLV
CASSQEFFSGNTIYF	TVYSHLLLV
CSVASMNTEAFF	TVYSHLLLV
CSVIAGGPYNEQFF	TVYSHLLLV
CASSYVPLGLDSYEQYF	TVYSHLLLV
CASSQGIGEKLFF	TVYSHLLLV
CASSAWEGRYNEQFF	TVYSHLLLV
CASSITGGGEAFF	TVYSHLLLV
CATSRAAGEVGQETQYF	TVYSHLLLV
CSASGDRAYGTEAFF	TVYSHLLLV
CSGARDSSYEQYF	TVYSHLLLV
CASSPPLKLTKYNEQFF	TVYSHLLLV
CASSFGMEDYGYTF	TVYSHLLLV
CASSQGGLPMNTGELFF	TVYSHLLLV
CASSPDRMNTEAFF	TVYSHLLLV
CASKGVAGELFF	TVYSHLLLV
CSVRALSYEQYF	TVYSHLLLV
CASSLAGNQPQHF	TVYSHLLLV
CASSFGTTGDTQYF	TVYSHLLLV
CASSPEPGHNNSPLHF	TVYSHLLLV
CASSLGQGINEQFF	TVYSHLLLV
CASRNKRTSGEETQYF	TVYSHLLLV
CASSYHSDTLSYEQYF	TVYSHLLLV
CASSPRAGVTNTGELFF	TVYSHLLLV
CSAGGENTGELFF	TVYSHLLLV
CASSYPGERPTGELFF	TVYSHLLLV
CASSGQLNYGYTF	TVYSHLLLV
CASSLSRGNEQFF	TVYSHLLLV
CASSAAGTAGYGYTF	TVYSHLLLV
CSFSWSYEQYF	TVYSHLLLV
CASSQVLAGPGQFF	TVYSHLLLV
CSARGLTSTDTQYF	TVYSHLLLV
CASSWGSGGELFF	TVYSHLLLV
CASSPWDSSYEQYF	TVYSHLLLV
CASSLGQLAEQFF	TVYSHLLLV
CASSLWGTNEKLFF	TVYSHLLLV
CASSLLGDNQPQHF	TVYSHLLLV
CASSPGQGAYNEQFF	TVYSHLLLV
CAISEELRTDTQYF	TVYSHLLLV
CASSFGQPQHF	TVYSHLLLV
CSATTDQLRGMNTEAFF	TVYSHLLLV
CASSLWDSTYEQYF	TVYSHLLLV
CASSTADMSSYNEQFF	TVYSHLLLV
CSARQLEADSSGRISYNEQFF	TVYSHLLLV
CASSQGVPSTGQYF	TVYSHLLLV
CASESQTSGSGELFF	TVYSHLLLV
CATSPIAGTGELFF	TVYSHLLLV
CASSSDRDRVGNEQFF	TVYSHLLLV
CSVGGGYTNEQFF	TVYSHLLLV
CASSPGGTGELFF	TVYSHLLLV
CASSSLNQPQHF	TVYSHLLLV
CASRVVGGRNEQFF	TVYSHLLLV
CASSGWIEQAYEQYF	TVYSHLLLV
CASSAVLAGPLSTDTQYF	TVYSHLLLV
CASRLTGSPEAFF	TVYSHLLLV
CASISITGGATDTQYF	TVYSHLLLV
CASSLDFAGEETQYF	TVYSHLLLV
CASSSSSYEQYF	TVYSHLLLV
CASRPRGSYNEQFF	TVYSHLLLV
CASKGLADYNEQFF	TVYSHLLLV
CASSQGQGRETQYF	TVYSHLLLV
CATFSGTGLFFQYF	TVYSHLLLV
CASSYSRASTDTQYF	TVYSHLLLV
CASSLMNTEAFF	TVYSHLLLV
CASSHPQGALTGELFF	TVYSHLLLV
CASSSPKARGGGTDTQYF	TVYSHLLLV
CASSHHRGIYNEQFF	TVYSHLLLV
CASSVNALTSYEQYF	TVYSHLLLV
CSAGGGDVGEQYF	TVYSHLLLV
CASSLQGASPRGDLSFF	TVYSHLLLV
CASSRGVASVGETQYF	TVYSHLLLV
CASSPNYNEQFF	TVYSHLLLV
CASSLTAANEQFF	TVYSHLLLV
CASSSLRAGGLTGELFF	TVYSHLLLV
CASSPRPVTDSNTGELFF	TVYSHLLLV
CASYPWTNTDTQYF	TVYSHLLLV
CASSQGSQGNEQFF	TVYSHLLLV
CASSQAAARPPEASYEQYF	TVYSHLLLV
CSAMGGDRGDEQFF	TVYSHLLLV
CASSHPRVTSGTKNNEQFF	TVYSHLLLV
CAIGGSQPQHF	TVYSHLLLV
CASSSLNSGSYNEQFF	TVYSHLLLV
CASSKEKVLFTEAFF	TVYSHLLLV
CASRIGTSAYNEQFF	TVYSHLLLV
CASSRREADTQYF	TVYSHLLLV
CASSSASGRDTGELFF	TVYSHLLLV
CASSLSATGNNEQFF	TVYSHLLLV
CASSLWGNNQPQHF	TVYSHLLLV
CASSQRGTTYEQYF	TVYSHLLLV
CASSFPGTAQETQYF	TVYSHLLLV
CASSLTGGNLLLESTDTQYF	TVYSHLLLV
CASSRTAYSYEQYF	TVYSHLLLV
CASSQEAGRLDEQFF	TVYSHLLLV
CASSYSATYEQYF	TVYSHLLLV
CSARGYSVEQYF	TVYSHLLLV
CSVFPPFPGLAGPLSLYNEQFF	TVYSHLLLV
CASSLGTFEQYF	TVYSHLLLV
CSARGTVGYNEQFF	TVYSHLLLV
CASSTYTNGHYNEQFF	TVYSHLLLV
CASSLGWGGPDSGQETQYF	TVYSHLLLV
CASSGLLLPPPGNEQFF	TVYSHLLLV
CASSRMEMGLDNEQFF	TVYSHLLLV
CASSLDGNRAFF	TVYSHLLLV
CASSLLPGIAYEQYF	TVYSHLLLV
CASSWTGGTEAFF	TVYSHLLLV
CASSIGTGTSYEQYF	TVYSHLLLV
CASWNSGPHNEQFF	TVYSHLLLV
CASSLDGTGGSPLHF	TVYSHLLLV
CASSRLGNEKLFF	TVYSHLLLV
CASSLPDTQYF	TVYSHLLLV
CASSLGNRGEQFF	TVYSHLLLV
CASSDLDTASVGELFF	TVYSHLLLV
CASGEGGELFF	TVYSHLLLV
CASSLGRDMNTEAFF	TVYSHLLLV
CSVEGPNGEKLFF	TVYSHLLLV
CASRQWGELETQYF	TVYSHLLLV
CASTLGGTSVDTQYF	TVYSHLLLV
CASSRRDRVFNEQFF	TVYSHLLLV
CASAYLAGAENEQFF	TVYSHLLLV
CASSLSLAGFYGYTF	TVYSHLLLV
CASSILEGQQPQHF	TVYSHLLLV
CASSLGAPGETQYF	TVYSHLLLV
CASSLAQGAPEAFF	TVYSHLLLV
CASSQQTGAYEQYF	TVYSHLLLV
CASSNTMDMRNTEAFF	TVYSHLLLV
CASSTFTFQGIIISDTQYF	TVYSHLLLV
CASLGQGAKSEQFF	TVYSHLLLV
CSAPEGGGFYEQYF	TVYSHLLLV
CASSPLTSGATYEQYF	TVYSHLLLV
CASQGLAAQYF	TVYSHLLLV
CASSSGHSTDTQYF	TVYSHLLLV
CASSFSALQHF	TVYSHLLLV
CASSQDSRSGANTEAFF	TVYSHLLLV
CASSPDGGPKEQYF	TVYSHLLLV
CASSLDAGYATGTQYF	TVYSHLLLV
CASSEVSGTSGRAGELFF	TVYSHLLLV
CASSPTGVSYNEQFF	TVYSHLLLV
CASSPTDSGGANTQYF	TVYSHLLLV
CASSWGQGPLYNEQFF	TVYSHLLLV
CASMQGISGNTIYF	TVYSHLLLV
CASSQRPDNSPLHF	TVYSHLLLV
CSVEEAEGMSYNEQFF	TVYSHLLLV
CASALAGLTDTQYF	TVYSHLLLV
CASSPGTSGSKQYF	TVYSHLLLV
CASYKTPAGGPITDTQYF	TVYSHLLLV
CASSLAPEYNEQFF	TVYSHLLLV
CASSLTGTSGDEQYF	TVYSHLLLV
CASSYEATGGELFF	TVYSHLLLV
CASSYGGGQETQYF	TVYSHLLLV
CASSQQGIAYNEQFF	TVYSHLLLV
CASSSHISGRPGETQYF	TVYSHLLLV
CASSLWLANTEAFF	TVYSHLLLV
CASSPLSDSYEQYF	TVYSHLLLV
CASSFPLAPYEQYF	TVYSHLLLV
CASSFSPVYEQYF	TVYSHLLLV
CASSLLAGAGETQYF	TVYSHLLLV
CASSDLADTQYF	TVYSHLLLV
CASSLAEMTAKNIQYF	TVYSHLLLV
CASSLWGTGVTYEQYF	TVYSHLLLV
CASSLLTDTQYF	TVYSHLLLV
CACPPGQGFWYGYTF	TVYSHLLLV
CASRTGENIQYF	TVYSHLLLV
CASSWTSGSQETQYF	TVYSHLLLV
CASSPGSTYNEQFF	TVYSHLLLV
CASSDLVQGMKEKLFF	TVYSHLLLV
CASSPLTSGSYNEQFF	TVYSHLLLV
CSARDRGLAVADTQYF	TVYSHLLLV
CASSLSYPGPGGGGELFF	TVYSHLLLV
CASNGLYNEQFF	TVYSHLLLV
CASSHPHSGTSSYNEQFF	TVYSHLLLV
CASSLESGFGEQYF	TVYSHLLLV
CASSIQGRFWEQYF	TVYSHLLLV
CASSTGVAYEQYF	TVYSHLLLV
CASSQWDLNTEAFF	TVYSHLLLV
CASSTSQPGGYGYTF	TVYSHLLLV
CATPGSSTDTQYF	TVYSHLLLV
CAISDLDREAQPQHF	TVYSHLLLV
CASSFLAGLGTEAFF	TVYSHLLLV
CSARDMGPGQYF	TVYSHLLLV
CASSHVSRTSGSNEQFF	TVYSHLLLV
CASSQGLLGADTQYF	TVYSHLLLV
CASSSQNTEAFF	TVYSHLLLV
CASSHTVGSDTQYF	TVYSHLLLV
CASSQKNSDYEQYF	TVYSHLLLV
CASSQDATEAFF	TVYSHLLLV
CASSHIPGLESNEQFF	TVYSHLLLV
CASSQGSMDDYGYTF	TVYSHLLLV
CASSHPGQGRLTGELFF	TVYSHLLLV
CASSLTSGSMYEQYF	TVYSHLLLV
CASSQSTGDNYGYTF	TVYSHLLLV
CASRPDTSYEQYF	TVYSHLLLV
CAISESSSTREEMTDTQYF	TVYSHLLLV
CSVQTGTGRLEAFF	TVYSHLLLV
CASSKTGTLGEQFF	TVYSHLLLV
CASSLTGSYGYTF	TVYSHLLLV
CASSILVGAGNEQFF	TVYSHLLLV
CASSSATGELFF	TVYSHLLLV
CASSPSGSEQYF	TVYSHLLLV
CASSPGLHSYNEQFF	TVYSHLLLV
CASSQAAGGSNQPQHF	TVYSHLLLV
CASSLIAGVFFEQFF	TVYSHLLLV
CASIQGMNTEAFF	TVYSHLLLV
CASSSTDSGANVLTF	TVYSHLLLV
CASSLRRDPNSPLHF	TVYSHLLLV
CASSLNHRTGSYEQYF	TVYSHLLLV
CASSQGPFLTEAFF	TVYSHLLLV
CASSHPHSGTGDEKLFF	TVYSHLLLV
CASRPALGGELFF	TVYSHLLLV
CSATGGSTYEQYF	TVYSHLLLV
CASRDSYGYTF	TVYSHLLLV
CASSLGTGDPEAFF	TVYSHLLLV
CASSPPPRGYHTGELFF	TVYSHLLLV
CASRERGADTQYF	TVYSHLLLV
CSANRQLSYEQYF	TVYSHLLLV
CATSESAWTSGSFEGTDTQYF	TVYSHLLLV
CASSFDTQYF	TVYSHLLLV
CASSLILGVGTGNYNEQFF	TVYSHLLLV
CASSPWEYNEQFF	TVYSHLLLV
CASSGLAGELFF	TVYSHLLLV
CASSSSSSGPLGELFF	TVYSHLLLV
CASSPSGNEQFF	TVYSHLLLV
CASSEQGNYEQYF	TVYSHLLLV
CASSSLATSGSYQETQYF	TVYSHLLLV
CASSLGRIASGNTIYF	TVYSHLLLV
CASSSLAGGPLSYEQYF	TVYSHLLLV
CASSQGDPLLVSGNTIYF	TVYSHLLLV
CASSADSMSSYEQYF	TVYSHLLLV
CASSLVQATGELFF	TVYSHLLLV
CASSPLTSGQETQYF	TVYSHLLLV
CASSDGGGSGRILNSYEQYF	TVYSHLLLV
CASSIWTGISYEQYF	TVYSHLLLV
CASRGGSYEQYF	TVYSHLLLV
CATSRPWTSRNTGELFF	TVYSHLLLV
CASSLQGDNQPQHF	TVYSHLLLV
CASSQESQMNYGYTF	TVYSHLLLV
CASSTGTSGTTDEQFF	TVYSHLLLV
CSVVGYTGELFF	TVYSHLLLV
CASSLFAGRRTDTQYF	TVYSHLLLV
CASSLLAGEETQYF	TVYSHLLLV
CASSDPPLQGNYGYTF	TVYSHLLLV
CASSEIDGATEAFF	TVYSHLLLV
CASLGGYSYEQYF	TVYSHLLLV
CAAQAASTDTQYF	TVYSHLLLV
CASSLVGGQDEQFF	TVYSHLLLV
CATSDHPEMTGTGELFF	TVYSHLLLV
CSAILAGVSYEQYF	TVYSHLLLV
CAISSLAGDQETQYF	TVYSHLLLV
CASSLGETQYF	TVYSHLLLV
CASSQEAMNTEAFF	TVYSHLLLV
CASSQDSMTSYEQYF	TVYSHLLLV
CASGQALSNQPQHF	TVYSHLLLV
CASSWGASEAFF	TVYSHLLLV
CASSRQGFVENTEAFF	TVYSHLLLV
CASSLIRGLSYEQYF	TVYSHLLLV
CASSDASLRVGEETQYF	TVYSHLLLV
CASSTDGRQETQYF	TVYSHLLLV
CASSQGAFSSYEQYF	TVYSHLLLV
CASSVETGAGGPVHEQYF	TVYSHLLLV
CASSYDRDMGDYGYTF	TVYSHLLLV
CASSYSPGAYEQYF	TVYSHLLLV
CASSDPGQAEETQYF	TVYSHLLLV
CASSSGDLYTGELFF	TVYSHLLLV
CASSLTPVGMNTEAFF	TVYSHLLLV
CSASGPSVAGELFF	TVYSHLLLV
CASSEYGATDTQYF	TVYSHLLLV
CASSILGTLNTEAFF	TVYSHLLLV
CASSLTSYEQYF	TVYSHLLLV
CASSLFQGLYGYTF	TVYSHLLLV
CASSYGLNTGELFF	TVYSHLLLV
CASSQDFGLNQPQHF	TVYSHLLLV
CASILAGPGSGEQYF	TVYSHLLLV
CASSQEASGVQETQYF	TVYSHLLLV
CSAARGMSNEQFF	TVYSHLLLV
RASGLAGEYEQYF	TVYSHLLLV
CASSPVTGGETDTQYF	TVYSHLLLV
CASSRDSMENYGYTF	TVYSHLLLV
CASTINLRDRGWSQHF	TVYSHLLLV
CASSLALNATGLDTYEQYF	TVYSHLLLV
CASSYDRGPVGANVLTF	TVYSHLLLV
CSVVLGNTEAFF	TVYSHLLLV
CASSQEPRFKGYSPLHF	TVYSHLLLV
CAIGDRLNTEAFF	TVYSHLLLV
CASSLPLGTDNSPLHF	TVYSHLLLV
CASSSSDEQYF	TVYSHLLLV
CATSRFTAVSTDTQYF	TVYSHLLLV
CASSFRSQGGVGYTF	TVYSHLLLV
CASSLDEGGRRQPQHF	TVYSHLLLV
CASTPYAGYYTF	TVYSHLLLV
CASSPQGHEQYF	TVYSHLLLV
CASSPETSGRLETQYF	TVYSHLLLV
CASSYPASGTSTDTQYF	TVYSHLLLV
CASRLADSSYNEQFF	TVYSHLLLV
CAISDGVSSNQPQHF	TVYSHLLLV
CASSEFSGSNQPQHF	TVYSHLLLV
CASSLPADRGITDTQYF	TVYSHLLLV
CASSPTGGGTEAFF	TVYSHLLLV
CASSIDSTSGVLETQYF	TVYSHLLLV
CASSSARGDEVPAGELFF	TVYSHLLLV
CASSPTGGAEQYF	TVYSHLLLV
CASSQSLRRASSSYEQYF	TVYSHLLLV
CSVLAGSYEQYF	TVYSHLLLV
CSARDLEYEQYF	TVYSHLLLV
CASSRDSLDSYEQYF	TVYSHLLLV
CASSQVLADSYEQYF	TVYSHLLLV
CASSLGAGLSYEQYF	TVYSHLLLV
CAWSVSGTGADTQYF	TVYSHLLLV
CAWSVLAGVGDTQYF	TVYSHLLLV
CASSYGDFKTQYF	TVYSHLLLV
CSVEGGTGKKQYF	TVYSHLLLV
CSARGRTSGSLGETQYF	TVYSHLLLV
CASSDYLENEQFF	TVYSHLLLV
CASSATGTGSSYEQYF	TVYSHLLLV
CASSLPRERGTSYNEQFF	TVYSHLLLV
CASSFRTDMNTEAFF	TVYSHLLLV
CASSLVPPSMNTEAFF	TVYSHLLLV
CASRAFSYEQYF	TVYSHLLLV
CASSLLAGTYNEQFF	TVYSHLLLV
CASSIRQSNEKLFF	TVYSHLLLV
CASTTTSQRDSQETQYF	TVYSHLLLV
CASSEIDGNTEAFF	TVYSHLLLV
CASSLLMGQAYGYTF	TVYSHLLLV
CASSNPRTSPSNEQFF	TVYSHLLLV
CATGPGQGYEQYF	TVYSHLLLV
CATSDWHGEQFF	TVYSHLLLV
CASSYGPAEQYF	TVYSHLLLV
CASSDYRPYEQYF	TVYSHLLLV
CASSPWGGEGQETQYF	TVYSHLLLV
CASSQDFRQALNTEAFF	TVYSHLLLV
CASSLGTGVSYEQYF	TVYSHLLLV
CASSLWGAGTGYTF	TVYSHLLLV
CASSPPDSSYNEQFF	TVYSHLLLV
CASSLVVHTDTQYF	TVYSHLLLV
CATSISGTDTQYF	TVYSHLLLV
CASSQGLAVYEQYF	TVYSHLLLV
CASSQAPGAYEQYF	TVYSHLLLV
CASSTPPGALFETQYF	TVYSHLLLV
CASSLEVGMNTEAFF	TVYSHLLLV
CASNSDNAIYEQYF	TVYSHLLLV
CASSQWVYSEAFF	TVYSHLLLV
CASSPSSYEQYF	TVYSHLLLV
CASSQRLAGENEQFF	TVYSHLLLV
CASSEGADSYGNEQFF	TVYSHLLLV
CASSKRSRLAALRQYF	TVYSHLLLV
CASSLDPSGVDEQFF	TVYSHLLLV
CATSRWGAGYEQYF	TVYSHLLLV
CASSFGASPYEQYF	TVYSHLLLV
CASSDGLRIGEQFF	TVYSHLLLV
CASSYSSPYEQYF	TVYSHLLLV
CASIRWGYNEQFF	TVYSHLLLV
CASSYSGDSYEQYF	TVYSHLLLV
CASSLSSDEQFF	TVYSHLLLV
CASSLTGSYEQYF	TVYSHLLLV
CASSVDRSELAQETQYF	TVYSHLLLV
CASSSPGTGGGETQYF	TVYSHLLLV
CASSSGGTNQETQYF	TVYSHLLLV
CASSLITGTAYEQYF	TVYSHLLLV
CASSLGDRCPPQETQYF	TVYSHLLLV
CASSRRLGEQYF	TVYSHLLLV
CASSWSDTEAFF	TVYSHLLLV
CASSLTGAGTEAFF	TVYSHLLLV
CASTLGATYNEQFF	TVYSHLLLV
CASRADQETQYF	TVYSHLLLV
CASSAQGRVDTQYF	TVYSHLLLV
CASSEAHGLAYEQYF	TVYSHLLLV
CASSAWGNTEAFF	TVYSHLLLV
CASSLEGVTYEQYF	TVYSHLLLV
CASRLYQGTEAFF	TVYSHLLLV
CASSLGGSYNEQFF	TVYSHLLLV
CASSLMAGISYEQYF	TVYSHLLLV
CASSLYQNSPLHF	TVYSHLLLV
CASSQSQSYEQYF	TVYSHLLLV
CASSLGPYSVEQYF	TVYSHLLLV
CASSPTQETQYF	TVYSHLLLV
CASRSPPGQSTGELFF	TVYSHLLLV
CASSLWAGLTEAFF	TVYSHLLLV
CATYKTGGSYNEQFF	TVYSHLLLV
CASSSGTDYEQYF	TVYSHLLLV
CASSWPTGTEAFF	TVYSHLLLV
CASSDWVSTQEKLFF	TVYSHLLLV
CASRPDRTSGNTIYF	TVYSHLLLV
CASSLPFDRRGREEAFF	TVYSHLLLV
CASSAQGTGWANVLTF	TVYSHLLLV
CASSTAGSQPQHF	TVYSHLLLV
CSVVGQPGELFF	TVYSHLLLV
CASSQELARGLNTGELFF	TVYSHLLLV
CASSLESYEQYF	TVYSHLLLV
CASSGTASSYEQYF	TVYSHLLLV
CASSDPRAALYGYTF	TVYSHLLLV
CASSLVKYNEQFF	TVYSHLLLV
CASLAGNSYEQYF	TVYSHLLLV
CASSDISGMTEAFF	TVYSHLLLV
CASSPPAGVGTDTQYF	TVYSHLLLV
CASSRGEVGTDTQYF	TVYSHLLLV
CASSQYAVEQYF	TVYSHLLLV
CASSLWAGRSYEQYF	TVYSHLLLV
CASSAPGQSYNEQFF	TVYSHLLLV
CASSYYNEQFF	TVYSHLLLV
CASSLGAGGTYEQYF	TVYSHLLLV
CASSQEDWYNEQFF	TVYSHLLLV
CASSPGTSGNEQFF	TVYSHLLLV
CASSLAPGVGYEQYF	TVYSHLLLV
CASSLPGGTEAFF	TVYSHLLLV
CSAIGQVDYEQYF	TVYSHLLLV
CASTLVPRGETQYF	TVYSHLLLV
CASSSGQGLEQYF	TVYSHLLLV
CASSLVREGYNEQFF	TVYSHLLLV
CASSPEIQGATGELFF	TVYSHLLLV
CASSTTGEKLFF	TVYSHLLLV
CASVALGYGYTF	TVYSHLLLV
CASSPSGSSADTQYF	TVYSHLLLV
CASSLGQGGSPLHF	TVYSHLLLV
CSANSGAFYEQYF	TVYSHLLLV
CATTRPGLAETQYF	TVYSHLLLV
CASSLAAYGLAAYNEQFF	TVYSHLLLV
CASGQPGLAVSYNEQFF	TVYSHLLLV
CASSPDLAGTVQYF	TVYSHLLLV
CASSHGGYGTGELFF	TVYSHLLLV
CASSPAGLDTEAFF	TVYSHLLLV
CASSPTSGHYEQYF	TVYSHLLLV
CASSSSSYEQYF	TVYSHLLLV
CASSLSGTSGYTF	TVYSHLLLV
CASSYDQETDTQYF	TVYSHLLLV
CASSVTNTGELFF	TVYSHLLLV
CSARDLASGGATWETQYF	TVYSHLLLV
CASSDLGNEQFF	TVYSHLLLV
CASSLGGYNEQFF	TVYSHLLLV
CASSLAQPSSGSYNSPLHF	TVYSHLLLV
CASSHWGGQGQETQYF	TVYSHLLLV
CASSEGTSGSAQYF	TVYSHLLLV
CASSYSGGAYNEQFF	TVYSHLLLV
CATISLGAREQYF	TVYSHLLLV
CASSLYTDTQYF	TVYSHLLLV
CSVIGNSYEQYF	TVYSHLLLV
CASSFSLAEQFF	TVYSHLLLV
CASPGTGGNEQFF	TVYSHLLLV
CASSHPTSGSLGELFF	TVYSHLLLV
CASSQDLVGVHSNSPLHF	TVYSHLLLV
CASSIRRGLDGDSNQPQHF	TVYSHLLLV
CASSPLQYTGELFF	TVYSHLLLV
CASSQGTGGYYEQYF	TVYSHLLLV
CASSFPNNEQFF	TVYSHLLLV
CASSQDTRQGALNTEAFF	TVYSHLLLV
CASSLTGWMNTEAFF	TVYSHLLLV
CASSPEEGWTDTQYF	TVYSHLLLV
CASSLGALNTEAFF	TVYSHLLLV
CASSEWETGHEKLFF	TVYSHLLLV
