CDR3	AA
CSASVNPSYEQYF	FLYLYALVYF
CASSQEGRGPEQYF	FLYLYALVYF
CASSIAAGADTQYF	FLYLYALVYF
CASSGLTSANGDEQFF	FLYLYALVYF
CASSEDPGMNTEAFF	FLYLYALVYF
CASSITLYNEQFF	FLYLYALVYF
CASSLDISGGSYEQYF	FLYLYALVYF
CATSRGNQPQHF	FLYLYALVYF
CASSITPGSGEQYF	FLYLYALVYF
CASSFLREEQFF	FLYLYALVYF
CSVPVANYGYTF	FLYLYALVYF
CASSLTGIGNQPQHF	FLYLYALVYF
CASSFGTSGHEQYF	FLYLYALVYF
CSARPQDSWVQHF	FLYLYALVYF
CASSEGWTGDTQYF	FLYLYALVYF
CASSHTTQGYRNEQFF	FLYLYALVYF
CASRILAGGTDTQYF	FLYLYALVYF
CASSLLLAGEIYEQYF	FLYLYALVYF
CASSEALLTSGDTGELFF	FLYLYALVYF
CSAPNQGQGRPNSNQPQHF	FLYLYALVYF
CAISEGTTGNEQFF	FLYLYALVYF
CASSFGQGEETQYF	FLYLYALVYF
CASSPTANTEAFF	FLYLYALVYF
CASRTGASYEQYF	FLYLYALVYF
CASSIGRSEAFF	FLYLYALVYF
CASSIDTGVAEQYF	FLYLYALVYF
CSTDLGNEQFF	FLYLYALVYF
CASSQIAGGPYEQYF	FLYLYALVYF
CASSQPDSNNEQFF	FLYLYALVYF
CASSIEGLAGVYEQFF	FLYLYALVYF
CASNFLPGGYNEQFF	FLYLYALVYF
CASSLNTGGLEKLFF	FLYLYALVYF
CASSLPSGSEQYF	FLYLYALVYF
CASKRGQSYNQPQHF	FLYLYALVYF
CASSESEESMNTEAFF	FLYLYALVYF
CSAPVGGSTYEQYF	FLYLYALVYF
CASSETRQETQYF	FLYLYALVYF
CASSADYRELFF	FLYLYALVYF
CASSWLAGESEQFF	FLYLYALVYF
CSALAGGWYEQYF	FLYLYALVYF
CATNYRGTHYYGYTF	FLYLYALVYF
CASSLGDSGNTIYF	FLYLYALVYF
CASSRGLNTEAFF	FLYLYALVYF
CASSLSGGGTGELFF	FLYLYALVYF
CSARVGGPLNEQFF	FLYLYALVYF
CSVGVTEAFF	FLYLYALVYF
CASSQAGALNTEAFF	FLYLYALVYF
CSATGPFLAVSYNEQFF	FLYLYALVYF
CASSIGVNTEAFF	FLYLYALVYF
CARQILGMNGEQYF	FLYLYALVYF
CASSFLTGGGTDTQYF	FLYLYALVYF
CSVVDVWEAFF	FLYLYALVYF
CASSYSGWETQYF	FLYLYALVYF
CASARTGRNEQYF	FLYLYALVYF
CASSLGRSSGNTIYF	FLYLYALVYF
CASSTLAGGTDTQYF	FLYLYALVYF
CASILDNEQFF	FLYLYALVYF
CASSYGDSYEQFF	FLYLYALVYF
CATSPGSTGELFF	FLYLYALVYF
CATSPGASNTGELFF	FLYLYALVYF
CASSAPREQQWRTDTQYF	FLYLYALVYF
CASSPAPGGLDEQYF	FLYLYALVYF
CASSQWEDTSYGYTF	FLYLYALVYF
CSVQSGYTF	FLYLYALVYF
CASAMAGALNTEAFF	FLYLYALVYF
CASSILGAPYEQYF	FLYLYALVYF
CSVDLGGGPDTQYF	FLYLYALVYF
CSVEGRRNTGELFF	FLYLYALVYF
CASSQESTGSEAFF	FLYLYALVYF
CASSLGDTQYF	FLYLYALVYF
CASSPYPGGNNEQYF	FLYLYALVYF
CASSLAGAEGQFF	FLYLYALVYF
CASSLAVTTEAFF	FLYLYALVYF
CASSSPETSGRWDTQYF	FLYLYALVYF
CATIPWGGQGIYTEAFF	FLYLYALVYF
CASYSSSYEQYF	FLYLYALVYF
CASSQEGALSTEAFF	FLYLYALVYF
CATGETSYEQYF	FLYLYALVYF
CASFSASYEQYF	FLYLYALVYF
CASSYETVSYEQYF	FLYLYALVYF
CASSLEGNTEAFF	FLYLYALVYF
CASSNGPGQGPNEQFF	FLYLYALVYF
CASSLVRGRTEAFF	FLYLYALVYF
CASSRGGALNTEAFF	FLYLYALVYF
CASSLPGSRGNEQFF	FLYLYALVYF
CSAATLATGWETQYF	FLYLYALVYF
CASSPGGFGDTQYF	FLYLYALVYF
CASSHHSGLATEAFF	FLYLYALVYF
CASSLEGGGTEAFF	FLYLYALVYF
CASSYVGGEETQYF	FLYLYALVYF
CASSQLQSGTGNYEQYF	FLYLYALVYF
CASSLEPSYEQYF	FLYLYALVYF
CASFAASYEQYF	FLYLYALVYF
CASSETRGSYNEQFF	FLYLYALVYF
CATRPGNSYEQYF	FLYLYALVYF
CASSMIRLAGGSSYNEQFF	FLYLYALVYF
CSVEGGGYTF	FLYLYALVYF
CASSPGSLGLAGYNEQFF	FLYLYALVYF
CASSFSGTNTEAFF	FLYLYALVYF
CATLDWGAGANVLTF	FLYLYALVYF
CASTQLAGGLNEQFF	FLYLYALVYF
CASSQEAGQETQYF	FLYLYALVYF
CASSIRRENTEAFF	FLYLYALVYF
CASSLEASGTYEQYF	FLYLYALVYF
CASSLAGGWVGYTF	FLYLYALVYF
CASSYTDTDTQYF	FLYLYALVYF
CSVVTRSYNEQFF	FLYLYALVYF
CASSSSSGGPYSTDTQYF	FLYLYALVYF
CASSLLGQVPGEQYF	FLYLYALVYF
CASSQERQSNYGYTF	FLYLYALVYF
CASSSYRGQYEQYF	FLYLYALVYF
CATSDLQGAGDTQYF	FLYLYALVYF
CASSFYNAGGRADTQYF	FLYLYALVYF
CASSFPDTQYF	FLYLYALVYF
CAWSHGPAYEQYF	FLYLYALVYF
CSVAGQGHYEQYF	FLYLYALVYF
CASSYSKLNPYEQYF	FLYLYALVYF
CASSSGATNEKLFF	FLYLYALVYF
CASSQEGQLSGDTQYF	FLYLYALVYF
CASSLEVDRNSYEQYF	FLYLYALVYF
CSAPPRGMNTEAFF	FLYLYALVYF
CASSPQGEGAPFSPLHF	FLYLYALVYF
CASSYGTSGSEQYF	FLYLYALVYF
CASSPSPTSGNEQFF	FLYLYALVYF
CSAAAGGSYNEQFF	FLYLYALVYF
CASSLIPSEQYF	FLYLYALVYF
CASSLTDGVGQPQHF	FLYLYALVYF
CASSTGQGIADTQYF	FLYLYALVYF
CASSLVVLGGGTGELFF	FLYLYALVYF
CAWSVLGGTYEQYF	FLYLYALVYF
CASSFMLQETQYF	FLYLYALVYF
CAWWLPLAGVGDEQFF	FLYLYALVYF
CAELAGDYNEQFF	FLYLYALVYF
CANIQGASDEQYF	FLYLYALVYF
CAGLGAWETQYF	FLYLYALVYF
CASSQEGALGTEAFF	FLYLYALVYF
CASSPLAGGSYEQYF	FLYLYALVYF
CSVRGEESNYGYTF	FLYLYALVYF
CASRPLEGIGELFF	FLYLYALVYF
CASSYLGGMEVAEAFF	FLYLYALVYF
CASSLVGYGEQFF	FLYLYALVYF
CASSIFYSEGTNTGELFF	FLYLYALVYF
CASSLGGTGNTIYF	FLYLYALVYF
CASSLAGTEAFF	FLYLYALVYF
CASSYGGTPGTEAFF	FLYLYALVYF
CSARGVVSGGTGELFF	FLYLYALVYF
CATSRDRREKETQYF	FLYLYALVYF
CATSDFEQREGPDTQYF	FLYLYALVYF
CSARPSGGEYTF	FLYLYALVYF
CASSPQADLAEQYF	FLYLYALVYF
CATSDLQGPGELFF	FLYLYALVYF
CASSLGTLGSYEQYF	FLYLYALVYF
CASSSDGEETQYF	FLYLYALVYF
CASSPTGGSGNTIYF	FLYLYALVYF
CASSLPDWTSGSGVTDTQYF	FLYLYALVYF
CAWKTSGGVETQYF	FLYLYALVYF
CASSPGVREKLFF	FLYLYALVYF
CASSFGQGGDEQFF	FLYLYALVYF
CASSLGTDTQYF	FLYLYALVYF
CASTRLAGPNEQFF	FLYLYALVYF
CASSQGSGRADQPQHF	FLYLYALVYF
CASSTDESNQPQHF	FLYLYALVYF
CASSLGLAGVNEQFF	FLYLYALVYF
CASSFGSSPLNEQFF	FLYLYALVYF
CASSFVRGDGYGYTF	FLYLYALVYF
CASSGGQGFDTQYF	FLYLYALVYF
CASSEKSARYDRYEQYF	FLYLYALVYF
CATSELTSGEHNEQFF	FLYLYALVYF
CASSLGFVGGNEQFF	FLYLYALVYF
CASSLAGDTQYF	FLYLYALVYF
CASSRTPGRPFDQPQHF	FLYLYALVYF
CAISESYEQYF	FLYLYALVYF
CASSEAWDTLATNEKLFF	FLYLYALVYF
CASSTGQGIMDTEAFF	FLYLYALVYF
CASSSGPNEQFF	FLYLYALVYF
CASSQDYWEGGTDTQYF	FLYLYALVYF
CASSEPTGEIGNQPQHF	FLYLYALVYF
RASRGAGVPDTQYF	FLYLYALVYF
CASTIGQGNTEAFF	FLYLYALVYF
CASSGITDTQYF	FLYLYALVYF
CASSAGGNEQFF	FLYLYALVYF
CSATPRDLASYNEQFF	FLYLYALVYF
CASNDRGLEQYF	FLYLYALVYF
CATSRDRREREKLFF	FLYLYALVYF
CASSSHLAGVVNEQFF	FLYLYALVYF
CASSTPGDNEQFF	FLYLYALVYF
CASFSASYEQYF	FLYLYALVYF
CASSSLEYNEQFF	FLYLYALVYF
CACRTGNYNEQFF	FLYLYALVYF
CASSLLPRGWNEQYF	FLYLYALVYF
CASSQGVATDTDTQYF	FLYLYALVYF
CASSSPSGRASIETQYF	FLYLYALVYF
CASSQGWRTDTQYF	FLYLYALVYF
CASSLGSGGYQETQYF	FLYLYALVYF
CASSQVWEGYNEQFF	FLYLYALVYF
CASSLQSPSSAGNEQFF	FLYLYALVYF
CASSPSPGSGNTIYF	FLYLYALVYF
CASIAGDSEAFF	FLYLYALVYF
CACLSGNTIYF	FLYLYALVYF
CSGRQGGLSNEKLFF	FLYLYALVYF
CASSSLAGGSLDEQFF	FLYLYALVYF
CASSLELGSYNEQFF	FLYLYALVYF
CASSLVAQAQYF	FLYLYALVYF
CASSLTGGPAPADTQYF	FLYLYALVYF
CSARVEGTEAFF	FLYLYALVYF
CASNAAVGANVLTF	FLYLYALVYF
CASGLLAGGEETQYF	FLYLYALVYF
CSVDPDTEAFF	FLYLYALVYF
CASSYLGKDGYTF	FLYLYALVYF
CASSPGSGGTSTDTQYF	FLYLYALVYF
CASSEAESAQETQYF	FLYLYALVYF
CAILGLAGGYEQYF	FLYLYALVYF
CASSLGQAGDEKLFF	FLYLYALVYF
CASSLSPDRDLHEQYF	FLYLYALVYF
CATLWWGAGANVLTF	FLYLYALVYF
CASSPGGSGNTIYF	FLYLYALVYF
CSADPLGWGLDGYTF	FLYLYALVYF
CASSYWEGRVGTEAFF	FLYLYALVYF
CASSFLATSTDTQYF	FLYLYALVYF
CALRANQPQHF	FLYLYALVYF
CASSPPDRAYEQYF	FLYLYALVYF
CASSFTGQGTYEQYF	FLYLYALVYF
CAWSFWTGGHEQYF	FLYLYALVYF
CASSLGGEQFF	FLYLYALVYF
CASSLNQAGNQPQHF	FLYLYALVYF
CASTTGMNTEAFF	FLYLYALVYF
CASSLEVSGGLQETQYF	FLYLYALVYF
CASSPLLGTDSNQPQHF	FLYLYALVYF
CASSSLAGGGDEQFF	FLYLYALVYF
CASSRMIDDEYF	FLYLYALVYF
CAISDGVITEAFF	FLYLYALVYF
CASRTGGEKLFF	FLYLYALVYF
CASRDLGPTEAFF	FLYLYALVYF
CASSLNRVGAYEQYF	FLYLYALVYF
CASSLTGADGYTF	FLYLYALVYF
CASSLGAGSSAIEQPQHF	FLYLYALVYF
CSVPSGGGYEQFF	FLYLYALVYF
CASGTYEQYF	FLYLYALVYF
CALGQTNTEAFF	FLYLYALVYF
CASSLSQTYEQYF	FLYLYALVYF
CASSTPWTSGQETQYF	FLYLYALVYF
CASSSDSGYTEAFF	FLYLYALVYF
CATSDLGLAGGYFF	FLYLYALVYF
CASSLPDSTEAFF	FLYLYALVYF
CASNLGRGWQPQHF	FLYLYALVYF
CASSMGPNPYEQYF	FLYLYALVYF
CASSLGAGGQFF	FLYLYALVYF
CATLGKEAVSYNEQFF	FLYLYALVYF
CASSIPLEGSSWNSPLHF	FLYLYALVYF
CATSVQGSDYEQYF	FLYLYALVYF
CASSLGAGPSSGETQYF	FLYLYALVYF
CASSLDSSSGNTIYF	FLYLYALVYF
CASSLSGRGGNTIYF	FLYLYALVYF
CSVGGGAYGYTF	FLYLYALVYF
CASSRGIEISGYEETQYF	FLYLYALVYF
CASSPRLAGVTGELFF	FLYLYALVYF
CASGGLRDRDFRAGVLGWTQYF	FLYLYALVYF
CASSQDLSDGQPQHF	FLYLYALVYF
CASSLGDRPTQAQYF	FLYLYALVYF
CASSPLVGNTEAFF	FLYLYALVYF
CASSSNDWKNTGELFF	FLYLYALVYF
CASSLQQGLTEAFF	FLYLYALVYF
CASSFGTGELFF	FLYLYALVYF
CACPGTGTYEQYF	FLYLYALVYF
CASSTQRWDRKIQETQYF	FLYLYALVYF
CASSTAGTNEKLFF	FLYLYALVYF
CASSHSKEDLLGRLFF	FLYLYALVYF
CASSFGGQADEQFF	FLYLYALVYF
CASSLGRVAPGELFF	FLYLYALVYF
CSVPTGLGTEAFF	FLYLYALVYF
CASSLAGEPQHF	FLYLYALVYF
CASSLNLMGPHSRPYTYSYNSPLHF	FLYLYALVYF
CASSRLDSDNEQFF	FLYLYALVYF
CATQGEANTEAFF	FLYLYALVYF
CASSQEADSGGSGELFF	FLYLYALVYF
CSARDVLGEDEQFF	FLYLYALVYF
CASRKSGELFF	FLYLYALVYF
CASSDGRQESYEQYF	FLYLYALVYF
CASSLGGNSYEQYF	FLYLYALVYF
CASSLGLNTEAFF	FLYLYALVYF
CASSLTDGVTDTQYF	FLYLYALVYF
CASSDDRVRLFF	FLYLYALVYF
CASSIRGFTEQYF	FLYLYALVYF
CASSPYPRIEETQYF	FLYLYALVYF
CASTGTEFSGNTIYF	FLYLYALVYF
CASTLGGYSNQPQHF	FLYLYALVYF
CASSSPDGYEQYF	FLYLYALVYF
CSVDPGTGSEQFF	FLYLYALVYF
CASSKATSGWTDTQYF	FLYLYALVYF
CAISELPGQTLPGTQYF	FLYLYALVYF
CASSSPHGPSRNQPQHF	FLYLYALVYF
CASSFEHYSNQPQHF	FLYLYALVYF
CASSPGLNYEQYF	FLYLYALVYF
CASSQSRGSYNEQFF	FLYLYALVYF
CASSYPRAGGYNEQFF	FLYLYALVYF
CASSSAGWETQYF	FLYLYALVYF
CASSLRQGKGEQYF	FLYLYALVYF
CASSSGHPEAFF	FLYLYALVYF
CASSGAPSTEAFF	FLYLYALVYF
CASSQESSGSYEQYF	FLYLYALVYF
CASSSSRGYGYTF	FLYLYALVYF
CASMRWTGGTDTQYF	FLYLYALVYF
CASSHTGSISYEQYF	FLYLYALVYF
CASSQDPGSTDIQYF	FLYLYALVYF
CSARDDMYYEQYF	FLYLYALVYF
CASSEAGTYEQYF	FLYLYALVYF
CASQGSGNTIYF	FLYLYALVYF
CASSQVSAYGYTF	FLYLYALVYF
CASSFLDPEQFF	FLYLYALVYF
CASSLWEEGSYEQYF	FLYLYALVYF
CASSWSPGELFF	FLYLYALVYF
CAILDRVVNTEAFF	FLYLYALVYF
CASSEGQGGHEQYF	FLYLYALVYF
CSVVAGGPQHF	FLYLYALVYF
CASINTGVYYNEQFF	FLYLYALVYF
CASSTRVASMNTEAFF	FLYLYALVYF
CASSYSSGQGLF	FLYLYALVYF
CASSEVVTGGDEQFF	FLYLYALVYF
CSVVGTSGSNEQFF	FLYLYALVYF
CASSLSTEGNTEAFF	FLYLYALVYF
CASSFNRVDGTNEKLFF	FLYLYALVYF
CSVPPQGSGTEAFF	FLYLYALVYF
CASGATSYEQYF	FLYLYALVYF
CSARDQGRATF	FLYLYALVYF
CASSPLGAGYYGYTF	FLYLYALVYF
CASSAGQGRWNTEAFF	FLYLYALVYF
CASSQATQELGHEQYF	FLYLYALVYF
CASSKSHLATPHNEQFF	FLYLYALVYF
CASLRQTYEQYF	FLYLYALVYF
CASSLGGQQQYF	FLYLYALVYF
CASSPDGYPSYEQYF	FLYLYALVYF
CASRTGTAFSPRGEETQYF	FLYLYALVYF
CASSEGSYEQYF	FLYLYALVYF
CASRPGIHTIYF	FLYLYALVYF
CASSQSGREAFF	FLYLYALVYF
CASTHTGELFF	FLYLYALVYF
CASSHGTGGRETQYF	FLYLYALVYF
CASSRVDSYEQYF	FLYLYALVYF
CASSIALGSSYNEQFF	FLYLYALVYF
CASGSGTQYF	FLYLYALVYF
CASSISTASYEQYF	FLYLYALVYF
CASSSTSGSGDTQYF	FLYLYALVYF
CASSGGQGNQPQHF	FLYLYALVYF
CASSYGQLHLNEQFF	FLYLYALVYF
CSAARGVEQYF	FLYLYALVYF
CASSQDPGSTDTQYF	FLYLYALVYF
CASSLGVGELFF	FLYLYALVYF
CASSSRGDEQFF	FLYLYALVYF
CASSSSPSESSYEQYF	FLYLYALVYF
CASRTSGNPDTQYF	FLYLYALVYF
CASRPWEGQGRYDEQFF	FLYLYALVYF
CSASFGVNTEAFF	FLYLYALVYF
CASSRQGSYSPLHF	FLYLYALVYF
CASSFSLGSGETQYF	FLYLYALVYF
CASSDGQGIQPQHF	FLYLYALVYF
CASSIGLATEQYF	FLYLYALVYF
CASSSGQGLVNTEAFF	FLYLYALVYF
CASSSPLEGKETQYF	FLYLYALVYF
CASSLQGALNTEAFF	FLYLYALVYF
CASSSQNTEAFF	FLYLYALVYF
CASSLEMGGNEQFF	FLYLYALVYF
CASSFNNEQFF	FLYLYALVYF
CASSQATGGLGTDTQYF	FLYLYALVYF
CASSQDLGITLEEAFF	FLYLYALVYF
CASSQMGALNTEAFF	FLYLYALVYF
CASSQDYDRTYEQYF	FLYLYALVYF
CASSPEGPYQPQHF	FLYLYALVYF
CASSKEGPLTGELFF	FLYLYALVYF
CASSQGLPTLGWTQYF	FLYLYALVYF
CASSLDGQPYTF	FLYLYALVYF
CASSYLQGRTEAFF	FLYLYALVYF
CASSLSGRGEQYF	FLYLYALVYF
CASSGAGELFF	FLYLYALVYF
CASSERQGVQTQYF	FLYLYALVYF
CASSQQPGTGGRQPQHF	FLYLYALVYF
CASSLARGVAESLYYNEQFF	FLYLYALVYF
CASSNGTVYGYTF	FLYLYALVYF
CSVEEGGANTEAFF	FLYLYALVYF
CASSEEGGINQPQHF	FLYLYALVYF
CASSSGGQGARETQYF	FLYLYALVYF
CASSDIGEWSTDTQYF	FLYLYALVYF
CASSEGWGLRDF	FLYLYALVYF
CASSFVAGSSDTQYF	FLYLYALVYF
CSARGPSGYEQYF	FLYLYALVYF
CASSQQGATYNEQFF	FLYLYALVYF
CASSQDSRTSYEQYF	FLYLYALVYF
CASSLTGPGGTEAFF	FLYLYALVYF
CSAHSEDTQYF	FLYLYALVYF
CSVEKGDRGNTIYF	FLYLYALVYF
CASGTSGRRDTGELFF	FLYLYALVYF
CASSPPSGNGWELFF	FLYLYALVYF
CASSIGGFEQFF	FLYLYALVYF
CASSSSWRDGYTF	FLYLYALVYF
CASQGDPRGNTEAFF	FLYLYALVYF
CSSISNNEQFF	FLYLYALVYF
CAISGSGANVLTF	FLYLYALVYF
CASRDTGASYNEQFF	FLYLYALVYF
CATYENNEQFF	FLYLYALVYF
CASSLVHTDTQYF	FLYLYALVYF
CSALPDLSTYEQYF	FLYLYALVYF
CASSLTAVQETQYF	FLYLYALVYF
CSVEVEGPTEAFF	FLYLYALVYF
CASSRGAGELFF	FLYLYALVYF
CSVAGTDYGYTF	FLYLYALVYF
CASSQGLAGMYEQYF	FLYLYALVYF
CASRDGLNTEAFF	FLYLYALVYF
CASSLLIEYNEQFF	FLYLYALVYF
CASSVTIDDEQYF	FLYLYALVYF
CASSPGTHQETQYF	FLYLYALVYF
CASSQGGALGTEAFF	FLYLYALVYF
CASSLFGALNTEAFF	FLYLYALVYF
CASSESRRGTDTQYF	FLYLYALVYF
CASSILTGQNTGELFF	FLYLYALVYF
CSVCLQGATYEQYF	FLYLYALVYF
CASSIGTGIYEQYF	FLYLYALVYF
CSVVRGPEQFF	FLYLYALVYF
CAISESGISGGNEQFF	FLYLYALVYF
CASSLLNMTEQYF	FLYLYALVYF
CASSQVTGSGQPQHF	FLYLYALVYF
CASSEPGLGYGYTF	FLYLYALVYF
CASSPPFELAGATDTQYF	FLYLYALVYF
CSAPVGGAFTDTQYF	FLYLYALVYF
CASSFPGGRWETQYF	FLYLYALVYF
CASSLTDLWPQHF	FLYLYALVYF
CASSWGGKQDEQYF	FLYLYALVYF
CSVEEGGLAVKLFF	FLYLYALVYF
CASSLGAVSGQPQHF	FLYLYALVYF
CASSLAGDYEQFF	FLYLYALVYF
CSARLTVSSYEQYF	FLYLYALVYF
CASSEGEGRWGTEAFF	FLYLYALVYF
CASSLGATRTDTQYF	FLYLYALVYF
CSVDILGTNTGELFF	FLYLYALVYF
CASFRAEEQFF	FLYLYALVYF
CASSSTQIAGTDNEQFF	FLYLYALVYF
CASRRETQYF	FLYLYALVYF
CSVDGQGYTF	FLYLYALVYF
CASSEPEDRSTDTQYF	FLYLYALVYF
CASSGTGVDTGELFF	FLYLYALVYF
CASSPGQTYEQYF	FLYLYALVYF
CSVEGQQGVHYGYTF	FLYLYALVYF
CASSLSGTTEAFF	FLYLYALVYF
CASSPSLGQVYTGELFF	FLYLYALVYF
CASSQPYDRGALYEQYF	FLYLYALVYF
CASSYSGGYYGYTF	FLYLYALVYF
CASSLQPTANYGYTF	FLYLYALVYF
CASSLGPREMNTEAFF	FLYLYALVYF
CASSGPTSGGYDNEQFF	FLYLYALVYF
CATSRQDSYEQYF	FLYLYALVYF
CASSLDLWTWNTEAFF	FLYLYALVYF
CALAGMSRDTQYF	FLYLYALVYF
CASSLPILNSYEQYF	FLYLYALVYF
CSASERARNTEAFF	FLYLYALVYF
CASTPGLASEQFF	FLYLYALVYF
CASSLGTNNRDEQFF	FLYLYALVYF
CASSQGAGGYTF	FLYLYALVYF
CATSDSYRAQETQYF	FLYLYALVYF
CASSPPGLSLTYEQYF	FLYLYALVYF
CASSEYRGSYNEQFF	FLYLYALVYF
CSVLLGLAGGTFDEQYF	FLYLYALVYF
CASSYSTGMQPQHF	FLYLYALVYF
CSVEVGGQYF	FLYLYALVYF
CASSYGQGDYNEQFF	FLYLYALVYF
CATSDFLTNSYNEQFF	FLYLYALVYF
CASSLGTGGLEKLFF	FLYLYALVYF
CASSLVTATGELFF	FLYLYALVYF
CASSPKWGETLNEQFF	FLYLYALVYF
CSVDTLGRDYGYTF	FLYLYALVYF
CASSPGQGITSYNEQFF	FLYLYALVYF
CASSYGGQGGNEQFF	FLYLYALVYF
CSALIRDRGFEQYF	FLYLYALVYF
CSVVWGHEQYF	FLYLYALVYF
CASSWHDGNTGELFF	FLYLYALVYF
CASSSGTGSTDTQYF	FLYLYALVYF
CASSQTSAGPQETQYF	FLYLYALVYF
CASDSRVGYGYTF	FLYLYALVYF
CATSRAQGLALYEQYF	FLYLYALVYF
CASSPQLVTGWDEQFF	FLYLYALVYF
CASSLLDTTYEQYF	FLYLYALVYF
CASSLGLAGDTQYF	FLYLYALVYF
CASTGTGGTGELFF	FLYLYALVYF
CASSRLDSDNEQFF	FLYLYALVYF
CASSELGAGGGNEQFF	FLYLYALVYF
CASSLGQGLGQPQHF	FLYLYALVYF
CASRRLAGVGGWNEQFF	FLYLYALVYF
CASSLEAGGFYSSYNEQFF	FLYLYALVYF
CASSPGLVGYEQFF	FLYLYALVYF
CSAQRGGEQFF	FLYLYALVYF
CATLYSNQPQHF	FLYLYALVYF
CASSFPSGYNEQFF	FLYLYALVYF
CASRWTGDYGYTF	FLYLYALVYF
CSAREEGDTQYF	FLYLYALVYF
CSARDKDYEQYF	FLYLYALVYF
CASFSSSYEQYF	FLYLYALVYF
CASSISLWPFNEQFF	FLYLYALVYF
CASSASAGTGGEEGYTF	FLYLYALVYF
CASSLWGGGGSYNEQFF	FLYLYALVYF
CASSFWGANTGELFF	FLYLYALVYF
CASSFDRVVQYF	FLYLYALVYF
CASSFLSSGNEQFF	FLYLYALVYF
CASSLSGTPGGQPQHF	FLYLYALVYF
CASSLWRGITDTQYF	FLYLYALVYF
CASSVENEQFF	FLYLYALVYF
CASSYLGDSYEQYF	FLYLYALVYF
CASSRQGDYYGYTF	FLYLYALVYF
CASSLDGEYNEQFF	FLYLYALVYF
CATIDRNQYNEQFF	FLYLYALVYF
CASTLKAGVGSYEQYF	FLYLYALVYF
CASSVVTSDTQYF	FLYLYALVYF
CASSLVRGRTEAFF	FLYLYALVYF
CASRGHPNYGYTF	FLYLYALVYF
CASSDGEQYF	FLYLYALVYF
CASGGQNTEAFF	FLYLYALVYF
CASSLDTHEQYF	FLYLYALVYF
CASSLLSGRDIQYF	FLYLYALVYF
CASSDLTGGKNTEAFF	FLYLYALVYF
CASSLRLAGGAGETQYF	FLYLYALVYF
CATGTGELFF	FLYLYALVYF
CATSEGSGANVLTF	FLYLYALVYF
CSASQVTGGLAFF	FLYLYALVYF
CASSPGSSYEQYF	FLYLYALVYF
CSTGEVGVNTEAFF	FLYLYALVYF
CASSLPTNSGVPPSTDTQYF	FLYLYALVYF
CASTNRVDNTEAFF	FLYLYALVYF
CASSLAPRGAFNNEQFF	FLYLYALVYF
CASSLYLGSGNTIYF	FLYLYALVYF
CASSYEASGTEAFF	FLYLYALVYF
CAREAGTKNIQYF	FLYLYALVYF
CASSPGLAGALYNEQFF	FLYLYALVYF
CASSFSMVADTQYF	FLYLYALVYF
CASSLLTGPSYEQYF	FLYLYALVYF
CASNTGQGTDTQYF	FLYLYALVYF
CASSLTGTVNTEAFF	FLYLYALVYF
CASSDTGTVNTGELFF	FLYLYALVYF
CASSDGLAGSHEQYF	FLYLYALVYF
CASSLAGALNTEAFF	FLYLYALVYF
CASSVAGELFF	FLYLYALVYF
CATTGGSGAFF	FLYLYALVYF
CASSPNGGPNYGYTF	FLYLYALVYF
CASSVLAGNSYNEQFF	FLYLYALVYF
CASSQGRQVLSTGELFF	FLYLYALVYF
CSARDGGDTGELFF	FLYLYALVYF
CASSQDAGPNTEAFF	FLYLYALVYF
CASSPGPTYEKLFF	FLYLYALVYF
CSVQDGGQNTEAFF	FLYLYALVYF
CAISGGGGGAGSYNEQFF	FLYLYALVYF
CASSLVGGADTQYF	FLYLYALVYF
CASSPGQGAKNEQFF	FLYLYALVYF
CASSLDRTGTTEAFF	FLYLYALVYF
CASSLADYTGELFF	FLYLYALVYF
CATGSGANVLTF	FLYLYALVYF
CASSLVENTEAFF	FLYLYALVYF
CASSPGLPPGNEQFF	FLYLYALVYF
CASSLTEYSNQPQHF	FLYLYALVYF
CASSFLAGVSNEQFF	FLYLYALVYF
CSAPVGGATGELFF	FLYLYALVYF
CASSLLAPVGEQYF	FLYLYALVYF
CASSFEGGGYEQYF	FLYLYALVYF
CSVEGQGVDGYTF	FLYLYALVYF
CASSPQYPVSGEQYF	FLYLYALVYF
CASSQFEGPKVYEQYF	FLYLYALVYF
CASSEWGTDEQFF	FLYLYALVYF
CASSQAGLAGGDEQFF	FLYLYALVYF
CASSSTGQGPHEQYF	FLYLYALVYF
CASSTPGLADNEQFF	FLYLYALVYF
CSVEGLASGKLGTQYF	FLYLYALVYF
CASSPRGAFGTGGIDEQYF	FLYLYALVYF
CASSQDGGGGYGYTF	FLYLYALVYF
CASAGLPNEQFF	FLYLYALVYF
CAQRVYHSNQPQHF	FLYLYALVYF
CASSHRGPRAGARAGETQYF	FLYLYALVYF
CASSQGRGSGNTIYF	FLYLYALVYF
CASRPFSSGSYEQYF	FLYLYALVYF
CASSLGTSGGYEQYF	FLYLYALVYF
CASSPQGELNSVF	FLYLYALVYF
CASSFGDEQFF	FLYLYALVYF
CASSFNRDEAFF	FLYLYALVYF
CASSSWTGGSNSNQPQHF	FLYLYALVYF
CASSLGLGETQYF	FLYLYALVYF
CASSPTGTANYGYTF	FLYLYALVYF
CASSKDRNTEAFF	FLYLYALVYF
CASIAGTGKYF	FLYLYALVYF
CSAPGQGPYEQYF	FLYLYALVYF
CASSETIRAGGWEPQHF	FLYLYALVYF
CASNVVGELFF	FLYLYALVYF
CASSPWSTSQHF	FLYLYALVYF
CASSYSRGDEQFF	FLYLYALVYF
CASSWGTAQYF	FLYLYALVYF
CSAPVGGATGELFF	FLYLYALVYF
CASSPDQDIQETQYF	FLYLYALVYF
CASSFDGLGAFF	FLYLYALVYF
CASSSTGTGYYEQYF	FLYLYALVYF
CASSLSVSNEAFF	FLYLYALVYF
CASSLVNSDTQYF	FLYLYALVYF
CASSLAGLSNQPQHF	FLYLYALVYF
CAMEEASPYGYTF	FLYLYALVYF
CASSLVDTGELFF	FLYLYALVYF
CAISEGARTDTQYF	FLYLYALVYF
CASSLSGTSGSEQYF	FLYLYALVYF
CASSPILRETGNNEQFF	FLYLYALVYF
CASTNPPAESSYNSPLHF	FLYLYALVYF
CAISESWTDTQYF	FLYLYALVYF
CASSLGQALEQYF	FLYLYALVYF
CASSFGATSVDEQFF	FLYLYALVYF
CASSQDPGPAEEQYF	FLYLYALVYF
CASSLPDGYEQYF	FLYLYALVYF
CASSLWRGGPNTEAFF	FLYLYALVYF
CASSDFGNYGYTF	FLYLYALVYF
CSVDPSGSTGELFF	FLYLYALVYF
CASSLMGGETQYF	FLYLYALVYF
CAISEVAGWADTQYF	FLYLYALVYF
CASSQDDRGGYEQYV	FLYLYALVYF
CASSFPSSGGAEDTQYF	FLYLYALVYF
CASSFASPPYEQYF	FLYLYALVYF
CASSVPRGTQETQYF	FLYLYALVYF
CASSYAEYSYEQYF	FLYLYALVYF
CASSVQSGTGGSQPQHF	FLYLYALVYF
CASRGGNTEAFF	FLYLYALVYF
CASSPGGDTQYF	FLYLYALVYF
CAISPETQETQYF	FLYLYALVYF
CASSLIAFPDTQYF	FLYLYALVYF
CASSLAGGTEAFF	FLYLYALVYF
CASAGGFTYEQYF	FLYLYALVYF
CSAPRGGMTTEAFF	FLYLYALVYF
CASSEDEGALYQPQHF	FLYLYALVYF
CSVEGQGAVNEQFF	FLYLYALVYF
CASSIEGGVDTEAFF	FLYLYALVYF
CSAGTGDRWEQFF	FLYLYALVYF
CASSLLGATYGYTF	FLYLYALVYF
CASSQDLELTNYGYTF	FLYLYALVYF
CASSPHNYEQYF	FLYLYALVYF
CSVEGVQGVLEQYF	FLYLYALVYF
CASSLLGGLGTDTQYF	FLYLYALVYF
CASSLSGTSGNTQYF	FLYLYALVYF
CASSASGKQFF	FLYLYALVYF
CASSSPPGNLYEQYF	FLYLYALVYF
CSVDLKGSTGELFF	FLYLYALVYF
CASSSPLAGEYNEQFF	FLYLYALVYF
CASGPGLAGYTDTQYF	FLYLYALVYF
CASSLEGYSNQPQHF	FLYLYALVYF
CASSTPGVYGYTF	FLYLYALVYF
CSARGIGRGTYDEQYF	FLYLYALVYF
CSARTPGTRIYEQYF	FLYLYALVYF
CASSRDGTTGNEQFF	FLYLYALVYF
CASSQVERYNEQFF	FLYLYALVYF
CASSLRGLPTDTQYF	FLYLYALVYF
CASSLSGGSGVEQYF	FLYLYALVYF
CASSYVQSYEQYF	FLYLYALVYF
CASSQIDSIWDTDTQYF	FLYLYALVYF
CATSSGPGEGNTEAFF	FLYLYALVYF
CASSPLRDTLTDTQYF	FLYLYALVYF
CASSEASDTGGIGELFF	FLYLYALVYF
CAISESSGGGRGTGELFF	FLYLYALVYF
CASSQDIPGTGSYEQYF	FLYLYALVYF
CASSELTGLAGDETQYF	FLYLYALVYF
CASSQVGRGGSTDTQYF	FLYLYALVYF
CASSLGQGRNEQFF	FLYLYALVYF
CASSLTQGPEAFF	FLYLYALVYF
CASSPWEGGVRGASNEQFF	FLYLYALVYF
CASSQWGRTSTDTQYF	FLYLYALVYF
CASSTGQGTDTQYF	FLYLYALVYF
CASSPSGTQYF	FLYLYALVYF
CASSRQGSTGELFF	FLYLYALVYF
CASSYTTGSRETQYF	FLYLYALVYF
CASSQDDYPAPGTQYF	FLYLYALVYF
CASSTGQGLVNTEAFF	FLYLYALVYF
CASSSTLGQGIGETQYF	FLYLYALVYF
CATSGTAHNEQFF	FLYLYALVYF
CASSLGLGLWGTAINQPQHF	FLYLYALVYF
CSVKLFDYGYTF	FLYLYALVYF
CASSLVGSRETQYF	FLYLYALVYF
CASSLEPVGDAVPYEQYF	FLYLYALVYF
CSAVGQDKAYEQYF	FLYLYALVYF
CASSSPEQGYRNEQFF	FLYLYALVYF
CASSIAVYNEQFF	FLYLYALVYF
CASSNRDENTGELFF	FLYLYALVYF
CASSRGDWVNEQFF	FLYLYALVYF
CASSPLAASYNEQFF	FLYLYALVYF
CSVDSGENEQFF	FLYLYALVYF
CASSFGDEQYF	FLYLYALVYF
CASSLGMSGMYEQYF	FLYLYALVYF
CSVEIENTGELFF	FLYLYALVYF
CASSGRQGPSRDEQYF	FLYLYALVYF
CASSTWLGNIQYF	FLYLYALVYF
CATSSAGRPIGAFF	FLYLYALVYF
CASSFQTGRSSYNEQFF	FLYLYALVYF
CSVEVGGTNEKLFF	FLYLYALVYF
CSVVYGGRSTEAFF	FLYLYALVYF
CATSVGMGETQYF	FLYLYALVYF
CASSSQDTVNQPQHF	FLYLYALVYF
CASSEPRTEMNTEAFF	FLYLYALVYF
CSAPRGDSYNEQFF	FLYLYALVYF
CASSLDLETQYF	FLYLYALVYF
CASSPAPGTEENIQYF	FLYLYALVYF
CASSIALLTEAFF	FLYLYALVYF
CASSGAGGYGYTF	FLYLYALVYF
CASRWTSNQPQHF	FLYLYALVYF
CASSVTSGGSYEQYF	FLYLYALVYF
CSARGTDGTVGYPGTEAFF	FLYLYALVYF
CASSYATGTGLSGELFF	FLYLYALVYF
CASGETSYEQYF	FLYLYALVYF
CASTNSNQPQHF	FLYLYALVYF
CASRPTGFVLNTEAFF	FLYLYALVYF
CASSIEQSYDEQFF	FLYLYALVYF
CASSLPRLAGDSVDEQFF	FLYLYALVYF
CASSLLASGNHEQFF	FLYLYALVYF
CASRLAGGDNEQFF	FLYLYALVYF
CASPRDRDNYGYTF	FLYLYALVYF
CASSALAGVETQYF	FLYLYALVYF
CSANPDRGDYNEQFF	FLYLYALVYF
CASSFPTERYQPQHF	FLYLYALVYF
CASSYSTRTNEQFF	FLYLYALVYF
CASRQVSSYEQYF	FLYLYALVYF
CATSAHNFQEETQYF	FLYLYALVYF
CASSSPGVAGKPNEQFF	FLYLYALVYF
CASSQASGAYYEQYF	FLYLYALVYF
CSAPRTAMNTEAFF	FLYLYALVYF
CASRTGMNTEAFF	FLYLYALVYF
CASTGGQYNEQFF	FLYLYALVYF
CATLLWQSGANVLTF	FLYLYALVYF
CASTTSGGGTGELFF	FLYLYALVYF
CASSQGQGGYGYTF	FLYLYALVYF
CSARAPPGDSSYEQYF	FLYLYALVYF
CASSLWWEGTYEQYF	FLYLYALVYF
CASSEELFVGTSYGYTF	FLYLYALVYF
CASSSFGRERTEAFF	FLYLYALVYF
CASSPATRSEDTQYF	FLYLYALVYF
CASSEYWGANTEAFF	FLYLYALVYF
CASSEGQGNQPQHF	FLYLYALVYF
CASSYSRGNTGELFF	FLYLYALVYF
CASSADPTRDRETYEQYF	FLYLYALVYF
CASSQEGALSTEAFF	FLYLYALVYF
CASSVGVATNEKLFF	FLYLYALVYF
CASSVGLMSSEQYF	FLYLYALVYF
CSALGQLSSYEQYF	FLYLYALVYF
CASSIGPYEQYF	FLYLYALVYF
CATSDLTSETQFF	FLYLYALVYF
CARDTSGSYEQYF	FLYLYALVYF
CASGLAGGGEQYF	FLYLYALVYF
CSALVITEAFF	FLYLYALVYF
CASSLAGFKETQYF	FLYLYALVYF
CASSQWGQGYSGRAGFNEQFF	FLYLYALVYF
CSVVSVWEAFF	FLYLYALVYF
CASRAGGTDTQYF	FLYLYALVYF
CASSEVGETYEQYF	FLYLYALVYF
CASSLAGTEAFF	FLYLYALVYF
CASRGTAQETQYF	FLYLYALVYF
CASFGQNRNTIYF	FLYLYALVYF
CARAGKGPGTEAFF	FLYLYALVYF
CASTSDPGAKAFF	FLYLYALVYF
CASRDWLNEQFF	FLYLYALVYF
CASSQMGALNTEAFF	FLYLYALVYF
CASSSGTSGYEQYF	FLYLYALVYF
CSVEDGGRVTEAFF	FLYLYALVYF
CASSYRATSGINGFEQFF	FLYLYALVYF
CASSSGTSGYNEQFF	FLYLYALVYF
CASSLGPGMMFGYTF	FLYLYALVYF
CASSPPDSNQPQHF	FLYLYALVYF
CASSAAGTLYEQYF	FLYLYALVYF
CSAEDLAGAGELFF	FLYLYALVYF
CASSSIAGGQADTQYF	FLYLYALVYF
CASSPFTTGSHGYTF	FLYLYALVYF
CASSPGQGTDTQYF	FLYLYALVYF
CASRFSGGAADTQYF	FLYLYALVYF
CASSSGQGTDTQYF	FLYLYALVYF
CASSETANTGELFF	FLYLYALVYF
CASSVLAGGPGEQYF	FLYLYALVYF
CASSFGLAGGSYTGELFF	FLYLYALVYF
CASRSHVGPPNTGELFF	FLYLYALVYF
CASRSIGQGANYGYTF	FLYLYALVYF
CASSQEGALNTEAFF	FLYLYALVYF
CARGNEQFF	FLYLYALVYF
CASSPAQGWETQYF	FLYLYALVYF
CASSYYQAYAQSGDTQYF	FLYLYALVYF
CASSLGISTEAFF	FLYLYALVYF
CSVVGTPNYGYTF	FLYLYALVYF
CAISEMGGLAVHF	FLYLYALVYF
CASSVSTDESSYNSPLHF	FLYLYALVYF
CASSDRVEYSSYNSPLHF	FLYLYALVYF
CASSRPSSGEEQFF	FLYLYALVYF
CASSHRGQDYEQYF	FLYLYALVYF
CASSLAFGTGVDTQYF	FLYLYALVYF
CASSVGGLAELQETQYF	FLYLYALVYF
CASSQNPGDAGELFF	FLYLYALVYF
CASSLVGSGVPDTQYF	FLYLYALVYF
CASSYSKEDLNTEAFF	FLYLYALVYF
CATSLEGLETQYF	FLYLYALVYF
CASSVGGWGTEAFF	FLYLYALVYF
CASSQDDAAYEQYF	FLYLYALVYF
CASSLAGETQYF	FLYLYALVYF
CSASPREGLVAAEQFF	FLYLYALVYF
CSARVPAGRIYEQYF	FLYLYALVYF
CASSYSTSGDNEQFF	FLYLYALVYF
CASSEAGGLETQYF	FLYLYALVYF
CASSAGTSEADTQYF	FLYLYALVYF
CASSISGIGAESSYNEQFF	FLYLYALVYF
CSVHSGGLGTEAFF	FLYLYALVYF
CATSDLQGAQETQYF	FLYLYALVYF
CSALRGSHEQFF	FLYLYALVYF
CASSLVRATQETQYF	FLYLYALVYF
CSGGGTRNEQFF	FLYLYALVYF
CASSPERGYNEQFF	FLYLYALVYF
CSVTGEARNTEAFF	FLYLYALVYF
CATSRGLAGVVYEQYF	FLYLYALVYF
CASTPLRGGAFEQFF	FLYLYALVYF
CASSFSPPSGELFF	FLYLYALVYF
CAWIYEQYF	FLYLYALVYF
CASSEPGTEMNTEAFF	FLYLYALVYF
CASSWRDNEQFF	FLYLYALVYF
CASSPFGNNEQFF	FLYLYALVYF
CASSPSGTGVLGTDTQYF	FLYLYALVYF
CASSYIAGVNTGELFF	FLYLYALVYF
CASSQDEEGLAKNIQYF	FLYLYALVYF
CASSLAGNEQFF	FLYLYALVYF
CASGELPYEQYF	FLYLYALVYF
CASSSLAGGTDTQYF	FLYLYALVYF
CASSLGTGGTDTQYF	FLYLYALVYF
CASEGTDNQPQHF	FLYLYALVYF
CASSLFVPGLGEETQYF	FLYLYALVYF
CASSFEGIQYF	FLYLYALVYF
CASSLAVNSYEQYF	FLYLYALVYF
CASSIGTNTEAFF	FLYLYALVYF
CATSRENRQGPGDEQYF	FLYLYALVYF
CATSPLAGSHYNEQFF	FLYLYALVYF
CASSQVHGGYEQYF	FLYLYALVYF
CASSSPAGFTDTQYF	FLYLYALVYF
CATSDFQGAGELFF	FLYLYALVYF
CASSHRGLAGGPYNEQFF	FLYLYALVYF
CASSRGLPETQYF	FLYLYALVYF
CSVVGEGRSNYGYTF	FLYLYALVYF
CASSLLGVGQETQYF	FLYLYALVYF
CASSQDRSSGTYNEQFF	FLYLYALVYF
CSATGTGGNQPQHF	FLYLYALVYF
CASSWDRGMEEQYF	FLYLYALVYF
CASSLSSGLRVYEQYF	FLYLYALVYF
CASSEGGSGQPQHF	FLYLYALVYF
CASSRQGALNTEAFF	FLYLYALVYF
CASSYSGSSGNTIYF	FLYLYALVYF
CASSGPSSGTTDTQYF	FLYLYALVYF
CAISSGSGTDTQYF	FLYLYALVYF
CATSGQERGPYEQYF	FLYLYALVYF
CASSQDRTLDEQFF	FLYLYALVYF
CASSIDWNSNQPQHF	FLYLYALVYF
CASSGGEGEQFF	FLYLYALVYF
CASSLSPLDSTYEQYF	FLYLYALVYF
CASGVGLAGGGLSNEQFF	FLYLYALVYF
CASTAGGGSTGELFF	FLYLYALVYF
CASSLGGENYEQYF	FLYLYALVYF
CASSPGQWQETQYF	FLYLYALVYF
CASSSSRTSRSTDTQYF	FLYLYALVYF
CATSRDRGLTEAFF	FLYLYALVYF
CASSGGSTDTQYF	FLYLYALVYF
CATATGGGEKLFF	FLYLYALVYF
CASSDSGASGETQYF	FLYLYALVYF
CASSPDTVTYGYTF	FLYLYALVYF
CASSGDRVPYNEQFF	FLYLYALVYF
CASSQGDTNQPQHF	FLYLYALVYF
CASSDWTSGRSDEQYF	FLYLYALVYF
CASSLVQGANQPQHF	FLYLYALVYF
CASSSGELDQPQHF	FLYLYALVYF
CASSLAGTGMLF	FLYLYALVYF
CASSLGPPGVELFF	FLYLYALVYF
CSALWGLANNEQFF	FLYLYALVYF
CASRGASTYEQYF	FLYLYALVYF
CASSLLWSQPQHF	FLYLYALVYF
CASSYGTGTDEQFF	FLYLYALVYF
CASSMGWADVYNEQFF	FLYLYALVYF
CASSWGASNEQFF	FLYLYALVYF
CSAIRDRTGPYNEQFF	FLYLYALVYF
CSVAGPEFASSYNEQFF	FLYLYALVYF
CASSQDYPIAGAIDNEQFF	FLYLYALVYF
CASIYTSGRPRRQETQYF	FLYLYALVYF
CASSQDLSGVNEQFF	FLYLYALVYF
CASSLWDRVRQPQHF	FLYLYALVYF
CASDSRDETSQGRTGELFF	FLYLYALVYF
CASSTGDNTGELFF	FLYLYALVYF
RASSLRPSAHNEQFF	FLYLYALVYF
CASSQTGGGWTGELFF	FLYLYALVYF
CASSPGLQETQYF	FLYLYALVYF
CAISGEQGKSYNEQFF	FLYLYALVYF
CASSLLGPLDNEQFF	FLYLYALVYF
CASGATSYEQYF	FLYLYALVYF
CASSIEEGGRNEQFF	FLYLYALVYF
CSAREQGEKLFF	FLYLYALVYF
CATPGLAGPVGTGELFF	FLYLYALVYF
CASSKATGEGGNYEQYF	FLYLYALVYF
CASSTSEGWGFYNYGYTF	FLYLYALVYF
CAISGGTYNEQFF	FLYLYALVYF
CASRRTTAGDTEAFF	FLYLYALVYF
CASSYTSGANVLTF	FLYLYALVYF
CASSEADSTGELFF	FLYLYALVYF
CSARPKVWDKGGWGPDTQYF	FLYLYALVYF
CASSAEAEFTDTQYF	FLYLYALVYF
CSASWDTGLSYEQYF	FLYLYALVYF
CASSREGPTVLETQYF	FLYLYALVYF
CASSQEGTSGSRDTQYF	FLYLYALVYF
CASSLGDISSEGNTGELFF	FLYLYALVYF
CASSARPGLEGLEQYF	FLYLYALVYF
CASSFVGGEKLFF	FLYLYALVYF
CASTTFGGTREVGSGNTIYF	FLYLYALVYF
CASSLAGVYEQYF	FLYLYALVYF
CSATLRGPQGEQYF	FLYLYALVYF
CASSQGGANEQYF	FLYLYALVYF
CSVETGNTIYF	FLYLYALVYF
CASSKEGRGSYNEQFF	FLYLYALVYF
CASSNIILVGGSDNEQFF	FLYLYALVYF
CASSEEEDRGSYEQYF	FLYLYALVYF
CASSLSGVSTEAFF	FLYLYALVYF
CATSRDRGSNQPQHF	FLYLYALVYF
CSVEGLAGVGADTQYF	FLYLYALVYF
CASSKTGGSYEQYF	FLYLYALVYF
CASSLDPETSGRTSYNEQFF	FLYLYALVYF
CASSQDSAVSYNEQFF	FLYLYALVYF
CAITGSGTYEQYF	FLYLYALVYF
CASSPHPDGAYNEQFF	FLYLYALVYF
CSTVSHTEAFF	FLYLYALVYF
CATRGTSGEQYF	FLYLYALVYF
CASSLDLGLSYEQYF	FLYLYALVYF
CASSLLRDSSYEQYF	FLYLYALVYF
CASSQMAGAGETQYF	FLYLYALVYF
CASSLSAGMYNEQFF	FLYLYALVYF
CASVRDLNTGELFF	FLYLYALVYF
CASSMAVNTEAFF	FLYLYALVYF
CASSEGGLLSTGELFF	FLYLYALVYF
CSVDGQGPYEQYF	FLYLYALVYF
CASSEPGQEMNTEAFF	FLYLYALVYF
CASSHGDSRIYTEAFF	FLYLYALVYF
CASSYSLAGASGVEQFF	FLYLYALVYF
CASSQANYEQYF	FLYLYALVYF
CASSFNQGAPLGTGELFF	FLYLYALVYF
CASSLDGTTGNEQFF	FLYLYALVYF
CASRNGGSNQPQHF	FLYLYALVYF
CSVVWGGFTGELFF	FLYLYALVYF
CASSPSGSGGYFLEQYF	FLYLYALVYF
CASSLGSAQTQYF	FLYLYALVYF
CASSLSANEQYF	FLYLYALVYF
CASSPPDTNQPQHF	FLYLYALVYF
CSAPGQDWGGSGNTIYF	FLYLYALVYF
CSVDSGNEQYF	FLYLYALVYF
CASSLSEWGEQFF	FLYLYALVYF
CASSISMNTEAFF	FLYLYALVYF
CASSLKLAGGPLPNEQFF	FLYLYALVYF
CASSLAGPSTEAFF	FLYLYALVYF
CASSQDQEISTDTQYF	FLYLYALVYF
CASSLKDSGANVLTF	FLYLYALVYF
CSALSGNDNEQFF	FLYLYALVYF
CATSRDRREREKLFF	FLYLYALVYF
CASSQDGGGRVTGELFF	FLYLYALVYF
CASYPDDTGELFF	FLYLYALVYF
CASSLLVDSYEQYF	FLYLYALVYF
CASSLSVSNEAFF	FLYLYALVYF
CVGGLTPISNTGELFF	FLYLYALVYF
CASSYPSSYEQYF	FLYLYALVYF
CASSYGNSYEQYF	FLYLYALVYF
CASSGTLNEQFF	FLYLYALVYF
CASSLGGQGLYGYTF	FLYLYALVYF
CSARGRDSAYEQYF	FLYLYALVYF
CASSLSFRDTQYF	FLYLYALVYF
CASSLVAGLTEAFF	FLYLYALVYF
CASSQTTGQSSYNSPLHF	FLYLYALVYF
CASSSGLAYDEQFF	FLYLYALVYF
CASSYSVRVNTEAFF	FLYLYALVYF
CASFGSSYEQYF	FLYLYALVYF
CASSHERGSLGQETQYF	FLYLYALVYF
CASSYQGPTGELFF	FLYLYALVYF
CSARDGTSGAMGETQYF	FLYLYALVYF
CASRPLVGTDSNQPQHF	FLYLYALVYF
CASSSVNTEAFF	FLYLYALVYF
CAISELVTSGTDTQYF	FLYLYALVYF
CATSDLGGGPGNEQFF	FLYLYALVYF
CASSQDSKLTGSYEQYF	FLYLYALVYF
CATQGVGQETQYF	FLYLYALVYF
CASFSVSYEQYF	FLYLYALVYF
CASSQGGGLSSEAFF	FLYLYALVYF
CASSLPIGGLELNEQFF	FLYLYALVYF
CSAFSVGSYEQYF	FLYLYALVYF
CASSPRGPWIYEQYF	FLYLYALVYF
