CDR3	AA
CASSQGSRREQYF	TYVPAQEKNF
CASSSGLAGGRGSYNEQFF	TYVPAQEKNF
CASSGVGSGTEAFF	TYVPAQEKNF
CASSLDSTGTEAFF	TYVPAQEKNF
CASSGGRSNTEAFF	TYVPAQEKNF
CASSTSGAGNEQFF	TYVPAQEKNF
CASSWVGTEQFF	TYVPAQEKNF
CASSVSGAGTGELFF	TYVPAQEKNF
CASSLGRAGANVLTF	TYVPAQEKNF
CASSPGLAGKETQYF	TYVPAQEKNF
CASSVGGSNTGELFF	TYVPAQEKNF
CSVEDEGTYEQYF	TYVPAQEKNF
CASSLSGTGSYEQYF	TYVPAQEKNF
CASSQEREISYEQYF	TYVPAQEKNF
CASSKSGSGTGELFF	TYVPAQEKNF
CASSSAGTAQYF	TYVPAQEKNF
CASSGEGGNTEAFF	TYVPAQEKNF
CASSAGGATGTDTQYF	TYVPAQEKNF
CASSVGGAGELFF	TYVPAQEKNF
CASSVGGGRNSPLHF	TYVPAQEKNF
CASRLRTVRNEQYF	TYVPAQEKNF
CASSVGGAGGTMNTGELFF	TYVPAQEKNF
CASSPGGAGAYNEQFF	TYVPAQEKNF
CASSLGTGPKEQYF	TYVPAQEKNF
CSAKPGLESYEQYF	TYVPAQEKNF
CAIKWTSGRNEQFF	TYVPAQEKNF
CASSVGGANTGELFF	TYVPAQEKNF
CASRGGSGANVLTF	TYVPAQEKNF
CASSLGKLEQYF	TYVPAQEKNF
CASSLGTGELFF	TYVPAQEKNF
