CDR3	AA
CASSLGDEQYF	YLQPRTFLL
CASQSQNTGELFF	YLQPRTFLL
CASSELRGGNTGELFF	YLQPRTFLL
CAGGQLNTGELFF	YLQPRTFLL
CASSESWDMGQDNSPLHF	YLQPRTFLL
CARQDLNTGELFF	YLQPRTFLL
CASSELNTGELFF	YLQPRTFLL
CASSLHQGVQPQHF	YLQPRTFLL
CASQTVNTGELFF	YLQPRTFLL
CATTELNTGELFF	YLQPRTFLL
CASSAGLADTDTQYF	YLQPRTFLL
CSVEEDRDDEQYF	YLQPRTFLL
CAISDQNTGELFF	YLQPRTFLL
CSARGPGAGMNTGELFF	YLQPRTFLL
CAVGAANTGELFF	YLQPRTFLL
CASSGDIEAFF	YLQPRTFLL
CASSLLPGLLQPQHF	YLQPRTFLL
CSAYRDQNTGELFF	YLQPRTFLL
CASGGTNTGELFF	YLQPRTFLL
CASSLTLNTEAFF	YLQPRTFLL
CAQVGNANTGELFF	YLQPRTFLL
CASSPGQGIYGYTF	YLQPRTFLL
CASSSGYEQYF	YLQPRTFLL
CSVIRQGAEQYF	YLQPRTFLL
CASSLLASNTGELFF	YLQPRTFLL
CASSPDIEAFF	YLQPRTFLL
CASMEENAGELFF	YLQPRTFLL
CASSRQNSGELFF	YLQPRTFLL
CAWSPPGQGNTGELFF	YLQPRTFLL
CAIQEANTGELFF	YLQPRTFLL
CASQGGFTQNTGELFF	YLQPRTFLL
CASRGPGQQNTGELFF	YLQPRTFLL
CASQEQNTGELFF	YLQPRTFLL
CASQETNTGELFF	YLQPRTFLL
CSDGQQNSLEAFF	YLQPRTFLL
CASSPDQNTGELFF	YLQPRTFLL
CAIGTLNTGELFF	YLQPRTFLL
CASSDGNTGELFF	YLQPRTFLL
CSAREVNRDRQYNEQFF	YLQPRTFLL
CARGDVTSGELFF	YLQPRTFLL
CSVEGDRNTGELFF	YLQPRTFLL
CASSPGQGDYGYTF	YLQPRTFLL
CASTSLLAGELFF	YLQPRTFLL
CASGGTNTGELFF	YLQPRTFLL
CASMRLNTGELFF	YLQPRTFLL
CASSEWGDSYEQYF	YLQPRTFLL
CAMQEMNTGELFF	YLQPRTFLL
CATQSLNTGELFF	YLQPRTFLL
CASSSGPGDGETQYF	YLQPRTFLL
CASMTVNTGELFF	YLQPRTFLL
CASSPDIEAFF	YLQPRTFLL
CASSPQITADTQYF	YLQPRTFLL
CSARDQLAANTGELFF	YLQPRTFLL
CASTDDIEAFF	YLQPRTFLL
CSFGLANTGELFF	YLQPRTFLL
CASSLVQGGNTGELFF	YLQPRTFLL
CASGGTNTGELFF	YLQPRTFLL
CASSEDISQYF	YLQPRTFLL
CASTELTSGEQYF	YLQPRTFLL
CASSPGQGAYGYTF	YLQPRTFLL
CASSQQNTGELFF	YLQPRTFLL
CASSELNTGELFF	YLQPRTFLL
CSAHRDRNTGELFF	YLQPRTFLL
CASRDRDRQNTGELFF	YLQPRTFLL
CSARGDREQNTGELFF	YLQPRTFLL
CASSPDIQQYF	YLQPRTFLL
CASSDLDSGELFF	YLQPRTFLL
CSDGQQNSLEAFF	YLQPRTFLL
CSATKEGGTRAQETQYF	YLQPRTFLL
CASNDLNTGELFF	YLQPRTFLL
CATQSLNTGELFF	YLQPRTFLL
CSARDWTGMNTGELFF	YLQPRTFLL
CASTYTNTGELFF	YLQPRTFLL
CSARDNLAANTGELFF	YLQPRTFLL
CASSPIGGGNTGELFF	YLQPRTFLL
CSARDGLAQNTGELFF	YLQPRTFLL
CATQDPNTGELFF	YLQPRTFLL
CASSPDIEAFF	YLQPRTFLL
CAGQESNTGELFF	YLQPRTFLL
CASSLFAGGNTGELFF	YLQPRTFLL
CASSLAQTYEQYF	YLQPRTFLL
CGTEDITSGELFF	YLQPRTFLL
CATQYANTGELFF	YLQPRTFLL
CSAKLANTGELFF	YLQPRTFLL
CASQDSNTGELFF	YLQPRTFLL
CATGALNTGELFF	YLQPRTFLL
CAEAYSNTGELFF	YLQPRTFLL
CATQDTNTGELFF	YLQPRTFLL
CASTDSNSGELFF	YLQPRTFLL
CSADTDTQYF	YLQPRTFLL
CATGELNTGELFF	YLQPRTFLL
CARARDWNTGELFF	YLQPRTFLL
CASTILNTGELFF	YLQPRTFLL
CAEGGRNTGELFF	YLQPRTFLL
CSVDLDRNTGELFF	YLQPRTFLL
CASSYGTGSSYNSPLHF	YLQPRTFLL
CASSPTTVGEGYTF	YLQPRTFLL
CASSDLNTGELFF	YLQPRTFLL
CATQTLNTGELFF	YLQPRTFLL
CASSRVMDRGIETQYF	YLQPRTFLL
CASSSGLSGPNF	YLQPRTFLL
CAVAEQNTGELFF	YLQPRTFLL
CASTDSLGELFF	YLQPRTFLL
CASSRQNTGELFF	YLQPRTFLL
CASGSLNTGELFF	YLQPRTFLL
CASSDLDTGELFF	YLQPRTFLL
CASSPDIEQFF	YLQPRTFLL
CASQQANTGELFF	YLQPRTFLL
