CDR3	AA
CASSSGQGLVYEQYF	SEHDYQIGGYTEKW
CASSPGQGLSYEQYF	SEHDYQIGGYTEKW
CASSIGRGVSYEQYF	SEHDYQIGGYTEKW
CASSLGTGLSYEQYF	SEHDYQIGGYTEKW
CASSTGISSNQPQHF	SEHDYQIGGYTEKW
CASSLGQGRTYEQYF	SEHDYQIGGYTEKW
CASSIGVGVPGELFF	SEHDYQIGGYTEKW
CASSIGQGQSYEQYF	SEHDYQIGGYTEKW
CASSIGSGLSYEQYF	SEHDYQIGGYTEKW
CASSFGQGARYEQFF	SEHDYQIGGYTEKW
CASSGGVGIPYEQYF	SEHDYQIGGYTEKW
CAWNLAGQGNEQYF	SEHDYQIGGYTEKW
CASSIGQGLSYEQYF	SEHDYQIGGYTEKW
CASSLGQGFDYEQYF	SEHDYQIGGYTEKW
CASSLGTGLSYEQYF	SEHDYQIGGYTEKW
CASSPGTGWAYEQYF	SEHDYQIGGYTEKW
CASSPGTGLLDEQFF	SEHDYQIGGYTEKW
CASSIGEGYQYEQYF	SEHDYQIGGYTEKW
CAWSVVGDEQYF	SEHDYQIGGYTEKW
CASSYGQGLNNEQFF	SEHDYQIGGYTEKW
CASSTGRSSYNEQFF	SEHDYQIGGYTEKW
CASSIGTGVSYEQYF	SEHDYQIGGYTEKW
CASSMGQGSAYEQYF	SEHDYQIGGYTEKW
CASALGQGLSNEQFF	SEHDYQIGGYTEKW
CASSKGQGISYEQFF	SEHDYQIGGYTEKW
CASSIAQGAYEQYF	SEHDYQIGGYTEKW
CASSIGLGPSTGELFF	SEHDYQIGGYTEKW
CASSIGQGAVYEQYF	SEHDYQIGGYTEKW
CASSTGQGFSYEQYF	SEHDYQIGGYTEKW
CASSTGTGLSYEQYF	SEHDYQIGGYTEKW
CASSVGQGISYEQYF	SEHDYQIGGYTEKW
CASSTGQGLSYEQYF	SEHDYQIGGYTEKW
CASSKGTGMDTEQFF	SEHDYQIGGYTEKW
CASSIGQGLNNEQFF	SEHDYQIGGYTEKW
CASSIGRGPLDKNIQYF	SEHDYQIGGYTEKW
CATKAANTGELFF	SEHDYQIGGYTEKW
CASSIGTGKLYEQYF	SEHDYQIGGYTEKW
CASSIGLGRNYEQYF	SEHDYQIGGYTEKW
CASSIAKGLTYEQYF	SEHDYQIGGYTEKW
CASSIGRGLSYEQYF	SEHDYQIGGYTEKW
CASSLGLGHSYEQYF	SEHDYQIGGYTEKW
CASSIGLGQGFEQFF	SEHDYQIGGYTEKW
CASSIGAGITYEQYF	SEHDYQIGGYTEKW
CASSQATLADTEAFF	SEHDYQIGGYTEKW
CASSIGNGLNNQPQHF	SEHDYQIGGYTEKW
CASSPGTGLLDEQFF	SEHDYQIGGYTEKW
CASSPGTGVAYEQYF	SEHDYQIGGYTEKW
CASSMGQGVIYEQYF	SEHDYQIGGYTEKW
CASSLGIGIVNEQFF	SEHDYQIGGYTEKW
CASSMGQGLEETQYF	SEHDYQIGGYTEKW
CASSVESAPNYGYTF	SEHDYQIGGYTEKW
CASSVGQGLSGELFF	SEHDYQIGGYTEKW
CASSLERTGHSPSPLHF	SEHDYQIGGYTEKW
CASSIGQGFSYEQYF	SEHDYQIGGYTEKW
CASSSGTSSYNEQFF	SEHDYQIGGYTEKW
CASSVWGSNEQFF	SEHDYQIGGYTEKW
CASSIGAGTSYEQYF	SEHDYQIGGYTEKW
CASSVGSGTLYEQYF	SEHDYQIGGYTEKW
CASSPGAGVSYEQYF	SEHDYQIGGYTEKW
CASSLGQGVRYEQFF	SEHDYQIGGYTEKW
CASSIETGQETQYF	SEHDYQIGGYTEKW
CASSMGQGLSYEQYF	SEHDYQIGGYTEKW
CASSLGQGLSYEQYF	SEHDYQIGGYTEKW
CASSIGQGEIYEQYF	SEHDYQIGGYTEKW
CASSIGSGLSGTQYF	SEHDYQIGGYTEKW
CASSLTAGVYEQYF	SEHDYQIGGYTEKW
CASSIGTGRIYEQYF	SEHDYQIGGYTEKW
CASALGQGFKGEQYF	SEHDYQIGGYTEKW
CASSIGTGSSGANVLTF	SEHDYQIGGYTEKW
CASTPGLGLNTEAFF	SEHDYQIGGYTEKW
CASSPGTLAGEQYF	SEHDYQIGGYTEKW
CASSIGAGVAYEQYF	SEHDYQIGGYTEKW
CASSIGLGLAGYNEQFF	SEHDYQIGGYTEKW
CASSPGQGLDHEQYF	SEHDYQIGGYTEKW
CASSTGTGELYEQYF	SEHDYQIGGYTEKW
CASSIGAGTSYEQYF	SEHDYQIGGYTEKW
CASSEAGGTYEQYF	SEHDYQIGGYTEKW
CASQQGLTGANVLTF	SEHDYQIGGYTEKW
CASSMGVGSGNTIYF	SEHDYQIGGYTEKW
CASSIGSGVLYEQYF	SEHDYQIGGYTEKW
CASSPGQGLVYEQYF	SEHDYQIGGYTEKW
CASSPGQGLTYTQYF	SEHDYQIGGYTEKW
CASSIGQGRSYEQYF	SEHDYQIGGYTEKW
CASSIGQGFSYEQYF	SEHDYQIGGYTEKW
CASSLDLGIPYNEQFF	SEHDYQIGGYTEKW
CASSIGIGQAHEQYF	SEHDYQIGGYTEKW
CASSLGLGTGSPNEQFF	SEHDYQIGGYTEKW
CAWTPTGPEAFF	SEHDYQIGGYTEKW
CASESGDYTDTQYF	SEHDYQIGGYTEKW
CASSMGQGLSYEQYF	SEHDYQIGGYTEKW
CASSLGTGYNYEQYF	SEHDYQIGGYTEKW
CASSLGQGALSHNEQFF	SEHDYQIGGYTEKW
CSALGGQGLLTRAFF	SEHDYQIGGYTEKW
CASSLGQGLSYEQYF	SEHDYQIGGYTEKW
CASTTGQGIVGTEAFF	SEHDYQIGGYTEKW
CASSVGQGISYEQYF	SEHDYQIGGYTEKW
CASSSGLGISYEQYF	SEHDYQIGGYTEKW
CASSIGLGVAYEQYF	SEHDYQIGGYTEKW
CASSPGQGLSYEQYF	SEHDYQIGGYTEKW
CASSIGSGEAYEQYF	SEHDYQIGGYTEKW
CASTLGIGMGYEQYF	SEHDYQIGGYTEKW
CASSPGTGWNNEQFF	SEHDYQIGGYTEKW
CASSIGTGLLSGANVLTF	SEHDYQIGGYTEKW
CASSIGTGVAYEQYF	SEHDYQIGGYTEKW
CASSIGTGLNTEAFF	SEHDYQIGGYTEKW
CASSIGTGYSYEQYF	SEHDYQIGGYTEKW
CASSIGVGLGTEAFF	SEHDYQIGGYTEKW
CASTPGSGRQYEQYF	SEHDYQIGGYTEKW
CATHLGTGVNQPQHF	SEHDYQIGGYTEKW
CASSIGQGLSYEQYF	SEHDYQIGGYTEKW
CASSIGAGMSYEQYF	SEHDYQIGGYTEKW
CASSIGAGSSYEQYF	SEHDYQIGGYTEKW
CASSIGLGVNTEAFF	SEHDYQIGGYTEKW
CASSFGTGLNTEAFF	SEHDYQIGGYTEKW
CASSIGSGSSYEQYF	SEHDYQIGGYTEKW
CASSSGQGYVFEQYF	SEHDYQIGGYTEKW
CASSIGTGSYNEQFF	SEHDYQIGGYTEKW
CASSIGTGLYYEQYF	SEHDYQIGGYTEKW
CASSLGTGEVQEQYF	SEHDYQIGGYTEKW
CASSLGQGLGAKNIQYF	SEHDYQIGGYTEKW
CASSQGQGASYEQYF	SEHDYQIGGYTEKW
CASSIGTGATYEQYF	SEHDYQIGGYTEKW
CASSWGQGGPYEQYF	SEHDYQIGGYTEKW
CASSMGLGDSYEQYF	SEHDYQIGGYTEKW
CASSFDYAREQFF	SEHDYQIGGYTEKW
CASSTGQGSSYEQYF	SEHDYQIGGYTEKW
CASSIGMGTNQPQHF	SEHDYQIGGYTEKW
CASSWGQGLQETQYF	SEHDYQIGGYTEKW
CASSVGTGIAGELFF	SEHDYQIGGYTEKW
CASSTGTGLSHEQFF	SEHDYQIGGYTEKW
CASSIGQGTSYEQYF	SEHDYQIGGYTEKW
CASSIGQGTSYEQYF	SEHDYQIGGYTEKW
CASINETRSYNEQFF	SEHDYQIGGYTEKW
CATAPGLGLRNEQFF	SEHDYQIGGYTEKW
CASSLGAGLAYEQYF	SEHDYQIGGYTEKW
CASSIAQGPPDEQYF	SEHDYQIGGYTEKW
CASTPGQGLTYEQYF	SEHDYQIGGYTEKW
CASSIGVGLSYEQYF	SEHDYQIGGYTEKW
CASSIGTGLAYEQYF	SEHDYQIGGYTEKW
CASSIGQGMNQPQHF	SEHDYQIGGYTEKW
CASSLTENYGYTF	SEHDYQIGGYTEKW
CASSIGSGLNTEAFF	SEHDYQIGGYTEKW
CASSKIRATLGQPQHF	SEHDYQIGGYTEKW
CASRPRTGGSYNEQFF	SEHDYQIGGYTEKW
CASSIGRGPNQPQHF	SEHDYQIGGYTEKW
CASSIGIGVGAEQFF	SEHDYQIGGYTEKW
CASSSGTGVIGELFF	SEHDYQIGGYTEKW
CASSIGTGESYEQYF	SEHDYQIGGYTEKW
CASSPEPGLLNYGYTF	SEHDYQIGGYTEKW
CASSSGTGDIYEQYF	SEHDYQIGGYTEKW
CASSAGLGAVHEQYF	SEHDYQIGGYTEKW
CSAGGGGDYGYTF	SEHDYQIGGYTEKW
CASSMGQGIAYEQYF	SEHDYQIGGYTEKW
CASSIGQGSSYEQYF	SEHDYQIGGYTEKW
CASSLGQGPVHEQYF	SEHDYQIGGYTEKW
CASSIGQGVSYEQYF	SEHDYQIGGYTEKW
CASSPGTGGGQPQHF	SEHDYQIGGYTEKW
CASSIGSGYSYEQYF	SEHDYQIGGYTEKW
CASSIGSGYAGELFF	SEHDYQIGGYTEKW
CASSAGTGVFYEQYF	SEHDYQIGGYTEKW
CASSKGQGLTFEQFF	SEHDYQIGGYTEKW
CASSVGQGISYEQYF	SEHDYQIGGYTEKW
CASSQEVTSIYEQYF	SEHDYQIGGYTEKW
CASSIGLGSLTRNEQFF	SEHDYQIGGYTEKW
CASSMGIGTDYEQYF	SEHDYQIGGYTEKW
CASSIGTGSAYEQYF	SEHDYQIGGYTEKW
CASSIGTGVLGLNEQFF	SEHDYQIGGYTEKW
CASSIGTGFSYEQYF	SEHDYQIGGYTEKW
CASSIGVGISGELFF	SEHDYQIGGYTEKW
CASSPQGASYEQYF	SEHDYQIGGYTEKW
CASSIGQGMDNEQFF	SEHDYQIGGYTEKW
CASSVDGLLSSYNEQFF	SEHDYQIGGYTEKW
CASSIGVGQFTGELFF	SEHDYQIGGYTEKW
CASSVGQGDIYEQYF	SEHDYQIGGYTEKW
CASSTGQGANDQPQHF	SEHDYQIGGYTEKW
CASSIGTGTYNEQFF	SEHDYQIGGYTEKW
CASSIGLGLALWQFF	SEHDYQIGGYTEKW
CASSRGQGLNYEQYF	SEHDYQIGGYTEKW
CASSPGLGLLGEQFF	SEHDYQIGGYTEKW
CASSLGQGQAYEQYF	SEHDYQIGGYTEKW
CASSSGTGLSYEQYF	SEHDYQIGGYTEKW
CAWSVGGRAFF	SEHDYQIGGYTEKW
CASSIGAGQRYEQYF	SEHDYQIGGYTEKW
CASSIGTGLAYEQYF	SEHDYQIGGYTEKW
CASSKNGKTGGCPEQYF	SEHDYQIGGYTEKW
CASSIGQGKRYEQFF	SEHDYQIGGYTEKW
CATGGGNEQFF	SEHDYQIGGYTEKW
CASSIGAGLSYEQYF	SEHDYQIGGYTEKW
CASSIGQGLSYEQYF	SEHDYQIGGYTEKW
CASTHGTGVSYEQYF	SEHDYQIGGYTEKW
CASSMGQGTSYEQYF	SEHDYQIGGYTEKW
CASSMGNGLNTEAFF	SEHDYQIGGYTEKW
CASSIGKSSYNEQFF	SEHDYQIGGYTEKW
CASSMGVGEAYEQYF	SEHDYQIGGYTEKW
CASSLGLGLNTEAFF	SEHDYQIGGYTEKW
CASSIGQGITYEQYF	SEHDYQIGGYTEKW
CASSPRLGYEQYF	SEHDYQIGGYTEKW
CASSMGLGESYEQYF	SEHDYQIGGYTEKW
CASSVGQGMQETQYF	SEHDYQIGGYTEKW
CASSVGQGSSYEQYF	SEHDYQIGGYTEKW
CASSIGQGEAYEQYF	SEHDYQIGGYTEKW
CASSMGLGNSYEQYF	SEHDYQIGGYTEKW
CASSMGLGSNQPQHF	SEHDYQIGGYTEKW
CASSIGTGAIGELFF	SEHDYQIGGYTEKW
CASSIGQGIAYEQYF	SEHDYQIGGYTEKW
CAAAKGVGLNTEAFF	SEHDYQIGGYTEKW
CASSIGRGLSYEQYF	SEHDYQIGGYTEKW
CASSWGQGQSYEQYF	SEHDYQIGGYTEKW
CASSIGLGDSYEQYF	SEHDYQIGGYTEKW
CASSLGLGVTYEQYF	SEHDYQIGGYTEKW
CASSLGQGLIYEQYF	SEHDYQIGGYTEKW
CASSIGQGLIHEQYF	SEHDYQIGGYTEKW
CASSIGSGITYEQYF	SEHDYQIGGYTEKW
CASSVGQGETYEQYF	SEHDYQIGGYTEKW
CASSRGQGLDYEQYF	SEHDYQIGGYTEKW
CASSIGQGEADTQYF	SEHDYQIGGYTEKW
CASTPGTGVPGELFF	SEHDYQIGGYTEKW
CASSIGLGVPSYNEQFF	SEHDYQIGGYTEKW
CASSIGQGRSYEQYF	SEHDYQIGGYTEKW
CASSLTGVYTEAFF	SEHDYQIGGYTEKW
CASSSGQGLRYEQYF	SEHDYQIGGYTEKW
CASTTGTGILNEQFF	SEHDYQIGGYTEKW
CASSTGQGMIYEQYF	SEHDYQIGGYTEKW
CASSVGTGLSYEQYF	SEHDYQIGGYTEKW
CASKKGGGFYEQYF	SEHDYQIGGYTEKW
CASSIGLGQANQPQHF	SEHDYQIGGYTEKW
CASSSGRGLQYEQYF	SEHDYQIGGYTEKW
CASSLGLTGFQPQHF	SEHDYQIGGYTEKW
CASSIGTGLSYEQYF	SEHDYQIGGYTEKW
CASAQGVGATYEQYF	SEHDYQIGGYTEKW
CASSQDSGTNYNEQFF	SEHDYQIGGYTEKW
CASSIGAGLSYEQYF	SEHDYQIGGYTEKW
CASSMGQGMSYEQYF	SEHDYQIGGYTEKW
CASSTPQGTSGPQHF	SEHDYQIGGYTEKW
CSATEWTSGVDTQYF	SEHDYQIGGYTEKW
CASSEVGVDEQYF	SEHDYQIGGYTEKW
CASSMGIGSSNNEQFF	SEHDYQIGGYTEKW
CASSNGLGPSSYNEQFF	SEHDYQIGGYTEKW
CAISDFGQTQYF	SEHDYQIGGYTEKW
CASSKGTGLIYEQYF	SEHDYQIGGYTEKW
CASSIGQGISYEQYF	SEHDYQIGGYTEKW
CASTSGLGSSGANVLTF	SEHDYQIGGYTEKW
CASSRGTGMDYEQYF	SEHDYQIGGYTEKW
CASSIGQGRGYEQYF	SEHDYQIGGYTEKW
CASSLGQGLAYEQYF	SEHDYQIGGYTEKW
CASSIGTGQSYEQYF	SEHDYQIGGYTEKW
CAWSVLGNEQYF	SEHDYQIGGYTEKW
CASSIGTGSNQPQHF	SEHDYQIGGYTEKW
CASSSGTGNTEAFF	SEHDYQIGGYTEKW
CASSTGTGNSYEQYF	SEHDYQIGGYTEKW
CASSIGMGQIYEQYF	SEHDYQIGGYTEKW
CASSIGAGVAYEQYF	SEHDYQIGGYTEKW
CASSMGQGAIYEQYF	SEHDYQIGGYTEKW
CASSIGVGTGHQPQHF	SEHDYQIGGYTEKW
CASSLGQGTSYEQYF	SEHDYQIGGYTEKW
CASRPWIAGTGELFF	SEHDYQIGGYTEKW
CASSTGQGRIYEQYF	SEHDYQIGGYTEKW
CASSPATGWDYF	SEHDYQIGGYTEKW
CASSIGTGQAYEQYF	SEHDYQIGGYTEKW
CASSIGQGWGYEQYF	SEHDYQIGGYTEKW
CASSIGLGVTDTQYF	SEHDYQIGGYTEKW
CASNHGLGEAYEQYF	SEHDYQIGGYTEKW
CASSIGQGTSYEQYF	SEHDYQIGGYTEKW
CASSIGTGMLKPQHF	SEHDYQIGGYTEKW
CASSIGLGALAKNIQYF	SEHDYQIGGYTEKW
CASSTLAGGPSWSYNEQFF	SEHDYQIGGYTEKW
CASSAGTGLSYEQYF	SEHDYQIGGYTEKW
CSAGPTSGGANEQFF	SEHDYQIGGYTEKW
CASSLGQGLNTEAFF	SEHDYQIGGYTEKW
CASSLGQGMGYEQYF	SEHDYQIGGYTEKW
CASSPGGGPQYF	SEHDYQIGGYTEKW
CASSIGTGLSYEQYF	SEHDYQIGGYTEKW
CASGKGIGVSYEQYF	SEHDYQIGGYTEKW
CASSYSTGTPGAGELFF	SEHDYQIGGYTEKW
CASSIGSGASYEQYF	SEHDYQIGGYTEKW
CASSIGTGLNTEAFF	SEHDYQIGGYTEKW
CASKMRGPSTDTQYF	SEHDYQIGGYTEKW
CASSIGTGLGGELFF	SEHDYQIGGYTEKW
CASSIGTGLSYEQYF	SEHDYQIGGYTEKW
CASSIGQGVTGELFF	SEHDYQIGGYTEKW
CASSTGQGSSYEQYF	SEHDYQIGGYTEKW
CASSLGQGLGNEQFF	SEHDYQIGGYTEKW
CASSIGTGLGYEQYF	SEHDYQIGGYTEKW
CASSIGAGLPSYNEQFF	SEHDYQIGGYTEKW
CASSTGQGVIYEQYF	SEHDYQIGGYTEKW
CASSIGSGTTHEQYF	SEHDYQIGGYTEKW
CASGPGEGTSYEQYF	SEHDYQIGGYTEKW
CASSIGVGQAGFQPQHF	SEHDYQIGGYTEKW
CASSVGQGVTYEQYF	SEHDYQIGGYTEKW
CASTDRVHGELFF	SEHDYQIGGYTEKW
CASSIGTGERYEQYF	SEHDYQIGGYTEKW
CASSVGTGHSYEQYF	SEHDYQIGGYTEKW
CASSHQETQYF	SEHDYQIGGYTEKW
CSAGLAGPRTYNEQFF	SEHDYQIGGYTEKW
CASSIGQGFSYEQYF	SEHDYQIGGYTEKW
CASSIALGGLNTEAFF	SEHDYQIGGYTEKW
CASSATGLGYEQYF	SEHDYQIGGYTEKW
CASSVGTGLSYEQYF	SEHDYQIGGYTEKW
CASSQDAGGPSYNEQFF	SEHDYQIGGYTEKW
CASSGQGDEQFF	SEHDYQIGGYTEKW
CASSLGGQLPYEQYF	SEHDYQIGGYTEKW
CASSFGTGVSYEQYF	SEHDYQIGGYTEKW
CASSSPTELSTDTQYF	SEHDYQIGGYTEKW
CASSPGLGSSYEQYF	SEHDYQIGGYTEKW
CASSPGLGISGANVLTF	SEHDYQIGGYTEKW
CASSIGQGVRYEQFF	SEHDYQIGGYTEKW
CASSIGSGKSFEQYF	SEHDYQIGGYTEKW
CASSMGQGISYEQYF	SEHDYQIGGYTEKW
CASSIGQGRGHEQFF	SEHDYQIGGYTEKW
CASSIGQGEAYEQYF	SEHDYQIGGYTEKW
CASNGGQGLLNTEAFF	SEHDYQIGGYTEKW
CASSLGQGANNQPQHF	SEHDYQIGGYTEKW
CASSKGQGLEYEQYF	SEHDYQIGGYTEKW
CASSMGQGLSYEQYF	SEHDYQIGGYTEKW
CASSPGQGLSYEQYF	SEHDYQIGGYTEKW
CASSIGLGQSYEQYF	SEHDYQIGGYTEKW
CASTRGLGLNNEQFF	SEHDYQIGGYTEKW
CASSTGTGISYEQYF	SEHDYQIGGYTEKW
CASSRGLGVGNQPQHF	SEHDYQIGGYTEKW
CASSIGLGLAEYNEQFF	SEHDYQIGGYTEKW
CASSTGQGFSYEQYF	SEHDYQIGGYTEKW
CASSTGTGHSYEQYF	SEHDYQIGGYTEKW
CASSEAGGVGSGDQPQHF	SEHDYQIGGYTEKW
CASSVGLGLDNEQFF	SEHDYQIGGYTEKW
CASSKGLGIGTEAFF	SEHDYQIGGYTEKW
CASSMGQGLSYEQYF	SEHDYQIGGYTEKW
CASSFRDADTQYF	SEHDYQIGGYTEKW
CASSTGTSSYNEQFF	SEHDYQIGGYTEKW
CASSIGSGTLYEQYF	SEHDYQIGGYTEKW
CASSRGLGGGNIQYF	SEHDYQIGGYTEKW
CASSMGQGSKYEQYF	SEHDYQIGGYTEKW
CASSEPGMNTEAFF	SEHDYQIGGYTEKW
CSARDSPGMAPSSYNEQFF	SEHDYQIGGYTEKW
CASSIGTGATYEQYF	SEHDYQIGGYTEKW
CASSWGQGLNTEAFF	SEHDYQIGGYTEKW
CASSKGQGVGNEQFF	SEHDYQIGGYTEKW
CASSIGAGMNTEAFF	SEHDYQIGGYTEKW
CASSIGLGSSYEQYF	SEHDYQIGGYTEKW
CASSIGTGLIYEQYF	SEHDYQIGGYTEKW
CASLNRDRVSPGWTGELFF	SEHDYQIGGYTEKW
CASSRGLGSSSSYEQYF	SEHDYQIGGYTEKW
CASSIGVGFSYEQYF	SEHDYQIGGYTEKW
CASSLGQGISYEQYF	SEHDYQIGGYTEKW
CASSMGRGLSYEQYF	SEHDYQIGGYTEKW
CASSVGSGRAYEQYF	SEHDYQIGGYTEKW
CASSIGAGIAYEQYF	SEHDYQIGGYTEKW
CASSLGQGARYEQYF	SEHDYQIGGYTEKW
CASSLGTGVQAEAFF	SEHDYQIGGYTEKW
CASSIGQGMETEAFF	SEHDYQIGGYTEKW
CASSIGAGNSYEQYF	SEHDYQIGGYTEKW
CASSQGQGRAYEQYF	SEHDYQIGGYTEKW
CASSLGQGWGYEQFF	SEHDYQIGGYTEKW
CASSIGQGTSYEQYF	SEHDYQIGGYTEKW
CASSAGQGISYEQYF	SEHDYQIGGYTEKW
CASSMGTGLAYEQYF	SEHDYQIGGYTEKW
CASSIGQGTSYEQYF	SEHDYQIGGYTEKW
CASSIGTGVNTGELFF	SEHDYQIGGYTEKW
CASSYSARGAETQYF	SEHDYQIGGYTEKW
CASSVGAEQYF	SEHDYQIGGYTEKW
CASSIGLGAYQPQHF	SEHDYQIGGYTEKW
CASSIGQGIIYEQFF	SEHDYQIGGYTEKW
CASSTGLGGTSPLHF	SEHDYQIGGYTEKW
CASSPGTGRYEQYF	SEHDYQIGGYTEKW
CASSLGQGLSYEQYF	SEHDYQIGGYTEKW
CASSIGLGLGGELFF	SEHDYQIGGYTEKW
CASSIGLGLAEYNEQFF	SEHDYQIGGYTEKW
CASQPGTGDGNQPQHF	SEHDYQIGGYTEKW
CASSLGTGLGYEQFF	SEHDYQIGGYTEKW
CASSLGQGLSYEQYF	SEHDYQIGGYTEKW
CASSMGLGRSYEQFF	SEHDYQIGGYTEKW
CASSPTSGGSYEQYF	SEHDYQIGGYTEKW
CASGPPSREEQYF	SEHDYQIGGYTEKW
CASSIGEGIGGEQFF	SEHDYQIGGYTEKW
CASSMGQGMNDEQFF	SEHDYQIGGYTEKW
CASSMGTGTSYEQYF	SEHDYQIGGYTEKW
CASSPTVNYGYTF	SEHDYQIGGYTEKW
CASSIGQGLIYEQYF	SEHDYQIGGYTEKW
CASSSGHANYGYTF	SEHDYQIGGYTEKW
CASTLGTGIPGELFF	SEHDYQIGGYTEKW
CASSFSIGGEATQYF	SEHDYQIGGYTEKW
CASSTGTGSSYEQYF	SEHDYQIGGYTEKW
CASSIGTGMNTEAFF	SEHDYQIGGYTEKW
CASSLGSGVTGELFF	SEHDYQIGGYTEKW
CASSIGQGSNTGELFF	SEHDYQIGGYTEKW
CASSMGQGVRYEQYF	SEHDYQIGGYTEKW
CASSIGAGVNQPQHF	SEHDYQIGGYTEKW
CASSIGLGFTYEQYF	SEHDYQIGGYTEKW
CASSTGQGLSYEQYF	SEHDYQIGGYTEKW
CASSTGQGASYEQYF	SEHDYQIGGYTEKW
CSVEDRGGGPHIQYF	SEHDYQIGGYTEKW
CSVGLGIEPQHF	SEHDYQIGGYTEKW
CASSIGTGSSGANVLTF	SEHDYQIGGYTEKW
CASSKGQGVSYEQYF	SEHDYQIGGYTEKW
CASSIGTGTGSYNEQFF	SEHDYQIGGYTEKW
CASSIGQGISYEQYF	SEHDYQIGGYTEKW
CASSIGTGEVDEQYF	SEHDYQIGGYTEKW
CASSMGQGQTYEQYF	SEHDYQIGGYTEKW
CASSYRDSSYEQYF	SEHDYQIGGYTEKW
CASSPGQGLSYEQYF	SEHDYQIGGYTEKW
CASNPGLGSSYEQYF	SEHDYQIGGYTEKW
CASSIGMGLYNEQFF	SEHDYQIGGYTEKW
CASSPGTGINNQPQHF	SEHDYQIGGYTEKW
CASSTGQGLSHEQYF	SEHDYQIGGYTEKW
CASDTPRAGETTLAKNIQYF	SEHDYQIGGYTEKW
CASSTGTGHRYEQYF	SEHDYQIGGYTEKW
CASSIGQGVNQPQHF	SEHDYQIGGYTEKW
CASSPSGSRITQYF	SEHDYQIGGYTEKW
CASSPGLGEEYEQYF	SEHDYQIGGYTEKW
CASSRGQGLSYEQYF	SEHDYQIGGYTEKW
CASSIGQGISYEQYF	SEHDYQIGGYTEKW
CASTLGQGLNTEAFF	SEHDYQIGGYTEKW
CASSVGTGTSYEQYF	SEHDYQIGGYTEKW
CASSQSSLAGGELFF	SEHDYQIGGYTEKW
CASSTGQGAVYEQYF	SEHDYQIGGYTEKW
CASAPGQGISYEQYF	SEHDYQIGGYTEKW
CASSRGQGLSYEQYF	SEHDYQIGGYTEKW
CASSIGEGPISYNEQFF	SEHDYQIGGYTEKW
CASSIGSGRWYEQFF	SEHDYQIGGYTEKW
CASSIGTGPNQPQHF	SEHDYQIGGYTEKW
CASSQPGRGLYEQYF	SEHDYQIGGYTEKW
CASNMGLSNTGELFF	SEHDYQIGGYTEKW
CASSTGQGLNTEAFF	SEHDYQIGGYTEKW
CASSSTGTSDSDTQYF	SEHDYQIGGYTEKW
CASSSGQGLSYEQYF	SEHDYQIGGYTEKW
CASNLGLGPSTDTQYF	SEHDYQIGGYTEKW
CASSIGQGVSTEAFF	SEHDYQIGGYTEKW
CASSIGAGRTYEQYF	SEHDYQIGGYTEKW
CASSIGAGEIYEQYF	SEHDYQIGGYTEKW
CASSKGQGLLYEQYF	SEHDYQIGGYTEKW
CASSIGLGQTHGYTF	SEHDYQIGGYTEKW
CAWTRDSYNEQFF	SEHDYQIGGYTEKW
CASSIGQGVSSYNEQFF	SEHDYQIGGYTEKW
CASSTGQGISYEQYF	SEHDYQIGGYTEKW
CASSPRTTGELFF	SEHDYQIGGYTEKW
CASNPGLGVSYEQYF	SEHDYQIGGYTEKW
CASSLGQGTSYEQYF	SEHDYQIGGYTEKW
CASSIGTGYSYEQYF	SEHDYQIGGYTEKW
CASTTALGVNQPQHF	SEHDYQIGGYTEKW
CASSPGQGLSYEQYF	SEHDYQIGGYTEKW
CASSIGTGIYNEQFF	SEHDYQIGGYTEKW
CASSVGQGVVNEQFF	SEHDYQIGGYTEKW
CASSLGQGESYEQYF	SEHDYQIGGYTEKW
CASSVGTGLAGELFF	SEHDYQIGGYTEKW
CASTPGTGVAGNQPQHF	SEHDYQIGGYTEKW
CASSAGLGITYEQYF	SEHDYQIGGYTEKW
CASSIGTGWSTEAFF	SEHDYQIGGYTEKW
CASSQSPRYEQYF	SEHDYQIGGYTEKW
CASSQGQGLVVEQYF	SEHDYQIGGYTEKW
CASSPGQGASYEQYF	SEHDYQIGGYTEKW
CASSMGQGLKHEQYF	SEHDYQIGGYTEKW
CASSIGVGQGYEQYF	SEHDYQIGGYTEKW
CASSSGTGVPDTQYF	SEHDYQIGGYTEKW
CASSIGQGIPETQYF	SEHDYQIGGYTEKW
CASSAGQGILYEQYF	SEHDYQIGGYTEKW
CASSIGQGSSYEQYF	SEHDYQIGGYTEKW
CASTLGQGATGELFF	SEHDYQIGGYTEKW
CASTLGTGGIDEQFF	SEHDYQIGGYTEKW
CASSLGDGQYF	SEHDYQIGGYTEKW
CASTPGTGFSNQPQHF	SEHDYQIGGYTEKW
CASSPGAGILYEQFF	SEHDYQIGGYTEKW
CASSSGTGLSYEQYF	SEHDYQIGGYTEKW
CASSIGLGTAYEQYF	SEHDYQIGGYTEKW
CASSLWQLAGGSYYEQYF	SEHDYQIGGYTEKW
CASSLGQGVNNQPQHF	SEHDYQIGGYTEKW
CASSMGTGKVYEQYF	SEHDYQIGGYTEKW
CASSMGQGNAYEQYF	SEHDYQIGGYTEKW
CASSIGTGASYEQYF	SEHDYQIGGYTEKW
CASSPGQGLIDEQFF	SEHDYQIGGYTEKW
CASSSGQLQETQYF	SEHDYQIGGYTEKW
CASSIGQGLSYEQYF	SEHDYQIGGYTEKW
CASSSIRTPNTGELFF	SEHDYQIGGYTEKW
CASSEGTGLSYEQYF	SEHDYQIGGYTEKW
CASSMGLGHSYEQYF	SEHDYQIGGYTEKW
CASSTGLGLAYEQYF	SEHDYQIGGYTEKW
CASSGGQGLTYEQYF	SEHDYQIGGYTEKW
CASSLQGNTEAFF	SEHDYQIGGYTEKW
CASSLGQGLSNQPQHF	SEHDYQIGGYTEKW
CASRPGLAGDYEQYF	SEHDYQIGGYTEKW
CSASGGAGEQFF	SEHDYQIGGYTEKW
CASSMGQGRSYEQYF	SEHDYQIGGYTEKW
CASSIGSGVAYEQYF	SEHDYQIGGYTEKW
CASSVGQGAITEAFF	SEHDYQIGGYTEKW
CASSIGLGLNNQPQHF	SEHDYQIGGYTEKW
CASSIGTGLLAKNIQYF	SEHDYQIGGYTEKW
CASSLVGTNYEQYF	SEHDYQIGGYTEKW
CASSIGQGPNQPQHF	SEHDYQIGGYTEKW
CASSPGQGLLNEQFF	SEHDYQIGGYTEKW
CASSIGTGLSYEQYF	SEHDYQIGGYTEKW
CASSSGTGYRYEQYF	SEHDYQIGGYTEKW
CASNRTSGPTYEQYF	SEHDYQIGGYTEKW
CASSIGLGINNEQFF	SEHDYQIGGYTEKW
CASSIGSGIGYEQYF	SEHDYQIGGYTEKW
CASSIGLGSLAKNIQYF	SEHDYQIGGYTEKW
CASSIGQGASYEQYF	SEHDYQIGGYTEKW
CASSIGVGVNYEQYF	SEHDYQIGGYTEKW
CASTPGLGLAYEQYF	SEHDYQIGGYTEKW
CASSTGTGLLHEQFF	SEHDYQIGGYTEKW
CASSSGQGVNTEAFF	SEHDYQIGGYTEKW
CASSVGQGFSYEQYF	SEHDYQIGGYTEKW
CASSLGLSPTEAFF	SEHDYQIGGYTEKW
CASSTGQGPTYEQYF	SEHDYQIGGYTEKW
CASREGIGLATGELFF	SEHDYQIGGYTEKW
CASSVGTGPVDTQYF	SEHDYQIGGYTEKW
CASSIGTGTAYEQYF	SEHDYQIGGYTEKW
CASSIGTGFSYEQYF	SEHDYQIGGYTEKW
CASSMGQGVRNEQFF	SEHDYQIGGYTEKW
CSARDLQDSYEQYF	SEHDYQIGGYTEKW
CASSAGLGLNTEAFF	SEHDYQIGGYTEKW
CASSIGLGQSYEQYF	SEHDYQIGGYTEKW
CASSDRAANTEAFF	SEHDYQIGGYTEKW
CASSPGQGVIYEQYF	SEHDYQIGGYTEKW
CASSTGQSSYNEQFF	SEHDYQIGGYTEKW
CASSKGTGTAYEQYF	SEHDYQIGGYTEKW
CASSIGLGSSYEQYF	SEHDYQIGGYTEKW
CASSIGTGLSGELFF	SEHDYQIGGYTEKW
CASSAGTGLSYEQYF	SEHDYQIGGYTEKW
CASSRGVSANQPQHF	SEHDYQIGGYTEKW
CASSTGQGIGYEQYF	SEHDYQIGGYTEKW
CASSTGQGLNNEQFF	SEHDYQIGGYTEKW
CASARGQGVNNQPQHF	SEHDYQIGGYTEKW
CSVVSPKLEQFF	SEHDYQIGGYTEKW
CASSQDPRDRVIKATNEKLFF	SEHDYQIGGYTEKW
CASSIGTGVLGELFF	SEHDYQIGGYTEKW
CPRREGSPLHF	SEHDYQIGGYTEKW
CASSIGQGARTEAFF	SEHDYQIGGYTEKW
CASSVGTGQAGELFF	SEHDYQIGGYTEKW
CASSIGQGYLNEQFF	SEHDYQIGGYTEKW
CASSPGQGMAYEQYF	SEHDYQIGGYTEKW
CASSPGLGILYEQYF	SEHDYQIGGYTEKW
CASNFGHQETQYF	SEHDYQIGGYTEKW
CASSSGTGLNTEAFF	SEHDYQIGGYTEKW
CASSIGQGFSYEQYF	SEHDYQIGGYTEKW
CASSSYFREKLFF	SEHDYQIGGYTEKW
CASSIGQGLDNEQFF	SEHDYQIGGYTEKW
CASSAGQGHSYEQYF	SEHDYQIGGYTEKW
CASSRGLGEIAKNIQYF	SEHDYQIGGYTEKW
CASSIGQGTSYEQYF	SEHDYQIGGYTEKW
CASSIGLGASSYNEQFF	SEHDYQIGGYTEKW
CASSKGLGTSYEQYF	SEHDYQIGGYTEKW
CASSRGLGREYEQYF	SEHDYQIGGYTEKW
CASSSGTGLTYEQYF	SEHDYQIGGYTEKW
CASSIGAGEIYEQYF	SEHDYQIGGYTEKW
CASSPGQGFSYEQYF	SEHDYQIGGYTEKW
CASSIGLGSTDEQFF	SEHDYQIGGYTEKW
CASSIGVGASYEQYF	SEHDYQIGGYTEKW
CASSMGQGVSYEQYF	SEHDYQIGGYTEKW
CASTTGLGVNNEQFF	SEHDYQIGGYTEKW
CASSLGQGIINEQFF	SEHDYQIGGYTEKW
CASSLGAGLKYEQYF	SEHDYQIGGYTEKW
CASGSQGSVEQYF	SEHDYQIGGYTEKW
CASGVGTGWDYEQYF	SEHDYQIGGYTEKW
CASSSQMTGGYTF	SEHDYQIGGYTEKW
CASSIGQGLHHEQYF	SEHDYQIGGYTEKW
CASSIGVGLDNEQFF	SEHDYQIGGYTEKW
CASSMGVGASSYNEQFF	SEHDYQIGGYTEKW
CASSIGIGSSYEQYF	SEHDYQIGGYTEKW
CASSVGTRGAGNTGELFF	SEHDYQIGGYTEKW
CASSIGQGETYEQYF	SEHDYQIGGYTEKW
CATQEGLAVTEQYF	SEHDYQIGGYTEKW
CASTLGTGSSGANVLTF	SEHDYQIGGYTEKW
CASSVGTGLSYEQYF	SEHDYQIGGYTEKW
CASSLGQGDSYEQYF	SEHDYQIGGYTEKW
CASKGPEGGNQPQHF	SEHDYQIGGYTEKW
CASSLGQGLSYEQYF	SEHDYQIGGYTEKW
CASSAGQGFRYEQYF	SEHDYQIGGYTEKW
CASSEWPHTDTQYF	SEHDYQIGGYTEKW
CASSIGQGVAYEQYF	SEHDYQIGGYTEKW
CASSFPRPNQPQHF	SEHDYQIGGYTEKW
CASSMGLGIGQPQHF	SEHDYQIGGYTEKW
CASSMGRGISYEQYF	SEHDYQIGGYTEKW
CASSIGTGHTNYGYTF	SEHDYQIGGYTEKW
CASASGTGVSYEQYF	SEHDYQIGGYTEKW
CASSIGQGISNEQFF	SEHDYQIGGYTEKW
CASSPGVGASSYNEQFF	SEHDYQIGGYTEKW
CASSMGQGANYEQYF	SEHDYQIGGYTEKW
CASAVGLGYNHEQYF	SEHDYQIGGYTEKW
CASSMASGLIYTQYF	SEHDYQIGGYTEKW
CASSIGLGLAYEQYF	SEHDYQIGGYTEKW
CASTTSPTPNTEAFF	SEHDYQIGGYTEKW
CASSSQGGVLDRDHFTDTQYF	SEHDYQIGGYTEKW
CASSIGLGPSSYNEQFF	SEHDYQIGGYTEKW
CASSDGTGIPDTQYF	SEHDYQIGGYTEKW
CASSMGQGVLYEQYF	SEHDYQIGGYTEKW
CASSIGTGNAYEQYF	SEHDYQIGGYTEKW
CASSIGTGFSYEQFF	SEHDYQIGGYTEKW
CASSLGQGSSYEQYF	SEHDYQIGGYTEKW
CASSRGQGLRYEQYF	SEHDYQIGGYTEKW
CATSDGYTDTQYF	SEHDYQIGGYTEKW
CASSIGLGYGGELFF	SEHDYQIGGYTEKW
CASSSDLASGELFF	SEHDYQIGGYTEKW
CASSKRSTDRGKETQYF	SEHDYQIGGYTEKW
CASAMGTGISYEQYF	SEHDYQIGGYTEKW
CASSIGQGASYEQYF	SEHDYQIGGYTEKW
CATKTGIGINTGELFF	SEHDYQIGGYTEKW
CASSIGQGLLTEAFF	SEHDYQIGGYTEKW
CASSIGLGTSYEQYF	SEHDYQIGGYTEKW
CASSTGTGPNNQPQHF	SEHDYQIGGYTEKW
CASTVGQGIDGELFF	SEHDYQIGGYTEKW
CASSIALGLNNQPQHF	SEHDYQIGGYTEKW
CASSVGQGEVGEQFF	SEHDYQIGGYTEKW
CASSIGLGLAGNEQFF	SEHDYQIGGYTEKW
CASSIGMGLNYEQYF	SEHDYQIGGYTEKW
CASSLGQGHSYEQYF	SEHDYQIGGYTEKW
CASSIGQGQIYEQYF	SEHDYQIGGYTEKW
CASSPGTGFSYEQYF	SEHDYQIGGYTEKW
CAWTTGTGAGVDNEQFF	SEHDYQIGGYTEKW
CASSIGTGLSIEQFF	SEHDYQIGGYTEKW
CASSIGLGAGTEAFF	SEHDYQIGGYTEKW
CASNQGVGMNTGELFF	SEHDYQIGGYTEKW
CASSPGTGLTYEQYF	SEHDYQIGGYTEKW
CASSIFRDNEQFF	SEHDYQIGGYTEKW
CASSLGQGMGSSYEQYF	SEHDYQIGGYTEKW
CASSIGTGFGYEQYF	SEHDYQIGGYTEKW
CASSFGTGLSYEQYF	SEHDYQIGGYTEKW
CASSLGLGRAYEQYF	SEHDYQIGGYTEKW
CASSIGLGRIGELFF	SEHDYQIGGYTEKW
CASSMGQGNVYEQYF	SEHDYQIGGYTEKW
CASSAGQGISYEQYF	SEHDYQIGGYTEKW
CASSMGQGLAYGYTF	SEHDYQIGGYTEKW
CASSDGTGFSYEQYF	SEHDYQIGGYTEKW
CAYVTGKTGELFF	SEHDYQIGGYTEKW
CASSMGQGAVYEQYF	SEHDYQIGGYTEKW
CASSIGLGLPSRYTF	SEHDYQIGGYTEKW
CASSLGQGIIYEQYF	SEHDYQIGGYTEKW
CASSSGSGLDYEQYF	SEHDYQIGGYTEKW
CASSPGTGYLYEQYF	SEHDYQIGGYTEKW
CASSIGVGPISYNEQFF	SEHDYQIGGYTEKW
CASSPGQGLSYEQYF	SEHDYQIGGYTEKW
CASSIGQGVSYEQYF	SEHDYQIGGYTEKW
CASSIGEGYSYEQYF	SEHDYQIGGYTEKW
CASSIGTGWNTGELFF	SEHDYQIGGYTEKW
CASSIGTGLTGELFF	SEHDYQIGGYTEKW
CASSAGTGLDYEQYF	SEHDYQIGGYTEKW
CASSIGQGISYEQYF	SEHDYQIGGYTEKW
CASSIGTGSSGANVLTF	SEHDYQIGGYTEKW
CASSNGLAATDTQYF	SEHDYQIGGYTEKW
CASSISGGLDEQFF	SEHDYQIGGYTEKW
CASSMGQGISYEQYF	SEHDYQIGGYTEKW
CASSPGQGFSYEQYF	SEHDYQIGGYTEKW
CASSIGVGRAYEQYF	SEHDYQIGGYTEKW
CASSPGQGRLYEQYF	SEHDYQIGGYTEKW
CASSVGEGAAYNEQFF	SEHDYQIGGYTEKW
CASSIGVGISYEQYF	SEHDYQIGGYTEKW
CASSIGQGLAYEQYF	SEHDYQIGGYTEKW
CASSFGQGYSYEQYF	SEHDYQIGGYTEKW
CASSIGSGVGYEQYF	SEHDYQIGGYTEKW
CASSIGTGAFSPLHF	SEHDYQIGGYTEKW
CASSYYRGSGEQYF	SEHDYQIGGYTEKW
CASSMGQGLSYEQYF	SEHDYQIGGYTEKW
CASSPGQGLLDEQFF	SEHDYQIGGYTEKW
CASSLGQGIAYEQYF	SEHDYQIGGYTEKW
CASSMGQGTTYEQYF	SEHDYQIGGYTEKW
CASSIGSGRAYEQYF	SEHDYQIGGYTEKW
CASSIGTGSYNEQFF	SEHDYQIGGYTEKW
CASSSGTGVSYEQYF	SEHDYQIGGYTEKW
CASSIGSGIRNEQFF	SEHDYQIGGYTEKW
CASSSGTGKSYEQYF	SEHDYQIGGYTEKW
CASSIGTGLLNEQFF	SEHDYQIGGYTEKW
CASSLTDRPDTQYF	SEHDYQIGGYTEKW
CASSIGAGLNTEAFF	SEHDYQIGGYTEKW
CASNLGTGITGELFF	SEHDYQIGGYTEKW
CASSSGTGLSYEQYF	SEHDYQIGGYTEKW
CASSIGQGLSYEQYF	SEHDYQIGGYTEKW
CASSIGTASNQPQHF	SEHDYQIGGYTEKW
CASSLVTENYEQYF	SEHDYQIGGYTEKW
CASSMGAGVRDEQYF	SEHDYQIGGYTEKW
CASSIGVGVAGELFF	SEHDYQIGGYTEKW
CASSPVARNEQYF	SEHDYQIGGYTEKW
CASTPGVGEAYEQYF	SEHDYQIGGYTEKW
CASTKGLGTPGELFF	SEHDYQIGGYTEKW
CASSIGSGRRVEQFF	SEHDYQIGGYTEKW
CASSIGAGVSYEQYF	SEHDYQIGGYTEKW
CASSQTAGGLRVQYF	SEHDYQIGGYTEKW
CASSLGTGISYEQYF	SEHDYQIGGYTEKW
CASSIGLGPLDYNEQFF	SEHDYQIGGYTEKW
CASSSSPVGLAGQYF	SEHDYQIGGYTEKW
CASTIGSGRSAEQFF	SEHDYQIGGYTEKW
CASTLGQGLNQPQHF	SEHDYQIGGYTEKW
CASSFPMGEAFF	SEHDYQIGGYTEKW
CASSMGQGDSYEQYF	SEHDYQIGGYTEKW
CASSIGLGSSYEQYF	SEHDYQIGGYTEKW
CASSIGAGVSYEQYF	SEHDYQIGGYTEKW
CASSSGQGVSYEQYF	SEHDYQIGGYTEKW
CASSLGQGYSYEQYF	SEHDYQIGGYTEKW
CASSVGQGLSYEQYF	SEHDYQIGGYTEKW
CASSAGRGTLYEQYF	SEHDYQIGGYTEKW
CASSVGQGMAYEQYF	SEHDYQIGGYTEKW
CSARDWSGRFGDEQFF	SEHDYQIGGYTEKW
CASSIGTGQLYEQYF	SEHDYQIGGYTEKW
CASSQPTLASGAEAFF	SEHDYQIGGYTEKW
CASSYPDDLKTGYEQYF	SEHDYQIGGYTEKW
CASTLGVGMNTEAFF	SEHDYQIGGYTEKW
CASSFGQGARGHEQFF	SEHDYQIGGYTEKW
CASSLGQGISYEQYF	SEHDYQIGGYTEKW
CASSIGQGPNQPQHF	SEHDYQIGGYTEKW
CASSIGQGLTYEQYF	SEHDYQIGGYTEKW
CASSMGQGAIYEQYF	SEHDYQIGGYTEKW
CASSIAQGISYEQYF	SEHDYQIGGYTEKW
CASATGTGVIDTQYF	SEHDYQIGGYTEKW
CASSQPRDLETQYF	SEHDYQIGGYTEKW
CASSIGTGALYEQYF	SEHDYQIGGYTEKW
CASSMGLGRTYEQYF	SEHDYQIGGYTEKW
CASSIGAGLDYEQYF	SEHDYQIGGYTEKW
CASSRGQGLSYEQYF	SEHDYQIGGYTEKW
CAPNQRSDRAEPYEQYF	SEHDYQIGGYTEKW
CASSSGTGLDNEQFF	SEHDYQIGGYTEKW
CASSTGTGFDYEQYF	SEHDYQIGGYTEKW
CASSIGQGTTHTQYF	SEHDYQIGGYTEKW
CASTIGTGVDYEQYF	SEHDYQIGGYTEKW
CASSIGQGIGHGYTF	SEHDYQIGGYTEKW
CASSIGAGRMYEQYF	SEHDYQIGGYTEKW
CASTPGVGSYNEQFF	SEHDYQIGGYTEKW
CASSVGTGQSYEQYF	SEHDYQIGGYTEKW
CASSIGTGIKYEQYF	SEHDYQIGGYTEKW
CASSMGQGSSYEQYF	SEHDYQIGGYTEKW
CASSIGQGVTYEQYF	SEHDYQIGGYTEKW
CASSTGLGIDYEQYF	SEHDYQIGGYTEKW
CASSLGLGSSYEQYF	SEHDYQIGGYTEKW
CASSKGQGISYEQYF	SEHDYQIGGYTEKW
CASSVGSGLLYEQYF	SEHDYQIGGYTEKW
CASSIGAGLDNEQFF	SEHDYQIGGYTEKW
CASSIGVGSSNQPQHF	SEHDYQIGGYTEKW
CASTSGMGLTYEQYF	SEHDYQIGGYTEKW
CASSIGTGLTYEQYF	SEHDYQIGGYTEKW
CASSGGSGLDNEQFF	SEHDYQIGGYTEKW
CASSIGLGWNTEAFF	SEHDYQIGGYTEKW
CASSTGTGLSYEQYF	SEHDYQIGGYTEKW
CASSPGAGLSYEQYF	SEHDYQIGGYTEKW
CASSVGVSSYNEQFF	SEHDYQIGGYTEKW
CASSIGQGVRSPLHF	SEHDYQIGGYTEKW
CASSVRRGGETGELFF	SEHDYQIGGYTEKW
CASSFATQGRAFF	SEHDYQIGGYTEKW
CASSAGLGVGQPQHF	SEHDYQIGGYTEKW
CASSIGQGLRNEQFF	SEHDYQIGGYTEKW
CASSAGLGLASAYNEQFF	SEHDYQIGGYTEKW
CASSIALAGHNEQFF	SEHDYQIGGYTEKW
CASSIGQGVTYEQYF	SEHDYQIGGYTEKW
CASSIGLGQSYEQYF	SEHDYQIGGYTEKW
CASSLGTGLTYEQYF	SEHDYQIGGYTEKW
CASSLGTGLSYEQYF	SEHDYQIGGYTEKW
CASSMGQGQLYEQYF	SEHDYQIGGYTEKW
CASSRGQGIDYEQYF	SEHDYQIGGYTEKW
CASSIGQGVDYEQYF	SEHDYQIGGYTEKW
CASSPGQGFSYEQYF	SEHDYQIGGYTEKW
CASSYGVGLNTEAFF	SEHDYQIGGYTEKW
CASSLGQGAIYEQYF	SEHDYQIGGYTEKW
CASSIGLGSQNIQYF	SEHDYQIGGYTEKW
CASSIGLGQSYEQYF	SEHDYQIGGYTEKW
CASSVGQGSSYEQYF	SEHDYQIGGYTEKW
CASSIGTGLGTEAFF	SEHDYQIGGYTEKW
CASSIGTGGGYEQYF	SEHDYQIGGYTEKW
CASSLGQGSLNINEQFF	SEHDYQIGGYTEKW
CASSTGQGLSYEQYF	SEHDYQIGGYTEKW
CASSPGQGLSYEQYF	SEHDYQIGGYTEKW
CASDRGSGLNNQPQHF	SEHDYQIGGYTEKW
CASSQVHGGETQYF	SEHDYQIGGYTEKW
CASSIGTGSSYEQYF	SEHDYQIGGYTEKW
CASSAGIGFSYEQYF	SEHDYQIGGYTEKW
CASSIGLGTSYEQYF	SEHDYQIGGYTEKW
CASRTTDKLEAFF	SEHDYQIGGYTEKW
CASSIGQGLGGELFF	SEHDYQIGGYTEKW
CASSIGTGLGNEQFF	SEHDYQIGGYTEKW
CASSIGSGSSYEQYF	SEHDYQIGGYTEKW
CASSMGLGLVDEQFF	SEHDYQIGGYTEKW
CASSLTGAYEQYF	SEHDYQIGGYTEKW
CSASDKPGPKSNIQYF	SEHDYQIGGYTEKW
CASSLDYSTQYF	SEHDYQIGGYTEKW
CASSLPTGGLNEQFF	SEHDYQIGGYTEKW
CASSSEGLAGGEEGEQYF	SEHDYQIGGYTEKW
CASSQRQGNYGYTF	SEHDYQIGGYTEKW
CASSIGLGFYNEQFF	SEHDYQIGGYTEKW
CASSIGLGATAYNEQFF	SEHDYQIGGYTEKW
CASSPGQGISYEQYF	SEHDYQIGGYTEKW
CASSVGQGLSYEQYF	SEHDYQIGGYTEKW
CASSLGDATYEQYF	SEHDYQIGGYTEKW
CASSIGQGLSYEQYF	SEHDYQIGGYTEKW
CASSIGTGRSYEQYF	SEHDYQIGGYTEKW
CASSSGTGLTGELFF	SEHDYQIGGYTEKW
CASSIGLGTNQPQHF	SEHDYQIGGYTEKW
CASSQGTGLSYEQYF	SEHDYQIGGYTEKW
CASSMGLGTGGFEQFF	SEHDYQIGGYTEKW
CASSLGQGDTYEQYF	SEHDYQIGGYTEKW
CASSISMGLAGHEQFF	SEHDYQIGGYTEKW
CASSTGTGVPGPQHF	SEHDYQIGGYTEKW
CASSLGQGLSYEQYF	SEHDYQIGGYTEKW
CASSIGQGTAYEQYF	SEHDYQIGGYTEKW
CASSIGSGTYYEQYF	SEHDYQIGGYTEKW
CASSLGLGGIYEQFF	SEHDYQIGGYTEKW
CASSLGQGLSYEQYF	SEHDYQIGGYTEKW
CASTTGTGLMDEQFF	SEHDYQIGGYTEKW
CASSMGLGQDYEQYF	SEHDYQIGGYTEKW
CASSIGTGRTYEQYF	SEHDYQIGGYTEKW
CASSPGQGVLHEQFF	SEHDYQIGGYTEKW
CASSSGSGLLYEQYF	SEHDYQIGGYTEKW
CASSIGRGDGSYEQYF	SEHDYQIGGYTEKW
CASSAGQGFSYEQYF	SEHDYQIGGYTEKW
CASTLGLGRRNEQFF	SEHDYQIGGYTEKW
CASTLGGVDGYTF	SEHDYQIGGYTEKW
CASHPAGGGTGELFF	SEHDYQIGGYTEKW
CASSIGLGRTYEQYF	SEHDYQIGGYTEKW
CASSIGTGSSGANVLTF	SEHDYQIGGYTEKW
CASSIGQSSNQPQHF	SEHDYQIGGYTEKW
CASSDPDRAVQDTEAFF	SEHDYQIGGYTEKW
CASSQDGLAGSEQYF	SEHDYQIGGYTEKW
CASSLGQGSSYEQYF	SEHDYQIGGYTEKW
CASTLGAGLSTEAFF	SEHDYQIGGYTEKW
CASSRGLGLAAEQFF	SEHDYQIGGYTEKW
CASSVGQGSSYEQYF	SEHDYQIGGYTEKW
CASSKGQGRSYEQYF	SEHDYQIGGYTEKW
CASSTGLGVVQPQHF	SEHDYQIGGYTEKW
CASSIGTGLDYEQYF	SEHDYQIGGYTEKW
CASSIGTGGRTEAFF	SEHDYQIGGYTEKW
CASSLGSGHTYEQYF	SEHDYQIGGYTEKW
CASSVGQGLTYEQYF	SEHDYQIGGYTEKW
CASTPGQGLLYEQYF	SEHDYQIGGYTEKW
CASSLGQGPGQYNEQFF	SEHDYQIGGYTEKW
CASSPGTGLRNEQFF	SEHDYQIGGYTEKW
CASSQGQGLSYEQYF	SEHDYQIGGYTEKW
CASSIGQGLHNEQFF	SEHDYQIGGYTEKW
CASSIGVGLTYEQYF	SEHDYQIGGYTEKW
CASSIGTGLLYEQYF	SEHDYQIGGYTEKW
CASSIGQGETYEQYF	SEHDYQIGGYTEKW
CASSMGVGNSYEQYF	SEHDYQIGGYTEKW
CASSAGTGFSYEQYF	SEHDYQIGGYTEKW
CASSTGQGFSYEQYF	SEHDYQIGGYTEKW
CASSIGVGPNTGELFF	SEHDYQIGGYTEKW
CASSIGLGLANEQFF	SEHDYQIGGYTEKW
CASSTGQGFAYEQYF	SEHDYQIGGYTEKW
CASSIGSGISYEQYF	SEHDYQIGGYTEKW
CASTPGIGPSSYNEQFF	SEHDYQIGGYTEKW
CASSIGVGLGNEQFF	SEHDYQIGGYTEKW
CASSIGQGESYEQYF	SEHDYQIGGYTEKW
CASSIGAGTENIQYF	SEHDYQIGGYTEKW
CASSIGGGLSYEQYF	SEHDYQIGGYTEKW
CAWSASYEQYF	SEHDYQIGGYTEKW
CASSIGAGTAYEQYF	SEHDYQIGGYTEKW
CASSAWASGGNEQFF	SEHDYQIGGYTEKW
CASSKGQGVSYEQYF	SEHDYQIGGYTEKW
CASSMGLGTTDEQFF	SEHDYQIGGYTEKW
CASSIGQGYTYEQYF	SEHDYQIGGYTEKW
CASSPGQEYEQYF	SEHDYQIGGYTEKW
CASSLWGTGDEQYF	SEHDYQIGGYTEKW
CASSIGVGMNTEAFF	SEHDYQIGGYTEKW
CASSIGQGLTYEQYF	SEHDYQIGGYTEKW
CASSMGQGMNTEAFF	SEHDYQIGGYTEKW
CASSLSSDRGHDQPQHF	SEHDYQIGGYTEKW
CASSIGAGTTYEQYF	SEHDYQIGGYTEKW
CASTIGVGVGYEQYF	SEHDYQIGGYTEKW
CASSIGTGNRYEQYF	SEHDYQIGGYTEKW
CSARLDEQYF	SEHDYQIGGYTEKW
CASSIGQGVDYEQYF	SEHDYQIGGYTEKW
CASGPGLGRTYEQYF	SEHDYQIGGYTEKW
CASSSTGFEQFF	SEHDYQIGGYTEKW
CASSVGTGDTYEQYF	SEHDYQIGGYTEKW
CASSFSGGSDTQYF	SEHDYQIGGYTEKW
CASSIGLGLAYEQYF	SEHDYQIGGYTEKW
CASSKGQGLSYEQYF	SEHDYQIGGYTEKW
CASSHGTGLRHEQYF	SEHDYQIGGYTEKW
CASSIGTGLLSYNEQFF	SEHDYQIGGYTEKW
CASSQGLGEGYNEQFF	SEHDYQIGGYTEKW
CASSAGQGTSYEQYF	SEHDYQIGGYTEKW
CASSIGTGVLYEQYF	SEHDYQIGGYTEKW
CASSLGQGIINEQFF	SEHDYQIGGYTEKW
CASSFGQGVVYEQYF	SEHDYQIGGYTEKW
CASSGGSGYDYEQYF	SEHDYQIGGYTEKW
CASCTGTGFAGELFF	SEHDYQIGGYTEKW
CASSSDTVTGYTF	SEHDYQIGGYTEKW
CASSIGQGILYEQYF	SEHDYQIGGYTEKW
CASSLGQGVRNEQFF	SEHDYQIGGYTEKW
CASSMGQGDSYEQYF	SEHDYQIGGYTEKW
CASSIGIGTGNNEQFF	SEHDYQIGGYTEKW
CASSIGQGTTYEQYF	SEHDYQIGGYTEKW
CASSTGLGIAYEQYF	SEHDYQIGGYTEKW
CASSIGTGVTGELFF	SEHDYQIGGYTEKW
CASSFPGELFF	SEHDYQIGGYTEKW
CASSTGQGVSYEQYF	SEHDYQIGGYTEKW
CASSMGQGVSYEQYF	SEHDYQIGGYTEKW
CASSIGTGVSYEQYF	SEHDYQIGGYTEKW
CASSIGQGVDYEQYF	SEHDYQIGGYTEKW
CASSKAVAGGDTGELFF	SEHDYQIGGYTEKW
CASSSGTGLNGEQYF	SEHDYQIGGYTEKW
CASSAGQGITYEQYF	SEHDYQIGGYTEKW
CASSIGQGADYGYTF	SEHDYQIGGYTEKW
CASSIGTGLSYEQFF	SEHDYQIGGYTEKW
CASSQELLTGELFF	SEHDYQIGGYTEKW
CASSIGTGLRSEAFF	SEHDYQIGGYTEKW
CASSLRTGYTEAFF	SEHDYQIGGYTEKW
CASGPGQGLIYEQYF	SEHDYQIGGYTEKW
CASSRGLGMLNEQFF	SEHDYQIGGYTEKW
CASRVRDIEYF	SEHDYQIGGYTEKW
CASSIGTGSLYEQYF	SEHDYQIGGYTEKW
CASSIGTGLTGELFF	SEHDYQIGGYTEKW
CASSEGTGLLYTQYF	SEHDYQIGGYTEKW
CASSPGLGMLSEQYF	SEHDYQIGGYTEKW
CASSPGTGLSYEQYF	SEHDYQIGGYTEKW
CASSMGLGAVYEQYF	SEHDYQIGGYTEKW
CASSPGIGETYEQYF	SEHDYQIGGYTEKW
CASTPGVGVAYEQYF	SEHDYQIGGYTEKW
CASSIGQGAAGELFF	SEHDYQIGGYTEKW
CASSRGQGNSYEQYF	SEHDYQIGGYTEKW
CSAEGLAGSYEQYF	SEHDYQIGGYTEKW
CASSSGAGGTDTQYF	SEHDYQIGGYTEKW
CAGADRGSFYEQYF	SEHDYQIGGYTEKW
CASSIGLGQGYEQYF	SEHDYQIGGYTEKW
CASSIGTGVAYEQYF	SEHDYQIGGYTEKW
CASSIGQGNTYEQYF	SEHDYQIGGYTEKW
CAWNSAGPHNEQFF	SEHDYQIGGYTEKW
CASSLNGALEQYF	SEHDYQIGGYTEKW
CASSPGSGLLLEQYF	SEHDYQIGGYTEKW
