CDR3	AA
CASSLGQGGTDTQYF	AQFAPSASA
CASSNVVGNIQYF	AQFAPSASA
CASSQESAVTNEKLFF	AQFAPSASA
CASSQEVAAGYDEQFF	AQFAPSASA
CASSVSSNAYNEQFF	AQFAPSASA
CASSPHVRDRGIAETQYF	AQFAPSASA
CASSTGAHSNQPQHF	AQFAPSASA
CASSGGGAVADTQYF	AQFAPSASA
CASSLNLAGRDEQFF	AQFAPSASA
CASSFKGQGREAFF	AQFAPSASA
CASSLKQYRNEQFF	AQFAPSASA
CASSFTSGGATDTQYF	AQFAPSASA
CASSTRGGGVTEAFF	AQFAPSASA
CASTAGGGTRPQHF	AQFAPSASA
CASSVAEGFSTDTQYF	AQFAPSASA
CASSQEVASQAGELFF	AQFAPSASA
CASSLDGANYGYTF	AQFAPSASA
CASSQEAASGETQYF	AQFAPSASA
CASRSSLAGGPLEQFF	AQFAPSASA
CASSPRTSGYNEQFF	AQFAPSASA
CASRPSAGGGEQFF	AQFAPSASA
CASSTQGNSNQPQHF	AQFAPSASA
CASSVEESGVSTDTQYF	AQFAPSASA
CASSQEFRTSGGGELFF	AQFAPSASA
CATSREVGTTDTQYF	AQFAPSASA
CASSLNDRGFQPQHF	AQFAPSASA
CASNPAGNSNQPQHF	AQFAPSASA
CASSPRLAREQFF	AQFAPSASA
CASSQEIAVRNEQFF	AQFAPSASA
CASSTALGRDTEAFF	AQFAPSASA
CASSTRLAGAYNEQFF	AQFAPSASA
CASSVEEGHSIDTQYF	AQFAPSASA
CASSTRLAGGPWATEQFF	AQFAPSASA
CASSITLSRVTDTQYF	AQFAPSASA
CASSQVPRKQYF	AQFAPSASA
CASSTTSRSTDTQYF	AQFAPSASA
CASSPSGANYEQYF	AQFAPSASA
CASSLYEGSGETQYF	AQFAPSASA
CASSALEGVLNEKLFF	AQFAPSASA
CASSGAPGQPQHF	AQFAPSASA
CASSARLAGDWLAKNIQYF	AQFAPSASA
CASSPSGGTKQYF	AQFAPSASA
CASSALETVYSGNTIYF	AQFAPSASA
CASSQELAVTGNTIYF	AQFAPSASA
CASSPSGRSINEQFF	AQFAPSASA
CASSLDSAGVPNEQFF	AQFAPSASA
CASSTQGYNSPLHF	AQFAPSASA
CASTPSGRVSDTQYF	AQFAPSASA
CASSLYSQEMAYNEQFF	AQFAPSASA
CASSFGGEADEQYV	AQFAPSASA
CASSHRDLLYEQYF	AQFAPSASA
CASSPGVANTEAFF	AQFAPSASA
CASSTTLATEAFF	AQFAPSASA
CASSTTLNTEAFF	AQFAPSASA
CASSVGEGVGQPQHF	AQFAPSASA
CASSVDETGNEQYF	AQFAPSASA
CATRGDYNEQFF	AQFAPSASA
CASRPGTGLWEQYF	AQFAPSASA
CASSFQLGSNQPQHF	AQFAPSASA
CASCDSGLSNQPQHF	AQFAPSASA
CASTSTGSSNQPQHF	AQFAPSASA
CASSLRGWGNEQYF	AQFAPSASA
CASSTKAGPTEAFF	AQFAPSASA
CASSVLEGPDTQYF	AQFAPSASA
CASSPSTGFNQPQHF	AQFAPSASA
CASSQEQAALPYNEQFF	AQFAPSASA
CASSLRGQDRPLHF	AQFAPSASA
CASSTRLGGNQPQHF	AQFAPSASA
CASSQGPGQPQHF	AQFAPSASA
CASSSAANQPQHF	AQFAPSASA
CASSLPGAPKPNEQFF	AQFAPSASA
CASSTRDRGNQPQHF	AQFAPSASA
CASSTRLDSNQPQHF	AQFAPSASA
CASSLTVGTGDNEQYF	AQFAPSASA
CASSIAAGMSNYGYTF	AQFAPSASA
CASSTRLAGAYNEQFF	AQFAPSASA
CASSTRGGTGELFF	AQFAPSASA
CASSQTLLGEELFF	AQFAPSASA
CASSFGWGRNYEQYF	AQFAPSASA
CASSTRGLSGLAGVQETQYF	AQFAPSASA
CATSTERTGNQPQHF	AQFAPSASA
CASSQEFASSGYNEQFF	AQFAPSASA
