CDR3	AA
CASSLESYSKETQYF	TVYSHLLLV
CASSIRQSNEKLFF	TVYSHLLLV
CATSRWGAGYEQYF	TVYSHLLLV
CASGQETQYF	TVYSHLLLV
CSVASMNTEAFF	TVYSHLLLV
CASRMTSNEQFF	TVYSHLLLV
CASYRRNEQFF	TVYSHLLLV
CASSVLAGVYNEQFF	TVYSHLLLV
CSALETGRPNTGELFF	TVYSHLLLV
CSAGNIGDYGQYF	TVYSHLLLV
CASSQRWGADTEAFF	TVYSHLLLV
CASSLGVGIAYEQYF	TVYSHLLLV
CASSEYAGGYEQYF	TVYSHLLLV
CASSPPNTEAFF	TVYSHLLLV
CASQLQGSYEQYF	TVYSHLLLV
CASKGLADYNEQFF	TVYSHLLLV
CASRMDSETMNTEAFF	TVYSHLLLV
CASSYDQETDTQYF	TVYSHLLLV
CASSPRPVTDSNTGELFF	TVYSHLLLV
CASSQYRVYEQYF	TVYSHLLLV
CASSLWGVAGGQETQYF	TVYSHLLLV
CASSLGLDSNEQFF	TVYSHLLLV
CASSSADRVSLYGYTF	TVYSHLLLV
CASSLFGARNTEAFF	TVYSHLLLV
CASVALGYGYTF	TVYSHLLLV
CASSPDRNEQFF	TVYSHLLLV
CASSSARGDEVPAGELFF	TVYSHLLLV
CASSQAPGAYEQYF	TVYSHLLLV
CASSLVAQPPSTDTQYF	TVYSHLLLV
CASSLTGSYEQYF	TVYSHLLLV
CASSSATGELFF	TVYSHLLLV
CSVLGTDSNSTDTQYF	TVYSHLLLV
CASSEGAMGYTEAFF	TVYSHLLLV
CASSLWLPIQGAVLAGDNEQFF	TVYSHLLLV
CASSYSPGAYEQYF	TVYSHLLLV
CASSSHRGTLFYSNQPQHF	TVYSHLLLV
CASRNKRTSGEETQYF	TVYSHLLLV
CASSFPGNEAFF	TVYSHLLLV
CASSPGGAGYGYTF	TVYSHLLLV
CASSPASGGLTDTQYF	TVYSHLLLV
CASSRGVASVGETQYF	TVYSHLLLV
CASSLNHRTGSYEQYF	TVYSHLLLV
CASSFLTSGSTGELFF	TVYSHLLLV
CASSPDRMNTEAFF	TVYSHLLLV
CASSFFSAPEQFF	TVYSHLLLV
CASSFEREADTQYF	TVYSHLLLV
CASSLGAGLSYEQYF	TVYSHLLLV
CATYERNEQFF	TVYSHLLLV
CASSYPGERPTGELFF	TVYSHLLLV
CASSGLTGNEQYF	TVYSHLLLV
CASSQDPGLGNTIYF	TVYSHLLLV
CASSVQGPNTEAFF	TVYSHLLLV
CAISDGVSSNQPQHF	TVYSHLLLV
CASSPGLHSYNEQFF	TVYSHLLLV
CASSPLLGDNTQYF	TVYSHLLLV
CSVEDLASGSYEQYF	TVYSHLLLV
CASSSGQFEETQYF	TVYSHLLLV
CASSFLLNRYEQYF	TVYSHLLLV
CASSFSPVYEQYF	TVYSHLLLV
CASSPGGTGELFF	TVYSHLLLV
CASSLAGFEQYF	TVYSHLLLV
CASSLDIPASIYGYTF	TVYSHLLLV
CASSPPAGVGTDTQYF	TVYSHLLLV
CASSSTGTGFPYGYTF	TVYSHLLLV
CASSEGQIYGYTF	TVYSHLLLV
CASSPRDNSYEQYF	TVYSHLLLV
CASSFGASPYEQYF	TVYSHLLLV
CASSTRDRSIGELFF	TVYSHLLLV
CASSYHSDTLSYEQYF	TVYSHLLLV
CSVQGTDQPNYGYTF	TVYSHLLLV
CASSLLTDTQYF	TVYSHLLLV
CASSPAGTSGNEQFF	TVYSHLLLV
CASSLWEGNTEAFF	TVYSHLLLV
CATSDTTSGRGGTDTQYF	TVYSHLLLV
CASSFSGESYEQYF	TVYSHLLLV
CASSDGGGSGRILNSYEQYF	TVYSHLLLV
CASSPESYEQYF	TVYSHLLLV
CASSFATSGNEQFF	TVYSHLLLV
CASVGGSGYEQYF	TVYSHLLLV
CASRRGQPGGELFF	TVYSHLLLV
CASSTGLALNEQFF	TVYSHLLLV
CSARGRTSGSLGETQYF	TVYSHLLLV
CASSSKGGAFTGELFF	TVYSHLLLV
CASSVETGAGGPVHEQYF	TVYSHLLLV
CASSFYGGGGPTDTQYF	TVYSHLLLV
CASSSPGTGGGETQYF	TVYSHLLLV
CASSYGGGQETQYF	TVYSHLLLV
CASSLRDRAITDTQYF	TVYSHLLLV
CASSYNRGVFRSQYEQYF	TVYSHLLLV
CSVPHLLAGEQFF	TVYSHLLLV
CASSSALPFQGEAGNTIYF	TVYSHLLLV
CARGQRNTGELFF	TVYSHLLLV
CSGRGDSSYEQYF	TVYSHLLLV
CASKVSVMNTEAFF	TVYSHLLLV
CASSPPVVHEQYF	TVYSHLLLV
CASRRAEDTQYF	TVYSHLLLV
CASSLGTGVVYEQYF	TVYSHLLLV
CASSYPSPTQYF	TVYSHLLLV
CASTTIEGANTGELFF	TVYSHLLLV
CASSFGMEDYGYTF	TVYSHLLLV
CSATGRSSYNEQFF	TVYSHLLLV
CASRADQETQYF	TVYSHLLLV
CASSPWDSTYEQYF	TVYSHLLLV
CASSLTGTGGYTF	TVYSHLLLV
CASSLLAGEETQYF	TVYSHLLLV
CASSHPQGALTGELFF	TVYSHLLLV
CASSQGSQGNEQFF	TVYSHLLLV
CASSGSGEQYF	TVYSHLLLV
CASSAMSREQYF	TVYSHLLLV
CASSLIGGGYTF	TVYSHLLLV
CASSPYGTSGRTDEQYF	TVYSHLLLV
CASSDYRPYEQYF	TVYSHLLLV
CASHTKNNEQFF	TVYSHLLLV
CSALPGQGYEQYF	TVYSHLLLV
CASSEGTTGELFF	TVYSHLLLV
CASSLKGLYNEQFF	TVYSHLLLV
CASSPSRTGGDYEQYF	TVYSHLLLV
CASSGSWNTGELFF	TVYSHLLLV
CASSPGTSGNEQFF	TVYSHLLLV
CASSILGEGLAGKQFF	TVYSHLLLV
CASSLANQPQHF	TVYSHLLLV
CASSLVQATGELFF	TVYSHLLLV
CASSLGGDEQFF	TVYSHLLLV
CASSPSGSSADTQYF	TVYSHLLLV
CASSSPRTDTQYF	TVYSHLLLV
CASSSKTRTYEQYF	TVYSHLLLV
CSVMTSGTSYEQYF	TVYSHLLLV
CASGEGTANTGELFF	TVYSHLLLV
CSARKRPKEMNTEAFF	TVYSHLLLV
CASSQYNSPLHF	TVYSHLLLV
CAIPRAGEEYGYTF	TVYSHLLLV
CASSYSGGAYNEQFF	TVYSHLLLV
CASSPRAGVTNTGELFF	TVYSHLLLV
CASRGQSTNEQFF	TVYSHLLLV
CASSPLQYTGELFF	TVYSHLLLV
CASSQEGVSDTQYF	TVYSHLLLV
CASSLEVDMNTEAFF	TVYSHLLLV
CSANPLSYEQYF	TVYSHLLLV
CASSDRDMSSYNSPLHF	TVYSHLLLV
CASRGTGGYNEQFF	TVYSHLLLV
CAISPPGPSYNEQFF	TVYSHLLLV
CASSLPDRSGNTIYF	TVYSHLLLV
CASSLGSNQPQHF	TVYSHLLLV
CASSLWGAENTDTQYF	TVYSHLLLV
CASSLLADSYNEQFF	TVYSHLLLV
CASSLWDSLNQPQHF	TVYSHLLLV
CASRFRDSYQPQHF	TVYSHLLLV
CASIQDSSNYGYTF	TVYSHLLLV
CASSHFTLNTEAFF	TVYSHLLLV
CASSPASYEQYF	TVYSHLLLV
CASSIQGRFWEQYF	TVYSHLLLV
CASSNPRTSPSNEQFF	TVYSHLLLV
CATSRPWTSRNTGELFF	TVYSHLLLV
CASSQEDWYNEQFF	TVYSHLLLV
CASSRSSYEQYF	TVYSHLLLV
CASWNSGPHNEQFF	TVYSHLLLV
CASSAGLASYNEQFF	TVYSHLLLV
CASSPRSGDWYGYTF	TVYSHLLLV
CASSLKEKTYEQYF	TVYSHLLLV
CASSPTSGHYEQYF	TVYSHLLLV
CASSQLGGATGGWSPLHF	TVYSHLLLV
CASSLGGTSTDTQYF	TVYSHLLLV
CASSQQTGAYEQYF	TVYSHLLLV
CSVEGESDTQYF	TVYSHLLLV
CASTLGGTSVDTQYF	TVYSHLLLV
CASSSQTSWDNEQFF	TVYSHLLLV
CASSLEGYTGELFF	TVYSHLLLV
CASNPPLAVYEQYF	TVYSHLLLV
CASSRLPDQYNEQFF	TVYSHLLLV
CASSTSGQYGYTF	TVYSHLLLV
CASRTTEVAYEQYF	TVYSHLLLV
CASSEYGATDTQYF	TVYSHLLLV
CASSLTYYNEQFF	TVYSHLLLV
CASSAPGQSYNEQFF	TVYSHLLLV
CASSSGNLIVKNTEAFF	TVYSHLLLV
CASSELNRANTEAFF	TVYSHLLLV
CASSLIMSSYNSPLHF	TVYSHLLLV
CASSSGGGAIQETQYF	TVYSHLLLV
CASSLVVHTDTQYF	TVYSHLLLV
CASSDISGMTEAFF	TVYSHLLLV
CASSDLGRVHGYTF	TVYSHLLLV
CASSIAAPYQGIVKNTEAFF	TVYSHLLLV
CASSQKNSDYEQYF	TVYSHLLLV
CASSLRRDPNSPLHF	TVYSHLLLV
CASSLRAGLYNEQFF	TVYSHLLLV
CSVLAGSYEQYF	TVYSHLLLV
CASSVIPGQNSNTEAFF	TVYSHLLLV
CASSEDLRDRGSYEQYF	TVYSHLLLV
CSVYPGQVVVLHNEQFF	TVYSHLLLV
CASSLSAWQGYTF	TVYSHLLLV
CASYQAGTGGYYPYYEQYF	TVYSHLLLV
CASSHSNQPQHF	TVYSHLLLV
CASSPYGFEQYF	TVYSHLLLV
CASSLGQGGSPLHF	TVYSHLLLV
CATISLGAREQYF	TVYSHLLLV
CASSEVSGTSGRAGELFF	TVYSHLLLV
CASNHRGVASANVLTF	TVYSHLLLV
CASSLAPGVGYEQYF	TVYSHLLLV
CASSLGRDMNTEAFF	TVYSHLLLV
CASSRDSNTEAFF	TVYSHLLLV
CASSQGSMDDYGYTF	TVYSHLLLV
CASSSGDYEQYF	TVYSHLLLV
CASSQEFFSGNTIYF	TVYSHLLLV
CASSESWTSGSEVSNIQYF	TVYSHLLLV
CASSLTSYEQYF	TVYSHLLLV
CAYIERLAVSYEQYF	TVYSHLLLV
CASSEGGSWEGYTF	TVYSHLLLV
CASKGTGPAEQYF	TVYSHLLLV
CASSLTGAGTEAFF	TVYSHLLLV
CASAAGFPDTQYF	TVYSHLLLV
CSATTDQLRGMNTEAFF	TVYSHLLLV
CASSVDRSELAQETQYF	TVYSHLLLV
CASGLLAGSTDTQYF	TVYSHLLLV
CASSQGPFLTEAFF	TVYSHLLLV
CASSLVAGGLDEQFF	TVYSHLLLV
CASISPGYNEQFF	TVYSHLLLV
CASSWTGGTEAFF	TVYSHLLLV
CASSIDSTSGVLETQYF	TVYSHLLLV
CASSLTGANEKLFF	TVYSHLLLV
CASSLGPSGGVSSYNEQFF	TVYSHLLLV
CASSLGATSTDTQYF	TVYSHLLLV
CASSYRNTGELFF	TVYSHLLLV
CASSSPTGGRFTDTQYF	TVYSHLLLV
CASSQSQSYEQYF	TVYSHLLLV
CASSRGQQNEKLFF	TVYSHLLLV
CASSRTAYSYEQYF	TVYSHLLLV
CASSLQRALVDTQYF	TVYSHLLLV
CASSPPDSSYNEQFF	TVYSHLLLV
CSVGGGASNTIYF	TVYSHLLLV
CASSNDWSEQETQYF	TVYSHLLLV
CASSTAGSQPQHF	TVYSHLLLV
CASSQITGLAVGNEQFF	TVYSHLLLV
CASSLVLADQETQYF	TVYSHLLLV
CASSTVDSNLNQPQHF	TVYSHLLLV
CASSLDPGGYNEQFF	TVYSHLLLV
CASSFLNTEAFF	TVYSHLLLV
CASYTDTQYF	TVYSHLLLV
CASSLGTGVSYEQYF	TVYSHLLLV
CASSPQIATPGELFF	TVYSHLLLV
CSVEAGRGKTQYF	TVYSHLLLV
CASSELLETQYF	TVYSHLLLV
CSARGVDSTDTQYF	TVYSHLLLV
CASSQRPDNSPLHF	TVYSHLLLV
CASSPVENLNTGELFF	TVYSHLLLV
CASRPRGSYNEQFF	TVYSHLLLV
CASSLVALAGGSYEQYF	TVYSHLLLV
CASGGLINEQFF	TVYSHLLLV
CATSEWESSGELFF	TVYSHLLLV
CASSLESGFGEQYF	TVYSHLLLV
CASRLGQGDSYEQYF	TVYSHLLLV
CASSIRQTNQPQHF	TVYSHLLLV
CASSEVGVDTEAFF	TVYSHLLLV
CASRLTDTQYF	TVYSHLLLV
CSANRQLSYEQYF	TVYSHLLLV
CASSEAPDSFYEQYF	TVYSHLLLV
CASKGLTGELFF	TVYSHLLLV
CASSEIDGTTEAFF	TVYSHLLLV
CASSPWGGEGQETQYF	TVYSHLLLV
CATSRAAGEVGQETQYF	TVYSHLLLV
CSAILAGVYTGELFF	TVYSHLLLV
CASSQDATEAFF	TVYSHLLLV
CASSWNIQGHEQYF	TVYSHLLLV
CSATGGSTYEQYF	TVYSHLLLV
CASTPGLNEQFF	TVYSHLLLV
