CDR3	AA
CASSLPGLSYEQYF	LYSPIFLIV
CASSEAGGSYYEQYF	LYSPIFLIV
CASSIAGAADTQYF	LYSPIFLIV
CASSLGGVFYEQYF	LYSPIFLIV
CASKSPGQGEETQYF	LYSPIFLIV
CASTGYNEQFF	LYSPIFLIV
CASSFSVAGYNEQFF	LYSPIFLIV
CASSDEQGSNEQYF	LYSPIFLIV
CASSETGYFQPQHF	LYSPIFLIV
CASSPGLSLSYGYTF	LYSPIFLIV
CASSQDGAVYGYTF	LYSPIFLIV
CASSLLAGGPREQFF	LYSPIFLIV
CASSTPGVAGSNSPLHF	LYSPIFLIV
CASSQDTGVGNEQFF	LYSPIFLIV
CASSLSMPQETQYF	LYSPIFLIV
CASSVGEDSPLHF	LYSPIFLIV
CASNAGGLNEQFF	LYSPIFLIV
CASHVGGGYNEQFF	LYSPIFLIV
CASLPDRAGIGTQYF	LYSPIFLIV
CASSQERTRDTEAFF	LYSPIFLIV
CASSLEASGDNEQFF	LYSPIFLIV
CASSSPGTGLGEQYF	LYSPIFLIV
CATGADYGYTF	LYSPIFLIV
CASSQDFGQGYTEAFF	LYSPIFLIV
CASSLEGLAGSNEQFF	LYSPIFLIV
CASSGDLNVYNEQFF	LYSPIFLIV
CASSQGSGSTNEKLFF	LYSPIFLIV
CASSPLLAGVKNEQFF	LYSPIFLIV
CASSLDEQGLTEAFF	LYSPIFLIV
CSVVRQAQETQYF	LYSPIFLIV
CASRLGPSGSNEQYF	LYSPIFLIV
CSVEDPGQGGAGYTF	LYSPIFLIV
CASSYPGTSGVWEQYF	LYSPIFLIV
CASSQFYTRDRELDQPQHF	LYSPIFLIV
CSVDGGEGQVNNEQFF	LYSPIFLIV
CASSLADGTGVYGYTF	LYSPIFLIV
CASSSPGTSRNEQFF	LYSPIFLIV
CASSLAFEQFF	LYSPIFLIV
CASSAQPIFFGDEQFF	LYSPIFLIV
CASSITTGNEQYF	LYSPIFLIV
CASSIGSGGEDQPQHF	LYSPIFLIV
CSVETGFLDTIYF	LYSPIFLIV
CASRRSFLGHNEQFF	LYSPIFLIV
CASSEFWTGAYEQYF	LYSPIFLIV
CASRSPGTAVDEQYF	LYSPIFLIV
CASRRQGDTGELFF	LYSPIFLIV
CATSPGGGQGAAETQYF	LYSPIFLIV
CASSSSSYEQYF	LYSPIFLIV
CASSLSPNTEAFF	LYSPIFLIV
CASSILGQARYEQYF	LYSPIFLIV
CSMAGTSAYNEQFF	LYSPIFLIV
CSVESGGTEAFF	LYSPIFLIV
CASSLLWASGYNEQFF	LYSPIFLIV
CASSSPGTGTYEQYF	LYSPIFLIV
CASSQLGQGAYEQYF	LYSPIFLIV
CASSSERGLVDEQFF	LYSPIFLIV
CAVRSGNSYNEQFF	LYSPIFLIV
CASGLANTGELFF	LYSPIFLIV
CASSIAGGPYEQYV	LYSPIFLIV
CASSEATIRGTGELFF	LYSPIFLIV
CASSLVSGELFF	LYSPIFLIV
CASSLGTGSSPLHF	LYSPIFLIV
CASSQDSNPGNTIYF	LYSPIFLIV
CASSQDRVSWAFF	LYSPIFLIV
CASSVGYGGAWDEQFF	LYSPIFLIV
CASSFTGGNTEAFF	LYSPIFLIV
CASSHWGEAAPTDTQYF	LYSPIFLIV
CASSSPGTGFNEQFF	LYSPIFLIV
CASSVLRVIGEKLFF	LYSPIFLIV
CASSQEGQGRNEQFF	LYSPIFLIV
CAIRGAGELFF	LYSPIFLIV
CASRRILAGVFDTGELFF	LYSPIFLIV
CASSVGLWGQIDTEAFF	LYSPIFLIV
CASSSPGQGVYEQYF	LYSPIFLIV
CASSFGPFSNQPQHF	LYSPIFLIV
CASSVAYWGGPDNEQFF	LYSPIFLIV
CASSPGGGEETQYF	LYSPIFLIV
CASSFGTDYEQYF	LYSPIFLIV
CASSIQGANEQFF	LYSPIFLIV
CASSLSVGQLQETQYF	LYSPIFLIV
CASSVVVAGGPGDTQYF	LYSPIFLIV
CSVEGQGANGYTF	LYSPIFLIV
CASSSGGDQPQHF	LYSPIFLIV
CASSVSAEDTQYF	LYSPIFLIV
CASTGYNEQFF	LYSPIFLIV
CSVLPGQTITYEQYF	LYSPIFLIV
CASSLTEGVGAEQFF	LYSPIFLIV
CASSSPGTGRNEQFF	LYSPIFLIV
CASTQGWGSEQYF	LYSPIFLIV
CASSLAGGTTEAFF	LYSPIFLIV
CASSLFGTGLETQYF	LYSPIFLIV
CASSAPTGTQYF	LYSPIFLIV
CASSLGGARDIQYF	LYSPIFLIV
CSVEGGDAETQYF	LYSPIFLIV
CASSLSLEGNEQFF	LYSPIFLIV
CATSPGQSSYEQYF	LYSPIFLIV
CASSLEIGQFANTGELFF	LYSPIFLIV
CASSLEVGVSSIQYF	LYSPIFLIV
CASSYRNLRLVAPTDTQYF	LYSPIFLIV
CASSQEGGLAGIYEQYF	LYSPIFLIV
CASSQAGTGMYEQYF	LYSPIFLIV
CASSEIQGARAYTQYF	LYSPIFLIV
CASSFGRSTTPEAYNEQFF	LYSPIFLIV
CASSYGPSYEQYF	LYSPIFLIV
CASSFGGAGSETQYF	LYSPIFLIV
CASSPYRGGAYNSPLHF	LYSPIFLIV
CASSLWRGGYNEQFF	LYSPIFLIV
CSARPDYTDTQYF	LYSPIFLIV
CASSLGLAGSYEQYF	LYSPIFLIV
CSVDGTSGGSTDTQYF	LYSPIFLIV
CASSYLAEVGEQFF	LYSPIFLIV
CASSLVEDLGETQYF	LYSPIFLIV
CASSDATYNEQFF	LYSPIFLIV
CASSPIVMNTGELFF	LYSPIFLIV
CASSPLGPGDTEAFF	LYSPIFLIV
CASSFVGGGYEQYF	LYSPIFLIV
CSVQEASYGYTF	LYSPIFLIV
CTSAGAGEQYF	LYSPIFLIV
CASSLDSNSGNTIYF	LYSPIFLIV
CASGSGIPAGVGETQYF	LYSPIFLIV
CSVLLAVTSYEQYF	LYSPIFLIV
CASSFFGTGGIPNTGELFF	LYSPIFLIV
CASSAGTGGWNEQFF	LYSPIFLIV
CASSQDLLAEQFF	LYSPIFLIV
CASSPGQNEKLFF	LYSPIFLIV
CASSFSGELFF	LYSPIFLIV
CASSQDWGTGGNYGYTF	LYSPIFLIV
CASKGSYNEQFF	LYSPIFLIV
CASSLQAGYEQYF	LYSPIFLIV
CASSLLPAQEQFF	LYSPIFLIV
CASSLEGGLTYEQYF	LYSPIFLIV
CSVDGLAGAGVETQYF	LYSPIFLIV
CASKRVEGGGNQPQHF	LYSPIFLIV
CASSSPGQGFYEQYF	LYSPIFLIV
CASSPAGGPSATDTQYF	LYSPIFLIV
CASSFQGNSGNTIYF	LYSPIFLIV
CASPGTGELFF	LYSPIFLIV
CASSLLEQFF	LYSPIFLIV
CASRGTGGIYEQYF	LYSPIFLIV
CASSNEDRGHQPQHF	LYSPIFLIV
CASSLAWGIDTDTQYF	LYSPIFLIV
CASRARVSYEQYF	LYSPIFLIV
CASSYSITYEQYF	LYSPIFLIV
CASTVGDRAYNEQFF	LYSPIFLIV
CASSQLAEPSYEQYF	LYSPIFLIV
CSATLDSPLTDTQYF	LYSPIFLIV
CASSQDGTDLADTQYF	LYSPIFLIV
CASSLSGDSYEQYF	LYSPIFLIV
CASSLSGNTEAFF	LYSPIFLIV
CSVEEATRGYTF	LYSPIFLIV
CASSYGGRYNEQFF	LYSPIFLIV
CASSLVGTGLGDEQFF	LYSPIFLIV
CASRIAGGPYEQYF	LYSPIFLIV
CSVDGIRNTEAFF	LYSPIFLIV
CASSQDTSGGFGTDTQYF	LYSPIFLIV
CASSRPGTGEDTQYF	LYSPIFLIV
CASSGLAGGVEQFF	LYSPIFLIV
CASSHPNSPGWVF	LYSPIFLIV
CASSHRDPYEQYF	LYSPIFLIV
CASSQFGGQAGELFF	LYSPIFLIV
CASSPPDRPYEQYF	LYSPIFLIV
CASRRVAGDTLYNEQFF	LYSPIFLIV
CSALGTGYVYGYTF	LYSPIFLIV
CASSLYAGLNQPQHF	LYSPIFLIV
CASSLGGASYNSPLHF	LYSPIFLIV
CAVLGSEFETQYF	LYSPIFLIV
CSVDILEGAVEAFF	LYSPIFLIV
CSARGRSAIYEQYF	LYSPIFLIV
CASNARTGYQETQYF	LYSPIFLIV
CASSLPGLAGGHVFPDTQYF	LYSPIFLIV
CSVEDQWVEAGDTQYF	LYSPIFLIV
CASSYSVRDMNTEAFF	LYSPIFLIV
CASSNLNPLGLTGELFF	LYSPIFLIV
CSGGPTYEQYF	LYSPIFLIV
CASSFTGGILDTQYF	LYSPIFLIV
CASSLTGTGSTEAFF	LYSPIFLIV
CASSPTRIDEQYF	LYSPIFLIV
CASSYGLAGGQISPDTGELFF	LYSPIFLIV
CASSAQTAFGGNEQFF	LYSPIFLIV
CSVEGMGPVLGYTF	LYSPIFLIV
CASSCTGQGDEKLFF	LYSPIFLIV
CASSQDVGAGNTIYF	LYSPIFLIV
CASSLLDRENSDGYTF	LYSPIFLIV
CASSYSTTGELFF	LYSPIFLIV
CASSRGDGWDETQYF	LYSPIFLIV
CASSSPGQGKNEQFF	LYSPIFLIV
CASSVESTATYFRWDSPLHF	LYSPIFLIV
CATSDLGQGDNEQFF	LYSPIFLIV
CASSLGGVWGTEAFF	LYSPIFLIV
CASSEYGAENTGELFF	LYSPIFLIV
CASSSELAYNEQFF	LYSPIFLIV
CASSLAEGPDTQYF	LYSPIFLIV
CSVEGTPGLAVLGQYF	LYSPIFLIV
CASSYSGTSGYEQYF	LYSPIFLIV
CASSLSGSAGYEQYF	LYSPIFLIV
CASSVQGGMNEQYF	LYSPIFLIV
CAWSVTTGGYYNEQFF	LYSPIFLIV
CASSLSLAGYNEQFF	LYSPIFLIV
CASSRDRYSNQPQHF	LYSPIFLIV
CASSLAGGFAYEQYF	LYSPIFLIV
CARSLTVLGDKGETQYF	LYSPIFLIV
CASSHLAGGSYEQYF	LYSPIFLIV
CSVEWQGGDYGYTF	LYSPIFLIV
CASSLTDTGELFF	LYSPIFLIV
CASSSSGTAFTPLHF	LYSPIFLIV
CASSLGTSGPYEQYF	LYSPIFLIV
CASSLAGDYGYTF	LYSPIFLIV
CASTPTLYGTDTQYF	LYSPIFLIV
CASSAVNTGELFF	LYSPIFLIV
CASSVFQGAWNTEAFF	LYSPIFLIV
CASSLEGLAGDNEQFF	LYSPIFLIV
CAIIGGPYGYTF	LYSPIFLIV
CASTLEHRMNTEAFF	LYSPIFLIV
CASSFSSSYNEQFF	LYSPIFLIV
CASSLSPGGFYNEQFF	LYSPIFLIV
CASGPPYTGELFF	LYSPIFLIV
CASSATGVGYEQYF	LYSPIFLIV
CASSQDLVNEQYF	LYSPIFLIV
CASSRTSGPIGNIQYF	LYSPIFLIV
CASSLGDSNTEAFF	LYSPIFLIV
CASSPLGGLHTGELFF	LYSPIFLIV
CASSQPGLINEQYF	LYSPIFLIV
CASSYLAGGPHNEQFF	LYSPIFLIV
CASSLDPGLGIYEQYF	LYSPIFLIV
CASSLPHATENIQYF	LYSPIFLIV
CASSLGEAAGREIEQYF	LYSPIFLIV
CASRQGYEQFF	LYSPIFLIV
CSVGAGTSYEQYF	LYSPIFLIV
CASSLGQGYEQYF	LYSPIFLIV
CASSLGQGAYEQYF	LYSPIFLIV
CASSQGTGTTEAFF	LYSPIFLIV
CASKFGQGYEQYF	LYSPIFLIV
CASMSSGELFF	LYSPIFLIV
CASSFAKSYYGYTF	LYSPIFLIV
CASSAPGLPNGETQYF	LYSPIFLIV
CASSLVDRNEQFF	LYSPIFLIV
CASSLNSYEQYF	LYSPIFLIV
CASSLDRSGGSTDTQYF	LYSPIFLIV
CASRSQMGIGGYTF	LYSPIFLIV
CASSENPGRRTYEQYF	LYSPIFLIV
CASSPTDGAYEQYF	LYSPIFLIV
CASTQWGGSSYNEQFF	LYSPIFLIV
CTSSLEKRTSNTGELFF	LYSPIFLIV
CASSYLQNTGELFF	LYSPIFLIV
CASSFGTGNSYEQYF	LYSPIFLIV
CASRPHLADYTDTQYF	LYSPIFLIV
CATRTSGGSYYEQYF	LYSPIFLIV
CASSPLSPVSSEAFF	LYSPIFLIV
CASSEGTGGPYEQYF	LYSPIFLIV
CASSYSETVSGRAEDTQYF	LYSPIFLIV
CASSGGDGAPDTQYF	LYSPIFLIV
CASSPTPREEQYF	LYSPIFLIV
CSGGTGGGYEQYF	LYSPIFLIV
CASSELGAAYNEQFF	LYSPIFLIV
CASSVAVHNEQFF	LYSPIFLIV
CASRGVPGDEQFF	LYSPIFLIV
CASSLGQGSYNEQFF	LYSPIFLIV
CASSLGLAGINEQFF	LYSPIFLIV
CASSFTTGGYEQYF	LYSPIFLIV
CASSLKGGSYNEQFF	LYSPIFLIV
CASSKKEMGNRGNTIYF	LYSPIFLIV
CASSPSPGMETQYF	LYSPIFLIV
CASSYRVPNTGELFF	LYSPIFLIV
CASSSMGGQETQYF	LYSPIFLIV
CATGDTSYNEQFF	LYSPIFLIV
CASSPQIIQHTGELFF	LYSPIFLIV
CASSLNPGYSYNEQFF	LYSPIFLIV
CASSLGLAGTYEQYF	LYSPIFLIV
CASRTGTANEQFF	LYSPIFLIV
CASSSQQGTEAFF	LYSPIFLIV
CATSGQGSTGELFF	LYSPIFLIV
CASSLSGSSYNSPLHF	LYSPIFLIV
CASSVAAGLGYEQYF	LYSPIFLIV
CSVGLNTEAFF	LYSPIFLIV
CASSYGPSNEQFF	LYSPIFLIV
CASSPYTGELFF	LYSPIFLIV
CASSQEGVFPEQFF	LYSPIFLIV
CASSQDIGQAYEQYF	LYSPIFLIV
CASSQDSKTSDTQYF	LYSPIFLIV
CASSLPGSIYNEQFF	LYSPIFLIV
CASSQEGVQAVNTEAFF	LYSPIFLIV
CASSAPGQGKNIQYF	LYSPIFLIV
CASSHPRTVTSYEQYF	LYSPIFLIV
CACQLAGGGKNEQFF	LYSPIFLIV
CASSLAYEETQYF	LYSPIFLIV
CASSLGVGIDSPLHF	LYSPIFLIV
CASSDGGPNTGELFF	LYSPIFLIV
CASSLYVDYEQYF	LYSPIFLIV
CSVENRTVRTDTQYF	LYSPIFLIV
CASSPLTGPEKLFF	LYSPIFLIV
CASSYRAPAYNEQFF	LYSPIFLIV
CASEGQRYYLKTGELFF	LYSPIFLIV
CSATYSRGNYEQYF	LYSPIFLIV
CASSYSLGYEQFF	LYSPIFLIV
CASSKVEGGPADTQYF	LYSPIFLIV
CASSVGPTGPANTGELFF	LYSPIFLIV
CASSQDRSSGNTIYF	LYSPIFLIV
CASSQDLSGPSGANVLTF	LYSPIFLIV
CASRADGVRGFNTEAFF	LYSPIFLIV
CASRQGDFFEQYF	LYSPIFLIV
CASSQEGTGNYGYTF	LYSPIFLIV
CATSRERRVSYEQYF	LYSPIFLIV
CSVEWGRNGYTF	LYSPIFLIV
CASSSEGVETQYF	LYSPIFLIV
CSVHVRLDEQFF	LYSPIFLIV
CASSLSGGPFNTEAFF	LYSPIFLIV
CSVEWGSEAFF	LYSPIFLIV
CSVGGRSSYEQYF	LYSPIFLIV
CAGNSLTDPNQPQHF	LYSPIFLIV
CASSLSGQGYNQPQHF	LYSPIFLIV
CASSQPGQGFDEQYF	LYSPIFLIV
CASSLPLASGNEQFF	LYSPIFLIV
CASSLATRGFAREDGYTF	LYSPIFLIV
CSASRFRVLAGGLSQETQYF	LYSPIFLIV
CASSLGQGETQYF	LYSPIFLIV
CSGGQGGTYEQYF	LYSPIFLIV
CASSLAVGGYEQYF	LYSPIFLIV
CASSPGPLVAEQYF	LYSPIFLIV
CASSDSVYGNQPQHF	LYSPIFLIV
CATSTDRDSGANVLTF	LYSPIFLIV
CASSYNGLAGIETQYF	LYSPIFLIV
CASSPPLGGTQPWEETQYF	LYSPIFLIV
CASSQGGGTGVTYEQYF	LYSPIFLIV
CASSLVTGNNEQFF	LYSPIFLIV
CASSLGGDNYGYTF	LYSPIFLIV
CASSYNGPSFYTEAFF	LYSPIFLIV
CASSLTRAPLGTDTQYF	LYSPIFLIV
CASSYTREGYTF	LYSPIFLIV
CASSQPIQGSSYNSPLHF	LYSPIFLIV
CASSQDGGSGNTIYF	LYSPIFLIV
CASSDRVIEQYF	LYSPIFLIV
CSARLRDYEQYF	LYSPIFLIV
CASSVVGKNTEAFF	LYSPIFLIV
CASSFPGGVPSYEQYF	LYSPIFLIV
CASSLDLAGLTEAFF	LYSPIFLIV
CASSTRPGQTYEQYF	LYSPIFLIV
CASSFSGINYNEQFF	LYSPIFLIV
CASRNYQGEQYF	LYSPIFLIV
CSARDPPTGVYEQYF	LYSPIFLIV
CSIPGQGYEQYF	LYSPIFLIV
CASRSPGQGNEKLFF	LYSPIFLIV
CASSLDGGYEQYF	LYSPIFLIV
CSVGTVTGYEQYF	LYSPIFLIV
CASSEVAEAFF	LYSPIFLIV
CASSPRQGKIDEQYF	LYSPIFLIV
CASSISQGGNEQFF	LYSPIFLIV
CASSLVGGTNTGELFF	LYSPIFLIV
CSVHGEGLSNEQYF	LYSPIFLIV
CASSLGQGYSPLHF	LYSPIFLIV
CASRAGHTDTQYF	LYSPIFLIV
CASSLGGYEQYF	LYSPIFLIV
CASSQGPPTLGAGTGELFF	LYSPIFLIV
CASRWLAGFQETQYF	LYSPIFLIV
CAISEFLETYEQYF	LYSPIFLIV
CASSLTLNNEQFF	LYSPIFLIV
CASSQDRLTGSNTEAFF	LYSPIFLIV
CASSFLAGPNEQFF	LYSPIFLIV
CASSLLSWGIGNEQFF	LYSPIFLIV
CSAQGDGGLYVEQYF	LYSPIFLIV
CASSESGAGRYTGELFF	LYSPIFLIV
CASSLSSSYNEQFF	LYSPIFLIV
CASSLGPFYEQYF	LYSPIFLIV
CASNTLGRGLYNEQFF	LYSPIFLIV
CASSLPAGGITEAFF	LYSPIFLIV
CASSGGTDLTIYF	LYSPIFLIV
CASSFMGGNTEAFF	LYSPIFLIV
CASSPQRLSYYQPQHF	LYSPIFLIV
CASSPFTGDTGELFF	LYSPIFLIV
CASSVGGGGWDEQFF	LYSPIFLIV
CASSYWTANEQFF	LYSPIFLIV
CASSYGSNQPQHF	LYSPIFLIV
CASSLVASTGPFF	LYSPIFLIV
CSVEEASRGYTF	LYSPIFLIV
CSVGRGSSYEQYF	LYSPIFLIV
CASSLGLAGANEQFF	LYSPIFLIV
CASSDSGGLYGYTF	LYSPIFLIV
CASTRLGGANVLTF	LYSPIFLIV
CSVASNYGYTF	LYSPIFLIV
CASSQNMNTEAFF	LYSPIFLIV
CASSLGLAGPVYNEQFF	LYSPIFLIV
CASSSTGLAGGELFF	LYSPIFLIV
CASSLAYYNEQFF	LYSPIFLIV
CASSPLGQGFAYEQYF	LYSPIFLIV
CASSLSLDTSYEQYF	LYSPIFLIV
CAWSVGFSGYNEQFF	LYSPIFLIV
CASSQVSAGGNTEAFF	LYSPIFLIV
CASSLVPGTNTGELFF	LYSPIFLIV
CASSEARNLFYEQYF	LYSPIFLIV
CASSLVASTDTQYF	LYSPIFLIV
CASSVAWGGGLNTGELFF	LYSPIFLIV
CASSEVKIAGGITDTQYF	LYSPIFLIV
CASSLEGFVGHEQYF	LYSPIFLIV
CATSDLGLAGGYEQFF	LYSPIFLIV
CASRGPGQVYDEQYF	LYSPIFLIV
CASSSPGQGFYEQYF	LYSPIFLIV
CASSFRAPNEQFF	LYSPIFLIV
CASSLKLAGVYNEQFF	LYSPIFLIV
CASSAQKQTGGILNTEAFF	LYSPIFLIV
CASSLAQGSPTGEQYF	LYSPIFLIV
CLVGTESSYEQYF	LYSPIFLIV
CASSPDGTNTGELFF	LYSPIFLIV
CASSLALAGGLNTGELFF	LYSPIFLIV
CASSLGGYEQYF	LYSPIFLIV
CASSSVHEGRPYEQYF	LYSPIFLIV
CASSLTTGFGTDTQYF	LYSPIFLIV
CASSHPSGTFKGSYNEQFF	LYSPIFLIV
CSVEGTGGLYEQYF	LYSPIFLIV
CSDEGPAAAEQFF	LYSPIFLIV
CASSLMSGGFHEQYF	LYSPIFLIV
CASSVAGQGVVDTEAFF	LYSPIFLIV
CASSSERYQETQYF	LYSPIFLIV
CSVEDGDRSYTF	LYSPIFLIV
CASSQDGAVYGYTF	LYSPIFLIV
CASSLELALDYNEQFF	LYSPIFLIV
CAISESDEQYF	LYSPIFLIV
CSVNEAYEQYF	LYSPIFLIV
CASSTPVWGSNQPQHF	LYSPIFLIV
CASSYRQNTEAFF	LYSPIFLIV
CASRTPGQGNEKLFF	LYSPIFLIV
CASSVAVGRVNTGELFF	LYSPIFLIV
CASSQDHPTSGDEQFF	LYSPIFLIV
CASSLGLAGSYEQYF	LYSPIFLIV
CASSLGGANTGELFF	LYSPIFLIV
CASSTPGTSAYNEQFF	LYSPIFLIV
CASSFPGGTGDTEAFF	LYSPIFLIV
CASSLFGLAGGNEQFF	LYSPIFLIV
CASSLVGPGDEQFF	LYSPIFLIV
CASSFNRGIDEAFF	LYSPIFLIV
CASSQDRDTTYEQYF	LYSPIFLIV
CASSYSSGLWGYGYTF	LYSPIFLIV
CASSPLVSATTYEQYF	LYSPIFLIV
CSVGSLHGYEQYF	LYSPIFLIV
CASSSHPASGDSNIQYF	LYSPIFLIV
CASSGGINSYNEQFF	LYSPIFLIV
CASSVPGQGGNTEAFF	LYSPIFLIV
CASSLVLAGEHEQFF	LYSPIFLIV
CASSPGTGGTEAFF	LYSPIFLIV
CASSGQGRTDTQYF	LYSPIFLIV
CASSPSGSTEAFF	LYSPIFLIV
CASSLTSTGPVWTQYF	LYSPIFLIV
CASSLAIGDFYEQYF	LYSPIFLIV
CASSVLAGGPGYEQYF	LYSPIFLIV
CSVAGGSSYEQYF	LYSPIFLIV
CASSQDIGLAYEQYF	LYSPIFLIV
CASSLASTYEQYF	LYSPIFLIV
CSARDRGGLAGMDEQFF	LYSPIFLIV
CATQTGPNTEAFF	LYSPIFLIV
CASSHQGITGGTGELFF	LYSPIFLIV
CASRNSGDTDTQYF	LYSPIFLIV
CASSSLEGTRDEQYF	LYSPIFLIV
CASSYSSGQFNYGYTF	LYSPIFLIV
CATKQGLAQHF	LYSPIFLIV
CASSLFGTDLTGELFF	LYSPIFLIV
CASSLTGVLNTEAFF	LYSPIFLIV
CSVELGTEAFF	LYSPIFLIV
CASSIHPRQSGNSGELFF	LYSPIFLIV
CASSRGQGQPQHF	LYSPIFLIV
CASSPGQGPTGGGYTF	LYSPIFLIV
CASSVTRGNQPQHF	LYSPIFLIV
CSVGQGSSYEQYF	LYSPIFLIV
CASSLDGGLYNEQFF	LYSPIFLIV
CASSSPGQGLYEQYF	LYSPIFLIV
CASSETLMNTEAFF	LYSPIFLIV
CASSDQAGGYEQFF	LYSPIFLIV
CASSFLAGGVDGQYF	LYSPIFLIV
CASSAQGDEKLFF	LYSPIFLIV
CSARDTQLITNTGELFF	LYSPIFLIV
CASSYGTGYTEAFF	LYSPIFLIV
CASSLGASYNEQFF	LYSPIFLIV
CASRYGPGNTEAFF	LYSPIFLIV
CASSVGYEQYF	LYSPIFLIV
CASSLAPGAEAFF	LYSPIFLIV
CASSFGGGNTEAFF	LYSPIFLIV
CASSQFYRPKGGAYQPQHF	LYSPIFLIV
CSVGGQHSTGELFF	LYSPIFLIV
CASSLVPGDEQYF	LYSPIFLIV
CASSLGGLNEQFF	LYSPIFLIV
CSARGMATEAFF	LYSPIFLIV
CAISEPLPGGRSTDTQYF	LYSPIFLIV
CASSSGGVETQYF	LYSPIFLIV
CASSQGQGNYQPQHF	LYSPIFLIV
CASSGGEGDRGSDTQYF	LYSPIFLIV
CASSLEITGDYEQYF	LYSPIFLIV
CASSSSWNTEAFF	LYSPIFLIV
CASSLGLEQYF	LYSPIFLIV
CSVEVAGGISEQFF	LYSPIFLIV
CASSLWAGSYNEQFF	LYSPIFLIV
CASSQEMVASTGYNEQFF	LYSPIFLIV
CASSQAQQGYEQYF	LYSPIFLIV
CASSLSSSYNEQFF	LYSPIFLIV
CASSPGLAGGLYEQYF	LYSPIFLIV
CASSERQNTEAFF	LYSPIFLIV
CASSDLRITNTGELFF	LYSPIFLIV
CASRTEWKAFF	LYSPIFLIV
CASSSGGLAVQETQYF	LYSPIFLIV
CAGRRTGDTGELFF	LYSPIFLIV
CSVGSSETYEQYF	LYSPIFLIV
CASRQGFDQPQHF	LYSPIFLIV
CASSTPTSGSGTGELFF	LYSPIFLIV
CSVLQETQYF	LYSPIFLIV
CASSVTDGTEGNQPQHF	LYSPIFLIV
CASSLPSGLAGDEQYF	LYSPIFLIV
CASSVTLNTEAFF	LYSPIFLIV
CASGKTGGANTEAFF	LYSPIFLIV
CSVDGTGELFF	LYSPIFLIV
CASSLLMGGAPGELFF	LYSPIFLIV
CASSLNLLETQYF	LYSPIFLIV
CASSQDSGGTDTQYF	LYSPIFLIV
CASGGQGALRGEKLFF	LYSPIFLIV
CASSQDINSGNTIYF	LYSPIFLIV
CASSLSATGGTEQYF	LYSPIFLIV
CAWNVVNGETQYF	LYSPIFLIV
CASSLASGWYEQFF	LYSPIFLIV
CASSGATAYEQYF	LYSPIFLIV
CASSYMGRGSTEAFF	LYSPIFLIV
CASRASNQETQYF	LYSPIFLIV
CASSQVGAGGNTEAFF	LYSPIFLIV
CASSQDIGTGGNNEQFF	LYSPIFLIV
CASSLGVGLYEQYF	LYSPIFLIV
CSVEGGQGLTDTQYF	LYSPIFLIV
CASSQDRLGGDTQYF	LYSPIFLIV
CASSPQGQGVYNEQFF	LYSPIFLIV
CASLTLQGSPGELFF	LYSPIFLIV
CASSQTGDQPQHF	LYSPIFLIV
CASSQSTGILAKNIQYF	LYSPIFLIV
CASSLSSGVPYEQYF	LYSPIFLIV
CSMTGTEGFEQYF	LYSPIFLIV
CASSQVGALSYNEQFF	LYSPIFLIV
CASSLPAAQWNEQFF	LYSPIFLIV
CASSQGTRVSDTQYF	LYSPIFLIV
CASSQGGLEQYF	LYSPIFLIV
CASRPGAGGRQPQHF	LYSPIFLIV
CASSLAFGMNTEAFF	LYSPIFLIV
CASSLSSHEQYF	LYSPIFLIV
CASSLTGTGDIGAFF	LYSPIFLIV
CASSQDINVGAPLHF	LYSPIFLIV
CATRLPSGHEQFF	LYSPIFLIV
CASSLPGNEQFF	LYSPIFLIV
CASRTPGQGQETQYF	LYSPIFLIV
CASSLMQGRMNTEAFF	LYSPIFLIV
CASSLLLGSVTYEQYF	LYSPIFLIV
CASSQKGSGTTYEQYF	LYSPIFLIV
CASSVQGSSYNEQFF	LYSPIFLIV
CASSLGLAGTYEQYF	LYSPIFLIV
CASSLVGPGDEQFF	LYSPIFLIV
CSAPGTRSYNEQFF	LYSPIFLIV
CSVEMGGREAFF	LYSPIFLIV
CASIPGGGTEAFF	LYSPIFLIV
CASSQLDNLYNSPLHF	LYSPIFLIV
CASSPDLTGGTETQYF	LYSPIFLIV
CASSFSGHYNEQFF	LYSPIFLIV
CASSGTGVSYEQYF	LYSPIFLIV
CASSGWDRERNEQFF	LYSPIFLIV
CASTSWHDNEKLFF	LYSPIFLIV
CASSFGGAGAVYEQYF	LYSPIFLIV
CASSSPGTNHNEQFF	LYSPIFLIV
CASSLGTGGPDTQYF	LYSPIFLIV
CASSRSTGPLGTEAFF	LYSPIFLIV
CASSIGAGVTEAFF	LYSPIFLIV
CASSQLAATDTQYF	LYSPIFLIV
CASSLFQREGRTGELFF	LYSPIFLIV
CASSLVRSGEKLFF	LYSPIFLIV
CASSQDTGFGNTIYF	LYSPIFLIV
CASSLPRAGRTGELFF	LYSPIFLIV
CASKVLGSRTDTQYF	LYSPIFLIV
CSVAPGYEQFF	LYSPIFLIV
CASSFQGIFRGANVLTF	LYSPIFLIV
CASSPTSGKPYEQYF	LYSPIFLIV
CASSSPGTGDNEQFF	LYSPIFLIV
CASSFGGANYEQYF	LYSPIFLIV
CASSSHRVSGANVLTF	LYSPIFLIV
CASSIQGREQFF	LYSPIFLIV
CASSLGGGGATMNTEAFF	LYSPIFLIV
CASSILAGGSYEQYF	LYSPIFLIV
CSVEDPTQGQVTEAFF	LYSPIFLIV
CASSKVPSGRGFF	LYSPIFLIV
CSVEDGLKVAFF	LYSPIFLIV
CASSLPQAAYNEQFF	LYSPIFLIV
CASSYSSGYEQYF	LYSPIFLIV
CASTPAGETQYF	LYSPIFLIV
CASSQGLAGGLQETQYF	LYSPIFLIV
CASSPGGNIQYF	LYSPIFLIV
CASSLAGVLYEQYF	LYSPIFLIV
CASSSTGGNTEAFF	LYSPIFLIV
CASSYGAGNTEAFF	LYSPIFLIV
CASSPFTGVYEQYF	LYSPIFLIV
CASRTSRSYEQYF	LYSPIFLIV
CASSQRKAGDTYEQYF	LYSPIFLIV
CASSPISGLGELFF	LYSPIFLIV
CASSLIGFGDTEAFF	LYSPIFLIV
CASSLAGITDTQYF	LYSPIFLIV
CASELTPGGGEQYF	LYSPIFLIV
CSVEEGPYGYTF	LYSPIFLIV
CASSYQGLNTEAFF	LYSPIFLIV
CASSLYGQPQHF	LYSPIFLIV
CASSLGGIPGELFF	LYSPIFLIV
CASSRTPAGPLIEKLFF	LYSPIFLIV
CSARDPHLAGGLHQETQYF	LYSPIFLIV
CASSYSGTGTGYQPQHF	LYSPIFLIV
CASRRDPYEQYF	LYSPIFLIV
CASSFLGVETQYF	LYSPIFLIV
RASSLMGQGACNQPQHF	LYSPIFLIV
CASSESEWGTEAFF	LYSPIFLIV
CASSFQGRGNTEAFF	LYSPIFLIV
CASSSPGTGVNEQFF	LYSPIFLIV
CASSLGLAGVWEQYF	LYSPIFLIV
CASSLGETYSYEQYF	LYSPIFLIV
CASSLAVGGYEQYF	LYSPIFLIV
CSRGGGGSYEQYF	LYSPIFLIV
CASSLGTTFYEQYF	LYSPIFLIV
CASTPRGSYEQYF	LYSPIFLIV
CASSQDPGQALEQYF	LYSPIFLIV
CASSLPGRNTEAFF	LYSPIFLIV
CASSFSPGKGELLTNEKLFF	LYSPIFLIV
CASSLRPLGAYNEQFF	LYSPIFLIV
CASSIDPLSGQTYEQYF	LYSPIFLIV
CASSQVGGAEQFF	LYSPIFLIV
CASSGSGQGPYEQYF	LYSPIFLIV
CSVEIGLNTGELFF	LYSPIFLIV
CASSIPPWREGLYEQFF	LYSPIFLIV
CASSFLAGAHNEQFF	LYSPIFLIV
CASSLGLAGVYEQYF	LYSPIFLIV
CSAEAGDRSQHF	LYSPIFLIV
CASSLAGAGTGELFF	LYSPIFLIV
CASSGQGFNQPQHF	LYSPIFLIV
CATRTGAEAFF	LYSPIFLIV
CASSQTGLAGSYEQYF	LYSPIFLIV
CSASGGGGYEQYF	LYSPIFLIV
CASSYSGRSHNEQFF	LYSPIFLIV
CASSSPGDPDTQYF	LYSPIFLIV
CASSLLEGQAWTDTQYF	LYSPIFLIV
CASRGELEGWYEQYF	LYSPIFLIV
CASSELGTASYEQYF	LYSPIFLIV
CASSFDSPLHF	LYSPIFLIV
CASSYQGGNTDTQYF	LYSPIFLIV
CASSNLMAPQRETQYF	LYSPIFLIV
CASSYSAAGVHTEAFF	LYSPIFLIV
CASSLVLSEPTQYF	LYSPIFLIV
CASSQVSGHYNEQFF	LYSPIFLIV
CASSSGGDQPQHF	LYSPIFLIV
CASSLPGTGLNEQFF	LYSPIFLIV
CASSHWTGGFGTGELFF	LYSPIFLIV
CASSPTGSDRIYGYTF	LYSPIFLIV
CASSQESSGAAYEQYF	LYSPIFLIV
CASSEQIMNTEAFF	LYSPIFLIV
CASTPLGSPMNTEAFF	LYSPIFLIV
CASSYTGGPYEQYF	LYSPIFLIV
CSVEDPSAGNTIYF	LYSPIFLIV
CASSSPGTGYYEQYF	LYSPIFLIV
CASSQEPSGVYEQYF	LYSPIFLIV
CASSLLGTAKVGTDTQYF	LYSPIFLIV
CASTKWTGQNEQFF	LYSPIFLIV
CSVDGLGQGGEQYF	LYSPIFLIV
CASSLSGLEAVANQPQHF	LYSPIFLIV
CASSLFAQGYEQYF	LYSPIFLIV
CASSSGGRETQYF	LYSPIFLIV
CATWGQNTGELFF	LYSPIFLIV
CASSVDTGKGMNTEAFF	LYSPIFLIV
CASSSPGRGLHSGANVLTF	LYSPIFLIV
CSAEASYEQYF	LYSPIFLIV
CASSGGAEAFF	LYSPIFLIV
CASSLMTGPQETQYF	LYSPIFLIV
CSARDPSGSFFNEQFF	LYSPIFLIV
CASSPQHGELFF	LYSPIFLIV
CASSPTFGGANVLTF	LYSPIFLIV
CASSPGQGQGYTF	LYSPIFLIV
CASSFAGDLYEQYF	LYSPIFLIV
CASSLVPTDTQYF	LYSPIFLIV
CASSSGGGMQPQHF	LYSPIFLIV
CASSLPKALDNEQFF	LYSPIFLIV
CSVEVGYEQYF	LYSPIFLIV
CASRLTRSSMTDTQYF	LYSPIFLIV
CSVEDPGTAGVGYTF	LYSPIFLIV
CASSLGQGAVQPQHF	LYSPIFLIV
CASSFPTAVYNEQFF	LYSPIFLIV
CASSSQDGGYSPLHF	LYSPIFLIV
CASSLPQATYNEQFF	LYSPIFLIV
CASSQPGQGTNEQFF	LYSPIFLIV
CASMRAPFEYEQYF	LYSPIFLIV
CSAFTGGYNEQFF	LYSPIFLIV
CASSLNVPTEAFF	LYSPIFLIV
CASSFSGANVLTF	LYSPIFLIV
CASSLIRTGELFF	LYSPIFLIV
CASRQGSNEQFF	LYSPIFLIV
CASSAGPRNEQFF	LYSPIFLIV
CASSLTGEEQYF	LYSPIFLIV
CASSKVGSGGNTDEQFF	LYSPIFLIV
CASSWTGLETQYF	LYSPIFLIV
CASSYSGLDTGELFF	LYSPIFLIV
CSASIFLFVGTEEQETQYF	LYSPIFLIV
CASSLATNPGETQYF	LYSPIFLIV
CASSLVQGADMNTEAFF	LYSPIFLIV
CASSFQLAGATYEQYF	LYSPIFLIV
CASSKGQGTEAFF	LYSPIFLIV
CASSYSDRTNNEQFF	LYSPIFLIV
CASSLAVYIEGARNEAFF	LYSPIFLIV
CASSPGGGVFEAFF	LYSPIFLIV
CASRPGTGFGTQYF	LYSPIFLIV
CASSVFSDTGELFF	LYSPIFLIV
CASSLGTDTQYF	LYSPIFLIV
CASSFLLAGGYNEQFF	LYSPIFLIV
CASRGTSLQETQYF	LYSPIFLIV
CASKHAGYNEQFF	LYSPIFLIV
CASSSYEAGGRSPLHF	LYSPIFLIV
CASSYSGSQETQYF	LYSPIFLIV
CASSQQNPLGTDTQYF	LYSPIFLIV
CASSYSGTGGTEAFF	LYSPIFLIV
CASSPGIGTRFYNEQFF	LYSPIFLIV
CASSYFFTDRLTEAFF	LYSPIFLIV
CSASWGGGTDTQYF	LYSPIFLIV
CASPLWWEQYF	LYSPIFLIV
CASSLEAMNTEAFF	LYSPIFLIV
CASSHFIAGGRTYNEQFF	LYSPIFLIV
CASTPLAAARDTQYF	LYSPIFLIV
CASSFLQGGYNEQFF	LYSPIFLIV
CASSLDAGYSHTDTQYF	LYSPIFLIV
CASSQDRQEGNTIYF	LYSPIFLIV
CASSLGSVLDYEQYF	LYSPIFLIV
CASTQTGSSGANVLTF	LYSPIFLIV
CASSVRTGAPIVYGYTF	LYSPIFLIV
CATSELPGQGAEETQYF	LYSPIFLIV
CASSESGGEDRRAYEQYF	LYSPIFLIV
CASKNPREILKTQYF	LYSPIFLIV
CATSPGGAGGPYNEQFF	LYSPIFLIV
CASSMSIGQYSNQPQHF	LYSPIFLIV
CASSESPGAYF	LYSPIFLIV
CASTSAGTGQETQYF	LYSPIFLIV
CASSLFWGDEQFF	LYSPIFLIV
CASRFTSNNEQFF	LYSPIFLIV
CASSLSGNTEAFF	LYSPIFLIV
CASSGTTEVNQPQHF	LYSPIFLIV
CASSPLRGEQETQYF	LYSPIFLIV
CASTAAGGFGIQETQYF	LYSPIFLIV
CASSNGQGGNEQFF	LYSPIFLIV
CASSYWAGAVNEQFF	LYSPIFLIV
CSVEGGGTEAFF	LYSPIFLIV
CAWSVTSGVFNEQFF	LYSPIFLIV
CASSVSGVGSTEAFF	LYSPIFLIV
CASFDSLEFYGYTF	LYSPIFLIV
CASSFAIDLYEQFF	LYSPIFLIV
CASSANRAQETQYF	LYSPIFLIV
CASSLVLGGTDTQYF	LYSPIFLIV
CASSLATGYEQYF	LYSPIFLIV
CASSPPGTGNEKLFF	LYSPIFLIV
CSVGGQGGYEQYF	LYSPIFLIV
CASSELAGHYNEQFF	LYSPIFLIV
CATSDLTSPLEGQFF	LYSPIFLIV
CASSWGYNQPQHF	LYSPIFLIV
CSAGRPTGYEQYF	LYSPIFLIV
CASSLSLTQRETQYF	LYSPIFLIV
CASSEGGGHLFEQYF	LYSPIFLIV
CASSSRDGHYNEQFF	LYSPIFLIV
CASSQGSGGIDEQYF	LYSPIFLIV
CASSQDLANEQFF	LYSPIFLIV
CSVETGDGYTF	LYSPIFLIV
CSARDMGGYTF	LYSPIFLIV
CASSLGLAGTGELFF	LYSPIFLIV
CASSFPGSSYNEQFF	LYSPIFLIV
CASSYYMNTEAFF	LYSPIFLIV
CASSLAGATDTQYF	LYSPIFLIV
CARAGERNNEQFF	LYSPIFLIV
CASSLGYASYNEQFF	LYSPIFLIV
CASSYVWGTSGREGGELFF	LYSPIFLIV
CASSYSTGRLETQYF	LYSPIFLIV
CASSLGLAGTYEQYF	LYSPIFLIV
CASSQDYGFGNTIYF	LYSPIFLIV
CASSLDRSRQVSNEQFF	LYSPIFLIV
CASSQLSGSYNEQFF	LYSPIFLIV
CASSPSGGNTEAFF	LYSPIFLIV
CASSEGQGAYEQYF	LYSPIFLIV
CASSLGTGGGGELFF	LYSPIFLIV
CASSPQGHPHEQYF	LYSPIFLIV
CASSEDRGWAGELFF	LYSPIFLIV
CASSFSSSYNEQFF	LYSPIFLIV
CASSFGTGLFEQFF	LYSPIFLIV
CASSPGTGIHEQYF	LYSPIFLIV
CASSLDLGNTIYF	LYSPIFLIV
CASSSPGTDSYNEQFF	LYSPIFLIV
CASSFIFEADRDGEKLFF	LYSPIFLIV
CASSIDFGTEAYEQYF	LYSPIFLIV
CSVEEGGLLGYTF	LYSPIFLIV
CASSYGGRAIDEQYF	LYSPIFLIV
CASSEAGQESTDTQYF	LYSPIFLIV
CASSTASGGTNEQFF	LYSPIFLIV
CASSVGGLREGLYEQYF	LYSPIFLIV
CASSFFGRGEQPQHF	LYSPIFLIV
CASIGLAGGNEQFF	LYSPIFLIV
CASSEEVGQGWHEQYF	LYSPIFLIV
CASSFRGEETQYF	LYSPIFLIV
CATSEQFPDTQYF	LYSPIFLIV
CASSQWGPSYTGELFF	LYSPIFLIV
CASSLEEGMNTEAFF	LYSPIFLIV
CASSYHRTSGGAGELFF	LYSPIFLIV
CASSLGGHSPLHF	LYSPIFLIV
CASSEYRDYEQYF	LYSPIFLIV
CASSLGVSTDTQYF	LYSPIFLIV
CASSAGQAYYEQYF	LYSPIFLIV
CASSDTPLAQHF	LYSPIFLIV
CASNPGQGVSRFDQPQHF	LYSPIFLIV
CASSLSPGAGAGSDTQYF	LYSPIFLIV
CASRPDPYNEQFF	LYSPIFLIV
CASSFTVNTEAFF	LYSPIFLIV
CASSYTGEYTGELFF	LYSPIFLIV
CASSQPSGRSYPPRAQYF	LYSPIFLIV
CSVGPIDRAYEQYF	LYSPIFLIV
CASSLGVSVDRDTEAFF	LYSPIFLIV
CASSEGASGAIYEQYF	LYSPIFLIV
CASSLATSNEQFF	LYSPIFLIV
CASSQDGTDYTDTQYF	LYSPIFLIV
CASSWEGETQYF	LYSPIFLIV
CSVDSQGPPETQYF	LYSPIFLIV
CASSPGQGLYNEQFF	LYSPIFLIV
CSVDRRDPYNEQFF	LYSPIFLIV
CASSLLQYMGLNEQFF	LYSPIFLIV
CASSLGLAGNNEQFF	LYSPIFLIV
CASSLAFGYGTGLQETQYF	LYSPIFLIV
CASSLGLQWALTDTQYF	LYSPIFLIV
CASSFSAAAYNEQFF	LYSPIFLIV
CASSSGTGELFF	LYSPIFLIV
CASMTRETEAFF	LYSPIFLIV
CASSVYISELMGSYNSPLHF	LYSPIFLIV
CASSTPGTGGGEQYF	LYSPIFLIV
CASSYHRQERYGYTF	LYSPIFLIV
CASSEGKGGSYEQYF	LYSPIFLIV
CSALTTGAPRGEQFF	LYSPIFLIV
CASRGTGAYEQYF	LYSPIFLIV
CASTYTGGIHEQYF	LYSPIFLIV
CASSQDLLSGSFF	LYSPIFLIV
CASSWDRNNEQFF	LYSPIFLIV
CASSKGQVPYNEQFF	LYSPIFLIV
CASSYQGRAYEQYF	LYSPIFLIV
CASSQDGAYEQYF	LYSPIFLIV
CASSLSGGTTYEQYF	LYSPIFLIV
CASSQDGGVFYGYTF	LYSPIFLIV
CASGPDSSSYNEQFF	LYSPIFLIV
CASSGYGGDTQYF	LYSPIFLIV
CASSLADTQIYEQYF	LYSPIFLIV
CSVGGGESYEQYF	LYSPIFLIV
CASSEAGGLAVYEQYF	LYSPIFLIV
CSVEEGAYGYTF	LYSPIFLIV
CASSPTGTSDQETQYF	LYSPIFLIV
CASSQDQSSGNTIYF	LYSPIFLIV
CSGQGGADEKLFF	LYSPIFLIV
CASSEQAGSNYEQYF	LYSPIFLIV
CASSYLIGTGVTGELFF	LYSPIFLIV
CASSTGTVEAFF	LYSPIFLIV
CASSLFEGDTGELFF	LYSPIFLIV
CASSLSTGGFYSPLHF	LYSPIFLIV
CSARDLKGLTEAFF	LYSPIFLIV
CASSLADAGAPPYNEQFF	LYSPIFLIV
CATKMGSSYNEQFF	LYSPIFLIV
CASSADRVLFEQYF	LYSPIFLIV
CSVELPNTEAFF	LYSPIFLIV
CASSLEGGGLDEKLFF	LYSPIFLIV
CASSLGQGTYTYEQYF	LYSPIFLIV
CSVEPGQGAREQYF	LYSPIFLIV
CASSPLAHEQFF	LYSPIFLIV
CASSLTSGGGPYNEQFF	LYSPIFLIV
CASSVLDRGLSGNTIYF	LYSPIFLIV
CASSSLSSGRNEQFF	LYSPIFLIV
CARSNTGEGTGELFF	LYSPIFLIV
CASSPRREEQFF	LYSPIFLIV
CASSLAGFGQPQHF	LYSPIFLIV
CSAHSGSYNEQFF	LYSPIFLIV
CSARVDYEQYF	LYSPIFLIV
CASSEATSVIADTQYF	LYSPIFLIV
CASSLSGQGYNQPQHF	LYSPIFLIV
CASSLWVGPQHF	LYSPIFLIV
CASSQDTGFGNIQYF	LYSPIFLIV
CASSELGPRGNTEAFF	LYSPIFLIV
CASSQSGTGSYNEQFF	LYSPIFLIV
CASSSGLGFDTQYF	LYSPIFLIV
CASSVGIQGRNTEAFF	LYSPIFLIV
CASSFSGQGGQPQHF	LYSPIFLIV
CASSWSLAGVINEQFF	LYSPIFLIV
CASSFLAGYNEQFF	LYSPIFLIV
CASKQVGGPGDTQYF	LYSPIFLIV
CASSEGLAGAYEQYF	LYSPIFLIV
CASSSGGPGQPQHF	LYSPIFLIV
CSARLTGEQFF	LYSPIFLIV
CASRAPQGIGSYEQYF	LYSPIFLIV
CASSRPRQGSTDTQYF	LYSPIFLIV
CATSLGWDEQFF	LYSPIFLIV
CASSPTGVETQYF	LYSPIFLIV
CSVEEGTRGYTF	LYSPIFLIV
CASSWGTGELFF	LYSPIFLIV
CASSPAGVTDTQYF	LYSPIFLIV
CASSHRGAGGDTEAFF	LYSPIFLIV
CASSFGGNTGELFF	LYSPIFLIV
CASSGQGDTEAFF	LYSPIFLIV
CASSIGMNTEAFF	LYSPIFLIV
CASSSGPTYEQYF	LYSPIFLIV
CASSLETGGYEQYF	LYSPIFLIV
CSVEGHGRVTEAFF	LYSPIFLIV
CSVDLLAGGPTDTQYF	LYSPIFLIV
CASSLEGIFTGELFF	LYSPIFLIV
CASSAGFTNTEAFF	LYSPIFLIV
CASSLPSTGGGNNSPLHF	LYSPIFLIV
CASSEVSRQVTYEQYF	LYSPIFLIV
CASSLSGDVGYTF	LYSPIFLIV
CASSLGLAGTSTDTQYF	LYSPIFLIV
CASSVVPGSYEQYF	LYSPIFLIV
CASSQDPSGGDTQYF	LYSPIFLIV
RASSSPTYQPQHF	LYSPIFLIV
CASSLGRLFSNQPQHF	LYSPIFLIV
CASRIHGYGTEAFF	LYSPIFLIV
CASSSPGTGIYEQYF	LYSPIFLIV
CASSFGGDNYEQYF	LYSPIFLIV
CASSVALAGYELYF	LYSPIFLIV
CASSEQPRNTEAFF	LYSPIFLIV
CSAGASYEQYF	LYSPIFLIV
CASSQDRSLAGEWYEQYF	LYSPIFLIV
CASTPPGGQETQYF	LYSPIFLIV
CASSPDINSGNTIYF	LYSPIFLIV
CASSLGQGLYNEQFF	LYSPIFLIV
CASSQGLAGGNQETQYF	LYSPIFLIV
CASSLREHESTDTQYF	LYSPIFLIV
CATSTIYSGTAHWYQETQYF	LYSPIFLIV
CASSQDEVLGEWGYEKLFF	LYSPIFLIV
CASNPPLGEQPWLTEAFF	LYSPIFLIV
