CDR3	AA
CSVAPGLRQPQHF	SETKCTLKSF
CSVGQGLGQPQHF	SETKCTLKSF
CASSENRVSPDTQYF	SETKCTLKSF
CSVSRGLNQPQHF	SETKCTLKSF
CASSQVSGAGELFF	SETKCTLKSF
CSARRQGGYTGELFF	SETKCTLKSF
CSVEDSDSPEYEQYF	SETKCTLKSF
CSVATGLGQPQHF	SETKCTLKSF
CASSSGGRGPEAFF	SETKCTLKSF
CSARDGRNYTGELFF	SETKCTLKSF
CASSLLAGASGTGELFF	SETKCTLKSF
CASSPGPYNEQFF	SETKCTLKSF
CASSDYRENNEQFF	SETKCTLKSF
CSVAPGKGQPQHF	SETKCTLKSF
CASGYNSPLHF	SETKCTLKSF
CASNRGETRTYEQYF	SETKCTLKSF
CASSFSGNNSPLHF	SETKCTLKSF
CATSGIPLTGSIQYF	SETKCTLKSF
CSVARGLNQPQHF	SETKCTLKSF
CSVSTGLRQPQHF	SETKCTLKSF
CASKGAGRYSNQPQHF	SETKCTLKSF
CSVARGLNQPQHF	SETKCTLKSF
CASRQGAQETQYF	SETKCTLKSF
CASSQTLYVETQYF	SETKCTLKSF
CASSTRTSDEQYF	SETKCTLKSF
CASSKTCLGQGLYYSYEQYF	SETKCTLKSF
