CDR3	AA
CASSIQGANEQFF	QELYSPIFL
CASSYFFTDRLTEAFF	QELYSPIFL
CASSPGIGTRFYNEQFF	QELYSPIFL
CASSLNNFYNEQFF	QELYSPIFL
CASTQTGSSGANVLTF	QELYSPIFL
CSDEGPGFAAFF	QELYSPIFL
CASSVPREAVLGEQFF	QELYSPIFL
CASRQGFDQPQHF	QELYSPIFL
CATRNYDRGETQYF	QELYSPIFL
CSVAGGSSYEQYF	QELYSPIFL
CASSEGTAYYEQYF	QELYSPIFL
CASSLPGLVAQSSYNEQFF	QELYSPIFL
CASSELGPRGNTEAFF	QELYSPIFL
CASSLGGDHYEQYF	QELYSPIFL
CASSSVTGAYEQYF	QELYSPIFL
CASSFPGGTGDTEAFF	QELYSPIFL
CASRSPSGRRGEQFF	QELYSPIFL
CASSLADAGAPPYNEQFF	QELYSPIFL
CASSHPGTGHNEQFF	QELYSPIFL
CASRLGLAGGPATQYF	QELYSPIFL
CASSLPQVVKNIQYF	QELYSPIFL
CASSSTGLAGGELFF	QELYSPIFL
CASSSAIGGRLGYTF	QELYSPIFL
CASSTGTLSRPYEQYF	QELYSPIFL
CASSFVPRYLGSNQPQHF	QELYSPIFL
CASSHNTGELFF	QELYSPIFL
CASSYWARDEAFF	QELYSPIFL
CASSSLSGGLTDTQYF	QELYSPIFL
CASSYSDRTNNEQFF	QELYSPIFL
CASSPDIGQGNEQFF	QELYSPIFL
CASEGWTGAYNEQFF	QELYSPIFL
CASGDVVTVLETQYF	QELYSPIFL
CASSLMSGGFHEQYF	QELYSPIFL
CASSVSAEDTQYF	QELYSPIFL
CAPIRGGGGYSSYNEQFF	QELYSPIFL
CSGGPTYEQYF	QELYSPIFL
CASSLDRSRQVSNEQFF	QELYSPIFL
CSVEGMGPVLGYTF	QELYSPIFL
CASSIGMNTEAFF	QELYSPIFL
CSVEEATRGYTF	QELYSPIFL
CASSSPLLAGDNEQFF	QELYSPIFL
CSAIRLAGDLPNSYNEQFF	QELYSPIFL
CASSPMGGQETQYF	QELYSPIFL
CASSLAGLLNTGELFF	QELYSPIFL
CASSLLGTAKVGTDTQYF	QELYSPIFL
CASSGEQGHADTQYF	QELYSPIFL
CASSQIAGSYNEQFF	QELYSPIFL
CASSSGPGYEQYF	QELYSPIFL
CASSLGPGGPDTQYF	QELYSPIFL
CASSQDATSGYEQYF	QELYSPIFL
CASSKVEGGPADTQYF	QELYSPIFL
CSVGGQHSTGELFF	QELYSPIFL
CASSLALASSYEQYF	QELYSPIFL
CASKLLGSYEQYF	QELYSPIFL
CASSLPLTSPPGGGLYEQYF	QELYSPIFL
CASSLGLAGTGELFF	QELYSPIFL
CASSFAIGTEKLFF	QELYSPIFL
CSVEEGTEAFF	QELYSPIFL
CASSHPGLAEETQYF	QELYSPIFL
CASSELGTASYEQYF	QELYSPIFL
CASSLLAGGPREQFF	QELYSPIFL
CASSSTSSPFSGMADTQYF	QELYSPIFL
CSVNNPGERGGETQYF	QELYSPIFL
CASSWGTGELFF	QELYSPIFL
CASSQAGYPTYHNEQFF	QELYSPIFL
CASSQLGQGAYEQYF	QELYSPIFL
CSVELGTWEQYF	QELYSPIFL
CASSLGGDQPQHF	QELYSPIFL
CSVEVPGGNQPQHF	QELYSPIFL
CASSEAFKGAGEQYF	QELYSPIFL
CASSPTGTAYEQFF	QELYSPIFL
CASSLGLAGVYEQYF	QELYSPIFL
CASSFTGGNTGELFF	QELYSPIFL
CASSSSRDRATNEKLFF	QELYSPIFL
CATSDLGQGDNEQFF	QELYSPIFL
CASSLGLAGTSTDTQYF	QELYSPIFL
CATSDLGTGDNEQFF	QELYSPIFL
CASSLGGVFYEQYF	QELYSPIFL
CSVEPGQGAREQYF	QELYSPIFL
CASSVTDGTEGNQPQHF	QELYSPIFL
CASTSGLAGDLSYNEQFF	QELYSPIFL
CASSQSGEGYNEQFF	QELYSPIFL
CASSSPGDPDTQYF	QELYSPIFL
CASSWGYNQPQHF	QELYSPIFL
CASPGTGELFF	QELYSPIFL
CASSLGLAGSYEQYF	QELYSPIFL
CNPFRGDYNEQFF	QELYSPIFL
CASSYSGGLQTSYTF	QELYSPIFL
CASSYSAGPKETQYF	QELYSPIFL
CASSLGLADLPQETQYF	QELYSPIFL
CASKQVGGPGDTQYF	QELYSPIFL
CASSEGAGYEETQYF	QELYSPIFL
CASSFGGNSPLHF	QELYSPIFL
CASSYSTGRLETQYF	QELYSPIFL
CASMFGGHNEQFF	QELYSPIFL
CASSQDPSGGDTQYF	QELYSPIFL
CASSYSSGQFNYGYTF	QELYSPIFL
CASSAQPIFFGDEQFF	QELYSPIFL
CASSQDIGTGYEQYF	QELYSPIFL
CASSQTGLAGSYEQYF	QELYSPIFL
CASSPGGGVFEAFF	QELYSPIFL
CASTQGWGSEQYF	QELYSPIFL
CASIRTANEQFF	QELYSPIFL
CASSQGLAGGNQETQYF	QELYSPIFL
CATKQGLAQHF	QELYSPIFL
CASYGLAGANGDTQYF	QELYSPIFL
CASSLPGAGEQFF	QELYSPIFL
CASSLSSHEQYF	QELYSPIFL
CASSLGEAAGREIEQYF	QELYSPIFL
CSAGASYEQYF	QELYSPIFL
CASSVRTGAPIVYGYTF	QELYSPIFL
CASSFQGIFRGANVLTF	QELYSPIFL
CASSLEGLAGDNEQFF	QELYSPIFL
CASSLLLGSVTYEQYF	QELYSPIFL
CASSNLMAPQRETQYF	QELYSPIFL
CASSSGGDQPQHF	QELYSPIFL
CASSFPDRGDFALYV	QELYSPIFL
CASSPTFGGANVLTF	QELYSPIFL
CASSQLAEPSYEQYF	QELYSPIFL
CASSFAGQYYEQYF	QELYSPIFL
CASSQNMNTEAFF	QELYSPIFL
CASSEERGPYTGELFF	QELYSPIFL
CASSFVQGNTGELFF	QELYSPIFL
CSVDRRPYEQYF	QELYSPIFL
CASSEYPGGGDQPQHF	QELYSPIFL
CASSFTGGNTEAFF	QELYSPIFL
CATSDPGGAETDTQYF	QELYSPIFL
CASSLVGNGYNEQFF	QELYSPIFL
CASSLGGARDIQYF	QELYSPIFL
CASSVGVAGAYEQYF	QELYSPIFL
CSVLLAVTSYEQYF	QELYSPIFL
CASSYMGRGSTEAFF	QELYSPIFL
CASSYSQGANQPQHF	QELYSPIFL
CASSKELAGTLENTQYF	QELYSPIFL
CASSSQDGGYSPLHF	QELYSPIFL
CASSLAPGGLTEAFF	QELYSPIFL
CASSGSGQGPYEQYF	QELYSPIFL
CASSGWDRERNEQFF	QELYSPIFL
CASSPAGGPYEQFF	QELYSPIFL
CASSLDAGYSHTDTQYF	QELYSPIFL
CASSDRSSYNSPLHF	QELYSPIFL
CASSLTDTGELFF	QELYSPIFL
CASSYGPSYEQYF	QELYSPIFL
CASSFLAGGVDGQYF	QELYSPIFL
CASSLYAGLNQPQHF	QELYSPIFL
CASKGETYEQYF	QELYSPIFL
CASLPDRAGIGTQYF	QELYSPIFL
CASSQGLAGGLQETQYF	QELYSPIFL
CASSFTVNTEAFF	QELYSPIFL
CSVGTVTGYEQYF	QELYSPIFL
CASSYGAGGQNTEAFF	QELYSPIFL
CASSIHPGYNTGELFF	QELYSPIFL
CASSQSLTPSYEQYF	QELYSPIFL
CAYRESTEAFF	QELYSPIFL
CASSPGQGLYNEQFF	QELYSPIFL
CASSSSGTAFTPLHF	QELYSPIFL
CASSLPQATYNEQFF	QELYSPIFL
CASSAGTGGNYEQYF	QELYSPIFL
CASSRFQTQLGADTQYF	QELYSPIFL
CSARDTQLITNTGELFF	QELYSPIFL
CASSPGQGPTGGGYTF	QELYSPIFL
CASSFRDPYEQYF	QELYSPIFL
CASSLNSYEQYF	QELYSPIFL
CSANQGNEQYF	QELYSPIFL
CASSLTGTGDIGAFF	QELYSPIFL
CATSTIYSGTAHWYQETQYF	QELYSPIFL
CASSYEGISYEQYF	QELYSPIFL
CASSLGTGSSPLHF	QELYSPIFL
CSVEDPGRGSTDTQYF	QELYSPIFL
CASSLAGDYGYTF	QELYSPIFL
CASSFIFEADRDGEKLFF	QELYSPIFL
CASSQTGDQPQHF	QELYSPIFL
CASSRDGQFF	QELYSPIFL
CASSPYSTGINEQYF	QELYSPIFL
CASSLVASTDTQYF	QELYSPIFL
CASSLEGFVGHEQYF	QELYSPIFL
CSVDDPAGGTEAFF	QELYSPIFL
CASSQDFGQGYTEAFF	QELYSPIFL
CASTGYNEQFF	QELYSPIFL
CASSQEGHRGVIGELFF	QELYSPIFL
CASSLGGNQPQHF	QELYSPIFL
CASSDQPGQPNTEAFF	QELYSPIFL
CSVDSQGPGYTF	QELYSPIFL
CASSFGGAGSETQYF	QELYSPIFL
CASSQDYGFGNTIYF	QELYSPIFL
CASRGLQETQYF	QELYSPIFL
CASSIGGGGELFF	QELYSPIFL
CASSQDRVSWAFF	QELYSPIFL
CSVEGGGTEAFF	QELYSPIFL
CSVGAGTSYEQYF	QELYSPIFL
CASRPDLAGATDTQYF	QELYSPIFL
CSVETGFLDTIYF	QELYSPIFL
CASSGSGLEQYV	QELYSPIFL
CSARLAGADEQYF	QELYSPIFL
CASSLVEDLDTQYF	QELYSPIFL
CASSSIGQGPTGELFF	QELYSPIFL
CASSLTFGQGQPQHF	QELYSPIFL
CASQDLEAFF	QELYSPIFL
CASSLSPGGFYNEQFF	QELYSPIFL
CASSEQPGNTEAFF	QELYSPIFL
CASSLPGPYSGNTIYF	QELYSPIFL
CASSQGPPTLGAGTGELFF	QELYSPIFL
CASSLETGGYEQYF	QELYSPIFL
CSARWGGNQPQHF	QELYSPIFL
CSARLRDYEQYF	QELYSPIFL
CASSSGGGMQPQHF	QELYSPIFL
CASSLAASGAVDTQYF	QELYSPIFL
CASSQLAGHYNEQFF	QELYSPIFL
CASSLSGNTEAFF	QELYSPIFL
CASTPTLYGTDTQYF	QELYSPIFL
CSASIFLFVGTEEQETQYF	QELYSPIFL
CAWSVTSGVFNEQFF	QELYSPIFL
CASSVVVAGGPGDTQYF	QELYSPIFL
CASSPGQGAHGYTF	QELYSPIFL
CSVEGLAGVNIQYF	QELYSPIFL
CASSLAGATLYGYTF	QELYSPIFL
CASKHAGYNEQFF	QELYSPIFL
CASSLPSEEEAGGPGELFF	QELYSPIFL
CASSPLGINIQYF	QELYSPIFL
CASSQLSGSYNEQFF	QELYSPIFL
CASSSPGTGGYEQYF	QELYSPIFL
CASSGDNPGNTIYF	QELYSPIFL
CASSPAGGSGSGDTQYF	QELYSPIFL
CASSLGQGYSPLHF	QELYSPIFL
CSIPGQGYEQYF	QELYSPIFL
CASSPGGGEETQYF	QELYSPIFL
CASSLYPGTGSPSGNTIYF	QELYSPIFL
CASSPGGNIQYF	QELYSPIFL
CASSLDPGLNTEAFF	QELYSPIFL
CASSLFGTGLETQYF	QELYSPIFL
CSVEETGIHEQYF	QELYSPIFL
CASTPLAAARDTQYF	QELYSPIFL
CSAPQLSYNEQFF	QELYSPIFL
CASSHLAGGPSSEQFF	QELYSPIFL
CASSFGGQGRYSNQPQHF	QELYSPIFL
CASSKSQRDSEDYEQYF	QELYSPIFL
CSVPTRQVYEQYF	QELYSPIFL
CASSFLAMVRRNTEAFF	QELYSPIFL
CASSLEVYTEAFF	QELYSPIFL
CASSAQKQTGGILNTEAFF	QELYSPIFL
CASSYSGTSGYEQYF	QELYSPIFL
CSVGVRQAYEQYF	QELYSPIFL
CASSLDRGTSGGYNEQFF	QELYSPIFL
CASSSLAGAYEQYF	QELYSPIFL
CASSYGPSNEQFF	QELYSPIFL
CASSLQLEAFF	QELYSPIFL
CSGGQGGTYEQYF	QELYSPIFL
CASSLEEGALFHEQFF	QELYSPIFL
CSALGMNTEAFF	QELYSPIFL
CASSEGQGWYEQYF	QELYSPIFL
CASSPLAGGPWEQYF	QELYSPIFL
CASNPGQGVSRFDQPQHF	QELYSPIFL
CASSLEEGARIEAFF	QELYSPIFL
CASSYHYEQYF	QELYSPIFL
CASSLMGSGEQYF	QELYSPIFL
CASSSNRGPQETQYF	QELYSPIFL
CSVEAVWDSSGNEQFF	QELYSPIFL
CASSRTDSSYNEQFF	QELYSPIFL
CASSLGPFYEQYF	QELYSPIFL
CASSFLLAGGYNEQFF	QELYSPIFL
CASSPGGGTEAFF	QELYSPIFL
CASSLSATGGTEQYF	QELYSPIFL
CASSPRPWGLFF	QELYSPIFL
CASSYSTTGELFF	QELYSPIFL
CASSLVGGGTGELFF	QELYSPIFL
CASNLVPDLATNEKLFF	QELYSPIFL
CASSLAFGLNTEAFF	QELYSPIFL
CASSQDGTDLADTQYF	QELYSPIFL
CASSYLKSRGRHSNFVTQYF	QELYSPIFL
CASSLTTGNTEAFF	QELYSPIFL
CASSLLAEHYNEQFF	QELYSPIFL
CASSQEINEKLFF	QELYSPIFL
CASKSPGQGEETQYF	QELYSPIFL
CASSQDWGTGGNYGYTF	QELYSPIFL
CASTYYNEQFF	QELYSPIFL
CASSHFIAGGRTYNEQFF	QELYSPIFL
CASSPNSYEQYF	QELYSPIFL
CASSPPHSTGGPVGSSYNEQFF	QELYSPIFL
CASSSPGTGFNEQFF	QELYSPIFL
CASSEHGTGYTGELFF	QELYSPIFL
CASSPQGQGVYNEQFF	QELYSPIFL
CASSLAKGYGEAFF	QELYSPIFL
CASSLGQGTYTYEQYF	QELYSPIFL
CASSVSGVGSTEAFF	QELYSPIFL
CASSFGTGGLNEQFF	QELYSPIFL
CASSLEGGGLYYEQYF	QELYSPIFL
CASSSGQTNTGELFF	QELYSPIFL
CASSSGLAGPMGTGELFF	QELYSPIFL
CASSIGGYNEQFF	QELYSPIFL
CASSLDRSGGSTDTQYF	QELYSPIFL
CAIRGAGELFF	QELYSPIFL
CASSLDLGNTIYF	QELYSPIFL
CASSELGTGGPDTQYF	QELYSPIFL
CASRGDGHNTGELFF	QELYSPIFL
CASSLFGLAVETGELFF	QELYSPIFL
CASSLPGQGQETQYF	QELYSPIFL
CASNPPLGEQPWLTEAFF	QELYSPIFL
CASSLGQAYYEQYF	QELYSPIFL
CASSLGLAGAYEQYF	QELYSPIFL
CASSLEAASNTEAFF	QELYSPIFL
CASRTGTANEQFF	QELYSPIFL
CASSLGDRGYNEQFF	QELYSPIFL
CSVDVPSGSTDTQYF	QELYSPIFL
CASSEGQARGELFF	QELYSPIFL
CASSLGASYNEQFF	QELYSPIFL
CASSSTGDGGDYEQYF	QELYSPIFL
CASGYPGTGSTDTQYF	QELYSPIFL
CASSLVRDGEKLFF	QELYSPIFL
CASSKKEMGNRGNTIYF	QELYSPIFL
CASSQGNEQFF	QELYSPIFL
CASSLRYQETQYF	QELYSPIFL
CASSLSGLEAVANQPQHF	QELYSPIFL
CASSPDQRHSTDTQYF	QELYSPIFL
CASSEGKGGSYEQYF	QELYSPIFL
CASSQGYCVGTGTCEQFF	QELYSPIFL
CASSYGLAGGQISPDTGELFF	QELYSPIFL
CASSQDGGVFYGYTF	QELYSPIFL
CASSAAVGQTYNEQFF	QELYSPIFL
CASSPGGGGSSSYNEQFF	QELYSPIFL
CASSLEGGLTTEQYF	QELYSPIFL
CASSGGINSYNEQFF	QELYSPIFL
CASSLDEQGLTEAFF	QELYSPIFL
CASSPTQTKDVHPYEQYF	QELYSPIFL
CASSSRQGGETQYF	QELYSPIFL
CAGRRTGDTGELFF	QELYSPIFL
CASSYHTGSGVLTGELFF	QELYSPIFL
CASSFAKSYYGYTF	QELYSPIFL
CASSPSGSTEAFF	QELYSPIFL
CASSSPGTGAYEQYF	QELYSPIFL
CASSLVGGTNTGELFF	QELYSPIFL
CASSQDLGQGYEQYF	QELYSPIFL
CASSYRNLRLVAPTDTQYF	QELYSPIFL
CSVETPSGGIHEQFF	QELYSPIFL
CASSPEGTSGLTDTQYF	QELYSPIFL
CASSLPLATGNEQFF	QELYSPIFL
CASSLAVRTGFHEQYF	QELYSPIFL
CASSFSSSYNEQFF	QELYSPIFL
CASSPLGVNTGELFF	QELYSPIFL
CASSSLGLAGSEQYF	QELYSPIFL
CASSSPGTSVSEQYF	QELYSPIFL
CATRDRAPDGYTF	QELYSPIFL
CASSEIQGARAYTQYF	QELYSPIFL
CASSEGPGPPNYGYTF	QELYSPIFL
CASSLSGSAGYEQYF	QELYSPIFL
CASSPFLAGGSYNEQFF	QELYSPIFL
CASSQDLANEQFF	QELYSPIFL
CASSFFGTGGIPNTGELFF	QELYSPIFL
CASSYTREGYTF	QELYSPIFL
CASGLVGASKIYNEQFF	QELYSPIFL
CAWRELAGEPFF	QELYSPIFL
CASSGGAEAFF	QELYSPIFL
CASSLSGRYSYEQYF	QELYSPIFL
CASSQLAGGSGNEQFF	QELYSPIFL
CASSQEFRPKETQYF	QELYSPIFL
CASSPSGQGVTYEQYF	QELYSPIFL
CASSFGGANYEQYF	QELYSPIFL
CASSHGGPGYNEQFF	QELYSPIFL
CASGSGIPAGVGETQYF	QELYSPIFL
CASSQDSNPGNTIYF	QELYSPIFL
CASSLSLAGVYEQYF	QELYSPIFL
CASRRDPYEQYF	QELYSPIFL
CASSLSGDVGYTF	QELYSPIFL
CASSLGGSYEQYF	QELYSPIFL
CASSPPDRPYEQYF	QELYSPIFL
CASTRAGGSYEQYF	QELYSPIFL
CASSAPSIWGPDTQYF	QELYSPIFL
CASSPPTSGSSSYEQYF	QELYSPIFL
CASSLVGPGDEQFF	QELYSPIFL
CASSYNGGSEAFF	QELYSPIFL
CASSLGTTFYEQYF	QELYSPIFL
CASSAGFNEQFF	QELYSPIFL
CASSLDGGLYNEQFF	QELYSPIFL
CASSPGPLVAEQYF	QELYSPIFL
CASSLFHPGLATNEQFF	QELYSPIFL
CASRGLSILPGWSDTQYF	QELYSPIFL
CASTLEHRMNTEAFF	QELYSPIFL
CSARLREVSTDTQYF	QELYSPIFL
CASSPPSGSGANVLTF	QELYSPIFL
CASSLGPWGRDEQFF	QELYSPIFL
CASSLPRARGGTEAFF	QELYSPIFL
CASSGTGVSYEQYF	QELYSPIFL
CSVDGGEGQVNNEQFF	QELYSPIFL
CSASSGGQVDF	QELYSPIFL
CASSIAGAADTQYF	QELYSPIFL
CASSPTGTSDQETQYF	QELYSPIFL
CASSLGLAGANEQFF	QELYSPIFL
CASSHVQLAGGVYNEQFF	QELYSPIFL
CASSYAGQGGTKTGELFF	QELYSPIFL
CASSPIVMNTGELFF	QELYSPIFL
CASSLSLTQRETQYF	QELYSPIFL
CASSLPKATGNTIYF	QELYSPIFL
CASKFGQGYEQYF	QELYSPIFL
CASGRPDSNQPQHF	QELYSPIFL
CASSYGGVGELFF	QELYSPIFL
CASSLAGVLYEQYF	QELYSPIFL
CSVEVAYEQYF	QELYSPIFL
CASSVPSGSSYNEQFF	QELYSPIFL
CSARTGTGGQILDLYEQYF	QELYSPIFL
CAWSGGGSSYEQYF	QELYSPIFL
CSVGTGGEYEQYF	QELYSPIFL
CASSPQPMESYNEQFF	QELYSPIFL
CASSVLAGGPGYEQYF	QELYSPIFL
CASSPDLTGGTETQYF	QELYSPIFL
CASSVARNSPLHF	QELYSPIFL
CASSPVGNGIDYGYTF	QELYSPIFL
CASSSGGETVNTEAFF	QELYSPIFL
CSAGRQGLAGLRGNEQFF	QELYSPIFL
CTSAGAGEQYF	QELYSPIFL
CASSWGTGELFF	QELYSPIFL
CSVDGTGELFF	QELYSPIFL
CASSQGTGTTEAFF	QELYSPIFL
CASSLKGQSFNEKLFF	QELYSPIFL
CASSQPGQGFDEQYF	QELYSPIFL
CASTSPEGRPLNEQFF	QELYSPIFL
CASSVDTGKGMNTEAFF	QELYSPIFL
CASSRTPAGPLIEKLFF	QELYSPIFL
CASSPAGLYEQYF	QELYSPIFL
CASSYGAGNTEAFF	QELYSPIFL
CASIPGGGTEAFF	QELYSPIFL
CASSVGIQGRNTEAFF	QELYSPIFL
CSVEGQGANGYTF	QELYSPIFL
CASSPKLTGLTPVETQYF	QELYSPIFL
CASSLAFGYGTGLQETQYF	QELYSPIFL
CASSLWAGSYNEQFF	QELYSPIFL
CASSYSSANNEKLFF	QELYSPIFL
CSAGRPTGYEQYF	QELYSPIFL
CASSQDLLSGSFF	QELYSPIFL
CASSLSGSSYNSPLHF	QELYSPIFL
CASSQESREAYNSPLHF	QELYSPIFL
CASSGTTEVNQPQHF	QELYSPIFL
CASSYSASYNEQFF	QELYSPIFL
CASSYSGGNQPQHF	QELYSPIFL
CASSSGVLGELFF	QELYSPIFL
CASSQDTSGGFGTDTQYF	QELYSPIFL
CASSLVTGNNEQFF	QELYSPIFL
CASSYHRTSGGAGELFF	QELYSPIFL
CSVDPSSYNEQFF	QELYSPIFL
CASSGGPLRTEAFF	QELYSPIFL
CSVEQAGEGYTF	QELYSPIFL
CASSLIGTSGGYNEQFF	QELYSPIFL
CASSSPGRGLHSGANVLTF	QELYSPIFL
CASSYSAAGVHTEAFF	QELYSPIFL
CATRRSRATEAFF	QELYSPIFL
CASSLGLAGINEQFF	QELYSPIFL
CSSPGPGYNEQFF	QELYSPIFL
CASSLSGGPYEQYF	QELYSPIFL
CASSVTRGNQPQHF	QELYSPIFL
CASSLYVDYEQYF	QELYSPIFL
CASSQGTRVSDTQYF	QELYSPIFL
CASSLSGLTTDTQYF	QELYSPIFL
CASSDSWLGNTEAFF	QELYSPIFL
CASSGQASTGELFF	QELYSPIFL
CASSLSMPQETQYF	QELYSPIFL
CASSPTGVSGANVLTF	QELYSPIFL
CASSPRYDEQYF	QELYSPIFL
CASSEPVGGLTYNEQFF	QELYSPIFL
CASSPTGIRGEKLFF	QELYSPIFL
CASSLGGDPIRKDTQYF	QELYSPIFL
CASSLGGGELFF	QELYSPIFL
CASRRDLGLGNTIYF	QELYSPIFL
CASSFSGHYNEQFF	QELYSPIFL
CASSVGQPNTGELFF	QELYSPIFL
CASSLEGGLTYEQYF	QELYSPIFL
CASSQWTGFYEQYF	QELYSPIFL
CASRQGDFFEQYF	QELYSPIFL
CASSTDSYYGYTF	QELYSPIFL
CASSLAFEQFF	QELYSPIFL
CASSVGGLREGLYEQYF	QELYSPIFL
CASSLVTSGDGEQYF	QELYSPIFL
CASSLEGVSTEAFF	QELYSPIFL
CASSRGDGWDETQYF	QELYSPIFL
CASAGEDPYEQYF	QELYSPIFL
CASSEEVGQGWHEQYF	QELYSPIFL
CASSVEGSSYNEQFF	QELYSPIFL
CASSIAGGPYEQYV	QELYSPIFL
CASSIQGREQFF	QELYSPIFL
CASSFTGSTYEQYF	QELYSPIFL
CSALVAGPTLGEQYF	QELYSPIFL
CASSSPDYWNEQFF	QELYSPIFL
CASSLGPWGHTEAFF	QELYSPIFL
CASREGLGNQPQHF	QELYSPIFL
CASSFSGINYNEQFF	QELYSPIFL
CASSQIGLAASYEQYF	QELYSPIFL
CASSYGGHSYEQYF	QELYSPIFL
CASSQDGTDYTDTQYF	QELYSPIFL
CASSELAGGIETQYF	QELYSPIFL
CASSVVGKNTEAFF	QELYSPIFL
