CDR3	AA
CASSATGDEQFF	ASANLAATK
CASSSGETQYF	ASANLAATK
CASSPSLGQYQETQYF	ASANLAATK
CASSPSETQYF	ASANLAATK
CASSLETSSAQYF	ASANLAATK
CASSLGGETQYF	ASANLAATK
CASSSKRDSYNEQFF	ASANLAATK
CASSLTPGGAVETQYF	ASANLAATK
CASGQGAGQPQHF	ASANLAATK
CASSLGETQYF	ASANLAATK
CASSQDRPDTQYF	ASANLAATK
CSVLRGYWDTQYF	ASANLAATK
CASRQGSREQYF	ASANLAATK
CASAHEAGESTDTQYF	ASANLAATK
CASSRRLARRKNIQYF	ASANLAATK
CATSYGETQYF	ASANLAATK
CASSPGQGAWNTEAFF	ASANLAATK
CASSGTGAYEQYF	ASANLAATK
CASSFHLGLASYEQYF	ASANLAATK
CASSNSGTYEQYF	ASANLAATK
CASSLLAGSSYNEQFF	ASANLAATK
CASSQEQALYNSPLHF	ASANLAATK
CASGGGETQYF	ASANLAATK
CASSYSIDGPGGYTF	ASANLAATK
CASSQDSGFYEQYF	ASANLAATK
CASSLQGYQETQYF	ASANLAATK
CASSQSHNEQFF	ASANLAATK
CASSIILAGSLNEQFF	ASANLAATK
CASSFEGNTIYF	ASANLAATK
CSATGSEAFF	ASANLAATK
CASSPAGNHIQYF	ASANLAATK
CASSLVSASETQYF	ASANLAATK
CASSFGETQYF	ASANLAATK
CASSARTGTSSGYTF	ASANLAATK
CSVEQAGFPEAFF	ASANLAATK
CASSALTVNTEAFF	ASANLAATK
CASSPRDRTDTQYF	ASANLAATK
CASSRGETQYF	ASANLAATK
CASSALGYQETQYF	ASANLAATK
CAWVAQAISMNTEAFF	ASANLAATK
CASSLEGNTIYF	ASANLAATK
CASSQVSGAEQYF	ASANLAATK
CASRETFIAGDTDTQYF	ASANLAATK
CASSYGQGRYAGELFF	ASANLAATK
CASSQDVGYNNQPQHF	ASANLAATK
CASRALERGDTDTQYF	ASANLAATK
CASSVEFSSGVYEQFF	ASANLAATK
CASSSGETQYF	ASANLAATK
CASSFGETQYF	ASANLAATK
CATGPGETQYF	ASANLAATK
CASGQGTDQPQHF	ASANLAATK
CASSLEQGENTEAFF	ASANLAATK
CASNQNGGRLEQFF	ASANLAATK
CSVDPGTAKNIQYF	ASANLAATK
CASSYLTDYNEQFF	ASANLAATK
CASSGAAYSDTQYF	ASANLAATK
CASSIRDTNQPQHF	ASANLAATK
CASSQRLAGGETQYF	ASANLAATK
CASSDPGYEQYF	ASANLAATK
CASSYGGEEQYF	ASANLAATK
CASSFSQGPNEQYF	ASANLAATK
CASSQEPTSGRLGLYEQYF	ASANLAATK
CASSPPGDEQYF	ASANLAATK
CASSPGGGDTQYF	ASANLAATK
CSVLTGAAYEQYF	ASANLAATK
CASSFIENTGELFF	ASANLAATK
CASSPGGSGELFF	ASANLAATK
CASSFWGENNEQFF	ASANLAATK
CSVWTGDTDTQYF	ASANLAATK
CASSPEWNQPQHF	ASANLAATK
CASSLAGETQYF	ASANLAATK
CEGQSNQPQHF	ASANLAATK
CASSFPGSLGEQYF	ASANLAATK
