CDR3	AA
CASSIVSMDEQFF	LPFFSNVTWF
CASSFGHPSSYEQYF	LPFFSNVTWF
CASSIRSSYEQYF	LPFFSNVTWF
CASSTRSAYEQYF	LPFFSNVTWF
CASSARSAIEQYF	LPFFSNVTWF
CASSIRSSYEQYF	LPFFSNVTWF
CASSQEAGYEQYF	LPFFSNVTWF
CASSTSSTGELFF	LPFFSNVTWF
CASSSRSDNEQFF	LPFFSNVTWF
CASSGQGVSYNEQFF	LPFFSNVTWF
CASSIRSSYEQYF	LPFFSNVTWF
CASSTRSSYEQYF	LPFFSNVTWF
CASSYGTGIYNEQFF	LPFFSNVTWF
CASAKTGTGTDTQYF	LPFFSNVTWF
CASSIRSGTPQYF	LPFFSNVTWF
CASSTRSAYEQYF	LPFFSNVTWF
CASSIRAAYEQYF	LPFFSNVTWF
CASSSRSQETQYF	LPFFSNVTWF
CASSYLDREHTEAFF	LPFFSNVTWF
CASSIGSYGYTF	LPFFSNVTWF
CASSTRSAYEQYF	LPFFSNVTWF
CASSQEKLAGGPSSYEQYF	LPFFSNVTWF
CASSIRSAYEQYF	LPFFSNVTWF
CSVEGLDGLWTQYF	LPFFSNVTWF
CASSIRSSYEQYF	LPFFSNVTWF
CASSSRAGEKLFF	LPFFSNVTWF
CASSIGYYGYTF	LPFFSNVTWF
CASSIRSSYEQYF	LPFFSNVTWF
CASSLPKGDGYEQYF	LPFFSNVTWF
CASSIRSSYEQYF	LPFFSNVTWF
CASSIRAAYEQYF	LPFFSNVTWF
CASTPGTGYSPLHF	LPFFSNVTWF
CASSMGSYGYTF	LPFFSNVTWF
CASSFRSTDTQYF	LPFFSNVTWF
CASSVRSSYEQYF	LPFFSNVTWF
CASSMRSTGELFF	LPFFSNVTWF
CASSIYSNQPQHF	LPFFSNVTWF
CASSSRAAYEQYF	LPFFSNVTWF
CASSLRDRANTGELFF	LPFFSNVTWF
CASSILSINEQFF	LPFFSNVTWF
CASSIRSAYEQYF	LPFFSNVTWF
CASSIRSTYEQYF	LPFFSNVTWF
CASSIRSSYEQYF	LPFFSNVTWF
CASSRGPTQETQYF	LPFFSNVTWF
CASSQGSYGYTF	LPFFSNVTWF
CASSIRSSYEQYF	LPFFSNVTWF
CASSIRSSYEQYF	LPFFSNVTWF
CASSIGLYGYTF	LPFFSNVTWF
CASSPLGVPWENPQHF	LPFFSNVTWF
CASSIRSSYEQYF	LPFFSNVTWF
CASSIRSSYEQYF	LPFFSNVTWF
CASSSRSSYEQYF	LPFFSNVTWF
CASSIRSAYEQYF	LPFFSNVTWF
CASSIADYNEQFF	LPFFSNVTWF
CASSLRSSYEQYF	LPFFSNVTWF
CASSILSRQPQHF	LPFFSNVTWF
CASSPRSTDTQYF	LPFFSNVTWF
CASSLDRAGNQPQHF	LPFFSNVTWF
CASSIRSSYEQYF	LPFFSNVTWF
CASSTRGSETQYF	LPFFSNVTWF
CASSIRASYEQYF	LPFFSNVTWF
CASPKVGLANGREQFF	LPFFSNVTWF
CASSTSGANQPQHF	LPFFSNVTWF
CASSTRSTDTQYF	LPFFSNVTWF
CASSAGSYGYTF	LPFFSNVTWF
CSARDSLASGSSPPPPDTQYF	LPFFSNVTWF
CASSIGLYGYTF	LPFFSNVTWF
CASSGEGQGRTGELFF	LPFFSNVTWF
CASSLEGAGVASYEQYF	LPFFSNVTWF
CASSPTDSGPQHF	LPFFSNVTWF
CASSIRSGYEQYF	LPFFSNVTWF
CASSSQETGGAYNEQFF	LPFFSNVTWF
CASSTRSNQPQHF	LPFFSNVTWF
CASSHPETGRYEQFF	LPFFSNVTWF
CASSIRSAYEQYF	LPFFSNVTWF
CASSTGLYGYTF	LPFFSNVTWF
CASSIRSSYEQYF	LPFFSNVTWF
CASSIRSTGELFF	LPFFSNVTWF
CASSGGLSSYNEQFF	LPFFSNVTWF
CASSSRSSYEQYF	LPFFSNVTWF
CASSITGGGMNEQFF	LPFFSNVTWF
CASSIRSAGELFF	LPFFSNVTWF
CASSTRSSYEQYF	LPFFSNVTWF
CASSAPSGRHSYEQYF	LPFFSNVTWF
CATSVSGRTHGYEQYF	LPFFSNVTWF
CASSIFSGLNEQFF	LPFFSNVTWF
CASSSRAGIEQFF	LPFFSNVTWF
CATSDPSTSGRSASTDTQYF	LPFFSNVTWF
CASSGRSTGELFF	LPFFSNVTWF
CASSVRSAYEQYF	LPFFSNVTWF
CASSIRSTETQYF	LPFFSNVTWF
CASSSDRGRASGSLVDEQFF	LPFFSNVTWF
CASSITGTYNEQFF	LPFFSNVTWF
CASSKRSSIEQFF	LPFFSNVTWF
CASSIRSSYEQYF	LPFFSNVTWF
CASSTRSTYEQYF	LPFFSNVTWF
CASSTRSAYEQYF	LPFFSNVTWF
CATYGQGASYEQYF	LPFFSNVTWF
CASSIRSVGELFF	LPFFSNVTWF
CASSKRSSIEQFF	LPFFSNVTWF
CASSIRSSYEQYF	LPFFSNVTWF
CASSIRSGYEQYF	LPFFSNVTWF
CASSLSYNEQFF	LPFFSNVTWF
CASSHRSTDTQYF	LPFFSNVTWF
CASSIRSSYEQYF	LPFFSNVTWF
CASSGRSTGELFF	LPFFSNVTWF
CASSIRSTGELFF	LPFFSNVTWF
CASSIRSAYEQYF	LPFFSNVTWF
CASSTGSYGYTF	LPFFSNVTWF
CASSPGQGSYNEQFF	LPFFSNVTWF
CASSSRSQETQYF	LPFFSNVTWF
CASSIRSSYEQYF	LPFFSNVTWF
CASSHDGQGGGETQYF	LPFFSNVTWF
CASSWDSSYEQYF	LPFFSNVTWF
CASSQPAGFQETQYF	LPFFSNVTWF
CASSQDTIWSSYEQYV	LPFFSNVTWF
CASSAAAQGPQHF	LPFFSNVTWF
