CDR3	AA
CASSLGMTGTTLIEETQYF	VSIWNLDYII
CASSFGRGGSYNEQFF	VSIWNLDYII
CASAGREVADTQYF	VSIWNLDYII
CASSHSPGDSTNYGYTF	VSIWNLDYII
CASSAPGQGYNSPLHF	VSIWNLDYII
CASSTGLQNIQYF	VSIWNLDYII
CASSMMSGGHNEQFF	VSIWNLDYII
CASSYGLAGGPQYNEQFF	VSIWNLDYII
CASSLPGGYDTQYF	VSIWNLDYII
CASSNLASPDTQYF	VSIWNLDYII
CASSPGGLEAFF	VSIWNLDYII
CASSLASGQGYEQYF	VSIWNLDYII
CASSLAASSYEQYF	VSIWNLDYII
CASSQDARALWSYTF	VSIWNLDYII
CASRSPGSYNEQFF	VSIWNLDYII
CASSLMGPEQYF	VSIWNLDYII
CASSQAWSSYNEQFF	VSIWNLDYII
CASNEGQGGYEQYF	VSIWNLDYII
CASWTEGFNSPLHF	VSIWNLDYII
CASSLHSLTGTGGYEQFF	VSIWNLDYII
CASSPRTATYNEQFF	VSIWNLDYII
CASSPKFGDEKLFF	VSIWNLDYII
CASSLFQPGQRPNTGELFF	VSIWNLDYII
CASSLGGTDTQYF	VSIWNLDYII
CASSSGQGTNTGELFF	VSIWNLDYII
CASRPMTGLNTGELFF	VSIWNLDYII
CASSHQEAYNEQFF	VSIWNLDYII
CASSLDSGEQYF	VSIWNLDYII
CASSLGQPQHF	VSIWNLDYII
CAWNSRMGPQETQYF	VSIWNLDYII
CASSMPERTSGNNRETQYF	VSIWNLDYII
CSVLGQGAHEQYF	VSIWNLDYII
CASSEGLGGEQYF	VSIWNLDYII
CSVRSYEQYF	VSIWNLDYII
CASSLGTGESQPQHF	VSIWNLDYII
CASSLGQVSRWEKLFF	VSIWNLDYII
CASSSEGQGRAYEQYF	VSIWNLDYII
CASSEVVKLYYEQYF	VSIWNLDYII
CAISWTGGGTEAFF	VSIWNLDYII
CSAAGDGSYEQYF	VSIWNLDYII
CSVRGGIEAFF	VSIWNLDYII
CASSSDGYEQYF	VSIWNLDYII
CASSSGQGSHEQYF	VSIWNLDYII
CASSQTGIAFF	VSIWNLDYII
CASSYSQLELANYGYTF	VSIWNLDYII
CASSPDRDYGYTF	VSIWNLDYII
CASSREEGGETSPLYNEQFF	VSIWNLDYII
CASSKEDWRGRNEQFF	VSIWNLDYII
CSTGQGVTLGSEQFF	VSIWNLDYII
CASSIVPNHYNEQFF	VSIWNLDYII
CASSLTTAYGYTF	VSIWNLDYII
CASSLAALTVSNTGELFF	VSIWNLDYII
CASSFGGDTGELFF	VSIWNLDYII
CASSYAGGYTDTQYF	VSIWNLDYII
CASSLTGTSGNEQYF	VSIWNLDYII
CASSLILQETQYF	VSIWNLDYII
CASSPLAGGHNEQFF	VSIWNLDYII
CASSPGGGDNEQFF	VSIWNLDYII
CASSPAGAADTQYF	VSIWNLDYII
CASSSYYLSTDTQYF	VSIWNLDYII
CASSLDLGILDYGYTF	VSIWNLDYII
CASSIYSEDNEQFF	VSIWNLDYII
CASSYLQGNYGYTF	VSIWNLDYII
CSVLGGSTYYEQYF	VSIWNLDYII
CASSGRGETYNEQFF	VSIWNLDYII
CASSALKSGYNEQFF	VSIWNLDYII
CSVLEWSSYEQYF	VSIWNLDYII
CASSYRDYSPLHF	VSIWNLDYII
CASSGLAGGQGEQFF	VSIWNLDYII
CASSSLSSPEAFF	VSIWNLDYII
CASMGTSGGPSTDTQYF	VSIWNLDYII
CASSLSAGDFNEQFF	VSIWNLDYII
CASSHSGGGELFF	VSIWNLDYII
CASSYGRGVSANTGELFF	VSIWNLDYII
CASSSGPGKGYNEQFF	VSIWNLDYII
CASSFIGAKHEQYF	VSIWNLDYII
CASSWLSYEQYF	VSIWNLDYII
CASSFGGSWAYGYTF	VSIWNLDYII
CASSPPRQGPPPQETQYF	VSIWNLDYII
CASSLVGAPTGDTQYF	VSIWNLDYII
CASREGTSGELFF	VSIWNLDYII
CASSQVWAAKNIQYF	VSIWNLDYII
CASSLRTGSIYEQYF	VSIWNLDYII
CASSPQGVTAGGNEQFF	VSIWNLDYII
CASSDTGGSYNEQFF	VSIWNLDYII
CASSGGSEQFF	VSIWNLDYII
CASSQDSAEAFF	VSIWNLDYII
CASSQGGGQETQYF	VSIWNLDYII
CASSAMGTEAFF	VSIWNLDYII
CASSLGGAKTEAFF	VSIWNLDYII
CASSRLPDETQYF	VSIWNLDYII
CASSLDGIEAFF	VSIWNLDYII
CASSHRAPGQGVMSGYTF	VSIWNLDYII
CSASWNRGGIGNIQYF	VSIWNLDYII
CAISPLDTGNTGELFF	VSIWNLDYII
CASSPAAASYEQYF	VSIWNLDYII
CATQERDDEQYF	VSIWNLDYII
CASSLSGDSFYEQYF	VSIWNLDYII
CASSADPTGAGTEAFF	VSIWNLDYII
CSVRDSYGYTF	VSIWNLDYII
CASSPASGDEQFF	VSIWNLDYII
CASSFEGDVLFF	VSIWNLDYII
CASSKAGDYGYTF	VSIWNLDYII
CSALLAGGINEQFF	VSIWNLDYII
CASRDGADWTGELFF	VSIWNLDYII
CASSPGLANEQFF	VSIWNLDYII
CASSVGLGAYEQYF	VSIWNLDYII
CSVFGDSHEQYF	VSIWNLDYII
CASSLGTGVSPLHF	VSIWNLDYII
CASSIPLFEAFF	VSIWNLDYII
CSSTGGLSDGYTF	VSIWNLDYII
CASSQLAPTYNEQFF	VSIWNLDYII
CASSLVPGELFF	VSIWNLDYII
CASSLFVEDNEQFF	VSIWNLDYII
CASSRNYPSTAADNEQFF	VSIWNLDYII
CASSEARVRLAGNEQFF	VSIWNLDYII
CASSFSGGPGANVLTF	VSIWNLDYII
CASSEAGTGNTEAFF	VSIWNLDYII
CASSVGSGAGELFF	VSIWNLDYII
CASSLRQGAWETQYF	VSIWNLDYII
CASSQDRVYEQYF	VSIWNLDYII
CASSFSGPSTDTQYF	VSIWNLDYII
CASSQKQGYEQYF	VSIWNLDYII
CASSSTSGGTDTQYF	VSIWNLDYII
CASSPTSGGMSDTQYF	VSIWNLDYII
CASSFWGQGGETQYF	VSIWNLDYII
CASSPLGSGANEQFF	VSIWNLDYII
CASSLGVFTGELFF	VSIWNLDYII
CASSQAHSSPAGGTDTQYF	VSIWNLDYII
CASSHPWLAGDSYNEQFF	VSIWNLDYII
