CDR3	AA
CATSLARTNEQFF	YIIKLIFLWL
CASRLFGTGGEKLFF	YIIKLIFLWL
CASKFGLGAYEQYF	YIIKLIFLWL
CASSEISLASEQYF	YIIKLIFLWL
CATSTARTTGEYF	YIIKLIFLWL
CASSLPAGTSGYEQFF	YIIKLIFLWL
CSARGLAAYEQYF	YIIKLIFLWL
CASSQEGVAVYNEQFF	YIIKLIFLWL
CASSGVAGVYNEQFF	YIIKLIFLWL
CASSFPQGAQETQYF	YIIKLIFLWL
CASSPELGEDHGYTF	YIIKLIFLWL
CASTTGTGLHQETQYF	YIIKLIFLWL
CASSILVNEQFF	YIIKLIFLWL
CASSFIGTGLVDEQFF	YIIKLIFLWL
CSAQDRGLDQPQHF	YIIKLIFLWL
CASSQTEEGPSTDTQYF	YIIKLIFLWL
CASSGLIQSGRATDTQYF	YIIKLIFLWL
CASSQLGENTGELFF	YIIKLIFLWL
CASSLAGTTNTGELFF	YIIKLIFLWL
CASSTGASGSYEQYF	YIIKLIFLWL
CASSSFGTAVDTYEQYF	YIIKLIFLWL
CASRLAGDRLMNSPLHF	YIIKLIFLWL
CASSLAGFGLNTEAFF	YIIKLIFLWL
CASQGNSLVLHF	YIIKLIFLWL
CASSLPPWSSYNSPLHF	YIIKLIFLWL
CASSPNTLGTF	YIIKLIFLWL
CASSSGTSGGAETQYF	YIIKLIFLWL
CASSESDVRGPGELFF	YIIKLIFLWL
CASSEGPSDTQYF	YIIKLIFLWL
CATSSERTAYNEQFF	YIIKLIFLWL
CASSTGLAANTGELFF	YIIKLIFLWL
CAWSHNEQFF	YIIKLIFLWL
CASSPGLAGVDEQYF	YIIKLIFLWL
CASSLAGTSSYNEQFF	YIIKLIFLWL
CASYGLGTANTGELFF	YIIKLIFLWL
CASSLGRGLDTDTQYF	YIIKLIFLWL
CASSGNMNTEAFF	YIIKLIFLWL
CASSLALTVLFYEQYF	YIIKLIFLWL
CASSSIPGVEGYTF	YIIKLIFLWL
CATLGGPLDGYTF	YIIKLIFLWL
CASSLRQAEYENYGYTF	YIIKLIFLWL
CASSLVGAGGYNSPLHF	YIIKLIFLWL
CASSQPGTENTEAFF	YIIKLIFLWL
CSARVPTHNEQFF	YIIKLIFLWL
CAIWSPSAFHEQFF	YIIKLIFLWL
CASSGSYNEQFF	YIIKLIFLWL
CASSPPTSGGLEETQYF	YIIKLIFLWL
CSAAQGELFF	YIIKLIFLWL
CASIQSGSEQYF	YIIKLIFLWL
CASSSPSTGGFHEQYF	YIIKLIFLWL
CASSTGTSGSYEQYF	YIIKLIFLWL
CASSSWGRELYNEQFF	YIIKLIFLWL
CASSYYDVLSSYNEQFF	YIIKLIFLWL
CASSSRSRVGSLGSYNEQFF	YIIKLIFLWL
CASSPFPGLAGGLGNEQFF	YIIKLIFLWL
CASSLSIAEGFNEQFF	YIIKLIFLWL
CASSYTLDRATEAFF	YIIKLIFLWL
CSVVFAGAPEAFF	YIIKLIFLWL
CSASTSGESTDTQYF	YIIKLIFLWL
CASSSGVNYNEQFF	YIIKLIFLWL
CASSVDSAEPQHF	YIIKLIFLWL
CASSLPGLAGGGYNEQFF	YIIKLIFLWL
CASSPEAWEGETQYF	YIIKLIFLWL
CSAPPRDYDNEQFF	YIIKLIFLWL
CASSFPSYEQYF	YIIKLIFLWL
CASSQQGSAYGYTF	YIIKLIFLWL
CASSLPDSPHSNQPQHF	YIIKLIFLWL
CASSLAGTSPYNEQFF	YIIKLIFLWL
CASSQDPSSGNTIYF	YIIKLIFLWL
CASTKDGLAETQYF	YIIKLIFLWL
CASSPHGTGGYEQYF	YIIKLIFLWL
CATSGQGLITDTQYF	YIIKLIFLWL
CSAPNGQAYEQYF	YIIKLIFLWL
CASTLASNYGYTF	YIIKLIFLWL
CASSLAGNGQNTEAFF	YIIKLIFLWL
CASSRGLAWDTEAFF	YIIKLIFLWL
CASSLDDSPYGYTF	YIIKLIFLWL
CASSSQQGFYGELFF	YIIKLIFLWL
CASSYQEAFF	YIIKLIFLWL
CASSQDWGYEQYF	YIIKLIFLWL
CASSLITGTENTEAFF	YIIKLIFLWL
CASSDHGLEGTQYF	YIIKLIFLWL
CASEGPGYEQYF	YIIKLIFLWL
CASSLSFRGTNEKLFF	YIIKLIFLWL
CASSTGDRGSYEQYF	YIIKLIFLWL
CASSSGGAGQPQHF	YIIKLIFLWL
CASSQGVQINYEQYF	YIIKLIFLWL
CASSELGSTDTQYF	YIIKLIFLWL
CASSLAGTGGTYEQYF	YIIKLIFLWL
CASSLSGELFF	YIIKLIFLWL
CASSLANLAGGFNEQFF	YIIKLIFLWL
CASTVSTGGYSGANVLTF	YIIKLIFLWL
CASSPQWDPDSYEQYF	YIIKLIFLWL
CATSERTSSYNEQFF	YIIKLIFLWL
CASSTPRTSGNDEQYF	YIIKLIFLWL
CASSGIDLQETQYF	YIIKLIFLWL
CATSREGRTETQYF	YIIKLIFLWL
CASSPGAGANVLTF	YIIKLIFLWL
CASTKDVVAAGMNTEAFF	YIIKLIFLWL
CASSEYNEQFF	YIIKLIFLWL
CASSPLGILGETQYF	YIIKLIFLWL
CATSKKRAQETQYF	YIIKLIFLWL
CSARLPSYNEQFF	YIIKLIFLWL
CASGASYNEQFF	YIIKLIFLWL
CASSVGLAGAETQYF	YIIKLIFLWL
CASSFIRTSGGEQFF	YIIKLIFLWL
CASSPDGLAGGWDTGELFF	YIIKLIFLWL
CASTSTGGAEQYF	YIIKLIFLWL
CASSQDDRVEITDTQYF	YIIKLIFLWL
CASSEDSYTEAFF	YIIKLIFLWL
CSAETSGYEQYF	YIIKLIFLWL
CASSSGGTSGTAYEQYF	YIIKLIFLWL
CSVERGGMNTEAFF	YIIKLIFLWL
CASSLVGVGHTDTQYF	YIIKLIFLWL
CASSFGDSNTEAFF	YIIKLIFLWL
CSARVPTTNEQFF	YIIKLIFLWL
CASSLERAYEQYF	YIIKLIFLWL
CSAPGQLSGANVLTF	YIIKLIFLWL
CSARLAGDTGELFF	YIIKLIFLWL
CSASAVEGLAGETQYF	YIIKLIFLWL
CASSFIGLAGSRNEQFF	YIIKLIFLWL
CASSLGGTGELFF	YIIKLIFLWL
CATSPGGRVGDLYTDTQYF	YIIKLIFLWL
CASHLGSSHNEQFF	YIIKLIFLWL
CASSPMEASQTDTQYF	YIIKLIFLWL
CASGFGWGGSTDTQYF	YIIKLIFLWL
CASSWTVNQPQHF	YIIKLIFLWL
CASSYNLNTEAFF	YIIKLIFLWL
CASSQSGGTEAFF	YIIKLIFLWL
CASSSEGQGDYGYTF	YIIKLIFLWL
CSATSGWEDEQFF	YIIKLIFLWL
CASSLGTSGGASIQETQYF	YIIKLIFLWL
CASSYERGPTYNEQFF	YIIKLIFLWL
CASSQDGVGDLSYEQYF	YIIKLIFLWL
CASSLGAGTSDTQYF	YIIKLIFLWL
CASSLSDAYEQYF	YIIKLIFLWL
CASSYGGGANVLTF	YIIKLIFLWL
CASSPGNEQFF	YIIKLIFLWL
CASSLGTGGDEQFF	YIIKLIFLWL
CASSQEGGSYTGELFF	YIIKLIFLWL
CATSPERTSYEQFF	YIIKLIFLWL
CASSMGLEQFF	YIIKLIFLWL
CASSATSLETQYF	YIIKLIFLWL
CASSHTTGTSGVGTQYF	YIIKLIFLWL
CASSEGAVGQGNFLLYEQYF	YIIKLIFLWL
CASSLQVVWAGELFF	YIIKLIFLWL
