CDR3	AA
CSAGLAGDIRYEQYF	MIELSLIDFY
CASSLIRAANEKLFF	MIELSLIDFY
CSGGLEGTDTQYF	MIELSLIDFY
CSAQGTSGYNEQFF	MIELSLIDFY
CSVGPSGSAEQFF	MIELSLIDFY
CASSPTGTGPTNEKLFF	MIELSLIDFY
CASSFTEIAVGEQFF	MIELSLIDFY
CASSQLAGGGNEQFF	MIELSLIDFY
CASSQDGFFNQPQHF	MIELSLIDFY
CASSNSGSSYNEQFF	MIELSLIDFY
CASSIGLAGGPEQFF	MIELSLIDFY
CSAGLESNEQFF	MIELSLIDFY
CASSQDNRVGYEQYF	MIELSLIDFY
CASSSEGQSARVGEKLFF	MIELSLIDFY
CASSLGTSWSTDTQYF	MIELSLIDFY
CASSIGLREIPDTQYF	MIELSLIDFY
CSAPSGPVNEQFF	MIELSLIDFY
CSADTSGLAGAYNEQFF	MIELSLIDFY
CSSDQGETQYF	MIELSLIDFY
CASSQWTGGADTQYF	MIELSLIDFY
CSASVRDGDNEQFF	MIELSLIDFY
CSAPRAPEAFF	MIELSLIDFY
CASSETGDGLFHEQYF	MIELSLIDFY
RASSLRPVPRDTQYF	MIELSLIDFY
CASSYYGFGTEAFF	MIELSLIDFY
CATVSGGYEQYF	MIELSLIDFY
CASSQVGIGRAGDEQYF	MIELSLIDFY
CATSRDRWSGELFF	MIELSLIDFY
CASSELLQGGVTEAFF	MIELSLIDFY
CSASYSDETQYF	MIELSLIDFY
CASSFTGLDEQYF	MIELSLIDFY
CASSLNRVYEQYF	MIELSLIDFY
CASSLTGYGNTIYF	MIELSLIDFY
CASSQEGAGLAGNNEQFF	MIELSLIDFY
CASSLLEGGSIQYF	MIELSLIDFY
CASSVTGTGGFGANVLTF	MIELSLIDFY
CASSQDPRNSYNEQFF	MIELSLIDFY
CASSYEGTGYTF	MIELSLIDFY
CASSLDPLMGEQYF	MIELSLIDFY
CSAPGGPGEQFF	MIELSLIDFY
CASSPRGTGYDGYTF	MIELSLIDFY
CSASTSFNEQFF	MIELSLIDFY
CASSPLRAHEQFF	MIELSLIDFY
CSAHTESSYEQYF	MIELSLIDFY
CASSMGAGQEQYF	MIELSLIDFY
CASRGNSGEIYEQYF	MIELSLIDFY
CSANLGNNEQFF	MIELSLIDFY
CASSPGQGIDTQYF	MIELSLIDFY
CASSPGRRLEAFF	MIELSLIDFY
CSADGGTADTQYF	MIELSLIDFY
CASRGPGPRQGRSYEQYF	MIELSLIDFY
CSATGNTGELFF	MIELSLIDFY
CASSFDWTGGTGYGYTF	MIELSLIDFY
CASSSYVPGQATNEKLFF	MIELSLIDFY
CASSFYTNNEQFF	MIELSLIDFY
CSGLVGGAYEQYF	MIELSLIDFY
CATVRQLPYSNQPQHF	MIELSLIDFY
CASSQLAGGNNEQFF	MIELSLIDFY
CSASSSAHRVQETQYF	MIELSLIDFY
CASSPGGGLAEAFF	MIELSLIDFY
CASSSQGLFEAFF	MIELSLIDFY
CSAAGTHNEQFF	MIELSLIDFY
CASSRSGGGYGYTF	MIELSLIDFY
CSASDWTSGTYEQYF	MIELSLIDFY
CASSLMSITDTQYF	MIELSLIDFY
CSATQSTDTQYF	MIELSLIDFY
CSASIQGWGETQYF	MIELSLIDFY
CASSLGETLPMGETQYF	MIELSLIDFY
CASSLGWAGNTEAFF	MIELSLIDFY
CASSRDGFQETQYF	MIELSLIDFY
CASSVLAGGRNEQFF	MIELSLIDFY
CASSYFPSGTSGRADTQYF	MIELSLIDFY
CATSSLAGNTDTQYF	MIELSLIDFY
CASSPDSHNEQFF	MIELSLIDFY
CASSLQGAGEAFF	MIELSLIDFY
CASSENTGTGGASIGELFF	MIELSLIDFY
CASTIHENEKLFF	MIELSLIDFY
CIDGIGKTQYF	MIELSLIDFY
CASSLGGAHRDEQFF	MIELSLIDFY
CASSLAGSYEQYF	MIELSLIDFY
CASSLREYEQYF	MIELSLIDFY
CASSHLLAGDRHEQFF	MIELSLIDFY
CASSETSNTDTQYF	MIELSLIDFY
CASSLDRGTYEQYF	MIELSLIDFY
CASSEPYTGQTEAFF	MIELSLIDFY
CASTPGLSFNQPQHF	MIELSLIDFY
CASSLRAGGPQETQYF	MIELSLIDFY
CASSHAPGSGSTSYEQYF	MIELSLIDFY
CSARPLESYEQYF	MIELSLIDFY
CASSLHSRTARYGYTF	MIELSLIDFY
CSASIGTLGETQYF	MIELSLIDFY
CAGRYTEAFF	MIELSLIDFY
CSAREAASSYEQYF	MIELSLIDFY
CSADGTSGRSDTQYF	MIELSLIDFY
CASISSSGGAGYNEQFF	MIELSLIDFY
CASSLVSGLNTEAFF	MIELSLIDFY
CSAREIRDRRGNQPQHF	MIELSLIDFY
CSATFEGESYNEQFF	MIELSLIDFY
CASSHRSTGNQPQHF	MIELSLIDFY
CASSLIQGYNSPLHF	MIELSLIDFY
CASSSIQGVLDGYTF	MIELSLIDFY
CASSESWAGGVTGELFF	MIELSLIDFY
CASSLTERSYEQYF	MIELSLIDFY
CSASGEVRAARTDTQYF	MIELSLIDFY
CSASPTSGSGLEQFF	MIELSLIDFY
CASGAPTSGRTDTQYF	MIELSLIDFY
CASSPFEVNGVNEQFF	MIELSLIDFY
CSASGLAAVQAGGPYGETQYF	MIELSLIDFY
CASSPPSGAQYF	MIELSLIDFY
CSAAWSTKGNEQFF	MIELSLIDFY
CSVQGTSGNYNEQFF	MIELSLIDFY
CSAGTEQETQYF	MIELSLIDFY
CSATREIGYNEQFF	MIELSLIDFY
CASSRTPGLAGDNEQFF	MIELSLIDFY
CASSLRQDLNEKLFF	MIELSLIDFY
CASSQGPQRGAPYEQYF	MIELSLIDFY
CASSPPGATAIDTQYF	MIELSLIDFY
CASSEGGQGAYNEQFF	MIELSLIDFY
CASSPSFSNTGELFF	MIELSLIDFY
CASSYGGRGVQPQHF	MIELSLIDFY
CSARGTEDYGYTF	MIELSLIDFY
CASSPGLAGAYSYNEQFF	MIELSLIDFY
CASSQVPSSGANVLTF	MIELSLIDFY
CASAWTSGAYEQYF	MIELSLIDFY
CASSSDGGDQPQHF	MIELSLIDFY
CASSQQGLWAGELFF	MIELSLIDFY
CASSQDRGYEQYF	MIELSLIDFY
CASSLVGDEQYF	MIELSLIDFY
CASSQVGGTEAFF	MIELSLIDFY
CASSLEGGLDTQYF	MIELSLIDFY
CSARLSYNEQFF	MIELSLIDFY
CASSSIGGSEQFF	MIELSLIDFY
CSASLEDTQETQYF	MIELSLIDFY
CASSSQDREQPQHF	MIELSLIDFY
CASSLGAGNQPQHF	MIELSLIDFY
CSASSPAAPVNNEQFF	MIELSLIDFY
CASSGTGELFF	MIELSLIDFY
CASSQLAGGNNEQFF	MIELSLIDFY
CASSHRDFAQTGELFF	MIELSLIDFY
CATNLEQFF	MIELSLIDFY
CASSLGALAGDEQYF	MIELSLIDFY
CASSDFRDRSTDTQYF	MIELSLIDFY
CSADRQGVADTQYF	MIELSLIDFY
CASRGLAGDSYEQYF	MIELSLIDFY
CASRTRGQRIMNTEAFF	MIELSLIDFY
CASSVGNTEAFF	MIELSLIDFY
CSATTEILYNEQFF	MIELSLIDFY
CSARDTRTGDGYTF	MIELSLIDFY
CASCLARNPSYNEQFF	MIELSLIDFY
CASSFLAGGPNEQFF	MIELSLIDFY
CSARDSAGTWVDTQYF	MIELSLIDFY
CASSLTISTGVLDEQYF	MIELSLIDFY
CSASDESSYNEQFF	MIELSLIDFY
CSARDVASGDNEQFF	MIELSLIDFY
CSARDQGISYEQYF	MIELSLIDFY
CASSLRDSNQPQHF	MIELSLIDFY
CASSQGAAPNEQFF	MIELSLIDFY
CSASRERSQETQYF	MIELSLIDFY
CASSLSLGAEAFF	MIELSLIDFY
CASSFWVADTQYF	MIELSLIDFY
CASSFGNEQYF	MIELSLIDFY
CSADRLAGNYEQYF	MIELSLIDFY
CASSGGNQPQHF	MIELSLIDFY
CASSGQGSENEQFF	MIELSLIDFY
CSATLRDRAYNEQFF	MIELSLIDFY
CASSLVAGSGYTF	MIELSLIDFY
CASNSGTFYEQYF	MIELSLIDFY
CATSSLRLYTDTQYF	MIELSLIDFY
CASSGTGLSGNTIYF	MIELSLIDFY
CSARDLRSYEQYF	MIELSLIDFY
CASSYSGNEQFF	MIELSLIDFY
CSARGGRMSAYEQYF	MIELSLIDFY
CATKTFSGGAGEQFF	MIELSLIDFY
CASSLEAGANVLTF	MIELSLIDFY
CASSSPLAGVPYEQYF	MIELSLIDFY
CASSQIQGTDTQYF	MIELSLIDFY
CATKQESERANEKLFF	MIELSLIDFY
CASSSLGGAGQPQHF	MIELSLIDFY
CASREQGADTGELFF	MIELSLIDFY
CSARDQAGAMYNEQFF	MIELSLIDFY
CASSLGTWAGANTGELFF	MIELSLIDFY
CASGGTVEETQYF	MIELSLIDFY
CASSLSTSKLADTQYF	MIELSLIDFY
CASSQDPGAQETQYF	MIELSLIDFY
CASSVDRAGNTEAFF	MIELSLIDFY
CASSSGTVEQFF	MIELSLIDFY
CASSFGGLNYGYTF	MIELSLIDFY
CARSPGQGENTGELFF	MIELSLIDFY
CASSLGHHQSYNSPLHF	MIELSLIDFY
CSVWPGTYNEQFF	MIELSLIDFY
CASSLLVPGGQLPGETQYF	MIELSLIDFY
CSARGLAGGTNSYEQYF	MIELSLIDFY
CASSPSPGLSTDTQYF	MIELSLIDFY
CASSLGETQYF	MIELSLIDFY
CASSLAGGHYNEQFF	MIELSLIDFY
CASSQDLGRSSQGPPRYEQYF	MIELSLIDFY
CASSRGNSYNSPLHF	MIELSLIDFY
CATSGRGTGNQPQHF	MIELSLIDFY
CASRGPSSNLLSYEQYF	MIELSLIDFY
CASSSTWDRGHPNYGYTF	MIELSLIDFY
CASSQDRTSGWNEQFF	MIELSLIDFY
CASSQLNWETQYF	MIELSLIDFY
CASSYVRGHNTGELFF	MIELSLIDFY
CASSLILQGAYEQYF	MIELSLIDFY
CASSIGTSNQPQHF	MIELSLIDFY
CASSQDRTYSNQPQHF	MIELSLIDFY
CASSLAEGGFYEQYF	MIELSLIDFY
CSATWERGKYNEQFF	MIELSLIDFY
CASSGSLDEQFF	MIELSLIDFY
CASSGYLSGRAKNIQYF	MIELSLIDFY
CSASFPLRSQETQYF	MIELSLIDFY
CASSPGPRLAQNTYNEQFF	MIELSLIDFY
CSASGLGDTQYF	MIELSLIDFY
CASLDGNTGELFF	MIELSLIDFY
CSARDLRSHEQFF	MIELSLIDFY
CASSGSGVYNEQFF	MIELSLIDFY
CASSLAIGGPHATNEKLFF	MIELSLIDFY
CASSPGHKFYEQYF	MIELSLIDFY
CASSVGRERELSYEQYF	MIELSLIDFY
CSASRGNEQFF	MIELSLIDFY
CASKGGGYSDTQYF	MIELSLIDFY
CASSLVPLKSEQFF	MIELSLIDFY
CASSLWGGDGNTIYF	MIELSLIDFY
CASSRTGAAYEQYF	MIELSLIDFY
CASSPQDRLREQYF	MIELSLIDFY
CSVLQLNTEAFF	MIELSLIDFY
CSAGDPDNEETQYF	MIELSLIDFY
CSAPAGGGYTF	MIELSLIDFY
CASSSTSGGPVDTQYF	MIELSLIDFY
CASSAYLNTEAFF	MIELSLIDFY
CASSQLAGGYNEQFF	MIELSLIDFY
CASSLETVDPYEQYF	MIELSLIDFY
CASSPSHPRQLMSGAGQPQHF	MIELSLIDFY
CSASTEGEVGNEQFF	MIELSLIDFY
CASSLYSHQETQYF	MIELSLIDFY
CASSQDPSYEQYF	MIELSLIDFY
CASSNPYTRGGRAYEQYF	MIELSLIDFY
CASSYSNSPLHF	MIELSLIDFY
CASLAGTGVPYEQYF	MIELSLIDFY
CASSVGQGNQPQHF	MIELSLIDFY
CASSYSTSPGELFF	MIELSLIDFY
CASSFGSPTANVLTF	MIELSLIDFY
CASSLVGHSYEQYF	MIELSLIDFY
CASSQEGLAGGLNTGELFF	MIELSLIDFY
CASTLAQDRATEAFF	MIELSLIDFY
CATLDGFLAQHF	MIELSLIDFY
CSAPASSNYGYTF	MIELSLIDFY
CASSSWETGIEQYF	MIELSLIDFY
CASSVDTSGKNTGELFF	MIELSLIDFY
CSARSSGRKDTQYF	MIELSLIDFY
CAISDERVSYNEQFF	MIELSLIDFY
CASSLIRRGVNQPQHF	MIELSLIDFY
CSASGWEGGSYEQYF	MIELSLIDFY
CASSFPGLANTGELFF	MIELSLIDFY
CASSLVRQGVNNEQFF	MIELSLIDFY
CSADNGDLLYNEQFF	MIELSLIDFY
CASRGLAGGAGYEQYF	MIELSLIDFY
CSASLDRFSYEQYF	MIELSLIDFY
CSVPGTGAGYTF	MIELSLIDFY
CSASVESETQYF	MIELSLIDFY
CASSARSDGQPEQYF	MIELSLIDFY
CASSSNTGELFF	MIELSLIDFY
CASRGLAGESYEQYF	MIELSLIDFY
CASTTGPNTGELFF	MIELSLIDFY
CASSPGASGRAHEQFF	MIELSLIDFY
CASSLALGNEAFF	MIELSLIDFY
CASSFISGGLGTGELFF	MIELSLIDFY
CASSAGQGMNTEAFF	MIELSLIDFY
CASSRHIRDRDEKLFF	MIELSLIDFY
CASSIQGGTDTQYF	MIELSLIDFY
CASSLPAGAYEQYF	MIELSLIDFY
CASSYQGRANTEAFF	MIELSLIDFY
CSAQSGTSNEQYF	MIELSLIDFY
CASSYRGANSYEQYF	MIELSLIDFY
CASRGGGEQYF	MIELSLIDFY
CASSYSGQGSDEQYF	MIELSLIDFY
CASSFSWVNTEAFF	MIELSLIDFY
CASKSGKSYEQYF	MIELSLIDFY
CSATLEKETQYF	MIELSLIDFY
CSASLGGNEQFF	MIELSLIDFY
CSAMAYGGLGTEAFF	MIELSLIDFY
CASSQSTPRSYNEQFF	MIELSLIDFY
CSAREGTSNYGYTF	MIELSLIDFY
CSADTSGETNYNEQFF	MIELSLIDFY
CASSYGQGQETQYF	MIELSLIDFY
CATSRVEGRTNEKLFF	MIELSLIDFY
CSVAQQAYEQYF	MIELSLIDFY
CSATLESSYNEQFF	MIELSLIDFY
CSAGLGEETQYF	MIELSLIDFY
CASSLAGGGYEQYF	MIELSLIDFY
CSASDPKETQYF	MIELSLIDFY
CASSQRDLHIQYF	MIELSLIDFY
CASSQDVDLPGAFF	MIELSLIDFY
CSASGTSGGESTDTQYF	MIELSLIDFY
CASSLRQGAWDTEAFF	MIELSLIDFY
CSVGVQFNTGELFF	MIELSLIDFY
CASSSAGGDLYEQYF	MIELSLIDFY
CSASLSLGRWETQYF	MIELSLIDFY
CSADLESSYNEQFF	MIELSLIDFY
CASSEGLHHSYEQYF	MIELSLIDFY
CASNSGTGRYEQYF	MIELSLIDFY
CASSKGLAGRETQYF	MIELSLIDFY
CASSLVWSAYVGGTETQYF	MIELSLIDFY
CASSLFTSYSYNEQFF	MIELSLIDFY
CASSVPPLYGYTF	MIELSLIDFY
CSATRRAGATYNEQFF	MIELSLIDFY
CASSGGQPTNEKLFF	MIELSLIDFY
CASSLAPGVGRNSPLHF	MIELSLIDFY
CASSLVRQGEYTQYF	MIELSLIDFY
CASSYSVSGGTYEQYF	MIELSLIDFY
CSAVVGGTEAFF	MIELSLIDFY
CASSIDLGNEQFF	MIELSLIDFY
CASSEVSGLDTQYF	MIELSLIDFY
CASSLLAGAANQPQHF	MIELSLIDFY
CASSWTSGTDTQYF	MIELSLIDFY
CASSVDRGRPYNEQFF	MIELSLIDFY
CASKAGPNYGYTF	MIELSLIDFY
CASSLLAGGLNEQFF	MIELSLIDFY
CAISEDLEVYGYTF	MIELSLIDFY
CASSTDGSSYNEQFF	MIELSLIDFY
CSATTSGKETQYF	MIELSLIDFY
CSASLGQGDETQYF	MIELSLIDFY
CATSRGSYDTEAFF	MIELSLIDFY
CASSLLGLANNEQFF	MIELSLIDFY
CATSPLGRDSGANVLTF	MIELSLIDFY
CSASRVDDTQYF	MIELSLIDFY
CASRGITSGKVYEQYF	MIELSLIDFY
CSADSGTSHNEQFF	MIELSLIDFY
CASSLGLNEQFF	MIELSLIDFY
CASSLSGAGGVNNEQFF	MIELSLIDFY
CSATLQGHEQYF	MIELSLIDFY
CASSPAAARVDEQFF	MIELSLIDFY
CASSAPNRETEAFF	MIELSLIDFY
CASSFSAGHLNTEAFF	MIELSLIDFY
CASSPLAWNEQFF	MIELSLIDFY
CASSQPGQAYEQYF	MIELSLIDFY
CATEQGYEQYF	MIELSLIDFY
CSALAGKAYNEQFF	MIELSLIDFY
CASSSSGLLGNTIYF	MIELSLIDFY
CSASGHQETQYF	MIELSLIDFY
CASSLLPADEQYF	MIELSLIDFY
CASSLGGNEQFF	MIELSLIDFY
CARTPPGQGINNEQFF	MIELSLIDFY
CASSQVVSLAAVKGSYEQYF	MIELSLIDFY
CASSFTGLAYNEQFF	MIELSLIDFY
CSGGGYQETQYF	MIELSLIDFY
CASSLPGGEQFF	MIELSLIDFY
CASSPSWGMNTEAFF	MIELSLIDFY
CASSLWAGIQPQHF	MIELSLIDFY
CSASPPNSGFEGEQYF	MIELSLIDFY
CSAEDRSESSYEQYF	MIELSLIDFY
CATVDGGSSYEQYF	MIELSLIDFY
CAISEEGSGGVRDEQFF	MIELSLIDFY
CATSDYGTGSGANVLTF	MIELSLIDFY
CAIGLAGRIEQFF	MIELSLIDFY
CSTDSEGTVKAFF	MIELSLIDFY
CASSQETLGIIGGWNEQFF	MIELSLIDFY
CASSSLVGGIDNEQFF	MIELSLIDFY
CASSYRRRIPSGANVLTF	MIELSLIDFY
CSAHGGTYNEQFF	MIELSLIDFY
CASSSDASSYNEQFF	MIELSLIDFY
CSADFERDKRSDTQYF	MIELSLIDFY
CSAGAEGRYEQYF	MIELSLIDFY
CASSLFSSGTGELFF	MIELSLIDFY
CASSIGVAGGPAEQYF	MIELSLIDFY
CASSFWAQPQHF	MIELSLIDFY
CAWSVQANEQFF	MIELSLIDFY
CASSSDRAEQYF	MIELSLIDFY
CSVVFKGGYTF	MIELSLIDFY
CASTMADSYHEQYF	MIELSLIDFY
CSARGGRDSYEQYF	MIELSLIDFY
CSARGGVGPEAFF	MIELSLIDFY
CASSFDSNYGYTF	MIELSLIDFY
CGTSRFTDTQYF	MIELSLIDFY
CSLGQSTDTQYF	MIELSLIDFY
CASRGPTNTGELFF	MIELSLIDFY
CASSQDPLTGYGETQYF	MIELSLIDFY
CAVGYTYGYTF	MIELSLIDFY
CASSLGGLSTGELFF	MIELSLIDFY
CASSMNRLNTEAFF	MIELSLIDFY
CASSIPAGGAPEQFF	MIELSLIDFY
CASSPTGQGRSDEKLFF	MIELSLIDFY
CASSPHGNEQFF	MIELSLIDFY
CASTVGEYNSPLHF	MIELSLIDFY
CASSQESAGLAGVYF	MIELSLIDFY
CASSEYHFYEQYF	MIELSLIDFY
CASSPGLAGGSTDTQYF	MIELSLIDFY
CASSSNRGDSSTDTQYF	MIELSLIDFY
CASSPYLGETQYF	MIELSLIDFY
CASSQGGSSPLHF	MIELSLIDFY
CAGTSGGGPYNEQFF	MIELSLIDFY
CASRGLAGFSYEQYF	MIELSLIDFY
CASSLTKIARAQTLQGALSSPLHF	MIELSLIDFY
CSADRSEVLAKNIQYF	MIELSLIDFY
CSASMGSNEQFF	MIELSLIDFY
CSVEVSPRGYEQYF	MIELSLIDFY
CASRMGGAGVYVKQYF	MIELSLIDFY
CASSQEDHYGYTF	MIELSLIDFY
CASSYGSTDTQYF	MIELSLIDFY
CASSFEGETQYF	MIELSLIDFY
CASSRGEKTDTQYF	MIELSLIDFY
CSATSRYAARRTDTQYF	MIELSLIDFY
CASSPSGGPQEQYF	MIELSLIDFY
CASNVPKPSTTSGSNTGELFF	MIELSLIDFY
CSADGLAGGNEQFF	MIELSLIDFY
CASSLVTGGNTGELFF	MIELSLIDFY
CATSRDHGSGGYTF	MIELSLIDFY
CASSHITGPTEAFF	MIELSLIDFY
CASRGLGEQFF	MIELSLIDFY
CSADGLAEETQYF	MIELSLIDFY
CASSLWGHSNYEQYF	MIELSLIDFY
CASSAGQGKTQYF	MIELSLIDFY
CSATGGMNTGELFF	MIELSLIDFY
CASSGYEQYF	MIELSLIDFY
CASSLALAGVRETQYF	MIELSLIDFY
CASSWAYNEQFF	MIELSLIDFY
CASSYLASGTDTQYF	MIELSLIDFY
CSAAGQGLAGDTQYF	MIELSLIDFY
CASSDPSNGNDNEQFF	MIELSLIDFY
CASSLGGGSGAVETQYF	MIELSLIDFY
CASSQTGTIPSYNEQFF	MIELSLIDFY
CASSEGWGAEETQYF	MIELSLIDFY
CASSLEQFREAFF	MIELSLIDFY
CASRGLAGNTYEQYF	MIELSLIDFY
CASRTGAGQPQHF	MIELSLIDFY
CASRGTATDF	MIELSLIDFY
CATSNRDSQRGPYEQYF	MIELSLIDFY
CASSPPRTGTYNEQFF	MIELSLIDFY
CASSQVRFQETQYF	MIELSLIDFY
CASSLGDRVYEQYF	MIELSLIDFY
CSARGRTSGAPGSYEQYF	MIELSLIDFY
CASSLAASPLSYNEQFF	MIELSLIDFY
CASSPLAGGYNEQFF	MIELSLIDFY
CASSFAANTEAFF	MIELSLIDFY
CASSQRGGTGGQPQHF	MIELSLIDFY
CASSTDYPYNEQFF	MIELSLIDFY
CASSLTGTPNYGYTF	MIELSLIDFY
CSAETEFRRNQPQHF	MIELSLIDFY
CSASRDSNEQFF	MIELSLIDFY
CSAPGTSGRALSFGEQFF	MIELSLIDFY
CASRAGQGDGQPQHF	MIELSLIDFY
CSASTSGPYNEQFF	MIELSLIDFY
CASGGDWGSYNEQFF	MIELSLIDFY
CASSLQSTNQPQHF	MIELSLIDFY
CASSLFLNNEQFF	MIELSLIDFY
CASSLAGTEPCF	MIELSLIDFY
CASSSLPGETQYF	MIELSLIDFY
CASSYGGRSTDTQYF	MIELSLIDFY
CSARVTGGPAGELFF	MIELSLIDFY
CASSPTPPARTYYGYTF	MIELSLIDFY
CSADTGLAGVETQYF	MIELSLIDFY
CASSEGGRQGGTYEQYF	MIELSLIDFY
CASSLMPGGQNEQFF	MIELSLIDFY
CASVEFAGGIHNEQFF	MIELSLIDFY
CASSLEASGGFQETQYF	MIELSLIDFY
CASSDRQGASYGYTF	MIELSLIDFY
CASGVYEQYF	MIELSLIDFY
CASSQPTEEAFF	MIELSLIDFY
CASSEKGSGTFDYEQYF	MIELSLIDFY
CSARDLQGYEQYF	MIELSLIDFY
CASQTGVGYTF	MIELSLIDFY
CASTPWGGSTDTQYF	MIELSLIDFY
CASSPLAGGLETQYF	MIELSLIDFY
CASSLVQGRNYGYTF	MIELSLIDFY
CSATHGTGGETQYF	MIELSLIDFY
CSASAPGTRYQETQYF	MIELSLIDFY
CSATQEPTDTQYF	MIELSLIDFY
CASSKTGANTEAFF	MIELSLIDFY
CASSLVVPGELFF	MIELSLIDFY
CASSGGGPRDQNTGELFF	MIELSLIDFY
CSARGLSGGSYEQYF	MIELSLIDFY
CASSLGDGNQPQHF	MIELSLIDFY
CATSPIHHLAGTYNEQFF	MIELSLIDFY
CASSLPSGGAETGELFF	MIELSLIDFY
CASSLGLADEQYF	MIELSLIDFY
CSVVPIDTPYEQYF	MIELSLIDFY
CSADTGVREQFF	MIELSLIDFY
CASSLTSGRGETQYF	MIELSLIDFY
CASSSTFTDTQYF	MIELSLIDFY
CASREGNTGELFF	MIELSLIDFY
CSATIQGLVQYF	MIELSLIDFY
CARLVLGDYEQYF	MIELSLIDFY
CASRGEIQGSYEQYF	MIELSLIDFY
CASSLQGGETQYF	MIELSLIDFY
CASSHISGGQYF	MIELSLIDFY
CASSLIAGGLIGELFF	MIELSLIDFY
CSADREGRADTQYF	MIELSLIDFY
CASSFTRQGSYEQYF	MIELSLIDFY
CSAREQTYEQYF	MIELSLIDFY
CASSLVGASYNEQFF	MIELSLIDFY
CASSFAGGTYEQYF	MIELSLIDFY
CASSSLPGGGQPSSTDTQYF	MIELSLIDFY
CASSQEGGGAYNEQFF	MIELSLIDFY
CASSVTRDRGPPDTQYF	MIELSLIDFY
CASSQDTTGEQYF	MIELSLIDFY
CASSLDAVTGVYEQYF	MIELSLIDFY
CASRGQVVSSYEQYF	MIELSLIDFY
CASSSRTSGSNEQFF	MIELSLIDFY
CASSALAGGPTDTQYF	MIELSLIDFY
CASSLDTDNSNQPQHF	MIELSLIDFY
CASSGVGTGRINEQFF	MIELSLIDFY
CALPGVANTGELFF	MIELSLIDFY
CSADAGTGGGETQYF	MIELSLIDFY
CASSLTSTDTQYF	MIELSLIDFY
CASSQEYGQTPYEQYF	MIELSLIDFY
CASSGSSGRLYEQYF	MIELSLIDFY
CSVRQGDEQYF	MIELSLIDFY
CASRPSLYYDQETQYF	MIELSLIDFY
CASSAYESGARGYTF	MIELSLIDFY
CSADLAGVGTQYF	MIELSLIDFY
CSVDLPGGPEQFF	MIELSLIDFY
CASSPRDSNQPQHF	MIELSLIDFY
CASNSRQTGVWDYNEQFF	MIELSLIDFY
CASVEGAYTGELFF	MIELSLIDFY
CASSRPTGSGYTF	MIELSLIDFY
CASSKYGPPDTQYF	MIELSLIDFY
CSARGLAISSYEQYF	MIELSLIDFY
CASSPRITEAFF	MIELSLIDFY
CASSQPRELAGGFTGELFF	MIELSLIDFY
CASSVLAGGQNEQFF	MIELSLIDFY
CASRGITKPVDRSEAFF	MIELSLIDFY
RASSPLYEQYF	MIELSLIDFY
CSASSTFDQETQYF	MIELSLIDFY
CASRPLQGYVDEKLFF	MIELSLIDFY
CSGGREATDTQYF	MIELSLIDFY
CASSLREIVEKLFF	MIELSLIDFY
CASSPPPQGDTEAFF	MIELSLIDFY
CASSAPSGSGDYNEQFF	MIELSLIDFY
CAAGVYQGDEQFF	MIELSLIDFY
CSAIQLAEIYEQYF	MIELSLIDFY
CASSQDVDTQYF	MIELSLIDFY
CASSKVPPVPIYNEQFF	MIELSLIDFY
CASSYSRSGTFSYEQYF	MIELSLIDFY
CASSLAYSNQPQHF	MIELSLIDFY
CASSRDATGGNTEAFF	MIELSLIDFY
CASSALSSNQPQHF	MIELSLIDFY
CASSLGGPYEQYF	MIELSLIDFY
CASSYGTSGYNEQFF	MIELSLIDFY
CASSIFPGTHEQYF	MIELSLIDFY
CASSDGVGNEQFF	MIELSLIDFY
CASLGWENYGYTF	MIELSLIDFY
CASAQGGPYNEQFF	MIELSLIDFY
CASSQGSGLYQETQYF	MIELSLIDFY
CSARAFSGGDNEQFF	MIELSLIDFY
CASSPTDSFNQPQHF	MIELSLIDFY
CASSGRASSDTQYF	MIELSLIDFY
CASRPRAGGSEQYF	MIELSLIDFY
CASSPPGLAAENTGELFF	MIELSLIDFY
CASSLDLNTEAFF	MIELSLIDFY
CASRAAISYEQYF	MIELSLIDFY
CASSVGETGASTDTQYF	MIELSLIDFY
CSATGPFGTQYF	MIELSLIDFY
CASSQEVSWNTEAFF	MIELSLIDFY
CSATREANQETQYF	MIELSLIDFY
CASSYPDYEQYF	MIELSLIDFY
CASKGLSGTFDSYEQYF	MIELSLIDFY
CASSETRQYRQETQYF	MIELSLIDFY
CATSRSQGLEQYF	MIELSLIDFY
CSASLQTGEQYF	MIELSLIDFY
CASSLGQGNRNTEAFF	MIELSLIDFY
CASSIRPGVAAENYEQYF	MIELSLIDFY
CASSVGVGGPQETQYF	MIELSLIDFY
CASSPRLELYPGANVLTF	MIELSLIDFY
CASSLYAGSVNQPQHF	MIELSLIDFY
CASSVDRTSGSYEQYF	MIELSLIDFY
CSASSSGSSYNEQFF	MIELSLIDFY
CASSAMRLAGRYEQYF	MIELSLIDFY
CASSAPSRGQPEAFF	MIELSLIDFY
CASIMGGIDYEQYF	MIELSLIDFY
CSASTVEHTEAFF	MIELSLIDFY
CSATGDTEAFF	MIELSLIDFY
CSVSSGSNYNEQFF	MIELSLIDFY
CASNSGQGAQPQHF	MIELSLIDFY
CAITTPGLAGGGNEQFF	MIELSLIDFY
CASSLSGTEAFF	MIELSLIDFY
CASSPRKPYEQYF	MIELSLIDFY
CSVLGPGRLNTEAFF	MIELSLIDFY
CASSPHRDQGRRTDTQYF	MIELSLIDFY
CSMTVQGAQETQYF	MIELSLIDFY
CASSGGGSRTGELFF	MIELSLIDFY
CSATTSGRLEETQYF	MIELSLIDFY
CSGTTVGQETQYF	MIELSLIDFY
CASSSGTGYEQYF	MIELSLIDFY
CASTLGGGPSEQFF	MIELSLIDFY
CASSYSGGVVAEAFF	MIELSLIDFY
CASSSGTGEWSNQPQHF	MIELSLIDFY
CASSGGTGAGANVLTF	MIELSLIDFY
CASSQESRGYEQYF	MIELSLIDFY
CASSHHEQAREQYF	MIELSLIDFY
CASSSFEGGYNEQFF	MIELSLIDFY
CSARDLNSQGVQPLYEQYF	MIELSLIDFY
CSASREGVNEQFF	MIELSLIDFY
CSASQEGVTYNEQFF	MIELSLIDFY
CASSAGLTGGETDTQYF	MIELSLIDFY
CASSLRGAGGFNQPQHF	MIELSLIDFY
CASSYTGLAVIGTYEQYF	MIELSLIDFY
CSARTLNTEAFF	MIELSLIDFY
CASSYFGSLMNTEAFF	MIELSLIDFY
CASSLLAGGLDTQYF	MIELSLIDFY
CASSYSRQAPTYEQYF	MIELSLIDFY
CASSLVMAGGSYNEQFF	MIELSLIDFY
CARSADRDLLEQYF	MIELSLIDFY
CSANFRDHGNEQFF	MIELSLIDFY
CASREAPVGTGDDGYTF	MIELSLIDFY
CASSEVVDTQYF	MIELSLIDFY
CASSFMTGTYEQYF	MIELSLIDFY
CASSPGLAGGTTSPDTQYF	MIELSLIDFY
CATRGLAGLSYEQYF	MIELSLIDFY
CASSLSGTGGVYEQYF	MIELSLIDFY
CASSLSFRTEQYF	MIELSLIDFY
CSARGRYDSYEQYF	MIELSLIDFY
CASIDGREGDGYTF	MIELSLIDFY
CSARALRDRGEKLFF	MIELSLIDFY
CASSLSGQVVATNEKLFF	MIELSLIDFY
CASSFIQGSNQPQHF	MIELSLIDFY
CASSFDRGYEQYF	MIELSLIDFY
CASSLAGNEQYF	MIELSLIDFY
CASSQEIGLADTDTQYF	MIELSLIDFY
CASSSPASYNEQFF	MIELSLIDFY
CATSDSTGETQYF	MIELSLIDFY
CSARDPLAGDNEQFF	MIELSLIDFY
CSQGRMSSYNEQFF	MIELSLIDFY
CASSYWAKSGSDEGTQYF	MIELSLIDFY
CASQPSASYNEQFF	MIELSLIDFY
CASSPDPNNEQFF	MIELSLIDFY
CASSLYREIYNEQFF	MIELSLIDFY
CSVEQASYEQYF	MIELSLIDFY
CASTSPPETQYF	MIELSLIDFY
CAWSLSGPNEQFF	MIELSLIDFY
CASSRTGVNEQFF	MIELSLIDFY
CASSFIGGTYGYTF	MIELSLIDFY
CASSEDRYPGTDYEQYF	MIELSLIDFY
CASSIWTGGFSSYEQYF	MIELSLIDFY
CASSRLAGTDTQYF	MIELSLIDFY
CSADVSGAYNEQFF	MIELSLIDFY
CASNQIAGRADTGELFF	MIELSLIDFY
CATSLWNRADTQYF	MIELSLIDFY
CSVFTGTKGQAGANVLTF	MIELSLIDFY
CSATPRDSEETQYF	MIELSLIDFY
CASSPPSSHYPNEQFF	MIELSLIDFY
CASSLQQYTGELFF	MIELSLIDFY
CASSGTASNQPQHF	MIELSLIDFY
CASSSVAGSTDTQYF	MIELSLIDFY
CASSQEAGWETQYF	MIELSLIDFY
CASSYAGQGEAFF	MIELSLIDFY
CARSGLAGYNEQFF	MIELSLIDFY
CASSEGTSGSYTDTQYF	MIELSLIDFY
CSADSGESYNEQFF	MIELSLIDFY
CASSHPGPNQPQHF	MIELSLIDFY
CATSRAETTYEQYF	MIELSLIDFY
CASSLSSGGTEAFF	MIELSLIDFY
CASSGAARYEQYF	MIELSLIDFY
CASSLAGQAFF	MIELSLIDFY
CSVESVYGYTF	MIELSLIDFY
CASSFGGAQQETQYF	MIELSLIDFY
CASSQDRAGADEQYF	MIELSLIDFY
CASTDLSSYEQYF	MIELSLIDFY
CASSQEGLGTEAFF	MIELSLIDFY
CASSQGAGGRLETQYF	MIELSLIDFY
CASSLGQGIYGYTF	MIELSLIDFY
CASSQEWTGDTGELFF	MIELSLIDFY
CSVPGSGAYGYTF	MIELSLIDFY
CSARGLDVNEQFF	MIELSLIDFY
CASSQDVPGGAYGYTF	MIELSLIDFY
CASSLERGEVMAETQYF	MIELSLIDFY
CASSPSERAPEQFF	MIELSLIDFY
CASSPPAGRTDTQYF	MIELSLIDFY
CASSLFLAGDEQFF	MIELSLIDFY
CSATDTLNTEAFF	MIELSLIDFY
CASIQENSYEQYF	MIELSLIDFY
CSAEAGGSSYNEQFF	MIELSLIDFY
CASSQLAGGLNEQFF	MIELSLIDFY
CASSQDRGYEQYF	MIELSLIDFY
CASSPTPSSGNTIYF	MIELSLIDFY
CASSLEERTDTQYF	MIELSLIDFY
CSADTSGSYNEQFF	MIELSLIDFY
CSVGGQDETSSSKWGPYEQYF	MIELSLIDFY
CASSLGRPVAQYF	MIELSLIDFY
CASSFDRGYEQYF	MIELSLIDFY
CASSLVQGATNYGYTF	MIELSLIDFY
CASSQEGTLLLDTQYF	MIELSLIDFY
CASSTHPRLAGDPYEQYF	MIELSLIDFY
CASSLFAGGRPDTQYF	MIELSLIDFY
CATNLRDSTEAFF	MIELSLIDFY
CSAKGQGYTEAFF	MIELSLIDFY
CASSLMGGGQETQYF	MIELSLIDFY
CASSVGQGGVGETQYF	MIELSLIDFY
CASSARGQGNTEAFF	MIELSLIDFY
CASSSQGFYGYTF	MIELSLIDFY
CASRPLAGGLLNEQFF	MIELSLIDFY
CASSFSRYNEQFF	MIELSLIDFY
CSATGTGGEETQYF	MIELSLIDFY
CASSPGLAGEQFF	MIELSLIDFY
CASSYGFGELFF	MIELSLIDFY
CASSYGTGQGYNEQFF	MIELSLIDFY
CASSQDGTGELFF	MIELSLIDFY
CASSYGGPTDTQYF	MIELSLIDFY
CASSLADAYNEQFF	MIELSLIDFY
CASSLEGYSNQPQHF	MIELSLIDFY
CASSGADTQYF	MIELSLIDFY
CASSLWGQGVRETQYF	MIELSLIDFY
CASSQDLLGRGGYTDTQYF	MIELSLIDFY
CASSNTSGKVYEQYF	MIELSLIDFY
CASSFTGSTEAFF	MIELSLIDFY
CASSPGTGPYGYTF	MIELSLIDFY
CSASARDSIYNEQFF	MIELSLIDFY
CASSLLPGLADYNEQFF	MIELSLIDFY
CASSDFNEQFF	MIELSLIDFY
CAWSATGELFF	MIELSLIDFY
CSASQLVRNEQFF	MIELSLIDFY
CSARGRQDLYGYTF	MIELSLIDFY
CASSPGTSGYNEQFF	MIELSLIDFY
CASSDPPAGTYEQYF	MIELSLIDFY
CASRGLGTEAFF	MIELSLIDFY
CASSSPTGGATDTQYF	MIELSLIDFY
CSASGTQETQYF	MIELSLIDFY
CASSLDDRVHEQFF	MIELSLIDFY
CASSARVPRATNEKLFF	MIELSLIDFY
CASSYPGGAEAFF	MIELSLIDFY
CASIPRDRGIFGYTF	MIELSLIDFY
CSASSQGLAGGGETQYF	MIELSLIDFY
CASSWGEREVPDTQYF	MIELSLIDFY
CSASLLANEQFF	MIELSLIDFY
CSATDEASYNEQFF	MIELSLIDFY
CASSSAGTEHTDTQYF	MIELSLIDFY
CASSNEGVPYEQYF	MIELSLIDFY
CASSQSTVLREQYF	MIELSLIDFY
CATSDLREQYF	MIELSLIDFY
CSAPQSDGGVWGGYTF	MIELSLIDFY
CASSLGIGWPQHF	MIELSLIDFY
CASSATVVQGGGTEAFF	MIELSLIDFY
CASSQGSYEQYF	MIELSLIDFY
CASSRVLGDEQFF	MIELSLIDFY
CASSLDRVVAKNIQYF	MIELSLIDFY
CASSFLAGGPSNEQFF	MIELSLIDFY
CASSRLIGGSSYEQYF	MIELSLIDFY
CATSDTARDTRTGELFF	MIELSLIDFY
CASSHLVGRDSTGELFF	MIELSLIDFY
CASRGINPSGSSYEQYF	MIELSLIDFY
CSAFDDDNEQFF	MIELSLIDFY
CSVDVSGGVPYEQYF	MIELSLIDFY
CSADVRGYNEQFF	MIELSLIDFY
CASTRGGWTEAFF	MIELSLIDFY
CASSLDLFYGYTF	MIELSLIDFY
CASSLRQDEAFF	MIELSLIDFY
CASSRGEITDTQYF	MIELSLIDFY
CASSVGQGMNEQFF	MIELSLIDFY
CASSPTDRVGNYEQYF	MIELSLIDFY
CSASLEGVRGETQYF	MIELSLIDFY
CASSQDGPLAGYEQFF	MIELSLIDFY
CSGAEITDTQYF	MIELSLIDFY
CASSYVAGGPNEQYF	MIELSLIDFY
CASSSTGTGYNEQFF	MIELSLIDFY
CASSNGWGEDYGYTF	MIELSLIDFY
CSATPQGSSETQYF	MIELSLIDFY
CSASTDNNEQFF	MIELSLIDFY
CASTGGGELFF	MIELSLIDFY
CASSQDIRLVHEQYF	MIELSLIDFY
CASSLGGEQYF	MIELSLIDFY
CASSPTGTLLYNEQFF	MIELSLIDFY
CSADGPQGETQYF	MIELSLIDFY
CASSFEGGMNTEAFF	MIELSLIDFY
CATSDTSGTSGSTDTQYF	MIELSLIDFY
CASSIGQLQPQHF	MIELSLIDFY
CASTPPWREVSYEQYF	MIELSLIDFY
CASKGYEQYF	MIELSLIDFY
CASSPTMTGLSTEAFF	MIELSLIDFY
CASSASAGGVSYNEQFF	MIELSLIDFY
CASSFTGTLNYGYTF	MIELSLIDFY
CSVALNNEQFF	MIELSLIDFY
CSARDYFGLDTEAFF	MIELSLIDFY
CATSKLAGGNTDTQYF	MIELSLIDFY
CASSGPTSGSLSSYNEQFF	MIELSLIDFY
CASSPGQGVETQYF	MIELSLIDFY
CASSQDSRGGSTDTQYF	MIELSLIDFY
CASSWDRKNTEAFF	MIELSLIDFY
CASSLDSMNTEAFF	MIELSLIDFY
CASSNDLQSGDTGELFF	MIELSLIDFY
CASSQSTARSPYEQYF	MIELSLIDFY
CATSPTSSLAGKVTGELFF	MIELSLIDFY
CASSSPDREYEQYF	MIELSLIDFY
CSGDTGTGELFF	MIELSLIDFY
CASRMGHEQYF	MIELSLIDFY
CASSGQNTEAFF	MIELSLIDFY
CASSYARGQFF	MIELSLIDFY
CASRTKVDSTQPQHF	MIELSLIDFY
CASSLLGGEAFF	MIELSLIDFY
CASSYSWSGFQDQETQYF	MIELSLIDFY
CASSQDWRREINYTF	MIELSLIDFY
CSATRGSNEQFF	MIELSLIDFY
CASRELRGNYGYTF	MIELSLIDFY
CASSLDGGWDEQFF	MIELSLIDFY
CASSHESLTVYEQYF	MIELSLIDFY
CASSYGTPPTYEQYF	MIELSLIDFY
CSASEESSYNEQFF	MIELSLIDFY
CASSDRAGHEKLFF	MIELSLIDFY
CASSPDIRDTYPSGANVLTF	MIELSLIDFY
CSASDLAGGTDTQYF	MIELSLIDFY
CASSLGSGNEQFF	MIELSLIDFY
CSARDLAASYEQYF	MIELSLIDFY
CSASPASGSNEQFF	MIELSLIDFY
CASSPTGGAYGYTF	MIELSLIDFY
CASSYGHSKPNTGELFF	MIELSLIDFY
CSASAEYEQYF	MIELSLIDFY
CASSQRKTGGYEQYF	MIELSLIDFY
CASSLEYPSGSPDTQYF	MIELSLIDFY
CASSRIRGEWQFF	MIELSLIDFY
CASRLGLAGGHSYNEQFF	MIELSLIDFY
CASSLNRGHTEAFF	MIELSLIDFY
CSARDVNSNYGYTF	MIELSLIDFY
CASSHSNTGELFF	MIELSLIDFY
CASSLALGGDTQYF	MIELSLIDFY
CASSLTTNTEAFF	MIELSLIDFY
CSAGTSGNEQFF	MIELSLIDFY
CASRGEMASGLTYEQYF	MIELSLIDFY
CSADTSQGEQYF	MIELSLIDFY
CSASWESTRYNEQFF	MIELSLIDFY
CASSPAGTGQETQYF	MIELSLIDFY
CAISDLDRGQYEQYF	MIELSLIDFY
CSANWEFAYNEQFF	MIELSLIDFY
CASCPWGAWNEKLFF	MIELSLIDFY
CASRGMIPGRTYEQYF	MIELSLIDFY
CSAHPRDRQETQYF	MIELSLIDFY
CASSQSRDGNPYEQYF	MIELSLIDFY
CSATETTDTQYF	MIELSLIDFY
CSADHAASSYNEQFF	MIELSLIDFY
CASSQGQGVDTQYF	MIELSLIDFY
CASSLGLPYEQYF	MIELSLIDFY
CASHDPGLGTEAFF	MIELSLIDFY
CASRPQGRGETQYF	MIELSLIDFY
CASSPHSNTGELFF	MIELSLIDFY
CASSVGYGYDEQYF	MIELSLIDFY
CASSPLAGVDTQYF	MIELSLIDFY
CASSFGGTEAFF	MIELSLIDFY
CAISESRGTEWRAEAFF	MIELSLIDFY
CASSQVVAGAPYNEQFF	MIELSLIDFY
CASSFYAGTSNEQFF	MIELSLIDFY
CSADQGNSNQPQHF	MIELSLIDFY
CASRGDRGRGYGYTF	MIELSLIDFY
CASSYQGVNTEAFF	MIELSLIDFY
CSVREETQYF	MIELSLIDFY
CSAPDRGGYTF	MIELSLIDFY
CSVDREGTQETQYF	MIELSLIDFY
CSGADTRGYEQYF	MIELSLIDFY
CASSEGLPYEQYF	MIELSLIDFY
CASSYGGRDGYTF	MIELSLIDFY
CASKTEPTYEQYF	MIELSLIDFY
CASSLNGGGELFF	MIELSLIDFY
CASSFETLNTGELFF	MIELSLIDFY
CSANLDTGELFF	MIELSLIDFY
CASSEVGTGTYEQYF	MIELSLIDFY
CASSPPLTGGLGQGNEKLFF	MIELSLIDFY
CSARGVYTGGTYEQYF	MIELSLIDFY
CASSSPGASGNTIYF	MIELSLIDFY
CSADRGSKETQYF	MIELSLIDFY
CASRGLAGGSYEQYF	MIELSLIDFY
CASSLVEGTGVSYEQYF	MIELSLIDFY
CATLSPSGGRTDTQYF	MIELSLIDFY
CASSYTGASTDTQYF	MIELSLIDFY
CATSDFADEQYF	MIELSLIDFY
CASSESGQGMGF	MIELSLIDFY
CASSLGNGSDEQFF	MIELSLIDFY
CATSGLGPSGYNEQFF	MIELSLIDFY
CASSLTGGQETQYF	MIELSLIDFY
CSGGGSNNEQFF	MIELSLIDFY
CASSDGLIEQFF	MIELSLIDFY
CASSLVDSSYEQYF	MIELSLIDFY
CASSGFSSYNEQFF	MIELSLIDFY
CSASHRDHEQFF	MIELSLIDFY
CASRSGTGIKDSYSTEAFF	MIELSLIDFY
CSVAVGTGGDAGELFF	MIELSLIDFY
CASSLAGGPYNEQFF	MIELSLIDFY
CSASSFSDEQYF	MIELSLIDFY
CASWGDGELFF	MIELSLIDFY
CASGAEDVEQFF	MIELSLIDFY
CASRGAGARMRVEQYF	MIELSLIDFY
CSANLQGKDYEQYF	MIELSLIDFY
CASSSPGLAGEGELFF	MIELSLIDFY
CASSFEGLAGFNEQFF	MIELSLIDFY
CASSIPPQRGGGELFF	MIELSLIDFY
CASSLWVSSRSSYNEQFF	MIELSLIDFY
CSADMEGRTGELFF	MIELSLIDFY
CASSPSPGGPNEQYF	MIELSLIDFY
CASSRDRGYEQYF	MIELSLIDFY
CASSADRGYEQYF	MIELSLIDFY
CASSLAQVYNSPLHF	MIELSLIDFY
CATTLSPTNEQFF	MIELSLIDFY
CASSLGGGSDTQYF	MIELSLIDFY
CASSPGPGVGTEAFF	MIELSLIDFY
CASSFPTTGTGETLRSPLHF	MIELSLIDFY
CSASLAVRQETQYF	MIELSLIDFY
CASSPTSVTDTQYF	MIELSLIDFY
CASSPSPNYGYTF	MIELSLIDFY
CASSLISSSDEQFF	MIELSLIDFY
CASSSPRASYGEQYF	MIELSLIDFY
CSADSGGGYEQFF	MIELSLIDFY
CASSNLGRGDEQFF	MIELSLIDFY
CSAGTGQIRQPQHF	MIELSLIDFY
CASSIGLIVTSTDTQYF	MIELSLIDFY
CASSQGVEQFF	MIELSLIDFY
CASSLAGGIYNEQFF	MIELSLIDFY
CATAPGSGGPYEQYF	MIELSLIDFY
CASSGPDRVDSYEQYF	MIELSLIDFY
CASSPDYDEQFF	MIELSLIDFY
CSAREAGASSGNTIYF	MIELSLIDFY
CSQTGENNEQFF	MIELSLIDFY
CASSLTRSGANVLTF	MIELSLIDFY
CASSQEAPTEQYF	MIELSLIDFY
CASKGGTGHGYGYTF	MIELSLIDFY
CASRPVRGRLGNTEAFF	MIELSLIDFY
CASSYGAGGFYNEQFF	MIELSLIDFY
CASTSRPGQVVNTGELFF	MIELSLIDFY
CASRDKQGSYNEQFF	MIELSLIDFY
CASSAGTVEKRF	MIELSLIDFY
CAISESHSTEAFF	MIELSLIDFY
CASSHLAGGDNEQFF	MIELSLIDFY
CASSLARVETQYF	MIELSLIDFY
CASGSPGQGDTGELFF	MIELSLIDFY
CSASLAWTGKETQYF	MIELSLIDFY
CASSGVNGYTF	MIELSLIDFY
CSAPRVGQGNTEAFF	MIELSLIDFY
CSADGLAGEVSDTQYF	MIELSLIDFY
CASSGTGDYYGYTF	MIELSLIDFY
CAWGLGEQFF	MIELSLIDFY
CASSFLREETQYF	MIELSLIDFY
CSARSPGLDRIF	MIELSLIDFY
CASSEGVGAAYEQYF	MIELSLIDFY
CASSMDGNPNYGYTF	MIELSLIDFY
CASRDRASLHNEQFF	MIELSLIDFY
CASSFSGDTYEQYF	MIELSLIDFY
CASSEVGGFGTEAFF	MIELSLIDFY
CSARDGQGWQPQHF	MIELSLIDFY
CATQGAGETQYF	MIELSLIDFY
RASSLTRQVCSYEQYF	MIELSLIDFY
CASSFQGLRTGELFF	MIELSLIDFY
CASSQDETGTFEAFF	MIELSLIDFY
CASSLRGLNVLTF	MIELSLIDFY
CASSSSAGLPETQYF	MIELSLIDFY
CSADRGETDTQYF	MIELSLIDFY
CSAEVEAYNEQFF	MIELSLIDFY
CSASWSMGQPQHF	MIELSLIDFY
CASSLWGGLGDNEQFF	MIELSLIDFY
CSASGVEGETQYF	MIELSLIDFY
CASSLWGATYNSPLHF	MIELSLIDFY
CASSWGQGYNEQFF	MIELSLIDFY
CASSFVGPQETQYF	MIELSLIDFY
CASSIVGVGANDEKLFF	MIELSLIDFY
CSASKESGRSTDTQYF	MIELSLIDFY
CSDGQGEGYTF	MIELSLIDFY
CASSAYGTVGQETQYF	MIELSLIDFY
CASSVVPIQTSGDPYNEQFF	MIELSLIDFY
CASSPASGSAEQYF	MIELSLIDFY
CASSSDSPYEQYF	MIELSLIDFY
CASSSDRGSYEQYF	MIELSLIDFY
CASSQGETTTTDTQYF	MIELSLIDFY
CSVESEQGWTYGYTF	MIELSLIDFY
CSADGQGFLGYTF	MIELSLIDFY
CASSLVLAPNQPQHF	MIELSLIDFY
CASRGPSGTRTYEQYF	MIELSLIDFY
CASSDSYSGANVLTF	MIELSLIDFY
CASSYSSLPGGRPNEKLFF	MIELSLIDFY
CSVEGWGAVYNEQFF	MIELSLIDFY
CASSIGTSVAYEQYF	MIELSLIDFY
CASSFPGQGFVNTEAFF	MIELSLIDFY
CASSPEGTANTGELFF	MIELSLIDFY
CAWSVMLGEQFF	MIELSLIDFY
CSARDSGVLYTQYF	MIELSLIDFY
CASSLTGNTEAFF	MIELSLIDFY
CSASEEGYNEQFF	MIELSLIDFY
CASSDKAPTDTQYF	MIELSLIDFY
CASSLVAGSPAYEQYF	MIELSLIDFY
CASSGLDGLYSNQPQHF	MIELSLIDFY
CASSPPPPGANVLTF	MIELSLIDFY
CASSSDRTQYF	MIELSLIDFY
CASSVYFFGLLNTEAFF	MIELSLIDFY
CSVGSGDSYEQYF	MIELSLIDFY
CASTNIDRVEGEKLFF	MIELSLIDFY
CASRQYEQYF	MIELSLIDFY
CASSYSSGGYTF	MIELSLIDFY
CASSEGGAKLFF	MIELSLIDFY
CASSYTPSGELFF	MIELSLIDFY
CSAEGGGTQYF	MIELSLIDFY
CASSSPGTGADEQFF	MIELSLIDFY
CASSLRDRATLAKNIQYF	MIELSLIDFY
CASSQLAGGPNEQFF	MIELSLIDFY
CSASPSDRENEQFF	MIELSLIDFY
CSAIGTAIFQGNTEAFF	MIELSLIDFY
CASSTPDVYGTYNEQFF	MIELSLIDFY
CSAGTADETQYF	MIELSLIDFY
CSASGIQETQYF	MIELSLIDFY
CASSLIGQLSNQPQHF	MIELSLIDFY
CASSYIGSTASNYGYTF	MIELSLIDFY
CSGDRETQFYNSPLHF	MIELSLIDFY
CSADGLAGSYEQYF	MIELSLIDFY
CASNRQGLNTEAFF	MIELSLIDFY
CASSQDAKKGHNEQFF	MIELSLIDFY
CASSTHGSDTQYF	MIELSLIDFY
CSVGREGTYEQYF	MIELSLIDFY
CASRKQGHEQFF	MIELSLIDFY
CASTPSYGHRLYGYTF	MIELSLIDFY
CASTPGANYGYTF	MIELSLIDFY
CSARGNTGGYNEQFF	MIELSLIDFY
CASSRTGTGADTQYF	MIELSLIDFY
CSVVLGGANGYTF	MIELSLIDFY
CAQRGETQYF	MIELSLIDFY
CSVALPGGLAGDTQYF	MIELSLIDFY
CASSLVFAVGREANSGNTIYF	MIELSLIDFY
CASSDWATGELFF	MIELSLIDFY
CASSMGPTSEQYF	MIELSLIDFY
CASSLSYNSPLHF	MIELSLIDFY
CASSRLAGGYNEQFF	MIELSLIDFY
CASRLTYLNTEAFF	MIELSLIDFY
CATSTLAGGSSSTDTQYF	MIELSLIDFY
CASSWGGGGTYEQYF	MIELSLIDFY
CASILGDEQYF	MIELSLIDFY
CASSLYGGRHNEQFF	MIELSLIDFY
CASSLAGGLNEQFF	MIELSLIDFY
CASSIPLFEQYF	MIELSLIDFY
CASSLDPDLLNTEAFF	MIELSLIDFY
CASSFPEAGLTEAFF	MIELSLIDFY
CSATSTGVAKNIQYF	MIELSLIDFY
CATSTTGKLAGYTF	MIELSLIDFY
CSASGTSGGNEQFF	MIELSLIDFY
CSATDQGYEQYF	MIELSLIDFY
CASRGLAGAGTIYEQYF	MIELSLIDFY
CASSDDLVTSYNEQFF	MIELSLIDFY
CASSYGTGSRQPQHF	MIELSLIDFY
CASSLAPFDRGLGYTF	MIELSLIDFY
CSADHRGYEQYF	MIELSLIDFY
CASSSGASGLSYEQYF	MIELSLIDFY
CASNPGQGYNEQFF	MIELSLIDFY
CASSLAAGMHEQYF	MIELSLIDFY
CASSQDRKTQYF	MIELSLIDFY
CASSPGTGRGNEQFF	MIELSLIDFY
CSATAEGENTGELFF	MIELSLIDFY
CASSSQTSGRRGAGELFF	MIELSLIDFY
CASSILAGGDNEQFF	MIELSLIDFY
CASSAPGLAGVSGEQFF	MIELSLIDFY
CSAREEVLAGGGDTQYF	MIELSLIDFY
CASSLDPTETQYF	MIELSLIDFY
CASSHGAIGLWANVLTF	MIELSLIDFY
CASRGPVGGSYEQYF	MIELSLIDFY
CSVYSGSSYNEQFF	MIELSLIDFY
CSASFRDGVYNEQFF	MIELSLIDFY
CSASTGTSAYEQYF	MIELSLIDFY
CSATNGRTAYNEQFF	MIELSLIDFY
CSARELVSGRRNEQFF	MIELSLIDFY
CASRGNSPLHF	MIELSLIDFY
CASSVMPQTYEQYF	MIELSLIDFY
CATSSDRIFTGELFF	MIELSLIDFY
CSANSPGGGADTQYF	MIELSLIDFY
CSAGGTSYEQYF	MIELSLIDFY
CASSLFSSYNEQFF	MIELSLIDFY
CASSQDRVGYTF	MIELSLIDFY
CSADWEAGGGYNEQFF	MIELSLIDFY
CASSQVGDPQYF	MIELSLIDFY
CASRGDMRGNYGYTF	MIELSLIDFY
CASSLYWETGDQPQHF	MIELSLIDFY
CSASRLADNEQFF	MIELSLIDFY
CASSTVGSWYEQYF	MIELSLIDFY
CSATPLEVTEAFF	MIELSLIDFY
CASSLLAGRTYEQYF	MIELSLIDFY
CASSPVAGGYEQYF	MIELSLIDFY
CSARASGASSYNEQFF	MIELSLIDFY
CSARDPLTSGGANEQFF	MIELSLIDFY
CASSFTSGMGYEQYF	MIELSLIDFY
CSAGPAGQNEQFF	MIELSLIDFY
CASSFGSGGHEQYF	MIELSLIDFY
CASSLGQGRYTGELFF	MIELSLIDFY
CASRQQGSSYNEQFF	MIELSLIDFY
CATSDGGLAGGLPYEQYF	MIELSLIDFY
CASSQHPGNTEAFF	MIELSLIDFY
CASSHQTGTGGSEQYF	MIELSLIDFY
CASSQDVDLMNTEAFF	MIELSLIDFY
CASSYFGGAGTNEKLFF	MIELSLIDFY
CASGAPGGLAKNIQYF	MIELSLIDFY
CASRGVYYSYNEQFF	MIELSLIDFY
CSATEGVGYNEQFF	MIELSLIDFY
CASSLGLAGGFYEQYF	MIELSLIDFY
CSASLRDSSYNEQFF	MIELSLIDFY
CASSPKGTGYNEQFF	MIELSLIDFY
CSVSGQGKNIQYF	MIELSLIDFY
CASSFSEAGLADNEQFF	MIELSLIDFY
CASSSGLADPYEQYF	MIELSLIDFY
CSATGTSNEQFF	MIELSLIDFY
CASSQENTGELFF	MIELSLIDFY
CASSQDRGHEKLFF	MIELSLIDFY
CASSEQGSGNQPQHF	MIELSLIDFY
CASVARDRGQEIRETQYF	MIELSLIDFY
CATSAGNTGELFF	MIELSLIDFY
CASSSDSAYEQYF	MIELSLIDFY
CASSLGRGYEQYF	MIELSLIDFY
CASSYWRGDTQYF	MIELSLIDFY
CASSFTGNQPQHF	MIELSLIDFY
CASSQEEVVPSTDTQYF	MIELSLIDFY
CSASPDAKGNEQFF	MIELSLIDFY
CASSLGIEQFF	MIELSLIDFY
CSVDLPGGVNEQFF	MIELSLIDFY
CASSSHPSTGGSSYEQYF	MIELSLIDFY
CASSFQGGVHEQFF	MIELSLIDFY
CASSSHSGGVHNEQFF	MIELSLIDFY
CSASVSAYNEQFF	MIELSLIDFY
CSAPAGPLYEQYF	MIELSLIDFY
CASSFLGYTDTQYF	MIELSLIDFY
CSVLSGQTYNEQFF	MIELSLIDFY
CASSPQGSYEQYF	MIELSLIDFY
CASSEGIGGGGWAEAFF	MIELSLIDFY
CASSLGAGGIDEQFF	MIELSLIDFY
CASSPGTGMSYEQYF	MIELSLIDFY
CASSGGQGDTDTQYF	MIELSLIDFY
CASSLGDSPTYEKLFF	MIELSLIDFY
CASRGQGARGSSYEQYF	MIELSLIDFY
CSATPQGLTQYF	MIELSLIDFY
CASSAGLAGYTGELFF	MIELSLIDFY
CASSRTSGSSYEQYF	MIELSLIDFY
CATSREGQPQHF	MIELSLIDFY
CSASSLAGGRETQYF	MIELSLIDFY
CSALGQTYEQYF	MIELSLIDFY
CASTLGPQRISYNEQFF	MIELSLIDFY
CASSHDPRQGSSYEQYF	MIELSLIDFY
CASSQDGGRSYGYTF	MIELSLIDFY
CSANEVSYEQYF	MIELSLIDFY
CASRIQGAYNEQFF	MIELSLIDFY
CSAGTGGETQYF	MIELSLIDFY
CASSRTSALSYNEQFF	MIELSLIDFY
CSASHLDNEQFF	MIELSLIDFY
CASSLLAGGYNEQFF	MIELSLIDFY
CASSGRPSGPPDTQYF	MIELSLIDFY
CSASQGDNEQFF	MIELSLIDFY
CASSRNYYEQYF	MIELSLIDFY
CSAQGLAGSHEQFF	MIELSLIDFY
CSAGGVTDTQYF	MIELSLIDFY
CSASGSYNEQFF	MIELSLIDFY
CASSLGGPGLAGGLTDTQYF	MIELSLIDFY
CASSQEFQSLNEQYF	MIELSLIDFY
CASSLLAVYTDTQYF	MIELSLIDFY
CASSLAIGIEQFF	MIELSLIDFY
CASSFAMASYEQYF	MIELSLIDFY
CASSYSGTDYEQYF	MIELSLIDFY
CSVERTEAFF	MIELSLIDFY
CSASFEASGVMNTQYF	MIELSLIDFY
CASSLAAGAPGDEQYF	MIELSLIDFY
CASSLEVGITSSYNEQFF	MIELSLIDFY
CSVRTDTQYF	MIELSLIDFY
CASSRHRQVEQYF	MIELSLIDFY
CASSFDRGSPSYEQYF	MIELSLIDFY
CASSPTGVYNTEAFF	MIELSLIDFY
CSASRESEGPSYNEQFF	MIELSLIDFY
CASSNPQGGTYEQYF	MIELSLIDFY
CSASAETGELFF	MIELSLIDFY
CSVVEPGGGEQYF	MIELSLIDFY
CATSALGRDGYGYTF	MIELSLIDFY
CASRRLAGGRSTDTQYF	MIELSLIDFY
CASSLHGRINEKLFF	MIELSLIDFY
CASSPRGLNNEQFF	MIELSLIDFY
CSAEREGRNEQFF	MIELSLIDFY
CASSGWEGSPGTQYF	MIELSLIDFY
CASSLFQGTDTQYF	MIELSLIDFY
CSATLAGEAETQYF	MIELSLIDFY
CASSLDGDIKFF	MIELSLIDFY
CSASGTGGHEQYF	MIELSLIDFY
CASSFGRNPAEQFF	MIELSLIDFY
CASSPYLTSGSTDTQYF	MIELSLIDFY
CSATTSGTNEQFF	MIELSLIDFY
CASRYRAGAWNEQFF	MIELSLIDFY
CSANSLGGGTDTQYF	MIELSLIDFY
CASSYLTGLTGELFF	MIELSLIDFY
CASSLTGIGELFF	MIELSLIDFY
CATSRAGRGATDTQYF	MIELSLIDFY
CASSSSGSGGFF	MIELSLIDFY
CSARGSGGTYEQYF	MIELSLIDFY
CSAPLLDTQYF	MIELSLIDFY
CSLEREAYYNEQFF	MIELSLIDFY
CSAEIRDRAVNEQFF	MIELSLIDFY
CASGFGLYNEQFF	MIELSLIDFY
CASSESRSGANVLTF	MIELSLIDFY
CASSSGPGQPQHF	MIELSLIDFY
CASSQDDRPSYEQYF	MIELSLIDFY
CATKGGTDTQYF	MIELSLIDFY
CASTWGVVDTDTQYF	MIELSLIDFY
CASSQPGLAYEQYF	MIELSLIDFY
CASSSSTGTGANVLTF	MIELSLIDFY
CASSLGAEQYF	MIELSLIDFY
CASSLGEDPNSKF	MIELSLIDFY
CASNSGTSGTQETQYF	MIELSLIDFY
CASRALGETQYF	MIELSLIDFY
CASRGTSGRVGDPYNEQFF	MIELSLIDFY
CSAGAERDGDTQYF	MIELSLIDFY
CASSLFGGGLNEQFF	MIELSLIDFY
CASSQPGQGPEQYF	MIELSLIDFY
CASSLYLADNEQFF	MIELSLIDFY
CASSLLAGGENEQFF	MIELSLIDFY
CASSFIPGGNTEAFF	MIELSLIDFY
CASRGRGGGVYEQYF	MIELSLIDFY
CSASKATGEETQYF	MIELSLIDFY
CASSSRGGGVGETQYF	MIELSLIDFY
CSASDLGSGNGYTF	MIELSLIDFY
CASSASGGAGEQFF	MIELSLIDFY
CASRGPTSGRYEQYF	MIELSLIDFY
CASSFRPTSVNTGELFF	MIELSLIDFY
CSATVRDSQETQYF	MIELSLIDFY
CASKDVEAYEQYF	MIELSLIDFY
CASSPTRSSLEKLFF	MIELSLIDFY
CSVRAGTGGRYEQYF	MIELSLIDFY
CASSLTSGMTYEQYF	MIELSLIDFY
CASSLVEGGYNEQFF	MIELSLIDFY
CSARDTANTEAFF	MIELSLIDFY
CASSLGQGISFPPYEQYF	MIELSLIDFY
CASSDDSMNTEAFF	MIELSLIDFY
CASSATGTGGGETQYF	MIELSLIDFY
CASSRSGALTDTQYF	MIELSLIDFY
CASSYSNSYLAINEQYF	MIELSLIDFY
CASSFCPKPCNEQFF	MIELSLIDFY
CASSTGQGSWGYTF	MIELSLIDFY
CSAGTIQETQYF	MIELSLIDFY
CASSLGAGSTDTQYF	MIELSLIDFY
CSARGTGGEYNEQFF	MIELSLIDFY
CATSTNLLAGGSTGELFF	MIELSLIDFY
CATSGSTGDTQYF	MIELSLIDFY
CASSYSAASLNTEAFF	MIELSLIDFY
CASRFEQFF	MIELSLIDFY
CSGGEGAYTEAFF	MIELSLIDFY
CASREQGASMNTEAFF	MIELSLIDFY
CSATQVNTEAFF	MIELSLIDFY
CSARPRQGAVPYEQYF	MIELSLIDFY
CASSTQMGTYSNQPQHF	MIELSLIDFY
CASSPDGEADTQYF	MIELSLIDFY
CASSSDRGYEQYF	MIELSLIDFY
CASSFYSNQPQHF	MIELSLIDFY
CASSSDRPYEQYF	MIELSLIDFY
CSVTGATGELFF	MIELSLIDFY
CASSQLAGGHNEQFF	MIELSLIDFY
CASSLVVGKEDNEQFF	MIELSLIDFY
CSAREFESAYEQYF	MIELSLIDFY
CASSPQDRNTEAFF	MIELSLIDFY
CSASGEVGDEQFF	MIELSLIDFY
CASSFSPGDRPNNEQFF	MIELSLIDFY
CASSPRGSGVPDTQYF	MIELSLIDFY
CASSSQGTEAFF	MIELSLIDFY
CAWSLAGGPNEQFF	MIELSLIDFY
CSAQGASYNEQFF	MIELSLIDFY
CASRGGGLAGNYEQYF	MIELSLIDFY
CSATLAGGNEQFF	MIELSLIDFY
CASSLGGQGYEQYF	MIELSLIDFY
CSARDRGGANPHTDTQYF	MIELSLIDFY
CASREPGSYNEQFF	MIELSLIDFY
CASSQEGPGLKYEQYF	MIELSLIDFY
CASSGDRGYEQYF	MIELSLIDFY
CASSLILTGFSYEQYF	MIELSLIDFY
CATSRDRGREQETQYF	MIELSLIDFY
CASSSQQGVNTEAFF	MIELSLIDFY
CASGHGADTQYF	MIELSLIDFY
CSADVESGGGREQFF	MIELSLIDFY
CATSWGLTNTEAFF	MIELSLIDFY
CASSEPGGTGPWGTEAFF	MIELSLIDFY
CASSLGQGLGTEAFF	MIELSLIDFY
CASSLGTSVQETQYF	MIELSLIDFY
CSASSEITGNEQFF	MIELSLIDFY
CASSVGTDTQYF	MIELSLIDFY
CASSPLPGLAGGPSDQETQYF	MIELSLIDFY
CASSLGTALSTDTQYF	MIELSLIDFY
CASSVDHNEQFF	MIELSLIDFY
CSAREGFFSGNTIYF	MIELSLIDFY
CASSWDPNEQFF	MIELSLIDFY
CATSDAGGEQYF	MIELSLIDFY
CASSGQGKDNQPQHF	MIELSLIDFY
CSVEDGDEGYGYTF	MIELSLIDFY
CSAAQGGNEQFF	MIELSLIDFY
CASSLGQGANTEAFF	MIELSLIDFY
CSATLANNEQFF	MIELSLIDFY
CSAESNNEQFF	MIELSLIDFY
CSARAGNQETQYF	MIELSLIDFY
CASRGTTSGRGVYEQYF	MIELSLIDFY
CSAREDGLHGGEQFF	MIELSLIDFY
CSASSTGGYEQYF	MIELSLIDFY
CSAQEEQGNTQYF	MIELSLIDFY
CSATREGGWETQYF	MIELSLIDFY
CSVRESYEQYF	MIELSLIDFY
CASSGAINQPQHF	MIELSLIDFY
CASSPPGLAGELFF	MIELSLIDFY
CSATERDSSNEQFF	MIELSLIDFY
CSAGTQGGTGWAEAFF	MIELSLIDFY
CASSEWGAIPHEQFF	MIELSLIDFY
CASSPQGVEGYTF	MIELSLIDFY
CSARGLSASGDTYEQYF	MIELSLIDFY
CSAKGLAGVPLTYEQYF	MIELSLIDFY
CSAARDGNNEQFF	MIELSLIDFY
CATSRVSGNEQYF	MIELSLIDFY
CASSSPRQTGGAYSLSGNTIYF	MIELSLIDFY
CSADTGTSSNEQFF	MIELSLIDFY
CSASGRATEQFF	MIELSLIDFY
CASSYLGGTDTQYF	MIELSLIDFY
CASNVEQFF	MIELSLIDFY
CASSSGSGANVLTF	MIELSLIDFY
CASSLVSRSGDEQFF	MIELSLIDFY
CASSFLSSEGKNIQYF	MIELSLIDFY
CASTLETYGYTF	MIELSLIDFY
CSARGTQDYGHEQYF	MIELSLIDFY
CSASGTLKGETQYF	MIELSLIDFY
CASSFLVGRAYNEQFF	MIELSLIDFY
CATNQGLLHGYTF	MIELSLIDFY
CSARDLAGGDAEAFF	MIELSLIDFY
CSAQWESYEQYF	MIELSLIDFY
CASSFGLAPETQYF	MIELSLIDFY
CASSQGQNLLNTEAFF	MIELSLIDFY
CASRSPNRASYTEAFF	MIELSLIDFY
CASSSPSHASYEQYF	MIELSLIDFY
CASSLDDSGANVLTF	MIELSLIDFY
CASSAGGQGSNQPQHF	MIELSLIDFY
CASRSAKNTGELFF	MIELSLIDFY
CASSLGTSSNEQFF	MIELSLIDFY
CASTLQASGANVLTF	MIELSLIDFY
CASSISGQGALDEKLFF	MIELSLIDFY
CASSPSAGGELFF	MIELSLIDFY
CASSLGAGGTGTGELFF	MIELSLIDFY
CSADREEAKNIQYF	MIELSLIDFY
CASSVGSGANVLTF	MIELSLIDFY
CSAFSSGRAYNEQFF	MIELSLIDFY
CSARGPRHSYEQYF	MIELSLIDFY
CATIEYAGGLGTEAFF	MIELSLIDFY
CSASLGSSYNEQFF	MIELSLIDFY
CSATPDFDRAYEQYF	MIELSLIDFY
CASSFGNEQFF	MIELSLIDFY
CASSPWGSGIYTDTQYF	MIELSLIDFY
CASSRIYGYTF	MIELSLIDFY
CASSSGTGGWNEQFF	MIELSLIDFY
CSASGGSNEQFF	MIELSLIDFY
CASRIDSRVTEAFF	MIELSLIDFY
CSARDHQGTEYYGYTF	MIELSLIDFY
CASSLGISTEAFF	MIELSLIDFY
CAWMAVLGTQYF	MIELSLIDFY
CASSYSIEPANLFF	MIELSLIDFY
CACRTVKGYEQYF	MIELSLIDFY
CASSLVSMNTEAFF	MIELSLIDFY
CSGEDGTDTQYF	MIELSLIDFY
CSAGFGGIDGETQYF	MIELSLIDFY
CSTDQTSGSLNEQFF	MIELSLIDFY
CASSQVPAGMMNTEAFF	MIELSLIDFY
CSAPTGTTYEQYF	MIELSLIDFY
CASTKRSFRETYTDTQYF	MIELSLIDFY
CASSITGGGTTEAFF	MIELSLIDFY
CSASDSGGEQFF	MIELSLIDFY
CSARGQSYEQYF	MIELSLIDFY
CASSALAGGPNEQFF	MIELSLIDFY
CASSFSANFWKQPQHF	MIELSLIDFY
CASSETPGQKNTEAFF	MIELSLIDFY
CASSLVTAGPSSYNEQFF	MIELSLIDFY
CAISRKLTDTQYF	MIELSLIDFY
CASTPRGPRGLSNQPQHF	MIELSLIDFY
CASSLGTSNSGATDTQYF	MIELSLIDFY
CASSPTQGYEQYF	MIELSLIDFY
CSARGLADSYEQYF	MIELSLIDFY
CASRGQGVVQPQHF	MIELSLIDFY
CSASWGTSGVYEQYF	MIELSLIDFY
CSAEPEIPYTDTQYF	MIELSLIDFY
CASSQDQGTSGTDTQYF	MIELSLIDFY
CASSRGEGTDTQYF	MIELSLIDFY
CASSLEQGPRVYNEQFF	MIELSLIDFY
CASSQEGNTEAFF	MIELSLIDFY
CASSSAGNEQFF	MIELSLIDFY
CASSQVEETQYF	MIELSLIDFY
CSARDMESYEQYF	MIELSLIDFY
CASSYSNINRADPYEQYF	MIELSLIDFY
CSTDTHTGVEQYF	MIELSLIDFY
CASSARSGHKNTGELFF	MIELSLIDFY
CSASRPDPTDTQYF	MIELSLIDFY
CASSQDVDTQYF	MIELSLIDFY
CASSSPGPRQTNEQYF	MIELSLIDFY
CASRGLAGVYEQFF	MIELSLIDFY
CASSPGSSPRIQYF	MIELSLIDFY
CASRAGASAGELFF	MIELSLIDFY
CSARGIRGYEQYF	MIELSLIDFY
CATTGQGPFSYEQYF	MIELSLIDFY
CASKATSNIQYF	MIELSLIDFY
CASMGLPYNEQFF	MIELSLIDFY
CASSFPNHYGYTF	MIELSLIDFY
CASSLAGQGYSGTQYF	MIELSLIDFY
CASSLEQGAYTEAFF	MIELSLIDFY
CASSEGTSGNEQFF	MIELSLIDFY
CASSQDLVGQGVYNEQFF	MIELSLIDFY
CASSYSGTSGRWETQYF	MIELSLIDFY
CSASVVRDEQFF	MIELSLIDFY
CASSLTTPDTQYF	MIELSLIDFY
CASSYVGNEQFF	MIELSLIDFY
CSARDRRGASYNEQFF	MIELSLIDFY
CASSPRGSGTYDYEQYF	MIELSLIDFY
CASSWGDEQFF	MIELSLIDFY
CASTRGTEAFF	MIELSLIDFY
CASSYSEAGSYTF	MIELSLIDFY
CASSQVRERNTEAFF	MIELSLIDFY
CASSLAGEWSSYNSPLHF	MIELSLIDFY
CASSFEITLKQGYTF	MIELSLIDFY
CSASGLAGETQYF	MIELSLIDFY
CASSLGAATNEKLFF	MIELSLIDFY
CASSGANVLTF	MIELSLIDFY
CATILMTVSSYNEQFF	MIELSLIDFY
CSVELGQLYGYTF	MIELSLIDFY
CASSQGLAGGVEQYF	MIELSLIDFY
CSVTGAEETQYF	MIELSLIDFY
CASSEKFNERQFF	MIELSLIDFY
CASKSGRGYEQFF	MIELSLIDFY
CASSRPGAGIEAFF	MIELSLIDFY
CSFLVPDYGYTF	MIELSLIDFY
CSATEMNTEAFF	MIELSLIDFY
CASSFSGIPSEKLFF	MIELSLIDFY
CSVGGLEADTQYF	MIELSLIDFY
CASSAFGGLGTEAFF	MIELSLIDFY
CASSKDRYNEQFF	MIELSLIDFY
CSASSPPTENNRETQYF	MIELSLIDFY
CSASAEAGSYNEQFF	MIELSLIDFY
CASSLHPGSEQYF	MIELSLIDFY
CSVESWVAEGSYGYTF	MIELSLIDFY
CASSPQPGGIGNQPQHF	MIELSLIDFY
CASSYPLAGGPLSYEQYF	MIELSLIDFY
CASSQVGQGKSPEAFF	MIELSLIDFY
CSVEMIQGQVYGYTF	MIELSLIDFY
CASSQVALGGGFNPRLNEQFF	MIELSLIDFY
CASSAPGTGSDTQYF	MIELSLIDFY
CSSGQEAYNEQFF	MIELSLIDFY
CASSFGTLNTEAFF	MIELSLIDFY
CSGKGTQHSYEQYF	MIELSLIDFY
CASSSTGGGSPLHF	MIELSLIDFY
CASSLNSNTEAFF	MIELSLIDFY
CASSYTGTDQETQYF	MIELSLIDFY
CASSLGLAGIANTGELFF	MIELSLIDFY
CSARDIEAIREQYF	MIELSLIDFY
CASSQDSGYNQPQHF	MIELSLIDFY
CASSLYQNTEAFF	MIELSLIDFY
CSARDGTSGDNEQFF	MIELSLIDFY
CAWGALGNEQFF	MIELSLIDFY
CSAGRERADTQYF	MIELSLIDFY
CASSLGTGDQIPDTQYF	MIELSLIDFY
CSATQTGVGADTQYF	MIELSLIDFY
CSAFEGSGRTYNEQFF	MIELSLIDFY
CATSMTVTSERGSTDTQYF	MIELSLIDFY
CASSDPRTSGNRDEQFF	MIELSLIDFY
CASSPTGRPETQYF	MIELSLIDFY
CASSLYGTGPTPRYGYTF	MIELSLIDFY
CATSDPGQRDQPQHF	MIELSLIDFY
CASRGLAGEGSSYEQYF	MIELSLIDFY
CASSFPPQGSNTDTQYF	MIELSLIDFY
CASSEALGGDYGYTF	MIELSLIDFY
CSASAGTVVSYEQYF	MIELSLIDFY
CASSRDRGYEQYF	MIELSLIDFY
CASSFGLAGDALHTDTQYF	MIELSLIDFY
CSASPSGGPDTQYF	MIELSLIDFY
CSADAPGAETQYF	MIELSLIDFY
CASRGHEQFF	MIELSLIDFY
CASSPVDRAHTEAFF	MIELSLIDFY
CARSSGGPFNEQFF	MIELSLIDFY
CASSAESGQRNSPLHF	MIELSLIDFY
CASSWDYDNEQFF	MIELSLIDFY
CASGSGLAVERSTDTQYF	MIELSLIDFY
CASSLALVRDRDPNEQFF	MIELSLIDFY
CASSSDRLAGNTDTQYF	MIELSLIDFY
CASSRDSGNTEAFF	MIELSLIDFY
CSADTSGRGDEQFF	MIELSLIDFY
CSARDVTSNVVEQYF	MIELSLIDFY
CSANETPLLYNEQFF	MIELSLIDFY
CASSSFWGTEAFF	MIELSLIDFY
CASSTGTSGTEQFF	MIELSLIDFY
CSASDESSYNEQFF	MIELSLIDFY
CSARALGGKNTEAFF	MIELSLIDFY
CASSSAGGGELFF	MIELSLIDFY
CASSLLAGADNEQFF	MIELSLIDFY
CASSLVPPDGSATSYEQYF	MIELSLIDFY
CATRGRSGDSYEQYF	MIELSLIDFY
CSEGGPSYNEQFF	MIELSLIDFY
CASSLSAGGLYNEQFF	MIELSLIDFY
CASSQSPSEAFF	MIELSLIDFY
CASSLAGEEQFF	MIELSLIDFY
CSASSTESYGYTF	MIELSLIDFY
CSAAWTGGFEAFF	MIELSLIDFY
CASSASIAGDQETQYF	MIELSLIDFY
CASSEPTGYGYTF	MIELSLIDFY
CASTFFQGDGELFF	MIELSLIDFY
CASSYISGTSYNEQFF	MIELSLIDFY
CASSWSRATGTGELFF	MIELSLIDFY
CSVTSGGSGNTIYF	MIELSLIDFY
CASSHGQGPFNEQFF	MIELSLIDFY
CSASGQQETQYF	MIELSLIDFY
CASRGTAVQGGPYYEQYF	MIELSLIDFY
CASSRAVASGGFNTGELFF	MIELSLIDFY
CASSVEGANYGYTF	MIELSLIDFY
CASSEALSALAGYEQYF	MIELSLIDFY
CSAGTESAGGVPSYNEQFF	MIELSLIDFY
CASSHIRDTQYF	MIELSLIDFY
CSASPGDSGVPQETQYF	MIELSLIDFY
CASSARLAGGPNEQFF	MIELSLIDFY
CSAEGLAENIQYF	MIELSLIDFY
CSARGTGGEYNEQFF	MIELSLIDFY
CASSPGTVYEQYF	MIELSLIDFY
CSADPPTGTDGNTIYF	MIELSLIDFY
CASRFQGGSYEQYF	MIELSLIDFY
CSAGGFNRQGPLNYGYTF	MIELSLIDFY
CASSEGAEETQYF	MIELSLIDFY
CSAQTLLSSGNTIYF	MIELSLIDFY
CASSAPYLRDSYEQYF	MIELSLIDFY
CSADRGTSESYEQYF	MIELSLIDFY
CASSTQGRAAYNEQFF	MIELSLIDFY
CASSYQGGANVLTF	MIELSLIDFY
CASSPQEGQGLGTQYF	MIELSLIDFY
CASRGLLAGGTIYEQYF	MIELSLIDFY
CSATLEEETQYF	MIELSLIDFY
CASSLGGESYEQYF	MIELSLIDFY
CATSYRAAYEQYF	MIELSLIDFY
CASSRGAYANYGYTF	MIELSLIDFY
CASSLDAGNTEAFF	MIELSLIDFY
CSAGGISGAEQFF	MIELSLIDFY
CASRGPHPGGSYEQYF	MIELSLIDFY
CASSYFTNTEAFF	MIELSLIDFY
CSASSAGEGGQETQYF	MIELSLIDFY
CSADHEPGLAGGFSTDTQYF	MIELSLIDFY
CASSLIQETQYF	MIELSLIDFY
CASSPAPGSEAFF	MIELSLIDFY
CASSPRETGTGYTEAFF	MIELSLIDFY
CASSLLSGVTF	MIELSLIDFY
CASSFPPGPNEKLFF	MIELSLIDFY
CSANSEMVYQETQYF	MIELSLIDFY
CASSHRTVANTGELFF	MIELSLIDFY
CASRESSYNSPLHF	MIELSLIDFY
CSARGLFSSHEQYF	MIELSLIDFY
CASPINDRELSGANVLTF	MIELSLIDFY
CASSVGHTDEQYF	MIELSLIDFY
CASSPPGLAGTSDTQYF	MIELSLIDFY
CASSRTGNYNEQFF	MIELSLIDFY
CSADGTGRNEAFF	MIELSLIDFY
CATKLGMGTEAFF	MIELSLIDFY
CSVSLEVLGPSETQYF	MIELSLIDFY
CASSVIGGALETQYF	MIELSLIDFY
CASSLSPRRSEAFF	MIELSLIDFY
CASSSDGAGGGQETQYF	MIELSLIDFY
CASSRTSPTEAFF	MIELSLIDFY
CASGLPTGRRADTQYF	MIELSLIDFY
CASSLSSTLLPQHF	MIELSLIDFY
CSVGAGIDMNTEAFF	MIELSLIDFY
CASSQARRGRAEAFF	MIELSLIDFY
CASSYSLGQNTEAFF	MIELSLIDFY
CASSSDSDYGYTF	MIELSLIDFY
CASSQIGSSYEQYF	MIELSLIDFY
CASSLSFWVGELFF	MIELSLIDFY
CASSLTARSTEAFF	MIELSLIDFY
CSATTSNNEQFF	MIELSLIDFY
CASSLGQGNTEAFF	MIELSLIDFY
CASSPDRGYEQYF	MIELSLIDFY
CSASDVDNEQFF	MIELSLIDFY
CASSYFRSVELFF	MIELSLIDFY
CSATGGVEETQYF	MIELSLIDFY
CASSHLQGVDTEAFF	MIELSLIDFY
CASSLVRGSSYEQYF	MIELSLIDFY
CASRGLAGASYEQYF	MIELSLIDFY
CASSTGTLSQETQYF	MIELSLIDFY
CASSFTPGTEAFF	MIELSLIDFY
CSASGFGNEQFF	MIELSLIDFY
CSARGAILERSPLHF	MIELSLIDFY
CSVEGTGGYGYTF	MIELSLIDFY
CASSGQDPNYGYTF	MIELSLIDFY
CASSLLAVQLNTGELFF	MIELSLIDFY
CASSGYTGTRYNEQFF	MIELSLIDFY
CASSPGAEQYF	MIELSLIDFY
CASSFDTNYGYTF	MIELSLIDFY
CATSSLAPGPASTDTQYF	MIELSLIDFY
CSATTASDAYEQYF	MIELSLIDFY
CAWRATLGARNEKLFF	MIELSLIDFY
CSASQDSYEQYF	MIELSLIDFY
CASSLTDSGSYNEQFF	MIELSLIDFY
CASSQDLNLLGTQYF	MIELSLIDFY
CAILPTGAYEQYF	MIELSLIDFY
CASSLNFRGNEQFF	MIELSLIDFY
CASSSYILSRETQYF	MIELSLIDFY
CASSLLAGGPPDTQYF	MIELSLIDFY
CASSQDSIGTGLYEQYF	MIELSLIDFY
CSASRTSGRVETQYF	MIELSLIDFY
CSVRIAGEQYF	MIELSLIDFY
CASSYSPYESGSSSYEQYF	MIELSLIDFY
CASSTIANEQFF	MIELSLIDFY
CASSLRGQGTFDEKLFF	MIELSLIDFY
CASSLNPYPSGANVLTF	MIELSLIDFY
CASSYSAGQEAEQYF	MIELSLIDFY
CSADRVSYEQYF	MIELSLIDFY
CASAQSYSYEQYF	MIELSLIDFY
CASSLDFVEGNTEAFF	MIELSLIDFY
CASTPSGGGLETQYF	MIELSLIDFY
CASSPGQGVSYEQYF	MIELSLIDFY
CASSLWGGDDEQFF	MIELSLIDFY
CASSLDRTGGTDTQYF	MIELSLIDFY
CASSEGHSYEQYF	MIELSLIDFY
CASRGWAGTLYGYTF	MIELSLIDFY
CSDLGIHTEAFF	MIELSLIDFY
CASWGGLHEQFF	MIELSLIDFY
CASSLVARGSTDTQYF	MIELSLIDFY
CASSPDSTNYGYTF	MIELSLIDFY
CASSPPGQGGYEQYF	MIELSLIDFY
CASSSGGVSYNEQFF	MIELSLIDFY
CASSEDLMDNTEAFF	MIELSLIDFY
CASSQGVGYTEAFF	MIELSLIDFY
CSASKAGGSGETQYF	MIELSLIDFY
CSAEAEQSSGNTIYF	MIELSLIDFY
CSASRESNEQFF	MIELSLIDFY
CASSYSGLGTDTQYF	MIELSLIDFY
CASGLASTYEQYF	MIELSLIDFY
CASSFWPSGQETQYF	MIELSLIDFY
CASSLLAGDNEQFF	MIELSLIDFY
CASRGTAEYTDTQYF	MIELSLIDFY
CASSSLGNGPFRPQHF	MIELSLIDFY
CASSQDFQGPGGAFF	MIELSLIDFY
CASSQDQGFTYEQYF	MIELSLIDFY
CASSLEGAMDYGYTF	MIELSLIDFY
CASSLMGQGSGELFF	MIELSLIDFY
CASSLTSRDRGSGANVLTF	MIELSLIDFY
CASSITSGGVTDTQYF	MIELSLIDFY
CASTSLHPNYGYTF	MIELSLIDFY
CASSQDLGIQETQYF	MIELSLIDFY
CASSQLGLPATYNEQFF	MIELSLIDFY
CANTGTGEKLFF	MIELSLIDFY
CASSDDRAVRSPLHF	MIELSLIDFY
CSASEGSTDTQYF	MIELSLIDFY
CASSLNRDMNTEAFF	MIELSLIDFY
CASSLGTGVLYEQYF	MIELSLIDFY
CATFGGSRPHEQYF	MIELSLIDFY
CASSFLQGANEQFF	MIELSLIDFY
CASSLLDGDTQYF	MIELSLIDFY
CSAISGWGLAGQSTDTQYF	MIELSLIDFY
CASGELAGGLNEQFF	MIELSLIDFY
CASSLAVGGVQETQYF	MIELSLIDFY
CASSPISSGRALVNEQFF	MIELSLIDFY
CSVPGTGGGYTF	MIELSLIDFY
CSAHSGGGDDTQYF	MIELSLIDFY
CASSARSGTGTADTQYF	MIELSLIDFY
CASSLTTFPDF	MIELSLIDFY
CASDDTYNEQFF	MIELSLIDFY
CASSEASWGRNMNTEAFF	MIELSLIDFY
CASKSPGSVSNQPQHF	MIELSLIDFY
CATSDQRGDWAFF	MIELSLIDFY
CSARPPTSGAPYETQYF	MIELSLIDFY
CASIGTSGVYEQYF	MIELSLIDFY
CAWGMGEQFF	MIELSLIDFY
CASSLAGLGFWDTQYF	MIELSLIDFY
CASSLDRWGQPQHF	MIELSLIDFY
CASSSNPGLFHNEQFF	MIELSLIDFY
CASSFQGTGELFF	MIELSLIDFY
CASSLGVGEKLYDPFF	MIELSLIDFY
CASSPNYGYTF	MIELSLIDFY
CSARDQQGRLETQYF	MIELSLIDFY
CASTRGPSARDEQYF	MIELSLIDFY
CASSALLAGERVEQFF	MIELSLIDFY
CASLGQSTDTQYF	MIELSLIDFY
CASRFSGQGATNSPLHF	MIELSLIDFY
CSATSEESYNEQFF	MIELSLIDFY
CSARGLQSSYEQYF	MIELSLIDFY
CASSDPGLQPQHF	MIELSLIDFY
CSASLTEVAGEETQYF	MIELSLIDFY
CASSFTQGITDTQYF	MIELSLIDFY
CASSFPNKTGDTGELFF	MIELSLIDFY
CASREARDVNTEAFF	MIELSLIDFY
CASSFTAGGDQETQYF	MIELSLIDFY
CSTSLGVEAYEQYF	MIELSLIDFY
CASRPWTGGAGGANVLTF	MIELSLIDFY
CASSSEQPIYNSPLHF	MIELSLIDFY
CASSLGSTEAFF	MIELSLIDFY
CASSFRVGGDPTEAFF	MIELSLIDFY
CASSLTLNTEAFF	MIELSLIDFY
CASSLGGDIQYF	MIELSLIDFY
CASSPGFGYTF	MIELSLIDFY
CASSVGTGGGYEQYF	MIELSLIDFY
CSARGLAGVSYEQYF	MIELSLIDFY
CATNAGDYGYTF	MIELSLIDFY
CSARDTQASYEQYF	MIELSLIDFY
CASSESGAQWAHEQFF	MIELSLIDFY
CATSVPITGIETQYF	MIELSLIDFY
CASSLVSATNEKLFF	MIELSLIDFY
CASTLTSTDTQYF	MIELSLIDFY
CASSLTRASYEQYF	MIELSLIDFY
CAWSGRGFGYEQYF	MIELSLIDFY
CSATTSTDTQYF	MIELSLIDFY
CASTLTGEQFF	MIELSLIDFY
CASTRSHEQFF	MIELSLIDFY
CATWTGGVTGANVLTF	MIELSLIDFY
CASSHQASFNYGYTF	MIELSLIDFY
CSASSLNYEQYF	MIELSLIDFY
CSSTWEDFTQYF	MIELSLIDFY
CASSLDSISAEAFF	MIELSLIDFY
CASSQQGTANEQFF	MIELSLIDFY
CSARAYDSYEQYF	MIELSLIDFY
CSARGREDSYEQYF	MIELSLIDFY
CSVEDASRSYNEQFF	MIELSLIDFY
CASSLGMGQGALGNQPQHF	MIELSLIDFY
CASSLTMGTGDNEQFF	MIELSLIDFY
CASIGTGIYEQYF	MIELSLIDFY
CASSYPSWGAGGGQETQYF	MIELSLIDFY
CSAGEHSRAQYF	MIELSLIDFY
CAWRPREFYGYTF	MIELSLIDFY
CASSIRSDIHTDTQYF	MIELSLIDFY
CASSRRVSGEETQYF	MIELSLIDFY
CATAWGQGVEQFF	MIELSLIDFY
CASSKDPRTEAFF	MIELSLIDFY
CASTWGYWTSGTDPIDTQYF	MIELSLIDFY
CASSFRDRRVRVNQPQHF	MIELSLIDFY
CSADSGGAYEQYF	MIELSLIDFY
CASIHPAEGALSNTEAFF	MIELSLIDFY
CSARDRESYEQYF	MIELSLIDFY
CASSDPGTGADSYNSPLHF	MIELSLIDFY
CASSASGRVDEQFF	MIELSLIDFY
CASSLAVDEQYF	MIELSLIDFY
CASSLPRQGANNEQFF	MIELSLIDFY
CASSLFSILDYTF	MIELSLIDFY
CASSEWGLTGGEYTGELFF	MIELSLIDFY
CASRLELDWQGLSHSNQPQHF	MIELSLIDFY
CSADREGAKNIQYF	MIELSLIDFY
CASSPPHLAPPFEQYF	MIELSLIDFY
CASSGQQAKETQYF	MIELSLIDFY
CSASASLQASQETQYF	MIELSLIDFY
CSASREASGMGNQETQYF	MIELSLIDFY
CASSYSLSTETNTEAFF	MIELSLIDFY
CASKAGGGGYTF	MIELSLIDFY
CSASEEGLSYNEQFF	MIELSLIDFY
CAISTSAEQYF	MIELSLIDFY
CASSQDVRESTGELFF	MIELSLIDFY
CSASGTSGEETQYF	MIELSLIDFY
CATSSLRVGTDTQYF	MIELSLIDFY
CASSVYLNEKLFF	MIELSLIDFY
CASSWAPMNTEAFF	MIELSLIDFY
CASSYSLAGGNEQFF	MIELSLIDFY
CASRWSTSGLGHEQYF	MIELSLIDFY
CATSDYPGHPGEQYF	MIELSLIDFY
CAISEDVRTGVPTEAFF	MIELSLIDFY
CASSYGSGTQYF	MIELSLIDFY
CASSQGHTSYEQYF	MIELSLIDFY
CASSVAGGLNEQFF	MIELSLIDFY
CASSLWTGVNTEAFF	MIELSLIDFY
CSASFGTGVPTQYF	MIELSLIDFY
CASSPSGGRAKEQYF	MIELSLIDFY
CSATEMNTEAFF	MIELSLIDFY
CASSILDLTTNTEAFF	MIELSLIDFY
CASRGLAGESGTYEQYF	MIELSLIDFY
CASRSFGPEAFF	MIELSLIDFY
CASSYQGWGASDEKLFF	MIELSLIDFY
CASSYTQLYNEQFF	MIELSLIDFY
CASSGPEGGGTQYF	MIELSLIDFY
CASSDPTKDRGKNIQYF	MIELSLIDFY
CSADGAGVVEQFF	MIELSLIDFY
CASRFKPGLAATEQYF	MIELSLIDFY
CASGNNEQFF	MIELSLIDFY
CASSPGNGTGGPGELFF	MIELSLIDFY
CASSDRGENTGELFF	MIELSLIDFY
CASSLDEGQNEQFF	MIELSLIDFY
CASSLEGLSYTF	MIELSLIDFY
CASSQENTGELFF	MIELSLIDFY
CASSGSYSTNEKLFF	MIELSLIDFY
CASSIQASSYEQYF	MIELSLIDFY
CASSLQSTNQPQHF	MIELSLIDFY
CASSLTGEHEKLFF	MIELSLIDFY
CASSLGSPDTQYF	MIELSLIDFY
CASSSPGQGGVTHEQYF	MIELSLIDFY
CSADRVGGVTQYF	MIELSLIDFY
CASSLDQETQYF	MIELSLIDFY
CASSRGEPYTDTQYF	MIELSLIDFY
CASSLGGRAGNEQFF	MIELSLIDFY
CSAGGGTTDTQYF	MIELSLIDFY
CASSYMRDRNSYEQYF	MIELSLIDFY
CASRSRGLSSYNEQFF	MIELSLIDFY
CASTGESNQPQHF	MIELSLIDFY
CSATGTGREQYF	MIELSLIDFY
CASSGKRVLAEETQYF	MIELSLIDFY
CATINRVDNEQFF	MIELSLIDFY
CASSLALLDNEQFF	MIELSLIDFY
CASSSPDREQYF	MIELSLIDFY
CATSSPLREATSTDTQYF	MIELSLIDFY
CASSTYQRVNTEAFF	MIELSLIDFY
CASSVGPRGREDTGELFF	MIELSLIDFY
CASSLDETKGAFF	MIELSLIDFY
CASSLGGVANTEAFF	MIELSLIDFY
CSFLPYYTF	MIELSLIDFY
CASSLSPGPTPRSYNSPLHF	MIELSLIDFY
CASSQEFPASGPEETQYF	MIELSLIDFY
CASSFDGTQYF	MIELSLIDFY
CASESSYGYTF	MIELSLIDFY
CASSLGSGGGYNEQFF	MIELSLIDFY
CASSFSRTEAFF	MIELSLIDFY
CSASFPGQGQETQYF	MIELSLIDFY
CASSAGPRSPYEQYF	MIELSLIDFY
CASSQEEGLAGVETQYF	MIELSLIDFY
CASSEAGQGAYEQYF	MIELSLIDFY
CASDTARRSSTDTQYF	MIELSLIDFY
CASSSLTGYNGYTF	MIELSLIDFY
CASSSISTDTQYF	MIELSLIDFY
CASSQGGSLAGFQETQYF	MIELSLIDFY
CAVSGGATEAFF	MIELSLIDFY
CSAGQEISYNEQFF	MIELSLIDFY
CASSLVLAGGHYNEQFF	MIELSLIDFY
CASMNPLAGAGTGELFF	MIELSLIDFY
CASESGRGTGELFF	MIELSLIDFY
CAISDRVLMNTEAFF	MIELSLIDFY
CASSKAGTGELFF	MIELSLIDFY
CASSSGIQPQHF	MIELSLIDFY
CASSHGTDLYEQYF	MIELSLIDFY
CASSSPRRAVTDTQYF	MIELSLIDFY
CASRGIAGRSYEQYF	MIELSLIDFY
CASSAINPQGRNQPQHF	MIELSLIDFY
CASSYEGTSFYNEQFF	MIELSLIDFY
CASGTIGRVGTDTQYF	MIELSLIDFY
CASSLSSPGVGGELFF	MIELSLIDFY
CASILRDSMNTEAFF	MIELSLIDFY
CSARRDRGGNTIYF	MIELSLIDFY
CSATSGTDTQYF	MIELSLIDFY
CASSQDLTVIAGTGYEQYF	MIELSLIDFY
CASSSMDLRFSTDTQYF	MIELSLIDFY
CASSYPPGQGNTGELFF	MIELSLIDFY
CASVPLTGVGELFF	MIELSLIDFY
CSADRDTGELFF	MIELSLIDFY
CSVNLVLQIEQFF	MIELSLIDFY
CAWSPLDRPTPSYEQYF	MIELSLIDFY
CASSFLGTSGGIDIQYF	MIELSLIDFY
CASSLYLNEQYF	MIELSLIDFY
CSARDPGRGYEQYF	MIELSLIDFY
CSASGQDRGFKGRETQYF	MIELSLIDFY
CASSLVEVRVYNEQFF	MIELSLIDFY
CASISWGNTEAFF	MIELSLIDFY
CSPRGSRSSYEQYF	MIELSLIDFY
CSVEGTGGRRNYGYTF	MIELSLIDFY
CASSLSGASTEAFF	MIELSLIDFY
CASSRTVGPPFDYGYTF	MIELSLIDFY
CSARGLATSGRAVEQFF	MIELSLIDFY
CASSPLTQDTEAFF	MIELSLIDFY
CASSSLGLAVTGELFF	MIELSLIDFY
CASSSDPAGGLRAYEQYF	MIELSLIDFY
CASSFGQYNSPLHF	MIELSLIDFY
CASSVGTGNQPQHF	MIELSLIDFY
CSASGESSYNEQFF	MIELSLIDFY
CASLGTGELFF	MIELSLIDFY
CASSLAYGLGTGSYNEQFF	MIELSLIDFY
CSASSGSTDTQYF	MIELSLIDFY
CASSQDRSSGNTIYF	MIELSLIDFY
CASSFSGNNEKLFF	MIELSLIDFY
CSASESTDTQYF	MIELSLIDFY
CASSPTVGTLYNEQFF	MIELSLIDFY
CASSETSPETQYF	MIELSLIDFY
CASSYVPGDTEAFF	MIELSLIDFY
CASSLYGRGELFF	MIELSLIDFY
CASSQPSYEQYF	MIELSLIDFY
CASSQAVVFAEAFF	MIELSLIDFY
CASSFPGYEQYF	MIELSLIDFY
CASTGRMNTEAFF	MIELSLIDFY
CASSQESLLADYEQYF	MIELSLIDFY
CASSDGDRHSYEQYF	MIELSLIDFY
CASSLEAASSYNEQFF	MIELSLIDFY
CASSPGNEQFF	MIELSLIDFY
CSVAGAKLGNTIYF	MIELSLIDFY
CASSLGQRIYF	MIELSLIDFY
CASSWSGGSLDEQYF	MIELSLIDFY
CASSPLQGNQPQHF	MIELSLIDFY
CSADREETQYF	MIELSLIDFY
CSVLEGSYGYTF	MIELSLIDFY
CASSFYSNQPQHF	MIELSLIDFY
CSAASQGAGETQYF	MIELSLIDFY
CASSPAGGSSYNEQFF	MIELSLIDFY
CASSTIRAGYEQYF	MIELSLIDFY
CASSQEGLRQETQYF	MIELSLIDFY
CSARVWDSSQETQYF	MIELSLIDFY
CASSLWAGGDNEQFF	MIELSLIDFY
CSGTGTNSYEQYF	MIELSLIDFY
CASSELLFGQGSNQPQHF	MIELSLIDFY
CASSLATGGQGYTF	MIELSLIDFY
CASSQVRSSSYNEQFF	MIELSLIDFY
CGVITSTDTQYF	MIELSLIDFY
CASSYTGINTEAFF	MIELSLIDFY
CASSQDGGLDTQYF	MIELSLIDFY
CASSPSSYNSPLHF	MIELSLIDFY
CASSIGTGAEAFF	MIELSLIDFY
CSASFGVDNQPQHF	MIELSLIDFY
CASSLRRSSYNEQFF	MIELSLIDFY
CASRTLPYEQYF	MIELSLIDFY
CASSVGTGAFTDTQYF	MIELSLIDFY
CASSGMEVHTEAFF	MIELSLIDFY
CASSEVWGYLAFF	MIELSLIDFY
CASSPGQAGTDTQYF	MIELSLIDFY
CASRPISGRITGELFF	MIELSLIDFY
CASSLALPGGPYEQYF	MIELSLIDFY
CASSFEPNTEAFF	MIELSLIDFY
CASSLTNEQFF	MIELSLIDFY
CASSPMTETSGRAVDTQYF	MIELSLIDFY
CASSQDHEVYQPSAKNIQYF	MIELSLIDFY
CASSLGTGGLNQPQHF	MIELSLIDFY
CASSDAAGLNEQFF	MIELSLIDFY
RAAGRTNTGELFF	MIELSLIDFY
CASSLEATLIQYF	MIELSLIDFY
CASSSIKRQGVFSGANVLTF	MIELSLIDFY
CSATGLAGQDSIETQYF	MIELSLIDFY
CSATPGFSNEQFF	MIELSLIDFY
CASSYSWGEVKGANYGYTF	MIELSLIDFY
CASSLWPYTDTQYF	MIELSLIDFY
CASSQDRLGFGHSYEQYF	MIELSLIDFY
CSARGLQSSYEQYF	MIELSLIDFY
CSADRAAENIQYF	MIELSLIDFY
CASSLTLAEVNEQFF	MIELSLIDFY
CASSDIPGQGENSPLHF	MIELSLIDFY
CASAGLAYEQYF	MIELSLIDFY
CASSSSPAMDQPQHF	MIELSLIDFY
CASSESVAGGLSETQYF	MIELSLIDFY
CASSLGDSSYEQYF	MIELSLIDFY
CASRLGGPLGNNEQFF	MIELSLIDFY
CASSFWGTANEQFF	MIELSLIDFY
CSADFSGSYNEQFF	MIELSLIDFY
CASSYAGQPEGMNTEAFF	MIELSLIDFY
CSAEPSTSGQRNEQFF	MIELSLIDFY
CASSDTRGKSSRGADEKLFF	MIELSLIDFY
CASSPGAPELYGYTF	MIELSLIDFY
CSVGAVSYEQYF	MIELSLIDFY
CASSLLAGGSNEQFF	MIELSLIDFY
CSVRDQTGELFF	MIELSLIDFY
CASSLSGSGISYEQYF	MIELSLIDFY
CASSPPATYYNEQFF	MIELSLIDFY
CASSSFGGGMNTEAFF	MIELSLIDFY
CASGLAENNNEQFF	MIELSLIDFY
CAWSVQTAEAFF	MIELSLIDFY
CASSARLEFLYNEQFF	MIELSLIDFY
CASSPGTSGTDTQYF	MIELSLIDFY
CASSTSYEQYF	MIELSLIDFY
CASSSDGTGGPSGANVLTF	MIELSLIDFY
CASRGFTVYNEQFF	MIELSLIDFY
CSARDGLAGDNEQFF	MIELSLIDFY
CASTGGRQYEQYF	MIELSLIDFY
CSVEEEAKNIQYF	MIELSLIDFY
CASWGQVNYGYTF	MIELSLIDFY
CASSLTGIEAFF	MIELSLIDFY
CASSVAMSGSPETQYF	MIELSLIDFY
CSARGLLAGGDSYEQYF	MIELSLIDFY
CASSLAGTAKNIQYF	MIELSLIDFY
CASGGDRPVSTGELFF	MIELSLIDFY
CASRTPGGSNNEQFF	MIELSLIDFY
CASSQETGANQPQHF	MIELSLIDFY
CASSAGLGGANVLTF	MIELSLIDFY
CSVIRSTENSPLHF	MIELSLIDFY
CSAAPCYTF	MIELSLIDFY
CSATDRVDISTEAFF	MIELSLIDFY
CASSLDQGSPYNEQFF	MIELSLIDFY
CASSQDRTAYEQYF	MIELSLIDFY
CSASARRGAVLYSNQPQHF	MIELSLIDFY
CASSSPLFRNEQFF	MIELSLIDFY
CARTLDSYGYTF	MIELSLIDFY
CASAALSGVQDTQYF	MIELSLIDFY
CASSPFLLDTQYF	MIELSLIDFY
CASTPRAGANGVETQYF	MIELSLIDFY
CSASGGAETQYF	MIELSLIDFY
CASRGLAGGRSYEQYF	MIELSLIDFY
CSASKHTDTQYF	MIELSLIDFY
CASISPGDMNTEAFF	MIELSLIDFY
CSATFETSVGETQYF	MIELSLIDFY
CASRRQGTEAFF	MIELSLIDFY
CASSPQFGYYNEQFF	MIELSLIDFY
CASRGLAGVSSYEQYF	MIELSLIDFY
CASSTTTVVTYEQYF	MIELSLIDFY
CASSIQGSTNEKLFF	MIELSLIDFY
CASSHKGLAELSYEQYF	MIELSLIDFY
CATVTGVLQETQYF	MIELSLIDFY
CASSRDPRDTHYGYTF	MIELSLIDFY
CSASRAGVSQETQYF	MIELSLIDFY
CASSLVLPTSGRPAYEQYF	MIELSLIDFY
CASSAGDLNYGYTF	MIELSLIDFY
CASGNPGQGAHTGELFF	MIELSLIDFY
CSADGAGLESTEQFF	MIELSLIDFY
CASSQAPPGNTIYF	MIELSLIDFY
CSADIGTTYNEQFF	MIELSLIDFY
CASSQARGLIETQYF	MIELSLIDFY
CASSQDGQATRRGTGELFF	MIELSLIDFY
CASSPLTRSVGGLSYNEQFF	MIELSLIDFY
CSVEDPAAGVVPNEQFF	MIELSLIDFY
CASSLTGPVGELFF	MIELSLIDFY
CASSYQARTMAYEQYF	MIELSLIDFY
CASSHLSGRFYEQYF	MIELSLIDFY
CASSYSRDPIYEQYF	MIELSLIDFY
CAPRGPNEKLFF	MIELSLIDFY
CASSRGTAPTNEKLFF	MIELSLIDFY
CASSLSVEGLGNIQYF	MIELSLIDFY
CASSLVASGLYEQYF	MIELSLIDFY
CASSPYSNQPQHF	MIELSLIDFY
CSVVGRKYEQYF	MIELSLIDFY
CSATRETSYNEQFF	MIELSLIDFY
CASGQNTGELFF	MIELSLIDFY
CAITDPGTGAYEQYF	MIELSLIDFY
CSAPSGGYEQYF	MIELSLIDFY
CASSEWLAGLNTGELFF	MIELSLIDFY
CASSPKGHRTEAFF	MIELSLIDFY
CASSQDYSGGYEQYF	MIELSLIDFY
CASSYWVDSYEQYF	MIELSLIDFY
CATTTPQRGDEQFF	MIELSLIDFY
CASSAGTGVFLAVGYTF	MIELSLIDFY
CATSDFTGEVTDTQYF	MIELSLIDFY
CASRAISGGLRTDTQYF	MIELSLIDFY
CASSLRGGGTYDYEQYF	MIELSLIDFY
CATSTTAYTGAGELFF	MIELSLIDFY
CAIRPGTSSYEQYF	MIELSLIDFY
CSASGQGNEQFF	MIELSLIDFY
CSADVEWSYNEQFF	MIELSLIDFY
CASSQSGNEQFF	MIELSLIDFY
CSVEVSGVGTGELFF	MIELSLIDFY
CAILAGGSYNEQFF	MIELSLIDFY
CSARDRVGVYEQYF	MIELSLIDFY
CASSQGYETQYF	MIELSLIDFY
CASSLGPRGTQYF	MIELSLIDFY
CASTPRQGSSEQYF	MIELSLIDFY
CASSHPAGGLNEQFF	MIELSLIDFY
CASSPVTGTNQPQHF	MIELSLIDFY
CSASRPSRTQETQYF	MIELSLIDFY
CAISTSMEQYF	MIELSLIDFY
CASSLPVAETSGTYNEQFF	MIELSLIDFY
CSAQNLEGYNEQFF	MIELSLIDFY
CASSRDLVTQYF	MIELSLIDFY
CASSLGVVDTKYF	MIELSLIDFY
CASSGKREGRETQYF	MIELSLIDFY
CSARGLADSYEQYF	MIELSLIDFY
CASSMEWDRGQPQHF	MIELSLIDFY
CASSDSPTRFGTDTQYF	MIELSLIDFY
CASSGGGDSNQPQHF	MIELSLIDFY
CASSYAAGPSNQPQHF	MIELSLIDFY
CASHAGTSGDEQYF	MIELSLIDFY
CASSWTGIREAFF	MIELSLIDFY
CASSSGAQYF	MIELSLIDFY
CASSFTWGYEQYF	MIELSLIDFY
CSATDRDEEQYF	MIELSLIDFY
CASIPPGGSIQETQYF	MIELSLIDFY
CASSSLPGLAKEDEQFF	MIELSLIDFY
CASSFIGNQETQYF	MIELSLIDFY
CASSSPRSTSTDTQYF	MIELSLIDFY
CSADRSDNEQFF	MIELSLIDFY
CSARDRLSPFSNQPQHF	MIELSLIDFY
CASRTGTGSYNEQFF	MIELSLIDFY
CATSDFLGAGLTDTQYF	MIELSLIDFY
CASSWARPQGEQYF	MIELSLIDFY
CASRGLAGGSYEQYF	MIELSLIDFY
CASSEYGSSGANVLTF	MIELSLIDFY
CASSLGNNEQFF	MIELSLIDFY
CASSLASERMDSYEQYF	MIELSLIDFY
CASSYSNGDTQYF	MIELSLIDFY
CASSQGGQLNTEAFF	MIELSLIDFY
CASISHSGLYEQYF	MIELSLIDFY
CASSLLPGSNEQFF	MIELSLIDFY
CSASLGGPPQGASTDTQYF	MIELSLIDFY
CASSPGLAPTDTQYF	MIELSLIDFY
CASSFSVGGRNTGELFF	MIELSLIDFY
CASSLTRNTEAFF	MIELSLIDFY
CASSSPGQGTSYEQYF	MIELSLIDFY
CASSLEGYANQPQHF	MIELSLIDFY
CASSLAWGNGYTF	MIELSLIDFY
CASRGLGTEAFF	MIELSLIDFY
CASSGAQLLNQGTGGLSEQYF	MIELSLIDFY
CASSEQLQFSYEQYF	MIELSLIDFY
CASGWTGNTEAFF	MIELSLIDFY
CASSLIVGDEKLFF	MIELSLIDFY
CASSLANEQYF	MIELSLIDFY
CASSSIWEGQETQYF	MIELSLIDFY
CSASTGKNIQYF	MIELSLIDFY
CASSPTRSEQFF	MIELSLIDFY
CSALAGGNYNEQFF	MIELSLIDFY
CASRLTGTSSLGDLYEQYF	MIELSLIDFY
CSAGGTSYEQYF	MIELSLIDFY
CASRGLAGKTYEQYF	MIELSLIDFY
CASSPFGANVLTF	MIELSLIDFY
CATSDLPGSTDTQYF	MIELSLIDFY
CASSSLGDSANYGYTF	MIELSLIDFY
CASRTDGYEQYF	MIELSLIDFY
CASSPVREEAYNEQFF	MIELSLIDFY
CASSLQGDKTQYF	MIELSLIDFY
CARSRPNTGELFF	MIELSLIDFY
CSGDETGAYNEQFF	MIELSLIDFY
CASSGGSGMNTEAFF	MIELSLIDFY
CASTPDTRFTDTQYF	MIELSLIDFY
CASSLVGGATNEQFF	MIELSLIDFY
CSARDLVDTEAFF	MIELSLIDFY
CSARDPTTSLHF	MIELSLIDFY
CASSIGDGGYGYTF	MIELSLIDFY
CSARGGTGVETQYF	MIELSLIDFY
CASSLELDEQYF	MIELSLIDFY
CASSQNNEQFF	MIELSLIDFY
CASSFSPSAGETQYF	MIELSLIDFY
CASSQDRTSGTYEQYF	MIELSLIDFY
CASSSGLADPYEQYF	MIELSLIDFY
CSANDGLHSTDTQYF	MIELSLIDFY
CSASLDDNEQFF	MIELSLIDFY
CSADAGGRTYNEQFF	MIELSLIDFY
CASSLYAGGVHNEQFF	MIELSLIDFY
CASSLVWGPQETQYF	MIELSLIDFY
CASSLEDVWSSSYNEQFF	MIELSLIDFY
CASGETPTYEQYF	MIELSLIDFY
CSADMTGQYNEQFF	MIELSLIDFY
RARQYGDRDTGELFF	MIELSLIDFY
CASSPLAWNEQFF	MIELSLIDFY
CASSEALLRDTF	MIELSLIDFY
CASSSQIGETQYF	MIELSLIDFY
CSACGTGGFYEQYF	MIELSLIDFY
CASQPSHPGLDFYNEQFF	MIELSLIDFY
CATGTSPKETQYF	MIELSLIDFY
CASSSRTGIVNTEAFF	MIELSLIDFY
CASSQGMVAPNTGELFF	MIELSLIDFY
CASTSAGGRQFF	MIELSLIDFY
CASSHPRDEQFF	MIELSLIDFY
CSVELDRDEQYF	MIELSLIDFY
CATRGLAGGGGSYEQYF	MIELSLIDFY
CASSPIVRGRFNTGELFF	MIELSLIDFY
CASSPLQGLVPGNEQFF	MIELSLIDFY
CASSLTGSGNEQFF	MIELSLIDFY
CSARPTTGTQLSEQYF	MIELSLIDFY
CSASYEESMNEQFF	MIELSLIDFY
CASSLPSPSSSYEQYF	MIELSLIDFY
CASSEGRGDAYEQYF	MIELSLIDFY
CASRPISGTGTNTGELFF	MIELSLIDFY
CSATEEEETQYF	MIELSLIDFY
CASRGLGTNLESYEQYF	MIELSLIDFY
CATLLGRDAAGGMNTGELFF	MIELSLIDFY
CSARDQVQGDNEQFF	MIELSLIDFY
CASSTRQLDGYTF	MIELSLIDFY
CASSLMGQGVEQYF	MIELSLIDFY
CAWSLAFPGELFF	MIELSLIDFY
CASSIPGLAGAGGDTQYF	MIELSLIDFY
CASSQESRLNTEAFF	MIELSLIDFY
CASSRDRGYEQYF	MIELSLIDFY
CASSSRQDLAEAFF	MIELSLIDFY
CASSQVSSSPEYIQYF	MIELSLIDFY
CASSFGRERTNTGELFF	MIELSLIDFY
CASSLAPPTEFNTEAFF	MIELSLIDFY
CASRAGLLNYGYTF	MIELSLIDFY
CSARGLADSYEQYF	MIELSLIDFY
CASSLAQGLSGANVLTF	MIELSLIDFY
CATSRGHMGYTF	MIELSLIDFY
CASSYYDSGGEQFF	MIELSLIDFY
CASSLGGPEAFF	MIELSLIDFY
CASSSGTAISDEQFF	MIELSLIDFY
CSAPGLAGPGDTQYF	MIELSLIDFY
CSAGPESSYNEQFF	MIELSLIDFY
CASSLGFYGYTF	MIELSLIDFY
CATIGQAGSYNEQFF	MIELSLIDFY
CASSQGQGFYGYTF	MIELSLIDFY
CASSLGDTQYF	MIELSLIDFY
CASTADLAGVSTDTQYF	MIELSLIDFY
CASSPTGLTYEQYF	MIELSLIDFY
CASSIDGRVRTEAFF	MIELSLIDFY
CSVAVDYGYTF	MIELSLIDFY
CSAEEEDWNGVNNEQFF	MIELSLIDFY
CASSPYLYYEQYF	MIELSLIDFY
CASSQDATLYYEQYF	MIELSLIDFY
CASSSTSGGAVF	MIELSLIDFY
CASSLELAGVLQETQYF	MIELSLIDFY
CSVTGTSGREVLNEQFF	MIELSLIDFY
CASSYSTGAPTYEQYF	MIELSLIDFY
CASSVGLAGVYNEQFF	MIELSLIDFY
CATSDLQGTEAFF	MIELSLIDFY
CSAYGLAGSSYEQYF	MIELSLIDFY
CSATWTSEQETQYF	MIELSLIDFY
CASSPEEGYGHEQYF	MIELSLIDFY
CASSIIYPTGNQPQHF	MIELSLIDFY
CSGLAGELIVYEQYF	MIELSLIDFY
CASSYSNGEQYF	MIELSLIDFY
CATSEGGQAETQYF	MIELSLIDFY
CSCSGEQFF	MIELSLIDFY
CARSSTPGAEGNIQYF	MIELSLIDFY
CASSYSPARNTEAFF	MIELSLIDFY
CSALTGSTEAFF	MIELSLIDFY
CSAREPGQGVF	MIELSLIDFY
CASSSTGTGFNEQFF	MIELSLIDFY
CAWRGTASYEQYF	MIELSLIDFY
CASRGETDKSPRSSYEQYF	MIELSLIDFY
CSARELKGYEQYF	MIELSLIDFY
CASSDYKQIPYEQYF	MIELSLIDFY
CATSLSGGLNYNEQFF	MIELSLIDFY
CSARWASGGDNEQFF	MIELSLIDFY
CASRGLGGDSYEQYF	MIELSLIDFY
CASNLVGGSYNEQFF	MIELSLIDFY
CSVSGERDYNEQFF	MIELSLIDFY
CASSLPRDRGTDTQYF	MIELSLIDFY
CASSTTGFEQYF	MIELSLIDFY
CASSQDAGGFANTGELFF	MIELSLIDFY
CASSETPNSGNTIYF	MIELSLIDFY
CASSLGGEKLFF	MIELSLIDFY
CASLGGSTPTGELFF	MIELSLIDFY
CASSLDQGISYNEQFF	MIELSLIDFY
CSATRQGSTYEQYF	MIELSLIDFY
CASSGSSYEQYF	MIELSLIDFY
CASSYGDNNEQFF	MIELSLIDFY
CASSQDLNVGNTIYF	MIELSLIDFY
CASSLAVGRNTEAFF	MIELSLIDFY
CSADSESSTDTQYF	MIELSLIDFY
CASSQDSTGGLTDTQYF	MIELSLIDFY
CAMGTGAYEQYF	MIELSLIDFY
CASSRAGGMDEQFF	MIELSLIDFY
CASRGYREDYEQYF	MIELSLIDFY
CSAFGGPGQGTFQYF	MIELSLIDFY
CASSPLEFRVMHGTDTQYF	MIELSLIDFY
CASSQGDRSYYGYTF	MIELSLIDFY
CAIGVPDQETQYF	MIELSLIDFY
CASSGESGSVSDTQYF	MIELSLIDFY
CAIGGGYEQYF	MIELSLIDFY
CSADTGTSSDTQYF	MIELSLIDFY
CASSFGTDYGYTF	MIELSLIDFY
CASSYTGGVDYGYTF	MIELSLIDFY
CSVYRPSNTEAFF	MIELSLIDFY
CSASLDRVGNNEQFF	MIELSLIDFY
CSADDERRYNEQFF	MIELSLIDFY
CSARDTPNYGYTF	MIELSLIDFY
CSARDSWSGDNEQYF	MIELSLIDFY
CASSPLRGRECEQYF	MIELSLIDFY
CATSPLEGGSTDTQYF	MIELSLIDFY
CASSPFGAGIGYNEQFF	MIELSLIDFY
CASSRGRVGAYNEQFF	MIELSLIDFY
CASSFRPTSLKAGANVLTF	MIELSLIDFY
CASTPSVGSGISNQPQHF	MIELSLIDFY
CASDSVAGGEQFF	MIELSLIDFY
CASSLEGLGYQPQHF	MIELSLIDFY
CASSFTGGTEAFF	MIELSLIDFY
CASSAPLVDYGYTF	MIELSLIDFY
CASSLGGDTYEQYF	MIELSLIDFY
CASSLGQGTDTQYF	MIELSLIDFY
CSARDLGLAKNIQYF	MIELSLIDFY
CASQGPAREQYF	MIELSLIDFY
CSATITSGQGLETQYF	MIELSLIDFY
CASNTDRGLYEQYF	MIELSLIDFY
CASSSHTSDNYGYTF	MIELSLIDFY
CSADSENTEAFF	MIELSLIDFY
CASSRLADSYNEQFF	MIELSLIDFY
CASSQDGAYPDGELFF	MIELSLIDFY
CSAQDRVDYGYTF	MIELSLIDFY
CASSLNGQGANTGELFF	MIELSLIDFY
CASSRLAGGDNEQFF	MIELSLIDFY
CATSSASGTSGPTDTQYF	MIELSLIDFY
CASSQDPLAGLGETQYF	MIELSLIDFY
CASSAEGRGINQPQHF	MIELSLIDFY
CSASQGSLNHF	MIELSLIDFY
CASSPGGPSEQYF	MIELSLIDFY
CSARGIKEAYEQYF	MIELSLIDFY
CASSLPGTDNYGYTF	MIELSLIDFY
CASSLLDIKPGDTQYF	MIELSLIDFY
CASSQIGQGEGYQETQYF	MIELSLIDFY
CASSSGEVSYNEQFF	MIELSLIDFY
CASSDDRLETRVNTEAFF	MIELSLIDFY
CASSYSGAEQFF	MIELSLIDFY
CASSSNPGRDEAFF	MIELSLIDFY
CSASSSTYEQYF	MIELSLIDFY
CASRGDRGETYGYTF	MIELSLIDFY
CASSRARTSPSTDTQYF	MIELSLIDFY
CASSSITQILAGGQVQFF	MIELSLIDFY
CASSTRQVAHF	MIELSLIDFY
CASSLDPRLAGVYNEQFF	MIELSLIDFY
CSASSGGRSTDTQYF	MIELSLIDFY
CSASPRDSEETQYF	MIELSLIDFY
CASSLGGTDQETQYF	MIELSLIDFY
CSAQDGNAGELFF	MIELSLIDFY
CASSQDLAVGKDQPQHF	MIELSLIDFY
CASSVLAGGDNEQFF	MIELSLIDFY
CSASFQAGHNEQFF	MIELSLIDFY
CSVGVGANTGELFF	MIELSLIDFY
CASSPAGNEQFF	MIELSLIDFY
CASSPDPTSGVSYNEQFF	MIELSLIDFY
CASSKPKDRGLGETQYF	MIELSLIDFY
CASSLTGTDTGELFF	MIELSLIDFY
CASSLWDNWEQYF	MIELSLIDFY
CASSPSPLGGETQYF	MIELSLIDFY
CSASPRDMNIQYF	MIELSLIDFY
CASSLAVSWSGGLTEAFF	MIELSLIDFY
CSARATSGRTDEQFF	MIELSLIDFY
CASSFTRGHTEAFF	MIELSLIDFY
CASSQDLAGGFYGYTF	MIELSLIDFY
CSARRGDRDRAREEQYV	MIELSLIDFY
CSARDLPGAGNEQFF	MIELSLIDFY
CASSWDRGLTQPQHF	MIELSLIDFY
CSARDLSGYEQYF	MIELSLIDFY
CSVFAGELFF	MIELSLIDFY
CASSVVLAEDTQYF	MIELSLIDFY
CSATSEPSYNEQFF	MIELSLIDFY
CASSQDPPLAGDTDTQYF	MIELSLIDFY
CSAATSATYNEQFF	MIELSLIDFY
CSASPAGAKMVEYF	MIELSLIDFY
CASSYGLAGGLETQYF	MIELSLIDFY
CSFGEGYNQPQHF	MIELSLIDFY
CASSSPSRGDTEAFF	MIELSLIDFY
CASSSPSGGINEQFF	MIELSLIDFY
CSVLSGQGASGNTIYF	MIELSLIDFY
CASSVAEWGAETQYF	MIELSLIDFY
CASSEPGQVYEQYF	MIELSLIDFY
CASRGLAGGRYEQYF	MIELSLIDFY
CASSRWMNTEAFF	MIELSLIDFY
CAWRGTNQETQYF	MIELSLIDFY
CASSDSGELFF	MIELSLIDFY
CSVGLDGSEQFF	MIELSLIDFY
CATTGPRQKDRGPTSYEQYF	MIELSLIDFY
CASSSQGYEQYF	MIELSLIDFY
CSARGYRGYEQYF	MIELSLIDFY
CASMSGTRNTGELFF	MIELSLIDFY
CASSLGVNQPQHF	MIELSLIDFY
CASSYLIASLAKQDYGYTF	MIELSLIDFY
CSARDSRGPLLGEQYF	MIELSLIDFY
CASSDPSWGSSTDTQYF	MIELSLIDFY
CASSALYTEAFF	MIELSLIDFY
CASSLMDGSSSYNEQFF	MIELSLIDFY
CASSLAGGPISYNEQFF	MIELSLIDFY
CASSVAGLVTDTQYF	MIELSLIDFY
CASSAGQEEQFF	MIELSLIDFY
CASSLEDRSGYEQYF	MIELSLIDFY
CASSQSGGKETQYF	MIELSLIDFY
CASSQDLALDPSRQFF	MIELSLIDFY
CASSAGQSYNSPLHF	MIELSLIDFY
CASSVLAGGVVDTQYF	MIELSLIDFY
CASSEWDSGSSYNEQFF	MIELSLIDFY
CAWMRTRQGYGYTF	MIELSLIDFY
CASSIYRHTEAFF	MIELSLIDFY
CASSLYSNQPQHF	MIELSLIDFY
CASRGLAGVYSSYEQYF	MIELSLIDFY
CASSYSQRAGSYEQYF	MIELSLIDFY
CASSYSLGASSVLTF	MIELSLIDFY
CSARSGQRMTRPYEQYF	MIELSLIDFY
CASSLEQAYNEQFF	MIELSLIDFY
CSVDLAAGNTEAFF	MIELSLIDFY
CASSLLAGGDNEQYF	MIELSLIDFY
CAISDPSGETTDTQYF	MIELSLIDFY
CASSYPTQTLDTEAFF	MIELSLIDFY
CASSVGTTLRDEQFF	MIELSLIDFY
CASSQETSGTYEQYF	MIELSLIDFY
CASRQEHEGGPWELFF	MIELSLIDFY
CARGLGGDTQYF	MIELSLIDFY
CASSQDLGQYYGYTF	MIELSLIDFY
CSARPLKGSEQYF	MIELSLIDFY
CASSPWVADNEQFF	MIELSLIDFY
CASRGGVFGSTDTQYF	MIELSLIDFY
CASSQIPADTQYF	MIELSLIDFY
CASSLNLGYEQYF	MIELSLIDFY
CSARGLSGTWSSYEQYF	MIELSLIDFY
CASSEDGWLGNQPQHF	MIELSLIDFY
CASSFSMTGLALHEQFF	MIELSLIDFY
CASSSRTSGGGTKQFF	MIELSLIDFY
CSARDIAGEGYEQYF	MIELSLIDFY
CASSRPGQPRGQPQHF	MIELSLIDFY
CASSPTPSRVHEQFF	MIELSLIDFY
CASSAKATGYRTYEQYF	MIELSLIDFY
CSARGWREDYYEQYF	MIELSLIDFY
CASSHLAGGGNEQFF	MIELSLIDFY
CASSLGGGRGTDTQYF	MIELSLIDFY
CSARGREGQYNEQFF	MIELSLIDFY
CASSVAGGLDTQYF	MIELSLIDFY
CASSYPGTGTYNEQFF	MIELSLIDFY
CSAADWGRDEKLFF	MIELSLIDFY
CVSRGPREWANYGYTF	MIELSLIDFY
CATSEVTSGAYNEQFF	MIELSLIDFY
CASSQVLGKEAFF	MIELSLIDFY
CASSLIQGVDTEAFF	MIELSLIDFY
CASSPDNRNNEQYF	MIELSLIDFY
CASSLLAGGLPSYNEQFF	MIELSLIDFY
CASSSPGTGSTEAFF	MIELSLIDFY
CASSVVGANEQFF	MIELSLIDFY
CASSQDPGQNYGYTF	MIELSLIDFY
CASSLVGGEAFF	MIELSLIDFY
CASRGLGQGSSYEQYF	MIELSLIDFY
CASSFWGGPEETQYF	MIELSLIDFY
CASSQGQGIYGYTF	MIELSLIDFY
CASSLAGAAEAFF	MIELSLIDFY
CASSDRVEKNTEAFF	MIELSLIDFY
CASSQEGQGVFSTEAFF	MIELSLIDFY
CASSEALSQIFEKLFF	MIELSLIDFY
CASRGLAGLYEQYF	MIELSLIDFY
CATSRGTPFNEQFF	MIELSLIDFY
CASRLGGGANVLTF	MIELSLIDFY
CASSYMSGQGELYGANVLTF	MIELSLIDFY
CASSSVGPGEQYF	MIELSLIDFY
CASSYQGEGYTF	MIELSLIDFY
CASSLVLRPADYGYTF	MIELSLIDFY
CASSSTGWDGTDTQYF	MIELSLIDFY
CASSSPGGEETQYF	MIELSLIDFY
CSASLVNDEQYF	MIELSLIDFY
CASSPQVGGGPPYNEQFF	MIELSLIDFY
CASSQDTGRNTEAFF	MIELSLIDFY
CASSPDRGYEQYF	MIELSLIDFY
CASSTRQGWTDTQYF	MIELSLIDFY
CASSQGTGDSLNQPQHF	MIELSLIDFY
CASSHLVGADTGELFF	MIELSLIDFY
CASSVSLSAVQFF	MIELSLIDFY
CSARVITGYEQYF	MIELSLIDFY
CSAEGQGDYEQYF	MIELSLIDFY
CASSPGLVKFF	MIELSLIDFY
CAWSFGNEQFF	MIELSLIDFY
CSVDVYTEAFF	MIELSLIDFY
CASSGEVGGNTIYF	MIELSLIDFY
CASSLGLAASYEQYF	MIELSLIDFY
CASSFGAGGFNEQFF	MIELSLIDFY
CASSDPGQVYEQYF	MIELSLIDFY
CSASWGSQETQYF	MIELSLIDFY
CASSLGQGRNQPQHF	MIELSLIDFY
CASSVEGISLYETQYF	MIELSLIDFY
CASSLWTANTEAFF	MIELSLIDFY
CATTHTPSSRDRNTGELFF	MIELSLIDFY
CASSPWDATGTSFETQYF	MIELSLIDFY
CSARGATRGGAGETQYF	MIELSLIDFY
CASSQDEASGVYNEQFF	MIELSLIDFY
CSATQGVNEQFF	MIELSLIDFY
CASTGQLTANLRGYTF	MIELSLIDFY
CARSGF	MIELSLIDFY
CSASVLDSGAETQYF	MIELSLIDFY
CASSYGPGNDYTF	MIELSLIDFY
CSASEEDNQETQYF	MIELSLIDFY
CASLAGNSDTQYF	MIELSLIDFY
CATSDITDRAGSYNEQFF	MIELSLIDFY
CASSSRLAGGGYEQYF	MIELSLIDFY
CASSPASNQPQHF	MIELSLIDFY
CSAALLRNEQYF	MIELSLIDFY
CATTGLAGRRSTDTQYF	MIELSLIDFY
CSATAILTGTGEQSYYGYTF	MIELSLIDFY
CASSLWSSGALDEQFF	MIELSLIDFY
CASSLVGGSGSYEQYF	MIELSLIDFY
CASRVGVETQYF	MIELSLIDFY
CASRGLAGGRYEQYF	MIELSLIDFY
CSARDPRGRGYEQYF	MIELSLIDFY
CASSQGPEAFF	MIELSLIDFY
CASSPNQGSNQPQHF	MIELSLIDFY
CATSDWITGELFF	MIELSLIDFY
CASSYGLSAETQYF	MIELSLIDFY
CASSSATGPNTGELFF	MIELSLIDFY
CASSQPHSSRSENYEQYF	MIELSLIDFY
CASSLGGVTEAFF	MIELSLIDFY
CASSFGNTEAFF	MIELSLIDFY
CASSSFPNSYQETQYF	MIELSLIDFY
CSARDLASSYEQYF	MIELSLIDFY
CASSPMRDTEAFF	MIELSLIDFY
CASSFDPNYGYTF	MIELSLIDFY
CASSLGGWAEAFF	MIELSLIDFY
CASSSVPSYEQYF	MIELSLIDFY
CSAIHPRTVNWDTQYF	MIELSLIDFY
CASRLGYEQYF	MIELSLIDFY
CASSSGTSLAKNIQYF	MIELSLIDFY
CTSSQDRASGASGTQYF	MIELSLIDFY
CASSLYSGYGYTF	MIELSLIDFY
CSVGPEGQLAFF	MIELSLIDFY
CAISDPPGDTGELFF	MIELSLIDFY
CASSLEDRGYEQYF	MIELSLIDFY
CASSPRTSTVDTQYF	MIELSLIDFY
CSARDVRLALLDTQYF	MIELSLIDFY
CSARERGSSYEQYF	MIELSLIDFY
CSASLTSDEQFF	MIELSLIDFY
CASSFYGRTGGYEQYF	MIELSLIDFY
CASSTDSPLHF	MIELSLIDFY
CSATVGLGRTYEQYF	MIELSLIDFY
CSADQQGRGYNEQFF	MIELSLIDFY
CASSGSSGQETQYF	MIELSLIDFY
CASSGTSGSGEQYF	MIELSLIDFY
CASSKRTRDGTDTQYF	MIELSLIDFY
CASSPLPGASEAFF	MIELSLIDFY
CATSRVGGEGYEQYF	MIELSLIDFY
CASWQGEETQYF	MIELSLIDFY
CSARDLVNAVAGELFF	MIELSLIDFY
CSQHTGGSSYEQFF	MIELSLIDFY
CSAGPRDRVTDTQYF	MIELSLIDFY
CASSPKIRTTGDTQYF	MIELSLIDFY
CASSEGPTNSPLHF	MIELSLIDFY
CASSRGTQYF	MIELSLIDFY
CASSLFASGGAGTDTQYF	MIELSLIDFY
CASSRTGGIQPQHF	MIELSLIDFY
CSARGDRLAGVDEQYF	MIELSLIDFY
CASSYGPGTGELFF	MIELSLIDFY
CASSFETGYEQYF	MIELSLIDFY
CSARGQSYEQYF	MIELSLIDFY
CASSLSAGSSYNEQFF	MIELSLIDFY
CASSSTGGADTQYF	MIELSLIDFY
CATSDYQFYGYTF	MIELSLIDFY
CASSLGGEQYF	MIELSLIDFY
CASSATQGFRNIQYF	MIELSLIDFY
CASSSRQGSHEQYF	MIELSLIDFY
CASSSERSRGAQYF	MIELSLIDFY
CASRTTEYEQYF	MIELSLIDFY
CATGQGLAEYNEQFF	MIELSLIDFY
CATRGLAGASSYEQYF	MIELSLIDFY
CASSLAVTGTAYNEQFF	MIELSLIDFY
CASREPTGGYEQYF	MIELSLIDFY
CASGPLGAAVGNQPQHF	MIELSLIDFY
CASSSVAGASSYNEQFF	MIELSLIDFY
CSASLLDGTDTQYF	MIELSLIDFY
CASSYGTGSSTEAFF	MIELSLIDFY
CASSPPAGAANTGELFF	MIELSLIDFY
CASSDVGVQTGELFF	MIELSLIDFY
CASSARVAAFQETQYF	MIELSLIDFY
CAISEYVPNTGELFF	MIELSLIDFY
CASSEGLIPTDTQYF	MIELSLIDFY
CSASSGTAPYEQYF	MIELSLIDFY
CASSQVDPSGATSTDTQYF	MIELSLIDFY
CASSQVDRTPDTQYF	MIELSLIDFY
CSASEAVQETQYF	MIELSLIDFY
CAWTSGRPYNEQFF	MIELSLIDFY
CSADRVGGVTQYF	MIELSLIDFY
CASSSLREASETPPGPGGNEQFF	MIELSLIDFY
CASSHLAGGLNEQFF	MIELSLIDFY
CASSPDRGYEQYF	MIELSLIDFY
CASSFFGDPEEAFF	MIELSLIDFY
CSASLAGHQGGELFF	MIELSLIDFY
CASSYVADTQYF	MIELSLIDFY
CSATPRDVSYEQYF	MIELSLIDFY
CSARDLAGHEQYF	MIELSLIDFY
CASSDTGNSYNEQFF	MIELSLIDFY
CASSFAGAGELFF	MIELSLIDFY
CASSLGSGDFYEQYF	MIELSLIDFY
CASSQVGSAPGRNYGYTF	MIELSLIDFY
CASSLLAGGNNEQFF	MIELSLIDFY
CASSEWPFQGIAYEQYF	MIELSLIDFY
CASSLGQGITEQFF	MIELSLIDFY
CSARATESSYNEQFF	MIELSLIDFY
CSVSLWTGESTEAFF	MIELSLIDFY
CSANTGTGGYEQYF	MIELSLIDFY
CASSHDRGSLNEKLFF	MIELSLIDFY
CSASRAGDLRETQYF	MIELSLIDFY
CASSLTPRGGAAQGYTF	MIELSLIDFY
CASRGMTGTGNSYEQYF	MIELSLIDFY
CASTDLETQYF	MIELSLIDFY
CATLPFRGNPYEQYF	MIELSLIDFY
CSVSGVAYEQYF	MIELSLIDFY
CASSLTGLQETQYF	MIELSLIDFY
CSATGVIAGGYQETQYF	MIELSLIDFY
CSASPGDSYEQYF	MIELSLIDFY
CASSQGLAAIQETQYF	MIELSLIDFY
CSARGLRDSYEQYF	MIELSLIDFY
CSANRLAGPRGEQETQYF	MIELSLIDFY
CASRSTSGGIDEQFF	MIELSLIDFY
CASSFFWQGSLDDGYTF	MIELSLIDFY
CASSLGGLYEQYF	MIELSLIDFY
CASSPPGFSQYGYTF	MIELSLIDFY
CAGRGTEKYEQYF	MIELSLIDFY
CASSYSPGTGSYEQYF	MIELSLIDFY
CSASGQGFGEEQYF	MIELSLIDFY
CATSDFGTDGYTF	MIELSLIDFY
CATSDPRGLAYNEQFF	MIELSLIDFY
CASRGLAGGSYEQYF	MIELSLIDFY
CASSLYGGGTYEQYF	MIELSLIDFY
CASSYLPGGYNEQFF	MIELSLIDFY
CSASDGVSYNEQFF	MIELSLIDFY
CASAGPSGGETGELFF	MIELSLIDFY
CASSYQTYNQPQHF	MIELSLIDFY
CASIYGGGGYQPQHF	MIELSLIDFY
CASTVRGESYNEQFF	MIELSLIDFY
CASSRWDEETQYF	MIELSLIDFY
CSVDGQTDAYGYTF	MIELSLIDFY
CATRGAGEDGYTF	MIELSLIDFY
CSATSVGHEQYF	MIELSLIDFY
CASSLPSGGADTGELFF	MIELSLIDFY
CASSLGQGEETQYF	MIELSLIDFY
CSASLGITDTQYF	MIELSLIDFY
CASSVSLGTEAFF	MIELSLIDFY
CSARGREGQYNEQFF	MIELSLIDFY
CASSQPGAGVGYTF	MIELSLIDFY
CASSLSGASSYNEQFF	MIELSLIDFY
CASSASLAGGRSGETQYF	MIELSLIDFY
CSASSERRYNEQFF	MIELSLIDFY
CASSLLAGGPNEQFF	MIELSLIDFY
CASSDGPLNTEAFF	MIELSLIDFY
CASSVLHDSGLSGNTIYF	MIELSLIDFY
CASRGSGYTF	MIELSLIDFY
CASSPPDTNQPQHF	MIELSLIDFY
CSADGTRINEQFF	MIELSLIDFY
CASSTQGQNTEAFF	MIELSLIDFY
CASSDPGQTSTDTQYF	MIELSLIDFY
CASSFPPHTGDRYGYTF	MIELSLIDFY
CSASMTSGGGETQYF	MIELSLIDFY
CSARDLAGAGGEQFF	MIELSLIDFY
CASSVPRQGSSGANVLTF	MIELSLIDFY
CASSFENYEQYF	MIELSLIDFY
CSASSGNTDTQYF	MIELSLIDFY
CASSYSYTDTQYF	MIELSLIDFY
CASSLSGAGGGQPQHF	MIELSLIDFY
CASSLGSPRAYPYNEQFF	MIELSLIDFY
CSARDLTSGANEQFF	MIELSLIDFY
CASSPTRTARIVQHF	MIELSLIDFY
CASSLGVTVYQETQYF	MIELSLIDFY
CSASVEGYYNEQFF	MIELSLIDFY
CASSDSRILHF	MIELSLIDFY
CATSRDRDTGELFF	MIELSLIDFY
CASSPHNWTFYEQYF	MIELSLIDFY
CASSFGDEQYF	MIELSLIDFY
CASSGLRDIDGDYGYTF	MIELSLIDFY
CASSQDLGAGNTIYF	MIELSLIDFY
CSAKGLDTYYEQYF	MIELSLIDFY
CASSVAEQFF	MIELSLIDFY
CSVAAEGYEQYF	MIELSLIDFY
CASSQTRDMGHGYTF	MIELSLIDFY
CSSVGRGPEQYF	MIELSLIDFY
CASGGVTYEQYF	MIELSLIDFY
CSASREGYEQYF	MIELSLIDFY
CASSPADRVDEQYF	MIELSLIDFY
CASSPPDRAYEQYF	MIELSLIDFY
CASRGTRVGEYSYEQYF	MIELSLIDFY
CASSMSAGLAGAYEQFF	MIELSLIDFY
CASSLGGWNEKLFF	MIELSLIDFY
CASSDRSFNEKLFF	MIELSLIDFY
CSAWDRGDEQYF	MIELSLIDFY
CASSYGQGAYEQYF	MIELSLIDFY
CATPPDRGSGNTIYF	MIELSLIDFY
CASSYPPAAEEKLFF	MIELSLIDFY
CSASTETYEQYF	MIELSLIDFY
CASGMSGQGAKDEKLFF	MIELSLIDFY
CSARDTRGWEQYF	MIELSLIDFY
CSARQGGAEAFF	MIELSLIDFY
CSVGGLDSYNEQFF	MIELSLIDFY
CSASGGLALSITHNEQFF	MIELSLIDFY
CASSRQVSEKLFF	MIELSLIDFY
CSASGSRTSGVGETQYF	MIELSLIDFY
CSASTPMLAGGPYGHNEQFF	MIELSLIDFY
CASSAGTSSYEQYF	MIELSLIDFY
CSADQGVGREPQHF	MIELSLIDFY
CASSVTLGDSGYTF	MIELSLIDFY
CASSYSLTGLPTDTQYF	MIELSLIDFY
CASSSGSSSTDTQYF	MIELSLIDFY
CSASPGGNNEQFF	MIELSLIDFY
CASSIQGISPLHF	MIELSLIDFY
CASSWASGDNEQFF	MIELSLIDFY
CSASEEGAYNEQFF	MIELSLIDFY
CSANKGFGTDTQYF	MIELSLIDFY
CASSPGSPTDTQYF	MIELSLIDFY
CASSLRGAHNSPLHF	MIELSLIDFY
CASSPPTPDRGEKTQYF	MIELSLIDFY
CASSPLIRQGNTEAFF	MIELSLIDFY
CSATREPHNEQFF	MIELSLIDFY
CASSFGTGVTYEQYF	MIELSLIDFY
CASIPEPGHYDFTGELFF	MIELSLIDFY
CASGLKREQYF	MIELSLIDFY
CGGTGDANEQFF	MIELSLIDFY
CSVAGQGIYEQYF	MIELSLIDFY
CASSLGLAGGWEQFF	MIELSLIDFY
CASGLPSSYEQYF	MIELSLIDFY
CSAREEGIRQGAPYEQYF	MIELSLIDFY
CASGTETQYF	MIELSLIDFY
CASSLEQFHEQYF	MIELSLIDFY
CSARSIRDSYEQYF	MIELSLIDFY
CSASWLSPQETQYF	MIELSLIDFY
CSATSGKETQYF	MIELSLIDFY
CASSAPAGGPGNEQFF	MIELSLIDFY
CASSQGVEYLQFF	MIELSLIDFY
CSAPSYTSGDLKYQETQYF	MIELSLIDFY
CASTLQGNYGYTF	MIELSLIDFY
CASSYGGPYNEQFF	MIELSLIDFY
CASSPIAGGQETQYF	MIELSLIDFY
CASSLVAGVSKQYF	MIELSLIDFY
CSAVLNPNTEAFF	MIELSLIDFY
CASSLLGANVLTF	MIELSLIDFY
CSVEGRGGEAETQYF	MIELSLIDFY
CASRGIFEGAYEQYF	MIELSLIDFY
CASSVEGLQETQYF	MIELSLIDFY
CSDRTILSYEQYF	MIELSLIDFY
CASSSIMAEETNEQFF	MIELSLIDFY
CASSPSGETQYF	MIELSLIDFY
CASSLVEGVVEGYTF	MIELSLIDFY
CSASNGEGHRTEAFF	MIELSLIDFY
CASSQDPGWANTGELFF	MIELSLIDFY
CASSPTGGLNYNEQFF	MIELSLIDFY
CASRGLAGYTYEQYF	MIELSLIDFY
CASIPRGSLTGELFF	MIELSLIDFY
CSASELANEQFF	MIELSLIDFY
CSVLGTRQTGELFF	MIELSLIDFY
CASSKGRGALVTEAFF	MIELSLIDFY
CSARREGTPGYEQYF	MIELSLIDFY
CASSLLAGGPNEQFF	MIELSLIDFY
CASSQVWDGHSPLHF	MIELSLIDFY
CASSHSSGTEYSSGANVLTF	MIELSLIDFY
CATSSRTDSYEQYF	MIELSLIDFY
CASSLSTLDGRGYEQYF	MIELSLIDFY
CSARETIGGRANEQFF	MIELSLIDFY
CASSIDPQGGNTIYF	MIELSLIDFY
CASSSDRAGEAFF	MIELSLIDFY
CASSEEDRGNQPQHF	MIELSLIDFY
CSGTGTGVVETQYF	MIELSLIDFY
CASSLDGLAAYNEQFF	MIELSLIDFY
CSATSGREVRETQYF	MIELSLIDFY
CASSLPGQGVYGYTF	MIELSLIDFY
CASSIAGNYNEQFF	MIELSLIDFY
CSAAGTPYTGELFF	MIELSLIDFY
CSASKEGAEADTQYF	MIELSLIDFY
CASSQVLSSSEKLFF	MIELSLIDFY
CASSGGDRGLGGGYNEQFF	MIELSLIDFY
CASSPGTGEYSNQPQHF	MIELSLIDFY
CSARGTSGAYNEQFF	MIELSLIDFY
CASSDPHTGETEAFF	MIELSLIDFY
CASSGSGNWDTEAFF	MIELSLIDFY
CASSLTGGINSPLHF	MIELSLIDFY
CASRGLAASSYEQYF	MIELSLIDFY
CASSQDLTEAFF	MIELSLIDFY
CASSQLAGGNNEQFF	MIELSLIDFY
CASSRQETITYNSPLHF	MIELSLIDFY
CSASGTRRNEQFF	MIELSLIDFY
CSVGTWRGYEQYF	MIELSLIDFY
CSADGLAGSNEQFF	MIELSLIDFY
CSAPEIGTGQGYTEAFF	MIELSLIDFY
CASSQSQSYEQYF	MIELSLIDFY
CASGFGLGDNEQFF	MIELSLIDFY
CGGGLRRNEQFF	MIELSLIDFY
CSAAGTSYEQYF	MIELSLIDFY
CASSYPQGQNTEAFF	MIELSLIDFY
CASSYSMGGDEQFF	MIELSLIDFY
CSARDREVSSYEQYF	MIELSLIDFY
CATSRDGGRGQGGELFF	MIELSLIDFY
CASSLGSQPWAGEETQYF	MIELSLIDFY
CASHVQGSNQPQHF	MIELSLIDFY
CASSLFLGYEQYF	MIELSLIDFY
CSADDSGTAYNEQFF	MIELSLIDFY
CAWSVNLGGNQPQHF	MIELSLIDFY
CASSQGALGEQPQHF	MIELSLIDFY
CASSLPDRAETQYF	MIELSLIDFY
CASPRGYEQYF	MIELSLIDFY
CASASGAGDTQYF	MIELSLIDFY
CASRAPKGQPYEQYF	MIELSLIDFY
CASSQGHDLQETQYF	MIELSLIDFY
CASSLRSLGIGRSPLHF	MIELSLIDFY
CASSFAGTEETQYF	MIELSLIDFY
CASSPGTGALEGYTF	MIELSLIDFY
CASSYSPGRQVSTYEQYF	MIELSLIDFY
CASSYSGADTQYF	MIELSLIDFY
CASSLDPTGANTGELFF	MIELSLIDFY
CASRTNLGYTF	MIELSLIDFY
CASSDPGRATEAFF	MIELSLIDFY
CASTYSTSGTSYNEQFF	MIELSLIDFY
CASSVWGPRETQYF	MIELSLIDFY
CASSLYAGDFYGYTF	MIELSLIDFY
CASSEGPGGAYEQYF	MIELSLIDFY
CASSFWGAPSTDTQYF	MIELSLIDFY
CASSQGATEAFF	MIELSLIDFY
CSASSGSSYNEQFF	MIELSLIDFY
CSASTEATEAFF	MIELSLIDFY
CASSSPQSSATNEKLFF	MIELSLIDFY
CSATDNYNEQFF	MIELSLIDFY
CSARDLGGETQYF	MIELSLIDFY
CASSYGTGMIEAFF	MIELSLIDFY
CSVEVGGGGYFNEQFF	MIELSLIDFY
CSASLPSPQETQYF	MIELSLIDFY
CASSFTRRKQYF	MIELSLIDFY
CSVALNSYEQYF	MIELSLIDFY
CASSYGLALGTDTQYF	MIELSLIDFY
CASSVREVAQETQYF	MIELSLIDFY
CASSQDGYNEQFF	MIELSLIDFY
CASSLFGVYSSYNEQFF	MIELSLIDFY
CATSVADYNEQFF	MIELSLIDFY
CASSHYQGDYYGYTF	MIELSLIDFY
CAISESMGSYGYTF	MIELSLIDFY
CASSSTGTSGSYEQYF	MIELSLIDFY
CASSIYPITRDGSYEQYF	MIELSLIDFY
CASSLAGEGGEQFF	MIELSLIDFY
CSASEETDTQYF	MIELSLIDFY
CASRGGTTYEQYF	MIELSLIDFY
CASSYTIGRNTEAFF	MIELSLIDFY
CASSLKQGGYETQYF	MIELSLIDFY
CASSHLGTFSYNEQFF	MIELSLIDFY
CSARDFPTGSYEQYF	MIELSLIDFY
CATRLAPYNEQFF	MIELSLIDFY
CASSYSSQAGYTF	MIELSLIDFY
CASSRDRGYEQYF	MIELSLIDFY
CASRVGGGNYNEQFF	MIELSLIDFY
CASSVVYPGELFF	MIELSLIDFY
CASTPSGGSNPYEQYF	MIELSLIDFY
CASSQVLSLPYDIQYF	MIELSLIDFY
CASSQDRVEAFF	MIELSLIDFY
CASSLGEQYF	MIELSLIDFY
CATDRTSGNRVFSGELFF	MIELSLIDFY
CSANEVQETQYF	MIELSLIDFY
CASSFNWVTSGAYNEQFF	MIELSLIDFY
CATSDPTDLRAPYEQYF	MIELSLIDFY
CSARGWTGTSYEQYF	MIELSLIDFY
CASSLDSGYEQYF	MIELSLIDFY
CASSQGAGYYEQYF	MIELSLIDFY
CASSQDLVGYTF	MIELSLIDFY
CASSSGQGVEKLFF	MIELSLIDFY
CASSLGFSNRGSYNEQFF	MIELSLIDFY
CASSSQGYEQYF	MIELSLIDFY
CSASSSGRAEQEQFF	MIELSLIDFY
CSATEGGWSPLHF	MIELSLIDFY
CASSLQLAGDEQYF	MIELSLIDFY
CASSTPNPYNEQFF	MIELSLIDFY
CSASGEAKETQYF	MIELSLIDFY
CSAEVMDRVGNEQFF	MIELSLIDFY
CASSPLGRLNTEAFF	MIELSLIDFY
CASSFVGGNTGELFF	MIELSLIDFY
CASSQENSRGTGELFF	MIELSLIDFY
CASSYGTGQPQHF	MIELSLIDFY
CATSDFITCRFGNTIYF	MIELSLIDFY
CSASKDTGELFF	MIELSLIDFY
CSARIGSTEAFF	MIELSLIDFY
CASSWTGNTIYF	MIELSLIDFY
CASSLRGLSEAFF	MIELSLIDFY
CASVPQRDHLTDTQYF	MIELSLIDFY
CSVDPGLAGVYEQFF	MIELSLIDFY
CASSQLAGGRNEQFF	MIELSLIDFY
CTSSRPTGVIEQYF	MIELSLIDFY
CASSVSSGYEQYF	MIELSLIDFY
CASSIRYNEQFF	MIELSLIDFY
CASSRRTGGTEAFF	MIELSLIDFY
CSADRQAQETQYF	MIELSLIDFY
CASSLGGGGANEQFF	MIELSLIDFY
CASSYTGLAGGNEQFF	MIELSLIDFY
CSAAPRDRVEQYF	MIELSLIDFY
CATSRVQAKLGEQYF	MIELSLIDFY
CSATSEGLAPPDTQYF	MIELSLIDFY
CASSLIYPGELFF	MIELSLIDFY
CASSTPSGGASDTQYF	MIELSLIDFY
CASSLGDSGANVLTF	MIELSLIDFY
CASWEGGDSYNEQFF	MIELSLIDFY
CASSGTGNEQFF	MIELSLIDFY
CASSQDFGGYEQYF	MIELSLIDFY
CSARDSDRASYEQYF	MIELSLIDFY
CSEAGKGYNEQFF	MIELSLIDFY
CASSYPMRQMLIGGELFF	MIELSLIDFY
CASSLWVYQPQHF	MIELSLIDFY
CASSEWVVAEDTQYF	MIELSLIDFY
CSATTSKETQYF	MIELSLIDFY
CSVPHRVANYGYTF	MIELSLIDFY
CSARGLETYEQYF	MIELSLIDFY
CSATMEGDEQYF	MIELSLIDFY
CASSLDRGLTEAFF	MIELSLIDFY
CASSIFGGSADTQYF	MIELSLIDFY
CASRPGGRYEQYF	MIELSLIDFY
CASSPYSNQPQHF	MIELSLIDFY
CASSPTPGQGSYEQYF	MIELSLIDFY
CSARDTTSGGPSPDTQYF	MIELSLIDFY
CASSALAGASNEQFF	MIELSLIDFY
CASFKQFF	MIELSLIDFY
CASWGGTGRAAGGEQFF	MIELSLIDFY
CSAGDSQETQYF	MIELSLIDFY
CASSLEAGYNEQFF	MIELSLIDFY
CASSQPLTSPHTDTQYF	MIELSLIDFY
CASSQEAGTGELFF	MIELSLIDFY
CSAARESSYNEQFF	MIELSLIDFY
CSAISLGGNTEAFF	MIELSLIDFY
CASSQDFRLAGYNEQFF	MIELSLIDFY
CASSLDFGGPISVLTF	MIELSLIDFY
CASSQVVGQPQHF	MIELSLIDFY
CAWTGPLGYTF	MIELSLIDFY
CSASKGGQHQETQYF	MIELSLIDFY
CASSFGTVLTGANVLTF	MIELSLIDFY
CASSVYLNTEAFF	MIELSLIDFY
CASSPPRTGYSYEQYF	MIELSLIDFY
CASSPRDRAGETQYF	MIELSLIDFY
CASSYSMGGHTEAFF	MIELSLIDFY
CSTSGQSYEQYF	MIELSLIDFY
CASSLTGTGASGANVLTF	MIELSLIDFY
CSADSGEETQYF	MIELSLIDFY
CSASLLASLGETQYF	MIELSLIDFY
CSATVSGVPQETQYF	MIELSLIDFY
CASSIQGSTDTQYF	MIELSLIDFY
CAWRYYGGISPLHF	MIELSLIDFY
CASSLELNEQFF	MIELSLIDFY
CSASGQGYEQYF	MIELSLIDFY
CASSPLMGVSGYTF	MIELSLIDFY
CASSYGTGTSYNEQFF	MIELSLIDFY
CSAVIPEENTEAFF	MIELSLIDFY
CASSSYQGGEQYF	MIELSLIDFY
CASSYTMGGGFYEQYF	MIELSLIDFY
CASSQVDEQYF	MIELSLIDFY
CASSATGGDGYTF	MIELSLIDFY
CASSEGAAPPYEQYF	MIELSLIDFY
CATSRDRTIDNEQFF	MIELSLIDFY
CASSLTGTGANTEAFF	MIELSLIDFY
CASSLGLAGDRGNLLIYNEQFF	MIELSLIDFY
CASSFTRGHTEAFF	MIELSLIDFY
CASSHWAATTSGANVLTF	MIELSLIDFY
CASSLGLGFEQYF	MIELSLIDFY
CASSYTPPGNTEAFF	MIELSLIDFY
CSASWLLLAGWGETQYF	MIELSLIDFY
CASSLGDRASSYNEQFF	MIELSLIDFY
CAIGTAAGELFF	MIELSLIDFY
CSVTAGGPRDEQFF	MIELSLIDFY
CASSPGGGTDTQYF	MIELSLIDFY
CASRITGTSESTDTQYF	MIELSLIDFY
CASSEGRVF	MIELSLIDFY
CASTLGEAFF	MIELSLIDFY
CASSWGLAGSFDEQFF	MIELSLIDFY
CASSLWPGMNTEAFF	MIELSLIDFY
CASRGRGSRVYEQYF	MIELSLIDFY
CASRQGGYEQYF	MIELSLIDFY
CASSILAGGRYEQYF	MIELSLIDFY
CASSPIAGGFENIQYF	MIELSLIDFY
CASSLGANQPQHF	MIELSLIDFY
CSIQGDLQNEQFF	MIELSLIDFY
CSASLDGNNEQFF	MIELSLIDFY
CSGGGAADTQYF	MIELSLIDFY
CASSVELAGITDTQYF	MIELSLIDFY
CSANRISYEQYF	MIELSLIDFY
CATSREIGIGRDSYNEQFF	MIELSLIDFY
CASSFGQGSYFGYTF	MIELSLIDFY
CASSLGTSSSYEQYF	MIELSLIDFY
CASSAAGLAGYKDTQYF	MIELSLIDFY
CSVYSGPLNTEAFF	MIELSLIDFY
CSVAGRPEQYF	MIELSLIDFY
CSASGQGDEQYF	MIELSLIDFY
CSVEGSSNEQFF	MIELSLIDFY
CASSLEPGRLNYGYTF	MIELSLIDFY
CASSPMGSEKLFF	MIELSLIDFY
CASSSPGLAGGRVSEQFF	MIELSLIDFY
CSASFSAAETQYF	MIELSLIDFY
CASSLWAGGLKGAEAFF	MIELSLIDFY
CASSPGTLLVETQYF	MIELSLIDFY
CSASREQETQYF	MIELSLIDFY
CASSQYNGGAHYEQYF	MIELSLIDFY
CSASSTSDEQYF	MIELSLIDFY
CASSPTPSYNEQFF	MIELSLIDFY
CASSYTPGQGAYEQYF	MIELSLIDFY
CASSLTGGLGETQYF	MIELSLIDFY
CASMVQGFGSYNEQFF	MIELSLIDFY
CASSLISGANVLTF	MIELSLIDFY
CSAQTESSYNEQFF	MIELSLIDFY
CASSLYSGSLYEQYF	MIELSLIDFY
CASSLPPPGLEFTDTQYF	MIELSLIDFY
CATSRDGVGSVSEDTQYF	MIELSLIDFY
CSGDTGMNEQFF	MIELSLIDFY
CASSYTQTNTEAFF	MIELSLIDFY
CASSLQGASYEQYF	MIELSLIDFY
CASSQLVTGKNGYTF	MIELSLIDFY
CSARDLKGTEAFF	MIELSLIDFY
CSATGGAYQETQYF	MIELSLIDFY
CASSPRPLSSYNEQFF	MIELSLIDFY
CASRGWDRAYDTYEQYF	MIELSLIDFY
CASSKAGNYNEQFF	MIELSLIDFY
CSETTSGSANEQFF	MIELSLIDFY
CASSHRGGSHADTQYF	MIELSLIDFY
CASSHYLAGNEKLFF	MIELSLIDFY
CASSLAVGSTDTQYF	MIELSLIDFY
CSATGLGYEQYF	MIELSLIDFY
CASTSDPYEQYF	MIELSLIDFY
CASSETNEQYF	MIELSLIDFY
CSVLVLGSYEQYF	MIELSLIDFY
CASSLWGPRDRDTEAFF	MIELSLIDFY
CASSSPGEEFQNEQFF	MIELSLIDFY
CASSSLAGGYNEQFF	MIELSLIDFY
CASSPEDRAWNEQFF	MIELSLIDFY
CASTAAGANTGELFF	MIELSLIDFY
CASSPPTTSGGLEQYF	MIELSLIDFY
CASSSPGRSTQETQYF	MIELSLIDFY
CASSLTGGGLVTEAFF	MIELSLIDFY
CASSLSTRANYGYTF	MIELSLIDFY
CASSQDGAGESPYEQYF	MIELSLIDFY
CSARGISDPGASYEQYF	MIELSLIDFY
CASRGLAGFTYEQYF	MIELSLIDFY
CASSQTQGRGETQYF	MIELSLIDFY
CASSQGGYEQYF	MIELSLIDFY
CATSAYITDTQYF	MIELSLIDFY
CASSLYDRGRPDTQYF	MIELSLIDFY
CSARSLADSYEQYF	MIELSLIDFY
CASSWQRAANTDTQYF	MIELSLIDFY
CASRGRGAVLSPLHF	MIELSLIDFY
CASSLAGGATNEKLFF	MIELSLIDFY
CASGPTQGGELFF	MIELSLIDFY
CASSLSTSSSYNEQFF	MIELSLIDFY
CASSVTGQGGRSEKLFF	MIELSLIDFY
CASSLVARGASGANVLTF	MIELSLIDFY
CASSPTEFNEQFF	MIELSLIDFY
CASSAARPTPYNEQFF	MIELSLIDFY
CASSPTSYSYEQYF	MIELSLIDFY
CASSPGSGTGFHEQYF	MIELSLIDFY
CASSLGGPYSYDTGELFF	MIELSLIDFY
CASSLGQGAYSNQPQHF	MIELSLIDFY
CASRIHRDRVYEQYF	MIELSLIDFY
CASRLAGKLHEQFF	MIELSLIDFY
CASAEVSGRGNEQFF	MIELSLIDFY
CASSLRDIQPQHF	MIELSLIDFY
CASSLEGLGQETQYF	MIELSLIDFY
CSASGRREGNEQFF	MIELSLIDFY
CASSPMVGSGSHEQYF	MIELSLIDFY
CASSFGNEQFF	MIELSLIDFY
CSVEVPSGYNEQFF	MIELSLIDFY
CASSETQTSGGWSFGNEQFF	MIELSLIDFY
CASSFPMGGSGELFF	MIELSLIDFY
CASSFGENLGYTF	MIELSLIDFY
CASSVAPEVDGASTDTQYF	MIELSLIDFY
CASSYYSTPALETQYF	MIELSLIDFY
CSARDPGQGDNEQFF	MIELSLIDFY
CASSFTNTEAFF	MIELSLIDFY
CSDNPGQEKAFF	MIELSLIDFY
CSADDGQGGNEQFF	MIELSLIDFY
CASSLRDRRPEVNQPQHF	MIELSLIDFY
CSASTGSNEQFF	MIELSLIDFY
CASSWGQGGLDEQFF	MIELSLIDFY
CASSLNAGRAGEQYF	MIELSLIDFY
CASSFGGGNEQYF	MIELSLIDFY
CASTKGAYGYTF	MIELSLIDFY
CASSPELASGEQFF	MIELSLIDFY
CASSDLRDRVYHEQYF	MIELSLIDFY
CASSPKGIGTRDYEQYF	MIELSLIDFY
CASSSPGQGFPGELFF	MIELSLIDFY
CASSLGGAGYEQYF	MIELSLIDFY
CASRRGSGYEQYF	MIELSLIDFY
CASSPQLVRASGETQYF	MIELSLIDFY
CASSPTPMGQAKYF	MIELSLIDFY
CASSMTGSSYNEQFF	MIELSLIDFY
CASIVTGSYNEQFF	MIELSLIDFY
CASSRNRGYEQYF	MIELSLIDFY
CASSFEMNTEAFF	MIELSLIDFY
CASSFREDTEAFF	MIELSLIDFY
CASSLTSGRVDEQFF	MIELSLIDFY
CASSYGNYYEQYF	MIELSLIDFY
CASSLSGSDSEQYF	MIELSLIDFY
CASSRDSQPQHF	MIELSLIDFY
CASSPETAEAFF	MIELSLIDFY
CASSLTGNNEQFF	MIELSLIDFY
CASRGEGLAGGDEQFF	MIELSLIDFY
CASSPGAGPLEQYF	MIELSLIDFY
CASRANTEAFF	MIELSLIDFY
CASRGEGYGTYGYTF	MIELSLIDFY
CATSDPGGGLSYNEQFF	MIELSLIDFY
CSASREARDNEQFF	MIELSLIDFY
CASSYSAEQYF	MIELSLIDFY
CASREGEQYF	MIELSLIDFY
CSATGLAGDIQETQYF	MIELSLIDFY
CASSLGLAGGWEQFF	MIELSLIDFY
CASSLFGGGVNTEAFF	MIELSLIDFY
CASSSPGQAVWQPQHF	MIELSLIDFY
CSATREPTNEQFF	MIELSLIDFY
CASSPDGAKNIQYF	MIELSLIDFY
CASRGMGLNRGAYEQYF	MIELSLIDFY
CASSLLAGGLNEQFF	MIELSLIDFY
CASSLAGVDEQFF	MIELSLIDFY
CASSLAVEAREQYF	MIELSLIDFY
CASRSAGGYTF	MIELSLIDFY
CASSLVQGSNQPQHF	MIELSLIDFY
CASSPGDVSYNSPLHF	MIELSLIDFY
CASSLSGLANTGELFF	MIELSLIDFY
CASTLGSGSVADTQYF	MIELSLIDFY
CALGSGATIPNQYF	MIELSLIDFY
CASSLYRELYNEQFF	MIELSLIDFY
CASRPFMGILHEQYF	MIELSLIDFY
CSASPGQGAFDYGYTF	MIELSLIDFY
CASSLALALGGTDTQYF	MIELSLIDFY
CASSLDILNYGYTF	MIELSLIDFY
CASSLGDEQFF	MIELSLIDFY
CSARGLQVLAKETQYF	MIELSLIDFY
CSARGLAGGSYEQYF	MIELSLIDFY
CSVPLQGTAEQYF	MIELSLIDFY
CASSFGDSYEQYF	MIELSLIDFY
CASSLGQGFQETQYF	MIELSLIDFY
CASSPGDRDPNEQFF	MIELSLIDFY
CASSEGNIQYF	MIELSLIDFY
CSVDAPNTEAFF	MIELSLIDFY
CSARGTGGEYNEQFF	MIELSLIDFY
CASSLDRGYEQYF	MIELSLIDFY
CSATDDRETQYF	MIELSLIDFY
CASRDGQASLDYTF	MIELSLIDFY
CASSSTTRVSYEQYF	MIELSLIDFY
CSASSENTEAFF	MIELSLIDFY
CASSSPGGMVDEQFF	MIELSLIDFY
CASSPWDSNTGELFF	MIELSLIDFY
CASSTDRGLETNEKLFF	MIELSLIDFY
CASRIAPPRGAYEQYF	MIELSLIDFY
CSATTGTQETQYF	MIELSLIDFY
CSAPAWSTAGGPSGTDTQYF	MIELSLIDFY
CSAREAGYEQYF	MIELSLIDFY
CAINEANTGELFF	MIELSLIDFY
CSAYGVEGQGKHQPQHF	MIELSLIDFY
CSAPGGASGIEQYF	MIELSLIDFY
CASSAGDTGDTQYF	MIELSLIDFY
CSAGGTGGNEQFF	MIELSLIDFY
CSASYPGQTFLYEQYF	MIELSLIDFY
CSAEREPSYNEQFF	MIELSLIDFY
CASSLGQGAGYGYTF	MIELSLIDFY
CASTQGSTDTQYF	MIELSLIDFY
CASSQSGLAGGTDTQYF	MIELSLIDFY
CATAGREGVVEQFF	MIELSLIDFY
CSASAGQAQETQYF	MIELSLIDFY
CSAGGETQYF	MIELSLIDFY
CATSDRDRDQPQHF	MIELSLIDFY
CSASEVGDTQYF	MIELSLIDFY
CASSLGTSGKDEQFF	MIELSLIDFY
CASSDTGTGELFF	MIELSLIDFY
CSAAGGGDTQYF	MIELSLIDFY
CSADGTSGSSDTQYF	MIELSLIDFY
CASSLLAGGPNEQFF	MIELSLIDFY
CASSSIDTEAFF	MIELSLIDFY
CASSGLGNQPQHF	MIELSLIDFY
CASSFFRGDIDTQYF	MIELSLIDFY
CASSHQVGLAGVDTQYF	MIELSLIDFY
CASSSPHEGGPDTQYF	MIELSLIDFY
CASSWGLAGSFDEQFF	MIELSLIDFY
CASSYGRGSYNEQFF	MIELSLIDFY
CASTHQGSETQYF	MIELSLIDFY
CSVVAAGTSYYEQYF	MIELSLIDFY
CASSWPRGQPSSGANVLTF	MIELSLIDFY
CASGCQLNQPQHF	MIELSLIDFY
CSAEGDSGGPGELFF	MIELSLIDFY
CASSDRDIRNSNQPQHF	MIELSLIDFY
CASSFGRAEGQPQHF	MIELSLIDFY
CSGARESNEQFF	MIELSLIDFY
CASSYWGREDYGYTF	MIELSLIDFY
CASSLSTSGYNEQFF	MIELSLIDFY
CSARVQANEQFF	MIELSLIDFY
CAGVLRTYNEQFF	MIELSLIDFY
CASSPVSEFTEAFF	MIELSLIDFY
CSADAFRNEQFF	MIELSLIDFY
CASSYLMGPVTPTSTDTQYF	MIELSLIDFY
CASSASLAPTDTQYF	MIELSLIDFY
CASSPSGSGYNEQFF	MIELSLIDFY
CASSLAGGQGVPDTQYF	MIELSLIDFY
CSASGGEETQYF	MIELSLIDFY
CASSQDRGQPQHF	MIELSLIDFY
CSARDRDGYSYEQYF	MIELSLIDFY
CASSPASVTDTQYF	MIELSLIDFY
CASSYGLAELYEQYF	MIELSLIDFY
CSARDAESYEQYF	MIELSLIDFY
CSGYGPGGNTEAFF	MIELSLIDFY
CSATGGTGLQTQYF	MIELSLIDFY
CSASLGQPQETQYF	MIELSLIDFY
CSAGFTGRGEQYF	MIELSLIDFY
CASSSDRGYEQYF	MIELSLIDFY
CASSYSITVNTEAFF	MIELSLIDFY
CASNRDTDYEQYF	MIELSLIDFY
CSATQSTDTQYF	MIELSLIDFY
CASSLVAGGGDTQYF	MIELSLIDFY
CATSRDLSLAVTQPQHF	MIELSLIDFY
CSASDESSYNEQFF	MIELSLIDFY
CASSLALAVSSYNEQFF	MIELSLIDFY
CSARRLDGHYEQYF	MIELSLIDFY
CAWRGDRTYEQYF	MIELSLIDFY
CASSIGQGNTEAFF	MIELSLIDFY
CASSQGSTGPYEQYF	MIELSLIDFY
CSASAGNTDTQYF	MIELSLIDFY
CASSIGTGYTEAFF	MIELSLIDFY
CSATFPGGGETQYF	MIELSLIDFY
CSVEPGQGTYGYTF	MIELSLIDFY
CSAGTEQETQYF	MIELSLIDFY
CASRGLAGVIYEQYF	MIELSLIDFY
CASSQDEGGTKTQYF	MIELSLIDFY
CASSQEDRVGYGYTF	MIELSLIDFY
CASSPGTSGIETQYF	MIELSLIDFY
CASSLVAPYSSYNEQFF	MIELSLIDFY
CASSWGGVNTEAFF	MIELSLIDFY
CASQGRDSYGDGYTF	MIELSLIDFY
CASSLSGAQTQYF	MIELSLIDFY
CASSFTGGYWFF	MIELSLIDFY
CASSLAEGSGGVAYEQYF	MIELSLIDFY
CASSSSGTGATEAFF	MIELSLIDFY
CSASDPQETQYF	MIELSLIDFY
CASSLGLGSGLGGDTQYF	MIELSLIDFY
CSASTPENEQFF	MIELSLIDFY
CSATPRDAQETQYF	MIELSLIDFY
CASSYTTGTAGGYEQYF	MIELSLIDFY
CASWGGTVTDTQYF	MIELSLIDFY
CASSYPSSGMNTEAFF	MIELSLIDFY
CASSEFPGDEQFF	MIELSLIDFY
CASQGSGEQYF	MIELSLIDFY
CSVHAGSGTEAFF	MIELSLIDFY
CSAEHPSGSEAYNEQFF	MIELSLIDFY
CSASGSQHQETQYF	MIELSLIDFY
CASSPTGTEQFF	MIELSLIDFY
CASSHGQGDVADTQYF	MIELSLIDFY
CASSWVTSNTDTQYF	MIELSLIDFY
CASSLLLPSNGNEQFF	MIELSLIDFY
CSATLTSAHEQYF	MIELSLIDFY
CASSSLGVDTEAFF	MIELSLIDFY
CATDDGPTTGELFF	MIELSLIDFY
CASSPCGCNF	MIELSLIDFY
CASSLSPTEQYF	MIELSLIDFY
CASSHDGVTQYF	MIELSLIDFY
CSASWLAGGWETQYF	MIELSLIDFY
CATSDLGNTEAFF	MIELSLIDFY
CASSQGYNEQFF	MIELSLIDFY
CASSDRDNTGDEQFF	MIELSLIDFY
CASSQLAGGNNEQFF	MIELSLIDFY
CASSTWGEQFF	MIELSLIDFY
CASSLAGSEAFF	MIELSLIDFY
CSVERDAGEKLFF	MIELSLIDFY
CASSLVAYEQYF	MIELSLIDFY
CASSSISGGLQETQYF	MIELSLIDFY
CASSEPGSGEFNSPLHF	MIELSLIDFY
CASSLVALQETQYF	MIELSLIDFY
CSAGGETQYF	MIELSLIDFY
CAVDLSGGTDTQYF	MIELSLIDFY
CSVNGWAGGLNEQFF	MIELSLIDFY
CASSKVPGGPGNEQFF	MIELSLIDFY
CSARDPLRRVSSYEQYF	MIELSLIDFY
CATSNLAGSTDTQYF	MIELSLIDFY
CSATTGSSYNEQFF	MIELSLIDFY
CASSIVEGIVHNEQFF	MIELSLIDFY
CASSLERQGFALNTEAFF	MIELSLIDFY
CSARDTGGSGDTQYF	MIELSLIDFY
CASIHPGTLHEQYF	MIELSLIDFY
CASSLLGASGRIANTGELFF	MIELSLIDFY
CASSLNGNTEAFF	MIELSLIDFY
CASISPGLIRETQYF	MIELSLIDFY
CASRGQGGQETQYF	MIELSLIDFY
CASSLAGESGYTF	MIELSLIDFY
CSVETPGRMAEAFF	MIELSLIDFY
CASSYSTGGSSYEQYF	MIELSLIDFY
CASSFGGADEAFF	MIELSLIDFY
CASNPTGNGGETQYF	MIELSLIDFY
CASSLNVGGGAYNEQFF	MIELSLIDFY
CASSDDGQSNYGYTF	MIELSLIDFY
CASSQSLQGAITGELFF	MIELSLIDFY
CASSYSAAAYEQYF	MIELSLIDFY
CSAGWAALQHF	MIELSLIDFY
CSVVGETGFYGYTF	MIELSLIDFY
CASGTGQGADTEAFF	MIELSLIDFY
CASRGPRDRDYNEQFF	MIELSLIDFY
CSASTIGGLAGVSRADEQFF	MIELSLIDFY
CSATLDTTEAFF	MIELSLIDFY
CASSPSGGEYEQYF	MIELSLIDFY
CASSANPVEPPEMWTGELFF	MIELSLIDFY
CASSYTGTDYGYTF	MIELSLIDFY
CSASTNTGSETQYF	MIELSLIDFY
CATSLGVTSNQPQHF	MIELSLIDFY
CSADRDKGYNEQFF	MIELSLIDFY
CASSQDPYRGSKGNTIYF	MIELSLIDFY
CASSLQGQETQYF	MIELSLIDFY
CSARLGGHHLAEAFF	MIELSLIDFY
CASSIDVWGNEQYF	MIELSLIDFY
CASSPGLAGIFF	MIELSLIDFY
CASNALSGRLGETQYF	MIELSLIDFY
CSARGAGYEQFF	MIELSLIDFY
CASSSGLAGVETQYF	MIELSLIDFY
CSASLEQSYNEQFF	MIELSLIDFY
CASSQDWMGDTEAFF	MIELSLIDFY
CASSFVPGTSGRAGELFF	MIELSLIDFY
CSASVSGNEQFF	MIELSLIDFY
CATSFGTGELFF	MIELSLIDFY
CSATQEGAMETQYF	MIELSLIDFY
CASSREGLAGNEQFF	MIELSLIDFY
CASSLAGGLDTQYF	MIELSLIDFY
CASSLIQGFDEKLFF	MIELSLIDFY
CASLGLAGIAFF	MIELSLIDFY
CASSRGIPTSHNEQFF	MIELSLIDFY
CASSPGVTGDTQYF	MIELSLIDFY
CASRGLAAALVYEQYF	MIELSLIDFY
CASSLPGPGPNTQYF	MIELSLIDFY
CASSGLAHEQFF	MIELSLIDFY
CSVGVTDENEKLFF	MIELSLIDFY
CASSAGDTQYF	MIELSLIDFY
CASSELAGGPNEQFF	MIELSLIDFY
CSAPLIGPSEQYF	MIELSLIDFY
CASSITGFTTF	MIELSLIDFY
CASSLAASSYNEQFF	MIELSLIDFY
CSVEETGGMSTGELFF	MIELSLIDFY
CASRFKPGLAATEQYF	MIELSLIDFY
CSATREESYNEQFF	MIELSLIDFY
CASSLLTLNEQFF	MIELSLIDFY
CSAKASGKTNNEQFF	MIELSLIDFY
CASSLVASSGELFF	MIELSLIDFY
CASRGLAGGHYEQYF	MIELSLIDFY
CASSSAGSSRYNEQFF	MIELSLIDFY
CASSYSNPVYGYTF	MIELSLIDFY
CASSPGSYEQYF	MIELSLIDFY
CASSAIQTSVTDTQYF	MIELSLIDFY
CSARPSGRGMNEQFF	MIELSLIDFY
CSADTSGSYNEQFF	MIELSLIDFY
CAISETPDEQYF	MIELSLIDFY
CASSGIAGGPTDTQYF	MIELSLIDFY
CASRGRLAGDQRYEQYF	MIELSLIDFY
CASSSGSPLAGELFF	MIELSLIDFY
CSATRESSYNEQFF	MIELSLIDFY
CSAIVAGGPTDTQYF	MIELSLIDFY
CASSLNRDRSTDTQYF	MIELSLIDFY
CSAGTSGAYNEQFF	MIELSLIDFY
CSARDRQTHGGSPLHF	MIELSLIDFY
CSATGPGGETQYF	MIELSLIDFY
CASSLSQDVYF	MIELSLIDFY
CSAELETSGSTSYNEQFF	MIELSLIDFY
CSARAGLAGDNEQFF	MIELSLIDFY
CSAEEFDNSPLHF	MIELSLIDFY
CSVDVTDTQYF	MIELSLIDFY
CSADGGQGYNEQFF	MIELSLIDFY
CASSLAWSSSYNEQFF	MIELSLIDFY
CASSYSGVQNFHEQYF	MIELSLIDFY
CASSLGSPQPQHF	MIELSLIDFY
CSATGRDNEQFF	MIELSLIDFY
CASQQGVFTEAFF	MIELSLIDFY
CASSTRQGANQPQHF	MIELSLIDFY
CASSPRSGHATNEKLFF	MIELSLIDFY
CASSLDPSHKQFF	MIELSLIDFY
CASSSGTSLGETQYF	MIELSLIDFY
CSADLAASTDTQYF	MIELSLIDFY
CAGSGRGYGYTF	MIELSLIDFY
CSAETGSTEAFF	MIELSLIDFY
CAMPGVAGKNEQYF	MIELSLIDFY
CGVTGGFIGSQETQYF	MIELSLIDFY
CASSYEPTGGNSPLHF	MIELSLIDFY
CASREYEQYF	MIELSLIDFY
CASSDGTNYGYTF	MIELSLIDFY
CASSEIPGTSSYNEQFF	MIELSLIDFY
CASTTWVAGVARPYEQYF	MIELSLIDFY
CASRAYEQYF	MIELSLIDFY
CSASSSGGTNEKLFF	MIELSLIDFY
CASNGDGGRTRAGELFF	MIELSLIDFY
CASRGLAGGTTYEQYF	MIELSLIDFY
CASSLYSSYNEQFF	MIELSLIDFY
CASSSPPGLARYNEQFF	MIELSLIDFY
CASSFGYNEQFF	MIELSLIDFY
CASSLAGQGGQSPQHF	MIELSLIDFY
CASSQDPGTGGYEQYF	MIELSLIDFY
CASSLLDRVTDTQYF	MIELSLIDFY
CASSGQLYNEQFF	MIELSLIDFY
CSASLVGLQETQYF	MIELSLIDFY
CASISWGGTTSTDTQYF	MIELSLIDFY
CASSQETIGDTEAFF	MIELSLIDFY
CASSPLGQVYEQYF	MIELSLIDFY
CASSLSPPTSGRTDTQYF	MIELSLIDFY
CASRPGSAGYTF	MIELSLIDFY
CASSGAGASGYTF	MIELSLIDFY
CASSESFSYEQFF	MIELSLIDFY
CASSQDPPPNEQFF	MIELSLIDFY
CASSQVVTGVRDTGELFF	MIELSLIDFY
CASSAWTGRPDTQYF	MIELSLIDFY
CASSSQPDGLVEQYF	MIELSLIDFY
CATRQLFSSSYNEQFF	MIELSLIDFY
CSALRPTENTEAFF	MIELSLIDFY
CASRLTGGFSYNEQFF	MIELSLIDFY
CSASIEGQETQYF	MIELSLIDFY
CSASTHQITDTQYF	MIELSLIDFY
CASSSLVVLGGANVLTF	MIELSLIDFY
CASSTPPGLAGENTGELFF	MIELSLIDFY
CSATTEDETQYF	MIELSLIDFY
CSVVAGDTYNEQFF	MIELSLIDFY
CASSETGTGYEQYF	MIELSLIDFY
CATSDFAETQYF	MIELSLIDFY
CASSQAGGPVYEQFF	MIELSLIDFY
CSADRNSYNEQFF	MIELSLIDFY
CSAGDRGHEQFF	MIELSLIDFY
CASSPPAGDRGPYGYTF	MIELSLIDFY
CASSSRQGARLGPGELFF	MIELSLIDFY
CASSYRFVNSYNEQFF	MIELSLIDFY
CSVTRQGASTGELFF	MIELSLIDFY
CSARDPRGLGGYTF	MIELSLIDFY
CSAEREASYNEQFF	MIELSLIDFY
CSAAWSGGGTDTQYF	MIELSLIDFY
CASSQILAYEQYF	MIELSLIDFY
CATRGPVGYTF	MIELSLIDFY
CATSDFISGGAGNEQFF	MIELSLIDFY
CASTFDREGLAAGELFF	MIELSLIDFY
CSASETSGRSETQYF	MIELSLIDFY
CASSTGYEQYF	MIELSLIDFY
CASRGQSKDGVAYEQYF	MIELSLIDFY
CSAVLETDTQYF	MIELSLIDFY
CSARDPVLAGTQAYNEQFF	MIELSLIDFY
CSASILAEETQYF	MIELSLIDFY
CASSQGGVDTQYF	MIELSLIDFY
CAIDNRDRTHF	MIELSLIDFY
CASSDEIFRSGTGNTIYF	MIELSLIDFY
CSAVSLPQGGNTEAFF	MIELSLIDFY
CSVGAGPREQYF	MIELSLIDFY
CASSLMYRGLEETDTQYF	MIELSLIDFY
CASSLDSGGPSYNEQFF	MIELSLIDFY
CASSQVEPSDTIYF	MIELSLIDFY
CASSWAAASYEQYF	MIELSLIDFY
CSAISGTSVRAEGEQFF	MIELSLIDFY
CSVAGLEAFF	MIELSLIDFY
CATSPYGGQWLTDEAFF	MIELSLIDFY
CASTAGGLRETQYF	MIELSLIDFY
CSASGENNEQFF	MIELSLIDFY
CASSVGTHVVETQYF	MIELSLIDFY
CSARRDRRGNEQFF	MIELSLIDFY
CASSSQGLVVNEQFF	MIELSLIDFY
CSATGPHNEQFF	MIELSLIDFY
CASSYGRGGTDTQYF	MIELSLIDFY
CSANRAEYEQFF	MIELSLIDFY
CASSPYSGNWDEQYF	MIELSLIDFY
RASSLIPLAGESYNEQFF	MIELSLIDFY
CSARDLMTGVEAFF	MIELSLIDFY
CASRNPKSITYEQYF	MIELSLIDFY
CSADTLAANNEQFF	MIELSLIDFY
CASSARGRSDQPQHF	MIELSLIDFY
CASSPTDGGYEQYF	MIELSLIDFY
CASRNYGGGAVTGELFF	MIELSLIDFY
CASSNRDNEQFF	MIELSLIDFY
CSATQGAGETQYF	MIELSLIDFY
CSARDRVIQETQYF	MIELSLIDFY
CATSSLAGYTDTQYF	MIELSLIDFY
CSARGPGSGRDSISGANVLTF	MIELSLIDFY
CASSGPVALPRNEQYF	MIELSLIDFY
CSASWAHNQETQYF	MIELSLIDFY
CSARDYLGLAGTDTQYF	MIELSLIDFY
CASSLGAIRFF	MIELSLIDFY
CASSQDVDQPQHF	MIELSLIDFY
CASSRQGNQPQHF	MIELSLIDFY
CASSLVQGITGELFF	MIELSLIDFY
CASSQGGFSSYEQYF	MIELSLIDFY
CASSEVSGQAMSQYF	MIELSLIDFY
CASSPSLGDTEAFF	MIELSLIDFY
CASSSGLADYEQYF	MIELSLIDFY
CASSYGTGIYEQYF	MIELSLIDFY
CSADDRGEGTQYF	MIELSLIDFY
CSARTAKEIYEQYF	MIELSLIDFY
CSASEESSYNEQFF	MIELSLIDFY
CASSPGHEQYF	MIELSLIDFY
CASEGDYTDTQYF	MIELSLIDFY
CASSPLQSNTEAFF	MIELSLIDFY
CATSQAGGAWGEQFF	MIELSLIDFY
CASSIDITYEQYF	MIELSLIDFY
CASTLTPMGAGELFF	MIELSLIDFY
CASSLMGPEQYF	MIELSLIDFY
CASSYSTGQGFNEQFF	MIELSLIDFY
CASSQLAGGNNEQFF	MIELSLIDFY
CSANGLAGGKYEQYF	MIELSLIDFY
CASSEGTGGNQPQHF	MIELSLIDFY
CASSQQEDNSPLHF	MIELSLIDFY
CSASRAGEETQYF	MIELSLIDFY
CASSLLGPGDEQYF	MIELSLIDFY
CSADTSGATYNEQFF	MIELSLIDFY
CASSLYLADTQYF	MIELSLIDFY
CSASSESSYNEQFF	MIELSLIDFY
CSARDLGQGAMGANVLTF	MIELSLIDFY
CASQQGFLGYTF	MIELSLIDFY
CSAEGLAKLTYEQYV	MIELSLIDFY
CASSLFSSGLGETQYF	MIELSLIDFY
CASSKIDRGQEESETQYF	MIELSLIDFY
CASSLGQNSPLHF	MIELSLIDFY
CSADRPGKHNEQFF	MIELSLIDFY
CSAPIGTEAFF	MIELSLIDFY
CSVEGTGRDTQYF	MIELSLIDFY
CASSLSQNFDLETQYF	MIELSLIDFY
CSARDLLASYEQYF	MIELSLIDFY
CASKGQGRVHQETQYF	MIELSLIDFY
CASSHYEQYF	MIELSLIDFY
CATSSLSAGSTDTQYF	MIELSLIDFY
CASSLPGSEAFF	MIELSLIDFY
CASSLRQGATEQFF	MIELSLIDFY
CASSLNGADTQYF	MIELSLIDFY
CASSLAPSGTEAFF	MIELSLIDFY
CASSPQGAEQYF	MIELSLIDFY
CASSLPGRQETQYF	MIELSLIDFY
CATSRALAGEGEQYF	MIELSLIDFY
CASSLNPNEQFF	MIELSLIDFY
CASSTRGQGAIDEKLFF	MIELSLIDFY
CASSLTLQGWNSEAFF	MIELSLIDFY
CSARDDRGWEAFF	MIELSLIDFY
CATSGGQEYTDTQYF	MIELSLIDFY
CASRRGALGEQYF	MIELSLIDFY
CASSIYEGTYEQYF	MIELSLIDFY
CATSRGSEFNF	MIELSLIDFY
CASSLRLAGDYNEQFF	MIELSLIDFY
CASSQLAGGYNEQFF	MIELSLIDFY
CSARGGTAIYEQYF	MIELSLIDFY
CANAPSTDTQYF	MIELSLIDFY
CASSITGGTEAFF	MIELSLIDFY
CASTVGTSISYNEQFF	MIELSLIDFY
CASSRGQGNAEAFF	MIELSLIDFY
CASVYQGQGSSYNEQFF	MIELSLIDFY
CASSLTGLMNTEAFF	MIELSLIDFY
CSASTSGRSSYEQYF	MIELSLIDFY
CATSDLGPKTGSLLSYEQYF	MIELSLIDFY
CSVLVPDFNEAFF	MIELSLIDFY
CSVVYTGELFF	MIELSLIDFY
CASSYSFSGANVLTF	MIELSLIDFY
CASSPPLGRETQYF	MIELSLIDFY
CSVGQEGYEQYF	MIELSLIDFY
CASSPPGKLGEKLFF	MIELSLIDFY
CASSQDGKGTYEQYF	MIELSLIDFY
CARGSNTEAFF	MIELSLIDFY
CSARGTSGRGLAGELFF	MIELSLIDFY
CASSYGLSGTSGIEQFF	MIELSLIDFY
CSAFPGVNTGELFF	MIELSLIDFY
CSAAEETDTQYF	MIELSLIDFY
CAISESPGGAGELFF	MIELSLIDFY
CASEVEQFF	MIELSLIDFY
CASSVSGLTNEKLFF	MIELSLIDFY
CASSFSPLGNTGELFF	MIELSLIDFY
CASSQETGNGYTF	MIELSLIDFY
CASGKSGTGGQETQYF	MIELSLIDFY
CAISEEPYEQYF	MIELSLIDFY
CASSVGGHENSPLHF	MIELSLIDFY
CASKGQQSSYEQYF	MIELSLIDFY
CASSSLVERGLDTEAFF	MIELSLIDFY
