CDR3	AA
CASSHDEVLPGETQYF	ITLKKRWQL
CASSLDRRDEQFF	ITLKKRWQL
CSAETTRVPDTQYF	ITLKKRWQL
CASNVRDSYEQYF	ITLKKRWQL
CASSDTGGVDEQYF	ITLKKRWQL
CASSLVGLRASYEQYF	ITLKKRWQL
CASSFGEEQFF	ITLKKRWQL
CASSQGILSSYEQYF	ITLKKRWQL
CASSYRQIDEQYF	ITLKKRWQL
CASSREAYRVEGTEAFF	ITLKKRWQL
CASSPPRDTQYF	ITLKKRWQL
CASSFPGPTDTQYF	ITLKKRWQL
CASSLGLAGGGPDTQYF	ITLKKRWQL
CASSQESGISYEQYF	ITLKKRWQL
CAIDDSGANVLTF	ITLKKRWQL
CASGSGGAVTDTQYF	ITLKKRWQL
CASSLEMTGGASLTDTQYF	ITLKKRWQL
CASSYSELAGGGEQFF	ITLKKRWQL
CASTSPYPGELFF	ITLKKRWQL
CASSEVGLGAGEETQYF	ITLKKRWQL
CSASFNLGARFREQFF	ITLKKRWQL
