CDR3	AA
CASAQWASGRAVNEQFF	DLPIGINITR
CSAASSSFYEQYF	DLPIGINITR
CASSFTPGRLNSPLHF	DLPIGINITR
CGMRQEGGSGNTIYF	DLPIGINITR
CASKTGDGLAGGYEQYF	DLPIGINITR
CASSLGSFTEAFF	DLPIGINITR
CASSISSGSYNEQFF	DLPIGINITR
CASSTTDLNTEAFF	DLPIGINITR
CASSLPEGGTEAFF	DLPIGINITR
CASSQVFVPGKPEAFF	DLPIGINITR
CASSEAAGVNEQFF	DLPIGINITR
CASSAGASSYEQYF	DLPIGINITR
CASSLPFPLGYNEQFF	DLPIGINITR
CASSYTATTYSNQPQHF	DLPIGINITR
CASSPLGPQETQYF	DLPIGINITR
CSAEREGLYNEQFF	DLPIGINITR
CASSSSVTDTQYF	DLPIGINITR
CASIPTSSYNEQFF	DLPIGINITR
CASSPRDGYYNEQFF	DLPIGINITR
CASSFYRGEGSPLHF	DLPIGINITR
CASSLGDYNEQFF	DLPIGINITR
CASRLELESNQPQHF	DLPIGINITR
CASSLVPGMNTEAFF	DLPIGINITR
