CDR3	AA
CASSLGAAWTEAFF	LTDEMIAQY
CASSLGPGQGANTGELFF	LTDEMIAQY
CASSSTAGGRADTQYF	LTDEMIAQY
CASSFSTGQGIYEQYF	LTDEMIAQY
CSARDSAGVDEQFF	LTDEMIAQY
CASSQAPGQGNYGYTF	LTDEMIAQY
CASSPTGLAVNNEQFF	LTDEMIAQY
CSARGTPTYNEQFF	LTDEMIAQY
CASSQTAGANEQFF	LTDEMIAQY
CASSPLTSGTTYEQYF	LTDEMIAQY
CASSDRGVYEQYF	LTDEMIAQY
CASSLAVGTGVYEQYF	LTDEMIAQY
CATSRALGTGLYEQYF	LTDEMIAQY
CSARDPFGADTQYF	LTDEMIAQY
CASSLARGGTNYGYTF	LTDEMIAQY
CASSYGREYREQFF	LTDEMIAQY
CASSQGQGTYEQYV	LTDEMIAQY
CSARDRLIGGLEYF	LTDEMIAQY
CASSQGTGNYYGYTF	LTDEMIAQY
CVFSNQPQHF	LTDEMIAQY
CASSQWTDTGELFF	LTDEMIAQY
CASSPGQGSYEQYF	LTDEMIAQY
CASSPRTVHSYNEQFF	LTDEMIAQY
CASSVSGGSSYNEQFF	LTDEMIAQY
CASSLTPRQNYGYTF	LTDEMIAQY
CASSQGGTSYEQYF	LTDEMIAQY
CASRDSTYNEQFF	LTDEMIAQY
CASRGASGANEQFF	LTDEMIAQY
CASSFTTAGAPYEQYF	LTDEMIAQY
CASSSSLLRDAYEQYF	LTDEMIAQY
CASRQGAYNEQFF	LTDEMIAQY
CSARDPGAGELFF	LTDEMIAQY
CASSIRDRGSDQPQHF	LTDEMIAQY
CASSLAVGTGVYEQYV	LTDEMIAQY
CASSQSSTGTGFYGYTF	LTDEMIAQY
CASSARDRGAYEQYF	LTDEMIAQY
CASSWGLGYEQYF	LTDEMIAQY
CASRPGSGRYEQYF	LTDEMIAQY
CASSPLLKVYEQYF	LTDEMIAQY
CASSAATGTGIYEQYF	LTDEMIAQY
CASSEGQPNQPQHF	LTDEMIAQY
CATGTYSYEQYF	LTDEMIAQY
CSARDSYSNYGYTF	LTDEMIAQY
CASSPRGQEYLGYTF	LTDEMIAQY
CASSGGLGTGVYEQYF	LTDEMIAQY
CASRRGGRSSPLHF	LTDEMIAQY
CASSPKRRAGPYNEQFF	LTDEMIAQY
CATSSSSSPDTQYF	LTDEMIAQY
CASSAWDGGTSGRTQYF	LTDEMIAQY
CASSWGANTGELFF	LTDEMIAQY
CASRRGQVTGELFF	LTDEMIAQY
CASSWGLGYEQYF	LTDEMIAQY
CASSLGRGGYEQYF	LTDEMIAQY
CASSLPPSGGAGEQFF	LTDEMIAQY
CASSSNDRNTGELFF	LTDEMIAQY
CASSQSASYNEQFF	LTDEMIAQY
CASSWGTGGYEQYF	LTDEMIAQY
CASSQPGQGDYGYTF	LTDEMIAQY
CASSSGTGVGDYEQYF	LTDEMIAQY
CASSRLGLEPGELFF	LTDEMIAQY
CASRREGRQPWGTEAFF	LTDEMIAQY
CATSSGTGTGFYEQYF	LTDEMIAQY
CAISESKREPYNEQFF	LTDEMIAQY
CSARDPLGINNSPLHF	LTDEMIAQY
CASSDYSYEQYF	LTDEMIAQY
RASRSPDRVRGPDTQYF	LTDEMIAQY
CASSESGLPYNEQFF	LTDEMIAQY
CASSLSAGNTIYF	LTDEMIAQY
CASSLPHEQFF	LTDEMIAQY
CASSYSSRLEAYNEQFF	LTDEMIAQY
CASSHQGGGSYNEQFF	LTDEMIAQY
CASSQVGTGAYGYTF	LTDEMIAQY
CSARDQFRSDIQYF	LTDEMIAQY
CSARGEYRQETQYF	LTDEMIAQY
CASSETGNTEAFF	LTDEMIAQY
CASAFGTGAHTGELFF	LTDEMIAQY
CASSLDRLGYTF	LTDEMIAQY
CSARDPYRQETQYF	LTDEMIAQY
CASSWFRDITLPHTQYF	LTDEMIAQY
CASGLGSEQYF	LTDEMIAQY
CASSWGQYTGELFF	LTDEMIAQY
CATSSAIGLGTYEQYF	LTDEMIAQY
CASSQGLAGVVEQYF	LTDEMIAQY
CASSSSNQMKQPQHF	LTDEMIAQY
CASSLGLAGEYNTGELFF	LTDEMIAQY
CSARDWARQETQYF	LTDEMIAQY
CASSLAVGQGIYEQYF	LTDEMIAQY
CSARGPWGNEQFF	LTDEMIAQY
CASSAAGRGLGYEQYF	LTDEMIAQY
CASRSPGANVLTF	LTDEMIAQY
CSARDIWRKETQYF	LTDEMIAQY
CASRGGGFGGELFF	LTDEMIAQY
CASSLSIGTGIYEQYF	LTDEMIAQY
CASSQGSPRSSYNEQFF	LTDEMIAQY
CSARGPRGGEQYF	LTDEMIAQY
CASSLTGLHEQYF	LTDEMIAQY
CASRGGTGTGIYEQYF	LTDEMIAQY
CASSPETGGYEQYF	LTDEMIAQY
CASSSTSGGPPDNEQFF	LTDEMIAQY
CASSLLLAEQFF	LTDEMIAQY
CASRTPYGAYEQYF	LTDEMIAQY
CASSFTTGAGANVLTF	LTDEMIAQY
CASSPNWGTHPYEQYF	LTDEMIAQY
CSARGPLAGELFF	LTDEMIAQY
CASSLAPEGGYYGYTF	LTDEMIAQY
CSARDPRGEAKLFF	LTDEMIAQY
CASSSAIGTGIYEQYF	LTDEMIAQY
CATSRALGTGTYEQYF	LTDEMIAQY
CASSSSAAAYEQYF	LTDEMIAQY
CSARDPYRAETQYF	LTDEMIAQY
CASSLAYMDSNQPQHF	LTDEMIAQY
CATSVSKGTGVYEQYF	LTDEMIAQY
CASSSQGGNTEAFF	LTDEMIAQY
CASSGKGGAYNEQFF	LTDEMIAQY
CASSLPPGVEQFF	LTDEMIAQY
CASSLGGQGLGLYEQYF	LTDEMIAQY
CASTSGVYPHKSLNYGYTF	LTDEMIAQY
CASRLTSYNEQFF	LTDEMIAQY
CASSRDLYEQYF	LTDEMIAQY
CSARGPIAGELFF	LTDEMIAQY
CASSTTGTGITGELFF	LTDEMIAQY
CASSLTSGRADTQYF	LTDEMIAQY
CATSRGVGTGLYEQYF	LTDEMIAQY
CASSQSNQGLGNYGYTF	LTDEMIAQY
CSARDPSGGPRYF	LTDEMIAQY
CASSLGVGIGIYEQYF	LTDEMIAQY
CASSQDGGYEQYF	LTDEMIAQY
CASSLAAGQGLYEQYF	LTDEMIAQY
CASSWGIGTGVYEQYF	LTDEMIAQY
CASSQGSGHSNQPQHF	LTDEMIAQY
CSARDPFGTQPLHF	LTDEMIAQY
CASSQGRREYYGYTF	LTDEMIAQY
CASRAPSGSIEQFF	LTDEMIAQY
CASSWGTGYEQYF	LTDEMIAQY
CASSSRETQYF	LTDEMIAQY
CASSLILLGDTQYF	LTDEMIAQY
CASSSSASYNEQFF	LTDEMIAQY
CASSQTPTETSYEQYF	LTDEMIAQY
CASRPAVGTNEQYF	LTDEMIAQY
CASSVGQGAYEQYF	LTDEMIAQY
CSAWTRVNQPQHF	LTDEMIAQY
CAGWSSGGPETQYF	LTDEMIAQY
CASSLGGLEYSYGYTF	LTDEMIAQY
CASSLALGTGIYEQFF	LTDEMIAQY
CASSPGTSEQYF	LTDEMIAQY
CASSLGGAYNEQFF	LTDEMIAQY
CASRGPSGAWEQYF	LTDEMIAQY
CASSPSRQGEIMTEAFF	LTDEMIAQY
CSARDPYGSANSPLHF	LTDEMIAQY
CASRPVTGSYEQYF	LTDEMIAQY
CASSRSLGPDTQYF	LTDEMIAQY
CASSQGSRINYGYTF	LTDEMIAQY
CASSLSVGTGIYEQYF	LTDEMIAQY
CASSFIRGVQNIQYF	LTDEMIAQY
CASSLSVGTGIYEQYF	LTDEMIAQY
CASSWGVGAEAFF	LTDEMIAQY
CASTKSGQGVYGYTF	LTDEMIAQY
CASSQPWAVPEAFF	LTDEMIAQY
CSARGAIAGELFF	LTDEMIAQY
CASSLHATGTGYEQYF	LTDEMIAQY
CSARDPTGGPQHF	LTDEMIAQY
CASSVSVGTGNYGYTF	LTDEMIAQY
CASSPRDASSYNEQFF	LTDEMIAQY
CASSRDITNTGELFF	LTDEMIAQY
CASSQSTGVWYEQYF	LTDEMIAQY
CASSRLAGGYEQYF	LTDEMIAQY
CSARDRYTSGREFF	LTDEMIAQY
CASSLGGRSQETQYF	LTDEMIAQY
CASSWGVGYEQYF	LTDEMIAQY
CASSLALNRGEQFF	LTDEMIAQY
CASSLSLGTGSYEQYV	LTDEMIAQY
CASRRQGISSPLHF	LTDEMIAQY
CASSRPGQGVYEQYF	LTDEMIAQY
CASSPPVGDRGLPSYNEQFF	LTDEMIAQY
CASFKSYRATEAFF	LTDEMIAQY
CASKRGGGDQPQHF	LTDEMIAQY
CASSSTQRIGEQYF	LTDEMIAQY
CASSPSWGEQYF	LTDEMIAQY
CASRKSSGETQYF	LTDEMIAQY
CASTPGTTHTDTQYF	LTDEMIAQY
CASSPRSSSSYNEQFF	LTDEMIAQY
CASSFGLGGYEQYF	LTDEMIAQY
CASSRGELAGAPSYNEQFF	LTDEMIAQY
CASSWGLGYEQYF	LTDEMIAQY
CASSFSASKLQETQYF	LTDEMIAQY
CASSVRGTGELFF	LTDEMIAQY
CASSLKGQGAVYEQYF	LTDEMIAQY
CASRRPTGDNEQFF	LTDEMIAQY
CSVPSSIRGREQFF	LTDEMIAQY
CASRSETGAYEQYF	LTDEMIAQY
CASSTSARQFLYGYTF	LTDEMIAQY
CASSFGLDYEQYF	LTDEMIAQY
CASRSGQSSYEQYF	LTDEMIAQY
CASSNGTGGIETQYF	LTDEMIAQY
CASSPRGSSPLHF	LTDEMIAQY
CASSQPGQGDYGYTF	LTDEMIAQY
CASSQATGPLVNEQFF	LTDEMIAQY
CASSWGVGYEQYF	LTDEMIAQY
CASSLGVGTGIYEQFF	LTDEMIAQY
CASRGTGGRANEKLFF	LTDEMIAQY
CASSKTGPRSGYNEQFF	LTDEMIAQY
CATSESTNEQFF	LTDEMIAQY
CASTKSSYNEQFF	LTDEMIAQY
CASSLSVGQGTYEQYF	LTDEMIAQY
CASSERRVTYEQYF	LTDEMIAQY
CASRSSSGLGSYEQYF	LTDEMIAQY
CASSLATGTGIYEQYF	LTDEMIAQY
CSARSSLRVDEQFF	LTDEMIAQY
CSARGRRPEEERYEQYF	LTDEMIAQY
CASSLGWGQGPYEQYF	LTDEMIAQY
CSARGTVSGEQYF	LTDEMIAQY
CASSQGQGSGSYEQYF	LTDEMIAQY
CASSLTETPYEQYF	LTDEMIAQY
CASSWGVSYEQYF	LTDEMIAQY
CASSQERYEQYF	LTDEMIAQY
CASSRLGTRGYNEQFF	LTDEMIAQY
CASSQVGAPGFYEQYF	LTDEMIAQY
CASSPAAGNTEAFF	LTDEMIAQY
CASSPGQGAYEQYF	LTDEMIAQY
CASSHLGQGQRGSEQYF	LTDEMIAQY
CASFHSSGGVNTGELFF	LTDEMIAQY
CASSLSGSGAETQYF	LTDEMIAQY
CASSQARGSSYNEQFF	LTDEMIAQY
CASSLSTGTGYYEQYF	LTDEMIAQY
CASSYGRETNEQFF	LTDEMIAQY
CASSLAVGSGYYEQYF	LTDEMIAQY
CASSFFGTSGNNEQFF	LTDEMIAQY
CATSRAKGIGAYEQYF	LTDEMIAQY
CSARDILAKNIQYF	LTDEMIAQY
CASSQVGTGIYPLHF	LTDEMIAQY
CASSQGSYNEQFF	LTDEMIAQY
CASSLASGGPWDEQFF	LTDEMIAQY
CSARDPIGNDRDNSPLHF	LTDEMIAQY
CASSLGVGQGVYEQYF	LTDEMIAQY
CASSLGAGTGIYEQYF	LTDEMIAQY
CATSKGRGTGVYEQYF	LTDEMIAQY
CASSLGGYNEQFF	LTDEMIAQY
CASSDRNRYGYTF	LTDEMIAQY
CASSPDSYEQYF	LTDEMIAQY
CASSQDAGGSYNEQFF	LTDEMIAQY
CASSARQGNANYGYTF	LTDEMIAQY
CASSKTGTGVYEQYF	LTDEMIAQY
CASRNSSEETQYF	LTDEMIAQY
CASSLLRITYEQYF	LTDEMIAQY
CASSLITDTQYF	LTDEMIAQY
CASTKTGTGIYGYTF	LTDEMIAQY
CSARDIFNQPQHF	LTDEMIAQY
CASRRAGRTSADTQYF	LTDEMIAQY
CASSLGVGLGAYEQYF	LTDEMIAQY
CASSLADLSYGYTF	LTDEMIAQY
CASSQVGTGVYEQYF	LTDEMIAQY
CASSLAVGTGYYEQYF	LTDEMIAQY
CASSQGVGQGTYEQYF	LTDEMIAQY
CASSQGAGSSYNEQFF	LTDEMIAQY
CASRSGYNYGYTF	LTDEMIAQY
CASSWSTGTGYYEQYF	LTDEMIAQY
CASSLAQGSDTEAFF	LTDEMIAQY
CASSPRTSGLYEQYF	LTDEMIAQY
CASSSNRPSGPGRPQHF	LTDEMIAQY
CSARDALKSDTQYF	LTDEMIAQY
CASSKVAGGGNTEAFF	LTDEMIAQY
CASSQAPGTGTYEQYF	LTDEMIAQY
CASSSGVGTGVYEQYF	LTDEMIAQY
CASSLASTPNEQFF	LTDEMIAQY
CASSLSGANVLTF	LTDEMIAQY
CASSLGLAGSSYEQYF	LTDEMIAQY
CASSRDSKTDTQYF	LTDEMIAQY
CASSLVIQGAVDTQYF	LTDEMIAQY
CASSGPGPYGYNEQFF	LTDEMIAQY
CASSQYEGSSYNEQFF	LTDEMIAQY
CASSKGPSSYNEQFF	LTDEMIAQY
CATRTSGRINEQFF	LTDEMIAQY
CAISGRQGSNQPQHF	LTDEMIAQY
CASSQPGTGTYEQYF	LTDEMIAQY
CASSPSSGVIEQYF	LTDEMIAQY
CASREPQGEDTQYF	LTDEMIAQY
CASSYGRNQPQHF	LTDEMIAQY
CASSWGVGYEQYF	LTDEMIAQY
CATSGGKGQGGYEQYF	LTDEMIAQY
CASSLTEASYEQYF	LTDEMIAQY
CASSLAVGTGVYIQYF	LTDEMIAQY
CASSLAATSGGARETQYF	LTDEMIAQY
CASSKGASTDTQYF	LTDEMIAQY
CASRGYHEQFF	LTDEMIAQY
CASSLSQSSYEQYF	LTDEMIAQY
CASSKGGQGSTGELFF	LTDEMIAQY
CASSQTGPQPQHF	LTDEMIAQY
CASSWGTGGYEQYF	LTDEMIAQY
CASTKAAYNEQFF	LTDEMIAQY
CSARGPYTGELFF	LTDEMIAQY
CASSLGTGTGVYEQYF	LTDEMIAQY
CASTQHSSYNEQFF	LTDEMIAQY
CSAMDPAPYEQYF	LTDEMIAQY
CASGLGSEQYF	LTDEMIAQY
CASSYRGPEAFF	LTDEMIAQY
CASTSSASYNEQFF	LTDEMIAQY
CSARDSLVTDTQYF	LTDEMIAQY
CASSLAGGSNSYEQYF	LTDEMIAQY
CASSEPGRQETQYF	LTDEMIAQY
CASSRGGGETQYF	LTDEMIAQY
CASSQGSGTGVYEQYF	LTDEMIAQY
CASSYSTQGSGRKGDTQYF	LTDEMIAQY
CASSYGLAANVPNNEQFF	LTDEMIAQY
CASSPQAGEYNEQFF	LTDEMIAQY
CASTAGVAYNEQFF	LTDEMIAQY
CASSVGASLYNEQFF	LTDEMIAQY
CASRQAGYTGELFF	LTDEMIAQY
CASSRTSGRQTGELFF	LTDEMIAQY
CSARDPLGNEQFF	LTDEMIAQY
CASSPSLMELQETQYF	LTDEMIAQY
CASSQGVGTGLYEQYF	LTDEMIAQY
CSARDPKRGNGELFF	LTDEMIAQY
CASSLALGTGVYEQYF	LTDEMIAQY
CASSLSVGTGLYEQYF	LTDEMIAQY
CASSRSGTEYNYGYTF	LTDEMIAQY
CSARNRVGNEQFF	LTDEMIAQY
CASSLGRSLNYGYTF	LTDEMIAQY
CASYTGAVPDEQFF	LTDEMIAQY
CSARDPMGINIQYF	LTDEMIAQY
CSAREWGGGYTF	LTDEMIAQY
CASGRDRTYEQYF	LTDEMIAQY
CSARDVRASTQYF	LTDEMIAQY
CASSQRTTGAHTEAFF	LTDEMIAQY
CASSPDRGPDTQYF	LTDEMIAQY
CASSQAVTGAHYGYTF	LTDEMIAQY
CASSQDLKGTSGRTEAFF	LTDEMIAQY
CASSKGIMTNTEAFF	LTDEMIAQY
CASSLATGVGSYEQYF	LTDEMIAQY
CASSKTGTGIYEQYF	LTDEMIAQY
CASRTSGVGEQYF	LTDEMIAQY
CASSQAQWGMGTYEQYF	LTDEMIAQY
CASGKVGTGVYEQYF	LTDEMIAQY
CASSKLGGNQPQHF	LTDEMIAQY
CASSFGQGYEQYF	LTDEMIAQY
CASSSPERSYEQYF	LTDEMIAQY
CASSQGIGMGIYEQYF	LTDEMIAQY
CASSLSTSGIGSYEQYF	LTDEMIAQY
CASSSGVGTGIYEQYF	LTDEMIAQY
CASSPLRQGLPWPQHF	LTDEMIAQY
CASRVGFGTGVYEQYF	LTDEMIAQY
CSARGARGYEQYF	LTDEMIAQY
CASSLAASAYEQYF	LTDEMIAQY
CASSQGPSYNEQFF	LTDEMIAQY
CASSLTLGTGVYEQYF	LTDEMIAQY
CASSRGSYNEQFF	LTDEMIAQY
CASSLGIGGYEQYF	LTDEMIAQY
CASSRNTYRGGAQETQYF	LTDEMIAQY
CSARGTMVVDEQFF	LTDEMIAQY
CASSWGVSYEQYF	LTDEMIAQY
CASSQDYDLAGVGGELFF	LTDEMIAQY
CASSLAVGTGDYEQYF	LTDEMIAQY
CASSLSPAGRSYEQYF	LTDEMIAQY
CSARDPHLDEQYF	LTDEMIAQY
CASGTGSAYNEQFF	LTDEMIAQY
CASSLSVGTGLYEQYF	LTDEMIAQY
CASSQGLGTGVYGYTF	LTDEMIAQY
CASSQPGLGTYNEQFF	LTDEMIAQY
CASSHKGSDTQYF	LTDEMIAQY
CASSLGVGTGYYEQYF	LTDEMIAQY
CASRAGQGKSPLHF	LTDEMIAQY
CASSSPGQGNYGYTF	LTDEMIAQY
CASSTGVGTGLYEQYF	LTDEMIAQY
CASSLAVGTGVYEQYF	LTDEMIAQY
CASSLIGSGTEAFF	LTDEMIAQY
CASSQGPGTGVGEQYF	LTDEMIAQY
CASSSGTSVYNEQFF	LTDEMIAQY
CASSLSASYNEQFF	LTDEMIAQY
CASTKGSISYNEQFF	LTDEMIAQY
CASSLASGGSTDTQYF	LTDEMIAQY
CASSQDEGSGREQYF	LTDEMIAQY
CASSLYTSGNTGELFF	LTDEMIAQY
CASSFSTGTGVYEQYF	LTDEMIAQY
CASSSGVGTGVYEQYV	LTDEMIAQY
CASSSWTSGSLGEQFF	LTDEMIAQY
CASKQGEQHNQPQHF	LTDEMIAQY
CSARDTARTDTQYF	LTDEMIAQY
CASSLPKAGGSYNEQFF	LTDEMIAQY
CASRRGQGMGEAGANVLTF	LTDEMIAQY
CASSETWDRYTGELFF	LTDEMIAQY
CASSPGRVSYEQYF	LTDEMIAQY
CASSQLGTGLYNEQFF	LTDEMIAQY
CSVSHPLVGQYEQYF	LTDEMIAQY
CASRTPGLHNEQFF	LTDEMIAQY
CASSQEISPGGLNTEAFF	LTDEMIAQY
CASSLSIGTGIYEQYF	LTDEMIAQY
CASSLPRAGGSSYNEQFF	LTDEMIAQY
CSARDPGTVRGQPQHF	LTDEMIAQY
CASSPGANYNEQFF	LTDEMIAQY
CASSSGGAKYEQYF	LTDEMIAQY
CASSQITSGPYNEQFF	LTDEMIAQY
CASRRQGPSYGYTF	LTDEMIAQY
CATSRAKGTGIYEQYF	LTDEMIAQY
CASSLRGQRTYEQYF	LTDEMIAQY
CATSPGATVNSPLHF	LTDEMIAQY
CSARDPVRQETQYF	LTDEMIAQY
CASSLVSGSENEQFF	LTDEMIAQY
CASSQYRDRGTKNIQYF	LTDEMIAQY
CASSWGVGYEQYF	LTDEMIAQY
CSARGAYRGEQYF	LTDEMIAQY
CASSLAGYNEQFF	LTDEMIAQY
CATSPKVGQTIWGANVLTF	LTDEMIAQY
CASSQAGTGTGVYEQYF	LTDEMIAQY
CASSWDRKHQETQYF	LTDEMIAQY
CASSQSRSYNEQFF	LTDEMIAQY
CASRHSGTNEQFF	LTDEMIAQY
CASNGGTQETQYF	LTDEMIAQY
CASRGTTGLLKNIQYF	LTDEMIAQY
CASSLARDRDNEQFF	LTDEMIAQY
CASTKTGTGIYEQYF	LTDEMIAQY
CASRPNQGQETQYF	LTDEMIAQY
CSARDGASGTYEQYF	LTDEMIAQY
CASSQERGGSYNEQFF	LTDEMIAQY
CASSPAEGTYEQYF	LTDEMIAQY
CASSQVTGGSNTEAFF	LTDEMIAQY
