CDR3	AA
CASSLALLGQSTYEQYF	GDAALALLLL
CSVDGQGKAEAFF	GDAALALLLL
CSASGGHSYEQYF	GDAALALLLL
CASSSGTNKLPYEQYF	GDAALALLLL
CSVRGAANDNTEAFF	GDAALALLLL
CAWTRLMEGTGWETQYF	GDAALALLLL
CASSYSLAGDYNEQFF	GDAALALLLL
CASSPDIFYYEQYF	GDAALALLLL
CASSLGPWNTEAFF	GDAALALLLL
CASSFDSGYEQYF	GDAALALLLL
CASSQGTGTINTGELFF	GDAALALLLL
CSARDPTSLYEQYF	GDAALALLLL
CATEWGSDYGYTF	GDAALALLLL
CASSPPLTVYGYTF	GDAALALLLL
CASSQVEHAKNIQYF	GDAALALLLL
CASSEYNSYEQYF	GDAALALLLL
CASSFPGPGQGYNEQFF	GDAALALLLL
CASSLTASGVGNQPQHF	GDAALALLLL
CARTIGPEAFF	GDAALALLLL
CASSRLGQGDFYGYTF	GDAALALLLL
CASSLTGPSYEQYF	GDAALALLLL
CASSERPGSFGTGELFF	GDAALALLLL
CSVSLYTEAFF	GDAALALLLL
CSARDRGLGAQPQHF	GDAALALLLL
CASSLGQVHNEQFF	GDAALALLLL
CASSFLGRQETQYF	GDAALALLLL
CASSYSRWGGELFF	GDAALALLLL
CSARDVSGVYPSYEQYF	GDAALALLLL
CASSPSLQGPGSNSPLHF	GDAALALLLL
CASSLGNTGELFF	GDAALALLLL
CATGPVNYEQYF	GDAALALLLL
CASSQGWGTLQTGELFF	GDAALALLLL
CASSLLVSDFETQYF	GDAALALLLL
CASSPYGQGYEQYF	GDAALALLLL
CASSVDGRYTF	GDAALALLLL
CASGVGNYGYTF	GDAALALLLL
CASSSPPGLAGRSYEQYF	GDAALALLLL
CASSPVTGSYEQYF	GDAALALLLL
CAGGTGEQFF	GDAALALLLL
CASSDMGMRGNQPQHF	GDAALALLLL
CASSSGQGAAGELFF	GDAALALLLL
CASSPAGDSMNTEAFF	GDAALALLLL
CASSSGYTEAFF	GDAALALLLL
CASSFSRGFYEQYF	GDAALALLLL
CASSLGPRTGDNQPQHF	GDAALALLLL
CASSYSLRTEAFF	GDAALALLLL
CASSNIQGNEQFF	GDAALALLLL
CASSSQTSGGAVSTDTQYF	GDAALALLLL
CASSWGQMQYF	GDAALALLLL
CASSPTGAPTEAFF	GDAALALLLL
CASSLDQTARGHEAFF	GDAALALLLL
CASSYLTGFSYNEQFF	GDAALALLLL
CASSRDLAYEQYF	GDAALALLLL
CASSPRTSGGIETQYF	GDAALALLLL
CASSLARGYTYEQYF	GDAALALLLL
CASSLGVANGDNEQFF	GDAALALLLL
CASSEGHVYEQYF	GDAALALLLL
CASSPLVTSGYQETQYF	GDAALALLLL
CASSFPSGTVYNEQFF	GDAALALLLL
CASSYPGQGYQETQYF	GDAALALLLL
CASSSHSGGEYEQFF	GDAALALLLL
CASSLVGGSTEAFF	GDAALALLLL
CASSLGTSGVYEQYF	GDAALALLLL
CASSPVPGQYSSGANVLTF	GDAALALLLL
CSVPTGRGYEQYF	GDAALALLLL
CASTLAMTGGVPGELFF	GDAALALLLL
CSVVVGYNEQFF	GDAALALLLL
CASSLDTRWEQYF	GDAALALLLL
CASSQGYGEAFF	GDAALALLLL
CSVGKLAEPFFYNEQFF	GDAALALLLL
CASSLVPGYTDTQYF	GDAALALLLL
CASSGPWGSSSYNEQFF	GDAALALLLL
CASTDAGSGGALNEQFF	GDAALALLLL
CASSQVGTGYEQYF	GDAALALLLL
CASSEALGGTEAFF	GDAALALLLL
CASSPAGQLNQPQHF	GDAALALLLL
CATSDATSGRETQYF	GDAALALLLL
CASSPLAASWGYTF	GDAALALLLL
CASSEALGQNTEAFF	GDAALALLLL
CASSQDWWGQETQYF	GDAALALLLL
CATSDFSGANTGELFF	GDAALALLLL
CASSFQNYGYTF	GDAALALLLL
CASSPPTSGPSYEQYF	GDAALALLLL
CASSRTGTGPYEQYF	GDAALALLLL
CSARDLGLAYNEQFF	GDAALALLLL
CASSGTDTGELFF	GDAALALLLL
CASRLTPVYEQYF	GDAALALLLL
CASSPWPGTANYGYTF	GDAALALLLL
CASARGSSSYNEQFF	GDAALALLLL
CASTTGGFGSNQPQHF	GDAALALLLL
CASSSTGTGPYEQYF	GDAALALLLL
CSVYGTGVYNEQFF	GDAALALLLL
CASSRTGEAFF	GDAALALLLL
CADRDTGAKGVNTEAFF	GDAALALLLL
CASSQGNYGYTF	GDAALALLLL
CASSFGEQYF	GDAALALLLL
CASRSTGAYSYEQYF	GDAALALLLL
CASSYGQGDYGYTF	GDAALALLLL
CASSLVPGVNQPQHF	GDAALALLLL
CASSRQDAYQETQYF	GDAALALLLL
CASSSVGGTIFNEQFF	GDAALALLLL
CASSPLWENTEAFF	GDAALALLLL
CASTTGDSFYNEQFF	GDAALALLLL
CASSQATGQETQYF	GDAALALLLL
CSAGGTEAFF	GDAALALLLL
CASSQEQGAYEQYF	GDAALALLLL
CASYRVYSNQPQHF	GDAALALLLL
CASSEAGGSYEQYF	GDAALALLLL
CASQSRVSLSGELFF	GDAALALLLL
CAIGTAGNYEQYF	GDAALALLLL
CASSLGDSSYNEQFF	GDAALALLLL
CASSAGPIYNEQFF	GDAALALLLL
CASSYGYKFYEQYF	GDAALALLLL
CASSQVVGGGELFF	GDAALALLLL
CASSIIRVDEQFF	GDAALALLLL
CASSDSMVRGINIQYF	GDAALALLLL
CASSHGSGTLNTGELFF	GDAALALLLL
CASSLGRGDEAFF	GDAALALLLL
CASSHPLAGGSSYNEQFF	GDAALALLLL
CATSGFRTDNTGELFF	GDAALALLLL
CASSLLAGGNTGELFF	GDAALALLLL
CASSQPGQGAYNEQFF	GDAALALLLL
CASSYVPPGVQETQYF	GDAALALLLL
CSVGGGTHYGYTF	GDAALALLLL
CASSNPGVHAYVNYGYTF	GDAALALLLL
CASNHESSYNSPLHF	GDAALALLLL
CASSRDSGYEQYF	GDAALALLLL
CSARVPGAGEVWSSYEQYF	GDAALALLLL
CSVVDGSYEQYF	GDAALALLLL
CASPPQGQTYEQYF	GDAALALLLL
CASRQGYTEAFF	GDAALALLLL
CASTNGVGRDTEAFF	GDAALALLLL
CASSFGQVNQPQHF	GDAALALLLL
CASSPLDGYNSPLHF	GDAALALLLL
CASSSWAPGGGAITGELFF	GDAALALLLL
CASSVGAGGYNEQFF	GDAALALLLL
CASSQDINYGYTF	GDAALALLLL
CATSDSDSFDYEQYF	GDAALALLLL
CASKLGPSYINEQFF	GDAALALLLL
CASSLPASGGPDTQYF	GDAALALLLL
CASSQDPGTPEKLFF	GDAALALLLL
CAIGPNNYEQYF	GDAALALLLL
CASASGLAGGIDTQYF	GDAALALLLL
CASSGRDSDRTQYF	GDAALALLLL
CASRKGGGNTGELFF	GDAALALLLL
CASSLRLGEITDTQYF	GDAALALLLL
CASSLILGEGSQVGGSPLHF	GDAALALLLL
CASSYDGSSSYEQYF	GDAALALLLL
CASSQETLYSWSYEQYF	GDAALALLLL
CATIPNQGMSSGNTIYF	GDAALALLLL
CASSSAGGWTDTQYF	GDAALALLLL
CASSQVGYGQPQHF	GDAALALLLL
CASSRTGERNTGELFF	GDAALALLLL
CASSFGRLTGELFF	GDAALALLLL
CASRREYSNQPQHF	GDAALALLLL
CSARLSSGLQTYEQYF	GDAALALLLL
CASSFPNGTGPYEQFF	GDAALALLLL
CASGLAALQLGYEQYF	GDAALALLLL
CSARTQGREETQYF	GDAALALLLL
CASSPTSGGRGETQYF	GDAALALLLL
CASSPMLAGGPTDTQYF	GDAALALLLL
CASSLEPPLRYEQFF	GDAALALLLL
CASSSTGIAYEQYF	GDAALALLLL
CASSRLQGETQYF	GDAALALLLL
CASSYPNSYEQYF	GDAALALLLL
CASSPRDRSSYEQYF	GDAALALLLL
CASSPMGGYPYEQYF	GDAALALLLL
