CDR3	AA
CASSLEWSSYNEQFF	AFPFTIYSL
CASSSRDSSRGLEQYF	AFPFTIYSL
CASSLDGYEQYF	AFPFTIYSL
CASRGPGQGMSSYEQYF	AFPFTIYSL
CASGGAEQFF	AFPFTIYSL
CASSQDGPHGSSYNEQFF	AFPFTIYSL
CASSVVLAGDRSYNEQFF	AFPFTIYSL
CASSFDGVYGYTF	AFPFTIYSL
CASTLYNEQFF	AFPFTIYSL
CASSYDSLGQRSSYNEQFF	AFPFTIYSL
CASSPALRGRTKSSYEQYF	AFPFTIYSL
CASSGTGSEQYF	AFPFTIYSL
CSARDDKDYLDEQFF	AFPFTIYSL
CASSGQGETQYF	AFPFTIYSL
CATGQGRETQYF	AFPFTIYSL
CASSLEGTQYF	AFPFTIYSL
CAIESTYGYTF	AFPFTIYSL
CASSIYPGGADTQYF	AFPFTIYSL
CATQGTKPEQYF	AFPFTIYSL
CASSPAGARQFF	AFPFTIYSL
CASSYAGELFF	AFPFTIYSL
CASSLPGRGYTF	AFPFTIYSL
CATSRRDSGEETQYF	AFPFTIYSL
CASSPGAEQFF	AFPFTIYSL
CSVVGGNRNEQFF	AFPFTIYSL
CASSFSGSDTDTQYF	AFPFTIYSL
CASSPGGNTIYF	AFPFTIYSL
CSARGVTGRYQPQHF	AFPFTIYSL
CSVELGTGEQYF	AFPFTIYSL
CSPRRVTEAFF	AFPFTIYSL
CASSDLASETQYF	AFPFTIYSL
CSARAEEGGPRYEQYF	AFPFTIYSL
CARSRGGPGELFF	AFPFTIYSL
CASSFQETQYF	AFPFTIYSL
CASSFAGYGYTF	AFPFTIYSL
CASSSSSGRGGVWNIQYF	AFPFTIYSL
CASSVGAEAGSGNTIYF	AFPFTIYSL
CASSLIDQPQHF	AFPFTIYSL
CASSLYGPEQYF	AFPFTIYSL
CASMLLGLAGSSYEQYF	AFPFTIYSL
CASSPGTSGSVDEQFF	AFPFTIYSL
CASSYPGTMQFF	AFPFTIYSL
CASSLNGETQYF	AFPFTIYSL
CASSFSDTQYF	AFPFTIYSL
CASAPMDGALGYEQYF	AFPFTIYSL
CSASGLAGAHEQYF	AFPFTIYSL
CASSVQGFYEQYF	AFPFTIYSL
CASSVLLAQAYEQYF	AFPFTIYSL
CASSLEGLVGYTDTQYF	AFPFTIYSL
CASSLTGAAPDTQYF	AFPFTIYSL
CASSPTGEKLFF	AFPFTIYSL
CASSYGEGEQFF	AFPFTIYSL
CASSQGQGVHEQYF	AFPFTIYSL
RASSFTPRRRYNEQFF	AFPFTIYSL
CASGTGWDEQYF	AFPFTIYSL
CASSPDAGLSYEQYF	AFPFTIYSL
CASSFGSVLTF	AFPFTIYSL
CASSLEERGGTDTQYF	AFPFTIYSL
CSATYGYTF	AFPFTIYSL
CASSPGQAGYTF	AFPFTIYSL
CASSLAGETQYF	AFPFTIYSL
CASSFSGEKLFF	AFPFTIYSL
CASSLVGNEQFF	AFPFTIYSL
CASTRTGAQYF	AFPFTIYSL
CSVEDGVTDTQYF	AFPFTIYSL
CASSSGGTEAFF	AFPFTIYSL
CASSSGSQGGYEQYF	AFPFTIYSL
CASSFGQGGYTF	AFPFTIYSL
CASSLAYRSSYEQYF	AFPFTIYSL
CASSLGRDRDNQPQHF	AFPFTIYSL
CSARWVGGAPNEQFF	AFPFTIYSL
CASSFAGLETQYF	AFPFTIYSL
CASSQDPGGTTQYF	AFPFTIYSL
CASSPAGETQYF	AFPFTIYSL
CASSYAGETQYF	AFPFTIYSL
CASSWTGPYEQYF	AFPFTIYSL
CASSTTGSLQFF	AFPFTIYSL
CASSYSGGSPFF	AFPFTIYSL
CASASGDEQYF	AFPFTIYSL
CASSLSDSGANVLTF	AFPFTIYSL
CASSLGPGLSYEQYF	AFPFTIYSL
CASSFSDTQYF	AFPFTIYSL
CASSLAGFLQFF	AFPFTIYSL
CASSLTPSTDTQYF	AFPFTIYSL
CASSFTDTQYF	AFPFTIYSL
CASSSLGGLSLAPEAKNIQYF	AFPFTIYSL
CSVVGTGQFF	AFPFTIYSL
CSAWGVGSNQPQHF	AFPFTIYSL
CASSPGGGSYNEQFF	AFPFTIYSL
CATSRAPGQGYEQYF	AFPFTIYSL
CASSGDSNEQYF	AFPFTIYSL
CASSDLNREPETQYF	AFPFTIYSL
CASSLAGETQYF	AFPFTIYSL
CASSFMAEQFF	AFPFTIYSL
CASSLADTQYF	AFPFTIYSL
CASSLAYEQYF	AFPFTIYSL
CASSAGALEQFF	AFPFTIYSL
CASSIVEGQGSYNEQFF	AFPFTIYSL
CASSRGGASTDTQYF	AFPFTIYSL
CASSSASEQYF	AFPFTIYSL
CASTGGFSYEQYF	AFPFTIYSL
CASSFEGTQYF	AFPFTIYSL
CASNLGLAGGSDTQYF	AFPFTIYSL
CASSPAGTGGYEQYF	AFPFTIYSL
CASSDGGGLYNEQFF	AFPFTIYSL
CASSPTGETQYF	AFPFTIYSL
LGLAEDTQYF	AFPFTIYSL
CASSPTGKLAFF	AFPFTIYSL
CASSFNGAEAFF	AFPFTIYSL
CASSFAGYEQYF	AFPFTIYSL
CASSLGPRREQVDTQYF	AFPFTIYSL
CASSFTGAEAFF	AFPFTIYSL
CASSHTGEDYEQYF	AFPFTIYSL
CSARDPGQGAKQYF	AFPFTIYSL
CASSFSVGNTEAFF	AFPFTIYSL
CASSVRPGREQYF	AFPFTIYSL
CASSLTGEQPQHF	AFPFTIYSL
CASTLVGDEQFF	AFPFTIYSL
CASSLTYSLYF	AFPFTIYSL
CSVEAGDGNEQFF	AFPFTIYSL
CASSYPGPPGKNEQFF	AFPFTIYSL
CASSFAGELFF	AFPFTIYSL
CASSLALGGPTGELFF	AFPFTIYSL
CASSPNRDF	AFPFTIYSL
CASRNPSGRNEQFF	AFPFTIYSL
CSARDPSYTEAFF	AFPFTIYSL
CASSEWTAEAFF	AFPFTIYSL
CASGTGAPDTQYF	AFPFTIYSL
CASSEYSGGADEQFF	AFPFTIYSL
CSCRDGTYEQYF	AFPFTIYSL
CASSPGTFTYF	AFPFTIYSL
CASSPVNTGELFF	AFPFTIYSL
CASSLGLAGGLFDNEQFF	AFPFTIYSL
CSAVPDRDRGAEQYF	AFPFTIYSL
CASSLASSGSYEQYF	AFPFTIYSL
CASGFTGSGANVLTF	AFPFTIYSL
CTSRSSYNEQFF	AFPFTIYSL
CSARFLAGPTPPSYNEQFF	AFPFTIYSL
CASSLTDTQYF	AFPFTIYSL
CSASHHLRSYEQYF	AFPFTIYSL
CASSVGFDEQFF	AFPFTIYSL
CSVESGSGSYNEQFF	AFPFTIYSL
CASSVDLGQVSYNEQFF	AFPFTIYSL
CASSPSGAEQFF	AFPFTIYSL
CASSSATGYNEQFF	AFPFTIYSL
CSAPIGTQFYEQYF	AFPFTIYSL
CASTPGGETQYF	AFPFTIYSL
CASNHGAEAFF	AFPFTIYSL
CASSYGAIEQFF	AFPFTIYSL
CATSRGDRGGYEQYF	AFPFTIYSL
CASSLSGNEQFF	AFPFTIYSL
CASNLGAEQYF	AFPFTIYSL
CASSGYGYTF	AFPFTIYSL
CASSPDSKKAYEQYF	AFPFTIYSL
CASSLDGGYTF	AFPFTIYSL
CASSYTEGLSDEQYF	AFPFTIYSL
CSASLMSPGANEKLFF	AFPFTIYSL
CASSSGTVSYEQYF	AFPFTIYSL
CASALRTGGKLFF	AFPFTIYSL
CASRPDTQYF	AFPFTIYSL
CASSSPLGSGPIYEQYF	AFPFTIYSL
CASSFSGPQHF	AFPFTIYSL
CASSLTGAEQFF	AFPFTIYSL
CASSQGYEQFF	AFPFTIYSL
CASSSGLASYEQYF	AFPFTIYSL
CASSWTETQYF	AFPFTIYSL
CASTVSQDTQYF	AFPFTIYSL
CASSLSGPTNYGYTF	AFPFTIYSL
CASSFSLVGTEDPQETQYF	AFPFTIYSL
CSVERDTEAFF	AFPFTIYSL
CATSRTGGRGYGYTF	AFPFTIYSL
CASSFDGTQYF	AFPFTIYSL
CASSLGGSSYNEQFF	AFPFTIYSL
CASSETYLASGGNEQFF	AFPFTIYSL
CASSQGTGVAYEQYF	AFPFTIYSL
CASSDSSYEQYF	AFPFTIYSL
CASSATGGHEQYF	AFPFTIYSL
CASSRTGETQYF	AFPFTIYSL
CASTFLGVRYNSPLHF	AFPFTIYSL
CASSLGGYGYTF	AFPFTIYSL
CASSLTGEKLFF	AFPFTIYSL
CASSASGEQFF	AFPFTIYSL
CASSFAGNQFF	AFPFTIYSL
CASGTDTQYF	AFPFTIYSL
CASSFSYEQYF	AFPFTIYSL
CASSQGPARNYGYTF	AFPFTIYSL
CASSPTGKVGNEKLFF	AFPFTIYSL
CASSLGGPMGGYTF	AFPFTIYSL
CATSRVGETQYF	AFPFTIYSL
CSASPVPIWGEQYF	AFPFTIYSL
CASSVGRGGVETQYF	AFPFTIYSL
CASSQGPALHF	AFPFTIYSL
CASQGAKETQYF	AFPFTIYSL
CASSLTGETQYF	AFPFTIYSL
CASSLGTLYEQYF	AFPFTIYSL
CASSLASAKLFF	AFPFTIYSL
CASSLRGGELFF	AFPFTIYSL
CASSTRDLPDQPQHF	AFPFTIYSL
CSVMTGVGLEQYF	AFPFTIYSL
CASSPNGQDRYF	AFPFTIYSL
CSGHRDTEAFF	AFPFTIYSL
CASSLTGEKLFF	AFPFTIYSL
CASTYESLYGYTF	AFPFTIYSL
CASSINPGETQYF	AFPFTIYSL
CASSFSGTDTQYF	AFPFTIYSL
CASSYSSLNTEAFF	AFPFTIYSL
CASSSRGELFF	AFPFTIYSL
CSASSGRETQYF	AFPFTIYSL
CASSEFPAGNTGELFF	AFPFTIYSL
CASMYSLSGQGAEQYF	AFPFTIYSL
CASSPWTELAKNIQYF	AFPFTIYSL
CASSETNF	AFPFTIYSL
CASSFTGGGEQFF	AFPFTIYSL
CASTLRGDTQYF	AFPFTIYSL
CASSLGHPNTEAFF	AFPFTIYSL
CASSPVHQETQYF	AFPFTIYSL
CASSFAGNNEQFF	AFPFTIYSL
CASSLSGPSYNEQFF	AFPFTIYSL
CSARDGTGGIYGYTF	AFPFTIYSL
CASSYGGETQYF	AFPFTIYSL
CASSKGWGYTF	AFPFTIYSL
CASPREFGLSTIWNQPQHF	AFPFTIYSL
CASSLREF	AFPFTIYSL
CASSLAETQYF	AFPFTIYSL
CASSPGSEQYF	AFPFTIYSL
CATTPIGGAEAFF	AFPFTIYSL
CASSQIGEKLFF	AFPFTIYSL
CSAYEIAAGNTIYF	AFPFTIYSL
CASTDSGNTIYF	AFPFTIYSL
CASSLQGEKLFF	AFPFTIYSL
CASSLAGVLEFF	AFPFTIYSL
CATSQGAANSNQPQHF	AFPFTIYSL
CAISEPRGGYGYTF	AFPFTIYSL
CSVEEGRTYNEQFF	AFPFTIYSL
CSVGTGDGYGYTF	AFPFTIYSL
CASSNSMDRYF	AFPFTIYSL
CAISETGLMNTEAFF	AFPFTIYSL
CASSQTGETQYF	AFPFTIYSL
CASSDWALGTDTQYF	AFPFTIYSL
CASSLVSSGNNEQFF	AFPFTIYSL
CASGYSGTIYF	AFPFTIYSL
CATQRGFEQFF	AFPFTIYSL
CASSAGQFEQYF	AFPFTIYSL
CASSLAGTQYF	AFPFTIYSL
CASSIGGYTGELFF	AFPFTIYSL
CSAVSSGGPYEQFF	AFPFTIYSL
CATSDDRGVQPQHF	AFPFTIYSL
CASGTNEKLFF	AFPFTIYSL
CASSVSGNTIYF	AFPFTIYSL
CASGTGTYEQYF	AFPFTIYSL
CSVEGGGGNEQFF	AFPFTIYSL
CASSWGTGELFF	AFPFTIYSL
CATGKTISGANVLTF	AFPFTIYSL
CASSPLYTGAGDTEAFF	AFPFTIYSL
CASSIGGGGEQFF	AFPFTIYSL
CASSLGNYGYTF	AFPFTIYSL
CATSRALTGQGYEQYF	AFPFTIYSL
CASTMGDTQYF	AFPFTIYSL
CASSPSGEKLFF	AFPFTIYSL
CASSLGGETQYF	AFPFTIYSL
CASSLDLEGHNYGYTF	AFPFTIYSL
CSALGLAGSGAQYF	AFPFTIYSL
CAISEEGQLEHF	AFPFTIYSL
CASSPDGSGANVLTF	AFPFTIYSL
CAISDLNTGGKGPYNEQFF	AFPFTIYSL
CSATTSMETQYF	AFPFTIYSL
CASSLSGTSVNEQFF	AFPFTIYSL
CASTEGLLSYEQYF	AFPFTIYSL
CASSLAGETQYF	AFPFTIYSL
CASEWAGTEAFF	AFPFTIYSL
CASSHGNSPLHF	AFPFTIYSL
CSAREDPREYF	AFPFTIYSL
CASSHVAGGMDTQYF	AFPFTIYSL
CATQRSGTSGSYEQYF	AFPFTIYSL
CASSLGQPQHF	AFPFTIYSL
CASSLAGASDEQFF	AFPFTIYSL
CASIEAGGPADTQYF	AFPFTIYSL
CASSSTDTQYF	AFPFTIYSL
CASGLAGAYEQYF	AFPFTIYSL
CASSYGSETQYF	AFPFTIYSL
CSATGGTDTQYF	AFPFTIYSL
CSATTSGISYNEQFF	AFPFTIYSL
CASSSGGQQTYEQYF	AFPFTIYSL
CASSFPGGEQFF	AFPFTIYSL
CASSLTGILFF	AFPFTIYSL
CASGPSWGYTF	AFPFTIYSL
CASSLAGGSTDTQYF	AFPFTIYSL
CASSFLGYEQYF	AFPFTIYSL
CASSSTGEQFF	AFPFTIYSL
CASSFWGYEAFF	AFPFTIYSL
CASSWTSHEQYF	AFPFTIYSL
CAISESGQLAFF	AFPFTIYSL
CASSQAGDTQYF	AFPFTIYSL
CASSFGHVKFF	AFPFTIYSL
CSVESGTGYEQYF	AFPFTIYSL
CASSLYTF	AFPFTIYSL
CASRFGTEQFF	AFPFTIYSL
CASSDGGETQYF	AFPFTIYSL
CASGLGTEAFF	AFPFTIYSL
CASSFSGELFF	AFPFTIYSL
CASSTGLYEQYF	AFPFTIYSL
CASSDSLKGNTEAFF	AFPFTIYSL
CSAAWGTETQYF	AFPFTIYSL
CASRQGGNEQFF	AFPFTIYSL
CSALGLASYNEQFF	AFPFTIYSL
CSARIHYEQYF	AFPFTIYSL
CSAGRGEGYEQYF	AFPFTIYSL
CSAITGENTEAFF	AFPFTIYSL
CASSYAGETQYF	AFPFTIYSL
CATSRRAQETQYF	AFPFTIYSL
CASSYGYEQYF	AFPFTIYSL
CSVRAGGNEQYF	AFPFTIYSL
CASSPPGRAEQYF	AFPFTIYSL
CASSFGGGEGHEQYF	AFPFTIYSL
CASSQEPVRGLSEQYF	AFPFTIYSL
CASAFSHEQFF	AFPFTIYSL
CASTLFTNEQFF	AFPFTIYSL
CASSLSLGFYEQYF	AFPFTIYSL
CASSQVARNEKLFF	AFPFTIYSL
CASSMHGDTQYF	AFPFTIYSL
CSARQGVSAFF	AFPFTIYSL
CASSPSGNTIYF	AFPFTIYSL
CASSYGAHEQYF	AFPFTIYSL
CSALLAPTYEQYF	AFPFTIYSL
CASTSGFEQYF	AFPFTIYSL
CASSVEASSVYNEQFF	AFPFTIYSL
CASSFSDTQYF	AFPFTIYSL
CASSLDLYNEQFF	AFPFTIYSL
CASSQQGEKLFF	AFPFTIYSL
CASSLSVEQFF	AFPFTIYSL
CASSLGGVQYF	AFPFTIYSL
CSASIQPTAGGTRTNNEQFF	AFPFTIYSL
CSASGGSSEKLFF	AFPFTIYSL
CASSESAETQYF	AFPFTIYSL
CASSLGLNSYNEQFF	AFPFTIYSL
CASSISSEQYF	AFPFTIYSL
CASSPGADTQYF	AFPFTIYSL
CASSLSGNTIYF	AFPFTIYSL
CASSVEPGGIHNEQFF	AFPFTIYSL
CASAGVGKLFF	AFPFTIYSL
CSAVGVADTYEQYF	AFPFTIYSL
CASSLLGEQYF	AFPFTIYSL
CASLTFPGNEQFF	AFPFTIYSL
CASSPGHIQYF	AFPFTIYSL
CASSVDSGSYEQYF	AFPFTIYSL
CSVKTGLNEQFF	AFPFTIYSL
CSARWEGPEQFF	AFPFTIYSL
CASSLVGADTQYF	AFPFTIYSL
CASSPTGELFF	AFPFTIYSL
CASSLTGEQYF	AFPFTIYSL
CASSFAGPETQYF	AFPFTIYSL
CASSLVYRGSETQYF	AFPFTIYSL
CASSEANTGVGQPQHF	AFPFTIYSL
CASSWSGEQFF	AFPFTIYSL
CASSPTGLEQYF	AFPFTIYSL
CASSWTGSEQFF	AFPFTIYSL
CASSGPNRDRDYEKLFF	AFPFTIYSL
CASSRSGASTDTQYF	AFPFTIYSL
CASSLPTDTQYF	AFPFTIYSL
CASSQWDGYGYTF	AFPFTIYSL
CASSLGTGYTF	AFPFTIYSL
CASSSLVSVADPIMTYEQYF	AFPFTIYSL
CASTEREGLSNEQFF	AFPFTIYSL
CSVGLGTGFEQYF	AFPFTIYSL
CASSYGSLAQYF	AFPFTIYSL
CSALTGENIQYF	AFPFTIYSL
CASSQGLGQPQHF	AFPFTIYSL
CATSRGTEETQYF	AFPFTIYSL
CASSISTPEALHF	AFPFTIYSL
CASSEADGTGEQYF	AFPFTIYSL
CASSPGGGEQYF	AFPFTIYSL
CASTNIDRPGYEQYF	AFPFTIYSL
CSAVLAGGHYEQYF	AFPFTIYSL
CASSLTGFGYTF	AFPFTIYSL
CASSPSGGELFF	AFPFTIYSL
CASSLMTSGRSYNEQFF	AFPFTIYSL
CASSFYPGRLSGNTIYF	AFPFTIYSL
CASSPRTSGSVVKETQYF	AFPFTIYSL
CASSSSETQYF	AFPFTIYSL
CASSSTGASTDTQYF	AFPFTIYSL
CASGATGGTEAFF	AFPFTIYSL
CSAPSGGATDTQYF	AFPFTIYSL
CASSPTGATQYF	AFPFTIYSL
CAISDGWSSYEQYF	AFPFTIYSL
CASTTQGVNNEQFF	AFPFTIYSL
CASSSTGAEQFF	AFPFTIYSL
CASSFAGEQYF	AFPFTIYSL
CASSYIGLASLETQYF	AFPFTIYSL
CATRSQDSGANVLTF	AFPFTIYSL
CASSPTGAEQFF	AFPFTIYSL
CSAYIPERGDQPQHF	AFPFTIYSL
CASSYSIGGSLYEQYF	AFPFTIYSL
CASSLMRSYNEQFF	AFPFTIYSL
CASTSSTEDYEQYF	AFPFTIYSL
CASSLYPGPSYEQYF	AFPFTIYSL
CASSQGLALGDTQYF	AFPFTIYSL
CASSFSIEQYF	AFPFTIYSL
CASSQLGGYMNTEAFF	AFPFTIYSL
CASSSQGQGGTYEQYF	AFPFTIYSL
CASSHLEGQPQHF	AFPFTIYSL
CASSQTGEIQYF	AFPFTIYSL
CASSGPVGLFF	AFPFTIYSL
CASSFVGEQYF	AFPFTIYSL
CASSLTSAEQYF	AFPFTIYSL
CASSPPTGELFF	AFPFTIYSL
CASSLVGEKLFF	AFPFTIYSL
CASSYPLPLAGKVYQFF	AFPFTIYSL
CSVGIGQGTDTQYF	AFPFTIYSL
CASSPGAPSSYEQYF	AFPFTIYSL
CASSPSGGETQYF	AFPFTIYSL
CASTFAGELFF	AFPFTIYSL
CARTALGESTDTQYF	AFPFTIYSL
CAIDQGGAGAFF	AFPFTIYSL
CASSYGSYEQYF	AFPFTIYSL
CASSFTGEGYTF	AFPFTIYSL
CASSPTGETQYF	AFPFTIYSL
CASSVWTPQGDEKLFF	AFPFTIYSL
CASTLSGGALDTQYF	AFPFTIYSL
CASSYSGGTNYGYTF	AFPFTIYSL
CASSFSETQYF	AFPFTIYSL
CASSHEFANTGELFF	AFPFTIYSL
CASSAQGTTEAFF	AFPFTIYSL
CASSFSGPYQPQHF	AFPFTIYSL
CSARGRLAGGSYEQYF	AFPFTIYSL
CASTADRGNTEAFF	AFPFTIYSL
CATSRVAKPEQFF	AFPFTIYSL
CASRGLAGSSYNEQFF	AFPFTIYSL
CASSFSGELFF	AFPFTIYSL
CASSWTGGDEQYF	AFPFTIYSL
CASSQDHTPNEQFF	AFPFTIYSL
CASSLSGTPSF	AFPFTIYSL
CASSGGGTEAFF	AFPFTIYSL
CASSMTGVEQYF	AFPFTIYSL
CASSFRDIANYGYTF	AFPFTIYSL
CASSSAGETQYF	AFPFTIYSL
CASSLEQGADEQFF	AFPFTIYSL
CSARENHSQETQYF	AFPFTIYSL
CASSWVGGGLEAQYF	AFPFTIYSL
CASENTGGGWGEQYV	AFPFTIYSL
CATFSGGAYGYTF	AFPFTIYSL
CASSSGTVEHF	AFPFTIYSL
CASSLSYEQYF	AFPFTIYSL
CATSLSANNEQFF	AFPFTIYSL
CASSQGSQAFF	AFPFTIYSL
CASSSTGYEQYF	AFPFTIYSL
CASSLIPAYNEQFF	AFPFTIYSL
CASSYSASRFF	AFPFTIYSL
CSARVHLGTDTQYF	AFPFTIYSL
CASSLQGNTEAFF	AFPFTIYSL
CASSPGGEQYV	AFPFTIYSL
CASSPTGYEQYF	AFPFTIYSL
CSARDLSGRPEQYF	AFPFTIYSL
CASSISGETQYF	AFPFTIYSL
CASSLFPGRVGYTF	AFPFTIYSL
CASSFTGNEQFF	AFPFTIYSL
CASSFDEKLFF	AFPFTIYSL
CASSPQGAPNYEQYF	AFPFTIYSL
CASSYQETQYF	AFPFTIYSL
CASRNTGGRYGRKGGDTQYF	AFPFTIYSL
CSPP	AFPFTIYSL
CASSLGGRNQPQHF	AFPFTIYSL
CASSFSNRPDF	AFPFTIYSL
CASSLEGGSEAFF	AFPFTIYSL
CSVVSALDNYGYTF	AFPFTIYSL
CASSYAGIGYTF	AFPFTIYSL
CASSGVGGQGYGYTF	AFPFTIYSL
CASSTTGGSTDTQYF	AFPFTIYSL
CASSRQTYNEQFF	AFPFTIYSL
CASSPGTGGADTQYF	AFPFTIYSL
CASSQGGIVYGYTF	AFPFTIYSL
CSVSSGQGYEQYF	AFPFTIYSL
CSVEQGTYEQYF	AFPFTIYSL
CASSQEGLAGGPARTDTQYF	AFPFTIYSL
CASSSSGGEADTQYF	AFPFTIYSL
CASSLSGGSTDTQYF	AFPFTIYSL
CASSFAAEQFF	AFPFTIYSL
CASSQDPRVTNEKLFF	AFPFTIYSL
CASSPQGDQQYF	AFPFTIYSL
CASSRTANYGYTF	AFPFTIYSL
CASSGGLAGGVWSYEQYF	AFPFTIYSL
CASSLGGVGNIQYF	AFPFTIYSL
CASSSSGETQYF	AFPFTIYSL
CSATGERTYYEQYF	AFPFTIYSL
CASSLTGGGGPDTQYF	AFPFTIYSL
CASSLAGAEQYF	AFPFTIYSL
CASSPDTQYF	AFPFTIYSL
CASTPGSYGYTF	AFPFTIYSL
CSAQEYNEQFF	AFPFTIYSL
CASSYPLAGDRYYEQYF	AFPFTIYSL
CASTHSTGTANTGELFF	AFPFTIYSL
CASSPSGETQYF	AFPFTIYSL
CASSSGGTEAFF	AFPFTIYSL
CASSLFQGAGELFF	AFPFTIYSL
CASSFAGANVLTF	AFPFTIYSL
CSALGGPNYGYTF	AFPFTIYSL
CASSHTGELFF	AFPFTIYSL
CASSLTPGDMNTEAFF	AFPFTIYSL
CSVDRDTEAFF	AFPFTIYSL
CASILPGQFYGYTF	AFPFTIYSL
CSVYLTSGRPGEQYF	AFPFTIYSL
CASRGQQETQYF	AFPFTIYSL
CASSYAGLETQYF	AFPFTIYSL
CASSFKGTEAFF	AFPFTIYSL
CASTPGGELFF	AFPFTIYSL
CSAITGAGELFF	AFPFTIYSL
CASSLGTEAFF	AFPFTIYSL
CASSFYGAAAFF	AFPFTIYSL
CASSPHGAGGEYEQYF	AFPFTIYSL
CASSEADLTDTQYF	AFPFTIYSL
CASSLVGDGYTF	AFPFTIYSL
CASSEGSGRNTDTQYF	AFPFTIYSL
CASSLYLGYEQYF	AFPFTIYSL
CASSRIGEQFF	AFPFTIYSL
CASSVGTVPPYEQYF	AFPFTIYSL
CASSPQVAFF	AFPFTIYSL
CATSRVGGGPEQYF	AFPFTIYSL
CSAPHIRGGNQPQHF	AFPFTIYSL
CASSFSGASDTQYF	AFPFTIYSL
CSALGTATDTQYF	AFPFTIYSL
CASSPGGELFF	AFPFTIYSL
CASSQGVGTEAFF	AFPFTIYSL
CASSTRTASETQYF	AFPFTIYSL
CSAMTYGYTF	AFPFTIYSL
CASSQSPYGYTF	AFPFTIYSL
CASNPHGGAATEAFF	AFPFTIYSL
CASSETGGGGYTF	AFPFTIYSL
CASSPQINGRGGYTF	AFPFTIYSL
CASSLDSYNEQFF	AFPFTIYSL
CASSLGSEQFF	AFPFTIYSL
CASSEWGEQPQHF	AFPFTIYSL
CASSFSGEQFF	AFPFTIYSL
CASSLSGGAPSTDTQYF	AFPFTIYSL
CSAPDYNEQFF	AFPFTIYSL
CASSYSYNEQFF	AFPFTIYSL
CASSFTGGEAFF	AFPFTIYSL
CASSRDSSPVYSNQPQHF	AFPFTIYSL
CASSFSDTQYF	AFPFTIYSL
CASMGQGYGYTF	AFPFTIYSL
CSVEEGTGFEQYF	AFPFTIYSL
CSAHPLGGLDGTYQHF	AFPFTIYSL
CASSFGDILFF	AFPFTIYSL
CASSYFSGPVDTQYF	AFPFTIYSL
CASSFSGEGYTF	AFPFTIYSL
CATVTSGSTGYEQYF	AFPFTIYSL
CASSLSGNTIYF	AFPFTIYSL
CASSEFGQDSYEQYF	AFPFTIYSL
CASSLADIQYF	AFPFTIYSL
CASSEYNRENEQFF	AFPFTIYSL
CSVRTGSPEAFF	AFPFTIYSL
CASSFWDGSSYEQYF	AFPFTIYSL
CASSPYNPNQPQHF	AFPFTIYSL
CASSQDIDRTDTQYF	AFPFTIYSL
CASSGDGGEKLFF	AFPFTIYSL
CASSYSGGTQYF	AFPFTIYSL
CASSWGGTEAFF	AFPFTIYSL
CASSLYSTDTQYF	AFPFTIYSL
CASSFSVEQFF	AFPFTIYSL
CASSLAPGQGDAYEQYF	AFPFTIYSL
CASSLSGFLYEQYF	AFPFTIYSL
CASSQAGETQYF	AFPFTIYSL
CASSFAHEQYF	AFPFTIYSL
CASSLTGETQYF	AFPFTIYSL
CASRYSDTQYF	AFPFTIYSL
CASSYSGETQYF	AFPFTIYSL
CASSALGPYNEQFF	AFPFTIYSL
CASSQGGLAGGSKGNTGELFF	AFPFTIYSL
CASSITVSGNTIYF	AFPFTIYSL
CASSVEGGPEAFF	AFPFTIYSL
CSAPEYNEQFF	AFPFTIYSL
CSARTGAEETQYF	AFPFTIYSL
CSVTTLRLAGGMQFF	AFPFTIYSL
CSASLSGRTYEQYF	AFPFTIYSL
CASSFSGPEAFF	AFPFTIYSL
CASSPPTGSYEQYF	AFPFTIYSL
CASSLAGGPTEQFF	AFPFTIYSL
CASTNGGTGYGYTF	AFPFTIYSL
CASSFAGAGDQPQHF	AFPFTIYSL
CASSFLAGELFF	AFPFTIYSL
CSVFSGGGSFEAFF	AFPFTIYSL
CSAQGLSPATNEKLFF	AFPFTIYSL
CAISESGDTQYF	AFPFTIYSL
CASSSVWSASYEQYF	AFPFTIYSL
CASSPTLGGTQYF	AFPFTIYSL
CSASGAAETQYF	AFPFTIYSL
CSVEVGMGYEQYF	AFPFTIYSL
CASSLDTLNTEAFF	AFPFTIYSL
CAGPAGETQYF	AFPFTIYSL
CASSLTETLTSGSDEQFF	AFPFTIYSL
CASSLGSGGYTF	AFPFTIYSL
CASSPTPGQPNTGELFF	AFPFTIYSL
CASSLVARESADTQYF	AFPFTIYSL
CASAFRTKEYEQYF	AFPFTIYSL
CASSPTGFEQYF	AFPFTIYSL
CASSFSGELFF	AFPFTIYSL
CASSPAGDEQFF	AFPFTIYSL
CATTEMSSGSYNEQFF	AFPFTIYSL
CASSLTGQGTQYF	AFPFTIYSL
CASSLVYTQYF	AFPFTIYSL
CASSVGLNQPQHF	AFPFTIYSL
CASSPRDNSYNEQFF	AFPFTIYSL
CASSFAGANVLTF	AFPFTIYSL
CSAVRQGLFYEQYF	AFPFTIYSL
CSAPVSTGSYEQYF	AFPFTIYSL
CASSKYGYEQYF	AFPFTIYSL
CASSRLRRTGNIYGYTF	AFPFTIYSL
CASSLGLQGYTF	AFPFTIYSL
CASSYTNEQYF	AFPFTIYSL
CAIRDPGTVNTEAFF	AFPFTIYSL
CASSPGPMAFF	AFPFTIYSL
CASSFTGGELFF	AFPFTIYSL
CASSTSGETQYF	AFPFTIYSL
CASSMTGGSTDTQYF	AFPFTIYSL
CASSEWSAGETQYF	AFPFTIYSL
CASSKPPGVKLFF	AFPFTIYSL
CASSYDGDGRKSSYNEQFF	AFPFTIYSL
CASSSGLSSYEQYF	AFPFTIYSL
CASSLFQGAEYGYTF	AFPFTIYSL
CSAVRSGSSYNEQFF	AFPFTIYSL
CASRYTGELFF	AFPFTIYSL
CASAASGETQYF	AFPFTIYSL
CSAQALVEQYF	AFPFTIYSL
CASSPQGNTEAFF	AFPFTIYSL
CASSLSEEGETQYF	AFPFTIYSL
CASSFTGREQFF	AFPFTIYSL
CASSFSGLQFF	AFPFTIYSL
CAAGSYEQYF	AFPFTIYSL
CASSLPPGGGYEQYF	AFPFTIYSL
CASSLGTEYWF	AFPFTIYSL
CASSLLGEAFF	AFPFTIYSL
CASSFQGYEQYF	AFPFTIYSL
CASSAQGSAFF	AFPFTIYSL
CSVEHGGSSYNEQFF	AFPFTIYSL
CASSPLLLPYEQYF	AFPFTIYSL
CASSWTGENYGYTF	AFPFTIYSL
CASSPSGTPGTEAFF	AFPFTIYSL
CASSQGSNEQYF	AFPFTIYSL
CASSLTGFGYTF	AFPFTIYSL
CASSSSGYEQYF	AFPFTIYSL
CASSLDGYEQFF	AFPFTIYSL
CATSRGSAETQYF	AFPFTIYSL
CASSWAGAYEQYF	AFPFTIYSL
CSVATGTGFEQYF	AFPFTIYSL
CASSQTGNTIYF	AFPFTIYSL
CASRPGYNNEQFF	AFPFTIYSL
CSVVTGNTGELFF	AFPFTIYSL
CASRTGTGGAVLWAFF	AFPFTIYSL
CASSLFDPTRAYMVETQYF	AFPFTIYSL
CASLSGKQFF	AFPFTIYSL
CASSQTGAEAFF	AFPFTIYSL
CSAHLLTSGGTDTQYF	AFPFTIYSL
CASSPSGETQYF	AFPFTIYSL
CASSLTGDTQYF	AFPFTIYSL
CASSHGTSGFEQYF	AFPFTIYSL
CASSDLGRSRSYEQYF	AFPFTIYSL
CASSFSYEQYF	AFPFTIYSL
CASSPYVSGINNEQFF	AFPFTIYSL
CASSFRDNITDTQYF	AFPFTIYSL
CASSTGLYGYTF	AFPFTIYSL
CSAQQGPRLTYEQYF	AFPFTIYSL
CASSFSAEQYF	AFPFTIYSL
CASNNGLDLAFF	AFPFTIYSL
CASSQTGGELFF	AFPFTIYSL
CASQLAGGYYNEQFF	AFPFTIYSL
CASSPWGGEQFF	AFPFTIYSL
CASSLSGAVTDTQYF	AFPFTIYSL
CASSSLAGLYNEQFF	AFPFTIYSL
CASSWTGNGYTF	AFPFTIYSL
CSGSQAKETQYF	AFPFTIYSL
CASSLAGETQYF	AFPFTIYSL
CSALPGTGEKLFF	AFPFTIYSL
CASSHEPAGGWYNEQFF	AFPFTIYSL
CASSLNFGNEQFF	AFPFTIYSL
CASSPTRDRVEQYF	AFPFTIYSL
CASSYLQGGTEAFF	AFPFTIYSL
CASSFPIAGAPYEQYF	AFPFTIYSL
CATGGAGTNEQYF	AFPFTIYSL
CASSYRDRAFF	AFPFTIYSL
CASSFSGVEQYF	AFPFTIYSL
CSVNSPGPEQFF	AFPFTIYSL
CASSIVPGLNYGYTF	AFPFTIYSL
CASSYGNSPLHF	AFPFTIYSL
CASSPSGASTDTQYF	AFPFTIYSL
CASSYQGGPEAFF	AFPFTIYSL
CASSDSGETQYF	AFPFTIYSL
CASSPSGQAEAFF	AFPFTIYSL
CASSPTGEKLFF	AFPFTIYSL
CASSTTGATQYF	AFPFTIYSL
CASSQDSGGGAYEQYF	AFPFTIYSL
CASTVSGSEQYF	AFPFTIYSL
CASSPGTTSYEQYF	AFPFTIYSL
CSAILSGGLYEQYF	AFPFTIYSL
CSSSGIPTYEQYF	AFPFTIYSL
CASSYSPGHSYNEQFF	AFPFTIYSL
CASSLGSSGGNTGELFF	AFPFTIYSL
CSAPWSGRSYEQYF	AFPFTIYSL
CASSDSVGTASYEQYF	AFPFTIYSL
CASSKRRGEFRFEQYF	AFPFTIYSL
CASSYVIQGTGELFF	AFPFTIYSL
CASSPTWDAGHTDTQYF	AFPFTIYSL
CASSSAEGTQYF	AFPFTIYSL
CASSDRGSPDTQYF	AFPFTIYSL
CASSYNSGNTIYF	AFPFTIYSL
CASRPTGPQPQHF	AFPFTIYSL
CASSVHSGGPGDEQFF	AFPFTIYSL
CASSIGGFGYEQYF	AFPFTIYSL
CASSWGGELFF	AFPFTIYSL
CASSGGTDSYEQYF	AFPFTIYSL
CASSLAGGELFF	AFPFTIYSL
CASSLGRSYTEAFF	AFPFTIYSL
CATHGQSGANVLTF	AFPFTIYSL
CSATRGLSTDTQYF	AFPFTIYSL
CASSLTNQETQYF	AFPFTIYSL
CAISEGQGGYEQYF	AFPFTIYSL
CASSYSGRDYF	AFPFTIYSL
CASSLGSGGHNEQFF	AFPFTIYSL
CASSLTGETQYF	AFPFTIYSL
CASSVGGGTYEQYF	AFPFTIYSL
CASSYSIAANTEAFF	AFPFTIYSL
CASSPAGTAMFF	AFPFTIYSL
CASSSTGAGTDTQYF	AFPFTIYSL
CASSASGNTDTQYF	AFPFTIYSL
CASSHAGTDYEQYF	AFPFTIYSL
CASSPLAKNIQYF	AFPFTIYSL
CASLGRFDYGYTF	AFPFTIYSL
CASSQGLQGAYSYEQYF	AFPFTIYSL
CASSLRDGTEAFF	AFPFTIYSL
CASSSGFYEQYF	AFPFTIYSL
CSATDGNTGELFF	AFPFTIYSL
CSATPPGELYEQYF	AFPFTIYSL
CASSPDGSGNTIYF	AFPFTIYSL
CASTYAGYGYTF	AFPFTIYSL
CSARDGTSGRAEQFF	AFPFTIYSL
CASSPGATQYF	AFPFTIYSL
CASSQPSPEQYF	AFPFTIYSL
CASSQGGWLFF	AFPFTIYSL
CSATGTGTHPLYEQYF	AFPFTIYSL
CASSYSLGSDNTEAFF	AFPFTIYSL
CASSQDPTGGSGYTF	AFPFTIYSL
CASSLTGETQYF	AFPFTIYSL
CASSFGQVRSF	AFPFTIYSL
CASSLILGETQYF	AFPFTIYSL
CSSTSGDTYEQYF	AFPFTIYSL
CASSLHGQGMAGIAGELFF	AFPFTIYSL
CASSLVGETQYF	AFPFTIYSL
CASSPGDEQFF	AFPFTIYSL
CASSYLGLAGEQFF	AFPFTIYSL
CASSPSGYEQFF	AFPFTIYSL
CASSNSDTQYF	AFPFTIYSL
CASSLTGETQYF	AFPFTIYSL
CASSLDGTGDNHYGYTF	AFPFTIYSL
CASSLEGKLFF	AFPFTIYSL
CASSSTGGVSDTQYF	AFPFTIYSL
CASSFAGDTQYF	AFPFTIYSL
CATGQASSGNTIYF	AFPFTIYSL
CASSGTSGGLGVETQYF	AFPFTIYSL
CASSYGGRTGGSYNEQFF	AFPFTIYSL
CASSFMGLGTTSTDTQYF	AFPFTIYSL
CSAMGPAENIQYF	AFPFTIYSL
CASSLRTGGGYTF	AFPFTIYSL
CASSLAGDNEQFF	AFPFTIYSL
CASSPTGHEQYF	AFPFTIYSL
CASSFDASQYF	AFPFTIYSL
CASLGGRGAFF	AFPFTIYSL
CSARDWAETQYF	AFPFTIYSL
CASSLVGYEQYF	AFPFTIYSL
CSAKTGNTGELFF	AFPFTIYSL
CSVEDGRRGHEQFF	AFPFTIYSL
CASAEGAGAYGYTF	AFPFTIYSL
CASNDGNSPLHF	AFPFTIYSL
CASSQVRDEQYF	AFPFTIYSL
CASSLSETQYF	AFPFTIYSL
CASSLVGEKLFF	AFPFTIYSL
CASSQNPGTSFHNEQFF	AFPFTIYSL
CSVLIYNEQFF	AFPFTIYSL
CASSSTGNEQFF	AFPFTIYSL
CASSGGLAVQYF	AFPFTIYSL
CASRNPGREGFYNEQFF	AFPFTIYSL
CSAQSLAGEDEQFF	AFPFTIYSL
CASSQGPEQYF	AFPFTIYSL
CASSPRTEQETQYF	AFPFTIYSL
CATGGYGYTF	AFPFTIYSL
CASSSSGSSTDTQYF	AFPFTIYSL
CASSSGGLDQYF	AFPFTIYSL
CASSPGLGNEQFF	AFPFTIYSL
CASSQDPSGLTYEQYF	AFPFTIYSL
CASSFSGSEQYF	AFPFTIYSL
CASSLGTSAEQFF	AFPFTIYSL
CASSQDDIAGRISF	AFPFTIYSL
CASSEIDEQFF	AFPFTIYSL
CASSKERAGGPTYEQYF	AFPFTIYSL
CASTGGGHTGELFF	AFPFTIYSL
CASSLSGTGTF	AFPFTIYSL
CSARATGTHLSIYF	AFPFTIYSL
CASSNPGQDINYGYTF	AFPFTIYSL
CSASEGRETQYF	AFPFTIYSL
CASSPTGAVTFF	AFPFTIYSL
CSAWTGSNYGYTF	AFPFTIYSL
CASTISGETQYF	AFPFTIYSL
CASSLMGMGDTGELFF	AFPFTIYSL
CASSYGGDTQYF	AFPFTIYSL
CASSGLAGETQYF	AFPFTIYSL
CASSQERAGGITDTQYF	AFPFTIYSL
CASSFGTGGPVDTGELFF	AFPFTIYSL
CSATSGRTYEQYF	AFPFTIYSL
CASSLSGANTEAFF	AFPFTIYSL
CASSWADTQYF	AFPFTIYSL
CASSITGELFF	AFPFTIYSL
CASSDTSGRAYEQYF	AFPFTIYSL
CASSIYQVPNQPQHF	AFPFTIYSL
CAARAWGGSEKLFF	AFPFTIYSL
CASSQGVGSGAFF	AFPFTIYSL
CASSLTGHEQFF	AFPFTIYSL
CASSYSGGTPGEKLFF	AFPFTIYSL
CASSLGLGGSYEQYF	AFPFTIYSL
CSVIMGQGNTGELFF	AFPFTIYSL
CASSASETQYF	AFPFTIYSL
CSAIPVGLISYEQYF	AFPFTIYSL
CSAFEEPSYEQYF	AFPFTIYSL
CASSLGETQYF	AFPFTIYSL
CSVWDSRNYGYTF	AFPFTIYSL
CASSPTGVAYTF	AFPFTIYSL
CASSYSPSAYEQFF	AFPFTIYSL
CASSSGTVTEAFF	AFPFTIYSL
CASSPTGYIQYF	AFPFTIYSL
CASSSSGETQYF	AFPFTIYSL
CASSPTGTLIGNTIYF	AFPFTIYSL
CASTFSGELFF	AFPFTIYSL
CSVQGGTDTQYF	AFPFTIYSL
CSARTGSGYTF	AFPFTIYSL
CSVERGRGYEQYF	AFPFTIYSL
CASSPGHYGYGYTF	AFPFTIYSL
CASSLQGAFAEAFF	AFPFTIYSL
CSVVSDRGVDEQFF	AFPFTIYSL
CASSLSAEAFF	AFPFTIYSL
CASSDRDNSYEQYF	AFPFTIYSL
CASSVEGVPYNEQFF	AFPFTIYSL
CASSLFGTGMETQYF	AFPFTIYSL
CSVLRLAGGQSGELFF	AFPFTIYSL
CASSLAGLPTSTDTQYF	AFPFTIYSL
CASSYVSGRYGYTF	AFPFTIYSL
CSARGVGGLHYEQYF	AFPFTIYSL
CASSLAEMTGTTEAFF	AFPFTIYSL
CASSQLTGGQPYEQYF	AFPFTIYSL
CASHRGGGQFF	AFPFTIYSL
CASSHGLAAAVSDTQYF	AFPFTIYSL
CASSLSYEQYF	AFPFTIYSL
CASSPTVNEQFF	AFPFTIYSL
CASSLAVGPEAFF	AFPFTIYSL
CASSPGGSYEQYF	AFPFTIYSL
CATSRGQGYEQYF	AFPFTIYSL
CSAFGLAGGAYEQYF	AFPFTIYSL
CASSFSGEQYF	AFPFTIYSL
CASGNEQFF	AFPFTIYSL
CASSLDLVKLFF	AFPFTIYSL
CASRQPDIYSGNTIYF	AFPFTIYSL
CASGPGLQGYTF	AFPFTIYSL
CSARDPSSYNSPLHF	AFPFTIYSL
CASTLTGESTGELFF	AFPFTIYSL
CASSQDLLSNTEAFF	AFPFTIYSL
CSALTPGYTF	AFPFTIYSL
CASSLTGAVTDTQYF	AFPFTIYSL
CASAGGPEQYF	AFPFTIYSL
CASSAPTGQGDYEQYF	AFPFTIYSL
CASGNEQFF	AFPFTIYSL
CASSIEDTDTQYF	AFPFTIYSL
CASSLAGNEKLFF	AFPFTIYSL
CASSWNTEAFF	AFPFTIYSL
CASQQATWETQYF	AFPFTIYSL
CASSVVDYTTDTQYF	AFPFTIYSL
CASSDQGLGQSSSSYEQYF	AFPFTIYSL
CASSFGAYNEQFF	AFPFTIYSL
CASSSSGSSADTQYF	AFPFTIYSL
CSVVLANTDTQYF	AFPFTIYSL
CASSLSTEAFF	AFPFTIYSL
CASSLLRDTYNEQFF	AFPFTIYSL
CSVVRGDGTGELFF	AFPFTIYSL
CSAATSGETYEQYF	AFPFTIYSL
CASSYLAAGGRRTQYF	AFPFTIYSL
CASQERDTQYF	AFPFTIYSL
CASSPQGSSTQYF	AFPFTIYSL
CSLTSGRATDTQYF	AFPFTIYSL
CASSFGGFPFF	AFPFTIYSL
CSVEVSGFEQFF	AFPFTIYSL
CASTFVGDEQFF	AFPFTIYSL
CASSLSGETQYF	AFPFTIYSL
CSASGTSGESSYEQYF	AFPFTIYSL
CASSLADEAFF	AFPFTIYSL
CASRGRGFGILSTYEQYF	AFPFTIYSL
CASSEGLHNEQFF	AFPFTIYSL
CASGLDIQGGQGDLLAKNIQYF	AFPFTIYSL
CASSAALSSNQPQHF	AFPFTIYSL
CSALREGRETQYF	AFPFTIYSL
CASRQGAGELFF	AFPFTIYSL
CSARQDGASDPGYTF	AFPFTIYSL
CASSEDLSGDYEQYF	AFPFTIYSL
CASSSLETQYF	AFPFTIYSL
CASSLTGAEQYF	AFPFTIYSL
CSAPRADSSYEQYF	AFPFTIYSL
CSASPPLLASDTQYF	AFPFTIYSL
CASSQVGEAFF	AFPFTIYSL
CASSPSGNTIYF	AFPFTIYSL
CASRRLAGGPTDTQYF	AFPFTIYSL
CASSLSYEQYF	AFPFTIYSL
CASSPTGGTEAFF	AFPFTIYSL
CASSPRQGGAYEQYF	AFPFTIYSL
CSARRLAGINEQFF	AFPFTIYSL
CASSFRGAGANVLTF	AFPFTIYSL
CASSYTGFEQYF	AFPFTIYSL
CASSPSVAGTYNEQFF	AFPFTIYSL
CASSLTQEQFF	AFPFTIYSL
CASSPNSLGLSSYNEQFF	AFPFTIYSL
CSASIINLYEQYF	AFPFTIYSL
CASSQYRAPNQPQHF	AFPFTIYSL
CASSFTGNIQYF	AFPFTIYSL
CASSPGVAGRGHNEQFF	AFPFTIYSL
CASSSGPGYTF	AFPFTIYSL
CSAPSGGAAETQYF	AFPFTIYSL
CASSTGGFLLHEQYF	AFPFTIYSL
CASSPQDTGELFF	AFPFTIYSL
CSARDIVAGVSPLHF	AFPFTIYSL
CASGLAGPNEQFF	AFPFTIYSL
CASSLGLAGSTDTQYF	AFPFTIYSL
CASSLTESSYNEQFF	AFPFTIYSL
CASSSGGGGTYEQYF	AFPFTIYSL
CSAREVGFDQPQHF	AFPFTIYSL
CASSLTGEELFF	AFPFTIYSL
CASSLMLGGVDTGELFF	AFPFTIYSL
CASSPDEDTQYF	AFPFTIYSL
CSVELGEGFEQYF	AFPFTIYSL
CASPAAGAVFNEQFF	AFPFTIYSL
CSRGGLAGVRADTQYF	AFPFTIYSL
CASSVAGLGNIQYF	AFPFTIYSL
CSAPGTGNSGNQPQHF	AFPFTIYSL
CASSMGRGYNEQFF	AFPFTIYSL
CASTKLSTGPAQYF	AFPFTIYSL
CASSQEWVGSPLHF	AFPFTIYSL
CASSLQGPGELFF	AFPFTIYSL
CASSLTGDGYTF	AFPFTIYSL
CASSPGTDSYEQYF	AFPFTIYSL
CSAVTSGGYFYEQYF	AFPFTIYSL
CASSYNQGNEQFF	AFPFTIYSL
CASSSSSEQYF	AFPFTIYSL
CASNYPGGGLFF	AFPFTIYSL
CSATPGTSTYEQYF	AFPFTIYSL
CASSATYNEQFF	AFPFTIYSL
CSGTANTGELFF	AFPFTIYSL
CASSFSYEQYF	AFPFTIYSL
CASSPSGTYEQYF	AFPFTIYSL
CASSLTYEQYF	AFPFTIYSL
CSARKDRWDYGYTF	AFPFTIYSL
CASSSSGASTDTQYF	AFPFTIYSL
CASSTSGYEQYF	AFPFTIYSL
CASGQTGELFF	AFPFTIYSL
CSAPIGQGFEQYF	AFPFTIYSL
CATSRGAEETQYF	AFPFTIYSL
CASSRDEQFF	AFPFTIYSL
CASRVTSGAYNEQFF	AFPFTIYSL
CSARDLGLAGVMQYF	AFPFTIYSL
CASSLGLGGEAFF	AFPFTIYSL
CSVEGGQGYNEQFF	AFPFTIYSL
CASSLAGGMNEQFF	AFPFTIYSL
CASSLAGNPFF	AFPFTIYSL
CSVEKGQGYEQYF	AFPFTIYSL
CASSFAGQETQYF	AFPFTIYSL
CASSFGGAGTDTQYF	AFPFTIYSL
CASSQERGGETQYF	AFPFTIYSL
CASSSTGLGGYTF	AFPFTIYSL
CSANTRGETQYF	AFPFTIYSL
CSVATGSSGNTIYF	AFPFTIYSL
CASSHYDGGYNEQFF	AFPFTIYSL
CASSFGGRGRQETQYF	AFPFTIYSL
CASSPRGDEQFF	AFPFTIYSL
CSASSGSVEQFF	AFPFTIYSL
CASSMGPADGYTF	AFPFTIYSL
CSVEVSGAGANVLTF	AFPFTIYSL
CASSVAVGTTNYEQYF	AFPFTIYSL
CASSSSYEQYF	AFPFTIYSL
CSASPSGGHYEQYF	AFPFTIYSL
CSAPGTTSTDTQYF	AFPFTIYSL
CASSPPTSEQYF	AFPFTIYSL
CASSPQGETLHF	AFPFTIYSL
CASSPTGHEQYF	AFPFTIYSL
CAISVDGGPQETQYF	AFPFTIYSL
CASSLASSYNEQFF	AFPFTIYSL
CASSTTSETQYF	AFPFTIYSL
CSAVRGTGMRSNQPQHF	AFPFTIYSL
CASSQAGEKLFF	AFPFTIYSL
CSAVRDNSYNEQFF	AFPFTIYSL
CATSRGSGETQYF	AFPFTIYSL
CATSDIVAGDYNEQFF	AFPFTIYSL
CASSSFGQEEFF	AFPFTIYSL
CASSVETVYNEQFF	AFPFTIYSL
CASSVELAGTWGTQYF	AFPFTIYSL
CASSEAGGANEQFF	AFPFTIYSL
CASSRGQPQHF	AFPFTIYSL
CATSRTDTQYF	AFPFTIYSL
CSARGRTGGRYTEAFF	AFPFTIYSL
CATSRGQQETQYF	AFPFTIYSL
CSVVGGQGEAFF	AFPFTIYSL
CSVERGSNEQFF	AFPFTIYSL
CASSQEVAQETQYF	AFPFTIYSL
CASSVDGHFLGNTIYF	AFPFTIYSL
CASSFQGATEAFF	AFPFTIYSL
CASSLDGFEQYF	AFPFTIYSL
CALGQGAKETQYF	AFPFTIYSL
CASGSGVGYTF	AFPFTIYSL
CARRQPQHF	AFPFTIYSL
CASSLSSWYEQFF	AFPFTIYSL
CASSLQETQYF	AFPFTIYSL
CSSQGLDVVGSYNEQFF	AFPFTIYSL
CASSAGGIGGTYEQYF	AFPFTIYSL
CASSYGGETQYF	AFPFTIYSL
CASSLFFGGGASSYNEQFF	AFPFTIYSL
CASSPGGGEQFF	AFPFTIYSL
CASSLAGEPNF	AFPFTIYSL
CASSLASWQYF	AFPFTIYSL
CSVSGTMTYEQYF	AFPFTIYSL
CASSYGSETQYF	AFPFTIYSL
CASSPTAGDSGNTIYF	AFPFTIYSL
CASSLGLGNEQFF	AFPFTIYSL
CASSFVYEQFF	AFPFTIYSL
CASSAFRRDGSSPLHF	AFPFTIYSL
CASSETIPRDF	AFPFTIYSL
CASSLTPGRSYEQYF	AFPFTIYSL
CASSPSGAEQYF	AFPFTIYSL
CASSPTGDTQYF	AFPFTIYSL
CASSLTSGGLQETQYF	AFPFTIYSL
CASSFGDQISF	AFPFTIYSL
CATSPANTEAFF	AFPFTIYSL
CATSERQESSQHF	AFPFTIYSL
CASGLDGSLFF	AFPFTIYSL
CASSQEIASEPQHF	AFPFTIYSL
CSAILVITGAYEQYF	AFPFTIYSL
CSADDRDGNQPQHF	AFPFTIYSL
CSVISGGQTQYF	AFPFTIYSL
CSATLAGTTYEQYF	AFPFTIYSL
CASSFDGGKLFF	AFPFTIYSL
CASSLQIANTGELFF	AFPFTIYSL
CASSSTSGGMDEQYF	AFPFTIYSL
CASSLGQGPYTF	AFPFTIYSL
CASSFVGELFF	AFPFTIYSL
CASSPGGDTQYF	AFPFTIYSL
CASSPTGFGYTF	AFPFTIYSL
CASSLAGETYEQYF	AFPFTIYSL
CASSPGGGARDPSYEQYF	AFPFTIYSL
CSVQSGRGTEAFF	AFPFTIYSL
CASSFQGLNEKLFF	AFPFTIYSL
CASSPTGATIYF	AFPFTIYSL
CASSGTSGYYEQYF	AFPFTIYSL
CASSLSYEQYF	AFPFTIYSL
CASSPLARTDTQYF	AFPFTIYSL
CSGIPNYEQYF	AFPFTIYSL
CASSVELAGGLNRQFF	AFPFTIYSL
CASGPGLAGEQYF	AFPFTIYSL
CASSPSGEKLFF	AFPFTIYSL
CASSLGLNGELFF	AFPFTIYSL
CASSPSGNGYTF	AFPFTIYSL
CASSIGGREQYF	AFPFTIYSL
CASSLQGETQYF	AFPFTIYSL
CASSFTSYEQYF	AFPFTIYSL
CSVERGRGNEQFF	AFPFTIYSL
CASSLGYEQYF	AFPFTIYSL
CASSQDFGPQPQHF	AFPFTIYSL
CASSFAVEQYF	AFPFTIYSL
CSAPGLAVEDTQYF	AFPFTIYSL
CASNRGEDTQYF	AFPFTIYSL
CASRLDPSRSYEQYF	AFPFTIYSL
CASRSGRDQYF	AFPFTIYSL
CASSLVGETQYF	AFPFTIYSL
CSARDLGLGRPVDTQYF	AFPFTIYSL
CASSGQGETQYF	AFPFTIYSL
CASSFSYEQYF	AFPFTIYSL
CATSRQDQETQYF	AFPFTIYSL
CASSLSLGFIPGQGDSGYGYTF	AFPFTIYSL
CASSGVRDSLEAFF	AFPFTIYSL
CSVETGNGETQYF	AFPFTIYSL
CASSLVNEQFF	AFPFTIYSL
CASSYSRAGPNTGELFF	AFPFTIYSL
CASSSRNSGNTIYF	AFPFTIYSL
CSARATESGELFF	AFPFTIYSL
CASSLSNEQFF	AFPFTIYSL
CASTYSGSSYTF	AFPFTIYSL
CASSQGVGASGTQETQYF	AFPFTIYSL
CASLSALAHEQFF	AFPFTIYSL
CASSITGAYEQYF	AFPFTIYSL
CSVSGGEQFF	AFPFTIYSL
CATSSHGTTTYNEQFF	AFPFTIYSL
CASMGGRPEAFF	AFPFTIYSL
CASSPDGAGNTIYF	AFPFTIYSL
CASSFNHEQYF	AFPFTIYSL
CASSPSTEAFF	AFPFTIYSL
CASSLTGFGYTF	AFPFTIYSL
CASSSSPEQYF	AFPFTIYSL
CSGLEHNEQFF	AFPFTIYSL
CASSYAEKLFF	AFPFTIYSL
CASSWGLAGFGTQYF	AFPFTIYSL
CASSWAGAGSYGYTF	AFPFTIYSL
CASSESPSGTQETQYF	AFPFTIYSL
CASSFNTGELFF	AFPFTIYSL
CSVGTGTSYEQYF	AFPFTIYSL
CASSRVGTGDEQYF	AFPFTIYSL
CASSLAETQYF	AFPFTIYSL
CATSRASTGQGFEQYF	AFPFTIYSL
CASSEGGGSTDTQYF	AFPFTIYSL
CASSFGQAKYF	AFPFTIYSL
CASSFVGLAGNEQFF	AFPFTIYSL
CASSSAWTGSYEQYF	AFPFTIYSL
CASSLKERIGEQYF	AFPFTIYSL
CASSQVGETQYF	AFPFTIYSL
CASSLSGSRVKGQFF	AFPFTIYSL
CASSPNGRDEQFF	AFPFTIYSL
CASSLSGETQYF	AFPFTIYSL
CASSLSGANEQFF	AFPFTIYSL
CATNYGGFETQYF	AFPFTIYSL
CSAREGGVITEAFF	AFPFTIYSL
CASSVEGGLDEQFF	AFPFTIYSL
CASSQVTGGSDYGYTF	AFPFTIYSL
CASSFSFMNQPQHF	AFPFTIYSL
CASSLAGQEYF	AFPFTIYSL
CASSLNSNQPQHF	AFPFTIYSL
CASSSTGETQYF	AFPFTIYSL
CASSLSVEQFF	AFPFTIYSL
CASSLSGETQYF	AFPFTIYSL
CSVELGQGYNEQFF	AFPFTIYSL
CASSLRPYEQYF	AFPFTIYSL
CASSAGPGEGYEQYF	AFPFTIYSL
CSARESIPLGGTSAYNEQFF	AFPFTIYSL
CASSFEGQPQHF	AFPFTIYSL
CASSLYPGEQYF	AFPFTIYSL
CSVVPGTVPSYEQYF	AFPFTIYSL
CASSWGGRAYGYTF	AFPFTIYSL
CASSQEYGSRYEQYF	AFPFTIYSL
CASSPVIGQGVRSYEQYF	AFPFTIYSL
CASSLSRTDTQYF	AFPFTIYSL
CATSMGLAGVGGELFF	AFPFTIYSL
CASSFLSEQYF	AFPFTIYSL
CASSLRVGGEQFF	AFPFTIYSL
CASSQKDRPGGGYTF	AFPFTIYSL
CASSFSTEQFF	AFPFTIYSL
CASRVGTGGGTDTQYF	AFPFTIYSL
CASSLFPFNQPQHF	AFPFTIYSL
CATSRTDRGEQYF	AFPFTIYSL
CASSYSGEQYF	AFPFTIYSL
CSAAQGSETQYF	AFPFTIYSL
CASSFLGQNYNEQFF	AFPFTIYSL
CASSEHAGGSYEQYF	AFPFTIYSL
CASKEYNEQFF	AFPFTIYSL
CASIGGLHTEAFF	AFPFTIYSL
CASSIGGREQYF	AFPFTIYSL
CASSSDFSSYEQYF	AFPFTIYSL
CASSWASYEQYF	AFPFTIYSL
CASSRDYEQYF	AFPFTIYSL
CASSFSGETQYF	AFPFTIYSL
CASSLGYEQYF	AFPFTIYSL
CASSSGLAMFF	AFPFTIYSL
CASSRTGSEAFF	AFPFTIYSL
CASSFSKLAGEGEQFF	AFPFTIYSL
CATSRGSQETQYF	AFPFTIYSL
CASGGYGYTF	AFPFTIYSL
CASSVEEGGVTDTQYF	AFPFTIYSL
CASSPLGSPGGTEAFF	AFPFTIYSL
CASSLAGVVDVYF	AFPFTIYSL
CASSYAGTTQYF	AFPFTIYSL
CSVETGTGHEQYF	AFPFTIYSL
CSVEEGGRGYEQYF	AFPFTIYSL
CASSAPGGGEQFF	AFPFTIYSL
CASSQVGYWELFF	AFPFTIYSL
CASWALNEKLFF	AFPFTIYSL
CSASGTSDSYEQYF	AFPFTIYSL
CASSFSGEQFF	AFPFTIYSL
CASRGDRLSSYEQYF	AFPFTIYSL
CASSPTGAEAFF	AFPFTIYSL
CASSYNGLVF	AFPFTIYSL
CASSLEGLSRHF	AFPFTIYSL
CASSHLSEQFF	AFPFTIYSL
CASSQHSNQPQHF	AFPFTIYSL
CASSAIDRGGTEAFF	AFPFTIYSL
CAGGFSGELFF	AFPFTIYSL
CASSQTYTGGGPGELFF	AFPFTIYSL
CASSVNSNQPQHF	AFPFTIYSL
CASSWGGGGLEAQYF	AFPFTIYSL
CASSGGAEAFF	AFPFTIYSL
CASSQPIGGNEQFF	AFPFTIYSL
CASSPAGTPTF	AFPFTIYSL
CSAPSYNEQFF	AFPFTIYSL
CASSWTGAGEQYF	AFPFTIYSL
CASSPSGEQYF	AFPFTIYSL
CASSPTEAFF	AFPFTIYSL
CASSDPPGLAGRTDTQYF	AFPFTIYSL
CASSQGGETQYF	AFPFTIYSL
CASMGGADTQYF	AFPFTIYSL
CASSVDSGSYEQYF	AFPFTIYSL
CASSSDSPAEQYF	AFPFTIYSL
CASSSTGAEQYF	AFPFTIYSL
CASSQTGVTYEQYF	AFPFTIYSL
CASSNTGEKLFF	AFPFTIYSL
CAISPGGGEQFF	AFPFTIYSL
CASSWVSSGGDSYNEQFF	AFPFTIYSL
CASSVELRGTDTQYF	AFPFTIYSL
CSVFGPTSGAFQETQYF	AFPFTIYSL
CAIGYNEQFF	AFPFTIYSL
CASSLDSGYNEQFF	AFPFTIYSL
CASSPSGETQYF	AFPFTIYSL
CSATAPGANYEQYF	AFPFTIYSL
CASSHSSEQYF	AFPFTIYSL
CASSPGGGGGYTF	AFPFTIYSL
CASSYKAEAFF	AFPFTIYSL
CASSLSYEQYF	AFPFTIYSL
CASSLTGETQYF	AFPFTIYSL
CASSFTGNTIYF	AFPFTIYSL
CASTQGGYGYTF	AFPFTIYSL
CASSPFLSPDTQYF	AFPFTIYSL
CASSSGTGIDEQFF	AFPFTIYSL
CASSFWGAQSSYEQYF	AFPFTIYSL
CASSHPGTEAFF	AFPFTIYSL
CASSTAAEAFF	AFPFTIYSL
CASSVEGAGAKNIQYF	AFPFTIYSL
CAITNTGELFF	AFPFTIYSL
CATSRGGELFF	AFPFTIYSL
CSVEVGSSYNEQFF	AFPFTIYSL
CASSIGGTTSHF	AFPFTIYSL
CASSYYPGVPQETQYF	AFPFTIYSL
CASSVGSYEQYF	AFPFTIYSL
CSAIEGTGELFF	AFPFTIYSL
CASSMRGTSSYNEQFF	AFPFTIYSL
CATEVGSGANVLTF	AFPFTIYSL
CASSVDKAPGSQYF	AFPFTIYSL
CASSLSGTQYF	AFPFTIYSL
CATSLGPWGYEQYF	AFPFTIYSL
CASSNSGETQYF	AFPFTIYSL
CAISEWQIPNTGELFF	AFPFTIYSL
CASSYKETQYF	AFPFTIYSL
CASSPGPYEQYF	AFPFTIYSL
CASRNGPYEQYF	AFPFTIYSL
CASSQASGGGTDTQYF	AFPFTIYSL
CASSVTGAEQYF	AFPFTIYSL
CATSLAAGLFEQGTDTQYF	AFPFTIYSL
CSAIVGGTGELFF	AFPFTIYSL
CATQWTGEKLFF	AFPFTIYSL
CASSEGAGAPNTEAFF	AFPFTIYSL
CASLGGRDEQFF	AFPFTIYSL
CASSIGGEPQHF	AFPFTIYSL
CATLFVPEQFF	AFPFTIYSL
CATGTGELFF	AFPFTIYSL
CASSVVGALDEQYF	AFPFTIYSL
CASSQELTGELFF	AFPFTIYSL
CASSFVAGGPTGELFF	AFPFTIYSL
CASSLNGEKLFF	AFPFTIYSL
CASSGQGETQYF	AFPFTIYSL
CASVGSGDGYTF	AFPFTIYSL
CASSLTGTGSIIPYEQYF	AFPFTIYSL
CASSPSGYEQYF	AFPFTIYSL
CASSFVTGVTDTQYF	AFPFTIYSL
CASSLKVYEAFF	AFPFTIYSL
CSAPDRGINTEAFF	AFPFTIYSL
CASSYAGETQYF	AFPFTIYSL
CASSWTGEKLFF	AFPFTIYSL
CASSPRTGYNEQFF	AFPFTIYSL
CASSLAGGSTDTQYF	AFPFTIYSL
CASSQIREGGVGQPQHF	AFPFTIYSL
CASSQLEKLFF	AFPFTIYSL
CASSPTGAEAFF	AFPFTIYSL
CASGYTYEQYF	AFPFTIYSL
CASSLGPSQHF	AFPFTIYSL
CASSLQGETQYF	AFPFTIYSL
CASHSGALLEQYF	AFPFTIYSL
CASSLGGESYEQYF	AFPFTIYSL
CASSPTGYEQYF	AFPFTIYSL
CASGGGGHEQYF	AFPFTIYSL
CASSQSEAGENSPLHF	AFPFTIYSL
CASSLTGAEQYF	AFPFTIYSL
CASSLTYEQYF	AFPFTIYSL
CASSLEVRETQYF	AFPFTIYSL
CSARTGDNEQFF	AFPFTIYSL
CASSPFGFF	AFPFTIYSL
CASIPGGLAGPPSRDTQYF	AFPFTIYSL
CASSWDGGGEQYF	AFPFTIYSL
CASSLPDGIRGEQYF	AFPFTIYSL
CSVQTGGGFEQYF	AFPFTIYSL
CSARGLVGEKLFF	AFPFTIYSL
CASGRLDEQYF	AFPFTIYSL
CASSPLETF	AFPFTIYSL
CASSSSGETQYF	AFPFTIYSL
CATSDFQNEQFF	AFPFTIYSL
CSAGQGTPSYNEQFF	AFPFTIYSL
CSVEQGQGYEQYF	AFPFTIYSL
CSVERGTGELFF	AFPFTIYSL
CSASGPGTSDFSYEQYF	AFPFTIYSL
CASSPTAPDITNQPQHF	AFPFTIYSL
CASSQVDRGPYGYTF	AFPFTIYSL
CAISEWGNTEAFF	AFPFTIYSL
CASSFTGTDYEQYF	AFPFTIYSL
CASSLASLAELFF	AFPFTIYSL
CASSSRHFSGNTIYF	AFPFTIYSL
CSATGLPTYEQYF	AFPFTIYSL
CASSQTGANPPQHF	AFPFTIYSL
CASSQGLEQYF	AFPFTIYSL
CASSLGQGGRDTEAFF	AFPFTIYSL
CSATRGQETQYF	AFPFTIYSL
CSVEVGSGYEQYF	AFPFTIYSL
CASSFVGVFNEQFF	AFPFTIYSL
CSARTVNTGELFF	AFPFTIYSL
CASSLDRGYEQYF	AFPFTIYSL
CASSLASETFF	AFPFTIYSL
CAISESGDEKLFF	AFPFTIYSL
CASSQEGTSGAFF	AFPFTIYSL
CASSGGTGAYEQYF	AFPFTIYSL
CASSWTVNTIYF	AFPFTIYSL
CASSPNQPQHF	AFPFTIYSL
CASSLDGETQYF	AFPFTIYSL
CASSFSETQYF	AFPFTIYSL
CSVTSGSAEQYF	AFPFTIYSL
CASSLEGIYGYTF	AFPFTIYSL
CASSPDYSNIQYF	AFPFTIYSL
CASSPGWGQGYEQYF	AFPFTIYSL
CSARDVYEQYF	AFPFTIYSL
CASSFSPSGTIAPDTQYF	AFPFTIYSL
CASRGQGPYEQYF	AFPFTIYSL
CASSQFTSGQETQYF	AFPFTIYSL
CASSKKRERTPGSCFF	AFPFTIYSL
CASRGTSGSYEQYF	AFPFTIYSL
CSAPIGDRRYEQYF	AFPFTIYSL
CASSLVDSGANEQFF	AFPFTIYSL
CASSSGMPTQYF	AFPFTIYSL
CASSPTGGAEQYF	AFPFTIYSL
CASSLGAVAFF	AFPFTIYSL
CASGVVTNQPQHF	AFPFTIYSL
CAWSSTFGAGEYEQYF	AFPFTIYSL
CASSPTGAEQYF	AFPFTIYSL
CASSPTGAQGYF	AFPFTIYSL
CSVEDGFRFQETQYF	AFPFTIYSL
CASSLGQGQYDGYTF	AFPFTIYSL
CSARDYGSRGNIQYF	AFPFTIYSL
CASSLGLAGGRTYEQYF	AFPFTIYSL
CASSPGATIYF	AFPFTIYSL
CASSYGGTGYTF	AFPFTIYSL
CASSLAGGSYNEQFF	AFPFTIYSL
CASSQGGYEQYF	AFPFTIYSL
CASSSGTVNYEQYF	AFPFTIYSL
CSAPSYNEQFF	AFPFTIYSL
CASSYSVGQFF	AFPFTIYSL
CASKVFGAGELFF	AFPFTIYSL
CASSPTGHEQYF	AFPFTIYSL
CSVELGRGYEQYF	AFPFTIYSL
CASSDRGNNEQFF	AFPFTIYSL
CASSPSGGQADFQYF	AFPFTIYSL
CASSVEGGWVYNEQFF	AFPFTIYSL
CSARGSDRGAYNEQFF	AFPFTIYSL
CATSDFHGLAGEVNTGELFF	AFPFTIYSL
CASSLAVGLVNQPQHF	AFPFTIYSL
CASSLEGEKLFF	AFPFTIYSL
CASSPADTQYF	AFPFTIYSL
CASSPEVFEGGEQYF	AFPFTIYSL
CASSFAPNTGELFF	AFPFTIYSL
CASSVSQGERTEAFF	AFPFTIYSL
CASSPAGLKQFF	AFPFTIYSL
CASSLPGTGSGYTF	AFPFTIYSL
CASSPIPLGNEQFF	AFPFTIYSL
CASSSTGGSTDTQYF	AFPFTIYSL
CASSYVSQGYGYTF	AFPFTIYSL
CASSLSSGSEQFF	AFPFTIYSL
CASSPRGDGEQYF	AFPFTIYSL
CASSPSYEQYF	AFPFTIYSL
CSANHSPSGFGNEQFF	AFPFTIYSL
CASSSTGGTEAFF	AFPFTIYSL
CASSFHGEQYF	AFPFTIYSL
CASSFEVNRFYEQFF	AFPFTIYSL
CATSSRGKETQYF	AFPFTIYSL
CASVPQGRAEAFF	AFPFTIYSL
CASSFGTEAFF	AFPFTIYSL
CASSPVRWTSTDTQYF	AFPFTIYSL
CASTPEGDYGYTF	AFPFTIYSL
CASSDTGAGYTF	AFPFTIYSL
CASSEGLGQPQHF	AFPFTIYSL
CASSDTGGNEQFF	AFPFTIYSL
CASSLTDTQYF	AFPFTIYSL
CASSVELAGDLGELFF	AFPFTIYSL
CSVEDLGFEQFF	AFPFTIYSL
CASSSFIAGVKNEQFF	AFPFTIYSL
CASSLSYLGDGANVLTF	AFPFTIYSL
CASSQGQGNTGELFF	AFPFTIYSL
CASSQGARGYEQYF	AFPFTIYSL
CATSSGQGPEAFF	AFPFTIYSL
CASSLSGRTRTYEQYF	AFPFTIYSL
CASSYSDRAKGTGELFF	AFPFTIYSL
CATSRDLPGQFYEQYF	AFPFTIYSL
CSAIEGLTYEQYF	AFPFTIYSL
CASSLSSYQYF	AFPFTIYSL
CASSLTSYEQYF	AFPFTIYSL
CASSFSGSGGSYEQYF	AFPFTIYSL
CASSSLSGSYYNEQFF	AFPFTIYSL
CSASRDRETQYF	AFPFTIYSL
CAMTSGTGYTF	AFPFTIYSL
CASSPSTEAFF	AFPFTIYSL
CASISANIQYF	AFPFTIYSL
CASSLGATADF	AFPFTIYSL
CASSSPSGIQGAAYEQYF	AFPFTIYSL
CASWEGAEAFF	AFPFTIYSL
CASLPGGGLQETQYF	AFPFTIYSL
CASNSPLHF	AFPFTIYSL
CASSYSPLAGGDTQYF	AFPFTIYSL
CASSSTTDLALETQYF	AFPFTIYSL
CASSSPRGDRLKSSYEQYF	AFPFTIYSL
CASSLSPNEQFF	AFPFTIYSL
CASSTRLAGGFQETQYF	AFPFTIYSL
CASSTTGAEQYF	AFPFTIYSL
CASSAAVWDTGELFF	AFPFTIYSL
CASSGTSGMYEQYF	AFPFTIYSL
CSAILGSGNTIYF	AFPFTIYSL
CATSSEWDRYYGYTF	AFPFTIYSL
CATSREGQETQYF	AFPFTIYSL
CASSQGRAQGELFF	AFPFTIYSL
CSVEDGQGREQYF	AFPFTIYSL
CASSYGSTEAFF	AFPFTIYSL
CASSLGAYEQYF	AFPFTIYSL
CASSFGSYEQYF	AFPFTIYSL
CSVFGWVSKGSYEQYF	AFPFTIYSL
CASSLGQYEQYF	AFPFTIYSL
CASSPASEQYF	AFPFTIYSL
CASSYSPTGTSGAAQYF	AFPFTIYSL
CASSVASGGVLDTQYF	AFPFTIYSL
CASSIHGVTYEQYF	AFPFTIYSL
CASSPTGETQYF	AFPFTIYSL
CAWGTAGNTIYF	AFPFTIYSL
CASRTVKNIQYF	AFPFTIYSL
CASSYDRVNTEAFF	AFPFTIYSL
CSATTDMGEKLFF	AFPFTIYSL
CASSDTGNGYTF	AFPFTIYSL
CASGGEQFF	AFPFTIYSL
CATSLQSEETQYF	AFPFTIYSL
CASSFGGQSEQFF	AFPFTIYSL
CASSFGAGNQPQHF	AFPFTIYSL
CASSVEGLSDWQFF	AFPFTIYSL
CASSYGGELFF	AFPFTIYSL
CASSSSGASTDTQYF	AFPFTIYSL
CASSSGPPGTNEKLFF	AFPFTIYSL
CASSLSSEQYF	AFPFTIYSL
CASSPQWTSGTYEQYF	AFPFTIYSL
CASSSGLQNYEQYF	AFPFTIYSL
CASSWTGGGGYTF	AFPFTIYSL
CSVEFGQAYNEQFF	AFPFTIYSL
CASSIGGGVLTF	AFPFTIYSL
CSASGSGSYYEQYF	AFPFTIYSL
CATLTLGEQYF	AFPFTIYSL
CASSFTSEAFF	AFPFTIYSL
CASSASRDPPHGSYNEQFF	AFPFTIYSL
CSVVTGIYEQYF	AFPFTIYSL
CASSYSGEGNTF	AFPFTIYSL
CASSLTGGYGYTF	AFPFTIYSL
CASSLAETQYF	AFPFTIYSL
CASISVGTDYYGYTF	AFPFTIYSL
CASSLVYEQYF	AFPFTIYSL
CASSSSGASTDTQYF	AFPFTIYSL
CASSLPWAGVLNTEAFF	AFPFTIYSL
CASKEGAFINQPQHF	AFPFTIYSL
CAISDQGLTYEQYF	AFPFTIYSL
CASSGLKETQYF	AFPFTIYSL
CASSWADTQYF	AFPFTIYSL
CASSYSALVYTF	AFPFTIYSL
CASSQSRGPEAFF	AFPFTIYSL
CASSYIYEQYF	AFPFTIYSL
CASSRTGHYSTF	AFPFTIYSL
CSVETGDTYNEQFF	AFPFTIYSL
CASNPPGGNEQFF	AFPFTIYSL
CASSPTGFEQFF	AFPFTIYSL
CASSLAGPEGQYF	AFPFTIYSL
CASSSGGYTEAFF	AFPFTIYSL
CASSYGGETQYF	AFPFTIYSL
CSAVIGQGLTYEQYF	AFPFTIYSL
CASSNRQGAVNSPLHF	AFPFTIYSL
CASSEGLAADTQYF	AFPFTIYSL
CASSPLGGRISYEQYF	AFPFTIYSL
CASSFAGPPTGTDTQYF	AFPFTIYSL
CSARPTSGRSDEQFF	AFPFTIYSL
CASSNMGLGQPQHF	AFPFTIYSL
CASSSGLAGGTDTQYF	AFPFTIYSL
CARRLLGLGPDTGELFF	AFPFTIYSL
CASSLVGETQYF	AFPFTIYSL
CASSAVNTGELFF	AFPFTIYSL
CASQREGTSEQFF	AFPFTIYSL
CASSRTGGDGYTF	AFPFTIYSL
CASSYGGINEQFF	AFPFTIYSL
CSALLGRVNNEQFF	AFPFTIYSL
CSATVGTGELFF	AFPFTIYSL
CASSYNGGSGYTF	AFPFTIYSL
CSAVGGTGELFF	AFPFTIYSL
CASSYGLGQPQHF	AFPFTIYSL
CASSSGELFF	AFPFTIYSL
CASSVEFGSNYGYTF	AFPFTIYSL
CASSKSDRPIAKNIQYF	AFPFTIYSL
CSATGTGESYEQYF	AFPFTIYSL
CASSPSGETQYF	AFPFTIYSL
CASSGGYEQYF	AFPFTIYSL
CASSFTGTEAFF	AFPFTIYSL
CASSETGEQYF	AFPFTIYSL
CASSRTGETQYF	AFPFTIYSL
CASNDLGETYEQYF	AFPFTIYSL
CASSFSGYNEQFF	AFPFTIYSL
CASSPTGETQYF	AFPFTIYSL
CASSGTGELFF	AFPFTIYSL
CASSYSGETQYF	AFPFTIYSL
CASSFTGSEQFF	AFPFTIYSL
CASSSLGASGANVLTF	AFPFTIYSL
CASSGSGRSYNEQFF	AFPFTIYSL
CASSQYPGLEKLFF	AFPFTIYSL
CASSPSGRYEQYF	AFPFTIYSL
CASTQRGSGTEAFF	AFPFTIYSL
CSVEDGGGYEQYF	AFPFTIYSL
CASSFRYEAFF	AFPFTIYSL
CSGFRDAGTQYF	AFPFTIYSL
CASSFANEQFF	AFPFTIYSL
CASSSQAEQYF	AFPFTIYSL
CASSSTGASLFF	AFPFTIYSL
CASSYSGSGYTF	AFPFTIYSL
CASRTDFQETQYF	AFPFTIYSL
CASSFGDTIYF	AFPFTIYSL
CASSPHGAYNEQFF	AFPFTIYSL
CASSRARTGYGGELFF	AFPFTIYSL
CSVADGQGKGETQYF	AFPFTIYSL
CASSFSSEQYF	AFPFTIYSL
CASRRRSTNEKLFF	AFPFTIYSL
CASSFMAEQFF	AFPFTIYSL
CASSHGDTQYF	AFPFTIYSL
CASSLAPGAGVVFF	AFPFTIYSL
CASSAYVNNQPQHF	AFPFTIYSL
CASSSSGASTDTQYF	AFPFTIYSL
CSVETGASGNTIYF	AFPFTIYSL
CASSFANEQFF	AFPFTIYSL
CASSLLPGVSGNTIYF	AFPFTIYSL
CAIRNSNEKLFF	AFPFTIYSL
CSARDFASTGTGGIDEQFF	AFPFTIYSL
CASSLGDEQYF	AFPFTIYSL
CASSFSGNEQFF	AFPFTIYSL
CSAIALTSGPWDEQFF	AFPFTIYSL
CASSFTGSGAFF	AFPFTIYSL
CASSLVGAELAF	AFPFTIYSL
CASSYPGGGGRTEAFF	AFPFTIYSL
CASSLPSGYNEQFF	AFPFTIYSL
CASSFTGELFF	AFPFTIYSL
CASSYGGNEQFF	AFPFTIYSL
CSARDWAAVLTF	AFPFTIYSL
CASSPGGSSYEQYF	AFPFTIYSL
CASSQEGLAGGPSTDTQYF	AFPFTIYSL
CASSQSYPTYQPQHF	AFPFTIYSL
CASSPTGETQYF	AFPFTIYSL
CSAISGSGNTIYF	AFPFTIYSL
CASSTPFTNYGYTF	AFPFTIYSL
CASSYGSTEAFF	AFPFTIYSL
CASSYSSREEGSYEQYF	AFPFTIYSL
CASSYGSYGYTF	AFPFTIYSL
CASSFSETQYF	AFPFTIYSL
CASSVAGLENEQFF	AFPFTIYSL
CASSPTGELFF	AFPFTIYSL
CASSATGSEQYF	AFPFTIYSL
CASSSSGGSTDTQYF	AFPFTIYSL
CASSPWAGANEQYF	AFPFTIYSL
CSVETGQGYEQFF	AFPFTIYSL
CASSYSGETQYF	AFPFTIYSL
CASSVSGETQYF	AFPFTIYSL
CSARVYVEQFF	AFPFTIYSL
CASSSSIGYTF	AFPFTIYSL
CASSFSSEQYF	AFPFTIYSL
CASSSGPGYTF	AFPFTIYSL
CASSSGVGANVLTF	AFPFTIYSL
CSVQSGTSGDNQYF	AFPFTIYSL
CASSSSGNTIYF	AFPFTIYSL
CASSLRLVVHEQYF	AFPFTIYSL
CASSPDRAPYEQYF	AFPFTIYSL
CSVRTGDRYEQYF	AFPFTIYSL
CASSGGTSGTYEQYF	AFPFTIYSL
CASSPPGGRSYEQYF	AFPFTIYSL
CASSLTDTQYF	AFPFTIYSL
CASSFRGYEQYF	AFPFTIYSL
CASSFQGFTEAFF	AFPFTIYSL
CASSAGYNEQFF	AFPFTIYSL
CASSETTGTSGRISYNEQFF	AFPFTIYSL
CASGVGGNGYTF	AFPFTIYSL
CASSQRDGQPQHF	AFPFTIYSL
CASSVREGLPYNEQFF	AFPFTIYSL
CASSVWDRGDHPGELFF	AFPFTIYSL
CASSLGLHQPQHF	AFPFTIYSL
CASSLWDSSTYEQYF	AFPFTIYSL
CASGLDVGQGGGYTF	AFPFTIYSL
CASSFPTETQYF	AFPFTIYSL
CASSQDPAGPYEQYF	AFPFTIYSL
CATSLTVDGADTQYF	AFPFTIYSL
CASNNPTSGVSNQPQHF	AFPFTIYSL
CASSEAAAGMSYEQYF	AFPFTIYSL
CASSKAGRRLFF	AFPFTIYSL
CASSFASQAFF	AFPFTIYSL
CASSLGGEQFF	AFPFTIYSL
CASSLTGGADGYTF	AFPFTIYSL
CASSDGYGYTF	AFPFTIYSL
CASSPSEAFF	AFPFTIYSL
CSVDARGLAGGHGGNEQFF	AFPFTIYSL
CASSQVGFYNEQFF	AFPFTIYSL
CASSLAAEQFF	AFPFTIYSL
CASSERDLYHEAFF	AFPFTIYSL
CASSLVGDTQYF	AFPFTIYSL
CASSLLGYGSPLHF	AFPFTIYSL
CASTLGPLGSYEQYF	AFPFTIYSL
CASSGTGGLPLYGYTF	AFPFTIYSL
CASSVVGPLNEKLFF	AFPFTIYSL
CASRTTGLPYEQYF	AFPFTIYSL
CASSLKPSYNEQFF	AFPFTIYSL
CASSYSSTPSYEQYF	AFPFTIYSL
CASSWSGRGYTF	AFPFTIYSL
CATSRPEQETQYF	AFPFTIYSL
CASSIVDRNEAFF	AFPFTIYSL
CASSRRGTDYTGELFF	AFPFTIYSL
CAITASGYEQYF	AFPFTIYSL
CASSAELAGVLEQYF	AFPFTIYSL
CASSYAGTEAFF	AFPFTIYSL
CASSRGLAGGVETQYF	AFPFTIYSL
CSPILDNEQFF	AFPFTIYSL
CASSYNGVEQFF	AFPFTIYSL
CASSSEGLARVF	AFPFTIYSL
CATSDNSEGNEQFF	AFPFTIYSL
CASSFSPGGLFF	AFPFTIYSL
CASRSTSGSYEQYF	AFPFTIYSL
CASSPGSYNEQFF	AFPFTIYSL
CASDYGAGFEQFF	AFPFTIYSL
CASSPVSSLYNEQFF	AFPFTIYSL
CSASLQDLKYEQYF	AFPFTIYSL
CASSLVAYEQYF	AFPFTIYSL
CASGTSVNIQYF	AFPFTIYSL
CASSLSYEQYF	AFPFTIYSL
CSAPTSTYPDTQYF	AFPFTIYSL
CASSWGLYNEQFF	AFPFTIYSL
CASSQGGLEQYF	AFPFTIYSL
CASSLTGETQYF	AFPFTIYSL
CASSQDHTGPNTGELFF	AFPFTIYSL
CASSLAGPSTDTQYF	AFPFTIYSL
CASSYHGREGGYEQYF	AFPFTIYSL
CASSPPPLNTEAFF	AFPFTIYSL
CSAIVSGKTYEQYF	AFPFTIYSL
CASSLGGYNEQFF	AFPFTIYSL
CSVEAGTDTQYF	AFPFTIYSL
CASSLAQDRGFEAFF	AFPFTIYSL
CSDRDLARANYGYTF	AFPFTIYSL
CSVVRTDNTGELFF	AFPFTIYSL
CASSMFIGGNYGYTF	AFPFTIYSL
CASSLIGSSRDTQYF	AFPFTIYSL
CASSYSGETQYF	AFPFTIYSL
CASQTGYNYGYTF	AFPFTIYSL
CASSLFGGIFGKEGNEQFF	AFPFTIYSL
CASTLGSGVTDTQYF	AFPFTIYSL
CASSLSSQQYF	AFPFTIYSL
CASSYGGETQYF	AFPFTIYSL
CASGPGELFF	AFPFTIYSL
CASSFGTEQFF	AFPFTIYSL
CSARDGVYNEQFF	AFPFTIYSL
CASSADWNNEQFF	AFPFTIYSL
CASSLVLAGGSEQFF	AFPFTIYSL
CASSERHPGEPQHF	AFPFTIYSL
CASSHTGETQYF	AFPFTIYSL
CASSPVQGPEQYF	AFPFTIYSL
CASSSATEAFF	AFPFTIYSL
CASRGEQLPELFF	AFPFTIYSL
CASTSASQAFF	AFPFTIYSL
CASSSGAKLFF	AFPFTIYSL
CASSYQSDGPVKQGPGGQETQYF	AFPFTIYSL
CSALTASGNTIYF	AFPFTIYSL
CASSFSYEQYF	AFPFTIYSL
CASSARSEQYF	AFPFTIYSL
CASSPTGELFF	AFPFTIYSL
CASSYTLAGETPSTDTQYF	AFPFTIYSL
CSAVAGADSYEQYF	AFPFTIYSL
CSVVPMNTEAFF	AFPFTIYSL
CASSWMTSGGSYNEQFF	AFPFTIYSL
CASSAGNEKLFF	AFPFTIYSL
CSVEHGTGELFF	AFPFTIYSL
CASSLGGTHNEQFF	AFPFTIYSL
CASSPTGNEQYF	AFPFTIYSL
CSVEPGLVPPSGNTIYF	AFPFTIYSL
CASSQGAETQYF	AFPFTIYSL
CASSLSEKLFF	AFPFTIYSL
CASSKGPGGWMNTEAFF	AFPFTIYSL
CSATGLDRGHGYTF	AFPFTIYSL
CATSGPSNEQFF	AFPFTIYSL
CASSLEQGSDTQYF	AFPFTIYSL
CAISESGNEQFF	AFPFTIYSL
CASSPGLAGGISYEQYF	AFPFTIYSL
CASSPQGNTEAFF	AFPFTIYSL
CSVEQGMGNEQFF	AFPFTIYSL
CASSQEPAAGLNSPLHF	AFPFTIYSL
CASSFSTEAFF	AFPFTIYSL
CASSPDGGELFF	AFPFTIYSL
CASSLTDTQYF	AFPFTIYSL
CASSYSSGTIYF	AFPFTIYSL
CASSLWTGETYGYTF	AFPFTIYSL
CASSPDGAADTQYF	AFPFTIYSL
CASSLGRPLHF	AFPFTIYSL
CASSSSPRLSF	AFPFTIYSL
CASSPSNTGELFF	AFPFTIYSL
CATSRGSKETQYF	AFPFTIYSL
CASSYPGGYGYTF	AFPFTIYSL
CASSPSGSEAFF	AFPFTIYSL
CASSFSNEQFF	AFPFTIYSL
CASSPTSGSHEQYF	AFPFTIYSL
CASGGMGSGHPGELFF	AFPFTIYSL
CASSLTSFQHF	AFPFTIYSL
CASSFTGNEQFF	AFPFTIYSL
CASSPAGTGRAPLHF	AFPFTIYSL
CASSLLLGNTEAFF	AFPFTIYSL
CASSNRQQGSYEQYF	AFPFTIYSL
CASSLYGTSNEQFF	AFPFTIYSL
CATSTGGQETQYF	AFPFTIYSL
CASSSSSGANVLTF	AFPFTIYSL
CASSQDFHEQFF	AFPFTIYSL
CAISAGTTSYEQYF	AFPFTIYSL
CASSFSYEQYF	AFPFTIYSL
CASSYGSGTDTQYF	AFPFTIYSL
CASSYSPGDSYEQYF	AFPFTIYSL
CASSLGVNTEAFF	AFPFTIYSL
CSAWGGEGTQYF	AFPFTIYSL
CATSDFPAGSYNEQFF	AFPFTIYSL
CASSWTPERGSYNEQFF	AFPFTIYSL
CASSQEGRVEQFF	AFPFTIYSL
CASSDGVGQGQNYGYTF	AFPFTIYSL
CASSLVYEQYF	AFPFTIYSL
CASSFSYEQYF	AFPFTIYSL
CASSMAGYDYTF	AFPFTIYSL
CASSFIRSQPQHF	AFPFTIYSL
CASDRSGEAFF	AFPFTIYSL
CSARREAPGAFF	AFPFTIYSL
CASTYAGYGYTF	AFPFTIYSL
CASSYQGNSPLHF	AFPFTIYSL
CSATESMHSYEQYF	AFPFTIYSL
CASSQQGKWRQYF	AFPFTIYSL
CASSVDGTEAFF	AFPFTIYSL
CSLRTGTNIQYF	AFPFTIYSL
CSAIDKPEAFF	AFPFTIYSL
CATCTSGQETQYF	AFPFTIYSL
CASSVDAGSYEQYF	AFPFTIYSL
CASSLSVTQYF	AFPFTIYSL
CASSPRTGTQYF	AFPFTIYSL
CASSFLGTAGELFF	AFPFTIYSL
CASGYPAEQYF	AFPFTIYSL
CASSLGSGGSYEQYF	AFPFTIYSL
CSVQDGSYEQYF	AFPFTIYSL
CASSYSIASGRYSTDTQYF	AFPFTIYSL
CASSQDWNQPQHF	AFPFTIYSL
CASSLHFNEKLFF	AFPFTIYSL
CASSFSGGEQYF	AFPFTIYSL
CASSPTGSEQFF	AFPFTIYSL
CASSGEPSYNEQFF	AFPFTIYSL
CASSLLGRHQPQHF	AFPFTIYSL
CSVELGRGYEQYF	AFPFTIYSL
CASSPTGNEQFF	AFPFTIYSL
CASSFPISGSAYNEQFF	AFPFTIYSL
CASSLGTGNEQYF	AFPFTIYSL
CASSLGETQYF	AFPFTIYSL
CASSLLGETQYF	AFPFTIYSL
CSAPTGETYEQYF	AFPFTIYSL
CASSSRTGREPYEQYF	AFPFTIYSL
CASSWDRVQFF	AFPFTIYSL
CASSFLLGTKNNEQFF	AFPFTIYSL
CASSQGLSLNGEHAYEQYF	AFPFTIYSL
CASSFSRVQFF	AFPFTIYSL
CASSSTGLPDTQYF	AFPFTIYSL
CASSQGADTQYF	AFPFTIYSL
CSAPRPVGQGRYSNQPQHF	AFPFTIYSL
CASSLGETQYF	AFPFTIYSL
CASSPVGYIGAFF	AFPFTIYSL
CSVEDGISGNTIYF	AFPFTIYSL
CASSPTGETQYF	AFPFTIYSL
CASSPPGPVPYEQYF	AFPFTIYSL
CSAISGGTGELFF	AFPFTIYSL
CSATAGQETQYF	AFPFTIYSL
CASSLLGVEAFF	AFPFTIYSL
CASSLGQVYTEAFF	AFPFTIYSL
CASSTTGSGDEQYF	AFPFTIYSL
CATRSGANVLTF	AFPFTIYSL
CASSFAETQYF	AFPFTIYSL
CASSQDYGYEQYF	AFPFTIYSL
CSALQGEGTEAFF	AFPFTIYSL
CAPEERAGVYEQYF	AFPFTIYSL
CASSDPGNTIYF	AFPFTIYSL
CASSQVGETQYF	AFPFTIYSL
CASSEAVAGPYEQYF	AFPFTIYSL
CATKRQGNTEAFF	AFPFTIYSL
CASSVGSGPYVEQFF	AFPFTIYSL
CASSSSGDTQYF	AFPFTIYSL
CASSYGADGYTF	AFPFTIYSL
CASSPTGNGYTF	AFPFTIYSL
CASSGGLAGGPAQETQYF	AFPFTIYSL
CASSLEGRNEQFF	AFPFTIYSL
CSAADRGGQPQHF	AFPFTIYSL
CASSQLQGWTEAFF	AFPFTIYSL
CASSYSTSGGPTDTQYF	AFPFTIYSL
CASSDFGGFSYEQYF	AFPFTIYSL
CASSYGGAGGQYF	AFPFTIYSL
CASSQVSEQFF	AFPFTIYSL
CSAQQTGTGYEQYF	AFPFTIYSL
CASSFGSGPSTDTQYF	AFPFTIYSL
CASSFSGEQYF	AFPFTIYSL
RASSSQGTGGGSYNEQFF	AFPFTIYSL
CASSKTPFSRGIGEQYF	AFPFTIYSL
CASSMTGYEQYF	AFPFTIYSL
CASSLLGGGSYNEQFF	AFPFTIYSL
CSVLQGGTEAFF	AFPFTIYSL
CASSLSGELFF	AFPFTIYSL
CASSLGGVYSNQPQHF	AFPFTIYSL
CASSPDGQDTQYF	AFPFTIYSL
CASMAGADETQYF	AFPFTIYSL
CASSSTDTQYF	AFPFTIYSL
CASSDCETGRPQHF	AFPFTIYSL
CASSMGKLFF	AFPFTIYSL
CASSYSLHGADYGYTF	AFPFTIYSL
CSALLTDTNQPQHF	AFPFTIYSL
CASSPTGARAFF	AFPFTIYSL
CASSLGQDDYEQYF	AFPFTIYSL
CSVESGDGYEQYF	AFPFTIYSL
CASSQIQGSGEQYF	AFPFTIYSL
CASSPWTYEQYF	AFPFTIYSL
CASSFGTEYTF	AFPFTIYSL
CASFSQGVYNEQFF	AFPFTIYSL
CAWSQGQFGYTF	AFPFTIYSL
CASSLTPETYEQYF	AFPFTIYSL
CASSDRSSPFSYNEQFF	AFPFTIYSL
CASSQREVYNEQFF	AFPFTIYSL
CASSSNGETQYF	AFPFTIYSL
CASSLTSEQFF	AFPFTIYSL
CASSYSRARGRQETQYF	AFPFTIYSL
CASRKIAGYNEQFF	AFPFTIYSL
CASSRSGVETQYF	AFPFTIYSL
CSGTWDTEAFF	AFPFTIYSL
CASSEEGRGPHNEQFF	AFPFTIYSL
CASSWGAYEQYF	AFPFTIYSL
CASTPVGGELFF	AFPFTIYSL
CASSFAAYQETQYF	AFPFTIYSL
CASSWAGNEQYF	AFPFTIYSL
CASSLQGEKLFF	AFPFTIYSL
CSAYTGLAGPLYEQYF	AFPFTIYSL
CASSFSSPDTQYF	AFPFTIYSL
CASSSPGRRNSPLHF	AFPFTIYSL
CASSEAVAGTTAEQYF	AFPFTIYSL
CASSLTGETQYF	AFPFTIYSL
CASSPSLGSGNTIYF	AFPFTIYSL
CASSSTGYTQYF	AFPFTIYSL
CASSLTGETQYF	AFPFTIYSL
CASSLENGFEAFF	AFPFTIYSL
CSVVGAGIDNYGYTF	AFPFTIYSL
CASSGWNSYNEQFF	AFPFTIYSL
CATSRESSGALQETQYF	AFPFTIYSL
CASGDTGELFF	AFPFTIYSL
CSARDKRAGEIHGYTF	AFPFTIYSL
CASSPSGNEQYF	AFPFTIYSL
CASSYGYTF	AFPFTIYSL
CASSENLEVTEAFF	AFPFTIYSL
CSASLAGGTYEQYF	AFPFTIYSL
CASSQSGGGGYTF	AFPFTIYSL
CATSIWNEQFF	AFPFTIYSL
CASSGQGATDTQYF	AFPFTIYSL
CASSPAIGYNSPLHF	AFPFTIYSL
CASSPTGYEQYF	AFPFTIYSL
CASSATGGDGYTF	AFPFTIYSL
CSASDQAWGYEQYF	AFPFTIYSL
CASVDVGSSTDTQYF	AFPFTIYSL
CSAPSYNEQFF	AFPFTIYSL
CATSFGEGWGSGNTIYF	AFPFTIYSL
CSATQASSEQYF	AFPFTIYSL
CASSYGATEAFF	AFPFTIYSL
CASSHMGETQYF	AFPFTIYSL
CASSIGGGWVFF	AFPFTIYSL
CASSFKDTQYF	AFPFTIYSL
CSASRGSETQYF	AFPFTIYSL
CASSFAGELFF	AFPFTIYSL
CASSQTGEKAFF	AFPFTIYSL
CASSLGGLEAFF	AFPFTIYSL
CASSLVPNEQFF	AFPFTIYSL
CASSSTGSAYEQYF	AFPFTIYSL
CASSTTIGESYEQYF	AFPFTIYSL
CASSQGVRAYGYTF	AFPFTIYSL
CSTPSGNVQETQYF	AFPFTIYSL
CASSVYGNTEAFF	AFPFTIYSL
CASSSTGEKLFF	AFPFTIYSL
CASSLVRQGASNEQFF	AFPFTIYSL
CASSSQGIQPQHF	AFPFTIYSL
CASSPTGWEAFF	AFPFTIYSL
CASSGMGTDWEQYF	AFPFTIYSL
CASSLTGSEAFF	AFPFTIYSL
CASGYVGADTQYF	AFPFTIYSL
CASSEGGDTQYF	AFPFTIYSL
CASSLLAEQFF	AFPFTIYSL
CASSDGDRGGYEQYF	AFPFTIYSL
CAISSGTGDYEQYF	AFPFTIYSL
CASRPKTQGWAYGYTF	AFPFTIYSL
CASSQEGKPTRELFF	AFPFTIYSL
CASSPTGYEQYF	AFPFTIYSL
CASSFGGISAEQYF	AFPFTIYSL
CASSGAGTGGDSYEQYF	AFPFTIYSL
CASSLVDTQYF	AFPFTIYSL
CASSSPFEQFF	AFPFTIYSL
CASSLLAGGYNEQFF	AFPFTIYSL
CASSGPGNEQFF	AFPFTIYSL
CASVSGTSGNNEQFF	AFPFTIYSL
CASGVGGKGYTF	AFPFTIYSL
CASSYAADEAFF	AFPFTIYSL
CSAGPPGISYNEQFF	AFPFTIYSL
CASSFQGEQYF	AFPFTIYSL
CATSDYVAGSRNEQFF	AFPFTIYSL
CASSASGTYNEQFF	AFPFTIYSL
CASSLGATNEQFF	AFPFTIYSL
CASSPGTTGYTQYF	AFPFTIYSL
CASSTSGNSPLHF	AFPFTIYSL
CASSDDRGTYEQYF	AFPFTIYSL
CASTLAGELFF	AFPFTIYSL
CASSPTGHGYTF	AFPFTIYSL
CASSDSLAGINEQFF	AFPFTIYSL
CASSSTGGGTDTQYF	AFPFTIYSL
CASSFPSTF	AFPFTIYSL
CSAVEGTDSYEQYF	AFPFTIYSL
CASRKPTGGRQPQHF	AFPFTIYSL
CASSGGWVSDTQYF	AFPFTIYSL
CASSSFRGADYEQYF	AFPFTIYSL
CASSPGSGAFF	AFPFTIYSL
CASSLFGGSKFHEQYF	AFPFTIYSL
CASSLSAAPTF	AFPFTIYSL
CASSSSIYRGSQPQHF	AFPFTIYSL
CASSLTGMSGYTF	AFPFTIYSL
CASSVELAGITGELFF	AFPFTIYSL
CSAPSEGRRGAYEQYF	AFPFTIYSL
CASIGGVEAFF	AFPFTIYSL
CSASPGVEQYF	AFPFTIYSL
CSVEDRVALDTQYF	AFPFTIYSL
CASSGGEKLFF	AFPFTIYSL
CASSQGADTQYF	AFPFTIYSL
CASSPLGDGGSYEQYF	AFPFTIYSL
CASSRSGGMTDTQYF	AFPFTIYSL
CASSLEVGPRGNTEAFF	AFPFTIYSL
CASSGGGSFGTSGWEQYF	AFPFTIYSL
CASSQAGETQYF	AFPFTIYSL
CASSLAGFETQYF	AFPFTIYSL
CASSWTETQYF	AFPFTIYSL
CASSPTGAIQYF	AFPFTIYSL
CASSSLAEQYF	AFPFTIYSL
CASSYGQGEYNEQYF	AFPFTIYSL
CASSFQGLRYF	AFPFTIYSL
CASSFSGTQYF	AFPFTIYSL
CASSTLLVASGREPNIQYF	AFPFTIYSL
CASTLGLWPEAFF	AFPFTIYSL
CATSRAPGQGNYGYTF	AFPFTIYSL
CASSPGGEKFF	AFPFTIYSL
CASRDYPEQYF	AFPFTIYSL
CSVELNTEAFF	AFPFTIYSL
CASSLVGQGSYEQYF	AFPFTIYSL
CASIPGRTSGRETQYF	AFPFTIYSL
CASSESEGYPSYEQYF	AFPFTIYSL
CATSSRGKETQYF	AFPFTIYSL
CSAVRGLSSYEQYF	AFPFTIYSL
CASSPFGSEQYF	AFPFTIYSL
CSAPPGTDNYGYTF	AFPFTIYSL
CASSLRETSPGELFF	AFPFTIYSL
CASSSPGQRNQPQHF	AFPFTIYSL
CASNPSGGGVNEQFF	AFPFTIYSL
CASSYSHEQYF	AFPFTIYSL
CASSLSGETQYF	AFPFTIYSL
CASSLGVYNEQFF	AFPFTIYSL
CASSPVRGSSYEQYF	AFPFTIYSL
CASRTGVEAFF	AFPFTIYSL
CASSLTSYEQFF	AFPFTIYSL
CAIRSAWGEQYF	AFPFTIYSL
CASSEGNMNGYTF	AFPFTIYSL
CASSFPSNPDQFF	AFPFTIYSL
CASSEGGADTQYF	AFPFTIYSL
CARGSGGTDTQYF	AFPFTIYSL
CASSFAGEQYF	AFPFTIYSL
CASSYGGNQPQHF	AFPFTIYSL
CASSWGAGNIQYF	AFPFTIYSL
CASSLGAAQANTGELFF	AFPFTIYSL
CASSTRDRSYEQYF	AFPFTIYSL
CASGPDNNYGYTF	AFPFTIYSL
CASSYSWDPADYGYTF	AFPFTIYSL
CASSPRHGSADTQYF	AFPFTIYSL
CATSALHSGYNEQFF	AFPFTIYSL
CASSLEGSKLFF	AFPFTIYSL
CASSLGTGYPYEQYF	AFPFTIYSL
CASSLAMRGAYSYEQYF	AFPFTIYSL
CASSFISELFF	AFPFTIYSL
CASGGGGYTF	AFPFTIYSL
CATSREDSAEQYF	AFPFTIYSL
CAIIAGGQPFTDTQYF	AFPFTIYSL
CASSQTDTQYF	AFPFTIYSL
CATSRAGQGYEQYF	AFPFTIYSL
CASSYSEWGRTGTQYF	AFPFTIYSL
CASSFSGIAFF	AFPFTIYSL
CASTHGGLQAEKLFF	AFPFTIYSL
CAWSVGLGPYNEQFF	AFPFTIYSL
CSATSINPGQEYGYTF	AFPFTIYSL
CASSLSSSPTF	AFPFTIYSL
CASSLSNEQFF	AFPFTIYSL
CATSDRQGPAVYF	AFPFTIYSL
CASSQWTGEDYGYTF	AFPFTIYSL
CASSDRDRETQYF	AFPFTIYSL
CASSSGPGYTF	AFPFTIYSL
CSVYRGSGTEAFF	AFPFTIYSL
CASSLSGFGYTF	AFPFTIYSL
CASSLEGSGELFF	AFPFTIYSL
CASSLAGTYEQYF	AFPFTIYSL
CASSFSHEQYF	AFPFTIYSL
CATRLAGNYEQYF	AFPFTIYSL
CASSVTGNPRYGYTF	AFPFTIYSL
CASSLAGQGSYEQYF	AFPFTIYSL
CASSLGQLYEQYF	AFPFTIYSL
CSAAYGRETQYF	AFPFTIYSL
CASSFAGEQYF	AFPFTIYSL
CASSQTGNTIYF	AFPFTIYSL
CASSFSDTQYF	AFPFTIYSL
CASSLPYTF	AFPFTIYSL
CASSSWTGIEKLFF	AFPFTIYSL
CASSLVGEKLFF	AFPFTIYSL
CASSPGGIQYF	AFPFTIYSL
CASSFAVLLEQFF	AFPFTIYSL
CASTPPAGELFF	AFPFTIYSL
CASSLDRSLTSGANVLTF	AFPFTIYSL
CASSGTSDNEQFF	AFPFTIYSL
CASSVLTGSSYNSPLHF	AFPFTIYSL
CATVTGGLETQYF	AFPFTIYSL
CASSESGRGGSYNEQFF	AFPFTIYSL
CASSYSDTQYF	AFPFTIYSL
CAWSGPSGEGFRYEQYF	AFPFTIYSL
CATRQGSGELFF	AFPFTIYSL
CASSQGSTEAFF	AFPFTIYSL
CASSSTGASTDTQYF	AFPFTIYSL
CASSYMSEQYF	AFPFTIYSL
CASSPSGAEQFF	AFPFTIYSL
CASSPQGYEQYF	AFPFTIYSL
CASSDYRELNYGYTF	AFPFTIYSL
CASSPMGEKLFF	AFPFTIYSL
CASSFTGGELFF	AFPFTIYSL
CSVPRRDRGTGELFF	AFPFTIYSL
CASGQGADTQYF	AFPFTIYSL
CSAASGILYEQYF	AFPFTIYSL
CASSPGLAETYEQYF	AFPFTIYSL
CASSPTGNTEAFF	AFPFTIYSL
CAIGLGNEQFF	AFPFTIYSL
CASSVQGNTEAFF	AFPFTIYSL
CASSYSSEQYF	AFPFTIYSL
CASSQERIGEAFF	AFPFTIYSL
CASRQKNTEAFF	AFPFTIYSL
CASSFSYEQYF	AFPFTIYSL
CASSYGSYGYTF	AFPFTIYSL
CASGGETQYF	AFPFTIYSL
CASIVTAGGNTGELFF	AFPFTIYSL
CASSLSGELFF	AFPFTIYSL
CASSLTGEKLFF	AFPFTIYSL
CASSGDLPIEQYF	AFPFTIYSL
CASSKGESSYNEQFF	AFPFTIYSL
CASSFSGTTYEQYF	AFPFTIYSL
CASSLGSYTF	AFPFTIYSL
CASSPTDGEQFF	AFPFTIYSL
CASSEAGNEQFF	AFPFTIYSL
CAISDRGDTIYF	AFPFTIYSL
CASTFDSVEAFF	AFPFTIYSL
CASSLDGGSGREFF	AFPFTIYSL
CASSWTGTFSGANVLTF	AFPFTIYSL
CSVEGGRGHEQYF	AFPFTIYSL
CSVVDSLNTEAFF	AFPFTIYSL
CASSQGGWETQYF	AFPFTIYSL
CASSSSGGSTDTQYF	AFPFTIYSL
CASSYVGNEQFF	AFPFTIYSL
CASSELSHTEAFF	AFPFTIYSL
CASSYSSGEQFF	AFPFTIYSL
CSVETGFTDTQYF	AFPFTIYSL
CASSYGGNNNEQFF	AFPFTIYSL
CAINPGQGASTDTQYF	AFPFTIYSL
CSAVGQDLSYEQYF	AFPFTIYSL
CASSQWSNTGELFF	AFPFTIYSL
CASSLGGL	AFPFTIYSL
CASSFSYEQYF	AFPFTIYSL
CASSYNRGNEQYF	AFPFTIYSL
CASSPPGGETQYF	AFPFTIYSL
CATSPAGGNNEQFF	AFPFTIYSL
CASSPGGEKLFF	AFPFTIYSL
CASSPSSEQFF	AFPFTIYSL
CASSFSGYNEQFF	AFPFTIYSL
CASSSWGSGANVLTF	AFPFTIYSL
CASSVGLLNEQFF	AFPFTIYSL
CSAPTLVNTEAFF	AFPFTIYSL
CSVETGSYEQYF	AFPFTIYSL
CASSPSGEGYTF	AFPFTIYSL
CASSPGYGQGYEQYF	AFPFTIYSL
CASGQGGYEQYF	AFPFTIYSL
CAWSAVTSGTYEQYF	AFPFTIYSL
CASSKAGDSYNEQFF	AFPFTIYSL
CSASPSLAGEQTQYF	AFPFTIYSL
CAISGLAENNEQFF	AFPFTIYSL
CASSSSGETQYF	AFPFTIYSL
CASSLAGGQVDTQYF	AFPFTIYSL
CASSAQGGGTDTQYF	AFPFTIYSL
CATSRVSSPTEYF	AFPFTIYSL
CASGRGEAFF	AFPFTIYSL
CSARVMVLAGAGDETQYF	AFPFTIYSL
CSVVIGGYGYTF	AFPFTIYSL
CASSLTDTQYF	AFPFTIYSL
CAISGSGGDAGELFF	AFPFTIYSL
CASSDLAGTNEQFF	AFPFTIYSL
CASSYGGETQYF	AFPFTIYSL
CASSRTGYNEQFF	AFPFTIYSL
CASSFSDTQYF	AFPFTIYSL
CSASAVGFDYEQYF	AFPFTIYSL
CASSYVGVNYGYTF	AFPFTIYSL
CASSPIHGTGLNTGELFF	AFPFTIYSL
CASSLFGETQYF	AFPFTIYSL
CASSSGQGVSYTGELFF	AFPFTIYSL
CASSLGGAQHF	AFPFTIYSL
CSVDRPTSGRGETQYF	AFPFTIYSL
CSVEAGDTEAFF	AFPFTIYSL
CASSVYTDTQYF	AFPFTIYSL
CSGDDPNTEAFF	AFPFTIYSL
CSALGYGPGTTEAFF	AFPFTIYSL
CASSQSVGTEDYTDTQYF	AFPFTIYSL
CASSQESGGSYEQYF	AFPFTIYSL
CSAFSGTNIPYGYTF	AFPFTIYSL
CSARDLSAGGPTLYEQYF	AFPFTIYSL
CATSPTDSYNEQFF	AFPFTIYSL
CASSYPRRLAGGRLDTQYF	AFPFTIYSL
CASSLSGEGYTF	AFPFTIYSL
CASSWTGASTDTQYF	AFPFTIYSL
CASSPMGSGSLNEQFF	AFPFTIYSL
CSATSGRETQYF	AFPFTIYSL
CASSFSTEAFF	AFPFTIYSL
CSAIPPGATYEQYF	AFPFTIYSL
