CDR3	AA
CASSFLRDSQETQYF	RQLLFVVEV
CASSPTLVPYEQYF	RQLLFVVEV
CASSLQMNTGELFF	RQLLFVVEV
CSASSKGTNTGELFF	RQLLFVVEV
CASSPWTGGSQYF	RQLLFVVEV
CASSLARTYEQYF	RQLLFVVEV
CASSEFRAPEAFF	RQLLFVVEV
CASSPGTGETQYF	RQLLFVVEV
CASSMSGTDTQYF	RQLLFVVEV
CACLDRGEGEQFF	RQLLFVVEV
CASRLAIGEGLYEQYF	RQLLFVVEV
CASSSWDRPYEQYF	RQLLFVVEV
CASSVGNTIYF	RQLLFVVEV
CASSTRDRPTYEQYF	RQLLFVVEV
CASSSTQGRYTEAFF	RQLLFVVEV
CASSSPGVSGTDTQYF	RQLLFVVEV
CASSLYASQPQHF	RQLLFVVEV
CASSFRGIAEQFF	RQLLFVVEV
CASSVGVEQYF	RQLLFVVEV
CASSPAGVASGQAYEQYF	RQLLFVVEV
CASQPLAGASYNEQFF	RQLLFVVEV
CASSIAGGPAGELFF	RQLLFVVEV
CASSLPTDTQYF	RQLLFVVEV
CASRIERDLGYEQYF	RQLLFVVEV
CASSPNSGSGSLDEQFF	RQLLFVVEV
CASSPGSDHAQPQHF	RQLLFVVEV
CSASIGTRTLNYGYTF	RQLLFVVEV
CASSVWIEAATGELFF	RQLLFVVEV
CASSSPFESGGNTIYF	RQLLFVVEV
CASSKATRGYPEQYF	RQLLFVVEV
CASSLWDSGEQYF	RQLLFVVEV
CASSPTDYNEQFF	RQLLFVVEV
CASTRTSGIAVDTQYF	RQLLFVVEV
CASSQAEGNIQYF	RQLLFVVEV
CASSVAGVNTEAFF	RQLLFVVEV
CASSLGGLTYEQYF	RQLLFVVEV
CASSPTRIIDNEQFF	RQLLFVVEV
CASSQGPANTEAFF	RQLLFVVEV
CASSPRPPGHTVSYEQYF	RQLLFVVEV
CASSVGIEQFF	RQLLFVVEV
CASSAGTSPYEQFF	RQLLFVVEV
CASSPGTTSTDTQYF	RQLLFVVEV
CASSPDYSYNEQFF	RQLLFVVEV
CASSSRDPYNEQFF	RQLLFVVEV
CASSENRGNEQFF	RQLLFVVEV
CASRRGQTPPNTGELFF	RQLLFVVEV
CASSLLAGLNEQYF	RQLLFVVEV
CSARRKSSYEQYF	RQLLFVVEV
CASGWSSSYNEQFF	RQLLFVVEV
CASSVGETQYF	RQLLFVVEV
CASRTLPYNEQFF	RQLLFVVEV
CASSLARTVSYEQYF	RQLLFVVEV
CASSPGQGRSPLHF	RQLLFVVEV
CASSTTGGETQYF	RQLLFVVEV
CASRPDRGLRTEAFF	RQLLFVVEV
CASSRGSGSYEQYF	RQLLFVVEV
CASSLLGTSGRADVKNIQYF	RQLLFVVEV
CASSSPGTDAYEQYF	RQLLFVVEV
CASSYTRGETQYF	RQLLFVVEV
CASSSTRTPSYNEQFF	RQLLFVVEV
CASSFLRGPLNEQFF	RQLLFVVEV
CASSPGAGELFF	RQLLFVVEV
CASSLSSGTGSTPYEQYF	RQLLFVVEV
CASSALGGYTDTQYF	RQLLFVVEV
CASSSPTTSEETQYF	RQLLFVVEV
CASRETGGQPQHF	RQLLFVVEV
CASSLAQYVETQYF	RQLLFVVEV
CASSEGQLNQPQHF	RQLLFVVEV
CASSLWRDRESAQHF	RQLLFVVEV
CASSLVGGGHSPLHF	RQLLFVVEV
CASTLTENEQFF	RQLLFVVEV
CASSEALGGGEKLFF	RQLLFVVEV
CAVQPDRGRNEQFF	RQLLFVVEV
CASSYTGVEQYF	RQLLFVVEV
CASSYARQYEQYF	RQLLFVVEV
CASSVGEEQFF	RQLLFVVEV
CASSSINYNEQFF	RQLLFVVEV
CASSVGDTQYF	RQLLFVVEV
CASSPLGTSGRAGGPDTQYF	RQLLFVVEV
CASRSSGRAETQYF	RQLLFVVEV
CASSHDRSSYEQYF	RQLLFVVEV
CASSAPGREQYF	RQLLFVVEV
CASGTSLDSEQYF	RQLLFVVEV
CASSLGNEQFF	RQLLFVVEV
CASSQESGRTYEQYF	RQLLFVVEV
CASSGTTFTDTQYF	RQLLFVVEV
CASSPQGGTHAEQFF	RQLLFVVEV
CASSTSDTQYF	RQLLFVVEV
CASSSITGANYTF	RQLLFVVEV
CASSSSGLAATGELFF	RQLLFVVEV
CASSVGGGTYNEQFF	RQLLFVVEV
CASSSSRAQPQHF	RQLLFVVEV
CASSVHSGSPGELFF	RQLLFVVEV
CASRLNRGRTDTQYF	RQLLFVVEV
CASSPEGTGGPNQPQHF	RQLLFVVEV
CASSLGLAVNTDTQYF	RQLLFVVEV
CASSQGSYNEQFF	RQLLFVVEV
CASSVGVEQFF	RQLLFVVEV
CASSFPGEQFF	RQLLFVVEV
CASSSPGTSTDTQYF	RQLLFVVEV
CASSQVTGQPQHF	RQLLFVVEV
CASSPRFYEQYF	RQLLFVVEV
CAPDLGRWGETQYF	RQLLFVVEV
CASSLLYGGGAAGELFF	RQLLFVVEV
CASSRVPAGIDNEQFF	RQLLFVVEV
CSFLGLRNEQFF	RQLLFVVEV
CSALQIGANYGYTF	RQLLFVVEV
CASSPMGQGEVNTGELFF	RQLLFVVEV
CSVSRFSQGDYGYTF	RQLLFVVEV
CASSQYEGTAAYNEQFF	RQLLFVVEV
CASSVGETQYF	RQLLFVVEV
CASSVGETQYF	RQLLFVVEV
CASSKAGTGLSIAFF	RQLLFVVEV
CASSFPDRLGNTEAFF	RQLLFVVEV
CASTSPGLDNEQFF	RQLLFVVEV
CASSLEARQETQYF	RQLLFVVEV
CASSESGGPYGYTF	RQLLFVVEV
CASSISYEQFF	RQLLFVVEV
CASSAGYEQYF	RQLLFVVEV
CASSYLDRGLETQYF	RQLLFVVEV
CASSLFSVALANTGELFF	RQLLFVVEV
CASSAGSSYNEQFF	RQLLFVVEV
CASSYLDRAQETQYF	RQLLFVVEV
CASSVSGVSYNEQFF	RQLLFVVEV
CASSLTGPPEAFF	RQLLFVVEV
CASSLGLAGTLGNEQFF	RQLLFVVEV
CASNQGGQAFF	RQLLFVVEV
CASSEQGFNSPLHF	RQLLFVVEV
CASSSRGYYEQYF	RQLLFVVEV
CASSKEAQLYEQYF	RQLLFVVEV
CASSQAAGAEQYF	RQLLFVVEV
CASSVGGSEQYF	RQLLFVVEV
CASSPQGVNTEAFF	RQLLFVVEV
CATSRERTTGYEQFF	RQLLFVVEV
CASSSGGDPYEQYF	RQLLFVVEV
CASSFTGEMGGYTF	RQLLFVVEV
CASSSDRLTYEQYF	RQLLFVVEV
CASSPGTEAFF	RQLLFVVEV
CASSRILVEQYF	RQLLFVVEV
CASSFATTYEQYF	RQLLFVVEV
CASSLLSITSSYNEQFF	RQLLFVVEV
CASTSGLTQYF	RQLLFVVEV
CASSLFGGNIQYF	RQLLFVVEV
CASSPTRLAGETQYF	RQLLFVVEV
CASSLNRVGDQPQHF	RQLLFVVEV
CASSPGQGAVGYGYTF	RQLLFVVEV
CASSLAGLAGYNEQFF	RQLLFVVEV
CASQGRTITYNEQFF	RQLLFVVEV
CASSEVRLGLAANYEQYF	RQLLFVVEV
CASSQEGTASYEQYF	RQLLFVVEV
CASGKGSEAFF	RQLLFVVEV
CASSANLGAHF	RQLLFVVEV
CASSQRGLAVTDTQYF	RQLLFVVEV
CATSRPASGANVLTF	RQLLFVVEV
CAGNAPSQGKGYNEQFF	RQLLFVVEV
CASSQGIAGGKAGELFF	RQLLFVVEV
CASSEEGHQLGAQHF	RQLLFVVEV
CAASPTLANEQYF	RQLLFVVEV
CATPDRGGLAGGPETTDTQYF	RQLLFVVEV
CATSGGRVSPLHF	RQLLFVVEV
CASSPGTTYEQYF	RQLLFVVEV
CASRPRLAGLDEQFF	RQLLFVVEV
CASSSLPTGGSGANVLTF	RQLLFVVEV
CASGSDPTGYQETQYF	RQLLFVVEV
CASSIDREQETQYF	RQLLFVVEV
CASSPDGAGTTANYGYTF	RQLLFVVEV
CAILTGAEEQYF	RQLLFVVEV
CATSRDSGTSVNEQFF	RQLLFVVEV
CASSWIGGATGELFF	RQLLFVVEV
CASSLAVYNEQFF	RQLLFVVEV
CASSVGSGSYEQYF	RQLLFVVEV
CASSATAGNTIYF	RQLLFVVEV
CASSAGSASNQPQHF	RQLLFVVEV
CASSRTLRDNPYEQYF	RQLLFVVEV
CASSEMTGNTEAFF	RQLLFVVEV
CASSQDREVRGYGYTF	RQLLFVVEV
CASSQVERETQYF	RQLLFVVEV
CASSVGNEQFF	RQLLFVVEV
CASGYPHEQYF	RQLLFVVEV
CASSVTDTQYF	RQLLFVVEV
CASSVGYEQYF	RQLLFVVEV
CASSVGDTQYF	RQLLFVVEV
CASSGRQGAGNTIYF	RQLLFVVEV
CASSFEGAQETQYF	RQLLFVVEV
CASSVGETQYF	RQLLFVVEV
CASSPAGTGGTEAFF	RQLLFVVEV
CASSLRVIQGPVNSPLHF	RQLLFVVEV
CASSRRAPGGLANTGELFF	RQLLFVVEV
CASTLGQGNTEAFF	RQLLFVVEV
CASSSSDGRTEAFF	RQLLFVVEV
CASSSLQGGANVLTF	RQLLFVVEV
CASSLTNTEAFF	RQLLFVVEV
CASSTAVAKNIQYF	RQLLFVVEV
CASTDYGDRGKLSGANVLTF	RQLLFVVEV
CASSLMTSGSYEQYF	RQLLFVVEV
CASSLDGWQENYNEQFF	RQLLFVVEV
CASSVGHEQYF	RQLLFVVEV
CASSTGETQYF	RQLLFVVEV
CASSQGEGELVTEAFF	RQLLFVVEV
CSIWTGLKLFF	RQLLFVVEV
CASSQDGRGTGFPYEQYF	RQLLFVVEV
CASSFSGSSYNEQFF	RQLLFVVEV
CASSVGNEQYF	RQLLFVVEV
CASSPYNNEQFF	RQLLFVVEV
CASSVNSQLVNYGYTF	RQLLFVVEV
CASSSPGHSLLTQYF	RQLLFVVEV
CSARPGLAGTGELFF	RQLLFVVEV
CASSVGGEQYF	RQLLFVVEV
CASSVGGEQYF	RQLLFVVEV
CASSLQQGHPEAFF	RQLLFVVEV
CASSVGETQYF	RQLLFVVEV
CASSTAGTGGPRASYNEQFF	RQLLFVVEV
CASSTTDTQYF	RQLLFVVEV
CASSKDLSSYEQYF	RQLLFVVEV
CASSVGSEIYEQYF	RQLLFVVEV
CSVEDRDLSGYEQYF	RQLLFVVEV
CASSPKTGAVYEQYF	RQLLFVVEV
CASSITGFEQYF	RQLLFVVEV
CATSRLLSPQETQYF	RQLLFVVEV
CASSDWTAANTGELFF	RQLLFVVEV
CASRRTRGQTDTQYF	RQLLFVVEV
CASSVGDTQYF	RQLLFVVEV
CASRAGQGDTEAFF	RQLLFVVEV
CASSLGIEQFF	RQLLFVVEV
CASSPASGRQGEQFF	RQLLFVVEV
CASSLAVYEQYF	RQLLFVVEV
CSVESFIAKNIQYF	RQLLFVVEV
CASSFTGAPLDYGYTF	RQLLFVVEV
CASSVSWDRENIQYF	RQLLFVVEV
CASSYLAGGLETQYF	RQLLFVVEV
CASSLAAGGPYNEQFF	RQLLFVVEV
CASSLVYGGGYEQYF	RQLLFVVEV
CASRSPELAWAFF	RQLLFVVEV
CASSERTGPFGELFF	RQLLFVVEV
CASSVGDEQFF	RQLLFVVEV
CASSTGNEQYF	RQLLFVVEV
CATSIESSYEQYF	RQLLFVVEV
CASSQTRSPPETQYF	RQLLFVVEV
CASSSVSGATYEQYF	RQLLFVVEV
CASSATRLPGETQYF	RQLLFVVEV
CASSGLAGFYEQFF	RQLLFVVEV
CASRRTGTDTQYF	RQLLFVVEV
CASSRGLEQYF	RQLLFVVEV
CASSEGTGLYEQYF	RQLLFVVEV
CASSSRTSGGADEQFF	RQLLFVVEV
CASSRQGVNQPQHF	RQLLFVVEV
CASSLGQNTYEQYF	RQLLFVVEV
CASSYSEGPYNSPLHF	RQLLFVVEV
CASSLARFQETQYF	RQLLFVVEV
CASSLNRVTGELFF	RQLLFVVEV
CASSQPSYEQYF	RQLLFVVEV
CASRPGPPGDEQYF	RQLLFVVEV
CASRPPGTGDYNEQFF	RQLLFVVEV
CASSRGAEAFF	RQLLFVVEV
CASSQGASFDTQYF	RQLLFVVEV
CASSVSGEQFF	RQLLFVVEV
CASSASGGGTDTQYF	RQLLFVVEV
CASSFPNLGQYF	RQLLFVVEV
CASSQYTGVETQYF	RQLLFVVEV
CASSQLQFPANTGELFF	RQLLFVVEV
CASSAGTPDQPQHF	RQLLFVVEV
CASSSLTASGANVLTF	RQLLFVVEV
CASSLRLAGGRDNEQFF	RQLLFVVEV
CASSVSETQYF	RQLLFVVEV
CASSVGDEQFF	RQLLFVVEV
CASSPGASPYEQYF	RQLLFVVEV
CASSSDRGTTNEKLFF	RQLLFVVEV
CASHGLAGGQGEQFF	RQLLFVVEV
CASSVGEAQYF	RQLLFVVEV
CASASASSYNEQFF	RQLLFVVEV
CASNPGQGPYGYTF	RQLLFVVEV
CASSARIPLNTEAFF	RQLLFVVEV
CASSGRDGSYNEQFF	RQLLFVVEV
CASSSTPGQAYEQYF	RQLLFVVEV
CASSVGNEQFF	RQLLFVVEV
CASSGHGSGAYNEQFF	RQLLFVVEV
CASSYSGGRGNEKLFF	RQLLFVVEV
