CDR3	AA
CASSQELAAGELFF	FLCLFLLPSL
CASRAGTGAGWELFF	FLCLFLLPSL
CASSLAGGDGEQFF	FLCLFLLPSL
CASSLGDSSYEQYF	FLCLFLLPSL
CASSMGTPYEQYF	FLCLFLLPSL
CASSQEASGGYNEQFF	FLCLFLLPSL
CASSIGFGYEQYF	FLCLFLLPSL
CASSSSGSYNEQFF	FLCLFLLPSL
CASSLSLDSWQPQHF	FLCLFLLPSL
CASTTPGREQYF	FLCLFLLPSL
CATSRDRGYEQYF	FLCLFLLPSL
CASSSSGLDRDNTDTQYF	FLCLFLLPSL
CASSLTNDGTNYEQYF	FLCLFLLPSL
CASSQRGSGQPQHF	FLCLFLLPSL
CASSYLSGLGRSEQYF	FLCLFLLPSL
CASSHLYGGYEQYF	FLCLFLLPSL
CASSTHTESNTEAFF	FLCLFLLPSL
CSARDPGYGTYEQYF	FLCLFLLPSL
CASSLLGGMDTQYF	FLCLFLLPSL
CASSLTGSYEQYF	FLCLFLLPSL
CASSLGGLYNEQFF	FLCLFLLPSL
CASSLTGSYEQYF	FLCLFLLPSL
CASSLTGSYEQYF	FLCLFLLPSL
CASSFMGASYEQYF	FLCLFLLPSL
CASSFTGREQYF	FLCLFLLPSL
CSVPGTTTGGELFF	FLCLFLLPSL
CSVAGTTTSEQYF	FLCLFLLPSL
CASSLTYEQYF	FLCLFLLPSL
CASSFGPNTGELFF	FLCLFLLPSL
CASSSRDRTYEQYF	FLCLFLLPSL
CASSGEGGELFF	FLCLFLLPSL
CASRLTDSFEQYF	FLCLFLLPSL
CSATQPLTFTNEQFF	FLCLFLLPSL
CASSSLTSGSLRDTQYF	FLCLFLLPSL
CASSQELAGGSDYEQYF	FLCLFLLPSL
CASSLTGNSGNTIYF	FLCLFLLPSL
CASSSIGGTGANTEAFF	FLCLFLLPSL
CASSYSIAGGDEQYF	FLCLFLLPSL
CASTPGGDEQFF	FLCLFLLPSL
CASSFGLAFDEQFF	FLCLFLLPSL
CSADDRDGNTEAFF	FLCLFLLPSL
CASSTRDGYNEQFF	FLCLFLLPSL
CASSVAGGAIEAFF	FLCLFLLPSL
CASSFFASSYNEQFF	FLCLFLLPSL
CASIPGTGNYEQYF	FLCLFLLPSL
CASSQDPVLSGELFF	FLCLFLLPSL
CASSLTSGGFYEQYF	FLCLFLLPSL
CASSLTGSYEQYF	FLCLFLLPSL
CSARDLEGLYEQYF	FLCLFLLPSL
CAWSVIGELFF	FLCLFLLPSL
CASSHGTKEFF	FLCLFLLPSL
CASSQGVLGEQYF	FLCLFLLPSL
CASSTSGGYNEQFF	FLCLFLLPSL
CASSLVGFQETQYF	FLCLFLLPSL
CASSLYGGTAGVEQFF	FLCLFLLPSL
CASSWTVNTEAFF	FLCLFLLPSL
CASSNLADPQYF	FLCLFLLPSL
CASSQGHEQYF	FLCLFLLPSL
CASSVGQGPYEQYF	FLCLFLLPSL
CASSITGLHEQYF	FLCLFLLPSL
CASSSAYEQYF	FLCLFLLPSL
CATSIYRGTSETQYF	FLCLFLLPSL
CASRLVPNNEQFF	FLCLFLLPSL
CSARDLKGAPGYTF	FLCLFLLPSL
CASSLGGSAETQYF	FLCLFLLPSL
CASSSPTGGPIYEQFF	FLCLFLLPSL
CASSLGRVSDYEQYF	FLCLFLLPSL
CASSPLTEAFF	FLCLFLLPSL
CASSLWGNSYEQYF	FLCLFLLPSL
CASSSGTGTYEQYF	FLCLFLLPSL
CASSLQTGSYEQYF	FLCLFLLPSL
CSARADTGVYEQYF	FLCLFLLPSL
CASSHPTGGFDYEQYF	FLCLFLLPSL
CASSRTRGGWTEAFF	FLCLFLLPSL
CASSLRDGTYEQYF	FLCLFLLPSL
CASSQESQNQYQPQHF	FLCLFLLPSL
CASSQILSYEQYF	FLCLFLLPSL
CASSLALTGLGANVLTF	FLCLFLLPSL
CASSLVEGSYNSPLHF	FLCLFLLPSL
CASSAGTGELFF	FLCLFLLPSL
CASSPTENNEQFF	FLCLFLLPSL
CASRWATGEQFF	FLCLFLLPSL
CASSQDAPEQYF	FLCLFLLPSL
CASSLGSHEQFF	FLCLFLLPSL
CASSLTGSYEQYF	FLCLFLLPSL
CASSASYEQYF	FLCLFLLPSL
CASSFSGLPEAFF	FLCLFLLPSL
CSASNRDEQETQYF	FLCLFLLPSL
CASSPKDSFTDTQYF	FLCLFLLPSL
CASTGPTGYTF	FLCLFLLPSL
CASTPDSNSYEQYF	FLCLFLLPSL
CASSLGRNTGELFF	FLCLFLLPSL
CASNYNTGELFF	FLCLFLLPSL
CASSQVGGSPGEAFF	FLCLFLLPSL
CASSYIAGYTDTQYF	FLCLFLLPSL
CASSLTVRTSTDTQYF	FLCLFLLPSL
CASSETGTATTNEKLFF	FLCLFLLPSL
CASSPGDGGANYHEQYF	FLCLFLLPSL
CASSQEGTAYEQYF	FLCLFLLPSL
CSARDLGVGGDEQFF	FLCLFLLPSL
CATRPLSVAIQETQYF	FLCLFLLPSL
CASSPGLAGGWQFF	FLCLFLLPSL
CASSEMGPSPLHF	FLCLFLLPSL
CASSSLITEQYF	FLCLFLLPSL
CASSPGLAVYNEQFF	FLCLFLLPSL
CASSPTGSQETQYF	FLCLFLLPSL
CASSWTSGSTDTQYF	FLCLFLLPSL
CASSLGLAENTGELFF	FLCLFLLPSL
CASSVFGGGSYEQYF	FLCLFLLPSL
CASSFAGYGEQYF	FLCLFLLPSL
CASSFAGLNTEAFF	FLCLFLLPSL
CASSLWGERAEAFF	FLCLFLLPSL
CASSPSGVEQFF	FLCLFLLPSL
CASSLVGGLADTQYF	FLCLFLLPSL
CASSPHRGEEVNEQFF	FLCLFLLPSL
CASSLIPTDTQYF	FLCLFLLPSL
CASSLTGSYEQYF	FLCLFLLPSL
CASSQSNTGELFF	FLCLFLLPSL
CASSQVWGGGRLHQETQYF	FLCLFLLPSL
CSVGGGEAIYEQYF	FLCLFLLPSL
CASSWTGTGFNQPQHF	FLCLFLLPSL
CALFGGLGSTDTQYF	FLCLFLLPSL
CASRNTGTDEQYF	FLCLFLLPSL
CASSLTGEIDTQYF	FLCLFLLPSL
CASSATASYEQYF	FLCLFLLPSL
RASSLQTGQGADQPQHF	FLCLFLLPSL
CASSLADTHLYEQYF	FLCLFLLPSL
CSVYLGARAGELFF	FLCLFLLPSL
CSAIAGANVLTF	FLCLFLLPSL
CASSLDMIGATNEKLFF	FLCLFLLPSL
CASSLDGTVSLTGNTIYF	FLCLFLLPSL
CASSVLAVEQFF	FLCLFLLPSL
CASSLSTGTYEQYF	FLCLFLLPSL
CASSLFVDGYTF	FLCLFLLPSL
CATDGFLAFQPQHF	FLCLFLLPSL
CASSLEGQASSYEQYF	FLCLFLLPSL
CASSSSSNEQYF	FLCLFLLPSL
CASSQETGTGTEAFF	FLCLFLLPSL
CASSLSGQENYEQYF	FLCLFLLPSL
CASSQGELAGDEQFF	FLCLFLLPSL
CASSEAVAIGTQPQHF	FLCLFLLPSL
CASSQGGQGFYEQYF	FLCLFLLPSL
CASSPKPGLESGQYF	FLCLFLLPSL
