CDR3	AA
CASSRTVLENGYTF	YIFFASFYY
CASNLGTTGELFF	YIFFASFYY
CASSQTGGRNQPQHF	YIFFASFYY
CASSLTGGRNQPQHF	YIFFASFYY
CASSRTGGRTDTQYF	YIFFASFYY
CASGVENSYEQYF	YIFFASFYY
CASSLTGGRNQPQHF	YIFFASFYY
CASSLFGGRTDTQYF	YIFFASFYY
CASSNTGGRNQPQHF	YIFFASFYY
CASSSPGRGLYEQYF	YIFFASFYY
CASSRTARNTEAFF	YIFFASFYY
CASSFWTSGINEQFF	YIFFASFYY
CASSQTGGRNQPQHF	YIFFASFYY
CASSLTGGRTQPQHF	YIFFASFYY
CASSEPGQGYSPLHF	YIFFASFYY
CASSLYGGRNQPQHF	YIFFASFYY
CASSSPNGSLYEQYF	YIFFASFYY
CASSLYTDNYYGYTF	YIFFASFYY
CATSDLGTAAGYTF	YIFFASFYY
CASSITGGRNQPQHF	YIFFASFYY
CASSVTGGRNQPQHF	YIFFASFYY
CASSFFTSGLETQYF	YIFFASFYY
CAISEYGGLYPYEQYF	YIFFASFYY
CASSSWGGGGHTDTQYF	YIFFASFYY
CASSFKTSGTDTQYF	YIFFASFYY
CASSFWTGAEAFF	YIFFASFYY
CASSQVSASYEQYF	YIFFASFYY
CASSLTGARNQPQHF	YIFFASFYY
CASSITGGRNQPQHF	YIFFASFYY
CASSSRQGNIQYF	YIFFASFYY
CASSFFSSGGTEQFF	YIFFASFYY
CASSNGGGSRAYNEQFF	YIFFASFYY
CASSYSQARQETQYF	YIFFASFYY
CASSLGQGSGAEAFF	YIFFASFYY
CASSFLTSGINEQFF	YIFFASFYY
CASSLSHPGGGYEQYF	YIFFASFYY
CASSNGGGSRAYNEQFF	YIFFASFYY
CASSLFTDSNQPQHF	YIFFASFYY
CSASGTNTGELFF	YIFFASFYY
CASSFGPGELFF	YIFFASFYY
CSVFVWGPIGYEQYF	YIFFASFYY
CASSYSTSTRIVETQYF	YIFFASFYY
CATLDSSGANVLTF	YIFFASFYY
CSARRANTDTQYF	YIFFASFYY
CASSEIISRAYEQYF	YIFFASFYY
CASSEGQGTDTEAFF	YIFFASFYY
CASSFRHSNEQFF	YIFFASFYY
CASSFRTGRNQPQHF	YIFFASFYY
CASSDRPYTGELFF	YIFFASFYY
CASSFDRSSYEQYF	YIFFASFYY
CSARGGAGGTGELFF	YIFFASFYY
CASSFFTSGGNEQFF	YIFFASFYY
CASSLFTSGSNEQFF	YIFFASFYY
CASSVEGTSGFEQFF	YIFFASFYY
CSAPSGGSSYNEQFF	YIFFASFYY
CASSRRQGENTGELFF	YIFFASFYY
CASSQTGGRNQPQHF	YIFFASFYY
CASSLTGGRNQPQHF	YIFFASFYY
CASFLPGQELSGLF	YIFFASFYY
CASSPFTDRTQPQHF	YIFFASFYY
CATSDHGFSADGYTF	YIFFASFYY
CSVEPTSGSSSGELFF	YIFFASFYY
CASSQTGGRNQPQHF	YIFFASFYY
CASSLTGSRNQPQHF	YIFFASFYY
CSARGSGVEQYF	YIFFASFYY
CASSFATGITYEQYF	YIFFASFYY
CASSLTGSRNQPQHF	YIFFASFYY
CASSLEVSLPEQYF	YIFFASFYY
CASSQTGGRNQPQHF	YIFFASFYY
CSVVGRVNTGELFF	YIFFASFYY
CASIQRGLAYTDTQYF	YIFFASFYY
CASSSTGGRNQPQHF	YIFFASFYY
CASSRWTYGYTF	YIFFASFYY
CASSLPAGSTDTQYF	YIFFASFYY
CASSVRNTGELFF	YIFFASFYY
CASSRTGGRTDTQYF	YIFFASFYY
CASSITGGRNQPQHF	YIFFASFYY
CASSWKTSGTDTQYF	YIFFASFYY
CASSQGFGGGTAYEQYF	YIFFASFYY
CSARMGVEAFF	YIFFASFYY
CASSPWTGEGEKLFF	YIFFASFYY
CASSTGLVGLEYF	YIFFASFYY
CASSLTGSRNQPQHF	YIFFASFYY
CASSLHQGFYGYTF	YIFFASFYY
CASSLTGGRTDTQYF	YIFFASFYY
CASSFGPITAYNEQFF	YIFFASFYY
CASSPPPGEGTGELFF	YIFFASFYY
CASSLTGGRNQPQHF	YIFFASFYY
CSASTENTGELFF	YIFFASFYY
CASSPYGGRNQPQHF	YIFFASFYY
CASSLGQGITPQHF	YIFFASFYY
CSARDERANRFNEQFF	YIFFASFYY
CASSFFTSGGNEQFF	YIFFASFYY
CASSLTGGRSQPQHF	YIFFASFYY
CASSSRDLFYEQYF	YIFFASFYY
CASSSPGQGIYGYTF	YIFFASFYY
CASSYSGQKFGYTF	YIFFASFYY
CASSLTGSRNQPQHF	YIFFASFYY
CASSPRGAGNQPQHF	YIFFASFYY
CASSPGQGYEQYF	YIFFASFYY
CASSFFTSGGNEQFF	YIFFASFYY
CASSFFTSGGNEQFF	YIFFASFYY
CASSNAGQRYQETQYF	YIFFASFYY
CATSDHGTAYGYTF	YIFFASFYY
CASSLTGGRNQPQHF	YIFFASFYY
CASSQDNVVGRNEQFF	YIFFASFYY
CASSLGLVEQFF	YIFFASFYY
CSFRGDSGNTIYF	YIFFASFYY
CASSLYQGRNQPQHF	YIFFASFYY
CASSLTGSRNQPQHF	YIFFASFYY
CASSETGARNQPQHF	YIFFASFYY
CASSGQGNEQFF	YIFFASFYY
