CDR3	AA
CASSVGSASTDTQYF	MPASWVMRI
CASSLGLAGTDTQYF	MPASWVMRI
CSARGGRTDTQYF	MPASWVMRI
CASSPGTAAVDEKLFF	MPASWVMRI
CSATDRGDPNYEQYF	MPASWVMRI
CSARDGTGDTQYF	MPASWVMRI
CASSSRGQNWQRGETQYF	MPASWVMRI
CASSSISGARNTIYF	MPASWVMRI
CASASGTGSTDTQYF	MPASWVMRI
CASSAPGTSGGSSYNEQFF	MPASWVMRI
CASSLTNYNEQFF	MPASWVMRI
CASNYLADNTGELFF	MPASWVMRI
CATRRGLAGSDEQFF	MPASWVMRI
CSARDHREETQYF	MPASWVMRI
CSARGIAEETQYF	MPASWVMRI
CASSQGTGASSYNEQFF	MPASWVMRI
CASSLGWTSGNNEQFF	MPASWVMRI
CASSLGGASTDTQYF	MPASWVMRI
CASRSGQNRGGELFF	MPASWVMRI
CSAPSTGGGGGNPYEQYF	MPASWVMRI
CASYSLGDRMDTQYF	MPASWVMRI
CASRGDGELFF	MPASWVMRI
CASRQGLAGSDQETQYF	MPASWVMRI
CASSLGLAGSDTQYF	MPASWVMRI
CASSPAGGAASSYNEQFF	MPASWVMRI
CASSFSSGSHEQFF	MPASWVMRI
CASSVTTGDGQFF	MPASWVMRI
CASSVSAGGRDEQFF	MPASWVMRI
CSARGTGEDEQYF	MPASWVMRI
CSARQKTSNTGELFF	MPASWVMRI
CASSVGLAASDEQFF	MPASWVMRI
CSAMNRDGQPQHF	MPASWVMRI
CSARPLAGTNEQFF	MPASWVMRI
CATSASGGELFF	MPASWVMRI
CSARDHLADTQYF	MPASWVMRI
CSARGFTTDTQYF	MPASWVMRI
CASSPDDRVPGNTIYF	MPASWVMRI
CASTPGLAGSDEQFF	MPASWVMRI
CASRETGELFF	MPASWVMRI
CASSQVAGADTQYF	MPASWVMRI
CAISESLAGSSYEQYF	MPASWVMRI
CSVRGWETDTQYF	MPASWVMRI
CASSQGARVQETQYF	MPASWVMRI
CSARDFRQDGQFF	MPASWVMRI
CASSLGLAGSDTQYF	MPASWVMRI
CASTGPAGVPGTSGYEQYF	MPASWVMRI
CASRDRGQDEQYF	MPASWVMRI
CSAKDRYTGELFF	MPASWVMRI
CASSSPNSRTGPETQYF	MPASWVMRI
CSAREVDSSSYEQYF	MPASWVMRI
CSARGLRDASNQPQHF	MPASWVMRI
CSARGTGEDEQYF	MPASWVMRI
CASESGTGELFF	MPASWVMRI
CSARAGLAGSDTQYF	MPASWVMRI
CSARDLRTNTGELFF	MPASWVMRI
CSARNADIDEQFF	MPASWVMRI
CASSLGLAGSDTQYF	MPASWVMRI
CASSQVLAGSSYNEQFF	MPASWVMRI
CSARTSGSDEQFF	MPASWVMRI
CASSLGLAGSDTQYF	MPASWVMRI
CASDGEAGELFF	MPASWVMRI
CSARGAEMGNEQFF	MPASWVMRI
CASSYEALNTGELFF	MPASWVMRI
RASSPRAHYGYTF	MPASWVMRI
CASRSGLAGSDEQYF	MPASWVMRI
CASREGLAGSDTQYF	MPASWVMRI
CASSYSGTDLTQYF	MPASWVMRI
CASSPGLAGIDEQYF	MPASWVMRI
CSARGREADTQYF	MPASWVMRI
CASSAYLNTEAFF	MPASWVMRI
CASSFLDSNEKLFF	MPASWVMRI
CASSQDAGTSSYNEQFF	MPASWVMRI
CSARALTISNEQFF	MPASWVMRI
CSAREHRRRDTQYF	MPASWVMRI
CATKGDSYEQYF	MPASWVMRI
CASTFLEGSEAFF	MPASWVMRI
CASRFGPQGNHEQYF	MPASWVMRI
CASSQDQGVGSSYNEQFF	MPASWVMRI
CASSFSSQSSRNTQYF	MPASWVMRI
CSAKGQGADTQYF	MPASWVMRI
CATSRDNERSSYEQYF	MPASWVMRI
CASSAGLAGTDTQYF	MPASWVMRI
CSARGWDISSGNTIYF	MPASWVMRI
CARRQGAGQPQHF	MPASWVMRI
CASSDEARGAYEQYF	MPASWVMRI
CSGFSGANVLTF	MPASWVMRI
CASSYDGRSGEQYF	MPASWVMRI
CSARGGSTDTQYF	MPASWVMRI
CASRKGLAGADGELFF	MPASWVMRI
CASSLGLESSGNTIYF	MPASWVMRI
CSARGRSSDTQYF	MPASWVMRI
CASSLAGDWEGYSPLHF	MPASWVMRI
CASSLGLAGVDTQYF	MPASWVMRI
CAILAGGAGVGGYEQYF	MPASWVMRI
CSARDWTADTQYF	MPASWVMRI
CASSLGLAGSDEQYF	MPASWVMRI
CSARDEGQGSYEQYF	MPASWVMRI
CSARDYTGPDTQYF	MPASWVMRI
CASSLGLAGSDTQYF	MPASWVMRI
CASSLLNREQFF	MPASWVMRI
CSAETRRRDGYTF	MPASWVMRI
CASSPEPLALERVEQETQYF	MPASWVMRI
CSARGNRLDEQFF	MPASWVMRI
CASTGLAGSDTQYF	MPASWVMRI
CSARDAGQGVSYNEQFF	MPASWVMRI
CASSQGLAGGDTGELFF	MPASWVMRI
CASRDLPGRTQYF	MPASWVMRI
CSATDRGENTGELFF	MPASWVMRI
CSAKDRFRGQPQHF	MPASWVMRI
CASRSGLAGVDHEQYF	MPASWVMRI
CASSGRGAEQYF	MPASWVMRI
CASSLIGEGRTEAFF	MPASWVMRI
CASSEMGVRKETQYF	MPASWVMRI
CASSQDGGQVPYEQYF	MPASWVMRI
CATENTGELFF	MPASWVMRI
CASSLGLAGSDEQFF	MPASWVMRI
CASSHGLAGSDEQFF	MPASWVMRI
CSARGTVTDTQYF	MPASWVMRI
CASSGRQGPPEQFF	MPASWVMRI
CSARGSDTDTQYF	MPASWVMRI
CSARGADRDEQYF	MPASWVMRI
CSARGQSTDTQYF	MPASWVMRI
CASRPLAGALSSYNEQFF	MPASWVMRI
CSAEDVLGESSYNEQFF	MPASWVMRI
CASEGGSSYNSPLHF	MPASWVMRI
CSCKSTDTQYF	MPASWVMRI
CSARDSGSNTGELFF	MPASWVMRI
CSARDWDRGNHEQYF	MPASWVMRI
CASSREGARQYEQYF	MPASWVMRI
CSARGTGTDTQYF	MPASWVMRI
CASSHPDRRNYGYTF	MPASWVMRI
CASSVGLAASDEQFF	MPASWVMRI
CSAEIWETNYGYTF	MPASWVMRI
CSARPDLTDTQYF	MPASWVMRI
CASSFLKPPYEQYF	MPASWVMRI
CASSPGTGGDTQYF	MPASWVMRI
CASHSGAGVGNEQFF	MPASWVMRI
CASSGGLAGSDEQFF	MPASWVMRI
CASSAERQGAGANVLTF	MPASWVMRI
CSAREAGGEQSTDTQYF	MPASWVMRI
CSALVGAADTQYF	MPASWVMRI
CASSFRPRLLASTDTQYF	MPASWVMRI
CASEGEREHDGELFF	MPASWVMRI
CASSLGLAGSDTQYF	MPASWVMRI
CASSPGGGLAGSDTQYF	MPASWVMRI
CSARDGGSWTGELFF	MPASWVMRI
CASSLGLETQYF	MPASWVMRI
CSARSGELSDTQYF	MPASWVMRI
CASSLSYEQYF	MPASWVMRI
CASSQVAAMSSYNEQFF	MPASWVMRI
CSARDSTVATHNEQFF	MPASWVMRI
CASSSSSGGSTDTQYF	MPASWVMRI
CSARPLSPDTQYF	MPASWVMRI
CASSLGDTAHEKLFF	MPASWVMRI
CSAEPIFQNTEAFF	MPASWVMRI
CASSIYGRTGGFQETQYF	MPASWVMRI
CSAAPGDIQYF	MPASWVMRI
CSVEDLGQGGTEAFF	MPASWVMRI
CSARGMDHDYEQYF	MPASWVMRI
CSARGLATDTQYF	MPASWVMRI
CSARGTGTDTQYF	MPASWVMRI
CSARDWNTNTGELFF	MPASWVMRI
CSARDQGSNTGELFF	MPASWVMRI
CSARDAAENTGELFF	MPASWVMRI
CASSQGLAGSDTQYF	MPASWVMRI
CASNAGLAENNEQFF	MPASWVMRI
CSAKGLVSLSYEQYF	MPASWVMRI
CASSPGLAGVDTGELFF	MPASWVMRI
CASSWTGTTYNEQFF	MPASWVMRI
CASSQVLAASSYNEQFF	MPASWVMRI
CSSPWGGRRSGETQYF	MPASWVMRI
CASSLDSPSYNEQFF	MPASWVMRI
CASRSYTGELFF	MPASWVMRI
CASRTGVGPSTDTQYF	MPASWVMRI
CSARGTGDDEQFF	MPASWVMRI
CSALGLGEQYF	MPASWVMRI
CSARGTLGDEQFF	MPASWVMRI
CSALQRGSNTGELFF	MPASWVMRI
CASSSYEGKGQSHYEQYF	MPASWVMRI
CASLLDTGELFF	MPASWVMRI
CSAREVENHSYEQYF	MPASWVMRI
CSAISWDRGDNEQYF	MPASWVMRI
CASSWGLAGLNNEQFF	MPASWVMRI
CASSSDRTGRLPYEQYF	MPASWVMRI
CSATDRATNTGELFF	MPASWVMRI
