CDR3	AA
CSAPQGDSNQPQHF	YINVFAFPF
CASSLLAGGTDTQYF	YINVFAFPF
CASSVSREQYF	YINVFAFPF
CASLSGKQFF	YINVFAFPF
CATFSGGAYGYTF	YINVFAFPF
CSVVGGQGEAFF	YINVFAFPF
CAISEPNLNTEAFF	YINVFAFPF
CASSFGDTIYF	YINVFAFPF
CSASTGAGYEQYF	YINVFAFPF
CASSLLGSNTGELFF	YINVFAFPF
CASGGQGSLEPQHF	YINVFAFPF
CASSTGGFLLHEQYF	YINVFAFPF
CSASGPDSYEQYF	YINVFAFPF
CAISDGSGDRRTDTQYF	YINVFAFPF
CASSLSSSPTF	YINVFAFPF
CASSLTGETQYF	YINVFAFPF
CASGTSGSVRYEQYV	YINVFAFPF
CSETLQGAGGYTF	YINVFAFPF
CASSPAGYEQYF	YINVFAFPF
CASRTGSSQYF	YINVFAFPF
CASSFTGGEAFF	YINVFAFPF
CSVETGRGYEQYF	YINVFAFPF
CASSPDSKLFF	YINVFAFPF
CASSEQAGGLAEAFF	YINVFAFPF
CASSQESGGSYEQYF	YINVFAFPF
CASSSFGQEEFF	YINVFAFPF
CASSQLDFPLEQYF	YINVFAFPF
CASSYSPSAYEQFF	YINVFAFPF
CSVEDAGVPSRQETQYF	YINVFAFPF
CASSSAGGSTDTQYF	YINVFAFPF
CSVEVGQGPEAFF	YINVFAFPF
CSVGIGQGTDTQYF	YINVFAFPF
CASSSTGETQYF	YINVFAFPF
CASRSGDNEAFF	YINVFAFPF
CASKEGNTEAFF	YINVFAFPF
CASSLSYLGDGANVLTF	YINVFAFPF
CASSIGGGEVEDTQYF	YINVFAFPF
CASSWGLDGYTF	YINVFAFPF
CASSSGTVKYF	YINVFAFPF
CASSWGGYGYTF	YINVFAFPF
CASSFLTGELFF	YINVFAFPF
CASRAGELFF	YINVFAFPF
CASSLVQIGNEQFF	YINVFAFPF
CSRGGLAGVRADTQYF	YINVFAFPF
CSAGGGADEQYF	YINVFAFPF
CSAYDRVVKNIQYF	YINVFAFPF
CSANRGGETQYF	YINVFAFPF
CASSYSDTQYF	YINVFAFPF
CASSQDGTEYF	YINVFAFPF
CASSKIGGAYEQYF	YINVFAFPF
CATSRGSAETQYF	YINVFAFPF
CASSQDLVPEAFF	YINVFAFPF
CASTAWASGGYNEQFF	YINVFAFPF
CASSKGRQGGFTGELFF	YINVFAFPF
CASSPIPLGNEQFF	YINVFAFPF
CASSSVGGTNTEAFF	YINVFAFPF
CASSVSGYTEAFF	YINVFAFPF
CASSLSVEQFF	YINVFAFPF
CASSPSGNGYTF	YINVFAFPF
CASSIYPGGADTQYF	YINVFAFPF
CASSQDSGGVGYTF	YINVFAFPF
CASSWGGTEAFF	YINVFAFPF
CASSLGAKQFF	YINVFAFPF
CASSPSPLNEQFF	YINVFAFPF
CASSFGRDPDF	YINVFAFPF
CASSSTGYEQYF	YINVFAFPF
CASSLPRSNEKLFF	YINVFAFPF
CASSYGGNEQFF	YINVFAFPF
CSAPRSTHSSYEQYF	YINVFAFPF
CASSLEGGAEQFF	YINVFAFPF
CASSLDFQGPSNEQFF	YINVFAFPF
CASSPGGGSYNEQFF	YINVFAFPF
CASSEGSGRNTDTQYF	YINVFAFPF
CSVEDGLASSDYNEQFF	YINVFAFPF
CASSLGQGAYGYTF	YINVFAFPF
CATSGQGRAYEQYF	YINVFAFPF
CASSYSMTGGSAYEQYF	YINVFAFPF
CASSQDTLRNEKLFF	YINVFAFPF
CASSLTGAEQYF	YINVFAFPF
CSAMTYGYTF	YINVFAFPF
CASSLTGETQYF	YINVFAFPF
CSALGTATDTQYF	YINVFAFPF
CASSLDSYNEQFF	YINVFAFPF
CASSLLRDTYNEQFF	YINVFAFPF
CASSQGADTQYF	YINVFAFPF
CASSSNGLAGGYEQYF	YINVFAFPF
CSVQQGTGYEQYF	YINVFAFPF
CASSFSGELFF	YINVFAFPF
CASSARSEQYF	YINVFAFPF
CASSQLEKLFF	YINVFAFPF
CASSLTPGDMNTEAFF	YINVFAFPF
CASSFADTQYF	YINVFAFPF
CASSLVGADTQYF	YINVFAFPF
CASSAPTGQGDYEQYF	YINVFAFPF
CSVQVDSYEQYF	YINVFAFPF
CASSFIRSQPQHF	YINVFAFPF
CASSLVLAGRWTQETQYF	YINVFAFPF
CASSTRTGLASYEQYF	YINVFAFPF
CASRSGRDQYF	YINVFAFPF
CASSLTGGTEAFF	YINVFAFPF
CASDYGAGFEQFF	YINVFAFPF
CASSFSGELFF	YINVFAFPF
CASSLGGETQYF	YINVFAFPF
CASSLVSSGNNEQFF	YINVFAFPF
CASSSAGAGTDTQYF	YINVFAFPF
CASSLQGNTEAFF	YINVFAFPF
CASSPGGGEQFF	YINVFAFPF
CATSNTGELFF	YINVFAFPF
CASSLGQYEQYF	YINVFAFPF
CKNRVTSLGAFF	YINVFAFPF
CASSSLSGSYYNEQFF	YINVFAFPF
CASSFGGTEQYF	YINVFAFPF
CASSILRQGRMNTEAFF	YINVFAFPF
CASSPSGGVVDTQYF	YINVFAFPF
CASSQAGETQYF	YINVFAFPF
CASSGGGSFGTSGWEQYF	YINVFAFPF
CASSIGGGEAFF	YINVFAFPF
CASSSTGYIQYF	YINVFAFPF
CASSEYNQPQHF	YINVFAFPF
CASRDPDRGWYTEAFF	YINVFAFPF
CAISDSVTPGETQYF	YINVFAFPF
CASGASVEFF	YINVFAFPF
CASSFGGAGTDTQYF	YINVFAFPF
CASSPGLAGAFSTDTQYF	YINVFAFPF
CASSPYGTGDEQFF	YINVFAFPF
CASSTTGAGYTF	YINVFAFPF
CSAWTGSNYGYTF	YINVFAFPF
CASRRETALAGVHNEQFF	YINVFAFPF
CASSLTPALDTQYF	YINVFAFPF
CASSYGGTEAFF	YINVFAFPF
CASGPSWGYTF	YINVFAFPF
CASSPTAETQYF	YINVFAFPF
CASSQDQGVVQPQHF	YINVFAFPF
CSVVDSLNTEAFF	YINVFAFPF
CASSAGARQYF	YINVFAFPF
CASSLVYGIGTPLYNEQFF	YINVFAFPF
CASSLLGTQYEQYF	YINVFAFPF
CASSVAVGTTNYEQYF	YINVFAFPF
CASSPGGGGEGKDTQYF	YINVFAFPF
CASSPQGYEQYF	YINVFAFPF
CASSPAGLKQFF	YINVFAFPF
CASSWTGNEQYF	YINVFAFPF
CASSPELASIYEQYF	YINVFAFPF
CSSLSYNEQFF	YINVFAFPF
CASSITGELFF	YINVFAFPF
CASSPREGGLGEKLFF	YINVFAFPF
CASSLGEKLFF	YINVFAFPF
CASSLLGGGSYNEQFF	YINVFAFPF
CASSPPTGEETQYF	YINVFAFPF
CASSFRDNITDTQYF	YINVFAFPF
CASSFSSPDTQYF	YINVFAFPF
CASSSTGFTEAFF	YINVFAFPF
CASSQEGLAGVSDTQYF	YINVFAFPF
CASSWTGTFSGANVLTF	YINVFAFPF
CASRLETGELFF	YINVFAFPF
CASSFSNTQYF	YINVFAFPF
CASSPTGKVGNEKLFF	YINVFAFPF
CASSVAHGYEQYF	YINVFAFPF
CASRQGGHEQYF	YINVFAFPF
CASSPGVAGRGHNEQFF	YINVFAFPF
CSVEVSGNEQFF	YINVFAFPF
CASSQGFYEQYF	YINVFAFPF
CASSFTSEAFF	YINVFAFPF
CASSQDLSYEQYF	YINVFAFPF
CASSFASQAFF	YINVFAFPF
CASSPMSDF	YINVFAFPF
CASSFTGAEGYTF	YINVFAFPF
CASSDRGSPDTQYF	YINVFAFPF
CASSFGTLSSGNTIYF	YINVFAFPF
CAISGQSVSYEQYF	YINVFAFPF
CASSNMGLGQPQHF	YINVFAFPF
CASSSPFEQFF	YINVFAFPF
CASGGTGYSYEQYF	YINVFAFPF
CASSQVGPQQFF	YINVFAFPF
CAISESGDEKLFF	YINVFAFPF
CASSVNGPEAFF	YINVFAFPF
CASLGGRDEQFF	YINVFAFPF
CASSFGGGEGHEQYF	YINVFAFPF
CASSLSGTQYF	YINVFAFPF
CASSLDGGYTF	YINVFAFPF
CSAPGLAVEDTQYF	YINVFAFPF
CASSSPIGQNGDTQYF	YINVFAFPF
CASSLTGSPLHF	YINVFAFPF
CASSLSSEQFF	YINVFAFPF
CASSWDGTQYF	YINVFAFPF
CASSYPGGDHTF	YINVFAFPF
CASSVDSGSYEQYF	YINVFAFPF
CASGGGGHEQYF	YINVFAFPF
CSAPVLNTEAFF	YINVFAFPF
CADTPGVFF	YINVFAFPF
CASSLDWVYGYTF	YINVFAFPF
CSAPPTGTNYGYTF	YINVFAFPF
CASSFEGTQYF	YINVFAFPF
CASSVEPGGIHNEQFF	YINVFAFPF
CASSYSEGVTEAFF	YINVFAFPF
CASSLTGETQYF	YINVFAFPF
CASSYAGETQYF	YINVFAFPF
CASTPGERGLSYEQYF	YINVFAFPF
CAGGYTSTDTQYF	YINVFAFPF
CAISESGSIHEQYF	YINVFAFPF
CASSEHSSGGYNEQFF	YINVFAFPF
CASSYYPGVPQETQYF	YINVFAFPF
CSAVRSGSSYNEQFF	YINVFAFPF
CSESPSGTGNSNGYTF	YINVFAFPF
CASRFGTEQFF	YINVFAFPF
CASSTTPGRKLFF	YINVFAFPF
CASSFSGTEFF	YINVFAFPF
CASSGDVVISPYEQYF	YINVFAFPF
CASITGWYAFF	YINVFAFPF
CASSDTSGRAYEQYF	YINVFAFPF
CSATPGTSTYEQYF	YINVFAFPF
CASTPGGELFF	YINVFAFPF
CSATPPGELYEQYF	YINVFAFPF
CASSLAGEKLFF	YINVFAFPF
CASSQDHTPNEQFF	YINVFAFPF
CASSLPRGTGTYEQYF	YINVFAFPF
CASSFLRGVNPYEQYF	YINVFAFPF
CASSYHGREGGYEQYF	YINVFAFPF
CASSVETSKLYGYTF	YINVFAFPF
CASSYAGTEAFF	YINVFAFPF
CASSEFGGANEKLFF	YINVFAFPF
CASSFGNTQYF	YINVFAFPF
CASSFNHEQYF	YINVFAFPF
CASSYGSYGYTF	YINVFAFPF
CASSDPGNTIYF	YINVFAFPF
CASSLTDTQYF	YINVFAFPF
CASSFAVEQYF	YINVFAFPF
CSATTGDGNTIYF	YINVFAFPF
CASTLRGDTQYF	YINVFAFPF
CASSSTGAGGYTF	YINVFAFPF
CASSLDVQVHPYEQYF	YINVFAFPF
CASSWGSSNGELFF	YINVFAFPF
CASSFTGSEQFF	YINVFAFPF
CASSSPHELTQYF	YINVFAFPF
CSANREGETQYF	YINVFAFPF
CASSPGPANGAYEQYF	YINVFAFPF
CSATTGTSGSRSTDTQYF	YINVFAFPF
CATSDNSEGNEQFF	YINVFAFPF
CASSPSGNTIYF	YINVFAFPF
CASSPTGNEQFF	YINVFAFPF
CASSYEIGTGNTEAFF	YINVFAFPF
CSARPLGTGSTEAFF	YINVFAFPF
CASSISGANEQFF	YINVFAFPF
CASSLAYHQFF	YINVFAFPF
CASSKAGDSYNEQFF	YINVFAFPF
CASSPYLGGYEQYF	YINVFAFPF
CASILSGGEGEQYF	YINVFAFPF
CASSLTGDGYTF	YINVFAFPF
CASSYTLAGETPSTDTQYF	YINVFAFPF
CASRGEQLPELFF	YINVFAFPF
CASRTSGVYNEQFF	YINVFAFPF
CASSLKGETQYF	YINVFAFPF
CASSLAWKVSPTSYEQYF	YINVFAFPF
CASSLTGARGYTF	YINVFAFPF
CASTHNQPQHF	YINVFAFPF
CSAAQGSETQYF	YINVFAFPF
CASSFSNEQFF	YINVFAFPF
CASSFDGISGYTF	YINVFAFPF
CSSQGLDVVGSYNEQFF	YINVFAFPF
CASSLVGSNYEQYF	YINVFAFPF
CASNYPGGGLFF	YINVFAFPF
CASSFRGYEQYF	YINVFAFPF
CASSLTGETQYF	YINVFAFPF
CASSQDYGYEQYF	YINVFAFPF
CASSLSYEQYF	YINVFAFPF
CASSGPNRDRDYEKLFF	YINVFAFPF
CASSYVSGRYGYTF	YINVFAFPF
CASTPGGETQYF	YINVFAFPF
CASSLGRQGGPEAFF	YINVFAFPF
CASSWGTEAFF	YINVFAFPF
CASSFSHEQYF	YINVFAFPF
CASSFRDIANYGYTF	YINVFAFPF
CASSLNGETQYF	YINVFAFPF
CSGIDLETYEQYF	YINVFAFPF
CASSPGQPEAFF	YINVFAFPF
CASSSRQDLSYNEQFF	YINVFAFPF
CASSEPRGWYEQYF	YINVFAFPF
CASSLGGTGVSAAKNIQYF	YINVFAFPF
CSALAYNEQFF	YINVFAFPF
CATWTGQGTQYF	YINVFAFPF
CASSVTPNEQFF	YINVFAFPF
CASSFSYEQYF	YINVFAFPF
CASSYFQGFGKLFF	YINVFAFPF
CASSYGGINEQFF	YINVFAFPF
CASSERSSWENTEAFF	YINVFAFPF
CASSVYSGGGTDTQYF	YINVFAFPF
CASSLTGEKLFF	YINVFAFPF
CASSSGLASYEQYF	YINVFAFPF
CSASGTSGESSYEQYF	YINVFAFPF
CASSLLQGGYNEQFF	YINVFAFPF
CASSLLGVSVEQYF	YINVFAFPF
CASSGFGYTF	YINVFAFPF
CSARTGAEETQYF	YINVFAFPF
CASSSGEQFF	YINVFAFPF
CASSHLDEQFF	YINVFAFPF
CASSLSVEQYF	YINVFAFPF
CATEGPHTDTQYF	YINVFAFPF
CAIGYNEQFF	YINVFAFPF
CASSEIEGNGYTF	YINVFAFPF
CSASLAGGTYEQYF	YINVFAFPF
CASSFSGSDTDTQYF	YINVFAFPF
CASSLTGYEQYF	YINVFAFPF
CSALLGRVNNEQFF	YINVFAFPF
CASSTTGNEQYF	YINVFAFPF
CAIDQGGAGAFF	YINVFAFPF
CASSTGGREQYF	YINVFAFPF
CASSRAGTSVETQYF	YINVFAFPF
CASSLVGEQFF	YINVFAFPF
CASIGGVEAFF	YINVFAFPF
RASTGNGQGAKNSPLHF	YINVFAFPF
CASSSQGIQPQHF	YINVFAFPF
CSAKTGNTGELFF	YINVFAFPF
CASSFTGNEQFF	YINVFAFPF
CASSLVGQSYEQYF	YINVFAFPF
CASSYTGGYTF	YINVFAFPF
CASQQGASPLHF	YINVFAFPF
CASSSTLAGATF	YINVFAFPF
CASSFAGLETQYF	YINVFAFPF
CASSFSGEQFF	YINVFAFPF
CASSVDLGQVSYNEQFF	YINVFAFPF
CASSSSGETQYF	YINVFAFPF
CASSSTGETQYF	YINVFAFPF
CASGLDGSLFF	YINVFAFPF
CASSHEPAGGWYNEQFF	YINVFAFPF
CASSRRDLPSPLHF	YINVFAFPF
CASSQEVAQETQYF	YINVFAFPF
CASSLSYEQYF	YINVFAFPF
CASSFADTQYF	YINVFAFPF
CASSHTSGYSYEQYF	YINVFAFPF
CASHSSGYNEQFF	YINVFAFPF
CASSRGQPQHF	YINVFAFPF
CATSSGSGSGYEQYF	YINVFAFPF
CATSRQDQETQYF	YINVFAFPF
CTSRSSYNEQFF	YINVFAFPF
CASNRGEDTQYF	YINVFAFPF
CASSQSYPTYQPQHF	YINVFAFPF
CSALDRDYNHEQYF	YINVFAFPF
CATTSGGYNEQFF	YINVFAFPF
CASSQTGVTYEQYF	YINVFAFPF
CASSLSGPYNEQFF	YINVFAFPF
CASSLAPGQGDAYEQYF	YINVFAFPF
CASSHAGELFF	YINVFAFPF
CASEYGNTIYF	YINVFAFPF
CASSFSDTQYF	YINVFAFPF
CASRTKGHWQPQHF	YINVFAFPF
CASSQTGLEAFF	YINVFAFPF
CASSLSSTYNEQFF	YINVFAFPF
CASSYSKRDTQYF	YINVFAFPF
CASSLYSGSGEQFF	YINVFAFPF
CASTNGGTGYGYTF	YINVFAFPF
CASSYTGTPSGEQYF	YINVFAFPF
CASSFSGPEAFF	YINVFAFPF
CASSEGRTMNTEAFF	YINVFAFPF
CASSGGGYTF	YINVFAFPF
CASSFQTGAEKLFF	YINVFAFPF
CASSVEGLAYEQYF	YINVFAFPF
CASGAGADATQYF	YINVFAFPF
CASSPLARTDTQYF	YINVFAFPF
CASGQGSYEQYF	YINVFAFPF
CATSDRQGPAVYF	YINVFAFPF
CASSSGLQNYEQYF	YINVFAFPF
CASSVVGVEQFF	YINVFAFPF
CSARDPSYTEAFF	YINVFAFPF
CASTLVGDEQFF	YINVFAFPF
CASRGTSGSYEQYF	YINVFAFPF
CASGNEQFF	YINVFAFPF
CSARSVAGGEKLFF	YINVFAFPF
CASSVGGISEAFF	YINVFAFPF
CACTGGYTEAFF	YINVFAFPF
CASSLDGGSGREFF	YINVFAFPF
CASSFRSGVEPQHF	YINVFAFPF
CASSSTGAEQFF	YINVFAFPF
CASMDLGSYNSPLHF	YINVFAFPF
CSARAADDGELFF	YINVFAFPF
CASSLYGQRDFSYTF	YINVFAFPF
CASSAGQFEQYF	YINVFAFPF
CASSVELAGDLDTQYF	YINVFAFPF
CASSFSDTQYF	YINVFAFPF
CASTEPLAGDLTNEQFF	YINVFAFPF
CASGNGYYEQYF	YINVFAFPF
CASNYIRSGTSGMDTQYF	YINVFAFPF
CASHRGGGQFF	YINVFAFPF
CASSGRTGALLSTGELFF	YINVFAFPF
CASSFSFEQYF	YINVFAFPF
CASSLTPSTDTQYF	YINVFAFPF
CASSFSGYNEQFF	YINVFAFPF
CSVEVGSGYEQYF	YINVFAFPF
CASSLGTGGEQYF	YINVFAFPF
CASKFPWDSQTQYF	YINVFAFPF
CASSPTDGEQFF	YINVFAFPF
CASSPTGHGYTF	YINVFAFPF
CASSEALHTGGEQFF	YINVFAFPF
CASQGGYTQYF	YINVFAFPF
CASSFAGAGDQPQHF	YINVFAFPF
CASSLAGAGSYNEQFF	YINVFAFPF
CASSNRQGAVNSPLHF	YINVFAFPF
CASSLSGPTNYGYTF	YINVFAFPF
CASRASGIYEQYF	YINVFAFPF
CASSWGQDGYTF	YINVFAFPF
CASSPFLQPPYNEQFF	YINVFAFPF
CASSPTGATIYF	YINVFAFPF
CASSQAHGYEQYF	YINVFAFPF
CASSPVAGGPVEYF	YINVFAFPF
CASSPLAGVNYEQYF	YINVFAFPF
CASSSRSEQYF	YINVFAFPF
CASSLAGLPTSTDTQYF	YINVFAFPF
CASNRVAGELFF	YINVFAFPF
CASSFWGAQSSYEQYF	YINVFAFPF
CSVVPMNTEAFF	YINVFAFPF
RARLYERDTNNEQFF	YINVFAFPF
CASSQPATEAFF	YINVFAFPF
CASSQDPSGLTYEQYF	YINVFAFPF
CASMYGHEQFF	YINVFAFPF
CASSTELGSYNEQFF	YINVFAFPF
CASSYSYNEQFF	YINVFAFPF
CASSFVDEQFF	YINVFAFPF
CASSERDLYHEAFF	YINVFAFPF
CASSFEGAGGIQYF	YINVFAFPF
CASSPGYGQGYEQYF	YINVFAFPF
CASSYSHRDLSGNTIYF	YINVFAFPF
CATSNSLAGEETQYF	YINVFAFPF
CASSSTGGVSDTQYF	YINVFAFPF
CASSGTPNTGELFF	YINVFAFPF
CASSYFGGAYEQYF	YINVFAFPF
CASSEVPSGTYEQYF	YINVFAFPF
CASSETGEQYF	YINVFAFPF
CAIRSAWGEQYF	YINVFAFPF
CASSPTGYEQYF	YINVFAFPF
CASSLGRSYTEAFF	YINVFAFPF
CASSSGGTEAFF	YINVFAFPF
CSATGGTEENYEQYF	YINVFAFPF
CSGNRDTEAFF	YINVFAFPF
CASSIGGGNEQFF	YINVFAFPF
CASSLAGELFF	YINVFAFPF
CASSWGDLGRGYNEQFF	YINVFAFPF
CASSLAGPEGQYF	YINVFAFPF
CASGLTEAFF	YINVFAFPF
CASSLPTDTQYF	YINVFAFPF
CASSLTGYEQYF	YINVFAFPF
CASSLDLSNQPQHF	YINVFAFPF
CASSPDEAFF	YINVFAFPF
CASSDGDLYNEQFF	YINVFAFPF
CASSFVQPGYTF	YINVFAFPF
CASSYNPGTAESYEQYF	YINVFAFPF
CASSVDLGEHNEQFF	YINVFAFPF
CASSLWDSSTYEQYF	YINVFAFPF
CASSPSGYEQYF	YINVFAFPF
CASSGGGTEAFF	YINVFAFPF
CASSLGARGYTF	YINVFAFPF
CSAPNQGYSYEQYF	YINVFAFPF
CASSFSIGRVF	YINVFAFPF
CASSQEPVRGLSEQYF	YINVFAFPF
CASSVDAGSYEQYF	YINVFAFPF
CASSEGLAADTQYF	YINVFAFPF
CASSYFLAGGYNEQFF	YINVFAFPF
CASSFTGETQYF	YINVFAFPF
CASKEYNEQFF	YINVFAFPF
CASSEMGTENTGELFF	YINVFAFPF
CASSLTGGSEQYF	YINVFAFPF
CASSLDAYEQYF	YINVFAFPF
CASSFADTQYF	YINVFAFPF
CASSSGTVEHF	YINVFAFPF
CASSSPSTSILQYF	YINVFAFPF
CASSPTGYEQYF	YINVFAFPF
CASSFSGPQHF	YINVFAFPF
CSVTSGSAEQYF	YINVFAFPF
CASSFVADTQYF	YINVFAFPF
CASSPGGYGYTF	YINVFAFPF
CASKEGAFINQPQHF	YINVFAFPF
CASGEHEQYF	YINVFAFPF
CAEGGNTGELFF	YINVFAFPF
CASSQVGDRLYEQYF	YINVFAFPF
CASSYSLGSDNTEAFF	YINVFAFPF
CSVEDGVTDTQYF	YINVFAFPF
CASSAFRRDGSSPLHF	YINVFAFPF
CASSLSILGQYGEQFF	YINVFAFPF
CASSFQGNTEAFF	YINVFAFPF
CASSYRLDLGNTEAFF	YINVFAFPF
CASSVWTPQGDEKLFF	YINVFAFPF
CASSWGLYNEQFF	YINVFAFPF
CASTETGWNTIYF	YINVFAFPF
CASSTWTSGPSYNEQFF	YINVFAFPF
CASSLTGAAPDTQYF	YINVFAFPF
CSVEDWSGYNEQFF	YINVFAFPF
CASSLAGETQYF	YINVFAFPF
CASNPGGPPGEAFF	YINVFAFPF
CASSLEGIYGYTF	YINVFAFPF
CASSGQGSLYGYTF	YINVFAFPF
CAIGTVSNQPQHF	YINVFAFPF
CASSYGSYGYTF	YINVFAFPF
CASSLVYEQYF	YINVFAFPF
CASSFTGNEQFF	YINVFAFPF
CASSSGTPIPF	YINVFAFPF
CASSVEEGGVTDTQYF	YINVFAFPF
CASSHPPGQPYEQYF	YINVFAFPF
CASSWSGRGYTF	YINVFAFPF
CASSYFLAGAQETQYF	YINVFAFPF
CASSFTGGELFF	YINVFAFPF
CASSYSGNTIYF	YINVFAFPF
CASWGQGGWYTEAFF	YINVFAFPF
CASSQDYEGAPPHEQYF	YINVFAFPF
CSPGLDNEQFF	YINVFAFPF
RASSFTPRRRYNEQFF	YINVFAFPF
CASSFSGLSNYGYTF	YINVFAFPF
CSATTGAGELFF	YINVFAFPF
CASSLGLGNEQFF	YINVFAFPF
CASSVFSGGAADTQYF	YINVFAFPF
CSARVFAGGADTQYF	YINVFAFPF
CASSWGGICTF	YINVFAFPF
CASSYSGNEQFF	YINVFAFPF
CSARSTWDLTDTQYF	YINVFAFPF
CASSFSSVELFF	YINVFAFPF
CASSPSGTYEQYF	YINVFAFPF
CASSFAHEQYF	YINVFAFPF
CASTIAGDTQYF	YINVFAFPF
CASTLSGLLFF	YINVFAFPF
CASSFMAEAFF	YINVFAFPF
CASSAEPTAGGMNTEAFF	YINVFAFPF
CASSYDNEQFF	YINVFAFPF
CASSLNSNQPQHF	YINVFAFPF
CASSFTGNEQFF	YINVFAFPF
CATLQFF	YINVFAFPF
CASSLAGPSTDTQYF	YINVFAFPF
CASSSSGSSTDTQYF	YINVFAFPF
CASSYNRGNEQFF	YINVFAFPF
CASSLIDRLLAKNIQYF	YINVFAFPF
CASSWDRVYEQYF	YINVFAFPF
CASSNIAEQFF	YINVFAFPF
CATAVETGKITDTQYF	YINVFAFPF
CSARYANTEAFF	YINVFAFPF
CASSPGGELFF	YINVFAFPF
CASSSRHFSGNTIYF	YINVFAFPF
CASSLSGSRVKGQFF	YINVFAFPF
CSALTPGYTF	YINVFAFPF
CSVLTGLNTEAFF	YINVFAFPF
CSALSPGTSGGLTGELFF	YINVFAFPF
CASRQGPNRDPQHF	YINVFAFPF
CASSGSGETQYF	YINVFAFPF
CASSPPGRAEQYF	YINVFAFPF
CASSAALSSNQPQHF	YINVFAFPF
CASSLMAGGSGELFF	YINVFAFPF
CASSPSGNTIYF	YINVFAFPF
CASSPSGETQYF	YINVFAFPF
CASTGQGAVMAQYF	YINVFAFPF
CASSATGFEQYF	YINVFAFPF
CASRPKTQGWAYGYTF	YINVFAFPF
CASSLAGNEKLFF	YINVFAFPF
CASSREGQGDYEQYF	YINVFAFPF
CASSLQIANTGELFF	YINVFAFPF
CASSAEHYTEAFF	YINVFAFPF
CASSFSAAAFF	YINVFAFPF
CASSSGTYGYTF	YINVFAFPF
CASSYPGYEQYF	YINVFAFPF
CSVELGEGFEQYF	YINVFAFPF
CASSVNSNQPQHF	YINVFAFPF
CSVFGGDYEQYF	YINVFAFPF
CSARQDGASDPGYTF	YINVFAFPF
CASSFRGTEAFF	YINVFAFPF
CASTYESLYGYTF	YINVFAFPF
CASSLAGEKLFF	YINVFAFPF
CASSLKGLAGAF	YINVFAFPF
CASLGRFDYGYTF	YINVFAFPF
CASSGTSGYYEQYF	YINVFAFPF
CASSLGTSAEQFF	YINVFAFPF
CASSETIPRDF	YINVFAFPF
CASSLDGYEQYF	YINVFAFPF
CASSTGDEQFF	YINVFAFPF
CSAVGQSSYNEQFF	YINVFAFPF
CASSWDRANYGYTF	YINVFAFPF
CSATMGRETQYF	YINVFAFPF
CASSKGWGYTF	YINVFAFPF
CASSQQGEKLFF	YINVFAFPF
CASSLAQPSGANVLTF	YINVFAFPF
CSASSVWPTGELFF	YINVFAFPF
CASTVSQDTQYF	YINVFAFPF
CASMDGLSIYEQYF	YINVFAFPF
CSAAWGTETQYF	YINVFAFPF
CASGNEQFF	YINVFAFPF
CAGQTGFGYTF	YINVFAFPF
CSVRAGGNEQYF	YINVFAFPF
CASSYSIASGRYSTDTQYF	YINVFAFPF
CSASLTDTQYF	YINVFAFPF
CASSSSGDTQYF	YINVFAFPF
CASGLGTEAFF	YINVFAFPF
CAGGFSGELFF	YINVFAFPF
CASTLSGNTIYF	YINVFAFPF
CASSTTGATQYF	YINVFAFPF
CASSFPLARGYNEQFF	YINVFAFPF
CSVEHGGSSYNEQFF	YINVFAFPF
CASSWGGRAYGYTF	YINVFAFPF
CASTHPQHF	YINVFAFPF
CSAVPDRDRGAEQYF	YINVFAFPF
CASSYSWDPADYGYTF	YINVFAFPF
CASSLETGSGQYF	YINVFAFPF
CATSRAPAGQGYEQYF	YINVFAFPF
CASSPTGYEQYF	YINVFAFPF
CSASSGRETQYF	YINVFAFPF
CSAVRQGLFYEQYF	YINVFAFPF
CSARDPRGQAFF	YINVFAFPF
CASSFVGTQYF	YINVFAFPF
CASSTTGEGYTF	YINVFAFPF
CSASRDRETQYF	YINVFAFPF
CATSRAPGQGYEQYF	YINVFAFPF
CASSSTGASTDTQYF	YINVFAFPF
CASSPAGTTNYGYTF	YINVFAFPF
CASSLAGYNEQFF	YINVFAFPF
CASIQDRSSYNEQFF	YINVFAFPF
CASSTNREVNYGYTF	YINVFAFPF
CASSPDGGELFF	YINVFAFPF
CASSLQETQYF	YINVFAFPF
CASTFGGLAANEQFF	YINVFAFPF
CASSSSGGEADTQYF	YINVFAFPF
CSAATGKGYEQYF	YINVFAFPF
CASSLVGPTEAFF	YINVFAFPF
CSARDEATGNEKLFF	YINVFAFPF
CASSFSPGELFF	YINVFAFPF
CASSQGDRANSPLHF	YINVFAFPF
CASSETGGSGYTF	YINVFAFPF
CSANDRDGYEQYF	YINVFAFPF
CATSPTDSYNEQFF	YINVFAFPF
CSVGTGLNEQYF	YINVFAFPF
CASSLGETQYF	YINVFAFPF
CASRLAETYEQYF	YINVFAFPF
CASSDVGADTQYF	YINVFAFPF
CASSQDFLGPNTGELFF	YINVFAFPF
CASSAQGGGYTF	YINVFAFPF
CASSPGGIQYF	YINVFAFPF
CASSSPGRGRVFDEQFF	YINVFAFPF
CASSVTTAGYGYTF	YINVFAFPF
CASTEGPSGVYNEQFF	YINVFAFPF
CASSQDPRVTNEKLFF	YINVFAFPF
CSATSGRETQYF	YINVFAFPF
CSARWEGPEQFF	YINVFAFPF
CASSPTGARAFF	YINVFAFPF
CASSDSGDTQYF	YINVFAFPF
CSVKTGLNEQFF	YINVFAFPF
CASSPTGHEQFF	YINVFAFPF
CASRGPGQGMSSYEQYF	YINVFAFPF
CASSPSGYEQFF	YINVFAFPF
CASSHGWGPEAFF	YINVFAFPF
CARPGGSATAKNIQYF	YINVFAFPF
CASSPGTDSYEQYF	YINVFAFPF
CASSFPRVAGGYEQYF	YINVFAFPF
CASSYGGEKLFF	YINVFAFPF
CASSLTGFGYTF	YINVFAFPF
CSASGPGTSDFSYEQYF	YINVFAFPF
CSAREIGGGVEQYF	YINVFAFPF
CASSFTGTEAFF	YINVFAFPF
CASSLGLDPHF	YINVFAFPF
CSAIAEVYNEQFF	YINVFAFPF
CASSLAGGSTDTQYF	YINVFAFPF
CASSRTGETQYF	YINVFAFPF
CASSYPPDRGQAEAFF	YINVFAFPF
CASSQTYTGGGPGELFF	YINVFAFPF
CASSHLDPNEKLFF	YINVFAFPF
CASSYNRGNEQFF	YINVFAFPF
CASSLGTGYPYEQYF	YINVFAFPF
CASNLAGGDEQYF	YINVFAFPF
CASSQQGVGETQYF	YINVFAFPF
CASSPPPLNTEAFF	YINVFAFPF
CASSFGETF	YINVFAFPF
CASSQDDIAGRISF	YINVFAFPF
CASSWDRVQFF	YINVFAFPF
CASSSGGTEAFF	YINVFAFPF
CASVSGTQYF	YINVFAFPF
CASGATGGTEAFF	YINVFAFPF
CASTPGSYGYTF	YINVFAFPF
CSASGLAGAYEQYF	YINVFAFPF
CASSFSDTQYF	YINVFAFPF
CASSVELAGDFGTQYF	YINVFAFPF
CASSYSMTLDTTSGANVLTF	YINVFAFPF
CASSNSGGSTDTQYF	YINVFAFPF
CASSLSYEQFF	YINVFAFPF
CASSYGGYGYTF	YINVFAFPF
CASSPDGAGNTIYF	YINVFAFPF
CASSFTEAFF	YINVFAFPF
CASSDTGGNEQFF	YINVFAFPF
CASSLSGETQYF	YINVFAFPF
CASSSVGQGLDEQYF	YINVFAFPF
CSVPSGSSYEQYF	YINVFAFPF
CSAGRGEGYEQYF	YINVFAFPF
CASSTLAGGLTDTQYF	YINVFAFPF
LGLAEDTQYF	YINVFAFPF
CASSYSTTSGSPDTQYF	YINVFAFPF
CASSSTDTQYF	YINVFAFPF
CSAATSGETYEQYF	YINVFAFPF
CASSYLDTQYF	YINVFAFPF
CASSFEGQPQHF	YINVFAFPF
CASSKKRERTPGSCFF	YINVFAFPF
CSVERDTEAFF	YINVFAFPF
CSVEVGVGYEQYF	YINVFAFPF
CSALGLASYNEQFF	YINVFAFPF
CASSVEEGSPYNEQFF	YINVFAFPF
CASSLSYEQYF	YINVFAFPF
CASSPSGGGELFF	YINVFAFPF
CASSFAGANVLTF	YINVFAFPF
CASTISGETQYF	YINVFAFPF
CASSPTGYEQYF	YINVFAFPF
CASSLSGELFF	YINVFAFPF
CASSFLGDGYTF	YINVFAFPF
CASSSENQPQHF	YINVFAFPF
CASSLIDQPQHF	YINVFAFPF
CASSTAGQGSLDGYTF	YINVFAFPF
CATEVGSGANVLTF	YINVFAFPF
CASSLTGELQFF	YINVFAFPF
CAISAGTTSYEQYF	YINVFAFPF
CASSFQETQYF	YINVFAFPF
CASSYSIFVGGNEQFF	YINVFAFPF
CASSRDGRFNEQFF	YINVFAFPF
CASSHFWRANEQFF	YINVFAFPF
CASSYSSPRYTDTQYF	YINVFAFPF
CASSFSYEQYF	YINVFAFPF
CSATESMHSYEQYF	YINVFAFPF
CASSFAGYEQYF	YINVFAFPF
CASSLGYEQYF	YINVFAFPF
CASSLGTLYEQYF	YINVFAFPF
CSAVRDNSYNEQFF	YINVFAFPF
CASSQLTGGQPYEQYF	YINVFAFPF
CATGGLAEHKNQETQYF	YINVFAFPF
CASSLPSGYNEQFF	YINVFAFPF
CASSYGATEAFF	YINVFAFPF
CSATGILYEQYF	YINVFAFPF
CASSLGFSSGTNSYEQYF	YINVFAFPF
CASSSLASSALHF	YINVFAFPF
CASSVSGDEQYF	YINVFAFPF
CASSQGARKGYEQYF	YINVFAFPF
CASSYTGELFF	YINVFAFPF
CASNWGSGSYEQYF	YINVFAFPF
CASSPTGYIQYF	YINVFAFPF
CASSPEQGSSYEQYF	YINVFAFPF
CSVEGGGNEQFF	YINVFAFPF
CASSQGQDDYTF	YINVFAFPF
CATSRAAVGQGYEQYF	YINVFAFPF
CASSPSEAFF	YINVFAFPF
CASSLSGSDYEQYF	YINVFAFPF
CATTGGAFYEQYF	YINVFAFPF
CSVEVGSGYEQYF	YINVFAFPF
CASSPSGAEQYF	YINVFAFPF
CSARDYGSRGNIQYF	YINVFAFPF
CASSLAGETQYF	YINVFAFPF
CASSPDHYEQYF	YINVFAFPF
CASSDTGNGYTF	YINVFAFPF
CASSYTEGLSDEQYF	YINVFAFPF
CASPGLGCGEQFF	YINVFAFPF
CASSLGNEQFF	YINVFAFPF
CASSPGGYGYTF	YINVFAFPF
CASSQAGPRAFF	YINVFAFPF
CAIMTGWGYTF	YINVFAFPF
CATSRALTGQGYEQYF	YINVFAFPF
CASSPSGNTIYF	YINVFAFPF
CASSPTGFEQYF	YINVFAFPF
CASSYSPTGLSYEQYF	YINVFAFPF
CASWDGMNTEAFF	YINVFAFPF
CSAVTSGTSYEQYF	YINVFAFPF
CSAPFVGGAATPSTDTQYF	YINVFAFPF
CASSFTGNTIYF	YINVFAFPF
CASSLTGAVTDTQYF	YINVFAFPF
CASSSVNLNQPQHF	YINVFAFPF
CASSQEPINTGELFF	YINVFAFPF
CASSLLGETQYF	YINVFAFPF
CASSPTGLEQYF	YINVFAFPF
CSASGTSDSYEQYF	YINVFAFPF
CASSYSIGGSLYEQYF	YINVFAFPF
CSVISGDVNGYTF	YINVFAFPF
CASSYGGGEQFF	YINVFAFPF
CATSREDQETQYF	YINVFAFPF
CSCRDGTYEQYF	YINVFAFPF
CASSPWRDTLIGTEAFF	YINVFAFPF
CASGWGSLFF	YINVFAFPF
CASSQPIGGNEQFF	YINVFAFPF
CASSLVGGGVEQYF	YINVFAFPF
CASSRDGYEQYF	YINVFAFPF
CASSADWNNEQFF	YINVFAFPF
CASSLTGETQYF	YINVFAFPF
CASSYGGDTQYF	YINVFAFPF
CASSQVTGGSDYGYTF	YINVFAFPF
CASSFMAEQFF	YINVFAFPF
CASSFSYEQYF	YINVFAFPF
CSARVHLGTDTQYF	YINVFAFPF
CSVEEGKNEQFF	YINVFAFPF
CASSSTGLGGYTF	YINVFAFPF
CSAIRFGAGPEQYF	YINVFAFPF
CSAVGQDLSYEQYF	YINVFAFPF
CASSQGVGTEAFF	YINVFAFPF
CASSAQGTTEAFF	YINVFAFPF
CASSQYLGHAEAFF	YINVFAFPF
CASTPPAGELFF	YINVFAFPF
CASLGGRGAFF	YINVFAFPF
CASSHGNSPLHF	YINVFAFPF
CSVEGGGGYEQFF	YINVFAFPF
CATSLSANNEQFF	YINVFAFPF
CASSFTGREQYF	YINVFAFPF
CASSLGDEQYF	YINVFAFPF
CASSLIGGSTDTQYF	YINVFAFPF
CASSFWGYEAFF	YINVFAFPF
CASSLSGAVTDTQYF	YINVFAFPF
CASSDGDRGGYEQYF	YINVFAFPF
CASSLGGYGYTF	YINVFAFPF
CASSPTGNTQYF	YINVFAFPF
CSAREMRTAIQAFF	YINVFAFPF
CASSSTGAEQFF	YINVFAFPF
CASRGDRLSSYEQYF	YINVFAFPF
CASSQVGETQYF	YINVFAFPF
CASSFPAGSSKGELFF	YINVFAFPF
CASTKLSTGPAQYF	YINVFAFPF
CASSQKDRPGGGYTF	YINVFAFPF
CASSFSYEQYF	YINVFAFPF
CASSQEVQAEDTEAFF	YINVFAFPF
CASSYSVDGYSNQPQHF	YINVFAFPF
CATSDFVAGNTGELFF	YINVFAFPF
CASSFRGAGANVLTF	YINVFAFPF
CASSFAGIQYF	YINVFAFPF
CASSEWGEQPQHF	YINVFAFPF
CASSLGSGGYTF	YINVFAFPF
CASSLTDTQYF	YINVFAFPF
CASVPQGRAEAFF	YINVFAFPF
CASSPVGYIGAFF	YINVFAFPF
CASSSPRGDRLKSSYEQYF	YINVFAFPF
CASKTEGSNTEAFF	YINVFAFPF
CASSYSYEQYF	YINVFAFPF
CASASGYYNEQFF	YINVFAFPF
RASSSHAGQFF	YINVFAFPF
CASSASLPDTQYF	YINVFAFPF
CASSFANEQFF	YINVFAFPF
CASSLPGGVNEQYF	YINVFAFPF
CASSMGKLFF	YINVFAFPF
CASSPSGSPLTYNEQFF	YINVFAFPF
CASSFDGNEQFF	YINVFAFPF
CASSPTGHETQYF	YINVFAFPF
CASGTGAPDTQYF	YINVFAFPF
CASSLLGWDEQYF	YINVFAFPF
CASSYSVLDGFYGYTF	YINVFAFPF
CASRTWGQGDEQYF	YINVFAFPF
CASSFPISGSAYNEQFF	YINVFAFPF
CASSSTGASTDTQYF	YINVFAFPF
CSVETGGGDEQFF	YINVFAFPF
CASSPGHSPLGAFF	YINVFAFPF
CATSRGSRYEQYF	YINVFAFPF
CASNSPLHF	YINVFAFPF
CASSPGLGNEQFF	YINVFAFPF
CSARVRQGARVNTEAFF	YINVFAFPF
CASSLDQLDRGHRAEAFF	YINVFAFPF
CASSFAGGQLDTQYF	YINVFAFPF
CASSPREGLTDTQYF	YINVFAFPF
CASSAEGWTEAFF	YINVFAFPF
CASSFGALGTF	YINVFAFPF
CASSTSGYEQYF	YINVFAFPF
CASSLNGEKLFF	YINVFAFPF
CASSWGGELFF	YINVFAFPF
CASSHTIDEDNTEAFF	YINVFAFPF
CASSLLGEQYF	YINVFAFPF
CASSQDLSRVNTEAFF	YINVFAFPF
CSATQGSGELFF	YINVFAFPF
CASSLTSAEQYF	YINVFAFPF
CASGVGGKGYTF	YINVFAFPF
CASSFSNEQFF	YINVFAFPF
CASSPGTSGYEQYF	YINVFAFPF
CASSFSDTQYF	YINVFAFPF
CSVEEGQGHEQYF	YINVFAFPF
CASSSSSEQYF	YINVFAFPF
CASSFSDTQYF	YINVFAFPF
CASLGGEGYTF	YINVFAFPF
CASSLKVYEAFF	YINVFAFPF
CASSSTAGQYF	YINVFAFPF
CASSLVRQGASNEQFF	YINVFAFPF
CATSRELAGGPGETQYF	YINVFAFPF
CASSVSLGELFF	YINVFAFPF
CSARDFLGGDSRGYTF	YINVFAFPF
CASTFVGGSSYEQYF	YINVFAFPF
CASSGPYEQYF	YINVFAFPF
CASSLIAGGPETQYF	YINVFAFPF
CASSLYGPEQYF	YINVFAFPF
CASSFMETQYF	YINVFAFPF
CASSLGSGEPQHF	YINVFAFPF
CASSQGQGVHEQYF	YINVFAFPF
CASSPAYRGINEQFF	YINVFAFPF
CSAADRGGQPQHF	YINVFAFPF
CASSLVGYEQYF	YINVFAFPF
CSARDLGGGPNIYNEQFF	YINVFAFPF
CASSLSGETQYF	YINVFAFPF
CASSFPGLGVTYEQYF	YINVFAFPF
CAWSYTHEIPSGTGYEQYF	YINVFAFPF
CASSTGEAYEQYF	YINVFAFPF
CASSLTGAVTDTQYF	YINVFAFPF
CSVEEGTGFEQYF	YINVFAFPF
CASSYQGNSPLHF	YINVFAFPF
CASSLGQGGRDTEAFF	YINVFAFPF
CASSLADRLGYETQYF	YINVFAFPF
CASSGGYEQYF	YINVFAFPF
CASSAHTQYF	YINVFAFPF
CASSPTGETQYF	YINVFAFPF
CASSQGASPAEQYF	YINVFAFPF
CASSYGFEQYF	YINVFAFPF
CASTGGYYGYTF	YINVFAFPF
CASSLRHLIENSPLHF	YINVFAFPF
CASSFSGREQYF	YINVFAFPF
CSVISGGQTQYF	YINVFAFPF
CSVLTGTYEQYF	YINVFAFPF
CASSSGLAGGPDTQYF	YINVFAFPF
CSAVGGTGELFF	YINVFAFPF
CASISPGTSLYEQYF	YINVFAFPF
CASSPTGSEQFF	YINVFAFPF
CASSMGEPPQFF	YINVFAFPF
CSVEDGDRNYNEQFF	YINVFAFPF
CASSLGQPYEQYF	YINVFAFPF
CASSFFSSKKAEAFF	YINVFAFPF
CASSFGLAGGLLSYEQYF	YINVFAFPF
CASSQGGETQYF	YINVFAFPF
CASSPGSYNEQFF	YINVFAFPF
CASSEAGETQYF	YINVFAFPF
CASSFQVTNQPQHF	YINVFAFPF
CATSDLHSTSKQAGTEAFF	YINVFAFPF
CASSLNSNQPQHF	YINVFAFPF
CASSLVGSSYEQYF	YINVFAFPF
CASSLRYGYTF	YINVFAFPF
CASSLNGYTF	YINVFAFPF
CASGQTGELFF	YINVFAFPF
CASSETGYGYTF	YINVFAFPF
CASSESEGTAGRADTQYF	YINVFAFPF
CSVETGFTDTQYF	YINVFAFPF
CATGKTISGANVLTF	YINVFAFPF
CASSQEQGYYNEQFF	YINVFAFPF
CAIGLGNEQFF	YINVFAFPF
CASSSTGYTIYF	YINVFAFPF
CASSLGLNGELFF	YINVFAFPF
CASSLGLAGGRTYEQYF	YINVFAFPF
CASSPTGAIQYF	YINVFAFPF
CASSYSIAANTEAFF	YINVFAFPF
CASSPNQPQHF	YINVFAFPF
CASSLLF	YINVFAFPF
CATSQTGNTIYF	YINVFAFPF
CASSLPPFF	YINVFAFPF
CSARDLGLAGVMQYF	YINVFAFPF
CASSNNPGPERGTF	YINVFAFPF
CSVFGPTSGAFQETQYF	YINVFAFPF
CARRLLGLGPDTGELFF	YINVFAFPF
CASSVEAGGMNNEQFF	YINVFAFPF
CASSGGTDSYEQYF	YINVFAFPF
CSIFGTGGTGELFF	YINVFAFPF
CASSLVYEQYF	YINVFAFPF
CASSFGLGSDPFF	YINVFAFPF
CASSKEKGGNTEAFF	YINVFAFPF
CASSFTHEETQYF	YINVFAFPF
CASSLGGVYSNQPQHF	YINVFAFPF
CASSPTGETQYF	YINVFAFPF
CSVSGTMTYEQYF	YINVFAFPF
CASTQRGSGTEAFF	YINVFAFPF
CASSPSGNTIYF	YINVFAFPF
CASSELGGGFGYTF	YINVFAFPF
CAISGTGTGDSYEQYF	YINVFAFPF
CASSPEVFEGGEQYF	YINVFAFPF
CASSPDEDTQYF	YINVFAFPF
CASSLTGAEQYF	YINVFAFPF
CASSLAGEGNEQFF	YINVFAFPF
CASSFADTQYF	YINVFAFPF
CASSFAVLLEQFF	YINVFAFPF
CASSWLTGLATEAFF	YINVFAFPF
CASSQGAYGYTF	YINVFAFPF
CASSSGSYGYTF	YINVFAFPF
CSAPLGVDSNYGYTF	YINVFAFPF
CAWSSTFGAGEYEQYF	YINVFAFPF
CASSFTGGEAFF	YINVFAFPF
CASSQGIYGYTF	YINVFAFPF
CASSPTGEGYTF	YINVFAFPF
CASSPPGGRSYEQYF	YINVFAFPF
CASSIYQVPNQPQHF	YINVFAFPF
CASSSYIGTSGILIGEQYF	YINVFAFPF
CASSFTSYEQYF	YINVFAFPF
CASSLAGETQYF	YINVFAFPF
CATSRSGGPYEQYF	YINVFAFPF
CASSFNAVGAPGELFF	YINVFAFPF
CASSPTGGAEQYF	YINVFAFPF
CASGYNEQFF	YINVFAFPF
CSAREDRLVEQFF	YINVFAFPF
CASSYAGLETQYF	YINVFAFPF
CAISGLAENNEQFF	YINVFAFPF
CASSSHGEIAYNEQFF	YINVFAFPF
CASSPRGDGEQYF	YINVFAFPF
CASSTSGETQYF	YINVFAFPF
CASSLPWAGVLNTEAFF	YINVFAFPF
CASSQGGHTAFF	YINVFAFPF
CASLRGQAHTF	YINVFAFPF
CASSYQTEIYGYTF	YINVFAFPF
CASSVDGTEAFF	YINVFAFPF
CASSFTGTDYEQYF	YINVFAFPF
CASSFSGEQFF	YINVFAFPF
CASSQGPEQYF	YINVFAFPF
CSALREGRETQYF	YINVFAFPF
CSAIGGGSSYNEQFF	YINVFAFPF
CSANTRGETQYF	YINVFAFPF
RASSTQGRDTQYF	YINVFAFPF
CASSYGGDTQYF	YINVFAFPF
CASSFLSEQYF	YINVFAFPF
CSVFSGGGSFEAFF	YINVFAFPF
CASSIGDEQYF	YINVFAFPF
CSAISGGTGELFF	YINVFAFPF
CASSFEGQEAFF	YINVFAFPF
CASSYPGGGGRTEAFF	YINVFAFPF
CASSLLPGVSGNTIYF	YINVFAFPF
CASSTTIGESYEQYF	YINVFAFPF
CASERRGGGYTF	YINVFAFPF
CASSPGADTQYF	YINVFAFPF
CASSSTGGSTDTQYF	YINVFAFPF
CASSRTGSEAFF	YINVFAFPF
CASSPQGETQYF	YINVFAFPF
CATGGDIRQETQYF	YINVFAFPF
CASSVEGLSDTQYF	YINVFAFPF
CASSWTGGDEQYF	YINVFAFPF
CASSSSGEKLFF	YINVFAFPF
CASSYGGPYEQYF	YINVFAFPF
CASSLRDF	YINVFAFPF
CASSFQGAPDTQYF	YINVFAFPF
CASSPAGNEQFF	YINVFAFPF
CASSTGLTRYEQYF	YINVFAFPF
CASSLYGTSNEQFF	YINVFAFPF
CASSFTGELFF	YINVFAFPF
CSVEAGTGFMQFF	YINVFAFPF
CASSQVGGASHEQYF	YINVFAFPF
CASSDGASGTDEQFF	YINVFAFPF
CASSFAGDTQYF	YINVFAFPF
CATSSRGWGNNEQFF	YINVFAFPF
CSASGLAGAHEQYF	YINVFAFPF
CASSSTGVTSNTGELFF	YINVFAFPF
CASSPVNTGELFF	YINVFAFPF
CASRLAGSVHEQYF	YINVFAFPF
CASRRRSTNEKLFF	YINVFAFPF
CASSYFSGPVDTQYF	YINVFAFPF
CASSYVIQGTGELFF	YINVFAFPF
CASSLGTGNEQYF	YINVFAFPF
CASSYGGTEQYF	YINVFAFPF
CSVISFGRDSYEQYF	YINVFAFPF
CASGSTISGSTYNEQFF	YINVFAFPF
CASSSPNSNQPQHF	YINVFAFPF
CSVRTGEVNEQFF	YINVFAFPF
CASSDAPGTGVGEQYF	YINVFAFPF
CASSDLGRSRSYEQYF	YINVFAFPF
CASSLVGTGGFKTEAFF	YINVFAFPF
CASSLGGSLHEQYF	YINVFAFPF
CASSSPHRGDKSGDTEAFF	YINVFAFPF
CASGLTAETQYF	YINVFAFPF
CASSLGQDDYEQYF	YINVFAFPF
CSASPSGGHYEQYF	YINVFAFPF
CAITNTGELFF	YINVFAFPF
CASSSSPGANTEAFF	YINVFAFPF
CASSVEGGPDTQYF	YINVFAFPF
CASSLGLAGAPYNEQFF	YINVFAFPF
CASSFAPYEQYF	YINVFAFPF
CSAKTGLNEQFF	YINVFAFPF
CASSMLGWGNQPQHF	YINVFAFPF
CASSFPIGDRGENEQYF	YINVFAFPF
CASSYPLRGTSGLTDTQYF	YINVFAFPF
CASSLLGRHQPQHF	YINVFAFPF
CASRPTGPQPQHF	YINVFAFPF
CASSPGGEKLFF	YINVFAFPF
CSAREVGFDQPQHF	YINVFAFPF
CSPP	YINVFAFPF
CASTYAGYGYTF	YINVFAFPF
CASSSGPNYTF	YINVFAFPF
CASSQDPAGPYEQYF	YINVFAFPF
CASSQVGETQYF	YINVFAFPF
CASGTDTQYF	YINVFAFPF
CASSPSGAEQFF	YINVFAFPF
CASSKTGAEAFF	YINVFAFPF
CASSRDYEDNEQFF	YINVFAFPF
CASSSGPGYTF	YINVFAFPF
CASSLLGETQYF	YINVFAFPF
CASSYGSYEQYF	YINVFAFPF
CSVEAGAGYEQYF	YINVFAFPF
CASTGGPTYEQYF	YINVFAFPF
CASKGLAGGTDTQYF	YINVFAFPF
CASSPQINGRGGYTF	YINVFAFPF
CARSFLDVEEQFF	YINVFAFPF
CASSPGEQGGYEQYF	YINVFAFPF
CASSFAGEGYTF	YINVFAFPF
CASSFSSEQYF	YINVFAFPF
CASSITGAYEQYF	YINVFAFPF
CSASRGSETQYF	YINVFAFPF
CASSPSGAEQFF	YINVFAFPF
CASSLAGETQYF	YINVFAFPF
CASSGPVGLFF	YINVFAFPF
CASSFSVGYTF	YINVFAFPF
CASSSGLAGGTDTQYF	YINVFAFPF
CASSYSKTGSAYSGNTIYF	YINVFAFPF
CASWALNEKLFF	YINVFAFPF
CASSVTGELFF	YINVFAFPF
CASSIGGGVLTF	YINVFAFPF
CATVTSGSTGYEQYF	YINVFAFPF
CASSPTGNTIYF	YINVFAFPF
CASSLTGEEQYF	YINVFAFPF
CASSYPLSGTSDPETQYF	YINVFAFPF
CASGPGLAGEQYF	YINVFAFPF
CASSFAFSRFF	YINVFAFPF
CASSVEASSVYNEQFF	YINVFAFPF
CASSLAGTRFF	YINVFAFPF
CASSPPQKRGGRETQYF	YINVFAFPF
CASSKGSTGGATNEKLFF	YINVFAFPF
CASRQPDIYSGNTIYF	YINVFAFPF
CASSQDSWGPYEQYF	YINVFAFPF
CASGGMGSGHPGELFF	YINVFAFPF
CSARERETQYF	YINVFAFPF
CASSEANTGVGQPQHF	YINVFAFPF
CSAESGRAEETQYF	YINVFAFPF
CASTGGGHTGELFF	YINVFAFPF
