CDR3	AA
CASSWVAGGGTYNEQFF	AYSNNSIAIPTNF
CASSLQVATNEKLFF	AYSNNSIAIPTNF
CASSQGGTVYEQYF	AYSNNSIAIPTNF
CASSLSVGSDWRSSYNEQFF	AYSNNSIAIPTNF
CASSQGSHTEAFF	AYSNNSIAIPTNF
CASRLTAGGGDYYGYTF	AYSNNSIAIPTNF
CASSLGLAYEQYF	AYSNNSIAIPTNF
CASSFGLAGVSEQFF	AYSNNSIAIPTNF
CASSLARGDEQFF	AYSNNSIAIPTNF
CASSESTREGNTGELFF	AYSNNSIAIPTNF
CASSLSSPSEQYF	AYSNNSIAIPTNF
CASSIAEGSPEAFF	AYSNNSIAIPTNF
CASSFGNRGEQYF	AYSNNSIAIPTNF
CASRLGVTDTQYF	AYSNNSIAIPTNF
CASSLNSAAYEQYF	AYSNNSIAIPTNF
CASSIARGRGNEQFF	AYSNNSIAIPTNF
CASSLSAGGLYNEQFF	AYSNNSIAIPTNF
CASSLSSPGTGSGYTF	AYSNNSIAIPTNF
CASSLNRGRQETQYF	AYSNNSIAIPTNF
CASSHGGTEAFF	AYSNNSIAIPTNF
CASSLSAGGLYNEQFF	AYSNNSIAIPTNF
CASSLSGINTEAFF	AYSNNSIAIPTNF
CASSRAGGGQETQYF	AYSNNSIAIPTNF
CASSGGHTGELFF	AYSNNSIAIPTNF
CASSLNSATGELFF	AYSNNSIAIPTNF
CASSSRQGLGEKLFF	AYSNNSIAIPTNF
CASSQDLGRYSYEQYF	AYSNNSIAIPTNF
CASSQERSSNQPQHF	AYSNNSIAIPTNF
CASSSQGNEQYF	AYSNNSIAIPTNF
CASSPAGTGRTDTQYF	AYSNNSIAIPTNF
CASTWGGGSRDTQYF	AYSNNSIAIPTNF
CASSLQDTYEQYF	AYSNNSIAIPTNF
CASSLPRVRGVYNEQFF	AYSNNSIAIPTNF
CASSLGAGGEFRPILQRTQYF	AYSNNSIAIPTNF
CASSLSKGISYEQYF	AYSNNSIAIPTNF
CASSQDLRGRGGYTF	AYSNNSIAIPTNF
CASSYGTADGYTF	AYSNNSIAIPTNF
CASSLSGGTEAFF	AYSNNSIAIPTNF
CASLRTGGTDTQYF	AYSNNSIAIPTNF
CASSLSAPDTQYF	AYSNNSIAIPTNF
CASSHTGEADTQYF	AYSNNSIAIPTNF
CASSLSRGPMNEQFF	AYSNNSIAIPTNF
CASRQGAAEAFF	AYSNNSIAIPTNF
CASRSGNTEAFF	AYSNNSIAIPTNF
CASSMGSPVGELFF	AYSNNSIAIPTNF
CASSSQATSGSYEQYF	AYSNNSIAIPTNF
CASSLSGGAGAEAFF	AYSNNSIAIPTNF
CASSLSAPNEQFF	AYSNNSIAIPTNF
CASSPGQGSTEAFF	AYSNNSIAIPTNF
CASSLRQSTDTQYF	AYSNNSIAIPTNF
CASSSYGTSGIYEQYF	AYSNNSIAIPTNF
CASSLSSPSEQYF	AYSNNSIAIPTNF
CASSFQGPNTEAFF	AYSNNSIAIPTNF
CASRGDASSYNEQFF	AYSNNSIAIPTNF
CASSFLATGTEAFF	AYSNNSIAIPTNF
CASNTGQGTDTQYF	AYSNNSIAIPTNF
CASSLGAGREAEF	AYSNNSIAIPTNF
CSASPYSVAGGGEQFF	AYSNNSIAIPTNF
CASSLGMNTEAFF	AYSNNSIAIPTNF
CASSPGDSKNIQYF	AYSNNSIAIPTNF
CATSELDRGPQPQHF	AYSNNSIAIPTNF
CASSLSIGSEKLFF	AYSNNSIAIPTNF
CASSLSSTEQYF	AYSNNSIAIPTNF
CASSITSGSYEQYF	AYSNNSIAIPTNF
CSVGDGWNQPQHF	AYSNNSIAIPTNF
CASSQRQGYEQYF	AYSNNSIAIPTNF
CASSPAPGLNYEQYF	AYSNNSIAIPTNF
CASSETSDSYNEQFF	AYSNNSIAIPTNF
CASRLSIGGRELFF	AYSNNSIAIPTNF
CASSLSAPTEQYF	AYSNNSIAIPTNF
CAISAELTPSRNNEQFF	AYSNNSIAIPTNF
CASSVEDTGDEQYF	AYSNNSIAIPTNF
CASSLGHNTEAFF	AYSNNSIAIPTNF
CAGQQGRNTGELFF	AYSNNSIAIPTNF
CASSPIAGGIRETQYF	AYSNNSIAIPTNF
CASSLASRLEAFF	AYSNNSIAIPTNF
CASNLSGGTEAFF	AYSNNSIAIPTNF
CASRSGAAEAFF	AYSNNSIAIPTNF
CASSKGGFRYEQYF	AYSNNSIAIPTNF
CASSLSAPPMPQHF	AYSNNSIAIPTNF
CASSLSEGFNYGYTF	AYSNNSIAIPTNF
CASSSYGTSGIYEQYF	AYSNNSIAIPTNF
CASSFGGTNEQFF	AYSNNSIAIPTNF
CASSLVGGTDTQYF	AYSNNSIAIPTNF
CASSRTGGRVEAFF	AYSNNSIAIPTNF
CASSLGGNTEAFF	AYSNNSIAIPTNF
CASSLGLGTDTQYF	AYSNNSIAIPTNF
CASQEGNYGYTF	AYSNNSIAIPTNF
CAIKTSGTGDSPLHF	AYSNNSIAIPTNF
CASSHGGTEAFF	AYSNNSIAIPTNF
CASSLSSPGNTEAFF	AYSNNSIAIPTNF
CASSLNSTSGNTGELFF	AYSNNSIAIPTNF
CASSPRGRPPYF	AYSNNSIAIPTNF
CASSIGDGEHQPQHF	AYSNNSIAIPTNF
CASSLSIGVSYQQSF	AYSNNSIAIPTNF
CASSLSGNTDTQYF	AYSNNSIAIPTNF
CSVSDGLNQPQHF	AYSNNSIAIPTNF
CASSSLTGSTEAFF	AYSNNSIAIPTNF
CASSLWTSGSEQYF	AYSNNSIAIPTNF
CSHLAKKYNEQFF	AYSNNSIAIPTNF
CASSLAAENTEAFF	AYSNNSIAIPTNF
CASSLTTGDEKLFF	AYSNNSIAIPTNF
CASTAGSPNYGYTF	AYSNNSIAIPTNF
CASSLLADTPGEQYF	AYSNNSIAIPTNF
CASSLSGGTEAFF	AYSNNSIAIPTNF
CASSVFPGQRPNNEQFF	AYSNNSIAIPTNF
CASRQGASEAFF	AYSNNSIAIPTNF
CASSLLGNTGELFF	AYSNNSIAIPTNF
CASSLSRGGHTSGSNEQFF	AYSNNSIAIPTNF
CASSSRTSGWYNEQFF	AYSNNSIAIPTNF
CASSQTGANPQETQYF	AYSNNSIAIPTNF
CASSLVTGTSQRETQYF	AYSNNSIAIPTNF
CASSLGYREAFF	AYSNNSIAIPTNF
CASSLMGAETQYF	AYSNNSIAIPTNF
CASSFSGQGNVGELFF	AYSNNSIAIPTNF
CASSRTGNQPQHF	AYSNNSIAIPTNF
CASSEGAGHNQPQHF	AYSNNSIAIPTNF
CASSLTGGVLPEQYF	AYSNNSIAIPTNF
CASSLSGGQPQHF	AYSNNSIAIPTNF
CASNEASWSGELFF	AYSNNSIAIPTNF
CASSIHGRETQYF	AYSNNSIAIPTNF
CASTWGGPSVEQYF	AYSNNSIAIPTNF
CASSLWTSGDTQYF	AYSNNSIAIPTNF
CASSLFGSGEVTDTQYF	AYSNNSIAIPTNF
CASSIAEGTVTEAFF	AYSNNSIAIPTNF
CASSIAAGGYNEQFF	AYSNNSIAIPTNF
CASSLAGAGGEQFF	AYSNNSIAIPTNF
CASSTGRLEQYF	AYSNNSIAIPTNF
CASSLSMGGSNTEAFF	AYSNNSIAIPTNF
CASSLGLNTEAFF	AYSNNSIAIPTNF
CASSLVADNTDTQYF	AYSNNSIAIPTNF
CASSLNSVHTEAFF	AYSNNSIAIPTNF
CASTQLGDYNEQFF	AYSNNSIAIPTNF
CASSLGSDREQYF	AYSNNSIAIPTNF
CSVADGWNQPQHF	AYSNNSIAIPTNF
CASSLSGTGATEAFF	AYSNNSIAIPTNF
CASSLNAGGTGELFF	AYSNNSIAIPTNF
CASSPGQPNTQYF	AYSNNSIAIPTNF
CASSLSIGVSYEQYF	AYSNNSIAIPTNF
CASSLSGGQPQHF	AYSNNSIAIPTNF
CASSPEGTAGSPYF	AYSNNSIAIPTNF
CASSLSIGASYEQYF	AYSNNSIAIPTNF
CASSLGLAISDTQYF	AYSNNSIAIPTNF
CASSLSLEQTYEQYF	AYSNNSIAIPTNF
CATEQGWNTGELFF	AYSNNSIAIPTNF
CASSPGHGGTPLHF	AYSNNSIAIPTNF
CASSLSIGTTEAFF	AYSNNSIAIPTNF
CASSPASGGEGDTQYF	AYSNNSIAIPTNF
CASSQEVAAREKLFF	AYSNNSIAIPTNF
CASSMVRTEAFF	AYSNNSIAIPTNF
CASSLGGGGDQPQHF	AYSNNSIAIPTNF
CASSQEQGHSPLHF	AYSNNSIAIPTNF
CASSLSDSSYNSPLHF	AYSNNSIAIPTNF
CASSLTAPDTQYF	AYSNNSIAIPTNF
CASSQRTAFETQYF	AYSNNSIAIPTNF
CASSHWGVEAFF	AYSNNSIAIPTNF
CASSIAGGTNTEAFF	AYSNNSIAIPTNF
CASSYSMGAGTDTQYF	AYSNNSIAIPTNF
CASSLTAGDTLREEYF	AYSNNSIAIPTNF
CASSFGVNTGELFF	AYSNNSIAIPTNF
CASSLEGTGFYEQYF	AYSNNSIAIPTNF
CASRRGTEAFF	AYSNNSIAIPTNF
CASTFSSERAIQETQYF	AYSNNSIAIPTNF
CASSLSTGADTQYF	AYSNNSIAIPTNF
CASRLSGGDTYEQYF	AYSNNSIAIPTNF
CASSLSIGTYEQYF	AYSNNSIAIPTNF
CASSLNDGDEKLFF	AYSNNSIAIPTNF
CASREGEGRQETQYF	AYSNNSIAIPTNF
CASSLSTPTEAFF	AYSNNSIAIPTNF
CASSRASGEHNEQFF	AYSNNSIAIPTNF
CASSTGTGLGTEAFF	AYSNNSIAIPTNF
CASSLTAPNEQFF	AYSNNSIAIPTNF
CASSPYSNTEAFF	AYSNNSIAIPTNF
CASSLVHRINNEQFF	AYSNNSIAIPTNF
CASSLSAGVSNQPQHF	AYSNNSIAIPTNF
