CDR3	AA
CASSELNVGPDQPQHF	YLDAYNMMI
CASSAPGQGSYNSPLHF	YLDAYNMMI
CASSSGQGQETQYF	YLDAYNMMI
CASSQALLLAGGPGLNAGELFF	YLDAYNMMI
CASSRGASTDTQYF	YLDAYNMMI
CASSEAGPSGYNEQFF	YLDAYNMMI
CASSDRDSSTDTQYF	YLDAYNMMI
CASSVGQGQETQYF	YLDAYNMMI
CASSFTSGTPDGYTF	YLDAYNMMI
CASSLRGHEQYF	YLDAYNMMI
CASSLSGTSRFADTQYF	YLDAYNMMI
CASSENGVSYEQYF	YLDAYNMMI
CASSLGIGSNNEQFF	YLDAYNMMI
CASSPSQTSTDTQYF	YLDAYNMMI
CASSATDLTEAFF	YLDAYNMMI
CASSAGRYSNQPQHF	YLDAYNMMI
CASSTGQASNQPQHF	YLDAYNMMI
CATSDLDGTSGSYNEQFF	YLDAYNMMI
CASSLRGDTQYF	YLDAYNMMI
CSWTVLAGFVDTQYF	YLDAYNMMI
CASSLRGQPQHF	YLDAYNMMI
CASSSTSATGELFF	YLDAYNMMI
CASSDPLAGYTDTQYF	YLDAYNMMI
CASSEGTSGTEQFF	YLDAYNMMI
CASLGRELFF	YLDAYNMMI
CASSPLPGTSVTPSSYNEQFF	YLDAYNMMI
CASSEGTFSNQPQHF	YLDAYNMMI
CASSPWTGVLETQYF	YLDAYNMMI
CASSPSTAALYNEQFF	YLDAYNMMI
CASSLRGAEQFF	YLDAYNMMI
CSANVIFSYEQYF	YLDAYNMMI
CSVGLVGTFTDTQYF	YLDAYNMMI
CASSQVAGAGGGTDTQYF	YLDAYNMMI
CSVGPGTEQYF	YLDAYNMMI
CASSLRGNEQFF	YLDAYNMMI
CASSDPLAGYQETQYF	YLDAYNMMI
CASSFGIAHPTDTQYF	YLDAYNMMI
CASSHRCRGCFADEQFF	YLDAYNMMI
CSVPQLAGHINEQFF	YLDAYNMMI
CASSLVVGNNSPLHF	YLDAYNMMI
CASSISRVNTGELFF	YLDAYNMMI
CAISSGTENYEQYF	YLDAYNMMI
CASSLGGSNSPLHF	YLDAYNMMI
CASSLRGQPQHF	YLDAYNMMI
CSASADGLAGTLVYEQYF	YLDAYNMMI
CASSVGTVTGELFF	YLDAYNMMI
CASSEAGSSGNTIYF	YLDAYNMMI
CSARDGTGSNQPQHF	YLDAYNMMI
CASSVDPPGPMNTEAFF	YLDAYNMMI
CSASLAGGGNEQFF	YLDAYNMMI
CSARGGAYNQPQHF	YLDAYNMMI
CASSIPPPTDPYEQYF	YLDAYNMMI
CASRSGTGNTATLDEQFF	YLDAYNMMI
CASSLAGIDRVGHGYTF	YLDAYNMMI
CASSAMGTALNTGELFF	YLDAYNMMI
CASSDRQASTDTQYF	YLDAYNMMI
CADSQFF	YLDAYNMMI
CASSVGASNRETQYF	YLDAYNMMI
CASSSFYSTDTQYF	YLDAYNMMI
CASSLSGRAEETQYF	YLDAYNMMI
CASSLGVVEQYF	YLDAYNMMI
CASSSASGQETQYF	YLDAYNMMI
CSARVGLAATSFNTDTQYF	YLDAYNMMI
CASSQGLYSNQPQHF	YLDAYNMMI
CSARDPPRGFTDTQYF	YLDAYNMMI
CASSTGLENYEQYF	YLDAYNMMI
CSARSGTGGGLAVFHTDTQYF	YLDAYNMMI
CASSLVGSYNEQFF	YLDAYNMMI
CASSQDSGVADTQYF	YLDAYNMMI
CASSYFPMNTEAFF	YLDAYNMMI
CASSQTINYGYTF	YLDAYNMMI
CASSPLAGAGVGNEQFF	YLDAYNMMI
CASSAGQGQETQYF	YLDAYNMMI
CASSPTTDRPGNTIYF	YLDAYNMMI
CASSLYHLHEQYF	YLDAYNMMI
CSASGRDRAQETQYF	YLDAYNMMI
CSASSVPGREDTQYF	YLDAYNMMI
CASSLSIGSNNEQFF	YLDAYNMMI
CASSYLAGGRDTQYF	YLDAYNMMI
CASSAGQGQETQYF	YLDAYNMMI
CASSIGVDSQETQYF	YLDAYNMMI
CSVGLAGHHADTQYF	YLDAYNMMI
CASSLPGLAYNEQFF	YLDAYNMMI
CSARGLTGLRANQETQYF	YLDAYNMMI
CASSVGQAQETQYF	YLDAYNMMI
CASSQFFGADRGNTGELFF	YLDAYNMMI
CASSSAGSYNEQFF	YLDAYNMMI
CASSFRGDTQYF	YLDAYNMMI
CASSVGQTSTDTQYF	YLDAYNMMI
CSARDRAYNQPQHF	YLDAYNMMI
CASSLTTSATEAFF	YLDAYNMMI
CASSPNGGYGNEQFF	YLDAYNMMI
CASSQAPGAWETQYF	YLDAYNMMI
CASSEGQGQETQYF	YLDAYNMMI
CASSPGQTSTDTQYF	YLDAYNMMI
CATTNLDRASSYNEQFF	YLDAYNMMI
CASSGIYGTTYEQYF	YLDAYNMMI
CSATPLAGRTDTQYF	YLDAYNMMI
CASSQGGHYEQYF	YLDAYNMMI
CASSGMGSTDTQYF	YLDAYNMMI
