CDR3	AA
CASSMVGRMAYNEQFF	ILGTVSWNL
CASSLGAGGPSSTDTQYF	ILGTVSWNL
CASSIGTREAFF	ILGTVSWNL
CATSEQGDPEAFF	ILGTVSWNL
CASTPQASGANVLTF	ILGTVSWNL
CASSQVKSAGTYEQYF	ILGTVSWNL
CASMMGNQPQHF	ILGTVSWNL
CASSVSGTNTGELFF	ILGTVSWNL
CSAIPGSGGAPQHF	ILGTVSWNL
CSAPPTSVYNEQFF	ILGTVSWNL
CASSEQGSGGYTF	ILGTVSWNL
CASSWDSSYEQYF	ILGTVSWNL
CATSRSGNTGELFF	ILGTVSWNL
CASSLVSVPGPYGYTF	ILGTVSWNL
CASSFLDRLNTEAFF	ILGTVSWNL
CASSIGGSGYTF	ILGTVSWNL
CASSLLAGLVNNEQFF	ILGTVSWNL
CASSDPRNEGYTF	ILGTVSWNL
CASSPPRGASTDTQYF	ILGTVSWNL
CASSIGLGEAFF	ILGTVSWNL
CASSIGITEAFF	ILGTVSWNL
CASSFGSLNTEAFF	ILGTVSWNL
CASSIGLAPAFF	ILGTVSWNL
CSARGLTLGELFF	ILGTVSWNL
CASNSGLTEAFF	ILGTVSWNL
CASSIGGSEAFF	ILGTVSWNL
CASSMGITEAFF	ILGTVSWNL
CATSDFGHDSNQPQHF	ILGTVSWNL
CASSLGIVWDLATNEKLFF	ILGTVSWNL
CASMEGGQPQHF	ILGTVSWNL
CASSIGGVGYTF	ILGTVSWNL
CASSIGLTEAFF	ILGTVSWNL
CATQSGGAGYTF	ILGTVSWNL
CASSQVVDGAYEQYF	ILGTVSWNL
CASSEVTGNYGYTF	ILGTVSWNL
CASKWAGVPEAFF	ILGTVSWNL
CASSLSTGDPFYEQYF	ILGTVSWNL
CASSIGITEAFF	ILGTVSWNL
CASWHGNTEAFF	ILGTVSWNL
CASSLTTGAYGYTF	ILGTVSWNL
CASSLAQGAYGYTF	ILGTVSWNL
CATQLQGINQPQHF	ILGTVSWNL
CASSVEGGPLHF	ILGTVSWNL
CASSPWVASFQYF	ILGTVSWNL
CASSVGGVGEKLFF	ILGTVSWNL
CASSVQGAAETQYF	ILGTVSWNL
CASRPGLATGEQFF	ILGTVSWNL
CASSLAGQQNSPLHF	ILGTVSWNL
CASGQALNTEAFF	ILGTVSWNL
CASSIGIAEAFF	ILGTVSWNL
CASSIAGGPGEQFF	ILGTVSWNL
CSVEPGRTATEAFF	ILGTVSWNL
CASSQGPEYEQYF	ILGTVSWNL
CASSTGTADNQPQHF	ILGTVSWNL
CASSYGQGLGDEQFF	ILGTVSWNL
CASSLAQGHPYYF	ILGTVSWNL
CASSIGTTEAFF	ILGTVSWNL
CASSISIGWGPQHF	ILGTVSWNL
CASSIGVIQAFF	ILGTVSWNL
CASSRDGGRVNEQFF	ILGTVSWNL
CASSYNSDRGNTGELFF	ILGTVSWNL
CASSIGGTEAFF	ILGTVSWNL
CSVGLADYNEQFF	ILGTVSWNL
CASSLPGAGNYNEQFF	ILGTVSWNL
CASSQENGPGGSTDTQYF	ILGTVSWNL
CSASRGQGTGELFF	ILGTVSWNL
CASSEGGDGYTF	ILGTVSWNL
CASTPGAGGNTEAFF	ILGTVSWNL
CASSYGAGEYYEQYF	ILGTVSWNL
CSAQGGEQYF	ILGTVSWNL
CASSQVGGQFEAFF	ILGTVSWNL
CASSFGLREAFF	ILGTVSWNL
CASSFPGAIYF	ILGTVSWNL
CASSYGSMPYEQYF	ILGTVSWNL
CASSIGYTSGGYREQFF	ILGTVSWNL
CASSITGTYEQYF	ILGTVSWNL
CASSIGGAEAFF	ILGTVSWNL
CASSPPISYEQYF	ILGTVSWNL
CASSEEDSGELFF	ILGTVSWNL
CASSWDPHQPQHF	ILGTVSWNL
CASRIGGTEAFF	ILGTVSWNL
CSAQNEQFF	ILGTVSWNL
CASSQTHSYEQYF	ILGTVSWNL
CATATGGRTGELFF	ILGTVSWNL
CASSQARGGYGYTF	ILGTVSWNL
CASSPGQAHEQYF	ILGTVSWNL
CASSIQVRVPSDTQYF	ILGTVSWNL
CASSPADGLADYEQYF	ILGTVSWNL
CASSIGGDKAFF	ILGTVSWNL
CASSQEQTNEKLFF	ILGTVSWNL
CASSIGGATAFF	ILGTVSWNL
CASSQSRDPMPGGYTF	ILGTVSWNL
CASSIAARFNSPLHF	ILGTVSWNL
CASSITGRANEKLFF	ILGTVSWNL
CASKIGGSEAFF	ILGTVSWNL
CASRLGTGIAFF	ILGTVSWNL
CATSRGQGQFHEQYF	ILGTVSWNL
CASSQVEGGTEAFF	ILGTVSWNL
CASSEGPDGYTF	ILGTVSWNL
CASSETGTYGYTF	ILGTVSWNL
CASSIGLTEAFF	ILGTVSWNL
CASSTRDSDEKLFF	ILGTVSWNL
CASSLGPNQPQHF	ILGTVSWNL
CASSPYDTGELFF	ILGTVSWNL
CASSFTDGSNYGYTF	ILGTVSWNL
CASTSRLSSTTNEKLFF	ILGTVSWNL
CASTTGTGGYEQYF	ILGTVSWNL
CASSIGGGDAFF	ILGTVSWNL
CASSIGGNGYTF	ILGTVSWNL
CASSIGTAEAFF	ILGTVSWNL
CASLTGGNGYTF	ILGTVSWNL
CASSTGITEAFF	ILGTVSWNL
CASRIGVTEAFF	ILGTVSWNL
CASSLSGSPLHF	ILGTVSWNL
CASSIGGNPYTF	ILGTVSWNL
CSAPISFAHTNTEAFF	ILGTVSWNL
CASSIGGTEAFF	ILGTVSWNL
CASSLSQGSALHF	ILGTVSWNL
CASSIGGTEAFF	ILGTVSWNL
CASSFGGPTYEQYF	ILGTVSWNL
CASSSVYRGHSGNTIYF	ILGTVSWNL
CASSIGLTGYTF	ILGTVSWNL
CASSIGVTEAFF	ILGTVSWNL
CASSIGLAEAFF	ILGTVSWNL
CASKGLTTYEQYF	ILGTVSWNL
CASPGASGDTQYF	ILGTVSWNL
CASTIGGDGYTF	ILGTVSWNL
CASSIGVTEAFF	ILGTVSWNL
CASSIGTAEAFF	ILGTVSWNL
CASSEMGEQYF	ILGTVSWNL
CASSIGGDKAFF	ILGTVSWNL
CASSIGGAEAFF	ILGTVSWNL
CASSQVRSGYYEQYF	ILGTVSWNL
CASSIGLSEAFF	ILGTVSWNL
CSVGVTANTEAFF	ILGTVSWNL
CASSIGVTEAFF	ILGTVSWNL
CASSQVQSNSYEQYF	ILGTVSWNL
CASSYSINREIQETQYF	ILGTVSWNL
CASSLALGDYEQYF	ILGTVSWNL
CASRAPSYEQYF	ILGTVSWNL
CASMEGNTEAFF	ILGTVSWNL
CSADTRGVEETQYF	ILGTVSWNL
CASSLQGRGNTEAFF	ILGTVSWNL
CASSIGVTEAFF	ILGTVSWNL
CASSIGGTEAFF	ILGTVSWNL
CASSQADSYEQYF	ILGTVSWNL
CASSSSGVPYGYTF	ILGTVSWNL
CASSWTGDSYEQYF	ILGTVSWNL
CASSNSGQGEKLFF	ILGTVSWNL
