CDR3	AA
CASSLSSYEQYF	FLNRFTTTL
CASSAYGTDTTDTQYF	FLNRFTTTL
CASSQPGTAPGELFF	FLNRFTTTL
CATSAQGADEQYF	FLNRFTTTL
CASSLPGGDATNEKLFF	FLNRFTTTL
CASSHQLAGGSYEQYF	FLNRFTTTL
CATSRDGGNEQFF	FLNRFTTTL
CASSPPGTGGDEAFF	FLNRFTTTL
CASTEPLCAGRYEQYF	FLNRFTTTL
CASSQDWGDIKTYNEQFF	FLNRFTTTL
CASSESEGVSEAFF	FLNRFTTTL
CASSQAGTGETQYF	FLNRFTTTL
CASSQVGGQETQYF	FLNRFTTTL
CATSELAGGPNEQFF	FLNRFTTTL
CASSQESYNHDTQYF	FLNRFTTTL
CASSQDPYSRNSPLHF	FLNRFTTTL
CASSQVGGRETQYF	FLNRFTTTL
CASSLVSSGSFTGELFF	FLNRFTTTL
CATEAGGGGTEAFF	FLNRFTTTL
CASSLFQPQHF	FLNRFTTTL
CSVVPVTGSGTEAFF	FLNRFTTTL
CASWTGGKPDTQYF	FLNRFTTTL
CASSRQGGYNEQFF	FLNRFTTTL
CAFGQLLRDTGELFF	FLNRFTTTL
CASSVNGAGGPNEETQYF	FLNRFTTTL
CASSATGTELDEQFF	FLNRFTTTL
CASSGAEKTDYEQYF	FLNRFTTTL
CASSLSTSSNEQFF	FLNRFTTTL
CASSLQGYTEAFF	FLNRFTTTL
CSASPSVWGNEQFF	FLNRFTTTL
CASSQGAGDSLGVYTF	FLNRFTTTL
CSVEDLGNNEQFF	FLNRFTTTL
CASSEGNEQFF	FLNRFTTTL
CASSSPGGAMSETQYF	FLNRFTTTL
CSAYRDLDEGTDTQYF	FLNRFTTTL
CASSLAPGAYNEQFF	FLNRFTTTL
CAWSPFTGDTGELFF	FLNRFTTTL
CASSESEGVSEAFF	FLNRFTTTL
CASSVTGTDIEKLFF	FLNRFTTTL
CASSFPVAGGFTGELFF	FLNRFTTTL
CASSEQGLAGDGDTQYF	FLNRFTTTL
CASSLDPGTEAFF	FLNRFTTTL
CASSGPLEYQETQYF	FLNRFTTTL
CASSQDGVAVGTEAFF	FLNRFTTTL
CASSGVADRTDTQYF	FLNRFTTTL
CASSSTGEGETQYF	FLNRFTTTL
CASSQVDRGQGGELFF	FLNRFTTTL
