CDR3	AA
CASGVEVASYEQYF	IELSLIDFYL
CASSYFPSGLAGSRADTQYF	IELSLIDFYL
CSASLGRVDTQYF	IELSLIDFYL
CSARDPTTSLHF	IELSLIDFYL
CASSLTARSTEAFF	IELSLIDFYL
CASSLAGRGGQETQYF	IELSLIDFYL
CSARDRAGWEAFF	IELSLIDFYL
CSASSATTAGDEQFF	IELSLIDFYL
CASSLEGLAHLF	IELSLIDFYL
CASSLFAGSTEAFF	IELSLIDFYL
CASSLQGQNNEQFF	IELSLIDFYL
CASSLRSSRLDEQFF	IELSLIDFYL
CSVELGQLYGYTF	IELSLIDFYL
CSAERERDYNEQFF	IELSLIDFYL
CSVEDPAGAYGYTF	IELSLIDFYL
CASSQLQGEGTDTQYF	IELSLIDFYL
CSASGTSVYEQYF	IELSLIDFYL
CASSSLAGGLNEQFF	IELSLIDFYL
CASSAGFAANSPLHF	IELSLIDFYL
CASSQYNEQFF	IELSLIDFYL
CASSYYLGDNGYTF	IELSLIDFYL
CASTLLGGGADEQYF	IELSLIDFYL
CASSRVQGANEAQYF	IELSLIDFYL
CSLMRQNHNEQFF	IELSLIDFYL
CASRGRGESSYEQYF	IELSLIDFYL
CASSPKGTGVRDYGYTF	IELSLIDFYL
CASSQDFRLAGYNEQFF	IELSLIDFYL
CASSGGTGAGANVLTF	IELSLIDFYL
CASSFPTSVSQETQYF	IELSLIDFYL
CSADDGQTTGQPQHF	IELSLIDFYL
CASASLRTEQFF	IELSLIDFYL
CASSLLAAPYNEQFF	IELSLIDFYL
CASSAITSRATGELFF	IELSLIDFYL
CATSSMTEYTDTQYF	IELSLIDFYL
CASSQSYNEQFF	IELSLIDFYL
CASSLFDSGTYYGYTF	IELSLIDFYL
CASALLKLDTQYF	IELSLIDFYL
CAWSAGTEEFF	IELSLIDFYL
CASSLSIHRGPVSTDTQYF	IELSLIDFYL
CASSRARTSPSTDTQYF	IELSLIDFYL
CASSASTRDGSYNEQFF	IELSLIDFYL
CSATDRDEEQYF	IELSLIDFYL
CSASPLAGGREQFF	IELSLIDFYL
CASSKVGVMNTEAFF	IELSLIDFYL
CSAKEGQHYEQYF	IELSLIDFYL
CASSLNGNEQFF	IELSLIDFYL
CASSLGGAHRDEQFF	IELSLIDFYL
CSASGGGSGETQYF	IELSLIDFYL
CSAHEGPAYEQYF	IELSLIDFYL
CSANWDPVGTDTQYF	IELSLIDFYL
CASSLEDRSGYEQYF	IELSLIDFYL
CASSTGTGLHEQFF	IELSLIDFYL
CAWSLAFPGELFF	IELSLIDFYL
CASSLYQNTEAFF	IELSLIDFYL
CASSQVTGDYGYTF	IELSLIDFYL
CASRGLTGTGNYGYTF	IELSLIDFYL
CASSPGQGVETQYF	IELSLIDFYL
CSARNNEQFF	IELSLIDFYL
CSASPVDNEQFF	IELSLIDFYL
CASSETGLGYTF	IELSLIDFYL
CASSLAGQGSYEQYF	IELSLIDFYL
CASLGQENYGYTF	IELSLIDFYL
CSADQGLAGPAGNIQYF	IELSLIDFYL
CASTPGQGPSTEQYF	IELSLIDFYL
CASSFQGPAYEQYF	IELSLIDFYL
CASSLGGLYEQYF	IELSLIDFYL
CSATVSGVPQETQYF	IELSLIDFYL
CASSLRDRVAHEQYF	IELSLIDFYL
CASGSGLAVERSTDTQYF	IELSLIDFYL
CASKPGGYEQYF	IELSLIDFYL
CASSFPPQGSNTDTQYF	IELSLIDFYL
CSAPGGPGEQFF	IELSLIDFYL
CSAQLEERGGNEQFF	IELSLIDFYL
CASSVAWRGSSGANVLTF	IELSLIDFYL
CATSRVGGEGYEQYF	IELSLIDFYL
CASSHLDREGVEQFF	IELSLIDFYL
CASSQAFPHTEAFF	IELSLIDFYL
CASRTGNYEQYF	IELSLIDFYL
CASRSARSDTQYF	IELSLIDFYL
CASSPYLYYEQYF	IELSLIDFYL
CSASCRIGTGGPYEQYF	IELSLIDFYL
CSARDALAGDNEQFF	IELSLIDFYL
CSASQGQPQHF	IELSLIDFYL
CASRRTSGGLSTDTQYF	IELSLIDFYL
CASSLTARGLRSPDTQYF	IELSLIDFYL
CASSHEPSYEQYF	IELSLIDFYL
CSARDQASGDNEQFF	IELSLIDFYL
CASSKGRTRDSSLC	IELSLIDFYL
CASGWGGVTQYF	IELSLIDFYL
CASSVYLNTEAFF	IELSLIDFYL
CASRGLGQGSSYEQYF	IELSLIDFYL
CASSYFGGAGTNEKLFF	IELSLIDFYL
CASSLFKSGGPYNEQFF	IELSLIDFYL
CASSQDINPGNTIYF	IELSLIDFYL
CASSLVPLKSEQFF	IELSLIDFYL
CASSRGTDTQYF	IELSLIDFYL
CASIGLLLSYEQYF	IELSLIDFYL
CSARGLADSYEQYF	IELSLIDFYL
CSADRDSRGETQYF	IELSLIDFYL
CASSSGLAVNEQFF	IELSLIDFYL
CATSRDRAYEQYF	IELSLIDFYL
CASSPKGIGTRDYEQYF	IELSLIDFYL
CASSKIQGANQPQHF	IELSLIDFYL
CASSLLAGGYNEQFF	IELSLIDFYL
CSASQGGNEQFF	IELSLIDFYL
CSASLADQETQYF	IELSLIDFYL
CASSTHSGFLPIATNEKLFF	IELSLIDFYL
CASSQPRTGEAYTEAFF	IELSLIDFYL
CSASREASGIYNEQFF	IELSLIDFYL
CSAEREGLGGEQFF	IELSLIDFYL
CASSDLGQGSEQFF	IELSLIDFYL
CASSPTDTLTGTGPPNEQYF	IELSLIDFYL
CSASGRDRESNEQYF	IELSLIDFYL
CASSLGGPATGELFF	IELSLIDFYL
CASSETGTLNTEAFF	IELSLIDFYL
CSARGSGGTYEQYF	IELSLIDFYL
CASSPSSYNSPLHF	IELSLIDFYL
CAISESAGAGSYEQYF	IELSLIDFYL
CASKGFIAEDSYEQYF	IELSLIDFYL
CSASGELGGRAYEQYF	IELSLIDFYL
CASSLVAGNEQFF	IELSLIDFYL
CSGDTGTGELFF	IELSLIDFYL
CSASFETSDNEQFF	IELSLIDFYL
CATTERDRFTDTQYF	IELSLIDFYL
CASSQETYYGYTF	IELSLIDFYL
CASSPEETGLGYNEQFF	IELSLIDFYL
CSVGLLPTEAFF	IELSLIDFYL
CASRPSLYYDQETQYF	IELSLIDFYL
CASSSGTGYHEQYF	IELSLIDFYL
CASSLTLGLLTLDTQYF	IELSLIDFYL
CASSYTGQVYEQYF	IELSLIDFYL
CASRGEGYGTYGYTF	IELSLIDFYL
CASRPWDRGSNTEAFF	IELSLIDFYL
CASSLLQNSPLHF	IELSLIDFYL
CSARGLAGGSYEQYF	IELSLIDFYL
CSATSRLLHSYEQYF	IELSLIDFYL
CSASGGEYNEQFF	IELSLIDFYL
CASSQTGLAGEGQETQYF	IELSLIDFYL
CATSVPITGIETQYF	IELSLIDFYL
CASKGLSGTFDSYEQYF	IELSLIDFYL
CASSLNPNEQFF	IELSLIDFYL
CASSLFQGTDTQYF	IELSLIDFYL
CASSDRGLSYEQYF	IELSLIDFYL
CASSSLYGLAANNEQFF	IELSLIDFYL
CASSMGGGGNYNEQFF	IELSLIDFYL
CASSQEDRAYEQYF	IELSLIDFYL
CASSLEFFGDYEQYF	IELSLIDFYL
CASSQDRLQETQYF	IELSLIDFYL
CSARGAILERSPLHF	IELSLIDFYL
CASSLGQSTEAFF	IELSLIDFYL
CASRGLAGGLSSYEQYF	IELSLIDFYL
CASSPSGGYGYTF	IELSLIDFYL
CASSFAGTGASYEQYF	IELSLIDFYL
CSARDSTGQRSNQPQHF	IELSLIDFYL
CASSVSLSGANVLTF	IELSLIDFYL
CATSDPTDLRAPYEQYF	IELSLIDFYL
CASSHYGTLYNEQFF	IELSLIDFYL
CASSFVLSVNQPQHF	IELSLIDFYL
CASSPGGQGHEQYF	IELSLIDFYL
CASSSDSPEQFF	IELSLIDFYL
CASSLRGQGTFDEKLFF	IELSLIDFYL
CASSYSNNPGSNQPQHF	IELSLIDFYL
CASSYSPGLGTEAFF	IELSLIDFYL
CASSHQGARRNGYTF	IELSLIDFYL
CASSIESANYGYTF	IELSLIDFYL
CASSQDLRFLYF	IELSLIDFYL
CASSYGTSKYF	IELSLIDFYL
CASSHPGTLNTEAFF	IELSLIDFYL
CASSFGSYEQYF	IELSLIDFYL
CASSLAGQAFF	IELSLIDFYL
CASSPGTGGFPYEQYF	IELSLIDFYL
CASSLNQGTASEQYF	IELSLIDFYL
CSAGLLSSYNEQFF	IELSLIDFYL
CSATGLAGQDSIETQYF	IELSLIDFYL
CSAFDGLYGYTF	IELSLIDFYL
CASRTPGGSNNEQFF	IELSLIDFYL
CSAKRWASGRMEQETQYF	IELSLIDFYL
CASSPPDSYYEQYF	IELSLIDFYL
CASSLWAAYNEQFF	IELSLIDFYL
CSATGTGDFNEQFF	IELSLIDFYL
CASTPTAGGTIYF	IELSLIDFYL
CSASWWEASGKSSYNEQFF	IELSLIDFYL
CAIMGAGTGPDTQYF	IELSLIDFYL
CASSYSNEQFF	IELSLIDFYL
CASSLAVGGFSYNEQFF	IELSLIDFYL
CSADGTGGRYEQYF	IELSLIDFYL
CSAGAEQETQYF	IELSLIDFYL
CASSLETSFYNEQFF	IELSLIDFYL
CSAIQLAEIYEQYF	IELSLIDFYL
CSARGMTTYEQYF	IELSLIDFYL
CSASLEASGSTWGNEQFF	IELSLIDFYL
CATSLDKRAYEQYF	IELSLIDFYL
CASSQASTGELFF	IELSLIDFYL
CSATGTTNEQFF	IELSLIDFYL
CASSMDGNPNYGYTF	IELSLIDFYL
CASSVSPGTGGTPLHF	IELSLIDFYL
CASLTSGGYNEQFF	IELSLIDFYL
CASSPRHQMNTEAFF	IELSLIDFYL
CASSLEMPRPGEQYF	IELSLIDFYL
CASNDFSKNSPLHF	IELSLIDFYL
CSVPRQGTYEQYF	IELSLIDFYL
CSASREASGMGNQETQYF	IELSLIDFYL
CSSDREGSYNEQFF	IELSLIDFYL
CSISVGYTF	IELSLIDFYL
CATSSPAGTSGSTDTQYF	IELSLIDFYL
CASSSQGYEQYF	IELSLIDFYL
CASSLTDRGFQETQYF	IELSLIDFYL
CSASEESSYNEQFF	IELSLIDFYL
CASSLVSVSGANEKLFF	IELSLIDFYL
CASSFGGAQQETQYF	IELSLIDFYL
CASSRLIGGSSYEQYF	IELSLIDFYL
CSARDLKGRGETQYF	IELSLIDFYL
CSASSEQLQETQYF	IELSLIDFYL
CASEALGGGSSEQFF	IELSLIDFYL
CSASGTGDSTDTQYF	IELSLIDFYL
CASSTLGGGGSPLHF	IELSLIDFYL
CASSILGQALTYNEQFF	IELSLIDFYL
CASSQEGGLAGVHEQYF	IELSLIDFYL
CASSLRVLAAGELFF	IELSLIDFYL
CASSLGADNQETQYF	IELSLIDFYL
CASSLALRQASTDTQYF	IELSLIDFYL
CASSTYSRTSGGTETQYF	IELSLIDFYL
CASKEGWPLNSPLHF	IELSLIDFYL
CASSPPGQGLGNYGYTF	IELSLIDFYL
CASREGEQYF	IELSLIDFYL
CSADPTGKRASYNEQFF	IELSLIDFYL
CASSYPNTGELFF	IELSLIDFYL
CASSPGLSTNEKLFF	IELSLIDFYL
CASSHSLAWGDRGYEQYF	IELSLIDFYL
CSGQIGSEQYF	IELSLIDFYL
CSARGASDYYEQYF	IELSLIDFYL
CSLDTSGTYEQYF	IELSLIDFYL
CASSSDPAGGLRAYEQYF	IELSLIDFYL
CASSGLAGASTDTQYF	IELSLIDFYL
CASSLAPGSQPQHF	IELSLIDFYL
CSADSGGAYEQYF	IELSLIDFYL
CASRGTPVVVYGYTF	IELSLIDFYL
CSASGTRRNEQFF	IELSLIDFYL
CASSFTSPGNTIYF	IELSLIDFYL
CASSIDLADRDSGNTIYF	IELSLIDFYL
CSASMEEVGFGNEQFF	IELSLIDFYL
CASSLVWAVNQPQHF	IELSLIDFYL
CASSSGSSSTDTQYF	IELSLIDFYL
CSASDVYNEQFF	IELSLIDFYL
CASRDGQASLDYTF	IELSLIDFYL
CASSLTGTAYNEQFF	IELSLIDFYL
CSARDLGGGTYNEQFF	IELSLIDFYL
CSAGTGSYNEQFF	IELSLIDFYL
CASSQVEGSQPQHF	IELSLIDFYL
CASSREWYEQYF	IELSLIDFYL
CASSQETSGRETQYF	IELSLIDFYL
CASSQDQATYEQYF	IELSLIDFYL
CASSQDWRLAGSYEQYF	IELSLIDFYL
CASSLESYLETQYF	IELSLIDFYL
CSADSGAVNEQFF	IELSLIDFYL
CASSHLQGVDTEAFF	IELSLIDFYL
CASRDYEQYF	IELSLIDFYL
CSAIPGQGNNGYTF	IELSLIDFYL
CASSIEASGGPGFF	IELSLIDFYL
CSGDRDGAQETQYF	IELSLIDFYL
CASRSQRDPRKLFF	IELSLIDFYL
CASSQESLLADYEQYF	IELSLIDFYL
CASVPTGGETQYF	IELSLIDFYL
CATSRGHMGYTF	IELSLIDFYL
CASSQETSGTGTQETQYF	IELSLIDFYL
CASSLGGGRGTDTQYF	IELSLIDFYL
CSAEPSTSGQRNEQFF	IELSLIDFYL
CSATQEGAMETQYF	IELSLIDFYL
CASSVTGTGGFGANVLTF	IELSLIDFYL
CASSPRTGTNTGELFF	IELSLIDFYL
CASSVDTSGKNTGELFF	IELSLIDFYL
CASSPTGTGLGNEQFF	IELSLIDFYL
CSARDPSAGQGILDSPLHF	IELSLIDFYL
CASSLSIAGTGGEQYF	IELSLIDFYL
CAISPENTGELFF	IELSLIDFYL
CASSFFLAGYNEQFF	IELSLIDFYL
CSATGGTGLQTQYF	IELSLIDFYL
CASSYVRLAGNEQFF	IELSLIDFYL
CSARDLADSYEQYF	IELSLIDFYL
CASSIWTDDTGELFF	IELSLIDFYL
CSASKEENTEAFF	IELSLIDFYL
CASSLDRIHF	IELSLIDFYL
CASSIAGPNTEAFF	IELSLIDFYL
CASSYLPGLSSYEQYF	IELSLIDFYL
CASSVVKDHPETQYF	IELSLIDFYL
CASSVRAATMNTEAFF	IELSLIDFYL
CSVTTTNYEQYF	IELSLIDFYL
CSGERETSYNEQFF	IELSLIDFYL
CSARRLWGSSYNEQFF	IELSLIDFYL
CSASAEGSSYNEQFF	IELSLIDFYL
CAISEGTYTDTQYF	IELSLIDFYL
CSANAEGSGRVSETQYF	IELSLIDFYL
CASSPHVGVGPFF	IELSLIDFYL
CASSWTGGVLNEQFF	IELSLIDFYL
CSVEGTGGYGYTF	IELSLIDFYL
CSATGDNVQETQYF	IELSLIDFYL
CASSLGRTGANTGELFF	IELSLIDFYL
CSARDTTSGGPSPDTQYF	IELSLIDFYL
CASSEGNRQETQYF	IELSLIDFYL
CSVLRDNEQFF	IELSLIDFYL
CASTQGTNYGYTF	IELSLIDFYL
CASSPPEGTQYF	IELSLIDFYL
CSARASGASSYNEQFF	IELSLIDFYL
CSVRAGTGGRYEQYF	IELSLIDFYL
CASTGFGSESEGTEAFF	IELSLIDFYL
CASSYGPSGELFF	IELSLIDFYL
CSVNTGSYEQYF	IELSLIDFYL
CASSQDPPPGYEQYF	IELSLIDFYL
CAWSVQANEQFF	IELSLIDFYL
CASGLWGGNEQFF	IELSLIDFYL
CATSKLEGASTDTQYF	IELSLIDFYL
CASSLGVSAEAFF	IELSLIDFYL
CASSRVQVDTGELFF	IELSLIDFYL
CASRGQGPNDSYEQYF	IELSLIDFYL
CASSLTSSVYEQYF	IELSLIDFYL
CSASWGSQETQYF	IELSLIDFYL
CASRGLPGTGSYEQYF	IELSLIDFYL
CASNHAPGDEAFF	IELSLIDFYL
CSASSSGTGTYNEQFF	IELSLIDFYL
CASTLLTYEQYF	IELSLIDFYL
CASSFGNEQFF	IELSLIDFYL
CASSESDTQYF	IELSLIDFYL
CASSIPLFEQYF	IELSLIDFYL
CASSPTGTEAFF	IELSLIDFYL
CASSDYNEQFF	IELSLIDFYL
CASSQGRGLITEAFF	IELSLIDFYL
CASSLLDIKPGDTQYF	IELSLIDFYL
CSADFSGSYNEQFF	IELSLIDFYL
CASSQDRNEAFF	IELSLIDFYL
CSANRISYEQYF	IELSLIDFYL
CASSVLSGLDIQYF	IELSLIDFYL
CSAGTSGGARETQYF	IELSLIDFYL
CASSVSGSLTDTQYF	IELSLIDFYL
CASSISRDLLLDGYTF	IELSLIDFYL
CSASDGVSYNEQFF	IELSLIDFYL
CSASGGQETQYF	IELSLIDFYL
CSARPLTGLSYNEQFF	IELSLIDFYL
CASSTGTGVYGYTF	IELSLIDFYL
CASSLGQTIQETQYF	IELSLIDFYL
CSARDPGTGSYEQYF	IELSLIDFYL
CASSEWGSYNEQFF	IELSLIDFYL
CASSDSNYGYTF	IELSLIDFYL
CAGRYTEAFF	IELSLIDFYL
CSASGVVQETQYF	IELSLIDFYL
CSANVITYEQYF	IELSLIDFYL
CSVGGSTDTQYF	IELSLIDFYL
CASISWGNTEAFF	IELSLIDFYL
CAISEAGGGNQPQHF	IELSLIDFYL
CASRAGTSYEQYF	IELSLIDFYL
CASSLDAFSTDTQYF	IELSLIDFYL
CASSPERGFVNSPLHF	IELSLIDFYL
CASSLTPGVAESTDTQYF	IELSLIDFYL
CASSFFQNTGELFF	IELSLIDFYL
CASSPSLGDTEAFF	IELSLIDFYL
CSAGLDSYEQYF	IELSLIDFYL
CASSGQQAKETQYF	IELSLIDFYL
CATSDWDGQETQYF	IELSLIDFYL
CASSANPVEPPEMWTGELFF	IELSLIDFYL
CSARQTRTGAWEQYF	IELSLIDFYL
CASSQVGTVYGYTF	IELSLIDFYL
CSARDSLDRAYGYTF	IELSLIDFYL
CASSSLIRDRNEKLFF	IELSLIDFYL
CASSQGSTGPYEQYF	IELSLIDFYL
CASSYLPPGNSYNEQFF	IELSLIDFYL
CASSLFGHLVNTEAFF	IELSLIDFYL
CASSRAGGMDEQFF	IELSLIDFYL
CSVGGSSYEQYF	IELSLIDFYL
CASSLPGEAFF	IELSLIDFYL
CSASAGVGYNEQFF	IELSLIDFYL
CASRGAQETYEQYF	IELSLIDFYL
CASSRMIPGSADNEQFF	IELSLIDFYL
CSASREGQLETQYF	IELSLIDFYL
CASSYMSSGVNTDTQYF	IELSLIDFYL
CASSLPPLGSNEQFF	IELSLIDFYL
CASSLGLTYEQYF	IELSLIDFYL
CASSLVMAGGSYNEQFF	IELSLIDFYL
CASSRGEGTDTQYF	IELSLIDFYL
CASSLRDVAEAFF	IELSLIDFYL
CATSSPSGRTDTQYF	IELSLIDFYL
CASSMSAGLAGAYEQFF	IELSLIDFYL
CSASGPGTGGLRQETQYF	IELSLIDFYL
CASSALDYEQYF	IELSLIDFYL
CSVGTLGNEQFF	IELSLIDFYL
CASSLEMGRTGGYEQYF	IELSLIDFYL
CASSQGTQGNPYEQYF	IELSLIDFYL
CSVDGTVGQGASNEQFF	IELSLIDFYL
CASSQGGEYNEQFF	IELSLIDFYL
CAISDLLGTYEQYF	IELSLIDFYL
CSARDQAGAMYNEQFF	IELSLIDFYL
CASSSNHNATPGSPWVNTQYF	IELSLIDFYL
CASSLVYSTEAFF	IELSLIDFYL
CASSHRDTGELFF	IELSLIDFYL
CSATSGGSGETQYF	IELSLIDFYL
CSASSGRPKRGESTDTQYF	IELSLIDFYL
CASSFWMDRGHQPQHF	IELSLIDFYL
CASSPDFASFGEKLFF	IELSLIDFYL
CASSLTLNLDRDQETQYF	IELSLIDFYL
CAASQVVDSNQPQHF	IELSLIDFYL
CASRPPSGPPYEQYF	IELSLIDFYL
CASSLFRGNQETQYF	IELSLIDFYL
CASSLLGPQNEKLFF	IELSLIDFYL
CASSLMTGVDYEQFF	IELSLIDFYL
CSALTENTEAFF	IELSLIDFYL
CASSLGGENTGELFF	IELSLIDFYL
CASSQDRYVGDTEAFF	IELSLIDFYL
CASSPLDRGNTEAFF	IELSLIDFYL
CASSLVTATEAFF	IELSLIDFYL
CASSEDRLNYEQYF	IELSLIDFYL
CASRGRAGFGPGMYEQFF	IELSLIDFYL
CSARVAVDGDNEQFF	IELSLIDFYL
CASSVTLGDSGYTF	IELSLIDFYL
CASSLLGQGLGRYGTDTQYF	IELSLIDFYL
CSANTEKASYNEQFF	IELSLIDFYL
CASSELLFGQGSNQPQHF	IELSLIDFYL
CASSSTSGETDTQYF	IELSLIDFYL
CASSLAPGVGRNSPLHF	IELSLIDFYL
CASSTTRIGTGELFF	IELSLIDFYL
CASSSRPREPETQYF	IELSLIDFYL
CASSLSPPLHF	IELSLIDFYL
CATSRGSYDTEAFF	IELSLIDFYL
CATSREGQPQHF	IELSLIDFYL
CASSLSSPGVGGELFF	IELSLIDFYL
CASNVQGGNQPQHF	IELSLIDFYL
CASSYSQGFSYEQYF	IELSLIDFYL
CASSLGGNTEAFF	IELSLIDFYL
CASSGWNRGVEEQYF	IELSLIDFYL
CASSSDRGYEQYF	IELSLIDFYL
CASSLLGMDEQFF	IELSLIDFYL
CASRWSTSGLGHEQYF	IELSLIDFYL
CASSYWRGDTQYF	IELSLIDFYL
CASSLAAGSYEQYF	IELSLIDFYL
CSAREAVSSYEQYF	IELSLIDFYL
CSASGGSYNEQFF	IELSLIDFYL
CASSTHDPNIQYF	IELSLIDFYL
CSAQHSSYEQYF	IELSLIDFYL
CASSLSSNVPNEQFF	IELSLIDFYL
CASSQGPQRGAPYEQYF	IELSLIDFYL
CASSSGTSGTDTQYF	IELSLIDFYL
CASSYSGQGMDEAFF	IELSLIDFYL
CASSQEGQGVFSTEAFF	IELSLIDFYL
CASRGITGLAGPGSSYEQYF	IELSLIDFYL
CASRGLAGESYEQYF	IELSLIDFYL
CASSYAGSTDTQYF	IELSLIDFYL
CSADAPGAETQYF	IELSLIDFYL
CASSAIQTSVTDTQYF	IELSLIDFYL
CSTDQTSGSLNEQFF	IELSLIDFYL
CASSQGMGYGYTF	IELSLIDFYL
CASSALAGGPTDTQYF	IELSLIDFYL
CASSFRSSRGDTEAFF	IELSLIDFYL
CSARDGATGLPNYGYTF	IELSLIDFYL
CASSITGFTTF	IELSLIDFYL
CSATRRAGATYNEQFF	IELSLIDFYL
CASRGESAGTYGYTF	IELSLIDFYL
CSDRSGVTTEAFF	IELSLIDFYL
CASSLALGTEAFF	IELSLIDFYL
CASRTRARNQPQHF	IELSLIDFYL
CSVALPGGLAGDTQYF	IELSLIDFYL
CASSLEAVGTEAFF	IELSLIDFYL
CASSVDRAGNTEAFF	IELSLIDFYL
CASSLSGAQTQYF	IELSLIDFYL
CSASTRDSLYNEQFF	IELSLIDFYL
CASSLLAGPYEQYF	IELSLIDFYL
CASSLLAGGPNEQFF	IELSLIDFYL
CASSYSGPRELFF	IELSLIDFYL
CSARGLLAGIYEQYF	IELSLIDFYL
CSARETQGWNTIYF	IELSLIDFYL
CASSFGQGYNEQFF	IELSLIDFYL
CASSTGQNYGYTF	IELSLIDFYL
CASSQPGLAYEQYF	IELSLIDFYL
CATPTGVQETQYF	IELSLIDFYL
CASSQDRGTEAFF	IELSLIDFYL
CASRDRTIQETQYF	IELSLIDFYL
CATSTLGTNTDTQYF	IELSLIDFYL
CASSLWAGARYNEQFF	IELSLIDFYL
CSALGQGSIVYEQYF	IELSLIDFYL
CASSNPRDRVFYEQFF	IELSLIDFYL
CASSEAGAPADTQYF	IELSLIDFYL
CASSSAGSSRYNEQFF	IELSLIDFYL
CASSLGSAGGGPSTDTQYF	IELSLIDFYL
CSVTSLNTEAFF	IELSLIDFYL
CASSLGLAASYEQYF	IELSLIDFYL
CASSPDGAKNIQYF	IELSLIDFYL
CSAKLSGSYNSPLHF	IELSLIDFYL
CSARGTQDYGHEQYF	IELSLIDFYL
CSARRLHPGNEQFF	IELSLIDFYL
CASIPRCSGYTF	IELSLIDFYL
CASSKTRDRGDTGELFF	IELSLIDFYL
CASLATSYNEQFF	IELSLIDFYL
CASNLLAGGQNEQFF	IELSLIDFYL
CSAERETSYNEQFF	IELSLIDFYL
CSATGLAEETQYF	IELSLIDFYL
CASSYSIETGEAFF	IELSLIDFYL
CASSYGPDRVGEETQYF	IELSLIDFYL
CASSLVAYEQYF	IELSLIDFYL
CSATTEGQYQETQYF	IELSLIDFYL
CASSDGQGNNSPLHF	IELSLIDFYL
CASSYRGFWLLTEAFF	IELSLIDFYL
CSARSGVHDYYEQFF	IELSLIDFYL
CASSEGTSSYNEQFF	IELSLIDFYL
CASSSGQGNTEAFF	IELSLIDFYL
CASSTGTGGYTF	IELSLIDFYL
CSASWGSQETQYF	IELSLIDFYL
CASGLVGQGIQETQYF	IELSLIDFYL
CASSSFEGGYNEQFF	IELSLIDFYL
CASSLAGTASGYTF	IELSLIDFYL
CSARGLAGLIYEQYF	IELSLIDFYL
CVGQGQGDEKLFF	IELSLIDFYL
CSAARTGNEQYF	IELSLIDFYL
CASSLAGAGYTF	IELSLIDFYL
CASSHLTQNTGELFF	IELSLIDFYL
CSEADSYNEQFF	IELSLIDFYL
CASSQSQSNQPQHF	IELSLIDFYL
CASSSGGPTGELFF	IELSLIDFYL
CSVLPVGQETQYF	IELSLIDFYL
CASSLRGAGGFNQPQHF	IELSLIDFYL
CASSLLLAEVGETQYF	IELSLIDFYL
CASSWQGNTEAFF	IELSLIDFYL
CASSPGPQGNFYEQYF	IELSLIDFYL
CASSPRQGFYEQYF	IELSLIDFYL
CSDHQGIREQFF	IELSLIDFYL
CASSQDPGQELTGELFF	IELSLIDFYL
CASSRTSGSSYEQYF	IELSLIDFYL
CASSLPSYEQYF	IELSLIDFYL
CASTLGVGADTQYF	IELSLIDFYL
CASSFTSGMGYEQYF	IELSLIDFYL
CASSPGQTAYEQYF	IELSLIDFYL
CSTSGVDNEQFF	IELSLIDFYL
CASSQGVGGAYNEQFF	IELSLIDFYL
CASSYAGGSGYTF	IELSLIDFYL
CASRREPRGYEQYF	IELSLIDFYL
CASSQDPSAVDEQFF	IELSLIDFYL
CATKEPGYDLSGANVLTF	IELSLIDFYL
CSARIRDSIYEQYF	IELSLIDFYL
CASSSPSGGVNEQFF	IELSLIDFYL
CASSWQGIGNEQFF	IELSLIDFYL
CSASSGPADTQYF	IELSLIDFYL
CARVTDTGELFF	IELSLIDFYL
CASSQVQELPEAFF	IELSLIDFYL
CASRGLAGGRSYEQYF	IELSLIDFYL
CASSMGTSVDNSYNEQFF	IELSLIDFYL
CASSIGGNEQFF	IELSLIDFYL
CASSSRTSGSNEQFF	IELSLIDFYL
CASSPGTTEAFF	IELSLIDFYL
CASTGQLVAGEYRIEQFF	IELSLIDFYL
CASSVADQQETQYF	IELSLIDFYL
CASSDDTPEAFF	IELSLIDFYL
CASSRTVGPPFDYGYTF	IELSLIDFYL
CATSSLSAGSTDTQYF	IELSLIDFYL
CASSLLAGGPPDTQYF	IELSLIDFYL
CSASWGGTEAFF	IELSLIDFYL
CASSTAQGFTDTQYF	IELSLIDFYL
CASSPVLEGDTEAFF	IELSLIDFYL
CSASKQLDLGDTQYF	IELSLIDFYL
CASSLNRRLFF	IELSLIDFYL
CASDGGGHEQYF	IELSLIDFYL
CATSDLGNTEAFF	IELSLIDFYL
CASSDKAPTDTQYF	IELSLIDFYL
CASSLVRNEQFF	IELSLIDFYL
CASSAGGQGSNQPQHF	IELSLIDFYL
CASSPTGTGPTNEKLFF	IELSLIDFYL
CSADTGLAGEVDTQYF	IELSLIDFYL
CATSDLGANEQFF	IELSLIDFYL
CASSRLAGTDTQYF	IELSLIDFYL
CASSYPEGGHNEQFF	IELSLIDFYL
CATSGPGLSRTDTQYF	IELSLIDFYL
CASRGEGGPQYF	IELSLIDFYL
CASSLHGSSYNEQFF	IELSLIDFYL
CASSFLAGGVNEQFF	IELSLIDFYL
CASSARAGGKTDTQYF	IELSLIDFYL
CASSLASGLEAATDEQFF	IELSLIDFYL
CASSSPSRDYGYTF	IELSLIDFYL
CASSPPDTNQPQHF	IELSLIDFYL
CASSSLPGTGGPNQPQHF	IELSLIDFYL
CASSEAGIFNTGELFF	IELSLIDFYL
CASSQGTSGRQFF	IELSLIDFYL
CASSEPGSGEFNSPLHF	IELSLIDFYL
CASSQGRQGRETQYF	IELSLIDFYL
CASSFSGLSYEQYF	IELSLIDFYL
CASSFMGSSHGYTF	IELSLIDFYL
CSARGYRGYEQYF	IELSLIDFYL
CSAIGTYEQYF	IELSLIDFYL
CASSFWLNNEQFF	IELSLIDFYL
CASSLTGGTGELFF	IELSLIDFYL
CASTAGQGFNTEAFF	IELSLIDFYL
CASRSGPGFDEQFF	IELSLIDFYL
CASSEESSFEQFF	IELSLIDFYL
CASSQEPDQPQHF	IELSLIDFYL
GDSYEQYF	IELSLIDFYL
CSVDSGRVNEQFF	IELSLIDFYL
CASSDRAGLNSPLHF	IELSLIDFYL
CASSLISSSDEQFF	IELSLIDFYL
CASSVGLAGTDTQYF	IELSLIDFYL
CASSPYSNQPQHF	IELSLIDFYL
CASSLSGVGNTIYF	IELSLIDFYL
CASRGEGDPQRKDTQYF	IELSLIDFYL
CSASDLDGANVLTF	IELSLIDFYL
CSASVGRTDTQYF	IELSLIDFYL
CSATTEILYNEQFF	IELSLIDFYL
CSARGLAESYEQYF	IELSLIDFYL
CASSLVGMGDTQYF	IELSLIDFYL
CASSLVQYSNQPQHF	IELSLIDFYL
CSADVPGQEGQPQHF	IELSLIDFYL
CASSLDRVVAKNIQYF	IELSLIDFYL
CASIRGEGLNTPDTQYF	IELSLIDFYL
CSARVGLGYSPLHF	IELSLIDFYL
CASSKLTTTPSTDTQYF	IELSLIDFYL
CSASHRQDLEAFF	IELSLIDFYL
CASTASGGHEQFF	IELSLIDFYL
CASSPSVRAGNNEQFF	IELSLIDFYL
CASSHLAGGNNEQFF	IELSLIDFYL
CASSEQGPNTEAFF	IELSLIDFYL
CASTPGGGPLADTQYF	IELSLIDFYL
CSAAKSDNEQFF	IELSLIDFYL
CSASGTSGGTVGETQYF	IELSLIDFYL
CASSQETIGDTEAFF	IELSLIDFYL
CSATDLSEQYF	IELSLIDFYL
CASSYSLGGKVEAFF	IELSLIDFYL
CASSRYLNTEAFF	IELSLIDFYL
CASSMTYHSNQPQHF	IELSLIDFYL
CASSLDQETQYF	IELSLIDFYL
CASNADGHSGNTIYF	IELSLIDFYL
CSARITPRTSGRDELFF	IELSLIDFYL
CSASVEISYNEQFF	IELSLIDFYL
CALGPLSLEQYF	IELSLIDFYL
CSATNEGGPDQPQHF	IELSLIDFYL
CASSLLGGDYGYTF	IELSLIDFYL
CASSLSGVAMRGSTDTQYF	IELSLIDFYL
CAIRSPGQGIYEQYF	IELSLIDFYL
CSADRGSKETQYF	IELSLIDFYL
CASRGTTGTSVLYEQYF	IELSLIDFYL
CASSQDLAIETQYF	IELSLIDFYL
CASSFGGAQVTYEQYF	IELSLIDFYL
CSNTAEASYNEQFF	IELSLIDFYL
CASSTTGIQETQYF	IELSLIDFYL
CASSGRDSPLEGIQYF	IELSLIDFYL
CSPIGTPQFF	IELSLIDFYL
CASSLSPGLAGVSTDTQYF	IELSLIDFYL
CSARDRRGASYNEQFF	IELSLIDFYL
CASRSGGPYEQYF	IELSLIDFYL
CASSDFHGGVEQYF	IELSLIDFYL
CASSLDPTETQYF	IELSLIDFYL
CASSLTGEHEKLFF	IELSLIDFYL
CASSFLREETQYF	IELSLIDFYL
CASSYGGGNQPQHF	IELSLIDFYL
CSARDYRGERGNEQFF	IELSLIDFYL
CASTPSGGGLETQYF	IELSLIDFYL
CSARQLRSYEQYF	IELSLIDFYL
CASSQQLSEAFF	IELSLIDFYL
CATSLFRTGGNEQYF	IELSLIDFYL
CSYHGHGELFF	IELSLIDFYL
CASSLGPAGGMNTEAFF	IELSLIDFYL
CSVGGQGYEQYF	IELSLIDFYL
CASSYGLRGEMNTEAFF	IELSLIDFYL
CSASRSGIRSQETQYF	IELSLIDFYL
CASSFPSGQTNTGELFF	IELSLIDFYL
CARRMDGSYNSPLHF	IELSLIDFYL
CASSSPGQAVWQPQHF	IELSLIDFYL
CASSLLGAEAFF	IELSLIDFYL
CASSPAPGSEAFF	IELSLIDFYL
CSASARDHTYNEQFF	IELSLIDFYL
CASSHQQETNTEAFF	IELSLIDFYL
CASSLEAGGRETQYF	IELSLIDFYL
CATWNPGGFSHNEQFF	IELSLIDFYL
CASSFAGGTYEQYF	IELSLIDFYL
CASSYSYSFSSERDTQYF	IELSLIDFYL
CSVPLGGPEAFF	IELSLIDFYL
CASSLAVGRNTEAFF	IELSLIDFYL
CASRWAGELFF	IELSLIDFYL
CASSSPIRTGNTEAFF	IELSLIDFYL
CSARGRTSGAPGSYEQYF	IELSLIDFYL
CASSQVVAGAPYNEQFF	IELSLIDFYL
CSVFAGELFF	IELSLIDFYL
CASRPGVYSTDTQYF	IELSLIDFYL
CASSFLAGGYNEQFF	IELSLIDFYL
CASSLGASSLISNSYEQYF	IELSLIDFYL
CASSETSPETQYF	IELSLIDFYL
CASSFGQIYGYTF	IELSLIDFYL
CARSTAGIWTGELFF	IELSLIDFYL
CSARDLASSYEQYF	IELSLIDFYL
CASSYRASGTEAFF	IELSLIDFYL
CASRGQSKDGVAYEQYF	IELSLIDFYL
CASSYPTQTLDTEAFF	IELSLIDFYL
CSARPGEVMNTEAFF	IELSLIDFYL
CASRSPQNTEAFF	IELSLIDFYL
CSGGREATDTQYF	IELSLIDFYL
CASSLEGLGQETQYF	IELSLIDFYL
CASSLSPGSAKLFF	IELSLIDFYL
CASSPDRGTSRPNEQFF	IELSLIDFYL
CAISEGQGIIQPQHF	IELSLIDFYL
CASSLWGDNEQFF	IELSLIDFYL
CASSLYSGGYSYEQYF	IELSLIDFYL
CSADERDRGETQYF	IELSLIDFYL
CASSYGLGLGEQFF	IELSLIDFYL
CARSPGQGENTGELFF	IELSLIDFYL
CASSSSYGGETQYF	IELSLIDFYL
CASSFPNTGELFF	IELSLIDFYL
CSVLSGQGASGNTIYF	IELSLIDFYL
CASRQLASLGNEQFF	IELSLIDFYL
CASRGRDRDTYEQYF	IELSLIDFYL
CASSSWETGIEQYF	IELSLIDFYL
CASTLVDSHNTEAFF	IELSLIDFYL
CSARDYRDRGYEQYF	IELSLIDFYL
CASTQSPGTANLFNEKLFF	IELSLIDFYL
CASSAGLAGGTGELFF	IELSLIDFYL
CASRPFFGSPLHF	IELSLIDFYL
CASSSTGARPLHF	IELSLIDFYL
CATSRDHGSGGYTF	IELSLIDFYL
CASSLWVGDTQYF	IELSLIDFYL
CASSHYRGDTEAFF	IELSLIDFYL
CASSQYGGTYNEQFF	IELSLIDFYL
CASRVGDEQFF	IELSLIDFYL
CASSLMLQGTSGNTIYF	IELSLIDFYL
CASSQEWVAGSYNEQFF	IELSLIDFYL
CASAQGGPYNEQFF	IELSLIDFYL
CASSRWTENTEAFF	IELSLIDFYL
CASSDYKQIPYEQYF	IELSLIDFYL
CASRGLAGGNYEQFF	IELSLIDFYL
CASSLMGSGGFTDTQYF	IELSLIDFYL
CASSPARQGWNTEAFF	IELSLIDFYL
CSASRAGDLRETQYF	IELSLIDFYL
CASSATDSYEQYF	IELSLIDFYL
CASSPQAGSYNEQFF	IELSLIDFYL
CASGVVGADEKLFF	IELSLIDFYL
CASSDLRDRVYHEQYF	IELSLIDFYL
CASSLVAGFTGELFF	IELSLIDFYL
CASSPKGVFGPGQPQHF	IELSLIDFYL
CATTGGGRAGVMNTEAFF	IELSLIDFYL
CATSRADQNIQYF	IELSLIDFYL
CASRGWMGGSVEQFF	IELSLIDFYL
CASSGRTGGAVNTEAFF	IELSLIDFYL
CSASFGGSADTQYF	IELSLIDFYL
CASNRGEPSTDTQYF	IELSLIDFYL
CASSQPENIQYF	IELSLIDFYL
CASSPIAGGQETQYF	IELSLIDFYL
CASSLLETSSGYSYEQYF	IELSLIDFYL
CSASGEFSRRSYNEQFF	IELSLIDFYL
CASSFGTVLTGANVLTF	IELSLIDFYL
CASSLFGGGIQETQYF	IELSLIDFYL
CASSLGLGSGLGGDTQYF	IELSLIDFYL
CASTTGPNTGELFF	IELSLIDFYL
CASSLVADANVEQFF	IELSLIDFYL
CASSDLPGGVYEQYF	IELSLIDFYL
CSAETRSYNEQFF	IELSLIDFYL
CASSLRGRVNNEQFF	IELSLIDFYL
CASSRGAPNQPQHF	IELSLIDFYL
CASSGSGVYNEQFF	IELSLIDFYL
CASSSLSGPTYNEQFF	IELSLIDFYL
CSATREGQHQETQYF	IELSLIDFYL
CASSYTWGDQYQETQYF	IELSLIDFYL
CASRGEGLAGGDEQFF	IELSLIDFYL
CASSLPGREQYF	IELSLIDFYL
CASRGPGQGTYEQYF	IELSLIDFYL
CATSRDLSLAVTQPQHF	IELSLIDFYL
CSARGRVDTGELFF	IELSLIDFYL
CASRTPPSTSGNTIYF	IELSLIDFYL
CSVISGTGRYEQYF	IELSLIDFYL
CASSAEGLAAPQETQYF	IELSLIDFYL
CASSYSLGPAGGHEQFF	IELSLIDFYL
CSASEPGLAGGPKDTQYF	IELSLIDFYL
CSAAQGGNEQFF	IELSLIDFYL
CASRKGSTNEKLFF	IELSLIDFYL
CSARSIVSSYEQYF	IELSLIDFYL
CASSPQTGLIYEQYF	IELSLIDFYL
CAIGLAGRIEQFF	IELSLIDFYL
CASSSWVEGTDTQYF	IELSLIDFYL
CASSSAGRTWEQYF	IELSLIDFYL
CSAGGEDPSNQPQHF	IELSLIDFYL
CSVPSGRRNEQFF	IELSLIDFYL
CASSPDHNEQFF	IELSLIDFYL
CASKAGPNYGYTF	IELSLIDFYL
CASSYGGRGVQPQHF	IELSLIDFYL
CASSLIVTGTVEGKYEQYF	IELSLIDFYL
CASSEGLSYEQYF	IELSLIDFYL
CASTYRNLNEKLFF	IELSLIDFYL
CSASLVGRREGRGTDTQYF	IELSLIDFYL
CASSPYSNQPQHF	IELSLIDFYL
CAIGGSNTGELFF	IELSLIDFYL
CASRQRQGMTNEKLFF	IELSLIDFYL
CASSSNGQGLNTEAFF	IELSLIDFYL
CASSIWAGGPSSGEQFF	IELSLIDFYL
CASSPYTGGTGELFF	IELSLIDFYL
CASSQDLAVGKDQPQHF	IELSLIDFYL
CASSEAGNPGNTIYF	IELSLIDFYL
CASSLPPPSGSGNTDTQYF	IELSLIDFYL
CSASGDYYHGYTF	IELSLIDFYL
CASSLATGGQGYTF	IELSLIDFYL
CASSFSIQDTEAFF	IELSLIDFYL
CASSQALTNYGYTF	IELSLIDFYL
CSARGTGGQYNEQFF	IELSLIDFYL
CASRGDRGELYGYTF	IELSLIDFYL
CASSFSPGDRPNNEQFF	IELSLIDFYL
CASSPTLGANVLTF	IELSLIDFYL
CASSQEVTSGSNNEQFF	IELSLIDFYL
CASSEVGGGPYEQYF	IELSLIDFYL
CASSLVGGSESGANVLTF	IELSLIDFYL
CASSPVGAESEQYF	IELSLIDFYL
CASSWGDPSSNQPQHF	IELSLIDFYL
CASSLFGAGMNTEAFF	IELSLIDFYL
CASSINEQYF	IELSLIDFYL
CSADLGASRYNEQFF	IELSLIDFYL
CASSTTLAGITYEQFF	IELSLIDFYL
CASSITGGGSGYTF	IELSLIDFYL
CAISESPALQETQYF	IELSLIDFYL
CSATDRQSNEQFF	IELSLIDFYL
CASSPQGNYGYTF	IELSLIDFYL
CASSKAPEQYF	IELSLIDFYL
CASSLDDSGANVLTF	IELSLIDFYL
CASTPGDYEQYF	IELSLIDFYL
CASSVPTGGVTGELFF	IELSLIDFYL
CASSQGGYEQYF	IELSLIDFYL
CASSLGPKPYGYTF	IELSLIDFYL
CSASRLADNEQFF	IELSLIDFYL
CASSSPTVGKFNYGYTF	IELSLIDFYL
CASSLSGTGGVYEQYF	IELSLIDFYL
CSVVGTLEQYF	IELSLIDFYL
CSVNGVSGSSYNEQFF	IELSLIDFYL
CASGGQGTAGELFF	IELSLIDFYL
CSASDVDNEQFF	IELSLIDFYL
CSAGTMDNEQFF	IELSLIDFYL
CASSGRNSSYNEQFF	IELSLIDFYL
CASSLVAGGGDTQYF	IELSLIDFYL
CASSSQGLFEAFF	IELSLIDFYL
CASSQDEAGEAFF	IELSLIDFYL
CSASDGGGGNEQFF	IELSLIDFYL
CASSRQGNQPQHF	IELSLIDFYL
CASSQLAGGPNEQFF	IELSLIDFYL
CASSYPPGQFGADTQYF	IELSLIDFYL
CASTDYNEQFF	IELSLIDFYL
CASSPTWTGDTEAFF	IELSLIDFYL
CASSLAGTYNEQFF	IELSLIDFYL
CASSSGTGYEQYF	IELSLIDFYL
CASSGDRTSYEQYF	IELSLIDFYL
CASSAGTGAGYNEQFF	IELSLIDFYL
CASSHGTDLYEQYF	IELSLIDFYL
CAISEGSGGAIITDTQYF	IELSLIDFYL
CAIGGRETQYF	IELSLIDFYL
CASSKGTDSRNTEAFF	IELSLIDFYL
CSARDVLSYEQYF	IELSLIDFYL
CASSLREGYNEQFF	IELSLIDFYL
CASSRTGTDSSGANVLTF	IELSLIDFYL
CASSSPGGAQETQYF	IELSLIDFYL
CSASGSYNEQFF	IELSLIDFYL
CSASAESSYNEQFF	IELSLIDFYL
CASSLVMNTEAFF	IELSLIDFYL
CASSHRQGSDTEAFF	IELSLIDFYL
CASSPGAGPLEQYF	IELSLIDFYL
CASSFGRAGEDQPQHF	IELSLIDFYL
CASSSWGAEDEQFF	IELSLIDFYL
CAISDVQGGDYGYTF	IELSLIDFYL
CASSLISGVSNQPQHF	IELSLIDFYL
CASSLGLAENEQFF	IELSLIDFYL
CASSLGGSTEAFF	IELSLIDFYL
CSATAGTRDEQFF	IELSLIDFYL
CANQGQANTGELFF	IELSLIDFYL
CASSPTGAEAFF	IELSLIDFYL
CASSEGLAEETQYF	IELSLIDFYL
CSATRDTQETQYF	IELSLIDFYL
CASRGRDRDTYEQYF	IELSLIDFYL
CASSPTTGGSTIYF	IELSLIDFYL
CSATPRDSEETQYF	IELSLIDFYL
CASSPKGGPFDEQFF	IELSLIDFYL
CASDGTSDRAGEQFF	IELSLIDFYL
CASSLGGEQYF	IELSLIDFYL
CSARDDFVGPNTEAFF	IELSLIDFYL
CASRGLAGKHYEQYF	IELSLIDFYL
CASTQRQGLSSYNSPLHF	IELSLIDFYL
CASSTGIGQPQHF	IELSLIDFYL
CATSDLPGELFF	IELSLIDFYL
CASSQDGAYPDGELFF	IELSLIDFYL
CASSPGGELYEQYF	IELSLIDFYL
CSAREGKSSYEQYF	IELSLIDFYL
CSASGQDRGFKGRETQYF	IELSLIDFYL
CASSRWTGGLNTEAFF	IELSLIDFYL
CASSDAAGLNEQFF	IELSLIDFYL
CASSLETAQGEQYF	IELSLIDFYL
CASSTQGQNTEAFF	IELSLIDFYL
CASSPNLGVWNEQFF	IELSLIDFYL
CSAQVQGRGNEQYF	IELSLIDFYL
CASAMGVHQPQHF	IELSLIDFYL
CASSLGGDTYEQYF	IELSLIDFYL
CASNGIGGGVYEQYF	IELSLIDFYL
CASSTGLLRYTGELFF	IELSLIDFYL
CASSSDSNSPLHF	IELSLIDFYL
CASSEGTGELFF	IELSLIDFYL
CASSQSTPRSYNEQFF	IELSLIDFYL
CASSECPWRETQYF	IELSLIDFYL
CSAPILLHEETEAFF	IELSLIDFYL
CSARGTSGAYNEQFF	IELSLIDFYL
CASSEYSNRANTEAFF	IELSLIDFYL
CASSHLAGGGNEQFF	IELSLIDFYL
CASRNTPGEQFF	IELSLIDFYL
CASSWPGGGTYEQYF	IELSLIDFYL
CASSLEGGLVGTNEQFF	IELSLIDFYL
CASSLDGSSYNEQFF	IELSLIDFYL
CASSLSSGGYNEQFF	IELSLIDFYL
CASIPEPGHYDFTGELFF	IELSLIDFYL
CASINIGSGLNEKLFF	IELSLIDFYL
CSATTAKETQYF	IELSLIDFYL
CASSLPRRTTDTQYF	IELSLIDFYL
CACRAGEAYEQYF	IELSLIDFYL
CSAPGGVSPYEQYF	IELSLIDFYL
CASSIFLWDTQYF	IELSLIDFYL
CASSIGRLAGVEQFF	IELSLIDFYL
CASNSGTFYEQYF	IELSLIDFYL
CSATDNYNEQFF	IELSLIDFYL
CASRGLRGAGGPSYEQYF	IELSLIDFYL
CASSYLGGNTEAFF	IELSLIDFYL
CASSSLGGYEQYF	IELSLIDFYL
CASSLVMGLINYGYTF	IELSLIDFYL
CSASSGTAPYEQYF	IELSLIDFYL
CASSLPSYRDGYTF	IELSLIDFYL
CASSVGSGDPRNQETQYF	IELSLIDFYL
CSATLLGYEQYF	IELSLIDFYL
CASSYGGGNYNEQFF	IELSLIDFYL
CSASREGVNEQFF	IELSLIDFYL
CASSIFLNTEAFF	IELSLIDFYL
CSASSTGVETQYF	IELSLIDFYL
CASSFGFDEQFF	IELSLIDFYL
CASSQLADEQFF	IELSLIDFYL
CASRGRGGSSYEQYF	IELSLIDFYL
CSAPWGTGGTEAFF	IELSLIDFYL
CASSQSPPGQGGEKLFF	IELSLIDFYL
CASSLGTGGYEQYF	IELSLIDFYL
CASSFRNGYGYTF	IELSLIDFYL
CAITTEAGLEPYEQYF	IELSLIDFYL
CSVVLLHQGQGVYGYTF	IELSLIDFYL
CSANKGFGTDTQYF	IELSLIDFYL
CASSPPGANSPLHF	IELSLIDFYL
CSASPAGAKMVEYF	IELSLIDFYL
CASVIGTPYEQYF	IELSLIDFYL
CASSLFSYEAFF	IELSLIDFYL
CASSSTAVGEKLFF	IELSLIDFYL
CASKETSSYNEQFF	IELSLIDFYL
CASRTGGYEQYF	IELSLIDFYL
CASSLGGWAEAFF	IELSLIDFYL
CASSLAGGATNEKLFF	IELSLIDFYL
CASSLIGQLSNQPQHF	IELSLIDFYL
CASSGLAVDEQFF	IELSLIDFYL
CASRPQGQGGYEQYF	IELSLIDFYL
CASSFPGGEQYF	IELSLIDFYL
CSVATETQYF	IELSLIDFYL
CASTRRVSGANVLTF	IELSLIDFYL
CASSTLAGTGELFF	IELSLIDFYL
CASSPLLAGRSDTQYF	IELSLIDFYL
CSAYQGALDYGYTF	IELSLIDFYL
CSADSGEETQYF	IELSLIDFYL
CATSSTSGQIASTDTQYF	IELSLIDFYL
CASSRGEGTDTQYF	IELSLIDFYL
CASSRGQTQETQYF	IELSLIDFYL
CASSVDRGGVLSNQPQHF	IELSLIDFYL
CASSIGTGPYEQYF	IELSLIDFYL
CASSLTLRDTDYNEQFF	IELSLIDFYL
CASSSGTAISDEQFF	IELSLIDFYL
CSAPAGPLYEQYF	IELSLIDFYL
CSASFPLRSQETQYF	IELSLIDFYL
CSATGAGETQYF	IELSLIDFYL
CASSSMPQGPHTF	IELSLIDFYL
CASSSRDASSYNEQFF	IELSLIDFYL
CSVTGNTEAFF	IELSLIDFYL
CSASLTSGEETQYF	IELSLIDFYL
CASSLAQVYNSPLHF	IELSLIDFYL
CASSAYLNTEAFF	IELSLIDFYL
CSASDIGETQYF	IELSLIDFYL
CSADMEGLTSGGNNEQFF	IELSLIDFYL
CASSQDVPGTGNQPQHF	IELSLIDFYL
CASSEGLHHSYEQYF	IELSLIDFYL
CASSEWGSSSYNEQFF	IELSLIDFYL
CASSFTAMGEQYF	IELSLIDFYL
CASSYTSGSTDTQYF	IELSLIDFYL
CASSLGWAGNTEAFF	IELSLIDFYL
CSASGLAGQETQYF	IELSLIDFYL
CASSLSGANTGELFF	IELSLIDFYL
CASSEAPNTGELFF	IELSLIDFYL
CASSGSVIRVQETQYF	IELSLIDFYL
CASSLGGDSYEQYF	IELSLIDFYL
CASSRPGAGIEAFF	IELSLIDFYL
CASSLYSTNTGELFF	IELSLIDFYL
CASSFAGTEETQYF	IELSLIDFYL
CASSTRQGWTDTQYF	IELSLIDFYL
CASSWAAASYEQYF	IELSLIDFYL
CSAVGNRGFYEQYF	IELSLIDFYL
CSATDRVDISTEAFF	IELSLIDFYL
CASSAAGDEQFF	IELSLIDFYL
CASSVAVGEEQFF	IELSLIDFYL
CASSGRRQGPNEKLFF	IELSLIDFYL
CASSIQGGTDTQYF	IELSLIDFYL
CSARDQVQGDNEQFF	IELSLIDFYL
CASNTQGPGELFF	IELSLIDFYL
CASSLGSTSGLREDEQFF	IELSLIDFYL
CASRSFGELFF	IELSLIDFYL
CSVIPGLAGVTDSYNEQFF	IELSLIDFYL
CASSAPGLGGTATYF	IELSLIDFYL
CASSVPDGIETQYF	IELSLIDFYL
CASSLGGVEQYF	IELSLIDFYL
CASSLEVQDRASGHGRETQYF	IELSLIDFYL
CASSEPGLAGEQYF	IELSLIDFYL
CASSEVDSGYTF	IELSLIDFYL
CASSWGDRATYEQYF	IELSLIDFYL
CATSVADYNEQFF	IELSLIDFYL
CASSQVPAGEYEQYF	IELSLIDFYL
CASSRDGTGELFF	IELSLIDFYL
CASSLGWAVNTEAFF	IELSLIDFYL
CASSPREGSYNEQFF	IELSLIDFYL
CASSYSMGRGSPLHF	IELSLIDFYL
CSANRDNNEQFF	IELSLIDFYL
CASEGAYNSPLHF	IELSLIDFYL
CSLGGQGYEQYF	IELSLIDFYL
CASSPGLVKFF	IELSLIDFYL
CASSEWDSGSSYNEQFF	IELSLIDFYL
CASSQKGAGTHDYEQYF	IELSLIDFYL
CSASLSLGRWETQYF	IELSLIDFYL
CASRGLAGGTTYEQYF	IELSLIDFYL
CAISEEGSGGVRDEQFF	IELSLIDFYL
CASSQSGVAGELFF	IELSLIDFYL
CSARDRTLAGGTDTQYF	IELSLIDFYL
CASRGGGLAGNYEQYF	IELSLIDFYL
CASSPLGTSEQYF	IELSLIDFYL
CASRGTRVGEYSYEQYF	IELSLIDFYL
CASSEGPGAYEQYF	IELSLIDFYL
CASSEGSRVSNTEAFF	IELSLIDFYL
CSASLAGLEQFF	IELSLIDFYL
CASSQDRLAGGLSYEQYF	IELSLIDFYL
CASSQGHSSYEQYF	IELSLIDFYL
CASSETGNEQFF	IELSLIDFYL
CASSQDRYATGLGQYF	IELSLIDFYL
CSVGGAPYEQYF	IELSLIDFYL
CASSAGTEQYF	IELSLIDFYL
CSADIAGAAYEQYF	IELSLIDFYL
CASSFEITLKQGYTF	IELSLIDFYL
CAWSGSTSYNEQFF	IELSLIDFYL
CASSPGGLATDTQYF	IELSLIDFYL
CSARGGRMSAYEQYF	IELSLIDFYL
CASSWVTGENQPQHF	IELSLIDFYL
CACRTATSPGEYGYTF	IELSLIDFYL
CSAGGTGAGQYF	IELSLIDFYL
CASSARSDGQPEQYF	IELSLIDFYL
CATSSTTGPRQFGQYF	IELSLIDFYL
CASSSVGPGEQYF	IELSLIDFYL
CSAEAETSGIRNEQFF	IELSLIDFYL
CASSTLAGGPNEQFF	IELSLIDFYL
CASSVLAGGSNEQFF	IELSLIDFYL
CASSFSNEQFF	IELSLIDFYL
CASSEVGTEAFF	IELSLIDFYL
CASSGGQPSNQPQHF	IELSLIDFYL
CATSRERQTKTDTQYF	IELSLIDFYL
CSAVPPGTSGRINEQFF	IELSLIDFYL
CASSQDQREGQYEQYF	IELSLIDFYL
CASSLGTSAASSYEQYF	IELSLIDFYL
CAISEFSSRAPNYGYTF	IELSLIDFYL
CATSDPGQVDQPQHF	IELSLIDFYL
CASSLGEDPNSKF	IELSLIDFYL
CSASSFGLAGGRVETQYF	IELSLIDFYL
CASSLLRISGRAGAKNIQYF	IELSLIDFYL
CASRISPNTGELFF	IELSLIDFYL
CSEDSIGDTQYF	IELSLIDFYL
CASRGMGLNRGAYEQYF	IELSLIDFYL
CASSPQGLAGGSEQFF	IELSLIDFYL
CSARPDRDYGYTF	IELSLIDFYL
CASSIQGSTDTQYF	IELSLIDFYL
CASAGQVTDTQYF	IELSLIDFYL
CSVVFKGGYTF	IELSLIDFYL
CASSLDSGYEQYF	IELSLIDFYL
CASSSISGRAPNEQFF	IELSLIDFYL
CASSGPEGGGTQYF	IELSLIDFYL
CASSLPGEAFF	IELSLIDFYL
CSASGTGVSETQYF	IELSLIDFYL
CASSSAGGGELFF	IELSLIDFYL
CARETTWDSNIWCLNEKLFF	IELSLIDFYL
CSARDPVLAGTQAYNEQFF	IELSLIDFYL
CASSSPGQWRDGYTF	IELSLIDFYL
CASSGGWTTEAFF	IELSLIDFYL
CSVADPGVGVGLFF	IELSLIDFYL
CASSEVGVLSYNEQFF	IELSLIDFYL
CSARDMRGHEQYF	IELSLIDFYL
CASSPQGNTGELFF	IELSLIDFYL
CASRGLAEDQGVYEQYF	IELSLIDFYL
CSASGSGETQYF	IELSLIDFYL
CSARRREDSYEQYF	IELSLIDFYL
CASSHGAIGLWANVLTF	IELSLIDFYL
CASSLFSSGTGELFF	IELSLIDFYL
CASSLYWETGDQPQHF	IELSLIDFYL
CASSTPPTSGSSYNEQFF	IELSLIDFYL
CATSRGGGAVDNEQFF	IELSLIDFYL
CASSRTWGTEAFF	IELSLIDFYL
CASRPDSSLFAGANVLTF	IELSLIDFYL
CASSPGTGGVQETQYF	IELSLIDFYL
CSATPSSEVYGYTF	IELSLIDFYL
CVLLERNTGELFF	IELSLIDFYL
CASSSQAGLPNEQFF	IELSLIDFYL
CAISDGGASTDTQYF	IELSLIDFYL
CASSLEWVRVGETQYF	IELSLIDFYL
CASSYSAAAYEQYF	IELSLIDFYL
CSASGQRYQETQYF	IELSLIDFYL
CATSSSTGTSGRTDTQYF	IELSLIDFYL
CASSYYGTGELFF	IELSLIDFYL
CASSRDMDPYEQYF	IELSLIDFYL
CASEQSSYNEQFF	IELSLIDFYL
CASSLDRGPNTEAFF	IELSLIDFYL
CASSAYEQYF	IELSLIDFYL
CASSEWGLTGGEYTGELFF	IELSLIDFYL
CSADRLAGGKETQYF	IELSLIDFYL
CSASREVHYEQYF	IELSLIDFYL
CATSRWTVAGDSTGELFF	IELSLIDFYL
CASISTGRGGETQYF	IELSLIDFYL
CASSDGLPWETQYF	IELSLIDFYL
CSASRAGVSQETQYF	IELSLIDFYL
CASSGGTVGELFF	IELSLIDFYL
CASSQQEGLAGTDTQYF	IELSLIDFYL
CASSSNTGELFF	IELSLIDFYL
CASSQEGGYNEQFF	IELSLIDFYL
CSATGTESLEQYF	IELSLIDFYL
CSASSGVEETQYF	IELSLIDFYL
CSAFGGPGQGTFQYF	IELSLIDFYL
CASSVDPRTDLYYEQYF	IELSLIDFYL
CSATSMNTEAFF	IELSLIDFYL
CASSLPSHHEGELFF	IELSLIDFYL
CATSRLADYNEQFF	IELSLIDFYL
CASSRDSPEQYF	IELSLIDFYL
CASSLASYEQYF	IELSLIDFYL
CASSKVPPVPIYNEQFF	IELSLIDFYL
CASSFNYGYTF	IELSLIDFYL
CASSAFTGTDTQYF	IELSLIDFYL
CASSGAINQPQHF	IELSLIDFYL
CATSDLQGRMHQPQHF	IELSLIDFYL
CASSQGNGLINEQFF	IELSLIDFYL
CASSLAVAENTEAFF	IELSLIDFYL
CASSRTARMESSYEQYF	IELSLIDFYL
CSVEMGERGGTDTQYF	IELSLIDFYL
CSASVVRDEQFF	IELSLIDFYL
CSASFERGSSYNEQFF	IELSLIDFYL
CASSLVRPGNTGELFF	IELSLIDFYL
CASSFPWGGGEPEAFF	IELSLIDFYL
CASSRAGLAGGDTQYF	IELSLIDFYL
CASSLGVLAAGQETQYF	IELSLIDFYL
CASSPLSGSDPYEQYF	IELSLIDFYL
CASSPTGSGTRDYEQYF	IELSLIDFYL
CSASTEATEAFF	IELSLIDFYL
CASSLAASPLSYNEQFF	IELSLIDFYL
CASQTGVGYTF	IELSLIDFYL
CASSSWREGTQYF	IELSLIDFYL
CASSSPGGGFLLETQYF	IELSLIDFYL
CASSQDFQGPGGAFF	IELSLIDFYL
CSASGEVGDEQFF	IELSLIDFYL
CAWSVEVSEQYF	IELSLIDFYL
CASSPGLGGANVLTF	IELSLIDFYL
CATGLAGGQAEQYF	IELSLIDFYL
CASSQSTPRSYNEQFF	IELSLIDFYL
CASSNEAYNEQFF	IELSLIDFYL
CASSYTLGHNTEAFF	IELSLIDFYL
CASSAFPIGPSYNEQFF	IELSLIDFYL
CSASIQGWGETQYF	IELSLIDFYL
CSADASGRSEQYF	IELSLIDFYL
CASSLEGYTEAFF	IELSLIDFYL
CASSRSGALTDTQYF	IELSLIDFYL
CSVTLTVNNEQFF	IELSLIDFYL
CSASVEVGQETQYF	IELSLIDFYL
CASSKSGTGPYYEQFF	IELSLIDFYL
CSADRVSYEQYF	IELSLIDFYL
CSSDRGAEQFF	IELSLIDFYL
CSASGVPSSYEQYF	IELSLIDFYL
CASSLKFSAGPNTGELFF	IELSLIDFYL
CSVEMGQGNYGYTF	IELSLIDFYL
CASSDRQGGIYRAFF	IELSLIDFYL
CATSFGTVNTDTQYF	IELSLIDFYL
CAGEKRELGEQFF	IELSLIDFYL
CSARDGEQGDNEQFF	IELSLIDFYL
CASSPEVTHYEQYF	IELSLIDFYL
CAWSVQAAEQYF	IELSLIDFYL
CATSTADGREGSTDTQYF	IELSLIDFYL
CSARERGSSYEQYF	IELSLIDFYL
CASRGWDRAYDTYEQYF	IELSLIDFYL
CASSPRGTSGRDDYEQYF	IELSLIDFYL
CASSLDVRAGANVLTF	IELSLIDFYL
CSATLTSYEQYF	IELSLIDFYL
CASSLATSGGPGDEQFF	IELSLIDFYL
CASIGGTEHSF	IELSLIDFYL
CATSAGGEPQHF	IELSLIDFYL
CASSEDPAGSNTNQPQHF	IELSLIDFYL
CASTLMTGGETQYF	IELSLIDFYL
CASSLVGGFTEAFF	IELSLIDFYL
CASSQSRWEPSTDTQYF	IELSLIDFYL
CASSLRGTGWVQETQYF	IELSLIDFYL
CASSMAGGGDTQYF	IELSLIDFYL
CASPSSRGDGNTIYF	IELSLIDFYL
CASSEVGNTIYF	IELSLIDFYL
CSVVVERGYTQYF	IELSLIDFYL
CSASGQGDEQYF	IELSLIDFYL
CASSQEYTEFYGYTF	IELSLIDFYL
CSARDLGRGSNEQFF	IELSLIDFYL
CASSEGAARIYEQYF	IELSLIDFYL
CASSNKAGGPTDTQYF	IELSLIDFYL
CSVELSGETQYF	IELSLIDFYL
CASSTEMQETQYF	IELSLIDFYL
CASSALAGASNEQFF	IELSLIDFYL
CASRSLAGTFYEQYF	IELSLIDFYL
CASSLYSGSYYEQFF	IELSLIDFYL
CAISEDRGISLHF	IELSLIDFYL
CASSVVLAEDTQYF	IELSLIDFYL
CASSATGTGGDTQYF	IELSLIDFYL
CSARSSEGQFVGGTEAFF	IELSLIDFYL
CATRGPLKGGGVHEQFF	IELSLIDFYL
CSVEGGAFYEQYF	IELSLIDFYL
CASSGSLDEQFF	IELSLIDFYL
CSAPLGTVTWDTQYF	IELSLIDFYL
CSASWTSGGQETQYF	IELSLIDFYL
CASSFDRGYEQYF	IELSLIDFYL
CATSQAGGAWGEQFF	IELSLIDFYL
CASSFGTDYGYTF	IELSLIDFYL
CSIFGAGVSYEQYF	IELSLIDFYL
CASSLVLAGGHYNEQFF	IELSLIDFYL
CASSLSSGSLYDEQFF	IELSLIDFYL
CSAIGTRVFSYTF	IELSLIDFYL
CASSFRTGRLPSYEQYF	IELSLIDFYL
CSAAGSSYEQYF	IELSLIDFYL
CSANTGTGGYEQYF	IELSLIDFYL
CSADRAGGNEQFF	IELSLIDFYL
CSAGDSGSSYNEQFF	IELSLIDFYL
CASSDWANYGYTF	IELSLIDFYL
CSASPGGSSYNEQFF	IELSLIDFYL
CASSVDQGGYYGYTF	IELSLIDFYL
CAWIGTGRANEKLFF	IELSLIDFYL
CASSEPGNGYTF	IELSLIDFYL
CSAPDTNIQYF	IELSLIDFYL
CASSLRGAFF	IELSLIDFYL
CSASKEGYEQYF	IELSLIDFYL
CASRFWVDTQYF	IELSLIDFYL
CASSFQNQETQYF	IELSLIDFYL
CSASSSNNEQFF	IELSLIDFYL
CASSFLGRFNSPLHF	IELSLIDFYL
CASSEQGSGNQPQHF	IELSLIDFYL
CASSPTVGTLYNEQFF	IELSLIDFYL
CASSLRGQGIDQPQHF	IELSLIDFYL
CATSRVGGPEEQYF	IELSLIDFYL
CSASSVNTEAFF	IELSLIDFYL
CASSWGGVNTEAFF	IELSLIDFYL
CSVVKSFNEAFF	IELSLIDFYL
CSASLLGEEQYF	IELSLIDFYL
CSVPGSGAYGYTF	IELSLIDFYL
CASRRIAGGPYEQFF	IELSLIDFYL
CASSLVAGGPTGELFF	IELSLIDFYL
CSAGAEGRYEQYF	IELSLIDFYL
CASSPTGRKGSYEQYF	IELSLIDFYL
CASSLSSGGYEQYF	IELSLIDFYL
CASSQGRLPGNTIYF	IELSLIDFYL
CSANRAVFEETQYF	IELSLIDFYL
CASSLRGEKLFF	IELSLIDFYL
CASSEFLWGQPQHF	IELSLIDFYL
CASSPPQVLTGEQYF	IELSLIDFYL
CATSDYGTGSGANVLTF	IELSLIDFYL
CASSRTSPTEAFF	IELSLIDFYL
CASSATADEQYF	IELSLIDFYL
CASSVGIGTEAFF	IELSLIDFYL
CSAGDSQETQYF	IELSLIDFYL
CSASINDRGRWETQYF	IELSLIDFYL
CASSWGYRGGDTEAFF	IELSLIDFYL
CASSILPSYEQYF	IELSLIDFYL
CASSIYAGNEQYF	IELSLIDFYL
CSASSTFDQETQYF	IELSLIDFYL
CASSPGPPGELFF	IELSLIDFYL
CSAHPGGLTAKNIQYF	IELSLIDFYL
CASSLGLAGERYEQYF	IELSLIDFYL
CSVRDQTGELFF	IELSLIDFYL
CGVGESSYEQYF	IELSLIDFYL
CASSLWVNEKLFF	IELSLIDFYL
CASSQEVSRGVYNTGELFF	IELSLIDFYL
CSASEEDNQETQYF	IELSLIDFYL
CASSLWPGYEQYF	IELSLIDFYL
CASSLGTGHNYYGYTF	IELSLIDFYL
CASSYSLAGQGRTEAFF	IELSLIDFYL
CSANGLADSYEQYF	IELSLIDFYL
CASSPSGPSYEQYF	IELSLIDFYL
CASRGLAGGSYEQYF	IELSLIDFYL
CASRNRDRGNANYGYTF	IELSLIDFYL
CASSFKGTYGYTF	IELSLIDFYL
CASSHWPGQGTYEQYF	IELSLIDFYL
CASRTGVEQFF	IELSLIDFYL
CSADNPGTGYNEQFF	IELSLIDFYL
CASRGLGQGTYEQYF	IELSLIDFYL
CASSSGQGLAEAFF	IELSLIDFYL
CASSQLAGGHNEQFF	IELSLIDFYL
CSALGTSGGTDTQYF	IELSLIDFYL
CASSVTRLANTYEQYF	IELSLIDFYL
CSAGDSGETQYF	IELSLIDFYL
CASSAGGQGLYEQYF	IELSLIDFYL
CSARGIDSRVITYEQYF	IELSLIDFYL
CASSFIPGGNTEAFF	IELSLIDFYL
CSARGLADSYEQYF	IELSLIDFYL
CASGRQGDFETQYF	IELSLIDFYL
CASSRRGQGIAEAFF	IELSLIDFYL
CASSGPGQGVGANEKLFF	IELSLIDFYL
CASSGRQTGQIYGYTF	IELSLIDFYL
CASSPLAGGTGELFF	IELSLIDFYL
CSAQGQGDNEQFF	IELSLIDFYL
CSASRGDWRTDTQYF	IELSLIDFYL
CAWNSNTGELFF	IELSLIDFYL
CSAELEISGELFF	IELSLIDFYL
CASSQGQGGYEQYF	IELSLIDFYL
CSASGLAGVGETQYF	IELSLIDFYL
CATSLSGGLNYNEQFF	IELSLIDFYL
CASSLGVVYQPQHF	IELSLIDFYL
CASSFGTGDVPQHF	IELSLIDFYL
CASSLTGLQETQYF	IELSLIDFYL
CASSPYADRALSNQPQHF	IELSLIDFYL
CSASVSAYNEQFF	IELSLIDFYL
CASSLVQGAYNEQFF	IELSLIDFYL
CSAVGTGVFDGYTF	IELSLIDFYL
CATSIDRGWGYEQYF	IELSLIDFYL
CASSQEELRGGGDTQYF	IELSLIDFYL
CSAIPFGDNEQFF	IELSLIDFYL
CSAPKPFTYNEQFF	IELSLIDFYL
CASSLSGNEQFF	IELSLIDFYL
CASSQTGTEQFF	IELSLIDFYL
CASSQDTDGQVTGELFF	IELSLIDFYL
CATSTLGGPTSGRTSTDTQYF	IELSLIDFYL
CSATGLAVEETQYF	IELSLIDFYL
CSAQTIQGGEDTQYF	IELSLIDFYL
CASSRLAGGYNEQFF	IELSLIDFYL
CASSLVEGNYGYTF	IELSLIDFYL
CASSQDNPSRETQYF	IELSLIDFYL
CASSDGPGEFF	IELSLIDFYL
CASSLGIGWPQHF	IELSLIDFYL
CASSLNRHPGLAGGLQETQYF	IELSLIDFYL
CASSSRQDLAEAFF	IELSLIDFYL
CASREQGADTGELFF	IELSLIDFYL
CASSFPAGPTTDTQYF	IELSLIDFYL
CASRGLAGGRYEQYF	IELSLIDFYL
CASSQLAGGPNEQFF	IELSLIDFYL
CASSSGPNYGYTF	IELSLIDFYL
CASSVTANYGYTF	IELSLIDFYL
CASNLRLTGNSPLHF	IELSLIDFYL
CASSSLDLTGELFF	IELSLIDFYL
CASSYTGTDYGYTF	IELSLIDFYL
CASSPHSDSYNEQFF	IELSLIDFYL
CASSYSPGSSGTSYNEQFF	IELSLIDFYL
CASSRLAELFGPTEAFF	IELSLIDFYL
CASSSSPAMDQPQHF	IELSLIDFYL
CSADRGGAADTQYF	IELSLIDFYL
CASSWPGVRTNTGELFF	IELSLIDFYL
CSARGVRDSYEQYF	IELSLIDFYL
CASSLYRGYEQYF	IELSLIDFYL
CSARGLADSYEQYF	IELSLIDFYL
CASSGEGQVQFF	IELSLIDFYL
CASSPYLNSPLHF	IELSLIDFYL
CASRGRETGLANYGYTF	IELSLIDFYL
CASSLGQVYF	IELSLIDFYL
CSVFPGPLGSGEQYF	IELSLIDFYL
CSVVRFSVTGENTEAFF	IELSLIDFYL
CSARGATRGGAGETQYF	IELSLIDFYL
CASSLAIAGVPYNEQFF	IELSLIDFYL
CASAWTSGAYEQYF	IELSLIDFYL
CASSPYLNQPQHF	IELSLIDFYL
CASSTHGSDTQYF	IELSLIDFYL
CASSQSSGRAFNEQFF	IELSLIDFYL
CASSLTTNTEAFF	IELSLIDFYL
CASSPSGVETQYF	IELSLIDFYL
CASRGGGSYEQYF	IELSLIDFYL
CASKDILYEQYF	IELSLIDFYL
CSAALEVAYNEQFF	IELSLIDFYL
CSADQEGSETQYF	IELSLIDFYL
CASSLSGQGYDEQYF	IELSLIDFYL
CASSLRQVQERAPYEQYF	IELSLIDFYL
CASSPDLREKLFF	IELSLIDFYL
CASSPSIEGAGTDTQYF	IELSLIDFYL
CSAGGTGGNEQFF	IELSLIDFYL
CASSPGAAAEAFF	IELSLIDFYL
CASGSDTGELFF	IELSLIDFYL
CSASSRSFYEQYF	IELSLIDFYL
CASRGAVAGGYEQYF	IELSLIDFYL
CSVEGDRAHEQYF	IELSLIDFYL
CSAGAESETQYF	IELSLIDFYL
CASSVVGSSYEQYF	IELSLIDFYL
CASTMVLTPDTQYF	IELSLIDFYL
CSATGLAGDETQYF	IELSLIDFYL
CSAIQVLEDYGYTF	IELSLIDFYL
CATSRDAGTDTQYF	IELSLIDFYL
CASTYLRTGGGEQFF	IELSLIDFYL
CASSFPGGGWTEAFF	IELSLIDFYL
CASSRDRGYEQYF	IELSLIDFYL
CASIHRDTGMEQYF	IELSLIDFYL
CAISEGTITDTQYF	IELSLIDFYL
CASSLSGSGISYEQYF	IELSLIDFYL
CASNRGEGTDTQYF	IELSLIDFYL
CASSLTSGGTTDTQYF	IELSLIDFYL
CASSQNRGFNYGYTF	IELSLIDFYL
CSASMLGRAQETQYF	IELSLIDFYL
CASSNIAGTGDEAFF	IELSLIDFYL
CASSQGARSTEAFF	IELSLIDFYL
CASTPASGRLYNEQFF	IELSLIDFYL
CASSLPRGQADPKQYF	IELSLIDFYL
CATSDSRNSGNTIYF	IELSLIDFYL
CASSDFNEQFF	IELSLIDFYL
CSASWTQDQETQYF	IELSLIDFYL
CASSYSYEQYF	IELSLIDFYL
CASSLVGNYEQYF	IELSLIDFYL
CSVRATSGWDNEQFF	IELSLIDFYL
CASSFPPGKGSEQYF	IELSLIDFYL
CSVDGYTF	IELSLIDFYL
CASSPGPSGIFYEQYF	IELSLIDFYL
CASSQPGQGVIQPQHF	IELSLIDFYL
CASSQTGDNEQFF	IELSLIDFYL
CARGGTQYF	IELSLIDFYL
CSVEDSQGADFNYGYTF	IELSLIDFYL
CASSLGPGQSYEQYF	IELSLIDFYL
CASSTTWGEGRNQPQHF	IELSLIDFYL
CASSRTSGSRNEQFF	IELSLIDFYL
CASSEGAGRSGYTF	IELSLIDFYL
CASRGRGAVLSPLHF	IELSLIDFYL
CASSYGVGSSYNEQFF	IELSLIDFYL
CSARSVRDSYEQYF	IELSLIDFYL
CASSHYQGDGYGYTF	IELSLIDFYL
CASSWTGPQETQYF	IELSLIDFYL
CSASTGTANYEQYF	IELSLIDFYL
CASSQDLTEAFF	IELSLIDFYL
CASSRDRGYEQYF	IELSLIDFYL
CSASQTSRAQETQYF	IELSLIDFYL
CASSVIGGALETQYF	IELSLIDFYL
CASSYSLGEGTEAFF	IELSLIDFYL
CASSPQPGGPFYEQYF	IELSLIDFYL
CASSQSGESTDTQYF	IELSLIDFYL
CASSWEGNWKGYEQYF	IELSLIDFYL
CASSSTGWDEKLFF	IELSLIDFYL
CASSPLAGGDNEQFF	IELSLIDFYL
CATSDPRGEMGTGELFF	IELSLIDFYL
CASSQGGGLAETQYF	IELSLIDFYL
CASSTGLLYGYTF	IELSLIDFYL
CASSIFGGDQPQHF	IELSLIDFYL
CASSQEDHYGYTF	IELSLIDFYL
CASSVEVHYYEQYF	IELSLIDFYL
CASSQVSSSPEYIQYF	IELSLIDFYL
CAISAINGETIYEQYF	IELSLIDFYL
CASSEGQLSTNEKLFF	IELSLIDFYL
CSTDSGGAGNEQFF	IELSLIDFYL
CASSFNWVTSGAYNEQFF	IELSLIDFYL
CSGPLRDRFYNEQFF	IELSLIDFYL
CASSSDSDYGYTF	IELSLIDFYL
CSAADSSYEQYF	IELSLIDFYL
CASSEPGGTGPWGTEAFF	IELSLIDFYL
CASRYPRDRATSGRSDEQFF	IELSLIDFYL
CSANREGLDTQYF	IELSLIDFYL
CASSSPGASGNTIYF	IELSLIDFYL
CSARGFAGATYEQYF	IELSLIDFYL
CASSIQGRYNEQFF	IELSLIDFYL
CSARGLAGSTYEQYF	IELSLIDFYL
CASRSSGQILYEQYF	IELSLIDFYL
CASISGVRETQYF	IELSLIDFYL
CSADMEGRTGELFF	IELSLIDFYL
CASSPYVDTQYF	IELSLIDFYL
CASSETGTAFYEQYF	IELSLIDFYL
CATSGLAGARLLSTDTQYF	IELSLIDFYL
CASRGRDRGRGGSYEQYF	IELSLIDFYL
CAGDRTYLRYGYTF	IELSLIDFYL
CSARPLKGSEQYF	IELSLIDFYL
CATSREGGAMNTEAFF	IELSLIDFYL
CASSSNPGLFHNEQFF	IELSLIDFYL
CASSLLQGAGSNQPQHF	IELSLIDFYL
CASSLYGATNEKLFF	IELSLIDFYL
CASSLGDRASSYNEQFF	IELSLIDFYL
CASSAGQGSYQPQHF	IELSLIDFYL
CSARGMSGSSYEQYF	IELSLIDFYL
CASRGLAGEKYEQYF	IELSLIDFYL
CASSHLGTFSYNEQFF	IELSLIDFYL
CSASQGLEQFF	IELSLIDFYL
CASLISGNTQAFF	IELSLIDFYL
CASSLTGTEDQGYYEQYF	IELSLIDFYL
CASSRQVSEKLFF	IELSLIDFYL
CASSLDGLHNQPQHF	IELSLIDFYL
CASSYTVSSYNEQFF	IELSLIDFYL
CASSQVYGNTDTQYF	IELSLIDFYL
CSAEDRSESSYEQYF	IELSLIDFYL
CSAGRAHYEQYF	IELSLIDFYL
CASSGVGTNTGELFF	IELSLIDFYL
CASSLEDRGYEQYF	IELSLIDFYL
CASSLVRQGEYTQYF	IELSLIDFYL
CASSLLAEPFDTQYF	IELSLIDFYL
CATSEADYNEQFF	IELSLIDFYL
CSVAIGGEQYF	IELSLIDFYL
CSATSGKETQYF	IELSLIDFYL
CSADLGYTGELFF	IELSLIDFYL
CASSLETQGGLSNQPQHF	IELSLIDFYL
CAGPPQGESQPQHF	IELSLIDFYL
CSASGRVRANVLTF	IELSLIDFYL
CSASETGTGGTEQFF	IELSLIDFYL
CASSQEGLAGGNEQFF	IELSLIDFYL
CSASKEGRDNEQFF	IELSLIDFYL
CASSVANWGYTGELFF	IELSLIDFYL
CASSLGLRGGYEQYF	IELSLIDFYL
CASSHLGLDFYEQYF	IELSLIDFYL
CASKLGTDTQYF	IELSLIDFYL
CSADSAWTGSNQPQHF	IELSLIDFYL
CASSLGVGVTGELFF	IELSLIDFYL
CSADTGGSYNEQFF	IELSLIDFYL
CASSAINPQGRNQPQHF	IELSLIDFYL
CSARGSGGEYNEQFF	IELSLIDFYL
CASSLGGGYTEAFF	IELSLIDFYL
CATSRDLVTQYF	IELSLIDFYL
CAIGQNQPQHF	IELSLIDFYL
CASREGPTEAFF	IELSLIDFYL
CSVAGLEAFF	IELSLIDFYL
CSASGNQETQYF	IELSLIDFYL
CAWSSQRPGAQYF	IELSLIDFYL
CASSHGGTEAFF	IELSLIDFYL
CASSLEPGRLNYGYTF	IELSLIDFYL
CASSQAGQGGFDGIF	IELSLIDFYL
CASSQGDRSYYGYTF	IELSLIDFYL
CASSASLAPTDTQYF	IELSLIDFYL
CASSPMTGRHEKLFF	IELSLIDFYL
CASSYVPQPSYNEQFF	IELSLIDFYL
CASSPGLAGVLRNEQFF	IELSLIDFYL
CASSPSPGLAVQETQYF	IELSLIDFYL
CASSYIVGSSEQYF	IELSLIDFYL
CASSFGPNYEQYF	IELSLIDFYL
CSVSREGFRQFF	IELSLIDFYL
CASSLASGGLNEQFF	IELSLIDFYL
CASSSLGGAGQPQHF	IELSLIDFYL
CASSYLGGSNYGYTF	IELSLIDFYL
CATSSLSGPTDTQYF	IELSLIDFYL
CASISSSGGAGYNEQFF	IELSLIDFYL
CASSPPRRGSLYEQYF	IELSLIDFYL
CSARDLVGYEQYF	IELSLIDFYL
CASSETNEQYF	IELSLIDFYL
CASSLHPERGETEAFF	IELSLIDFYL
CSASMMGLGDTQYF	IELSLIDFYL
CASSYSWGEVKGANYGYTF	IELSLIDFYL
CASSVGLAGALDF	IELSLIDFYL
CASSFKGLGELFF	IELSLIDFYL
CATSGVPGQGKRKTEAFF	IELSLIDFYL
CSAPGGTYYEQYF	IELSLIDFYL
CSASSTESYGYTF	IELSLIDFYL
CASRPGLAVTDTQYF	IELSLIDFYL
CSANLENNEQFF	IELSLIDFYL
CASSYPPTLRDTLVFF	IELSLIDFYL
CSARATESSYNEQFF	IELSLIDFYL
CASSLEAGVRWEQYF	IELSLIDFYL
CASSLWDITDTQYF	IELSLIDFYL
CSATREANQETQYF	IELSLIDFYL
CASSLRSNSGEQYF	IELSLIDFYL
CSASGGAETQYF	IELSLIDFYL
CASSYWEQDTQYF	IELSLIDFYL
CASSYGTSFYNEQFF	IELSLIDFYL
CSARGAREAAYEQYF	IELSLIDFYL
CASSPDYEQYF	IELSLIDFYL
CSASFSDQQETQYF	IELSLIDFYL
CASSPPSPARTSYNEQFF	IELSLIDFYL
CASVTFLGAYNEQFF	IELSLIDFYL
CASSLQTGDQPQHF	IELSLIDFYL
CSARGSEQFF	IELSLIDFYL
CASSLAGDEQFF	IELSLIDFYL
CSVIPLAEAFF	IELSLIDFYL
CASSPNYGYTF	IELSLIDFYL
CASSPLAGGSYEQYF	IELSLIDFYL
CASSADRGYEQYF	IELSLIDFYL
CSANHWEGKYQETQYF	IELSLIDFYL
CASRGQVGAFF	IELSLIDFYL
CASSQAPLVSAQYF	IELSLIDFYL
CASSLSYTGELFF	IELSLIDFYL
CSASLEDTQETQYF	IELSLIDFYL
CASSYWDRSSGELFF	IELSLIDFYL
CASSEIRGQSDTQYF	IELSLIDFYL
CSADNSRSSYNEQFF	IELSLIDFYL
CASSLTGGTDTQYF	IELSLIDFYL
CASSPLQGRSYNEQFF	IELSLIDFYL
CSARDRRLAVDEQFF	IELSLIDFYL
CASSYDRTTNEKLFF	IELSLIDFYL
CASSPKGHRTEAFF	IELSLIDFYL
CSAVGLAGKNYEQYF	IELSLIDFYL
CASSQDLTPMNIQYF	IELSLIDFYL
CASSPRPVPGQGPLVTDTQYF	IELSLIDFYL
CAILTVHSGANVLTF	IELSLIDFYL
CATSDPSGTVATNEKLFF	IELSLIDFYL
CASSLGDTQYF	IELSLIDFYL
CASSYVQAGTQYF	IELSLIDFYL
CAITARQGGSYEQYF	IELSLIDFYL
CASSGGLTAYNEQFF	IELSLIDFYL
CASSFDQETQYF	IELSLIDFYL
CSATESSYNEQFF	IELSLIDFYL
CASSESGGTTGELFF	IELSLIDFYL
CASSQEQLYNEQFF	IELSLIDFYL
CASSPLAREQFF	IELSLIDFYL
CASSLSMSNNEQFF	IELSLIDFYL
CASSLGQPYEAFF	IELSLIDFYL
CAGWDAGYGYTF	IELSLIDFYL
CASSHTSASGANVLTF	IELSLIDFYL
CAGKFGEPAGYEQYF	IELSLIDFYL
CASRTLPYEQYF	IELSLIDFYL
CSLRQGADTQYF	IELSLIDFYL
CASSEDLMDNTEAFF	IELSLIDFYL
CSAEGAGRELFF	IELSLIDFYL
CASSISLGGLYEQYF	IELSLIDFYL
CASSPKPPNGGVQETQYF	IELSLIDFYL
CATSTPPPGLATSTDTQYF	IELSLIDFYL
CAISDDGSNQPQHF	IELSLIDFYL
CASSATGDSYEQYF	IELSLIDFYL
CASSYDLGDRYNTEAFF	IELSLIDFYL
CAPRGPNEKLFF	IELSLIDFYL
CSASSESLKYNEQFF	IELSLIDFYL
CASRQLTRSYEQYF	IELSLIDFYL
CASSQERVQGAPSYEQYF	IELSLIDFYL
CASSYSNQPQHF	IELSLIDFYL
CASSRNRGYEQYF	IELSLIDFYL
CASSPGDYGYTF	IELSLIDFYL
CASSKRTSGRSDTQYF	IELSLIDFYL
CSAQTSGSGNEQFF	IELSLIDFYL
CAWSATGELFF	IELSLIDFYL
CASSLGQGNTEAFF	IELSLIDFYL
CSASSVNTEAFF	IELSLIDFYL
CASSLSNEQFF	IELSLIDFYL
CASSLLSGVTF	IELSLIDFYL
CASSLIAGGLNTGELFF	IELSLIDFYL
CASSSPGAYQETQYF	IELSLIDFYL
CASSYLMGPVTPTSTDTQYF	IELSLIDFYL
CASSLELAGGSLYNEQFF	IELSLIDFYL
CSARDGGAQNTGELFF	IELSLIDFYL
CASSTLSGTVNEKLFF	IELSLIDFYL
CASGHDPPHNEQFF	IELSLIDFYL
CASRRDRGEGTEAFF	IELSLIDFYL
CASSQEAGGNYNEQFF	IELSLIDFYL
CSASYDRPDTDTQYF	IELSLIDFYL
CASSSSGQGAAGANVLTF	IELSLIDFYL
CASSQEWGDYEQYF	IELSLIDFYL
CASSPGQGRSEQFF	IELSLIDFYL
CSAPAGGGYTF	IELSLIDFYL
CASSLNRVYEQYF	IELSLIDFYL
CASSLQGRNTEAFF	IELSLIDFYL
CASSIVDSRNQPQHF	IELSLIDFYL
CASSLDVLAGGLSSYNEQFF	IELSLIDFYL
CASSSISGGSNEQFF	IELSLIDFYL
CSASEELLTDTQYF	IELSLIDFYL
CASRGLNNEQFF	IELSLIDFYL
CASSGKRVLAEETQYF	IELSLIDFYL
CSASVASGGAGETQYF	IELSLIDFYL
CASSHYQGDYYGYTF	IELSLIDFYL
CATSRDRVGPYNF	IELSLIDFYL
CASSPSLKTGKHYSNQPQHF	IELSLIDFYL
CASSLVTGGVSYEQYF	IELSLIDFYL
CASTGPNEQFF	IELSLIDFYL
CASSRQETITYNSPLHF	IELSLIDFYL
CASTWANTGELFF	IELSLIDFYL
CASSDQQSSQETQYF	IELSLIDFYL
CSAPAAYSYNEQFF	IELSLIDFYL
CASSPSFSNTGELFF	IELSLIDFYL
CATSIVAGGPTDTQYF	IELSLIDFYL
CSASGVAGEETQYF	IELSLIDFYL
CSVFRTEAFF	IELSLIDFYL
CASSQSRDGNPYEQYF	IELSLIDFYL
GKGYEQYF	IELSLIDFYL
CASSQVVGNEQFF	IELSLIDFYL
CAWGVAAVYTEAFF	IELSLIDFYL
CSANLDTGELFF	IELSLIDFYL
CASFRPSEGNEQFF	IELSLIDFYL
CASSLGEQYF	IELSLIDFYL
CASSFQPSSYGYTF	IELSLIDFYL
CASSALPGQGATYEQYF	IELSLIDFYL
CASSRLAGGSETQYF	IELSLIDFYL
CASRLWTSGTYEQYF	IELSLIDFYL
CSAQLEITYNEQFF	IELSLIDFYL
CASGLPGGYQPQHF	IELSLIDFYL
CASSPKGTVVYHSNQPQHF	IELSLIDFYL
CASSWGLAGSFDEQFF	IELSLIDFYL
CSASLAWTGKETQYF	IELSLIDFYL
CASSGSGNWDTEAFF	IELSLIDFYL
CASGGLAGGLYEQYF	IELSLIDFYL
CASRGLAGASYEQYF	IELSLIDFYL
CSADVRGYNEQFF	IELSLIDFYL
CSASRNEQFF	IELSLIDFYL
CATSSLRGPGSTDTQYF	IELSLIDFYL
CASSLGSIYKESEITDTQYF	IELSLIDFYL
CASSFGPDRDEQYF	IELSLIDFYL
CSASEGGTEQFF	IELSLIDFYL
CASSHGQGPFNEQFF	IELSLIDFYL
CSASPGGNNEQFF	IELSLIDFYL
CASSLWGLAGGTGETQYF	IELSLIDFYL
CASSLGRGYEQYF	IELSLIDFYL
CASSQFREVRRGTEAFF	IELSLIDFYL
CASSEPGLTVSYEQYF	IELSLIDFYL
CASTLLGAANYGYTF	IELSLIDFYL
CSAGAGDEQYF	IELSLIDFYL
CASSGEATGTGFREQYF	IELSLIDFYL
CASSSPPGLAGGRTGELFF	IELSLIDFYL
CASSWTVDEQYF	IELSLIDFYL
CASNPGSSLAKNIQYF	IELSLIDFYL
CASRGVRGASYEQYF	IELSLIDFYL
CASSQGGNQPQHF	IELSLIDFYL
CASSSDGYSNQPQHF	IELSLIDFYL
CASSGVRDGLQTQYF	IELSLIDFYL
CASSFDRGYEQYF	IELSLIDFYL
CSAIMTGVNTEAFF	IELSLIDFYL
CASSVAPEVDGASTDTQYF	IELSLIDFYL
CASSPRTSRMTNTEAFF	IELSLIDFYL
CSASGQAIQETQYF	IELSLIDFYL
CSVTSTSGTGGLGYTF	IELSLIDFYL
CASWGGTGRAAGGEQFF	IELSLIDFYL
CASSEDRGYEQYF	IELSLIDFYL
CATSRDRNTGELFF	IELSLIDFYL
CASSPSGRHIDQYF	IELSLIDFYL
CASRPDRENEQFF	IELSLIDFYL
CSASGEQNNEQFF	IELSLIDFYL
CASGETPTYEQYF	IELSLIDFYL
CASSYSPTSGTYEQYF	IELSLIDFYL
CASSYGTGTSYNEQFF	IELSLIDFYL
CSMTVQGAQETQYF	IELSLIDFYL
CAIGGGYEQYF	IELSLIDFYL
CSAAGTPYTGELFF	IELSLIDFYL
CASSVGVSLRDEQFF	IELSLIDFYL
CSVEGIRGRILSYNEQFF	IELSLIDFYL
CSARDRQGVYEQYF	IELSLIDFYL
CSADAEPGLPIEYNEQFF	IELSLIDFYL
CSARWQGHEQYF	IELSLIDFYL
CASSLWASGAQTTQYF	IELSLIDFYL
CASSLTEYNEQFF	IELSLIDFYL
CSSDRETGPNEQFF	IELSLIDFYL
CASSLASERMDSYEQYF	IELSLIDFYL
CASSLRADISSGANVLTF	IELSLIDFYL
CASKSGAQWAEAFF	IELSLIDFYL
CASSTIRAGYEQYF	IELSLIDFYL
CASSLPDRAETQYF	IELSLIDFYL
CAISETPDEQYF	IELSLIDFYL
CSASGRQETQYF	IELSLIDFYL
CASSFTGASYNEQFF	IELSLIDFYL
CASGTYGNEQFF	IELSLIDFYL
CASCPGGREQYF	IELSLIDFYL
CATSDGTAYSNQPQHF	IELSLIDFYL
CASSLAGQETQYF	IELSLIDFYL
CSADDRGEGTQYF	IELSLIDFYL
CSVEDLGTGNTGELFF	IELSLIDFYL
CASSPDSAPSGDLNNEQFF	IELSLIDFYL
CSARDIEAIREQYF	IELSLIDFYL
CASRGLSGKTYEQYF	IELSLIDFYL
CASTPTGSYEQYF	IELSLIDFYL
CASSPLPYNEQFF	IELSLIDFYL
CASSAPSAPGANVLTF	IELSLIDFYL
CASSLVAVLTEAFF	IELSLIDFYL
CASSQEGYVGGYTF	IELSLIDFYL
CSANTGTGGYEQYF	IELSLIDFYL
CSVERDEQYF	IELSLIDFYL
CASSQAGGPVYEQFF	IELSLIDFYL
CASSLLYGGGANEETQYF	IELSLIDFYL
CSASSVSEAGGLPGELFF	IELSLIDFYL
CSARGQFHEQYF	IELSLIDFYL
CASRGLAGVSSYEQYF	IELSLIDFYL
CSANDLGGPYEQYF	IELSLIDFYL
CASSQEQVTGELFF	IELSLIDFYL
CSARETTGIYEQYF	IELSLIDFYL
CASSLGISSGPGELFF	IELSLIDFYL
CASSQGQNYGYTF	IELSLIDFYL
CASSYLTGLTGELFF	IELSLIDFYL
CASSLYSGGTEKLFF	IELSLIDFYL
CSGGGSYNEQFF	IELSLIDFYL
CASSSGGGGLQETQYF	IELSLIDFYL
CASSSGPNYGYTF	IELSLIDFYL
CATSSLRLYTDTQYF	IELSLIDFYL
CASSTGGAGYEQYF	IELSLIDFYL
CASSLNPGTSGYTDTQYF	IELSLIDFYL
CSARGRGTGTEAFF	IELSLIDFYL
CASSPPSSHYPNEQFF	IELSLIDFYL
CSASFERTTYNEQFF	IELSLIDFYL
CASSLSNLLNTEAFF	IELSLIDFYL
CSASLSDPEAFF	IELSLIDFYL
CASSLGAAQETQYF	IELSLIDFYL
CASSPTRATYEQYF	IELSLIDFYL
CASRGLGTEAFF	IELSLIDFYL
CASSYSPSGGSYEQYF	IELSLIDFYL
CSAQGQGSNEQFF	IELSLIDFYL
CASSSDYHGDNEAFF	IELSLIDFYL
CASSQLAGGRNEQFF	IELSLIDFYL
CASSISGPSGGIGNEQFF	IELSLIDFYL
CAISESGGYTEAFF	IELSLIDFYL
CSASIDTDTQYF	IELSLIDFYL
CASSRGGTGWGETQYF	IELSLIDFYL
CSVRTRSNTGELFF	IELSLIDFYL
CASSSNSWGYTF	IELSLIDFYL
CASSGTSGRAQYTEQYF	IELSLIDFYL
CASSGYLSGRAKNIQYF	IELSLIDFYL
CASSSRDRDSTDTQYF	IELSLIDFYL
CASSFLTLRGQGTEAFF	IELSLIDFYL
CASSIIYPTGNQPQHF	IELSLIDFYL
CASSGRGSGHSYNEQFF	IELSLIDFYL
CASTTGSSGYEQYF	IELSLIDFYL
CSAGLETSLPYEQYF	IELSLIDFYL
CSAAFEVSYNEQFF	IELSLIDFYL
CSARVLQSYEQYF	IELSLIDFYL
CASSQDRETQYF	IELSLIDFYL
CATSRVDRGGTEAFF	IELSLIDFYL
CASSPQGVGTEAFF	IELSLIDFYL
CSARGLEDSYEQYF	IELSLIDFYL
CASSIPPQRGGGELFF	IELSLIDFYL
CSALYARLAGGSLQETQYF	IELSLIDFYL
CASSWDPNEQFF	IELSLIDFYL
CSALGVLPRTEAFF	IELSLIDFYL
CASSLLGGESTEAFF	IELSLIDFYL
CASSLTGTGGYYYGYTF	IELSLIDFYL
CASSQDEGGTKTQYF	IELSLIDFYL
CASSGAQLLNQGTGGLSEQYF	IELSLIDFYL
CSADEGSSYNEQFF	IELSLIDFYL
CSVQEINTGELFF	IELSLIDFYL
CASSWSGGSLDEQYF	IELSLIDFYL
CASSVASVTDTQYF	IELSLIDFYL
CSASEPDRVNSYEQYF	IELSLIDFYL
CSARQTTSYGYTF	IELSLIDFYL
CAWRGAGEETQYF	IELSLIDFYL
CASSLALAGVRETQYF	IELSLIDFYL
CASSIDQGTSYNEQFF	IELSLIDFYL
CSASPGQGSETQYF	IELSLIDFYL
CASSLSYPGGRSTEAFF	IELSLIDFYL
CASSLWQGREAFF	IELSLIDFYL
CASSSPLTGGVSSYEQYF	IELSLIDFYL
CASSSGIQPQHF	IELSLIDFYL
CASSSHLVAEQFF	IELSLIDFYL
CASSPRGQLEVMNTEAFF	IELSLIDFYL
CASSPGPLVLNTEAFF	IELSLIDFYL
CATSRDRGRKSEKLFF	IELSLIDFYL
CASSLLLGLAVSYEQYF	IELSLIDFYL
CASSSVGGSYEQYF	IELSLIDFYL
CASSLGVSTEAFF	IELSLIDFYL
CASSLALAGVWTGELFF	IELSLIDFYL
CASSFTENTEAFF	IELSLIDFYL
CASSPTPGQDYGYTF	IELSLIDFYL
CASSESRLNSGANVLTF	IELSLIDFYL
CSVERTEAFF	IELSLIDFYL
CASSQTRGSGANVLTF	IELSLIDFYL
CASSYDSGTAYNEQFF	IELSLIDFYL
RASSLEHRSNQPQHF	IELSLIDFYL
CSDLGIHTEAFF	IELSLIDFYL
CSAEEFDNSPLHF	IELSLIDFYL
CASSFPMGGSGELFF	IELSLIDFYL
CSASSPKGGNEQFF	IELSLIDFYL
CASSGPGQHYGYTF	IELSLIDFYL
CSASTNTGSETQYF	IELSLIDFYL
CASREGSSYEQYF	IELSLIDFYL
CSASERKETQYF	IELSLIDFYL
CASSGQTGPLEKLFF	IELSLIDFYL
CSAREIRDRRGNQPQHF	IELSLIDFYL
CASSEGEGLEFF	IELSLIDFYL
CASSLGGSSYNEQFF	IELSLIDFYL
CASIMGGSPSYEQYF	IELSLIDFYL
CASSSPGLAGTYEQYF	IELSLIDFYL
CASSPGPTAYNEQFF	IELSLIDFYL
CASSLFSSYNEQFF	IELSLIDFYL
CASSPWTGDEKLFF	IELSLIDFYL
CASSKIGDTTGRPGELFF	IELSLIDFYL
CASSYSSPTDTQYF	IELSLIDFYL
CASSLGGATGYTF	IELSLIDFYL
CASREQGASMNTEAFF	IELSLIDFYL
CAGTRDTGELFF	IELSLIDFYL
CASSLTGGNEQYF	IELSLIDFYL
CSADTSGRAYEQYF	IELSLIDFYL
CASSSTGASEAFF	IELSLIDFYL
CASSSTGTAYNEQFF	IELSLIDFYL
CASSVGGQGIETQYF	IELSLIDFYL
CASSLGVGGGSPLHF	IELSLIDFYL
CASSYGGTQYF	IELSLIDFYL
CASSLGRASGEQYF	IELSLIDFYL
CSARELVSGRRNEQFF	IELSLIDFYL
CSASTEREGETQYF	IELSLIDFYL
CASTQGYNEQFF	IELSLIDFYL
CASSRLAGGDNEQFF	IELSLIDFYL
CASSLTGTGANTEAFF	IELSLIDFYL
CSVDGIGDRWGNEQFF	IELSLIDFYL
CSARGMETYEQYF	IELSLIDFYL
CASSQPREGPQETQYF	IELSLIDFYL
CASSQLAGGRNEQFF	IELSLIDFYL
CASSPEGQFGEQYF	IELSLIDFYL
CATILMTVSSYNEQFF	IELSLIDFYL
CASSAGDTQYF	IELSLIDFYL
CASSSLNRVPLSYEQYF	IELSLIDFYL
CASSLQYSNQPQHF	IELSLIDFYL
CASSQAPPGNTIYF	IELSLIDFYL
CASSLFTGGRAGELFF	IELSLIDFYL
CSASAESSYNEQFF	IELSLIDFYL
CASSATDTGGIEAFF	IELSLIDFYL
CASRSAGGYTF	IELSLIDFYL
CASTPSGGSNPYEQYF	IELSLIDFYL
CASSQLSGGYNEQFF	IELSLIDFYL
CASSDSRGPIPYEQYF	IELSLIDFYL
CSANIGLVALELPQYF	IELSLIDFYL
CASSYLSGPSEWPQHF	IELSLIDFYL
CATKGGTDTQYF	IELSLIDFYL
CASSEGLALYTDTQYF	IELSLIDFYL
CSASSTGQETQYF	IELSLIDFYL
CASSPRTSEPRDF	IELSLIDFYL
CASSTWDHTGELFF	IELSLIDFYL
CASSPGGEKLFF	IELSLIDFYL
CSADLSGETQETQYF	IELSLIDFYL
CSARDPTGDGTEAFF	IELSLIDFYL
CSVEGTANYEQYF	IELSLIDFYL
CASCVGGAWEQYF	IELSLIDFYL
CASSRTGNSYEQYF	IELSLIDFYL
CATSSSRGYYGYTF	IELSLIDFYL
CSGTWGDTQYF	IELSLIDFYL
CSAERTGSTEQFF	IELSLIDFYL
CASREGLAELYNEQFF	IELSLIDFYL
CASSLNVGGGAYNEQFF	IELSLIDFYL
CSASLDRETQYF	IELSLIDFYL
CASSPLGDYYEQYF	IELSLIDFYL
CSASKATVQETQYF	IELSLIDFYL
CASSLWGQGVRETQYF	IELSLIDFYL
CASSPPVAYNEQFF	IELSLIDFYL
CASSITGGGTTEAFF	IELSLIDFYL
CASSPAGGAYEQYF	IELSLIDFYL
CASSPPGQGAWNEQYF	IELSLIDFYL
CASSYPGQGRTEAFF	IELSLIDFYL
CASVISDEQYF	IELSLIDFYL
CASSLGLGNTEAFF	IELSLIDFYL
CASTGIAGLQETQYF	IELSLIDFYL
CSARGLSGGSYEQYF	IELSLIDFYL
CASSPSVSYEQYF	IELSLIDFYL
CASSLEGEADQPQHF	IELSLIDFYL
CASSYWTGKIGYTF	IELSLIDFYL
CSAWDTTYEQYF	IELSLIDFYL
CASGTSGYEQYF	IELSLIDFYL
CSALLQHPSETQYF	IELSLIDFYL
CASSLGEASENQETQYF	IELSLIDFYL
CSTEDEKLFF	IELSLIDFYL
CASSLAGEEQFF	IELSLIDFYL
CASSYLIGADEQFF	IELSLIDFYL
CASSDSPTRFGTDTQYF	IELSLIDFYL
CASSFSAALSSYNEQFF	IELSLIDFYL
CASSLTKIARAQTLQGALSSPLHF	IELSLIDFYL
CASSYSMALYQETQYF	IELSLIDFYL
CATTLSPTNEQFF	IELSLIDFYL
CASSLGYSGTGAVNEQFF	IELSLIDFYL
CASSYSIQLETEAFF	IELSLIDFYL
CASKPPGLSNADTQYF	IELSLIDFYL
CASSWKAGSNGYTF	IELSLIDFYL
CASRKRGAYEQYF	IELSLIDFYL
CATSDFITCRFGNTIYF	IELSLIDFYL
CSAVRGTGMYEQYF	IELSLIDFYL
CSADSSGTVQETQYF	IELSLIDFYL
CASSVAAQASDEQFF	IELSLIDFYL
CASSPGVSHEQYF	IELSLIDFYL
CSARDRGLALNEQFF	IELSLIDFYL
CASSNRTGHTDTQYF	IELSLIDFYL
CASRVAGAYTGELFF	IELSLIDFYL
CASSHHGLAGVRQYNEQFF	IELSLIDFYL
CSARDTRTGDGYTF	IELSLIDFYL
CASSFSDRDYGYTF	IELSLIDFYL
CATEQGYEQYF	IELSLIDFYL
CASRGLAGVQLAYEQYF	IELSLIDFYL
CAWSPQQGELADTQYF	IELSLIDFYL
CASSVGLAGELETQYF	IELSLIDFYL
CSVVSDRAYEQYF	IELSLIDFYL
CASSSGQANQPQHF	IELSLIDFYL
CASSDRDNTGDEQFF	IELSLIDFYL
CASSQQGVAFYEQYF	IELSLIDFYL
CASSQETSGTYEQYF	IELSLIDFYL
CSAEAGGGNEQFF	IELSLIDFYL
CASKQGGEKLFF	IELSLIDFYL
CSASGATSGGAGETQYF	IELSLIDFYL
CASSDPRQNLNTEAFF	IELSLIDFYL
CASSRIYGYTF	IELSLIDFYL
CASSLFLWGDEQFF	IELSLIDFYL
CSARATSGRTDEQFF	IELSLIDFYL
CATSRMWTVLGQETQYF	IELSLIDFYL
CASRGLAGGHYEQYF	IELSLIDFYL
CASSLRADTQYF	IELSLIDFYL
CSARVQANEQFF	IELSLIDFYL
CASSEKFNERQFF	IELSLIDFYL
CASSDPRGRGQIDEQFF	IELSLIDFYL
CASSQDRDYRFHNEQFF	IELSLIDFYL
CASSMEWDRGQPQHF	IELSLIDFYL
CASSFNQDQAFF	IELSLIDFYL
CASSRGEPYTDTQYF	IELSLIDFYL
CASSQDLPGTIGGGELFF	IELSLIDFYL
CASSPPSGAQYF	IELSLIDFYL
CASAEVSGRGNEQFF	IELSLIDFYL
CASSLSGLNEQFF	IELSLIDFYL
CAWSVEIRYEQYF	IELSLIDFYL
CASSQGSWGGELFF	IELSLIDFYL
CASSLDGNYGYTF	IELSLIDFYL
CASRGVAGSTDTQYF	IELSLIDFYL
CATSPSGSERNEQFF	IELSLIDFYL
CSALAGKAYNEQFF	IELSLIDFYL
CASTGGVGNEQFF	IELSLIDFYL
CASTKTGELFF	IELSLIDFYL
CASSTFTSGQETQYF	IELSLIDFYL
CASSSGQGGNEKLFF	IELSLIDFYL
CSATGTGREQYF	IELSLIDFYL
CSANSDSSGGYEQYF	IELSLIDFYL
CASSLLAGGNNEQFF	IELSLIDFYL
CASSFNPAGGSADTQYF	IELSLIDFYL
CSARDPWTSGEEQYF	IELSLIDFYL
CASSEWVVAEDTQYF	IELSLIDFYL
CAWSEGGNTIYF	IELSLIDFYL
CSASKPGLAGRETQYF	IELSLIDFYL
CASTPGANYGYTF	IELSLIDFYL
CASGDWEGFYF	IELSLIDFYL
CASRGAGGYPTSYEQYF	IELSLIDFYL
CASSYFGSLMNTEAFF	IELSLIDFYL
CASSLGTSYEQYF	IELSLIDFYL
CAGTDTPGYGYTF	IELSLIDFYL
CASSGNRGLWEQYF	IELSLIDFYL
CASSQGQGVEKLFF	IELSLIDFYL
CASSQTRGEQFF	IELSLIDFYL
CASSVHEQFF	IELSLIDFYL
CAWSASGPLGLSGANVLTF	IELSLIDFYL
CSAQGLPYQETQYF	IELSLIDFYL
CSATLEVGGGYNEQFF	IELSLIDFYL
CATSDSGLAGISDTQYF	IELSLIDFYL
CASSEFPGDEQFF	IELSLIDFYL
CASSYMGRGYNEQFF	IELSLIDFYL
CSADGLAGGNEQFF	IELSLIDFYL
CASSLDGPGNTEAFF	IELSLIDFYL
CASSQEVSWNTEAFF	IELSLIDFYL
CASRGPGQGNEKLFF	IELSLIDFYL
CASSLGIGDGSNQPQHF	IELSLIDFYL
CASSLDRGLNSPLHF	IELSLIDFYL
CASRGTAVQGGPYYEQYF	IELSLIDFYL
CSASGGVGMETQYF	IELSLIDFYL
CASSWTDTQYF	IELSLIDFYL
CASSAPLVDYGYTF	IELSLIDFYL
CASSLPGGEQFF	IELSLIDFYL
CSADRTAQETQYF	IELSLIDFYL
CASRNPKSITYEQYF	IELSLIDFYL
CSTLLRDRAYNEQFF	IELSLIDFYL
CSADYSGSLTQYF	IELSLIDFYL
CSADRVGTEAFF	IELSLIDFYL
CASSQVINHGVAGVGEQFF	IELSLIDFYL
CASSLGQGSEQYF	IELSLIDFYL
CASSQETGQPQHF	IELSLIDFYL
CASSLQGASYEQYF	IELSLIDFYL
CSVAGGDLSRTDTQYF	IELSLIDFYL
CASSQGPGTDNEQFF	IELSLIDFYL
CASGWGFYEQYF	IELSLIDFYL
CASAASGPSYNEQFF	IELSLIDFYL
CSATSETSGRGETQYF	IELSLIDFYL
CASSQETGMNTEAFF	IELSLIDFYL
CSASQRTIEQFF	IELSLIDFYL
CASSLAGGGYEQYF	IELSLIDFYL
CARPQTSGYGYTF	IELSLIDFYL
CASSNVGRADSYEQYF	IELSLIDFYL
CSATRTSGYEQYF	IELSLIDFYL
CASSEPYTGQTEAFF	IELSLIDFYL
CSARGDGGEYNEQFF	IELSLIDFYL
CASSPLVVVDEQFF	IELSLIDFYL
CSASTADNEQFF	IELSLIDFYL
CASSLALVKNTEAFF	IELSLIDFYL
CASSGIAGGPTDTQYF	IELSLIDFYL
CASSHLMLAGELFF	IELSLIDFYL
CASSLGPDTQYF	IELSLIDFYL
CASSYQGRANTEAFF	IELSLIDFYL
CASSLWGTGLRGAEQYF	IELSLIDFYL
CASSYRGAYNEQFF	IELSLIDFYL
CASSIGTSSYNEQFF	IELSLIDFYL
CASSPLAGVDTQYF	IELSLIDFYL
CSASTPMLAGGPYGHNEQFF	IELSLIDFYL
CASSHLAGGPNEQFF	IELSLIDFYL
CAISESLTGYGYTF	IELSLIDFYL
CASSPGQGAYGYTF	IELSLIDFYL
CAGWGTSEGYTF	IELSLIDFYL
CATSRPPPGQLQLESTDTQYF	IELSLIDFYL
CATRGETRGAYGYTF	IELSLIDFYL
CSASRQGQAEQYF	IELSLIDFYL
CASSPFTSGAYNEQFF	IELSLIDFYL
CASSQTLNNEQFF	IELSLIDFYL
CASSPEGMLGEQYF	IELSLIDFYL
CAWNPSGNEQFF	IELSLIDFYL
CASSIYGGRNTGELFF	IELSLIDFYL
CSFGEGYNQPQHF	IELSLIDFYL
CASSPPHVALLSYEQYF	IELSLIDFYL
CSASDGAEIQETQYF	IELSLIDFYL
CSASGLANEQFF	IELSLIDFYL
CASSSPAGGPPDEQFF	IELSLIDFYL
CASSIDVWGNEQYF	IELSLIDFYL
CASSLISGGAGGTDTQYF	IELSLIDFYL
CASSPVGAEAFF	IELSLIDFYL
CASSLGAGEAGELFF	IELSLIDFYL
CASSQTSTGELFF	IELSLIDFYL
CATSFGTGELFF	IELSLIDFYL
CSASYSGRAPTDTQYF	IELSLIDFYL
CASSQGRASEAFF	IELSLIDFYL
CASSLAPNTEAFF	IELSLIDFYL
CASSLAGQVTEAFF	IELSLIDFYL
CSALYEKLFF	IELSLIDFYL
CGGTGDANEQFF	IELSLIDFYL
CASSVDRTSGSYEQYF	IELSLIDFYL
CASSLSTANPSTDTQYF	IELSLIDFYL
CASSYGLGFLYEQYF	IELSLIDFYL
CSGDRETQFYNSPLHF	IELSLIDFYL
CSAPRGGVSSYEQYF	IELSLIDFYL
CASSLHDRDSDTEAFF	IELSLIDFYL
CASSYGRGGTDTQYF	IELSLIDFYL
CASSLSSGGTEAFF	IELSLIDFYL
CASSAGQEEQFF	IELSLIDFYL
CASSFGGEAFF	IELSLIDFYL
CASSLYDTEAFF	IELSLIDFYL
CASNPTGNGGETQYF	IELSLIDFYL
CASITFRDTRFTEAFF	IELSLIDFYL
CASRGPDRDSPFYEQYF	IELSLIDFYL
CASSSPADVASTDTQYF	IELSLIDFYL
CSADRDSLAKNIQYF	IELSLIDFYL
CSLGQSTDTQYF	IELSLIDFYL
CSASEEGTSGYNEQFF	IELSLIDFYL
CSANSAANEQFF	IELSLIDFYL
CASSYSTSGSVEQYF	IELSLIDFYL
CASIQRPGRRPQHF	IELSLIDFYL
CASSLLDRGLVEPQHF	IELSLIDFYL
CASSLDLAGDYEQYF	IELSLIDFYL
CASSLWPENEQYF	IELSLIDFYL
CSASGGGYEQYF	IELSLIDFYL
CASSGGQGYAEAFF	IELSLIDFYL
CATSDFADEQYF	IELSLIDFYL
CSADQTSVSSNEQFF	IELSLIDFYL
CASSHLGQGAITDTQYF	IELSLIDFYL
CSARVPREDNSPLHF	IELSLIDFYL
CASSLAQSAQQYF	IELSLIDFYL
CASSLYYDENPEQYF	IELSLIDFYL
CSVDGAGSGYNEQFF	IELSLIDFYL
CASSSIPGGPDNEQFF	IELSLIDFYL
CASSYSGGTQYF	IELSLIDFYL
CASSRIRGEWQFF	IELSLIDFYL
CASIGTGIYEQYF	IELSLIDFYL
CASSQDLVGQGVYNEQFF	IELSLIDFYL
CSARRDRRGNEQFF	IELSLIDFYL
CASSYSSLAESSYEQYF	IELSLIDFYL
CASSSSGTGPLEQYF	IELSLIDFYL
CASSQDSRGGSTDTQYF	IELSLIDFYL
CSVEDPANYGYTF	IELSLIDFYL
CATWTGGVTGANVLTF	IELSLIDFYL
CASSQDPSYEQYF	IELSLIDFYL
CASSEWPFQGIAYEQYF	IELSLIDFYL
CASSPGTSGEDTQYF	IELSLIDFYL
CASSPGLVGLDNEQFF	IELSLIDFYL
CASSLSTRANYGYTF	IELSLIDFYL
CASSLKEAFF	IELSLIDFYL
CASSLGDEQYF	IELSLIDFYL
CSASQDSYEQYF	IELSLIDFYL
CASSESGGYGYTF	IELSLIDFYL
CASTPRAGANGVETQYF	IELSLIDFYL
CSASQGSGGETQYF	IELSLIDFYL
CASSSIDTEAFF	IELSLIDFYL
CASSWTGWPDTQYF	IELSLIDFYL
CSATTSTDTQYF	IELSLIDFYL
CASSKQYSGANVLTF	IELSLIDFYL
CSARGQSYEQYF	IELSLIDFYL
CATPPDRGSGNTIYF	IELSLIDFYL
CASSPLQTVSDTQYF	IELSLIDFYL
CASSRLADSYNEQFF	IELSLIDFYL
CASSSPGGEETQYF	IELSLIDFYL
CSAGTSGYEQYF	IELSLIDFYL
CASSLAGSEAFF	IELSLIDFYL
CASSQDVDQPQHF	IELSLIDFYL
CASSPPTSGVHEQYF	IELSLIDFYL
CSAPGYGSGRALSQFF	IELSLIDFYL
CSAPAAGTPKNMNTEAFF	IELSLIDFYL
CASSQDSSQTYEQYF	IELSLIDFYL
CSARSLAGYEQYF	IELSLIDFYL
CASDKGYTGELFF	IELSLIDFYL
CASSLAKASGDTTYNEQFF	IELSLIDFYL
CASSLVWASTGEQFF	IELSLIDFYL
CSVWGGRGSTEAFF	IELSLIDFYL
CASRGPEQYF	IELSLIDFYL
CASSLSGDTQYF	IELSLIDFYL
CASSSPHEGGPDTQYF	IELSLIDFYL
CASSLGGGQGLMNTEAFF	IELSLIDFYL
CASSYGGGNYNEQFF	IELSLIDFYL
CASSSGQENTGELFF	IELSLIDFYL
CASSPTGLDTEAFF	IELSLIDFYL
CASSPPDRVNEQFF	IELSLIDFYL
CASSLIGGASSYNEQFF	IELSLIDFYL
CASSSTGTGFNEQFF	IELSLIDFYL
CASGTSGELYEQYF	IELSLIDFYL
CSARDRGASYLDEQFF	IELSLIDFYL
CASSVPTGRRENTGELFF	IELSLIDFYL
CATSKQAGLAGVETQYF	IELSLIDFYL
CASSLWGPRDRDTEAFF	IELSLIDFYL
CASSYEGTGYTF	IELSLIDFYL
CASSLTSGMTYEQYF	IELSLIDFYL
CASSYTETQYF	IELSLIDFYL
CASSWDGTTANTGELFF	IELSLIDFYL
CASSSPLAGGYEQYF	IELSLIDFYL
CASSQTGGRQPQHF	IELSLIDFYL
CSASASLQASQETQYF	IELSLIDFYL
CSAKREASGANVLTF	IELSLIDFYL
CASSQMFPSSRAAYEQYF	IELSLIDFYL
CASRNYEQYF	IELSLIDFYL
CASSDPRTSGNRDEQFF	IELSLIDFYL
CSARDPGRGYEQYF	IELSLIDFYL
CASSFQGGVHEQFF	IELSLIDFYL
CASSDFVAGGPRETQYF	IELSLIDFYL
CSAEEEVTYNEQFF	IELSLIDFYL
CASSQWGLGDGGFPYEQYF	IELSLIDFYL
CSVEEALVHEQYF	IELSLIDFYL
CASSLGDTSYGYTF	IELSLIDFYL
CASRGTTNTGELFF	IELSLIDFYL
CSASSGGGQETQYF	IELSLIDFYL
CASSLWPSNQPQHF	IELSLIDFYL
CSVVGETGFYGYTF	IELSLIDFYL
CATSDLAQGAITGELFF	IELSLIDFYL
CASSEVAGADTQYF	IELSLIDFYL
CASSQDSFPSSRSYNEQFF	IELSLIDFYL
CASSLGAGSTDTQYF	IELSLIDFYL
CASSLATTLLTGANVLTF	IELSLIDFYL
CASSLAGLGFWDTQYF	IELSLIDFYL
CSAGAETQYF	IELSLIDFYL
CASSRDFNGDEQFF	IELSLIDFYL
CSVEDVRGPAGTQYF	IELSLIDFYL
CASSPDGNTEAFF	IELSLIDFYL
CASIHGRDRGSFGELFF	IELSLIDFYL
CSARGFAGDSYEQYF	IELSLIDFYL
CASNPDTGNFYNEQFF	IELSLIDFYL
CASSRPGTSVYEQYF	IELSLIDFYL
CSAATQISEQFF	IELSLIDFYL
CSVDRPGSTEAFF	IELSLIDFYL
CSAYGQGGPPLNEQFF	IELSLIDFYL
CASSGPGQSLEDTIYF	IELSLIDFYL
CASSQGQDRVGTGELFF	IELSLIDFYL
CSAQGTSGYNEQFF	IELSLIDFYL
CASSSGTFWFF	IELSLIDFYL
CASSNDRGLLGNTIYF	IELSLIDFYL
CAISSLVGGSYEQYF	IELSLIDFYL
CASGAPGGLAKNIQYF	IELSLIDFYL
CASRGQGHRTGSYEQYF	IELSLIDFYL
CSADPPGAADTQYF	IELSLIDFYL
CASWGISGALTDTQYF	IELSLIDFYL
CSAESYNEQFF	IELSLIDFYL
CSATLQGHEQYF	IELSLIDFYL
CASSNRDRNNEQFF	IELSLIDFYL
CASSPGGGLAEAFF	IELSLIDFYL
CASSPISSGRALVNEQFF	IELSLIDFYL
CASSFGRAEGQPQHF	IELSLIDFYL
CSAREATYEQYF	IELSLIDFYL
CSASLEGVRGETQYF	IELSLIDFYL
CATRGLAGGGGSYEQYF	IELSLIDFYL
CSATETTDTQYF	IELSLIDFYL
CASSKRDSDRGQDQPQHF	IELSLIDFYL
CASSWGQGYNEQFF	IELSLIDFYL
CASSFRNEQFF	IELSLIDFYL
CASRGLAGFTYEQYF	IELSLIDFYL
CASRSLGTEAFF	IELSLIDFYL
CASIGQEGLHEQYF	IELSLIDFYL
CASRGGMGGSVEQFF	IELSLIDFYL
CSARGWEYEQYF	IELSLIDFYL
CASSDLAGGYNEQFF	IELSLIDFYL
CASSQDYEQYF	IELSLIDFYL
CSASTNEGGQETQYF	IELSLIDFYL
CSASQGGNEQFF	IELSLIDFYL
CASSFEMNTEAFF	IELSLIDFYL
CSVATGIGTEAFF	IELSLIDFYL
CSVWGNTGELFF	IELSLIDFYL
CASSPGVTGDTQYF	IELSLIDFYL
CASSQLAGGNNEQFF	IELSLIDFYL
CASSYAGQPEGMNTEAFF	IELSLIDFYL
CASSLSTDTQYF	IELSLIDFYL
CASSLLAAGTGYGTEAFF	IELSLIDFYL
CASSPKPGGDGYTF	IELSLIDFYL
CAISETERMDGGAYGYTF	IELSLIDFYL
CASSTGKVEETQYF	IELSLIDFYL
CASSPGQPSNQPQHF	IELSLIDFYL
CASSFGGGALGEQFF	IELSLIDFYL
CASSQARGLIETQYF	IELSLIDFYL
CASRGYGTSGVVEQYF	IELSLIDFYL
CATSDPEAGNTIYF	IELSLIDFYL
CASSLHSRTARYGYTF	IELSLIDFYL
CSVEEVAYEQYF	IELSLIDFYL
CASNYGGPYNEQFF	IELSLIDFYL
CASSEARLSRTGVWSSYEQYF	IELSLIDFYL
CASSLTLQGAFYNEQFF	IELSLIDFYL
CASSLIQATYNEQFF	IELSLIDFYL
CSARGLAESYEQYF	IELSLIDFYL
CASSPLTDTQYF	IELSLIDFYL
CASSLLAGGEETQYF	IELSLIDFYL
CASSAGTVEKRF	IELSLIDFYL
CASSFSPRSLRGNTGELFF	IELSLIDFYL
CASRLNVGIQNTGELFF	IELSLIDFYL
CAIKEGTEAFF	IELSLIDFYL
CSVERETSYNEQFF	IELSLIDFYL
CASSKGTGGPDTQYF	IELSLIDFYL
CASSPGFGGETQYF	IELSLIDFYL
CSARALAAGLVGEQFF	IELSLIDFYL
CASSLYPLTASSTDTQYF	IELSLIDFYL
CASSWGQGGLDEQFF	IELSLIDFYL
CSASRLQETQYF	IELSLIDFYL
CASSPHGNEQFF	IELSLIDFYL
CASTQMTSGSDEQFF	IELSLIDFYL
CSASEGGQETQYF	IELSLIDFYL
CSATDMGREQFF	IELSLIDFYL
CSATLANNEQFF	IELSLIDFYL
CSVSDKNYEQYF	IELSLIDFYL
CASSFGNEQFF	IELSLIDFYL
CASSLELGQGLHEQFF	IELSLIDFYL
CASSMMDGYSPLHF	IELSLIDFYL
CSATLAGGQETQYF	IELSLIDFYL
CASSLVQSGGELFF	IELSLIDFYL
CASSQSMTAQETQYF	IELSLIDFYL
CASEDQGRGETQYF	IELSLIDFYL
CASSPEGNYGYTF	IELSLIDFYL
CASSPAPGLDTGELFF	IELSLIDFYL
CASSSAGGDLYEQYF	IELSLIDFYL
CSVGLDGSEQFF	IELSLIDFYL
CASSLLAGGFNEQFF	IELSLIDFYL
CSVLLADSYNEQFF	IELSLIDFYL
CASSQDPSYEQYF	IELSLIDFYL
CASSSSQGLAGDLTYEQYF	IELSLIDFYL
CAWRGTNQETQYF	IELSLIDFYL
CASSPSSSGRENEQFF	IELSLIDFYL
CASSQEGGWLATGELFF	IELSLIDFYL
CASSFEPGQTTDTQYF	IELSLIDFYL
CASSDQLVANTGELFF	IELSLIDFYL
CASSPGQGVSYEQYF	IELSLIDFYL
CSALRDGGPGGYGYTF	IELSLIDFYL
CASSLVGGNQPQHF	IELSLIDFYL
CSVRDYEQYF	IELSLIDFYL
CASRGDRGETYGYTF	IELSLIDFYL
CASSARGGPYNEQFF	IELSLIDFYL
CASSDETGELFF	IELSLIDFYL
CASRDLADGGEQYF	IELSLIDFYL
CASSPPSSEQYF	IELSLIDFYL
CSAPHAQGYYGYTF	IELSLIDFYL
CASSQDRALVPYEQYF	IELSLIDFYL
CAISESHSTEAFF	IELSLIDFYL
CSADTEATNEKLFF	IELSLIDFYL
CASSQEGPGLKYEQYF	IELSLIDFYL
CASSPTDRVDTEAFF	IELSLIDFYL
CASSLEGFSGAYNEQFF	IELSLIDFYL
CASSAGGGREETQYF	IELSLIDFYL
CASSRDRGPTDTQYF	IELSLIDFYL
CASSQVRFQETQYF	IELSLIDFYL
CASSSQGYEQYF	IELSLIDFYL
CASSPGSLAQETQYF	IELSLIDFYL
CSADGTGSYEQYF	IELSLIDFYL
CASRGLAGVIYEQYF	IELSLIDFYL
CASSQDPGQGVLYEQYF	IELSLIDFYL
CASSPSGGPQEQYF	IELSLIDFYL
CASSLGGQGYEQYF	IELSLIDFYL
CASSVNLREGQNTGELFF	IELSLIDFYL
CASSIDAGTNQPQHF	IELSLIDFYL
CASRGPGQGYSNTEAFF	IELSLIDFYL
CSATQRDRVENEQFF	IELSLIDFYL
CASHELAGAQSYEQYF	IELSLIDFYL
CASSFHNRGREQYF	IELSLIDFYL
CASSLEGGTGANVLTF	IELSLIDFYL
CASRGPYSETQYF	IELSLIDFYL
CSAHIRDRPYNEQFF	IELSLIDFYL
CSARGLADSYEQYF	IELSLIDFYL
CASSFTSNQPQHF	IELSLIDFYL
CASSQTGVAEAFF	IELSLIDFYL
CASSPRDRVGSYEQYF	IELSLIDFYL
CASSAPGRDYGYTF	IELSLIDFYL
CASSPPEGGLGYGYTF	IELSLIDFYL
CASSLEQGAYTEAFF	IELSLIDFYL
CASSLGGGSQDTQYF	IELSLIDFYL
CSVRALLTYEQYF	IELSLIDFYL
CASSYGRGSYNEQFF	IELSLIDFYL
CSASGGTDTQYF	IELSLIDFYL
CASLHDRGGSYNEQFF	IELSLIDFYL
CASSQVGQPQHF	IELSLIDFYL
CASRSPNRASYTEAFF	IELSLIDFYL
CASSFLFRLDTNNEQFF	IELSLIDFYL
CASSSLESDRASYNEQFF	IELSLIDFYL
CASRPVTAYEQYF	IELSLIDFYL
CASRGRTTKGATYEQYF	IELSLIDFYL
CAWSRMDNEQFF	IELSLIDFYL
CSASLDQGGETQYF	IELSLIDFYL
CASTPPPGTTSYNEQFF	IELSLIDFYL
CAISESGTIYTIYF	IELSLIDFYL
CSADGLAEETQYF	IELSLIDFYL
CSARELTSGSRNEQYF	IELSLIDFYL
CASSSGLAGSYNEQFF	IELSLIDFYL
CSATSPAANEQYF	IELSLIDFYL
CASSEGPTIYEQYF	IELSLIDFYL
CASSLQSNEQFF	IELSLIDFYL
CASSQVKNQPQHF	IELSLIDFYL
CSATTGGETQYF	IELSLIDFYL
CASSSSSPPLEQYF	IELSLIDFYL
CASSPQVGGGPPYNEQFF	IELSLIDFYL
CASSLGLLYQETQYF	IELSLIDFYL
CASSQYASSHTEQFF	IELSLIDFYL
CSAQNPTPQGANEQFF	IELSLIDFYL
CASSPQGAEQYF	IELSLIDFYL
CASSPELADNEQFF	IELSLIDFYL
CASSAPPGTSGEGVFADTQYF	IELSLIDFYL
CASSYLWGSTDTQYF	IELSLIDFYL
CASSFSPSSYNEQFF	IELSLIDFYL
CASSFTNTEAFF	IELSLIDFYL
CASSDPSPDNEQFF	IELSLIDFYL
CSGTGVNTEAFF	IELSLIDFYL
CSAPLTGTGSTEAFF	IELSLIDFYL
CASSLTGMRSDTQYF	IELSLIDFYL
CSAPTGTTYEQYF	IELSLIDFYL
CSATRGSNEQFF	IELSLIDFYL
CSASFETPYNEQFF	IELSLIDFYL
CSATDRDPRGEYF	IELSLIDFYL
CASNRGGGVNTGELFF	IELSLIDFYL
CASSSPGPRQTNEQYF	IELSLIDFYL
CSAGDPDNEETQYF	IELSLIDFYL
CSVIRNRSGNTIYF	IELSLIDFYL
CASTVGDFYEQYF	IELSLIDFYL
CASSLSSGSPLHF	IELSLIDFYL
CSGQYVETQYF	IELSLIDFYL
CASSVAVSGEQYF	IELSLIDFYL
CASSQTSGYTDTQYF	IELSLIDFYL
CASSLALVRDRDPNEQFF	IELSLIDFYL
CASSQVGIEGTDTQYF	IELSLIDFYL
CASSLWSSGALDEQFF	IELSLIDFYL
CASSLAATGYNEQFF	IELSLIDFYL
CASSEPRDSNYEQYF	IELSLIDFYL
CSATQTTGDYGYTF	IELSLIDFYL
CSARGREGQYNEQFF	IELSLIDFYL
CASSQQLAGGDYNEQFF	IELSLIDFYL
CASSRGQGYEQFF	IELSLIDFYL
CASSPLADSYNEQFF	IELSLIDFYL
CASTDLSSYEQYF	IELSLIDFYL
CAISDPGLAGGTRDGANVLTF	IELSLIDFYL
CASSLTGIEAFF	IELSLIDFYL
CSATGTGGRETQYF	IELSLIDFYL
CASSFPPGQGPQETQYF	IELSLIDFYL
CASSQNGREQFF	IELSLIDFYL
CASSLGQQQYF	IELSLIDFYL
CATSRDDRGTEAFF	IELSLIDFYL
CASSRWATPTTETDTQYF	IELSLIDFYL
CASSPDFNYEQYF	IELSLIDFYL
CSASTSGAEQYF	IELSLIDFYL
CASSTGRQSPGANVLTF	IELSLIDFYL
CSADRDRVEDTQYF	IELSLIDFYL
CSASTSEGLSYNEQFF	IELSLIDFYL
CASRGLAGGWNSYEQYF	IELSLIDFYL
CASSLSLGTGELFF	IELSLIDFYL
CASSESGAQWAHEQFF	IELSLIDFYL
CSASKESSYNEQFF	IELSLIDFYL
CSAGGLDNEQFF	IELSLIDFYL
CASSPPAGGADTQYF	IELSLIDFYL
CASSVLAGGRNEQFF	IELSLIDFYL
CASSEPGRILNTEAFF	IELSLIDFYL
CASRGLAGKSYEQYF	IELSLIDFYL
CASSGTSGISAQYF	IELSLIDFYL
CASRGRLAGDQRYEQYF	IELSLIDFYL
CASSSDSAYEQYF	IELSLIDFYL
CASSPQGEETQYF	IELSLIDFYL
CASSDIAGGYEQYF	IELSLIDFYL
CATKDSGNTEAFF	IELSLIDFYL
CASSLTGGTEAFF	IELSLIDFYL
CASLATSFDEQFF	IELSLIDFYL
CASSLASVREQYF	IELSLIDFYL
CASLGLAGIAFF	IELSLIDFYL
CASSEQLQFSYEQYF	IELSLIDFYL
CASSVEGDPSTDTQYF	IELSLIDFYL
CASSQDQGTVYGYTF	IELSLIDFYL
CASSPYLGQETQYF	IELSLIDFYL
CSASSGSTDTQYF	IELSLIDFYL
CASSYWSSKGQTRAFF	IELSLIDFYL
CSATIGGEDTQYF	IELSLIDFYL
CASSEPRADGELFF	IELSLIDFYL
CASSVTGVTEAFF	IELSLIDFYL
CASSLFGGYEQYF	IELSLIDFYL
CASRRGSYEQYF	IELSLIDFYL
CSASRGSNEQFF	IELSLIDFYL
CASSHPGLAGGEQFF	IELSLIDFYL
CATSPRTGDYEQYF	IELSLIDFYL
CASSQDLVLQYF	IELSLIDFYL
CASREPTGGYEQYF	IELSLIDFYL
CSADKTSGIPYNEQFF	IELSLIDFYL
CASSTFYLTYEQYF	IELSLIDFYL
CSAPEIGTGQGYTEAFF	IELSLIDFYL
CSVNSGSRYEQYF	IELSLIDFYL
CASSEPRGTNYGYTF	IELSLIDFYL
CASRDPALASYEQYF	IELSLIDFYL
CSALEGSNYGYTF	IELSLIDFYL
CSARSTTKRTGKDGTEAFF	IELSLIDFYL
CASSQPTSGLYEQYF	IELSLIDFYL
CSARRVGGDEQFF	IELSLIDFYL
CASSFDGTQYF	IELSLIDFYL
CASGNPGQGAHTGELFF	IELSLIDFYL
CATRGESGGTVEQFF	IELSLIDFYL
CSADGTSGSSDTQYF	IELSLIDFYL
CASSYSAGGGYNEQFF	IELSLIDFYL
CSAELESKNIQYF	IELSLIDFYL
CAISDPASATYEQYF	IELSLIDFYL
CSVGREGTYEQYF	IELSLIDFYL
CASSLDMDNSPLHF	IELSLIDFYL
CASSPGQGTEKLFF	IELSLIDFYL
CSADVESGGGREQFF	IELSLIDFYL
CASSESRSGANVLTF	IELSLIDFYL
CSATISSYEQYF	IELSLIDFYL
CASSLGMQYEQYF	IELSLIDFYL
CASSLAGGPGYEQYF	IELSLIDFYL
CASWAGGSYEQYF	IELSLIDFYL
CSAADGGSTGELFF	IELSLIDFYL
CASSPTPSSGNTIYF	IELSLIDFYL
CASSLGDRVYEQYF	IELSLIDFYL
CASSLEGYSNQPQHF	IELSLIDFYL
CASSVVDPPIGNYGYTF	IELSLIDFYL
CASSLGADMNTEAFF	IELSLIDFYL
CASTLGGWVQYF	IELSLIDFYL
CASSQDRGHEKLFF	IELSLIDFYL
CASSPGSGAETQYF	IELSLIDFYL
CSATLAGEAETQYF	IELSLIDFYL
CASSLGRDAGSYEQYF	IELSLIDFYL
CASHVQGSNQPQHF	IELSLIDFYL
CASSRGTATGELFF	IELSLIDFYL
CSGSPPGRGFNEQFF	IELSLIDFYL
CASSRDRGRLGSYNEQFF	IELSLIDFYL
CASSTNWADLSYNEQFF	IELSLIDFYL
CATVTGTKNNEQFF	IELSLIDFYL
CASSDTPDLGGYTF	IELSLIDFYL
CSVVAEYNEQFF	IELSLIDFYL
CASSQGGRETQYF	IELSLIDFYL
CSAVSGSTDTQYF	IELSLIDFYL
CASSPQDRGASYEQYF	IELSLIDFYL
CASSGQNTEAFF	IELSLIDFYL
CSVAPTGTSSSYEQYF	IELSLIDFYL
CASSYSEQGGGEQETQYF	IELSLIDFYL
CSVDTGSEQYF	IELSLIDFYL
CASSFGTDTQYF	IELSLIDFYL
CASSTTGFEQYF	IELSLIDFYL
CASSAAGVAYEQYF	IELSLIDFYL
CASSYGGRLAGTDTQYF	IELSLIDFYL
CASSLAGGLNEQFF	IELSLIDFYL
CSGLRTGGRAGELFF	IELSLIDFYL
CSATAESSYNEQFF	IELSLIDFYL
CSARYRDTDQPQHF	IELSLIDFYL
CASILGGGYTF	IELSLIDFYL
CASSNFNEQFF	IELSLIDFYL
CSANSEMVYQETQYF	IELSLIDFYL
CASSYTLTEMTEAFF	IELSLIDFYL
CASSFGGGGNQPQHF	IELSLIDFYL
CATSDRSTYNEQFF	IELSLIDFYL
CASSPVAGKETQYF	IELSLIDFYL
CATSSGGQPETSTDTQYF	IELSLIDFYL
CASSLFFGYEQYF	IELSLIDFYL
CASGLPTGRRADTQYF	IELSLIDFYL
CASSQDQGQPQHF	IELSLIDFYL
CASMLGPDTQYF	IELSLIDFYL
CASSQDWASGSYEQYF	IELSLIDFYL
CASSEEPLGNEQFF	IELSLIDFYL
CASSSGTVEQFF	IELSLIDFYL
CAIALPNGNTIYF	IELSLIDFYL
CASSQEGGGEYNEQFF	IELSLIDFYL
CASSLGSTGELFF	IELSLIDFYL
CAGREGSTDTQYF	IELSLIDFYL
CASSLEQAYNNEQFF	IELSLIDFYL
CAGLGREENTGELFF	IELSLIDFYL
CASRGAGARMRVEQYF	IELSLIDFYL
CASSGEVGGNTIYF	IELSLIDFYL
CASSYTMGYEQYF	IELSLIDFYL
CASSQGTYGTGGTEQFF	IELSLIDFYL
CASSKGGGVYMDTQYF	IELSLIDFYL
CASSLVSPSSYEQYF	IELSLIDFYL
CASSYLPGGYNEQFF	IELSLIDFYL
CASSGDHLIYEQYF	IELSLIDFYL
CSARPLADYYEQYF	IELSLIDFYL
CSARDPASASYNEQFF	IELSLIDFYL
CSALRASGSVNTEAFF	IELSLIDFYL
CSAIRGYTEAFF	IELSLIDFYL
CSATSGGAGNTGELFF	IELSLIDFYL
CSARETGGIHSPLHF	IELSLIDFYL
CASAEIAGGLSDTQYF	IELSLIDFYL
CASSTQGSGELFF	IELSLIDFYL
CATSGLAGVTDTQYF	IELSLIDFYL
CSASRLDNEQFF	IELSLIDFYL
CASSEKGSGTFDYEQYF	IELSLIDFYL
CASSIRHSANYGYTF	IELSLIDFYL
CARPPGRILTEQFF	IELSLIDFYL
CASSLRQGATEQFF	IELSLIDFYL
CSASGDQETQYF	IELSLIDFYL
CASGPAGGVTDTQYF	IELSLIDFYL
CASSQEDRGGYGYTF	IELSLIDFYL
CSARGQGDYEQYF	IELSLIDFYL
CSFLPYYTF	IELSLIDFYL
CATSSIAGETDTQYF	IELSLIDFYL
CASSYTQGATITDTQYF	IELSLIDFYL
CASSLEGGLDTQYF	IELSLIDFYL
CASSLAAGLGVTDTQYF	IELSLIDFYL
CASSRGETTDTQYF	IELSLIDFYL
RASSLIPLAGESYNEQFF	IELSLIDFYL
CSAERGTGGSEQYF	IELSLIDFYL
CASGSSAFF	IELSLIDFYL
CSARAYVEEGRIYEQYF	IELSLIDFYL
CATSEPKPATNEKLFF	IELSLIDFYL
CASSYSPQGGTYEQYF	IELSLIDFYL
CASSLFPATYEQYF	IELSLIDFYL
CSARDLESYEQYF	IELSLIDFYL
CSATDETGGSQETQYF	IELSLIDFYL
CASSVTGTGFLEQFF	IELSLIDFYL
CASSQDPRVGYGYTF	IELSLIDFYL
CASSLYGGGTYEQYF	IELSLIDFYL
CASSHGTSGRGYNEQFF	IELSLIDFYL
CASSPTGSEQYF	IELSLIDFYL
CASSEAGTDNSPLHF	IELSLIDFYL
CASSLDFVEGNTEAFF	IELSLIDFYL
CASSFGGLNYGYTF	IELSLIDFYL
CSASKGPEETQYF	IELSLIDFYL
CSAETGVGAEAFF	IELSLIDFYL
CSADSIVATGRNTEAFF	IELSLIDFYL
CASSVAGGPYEQYF	IELSLIDFYL
CASSPGQGTEAFF	IELSLIDFYL
CASSSPRASYGEQYF	IELSLIDFYL
CASSRADNEQFF	IELSLIDFYL
CSTDTHTGVEQYF	IELSLIDFYL
CSADRGRETQYF	IELSLIDFYL
CSADRGSYNEQFF	IELSLIDFYL
CASRSGTNTYTDTQYF	IELSLIDFYL
CSATWEGPPYNEQFF	IELSLIDFYL
CAISTPRLDGGTDTQYF	IELSLIDFYL
CSVVTGGSYGYTF	IELSLIDFYL
CASSYSLGTGVSYEQYF	IELSLIDFYL
CASSTGYEQYF	IELSLIDFYL
CASSSDPRAGAYEQYF	IELSLIDFYL
CASSLGAAGELFF	IELSLIDFYL
CASSHGLELPQSDTQYF	IELSLIDFYL
CASSIDSSYEQYF	IELSLIDFYL
CASWGMGLEQYF	IELSLIDFYL
CSAEEEDWNGVNNEQFF	IELSLIDFYL
CASSFAEKTYEQYF	IELSLIDFYL
CASSQEGQEFVDSGNTIYF	IELSLIDFYL
CASNQQTGGDFKAFF	IELSLIDFYL
CASSWGDEQFF	IELSLIDFYL
CASSLTTFPDF	IELSLIDFYL
CSARDRQGYLDEQYF	IELSLIDFYL
CASSHPEGMTGELFF	IELSLIDFYL
CASSFYTNNEQFF	IELSLIDFYL
CSATGQGGETQYF	IELSLIDFYL
CASSAPGTGSDTQYF	IELSLIDFYL
CASSEGNIQYF	IELSLIDFYL
CATSSLAGNTDTQYF	IELSLIDFYL
CASRNLDSAYEKLFF	IELSLIDFYL
CASTRGPSARDEQYF	IELSLIDFYL
CASSSGLAGIGQYEQYF	IELSLIDFYL
CASSSDRYEQYF	IELSLIDFYL
CASSFYPSGRLDTQYF	IELSLIDFYL
CSANSVEGATGELFF	IELSLIDFYL
CASSYGNYYEQYF	IELSLIDFYL
CATSGGQEYTDTQYF	IELSLIDFYL
CSATDLAGVNEQFF	IELSLIDFYL
CASSQDNSWGGYGYTF	IELSLIDFYL
CASSSLGNGPFRPQHF	IELSLIDFYL
CASSLRLANSYEQYF	IELSLIDFYL
CASRGLAGEGLTYEQYF	IELSLIDFYL
CATRGPDRSSYEQYF	IELSLIDFYL
CASSLNAGRAGEQYF	IELSLIDFYL
CASSAMDQNTEAFF	IELSLIDFYL
CAWRGGERYEQYF	IELSLIDFYL
CATPPRGGTGELFF	IELSLIDFYL
CASSTYRGTEAFF	IELSLIDFYL
CATSGTSADTQYF	IELSLIDFYL
CASSQLAGGFNEQFF	IELSLIDFYL
CASSLGSGVAGPSTDTQYF	IELSLIDFYL
CASSTEGPTYEQYF	IELSLIDFYL
CASSPHNWTFYEQYF	IELSLIDFYL
CASSLWVYQPQHF	IELSLIDFYL
CASSFVSNTGELFF	IELSLIDFYL
CASSGSGTVYF	IELSLIDFYL
CASSQEVATGGRGEQYF	IELSLIDFYL
CASSFGSPTANVLTF	IELSLIDFYL
CASSLLDGDTQYF	IELSLIDFYL
CASSQRFGEKLFF	IELSLIDFYL
CATSDLREQYF	IELSLIDFYL
CSVTGTSVYEQYF	IELSLIDFYL
CASSQSRSGGNTIYF	IELSLIDFYL
CASSFTGLGTGELFF	IELSLIDFYL
CASSSAWDGSTDTQYF	IELSLIDFYL
CATSRAWGTSTDTQYF	IELSLIDFYL
CASSYSAGAETQYF	IELSLIDFYL
CSARGYLDSYEQYF	IELSLIDFYL
CASSLASGAEAFF	IELSLIDFYL
CASSIFLNTEAFF	IELSLIDFYL
CASSLLSDSNQPQHF	IELSLIDFYL
CASSQDDSYEQYF	IELSLIDFYL
CASSIDITYEQYF	IELSLIDFYL
CASRPISGRITGELFF	IELSLIDFYL
CASRGLAGGPSYEQYF	IELSLIDFYL
CASSVGRTGDYEQYF	IELSLIDFYL
CASRGLRGGNYGYTF	IELSLIDFYL
CASSTPGQQNTGELFF	IELSLIDFYL
CASSYSGLAGATYEQYF	IELSLIDFYL
CSAQDRTSNEQFF	IELSLIDFYL
CASSRGGPLDREQFF	IELSLIDFYL
CSARGREGQYNEQFF	IELSLIDFYL
CASSYGNTIYF	IELSLIDFYL
CSADGTGRNEAFF	IELSLIDFYL
CSASTERDTDTQYF	IELSLIDFYL
CASSPYRNSYEQYF	IELSLIDFYL
CASSLAGGGIEKLFF	IELSLIDFYL
CASSQPIPGTGSKETQYF	IELSLIDFYL
CSARDWESSYEQYF	IELSLIDFYL
CASSPPGLAGVSDTQYF	IELSLIDFYL
CASSVVGTGDRDTQYF	IELSLIDFYL
CASSLGGVTEAFF	IELSLIDFYL
CASTPQISPNTEAFF	IELSLIDFYL
CASSSSGKPADTQYF	IELSLIDFYL
CASSLSGLANTGELFF	IELSLIDFYL
CASRGRSYEQYF	IELSLIDFYL
CASSVAYFSSSYEQYF	IELSLIDFYL
CASSQTGYDTEAFF	IELSLIDFYL
CRAIDQSRAPYEQYF	IELSLIDFYL
CASSAAGQVGTGANVLTF	IELSLIDFYL
CASSDPFDFNTGELFF	IELSLIDFYL
CASTVRGESYNEQFF	IELSLIDFYL
CSALAGELAVYEQYF	IELSLIDFYL
CASSLPVFPPADTQYF	IELSLIDFYL
CASGNNEQFF	IELSLIDFYL
CSADSGGLGETQYF	IELSLIDFYL
CASSFAGGTDTQYF	IELSLIDFYL
CASSLRGGSNEQFF	IELSLIDFYL
CASRLTYLNTEAFF	IELSLIDFYL
CASSFGNTEAFF	IELSLIDFYL
CSASSQGGFTDTQYF	IELSLIDFYL
CSARDLRGYEQYF	IELSLIDFYL
CASSSRQGARLGPGELFF	IELSLIDFYL
CASSQESGVKFF	IELSLIDFYL
CASSQDWWHEQYF	IELSLIDFYL
CATSLDSGKYQPQHF	IELSLIDFYL
CASSQGLSGGAYEQYF	IELSLIDFYL
CASSQGWGGSYEQYF	IELSLIDFYL
CASSLRPPADTGELFF	IELSLIDFYL
CASSDIQGPNSPLHF	IELSLIDFYL
CASSPFTPNTEAFF	IELSLIDFYL
CASSLAGGDAGLKNIQYF	IELSLIDFYL
CASSPSGSLIPNTEAFF	IELSLIDFYL
CASSYGRGSYNEQFF	IELSLIDFYL
CSASGGTGESYNEQFF	IELSLIDFYL
CASSPGKISYEQYF	IELSLIDFYL
CAWSVQLGEQYF	IELSLIDFYL
CSARDKHLLYGYTF	IELSLIDFYL
CSANPEGIHEQYF	IELSLIDFYL
CASSLLALAFQETQYF	IELSLIDFYL
CASSLAEGSGGVAYEQYF	IELSLIDFYL
CASSLGPGLNQPQHF	IELSLIDFYL
CATSRELQGGDTQYF	IELSLIDFYL
CASSGTGGLDTIYF	IELSLIDFYL
CATSTQTSGDTDTQYF	IELSLIDFYL
CASNGGRVTDTQYF	IELSLIDFYL
CASSFNRDIPRNEQFF	IELSLIDFYL
CASSKAAGTDRDSYNSPLHF	IELSLIDFYL
CASSHYLAGNEKLFF	IELSLIDFYL
CASSYYSGMQETQYF	IELSLIDFYL
CARQPRRLSYEQYF	IELSLIDFYL
CASSPQAGNVNTEAFF	IELSLIDFYL
CASSEASWGRNMNTEAFF	IELSLIDFYL
CSVGGGNEQYF	IELSLIDFYL
CSGGGTTDEQYF	IELSLIDFYL
CASSRLAGGPNEQFF	IELSLIDFYL
CASSQGPEAFF	IELSLIDFYL
CASSYGTPPTYEQYF	IELSLIDFYL
CASSPEGTANTGELFF	IELSLIDFYL
CASSLTSYQETQYF	IELSLIDFYL
CSARGNSGAYNEQFF	IELSLIDFYL
CASRQAISYEQYF	IELSLIDFYL
CSASASSETQYF	IELSLIDFYL
CSADREETQYF	IELSLIDFYL
CSATTSKETQYF	IELSLIDFYL
CASSVLAGGQNEQFF	IELSLIDFYL
CASSFETLNTGELFF	IELSLIDFYL
CASSLNPYGDNEQFF	IELSLIDFYL
CASSQLAGGLNEQFF	IELSLIDFYL
CASSGEADYGYTF	IELSLIDFYL
CASSQGQNLLNTEAFF	IELSLIDFYL
CASIRGRGQYF	IELSLIDFYL
CASSPGPGSYEQYF	IELSLIDFYL
CASRGQDPYEQYF	IELSLIDFYL
CASSHIVGPSYGYTF	IELSLIDFYL
CASSEWVGETQYF	IELSLIDFYL
CASSQGAGGRLETQYF	IELSLIDFYL
CASSLRTFTANTGELFF	IELSLIDFYL
CASSPFEVNGVNEQFF	IELSLIDFYL
CASSYSQGGQPQHF	IELSLIDFYL
CASSPLAGGEVAQPQHF	IELSLIDFYL
CASSLAHVRSSDTQYF	IELSLIDFYL
CASSKGDSPLTDTQYF	IELSLIDFYL
CASSQLAGDAYNEQFF	IELSLIDFYL
CASSNRSGTDTQYF	IELSLIDFYL
CASSYSGSYTDTQYF	IELSLIDFYL
CSASLEEGLQETQYF	IELSLIDFYL
CASRRPGTINAYEQYF	IELSLIDFYL
CASSDGSGGWDEQFF	IELSLIDFYL
CASSEVGTGTYEQYF	IELSLIDFYL
CASSLLASPSAQHF	IELSLIDFYL
CSVPSDRAQVTDTQYF	IELSLIDFYL
CASATGVDTQYF	IELSLIDFYL
CASIRQANLPLGELFF	IELSLIDFYL
CSARDLRGGGETQYF	IELSLIDFYL
CAISEDLEVYGYTF	IELSLIDFYL
CSARPSDRLYGYTF	IELSLIDFYL
CASSQVGDEQYF	IELSLIDFYL
CASSLWAGASYGYTF	IELSLIDFYL
CASSSTGTSGSYEQYF	IELSLIDFYL
CASSLETGNYGYTF	IELSLIDFYL
CASSSTGLYEQYF	IELSLIDFYL
CASSEVGTDTQYF	IELSLIDFYL
CASSFGGNTIYF	IELSLIDFYL
CASRGLAGAPTYEQYF	IELSLIDFYL
CASSQDPEGGSPYEQYF	IELSLIDFYL
CASSQESRGYEQYF	IELSLIDFYL
CASSSGQGNTEAFF	IELSLIDFYL
CASSYVPGDTEAFF	IELSLIDFYL
CASSHWAATTSGANVLTF	IELSLIDFYL
CASSGDRVGGGEKLFF	IELSLIDFYL
CSVDSHTGDRTDTQYF	IELSLIDFYL
CASSYRQGRTDTQYF	IELSLIDFYL
CASSPEGPGGTGELFF	IELSLIDFYL
CSAPTSGSSGGVF	IELSLIDFYL
CASSEGSGGPLEQYF	IELSLIDFYL
CATWQSGELFF	IELSLIDFYL
CASSSPPGLISYEQYF	IELSLIDFYL
CASSPQNSAYEQYF	IELSLIDFYL
CASSNDLQSGDTGELFF	IELSLIDFYL
CSASGNRETNEQFF	IELSLIDFYL
CSARGLAGVSYEQYF	IELSLIDFYL
CSAEPEPGPPGGETQYF	IELSLIDFYL
CASSSSGTGATEAFF	IELSLIDFYL
CASSAIAGAMDTEAFF	IELSLIDFYL
CSGNWERGYNEQFF	IELSLIDFYL
CASSIGGGGSYNEQFF	IELSLIDFYL
CASSLSGQLEAFF	IELSLIDFYL
CASSHLAGGENEQFF	IELSLIDFYL
CASSGPGSTSHQPQHF	IELSLIDFYL
CASSTGQGSWGYTF	IELSLIDFYL
CASSVRPGQGYQPQHF	IELSLIDFYL
CASSLDPGVDTQYF	IELSLIDFYL
CASGREAKNIQYF	IELSLIDFYL
CASSLGLNEQFF	IELSLIDFYL
CASSLNTGTKAFF	IELSLIDFYL
CASRGRWQKQPYEQYF	IELSLIDFYL
CASSQVQGLAGVDTQYF	IELSLIDFYL
CASSPYPGAGGQIGELFF	IELSLIDFYL
CASSSQGPDTQYF	IELSLIDFYL
CASSYSGTSGRWETQYF	IELSLIDFYL
CSARDLEEIGETQYF	IELSLIDFYL
CASSIQASSYEQYF	IELSLIDFYL
CSVIRSTENSPLHF	IELSLIDFYL
CSASGLTVEGHEQFF	IELSLIDFYL
CATTGHTSTDTQYF	IELSLIDFYL
CASSFEMTQYF	IELSLIDFYL
CASSTRQVGPVETQYF	IELSLIDFYL
CASSQGSGLYQETQYF	IELSLIDFYL
CASGTYRPGEQYF	IELSLIDFYL
CASSLQGGETQYF	IELSLIDFYL
CASSRDRGAEAFF	IELSLIDFYL
CASSPSPGLSTDTQYF	IELSLIDFYL
CASSRTNNEQFF	IELSLIDFYL
CASSSETSGANEQFF	IELSLIDFYL
CSALVFGQFF	IELSLIDFYL
CASSLVGSEQYF	IELSLIDFYL
CASRDSSSYEQYF	IELSLIDFYL
CASRGPGQGSYEQYF	IELSLIDFYL
CATRKPGEAFF	IELSLIDFYL
CASSSQGAVSYNEQFF	IELSLIDFYL
CASSYSYTDTQYF	IELSLIDFYL
CASSQGDVGGGGNTIYF	IELSLIDFYL
CASSLPRDRGTDTQYF	IELSLIDFYL
CASSVGHPPYEQYF	IELSLIDFYL
CASSLPRQGGSTEAFF	IELSLIDFYL
CASSGSLTDPNTGELFF	IELSLIDFYL
CSTAGVGETQYF	IELSLIDFYL
CASSYGGRTFNEQFF	IELSLIDFYL
CASSFDRGYEQYF	IELSLIDFYL
CASSEANYGYTF	IELSLIDFYL
CASSFVINGYTF	IELSLIDFYL
CASLGWENYGYTF	IELSLIDFYL
CASRGLADDDSSYEQYF	IELSLIDFYL
CSARGGTVGTEAFF	IELSLIDFYL
CASSYFGRTNTEAFF	IELSLIDFYL
CSATGGAYQETQYF	IELSLIDFYL
CSGSASGNEQFF	IELSLIDFYL
CASSFTRGHTEAFF	IELSLIDFYL
CASSLAAGMHEQYF	IELSLIDFYL
CASSDLGNEQFF	IELSLIDFYL
CSANNEQFF	IELSLIDFYL
CSASPSGGYNEQFF	IELSLIDFYL
CASSLLAGGGNEQFF	IELSLIDFYL
CASSLGQGITEQFF	IELSLIDFYL
CASSFQGAEKLFF	IELSLIDFYL
CSASPGDSGVPQETQYF	IELSLIDFYL
CASSLGETLPMGETQYF	IELSLIDFYL
CASSQERAGSRETQYF	IELSLIDFYL
CSVVARVGHTGELFF	IELSLIDFYL
CASSEALSALAGYEQYF	IELSLIDFYL
CASSPAAARVDEQFF	IELSLIDFYL
CSARVRTGGYEQYF	IELSLIDFYL
CASRNGGLEDTQYF	IELSLIDFYL
CSARDRDRGDNEQFF	IELSLIDFYL
CASSEATGVIYGYTF	IELSLIDFYL
CASSSGSPLAGELFF	IELSLIDFYL
CSAHLRTYNEQFF	IELSLIDFYL
CSAGQMENEQFF	IELSLIDFYL
CASSQGGGPKDTQYF	IELSLIDFYL
CASSLQGGDYEQYF	IELSLIDFYL
CSADHRGYEQYF	IELSLIDFYL
CASSGLAGGYNEQFF	IELSLIDFYL
CASSQGGDALPPGRDQPQHF	IELSLIDFYL
CASRGESSGGTYEQYF	IELSLIDFYL
CASSPTSGRLSYNEQFF	IELSLIDFYL
CASGHGADTQYF	IELSLIDFYL
CASSQERLHNEQFF	IELSLIDFYL
CSASEETDTQYF	IELSLIDFYL
CATSGAGVNQETQYF	IELSLIDFYL
CASSQGTSGPIYEQYF	IELSLIDFYL
CASSQSLPDGVGNQPQHF	IELSLIDFYL
CASSGVPISPLHF	IELSLIDFYL
CASSTGTATDTQYF	IELSLIDFYL
RGASCNYGYTF	IELSLIDFYL
CSAPPGPFYGYTF	IELSLIDFYL
CASSLDELIYGYTF	IELSLIDFYL
CASSLGISVQPQHF	IELSLIDFYL
CASSILAGGDNEQFF	IELSLIDFYL
CASSSVGARNEQFF	IELSLIDFYL
CASSQGLAGAPSTYEQYF	IELSLIDFYL
CASSTVSGSFYEQYF	IELSLIDFYL
CASSLDSPQLDEQFF	IELSLIDFYL
CASSLGVFEKLFF	IELSLIDFYL
CSVGEISNQPQHF	IELSLIDFYL
CASRGAIYEQYF	IELSLIDFYL
CSAKGLAGGRYEQFF	IELSLIDFYL
CASSLEQFREAFF	IELSLIDFYL
CASSYLGGTDTQYF	IELSLIDFYL
CASSQIQGAGYEQYF	IELSLIDFYL
CASGLGTGYEQYF	IELSLIDFYL
CASSDPGLQPQHF	IELSLIDFYL
CSVQTDRDTYGYTF	IELSLIDFYL
CASSLTGTPDTQYF	IELSLIDFYL
CTSSQDRASGEETQYF	IELSLIDFYL
CASSLGGREGYTF	IELSLIDFYL
CASSPCGCNF	IELSLIDFYL
CATNLRDSTEAFF	IELSLIDFYL
CASSEEDAAYYGYTF	IELSLIDFYL
CASSRQGARDEQYF	IELSLIDFYL
CASRLLAGGRNTGELFF	IELSLIDFYL
CASRGLADYSYEQYF	IELSLIDFYL
CATSSAGTSGGRGLPDEQYF	IELSLIDFYL
CSVTAGVGDTQYF	IELSLIDFYL
CSAYGGRREQYF	IELSLIDFYL
CASSALTDEQYF	IELSLIDFYL
CASGLVYWTEAFF	IELSLIDFYL
CAGSESNTGELFF	IELSLIDFYL
CSATTLGETQYF	IELSLIDFYL
CSVEANTGELFF	IELSLIDFYL
CASRGEIQGSYEQYF	IELSLIDFYL
CASSYGTGTSYNEQFF	IELSLIDFYL
CASTTQTGSYEQYF	IELSLIDFYL
CASRGPGQESYEQYF	IELSLIDFYL
CASTQLPGQGWTEAFF	IELSLIDFYL
CASSSNRGDSSTDTQYF	IELSLIDFYL
CASSFGNEQFF	IELSLIDFYL
CASRGITGVGQKTTYEQYF	IELSLIDFYL
CSARGPIFLAGEDTQYF	IELSLIDFYL
CSASLENYEQYF	IELSLIDFYL
CASSYFGTGGYEQYF	IELSLIDFYL
CASSLSSRGYTF	IELSLIDFYL
CASAPPGRDNSPLHF	IELSLIDFYL
CASSDSLNTIYF	IELSLIDFYL
CASSSPRVSYEQYF	IELSLIDFYL
CASSQHPGNTEAFF	IELSLIDFYL
CAISSGDTQYF	IELSLIDFYL
CASSPSGETQYF	IELSLIDFYL
CSATDEASYNEQFF	IELSLIDFYL
CASSTTGQGARGGTEAFF	IELSLIDFYL
CASSIQSTYEQYF	IELSLIDFYL
CASSDRQGASYGYTF	IELSLIDFYL
CASSVHEQFF	IELSLIDFYL
CASSSLALSYNEQFF	IELSLIDFYL
CASSSPGQNTEAFF	IELSLIDFYL
CASSLGETQYF	IELSLIDFYL
CSASGVGDTQYF	IELSLIDFYL
CASSYSPSTGQASYEQYF	IELSLIDFYL
CASSLGLAGGPGEQFF	IELSLIDFYL
CASSLGDSSYEQYF	IELSLIDFYL
CASSLVGGWADTQYF	IELSLIDFYL
CARGSNTEAFF	IELSLIDFYL
CSASDSYNEQFF	IELSLIDFYL
CASSHKLDGTLAYEQYF	IELSLIDFYL
CASSPEPPGTGVGYEQYF	IELSLIDFYL
CASVGSLGAGELFF	IELSLIDFYL
CACGPGFFSYEQYF	IELSLIDFYL
CSACFESSYNEQFF	IELSLIDFYL
CASRLFAGTGGNQPQHF	IELSLIDFYL
CASRGRAPSGLAVYEQYF	IELSLIDFYL
CSASVESETQYF	IELSLIDFYL
CASSFPTSGRSDTQYF	IELSLIDFYL
CASSLIVPGEQYF	IELSLIDFYL
CASTFFQGDGELFF	IELSLIDFYL
CASSQAVVFAEAFF	IELSLIDFYL
CASSQDRGYEQYF	IELSLIDFYL
CASSPTGTEAFF	IELSLIDFYL
CASSYPMRQMLIGGELFF	IELSLIDFYL
CAWSVSGGAYNEQFF	IELSLIDFYL
CASSQGLAGPYEQYF	IELSLIDFYL
CASSLLYANTGELFF	IELSLIDFYL
CASSLVLGDEAFF	IELSLIDFYL
CSAPTQGTDQPQHF	IELSLIDFYL
CASNSVSEGEAFF	IELSLIDFYL
CASSLTGQGAWEKLFF	IELSLIDFYL
CSVEDEPSGYNEQFF	IELSLIDFYL
CASSLTAYNEQFF	IELSLIDFYL
CALQTDRTEAFF	IELSLIDFYL
CASSFGIRQVTDTQYF	IELSLIDFYL
CANTGTGEKLFF	IELSLIDFYL
CSASAAGQVQETQYF	IELSLIDFYL
CSASRPVTGGETQYF	IELSLIDFYL
CASSEDETGIGPNEKLFF	IELSLIDFYL
CASSLGLAGVSRETQYF	IELSLIDFYL
CASSQEIGLADTDTQYF	IELSLIDFYL
CSVTLSSYEQYF	IELSLIDFYL
CASSLDWDTRGQNEQFF	IELSLIDFYL
CASSPGGAGETQYF	IELSLIDFYL
CASSLQVPQQFF	IELSLIDFYL
CASSLGGGLSSPLHF	IELSLIDFYL
CASRPGSAGYTF	IELSLIDFYL
CRAGWDRVENGYTF	IELSLIDFYL
CATSRAFEWTGQDTQYF	IELSLIDFYL
CASTVGTSISYNEQFF	IELSLIDFYL
CASSSAGSGLVYGYTF	IELSLIDFYL
CASIFETDPVTSTDTQYF	IELSLIDFYL
CSVGTNSEAFF	IELSLIDFYL
CASSRWGAGNEQFF	IELSLIDFYL
CASRGLADTDTQYF	IELSLIDFYL
CSAETSGEQFF	IELSLIDFYL
CSASYSDETQYF	IELSLIDFYL
CSAETEFRRNQPQHF	IELSLIDFYL
CSAREAGEGFF	IELSLIDFYL
CASRGLAGKVYEQYF	IELSLIDFYL
CATSDDRQEGTQYF	IELSLIDFYL
CASSYPPGQGNTGELFF	IELSLIDFYL
CASSQEAARGYEQYF	IELSLIDFYL
CASSAGTSSYEQYF	IELSLIDFYL
CATSGGLMNTEAFF	IELSLIDFYL
CASINPRNTEAFF	IELSLIDFYL
CSASTEGEVGNEQFF	IELSLIDFYL
CASSETGNYGYTF	IELSLIDFYL
CASSLDPRVNPWPFF	IELSLIDFYL
CATSDPGGGLSYNEQFF	IELSLIDFYL
CASSLTSGRGETQYF	IELSLIDFYL
CASSLGPGTSYEQYF	IELSLIDFYL
CSGELAGGNTQYF	IELSLIDFYL
CASSPGVAGELFF	IELSLIDFYL
CASSLGQGSEAFF	IELSLIDFYL
CSALGSWEQYF	IELSLIDFYL
CASSPPSGGPYNEQFF	IELSLIDFYL
CASSWGTEAFF	IELSLIDFYL
CASSQAGLATSTDTQYF	IELSLIDFYL
CATSDRTGAYEQYF	IELSLIDFYL
CASSLWAGTEAFF	IELSLIDFYL
CSASEEKSYNEQFF	IELSLIDFYL
CASSNTGGRAYEQYF	IELSLIDFYL
CSVEITRVNEQFF	IELSLIDFYL
CSASAHQETQYF	IELSLIDFYL
CASSYSHGTGTYEQYF	IELSLIDFYL
CASSGDRESEQYF	IELSLIDFYL
CSASSEDNRQYF	IELSLIDFYL
CASSKGDPHIGGTDTQYF	IELSLIDFYL
CATSDFTGEVTDTQYF	IELSLIDFYL
CSVDVTDTQYF	IELSLIDFYL
CSASGQGYEQYF	IELSLIDFYL
CSASWLTVGANVLTF	IELSLIDFYL
CSATMEGDEQYF	IELSLIDFYL
CASSLQGDKTQYF	IELSLIDFYL
CSAEREGNYNEQFF	IELSLIDFYL
CAWSVLLYNEQFF	IELSLIDFYL
CASSLSLSYEQYF	IELSLIDFYL
CASRPISGTGTNTGELFF	IELSLIDFYL
CSARGLAGGTNSYEQYF	IELSLIDFYL
CSASELANEQFF	IELSLIDFYL
CASSRHRQVEQYF	IELSLIDFYL
CASTKGLAGFYEQFF	IELSLIDFYL
CASNSGTGRYEQYF	IELSLIDFYL
CASSIGDSVSYEQYF	IELSLIDFYL
CASTPYDYEQYF	IELSLIDFYL
CSADRGLGTDTQYF	IELSLIDFYL
CSADRPGKHNEQFF	IELSLIDFYL
CSASVITDTQYF	IELSLIDFYL
CASSLASDSYNEQFF	IELSLIDFYL
CASSETGIQDEQFF	IELSLIDFYL
CSAITTTDTQYF	IELSLIDFYL
CASKRGPTDRTSGNTIYF	IELSLIDFYL
CSANRGALPYNEQFF	IELSLIDFYL
CASSSDRPYEQYF	IELSLIDFYL
CASSDYDGGEQYF	IELSLIDFYL
CASSLQGGQPQHF	IELSLIDFYL
CASSLMYRGLEETDTQYF	IELSLIDFYL
RASSLQVREQFF	IELSLIDFYL
CSVGGQDETSSSKWGPYEQYF	IELSLIDFYL
CSAIGTAIFQGNTEAFF	IELSLIDFYL
CASSPPLGRETQYF	IELSLIDFYL
CASSLDSYYNEQFF	IELSLIDFYL
CASSPIGTSDTDTQYF	IELSLIDFYL
CATEIAGGYNEQFF	IELSLIDFYL
CASSLYTGLAASTDTQYF	IELSLIDFYL
CASSLLVSVNTEAFF	IELSLIDFYL
CTSSQDRASGASGTQYF	IELSLIDFYL
CASSTPGGGVTEAFF	IELSLIDFYL
CASPRGYEQYF	IELSLIDFYL
CASSPFEGTDTQYF	IELSLIDFYL
CASGSVTGMNTEAFF	IELSLIDFYL
CSARTAKEIYEQYF	IELSLIDFYL
CASSLLAGGENIQYF	IELSLIDFYL
CASSLATEAFF	IELSLIDFYL
CASSYQSGSSYNEQFF	IELSLIDFYL
CSAAGQGGETQYF	IELSLIDFYL
CASSQLAGGPNEQFF	IELSLIDFYL
CASSYSMAGGTYEQYF	IELSLIDFYL
CASSIAREGQPQHF	IELSLIDFYL
CASSLGGQEAFF	IELSLIDFYL
CATIVIDEQFF	IELSLIDFYL
CASSMVVATGRGQPQHF	IELSLIDFYL
CSAEREGQAALGETQYF	IELSLIDFYL
CASSYSNGLQRPITNEKLFF	IELSLIDFYL
CASSQGGYEQYF	IELSLIDFYL
CASSEVVDTQYF	IELSLIDFYL
CASSESHEQYF	IELSLIDFYL
CAISGLGGTSFSDTGELFF	IELSLIDFYL
CSGNSQAYEQYF	IELSLIDFYL
CASSDSGELFF	IELSLIDFYL
CASSLSGASYEQYF	IELSLIDFYL
CASRGLAGGTTYEQYF	IELSLIDFYL
CASSLSGRHTEAFF	IELSLIDFYL
CASSLEYPSGSPDTQYF	IELSLIDFYL
CATSSLRGSTDTQYF	IELSLIDFYL
CASSPEGAVYEQYF	IELSLIDFYL
CASSLTGRHNEQFF	IELSLIDFYL
CATEETGLAFNEQFF	IELSLIDFYL
CASSETSAYTQYF	IELSLIDFYL
CSAREVLAGDNEQFF	IELSLIDFYL
CASSTPGGEQYF	IELSLIDFYL
CASSSGATPSTDTQYF	IELSLIDFYL
CASSLRLAGDDNEQFF	IELSLIDFYL
CASSLGFPGELFF	IELSLIDFYL
CASSPQATGSEKLFF	IELSLIDFYL
CSPRGILNWESNEQFF	IELSLIDFYL
CATSDFLGAGLTDTQYF	IELSLIDFYL
CASSQAGTGPSGELFF	IELSLIDFYL
CASSLRDIQPQHF	IELSLIDFYL
CASSLLAGADNEQFF	IELSLIDFYL
CASSHPGSSAPNEKLFF	IELSLIDFYL
CSVGPGLAGGHYNEQFF	IELSLIDFYL
CASSEALGENQPQHF	IELSLIDFYL
CATSDSPYNEQFF	IELSLIDFYL
CASSELETVPNEKLFF	IELSLIDFYL
CASSYTQGGGYTF	IELSLIDFYL
CASTLQGNYGYTF	IELSLIDFYL
CASSQGSGPTGYEQYF	IELSLIDFYL
CASEVSRTYYNEQFF	IELSLIDFYL
CASSYSEGPRIEAFF	IELSLIDFYL
CASSADGLNTYEQYF	IELSLIDFYL
CASHISTSGLHEQYF	IELSLIDFYL
CSARTLNTEAFF	IELSLIDFYL
CAISDPQGPQPQHF	IELSLIDFYL
CASSLSGDEQFF	IELSLIDFYL
CASSQDGGDQPQHF	IELSLIDFYL
CSAGGAEQFF	IELSLIDFYL
CSASQELRETQYF	IELSLIDFYL
CSARDRDRGYEQYF	IELSLIDFYL
CAISEPARGEETQYF	IELSLIDFYL
CASQGRDSYGDGYTF	IELSLIDFYL
CASSRLAGGPNEQFF	IELSLIDFYL
CASSLDLFYEQYF	IELSLIDFYL
CASSLAPLGADNEQFF	IELSLIDFYL
CASSPDSHNEQFF	IELSLIDFYL
CASRTGTGSYNEQFF	IELSLIDFYL
CASSQDEASGVYNEQFF	IELSLIDFYL
CASTSLHPNYGYTF	IELSLIDFYL
CSARDSGVLYTQYF	IELSLIDFYL
CSADRRGHEQYF	IELSLIDFYL
CASSQEEYEQYF	IELSLIDFYL
CASSELVGTGGNEQYF	IELSLIDFYL
CASSPLTDTQYF	IELSLIDFYL
CSATQVNTEAFF	IELSLIDFYL
CASSQEVQLNTGELFF	IELSLIDFYL
CSASYGYTF	IELSLIDFYL
CASSRGGNQETQYF	IELSLIDFYL
CASSSPSSGATNTGELFF	IELSLIDFYL
CAILWGNEQYF	IELSLIDFYL
CSARDLTSYEQYF	IELSLIDFYL
CSATDRDNEQFF	IELSLIDFYL
CATTSGTSGRGSYEQYF	IELSLIDFYL
CASSIATGLTHNEQFF	IELSLIDFYL
CASSSPGQGVFNEQFF	IELSLIDFYL
CASSLEGWAGDPNEQFF	IELSLIDFYL
CSASPAGQTQYF	IELSLIDFYL
CSANIEPVSYEQYF	IELSLIDFYL
CASTSAGGRQFF	IELSLIDFYL
CASRTNLGYTF	IELSLIDFYL
CASSSSQGYEQYF	IELSLIDFYL
CSATRTKETQYF	IELSLIDFYL
CASSHLVDEQFF	IELSLIDFYL
CASIHRQGNYEQYF	IELSLIDFYL
CASSQDHLVAFF	IELSLIDFYL
CSARALSGSGGEQFF	IELSLIDFYL
CASSLFGGAILRYEQYF	IELSLIDFYL
CASSKGHSRENEQFF	IELSLIDFYL
RASSFLHSFRPDTEAFF	IELSLIDFYL
CASNIQGYGYEQYF	IELSLIDFYL
CASSVSRDRGLYGYTF	IELSLIDFYL
CASSLGHSVSTIYF	IELSLIDFYL
CATSSLAKSTDTQYF	IELSLIDFYL
CSASTGVGSGYEQYF	IELSLIDFYL
CSADDGQGGNEQFF	IELSLIDFYL
CASSTGLDEQFF	IELSLIDFYL
CSARAMDRSSYEQYF	IELSLIDFYL
CASSLPGENPIANYGYTF	IELSLIDFYL
CASSLDRGLTEAFF	IELSLIDFYL
CASSLWGQETQYF	IELSLIDFYL
CARLNSPLHF	IELSLIDFYL
CSADTGTGVSPLHF	IELSLIDFYL
CSARELEGAYEQYF	IELSLIDFYL
CASSLTPVGAEQFF	IELSLIDFYL
CASSEIQGEQFF	IELSLIDFYL
CASTLRVPYEQYF	IELSLIDFYL
CSARTGYEQYF	IELSLIDFYL
CSATSEPSYNEQFF	IELSLIDFYL
CASSQYRAGTQYF	IELSLIDFYL
CASSLTQETQYF	IELSLIDFYL
CASSLEGYSNQPQHF	IELSLIDFYL
CASSLRGSYEQYF	IELSLIDFYL
CATTTIIPGQELNYGYTF	IELSLIDFYL
CASSMTSGGFNEQFF	IELSLIDFYL
CASSLSGTEAFF	IELSLIDFYL
CASSQNNEQFF	IELSLIDFYL
CASSSLGGYNEQFF	IELSLIDFYL
CASSSRTGGNTGELFF	IELSLIDFYL
CASSPGASGRAHEQFF	IELSLIDFYL
CASSAKGPGELFF	IELSLIDFYL
CASSLLPGQGRGEQYV	IELSLIDFYL
CASSEGQGSSGNTIYF	IELSLIDFYL
CASSQGPSGGDEQFF	IELSLIDFYL
CASSLEVAGGREKLFF	IELSLIDFYL
CASSFGTTGGPLFSYEQYF	IELSLIDFYL
CSAPPWVAGAGEQYF	IELSLIDFYL
CSATTSTDTQYF	IELSLIDFYL
CASSREDRSGYGYTF	IELSLIDFYL
CASSQESNYGYTF	IELSLIDFYL
CASSLERQDYGYTF	IELSLIDFYL
CSVEDLTGTGGSLYGYTF	IELSLIDFYL
CSASGSTDTQYF	IELSLIDFYL
CASSRWDRADYGYTF	IELSLIDFYL
CASSPSAGGELFF	IELSLIDFYL
CASSGVTDRMSSYEQYF	IELSLIDFYL
CASSLAGGVYEQYF	IELSLIDFYL
CARFPGQKALRTSGANVLTF	IELSLIDFYL
CASSATGGGEQFF	IELSLIDFYL
CASSLWASGEQYF	IELSLIDFYL
CSATSGGSGNTGELFF	IELSLIDFYL
CASSDGTAQGDGNTIYF	IELSLIDFYL
CASSQEDRAGYGYTF	IELSLIDFYL
CASSRLAGGNNEQFF	IELSLIDFYL
CASSYSLGQNTEAFF	IELSLIDFYL
CASSQVLGKEAFF	IELSLIDFYL
CARSNISNQPQHF	IELSLIDFYL
CSARGTTPGQGSYEQYF	IELSLIDFYL
CASSYNEQFF	IELSLIDFYL
CSALGAYEQYF	IELSLIDFYL
CSLSGGMGETQYF	IELSLIDFYL
CASSQGENTEAFF	IELSLIDFYL
CASSARLAGAGDTQYF	IELSLIDFYL
CASSLVGADTQYF	IELSLIDFYL
CSAPDTFNEQFF	IELSLIDFYL
CASSSVTGELFF	IELSLIDFYL
CSAVSLPQGGNTEAFF	IELSLIDFYL
CASDTARRSSTDTQYF	IELSLIDFYL
CASSLAGNEQFF	IELSLIDFYL
CASTRLDREGDQPQHF	IELSLIDFYL
CASRGRTGDSYEQYF	IELSLIDFYL
CASSTGQGAYGYTF	IELSLIDFYL
CASSYTLAGLKTQYF	IELSLIDFYL
CASSTPTGALAGELFF	IELSLIDFYL
CSAVWTRETQYF	IELSLIDFYL
CSAHVPDRPSGEQYF	IELSLIDFYL
CASSLPQGTTNEKLFF	IELSLIDFYL
CASSLIWTTGSEQFF	IELSLIDFYL
CASSSRGTVNTEAFF	IELSLIDFYL
CASSYGLSGTSGIEQFF	IELSLIDFYL
CASRLAGGLNNEQFF	IELSLIDFYL
CASSSPRDFDRELFF	IELSLIDFYL
CASKTGGYEQYF	IELSLIDFYL
CASRLLAGGLPRGDPYEQYF	IELSLIDFYL
CASSLDGTSYNEQFF	IELSLIDFYL
CASRGLAGPSYEQYF	IELSLIDFYL
CASTLETYGYTF	IELSLIDFYL
CASSYSGSSYNEQFF	IELSLIDFYL
CASSVGDSYYEQYF	IELSLIDFYL
CASSLLDGAYTGELFF	IELSLIDFYL
CASSEVRGQNTEAFF	IELSLIDFYL
CASSHPLNYEQFF	IELSLIDFYL
CSADTSQGEQYF	IELSLIDFYL
CSATRPTSGGARGQETQYF	IELSLIDFYL
CASSLYNKNSPLHF	IELSLIDFYL
CASSQGGQLAGGQETQYF	IELSLIDFYL
CSARDSFVGAEQYF	IELSLIDFYL
CASSSNTGELFF	IELSLIDFYL
CASSFFQNTGELFF	IELSLIDFYL
CASSYGPSGGYEQYF	IELSLIDFYL
CASSPDRGYEQYF	IELSLIDFYL
CASSFGWNTEAFF	IELSLIDFYL
CASSQGVGSSSGNTIYF	IELSLIDFYL
CASSQEAGNPPGETQYF	IELSLIDFYL
CASSLSGAGGVNNEQFF	IELSLIDFYL
CASRPDSSGSPLHF	IELSLIDFYL
CSATRTGSWETQYF	IELSLIDFYL
CASSLAGPTDTQYF	IELSLIDFYL
CSASYEESMNEQFF	IELSLIDFYL
CSASGSSYEQYF	IELSLIDFYL
CASSLTGQGFYGYTF	IELSLIDFYL
CASSYSGSSYEQYF	IELSLIDFYL
CASSPEDRAWNEQFF	IELSLIDFYL
CSANSDRPYEQYF	IELSLIDFYL
CASSPDRGYEQYF	IELSLIDFYL
CSAEGQGDYEQYF	IELSLIDFYL
CSVEVTGDEQYF	IELSLIDFYL
CASSGEQGTF	IELSLIDFYL
CASRVVPGELFF	IELSLIDFYL
CASSYSEGQPQHF	IELSLIDFYL
CASSLLPADEQYF	IELSLIDFYL
CSAHSGLAEPIGNEQFF	IELSLIDFYL
CSAEQGSGHGYTF	IELSLIDFYL
CASSIGTDTEAFF	IELSLIDFYL
CASSSPSAGAGTGELFF	IELSLIDFYL
CASRGPGQSSYEQYF	IELSLIDFYL
CASRTGGNQYF	IELSLIDFYL
CASKGGESTDTQYF	IELSLIDFYL
CASSSTGWDGTDTQYF	IELSLIDFYL
CASSYSNPVYGYTF	IELSLIDFYL
CASSLLAGGLNEQFF	IELSLIDFYL
CASIVTGSYNEQFF	IELSLIDFYL
CASTWTGREQYF	IELSLIDFYL
CASRLTGGQFF	IELSLIDFYL
CASSQEGAGLAGNNEQFF	IELSLIDFYL
CAISDPPTGQGTQYF	IELSLIDFYL
CASSTTNGVGNTIYF	IELSLIDFYL
CASSPRDRAGETQYF	IELSLIDFYL
CASLLGQNYGYTF	IELSLIDFYL
CSATDQGYEQYF	IELSLIDFYL
CASSLFSGNEQFF	IELSLIDFYL
CASTPQFNEQFF	IELSLIDFYL
CASSSGTSGTHEQYF	IELSLIDFYL
CASSLRTDNSPLHF	IELSLIDFYL
CATRGPVGYTF	IELSLIDFYL
CASSFTGTPYNEQFF	IELSLIDFYL
CASSFGGMNTEAFF	IELSLIDFYL
CASSLGGNEQFF	IELSLIDFYL
CASSYSLSGAANTGELFF	IELSLIDFYL
CSVEDRERTEAFF	IELSLIDFYL
CSALGRTNTGELFF	IELSLIDFYL
CASSYTNTEAFF	IELSLIDFYL
CASSPPGATAIDTQYF	IELSLIDFYL
CASSFETGSTDTQYF	IELSLIDFYL
CASSLMGVEQYF	IELSLIDFYL
CASRGVYYSYNEQFF	IELSLIDFYL
CASSGGLANTYEQYF	IELSLIDFYL
CSASVPTGVLSYEQYF	IELSLIDFYL
CASSLVGPYSTDTQYF	IELSLIDFYL
CASRGRTSRVPSTYEQYF	IELSLIDFYL
CASSQEVDSYNEQFF	IELSLIDFYL
CASSFYSNQPQHF	IELSLIDFYL
CSVDSGRALEQFF	IELSLIDFYL
CASSHTDRANTEAFF	IELSLIDFYL
CASSQDHQGGYEQYF	IELSLIDFYL
CASSEALSGRKYEQYF	IELSLIDFYL
CASSPKIRTTGDTQYF	IELSLIDFYL
CASSLGSGQETQYF	IELSLIDFYL
CASSTGDYYGYTF	IELSLIDFYL
CSANGAGGTNIQYF	IELSLIDFYL
CSASRRSDEQYF	IELSLIDFYL
CASSGMEVHTEAFF	IELSLIDFYL
CASSGFSSYNEQFF	IELSLIDFYL
CASSQDFGGYEQYF	IELSLIDFYL
CSARDLSGGVKDTGELFF	IELSLIDFYL
CASSEYHFYEQYF	IELSLIDFYL
CASSPRALYGYTF	IELSLIDFYL
CASSLEDRYEQYF	IELSLIDFYL
CSANRGPQPYEQYF	IELSLIDFYL
CASSFYAPTDEQYF	IELSLIDFYL
CASSLTSGGSYNEQFF	IELSLIDFYL
CSTQLHTDTQYF	IELSLIDFYL
CASSFGVFTEAFF	IELSLIDFYL
CSARVRGLIYGYTF	IELSLIDFYL
CSVDSTGEAFF	IELSLIDFYL
CASSQKAGEPIYNEQFF	IELSLIDFYL
CSMRDGVYEQYF	IELSLIDFYL
CATSDTQGANQPQHF	IELSLIDFYL
CASSGQVAMNTEAFF	IELSLIDFYL
CASSLVGGGYNEQFF	IELSLIDFYL
CASSVWDRESGELFF	IELSLIDFYL
CASSQDTGPIPYNEQFF	IELSLIDFYL
CASSFAQMNTEAFF	IELSLIDFYL
CASSPENRVYEQYF	IELSLIDFYL
CSADHAASSYNEQFF	IELSLIDFYL
CASSEVSGLDTQYF	IELSLIDFYL
CASSEYSNRANTEAFF	IELSLIDFYL
CAYGEQEISYNEQFF	IELSLIDFYL
CANLLTVIYGYTF	IELSLIDFYL
CASSLRGAHNSPLHF	IELSLIDFYL
CSAMGVNQPQHF	IELSLIDFYL
CSARGTVQGTDGYTF	IELSLIDFYL
CASTRQGISSYNEQFF	IELSLIDFYL
CSARGWAELKNGYEQYF	IELSLIDFYL
CASNNRTSSSSYEQYF	IELSLIDFYL
CATNTVDGSTDTQYF	IELSLIDFYL
CASSLSATGAYEQYF	IELSLIDFYL
CSAADESSYNEQFF	IELSLIDFYL
CSVEDTANYGYTF	IELSLIDFYL
CASSQVSANTEAFF	IELSLIDFYL
CSARVRGEVTGELFF	IELSLIDFYL
CASSLWPATDTQYF	IELSLIDFYL
CASSGGWGQPQHF	IELSLIDFYL
CSAATGGETQYF	IELSLIDFYL
CASSYVGDTQYF	IELSLIDFYL
CASSPLIRQGNTEAFF	IELSLIDFYL
CASSEGFFSYEQYF	IELSLIDFYL
CASGLLAGGPNEQFF	IELSLIDFYL
CASRFEQFF	IELSLIDFYL
CSSDRTGGHEQYF	IELSLIDFYL
CASIMYSGTNTGELFF	IELSLIDFYL
CSVETGGVGQPQHF	IELSLIDFYL
CASSSYLGNEQFF	IELSLIDFYL
CASRGLAGGRYEQYF	IELSLIDFYL
CSASRSDRGGETQYF	IELSLIDFYL
CSANKQDYEQYF	IELSLIDFYL
CATSRVDRGNTEAFF	IELSLIDFYL
CASSLFMSANTEAFF	IELSLIDFYL
CASSLFSILDYTF	IELSLIDFYL
CASSPPGLAGASSDEQFF	IELSLIDFYL
CASSFPFTGTANTGELFF	IELSLIDFYL
CASSFPGQDSNQPQHF	IELSLIDFYL
CASKKYGYTF	IELSLIDFYL
CASSFGQYNSPLHF	IELSLIDFYL
CASFDRGPYEQYF	IELSLIDFYL
CSARALAGDSVQFF	IELSLIDFYL
CASSFLSGGGDTQYF	IELSLIDFYL
CASSSDRGRRTGELFF	IELSLIDFYL
CASSFATGVGETQYF	IELSLIDFYL
CASSPSDRVSSYEQYF	IELSLIDFYL
CASRGLAGESGTYEQYF	IELSLIDFYL
CASSHIRDTQYF	IELSLIDFYL
CASSQSGGKETQYF	IELSLIDFYL
CASSLIFSGELFF	IELSLIDFYL
CSASLEQAPWETQYF	IELSLIDFYL
CASSYFGSRWTDGYTF	IELSLIDFYL
CASSYAGVRTEEFF	IELSLIDFYL
CAWRVPGGYEAFF	IELSLIDFYL
CSASMEPNNEQFF	IELSLIDFYL
CASSLSSGTGISGANVLTF	IELSLIDFYL
CASSLVGAANEKLFF	IELSLIDFYL
CASSPGQGNFGQFF	IELSLIDFYL
CASSIQGLAGVSGANVLTF	IELSLIDFYL
CASSLAWSSSYNEQFF	IELSLIDFYL
CSAPGLAGGQTDTQYF	IELSLIDFYL
CSGLAGELIVYEQYF	IELSLIDFYL
CASSYSNTGELFF	IELSLIDFYL
CASSHGTGLAGPTDTQYF	IELSLIDFYL
CSARDPGGQGVYEQYF	IELSLIDFYL
CASSQDIGGGEGDTQYF	IELSLIDFYL
CASSQVNSISYEQYF	IELSLIDFYL
CASSLVWGLGETQYF	IELSLIDFYL
CASSQDVAGGQPQHF	IELSLIDFYL
CASSLVNQETQYF	IELSLIDFYL
CSASLGLAYNEQFF	IELSLIDFYL
CSATQSTDTQYF	IELSLIDFYL
CASSFDGTGELFF	IELSLIDFYL
CASSLAHQETQYF	IELSLIDFYL
CASSQESGAGLGQFF	IELSLIDFYL
CASSQEGPVQAKNIQYF	IELSLIDFYL
CASTPPPTPSYNEQFF	IELSLIDFYL
CASRGGRGLPTIESYEQYF	IELSLIDFYL
CASSLGTDSYNEQFF	IELSLIDFYL
CASSSRDSTDTQYF	IELSLIDFYL
CASSQGHDLQETQYF	IELSLIDFYL
CASSYVGESYEQYF	IELSLIDFYL
CSASSESWYNEQFF	IELSLIDFYL
CASSLPVGGLSSYEQYF	IELSLIDFYL
