CDR3	AA
CASSHGLPNTGELFF	SEYKGPITDVFY
CASSIGLAGSNEQFF	SEYKGPITDVFY
CASSKKVAATNEKLFF	SEYKGPITDVFY
CASSEAPVYGYTF	SEYKGPITDVFY
CASRQETQYF	SEYKGPITDVFY
CASSYSRDTYTGELFF	SEYKGPITDVFY
CSARRGQGNTEAFF	SEYKGPITDVFY
CASSQDGGLAGVRETQYF	SEYKGPITDVFY
CASSYSGLAGGQETQYF	SEYKGPITDVFY
CASSQDVSGGEQYF	SEYKGPITDVFY
CSVDVRGRALEKLFF	SEYKGPITDVFY
CASSVGLYNSPLHF	SEYKGPITDVFY
CASSPGTRQETQYF	SEYKGPITDVFY
CASSLGGGDEAFF	SEYKGPITDVFY
CSAPRGAGDYNEQFF	SEYKGPITDVFY
CASSISSILTGADTQYF	SEYKGPITDVFY
CASSLDAGTGFSYEQYF	SEYKGPITDVFY
CASSEEFGTGYQETQYF	SEYKGPITDVFY
CSARGEGGYGEGNQPQHF	SEYKGPITDVFY
CASSLLADYEQYF	SEYKGPITDVFY
CASSLGESSEAFF	SEYKGPITDVFY
CASSSRTSGLGVSQYF	SEYKGPITDVFY
CASSKLAGGPSSTDTQYF	SEYKGPITDVFY
CASSSMTGFYNSPLHF	SEYKGPITDVFY
CSVEDPGHGYTF	SEYKGPITDVFY
CASAGDGPYEQYF	SEYKGPITDVFY
CSARDGTGFVETQYF	SEYKGPITDVFY
CSAVPNERGSYYEQYF	SEYKGPITDVFY
CASSLGGTSGSGFSDTQYF	SEYKGPITDVFY
CSVAPGAPGAFF	SEYKGPITDVFY
CASSGTGEGYEQYF	SEYKGPITDVFY
CATSGSGTPQEYF	SEYKGPITDVFY
CASTSGPEQFF	SEYKGPITDVFY
CASSFLGGAPAGELFF	SEYKGPITDVFY
CASSPGTHYEQYF	SEYKGPITDVFY
CASSQSGWQAFF	SEYKGPITDVFY
CASSLGLAGANEQYF	SEYKGPITDVFY
CASSFLRGQETQYF	SEYKGPITDVFY
CASSSYEQYF	SEYKGPITDVFY
CASSLEGTGWSYEQYF	SEYKGPITDVFY
CASSSPLTGGLYNEQFF	SEYKGPITDVFY
CASRAGTSEFF	SEYKGPITDVFY
CASSPGLAGAHEQFF	SEYKGPITDVFY
CASSLLAEETQYF	SEYKGPITDVFY
CASSYDVTGGFSYGYTF	SEYKGPITDVFY
CSASGSVKIYEQYF	SEYKGPITDVFY
CASSPGYEQFF	SEYKGPITDVFY
CASKGTPSGRNEQFF	SEYKGPITDVFY
CASSWTGRGTEAFF	SEYKGPITDVFY
CASSLSGGAWETQYF	SEYKGPITDVFY
CASSPGTGWDEQYF	SEYKGPITDVFY
CASIPGNSYEQYF	SEYKGPITDVFY
CASSHPRTSGRNTGELFF	SEYKGPITDVFY
CASTTNRGGGNTEAFF	SEYKGPITDVFY
CASSDGGNEQFF	SEYKGPITDVFY
CASRQGQGAFF	SEYKGPITDVFY
CASNTGPSGEQYF	SEYKGPITDVFY
CASSPGLAGANTQYF	SEYKGPITDVFY
CASRIMDGNQPQHF	SEYKGPITDVFY
CASSRGGLGYGYTF	SEYKGPITDVFY
CSARSSLGLGETQYF	SEYKGPITDVFY
CASSPTSGEWADTQYF	SEYKGPITDVFY
CASSHPPDSYNEKLFF	SEYKGPITDVFY
CASSLGGGDTQYF	SEYKGPITDVFY
CASSIHLTDTQYF	SEYKGPITDVFY
CASSWGYGADEQFF	SEYKGPITDVFY
CAWSGLAETFTDTQYF	SEYKGPITDVFY
