CDR3	AA
CASSLRGDILYEQYF	YFTSDYYQLY
CASSSRTSGSSRPGEQYF	YFTSDYYQLY
CSGRLANEQFF	YFTSDYYQLY
CAIKPRTGDFYNEQFF	YFTSDYYQLY
CASRAPDSSEQYF	YFTSDYYQLY
CASSYTRRNTGELFF	YFTSDYYQLY
CASSDTGLGGKLFF	YFTSDYYQLY
CASSLGLSSPLHF	YFTSDYYQLY
CASSYREDRGTQYF	YFTSDYYQLY
CSARVRTDSYEQYF	YFTSDYYQLY
CASGPESGNPGELFF	YFTSDYYQLY
CASSSRTSGTPGSYNEQFF	YFTSDYYQLY
CASRLRTDYNEQFF	YFTSDYYQLY
CASSLGGQGDGSPLHF	YFTSDYYQLY
CASSQFQGLPEAFF	YFTSDYYQLY
CASTLRGDFVGYQPQHF	YFTSDYYQLY
CSVAMDPYYGYTF	YFTSDYYQLY
CASSLGGGSTDTQYF	YFTSDYYQLY
CASSLWTGYNEKLFF	YFTSDYYQLY
CATSDSAQGDSNQPQHF	YFTSDYYQLY
CASSYQAVQETQYF	YFTSDYYQLY
CASSLWTGIGNEQFF	YFTSDYYQLY
CSALLPPQETQYF	YFTSDYYQLY
CASSLGASSTDTQYF	YFTSDYYQLY
CASSLTSGSLRNEQFF	YFTSDYYQLY
CASSDIGGRETQYF	YFTSDYYQLY
CASEVAGTRGEQFF	YFTSDYYQLY
CASSHGPGQGYEQYF	YFTSDYYQLY
CASSESTDVNEQFF	YFTSDYYQLY
CASSVGEGPRDTQYF	YFTSDYYQLY
CASSLTASYEQYF	YFTSDYYQLY
CASRQRDTANYGYTF	YFTSDYYQLY
CASRPSGTGGTGELFF	YFTSDYYQLY
CSAREMGYEQYF	YFTSDYYQLY
CASSVGGAVGYEAQYF	YFTSDYYQLY
CASSQLPGQGYEQYF	YFTSDYYQLY
CATMPNCATGASGCEQYF	YFTSDYYQLY
CSVEDPSHGQGF	YFTSDYYQLY
CATSDPGQPLYGYTF	YFTSDYYQLY
CASSMLGTDTQYF	YFTSDYYQLY
CASSYSVGGEAFF	YFTSDYYQLY
CASSRLGGSGYEQYF	YFTSDYYQLY
CASRLRLDYNEQFF	YFTSDYYQLY
CASSYWTGAGETQYF	YFTSDYYQLY
CSARDAAEYYEQYF	YFTSDYYQLY
CATSSPETGKPYNEQFF	YFTSDYYQLY
CASSTWTGEGYEQYF	YFTSDYYQLY
CASSQAGQGDGSPLHF	YFTSDYYQLY
CASSLWTGIGNEQFF	YFTSDYYQLY
CASSSVAGTGELFF	YFTSDYYQLY
CASSLEAGAVNEQFF	YFTSDYYQLY
CASSISGRGDGSPLHF	YFTSDYYQLY
CASSPGDSRTDTQYF	YFTSDYYQLY
CASRIDRDHSNQPQHF	YFTSDYYQLY
CASSWDRVVNEQFF	YFTSDYYQLY
CASSLGLAGDSYEQYF	YFTSDYYQLY
CASSLAGVGYGYTF	YFTSDYYQLY
CASSQGPPGRNEQFF	YFTSDYYQLY
CASKGSSYEQYF	YFTSDYYQLY
CASSEGPLEQYF	YFTSDYYQLY
CASSQVSGSGYEQYF	YFTSDYYQLY
CASSLDRAQETQYF	YFTSDYYQLY
CASSPDREPYNEQFF	YFTSDYYQLY
CASSDVTRGNQPQHF	YFTSDYYQLY
CASSDPTTGELFF	YFTSDYYQLY
CASSLWTGVGETQYF	YFTSDYYQLY
CASSEEFFFTTSRYAGELFF	YFTSDYYQLY
CASSLDPPGTSGKIEQYF	YFTSDYYQLY
CASSYSLNPEAQYF	YFTSDYYQLY
CASSLWTGSGNIQYF	YFTSDYYQLY
CSARLLLAQSSYNEQFF	YFTSDYYQLY
CASSQDMTSGELFF	YFTSDYYQLY
CASSLSSGGGYQPQHF	YFTSDYYQLY
CASSLGGSSTDTQYF	YFTSDYYQLY
CASSPLVDGSYEQYF	YFTSDYYQLY
CASSTWTGVGYEQYF	YFTSDYYQLY
CASSLQGVQETQYF	YFTSDYYQLY
CASSQLAGQETQYF	YFTSDYYQLY
CASTSYNEQFF	YFTSDYYQLY
CAISLLAKDDNEQFF	YFTSDYYQLY
CASSFLTEGVETQYF	YFTSDYYQLY
CATARTSGQETQYF	YFTSDYYQLY
CASSYRVDEQFF	YFTSDYYQLY
CASSHRDSRNQNTGELFF	YFTSDYYQLY
CATSNPKQGDSNQPQHF	YFTSDYYQLY
CASSYSSSRGPFPYEQYF	YFTSDYYQLY
CASSQVGGSGYEQYF	YFTSDYYQLY
CASSFLAGLGETQYF	YFTSDYYQLY
CASSQAGNTGELFF	YFTSDYYQLY
CASSLTRTSVYGYTF	YFTSDYYQLY
CASSPGTSAQEPQYF	YFTSDYYQLY
CASSPVRENLHEQYF	YFTSDYYQLY
CASSQNLGQETQYF	YFTSDYYQLY
CASSLGGDYNQPQHF	YFTSDYYQLY
CASGEGLGDHYEQYF	YFTSDYYQLY
CASSQVTGQETQYF	YFTSDYYQLY
CASSGTGDWVQPQHF	YFTSDYYQLY
CASSRNTGELFF	YFTSDYYQLY
CASSWLAGDTYNEQFF	YFTSDYYQLY
CASSFGGSSTDTQYF	YFTSDYYQLY
CASSSADSTTVAPYEQYF	YFTSDYYQLY
CASSLAGQADGSPLHF	YFTSDYYQLY
CASSLGGGSTDTQYF	YFTSDYYQLY
CASSSWTGVGPEAFF	YFTSDYYQLY
CSALTGGDTEAFF	YFTSDYYQLY
CSARHTGGARGTGELFF	YFTSDYYQLY
CASSFGADSTDTQYF	YFTSDYYQLY
CATSRGAGQETQYF	YFTSDYYQLY
CAWRGTGGSEAFF	YFTSDYYQLY
CASSHVPIEQFF	YFTSDYYQLY
CASSLFGGEDTQYF	YFTSDYYQLY
CASSLGWDWGTEAFF	YFTSDYYQLY
CASSSRTSGTTSSYNEQFF	YFTSDYYQLY
CASSLAGQNTEAFF	YFTSDYYQLY
CASSLVSGQETQYF	YFTSDYYQLY
CATSDPKGDFYNEQFF	YFTSDYYQLY
CASSSSNTEAFF	YFTSDYYQLY
CASSLEGGYGYTF	YFTSDYYQLY
CASSLSARSGEGHF	YFTSDYYQLY
CASSQALQGADTQYF	YFTSDYYQLY
CASSLIGLAGASQNEQYF	YFTSDYYQLY
CASSPRQGYHNEQFF	YFTSDYYQLY
CASSDKDRDLYNEQFF	YFTSDYYQLY
CAISDRLADYNEQFF	YFTSDYYQLY
CSAREDLAQRAWDTQYF	YFTSDYYQLY
CASSLGGSSTDTQYF	YFTSDYYQLY
CASSLRGSYQETQYF	YFTSDYYQLY
CASRQGRNTEAFF	YFTSDYYQLY
CASSTRTSSSLYGYTF	YFTSDYYQLY
CASSVGEGSTDTQYF	YFTSDYYQLY
CASSPRGSGYNEQFF	YFTSDYYQLY
CSARVPDSKNIQYF	YFTSDYYQLY
CSVRTSVTYEQYF	YFTSDYYQLY
CAISIGTDQNIQYF	YFTSDYYQLY
CASSVWTGVSYEQYF	YFTSDYYQLY
CASSLVFLAGRSGDTQYF	YFTSDYYQLY
CASTQGGETQYF	YFTSDYYQLY
CASSDYRGGTEAFF	YFTSDYYQLY
CASSARDRPSYEQYF	YFTSDYYQLY
CSAITGWERQPQHF	YFTSDYYQLY
CASKEIRADSNQPQHF	YFTSDYYQLY
CASSQVSGSGYEQYF	YFTSDYYQLY
CASKEGGGELFF	YFTSDYYQLY
CASSSPSGSSYEQYF	YFTSDYYQLY
CATSADRTRSYNEQFF	YFTSDYYQLY
CASSVGGRSYEQYF	YFTSDYYQLY
CATSRSIPGADDNEQFF	YFTSDYYQLY
CATSTTSGQETQYF	YFTSDYYQLY
CASSYDGRAYEQYF	YFTSDYYQLY
CSASVGSYEQYF	YFTSDYYQLY
CASSLAQGGKNIQYF	YFTSDYYQLY
