CDR3	AA
CASFSASYEQYF	QSINFVRII
CASTGTSSYEQYF	QSINFVRII
CATSRDRRERETQYF	QSINFVRII
CASSSGWLDEKLFF	QSINFVRII
CASSLADYTGELFF	QSINFVRII
CASSQMGALNTEAFF	QSINFVRII
CASSLTSVGGPSETQYF	QSINFVRII
CASSSAGRKQPQHF	QSINFVRII
CATLYSNQPQHF	QSINFVRII
CASSAVEGQLSEAFF	QSINFVRII
CASSAEFYNSPLHF	QSINFVRII
CASSLIPSEQYF	QSINFVRII
CASSSSSGGPYSTDTQYF	QSINFVRII
CASSFATLNEQFF	QSINFVRII
CATGETSYEQYF	QSINFVRII
CASSADPTRDRETYEQYF	QSINFVRII
CASSEEVGLRPISSTDTQYF	QSINFVRII
CASSDTTGAGNTIYF	QSINFVRII
CASSEAADRADTGELFF	QSINFVRII
CASRGLAGVGEQFF	QSINFVRII
CASSESVSGDQNTGELFF	QSINFVRII
CASSPQGEGAPFSPLHF	QSINFVRII
CASSTGQGIMDTEAFF	QSINFVRII
CASSQGQGGYGYTF	QSINFVRII
CASSLLGGAGNEQFF	QSINFVRII
CASSLPDSNNEQFF	QSINFVRII
CANIQGASDEQYF	QSINFVRII
CASSLEGSGTEAFF	QSINFVRII
CASSLLSSYEQYF	QSINFVRII
CASQGDPRGNTEAFF	QSINFVRII
CASSLWEEGSYEQYF	QSINFVRII
CASSGGSTDTQYF	QSINFVRII
CASSTPTGVALGEQFF	QSINFVRII
CASSGGQSNEKLFF	QSINFVRII
CASGETSYEQYF	QSINFVRII
CAQRVYHSNQPQHF	QSINFVRII
CASSQVTGSGQPQHF	QSINFVRII
CASDYSETNYGYTF	QSINFVRII
CASSPVGGWETQYF	QSINFVRII
CASSPQSTGFYEQYF	QSINFVRII
CASNDTPSTDTQYF	QSINFVRII
CASSSQIAWGEYSGANVLTF	QSINFVRII
CASSQIGGTGLTDTQYF	QSINFVRII
CASSYSVRVNTEAFF	QSINFVRII
CASSHPSTGSEAFF	QSINFVRII
CASSVSNGLAGGDEQFF	QSINFVRII
CASSLGALSTDTQYF	QSINFVRII
CASSLAVAEQYF	QSINFVRII
CASDPGVGNQPQHF	QSINFVRII
CAISERHMSDTEAFF	QSINFVRII
CASSLREEQGISGNTIYF	QSINFVRII
CASSLGFADTQYF	QSINFVRII
CASSHERGSLGQETQYF	QSINFVRII
CASSLVGDSYEQYF	QSINFVRII
CASSLGGRANGYTF	QSINFVRII
CASSFAQGTDTQYF	QSINFVRII
CSAPGQDWGGSGNTIYF	QSINFVRII
CASSQGSGRADQPQHF	QSINFVRII
CASSSSRTSRSTDTQYF	QSINFVRII
CASSQDYWEGGTDTQYF	QSINFVRII
CAISGGTYNEQFF	QSINFVRII
CSVEEVAGGGYTF	QSINFVRII
CASSFRLADTYEQYF	QSINFVRII
CASSSTSGSGDTQYF	QSINFVRII
CASSGHRDTYSTGELFF	QSINFVRII
CARLSERGVVNEQFF	QSINFVRII
CASSLGAGSSAIEQPQHF	QSINFVRII
CASSFSENTGELFF	QSINFVRII
CASSLMGGETQYF	QSINFVRII
CASRSIQSGNEQFF	QSINFVRII
CASSLPGLASETQYF	QSINFVRII
CATSSNGNGEQFF	QSINFVRII
CASGPDNEQFF	QSINFVRII
CASSTGTWNEQFF	QSINFVRII
CASSYLAGVSNEQFF	QSINFVRII
CASSSSWRDGYTF	QSINFVRII
CASSPAQGWETQYF	QSINFVRII
CASSLAVGAGYGYTF	QSINFVRII
CNTDTQYF	QSINFVRII
CASSYLAGGTDTQYF	QSINFVRII
CASSEAGTYEQYF	QSINFVRII
CSAPGQGPYEQYF	QSINFVRII
CATSDFGAGTPDTGELFF	QSINFVRII
CATSPGASNTGELFF	QSINFVRII
CASSFGQGTDTQYF	QSINFVRII
CATSVQGSDYEQYF	QSINFVRII
CASSPEDDYEQFF	QSINFVRII
CASSDSGLGAEQFF	QSINFVRII
CASSRPGQDPYEQYF	QSINFVRII
CASSQDDRGTYEQYF	QSINFVRII
CASSIGPYEQYF	QSINFVRII
CARGNEQFF	QSINFVRII
CASSRGQMATNEKLFF	QSINFVRII
CASSRNPGGGAGELFF	QSINFVRII
CATSRDRREKETQYF	QSINFVRII
CSVPPQGSGTEAFF	QSINFVRII
CSVLAGGPGIQYF	QSINFVRII
CSAREEGDTQYF	QSINFVRII
CASSQALGTLNEQFF	QSINFVRII
CASSLLDRYNEQFF	QSINFVRII
CASSQDGDTEAFF	QSINFVRII
CASSPASTSGAALETQYF	QSINFVRII
CATSDLPNAGELFF	QSINFVRII
CASSEDGSSGNTIYF	QSINFVRII
CASRLGGESSNQPQHF	QSINFVRII
CASNAAVGANVLTF	QSINFVRII
CASSQDSRTSYEQYF	QSINFVRII
CASSPTWGNQPQHF	QSINFVRII
CATSDLQGPGELFF	QSINFVRII
CASHSLGTQNEQFF	QSINFVRII
CASSPWTGRETQYF	QSINFVRII
CASSESTSALTDTQYF	QSINFVRII
CASSSSTDTQYF	QSINFVRII
CASSRDGTTGNEQFF	QSINFVRII
CASSYTLPQGSEAFF	QSINFVRII
CASSQTGGSGNTIYF	QSINFVRII
CASSLGGEQFF	QSINFVRII
CASSSLEARGAETQYF	QSINFVRII
CASSQEPSATDTQYF	QSINFVRII
CASSDRGAYNEQFF	QSINFVRII
CASSLLGHGYF	QSINFVRII
CASSPGLSGNTIYF	QSINFVRII
CASSQSRGSYNEQFF	QSINFVRII
CASSYERGYEQYF	QSINFVRII
CASSQFLGHNEQFF	QSINFVRII
CSARDGDSGTGELFF	QSINFVRII
CASSSAISGTGETQYF	QSINFVRII
CASSLLFPHQPQHF	QSINFVRII
CASSQQAGTGGAQPQHF	QSINFVRII
CASSLYLSPIQPQHF	QSINFVRII
CSVEEGGLAVKLFF	QSINFVRII
CASSLELGSYNEQFF	QSINFVRII
CASSGMAGGLYNEQFF	QSINFVRII
CASSSGIIHTEAFF	QSINFVRII
CASSYLQGRTEAFF	QSINFVRII
CASSIAGGQQTQYF	QSINFVRII
CASSQMAALNTEAFF	QSINFVRII
CASSEPEDRSTDTQYF	QSINFVRII
CSAPPRGMNTEAFF	QSINFVRII
CASSSYTGGDQPQHF	QSINFVRII
CATLWWGAGANVLTF	QSINFVRII
CAISEGARTDTQYF	QSINFVRII
CSVVDVWEAFF	QSINFVRII
CASSPFGRNTEAFF	QSINFVRII
CASGRGWSQPQHF	QSINFVRII
CASSEGQGGHEQYF	QSINFVRII
CASSEYRGSYNEQFF	QSINFVRII
CASSPMGALNTEAFF	QSINFVRII
CASSQVWEGYNEQFF	QSINFVRII
CSAGTGSYEQYF	QSINFVRII
CASSFTSAFSYNEQFF	QSINFVRII
CASSFFAAGLAGELFF	QSINFVRII
CASSPGQTDTEAFF	QSINFVRII
CASSLVAGLTEAFF	QSINFVRII
CASSPGQGATEAFF	QSINFVRII
CASSLDGTTGNEQFF	QSINFVRII
CASRAGGTDTQYF	QSINFVRII
CASSSGRETQYF	QSINFVRII
CASSPPFELAGATDTQYF	QSINFVRII
CASSPLAGVHTQYF	QSINFVRII
CASKGTSGINEQFF	QSINFVRII
CASSQESTGSEAFF	QSINFVRII
CASSLGARNTDTQYF	QSINFVRII
CASSQDDSGLYGYTF	QSINFVRII
CSVVGTSGSNEQFF	QSINFVRII
CASFSTSYEQFF	QSINFVRII
CATQAGSLWETQYF	QSINFVRII
CASSQHIIGGDLNNEQFF	QSINFVRII
CASSSGQFAFF	QSINFVRII
CSVDPSGASSEQYF	QSINFVRII
CASSLGGNSYEQYF	QSINFVRII
CASSLGVGEQFF	QSINFVRII
CASSSTSYNEQFF	QSINFVRII
CASSFPLEKQSYEQYF	QSINFVRII
CASSQPQGEYNEQFF	QSINFVRII
CASSQERGRTYEQYF	QSINFVRII
CASRETSFETQYF	QSINFVRII
CASSTGDNTGELFF	QSINFVRII
CASSFDGLGAFF	QSINFVRII
CASMQGLVTEAFF	QSINFVRII
CASSQDMGAPDTQYF	QSINFVRII
CASTYRQGSYNEQFF	QSINFVRII
CASSYLGKDGYTF	QSINFVRII
CASSFIETGGLDEQFF	QSINFVRII
CASSRLDSDNEQFF	QSINFVRII
TVQETQYF	QSINFVRII
CASSAPREQQWRTDTQYF	QSINFVRII
CASSNPTSQSSYNSPLHF	QSINFVRII
CASSTPGLADNEQFF	QSINFVRII
CASSLVGQPYYNSPLHF	QSINFVRII
CASSVGGLAELQETQYF	QSINFVRII
CASGTTYEQYF	QSINFVRII
CASSLTQTESSYNSPLHF	QSINFVRII
CSVDTGGQRGTEAFF	QSINFVRII
CASSTGQGLVNTEAFF	QSINFVRII
CARYPDRDVDGYTF	QSINFVRII
CASSPIPGTTNYEQYF	QSINFVRII
CSVEGGGYTF	QSINFVRII
CASSLGPSGTEAFF	QSINFVRII
CSVDLQGATYEQYF	QSINFVRII
CARRQGTSQETQYF	QSINFVRII
CASSPGQGLGDEQFF	QSINFVRII
CASSFEGQGYEQYF	QSINFVRII
CASSGAGELFF	QSINFVRII
CASSDGQGIQPQHF	QSINFVRII
CASSQGQRLPDNEQFF	QSINFVRII
CASSPLPGTDFYNEQFF	QSINFVRII
CASSPGSLGLAGYNEQFF	QSINFVRII
CASSQDDAAYEQYF	QSINFVRII
CASSTGQGRETQYF	QSINFVRII
CASSQVGAYGYTF	QSINFVRII
CASSQAGALNTEAFF	QSINFVRII
CASTGTGGTGELFF	QSINFVRII
CASSEGEGRWGTEAFF	QSINFVRII
CASSLAGTEAFF	QSINFVRII
CASSIEQSYDEQFF	QSINFVRII
CASSLGTSGGYEQYF	QSINFVRII
CASSLPSGYEQYF	QSINFVRII
CASSLSGQELNQPQHF	QSINFVRII
CASSHEGLTEAFF	QSINFVRII
CATNYRGTHYYGYTF	QSINFVRII
CASSELLAGDTETQYF	QSINFVRII
CSVEEGGANTEAFF	QSINFVRII
CATSRQDSYEQYF	QSINFVRII
CASSTAGTNEKLFF	QSINFVRII
CASSSATGNEQYF	QSINFVRII
CASSASAGTGGEEGYTF	QSINFVRII
CASSYSSIGNTGELFF	QSINFVRII
CASSLPDGYEQYF	QSINFVRII
CATSRGLAGVVYEQYF	QSINFVRII
CASSEPGTEMNTEAFF	QSINFVRII
CASSWGTAQYF	QSINFVRII
CASSQEEAYRNTGELFF	QSINFVRII
CASSEDGGSNQPQHF	QSINFVRII
CASSPLRDTLTDTQYF	QSINFVRII
CASSQASGLATEAFF	QSINFVRII
CSVPTGLGTEAFF	QSINFVRII
CASSEDEGALYQPQHF	QSINFVRII
CASSYIYEQYF	QSINFVRII
CSAFSVGSYEQYF	QSINFVRII
CASSEAVAEMNTEAFF	QSINFVRII
CASSQGGALNTEAFF	QSINFVRII
CASSRGSEAFF	QSINFVRII
CASSYLGDSYEQYF	QSINFVRII
CASSIGGHTEAFF	QSINFVRII
CSTGEVGVNTEAFF	QSINFVRII
CASSEPGQEMNTEAFF	QSINFVRII
CSAPRTAMNTEAFF	QSINFVRII
CASSRGLNTEAFF	QSINFVRII
CASSSPGVAGKPNEQFF	QSINFVRII
CASTPLRGGAFEQFF	QSINFVRII
CAISGGGGGAGSYNEQFF	QSINFVRII
CATSDLPNTGELFF	QSINFVRII
CASSFYGAGYNEQFF	QSINFVRII
CASSDPERQMYNEQFF	QSINFVRII
CASSENTGLAAEAFF	QSINFVRII
CASSSLGGLSIQYF	QSINFVRII
CASSPPDSNQPQHF	QSINFVRII
CASSQMAGAGETQYF	QSINFVRII
CASSELTGLAGDETQYF	QSINFVRII
CSVGSYPEFF	QSINFVRII
CASFSVSYEQYF	QSINFVRII
CSARGQGREQFF	QSINFVRII
CASSLTGIGNQPQHF	QSINFVRII
CSVEGVQGVLEQYF	QSINFVRII
CSARDLRWAGTPETQYF	QSINFVRII
CASSPGPEELSGNTIYF	QSINFVRII
CASSPGWYEQYF	QSINFVRII
CASSLGPQGGEKLFF	QSINFVRII
CASSQEGALNTEAFF	QSINFVRII
CASSPHDLREVQKDLYLTYEQYF	QSINFVRII
CAIASGTSGDTQYF	QSINFVRII
CASSSTLGQGIGETQYF	QSINFVRII
CASSFIFGSNQPQHF	QSINFVRII
CSVEEGGGQAERGPYEQYF	QSINFVRII
CASSEEEDRGSYEQYF	QSINFVRII
CASSQMGALNTEAFF	QSINFVRII
CASSQQGALNTEAFF	QSINFVRII
CATLGKEAVSYNEQFF	QSINFVRII
CASSIPLEGSSWNSPLHF	QSINFVRII
CASSLSRYEQYF	QSINFVRII
CACPGTGTYEQYF	QSINFVRII
CASSGELVNEQFF	QSINFVRII
CASNFREAGELFF	QSINFVRII
CASSGAPGVGEKLFF	QSINFVRII
CSAEDLAGAGELFF	QSINFVRII
CASSSGGQGARETQYF	QSINFVRII
CASSSALASETQYF	QSINFVRII
CASSYGNSYEQYF	QSINFVRII
CASSGLQETQYF	QSINFVRII
CASSPDSVSYEQYF	QSINFVRII
CASSLYSGGGGELFF	QSINFVRII
CASRLAGGDNEQFF	QSINFVRII
CASSISLWPFNEQFF	QSINFVRII
CASSLFRGAGDGYTF	QSINFVRII
CASSYTTGEQYF	QSINFVRII
CSVLRTHYNEQFF	QSINFVRII
CATSEGLAGVDEQFF	QSINFVRII
CSALAGGWYEQYF	QSINFVRII
CASSSLAGGTDTQYF	QSINFVRII
CASSLQGEGAPSYEQYF	QSINFVRII
CSARDVLGEDEQFF	QSINFVRII
CASSSSGRRGDEQFF	QSINFVRII
CASSSIAGVSYEQYF	QSINFVRII
CASSRGDWVNEQFF	QSINFVRII
CASRSSGSQETQYF	QSINFVRII
CASSQEGALSTEAFF	QSINFVRII
CASSFMTAYPYNEQFF	QSINFVRII
CASSHREDYNEQFF	QSINFVRII
CASSSPKTGGGGWETQYF	QSINFVRII
CASSVGQDNQPQHF	QSINFVRII
CASSTGQGIADTQYF	QSINFVRII
CASSQWEDTSYGYTF	QSINFVRII
CASSPTGGIYEQYF	QSINFVRII
CASSQVSAYGYTF	QSINFVRII
CASSSPGQGDYEQYF	QSINFVRII
CASGGLATYNEQFF	QSINFVRII
CASSISTASEQFF	QSINFVRII
CASSLAGTANEQFF	QSINFVRII
CASSPPGLAYNEQFF	QSINFVRII
CASSPSPGSGNTIYF	QSINFVRII
CASSISQRDGGYGYTF	QSINFVRII
CSAPVGGATGELFF	QSINFVRII
CASTGTEFSGNTIYF	QSINFVRII
CATSRDRRELETQYF	QSINFVRII
CSARDPPTDTQYF	QSINFVRII
CASTTGMNTEAFF	QSINFVRII
CASSDSYAGNTIYF	QSINFVRII
CASSLLVNTEAFF	QSINFVRII
CASSLGQAGDEKLFF	QSINFVRII
CASRDTGYEQYF	QSINFVRII
CASSPANYEQYF	QSINFVRII
CASSETIRAGGWEPQHF	QSINFVRII
CASSEPTGEIGNQPQHF	QSINFVRII
CSTDLGNEQFF	QSINFVRII
CASSQGRGEVGLQSQETQYF	QSINFVRII
CASSLVVPVNNEQFF	QSINFVRII
CASSLFGQSNQPQHF	QSINFVRII
CASSSLAGGSLDEQFF	QSINFVRII
CASSFGDEQYF	QSINFVRII
CATATGGGEKLFF	QSINFVRII
CASSLDISGGSYEQYF	QSINFVRII
CATSDLDSYEQYF	QSINFVRII
CASSWYRGETDTQYF	QSINFVRII
CASSPEGNTGELFF	QSINFVRII
CASSYTTGSRETQYF	QSINFVRII
CASSLTDLWPQHF	QSINFVRII
CASSLQQGLTEAFF	QSINFVRII
CASSSDSGYTEAFF	QSINFVRII
CATSRDRRERETQYF	QSINFVRII
RASILGSPHPPDGCEAFF	QSINFVRII
CASSLLIEYNEQFF	QSINFVRII
CATRGGEGTEAFF	QSINFVRII
CSASERARNTEAFF	QSINFVRII
CSAPGQDYGYTF	QSINFVRII
CASSTLAGGTDTQYF	QSINFVRII
CASILGDRAYEQYF	QSINFVRII
CASSIALGSSYNEQFF	QSINFVRII
CASFSSSYEQYF	QSINFVRII
CSVGGTGAYEQYF	QSINFVRII
CASSQPSSGNEQFF	QSINFVRII
CASRTGGEKLFF	QSINFVRII
CASSLPMNTEAFF	QSINFVRII
CASSLAVGGGESSYNSPLHF	QSINFVRII
CSAPVGGATGELFF	QSINFVRII
CASSPTGTGSLFF	QSINFVRII
CASSLAQGATEAFF	QSINFVRII
CAWSALRGSSYNEQFF	QSINFVRII
CSARSENTGELFF	QSINFVRII
CASSVLGGETQYF	QSINFVRII
CASSESISDTQYF	QSINFVRII
CASSQWGQGYSGRAGFNEQFF	QSINFVRII
CASSLAGGAYGYTF	QSINFVRII
CASRDTGASYNEQFF	QSINFVRII
CASSLAGLSNQPQHF	QSINFVRII
CASSLEGQRVIEETQYF	QSINFVRII
CSAPRGGATDEQYF	QSINFVRII
CASSFENTGELFF	QSINFVRII
CASSVSFEGTEAFF	QSINFVRII
CASSSLAGGGDEQFF	QSINFVRII
CATSEGSGANVLTF	QSINFVRII
CASSGLTSANGDEQFF	QSINFVRII
CASSKDRGSYEQYF	QSINFVRII
CASSLRGREPYEQYF	QSINFVRII
CASSEYWGANTEAFF	QSINFVRII
CASSGTGREQYF	QSINFVRII
CSVEEKAGRNTEAFF	QSINFVRII
CASSLGQNYEQYF	QSINFVRII
CASSEGTNTEAFF	QSINFVRII
CASSTRVASMNTEAFF	QSINFVRII
CAWWVGPYEQYF	QSINFVRII
CASSLGDEQYF	QSINFVRII
CASSPGLAGASSTDTQYF	QSINFVRII
CASSQEWGDYQPQHF	QSINFVRII
CATIPWGGQGIYTEAFF	QSINFVRII
CASSIVTDTQYF	QSINFVRII
CASSPTSGYDEQYF	QSINFVRII
CSVVWGEGNTEAFF	QSINFVRII
CASSDGINTEAFF	QSINFVRII
CASSLTGGPAPADTQYF	QSINFVRII
CASSGRESVGFLNEQFF	QSINFVRII
CASSLGDISSEGNTGELFF	QSINFVRII
CAISGEQGKSYNEQFF	QSINFVRII
CASRPTLANEQFF	QSINFVRII
CASSLAGTGSPLHF	QSINFVRII
CSALIRDRGFEQYF	QSINFVRII
CSVDTGELFF	QSINFVRII
CATSPGSTGELFF	QSINFVRII
CASSETRGSYNEQFF	QSINFVRII
CSAPRGGATDEQYF	QSINFVRII
CASSYSGWETQYF	QSINFVRII
CASSSGAGTDTQYF	QSINFVRII
CASIGVGPLTDTQYF	QSINFVRII
CASSEREQGSYNSPLHF	QSINFVRII
CASRRPETSYEQYF	QSINFVRII
CASSLSANEQYF	QSINFVRII
CASSIAAGADTQYF	QSINFVRII
CASTTDPNTEAFF	QSINFVRII
CATTGGSGAFF	QSINFVRII
CSVGGGAYGYTF	QSINFVRII
CSVRTGGYEQYF	QSINFVRII
CASSLLVDSYEQYF	QSINFVRII
CASSLTQGPEAFF	QSINFVRII
CASSPDGYPSYEQYF	QSINFVRII
CASSEGGRTFF	QSINFVRII
CASSQSSGPSYNEQFF	QSINFVRII
CASSQTGGGWTGELFF	QSINFVRII
CASSINGRGPYNEQFF	QSINFVRII
CASSVPTQDSSYNSPLHF	QSINFVRII
CASTGQNTEAFF	QSINFVRII
CSASGLAGYPMDTDTQYF	QSINFVRII
CASSQSNTGELFF	QSINFVRII
CASTTDGQGPFQETQYF	QSINFVRII
CASSKLPNRQRHSPLHF	QSINFVRII
CASSQDVGSYEQYF	QSINFVRII
CASSKEGRGSYNEQFF	QSINFVRII
CSVDFRGSGTEAFF	QSINFVRII
CASSLDKPANFYGYTF	QSINFVRII
CASSLTEYSNQPQHF	QSINFVRII
CATSLGQTYNEQFF	QSINFVRII
CASSSDPGLKYNEQFF	QSINFVRII
CASSQDWGSGALGETQYF	QSINFVRII
CASSSRDSIEAFF	QSINFVRII
CSASPTAMNTEAFF	QSINFVRII
CASSVGVATNEKLFF	QSINFVRII
CASSFSPPSGELFF	QSINFVRII
CASSEALLTSGDTGELFF	QSINFVRII
CSAEGSGNTIYF	QSINFVRII
CASSGAPSTEAFF	QSINFVRII
CASSLFGALNTEAFF	QSINFVRII
CATPTEGSYEQYF	QSINFVRII
CASSLPGGSSYEQYF	QSINFVRII
CASSRGQTNEKLFF	QSINFVRII
CASSLSGTTEAFF	QSINFVRII
CASSLFVPGLGEETQYF	QSINFVRII
CASSLTASYGYTF	QSINFVRII
CASSLDHSFGETQYF	QSINFVRII
CSVLDLTEAFF	QSINFVRII
CASSYSSRLGTPEKLFF	QSINFVRII
CASSKGEDYGYTF	QSINFVRII
CASSFLREEQFF	QSINFVRII
CASTAGGGSTGELFF	QSINFVRII
CASNGGRVNQYTQYF	QSINFVRII
CASSDSGSSDTQYF	QSINFVRII
CASSLEANYGYTF	QSINFVRII
CATSLEGLETQYF	QSINFVRII
CATSRDRREREKLFF	QSINFVRII
CASSLAVGQSTYEQYF	QSINFVRII
CASSLRPQVRGYEAPPQETQYF	QSINFVRII
CASSELAGGIDTQYF	QSINFVRII
CASSKDRNTEAFF	QSINFVRII
CASSQEGRAWNDIQYF	QSINFVRII
CASSSGTSGYNEQFF	QSINFVRII
CASSAISPPVNTEAFF	QSINFVRII
CASSHTTQGYRNEQFF	QSINFVRII
CASEGTDNQPQHF	QSINFVRII
CASSLDPIGNNYEQYF	QSINFVRII
CASSSQNTEAFF	QSINFVRII
CATSDLTESSGNTIYF	QSINFVRII
CASSFGSSPLNEQFF	QSINFVRII
CASSLAGETQYF	QSINFVRII
CASSSSVDGYMNEQFF	QSINFVRII
CSVEELGEGTEAFF	QSINFVRII
CASSFVRGDGYGYTF	QSINFVRII
CSVDTLGRDYGYTF	QSINFVRII
CALGQTNTEAFF	QSINFVRII
CASSQQGALGTEAFF	QSINFVRII
CASSTDESNQPQHF	QSINFVRII
CASTNRVDNTEAFF	QSINFVRII
CASSEVVDSSFYEQYF	QSINFVRII
CASSDGLAGSHEQYF	QSINFVRII
CASSPDQDIQETQYF	QSINFVRII
CASSLGLAGISYEQYF	QSINFVRII
CASSEADSTGELFF	QSINFVRII
CASSLSSGYEKLFF	QSINFVRII
CASSLARGVAESLYYNEQFF	QSINFVRII
CASSLEDTGELFF	QSINFVRII
CSVDSGENEQFF	QSINFVRII
CASSFGGQADEQFF	QSINFVRII
CASGGQGTHWADEQYF	QSINFVRII
CATQGVGQETQYF	QSINFVRII
CASSIVPGQGFSGANVLTF	QSINFVRII
CASSLNGGDADTQYF	QSINFVRII
CASSYGTTMNTEAFF	QSINFVRII
CASSVGLAGVQETQYF	QSINFVRII
CASSLSSDGNEQFF	QSINFVRII
CASSLGLAGVNEQFF	QSINFVRII
CASTPRIQPQHF	QSINFVRII
CASSRLDSDNEQFF	QSINFVRII
CASSEGTAYNEQFF	QSINFVRII
CASSSTIQGSYEQYF	QSINFVRII
CASPRDRDNYGYTF	QSINFVRII
CASSPNGGPNYGYTF	QSINFVRII
CSVLENTEAFF	QSINFVRII
CSVGGQEANYGYTF	QSINFVRII
CASSLLWSQPQHF	QSINFVRII
CASSYWTGGTDTQYF	QSINFVRII
CASSQGLPTLGWTQYF	QSINFVRII
CASSYLGGMEVAEAFF	QSINFVRII
CASSGITDTQYF	QSINFVRII
CASSQAGTSGSEQYF	QSINFVRII
CASSQEKVGGYEQYF	QSINFVRII
CASSRAGALGGELFF	QSINFVRII
CASSQPRDTTNEKLFF	QSINFVRII
CASSTAGLGYSPLHF	QSINFVRII
CASLLAGGTDTGELFF	QSINFVRII
CASSPLNTEAFF	QSINFVRII
CSVDGQGYTF	QSINFVRII
CASSLEPVGDAVPYEQYF	QSINFVRII
CASSAVGQETQYF	QSINFVRII
CASSIPTENTGELFF	QSINFVRII
CASSRPSSGEEQFF	QSINFVRII
CASSLGAGTAFF	QSINFVRII
CASSLIGLAGTITDTQYF	QSINFVRII
CASSEDPGMNTEAFF	QSINFVRII
CASSEPGLGYGYTF	QSINFVRII
CATSDLTSETQFF	QSINFVRII
CASSPGLAGTDTQYF	QSINFVRII
CASSLSGRGEQYF	QSINFVRII
CSVVSVWEAFF	QSINFVRII
CASSLGGGTGPFFDTQYF	QSINFVRII
CASSFYGIYTEAFF	QSINFVRII
CSVWVTGPTEAFF	QSINFVRII
CASSFPSSGGAEDTQYF	QSINFVRII
CASSLGSAGALETQYF	QSINFVRII
CASSLTGWMNTEAFF	QSINFVRII
CSARPQDSWVQHF	QSINFVRII
CASYSSSYEQYF	QSINFVRII
CASSFLTGGGTDTQYF	QSINFVRII
CASSLGLNTEAFF	QSINFVRII
CASSEWGTDEQFF	QSINFVRII
CASYGSSYEQYF	QSINFVRII
CASSPGLQETQYF	QSINFVRII
CASSLVKGQGATLAKNIQYF	QSINFVRII
CASSFLAGVSNEQFF	QSINFVRII
CASNLAGGNNEQFF	QSINFVRII
CASSLDLETQYF	QSINFVRII
CASSLVVGGTGELFF	QSINFVRII
CASSELAWTSSTGELFF	QSINFVRII
CASSYWDSNTGELFF	QSINFVRII
CASSLAGALNTEAFF	QSINFVRII
CSASFGVNTEAFF	QSINFVRII
CASSEKSARYDRYEQYF	QSINFVRII
CASTTSGGGTGELFF	QSINFVRII
CASSLGASGTYNEQFF	QSINFVRII
CASSLDGEYNEQFF	QSINFVRII
CASSQDRAAGVGNEQFF	QSINFVRII
CASSQGWRTDTQYF	QSINFVRII
CASSQDEEGLAKNIQYF	QSINFVRII
CASSLGTTSNEQFF	QSINFVRII
CASSLQPTANYGYTF	QSINFVRII
CASSPPGAGRETQYF	QSINFVRII
CASSLRSGGTDTQYF	QSINFVRII
CASSLPRLAGDSVDEQFF	QSINFVRII
CASSLAGGPDTQYF	QSINFVRII
CASSVPSGSPTYNEQFF	QSINFVRII
CASSLYPAGDNIQYF	QSINFVRII
CASSSLRLAGSSYQETQYF	QSINFVRII
CASDSRVGYGYTF	QSINFVRII
CASSARPGLEGLEQYF	QSINFVRII
CASSLSSGLRVYEQYF	QSINFVRII
CATSGGHGIDTQYF	QSINFVRII
CSVDSGNEQYF	QSINFVRII
CASSLLDTTYEQYF	QSINFVRII
CASSLLIAQPTGELFF	QSINFVRII
CASSTGQGEWETQYF	QSINFVRII
CATSELTSGEHNEQFF	QSINFVRII
CASSPTGTANYGYTF	QSINFVRII
CASSFPDTQYF	QSINFVRII
CASSPLQGADYEQYF	QSINFVRII
CASSLAGNEQFF	QSINFVRII
CASSLREGDNDSSYNSPLHF	QSINFVRII
CASSPYPGGNNEQYF	QSINFVRII
CASQGSGNTIYF	QSINFVRII
CASSEALGTSGRDYEQFF	QSINFVRII
CASSPTGGSGNTIYF	QSINFVRII
CASSPGQTNSPLHF	QSINFVRII
CASSWGGGSGETQYF	QSINFVRII
CASSALSSRREVVTDTQYF	QSINFVRII
CASSLQGASLEKLFF	QSINFVRII
CASKGTGGFNEQFF	QSINFVRII
CANDGDETGQRTEAFF	QSINFVRII
CASSPQIGTGGREKLFF	QSINFVRII
CASSLQGALTTEAFF	QSINFVRII
CASSYLDTGELFF	QSINFVRII
CAISEMGGLAVHF	QSINFVRII
CATQGVGQETQYF	QSINFVRII
CASSEILVGTNEKLFF	QSINFVRII
CSVDGRRGYTEAFF	QSINFVRII
CASSLGSETQYF	QSINFVRII
CASSPSLGQVYTGELFF	QSINFVRII
CASSLQVGTGGRQPQHF	QSINFVRII
CASKGTDGYNEQFF	QSINFVRII
CASSQGTSGASSTDTQYF	QSINFVRII
CASSLGPGQTQETQYF	QSINFVRII
CASSPFMKGEANEKLFF	QSINFVRII
CASSSLAGGPYNEQFF	QSINFVRII
CASSLAGPWDTQYF	QSINFVRII
CASSSGTSGYEQYF	QSINFVRII
CSVEGGGYTF	QSINFVRII
CASRPGIHTIYF	QSINFVRII
CASSDVEGLRPLNTEAFF	QSINFVRII
CAREAGTKNIQYF	QSINFVRII
CASSSHLAGVVNEQFF	QSINFVRII
CASRQLDREYITTHEQYF	QSINFVRII
CASNHYYTDTQYF	QSINFVRII
CASSHVSVGHNEQFF	QSINFVRII
CASSPLGNEQYF	QSINFVRII
CASSPDGRNQPQHF	QSINFVRII
CASSQDLSGVNEQFF	QSINFVRII
CASSDDKYGYTF	QSINFVRII
CASSYSGGYYGYTF	QSINFVRII
CSVPSGGGYEQFF	QSINFVRII
CSVAGQGHYEQYF	QSINFVRII
CSVDLAGVSGELFF	QSINFVRII
CASSIAVYNEQFF	QSINFVRII
CASSYVQSYEQYF	QSINFVRII
CASSIGLATEQYF	QSINFVRII
CASSPFTTGSHGYTF	QSINFVRII
CASSLGSGGYQETQYF	QSINFVRII
CSAGSNGELFF	QSINFVRII
CASSQDRSSGTYNEQFF	QSINFVRII
CASSQVHSTTDEQFF	QSINFVRII
CSVEIENTGELFF	QSINFVRII
CASSQDLELTNYGYTF	QSINFVRII
CASSLDTHEQYF	QSINFVRII
CASSYSDSGANVLTF	QSINFVRII
CASSVSGSPVWASGDRNSNQPQHF	QSINFVRII
CASRPLEGIGELFF	QSINFVRII
CASSVIEGYEQYF	QSINFVRII
CASSSTGTGYYEQYF	QSINFVRII
CASSLDLAGNYNEQFF	QSINFVRII
CASSLRGAGEQFF	QSINFVRII
CASSPKGDEQYF	QSINFVRII
CASSYYQAYAQSGDTQYF	QSINFVRII
CASSPLASTDTQYF	QSINFVRII
CASRPTGFVLNTEAFF	QSINFVRII
CASSPGEVNNQPQHF	QSINFVRII
CASSLGTGGLEKLFF	QSINFVRII
CASSLLNMTEQYF	QSINFVRII
CASSLGGQGLYGYTF	QSINFVRII
CATSDFQGAGELFF	QSINFVRII
CASSLGQINQPQHF	QSINFVRII
CASSYSGTGVPNYGYTF	QSINFVRII
CASRHAGGLSTEAFF	QSINFVRII
CASSLQGGSTDTQYF	QSINFVRII
CASFRGEQYF	QSINFVRII
CASRPGGRTDTQYF	QSINFVRII
CASSSTSGSSGEEQYF	QSINFVRII
CASSLWPEGTGELFF	QSINFVRII
CSALVITEAFF	QSINFVRII
CASSEPRTSGGWNTGELFF	QSINFVRII
CASSQDRVSGGLSYEQYF	QSINFVRII
CASSLVGGGEQFF	QSINFVRII
CASSATPNTGELFF	QSINFVRII
CASSDDRVRLFF	QSINFVRII
CASSPPDSNQPQHF	QSINFVRII
CASSQEGGQGETQYF	QSINFVRII
CASGTSGGAQETQYF	QSINFVRII
CSTDLGNEQFF	QSINFVRII
CASSPGLPPGNEQFF	QSINFVRII
CSVGGTYEQYF	QSINFVRII
CASSSSRGYGYTF	QSINFVRII
CASSASGKQFF	QSINFVRII
CASSQGGALQAEAFF	QSINFVRII
CASSLAVTTEAFF	QSINFVRII
CASSSPDRGGGSYEQYF	QSINFVRII
CASSLGQTRDEQFF	QSINFVRII
CATLETTESNYGYTF	QSINFVRII
CASSPYPRIEETQYF	QSINFVRII
CASSLPLAGISYEQYF	QSINFVRII
CASSLLAGAGELFF	QSINFVRII
CASSLTHSAGTEQFF	QSINFVRII
CASSQAWMNTGELFF	QSINFVRII
CASSYLDSLYEQYV	QSINFVRII
CASSEVQGVEQYF	QSINFVRII
CATFTSSYEQYF	QSINFVRII
CAELAGDYNEQFF	QSINFVRII
CASSYSGGANYGYTF	QSINFVRII
CASAGGFTYEQYF	QSINFVRII
CASSQANYEQYF	QSINFVRII
CASSFAVANYEQYF	QSINFVRII
CASSPGLAGASSTDTQYF	QSINFVRII
CASSLQGLGSPLHF	QSINFVRII
CASSSTQIAGTDNEQFF	QSINFVRII
CASNGDWRADTQYF	QSINFVRII
CASSLGGATEAFF	QSINFVRII
CATSDLLGSSYNEQFF	QSINFVRII
CASSEATGTTGELFF	QSINFVRII
CASSLLRVNNQPQHF	QSINFVRII
CASSLFVGEEETQYF	QSINFVRII
CSVEELAGVVRTDTQYF	QSINFVRII
CASSFNRVDGTNEKLFF	QSINFVRII
CASSLNQAGNQPQHF	QSINFVRII
CASSSFGRERTEAFF	QSINFVRII
CASRSQGNEQYF	QSINFVRII
CATSDSQGYEQYF	QSINFVRII
CASSYSSGQGLF	QSINFVRII
CASSLRGLPTDTQYF	QSINFVRII
CASSPFGNNEQFF	QSINFVRII
CASSFSGSMIGQYF	QSINFVRII
CASSWRDRVNTGELFF	QSINFVRII
CASSRAVNNEQFF	QSINFVRII
CASSTSSYEQYF	QSINFVRII
CAIPGQGVTGELFF	QSINFVRII
CASRAGTSGGRQETQYF	QSINFVRII
CSAMDQGLGAFF	QSINFVRII
CSAPVGGAFTDTQYF	QSINFVRII
CASSQDLVSGNTIYF	QSINFVRII
CASSPADSQETQYF	QSINFVRII
CASSLNRVGAYEQYF	QSINFVRII
CASTNPPAESSYNSPLHF	QSINFVRII
CASSLEGNEQFF	QSINFVRII
CASSIEGNEQFF	QSINFVRII
CASSPPGLSLTYEQYF	QSINFVRII
CSVDFEGSGTEAFF	QSINFVRII
CASSPRGAFGTGGIDEQYF	QSINFVRII
CASSPQGSTDPNYGYTF	QSINFVRII
CASSRLDSDNEQFF	QSINFVRII
CATSRVLGTDTQYF	QSINFVRII
CASSQSGALNQPQHF	QSINFVRII
CATSDYREAFF	QSINFVRII
CASSLGTGRGEQYF	QSINFVRII
CSADQGAGNIQYF	QSINFVRII
CASSQHWNSGNTIYF	QSINFVRII
CASSILTGQNTGELFF	QSINFVRII
CASSDRIFDEQFF	QSINFVRII
CASSYTGQGYEQYF	QSINFVRII
CASSNRDENTGELFF	QSINFVRII
CASSLLGGLGTDTQYF	QSINFVRII
CATSRDRRRGEKLFF	QSINFVRII
CSAGDRAYEQYF	QSINFVRII
CASSLLAPVGEQYF	QSINFVRII
CASSLLPRGWNEQFF	QSINFVRII
CASSLGLVQMNTEAFF	QSINFVRII
CASSGPSGSSPYEQYF	QSINFVRII
CASSEGWTGDTQYF	QSINFVRII
CASSQGLAGLYEQYF	QSINFVRII
CASSIDTGVAEQYF	QSINFVRII
CASSQIDSIWDTDTQYF	QSINFVRII
CASSLLRGRLDTEAFF	QSINFVRII
CASSPGGDTQYF	QSINFVRII
CASSPGSSYEQYF	QSINFVRII
CASSEGGGPSYEQYF	QSINFVRII
CASSLQSPSSAGNEQFF	QSINFVRII
CASSQESSGYEQYF	QSINFVRII
CASSPQLVTGWDEQFF	QSINFVRII
CASSLGEREETQYF	QSINFVRII
CSVVTRSYNEQFF	QSINFVRII
CASGATSYEQYF	QSINFVRII
CASSQGDTNQPQHF	QSINFVRII
CASSPGQGAGDEQFF	QSINFVRII
CSVDPSGSTGELFF	QSINFVRII
CSVSDRGPTDTQYF	QSINFVRII
CASSSPKRPTGLYEQYF	QSINFVRII
CASTPSLRETQYF	QSINFVRII
CASSVLAGGHNEQFF	QSINFVRII
CASRGWGAPDTEAFF	QSINFVRII
CASSNGTVYGYTF	QSINFVRII
CATGQIWEAFF	QSINFVRII
CASSSIAGGQADTQYF	QSINFVRII
CASNVVGELFF	QSINFVRII
CARESGTYNEQFF	QSINFVRII
CASSQGGALGTEAFF	QSINFVRII
CASSVWEGSYEQYF	QSINFVRII
CASSLFETVNSPLHF	QSINFVRII
CASSLSIPVNTEAFF	QSINFVRII
CASSKVGSYNEQFF	QSINFVRII
CATEWSGGSTGELFF	QSINFVRII
CASSGGLTPENIQYF	QSINFVRII
CASSLGGGRGHEKLFF	QSINFVRII
CSVRGGETDMNTEAFF	QSINFVRII
CASSFPSGYNEQFF	QSINFVRII
CASSLSEWGEQFF	QSINFVRII
CASSQGRGSGNTIYF	QSINFVRII
CASSLAGLAADTQYF	QSINFVRII
CASGTLARRGADTQYF	QSINFVRII
CSVEDGGRVTEAFF	QSINFVRII
CASSTMEGQAPRYEQYF	QSINFVRII
CASSLTGTVNTEAFF	QSINFVRII
CASSTGTGEETQYF	QSINFVRII
CASSLFTGGTDTQYF	QSINFVRII
CASSPSGTQYF	QSINFVRII
CASSLEAGGTDTQYF	QSINFVRII
CASSPDGPNWEQFF	QSINFVRII
CASSFRGQGHPEAFF	QSINFVRII
CASSKSHLATPHNEQFF	QSINFVRII
CASSQWGRTSTDTQYF	QSINFVRII
CASSSVNTEAFF	QSINFVRII
CASSLGSEAFF	QSINFVRII
CATSEGAELNEQFF	QSINFVRII
CSARGTDGTVGYPGTEAFF	QSINFVRII
CASFSASYEQYF	QSINFVRII
CASSLPTSGGSQETQYF	QSINFVRII
CASTIGQGNTEAFF	QSINFVRII
CSVVDVWEAFF	QSINFVRII
CASGNQETQYF	QSINFVRII
CASSQETGGPYNEQFF	QSINFVRII
CASGELARGIYNEQFF	QSINFVRII
CASSPGGDEQFF	QSINFVRII
CASSLLPRGWNEQFF	QSINFVRII
CASSFYLDEQYF	QSINFVRII
CASSYSGGANQPQHF	QSINFVRII
CASSLTAGLNEQFF	QSINFVRII
CASSEGLAGYNEQFF	QSINFVRII
CASSLALTGGGGKLFF	QSINFVRII
CASFSASYEQYF	QSINFVRII
CASSASTSGLHYEQYF	QSINFVRII
CASSIDQRGNYGYTF	QSINFVRII
CAILDRVVNTEAFF	QSINFVRII
CASSEGQGNQPQHF	QSINFVRII
CASSVAGELFF	QSINFVRII
CASRPWDRVSEQYF	QSINFVRII
CASSLMGGETQYF	QSINFVRII
CASSPTGTGELFF	QSINFVRII
CASDSRDETSQGRTGELFF	QSINFVRII
CASSLAGDYEQFF	QSINFVRII
CASSHGTGGRETQYF	QSINFVRII
CASSVGSYEQYF	QSINFVRII
CASSETANTGELFF	QSINFVRII
CASRRTTAGDTEAFF	QSINFVRII
CASRRLAGVGGWNEQFF	QSINFVRII
CASSFPRMNTEAFF	QSINFVRII
CASSIAHTENEQFF	QSINFVRII
CASSPQAGGSSYEQYF	QSINFVRII
CASSLATGGDTEAFF	QSINFVRII
CASSQDSAVSYNEQFF	QSINFVRII
CASSQANYEQYF	QSINFVRII
CASSPQGELNSVF	QSINFVRII
CASSYSGVNQPQHF	QSINFVRII
CASSLAANGNQPQHF	QSINFVRII
CASSLVGSRETQYF	QSINFVRII
CASSFGTGELFF	QSINFVRII
CASSPNSYEQYF	QSINFVRII
CASREIQGANSPLHF	QSINFVRII
CASSGPGRDIGGYTF	QSINFVRII
CASSFSAGELFF	QSINFVRII
CASSQDFRGVSSYNEQFF	QSINFVRII
CASSAGGGWHEQFF	QSINFVRII
CSVVWGGFTGELFF	QSINFVRII
CASSYNQQTSSYEQYF	QSINFVRII
CSVTGEARNTEAFF	QSINFVRII
CASSLKDSGANVLTF	QSINFVRII
CASSLNRVGNEKLFF	QSINFVRII
CASSLAGVYEQYF	QSINFVRII
CSAGTENTGELFF	QSINFVRII
CASSFSTASGAYNEQFF	QSINFVRII
CATSRGGLNTEAFF	QSINFVRII
CASTQTSGRTDTGELFF	QSINFVRII
CASSLDPSRPTYEQYF	QSINFVRII
CASSQNPGDAGELFF	QSINFVRII
CASSLDETEAFF	QSINFVRII
CATSDDYYNEQFF	QSINFVRII
CASSPSGTGVLGTDTQYF	QSINFVRII
CASSLDDTSHYEQYF	QSINFVRII
CASSSGRNFYEQFF	QSINFVRII
CASGFSGLGTGELFF	QSINFVRII
CASSFYWGTEAFF	QSINFVRII
CASSFPLGEQYF	QSINFVRII
CASSLTARGFEAFF	QSINFVRII
CSAPKGGATSYEQYF	QSINFVRII
CASSVPSPGPGFYEQYF	QSINFVRII
CATGRADTGELFF	QSINFVRII
CASSPHHEQFF	QSINFVRII
CASSTEITEGYEQYF	QSINFVRII
CASSSPLEGKETQYF	QSINFVRII
CASSLTDPYEQYF	QSINFVRII
CASSLVTATGELFF	QSINFVRII
CASSSGTGSTDTQYF	QSINFVRII
CASSLWRGITDTQYF	QSINFVRII
CASSPWEGGVRGASNEQFF	QSINFVRII
CASSWRDNEQFF	QSINFVRII
CASNFLPGGYNEQFF	QSINFVRII
CASLAGTSAWETQYF	QSINFVRII
CATGGGGTDTGELFF	QSINFVRII
CASSHGDSRIYTEAFF	QSINFVRII
CASSPGEGPYEQYF	QSINFVRII
CASSKPAGGFHEQYF	QSINFVRII
CASSPPLEFGGTTDTQYF	QSINFVRII
CASSLSGVSTEAFF	QSINFVRII
CASSLGISTEAFF	QSINFVRII
CASEALMNTEAFF	QSINFVRII
CSAGGQSSYEQYF	QSINFVRII
CASSWDRGSYNEQFF	QSINFVRII
CASSFSANYGYTF	QSINFVRII
CASSFLNEQFF	QSINFVRII
CASSIRGWNEQFF	QSINFVRII
CASTTSGGSYNEQFF	QSINFVRII
CASSPGQGAKNEQFF	QSINFVRII
CSATGPFLAVSYNEQFF	QSINFVRII
CASSMGPNPYEQYF	QSINFVRII
CASSFSLGSGETQYF	QSINFVRII
CSVDFGGQGNTGELFF	QSINFVRII
CASSPMGAVNTEAFF	QSINFVRII
CASSVLAGNSYNEQFF	QSINFVRII
CSAGGTSGSLSANEQFF	QSINFVRII
CASSLLPRGWNEQYF	QSINFVRII
CASSPHNYEQYF	QSINFVRII
CASSPLTGGGYGYTF	QSINFVRII
CASTLSVSGFGEETQYF	QSINFVRII
CASSVGDSQETQYF	QSINFVRII
CASSYSLFGQGNPYEQYF	QSINFVRII
CASSPDSSYNEQFF	QSINFVRII
CASSLIAFPDTQYF	QSINFVRII
CASSQVHGGYEQYF	QSINFVRII
CASRPGTSWGSNQPQHF	QSINFVRII
CACRTGNYNEQFF	QSINFVRII
CASSLSPLDSTYEQYF	QSINFVRII
CASSQGVATDTDTQYF	QSINFVRII
CASSGNNQPQHF	QSINFVRII
CSGRQGGLSNEKLFF	QSINFVRII
CASSLGAGTDTQYF	QSINFVRII
CASRWTSNQPQHF	QSINFVRII
CASTGGYQVVDTQYF	QSINFVRII
CSVVLGGQNTEAFF	QSINFVRII
CASSLGAVSGQPQHF	QSINFVRII
CASSFGQGGDEQFF	QSINFVRII
CASSQANYEQYF	QSINFVRII
CATSRDRRELETQYF	QSINFVRII
CASSDGRQESYEQYF	QSINFVRII
CASSGTGAYNEQFF	QSINFVRII
CATTPSTGSAPLHF	QSINFVRII
CASSPPGGSYNEQFF	QSINFVRII
CASSPDGTTGYEQYF	QSINFVRII
CASSVSSPSPDTLYF	QSINFVRII
CASSVPTQDSSYNSPLHF	QSINFVRII
CSGGGTRNEQFF	QSINFVRII
CASIAGGEQYF	QSINFVRII
CASSLRLNTGELFF	QSINFVRII
CASRDGVNTEAFF	QSINFVRII
CASSYSGGNTEAFF	QSINFVRII
CACHRRTGYGYTF	QSINFVRII
CASSQGLSSYNEQFF	QSINFVRII
CASSLSTGGISYEQYF	QSINFVRII
CASSIPGTGMGNTEAFF	QSINFVRII
CASRILAGGTDTQYF	QSINFVRII
CASSIGVVRQLQETQYF	QSINFVRII
CSVNGRDRVAGDSYEQYF	QSINFVRII
CASSSPLSDRSSYNEQFF	QSINFVRII
CASSYSSGAEAFF	QSINFVRII
CSARAEAGVVRIEETQYF	QSINFVRII
CASTLWGSSYNEQFF	QSINFVRII
CASSYGLNEQFF	QSINFVRII
CASSERQGVQTQYF	QSINFVRII
CASSLGTGEDQPQHF	QSINFVRII
CASSLLVGSGNEQFF	QSINFVRII
CASSQAGALGGELFF	QSINFVRII
CATSDLQGPPGELFF	QSINFVRII
CSAKRRDNQPQHF	QSINFVRII
CASSLRWAEDLFNYGYTF	QSINFVRII
CASSQDPGSTDIQYF	QSINFVRII
CSSISNNEQFF	QSINFVRII
CASTGIFSGSDDTQYF	QSINFVRII
CASSFVTSGNEQFF	QSINFVRII
CASSYPRAGGYNEQFF	QSINFVRII
CASSQTTGQSSYNSPLHF	QSINFVRII
CASSFGDEQFF	QSINFVRII
CASTMGQTYGYTF	QSINFVRII
CASFAASYEQYF	QSINFVRII
CASGATSYEQYF	QSINFVRII
CASSLTGADGYTF	QSINFVRII
CATSDCKRPYNSPLHF	QSINFVRII
CASGASGIGFGTDTQYF	QSINFVRII
CASSWEGAGTEAFF	QSINFVRII
CASSALAGGSYNEQFF	QSINFVRII
CASSPGTLEAFF	QSINFVRII
CASSFGGVEGMNTEAFF	QSINFVRII
CASSYSRGDEQFF	QSINFVRII
CASSQATGGLGTDTQYF	QSINFVRII
CASTNSNQPQHF	QSINFVRII
CASSQAGALTGELFF	QSINFVRII
CASSPGQGRSQYF	QSINFVRII
CSSRGDVLAGVDTQYF	QSINFVRII
CASSTTGGTSDTGELFF	QSINFVRII
CASSLANAGDEQFF	QSINFVRII
CAILGLAGGYEQYF	QSINFVRII
CASSKETGLAYGYTF	QSINFVRII
CASTRLAGPNEQFF	QSINFVRII
CSALRQGMVTYEQYF	QSINFVRII
