CDR3	AA
CASSSPLTLQEPGSNTDTQYF	NYLYRLFRK
CASSESAGYEQYF	NYLYRLFRK
CASSPGQGYEQYF	NYLYRLFRK
CASSLQQGYEQYF	NYLYRLFRK
CATPGADLTDTQYF	NYLYRLFRK
CASSWRYEQYF	NYLYRLFRK
CASSDAGGYEQYF	NYLYRLFRK
CASSQSQGPYEQYF	NYLYRLFRK
CASSLRDGYEQYF	NYLYRLFRK
CASSQKDGYEQYF	NYLYRLFRK
CASSEKDGYEQYF	NYLYRLFRK
CASSEWRGYEQYF	NYLYRLFRK
CASSLWLAGYEQYF	NYLYRLFRK
CASSEAKGPYEQYF	NYLYRLFRK
CASSVTSGYEQYF	NYLYRLFRK
CASSPRGGRATDTQYF	NYLYRLFRK
CASSVTGGYEQYF	NYLYRLFRK
CASSEGRGYEQYF	NYLYRLFRK
CASSEIGGYEQYF	NYLYRLFRK
CASSLAGGYEQYF	NYLYRLFRK
CASSENAGYEQYF	NYLYRLFRK
CASSEGQGYEQYF	NYLYRLFRK
CASSLVAEPEAFF	NYLYRLFRK
CASSESGGYEQYF	NYLYRLFRK
CASSEWLAGGPGYEQFF	NYLYRLFRK
CASSEGQGYEQYF	NYLYRLFRK
CSARPLTGSDYNEQFF	NYLYRLFRK
CASSEWLSPYEQYF	NYLYRLFRK
CASNPDTYEQYF	NYLYRLFRK
CASSEYLAGGLLYEQYF	NYLYRLFRK
CASSEPGTEAFF	NYLYRLFRK
CASSQDLTSGPGEQFF	NYLYRLFRK
CASSTKDGYEQYF	NYLYRLFRK
CASSEAQGYEQYF	NYLYRLFRK
CASSEAAGGSYEQYF	NYLYRLFRK
CASSIGGFPSYEQYF	NYLYRLFRK
CASLGLASAEKWDEQFF	NYLYRLFRK
CASSEGQIPYEQYF	NYLYRLFRK
CASSFAWGGNQPQHF	NYLYRLFRK
CASSVSGGYEQYF	NYLYRLFRK
CASSEVGTDSGNTIYF	NYLYRLFRK
CAWIPQRGGELFF	NYLYRLFRK
CSGDSTSGESYNEQFF	NYLYRLFRK
CASSLSQGYEQYF	NYLYRLFRK
CASSYLANYNEQFF	NYLYRLFRK
CASSFGTSDEQFF	NYLYRLFRK
CASSEERDEQFF	NYLYRLFRK
CASSFDLWGTGELFF	NYLYRLFRK
CASSTLAGVAYEQYF	NYLYRLFRK
CASSEGPAGGYEQYF	NYLYRLFRK
CASSLTGGYEQYF	NYLYRLFRK
CSVGQVGYEQYF	NYLYRLFRK
CASSEGIGYEQYF	NYLYRLFRK
CASSETDTIYGYTF	NYLYRLFRK
CASSEGQGYEQYF	NYLYRLFRK
CASSLYEGYEQYF	NYLYRLFRK
CATSISRGYEQYF	NYLYRLFRK
CASSYGQGYEQYF	NYLYRLFRK
CAISDWQGYEQYF	NYLYRLFRK
CAIPGLDQVNADTQYF	NYLYRLFRK
CASSEGVVTEEQYF	NYLYRLFRK
CASSLAGGYEQYF	NYLYRLFRK
CASSLRTGGPNQETQYF	NYLYRLFRK
CASSSEQGLISNTEAFF	NYLYRLFRK
CAISESHGYEQYF	NYLYRLFRK
CASSQSGGYEQYF	NYLYRLFRK
CASSEGGVVYEQYF	NYLYRLFRK
CASSLCHPDSYEQYF	NYLYRLFRK
CASSVEEGETQYF	NYLYRLFRK
CASSEGVGYEQYF	NYLYRLFRK
CASSEGQGYEQYF	NYLYRLFRK
CATSDWDSNPTDTQYF	NYLYRLFRK
CASSEAGGYEQYF	NYLYRLFRK
CSASDKSSSYNEQFF	NYLYRLFRK
CASSAGQGYEQYF	NYLYRLFRK
CASSEQAGYEQYF	NYLYRLFRK
CASSEFRAYEQYF	NYLYRLFRK
CSVESSSSTDTQYF	NYLYRLFRK
CSARDRGQLIQETQYF	NYLYRLFRK
CASSRPPTYEQYF	NYLYRLFRK
CASSEWGGYEQYF	NYLYRLFRK
CASSPGQGYEQYF	NYLYRLFRK
CASGEGQGYEQYF	NYLYRLFRK
CASSSWTGYEQYF	NYLYRLFRK
CASSLSFSYEQYF	NYLYRLFRK
CASSEFFAGGSYEQYF	NYLYRLFRK
CASSEAGGYEQYF	NYLYRLFRK
CASSPGQGYEQYF	NYLYRLFRK
CASSLAPGEEQYF	NYLYRLFRK
CASSVQGGYEQYF	NYLYRLFRK
CASSNSLADRYSNQPQHF	NYLYRLFRK
CASSLVQGYEQYF	NYLYRLFRK
CASSVTGAGANVLTF	NYLYRLFRK
CASSEATGYEQYF	NYLYRLFRK
CASSEQWGRFVNTGELFF	NYLYRLFRK
CASRPSGTAGYEQYF	NYLYRLFRK
CASSFGTGAYEQYF	NYLYRLFRK
CASLGQGNEQYF	NYLYRLFRK
CASSQDPLRGVGGTSKNEQFF	NYLYRLFRK
CASSTEPSGTDTQYF	NYLYRLFRK
CAISEGTGYEQYF	NYLYRLFRK
CSARDEGRGYYEQYF	NYLYRLFRK
CASSITQGYEQYF	NYLYRLFRK
CASSLSEGYEQYF	NYLYRLFRK
CASSPEASGVTDTQYF	NYLYRLFRK
CASSLSGGYEQYF	NYLYRLFRK
