CDR3	AA
CAISELWQETQYF	FPQSAPHGV
CASSRTSEDNEQFF	FPQSAPHGV
CASSPFSYEQYF	FPQSAPHGV
CSVEDFLDEQFF	FPQSAPHGV
CASSLALYTGELFF	FPQSAPHGV
CASSEATGYNEQFF	FPQSAPHGV
CASSNEGLSGYTF	FPQSAPHGV
CASSHGETDTGELFF	FPQSAPHGV
CATSGFPPYNEQFF	FPQSAPHGV
CASSADSNTEAFF	FPQSAPHGV
CASSETGQNQPQHF	FPQSAPHGV
CASSQEVAAGTYEQYF	FPQSAPHGV
CASSWTSVNEQFF	FPQSAPHGV
CASSPPGASTEAFF	FPQSAPHGV
CASSHSSSYEQYV	FPQSAPHGV
CASSLISSLTADQPQHF	FPQSAPHGV
CASSFVSDGKFF	FPQSAPHGV
CASSWTSGGAYEQFF	FPQSAPHGV
CASGGYNDYEQYF	FPQSAPHGV
CASSYPTGYEQYF	FPQSAPHGV
CASSFGDPGGSSYEQYF	FPQSAPHGV
CASSFEGINTEAFF	FPQSAPHGV
CASSLATGAFTDTQYF	FPQSAPHGV
CASSPTSGGLHEQFF	FPQSAPHGV
CASSLDPDYEQYF	FPQSAPHGV
CATSRDRGGSYEQYF	FPQSAPHGV
CAWSVGPANEQFF	FPQSAPHGV
CASSIYTGTGFPYEQYF	FPQSAPHGV
CASSYVAVTGEQFF	FPQSAPHGV
CASSSVFAGGEQYF	FPQSAPHGV
CASSQGYEQYF	FPQSAPHGV
CASSSTYSLGHEQYF	FPQSAPHGV
CASSFGQGLTYEQYF	FPQSAPHGV
CASSVATFGTEAFF	FPQSAPHGV
CATSGPGQGVYEQYF	FPQSAPHGV
CASSWTSGGAYEQYF	FPQSAPHGV
CASSQDWGVGELFF	FPQSAPHGV
CASSPGGITEAFF	FPQSAPHGV
CASSHSDRDYEQYF	FPQSAPHGV
CASSYKTAGRDYEQYF	FPQSAPHGV
CASSSQGIGEQFF	FPQSAPHGV
CASSQPVGGSTDTQYF	FPQSAPHGV
CASSPPGGSEQFF	FPQSAPHGV
CASSSGWNTGELFF	FPQSAPHGV
CASSDSTGNTIYF	FPQSAPHGV
CASSYSNTGDTQYF	FPQSAPHGV
CASSIVSSAFPYEQYF	FPQSAPHGV
CASSSGATEAFF	FPQSAPHGV
CASSYSTVTGELFF	FPQSAPHGV
