CDR3	AA
CASSVVGDAITEAFF	VDDPCPIHFY
CASSLGQTREQYF	VDDPCPIHFY
CASSLWKTGGEQYF	VDDPCPIHFY
CASSMSRGRTDTQYF	VDDPCPIHFY
CASSFWRGSSPLHF	VDDPCPIHFY
CASSLDRNEQFF	VDDPCPIHFY
CASTRTSGSTDTQYF	VDDPCPIHFY
CASSLDRKPYEQYF	VDDPCPIHFY
CASSSDRTNIQYF	VDDPCPIHFY
CASTLSSYNEQFF	VDDPCPIHFY
CASSEGEQYF	VDDPCPIHFY
CASSPWKAADTQYF	VDDPCPIHFY
CASSVDGATDTQYF	VDDPCPIHFY
CASSLARQVPEQYF	VDDPCPIHFY
CASSPTTTNTEAFF	VDDPCPIHFY
CASSSTRGQETQYF	VDDPCPIHFY
CASRRWRGGNEQFF	VDDPCPIHFY
CASSPGLAGTYEQYF	VDDPCPIHFY
CASSDSPLVGGTEAFF	VDDPCPIHFY
CASRSTGTSSYNEQFF	VDDPCPIHFY
CASSPGSGSGYEQYF	VDDPCPIHFY
CASSPTGQNTDTQYF	VDDPCPIHFY
CASTYWGFGPQNNQPQHF	VDDPCPIHFY
CASSFNPGQSYGYTF	VDDPCPIHFY
CATSDPTLAGGPYEQFF	VDDPCPIHFY
CATSRDRGGVEYEQYF	VDDPCPIHFY
CASSLAGLYEQYF	VDDPCPIHFY
CASSLGSGYEQYF	VDDPCPIHFY
CATSRDWAGIPYGYTF	VDDPCPIHFY
CASSLSRGRDEKLFF	VDDPCPIHFY
CSVVVWANTGELFF	VDDPCPIHFY
CSARDRTADYGYTF	VDDPCPIHFY
CASSMLGGAQPQHF	VDDPCPIHFY
CASSQDRGMRSGELFF	VDDPCPIHFY
CASSWTEGQVAYEQYF	VDDPCPIHFY
CASSLYRTDTQYF	VDDPCPIHFY
CASKHRVRNQPQHF	VDDPCPIHFY
CASSLRGDYQPQHF	VDDPCPIHFY
CASSLTSGGAGYNEQFF	VDDPCPIHFY
CASSFLAGGYNEQFF	VDDPCPIHFY
CASSLWGGGQPQHF	VDDPCPIHFY
CASSYGVGTEAFF	VDDPCPIHFY
CASSPRDIIYGYTF	VDDPCPIHFY
CASSFSGRPSNTDTQYF	VDDPCPIHFY
CASSLGGFYEQYF	VDDPCPIHFY
CASSFWRSYNEQFF	VDDPCPIHFY
CASSSQTGRTGELFF	VDDPCPIHFY
CAIRPQAGQLDTQYF	VDDPCPIHFY
CASSAGPDGSNQPQHF	VDDPCPIHFY
CASSLGRRRDEQFF	VDDPCPIHFY
CASRTGTGGEQFF	VDDPCPIHFY
CASSPQGLARNTGELFF	VDDPCPIHFY
CASSLGGTNPYNEQFF	VDDPCPIHFY
CASSSGLAPYEQYF	VDDPCPIHFY
CASRSGTSVTDTQYF	VDDPCPIHFY
CASSPVGRAGLYEQYF	VDDPCPIHFY
CASRSWTRTYSPLHF	VDDPCPIHFY
CASSLGTYEQYF	VDDPCPIHFY
CASSLSALAGELFF	VDDPCPIHFY
CATSSGRGYNEQFF	VDDPCPIHFY
CASSGGAFTNEQFF	VDDPCPIHFY
CASSLSRLGEQYF	VDDPCPIHFY
