CDR3	AA
CASSVGTSGPLSYNEQFF	IVDTVSALV
CASSKPEGNEQFF	IVDTVSALV
CATSGGQTNTEAFF	IVDTVSALV
CASSVGPEAAYNEQFF	IVDTVSALV
CASSVISGTGLPGELFF	IVDTVSALV
CASSSGLAGGFTDTQYF	IVDTVSALV
CASSLLETSGANVLTF	IVDTVSALV
CASSSIAGALYNEQFF	IVDTVSALV
CASSQGTSGFYNEQFF	IVDTVSALV
CASRLANAGELFF	IVDTVSALV
CASSLGSGDANTEAFF	IVDTVSALV
CASSDDRGPYEQYF	IVDTVSALV
CATSTPGVHEQYF	IVDTVSALV
CATSGIHRGSGANVLTF	IVDTVSALV
CASSLGLAGALVTYEQYF	IVDTVSALV
CSAKAELNEQFF	IVDTVSALV
CSAKAGSYNEQFF	IVDTVSALV
CASRWYGTVSGANVLTF	IVDTVSALV
CSARVQPGTGNVKVALLAEAFF	IVDTVSALV
CASSQSQQPWGTLYNEQFF	IVDTVSALV
CASSVDWAATYNEQFF	IVDTVSALV
CASSPYGTANQETQYF	IVDTVSALV
CASSLRIGRNYNEQFF	IVDTVSALV
CSARDLQGIITEAFF	IVDTVSALV
CASSSTGGTGQPQHF	IVDTVSALV
CASSIGLYNEQFF	IVDTVSALV
CASSLTQGFNEQFF	IVDTVSALV
CSARDTGLAGPYSYNEQFF	IVDTVSALV
CAISDLAGPSTDTQYF	IVDTVSALV
CASSQEGQTNEKLFF	IVDTVSALV
CASMGLAGFNEQFF	IVDTVSALV
CASSVGDNGGNTDTQYF	IVDTVSALV
CASSPLEVNTEAFF	IVDTVSALV
CASSLGGIYEQYF	IVDTVSALV
CASSDREFGDTQYF	IVDTVSALV
CASSPGSGVRETQYF	IVDTVSALV
CASSELGLVTYEQYF	IVDTVSALV
CASSVGNLAGSSETQYF	IVDTVSALV
CASSPRVTNQYNEQFF	IVDTVSALV
CSAFSGGENTGELFF	IVDTVSALV
CASSYFAGWDEQFF	IVDTVSALV
CASNGLAGVNTGELFF	IVDTVSALV
CSARDPGIVEQYF	IVDTVSALV
CASSSLDSYNEQFF	IVDTVSALV
