CDR3	AA
CASSFNGGYTF	SPFHPLADNKFAL
CASSSDRGFGYTF	SPFHPLADNKFAL
CASQSGGLTDTQYF	SPFHPLADNKFAL
CASSLDRGPTLSEQYF	SPFHPLADNKFAL
CASSYVGSPPYNEQFF	SPFHPLADNKFAL
CAWKPGHFTEAFF	SPFHPLADNKFAL
CASSGTTDPDNEKLFF	SPFHPLADNKFAL
CASSPPEHTIYF	SPFHPLADNKFAL
CATSDSDYSYNEQFF	SPFHPLADNKFAL
CASNDQAREAEAFF	SPFHPLADNKFAL
CASSLEGTLPRQGPLSSYNEQFF	SPFHPLADNKFAL
CASSPFGTPYNEQFF	SPFHPLADNKFAL
CASGIGGGGNQPQHF	SPFHPLADNKFAL
CASSYSSNTEAFF	SPFHPLADNKFAL
CASKLQGSTDTQYF	SPFHPLADNKFAL
CASSPWDTDTQYF	SPFHPLADNKFAL
CASSPDWDSYEQYF	SPFHPLADNKFAL
CASSLPGGYYEQYF	SPFHPLADNKFAL
CASSLDPVSYNEQFF	SPFHPLADNKFAL
CASSLESTGDDGANEKLFF	SPFHPLADNKFAL
CASSLPVPGGPALNYGYTF	SPFHPLADNKFAL
CASSYYPERGAKSSYNEQFF	SPFHPLADNKFAL
CASSIGVPRETQYF	SPFHPLADNKFAL
CASEGQGGFEQYF	SPFHPLADNKFAL
CASSLTDYSYEQYF	SPFHPLADNKFAL
CASSSSSYEQYF	SPFHPLADNKFAL
CASSESGTGFNEQFF	SPFHPLADNKFAL
CASSVGTHQPQHF	SPFHPLADNKFAL
CAAPLRDGYTF	SPFHPLADNKFAL
CASSPPSYEQYF	SPFHPLADNKFAL
CASSHMRPDTSYEQYF	SPFHPLADNKFAL
CASSPSPVAGGYNEQFF	SPFHPLADNKFAL
CASSPGPPVAELFF	SPFHPLADNKFAL
CASSGWGQGAFEQYF	SPFHPLADNKFAL
CASSQVGLAGAKETQYF	SPFHPLADNKFAL
CASSLFAIGETQYF	SPFHPLADNKFAL
CSARADADTQYF	SPFHPLADNKFAL
CASSPVGSNEQFF	SPFHPLADNKFAL
CASSPWDRAAYEQYF	SPFHPLADNKFAL
CAIGGEGHSYEQYF	SPFHPLADNKFAL
CASSLGESNQPQHF	SPFHPLADNKFAL
CASSLVWFANSGELFF	SPFHPLADNKFAL
CASSYSTGYGYTF	SPFHPLADNKFAL
CASSYFIQRTDQPQHF	SPFHPLADNKFAL
CASSEGVGLYGYTF	SPFHPLADNKFAL
CASRPMNTEAFF	SPFHPLADNKFAL
CATSDFQGPPSGANVLTF	SPFHPLADNKFAL
