CDR3	AA
CASNRGPEAFF	ATEGALNTPK
CASSALQGSKTEAFF	ATEGALNTPK
CASSTPSGREYNEQFF	ATEGALNTPK
CASSVAPSAGGTEAFF	ATEGALNTPK
CASTSRDPPYSTDTQYF	ATEGALNTPK
CASTSSLGMADTQYF	ATEGALNTPK
CASSQTPSGSSYNEQFF	ATEGALNTPK
CASSLNSNQPQHF	ATEGALNTPK
CASSLGQGGNQPQHF	ATEGALNTPK
CASSALQGSKTEAFF	ATEGALNTPK
CASRTGGSAFF	ATEGALNTPK
CASSYGGLNGYTF	ATEGALNTPK
CASSKGQGGNQPQHF	ATEGALNTPK
CASSLVEGPNEKLFF	ATEGALNTPK
CASSLGQGGNQPQHF	ATEGALNTPK
CASSSVLDRVNTGELFF	ATEGALNTPK
CSARVTGGPDTQYF	ATEGALNTPK
CSARRTGGTDTQYF	ATEGALNTPK
CSARDGTLYNEQFF	ATEGALNTPK
CASSLRIDTQYF	ATEGALNTPK
CASSYIGGRLPYNEQFF	ATEGALNTPK
CASSQNKDRPYGYTF	ATEGALNTPK
CASSIETRGTGELFF	ATEGALNTPK
CASSEWGKQNEQFF	ATEGALNTPK
CASSLRDGATNEKLFF	ATEGALNTPK
CASSVDSNYEQYF	ATEGALNTPK
CASSPNNNEQFF	ATEGALNTPK
CSARRTGAGTEAFF	ATEGALNTPK
CASRDRETEQYF	ATEGALNTPK
CASSVGSGANQPQHF	ATEGALNTPK
CSVELIAGDSYNEQFF	ATEGALNTPK
CASSLGPGELFF	ATEGALNTPK
CSARRTGGGDEQFF	ATEGALNTPK
CASSLASFSSDEQYF	ATEGALNTPK
CASSQILGRGNEQFF	ATEGALNTPK
CASSRAGTGSSYNEQFF	ATEGALNTPK
CSARDLTGNGYTF	ATEGALNTPK
CSVRRTGGSDTQYF	ATEGALNTPK
CASSLNRAYQQYF	ATEGALNTPK
CASSADVFYGYTF	ATEGALNTPK
CSARRTGGGDEQFF	ATEGALNTPK
CSARRTGGSDTQYF	ATEGALNTPK
CASSESWTEAFF	ATEGALNTPK
CASSWTSASNEQFF	ATEGALNTPK
CASSLTPTQYF	ATEGALNTPK
CASSPRGWDTQYF	ATEGALNTPK
CASTSGHPNYGYTF	ATEGALNTPK
CASSPGQGGNQPQHF	ATEGALNTPK
CASTQGSYEQYF	ATEGALNTPK
CASSPPNSPLHF	ATEGALNTPK
CASSVGLIGTDTQYF	ATEGALNTPK
CAGRTPYPVYEQYF	ATEGALNTPK
CASTPGYRDNQPQHF	ATEGALNTPK
CASSLAGGGQPQHF	ATEGALNTPK
CASSPWDSNNEQFF	ATEGALNTPK
CASSEVAGGYNEQFF	ATEGALNTPK
CASSAYRGEKQETQYF	ATEGALNTPK
CSAREWEPYEQYF	ATEGALNTPK
CSARATGGPDTQYF	ATEGALNTPK
