CDR3	AA
CASSQVGQGAQNTEAFF	CFTNVYADSF
CSARTKAGSYEQYF	CFTNVYADSF
CAISEWLVVTEQFF	CFTNVYADSF
CASSGFVNTEAFF	CFTNVYADSF
CASSQLRGRRLTYNEQFF	CFTNVYADSF
CASSPTSGEETQYF	CFTNVYADSF
CASKGGYTEAFF	CFTNVYADSF
CASSQESSGTTNIQYF	CFTNVYADSF
CASSVGTGGVETQYF	CFTNVYADSF
CASSLHGSYGYTF	CFTNVYADSF
CASSYSHPISYEQYF	CFTNVYADSF
CSARLGQGSYEQYF	CFTNVYADSF
CASSNRGGETQYF	CFTNVYADSF
CASSQYGGVSSYNEQFF	CFTNVYADSF
CASSQLLAGGTDTQYF	CFTNVYADSF
CASSDPGLTYNEQFF	CFTNVYADSF
CASSLVSYNEQFF	CFTNVYADSF
CASSPFRGDQPQHF	CFTNVYADSF
CASSLFSGTGLDTGELFF	CFTNVYADSF
CASSPTDRLYGYTF	CFTNVYADSF
CASSESRAADTEAFF	CFTNVYADSF
CASSLGLPEQFF	CFTNVYADSF
CASSPILRGNTIYF	CFTNVYADSF
CASSPRGVYEQYF	CFTNVYADSF
CASSQEGGSSYNEQFF	CFTNVYADSF
CASRGTGGTNEKLFF	CFTNVYADSF
CATSDFVLAQGVDEQFF	CFTNVYADSF
CASSYSGGPKYEQYF	CFTNVYADSF
CASSLVGDTNNEQFF	CFTNVYADSF
CASIRNYEQYF	CFTNVYADSF
CASSSRGGTGELFF	CFTNVYADSF
CASSFDRVYGYTF	CFTNVYADSF
CASSEVAGSNQPQHF	CFTNVYADSF
CASSLRGGDTEAFF	CFTNVYADSF
CATLGGIAKNIQYF	CFTNVYADSF
CASSETSGEETQYF	CFTNVYADSF
CATSDPVAGASVYEQFF	CFTNVYADSF
CASSFGQGNQPQHF	CFTNVYADSF
CVSNSGPNEQFF	CFTNVYADSF
CASSLVVYEQYF	CFTNVYADSF
CASSPGTSGTQETQYF	CFTNVYADSF
CASSLRGTVRVGGRNQPQHF	CFTNVYADSF
CSVQGGESSYEQYF	CFTNVYADSF
CASSLTTREETQYF	CFTNVYADSF
CASSQVGLTQKAFF	CFTNVYADSF
CASSYWVGDTEAFF	CFTNVYADSF
CASTHTGTSGFQFF	CFTNVYADSF
CASSHLLGLSETQYF	CFTNVYADSF
CASSSTLTDTQYF	CFTNVYADSF
CASSSTFINIQYF	CFTNVYADSF
CASSYKLIVEKNTEAFF	CFTNVYADSF
CASRDRNFPGETQYF	CFTNVYADSF
CASSQEAFNTGELFF	CFTNVYADSF
CASSLRGSYEQYF	CFTNVYADSF
CASSQPLGVRTEAFF	CFTNVYADSF
CAKRGRQPQHF	CFTNVYADSF
CASSPQLAGEGELGYEQYF	CFTNVYADSF
CASSSTGGSYEQYF	CFTNVYADSF
CASSEDTTNYGYTF	CFTNVYADSF
CASSETHSYNEQFF	CFTNVYADSF
CASSSRGTYEQYF	CFTNVYADSF
CASSEGLGQGQAGELFF	CFTNVYADSF
CASSLRGVTGLREKLFF	CFTNVYADSF
CASSTRGFLTEAFF	CFTNVYADSF
CASSPRYRTDTQYF	CFTNVYADSF
CASSHRGDYGYTF	CFTNVYADSF
CASSRLAGYNEQFF	CFTNVYADSF
CASSSSGYSYEQYF	CFTNVYADSF
CASSAHLETQYF	CFTNVYADSF
CASSEAGGRNQPQHF	CFTNVYADSF
CASSPRLAGAANTGELFF	CFTNVYADSF
CASRDFWGASYEQYF	CFTNVYADSF
CATTERGSGYGYTF	CFTNVYADSF
CASSLGTSRLAKNIQYF	CFTNVYADSF
CSGTTGNQPQHF	CFTNVYADSF
CASSYSPEELFF	CFTNVYADSF
CASSPVGGRDYNEQFF	CFTNVYADSF
CASSFRVTANYHSGANVLTF	CFTNVYADSF
CASSSVRAGETQYF	CFTNVYADSF
CASSFGTSGSDTQYF	CFTNVYADSF
CSARDWSTGPYEQYF	CFTNVYADSF
CASSFAGGSYEQYF	CFTNVYADSF
CASSIGGSSYNEQFF	CFTNVYADSF
CATLGSDRDTGELFF	CFTNVYADSF
CASSETSGEETQYF	CFTNVYADSF
CASSDGTPPTNEKLFF	CFTNVYADSF
CASSLTTREETQYF	CFTNVYADSF
CSAARGTDSEQYF	CFTNVYADSF
