CDR3	AA
CASNHRPGQGYYEQYF	EEHVQIHTI
CSATEVDTEAFF	EEHVQIHTI
CASSLGVSGELFF	EEHVQIHTI
CSAETEGRYEQYF	EEHVQIHTI
CASSRDYYEQYF	EEHVQIHTI
CSVKAIEGYGYTF	EEHVQIHTI
CASSLGANVLTF	EEHVQIHTI
CASSSLASYNEQFF	EEHVQIHTI
CASSFAGEQYF	EEHVQIHTI
CSADRRGEVTQYF	EEHVQIHTI
CSASGGGETQYF	EEHVQIHTI
CASSPGQLNTEAFF	EEHVQIHTI
CASSFRDLKNEQFF	EEHVQIHTI
CASSPPGLEQFF	EEHVQIHTI
CASSIGDRGFTEAFF	EEHVQIHTI
CASSQDWGNSGNTIYF	EEHVQIHTI
CASSPAEERGSYTGELFF	EEHVQIHTI
CSASGQGYNEQFF	EEHVQIHTI
CASTVLAGNTGELFF	EEHVQIHTI
CASSSRDIPGGTEAFF	EEHVQIHTI
CASSVARMGSETQYF	EEHVQIHTI
CASSSGDRGPASNQPQHF	EEHVQIHTI
CASSSKLGEQYF	EEHVQIHTI
CASSPLAKAQSGEQFF	EEHVQIHTI
CASIPEDGYGYTF	EEHVQIHTI
CSATNREETQYF	EEHVQIHTI
CASNVGPEQFF	EEHVQIHTI
CASSMANTEAFF	EEHVQIHTI
CASSQDSQGSTDTQYF	EEHVQIHTI
CASSPQGRGGFYGYTF	EEHVQIHTI
CASGLPRDSPSYNEQFF	EEHVQIHTI
CASSQDSSLNTGELFF	EEHVQIHTI
CSASGLAGGHISYNEQFF	EEHVQIHTI
CASSQEGGMNTEAFF	EEHVQIHTI
CSATLEPNNEQFF	EEHVQIHTI
CASSQRQGTYNEQFF	EEHVQIHTI
CASSPDTSYEQYF	EEHVQIHTI
CSASSVGETQYF	EEHVQIHTI
CASTTRWPRNQPQHF	EEHVQIHTI
CASSMTSGRAWVTGELFF	EEHVQIHTI
CSASSEGVEQYF	EEHVQIHTI
CASSRLGTGGDTEAFF	EEHVQIHTI
CARISGVKETQYF	EEHVQIHTI
CSVGEGRGDEQYF	EEHVQIHTI
CSAQSLSSGGAGNEQFF	EEHVQIHTI
CASSVVYPMNTEAFF	EEHVQIHTI
CASSFPSGGESGELFF	EEHVQIHTI
CASSGKLGTQYF	EEHVQIHTI
CASSSTYNEQFF	EEHVQIHTI
CASGDTYNEQFF	EEHVQIHTI
CASSFSGSFDNEQFF	EEHVQIHTI
CSVEGAGTGGAFF	EEHVQIHTI
CASTLDRSSPLHF	EEHVQIHTI
CASSQERLNTEAFF	EEHVQIHTI
CASSPGQGSYYEQYF	EEHVQIHTI
CSAQREKTLEQYF	EEHVQIHTI
CASKSTGTFNTGELFF	EEHVQIHTI
CASSLGIIGSNSPLHF	EEHVQIHTI
CASRYSTGDGYTF	EEHVQIHTI
CGVGSNEQFF	EEHVQIHTI
CASSPRQGTYNEQFF	EEHVQIHTI
CASSPGQLNTEAFF	EEHVQIHTI
CASRLSDSPSYEQYF	EEHVQIHTI
CAIPTGIGNIQYF	EEHVQIHTI
CASSPPDRWPYEQYF	EEHVQIHTI
CSAKTGPYYEQYF	EEHVQIHTI
CASSYSGSLYEQYF	EEHVQIHTI
CASSSSGLTPHEQFF	EEHVQIHTI
CASSSRTGQQFF	EEHVQIHTI
CARTPPQGEREGPKTQYF	EEHVQIHTI
CSATGMNTEAFF	EEHVQIHTI
CASSLEHITAEQYF	EEHVQIHTI
CASSLGPASGGAWNEQFF	EEHVQIHTI
CSADQDGSTDTQYF	EEHVQIHTI
