CDR3	AA
CSVRGGIEAFF	KVSIWNLDYI
CASGIEPGELFF	KVSIWNLDYI
CASSLDSLEQFF	KVSIWNLDYI
CASSPGTGGNEQYF	KVSIWNLDYI
CASSLDLGHSPLHF	KVSIWNLDYI
CASRQGLADGYTF	KVSIWNLDYI
CASSSGKVSYEQYF	KVSIWNLDYI
CASTPGNLAGDAFF	KVSIWNLDYI
CASSVGSGGAEQFF	KVSIWNLDYI
CASSVRGPADSLSGANVLTF	KVSIWNLDYI
CASNEGQGGYEQYF	KVSIWNLDYI
CASSPGGEQYF	KVSIWNLDYI
CASGTGTGGDEQFF	KVSIWNLDYI
CASSLIGGDNEQFF	KVSIWNLDYI
CASSQDARALWSYTF	KVSIWNLDYI
CASREGTSGELFF	KVSIWNLDYI
CASAGLAGAYNEQFF	KVSIWNLDYI
CASSGVLDRSYEQYF	KVSIWNLDYI
CASSDTGGSYNEQFF	KVSIWNLDYI
CASSPWTGANVLTF	KVSIWNLDYI
CASSLRTGTETQYF	KVSIWNLDYI
CASSHTGPIEAFF	KVSIWNLDYI
CASSVGGFGNIQYF	KVSIWNLDYI
CASSPRGTDHNSPLHF	KVSIWNLDYI
CASSPLAGGHNEQFF	KVSIWNLDYI
CASSIYSEDNEQFF	KVSIWNLDYI
CASSPDIEQYF	KVSIWNLDYI
CASSPRQGVFGYNEQFF	KVSIWNLDYI
CASSQEPGLGPETQYF	KVSIWNLDYI
CASSDQGPDTQYF	KVSIWNLDYI
CASSSRDRVNSPLHF	KVSIWNLDYI
CASSEVGEQFF	KVSIWNLDYI
CASSGGSEQFF	KVSIWNLDYI
CASSPPRQGPPPQETQYF	KVSIWNLDYI
CASTGPGTSLYGEQFF	KVSIWNLDYI
CAISPLDTGNTGELFF	KVSIWNLDYI
CASSWTGNNEQFF	KVSIWNLDYI
CASSVEGDAGTGIVYEQYF	KVSIWNLDYI
CSVEPGAVGYTF	KVSIWNLDYI
CASSPRTANNSPLHF	KVSIWNLDYI
CASSLAAVRLTDTQYF	KVSIWNLDYI
CASSALKSGYNEQFF	KVSIWNLDYI
CASMEGGSYNEQFF	KVSIWNLDYI
CASSPKFGDEKLFF	KVSIWNLDYI
CASSPIGGPGELFF	KVSIWNLDYI
CASSKSRCPTWTSATAPYNEQFF	KVSIWNLDYI
CASSRQNTGELFF	KVSIWNLDYI
CASSQATGALGYGYTF	KVSIWNLDYI
CASSQPNTDTQYF	KVSIWNLDYI
CASSLEVRLYVSEYEQYF	KVSIWNLDYI
CASSLGGTDTQYF	KVSIWNLDYI
CASSYLVGRTRNYGYTF	KVSIWNLDYI
CASSFGGDTGELFF	KVSIWNLDYI
CASSQDRRGSYEQYF	KVSIWNLDYI
CASSQGSGYNSPLHF	KVSIWNLDYI
CASSLEGRTFNTEAFF	KVSIWNLDYI
CASSRNYPSTAADNEQFF	KVSIWNLDYI
CSASRGGELFF	KVSIWNLDYI
CASSLRADYEQYF	KVSIWNLDYI
CASSLRTGSIYEQYF	KVSIWNLDYI
CASSVQAGADTQYF	KVSIWNLDYI
CASGAGHEQFF	KVSIWNLDYI
CASSLILQETQYF	KVSIWNLDYI
CASSLVPGELFF	KVSIWNLDYI
CASSSGDGETEAFF	KVSIWNLDYI
CASSQDSAEAFF	KVSIWNLDYI
CASSSSGTSGTNYEQYF	KVSIWNLDYI
CASSWPKGFTYEQYF	KVSIWNLDYI
CASSTAGLGTEAFF	KVSIWNLDYI
CASSHRAPGQGVMSGYTF	KVSIWNLDYI
CASTPRQYEQYF	KVSIWNLDYI
CASSLTSGGYNEQFF	KVSIWNLDYI
CASSLGREGTDTEAFF	KVSIWNLDYI
CASSLVGAPTGDTQYF	KVSIWNLDYI
CASSSDRAGYTF	KVSIWNLDYI
CASWGGSEEETQYF	KVSIWNLDYI
CASSPSYDSSNNEQFF	KVSIWNLDYI
CASSSDGYEQYF	KVSIWNLDYI
CASSQELAMETQYF	KVSIWNLDYI
CASSVAGGTGELFF	KVSIWNLDYI
CASSLGGGNNEQFF	KVSIWNLDYI
CASSLGQPQHF	KVSIWNLDYI
CASSAPTRLNTGELFF	KVSIWNLDYI
CSVYVDSYYGYTF	KVSIWNLDYI
CASSLTGEYTEAFF	KVSIWNLDYI
CASSRDRAGNEQFF	KVSIWNLDYI
CASSLMGSGEQFF	KVSIWNLDYI
CASSRLTGMNTEAFF	KVSIWNLDYI
CASSFVWVGNEQFF	KVSIWNLDYI
CASSQDRVYEQYF	KVSIWNLDYI
CASSLWGEGSYEQYF	KVSIWNLDYI
CASSFLEEQFF	KVSIWNLDYI
CASSPDRDYGYTF	KVSIWNLDYI
CASSQHRGLAGGLDNEQFF	KVSIWNLDYI
CASSYRDYSPLHF	KVSIWNLDYI
CASSLDLGILDYGYTF	KVSIWNLDYI
CASSSFQGASLYEQYF	KVSIWNLDYI
CATSRPYEGFREQYF	KVSIWNLDYI
CSVLGIADTYNEQFF	KVSIWNLDYI
CATSDLQGGAGLNEQFF	KVSIWNLDYI
CASSLFSGLNEQFF	KVSIWNLDYI
CASSLVVRLAWSTDTQYF	KVSIWNLDYI
CASIEGGSYNEQFF	KVSIWNLDYI
CASSLASYGGELFF	KVSIWNLDYI
CASSLPGGYDTQYF	KVSIWNLDYI
CASSPRAPNEKLFF	KVSIWNLDYI
CASGWGLGDEQYF	KVSIWNLDYI
CASSLRVSVWGEQYF	KVSIWNLDYI
CASSYMGGEQFF	KVSIWNLDYI
CASSFGNEQFF	KVSIWNLDYI
CASSLLTGWREQYF	KVSIWNLDYI
CASSFLSNAEDGAFF	KVSIWNLDYI
CSASQLSHEQFF	KVSIWNLDYI
CASSWTSGGYEQYF	KVSIWNLDYI
CASSQEGRRPFYEQFF	KVSIWNLDYI
CASTTGPYNEQFF	KVSIWNLDYI
CASSPTTGGYGYTF	KVSIWNLDYI
CASSREEGGETSPLYNEQFF	KVSIWNLDYI
CASSPLLQNYGYTF	KVSIWNLDYI
CASSVELAGTLLQETQYF	KVSIWNLDYI
CASSFSGPSTDTQYF	KVSIWNLDYI
CASGGLANTEAFF	KVSIWNLDYI
CASSRLGSVRETQYF	KVSIWNLDYI
CASVDGTSGYNEQFF	KVSIWNLDYI
CASSAGGYEQYF	KVSIWNLDYI
CSVFGDSHEQYF	KVSIWNLDYI
CASSQVMGAPSTDTQYF	KVSIWNLDYI
CAISESVDEQYF	KVSIWNLDYI
CASSFGRGGSYNEQFF	KVSIWNLDYI
CASSYSGPLGTDTQYF	KVSIWNLDYI
CASSLLGLASNIQYF	KVSIWNLDYI
CASNPGVGDMNTEAFF	KVSIWNLDYI
CASSQAHSSPAGGTDTQYF	KVSIWNLDYI
CASSVGRGSTEAFF	KVSIWNLDYI
CASTTGGWEQYF	KVSIWNLDYI
CASSQRIDYEQYF	KVSIWNLDYI
CSVNSIGGDTQYF	KVSIWNLDYI
CASSQGGGLGAFF	KVSIWNLDYI
CASSQVLVGSTEKLFF	KVSIWNLDYI
CASSLVPGGRPGEEAFF	KVSIWNLDYI
CASSVVASWETQYF	KVSIWNLDYI
CSARGGRGQSTDTQYF	KVSIWNLDYI
CASSSLSSPEAFF	KVSIWNLDYI
CASSILQGTLDEQFF	KVSIWNLDYI
CASSSYYLSTDTQYF	KVSIWNLDYI
CASSLLAGTVSEQFF	KVSIWNLDYI
CASSLGTGESQPQHF	KVSIWNLDYI
CASSFGPLGEQFF	KVSIWNLDYI
CASSPGGLEAFF	KVSIWNLDYI
CASSPRRVAGGLDEQFF	KVSIWNLDYI
CASSKTSGSLETQYF	KVSIWNLDYI
CASSFYDSLEQFF	KVSIWNLDYI
CASSQGSFPLHF	KVSIWNLDYI
CASSYLASGYNEQFF	KVSIWNLDYI
CASSSIAGGPSDTQYF	KVSIWNLDYI
CASSQSAGGGNEQYF	KVSIWNLDYI
CASSPTHGNEQYF	KVSIWNLDYI
CASRPGTSAINEQFF	KVSIWNLDYI
CASSLDSGEQYF	KVSIWNLDYI
CASSEAFVGGGSYNEQFF	KVSIWNLDYI
CASSVSTEQFF	KVSIWNLDYI
CASTPGQNTGELFF	KVSIWNLDYI
CASSPGGGDNEQFF	KVSIWNLDYI
CASSQVLSGGGGKTGTYEQYF	KVSIWNLDYI
CASSLGGAKTEAFF	KVSIWNLDYI
CASSPRASTEAFF	KVSIWNLDYI
CASSQVWAAKNIQYF	KVSIWNLDYI
CAWSPGQGDQPQHF	KVSIWNLDYI
CASSLGVFTGELFF	KVSIWNLDYI
CASSALGTGQNEQFF	KVSIWNLDYI
CASMGTSGGPSTDTQYF	KVSIWNLDYI
CASINRLNNEQFF	KVSIWNLDYI
CASSILAGVFNEQFF	KVSIWNLDYI
CASSLARVGLNTEAFF	KVSIWNLDYI
CASSYWAGETNEKLFF	KVSIWNLDYI
CASSLSGGEFNEQFF	KVSIWNLDYI
CASSPPGGRGVDEQYF	KVSIWNLDYI
CASAGREVADTQYF	KVSIWNLDYI
CASSFPGQGVNEQFF	KVSIWNLDYI
CASSFGGSWAYGYTF	KVSIWNLDYI
CASSSWSGTDTQYF	KVSIWNLDYI
CASSPRTGYTEAFF	KVSIWNLDYI
CASSVSGGFEAFF	KVSIWNLDYI
CASSVYGGTDTQYF	KVSIWNLDYI
CAWSVAAYDEQYF	KVSIWNLDYI
CASSILQGVGQPQHF	KVSIWNLDYI
CASSAGQGAVPLHF	KVSIWNLDYI
CASSAMGTEAFF	KVSIWNLDYI
CASSQAGQDPEAFF	KVSIWNLDYI
CASSLSGDSFYEQYF	KVSIWNLDYI
CASTWGKSSGQYF	KVSIWNLDYI
CASSQELAGGRWNPTDTQYF	KVSIWNLDYI
CASSWGQGTGELFF	KVSIWNLDYI
CASSQDLSPMNTEAFF	KVSIWNLDYI
CASSLFSGGTDTQYF	KVSIWNLDYI
CASSQDGQSNYGYTF	KVSIWNLDYI
CASSFADTEAFF	KVSIWNLDYI
CASSLVENTEAFF	KVSIWNLDYI
CASSQLLQNEQFF	KVSIWNLDYI
CASSYSGKASTDTQYF	KVSIWNLDYI
CASSIDQENTEAFF	KVSIWNLDYI
CASSKYPGGTYEQYF	KVSIWNLDYI
CASSPGQTKNIQYF	KVSIWNLDYI
CASSASVVGGQAYNEQFF	KVSIWNLDYI
CSALGQGNVQFF	KVSIWNLDYI
CASSYETDYNEQFF	KVSIWNLDYI
CSARDLTGGLWDTQYF	KVSIWNLDYI
CASSNLASPDTQYF	KVSIWNLDYI
CASSDLRTEQFF	KVSIWNLDYI
CSARDRGSEQYF	KVSIWNLDYI
CASSFFSGGTGELFF	KVSIWNLDYI
CASSPSSYNEQFF	KVSIWNLDYI
CASSLLLSAGPNEQFF	KVSIWNLDYI
CASSPRGSDQPQHF	KVSIWNLDYI
CASSYQGGTGELFF	KVSIWNLDYI
CASKSQAGGFNEQFF	KVSIWNLDYI
CSVLGGSTYYEQYF	KVSIWNLDYI
CATRGGQGTDTQYF	KVSIWNLDYI
CASSSLAGGLDDEQFF	KVSIWNLDYI
CASSQSGTSGLLAAYEQYF	KVSIWNLDYI
CASSVAGGEAFF	KVSIWNLDYI
CASSDTGDTGELFF	KVSIWNLDYI
CASSVDGGRRGYTF	KVSIWNLDYI
CASSVGDNTRNYGYTF	KVSIWNLDYI
CASSFGRGLPRDTEAFF	KVSIWNLDYI
CASSPPSVFNEQFF	KVSIWNLDYI
CASSYGPGQTTYEQYF	KVSIWNLDYI
CASSLGRGVEDTQYF	KVSIWNLDYI
CASSSTSGGTDTQYF	KVSIWNLDYI
CASRSLDGFNQPQHF	KVSIWNLDYI
CASSFRQVINTGELFF	KVSIWNLDYI
CASAGLAENEQFF	KVSIWNLDYI
CASSLRGDGTDTQYF	KVSIWNLDYI
CASSEARVRLAGNEQFF	KVSIWNLDYI
CASSSGLAGAPVETQYF	KVSIWNLDYI
CASTGDAQETQYF	KVSIWNLDYI
CASGPYEQYF	KVSIWNLDYI
CASSQAGTLSNTGELFF	KVSIWNLDYI
CSAASGTSGSGDTQYF	KVSIWNLDYI
CASSLGGSPLHF	KVSIWNLDYI
CASSLFWLAGITYEQYF	KVSIWNLDYI
CASSLHSLTGTGGYEQFF	KVSIWNLDYI
CASSRDRSEAFF	KVSIWNLDYI
CASSYSQLELANYGYTF	KVSIWNLDYI
CASSWTDSYEQYF	KVSIWNLDYI
CASSFGQDMYEQFF	KVSIWNLDYI
CASSQGGGQETQYF	KVSIWNLDYI
CASSVTGAVTYEQYF	KVSIWNLDYI
CASSFGTDGGEQYF	KVSIWNLDYI
