CDR3	AA
CASSQESSGTTNIQYF	LNDLCFTNVY
CASSLGSEGPPAEAFF	LNDLCFTNVY
CASSLRGAPNEQYF	LNDLCFTNVY
CASSLRGTVRVGGRNQPQHF	LNDLCFTNVY
CASSRGLAGGLGELFF	LNDLCFTNVY
CASSSRGTYGYTF	LNDLCFTNVY
CSAGGLAHGGDTQYF	LNDLCFTNVY
CASSTRGFLTEAFF	LNDLCFTNVY
CASSYSPEELFF	LNDLCFTNVY
CASSSRGWYEQYF	LNDLCFTNVY
CASSPVGGRDYNEQFF	LNDLCFTNVY
CASSLSGDTDTQYF	LNDLCFTNVY
CASSEAWSEAFF	LNDLCFTNVY
CASSLNSYEQYF	LNDLCFTNVY
CASSLGVTRSPGDEQFF	LNDLCFTNVY
CASSQESSGSYNEQFF	LNDLCFTNVY
CASGLSLDEQFF	LNDLCFTNVY
CASSLLGGSITDTQYF	LNDLCFTNVY
CASTRGTGGEQPQHF	LNDLCFTNVY
CASSSRTSGSWNEQFF	LNDLCFTNVY
CASSVSGSSQETQYF	LNDLCFTNVY
CASSESRAADTEAFF	LNDLCFTNVY
CASSFGQGNQPQHF	LNDLCFTNVY
CASSSRGSYEQYF	LNDLCFTNVY
CASSLSPGSAYEQYF	LNDLCFTNVY
CASSLMGTGVDEQYF	LNDLCFTNVY
CASSSTLTDTQYF	LNDLCFTNVY
CAKRGRQPQHF	LNDLCFTNVY
CSARVDRPTINQPQHF	LNDLCFTNVY
CASSTPGGYNEQFF	LNDLCFTNVY
CASSQPLATNEQYF	LNDLCFTNVY
CSARRETQYF	LNDLCFTNVY
CASSLSPYSYEQYF	LNDLCFTNVY
CASSTNSYEQYF	LNDLCFTNVY
CASSPKILISGANVLTF	LNDLCFTNVY
CASSYAGGDYNEQFF	LNDLCFTNVY
CASSQGTGGEQYF	LNDLCFTNVY
CASSASGGYNEQFF	LNDLCFTNVY
CASSPGTGGDTQYF	LNDLCFTNVY
CASSLVVYEQYF	LNDLCFTNVY
CASSPTSGEETQYF	LNDLCFTNVY
CASTVQGLSNQPQHF	LNDLCFTNVY
CATSDFVLAQGVDEQFF	LNDLCFTNVY
CASIPGGTEAFF	LNDLCFTNVY
CASTSSGYEQYF	LNDLCFTNVY
CASSLRGSYEQYF	LNDLCFTNVY
CSARGQSYEQYF	LNDLCFTNVY
CASSYGPSSYNEQFF	LNDLCFTNVY
CASSLEASGSYEQYF	LNDLCFTNVY
CSVKGASNSGANVLTF	LNDLCFTNVY
CASSDPGLTYNEQFF	LNDLCFTNVY
CAIKQDQGYGTQYF	LNDLCFTNVY
CASSVAPDDTQYF	LNDLCFTNVY
CASSLASYNEQFF	LNDLCFTNVY
CASSPRGFQETQYF	LNDLCFTNVY
CASSGWDSNQPQHF	LNDLCFTNVY
CASSYRGLRETQYF	LNDLCFTNVY
CASSPQGLAGGDEQFF	LNDLCFTNVY
CASSSPGLGTGELFF	LNDLCFTNVY
CSARTKAGSYEQYF	LNDLCFTNVY
CATLGGIAKNIQYF	LNDLCFTNVY
CASSSRGTYEQYF	LNDLCFTNVY
CASPGPRQGNEQFF	LNDLCFTNVY
CASSVGTGGVETQYF	LNDLCFTNVY
CASSSSSYEQYF	LNDLCFTNVY
CASSLRGTYYNEQFF	LNDLCFTNVY
CSGRTNEQFF	LNDLCFTNVY
CASNQRAEVTGELFF	LNDLCFTNVY
CASSSAGANEQYF	LNDLCFTNVY
CASATGWTEAFF	LNDLCFTNVY
CASSDRGSYEQYF	LNDLCFTNVY
CASSLSTNQPQHF	LNDLCFTNVY
CASSVAGAYQETQYF	LNDLCFTNVY
CASSLENYNEQFF	LNDLCFTNVY
CASSPGTGGHEQYF	LNDLCFTNVY
CASSGLTGAQPQHF	LNDLCFTNVY
CASSSFSNQPQHF	LNDLCFTNVY
CASSVDESLNTEAFF	LNDLCFTNVY
CASTLGGDNYGYTF	LNDLCFTNVY
CASSQVALAATDTQYF	LNDLCFTNVY
CASSPRYRTDTQYF	LNDLCFTNVY
CASSTHNYGYTF	LNDLCFTNVY
CASSPQRGRWTGELFF	LNDLCFTNVY
CASSSVAGETQYF	LNDLCFTNVY
CASSQEAFNTGELFF	LNDLCFTNVY
CASSLQHREETQYF	LNDLCFTNVY
CASSLRGDYGYTF	LNDLCFTNVY
CASSDGYGTEAFF	LNDLCFTNVY
