CDR3	AA
CASSPGLAAYEQYF	LPFNDGVYF
CSVVGAAGGFEQFF	LPFNDGVYF
CASRGQGHGEQYF	LPFNDGVYF
CSASHPGPGEQPQHF	LPFNDGVYF
CASSYTGQGKNIQYF	LPFNDGVYF
CASSFPGQGLLSQHF	LPFNDGVYF
CASSPGQGARFEQYF	LPFNDGVYF
CASSSSGSSYNEQFF	LPFNDGVYF
CAISELDGGRAYEQYF	LPFNDGVYF
CASSDSLSSYEQYF	LPFNDGVYF
CASSLGGEGTSLSYEQYF	LPFNDGVYF
CASSGRGLSYEQYF	LPFNDGVYF
CASSWTGENSPLHF	LPFNDGVYF
CSARGAPRIAKNIQYF	LPFNDGVYF
CASFYQAGAVDGYTF	LPFNDGVYF
CASSLFGLDEQYF	LPFNDGVYF
CASSSPGGGHNEQFF	LPFNDGVYF
CASSISIRDFLSQYF	LPFNDGVYF
CASSPYLLSYEQYF	LPFNDGVYF
CASSLYGGENSPLHF	LPFNDGVYF
CASSSTRTRTETQYF	LPFNDGVYF
CASSIGAVSIGSTDTQYF	LPFNDGVYF
CASSSYLNTEAFF	LPFNDGVYF
CASSPRTGHQPQHF	LPFNDGVYF
CASSPRGLTYEQYF	LPFNDGVYF
CASSPTRSYTDTQYF	LPFNDGVYF
CASSIPRGLIDTQYF	LPFNDGVYF
CAISDPIRQETQYF	LPFNDGVYF
CASSPRGVPGYEQYF	LPFNDGVYF
CATSGLWTSRGTGELFF	LPFNDGVYF
CASSRPGQGYNEQFF	LPFNDGVYF
CASSLGFSGNQPQHF	LPFNDGVYF
CASSFRGEGLETQYF	LPFNDGVYF
CASSSPGQGAEGETQYF	LPFNDGVYF
CASSHTGLAINEQFF	LPFNDGVYF
CASSSRGAGGETQYF	LPFNDGVYF
CASSFPGLALETQYF	LPFNDGVYF
CASSPSGSSYNEQFF	LPFNDGVYF
CASSAGTGGNTDTQYF	LPFNDGVYF
CATSDAGLAGRSRHTGELFF	LPFNDGVYF
CASSNPAGGYNEQFF	LPFNDGVYF
CASSQPQGMLNANTGELFF	LPFNDGVYF
CASSQVEVTGELFF	LPFNDGVYF
CASSLTGLHYEQYV	LPFNDGVYF
CASSIYQNTEAFF	LPFNDGVYF
CASSLQGNYEQYF	LPFNDGVYF
CASSDMGQPQHF	LPFNDGVYF
CSVVGTSGGHEQYF	LPFNDGVYF
CASEDSLRNEQYF	LPFNDGVYF
CASRGGLAYEQYF	LPFNDGVYF
CASSHDRGIDQPQHF	LPFNDGVYF
CASSQGLAGGVTGELFF	LPFNDGVYF
CAWRNSGLAGPDTAYNEQFF	LPFNDGVYF
CASRATSGTYNEQFF	LPFNDGVYF
CASSLGASGNEQFF	LPFNDGVYF
CASSDVPYEQYF	LPFNDGVYF
CASSPHGQGQETQYF	LPFNDGVYF
CASSLVGEEFYNEQFF	LPFNDGVYF
CASSVGWGNEQYF	LPFNDGVYF
CASSDSINPYEQYF	LPFNDGVYF
CASSLTGTSGFNEQFF	LPFNDGVYF
CASSQPGQDSGEQYF	LPFNDGVYF
CASSLGGLAYEQYF	LPFNDGVYF
CASSRSTGYA	LPFNDGVYF
CASSYNTGTGAGYTGELFF	LPFNDGVYF
CATSRDHYEQYF	LPFNDGVYF
CASSRPGQNYEQYF	LPFNDGVYF
CAVSGYYNEQFF	LPFNDGVYF
CASTWDTLGNEQFF	LPFNDGVYF
CASSLLGGGNSPLHF	LPFNDGVYF
CASSLSAGGTEAFF	LPFNDGVYF
CATSDNDGTGALASTDTQYF	LPFNDGVYF
CASSVGGGQGANNEQFF	LPFNDGVYF
CAISEPMTSTYEQYF	LPFNDGVYF
CASSLDLRTQYF	LPFNDGVYF
CASSLYAEDNQPQHF	LPFNDGVYF
CASRDSLSDTQYF	LPFNDGVYF
CSARPRDSYEQYF	LPFNDGVYF
CASVDSLNTEAFF	LPFNDGVYF
CASSLGGRGNEQFF	LPFNDGVYF
CASNLKGAGGETQYF	LPFNDGVYF
CATSDAPGQFIQETQYF	LPFNDGVYF
CSARDLNSGGSYNEQFF	LPFNDGVYF
CSATELATNSYEQYF	LPFNDGVYF
CASSLELTEAFF	LPFNDGVYF
CASSSLGQGKETQYF	LPFNDGVYF
CASSFGTRSYNEQFF	LPFNDGVYF
CASSFSDVYQETQYF	LPFNDGVYF
CASSLLGNTEAFF	LPFNDGVYF
CASSTPTGGDEQFF	LPFNDGVYF
CAWSTGNTGELFF	LPFNDGVYF
CASSLAGVPYEQYF	LPFNDGVYF
CASSFSGSSYNEQFF	LPFNDGVYF
CASSIKGNTEAFF	LPFNDGVYF
CASSDSLETDTQYF	LPFNDGVYF
CASSPRGAFGSYNEQFF	LPFNDGVYF
CASSPPGESYEQYF	LPFNDGVYF
CAISGAGNEQYF	LPFNDGVYF
CASSPSPTGTDTQYF	LPFNDGVYF
CASSQGSGYEQYF	LPFNDGVYF
CAISEVSSNQPQHF	LPFNDGVYF
CASSLRREITDTQYF	LPFNDGVYF
CASSATGPSSYEQYF	LPFNDGVYF
CSAETSRREQYF	LPFNDGVYF
CAIAAAGNHNEQFF	LPFNDGVYF
CASSGPTRGFETQYF	LPFNDGVYF
CASSYTNTEAFF	LPFNDGVYF
CASSLGPGMPNTGELFF	LPFNDGVYF
CASSSPGTSGFTDTQYF	LPFNDGVYF
CASSLYLNTEAFF	LPFNDGVYF
CASSQIPLAGGSYEQYF	LPFNDGVYF
CASSHVSGGDGYTF	LPFNDGVYF
CSASPGSGELFF	LPFNDGVYF
CASSTGTRELFF	LPFNDGVYF
CASSLEQRGGWNEQFF	LPFNDGVYF
CASSFRQGGRPQHF	LPFNDGVYF
CASRAGASYEQYV	LPFNDGVYF
CARGSGGSDTQYF	LPFNDGVYF
CASSPGPRVDSPLHF	LPFNDGVYF
CASSNRGQGQETQYF	LPFNDGVYF
CASSLGQGSPPKTQYF	LPFNDGVYF
CASSLVGGNTEAFF	LPFNDGVYF
CASSPGGSNQPQHF	LPFNDGVYF
CASSSPGTAGETQYF	LPFNDGVYF
CAAGTSGGASEQFF	LPFNDGVYF
CASSAPSKGVTDTQYF	LPFNDGVYF
CASSMTGRGTEAFF	LPFNDGVYF
CASTTDRGDTEAFF	LPFNDGVYF
CASSERQSSYNSPLHF	LPFNDGVYF
CASSLGSSLYTF	LPFNDGVYF
CATSDRGTSEAFF	LPFNDGVYF
CASSLLAGAASYEQFF	LPFNDGVYF
CASSSGSGRGYEQYF	LPFNDGVYF
CASSLAGLETQYF	LPFNDGVYF
CSASDRDEVYGYTF	LPFNDGVYF
CSARPQDSYGYTF	LPFNDGVYF
CASSLGVNNEQFF	LPFNDGVYF
CASSPVADTIYF	LPFNDGVYF
CASSLVFLAGTGGEQFF	LPFNDGVYF
CASSESFVRLGQIATYEQYF	LPFNDGVYF
CASSLGRAQPQHF	LPFNDGVYF
CASSYQFDEQFF	LPFNDGVYF
CASSVVSTGELFF	LPFNDGVYF
CASSSQPGTANTEAFF	LPFNDGVYF
CAIRRPTDEQFF	LPFNDGVYF
CASSQVAAGGYNEQFF	LPFNDGVYF
CASSLTGTGGGELFF	LPFNDGVYF
CSARGTSGRVVSTDTQYF	LPFNDGVYF
CASSLFVNTEAFF	LPFNDGVYF
CASRLLAEEPQHF	LPFNDGVYF
CASSVGTGFDEQFF	LPFNDGVYF
CASSLAGEVGNTIYF	LPFNDGVYF
CASSFRGYNQPQHF	LPFNDGVYF
CATASGTEGPEKLEAFF	LPFNDGVYF
CASSQGRQVGYTF	LPFNDGVYF
CASSHGLAGARETQYF	LPFNDGVYF
CASSLAADEQFF	LPFNDGVYF
CASSPGTTYSNQPQHF	LPFNDGVYF
CASSPGQATLYEQYF	LPFNDGVYF
CASSLTVNTEAFF	LPFNDGVYF
CASSRTFYEQYF	LPFNDGVYF
CASSQRGGGHNEQFF	LPFNDGVYF
CASSFRSGGVYNEQFF	LPFNDGVYF
CASSQVSHGYTF	LPFNDGVYF
CAIGGTGPTTEAFF	LPFNDGVYF
CSVGGLAGGYEQYF	LPFNDGVYF
CASSFPPGLAGLNEQFF	LPFNDGVYF
CASSQGQGAAGYTF	LPFNDGVYF
CASNRLAGEDKNIQYF	LPFNDGVYF
CASSIPGAGTGELFF	LPFNDGVYF
CASSLAGGLTGELFF	LPFNDGVYF
CASSVGGKSTGELFF	LPFNDGVYF
CASSSTGSSYNEQFF	LPFNDGVYF
CASSPPGQLTDTQYF	LPFNDGVYF
CASSLDRRGGYETQYF	LPFNDGVYF
CASSDTSGGVDEQFF	LPFNDGVYF
CASSETLPGSDTQYF	LPFNDGVYF
CASSSMGNEQFF	LPFNDGVYF
CASSPYRAYNSPLHF	LPFNDGVYF
CSARDPRGVGLATQETQYF	LPFNDGVYF
CASSEGLNPEQYF	LPFNDGVYF
CASRSSANYGYTF	LPFNDGVYF
CASSLRTSGIPMDTQYF	LPFNDGVYF
CASIDSLSSYNSPLHF	LPFNDGVYF
CASRTGGSYEQYF	LPFNDGVYF
CASSSGTGVTDTQYF	LPFNDGVYF
CASSPLGSAREQYF	LPFNDGVYF
CASSYPGEGDYGYTF	LPFNDGVYF
CASSLDLTGDSNTGELFF	LPFNDGVYF
CASSGPPGTLDYNEQFF	LPFNDGVYF
CSARVGGSSGGGYNEQFF	LPFNDGVYF
CASSDSLQGNQPQHF	LPFNDGVYF
CASSANSGGDEQFF	LPFNDGVYF
CAISDPMVKGASAYGYTF	LPFNDGVYF
CASSQGATQGTEAFF	LPFNDGVYF
CASSGGTSGRSSYNEQFF	LPFNDGVYF
CASSGRGAGIETQYF	LPFNDGVYF
CSARDPGLVSYNEQFF	LPFNDGVYF
CASSLWGADLRNEQFF	LPFNDGVYF
CASNPTAISSYEQYF	LPFNDGVYF
CASSITGTGGDEQFF	LPFNDGVYF
CASRKNRGTDEQYF	LPFNDGVYF
CASTQTPGFNTEAFF	LPFNDGVYF
CASSQHGLNEQFF	LPFNDGVYF
CASSFRGQGEETQYF	LPFNDGVYF
CASSYVGAGLDTEAFF	LPFNDGVYF
CASNPSGGNNEQFF	LPFNDGVYF
CASGPRGSYEQYF	LPFNDGVYF
CASSPLGGGYEQYF	LPFNDGVYF
CASSLRAGGTDTQYF	LPFNDGVYF
CASSWGLSAYEQYF	LPFNDGVYF
CASSSTGFIGELFF	LPFNDGVYF
CAWSERGGNEQYF	LPFNDGVYF
CASSLEGYSYEQYF	LPFNDGVYF
CASSQVLVGDEQFF	LPFNDGVYF
CAIKPGQGTYEQYF	LPFNDGVYF
CASSQDRASGLSAYNEQFF	LPFNDGVYF
CSVILGAGGHEQYF	LPFNDGVYF
CASSVGALRYQETQYF	LPFNDGVYF
CASSQEGAGAEAFF	LPFNDGVYF
CASKRPQGEKLFF	LPFNDGVYF
CASSLPRNSYKEQFF	LPFNDGVYF
CASSLTVLDEQFF	LPFNDGVYF
CASSSTTTGWDGYTF	LPFNDGVYF
CASSYTSGTAVNEQYF	LPFNDGVYF
CSARDLYGSEGTGELFF	LPFNDGVYF
CASSPGTSGAYEQYF	LPFNDGVYF
CASSSTVNNEQFF	LPFNDGVYF
CASSRVNNEQFF	LPFNDGVYF
CASSSKDREKATQYF	LPFNDGVYF
CASSASGRLTEAFF	LPFNDGVYF
CASSMSLNSYEQYF	LPFNDGVYF
CASSAPGQGNTEAFF	LPFNDGVYF
CASSETRDTQYF	LPFNDGVYF
CASSVRTGSIYEQYF	LPFNDGVYF
CASRLAERGINEQFF	LPFNDGVYF
CASSKTSGYQETQYF	LPFNDGVYF
CASSPTGTSVRDEQFF	LPFNDGVYF
CASRTGDSSYEQYF	LPFNDGVYF
CASSSGLASGEQFF	LPFNDGVYF
CASSLLGGYEQYF	LPFNDGVYF
CASSLVSSDTQYF	LPFNDGVYF
CASSFGQGLWDNEQFF	LPFNDGVYF
CASSLRAENTEAFF	LPFNDGVYF
CSARALDNYGYTF	LPFNDGVYF
CASRGETHEQFF	LPFNDGVYF
CASSYSQETQYF	LPFNDGVYF
CASSQLGTGMLGELFF	LPFNDGVYF
CASSQYTGANTEAFF	LPFNDGVYF
CASSRWQGGGGPYGYTF	LPFNDGVYF
CASQSQGNTEAFF	LPFNDGVYF
CSARDLYSADQPQHF	LPFNDGVYF
CASSPRDVAYEQYF	LPFNDGVYF
CASSPPAGTGGYEQYF	LPFNDGVYF
CASIPGGKEKLFF	LPFNDGVYF
CASSPPQSSYEQYF	LPFNDGVYF
CASSVGGGSSHEQYF	LPFNDGVYF
CASSRTSGTVYNEQFF	LPFNDGVYF
CSASTGSTYEQYV	LPFNDGVYF
CATRGLAGDNEQFF	LPFNDGVYF
CASSFPGTSNEQYF	LPFNDGVYF
CASSPTRNEKLFF	LPFNDGVYF
CASSMIGYEQYF	LPFNDGVYF
CASSERNRGGEKLFF	LPFNDGVYF
CSARDRRLAGNEQFF	LPFNDGVYF
CASMGTGTYEQYF	LPFNDGVYF
CSVEGGLGIGEQYF	LPFNDGVYF
CASRTGTVNSPLHF	LPFNDGVYF
CASSQHADTQYF	LPFNDGVYF
CATSRSSGELFF	LPFNDGVYF
CASSQDFRGSYEQYF	LPFNDGVYF
CASSSPGTSGEDNEQFF	LPFNDGVYF
CASSLYTGVNTEAFF	LPFNDGVYF
CASSLRQGSNQPQHF	LPFNDGVYF
CASSFVRGRQETQYF	LPFNDGVYF
CASSLAGTGGYEQYF	LPFNDGVYF
CASSTLGQGSGELFF	LPFNDGVYF
CASSLAGRDGDTQYF	LPFNDGVYF
CANIPGQGAYNEQFF	LPFNDGVYF
CASSHRGQGQETQYF	LPFNDGVYF
CASSLGGREQFF	LPFNDGVYF
CASSGQETRVGYEQYF	LPFNDGVYF
CASSLYTALNTEAFF	LPFNDGVYF
CASSQDHAKGAAYEQYF	LPFNDGVYF
CASGDGLAGYEQYF	LPFNDGVYF
CASSTGTGGHQPQHF	LPFNDGVYF
CASSLGGTEAFF	LPFNDGVYF
CASSFFPSTVSYEQYF	LPFNDGVYF
CATGSGGAHEQFF	LPFNDGVYF
CSVEGVEYEAFF	LPFNDGVYF
CASTGGPAGDTQYF	LPFNDGVYF
CASSESGVRVTEAFF	LPFNDGVYF
CASSPTGIVDTQYF	LPFNDGVYF
CASSSWTAANYGYTF	LPFNDGVYF
CSVDLPGETQYF	LPFNDGVYF
CASSPRDKNTDTQYF	LPFNDGVYF
CASSTPPNGTGGPYEQYF	LPFNDGVYF
CASSPLRGDNEQFF	LPFNDGVYF
CASSLGGSSYNEQFF	LPFNDGVYF
CASSHYPIPGEAKNIQYF	LPFNDGVYF
CASSPGTVNSNQPQHF	LPFNDGVYF
CASSSPSIAISYNEQFF	LPFNDGVYF
CASSLVPGQGARAGELFF	LPFNDGVYF
CASSIKLNTEAFF	LPFNDGVYF
CASSSPPTYEQYF	LPFNDGVYF
