CDR3	AA
CASSIGITEAFF	SNEKQEILGTVSW
CASSDLAMNTGELFF	SNEKQEILGTVSW
CSAQNEQFF	SNEKQEILGTVSW
CASMIGATEAFF	SNEKQEILGTVSW
CASSITSGISYEQYF	SNEKQEILGTVSW
CASSFDSQFF	SNEKQEILGTVSW
CASSLAGQQNSPLHF	SNEKQEILGTVSW
CASSEGNSPLHF	SNEKQEILGTVSW
CASSLAQGAYGYTF	SNEKQEILGTVSW
CASSLAADYEQYF	SNEKQEILGTVSW
CASSLAVGDYGYTF	SNEKQEILGTVSW
CATSDWGTGELFF	SNEKQEILGTVSW
CASSIGTREAFF	SNEKQEILGTVSW
WQGGSNTGELFF	SNEKQEILGTVSW
CASNGGVAEAFF	SNEKQEILGTVSW
CASSLTTGAYGYTF	SNEKQEILGTVSW
CASSVSHPSPGPQGGELFF	SNEKQEILGTVSW
CASSTSTGNRNEQYF	SNEKQEILGTVSW
CASRGPPNTGELFF	SNEKQEILGTVSW
CASSLSGTYEQYF	SNEKQEILGTVSW
CASSIGVTEAFF	SNEKQEILGTVSW
CSARDARGETQYF	SNEKQEILGTVSW
CASSQSLGHGYTF	SNEKQEILGTVSW
CASSLASGTGGEQYF	SNEKQEILGTVSW
CASGQALNTEAFF	SNEKQEILGTVSW
CASSQGPGFPTYEQYF	SNEKQEILGTVSW
CASRQDTEDGYTF	SNEKQEILGTVSW
CASSLSTGSYGYTF	SNEKQEILGTVSW
CASSHERTVATEAFF	SNEKQEILGTVSW
CASTIGGTEAFF	SNEKQEILGTVSW
CASSIGLIEAFF	SNEKQEILGTVSW
CASSPPRGSITDTQYF	SNEKQEILGTVSW
CASSIAARFNSPLHF	SNEKQEILGTVSW
CASSPPGQRETQYF	SNEKQEILGTVSW
CASSIGLSSAFF	SNEKQEILGTVSW
CASSGGPSSYNEQFF	SNEKQEILGTVSW
CASSINRGNTEAFF	SNEKQEILGTVSW
CASSLFPWGAGEQYF	SNEKQEILGTVSW
CASSIGLAEAFF	SNEKQEILGTVSW
CASSLILAGSPPGTQYF	SNEKQEILGTVSW
CASSAGTGGPGSTDTQYF	SNEKQEILGTVSW
CATSSGGGAYEQYF	SNEKQEILGTVSW
CASSIGVIQAFF	SNEKQEILGTVSW
CASGFPGGADTEAFF	SNEKQEILGTVSW
CASSPDSGSLTGELFF	SNEKQEILGTVSW
CASQLGNTEAFF	SNEKQEILGTVSW
CASFTGIAEAFF	SNEKQEILGTVSW
CASSGGGETQYF	SNEKQEILGTVSW
CASSLATGSYEQYF	SNEKQEILGTVSW
CASSIGITEAFF	SNEKQEILGTVSW
CASSPDGTEKLFF	SNEKQEILGTVSW
CASITGGSGYTF	SNEKQEILGTVSW
CASSIGVSEAFF	SNEKQEILGTVSW
CASSIGTTEAFF	SNEKQEILGTVSW
CASSTPGAVDYTF	SNEKQEILGTVSW
CASSPGLAHEQYF	SNEKQEILGTVSW
CASSFGGPSLEQYF	SNEKQEILGTVSW
CASSIGVTEAFF	SNEKQEILGTVSW
CAIFSGGTEAFF	SNEKQEILGTVSW
CASSLTGTYEQYF	SNEKQEILGTVSW
CASSPVGRGAYSYNEQFF	SNEKQEILGTVSW
CASSITYRDYGYTF	SNEKQEILGTVSW
CASSITAGDYGYTF	SNEKQEILGTVSW
CASTSSGAGGELFF	SNEKQEILGTVSW
CASSIGLTEQFF	SNEKQEILGTVSW
CASSLTQGATEAFF	SNEKQEILGTVSW
CASPGASGDTQYF	SNEKQEILGTVSW
CSPPPTAASGTTITQETQYF	SNEKQEILGTVSW
CASSQVEGGTEAFF	SNEKQEILGTVSW
CASSIGTTEAFF	SNEKQEILGTVSW
CASSIGGSEAFF	SNEKQEILGTVSW
CASSYGQGLGDEQFF	SNEKQEILGTVSW
CASSTPAGQLYGYTF	SNEKQEILGTVSW
CASSPGEGSAYEQYF	SNEKQEILGTVSW
CASSLAQGDYGYTF	SNEKQEILGTVSW
CASSIGITEAFF	SNEKQEILGTVSW
CASSITGTYEQYF	SNEKQEILGTVSW
CASSPQGPSTDTQYF	SNEKQEILGTVSW
CASSMGGAEAFF	SNEKQEILGTVSW
CASSLAGGAYEQYF	SNEKQEILGTVSW
CASSIGYRANAFF	SNEKQEILGTVSW
CASSIGGAEAFF	SNEKQEILGTVSW
CASSLKATDTQYF	SNEKQEILGTVSW
CSVPLGTGGPFMNTEAFF	SNEKQEILGTVSW
CASSYSGTIYEQYF	SNEKQEILGTVSW
CASSIGLIEAFF	SNEKQEILGTVSW
CASTEGNSPLHF	SNEKQEILGTVSW
CASSLAQGHPYYF	SNEKQEILGTVSW
CASNMGLTKAFF	SNEKQEILGTVSW
CASSEVTGNYGYTF	SNEKQEILGTVSW
CASQIGATNEKLFF	SNEKQEILGTVSW
CASSIGLGEAFF	SNEKQEILGTVSW
CASSPNTDTQYF	SNEKQEILGTVSW
CASSPGTGGPPLTNTEAFF	SNEKQEILGTVSW
CSADTRGVEETQYF	SNEKQEILGTVSW
CASILGGTEAFF	SNEKQEILGTVSW
CALTQTEETQYF	SNEKQEILGTVSW
CASSPRLAGVVEQFF	SNEKQEILGTVSW
CASSPLKGSNPYEQYF	SNEKQEILGTVSW
CASSPAVGSYNEQFF	SNEKQEILGTVSW
CSAWRDGTDTDTQYF	SNEKQEILGTVSW
CATSDTRAPGPPQHF	SNEKQEILGTVSW
CASSHPGPHYEQYF	SNEKQEILGTVSW
CASSYASNYGYTF	SNEKQEILGTVSW
CASSPASGNTIYF	SNEKQEILGTVSW
CASSLVSVPGPYGYTF	SNEKQEILGTVSW
CASSIGGDKAFF	SNEKQEILGTVSW
CSAPDSLYQETQYF	SNEKQEILGTVSW
CASSVSVAHTYEQYF	SNEKQEILGTVSW
CASSWDQLNIQYF	SNEKQEILGTVSW
CASSPVGGYTF	SNEKQEILGTVSW
CASGLGTGALYGYTF	SNEKQEILGTVSW
CASSASGSPPDTQYF	SNEKQEILGTVSW
CASSSGTNSLYEQYF	SNEKQEILGTVSW
CATQSGGAGYTF	SNEKQEILGTVSW
CASSPARDYGYTF	SNEKQEILGTVSW
CASTIGGTEAFF	SNEKQEILGTVSW
CASLTGGGGYTF	SNEKQEILGTVSW
CASSLTADYEQYF	SNEKQEILGTVSW
CASSIGVGEAFF	SNEKQEILGTVSW
CASGASLNTEAFF	SNEKQEILGTVSW
CASSIGITEAFF	SNEKQEILGTVSW
CASSLLAGEIYNEQFF	SNEKQEILGTVSW
CATSPSVGGPIYEQYF	SNEKQEILGTVSW
CASGRSTNTEAFF	SNEKQEILGTVSW
CASSTGPNTGELFF	SNEKQEILGTVSW
CASMTGSEQYF	SNEKQEILGTVSW
CASSIGGTEAFF	SNEKQEILGTVSW
CASKSLGRANTEAFF	SNEKQEILGTVSW
CANSPPGLAENTGELFF	SNEKQEILGTVSW
CSVEIGGSGTGELFF	SNEKQEILGTVSW
CASSIGLAEAFF	SNEKQEILGTVSW
CASSIGLAEAFF	SNEKQEILGTVSW
CATSTGVAEAFF	SNEKQEILGTVSW
CASRIGTGGAFF	SNEKQEILGTVSW
CASSQVRGYEQYF	SNEKQEILGTVSW
CASSPGTGTYEQYF	SNEKQEILGTVSW
CASSPFGRANTEAFF	SNEKQEILGTVSW
CSAQGSLFF	SNEKQEILGTVSW
CASSQVEGGSYEQYF	SNEKQEILGTVSW
CASSYNSDRGNTGELFF	SNEKQEILGTVSW
CSVEAKDFTSEAFF	SNEKQEILGTVSW
CASSLADSYEQYF	SNEKQEILGTVSW
CASSIGITEAFF	SNEKQEILGTVSW
CASNYGVAEAFF	SNEKQEILGTVSW
CASSETGTYGYTF	SNEKQEILGTVSW
CASSETNQPQHF	SNEKQEILGTVSW
CASSQSRSYGYTF	SNEKQEILGTVSW
CASSMGLTEAFF	SNEKQEILGTVSW
CASSVAGTYEQYF	SNEKQEILGTVSW
CASTIGGDGYTF	SNEKQEILGTVSW
CSVEPSGSGTGELFF	SNEKQEILGTVSW
CASSLGAQGGQPQHF	SNEKQEILGTVSW
CASSLISLGGSYGYTF	SNEKQEILGTVSW
CASKIGGSEAFF	SNEKQEILGTVSW
CASSLANFYGYTF	SNEKQEILGTVSW
CASSLGAGGPSSTDTQYF	SNEKQEILGTVSW
CASSYASNYGYTF	SNEKQEILGTVSW
CASSIGLTEAFF	SNEKQEILGTVSW
CASSIHPQTMNTEAFF	SNEKQEILGTVSW
CASSLAGEGGELFF	SNEKQEILGTVSW
CASSVVGAQETQYF	SNEKQEILGTVSW
CASSIGGTEAFF	SNEKQEILGTVSW
CASSLSAGKYEQYF	SNEKQEILGTVSW
CASSLARGEYGYTF	SNEKQEILGTVSW
CASSIGARQTPYEQYF	SNEKQEILGTVSW
CATLTGGTEAFF	SNEKQEILGTVSW
CASSVSGNTIYF	SNEKQEILGTVSW
CASNSGTVRELFF	SNEKQEILGTVSW
CASSQALNYGYTF	SNEKQEILGTVSW
CASSLPPRMEGLNYGYTF	SNEKQEILGTVSW
CSVEDGGTVLRFF	SNEKQEILGTVSW
CASSVSGTNTGELFF	SNEKQEILGTVSW
CASSQDRDRYNEQFF	SNEKQEILGTVSW
CATATGGRTGELFF	SNEKQEILGTVSW
CASSVAGTYEQYF	SNEKQEILGTVSW
CASSPEGETQYF	SNEKQEILGTVSW
CASSLPRKLFF	SNEKQEILGTVSW
CASSHSYNEQFF	SNEKQEILGTVSW
CASSQVFDSFYGYTF	SNEKQEILGTVSW
CASSLGVSGPSSTDTQYF	SNEKQEILGTVSW
CASSLVESYEQYF	SNEKQEILGTVSW
CASSIGVAEAFF	SNEKQEILGTVSW
CSARDGYGYTF	SNEKQEILGTVSW
CASSLQSGANVLTF	SNEKQEILGTVSW
CASSSSGVPYGYTF	SNEKQEILGTVSW
CASSIGGAEAFF	SNEKQEILGTVSW
CASSIGVTEAFF	SNEKQEILGTVSW
CASSLQGRGNTEAFF	SNEKQEILGTVSW
CASMLGGSGYTF	SNEKQEILGTVSW
CASSLYKGQMLHNSPLHF	SNEKQEILGTVSW
CASSLTVGGHSYNEQFF	SNEKQEILGTVSW
CASSIGGAEAFF	SNEKQEILGTVSW
CASTLGTHNEQFF	SNEKQEILGTVSW
CASSLDGGSGELFF	SNEKQEILGTVSW
CASSIGLTEAFF	SNEKQEILGTVSW
CASSIGLTEAFF	SNEKQEILGTVSW
CATSDFGHDSNQPQHF	SNEKQEILGTVSW
CASSLAPSYEQYF	SNEKQEILGTVSW
CATQLQGINQPQHF	SNEKQEILGTVSW
CASTIALSYEQYF	SNEKQEILGTVSW
CASSVVASGGDDTGELFF	SNEKQEILGTVSW
CASSITGRANEKLFF	SNEKQEILGTVSW
CASSQARGYEQFF	SNEKQEILGTVSW
CASSIGLFSEQYF	SNEKQEILGTVSW
CASMVGANEQFF	SNEKQEILGTVSW
CASTSRLSSTTNEKLFF	SNEKQEILGTVSW
CASSPSIDTQIYEQYF	SNEKQEILGTVSW
CSVGLADYNEQFF	SNEKQEILGTVSW
CASTGIRGELFF	SNEKQEILGTVSW
CASTLIGESQYF	SNEKQEILGTVSW
CASSEAGTEDVF	SNEKQEILGTVSW
CASFTGGTEAFF	SNEKQEILGTVSW
CSASEGTGPLEQYF	SNEKQEILGTVSW
CSAQGKAFF	SNEKQEILGTVSW
CASTIGTLGYTF	SNEKQEILGTVSW
CASSQARGGYGYTF	SNEKQEILGTVSW
CASRPGLATGEQFF	SNEKQEILGTVSW
CSAQGVAFF	SNEKQEILGTVSW
CASSIGLTEAFF	SNEKQEILGTVSW
CASMEGAADTQYF	SNEKQEILGTVSW
CASSIGVTEAFF	SNEKQEILGTVSW
CASSPHTLGGTEAFF	SNEKQEILGTVSW
CSVEPGRTATEAFF	SNEKQEILGTVSW
CASSEDRGPGELFF	SNEKQEILGTVSW
CASSKRAAQYF	SNEKQEILGTVSW
CASSIGGERAFF	SNEKQEILGTVSW
CASSSVYRGHSGNTIYF	SNEKQEILGTVSW
CASSPPRGASTDTQYF	SNEKQEILGTVSW
CASSQEQTNEKLFF	SNEKQEILGTVSW
CASSYSINREIQETQYF	SNEKQEILGTVSW
CASSSRQGIRSPLHF	SNEKQEILGTVSW
CATNTGGTEAFF	SNEKQEILGTVSW
CASSQVRGWETQYF	SNEKQEILGTVSW
CASSESGSRETQYF	SNEKQEILGTVSW
CASSIGGTEAFF	SNEKQEILGTVSW
CATSRSGNTGELFF	SNEKQEILGTVSW
CASSIGINEAFF	SNEKQEILGTVSW
CATSEPTVSGTDTQYF	SNEKQEILGTVSW
CASSHLTGPGTEAFF	SNEKQEILGTVSW
CASSIGIAEAFF	SNEKQEILGTVSW
CASSIGGTEAFF	SNEKQEILGTVSW
CASMEGNTEAFF	SNEKQEILGTVSW
CASSQADSYEAFF	SNEKQEILGTVSW
CASSQVRGSYEQYF	SNEKQEILGTVSW
CASSSLTGGHQPQHF	SNEKQEILGTVSW
CASTMGQIEAFF	SNEKQEILGTVSW
CASSLSQGSALHF	SNEKQEILGTVSW
CASSIGGDKAFF	SNEKQEILGTVSW
CASSIGGTEAFF	SNEKQEILGTVSW
CASSFSPGRGIGEQFF	SNEKQEILGTVSW
CASSIGGTEAFF	SNEKQEILGTVSW
CASSPDSETQYF	SNEKQEILGTVSW
CASRLGPMNTEAFF	SNEKQEILGTVSW
CASSMGVAEAFF	SNEKQEILGTVSW
CASSLFGRGPTYNEQFF	SNEKQEILGTVSW
CATSEQGDPEAFF	SNEKQEILGTVSW
CASSIGTIPEAFF	SNEKQEILGTVSW
CASSLARNYGYTF	SNEKQEILGTVSW
CASSQTREYEQYF	SNEKQEILGTVSW
CASSIGGSEAFF	SNEKQEILGTVSW
CASSITSGDYEQYF	SNEKQEILGTVSW
CASSMGLAEAFF	SNEKQEILGTVSW
CASSMTGTYEQYF	SNEKQEILGTVSW
CASNGGITEAFF	SNEKQEILGTVSW
CASRGPAGEQFF	SNEKQEILGTVSW
CASSLPGAGNYNEQFF	SNEKQEILGTVSW
CASTPGLTNEKLFF	SNEKQEILGTVSW
CASSISGRASNEQFF	SNEKQEILGTVSW
CASSTGITEAFF	SNEKQEILGTVSW
CASSMSLSSNYGYTF	SNEKQEILGTVSW
CSARGNPGLAGGPGTGELFF	SNEKQEILGTVSW
CASSFTDGSNYGYTF	SNEKQEILGTVSW
CASSIGGTEAFF	SNEKQEILGTVSW
CASSIGLAEAFF	SNEKQEILGTVSW
CASSIGLAEQFF	SNEKQEILGTVSW
CASSPGSRDYGYTF	SNEKQEILGTVSW
CASSMGGTEAFF	SNEKQEILGTVSW
CASSPSGQETQYF	SNEKQEILGTVSW
CASSIGGVPNTF	SNEKQEILGTVSW
CASSMVGRMAYNEQFF	SNEKQEILGTVSW
CKPQGYEQFF	SNEKQEILGTVSW
CASSIGGIGAFF	SNEKQEILGTVSW
CASSQAWNYGYTF	SNEKQEILGTVSW
CASSIGGAEAFF	SNEKQEILGTVSW
CASSIGGTEAFF	SNEKQEILGTVSW
CASSLVPNTEAFF	SNEKQEILGTVSW
CASSIGGTEAFF	SNEKQEILGTVSW
