CDR3	AA
CASSPGPSSYNEQFF	QWNLVIGFLF
CASSSPSENSGNTIYF	QWNLVIGFLF
CASNSGLNTGELFF	QWNLVIGFLF
CATHRALRVSDTQYF	QWNLVIGFLF
CAIEPGIIGKNIQYF	QWNLVIGFLF
CSVDGSDTQYF	QWNLVIGFLF
CASSPGLAPDTQYF	QWNLVIGFLF
CSGRGGQQETQYF	QWNLVIGFLF
CASSHPGDDSGNTIYF	QWNLVIGFLF
CASNWRDEKLFF	QWNLVIGFLF
CASSAGLTLGEQFF	QWNLVIGFLF
CASSLGRNQPQHF	QWNLVIGFLF
CASSVSEESRNIADTQYF	QWNLVIGFLF
CASSLGANLFTDTQYF	QWNLVIGFLF
CASSLGVSSYNEQFF	QWNLVIGFLF
CASSHPGTDSGNTIYF	QWNLVIGFLF
CASSSPATDSGNTIYF	QWNLVIGFLF
CAWSVPGSSYEQYF	QWNLVIGFLF
CSARDHRAATYNEQFF	QWNLVIGFLF
CASSGTGLDSGNTIYF	QWNLVIGFLF
CASSEALYEQYF	QWNLVIGFLF
CASRDRGSWNYNEQFF	QWNLVIGFLF
CASSSGLVLNEQFF	QWNLVIGFLF
CASSLGTGSYNEQFF	QWNLVIGFLF
CASAENGAGGDDTQYF	QWNLVIGFLF
CSVEDTPGVSDYGYTF	QWNLVIGFLF
CASSFGTGTGLYEQYF	QWNLVIGFLF
CASSLAGHLDQPQHF	QWNLVIGFLF
CSARWGLGNQPQHF	QWNLVIGFLF
CASSQESSPGYEQFF	QWNLVIGFLF
CASIHRDRYGYTF	QWNLVIGFLF
CASSGGLSYEQYF	QWNLVIGFLF
CASSFNRVEQYF	QWNLVIGFLF
CASSLGGMEHEQYF	QWNLVIGFLF
CAISQGLAGGSEETQYF	QWNLVIGFLF
CASSPDSRYEQYF	QWNLVIGFLF
CASSVGQGSRETQYF	QWNLVIGFLF
CASSAGLAATNEQFF	QWNLVIGFLF
CASAREGAPTSEQYF	QWNLVIGFLF
CASSSSLAPEQFF	QWNLVIGFLF
CSVLWPKGSEAFF	QWNLVIGFLF
CASSSPRDSSGNTIYF	QWNLVIGFLF
CASSGGGTYEQYF	QWNLVIGFLF
CASSLPGRTYEQYF	QWNLVIGFLF
CASSESLDPDTQYF	QWNLVIGFLF
CASSDLQGAGYEQYF	QWNLVIGFLF
CASSDWAGELFF	QWNLVIGFLF
CASTTQKQADTQYF	QWNLVIGFLF
CASSLAGRSYEQYF	QWNLVIGFLF
CASSQDASIYNEQFF	QWNLVIGFLF
CASSLSRNTEAFF	QWNLVIGFLF
CASSEASGTNLFYNEQFF	QWNLVIGFLF
CASSSWPRGSKDTQYF	QWNLVIGFLF
CASGSGLLSYEQYF	QWNLVIGFLF
CASSLGRSQPQHF	QWNLVIGFLF
CASTFFGGPNTEAFF	QWNLVIGFLF
CASRQGLPYEQYF	QWNLVIGFLF
CASSRDSSYEQYF	QWNLVIGFLF
CSVPGPNTEAFF	QWNLVIGFLF
CASSPGGATYNEQFF	QWNLVIGFLF
CASSVVSGHYNEQFF	QWNLVIGFLF
CASSQGGQGNQPQHF	QWNLVIGFLF
CASSRDSSYEQYF	QWNLVIGFLF
CASSAGLAVYEQYF	QWNLVIGFLF
CASSSPGEDSGNTIYF	QWNLVIGFLF
CSASLETSRQFF	QWNLVIGFLF
CASSSPAGDSGNTIYF	QWNLVIGFLF
CASSPGLAIYEQFF	QWNLVIGFLF
CASSSPGTDSGNTIYF	QWNLVIGFLF
CASSSFLAGVFNEQFF	QWNLVIGFLF
