CDR3	AA
CASSYLIGQGQEKLFF	FLYIIKLVFL
CASSYGGGTVLTF	FLYIIKLVFL
CASSFIGTGLVDEQFF	FLYIIKLVFL
CSVEVARGGYNEQFF	FLYIIKLVFL
CSAETSGYEQYF	FLYIIKLVFL
CASSQDGIGGFSYEQYF	FLYIIKLVFL
CASTLGEGEQFF	FLYIIKLVFL
CASSTGTSGTYEQYF	FLYIIKLVFL
CASSELGSTDTQYF	FLYIIKLVFL
CASSSTGTYQETQYF	FLYIIKLVFL
CASSEISLASEQYF	FLYIIKLVFL
CASSTGLAGAYEQYF	FLYIIKLVFL
CASSLTEHIAGLRETQYF	FLYIIKLVFL
CASSLAGPGQFF	FLYIIKLVFL
CASSLRQAEYENYGYTF	FLYIIKLVFL
CASSRVVGKATNEKLFF	FLYIIKLVFL
CANGPGLAFNEQFF	FLYIIKLVFL
CASSQAMGTGPQPQHF	FLYIIKLVFL
CATSDLRGAVNTGELFF	FLYIIKLVFL
CASSIPPAGGNDEQFF	FLYIIKLVFL
CASRLFGTGGEKLFF	FLYIIKLVFL
CATVAEKAFF	FLYIIKLVFL
CSARLPSYNEQFF	FLYIIKLVFL
CASSSGTSGSYEQYF	FLYIIKLVFL
CASSLAGTGLNTEAFF	FLYIIKLVFL
CASSDSSYNEQFF	FLYIIKLVFL
CASSQDGVGDLSYEQYF	FLYIIKLVFL
CASSETPGLAGPSSYNEQFF	FLYIIKLVFL
CATSKKRAQETQYF	FLYIIKLVFL
CASSPSGSEQFF	FLYIIKLVFL
CASSQDPTTSGGALALTDTQYF	FLYIIKLVFL
CASSQDPSSGNTIYF	FLYIIKLVFL
CSASSRDSDYEQYF	FLYIIKLVFL
CASSTGDRGSYEQYF	FLYIIKLVFL
CSARLPSYNEQFF	FLYIIKLVFL
CASSEQDRQETQYF	FLYIIKLVFL
CASSHPPAGQPYEQYF	FLYIIKLVFL
CASSQDLVDTQYF	FLYIIKLVFL
CASSTSGNTEAFF	FLYIIKLVFL
CASSPSGTEAFF	FLYIIKLVFL
CASSGSGELFF	FLYIIKLVFL
CATTIDDGNYGYTF	FLYIIKLVFL
CASSQDPSSGNTIYF	FLYIIKLVFL
CASSQAVIAGVSYNEQFF	FLYIIKLVFL
CASTTGTGLHQETQYF	FLYIIKLVFL
CSARIPSYNEQFF	FLYIIKLVFL
CASSLGVVQREKLFF	FLYIIKLVFL
CATSGQGLITDTQYF	FLYIIKLVFL
CSAREASSYNEQFF	FLYIIKLVFL
CASSLSDAYEQYF	FLYIIKLVFL
CASSYGGGPLDEQFF	FLYIIKLVFL
CASSQDLLSNPNEQFF	FLYIIKLVFL
CASSWTGFDEETQYF	FLYIIKLVFL
CASSSHPPGGGAVEDTQYF	FLYIIKLVFL
CATAGVSSGDYEQYF	FLYIIKLVFL
CASLSYNEQFF	FLYIIKLVFL
CASGFGWGGSTDTQYF	FLYIIKLVFL
CATSPGGRVGDLYTDTQYF	FLYIIKLVFL
CASSSPSTGGFHEQYF	FLYIIKLVFL
CASSSLANEQFF	FLYIIKLVFL
CASSPGLAGLSSYNEQFF	FLYIIKLVFL
CSARGVVSSYNEQFF	FLYIIKLVFL
CASSSGQGGYIQYF	FLYIIKLVFL
CASSIAADSYEQYF	FLYIIKLVFL
CASSPGAVSEQYF	FLYIIKLVFL
CATSRERVNPATQYF	FLYIIKLVFL
CATSDSRQVYNEQFF	FLYIIKLVFL
CASSLFGSNEQYF	FLYIIKLVFL
CASSSGQGGSYEQYF	FLYIIKLVFL
CSARLPSYNEQFF	FLYIIKLVFL
CASSLVYEQYF	FLYIIKLVFL
CASSQDPTTGNTIYF	FLYIIKLVFL
CASSQGGLAGGPRDDIQYF	FLYIIKLVFL
CASSQDADTQYF	FLYIIKLVFL
CSARVPTTNEQFF	FLYIIKLVFL
CASSLAGSGTGELFF	FLYIIKLVFL
CASIGGAAGSYEQYF	FLYIIKLVFL
CATSGLESAKETQYF	FLYIIKLVFL
CASSHDEGVGTDMNTEAFF	FLYIIKLVFL
CASSQPGTENTEAFF	FLYIIKLVFL
CASSQPGSSSNEQFF	FLYIIKLVFL
CATGQGRTDTQYF	FLYIIKLVFL
CSVEGWGLTNYGYTF	FLYIIKLVFL
CSARDGQSMAEAFF	FLYIIKLVFL
CASSQDLPLEGALRSTEAFF	FLYIIKLVFL
CASSLGLSPPDTQYF	FLYIIKLVFL
CASSHAPQGNTEAFF	FLYIIKLVFL
CASSLTGWNEQYF	FLYIIKLVFL
CASSPSLSSYEQYF	FLYIIKLVFL
CASSQEGVAVYNEQFF	FLYIIKLVFL
CASSEGVSNQPQHF	FLYIIKLVFL
CSAGTGDHYEQYF	FLYIIKLVFL
CASSLSLLAGGNEQFF	FLYIIKLVFL
CSVAGNEQFF	FLYIIKLVFL
CASSYLGDYTEAFF	FLYIIKLVFL
CASSDQRLAGGLGTDTQYF	FLYIIKLVFL
CASRRLAALLDEQFF	FLYIIKLVFL
CSAMGGQPLRDTQYF	FLYIIKLVFL
CASNTEAFF	FLYIIKLVFL
CSAPPRDYDNEQFF	FLYIIKLVFL
CSAIPGYEAFF	FLYIIKLVFL
CASSWTSGTDTQYF	FLYIIKLVFL
CASSSLDRSYNEQFF	FLYIIKLVFL
CASSMGQGAEAEAFF	FLYIIKLVFL
CASSIGLAGGNEQYF	FLYIIKLVFL
CASSDSGDRAYNSPLHF	FLYIIKLVFL
CSASPTVSPLHF	FLYIIKLVFL
CASSLAGLAGPEQFF	FLYIIKLVFL
CASSQLNTGELFF	FLYIIKLVFL
CSDMGPRTYEQYF	FLYIIKLVFL
CSVERGGMNTEAFF	FLYIIKLVFL
CASSEPDRQFNYGYTF	FLYIIKLVFL
CATITGSRGIYEQFF	FLYIIKLVFL
CASSYTGPNPQETQYF	FLYIIKLVFL
CASSQTGSTDTQYF	FLYIIKLVFL
CASSATAGFNQPQHF	FLYIIKLVFL
CASSPGAGANVLTF	FLYIIKLVFL
CASSLPDSPHSNQPQHF	FLYIIKLVFL
CAWSHNEQFF	FLYIIKLVFL
CASFTEGVRNTEAFF	FLYIIKLVFL
CASSQVGQTYTDTQYF	FLYIIKLVFL
CSVRVPSYNEQFF	FLYIIKLVFL
CASSPDHETQYF	FLYIIKLVFL
CASSLMGEGGNEQFF	FLYIIKLVFL
CASSTGLAGIDEQFF	FLYIIKLVFL
CSVAGQGIGLLEQYF	FLYIIKLVFL
CSAVMDTQYF	FLYIIKLVFL
CASSRYVEAFF	FLYIIKLVFL
CASTPGGTGELFF	FLYIIKLVFL
CASSIGDSYNEQFF	FLYIIKLVFL
CASSEEPGWGANTEAFF	FLYIIKLVFL
CSANVELEETQYF	FLYIIKLVFL
CASSPPAGAVGDEQFF	FLYIIKLVFL
CASTLVGTDYNSPLHF	FLYIIKLVFL
CASSQDGGEGVFGYTF	FLYIIKLVFL
CSARLPTYNEQFF	FLYIIKLVFL
CASSLGTGSNEQFF	FLYIIKLVFL
CASSLGSSGTYNEQFF	FLYIIKLVFL
CASSHQLEPGRRGSPLHF	FLYIIKLVFL
CASGPSPGLVYDEQFF	FLYIIKLVFL
CASSSTGTGVYEQYF	FLYIIKLVFL
CASSLAGRDNEQFF	FLYIIKLVFL
CASSLGTGGNTEAFF	FLYIIKLVFL
CASSLPMGAGVADTQYF	FLYIIKLVFL
CASSQGSETQYF	FLYIIKLVFL
CASSPMVSSYNEQFF	FLYIIKLVFL
CASSYGSFGYTF	FLYIIKLVFL
CASSLAGSGSYNEQFF	FLYIIKLVFL
CASSSGTGPYEQYF	FLYIIKLVFL
CASNIDSDGNTEAFF	FLYIIKLVFL
CASRLYRDVGELFF	FLYIIKLVFL
CASSYPGTSGGPSYNEQFF	FLYIIKLVFL
CASSLEGEQYF	FLYIIKLVFL
CASYGLGTANTGELFF	FLYIIKLVFL
CATSSVRTGDQPQHF	FLYIIKLVFL
CSARDGLLQETQYF	FLYIIKLVFL
CASSWGAASTDTQYF	FLYIIKLVFL
CSAGQGQETQYF	FLYIIKLVFL
CSVDTGYEQYF	FLYIIKLVFL
CASSRTGSSTDTQYF	FLYIIKLVFL
CASSGQGILVLGEKLFF	FLYIIKLVFL
CASSPSRGAGFNQPQHF	FLYIIKLVFL
CASSVGDSTEAFF	FLYIIKLVFL
CASSIPGATLYEQYF	FLYIIKLVFL
CASSEGQGFGYTF	FLYIIKLVFL
CSVVFAGAPEAFF	FLYIIKLVFL
CASSLAAGTGSLNEQFF	FLYIIKLVFL
CASSLVGGASDTQYF	FLYIIKLVFL
CASSLPAGTSGYEQFF	FLYIIKLVFL
CASSLPGLAGGGYNEQFF	FLYIIKLVFL
CASSSTPTSGDEQFF	FLYIIKLVFL
CASSSPRGAVGNEQFF	FLYIIKLVFL
CASSTLTPGSSYNEQFF	FLYIIKLVFL
CASSPLSPGLANHLEYF	FLYIIKLVFL
CASSSIAGYQETQYF	FLYIIKLVFL
CASSQAVAGVGETQYF	FLYIIKLVFL
CASSLAQLAGAYNEQFF	FLYIIKLVFL
CASSLVGVGHTDTQYF	FLYIIKLVFL
CASSLSDYSNQPQHF	FLYIIKLVFL
CATSRARTQETQYF	FLYIIKLVFL
CASSLGAIPGPADTQYF	FLYIIKLVFL
CATSRDRVTGELFF	FLYIIKLVFL
