CDR3	AA
CAISESTGDGTEAFF	SYFTSDYYQL
CASSQFQGLPEAFF	SYFTSDYYQL
CASSQVFLASGRSSNDEQYF	SYFTSDYYQL
CATSYLDSRDRYVYTQYF	SYFTSDYYQL
CSARDSWGLTGAFYEQYF	SYFTSDYYQL
CASSLGGSSTDTQYF	SYFTSDYYQL
CSARVRTDSYEQYF	SYFTSDYYQL
CASSLIGLAGASQNEQYF	SYFTSDYYQL
CAWRGTGGSEAFF	SYFTSDYYQL
CASTPASSYNEQFF	SYFTSDYYQL
CSARDLGGALAGALWETQYF	SYFTSDYYQL
CATSDLATANYGYTF	SYFTSDYYQL
CASSPWTGLPYEQYF	SYFTSDYYQL
CASSDYRGGTEAFF	SYFTSDYYQL
CASSLIKGSDEQYF	SYFTSDYYQL
CASRAPDSSEQYF	SYFTSDYYQL
CASSRLGGSGYEQYF	SYFTSDYYQL
CASSSSNTEAFF	SYFTSDYYQL
CAWSVPGDFNQPQHF	SYFTSDYYQL
CASRWRGDYYEQYF	SYFTSDYYQL
CASSIGFEQYF	SYFTSDYYQL
CASADRGSKNIQYF	SYFTSDYYQL
CASSLSSGRYNEQFF	SYFTSDYYQL
CASSPGDSRTDTQYF	SYFTSDYYQL
CASSLLDGGETQYF	SYFTSDYYQL
CASSYWVGQETQYF	SYFTSDYYQL
CASSQTSRGDSNQPQHF	SYFTSDYYQL
CASSPRGSGYNEQFF	SYFTSDYYQL
CASSDVTSGRLDF	SYFTSDYYQL
CASSLNWDRESPLHF	SYFTSDYYQL
CASSLGGGSTDTQYF	SYFTSDYYQL
CASSYSSSRGPFPYEQYF	SYFTSDYYQL
CATSSPERGDSNQPQHF	SYFTSDYYQL
CASTSSGSIGETQYF	SYFTSDYYQL
CASSSWTGVGETQYF	SYFTSDYYQL
CASKEGGGELFF	SYFTSDYYQL
CASSYQLDQTSGYNEQFF	SYFTSDYYQL
CASSLWTGVGETQYF	SYFTSDYYQL
CASSWSRDKAYEQYF	SYFTSDYYQL
CASSLLADQETQYF	SYFTSDYYQL
CASSPYRDSYEQYF	SYFTSDYYQL
CASSPGTSGGETQYF	SYFTSDYYQL
CASSQGGDYNQPQHF	SYFTSDYYQL
CASSFWTGVYNEQFF	SYFTSDYYQL
CSVRTSVTYEQYF	SYFTSDYYQL
CASSPTVGVNTEAFF	SYFTSDYYQL
CASSQAVGGTEAFF	SYFTSDYYQL
CASSARQGSSNQPQHF	SYFTSDYYQL
CASSLGGSSTDTQYF	SYFTSDYYQL
CASSPEEFSYEQYF	SYFTSDYYQL
CASSLGGSSTDTQYF	SYFTSDYYQL
CASGRGDTYEQYF	SYFTSDYYQL
CASSISGRGDGSPLHF	SYFTSDYYQL
CASSLTSGSLRNEQFF	SYFTSDYYQL
CARSCYKTSAYNEQFF	SYFTSDYYQL
CASSQGQVDGWPLHF	SYFTSDYYQL
CASSSNRDTPYEQYF	SYFTSDYYQL
CASSYSRRGYEQYF	SYFTSDYYQL
CASSLVGPGPGEKLFF	SYFTSDYYQL
CASSHTQAGDSNQPQHF	SYFTSDYYQL
CASSLYSNEQFF	SYFTSDYYQL
CASSRVGGTEAFF	SYFTSDYYQL
CASSSGQGDTDTQYF	SYFTSDYYQL
CSARLGSERNEQFF	SYFTSDYYQL
CASSQESSGLAYEQYF	SYFTSDYYQL
CASSESGGSGSEQYF	SYFTSDYYQL
CASSSRTSGSSRPGEQYF	SYFTSDYYQL
CASSVGQGSSDTQYF	SYFTSDYYQL
CASSTLRGYSNQPQHF	SYFTSDYYQL
CASSGRTSGDEGPYEQYF	SYFTSDYYQL
CASSSQGGNSPLHF	SYFTSDYYQL
CASSGASTGELFF	SYFTSDYYQL
CASSPDDRRDPKETQYF	SYFTSDYYQL
CASSQGVDMNIQYF	SYFTSDYYQL
CASSRGTGDFLGEQYF	SYFTSDYYQL
CASSLATDSLTYEQYF	SYFTSDYYQL
CASRDLTSGRGYNEQFF	SYFTSDYYQL
CASSLRGSYQETQYF	SYFTSDYYQL
CASSLSPPQGPSYEQYF	SYFTSDYYQL
CASSQAGQGDGSPLHF	SYFTSDYYQL
CASSPGQRTEAFF	SYFTSDYYQL
CASSHGQGSRAFF	SYFTSDYYQL
CASSIESSGLNSPLHF	SYFTSDYYQL
CAWSALELGLREGHNEQFF	SYFTSDYYQL
CASSYLDRGETQYF	SYFTSDYYQL
CASSYLPSYEQYV	SYFTSDYYQL
CASSLGGSSTDTQYF	SYFTSDYYQL
CASSPWTGVGETQYF	SYFTSDYYQL
CASSLVAGQETQYF	SYFTSDYYQL
CATSASGELFF	SYFTSDYYQL
CASSQDIGGPNTGELFF	SYFTSDYYQL
CATQAVNEQYF	SYFTSDYYQL
CASSYSVGGEAFF	SYFTSDYYQL
CSARVELAQSSYNEQFF	SYFTSDYYQL
CASSQETSGDFKIEQYF	SYFTSDYYQL
CASRTPDTGELFF	SYFTSDYYQL
CASSLGGGSTDTQYF	SYFTSDYYQL
CASSSADSTTVAPYEQYF	SYFTSDYYQL
CASSDTGLGGKLFF	SYFTSDYYQL
CASSPWTGVGNEQFF	SYFTSDYYQL
CAFPSWAHNEQFF	SYFTSDYYQL
CASSITGSREQFF	SYFTSDYYQL
CASRQGRNTEAFF	SYFTSDYYQL
CASRLRLDYNEQFF	SYFTSDYYQL
CASSFGLAQSFPEQYF	SYFTSDYYQL
CASSVVPGQGYEQYF	SYFTSDYYQL
CASSLGGSSTDTQYF	SYFTSDYYQL
CASSVDEVNYGYTF	SYFTSDYYQL
CASSLLPSGLSVSYEQYF	SYFTSDYYQL
CASAWDRGNTEAFF	SYFTSDYYQL
CASSFLGGGETQYF	SYFTSDYYQL
CASSLGGGSTDTQYF	SYFTSDYYQL
CATDAGSSYEQYF	SYFTSDYYQL
CASRLRTDYNEQFF	SYFTSDYYQL
CASSLGRDHFEQYV	SYFTSDYYQL
CSARDLAGGPGTGELFF	SYFTSDYYQL
CASSLRGDSSYEQYF	SYFTSDYYQL
CASSYQDSFTDTQYF	SYFTSDYYQL
CASSQAGNTGELFF	SYFTSDYYQL
CASSQGFRNTEAFF	SYFTSDYYQL
CASSQGGDYNQPQHF	SYFTSDYYQL
CATTTGISETQYF	SYFTSDYYQL
CASSLRGDILYEQYF	SYFTSDYYQL
CASIWSLEVGELFF	SYFTSDYYQL
CASSYSLNPEAQYF	SYFTSDYYQL
CASSVDGAGGREQYF	SYFTSDYYQL
CASSQALQGADTQYF	SYFTSDYYQL
CASRTERTGQYF	SYFTSDYYQL
CASSLDGHEKLFF	SYFTSDYYQL
CASSPRARGETQYF	SYFTSDYYQL
CAINFGPSGVLDEQYF	SYFTSDYYQL
CASSEPLGSYAEGYTF	SYFTSDYYQL
CASSLQGVQETQYF	SYFTSDYYQL
