CDR3	AA
CASSIGRGGEQYF	WPVTLACFVL
CASSIAGVVGNEQFF	WPVTLACFVL
CASSLADNAQFF	WPVTLACFVL
CASSPQVRGTETQYF	WPVTLACFVL
CASSALLGNYGYTF	WPVTLACFVL
CASSPTGTGGVGYGYTF	WPVTLACFVL
CASSYSAGEETQYF	WPVTLACFVL
CASSFGSEQFF	WPVTLACFVL
CASSYWGGVDQETQYF	WPVTLACFVL
CASSEFWTGKGTDTQYF	WPVTLACFVL
CASSSPLEHQETQYF	WPVTLACFVL
CASSEARGYEQYF	WPVTLACFVL
CASSSSSGRAWNEQFF	WPVTLACFVL
CASSELGTELTDTQYF	WPVTLACFVL
CASSLVFEGMNTEAFF	WPVTLACFVL
CASSFVTGGAHNEQFF	WPVTLACFVL
CASSLSVETQYF	WPVTLACFVL
CASIPGQGPWETQYF	WPVTLACFVL
CSVEGETSGNTDTQYF	WPVTLACFVL
CASSLWDAVQETQYF	WPVTLACFVL
CASSPDNEQFF	WPVTLACFVL
CASSLDRGARNTEAFF	WPVTLACFVL
CATSMGGHEQFF	WPVTLACFVL
CASSVGTGGHQPQHF	WPVTLACFVL
CASSLTDTQYF	WPVTLACFVL
CASSPSLGATVQYF	WPVTLACFVL
CATRAPGTASYEQYF	WPVTLACFVL
CASSVEGLNTEAFF	WPVTLACFVL
CASRPTSSIYEQYF	WPVTLACFVL
CASSNSGSQADTQYF	WPVTLACFVL
CASSLSGRASYNEQFF	WPVTLACFVL
CASSPSLAGELDTQYF	WPVTLACFVL
CASSPYVAPVTGELFF	WPVTLACFVL
CAICGDSGELFF	WPVTLACFVL
CASSSPGAGSYNEQFF	WPVTLACFVL
CASSLWGRVNQPQHF	WPVTLACFVL
CASSSSGGSTDTQYF	WPVTLACFVL
CSVEHGGGTQYF	WPVTLACFVL
CASSQGTSGIWYEQYF	WPVTLACFVL
CASSLTSEQYF	WPVTLACFVL
CASSLLLAAYYNEQFF	WPVTLACFVL
CASSLRGGLNTEAFF	WPVTLACFVL
CASSQDVTGLTYEQYF	WPVTLACFVL
CASHGPPGDRGWETQYF	WPVTLACFVL
CASSVLGVISEQYF	WPVTLACFVL
CSVEVRDSYEQYF	WPVTLACFVL
CASSPLGEQYF	WPVTLACFVL
CASSPAGSTEAFF	WPVTLACFVL
CASSYGPIQGNSPLHF	WPVTLACFVL
CASSLGREQFF	WPVTLACFVL
CASSRRQDGEHTGELFF	WPVTLACFVL
CASSLLLAGGVETQYF	WPVTLACFVL
CASSQTGVTEAFF	WPVTLACFVL
CASSMGLGQGLNTEAFF	WPVTLACFVL
CASSLTNEQFF	WPVTLACFVL
CSAVPGGWTQYF	WPVTLACFVL
CASSSPATGSQETQYF	WPVTLACFVL
CASRGGDPYEQYF	WPVTLACFVL
CASSLMGFGELFF	WPVTLACFVL
CASSDLGETQYF	WPVTLACFVL
CASSLDPSISRREGTDTQYF	WPVTLACFVL
CASSLWGSATEQYF	WPVTLACFVL
CASSFEGTAYYNQPQHF	WPVTLACFVL
CASSFHGQGTDGYTF	WPVTLACFVL
CASSLDRGANEQFF	WPVTLACFVL
CASSFLLAGSNEQFF	WPVTLACFVL
CASSSERYEQYF	WPVTLACFVL
CASSFGETQYF	WPVTLACFVL
CASSSYLGLNDGELFF	WPVTLACFVL
CASSLGADRGEKLFF	WPVTLACFVL
CSVVPSLGNEQFF	WPVTLACFVL
CASSLGAGNQPQHF	WPVTLACFVL
CASSLDNEQFF	WPVTLACFVL
CASSPALTSGETQYF	WPVTLACFVL
CASSAGGMGLKETQYF	WPVTLACFVL
CASSLFSGAVEQETQYF	WPVTLACFVL
CASSTGTGSYNEQFF	WPVTLACFVL
CASSHGAYYGYTF	WPVTLACFVL
CASSMTGGFTEAFF	WPVTLACFVL
CASSLGYEQYF	WPVTLACFVL
CASSPANEQYF	WPVTLACFVL
CASSFARGPQETQYF	WPVTLACFVL
CASSLTGNTEAFF	WPVTLACFVL
CASRDREIVGSNQPQHF	WPVTLACFVL
CASNTQGGETQYF	WPVTLACFVL
CAIAGTSHNEQFF	WPVTLACFVL
CASSIELSSYEQYF	WPVTLACFVL
CASRVTLLPNNEQFF	WPVTLACFVL
CASSNVSNQPQHF	WPVTLACFVL
CASSLFGGGRNQPQHF	WPVTLACFVL
CASSQVAGNTGELFF	WPVTLACFVL
CASSDRGLYNEQFF	WPVTLACFVL
CASSLQAGNTYNEQFF	WPVTLACFVL
CSAATLSYEQYF	WPVTLACFVL
CAISESEGRGRRNTGELFF	WPVTLACFVL
CASSYPRVGKGGNEQFF	WPVTLACFVL
CASSLLGLEQFF	WPVTLACFVL
CASSGGDRGGDSPLHF	WPVTLACFVL
CASSLYPGIMEPLHF	WPVTLACFVL
CASSFGPHQNTEAFF	WPVTLACFVL
CASSLEFPSSGRAETQYF	WPVTLACFVL
CASSFLRAGGPEDQYF	WPVTLACFVL
CASSSDRGADTQYF	WPVTLACFVL
CSVATHEQFF	WPVTLACFVL
CASSPGPYNEQFF	WPVTLACFVL
CSVVGTSGGTSYNEQFF	WPVTLACFVL
CASSQDQQGAPYEQYF	WPVTLACFVL
CSAYLLAGGTYEQYF	WPVTLACFVL
CASSTSTAQHF	WPVTLACFVL
CASSLLRALGSYEQYF	WPVTLACFVL
CASSLAGSEQFF	WPVTLACFVL
CASSHPGTGYEQYF	WPVTLACFVL
CASSLEGTGGSEKLFF	WPVTLACFVL
CASSFRLAGGPGSYEQYF	WPVTLACFVL
CATQTEQVSIARSTDTQYF	WPVTLACFVL
CASSLIYNEQFF	WPVTLACFVL
CASSSTTTTGTASTDTQYF	WPVTLACFVL
CASSADNEQFF	WPVTLACFVL
CASSLTGEQYF	WPVTLACFVL
CASSVGAGDGYTF	WPVTLACFVL
CASSTSSEQFF	WPVTLACFVL
CASSALNTQYF	WPVTLACFVL
CASSPGLADPYNEQFF	WPVTLACFVL
CSVGGASGHVGDTQYF	WPVTLACFVL
CASSSQGVTNTGELFF	WPVTLACFVL
CASSQWGENEQFF	WPVTLACFVL
CATSGQVGQETQYF	WPVTLACFVL
CASSYGLVRELFF	WPVTLACFVL
CASSSTGDTEAFF	WPVTLACFVL
CASSAVLYGYTF	WPVTLACFVL
CASSPPETGSGTF	WPVTLACFVL
CASSPANEQYF	WPVTLACFVL
CASSSDNEQFF	WPVTLACFVL
CSVEDPGQGYNEQFF	WPVTLACFVL
CASRNIGGSPLHF	WPVTLACFVL
CASSDGSPNEQFF	WPVTLACFVL
CASSSGQYEQYF	WPVTLACFVL
CASSSIKQGAVDTQYF	WPVTLACFVL
CASSPSGGANTEAFF	WPVTLACFVL
CASSFIIHEQYF	WPVTLACFVL
CAIRDRAITDTQYF	WPVTLACFVL
CASSPGSVGNEQFF	WPVTLACFVL
CASISGTGYEQYF	WPVTLACFVL
CASSLEGSLNTEAFF	WPVTLACFVL
CASSQVYGVQPQHF	WPVTLACFVL
CSARDLQGELLPQHF	WPVTLACFVL
CASSQDRGQPNYGYTF	WPVTLACFVL
CASSYSPPYEQYF	WPVTLACFVL
CASSTPPNTEAFF	WPVTLACFVL
CSAGTSFSYNEQFF	WPVTLACFVL
CASSLGILGTEAFF	WPVTLACFVL
CASSFLGASGIGAETQYF	WPVTLACFVL
CASSPDRLPNQPQHF	WPVTLACFVL
CASSQESGYTEAFF	WPVTLACFVL
CASSQGLSEAFF	WPVTLACFVL
CASSLFVGSDKNNEQFF	WPVTLACFVL
CASHAGVGNGYTF	WPVTLACFVL
CASSLLGPQHF	WPVTLACFVL
CASSWGPEAFF	WPVTLACFVL
CASRSGANVLTF	WPVTLACFVL
CASSPSTGWYGYTF	WPVTLACFVL
CASSQLGTQNTEAFF	WPVTLACFVL
CASSEAMNYGYTF	WPVTLACFVL
CASSASEYEQYF	WPVTLACFVL
CASSQDLRFSGNTIYF	WPVTLACFVL
CASSPLEGGRLAGTTYEQYF	WPVTLACFVL
CASSEGGRSYEQYF	WPVTLACFVL
CSGDGGWGYTF	WPVTLACFVL
CASSLLLAGGPETQYF	WPVTLACFVL
CSSDTRDTGELFF	WPVTLACFVL
CASSLTVHYEQYF	WPVTLACFVL
CASSSGTTGTRYGGYEQYF	WPVTLACFVL
CASSLLGQPQHF	WPVTLACFVL
CASSQASNPDTQYF	WPVTLACFVL
CASSQDAGAWGYTF	WPVTLACFVL
CASSQGGGPNEQFF	WPVTLACFVL
CASSLAIDGGSTDTQYF	WPVTLACFVL
CSAATSGPYEQYF	WPVTLACFVL
CASSAANEQFF	WPVTLACFVL
CASSDGTSGTSTDTQYF	WPVTLACFVL
CASSLIPETPSYEQYF	WPVTLACFVL
CASSLLTPSGANVLTF	WPVTLACFVL
CASSTSSPIAGGSTDTQYF	WPVTLACFVL
CASSPNNEQFF	WPVTLACFVL
CASSQVEGAEQYF	WPVTLACFVL
CSVEGGRAGQFF	WPVTLACFVL
CASSFVQQETQYF	WPVTLACFVL
CASSQAAGGLGGYTF	WPVTLACFVL
CASSPTGDRPQHF	WPVTLACFVL
CASSYSLAGGNEQFF	WPVTLACFVL
CASSSDLGWGEQFF	WPVTLACFVL
CAISETFTSGGDTDTQYF	WPVTLACFVL
CASSLLMGQGDTGELFF	WPVTLACFVL
CASSQLPGTGRGTEAFF	WPVTLACFVL
CASSQDNSPFYNEQFF	WPVTLACFVL
CSGGGGTEAFF	WPVTLACFVL
CASSEGSEAFF	WPVTLACFVL
CASSLDSDGYTF	WPVTLACFVL
CASSALGWTGELFF	WPVTLACFVL
CASSPSPYEQYF	WPVTLACFVL
CASRGGNTEAFF	WPVTLACFVL
CAISDSTGQTGETQYF	WPVTLACFVL
CSVVGPPSSYNEQFF	WPVTLACFVL
CASRTQGEAFF	WPVTLACFVL
CASSPRGGANTEAFF	WPVTLACFVL
CASSQDGQFNEKLFF	WPVTLACFVL
CASSPDNEQFF	WPVTLACFVL
CASSLALWERLQETQYF	WPVTLACFVL
CASSRQGAGANVLTF	WPVTLACFVL
CSVILAVPSSYNEQFF	WPVTLACFVL
CARNRGHEQYF	WPVTLACFVL
CASSYGLYTEAFF	WPVTLACFVL
CASSLGPNTEAFF	WPVTLACFVL
CSGANVLTF	WPVTLACFVL
CATSSPRSSSFYEQYF	WPVTLACFVL
CASSPQSGGTGDTQYF	WPVTLACFVL
CASSFAGTTSPLHF	WPVTLACFVL
CASSFSDREPQETQYF	WPVTLACFVL
CASSIWGNSNQPQHF	WPVTLACFVL
CASVSVTSGSNEQFF	WPVTLACFVL
CASMPQNTGELFF	WPVTLACFVL
CASTGTGNTEAFF	WPVTLACFVL
CASSPPTGSSYNEQFF	WPVTLACFVL
CASSLDNEQFF	WPVTLACFVL
CASTTITGGVHNEQFF	WPVTLACFVL
CASSQGTGESYEQYF	WPVTLACFVL
CASSFGGNEQYF	WPVTLACFVL
CASSTTGGEETQYF	WPVTLACFVL
CASSSYLTDTQYF	WPVTLACFVL
CSAMGGNQPQHF	WPVTLACFVL
CASSLVRGQGYMRDTEAFF	WPVTLACFVL
CASSFGTNDPYEQYF	WPVTLACFVL
CASSIDYGGETAWSQHF	WPVTLACFVL
CASGVSGQRDTEAFF	WPVTLACFVL
CSVEGRWGQGANGTGELFF	WPVTLACFVL
CSATTSNEQFF	WPVTLACFVL
CASSLGVEQYF	WPVTLACFVL
CASSRTGQAYEQYF	WPVTLACFVL
CASSLPPENEQFF	WPVTLACFVL
CASSYSLAGEGEQFF	WPVTLACFVL
CASSLIRQGLGLNYGYTF	WPVTLACFVL
CASSLSGLAGAYNEQFF	WPVTLACFVL
CASSLVGGGTEAFF	WPVTLACFVL
CASSLQGFGPEAFF	WPVTLACFVL
CASSPIPGELFF	WPVTLACFVL
CASSLGGVQPQHF	WPVTLACFVL
CASSIAGWETQYF	WPVTLACFVL
CSVVGLAGVYNEQFF	WPVTLACFVL
CASSFTDTQYF	WPVTLACFVL
CASSPTGTSGYSSYNEQFF	WPVTLACFVL
CATSRDNLPETQYF	WPVTLACFVL
CASSLGRDTGELFF	WPVTLACFVL
CSAWDFVNEQYF	WPVTLACFVL
CATSDFGDNTDTQYF	WPVTLACFVL
CSVGTGGTEAFF	WPVTLACFVL
CASSPSYSGANVLTF	WPVTLACFVL
CASSQGYGTGYEQYF	WPVTLACFVL
CSAAGAANNEQFF	WPVTLACFVL
CASSWPSSYEQYF	WPVTLACFVL
CSVVWSKGDTQYF	WPVTLACFVL
CASNSLSGELFF	WPVTLACFVL
CASSFGGNEQFF	WPVTLACFVL
CASSPPGLPKWDEQFF	WPVTLACFVL
CASSIGRGTYEQYF	WPVTLACFVL
CASSHTRGEQYF	WPVTLACFVL
CASSITELYGYTF	WPVTLACFVL
CSGQGEPGNIQYF	WPVTLACFVL
CSARGFRDRSYEQYF	WPVTLACFVL
CASSGTGVNIQYF	WPVTLACFVL
CASSRGFEQYF	WPVTLACFVL
CASSLWGLARNEQFF	WPVTLACFVL
CSVGGLAGVVADTQYF	WPVTLACFVL
CASSLGGQGSNQPQHF	WPVTLACFVL
CASSMGNEQFF	WPVTLACFVL
CASSLWGGEQYF	WPVTLACFVL
CASSHPGGSYEQYF	WPVTLACFVL
CATSDLTSGTSTDTQYF	WPVTLACFVL
CASSQEQGIGELFF	WPVTLACFVL
CSAEGPNQPQHF	WPVTLACFVL
CASSVHGQPGGAFF	WPVTLACFVL
CASSIGRGSGYGYTF	WPVTLACFVL
CASSPYRGNYNEQFF	WPVTLACFVL
CASSPRAGQGARGHQPQHF	WPVTLACFVL
CASSLAPRTGGRTEAFF	WPVTLACFVL
CASSAFEGGAYNEQFF	WPVTLACFVL
CASSYDGGLEAFF	WPVTLACFVL
CASSSGQGGTGELFF	WPVTLACFVL
CASSQGGGRSHEQFF	WPVTLACFVL
CASSHGHDRLGYTF	WPVTLACFVL
CASSLSGTALASEKLFF	WPVTLACFVL
CASSLARNTGELFF	WPVTLACFVL
CASSQGGTGDQPQHF	WPVTLACFVL
CASSLLLALVPDTQYF	WPVTLACFVL
CASSFRETGPEAFF	WPVTLACFVL
CASSWDRDAMLGGNTIYF	WPVTLACFVL
CASSLEGLVSYEQYF	WPVTLACFVL
CSAVGLAGVSYEQYF	WPVTLACFVL
CSARGQGARSYEQYV	WPVTLACFVL
CASTMTGKETQYF	WPVTLACFVL
CASSLGGGLDEQYV	WPVTLACFVL
CASSAIVETQYF	WPVTLACFVL
CASSFTDRGSPYEQYF	WPVTLACFVL
CASSYQGSPLHF	WPVTLACFVL
CASSQDLLGAGLAPYEQYF	WPVTLACFVL
CASSLVTGQGAYEQYF	WPVTLACFVL
CASSYSLAATNSPLHF	WPVTLACFVL
CASSPDSLNTEAFF	WPVTLACFVL
CASSWASGELFF	WPVTLACFVL
CASSLASGEQYF	WPVTLACFVL
CASSPPAPGLAGENEQFF	WPVTLACFVL
CASSFLAETQYF	WPVTLACFVL
CASSYHSGEQYF	WPVTLACFVL
CASSSPRQVIPLEQYF	WPVTLACFVL
CASSLMGYTEAFF	WPVTLACFVL
CASSPEVASTDTQYF	WPVTLACFVL
CASSPAVGPAGEQYF	WPVTLACFVL
CASSSPRTDQGETQYF	WPVTLACFVL
CASSLQGLDTEAFF	WPVTLACFVL
CSASGDNEQFF	WPVTLACFVL
CASQGLAGVEQFF	WPVTLACFVL
CASSFGGGQAQYF	WPVTLACFVL
CASAPGAEAFF	WPVTLACFVL
CASSEASFYEQYF	WPVTLACFVL
CASSMAPNTEAFF	WPVTLACFVL
CASSIPGLAPNEQFF	WPVTLACFVL
CASSIMGFTPNYNEQFF	WPVTLACFVL
CASTTGGFEQYF	WPVTLACFVL
CASFTLWRGHRNNEQFF	WPVTLACFVL
CAIAGTSGYNEQFF	WPVTLACFVL
CSVEEQKAGNTIYF	WPVTLACFVL
CASSLVWGTDTQYF	WPVTLACFVL
CASSLDGQGGSYEQYF	WPVTLACFVL
CASSFSQGAYNEQFF	WPVTLACFVL
CATRGQGEYEQYF	WPVTLACFVL
CASALTGGTEAFF	WPVTLACFVL
CASSSDPRFYNSPLHF	WPVTLACFVL
CSVGTGDYTEAFF	WPVTLACFVL
CASMLYNEQFF	WPVTLACFVL
CASSLRAGGPGELFF	WPVTLACFVL
CASSLTGITYEQYF	WPVTLACFVL
CASSPQGGYTEAFF	WPVTLACFVL
CASSLSTLQFF	WPVTLACFVL
CSAPGLAGASNEQFF	WPVTLACFVL
CASSLGTGYNEQFF	WPVTLACFVL
CASSLWDLSGNTIYF	WPVTLACFVL
CASSLLAPKGPDTQYF	WPVTLACFVL
CASSFEGLEYYGYTF	WPVTLACFVL
CASSRDTLSWGENIQYF	WPVTLACFVL
CSVVWVSLGDHYNEQFF	WPVTLACFVL
CASSLQGNTIYF	WPVTLACFVL
CASSYSLGWSSGANVLTF	WPVTLACFVL
CASSQYTGELFF	WPVTLACFVL
CASSLTPGRSTDTQYF	WPVTLACFVL
CASSLRAGEGEQFF	WPVTLACFVL
CASSSYGTHNEQFF	WPVTLACFVL
CASSFLPGELFF	WPVTLACFVL
CASSPGTADYEQYF	WPVTLACFVL
CASSFVRRGRNTEAFF	WPVTLACFVL
CASSLTGGTNEKLFF	WPVTLACFVL
CASSIQGWEAEWELFF	WPVTLACFVL
CATSRERINEQFF	WPVTLACFVL
CASRGGGESYEQYF	WPVTLACFVL
CASIGGLNTEAFF	WPVTLACFVL
CASSSIAGLGYTF	WPVTLACFVL
CASSFLGQGRLNEQFF	WPVTLACFVL
CASSLWGGTYEQYF	WPVTLACFVL
CASTTRLGFNEQFF	WPVTLACFVL
CASSQTLDPYEQYF	WPVTLACFVL
CASSQVWGTGELFF	WPVTLACFVL
CASSLHPGGGGETQYF	WPVTLACFVL
CASGSGSTYEQYF	WPVTLACFVL
CAWSVLRTVEETQYF	WPVTLACFVL
CASSYGDTQYF	WPVTLACFVL
CASSLMQGINIQYF	WPVTLACFVL
CASSATGDTEAFF	WPVTLACFVL
CASSHRTGSATNEKLFF	WPVTLACFVL
CASSMTVSLETQYF	WPVTLACFVL
CASSLESSYNSPLHF	WPVTLACFVL
CASSSLYEQYF	WPVTLACFVL
CASSIILAGVDEQFF	WPVTLACFVL
CASSVAGGNYNEQFF	WPVTLACFVL
CASSTGTSVNTGELFF	WPVTLACFVL
CSVEAGTINEQFF	WPVTLACFVL
CASSTTAPETQYF	WPVTLACFVL
CASSWGRNTGELFF	WPVTLACFVL
CASSLYLGPTYEQYF	WPVTLACFVL
CASPGGTIEQYF	WPVTLACFVL
CASSFDYYEQYF	WPVTLACFVL
CATSDFQGSDTQYF	WPVTLACFVL
CASSQVAGSNQPQHF	WPVTLACFVL
CASSHPTGYEQYF	WPVTLACFVL
CASSFGGLGSTYEQYF	WPVTLACFVL
CASTEGGGETQYF	WPVTLACFVL
CASSYLTTGFTYEQYF	WPVTLACFVL
CAAATPNGYTF	WPVTLACFVL
CASSKSGGAGEQFF	WPVTLACFVL
CASSPPLGHEQYF	WPVTLACFVL
CASSLGLAGADEFF	WPVTLACFVL
CASSSPPSEAFF	WPVTLACFVL
CASSQPGELFF	WPVTLACFVL
CSARAGTFYNEQFF	WPVTLACFVL
CASSSIKRGLTDTQYF	WPVTLACFVL
CASSLGLAGIGEQFF	WPVTLACFVL
CASSPGTEYSLYEQYF	WPVTLACFVL
CASSPGNEQFF	WPVTLACFVL
CSVATSLVEGYTF	WPVTLACFVL
CASSIRASNQPQHF	WPVTLACFVL
CASSRLAGTDTQYF	WPVTLACFVL
CASSSGDRWPEAFF	WPVTLACFVL
CASSYSWTGDQPQHF	WPVTLACFVL
CASSYLWTGGNEQFF	WPVTLACFVL
CASSQGPENTEAFF	WPVTLACFVL
CASSPLGGTGAHEQYF	WPVTLACFVL
CASSVAGITDTQYF	WPVTLACFVL
CASSSPGFNQPQHF	WPVTLACFVL
CASSPVGTANTEAFF	WPVTLACFVL
CASSSTGDTEAFF	WPVTLACFVL
CASSYGGGGDTEAFF	WPVTLACFVL
CSVGGVAGNVPDTQYF	WPVTLACFVL
CSVESPAGAPSGVWSYNEQFF	WPVTLACFVL
CASSPRTGFHEQYF	WPVTLACFVL
CASSLSLAGGHNEQFF	WPVTLACFVL
CASSFPGQGGAATTKLTDTQYF	WPVTLACFVL
CASSLAGFNQPQHF	WPVTLACFVL
CASSSGYGYTF	WPVTLACFVL
CSVDWGETQYF	WPVTLACFVL
CASSRGTEGLNEKLFF	WPVTLACFVL
CASGTAGEPQHF	WPVTLACFVL
CASSLTNEQFF	WPVTLACFVL
CASLGGNNYNEQFF	WPVTLACFVL
CASSEGLAEQETQYF	WPVTLACFVL
CASSPGLYYEQYF	WPVTLACFVL
CASSLGGQGSYNEQFF	WPVTLACFVL
CASSPNQVQYF	WPVTLACFVL
CASARDNLYQPQHF	WPVTLACFVL
CASSYSLADNEQFF	WPVTLACFVL
CASGTTGELFF	WPVTLACFVL
CASSEGNEQFF	WPVTLACFVL
CASGPGQALGTEAFF	WPVTLACFVL
CASSFLLGVNEQYF	WPVTLACFVL
CASSLSPEQYF	WPVTLACFVL
CASAVNEQFF	WPVTLACFVL
CASSLPGNTEAFF	WPVTLACFVL
CASSPRGILTMNTEAFF	WPVTLACFVL
CATSRGLDYNEQFF	WPVTLACFVL
CASSSGGWGKLFF	WPVTLACFVL
CASSVTVTYNEQFF	WPVTLACFVL
CASTPLAYADTQYF	WPVTLACFVL
CASNPGSYNEQFF	WPVTLACFVL
CASSLVGYEQYF	WPVTLACFVL
CASSQESVSNTEAFF	WPVTLACFVL
CASSTSAGNNEQFF	WPVTLACFVL
CASIQRTGELFF	WPVTLACFVL
CASSFRTSGYNEQFF	WPVTLACFVL
CASSLLHNEQFF	WPVTLACFVL
CASSYSMGGGNEQFF	WPVTLACFVL
CSEGANTGELFF	WPVTLACFVL
CASSFSITDSNAYNEQFF	WPVTLACFVL
CSVERGLEDTIYF	WPVTLACFVL
CASSLEAGSSYNEQFF	WPVTLACFVL
CASSDLIYGYTF	WPVTLACFVL
CASTADNEQFF	WPVTLACFVL
CATSDLSSGGPTDTQYF	WPVTLACFVL
CASSLGPGTGDQPQHF	WPVTLACFVL
CASSLIGEPQFF	WPVTLACFVL
CASSHRSSYNEQFF	WPVTLACFVL
CSVPAGLLYNEQFF	WPVTLACFVL
CASSQDFPAPNYGYTF	WPVTLACFVL
CASSYRGSPSYEQYF	WPVTLACFVL
CASSLEGTGEQYF	WPVTLACFVL
CASSIGGAPYGYTF	WPVTLACFVL
CASSLMSSGSRDEQYF	WPVTLACFVL
CASSLLGPHEQYF	WPVTLACFVL
CASSEYFGEQYF	WPVTLACFVL
CASSLDQPQHF	WPVTLACFVL
CASSFGYYGYTF	WPVTLACFVL
CASSHDRTLAEETQYF	WPVTLACFVL
CASSELLAGVSDTQYF	WPVTLACFVL
CASSPWGGLSEQYF	WPVTLACFVL
CASSLAQGQPQHF	WPVTLACFVL
CASSLVGLAQDTQYF	WPVTLACFVL
CASSTAGNEQFF	WPVTLACFVL
CASSFLIGAYGYTF	WPVTLACFVL
CASSNSNEQFF	WPVTLACFVL
CASSLLPPSAGLVTFEAFF	WPVTLACFVL
CSAGRMEADTGELFF	WPVTLACFVL
CASSPYPIYEQYF	WPVTLACFVL
CASSQDELGPSTDTQYF	WPVTLACFVL
CASSLVGQGIPEAFF	WPVTLACFVL
CASSVSGYSYNEQFF	WPVTLACFVL
CATSDPSSYEQFF	WPVTLACFVL
CASSEWGSYEQYF	WPVTLACFVL
CASSLAMNTEAFF	WPVTLACFVL
CASIPTSGFYNEQFF	WPVTLACFVL
CASGIYNEQFF	WPVTLACFVL
CASSFPGASTEAFF	WPVTLACFVL
CASSPGLAGVEQYF	WPVTLACFVL
CSAREGEAPGYEQYF	WPVTLACFVL
CASSEANERIQYF	WPVTLACFVL
CASSLSSGAGNTIYF	WPVTLACFVL
CASSPWTGYEQYF	WPVTLACFVL
CASSVAEGGTEAFF	WPVTLACFVL
CASSLVGTGLNEKLFF	WPVTLACFVL
CSAKTGMDYGYTF	WPVTLACFVL
CASSFRGAGNTIYF	WPVTLACFVL
CATSRVQGYTGELFF	WPVTLACFVL
CASRGGQMYQETQYF	WPVTLACFVL
CASSNRSGTSGSMSYEQYF	WPVTLACFVL
CASSALAGRTDTQYF	WPVTLACFVL
CASSHIGQARFLMGDAQHF	WPVTLACFVL
CASSFSNEQFF	WPVTLACFVL
CASSQGGGYTF	WPVTLACFVL
CASSPGTVIEAFF	WPVTLACFVL
CASSQDPGQAPGYEQFF	WPVTLACFVL
CASSAVAETNTEAFF	WPVTLACFVL
CASSPDSRETQYF	WPVTLACFVL
CASSLVPLSSGELFF	WPVTLACFVL
CAAHSQPQHF	WPVTLACFVL
CASTGWGGETQYF	WPVTLACFVL
CASSTYNEQFF	WPVTLACFVL
CASSQVRDRDEKLFF	WPVTLACFVL
CASSPYPREITYEQYF	WPVTLACFVL
CASSILGLAGGLGTDTQYF	WPVTLACFVL
CASSLGGEQFF	WPVTLACFVL
CASSPWDRVYEQYF	WPVTLACFVL
CASSVVGLTDTQYF	WPVTLACFVL
CSAAGTGGDNEQFF	WPVTLACFVL
CAISESEGYTF	WPVTLACFVL
CASSSLRYQETQYF	WPVTLACFVL
CASSPREGREQFF	WPVTLACFVL
CAGLGPHGYTF	WPVTLACFVL
CASSQEGLWPGALTF	WPVTLACFVL
CASSEGVDYEQYF	WPVTLACFVL
CASSIGQFYEQYF	WPVTLACFVL
CASSHLEGVYEQYF	WPVTLACFVL
CASSQKPGQSSYNEQFF	WPVTLACFVL
CASSHPGFQPQHF	WPVTLACFVL
CASSLYGNEQFF	WPVTLACFVL
CASSLLSGLGNTEAFF	WPVTLACFVL
CASSSPVSSYNEQFF	WPVTLACFVL
CAISERDNEQFF	WPVTLACFVL
CAISESEAGTLEYGYTF	WPVTLACFVL
FLKGGGRYNEQFF	WPVTLACFVL
CASSLVTPGDEKLFF	WPVTLACFVL
CASSYGAGADQPQHF	WPVTLACFVL
CASSLPGDEQYF	WPVTLACFVL
CASSVGNGEQFF	WPVTLACFVL
CASSPVGQGFYSPLHF	WPVTLACFVL
CASSEGHLYEQYF	WPVTLACFVL
CASSGFSLNTEAFF	WPVTLACFVL
CASSPGPRDSPLHF	WPVTLACFVL
CASSLVDTQYF	WPVTLACFVL
CASSLLVPSGPDEQFF	WPVTLACFVL
CASSPYADTQYF	WPVTLACFVL
CASSMGLAVYNEQFF	WPVTLACFVL
CASSQGTSGYTDTQYF	WPVTLACFVL
CASSKAFWTGRPNYGYTF	WPVTLACFVL
CASTMEGNTEAFF	WPVTLACFVL
CASSLGQTQYF	WPVTLACFVL
CASSLVFGELFF	WPVTLACFVL
CASSLDPSGAGLQETQYF	WPVTLACFVL
CAISESVEVSNTEAFF	WPVTLACFVL
CASSWGRGNEQFF	WPVTLACFVL
CSVVGGTSSYNEQFF	WPVTLACFVL
CASSQVAGDTYNEQFF	WPVTLACFVL
CATSDLAPRSSAGTDTQYF	WPVTLACFVL
CASSGDNEQFF	WPVTLACFVL
CASSETRGYEQYF	WPVTLACFVL
CASTLSVNEQFF	WPVTLACFVL
CASSAEISSYEQYF	WPVTLACFVL
CASSLSMGGARNQPQHF	WPVTLACFVL
CASSPTNTEAFF	WPVTLACFVL
CASSFTHPSTDTQYF	WPVTLACFVL
CASSQDHSPLHF	WPVTLACFVL
CASSYALGGGDSPLHF	WPVTLACFVL
CASSPSGRIEAFF	WPVTLACFVL
CASSYRGSGNTIYF	WPVTLACFVL
CASSMTGGKQYF	WPVTLACFVL
CASSYSVVLAGRGETQYF	WPVTLACFVL
CASSLAGAEQFF	WPVTLACFVL
CATMGAGGNQETQYF	WPVTLACFVL
CASSRPGSYNSPLHF	WPVTLACFVL
CASSLAAPFDEQFF	WPVTLACFVL
CASSFPFQETQYF	WPVTLACFVL
CASSFVLGAGEKLFF	WPVTLACFVL
CASSFTGNTEAFF	WPVTLACFVL
CASSLLQPGGISYEQYF	WPVTLACFVL
CASSPLGGSNQPQHF	WPVTLACFVL
CAISESGGQETQYF	WPVTLACFVL
CASRNRDRDLFEQYF	WPVTLACFVL
CATSRGPTGTGDLRADTQYF	WPVTLACFVL
CASSPIVGTYEQYF	WPVTLACFVL
CASSATGTGKDEQYF	WPVTLACFVL
CASSGGAGELFF	WPVTLACFVL
CASSQDRSSSYEQYF	WPVTLACFVL
CASSVTGNTEAFF	WPVTLACFVL
CASSQDITGELFF	WPVTLACFVL
CASSPTGVPYEQYF	WPVTLACFVL
CASSVVGLTDTQYF	WPVTLACFVL
CASSLRGSREQYF	WPVTLACFVL
CASSQFQDYYEQYF	WPVTLACFVL
CATSDFGGTDTQYF	WPVTLACFVL
CASSLLLPQSIDEQFF	WPVTLACFVL
CASSSLGGNQPQHF	WPVTLACFVL
CASSPHGTYTEAFF	WPVTLACFVL
CASSPTAEQFF	WPVTLACFVL
CASRPNTGELFF	WPVTLACFVL
CASSPAGSTEAFF	WPVTLACFVL
CSAGDQPQHF	WPVTLACFVL
CASSLLAPLLDNEQFF	WPVTLACFVL
CATSGANEQYF	WPVTLACFVL
CASSRWGGGTDTQYF	WPVTLACFVL
CASSLLGDEQFF	WPVTLACFVL
CASSGLAGNTGELFF	WPVTLACFVL
CASSFFPTGDGETQYF	WPVTLACFVL
CASSFTTGIYNTEAFF	WPVTLACFVL
CASSQGDTQYF	WPVTLACFVL
CASSLTNYEQYF	WPVTLACFVL
CASSPNQPQHF	WPVTLACFVL
CAGGYTF	WPVTLACFVL
CASSSHKLGAASTDTQYF	WPVTLACFVL
CASSVDNGAYNEQFF	WPVTLACFVL
CASSLSGTLYEQYF	WPVTLACFVL
CATSDFGGSTDTQYF	WPVTLACFVL
CASSVVGLTDTQYF	WPVTLACFVL
CASSFGTTSWGANEKLFF	WPVTLACFVL
CASSSGTSGNNEQFF	WPVTLACFVL
CASSSRGTGNTIYF	WPVTLACFVL
CASSYSQGIYNEQFF	WPVTLACFVL
CASSRWVAQRETQYF	WPVTLACFVL
CASSTGVGGANVLTF	WPVTLACFVL
CASSYVGGDEKLFF	WPVTLACFVL
CASSSRLAGSNEQFF	WPVTLACFVL
CSARDSGLRGENTIYF	WPVTLACFVL
CASSFLFRGPKNTEAFF	WPVTLACFVL
CASSPDRGSNEQYF	WPVTLACFVL
CASSLGDSAITDTQYF	WPVTLACFVL
CASSVSGQGIPYNEQFF	WPVTLACFVL
CASSEATGGPTNEQFF	WPVTLACFVL
HTSEGTHEQYF	WPVTLACFVL
CASSQDGLQEVYNEQFF	WPVTLACFVL
CATSDLRTGTSTDTQYF	WPVTLACFVL
CSVVLAGFQSSYNEQFF	WPVTLACFVL
CASSLVMNTEAFF	WPVTLACFVL
CASSYSLTGVEETQYF	WPVTLACFVL
CASSLPGLNEQFF	WPVTLACFVL
CASSLAGQGSEQYF	WPVTLACFVL
CATSGMLYQPQHF	WPVTLACFVL
CASTLAGSPLHF	WPVTLACFVL
CASSQEAGYEQFF	WPVTLACFVL
CASSQTSGLQETQYF	WPVTLACFVL
CASSFRTREAFF	WPVTLACFVL
CASSPPGLALYAEQYF	WPVTLACFVL
CASSKPPTGVNSPLHF	WPVTLACFVL
CASSAPGRGTTEAFF	WPVTLACFVL
CATSDRSSYEQYF	WPVTLACFVL
CASSQGFLGMAADTQYF	WPVTLACFVL
CASSQGMAGTANYGYTF	WPVTLACFVL
CASSLRTGEEKLFF	WPVTLACFVL
CASSLGGSPRGQGFPGELFF	WPVTLACFVL
CASSETGSYEQYF	WPVTLACFVL
CASSESWETQYF	WPVTLACFVL
CASSPQVAGEIERSYEQYF	WPVTLACFVL
CSALTPSSGSSTDTQYF	WPVTLACFVL
CASSLNIAEAFF	WPVTLACFVL
CATSRSGGAADEQFF	WPVTLACFVL
CSVVADNTGELFF	WPVTLACFVL
CASSPPSRDTQYF	WPVTLACFVL
CASSTPQGFYNSPLHF	WPVTLACFVL
CASIEGERGSNPSYEQYF	WPVTLACFVL
CASSEMAEKLFF	WPVTLACFVL
CASSILAGATDTQYF	WPVTLACFVL
CASSPSRTGNEKLFF	WPVTLACFVL
CSVEGRGPPGGEQFF	WPVTLACFVL
CASSSHPRQGPGELFF	WPVTLACFVL
CASSLDLAPYNEQFF	WPVTLACFVL
CASSPWESGELFF	WPVTLACFVL
CASSQDLTAYEQYF	WPVTLACFVL
CASSLTSHEQFF	WPVTLACFVL
CASTHSGHGEQFF	WPVTLACFVL
CASSLYYTGELFF	WPVTLACFVL
CASSRVRPPYEQYF	WPVTLACFVL
CALHPTPGQGGNSPLHF	WPVTLACFVL
CASSRRGDEQYF	WPVTLACFVL
CSARARDRGHRTDTQYF	WPVTLACFVL
CASSPLGSGYEQYF	WPVTLACFVL
CASSQPTGVGETQYF	WPVTLACFVL
CASGPGQEAFF	WPVTLACFVL
CASSFIPSGSSYEQYF	WPVTLACFVL
CASSLTGNTEAFF	WPVTLACFVL
CASSQDNEQFF	WPVTLACFVL
CASSLVIYEQYF	WPVTLACFVL
CASSLPAGGPNTGELFF	WPVTLACFVL
CASSDTGELFF	WPVTLACFVL
CASSLSVVGQSPYNEQFF	WPVTLACFVL
CATSRDYQGQVYGYTF	WPVTLACFVL
CASSYGDGYTF	WPVTLACFVL
CASSQVGNEQFF	WPVTLACFVL
CASSQEGSGYSYNEQFF	WPVTLACFVL
CASWFGREGEQFF	WPVTLACFVL
CASSYLTTLGATEAFF	WPVTLACFVL
CASSSTGEETQYF	WPVTLACFVL
CASSHPNDRLNTEAFF	WPVTLACFVL
CASSSGSTNEKLFF	WPVTLACFVL
CASSLESASSYNEQFF	WPVTLACFVL
CASSEGLATYNEQFF	WPVTLACFVL
CASSYAGPYNEQFF	WPVTLACFVL
CASTSTNEQFF	WPVTLACFVL
CASSYALVADGELFF	WPVTLACFVL
CASSQDQTTGAYEQYF	WPVTLACFVL
CASSPGGVIGTDTQYF	WPVTLACFVL
CASSHRDLNTEAFF	WPVTLACFVL
CASSYLLGATNGYTF	WPVTLACFVL
CASSLSFSGTADYEQYF	WPVTLACFVL
CASNRASGANVLTF	WPVTLACFVL
CASSEFGLGRYGYTF	WPVTLACFVL
CASTSLGGTQYF	WPVTLACFVL
CASSFEGSTDTQYF	WPVTLACFVL
CASSIGQGGEQYF	WPVTLACFVL
CASSLSGTGLSYEQYV	WPVTLACFVL
CASSFGMPGVPGELFF	WPVTLACFVL
CATSSISGVNTDTQYF	WPVTLACFVL
CATSDWGTSGPTDTQYF	WPVTLACFVL
CASSPGQGYYNEQFF	WPVTLACFVL
CASSLLGQMEAFF	WPVTLACFVL
CASTPLGDGYEQYF	WPVTLACFVL
CASSLDPGATDTQYF	WPVTLACFVL
CASIPPDTVYGYTF	WPVTLACFVL
CASSSWTGYEAFF	WPVTLACFVL
CSVVELGETQYF	WPVTLACFVL
CASSTGRDTGELFF	WPVTLACFVL
CASSTQRLSYEQYF	WPVTLACFVL
CATKTWGGTEAFF	WPVTLACFVL
CASSPGLAGGPTGELFF	WPVTLACFVL
CASSFATGITGEQYF	WPVTLACFVL
CASSPRGRTNEKLFF	WPVTLACFVL
CASSYLAGAQETQYF	WPVTLACFVL
CASSEAAGYEQYF	WPVTLACFVL
CASSPFGGVTDTQYF	WPVTLACFVL
CSVNGWGSRSSYNEQFF	WPVTLACFVL
CASSPGTGGDAFF	WPVTLACFVL
CASSPPGGEQYF	WPVTLACFVL
CASSLGLYDEQFF	WPVTLACFVL
CASSSTGGGYNEQFF	WPVTLACFVL
CAWSRLAAQETQYF	WPVTLACFVL
CATSVTSGGLVYTF	WPVTLACFVL
CATSDSGTPDTQYF	WPVTLACFVL
CASSFDRGAFF	WPVTLACFVL
CASSLLGSPLHF	WPVTLACFVL
CASSPYNQIGELFF	WPVTLACFVL
CASSLRASGTDGELFF	WPVTLACFVL
CAISELAGVNNEQFF	WPVTLACFVL
CASIPMGGTQYF	WPVTLACFVL
CASSYSTQGQTQYF	WPVTLACFVL
CASWSYGNQPQHF	WPVTLACFVL
CASSQSGLGQINYGYTF	WPVTLACFVL
CASGKQGQETQYF	WPVTLACFVL
CASREQGVLSKNIQYF	WPVTLACFVL
CASSLDGAAGVVNSPLHF	WPVTLACFVL
CSVVGLAVPSSYNEQFF	WPVTLACFVL
CASSQEGNEQFF	WPVTLACFVL
CASSYSLGQGDYEQYF	WPVTLACFVL
CASTFLGNEQFF	WPVTLACFVL
CASSEEFTGLVTGELFF	WPVTLACFVL
CASRWTGNEQFF	WPVTLACFVL
CSATAWETQYF	WPVTLACFVL
CASSPPGGRQYF	WPVTLACFVL
CASSAAGDNEKLFF	WPVTLACFVL
CASSYGGEFSYEQYF	WPVTLACFVL
CASSAGTLYNEQFF	WPVTLACFVL
CASSHGGTAYEQYF	WPVTLACFVL
CASSLGIIRSLEDIQYF	WPVTLACFVL
CASSSPAGALNTGELFF	WPVTLACFVL
CASSSPTSGRPDEQYF	WPVTLACFVL
CASSISDMGHYGYTF	WPVTLACFVL
CASSEARRTGTGLNEKLFF	WPVTLACFVL
CASSLLSGSGVVETQYF	WPVTLACFVL
CASRSRLADSTDTQYF	WPVTLACFVL
CASSPQGAVTGELFF	WPVTLACFVL
CASSQGTGHNEKLFF	WPVTLACFVL
CASSFLKMYQETQYF	WPVTLACFVL
CATPPGQGNQPQHF	WPVTLACFVL
CASSLRGAFHEQYF	WPVTLACFVL
CASELRGGTEAFF	WPVTLACFVL
CASSPTADTQYF	WPVTLACFVL
CATDRQGGGYTF	WPVTLACFVL
CASRPGGMGVASPLHF	WPVTLACFVL
CASSQDPEGSGSRNEQFF	WPVTLACFVL
CASGPDRSSYNEQFF	WPVTLACFVL
CASSQAGLYEQYF	WPVTLACFVL
CASSSTETSGSRSTDTQYF	WPVTLACFVL
CATSGGIDTDTQYF	WPVTLACFVL
CASSYMLDRGGTGELFF	WPVTLACFVL
CASSLFNTNEQFF	WPVTLACFVL
CASSIGRGLAYEQYF	WPVTLACFVL
CASSPQGETQYF	WPVTLACFVL
CATSDFGLGEQFF	WPVTLACFVL
CASSSPPSGNTIYF	WPVTLACFVL
CASSEFTGNTGELFF	WPVTLACFVL
CASWGDSGPSWPGANVLTF	WPVTLACFVL
CASKSGVGNEQFF	WPVTLACFVL
CASSGRNDEQYF	WPVTLACFVL
CASSLGGYEQYF	WPVTLACFVL
CASSVDGGAQDEQFF	WPVTLACFVL
CAIRLGGGTPDTQYF	WPVTLACFVL
CASSSPNSVEQYF	WPVTLACFVL
CASSWAGGELFF	WPVTLACFVL
CSVGGRPGLVPDTQYF	WPVTLACFVL
CASSPVRGRGNEQFF	WPVTLACFVL
CASSLLLAGGVHEQYF	WPVTLACFVL
CASSLISHEQYF	WPVTLACFVL
CASSLVGTGELFF	WPVTLACFVL
CSVEGGQGAGANVLTF	WPVTLACFVL
CASSLGGEETQYF	WPVTLACFVL
CASSLDRGADEQFF	WPVTLACFVL
CASSFLQGLNTGELFF	WPVTLACFVL
CASSSLRTGRDIQYF	WPVTLACFVL
CASSPPNTGELFF	WPVTLACFVL
CASSPLAGGPILEQFF	WPVTLACFVL
CASSTWTGLESPLHF	WPVTLACFVL
CSVDSGLAGVLDEQFF	WPVTLACFVL
CSVNTVHESSYNEQFF	WPVTLACFVL
CASSQVGVGAFF	WPVTLACFVL
CASSPQLNEKLFF	WPVTLACFVL
CASKQAGASYEQYF	WPVTLACFVL
CASSTTSGSIETQYF	WPVTLACFVL
CASSLWAGGTEAFF	WPVTLACFVL
CRALNEQFF	WPVTLACFVL
CSVEDIITYNEQFF	WPVTLACFVL
CASSIIGQPQHF	WPVTLACFVL
CASSPIDPDTEAFF	WPVTLACFVL
CASSESVSSGNTIYF	WPVTLACFVL
CASSTGQVVATGAYEQYF	WPVTLACFVL
CASSAGRIYATNEKLFF	WPVTLACFVL
CASSYGGNQPQHF	WPVTLACFVL
CASSYPYGTDGETQYF	WPVTLACFVL
CATSHDRVNEQYF	WPVTLACFVL
CASSGGTQGLLYNEQFF	WPVTLACFVL
CASSLALAGGLFSDTQYF	WPVTLACFVL
CASSFGSTGNGYTF	WPVTLACFVL
CSVISTGELFF	WPVTLACFVL
CASSLLGGELFF	WPVTLACFVL
CASSPGLVNTEAFF	WPVTLACFVL
CASGLALLAEQFF	WPVTLACFVL
CASRTDLTGANYGYTF	WPVTLACFVL
CASSLQGFRELFF	WPVTLACFVL
CASTRANTQYF	WPVTLACFVL
CASSLALLAGVNEQYF	WPVTLACFVL
CASSLGGAVSSYNEQFF	WPVTLACFVL
CASSERAISYNEQFF	WPVTLACFVL
CASSSAGTVNYGYTF	WPVTLACFVL
CAWSVRGDPTDTQYF	WPVTLACFVL
CASSRTGDTEAFF	WPVTLACFVL
CSATPGGLEQFF	WPVTLACFVL
CASSPRTPTSYEQYF	WPVTLACFVL
CASSLEVGRWGYSEQYF	WPVTLACFVL
CASSLTSGSSYEQYF	WPVTLACFVL
CASRPQGDTQYF	WPVTLACFVL
CASSDGGQPQHF	WPVTLACFVL
CATTGPSSGNTIYF	WPVTLACFVL
CASSIPGSNEQFF	WPVTLACFVL
CASSPAGETQYF	WPVTLACFVL
CASSLSPPIAKREGHNEQFF	WPVTLACFVL
CASSMSGGSAEQFF	WPVTLACFVL
CASSLLLAGGPDTQYF	WPVTLACFVL
CASSHPSYEQYF	WPVTLACFVL
CASGGRISYEQYF	WPVTLACFVL
CASSFGPGTQYF	WPVTLACFVL
CASSLVLGEQYF	WPVTLACFVL
CASSRTSPNEQFF	WPVTLACFVL
CASRRGGVGYGYTF	WPVTLACFVL
CASSFGSEQYF	WPVTLACFVL
CSVEDFGSLRYF	WPVTLACFVL
CASSYSLAGEGELFF	WPVTLACFVL
CASSQGTGGNTQYF	WPVTLACFVL
CVTGSNEQFF	WPVTLACFVL
CASSPPSGAEAFF	WPVTLACFVL
CASSPIQGAASYEQYF	WPVTLACFVL
CATSDFGGRTDTQYF	WPVTLACFVL
CASRPQGDEQYF	WPVTLACFVL
CSTQTETEETQYF	WPVTLACFVL
CATSDLGTSGNTDTQYF	WPVTLACFVL
CASSGQGGAGELFF	WPVTLACFVL
CASSSPIAGGADTQYF	WPVTLACFVL
CASSFGTSGIYNEQFF	WPVTLACFVL
CATPLRAGGVLLIYNEQFF	WPVTLACFVL
CASSSPGTGSQYF	WPVTLACFVL
CASSVEGEATYEQYF	WPVTLACFVL
CASSQMGYEQYF	WPVTLACFVL
CASSLEASGGAKTQYF	WPVTLACFVL
CSARDTRASYEQYF	WPVTLACFVL
CASSLDGSYEQYF	WPVTLACFVL
CSAREGGYEQYF	WPVTLACFVL
CASSPNNEQFF	WPVTLACFVL
CASSLEIANTEAFF	WPVTLACFVL
CASSPDRAFLYEQYF	WPVTLACFVL
CASSLTGSGSPLHF	WPVTLACFVL
CASSHTPGELFF	WPVTLACFVL
CSVESPPLQGKYEAFF	WPVTLACFVL
CASSSFQTSGGPNLEQYF	WPVTLACFVL
CASSPGGKGGGNEQYV	WPVTLACFVL
CASSFVLADRTGELFF	WPVTLACFVL
CASSQYDGSFNF	WPVTLACFVL
CASSFLGTSKTYEQYF	WPVTLACFVL
CSATPLAGGPTGELFF	WPVTLACFVL
CASSLITSSTDTQYF	WPVTLACFVL
CATNQAGGHSYEQYF	WPVTLACFVL
CASSPGTAEGSQPQHF	WPVTLACFVL
CASSLESASSYNEQFF	WPVTLACFVL
CASSRHPLAGDYNEQFF	WPVTLACFVL
CASSQTGFAEQYF	WPVTLACFVL
CASSLEQGLYEQYF	WPVTLACFVL
CASSLYPPGAGGINEQYF	WPVTLACFVL
CASSFYPDTQYF	WPVTLACFVL
CSVVILAGGYNEQFF	WPVTLACFVL
CASSLSQGGVYTGELFF	WPVTLACFVL
CASSPGQGALNEQFF	WPVTLACFVL
CASSPKTEGKNIQYF	WPVTLACFVL
CASSLDGLVDF	WPVTLACFVL
CATSPGLDSYNEQFF	WPVTLACFVL
CSVVGLAGGSSYNEQFF	WPVTLACFVL
CASSYRGAIQGSPLHF	WPVTLACFVL
CASSYWGRENTEAFF	WPVTLACFVL
CAISENLQAFF	WPVTLACFVL
CSVEGTDRAGYTF	WPVTLACFVL
CASRGGLAGSNEQFF	WPVTLACFVL
CASSQDTRTGVDDYTF	WPVTLACFVL
CASSGGRTGRTEAFF	WPVTLACFVL
CASSIGRGTHEQYF	WPVTLACFVL
CASSQVLGFGETQYF	WPVTLACFVL
CATSDLRGGTSTDTQYF	WPVTLACFVL
CASSSSGSTGELFF	WPVTLACFVL
CASSYSLTGNTEAFF	WPVTLACFVL
CASSWTGAEQYF	WPVTLACFVL
CASSSHNSGANVLTF	WPVTLACFVL
CASIGTGGYNEQFF	WPVTLACFVL
CASSPVSGTEAFF	WPVTLACFVL
CASSLYGAPKDYNEQFF	WPVTLACFVL
CASSFTGEYGYTF	WPVTLACFVL
CASSLNQPQHF	WPVTLACFVL
CASSSTHSGTFEYEQYF	WPVTLACFVL
CSVDSLQGQGANTQYF	WPVTLACFVL
CASSQVGGASGYTF	WPVTLACFVL
CSAPLGLAGGPGETQYF	WPVTLACFVL
CASTSTGELFF	WPVTLACFVL
CSVAGDYGYTF	WPVTLACFVL
CASRDSTPVNYGYTF	WPVTLACFVL
CASTSTDRGQETQYF	WPVTLACFVL
CASSPDLSSGNTIYF	WPVTLACFVL
CATLGRGTGELFF	WPVTLACFVL
CASSGQGNEKLFF	WPVTLACFVL
CASSLALSGPSYEQYF	WPVTLACFVL
CASSLSDTRQSYEQYF	WPVTLACFVL
CASSLSSLAVTDTQYF	WPVTLACFVL
CASSLVTVRGMDTEAFF	WPVTLACFVL
CASSLTGNTEAFF	WPVTLACFVL
CATEALQETQYF	WPVTLACFVL
CASSSSNEQYF	WPVTLACFVL
CASSLGTSGIIDEQYF	WPVTLACFVL
CASSFVGTFYGYTF	WPVTLACFVL
CASTRDRNYGYTF	WPVTLACFVL
CSVVYRDGYTF	WPVTLACFVL
CASSSDNEQFF	WPVTLACFVL
CSGTGGDEQYF	WPVTLACFVL
CASSSLTGISTEAFF	WPVTLACFVL
CASSLMGLAGYNEQFF	WPVTLACFVL
CASSFGPYQPQHF	WPVTLACFVL
CASKRLAGADNEQFF	WPVTLACFVL
CASSSAGELFF	WPVTLACFVL
CASSVDGGGSTDTQYF	WPVTLACFVL
CASSQVQGSTEAFF	WPVTLACFVL
CASSFVQGSNEQFF	WPVTLACFVL
CASSPTQSEAFF	WPVTLACFVL
CASSQGIPGTGNNEQFF	WPVTLACFVL
CATSDLQGGTSTDTQYF	WPVTLACFVL
CSAPGLDSNTQYF	WPVTLACFVL
CASSVTRGGVEKLFF	WPVTLACFVL
CASSQSDSFEPPLHF	WPVTLACFVL
CASSFTSFDRDTQYF	WPVTLACFVL
CASSLLYYEQYF	WPVTLACFVL
CASSLTNEQFF	WPVTLACFVL
CASSSTGDTEAFF	WPVTLACFVL
CASGHNQATQYF	WPVTLACFVL
CASSLTGNTEAFF	WPVTLACFVL
CASSFLSAYEQYF	WPVTLACFVL
CASTPEKEDNEQFF	WPVTLACFVL
CASSLDRTSGTWEQYF	WPVTLACFVL
CASSLLLAGSYNEQFF	WPVTLACFVL
CSARGGLAGAFQETQYF	WPVTLACFVL
CASSPWASGGGEQYF	WPVTLACFVL
CASSFSLTWQTQYF	WPVTLACFVL
CSASGTEEETQYF	WPVTLACFVL
CASSSPGGAQHF	WPVTLACFVL
CASSSPSGRDYNEQFF	WPVTLACFVL
CASSPTGNTEAFF	WPVTLACFVL
CASSQGGGIDTEAFF	WPVTLACFVL
CASSFSGYNEQFF	WPVTLACFVL
CASSHGTGAGHYGYTF	WPVTLACFVL
CATLDRLGGSNEQFF	WPVTLACFVL
CSVESNEQFF	WPVTLACFVL
CSVAGTSGGNEQFF	WPVTLACFVL
CASSLSNEQFF	WPVTLACFVL
CASSSPRDRGNTIYF	WPVTLACFVL
CASSSWGAGDTQYF	WPVTLACFVL
CASSLEGLLGNEQFF	WPVTLACFVL
CASSFIKDEQFF	WPVTLACFVL
CASHLGDHTGELFF	WPVTLACFVL
CASSLSPPSETSGELFF	WPVTLACFVL
CATSDLRGTDGTDTQYF	WPVTLACFVL
CASSFLAADTQYF	WPVTLACFVL
CASSIGYEQYF	WPVTLACFVL
CASSEGQGYEQYF	WPVTLACFVL
CASSHPGNEQFF	WPVTLACFVL
CASSYRASPYSYEQYF	WPVTLACFVL
CASSEKGGLDIQYF	WPVTLACFVL
CASSSLVSYNEQFF	WPVTLACFVL
CASSEQGGVYEQYF	WPVTLACFVL
CASSLLTLADNEQFF	WPVTLACFVL
CASSLYNLGQPQHF	WPVTLACFVL
CASSATGPNQPQHF	WPVTLACFVL
CASSLSGGNYGYTF	WPVTLACFVL
CASSLASGGTEAFF	WPVTLACFVL
CASSPGLAHEQYF	WPVTLACFVL
CASSEWDRVDNEQFF	WPVTLACFVL
CASSLVRTGKNIQYF	WPVTLACFVL
CASSLVSGANVLTF	WPVTLACFVL
CASSPDFRDPIVRRDTASREQYF	WPVTLACFVL
CASSFLGQAANYGYTF	WPVTLACFVL
CASSPDQPQHF	WPVTLACFVL
CASSLGVTGGLETQYF	WPVTLACFVL
CASSLDSSNYGYTF	WPVTLACFVL
CASRISGGPSYEQYF	WPVTLACFVL
CASSFAITYEQYF	WPVTLACFVL
CASRPGTSGTDTQYF	WPVTLACFVL
CASSYSDRDFLRDEQFF	WPVTLACFVL
CASIPHPADTQYF	WPVTLACFVL
CASSLSPLTGSQETQYF	WPVTLACFVL
CASSTATNEQFF	WPVTLACFVL
CSVESVLSYNEQFF	WPVTLACFVL
CSGVPGPYEQYF	WPVTLACFVL
CASSDFRGVDGYTF	WPVTLACFVL
CASSHRGGTNEKLFF	WPVTLACFVL
CAISEGLAGGSTDTQYF	WPVTLACFVL
CASSHTGWVNEKLFF	WPVTLACFVL
CASSHPNTGELFF	WPVTLACFVL
CASSENNEQFF	WPVTLACFVL
CASQGQGDNEQFF	WPVTLACFVL
CATSDLGGGKYTDTQYF	WPVTLACFVL
CASSYSYSGGWRSNEQFF	WPVTLACFVL
CATSDPPGWGQGAAYSNQPQHF	WPVTLACFVL
CASSSGGGVVDGYTF	WPVTLACFVL
CASSVDANTEAFF	WPVTLACFVL
CASSPRAGEQYF	WPVTLACFVL
CASSLGQAYEQYF	WPVTLACFVL
CASRRQGPGELFF	WPVTLACFVL
CASSQGGGASYEQYF	WPVTLACFVL
CASSVAGITDTQYF	WPVTLACFVL
CASSQDRRGAPYEQYF	WPVTLACFVL
CSASLVGPGTEAFF	WPVTLACFVL
CASSLTASANTEAFF	WPVTLACFVL
CASSLANTEAFF	WPVTLACFVL
CASSQERSSGYEQYF	WPVTLACFVL
CASSMPDTTRNEQYF	WPVTLACFVL
CASPTPHSRDCPSTDTQYF	WPVTLACFVL
CASSPRGGSSYNEQFF	WPVTLACFVL
CASTGIPSGHSYEQYF	WPVTLACFVL
CASSYSLGGDTEAFF	WPVTLACFVL
CASSLGQGAYEQYF	WPVTLACFVL
CASSSTGDTEAFF	WPVTLACFVL
CSTRRGEYGNQPQHF	WPVTLACFVL
CASRTDRENTEAFF	WPVTLACFVL
CSARDPKGGGGYEQYF	WPVTLACFVL
CASSERGGSGGELFF	WPVTLACFVL
CASSPGLAGGTNTGELFF	WPVTLACFVL
CASSAPQTEGPGANVLTF	WPVTLACFVL
CSARGPLTARDSNQPQHF	WPVTLACFVL
CASSASSEQFF	WPVTLACFVL
CASSPSNEQFF	WPVTLACFVL
CAWTPRGGWVAFF	WPVTLACFVL
CSVGGNTGGNGYTF	WPVTLACFVL
CASSQATNEKLFF	WPVTLACFVL
CSVEDNEQFF	WPVTLACFVL
CASTTGNEQFF	WPVTLACFVL
CASTHLGSPLHF	WPVTLACFVL
CSARDLGAPQPQHF	WPVTLACFVL
CASYLPTGELFF	WPVTLACFVL
CASSCPGEGGPGLDRLCTGELFF	WPVTLACFVL
CSARAGASYNEQFF	WPVTLACFVL
CASSSSGWQETQYF	WPVTLACFVL
CSVTLPEQYF	WPVTLACFVL
CSVHQLGSYEQYF	WPVTLACFVL
CASTWTSGTYNEQFF	WPVTLACFVL
CASSLLASSYEQYF	WPVTLACFVL
CASSPGPGYTF	WPVTLACFVL
CASSYNSARGLFF	WPVTLACFVL
CASSLGTRHYEQYF	WPVTLACFVL
CASTDLSTDTQYF	WPVTLACFVL
CASTKGSGELFF	WPVTLACFVL
CAILWDRGYETQYF	WPVTLACFVL
CASSESGLGTHTDTQYF	WPVTLACFVL
CASSREGGIYNEQFF	WPVTLACFVL
CASSPRTTPAPQHF	WPVTLACFVL
CASSYYTQETQYF	WPVTLACFVL
