CDR3	AA
CASSDLWQGGTGELFF	FVDGVPFVV
CASSLGLREKLFF	FVDGVPFVV
CASSIGLNTEAFF	FVDGVPFVV
CASSQEKANTEAFF	FVDGVPFVV
CASSPPPAGAYEQYF	FVDGVPFVV
CASSLSGPRSPLHF	FVDGVPFVV
CASYLMGSNEQFF	FVDGVPFVV
CASSQDRNTEAFF	FVDGVPFVV
CASSQGTSRYSPLHF	FVDGVPFVV
CASSEWTTEAFF	FVDGVPFVV
CASSFAANTEAFF	FVDGVPFVV
CASSLTGGRGTDTQYF	FVDGVPFVV
CASSQELAGPFDEQFF	FVDGVPFVV
CASSLVLTDTQYF	FVDGVPFVV
CASSQATRVLPNNEQFF	FVDGVPFVV
CATSRELAASYEQYF	FVDGVPFVV
CSASPDRPQPSGNTIYF	FVDGVPFVV
CASSLNPRTGGRETQYF	FVDGVPFVV
CASSEGTGAYNSPLHF	FVDGVPFVV
CASSFSAGANEQFF	FVDGVPFVV
CASSLWQGTEQYF	FVDGVPFVV
CASSLTSDTQYF	FVDGVPFVV
CASSSDRGLAGELFF	FVDGVPFVV
CASLAGYGYTF	FVDGVPFVV
CASSQWGRDGYTF	FVDGVPFVV
CASSLPLGQGPGELFF	FVDGVPFVV
CASSIWDRVTEAFF	FVDGVPFVV
CASSQGQRSSYEQYF	FVDGVPFVV
CASSYLGSPGEKLFF	FVDGVPFVV
CASSQDRDRVIYGYTF	FVDGVPFVV
CSALTEAYTGELFF	FVDGVPFVV
CASGFLRLAGVSYNEQFF	FVDGVPFVV
CASSEIDRVGYEQYF	FVDGVPFVV
CASSPPEGGNEQFF	FVDGVPFVV
CASSVIGNEQFF	FVDGVPFVV
CASRDAYNEQFF	FVDGVPFVV
CASSETDRGRSPLHF	FVDGVPFVV
CASQGVGTEAFF	FVDGVPFVV
CASSYHPNTEAFF	FVDGVPFVV
CASSQDLAGGAYNEQFF	FVDGVPFVV
CASSLEGARGYTF	FVDGVPFVV
CASSHTGKGTGELFF	FVDGVPFVV
CASSLAGATDTQYF	FVDGVPFVV
CASSNQQGGYTF	FVDGVPFVV
CASSFVQSSYNEQFF	FVDGVPFVV
CASSYYLNLDTQYF	FVDGVPFVV
CASSLTKKNTEAFF	FVDGVPFVV
CASSSGGPGELFF	FVDGVPFVV
CATSQSRLAGGAGETQYF	FVDGVPFVV
CASSWIATNEKLFF	FVDGVPFVV
CASSFPGTDNTGELFF	FVDGVPFVV
CASSLGGRLAGGRTGELFF	FVDGVPFVV
CASSQGLRGSQHF	FVDGVPFVV
CASSVVGGMTEAFF	FVDGVPFVV
CASMTGLHEQYF	FVDGVPFVV
CASSPSRAARLPYQETQYF	FVDGVPFVV
CASSPVGSLALYEQYF	FVDGVPFVV
CAISDPGTGVSEQFF	FVDGVPFVV
CASSPLAGDSYNEQFF	FVDGVPFVV
CASTLLAPSGELFF	FVDGVPFVV
CASSPFDRAHGYTF	FVDGVPFVV
CASSLGGTSGRGSSYEQYF	FVDGVPFVV
CASSLAVGETQYF	FVDGVPFVV
CASRSGGAQETQYF	FVDGVPFVV
CASSFRDTATGELFF	FVDGVPFVV
CASSHRERPPGDEQFF	FVDGVPFVV
CASSLQGGTGANVLTF	FVDGVPFVV
CARRLAGYNEQFF	FVDGVPFVV
CASSPSDSPLHF	FVDGVPFVV
CASSLGRGTYEQYF	FVDGVPFVV
CASSQDQWNTEAFF	FVDGVPFVV
CASSEFPRSTEAFF	FVDGVPFVV
CASSLYRDEDGYTF	FVDGVPFVV
CASSVGASYEQYF	FVDGVPFVV
CASSFWGRNQPQHF	FVDGVPFVV
CASRSPGQGVYNEQFF	FVDGVPFVV
CSARDLLAENTGELFF	FVDGVPFVV
CASSSWDRGPLSGANVLTF	FVDGVPFVV
CASSLANRGTDTQYF	FVDGVPFVV
CASSPDREQETQYF	FVDGVPFVV
CASSLWASRDEQFF	FVDGVPFVV
CASSSGGRTANSGANVLTF	FVDGVPFVV
CASSQADRGQPQHF	FVDGVPFVV
CASSEGMNTEAFF	FVDGVPFVV
CASSLRTGTYEQYF	FVDGVPFVV
CASSARDRGYAEQYF	FVDGVPFVV
CASSLGPIAYNEQFF	FVDGVPFVV
CASSLGRGQSYNEQFF	FVDGVPFVV
CASSYPPGQGPNYGYTF	FVDGVPFVV
CATALGGARTDTQYF	FVDGVPFVV
CASSLIGPTGELFF	FVDGVPFVV
CASSIAGGSNQPQHF	FVDGVPFVV
CASSQGFMGQDYSYEQYF	FVDGVPFVV
CASSGNSGGVQDTQYF	FVDGVPFVV
CASSPRDRVYEQYF	FVDGVPFVV
CASSHSTGVDTEAFF	FVDGVPFVV
CASSVEGSMQETQYF	FVDGVPFVV
CASSYVGRGEQYF	FVDGVPFVV
CASSLAGALDGYTF	FVDGVPFVV
CASSPWTGRPYEQYF	FVDGVPFVV
CASSRGPGRYEQYF	FVDGVPFVV
CASSEWQGRSGELFF	FVDGVPFVV
CASRDQGGEQFF	FVDGVPFVV
CAVLSRYEQYF	FVDGVPFVV
CASYGGASYEQYF	FVDGVPFVV
CASSYARPRYNEQFF	FVDGVPFVV
CSVTRGTEAFF	FVDGVPFVV
CASSSQGWDYGYTF	FVDGVPFVV
CASNARGGSRELFF	FVDGVPFVV
CASSLSRPGQGVEAFF	FVDGVPFVV
CASQHQFDNEQFF	FVDGVPFVV
CASSDRDRVLQPQHF	FVDGVPFVV
CASSLVGTEAFF	FVDGVPFVV
CASSYVARVGEKLFF	FVDGVPFVV
CAISELSGRDTQYF	FVDGVPFVV
CASSFGRNTIYF	FVDGVPFVV
CASSVVEQYTEAFF	FVDGVPFVV
CASSLAGRSEKLFF	FVDGVPFVV
CASTTGQAYEQYF	FVDGVPFVV
CASSLIQERLLGETQYF	FVDGVPFVV
CATSDFGVSGTQYF	FVDGVPFVV
CASSPGRTSGRAYNEQFF	FVDGVPFVV
CASSPPGNEQFF	FVDGVPFVV
CASSLSRGQPQHF	FVDGVPFVV
CASSSGGREGTGELFF	FVDGVPFVV
CASSQVDRGYNEQFF	FVDGVPFVV
CASSDPDRATEAFF	FVDGVPFVV
CASSQDRPGREGYQETQYF	FVDGVPFVV
CASSLGNTEAFF	FVDGVPFVV
CASSLYGDLETQYF	FVDGVPFVV
CASSLEIAGANEQFF	FVDGVPFVV
CSARDGGGVQYF	FVDGVPFVV
CASSPRTTYSNQPQHF	FVDGVPFVV
CASSPRQGPNTGELFF	FVDGVPFVV
CATSIAGVSYNEQFF	FVDGVPFVV
CATSRDPNSPLHF	FVDGVPFVV
CASSDTGTSGVNEQFF	FVDGVPFVV
CGGRGPANTGELFF	FVDGVPFVV
CASSPTWGGPIGAFF	FVDGVPFVV
CASSLSWYPEISNEQFF	FVDGVPFVV
CASSPSPARLAGGPSNEQFF	FVDGVPFVV
CASSDSNTQYF	FVDGVPFVV
CASSTPRKNTGELFF	FVDGVPFVV
CASSWTGASFLGANVLTF	FVDGVPFVV
CASSFLGQGQETQYF	FVDGVPFVV
CASSSSPGQGEYF	FVDGVPFVV
CASSPMSEQFF	FVDGVPFVV
CAISESWDTQYF	FVDGVPFVV
CASSTRLAYEQYF	FVDGVPFVV
CAISEASSDYEQYF	FVDGVPFVV
CASSELLAGGKDTQYF	FVDGVPFVV
CASSELGRNTEAFF	FVDGVPFVV
CASSPYGRQAGPYNEQFF	FVDGVPFVV
CASSLTGGVNQPQHF	FVDGVPFVV
CASSYSIGNPQHF	FVDGVPFVV
CASSYGRTEAFF	FVDGVPFVV
CASSEGTNYGYTF	FVDGVPFVV
CASSLGGNQPQHF	FVDGVPFVV
CASSPQLIFSGSYGYTF	FVDGVPFVV
CASSLDRPAEQFF	FVDGVPFVV
CSVRENTGELFF	FVDGVPFVV
CASSQDGGRGLTEAFF	FVDGVPFVV
CASTPGVRGYGYTF	FVDGVPFVV
CASSETDYYSYEQYF	FVDGVPFVV
CASSPGLDGSRQFF	FVDGVPFVV
CASRSSGRITDTQYF	FVDGVPFVV
CASSQEIGLVGIGELFF	FVDGVPFVV
CASSLGDRGSQPQHF	FVDGVPFVV
CASSSSDTQYF	FVDGVPFVV
CASSLVFGGEPQHF	FVDGVPFVV
CASSYFGTFAGYNEQFF	FVDGVPFVV
CASSLTANTGELFF	FVDGVPFVV
CASSEPRTASYEQYF	FVDGVPFVV
CASSGPTYEQYF	FVDGVPFVV
CASSLRLGYTEAFF	FVDGVPFVV
CASSKAVGGRDTEAFF	FVDGVPFVV
CASSAVGEKSEAFF	FVDGVPFVV
CASSASGGTGANVLTF	FVDGVPFVV
CASSFTGVGTQYF	FVDGVPFVV
CASSPTGEGTEAFF	FVDGVPFVV
CASSLVGTGNTIYF	FVDGVPFVV
CASSSTPGLAGRESSYEQYF	FVDGVPFVV
CASSFSTGNEQFF	FVDGVPFVV
CASSPRDRVYEQYF	FVDGVPFVV
CASSPAPPDGSNQPQHF	FVDGVPFVV
CASSEAAGRYTEAFF	FVDGVPFVV
CASSSSGTSGRRDTQYF	FVDGVPFVV
CASSQVSRPTDTQYF	FVDGVPFVV
CASSLGGNTEAFF	FVDGVPFVV
CASSAFTSDEQYF	FVDGVPFVV
CASSQSPRNEQFF	FVDGVPFVV
CASSQPAGGLDTQYF	FVDGVPFVV
CASSLGGLGNTEAFF	FVDGVPFVV
CASSPERGRWTDTQYF	FVDGVPFVV
CASSPQEDSPLHF	FVDGVPFVV
CASRPGTAEVNEQFF	FVDGVPFVV
CASSPSSLAAYEQFF	FVDGVPFVV
CASSQGLAGGNEQFF	FVDGVPFVV
CASSVSRDEQFF	FVDGVPFVV
CASSVVGGGTEAFF	FVDGVPFVV
CASSEWIGRSYEQYF	FVDGVPFVV
CAIRTGWRVEQFF	FVDGVPFVV
CSTRTGAHTEAFF	FVDGVPFVV
CASSDRDRGGYSNQPQHF	FVDGVPFVV
CASSISGRPTDTQYF	FVDGVPFVV
CATSIGSPGELFF	FVDGVPFVV
CASSHPTRLVNGKGSEDTQYF	FVDGVPFVV
CASSSGGATDTQYF	FVDGVPFVV
CASSVAGDTQYF	FVDGVPFVV
CASSTPGLRVDTQYF	FVDGVPFVV
CASSVAGRAGYNEQFF	FVDGVPFVV
CASSLGGAGTGHYNEQFF	FVDGVPFVV
CASSDPGLAEVQHTQYF	FVDGVPFVV
CASSPSSGGPLYEQYF	FVDGVPFVV
CASRPQGAIPIYF	FVDGVPFVV
CASSYSINNEQYF	FVDGVPFVV
CASSLVGGAYNEQFF	FVDGVPFVV
CASSYPGAGTYEQYF	FVDGVPFVV
CSARATGGNTGELFF	FVDGVPFVV
CAISEQGYGYNEQFF	FVDGVPFVV
CASSLYRENGEAFF	FVDGVPFVV
CASSWRPTDTQYF	FVDGVPFVV
CASRRILGGDTQYF	FVDGVPFVV
CASSIRGPNNEQFF	FVDGVPFVV
CASSSPGSGYEQYF	FVDGVPFVV
CASSLDSPSEQYF	FVDGVPFVV
CASSQDVASGSINEQYF	FVDGVPFVV
CASSLGPGVRQETQYF	FVDGVPFVV
CASSEWVGGGGNGYTF	FVDGVPFVV
CASSPTQGPTDTQYF	FVDGVPFVV
CASSYLGQGGNEQFF	FVDGVPFVV
CASREQGFDTGELFF	FVDGVPFVV
CASAEGGKGFSPLHF	FVDGVPFVV
CASGFNQPQHF	FVDGVPFVV
CASSEAGPRYGELFF	FVDGVPFVV
CASSYGRDTQYF	FVDGVPFVV
CASSFGLAVYEQYF	FVDGVPFVV
CATSFLGQGAPNYGYTF	FVDGVPFVV
CASSSGELFF	FVDGVPFVV
CASSEGSGGPYNEQFF	FVDGVPFVV
CASSARDSTDTQYF	FVDGVPFVV
CASSSGLAGVEQYF	FVDGVPFVV
CASSALEGELFF	FVDGVPFVV
CASSVVGRSTDTQYF	FVDGVPFVV
CASSITLAGSSYNEQFF	FVDGVPFVV
CASSQDRTRRYEQYF	FVDGVPFVV
CSATSEVALSYEQYF	FVDGVPFVV
CASSQDISGRLTGELFF	FVDGVPFVV
CASSYTSGGRDTQYF	FVDGVPFVV
CASSSLAGLDQPQHF	FVDGVPFVV
CSANWAGVRYEQYF	FVDGVPFVV
CASSQDGGGARSDTQYF	FVDGVPFVV
CASSLGGREGINEQFF	FVDGVPFVV
CSASQQGGRGAYNEQFF	FVDGVPFVV
CAISVGGIYEQYF	FVDGVPFVV
CSAIRDFRYNEQFF	FVDGVPFVV
CASSERFGGIGYEQYF	FVDGVPFVV
CASSSWDSVNEQFF	FVDGVPFVV
CSAWTGTSEQFF	FVDGVPFVV
CASSTGDRSYEQYF	FVDGVPFVV
CASSDGLAGAVRNGELFF	FVDGVPFVV
CASGGSPGNTIYF	FVDGVPFVV
CATSIGGRGGFNEQFF	FVDGVPFVV
CASSSSGTSGRILYEQYF	FVDGVPFVV
CATSRDESPGRGETQYF	FVDGVPFVV
CASSQVNRAEDTQYF	FVDGVPFVV
CASSLRGNQETQYF	FVDGVPFVV
CASSWGLAGGISYNEQFF	FVDGVPFVV
CSVEYAGGPRYEQFF	FVDGVPFVV
CASSQEPASSNVLTF	FVDGVPFVV
CASSLWGEKNEQFF	FVDGVPFVV
CSAAGQGARDTQYF	FVDGVPFVV
CASSVRDGDNSPLHF	FVDGVPFVV
CASSIDLSYEQYF	FVDGVPFVV
CASSIRQGLGPEKLFF	FVDGVPFVV
CASSAWGGRDTQYF	FVDGVPFVV
CASSYVGPGTEAFF	FVDGVPFVV
CASSNSDIYEQYF	FVDGVPFVV
CASSLIPSPSETQYF	FVDGVPFVV
CASNKVGGHQETQYF	FVDGVPFVV
CASSEGKSTQYF	FVDGVPFVV
CASSDSGRDTQYF	FVDGVPFVV
CASSYAGTNDSPLHF	FVDGVPFVV
CASSMGRFEAFF	FVDGVPFVV
CASSLSFGGHEQFF	FVDGVPFVV
CASSEYRDRPLETQYF	FVDGVPFVV
CASSISLARKETQYF	FVDGVPFVV
CASSNDFTPQETQYF	FVDGVPFVV
CASRSTGASYEQYF	FVDGVPFVV
CSARDPRISYEQYF	FVDGVPFVV
CASSFPPVGDTQETQYF	FVDGVPFVV
CASSPRGGPGANVLTF	FVDGVPFVV
CATSRDRATIYF	FVDGVPFVV
CASSRSLDRSSYEQYF	FVDGVPFVV
CASSHGGPRYNEQFF	FVDGVPFVV
CASSPHPGRNNEQFF	FVDGVPFVV
CASSTGTSGEGLYNEQFF	FVDGVPFVV
CASSQAMREGPSGELFF	FVDGVPFVV
CASTSREASGAQVNEQFF	FVDGVPFVV
CASSQSARTSGYNEQFF	FVDGVPFVV
CASNIAGRNEQFF	FVDGVPFVV
CASSLVGGHEQYF	FVDGVPFVV
CASSQGSGANVLTF	FVDGVPFVV
CASSEVPNTGELFF	FVDGVPFVV
CASSQELRLSAQETQYF	FVDGVPFVV
CASTQLSQREALYNEQFF	FVDGVPFVV
CASSYYSGTEAFF	FVDGVPFVV
CASSLSWPATVPYNEQFF	FVDGVPFVV
CASSLWGLAEIQETQYF	FVDGVPFVV
CSANRGTHYGYTF	FVDGVPFVV
CASSFTVGEQYF	FVDGVPFVV
CASSVRGLAKNIQYF	FVDGVPFVV
CASSPRPGGDTQYF	FVDGVPFVV
CASSKATGADSTDTQYF	FVDGVPFVV
CASSEAGAEAFF	FVDGVPFVV
CASSALEGEQFF	FVDGVPFVV
CASSPTVRGQSNEQFF	FVDGVPFVV
CASRLDRAGNEQFF	FVDGVPFVV
CASSWETAFSGNTIYF	FVDGVPFVV
CASSQTSGGAGNEQFF	FVDGVPFVV
CASSHRDRNEKLFF	FVDGVPFVV
CASSLYSANTGELFF	FVDGVPFVV
CASSPRDRVTTGELFF	FVDGVPFVV
CASSQVPGQGTYEQYF	FVDGVPFVV
CASSPRDRLGRGYTF	FVDGVPFVV
CASSFMPGQGLHYGYTF	FVDGVPFVV
CASSQGRQGVDSTHF	FVDGVPFVV
CSARGGNTGELFF	FVDGVPFVV
CASSQEPAYAEAFF	FVDGVPFVV
CASSIGGRTGELFF	FVDGVPFVV
CARILRVAYEQHF	FVDGVPFVV
CASSRGTSYEQYF	FVDGVPFVV
CASSATGAVNTEAFF	FVDGVPFVV
CASSLAGPGELFF	FVDGVPFVV
CASSLMGRYTDTQYF	FVDGVPFVV
CASSEARLTPKTYEQYF	FVDGVPFVV
CASSKEAGTDTDTQYF	FVDGVPFVV
CASSEGETGIQPQHF	FVDGVPFVV
CATSDLGTPGELFF	FVDGVPFVV
CSAGEREGRPYEQYF	FVDGVPFVV
CASSIGHPQETQYF	FVDGVPFVV
CAISEGGGRYNEQFF	FVDGVPFVV
CASSMGPGRYEQYF	FVDGVPFVV
CASSVVGGNSEAFF	FVDGVPFVV
CASSKEGNSNQPQHF	FVDGVPFVV
CASRRQGRTDTQYF	FVDGVPFVV
CASSLPGGEQYF	FVDGVPFVV
CASSLGDRAIDGYTF	FVDGVPFVV
CASSQAARNTEAFF	FVDGVPFVV
CASTLWGDRFGNEQFF	FVDGVPFVV
CASSRGLGTGELFF	FVDGVPFVV
CASSQEQAGGEQFF	FVDGVPFVV
CASSHDRGTEAFF	FVDGVPFVV
CAIGQGRNEQFF	FVDGVPFVV
CASSSRTGNDNEQFF	FVDGVPFVV
CASSRGVHEQYF	FVDGVPFVV
CASSVVDELTGELFF	FVDGVPFVV
CASSPLAGHYNEQFF	FVDGVPFVV
CASSLWRSYEQYF	FVDGVPFVV
CASSPEVGSSYNEQFF	FVDGVPFVV
CASSRRDANTGELFF	FVDGVPFVV
CASSYNLPGDRDGVTGELFF	FVDGVPFVV
CASSPGRRQGYYEQYF	FVDGVPFVV
CASSQERRLGSSGYTF	FVDGVPFVV
CASSKGTSYEQYF	FVDGVPFVV
CASRLAGVSLDEQFF	FVDGVPFVV
CASISHLGQHSYEQYF	FVDGVPFVV
CASSPAHRATSYNEQFF	FVDGVPFVV
CASSIGGLYNEQFF	FVDGVPFVV
CASSEELAKSYEQYF	FVDGVPFVV
CAWSIPDRALYEQYF	FVDGVPFVV
CASSVGDTEAFF	FVDGVPFVV
CSARDTGESQPQHF	FVDGVPFVV
CASSRRGQETQYF	FVDGVPFVV
CASSSSSGRRNEQFF	FVDGVPFVV
CASSQDPPQGSTGELFF	FVDGVPFVV
CASSLDAGEETQYF	FVDGVPFVV
CASSSSTAPLEQYF	FVDGVPFVV
CSVWGTSGASTDTQYF	FVDGVPFVV
CSAPRYRDLRIPNEKLFF	FVDGVPFVV
CASSEASGVNQPQHF	FVDGVPFVV
CASSPGGTTGTSGPVEYEQYF	FVDGVPFVV
CASRKQSAGESYEQYF	FVDGVPFVV
CASSPGGTPASGSFTQETQYF	FVDGVPFVV
CASSQEGGGNEQFF	FVDGVPFVV
CASSPRDRVYEQYF	FVDGVPFVV
CASSQEGYNEQFF	FVDGVPFVV
CASSQETANYGYTF	FVDGVPFVV
CASSLGGAKTEAFF	FVDGVPFVV
CASSSGPGRADEAFF	FVDGVPFVV
CASSEGPNTEAFF	FVDGVPFVV
CASSLFVERPHEQYF	FVDGVPFVV
CASRSGGDNTGELFF	FVDGVPFVV
CASSFDGAEQFF	FVDGVPFVV
CASSLFEGPIGYTF	FVDGVPFVV
CSGRELPTENTEAFF	FVDGVPFVV
CASSQVGSSYNEQFF	FVDGVPFVV
CASSDGTDGNNYGYTF	FVDGVPFVV
CASSLGGSGRRSGSTDTQYF	FVDGVPFVV
CASSQEGHLYEQYF	FVDGVPFVV
CASSPRGGTSAYTGELFF	FVDGVPFVV
CASSLWTDSSGANVLTF	FVDGVPFVV
CASSLTYRDGYTF	FVDGVPFVV
CASSLYRLAGGYTGELFF	FVDGVPFVV
CSVGRQGGYGYTF	FVDGVPFVV
CASSQRGGDTGELFF	FVDGVPFVV
CASSNLQGGILDEQFF	FVDGVPFVV
CASSLGNEQYF	FVDGVPFVV
CASSVEGTVYEQYF	FVDGVPFVV
CASSPARRDNSPLHF	FVDGVPFVV
CASKRERNEQFF	FVDGVPFVV
CASSGGVGEETQYF	FVDGVPFVV
CASSPRGLASYNEQFF	FVDGVPFVV
CASSIQGMITEAFF	FVDGVPFVV
CASSEGGRADTQYF	FVDGVPFVV
CSAREAGGGAGELFF	FVDGVPFVV
CASSNGAGVAEAFF	FVDGVPFVV
CASSLWGTRFRTSTDTQYF	FVDGVPFVV
CASSPRDRVNEQFF	FVDGVPFVV
CSAREGRTEAFF	FVDGVPFVV
CASSSRDLSTDTQYF	FVDGVPFVV
CASSLNRVGNQPQHF	FVDGVPFVV
CASSQVGRSYEQYF	FVDGVPFVV
CASSDRLAGTGLDEQYF	FVDGVPFVV
CASSRLTGSTDTQYF	FVDGVPFVV
CASSLIRQGANSPLHF	FVDGVPFVV
CASSLELAGGEETQYF	FVDGVPFVV
CASSPRGGSSYNEQFF	FVDGVPFVV
CASSSPQPEQFF	FVDGVPFVV
CASSLSGLEAFF	FVDGVPFVV
CSASGTSGRNAYNEQFF	FVDGVPFVV
CASSLSPSSYNEQFF	FVDGVPFVV
CSVFAGTANTGELFF	FVDGVPFVV
CASSEGGREGLYEQYF	FVDGVPFVV
CASSSYLGMNTEAFF	FVDGVPFVV
CASSLELAGPEQYF	FVDGVPFVV
CASRPTNTGELFF	FVDGVPFVV
CASSLDEQYF	FVDGVPFVV
CASSPILDEQFF	FVDGVPFVV
CASSLVGRANYGYTF	FVDGVPFVV
CASSLQYEQYF	FVDGVPFVV
CASSLALRGKNQPQHF	FVDGVPFVV
CSARAWGNTGELFF	FVDGVPFVV
CASSKTGIKTQYF	FVDGVPFVV
CASSYGASRYSGANVLTF	FVDGVPFVV
CASSVASDEQYF	FVDGVPFVV
CASSESRDRDSPLHF	FVDGVPFVV
CASTVWDRGRDGYTF	FVDGVPFVV
CASSTRDRVDEQYF	FVDGVPFVV
CASSSRGDTLSNQPQHF	FVDGVPFVV
CASSLVVLGRPQETQYF	FVDGVPFVV
CATLRTADYGYTF	FVDGVPFVV
CASSTAGFYEQYF	FVDGVPFVV
CASRAPEFYEQYF	FVDGVPFVV
CSARDLTPSARETQYF	FVDGVPFVV
CATSSSGRNEQYF	FVDGVPFVV
CASSQGTSGRAVDDEQFF	FVDGVPFVV
CASSLAGSGNQPQHF	FVDGVPFVV
CASSLRGGEQYF	FVDGVPFVV
CASSPGLAGGYLNEQFF	FVDGVPFVV
CASSLKRGQTYEQYF	FVDGVPFVV
CASSVADNEQFF	FVDGVPFVV
CASSQEEADTEAFF	FVDGVPFVV
CASSVGGKNTEAFF	FVDGVPFVV
CASSTGQGSYEQYF	FVDGVPFVV
CAWETGIYNEQFF	FVDGVPFVV
CASSRLAGSSYNEQFF	FVDGVPFVV
CASSLGTGASTDTQYF	FVDGVPFVV
CASRDNEQFF	FVDGVPFVV
CASSYPGRSSYEQYF	FVDGVPFVV
CASSETGGRTEAFF	FVDGVPFVV
CASTSGTGIYEQYF	FVDGVPFVV
CASSPRDRVNEQFF	FVDGVPFVV
CATSRVSRDKETQYF	FVDGVPFVV
CASSFQGIYNQPQHF	FVDGVPFVV
CASSLDMANEKLFF	FVDGVPFVV
CASKEVSYEQYF	FVDGVPFVV
CASSSTGGEQYF	FVDGVPFVV
CASGRGDNEQFF	FVDGVPFVV
CASGQGNSYEQYF	FVDGVPFVV
CATSAPGQGYNEQFF	FVDGVPFVV
CASSLVHAVSGANVLTF	FVDGVPFVV
CASSLNGGIITGELFF	FVDGVPFVV
CASSADREAKNIQYF	FVDGVPFVV
CASSLIAGRPNEQYF	FVDGVPFVV
CASSDLTVADTQYF	FVDGVPFVV
CASSSDTGSYNEQFF	FVDGVPFVV
CASSAETGRSYEQYF	FVDGVPFVV
CASSILKGNQPQHF	FVDGVPFVV
CASSTDRGPGNQPQHF	FVDGVPFVV
CASSLLAGTYNEQFF	FVDGVPFVV
CASSDGMTASYEQYF	FVDGVPFVV
CSARDEGHGFYEQYF	FVDGVPFVV
CASSQPSGPREKLFF	FVDGVPFVV
CATSRELAGGGDTQYF	FVDGVPFVV
CASSQIDRITYEQYF	FVDGVPFVV
CASSFSPADTQYF	FVDGVPFVV
CASSEWWNTEAFF	FVDGVPFVV
CASSLTPSGTGELFF	FVDGVPFVV
CASSLTGRVQETQYF	FVDGVPFVV
CASSVGGNEQFF	FVDGVPFVV
CASSPPGRQGSYEQYF	FVDGVPFVV
CASIAPDRPSSYEQYF	FVDGVPFVV
CASSQEQATNEQFF	FVDGVPFVV
CASSSGGARGPQETQYF	FVDGVPFVV
CASSQPGRKGDRTEAFF	FVDGVPFVV
CASSLGTGYEQYF	FVDGVPFVV
CASSQLIFKETQYF	FVDGVPFVV
CASSSSGRAYNEQFF	FVDGVPFVV
CASIPRTDGLAGGSYEQYF	FVDGVPFVV
CASSPYVIGDRVAFVLTF	FVDGVPFVV
CASSLDGPDTQYF	FVDGVPFVV
CASSARNTEAFF	FVDGVPFVV
CASSLAWSTDTQYF	FVDGVPFVV
CASSYSRGNEQYF	FVDGVPFVV
CASSLGPRWEQYF	FVDGVPFVV
CASSPRDRVYEQYF	FVDGVPFVV
CASSFGPGGRGETQYF	FVDGVPFVV
CASSLATSGGIDEQFF	FVDGVPFVV
CASLAPRSSYEQYF	FVDGVPFVV
CASSLRVRGSTEAFF	FVDGVPFVV
CASSLGVVELFF	FVDGVPFVV
CASSLHLPTGALDYEQYF	FVDGVPFVV
CASSGVAQYF	FVDGVPFVV
CASSSTGQGITGELFF	FVDGVPFVV
CASSPGRFISYEQYF	FVDGVPFVV
CASSEASGQYYNSPLHF	FVDGVPFVV
CASSSEPNTEAFF	FVDGVPFVV
CASSQYAGRATYNEQFF	FVDGVPFVV
CASSSLADTQYF	FVDGVPFVV
CASSLWAVAYEQYF	FVDGVPFVV
CASSQTSGGRTDTQYF	FVDGVPFVV
CASSLVLLPGQGGETQYF	FVDGVPFVV
CASSPSGPPGANVLTF	FVDGVPFVV
CASSLAWHYEQYF	FVDGVPFVV
CASSQDGGGNEKLFF	FVDGVPFVV
CASSQAGREGRDEQFF	FVDGVPFVV
CASSLEGYRGYGYTF	FVDGVPFVV
CASSLLIRPANTGELFF	FVDGVPFVV
CASSSLPGQGHYEQYF	FVDGVPFVV
CASSQDRDSFTDTQYF	FVDGVPFVV
CASSDNFGTEYTGELFF	FVDGVPFVV
CASSSPVYNEQFF	FVDGVPFVV
CASSPPRLAISTDTQYF	FVDGVPFVV
CASSGWTGGEEGSYNEQFF	FVDGVPFVV
CASSQDPVGTGHTEAFF	FVDGVPFVV
CASSAGGTETQYF	FVDGVPFVV
CASSVAGDNSPLHF	FVDGVPFVV
CASSQDFDKSYNEQFF	FVDGVPFVV
CASSLAGSSYEQYF	FVDGVPFVV
CASSWLGGPDTQYF	FVDGVPFVV
CATSDLGPETQYF	FVDGVPFVV
CATRGLAGGWETQYF	FVDGVPFVV
CASSSGPNSIQYF	FVDGVPFVV
CASSLRGLAVGETQYF	FVDGVPFVV
CASSDLGPRDTQYF	FVDGVPFVV
CASGFSYNEQFF	FVDGVPFVV
CASSEWTSTNEKLFF	FVDGVPFVV
CASLLTNTEAFF	FVDGVPFVV
CATSRGGGSATQYF	FVDGVPFVV
CASSLVGDRGVPNYGYTF	FVDGVPFVV
CASSAWTGQETQYF	FVDGVPFVV
CASSFSVAGGVGQETQYF	FVDGVPFVV
CASSSGRSEAFF	FVDGVPFVV
CASSSQGFTEAFF	FVDGVPFVV
CASKQGDGGNGELFF	FVDGVPFVV
CASSVGVYNEQFF	FVDGVPFVV
CASSYGGEQYF	FVDGVPFVV
CASQGGRSYEQYF	FVDGVPFVV
CASSVADTEAFF	FVDGVPFVV
CASSFSTGSTYEQYF	FVDGVPFVV
CASSYSAPRFNNEQFF	FVDGVPFVV
CASSTNRGAYEQYF	FVDGVPFVV
CASSLGASRFSEQYF	FVDGVPFVV
CASSVGPDTQYF	FVDGVPFVV
CASGPWGERNEKLFF	FVDGVPFVV
CASSLFPANTEAFF	FVDGVPFVV
CASSTPSGGVQETQYF	FVDGVPFVV
CASSLGGGRYGSGIGNEQFF	FVDGVPFVV
CASSPGGGITEAFF	FVDGVPFVV
CASSSAPGELFF	FVDGVPFVV
CASSLYTSRETQYF	FVDGVPFVV
CASSSGRSIDTQYF	FVDGVPFVV
CASSQGVREQFF	FVDGVPFVV
CASSTDLVAGDYEQYF	FVDGVPFVV
CASSSTSSSYEQYF	FVDGVPFVV
CASSLEWASGLRGGEQFF	FVDGVPFVV
CSARPTRRENTGELFF	FVDGVPFVV
CASSFGISYEQYF	FVDGVPFVV
CSVEARTPYNEQFF	FVDGVPFVV
CASSQEFNRVPSGASYNEQFF	FVDGVPFVV
CASSYGGVQETQYF	FVDGVPFVV
CASSVGEDTQYF	FVDGVPFVV
CASSITGGWEQYF	FVDGVPFVV
CSARPGTGNEQYF	FVDGVPFVV
CASSESWTSGRGTADTQYF	FVDGVPFVV
CASSPGGGEQFF	FVDGVPFVV
CASSVEGGGLQETQYF	FVDGVPFVV
CSARSGGNTGELFF	FVDGVPFVV
CASSADLGRQNYGYTF	FVDGVPFVV
CASSPGTSGSAPYNEQFF	FVDGVPFVV
CASSGAGDNEQFF	FVDGVPFVV
CASTGGHRNEQFF	FVDGVPFVV
CASSLIPAGASYEQYF	FVDGVPFVV
CSVRGTDYGYTF	FVDGVPFVV
CASSRPDRTPYEQYF	FVDGVPFVV
CASSPDPRGNEQFF	FVDGVPFVV
CAISVVQGRDEQYF	FVDGVPFVV
CASSYPGGYTEAFF	FVDGVPFVV
CATSPRLAGGPDEQYF	FVDGVPFVV
CAISETGRVETQYF	FVDGVPFVV
CASSLVDRVYEQYF	FVDGVPFVV
CASSQRGVQGAGQPQHF	FVDGVPFVV
CASSLSGRIQTGELFF	FVDGVPFVV
CASSDGTPNEKLFF	FVDGVPFVV
CASSHARAEAFF	FVDGVPFVV
CASSSLDSYQPQHF	FVDGVPFVV
CASSLPLSYEQYF	FVDGVPFVV
CASSHSTYEQYF	FVDGVPFVV
CASLKDLAGGPWEQYF	FVDGVPFVV
CASSLQGLASISTDTQYF	FVDGVPFVV
CASGGGGTQYF	FVDGVPFVV
CSARVEGSGRITSYNEQFF	FVDGVPFVV
CASSPAAGESYNEQFF	FVDGVPFVV
CASSDLLAGVLEQFF	FVDGVPFVV
CASSILGGTDTQYF	FVDGVPFVV
CASSLWADSKGYGYTF	FVDGVPFVV
CASSGLAASYEQYF	FVDGVPFVV
CASSLQGAGDTQYF	FVDGVPFVV
CSASRDTYNEQFF	FVDGVPFVV
CASSQVGQPQHF	FVDGVPFVV
CATRGAERGFTEAFF	FVDGVPFVV
CASSPRTGGTEAFF	FVDGVPFVV
CASSVGEAEQYF	FVDGVPFVV
CASSAGELFF	FVDGVPFVV
CASSLLQGSNQPQHF	FVDGVPFVV
CASSFPQGDSHTDTQYF	FVDGVPFVV
CASSLSPSRERETQYF	FVDGVPFVV
CASSFKGTHSYEQYF	FVDGVPFVV
CASSPRDRVREQYF	FVDGVPFVV
CASSPLADEQYF	FVDGVPFVV
CASSTGTVHPTNTGELFF	FVDGVPFVV
CASSPSLGDTQYF	FVDGVPFVV
CASSRRDSNQPQHF	FVDGVPFVV
CASSDVGNQPQHF	FVDGVPFVV
CASSSFPGGLYEQYF	FVDGVPFVV
CSARSWTGDNTGELFF	FVDGVPFVV
CASSLLGTEYGYTF	FVDGVPFVV
CASSVSYRGGNQPQHF	FVDGVPFVV
CASGLRREAFF	FVDGVPFVV
CASSQDLAGVRTGELFF	FVDGVPFVV
CASSDATGTSLYEQYF	FVDGVPFVV
CASSLSGLDQETQYF	FVDGVPFVV
CASSSLKTGRSYNEQFF	FVDGVPFVV
CASSQITGGNQPQHF	FVDGVPFVV
CASSPGTSLYNEQFF	FVDGVPFVV
CATSRGDSSNQPQHF	FVDGVPFVV
CATSRPGDTQYF	FVDGVPFVV
CASSDNPITSGRESDTQYF	FVDGVPFVV
CASSVDRGLNEQYF	FVDGVPFVV
CASSVVGRDTQYF	FVDGVPFVV
CASSGDRRSYGYTF	FVDGVPFVV
CASSLPRESEQFF	FVDGVPFVV
CATSRDSTLNSPLHF	FVDGVPFVV
CASSPGGNPYNEQFF	FVDGVPFVV
CASSLATTNEKLFF	FVDGVPFVV
CASSAEPARGYEQYF	FVDGVPFVV
CAISWEPHNEQFF	FVDGVPFVV
CASSLGGAWTGSSYEQYF	FVDGVPFVV
CASSRMAGGQGRSNYGYTF	FVDGVPFVV
CASSQDRGVANQPQHF	FVDGVPFVV
CASSARGMWQETQYF	FVDGVPFVV
CASSFGPYEQYF	FVDGVPFVV
CASRSPTGTSSYNEQFF	FVDGVPFVV
CASSYIEQGTDTQYF	FVDGVPFVV
CASSASELKQGASNPRGANVLTF	FVDGVPFVV
CASYWRHFTDTQYF	FVDGVPFVV
CASSQEWGATEAFF	FVDGVPFVV
CASSPSQGTRQYF	FVDGVPFVV
CASSSPDSYEQYF	FVDGVPFVV
CASSTITGASGDYEQYF	FVDGVPFVV
CASSPQGQGTDTQYF	FVDGVPFVV
CVEEKTGTGDNEQFF	FVDGVPFVV
CASSQTDSGANVLTF	FVDGVPFVV
CASSSGTSSEQYF	FVDGVPFVV
CASKGLRTRMYNSPLHF	FVDGVPFVV
CASSPVDRVYEQYF	FVDGVPFVV
CASSFTRISEQYF	FVDGVPFVV
CASRSRQGRFHEQYF	FVDGVPFVV
CASSVRGRETQYF	FVDGVPFVV
CASSQAFVGRAYEQYF	FVDGVPFVV
CASSLASGGVWNEQFF	FVDGVPFVV
CASRGANGGGPNTGELFF	FVDGVPFVV
CASSLGERHYGYTF	FVDGVPFVV
CASSYNQETQYF	FVDGVPFVV
CASSPGPRADTQYF	FVDGVPFVV
CASSGRDSPYEQYF	FVDGVPFVV
CASSKPLQEETQYF	FVDGVPFVV
CASSRRLAGDNEQFF	FVDGVPFVV
CASSLFPGGNEQFF	FVDGVPFVV
CSARDLEGVPYNEQFF	FVDGVPFVV
CASSFVGLGLDEAFF	FVDGVPFVV
CASSLNTDTQYF	FVDGVPFVV
CASSEPPGFGYGYTF	FVDGVPFVV
CASSKLSESYEQYF	FVDGVPFVV
CASSQDGTGRDDNEQFF	FVDGVPFVV
CASSGGTPQETQYF	FVDGVPFVV
CASSILASVNYEQYF	FVDGVPFVV
CASSEGGELFF	FVDGVPFVV
CATSVGGGYTF	FVDGVPFVV
CASRLAGPNTGELFF	FVDGVPFVV
CASSVVADTDTQYF	FVDGVPFVV
CASSEAGREGTHTQYF	FVDGVPFVV
CASSVGEGGPDTQYF	FVDGVPFVV
CASSLAENTGELFF	FVDGVPFVV
CASSLAYGGRARETQYF	FVDGVPFVV
CSARDAQGGAGELFF	FVDGVPFVV
CASSQVGRDATQYF	FVDGVPFVV
CASSPGVAKNIQYF	FVDGVPFVV
CASSLADRGRERLNTEAFF	FVDGVPFVV
CATSRGNNEQFF	FVDGVPFVV
CASSLFGAPPETQYF	FVDGVPFVV
CASSLGRGANSPLHF	FVDGVPFVV
CASSEGGPNLEQFF	FVDGVPFVV
CASSVADPNYGYTF	FVDGVPFVV
CASSLTQNYYNSPLHF	FVDGVPFVV
CASSLERGSEYNEQFF	FVDGVPFVV
CASSLQGADGYTF	FVDGVPFVV
CASSTRLGEANYGYTF	FVDGVPFVV
CASSGAGANTEAFF	FVDGVPFVV
CASSPPEREQFF	FVDGVPFVV
CASSVGLNTEAFF	FVDGVPFVV
CSARDPGTYEQFF	FVDGVPFVV
CASSEYLGRGSSSGANVLTF	FVDGVPFVV
CASSFTAPGQGAYYEQYF	FVDGVPFVV
CASSLSGRGEKNYGYTF	FVDGVPFVV
CATAARGLEQYF	FVDGVPFVV
CASSPGGRGLLSGANVLTF	FVDGVPFVV
CATSRSPGQGDEQYF	FVDGVPFVV
CASRSRDSLNTGELFF	FVDGVPFVV
CASSSLGEGREQYF	FVDGVPFVV
CASKDPTGVSPRANYGYTF	FVDGVPFVV
CASRPGHKYNSPLHF	FVDGVPFVV
CASSLHRGRNEQFF	FVDGVPFVV
CASSLEGLAGGKNNEQFF	FVDGVPFVV
CASSEWGSRDEQFF	FVDGVPFVV
CSVPSESYNEQFF	FVDGVPFVV
CSVPAASGVYNEQFF	FVDGVPFVV
CSAKRVGGPSDTQYF	FVDGVPFVV
CASTNRSLAGGTDTQYF	FVDGVPFVV
CASSTLWEAFF	FVDGVPFVV
CASSFSGGNEQYF	FVDGVPFVV
CASSLGASYEQYF	FVDGVPFVV
CASSSTQGNNSPLHF	FVDGVPFVV
CATSGPGRGGYNEQFF	FVDGVPFVV
CASSFAYIQYF	FVDGVPFVV
CASSVGSSGREIYEQYF	FVDGVPFVV
CASSPPLQETQYF	FVDGVPFVV
CASSRQGMRNQPQHF	FVDGVPFVV
CASSLGTSYNEQFF	FVDGVPFVV
CASSQEAGRSEAFF	FVDGVPFVV
CASSVVGRVGTDTQYF	FVDGVPFVV
CASSLGSQGNNYGYTF	FVDGVPFVV
CASSGRDSFYEQYF	FVDGVPFVV
CASSPRADSDIASYEQYF	FVDGVPFVV
CASSGTSGGNEQFF	FVDGVPFVV
CASSPWAGEQFF	FVDGVPFVV
CASSQGLAGGPDTQYF	FVDGVPFVV
CASSFSGNEQFF	FVDGVPFVV
CSARDLGGSYNEQFF	FVDGVPFVV
CASSLVGTGNTIYF	FVDGVPFVV
CASESWAVNQPQHF	FVDGVPFVV
CASSSSDSPLHF	FVDGVPFVV
CASSLTAAKNIQYF	FVDGVPFVV
CASSEGQDQPQHF	FVDGVPFVV
CASHTRTRGHTGELFF	FVDGVPFVV
CASSVARRGTSAPGELFF	FVDGVPFVV
CASSVEGSYTLHF	FVDGVPFVV
CASSSSGRYDTGELFF	FVDGVPFVV
CASHKTDASSYEQYF	FVDGVPFVV
CASSLEGRVYEQYF	FVDGVPFVV
CASSMLADNEQFF	FVDGVPFVV
CASSPRVTSYEQYF	FVDGVPFVV
CASSQDSGRGETQYF	FVDGVPFVV
CASSEIAGGGYGYTF	FVDGVPFVV
CASSYVGAEAFF	FVDGVPFVV
CSVEWGMREQYF	FVDGVPFVV
CASSPPVSEYSYEQYF	FVDGVPFVV
CASSDQVASSPEGSSSNEQFF	FVDGVPFVV
CASSVGTGGETQYF	FVDGVPFVV
CASSLWAGRSYNEQFF	FVDGVPFVV
CASSLSIPRGRATGELFF	FVDGVPFVV
CASGPGLAIGELFF	FVDGVPFVV
CASSLGTSRETQYF	FVDGVPFVV
CASRGPEAFF	FVDGVPFVV
CASSPLTSRDRDTQYF	FVDGVPFVV
CATSREPRQGTNEKLFF	FVDGVPFVV
CASSPGGAATEAFF	FVDGVPFVV
CASSLSGAPPSYEQYF	FVDGVPFVV
CSALGLDYTDTQYF	FVDGVPFVV
CATSDGVLKRAFF	FVDGVPFVV
CASSGGRTENTGELFF	FVDGVPFVV
CASSSPGSGEQETQYF	FVDGVPFVV
CASSLGQVYNEQFF	FVDGVPFVV
CASSPAAGEAYNEQFF	FVDGVPFVV
CASSFITEAFF	FVDGVPFVV
CASSPPRETQYF	FVDGVPFVV
CSAYGWGGLHYEQYF	FVDGVPFVV
CASSQDRDRIYEQYF	FVDGVPFVV
CASSQEGGIGTSRDTQYF	FVDGVPFVV
CASSFGTGMETQYF	FVDGVPFVV
CSATGTNYNEQFF	FVDGVPFVV
CASGRVGVEQFF	FVDGVPFVV
CASSDNPLGPPGLANEQFF	FVDGVPFVV
CASSLPRVSRTGTGDSYEQYF	FVDGVPFVV
CASSAASGGLQETQYF	FVDGVPFVV
CASSLSRTDGYTF	FVDGVPFVV
CASSVGIAGGYEQYF	FVDGVPFVV
CAISESIGGGASTGELFF	FVDGVPFVV
CASSSGVTYYEQYF	FVDGVPFVV
CASALRLYNSPLHF	FVDGVPFVV
CASSNSPDTQYF	FVDGVPFVV
CASSLLGLQGLQYF	FVDGVPFVV
CASSLRLGEGELFF	FVDGVPFVV
CSARTPQGRWGFNEQFF	FVDGVPFVV
CASSPFDRVKGYTF	FVDGVPFVV
CASSPGGSGGPRDTQYF	FVDGVPFVV
CASSGDRGSWEQYF	FVDGVPFVV
CASSLRQGWYNEQFF	FVDGVPFVV
CASSPYDRVPTSTDTQYF	FVDGVPFVV
CASSVSVSTGQGSYGYTF	FVDGVPFVV
CASSFGSSYEQYF	FVDGVPFVV
CASSYSGRQETQYF	FVDGVPFVV
CASSHFSGVETQYF	FVDGVPFVV
CASSLGGTPFSEQYF	FVDGVPFVV
CASSKQGRTEAFF	FVDGVPFVV
CSGRGGSYNEQFF	FVDGVPFVV
CASSQDPAGANYGYTF	FVDGVPFVV
CASQDGTVSYNEQFF	FVDGVPFVV
CASSLDRGQETQYF	FVDGVPFVV
CAISDSGPRFGTQYF	FVDGVPFVV
CASSQAAREDNEQFF	FVDGVPFVV
CASSEGDSEAFF	FVDGVPFVV
CATSDFNTEAFF	FVDGVPFVV
CASSQLPDGRPGNTIYF	FVDGVPFVV
CASSLAGRQGYNEQFF	FVDGVPFVV
CASSPWDRVNEQFF	FVDGVPFVV
CASTRSGRIYNEQFF	FVDGVPFVV
CASSARLGGPSGANVLTF	FVDGVPFVV
CASSLPGTYNEQFF	FVDGVPFVV
CASSSYRENTVWGTDTQYF	FVDGVPFVV
CASSNRDRVSEQYF	FVDGVPFVV
CASSGHPGQGALNTEAFF	FVDGVPFVV
CASSYGTVAEAFF	FVDGVPFVV
CASSQAARNTEAFF	FVDGVPFVV
CASTRTGTGARETQYF	FVDGVPFVV
CASSPGGVFTEAFF	FVDGVPFVV
CASSLTTVAYEQYF	FVDGVPFVV
CASSVAGQPQETQYF	FVDGVPFVV
CASSLRSGEHNEQFF	FVDGVPFVV
CASSSQDRSSYEQYF	FVDGVPFVV
CASSQITGGTEAFF	FVDGVPFVV
CASSRGRGNEQFF	FVDGVPFVV
CASRSREYNEQFF	FVDGVPFVV
CASSLVLEGLWVGNEQFF	FVDGVPFVV
CASSPTINYEQYF	FVDGVPFVV
CASSPTRRDEAFF	FVDGVPFVV
CASSPPNTPRGLFF	FVDGVPFVV
CASSQELANDEQFF	FVDGVPFVV
CARGGGASYEQYF	FVDGVPFVV
CASSLSTGNTEAFF	FVDGVPFVV
CASSFPQRGDTQYF	FVDGVPFVV
CASSVGDFPSTDTQYF	FVDGVPFVV
CSARDPRDERRPYEQYF	FVDGVPFVV
CASSLGDRGTPLHF	FVDGVPFVV
CATSDPKTGNTEAFF	FVDGVPFVV
CASSQEEAALHTF	FVDGVPFVV
CSATGLVYHEQYF	FVDGVPFVV
CASTLIGHEQYF	FVDGVPFVV
CASSIAGGRDTQYF	FVDGVPFVV
CSAPDGPGANVLTF	FVDGVPFVV
CASSPLAGGPSGELFF	FVDGVPFVV
CASSPLAGSSYNEQFF	FVDGVPFVV
CASSLFRETQYF	FVDGVPFVV
CASSPRDRVNEQFF	FVDGVPFVV
CASSVADSYNSPLHF	FVDGVPFVV
CASSPNGGRASYNEQFF	FVDGVPFVV
CASSYDPPRWRSTEAFF	FVDGVPFVV
CASSKGLNSPLHF	FVDGVPFVV
CASSLGPPEPSTDTQYF	FVDGVPFVV
CASSQRASDNSPLHF	FVDGVPFVV
CASSLGGYEAGELFF	FVDGVPFVV
CASSLVGTDYEQYV	FVDGVPFVV
CATSDPKTGNTEAFF	FVDGVPFVV
CAISVLGQGEQETQYF	FVDGVPFVV
CASGGYTGELFF	FVDGVPFVV
CASKLDLERNQPQHF	FVDGVPFVV
CATSDFSGQETQYF	FVDGVPFVV
CASSPRDRVYEQYF	FVDGVPFVV
CATPGPTAYEQYF	FVDGVPFVV
CASSPGGLPNEKLFF	FVDGVPFVV
CASSLGQGAETGELFF	FVDGVPFVV
CASSYSFVETQYF	FVDGVPFVV
CASSMLAGSHNEQFF	FVDGVPFVV
CASHGGRASDTQYF	FVDGVPFVV
CASSQEGAESYEQYF	FVDGVPFVV
CASTPPAGSSYNEQFF	FVDGVPFVV
CASSVDMNTEAFF	FVDGVPFVV
CASSPRGSTEAFF	FVDGVPFVV
CASSYSFGELFF	FVDGVPFVV
CASLTPDSPYEQYF	FVDGVPFVV
CASTLWARSDGYTF	FVDGVPFVV
CASRSLGAINYGYTF	FVDGVPFVV
CASSLGPGTFFVEQFF	FVDGVPFVV
CASSVADTEAFF	FVDGVPFVV
CSAEETQYF	FVDGVPFVV
CASSYVSHGTQYF	FVDGVPFVV
CASSHRDRNTEAFF	FVDGVPFVV
CASSQGTRSEQYF	FVDGVPFVV
CASSPRDRWETQYF	FVDGVPFVV
CASRYSGTEFEPQHF	FVDGVPFVV
CASSPRDRIYEQYF	FVDGVPFVV
CASSSYESSYEQYF	FVDGVPFVV
CASSSGGFGYGYTF	FVDGVPFVV
CASSLAPQDTQYF	FVDGVPFVV
CASSPESGRVYNEQFF	FVDGVPFVV
CASSVGGGRWSEQFF	FVDGVPFVV
CASSSGTPGSNQPQHF	FVDGVPFVV
CASSPGQGAQETQYF	FVDGVPFVV
CASSQELAGAGGSYNEQFF	FVDGVPFVV
CASSPWDSLSYEQYF	FVDGVPFVV
CASSLPGSGELFF	FVDGVPFVV
CASDGSGTGELFF	FVDGVPFVV
CASSATGARWSEQFF	FVDGVPFVV
CASSGGAGGPQETQYF	FVDGVPFVV
CASSLGGSSYNEQFF	FVDGVPFVV
CATSREVNTEAFF	FVDGVPFVV
CAISEYGRVEQFF	FVDGVPFVV
CASIPTVGPITEAFF	FVDGVPFVV
CASSPGDISYNSPLHF	FVDGVPFVV
CASGLAGGEQFF	FVDGVPFVV
CAINREPLN	FVDGVPFVV
CASSSTGGRNTEAFF	FVDGVPFVV
CASSQGLSGATNEKLFF	FVDGVPFVV
CASSTIQPPGDEQFF	FVDGVPFVV
CASSPPPGTSLETQYF	FVDGVPFVV
CASSLLLLGGAVWETQYF	FVDGVPFVV
CASSLSGAGYGYTF	FVDGVPFVV
CASNSIVENNEQFF	FVDGVPFVV
CASSLAGLGQFF	FVDGVPFVV
CSAHETQYF	FVDGVPFVV
CASTPGRAIDGYTF	FVDGVPFVV
CASRSYLGELFF	FVDGVPFVV
CASSLGPPWDEQFF	FVDGVPFVV
CASSPEDGGSPLHF	FVDGVPFVV
CASSQDGYSPLHF	FVDGVPFVV
CASSPLSGAGANVLTF	FVDGVPFVV
CASLLAGAPSYEQYF	FVDGVPFVV
CASRQGLAGNTGELFF	FVDGVPFVV
CASSQDFGSDTQYF	FVDGVPFVV
CASSIAGRVVYGYTF	FVDGVPFVV
CASSITARIVNEQFF	FVDGVPFVV
CASSVADNEQFF	FVDGVPFVV
CATSEGNNEQFF	FVDGVPFVV
CASSYSENTEAFF	FVDGVPFVV
CASSLKVGVFEAFF	FVDGVPFVV
CASSDRYTEAFF	FVDGVPFVV
CASSRIRDRGSEEQYF	FVDGVPFVV
CASRTGLHTDTQYF	FVDGVPFVV
CASSSYTGELFF	FVDGVPFVV
CASSAGGVQPQHF	FVDGVPFVV
CASSSYLFAPYEQYF	FVDGVPFVV
CATSRQSGGTEAFF	FVDGVPFVV
CASSLPGTYNEQFF	FVDGVPFVV
CASSVADMNTEAFF	FVDGVPFVV
CATSVGRGRGYTF	FVDGVPFVV
CASSSPGTGVPEQYF	FVDGVPFVV
CASSQAQRDTDTQYF	FVDGVPFVV
CASSQREGDEQFF	FVDGVPFVV
CATADNSNQPQHF	FVDGVPFVV
CSVDREGAREQYF	FVDGVPFVV
CASSPIWGDANYGYTF	FVDGVPFVV
CASSQPYDRAYGYTF	FVDGVPFVV
CASSYSAGRYNQPQHF	FVDGVPFVV
CASSTYNEQFF	FVDGVPFVV
CASSNSGGASYEQYF	FVDGVPFVV
CASSLWGSNQPQHF	FVDGVPFVV
CASTQFPRGDEQYF	FVDGVPFVV
CASSLGTGIYGYTF	FVDGVPFVV
CASSRADRQNTEAFF	FVDGVPFVV
CASSLGRGQPQHF	FVDGVPFVV
CASSDPPQTTEAFF	FVDGVPFVV
CASSLDSGRAGLMDEQFF	FVDGVPFVV
CASSQADRGYNEQFF	FVDGVPFVV
CASSQELAEETQYF	FVDGVPFVV
CASSMRAGNEQFF	FVDGVPFVV
CASSTRSTPSGANVLTF	FVDGVPFVV
CASSPRDRVYEQYF	FVDGVPFVV
CASSQELGQAYEQYF	FVDGVPFVV
CASSAGTIGEQYF	FVDGVPFVV
CASSWISGSGNEQFF	FVDGVPFVV
CASSPERVYNSPLHF	FVDGVPFVV
CASSSRDFSYNEQFF	FVDGVPFVV
CASSSTGGRGDTEAFF	FVDGVPFVV
CASSVGGLSNQPQHF	FVDGVPFVV
CASSADRGQETQYF	FVDGVPFVV
CASSVAGTGELFF	FVDGVPFVV
CASSVGDNEQFF	FVDGVPFVV
CASSLAHPRFVIAASGNTIYF	FVDGVPFVV
CASSHLQGDNSPLHF	FVDGVPFVV
CASSYTNFDQPQHRQHF	FVDGVPFVV
CASSPFSGASYEQYF	FVDGVPFVV
CASSGTEIYGYTF	FVDGVPFVV
CASSPSPGTGLFF	FVDGVPFVV
CAAGPGGYEQYF	FVDGVPFVV
CSASRDWGRMGLYEQYF	FVDGVPFVV
CASSVVGTRWGEQFF	FVDGVPFVV
CASSSRTVAKNIQYF	FVDGVPFVV
CATSLSRMTGHQETQYF	FVDGVPFVV
CASSPAGREGVNEQFF	FVDGVPFVV
CASSVGGTVQTQYF	FVDGVPFVV
CASSLAYRGQDTQYF	FVDGVPFVV
CASSSGRQQFF	FVDGVPFVV
CASSALGNEQFF	FVDGVPFVV
CSVVRQGHEQYF	FVDGVPFVV
CSARAGHGNTGELFF	FVDGVPFVV
CATSREGPGRDEQFF	FVDGVPFVV
CASSEYDNEQFF	FVDGVPFVV
CASSSGLAGDISEQYF	FVDGVPFVV
CATTGPADSYEQYF	FVDGVPFVV
CASSPIDRGVSGYTF	FVDGVPFVV
CASSFARRYEQYF	FVDGVPFVV
CASSQRDRVSEQYF	FVDGVPFVV
CASSQDSRLSAKNIQYF	FVDGVPFVV
CASSFVETQYF	FVDGVPFVV
CAWSTRDFFPNTGELFF	FVDGVPFVV
CSASLGGRDNEQFF	FVDGVPFVV
CASSVSPGDSDYEQYF	FVDGVPFVV
CASSPKFRLASYEQYF	FVDGVPFVV
CASSELGTGQPQHF	FVDGVPFVV
CASSPRMGSGELFF	FVDGVPFVV
CASSQEGRVGVGSGNTIYF	FVDGVPFVV
CAGGTSGYEQYF	FVDGVPFVV
CASSITRVTEAFF	FVDGVPFVV
CASSTGSAEAFF	FVDGVPFVV
CASSTDYTLYEQYF	FVDGVPFVV
CASSLSGTGAYEQYF	FVDGVPFVV
CASSQADNEQFF	FVDGVPFVV
CATSLGLAGSSTDTQYF	FVDGVPFVV
CASTAAGGRNEQFF	FVDGVPFVV
CASKSENRPQHF	FVDGVPFVV
CASSEADSTWSELFF	FVDGVPFVV
CSARVFEGAQADTQYF	FVDGVPFVV
CASSLEGGRGGYNEQFF	FVDGVPFVV
CASSQDDPTGGGIYEQYF	FVDGVPFVV
CATSRELRSMNTEAFF	FVDGVPFVV
CASSQDQAGGLYNEQFF	FVDGVPFVV
CASSQEQANYGYTF	FVDGVPFVV
CASSSITGNYGYTF	FVDGVPFVV
CASSEFGAGYEQYF	FVDGVPFVV
CASSVVSVGNEQFF	FVDGVPFVV
CASSYSSAPPVRPGAKNEQFF	FVDGVPFVV
CASSMGLAGREQFF	FVDGVPFVV
CASSRRDRVEEQYF	FVDGVPFVV
CASSPLEGTEAFF	FVDGVPFVV
CASSVGDTEAFF	FVDGVPFVV
CASSVGTGTYEQYF	FVDGVPFVV
CATVQRGSSYNEQFF	FVDGVPFVV
CASRGENTGELFF	FVDGVPFVV
CASSSSYSGRRHEQFF	FVDGVPFVV
CTGGNSDIDTQYF	FVDGVPFVV
CASKPNTGQGDYGYTF	FVDGVPFVV
CATSPQLAESYEQYF	FVDGVPFVV
CASSQDFDNTGELFF	FVDGVPFVV
CASSEFGVGYGYTF	FVDGVPFVV
CASSSLPPNEQFF	FVDGVPFVV
CASSQDNGARTDTQYF	FVDGVPFVV
CASRPSEGGSLHF	FVDGVPFVV
CASSVADMDNIQYF	FVDGVPFVV
CASSLTPRLSSRDTQYF	FVDGVPFVV
CATSREVNTEAFF	FVDGVPFVV
CASSQGTGHTDTQYF	FVDGVPFVV
CASSNRDRVVEQYF	FVDGVPFVV
CASESSTINYGYTF	FVDGVPFVV
CASSQEGRGRYEQYF	FVDGVPFVV
CASRSSGGRSTSTDTQYF	FVDGVPFVV
CASSRADGRFGTDTQYF	FVDGVPFVV
CASSVDGGAGTQYF	FVDGVPFVV
CASSLLNRANEQFF	FVDGVPFVV
CASMSARSYEQYF	FVDGVPFVV
CASSLAENEQYF	FVDGVPFVV
CASSYPVTSGSPYEQYF	FVDGVPFVV
CASSQEKANLRQFF	FVDGVPFVV
CASSPGGTDTQYF	FVDGVPFVV
CASSWGGRGTEAFF	FVDGVPFVV
CASSSAGGYGYTF	FVDGVPFVV
CASSLVGREGLNEQFF	FVDGVPFVV
CASSQLPGQGIYEQYF	FVDGVPFVV
CASNRPSGGNEQFF	FVDGVPFVV
CSAGREVWNEQFF	FVDGVPFVV
CASSSPGAGNTIYF	FVDGVPFVV
CASSYPGQGINEQFF	FVDGVPFVV
CASTSESSYEQYF	FVDGVPFVV
CASSQTGGLYQPQHF	FVDGVPFVV
CASSSGLADGELFF	FVDGVPFVV
CASSPNNRLQNEQFF	FVDGVPFVV
CASSELGLAGNTDTQYF	FVDGVPFVV
CASSYGRGGDTQYF	FVDGVPFVV
CASSYPASGYNEQFF	FVDGVPFVV
CAISESRTDTQYF	FVDGVPFVV
CSAYAGTGELFF	FVDGVPFVV
CASSPRDRVNEQYF	FVDGVPFVV
CASSLQGANTGELFF	FVDGVPFVV
CASSVVGPYNEQFF	FVDGVPFVV
CSASPTSGRASYNEQFF	FVDGVPFVV
CSARATSGGSANTGELFF	FVDGVPFVV
CASSYSAARFSNQPQHF	FVDGVPFVV
CASSSNTDTQYF	FVDGVPFVV
CASSIRSAYEQYF	FVDGVPFVV
CASSPHRQEQYF	FVDGVPFVV
CASSLKRDEQFF	FVDGVPFVV
CASSYSGREQYF	FVDGVPFVV
CASSLGGPHAGELFF	FVDGVPFVV
CSVEAGLSSYNEQFF	FVDGVPFVV
CASSFWDRDRSSYNEQFF	FVDGVPFVV
CASSQILADPFNEQFF	FVDGVPFVV
CASSFYRSEQFF	FVDGVPFVV
CSAREEAGAYNEQFF	FVDGVPFVV
CASSLRGDRRWQYF	FVDGVPFVV
CASNSDSSYEQYF	FVDGVPFVV
CASSPRDRVHEQFF	FVDGVPFVV
CASSYSAGVRSPLHF	FVDGVPFVV
CASSMMGGTDTQYF	FVDGVPFVV
CASSETRETQYF	FVDGVPFVV
CASSYVQSYEQYF	FVDGVPFVV
CATGHGLSYEQYF	FVDGVPFVV
CASSAGTDNQPQHF	FVDGVPFVV
CASSSMGPTYEQYF	FVDGVPFVV
CASTETEMPQHF	FVDGVPFVV
CASSEMGQGSYGYTF	FVDGVPFVV
CASSPVRTRWLRDNEQFF	FVDGVPFVV
CASRRTGRNYNEQFF	FVDGVPFVV
CAISETPTGANTEAFF	FVDGVPFVV
CASSSGLALDTQYF	FVDGVPFVV
CASSPSGTRSYNEQFF	FVDGVPFVV
CASSYSRGEQFF	FVDGVPFVV
CASSPNPRNIQYF	FVDGVPFVV
CASRLPGLQGNEQFF	FVDGVPFVV
CASSQDPSGAGIGQETQYF	FVDGVPFVV
CASSLRAGVRESNEQYF	FVDGVPFVV
CASSQVNGQAYEQYF	FVDGVPFVV
CASSLGLAVNTGELFF	FVDGVPFVV
CASSLGRGGLETQYF	FVDGVPFVV
CASSQLITEAFF	FVDGVPFVV
CASTETRRGYNEQFF	FVDGVPFVV
CASTRNSRGYSPLHF	FVDGVPFVV
CSARGENYGYTF	FVDGVPFVV
CASSPGGGLFDEQYF	FVDGVPFVV
CATSHPRQGHYGYTF	FVDGVPFVV
CASSLATDSLLQTQYF	FVDGVPFVV
CASSLRFGTVQETQYF	FVDGVPFVV
CASSYGAGKFF	FVDGVPFVV
CASSEDRQRNTEAFF	FVDGVPFVV
CASSLGRTITQGAGELFF	FVDGVPFVV
CSVELGQGLEQYF	FVDGVPFVV
CASSIGQGRNEQFF	FVDGVPFVV
CASSQDAASGRYTQYF	FVDGVPFVV
CASSVADYEQFF	FVDGVPFVV
CASSYSTGDGQGIYEQYF	FVDGVPFVV
CASIASGSSYNEQFF	FVDGVPFVV
CASSQWRESNTGELFF	FVDGVPFVV
CATPGPVDTGELFF	FVDGVPFVV
CASSRLAGGLNEQFF	FVDGVPFVV
CSARPGVGNEQFF	FVDGVPFVV
CASSLDVGQTDIQYF	FVDGVPFVV
CASSVVVGGPTDTQYF	FVDGVPFVV
CASSSGGKRGISPSYEQYF	FVDGVPFVV
CASSLITGGGGEQYF	FVDGVPFVV
CASSESSTRFVTEAFF	FVDGVPFVV
CASSQDGGKGLEQYF	FVDGVPFVV
CASSGTGISYNEQFF	FVDGVPFVV
CASSLAGAALAFF	FVDGVPFVV
CASSRGLILSPLHF	FVDGVPFVV
CASSEYGTYTEAFF	FVDGVPFVV
CASSYNRETEAFF	FVDGVPFVV
CASSGSVPYEQYF	FVDGVPFVV
CASSFSGRARGEQFF	FVDGVPFVV
CASSPDGPSLGGTDTQYF	FVDGVPFVV
CASSLVDSSAYEQYF	FVDGVPFVV
CASSVGASYEQYF	FVDGVPFVV
CASSSGLSGELFF	FVDGVPFVV
CASSFRGAPKAFF	FVDGVPFVV
CASSQVGIQETQYF	FVDGVPFVV
CASSLEGAVGELFF	FVDGVPFVV
CASSATTGGREQFF	FVDGVPFVV
CASSLRAGVSYNEQFF	FVDGVPFVV
CASSPGGGTSGSSSGSWELFF	FVDGVPFVV
CASSVNLAGEQFF	FVDGVPFVV
CASSPPAGDSYNEQFF	FVDGVPFVV
CASSQSSSGDRDEQFF	FVDGVPFVV
CASSYSGTGAPEQYF	FVDGVPFVV
CASSHPGRGGFEKLFF	FVDGVPFVV
CASSPYNRAREQFF	FVDGVPFVV
CASSIYLGHGTANTGELFF	FVDGVPFVV
CASSLGWLGEKLFF	FVDGVPFVV
CATRRVNQGNIQYF	FVDGVPFVV
CSASTLADHEQYF	FVDGVPFVV
CASPRGGVAIGNTEAFF	FVDGVPFVV
CASSLSRASGNTIYF	FVDGVPFVV
CASGSGGETQYF	FVDGVPFVV
CASTETEMPQHF	FVDGVPFVV
CASSLPIGRSYNEQFF	FVDGVPFVV
CASSPRDRVHEQFF	FVDGVPFVV
CASSQTDRGDQPQHF	FVDGVPFVV
CASSLYNRVDTQYF	FVDGVPFVV
CASSFGTVTYEQYF	FVDGVPFVV
CSVDWQGAREQYF	FVDGVPFVV
CASSSLAGGPTHYNEQFF	FVDGVPFVV
CASSQEGGPRGHYGYTF	FVDGVPFVV
CASSQDRPSPLHF	FVDGVPFVV
CASSQEASGRASFYNEQFF	FVDGVPFVV
CASSQMVAGAGQFF	FVDGVPFVV
CATESRGGVDEQFF	FVDGVPFVV
CASSPTSRVNYEQYF	FVDGVPFVV
CAISESKGALDEKLFF	FVDGVPFVV
CASTIWDRGGNEQFF	FVDGVPFVV
CASSYSVRATEAFF	FVDGVPFVV
CASSSPGQGVHEQFF	FVDGVPFVV
CASSQDHFPNTGELFF	FVDGVPFVV
CASTLWDRNQPQHF	FVDGVPFVV
CATSRDMRGPQHF	FVDGVPFVV
CASSPTSGGPNTGELFF	FVDGVPFVV
CASKREASEQYF	FVDGVPFVV
CASSSRKWGGRIYGYTF	FVDGVPFVV
CASSIGRLVPQETQYF	FVDGVPFVV
CASSPLRGYEQYF	FVDGVPFVV
CASSILAGPSTDTQYF	FVDGVPFVV
CASSELGALYKEFF	FVDGVPFVV
CASSVVGRGTGELFF	FVDGVPFVV
CASSQDLGVSPLHF	FVDGVPFVV
CASRRTGWDEQYF	FVDGVPFVV
CASSEPLAGGPGTGELFF	FVDGVPFVV
CASSQGHPQETQYF	FVDGVPFVV
CASSLDGSRWNYGYTF	FVDGVPFVV
CASSNSGRATDTQYF	FVDGVPFVV
CASSLDIPDRALEGPLNEKLFF	FVDGVPFVV
CASSPGLAGVYNEQFF	FVDGVPFVV
CASSPQGSYGYTF	FVDGVPFVV
CASSEELARTYEQYF	FVDGVPFVV
CASSLETGQETQYF	FVDGVPFVV
CASSVGQRGPYEQYF	FVDGVPFVV
CASSYGPDGYTF	FVDGVPFVV
CASSKLVGRGSYNEQFF	FVDGVPFVV
CASSYRIVTGGAYKGQFF	FVDGVPFVV
CASSILAGAKATQYF	FVDGVPFVV
CASSLAAQETQYF	FVDGVPFVV
CASSEAGGWPPLHF	FVDGVPFVV
CASSYSVPSRGETQYF	FVDGVPFVV
CASSRGRGNTIYF	FVDGVPFVV
CASSLVGRKFF	FVDGVPFVV
CASSPPEGRENIQYF	FVDGVPFVV
CASSLLGGLEGDIQYF	FVDGVPFVV
CASSLDGRNEQFF	FVDGVPFVV
CASSSSTAPLEQYF	FVDGVPFVV
CASSLGRSGPPNEKLFF	FVDGVPFVV
CASSLSLNTEAFF	FVDGVPFVV
CSVEEVEETQYF	FVDGVPFVV
CAWSLPDRGSYEQYF	FVDGVPFVV
CASSFGPDQYF	FVDGVPFVV
CASSWGGPSYNEQFF	FVDGVPFVV
CASSETSEQFF	FVDGVPFVV
CASTLPGAEQYF	FVDGVPFVV
CASSLGPNGYEQYF	FVDGVPFVV
CASSKDYSSYEQYF	FVDGVPFVV
CASSQAGTGRVTEAFF	FVDGVPFVV
CSANPTYYANTGELFF	FVDGVPFVV
CASSLGGTEAFF	FVDGVPFVV
CASLAGRPYEQYF	FVDGVPFVV
CASSQETANYGYTF	FVDGVPFVV
CASSLGRDRGTNTEAFF	FVDGVPFVV
CASRAISGRTDTQYF	FVDGVPFVV
CASSGGLAETTDTQYF	FVDGVPFVV
CASSFTARIAGVADTQYF	FVDGVPFVV
CASSRGLAGGEETQYF	FVDGVPFVV
CASSLFGRGLYEQYF	FVDGVPFVV
CASSQDQTGPRDTQYF	FVDGVPFVV
CASSEGTAYNEQFF	FVDGVPFVV
CASSLDPGTYNEQFF	FVDGVPFVV
CASSPRDRNNEQFF	FVDGVPFVV
CASSQGTTSGRQETQYF	FVDGVPFVV
CATSDFGTGGVQYF	FVDGVPFVV
CASSLYEQYF	FVDGVPFVV
CASSSGTDKNYGYTF	FVDGVPFVV
CASSDGGPTDTQYF	FVDGVPFVV
CASGGQGRTEAFF	FVDGVPFVV
CASSLALAGGSRQETQYF	FVDGVPFVV
CASTLNRGHEQFF	FVDGVPFVV
CASTSAGDGNIQYF	FVDGVPFVV
CASSTLGGSSYNEQFF	FVDGVPFVV
CASSPSGSLGGNEQFF	FVDGVPFVV
CATGELNTEAFF	FVDGVPFVV
CASSRGSGAGEQYF	FVDGVPFVV
CASSIPDRGGGYTF	FVDGVPFVV
CASSFPREGGTDTQYF	FVDGVPFVV
CASSLPEESGANVLTF	FVDGVPFVV
CASSPGGAGAGTGELFF	FVDGVPFVV
CATSRESEGRNQPQHF	FVDGVPFVV
CATSRDQLGTQYF	FVDGVPFVV
CASSFTHYEQYF	FVDGVPFVV
CASSFPASGYTF	FVDGVPFVV
CASSRTGRGGSSYNEQFF	FVDGVPFVV
CASTNNGRVQETQYF	FVDGVPFVV
CASSSGLGYTEAFF	FVDGVPFVV
CASSTPGLRVDTQYF	FVDGVPFVV
CATSDGGNPEQFF	FVDGVPFVV
CASSKETQYF	FVDGVPFVV
CASSPTGAASEAFF	FVDGVPFVV
CASSQDPPTDRAYTDTQYF	FVDGVPFVV
CASSLLPQGANEAFF	FVDGVPFVV
CASSYSSGAAREQYF	FVDGVPFVV
CASSSPSGRDTGELFF	FVDGVPFVV
CASSPSGSSYEQYF	FVDGVPFVV
CASSLGNEQFF	FVDGVPFVV
CASSFSGSGYGYTF	FVDGVPFVV
CASSGGTGGPGANVLTF	FVDGVPFVV
CASSSRVLSGRSSTDTQYF	FVDGVPFVV
CSASYVLGQRTDTQYF	FVDGVPFVV
CSARGGSGNTGELFF	FVDGVPFVV
CSATGLAFAEQFF	FVDGVPFVV
CASSQDDASSYNEQFF	FVDGVPFVV
CASSLGIGETQYF	FVDGVPFVV
CASSLVSAGANQPQHF	FVDGVPFVV
CASNGGQGTDTQYF	FVDGVPFVV
CASSPRGTGAGYTF	FVDGVPFVV
CASSQEVNRESEQYF	FVDGVPFVV
CASSQEERNEAFF	FVDGVPFVV
CASSRRVPMKETQYF	FVDGVPFVV
CAWSVQGSPLHF	FVDGVPFVV
CASSSTASYEQYF	FVDGVPFVV
CASSPGQAYEQYF	FVDGVPFVV
CASSLRGGDTGELFF	FVDGVPFVV
CASALIDSSYEQYF	FVDGVPFVV
CASSLKETDSYEQYF	FVDGVPFVV
CASSSLRGADTEAFF	FVDGVPFVV
CASSYSGEARSETQYF	FVDGVPFVV
CASSVDPGLAASYEQYF	FVDGVPFVV
CASSHGRAEAFF	FVDGVPFVV
CASSEGGSYEQYF	FVDGVPFVV
CASSLARNEQFF	FVDGVPFVV
CASRPVQNTEAFF	FVDGVPFVV
CASSQDLVRVNTEAFF	FVDGVPFVV
CASSSRDRWGNEQFF	FVDGVPFVV
CASSSNWGANVLTF	FVDGVPFVV
CASTPGLAGPYNEQFF	FVDGVPFVV
CASSPSGSEVYNEQFF	FVDGVPFVV
CASSSILEAPPTHNEQFF	FVDGVPFVV
CASSLEREDYEQYF	FVDGVPFVV
CASSQGGANEKLFF	FVDGVPFVV
CASSVSGTVEETQYF	FVDGVPFVV
CASSVGVGGNTIYF	FVDGVPFVV
CASSEFRMGPLSRETQYF	FVDGVPFVV
CAWTPIAGVDNEQFF	FVDGVPFVV
CASSPWTGRTEAFF	FVDGVPFVV
CASSNTGTHGGGYTF	FVDGVPFVV
CASSFVPSSTGELFF	FVDGVPFVV
CASSLAPAGSYNEQFF	FVDGVPFVV
CASRPAGAYEQYF	FVDGVPFVV
CASSLTGRVNQPQHF	FVDGVPFVV
CASSQDRFGSLAYEQYF	FVDGVPFVV
CASSVVGGYEQYF	FVDGVPFVV
CASSLSLNTEAFF	FVDGVPFVV
CASSFSQGGNTIYF	FVDGVPFVV
CASQIDSSTFYEQYF	FVDGVPFVV
CASSPEATYEQYF	FVDGVPFVV
CASSGDTMNTGELFF	FVDGVPFVV
CASSYSSVPYEQYF	FVDGVPFVV
CASSLFHGAGTASGTGELFF	FVDGVPFVV
CASSPGRGEAFF	FVDGVPFVV
CATSRSATEDQPQHF	FVDGVPFVV
CASSPWGGKNTGELFF	FVDGVPFVV
CASSLAFGPGRVNEQFF	FVDGVPFVV
CASSLGRLTSTDTQYF	FVDGVPFVV
CASSPKDRVNEQFF	FVDGVPFVV
CASSAAWPGRNQPQHF	FVDGVPFVV
CASSLEEYTEAFF	FVDGVPFVV
CASSSGGQPQHF	FVDGVPFVV
CASSPGAGELFF	FVDGVPFVV
CASSSAGSPYEQYF	FVDGVPFVV
CATRGQDTGELFF	FVDGVPFVV
CASSLWGQGSGEQFF	FVDGVPFVV
CASSLGSPLHF	FVDGVPFVV
CSAKGLAGVFYEQYF	FVDGVPFVV
CASSMDRWTEAFF	FVDGVPFVV
CASSRTSGRALNNEQFF	FVDGVPFVV
CASSLMTVEGDTEAFF	FVDGVPFVV
CASSGHSGGASDEQFF	FVDGVPFVV
CSVEGSREQYF	FVDGVPFVV
CASSSLDRGQLGYTF	FVDGVPFVV
CASSSPGAGSYEQYF	FVDGVPFVV
CADAPGLGGEQYF	FVDGVPFVV
CASSSAGGLHEQYF	FVDGVPFVV
CASNKLGRGTDTQYF	FVDGVPFVV
CASSGWLGWETQYF	FVDGVPFVV
CASSDEAARRGNEQFF	FVDGVPFVV
CASSVAGTGYSPLHF	FVDGVPFVV
CTSSLPSADTQYF	FVDGVPFVV
CASSFWRDYEQYF	FVDGVPFVV
CASFGDSSYEQYF	FVDGVPFVV
CASSPGARAAEAFF	FVDGVPFVV
CASSEARGEQFF	FVDGVPFVV
CASSQDGFLSTDTQYF	FVDGVPFVV
CASSTPGQGGYEQYF	FVDGVPFVV
CASSETPDRSGNQPQHF	FVDGVPFVV
CASSQGDSLNIQYF	FVDGVPFVV
CSARDLQAGGEQYF	FVDGVPFVV
CASSPRDRVNEQFF	FVDGVPFVV
CASSQVTGVSSIYEQYF	FVDGVPFVV
CASSATRFYEQYF	FVDGVPFVV
CSADSGALAKNIQYF	FVDGVPFVV
CASSPRDRDTEAFF	FVDGVPFVV
CASSVGYYEQYF	FVDGVPFVV
CSARTYEQYF	FVDGVPFVV
CASSYSLNTEAFF	FVDGVPFVV
CASTKGLAGGEQYF	FVDGVPFVV
CASTSLHKNTEAFF	FVDGVPFVV
CASSLVGQETQYF	FVDGVPFVV
CASSVADPGNTIYF	FVDGVPFVV
CASSLDHLTHYNEQFF	FVDGVPFVV
CATLDVYEQYF	FVDGVPFVV
CASSPRDRVHEQYF	FVDGVPFVV
CASSDGGLPDPNNSPLHF	FVDGVPFVV
CASSSPGTSGLTGELFF	FVDGVPFVV
CASSLAGPEAFF	FVDGVPFVV
CASSQWDRGETQYF	FVDGVPFVV
CASSTRQGRLNTEAFF	FVDGVPFVV
CASSPSGLPSYEQFF	FVDGVPFVV
CASSLGPSGSNQPQHF	FVDGVPFVV
CASSLGSDRDRSGNTIYF	FVDGVPFVV
CASSLGTSSSPLHF	FVDGVPFVV
CASSLGSTGGDGYTF	FVDGVPFVV
CASSIASGRDNEQFF	FVDGVPFVV
CASSFNSYNEQFF	FVDGVPFVV
CASSGYTSGRDNEQFF	FVDGVPFVV
CASSVVETAYNEQFF	FVDGVPFVV
CASSLAGVEQYF	FVDGVPFVV
CASSQELARVFEQYF	FVDGVPFVV
CASSVEQALNEQFF	FVDGVPFVV
CATSRGNNEQFF	FVDGVPFVV
CASSIRAEQYF	FVDGVPFVV
CASSRGFRTAQETQYF	FVDGVPFVV
CSALGTGTSTDTQYF	FVDGVPFVV
CASSQTMDTQYF	FVDGVPFVV
CASSQDRDRVTYGYTF	FVDGVPFVV
CASSELRTEAFF	FVDGVPFVV
CASSRTGGEQYF	FVDGVPFVV
CASRGLNEQFF	FVDGVPFVV
CASSTPRDRLFF	FVDGVPFVV
CASSGDRGAGYTF	FVDGVPFVV
CASSLLGAVDGYTF	FVDGVPFVV
CATSREIASGRTGELFF	FVDGVPFVV
CASSVSGTEAFF	FVDGVPFVV
CATSAVGALGELFF	FVDGVPFVV
CATRTADTGELFF	FVDGVPFVV
CASSLNRNEQYF	FVDGVPFVV
CASSPVDRHPRSYNEQFF	FVDGVPFVV
CASTRKGSVVDNQPQHF	FVDGVPFVV
CASSRLAGVREQYF	FVDGVPFVV
CASSLWEGLKYF	FVDGVPFVV
CASSLRVQETQYF	FVDGVPFVV
CASSKLAHGTDTQYF	FVDGVPFVV
CASSVVGSGELFF	FVDGVPFVV
CASSLEKREGRYNEQFF	FVDGVPFVV
CASSQVRTNYTF	FVDGVPFVV
CASSQDSDRAKYSGYTF	FVDGVPFVV
CASTWGDTIYF	FVDGVPFVV
CASSQDPDRGSYNEQFF	FVDGVPFVV
CASSVERGTGTGELFF	FVDGVPFVV
CASSYFPIERSTDTQYF	FVDGVPFVV
CASSYSHRGGTEAFF	FVDGVPFVV
CASSEWAARYNEQFF	FVDGVPFVV
CASSFVSQGNTEAFF	FVDGVPFVV
CASSPPLIEGQYF	FVDGVPFVV
CASSLSGTASLYSNQPQHF	FVDGVPFVV
CASNLDGENNEQFF	FVDGVPFVV
CSAHSGGRQETQYF	FVDGVPFVV
CAISAGGGNTEAFF	FVDGVPFVV
CASSPEVARVAQHF	FVDGVPFVV
CASSVVSSRYNEQFF	FVDGVPFVV
CASSYAPKGDSYTGELFF	FVDGVPFVV
CASSFLTGGNEQFF	FVDGVPFVV
CASSSGINQPQHF	FVDGVPFVV
CASSRGNTEAFF	FVDGVPFVV
CSVEDGSSYNEQFF	FVDGVPFVV
CASSPAASYEQFF	FVDGVPFVV
CASSEAPGGRSIEQFF	FVDGVPFVV
CASSQDLWTDNQPQHF	FVDGVPFVV
CASSYSGYEQYF	FVDGVPFVV
CASSPKGGREFYEQYF	FVDGVPFVV
CAWSIGQRAEKLFF	FVDGVPFVV
CASSPGTARTFSGANVLTF	FVDGVPFVV
CASSQDRWQGKGQPQHF	FVDGVPFVV
CAIKSSLLPEAFF	FVDGVPFVV
CASSGGQVSHEQFF	FVDGVPFVV
CASSRGADTQYF	FVDGVPFVV
CASSVVLGNTEAFF	FVDGVPFVV
CASSLSRGYGYTF	FVDGVPFVV
CASSETRQGTVEQYF	FVDGVPFVV
CASSEPDRDHYEQYF	FVDGVPFVV
CASSGGLGNQPQHF	FVDGVPFVV
CASSLNYGLNEKLFF	FVDGVPFVV
CASSARLAGGTYEQYF	FVDGVPFVV
CASSPQTRPGYNEQFF	FVDGVPFVV
CASSQGEWGSNQPQHF	FVDGVPFVV
CASSPLAGSSYNEQFF	FVDGVPFVV
CASSQEARVTDTQYF	FVDGVPFVV
CASSSSTGGTYNSPLHF	FVDGVPFVV
CASSPTPGSGANVLTF	FVDGVPFVV
CASSEAGARYNSPLHF	FVDGVPFVV
CASSGTNQGNEQFF	FVDGVPFVV
CSAETSGIYEQYF	FVDGVPFVV
CASSQSYGYTF	FVDGVPFVV
CASSLGGVRTDTQYF	FVDGVPFVV
CSVAGGFYGYTF	FVDGVPFVV
CASSYGVSEAFF	FVDGVPFVV
CASSLGGATTSSRGPYEQYF	FVDGVPFVV
CASSLGGATEAFF	FVDGVPFVV
CASSYTSGRSEQFF	FVDGVPFVV
CSGRGGSYNEQFF	FVDGVPFVV
CASSSGARGNEQFF	FVDGVPFVV
CASSLAGPGELFF	FVDGVPFVV
CASSFGANYNEQFF	FVDGVPFVV
CSARDLDKTYEQYF	FVDGVPFVV
CATEGTGDAYNEQFF	FVDGVPFVV
CASSEDLTKGLLNEQFF	FVDGVPFVV
CASSPLDYTNEQFF	FVDGVPFVV
CASSKNSNQPQHF	FVDGVPFVV
CASSLGGRLAGPYNTGELFF	FVDGVPFVV
CAISGDYTDTQYF	FVDGVPFVV
CASSWTGTGELFF	FVDGVPFVV
CASSYSIHSLLGTGGTGELFF	FVDGVPFVV
CASSYLGGSTDTQYF	FVDGVPFVV
CASSLGEAQPQHF	FVDGVPFVV
CASSVAFRDRAVYEQYF	FVDGVPFVV
CGAGGSSYNEQFF	FVDGVPFVV
CASSPWTSGGATDTQYF	FVDGVPFVV
CASSEPDRGLYEQYF	FVDGVPFVV
CASSLDADRSTDTQYF	FVDGVPFVV
CSARVDRGKREQYF	FVDGVPFVV
CAGTSVYNEQFF	FVDGVPFVV
CASSQELADTEAFF	FVDGVPFVV
CASSWIQGSGANVLTF	FVDGVPFVV
CSVLSGQAYEQYF	FVDGVPFVV
CSATEKLYEQYF	FVDGVPFVV
CASSTQGPQTSTDTQYF	FVDGVPFVV
CASSPTSRPGTGNGYTF	FVDGVPFVV
CASSLTGGLQFF	FVDGVPFVV
CASSFPVGTATHEQYF	FVDGVPFVV
CSARDLAGLNQPQHF	FVDGVPFVV
CASSYSSRNRDTQYF	FVDGVPFVV
CASSQGRLVPQETQYF	FVDGVPFVV
CASSVDLGGRGDTQYF	FVDGVPFVV
CASSLWDRFSSYEQYF	FVDGVPFVV
CASSEWETRSPLHF	FVDGVPFVV
CASSQEPGRDGYTF	FVDGVPFVV
CASSLDPPPYEQYF	FVDGVPFVV
CASSRRSGPGSGANVLTF	FVDGVPFVV
CASSNSYEQYF	FVDGVPFVV
CASSSSGRDNEQFF	FVDGVPFVV
CASSEGVSRVGYGYTF	FVDGVPFVV
CASNGLAGGPTQYF	FVDGVPFVV
CASSSLAGSSYNEQFF	FVDGVPFVV
CASSVADNEQFF	FVDGVPFVV
CASSPGPGEGERTEAFF	FVDGVPFVV
CASSLGGGTGNTIYF	FVDGVPFVV
CASSEGRNYEQYF	FVDGVPFVV
CASSLGLSYNEQFF	FVDGVPFVV
CASSAQGWGRNEQFF	FVDGVPFVV
CASSLWGATGELFF	FVDGVPFVV
CASSPGSSYNEQFF	FVDGVPFVV
CASSLEPANQPQHF	FVDGVPFVV
CASSPEDRDFSGYTF	FVDGVPFVV
CASSSLAGEQYF	FVDGVPFVV
CASSPLTGVEGWDEQFF	FVDGVPFVV
CASSLDRSERQGGGYTF	FVDGVPFVV
CASSVADTEAFF	FVDGVPFVV
CASSVVSSRYNEQFF	FVDGVPFVV
CASSLVWTSGDQETQYF	FVDGVPFVV
CASSYSIRTGLESYNEQFF	FVDGVPFVV
CASSATLAASSYNEQFF	FVDGVPFVV
CASSPRGRPDEKLFF	FVDGVPFVV
CASSLGNTGELFF	FVDGVPFVV
CSAHGSAENGYTF	FVDGVPFVV
CASRNIRQNTEAFF	FVDGVPFVV
CASSGPSGGAQETQYF	FVDGVPFVV
CASSRGDNNEQFF	FVDGVPFVV
CSARDRGLTGELFF	FVDGVPFVV
CASSGGSGGVQETQYF	FVDGVPFVV
CASSPPGLTSNNEQFF	FVDGVPFVV
CASSLALTVVTDTQYF	FVDGVPFVV
CASSQERAEGTQYF	FVDGVPFVV
CASSLGLGRETQYF	FVDGVPFVV
CASSPGASYEQYF	FVDGVPFVV
CASRGQENTGELFF	FVDGVPFVV
CAISGLAVSEGTGELFF	FVDGVPFVV
CATSGALGLAGVGTGELFF	FVDGVPFVV
CASSLLSGSNTGELFF	FVDGVPFVV
CASSFGARPYEQYF	FVDGVPFVV
CASSQDGPDRGYEQYF	FVDGVPFVV
CASSITGGSGDRELFF	FVDGVPFVV
CASSPRVSYEQYF	FVDGVPFVV
CASSAGTANYEQYF	FVDGVPFVV
CASSLGTTLYGYTF	FVDGVPFVV
CASGGGEQFF	FVDGVPFVV
CASSWGTSGAPDTQYF	FVDGVPFVV
CASSDGPGVEAFF	FVDGVPFVV
CASNEQGNTGELFF	FVDGVPFVV
CASSFELGPLYEQYF	FVDGVPFVV
CASSPATRITDTQYF	FVDGVPFVV
CASSYSGPGRAFF	FVDGVPFVV
CASSHRQGVLGELFF	FVDGVPFVV
CASKVYDGTGSSYEQYF	FVDGVPFVV
CASSRDPDRAINIQYF	FVDGVPFVV
CASSVGDRDSPLHF	FVDGVPFVV
CASSFGVGFNNEQFF	FVDGVPFVV
CATFMAGDASYNEQFF	FVDGVPFVV
CATSDFRGPNTGELFF	FVDGVPFVV
CASSLNLYLNQPQHF	FVDGVPFVV
CASSPMDRTTYGYTF	FVDGVPFVV
CASSVEGEDGELFF	FVDGVPFVV
CASSEEGYNEQFF	FVDGVPFVV
CASSATSGRAWEQFF	FVDGVPFVV
CASSVAGTRYNEQFF	FVDGVPFVV
CASSLVTGPSYEQYF	FVDGVPFVV
CASSQEPAGYEQYF	FVDGVPFVV
CASSSTGTASYEQYF	FVDGVPFVV
CASWDRVNTEAFF	FVDGVPFVV
CASSTANTGELFF	FVDGVPFVV
CASSLGARSATQYF	FVDGVPFVV
CASRPLTSGRSTDTQYF	FVDGVPFVV
CASSLISREQFF	FVDGVPFVV
CASSLKLSSGTYEQYF	FVDGVPFVV
CASSLLFGVTLNSPLHF	FVDGVPFVV
CASSLEQGHEQYF	FVDGVPFVV
CASSITDSSYNEQFF	FVDGVPFVV
CSARSGITYEQYF	FVDGVPFVV
CASSPWGRVSSYNEQFF	FVDGVPFVV
CASSLDVPRDRGYEQYF	FVDGVPFVV
CASSQDGSMNTEAFF	FVDGVPFVV
CASSGRIGLFLSGANVLTF	FVDGVPFVV
CASSLAGREGAYEQYF	FVDGVPFVV
CASSKRGYNEQFF	FVDGVPFVV
CASSRSSSSYEQYF	FVDGVPFVV
CASSARLAEYNEQFF	FVDGVPFVV
CASSTRDRVNEQYF	FVDGVPFVV
CASSYTPGHNTGELFF	FVDGVPFVV
CASSLGGRIGTSGYNEQFF	FVDGVPFVV
CASSPGTSHEQYF	FVDGVPFVV
CASSKGPNTEAFF	FVDGVPFVV
CASRTQEGWETQYF	FVDGVPFVV
CASSGRSSYEQYF	FVDGVPFVV
CASSSNTGYEQFF	FVDGVPFVV
CASSFPWGGDGGELFF	FVDGVPFVV
CASSPQLNEQFF	FVDGVPFVV
CASSLLAGGALSTDTQYF	FVDGVPFVV
CASSDLGVRDTQYF	FVDGVPFVV
CASSLRDSPYNEQFF	FVDGVPFVV
CASSPGTSSEQFF	FVDGVPFVV
CASSQELASSGELFF	FVDGVPFVV
CASSNKRVNSYEQYF	FVDGVPFVV
CASREGYNEQFF	FVDGVPFVV
CASSRRDRVSEQYF	FVDGVPFVV
CASSQEGGNTGELFF	FVDGVPFVV
CASSLEGERYSLYGYTF	FVDGVPFVV
CASSQITGGIVWGYTF	FVDGVPFVV
CASRSPTGTASYNEQFF	FVDGVPFVV
CASSLMGHYEQYF	FVDGVPFVV
CASTPPWQGRNTEAFF	FVDGVPFVV
CASSYGPGEQYF	FVDGVPFVV
CASSFSMGNEQFF	FVDGVPFVV
CASSLVESSTDTQYF	FVDGVPFVV
CASRLAPGLAGFEQFF	FVDGVPFVV
CASNLAGGPEQFF	FVDGVPFVV
CASSQDRIKLAGVPDWANVLTF	FVDGVPFVV
CALHRDNSYEQYF	FVDGVPFVV
CASSPPLWTGELFF	FVDGVPFVV
CSGATVGLEQYF	FVDGVPFVV
CASSLVYYNEQFF	FVDGVPFVV
CASSPGRQGETDTQYF	FVDGVPFVV
CASSPVERATDTQYF	FVDGVPFVV
CASSPGPRVVETQYF	FVDGVPFVV
CSVSSLGTQYF	FVDGVPFVV
CASSYSSSYEQYF	FVDGVPFVV
CASSFLQVTDSPLHF	FVDGVPFVV
CASRGLGGADTGELFF	FVDGVPFVV
CASSLGGGGSSYNEQFF	FVDGVPFVV
CASSYGPDILETQYF	FVDGVPFVV
CASSQVPGSNEKLFF	FVDGVPFVV
CASSLTARANEQFF	FVDGVPFVV
CASSGRTNEKLFF	FVDGVPFVV
CSARDLTRDNTGELFF	FVDGVPFVV
CASTPRDEGSDTQYF	FVDGVPFVV
CASSVEGTVNEKLFF	FVDGVPFVV
CASSQSRLATYQETQYF	FVDGVPFVV
CASSLGGKTGVQTNTGELFF	FVDGVPFVV
CASSPPGETQYF	FVDGVPFVV
CASSPGWGPNYEQYF	FVDGVPFVV
CASSSGQGANSGANVLTF	FVDGVPFVV
CASSLWTGTKNIQYF	FVDGVPFVV
CASSSPSLGNEQFF	FVDGVPFVV
CASNEAGIIYEQYF	FVDGVPFVV
CASSPTGDNQPQHF	FVDGVPFVV
CATSREGRGTEAFF	FVDGVPFVV
CASSALGPWNSPLHF	FVDGVPFVV
CASSFGWVRTGANEQFF	FVDGVPFVV
CASSSRDRVYEQYF	FVDGVPFVV
CASSFWGANTEAFF	FVDGVPFVV
CASSPRDRVNEQFF	FVDGVPFVV
CASSPGFYEQYF	FVDGVPFVV
CSASPTSGRLSVQETQYF	FVDGVPFVV
CASGMGTEAFF	FVDGVPFVV
CASSLPAGGRYEQYF	FVDGVPFVV
CASSPWTEGDTEAFF	FVDGVPFVV
CASSQEQADLEQFF	FVDGVPFVV
CASSPGGSSPLHF	FVDGVPFVV
CASSVWRNNEQFF	FVDGVPFVV
CASSLLRPNTEAFF	FVDGVPFVV
CASSLIHSSLYEQYF	FVDGVPFVV
CASSGGSGRGEETQYF	FVDGVPFVV
CASSGGRGEPQHF	FVDGVPFVV
CARRARTGELFF	FVDGVPFVV
CASSGGNTEAFF	FVDGVPFVV
CASSQEVANYGYTF	FVDGVPFVV
CASSGWREQYF	FVDGVPFVV
CASSSPGGGNEQFF	FVDGVPFVV
CASSQGAEAFF	FVDGVPFVV
CASSLELTSGSRYEQFF	FVDGVPFVV
CASSTPDRGSTEAFF	FVDGVPFVV
CASSLESSWAGQFF	FVDGVPFVV
CASENPGVNTEAFF	FVDGVPFVV
CASSVGGTGELFF	FVDGVPFVV
CASNPGVGFWANVLTF	FVDGVPFVV
CASSLRRDEQFF	FVDGVPFVV
CASSKTRINQPQHF	FVDGVPFVV
CASSLFPGTAGPYEQYF	FVDGVPFVV
CASSEFMTGYQPQHF	FVDGVPFVV
CASSLFPGSSYEQYF	FVDGVPFVV
CASSLNGASNTEAFF	FVDGVPFVV
CASSLGAAYNEQFF	FVDGVPFVV
CASSMRDRVYEQYF	FVDGVPFVV
CASSVVGLATGKTPIYF	FVDGVPFVV
CASSQELADTEAFF	FVDGVPFVV
CAISEAGPGYNEQFF	FVDGVPFVV
CAWSVLGGLGTEAFF	FVDGVPFVV
CASSPGTSGRAGYTGELFF	FVDGVPFVV
CASSEFVTEAFF	FVDGVPFVV
CATRADPYNEQFF	FVDGVPFVV
CASSEAVGSRYNEQFF	FVDGVPFVV
CASSLIGNEQFF	FVDGVPFVV
CASSLIAPPLHF	FVDGVPFVV
CASSQAPGQSYEQYF	FVDGVPFVV
CASSQGLAGDYTGELFF	FVDGVPFVV
CASSSQIYNEQFF	FVDGVPFVV
CASSQELAGVTGAGELFF	FVDGVPFVV
CASSPGLAGEDEQFF	FVDGVPFVV
CASSSGTGNTEAFF	FVDGVPFVV
CASSQAARTGRTYTF	FVDGVPFVV
CASSAPSSYEQYF	FVDGVPFVV
CASSLEAGGLGEQFF	FVDGVPFVV
CASSLTESNTGELFF	FVDGVPFVV
CASSIDGGLSYEQYF	FVDGVPFVV
CASSPDSSGTEAFF	FVDGVPFVV
CASSWRDGEAPYEQYF	FVDGVPFVV
CASRTPSGGVNGELFF	FVDGVPFVV
CASSPGGRPDRSSTDTQYF	FVDGVPFVV
CASKTGSSYEQYF	FVDGVPFVV
CASSQVWRSTDTQYF	FVDGVPFVV
CASSQPDRGRYEQYF	FVDGVPFVV
CASSGYRDGTEAFF	FVDGVPFVV
CASSPDRNYGYTF	FVDGVPFVV
CASSADRADTQYF	FVDGVPFVV
CSARGSPGRSNQPQHF	FVDGVPFVV
CASSARGQGGYNEQFF	FVDGVPFVV
CASSEGQGYSYEQYF	FVDGVPFVV
CASSRRSGAQETQYF	FVDGVPFVV
CASRPPAGSHADTQYF	FVDGVPFVV
CASSDQASYEQYF	FVDGVPFVV
CASSVDGGQNGNTIYF	FVDGVPFVV
CASSDSSGTNNEQFF	FVDGVPFVV
CASSDSSLITDTQYF	FVDGVPFVV
CATSLGTAVDTQYF	FVDGVPFVV
CASIPIGRPYGYTF	FVDGVPFVV
CASSPGAGRDTEAFF	FVDGVPFVV
CASRVAHGGELFF	FVDGVPFVV
CASSQELRTASYEQYF	FVDGVPFVV
CASISPSSVSHGANVLTF	FVDGVPFVV
CASSQVNTDTQYF	FVDGVPFVV
CASSVGGRGEAFF	FVDGVPFVV
CSARGTNYGYTF	FVDGVPFVV
CASSPWSDHNEQFF	FVDGVPFVV
CASSALAGGRWDIQYF	FVDGVPFVV
CASSPSTREAQYF	FVDGVPFVV
CASSVGTQETQYF	FVDGVPFVV
CASSSPTSGSSYNEQFF	FVDGVPFVV
CASSSPGSRVYGYTF	FVDGVPFVV
CASSQVPERTEAFF	FVDGVPFVV
CASSTTSLVNEQYF	FVDGVPFVV
CASSRRQGATNTEAFF	FVDGVPFVV
CASSQMGRHEKLFF	FVDGVPFVV
CASSAGGVGVTPTYEQYF	FVDGVPFVV
CASSSDPWGYEQYF	FVDGVPFVV
CASSLGGELFF	FVDGVPFVV
CASSVERFNEQFF	FVDGVPFVV
CASSPRREALYEQYF	FVDGVPFVV
CASSEWGDPNYGYTF	FVDGVPFVV
CASSFTVAGVIGEQFF	FVDGVPFVV
CASSPRDRVVDEQYF	FVDGVPFVV
CAWSVGGRSPQHF	FVDGVPFVV
CASSQENIREPQHF	FVDGVPFVV
CASSSSLAGGYNEQFF	FVDGVPFVV
CASSRTLSYEQYF	FVDGVPFVV
CAIGPTGGRIDTQYF	FVDGVPFVV
CSVRHNEQFF	FVDGVPFVV
CASSSRPGQGAMNTEAFF	FVDGVPFVV
CSARGGLGNEQFF	FVDGVPFVV
CASSEGRDRALGGELFF	FVDGVPFVV
CASSAPLLAGGNRDNEQFF	FVDGVPFVV
CASSPEGQGNQPQHF	FVDGVPFVV
CASSPFSGYEQYF	FVDGVPFVV
CASSQAARNTEAFF	FVDGVPFVV
CASSLDRSYEQYF	FVDGVPFVV
CASSNSLDGRNYGYTF	FVDGVPFVV
CATSRLGEPADQPQHF	FVDGVPFVV
CASSLGQFSYEQYF	FVDGVPFVV
CASSEGGSSYNEQFF	FVDGVPFVV
CASSLSGDSFIDEQFF	FVDGVPFVV
CASSTGLVLYEQYF	FVDGVPFVV
CASSQDRDRAAYGYTF	FVDGVPFVV
CASSSQDNEQFF	FVDGVPFVV
CASSLARAEAFF	FVDGVPFVV
CASTNGYEQYF	FVDGVPFVV
CASSQAHSRSTEAFF	FVDGVPFVV
CASSLSAGTYSYNEQFF	FVDGVPFVV
CSARVPPGSLAKNIQYF	FVDGVPFVV
CASSAGTNNEQFF	FVDGVPFVV
CASSRGGGSSYNEQFF	FVDGVPFVV
CAIQFSENSNTGELFF	FVDGVPFVV
CASSAPVSLPTYEQYF	FVDGVPFVV
CASSQGPYSGRTYEQYF	FVDGVPFVV
CASSQLTKNIQYF	FVDGVPFVV
CASSLYGGQGILSGYTF	FVDGVPFVV
CASSQDSAGGRNEQFF	FVDGVPFVV
CASSLGPTYEQYF	FVDGVPFVV
CAISIGQVNQPQHF	FVDGVPFVV
CASSPPSYEQYF	FVDGVPFVV
CSARDLGGALNYGYTF	FVDGVPFVV
CASSMTGNSPLHF	FVDGVPFVV
CASSQEWAYNEQFF	FVDGVPFVV
CASSKLDRVTEAFF	FVDGVPFVV
CASSEQNTGELFF	FVDGVPFVV
CASGGGASYEQYF	FVDGVPFVV
CASSLGARSGNFQGNEQFF	FVDGVPFVV
CASSGLRGTEAFF	FVDGVPFVV
CASSRQRAENYNEQFF	FVDGVPFVV
CASSRDRGRNEQFF	FVDGVPFVV
CASSLGYNEQFF	FVDGVPFVV
CASSLTRDTQYF	FVDGVPFVV
CASSDRTSGSDETQYF	FVDGVPFVV
CATSDPSRRPTDTQYF	FVDGVPFVV
CASSSYPTTSRGDTQYF	FVDGVPFVV
CASSYFRATNEKLFF	FVDGVPFVV
CASSVADTEAFF	FVDGVPFVV
CASSPRDRVYEQYF	FVDGVPFVV
CASSLAGNEQYF	FVDGVPFVV
CASSTGRSSYEQYF	FVDGVPFVV
CASSQERASMNEQFF	FVDGVPFVV
CSARYNEQFF	FVDGVPFVV
CASSEAGPSYNEQFF	FVDGVPFVV
CASSQEGASNEQFF	FVDGVPFVV
CASSHNRGLFTGELFF	FVDGVPFVV
CASSYSYTSGGQETQYF	FVDGVPFVV
CASSLDTPDEQFF	FVDGVPFVV
CASSSPGRQGIYDGYTF	FVDGVPFVV
CASSLNYGYTF	FVDGVPFVV
CASRLPTGTAWDNEQFF	FVDGVPFVV
CASSFDGNYGYTF	FVDGVPFVV
CASSPPGREGLNEQFF	FVDGVPFVV
CASSLGSTGNEQFF	FVDGVPFVV
CASGPAEAFF	FVDGVPFVV
CASSQERRGGETQYF	FVDGVPFVV
CASSQPRSTFSNTEAFF	FVDGVPFVV
CASSQPRDSVHSGANVLTF	FVDGVPFVV
CASSQSGITDTQYF	FVDGVPFVV
CASSLGGTGYHEQYF	FVDGVPFVV
CASSQIRGEQYF	FVDGVPFVV
CASSVGGQGAYEQYF	FVDGVPFVV
CASSLAGVEAFF	FVDGVPFVV
CASSSTGALRAGELFF	FVDGVPFVV
CASSPPGTTASYEQYF	FVDGVPFVV
CASSEQGRVEQYF	FVDGVPFVV
CASSIERVPAVLSGELFF	FVDGVPFVV
CASSQNVRDPGYF	FVDGVPFVV
CASSSGGTSGASSTGELFF	FVDGVPFVV
CASSLAVGLLGYTF	FVDGVPFVV
CASSLDLAGTSRGETQYF	FVDGVPFVV
CASSLGNEQYF	FVDGVPFVV
CASSVLAGVIGETQYF	FVDGVPFVV
CASSLQTALGLSTDTQYF	FVDGVPFVV
CASSQSVGTDYYEQYF	FVDGVPFVV
CASSRSSGRMDIQYF	FVDGVPFVV
CASTPAGAKNIQYF	FVDGVPFVV
CASSQEWGERTPSTDTQYF	FVDGVPFVV
CASSNTSIYNEQFF	FVDGVPFVV
CASTPGGARFTEAFF	FVDGVPFVV
CASRDGFNLQHF	FVDGVPFVV
CASSVGSSGSSYEQYF	FVDGVPFVV
CASSPHSDRIRYYEQYF	FVDGVPFVV
CASSKRSGTTYNEQFF	FVDGVPFVV
CAISESIAGSTDTQYF	FVDGVPFVV
CSARLDGNTGELFF	FVDGVPFVV
CASSLTSRAGNEQFF	FVDGVPFVV
CASSIPGETQYF	FVDGVPFVV
CASSPGQAQETQYF	FVDGVPFVV
CASSYSVSYEQYF	FVDGVPFVV
CASSPAGEETQYF	FVDGVPFVV
CASSPPEGGGPNTGELFF	FVDGVPFVV
CASSPEGMGNEQFF	FVDGVPFVV
CASSMGLAGSDTQYF	FVDGVPFVV
CASSIEGTRRYNEQFF	FVDGVPFVV
CASSVADRGPSGEQFF	FVDGVPFVV
CASSDRYRDSEAFF	FVDGVPFVV
CASSHVLAARYEQYF	FVDGVPFVV
CASSLLNSPLHF	FVDGVPFVV
CASSKGRWRTSGRAAKNIQYF	FVDGVPFVV
CAAAQGPSYEQYF	FVDGVPFVV
CASITGASYEQYF	FVDGVPFVV
CASSARAVGNPNEKLFF	FVDGVPFVV
CASSGTGIYEQYF	FVDGVPFVV
CASTDTGAFNEQFF	FVDGVPFVV
CASSLGSGRSSYEQYF	FVDGVPFVV
CSARAGKEEHF	FVDGVPFVV
CASSVWVNEQFF	FVDGVPFVV
CASSSVTGSDNEQFF	FVDGVPFVV
CASSPRTSGRGDEQFF	FVDGVPFVV
CSARDGIGTQYF	FVDGVPFVV
CASTKDRLGYTF	FVDGVPFVV
CAVRGIGELFF	FVDGVPFVV
CASSDTTGTSGLQF	FVDGVPFVV
CASSGWSGRSTYGYTF	FVDGVPFVV
CASSFYNREAFF	FVDGVPFVV
CASSFTSDTQYF	FVDGVPFVV
CASSPTSDSYNEQFF	FVDGVPFVV
CASSIELATDEQFF	FVDGVPFVV
CASSENGRLARNTGELFF	FVDGVPFVV
CASSSLAGDYEQYF	FVDGVPFVV
CASNAGVPQETQYF	FVDGVPFVV
CASSFQRHYNGEFF	FVDGVPFVV
CASSPIDRSLYF	FVDGVPFVV
CATSLGQVNQPQHF	FVDGVPFVV
CASSLSGPTGELFF	FVDGVPFVV
CAISDPPGGNTEAFF	FVDGVPFVV
CASSFGTEAFF	FVDGVPFVV
CASSRGNRVSYNEQFF	FVDGVPFVV
CASSPRGGGTEAFF	FVDGVPFVV
CASSPTGGGTEAFF	FVDGVPFVV
CASSVRDRVYEQYF	FVDGVPFVV
CASSQDSPRYYTGELFF	FVDGVPFVV
CASSLRGLGNQPQHF	FVDGVPFVV
CASSSSTGTETGSGNSSGANVLTF	FVDGVPFVV
CASSEVTALINEQFF	FVDGVPFVV
CASSQEEARSGEVDFF	FVDGVPFVV
CASSSGGDTQYF	FVDGVPFVV
CASSLEAGVYGYTF	FVDGVPFVV
CASSLDLAGGLVNEQFF	FVDGVPFVV
CASSLQTGNDSPLHF	FVDGVPFVV
CASSVADTEAFF	FVDGVPFVV
CASSLVGQPQHF	FVDGVPFVV
CASSSLTGNTEAFF	FVDGVPFVV
CASSLYRSGNTIYF	FVDGVPFVV
CASSVEQRTGSYEQYF	FVDGVPFVV
CASSHRENSPLHF	FVDGVPFVV
CASSLVPSSGPYEQYF	FVDGVPFVV
CASRTGTSYEQYF	FVDGVPFVV
CASSRLIVDEQYF	FVDGVPFVV
CASSVVGTGSDTQYF	FVDGVPFVV
CASSPPGRQGVNEQYF	FVDGVPFVV
CASSHRLAMSSYNEQFF	FVDGVPFVV
CASSSFGSDIQYF	FVDGVPFVV
CASSQGGDRNTEAFF	FVDGVPFVV
CASSEEAANYGYTF	FVDGVPFVV
CATRQGPPETQYF	FVDGVPFVV
CASSLAGVEAFF	FVDGVPFVV
CASSTPQGARAGELFF	FVDGVPFVV
CASSPGEATQYF	FVDGVPFVV
CASSYLSEQYF	FVDGVPFVV
CASSQSAGDVRYGYTF	FVDGVPFVV
CASSVGDRASTDTQYF	FVDGVPFVV
CSAEETQYF	FVDGVPFVV
CASSYSGNTEAFF	FVDGVPFVV
CASSFRNGNTGELFF	FVDGVPFVV
CASSKDRGISNQPQHF	FVDGVPFVV
CASSPTRFGSYNEQFF	FVDGVPFVV
CASSFGERIYNEQFF	FVDGVPFVV
CASSQEGATGRDTQYF	FVDGVPFVV
CASSPWTGWGELFF	FVDGVPFVV
CASKDQGTEAFF	FVDGVPFVV
CASSLLAGGPGELFF	FVDGVPFVV
CASSYKQGMDTEAFF	FVDGVPFVV
CASSPSTGHQPQHF	FVDGVPFVV
CASSLGLADTGELFF	FVDGVPFVV
CASRLWRGANTEAFF	FVDGVPFVV
CASSPSNQPEQYF	FVDGVPFVV
CSASYGPGLQPQHF	FVDGVPFVV
CASSEGLAETQYF	FVDGVPFVV
CASSQDRRSYEQYF	FVDGVPFVV
CASSPQGRSYEQYF	FVDGVPFVV
CASSQEGAHNEQFF	FVDGVPFVV
CASSVGGIEQFF	FVDGVPFVV
CSARVPQETSYNSPLHF	FVDGVPFVV
CASRGPGAQVGDYNEQFF	FVDGVPFVV
CASSQESASSYEQYF	FVDGVPFVV
CASSFVGNEQYF	FVDGVPFVV
CASSGTSDGNYGYTF	FVDGVPFVV
CASAAWDYLNDGGNTIYF	FVDGVPFVV
CASSQFRGPPYNEQFF	FVDGVPFVV
CATGGRLEGYNEQFF	FVDGVPFVV
CASSPGGATEAFF	FVDGVPFVV
CASSQEVGQGRETQYF	FVDGVPFVV
CATSRPPGEAFYGYTF	FVDGVPFVV
CASSEGAGGNSPLHF	FVDGVPFVV
CASQHSTEGNYGYTF	FVDGVPFVV
CASSPMDRVGEQYF	FVDGVPFVV
CASSFSGGRKFF	FVDGVPFVV
CASSEAQGGYEQYF	FVDGVPFVV
CASTPGGASTEAFF	FVDGVPFVV
CASSLDEGQGVGYEQYF	FVDGVPFVV
CASSEFWVPSSYNSPLHF	FVDGVPFVV
CASTRDRGYEQYF	FVDGVPFVV
CSVRGQPTDHTYGYTF	FVDGVPFVV
CASSQVDSLPYEQYF	FVDGVPFVV
CASSQEWANYEQYF	FVDGVPFVV
CASSPGPGIGEQYF	FVDGVPFVV
CASSQDLWTGELFF	FVDGVPFVV
CASSQELATFYEQYF	FVDGVPFVV
CASSLPETYEQYF	FVDGVPFVV
CASSLAGAGATGELFF	FVDGVPFVV
CASSSAGANTGELFF	FVDGVPFVV
CASSLGGASGTSTDTQYF	FVDGVPFVV
CASSPPTRSTEAFF	FVDGVPFVV
CASSDEGARSYEQYF	FVDGVPFVV
CASSQRTGTLYNEQFF	FVDGVPFVV
CASSSDPQGARGETQYF	FVDGVPFVV
CASSLDLGRLAGEQFF	FVDGVPFVV
CASNPLAGGPYNEQFF	FVDGVPFVV
CASSVVGLEQFF	FVDGVPFVV
CASRLLDTQYF	FVDGVPFVV
CASSYSIGNEQFF	FVDGVPFVV
CASSLGNQPQHF	FVDGVPFVV
CASSTKRDHPAYNEQFF	FVDGVPFVV
CASSSPRLGRAEKGANVLTF	FVDGVPFVV
CASSPTLANQPQHF	FVDGVPFVV
CASSYGPSEQYF	FVDGVPFVV
CATGFRPNTEAFF	FVDGVPFVV
CASSYPRGFTGSSYNEQFF	FVDGVPFVV
CASSLRDRVYEQYF	FVDGVPFVV
CASSDGAGGGSDTQYF	FVDGVPFVV
CASSDGPGQGASYEQYF	FVDGVPFVV
CASSLVGREDNEQFF	FVDGVPFVV
CASSEWGGREMNEQFF	FVDGVPFVV
CASSAAGGPSQETQYF	FVDGVPFVV
CASSLASQGFSPLHF	FVDGVPFVV
CASTALAGRNEQFF	FVDGVPFVV
CASRLHPGQGPIDEQFF	FVDGVPFVV
CASSSGLVSYEQYF	FVDGVPFVV
CASSPEEINTGELFF	FVDGVPFVV
CASSPDRSAYEQYF	FVDGVPFVV
CASSLWGQQPQHF	FVDGVPFVV
CASSYGPGEAFF	FVDGVPFVV
CASSLGPMNTEAFF	FVDGVPFVV
CASSKGTGGYTF	FVDGVPFVV
CASSLARSRETQYF	FVDGVPFVV
CASSEALAYEQYF	FVDGVPFVV
CASSYSVSAEEAFF	FVDGVPFVV
CASSLGPTYEQYF	FVDGVPFVV
CATSGGRTDTQYF	FVDGVPFVV
CASKKDRLISYNEQFF	FVDGVPFVV
CSVSGTSGSSPYYEQYF	FVDGVPFVV
CASSSPGQGANEQYF	FVDGVPFVV
CASSLFRDVAFF	FVDGVPFVV
CASSPSGSRYNEQFF	FVDGVPFVV
CASSSSGNNEQFF	FVDGVPFVV
CASSRGSYNEQFF	FVDGVPFVV
CSAPAFLARASYEQYF	FVDGVPFVV
CASSQLRQGGDEQYF	FVDGVPFVV
CASSYSGGRNEQFF	FVDGVPFVV
CASSLGPRGEQYF	FVDGVPFVV
CASSEGSPLSSYEQYF	FVDGVPFVV
CASIETPRGYNEQFF	FVDGVPFVV
CASSALGLAGGNTGELFF	FVDGVPFVV
CASSSPGPSVEQYF	FVDGVPFVV
CASSLGTSGTDTQYF	FVDGVPFVV
CASSLAPGTSGRSDEQFF	FVDGVPFVV
CASEGSGSEQFF	FVDGVPFVV
CASSFGWNEQFF	FVDGVPFVV
CASSDPLSYEQYF	FVDGVPFVV
CASSVPVRISVYNSPLHF	FVDGVPFVV
CASSARLGGPLGRYTGELFF	FVDGVPFVV
CASSLGSGTEAFF	FVDGVPFVV
CASSQGTGYSNQPQHF	FVDGVPFVV
CASSFDRGWDGYTF	FVDGVPFVV
CASSLVSDTQYF	FVDGVPFVV
CASSLWGTNYGYTF	FVDGVPFVV
CASSQKWATEAFF	FVDGVPFVV
CASSPGLADLSYEQYF	FVDGVPFVV
CSARDKSGTGELFF	FVDGVPFVV
CASSPGAAGAPNTGELFF	FVDGVPFVV
CASHLYNEQFF	FVDGVPFVV
CASSLRGVGRKETQYF	FVDGVPFVV
CASASGPGLAELAYNEQFF	FVDGVPFVV
CASSVAAGAGPSYEQYF	FVDGVPFVV
