CDR3	AA
CASSEGRMESYGYTF	SYFIASFRLF
CASSQEAQSIYQETQYF	SYFIASFRLF
CASSETGGDTEAFF	SYFIASFRLF
CASSLVYNEQFF	SYFIASFRLF
CASSTGVYTEAFF	SYFIASFRLF
CASSLLGGGDTQYF	SYFIASFRLF
CASSYAGQGYNEQFF	SYFIASFRLF
CASSATGALASYEQYF	SYFIASFRLF
CASSLPESDTEAFF	SYFIASFRLF
CAISEMGGGSGELFF	SYFIASFRLF
CSADTQYF	SYFIASFRLF
CASSLPGYSQPQHF	SYFIASFRLF
CASSQGGSYEQYF	SYFIASFRLF
CASSQESAGNSYEQYF	SYFIASFRLF
CSAAGLAGSSYNEQFF	SYFIASFRLF
CASSVGDSSYEQYF	SYFIASFRLF
CASSESSDRRNGNEQFF	SYFIASFRLF
CASSGGTTLHNYGYTF	SYFIASFRLF
CASSQDPADYEQYF	SYFIASFRLF
CASSYGLAGDEQYF	SYFIASFRLF
CASSLEWAGAYEQYF	SYFIASFRLF
CSAWTDGTEAFF	SYFIASFRLF
CASSLRLAGGPPYEQFF	SYFIASFRLF
CASSQGPGADEQYF	SYFIASFRLF
CATSDGNNQPQHF	SYFIASFRLF
CASTKEGRGMGTEAFF	SYFIASFRLF
CASYRSGWPEAFF	SYFIASFRLF
CSAIAPTPYNEQFF	SYFIASFRLF
CASSPTGYGYTF	SYFIASFRLF
CASSQEAGGIFTDTQYF	SYFIASFRLF
CATGDIDTQYF	SYFIASFRLF
CASSSPGQGDEQFF	SYFIASFRLF
CASSSGHPQTQYF	SYFIASFRLF
CASYGGGDKYF	SYFIASFRLF
CSAPENNEQFF	SYFIASFRLF
CSAPREFGEQYF	SYFIASFRLF
CSAWGVPYGYTF	SYFIASFRLF
CASSLGAEQYF	SYFIASFRLF
CASSLYSDTQYF	SYFIASFRLF
CASSLRGTGSDTQYF	SYFIASFRLF
CASSQEGWAVLHF	SYFIASFRLF
CASSSDVGSPLHF	SYFIASFRLF
CASSSATGVPGSYNEQFF	SYFIASFRLF
CASSSDLGDEKLFF	SYFIASFRLF
CASSQELQPSDTQYF	SYFIASFRLF
CASSPTGAKLFF	SYFIASFRLF
CSVEGGSEQFF	SYFIASFRLF
CATTGGRDYGYTF	SYFIASFRLF
CASSLAGGGYNEQFF	SYFIASFRLF
CASSVLGASETQYF	SYFIASFRLF
CASSTPSRPTDTQYF	SYFIASFRLF
CASSLGGLANTGELFF	SYFIASFRLF
CASSYDTGYEQYF	SYFIASFRLF
CASSQDAMDEQFF	SYFIASFRLF
CASSYDDGTYEQYF	SYFIASFRLF
CASSPGTGAYEQYF	SYFIASFRLF
CSAGTGQFF	SYFIASFRLF
CATSREGGGANVLTF	SYFIASFRLF
CASSGQGGPQHF	SYFIASFRLF
CSASAGLNEQFF	SYFIASFRLF
CASSEGEGFYSYEQYF	SYFIASFRLF
CASSEQGVYNEQFF	SYFIASFRLF
CASSEYNSYEQYF	SYFIASFRLF
CASSFLSRGDTDTQYF	SYFIASFRLF
CASSQDSNEQFF	SYFIASFRLF
CASSLPVETQYF	SYFIASFRLF
