CDR3	AA
CSVELLAGHTDTQYF	YLDAYNMMI
CASSDKSPMNSPLHF	YLDAYNMMI
CASSPWGGVQETQYF	YLDAYNMMI
CSARPYRDRETQYF	YLDAYNMMI
CASSPGQGQETQYF	YLDAYNMMI
CASSSVDSTNQPQHF	YLDAYNMMI
CASSLAGGSYEQYF	YLDAYNMMI
CVRTPPRGQPGCEKLFF	YLDAYNMMI
CSATFGLAGFTDTQYF	YLDAYNMMI
CSARGGLAGFTDTQYF	YLDAYNMMI
CSADSPGQARETQYF	YLDAYNMMI
CSVGPGLAGNVYEQYF	YLDAYNMMI
CASSEAGPSGYNEQFF	YLDAYNMMI
CASSLPGLAYNEQFF	YLDAYNMMI
CASSPQERRTEAFF	YLDAYNMMI
CSASGRDRAQETQYF	YLDAYNMMI
CSANEVGGFAFLQYF	YLDAYNMMI
CASSLVSAGTAFTDTQYF	YLDAYNMMI
CSVGLAGHHADTQYF	YLDAYNMMI
CASSAGVGSNQPQHF	YLDAYNMMI
CAWSSLLGQLGRETQYF	YLDAYNMMI
CSASGIRQGADSPLHF	YLDAYNMMI
CASSYRGNIQYF	YLDAYNMMI
CASSISRVNTGELFF	YLDAYNMMI
CSVVVVAKNIQYF	YLDAYNMMI
CSWTVLAGFVDTQYF	YLDAYNMMI
CSARVGLAATSFNTDTQYF	YLDAYNMMI
CASSLGGVTGGELFF	YLDAYNMMI
CASSTGLENYEQYF	YLDAYNMMI
CSARAILSGDRTPFFTDTQYF	YLDAYNMMI
CASSHGDLQGRNIQYF	YLDAYNMMI
CASSLRTGGTFTDTQYF	YLDAYNMMI
CASSLGQTSTDTQYF	YLDAYNMMI
CASSTGQASTDTQYF	YLDAYNMMI
CASSQVILDETFF	YLDAYNMMI
CSASPDLARLDEQFF	YLDAYNMMI
CASSPPRGRDTEAFF	YLDAYNMMI
CASSPSQTSTDTQYF	YLDAYNMMI
CASSTTGVGETQYF	YLDAYNMMI
CASSVSGSEYNEQFF	YLDAYNMMI
CASSLTGGFSGEQYF	YLDAYNMMI
CSASGLAGFLGEQYF	YLDAYNMMI
CASSVSGGEYVEQYF	YLDAYNMMI
CASSQGGHYEQYF	YLDAYNMMI
CASSVGQGQETQYF	YLDAYNMMI
CASSWTSGNTIYF	YLDAYNMMI
CASSLRGNTQYF	YLDAYNMMI
CASSPYKFYQPQHF	YLDAYNMMI
CASSLGRLGTYEQYV	YLDAYNMMI
CSASPDRGLVGEQFF	YLDAYNMMI
CASSASGSAYNEQFF	YLDAYNMMI
CASSLRLAGDYQETQYF	YLDAYNMMI
CSASPYPGQLYEQYF	YLDAYNMMI
CASSVGQAQETQYF	YLDAYNMMI
CASSLRTSDSTDTQYF	YLDAYNMMI
CASSLGGGTGGELFF	YLDAYNMMI
CASSYSSGDEQYF	YLDAYNMMI
CASSQFFGADRGNTGELFF	YLDAYNMMI
CASSLIARGGPNEQFF	YLDAYNMMI
CASSLRGHEQYF	YLDAYNMMI
CASSYRGYEQYF	YLDAYNMMI
CASSLGIGSNNEQFF	YLDAYNMMI
CASSQGQIQATNEKLFF	YLDAYNMMI
CASTSGGAADTQYF	YLDAYNMMI
CASSLGLLAEQFF	YLDAYNMMI
CASTTMYRDRGTDTQYF	YLDAYNMMI
CASSATDLTEAFF	YLDAYNMMI
CASSPGETSTDTQYF	YLDAYNMMI
CASSLIGSTDTQYF	YLDAYNMMI
CASSAGQGQETQYF	YLDAYNMMI
CSASDEYLNEQFF	YLDAYNMMI
CSGRRGPSVRADTQYF	YLDAYNMMI
CSARDGTGSNQPQHF	YLDAYNMMI
CASSQDLSGLAASSYEQYF	YLDAYNMMI
CASSGGLNEQFF	YLDAYNMMI
CASSLVGGGLYEQYF	YLDAYNMMI
CASRQGKEKLFF	YLDAYNMMI
CASSVAGTAYEQYF	YLDAYNMMI
CASSTGQTSNQPQHF	YLDAYNMMI
CASSFVPVSETQYF	YLDAYNMMI
CSASPVVSLTPFNSYEQYF	YLDAYNMMI
CASSLGTGSTDTQYF	YLDAYNMMI
CASSVVSGSYEQYF	YLDAYNMMI
CASSVGETEVQETQYF	YLDAYNMMI
CASSTSGSTDTQYF	YLDAYNMMI
CASIRQGSGANVLTF	YLDAYNMMI
CASSFFRENEKLFF	YLDAYNMMI
CSAEPTAQGYWGEQFF	YLDAYNMMI
CASSDRDSSTDTQYF	YLDAYNMMI
CSVEKLEGSGELFF	YLDAYNMMI
CSARGLQGNEQFF	YLDAYNMMI
CSANKVGGDLREQYF	YLDAYNMMI
CASSLPGTDYNSPLHF	YLDAYNMMI
CASSDLAGSYNEQFF	YLDAYNMMI
CASSLDGGSNTEAFF	YLDAYNMMI
CASSVRVKQGVFTDTQYF	YLDAYNMMI
CASSQEVGGRRGETQYF	YLDAYNMMI
CASSLGPDGHNEQFF	YLDAYNMMI
CASSSSGSTDTQYF	YLDAYNMMI
CASSEGTFSNQPQHF	YLDAYNMMI
CASSFGIAHPTDTQYF	YLDAYNMMI
CSVPQLAGHINEQFF	YLDAYNMMI
CSVDPRFLDRGQGDLTNTGELFF	YLDAYNMMI
CSARGLTGLRANQETQYF	YLDAYNMMI
CASSLGASYNEQFF	YLDAYNMMI
CSAPRLSGGRTDTQYF	YLDAYNMMI
CATSDLLGGGNYNSPLHF	YLDAYNMMI
CSVGPGTEQYF	YLDAYNMMI
CASSYGTGTGADEQYF	YLDAYNMMI
CASSPLPTNEKLFF	YLDAYNMMI
CASSWPGTGRDGELFF	YLDAYNMMI
CSANVIFSYEQYF	YLDAYNMMI
CSARGTLWGHTDTQYF	YLDAYNMMI
CASSPGGGNQPQHF	YLDAYNMMI
CASSDRTESTDTQYF	YLDAYNMMI
CASSLRGSEQYF	YLDAYNMMI
CASSFLPPTGDTGELFF	YLDAYNMMI
CASSQDDSPADSGANVLTF	YLDAYNMMI
CASSPLNVPSYDGTDTQYF	YLDAYNMMI
CASSEAGSSGNTIYF	YLDAYNMMI
CASSLSGSSTDTQYF	YLDAYNMMI
CASSQGSAREKLFF	YLDAYNMMI
CASSGGTSTDTQYF	YLDAYNMMI
CSVDSGLAGNTYEQYF	YLDAYNMMI
CSVRQWGNEQFF	YLDAYNMMI
CASSTYLADTDTQYF	YLDAYNMMI
CSASGIPVRGGFVDTQYF	YLDAYNMMI
CASSLRGNEQFF	YLDAYNMMI
CSATLLAGDLNEQFF	YLDAYNMMI
CSARDRAYNQPQHF	YLDAYNMMI
CASSASGTEYNEQFF	YLDAYNMMI
CASSQTINYGYTF	YLDAYNMMI
CSVEDLDGSFVGEQFF	YLDAYNMMI
CSASPLAGVLWEQYF	YLDAYNMMI
CASSQFPVETQYF	YLDAYNMMI
CASIGRGTYEQYF	YLDAYNMMI
CASSLDVGSNNEQFF	YLDAYNMMI
CASRSGTGNTATLDEQFF	YLDAYNMMI
CSASPGLAGHLDTQYF	YLDAYNMMI
CASSFWTSGDNEQFF	YLDAYNMMI
CASSVGASNRETQYF	YLDAYNMMI
CSVERAGLAGGYEQYF	YLDAYNMMI
CASSGFGAFTDTQYF	YLDAYNMMI
CASSAPGQGSYNSPLHF	YLDAYNMMI
CASSGMGSTDTQYF	YLDAYNMMI
CASSGQRASTDTQYF	YLDAYNMMI
CASSLANAGTSTDTQYF	YLDAYNMMI
CASSRGTSTDTQYF	YLDAYNMMI
CASSQSLAGGPAYNEQFF	YLDAYNMMI
CSVEWAGGLTGELFF	YLDAYNMMI
CASSPWTGVLETQYF	YLDAYNMMI
CSASADGLAGTLVYEQYF	YLDAYNMMI
CASSNPGTAVGWDTEAFF	YLDAYNMMI
CASRATGPNTEAFF	YLDAYNMMI
CASSLTTSATEAFF	YLDAYNMMI
CASSRGTSTDTQYF	YLDAYNMMI
CASSKVTQPNTEAFF	YLDAYNMMI
CASSSGRASNQPQHF	YLDAYNMMI
CASRNDREGLGPAYNEQFF	YLDAYNMMI
CASRPVATASEAFF	YLDAYNMMI
CASSLRGGEQYF	YLDAYNMMI
CASSPSTAALYNEQFF	YLDAYNMMI
CASSWATGNTIYF	YLDAYNMMI
CASSQDTGVAGELFF	YLDAYNMMI
CASAEGQTSTDTQYF	YLDAYNMMI
CSARGGAYNQPQHF	YLDAYNMMI
CASSTSGSTDTQYF	YLDAYNMMI
CASRTGQYSNQPQHF	YLDAYNMMI
CSARDGSASNQPQHF	YLDAYNMMI
CSASIGGLAGYWDTDTQYF	YLDAYNMMI
CASSALETSTDTQYF	YLDAYNMMI
CASSLGVVEQYF	YLDAYNMMI
CASSLRGNEQFF	YLDAYNMMI
CASSLAQRGGELFF	YLDAYNMMI
CASAFRGDTQYF	YLDAYNMMI
CASNPTGTSWEQYF	YLDAYNMMI
CASSVWGNTGELFF	YLDAYNMMI
CASSLVGSYNEQFF	YLDAYNMMI
CASSRGTATLETQYF	YLDAYNMMI
CASSLGTSVPYEQYF	YLDAYNMMI
CASSHWGVEGQVFLGSGANVLTF	YLDAYNMMI
CASSLGEGTTYEQYF	YLDAYNMMI
CSASPGLAKEFFYTDTQYF	YLDAYNMMI
CASRPQLDQGASDTQYF	YLDAYNMMI
CASSMGTSTDTQYF	YLDAYNMMI
CSATPPQGRGETQYF	YLDAYNMMI
CASSAGRYSNQPQHF	YLDAYNMMI
CSATILAGERDTQYF	YLDAYNMMI
CASSSRQGAYTEAFF	YLDAYNMMI
CASSFGVGSNQPQHF	YLDAYNMMI
CASSVATTGAYEQYF	YLDAYNMMI
CASSLWTSGRGNEQFF	YLDAYNMMI
CASSYPGTGLPYEQYF	YLDAYNMMI
CASSLRGGEQFF	YLDAYNMMI
CASSPGPAGVSYNEQFF	YLDAYNMMI
CASSGRGSRAEAFF	YLDAYNMMI
CASSVDPPGPMNTEAFF	YLDAYNMMI
CASSGTGSTDTQYF	YLDAYNMMI
CASSDPLAGYTDTQYF	YLDAYNMMI
CASSDPLAGVVDTQYF	YLDAYNMMI
