CDR3	AA
CASSREGALTEAFF	SELVIGAVI
CASSDWQETQYF	SELVIGAVI
CASSISAGVGNEQFF	SELVIGAVI
CASTSAEYSYNEQFF	SELVIGAVI
CASSFEGGNEQFF	SELVIGAVI
CASSFNRDSTYEQYF	SELVIGAVI
CASSALAGRTDEQYF	SELVIGAVI
CASSLVLGLAVASYNEQFF	SELVIGAVI
CASSRDSFTYEQYF	SELVIGAVI
CASSATDPGQGARTGELFF	SELVIGAVI
CASSISAGAGNIQYF	SELVIGAVI
CASRLSRDAPYEQYF	SELVIGAVI
CANWGGLEETQYF	SELVIGAVI
CASSYILAGYNEQFF	SELVIGAVI
CASSLTRDGYEQYF	SELVIGAVI
CASSLSFGLEISNEQFF	SELVIGAVI
CASSTSAGLYNEQFF	SELVIGAVI
CASSFVTQGVRPQHF	SELVIGAVI
CASSPGLGTEAFF	SELVIGAVI
CASSIVGSYNEQFF	SELVIGAVI
CASSTGVLRDTQYF	SELVIGAVI
CASSLTDSYEQYF	SELVIGAVI
CASSYSRDNYEQYF	SELVIGAVI
CARGTGGANVLTF	SELVIGAVI
CASNGGSSPHEQFF	SELVIGAVI
CASSLEVRLAGGGGEQFF	SELVIGAVI
CASSLGGNEQFF	SELVIGAVI
CASSTMDQGLGNQPQHF	SELVIGAVI
CASSDEGVFFGQYF	SELVIGAVI
CASSDHQDSYEQYF	SELVIGAVI
CASSQVGGLNYGYTF	SELVIGAVI
CASSPHPGKGTEAFF	SELVIGAVI
CASSWEGGSNEQYF	SELVIGAVI
CASSQEEDRDRTLGEQFF	SELVIGAVI
CASSLLDLNEQFF	SELVIGAVI
CASSLEGLEKTQYF	SELVIGAVI
CASSPSGGADEQFF	SELVIGAVI
CASSYPSGGGYEQYF	SELVIGAVI
CASSGQGPSYNEQFF	SELVIGAVI
CASRTSSSSYNEQFF	SELVIGAVI
CASSLDLVLAGGISYNEQFF	SELVIGAVI
CASRDSTDSYEQYF	SELVIGAVI
CASSRGTGVSGTQYF	SELVIGAVI
CASSYEVNEQFF	SELVIGAVI
CASSFEGGPLNEQYF	SELVIGAVI
CASSLRDSGTEAFF	SELVIGAVI
CASSTGLAGPTYNEQFF	SELVIGAVI
CASSIFSSDYGYTF	SELVIGAVI
CSAVPGLGAYEQYF	SELVIGAVI
CASSGQGQGLFEAFF	SELVIGAVI
CASSFEGGGDEQFF	SELVIGAVI
CASSFEGGINQYF	SELVIGAVI
CASRVGAAEAFF	SELVIGAVI
CASSPSPGLSYNEQFF	SELVIGAVI
CASSFEGGGEQYF	SELVIGAVI
CASSLGQGHPPQHF	SELVIGAVI
CASSLGQAGSPLHF	SELVIGAVI
CASRLVQGDGTDTQYF	SELVIGAVI
CASSKGGDSSSWELFF	SELVIGAVI
CASSLGPSYTGELFF	SELVIGAVI
CSVMTSGSYNEQFF	SELVIGAVI
CASSPLDRFEQYF	SELVIGAVI
CASSWAHTGELFF	SELVIGAVI
CSARAMDDTDTQYF	SELVIGAVI
CASSYSPAGMVYEQYF	SELVIGAVI
CASTRGVPTDTQYF	SELVIGAVI
CASSFEGGKTQYF	SELVIGAVI
CASSPSLDRGYEQYF	SELVIGAVI
CASSLLGEGGYEQYF	SELVIGAVI
CASSLGQYYEQYF	SELVIGAVI
CASSQEAPDSTTQYF	SELVIGAVI
CASLKGGPLNTEAFF	SELVIGAVI
CASRGHPFSPLHF	SELVIGAVI
CASTGEGSQPQHF	SELVIGAVI
CSARSAYDYNEQFF	SELVIGAVI
CASRVTGDVEPQHF	SELVIGAVI
CASSQELAGGTDTQYF	SELVIGAVI
CSAREEVKNYEQYF	SELVIGAVI
CASRAGGAFNEQFF	SELVIGAVI
CASSFTRDSYEQYF	SELVIGAVI
CASRQGPYEQYF	SELVIGAVI
CASSQETGTDEQFF	SELVIGAVI
CASSFEGGSDTQYF	SELVIGAVI
CATSDFPGIDTEAFF	SELVIGAVI
CASSYEGGYEQYF	SELVIGAVI
CASSPIAGVIDTQYF	SELVIGAVI
CASSPTRDSNYEQYF	SELVIGAVI
CAKEPPEDTQYF	SELVIGAVI
CASSSWTGPLGTGGELFF	SELVIGAVI
CASSRDEDRARTEAFF	SELVIGAVI
CASSVEPGHGSETQYF	SELVIGAVI
CSARVVMTGTDTQYF	SELVIGAVI
CASSPTTDSYEQYF	SELVIGAVI
CASSQLDTPEAFF	SELVIGAVI
CASSPGTAGANVLTF	SELVIGAVI
CASTLSPGRSYNSPLHF	SELVIGAVI
CASSLEGLPDLGWQETQYF	SELVIGAVI
CASSQGLAGSEQYF	SELVIGAVI
CASRTDQPQHF	SELVIGAVI
CASSFEGGLNEQFF	SELVIGAVI
CATSRDLGTGRSGELFF	SELVIGAVI
CASLTWEGTDTQYF	SELVIGAVI
CASRDPNRGPSTDTQYF	SELVIGAVI
CASSLGSSGYYNEQFF	SELVIGAVI
CASGSYHNEQFF	SELVIGAVI
CASGGEGLYEQYF	SELVIGAVI
CASSFGQGANSPLHF	SELVIGAVI
CASSQGTGVTGELFF	SELVIGAVI
CASSLSTHQVAGELFF	SELVIGAVI
CASSLDPDSVANYGYTF	SELVIGAVI
CASSMVGEGSEQYF	SELVIGAVI
CASSQDPGTGDYGYTF	SELVIGAVI
CASSEGQPWNSPLHF	SELVIGAVI
CASKGLAGVWETQYF	SELVIGAVI
CASSYTRDSPEAFF	SELVIGAVI
CASSWTGLAGENTDTQYF	SELVIGAVI
CASSFEGRLNEQYF	SELVIGAVI
CATSKFGQGFDEQFF	SELVIGAVI
CASSLGVVLAGGASSTDTQYF	SELVIGAVI
CASSPPEETQYF	SELVIGAVI
CASMASGLSHEQFF	SELVIGAVI
CASSVNRDWHYEQYF	SELVIGAVI
CSARPSRLAGAGEQYF	SELVIGAVI
CASSQDLDRGRVGQYF	SELVIGAVI
CASSQSLNEGYEQYF	SELVIGAVI
CASSRQGDEQFF	SELVIGAVI
CASSLEATALTYEQYF	SELVIGAVI
CASSQDIERGYNEQFF	SELVIGAVI
CASSYEGGRSEQYF	SELVIGAVI
CASKLAGGPSEQYF	SELVIGAVI
CASERRDTDTQYF	SELVIGAVI
CASSSYREGAYEQYF	SELVIGAVI
CASSLPGQGIYEQYF	SELVIGAVI
CASSQDLERARVEQFF	SELVIGAVI
CATRPLLAGGRETQYF	SELVIGAVI
CASSLSLVLAGGLSTDTQYF	SELVIGAVI
CASSLDLGRDYEQYF	SELVIGAVI
CASSPGGWDYEQYF	SELVIGAVI
CASTPLRDRGNEQYF	SELVIGAVI
CASSLGPGNEQYF	SELVIGAVI
CASSLSLAGGETQYF	SELVIGAVI
CASSLTGTAGNTIYF	SELVIGAVI
CASRSIDRPYEQYF	SELVIGAVI
CASSLYGWETQYF	SELVIGAVI
CASSYTRDGYEQYF	SELVIGAVI
CASSRLAGGQETQYF	SELVIGAVI
CASSFLGQGVSYEQYF	SELVIGAVI
CASRQLDLTYGYTF	SELVIGAVI
CASSWTRDSTYEQYF	SELVIGAVI
CASSLSYVAGGSFSEQYF	SELVIGAVI
CASSYEWGNEQYF	SELVIGAVI
CASSQDRGESPPLHF	SELVIGAVI
CASSPNRDYNEQFF	SELVIGAVI
CASSDSRRASVGEQFF	SELVIGAVI
CASSEAASGYTGELFF	SELVIGAVI
CASSFEGGDEQFF	SELVIGAVI
CASSLAGGNEQYF	SELVIGAVI
CASSEGGVDEQYF	SELVIGAVI
CASSYVYTYNSPLHF	SELVIGAVI
CASSIVRDSSYEQYF	SELVIGAVI
CASVAGMSGELFF	SELVIGAVI
CASTLEAWSTSSYNEQFF	SELVIGAVI
CSARDPSRVETQYF	SELVIGAVI
CASSLVWDGESYTF	SELVIGAVI
CASSLTRDFPYEQYF	SELVIGAVI
CASSYGGGPVETQYF	SELVIGAVI
CASSLSQDSSYEQYF	SELVIGAVI
CASSYSSARRNEKLFF	SELVIGAVI
CSARVWTDSYNSPLHF	SELVIGAVI
CASSFEGGNEQFF	SELVIGAVI
CSARTGGPLNTEAFF	SELVIGAVI
CASSSGVTGHSTDTQYF	SELVIGAVI
CASSLEVAGQSTEAFF	SELVIGAVI
CASSVEAFITDTQYF	SELVIGAVI
CASSATRDGIYEQYF	SELVIGAVI
CASSLSRDSTYEQYF	SELVIGAVI
CASSQGLAGVNIQYF	SELVIGAVI
CASSQGLARADTQYF	SELVIGAVI
CASSYEGGKTQYF	SELVIGAVI
CASSDRDREDNEQFF	SELVIGAVI
CASSIRDRVYEQYF	SELVIGAVI
CASSQVVLGSPLHF	SELVIGAVI
CASRGLAEYNEQFF	SELVIGAVI
CASSDSRDSTYEQYF	SELVIGAVI
CASSPTSGIHEQYF	SELVIGAVI
CASSLDRTRYNEQFF	SELVIGAVI
CASSLSADSYEQYF	SELVIGAVI
CASSIAAGVANEQFF	SELVIGAVI
CASSNEQGKDSYNSPLHF	SELVIGAVI
CASSPSQDTSSYEQYF	SELVIGAVI
CASSFDRDQPQHF	SELVIGAVI
CASSFTGGHTEAFF	SELVIGAVI
CASSIDLAGSSYNEQFF	SELVIGAVI
CASSLSRDSSYEQYF	SELVIGAVI
CASSDFRDRGNTGELFF	SELVIGAVI
CATTRDPTYEQYF	SELVIGAVI
CSARDLDRPGEQYF	SELVIGAVI
CASSPRGADASTDTQYF	SELVIGAVI
CASSLSLDSNYEQYF	SELVIGAVI
CASSPEGRGTEAFF	SELVIGAVI
CASSYSGGSSYNEQFF	SELVIGAVI
RASFRTAWSLAGELFF	SELVIGAVI
CASSVGTSLSSGSYNEQFF	SELVIGAVI
CASSFEGALYEQYF	SELVIGAVI
CACRYPDEAFF	SELVIGAVI
CASSLSRDSYEQYF	SELVIGAVI
CASSQGSLGRNEQFF	SELVIGAVI
CASSFEGGKGLFF	SELVIGAVI
CASSLSSPAGREETQYF	SELVIGAVI
CASSWSTGEFRYEQYF	SELVIGAVI
CASSQRGGGSSYEQYF	SELVIGAVI
CASSLAVGGVGDGYTF	SELVIGAVI
CASSSFPASFDEQYF	SELVIGAVI
CASKVAAGVNNEQFF	SELVIGAVI
CASSLRHTDTQYF	SELVIGAVI
CASSLGHTDTQYF	SELVIGAVI
CASSEPTSAWGDTQYF	SELVIGAVI
CASSLRGLEVYNEQFF	SELVIGAVI
CASKRDTDYNEQFF	SELVIGAVI
CASVETIDSYEQYF	SELVIGAVI
CASSSTGDGAYEQYF	SELVIGAVI
CASSLLDSYEQYF	SELVIGAVI
CASSPASEFYEQYF	SELVIGAVI
CASSPWGLAESSYNEQFF	SELVIGAVI
CASSLEGSLYEQYF	SELVIGAVI
CASSFEVTNEQFF	SELVIGAVI
CASSIDGSSYNEQFF	SELVIGAVI
CASTWTADTGELFF	SELVIGAVI
CASSIAGGLANEQFF	SELVIGAVI
CASSSDPSGGSLDNEQFF	SELVIGAVI
CASSISAGVGNEQFF	SELVIGAVI
CASSLSLAGGSSYEQYF	SELVIGAVI
CASSYSEGALQYTGELFF	SELVIGAVI
CASSLSRQGGYTF	SELVIGAVI
CASSYEGANEQYF	SELVIGAVI
CASSEISSYNEQFF	SELVIGAVI
CASSHTVEGGRQFF	SELVIGAVI
CASVRSGGGEQFF	SELVIGAVI
CASSFEGGAGELFF	SELVIGAVI
CASSPLDRGVTGELFF	SELVIGAVI
CASSFEGGANEAFF	SELVIGAVI
CASSLLDFDEQYF	SELVIGAVI
CASSQEGLAGGMVEQYF	SELVIGAVI
CASSTSGGQDSGELFF	SELVIGAVI
CASSLLAGADDTQYF	SELVIGAVI
CASSQSADSTYEQYF	SELVIGAVI
CASSLYGWAETQYF	SELVIGAVI
CASTLGQGGNEQFF	SELVIGAVI
CASSSGLAEDHNEQFF	SELVIGAVI
CASSSLPNQPQHF	SELVIGAVI
CASSLGSGGFSYNEQFF	SELVIGAVI
CASSLSARVSYGYTF	SELVIGAVI
CASSLSGEPNYEQYF	SELVIGAVI
CASTKEGQGALGANVLTF	SELVIGAVI
CSVGSEQFF	SELVIGAVI
CASSPLDQPYNEQFF	SELVIGAVI
CASSIVKVISGSYEQYF	SELVIGAVI
CASSGTRDSTYEQYF	SELVIGAVI
CASSLQTGYNEQFF	SELVIGAVI
CSARDPDRVYEQYF	SELVIGAVI
CASSPLQGIYEQFF	SELVIGAVI
CASSIAAGVPHEQYF	SELVIGAVI
CASGSEGGHEQFF	SELVIGAVI
CASSPEGGRDEQFF	SELVIGAVI
CASSFEGGLTEAFF	SELVIGAVI
CASSHVQINEQFF	SELVIGAVI
CALGRAVCADTQYF	SELVIGAVI
CASTGGTGVGNEQFF	SELVIGAVI
CASSEEWGAGANVLTF	SELVIGAVI
CASGSSAGGSNEQFF	SELVIGAVI
CASSTRDSVSDTQYF	SELVIGAVI
CASSIGAGLNNEQFF	SELVIGAVI
CASSFLDYTGELFF	SELVIGAVI
CASSPAEAGANNEQFF	SELVIGAVI
CASSPTLLGGTDTQYF	SELVIGAVI
CASSLFLGNEQFF	SELVIGAVI
CASSYDSSGSEYF	SELVIGAVI
CASSLSRDSTYEQYF	SELVIGAVI
CASSSASGNEQFF	SELVIGAVI
CASSSIEGALYGYTF	SELVIGAVI
CASSLDSGGAYEQYF	SELVIGAVI
CASSPTVSPSGRYEQFF	SELVIGAVI
CASSSAPLAENTGELFF	SELVIGAVI
CSARDPSGSYEQYF	SELVIGAVI
CASSHLARNTEAFF	SELVIGAVI
CASSQPGLAHEQYF	SELVIGAVI
CASSLSWESYEQYF	SELVIGAVI
CASSGLDRNDNEFF	SELVIGAVI
CASSLYNTDTQYF	SELVIGAVI
CASSPLAGPNTDTQYF	SELVIGAVI
CASSPRTGGSEQFF	SELVIGAVI
CASSPIGTGEGSSYNSPLHF	SELVIGAVI
CASRPGTYEQYF	SELVIGAVI
CASSFEGGASYEQYF	SELVIGAVI
CSARDRDRVETQYF	SELVIGAVI
CASRWTVDSDTQYF	SELVIGAVI
CASSLHRDVSYEQYF	SELVIGAVI
CASSPSGGAYNEQFF	SELVIGAVI
CASSKDLTGGSTGELFF	SELVIGAVI
CASSQTGLAGGGNEQFF	SELVIGAVI
CASSFEGGGTEAFF	SELVIGAVI
CASSPGTDLDGYTF	SELVIGAVI
CASSLSWRETQYF	SELVIGAVI
CASSLAPGTSEGYEQYF	SELVIGAVI
CASSIAAGVANVLTF	SELVIGAVI
CASRVDQPQHF	SELVIGAVI
CASSYFAGVGNTEAFF	SELVIGAVI
CASSRTGSHEQYF	SELVIGAVI
CSARAEYSVNEQFF	SELVIGAVI
CASSYPSLPGELFF	SELVIGAVI
CASSLLAGVTDTQYF	SELVIGAVI
CASSLESTPTYEQYF	SELVIGAVI
CASSIQGTYNEQFF	SELVIGAVI
CASSDRDRANNEQFF	SELVIGAVI
CASTAAGNEQFF	SELVIGAVI
CASSGQGTFEGYTF	SELVIGAVI
CASSIRDRGLDTQYF	SELVIGAVI
CASSPVDSPYEQYF	SELVIGAVI
CASSGRQGASGMDYNEQFF	SELVIGAVI
CASATSLNEQFF	SELVIGAVI
CASSFPGQGGHDEQFF	SELVIGAVI
CASSPGPQEGGELFF	SELVIGAVI
CASSQDGGEQETQYF	SELVIGAVI
CASSMTASSYNSPLHF	SELVIGAVI
CASSISGGVGNEQFF	SELVIGAVI
CASSYSGGSSYNEQFF	SELVIGAVI
CASSFEGALYEQYF	SELVIGAVI
CASSPFGLAESSYNEQFF	SELVIGAVI
CASSSGPLNSPLHF	SELVIGAVI
CASSQDTDRYEQYF	SELVIGAVI
CASSAVAGASYNEQFF	SELVIGAVI
CASSALDRVRHEQYF	SELVIGAVI
CSARDPGQGTYNEQFF	SELVIGAVI
CASSSWDRAGDTQYF	SELVIGAVI
CASSIGRYYEQYF	SELVIGAVI
CASSSLDRGYEQYF	SELVIGAVI
CASGDSSGYSGTQYF	SELVIGAVI
CASSLETSGVTDTQYF	SELVIGAVI
CASSQDMGGRNGYTF	SELVIGAVI
CASSQERGLVDTQYF	SELVIGAVI
CASSLTKDGFGYTF	SELVIGAVI
CASSYERGRDTQYF	SELVIGAVI
CASSLIPKEGGELFF	SELVIGAVI
CASSSTGEETQYF	SELVIGAVI
CASSSAPEAFF	SELVIGAVI
CASLWEPSYNEQFF	SELVIGAVI
CASSYGAFTGELFF	SELVIGAVI
CASSDVPSGRHEQYF	SELVIGAVI
CASSFEGALNEQFF	SELVIGAVI
CASSSSSHSYNEQFF	SELVIGAVI
CASSASGANGNVYNEQFF	SELVIGAVI
CASSQGSSLTGELFF	SELVIGAVI
CASSEDAAQSVHEQYF	SELVIGAVI
CASSPLDGPPGYTF	SELVIGAVI
CASSPGLAGPYEQFF	SELVIGAVI
CASSPNPDRAYEQYF	SELVIGAVI
CASSLSADGTDTQYF	SELVIGAVI
CASSLGLAGTEQFF	SELVIGAVI
CASRQQDIPPQYF	SELVIGAVI
CASSFLDKNTEAFF	SELVIGAVI
CASSEHRDRGYEQYF	SELVIGAVI
CASSFSGESYEQYF	SELVIGAVI
CASSLSVDGITVLTF	SELVIGAVI
CASSFLDRGNTGELFF	SELVIGAVI
CASSQVHGNEQFF	SELVIGAVI
CASSHGEGTEAFF	SELVIGAVI
CASSHGQSSTDTQYF	SELVIGAVI
CASSYVRGGEGTEAFF	SELVIGAVI
CASSPETSGEQFF	SELVIGAVI
CASSFEGGRNEQYF	SELVIGAVI
CASSYLHLDRGLGEQFF	SELVIGAVI
CASSPIDRREQYF	SELVIGAVI
CASSPLDGRANYGYTF	SELVIGAVI
CAISDLRDRVDTEAFF	SELVIGAVI
CASSPLASYNEQFF	SELVIGAVI
CASSRPGDDHSPLHF	SELVIGAVI
CASRGLAGDSGELFF	SELVIGAVI
CASSLEGGGIQYF	SELVIGAVI
CASSDVSGGGTDTQYF	SELVIGAVI
CASSDDRRNEKLFF	SELVIGAVI
CASRIVAGEFYEQYF	SELVIGAVI
CASTNAGGTDTQYF	SELVIGAVI
CASSPGPDNNEQFF	SELVIGAVI
CASSFSRDSQETQYF	SELVIGAVI
CASSVSRDSYEQYF	SELVIGAVI
CSVDPNAIYENEQFF	SELVIGAVI
CASSPGTSGGKWSYNEQFF	SELVIGAVI
CASSQADRGIYEQYF	SELVIGAVI
CASSADDYNEQFF	SELVIGAVI
CASSPGRDEYQETQYF	SELVIGAVI
CASSQQGNEQYF	SELVIGAVI
CASSLGTDSYEQYF	SELVIGAVI
CASSQVPGGLEQFF	SELVIGAVI
CASSEAGVSLNEKLFF	SELVIGAVI
CASSLPDDNFEKLFF	SELVIGAVI
CASSPLLAPHGTQYF	SELVIGAVI
CASSPGQGRRAFF	SELVIGAVI
CASSLSPGLGLETQYF	SELVIGAVI
CASRNFAGEGDTQYF	SELVIGAVI
CASSLLDRETQYF	SELVIGAVI
CASSYVGGGAGELFF	SELVIGAVI
CASSDSSPLHF	SELVIGAVI
CASSQDRAYGVYGYTF	SELVIGAVI
CASSQDRDSSYEQYF	SELVIGAVI
CASSLSHTDTQYF	SELVIGAVI
CSARDESRVETQYF	SELVIGAVI
CASSEEREGAEQFF	SELVIGAVI
CASSFGTGEYEQYF	SELVIGAVI
CASSLTGPETGELFF	SELVIGAVI
CASSLTLGTEAFF	SELVIGAVI
CASSFGYEQYF	SELVIGAVI
CASSEGQDILREQYF	SELVIGAVI
CASSYPGLTGEETQYF	SELVIGAVI
CASSASGTVYGYTF	SELVIGAVI
CASSWASGENEQFF	SELVIGAVI
CASSSVSGEQNTEAFF	SELVIGAVI
CASSPGTGPHTDTQYF	SELVIGAVI
CASSLLNSYNEQFF	SELVIGAVI
CASSILPDEQFF	SELVIGAVI
CASSLPGGAKNIQYF	SELVIGAVI
CASSYFKGNYGYTF	SELVIGAVI
CASSYSGGSSYNEQFF	SELVIGAVI
CASRSALSGANVLTF	SELVIGAVI
CASSLHRDHYEQYF	SELVIGAVI
CASSRASGTYNEQFF	SELVIGAVI
CASSFEGGKYEQYF	SELVIGAVI
CASSFEGGGTQYF	SELVIGAVI
CASSPEGALYEQYF	SELVIGAVI
CASSYSGTGGGETQYF	SELVIGAVI
CSASVAGYSTDTQYF	SELVIGAVI
CASSMAAGVYNEQFF	SELVIGAVI
CASSDPPQGGEAFF	SELVIGAVI
CASRPSGGGLTEQFF	SELVIGAVI
CASKPGGGLTEAFF	SELVIGAVI
CASSQVPGTSYYEQFF	SELVIGAVI
CASTPNLDYNEQFF	SELVIGAVI
CASSFQHNEQFF	SELVIGAVI
CASSPNMDRLYEQYF	SELVIGAVI
CSFYGADEAFF	SELVIGAVI
CASSYSSDSNEQYF	SELVIGAVI
CASSMGVGSVYEQYF	SELVIGAVI
CASSELGETQYF	SELVIGAVI
CASSQVPDFAYEQFF	SELVIGAVI
CASSETPGGAYNEQFF	SELVIGAVI
CASSFIQDSYNEQFF	SELVIGAVI
CASSLSVDSYEQYF	SELVIGAVI
CASSFEGGKTEAFF	SELVIGAVI
CASSLEGGGELFF	SELVIGAVI
CASSLPDSQEQYF	SELVIGAVI
CASSLRQGLKEEKLFF	SELVIGAVI
CASSEFRTGSYEQYF	SELVIGAVI
CASSISAGVGNEQFF	SELVIGAVI
CASRLLDRDNEQFF	SELVIGAVI
CASRQGDTEAFF	SELVIGAVI
CASSLEGTVRETQYF	SELVIGAVI
CASGLLDKAYEQYF	SELVIGAVI
CASSLGTGEQYF	SELVIGAVI
CSAREEPGTDTQYF	SELVIGAVI
CSAQSTEAFF	SELVIGAVI
CASSTSPAGGHTGELFF	SELVIGAVI
CASSLSTGPGNTIYF	SELVIGAVI
CASRTGTFSYEQYF	SELVIGAVI
CASSYSIDSLGEQFF	SELVIGAVI
CASSIGAGTSNEQFF	SELVIGAVI
CASSQDSGPENEKLFF	SELVIGAVI
CASSFEGGAETQYF	SELVIGAVI
CASSPEGGNEQFF	SELVIGAVI
CASSKESDLAGVSQFF	SELVIGAVI
CSARVNGLVALNEQFF	SELVIGAVI
CASSWGHTGELFF	SELVIGAVI
CASSPEGGSPLHF	SELVIGAVI
CASSSGTVNQPQHF	SELVIGAVI
CASSYPLVGGTEAFF	SELVIGAVI
CASSLTDSYEQYF	SELVIGAVI
CASSDIGTRDSNEQFF	SELVIGAVI
CASSLSTGIGEQFF	SELVIGAVI
CASAAGVSYNEQFF	SELVIGAVI
CASSESTDSYEQYF	SELVIGAVI
CASSEHTDRREQYF	SELVIGAVI
CASSIGAGVFNEQFF	SELVIGAVI
CASSPDRDNTGELFF	SELVIGAVI
CASSSPGTGTYEQYF	SELVIGAVI
CASSFPGHSNQPQHF	SELVIGAVI
CASRPTSGRSYEQYF	SELVIGAVI
CASSPYGTIYGYTF	SELVIGAVI
CASSLRVDAYEQYF	SELVIGAVI
CASSPQGAGYTF	SELVIGAVI
CASSFEGGRETQYF	SELVIGAVI
CASSSLQRGDTEAFF	SELVIGAVI
CASSHPGTSPKQFF	SELVIGAVI
CASMTKSSYNEQFF	SELVIGAVI
CASMTTSGEQFF	SELVIGAVI
CASSNRDSAYEQYF	SELVIGAVI
CASSSTGNTGELFF	SELVIGAVI
CASSVSLDSYEQYF	SELVIGAVI
CASSPRDSNTGELFF	SELVIGAVI
CASSQDGLAGDNEQFF	SELVIGAVI
CASSLLAASSYNEQFF	SELVIGAVI
CASSYEAYSYEQYF	SELVIGAVI
CASVVSLDSNEAFF	SELVIGAVI
CASSQHRDSSYEQYF	SELVIGAVI
CASSISAGTTGELFF	SELVIGAVI
CASSTITGGANEKLFF	SELVIGAVI
CASSLWGTGSYEQYF	SELVIGAVI
CASSQVGLNYEQYF	SELVIGAVI
CASSWTGGLNEQFF	SELVIGAVI
CASSPFQGQNTDTQYF	SELVIGAVI
CASSQAWSNSGNTIYF	SELVIGAVI
CASRAEKETQYF	SELVIGAVI
CASSQDYENYGYTF	SELVIGAVI
CASSFPRGGSNTGELFF	SELVIGAVI
CASSYAVPTETEAFF	SELVIGAVI
CASSESSPLHF	SELVIGAVI
CASSPGTGERGLYEQYF	SELVIGAVI
CASSGTSGGAHEQYF	SELVIGAVI
CASSGEGGSNIQYF	SELVIGAVI
CASSISAGGPNEQYF	SELVIGAVI
CATLPRGSYNEQFF	SELVIGAVI
CASSPNVDHGRNEQFF	SELVIGAVI
CASSSPVSYEQYF	SELVIGAVI
CASSLGIGQQETQYF	SELVIGAVI
CASSRGLAGGESYEQYF	SELVIGAVI
CASSLSGPYGPSTDTQYF	SELVIGAVI
CASSVVPGIPEAPLDTQYF	SELVIGAVI
CASSGSEPLDKYNEQFF	SELVIGAVI
CASSLTAGVTYEQYF	SELVIGAVI
CASSLLAGVADTQYF	SELVIGAVI
CASSPPGLTYEQYF	SELVIGAVI
CASSQDRGDLLYGYTF	SELVIGAVI
CASSMGQNTDTQYF	SELVIGAVI
CASRPDRGLNTEAFF	SELVIGAVI
CASSHGLLIEQFF	SELVIGAVI
CASSVTSDTGELFF	SELVIGAVI
CASSLGQESSYEQYF	SELVIGAVI
CASSSVLAGNHEQYF	SELVIGAVI
CASRLSAGVGNEQFF	SELVIGAVI
CASSLEAGQTDTQYF	SELVIGAVI
CASSSTGTDYYEQYF	SELVIGAVI
CATVLCLAKNIQYF	SELVIGAVI
CASSLSSPNYGYTF	SELVIGAVI
CASSLTGGLYEQYF	SELVIGAVI
CASSQPGLAHEQYF	SELVIGAVI
CASSPGRVLNTEAFF	SELVIGAVI
CASSLGQYYEQYF	SELVIGAVI
CASSSAKARTGGANEQFF	SELVIGAVI
CASSSYTGELFF	SELVIGAVI
CASTEVSLGTEAFF	SELVIGAVI
CASSFDPGGTEAFF	SELVIGAVI
CASSIGAGVGNEQFF	SELVIGAVI
CASSLEGGAYEQYF	SELVIGAVI
CASSWTHPSYEQYF	SELVIGAVI
CASSLAISGGDIQYF	SELVIGAVI
CASSTAAGVGNEQFF	SELVIGAVI
CASSHVDRGRDGYTF	SELVIGAVI
CASSYEGGYEQYF	SELVIGAVI
CASGTGADTQYF	SELVIGAVI
CASSWNGGAETQYF	SELVIGAVI
CASSIGGSSYNEQFF	SELVIGAVI
CASSLELGETQYF	SELVIGAVI
CATVQGGSYNEQFF	SELVIGAVI
CASKVGGSYNEQFF	SELVIGAVI
CASSMSRDSWNEQYF	SELVIGAVI
CASSRDGPTTNEKLFF	SELVIGAVI
CASSYETGSYEQYF	SELVIGAVI
CASSPQGTEQFF	SELVIGAVI
CASSPPPQYNEQFF	SELVIGAVI
CASSLSRDRVYEQYF	SELVIGAVI
CASSYSGAGGPLGANVLTF	SELVIGAVI
CASSDSAGAQNEQFF	SELVIGAVI
CASSPSGLPSYEQYF	SELVIGAVI
CASSQASGEGEQFF	SELVIGAVI
CASSPGSTYEQYF	SELVIGAVI
CASSSPVTGSSPLHF	SELVIGAVI
CASSISAGVVNEQYF	SELVIGAVI
CASSFSRDSYEQYF	SELVIGAVI
CASSFPRQGWYEQYF	SELVIGAVI
CASRHLDYNEQFF	SELVIGAVI
CASSSLTGGSNEKLFF	SELVIGAVI
CSARDQQGPGNTIYF	SELVIGAVI
CASSQDQLAGPTGELFF	SELVIGAVI
CASSVDPDRGRTEAFF	SELVIGAVI
CASRGTVDTLPTEAFF	SELVIGAVI
CARRGQPQHF	SELVIGAVI
CASSLVDGELFF	SELVIGAVI
CASSFEGGYTQYF	SELVIGAVI
CASSRHSAPEDNEQFF	SELVIGAVI
CASSLSTSGGVDTQYF	SELVIGAVI
CASSGGSGYYEQYF	SELVIGAVI
RASSLMRAPGYNEQFF	SELVIGAVI
CASSQDLGISETQYF	SELVIGAVI
CASSHTALGTEAFF	SELVIGAVI
CASSLGTDSYEQYF	SELVIGAVI
CASSLISGVYNEQFF	SELVIGAVI
CASSSLDRSYEQYF	SELVIGAVI
CASSDGRGGDQPQHF	SELVIGAVI
CASSLSETQYF	SELVIGAVI
CASSLGTGDSPLHF	SELVIGAVI
CASSGEGGRYEQYF	SELVIGAVI
CASSQVPGDFDPNTEAFF	SELVIGAVI
CASMRVASYNEQFF	SELVIGAVI
CASTPSSPTDTQYF	SELVIGAVI
CASSFEGGTDTQYF	SELVIGAVI
CASSQDSGPENYGYTF	SELVIGAVI
CASSLRQGIEAFF	SELVIGAVI
CASTPNRDTFYEQYF	SELVIGAVI
CASSVQQGDGELFF	SELVIGAVI
CASSLGGRGANTEAFF	SELVIGAVI
CASSRGAESSYNEQFF	SELVIGAVI
CASSMGGSGYNEQFF	SELVIGAVI
CASSLEGGTDTQYF	SELVIGAVI
CASSLVRDGTEAFF	SELVIGAVI
CASSYERTEAFF	SELVIGAVI
CASSFEGGYEQYF	SELVIGAVI
CASSAGQGGLGNTEAFF	SELVIGAVI
CASSFEGGDEQFF	SELVIGAVI
CASSWGDRVYNSPLHF	SELVIGAVI
CASSFGTGLYEQYF	SELVIGAVI
CASSYEGGQETQYF	SELVIGAVI
CASSLGDLSSYEQYF	SELVIGAVI
CASSGHRDSTYEQYF	SELVIGAVI
CASSLGGPEAFF	SELVIGAVI
CASSTSRDRIHEQYF	SELVIGAVI
CASSHPGTGYGDTQYF	SELVIGAVI
CASSQVQVGQGAYTEAFF	SELVIGAVI
CASSVSAGADNEQFF	SELVIGAVI
CASSQVLAGYNEQFF	SELVIGAVI
