CDR3	AA
CASNSGATQYF	RQIAPGQTGK
CASSLGASGSRDNEQFF	RQIAPGQTGK
CASRPPDSSYEQYF	RQIAPGQTGK
CASTSERSGANVLTF	RQIAPGQTGK
CASSPPLYTF	RQIAPGQTGK
CASSSGPEQFF	RQIAPGQTGK
CASSMPRTPGYTF	RQIAPGQTGK
CASKAPSTDTQYF	RQIAPGQTGK
CASSGYEQYF	RQIAPGQTGK
CASSDGTEGRTDTQYF	RQIAPGQTGK
CASSSPAYGYTF	RQIAPGQTGK
CAWSGPTDTQYF	RQIAPGQTGK
CSASGQVDEQYF	RQIAPGQTGK
CASRGYGYTF	RQIAPGQTGK
CASSHPTVPGYTF	RQIAPGQTGK
CASGEIGGGTYEQYF	RQIAPGQTGK
CASSQNMGPRGDGYTF	RQIAPGQTGK
CASPPGLAGGRADTQYF	RQIAPGQTGK
CASSGGLDSYNSPLHF	RQIAPGQTGK
CASSPGSNYGYTF	RQIAPGQTGK
CASSLVGEYEQYF	RQIAPGQTGK
CASSHPSGTGMHF	RQIAPGQTGK
CATSEPLAGDSDTQYF	RQIAPGQTGK
CASSSGELFF	RQIAPGQTGK
CASSQPGQVGYTF	RQIAPGQTGK
CASTTEGGMNTEAFF	RQIAPGQTGK
CAADRTDSPLHF	RQIAPGQTGK
CATLDGGTYGYTF	RQIAPGQTGK
CASSTRTGSPYEQYF	RQIAPGQTGK
CASSPTTGWPHPRFYEQYF	RQIAPGQTGK
CAWSGGDTQYF	RQIAPGQTGK
