CDR3	AA
CASSVWGKAGGPYNEQFF	KTFPPTEPK
CASSPSGRVYNEQFF	KTFPPTEPK
CATSRGTGGVGYGYTF	KTFPPTEPK
CASGFGQGNTIYF	KTFPPTEPK
CASSVTGKPIYNEQFF	KTFPPTEPK
CASISYEQFF	KTFPPTEPK
CASSPKGLVSSDTQYF	KTFPPTEPK
CASSQKPSPYNEQFF	KTFPPTEPK
CASSQGLKDEQFF	KTFPPTEPK
CASSPTGTNKPQHF	KTFPPTEPK
CASSRGARAGRSSYEQYF	KTFPPTEPK
CASSPRDEYEQYF	KTFPPTEPK
CASSTAGRQPQHF	KTFPPTEPK
CASSRVISTGELFF	KTFPPTEPK
CASSRSLEGWTEAFF	KTFPPTEPK
CASRRGKWKLFF	KTFPPTEPK
CASSRGGQPQHF	KTFPPTEPK
CASSQRGRGWGTDTQYF	KTFPPTEPK
CASSSQIGKPQHF	KTFPPTEPK
CASGRTSRGTQYF	KTFPPTEPK
CASSMRSKDEQFF	KTFPPTEPK
CASSPRISTGELFF	KTFPPTEPK
CATSRSQRNGYTF	KTFPPTEPK
CASSPRTSGGNGEQYF	KTFPPTEPK
CASNRGAGELFF	KTFPPTEPK
CASRPTGGSTDTQYF	KTFPPTEPK
CASQRGMLGAQYF	KTFPPTEPK
CASSHMGYEQYF	KTFPPTEPK
CASSSPRFEGEQFF	KTFPPTEPK
CASSRTGLRYEQYF	KTFPPTEPK
CASSLGTRSYEQYF	KTFPPTEPK
CASQGQGETQYF	KTFPPTEPK
CASSPRLQRLHYEQYF	KTFPPTEPK
CATTNGGAAKNIQYF	KTFPPTEPK
CASSPGPGRNQPQHF	KTFPPTEPK
CASSPPFF	KTFPPTEPK
CASSIRQKDEQYF	KTFPPTEPK
CATGKGARSPLHF	KTFPPTEPK
CASSLGRMHSYNSPLHF	KTFPPTEPK
CASSLFEDPNQPQHF	KTFPPTEPK
CASSYFQEGSNQPQHF	KTFPPTEPK
CASSLTGGAGAFF	KTFPPTEPK
CASGFGAGNTIYF	KTFPPTEPK
CASSLESGLATAGEQFF	KTFPPTEPK
CASSQGVSGNTIYF	KTFPPTEPK
CSAKKGTGKGFYTEAFF	KTFPPTEPK
CARLFLNGREGEAFF	KTFPPTEPK
CASGVRVKDEQYF	KTFPPTEPK
CASSLPHQRGGRADTQYF	KTFPPTEPK
CASSVVGKTLANEQFF	KTFPPTEPK
CASSQTSGGRNEQFF	KTFPPTEPK
CASSVHGKTSGRAGEQFF	KTFPPTEPK
CASSVTSKDEQFF	KTFPPTEPK
CASSEKPSGRADTQYF	KTFPPTEPK
CASSLYRAGRIYEQYF	KTFPPTEPK
CASSMRVKDEQYF	KTFPPTEPK
CASSTGGRQPQHF	KTFPPTEPK
CASSPNLAATGELFF	KTFPPTEPK
CASSLGTRSYEQYF	KTFPPTEPK
CASSQGPRGELFF	KTFPPTEPK
CASSQGTSGRAVLF	KTFPPTEPK
CATSRYGQGTYNEQFF	KTFPPTEPK
CATSKQGGTDTQYF	KTFPPTEPK
CASSELLKMNTEAFF	KTFPPTEPK
CASSQNPTEPQHF	KTFPPTEPK
CASSDPNGTSPGEQFF	KTFPPTEPK
CASSPRIGPGGSSYNEQFF	KTFPPTEPK
CASSPDSWNIQYF	KTFPPTEPK
CSVRSGAERSYNEQFF	KTFPPTEPK
CASSLGQGNGYTF	KTFPPTEPK
CATSRDWGPILIQNIQYF	KTFPPTEPK
CASSTGPGYQPQHF	KTFPPTEPK
CASSIPPRDAEQFF	KTFPPTEPK
CASSPLGKSSYNEQFF	KTFPPTEPK
CASRPFSRGNTEAFF	KTFPPTEPK
CASSYRGRGTNNEQFF	KTFPPTEPK
CASSLASGLRYEQYF	KTFPPTEPK
CASSPPWLGSTYEQYF	KTFPPTEPK
ERANNQPQHF	KTFPPTEPK
CASSYRVKDEQYF	KTFPPTEPK
CASSLVANTEAFF	KTFPPTEPK
CAILNLGSYNEQFF	KTFPPTEPK
CASSDRTSGRKVTQYF	KTFPPTEPK
CATSRETSGSYEQYF	KTFPPTEPK
CASIKVAEAYNEQFF	KTFPPTEPK
CASSRRTVGNEKLFF	KTFPPTEPK
CASSSGQGGDGYTF	KTFPPTEPK
CASQRGAADNEQFF	KTFPPTEPK
CASSIRVKDEQYF	KTFPPTEPK
CASSSSSRSYEQYF	KTFPPTEPK
CATSTSGGAAVTGELFF	KTFPPTEPK
CATSRLRNGYNEQFF	KTFPPTEPK
CASSRLAGSAYNEQFF	KTFPPTEPK
CASSELLKMNTEAFF	KTFPPTEPK
CAWSPPWTNTEAFF	KTFPPTEPK
CSASPTGTSYEQYF	KTFPPTEPK
CAHKEGTDTQYF	KTFPPTEPK
CASSSQLKDIQYF	KTFPPTEPK
