CDR3	AA
CASSYAGLPYEQYF	NPANNAAIV
CASQYLGGGIFLASYNEQFF	NPANNAAIV
CASSYSTGGQGSNYGYTF	NPANNAAIV
CASSLGQGAFTEQFF	NPANNAAIV
CASSQDWPNTGELFF	NPANNAAIV
CASSSQGVSTDTQYF	NPANNAAIV
CSHTGEEGHEQFF	NPANNAAIV
CASSQEGGGTDTQYF	NPANNAAIV
CASSSSTAGVGETQYF	NPANNAAIV
CASSLGDRDTEAFF	NPANNAAIV
CSVEISATYEQYF	NPANNAAIV
CSVVPHSDFSGATYEQYF	NPANNAAIV
CASSFLTSGRWDNEQFF	NPANNAAIV
CASSPFSGSSYEQYF	NPANNAAIV
CASADLLAGVGETQYF	NPANNAAIV
CASSTAMTDTQYF	NPANNAAIV
CASSMSGTGTYEQYF	NPANNAAIV
CASSYSSQEHGYTF	NPANNAAIV
CASSQSGEDTQYF	NPANNAAIV
CASSLWTNYEQYF	NPANNAAIV
CASSLYASGSPDEQYF	NPANNAAIV
CASSPGPYVTYEQYF	NPANNAAIV
CASSVADRWGVYNEQFF	NPANNAAIV
CASSVGDRDQPQHF	NPANNAAIV
CASSSSGSPYEQYF	NPANNAAIV
CASSPHLSNTGELFF	NPANNAAIV
CASSQDRTANYGYTF	NPANNAAIV
CASSQGPGQGEVTDTQYF	NPANNAAIV
CASSQGTGIYNEQFF	NPANNAAIV
CASSYGGANNEQFF	NPANNAAIV
CASSLNPGEAYEQYF	NPANNAAIV
CASSYGQNSYEQYF	NPANNAAIV
CASSPEKPVYNEQFF	NPANNAAIV
CASSLRDRGYEQYF	NPANNAAIV
CASSSSGTYNEQFF	NPANNAAIV
CASSLVGGPSYNEQFF	NPANNAAIV
CASSSDSLEAFF	NPANNAAIV
CASSIVQVAYNEQFF	NPANNAAIV
CASTLSLAQDTQYF	NPANNAAIV
CASSPGGVALNEKLFF	NPANNAAIV
CASSLGDITNEQFF	NPANNAAIV
CSAKQESSYEQYF	NPANNAAIV
CSVDDRTNYGYTF	NPANNAAIV
CASSEWTSGQETQYF	NPANNAAIV
CSARAEGSYEQYF	NPANNAAIV
CASSLGGGGQNIQYF	NPANNAAIV
CASSGGELNTEAFF	NPANNAAIV
CASSQGGGLAYEQYF	NPANNAAIV
CAIWNGNTEAFF	NPANNAAIV
CASSLYGVSYEQYF	NPANNAAIV
CSAQGTSESTDTQYF	NPANNAAIV
CTSSQDKRGQPQHF	NPANNAAIV
CASTGQGAGELFF	NPANNAAIV
CASSLNSGSGNSYNEQFF	NPANNAAIV
CASSYGSSYEQYF	NPANNAAIV
CASSPRDREAGELFF	NPANNAAIV
CASSFGGGLGSYEQYF	NPANNAAIV
CASSLGLGQETQYF	NPANNAAIV
CASSHLDHPIETQYF	NPANNAAIV
CASSLGDRDVGYTF	NPANNAAIV
CSVLLAGASYNEQFF	NPANNAAIV
CASSPGTGSQETQYF	NPANNAAIV
CASSYSGRVDEQYF	NPANNAAIV
CASSLGDQVDTQYF	NPANNAAIV
CSVSGLAGGGDTQYF	NPANNAAIV
CASNRGLYEQYF	NPANNAAIV
CSVEPGLAGNEQFF	NPANNAAIV
CSVEPGQGTDTQYF	NPANNAAIV
CASSILGTNTGELFF	NPANNAAIV
CASSFDTGSYGQYF	NPANNAAIV
CAIQEGHTEAFF	NPANNAAIV
CSVPGAELTDTQYF	NPANNAAIV
CASSLRSGTKITYNEQFF	NPANNAAIV
CASKASGSSYEQYV	NPANNAAIV
CASSLGGAWETQYF	NPANNAAIV
CSARVLAANTGELFF	NPANNAAIV
CATQAWTGAGEAFF	NPANNAAIV
CASSMDPEETGELFF	NPANNAAIV
CASSEDRVVAGANVLTF	NPANNAAIV
CASSIANIMNTEAFF	NPANNAAIV
CASSLSDWDEQFF	NPANNAAIV
CASSIDGGVAYNEQFF	NPANNAAIV
CASSFLPGQRDYGYTF	NPANNAAIV
CASCKSPTGYPTNTQYF	NPANNAAIV
CASSPTLPGGETEAFF	NPANNAAIV
CASSAGTLGDSPLHF	NPANNAAIV
CATSSPGGTGKTDTQYF	NPANNAAIV
CASSIKHISGNTIYF	NPANNAAIV
CASSFGAAVSTDTQYF	NPANNAAIV
CASSRTSAPYEQYF	NPANNAAIV
CASSLTEGSDTQYF	NPANNAAIV
CASTTGGFVDEQFF	NPANNAAIV
CASSFGEVSEQYV	NPANNAAIV
CASSLWGLNTEAFF	NPANNAAIV
CASSMGSGGYEQYF	NPANNAAIV
CASSPPVLGTGVWPDTQYF	NPANNAAIV
CASSYFAGEETQYF	NPANNAAIV
CASSWSNTEAFF	NPANNAAIV
CASSSLGGGPDAFF	NPANNAAIV
CASKEGRGQPPYEQYF	NPANNAAIV
CSAIDGVNTEAFF	NPANNAAIV
CASSLWQGNQPQHF	NPANNAAIV
CASSDPGGGTDTQYF	NPANNAAIV
CASSLRRDRVEKLFF	NPANNAAIV
CASSSHRGGDEQFF	NPANNAAIV
CASSSGQGMAGELFF	NPANNAAIV
CASSLPTGVETQYF	NPANNAAIV
CSARVPGLGGYTF	NPANNAAIV
CASSAGLAGVWQETQYF	NPANNAAIV
CASSLSAGNTDTQYF	NPANNAAIV
CSVEVLGVTEAFF	NPANNAAIV
CASSAGQGAYEQYF	NPANNAAIV
CATSRDREGDNEQFF	NPANNAAIV
CASSFSEANEQFF	NPANNAAIV
CASSYSGAGAKYNEQFF	NPANNAAIV
CSARQTQTDPRGEQYF	NPANNAAIV
CASSLDPASYEQYF	NPANNAAIV
CASSYEGQGDSYEQYF	NPANNAAIV
CASSPTSITGELFF	NPANNAAIV
CASSYSGQIQVYGYTF	NPANNAAIV
CASSYTDNPYEQYF	NPANNAAIV
CASSYGGLTDEQFF	NPANNAAIV
CASSILKVNTGELFF	NPANNAAIV
CASSVGPTYEQYF	NPANNAAIV
CASSSLGDEQFF	NPANNAAIV
CASSYFAGPYEQYF	NPANNAAIV
CASSSPRTSGERSTDTQYF	NPANNAAIV
CASSPTTTVNTEAFF	NPANNAAIV
CASNVPSGIKNEQFF	NPANNAAIV
CASSPPGAQYF	NPANNAAIV
CALCPAGATDTQYF	NPANNAAIV
CATSRGADTNYEQYF	NPANNAAIV
CASSLVWRGGQSDTQYF	NPANNAAIV
CASSFRLAGGLETQYF	NPANNAAIV
CASSQPGQDLLQSGYTF	NPANNAAIV
CASSEFLGSTYEQYF	NPANNAAIV
CASSEWGRSSNQPQHF	NPANNAAIV
CASSQEKGQLNTGELFF	NPANNAAIV
