CDR3	AA
CASREGQPYEQYF	TLIGDCATV
CASSVGGGYNEQFF	TLIGDCATV
CASRDRGSYDSQYF	TLIGDCATV
CASSEDSTNTEAFF	TLIGDCATV
CASSLAGTGVIYEQYF	TLIGDCATV
CASSVHLMANQPQHF	TLIGDCATV
CAIASAGYNEQFF	TLIGDCATV
CASSFSAYLARPDNEQFF	TLIGDCATV
CASSFLGITGELFF	TLIGDCATV
CATSDPVIELGQETQYF	TLIGDCATV
CASTTAGGTDTQYF	TLIGDCATV
CASTSRTDTQYF	TLIGDCATV
CASRPGAGTEAFF	TLIGDCATV
CASRTSGSYPEQFF	TLIGDCATV
CASSQGAGGGHNEQFF	TLIGDCATV
CASSLGSSYEQYF	TLIGDCATV
CASRTSGSLNEQFF	TLIGDCATV
CASSIGLAGAKTLLQETQYF	TLIGDCATV
CASSLLAGGQETQYF	TLIGDCATV
CASSMRETLQNSPLHF	TLIGDCATV
CASSKGGLVQPQHF	TLIGDCATV
CASRDRGDEQYF	TLIGDCATV
CASSDALVTNEQFF	TLIGDCATV
CASRTSGGRETQYF	TLIGDCATV
CASGGFTGANVLTF	TLIGDCATV
CASIDASGSLGEQFF	TLIGDCATV
CSVIKSGNTIYF	TLIGDCATV
CASSVAGGRTDTQYF	TLIGDCATV
CASSFGLAGEGEQFF	TLIGDCATV
CASSPFEGGSYEQYF	TLIGDCATV
CASSPYGTGSSGTQYF	TLIGDCATV
CASSRTGLAGESSTDTQYF	TLIGDCATV
CASIPGTGRLDTQYF	TLIGDCATV
CAISDNGKASSGANVLTF	TLIGDCATV
CASWGFLSDNEQFF	TLIGDCATV
CASSLWGADYEQYF	TLIGDCATV
CATSDLFGTGDGHEQFF	TLIGDCATV
CATRENAGFNEQFF	TLIGDCATV
CASSPLDREDEQFF	TLIGDCATV
CASSLGGANTEAFF	TLIGDCATV
CASSPGTGFNTIYF	TLIGDCATV
CASSQDQYRARRDEQYF	TLIGDCATV
CASSAPGDQPQHF	TLIGDCATV
CASRPAGGPHEQYF	TLIGDCATV
CASSPRGGGLNTEAFF	TLIGDCATV
CASSYPSAAALRNQPQHF	TLIGDCATV
CASRISGGYETQYF	TLIGDCATV
CASSVSGRSGEQYF	TLIGDCATV
CATSAGRVGLTDTQYF	TLIGDCATV
CASRGGPENNEQFF	TLIGDCATV
CASSPGGSGELFF	TLIGDCATV
CASSHDGSSYNEQFF	TLIGDCATV
CASSQEAGATSYEQYF	TLIGDCATV
CASSPWVTEAFF	TLIGDCATV
CASSATGLAGDEQYF	TLIGDCATV
CASSLEAGGGYNEQFF	TLIGDCATV
CASSEWGGNEQFF	TLIGDCATV
CASSSRAPLLNSPLHF	TLIGDCATV
CASSFGTGGSEEQYF	TLIGDCATV
CASSGPGWTEAFF	TLIGDCATV
CASSPSGTGELFF	TLIGDCATV
CASSQDWGGNEQFF	TLIGDCATV
CASRLAGGRDEQFF	TLIGDCATV
CATTRQQDAGELFF	TLIGDCATV
CASRTSGSGGEQFF	TLIGDCATV
CASSVTGSFTDTQYF	TLIGDCATV
CASSLIQREQYF	TLIGDCATV
CATSVVGGFSQGYTF	TLIGDCATV
CASSLEVTGELFF	TLIGDCATV
CATSDQAGPSTDTQYF	TLIGDCATV
CATSSQVISNQPQHF	TLIGDCATV
CARSFPGSSYEQYF	TLIGDCATV
CASSLEGGGYEQYF	TLIGDCATV
CASSEAPGLAGDSSYNEQFF	TLIGDCATV
CASSKVSGHQNTEAFF	TLIGDCATV
CAISVGRGNQPQHF	TLIGDCATV
CASSLSGMSSYEQYF	TLIGDCATV
CASSPLPGLADYNEQFF	TLIGDCATV
CATLYAGGAGGYTF	TLIGDCATV
CATTQVGTGEFEQFF	TLIGDCATV
CASSLITSRAYEQYF	TLIGDCATV
CASRGTSGSSYNEQFF	TLIGDCATV
CASSSGGQGFYEQYF	TLIGDCATV
CATRGQEHNEQFF	TLIGDCATV
CASSQILAGFNEQFF	TLIGDCATV
CASTAFKLAGGPHNEQFF	TLIGDCATV
CASSYSSGGTEAFF	TLIGDCATV
CASSPYGTGSTTNYGYTF	TLIGDCATV
CASSEPDPGTSGVKYF	TLIGDCATV
CASSPLAGVADTQYF	TLIGDCATV
CASSSRGLAQYF	TLIGDCATV
CASSPLSGTLTGELFF	TLIGDCATV
CASSSTSLTSPNNEQFF	TLIGDCATV
CATSRDLTGVRETQYF	TLIGDCATV
CASSLAGPRETQYF	TLIGDCATV
CASRIQGLGTEAFF	TLIGDCATV
CAIKTIAGPADTQYF	TLIGDCATV
CASSEGTGPYEQYF	TLIGDCATV
CASSYGGSYNEQFF	TLIGDCATV
CASSWAGGYNEQFF	TLIGDCATV
CSASKGGTEAFF	TLIGDCATV
CASSLAGELDTQYF	TLIGDCATV
CASSPTSGSGYNEQFF	TLIGDCATV
CASSQERGWNTEAFF	TLIGDCATV
CASSVAEVGNTEAFF	TLIGDCATV
CASRIAGSSYEQYF	TLIGDCATV
CATREAGGPQPQHF	TLIGDCATV
CASSFGTLRTDTQYF	TLIGDCATV
CATLAGNEQYF	TLIGDCATV
CASSRGMGQGPNQPQHF	TLIGDCATV
CASSQDGGSVPFF	TLIGDCATV
CASKAGGSYEQYF	TLIGDCATV
CASSPGTGADQPQHF	TLIGDCATV
CASSSLGMANEQYF	TLIGDCATV
CASRVGGSLYEQYF	TLIGDCATV
CAISEGQGNQPQHF	TLIGDCATV
CASSQGGSYNEQFF	TLIGDCATV
CASRTSGGPYEQYF	TLIGDCATV
CASSARGRGMTQYF	TLIGDCATV
CASRAQGSPYEQYF	TLIGDCATV
CASSNAVAGFTDTQYF	TLIGDCATV
CASSDALLSYNEQFF	TLIGDCATV
CASSPVGGDDYEQYF	TLIGDCATV
CASGGGTGNSPLHF	TLIGDCATV
CSAPRGGTEAFF	TLIGDCATV
CASSLISANQPQHF	TLIGDCATV
CASSQDLGTYEQYF	TLIGDCATV
CASSSARGLGNTIYF	TLIGDCATV
CASSFVHEQFF	TLIGDCATV
CSVRVATGGSNEQFF	TLIGDCATV
CASSPSLAYTSTDTQYF	TLIGDCATV
CASQTVATDTQYF	TLIGDCATV
CASSDRGNEQFF	TLIGDCATV
CASSLGQGIVGYGYTF	TLIGDCATV
CASSLSGWEGANVLTF	TLIGDCATV
CASSFTRTGGSGYTF	TLIGDCATV
CATRDSTNTEAFF	TLIGDCATV
CASRIAGSSYEQYF	TLIGDCATV
CASRHSGSPYEQYF	TLIGDCATV
CASSYLGGGYNEQFF	TLIGDCATV
CASRIAGGPGEQYF	TLIGDCATV
CASSLAAGFAEAFF	TLIGDCATV
CASRGVGETQYF	TLIGDCATV
CASQLTGTNTEAFF	TLIGDCATV
CASSEDRNTGELFF	TLIGDCATV
CASKRAGSETQYF	TLIGDCATV
CASSQDLGTYEQYF	TLIGDCATV
CASSHLESGGFTDTQYF	TLIGDCATV
CASSPEAGGNYGYTF	TLIGDCATV
CASTPVQAYNEQFF	TLIGDCATV
CASSSDRGPLQNSPLHF	TLIGDCATV
CASSHLSVSHYEQYF	TLIGDCATV
CSARDFPPHIQYF	TLIGDCATV
CATSDLGRMNTGELFF	TLIGDCATV
CASCVAGSHQPQHF	TLIGDCATV
CSARAVTSGPSYEQYF	TLIGDCATV
CASSLVWQNNEQFF	TLIGDCATV
CASSPKQPNQPQHF	TLIGDCATV
CASSVEGQGYPPADTQYF	TLIGDCATV
CASTSDATNEKLFF	TLIGDCATV
CAISLDRVYEQYF	TLIGDCATV
CASTPTGTSAYEQYF	TLIGDCATV
CASSLTGISTDTQYF	TLIGDCATV
CATSVGSANTGELFF	TLIGDCATV
CAISEGQGHQPQHF	TLIGDCATV
CASSLGQGLRYF	TLIGDCATV
CASRVAGAPYEQYF	TLIGDCATV
CASSPYGPGYEQYF	TLIGDCATV
CASRTSGSTYEQYF	TLIGDCATV
CASSVSGTGTEAFF	TLIGDCATV
CASSLWVLAGAQETQYF	TLIGDCATV
CASSLGTANTGELFF	TLIGDCATV
CSVGAALPQHF	TLIGDCATV
CASSLKGALDNSPLHF	TLIGDCATV
CASTYRTGMNTEAFF	TLIGDCATV
CASSLVLAGEQYF	TLIGDCATV
CSVSNPLLGEQYF	TLIGDCATV
CASSFDFGDRSYEQYF	TLIGDCATV
CASSVSGTGSMGYTF	TLIGDCATV
CATLPSQGVNEQYF	TLIGDCATV
CASSLILGQGFDGNQPQHF	TLIGDCATV
CASSLALSEGPLHF	TLIGDCATV
CASSEVELITGELFF	TLIGDCATV
CASSAIAGAGEQFF	TLIGDCATV
CASSPIRNTGELFF	TLIGDCATV
CASSFVIPADTQYF	TLIGDCATV
CASSVMGLSTDTQYF	TLIGDCATV
CATRTSGGPYEQYF	TLIGDCATV
CASSLLAAGGEQFF	TLIGDCATV
CASRILAGYNEQFF	TLIGDCATV
CASSYGQQGVEYEQYF	TLIGDCATV
CASSQVGSGQVNQPQHF	TLIGDCATV
CASSLSSSGGTYEQYF	TLIGDCATV
CASSLGSAGLSPLHF	TLIGDCATV
CASSIGTGRGQETQYF	TLIGDCATV
CASSPWTGGNYGYTF	TLIGDCATV
CASSASGELDTQYF	TLIGDCATV
CASSKERESSKQFF	TLIGDCATV
CASSPYQGAGGEQFF	TLIGDCATV
CASSQGVWTSGGHQETQYF	TLIGDCATV
CASSFGGNEQFF	TLIGDCATV
CASSISPFRDPNYEQYF	TLIGDCATV
CASSVVGLAGNEQFF	TLIGDCATV
CASSQETGFTEAFF	TLIGDCATV
CATRDSSYNEQFF	TLIGDCATV
CASSSAGGWEPQHF	TLIGDCATV
CASIREVGRGHTDTQYF	TLIGDCATV
CASSGRRGDGSNTEAFF	TLIGDCATV
CASSGPSSGRPISYEQYF	TLIGDCATV
CSASQGLAGVDTQYF	TLIGDCATV
CASSPGTGNRDTGELFF	TLIGDCATV
CASSLVSSSYNEQFF	TLIGDCATV
CATSEGGANTGELFF	TLIGDCATV
CASGGSLRQPQHF	TLIGDCATV
CASRTSGSFYEQYF	TLIGDCATV
CASGLGLSYEQYF	TLIGDCATV
CASNFVGGNQPQHF	TLIGDCATV
CASSLAGAGELFF	TLIGDCATV
CASSDRGDTQYF	TLIGDCATV
CASHKGGSRTETQYF	TLIGDCATV
CASSYGGTYNEQFF	TLIGDCATV
CASSEGTGLSAYEQYF	TLIGDCATV
CASSSLADTQYF	TLIGDCATV
CAISPTGGSSYEQYF	TLIGDCATV
CASSFLALGEQYF	TLIGDCATV
CAISGGGRFLSSYNEQFF	TLIGDCATV
CASSLVGGGTDTQYF	TLIGDCATV
CASSVALGTYNEQFF	TLIGDCATV
CASRPSGGETEQFF	TLIGDCATV
CASSQDIATPNTEAFF	TLIGDCATV
CASSLSGWVMDNEQFF	TLIGDCATV
CATSDLLGTSGRVYEQFF	TLIGDCATV
CASSWPGHSTDTQYF	TLIGDCATV
CASSFSWRVNYNEQFF	TLIGDCATV
CASSLGDSPEAFF	TLIGDCATV
CASRLFGAGLSGELFF	TLIGDCATV
CATSAGGGPPYYEQYF	TLIGDCATV
CASRASGSPYEQYF	TLIGDCATV
CASSFLGGGDNEQFF	TLIGDCATV
CASRVSGSPYEQYF	TLIGDCATV
CASSYSTGGTEAFF	TLIGDCATV
CASSRRTSGGAFDTQYF	TLIGDCATV
CASRTSGSFYEQYF	TLIGDCATV
CASSLGARGYTF	TLIGDCATV
CASTLRGDEQYF	TLIGDCATV
CASSDDSWNQPQHF	TLIGDCATV
CSARVPGTSGRDEQFF	TLIGDCATV
CASSLFPGTPKNIQYF	TLIGDCATV
CASSTYTGDYEQYF	TLIGDCATV
CASREGEQYF	TLIGDCATV
CASSLPLGSYNEQFF	TLIGDCATV
CASGGDRPNEQFF	TLIGDCATV
CASSHPFGQGSYEQYF	TLIGDCATV
CASRFAGTSGRNEQYF	TLIGDCATV
CASSYSTTPTWGTSGRMISYNEQFF	TLIGDCATV
CASSYARGEPKETQYF	TLIGDCATV
CASSLGVGELFF	TLIGDCATV
CARGWLQGSPKETQYF	TLIGDCATV
CASSNRFVAGEFTGELFF	TLIGDCATV
CASSLSGRASEQFF	TLIGDCATV
CASSLLGAGSNTQYF	TLIGDCATV
CASSLVSREQFF	TLIGDCATV
CANRRTGTDEQYF	TLIGDCATV
CATSDLPGTSVNNEQFF	TLIGDCATV
CASSQGGVYNEQFF	TLIGDCATV
CASSDSQGTFLDNEQFF	TLIGDCATV
CASSLFWGPQETQYF	TLIGDCATV
CASRLLAGGLNEQFF	TLIGDCATV
CATRTSGGPYTQYF	TLIGDCATV
CASSLTGGLMDEQFF	TLIGDCATV
CSAGVGTSGSSYEQYF	TLIGDCATV
CASSLAGTRGEQFF	TLIGDCATV
CASSLTRYYEQYF	TLIGDCATV
CSVRPGDRMAADTQYF	TLIGDCATV
CASSLSGSLSDTQYF	TLIGDCATV
CASSSVGLAGYNEQFF	TLIGDCATV
CASSGQSYTEAFF	TLIGDCATV
CASSVYTLGSETQYF	TLIGDCATV
CATRKDGHQPQHF	TLIGDCATV
CASSVSTEAFF	TLIGDCATV
CASSPTVPSTDTQYF	TLIGDCATV
CASSEAGETQYF	TLIGDCATV
CASSQFGTWGHEQFF	TLIGDCATV
CASRQEGPGPYNEQFF	TLIGDCATV
CASSPISGREYEQYF	TLIGDCATV
CASSFAGHEQFF	TLIGDCATV
CASSGNTEAFF	TLIGDCATV
CASRIAGGPYEQYF	TLIGDCATV
CASRLSGSLYEQYF	TLIGDCATV
CASSRIHTDTQYF	TLIGDCATV
CASRAELAKNIQYF	TLIGDCATV
CASSLVLPDNEQFF	TLIGDCATV
CASRTSGTSYEQYF	TLIGDCATV
CASSVEAGTGEQYF	TLIGDCATV
CASRPMFGSSMNTEAFF	TLIGDCATV
CASSSLAGGTDTQYF	TLIGDCATV
CSARDTPSIDRPLRGYTF	TLIGDCATV
CASSPDTPWEQFF	TLIGDCATV
CASRDRGSEQYF	TLIGDCATV
CATSDLPGTSSYNEQFF	TLIGDCATV
CASSLEVTGELFF	TLIGDCATV
CASRTSGSSYEQYF	TLIGDCATV
CASSLTGLSGANVLTF	TLIGDCATV
CASAPSSGNTIYF	TLIGDCATV
CASSMVGSAREAFF	TLIGDCATV
CSAKGGGIPGEQYF	TLIGDCATV
CASSLSGGGPPGTQYF	TLIGDCATV
CASNPGGSWTEAFF	TLIGDCATV
CASSVTSNQPQHF	TLIGDCATV
CASSLSGGVIEVFSTDTQYF	TLIGDCATV
CASRYKGTGEQFF	TLIGDCATV
CASSSPTDTQYF	TLIGDCATV
CASSTKDSHQETQYF	TLIGDCATV
CASSERTLNTEAFF	TLIGDCATV
CASSLLAGGGEQFF	TLIGDCATV
CASSPGGASLLYGYTF	TLIGDCATV
CASSPGFPNEQYF	TLIGDCATV
CATSDLGLANTGELFF	TLIGDCATV
CASSQGVVPSGMGETQYF	TLIGDCATV
CASSLGQSSYEQYF	TLIGDCATV
CASSLLGMGKGYTF	TLIGDCATV
CASMKDRALSQRGYTF	TLIGDCATV
CASSKQGDDFTYQPQHF	TLIGDCATV
CASSLDSRVLEQYF	TLIGDCATV
CASSLLTSGIYEQYF	TLIGDCATV
CASSLVGGGTEAFF	TLIGDCATV
CASSQEWSLTGELFF	TLIGDCATV
CASSSSGDRITDTQYF	TLIGDCATV
CASSLAGIYTDTQYF	TLIGDCATV
CASSRIFGQGSGYGYTF	TLIGDCATV
CATADRGDEQYF	TLIGDCATV
CASSRRGSGIGTDTQYF	TLIGDCATV
CASSAPILAGGRGTDTQYF	TLIGDCATV
CASSGPLNYGYTF	TLIGDCATV
CASSLVTGTVSGQQYF	TLIGDCATV
CASSDPRDRSYNEQFF	TLIGDCATV
CASSVSRGPPYNEQFF	TLIGDCATV
CASSFQGSYEQYF	TLIGDCATV
CASRIAGGPYEQFF	TLIGDCATV
CASSLYGQSYEQYF	TLIGDCATV
CASSPTGTNEKLFF	TLIGDCATV
CASSITGGGNTEAFF	TLIGDCATV
CASSSRPGSYNEQFF	TLIGDCATV
CASRLAGAPDTQYF	TLIGDCATV
