CDR3	AA
CASSQGPAQETQYF	FLLPSLATV
CASSITNEKLFF	FLLPSLATV
CASSAWGRDGYTF	FLLPSLATV
CASSVTSVEQFF	FLLPSLATV
CASSARDGRTDTQYF	FLLPSLATV
CASSLQTGSYEQYF	FLLPSLATV
CASGTSGGALDTQYF	FLLPSLATV
CASSQESQNQYQPQHF	FLLPSLATV
CASSTRDGYNEQFF	FLLPSLATV
CASSYSIAGGDEQYF	FLLPSLATV
CASSLTGSYEQYF	FLLPSLATV
CASSQDIVSYEQYF	FLLPSLATV
CASSSRDRDTDTQYF	FLLPSLATV
CASSLAGAGTYYGYTF	FLLPSLATV
CASSLEGTLFVNEQFF	FLLPSLATV
CASSPIGKTGELFF	FLLPSLATV
CASTPDSNSYEQYF	FLLPSLATV
CASSLTGSYEQYF	FLLPSLATV
CASSSSGSYNEQFF	FLLPSLATV
CASSLWSGGNQPQHF	FLLPSLATV
CASSPHRGEEVNEQFF	FLLPSLATV
CASSLIPTDTQYF	FLLPSLATV
CASSQELAAGELFF	FLLPSLATV
CASSTGTGTYEQYF	FLLPSLATV
CASNVITGELFF	FLLPSLATV
CASSLSTGTYEQYF	FLLPSLATV
CASSLTGSQPQHF	FLLPSLATV
CASSNSYEQYF	FLLPSLATV
CASSTDSSYEQYF	FLLPSLATV
CASSLAGGDGEQFF	FLLPSLATV
CASSSRGGPADTQYF	FLLPSLATV
CASSEDGMNTEAFF	FLLPSLATV
CASSLRDGTYEQYF	FLLPSLATV
CASGGTLQETQYF	FLLPSLATV
CSATNPTGGEEKLFF	FLLPSLATV
CASSSIGGTGANTEAFF	FLLPSLATV
CASSESWTGELFF	FLLPSLATV
CASSPDFSAVNTEAFF	FLLPSLATV
CASSQTGWGGYTF	FLLPSLATV
CSARDLGVGGDEQFF	FLLPSLATV
CASSLGGLYNEQFF	FLLPSLATV
CASAPALQYGYTF	FLLPSLATV
CASSNLADPQYF	FLLPSLATV
CASSLEGQASSYEQYF	FLLPSLATV
CASRLTDSFEQYF	FLLPSLATV
CASSEGAEQFF	FLLPSLATV
CASSSLITEQYF	FLLPSLATV
CASSLALEPEAFF	FLLPSLATV
CASSSAYEQYF	FLLPSLATV
CASSARTPDTQYF	FLLPSLATV
CSVGGGEAIYEQYF	FLLPSLATV
CASSPREGRTDTQYF	FLLPSLATV
CASSLYVGDGDTQYF	FLLPSLATV
CASSLTGSYEQYF	FLLPSLATV
CASSLWGNSYEQYF	FLLPSLATV
CASSWTGTGFNQPQHF	FLLPSLATV
CASTPGGDEQFF	FLLPSLATV
CASSFAGLNTEAFF	FLLPSLATV
CASSPIGGIYNEQFF	FLLPSLATV
CSARADTGVYEQYF	FLLPSLATV
CASSLTGTGYEQYF	FLLPSLATV
CASSPRDRDTDTQYF	FLLPSLATV
CSVDIGQGAGEQFF	FLLPSLATV
CASSLTGSYEQYF	FLLPSLATV
CASRLVPNNEQFF	FLLPSLATV
CASSEAVAIGTQPQHF	FLLPSLATV
CASSQDPSGSYNEQFF	FLLPSLATV
CASSLFVDGYTF	FLLPSLATV
CASSLNTGELFF	FLLPSLATV
CASSLTGSYEQYF	FLLPSLATV
CASSPRGGEAFF	FLLPSLATV
CASSPSGVEQFF	FLLPSLATV
CSARDLKGAPGYTF	FLLPSLATV
CAWSLTSGSEQFF	FLLPSLATV
CASSYSLAGVTDTQYF	FLLPSLATV
CASSLWGERAEAFF	FLLPSLATV
CSATQPLTFTNEQFF	FLLPSLATV
CASIAGAYNEQFF	FLLPSLATV
CASLAGDLDEQFF	FLLPSLATV
CASSSGTGTYEQYF	FLLPSLATV
CATSRDAGGYYEQYF	FLLPSLATV
CASSLTGSYEQYF	FLLPSLATV
CAWSVIGELFF	FLLPSLATV
CASSQGGQGFYEQYF	FLLPSLATV
CASSFPGQPQHF	FLLPSLATV
CASSWGDEQFF	FLLPSLATV
CASSLGRNTGELFF	FLLPSLATV
CASSHGTKEFF	FLLPSLATV
CASSPSNALVISYNEQFF	FLLPSLATV
CSVAWESEGFF	FLLPSLATV
CASSSNGYEQYF	FLLPSLATV
CASSQVAGAPNTGELFF	FLLPSLATV
CASSHLYGGYEQYF	FLLPSLATV
CASSLGGSAETQYF	FLLPSLATV
CASSLGTLGFYEQYF	FLLPSLATV
CASSYIAGYTDTQYF	FLLPSLATV
CASSGGNGGAKETQYF	FLLPSLATV
CASSLTNDGTNYEQYF	FLLPSLATV
CAAGLAGREQFF	FLLPSLATV
CASSATASYEQYF	FLLPSLATV
CSAWSLPTDTQYF	FLLPSLATV
CASSLYGGTAGVEQFF	FLLPSLATV
CASSWMGSPLHF	FLLPSLATV
CASSEMGPSPLHF	FLLPSLATV
CASRAGTGAGWELFF	FLLPSLATV
CASSPKDSFTDTQYF	FLLPSLATV
CASSLTGDVGKAFF	FLLPSLATV
CASSLEPPSGGVSYEQYF	FLLPSLATV
CASSLTGDYEQYF	FLLPSLATV
CASSLGQLYEQYF	FLLPSLATV
CASSRTRGGWTEAFF	FLLPSLATV
CASSLSLDSWQPQHF	FLLPSLATV
CASRFVGGGQNEQFF	FLLPSLATV
CASSAGTGELFF	FLLPSLATV
CASSLESKPYEQYF	FLLPSLATV
CASSLTGSYEQYF	FLLPSLATV
CASTTPGREQYF	FLLPSLATV
CASSLRGSAEAFF	FLLPSLATV
CASSASYEQYF	FLLPSLATV
CASRLAGVYNEQFF	FLLPSLATV
CASSLVEGSYNSPLHF	FLLPSLATV
CSARDLEGLYEQYF	FLLPSLATV
CPRRTPNTGELFF	FLLPSLATV
CASSLDGTVSLTGNTIYF	FLLPSLATV
CASSLTVYNEQFF	FLLPSLATV
CASSLGETQYF	FLLPSLATV
CASRNTGTDEQYF	FLLPSLATV
CASSQEGTAYEQYF	FLLPSLATV
CSVAGTSTDTQYF	FLLPSLATV
CASSLTGEIDTQYF	FLLPSLATV
CASSLADTHLYEQYF	FLLPSLATV
CASSLTGNSGNTIYF	FLLPSLATV
CASSYRGQGYEQYF	FLLPSLATV
CASSLWGNSYEQYF	FLLPSLATV
CASSRELVEQFF	FLLPSLATV
