CDR3	AA
CASSVGSGDGYTF	GVEHVTFFIY
CASSLGTGDGYTF	GVEHVTFFIY
CASSNTRSGNGYTF	GVEHVTFFIY
CASSLGQGDGYTF	GVEHVTFFIY
CSARDWGDTQYF	GVEHVTFFIY
CATSRRDRRGNQPQHF	GVEHVTFFIY
CASSPGYTDTQYF	GVEHVTFFIY
CASSVGQGNGYTF	GVEHVTFFIY
CASSEHGTPTGELFF	GVEHVTFFIY
CASSGPGLAGYEQYV	GVEHVTFFIY
CASSQGYTGDSNQPQHF	GVEHVTFFIY
CASSFVYDSTYEQYF	GVEHVTFFIY
CASSLGQGGAQYF	GVEHVTFFIY
CASSVGQGAGYTF	GVEHVTFFIY
CASSFDFNSGPPSSGANVLTF	GVEHVTFFIY
CASSEASGSGANVLTF	GVEHVTFFIY
CASSPTRDRGAGELFF	GVEHVTFFIY
CASTGGSSNQPQHF	GVEHVTFFIY
CASSLGLGGELFF	GVEHVTFFIY
CSVVEREAFF	GVEHVTFFIY
CASSVGQGDGYTF	GVEHVTFFIY
CASSTGQGDGYTF	GVEHVTFFIY
CASSLGMGGEQYF	GVEHVTFFIY
CASGLPGQGYNEQFF	GVEHVTFFIY
CASSFGQGDTQYF	GVEHVTFFIY
CASSPGDEQFF	GVEHVTFFIY
CSARREGTEQFF	GVEHVTFFIY
CASSVGQGAGYTF	GVEHVTFFIY
CASSTETGMNTEAFF	GVEHVTFFIY
CASSPGQGAPDNQPQHF	GVEHVTFFIY
CASSLYFSGGHNEQFF	GVEHVTFFIY
CASSPSPTPGSYEQFF	GVEHVTFFIY
CASTLPHAEGLAGQETQYF	GVEHVTFFIY
CASSLGQGGPQYF	GVEHVTFFIY
CASSVGQGAGYTF	GVEHVTFFIY
CASSGLAGGRYNEQFF	GVEHVTFFIY
CSVDSGRASPNEQFF	GVEHVTFFIY
CASSVGQGYNEQFF	GVEHVTFFIY
CATSRVGGEQYF	GVEHVTFFIY
CASSHEDSFPSTDTQYF	GVEHVTFFIY
CASTLGLSGRETQYF	GVEHVTFFIY
CASSTGQGEGYTF	GVEHVTFFIY
CASSLSRGALHEQYF	GVEHVTFFIY
CASSLGGNSPLHF	GVEHVTFFIY
CASSLGQGGGLTF	GVEHVTFFIY
CASSPHFPGELFF	GVEHVTFFIY
CASSDWAGLQETQYF	GVEHVTFFIY
CASSSGQGPEQYF	GVEHVTFFIY
CASSLVFAGANTGELFF	GVEHVTFFIY
CASSSGQGGEQYF	GVEHVTFFIY
CASSVLAGYNEQFF	GVEHVTFFIY
CASSPFLLAGETQYF	GVEHVTFFIY
CASSVGQGAGYTF	GVEHVTFFIY
CASRGGDETQYF	GVEHVTFFIY
CASSTGQGGGYTF	GVEHVTFFIY
CASSMGTIYEQYF	GVEHVTFFIY
CASSKGREGPFREQYF	GVEHVTFFIY
CASSLSGGRQETQYF	GVEHVTFFIY
CASSSQYPLDSTDYGYTF	GVEHVTFFIY
