CDR3	AA
CASSAGQNYEQYF	TLATCELYHY
CASSPRGSTEAFF	TLATCELYHY
CASSPGLTYNEQFF	TLATCELYHY
CASSLLGHGPYEQYF	TLATCELYHY
CASSFSPREWHTDTQYF	TLATCELYHY
CASSQDHRNSYGYTF	TLATCELYHY
CASSVDSNQPQHF	TLATCELYHY
CASKDRGSYNEQFF	TLATCELYHY
CASSVGGFTGELFF	TLATCELYHY
CASSLMGIDNQPQHF	TLATCELYHY
CASSLPNTEAFF	TLATCELYHY
CASSLSGFQPQHF	TLATCELYHY
CSARGAGINDEQYF	TLATCELYHY
CASGEGDNEQFF	TLATCELYHY
CASSGPGQVGVGNEQFF	TLATCELYHY
CASSLSGSVYEQYF	TLATCELYHY
CASSLGAGRYEQYF	TLATCELYHY
CASSLSGTGYTEAFF	TLATCELYHY
CASSLSGIYEQYF	TLATCELYHY
CSARDLEGTTGELFF	TLATCELYHY
CASSLSGGTYEQYF	TLATCELYHY
CASSLYERYEQYF	TLATCELYHY
CASSLTRSYEQYF	TLATCELYHY
CSARDAGLENTGELFF	TLATCELYHY
CASSSGHDWYEQYF	TLATCELYHY
CASSQRSQYF	TLATCELYHY
CAISGTTGTYEQYF	TLATCELYHY
CSARGGLAGSTDTQYF	TLATCELYHY
CASSVLSTDTQYF	TLATCELYHY
CASSSPESQNTGELFF	TLATCELYHY
CASSQVSSSGANVLTF	TLATCELYHY
CASSQGFSGGAAKNIQYF	TLATCELYHY
CSARSTSGRATGELFF	TLATCELYHY
CASSGNRDRDLDF	TLATCELYHY
CASSPGGANGYTF	TLATCELYHY
CASSQAGTSSNEQFF	TLATCELYHY
CASSPDRVSHEQYF	TLATCELYHY
CASSLSNPAVYGYTF	TLATCELYHY
CASSLQGTYQPQHF	TLATCELYHY
CASSFGTGDYEQYF	TLATCELYHY
CASSESPGGETQYF	TLATCELYHY
CASSFSGANTGELFF	TLATCELYHY
CAIPPGDHEQYV	TLATCELYHY
CASSLETGTYEQYF	TLATCELYHY
CASRHRDSLWYNEQFF	TLATCELYHY
CSARDRTQETQYF	TLATCELYHY
CASSPSTGLSNQPQHF	TLATCELYHY
CASSLSGGAGANVLTF	TLATCELYHY
CASSLENRGGYEQYF	TLATCELYHY
CASSSRVGGFSYEQYF	TLATCELYHY
CASSQPGLEQYF	TLATCELYHY
CASSQDRSGTYGYTF	TLATCELYHY
CASSQTEEVGVNEQFF	TLATCELYHY
CAISGESYEQYF	TLATCELYHY
CASSRRGLNTEAFF	TLATCELYHY
CASSLHGGGNTEAFF	TLATCELYHY
CATTIAGGYYEQYF	TLATCELYHY
CASSQGTSLEQFF	TLATCELYHY
CAWSKGLYEQYF	TLATCELYHY
CSARDLAGEGTGELFF	TLATCELYHY
CASSLAGGASSGNTIYF	TLATCELYHY
CASSLPRGGRGNQPQHF	TLATCELYHY
CASSQADAGELFF	TLATCELYHY
CASSTLNTEAFF	TLATCELYHY
CASSLGAGQPQHF	TLATCELYHY
CASSLQGAYGYTF	TLATCELYHY
CASSLTGVYEQYF	TLATCELYHY
CASSYPRQGLAGKNASTDTQYF	TLATCELYHY
CASSQAPWDRLNTGELFF	TLATCELYHY
CASTLPGEANTGELFF	TLATCELYHY
CASSSGGLNYEQYF	TLATCELYHY
CASSLSTGSAGELFF	TLATCELYHY
CATRLTGYYEQYF	TLATCELYHY
CASSPSGYGGNEQFF	TLATCELYHY
CASSLEAGNYEQYF	TLATCELYHY
CASSWGLAGYNEQFF	TLATCELYHY
CASRMGTSEYEQYF	TLATCELYHY
CASSGRLAGNTGELFF	TLATCELYHY
CASSLTGGRELFF	TLATCELYHY
CASSFRGRGWYEQYF	TLATCELYHY
CASSYVRETDTQYF	TLATCELYHY
CSARDQTGTSGTGELFF	TLATCELYHY
CASSLSGVYEQYF	TLATCELYHY
CASSLQGHYGYTF	TLATCELYHY
CASSLQGVNYGYTF	TLATCELYHY
CASSSGTSGINEQFF	TLATCELYHY
CASSLGQGYEQYF	TLATCELYHY
CASSLTGIYEQYF	TLATCELYHY
CASSTAGVSYEQYF	TLATCELYHY
CASSLTGVYEQYF	TLATCELYHY
CASSFPRGDTQYF	TLATCELYHY
CASSQEKLSLTQYF	TLATCELYHY
CASSLGEGYSSILTDTQYF	TLATCELYHY
