CDR3	AA
CSARAEGSYEQYF	NPANNAAIV
CASSGLAAYNEQFF	NPANNAAIV
CASTSTGGGLDQPQHF	NPANNAAIV
CASSLGDITNEQFF	NPANNAAIV
CASSFGTAEVGEQYF	NPANNAAIV
CASSQVGSGGENIQYF	NPANNAAIV
CASSLYPGVAGELSDTQYF	NPANNAAIV
CASSAGQGSSYEQYF	NPANNAAIV
CASSAGLAGVWQETQYF	NPANNAAIV
CASSLEGGFYYEQYF	NPANNAAIV
CATSSPGGTGKTDTQYF	NPANNAAIV
CASSLTGTEQFF	NPANNAAIV
CASSDVEQYF	NPANNAAIV
CASSYSRPDTQYF	NPANNAAIV
CASSYGQNSYEQYF	NPANNAAIV
CASSEGTDTGELFF	NPANNAAIV
CASSFNPFTNTGELFF	NPANNAAIV
CASSHLDHPIETQYF	NPANNAAIV
CASSYGAGELFF	NPANNAAIV
CASKIDPGGPTDTQYF	NPANNAAIV
CASSYGDTNYEQYF	NPANNAAIV
CASTGQGAGELFF	NPANNAAIV
CASSLFWGSYEQYF	NPANNAAIV
CASSYSNFVKYF	NPANNAAIV
CATSTLRESNTEAFF	NPANNAAIV
CASSSSTNYGYTF	NPANNAAIV
CSVEISATYEQYF	NPANNAAIV
CSVEEQGNEQFF	NPANNAAIV
CASSQDRTANYGYTF	NPANNAAIV
CASSLGGAGANVLTF	NPANNAAIV
CASSPGPYVTYEQYF	NPANNAAIV
CASSMGSGGYEQYF	NPANNAAIV
CASSQTSDPDTQYF	NPANNAAIV
CASSRQSAYEQYF	NPANNAAIV
CASSIDQPQHF	NPANNAAIV
CASSLRDRGYEQYF	NPANNAAIV
CASSLVWRGGQSDTQYF	NPANNAAIV
CASSRSGSSYNEQFF	NPANNAAIV
CASSLGTGDNSPLHF	NPANNAAIV
CASSPTSGSGLGELFF	NPANNAAIV
CASTLSLAQDTQYF	NPANNAAIV
CASSLNPGEAYEQYF	NPANNAAIV
CASSQGTGIYNEQFF	NPANNAAIV
CASSLPTGVETQYF	NPANNAAIV
CASSFLPGQRDYGYTF	NPANNAAIV
CASSWSNTEAFF	NPANNAAIV
CASSLWQGNQPQHF	NPANNAAIV
CASSYSGTGVSEQYF	NPANNAAIV
CASSLGLAGINEQYF	NPANNAAIV
CASSLLAVDTGELFF	NPANNAAIV
CASSYAGLPYEQYF	NPANNAAIV
CASSLGGGGQNIQYF	NPANNAAIV
CASSSVWALTRLAGSYNEQFF	NPANNAAIV
CASSLWTNYEQYF	NPANNAAIV
CASSAGTLGDSPLHF	NPANNAAIV
CASSESGMSYEQYV	NPANNAAIV
CASADLLAGVGETQYF	NPANNAAIV
CASSPFDRDTQYF	NPANNAAIV
CASSPLSVIVSYEQYF	NPANNAAIV
CASSLGQVGNNEQFF	NPANNAAIV
CASSLGTSDTEAFF	NPANNAAIV
CASSLGQGAFTEQFF	NPANNAAIV
CASTEGGNQPQHF	NPANNAAIV
CSVEETESYEQYF	NPANNAAIV
CASSPSGASEAFF	NPANNAAIV
CASSPYPDQPQHF	NPANNAAIV
CASSLDPASYEQYF	NPANNAAIV
CASRRTGGEDIQYF	NPANNAAIV
CASSFLTSGRWDNEQFF	NPANNAAIV
