CDR3	AA
CASTAVGQLYF	NVFAFPFTI
CASSQRKYEQYF	NVFAFPFTI
CASSESRSKNIQYF	NVFAFPFTI
CASSLGAAQANTGELFF	NVFAFPFTI
CSVEAGDGYEQYF	NVFAFPFTI
CASQQDGTPGHEQFF	NVFAFPFTI
CASSSQGQGGTYEQYF	NVFAFPFTI
CASSFAGNQFF	NVFAFPFTI
CASREAGNYNEQFF	NVFAFPFTI
CASSQDWGGIYEQYF	NVFAFPFTI
CASGPGYNEQFF	NVFAFPFTI
CSAVRGLSSYEQYF	NVFAFPFTI
CASSYAGELFF	NVFAFPFTI
CASSPTAYYEQYF	NVFAFPFTI
CASSHVAGGMDTQYF	NVFAFPFTI
CASSPTGETQYF	NVFAFPFTI
CSVEDGFRFQETQYF	NVFAFPFTI
CASSPNGGIQYF	NVFAFPFTI
CSVEGLGTGPYEQYF	NVFAFPFTI
CASSSGGQQTYEQYF	NVFAFPFTI
CASSSAGAAQYF	NVFAFPFTI
CASSLELAGDLGTQYF	NVFAFPFTI
CASGQGPGYTF	NVFAFPFTI
CASSLSSEQYF	NVFAFPFTI
CASSQEGQGYGYTF	NVFAFPFTI
CASSQGFYEQYF	NVFAFPFTI
CATSRAPAGQGYEQYF	NVFAFPFTI
CSASGTSGESSYEQYF	NVFAFPFTI
CASSFPSNPDQFF	NVFAFPFTI
CASSYSIAANTEAFF	NVFAFPFTI
CASSWGTEAFF	NVFAFPFTI
CASSFEGKQFF	NVFAFPFTI
CASSLKERIGEQYF	NVFAFPFTI
CASSPAGLKQFF	NVFAFPFTI
RARLYERDTNNEQFF	NVFAFPFTI
CSAIQSGERYEQYF	NVFAFPFTI
CASSLIMARDNEQFF	NVFAFPFTI
CASSSTGASLFF	NVFAFPFTI
CASSLDFQGPSNEQFF	NVFAFPFTI
CSARDQTSGTDTQYF	NVFAFPFTI
CSASYNEQFF	NVFAFPFTI
CASNPHGGAATEAFF	NVFAFPFTI
CSVTQGLNEQFF	NVFAFPFTI
CASSQDPSLSGANVLTF	NVFAFPFTI
CASSLVRDPIYEQYF	NVFAFPFTI
CASSSFSGTEYGYTF	NVFAFPFTI
CASSYLADYNSPLHF	NVFAFPFTI
CASSYSMGEGPLTGGYNEQFF	NVFAFPFTI
CASSFTGYEQYF	NVFAFPFTI
CASSSVGTQYF	NVFAFPFTI
CASSPYGTGDEQFF	NVFAFPFTI
CASSWDYQQFF	NVFAFPFTI
CSVEVGQGYEQYF	NVFAFPFTI
CASPGLGCGEQFF	NVFAFPFTI
CASSYTGSRRFF	NVFAFPFTI
CASSLFPAGDVGELFF	NVFAFPFTI
CASSPSSEQFF	NVFAFPFTI
CASSPTSETQYF	NVFAFPFTI
CASSLRELGETQYF	NVFAFPFTI
CAISDGWSSYEQYF	NVFAFPFTI
CASSVQETQYF	NVFAFPFTI
CASSLLGEAFF	NVFAFPFTI
CASSSSGSYNEQFF	NVFAFPFTI
CASSLDSYNEQFF	NVFAFPFTI
CATSRAPGQGNYGYTF	NVFAFPFTI
CSVQTGQGFEQYF	NVFAFPFTI
CSVLTGLNTEAFF	NVFAFPFTI
CASSPDLSYNEQFF	NVFAFPFTI
CASSQGLEQYF	NVFAFPFTI
CASSVARTGENAVPQETQYF	NVFAFPFTI
CATQQGIEQYF	NVFAFPFTI
CASSMGQGYYYEQYF	NVFAFPFTI
CASSQTGLEAFF	NVFAFPFTI
CASSLAGYTQYF	NVFAFPFTI
CASSLAGETQYF	NVFAFPFTI
CASSFSDTQYF	NVFAFPFTI
CASSYGGETQYF	NVFAFPFTI
CASSFSGLARYF	NVFAFPFTI
CASSEAAAGMSYEQYF	NVFAFPFTI
CSAQQGPRLTYEQYF	NVFAFPFTI
CSVNRGSETQYF	NVFAFPFTI
CASSFHGEQYF	NVFAFPFTI
CASSLVGWYTF	NVFAFPFTI
CASSPTGYEQYF	NVFAFPFTI
CASSLSGEGYTF	NVFAFPFTI
CSVQTGGGFEQYF	NVFAFPFTI
CASSFMAEQFF	NVFAFPFTI
CASSPSGELFF	NVFAFPFTI
CASIPAPRQGLDGYTF	NVFAFPFTI
CASSVGDWDIETQYF	NVFAFPFTI
CATEVGSGANVLTF	NVFAFPFTI
CASSLGGEQFF	NVFAFPFTI
CSAIPGLNTEAFF	NVFAFPFTI
CASSPTGYEQYF	NVFAFPFTI
CASSYSGGSPFF	NVFAFPFTI
CASSEIWGYNEQFF	NVFAFPFTI
CASSFSYEQYF	NVFAFPFTI
CAIIAGGQPFTDTQYF	NVFAFPFTI
CATSSFSQGGYGYTF	NVFAFPFTI
CASSSSGANYEQYF	NVFAFPFTI
CASSPSGETQYF	NVFAFPFTI
CASSLAGVVDVYF	NVFAFPFTI
CATSTQGQETQYF	NVFAFPFTI
CASSLGPSAQGSSYEQYF	NVFAFPFTI
CASGGTLAGNSPLHF	NVFAFPFTI
CSATSGRTYEQYF	NVFAFPFTI
CSALPGTGEKLFF	NVFAFPFTI
CASRAASGRAYEQYF	NVFAFPFTI
CASSSWTGLDYGYTF	NVFAFPFTI
CASSYSEGLTEAFF	NVFAFPFTI
CASSPTGGNEQFF	NVFAFPFTI
CASSSAGETQYF	NVFAFPFTI
CASRLFGGVMNTEAFF	NVFAFPFTI
CASSYSTYHYNEQFF	NVFAFPFTI
CASSLAGYDRYF	NVFAFPFTI
CASSWASYEQYF	NVFAFPFTI
CASSFPTETQYF	NVFAFPFTI
CASSQGPGQETQYF	NVFAFPFTI
CASSPTGNTQYF	NVFAFPFTI
CASSFAGVEQFF	NVFAFPFTI
CASSLSSEQFF	NVFAFPFTI
CASSFPIGDRGENEQYF	NVFAFPFTI
CASSFTGNIQYF	NVFAFPFTI
CSVEVGSGYEQYF	NVFAFPFTI
CADTPGVFF	NVFAFPFTI
CSANGGWGSKYEQYF	NVFAFPFTI
CSAPTSGGSTDTQYF	NVFAFPFTI
CASSPEQGSSYEQYF	NVFAFPFTI
CASRGLLAGDNEQFF	NVFAFPFTI
CASSPSGNTIYF	NVFAFPFTI
CASSLVPGDMNTEAFF	NVFAFPFTI
CASSSSGETQYF	NVFAFPFTI
CASSYDSLGQRSSYNEQFF	NVFAFPFTI
CASSLIGSSRDTQYF	NVFAFPFTI
CASSFPGNEQFF	NVFAFPFTI
CSAPGTTSTDTQYF	NVFAFPFTI
CASSFGPEQYF	NVFAFPFTI
CASMGGADTQYF	NVFAFPFTI
CASSVGYNEQFF	NVFAFPFTI
CASSNPGQSTNGEQYF	NVFAFPFTI
CASTFSGELFF	NVFAFPFTI
CASSGAGGQADTQYF	NVFAFPFTI
CASSQLAGVADTQYF	NVFAFPFTI
CASSLSGQTGRPGTEAFF	NVFAFPFTI
CASIQTGTSTGEQFF	NVFAFPFTI
CASSVEGLPYTEAFF	NVFAFPFTI
CASTPGNRRYYGYTF	NVFAFPFTI
CAISESGRRYEQFF	NVFAFPFTI
CASSQGQGVHEQYF	NVFAFPFTI
CSGINGITEAFF	NVFAFPFTI
CSVVSPPVHYGYTF	NVFAFPFTI
CASSPEYTYQPQHF	NVFAFPFTI
CASSQDFLGPNTGELFF	NVFAFPFTI
CASSPSGETQYF	NVFAFPFTI
CASSVGDTYEQYF	NVFAFPFTI
CASSFSYEQYF	NVFAFPFTI
CASSYSYGTEAFF	NVFAFPFTI
CASSPTGEGYTF	NVFAFPFTI
CASSYGSETQYF	NVFAFPFTI
CASSLSGTQYF	NVFAFPFTI
CASSPGTTGYTQYF	NVFAFPFTI
CASSFTPTGDTQYF	NVFAFPFTI
CASSSGTDSYEQYF	NVFAFPFTI
CASSRDRGYYGYTF	NVFAFPFTI
CASSFSSEQYF	NVFAFPFTI
CASSYGQVEYF	NVFAFPFTI
CASSRARTGYGGELFF	NVFAFPFTI
CASSWGGVSPLHF	NVFAFPFTI
CASSPDTQYF	NVFAFPFTI
CASSMGQLLFF	NVFAFPFTI
CATSRAPGQGYEQYF	NVFAFPFTI
CASSTGQLSYEQYF	NVFAFPFTI
CASSLLGSNTGELFF	NVFAFPFTI
CSAYPGGVSSYNSPLHF	NVFAFPFTI
CASSQRTGGEAFF	NVFAFPFTI
CASSLTETLTSGSDEQFF	NVFAFPFTI
CASSLAPPGELFF	NVFAFPFTI
CSVDARGLAGGHGGNEQFF	NVFAFPFTI
CASSYGGTEAFF	NVFAFPFTI
CASSLTPSTDTQYF	NVFAFPFTI
CASSVGGSSYNEQFF	NVFAFPFTI
CASSLLGEQYF	NVFAFPFTI
CSVLVGSTEAFF	NVFAFPFTI
CASSLTGTGNGYTF	NVFAFPFTI
CASSLGAGELF	NVFAFPFTI
CASSFPLARGYNEQFF	NVFAFPFTI
CSPIEFKRLYEQYF	NVFAFPFTI
CASSFLEKLFF	NVFAFPFTI
CASSQGGETQYF	NVFAFPFTI
CASSGPGNEQFF	NVFAFPFTI
CASSYSGEKLFF	NVFAFPFTI
CASSSGTSGYEQYF	NVFAFPFTI
CASSPAGDEQFF	NVFAFPFTI
CASTLSGGALDTQYF	NVFAFPFTI
CASSSSGASTDTQYF	NVFAFPFTI
CASSFRGYEQYF	NVFAFPFTI
CSASGTSGRPYQETQYF	NVFAFPFTI
CSGLGGPVSNEQYF	NVFAFPFTI
CASSDGGPQEFF	NVFAFPFTI
CASSATGESYEQYF	NVFAFPFTI
CASSIGSYGYTF	NVFAFPFTI
CASSPGPMAFF	NVFAFPFTI
CASSMLGWGNQPQHF	NVFAFPFTI
CASRNPGREGFYNEQFF	NVFAFPFTI
CSVQVDSYEQYF	NVFAFPFTI
CSASGGSSEKLFF	NVFAFPFTI
CASSPPSIDRGHRYEQYF	NVFAFPFTI
CASTGGIAYEQYF	NVFAFPFTI
CASGQGSYEQYF	NVFAFPFTI
CASSPSGWVSFF	NVFAFPFTI
CASSLTGILFF	NVFAFPFTI
CASSLQGIAYEQYF	NVFAFPFTI
CASSFAGPETQYF	NVFAFPFTI
CASSYETGGLNTEAFF	NVFAFPFTI
CASSYAEKLFF	NVFAFPFTI
CASSPSGGVVDTQYF	NVFAFPFTI
CASSFRLAGNNEQFF	NVFAFPFTI
CASSRTGGQPQHF	NVFAFPFTI
CATSREGQETQYF	NVFAFPFTI
CASSYSGTIYF	NVFAFPFTI
CASSPGSYNEQFF	NVFAFPFTI
CASSLTGEKLFF	NVFAFPFTI
CASSLGGLDFF	NVFAFPFTI
CASSLAGTQYF	NVFAFPFTI
CASSLGGNAKNIQYF	NVFAFPFTI
CASRGDRLSSYEQYF	NVFAFPFTI
CASSVSLGELFF	NVFAFPFTI
CASSQGPTGGYEQYF	NVFAFPFTI
CASNLGAEQYF	NVFAFPFTI
CASSLYPGEQYF	NVFAFPFTI
CSVGIGQGTDTQYF	NVFAFPFTI
CASSHTGETQYF	NVFAFPFTI
CSVEHGTGELFF	NVFAFPFTI
CASSATYNEQFF	NVFAFPFTI
CSAEQGTGYEQYF	NVFAFPFTI
CASSPYIRDL	NVFAFPFTI
CSAPIGQGFEQYF	NVFAFPFTI
CASSLTGEKLFF	NVFAFPFTI
CASNWGNTEAFF	NVFAFPFTI
CASSLGSSGGNTGELFF	NVFAFPFTI
CASSQDGPHGSSYNEQFF	NVFAFPFTI
CASSHSGAEQFF	NVFAFPFTI
CASSLEERGGTDTQYF	NVFAFPFTI
CASSLVGETQYF	NVFAFPFTI
CASSELERLYEQYF	NVFAFPFTI
CSAQGLSPATNEKLFF	NVFAFPFTI
CASSFAGLYEQYF	NVFAFPFTI
CASRSGALEAFF	NVFAFPFTI
CASSQVGETQYF	NVFAFPFTI
CSASAVGFDYEQYF	NVFAFPFTI
CASSLGTGYPYEQYF	NVFAFPFTI
CASSPQGNTEAFF	NVFAFPFTI
CSVETGFTDTQYF	NVFAFPFTI
CASSEAGETQYF	NVFAFPFTI
CSVVSDRGVDEQFF	NVFAFPFTI
CASSSAGETQYF	NVFAFPFTI
CASSEVGGAMNTEAFF	NVFAFPFTI
CSVYFLSNEKLFF	NVFAFPFTI
CASSAGGETQYF	NVFAFPFTI
CAIRLIQGSNTEAFF	NVFAFPFTI
CASSVAVGTTNYEQYF	NVFAFPFTI
CASGWSNGYTF	NVFAFPFTI
CASSQDHTPNEQFF	NVFAFPFTI
CASSATGAGEQYF	NVFAFPFTI
CASSRDGYGYTF	NVFAFPFTI
CASSLSGALTDTQYF	NVFAFPFTI
CASSFRLAGGPQSYEQYF	NVFAFPFTI
CASSYSGETQYF	NVFAFPFTI
CASSPSGGTAFF	NVFAFPFTI
CATSYTDTQYF	NVFAFPFTI
CASSFSYEQYF	NVFAFPFTI
CASSKGRYTF	NVFAFPFTI
CASSTTGATQYF	NVFAFPFTI
CASSTESMGNQPQHF	NVFAFPFTI
CASSLTGAEQYF	NVFAFPFTI
CASSLQGSSYEQYF	NVFAFPFTI
CSASPAGATYEQYF	NVFAFPFTI
CASSVHSGGPGDEQFF	NVFAFPFTI
CASSLVGRGGGAYEQYF	NVFAFPFTI
CASSQEGKPTRELFF	NVFAFPFTI
CSAPTSTYPDTQYF	NVFAFPFTI
CASSLAGSEQFF	NVFAFPFTI
CSAPRADSSYEQYF	NVFAFPFTI
CATSRASPGQGYEQYF	NVFAFPFTI
CSVLQGSGYTF	NVFAFPFTI
CSVEHGGSSYNEQFF	NVFAFPFTI
CASSQDPRVTNEKLFF	NVFAFPFTI
CASSLLF	NVFAFPFTI
CASSPGGSYEQYF	NVFAFPFTI
CASSPSGGGEQYF	NVFAFPFTI
CATSRGSRAEQYF	NVFAFPFTI
CASSGDGNSGNTIYF	NVFAFPFTI
CSASESDRTYEQYF	NVFAFPFTI
CASSFANEQFF	NVFAFPFTI
CASSPGTGAYEQYF	NVFAFPFTI
CASISGTYEQYF	NVFAFPFTI
CASSWTGAYEQYF	NVFAFPFTI
CSVDTGLDTQYF	NVFAFPFTI
CASSLTGEKLFF	NVFAFPFTI
CASHNRGSSYNEQFF	NVFAFPFTI
CASSLKPGSGANVLTF	NVFAFPFTI
CASSQREVYNEQFF	NVFAFPFTI
CASPAAGAVFNEQFF	NVFAFPFTI
CASSFVADTQYF	NVFAFPFTI
CSATTSGGPYEQYF	NVFAFPFTI
CASSYSGEQYF	NVFAFPFTI
CASSLAGAGSYNEQFF	NVFAFPFTI
CASSLTGELFF	NVFAFPFTI
CSARTSGGEQYF	NVFAFPFTI
CASRGLAGPIGDEQYF	NVFAFPFTI
CASTYAGYGYTF	NVFAFPFTI
CASSTSGETQYF	NVFAFPFTI
CASSYGSTEAFF	NVFAFPFTI
CSATDRAYEQYF	NVFAFPFTI
CASSSVAGSYNEQFF	NVFAFPFTI
CASRGQQETQYF	NVFAFPFTI
CASSWGTGELFF	NVFAFPFTI
CASSLEGQRKVF	NVFAFPFTI
CSADAVSTDTQYF	NVFAFPFTI
CASSPAGNTIYF	NVFAFPFTI
CASGQFMNTGELFF	NVFAFPFTI
CASSPAGTGRAPLHF	NVFAFPFTI
CASSLGAVAFF	NVFAFPFTI
CASSLAQTQYF	NVFAFPFTI
CASSPGSEQFF	NVFAFPFTI
CASSLMGEQYF	NVFAFPFTI
CASSLSAAPTF	NVFAFPFTI
CSAMTYGYTF	NVFAFPFTI
CASSSSGASTDTQYF	NVFAFPFTI
CASSFLETQYF	NVFAFPFTI
CASSFTAEAYEQYF	NVFAFPFTI
CASSPRTSGTYEQYF	NVFAFPFTI
CASSQEWNQPQHF	NVFAFPFTI
CATSGGGSYEQYF	NVFAFPFTI
CASSQTGAILHF	NVFAFPFTI
CASSFTGWGNTIYF	NVFAFPFTI
CASSPSGYEQYF	NVFAFPFTI
CASSSLTTSYEQYF	NVFAFPFTI
CASSYRETQYF	NVFAFPFTI
CASSLFPGRVGYTF	NVFAFPFTI
CASSLAGAGETQYF	NVFAFPFTI
CASSFSTEAFF	NVFAFPFTI
CAIGLGNEQFF	NVFAFPFTI
CASSLTGETQYF	NVFAFPFTI
CASSLTPSTDTQYF	NVFAFPFTI
CASSTWGGNQPQHF	NVFAFPFTI
CASSPSGEQYF	NVFAFPFTI
CASSLAGETQYF	NVFAFPFTI
CASASGYYNEQFF	NVFAFPFTI
CASSERSSWENTEAFF	NVFAFPFTI
CASSPDGSGANVLTF	NVFAFPFTI
CASSKARGTVKNSPLHF	NVFAFPFTI
CASGLGTEAFF	NVFAFPFTI
CASSPSTEAFF	NVFAFPFTI
CASSDGGGLYNEQFF	NVFAFPFTI
CASSSSPRLSF	NVFAFPFTI
CASSFPGGEQFF	NVFAFPFTI
CASRLAETYEQYF	NVFAFPFTI
CASSQLQGWTEAFF	NVFAFPFTI
CASSWSGEQFF	NVFAFPFTI
CSASLMSPGANEKLFF	NVFAFPFTI
CASSYSYGFYPVPGQGSRDNEQFF	NVFAFPFTI
CASSLDGGYTF	NVFAFPFTI
CAAGRDGFYEQYF	NVFAFPFTI
CASSWTGGDEQYF	NVFAFPFTI
CASSFSGELFF	NVFAFPFTI
CATEIRGAAAFF	NVFAFPFTI
CASSPTGYEQYF	NVFAFPFTI
CASSQGRGGVYEQYF	NVFAFPFTI
CASSLYTGGETQYF	NVFAFPFTI
CASSLVGEKLFF	NVFAFPFTI
CASSSTGAEQFF	NVFAFPFTI
CASSSSGNTIYF	NVFAFPFTI
CASSLYTGGTEAFF	NVFAFPFTI
CASSFGTEAFF	NVFAFPFTI
CASSPVAGGPVEYF	NVFAFPFTI
CASSLAQPSGANVLTF	NVFAFPFTI
CASSLESNYGYTF	NVFAFPFTI
CASSYGGNEQFF	NVFAFPFTI
CASSYSMSGGLNTDTQYF	NVFAFPFTI
CASSQDPGPTPYEQYF	NVFAFPFTI
CASSRGLEAFF	NVFAFPFTI
CSVGTGTSYEQYF	NVFAFPFTI
CASSYAGELFF	NVFAFPFTI
CASSSYIGTSGILIGEQYF	NVFAFPFTI
CASSYQTEIYGYTF	NVFAFPFTI
CASSSRQGYTGELFF	NVFAFPFTI
CSARSSSSYNEQFF	NVFAFPFTI
CASSSTTDLALETQYF	NVFAFPFTI
CASSPTGAEQFF	NVFAFPFTI
CASSLSGETQYF	NVFAFPFTI
CATSGILETQYF	NVFAFPFTI
CASSLTRQEAFF	NVFAFPFTI
CASSPFVETQYF	NVFAFPFTI
CASSPGQGPEAFF	NVFAFPFTI
CSVEEGRTYNEQFF	NVFAFPFTI
CASSSPGRETQYF	NVFAFPFTI
CASSSGQGVSYTGELFF	NVFAFPFTI
CASSFGGAGANVLTF	NVFAFPFTI
CASSPRGDEQFF	NVFAFPFTI
CASSLVAGLQPQHF	NVFAFPFTI
CASSRDPGYEQFF	NVFAFPFTI
CASSPNGQDRYF	NVFAFPFTI
CASSLMTSGRSYNEQFF	NVFAFPFTI
CASSLTGAEQYF	NVFAFPFTI
CASSVEGGGTEAFF	NVFAFPFTI
CSARGHEPGVNTEAFF	NVFAFPFTI
CASSLSGELFF	NVFAFPFTI
CASRLLLDGNTEAFF	NVFAFPFTI
CASSPDSSEQYF	NVFAFPFTI
CASSPQDTGELFF	NVFAFPFTI
CASSATSGTGGYYGYTF	NVFAFPFTI
CASSLSEKLFF	NVFAFPFTI
CASGGGASYGYTF	NVFAFPFTI
CSVETGTGHEQYF	NVFAFPFTI
CASSLTGEELFF	NVFAFPFTI
CSASDRDSRYEQYF	NVFAFPFTI
CASSYSRAGPNTGELFF	NVFAFPFTI
CASSLGLAGGKDTQYF	NVFAFPFTI
CASSPTEQETQYF	NVFAFPFTI
CASSLSGTGTF	NVFAFPFTI
CAISEGQDSYEQYF	NVFAFPFTI
CASSPTEAFF	NVFAFPFTI
CASSSPDGSRGVYEQYF	NVFAFPFTI
CASSLQGNTEAFF	NVFAFPFTI
CASTLALDTQYF	NVFAFPFTI
CASSPDSKLFF	NVFAFPFTI
CSASGGTEAFF	NVFAFPFTI
CASSSGGGGTYEQYF	NVFAFPFTI
CASVDVGSSTDTQYF	NVFAFPFTI
CASGNEQFF	NVFAFPFTI
CASSFADTQYF	NVFAFPFTI
CASSPGGYGYTF	NVFAFPFTI
CASSFGGISAEQYF	NVFAFPFTI
CASSLTGETQYF	NVFAFPFTI
CSGQPVSGGAHEQYF	NVFAFPFTI
CASSLFGTGMETQYF	NVFAFPFTI
CASSTTGSLQFF	NVFAFPFTI
CASSGTSGGLGVETQYF	NVFAFPFTI
CASSYGGINEQFF	NVFAFPFTI
CASSLDWVYGYTF	NVFAFPFTI
CATSLLETQYF	NVFAFPFTI
CASSDTGAGYTF	NVFAFPFTI
CASSLNGETQYF	NVFAFPFTI
CASIGGVEAFF	NVFAFPFTI
CATVTGGLETQYF	NVFAFPFTI
CASSFPSTF	NVFAFPFTI
CASSFTSEAFF	NVFAFPFTI
CSAIVSGKTYEQYF	NVFAFPFTI
CASSEWGEQPQHF	NVFAFPFTI
CASSVYTDTQYF	NVFAFPFTI
CASSISSEQYF	NVFAFPFTI
CASSYSPTGLSYEQYF	NVFAFPFTI
CASSWDRAYEQYF	NVFAFPFTI
CAWSVGLGPYNEQFF	NVFAFPFTI
CASKEGNTEAFF	NVFAFPFTI
CASSFTSGEQFF	NVFAFPFTI
CASSPVIGQGVRSYEQYF	NVFAFPFTI
CASSLLGVSVEQYF	NVFAFPFTI
CASSGMGTDWEQYF	NVFAFPFTI
CASSFSYEQYF	NVFAFPFTI
CASSVGDEKLFF	NVFAFPFTI
CASSQEQGYYNEQFF	NVFAFPFTI
CASSFSGPYQPQHF	NVFAFPFTI
CSVEKGQGHEQYF	NVFAFPFTI
CASSSTPLAGGNYEQYF	NVFAFPFTI
CASSLGTLYEQYF	NVFAFPFTI
CASSLIAGGPETQYF	NVFAFPFTI
CSASPLTSGRSTGSYEQYF	NVFAFPFTI
CASSELGPYEQYF	NVFAFPFTI
CASSVSGGALDTQYF	NVFAFPFTI
CASSPGHIQYF	NVFAFPFTI
CASIGGLHTEAFF	NVFAFPFTI
CASSAGGIGGTYEQYF	NVFAFPFTI
CASSTGPEQFF	NVFAFPFTI
CASSETGGELFF	NVFAFPFTI
CASSPNGGEQFF	NVFAFPFTI
CASSYKLAGDISYEQYF	NVFAFPFTI
CASSPSGGYNEQFF	NVFAFPFTI
CASSLVGETQYF	NVFAFPFTI
CSAFLLTSGQPNTDTQYF	NVFAFPFTI
CASSLSNEQFF	NVFAFPFTI
CASTTSTHEKLFF	NVFAFPFTI
CAARNGLYEQYF	NVFAFPFTI
CASSLSYEQFF	NVFAFPFTI
CASSYTGTPSGEQYF	NVFAFPFTI
CASSHTIDEDNTEAFF	NVFAFPFTI
CASSLRQGNEKLFF	NVFAFPFTI
CASSFSIEQFF	NVFAFPFTI
CASSQEFPEGNEQFF	NVFAFPFTI
CSGIPNYEQYF	NVFAFPFTI
CASRSYTEAFF	NVFAFPFTI
CASSDLDTQYF	NVFAFPFTI
CASSYIGLASLETQYF	NVFAFPFTI
CASTQREGPYNEQFF	NVFAFPFTI
CASSQAGETQYF	NVFAFPFTI
CASSPEGHLTYEQYF	NVFAFPFTI
CASSFGAWQFF	NVFAFPFTI
CASSLTSAEQYF	NVFAFPFTI
CASSPGTETYEQYF	NVFAFPFTI
CATSSGHQETQYF	NVFAFPFTI
CASSLQGPGELFF	NVFAFPFTI
CASSISYEQYF	NVFAFPFTI
CASERGEGTEAFF	NVFAFPFTI
CASSSRDSSRGLEQYF	NVFAFPFTI
CASSDSYTRQEQPQHF	NVFAFPFTI
CASSPLGGRISYEQYF	NVFAFPFTI
CASSWGGTEAFF	NVFAFPFTI
CASSLTGQEKFF	NVFAFPFTI
CSARGLVGEKLFF	NVFAFPFTI
CASSLGGAQHF	NVFAFPFTI
CASSPGGNTIYF	NVFAFPFTI
CASSLFQGAEYGYTF	NVFAFPFTI
CASSLGYNEQFF	NVFAFPFTI
CASSVEGLSDTQYF	NVFAFPFTI
CASSFTGYNEQFF	NVFAFPFTI
CASSPAGTATGELFF	NVFAFPFTI
CASSLTGYEQYF	NVFAFPFTI
CASSPLAKNIQYF	NVFAFPFTI
CASSHSSEQYF	NVFAFPFTI
CASSQDWNQPQHF	NVFAFPFTI
CASSYSGETQYF	NVFAFPFTI
CASSFSETQYF	NVFAFPFTI
CASSLRSGGELFF	NVFAFPFTI
CASSLTGYEQYF	NVFAFPFTI
CASRPDTQYF	NVFAFPFTI
CATSFGEGWGSGNTIYF	NVFAFPFTI
CASSLLAGASHEQYF	NVFAFPFTI
CASGLGQNAGQFF	NVFAFPFTI
CASSGPGLYPSSGKNIQYF	NVFAFPFTI
CASSMTGETQYF	NVFAFPFTI
CASSRDGRFNEQFF	NVFAFPFTI
CASTADRGNTEAFF	NVFAFPFTI
CASSFSGEQYF	NVFAFPFTI
CASSFVTGVTDTQYF	NVFAFPFTI
CASSPTGSTQYF	NVFAFPFTI
CASSYGYEQYF	NVFAFPFTI
CASSYVYEQYF	NVFAFPFTI
CSATIPPWDRGQYEQYF	NVFAFPFTI
CASSGYGYTF	NVFAFPFTI
CASSLTGGSTDTQYF	NVFAFPFTI
CASSLSVTQYF	NVFAFPFTI
CASSLLRAGQLHYNEQFF	NVFAFPFTI
CASSFVGEQFF	NVFAFPFTI
CASNPWGEVGELFF	NVFAFPFTI
CASSAGPGEGYEQYF	NVFAFPFTI
CASSSTGGNEQFF	NVFAFPFTI
CARLGDTQYF	NVFAFPFTI
CASSLDLYNEQFF	NVFAFPFTI
CASSQFRDRGYNEQFF	NVFAFPFTI
CATSLSSANVLTF	NVFAFPFTI
CASSSNGLAGGYEQYF	NVFAFPFTI
CASSDRDNSYEQYF	NVFAFPFTI
CAISDLNTGGKGPYNEQFF	NVFAFPFTI
CASSQTDTQYF	NVFAFPFTI
CATSEGLAGGNEQFF	NVFAFPFTI
CASSLVGEKLFF	NVFAFPFTI
CASSPFGSQETQYF	NVFAFPFTI
CASSLGGYNEQFF	NVFAFPFTI
CASSEGGALGHF	NVFAFPFTI
CASSLLGTQYEQYF	NVFAFPFTI
CASSLGETQYF	NVFAFPFTI
CASSLEGRNEQFF	NVFAFPFTI
CASSYSGETQYF	NVFAFPFTI
CSAETGSGYEQYF	NVFAFPFTI
CASSPSGANNEQFF	NVFAFPFTI
CSASGLGFGYTF	NVFAFPFTI
CATAVETGKITDTQYF	NVFAFPFTI
CASSQETRLAGGPYNEQFF	NVFAFPFTI
CASSQIGEKLFF	NVFAFPFTI
CASSAIGENYEQYF	NVFAFPFTI
CASSYFLAGGYNEQFF	NVFAFPFTI
CASSPTGTLIGNTIYF	NVFAFPFTI
CSAPSGGATDTQYF	NVFAFPFTI
CASSLTDTQYF	NVFAFPFTI
CASTLTGELFF	NVFAFPFTI
CASSPTSGSHEQYF	NVFAFPFTI
CASSPTGEEQFF	NVFAFPFTI
CSVEQGSYEQYF	NVFAFPFTI
CASSTGAYGYTF	NVFAFPFTI
CSVEPGLVPPSGNTIYF	NVFAFPFTI
CASSYKETQYF	NVFAFPFTI
CASSLGGSLHEQYF	NVFAFPFTI
CASSFTGNEQFF	NVFAFPFTI
CASSPGLGVQYF	NVFAFPFTI
CASSPTGTEAFF	NVFAFPFTI
CASSFSGEQFF	NVFAFPFTI
CAISDEATGYEQYF	NVFAFPFTI
CSARDIGSMNTEAFF	NVFAFPFTI
CASSQGHDRDQPQHF	NVFAFPFTI
CASLRGQAHTF	NVFAFPFTI
CAGTGTPYGYTF	NVFAFPFTI
CSVVIGGYGYTF	NVFAFPFTI
CATTGGNAEAFF	NVFAFPFTI
CASSKTNNHRGRITKNIQYF	NVFAFPFTI
CASSMTGGSTDTQYF	NVFAFPFTI
CAWGQTGSDTQYF	NVFAFPFTI
CASSLAVGLVNQPQHF	NVFAFPFTI
CASSPGGGEQFF	NVFAFPFTI
CASGNGYYEQYF	NVFAFPFTI
CSVEVGRGHEQYF	NVFAFPFTI
CASSYSIASGRYSTDTQYF	NVFAFPFTI
CSALGVGHPSYGYTF	NVFAFPFTI
CASGPDSEQFF	NVFAFPFTI
CASSPTGNEQYF	NVFAFPFTI
CASSLVGAANYGYTF	NVFAFPFTI
CASSYQGGPEAFF	NVFAFPFTI
CSALAYNEQFF	NVFAFPFTI
CASSFEGFYNEQFF	NVFAFPFTI
CAIGYNEQFF	NVFAFPFTI
CSANHSPSGFGNEQFF	NVFAFPFTI
CASSPLGEGYEQYF	NVFAFPFTI
CASSPDTQYF	NVFAFPFTI
CSVESGQGFEQYF	NVFAFPFTI
CASSLGGGLYEQYF	NVFAFPFTI
CASSLVAYEQYF	NVFAFPFTI
CSARDIGTGPFGELFF	NVFAFPFTI
CASSHYDGGYNEQFF	NVFAFPFTI
CASSPVGGLDEQYF	NVFAFPFTI
CAIRDPGTVNTEAFF	NVFAFPFTI
CASGPGELFF	NVFAFPFTI
CASSLFPFNQPQHF	NVFAFPFTI
CASRWTSGFYEQYF	NVFAFPFTI
CASSWGGGGLEAQYF	NVFAFPFTI
CASSFWGYEAFF	NVFAFPFTI
CSSQGLDVVGSYNEQFF	NVFAFPFTI
CASSYIYEQYF	NVFAFPFTI
CASSYNGLVF	NVFAFPFTI
CASSPTGAEGYTF	NVFAFPFTI
CASSWTGEKLFF	NVFAFPFTI
CASSPGGYGYTF	NVFAFPFTI
CASSYGAHEQYF	NVFAFPFTI
CASSGSGETQYF	NVFAFPFTI
CASSSTGETQYF	NVFAFPFTI
CASSFTGNEQFF	NVFAFPFTI
CATSDYVAGSRNEQFF	NVFAFPFTI
CASSQGGLAGAEGELFF	NVFAFPFTI
CASSPGGGARDPSYEQYF	NVFAFPFTI
CASSLLLGNTEAFF	NVFAFPFTI
CASSQELGPLGYTF	NVFAFPFTI
CASSLVQIGNEQFF	NVFAFPFTI
CASSPYVSGINNEQFF	NVFAFPFTI
CASSPTGFGGYTF	NVFAFPFTI
CASSVSQGERTEAFF	NVFAFPFTI
CASSEADGTGEQYF	NVFAFPFTI
CAWGTAGNTIYF	NVFAFPFTI
CSAPSYNEQFF	NVFAFPFTI
CASSLQAEAFF	NVFAFPFTI
CASSLTSEQFF	NVFAFPFTI
CASSDPGNTIYF	NVFAFPFTI
CASSLGAYEQYF	NVFAFPFTI
CASSAFRRDGSSPLHF	NVFAFPFTI
CSVEVGMGYEQYF	NVFAFPFTI
CASSPRTSGIETQYF	NVFAFPFTI
CSAWGVGSNQPQHF	NVFAFPFTI
CASSFTEAFF	NVFAFPFTI
CASSLQGLKPQHF	NVFAFPFTI
CASSTSGYEQYF	NVFAFPFTI
CASGRGEAFF	NVFAFPFTI
CASSPTGKLAFF	NVFAFPFTI
CSARGWVPGANVLTF	NVFAFPFTI
CASSTTGYEQYF	NVFAFPFTI
CASSLTGSPLHF	NVFAFPFTI
CASSYGGDTQYF	NVFAFPFTI
CSAILSGGLYEQYF	NVFAFPFTI
CASSYGGTEAFF	NVFAFPFTI
CSASEGPEAFF	NVFAFPFTI
CASSPSGEKLFF	NVFAFPFTI
CAWSKVGTSGTEQYV	NVFAFPFTI
CASSFSGNEQFF	NVFAFPFTI
CASSEEGGGNMNEQFF	NVFAFPFTI
CATSDDRGVQPQHF	NVFAFPFTI
CSATQGSGELFF	NVFAFPFTI
CASSPGVAGRGHNEQFF	NVFAFPFTI
CASSPTGETQYF	NVFAFPFTI
CSVELGGTGNTIYF	NVFAFPFTI
CAISEPRGGYGYTF	NVFAFPFTI
CASSLAAPYEQYF	NVFAFPFTI
CASSFSEDTQYF	NVFAFPFTI
CASSLDRGYEQYF	NVFAFPFTI
CSVEQGMGNEQFF	NVFAFPFTI
CASSEIDEQFF	NVFAFPFTI
CASSPLGAGGYEQYF	NVFAFPFTI
CASSQGGLAGGSKGNTGELFF	NVFAFPFTI
CASSQVYGSVEQFF	NVFAFPFTI
CASPGQAYYGYTF	NVFAFPFTI
CSATGTGESYEQYF	NVFAFPFTI
CSVEEGTGFEQYF	NVFAFPFTI
CASSPGWGQGYEQYF	NVFAFPFTI
CASSFSYEQYF	NVFAFPFTI
CASSLGNYGYTF	NVFAFPFTI
CASSTSGNSPLHF	NVFAFPFTI
CSATTDMGEKLFF	NVFAFPFTI
CASSETIPRDF	NVFAFPFTI
CASSVEGTGSTEAFF	NVFAFPFTI
CASSFVGEQYF	NVFAFPFTI
CASSSGTSGYEQYF	NVFAFPFTI
CASSREGGYYEQYF	NVFAFPFTI
CSVRTGSPEAFF	NVFAFPFTI
CASSPTGASGDTQYF	NVFAFPFTI
CASSYGANEQFF	NVFAFPFTI
CASSEYSGGADEQFF	NVFAFPFTI
CSATEFYEQYF	NVFAFPFTI
CASSLGTSAEQFF	NVFAFPFTI
CASSLGNEQFF	NVFAFPFTI
CASTLVAGGYNEQFF	NVFAFPFTI
CSVETGDTYNEQFF	NVFAFPFTI
CASSQGVGSGAFF	NVFAFPFTI
CASSAVTGYNEQFF	NVFAFPFTI
CSASSGTGDRYNEQFF	NVFAFPFTI
CASSGGYEQYF	NVFAFPFTI
CASSLGLAEYEQYF	NVFAFPFTI
CATSGREANVLTF	NVFAFPFTI
CASSLGGETQYF	NVFAFPFTI
CASSVYGNTEAFF	NVFAFPFTI
CATSSPTSGRAPETQYF	NVFAFPFTI
CSVESGTYEQYF	NVFAFPFTI
CASRRLAGVYNEQFF	NVFAFPFTI
CASSSTGAGTDTQYF	NVFAFPFTI
CASSLTGETQYF	NVFAFPFTI
CASSETGEQYF	NVFAFPFTI
CASSFGSYEQYF	NVFAFPFTI
CASSYGSGTDTQYF	NVFAFPFTI
CASSLGQGQYDGYTF	NVFAFPFTI
CASSYSTSGGPTDTQYF	NVFAFPFTI
CASSLAGAEQYF	NVFAFPFTI
CASSLVLAGRWTQETQYF	NVFAFPFTI
CASSMGKLFF	NVFAFPFTI
CASSFGTEQFF	NVFAFPFTI
CASSLANEQFF	NVFAFPFTI
CASSLGGARNTEAFF	NVFAFPFTI
CASSLIDRTATDTQYF	NVFAFPFTI
CASSLFPDVRRAFF	NVFAFPFTI
CSALLGRVNNEQFF	NVFAFPFTI
CASSFSVEQFF	NVFAFPFTI
CSAILASTGELFF	NVFAFPFTI
CSVVSALDNYGYTF	NVFAFPFTI
CASRSGNEQFF	NVFAFPFTI
CSASGDSSSYNSPLHF	NVFAFPFTI
CASSYNRGNEQYF	NVFAFPFTI
CSASTGAGYEQYF	NVFAFPFTI
CASSQGGWETQYF	NVFAFPFTI
CSASQYGTSGNNEQFF	NVFAFPFTI
CASSHTGETQYF	NVFAFPFTI
CASSLTGETQYF	NVFAFPFTI
CASSSSGGEADTQYF	NVFAFPFTI
CASSLGSYEQYF	NVFAFPFTI
CASSSTSGGMDEQYF	NVFAFPFTI
CASCSGGRPFF	NVFAFPFTI
CASSLILGETQYF	NVFAFPFTI
CASSRTGGDGYTF	NVFAFPFTI
CASSSGGTEAFF	NVFAFPFTI
CASSVGGPQPQHF	NVFAFPFTI
CASSFSYEQYF	NVFAFPFTI
RATLHGTSGGPYEQYF	NVFAFPFTI
CASSIRTDYNEQFF	NVFAFPFTI
CASSKEKGGNTEAFF	NVFAFPFTI
CASSSNTKGYEQYF	NVFAFPFTI
CASSPTGNTIYF	NVFAFPFTI
CATSDFHGLAGEVNTGELFF	NVFAFPFTI
CASRELAGGPNEQFF	NVFAFPFTI
CASSYFGGAYEQYF	NVFAFPFTI
CASSSPPQYF	NVFAFPFTI
CASSYGPEAFF	NVFAFPFTI
CATSDSKGGVEQFF	NVFAFPFTI
CASSVAGLSYGYTF	NVFAFPFTI
CASSLVGGESPLHF	NVFAFPFTI
CASSPTGYEQFF	NVFAFPFTI
CSARSTWDLTDTQYF	NVFAFPFTI
CASSFAAYQETQYF	NVFAFPFTI
CASSQVRDEQYF	NVFAFPFTI
CASSFGTLSSGNTIYF	NVFAFPFTI
CASSFAGELFF	NVFAFPFTI
CSVVSFRADTQYF	NVFAFPFTI
CSVQSGTSGDNQYF	NVFAFPFTI
CASSTSGSSYEQYF	NVFAFPFTI
CASSDTGNGYTF	NVFAFPFTI
CASSYPGGSNTGELFF	NVFAFPFTI
CASSAVGIGGPQAFF	NVFAFPFTI
CASRDSSSGANVLTF	NVFAFPFTI
CASSLMDEQFF	NVFAFPFTI
CASSSVGLDRHF	NVFAFPFTI
CASGGVETQYF	NVFAFPFTI
CASSLAGTQYF	NVFAFPFTI
CASSFPRQGVETQYF	NVFAFPFTI
CSATAPGANYEQYF	NVFAFPFTI
CASSQEPVRGLSEQYF	NVFAFPFTI
CASSESTDGAYGYTF	NVFAFPFTI
CASSPTGSTDTQYF	NVFAFPFTI
CASSVEGGWVYNEQFF	NVFAFPFTI
CSVQDGSYEQYF	NVFAFPFTI
CASSPVRWTSTDTQYF	NVFAFPFTI
CSANPQGGRVGETQYF	NVFAFPFTI
CASSQDPTGGSGYTF	NVFAFPFTI
CASSQVLDRGWYEQYF	NVFAFPFTI
CASSLSEKLFF	NVFAFPFTI
CASSSGTGDSPLHF	NVFAFPFTI
CASSSLTVLNEQFF	NVFAFPFTI
CASSLPYTF	NVFAFPFTI
CSASLTDTQYF	NVFAFPFTI
CASSYTGELFF	NVFAFPFTI
CASGGGGYTF	NVFAFPFTI
CSASTSDSNQPQHF	NVFAFPFTI
CASSSGGWEKLFF	NVFAFPFTI
CSASFSGQGPPYEQYF	NVFAFPFTI
CASSPTGDGYTF	NVFAFPFTI
CASGLAGAYEQYF	NVFAFPFTI
CASSSSGEKLFF	NVFAFPFTI
CASSLLRDTYNEQFF	NVFAFPFTI
CASSEGNMNGYTF	NVFAFPFTI
CASSLVLDVGIQYF	NVFAFPFTI
CASSLYGTSNEQFF	NVFAFPFTI
CASSQGGVQFF	NVFAFPFTI
CSTRTGLPNYGYTF	NVFAFPFTI
CAWSYTHEIPSGTGYEQYF	NVFAFPFTI
CASSPMGEKLFF	NVFAFPFTI
CSAIIPGRTNIYEQYF	NVFAFPFTI
CASSLGTNTEAFF	NVFAFPFTI
CAKGARAKNIQYF	NVFAFPFTI
CASSYFLAGAQETQYF	NVFAFPFTI
CASLPGGGLQETQYF	NVFAFPFTI
CASSFRLELFF	NVFAFPFTI
CASSSAGAGGENGYTF	NVFAFPFTI
CASSSTGETQYF	NVFAFPFTI
CSVISFGRDSYEQYF	NVFAFPFTI
CASSFVGTQYF	NVFAFPFTI
CASSQDSGGVGYTF	NVFAFPFTI
CASSQDLSRVNTEAFF	NVFAFPFTI
CASSVEAGGMNNEQFF	NVFAFPFTI
CSVNRGSGDTQYF	NVFAFPFTI
CASSLVGGGVEQYF	NVFAFPFTI
CASSQEWVGSPLHF	NVFAFPFTI
CATSTVGETQYF	NVFAFPFTI
CASSFSRVQFF	NVFAFPFTI
CSAIAGLAGYTYEQYF	NVFAFPFTI
CASSLEQGSDTQYF	NVFAFPFTI
CASSQGSGRVLNTGELFF	NVFAFPFTI
CASSFEGQEAFF	NVFAFPFTI
CASSYFPGGSYNEQFF	NVFAFPFTI
CASFGTSNTGELFF	NVFAFPFTI
CASGGTDTQYF	NVFAFPFTI
CASSLTGQGTQYF	NVFAFPFTI
CASSLGLYGYTF	NVFAFPFTI
CASSVEFSGAPRPGELFF	NVFAFPFTI
CASGLAGVAGELFF	NVFAFPFTI
CASSLASETFF	NVFAFPFTI
CASSQEQGFSGELFF	NVFAFPFTI
CASTLGPLGSYEQYF	NVFAFPFTI
CASKVFGAGELFF	NVFAFPFTI
CASSQPGGGETQYF	NVFAFPFTI
CASSLGLGQPQHF	NVFAFPFTI
CATWTGQGTQYF	NVFAFPFTI
CASSVGGISEAFF	NVFAFPFTI
CASSFTGGDGYTF	NVFAFPFTI
CASSLSRTDTQYF	NVFAFPFTI
CASSVTGLAGGSDTQYF	NVFAFPFTI
CASENTGGGWGEQYV	NVFAFPFTI
CASSHKRGGEAFF	NVFAFPFTI
CASSEQGEKLFF	NVFAFPFTI
CASSYSETQYF	NVFAFPFTI
CSAHPLGGLDGTYQHF	NVFAFPFTI
CASSSTNEQFF	NVFAFPFTI
CASSYSSNAYF	NVFAFPFTI
CASSLRDGTEAFF	NVFAFPFTI
CASSGGTGAYEQYF	NVFAFPFTI
CASSLEGLSRHF	NVFAFPFTI
CSAHQAGGFYEQYF	NVFAFPFTI
CASSLSGRTRTYEQYF	NVFAFPFTI
CASSTTGAEQYF	NVFAFPFTI
CASTPPNGLETQYF	NVFAFPFTI
CASSLEGSGELFF	NVFAFPFTI
CAAGSYEQYF	NVFAFPFTI
CASSQDYGYEQYF	NVFAFPFTI
CASSETGVPYSPLHF	NVFAFPFTI
CASSFAETQYF	NVFAFPFTI
CAISEWQIPNTGELFF	NVFAFPFTI
CASSPDVAFF	NVFAFPFTI
CASSFWGAQSSYEQYF	NVFAFPFTI
CASGGTGYSYEQYF	NVFAFPFTI
CASSLAETQYF	NVFAFPFTI
CASSYAGQGSNEQFF	NVFAFPFTI
CASSLENGFEAFF	NVFAFPFTI
CASSPPRYEQYF	NVFAFPFTI
CASSLTGADTIYF	NVFAFPFTI
CASSFWKGIGIYEQYF	NVFAFPFTI
CASSFSVEQFF	NVFAFPFTI
CASSLGGYGYTF	NVFAFPFTI
CASSLGATNEQFF	NVFAFPFTI
CASSWGLAGANTGELFF	NVFAFPFTI
CASSLLAGGTTDTQYF	NVFAFPFTI
CASSYGGVGYTF	NVFAFPFTI
CASGTGTYEQYF	NVFAFPFTI
CASLGQSSYNEQFF	NVFAFPFTI
CATSDRQGPAVYF	NVFAFPFTI
CASSLLAGGTDTQYF	NVFAFPFTI
CASSYRGQEQFF	NVFAFPFTI
CASSPQDVLIHNEQFF	NVFAFPFTI
CASSLAPERDQYF	NVFAFPFTI
CSVPAPAANSPLHF	NVFAFPFTI
CASSFADTQYF	NVFAFPFTI
CASSLNGYTF	NVFAFPFTI
CASSGGLAGGVWSYEQYF	NVFAFPFTI
CSVALDSLYTF	NVFAFPFTI
CATSGFGLAGPTDTQYF	NVFAFPFTI
CASSLSGNTIYF	NVFAFPFTI
CASSRRGTDYTGELFF	NVFAFPFTI
CASSYPGGDHTF	NVFAFPFTI
CSAIDKPEAFF	NVFAFPFTI
CASSPTGNEQYF	NVFAFPFTI
CASSLSVGEGFDEQFF	NVFAFPFTI
CASSRRGGEQFF	NVFAFPFTI
CASSSTGAEQYF	NVFAFPFTI
CASRTGVEAFF	NVFAFPFTI
CAINPGQGASTDTQYF	NVFAFPFTI
CASGPSKGEGGYTF	NVFAFPFTI
CASSTAGQGSLDGYTF	NVFAFPFTI
CSVDRPTSGRGETQYF	NVFAFPFTI
CASSVELAGNTGELFF	NVFAFPFTI
CASSLDFRAKNIQYF	NVFAFPFTI
CASSFTGGELFF	NVFAFPFTI
CASSLADEQYF	NVFAFPFTI
CASSHEGQGSPYEQYF	NVFAFPFTI
CASSMGNQPQHF	NVFAFPFTI
CASSGGTYNEQFF	NVFAFPFTI
CASSPTGHEQYF	NVFAFPFTI
CASSQGGAEQYF	NVFAFPFTI
CASKAGLEDEQYF	NVFAFPFTI
CATSPAEAFF	NVFAFPFTI
CASSLLGGEFDEQFF	NVFAFPFTI
CASSQPGDRSTDTQYF	NVFAFPFTI
CASSVLTGSSYNSPLHF	NVFAFPFTI
CASSFAGEQYF	NVFAFPFTI
CASSTPFTNYGYTF	NVFAFPFTI
CSETLQGAGGYTF	NVFAFPFTI
CASSFLTGAGYTF	NVFAFPFTI
CASSSLAEQYF	NVFAFPFTI
CASSLEGRNEQFF	NVFAFPFTI
CASSVAHGYEQYF	NVFAFPFTI
CASSFAHEQYF	NVFAFPFTI
CSVGGSLTYEQYF	NVFAFPFTI
CASSLNGETQYF	NVFAFPFTI
CASRYTGELFF	NVFAFPFTI
CASSPGTSGYEQYF	NVFAFPFTI
CASNLGLAGGSDTQYF	NVFAFPFTI
CSLTSGRATDTQYF	NVFAFPFTI
CSARDFLGGDSRGYTF	NVFAFPFTI
CASSLVGQSYEQYF	NVFAFPFTI
CSAREGGVITEAFF	NVFAFPFTI
CASSSFIAGVKNEQFF	NVFAFPFTI
CASSLVGDTQYF	NVFAFPFTI
CASSQLGGYMNTEAFF	NVFAFPFTI
CSVRTANTGELFF	NVFAFPFTI
CASSLTPGDMNTEAFF	NVFAFPFTI
CASSPSGASTDTQYF	NVFAFPFTI
CASSLVPNEQFF	NVFAFPFTI
CASSPSGGETQYF	NVFAFPFTI
CASSPLLLPYEQYF	NVFAFPFTI
CASSLVATGELFF	NVFAFPFTI
CASAASGETQYF	NVFAFPFTI
CATSRPEQETQYF	NVFAFPFTI
CASSYPVNTGELFF	NVFAFPFTI
CASSLIGVGLGNEQFF	NVFAFPFTI
CASSLTGEQPQHF	NVFAFPFTI
CASSFTGEQYF	NVFAFPFTI
CSAVTGDNEQYF	NVFAFPFTI
CASSFLGDGYTF	NVFAFPFTI
CASSLRDF	NVFAFPFTI
CATSRGGGPYEQYF	NVFAFPFTI
CASSFGDILFF	NVFAFPFTI
CASTVSQDTQYF	NVFAFPFTI
CASSFSDTQYF	NVFAFPFTI
CASSGGWVSDTQYF	NVFAFPFTI
CASTMTGEAFF	NVFAFPFTI
CASSRQGITEAFF	NVFAFPFTI
CASSVEEGGVTDTQYF	NVFAFPFTI
CASSLRDPSSYEQYF	NVFAFPFTI
CASTPSGELFF	NVFAFPFTI
CASSFSGEQFF	NVFAFPFTI
CSVETGEGYEQYF	NVFAFPFTI
CASRRTANTEAFF	NVFAFPFTI
CASGTSGSVRYEQYV	NVFAFPFTI
CASSHGGFEQFF	NVFAFPFTI
CASSRGGGELFF	NVFAFPFTI
CASSYPRAEQFF	NVFAFPFTI
CASSKGRQGGFTGELFF	NVFAFPFTI
CASNPGGNYEQYF	NVFAFPFTI
CASSLEAGSTYEQYF	NVFAFPFTI
CASTYAGYGYTF	NVFAFPFTI
CASSTSGGWFF	NVFAFPFTI
CASSLPRGTGTYEQYF	NVFAFPFTI
CASSSSETQYF	NVFAFPFTI
CASSMTGSELFF	NVFAFPFTI
CSVEDGISGNTIYF	NVFAFPFTI
CASSSSIYRGSQPQHF	NVFAFPFTI
CASSHLRTAYEQYF	NVFAFPFTI
CASRQGAGELFF	NVFAFPFTI
CASSLASEQYF	NVFAFPFTI
CASSTWTGENTEAFF	NVFAFPFTI
CSARSVAGGEKLFF	NVFAFPFTI
CASSLVYRGSETQYF	NVFAFPFTI
CATRSQDSGANVLTF	NVFAFPFTI
CASSLSGTPSF	NVFAFPFTI
CASNRLARWEAVYSNQPQHF	NVFAFPFTI
CASSADWNNEQFF	NVFAFPFTI
CSAPPTGGHYEQYF	NVFAFPFTI
CASSPTGSEQFF	NVFAFPFTI
CASSHGGHEAFF	NVFAFPFTI
CASSLQGTGELFF	NVFAFPFTI
CASSVSGNTIYF	NVFAFPFTI
CASSFQGKEFF	NVFAFPFTI
CASSEAVAGTTAEQYF	NVFAFPFTI
CASSFEGQPQHF	NVFAFPFTI
CASSFSNEQFF	NVFAFPFTI
CASSYTGGYTF	NVFAFPFTI
CASSLNGETQYF	NVFAFPFTI
CSARTVNTGELFF	NVFAFPFTI
CASSYMGYNEQFF	NVFAFPFTI
CASSPSGQMQFF	NVFAFPFTI
CASSPDVNANTGELFF	NVFAFPFTI
CASSLAGVLEFF	NVFAFPFTI
CASRTSGVYNEQFF	NVFAFPFTI
CSAMVGGLTNSSYEQYF	NVFAFPFTI
CASSPQGYEQYF	NVFAFPFTI
CASSFQTGAEKLFF	NVFAFPFTI
CASSLGGPMGGYTF	NVFAFPFTI
CASSMMGTFDYTF	NVFAFPFTI
CASSAPGGGEQFF	NVFAFPFTI
CASSGAGEKLFF	NVFAFPFTI
CASSQASKKLFF	NVFAFPFTI
CASSVGLLNEQFF	NVFAFPFTI
CASSEAGGANEQFF	NVFAFPFTI
CASSVGLNQPQHF	NVFAFPFTI
CSVEGGGNEQFF	NVFAFPFTI
CASSWTGNEAFF	NVFAFPFTI
CASSFDGISGYTF	NVFAFPFTI
CASSFGQGINRETQYF	NVFAFPFTI
CASSPPVGQGYEQYF	NVFAFPFTI
CASSFGVPGAGETQYF	NVFAFPFTI
CSARIHYEQYF	NVFAFPFTI
CSAIGYGYTF	NVFAFPFTI
CASSLDGFEQYF	NVFAFPFTI
CATSRGGAPYEQYF	NVFAFPFTI
CASSPGDEQFF	NVFAFPFTI
CATGTATDTQYF	NVFAFPFTI
CASSPVRGSSYEQYF	NVFAFPFTI
CASSWTGENYEQYF	NVFAFPFTI
CASSPTGEKLFF	NVFAFPFTI
CASSQVTNTEAFF	NVFAFPFTI
CASSYSTGRGLETQYF	NVFAFPFTI
CASSISGYNEQFF	NVFAFPFTI
CASSPSGASTDTQYF	NVFAFPFTI
CASSPTGAEAFF	NVFAFPFTI
CSALSTSPGDSPLHF	NVFAFPFTI
CASSINPGETQYF	NVFAFPFTI
CASSLSSSPTF	NVFAFPFTI
CSAVASESSYEQYF	NVFAFPFTI
CASSISSEQYF	NVFAFPFTI
CASSYPGGGGRTEAFF	NVFAFPFTI
CASSLDLEGHNYGYTF	NVFAFPFTI
CASSGTPGLAASEQYF	NVFAFPFTI
CASSFMAEAFF	NVFAFPFTI
CASSFVAGGPTGELFF	NVFAFPFTI
CATSMGLAGVGGELFF	NVFAFPFTI
CASVPQGRAEAFF	NVFAFPFTI
CASSLSGETQYF	NVFAFPFTI
CASSFPIAGAPYEQYF	NVFAFPFTI
CASSFAYGYTF	NVFAFPFTI
CASSSGPNYTF	NVFAFPFTI
CASNYGGTEAFF	NVFAFPFTI
CASSPQGWELFF	NVFAFPFTI
CASSGDVVISPYEQYF	NVFAFPFTI
CASSLGQVYTEAFF	NVFAFPFTI
CASSLGLHEQFF	NVFAFPFTI
CASTEGPSGVYNEQFF	NVFAFPFTI
CSVVRENTGELFF	NVFAFPFTI
CASSATGGHEQYF	NVFAFPFTI
CASKYGNTEAFF	NVFAFPFTI
CASSQGTVELFF	NVFAFPFTI
CASSPVHQETQYF	NVFAFPFTI
CASSLYTF	NVFAFPFTI
CASSPGGELFF	NVFAFPFTI
CASSPQGYEQYF	NVFAFPFTI
CASSLAGEKLFF	NVFAFPFTI
CATSNSLAGEETQYF	NVFAFPFTI
CASSPGGGEQYF	NVFAFPFTI
CASSATGSEQYF	NVFAFPFTI
CSALSGNTGELFF	NVFAFPFTI
CASSQPIGGNEQFF	NVFAFPFTI
CASSLNYGYTF	NVFAFPFTI
CATGGLAEHKNQETQYF	NVFAFPFTI
CASSFREKLFF	NVFAFPFTI
CASRASGIYEQYF	NVFAFPFTI
CASSLDRVYGYTF	NVFAFPFTI
CSVQTGTGFEQYF	NVFAFPFTI
CASSQDYYGYTF	NVFAFPFTI
CASSRAGGQADTQYF	NVFAFPFTI
CASSLTGETQYF	NVFAFPFTI
CASSGLAGETQYF	NVFAFPFTI
CASSFPIAGELFF	NVFAFPFTI
CASGPETYEQYF	NVFAFPFTI
CASSFSGEKLFF	NVFAFPFTI
CSVETGDTGNTIYF	NVFAFPFTI
CASSSRNSGNTIYF	NVFAFPFTI
CASSGTGGETQYF	NVFAFPFTI
CASSQEGRPEQFF	NVFAFPFTI
CASSPDGYEQYF	NVFAFPFTI
CASSFSGANVLTF	NVFAFPFTI
CSGGRDNEQFF	NVFAFPFTI
CASSFSNEQFF	NVFAFPFTI
CASSFDASQYF	NVFAFPFTI
CSVVRTDNTGELFF	NVFAFPFTI
CASSQVGFYNEQFF	NVFAFPFTI
CASSFQGFTEAFF	NVFAFPFTI
CASSVELAGTWGTQYF	NVFAFPFTI
CASSYGSTEAFF	NVFAFPFTI
CASSGGGTFF	NVFAFPFTI
CASSSGPGYTF	NVFAFPFTI
CASSLGGGANGYTF	NVFAFPFTI
CASSFSVEQFF	NVFAFPFTI
CASRETGTYNEQFF	NVFAFPFTI
CASILSGGEGEQYF	NVFAFPFTI
CASSLEGTQYF	NVFAFPFTI
CASSLAYEQFF	NVFAFPFTI
CASGTNEKLFF	NVFAFPFTI
CSATDGNTGELFF	NVFAFPFTI
CSAQNAPEGSYEQYF	NVFAFPFTI
CASRDQGQETQYF	NVFAFPFTI
CASSFSGTQYF	NVFAFPFTI
CASSISTPEALHF	NVFAFPFTI
CASSSFGQEEFF	NVFAFPFTI
CATSSHGTTTYNEQFF	NVFAFPFTI
CASSKMQGVPTDTQYF	NVFAFPFTI
CASSSPGRRNSPLHF	NVFAFPFTI
CASSLDGETQYF	NVFAFPFTI
CASSKGDGYTF	NVFAFPFTI
CSATPAGGIYEQYF	NVFAFPFTI
CASSPAGDEQFF	NVFAFPFTI
CASSWGGYGYTF	NVFAFPFTI
CATSSRAGGGYTF	NVFAFPFTI
CASSAGATEQFF	NVFAFPFTI
CSAILADTGELFF	NVFAFPFTI
CASSPGLAGGISYEQYF	NVFAFPFTI
CASSISGETQYF	NVFAFPFTI
CASSVFGGYEQYF	NVFAFPFTI
CASSTSGYEQYF	NVFAFPFTI
CASSQEGTSGAFF	NVFAFPFTI
