CDR3	AA
CSAVEGTNVHIFTDTQYF	ISDYDYYRY
CASRGWTTTHQPQHF	ISDYDYYRY
CASSHPTGEDYGYTF	ISDYDYYRY
CASSVGVNTEAFF	ISDYDYYRY
CASTLDRAAGTEAFF	ISDYDYYRY
CASSFGTGGTGELFF	ISDYDYYRY
CASSVLGTQETQYF	ISDYDYYRY
CASSYYRGYGADEQYF	ISDYDYYRY
CASSTAQGRDEQYF	ISDYDYYRY
CASSESQGNTEAFF	ISDYDYYRY
CASSLSFGGMGTDTQYF	ISDYDYYRY
CASSLGSTGYTF	ISDYDYYRY
CSARGLAGGYQETQYF	ISDYDYYRY
CASSVAVTDTQYF	ISDYDYYRY
CASSLELAGNLDTQYF	ISDYDYYRY
CASSQDTGSDYEQYF	ISDYDYYRY
CASSFEAASNQPQHF	ISDYDYYRY
CASSSGQGGTEAFF	ISDYDYYRY
CASTPAAGYNEQFF	ISDYDYYRY
CASSYGTSFSEQYF	ISDYDYYRY
CASSELAPANTDTQYF	ISDYDYYRY
