CDR3	AA
CSVAGTGSSQPQHF	TGSNVFQTR
CASSTRQNGQPQHF	TGSNVFQTR
CASSAGTGSYEQYF	TGSNVFQTR
CASSWGSEKLFF	TGSNVFQTR
CASSNGDRTNSPLHF	TGSNVFQTR
CSVLSRGGRTDTQYF	TGSNVFQTR
CASSYSSGAPQHF	TGSNVFQTR
CSAVAGGPGEQYF	TGSNVFQTR
CASSSHQQPTDTQYF	TGSNVFQTR
CSAVPGGEQYF	TGSNVFQTR
CASSPQVAVPYEQYF	TGSNVFQTR
CASTNRTYEQYF	TGSNVFQTR
CASRRGGGPETQYF	TGSNVFQTR
CASSIGSPNEAFF	TGSNVFQTR
CASSLGLVQRV	TGSNVFQTR
CASRDGPGTSGSYEQFF	TGSNVFQTR
CASSLGLAGIYNEQFF	TGSNVFQTR
CASSPNQQGTNEKLFF	TGSNVFQTR
CASSQPASGKGNEQYF	TGSNVFQTR
CASSQGSRDNEKLFF	TGSNVFQTR
CASSLGGGPQDQFF	TGSNVFQTR
CASSYGTPRMAQYF	TGSNVFQTR
CATSRDRGMGETQYF	TGSNVFQTR
CSASLRDSSAADTQYF	TGSNVFQTR
CASSQVGQGYHEQYF	TGSNVFQTR
CASRVLGAEAFF	TGSNVFQTR
CASSPRGNEQFF	TGSNVFQTR
CASSRTGGYTDTQYF	TGSNVFQTR
CSVLVAGTRPDTQYF	TGSNVFQTR
CASSFGAEKLFF	TGSNVFQTR
CASSMRGLDTEAFF	TGSNVFQTR
CASSLTSGGLTDTQYF	TGSNVFQTR
CSVEGHGLNTEAFF	TGSNVFQTR
CASSLGTGIAF	TGSNVFQTR
CSATWTGGGEQYF	TGSNVFQTR
CASSPGQGEQPQHF	TGSNVFQTR
CASSWGSEKLFF	TGSNVFQTR
CASARGDKTYEQYF	TGSNVFQTR
CASSPDSGGSTGELFF	TGSNVFQTR
CSVVKSGGPTSTDTQYF	TGSNVFQTR
CASSTGSPDNEQFF	TGSNVFQTR
CSVVTGGGPSTDTQYF	TGSNVFQTR
CASKVGGTEAFF	TGSNVFQTR
CSYTLASYEQYF	TGSNVFQTR
CASSYRQNTEAFF	TGSNVFQTR
CASSLGARGYTF	TGSNVFQTR
CATSTADRGSDTEAFF	TGSNVFQTR
CATRRGGSQETQYF	TGSNVFQTR
CASSQDAAGLNEQFF	TGSNVFQTR
CSAGHRGSNEKLFF	TGSNVFQTR
CASSLNPGTEYYNEQFF	TGSNVFQTR
CASQPGSNTGELFF	TGSNVFQTR
CSAVPEGYEQYF	TGSNVFQTR
CSGFITLPGHARADTQYF	TGSNVFQTR
CSASSGQGTEAFF	TGSNVFQTR
CSVVAGGTEAFF	TGSNVFQTR
CASSLGPGQNTGELFF	TGSNVFQTR
CSVVGSGQGPDEQYF	TGSNVFQTR
CSVVSRGNTDTQYF	TGSNVFQTR
CASSQDVGRATGELFF	TGSNVFQTR
CSAIIRGLVDTQYF	TGSNVFQTR
CASTNRTYEQYF	TGSNVFQTR
CSATADGSSYNEQFF	TGSNVFQTR
CSARVPKKTDTQYF	TGSNVFQTR
CSAVLTAYEQYF	TGSNVFQTR
CASWRDSYYEQYF	TGSNVFQTR
CASSQDWGRAAGELFF	TGSNVFQTR
CSVGNTDRNYEQYF	TGSNVFQTR
CSARTSGGAISTDTQYF	TGSNVFQTR
RASSSTGILGYTF	TGSNVFQTR
CASSMRGLDTEAFF	TGSNVFQTR
CASSLGNRAGRNSPLHF	TGSNVFQTR
CASSQGLTASPLHF	TGSNVFQTR
CSVVSRDEVDTIYF	TGSNVFQTR
CASSPDSGGSTGELFF	TGSNVFQTR
CSVVTGTGPHEQYF	TGSNVFQTR
CASSWDRSTNEKLFF	TGSNVFQTR
CASRSPPGTSVEQFF	TGSNVFQTR
CASSSGGPGNEQFF	TGSNVFQTR
CSAPQDRDNTEAFF	TGSNVFQTR
CASSQDGDDEKLFF	TGSNVFQTR
CASSSTGAATDTQYF	TGSNVFQTR
CASSLGARGYTF	TGSNVFQTR
CATLSGVTEAFF	TGSNVFQTR
CASSPLGAGETQYF	TGSNVFQTR
CATSRGGGTGELFF	TGSNVFQTR
CSVINPDRARTDTQYF	TGSNVFQTR
CASSLGAEKLFF	TGSNVFQTR
