CDR3	AA
CASLGATEAFF	YHLMSFPQSA
CASTSTGELFF	YHLMSFPQSA
CASSFISLSGANVLTF	YHLMSFPQSA
CARREREVLPFNEQFF	YHLMSFPQSA
CASSAGLASNEQFF	YHLMSFPQSA
CASSRNTEAFF	YHLMSFPQSA
CASSSQGDLFF	YHLMSFPQSA
CASGADTQYF	YHLMSFPQSA
CASSPTGTGELFF	YHLMSFPQSA
CASSLISEQFF	YHLMSFPQSA
CASSSTGAATDTQYF	YHLMSFPQSA
CASSFSGSGAYEQYF	YHLMSFPQSA
CASSSVGDNEQFF	YHLMSFPQSA
CASMGGELFF	YHLMSFPQSA
CASGTPTRFSGANVLTF	YHLMSFPQSA
CASSRAEKLFF	YHLMSFPQSA
CASTRGETQYF	YHLMSFPQSA
CASSPSREQQYNEQFF	YHLMSFPQSA
CASSHEDRGYGYTF	YHLMSFPQSA
CASSSGQLPLHF	YHLMSFPQSA
CASSLQGEAFF	YHLMSFPQSA
CASTLTGEQFF	YHLMSFPQSA
CANFRVPPSGANVLTF	YHLMSFPQSA
CASSPTGQYHSYEQYF	YHLMSFPQSA
CASSFGGADGELFF	YHLMSFPQSA
CASLLGTGELFF	YHLMSFPQSA
CASRSAGTAGYTF	YHLMSFPQSA
CASSPGGPVEQFF	YHLMSFPQSA
CSVIAGQSFGKNIQYF	YHLMSFPQSA
CASLSFVRGISTGELFF	YHLMSFPQSA
CASSFLSGNEQFF	YHLMSFPQSA
CASSLSVHEQYF	YHLMSFPQSA
CASSLSDSGYNEQFF	YHLMSFPQSA
CASSLAGGGLYNEQFF	YHLMSFPQSA
CASSPPANQETQYF	YHLMSFPQSA
CASSLRDRPYEQYF	YHLMSFPQSA
CSARVTGTSGINEQFF	YHLMSFPQSA
CASSTGPEQYF	YHLMSFPQSA
CASSFGGSFNEQFF	YHLMSFPQSA
CASSFTATGWDYGYTF	YHLMSFPQSA
CASSVGETQYF	YHLMSFPQSA
CASSSPGTGEYEQYF	YHLMSFPQSA
CASMGPHEQFF	YHLMSFPQSA
CASSLVDLEQYF	YHLMSFPQSA
CAQGPTEAFF	YHLMSFPQSA
CASMYPPGELFF	YHLMSFPQSA
