CDR3	AA
CASSLYQGGTEAFF	SLVKPSFYV
CASSISGRGYEQYF	SLVKPSFYV
CASYSGDLQETQYF	SLVKPSFYV
CASSLAGPNEQFF	SLVKPSFYV
CASSLGAGGPGDTQYF	SLVKPSFYV
CASSENSPAYNEQFF	SLVKPSFYV
CASSLGAGANTYNEQFF	SLVKPSFYV
CSAKGEDSYNEQFF	SLVKPSFYV
CASSLGQGEETQYF	SLVKPSFYV
CASSLAGPETQYF	SLVKPSFYV
CASSLGPGGPTDTQYF	SLVKPSFYV
CASSEGGTAYYEQYF	SLVKPSFYV
CASSQEGVAYNEQFF	SLVKPSFYV
CAAYRGLTDTQYF	SLVKPSFYV
CSAYPGLAPVNSYEQYF	SLVKPSFYV
CSAGHTGGGEKLFF	SLVKPSFYV
CASSLVDGGSYNSPLHF	SLVKPSFYV
CASSFTLETGGEKLFF	SLVKPSFYV
CASSYGMDPNEKLFF	SLVKPSFYV
CASSQGQGLPATNEKLFF	SLVKPSFYV
CASSQYFAAAGDEQYF	SLVKPSFYV
CASSLGQGGSPLHF	SLVKPSFYV
CASSEELAVYNEQFF	SLVKPSFYV
CASSDAGPYEQYF	SLVKPSFYV
