CDR3	AA
CASSDSYEQYF	GEVFNATRF
CASSLSTGARTDTQYF	GEVFNATRF
CASSLSGGSGGGTDTQYF	GEVFNATRF
CASSLATAEAFF	GEVFNATRF
CASSFSGSATGELFF	GEVFNATRF
CASSQEAGGHQNIQYF	GEVFNATRF
CASSLGGGQPQHF	GEVFNATRF
CASSQGVANPPYEQYF	GEVFNATRF
CASSQDLGYNEQFF	GEVFNATRF
CSVKRFSGGAVSDTQYF	GEVFNATRF
CASSQDSVQETQYF	GEVFNATRF
CASSWLGNTEAFF	GEVFNATRF
CASSLGGGDQETQYF	GEVFNATRF
CASSLSQAPGNEQFF	GEVFNATRF
CASSLTAGEGQYNEQFF	GEVFNATRF
CASSLGGSGANVLTF	GEVFNATRF
CASSQGQASSYEQYF	GEVFNATRF
CASSALLAGEVNEQFF	GEVFNATRF
CASSQSPQGGTEAFF	GEVFNATRF
CASSLDLGTYEQYF	GEVFNATRF
CASRPSDGTAGELFF	GEVFNATRF
CASSGRLGNYGYTF	GEVFNATRF
CASSPSQGNEQFF	GEVFNATRF
CASSPSTGLEQYF	GEVFNATRF
CASSVRSDRLQETQYF	GEVFNATRF
CASSFSAGGTYEQYF	GEVFNATRF
CASRPSGGAYNEQFF	GEVFNATRF
CASRDLQGNTEAFF	GEVFNATRF
CASSYSGDYEQYF	GEVFNATRF
CASSRGGDNEQFF	GEVFNATRF
CASSYSLGGGIYNEQFF	GEVFNATRF
CASSYNRERNQPQHF	GEVFNATRF
CASSYQGGGRVYNEQFF	GEVFNATRF
CSVEPEEQYV	GEVFNATRF
CASSLGQETQYF	GEVFNATRF
CASSLSYNEQFF	GEVFNATRF
CASSPQGGGSSYNEQFF	GEVFNATRF
CASSLGVNQPQHF	GEVFNATRF
CASSVGLAGGMFYEQYF	GEVFNATRF
CASSQDWGNGSEAFF	GEVFNATRF
CASSFEAGEAAYNEQFF	GEVFNATRF
CASSLSQGPSTDTQYF	GEVFNATRF
CASTPGGGDEQFF	GEVFNATRF
CASSIGDEQFF	GEVFNATRF
CASSLGGRNNSPLHF	GEVFNATRF
CASSQDLGGSGPYEQYF	GEVFNATRF
CASSLSQGAGTDTQYF	GEVFNATRF
CASSPSTGGISYNEQFF	GEVFNATRF
CASSPTGGGLLDEQFF	GEVFNATRF
CASSQDVGGFQPQHF	GEVFNATRF
CASSSLLSGGDTQYF	GEVFNATRF
CASSHSGTSYEQYF	GEVFNATRF
CASRGGTYNEQFF	GEVFNATRF
CASSQDRAYYEQYF	GEVFNATRF
CASSRTSGSRLDTQYF	GEVFNATRF
CASSPQGADRSYNEQFF	GEVFNATRF
CASSPGPGGSTEAFF	GEVFNATRF
CASSLGGGDYNEQFF	GEVFNATRF
CASSPDTGSPAYNEQFF	GEVFNATRF
CASTWGGSSYNEQFF	GEVFNATRF
CATSETPASGAPDTQYF	GEVFNATRF
CASSQEREFYEQYF	GEVFNATRF
CASSLGAGDQETQYF	GEVFNATRF
CASSYSSSGTYNEQFF	GEVFNATRF
CASSLGAGTVGETQYF	GEVFNATRF
CASSHGGPDTQYF	GEVFNATRF
CASSYGREFYEQYF	GEVFNATRF
CASSLALAGGTYVEQFF	GEVFNATRF
CAIIRGAHEQYV	GEVFNATRF
CASTPLGVYNEQFF	GEVFNATRF
CASSITGTGAAGELFF	GEVFNATRF
CASGVAVVGTGELFF	GEVFNATRF
CASSPGGGGPPRETQYF	GEVFNATRF
CSARGHSYEQYF	GEVFNATRF
CASSWTSGSGDEQFF	GEVFNATRF
CASRVGGEGTGELFF	GEVFNATRF
CASTSGKGDEQFF	GEVFNATRF
CASSHPDSFSGANVLTF	GEVFNATRF
CASRGGSYNEQFF	GEVFNATRF
CASSYLFQALQETQYF	GEVFNATRF
CASSQQGQPQHF	GEVFNATRF
CASSLQAGAAFYNEQFF	GEVFNATRF
CASSPSGTTYFEQYF	GEVFNATRF
CASTLTSGSPHEQFF	GEVFNATRF
CASSLGGSDQETQYF	GEVFNATRF
CASSLDSSSYEQYF	GEVFNATRF
CASSLGGAGGLNEQFF	GEVFNATRF
CASSVSGRGSEQYF	GEVFNATRF
CASSRGGGDQETQYF	GEVFNATRF
CASSQEGGTSTDTQYF	GEVFNATRF
CASSFSGTGVNEQFF	GEVFNATRF
CASSFGDNEQFF	GEVFNATRF
CASSFGQELDRNTEAFF	GEVFNATRF
CASSFSGSPSYEQYF	GEVFNATRF
CASSLGQYYEQYF	GEVFNATRF
CASSWSGGDSYEQYF	GEVFNATRF
CASSGGSDSYNEQFF	GEVFNATRF
CASSYGTGGTDTQYF	GEVFNATRF
CASSVDRDSDYNEQFF	GEVFNATRF
CASSPQTGTVGYNEQFF	GEVFNATRF
CASSLGTNNEQFF	GEVFNATRF
CASSLDGPRDEQFF	GEVFNATRF
CASSPRVSAGANEQYF	GEVFNATRF
CASSYSKGFEAFF	GEVFNATRF
CASSLGQEFYEQYF	GEVFNATRF
CASSVGLAGGQFYEQYF	GEVFNATRF
CASSLTYNEQFF	GEVFNATRF
CASSHGGAGTDTQYF	GEVFNATRF
CASSPGASGEQETQYF	GEVFNATRF
CASSLGGAEQYF	GEVFNATRF
CASSQDLEWYGYTF	GEVFNATRF
CASSWGQGKDYEQYF	GEVFNATRF
CASSLSLGQTYEQYF	GEVFNATRF
CSARGSSYNEQFF	GEVFNATRF
CASSLGGGDQETQYF	GEVFNATRF
CASGSGPRVGQYF	GEVFNATRF
CASSQDLGQGYEQYF	GEVFNATRF
CASSLRGDSTDTQYF	GEVFNATRF
CASSFSGELFF	GEVFNATRF
CASSHPDGGAGELFF	GEVFNATRF
CASSPGGAGSNQPQHF	GEVFNATRF
CASSLSELGGAYNEQFF	GEVFNATRF
CASSLGDNLNQPQHF	GEVFNATRF
CASSLGVGEQFF	GEVFNATRF
CASSLDGGSHEQYF	GEVFNATRF
CASSYSTDNYEQYF	GEVFNATRF
CASSLGVLETQYF	GEVFNATRF
CASSLGGGSTDTQYF	GEVFNATRF
CASSLGLAGGFFYEQYF	GEVFNATRF
CASSPPGQVEPEQFF	GEVFNATRF
CASSFEQRTSGANVLTF	GEVFNATRF
CASRYTGTEAFF	GEVFNATRF
CASSLGGGGKETQYF	GEVFNATRF
CASSQETTGFGGYTF	GEVFNATRF
CASSLGSNQPQHF	GEVFNATRF
CASSFLAGETQYF	GEVFNATRF
CASSLAPNTEAFF	GEVFNATRF
CASSLGGEQFF	GEVFNATRF
CASSLDPTDTQYF	GEVFNATRF
CASSFGGSDQETQYF	GEVFNATRF
CASSFSGQGVDEQFF	GEVFNATRF
CASSVQSYNEQFF	GEVFNATRF
CASSWERERGNEQFF	GEVFNATRF
CASRGGTYNEQYF	GEVFNATRF
CASGVDSGLSGETQYF	GEVFNATRF
CASSLSGGTGGGTDTQYF	GEVFNATRF
CASSPSGRSYEQYF	GEVFNATRF
CASSAQAGASSYNEQFF	GEVFNATRF
CASSEFGTEAFF	GEVFNATRF
CASSPGGPSLGEQYF	GEVFNATRF
CASSPDGGASDTQYF	GEVFNATRF
CASSGGNEQFF	GEVFNATRF
CASSSVAGGIDYNEQFF	GEVFNATRF
CASRRQGNGYTF	GEVFNATRF
CASGDYEQYF	GEVFNATRF
CASSPEAGELGYNEQFF	GEVFNATRF
CASSQGPEYYEQYF	GEVFNATRF
CASSLTGGGIYNEQFF	GEVFNATRF
CASSLNSGQTYEQYF	GEVFNATRF
CASSLNPGTYALVAGELFF	GEVFNATRF
CASSLSSSPPVDEQFF	GEVFNATRF
CATSGGEAGYTF	GEVFNATRF
CASSQDRREGPGDTQYF	GEVFNATRF
CASSSVAGDQETQYF	GEVFNATRF
CASSPGGSSFYEQYF	GEVFNATRF
CASSYSGSGVNEQFF	GEVFNATRF
CASSWGGGGETQYF	GEVFNATRF
CASSQEAGGKALYEQYF	GEVFNATRF
CASSLDGTRHEQYF	GEVFNATRF
CASLTGPGLGEQYF	GEVFNATRF
CASSLEGGTHGDTQYF	GEVFNATRF
CASSQGDWSEQYF	GEVFNATRF
CASSPEGGGLINEQFF	GEVFNATRF
CASSQDLWDEQFF	GEVFNATRF
CASSFSGASNQPQHF	GEVFNATRF
CASSLAVNQPQHF	GEVFNATRF
CASSWGLKNEQFF	GEVFNATRF
CASSQDLGRSHEQFF	GEVFNATRF
CASSPLGALPSSGANVLTF	GEVFNATRF
CASSLSGGTGASFYGYTF	GEVFNATRF
CASSLSTGAGGLTDTQYF	GEVFNATRF
CASSSSDSFQPQHF	GEVFNATRF
CASSLEGGSGANVLTF	GEVFNATRF
CASSQDFAGYSYNEQFF	GEVFNATRF
CASSPRGDSSYNEQFF	GEVFNATRF
CASSLSFSSQETQYF	GEVFNATRF
CASSLGGGSEQFF	GEVFNATRF
CASSLGGGDQETQYF	GEVFNATRF
CASSQDKDYYEQYF	GEVFNATRF
CASSVPGVPGELFF	GEVFNATRF
CASSFGQDYYGYTF	GEVFNATRF
CASSILDGGTEAFF	GEVFNATRF
CASSLLGGSGPYNEQFF	GEVFNATRF
CASSLSAGGVETQYF	GEVFNATRF
CASSPNSADTQYF	GEVFNATRF
CASSVVGGSSYNEQFF	GEVFNATRF
CASSQEMGGSYEQYF	GEVFNATRF
CASSSSGRGVNEQFF	GEVFNATRF
CASSPSQGPGNTIYF	GEVFNATRF
CASSLEAGGFYEQYF	GEVFNATRF
CASRRGGDNEQFF	GEVFNATRF
CAWSFPSDFYEQYF	GEVFNATRF
CASSPLAGEPAYNEQFF	GEVFNATRF
CASSYGTGTAHSNEQFF	GEVFNATRF
CASSLGFGEQYF	GEVFNATRF
CASSRDLSSYEQYF	GEVFNATRF
CASSHGLYEQYF	GEVFNATRF
CASSLRTGLLVTQYF	GEVFNATRF
CASSLLTGTQETQYF	GEVFNATRF
CASSLGVGPNTGELFF	GEVFNATRF
CASSQEGGTSTDTQYF	GEVFNATRF
CASSQDQLPWADEQFF	GEVFNATRF
CASSPGGGWTDTQYF	GEVFNATRF
CASSIVEHLEINEQFF	GEVFNATRF
CASSQDVEFYGYTF	GEVFNATRF
CASSSGLAGGPTGELFF	GEVFNATRF
CASSIAGGPGNEQFF	GEVFNATRF
CSVGTDTQYF	GEVFNATRF
CASSRGGGTNEKLFF	GEVFNATRF
CASSPILASSTDTQYF	GEVFNATRF
CASSPGTGRQPQHF	GEVFNATRF
CASSLSTGAPTDTQYF	GEVFNATRF
CASSLLGTLNTEAFF	GEVFNATRF
CASSPQGSGGLGDEQFF	GEVFNATRF
CASSIGVWDSPLHF	GEVFNATRF
CASTHGAGNTGELFF	GEVFNATRF
CASSDPANTEAFF	GEVFNATRF
CASSPGQGFYEQYF	GEVFNATRF
CASSLSGGAMAYNEQFF	GEVFNATRF
CASSLEWGQGYEQYF	GEVFNATRF
CASSINRGAYEQYV	GEVFNATRF
CASSLTGGAFSGANVLTF	GEVFNATRF
CASSFGILETQYF	GEVFNATRF
CASSPRQGGTGANVLTF	GEVFNATRF
CASSFGAFGTSGVGEQFF	GEVFNATRF
CASSYGAANYEQYF	GEVFNATRF
CASSSGQDYNEQFF	GEVFNATRF
CATSLGSYNEQFF	GEVFNATRF
CASSQGGGSNQPQHF	GEVFNATRF
CASSQEQVHLSGANVLTF	GEVFNATRF
CASSFSGTALEQYF	GEVFNATRF
CASSQDLGDTEAFF	GEVFNATRF
CASSVPGELGEQFF	GEVFNATRF
CASSLTGPSYEQYF	GEVFNATRF
CASSLGGGSQETQYF	GEVFNATRF
CAISEGRDEQYF	GEVFNATRF
CASSLEAGSPPGEQFF	GEVFNATRF
CASSYSGGLYEQYF	GEVFNATRF
CASSYEAQVLNYGYTF	GEVFNATRF
CASSYSDEQYF	GEVFNATRF
CASSPTSGQLSYNEQFF	GEVFNATRF
CAISEGNEAFF	GEVFNATRF
CASSYSNMGLANTEAFF	GEVFNATRF
CASSPPWEGNNKETQYF	GEVFNATRF
CASSPMGGDLGYNEQFF	GEVFNATRF
CASSQVPTNTEAFF	GEVFNATRF
CASSLSHEQFF	GEVFNATRF
CASSIWTSGSSGNSYNEQFF	GEVFNATRF
CASSIADSPLHF	GEVFNATRF
CASSYGLAGANEQFF	GEVFNATRF
CASSLWTGGMAGELFF	GEVFNATRF
CASTYLQGPGEKLFF	GEVFNATRF
CASSLGQGAPTDTQYF	GEVFNATRF
CASSYELAGATGELFF	GEVFNATRF
CASSLTGELFF	GEVFNATRF
CASSYGSDGYTF	GEVFNATRF
CASSIPGTGSYEQYF	GEVFNATRF
CASSADSSSYEQYF	GEVFNATRF
CASSPGHYEQFF	GEVFNATRF
CASSPGGGNEKLFF	GEVFNATRF
CASSVAPDPPERETQYF	GEVFNATRF
CASSLALGVGQPQHF	GEVFNATRF
CASSPSQGSGNTIYF	GEVFNATRF
CASSLETVNHEQYF	GEVFNATRF
CASRGGTYNEQFF	GEVFNATRF
CASSSSGGGYEQFF	GEVFNATRF
CASSQVTAQETQYF	GEVFNATRF
CASSSNDRGTSGTYEQYF	GEVFNATRF
CASSPGWADSNYGYTF	GEVFNATRF
CASSLSGDQPQHF	GEVFNATRF
CASSLGDSGPLYNEQFF	GEVFNATRF
CASSLGGGTSGRESSYNEQFF	GEVFNATRF
CASSPQTGALSYNEQFF	GEVFNATRF
CASSYPSETNTGELFF	GEVFNATRF
CASSIGGGDQETQYF	GEVFNATRF
CASSLPGGGINSYNEQFF	GEVFNATRF
CASSLSTGSPADEQFF	GEVFNATRF
CASSQDLGVMDEQYF	GEVFNATRF
CASSSTHLNEQFF	GEVFNATRF
CASSLGGRSTDTQYF	GEVFNATRF
CASSLSIGRSTDTQYF	GEVFNATRF
CASSFGGAGTDTQYF	GEVFNATRF
CASSLGGSYNEQFF	GEVFNATRF
CASSYGSGKPSYNEQFF	GEVFNATRF
CASSDDYEQYF	GEVFNATRF
CASRASGGAPDTQYF	GEVFNATRF
CASSYQAGGPLSGANVLTF	GEVFNATRF
CASSPGTGTSGYEQYF	GEVFNATRF
CASSATSGRVDTQYF	GEVFNATRF
CAITAGGINEQFF	GEVFNATRF
CASSQTRDRAWETQYF	GEVFNATRF
CASSHQTGGASYNEQFF	GEVFNATRF
CASSFGAVNEQFF	GEVFNATRF
CASSLGGSNTEAFF	GEVFNATRF
CASSPGTVYGYTF	GEVFNATRF
CASSLTTGTGSYNEQFF	GEVFNATRF
CASSLISYEQYF	GEVFNATRF
CASSLGAGDQETQYF	GEVFNATRF
CASSSQTSGFINEQFF	GEVFNATRF
CASSLGAGSTGELFF	GEVFNATRF
CASSQEPAGGTGELFF	GEVFNATRF
CASSPTSVGAGELFF	GEVFNATRF
