CDR3	AA
CASSRGGVFNQPQHF	LLTDEMIAQY
CSARGEYRQETQYF	LLTDEMIAQY
CASSYGLAANVPNNEQFF	LLTDEMIAQY
CASGWDNQPQHF	LLTDEMIAQY
CASSQGAVGVSYEQYF	LLTDEMIAQY
CASSARQGPLDNEQFF	LLTDEMIAQY
CASSLVTVSYEQYF	LLTDEMIAQY
CASSLFGTGGVSGEQYF	LLTDEMIAQY
CASSQDAGGSYNEQFF	LLTDEMIAQY
CASSLTLGTGIYEQYF	LLTDEMIAQY
CATSRAKGTGIYEQYF	LLTDEMIAQY
CASSRPGQGVYEQYF	LLTDEMIAQY
CASSSRQGATDTQYF	LLTDEMIAQY
CASSLVIQGAVDTQYF	LLTDEMIAQY
CASNTGGTYQETQYF	LLTDEMIAQY
CASRGGGFGGELFF	LLTDEMIAQY
CASSLFQNTGELFF	LLTDEMIAQY
CASSQNRGRSYNEQFF	LLTDEMIAQY
CATSRAKGIGAYEQYF	LLTDEMIAQY
CASSDRNRYGYTF	LLTDEMIAQY
CASSLITDTQYF	LLTDEMIAQY
CASSPSSGTGIYEQYF	LLTDEMIAQY
CASSLSTGSGTEAFF	LLTDEMIAQY
CASSWGVGTGIYEQYF	LLTDEMIAQY
CASSFSSSYEQYF	LLTDEMIAQY
CASRNSSYNEQFF	LLTDEMIAQY
CASSLGIGGYEQYF	LLTDEMIAQY
CASSSGLGTGTYEQYF	LLTDEMIAQY
CASSAWDGGTSGRTQYF	LLTDEMIAQY
CASSQTPTETSYEQYF	LLTDEMIAQY
CASSSSLLRDAYEQYF	LLTDEMIAQY
CASRKAPGTGVYEQYF	LLTDEMIAQY
CATSESTNEQFF	LLTDEMIAQY
CASSRGQGSSYNEQFF	LLTDEMIAQY
CASGLGGDEQFF	LLTDEMIAQY
CASSGLGTGSYGYTF	LLTDEMIAQY
CSARGHLVSYEQYF	LLTDEMIAQY
CASSPLSSYNEQFF	LLTDEMIAQY
CSARDSYSNYGYTF	LLTDEMIAQY
CASSWGIGYEQYF	LLTDEMIAQY
CASSLSGTGVGNYGYTF	LLTDEMIAQY
CASSLPQRGSTDTQYF	LLTDEMIAQY
CASSRTSGRQTGELFF	LLTDEMIAQY
CASSQGVGQGTYEQYF	LLTDEMIAQY
CASSRGSYNEQFF	LLTDEMIAQY
CASSPTSGPVREQYF	LLTDEMIAQY
CASSWGGTRLKETQYF	LLTDEMIAQY
CSARDSAGVDEQFF	LLTDEMIAQY
CSAIGTTAFYEQYF	LLTDEMIAQY
CASSQGTGHFSGIIGYTF	LLTDEMIAQY
CASSLAVGTGIYEQYF	LLTDEMIAQY
CSARSPTGNEQFF	LLTDEMIAQY
CASSLAYMDSNQPQHF	LLTDEMIAQY
CSARGTPTYNEQFF	LLTDEMIAQY
CASSLSQSSYEQYF	LLTDEMIAQY
CASRHSGTNEQFF	LLTDEMIAQY
CASSVGLAGAKGQDSYNEQFF	LLTDEMIAQY
CASSSGSYNEQFF	LLTDEMIAQY
CSARGPRGGEQYF	LLTDEMIAQY
CASSFGAGGYEQYF	LLTDEMIAQY
CASSLRGVEQYF	LLTDEMIAQY
CASQNRGYSNQPQHF	LLTDEMIAQY
CASFEGAYGTDTQYF	LLTDEMIAQY
CASSQEQGGDTGELFF	LLTDEMIAQY
CASSSTQRIGEQYF	LLTDEMIAQY
CASSQAPGQGNYGYTF	LLTDEMIAQY
CSARDLYRADTQYF	LLTDEMIAQY
CASSKVAGGGNTEAFF	LLTDEMIAQY
CATSGGKGQGGYEQYF	LLTDEMIAQY
CASSQPSTGTGAYEQYF	LLTDEMIAQY
CASSLGWGQGPYEQYF	LLTDEMIAQY
CASSLSIGTGIYEQYF	LLTDEMIAQY
CASSYGRNQPQHF	LLTDEMIAQY
CATSRDGVHEQFF	LLTDEMIAQY
CASSQDLKGTSGRTEAFF	LLTDEMIAQY
CASSLRPGPNTGELFF	LLTDEMIAQY
CASTPSAAYNEQFF	LLTDEMIAQY
CATSVSKGTGVYEQYF	LLTDEMIAQY
CASSLAKGTGVYEQYF	LLTDEMIAQY
CASRETSGGQETQYF	LLTDEMIAQY
CASSQERYEQYF	LLTDEMIAQY
CASSLSVGQGTYEQYF	LLTDEMIAQY
CASSFGTGGYEQYF	LLTDEMIAQY
CASSLALGTGIYEQFF	LLTDEMIAQY
CASRRGQGMGEAGANVLTF	LLTDEMIAQY
CASSQGPGNYYGYTF	LLTDEMIAQY
CASSPLTSGTTYEQYF	LLTDEMIAQY
CAISVSGEPTDTQYF	LLTDEMIAQY
CASSLTSGRADTQYF	LLTDEMIAQY
CSARDPRGEAKLFF	LLTDEMIAQY
CSARDGASGTYEQYF	LLTDEMIAQY
CASRRGQVTGELFF	LLTDEMIAQY
CASSPPSNEQFF	LLTDEMIAQY
CASSPKTGMGNYGYTF	LLTDEMIAQY
CASSQVGTGAYGYTF	LLTDEMIAQY
CSARDSLASRQDF	LLTDEMIAQY
CASSQGTNLEQYF	LLTDEMIAQY
CASSPRSSSSYNEQFF	LLTDEMIAQY
CASSEAGTGIYEQYV	LLTDEMIAQY
CASSQATGPLVNEQFF	LLTDEMIAQY
CASSQGVGTGVYEQYF	LLTDEMIAQY
CASSWGQGYEQYF	LLTDEMIAQY
CASSQAPGTGIYEQYF	LLTDEMIAQY
CASSQGQGSGSYEQYF	LLTDEMIAQY
CASSQSLGTGVYEQYF	LLTDEMIAQY
CASSQAQNTGELFF	LLTDEMIAQY
CASKRGREEAGELFF	LLTDEMIAQY
CATSRAKGTGIYEQYF	LLTDEMIAQY
CASSLALGTGYYEQYF	LLTDEMIAQY
CASSHKGSDTQYF	LLTDEMIAQY
CASSGGVGTGVYEQYF	LLTDEMIAQY
CASSWSGTEAFF	LLTDEMIAQY
CASSWGTGYEQYF	LLTDEMIAQY
CASSSQGGNTEAFF	LLTDEMIAQY
CASSYGTGGYEQYF	LLTDEMIAQY
CASSFIRGVQNIQYF	LLTDEMIAQY
CASSLSASYNEQFF	LLTDEMIAQY
CASSIRDRGSDQPQHF	LLTDEMIAQY
CASRLTSYNEQFF	LLTDEMIAQY
CASSQSRSYNEQFF	LLTDEMIAQY
CASKTSASYNEQFF	LLTDEMIAQY
CASTSTESTYEQYF	LLTDEMIAQY
CASSQHSGGSYNEQFF	LLTDEMIAQY
CASSLVSGSENEQFF	LLTDEMIAQY
CASSHLATSSYNEQFF	LLTDEMIAQY
CSARDPQGGPLHF	LLTDEMIAQY
CATSHNRYNSPLHF	LLTDEMIAQY
CASSQGKELFF	LLTDEMIAQY
CASSQGQGMGNYGYTF	LLTDEMIAQY
CASSQSSGTGIYEQYF	LLTDEMIAQY
CASSWGIGTGVYEQYF	LLTDEMIAQY
CASRDRQGRNEQFF	LLTDEMIAQY
CASRGASGANEQFF	LLTDEMIAQY
CASSFEVWAGTNTGELFF	LLTDEMIAQY
CATGTYSYEQYF	LLTDEMIAQY
CASSYGLLNEQFF	LLTDEMIAQY
CASSLAASAYEQYF	LLTDEMIAQY
CASSLTGLHEQYF	LLTDEMIAQY
CSARGPVAGELFF	LLTDEMIAQY
CASSSRETQYF	LLTDEMIAQY
CAWHGTSGRSYNEQFF	LLTDEMIAQY
CSASNPGGPYNEQFF	LLTDEMIAQY
CASSSPSTVDYGYTF	LLTDEMIAQY
CASFHSSGGVNTGELFF	LLTDEMIAQY
CASSLVAGHNEQFF	LLTDEMIAQY
CASSLETGVGVYEQYF	LLTDEMIAQY
CASSRDSKTDTQYF	LLTDEMIAQY
CASSQGRREYYGYTF	LLTDEMIAQY
CASSQGSYNEQFF	LLTDEMIAQY
CASTSGVYPHKSLNYGYTF	LLTDEMIAQY
CASTTQGSGANVLTF	LLTDEMIAQY
CASSQHSSYNEQFF	LLTDEMIAQY
CASSWGVGYEQYF	LLTDEMIAQY
CASSKAGGGPTDTQYF	LLTDEMIAQY
CASSQAPGTGTYEQYF	LLTDEMIAQY
CASRWATYNEQFF	LLTDEMIAQY
CASREGAGETQYF	LLTDEMIAQY
CASSWGSGYEQYF	LLTDEMIAQY
CASSLLRITYEQYF	LLTDEMIAQY
CASSSAIGTGIYEQYF	LLTDEMIAQY
CASSQGVPGTSGIYEQYF	LLTDEMIAQY
CASSARQGGRTDTQYF	LLTDEMIAQY
CSARGAIAGELFF	LLTDEMIAQY
CATSRAKGEGFYEQYF	LLTDEMIAQY
CASSQGAGSSYNEQFF	LLTDEMIAQY
CASSWGVSYEQYF	LLTDEMIAQY
CASSQGGTSYEQYF	LLTDEMIAQY
CASSQPPSGREGEAFF	LLTDEMIAQY
CSARDRLLTDTQYF	LLTDEMIAQY
CASSLTDSAYEQYF	LLTDEMIAQY
CASSLGLAGSSYEQYF	LLTDEMIAQY
CASSSWTSGSLGEQFF	LLTDEMIAQY
CASSQGPGTGVGEQYF	LLTDEMIAQY
CASSQLGVGVYEQYF	LLTDEMIAQY
CASSQVGAAYEQYF	LLTDEMIAQY
CASSSNDRNTGELFF	LLTDEMIAQY
CASSKTVGTGVYEQYF	LLTDEMIAQY
CASSLGVGTGAYEQYF	LLTDEMIAQY
CASSWDRKHQETQYF	LLTDEMIAQY
CATSRALGTGLYEQYF	LLTDEMIAQY
CASRDSTYNEQFF	LLTDEMIAQY
CASSWFRDITLPHTQYF	LLTDEMIAQY
CASSLGTSAPYNEQFF	LLTDEMIAQY
CASSSPNRATGELFF	LLTDEMIAQY
CATSPGATVNSPLHF	LLTDEMIAQY
CAISDSSGKNEQFF	LLTDEMIAQY
CASSQGASGIGTYEQYF	LLTDEMIAQY
CASSIAGTAYNEKLFF	LLTDEMIAQY
CSARDPYGGEQYF	LLTDEMIAQY
CASSFGTGGYEQFF	LLTDEMIAQY
CASSQPWAVPEAFF	LLTDEMIAQY
CASSSSAAAYEQYF	LLTDEMIAQY
CASSLSVGQGWIQPQHF	LLTDEMIAQY
CASSWGVGYEQYF	LLTDEMIAQY
CSARDPVRRETQYF	LLTDEMIAQY
CASSRLEGAATEAFF	LLTDEMIAQY
CASSSYTGLGNDGYTF	LLTDEMIAQY
CASRDISSYNSPLHF	LLTDEMIAQY
CASSSNTGELFF	LLTDEMIAQY
CASSLAPEGGYYGYTF	LLTDEMIAQY
CASSQDYDLAGVGGELFF	LLTDEMIAQY
CASSSGSYNEQFF	LLTDEMIAQY
CASRTPYGAYEQYF	LLTDEMIAQY
CASSQKGEVGADTQYF	LLTDEMIAQY
CASSKTGPRSGYNEQFF	LLTDEMIAQY
CASTAGSSGYNEQFF	LLTDEMIAQY
CASTKGSISYNEQFF	LLTDEMIAQY
CASSRSGTEYNYGYTF	LLTDEMIAQY
CASSPWTAYNEQFF	LLTDEMIAQY
CASSFSTGQGIYEQYF	LLTDEMIAQY
CASSYGPGLAGTGELFF	LLTDEMIAQY
CASSQQGQGSYEQYF	LLTDEMIAQY
CASSLGLAGEYNTGELFF	LLTDEMIAQY
CASSPSRQGEIMTEAFF	LLTDEMIAQY
CASSRLGLEPGELFF	LLTDEMIAQY
CASSQARGSSYNEQFF	LLTDEMIAQY
CASSFTTGAGANVLTF	LLTDEMIAQY
CASSRRQLNTEAFF	LLTDEMIAQY
CASRIQGGTEAFF	LLTDEMIAQY
CASSQAAGQPLHF	LLTDEMIAQY
CASSYRGRRGLF	LLTDEMIAQY
CASSRRTGAYTEAFF	LLTDEMIAQY
CASSLASGGVGTDTQYF	LLTDEMIAQY
CASREPQGEDTQYF	LLTDEMIAQY
