CDR3	AA
CASSTRSTDTQYF	SNVTWFHAI
CASSIADYNEQFF	SNVTWFHAI
CASSIRASYEQYF	SNVTWFHAI
CASSTRGSETQYF	SNVTWFHAI
CASSIVSRDTQYF	SNVTWFHAI
CASSYIQSRDSGNTEAFF	SNVTWFHAI
CSARPHQFGSPLHF	SNVTWFHAI
CASRGSGTTYYNEQFF	SNVTWFHAI
CASTTMASGNTIYF	SNVTWFHAI
CASSSRSTDTQYF	SNVTWFHAI
CASSGRASQPQHF	SNVTWFHAI
CASSVRSTDTQYF	SNVTWFHAI
CASSLRDRANTGELFF	SNVTWFHAI
CASSPVGVGGYTF	SNVTWFHAI
CASSIGVYGYTF	SNVTWFHAI
CASSIFDGQGMDF	SNVTWFHAI
CASSLEGAGVASYEQYF	SNVTWFHAI
CASSGRSTGELFF	SNVTWFHAI
CASSIRSSYEQYF	SNVTWFHAI
CASSSRSSDTQYF	SNVTWFHAI
CASSLGASGGYSYNEQFF	SNVTWFHAI
CASSIRSQDTQYF	SNVTWFHAI
CASSSRSAYEQYF	SNVTWFHAI
CASSGRSTGELFF	SNVTWFHAI
CASSIRSSYEQYF	SNVTWFHAI
CASSMRSSYEQYF	SNVTWFHAI
CASSIRSSYEQYF	SNVTWFHAI
CATYGQGASYEQYF	SNVTWFHAI
CASSIRSGTPQYF	SNVTWFHAI
CASSIRSSYEQYF	SNVTWFHAI
CASSIRSSYEQYF	SNVTWFHAI
CASSIGAYGYTF	SNVTWFHAI
CASSVSSTGELFF	SNVTWFHAI
CASSIRSAYEQYF	SNVTWFHAI
CASSAAAQGPQHF	SNVTWFHAI
CASSFRSTDTQYF	SNVTWFHAI
CASSWTGEDEQYF	SNVTWFHAI
CASSTGTPLHF	SNVTWFHAI
CASSIGYYGYTF	SNVTWFHAI
CASSSRSAYEQYF	SNVTWFHAI
CASSIRSSYEQYF	SNVTWFHAI
CASSTRSSYEQYF	SNVTWFHAI
CASSIRSSYEQYF	SNVTWFHAI
CASSIRSSYEQYF	SNVTWFHAI
CASSIRSTDTQYF	SNVTWFHAI
CASSIRSTGELFF	SNVTWFHAI
CASSIRSSYEQFF	SNVTWFHAI
CASSIYSNQPQHF	SNVTWFHAI
CASSSRAGEKLFF	SNVTWFHAI
CASSGRSAGELFF	SNVTWFHAI
CASSSPPTGVMTDEQYF	SNVTWFHAI
CASSIRSSYEQYF	SNVTWFHAI
CASSGTSGNPYEQYF	SNVTWFHAI
CASSIRSAYEQYF	SNVTWFHAI
CASSPRAGNEQFF	SNVTWFHAI
CASSPPHERLAVLGETQYF	SNVTWFHAI
CASSRIAGVNEQFF	SNVTWFHAI
CASSSRSANEQFF	SNVTWFHAI
CASSIRSAYEQYF	SNVTWFHAI
CASSIRSSYEQYF	SNVTWFHAI
CASSQGSYGYTF	SNVTWFHAI
CASSPRDRAVSDEQFF	SNVTWFHAI
CASSQEKLAGGPSSYEQYF	SNVTWFHAI
CASSTRSTDTQYF	SNVTWFHAI
CASSIRSSYEQYF	SNVTWFHAI
CASSIRSSYEQYF	SNVTWFHAI
CATSVSGRTHGYEQYF	SNVTWFHAI
CASSTRSTDTQYF	SNVTWFHAI
CASSIVDSSGNTIYF	SNVTWFHAI
CASSIRSSYEQYF	SNVTWFHAI
CASSIYSRGEELFF	SNVTWFHAI
CASSIRSSYEQYF	SNVTWFHAI
CASSGRSTDTQYF	SNVTWFHAI
CASGSSMTGRVGQETQYF	SNVTWFHAI
CASQGSYEQYF	SNVTWFHAI
CASSLSDGSSYNSPLHF	SNVTWFHAI
CASSNPRTGASNEQFF	SNVTWFHAI
CASSTRSGQPQHF	SNVTWFHAI
CASSIRSAYEQYF	SNVTWFHAI
CASSIRGGSSYNEQFF	SNVTWFHAI
CATSRDLGTGDRTGELFF	SNVTWFHAI
CASSLSPTGVWTDTQYF	SNVTWFHAI
CASSIRSAYEQYF	SNVTWFHAI
CASSIRSTGELFF	SNVTWFHAI
CASSMGSYGYTF	SNVTWFHAI
CASSIRSSYEQYF	SNVTWFHAI
CASSIVSMDEQFF	SNVTWFHAI
CASSVTGPPSDF	SNVTWFHAI
CASSTRSAYEQYF	SNVTWFHAI
IGVSSYNEQFF	SNVTWFHAI
CASSIRAGYEQYF	SNVTWFHAI
CASSIIAQEPQHF	SNVTWFHAI
CASPKVGLANGREQFF	SNVTWFHAI
CASSTSGANQPQHF	SNVTWFHAI
CASSIRSSYEQYF	SNVTWFHAI
CASSLPGQGVWEETQYF	SNVTWFHAI
CASSIRSSDTQYF	SNVTWFHAI
CASRLRV	SNVTWFHAI
CASSITGTYNEQFF	SNVTWFHAI
CASSGRAGDTQYF	SNVTWFHAI
CASSLRSSYEQYF	SNVTWFHAI
CASSPRSGYEQYF	SNVTWFHAI
CASSAHHGGTEAFF	SNVTWFHAI
CASSTGAYGYTF	SNVTWFHAI
CASSTFNGDEQFF	SNVTWFHAI
CASSIRSSYEQYF	SNVTWFHAI
CASSIRSSYEQYF	SNVTWFHAI
CASSIGVYGYTF	SNVTWFHAI
CASSIRSAYEQYF	SNVTWFHAI
CASSIRSSYEQYF	SNVTWFHAI
CASSSRSSYEQYF	SNVTWFHAI
CASSVRSSYEQYF	SNVTWFHAI
CSARDRQGLAKNIQYF	SNVTWFHAI
CASSTRSSYEQYF	SNVTWFHAI
CASSIGSYGYTF	SNVTWFHAI
CASSGRSTGELFF	SNVTWFHAI
CASSHDGQGGGETQYF	SNVTWFHAI
CASSYGTGIYNEQFF	SNVTWFHAI
CASSIYSNQPQHF	SNVTWFHAI
CASSYLDREHTEAFF	SNVTWFHAI
CASSTRSTDTQYF	SNVTWFHAI
CASSLLIDLMNTEAFF	SNVTWFHAI
CASSIRSSYEQYF	SNVTWFHAI
CASSGRSTDTQYF	SNVTWFHAI
CASSIRASYEQYF	SNVTWFHAI
CASSIRSSYEQYF	SNVTWFHAI
CASSIGLYGYTF	SNVTWFHAI
CASSLRSAYEQYF	SNVTWFHAI
CASSITGGGMNEQFF	SNVTWFHAI
CASSPRSSDTQYF	SNVTWFHAI
CASSIGLWGYTF	SNVTWFHAI
CASSQAGLADLGPPDTQYF	SNVTWFHAI
CASSIGPPGGTEAFF	SNVTWFHAI
CASRYGPHDRATYEQYF	SNVTWFHAI
CASSATGSHEQYF	SNVTWFHAI
CASSIRSAYEQYF	SNVTWFHAI
CASLGQRGPMNTEAFF	SNVTWFHAI
CARSSGVNQPQHF	SNVTWFHAI
CASSRRSTGELFF	SNVTWFHAI
CASSIRSSYEQYF	SNVTWFHAI
CASSPGDTNTEAFF	SNVTWFHAI
CASSTGLYGYTF	SNVTWFHAI
CASTPQDVSSGNTIYF	SNVTWFHAI
CASSIRSSYEQYF	SNVTWFHAI
CASSTGSYGYTF	SNVTWFHAI
CASSSSGQLNTEAFF	SNVTWFHAI
CASSQEKLAGGPSSYEQYF	SNVTWFHAI
CASSIRSSYEQYF	SNVTWFHAI
CASSIGLYGYTF	SNVTWFHAI
CASSMRSTGELFF	SNVTWFHAI
CASSHPQRTSPYNEQFF	SNVTWFHAI
CASSIRSAYEQYF	SNVTWFHAI
CASSIRSAGEQFF	SNVTWFHAI
CASTTMASGNTIYF	SNVTWFHAI
CASSIRSSYEQYF	SNVTWFHAI
CASSIRSQDTQYF	SNVTWFHAI
CASSTRSSYEQYF	SNVTWFHAI
CATRADTSGDYNEQFF	SNVTWFHAI
CASSTSSTGELFF	SNVTWFHAI
CASSSRSAYEQYF	SNVTWFHAI
CASSTRSTDTQYF	SNVTWFHAI
CASSIRSAYEQYF	SNVTWFHAI
CASSQAPSGSYEQYF	SNVTWFHAI
CASSIGAYGYTF	SNVTWFHAI
CASSSTSGPYNEQFF	SNVTWFHAI
CASSISSTGELFF	SNVTWFHAI
CASSIRSSYEQYF	SNVTWFHAI
CASSARSAIEQYF	SNVTWFHAI
CASSGEGQGRTGELFF	SNVTWFHAI
CASSVRSSYEQYF	SNVTWFHAI
CSARDSLASGSSPPPPDTQYF	SNVTWFHAI
CASSTRSAYEQYF	SNVTWFHAI
CASGGNQPQHF	SNVTWFHAI
CASSPRSGIEQFF	SNVTWFHAI
CASSIRSSNEQFF	SNVTWFHAI
CASSIRSAYEQYF	SNVTWFHAI
CASAKTGTGTDTQYF	SNVTWFHAI
CASSIGSYGYTF	SNVTWFHAI
CASSIRSSYEQYF	SNVTWFHAI
CASSSRAGIEQFF	SNVTWFHAI
CASSVRSSYEQYF	SNVTWFHAI
CASSKRSSIEQFF	SNVTWFHAI
CATSGRAGNEQFF	SNVTWFHAI
CASSTRSGVEQYF	SNVTWFHAI
CSAVTPVVDSYNEQFF	SNVTWFHAI
CASSGGTSGSDEQYF	SNVTWFHAI
CASSIRSTDTQYF	SNVTWFHAI
CASSIRSSTEAFF	SNVTWFHAI
CASSIRAGNEKLFF	SNVTWFHAI
CASSIRSSYEQYF	SNVTWFHAI
CASSKRSTDTQYF	SNVTWFHAI
CASSIYSNTEAFF	SNVTWFHAI
CASSIRSGYEQYF	SNVTWFHAI
CASSPRSTDTQYF	SNVTWFHAI
CASSRGGNTEAFF	SNVTWFHAI
CASSVPGTGVFTDTQYF	SNVTWFHAI
CASSSRSSYEQYF	SNVTWFHAI
CASSIRSSYEQYF	SNVTWFHAI
CASSIHSQETQYF	SNVTWFHAI
CASSAAVRGETQYF	SNVTWFHAI
CASSSERQGTHEQYF	SNVTWFHAI
CASSSRSAYEQYF	SNVTWFHAI
CASSIRSSYEQYF	SNVTWFHAI
CASSLPKGDGYEQYF	SNVTWFHAI
CASSSRAAYEQYF	SNVTWFHAI
CASSIRSSYEQYF	SNVTWFHAI
CASSIGSYGYTF	SNVTWFHAI
CASSIRSAYEQYF	SNVTWFHAI
CASSIRSSYEQYF	SNVTWFHAI
CASSIVSLNEQFF	SNVTWFHAI
CASPTDTQYF	SNVTWFHAI
CASSIRASYEQYF	SNVTWFHAI
CASSLGGTEQFF	SNVTWFHAI
CASSRGSYTGELFF	SNVTWFHAI
CASSIRSVGELFF	SNVTWFHAI
CASSLDRAGNQPQHF	SNVTWFHAI
CASSRRSTDTQYF	SNVTWFHAI
CASSTRSSYEQYF	SNVTWFHAI
CATYGQGASYEQYF	SNVTWFHAI
CASSTRSNQPQHF	SNVTWFHAI
CAWSDPTGDNEQFF	SNVTWFHAI
CASSSRSSYEQYF	SNVTWFHAI
CASSIRSGYEQYF	SNVTWFHAI
CASSIRASYEQYF	SNVTWFHAI
CASSTRAGVEQYF	SNVTWFHAI
CASRTSEYNEQFF	SNVTWFHAI
CASSIRSSYEQYF	SNVTWFHAI
CASSIYSNQPQHF	SNVTWFHAI
CASSIRSTDTQYF	SNVTWFHAI
CASSTRSSYEQYF	SNVTWFHAI
CASSLARQETQYF	SNVTWFHAI
CASSLSYNEQFF	SNVTWFHAI
CASSIRSSYEQYF	SNVTWFHAI
CASSIRSTDTQYF	SNVTWFHAI
CASSGRSTDTQYF	SNVTWFHAI
CASSIVSRDEQFF	SNVTWFHAI
CASSIISLDEQFF	SNVTWFHAI
CASSLGNYGYTF	SNVTWFHAI
CASSIRSSYEQYF	SNVTWFHAI
CSVEDVAGGPSWYNEQFF	SNVTWFHAI
CASSARSAGELFF	SNVTWFHAI
CASSIRSSYEQYF	SNVTWFHAI
CASSIRSSYEQYF	SNVTWFHAI
CASSAGSYGYTF	SNVTWFHAI
CASTLSGTGLTDTQYF	SNVTWFHAI
CASSIRAGETQYF	SNVTWFHAI
CASSIGSYGYTF	SNVTWFHAI
CASSQGSYGYTF	SNVTWFHAI
CASSSRSSYEQYF	SNVTWFHAI
CASSIRSDEKLFF	SNVTWFHAI
CASSFSTGQYGQPQHF	SNVTWFHAI
CASRREEGEGTDTQYF	SNVTWFHAI
CASSIVSRDTQYF	SNVTWFHAI
CASSGQGVSYNEQFF	SNVTWFHAI
CASSVRSSYEQYF	SNVTWFHAI
CASSFGHPSSYEQYF	SNVTWFHAI
CASSMRSAYEQYF	SNVTWFHAI
CASSSAHF	SNVTWFHAI
CASSGEGQGRTGELFF	SNVTWFHAI
CASSSPSRPYNEQFF	SNVTWFHAI
CASSSRSAYEQYF	SNVTWFHAI
CASSLRSTDTQYF	SNVTWFHAI
CASSQEGFNQPQHF	SNVTWFHAI
CASSSRSAYEQYF	SNVTWFHAI
CASSIRSSFEQYF	SNVTWFHAI
CASSTRSTGELFF	SNVTWFHAI
CASSIGVYGYTF	SNVTWFHAI
CSARDLGTGANYNEQFF	SNVTWFHAI
CASSPRSGYEQYF	SNVTWFHAI
CASSIRSTGELFF	SNVTWFHAI
CASSTRSSYEQYF	SNVTWFHAI
CASSWRSTDTQYF	SNVTWFHAI
CASSVRSSYEQYF	SNVTWFHAI
CASSTRSSYEQYF	SNVTWFHAI
CASSYRSSYEQYF	SNVTWFHAI
