CDR3	AA
CASSLGQGKVYEQYF	YQIGGYTEK
CASSVGQGRSYEQYF	YQIGGYTEK
CASSYRDRNIQYF	YQIGGYTEK
CATGGGNEQFF	YQIGGYTEK
CASSPGQGVAYEQYF	YQIGGYTEK
CASSIGQGLRLELFF	YQIGGYTEK
CASSIGQGVRSPLHF	YQIGGYTEK
CASSIGTGMGYEQYF	YQIGGYTEK
CASSAGQGMNTEAFF	YQIGGYTEK
CASSIGTGSSGANVLTF	YQIGGYTEK
CASSIGLGQSYEQYF	YQIGGYTEK
CASSPGQGVLTEQFF	YQIGGYTEK
CASSLGTGLSYEQYF	YQIGGYTEK
CASSLGLGRSYEQYF	YQIGGYTEK
CASSMGLGMRYEQYF	YQIGGYTEK
CASSLSLAINNEQFF	YQIGGYTEK
CASSTGQSSYNEQFF	YQIGGYTEK
CASSIGQGASYEQYF	YQIGGYTEK
CASSRGQGTDYEQYF	YQIGGYTEK
CASSAGTGVIYEQFF	YQIGGYTEK
CASSIGMGTNQPQHF	YQIGGYTEK
CASSPRTTGELFF	YQIGGYTEK
CASSPLDREPLAKNIQYF	YQIGGYTEK
CASTLGTSGYNEQFF	YQIGGYTEK
CASSQDLGNQPQHF	YQIGGYTEK
CASSIGVGNTGELFF	YQIGGYTEK
CASSIGAGLSYEQYF	YQIGGYTEK
CASSIGLGLGVEQYF	YQIGGYTEK
CASSTGTGFSYEQYF	YQIGGYTEK
CASSLGQGATYEQYF	YQIGGYTEK
CASSLGKGLIYEQYF	YQIGGYTEK
CASSYSTDTQYF	YQIGGYTEK
CASSAGTVREQYF	YQIGGYTEK
CASSIGLGLSYEQYF	YQIGGYTEK
CASSFPGELFF	YQIGGYTEK
CASSIGTGPTYEQYF	YQIGGYTEK
CATNSPGTGVSYEQYF	YQIGGYTEK
CASSLGQGEAYEQYF	YQIGGYTEK
CASSFFGLDSYEQYF	YQIGGYTEK
CASSIGLGTSSYNEQFF	YQIGGYTEK
CASSTGQGFAYEQYF	YQIGGYTEK
CASSASLGGGEQFF	YQIGGYTEK
CAWSVIGEKLFF	YQIGGYTEK
CASSRRQNQETQYF	YQIGGYTEK
CASSSGSGLLYEQYF	YQIGGYTEK
CASSMGLGDSYEQYF	YQIGGYTEK
CASSPGQGVMYEQYF	YQIGGYTEK
CASSLGQGVTYEQYF	YQIGGYTEK
CASSRGQGLSYEQYF	YQIGGYTEK
CASSWRQGSTEAFF	YQIGGYTEK
CATTLGQGTIYEQYF	YQIGGYTEK
CASSIGAGMADEQFF	YQIGGYTEK
CASSIGQGLDYEQYF	YQIGGYTEK
CASSLGQGLSYEQYF	YQIGGYTEK
CAISGFGTYSTDTQYF	YQIGGYTEK
CASSIGQGMGYEQYF	YQIGGYTEK
CASSLVTENYEQYF	YQIGGYTEK
CASSLGTGVVYEQYF	YQIGGYTEK
CASSIGTGLPGELFF	YQIGGYTEK
CASSIGQGIGYEQYF	YQIGGYTEK
CASSIGTASNQPQHF	YQIGGYTEK
CASSLGTGVVFEQFF	YQIGGYTEK
CASSLGQGIAYEQYF	YQIGGYTEK
CASSIGQGLSGANVLTF	YQIGGYTEK
CASSTGQGSNQPQHF	YQIGGYTEK
CASSSIRTPNTGELFF	YQIGGYTEK
CASSIGAGTAYEQYF	YQIGGYTEK
CASSIGRSSYNEQFF	YQIGGYTEK
CASHDGIQSEKLFF	YQIGGYTEK
CASGPGQGLSYEQYF	YQIGGYTEK
CASSSGTGVIGELFF	YQIGGYTEK
CASTPGLGRNDYEQYF	YQIGGYTEK
CASSPGTGLSYEQYF	YQIGGYTEK
CASSQGQGLSYEQYF	YQIGGYTEK
CASSQGLGLSNEQFF	YQIGGYTEK
CASSIGLGQPQPQHF	YQIGGYTEK
CASSIGQGESYEQYF	YQIGGYTEK
CASSIGTGVAYEQFF	YQIGGYTEK
CASTTGRGVGTEAFF	YQIGGYTEK
CASSIGTGASYEQYF	YQIGGYTEK
CASSIGQGTSYEQYF	YQIGGYTEK
CASSLGTGWDYEQFF	YQIGGYTEK
CASSIGAGISYEQYF	YQIGGYTEK
CASSIGQGVSYEQYF	YQIGGYTEK
CASSIGLGSSYEQYF	YQIGGYTEK
CASSIATGMDGELFF	YQIGGYTEK
CAWSVTGTEQYF	YQIGGYTEK
CASSSGTGFDYEQYF	YQIGGYTEK
CASSLGTGRLDEQFF	YQIGGYTEK
CASSIGQGSVYEQFF	YQIGGYTEK
CASSIGQGTTYEQYF	YQIGGYTEK
CASSIGLSSYNEQFF	YQIGGYTEK
CASSIGGGLSYEQYF	YQIGGYTEK
CASSQALRPEGGNTIYF	YQIGGYTEK
CASSIGLGLNTEAFF	YQIGGYTEK
CASSIGRGEGYEQYF	YQIGGYTEK
CASSIGLAVYNEQFF	YQIGGYTEK
CASGPGQGLIYEQYF	YQIGGYTEK
CASSMGTGLDTEAFF	YQIGGYTEK
CASSIGLGVPSYNEQFF	YQIGGYTEK
CASAQGLGSYNEQFF	YQIGGYTEK
CASSIGQGISYEQYF	YQIGGYTEK
CASSMGQGPPEAFF	YQIGGYTEK
CASSVGQGQSYEQYF	YQIGGYTEK
CASSIGSGVSYEQYF	YQIGGYTEK
CASSMGQGVRYEQYF	YQIGGYTEK
CASSMGQGTTYEQYF	YQIGGYTEK
CASSAGQGHSYEQYF	YQIGGYTEK
CASSQDAEWDTQYF	YQIGGYTEK
CASSLAFGNQPQHF	YQIGGYTEK
CASSMGTGTSYEQYF	YQIGGYTEK
CASSSGSGLDYEQYF	YQIGGYTEK
CASSPGQGTSYEQYF	YQIGGYTEK
CASTGGAGLNNQPQHF	YQIGGYTEK
CASSIGQGLIHEQYF	YQIGGYTEK
CASSMGVGNSYEQYF	YQIGGYTEK
CASTTGVGGTNQPQHF	YQIGGYTEK
CASSIGTGDRYEQYF	YQIGGYTEK
CASSTGTGLSYEQYF	YQIGGYTEK
CASSLRRWSGGVRDEQFF	YQIGGYTEK
CASSIGQGLTYEQYF	YQIGGYTEK
CASSIGIGPANQPQHF	YQIGGYTEK
CASSIAMGLSYEQYF	YQIGGYTEK
CASSLGQGLSYEQYF	YQIGGYTEK
CASSTGQGIDYEQYF	YQIGGYTEK
CASSIGTGLSYEQYF	YQIGGYTEK
CASTLGSGLSYEQYF	YQIGGYTEK
CASSIGAGTRNEQFF	YQIGGYTEK
CASSQGTGLSYEQYF	YQIGGYTEK
CASSIGTGLAYEQYF	YQIGGYTEK
CASSIGQGTTYEQYF	YQIGGYTEK
CASSPGQGASYEQYF	YQIGGYTEK
CASSVGQGKSYEQYF	YQIGGYTEK
CASSPGVGFAYEQYF	YQIGGYTEK
CASSPGQGLSYEQYF	YQIGGYTEK
CASTIGQGYSYEQYF	YQIGGYTEK
CASKGREFHEQYF	YQIGGYTEK
CASSIGAGLSYEQYF	YQIGGYTEK
CASSPGQEYEQYF	YQIGGYTEK
CASSVGQGLTYEQYF	YQIGGYTEK
CASSLGGGLSYEQYF	YQIGGYTEK
CASSIGSGSVFEQFF	YQIGGYTEK
CASSIGTGERYEQYF	YQIGGYTEK
CASSIGQGLSYEQYF	YQIGGYTEK
CASSIGVGTNQPQHF	YQIGGYTEK
CASSIGTGLGYEQYF	YQIGGYTEK
CASSQGSGVGQPQHF	YQIGGYTEK
CASTPGLGLNTEAFF	YQIGGYTEK
CASTLGQGATGELFF	YQIGGYTEK
CASTSGTGVPDTQYF	YQIGGYTEK
CASSIGRGPTLNTEAFF	YQIGGYTEK
CASSSGQGAGYIQYF	YQIGGYTEK
CASTKGLGLNTEAFF	YQIGGYTEK
CASSVGQGLSYEQYF	YQIGGYTEK
CASSIGTGRTYEQYF	YQIGGYTEK
CASNMSRENKNIQYF	YQIGGYTEK
CASSIGIGVGAEQFF	YQIGGYTEK
CASSTGQGANDQPQHF	YQIGGYTEK
CASSKGQGLSYEQYF	YQIGGYTEK
CASSPGQGLSYEQYF	YQIGGYTEK
CASSIGVGLMEKLFF	YQIGGYTEK
CASSLGQGQSYEQYF	YQIGGYTEK
CASSVGQGLNQPQHF	YQIGGYTEK
CASSLRNTGELFF	YQIGGYTEK
CASSIGMGQSHEQYF	YQIGGYTEK
CASSIGIGTGNNEQFF	YQIGGYTEK
CASSIGMGQIYEQYF	YQIGGYTEK
CASSWGTGVSYEQYF	YQIGGYTEK
CASSIGTGTTYEQYF	YQIGGYTEK
CASSLSDYPFYEQYF	YQIGGYTEK
CASSLGLGISYEQYF	YQIGGYTEK
CASSIGEGLRYEQYF	YQIGGYTEK
CASSIGTGLSYEQYF	YQIGGYTEK
CASNLGQGIPGELFF	YQIGGYTEK
CSAEGLAGSYEQYF	YQIGGYTEK
CASSMGSGLSYEQYF	YQIGGYTEK
CASSTGQGFSYEQYF	YQIGGYTEK
CASSIGQGPPGRNEQFF	YQIGGYTEK
CASSPGLGILYEQYF	YQIGGYTEK
CASSSGTGYRYEQYF	YQIGGYTEK
CASSTGTGISYEQYF	YQIGGYTEK
CASSLGQGISYEQYF	YQIGGYTEK
CASSIGLGGASEQFF	YQIGGYTEK
CASSIGTGSSYEQYF	YQIGGYTEK
CASSIGMGSDYEQYF	YQIGGYTEK
CASSTGQGLGYEQYF	YQIGGYTEK
CASTLGQGLDTEAFF	YQIGGYTEK
CASSVAGDIILNEQFF	YQIGGYTEK
CASSQDLGDQPQHF	YQIGGYTEK
CASSTGTGVVNEQFF	YQIGGYTEK
CASTPGTGLSYEQYF	YQIGGYTEK
CASSTGQGMETEAFF	YQIGGYTEK
CASSLGQGNFYEQYF	YQIGGYTEK
CASSQADRGYEQYF	YQIGGYTEK
CASSTGTGLSYEQYF	YQIGGYTEK
CASSIGLGQDYGYTF	YQIGGYTEK
CASSMGQGTSYEQYF	YQIGGYTEK
CASSIGAGLGHEQFF	YQIGGYTEK
CASSIGRGLSYEQYF	YQIGGYTEK
CASSLGVGISDEQYF	YQIGGYTEK
CASSFDKNTGELFF	YQIGGYTEK
CARSPGPGTPSYEQYF	YQIGGYTEK
CASSIGVGSSNQPQHF	YQIGGYTEK
CASSMGQGVAYEQYF	YQIGGYTEK
CSARSGTSYEQYF	YQIGGYTEK
CASSMGLGAYNEQFF	YQIGGYTEK
CASSIGTGLAGELFF	YQIGGYTEK
CASSLGQGLSYEQYF	YQIGGYTEK
CASSIGLGNTYEQYF	YQIGGYTEK
CASSIGTGVAYEQYF	YQIGGYTEK
CASSIGAGARGGELFF	YQIGGYTEK
CASSQGQGLVVEQYF	YQIGGYTEK
CASSLGQGVSYEQYF	YQIGGYTEK
CASPPSVLSGNTIYF	YQIGGYTEK
CASSQSSVNEQFF	YQIGGYTEK
CASSRGTGELFF	YQIGGYTEK
CASSYPDDLKTGYEQYF	YQIGGYTEK
CASSIGAGTSYEQYF	YQIGGYTEK
CASSIGTGLSYEQYF	YQIGGYTEK
CASSKNGKTGGCPEQYF	YQIGGYTEK
CASSTGTGKSYEQYF	YQIGGYTEK
CASSEDVSLNYEQYF	YQIGGYTEK
CASTTGQGAVYEQYF	YQIGGYTEK
CASSGGTGQLYEQYF	YQIGGYTEK
CASTIGLGLSYNEQFF	YQIGGYTEK
CASSMGQGIIHEQFF	YQIGGYTEK
CASNFGHQETQYF	YQIGGYTEK
CASSIGTGNAYEQYF	YQIGGYTEK
CASSAGLGTSYEQYF	YQIGGYTEK
CASSMGQGLDYEQYF	YQIGGYTEK
CASSMGQGLKHEQYF	YQIGGYTEK
CASSTGQGIAGELFF	YQIGGYTEK
CASSIGTGLSYEQYF	YQIGGYTEK
CASTTGLGLGTEAFF	YQIGGYTEK
CASSLGQGASYEQYF	YQIGGYTEK
CASSIGQGVSQPQHF	YQIGGYTEK
CASSSQGSYEQYF	YQIGGYTEK
CASSVGQGFTYEQYF	YQIGGYTEK
CASSIGTGSSGANVLTF	YQIGGYTEK
CASSEFRIATGELFF	YQIGGYTEK
CASSLGQGALGTEAFF	YQIGGYTEK
CASSMGQGLNTEAFF	YQIGGYTEK
CASSQDLTGPYSNQPQHF	YQIGGYTEK
CAYVTGKTGELFF	YQIGGYTEK
CASSIGLGLASADTQYF	YQIGGYTEK
CASTLDGPLSYEQYF	YQIGGYTEK
CASSWGLGFTGELFF	YQIGGYTEK
CASSPLTDTQYF	YQIGGYTEK
CASSQGQGLTYEQYF	YQIGGYTEK
CASSKGQGISYEQYF	YQIGGYTEK
CASSIGTGFSYEQYF	YQIGGYTEK
CASSIGTGFGYEQYF	YQIGGYTEK
CASSPLGEATGAFF	YQIGGYTEK
CASSIGQGYLYEQYF	YQIGGYTEK
CASSMGTGASYEQYF	YQIGGYTEK
CASSTGQGPITYNEQFF	YQIGGYTEK
CASNPGLGLNTEAFF	YQIGGYTEK
CASSIGQGRRYEQYF	YQIGGYTEK
CASSAGTGFSYEQYF	YQIGGYTEK
CASSLNGALEQYF	YQIGGYTEK
CASSVQSTDTQYF	YQIGGYTEK
CAISASLQETQYF	YQIGGYTEK
CASSMGLGVKNIQYF	YQIGGYTEK
CASSKGLGIDTEAFF	YQIGGYTEK
CASSIGVGYQETQYF	YQIGGYTEK
CASSDPPGLATDTQYF	YQIGGYTEK
CASSMGQGVSYEQYF	YQIGGYTEK
CASSPGQGLLYEQYF	YQIGGYTEK
CASSAGQGISYEQYF	YQIGGYTEK
CASRLGTGTNNEQFF	YQIGGYTEK
CASSPGTGVLYEQYF	YQIGGYTEK
CASTRGAGLSGANVLTF	YQIGGYTEK
CASSWGQGNSYEQYF	YQIGGYTEK
CASSISQGISYEQYF	YQIGGYTEK
CASSIGAGVAYEQYF	YQIGGYTEK
CASSIGSGSSYEQYF	YQIGGYTEK
CASSIGTGALYEQYF	YQIGGYTEK
CASTLGLGGEYEQYF	YQIGGYTEK
CASSPGSGRAVEQFF	YQIGGYTEK
CASSSGTGRAYEQYF	YQIGGYTEK
CASSMGQGMSYEQYF	YQIGGYTEK
CASSPGQGLDYGYTF	YQIGGYTEK
CASSIGLGAVYEQYF	YQIGGYTEK
CASSLGLGLSYEQYF	YQIGGYTEK
CASSLGQGSLNINEQFF	YQIGGYTEK
CASTQGLGPSSYNEQFF	YQIGGYTEK
CASSIGLAGIYEQFF	YQIGGYTEK
CASSEGQGESYEQYF	YQIGGYTEK
CASSKGQGAVYEQYF	YQIGGYTEK
CASSIGAGPGQPQHF	YQIGGYTEK
CASSIGLAGEHEQYF	YQIGGYTEK
CASSIGLGRAYEQYF	YQIGGYTEK
CASSTGTGLDTEAFF	YQIGGYTEK
CASSTGTGNSYEQYF	YQIGGYTEK
CASSIGQGNTYEQYF	YQIGGYTEK
CASSKGLGPSSYNEQFF	YQIGGYTEK
CASSYSGGAYNEQFF	YQIGGYTEK
CASSPFLGQGSYNEQFF	YQIGGYTEK
CASSTGTGIVYEQYF	YQIGGYTEK
CASSIGLGRAGNQPQHF	YQIGGYTEK
CASSKGQGIDYEQYF	YQIGGYTEK
CASSIGTGQGYEQFF	YQIGGYTEK
CASSIGQGVRYEQYF	YQIGGYTEK
CASSLGQGLSYEQYF	YQIGGYTEK
CASSTGQGIGYEQYF	YQIGGYTEK
CASSTLAGGPYNEQFF	YQIGGYTEK
CASSKGLGPNDQPQHF	YQIGGYTEK
CASSQGLGQAYEQYF	YQIGGYTEK
CASSIGQGQGYEQYF	YQIGGYTEK
CASSPGQGLGYEQYF	YQIGGYTEK
CASSLVRGYGYTF	YQIGGYTEK
CASSTGQGVLYEQYF	YQIGGYTEK
CASSPGAGTAYEQYF	YQIGGYTEK
CASSIGLGFSYEQYF	YQIGGYTEK
CASSIGQGFANEQFF	YQIGGYTEK
CASSHGTGRAYEQYF	YQIGGYTEK
CASSIGQGARTEAFF	YQIGGYTEK
CASSMALGPRGGEQFF	YQIGGYTEK
CASSLGLGQIYEQYF	YQIGGYTEK
CASSTGAGTAYEQYF	YQIGGYTEK
CASSIGMGVNTGELFF	YQIGGYTEK
CASSIGLGNTGELFF	YQIGGYTEK
CASSMGLGIGQPQHF	YQIGGYTEK
CASSLGQGQSYEQYF	YQIGGYTEK
CASSIGQGMVHEQFF	YQIGGYTEK
CASSVIGVIVSGLAVYNEQFF	YQIGGYTEK
CASSIGTGQLYEQYF	YQIGGYTEK
CASSLGGDGTGELFF	YQIGGYTEK
CASSIGTGVLGELFF	YQIGGYTEK
CASSIGTGLNTEAFF	YQIGGYTEK
CASSQATLADTEAFF	YQIGGYTEK
CASSMGQGLSYEQYF	YQIGGYTEK
CASSIGQGRIYEQYF	YQIGGYTEK
CASSKGQGLSYEQYF	YQIGGYTEK
CASSIGTGSNQPQHF	YQIGGYTEK
CASGTSQYF	YQIGGYTEK
CASSSGQGHSYEQYF	YQIGGYTEK
CASSLGAEQYF	YQIGGYTEK
CASSIGTGLYYEQYF	YQIGGYTEK
CASSKGQGLEYEQYF	YQIGGYTEK
CASSIGIGGSYEQYF	YQIGGYTEK
CASSMGLGVSYEQYF	YQIGGYTEK
CASSQDAGGPSYNEQFF	YQIGGYTEK
CASSIGVGVHNEQFF	YQIGGYTEK
CASSIGLGPEVNEQFF	YQIGGYTEK
CASSIGQGISYEQYF	YQIGGYTEK
CASSPGGSYEQYF	YQIGGYTEK
CASSFTGAGGTEAFF	YQIGGYTEK
CASSRGQGLRYEQYF	YQIGGYTEK
CASSIGQGIGHGYTF	YQIGGYTEK
CASSPGTGQDYEQYF	YQIGGYTEK
CASSLGTGEVQEQYF	YQIGGYTEK
CASSPGLPGNEQFF	YQIGGYTEK
CASSISLGHSYEQYF	YQIGGYTEK
CASSIGQGTSYEQYF	YQIGGYTEK
CASSVGQGLAYEQYF	YQIGGYTEK
CASSLPTGGLNEQFF	YQIGGYTEK
CASSSGQGYVFEQYF	YQIGGYTEK
CASSTGTGVPGPQHF	YQIGGYTEK
CASSKGQGFTFRQFF	YQIGGYTEK
CASSTGSGITYEQYF	YQIGGYTEK
CASSQGLGPNNQPQHF	YQIGGYTEK
CASSSGVGTNTEAFF	YQIGGYTEK
CASSIGAGIAYEQYF	YQIGGYTEK
CASSIGQGDTYEQYF	YQIGGYTEK
CASSIGTGVSYEQYF	YQIGGYTEK
CASSPGQGLSYEQYF	YQIGGYTEK
CASSPGQGIAYEQYF	YQIGGYTEK
CASSIGQGTLYEQYF	YQIGGYTEK
CASSIGQGTSYEQYF	YQIGGYTEK
CASSIGVGIMVEQYF	YQIGGYTEK
CASSLGQGIGYEQYF	YQIGGYTEK
CASTPGLGLAYEQYF	YQIGGYTEK
CASSTGQGTDCEQYF	YQIGGYTEK
CASSMGQGLLHEQFF	YQIGGYTEK
CASSSGTSSYNEQFF	YQIGGYTEK
CASSIGQGIPETQYF	YQIGGYTEK
CASSIGAGLDNEQFF	YQIGGYTEK
CASSLGQGAIYEQYF	YQIGGYTEK
CASSQMTRDGAYEQYF	YQIGGYTEK
CASSEGTGLSYEQYF	YQIGGYTEK
CASSIGQGLAYEQYF	YQIGGYTEK
CASSAGIGFSYEQYF	YQIGGYTEK
CASSLGSGNTGELFF	YQIGGYTEK
CASSWEPRPNFQETQYF	YQIGGYTEK
CASSIGQGLNNEQFF	YQIGGYTEK
CASSMGQGSSYEQYF	YQIGGYTEK
CASTLGVGMNTEAFF	YQIGGYTEK
CATSPGLGSGYEQYF	YQIGGYTEK
CASTSGLGSSGANVLTF	YQIGGYTEK
CASSPGTGTSYEQYF	YQIGGYTEK
CASSIGQGVDYEQYF	YQIGGYTEK
CASSIGLGWNTEAFF	YQIGGYTEK
CASAGGVGLAYEQYF	YQIGGYTEK
CASSIGAGNTYEQYF	YQIGGYTEK
CASSLGQGLTYEQYF	YQIGGYTEK
CASSIGSGARYEQYF	YQIGGYTEK
CASSIGTGMAGELFF	YQIGGYTEK
CASSIGQGFSYEQYF	YQIGGYTEK
CASTPGVGVAYEQYF	YQIGGYTEK
CASSLGQGVRNEQFF	YQIGGYTEK
CASSKGQGVSYEQYF	YQIGGYTEK
CASGTGTGLSYEQYF	YQIGGYTEK
CASSIDTGSYEQYF	YQIGGYTEK
CASSTYNEQFF	YQIGGYTEK
CASSVGQGVSYEQYF	YQIGGYTEK
CASSIGTGHTNYGYTF	YQIGGYTEK
CASSIGVGLSYEQYF	YQIGGYTEK
CAWSVERTYEQYF	YQIGGYTEK
CASSIGLGMAYEQYF	YQIGGYTEK
CASSAGQGLLYEQYF	YQIGGYTEK
CASSRGMGFSYEQYF	YQIGGYTEK
CASSTGTGYTYEQYF	YQIGGYTEK
CASSIGQGSRYEQYF	YQIGGYTEK
CASGKGIGVSYEQYF	YQIGGYTEK
CASSLGQGEAYEQYF	YQIGGYTEK
CASSTGQGYSYEQYF	YQIGGYTEK
CASSIGQGKEYEQYF	YQIGGYTEK
CASSIGSGSSYNEQFF	YQIGGYTEK
CASSLGQGTTYEQYF	YQIGGYTEK
CSVPGSGYGYTF	YQIGGYTEK
CASSTGTGLTYEQYF	YQIGGYTEK
CASARGQGVNNQPQHF	YQIGGYTEK
CASSIGTGAVYEQYF	YQIGGYTEK
CASSLVSRGSYNEQFF	YQIGGYTEK
CASSIGAGITYEQYF	YQIGGYTEK
CASSLGQGASYEQYF	YQIGGYTEK
CASSMGLGLPDTQYF	YQIGGYTEK
CASSNGVGLAHEQFF	YQIGGYTEK
CASSTGQGVSYEQYF	YQIGGYTEK
CASSMSLGLAPEQFF	YQIGGYTEK
CASTPGLGLGYEQYF	YQIGGYTEK
CASSVGTGTSGELFF	YQIGGYTEK
CASSQGQGADEQYF	YQIGGYTEK
CASSSGQGLSYEQYF	YQIGGYTEK
CASSLGLAGMETQYF	YQIGGYTEK
CASSTGTGLSYEQYF	YQIGGYTEK
CASSIGLGSNQPQHF	YQIGGYTEK
CASSMGTGLSTEAFF	YQIGGYTEK
CASSIGTGSNQPQHF	YQIGGYTEK
CASSNGLGTSYEQYF	YQIGGYTEK
CASSSGTGVPDTQYF	YQIGGYTEK
CASSKGLGITYEQYF	YQIGGYTEK
CASTLGQGVNTEAFF	YQIGGYTEK
CASSPGQGALYEQYF	YQIGGYTEK
CASTLGIGHSGANVLTF	YQIGGYTEK
CASSIGTGASYEQYF	YQIGGYTEK
CASSIGQGLTYEQYF	YQIGGYTEK
CASSPQRGPEDTQYF	YQIGGYTEK
CASSIGLGQGFEQFF	YQIGGYTEK
CASSIGQGATYEQYF	YQIGGYTEK
CASSVGQGLVNEQFF	YQIGGYTEK
CASSLGLGHSYEQYF	YQIGGYTEK
CASSVLSGAPTGELFF	YQIGGYTEK
CASSMGQGLLYEQYF	YQIGGYTEK
CASSSLGGRFSYEQYF	YQIGGYTEK
CASSIGQGSSYEQYF	YQIGGYTEK
CSAREAGQPLNQPQHF	YQIGGYTEK
CASSFGTGVSYEQYF	YQIGGYTEK
CASSMGSGLIYEQYF	YQIGGYTEK
CASAGGQGLLSYNEQFF	YQIGGYTEK
CASSIGQGIAYEQYF	YQIGGYTEK
CASSVGTGLRYEQYF	YQIGGYTEK
CASSIGLGLTGELFF	YQIGGYTEK
CASSKGQGISYEQYF	YQIGGYTEK
CASSPGLGSPGELFF	YQIGGYTEK
CASSIGQGLSYEQYF	YQIGGYTEK
CASSIGSGISYEQYF	YQIGGYTEK
CASSTGQGIDYEQYF	YQIGGYTEK
CASSIGTGEAYEQYF	YQIGGYTEK
CASSIAAGLAYEQFF	YQIGGYTEK
CATSDAREEQYF	YQIGGYTEK
CASSIGQGLSYEQYF	YQIGGYTEK
CASSLGTGYTGELFF	YQIGGYTEK
CASSIGQGSVYEQYF	YQIGGYTEK
CASSGGLGVDYEQYF	YQIGGYTEK
CASSLGQGFSYEQYF	YQIGGYTEK
CASSFGQGISYEQYF	YQIGGYTEK
CASSIGTGYSYEQYF	YQIGGYTEK
CASSIGLGLAHEQFF	YQIGGYTEK
CASSIDLAGGGYEQYF	YQIGGYTEK
CAWSVGQYTGELFF	YQIGGYTEK
CASSTGTGFLYEQYF	YQIGGYTEK
CASSIGLGLAEYNEQFF	YQIGGYTEK
CASSIGQGLINEQFF	YQIGGYTEK
CASSIGEGLSYEQYF	YQIGGYTEK
CASSIGTGKFYEQYF	YQIGGYTEK
CARSQPDSTPYEQYF	YQIGGYTEK
CASSIGTGLLYEQYF	YQIGGYTEK
CSARDWSGRFGDEQFF	YQIGGYTEK
CASSTGQGFSYEQYF	YQIGGYTEK
CASSMGQGLSYEQYF	YQIGGYTEK
CASSTGTGHRYEQYF	YQIGGYTEK
CASSQVAAAGDGEKLFF	YQIGGYTEK
CASSIGTGSNQPQHF	YQIGGYTEK
CASSIGLGVGNQPQHF	YQIGGYTEK
CASSGGRGLIHEQYF	YQIGGYTEK
CASSLGQGVSYEQYF	YQIGGYTEK
CASSLGTGQGYEQYF	YQIGGYTEK
CASSLGAGLAYEQYF	YQIGGYTEK
CASSIGRGTSYEQYF	YQIGGYTEK
CSAKPARFPTEAFF	YQIGGYTEK
CASSQGQGASYEQYF	YQIGGYTEK
CASSQGQGIGYEQYF	YQIGGYTEK
CASSTGQGNLYEQYF	YQIGGYTEK
CASSDLMNTEAFF	YQIGGYTEK
CASSMGQGDSYEQYF	YQIGGYTEK
CASSAGQGLSYEQYF	YQIGGYTEK
CASSMGTGVVGELFF	YQIGGYTEK
CASSTGLGTSYEQYF	YQIGGYTEK
CASSLGLGTQGSYEQYF	YQIGGYTEK
CASTIGVGLNTEAFF	YQIGGYTEK
CASSLGQGATYEQYF	YQIGGYTEK
CAWSVLGGEAFF	YQIGGYTEK
CASSTGLGLAYEQYF	YQIGGYTEK
CASSISGGLDEQFF	YQIGGYTEK
CASSTGQGASYEQYF	YQIGGYTEK
CASHPGQGAGQPQHF	YQIGGYTEK
CASSPGQGTSYEQYF	YQIGGYTEK
CASSRGQGLVFEQFF	YQIGGYTEK
CASSRGQGHSYEQYF	YQIGGYTEK
CASSKAVAGGDTGELFF	YQIGGYTEK
CASSIGEGLGTEAFF	YQIGGYTEK
CASSSGQGLGFEQYF	YQIGGYTEK
CASTGLAKVDEQFF	YQIGGYTEK
CASSLGAGTSYEQYF	YQIGGYTEK
CASSIGQGLTHEQFF	YQIGGYTEK
CASSVGQGLTYEQYF	YQIGGYTEK
CASSIGQGNSYEQYF	YQIGGYTEK
CASSVGTGVSYEQYF	YQIGGYTEK
CASSLAGNHQETQYF	YQIGGYTEK
CASRPGLAGDYEQYF	YQIGGYTEK
CASSEGQGLLYEQYF	YQIGGYTEK
CASSLGQGETYEQYF	YQIGGYTEK
CASSHGTGLSYEQYF	YQIGGYTEK
CASSIGQGEAYEQYF	YQIGGYTEK
CASSVGQGARGEQYF	YQIGGYTEK
CASSQMPGGALGHEQYF	YQIGGYTEK
CASSIGQGITYEQYF	YQIGGYTEK
CASSTGTGLIDEQFF	YQIGGYTEK
CASSMGQGYSYEQYF	YQIGGYTEK
CASSIGVGLGNEQFF	YQIGGYTEK
CASSGGLHTYNEQFF	YQIGGYTEK
CASSLGQGVIYEQYF	YQIGGYTEK
CASSIGTGWDNEQFF	YQIGGYTEK
CASSQGEGNEQFF	YQIGGYTEK
CASSIGLGPLAKNIQYF	YQIGGYTEK
CASSIGAGPISYNEQFF	YQIGGYTEK
CASSPGSGSYGYTF	YQIGGYTEK
CASSIGTGLNTEAFF	YQIGGYTEK
CASSIGAGLSHEQFF	YQIGGYTEK
CASSIGQGASYEQYF	YQIGGYTEK
CASSIGLGPISYNEQFF	YQIGGYTEK
CASSLGQGHYYEQFF	YQIGGYTEK
CASSQGPMGNTEAFF	YQIGGYTEK
CASTPGLGLNTEAFF	YQIGGYTEK
CASGLGQGAIYEQYF	YQIGGYTEK
CASSLGTGLNTEAFF	YQIGGYTEK
CASSVGQGVAYEQYF	YQIGGYTEK
CASSVGSGVRYEQFF	YQIGGYTEK
CASSRGTGMDYEQYF	YQIGGYTEK
CASSVGAGVGGEQFF	YQIGGYTEK
CASSVGTGLTYEQYF	YQIGGYTEK
CASSYGTGVPYEQYF	YQIGGYTEK
CASSIGLGSQNIQYF	YQIGGYTEK
CASSYSTGTPGAGELFF	YQIGGYTEK
CASHPGTASNQPQHF	YQIGGYTEK
CASSIGTGLSYEQYF	YQIGGYTEK
CASSVGQGVSYEQYF	YQIGGYTEK
CASSIGTGSAGANVLTF	YQIGGYTEK
CASSSGLGPYGNEQFF	YQIGGYTEK
CASSYGVGLNTEAFF	YQIGGYTEK
CASSGGTGLLYEQYF	YQIGGYTEK
CASSIGTGLDYEQYF	YQIGGYTEK
CASTPGVGFNGELFF	YQIGGYTEK
CASSAGLGAVHEQYF	YQIGGYTEK
CASGQGRGVSYEQYF	YQIGGYTEK
CASSIGAGALYEQYF	YQIGGYTEK
CASSRGQGFSYEQYF	YQIGGYTEK
CASSIGAGLDNEQFF	YQIGGYTEK
CASSIGQGAMYEQYF	YQIGGYTEK
CASSGGLGWSYEQYF	YQIGGYTEK
CASSIGQGMSYEQYF	YQIGGYTEK
CASSPGTGISYEQYF	YQIGGYTEK
CASSIGLGRLQYNEQFF	YQIGGYTEK
CASSIGQGTAYEQYF	YQIGGYTEK
CASSIGQGLSYEQYF	YQIGGYTEK
CASSRGLGQKYEQYF	YQIGGYTEK
CASSMGQGLSYEQYF	YQIGGYTEK
CASTTGTGVPDTQYF	YQIGGYTEK
CASSIGTGRIYEQYF	YQIGGYTEK
CASSIGTGITYEQYF	YQIGGYTEK
CASSMGQGIIYEQYF	YQIGGYTEK
CSARSYTSYYNEQFF	YQIGGYTEK
CASSIGQGVDYEQYF	YQIGGYTEK
CASTTGLGATYEQYF	YQIGGYTEK
CASSIGQGRTYEQYF	YQIGGYTEK
CASSAGQGVVYEQYF	YQIGGYTEK
CASSLGSGASYEQYF	YQIGGYTEK
CASSTGTGINYEQYF	YQIGGYTEK
CASSIGSGAVYEQYF	YQIGGYTEK
CASSIGTGLQETQYF	YQIGGYTEK
CAWNSAGPHNEQFF	YQIGGYTEK
CASSSGTGVRYEQYF	YQIGGYTEK
CASSIGLGSSYEQYF	YQIGGYTEK
CASSLRLGLAYEQYF	YQIGGYTEK
CASSIGLGEAYEQYF	YQIGGYTEK
CASSSGTGLAYEQYF	YQIGGYTEK
CASSIGTGRSYEQYF	YQIGGYTEK
CASSIGAGVSYEQYF	YQIGGYTEK
CASSVGTGIAGELFF	YQIGGYTEK
CASSIGTGMLKPQHF	YQIGGYTEK
CASSVGTGLSYEQYF	YQIGGYTEK
CASSIGLGLAYEQYF	YQIGGYTEK
CASSIGRGQGYEQYF	YQIGGYTEK
CASSIGAGLDTEAFF	YQIGGYTEK
CASSIGSGYSYEQYF	YQIGGYTEK
CASSMGEGQLYEQYF	YQIGGYTEK
CSVEQLGEQFF	YQIGGYTEK
CASESGFGTDTQYF	YQIGGYTEK
CASSTGTGQAYEQYF	YQIGGYTEK
CASSPGQGDTGELFF	YQIGGYTEK
CASSQTQGHEQYF	YQIGGYTEK
CASSIGSGIRNEQFF	YQIGGYTEK
CASSPGTGVSYEQYF	YQIGGYTEK
CASTLGLGTSYEQYF	YQIGGYTEK
CASSPGLGLSNEQFF	YQIGGYTEK
CASSPGQGVDYEQYF	YQIGGYTEK
CASSMGTGVGNQPQHF	YQIGGYTEK
CASSIGVGTGTQPQHF	YQIGGYTEK
CASSLGQGLGNEQFF	YQIGGYTEK
CASSLPLDTNTEAFF	YQIGGYTEK
CASSPLVGSWEAFF	YQIGGYTEK
CASSIGRGPNQPQHF	YQIGGYTEK
CASSTGTQDNEQFF	YQIGGYTEK
CATSGQGFGSYNEQFF	YQIGGYTEK
CASSIALGAPDEQFF	YQIGGYTEK
CASSLGQGVRYEQYF	YQIGGYTEK
CASSMGQGLTYEQYF	YQIGGYTEK
CASSLRATNSPLHF	YQIGGYTEK
CASSTGQGILYEQYF	YQIGGYTEK
CASTSGLGMNTEAFF	YQIGGYTEK
CASTPGTGSNQPQHF	YQIGGYTEK
CASSIGQGPSSYNEQFF	YQIGGYTEK
CASSTGTGSSYEQYF	YQIGGYTEK
CASSIGTGLGNEQFF	YQIGGYTEK
CASSLGQGSSYEQYF	YQIGGYTEK
CASGGASGPPGPYNEQFF	YQIGGYTEK
CASSMGTGKVYEQYF	YQIGGYTEK
CASSIGQGASYEQYF	YQIGGYTEK
CASSLGQGLINEQYF	YQIGGYTEK
CASSQETLGSGGADEQFF	YQIGGYTEK
CASSLGTGYNYEQYF	YQIGGYTEK
CASSIGSGIGYEQYF	YQIGGYTEK
CASSLGGQLPYEQYF	YQIGGYTEK
CASSWGQGLNTEAFF	YQIGGYTEK
CASSMGQGSSYEQYF	YQIGGYTEK
CASNSGLGPNQPQHF	YQIGGYTEK
CASSRGQGLDYEQYF	YQIGGYTEK
CASSRGQGLSYEQYF	YQIGGYTEK
CASSIGAGESYEQYF	YQIGGYTEK
CASSVGTGPVDTQYF	YQIGGYTEK
CASSIGLGMGTEAFF	YQIGGYTEK
CASSSGIGRSYEQYF	YQIGGYTEK
CASSGGVSPYNEQFF	YQIGGYTEK
CASSLGQGLSYEQYF	YQIGGYTEK
CASTDRVHGELFF	YQIGGYTEK
CASSIALAGLNEQFF	YQIGGYTEK
CASSTGTGLGYEQYF	YQIGGYTEK
CASSIGLGPGTEAFF	YQIGGYTEK
CASSKGQGISYEQYF	YQIGGYTEK
CASSTGQGLLYEQYF	YQIGGYTEK
CASSLGQGSIYEQYF	YQIGGYTEK
CASSRGIGPNQPQHF	YQIGGYTEK
CASSIGQGAVSYNEQFF	YQIGGYTEK
CASSFWHQETQYF	YQIGGYTEK
CASNPGLGVSYEQYF	YQIGGYTEK
CASSPGLGTVSEQFF	YQIGGYTEK
CASSIGQGLSGELFF	YQIGGYTEK
CASSLGQGPGQYNEQFF	YQIGGYTEK
CASSPGQGSLYEQYF	YQIGGYTEK
CARDRNTEAFF	YQIGGYTEK
CASSLGQGRTYEQYF	YQIGGYTEK
CASSLGQGISYEQYF	YQIGGYTEK
CASSLRQKGYEQYF	YQIGGYTEK
CASSSGTGWAHEQFF	YQIGGYTEK
CASSLGQGGAGELFF	YQIGGYTEK
CASDRRQETQYF	YQIGGYTEK
CASSMGQGLSYEQYF	YQIGGYTEK
CASSLGQGVEYEQYF	YQIGGYTEK
CASSSDGRTRGSDF	YQIGGYTEK
CASSVGQGVSYEQYF	YQIGGYTEK
CASSIGVGADYEQYF	YQIGGYTEK
CASSIGQGVNYEQYF	YQIGGYTEK
CASSQGWGFEAFF	YQIGGYTEK
CASSTGTGLSYEQYF	YQIGGYTEK
CASSTGTGELYEQYF	YQIGGYTEK
CASSSGTGIRYEQYF	YQIGGYTEK
CSARDDRTGIYEQYF	YQIGGYTEK
CASSLGTGMTDTQYF	YQIGGYTEK
CASSIGLGSLAKNIQYF	YQIGGYTEK
CASSIGLGTGTYNEQFF	YQIGGYTEK
CASSIGAGGNQPQHF	YQIGGYTEK
CASSMGQGVSYEQYF	YQIGGYTEK
CASSLGQGVSYEQYF	YQIGGYTEK
CASRPTGRETQYF	YQIGGYTEK
CASSIGTGSLYEQYF	YQIGGYTEK
CASSFGQGLAGELFF	YQIGGYTEK
CASSPGTGLSYEQYF	YQIGGYTEK
CASSMGQGVAYEQYF	YQIGGYTEK
CASSIGQGLLTEAFF	YQIGGYTEK
CASSIGLGPSSYNEQFF	YQIGGYTEK
CASSRGQGVSYEQYF	YQIGGYTEK
CASSIGLGLNTEAFF	YQIGGYTEK
CASSLGQGVKHEQFF	YQIGGYTEK
CASATGTGTSYEQYF	YQIGGYTEK
CASSIGMGYSYEQYF	YQIGGYTEK
CASSIGTGEGYEQYF	YQIGGYTEK
CASSIGTGNSYEQYF	YQIGGYTEK
CASSPGQGLTYEQYF	YQIGGYTEK
CASSIGAGVYANEQFF	YQIGGYTEK
CASSIGQGAVSEQYF	YQIGGYTEK
CSADQTGLGYTF	YQIGGYTEK
CASSFYRDREAGNTIYF	YQIGGYTEK
CASSPGTGVNQPQHF	YQIGGYTEK
CASSIGQGMSYEQYF	YQIGGYTEK
CASSIGTGPNQPQHF	YQIGGYTEK
CASSIGQGPNQPQHF	YQIGGYTEK
CASSIGTGEIHGYTF	YQIGGYTEK
CASSMGQGVVYEQFF	YQIGGYTEK
CASSYSGGANNEQFF	YQIGGYTEK
CASSPGRGQLYEQYF	YQIGGYTEK
CASSIGVGSYNEQFF	YQIGGYTEK
CASSHEQYF	YQIGGYTEK
CASSGGTGFSYEQYF	YQIGGYTEK
CASSIGAGIIYEQYF	YQIGGYTEK
CASSTGISSNQPQHF	YQIGGYTEK
CASSIGQGWYNEQFF	YQIGGYTEK
CASSMGLGAVYEQYF	YQIGGYTEK
CASSMGAGVRTEAFF	YQIGGYTEK
CASSMGLGLAGEQFF	YQIGGYTEK
CASSLGQGVNTEAFF	YQIGGYTEK
CASSWGTGLLTEAFF	YQIGGYTEK
CASSIGQGMAYEQYF	YQIGGYTEK
CASSIRDSYEQYF	YQIGGYTEK
CASSIGIGSSYEQYF	YQIGGYTEK
CASSTGQGISYEQYF	YQIGGYTEK
CASSARSTGELFF	YQIGGYTEK
CASSPGAGILYEQFF	YQIGGYTEK
CASSTGQGLSYEQYF	YQIGGYTEK
CASSIGSGPLGYNEQFF	YQIGGYTEK
CASSIGQGTSYEQYF	YQIGGYTEK
CASSSGTGNSYEQYF	YQIGGYTEK
CASSMGQGISYEQYF	YQIGGYTEK
CASSPGLSSYNEQFF	YQIGGYTEK
CASSMGQGIIYEQYF	YQIGGYTEK
CASSIGTGWNTGELFF	YQIGGYTEK
CASSFSIGGEATQYF	YQIGGYTEK
CASSIGLGGVYEQFF	YQIGGYTEK
CASSPGQGTLYEQYF	YQIGGYTEK
CASSIGTGLANEQFF	YQIGGYTEK
CASSTGTGELYEQYF	YQIGGYTEK
CASSVGVSSYNEQFF	YQIGGYTEK
CASSIGQGAVYEQYF	YQIGGYTEK
CASSWTSGSSYNEQFF	YQIGGYTEK
CASSIGLGHTGELFF	YQIGGYTEK
CASSIGSGPSSYNEQFF	YQIGGYTEK
CAISAWAAEINEQFF	YQIGGYTEK
CASSMGVGIGNEQFF	YQIGGYTEK
CASSAGLGITYEQYF	YQIGGYTEK
CASSIGLGRNYEQYF	YQIGGYTEK
CASNPGRSSSETQYF	YQIGGYTEK
CASSIGIGTGAYNEQFF	YQIGGYTEK
CASSKGSGIPDTQYF	YQIGGYTEK
CASSIGAGEIYEQYF	YQIGGYTEK
CASSIGQGFSYEQYF	YQIGGYTEK
CASSIGTGWSTEAFF	YQIGGYTEK
CASSIGTGVIYEQYF	YQIGGYTEK
CASSMGQGAIYEQYF	YQIGGYTEK
CASSIGAGQTYEQYF	YQIGGYTEK
CASSTGTGGGYEQFF	YQIGGYTEK
CASSIGQGISYEQYF	YQIGGYTEK
CASSQGQGLSYEQYF	YQIGGYTEK
CASSIGQGATYEQYF	YQIGGYTEK
CASSIGTGGGYEQYF	YQIGGYTEK
CASALGQGTSYEQYF	YQIGGYTEK
CASSSFGQGLEKLFF	YQIGGYTEK
CASSTGTGSNQPQHF	YQIGGYTEK
CASSLGQGIIYEQYF	YQIGGYTEK
CASSFSQGAGEKLFF	YQIGGYTEK
CASSIGQGLNTEAFF	YQIGGYTEK
CASSIGAGRTYEQYF	YQIGGYTEK
CASSRGVSANQPQHF	YQIGGYTEK
CASSIGQGLAYEQYF	YQIGGYTEK
CASSDMGGGNQYF	YQIGGYTEK
CASSTGTGSVDEQFF	YQIGGYTEK
CASSSGLGLSYEQYF	YQIGGYTEK
CASSMGSGTSFEQYF	YQIGGYTEK
CASSIGQGIAYEQYF	YQIGGYTEK
CASTLGSGSGNQPQHF	YQIGGYTEK
CASSTGTGLDNEQFF	YQIGGYTEK
CASSIGQGVLNEQFF	YQIGGYTEK
CASTPGTGEVIEQFF	YQIGGYTEK
CANSTDTFSYEQYF	YQIGGYTEK
CSASSSGINEQFF	YQIGGYTEK
CASSIGIGLAYEQYF	YQIGGYTEK
CASSPGQGMSYEQYF	YQIGGYTEK
CASSIGLGQSYEQYF	YQIGGYTEK
CASSIGTGLAYEQYF	YQIGGYTEK
CASSLGLGSSYEQYF	YQIGGYTEK
CASSIGQGWANEQFF	YQIGGYTEK
CASSIGSGRSNEQFF	YQIGGYTEK
CASSAGLGFAGELFF	YQIGGYTEK
CASSLGLGTGSPNEQFF	YQIGGYTEK
CASSIGQGWSYEQYF	YQIGGYTEK
CASSIGQGAVYEQYF	YQIGGYTEK
CASSMGVGRTDTQYF	YQIGGYTEK
CASSMGQGLENEQFF	YQIGGYTEK
CASSEEGRGGLWDSFF	YQIGGYTEK
CASSPMGLNEQYF	YQIGGYTEK
CASSTGLGRDNEQFF	YQIGGYTEK
CASSFGQGISYEQYF	YQIGGYTEK
CASSVGLGSSYEQYF	YQIGGYTEK
CASSNGQGHNYEQYF	YQIGGYTEK
CASSPGAGLIYEQYF	YQIGGYTEK
CASSIGTGSAYEQYF	YQIGGYTEK
CASSFPAVSYNEQFF	YQIGGYTEK
CASSIGTGQTYEQYF	YQIGGYTEK
CASSPGTGGGQPQHF	YQIGGYTEK
CASSIGLGAYQPQHF	YQIGGYTEK
CASSPGQGLLYEQYF	YQIGGYTEK
CASSLGQGIEETQYF	YQIGGYTEK
CASAPGQGISYEQYF	YQIGGYTEK
CASSFDPPGGSFSYEQYF	YQIGGYTEK
CASSIGTGASYEQYF	YQIGGYTEK
CASSLGQGLSYEQYF	YQIGGYTEK
CASSIGQGAVYEQYF	YQIGGYTEK
CASSAGQGMSYEQYF	YQIGGYTEK
CASSIGTGLNNEQFF	YQIGGYTEK
CASSTGQGISYEQYF	YQIGGYTEK
CASSIGIGRKYEQYF	YQIGGYTEK
CASSRGQGLNYEQYF	YQIGGYTEK
CASSMGVGASSYNEQFF	YQIGGYTEK
CASSIGQGVTGELFF	YQIGGYTEK
CASSSQGGVLDRDHFTDTQYF	YQIGGYTEK
CASSISLAGVSEQFF	YQIGGYTEK
CASSIGQGRAFEQYF	YQIGGYTEK
CASSIGRGTAYEQYF	YQIGGYTEK
CAVGTGVVETQYF	YQIGGYTEK
CASRVGGPFPPQETQYF	YQIGGYTEK
CASSEGRSSYNEQFF	YQIGGYTEK
CASSIGAGLQGTQYF	YQIGGYTEK
CASSQGQGLSYEQYF	YQIGGYTEK
CASSKIRATLGQPQHF	YQIGGYTEK
CASSLAGTGYTGELFF	YQIGGYTEK
CASSIGQGQSYEQYF	YQIGGYTEK
CASSPGTGRVQPQHF	YQIGGYTEK
CASSIGTGFGNEQFF	YQIGGYTEK
CASSIGQGLSYEQYF	YQIGGYTEK
CATSLGQGLSYEQYF	YQIGGYTEK
CAIRDLNEEREWRDTQYF	YQIGGYTEK
CAWSVLGDEAFF	YQIGGYTEK
CASSKGQGLTFEQFF	YQIGGYTEK
CASSIGTGLRNEQYF	YQIGGYTEK
CASSIGTGIKYEQYF	YQIGGYTEK
CASESGDYTDTQYF	YQIGGYTEK
CASISKGIDISREQYF	YQIGGYTEK
CASSLGQGSEYEQYF	YQIGGYTEK
CAWTPTGPEAFF	YQIGGYTEK
CASSIGLGPNTEAFF	YQIGGYTEK
CASSLGIGVLYEQYF	YQIGGYTEK
CASTLGTGGIDEQFF	YQIGGYTEK
CAWGGTEAFF	YQIGGYTEK
CASSIDPGYEQFF	YQIGGYTEK
CASSPVARNEQYF	YQIGGYTEK
CASSHGTGISYEQYF	YQIGGYTEK
CASSMGQGVKYEQYF	YQIGGYTEK
CASSPGLGSSYEQYF	YQIGGYTEK
CASSIGQGPNQPQHF	YQIGGYTEK
CAWGAGDETQYF	YQIGGYTEK
CASSIGLGFAGELFF	YQIGGYTEK
CASRESLRGLPDTQYF	YQIGGYTEK
CASSFGQRDIQYF	YQIGGYTEK
CASSMGQGAVYEQYF	YQIGGYTEK
CASSLGQGARYEQYF	YQIGGYTEK
CASGPGTGLSYEQYF	YQIGGYTEK
CASSIGVSSYNEQFF	YQIGGYTEK
CASSLGQGARNEQFF	YQIGGYTEK
CASSMGQGKLYEQYF	YQIGGYTEK
CASGPGRGHSYEQYF	YQIGGYTEK
CASSRGQGLDYEQYF	YQIGGYTEK
CACNTGIGSNQPQHF	YQIGGYTEK
CASAPGQGFSYEQYF	YQIGGYTEK
CASSIGTGLSYEQYF	YQIGGYTEK
CASSKGQGLTYEQYF	YQIGGYTEK
CAWSVVGDEQYF	YQIGGYTEK
CASSPGTGPISYNEQFF	YQIGGYTEK
CASSIGQGMDNEQFF	YQIGGYTEK
CASSIGTGLIYEQYF	YQIGGYTEK
CASSTGTGLDSEQFF	YQIGGYTEK
CASSTGTGVPYEQYF	YQIGGYTEK
CASSIGYGTGSSNEQFF	YQIGGYTEK
CASSIRTSGYTDTQYF	YQIGGYTEK
CASSTGTGSSYEQYF	YQIGGYTEK
CASGPGEGTSYEQYF	YQIGGYTEK
CASSTGQGSSYEQYF	YQIGGYTEK
CASSFDYAREQFF	YQIGGYTEK
CASSMGQGETYEQYF	YQIGGYTEK
CASSTGQGVTYEQFF	YQIGGYTEK
CASSPGQGVLHEQFF	YQIGGYTEK
CASSRGVSSYNEQFF	YQIGGYTEK
CASSTGTGIAYEQYF	YQIGGYTEK
CASSMGQGLNTEAFF	YQIGGYTEK
CASSLGQGASEQYF	YQIGGYTEK
CASTKGQGLDGELFF	YQIGGYTEK
CASSIGQGISYEQYF	YQIGGYTEK
CASSAGTGSLYEQFF	YQIGGYTEK
CASSIGQGATGANVLTF	YQIGGYTEK
CASSIGTGSIGELFF	YQIGGYTEK
CASSLGQGSSYEQYF	YQIGGYTEK
CASSQGQGQLYEQYF	YQIGGYTEK
CASSSGLGLSHEQFF	YQIGGYTEK
CASSIGLGLSYEQYF	YQIGGYTEK
CSARTPNYNEQFF	YQIGGYTEK
CASSMGQGVRNEQFF	YQIGGYTEK
CASSLGQGLSYEQYF	YQIGGYTEK
CASSIGVGISGELFF	YQIGGYTEK
CASSIGEGTSYEQYF	YQIGGYTEK
CAWSVLGGEAFF	YQIGGYTEK
CASSIGVGVAGELFF	YQIGGYTEK
CASSPGQGISYEQYF	YQIGGYTEK
CASSIGVGTGQPQHF	YQIGGYTEK
CASSVKGWIQGFQDF	YQIGGYTEK
CASSPGQGLSYEQYF	YQIGGYTEK
CASSTGTGIPLEQYF	YQIGGYTEK
CASSIGTGLGGELFF	YQIGGYTEK
CASSTGQGLAHEQYF	YQIGGYTEK
CASSIGIGLQETQYF	YQIGGYTEK
CASSHGQGYSYEQYF	YQIGGYTEK
CASSIGQGQSYEQYF	YQIGGYTEK
CASSGGTGADYEQYF	YQIGGYTEK
CASSMGQGLSFEQYF	YQIGGYTEK
CASSIGRGPNQPQHF	YQIGGYTEK
CASSIGEGYQYEQYF	YQIGGYTEK
CASSIGTGLDYGYTF	YQIGGYTEK
CASSMGQGLSYEQYF	YQIGGYTEK
CASSIGSGLSYEQYF	YQIGGYTEK
CASSIGTGITYEQYF	YQIGGYTEK
CASTVGAGLKYEQYF	YQIGGYTEK
CASSEDTYLLLYNEQFF	YQIGGYTEK
CASSIGNGLSYEQYF	YQIGGYTEK
CSAERGPEKLFF	YQIGGYTEK
CASSDGTSGSETQYF	YQIGGYTEK
CASSMGLGTGPSYEQYF	YQIGGYTEK
CASSMGQGLSYEQYF	YQIGGYTEK
CASTPGQGLSYEQYF	YQIGGYTEK
CASSTGLGLDNEQFF	YQIGGYTEK
CASSIGLGTDYEQYF	YQIGGYTEK
CASSIGEGLGYEQYF	YQIGGYTEK
CASSIGTGSYNEQFF	YQIGGYTEK
CASSIGQGMIYEQYF	YQIGGYTEK
CASSIGTGLTHEQFF	YQIGGYTEK
CASSIGAGVAYEQYF	YQIGGYTEK
CASSIGLGVVHEQYF	YQIGGYTEK
CASSLGLGLAVYNEQFF	YQIGGYTEK
CASSTGQGIAYEQYF	YQIGGYTEK
CASTTGQGLLYEQYF	YQIGGYTEK
CASSVGQGLSYEQYF	YQIGGYTEK
CASSPGTGWNNEQFF	YQIGGYTEK
CASSIGQYTGELFF	YQIGGYTEK
CASSVGTGVSYEQYF	YQIGGYTEK
CASSPGQGTLYEQYF	YQIGGYTEK
CASSIGMGRAHEQYF	YQIGGYTEK
CASSTGQGLSYEQYF	YQIGGYTEK
CASTPGQGLGYEQYF	YQIGGYTEK
CASSIGVGWNTEAFF	YQIGGYTEK
CASSIGQGVITEAFF	YQIGGYTEK
CASSIGQGLSYEQYF	YQIGGYTEK
CASSDIKNTGELFF	YQIGGYTEK
CASSIGQGIVYEQYF	YQIGGYTEK
CASSPGAGTSYEQYF	YQIGGYTEK
CASSMGVGVSYEQYF	YQIGGYTEK
CASSQEGVGNSPLHF	YQIGGYTEK
CASSIGTGMAGELFF	YQIGGYTEK
CASSFRDSTITYNEQFF	YQIGGYTEK
CASTLGPSTDTQYF	YQIGGYTEK
CASSGGHVSNTGELFF	YQIGGYTEK
CASSKGQGLDYGYTF	YQIGGYTEK
CASSAGTGVAYEQYF	YQIGGYTEK
CASSIGLGQSYEQYF	YQIGGYTEK
CASSTGQGLSYEQYF	YQIGGYTEK
CASSIRSTGELFF	YQIGGYTEK
CASTMGLAGINEQFF	YQIGGYTEK
CASSIGTGQGYEQYF	YQIGGYTEK
CASSTGQGLAYEQYF	YQIGGYTEK
CASSIGTGTNNQPQHF	YQIGGYTEK
CASSIGQGESYEQYF	YQIGGYTEK
CASQPGTGDGNQPQHF	YQIGGYTEK
CASSIGTGILYEQYF	YQIGGYTEK
CASSIGQGIAYEQYF	YQIGGYTEK
CASSVGQGAITEAFF	YQIGGYTEK
CSVLATNLEAFF	YQIGGYTEK
CASSIGQGRGHEQFF	YQIGGYTEK
CASSSGQGVSYEQYF	YQIGGYTEK
CASSIGQGHSYEQYF	YQIGGYTEK
CASSSGTGVGYEQYF	YQIGGYTEK
CASSDGQGVSYEQYF	YQIGGYTEK
CASSKARDRSRMGYTF	YQIGGYTEK
CASSIGAGVSYEQYF	YQIGGYTEK
CASSGGEGDTQYF	YQIGGYTEK
CASSGGTGFDYEQYF	YQIGGYTEK
CASSLGQGLGIEQFF	YQIGGYTEK
CSAKLPTSVRYEQYF	YQIGGYTEK
CASAMGTGISYEQYF	YQIGGYTEK
CASSIGQGEINIQYF	YQIGGYTEK
CASSSGLSSYNEQFF	YQIGGYTEK
CASSSGTGLSYEQYF	YQIGGYTEK
CASSIGQGVVYEQYF	YQIGGYTEK
CASSIGQGLSYGYTF	YQIGGYTEK
CASSIGTGVTGELFF	YQIGGYTEK
CASSPGTGRYEQYF	YQIGGYTEK
CASSMGRGSSYEQYF	YQIGGYTEK
CASSPWTGEETQYF	YQIGGYTEK
CASSSGTGLTGELFF	YQIGGYTEK
CASSMGSGLTYEQYF	YQIGGYTEK
CASSIGLGTRYEQYF	YQIGGYTEK
CASSVGTGKAYEQYF	YQIGGYTEK
CASSGATGLIYEQYF	YQIGGYTEK
CASSPGTGVNQPQHF	YQIGGYTEK
CASSLGIGVITEAFF	YQIGGYTEK
CASSDGTGIPDTQYF	YQIGGYTEK
CASSGGQGLTYEQYF	YQIGGYTEK
CASSIGIGDSGANVLTF	YQIGGYTEK
CASSIGVGTGPYNEQFF	YQIGGYTEK
CASSTGTGFDYEQYF	YQIGGYTEK
CASSIGAGVSYEQYF	YQIGGYTEK
CASTPGQGITYEQYF	YQIGGYTEK
CASSMGQGLMYTQYF	YQIGGYTEK
CALSRLAGSTGELFF	YQIGGYTEK
CASSEVGVDEQYF	YQIGGYTEK
CASSKGQGITYEQYF	YQIGGYTEK
CASSIGQGTTYEQYF	YQIGGYTEK
CASCLTGNTGELFF	YQIGGYTEK
CASSKEWDSYSYEQYF	YQIGGYTEK
CASSMGVGLDNEQFF	YQIGGYTEK
CASSTGQGLSYEQYF	YQIGGYTEK
CASTPGVGSYNEQFF	YQIGGYTEK
CASSIGLGLAEYNEQFF	YQIGGYTEK
CASSIGAGAGTEAFF	YQIGGYTEK
CASSRGLGTAYTQYF	YQIGGYTEK
CASSIGQGRSYEQYF	YQIGGYTEK
CASSIGQGFSYEQYF	YQIGGYTEK
CASATGQGLHNEQFF	YQIGGYTEK
CASSIGVGVPDTQYF	YQIGGYTEK
CASSMGQGSAYEQYF	YQIGGYTEK
CASSIGTGLNTEAFF	YQIGGYTEK
CASSVSVGVPGGYTF	YQIGGYTEK
CASSLGTGLGYEQFF	YQIGGYTEK
CASSRGLGMLNEQFF	YQIGGYTEK
CASSTGLGIDYEQYF	YQIGGYTEK
CASSSGTGINTGELFF	YQIGGYTEK
CASQQGLTGANVLTF	YQIGGYTEK
CASSKGTGVVYEQFF	YQIGGYTEK
CASTMGQGMNTEAFF	YQIGGYTEK
CASSPGTGLSYEQYF	YQIGGYTEK
CASSIGQGSIYEQYF	YQIGGYTEK
CASSPDPTGRIQPQHF	YQIGGYTEK
CASSLGQGISYEQYF	YQIGGYTEK
CASSIGTGAFSPLHF	YQIGGYTEK
CASSIGSGVGYEQYF	YQIGGYTEK
CASSIGTGILDEQYF	YQIGGYTEK
CASTPGQGLLYEQYF	YQIGGYTEK
CASSIGAGIAYEQYF	YQIGGYTEK
CASTLGLGLDTEAFF	YQIGGYTEK
CASSWGVGLNTEAFF	YQIGGYTEK
CASSFGQGVVYEQYF	YQIGGYTEK
CASSKGQGLANEQFF	YQIGGYTEK
CASSIGRGVNNQPQHF	YQIGGYTEK
CASSLGQGISYEQYF	YQIGGYTEK
CASSIGQGWGYEQYF	YQIGGYTEK
CASSIGTGLSDEQYF	YQIGGYTEK
CASSMGVGLSYEQYF	YQIGGYTEK
CASSTLAGNTGELFF	YQIGGYTEK
CASNPGQGLAYEQYF	YQIGGYTEK
CASDRGSGLNNQPQHF	YQIGGYTEK
CASSPGTGVDGQQFF	YQIGGYTEK
CASSFSMTGNIQYF	YQIGGYTEK
CASSMGRGISYEQYF	YQIGGYTEK
CASSIGLGVTDTQYF	YQIGGYTEK
CASSIGSGARYEQYF	YQIGGYTEK
CASSTGTGVSYEQYF	YQIGGYTEK
CATSEWTSGSPVDYEQYF	YQIGGYTEK
CASSLWQLAGGSYYEQYF	YQIGGYTEK
CASSSDLASGELFF	YQIGGYTEK
CASSIGMGVDYEQYF	YQIGGYTEK
CASSHGTGTSYEQYF	YQIGGYTEK
CASSIGTGTSYEQYF	YQIGGYTEK
CASSIGTGLDTEAFF	YQIGGYTEK
CASSLGQGQSYEQYF	YQIGGYTEK
CASSIGVGIVTEAFF	YQIGGYTEK
CASSLGQGEAYEQYF	YQIGGYTEK
CASSMGLGLDTEAFF	YQIGGYTEK
CASSIGSGGSYEQYF	YQIGGYTEK
CASSIGTGLSYEQYF	YQIGGYTEK
CASSAGLGPSSYNEQFF	YQIGGYTEK
CASSRGQGANQPQHF	YQIGGYTEK
CASSIGTGLAYEQYF	YQIGGYTEK
CASSPEGQGSRETQYF	YQIGGYTEK
CASSSGQGYSYEQYF	YQIGGYTEK
CASSMGQGLLYEQYF	YQIGGYTEK
CASSIGTGLAGELFF	YQIGGYTEK
CASSAGQGLTYEQYF	YQIGGYTEK
CASSIGQGISYEQYF	YQIGGYTEK
CASSKGQGLSYEQYF	YQIGGYTEK
CASSPGLGMLSEQYF	YQIGGYTEK
CASSTGQGEDYEQYF	YQIGGYTEK
CASSTGQGIPDTQYF	YQIGGYTEK
CASSSGSGITYEQYF	YQIGGYTEK
CASSPGTGLVYEQYF	YQIGGYTEK
CASSLGLGASYEQYF	YQIGGYTEK
CASSSGQGLVYEQYF	YQIGGYTEK
CASSTINSGGYNEQFF	YQIGGYTEK
CASSLGQGLYYEQYF	YQIGGYTEK
CASSIGQGPNQPQHF	YQIGGYTEK
CASSLGQGISYEQYF	YQIGGYTEK
CASSQPRDLETQYF	YQIGGYTEK
CASSIGRGLSYEQYF	YQIGGYTEK
CASSLGTGATYEQYF	YQIGGYTEK
CASSIGRGLEYEQFF	YQIGGYTEK
CASSIGQGMSYEQYF	YQIGGYTEK
CASRIVAGGYEQFF	YQIGGYTEK
CASSIGSGTGPSGLHF	YQIGGYTEK
CASSDSALAGGPETQYF	YQIGGYTEK
CASSIGIGVNTEAFF	YQIGGYTEK
CSARDSPGMAPSSYNEQFF	YQIGGYTEK
CASSPGLGEEYEQYF	YQIGGYTEK
CASSTGQGFSYEQYF	YQIGGYTEK
CASSQDDRSNYYEQYF	YQIGGYTEK
CASSSGQGLSYEQYF	YQIGGYTEK
CASSIGQGLNYEQYF	YQIGGYTEK
CASSIGQGSSYEQYF	YQIGGYTEK
CASSPGQGTLYEQYF	YQIGGYTEK
CSAAWNTEAFF	YQIGGYTEK
CASSIGSGAVSYNEQFF	YQIGGYTEK
CASSTGTGISYEQYF	YQIGGYTEK
CASREGIGLATGELFF	YQIGGYTEK
CASTLGQGLTYEQYF	YQIGGYTEK
CASSLGQGQTYEQYF	YQIGGYTEK
CASSLGLGGIYEQFF	YQIGGYTEK
CASSVLYVGNYGYTF	YQIGGYTEK
CASSIGVGREETQYF	YQIGGYTEK
CASSDGLGMSYEQYF	YQIGGYTEK
CASAGGSGMSYEQYF	YQIGGYTEK
CASSIGQGNSYEQYF	YQIGGYTEK
CASSIGRGNTYEQYF	YQIGGYTEK
CASSIGIGSYNEQFF	YQIGGYTEK
CASSTGLGVDYEQYF	YQIGGYTEK
CASSPTGGGTYEQYF	YQIGGYTEK
CASSIGSGLAANNEQFF	YQIGGYTEK
CASSMGTGLPGELFF	YQIGGYTEK
CASSLVRGRDNSPLHF	YQIGGYTEK
CASSIGQGETYEQYF	YQIGGYTEK
CASSAGQGVVYEQYF	YQIGGYTEK
CASSIGVGVENVQFF	YQIGGYTEK
CASSTGAGVIYEQYF	YQIGGYTEK
CASSIGSGSSYEQYF	YQIGGYTEK
CASSMGAGLRYEQYF	YQIGGYTEK
CASSQGQGLDYEQYF	YQIGGYTEK
CASSIGAGAGNEQFF	YQIGGYTEK
CASSTGQGLSYEQYF	YQIGGYTEK
CASSIAVGPHGNEQFF	YQIGGYTEK
CASSIGQGLRNEQFF	YQIGGYTEK
CATSDGYTDTQYF	YQIGGYTEK
CASSPGQGLTYEQYF	YQIGGYTEK
CASSLGQGLTYEQYF	YQIGGYTEK
CASSLGTGMTHEQFF	YQIGGYTEK
CASSIGAGNSYEQYF	YQIGGYTEK
CASSIGTGSGNQPQHF	YQIGGYTEK
CASSIGTGDHGEQFF	YQIGGYTEK
CASAVGLGYNHEQYF	YQIGGYTEK
CASSLGQGDSYEQYF	YQIGGYTEK
CASSMGQGYSYEQYF	YQIGGYTEK
CASSIGTGLSYEQYF	YQIGGYTEK
CASGILQRYEQYF	YQIGGYTEK
CASETGTGTPNEQFF	YQIGGYTEK
CASSPGQGLLDEQFF	YQIGGYTEK
CASSFPTSGSSYNEQFF	YQIGGYTEK
CASSLYKLNQPQHF	YQIGGYTEK
CASSIGVGPSIYNEQFF	YQIGGYTEK
CASSTGTGLENEQFF	YQIGGYTEK
CAASEGQGLSYEQYF	YQIGGYTEK
CASSPGQGMAYEQYF	YQIGGYTEK
CAWQTGTTNTGELFF	YQIGGYTEK
CASSIGTGFAYEQYF	YQIGGYTEK
CASSIGQGHYNEQFF	YQIGGYTEK
CASSSGLGLSYEQYF	YQIGGYTEK
CASSSGAYEQYF	YQIGGYTEK
CASSVGTGFSYEQYF	YQIGGYTEK
CASSIGQGTAYEQFF	YQIGGYTEK
CASSLGTGISYEQYF	YQIGGYTEK
CASSIGSGISYEQYF	YQIGGYTEK
CASSIGLGSNNEQFF	YQIGGYTEK
CASSDEGQGPEAFF	YQIGGYTEK
CASTIGLGSYNEQFF	YQIGGYTEK
CASSLGQGFDYEQYF	YQIGGYTEK
CASSIGLGPSGNEQFF	YQIGGYTEK
CASTLGRGLNTEAFF	YQIGGYTEK
CASSIGSGTLYEQYF	YQIGGYTEK
CASSPTDSDEQYF	YQIGGYTEK
CASSLGQGLDYEQYF	YQIGGYTEK
CASSSGTGLNGEQYF	YQIGGYTEK
CASSIGAGDLYEQFF	YQIGGYTEK
CASSIGQGVVYEQYF	YQIGGYTEK
CASSEGQGHTYEQYF	YQIGGYTEK
CASSLGQGENYEQYF	YQIGGYTEK
CASSMGIGSSNNEQFF	YQIGGYTEK
CASRLAVNGLLDTEAFF	YQIGGYTEK
CASSLGQGLSYEQYF	YQIGGYTEK
CASSIGTGLAYEQYF	YQIGGYTEK
CASSMGQGPIGPQHF	YQIGGYTEK
CASSIGLGPANYNEQFF	YQIGGYTEK
CASSSGTGLTYEQYF	YQIGGYTEK
CASSRGVGRIYEQYF	YQIGGYTEK
CASSIALGGLNTEAFF	YQIGGYTEK
CASSLGTGLTYEQYF	YQIGGYTEK
CASSMGTGNSYEQYF	YQIGGYTEK
CASSIGQGKAYEQYF	YQIGGYTEK
CASSLGTGANNQPQHF	YQIGGYTEK
CASSIGYGDLSYNEQFF	YQIGGYTEK
CASSAGQGTSYEQYF	YQIGGYTEK
CASSIGQGVAYEQYF	YQIGGYTEK
CASSTGLGLSYEQYF	YQIGGYTEK
CASSFGQGARGHEQFF	YQIGGYTEK
CASSIGQGLTYEQYF	YQIGGYTEK
CASSEGRGVPDTQYF	YQIGGYTEK
CASSIGQGIEYEQYF	YQIGGYTEK
CASSIGVGTGHQPQHF	YQIGGYTEK
CASSIGSGIAHEQYF	YQIGGYTEK
CASSPGTGVSYEQYF	YQIGGYTEK
CASSMGQGIVHEQYF	YQIGGYTEK
CASSVDGLLSSYNEQFF	YQIGGYTEK
CASTRGQGVNQPQHF	YQIGGYTEK
CASSMGTGLAYEQYF	YQIGGYTEK
CASSLGLGVTYEQYF	YQIGGYTEK
CASSIGQGFSYEQYF	YQIGGYTEK
CASSLTENYGYTF	YQIGGYTEK
CASSVGMGEDYEQYF	YQIGGYTEK
CASSPGTGDTEAFF	YQIGGYTEK
CASSIGTGTIYEQYF	YQIGGYTEK
CASSEGTGISYEQYF	YQIGGYTEK
CASSVGQGVTYEQYF	YQIGGYTEK
CAAAKGVGLNTEAFF	YQIGGYTEK
CASSKVGGPTYEQYF	YQIGGYTEK
CASSIGMGIMSYNEQFF	YQIGGYTEK
CSVESYEQYF	YQIGGYTEK
CASALGQGISYEQYF	YQIGGYTEK
CASSIGLGLGGELFF	YQIGGYTEK
CASSIGQGISYEQYF	YQIGGYTEK
CASSIGQGITYEQYF	YQIGGYTEK
CASSRGVGTANTGELFF	YQIGGYTEK
CATSSRLLLGDRQETQYF	YQIGGYTEK
CASSLGQGSYTEAFF	YQIGGYTEK
CATAPGLGLRNEQFF	YQIGGYTEK
CASSLGQGPNNQPQHF	YQIGGYTEK
CASSIGVGLTYEQYF	YQIGGYTEK
CASSIGVGLTNEQFF	YQIGGYTEK
CASSIGTGLRYEQYF	YQIGGYTEK
CASSIGAGVAYEQYF	YQIGGYTEK
CASSMGVGSGNTIYF	YQIGGYTEK
CASSIGQGLILEQFF	YQIGGYTEK
CASTPGRGLNTEAFF	YQIGGYTEK
CASSKGQVRYF	YQIGGYTEK
CASSLSGTRVSGNTIYF	YQIGGYTEK
CASSIGVGLNTEAFF	YQIGGYTEK
CASSIGSGVVTEAFF	YQIGGYTEK
CASSKGTGTAYEQYF	YQIGGYTEK
CAISDPAGGVDEQFF	YQIGGYTEK
CASSEGLGPYNEQFF	YQIGGYTEK
CASRDTLYQPQHF	YQIGGYTEK
CASSTGTGTDHEQYF	YQIGGYTEK
CASSIGQGLGGELFF	YQIGGYTEK
CASGPPSREEQYF	YQIGGYTEK
CASSPGQGLLHEQYF	YQIGGYTEK
CASTTGLGLETEAFF	YQIGGYTEK
CASTLGGVDGYTF	YQIGGYTEK
CASSSGLAGFNEQFF	YQIGGYTEK
CASSIGSGRAYEQYF	YQIGGYTEK
CASSIGTGVTYEQYF	YQIGGYTEK
CASSIGVGANNQPQHF	YQIGGYTEK
CASSLGTGLSYEQYF	YQIGGYTEK
CASSVGTGKSYEQYF	YQIGGYTEK
CASSIGSGSSYEQYF	YQIGGYTEK
CASSIGLGSSGDHNEQFF	YQIGGYTEK
CASSVGTGQAGELFF	YQIGGYTEK
CASNPDRDTGELFF	YQIGGYTEK
CASSLGTGDTYEQYF	YQIGGYTEK
CASSSGQGQSSYEQYF	YQIGGYTEK
CASSVGQGESYEQYF	YQIGGYTEK
CASSPPRGSNTGELFF	YQIGGYTEK
CASSIGLGAVPYNEQFF	YQIGGYTEK
CASTRGQGLNQPQHF	YQIGGYTEK
CASSIGQGVGYEQFF	YQIGGYTEK
CASSLGQGDSYEQYF	YQIGGYTEK
CASSPGTGLAYEQYF	YQIGGYTEK
CASSIGVGTQDQPQHF	YQIGGYTEK
CASSIAQGISYEQYF	YQIGGYTEK
CASSIGTGNRYEQYF	YQIGGYTEK
CASSIGSGLNNQPQHF	YQIGGYTEK
CASSIGQGVRYEQFF	YQIGGYTEK
CASSIGAGTSTEQFF	YQIGGYTEK
CASSTGQGISYEQYF	YQIGGYTEK
CASSIGLGVVAEAFF	YQIGGYTEK
CASSGGTGLDYEQYF	YQIGGYTEK
CASSTGTGISYEQYF	YQIGGYTEK
CASATGTGLNTEAFF	YQIGGYTEK
CASSRGIGDNQPQHF	YQIGGYTEK
CASSKGQGISYEQYF	YQIGGYTEK
CASSIGSGLSGEQFF	YQIGGYTEK
CATHPGTGNNEKLFF	YQIGGYTEK
CASSSGLGLEFTQYF	YQIGGYTEK
CASSPGQGINQPQHF	YQIGGYTEK
CASSLTGTEQFF	YQIGGYTEK
CASSTGQGLSYEQYF	YQIGGYTEK
CASSIGTGVNTGELFF	YQIGGYTEK
CASSPGTGILYEQYF	YQIGGYTEK
CASSLGQGAIYEQYF	YQIGGYTEK
CASSIGLGLAYEQYF	YQIGGYTEK
CASSPGQGLRGEQYF	YQIGGYTEK
CASSNGQGRSYEQYF	YQIGGYTEK
CASSLGQGSSYEQYF	YQIGGYTEK
CASSTGQGVSYEQYF	YQIGGYTEK
CASTPGLGIDNEQFF	YQIGGYTEK
CASTPGTGVVDEQFF	YQIGGYTEK
CASSTGTGLDTEAFF	YQIGGYTEK
CASSIGTGDSYEQYF	YQIGGYTEK
CASSIGAGLSYEQYF	YQIGGYTEK
CASSIGTGLAGELFF	YQIGGYTEK
CASSIGTGASGANVLTF	YQIGGYTEK
CASSMGQGLSGTQYF	YQIGGYTEK
CASSIGSGTAYEQYF	YQIGGYTEK
CASSMGQGFVYEQYF	YQIGGYTEK
CASSTGQGLSYEQYF	YQIGGYTEK
CASSIGTGSSGANVLTF	YQIGGYTEK
CASSPGQSRQETQYF	YQIGGYTEK
CASSIGQGLHHEQYF	YQIGGYTEK
CASTPGLGVAEKLFF	YQIGGYTEK
CASSIGTGVAYEQYF	YQIGGYTEK
CASSTGLGKMYEQYF	YQIGGYTEK
CASSFGTGAVYEQYF	YQIGGYTEK
CASSTGQGWSYEQYF	YQIGGYTEK
CASSIGLGLGGELFF	YQIGGYTEK
CASSIGSGVLYEQYF	YQIGGYTEK
CASSLSSGIYNEQFF	YQIGGYTEK
CASSLGQGIIYEQYF	YQIGGYTEK
CASALGLGVVYEQYF	YQIGGYTEK
CASSLGQGVSYEQFF	YQIGGYTEK
CASSLPNRVVKPYEQYF	YQIGGYTEK
CASSIGQGESYEQYF	YQIGGYTEK
CASSLGQGHSYEQYF	YQIGGYTEK
CASSQDFSGSGLYF	YQIGGYTEK
CSAMPYGLAGGGSYNEQFF	YQIGGYTEK
CASSVGQGMQETQYF	YQIGGYTEK
CASSIGVGVSYEQYF	YQIGGYTEK
CASSIGVGHSYEQYF	YQIGGYTEK
CASSSGTGLSYEQYF	YQIGGYTEK
CASSIGAGVAYEQYF	YQIGGYTEK
CASSPGQGISYEQYF	YQIGGYTEK
CASSIGGGLSYEQYF	YQIGGYTEK
CASSPGTGFPEAFF	YQIGGYTEK
CASSVGLGVSYEQYF	YQIGGYTEK
CASSIGLGATYEQYF	YQIGGYTEK
CASSLGQGLTYEQYF	YQIGGYTEK
CASTPGTGLAYEQYF	YQIGGYTEK
CASSFSGNRETQYF	YQIGGYTEK
CASSIGQGATYEQYF	YQIGGYTEK
CSVVSPKLEQFF	YQIGGYTEK
CAGSLVAGSYEQYF	YQIGGYTEK
CASSNGLAATDTQYF	YQIGGYTEK
CASSTGTGLIDEQFF	YQIGGYTEK
CASSAGRGTLYEQYF	YQIGGYTEK
CASSPGTGLAYEQYF	YQIGGYTEK
CASSWGQGGPYEQYF	YQIGGYTEK
CASTPGVGLNTEAFF	YQIGGYTEK
CASSTGTGLSYEQYF	YQIGGYTEK
CASSLGQGTAYEQYF	YQIGGYTEK
CASSLGQGRTYEQYF	YQIGGYTEK
CASTPGLGETYEQYF	YQIGGYTEK
CASSTGTGVIQPQHF	YQIGGYTEK
CASSPRSGGYQETQYF	YQIGGYTEK
CASSQRQGNYGYTF	YQIGGYTEK
CASSIGQGISNEQFF	YQIGGYTEK
CASSSMVETQYF	YQIGGYTEK
CASSLGQGVNNQPQHF	YQIGGYTEK
CASSIGAGQVYEQYF	YQIGGYTEK
CASSMGQGIPAEQFF	YQIGGYTEK
CASSLGSGLEGTQYF	YQIGGYTEK
CASSPGQGIAYEQYF	YQIGGYTEK
CSVEDRGGGPHIQYF	YQIGGYTEK
CASSIGQGVTYEQYF	YQIGGYTEK
CASSIGQGQAYEQYF	YQIGGYTEK
CASFDTGTGAYEQYF	YQIGGYTEK
CASSIGQGGSYEQYF	YQIGGYTEK
CASSMGQGVMYEQFF	YQIGGYTEK
CASSTGTGVPGELFF	YQIGGYTEK
CASSIGLGQGYEQYF	YQIGGYTEK
CASSLGTGVSYEQYF	YQIGGYTEK
CASNPGLGLTYEQYF	YQIGGYTEK
CASSVGLGQGALDEQFF	YQIGGYTEK
CASSIGTGFVHEQYF	YQIGGYTEK
CASSIGTGVSYEQYF	YQIGGYTEK
CASSIGQGTSYEQYF	YQIGGYTEK
CASSLGQGPPGANVLTF	YQIGGYTEK
CASSIGGGLRYEQYF	YQIGGYTEK
CASSIGTGLAGEQFF	YQIGGYTEK
CASSMGLGSSYEQYF	YQIGGYTEK
CASSIGGGLSYEQYF	YQIGGYTEK
CASSSFRLAGEYSGETQYF	YQIGGYTEK
CASSTGQGIPSGYTF	YQIGGYTEK
CASSWGLAGADTQYF	YQIGGYTEK
CASSIGQGLAYEQYF	YQIGGYTEK
CASGIGTGVEYEQYF	YQIGGYTEK
CASSPGQGISYEQYF	YQIGGYTEK
CSASDKPGPKSNIQYF	YQIGGYTEK
CASSPGLGLNTEAFF	YQIGGYTEK
CASSIAQGPPDEQYF	YQIGGYTEK
CASSTHNKGLAGPYQETQYF	YQIGGYTEK
CASSIGTGISYEQYF	YQIGGYTEK
CASSIGTGSIYEQYF	YQIGGYTEK
CASSIGAGVRNEQFF	YQIGGYTEK
CASSLGQGIVYEQYF	YQIGGYTEK
CASSIGLGLFPNEQFF	YQIGGYTEK
CASSIGTGAPGELFF	YQIGGYTEK
CASSPGLGLDHEQYF	YQIGGYTEK
CASSGGSGYDYEQYF	YQIGGYTEK
CSCSGGIMDTEAFF	YQIGGYTEK
CAWTSMNTEAFF	YQIGGYTEK
CASSSGQGLRYEQYF	YQIGGYTEK
CASSIGQGISYEQYF	YQIGGYTEK
CASSLGQGYHYEQYF	YQIGGYTEK
CASSIGLGLSSYNEQFF	YQIGGYTEK
CASSDGTGVVDEQFF	YQIGGYTEK
CASSIGQGLSYEQYF	YQIGGYTEK
CASSIGQGISYEQYF	YQIGGYTEK
CASTETVFSYEQYF	YQIGGYTEK
CASSIGQGEIYEQYF	YQIGGYTEK
CASSIGQGLSYEQYF	YQIGGYTEK
CASSIGQGLSYEQFF	YQIGGYTEK
CASSMGQGASYEQYF	YQIGGYTEK
CASSIGQGLNTEAFF	YQIGGYTEK
CASSIGLGIAYEQYF	YQIGGYTEK
CAWNSGTGVSPLHF	YQIGGYTEK
CASSIGTGVAYNEQFF	YQIGGYTEK
CASSMGQGRSYEQYF	YQIGGYTEK
CASSPGLGLLGEQFF	YQIGGYTEK
CASSTGTGLTGELFF	YQIGGYTEK
CASSIGVGQRNEQFF	YQIGGYTEK
CASSLGQGTSYEQYF	YQIGGYTEK
CASSIGTGLSYEQYF	YQIGGYTEK
CASSPGQGFSYEQYF	YQIGGYTEK
CASTPGQGLNTEAFF	YQIGGYTEK
CASSIGAGLNQPQHF	YQIGGYTEK
CASSIGQGAIYNSPLHF	YQIGGYTEK
CASSDGTGFSYEQYF	YQIGGYTEK
CASSIGQGFAYEQYF	YQIGGYTEK
CASSIGLGENYEQYF	YQIGGYTEK
CASSIGQGASYEQYF	YQIGGYTEK
CASSVGQGHLYGYTF	YQIGGYTEK
CASTLGLGTNGEQFF	YQIGGYTEK
CASSIGMGSSYEQYF	YQIGGYTEK
CASSLGTGNSYEQYF	YQIGGYTEK
CASSFIVGAYEQYF	YQIGGYTEK
CASSIGQGPLNEQFF	YQIGGYTEK
CASTDGTDTQYF	YQIGGYTEK
CASTTGQGRIYEQYF	YQIGGYTEK
CASSLGQGISYEQYF	YQIGGYTEK
CASSIGTGTAYEQYF	YQIGGYTEK
CASSIGQGTAYEQYF	YQIGGYTEK
CASSIGGGLSYEQYF	YQIGGYTEK
CASAPGQGVDYGYTF	YQIGGYTEK
CASSIGSGRISYNEQFF	YQIGGYTEK
CASSTGQSSYNEQFF	YQIGGYTEK
CASSIGTGVNNEQFF	YQIGGYTEK
CASSNGAGVGYEQYF	YQIGGYTEK
CASSIGQGVDYEQYF	YQIGGYTEK
CASSVGQGISYEQYF	YQIGGYTEK
CASSIGSGRRVEQFF	YQIGGYTEK
CASSLGQGVSGEQFF	YQIGGYTEK
CASSIGRGQGYEQYF	YQIGGYTEK
CASSPGQGLRYEQYF	YQIGGYTEK
CASSLGVSSYNEQFF	YQIGGYTEK
CASSLGSGITYEQYF	YQIGGYTEK
CASSPGVGLRTEAFF	YQIGGYTEK
CASSIGQGARYEQYF	YQIGGYTEK
CASSSGTGVNQPQHF	YQIGGYTEK
CASSSGTGYSYEQYF	YQIGGYTEK
CASSTGLGLGTEAFF	YQIGGYTEK
CASSEDRDWMSRPEQYF	YQIGGYTEK
CASSIGTGVTGELFF	YQIGGYTEK
CASTSPSLNSGANVLTF	YQIGGYTEK
CASSPGQGTSYEQYF	YQIGGYTEK
CASSIGRGFEYEQFF	YQIGGYTEK
CASSIGQGLANEQFF	YQIGGYTEK
CASSPGVGWNTGELFF	YQIGGYTEK
CASASGTGVSYEQYF	YQIGGYTEK
CASSVRRGGETGELFF	YQIGGYTEK
CASSIGQGISYEQYF	YQIGGYTEK
CASSTGQGISYEQYF	YQIGGYTEK
CASSIGQGLTYEQYF	YQIGGYTEK
CASSIGQGSSYEQYF	YQIGGYTEK
CATATGTGMIGELFF	YQIGGYTEK
CASSIGAGLAGLEQFF	YQIGGYTEK
CASSIGVGYSYEQYF	YQIGGYTEK
CASSAGLGVGQPQHF	YQIGGYTEK
CASSRGTGTDYEQYF	YQIGGYTEK
CASSIGQGKVYEQYF	YQIGGYTEK
CASSIGQGESYEQYF	YQIGGYTEK
CASSIGVGEVSYNEQFF	YQIGGYTEK
CASSGGLGVRHEQFF	YQIGGYTEK
CASSIGTGVAYEQYF	YQIGGYTEK
CASSEWIGGTGETQYF	YQIGGYTEK
CASSIGLGATAYNEQFF	YQIGGYTEK
CASSIGQGDVYEQYF	YQIGGYTEK
CASSMGVGVDTEAFF	YQIGGYTEK
CASSIGSGLAYEQYF	YQIGGYTEK
CASTSGQGLNYEQYF	YQIGGYTEK
CATTFGLGFAYEQYF	YQIGGYTEK
CASSSGLGNSYEQYF	YQIGGYTEK
CASSIGLGVNTEAFF	YQIGGYTEK
CASSPSQPRWNTEAFF	YQIGGYTEK
CASSMGLGVFYGYTF	YQIGGYTEK
CASSPGQGLSYEQYF	YQIGGYTEK
CASSIGQGFSYEQYF	YQIGGYTEK
CASSLGLGMAKEQFF	YQIGGYTEK
CASSTPQGTSGPQHF	YQIGGYTEK
CASSMGQGNAYEQYF	YQIGGYTEK
CASSHGTGVAGELFF	YQIGGYTEK
CASSIGVGVAYEQFF	YQIGGYTEK
CASSIGEGISYEQYF	YQIGGYTEK
CASSDLGLDLGKNIQYF	YQIGGYTEK
CASSIGRGPEVYNEQFF	YQIGGYTEK
CASSIGLGTSYEQYF	YQIGGYTEK
CASSLAVGINYNEQFF	YQIGGYTEK
CASSRGLGPGNQPQHF	YQIGGYTEK
CASSTGTGLRNEQFF	YQIGGYTEK
CASSFPMGEAFF	YQIGGYTEK
CASSIGLGTAYEQYF	YQIGGYTEK
CASSMGTGLTGELFF	YQIGGYTEK
CASSRGQGVAYEQYF	YQIGGYTEK
CASSPGTGLSYEQYF	YQIGGYTEK
CASSIGQGSAYEQYF	YQIGGYTEK
CASSPSGKGQPSEQYF	YQIGGYTEK
CAWSMTPRGGQTYNSPLHF	YQIGGYTEK
CASSLGQGIKYEQYF	YQIGGYTEK
CASSIGTGFLHEQFF	YQIGGYTEK
CASSKGTGMGYEQYF	YQIGGYTEK
CASSIGSGLAYEQYF	YQIGGYTEK
CASSIGQGLTYEQYF	YQIGGYTEK
CASSPGTGWAYEQYF	YQIGGYTEK
CASSTGLGFSYEQYF	YQIGGYTEK
CASTPGLGLSYEQYF	YQIGGYTEK
CASSMGQGSKYEQYF	YQIGGYTEK
CASTVGTGLNAEAFF	YQIGGYTEK
CASSRENTGELFF	YQIGGYTEK
CASSIGAGLDYEQYF	YQIGGYTEK
CASSIGQGLAYEQFF	YQIGGYTEK
CASSLGQGLAYEQYF	YQIGGYTEK
CASSIGLGSVHEQFF	YQIGGYTEK
CASSMGQGLSYGYTF	YQIGGYTEK
CASSIGSGWAYEQYF	YQIGGYTEK
CASSKGQGVDYEQYF	YQIGGYTEK
CASSLGGQYNEQFF	YQIGGYTEK
CASTTGQGLNTEAFF	YQIGGYTEK
CASSMGNGLNTEAFF	YQIGGYTEK
CSARDLQDSYEQYF	YQIGGYTEK
CASSIGQGVSNEQFF	YQIGGYTEK
CASSPGRGLSYEQYF	YQIGGYTEK
CASSTGQGVDYEQYF	YQIGGYTEK
CASSPGHPEAFF	YQIGGYTEK
CASSIGQGLSYEQYF	YQIGGYTEK
CASSPFRENIQSYNSPLHF	YQIGGYTEK
CASSIGQGLGGEQFF	YQIGGYTEK
CASSIGTGVPGELFF	YQIGGYTEK
CASSIGEGLSYEQFF	YQIGGYTEK
CASGNQSGGVETQYF	YQIGGYTEK
CASSIGTGLTGELFF	YQIGGYTEK
CASSVGSGTLYEQYF	YQIGGYTEK
CASSIGQGGNQPQHF	YQIGGYTEK
CASSVGTGLSYEQYF	YQIGGYTEK
CASSVGTGLDYEQYF	YQIGGYTEK
CASSKGTGMDTEQFF	YQIGGYTEK
CAISDPAADSYNEQFF	YQIGGYTEK
CSASEQGLQFF	YQIGGYTEK
CASSSGQGEIYEQYF	YQIGGYTEK
CASSAGQGILYEQYF	YQIGGYTEK
CASSIGVGRITEQFF	YQIGGYTEK
CASSTGTGVNQPQHF	YQIGGYTEK
CASSRGLGLAAEQFF	YQIGGYTEK
CASSIGLGQSYEQYF	YQIGGYTEK
CASSTNSYEQYF	YQIGGYTEK
CASSMGSGLSYEQYF	YQIGGYTEK
CASSAGQGVVYEQFF	YQIGGYTEK
CASTIGTGVDYEQYF	YQIGGYTEK
CAWNLAGQGNEQYF	YQIGGYTEK
CASSQGMGNSYEQYF	YQIGGYTEK
CASSRGQGVSYEQYF	YQIGGYTEK
CAIAPGPGHSPLHF	YQIGGYTEK
CASSEASPGEQYF	YQIGGYTEK
CASSDGTGLADEQFF	YQIGGYTEK
CASSIGQGHNQPQHF	YQIGGYTEK
CASSIGAGVGYEQYF	YQIGGYTEK
CASTPGLGMNTEAFF	YQIGGYTEK
CASSIGAGLAFEQYF	YQIGGYTEK
CASTYGTGAPHYGYTF	YQIGGYTEK
CASSQVETSGGNSYEQYF	YQIGGYTEK
CASSLGSGHTYEQYF	YQIGGYTEK
CASSLGQGLTGELFF	YQIGGYTEK
CASSIGTGVLGLNEQFF	YQIGGYTEK
CASSMGQGISYEQYF	YQIGGYTEK
CASSVGQGLSYEQYF	YQIGGYTEK
CASSQLGRDRPTDTQYF	YQIGGYTEK
CASSVGQGTSYEQYF	YQIGGYTEK
CASSMGQGIEYEQFF	YQIGGYTEK
CASSKGRTSLYF	YQIGGYTEK
CASSIGTGLSYEQYF	YQIGGYTEK
CASSIGLGGAYEQYF	YQIGGYTEK
CASSIGAGVAYEQYF	YQIGGYTEK
CASSVGQGLWNEQFF	YQIGGYTEK
CASSIGAGTSYEQYF	YQIGGYTEK
CASSTLTGGIETQYF	YQIGGYTEK
CASSIGQGETYEQYF	YQIGGYTEK
CASSIGQGTTYEQYF	YQIGGYTEK
CASSPGLGDLYEQYF	YQIGGYTEK
CASGEGVGSNQPQHF	YQIGGYTEK
CASSPSGDRSYEQYF	YQIGGYTEK
CASSIGMGVTYEQYF	YQIGGYTEK
CASSIGVGLAGGEQFF	YQIGGYTEK
CASSLGQGLNNEQFF	YQIGGYTEK
CASSIGTGTEFEQYF	YQIGGYTEK
CASSDRAANTEAFF	YQIGGYTEK
CASGPGLGRTYEQYF	YQIGGYTEK
CASSLDRWARVAGANVLTF	YQIGGYTEK
CASSRGQGISYEQYF	YQIGGYTEK
CASSIGSGIRYEQFF	YQIGGYTEK
CASSPGVGEISYNEQFF	YQIGGYTEK
CASSLGQGALSHNEQFF	YQIGGYTEK
CASSVRGGPYTDTQYF	YQIGGYTEK
CASSIGVGQHYEQYF	YQIGGYTEK
CASSIGLGTTYEQYF	YQIGGYTEK
CASSPGQGLRNEQFF	YQIGGYTEK
CASSTGQGVVYEQFF	YQIGGYTEK
CASSIGLGLGSYNEQFF	YQIGGYTEK
CASSIGTGAIGELFF	YQIGGYTEK
CASSSGQGLSYEQYF	YQIGGYTEK
CASSFGARGADTQYF	YQIGGYTEK
CASSIGQGRGYEQYF	YQIGGYTEK
CASTAGIGLNTEAFF	YQIGGYTEK
CASSIGAGVLYEQYF	YQIGGYTEK
CASSIGAGVPDTQYF	YQIGGYTEK
CASSAGTGETYEQYF	YQIGGYTEK
CSVVGQGDTGELFF	YQIGGYTEK
CASSIGAGILNEQFF	YQIGGYTEK
CASSQEEGDLMNTEAFF	YQIGGYTEK
CASSIGTGLVYEQYF	YQIGGYTEK
CASSTGTGLSYEQYF	YQIGGYTEK
CASSGGQGLTYEQYF	YQIGGYTEK
CASSLGQGIDYGYTF	YQIGGYTEK
CASPRQNTGELFF	YQIGGYTEK
CASSIGTGLIYEQYF	YQIGGYTEK
CASSAGTGFSYEQYF	YQIGGYTEK
CASSIGLGDGGNQPQHF	YQIGGYTEK
CASSIGLGTAFEQYF	YQIGGYTEK
CASSIGSGLNNQPQHF	YQIGGYTEK
CASSTGTGNLYEQYF	YQIGGYTEK
CASSMGQGVSYEQYF	YQIGGYTEK
CASSIGQGTLNEQFF	YQIGGYTEK
CASSAGQGFSYEQYF	YQIGGYTEK
CASSLTGVYTEAFF	YQIGGYTEK
CASSPGQGATYEQYF	YQIGGYTEK
CASSPGTGVLYEQYF	YQIGGYTEK
CASSIGGGISYEQYF	YQIGGYTEK
CASSVGQGSSYEQYF	YQIGGYTEK
CASSIGRGLSYEQYF	YQIGGYTEK
CASSLGTGVQAEAFF	YQIGGYTEK
CASSPGLGSGHEQFF	YQIGGYTEK
CAWSVGGRAFF	YQIGGYTEK
CASSIGSGSAYEQYF	YQIGGYTEK
CASSTGQGFSYEQYF	YQIGGYTEK
CASSPGTGLLDEQFF	YQIGGYTEK
CASSIGVGQSSYNEQFF	YQIGGYTEK
CASAQGTGMNTEAFF	YQIGGYTEK
CASSMGSGLTYEQYF	YQIGGYTEK
CASSIGSGLEYEQYF	YQIGGYTEK
CASSTGTGVSYEQYF	YQIGGYTEK
CASSYGQGVGSKNIQYF	YQIGGYTEK
CASSDWTGRSTGELFF	YQIGGYTEK
CAWSHGVGLSDEQYF	YQIGGYTEK
CASSIGQGFSYEQYF	YQIGGYTEK
CASSPRDRGYEQYF	YQIGGYTEK
CASGGQGIASPYGYTF	YQIGGYTEK
CASSIGVGTLSYEQYF	YQIGGYTEK
CASSTGLGANYEQYF	YQIGGYTEK
CASSVGTGVSYEQYF	YQIGGYTEK
CASSMGLGSSYEQYF	YQIGGYTEK
CASSPGAGLSYEQYF	YQIGGYTEK
CASSIGTGSSGANVLTF	YQIGGYTEK
CASSLGQGMTGELFF	YQIGGYTEK
CASSIGSGLSYEQYF	YQIGGYTEK
CASSIGTGVSGELFF	YQIGGYTEK
CASSVGQGRLYEQYF	YQIGGYTEK
CASTPGSGLATYNEQFF	YQIGGYTEK
CASSLGTGYSYEQYF	YQIGGYTEK
CASSIGTGISYEQYF	YQIGGYTEK
CASSMGQGLSYEQYF	YQIGGYTEK
CASSIGQGIANEQFF	YQIGGYTEK
CASSLGQGFTYEQYF	YQIGGYTEK
CASRLRAPGTRPSTDTQYF	YQIGGYTEK
CASSGDYNEQFF	YQIGGYTEK
CASSQDAGAWYGYTF	YQIGGYTEK
CASSTGTGLAYEQFF	YQIGGYTEK
CASSIGTGSYNEQFF	YQIGGYTEK
CASSTGQGYSYEQYF	YQIGGYTEK
CASSRGQGLSYEQYF	YQIGGYTEK
CASSIGQGKSYEQYF	YQIGGYTEK
CASSIGTGGAYEQYF	YQIGGYTEK
CASSLGQGLINEQFF	YQIGGYTEK
CASSLGQGQEYEQYF	YQIGGYTEK
CASTPGTGVAGNQPQHF	YQIGGYTEK
CASSVGQGMGYEQYF	YQIGGYTEK
CASSSGLGGSYEQYF	YQIGGYTEK
CASSSTGTSDSDTQYF	YQIGGYTEK
CASSMGTGGLYEQYF	YQIGGYTEK
CASSQDLGGYNEQFF	YQIGGYTEK
CASSIGTGTAYEQYF	YQIGGYTEK
CASSPGQGVIYEQYF	YQIGGYTEK
CASSMGQGLSYEQYF	YQIGGYTEK
CASSKSRGLFDTGELFF	YQIGGYTEK
CASSSGTGLNTEAFF	YQIGGYTEK
CASSPRDRTLLANTGELFF	YQIGGYTEK
CASSTGQGVSYEQYF	YQIGGYTEK
CASNPGLAIANEQFF	YQIGGYTEK
CASSTGTSSYNEQFF	YQIGGYTEK
CASSLTGRTKTEAFF	YQIGGYTEK
CASSLLVSGGAGNEQFF	YQIGGYTEK
CASSQEWRGAQETQYF	YQIGGYTEK
CASSEGLSARDEQFF	YQIGGYTEK
CSATKTSANEQFF	YQIGGYTEK
CASSGQGDEQFF	YQIGGYTEK
CASSISLGQGAGNEQFF	YQIGGYTEK
CASSPGQGFSYEQYF	YQIGGYTEK
CASSKGLGSSNIQYF	YQIGGYTEK
CASSAQISTDTQYF	YQIGGYTEK
CASSSPTELSTDTQYF	YQIGGYTEK
CASSIGAGRRYEQYF	YQIGGYTEK
CASTIGVGVGNEQFF	YQIGGYTEK
CASSFVLSNQPQHF	YQIGGYTEK
CASSLGQGHIYEQYF	YQIGGYTEK
CASSMGQGIAYEQYF	YQIGGYTEK
CASSIGTGMANEQFF	YQIGGYTEK
CASSIGSGSVYEQYF	YQIGGYTEK
CASSGGEAKNIQYF	YQIGGYTEK
CASSLGQGIINEQFF	YQIGGYTEK
CASSMGLSSNQPQHF	YQIGGYTEK
CASSRGTGDNQPQHF	YQIGGYTEK
CASSVGQGVLYEQYF	YQIGGYTEK
CASSSGTGVLGELFF	YQIGGYTEK
CAWSLRRYVSEQYF	YQIGGYTEK
CASSPGTGKKYEQYF	YQIGGYTEK
CASTTGAGRDNEQFF	YQIGGYTEK
CASSMGQGANQPQHF	YQIGGYTEK
CASSMGSGRAYEQYF	YQIGGYTEK
CASSMGRGLSYEQYF	YQIGGYTEK
CASSIGQGLSGELFF	YQIGGYTEK
CASSIGQGVNQPQHF	YQIGGYTEK
CASSIGVGTSEYNEQFF	YQIGGYTEK
CASSIAKGLTYEQYF	YQIGGYTEK
CASSIGVGTGGEAFF	YQIGGYTEK
CASSPRLGYEQYF	YQIGGYTEK
CASSIGVGTLYEQFF	YQIGGYTEK
CASSSAGDSTDTQYF	YQIGGYTEK
CASSIGQGFSYEQYF	YQIGGYTEK
CAASLAFGEVGEQFF	YQIGGYTEK
CASSYAGGQFF	YQIGGYTEK
CASSLGQGSTYEQYF	YQIGGYTEK
CASSLRTGYTEAFF	YQIGGYTEK
CASSVGGRAIHGYTF	YQIGGYTEK
CASSSGLGGSYEQYF	YQIGGYTEK
CASSIGQGVSSYNEQFF	YQIGGYTEK
CASSLGQGASYEQYF	YQIGGYTEK
CASTVGTGLLNEQFF	YQIGGYTEK
CASSIGTGPNQPQHF	YQIGGYTEK
CASSMGQGNAYEQYF	YQIGGYTEK
