CDR3	AA
CASSVEAGADDEQFF	SPRRARSVA
CASSPNPGQGFYEQYF	SPRRARSVA
CASSLVGEGAYEQYF	SPRRARSVA
CASSDRDYTDTQYF	SPRRARSVA
CAIGEGVDTEAFF	SPRRARSVA
CASSPTILSLNTEAFF	SPRRARSVA
CASNPDRSYEQYF	SPRRARSVA
CASSQEGGAGFDGDTQYF	SPRRARSVA
CAISGGQREEPDTQYF	SPRRARSVA
CASSGTGGETQYF	SPRRARSVA
CASSQEGVGDEQFF	SPRRARSVA
CASSGDALDTQYF	SPRRARSVA
CASSSGSFDEQYF	SPRRARSVA
CASSLELAGGLETQYF	SPRRARSVA
CATSPAGEDEQFF	SPRRARSVA
CASSDEGTASRYEQYF	SPRRARSVA
CASSLAWGYEQYF	SPRRARSVA
CASSAWTGGDEQFF	SPRRARSVA
CASSLDQETQYF	SPRRARSVA
CASSVVAGLDTEAFF	SPRRARSVA
