CDR3	AA
CASSLSLGGYEQYF	CTFEYVSQPF
CASSLWTTTYEQYF	CTFEYVSQPF
CSARGRLNTEAFF	CTFEYVSQPF
CASSDFGTMTYNEQFF	CTFEYVSQPF
CASSQDLGSSYNEQFF	CTFEYVSQPF
CASSLGLGSSYEQYF	CTFEYVSQPF
CASNLTPFSYNEQFF	CTFEYVSQPF
CSANPRGAMNTEAFF	CTFEYVSQPF
CASSLATGLSYEQYF	CTFEYVSQPF
CASSLEQNTGELFF	CTFEYVSQPF
CASSLVPASSYEQYF	CTFEYVSQPF
CASSIVAGGRTDTQYF	CTFEYVSQPF
CASSGGTGELFF	CTFEYVSQPF
CASSTWTGDGYEQYF	CTFEYVSQPF
CASRNLSPRDPGTDTQYF	CTFEYVSQPF
CASSPIAVSSYNEQFF	CTFEYVSQPF
CASSDGGPSYNEQFF	CTFEYVSQPF
CASSLEGDSYNEQFF	CTFEYVSQPF
CASSPFGTSVYNEQFF	CTFEYVSQPF
CASSQEAGTGELFF	CTFEYVSQPF
CASSLIAAGSYNEQFF	CTFEYVSQPF
CASSESGRFTYNEQFF	CTFEYVSQPF
CSANQVGNMNTEAFF	CTFEYVSQPF
CASSQQILVTVSYEQYF	CTFEYVSQPF
CASSELHNPNIQYF	CTFEYVSQPF
CASSTLAGGPIDTQYF	CTFEYVSQPF
CSARDYRTYEQYF	CTFEYVSQPF
CASSLVGAGSYNEQFF	CTFEYVSQPF
CASSLLGTGPNTGELFF	CTFEYVSQPF
CASSLDSLNTEAFF	CTFEYVSQPF
CASSYSAAYSNQPQHF	CTFEYVSQPF
CASSELGQGPYEQYF	CTFEYVSQPF
CASRIQGANTGELFF	CTFEYVSQPF
CASSTYSSGGTYNEQFF	CTFEYVSQPF
CASSLWQGYEQYF	CTFEYVSQPF
CASSDQLGAQETQYF	CTFEYVSQPF
CASSFLSYYTF	CTFEYVSQPF
CASSYTLNTEAFF	CTFEYVSQPF
CASSLVLSNEQFF	CTFEYVSQPF
CASSKQGAQYNEQFF	CTFEYVSQPF
CASISFGTGIYNEQFF	CTFEYVSQPF
CASSPIEGGVEAFF	CTFEYVSQPF
CASSLIASGSYNEQFF	CTFEYVSQPF
CASSLQTSGNEQFF	CTFEYVSQPF
CSACDRRLAGGTDTQYF	CTFEYVSQPF
CASSLGLEQYF	CTFEYVSQPF
CASSARSSPNTGELFF	CTFEYVSQPF
CASSSRGGALGYTF	CTFEYVSQPF
CASSYFWGLASYNEQFF	CTFEYVSQPF
CASSLARGGYGYTF	CTFEYVSQPF
CASSPGQGIAGELFF	CTFEYVSQPF
CASSLETSGYEQYF	CTFEYVSQPF
CASSYLTAGGRYNEQFF	CTFEYVSQPF
CSAHSGDGVIFYEQYF	CTFEYVSQPF
CASRGTPGPEEILLYGYTF	CTFEYVSQPF
CASSLAGTGSYEQYF	CTFEYVSQPF
CASSIRWGPMGTEAFF	CTFEYVSQPF
CASSYSAPGGSYNEQFF	CTFEYVSQPF
CASSPGAIPNTGELFF	CTFEYVSQPF
CASSLVYAGELFF	CTFEYVSQPF
CASSEDPRASYEQYF	CTFEYVSQPF
CASSSGFGVYEQFF	CTFEYVSQPF
CASSLMGSGSYNEQFF	CTFEYVSQPF
CASQLVEGSTDTQYF	CTFEYVSQPF
CASSTQTNTEAFF	CTFEYVSQPF
CASSEEAGYQPQHF	CTFEYVSQPF
CASSYPGPTDTQYF	CTFEYVSQPF
CASSLVGAGSYNEQFF	CTFEYVSQPF
CSARNRDSLNTGELFF	CTFEYVSQPF
CASSVAVLAFEQYF	CTFEYVSQPF
CASSLDGDSYNEQFF	CTFEYVSQPF
CASSLRLSDNEQFF	CTFEYVSQPF
CASSLGGGTDTQYF	CTFEYVSQPF
CASTVNMQETQYF	CTFEYVSQPF
CSASLSGEQFF	CTFEYVSQPF
CASSFGPGGNEQFF	CTFEYVSQPF
