CDR3	AA
CASSPNGGPNYGYTF	LQSINFVRI
CASSRLDSDNEQFF	LQSINFVRI
CASSIAAGADTQYF	LQSINFVRI
CASSLTAVQETQYF	LQSINFVRI
CASSPRGDEQFF	LQSINFVRI
CATSDLPNAGELFF	LQSINFVRI
CASSYLQGRTEAFF	LQSINFVRI
CASSQDGGVGLIEAFF	LQSINFVRI
CASRWTGDYGYTF	LQSINFVRI
CASSQVERYNEQFF	LQSINFVRI
CASSSQNTEAFF	LQSINFVRI
CASSLAGGTEAFF	LQSINFVRI
CSAPVGGAFTDTQYF	LQSINFVRI
CASSRNPGGGAGELFF	LQSINFVRI
CASSGQGAVSTEAFF	LQSINFVRI
CASRYDGYAEAFF	LQSINFVRI
CASSLTGGGDTQYF	LQSINFVRI
CATSDLTESSGNTIYF	LQSINFVRI
CASSIGTEQETQYF	LQSINFVRI
CASSVTSGGSYEQYF	LQSINFVRI
CASSLVGGADTQYF	LQSINFVRI
CASSLVENTEAFF	LQSINFVRI
CASSSGGQGARETQYF	LQSINFVRI
CASSLVVLGGGTGELFF	LQSINFVRI
CASSQPSSGNEQFF	LQSINFVRI
CAISSGSGTDTQYF	LQSINFVRI
CASSVPRAGISYEQYF	LQSINFVRI
CASSLEGGGTEAFF	LQSINFVRI
CASSSTSYNEQFF	LQSINFVRI
CASSLDHSFGETQYF	LQSINFVRI
CATSSAGRPIGAFF	LQSINFVRI
CASSLIAFPDTQYF	LQSINFVRI
CASSLQGALNTEAFF	LQSINFVRI
CASSPGLQETQYF	LQSINFVRI
CASSPGLPPGNEQFF	LQSINFVRI
CSVEVGGTNEKLFF	LQSINFVRI
CASSQVSAYGYTF	LQSINFVRI
CATSDLPNTGELFF	LQSINFVRI
CASSLDGQPYTF	LQSINFVRI
CATSDDYYNEQFF	LQSINFVRI
CASSRGGALNTEAFF	LQSINFVRI
CASSRQGALNTEAFF	LQSINFVRI
CASSWDRGYGYTF	LQSINFVRI
CASSSDLRQGPGELFF	LQSINFVRI
CASSLQGEGAPSYEQYF	LQSINFVRI
CASSRDGTTGNEQFF	LQSINFVRI
CASSSIQGPNQPQHF	LQSINFVRI
CASTLWGSSYNEQFF	LQSINFVRI
CASSSGIAGYTF	LQSINFVRI
CASSEAVAEMNTEAFF	LQSINFVRI
CASSSVGGLPFSYNEQFF	LQSINFVRI
CASSTTETGNYGYTF	LQSINFVRI
CASSLSGQELNQPQHF	LQSINFVRI
CASSVSGSPVWASGDRNSNQPQHF	LQSINFVRI
CAIEKTESHRAQYF	LQSINFVRI
CASSLGAGTAFF	LQSINFVRI
CSALRGSHEQFF	LQSINFVRI
CSAPVGGATGELFF	LQSINFVRI
CATGQESNTGELFF	LQSINFVRI
CASSEVQGPPEAFF	LQSINFVRI
CASSPPDSNQPQHF	LQSINFVRI
CASRPTLANEQFF	LQSINFVRI
CASSPIRREAGDTQYF	LQSINFVRI
CASSYSGQETQYF	LQSINFVRI
CASSLDLAGNYNEQFF	LQSINFVRI
CASSLRLNTGELFF	LQSINFVRI
CSASPRIGGLYEQYF	LQSINFVRI
CATGKERLGNTGELFF	LQSINFVRI
CSVDGGGYTF	LQSINFVRI
CASSLAFGTGVDTQYF	LQSINFVRI
CSVVGEGRSNYGYTF	LQSINFVRI
CASSYSDTADTQYF	LQSINFVRI
CASSVGDSQETQYF	LQSINFVRI
CASFPRSNQPQHF	LQSINFVRI
CASSIPSPDGSSYNSPLHF	LQSINFVRI
CASSYSDSGANVLTF	LQSINFVRI
CASSQAGTSGSEQYF	LQSINFVRI
CATSDCKRPYNSPLHF	LQSINFVRI
CASSQERQSNYGYTF	LQSINFVRI
CASSPWDREPQPQHF	LQSINFVRI
CASSFVSYNEQFF	LQSINFVRI
CSAIGPRGGRRGNEQFF	LQSINFVRI
CASSSPAGAVSGANVLTF	LQSINFVRI
CASSLGFADTQYF	LQSINFVRI
CASSKLPNRQRHSPLHF	LQSINFVRI
CASSYGRETQYF	LQSINFVRI
CSARDLRWAGTPETQYF	LQSINFVRI
CASSRQGDYYGYTF	LQSINFVRI
CASSGPGRDIGGYTF	LQSINFVRI
CASKGTGGFNEQFF	LQSINFVRI
CASSQLQSGTGNYEQYF	LQSINFVRI
CASRAQSSYEQYF	LQSINFVRI
CASSLGRSSGNTIYF	LQSINFVRI
CASSVPSPGPGFYEQYF	LQSINFVRI
CASSLPVAGNDYEQYF	LQSINFVRI
CSALSGNDNEQFF	LQSINFVRI
CASSIGPYEQYF	LQSINFVRI
CASTMGQTYGYTF	LQSINFVRI
CASDSRVGYGYTF	LQSINFVRI
CSVDGQGYTF	LQSINFVRI
CASSLLGATYGYTF	LQSINFVRI
CASSRTPGRPFDQPQHF	LQSINFVRI
CASSVNTQYF	LQSINFVRI
CASSYSGGANQPQHF	LQSINFVRI
CSVDFRGSGTEAFF	LQSINFVRI
CASSEGPAGGSSYEQYF	LQSINFVRI
CSVIDLSEAFF	LQSINFVRI
CASSFLREEQFF	LQSINFVRI
CASSEAESAQETQYF	LQSINFVRI
CASSSGPGGTLDYGYTF	LQSINFVRI
CASSFDRGSYNSPLHF	LQSINFVRI
CASSSQIAWGEYSGANVLTF	LQSINFVRI
CASRPGTSWGSNQPQHF	LQSINFVRI
CASSFGMPEQYF	LQSINFVRI
CASGSGGASDTQYF	LQSINFVRI
CASSPSGTQYF	LQSINFVRI
CASNLAGGNNEQFF	LQSINFVRI
CASSLDTHEQYF	LQSINFVRI
CASSPWEGGVRGASNEQFF	LQSINFVRI
CASSLGTVNEQFF	LQSINFVRI
CASSAGTSEADTQYF	LQSINFVRI
CASSAAGTLYEQYF	LQSINFVRI
CASSQAGLAGGDEQFF	LQSINFVRI
CASSPQIGTGGREKLFF	LQSINFVRI
CASSEDEGALYQPQHF	LQSINFVRI
CSVVDVWEAFF	LQSINFVRI
CASSLEGSGTEAFF	LQSINFVRI
CASSPQSTGFYEQYF	LQSINFVRI
CASAMAGALNTEAFF	LQSINFVRI
CSVLAGGPGIQYF	LQSINFVRI
CASDYSETNYGYTF	LQSINFVRI
CASSLGISTEAFF	LQSINFVRI
CANIQGASDEQYF	LQSINFVRI
CASSLGVGEQFF	LQSINFVRI
CASRSGTASSYEQYF	LQSINFVRI
CASYQYEQYF	LQSINFVRI
CAMEEASPYGYTF	LQSINFVRI
CASSTRGHNEQFF	LQSINFVRI
CASSLDWEARGTDTQYF	LQSINFVRI
CASSLAVNSYEQYF	LQSINFVRI
CSAMDQGLGAFF	LQSINFVRI
CASSLDPIGNNYEQYF	LQSINFVRI
CASSAEFYNSPLHF	LQSINFVRI
CASSESISDTQYF	LQSINFVRI
CASRGSDRQSTDTQYF	LQSINFVRI
CASTQDTANYGYTF	LQSINFVRI
CASSISVSKNIQYF	LQSINFVRI
CSADPLGWGLDGYTF	LQSINFVRI
CASSELIDAAGDSEQFF	LQSINFVRI
CASSLGGNSYEQYF	LQSINFVRI
CASSSPEQGYRNEQFF	LQSINFVRI
CASSLEYSRSYEQYF	LQSINFVRI
CSVEDGGGLVEAFF	LQSINFVRI
CASSSPPGNLYEQYF	LQSINFVRI
CASSQEGALSTEAFF	LQSINFVRI
CASSRGEQFF	LQSINFVRI
CASNRGLYNEQFF	LQSINFVRI
CASSGGEGEQFF	LQSINFVRI
CASSFGSSPLNEQFF	LQSINFVRI
CATSRGLAGVVYEQYF	LQSINFVRI
CATLGKEAVSYNEQFF	LQSINFVRI
CARLSERGVVNEQFF	LQSINFVRI
CASGTSGGAQETQYF	LQSINFVRI
CASFSVSYEQYF	LQSINFVRI
CAREAGTKNIQYF	LQSINFVRI
CASSELPGTGNQPQHF	LQSINFVRI
CASSPGWYEQYF	LQSINFVRI
CASGGLRDRDFRAGVLGWTQYF	LQSINFVRI
CASSQHWNSGNTIYF	LQSINFVRI
CASSPERPSNYEQYF	LQSINFVRI
CASSPGQGRSQYF	LQSINFVRI
CASSPFGRNTEAFF	LQSINFVRI
CASSFGQGSTGELFF	LQSINFVRI
CASSATAFVAGRNEQFF	LQSINFVRI
CASTEDLSGYEQYF	LQSINFVRI
CATSDFLTNSYNEQFF	LQSINFVRI
CASTGTSSYEQYF	LQSINFVRI
CASSFGGATDTQYF	LQSINFVRI
CASSQERYERPTRGIEYNEQFF	LQSINFVRI
CASGATSYEQYF	LQSINFVRI
CASSFSAGELFF	LQSINFVRI
CASSSGQGTDTQYF	LQSINFVRI
CASSTGQGIMDTEAFF	LQSINFVRI
CASSKVGSYNEQFF	LQSINFVRI
CASSIALLVEQFF	LQSINFVRI
CASSFTGTSGSYNEQFF	LQSINFVRI
CASRLGREWGGFQETQYF	LQSINFVRI
CSAREEGDTQYF	LQSINFVRI
CASSLGAGSSAIEQPQHF	LQSINFVRI
CASSQVHSTTDEQFF	LQSINFVRI
CASSSPVRNTEAFF	LQSINFVRI
CSVPVANYGYTF	LQSINFVRI
CATQGVGQETQYF	LQSINFVRI
CASSLGQGLGQPQHF	LQSINFVRI
CASSSHPGHQSYGYTF	LQSINFVRI
CASSLELGSYNEQFF	LQSINFVRI
CASSPWTGDEQYF	LQSINFVRI
CARQILGMNGEQYF	LQSINFVRI
CSVEMGPFFGANVLTF	LQSINFVRI
CASSAQENFPYEQYF	LQSINFVRI
CASGNTEAFF	LQSINFVRI
CASARTGRNEQYF	LQSINFVRI
CASSAGQGRWNTEAFF	LQSINFVRI
CASNVVGELFF	LQSINFVRI
CASTELAGGDNEQFF	LQSINFVRI
CASSSPDGYEQYF	LQSINFVRI
CASSLLASGNHEQFF	LQSINFVRI
CSAMGQDTGELFF	LQSINFVRI
CASSPHNYEQYF	LQSINFVRI
CASSFGLAGGSYTGELFF	LQSINFVRI
CASSLFRGAGDGYTF	LQSINFVRI
CSVEVAGVQAFF	LQSINFVRI
CASSPGGNEQFF	LQSINFVRI
CSVVEGGNEQFF	LQSINFVRI
CASSLNAENTEAFF	LQSINFVRI
CASSPLAASYNEQFF	LQSINFVRI
CASSQGRGEVGLQSQETQYF	LQSINFVRI
CASSLVGDSYEQYF	LQSINFVRI
CASSSLSNQPQHF	LQSINFVRI
CASSWGASNEQFF	LQSINFVRI
CASSSTRYEQYF	LQSINFVRI
CASSTMEGQAPRYEQYF	LQSINFVRI
CASRPGGRTDTQYF	LQSINFVRI
CATSPGASNTGELFF	LQSINFVRI
CASSGGQGTDTQYF	LQSINFVRI
CSAGTENTGELFF	LQSINFVRI
CASTPSGLWLAGDHEQFF	LQSINFVRI
CASSLPTSGGSQETQYF	LQSINFVRI
CASSRGTGSEQYF	LQSINFVRI
CASSFSGSMIGQYF	LQSINFVRI
CSVAGPEFASSYNEQFF	LQSINFVRI
CASLAGTSAWETQYF	LQSINFVRI
CASSPSPTSGNEQFF	LQSINFVRI
CASSEELDRTDYEQYF	LQSINFVRI
CASSFTSAFSYNEQFF	LQSINFVRI
CASSFPSGYNEQFF	LQSINFVRI
CASSLGGYNEQFF	LQSINFVRI
CASSSGHPEAFF	LQSINFVRI
CASSLEGNTEAFF	LQSINFVRI
CASSLREEQGISGNTIYF	LQSINFVRI
CASSELGGGPQTQYF	LQSINFVRI
CASSADPTRDRETYEQYF	LQSINFVRI
CASSLDLGTGNTIYF	LQSINFVRI
CASYSSSYEQYF	LQSINFVRI
CASSSDSGYTEAFF	LQSINFVRI
CASSFEVAYEQYF	LQSINFVRI
CASSLSYPIHPGQGDQEQFF	LQSINFVRI
CASSLAGTGSPLHF	LQSINFVRI
CASSYTSTDTQYF	LQSINFVRI
CASSSISGTDSYNEQFF	LQSINFVRI
CASSLWASYEQYF	LQSINFVRI
CASSMGGAFTDTQYF	LQSINFVRI
CASSLGASGTYNEQFF	LQSINFVRI
CASSPGEVNNQPQHF	LQSINFVRI
CASSLRDEQYF	LQSINFVRI
CASSLTQGPEAFF	LQSINFVRI
CASSLPSGYEQYF	LQSINFVRI
CASSEYSADTQYF	LQSINFVRI
CASSFSANYGYTF	LQSINFVRI
CAPRPQGAGAPHGEQFF	LQSINFVRI
CASSLDPSRPTYEQYF	LQSINFVRI
CASSASTSGLHYEQYF	LQSINFVRI
CASSDTGELFF	LQSINFVRI
CASTNPPAESSYNSPLHF	LQSINFVRI
CASSLSGSSGETQYF	LQSINFVRI
CASSDTGTVNTGELFF	LQSINFVRI
CASSPGQTYEQYF	LQSINFVRI
CASSLTSVGGPSETQYF	LQSINFVRI
CASSQAWMNTGELFF	LQSINFVRI
CASSGTGREQYF	LQSINFVRI
CASSQERVNEQFF	LQSINFVRI
CASSSPAGFTDTQYF	LQSINFVRI
CASSTLEGGELFF	LQSINFVRI
CASSELAGGIDTQYF	LQSINFVRI
CATSRDRREQETQYF	LQSINFVRI
CASSPPPDRGEGGELFF	LQSINFVRI
CASSEYRAETQYF	LQSINFVRI
CASSPTGHQPQHF	LQSINFVRI
CASSPHHEQFF	LQSINFVRI
CASTNSNQPQHF	LQSINFVRI
CASSVPTQDSSYNSPLHF	LQSINFVRI
CASSHGDSRIYTEAFF	LQSINFVRI
CASSIRRENTEAFF	LQSINFVRI
CSVDTGELFF	LQSINFVRI
CASVAAGELFF	LQSINFVRI
CATEWSGGSTGELFF	LQSINFVRI
CASSLQGASLEKLFF	LQSINFVRI
CASSDRYSGNTIYF	LQSINFVRI
CSASPREGLVAAEQFF	LQSINFVRI
CASSDRGAYNEQFF	LQSINFVRI
CASSYSKGGGPTGANVLTF	LQSINFVRI
CASSKGWGTRGHNEQFF	LQSINFVRI
CSAKRRDNQPQHF	LQSINFVRI
CASSEISSGPEAFF	LQSINFVRI
CASSQDPGPAEEQYF	LQSINFVRI
CASSPGGDEQYF	LQSINFVRI
CASSPDPDNEQFF	LQSINFVRI
CASSQGAGGYTF	LQSINFVRI
CASNLLAGETQYF	LQSINFVRI
CATSDYREAFF	LQSINFVRI
CAGLGAWETQYF	LQSINFVRI
CASSDGQGIQPQHF	LQSINFVRI
CASSIRGFTEQYF	LQSINFVRI
CASRDGVNTEAFF	LQSINFVRI
CASSIGVNTEAFF	LQSINFVRI
CASRTGVPSNQPQHF	LQSINFVRI
CASSTEITEGYEQYF	LQSINFVRI
CASSLPDWTSGSGVTDTQYF	LQSINFVRI
CASSLRGLPTDTQYF	LQSINFVRI
CSVLRTHYNEQFF	LQSINFVRI
CASSNGTWQETQYF	LQSINFVRI
CASSPTGGSGNTIYF	LQSINFVRI
CASSQANYEQYF	LQSINFVRI
CASSEPRTEMNTGELFF	LQSINFVRI
CASSISGIGAESSYNEQFF	LQSINFVRI
CASSLQVGTGGRQPQHF	LQSINFVRI
CASSLAGTGMLF	LQSINFVRI
CASSAGGNEQFF	LQSINFVRI
CASSFMTAYPYNEQFF	LQSINFVRI
CASSVQSGTGGSQPQHF	LQSINFVRI
CSARDRTLRYEQYF	LQSINFVRI
CASSQMGALNTEAFF	LQSINFVRI
CASSADYRELFF	LQSINFVRI
CAELAGDYNEQFF	LQSINFVRI
CASSRGSPYNEQFF	LQSINFVRI
CASSQSPMSGGFYEQYF	LQSINFVRI
CASSPDGTTGYEQYF	LQSINFVRI
CASSQEGALNTEAFF	LQSINFVRI
TVQETQYF	LQSINFVRI
CASSVGDSYNSPLHF	LQSINFVRI
CASSTAGTNEKLFF	LQSINFVRI
CSARGPSGYEQYF	LQSINFVRI
CASSIDTPYEQYF	LQSINFVRI
CASSFFAAGLAGELFF	LQSINFVRI
CSVEWQGAGTEAFF	LQSINFVRI
CSVEGQGVDGYTF	LQSINFVRI
CSVVWGEGNTEAFF	LQSINFVRI
CASSLGDTQYF	LQSINFVRI
CASSLSGVSTEAFF	LQSINFVRI
CATSDLPTGQVETQYF	LQSINFVRI
CATSSNGNGEQFF	LQSINFVRI
CASSLLTGPSYEQYF	LQSINFVRI
CSVVGTSGSNEQFF	LQSINFVRI
CASSNPTSQSSYNSPLHF	LQSINFVRI
CASSENTGLAAEAFF	LQSINFVRI
CASSQTTGQSSYNSPLHF	LQSINFVRI
CASSSFGRERTEAFF	LQSINFVRI
CASSGYPSNYGYTF	LQSINFVRI
CATSDPRTEPLNEHQPQHF	LQSINFVRI
CASSYSGTGVPNYGYTF	LQSINFVRI
CASSPLAGSSYNEQFF	LQSINFVRI
CASTQLAGGLNEQFF	LQSINFVRI
CASSSPKRPTGLYEQYF	LQSINFVRI
CASSYGDSYEQFF	LQSINFVRI
CASSLGLNNQPQHF	LQSINFVRI
CSVGSGTVEQYF	LQSINFVRI
CASSTGQGTDTQYF	LQSINFVRI
CATSEGLAGVDEQFF	LQSINFVRI
CASSPPGGSYNEQFF	LQSINFVRI
CASSIGGFEQFF	LQSINFVRI
CSAARGVEQYF	LQSINFVRI
CSAGGTSGSLSANEQFF	LQSINFVRI
CASSFPSSGGAEDTQYF	LQSINFVRI
CASSLGLAGGYEQFF	LQSINFVRI
CASSLTDLWPQHF	LQSINFVRI
CASSFIETGGLDEQFF	LQSINFVRI
CASSHYRGSYNEQFF	LQSINFVRI
CASSPIPGTTNYEQYF	LQSINFVRI
CSVDTLGRDYGYTF	LQSINFVRI
CASSGQDTGELFF	LQSINFVRI
CASSGPTSGGYDNEQFF	LQSINFVRI
CASSESEESMNTEAFF	LQSINFVRI
CASSPPSGNGWELFF	LQSINFVRI
CASSYYGGSSYNEQFF	LQSINFVRI
CASSYSRGDEQFF	LQSINFVRI
CASSLQQGLTEAFF	LQSINFVRI
CASSQDGDTEAFF	LQSINFVRI
CASSSGTSGYEQYF	LQSINFVRI
CSVDPSGASSEQYF	LQSINFVRI
CSVEVGAEAFF	LQSINFVRI
CASSSIEGDNEQFF	LQSINFVRI
CSVDTGGQRGTEAFF	LQSINFVRI
CASSPGSSYEQYF	LQSINFVRI
CASSQQGALGTEAFF	LQSINFVRI
CSAPVGGSTYEQYF	LQSINFVRI
CASSQNPGDAGELFF	LQSINFVRI
CASSPGQGATEAFF	LQSINFVRI
CSAIRDRTGPYNEQFF	LQSINFVRI
CASSLEMGGNEQFF	LQSINFVRI
CASSWEGAGTEAFF	LQSINFVRI
CASSLLDTTYEQYF	LQSINFVRI
CSARDPESATNEKLFF	LQSINFVRI
CASSTGQWNIQYF	LQSINFVRI
CASSPGGDEQFF	LQSINFVRI
CSVDFSGSTGELFF	LQSINFVRI
CASFSASYEQYF	LQSINFVRI
CSVGSYPEFF	LQSINFVRI
CASTNRVDNTEAFF	LQSINFVRI
CASSLRWAEDLFNYGYTF	LQSINFVRI
CSVVDVWEAFF	LQSINFVRI
CASSHGTGGRETQYF	LQSINFVRI
CSARDGGDTGELFF	LQSINFVRI
CASSLVALFDEQYF	LQSINFVRI
CASSPEGNTGELFF	LQSINFVRI
CASSPGLAGASSTDTQYF	LQSINFVRI
CASSHPSTGSEAFF	LQSINFVRI
CASSLLLAGEIYEQYF	LQSINFVRI
CASLRQTYEQYF	LQSINFVRI
CATRGGEGTEAFF	LQSINFVRI
CASRTGTAFSPRGEETQYF	LQSINFVRI
CSVRGGETDMNTEAFF	LQSINFVRI
CASSYQGPTGELFF	LQSINFVRI
CASSLGGTGNTIYF	LQSINFVRI
CSVDGRRGYTEAFF	LQSINFVRI
CASSLGGGRGHEKLFF	LQSINFVRI
CASSLYSGGGGELFF	LQSINFVRI
CASSPSGTQYF	LQSINFVRI
CASSPRDRVNEQFF	LQSINFVRI
CASRGHPNYGYTF	LQSINFVRI
CASSQDRGGLAEETQYF	LQSINFVRI
CASSSLAGGGDEQFF	LQSINFVRI
CAWKTSGGVETQYF	LQSINFVRI
CASSLGLAGVNEQFF	LQSINFVRI
CATSRDRRELETQYF	LQSINFVRI
CASSQIAGGPYEQYF	LQSINFVRI
CASGQGASYNEQFF	LQSINFVRI
CASSHEGLTEAFF	LQSINFVRI
CASSLGTVNEQFF	LQSINFVRI
RASRGAGVPDTQYF	LQSINFVRI
CASSFVGGEKLFF	LQSINFVRI
CASSLSSGYEKLFF	LQSINFVRI
CASGTRLASYEQYF	LQSINFVRI
CASSLVEGLGAYEQYF	LQSINFVRI
CASSLLGQVPGEQYF	LQSINFVRI
CASSFASPPYEQYF	LQSINFVRI
CASSPGLNTEAFF	LQSINFVRI
CASGPGQKYEQYF	LQSINFVRI
CASSGITDTQYF	LQSINFVRI
CASSLVGGGSEAFF	LQSINFVRI
CATLLWQSGANVLTF	LQSINFVRI
CASSLSGGSGVEQYF	LQSINFVRI
CASRDWLNEQFF	LQSINFVRI
CASGSGTQYF	LQSINFVRI
CASSQAGRKDYEQYF	LQSINFVRI
CASSLIQGNTGELFF	LQSINFVRI
CASSRQGSTGELFF	LQSINFVRI
CASSLVHTDTQYF	LQSINFVRI
CASRSIGQGANYGYTF	LQSINFVRI
CSADQGAGNIQYF	LQSINFVRI
CASSLQETQYF	LQSINFVRI
CASRTGASYEQYF	LQSINFVRI
CASSLVRATQETQYF	LQSINFVRI
CASSPQPGTGGFYEQYF	LQSINFVRI
CASSYSGWETQYF	LQSINFVRI
CASSQPEDRSSTGELFF	LQSINFVRI
CASSDSGASGETQYF	LQSINFVRI
CASTGGPVASTDTQYF	LQSINFVRI
CASSKPAGGFHEQYF	LQSINFVRI
CASSLSGRRNEQFF	LQSINFVRI
CASSLAGGPDTQYF	LQSINFVRI
CASSYAGEEYEQYF	LQSINFVRI
CASSQSGREAFF	LQSINFVRI
CASSLAGAEGQFF	LQSINFVRI
CASSQGVATDTDTQYF	LQSINFVRI
CASSLPRLAGDSVDEQFF	LQSINFVRI
CASSLGPSGTEAFF	LQSINFVRI
CASSYGGQGGNEQFF	LQSINFVRI
CASSSKHPGLQAGLVFPDTQYF	LQSINFVRI
CAGKTNQETQYF	LQSINFVRI
CASMQGLVTEAFF	LQSINFVRI
CASSSGTEYQETQYF	LQSINFVRI
CASSFYGIYTEAFF	LQSINFVRI
CAISESSGGGRGTGELFF	LQSINFVRI
CATSRDRRRGEKLFF	LQSINFVRI
CASSIAGGQQTQYF	LQSINFVRI
CASSYGNSYEQYF	LQSINFVRI
CASSLTDGVTDTQYF	LQSINFVRI
CATSDFGAGTPDTGELFF	LQSINFVRI
CARNGPEGNTIYF	LQSINFVRI
CASSQWEDTSYGYTF	LQSINFVRI
CSVDFEGSGTEAFF	LQSINFVRI
CASSVGSYEQYF	LQSINFVRI
CARDTSGSYEQYF	LQSINFVRI
CASSLVDTGELFF	LQSINFVRI
CASSFVLGDEQYF	LQSINFVRI
CASSLVQGTDSYNEQFF	LQSINFVRI
CATPGLAGPVGTGELFF	LQSINFVRI
CASSFAVANYEQYF	LQSINFVRI
CASSIDYSSNQPQHF	LQSINFVRI
CASGPGDNQPQHF	LQSINFVRI
CATSDPMDQITGELFF	LQSINFVRI
CASSQESSGYEQYF	LQSINFVRI
CATFSSSYEQYF	LQSINFVRI
CASSPFMKGEANEKLFF	LQSINFVRI
CASSLLVNTEAFF	LQSINFVRI
CASSFNQGAPLGTGELFF	LQSINFVRI
CASSLVNSDTQYF	LQSINFVRI
CARRQGTSQETQYF	LQSINFVRI
CASSLGGLAGGASYNEQFF	LQSINFVRI
CSVGGQEANYGYTF	LQSINFVRI
CASSLDLWTWNTEAFF	LQSINFVRI
CSVHSGGLGTEAFF	LQSINFVRI
CASSLVPSGPYEQYF	LQSINFVRI
CASSLGGENYEQYF	LQSINFVRI
CASSMIRLAGGSSYNEQFF	LQSINFVRI
CASTQRWGPDTQYF	LQSINFVRI
CASSQGFANEQFF	LQSINFVRI
CSVGGTGAYEQYF	LQSINFVRI
CSAPKGGATSYEQYF	LQSINFVRI
CASSLVVPVNNEQFF	LQSINFVRI
CASSQETGGPYNEQFF	LQSINFVRI
CASSPDTVTYGYTF	LQSINFVRI
CASSYGAGDEQYF	LQSINFVRI
CASSSSVDGYMNEQFF	LQSINFVRI
CASFSSSYEQYF	LQSINFVRI
CASSPSGETEYNEQFF	LQSINFVRI
CASSQDPGSTDIQYF	LQSINFVRI
CASSELLAGDTETQYF	LQSINFVRI
CATLYSNQPQHF	LQSINFVRI
CASSLVSGATEAFF	LQSINFVRI
CAISEMGGLAVHF	LQSINFVRI
CASSLPLAGISYEQYF	LQSINFVRI
