CDR3	AA
CASSLDQPQHF	WLLWPVTLA
CASSLGLVSYEQYF	WLLWPVTLA
CASSEISSYNEQFF	WLLWPVTLA
CASSILAYNEQFF	WLLWPVTLA
CASSQELTSPILEQYF	WLLWPVTLA
CASSATGDTEAFF	WLLWPVTLA
CASSLVLTGGNYGYTF	WLLWPVTLA
CASSLAGGYTDTQYF	WLLWPVTLA
CASTGVGYNEQFF	WLLWPVTLA
CATSDLSAGEGTDTQYF	WLLWPVTLA
CASSVAQGDHTIYF	WLLWPVTLA
CASSLLLAGGVHEQYF	WLLWPVTLA
CASSQDRRQLNQPQHF	WLLWPVTLA
CASSQDSYEQYF	WLLWPVTLA
CASSPTGGTYEQYF	WLLWPVTLA
CASSWTGAEQYF	WLLWPVTLA
CSAEGGLAGVGDNEQFF	WLLWPVTLA
CATPPGQGNQPQHF	WLLWPVTLA
CASSYGPYNSPLHF	WLLWPVTLA
CAWNGDTQYF	WLLWPVTLA
CASSYSGANYEQYF	WLLWPVTLA
CATSDLTADPPTSTDTQYF	WLLWPVTLA
CASSQDFAQGITEAFF	WLLWPVTLA
CASTPGGQPQHF	WLLWPVTLA
CASSLSNGLAVEQYF	WLLWPVTLA
CASSQGPSGSTDTQYF	WLLWPVTLA
CASSPSGAGEQFF	WLLWPVTLA
CSASGDNEQFF	WLLWPVTLA
CASSFSGLIGYTF	WLLWPVTLA
CASSSPSGGNTDTQYF	WLLWPVTLA
CASSLGVTGGLETQYF	WLLWPVTLA
CASRELAGGYNEQFF	WLLWPVTLA
CASSMAPNTEAFF	WLLWPVTLA
CASSRLAGGTDTQYF	WLLWPVTLA
CASTIDRGETQYF	WLLWPVTLA
CASSLAVGTGSYEQYF	WLLWPVTLA
CASSPLGQPQHF	WLLWPVTLA
CASRGTLRVLLSFFGELFF	WLLWPVTLA
CATSDWGDSHTDTQYF	WLLWPVTLA
CASSLVAGDEKLFF	WLLWPVTLA
CASRLGLAGGGVALETQYF	WLLWPVTLA
CASSQAGDGYTF	WLLWPVTLA
CASSFVNVGGTYEQYF	WLLWPVTLA
CASSSHPRQGPGELFF	WLLWPVTLA
CASSLEAGSSYNEQFF	WLLWPVTLA
CASSKDQRGYTF	WLLWPVTLA
CASSEAAGYEQYF	WLLWPVTLA
CASSGTSGSSEQYF	WLLWPVTLA
CASSFRGAGNTIYF	WLLWPVTLA
CASSQVLDYEQYF	WLLWPVTLA
CASSFGVLGVSRGGSADTQYF	WLLWPVTLA
CASSSKGTGLYEQYF	WLLWPVTLA
CASSHPGTGYEQYF	WLLWPVTLA
CATSDLAGVPNNEQFF	WLLWPVTLA
CASLPQGPYGYTF	WLLWPVTLA
CASSLDQTQYF	WLLWPVTLA
CASSLGREQFF	WLLWPVTLA
CASSQYDGSFNF	WLLWPVTLA
CASSISDMGHYGYTF	WLLWPVTLA
CAISESGGVETQYF	WLLWPVTLA
CSVVTWEPDTQYF	WLLWPVTLA
CASKWGTSDYEQYF	WLLWPVTLA
CASSWFLGTNEKLFF	WLLWPVTLA
CASKRGTGSSYNSPLHF	WLLWPVTLA
CASSQGGGVYEQYF	WLLWPVTLA
CASSQDTPDTQYF	WLLWPVTLA
CSARQGSYEQYF	WLLWPVTLA
CASSPHNEQFF	WLLWPVTLA
CASSQERWIAYEQYF	WLLWPVTLA
CASQGLAGVEQFF	WLLWPVTLA
CASSQGGGRSHEQFF	WLLWPVTLA
CASSYRDRAYEQYF	WLLWPVTLA
CASSLVNEQFF	WLLWPVTLA
CASSSRLAGGRVADTQYF	WLLWPVTLA
CASSYSLAGEGEQYF	WLLWPVTLA
CASSLSGKNEQYF	WLLWPVTLA
RASSLADRSYEQYF	WLLWPVTLA
CASSSVAGQAPDTQYF	WLLWPVTLA
CSAPGLAGASNEQFF	WLLWPVTLA
CASSPGGARVEAFF	WLLWPVTLA
CASSPRGGANTEAFF	WLLWPVTLA
CASSSTAGANVLTF	WLLWPVTLA
CASSPQGNGYTF	WLLWPVTLA
CASSLTNPGTEHSYEQYF	WLLWPVTLA
CASSVGGTGLGEQYF	WLLWPVTLA
CATSDFERTDTQYF	WLLWPVTLA
CASSEIPGSSSYEQYF	WLLWPVTLA
CATAGWVAGGDEQYF	WLLWPVTLA
CASSVDRGSLNEQFF	WLLWPVTLA
CAISDGGFDNEKLFF	WLLWPVTLA
CSVVAGDYEQYF	WLLWPVTLA
CASSPTHPNEQFF	WLLWPVTLA
CASILQGSQPQHF	WLLWPVTLA
CASSLPSRKDANTGELFF	WLLWPVTLA
CAISAPDRPNEQFF	WLLWPVTLA
CASSYSPAPNYEQYF	WLLWPVTLA
CAILWDRGYETQYF	WLLWPVTLA
CSARIRDSQETQYF	WLLWPVTLA
CASSPNNEQFF	WLLWPVTLA
CASSQPGDGYEQYF	WLLWPVTLA
CASSLGAGVGDTQYF	WLLWPVTLA
CSARDPNENLNEKLFF	WLLWPVTLA
CASSLLLAGGIHEQYF	WLLWPVTLA
CASSPLTGTEGQYF	WLLWPVTLA
CASSLDHWTSGPSYEQYF	WLLWPVTLA
CASSRSEARTDTQYF	WLLWPVTLA
CASGQFGEQFF	WLLWPVTLA
CASSFVNEQFF	WLLWPVTLA
CASTPQGQPFSF	WLLWPVTLA
CASSEASFYEQYF	WLLWPVTLA
CASSVTNEQFF	WLLWPVTLA
CASSHRGSGNTIYF	WLLWPVTLA
CASSTAGNEQFF	WLLWPVTLA
CASSFVGGLYEQYF	WLLWPVTLA
CASSFGTTSWGANEKLFF	WLLWPVTLA
CASSPWGGLSEQYF	WLLWPVTLA
CASSEAVAGVGEQYF	WLLWPVTLA
CATSDFGQSQETQYF	WLLWPVTLA
CASSFHYTDTQYF	WLLWPVTLA
CASRGGVLSYEQYF	WLLWPVTLA
CASSLDTGWGYEQYF	WLLWPVTLA
CASLDDYGYTF	WLLWPVTLA
CASSYIFYEQYF	WLLWPVTLA
CASIGRSAEAFF	WLLWPVTLA
CASSHPGTSAYNEQFF	WLLWPVTLA
CASSLGLAGTYEQYF	WLLWPVTLA
CATSDLRGGTSTDTQYF	WLLWPVTLA
CASSGGTQGLLYNEQFF	WLLWPVTLA
CASSLTNEQFF	WLLWPVTLA
CASSLAGGLYNEQFF	WLLWPVTLA
CASWRDGHEQYF	WLLWPVTLA
CASSLGRAQPQHF	WLLWPVTLA
CASSSPRQGLTETQYF	WLLWPVTLA
CASSEGGPSYEQYF	WLLWPVTLA
CASSRLAGEENEQFF	WLLWPVTLA
CSARDLGLAGETQYF	WLLWPVTLA
CASSPNNEQFF	WLLWPVTLA
CASGTTGELFF	WLLWPVTLA
CASTADNEQFF	WLLWPVTLA
CASVRTGGPEQYF	WLLWPVTLA
CASSEFGGGYTF	WLLWPVTLA
CASSPGTGYEQYF	WLLWPVTLA
CASSYGGGGQETQYF	WLLWPVTLA
CATSDFSGNNEQFF	WLLWPVTLA
CASSGTNEQFF	WLLWPVTLA
CGTGSRAEQFF	WLLWPVTLA
CASSFWTDGYTF	WLLWPVTLA
CASSLAPGYEQYF	WLLWPVTLA
CASIRGDRLSNQPQHF	WLLWPVTLA
CASSYPPGLASAEQFF	WLLWPVTLA
CASSVVGLTDTQYF	WLLWPVTLA
CASSLDPSISRREGTDTQYF	WLLWPVTLA
CAVADRGSWEQYF	WLLWPVTLA
CASSFAPGELFF	WLLWPVTLA
CASSQQPSGGGSSYEQYF	WLLWPVTLA
CASSYSGQGYEQYF	WLLWPVTLA
CASSLPQDTQYF	WLLWPVTLA
CASSYSWTGDQPQHF	WLLWPVTLA
CASSPSQEQYF	WLLWPVTLA
CASSGGDRESTDTQYF	WLLWPVTLA
CASSFGRTGTETQYF	WLLWPVTLA
CASTGVGTYNEQFF	WLLWPVTLA
CASSQGLALSDTQYF	WLLWPVTLA
CSATTSNEQFF	WLLWPVTLA
CASSASSEQYF	WLLWPVTLA
CASSQYPGRDQPQHF	WLLWPVTLA
CASSPSGRIEAFF	WLLWPVTLA
CASRRQGVFYEQYF	WLLWPVTLA
CASSQVAGGETQYF	WLLWPVTLA
CATEALQETQYF	WLLWPVTLA
CASSSTGNTEAFF	WLLWPVTLA
CASSLWGTEAFF	WLLWPVTLA
CATSRDYQGQVYGYTF	WLLWPVTLA
CASSQYGDIQYF	WLLWPVTLA
CASSLLLAGGPETQYF	WLLWPVTLA
CASSSQQGAKNIQYF	WLLWPVTLA
CASSPNNEQFF	WLLWPVTLA
CASSDRDSNQPQHF	WLLWPVTLA
CASSVEVSSSYEQYF	WLLWPVTLA
CASSRRGSGNTIYF	WLLWPVTLA
CASSEIGQENYGYTF	WLLWPVTLA
CASSLAPRGDEKLFF	WLLWPVTLA
CASSPEVGQHNSPLHF	WLLWPVTLA
CASSSGPEQYF	WLLWPVTLA
CSAVPQPGQPQHF	WLLWPVTLA
CASSQGQGAKKDTEAFF	WLLWPVTLA
CASSPRDEQYF	WLLWPVTLA
CASSFLPNPRSSYEQYF	WLLWPVTLA
CASSLLGAGNTIYF	WLLWPVTLA
CASIWVNTEAFF	WLLWPVTLA
CASSSFRTGVDYGYTF	WLLWPVTLA
CASSPDLGYQETQYF	WLLWPVTLA
CASSDPTRPDTQYF	WLLWPVTLA
CASKGRGGSTEAFF	WLLWPVTLA
CASNRQGYEQYF	WLLWPVTLA
CASSFEPSNYGYTF	WLLWPVTLA
CASIFSRDTQYF	WLLWPVTLA
CASSYSLGSGEQFF	WLLWPVTLA
CATSDLETGTSTDTQYF	WLLWPVTLA
CASSLDLSNEQFF	WLLWPVTLA
CASSQVFSGDFITGELFF	WLLWPVTLA
CASSLSLYQGTGELFF	WLLWPVTLA
CATDRQGGGYTF	WLLWPVTLA
CASSMGGIRTEAFF	WLLWPVTLA
CASSQGGGEAFF	WLLWPVTLA
CASSWDRDAMLGGNTIYF	WLLWPVTLA
CASNPLPDRGYEQYF	WLLWPVTLA
CASSLLGQGTEAFF	WLLWPVTLA
CASSSPGANVLTF	WLLWPVTLA
CASTPRWGYNEQFF	WLLWPVTLA
CASSQLDRDEQFF	WLLWPVTLA
CASSERAISYNEQFF	WLLWPVTLA
CASSLAGGINGELFF	WLLWPVTLA
CASSLSGELFF	WLLWPVTLA
CASSLVASGIGSYEQYF	WLLWPVTLA
CASSESNEQYF	WLLWPVTLA
CASSQEGGGNTEAFF	WLLWPVTLA
CASSLIVPWGTGELFF	WLLWPVTLA
CASSLDSDGYTF	WLLWPVTLA
CASSQDLGNQPQHF	WLLWPVTLA
CASSGAPGELFF	WLLWPVTLA
CASSSIKQGAVDTQYF	WLLWPVTLA
CASRARLAGPGDTQYF	WLLWPVTLA
CASSMTGGFTEAFF	WLLWPVTLA
CASSDQAGNNEQFF	WLLWPVTLA
CATSMGGHEQFF	WLLWPVTLA
CASSVGAGDGYTF	WLLWPVTLA
CASSFTGEYGYTF	WLLWPVTLA
CASSFLDWSNTEAFF	WLLWPVTLA
CASSYSVSGEGWNTEAFF	WLLWPVTLA
CASSEWGQSYEQYF	WLLWPVTLA
CASSYSIGDWGLGNTIYF	WLLWPVTLA
CASSQIQGTEAFF	WLLWPVTLA
CASSLSIGLYEQYF	WLLWPVTLA
CASSHGAYYGYTF	WLLWPVTLA
CASSLAQLAGNYNEQFF	WLLWPVTLA
CASSPGPYNEQFF	WLLWPVTLA
CASSRDRAQETQYF	WLLWPVTLA
CSVGGNTGGNGYTF	WLLWPVTLA
CATSDPPGWGQGAAYSNQPQHF	WLLWPVTLA
CASSSPGTGSQYF	WLLWPVTLA
CASSLWDRSFQETQYF	WLLWPVTLA
CSARDTGTAYEQYF	WLLWPVTLA
CASSDLYEQYF	WLLWPVTLA
CASSQEVWHEQYF	WLLWPVTLA
CASSQESGYGYTF	WLLWPVTLA
CASTPGLAESQSYNEQFF	WLLWPVTLA
CAISTGFGDTEAFF	WLLWPVTLA
CASSSLPGSPNEQFF	WLLWPVTLA
CASTRNNEQFF	WLLWPVTLA
CASIQRTGELFF	WLLWPVTLA
CASSSSGGSTDTQYF	WLLWPVTLA
CASSHGTGAGHYGYTF	WLLWPVTLA
CASSPGLADPYNEQFF	WLLWPVTLA
CASTRDANEQFF	WLLWPVTLA
CASSLADLGREIPDTQYF	WLLWPVTLA
CASSYSLGGQDGYTF	WLLWPVTLA
CASSSTGIGGTGELFF	WLLWPVTLA
CASSYMGFPEAFF	WLLWPVTLA
CASSFSSGDTDTQYF	WLLWPVTLA
CASSQVYGVQPQHF	WLLWPVTLA
CSVGGALDYGYTF	WLLWPVTLA
CASSLGPPATF	WLLWPVTLA
CASSYLKPDTQYF	WLLWPVTLA
CAISTGTPETQYF	WLLWPVTLA
CASSLAGTLPQPQHF	WLLWPVTLA
CASSLVLIPSTDTQYF	WLLWPVTLA
CASRAGLHAYEQYF	WLLWPVTLA
CASGGQPQHF	WLLWPVTLA
CASSPPGTEAFF	WLLWPVTLA
CASSQGGNLAEAFF	WLLWPVTLA
CASSFEGPDTEAFF	WLLWPVTLA
CASSLDRLAGSYEQYF	WLLWPVTLA
CASSSSPSPEQFF	WLLWPVTLA
CASSSETGEDSPLHF	WLLWPVTLA
CASLGDAGLFGGYTF	WLLWPVTLA
CASSYPDRAPSEQYF	WLLWPVTLA
CASSPDRGRTDTQYF	WLLWPVTLA
CSVVGLAVPSSYNEQFF	WLLWPVTLA
CASSLMGYTEAFF	WLLWPVTLA
CASSLTPGRSTDTQYF	WLLWPVTLA
CSVVPVDLSSYNEQFF	WLLWPVTLA
CASSIGGGELFF	WLLWPVTLA
CASSYGREEAFF	WLLWPVTLA
CASSLLGNTEAFF	WLLWPVTLA
CRALNEQFF	WLLWPVTLA
CSARDYMTENTEAFF	WLLWPVTLA
CATSDLSGGERTDTQYF	WLLWPVTLA
CASSSITSSTDTQYF	WLLWPVTLA
CASSYSMPLFPHEQYF	WLLWPVTLA
CASSQTIATNEKLFF	WLLWPVTLA
CASSLEGLVSYEQYF	WLLWPVTLA
CAAGTGTYNEQFF	WLLWPVTLA
CASRSGANVLTF	WLLWPVTLA
CASSKDLRDSSEEAQYF	WLLWPVTLA
CSARGLRMIGYEQYF	WLLWPVTLA
CASSISGRARYNEQFF	WLLWPVTLA
CASSRQGLSYEQYF	WLLWPVTLA
CASSFDYGYTF	WLLWPVTLA
CARSPKEQYF	WLLWPVTLA
CASSPRTTPAPQHF	WLLWPVTLA
CATSDLAEHTDTQYF	WLLWPVTLA
CASTLAGSPLHF	WLLWPVTLA
CASRGGTGYDYTF	WLLWPVTLA
CASSLFQGGAETQYF	WLLWPVTLA
CASSQVQGAGELFF	WLLWPVTLA
CASSETGSYEQYF	WLLWPVTLA
CASSLFGGGRNQPQHF	WLLWPVTLA
CASQGAVTEAFF	WLLWPVTLA
CASSQGPAYEQYF	WLLWPVTLA
CATSDLRGTDGTDTQYF	WLLWPVTLA
CASSLEAGYNEQFF	WLLWPVTLA
CASSLAGGYEQYF	WLLWPVTLA
CASSYHSGEQYF	WLLWPVTLA
CASSFRLAGGPGSYEQYF	WLLWPVTLA
CASSFGDTQYF	WLLWPVTLA
CASSLIGVVEQFF	WLLWPVTLA
CASSVAGITDTQYF	WLLWPVTLA
CASSFGSTGNGYTF	WLLWPVTLA
CASSRQGEKLFF	WLLWPVTLA
CASSERLAGVSYEQYF	WLLWPVTLA
CASSPAGLYGYTF	WLLWPVTLA
CASSLLAGGEQYF	WLLWPVTLA
CASSLSRDRGGYEQYF	WLLWPVTLA
CASSLTNEQFF	WLLWPVTLA
CASSQPKQGRDTEAFF	WLLWPVTLA
CASSRLLPQGTDTEAFF	WLLWPVTLA
CASSYGGDQPQHF	WLLWPVTLA
CASSLAGREEFGYTF	WLLWPVTLA
CARNRGHEQYF	WLLWPVTLA
CSARKTDPAGANVLTF	WLLWPVTLA
CASSQQVAGAVTGELFF	WLLWPVTLA
CATTTGVGELFF	WLLWPVTLA
CASSTQGVSEQYF	WLLWPVTLA
CASNPGHLNTEAFF	WLLWPVTLA
CASSLYRSSYNEQFF	WLLWPVTLA
CASSLPLGGF	WLLWPVTLA
CSVSDSGASEVETQYF	WLLWPVTLA
CASSYRGRPNNEQFF	WLLWPVTLA
CAISEWTDTQYF	WLLWPVTLA
CASSPNYENTEAFF	WLLWPVTLA
CASSQVEGGTEAFF	WLLWPVTLA
CASSVALGYEQYF	WLLWPVTLA
CASSSTGPETQYF	WLLWPVTLA
CASSDPGQGLPDTQYF	WLLWPVTLA
CASSPTPADTEAFF	WLLWPVTLA
CASSSYGTHNEQFF	WLLWPVTLA
CASSLEFPSSGRAETQYF	WLLWPVTLA
CASSPWMNTEAFF	WLLWPVTLA
CASSPSPLQALNTEAFF	WLLWPVTLA
CASSLSLAGGHNEQFF	WLLWPVTLA
CATSDLRQGISTDTQYF	WLLWPVTLA
CATSDLAPRSSAGTDTQYF	WLLWPVTLA
CASSLGETQYF	WLLWPVTLA
CASSFVTGVVETQYF	WLLWPVTLA
CASSPRVSGNTEAFF	WLLWPVTLA
CASMGPSYEQYF	WLLWPVTLA
CASSASEYEQYF	WLLWPVTLA
CASSHGSYEQYF	WLLWPVTLA
CASSPFGGIQFF	WLLWPVTLA
CASSFSITDSNAYNEQFF	WLLWPVTLA
CASSADWGQETQYF	WLLWPVTLA
CASSHPESYEQYF	WLLWPVTLA
CASSQDDRGLGYTF	WLLWPVTLA
CASSLFVGSDKNNEQFF	WLLWPVTLA
CSARGQGARSYEQYV	WLLWPVTLA
CASSLSGTALASEKLFF	WLLWPVTLA
CASSLNNEQFF	WLLWPVTLA
CASSFLTPLGDEQFF	WLLWPVTLA
CAIRDPSGHEQYF	WLLWPVTLA
CAISTDSGNTIYF	WLLWPVTLA
CASSSFQTSGGPNLEQYF	WLLWPVTLA
CASTMEGNTEAFF	WLLWPVTLA
CASSLVDQAGAQGSSYEQYF	WLLWPVTLA
CASSSIGQGLETQYF	WLLWPVTLA
CASSYIPGQYTGELFF	WLLWPVTLA
CAWTPRGGWVAFF	WLLWPVTLA
CAWSRLAAQETQYF	WLLWPVTLA
CASSQASNPDTQYF	WLLWPVTLA
CASSSWGETQYF	WLLWPVTLA
CATHRLRNTGELFF	WLLWPVTLA
CASGANVLTF	WLLWPVTLA
CASSLPPSQITGNTIYF	WLLWPVTLA
CASAGYGQPSYSNQPQHF	WLLWPVTLA
CASSQGGGIDTEAFF	WLLWPVTLA
CSVEGGQGAGANVLTF	WLLWPVTLA
CASSEARRTGTGLNEKLFF	WLLWPVTLA
CASSSIGRGQGEKLFF	WLLWPVTLA
CASAGASGGEQFF	WLLWPVTLA
CASSVEGFGADTQYF	WLLWPVTLA
CSVESSWTGNYGYTF	WLLWPVTLA
CASSPRTPTSYEQYF	WLLWPVTLA
CASSPPFSGLGFEQFF	WLLWPVTLA
CASSFGMPGVPGELFF	WLLWPVTLA
CASSRGGPEAFF	WLLWPVTLA
CASSWGGRAGGEQFF	WLLWPVTLA
CASSPPGQPQHF	WLLWPVTLA
CASSPPGQGNQPQHF	WLLWPVTLA
CASSLGAGVFQETQYF	WLLWPVTLA
CASSSPRTGDNSPLHF	WLLWPVTLA
CASSPGTGAGELFF	WLLWPVTLA
CSSNQPQHF	WLLWPVTLA
CASSLSSLAVTDTQYF	WLLWPVTLA
CASSFVRRGRNTEAFF	WLLWPVTLA
CASTQGETQYF	WLLWPVTLA
CASSQTLDPYEQYF	WLLWPVTLA
CASSGGRTGRTEAFF	WLLWPVTLA
CASSYSLAQGSYEQYF	WLLWPVTLA
CASSQVEGSGELFF	WLLWPVTLA
CASSPRGDTNNEQFF	WLLWPVTLA
CASSYSLGTSGSGATDTQYF	WLLWPVTLA
CASSEFGLGRYGYTF	WLLWPVTLA
CASSPNQPQHF	WLLWPVTLA
CSVPLGQGAGELFF	WLLWPVTLA
CASTLGTPIYF	WLLWPVTLA
CASSLAGLNEQFF	WLLWPVTLA
CASSPDQPQHF	WLLWPVTLA
CASSQQGSEKLFF	WLLWPVTLA
CASSLLRTGETQYF	WLLWPVTLA
CASSLRLAGGSSSYEQYF	WLLWPVTLA
CSVEGTDRAGYTF	WLLWPVTLA
CASSPKTEGKNIQYF	WLLWPVTLA
CASNQGLAGSWTGELFF	WLLWPVTLA
CASSLNIAEAFF	WLLWPVTLA
CASSHHLYVYEQYF	WLLWPVTLA
CASSSTGAPRDEQFF	WLLWPVTLA
CASSQVGWNEQFF	WLLWPVTLA
CASSYSLGQGAALNSEQYF	WLLWPVTLA
CASSIGRGLAYEQYF	WLLWPVTLA
CATLKLAGYNEQYF	WLLWPVTLA
CASSVDGGGSTDTQYF	WLLWPVTLA
CASRDYGTGVNSPLHF	WLLWPVTLA
CASSTFILRTASLNTEAFF	WLLWPVTLA
CASSPAGAETQYF	WLLWPVTLA
CASSLAGFNQPQHF	WLLWPVTLA
CTSSHPVTPGYEQYF	WLLWPVTLA
CASSYSAGGNEAFF	WLLWPVTLA
CASSSQQMNTGELFF	WLLWPVTLA
CASSLQGLSGYTF	WLLWPVTLA
CASSIAPLSNQPQHF	WLLWPVTLA
CASSIELSSYEQYF	WLLWPVTLA
CASSGDNEQFF	WLLWPVTLA
CATSDLRGEEFQETQYF	WLLWPVTLA
CSARDGAGVNYEQYF	WLLWPVTLA
CASRGQGFSHEQFF	WLLWPVTLA
CSAQGGTGYNYGYTF	WLLWPVTLA
CASSYSLGSRIPYEQYF	WLLWPVTLA
CASSFQGSGNTIYF	WLLWPVTLA
CASSQDPEGSGSRNEQFF	WLLWPVTLA
CASSSLGLADLQETQYF	WLLWPVTLA
CASNSLSGELFF	WLLWPVTLA
CASSYGGANTEAFF	WLLWPVTLA
CASSEFWTGRPETQYF	WLLWPVTLA
CASSFGSEQYF	WLLWPVTLA
CSATSTYNEQFF	WLLWPVTLA
CASSLLRALGSYEQYF	WLLWPVTLA
CASRPFGGTSTDTQYF	WLLWPVTLA
CASSLERGDGNEQFF	WLLWPVTLA
CSAVGLAGVSYEQYF	WLLWPVTLA
CASSLDFSTQYF	WLLWPVTLA
CASSLLTLADNEQFF	WLLWPVTLA
CASSPIYDGTSGETQYF	WLLWPVTLA
CASTPLAYADTQYF	WLLWPVTLA
CASSGGTIEQFF	WLLWPVTLA
CASSLGPPGTQYF	WLLWPVTLA
CASSLPRTGRYEQYF	WLLWPVTLA
CASSFARGPQETQYF	WLLWPVTLA
CAWSVLRGVTDTQYF	WLLWPVTLA
CASSQVTGSYEQYF	WLLWPVTLA
CASSIGRGSGYGYTF	WLLWPVTLA
CASTRQGNEKLFF	WLLWPVTLA
CASSYWGRRNTGELFF	WLLWPVTLA
CASSPGFYPSYEQYF	WLLWPVTLA
CASSYGLGADTQYF	WLLWPVTLA
CASSSATRPDTQYF	WLLWPVTLA
CASGEWADTQYF	WLLWPVTLA
CASSSTGDTEAFF	WLLWPVTLA
CASLLGETQYF	WLLWPVTLA
CASSPSRTGNEKLFF	WLLWPVTLA
CASSLGGYTEAFF	WLLWPVTLA
CASSSYNEQFF	WLLWPVTLA
CASSLGAEGYEQYF	WLLWPVTLA
CATSDSSDPNIQYF	WLLWPVTLA
CASSEDQPQHF	WLLWPVTLA
CASSQSAIGERVLNEKLFF	WLLWPVTLA
CASSYSSTSGDEQYF	WLLWPVTLA
CASSSDLDTGELFF	WLLWPVTLA
CASSLEGSYNSPLHF	WLLWPVTLA
CSAWDFVNEQYF	WLLWPVTLA
CASSTAGNPTDTQYF	WLLWPVTLA
CASSINQPQHF	WLLWPVTLA
CASSRQWSGESSYNEQFF	WLLWPVTLA
CASSPTGNTEAFF	WLLWPVTLA
CASSPIDPDTEAFF	WLLWPVTLA
CASSADREYHGYTF	WLLWPVTLA
CASSLWGHLMNTEAFF	WLLWPVTLA
CASKSAGLYGYTF	WLLWPVTLA
CASSYSPGEQYF	WLLWPVTLA
CASSFSTGRYEQYF	WLLWPVTLA
CASSQEARGRLGQTQYF	WLLWPVTLA
CAIRLGGGTPDTQYF	WLLWPVTLA
CASSDQLAGGYNEQFF	WLLWPVTLA
CASSPDRLPNQPQHF	WLLWPVTLA
CASLALDGELFF	WLLWPVTLA
CASSPTGNIQYF	WLLWPVTLA
CASSQGPASTGANVLTF	WLLWPVTLA
CASSYRGSYEQYF	WLLWPVTLA
CASSQAPGYEQYF	WLLWPVTLA
CASSLTNYEQYF	WLLWPVTLA
CASSQALSPYEQYF	WLLWPVTLA
CASSEGTGINWDTGELFF	WLLWPVTLA
CASSQDSGGNGYTF	WLLWPVTLA
CASSSNLAGGTDTQYF	WLLWPVTLA
CASRIEFYEQFF	WLLWPVTLA
CASSSPRDNENSPLHF	WLLWPVTLA
CASSLVGGNTEAFF	WLLWPVTLA
CASSLWGRVNQPQHF	WLLWPVTLA
CASSEGGLAGQQFF	WLLWPVTLA
CASSPGTNEQFF	WLLWPVTLA
CASSQLENTEAFF	WLLWPVTLA
CASSLPGSYEQYF	WLLWPVTLA
CSVEKGQPYEQYF	WLLWPVTLA
CASSPFRGRRETQYF	WLLWPVTLA
CAVARGNEQFF	WLLWPVTLA
CASSPGLAGLNNEQFF	WLLWPVTLA
CASSTSSEQFF	WLLWPVTLA
CASSYSPPYEQYF	WLLWPVTLA
CASSHGGTAYEQYF	WLLWPVTLA
CASSQVSFSRTGEGNEQFF	WLLWPVTLA
CASSTSSEQFF	WLLWPVTLA
CASTWTSGTYNEQFF	WLLWPVTLA
CATTGPSSGNTIYF	WLLWPVTLA
CASSVGGYTEAFF	WLLWPVTLA
CASSLPSYNEQFF	WLLWPVTLA
CASSSATEAFF	WLLWPVTLA
CASSLVSGANVLTF	WLLWPVTLA
CASSIGRGGEQYF	WLLWPVTLA
CASSPGLAGGTDTQYF	WLLWPVTLA
CSARDRDTDTQYF	WLLWPVTLA
CASSQRPGQLVNQPQHF	WLLWPVTLA
CASSPNWDGSYEQYF	WLLWPVTLA
CSATSGTSGYEQYV	WLLWPVTLA
CASSIAAGWEQYF	WLLWPVTLA
CASSPTGTSGYSSYNEQFF	WLLWPVTLA
CASRDSTPVNYGYTF	WLLWPVTLA
CSARDREAYGYTF	WLLWPVTLA
CASSPKTWLAAYTGELFF	WLLWPVTLA
CAISELGVVYEQYF	WLLWPVTLA
CASSLALLAGVNEQYF	WLLWPVTLA
CASSQESSAYGETQYF	WLLWPVTLA
CASSSISGSGAGELFF	WLLWPVTLA
CASSLGTVTGELFF	WLLWPVTLA
CASSPTGAGMNTEAFF	WLLWPVTLA
CASSQDLPGGTDTQYF	WLLWPVTLA
CASSRQGAGANVLTF	WLLWPVTLA
CATSDFQAGELFF	WLLWPVTLA
CASSYLEGGATEAFF	WLLWPVTLA
CAPWCLAGLNEQFF	WLLWPVTLA
CASIPTGGLAGAATGELFF	WLLWPVTLA
CASSRTGPYEQYF	WLLWPVTLA
CASSSSPPTTGGDAGGYTF	WLLWPVTLA
CASTAPRGEQYF	WLLWPVTLA
CASSQDQSSYNEQFF	WLLWPVTLA
CASSLTYEQFF	WLLWPVTLA
CASSLDMTATYEQYF	WLLWPVTLA
CASSEGPAESTDTQYF	WLLWPVTLA
CSVEEGLHPEQYF	WLLWPVTLA
CATSALDRGETQYF	WLLWPVTLA
CSVHQLGSYEQYF	WLLWPVTLA
CASSFRGAGNTIYF	WLLWPVTLA
CASSPELVGYTGELFF	WLLWPVTLA
CASSFSDREPQETQYF	WLLWPVTLA
CASSAAGTGGFEQFF	WLLWPVTLA
CASSFLNPGGIDEQYF	WLLWPVTLA
CASSLGTEAFF	WLLWPVTLA
CATSDFGGTDTQYF	WLLWPVTLA
CASSFGGDTQYF	WLLWPVTLA
CASSLVLGEQYF	WLLWPVTLA
CASSVTGNTEAFF	WLLWPVTLA
CASSYPGELFF	WLLWPVTLA
CAWTEDRGSPLHF	WLLWPVTLA
CASSYSLGQGNSPLHF	WLLWPVTLA
CASRETSTSSYNEQFF	WLLWPVTLA
CASSQNPGTEAFF	WLLWPVTLA
CASSYAGPYNEQFF	WLLWPVTLA
CATFGFSTGTEQFF	WLLWPVTLA
CASSSIAGLGYTF	WLLWPVTLA
CASSSPTSGRADEQFF	WLLWPVTLA
CASSPPGAGELFF	WLLWPVTLA
CASSQDISWGMNTGELFF	WLLWPVTLA
CASSELTRAPVFYEQYF	WLLWPVTLA
CASSLFYSNQPQHF	WLLWPVTLA
CASSDRGAFEF	WLLWPVTLA
CASTPDRGSYNEQFF	WLLWPVTLA
CSASTGPGTGETQYF	WLLWPVTLA
CASSLYPGIMEPLHF	WLLWPVTLA
CASRDPGQGVIQPQHF	WLLWPVTLA
CASSFGGLDYGYTF	WLLWPVTLA
CSVGQAYEQYF	WLLWPVTLA
CASARGNTQYF	WLLWPVTLA
CASSPTGTEYYEQYF	WLLWPVTLA
CASSPYPIYEQYF	WLLWPVTLA
CASSLGDWRQHF	WLLWPVTLA
CAAHSQPQHF	WLLWPVTLA
CASSQDAGAWGYTF	WLLWPVTLA
CASSLGPGSPYEQYF	WLLWPVTLA
CASSHPWDTSTDTQYF	WLLWPVTLA
CATSDLTGELFF	WLLWPVTLA
CASSKVVYREVGLAGGEQYF	WLLWPVTLA
CASSLVGTGLNEKLFF	WLLWPVTLA
CSAREGEAPGYEQYF	WLLWPVTLA
CASSVSGQGIPYNEQFF	WLLWPVTLA
CASTIIGGEQYF	WLLWPVTLA
CSVEGGRAGQFF	WLLWPVTLA
CASHLGDHTGELFF	WLLWPVTLA
CASRIYNEKLFF	WLLWPVTLA
CASSLAGASYEQYF	WLLWPVTLA
CASSPGQGYYNEQFF	WLLWPVTLA
CASSQDRGPEQYF	WLLWPVTLA
CASSSPRRGDEAFF	WLLWPVTLA
CAIHDARQTPSYEQYF	WLLWPVTLA
CASSLGILGTEAFF	WLLWPVTLA
CASSAYFASGMDEQFF	WLLWPVTLA
CASSQSGPEQFF	WLLWPVTLA
CATSDLQTSTDTQYF	WLLWPVTLA
CASSLFGSQETQYF	WLLWPVTLA
CASSEASPYTEAFF	WLLWPVTLA
CATSDLNRPDTQYF	WLLWPVTLA
CASSYGPIQGNSPLHF	WLLWPVTLA
CASSQDTALGPYEQYF	WLLWPVTLA
CASSLWGPNYEQYF	WLLWPVTLA
CSVNSGTNTGELFF	WLLWPVTLA
CASSQGTGESYEQYF	WLLWPVTLA
CASTNQPQSPNGYTF	WLLWPVTLA
CASSLGDSAITDTQYF	WLLWPVTLA
CASSLGQTQYF	WLLWPVTLA
CASSDFRGVDGYTF	WLLWPVTLA
CASSTDQPQHF	WLLWPVTLA
CASSQASGEGLTYGYTF	WLLWPVTLA
CASSFLGASGIGAETQYF	WLLWPVTLA
CASLDNYKNIQYF	WLLWPVTLA
CASSLPGAEAFF	WLLWPVTLA
CATSARTAYEQYF	WLLWPVTLA
CASSQDLLGAGLAPYEQYF	WLLWPVTLA
CASSLVGYNSPLHF	WLLWPVTLA
CATAPQQDSYEQYF	WLLWPVTLA
CASIGSSWELFF	WLLWPVTLA
CSVEEWRTGQNTEAFF	WLLWPVTLA
CASSLDNEQFF	WLLWPVTLA
CASSRYSHVDTQYF	WLLWPVTLA
CASIGRWREGPFGTDTQYF	WLLWPVTLA
CASSLGTGYNEQFF	WLLWPVTLA
CASSPWGAEDGYTF	WLLWPVTLA
CASSQEGYPYNEQFF	WLLWPVTLA
CASSELDGSYEQYF	WLLWPVTLA
CATSDLRQGTSTDTQYF	WLLWPVTLA
CATSTLVQGGTDTQYF	WLLWPVTLA
CASSFDRGAFF	WLLWPVTLA
CASSLGQETQYF	WLLWPVTLA
CSAHAGHSSYEQYF	WLLWPVTLA
CASSELGTELTDTQYF	WLLWPVTLA
CASSLVGQGIPEAFF	WLLWPVTLA
CASSLWGAAYNSPLHF	WLLWPVTLA
CASSLSPGRPYNEQFF	WLLWPVTLA
CASSVGESQETQYF	WLLWPVTLA
CSARAGQINEKLFF	WLLWPVTLA
CASSQGEGLQETQYF	WLLWPVTLA
CASSWSLAGESEQFF	WLLWPVTLA
CASSLVALNEQFF	WLLWPVTLA
CATSDLEGQETQYF	WLLWPVTLA
CASSFGTGDEKLFF	WLLWPVTLA
CASSIIAGGYNEQFF	WLLWPVTLA
CASSQYGPGQLNEKLFF	WLLWPVTLA
CASSEGLATYNEQFF	WLLWPVTLA
CASSLGQGESYEQYF	WLLWPVTLA
CASSEGGELFF	WLLWPVTLA
CASSIGGQRSYEQYF	WLLWPVTLA
CASSVGRTLGTDTQYF	WLLWPVTLA
CASSPVGRNTEAFF	WLLWPVTLA
CASSKVGQHYEQYF	WLLWPVTLA
CATSRELRASSYEQYF	WLLWPVTLA
CASSFLHPAGVTSYEQYF	WLLWPVTLA
CASSPGLSSYNEQFF	WLLWPVTLA
CASSTTGGGTEAFF	WLLWPVTLA
CASSGLAFEQFF	WLLWPVTLA
CASSLGQGNTEAFF	WLLWPVTLA
CASSEREEDVLLYGYTF	WLLWPVTLA
CSGTGTNTYNEQFF	WLLWPVTLA
CASSSTSGSPTDTQYF	WLLWPVTLA
CSVEYSRGVPNEQFF	WLLWPVTLA
CAISETTQVNEQFF	WLLWPVTLA
CASSQEGGAANEQFF	WLLWPVTLA
CASSYSLGQGGEQYF	WLLWPVTLA
CSAETTGTNVELFF	WLLWPVTLA
CASSQEGNEQFF	WLLWPVTLA
CASSAGLAGGPRSYEQYF	WLLWPVTLA
CARGGLAGEANTGELFF	WLLWPVTLA
CASSPLGGAGGGYTF	WLLWPVTLA
CASSIRASNQPQHF	WLLWPVTLA
CASSLSNEQYF	WLLWPVTLA
CASSLLPPETDTQYF	WLLWPVTLA
CASSPEGALNQPQHF	WLLWPVTLA
CASSGTRQITDTQYF	WLLWPVTLA
CASSYPGTGYEQYF	WLLWPVTLA
CASMWEECYNEQFF	WLLWPVTLA
CAATPTLFQQGNGAFF	WLLWPVTLA
CASSFGGDGYTF	WLLWPVTLA
CASSLAVTREQFF	WLLWPVTLA
CASSGHGLYTGELFF	WLLWPVTLA
CASSFYYNEQFF	WLLWPVTLA
CASSLVEGDGYTF	WLLWPVTLA
CASSMTGGKQYF	WLLWPVTLA
CASSQRHLAYEQYF	WLLWPVTLA
CATSDLSGGESTDTQYF	WLLWPVTLA
CASSLSAGLSFEKLFF	WLLWPVTLA
CASSEFTVNYGYTF	WLLWPVTLA
CASSHPGGPNTGELFF	WLLWPVTLA
CASSIWSFRTGERPDTQYF	WLLWPVTLA
CASSEAMNYGYTF	WLLWPVTLA
CASSPTSPNNEQFF	WLLWPVTLA
CASMALGDTQYF	WLLWPVTLA
CASSQVEASGSQDEQFF	WLLWPVTLA
CATSDSGTPDTQYF	WLLWPVTLA
CASSQARDQPQHF	WLLWPVTLA
CASSFLPVKDTEAFF	WLLWPVTLA
CASGTAGEPQHF	WLLWPVTLA
CASSVLQASGANVLTF	WLLWPVTLA
CASSEYFYEQYF	WLLWPVTLA
CASSFSETGELFF	WLLWPVTLA
CASSLLAGTGELFF	WLLWPVTLA
CATSDLSAGGPTDTQYF	WLLWPVTLA
CASSFPGTSGRATTGELFF	WLLWPVTLA
CASSLPRTGRYEQYF	WLLWPVTLA
CASSSGDFSNTGELFF	WLLWPVTLA
CASSHGLHVDTQYF	WLLWPVTLA
CASSVNPAGEYNEQFF	WLLWPVTLA
CASSQDQTTGAYEQYF	WLLWPVTLA
CASSTRLAEGEQFF	WLLWPVTLA
CASSQELAASYEQYF	WLLWPVTLA
CSGLGLILLGSYNEQFF	WLLWPVTLA
CASSPASNEQYF	WLLWPVTLA
CASSFSGELFF	WLLWPVTLA
CASSVLATGELFF	WLLWPVTLA
CASSFRGNTEAFF	WLLWPVTLA
CASSLLGPHEQYF	WLLWPVTLA
CAISQREVSYEQYF	WLLWPVTLA
CASSLGAGTDYSNQPQHF	WLLWPVTLA
CASSPVADTQYF	WLLWPVTLA
CASSQGGGPNEQFF	WLLWPVTLA
CASSSWGAGDTQYF	WLLWPVTLA
CSAAWGYDDEQYF	WLLWPVTLA
CASTGTGNTEAFF	WLLWPVTLA
CASNLGGYEQYF	WLLWPVTLA
CASSGGTGAVTEAFF	WLLWPVTLA
CASSEAEGYEQYF	WLLWPVTLA
CASSVEGEATYEQYF	WLLWPVTLA
CASRSNPSPVGFF	WLLWPVTLA
CASSYLLGATNGYTF	WLLWPVTLA
CASSFTAATNEKLFF	WLLWPVTLA
CASSYFLGGGGEQFF	WLLWPVTLA
CASSLITSSTDTQYF	WLLWPVTLA
CASSVAEGPGELFF	WLLWPVTLA
CASSPYLGNGELFF	WLLWPVTLA
CASSEPVQGYEQYF	WLLWPVTLA
CASSYVGTVSYEQYF	WLLWPVTLA
CASNRGGEQTQYF	WLLWPVTLA
CASSPWGGRADEQYF	WLLWPVTLA
CASSLQGANQPQHF	WLLWPVTLA
CASSFLIWEQYF	WLLWPVTLA
CASWSYGNQPQHF	WLLWPVTLA
CASSQTPTADFLFEQYF	WLLWPVTLA
CASSEALDYEQYF	WLLWPVTLA
CATSGLGLAGGYEQYF	WLLWPVTLA
CASSLRLAGANETQYF	WLLWPVTLA
CSAYLLAGGTYEQYF	WLLWPVTLA
CASSFSGSPHNEQFF	WLLWPVTLA
CSASLVGPGTEAFF	WLLWPVTLA
CASSETGVNSPLHF	WLLWPVTLA
CASSLGPPGELFF	WLLWPVTLA
CSAPDTRTDTQYF	WLLWPVTLA
CASSTSAGNNEQFF	WLLWPVTLA
CASSYYSLATGEQYF	WLLWPVTLA
CASSYSLQTSADLEQYF	WLLWPVTLA
CASSSAGTGVGYTF	WLLWPVTLA
CASSLLGQMEAFF	WLLWPVTLA
CASYRIGWDTQYF	WLLWPVTLA
CASSLIHEQFF	WLLWPVTLA
CASSPNNEQFF	WLLWPVTLA
CASSLGLEGNSPLHF	WLLWPVTLA
CASSLEAAGELFF	WLLWPVTLA
CAKGTPGDTQYF	WLLWPVTLA
CASSVGEGRTEAFF	WLLWPVTLA
CASSSNRGVSGETQYF	WLLWPVTLA
CASSQVGSSYEQYF	WLLWPVTLA
CASSPWGVGTEAFF	WLLWPVTLA
CASSAFEGGAYNEQFF	WLLWPVTLA
CASSLVMNTEAFF	WLLWPVTLA
CASSLTRTGELFF	WLLWPVTLA
CASSLGGVQPQHF	WLLWPVTLA
CATKGLAGGVDEQYF	WLLWPVTLA
CASSEPFSGGYTGELFF	WLLWPVTLA
CASSEAPGSYEQYF	WLLWPVTLA
CASSSDTDTQYF	WLLWPVTLA
CASSEFSGSSDTQYF	WLLWPVTLA
CSLWVTDTQYF	WLLWPVTLA
CASSSAYEQYF	WLLWPVTLA
CASTGSGGPPGSTDTQYF	WLLWPVTLA
CASRKQLFTDTQYF	WLLWPVTLA
CASSQDITGELFF	WLLWPVTLA
CASSPHNEQFF	WLLWPVTLA
CASGENTQYF	WLLWPVTLA
CASNPGLAGGPFYEQYF	WLLWPVTLA
CASSLLVAGGLDEQYF	WLLWPVTLA
CASSLGVDSYNEQFF	WLLWPVTLA
CASSFTDTQYF	WLLWPVTLA
CASSEGQGYEQYF	WLLWPVTLA
CASRTDRENTEAFF	WLLWPVTLA
CASSLAGTGGFGELFF	WLLWPVTLA
CASSYYGETQYF	WLLWPVTLA
CASSDKPAGTQHF	WLLWPVTLA
CASSLGGQGSNQPQHF	WLLWPVTLA
CASSQDLTAYEQYF	WLLWPVTLA
CSARDGTASNLNTEAFF	WLLWPVTLA
CASSLGTGYNEQFF	WLLWPVTLA
CASSAHPRSGSGNEQFF	WLLWPVTLA
CASSLGVTGGLETQYF	WLLWPVTLA
CASSQMGYEQYF	WLLWPVTLA
CASSPVPVHTDTQYF	WLLWPVTLA
CASSTTGKSYTF	WLLWPVTLA
CASSEWGDAYEQYF	WLLWPVTLA
CASSGYNEQFF	WLLWPVTLA
CASSEGSNEQFF	WLLWPVTLA
CSVDGDGEVQETQYF	WLLWPVTLA
CASSLPGGNSPLHF	WLLWPVTLA
CASSYGLGSSYEQYF	WLLWPVTLA
CASSQESVSNTEAFF	WLLWPVTLA
CASSEPSLQGRGYTF	WLLWPVTLA
CASSQTLAGGSIDEQYF	WLLWPVTLA
CASSPPGLPKWDEQFF	WLLWPVTLA
CSAYLILGMGNEQFF	WLLWPVTLA
CSVAGTSGGNEQFF	WLLWPVTLA
CASQGPTGNEQFF	WLLWPVTLA
CASSLGQGARTGELFF	WLLWPVTLA
CASSPGTGDEKLFF	WLLWPVTLA
CASSSQGSTDTQYF	WLLWPVTLA
CASSFNEQFF	WLLWPVTLA
CASSPPETGSGTF	WLLWPVTLA
CAIRDNLNTEAFF	WLLWPVTLA
CASSLGVGELFF	WLLWPVTLA
CASSQGDTLTGHREQYF	WLLWPVTLA
CASSLEVVLAGVLLQETQYF	WLLWPVTLA
CASSSSYEQYF	WLLWPVTLA
CASSQEEANTEAFF	WLLWPVTLA
CASSLLSGYEQYF	WLLWPVTLA
CASSQEWGGVSPLHF	WLLWPVTLA
CASSCLLAGGADTQYF	WLLWPVTLA
CASSPGGAWTGIWTEAFF	WLLWPVTLA
CASSLGTGYNEQFF	WLLWPVTLA
CSAAGTYNNEQFF	WLLWPVTLA
CASSPAVGPAGEQYF	WLLWPVTLA
CASSQPGLPSYEQYF	WLLWPVTLA
CASITDVGEQYF	WLLWPVTLA
CASSLTGDTEAFF	WLLWPVTLA
CASSPLGEQYF	WLLWPVTLA
CASSPLATGNEQYF	WLLWPVTLA
CASSFRTSGYNEQFF	WLLWPVTLA
CASSLSNVLTF	WLLWPVTLA
CASSQGTSGVLFF	WLLWPVTLA
CASSPFGSYNEQFF	WLLWPVTLA
CSVEVRDSYEQYF	WLLWPVTLA
CSVPQGPTEAFF	WLLWPVTLA
CASSIWGLAGKTSSYNEQFF	WLLWPVTLA
CASSSLDRDGNIQYF	WLLWPVTLA
CASSQEMPNEQFF	WLLWPVTLA
CASSEPVWANVLTF	WLLWPVTLA
CASSFGGNEQFF	WLLWPVTLA
CASTGQGGYEQYF	WLLWPVTLA
CASSLVTVRGMDTEAFF	WLLWPVTLA
CASSYLTTLGATEAFF	WLLWPVTLA
CASSLSLAGRSSYNEQFF	WLLWPVTLA
CASITNTGELFF	WLLWPVTLA
CASSLGLAGIGEQFF	WLLWPVTLA
CASLSPGQGIDEQFF	WLLWPVTLA
CASSGQNIQYF	WLLWPVTLA
CASSFGGGFNYEQYF	WLLWPVTLA
CASSQESKTNEKLFF	WLLWPVTLA
CASSYGLAQETQYF	WLLWPVTLA
CASSLDSGNEQYF	WLLWPVTLA
CASSILGSLYLYNQPQHF	WLLWPVTLA
CASSPLRNPSTDTQYF	WLLWPVTLA
CSARDYYRSNEKLFF	WLLWPVTLA
CASTHSGHGEQFF	WLLWPVTLA
CASSQSGLGQINYGYTF	WLLWPVTLA
CASRLNTEAFF	WLLWPVTLA
CASRDNYASTDTQYF	WLLWPVTLA
CASSLLGSPLHF	WLLWPVTLA
CSAREMGQGSPYEQYF	WLLWPVTLA
CASSAPHSDTQYF	WLLWPVTLA
CASSPPSEQEQFF	WLLWPVTLA
CASTRGGMNEQFF	WLLWPVTLA
CASSQDGQFNEKLFF	WLLWPVTLA
CASSDADRVVTEAFF	WLLWPVTLA
CASSGTSGHSTDTQYF	WLLWPVTLA
CASSPLREASYNEQFF	WLLWPVTLA
CASTTGNEQFF	WLLWPVTLA
CASSLESAVSGQPSYEQYF	WLLWPVTLA
CASSLRLAGGPISYEQYF	WLLWPVTLA
CASSRTSDEQFF	WLLWPVTLA
CASSYRGAIQGSPLHF	WLLWPVTLA
CASSQVNPRENEQYF	WLLWPVTLA
CASSSEGERGYTF	WLLWPVTLA
CASSQDSPLAGGRNEQFF	WLLWPVTLA
CATSDPSSYEQFF	WLLWPVTLA
CSPHLVGQGEYNEQFF	WLLWPVTLA
CAWNPWGQGRGEQFF	WLLWPVTLA
CASSLEGLLGNEQFF	WLLWPVTLA
CASSQVQGAYEQYF	WLLWPVTLA
CACGTGLAGEDTQYF	WLLWPVTLA
CASSVGTVYEQYF	WLLWPVTLA
CATSDFTRTDTQYF	WLLWPVTLA
CASSPDNEQFF	WLLWPVTLA
CASSYGWGEYNEQFF	WLLWPVTLA
CASSHDGQPQHF	WLLWPVTLA
CASSLEAAGELFF	WLLWPVTLA
CASIPRGPHLEAFF	WLLWPVTLA
CASSFSPGEQFF	WLLWPVTLA
CASSWGRDRGANTGELFF	WLLWPVTLA
CASSPTDVLDGSSTDTQYF	WLLWPVTLA
CASQPGSIGHEQYF	WLLWPVTLA
CASSTGTGSYNEQFF	WLLWPVTLA
CASSLTSHEQFF	WLLWPVTLA
CASNQVAGGPGDTQYF	WLLWPVTLA
CASSSDPDRAYNSPLHF	WLLWPVTLA
CASSRDSDSYGYTF	WLLWPVTLA
CASSQSSGGDNTGELFF	WLLWPVTLA
CATSDRTAYTQYF	WLLWPVTLA
CASSPPDRINSPLHF	WLLWPVTLA
CASRPFDSSISYEQYF	WLLWPVTLA
CASSKSNIQYF	WLLWPVTLA
CASSQTPMNTEAFF	WLLWPVTLA
CASSAYEMEAGGGEQYF	WLLWPVTLA
CASSEDNEQFF	WLLWPVTLA
CATSDIRQGSTDTQYF	WLLWPVTLA
CASSAQNIQYF	WLLWPVTLA
CASSSLAGIPYEQYF	WLLWPVTLA
CALAGLNPNEQFF	WLLWPVTLA
CSVVRIANSYNEQFF	WLLWPVTLA
CASKGEVGQPQHF	WLLWPVTLA
CASSPGVETQYF	WLLWPVTLA
CASSSVPGLAGAYNEQFF	WLLWPVTLA
CASRIFPGQGVETQYF	WLLWPVTLA
CASSFLAHMNTQYF	WLLWPVTLA
CASSFLIGAYGYTF	WLLWPVTLA
CASSVNQPQHF	WLLWPVTLA
CSSDTRDTGELFF	WLLWPVTLA
CAISERWTGLSYEQYF	WLLWPVTLA
CASSLEPRASGSSYNEQFF	WLLWPVTLA
CASRGGGAPDTQYF	WLLWPVTLA
CASSSDRGPASTDTQYF	WLLWPVTLA
CASSYPFGSSYNEQFF	WLLWPVTLA
CASSYLLGNGANVLTF	WLLWPVTLA
CASTLRYNEQFF	WLLWPVTLA
CASNPDVSYEQYF	WLLWPVTLA
CASSPGLATPYNEQFF	WLLWPVTLA
CASSLGGYEQYF	WLLWPVTLA
CASSALNTQYF	WLLWPVTLA
CASSEHPQGNEQFF	WLLWPVTLA
CASSSGSTNEKLFF	WLLWPVTLA
CASSFWPGAEPSTDTQYF	WLLWPVTLA
CASSLTSGSYNEQFF	WLLWPVTLA
CASAVTSTDTQYF	WLLWPVTLA
CASSPLGGTGAHEQYF	WLLWPVTLA
CASSLLEPGGVKNIQYF	WLLWPVTLA
CASSPQVAGEIERSYEQYF	WLLWPVTLA
CASSPFGSSTDTQYF	WLLWPVTLA
CASSGLTSGNTGELFF	WLLWPVTLA
CASSQEFSGSSYEQYF	WLLWPVTLA
CSVVGTSGYNEQFF	WLLWPVTLA
CASSPGTSGYQETQYF	WLLWPVTLA
CASSLLSGNTEAFF	WLLWPVTLA
CASSLGQTNTGELFF	WLLWPVTLA
CASSPRAGEQYF	WLLWPVTLA
CAWSVLRTVEETQYF	WLLWPVTLA
CASSFPGAYNEQFF	WLLWPVTLA
CASSFDYYEQYF	WLLWPVTLA
CASSYDDRAYGYTF	WLLWPVTLA
CASSSGGEQFF	WLLWPVTLA
CASSLLGPQHF	WLLWPVTLA
CASSYSLGDTGELFF	WLLWPVTLA
CASPGPSEGDEQFF	WLLWPVTLA
CASSLVGLAQDTQYF	WLLWPVTLA
CASSSGTSGNNEQFF	WLLWPVTLA
CASSTVDSHKSTDTQYF	WLLWPVTLA
CASSQEGAVPGQGVALGGNEQFF	WLLWPVTLA
CASSLLGFTEAFF	WLLWPVTLA
CSVEDPGQGYNEQFF	WLLWPVTLA
CASRPGTSGTDTQYF	WLLWPVTLA
CASTSVSEQYF	WLLWPVTLA
CASTSSNEQYF	WLLWPVTLA
CASSEGDTQYF	WLLWPVTLA
CASSLLLALVPDTQYF	WLLWPVTLA
CASSPGTSGNEQYF	WLLWPVTLA
CASSLSGLAGAYNEQFF	WLLWPVTLA
CASSSLAGDYNEQFF	WLLWPVTLA
CASSPSSEGEQFF	WLLWPVTLA
CASSSYLTDTQYF	WLLWPVTLA
CAVRRENTGELFF	WLLWPVTLA
CASSFLAETQYF	WLLWPVTLA
CASSSDEQFF	WLLWPVTLA
CASSYPRNIFQPQHF	WLLWPVTLA
CASSLLAPERPNYGYTF	WLLWPVTLA
CARAPDSNPYEQYF	WLLWPVTLA
CASSLDPGATDTQYF	WLLWPVTLA
CASSYALGGEKLFF	WLLWPVTLA
CASSSPIFTDTQYF	WLLWPVTLA
CASSQGGGYTF	WLLWPVTLA
CASNGGVHEQFF	WLLWPVTLA
CASESGTLGNQPQHF	WLLWPVTLA
CASSYMGNTEAFF	WLLWPVTLA
CASGSGSTYEQYF	WLLWPVTLA
CASSFVTGGAHNEQFF	WLLWPVTLA
CASSYSLEGGGYTSGLPPTDTQYF	WLLWPVTLA
CASTGGSGTGELFF	WLLWPVTLA
CASSLETSSYEQYF	WLLWPVTLA
CASSQDGRGLTKNIQYF	WLLWPVTLA
CASSYLTTNTEAFF	WLLWPVTLA
CASSPDPGQGLGYTF	WLLWPVTLA
CASSEAPSSGRKNEQFF	WLLWPVTLA
CASTHLGSPLHF	WLLWPVTLA
CASSLGPETYEQYF	WLLWPVTLA
CASSYDNYGYTF	WLLWPVTLA
CASSQFGTMAPDTQYF	WLLWPVTLA
CASSTRGAPQFF	WLLWPVTLA
CASSLGDSGMDGYTF	WLLWPVTLA
CASSFEGTAYYNQPQHF	WLLWPVTLA
CASNSQPQHF	WLLWPVTLA
CATTLNNEQFF	WLLWPVTLA
CASKLWGGGTEAFF	WLLWPVTLA
CASSFLYNEQFF	WLLWPVTLA
CASSGANEQFF	WLLWPVTLA
CASSETRGYEQYF	WLLWPVTLA
CASSVAEWVGEQYF	WLLWPVTLA
CASSPPDRFSYEQYF	WLLWPVTLA
CASSIHGQGTGELFF	WLLWPVTLA
CASSIGGLADSYEQYF	WLLWPVTLA
CASVLQGAYEQYF	WLLWPVTLA
CASRGALAGEQYF	WLLWPVTLA
CASSSWTSGTYEQYF	WLLWPVTLA
CASSLVPLSSGELFF	WLLWPVTLA
CASSVHGQPGGAFF	WLLWPVTLA
CASSTGQGTDTQYF	WLLWPVTLA
CASGKGQWNTEAFF	WLLWPVTLA
CSGAKGEGFLYF	WLLWPVTLA
CASSPLEGGRLAGTTYEQYF	WLLWPVTLA
CSASPSNEQFF	WLLWPVTLA
CASICDPGHHYGYTF	WLLWPVTLA
CATSSGLAGSTDTQYF	WLLWPVTLA
CASSPGTEYSLYEQYF	WLLWPVTLA
CSASEAGGQLETQYF	WLLWPVTLA
CASSTIGLVGSYEQYF	WLLWPVTLA
CASSYPGITTVF	WLLWPVTLA
CASSYSLAGGNEQFF	WLLWPVTLA
CASSYFLGQLNTEAFF	WLLWPVTLA
CASINAGQGQWSEQFF	WLLWPVTLA
CASSESNEQFF	WLLWPVTLA
CASSPLWGQQETQYF	WLLWPVTLA
CASSEANEQYF	WLLWPVTLA
CASRPGTMNTGELFF	WLLWPVTLA
CASSNPTAGGPGETQYF	WLLWPVTLA
CSAGTLQGEISTDTQYF	WLLWPVTLA
CASGPANTQYF	WLLWPVTLA
CSVATSLVEGYTF	WLLWPVTLA
CASSIGYEQYF	WLLWPVTLA
CATSDPRLSSYNEQFF	WLLWPVTLA
CASSSAGTDTQYF	WLLWPVTLA
CASSLIAYEQYF	WLLWPVTLA
CATSQGNEQYF	WLLWPVTLA
CATAGANEQFF	WLLWPVTLA
CASSQDLGYNEQFF	WLLWPVTLA
CSAPRMNGYTF	WLLWPVTLA
CASSPFGGSYNEQFF	WLLWPVTLA
CASSSNTGELFF	WLLWPVTLA
CASSQAGGGEQYF	WLLWPVTLA
CASSGGLAGFSSYNEQFF	WLLWPVTLA
CASSIRTGGGNEQFF	WLLWPVTLA
CASSQESGYTEAFF	WLLWPVTLA
CASSEVGGTDTQYF	WLLWPVTLA
CSGSGFTSSYNEQFF	WLLWPVTLA
CASSPEGLVNEQFF	WLLWPVTLA
CASSFTDRGSPYEQYF	WLLWPVTLA
CASSSAGSANTGELFF	WLLWPVTLA
CASTPMGGPQYF	WLLWPVTLA
CASSYRGSPSYEQYF	WLLWPVTLA
CASSDLIYGYTF	WLLWPVTLA
CASTPRDTYNEQFF	WLLWPVTLA
CASSLLHSGTPDYEQYF	WLLWPVTLA
CASTEQGPEAFF	WLLWPVTLA
