CDR3	AA
CASSQEAGLATSTDTQYF	KAYNVTQAF
CAWSVGLGAEQYF	KAYNVTQAF
CATSKDRGYEQYF	KAYNVTQAF
CASSENRGEVRPYEQYF	KAYNVTQAF
CASGKTSGGVDIQYF	KAYNVTQAF
CASSFRGVGSYNEQFF	KAYNVTQAF
CASSHRDRGRETQYF	KAYNVTQAF
CATETGAAEAFF	KAYNVTQAF
CASSLLGAGVNEQFF	KAYNVTQAF
CASSPRTSGEYNEQFF	KAYNVTQAF
CASSLERGGAYGYTF	KAYNVTQAF
CASSIDRGVRYEQYF	KAYNVTQAF
CATSRDVSEQYF	KAYNVTQAF
CATSRDRGAFNEQFF	KAYNVTQAF
CASSFSSGEAHEQYF	KAYNVTQAF
CASSSLQGDENIQYF	KAYNVTQAF
CASSRDRPNEKLFF	KAYNVTQAF
CASSFGAGGARTGELFF	KAYNVTQAF
CASSHNKNTEAFF	KAYNVTQAF
CASSYSRTSGSIEQFF	KAYNVTQAF
CASSVGGTSRDTQYF	KAYNVTQAF
CASSRDRPNEKLFF	KAYNVTQAF
CASSFDRNTEAFF	KAYNVTQAF
CASSYGGGDGYTF	KAYNVTQAF
CASSLGSSATEAFF	KAYNVTQAF
CASSAGTGEWGEQFF	KAYNVTQAF
CASSQEYQGLQPQHF	KAYNVTQAF
CASSLDRGHGNSPLHF	KAYNVTQAF
CASSQDGADTQYF	KAYNVTQAF
CASSLGQKNIQYF	KAYNVTQAF
CASSLASPDTEAFF	KAYNVTQAF
CASSLGGGNTEAFF	KAYNVTQAF
CASSLTGELFF	KAYNVTQAF
CASAPASFFYGYTF	KAYNVTQAF
CASSLGGDEQFF	KAYNVTQAF
CASSSGDPQTQYF	KAYNVTQAF
CASKIGTGERRPLHF	KAYNVTQAF
CASSFDRETEAFF	KAYNVTQAF
CASRRLAGEYNEQFF	KAYNVTQAF
CATSDQTSGYEQYF	KAYNVTQAF
CASSLRSYEQYF	KAYNVTQAF
CASTPGTEAEQYF	KAYNVTQAF
CASSYVWNTEAFF	KAYNVTQAF
CASSAGNEQFF	KAYNVTQAF
CASSFDLNTEAFF	KAYNVTQAF
CASSQGTGGLEVSDEKLFF	KAYNVTQAF
CASSFDLNTEAFF	KAYNVTQAF
CASSYWDSRSYEQYF	KAYNVTQAF
CASSPGGVYEQYF	KAYNVTQAF
CASSLYDGDRGYEQYF	KAYNVTQAF
CAGRTGGGNSPLHF	KAYNVTQAF
CASSQDWGLSYNEQFF	KAYNVTQAF
CASSYTDRAEAFF	KAYNVTQAF
CASSLDADRGEGTDTQYF	KAYNVTQAF
CASSPDRGSYNEQFF	KAYNVTQAF
CASSQLGGYSTEAFF	KAYNVTQAF
CASSARTTGSYNEQFF	KAYNVTQAF
CSARDGTGNLYEQYF	KAYNVTQAF
CASSWGTGLTEAFF	KAYNVTQAF
CASSQGQGEFYEQYF	KAYNVTQAF
CASSLGQVANYGYTF	KAYNVTQAF
CASSFDRATEAFF	KAYNVTQAF
CASSYWDSISYEQYF	KAYNVTQAF
CASSAQSGMEDEQFF	KAYNVTQAF
CASSFDVDEQYF	KAYNVTQAF
CSARDSWGDTDTQYF	KAYNVTQAF
CASSVDLSNQPQHF	KAYNVTQAF
CSARLTWDDYGYTF	KAYNVTQAF
CASSLSRSLQETQYF	KAYNVTQAF
CASSQDQEGLGTSTDTQYF	KAYNVTQAF
CASSILAGLDNEQFF	KAYNVTQAF
CASSLVGGGSPLHF	KAYNVTQAF
CASRVDRGEYNEQFF	KAYNVTQAF
CASSPGRPHTDTQYF	KAYNVTQAF
CASSLGSRNTIYF	KAYNVTQAF
CASSQDGGAFVGNTIYF	KAYNVTQAF
CASSLLAGGTSTDTQYF	KAYNVTQAF
CASSIKDREHSYNEQFF	KAYNVTQAF
CASSLEVRGRVGETQYF	KAYNVTQAF
CASSRFPDNNQPQHF	KAYNVTQAF
CASSPMDQGLSLSTDTQYF	KAYNVTQAF
CASSRGQGESYEQYF	KAYNVTQAF
CASSVGEAGGQETQYF	KAYNVTQAF
CASSWGDTQYF	KAYNVTQAF
CASSPYPRENTGELFF	KAYNVTQAF
CASSHPESYEQYF	KAYNVTQAF
CASSPRTSGEYNEQFF	KAYNVTQAF
CASSLGTGEYRPQHF	KAYNVTQAF
CASSEGTGEAREQYF	KAYNVTQAF
CASSWGNSNQPQHF	KAYNVTQAF
CASSLSVLGYEQYF	KAYNVTQAF
CASSFLGIYEQYF	KAYNVTQAF
CASSRGYEQYF	KAYNVTQAF
CSALQGEHGYTF	KAYNVTQAF
CASSLGQGEYTEAFF	KAYNVTQAF
CASSQDGIKSTDTQYF	KAYNVTQAF
CASSRHEATNEKLFF	KAYNVTQAF
CASSLSSGAVYNSPLHF	KAYNVTQAF
CASSPYLGVNEKLFF	KAYNVTQAF
CASSLDRGTEAFF	KAYNVTQAF
CASSEGSSTDTQYF	KAYNVTQAF
CASSQEPEGHEQYF	KAYNVTQAF
CASSPREASGGADTQYF	KAYNVTQAF
CASSQEWGPSSYEQYF	KAYNVTQAF
CASSQDVQGLYQPQHF	KAYNVTQAF
CATSRDRGYNEQFF	KAYNVTQAF
CASSLGQKNIQYF	KAYNVTQAF
CASSTGQGEYNEQFF	KAYNVTQAF
CASSGRAGLSYNEQFF	KAYNVTQAF
CASSFDRGDTQYF	KAYNVTQAF
CASSIDLGRVEAFF	KAYNVTQAF
CATSTQGRGEAFF	KAYNVTQAF
CASSYKVTGGYTF	KAYNVTQAF
CASSAGTGEAHEQYF	KAYNVTQAF
CASSQRGNEQYF	KAYNVTQAF
CASSPGGYEQYF	KAYNVTQAF
CASSSRTSGEYQETQYF	KAYNVTQAF
CASSIDLGRVEAFF	KAYNVTQAF
CASRADRGSIQPQHF	KAYNVTQAF
CASSLGFEQYF	KAYNVTQAF
CASSFVGTYEQYF	KAYNVTQAF
CASTLGGGPQETQYF	KAYNVTQAF
CASSVGGANTEAFF	KAYNVTQAF
CASSVLGTYEQYF	KAYNVTQAF
CASSLFVGSGGVREKLFF	KAYNVTQAF
CSARSSISGPTDTQYF	KAYNVTQAF
CASSSQGDTQYF	KAYNVTQAF
CASSFDQNTEAFF	KAYNVTQAF
CASSWEGDGVYGYTF	KAYNVTQAF
CASSIFPQGDGNTEAFF	KAYNVTQAF
CASSFWNDADRGVREQYF	KAYNVTQAF
CASSLDRATEAFF	KAYNVTQAF
CASSVLGGSGNEQYF	KAYNVTQAF
CASSLGDTIYF	KAYNVTQAF
CASSYPGLAGEQYF	KAYNVTQAF
CASSVFLGDQETQYF	KAYNVTQAF
CASSQEANTGQGLYNSPLHF	KAYNVTQAF
CASSQDRAGAYEQYF	KAYNVTQAF
CASARDTGESRPQHF	KAYNVTQAF
CASSLGGGNTEAFF	KAYNVTQAF
CASSPPGGGSYNEQFF	KAYNVTQAF
CASSLGLGETNYGYTF	KAYNVTQAF
CASSYGRTGNYGYTF	KAYNVTQAF
CASSPAVMIGETQYF	KAYNVTQAF
CSALWASSYNEQFF	KAYNVTQAF
CASSFDRNTEAFF	KAYNVTQAF
CASSGTAAWNTEAFF	KAYNVTQAF
CASSLRMGLEETQYF	KAYNVTQAF
CASSVRGAAGDTQYF	KAYNVTQAF
CATSRGTGEIYEQYF	KAYNVTQAF
CASSFPPWTPRGRREQYF	KAYNVTQAF
CASSVVEGGNTEAFF	KAYNVTQAF
CASSQDLDGAFTEAFF	KAYNVTQAF
CASSLHFGQGGNQPQHF	KAYNVTQAF
CASSLGHEQYF	KAYNVTQAF
CASSQDRDRGHYEQYF	KAYNVTQAF
CASSYTDRGETQYF	KAYNVTQAF
CASTTRDRGLPHSINNEQFF	KAYNVTQAF
CASSVADNEQFF	KAYNVTQAF
CASSLEGRVWDEQFF	KAYNVTQAF
CASTLDVRTEAFF	KAYNVTQAF
CASSLLGVYEQYF	KAYNVTQAF
CASSFSREAGNTIYF	KAYNVTQAF
CASSPAAGARNEQFF	KAYNVTQAF
CASSAGQGGYGYTF	KAYNVTQAF
CASSTYGTSGDNEQFF	KAYNVTQAF
CASSESPDAREGQETQYF	KAYNVTQAF
CASSLWDSSSYEQYF	KAYNVTQAF
CSARDWDRDPTDTQYF	KAYNVTQAF
CASSLGGGQETQYF	KAYNVTQAF
CASSLESSMNTEAFF	KAYNVTQAF
CASSISEAGHNEQFF	KAYNVTQAF
CASSALDGPVPLHF	KAYNVTQAF
CSARDLGDRLAGLNEQFF	KAYNVTQAF
CASSFGGGPNEQFF	KAYNVTQAF
CASSQDGEDWGTQYF	KAYNVTQAF
CASTELTGGRNEQYF	KAYNVTQAF
CASSPWTDEETQYF	KAYNVTQAF
CASSDRFRGETQYF	KAYNVTQAF
CATSRGTGEAGELFF	KAYNVTQAF
CASSFDRGDTIYF	KAYNVTQAF
CASSQEGGTDTQYF	KAYNVTQAF
CASSKAGGNQPQHF	KAYNVTQAF
CASSWTGPPSEAFF	KAYNVTQAF
CASSRGTGEFYEQYF	KAYNVTQAF
CASSRGTGEIYEQYF	KAYNVTQAF
CASSFLSGSGGARETQYF	KAYNVTQAF
CASSFPLEGDRSPLHF	KAYNVTQAF
CASSYSTGGRGEQYF	KAYNVTQAF
CASSATDPPQYF	KAYNVTQAF
CATSDPYGGVGETQYF	KAYNVTQAF
CASSLGAGGARTGELFF	KAYNVTQAF
CASSFGVGAGGKDRYEQYF	KAYNVTQAF
CASSQEDSLWTEAFF	KAYNVTQAF
CASNDWGAQETQYF	KAYNVTQAF
CASSESPELSEGQETQYF	KAYNVTQAF
CASSLTWGSSYNEQFF	KAYNVTQAF
CASSTGTGEYYEQYF	KAYNVTQAF
CASSERDRGSYNEQFF	KAYNVTQAF
CASSQVWGEQYF	KAYNVTQAF
CASTETGVLLSTDTQYF	KAYNVTQAF
CASSRGTGEINEQFF	KAYNVTQAF
CAWSVTPTEHYGYTF	KAYNVTQAF
CASSYLWEQTGSGRHNEQFF	KAYNVTQAF
CASSFDRNTEAFF	KAYNVTQAF
CASRTTYEQFF	KAYNVTQAF
CASSPDRGSYEQYF	KAYNVTQAF
CATSRGTGEASPLHF	KAYNVTQAF
CASSLGGLGGYLSSTDTQYF	KAYNVTQAF
CASSERPIPALGDEQFF	KAYNVTQAF
CASSLSRNTAHEQYF	KAYNVTQAF
CASSWRDRGEYNEQFF	KAYNVTQAF
CASIEGTGEFHEQFF	KAYNVTQAF
CASSRGYEQYF	KAYNVTQAF
CASTPVTPGPLSLNTEAFF	KAYNVTQAF
CASSQDLRANTGELFF	KAYNVTQAF
CASSFDRSDEQFF	KAYNVTQAF
CASSPLGVYEQYF	KAYNVTQAF
CASSFRGTGIFSGELFF	KAYNVTQAF
CSGSWDAYEQYF	KAYNVTQAF
CASSQGRGEVNTEAFF	KAYNVTQAF
CASSYPGLAGEQFF	KAYNVTQAF
CASSTGTGEAQPQHF	KAYNVTQAF
CASKGVSVPGELFF	KAYNVTQAF
CASSFEIAKNIQYF	KAYNVTQAF
CASSEDGGNTIYF	KAYNVTQAF
CASSLSRNLQETQYF	KAYNVTQAF
CASSFDRGSPQHF	KAYNVTQAF
CASSPEDGYTF	KAYNVTQAF
CASATEGTGANVLTF	KAYNVTQAF
CASSFDRDEQYF	KAYNVTQAF
CASSPLAGGTDTQYF	KAYNVTQAF
CASSLGQGEFYEQYF	KAYNVTQAF
CASSQVGGLETSGEAYEQYF	KAYNVTQAF
CASRRGWETQYF	KAYNVTQAF
CASSLGGETQYF	KAYNVTQAF
CASSDRIAGHYNEQFF	KAYNVTQAF
CAWSVSSGEIRPYEQYF	KAYNVTQAF
CATSRAAWDRGPYINQPQHF	KAYNVTQAF
CASSLGDWGSNQPQHF	KAYNVTQAF
CASSLDRGDIQYF	KAYNVTQAF
CASSLDRGTEAFF	KAYNVTQAF
CASSPRDRGEFNEQFF	KAYNVTQAF
CASSPDRVPYEQYF	KAYNVTQAF
CASSFSVGAGGPRETQYF	KAYNVTQAF
CASKGGPNEQYF	KAYNVTQAF
CASTLGYEQYF	KAYNVTQAF
CATSIDRGGGNTIYF	KAYNVTQAF
CASSAGASTDTQYF	KAYNVTQAF
CSARTFAGGALLNTGELFF	KAYNVTQAF
CATSDLTGRNEQFF	KAYNVTQAF
CASTRGQGEFYEQYF	KAYNVTQAF
CASSLGYEQYF	KAYNVTQAF
CASSLGLGEREGLDTQYF	KAYNVTQAF
CASSPGTAGEYEQFF	KAYNVTQAF
CASSFQGAYGYTF	KAYNVTQAF
CASSWRQDNYGYTF	KAYNVTQAF
CARRGHPSNQPQHF	KAYNVTQAF
CASSPEDGYTF	KAYNVTQAF
CASSPRTEAFF	KAYNVTQAF
CASSLGSRETEQFF	KAYNVTQAF
CASSQVTGTGGARETQYF	KAYNVTQAF
CASGLAGAINEQFF	KAYNVTQAF
CASSQGSDTDTQYF	KAYNVTQAF
CASSRGYEQYF	KAYNVTQAF
CASSQFGANVLTF	KAYNVTQAF
CASSLSQAVGVQPQHF	KAYNVTQAF
CASSQDGGTNEAFF	KAYNVTQAF
CASSSGQGEVYGYTF	KAYNVTQAF
CASKKSGRITDTQYF	KAYNVTQAF
CASSFDKNTEAFF	KAYNVTQAF
CASSQDWGQGNTGELFF	KAYNVTQAF
CASSVVGGVNTGELFF	KAYNVTQAF
CASSQDRGETRVYEQYF	KAYNVTQAF
CASSAGQRNTIYF	KAYNVTQAF
CASSLGGTGELFF	KAYNVTQAF
CASSLGLAGGATQYF	KAYNVTQAF
CASSDRGSSNQPQHF	KAYNVTQAF
CASSPRDRGEFNEQFF	KAYNVTQAF
CASSTGQGEYGELFF	KAYNVTQAF
AGVKITNSYEQYF	KAYNVTQAF
CASSLGPGGNQPQHF	KAYNVTQAF
CASSLEGAQPQHF	KAYNVTQAF
CATSDLTGRNEQFF	KAYNVTQAF
CASSFDRATEAFF	KAYNVTQAF
CASSHGGYYEQYF	KAYNVTQAF
CASSYERNYGYTF	KAYNVTQAF
CASSLAWSGRNEQFF	KAYNVTQAF
CSARALAGPTDTQYF	KAYNVTQAF
CASTPVVRYEQYF	KAYNVTQAF
CASSRGGGTFSYNEQFF	KAYNVTQAF
CASSFDRASTQYF	KAYNVTQAF
CASSSGQRNTIYF	KAYNVTQAF
CASSEVGEQFF	KAYNVTQAF
CASSLGLEQFF	KAYNVTQAF
CASSQGGFREAFF	KAYNVTQAF
CATSSDRGGGNTIYF	KAYNVTQAF
CASSYSSPLDGYTF	KAYNVTQAF
CASSVFLGDQETQYF	KAYNVTQAF
CASSQDARGPDEQYF	KAYNVTQAF
CASSEEDRRFDQPQHF	KAYNVTQAF
CASSQDRGENQPQHF	KAYNVTQAF
CASSRGTGEFQPQHF	KAYNVTQAF
CASSAGTGEAHEQYF	KAYNVTQAF
CASSVSGTGEFLREKLFF	KAYNVTQAF
CASSFLGSAGEGNEQFF	KAYNVTQAF
CASSQAPLGEQFF	KAYNVTQAF
CASSPRDRGPSTDNSPLHF	KAYNVTQAF
CASSRDRGEFRSYEQYF	KAYNVTQAF
CASSLLGRYEQYF	KAYNVTQAF
CASKSVRSYNEQFF	KAYNVTQAF
CASSPPGHEQFF	KAYNVTQAF
CASSLGTGEYSEQFF	KAYNVTQAF
CASSLDRGEVYGYTF	KAYNVTQAF
CASCWVGDGVYGYTF	KAYNVTQAF
CASSSVTSPYDVNTEAFF	KAYNVTQAF
CASSEDGGNTIYF	KAYNVTQAF
CATSDLAQEHSNQPQHF	KAYNVTQAF
CASSPGQGLDIYGYTF	KAYNVTQAF
CASSQDFLQPNTEAFF	KAYNVTQAF
CASSLGQRNEQFF	KAYNVTQAF
CASGAIGDQYF	KAYNVTQAF
CASSPVGHRSPLHF	KAYNVTQAF
CASSLRERGSYNEQFF	KAYNVTQAF
CASSLALTGPSYEQYF	KAYNVTQAF
CASSLGIDTQYF	KAYNVTQAF
CASSYRSAGEFADTQYF	KAYNVTQAF
CASSPGTPNTEAFF	KAYNVTQAF
CASRPGTSLDTQYF	KAYNVTQAF
CASSGGQRNTIYF	KAYNVTQAF
CASSQDSDGWTNEQFF	KAYNVTQAF
CASSTGGENTEAFF	KAYNVTQAF
CATSRDRGAGNVAFF	KAYNVTQAF
CACNAEAFF	KAYNVTQAF
CASSLDQGEYQPQHF	KAYNVTQAF
CASSFLGSAFGSNQPQHF	KAYNVTQAF
CASSLLGQYEQYF	KAYNVTQAF
CASSYRHDNSPLHF	KAYNVTQAF
CASSLLAGETQYF	KAYNVTQAF
CASSQVQGTDTQYF	KAYNVTQAF
CASSPRQGVGETQYF	KAYNVTQAF
CASSLGYEQYF	KAYNVTQAF
CASSLQGAEYEQYF	KAYNVTQAF
CASSFDRSDTQYF	KAYNVTQAF
CASSIGGGQETQYF	KAYNVTQAF
CASSLGQRNIQYF	KAYNVTQAF
CASSQDWLSTDTQYF	KAYNVTQAF
CASSVGTGSVYGYTF	KAYNVTQAF
CASSLVQGRGAFF	KAYNVTQAF
CASSQIQGTDTQYF	KAYNVTQAF
CASSQGQRNTIYF	KAYNVTQAF
CAISEPGLKRAEAFF	KAYNVTQAF
CASNSGSALYEQYF	KAYNVTQAF
CASSWGNGNTEAFF	KAYNVTQAF
CASSRGTGEVNEQFF	KAYNVTQAF
CASSYSGSYIEAFF	KAYNVTQAF
CASSLRAGRRTEAFF	KAYNVTQAF
CASSPMDQGLSLSTDTQYF	KAYNVTQAF
CASSRTGTEETQYF	KAYNVTQAF
CASSIDRGVRYEQYF	KAYNVTQAF
CASSLSQAVGVQPQHF	KAYNVTQAF
CASSQAPLGEQFF	KAYNVTQAF
CASSEGGITEAFF	KAYNVTQAF
CASSQDLLGAGNEQFF	KAYNVTQAF
CSVESYSSTDTQYF	KAYNVTQAF
CASSFSLRAEQYF	KAYNVTQAF
CASSYGTGEFYEQYF	KAYNVTQAF
CASSLLGVQPQHF	KAYNVTQAF
CASSYSGSGGKTTQYF	KAYNVTQAF
CASSVWGATNYGYTF	KAYNVTQAF
CASSYRWDNSPLHF	KAYNVTQAF
CSASLPPLGGSHDGYTF	KAYNVTQAF
CASSPGLGGASTDTQYF	KAYNVTQAF
CASSPVEGGTFYEQYF	KAYNVTQAF
CASSWTDAGVQGSYNEQFF	KAYNVTQAF
CASSLGGDTQYF	KAYNVTQAF
CASSFSGGLNQPQHF	KAYNVTQAF
CASSKLERGYSNQPQHF	KAYNVTQAF
CASSPSGGNTEAFF	KAYNVTQAF
CASTLGEAAQETQYF	KAYNVTQAF
CASSSGQAYAEAFF	KAYNVTQAF
CATGLGSGRNEQFF	KAYNVTQAF
CASSSGTLADTQYF	KAYNVTQAF
CASSGGQRNTIYF	KAYNVTQAF
CASNWDSPNEKLFF	KAYNVTQAF
CASSLLGTGSHEQFF	KAYNVTQAF
CASSLGGDIQYF	KAYNVTQAF
CASSFAGDSVYGYTF	KAYNVTQAF
CSALQGEHGYTF	KAYNVTQAF
CASSEGGVTYEQYF	KAYNVTQAF
CASTMGVGSNTEAFF	KAYNVTQAF
CASSRGRGEVIEQYF	KAYNVTQAF
CASSSGASTDTQYF	KAYNVTQAF
CATSRDVPAPGNTIYF	KAYNVTQAF
CASSHDRNSYNEQFF	KAYNVTQAF
CASSLVGALSEGGYTF	KAYNVTQAF
CASSFDRAGEQYF	KAYNVTQAF
CASAGTGKGTEAFF	KAYNVTQAF
CASSLESSMNTEAFF	KAYNVTQAF
CASSLGGANTEAFF	KAYNVTQAF
CASSYGEPGTEAFF	KAYNVTQAF
CASSPWGGDEQFF	KAYNVTQAF
CASSLRRLAGYEQYF	KAYNVTQAF
CATSRNPGQGVREKLFF	KAYNVTQAF
CASSLFGGSGGADEQFF	KAYNVTQAF
CASSPRDRGEYNEQFF	KAYNVTQAF
CASSLESGGAFTGELFF	KAYNVTQAF
CSGWTGGNTEAFF	KAYNVTQAF
CSARGQGESRYTF	KAYNVTQAF
CASSLTYEQYF	KAYNVTQAF
CASSFWGSGGTGELFF	KAYNVTQAF
CASSWERNYGYTF	KAYNVTQAF
CASSFWGAGGTGELFF	KAYNVTQAF
CASSQDSLGGPYEQYF	KAYNVTQAF
CASTRTGLGPDNEQFF	KAYNVTQAF
CASSAPPWGPGQGQETQYF	KAYNVTQAF
CASSQGQGVRQETQYF	KAYNVTQAF
CASSPRGRGSFMEKLFF	KAYNVTQAF
CASSFVGGLREQYF	KAYNVTQAF
CASSWSTGTVREQYF	KAYNVTQAF
CASSEIGELFF	KAYNVTQAF
CASSYAGLAGEQYF	KAYNVTQAF
CASSLGGNYGYTF	KAYNVTQAF
CASSQDWLSTDTQYF	KAYNVTQAF
CASSQELNGSPYNEQFF	KAYNVTQAF
CASSPGLAGPETQYF	KAYNVTQAF
CASSLVGEQFF	KAYNVTQAF
CASSLRAGRRTEAFF	KAYNVTQAF
CASSLGGGPNEQFF	KAYNVTQAF
CASSWNRAGDGYTF	KAYNVTQAF
CASQLDRGSNQPQHF	KAYNVTQAF
CASSFDRGDTQYF	KAYNVTQAF
CASSLLGQGGGYTF	KAYNVTQAF
CASSWTGGNTEAFF	KAYNVTQAF
CASSFDRNTEAFF	KAYNVTQAF
CASSQSTGEFRVYEQYF	KAYNVTQAF
CASSLGGTSAEAFF	KAYNVTQAF
CASRGGGNNNEQFF	KAYNVTQAF
CASTLAGGTDTQYF	KAYNVTQAF
CASSEPPWTSGGEETQYF	KAYNVTQAF
CASSQDSGGFGELFF	KAYNVTQAF
CASSWTGDSIYGYTF	KAYNVTQAF
CASSPGQGGYGYTF	KAYNVTQAF
CASSVVEEGDEQYF	KAYNVTQAF
CASSPDGFNQPQHF	KAYNVTQAF
CASSLDTYQETQYF	KAYNVTQAF
CATSRDRADNYGYTF	KAYNVTQAF
CASSLEARGSFTGELFF	KAYNVTQAF
CATSDADRGTEAFF	KAYNVTQAF
CASSTIDRGRLGNEQFF	KAYNVTQAF
CASSFSVGVLETQYF	KAYNVTQAF
CASSEGWEKLFF	KAYNVTQAF
