CDR3	AA
CASSLVTGISYEQYF	LLFVTVYSHL
CASSPGTEGLPLHF	LLFVTVYSHL
CASSFQGKPTYEQYF	LLFVTVYSHL
CASSRQGFVENTEAFF	LLFVTVYSHL
CASSLVAGGLDEQFF	LLFVTVYSHL
CASSSLNSGSYNEQFF	LLFVTVYSHL
CASSPLVGRNEQFF	LLFVTVYSHL
CASSYLTGQTTGELFF	LLFVTVYSHL
CASSDPGQGQETQYF	LLFVTVYSHL
CASSPWEYNEQFF	LLFVTVYSHL
CSARDPGLVTGWQETQYF	LLFVTVYSHL
CASSLWGVAGGQETQYF	LLFVTVYSHL
CASSEIDGATEAFF	LLFVTVYSHL
CASHTKNNEQFF	LLFVTVYSHL
CASSIPGAPEAFF	LLFVTVYSHL
CASSQGTGGYYEQYF	LLFVTVYSHL
CASSYDQETDTQYF	LLFVTVYSHL
CSFSWSYEQYF	LLFVTVYSHL
CASSQEASGVQETQYF	LLFVTVYSHL
CASSQDPGLGNTIYF	LLFVTVYSHL
CSARKRPKEMNTEAFF	LLFVTVYSHL
CASSQRWGADTEAFF	LLFVTVYSHL
CASSPGPGGDLQYF	LLFVTVYSHL
CASSLAWGLQETQYF	LLFVTVYSHL
CASSLAPGVGYEQYF	LLFVTVYSHL
CASSLWGQDTTDTQYF	LLFVTVYSHL
CASSEVSGTSGRAGELFF	LLFVTVYSHL
CASSPGTSIGETQYF	LLFVTVYSHL
CASSSARGDEVPAGELFF	LLFVTVYSHL
CASGLVPDQETQYF	LLFVTVYSHL
CASSLTSGSMYEQYF	LLFVTVYSHL
CASSPRAGVTNTGELFF	LLFVTVYSHL
CASSQWDLNTEAFF	LLFVTVYSHL
CASSWTSGSQETQYF	LLFVTVYSHL
CASSLWDSTYEQYF	LLFVTVYSHL
CASSPLTSGSYNEQFF	LLFVTVYSHL
CASSLWGAENTDTQYF	LLFVTVYSHL
CASSSGDLYTGELFF	LLFVTVYSHL
CATLTGLGYTF	LLFVTVYSHL
CASSQGPSNTGELFF	LLFVTVYSHL
CASSLSATGNNEQFF	LLFVTVYSHL
CSGISGSSYEQYF	LLFVTVYSHL
CASRTGESPLHF	LLFVTVYSHL
CASQDRDYNSPLHF	LLFVTVYSHL
CASSLTGFGTEAFF	LLFVTVYSHL
CASSYVDMSEQFF	LLFVTVYSHL
CASSPSSYEQYF	LLFVTVYSHL
CASSWNIQGHEQYF	LLFVTVYSHL
CASSDPPLQGNYGYTF	LLFVTVYSHL
CASSYPRQGGNTEAFF	LLFVTVYSHL
CASSKGGWNIQYF	LLFVTVYSHL
CASSSTSRGRYGYTF	LLFVTVYSHL
CASSSPGTGGGETQYF	LLFVTVYSHL
CASSSPTGGRFTDTQYF	LLFVTVYSHL
CASSPQGGWYGYTF	LLFVTVYSHL
CASSPRDRGWYEQFF	LLFVTVYSHL
CASRADQETQYF	LLFVTVYSHL
CASSPQGHEQYF	LLFVTVYSHL
CASSQGPFLTEAFF	LLFVTVYSHL
CASSQASAPMQFF	LLFVTVYSHL
CASSLPPNNEQFF	LLFVTVYSHL
CASSLKEKTYEQYF	LLFVTVYSHL
CASSQDATEAFF	LLFVTVYSHL
CASSLAGTNEQFF	LLFVTVYSHL
CASSQGVPSTGQYF	LLFVTVYSHL
CASSQVLADSYEQYF	LLFVTVYSHL
CASSPTPYSNQPQHF	LLFVTVYSHL
CASSATGTGSSYEQYF	LLFVTVYSHL
CASSPPDSSYNEQFF	LLFVTVYSHL
CASSIGSGAGKYNEQFF	LLFVTVYSHL
CASSERLSTYEQYF	LLFVTVYSHL
CASGQETQYF	LLFVTVYSHL
CATASVQMYEQFF	LLFVTVYSHL
CASSQVNESPLHF	LLFVTVYSHL
CASSLPWTGPGELFF	LLFVTVYSHL
CSVVGYTGELFF	LLFVTVYSHL
CASSTGLALNEQFF	LLFVTVYSHL
CASSQHSGANVLTF	LLFVTVYSHL
CATPGSSTDTQYF	LLFVTVYSHL
CARRRNTGELFF	LLFVTVYSHL
CSVGVEAKNIQYF	LLFVTVYSHL
CASTISRLAVHEQFF	LLFVTVYSHL
CASSLDASGRPGELFF	LLFVTVYSHL
CASSSLRAGGLTGELFF	LLFVTVYSHL
CASSLITGTAYEQYF	LLFVTVYSHL
CSATGTLDMSYEQYF	LLFVTVYSHL
CASSLLAGGRNEQFF	LLFVTVYSHL
CASSLSGTSGYTF	LLFVTVYSHL
CASSIRQSNEKLFF	LLFVTVYSHL
CASSWGSGGELFF	LLFVTVYSHL
CAGGGSSYEQYF	LLFVTVYSHL
CASNPPLAVYEQYF	LLFVTVYSHL
CASSIWTGISYEQYF	LLFVTVYSHL
CASSLWRDSYNEQFF	LLFVTVYSHL
CSVRALSYEQYF	LLFVTVYSHL
CASSPSGGGPHGYTF	LLFVTVYSHL
CASSLGTDIAGGRETQYF	LLFVTVYSHL
CASSTTGNEQFF	LLFVTVYSHL
CASSSPSPKRGAGELFF	LLFVTVYSHL
CASSIRRGLDGDSNQPQHF	LLFVTVYSHL
CASSLGENEQFF	LLFVTVYSHL
CASSFPGTAQETQYF	LLFVTVYSHL
CASSAWEGRYNEQFF	LLFVTVYSHL
CASSLTGFGTEAFF	LLFVTVYSHL
CASSYGDFKTQYF	LLFVTVYSHL
CASSRGQQETQYF	LLFVTVYSHL
CASREAGRAYNEQFF	LLFVTVYSHL
CASSLLFSNEQFF	LLFVTVYSHL
CASRVVGGRNEQFF	LLFVTVYSHL
CASSPGGNTEAFF	LLFVTVYSHL
CASSEGTSGSAQYF	LLFVTVYSHL
CASSLEGVTYEQYF	LLFVTVYSHL
CASSEDLRDRGSYEQYF	LLFVTVYSHL
CASSSAQLAGEYEQYF	LLFVTVYSHL
CATATAAGGYTGELFF	LLFVTVYSHL
CASSPLNVETQYF	LLFVTVYSHL
CASRLYQGTEAFF	LLFVTVYSHL
CAISEPSGVLDTQYF	LLFVTVYSHL
CASSLWGAGTGYTF	LLFVTVYSHL
CASGGLINEQFF	LLFVTVYSHL
CASSVDRSELAQETQYF	LLFVTVYSHL
CASSSTGPTGYTF	LLFVTVYSHL
CASSLDQGSYGYTF	LLFVTVYSHL
CASSLSESYNEQFF	LLFVTVYSHL
CATYGLEGEQFF	LLFVTVYSHL
CASSQDLVPYEQYF	LLFVTVYSHL
CASSQGAFSSYEQYF	LLFVTVYSHL
CASSTAGSQPQHF	LLFVTVYSHL
CASSEGQIYGYTF	LLFVTVYSHL
CSANPLSYEQYF	LLFVTVYSHL
CASSQDPSNEKLFF	LLFVTVYSHL
CSAMGGDRGDEQFF	LLFVTVYSHL
CSVGGGASNTIYF	LLFVTVYSHL
CASSLYNEQFF	LLFVTVYSHL
CSVMTSGTSYEQYF	LLFVTVYSHL
CASSLTGANEKLFF	LLFVTVYSHL
CASSSTGGFGYTF	LLFVTVYSHL
CARTQGNAGELFF	LLFVTVYSHL
CASSQGSMDDYGYTF	LLFVTVYSHL
CASSHDRDGTGELFF	LLFVTVYSHL
CASSPLTSGATYEQYF	LLFVTVYSHL
CASTRDNNYEQYF	LLFVTVYSHL
CASSSTRGLRFYEQYF	LLFVTVYSHL
CASSTGTTYNEQFF	LLFVTVYSHL
CASSTTGYYGYTF	LLFVTVYSHL
CASSLAGNQPQHF	LLFVTVYSHL
CASSQYSQTQYF	LLFVTVYSHL
CASSRGVASVGETQYF	LLFVTVYSHL
CASSAWGNTEAFF	LLFVTVYSHL
CASSQKNSDYEQYF	LLFVTVYSHL
CAISPPGPSYNEQFF	LLFVTVYSHL
CASSLTGALGRSIANQPQHF	LLFVTVYSHL
CASSWGQGQFMNTEAFF	LLFVTVYSHL
CASSLEVGMNTEAFF	LLFVTVYSHL
CASSSGGTNQETQYF	LLFVTVYSHL
CASSEGGSWEGYTF	LLFVTVYSHL
CASSYSSWAGNADTQYF	LLFVTVYSHL
CASAWGPGGEAFF	LLFVTVYSHL
CASSIGATSNQPQHF	LLFVTVYSHL
CASSHSAPYEQYV	LLFVTVYSHL
CASSISPSEQFF	LLFVTVYSHL
CSTEGGDDYGYTF	LLFVTVYSHL
CAISDGVSSNQPQHF	LLFVTVYSHL
CSAIGTRNTEAFF	LLFVTVYSHL
CASSAGTGAYEQYF	LLFVTVYSHL
CASSLDGNEQFF	LLFVTVYSHL
CASSVRAGIGTDQETQYF	LLFVTVYSHL
CATSIGTGGGTDTQYF	LLFVTVYSHL
CASSLYYNEQFF	LLFVTVYSHL
CASSQADTQYF	LLFVTVYSHL
CASSLGPSGGVSSYNEQFF	LLFVTVYSHL
CASSPAAGTVQETQYF	LLFVTVYSHL
CASSEGADSYGNEQFF	LLFVTVYSHL
CASRLSLGVYNEQFF	LLFVTVYSHL
CSAPGPSSYEQYF	LLFVTVYSHL
CASSEVGVDTEAFF	LLFVTVYSHL
CASSHPRTSPTGELFF	LLFVTVYSHL
CASSLWAGLTEAFF	LLFVTVYSHL
CASSPASGGLTDTQYF	LLFVTVYSHL
CASSLGSGNTIYF	LLFVTVYSHL
CSATTDQLRGMNTEAFF	LLFVTVYSHL
CASSLGLDSNEQFF	LLFVTVYSHL
CASSPVTGGETDTQYF	LLFVTVYSHL
CASSSSSYEQYF	LLFVTVYSHL
CASSHTVGSDTQYF	LLFVTVYSHL
CASSEGLGGYEQYF	LLFVTVYSHL
CASSGLKETQYF	LLFVTVYSHL
CASSLRQGHQPQHF	LLFVTVYSHL
CASSLVAQPPSTDTQYF	LLFVTVYSHL
CASSLSGEDGYTF	LLFVTVYSHL
CASSGLAETGELFF	LLFVTVYSHL
CASSTTGGVGQPQHF	LLFVTVYSHL
CASSQYNSPLHF	LLFVTVYSHL
CASTLGGTSVDTQYF	LLFVTVYSHL
CSARDPPDMITDTQYF	LLFVTVYSHL
CASSLEGYTGELFF	LLFVTVYSHL
CASSFLNTEAFF	LLFVTVYSHL
CASSAGTSGRETQYF	LLFVTVYSHL
CASSQDAPYQGFSNQPQHF	LLFVTVYSHL
CASSLGSGDLNEQFF	LLFVTVYSHL
CASSSSGTSGDTQYF	LLFVTVYSHL
CASRVPQDMGTQYF	LLFVTVYSHL
CASSLSVSQPQHF	LLFVTVYSHL
CASRSDGTSNQPQHF	LLFVTVYSHL
CASSLSLAGFYGYTF	LLFVTVYSHL
CAISAGSSYNEQFF	LLFVTVYSHL
CASSPITGGNQPQHF	LLFVTVYSHL
CASAYLAGAENEQFF	LLFVTVYSHL
CASSLGVTGNTIYF	LLFVTVYSHL
CASRGQSTNEQFF	LLFVTVYSHL
CASSSLATSGSYQETQYF	LLFVTVYSHL
CASRPDTSYEQYF	LLFVTVYSHL
CASSLIAGVFFEQFF	LLFVTVYSHL
CASSFPGNEQYF	LLFVTVYSHL
CASSEGTTGELFF	LLFVTVYSHL
CASSLWGTGVTYEQYF	LLFVTVYSHL
CASSLIMSSYNSPLHF	LLFVTVYSHL
CASSHFQTYEQYF	LLFVTVYSHL
CASGIAGISGETQYF	LLFVTVYSHL
CSVIKTGFEQYF	LLFVTVYSHL
CASSLAGSTDTQYF	LLFVTVYSHL
CASRERGADTQYF	LLFVTVYSHL
CASSQEAGRLDEQFF	LLFVTVYSHL
CARGQRNTGELFF	LLFVTVYSHL
CATYGVDTQYF	LLFVTVYSHL
CASSNSGTGRTEAFF	LLFVTVYSHL
CASSLAGGMGGELFF	LLFVTVYSHL
CASSFRTDMNTEAFF	LLFVTVYSHL
CSATGRSSYNEQFF	LLFVTVYSHL
CASTGYSIRGETQYF	LLFVTVYSHL
CASSSSSSGPLGELFF	LLFVTVYSHL
CASSQRLAGENEQFF	LLFVTVYSHL
CSARDLAENTDTQYF	LLFVTVYSHL
CASSPGAGVLEQYF	LLFVTVYSHL
CASSWNRALGTEEQYF	LLFVTVYSHL
CASSLRDRAITDTQYF	LLFVTVYSHL
CSVEGPNGEKLFF	LLFVTVYSHL
CASSLSAWQGYTF	LLFVTVYSHL
CASSTGLSPYEQYF	LLFVTVYSHL
CATLRTGPLETQYF	LLFVTVYSHL
CASSAIQNGPAQETQYF	LLFVTVYSHL
CASSFGMEDYGYTF	LLFVTVYSHL
CASKVGLAGVEQFF	LLFVTVYSHL
CASSLTGWMNTEAFF	LLFVTVYSHL
CASSVESQREETQYF	LLFVTVYSHL
CASSTPTVMSANYGYTF	LLFVTVYSHL
CSVPHLLAGEQFF	LLFVTVYSHL
CSVEGGQSGSYNEQFF	LLFVTVYSHL
CASSPGTANTGELFF	LLFVTVYSHL
CANGQGPYEQYF	LLFVTVYSHL
CASSSWETETQYF	LLFVTVYSHL
CASSQGQGRETQYF	LLFVTVYSHL
CAWDEQRGNTGELFF	LLFVTVYSHL
CASMQGISGNTIYF	LLFVTVYSHL
CASSPYPNTEAFF	LLFVTVYSHL
CASSPQIATPGELFF	LLFVTVYSHL
CASSLGVTNTGELFF	LLFVTVYSHL
CASAGLYDAEQFF	LLFVTVYSHL
CASSSGLAGAQYF	LLFVTVYSHL
CSANPKSYEQYF	LLFVTVYSHL
CASSYSPFEQYF	LLFVTVYSHL
CASSYGLNTGELFF	LLFVTVYSHL
CATSRWGAGYEQYF	LLFVTVYSHL
CASMAYSYEQYF	LLFVTVYSHL
CSAGGENTGELFF	LLFVTVYSHL
CASSQESQMNYGYTF	LLFVTVYSHL
CASSLWTSGAYNEQFF	LLFVTVYSHL
CASSLTGGNLLLESTDTQYF	LLFVTVYSHL
CASSYLGQAYGYTF	LLFVTVYSHL
CASSLYQNSPLHF	LLFVTVYSHL
CASSLGGGANEQFF	LLFVTVYSHL
CASRPPRAVGVDTQYF	LLFVTVYSHL
CASSVQGDVDEQYF	LLFVTVYSHL
CASSLAPEYNEQFF	LLFVTVYSHL
CASSLVNQPQHF	LLFVTVYSHL
CASSPYGTSGRTDEQYF	LLFVTVYSHL
CASTRLGDKFSYNEQFF	LLFVTVYSHL
CASTLGATYNEQFF	LLFVTVYSHL
CAITELAGGHETSGANVLTF	LLFVTVYSHL
CSARGVDSTDTQYF	LLFVTVYSHL
CASSHPRVTSGTKNNEQFF	LLFVTVYSHL
CASSSSDEQYF	LLFVTVYSHL
CATYERNEQFF	LLFVTVYSHL
CASSVTNTGELFF	LLFVTVYSHL
CASSQDPSGYTDTQYF	LLFVTVYSHL
CASSRERGLPGADTQYF	LLFVTVYSHL
CASSQDPGGSYNEQFF	LLFVTVYSHL
CSAGGGSYNEQFF	LLFVTVYSHL
CSANPLSYEQYF	LLFVTVYSHL
CASSELRQGAGTEAFF	LLFVTVYSHL
CASNDSGHPDLRGTGELFF	LLFVTVYSHL
CASSLIDSAELFF	LLFVTVYSHL
CASSIGTGVVYEQYF	LLFVTVYSHL
CASRRGEGRAFF	LLFVTVYSHL
CASSLLLGQGETQYF	LLFVTVYSHL
CASSRPDDWETQYF	LLFVTVYSHL
CASSSGGGAIQETQYF	LLFVTVYSHL
CASTPGLNEQFF	LLFVTVYSHL
CASSFGGDTGELFF	LLFVTVYSHL
CASSAAGTAGYGYTF	LLFVTVYSHL
CASSLLTSGIRNEQFF	LLFVTVYSHL
CASSQGGQTTEAFF	LLFVTVYSHL
CASSLLTDTQYF	LLFVTVYSHL
CASSSPGGYEQYF	LLFVTVYSHL
CASSQDVQGAVQPQHF	LLFVTVYSHL
CSVVAPPLQGATGELFF	LLFVTVYSHL
CASTTIEGANTGELFF	LLFVTVYSHL
CASSLTFPSYNEQFF	LLFVTVYSHL
CASPGTGGNEQFF	LLFVTVYSHL
CASSDLVQGMKEKLFF	LLFVTVYSHL
CASSLEGYQPQHF	LLFVTVYSHL
