CDR3	AA
CASSPPGIGTGLDTQYF	MVMCGGSLYV
CASSLQGVGTDTQYF	MVMCGGSLYV
CSASVYLYEQFF	MVMCGGSLYV
CASSLPGLGYNEQFF	MVMCGGSLYV
CASSSGTGFYEQYF	MVMCGGSLYV
CASSLGTYNEQFF	MVMCGGSLYV
CASSYSGMDRGISGANVLTF	MVMCGGSLYV
CASSQDPVRVNTEAFF	MVMCGGSLYV
CASSEGGLSYEQYF	MVMCGGSLYV
CASTPQGSFSYNEQFF	MVMCGGSLYV
CASSVVSGSNTIYF	MVMCGGSLYV
CASSLGTLETQYF	MVMCGGSLYV
CASTGSFTEAFF	MVMCGGSLYV
CASSLGTRGRAFF	MVMCGGSLYV
CASSQGSYNEQFF	MVMCGGSLYV
CAWSVRIMAETDTQYF	MVMCGGSLYV
CASSKGTTDTQYF	MVMCGGSLYV
CSAELPQHFYEQYF	MVMCGGSLYV
CASSSGTYNEQFF	MVMCGGSLYV
CASSLGSFNEQFF	MVMCGGSLYV
CASSQEGGLMGVGTQYF	MVMCGGSLYV
CASSLGFMFYEQYF	MVMCGGSLYV
CASRSYRGFQETQYF	MVMCGGSLYV
CASSFGSLNTEAFF	MVMCGGSLYV
CASSSVGAYATNEKLFF	MVMCGGSLYV
CASTEGLAGIGIGETQYF	MVMCGGSLYV
CASSSNPTGFLLYEQYF	MVMCGGSLYV
CASSLPGLYYNEQFF	MVMCGGSLYV
CASSPEGTGLNYEQYF	MVMCGGSLYV
CASSPGTVTYEQYF	MVMCGGSLYV
CATSPGEMGGSYNEQFF	MVMCGGSLYV
CASSPGTLGELFF	MVMCGGSLYV
CASSYGTTSEQYF	MVMCGGSLYV
CSGTGGDSYNEQFF	MVMCGGSLYV
CASSFLGTFGEQFF	MVMCGGSLYV
CASSLEGLLNTEAFF	MVMCGGSLYV
CASSLWTGLMNTEAFF	MVMCGGSLYV
CASSGGHGYNEQFF	MVMCGGSLYV
CASSLGLNQPQHF	MVMCGGSLYV
CSASTGTLLKETQYF	MVMCGGSLYV
CASRGGGDRGGEQFF	MVMCGGSLYV
CATGSDNRRYEQYF	MVMCGGSLYV
CASSTPGTGIYNEQFF	MVMCGGSLYV
CSASARGQDNSPLHF	MVMCGGSLYV
CSALRPLNEQFF	MVMCGGSLYV
CASTPEGVQETQYF	MVMCGGSLYV
CSARGTSGGLYEQYF	MVMCGGSLYV
CASRSGQAVTTYEQYF	MVMCGGSLYV
CASSRGSTDTQYF	MVMCGGSLYV
CASSPSGTSGTYEQYF	MVMCGGSLYV
CSARSLDRGNNEQFF	MVMCGGSLYV
CASSSGTLTGELFF	MVMCGGSLYV
CASSLSGLYNSPLHF	MVMCGGSLYV
CASSDGTYNEQFF	MVMCGGSLYV
CASSPGLAGGQFF	MVMCGGSLYV
CASSRPDGSYEQYF	MVMCGGSLYV
CASSSPTGTLNNEQFF	MVMCGGSLYV
CATSRLESTGELFF	MVMCGGSLYV
CASSFEGLMNTEAFF	MVMCGGSLYV
CASSPPLAVVETQYF	MVMCGGSLYV
CSAGPRTPTDTQYF	MVMCGGSLYV
CASSPRPGTGFPYEQYF	MVMCGGSLYV
CASSLGYNQPQHF	MVMCGGSLYV
CASSFSGTGTGELFF	MVMCGGSLYV
CASSPRQDTLSGANVLTF	MVMCGGSLYV
CASEAFGGSGNTIYF	MVMCGGSLYV
CASSLGTLDTQYF	MVMCGGSLYV
CASTLAGSFYNEQFF	MVMCGGSLYV
CASSLSGLAGEAQYF	MVMCGGSLYV
CASGFRRETYNEQFF	MVMCGGSLYV
CASSQEDLGAGGGTSTDTQYF	MVMCGGSLYV
CSAMTGTGYYEQYF	MVMCGGSLYV
CASSLTGGTNEKLFF	MVMCGGSLYV
CASTNSLGYNEQFF	MVMCGGSLYV
CASSLGLSGSPLHF	MVMCGGSLYV
CASSYPDGGADTQYF	MVMCGGSLYV
CASSSQGGSYGYTF	MVMCGGSLYV
CASSQPPGLPIVAKNIQYF	MVMCGGSLYV
CASSQDGIRQVQPQHF	MVMCGGSLYV
CASSSGTQGTQYF	MVMCGGSLYV
CASLFRTSGANNEQFF	MVMCGGSLYV
CSASGGAVEQYF	MVMCGGSLYV
CASSPGTYNEQFF	MVMCGGSLYV
CASSLSTGGAEGETQYF	MVMCGGSLYV
CASSFRVGEGIGTGELFF	MVMCGGSLYV
CASSSSTLRSEWETQYF	MVMCGGSLYV
CASSPPMDRRNQPQHF	MVMCGGSLYV
CASSKKGTGGAGGELFF	MVMCGGSLYV
CASSLGTSTFWETQYF	MVMCGGSLYV
CASSYPISPRIYNEQFF	MVMCGGSLYV
CATSDHRIGTTYNEQFF	MVMCGGSLYV
CASSAGTLDTQYF	MVMCGGSLYV
CASSFSPQLQYF	MVMCGGSLYV
CASSFEGLMNTEAFF	MVMCGGSLYV
CASSYGAGDLNNEQFF	MVMCGGSLYV
CASSAGTVGTEAFF	MVMCGGSLYV
CAWSWGIPGELFF	MVMCGGSLYV
CASSPQVGVINSPLHF	MVMCGGSLYV
CASSQDAGLAEMLQFF	MVMCGGSLYV
CASSSWVEQFF	MVMCGGSLYV
CASSQDASYEQYF	MVMCGGSLYV
CASSEGHLLYEQYF	MVMCGGSLYV
CASSFGLGDLDEQFF	MVMCGGSLYV
CASSQEVGLLSGANVLTF	MVMCGGSLYV
CASSLSSYSTDTQYF	MVMCGGSLYV
CATKAGLMGTEAFF	MVMCGGSLYV
CATSDSGTGRGADTQYF	MVMCGGSLYV
CASSQDLTGNTEAFF	MVMCGGSLYV
CSAHRAGVFYEQYF	MVMCGGSLYV
CASSLGSTDTQYF	MVMCGGSLYV
CASSPGTYNEQFF	MVMCGGSLYV
CASSLDAGWETQYF	MVMCGGSLYV
CSALTSFSNQPQHF	MVMCGGSLYV
CASSLAVGTGAFSNQPQHF	MVMCGGSLYV
CSVDRGFEAFF	MVMCGGSLYV
CASSPGSLTGELFF	MVMCGGSLYV
CASSPGDIGVLNTEAFF	MVMCGGSLYV
CASSILAGDYNEQFF	MVMCGGSLYV
CASSPGLAYDTQYF	MVMCGGSLYV
CATSSPGLTPTDTQYF	MVMCGGSLYV
CASSLGTFDEQYF	MVMCGGSLYV
CASSFLNMTNSYEQYF	MVMCGGSLYV
CASSEITGELFF	MVMCGGSLYV
CASSPGTNQPQHF	MVMCGGSLYV
CASSLGTFDEQFF	MVMCGGSLYV
CSAVQGPYEQYF	MVMCGGSLYV
CASSTGTATYEQYF	MVMCGGSLYV
CSVGGDTSYNEQFF	MVMCGGSLYV
CASSKGLAGAGELFF	MVMCGGSLYV
CASSLGTYETQYF	MVMCGGSLYV
CASSIPGLHLNTEAFF	MVMCGGSLYV
CASSSRDTLYNEQFF	MVMCGGSLYV
CSAPPETLLQETQYF	MVMCGGSLYV
CASSQGTANEQFF	MVMCGGSLYV
CSARDKDRGNEQFF	MVMCGGSLYV
CASSRGTNTEAFF	MVMCGGSLYV
CASSQDGRIYNEQFF	MVMCGGSLYV
CASSHPGRDYEQYF	MVMCGGSLYV
CASSLTGTIGHTDTQYF	MVMCGGSLYV
CASSSVGELFF	MVMCGGSLYV
CASSLGSYNEQFF	MVMCGGSLYV
CASSLGTGTQPQHF	MVMCGGSLYV
CASSSGTYLGTEAFF	MVMCGGSLYV
CASSPPGLAGTGELFF	MVMCGGSLYV
CASSQTTNYGYTF	MVMCGGSLYV
CASSLGTFYEQYF	MVMCGGSLYV
CASSGGSYSYNEQFF	MVMCGGSLYV
CASSLSGLAGTTDTQYF	MVMCGGSLYV
CASSPQGGFSYNEQFF	MVMCGGSLYV
CASSQGTGIGTDTQYF	MVMCGGSLYV
CASSSGAALAGRETQYF	MVMCGGSLYV
CASTRGSTDTQYF	MVMCGGSLYV
CASSFQGPPLHF	MVMCGGSLYV
CASSGYNEQFF	MVMCGGSLYV
CASSLGTYNEQFF	MVMCGGSLYV
CASSQALPGLAAYEQYF	MVMCGGSLYV
CSARALGEIIQTQYF	MVMCGGSLYV
CSAVDRGFSPSYEQYF	MVMCGGSLYV
CSAMGREGYNEQFF	MVMCGGSLYV
CASSTGGPSNQPQHF	MVMCGGSLYV
CASSFVDEQYF	MVMCGGSLYV
CASSLGELNEQFF	MVMCGGSLYV
CSAAGQGLSYEQYF	MVMCGGSLYV
CASSADTYNEQFF	MVMCGGSLYV
CASSQTGLAGARRTYNEQFF	MVMCGGSLYV
CASSLGSYGYTF	MVMCGGSLYV
CASRAPGQWTQPQHF	MVMCGGSLYV
CASSRGTTDTQYF	MVMCGGSLYV
CASSLSGGDGYTF	MVMCGGSLYV
CSANAGDLQETQYF	MVMCGGSLYV
CASKGGSLEQFF	MVMCGGSLYV
CATSVPGPDPTDTQYF	MVMCGGSLYV
CASSSRRDRLYNEQFF	MVMCGGSLYV
CASSRGTYNEQFF	MVMCGGSLYV
CASSQGSYNEQFF	MVMCGGSLYV
CSALDRDRFSYEQYF	MVMCGGSLYV
CSASPGLYEQYF	MVMCGGSLYV
CASSLGTRDIYGYTF	MVMCGGSLYV
CASTLTSDNTGELFF	MVMCGGSLYV
CASSIGTNNEQFF	MVMCGGSLYV
CSVERNSEAFF	MVMCGGSLYV
CASSEGTYNEQFF	MVMCGGSLYV
CASSLQGGTMTDQFF	MVMCGGSLYV
CSGGWGWGREETQYF	MVMCGGSLYV
CASSQDSLAGPYEQYF	MVMCGGSLYV
CSALAGEVTDTQYF	MVMCGGSLYV
CASSQLAGDYNEQFF	MVMCGGSLYV
CASSQEQGMGTGELFF	MVMCGGSLYV
CASSSGTYNEQFF	MVMCGGSLYV
CASSYGTSWDLNEQFF	MVMCGGSLYV
CASSFEGGMNTGELFF	MVMCGGSLYV
CASTLSGMGYNEQFF	MVMCGGSLYV
CASSSSGGFYNEQFF	MVMCGGSLYV
CASSQDRVGRSYNEQFF	MVMCGGSLYV
CASSLAGPSYNEQFF	MVMCGGSLYV
CASSKDGKGLAVYNEQFF	MVMCGGSLYV
CASSPGTFYEQYF	MVMCGGSLYV
CASSKAQGGDLAKNIQYF	MVMCGGSLYV
CATRQGGMGTDTQYF	MVMCGGSLYV
CAWSRGHASNQPQHF	MVMCGGSLYV
CASSLAVWEGLTDTQYF	MVMCGGSLYV
CASSPRQGLLNEKLFF	MVMCGGSLYV
CSARKGMEQYF	MVMCGGSLYV
CASSAGTYNEQFF	MVMCGGSLYV
CASSQGSGTGSLWETQYF	MVMCGGSLYV
CASSYGSIAGALRYEQYF	MVMCGGSLYV
CASSPVGYTGELFF	MVMCGGSLYV
CASSWGTSGEQYF	MVMCGGSLYV
CASSPGTFGEAFF	MVMCGGSLYV
CASSQGTRNIQYF	MVMCGGSLYV
CASSTAGEGQPQHF	MVMCGGSLYV
CASSSSEISVYNEQFF	MVMCGGSLYV
CASSQGGSYYEQYF	MVMCGGSLYV
CASSLGTMETQYF	MVMCGGSLYV
CASSNGLEQYF	MVMCGGSLYV
CATSDTGLAGLDEQFF	MVMCGGSLYV
CASSLGIGQGAWETQYF	MVMCGGSLYV
CASSYLSGGGTVNSPLHF	MVMCGGSLYV
CASSHLTSTWGDTQYF	MVMCGGSLYV
CASSSPATSGRKDTQYF	MVMCGGSLYV
CASSSGHLSYNEQFF	MVMCGGSLYV
CASSTGTIYEQYF	MVMCGGSLYV
CASSYPGLNEQFF	MVMCGGSLYV
CASSSNANEQFF	MVMCGGSLYV
CASSLGTTGELFF	MVMCGGSLYV
CASSPPQAAQETQYF	MVMCGGSLYV
CASSSGMLDKQYF	MVMCGGSLYV
CASSIERLDPKSSYNSPLHF	MVMCGGSLYV
CASSFREQFF	MVMCGGSLYV
CASSQGSYNEQFF	MVMCGGSLYV
CSVGGSDSYNEQFF	MVMCGGSLYV
CASSQIIARGLSNNSPLHF	MVMCGGSLYV
CASSLAGGMGNEQFF	MVMCGGSLYV
CASSVGTINEQFF	MVMCGGSLYV
CASSLASTAGQYF	MVMCGGSLYV
CASSYELWQGAYQETQYF	MVMCGGSLYV
CSALGGMVQETQYF	MVMCGGSLYV
CASSLGTTDIQYF	MVMCGGSLYV
CASSPQGTGEKLFF	MVMCGGSLYV
CASSQETGMGATEAFF	MVMCGGSLYV
CSAKSGTDLYGYTF	MVMCGGSLYV
CASSQGFNQPQHF	MVMCGGSLYV
CASSYQQGAGQPQHF	MVMCGGSLYV
CASSFGQLYNEQFF	MVMCGGSLYV
CASSPGTTDTQYF	MVMCGGSLYV
CASSLGIGPYNEQFF	MVMCGGSLYV
CSARVGVSNEQFF	MVMCGGSLYV
CASSFGTYDEQYF	MVMCGGSLYV
CASSPRDYEQYF	MVMCGGSLYV
CASSLMGTGELFF	MVMCGGSLYV
RASTLKGTGNYEQYF	MVMCGGSLYV
CASSQDKVGDSYNEQFF	MVMCGGSLYV
CASSPPTSVFHSEQYF	MVMCGGSLYV
CASSLTGMETQYF	MVMCGGSLYV
CSARDLDSGRAGGELFF	MVMCGGSLYV
CASSLGTTNLYGYTF	MVMCGGSLYV
CASSQEPGLAGGGQFF	MVMCGGSLYV
CASSLGDTFYEQYF	MVMCGGSLYV
CASSRISSYNEQFF	MVMCGGSLYV
CASSLPGLEATDTQYF	MVMCGGSLYV
CASSFGDFHEQFF	MVMCGGSLYV
CASSSGTYNEQFF	MVMCGGSLYV
CASSPVGIGTGDFWSNQPQHF	MVMCGGSLYV
CASSQGVGTGFFGTYEQYF	MVMCGGSLYV
CATSDSDLTRSQGGSYNEQFF	MVMCGGSLYV
CASSSGVLDTQYF	MVMCGGSLYV
CASSQGTLLEQYF	MVMCGGSLYV
CASSQGHLNNEQFF	MVMCGGSLYV
CASSQGTYNEQFF	MVMCGGSLYV
CASSPGTLAAGELFF	MVMCGGSLYV
CASSLYNEQFF	MVMCGGSLYV
CASSPDSILQYNEQFF	MVMCGGSLYV
CATSDYRPETQYF	MVMCGGSLYV
CASSLMEGYTEAFF	MVMCGGSLYV
CASSHPNTPQETQYF	MVMCGGSLYV
CASTPQGTLTGNEQFF	MVMCGGSLYV
CASSSGTTSEQFF	MVMCGGSLYV
CASSRGTGQEAQYF	MVMCGGSLYV
CASSLDYGGRPYGYTF	MVMCGGSLYV
CASSYLTGTGIFANTEAFF	MVMCGGSLYV
CAISWDSPNEQFF	MVMCGGSLYV
CASSLGDFTGELFF	MVMCGGSLYV
CASSSIGGAKNIQYF	MVMCGGSLYV
CASSLGGLEGDTQYF	MVMCGGSLYV
CASSSGTLNTEAFF	MVMCGGSLYV
CASSNPGEETQYF	MVMCGGSLYV
CSARDPGTGGLYEQYF	MVMCGGSLYV
CASSLDRTYEQYF	MVMCGGSLYV
CASSHTPGTGGDQPQHF	MVMCGGSLYV
CASSSGTFGELFF	MVMCGGSLYV
CASRTESLTGNNYGYTF	MVMCGGSLYV
CASSSGTLGAYTF	MVMCGGSLYV
CASSSGTVAYEQYF	MVMCGGSLYV
CASSLQDLSYEQYF	MVMCGGSLYV
CASSPGTLHTQYF	MVMCGGSLYV
CSASLGPYEQYF	MVMCGGSLYV
CASSSTPTEQFF	MVMCGGSLYV
CASSSMNLTGDWNIQYF	MVMCGGSLYV
CASSGGQGANSPLHF	MVMCGGSLYV
CASSSTSGGQETQYF	MVMCGGSLYV
CASSVLASQYF	MVMCGGSLYV
CASSLAGRDNEQFF	MVMCGGSLYV
CASSAGGAYNEQFF	MVMCGGSLYV
CASSDGGGIGVTDTQYF	MVMCGGSLYV
CASSLGTSGGEFQETQYF	MVMCGGSLYV
CASSLSYNEQFF	MVMCGGSLYV
CASSIVEGLGGNEQFF	MVMCGGSLYV
CASSLGTTNVLTF	MVMCGGSLYV
CASSSETLLAGGPQFYNEQFF	MVMCGGSLYV
CASSQDFPYEQYF	MVMCGGSLYV
CASSLVAGMLNTEAFF	MVMCGGSLYV
CSAQSLLAASPAGYNEQFF	MVMCGGSLYV
CSAGAAGGFNEQFF	MVMCGGSLYV
CASSSGTGGFTNIQYF	MVMCGGSLYV
CSASLADYEQYF	MVMCGGSLYV
CSAIGPVSYEQYF	MVMCGGSLYV
CASSLIQGTLNTEAFF	MVMCGGSLYV
CASGTVHYEQYF	MVMCGGSLYV
CASALDAGLANYGYTF	MVMCGGSLYV
CASSPERTTSLYQETQYF	MVMCGGSLYV
CASSLDESKPTYEQYF	MVMCGGSLYV
CASSQPTSAPTDTQYF	MVMCGGSLYV
CSVEQDRRDYQETQYF	MVMCGGSLYV
CASSQDWIAFINEQFF	MVMCGGSLYV
CASSPGTYNEQFF	MVMCGGSLYV
CSAQPPSGAYEQYF	MVMCGGSLYV
CASSPGTYNEQFF	MVMCGGSLYV
CASSQGTVTYEQYF	MVMCGGSLYV
CASSRSGRDYEQYF	MVMCGGSLYV
CASSFGTFETQYF	MVMCGGSLYV
CASSPQPTTEAFF	MVMCGGSLYV
CASSLGLGVSTDTQYF	MVMCGGSLYV
CASSPGTRGEQYF	MVMCGGSLYV
CASSLGTLGGELFF	MVMCGGSLYV
CSAAGGVNWNEQFF	MVMCGGSLYV
CASSFGVGQPQHF	MVMCGGSLYV
CASSPSLAVAGVQNEQFF	MVMCGGSLYV
CASSTGTFTDTQYF	MVMCGGSLYV
CASSQTGLAGARRTYNEQFF	MVMCGGSLYV
CASSLGLNQPQHF	MVMCGGSLYV
CSASGAGVVYEQYF	MVMCGGSLYV
CAWRPTGLESYNEQFF	MVMCGGSLYV
CASSAGTYNEQFF	MVMCGGSLYV
CSARGWIGTGKARETQYF	MVMCGGSLYV
CASSQENHNEQFF	MVMCGGSLYV
CAWSVLTAFGEQFF	MVMCGGSLYV
CASSQALLREYLEQFF	MVMCGGSLYV
CASSQGFNSPLHF	MVMCGGSLYV
CASSLGGGHYGYTF	MVMCGGSLYV
CASSLGLGYSSYNEQFF	MVMCGGSLYV
CASSIGTYNEQFF	MVMCGGSLYV
CASSFGHLYTEAFF	MVMCGGSLYV
CASSSSGGNTEAFF	MVMCGGSLYV
CSAMGAGRIYEQYF	MVMCGGSLYV
CASSQMAGAFYEQYF	MVMCGGSLYV
CASSLPTLASQHEQFF	MVMCGGSLYV
CASSVGTYNEQFF	MVMCGGSLYV
CASSQQITYEQYF	MVMCGGSLYV
CATSDPNLLAGEIDTQYF	MVMCGGSLYV
CASSFGSYNEQFF	MVMCGGSLYV
CSARPFDNQSTMNTEAFF	MVMCGGSLYV
CATWAGQLLTGELFF	MVMCGGSLYV
CASSDGTASYEQYF	MVMCGGSLYV
CASSLVRVGTGELFF	MVMCGGSLYV
CASSLSGVAYGYTF	MVMCGGSLYV
CASSAGTLNEQFF	MVMCGGSLYV
CASSLLPDDSLAKNIQYF	MVMCGGSLYV
CASSYSIGTGTFYSNQPQHF	MVMCGGSLYV
CASSLSTYNEQFF	MVMCGGSLYV
CASSSGTTYEQYF	MVMCGGSLYV
CASSFGHIYNEQFF	MVMCGGSLYV
CASSRGTLYEQYF	MVMCGGSLYV
CAIQADRGFCPNGYTF	MVMCGGSLYV
CASSYSIGTGDFSNQPQHF	MVMCGGSLYV
CASSSGQGLTGYTF	MVMCGGSLYV
CASSPSSYNEQFF	MVMCGGSLYV
CASSQDSGLAGSNEQFF	MVMCGGSLYV
CASSYEGGIQYF	MVMCGGSLYV
CSASQGPYEQYF	MVMCGGSLYV
CASSPKDSSYEQYF	MVMCGGSLYV
CASSHPTSGRSAGELFF	MVMCGGSLYV
