CDR3	AA
CASSLTTGAYGYTF	ILGTVSWNL
CASSLARGEYGYTF	ILGTVSWNL
CASSIGITEAFF	ILGTVSWNL
CASSIGLTEAFF	ILGTVSWNL
CASSSGTNSLYEQYF	ILGTVSWNL
CASSLLYSSYEQYF	ILGTVSWNL
CSAPISFAHTNTEAFF	ILGTVSWNL
CASSIAAADYGYTF	ILGTVSWNL
CASSLPGAGNYNEQFF	ILGTVSWNL
CASSVSGNTIYF	ILGTVSWNL
CASSIGVIQAFF	ILGTVSWNL
CASRPGLATGEQFF	ILGTVSWNL
CASSQVRGYEQYF	ILGTVSWNL
CASSLAQASYEQYF	ILGTVSWNL
CASSIPIRDGENQPQHF	ILGTVSWNL
CASSIGLSEAFF	ILGTVSWNL
CASSIGLFSEQYF	ILGTVSWNL
CASSLAADYEQYF	ILGTVSWNL
CASSPPISYEQYF	ILGTVSWNL
CASSMGPSPDQQYF	ILGTVSWNL
CASSIGGTEAFF	ILGTVSWNL
CASSPEGETQYF	ILGTVSWNL
CASSGGGETQYF	ILGTVSWNL
CASSSAGVAEAFF	ILGTVSWNL
CASSIGLTEAFF	ILGTVSWNL
CASSYGYEQYF	ILGTVSWNL
CASGFPGGADTEAFF	ILGTVSWNL
CASSVAGTYEQYF	ILGTVSWNL
CASSQAQGYEQYF	ILGTVSWNL
CASSVGQGRTYEQYF	ILGTVSWNL
CASSDPRNEGYTF	ILGTVSWNL
CATSDSPGQGAGNEQFF	ILGTVSWNL
CASSEAGLPYNEQFF	ILGTVSWNL
CASSIGGVDAFF	ILGTVSWNL
CASSYGTSGELFF	ILGTVSWNL
CASSLIRRDHEETQYF	ILGTVSWNL
CASSIGLGEAFF	ILGTVSWNL
CASSIGNTEAFF	ILGTVSWNL
CASSPGSRDYGYTF	ILGTVSWNL
CSVEDGGTVLRFF	ILGTVSWNL
CASSPHPPGTLLDTQYF	ILGTVSWNL
CASTTGTGGYEQYF	ILGTVSWNL
CASNSGLTEAFF	ILGTVSWNL
CSARGTGVVGELFF	ILGTVSWNL
CASSLLAGGVYNEQFF	ILGTVSWNL
CASSLARNYGYTF	ILGTVSWNL
CASSGLGTGDGYTF	ILGTVSWNL
CASSQVVDGAYEQYF	ILGTVSWNL
CASSLAQGAYGYTF	ILGTVSWNL
CASSIGYRANAFF	ILGTVSWNL
CASSIGGTEAFF	ILGTVSWNL
CASSDINQPQHF	ILGTVSWNL
CASSIGGGDAFF	ILGTVSWNL
CASSLSAGKYEQYF	ILGTVSWNL
CSAWRDGTDTDTQYF	ILGTVSWNL
CASKGLTTYEQYF	ILGTVSWNL
CASQIGATNEKLFF	ILGTVSWNL
CASSIGGSEAFF	ILGTVSWNL
CASSITAGDYGYTF	ILGTVSWNL
CASSIGVTEAFF	ILGTVSWNL
CASSFGLREAFF	ILGTVSWNL
CASTFPTGGRYGYTF	ILGTVSWNL
CASKWAGVPEAFF	ILGTVSWNL
CASSVDGTPYEQYF	ILGTVSWNL
CSADTRGVEETQYF	ILGTVSWNL
CASSQADSYEAFF	ILGTVSWNL
CASTQGLIRAFF	ILGTVSWNL
CASSTGPNTGELFF	ILGTVSWNL
CASSLTSGGAYEQYF	ILGTVSWNL
CATRTGNTEAFF	ILGTVSWNL
CAFRQGLGEYTDTQYF	ILGTVSWNL
CASSYNSDRGNTGELFF	ILGTVSWNL
CASSPVGRGAYSYNEQFF	ILGTVSWNL
CASSLLAGEIYNEQFF	ILGTVSWNL
CSAQGGEQYF	ILGTVSWNL
CASSLTVVEPRYF	ILGTVSWNL
CASTIGTLGYTF	ILGTVSWNL
CASSYASNYGYTF	ILGTVSWNL
CASSLADSYEQYF	ILGTVSWNL
CASSIGVTEAFF	ILGTVSWNL
CASSIGTIPEAFF	ILGTVSWNL
CASSLVSVPGPYGYTF	ILGTVSWNL
CASSIGLTEAFF	ILGTVSWNL
CASSLGTGTGTTGELFF	ILGTVSWNL
CASSMGVAEAFF	ILGTVSWNL
CASSVEGDTQYF	ILGTVSWNL
CASSHSYNEQFF	ILGTVSWNL
CASSIGGAEAFF	ILGTVSWNL
CASSIGLGEAFF	ILGTVSWNL
CASSIGGTEAFF	ILGTVSWNL
CASSEEDSGELFF	ILGTVSWNL
CASSHLTGPGTEAFF	ILGTVSWNL
CASSPGLAGGTSSYNEQFF	ILGTVSWNL
CASSIGGAEAFF	ILGTVSWNL
CASRKTDREFVASPLHF	ILGTVSWNL
CASSIGLTGYTF	ILGTVSWNL
CASSIGGTEAFF	ILGTVSWNL
CASTIGGTEAFF	ILGTVSWNL
CASSLGVLYEQYF	ILGTVSWNL
CASSLKATDTQYF	ILGTVSWNL
CASSVSHPSPGPQGGELFF	ILGTVSWNL
CASSLVPNTEAFF	ILGTVSWNL
CASSIGGTEAFF	ILGTVSWNL
CASSIGITEAFF	ILGTVSWNL
CKPQGYEQFF	ILGTVSWNL
CASSLVATYEQYF	ILGTVSWNL
CASGDPSSPLHF	ILGTVSWNL
CASSLAQGHPYYF	ILGTVSWNL
CASSYNRLSGNTIYF	ILGTVSWNL
CASSIGGTEAFF	ILGTVSWNL
CASSLAVSSYEQYF	ILGTVSWNL
CSVDGTVNTEAFF	ILGTVSWNL
CASSIGLGEAFF	ILGTVSWNL
CASMIGNQPQHF	ILGTVSWNL
CASSMGGTEAFF	ILGTVSWNL
CASSLGPNQPQHF	ILGTVSWNL
CASSIGGAEAFF	ILGTVSWNL
CASSIGTAEAFF	ILGTVSWNL
CASSIGGVGYTF	ILGTVSWNL
CSARDRVRPKPSNTEAFF	ILGTVSWNL
CASSPPGQRETQYF	ILGTVSWNL
CASTIGGDGYTF	ILGTVSWNL
CATSPSVGGPIYEQYF	ILGTVSWNL
CASSIGVTEAFF	ILGTVSWNL
CASSSSGVPYGYTF	ILGTVSWNL
CASSPDGTEKLFF	ILGTVSWNL
CASSEQGSGGYTF	ILGTVSWNL
CSLQQGAEGYTF	ILGTVSWNL
CASSQVFDSFYGYTF	ILGTVSWNL
CASNGGITEAFF	ILGTVSWNL
CASSDAGLAVFANTGELFF	ILGTVSWNL
CASSFPGAIYF	ILGTVSWNL
CASSIGLAEAFF	ILGTVSWNL
CASSPAGQPQHF	ILGTVSWNL
CASSQVVDSSYEQYF	ILGTVSWNL
CASSIGVTEAFF	ILGTVSWNL
CASSIGTAEAFF	ILGTVSWNL
CASSIGGTEAFF	ILGTVSWNL
CASTLIGESQYF	ILGTVSWNL
CATSDTRAPGPPQHF	ILGTVSWNL
CAANTGVTEAFF	ILGTVSWNL
CSARVTGGLGVTGELFF	ILGTVSWNL
CASSIGVTEAFF	ILGTVSWNL
CASSIGLTEAFF	ILGTVSWNL
CASSPNSDTQYF	ILGTVSWNL
CASSLQGRGNTEAFF	ILGTVSWNL
CASSIGGTEAFF	ILGTVSWNL
CASSTTTRWNSPLHF	ILGTVSWNL
CASSPPRGASTDTQYF	ILGTVSWNL
CASSIGLTEAFF	ILGTVSWNL
CASSLAGPEYEQYF	ILGTVSWNL
CASSMGLAEAFF	ILGTVSWNL
CSAPWGTVGLDEQFF	ILGTVSWNL
CASSIGVTEAFF	ILGTVSWNL
CASSLARGSHEQYF	ILGTVSWNL
CASMLGGSGYTF	ILGTVSWNL
CASRIGTGGAFF	ILGTVSWNL
CASKGRTLLEAFF	ILGTVSWNL
CASSIGLIEAFF	ILGTVSWNL
CASSVAGTYEQYF	ILGTVSWNL
CASSIGLTEAFF	ILGTVSWNL
CASSHEWTGGTEAFF	ILGTVSWNL
CASSLTGTYEQYF	ILGTVSWNL
CASSQVRDSSYEQYF	ILGTVSWNL
CASRGPAGEQFF	ILGTVSWNL
CASREGNSEQYF	ILGTVSWNL
CASSPGRGRTEAFF	ILGTVSWNL
CASSEWDRDTDTQYF	ILGTVSWNL
CASSITGTYEQYF	ILGTVSWNL
CASSQVRDLFYEQYF	ILGTVSWNL
CASSITGTYEQYF	ILGTVSWNL
CASSQALNYGYTF	ILGTVSWNL
CASSLAGQQNSPLHF	ILGTVSWNL
CASSIGGTEAFF	ILGTVSWNL
CASKIGGSEAFF	ILGTVSWNL
CASSLVRGSVQDTQYF	ILGTVSWNL
CASSFSYNEQFF	ILGTVSWNL
CASSQENGPGGSTDTQYF	ILGTVSWNL
CASGGVNEQFF	ILGTVSWNL
CASSQVASEFYEQYF	ILGTVSWNL
CASNVGGAEAFF	ILGTVSWNL
CASSIGGIGAFF	ILGTVSWNL
CASGLGTGALYGYTF	ILGTVSWNL
CASRQGNTEAFF	ILGTVSWNL
CASSIGARQTPYEQYF	ILGTVSWNL
CASLTGGGRYTF	ILGTVSWNL
CASSIGITEAFF	ILGTVSWNL
CASSLAVGAYEQYF	ILGTVSWNL
CASSIGGREAFF	ILGTVSWNL
CATSPQGDGELFF	ILGTVSWNL
CSASRGQGTGELFF	ILGTVSWNL
CASSMSVDANSYEQYF	ILGTVSWNL
CASSYGSMPYEQYF	ILGTVSWNL
CASSFGGPTYEQYF	ILGTVSWNL
CASTGIRGELFF	ILGTVSWNL
CASSIAGTSYNEQFF	ILGTVSWNL
CASSLAVGDYGYTF	ILGTVSWNL
CASSIGTTEAFF	ILGTVSWNL
CASSITGRANEKLFF	ILGTVSWNL
CASSDSASYEQYF	ILGTVSWNL
CSAGPFTGGLYNEQFF	ILGTVSWNL
CASSIGLSEAFF	ILGTVSWNL
CASSVVASGGDDTGELFF	ILGTVSWNL
CASSVVGAQETQYF	ILGTVSWNL
CASSDLAMNTGELFF	ILGTVSWNL
CASSQASNYGYTF	ILGTVSWNL
CASSQVEGPSYEQYF	ILGTVSWNL
CASSQSRSYGYTF	ILGTVSWNL
CASSAGTGTYEQYF	ILGTVSWNL
CASFTGGTEAFF	ILGTVSWNL
CATSSQGGNSYEQYF	ILGTVSWNL
CATLTGGTEAFF	ILGTVSWNL
CASSIGYTSGGYREQFF	ILGTVSWNL
CASTPGLTNEKLFF	ILGTVSWNL
CASSRSGESYEQYF	ILGTVSWNL
CASSLANFYGYTF	ILGTVSWNL
CASSQSQDYGYTF	ILGTVSWNL
CASREGNTEAFF	ILGTVSWNL
CASSQVTDSSYEQYF	ILGTVSWNL
CASSLQGHTYEQYF	ILGTVSWNL
CASSQVVDFSYEQYF	ILGTVSWNL
CASSPASGNTIYF	ILGTVSWNL
CASSIGVTEAFF	ILGTVSWNL
CASSMGQEYEQYF	ILGTVSWNL
CASSQVESAGTYEQYF	ILGTVSWNL
CASSEDRGPGELFF	ILGTVSWNL
CASSIGLTEAFF	ILGTVSWNL
CASSFAGQVYYGYTF	ILGTVSWNL
CASSIGGNGYTF	ILGTVSWNL
CASSMNGDAEAFF	ILGTVSWNL
CSAIPGSGGAPQHF	ILGTVSWNL
CASSLGDINTGELFF	ILGTVSWNL
CSVDGTAHEDTEAFF	ILGTVSWNL
CASSITGRDYEQYF	ILGTVSWNL
CASSQGPGFPTYEQYF	ILGTVSWNL
CASSIGVTEAFF	ILGTVSWNL
CASRIGVTEAFF	ILGTVSWNL
RASSPRRRLAGGPFRTDTQYF	ILGTVSWNL
CASSIGETEAFF	ILGTVSWNL
CASSLVSGGGDYGYTF	ILGTVSWNL
CASSRQGYEQYF	ILGTVSWNL
CASGTGLAEAFF	ILGTVSWNL
CASSQEGQSYEQYF	ILGTVSWNL
CASSIGVTEAFF	ILGTVSWNL
CASSQVFDRTYEQYF	ILGTVSWNL
CASSIHPQTMNTEAFF	ILGTVSWNL
CASSMGGAEAFF	ILGTVSWNL
CATQSGGAGYTF	ILGTVSWNL
CASSIGVGEAFF	ILGTVSWNL
CSVEIGGSGTGELFF	ILGTVSWNL
CATSRSGNTGELFF	ILGTVSWNL
CASSMGLTEAFF	ILGTVSWNL
CASSEGSNEKLFF	ILGTVSWNL
CASSIGLTEAFF	ILGTVSWNL
CASSIGITEAFF	ILGTVSWNL
CASSLGVSGPSSTDTQYF	ILGTVSWNL
CASSIGTAEAFF	ILGTVSWNL
CASSIGVGEAFF	ILGTVSWNL
CASNYGVAEAFF	ILGTVSWNL
CASSIGVAEAFF	ILGTVSWNL
CASSLVASGPYNEQFF	ILGTVSWNL
CASTIALSYEQYF	ILGTVSWNL
CASSAGTGGPGSTDTQYF	ILGTVSWNL
CASSIGGAEAFF	ILGTVSWNL
CASSIGVTEAFF	ILGTVSWNL
CASSLTVGGHSYNEQFF	ILGTVSWNL
CASSEGPDGYTF	ILGTVSWNL
CASSQARGGYGYTF	ILGTVSWNL
CASSFDSQFF	ILGTVSWNL
CASSQARGYEQFF	ILGTVSWNL
CASSQGLAGNYEQYF	ILGTVSWNL
CASTSRLSSTTNEKLFF	ILGTVSWNL
CASSIGLTEQFF	ILGTVSWNL
CASSYASNYGYTF	ILGTVSWNL
CASSIGGESCTF	ILGTVSWNL
CASSPHTLGGTEAFF	ILGTVSWNL
CASMMGNQPQHF	ILGTVSWNL
CASSWTGDSYEQYF	ILGTVSWNL
CASSLARGEYEQYF	ILGTVSWNL
CASSIGITEAFF	ILGTVSWNL
CASSQVRSGYYEQYF	ILGTVSWNL
CASSFIRGGPYEQYF	ILGTVSWNL
CASSIGLSSAFF	ILGTVSWNL
CASSIGLAEAFF	ILGTVSWNL
CASSLDGNTEAFF	ILGTVSWNL
CASSIGVTEAFF	ILGTVSWNL
CASSIGVTEAFF	ILGTVSWNL
CATSGTSEAFF	ILGTVSWNL
CASSLGAQGGQPQHF	ILGTVSWNL
CASSMGGTEAFF	ILGTVSWNL
CASSKRAAQYF	ILGTVSWNL
CASSIGVTEAFF	ILGTVSWNL
CASSIGGVEAFF	ILGTVSWNL
CASSFTDGSNYGYTF	ILGTVSWNL
CASEPGTPILRAFF	ILGTVSWNL
CASSTGTADNQPQHF	ILGTVSWNL
