CDR3	AA
CASSPGVAGHTDTQYF	IPTNFTISV
CASSWGANTGELFF	IPTNFTISV
CASSLAQPYEQYF	IPTNFTISV
CASSRQGPRYKDQPQHF	IPTNFTISV
CASSQEAFGEANYGYTF	IPTNFTISV
CASSLSFGTENTEAFF	IPTNFTISV
CASSQDLRGRGGYTF	IPTNFTISV
CASRTASYEQYF	IPTNFTISV
CASSLSRGGHTSGSNEQFF	IPTNFTISV
CASRGAGTSGGDYNEQFF	IPTNFTISV
CASSHGGTEAFF	IPTNFTISV
CATSGGAPKSEQYF	IPTNFTISV
CASSLFRGTSGPTDTQYF	IPTNFTISV
CASSIAEGTNTEAFF	IPTNFTISV
CASSLAGGSYNEQFF	IPTNFTISV
CASSPGTGGAGANSEAFF	IPTNFTISV
CASSLAYLGYEQYF	IPTNFTISV
CASSLSIGVSSAHYF	IPTNFTISV
CASSPGGPYEQYF	IPTNFTISV
CSVERTEAFF	IPTNFTISV
CASSLSQGTIYGYTF	IPTNFTISV
CASSPRAMNTEAFF	IPTNFTISV
CASSLLGNQPQHF	IPTNFTISV
CASSRSSNGPGSPYEQYF	IPTNFTISV
CASSLSGGSYNSPLHF	IPTNFTISV
CASSIAPTSGREETQYF	IPTNFTISV
CASSPGSGGLGYGYTF	IPTNFTISV
CASSLSTPTEAFF	IPTNFTISV
CASSSLTGSTEAFF	IPTNFTISV
CASSLGGGTGYNEQFF	IPTNFTISV
CSATNGGGKNIQYF	IPTNFTISV
CASSLASPGGNSGNTIYF	IPTNFTISV
CASSLSGGGTTEAFF	IPTNFTISV
CASSPTDRAITGELFF	IPTNFTISV
CASSLTGEAGELFF	IPTNFTISV
CASSEVGVAVGYTF	IPTNFTISV
CASSLGLRVGEQFF	IPTNFTISV
CASSPDRGRLETQYF	IPTNFTISV
CASSLWGIEQYF	IPTNFTISV
CASSLWTSGDTQYF	IPTNFTISV
CASSLGGNTGELFF	IPTNFTISV
CASGPGSPGVQYF	IPTNFTISV
CASSSRTSGWYNEQFF	IPTNFTISV
CASSESTREGNTGELFF	IPTNFTISV
CASSLSSGTEAFF	IPTNFTISV
CASSLSLRVSYEQYF	IPTNFTISV
CASSQRDRGRIYEQYF	IPTNFTISV
CASSPTGENTEAFF	IPTNFTISV
CASTPGGPSNYGYTF	IPTNFTISV
CASSIATGSGTEAFF	IPTNFTISV
CASSLVPGRDYEQYF	IPTNFTISV
CASSLTGGVLPEQYF	IPTNFTISV
CSASGKSGGITDTQYF	IPTNFTISV
CASSLQVSYEQYF	IPTNFTISV
CASSLSGNTDTQYF	IPTNFTISV
CASSSLAGAYEQYF	IPTNFTISV
CASRTGIHYEQYF	IPTNFTISV
CASSLSAGEITDTQYF	IPTNFTISV
CATSMGKGEETQYF	IPTNFTISV
CASRSDFQGAVAGSYEQYF	IPTNFTISV
CASSLSAGGGQPQHF	IPTNFTISV
CASSLSGSFSTGELFF	IPTNFTISV
CSARDRRQGTYNEQFF	IPTNFTISV
CASSLSIGTVNEKLFF	IPTNFTISV
CASSPGQNTGELFF	IPTNFTISV
CASSFGVRTDTQYF	IPTNFTISV
CASSQTGANPQETQYF	IPTNFTISV
CASSLVRTSPGEQYF	IPTNFTISV
CASSPGGGGSTDTQYF	IPTNFTISV
CASSQGTGGPGGELFF	IPTNFTISV
CASSLSGGGAGVGYTF	IPTNFTISV
CASHPSGSNEQFF	IPTNFTISV
CASSPQGGTGGTDTQYF	IPTNFTISV
CASSLGQGIQPQHF	IPTNFTISV
CASSIGDGEHQPQHF	IPTNFTISV
CASSHGLAVYEQYF	IPTNFTISV
CASSHGGTEAFF	IPTNFTISV
CASSHGGTEAFF	IPTNFTISV
CSVSDGLNQPQHF	IPTNFTISV
CASSQEQGHSPLHF	IPTNFTISV
CASSFLATGTEAFF	IPTNFTISV
CASSLGRGVDTQYF	IPTNFTISV
CASSLGTSRYEQYF	IPTNFTISV
CASSLGHGGEQYF	IPTNFTISV
CASSQVQGVRSGANVLTF	IPTNFTISV
CASSLEGTGFYEQYF	IPTNFTISV
CSVDWQANTEAFF	IPTNFTISV
CASSLDGLAKNIQYF	IPTNFTISV
CASSASGGTEAFF	IPTNFTISV
CASSYPDTEAFF	IPTNFTISV
CASREGEGRQETQYF	IPTNFTISV
CASSEGAGHNQPQHF	IPTNFTISV
CASTFSSERAIQETQYF	IPTNFTISV
CASSHWGVEAFF	IPTNFTISV
CASSITSGSYEQYF	IPTNFTISV
CSAGRDRRNEKLFF	IPTNFTISV
CATGPGWNTGELFF	IPTNFTISV
CASSPRGRPPYF	IPTNFTISV
CASSIAAGGYNEQFF	IPTNFTISV
CASRSHSRGAARKDEKLFF	IPTNFTISV
CASTLGGAWNEQFF	IPTNFTISV
CASSLSTPTEQFF	IPTNFTISV
CASSPIAGGIRETQYF	IPTNFTISV
CASSLSIGTATLQYF	IPTNFTISV
CASSLSAGGVYTEAFF	IPTNFTISV
CASSLSSPSEQYF	IPTNFTISV
CASSLASSGEAFF	IPTNFTISV
CASSSHPGSYEQYF	IPTNFTISV
CASRLSGTGDTEAFF	IPTNFTISV
CASSYSSGRGEQFF	IPTNFTISV
CASSGGAGPINNEQFF	IPTNFTISV
CASSPMNTEAFF	IPTNFTISV
CASSYRGEAFF	IPTNFTISV
CASSHTGEADTQYF	IPTNFTISV
CASSQGFNTGELFF	IPTNFTISV
CASSLALEKDEQFF	IPTNFTISV
CASSPEGGVQPQHF	IPTNFTISV
CASRTGAAEAFF	IPTNFTISV
CASSENLAGRLNNEQFF	IPTNFTISV
CASSLSSPLAPGPHTGELFF	IPTNFTISV
CASSPLEGGINEQFF	IPTNFTISV
CASSWTSSGITSTDTQYF	IPTNFTISV
CASSPLAGGPTGELFF	IPTNFTISV
CASSLSIGTTEAFF	IPTNFTISV
CASSLGDNYEQYF	IPTNFTISV
CASSLSKGGNEQFF	IPTNFTISV
CASSQESGVGGYTF	IPTNFTISV
RASTSSIGVPYEQYF	IPTNFTISV
CASSLNSGTDTQYF	IPTNFTISV
CASSSPLASGELFF	IPTNFTISV
CASSLNSAETQYF	IPTNFTISV
CSASDGLGQPQHF	IPTNFTISV
CASSQDLFGTEPSPLHF	IPTNFTISV
CSARDRSGTSRRNGYTF	IPTNFTISV
CASSSGIQETQYF	IPTNFTISV
CASSGGSPSDTQYF	IPTNFTISV
CASSIRIDRMNTGELFF	IPTNFTISV
CASSLSAGGQNYNSGNTIYF	IPTNFTISV
CASSIARGRGNEQFF	IPTNFTISV
CASSLGGPYEQYF	IPTNFTISV
CASSLSAGALYGYTF	IPTNFTISV
CASSSGRSDSFFLYNEQFF	IPTNFTISV
CASSPASGGEGDTQYF	IPTNFTISV
CASSPGAGLQGYTF	IPTNFTISV
CASSLSSYNEQFF	IPTNFTISV
CSARVAGDDEQYF	IPTNFTISV
CASSFSGGIRQFF	IPTNFTISV
CASSLNSDSPLHF	IPTNFTISV
CATSPGGPTGELFF	IPTNFTISV
CASSLGTLYTF	IPTNFTISV
CASSLNSDSPLHF	IPTNFTISV
CASSFSGQGNVGELFF	IPTNFTISV
CAINPGTGELFF	IPTNFTISV
CASSSGGGSQAEQFF	IPTNFTISV
CAWSVQQTGELFF	IPTNFTISV
CASSLSAPDYNYGYTF	IPTNFTISV
CASSLSAPYEQYF	IPTNFTISV
CASSLGMNTEAFF	IPTNFTISV
CASSLSAPDTQYF	IPTNFTISV
CASSLASRLEAFF	IPTNFTISV
CASSVTARETQYF	IPTNFTISV
CASSLHGGADEQFF	IPTNFTISV
CASSPNRRPYEQYF	IPTNFTISV
CASSAGGPYEQYF	IPTNFTISV
CASSIADSENTEAFF	IPTNFTISV
CASSLTSRDGYTF	IPTNFTISV
CASSLMGNQPQHF	IPTNFTISV
CASSLSGGTIHEQYF	IPTNFTISV
CASSFRQGAGTEAFF	IPTNFTISV
CASSSSIKETQYF	IPTNFTISV
CASSTGRLEQYF	IPTNFTISV
CASSAGHGYTGELFF	IPTNFTISV
CASSIGGETQYF	IPTNFTISV
CASSLTAGDTLREEYF	IPTNFTISV
CASSLSVGSDWRSSYNEQFF	IPTNFTISV
CASSLSSTEAFF	IPTNFTISV
CASSLSIGASYEQYF	IPTNFTISV
CASSPTEGPNTEAFF	IPTNFTISV
CASSLSTPWGENTEAFF	IPTNFTISV
CASSRASGEHNEQFF	IPTNFTISV
CASSLGLAISDTQYF	IPTNFTISV
CASSIGGNTGELFF	IPTNFTISV
CASSLTGGVLPEQYF	IPTNFTISV
CASSPRDSPYNEQFF	IPTNFTISV
CASSLLADTPGEQYF	IPTNFTISV
