CDR3	AA
CASAGESYEQYF	EELKKLLEQW
CASSAGLSGANVLTF	EELKKLLEQW
CASSVGQGSRETQYF	EELKKLLEQW
CASSTSYEQYF	EELKKLLEQW
CSVPGPNTEAFF	EELKKLLEQW
CASSDWAGELFF	EELKKLLEQW
CASSQDASIYNEQFF	EELKKLLEQW
CASSGGLALYEQYF	EELKKLLEQW
CASSPYTGWGNEQYF	EELKKLLEQW
CASSHPGDDSGNTIYF	EELKKLLEQW
CASSRDSSYEQYF	EELKKLLEQW
CASSQAKGSYNEQFF	EELKKLLEQW
CASSLAGRSYEQYF	EELKKLLEQW
CASSVVSGHYNEQFF	EELKKLLEQW
CASSIVRSSYNEQFF	EELKKLLEQW
CASTRKGELTDTQYF	EELKKLLEQW
CASSGTGLDSGNTIYF	EELKKLLEQW
CASTFFGGPNTEAFF	EELKKLLEQW
CAWSVSGRSYEQYF	EELKKLLEQW
