CDR3	AA
CASSPQGGPASYNEQFF	FNATRFASVY
CASSFSGTALEQYF	FNATRFASVY
CASSPQGGGKAYNEQFF	FNATRFASVY
CASSRSGDDNEQFF	FNATRFASVY
CASSFSRGLNYGYTF	FNATRFASVY
CASSPSQGNEQFF	FNATRFASVY
CASSHSGSGNEQFF	FNATRFASVY
CSARGSSYNEQFF	FNATRFASVY
CASSPSTGGISYNEQFF	FNATRFASVY
CASSLEGGSTDTQYF	FNATRFASVY
CASSLGGADQPQHF	FNATRFASVY
CASSLSGQPQHF	FNATRFASVY
CASSLSLADLYYEQYF	FNATRFASVY
CASSRGGGDQETQYF	FNATRFASVY
CATSGGEAGYTF	FNATRFASVY
CASSLEWGQGYEQYF	FNATRFASVY
CASSLGGDPKEKLFF	FNATRFASVY
CASSLDLGTYEQYF	FNATRFASVY
CASTKEGGGVGEQYF	FNATRFASVY
CASSPSGTTYFEQYF	FNATRFASVY
CASSPDGGGKETQYF	FNATRFASVY
CASSPEAAEYTYNEQFF	FNATRFASVY
CASSPGDGGNEQFF	FNATRFASVY
CASSLGGEQFF	FNATRFASVY
CASSPGGSSFYEQYF	FNATRFASVY
CASSPSGDEQYF	FNATRFASVY
CASSQDVEFYGYTF	FNATRFASVY
CASSFGQEYYGYTF	FNATRFASVY
CASSQDLAWFSQYF	FNATRFASVY
CASSPSFAGGQEDTQYF	FNATRFASVY
CASTRGFTGELFF	FNATRFASVY
CAISEGNEAFF	FNATRFASVY
CASSFSNTGELFF	FNATRFASVY
CASSLESQGATNEKLFF	FNATRFASVY
CASSPSQGPGNTIYF	FNATRFASVY
CASSFSGSPSYEQYF	FNATRFASVY
CASSPGAGGRTDTQYF	FNATRFASVY
CASSLGGGSGYTF	FNATRFASVY
CASSFSYEQYF	FNATRFASVY
CASALHRSDTQYF	FNATRFASVY
CASSHPLSTDTQYF	FNATRFASVY
CASSLGLAGGFFYEQYF	FNATRFASVY
CASSSVAGGIDYNEQFF	FNATRFASVY
CASSLVGGGYEQYF	FNATRFASVY
CASSLWTGGMAGELFF	FNATRFASVY
CASSSGTFHEQFF	FNATRFASVY
CASSLGTSGGGSTDTQYF	FNATRFASVY
CASSLAGQYVQETQYF	FNATRFASVY
CASSDSYEQYF	FNATRFASVY
CASSFQSGPISYNEQFF	FNATRFASVY
CASSSNSGQPGSPLHF	FNATRFASVY
CASSFSAGGPSYNEQFF	FNATRFASVY
CASSQLAGENNEQFF	FNATRFASVY
CASSPTSVGAGELFF	FNATRFASVY
CASSLELAELTDTQYF	FNATRFASVY
CASSLRDRDPYEQYF	FNATRFASVY
CASSKTGGPIYNSPLHF	FNATRFASVY
CASSVRSDRLQETQYF	FNATRFASVY
CASSLTGTSLYNEQFF	FNATRFASVY
CASSPSTGLEQYF	FNATRFASVY
CASSYQGGGRVYNEQFF	FNATRFASVY
CASSHPDGGAGELFF	FNATRFASVY
CASSQGVANPPYEQYF	FNATRFASVY
CASSLSGQYNEQFF	FNATRFASVY
CASSYELAGATGELFF	FNATRFASVY
CASSPGGSNTGELFF	FNATRFASVY
CASSPGQGFYEQYF	FNATRFASVY
CASSPGAGGPIYNEQFF	FNATRFASVY
CASSAQAGASSYNEQFF	FNATRFASVY
CASSLSTSPPTDTQYF	FNATRFASVY
CASSLDGGSHEQYF	FNATRFASVY
CASSPPDRAPKETQYF	FNATRFASVY
CASSQDLGQGYEQYF	FNATRFASVY
CASSLDPGGFEPQHF	FNATRFASVY
CASSWSGTYNEQFF	FNATRFASVY
CASSLEASATGELFF	FNATRFASVY
CSVEDYREYNEQFF	FNATRFASVY
CASSLRGDSTDTQYF	FNATRFASVY
CASSFGGNTGELFF	FNATRFASVY
CASSPGGGGPPRETQYF	FNATRFASVY
CASSPLLAGGETQYF	FNATRFASVY
CASSFEAGEAAYNEQFF	FNATRFASVY
CASSPSQGSGNTIYF	FNATRFASVY
CASSLSGGTGASFYGYTF	FNATRFASVY
CASSQVGVQETQYF	FNATRFASVY
CASGVDTSGAYNEQFF	FNATRFASVY
CATSNQRGAYEQYF	FNATRFASVY
CASSYSGTGIYEQYF	FNATRFASVY
CASSQDLGSSYNEQFF	FNATRFASVY
CASSQDLAAFYEQYF	FNATRFASVY
CASSPGTVYGYTF	FNATRFASVY
CASSSGTGPKSYNEQFF	FNATRFASVY
CASSLPGQGYEQYF	FNATRFASVY
PGVYEQYF	FNATRFASVY
CASQLSTGVPTDTQYF	FNATRFASVY
CASSPEAGELGYNEQFF	FNATRFASVY
CASSQDGAGQFF	FNATRFASVY
CASSLWTSGFPLYEQYF	FNATRFASVY
CASSSQTSGFINEQFF	FNATRFASVY
CASSFTLGSGQPEQYF	FNATRFASVY
CASSPGGGNEKLFF	FNATRFASVY
CASSLLAGGPIGLEQFF	FNATRFASVY
CASSPMGGDLGYNEQFF	FNATRFASVY
CASSLTSSGANVLTF	FNATRFASVY
CASSQDQAGAIGELFF	FNATRFASVY
CASSFSGASNQPQHF	FNATRFASVY
CASSQEQVHLSGANVLTF	FNATRFASVY
CASSLGGGGKETQYF	FNATRFASVY
CASSYSDEQYF	FNATRFASVY
CASSVRLAGADNEQFF	FNATRFASVY
CASSIVEHLEINEQFF	FNATRFASVY
CASGYGAGGIQETQYF	FNATRFASVY
CASSPQGGGSSYNEQFF	FNATRFASVY
CASSPPLLYEQYF	FNATRFASVY
CASSLGGDLNQPQHF	FNATRFASVY
CASSLPNTGELFF	FNATRFASVY
CASSPQGADRSYNEQFF	FNATRFASVY
CASSLTGELFF	FNATRFASVY
CASSQDAGGTYEQYF	FNATRFASVY
CASSRGGDNEQFF	FNATRFASVY
CATSDSLVGEQFF	FNATRFASVY
CASGVQANQPQHF	FNATRFASVY
CASSLAPNTEAFF	FNATRFASVY
CASSEFGTEAFF	FNATRFASVY
CASTPARGNYEQYF	FNATRFASVY
CASSLSGGTGGGTDTQYF	FNATRFASVY
CASSLSTGARTDTQYF	FNATRFASVY
CASTPGGGDEQFF	FNATRFASVY
CASSLALGVTYEQYF	FNATRFASVY
CASSLALAGGTYVEQFF	FNATRFASVY
CASSLGTSGWYTDTQYF	FNATRFASVY
CASSPSAGGPREQYF	FNATRFASVY
CASSYTSGSDYEQYF	FNATRFASVY
CASSFGILETQYF	FNATRFASVY
CASSQDKDYYEQYF	FNATRFASVY
CASSLGTNNEQFF	FNATRFASVY
CASSYNRERNQPQHF	FNATRFASVY
CASSLGQGETYEQYF	FNATRFASVY
CASSQEPAGGTGELFF	FNATRFASVY
CASSVDRDSDYNEQFF	FNATRFASVY
CASSQDLWDEQFF	FNATRFASVY
CATSLGSYNEQFF	FNATRFASVY
CASSLSTSSPTDTQYF	FNATRFASVY
CSVEPEEQYV	FNATRFASVY
CASSLGAGSSYEQYF	FNATRFASVY
CASSPEAGGPYEQYF	FNATRFASVY
CASSLVAGGPDEQFF	FNATRFASVY
CASSVQSYNEQFF	FNATRFASVY
CASSWERERGNEQFF	FNATRFASVY
CASSQDIDVYWGYTF	FNATRFASVY
CASSLTSGTGGGDGYTF	FNATRFASVY
CASSFTGGENYGYTF	FNATRFASVY
CASSPGGSSNEKLFF	FNATRFASVY
CASSEGAGDPSYNEQFF	FNATRFASVY
CASSLGDYEQYF	FNATRFASVY
CASSQEPAGLNTEAFF	FNATRFASVY
CASSPGTGTSGYEQYF	FNATRFASVY
CASSLVAGVLYNEQFF	FNATRFASVY
CASSSWVAGGPYEQYF	FNATRFASVY
CASSLALGTGSYNEQFF	FNATRFASVY
CASSQEGGGANTEAFF	FNATRFASVY
CASSQAFASGANVLTF	FNATRFASVY
CASSLLGTLNTEAFF	FNATRFASVY
CASSQGGGSNQPQHF	FNATRFASVY
CASSQDLDFYGYTF	FNATRFASVY
CASSHSWPGQGAYEQYF	FNATRFASVY
CASRPSGGAYNEQFF	FNATRFASVY
