CDR3	AA
CASSLGAAPTGELFF	EILDITPCSF
CSVGNSGYEQYF	EILDITPCSF
CAWSLGLAGEQFF	EILDITPCSF
CGSPGQGEDGYTF	EILDITPCSF
CASSLVLAGVKSYEQYF	EILDITPCSF
CASSQSPGLSPYEQYF	EILDITPCSF
CASSQEGTRLENEQFF	EILDITPCSF
CASSQGTLSYEQYF	EILDITPCSF
CASSLVQGAYEQYF	EILDITPCSF
CASSESGTGELFF	EILDITPCSF
CASSWAGGLGETQYF	EILDITPCSF
CASSKGIQGSDYGYTF	EILDITPCSF
CASSFGFGTDTQYF	EILDITPCSF
CASSFLAGGQDEQFF	EILDITPCSF
CATSIGTGFLQPQHF	EILDITPCSF
CASSLALGIEQFF	EILDITPCSF
CASTPLRGSSYNEQFF	EILDITPCSF
CASSQGAGIPLGYGYTF	EILDITPCSF
CASRLGTSGGGDTQYF	EILDITPCSF
CAISGESSGTTPGELFF	EILDITPCSF
CAPLPCEQFF	EILDITPCSF
CASSLDPRGTGEILWAYEQYF	EILDITPCSF
CASLPTQGNTEAFF	EILDITPCSF
CASSVDNYEQYF	EILDITPCSF
CASSKVEGSSGANVLTF	EILDITPCSF
CASSSARQGSQPQHF	EILDITPCSF
CASSFGLVPTGELFF	EILDITPCSF
CATSAPTTSLRNEQFF	EILDITPCSF
CASSRPVTSSYNEQFF	EILDITPCSF
CASSLGDRVRQPQHF	EILDITPCSF
CASSPLFQDYTNYGYTF	EILDITPCSF
CASSEYRGYTDTQYF	EILDITPCSF
CASSSLRAGGSEQYF	EILDITPCSF
CATSERLLATAEDEQFF	EILDITPCSF
CASSFRGGEQFF	EILDITPCSF
CASSLYRQGSGELFF	EILDITPCSF
CASSLELVREQYF	EILDITPCSF
CASSLGLAPTGELFF	EILDITPCSF
CASSPRGTYEQYF	EILDITPCSF
CASRGPMTYEQYF	EILDITPCSF
CATRASPYNEQFF	EILDITPCSF
CASSIPPTGMNTEAFF	EILDITPCSF
CASTGGPYSNYNEQFF	EILDITPCSF
CASSQHGTRLNNEQFF	EILDITPCSF
CASGLVVTSAHNEQFF	EILDITPCSF
CASSYGLAATGELFF	EILDITPCSF
CASFEGVGLGEAFF	EILDITPCSF
CASSQDRGGNEKLFF	EILDITPCSF
CASSFLRTSGYNEQFF	EILDITPCSF
CASSPEGRNEQFF	EILDITPCSF
CASSPGLAVTDTQYF	EILDITPCSF
CASSFGAIGNEQFF	EILDITPCSF
CASSTTRMNTGELFF	EILDITPCSF
CAWRPRDPVKLSTDTQYF	EILDITPCSF
CASRKQGAKYEQYF	EILDITPCSF
CASSLTSAYEQYV	EILDITPCSF
CASSPEGRLAGRSSTDTQYF	EILDITPCSF
CASSLARQGWGTQYF	EILDITPCSF
CASSFGVGTASYEQYF	EILDITPCSF
CASSLTTAYYEQYF	EILDITPCSF
CAISESITDISYEQYF	EILDITPCSF
CASSHTTVSNTGELFF	EILDITPCSF
CASSLLAGEINEQFF	EILDITPCSF
CATSSAEGETQYF	EILDITPCSF
CASSFGISPTGELFF	EILDITPCSF
CASSARGYNEQFF	EILDITPCSF
CASSSIHYGKTTANEQFF	EILDITPCSF
CASSFVLADLSSYEQYF	EILDITPCSF
CASSLTTSYNEQFF	EILDITPCSF
CASSLGGGPTGELFF	EILDITPCSF
CASSLPVTHLHNEQFF	EILDITPCSF
CASSLGSTGLGTEAFF	EILDITPCSF
CASSSRKAHREQFF	EILDITPCSF
CASSQEGMGLGDTQYF	EILDITPCSF
CASSFGLAVTGELFF	EILDITPCSF
CASSNFPDTSGAHNEQFF	EILDITPCSF
CASSSTGLSYEQYF	EILDITPCSF
CASSPDSSYEQYF	EILDITPCSF
CASSYPWTSGRGEQFF	EILDITPCSF
CASSFGLAPYNEQFF	EILDITPCSF
CASSLMRNVDEQYF	EILDITPCSF
CAWTSGYEQYF	EILDITPCSF
CASRMDRNYAEQYF	EILDITPCSF
CASSTRPTEMNTEAFF	EILDITPCSF
CASSSLGATDTQYF	EILDITPCSF
CASSVTDRPSWETQYF	EILDITPCSF
CASSSWRQSQETQYF	EILDITPCSF
CASSLLRSYEQYF	EILDITPCSF
CASSSYRGNTGELFF	EILDITPCSF
CATSREVTSLNTEAFF	EILDITPCSF
CASSSTRQGGGELFF	EILDITPCSF
CASSFGAGSTGELFF	EILDITPCSF
CASRDRSSYEQYF	EILDITPCSF
CATSDPNTGELFF	EILDITPCSF
CASSLLRGGTDTQYF	EILDITPCSF
CASSLARGLNQPQHF	EILDITPCSF
CASSLELYYEQYF	EILDITPCSF
CASSLSRTSQETQYF	EILDITPCSF
CASSLDTSGRLGGSMAEQFF	EILDITPCSF
CASSQEPPNTQYF	EILDITPCSF
CSARATGTASYEQYF	EILDITPCSF
CATSGPSSYEQYF	EILDITPCSF
CASSLELTALNTEAFF	EILDITPCSF
CSVVRTSGSYEQYF	EILDITPCSF
CSVGGQNTGELFF	EILDITPCSF
CASSHPVDTHYGYTF	EILDITPCSF
CASSIGDNTDTQYF	EILDITPCSF
CASSQEGSPLGVNTEAFF	EILDITPCSF
CASSWSDWVPTHEKETQYF	EILDITPCSF
CASTGQGRTEAFF	EILDITPCSF
CASSRLGQATLGETQYF	EILDITPCSF
CASSSTRQAGREQYF	EILDITPCSF
CASSLGTDLYNEQFF	EILDITPCSF
CASSFHRQGAGELFF	EILDITPCSF
CASSDLRGTPDEQYF	EILDITPCSF
