CDR3	AA
CASSLVDRVSYEQYF	ITEEVGHTDLMAAY
CSARTGVFTYNEQFF	ITEEVGHTDLMAAY
CASSLRNPYEQYF	ITEEVGHTDLMAAY
CASSSRNGFSNQPQHF	ITEEVGHTDLMAAY
CASSTGTGAKNIQYF	ITEEVGHTDLMAAY
CASSLSRTQQPQHF	ITEEVGHTDLMAAY
CASSLGTSGGNFYEQYF	ITEEVGHTDLMAAY
CASSDGLPYNSPLHF	ITEEVGHTDLMAAY
CASSLVSGQGDLSSYNEQFF	ITEEVGHTDLMAAY
CASSPPRGLPYEQYF	ITEEVGHTDLMAAY
CASGVDRGNEQFF	ITEEVGHTDLMAAY
CASTNSGGAYEQYF	ITEEVGHTDLMAAY
CASRLVSYRDSGYEQYF	ITEEVGHTDLMAAY
CASSYRGNTEAFF	ITEEVGHTDLMAAY
CASSHPGGGELFF	ITEEVGHTDLMAAY
CSVYLSDGYTF	ITEEVGHTDLMAAY
CASSSSTSPYEQYF	ITEEVGHTDLMAAY
CASSFALSYNEQFF	ITEEVGHTDLMAAY
CASSQVPGIEAFF	ITEEVGHTDLMAAY
CSARSSGGRTDTQYF	ITEEVGHTDLMAAY
CASARQPNTGELFF	ITEEVGHTDLMAAY
CASSSGTSGAMNEQFF	ITEEVGHTDLMAAY
CASRNRGLNTEAFF	ITEEVGHTDLMAAY
CASSLAPGYNEQFF	ITEEVGHTDLMAAY
CASSQEPAWNTEAFF	ITEEVGHTDLMAAY
CASSFSRAYNEQFF	ITEEVGHTDLMAAY
CASSLVVGASYNEQFF	ITEEVGHTDLMAAY
CASSLVSDSSYNEQFF	ITEEVGHTDLMAAY
CASSFRGGNTEAFF	ITEEVGHTDLMAAY
CASSLTGKGETQYF	ITEEVGHTDLMAAY
CASSLLAGDYEQYF	ITEEVGHTDLMAAY
CASSAGTTSYNEQFF	ITEEVGHTDLMAAY
CASSQVPGGSGPNTEAFF	ITEEVGHTDLMAAY
CASSLVEGRLGGSYEQYF	ITEEVGHTDLMAAY
CATSGGLAGVDEQFF	ITEEVGHTDLMAAY
CASSLGVRDNEQFF	ITEEVGHTDLMAAY
CASSPGATEAFF	ITEEVGHTDLMAAY
CASSPVVAQPQLF	ITEEVGHTDLMAAY
CASSLPLADAYNEQFF	ITEEVGHTDLMAAY
CASGLDRGNEQFF	ITEEVGHTDLMAAY
CASSPPGSNEQFF	ITEEVGHTDLMAAY
CASSLADAYEQYF	ITEEVGHTDLMAAY
CASSQDVAGVYIEQYF	ITEEVGHTDLMAAY
CASSLVADSSYNEQFF	ITEEVGHTDLMAAY
CASSQATSGGTEQFF	ITEEVGHTDLMAAY
CASSQMLTGGTEAFF	ITEEVGHTDLMAAY
CASRWSGTSGDNEQFF	ITEEVGHTDLMAAY
CASSLVADSSYNEQFF	ITEEVGHTDLMAAY
CASSLKEREQFF	ITEEVGHTDLMAAY
CASSLHPNEKLFF	ITEEVGHTDLMAAY
CASSPVLGASGNEQFF	ITEEVGHTDLMAAY
CASRRGTENSYNEQFF	ITEEVGHTDLMAAY
