CDR3	AA
CASSGTGGETQYF	SYQTQTNSPR
CASSQDREADNEQFF	SYQTQTNSPR
CASSISDWGNTDTQYF	SYQTQTNSPR
CASSQEGLAAYEQYF	SYQTQTNSPR
CASSPNPGQGFYEQYF	SYQTQTNSPR
CASSLEGRLDEQYF	SYQTQTNSPR
CASSPTILSLNTEAFF	SYQTQTNSPR
CASSSGSFDEQYF	SYQTQTNSPR
CASSLEFAETYEQYF	SYQTQTNSPR
CASTRRSGRDFANYGYTF	SYQTQTNSPR
CASSGDALDTQYF	SYQTQTNSPR
CASSQDWDRGYEQYF	SYQTQTNSPR
CASSPPVGQETQYF	SYQTQTNSPR
CASILNTEAFF	SYQTQTNSPR
CASSPSDGYYEQYF	SYQTQTNSPR
CASSQEVLLDEQFF	SYQTQTNSPR
CASSQDLLYEQYF	SYQTQTNSPR
CASSLAWGYEQYF	SYQTQTNSPR
CASSPDRGGEQYF	SYQTQTNSPR
CASSTLAGTDTGEMFF	SYQTQTNSPR
