CDR3	AA
CASSIRSTDTQYF	PFFSNVTWF
CASSIRAGYEQYF	PFFSNVTWF
CASSIRSDEKLFF	PFFSNVTWF
CASSVRSSYEQYF	PFFSNVTWF
CASSGGTSGSDEQYF	PFFSNVTWF
CATSRAEGLAGGFPYNEQFF	PFFSNVTWF
CASSTRSAYEQYF	PFFSNVTWF
CASSIADYNEQFF	PFFSNVTWF
CASSSRSAGELFF	PFFSNVTWF
CASSGRSTGELFF	PFFSNVTWF
CASSTRSSYEQYF	PFFSNVTWF
CASSIISLDEQFF	PFFSNVTWF
CASSIRSSYEQYF	PFFSNVTWF
CSARDSLASGSSPPPPDTQYF	PFFSNVTWF
CASSLSSEGDRDYGYTF	PFFSNVTWF
CASSSRSAYEQYF	PFFSNVTWF
CASSIRSSYEQYF	PFFSNVTWF
CSAPWGSGSTDTQYF	PFFSNVTWF
CASSLSDGSSYNSPLHF	PFFSNVTWF
CASSIRSSAEQYF	PFFSNVTWF
CASSHPQRTSPYNEQFF	PFFSNVTWF
CASSWRSTDTQYF	PFFSNVTWF
CASSTGSYGYTF	PFFSNVTWF
CASTTMASGNTIYF	PFFSNVTWF
CASSQDRDPSVYEQYF	PFFSNVTWF
CASSQDRGGPGSFTEAFF	PFFSNVTWF
CASSIFGGSRELFF	PFFSNVTWF
CASSYRSSYEQYF	PFFSNVTWF
CASSIRSGWEQFF	PFFSNVTWF
CASSLRDRANTGELFF	PFFSNVTWF
CASSIRSSDEQFF	PFFSNVTWF
CASSIRSGDIQYF	PFFSNVTWF
CASSIRSSYEQYF	PFFSNVTWF
CASSTRSTYEQYF	PFFSNVTWF
CASTGTPYNEQFF	PFFSNVTWF
CASSIRSSYEQYF	PFFSNVTWF
CASSIRSTDTQYF	PFFSNVTWF
CATMVTDANEQYF	PFFSNVTWF
CASSKETSGGPSSYNEQFF	PFFSNVTWF
CASSIRSAYEQYF	PFFSNVTWF
CASSIRASYEQYF	PFFSNVTWF
CASSIRSSYEQYF	PFFSNVTWF
CASSIRSSYEQYF	PFFSNVTWF
CASSIYSNTEAFF	PFFSNVTWF
CASSMRSTDTQYF	PFFSNVTWF
CASSSGQGNTGELFF	PFFSNVTWF
CASSGTSGNPYEQYF	PFFSNVTWF
CASSFGSQETQYF	PFFSNVTWF
CASRRTGEETQYF	PFFSNVTWF
CASSIRSSYEQYF	PFFSNVTWF
CASSIRAAYEQYF	PFFSNVTWF
CASSAPSGRHSYEQYF	PFFSNVTWF
CASSIRAAYEQYF	PFFSNVTWF
CASSIRSSYEQYF	PFFSNVTWF
CASSIGLWGYTF	PFFSNVTWF
CASSIRSSYEQYF	PFFSNVTWF
CASSIRSAGELFF	PFFSNVTWF
CASSIRSAYEQYF	PFFSNVTWF
CASSELDSETQYF	PFFSNVTWF
CASSPLGVPWENPQHF	PFFSNVTWF
CASSVRSSYEQYF	PFFSNVTWF
CASSLVRDEQFF	PFFSNVTWF
CASSTRSTGELFF	PFFSNVTWF
CASSIRSSYEQYF	PFFSNVTWF
CASSSRSGVELFF	PFFSNVTWF
CASSIRSAYEQYF	PFFSNVTWF
CSARPHQFGSPLHF	PFFSNVTWF
CASSQGSYGYTF	PFFSNVTWF
CASSALSNQPQHF	PFFSNVTWF
CASSLGNYGYTF	PFFSNVTWF
CASSIRSSYEQYF	PFFSNVTWF
CASSIRSTGELFF	PFFSNVTWF
CASSSRSSYEQYF	PFFSNVTWF
CASSPGLATGLGYEQYF	PFFSNVTWF
CASSIRSSYEQYF	PFFSNVTWF
CASSSLSNQPQHF	PFFSNVTWF
CAWSDPTGDNEQFF	PFFSNVTWF
CASSSRSSYEQYF	PFFSNVTWF
CASSIRSAGEQFF	PFFSNVTWF
CASSMGSYGYTF	PFFSNVTWF
CASPKVGLANGREQFF	PFFSNVTWF
CASSATGSHEQYF	PFFSNVTWF
CASSIRSSYEQYF	PFFSNVTWF
CASSIRSAYEQYF	PFFSNVTWF
CASSMGSYGYTF	PFFSNVTWF
CASSTRSSYEQYF	PFFSNVTWF
CASSIGVYGYTF	PFFSNVTWF
CASLLAEETQYF	PFFSNVTWF
CASSTRSSYEQYF	PFFSNVTWF
CASRGQTNYGYTF	PFFSNVTWF
CASSFGHPSSYEQYF	PFFSNVTWF
CASSIRSSYEQYF	PFFSNVTWF
CASSIRSSYEQYF	PFFSNVTWF
CASSIRSTDTQYF	PFFSNVTWF
CASSIRSSYEQYF	PFFSNVTWF
CASSIRSSYEQYF	PFFSNVTWF
CASSVRSSYEQYF	PFFSNVTWF
CASSIRSAYEQYF	PFFSNVTWF
CASSGRAGDTQYF	PFFSNVTWF
CASSIGAYGYTF	PFFSNVTWF
CASSIRSAYEQYF	PFFSNVTWF
CASTPSGTYSNQPQHF	PFFSNVTWF
CASSIYSNQPQHF	PFFSNVTWF
CASSIRSSYEQYF	PFFSNVTWF
CASSIRSSYEQYF	PFFSNVTWF
CASSIRSDTEAFF	PFFSNVTWF
CASSIRAGYEQYF	PFFSNVTWF
CASSLLIDLMNTEAFF	PFFSNVTWF
CASSMRSAYEQYF	PFFSNVTWF
CASSIYGGLYNEQFF	PFFSNVTWF
CASSVRSAYEQYF	PFFSNVTWF
CASSEHPGQGGIQPQHF	PFFSNVTWF
CASSQGSYGYTF	PFFSNVTWF
CASSLSRDYSYNEQFF	PFFSNVTWF
CASSIRSSYEQYF	PFFSNVTWF
CASSIRSTDTQYF	PFFSNVTWF
CASSIGSYGYTF	PFFSNVTWF
CASSSPDTGLYSNQPQHF	PFFSNVTWF
CASSQGQGLAGLDTQYF	PFFSNVTWF
CATSGTGGGVLGEQFF	PFFSNVTWF
CASSIRSGYEQYF	PFFSNVTWF
CASLGQRGPMNTEAFF	PFFSNVTWF
CASSTRSTDTQYF	PFFSNVTWF
CASSPTGVVTEAFF	PFFSNVTWF
CASSLARHTGELFF	PFFSNVTWF
CASSENQGAAFF	PFFSNVTWF
CASSITGGGMNEQFF	PFFSNVTWF
CASSMGSYGYTF	PFFSNVTWF
CASSAAVRGETQYF	PFFSNVTWF
CASSSRSSDTQYF	PFFSNVTWF
CASSIRSGYEQYF	PFFSNVTWF
CSAQGGGGADNEQFF	PFFSNVTWF
CSARDLGTGANYNEQFF	PFFSNVTWF
CASSTRSGIEQFF	PFFSNVTWF
CASSLPQQGTYEQYF	PFFSNVTWF
CATSRDLGTGDRTGELFF	PFFSNVTWF
CASSPRSSDTQYF	PFFSNVTWF
