CDR3	AA
CASSVVSGAEAFF	RLDKVEAEV
CASSQQGWGTDTQYF	RLDKVEAEV
CAISELGHRLTMETQYF	RLDKVEAEV
CASSQQVRTDTQYF	RLDKVEAEV
CASSLGTTEAFF	RLDKVEAEV
CASSGTAGGRINEQFF	RLDKVEAEV
CASIYEAGGYNEQFF	RLDKVEAEV
CASSVVSGAEQYF	RLDKVEAEV
CASSLLGSYEQYF	RLDKVEAEV
CASSPIGGSTEAFF	RLDKVEAEV
CASSVVTGNTIYF	RLDKVEAEV
CASSVVSGGAEAFF	RLDKVEAEV
CASSVVSHGEQFF	RLDKVEAEV
CASSVVSTYNEQFF	RLDKVEAEV
CASSPRAGAVGELFF	RLDKVEAEV
CASSERGADTQYF	RLDKVEAEV
CASRDTGASPLHF	RLDKVEAEV
CASSQSGLGNQPQHF	RLDKVEAEV
CASRETSTTDTQYF	RLDKVEAEV
CASSPASGYGYTF	RLDKVEAEV
CASSVVSGSPREQFF	RLDKVEAEV
CASRTGGKNTEAFF	RLDKVEAEV
CASGQGGSNQPQHF	RLDKVEAEV
CATRSRGQETQYF	RLDKVEAEV
