CDR3	AA
CASSLATGTGIYEQYF	LLTDEMIAQY
CATSSGTGTGFYEQYF	LLTDEMIAQY
CASSKGASTDTQYF	LLTDEMIAQY
CASKSGGGDQPQHF	LLTDEMIAQY
CASAFGTGAHTGELFF	LLTDEMIAQY
CSARGPEGQPQHF	LLTDEMIAQY
CASSTSARQFLYGYTF	LLTDEMIAQY
CASSYGPGLAGTGELFF	LLTDEMIAQY
CSARDPGTVRGQPQHF	LLTDEMIAQY
CASSYGGVIGKEAFF	LLTDEMIAQY
CASSLGIGTGIYEQYF	LLTDEMIAQY
CSARDSAGVDEQFF	LLTDEMIAQY
CASSLDPAGQETQYF	LLTDEMIAQY
CASSPARGPHNQPQHF	LLTDEMIAQY
CASTKAAYNEQFF	LLTDEMIAQY
CASSGLGTGSYGYTF	LLTDEMIAQY
CASRQEGGPEAFF	LLTDEMIAQY
CASSNPTSGRDNEQFF	LLTDEMIAQY
CASSFGVGYEQYF	LLTDEMIAQY
CASSWGQGYEQYF	LLTDEMIAQY
CASSPDRGPDTQYF	LLTDEMIAQY
CASSRGEDPYEQYF	LLTDEMIAQY
CASSSPGQGNYGYTF	LLTDEMIAQY
CASFHSSGGVNTGELFF	LLTDEMIAQY
CASSERRVTYEQYF	LLTDEMIAQY
CASSQRGYTEAFF	LLTDEMIAQY
CASSQDAGGSYNEQFF	LLTDEMIAQY
CASSKTVGTGVYEQYF	LLTDEMIAQY
CSARDPHGDNNSPLHF	LLTDEMIAQY
CASSVGASLYNEQFF	LLTDEMIAQY
CASSPSGALYEQYF	LLTDEMIAQY
CASSRLGTRGYNEQFF	LLTDEMIAQY
CASSLSVGQGTYEQYF	LLTDEMIAQY
CASTLGQGSYEQYF	LLTDEMIAQY
CASSSRQGATDTQYF	LLTDEMIAQY
CASSSSLLRDAYEQYF	LLTDEMIAQY
CSARDQWLADTQYF	LLTDEMIAQY
CASSWGVGTGIYEQYF	LLTDEMIAQY
CASSPIGGERNIQYF	LLTDEMIAQY
CASRSSSGLGSYEQYF	LLTDEMIAQY
CASSWGPYYEQYF	LLTDEMIAQY
CASSQGAGSSYNEQFF	LLTDEMIAQY
CASRWATYNEQFF	LLTDEMIAQY
CASSLGQGSNTEAFF	LLTDEMIAQY
CASSLSTGTGYYEQYF	LLTDEMIAQY
CASRAVAGGTYNEQFF	LLTDEMIAQY
CASSYRGQVIVNTEAFF	LLTDEMIAQY
CASSLAVGTGIYEQYF	LLTDEMIAQY
CAWSWSGAIHEQYF	LLTDEMIAQY
CASSWGQIYEQYF	LLTDEMIAQY
CASSYRGSPLHF	LLTDEMIAQY
CASSQVSSSYEQYF	LLTDEMIAQY
CASSFLAGDNEQFF	LLTDEMIAQY
CASSQGQGSGSYEQYF	LLTDEMIAQY
CASGKVGTGVYEQYF	LLTDEMIAQY
CASSLAVGTGIYEQYF	LLTDEMIAQY
CASTTQGSGANVLTF	LLTDEMIAQY
CASSPGRVYNEQFF	LLTDEMIAQY
CASRERRTANYGYTF	LLTDEMIAQY
CSARDPRGEAKLFF	LLTDEMIAQY
CASSVGRQGGTEAFF	LLTDEMIAQY
CSARDQFRSDIQYF	LLTDEMIAQY
CSARWSLGNEQFF	LLTDEMIAQY
CASSQAGTGTGVYEQYF	LLTDEMIAQY
CATSRPLGNTEAFF	LLTDEMIAQY
CASSQGPGTGVGEQYF	LLTDEMIAQY
CASSLGVGTGAYEQYF	LLTDEMIAQY
CASSLALGTGIYEQFF	LLTDEMIAQY
CASRTPYGAYEQYF	LLTDEMIAQY
CASSYRGRRGLF	LLTDEMIAQY
CASSQLGTGLYNEQFF	LLTDEMIAQY
CASSQGTRANYGYTF	LLTDEMIAQY
CASRPGQSNQPQHF	LLTDEMIAQY
CASSWGTGGYEQYF	LLTDEMIAQY
CSARDLYRADTQYF	LLTDEMIAQY
CASSQGGYNEQFF	LLTDEMIAQY
CASSQLAGSHNEQFF	LLTDEMIAQY
RASRSPDRVRGPDTQYF	LLTDEMIAQY
CSASNPGGPYNEQFF	LLTDEMIAQY
CASGDHRTMTQYF	LLTDEMIAQY
CASSQDGGAFADTQYF	LLTDEMIAQY
CSARGPYTGELFF	LLTDEMIAQY
CASTPPRTDPNYGYTF	LLTDEMIAQY
CASSLAVGTGLYEQYF	LLTDEMIAQY
CASSPLAASSYNEQFF	LLTDEMIAQY
CASSLVTVSYEQYF	LLTDEMIAQY
CASSQGPIVRNYGYTF	LLTDEMIAQY
CASSVSVGTGNYGYTF	LLTDEMIAQY
CASSLGVGTGVYEQYF	LLTDEMIAQY
CASRSPGANVLTF	LLTDEMIAQY
CASSSLEDYEQYF	LLTDEMIAQY
CASSSNTGELFF	LLTDEMIAQY
CATSRDGVHEQFF	LLTDEMIAQY
CSARGPISGELFF	LLTDEMIAQY
CASSRPGTGVYEQFF	LLTDEMIAQY
CASSLGGLEYSYGYTF	LLTDEMIAQY
CASRPNQGQETQYF	LLTDEMIAQY
CASRPGGYYSPLHF	LLTDEMIAQY
CASRELARNEQFF	LLTDEMIAQY
CASSVGGRDEKLFF	LLTDEMIAQY
CASSLSIGTGIYEQYF	LLTDEMIAQY
CASSQGSTYNEQFF	LLTDEMIAQY
CASSSRTGVYNEQFF	LLTDEMIAQY
CASSPGQGVPSDEQYF	LLTDEMIAQY
CASKRGREEAGELFF	LLTDEMIAQY
CASSYSSRLEAYNEQFF	LLTDEMIAQY
CASSGTSKTGELFF	LLTDEMIAQY
CASSLWGTGRSGANVLTF	LLTDEMIAQY
CASHRDTSYEQYF	LLTDEMIAQY
CAISKTGEPYNEQFF	LLTDEMIAQY
CASSLGHYNEQFF	LLTDEMIAQY
CATSRAKGTGIYEQYF	LLTDEMIAQY
CASSQVGAPGFYEQYF	LLTDEMIAQY
CASSLGTGTGVYEQYF	LLTDEMIAQY
CASSFGLDYEQYF	LLTDEMIAQY
CASSQLGTGIYGYTF	LLTDEMIAQY
CASSLQLGFTDTQYF	LLTDEMIAQY
CAISESYRSPYNEQFF	LLTDEMIAQY
CASSLSLGTGIYEQYF	LLTDEMIAQY
CAISESKREPYNEQFF	LLTDEMIAQY
CASSLSTGSGTEAFF	LLTDEMIAQY
CASSQSPSYNEQFF	LLTDEMIAQY
CSARDILAKNIQYF	LLTDEMIAQY
CASSLMGTEAFF	LLTDEMIAQY
CASSSTSGGPPDNEQFF	LLTDEMIAQY
CASSQSSGTGIYEQYF	LLTDEMIAQY
CASRKSSGETQYF	LLTDEMIAQY
CASSEAPGTGTALQETQYF	LLTDEMIAQY
CASSRGGGETQYF	LLTDEMIAQY
CASGFGGETQYF	LLTDEMIAQY
CSAHGPVPTTYEQYF	LLTDEMIAQY
CASSASSGTGVYEQYF	LLTDEMIAQY
CSASMQSSYNEQFF	LLTDEMIAQY
CASSFGLGGYEQYF	LLTDEMIAQY
CASRSSGYTGELFF	LLTDEMIAQY
CASYTGAVPDEQFF	LLTDEMIAQY
CASSEKKGPVNEQFF	LLTDEMIAQY
CASSLGGAYNEQFF	LLTDEMIAQY
CSARDPYRQETQYF	LLTDEMIAQY
CASSWGVGAEAFF	LLTDEMIAQY
CASSQSPGPQPYEQYF	LLTDEMIAQY
CASSAWDGGTSGRTQYF	LLTDEMIAQY
CSAREWGGGYTF	LLTDEMIAQY
CASSHLGQGQRGSEQYF	LLTDEMIAQY
CASRDSNTGELFF	LLTDEMIAQY
CSARGPLAGELFF	LLTDEMIAQY
CASSPTEAPYEQYF	LLTDEMIAQY
CASSFGTGGYEQYF	LLTDEMIAQY
CSAYGVAKNIQYF	LLTDEMIAQY
CASSQDEGSGREQYF	LLTDEMIAQY
CASSLAGGSSYNEQFF	LLTDEMIAQY
CASSRLEGAATEAFF	LLTDEMIAQY
CASSRKTGIGNYGYTF	LLTDEMIAQY
CASSQITGQFHAEAFF	LLTDEMIAQY
CASSLGVGTGLYEQYF	LLTDEMIAQY
CASSQGAAETQYF	LLTDEMIAQY
CASSSPERSYEQYF	LLTDEMIAQY
CASSLSAGNTIYF	LLTDEMIAQY
CASRSGSSYEQYF	LLTDEMIAQY
CASSRASQGVGVYEQYF	LLTDEMIAQY
CASSEGLEGGPRRDNEQFF	LLTDEMIAQY
CSARDPMSSDTQYF	LLTDEMIAQY
CASSQQGQGSYEQYF	LLTDEMIAQY
CASSLTEASYEQYF	LLTDEMIAQY
CASSFQGGDTEAFF	LLTDEMIAQY
CASRETSGSYNEQFF	LLTDEMIAQY
CASSSGTGVGDYEQYF	LLTDEMIAQY
CSALLADTYEQYF	LLTDEMIAQY
CASSRGGANYGYTF	LLTDEMIAQY
CSARDLSPAGGWYGYTF	LLTDEMIAQY
CASSPTSGPVREQYF	LLTDEMIAQY
CASSQPGQGDYGYTF	LLTDEMIAQY
CASSEGQPNQPQHF	LLTDEMIAQY
CSARDQHGGPQHF	LLTDEMIAQY
CASSPGQGSYEQYF	LLTDEMIAQY
CASSPETGGYEQYF	LLTDEMIAQY
CASRETSGGQETQYF	LLTDEMIAQY
CASSQEISPGGLNTEAFF	LLTDEMIAQY
CASSLGTGVYNEQFF	LLTDEMIAQY
CASSWGVGYEQYF	LLTDEMIAQY
CASSLPRRGGSYNEQFF	LLTDEMIAQY
CASSHRLGTGVYEQYF	LLTDEMIAQY
CASSQAPGTGTYEQYF	LLTDEMIAQY
CASSSAIGTGIYEQYF	LLTDEMIAQY
CASRALQGGSPLHF	LLTDEMIAQY
CASSFIRGVQNIQYF	LLTDEMIAQY
CASRAGGFNTEAFF	LLTDEMIAQY
CASSLDRLGYTF	LLTDEMIAQY
CASTSGSYNEQFF	LLTDEMIAQY
CASSEFFRGSQETQYF	LLTDEMIAQY
CAISESVREPYNEQFF	LLTDEMIAQY
CASSWGQGYEQYF	LLTDEMIAQY
CSARGTPTYNEQFF	LLTDEMIAQY
CASSPGANYNEQFF	LLTDEMIAQY
CASSQGYGTSGNEQFF	LLTDEMIAQY
CASRLSSGYNEQFF	LLTDEMIAQY
CASSPEAGGGYEQYF	LLTDEMIAQY
CASSWGLGYEQYF	LLTDEMIAQY
CASSLALNRGEQFF	LLTDEMIAQY
CASRIQGGTEAFF	LLTDEMIAQY
CASSQDIFTYEQYF	LLTDEMIAQY
CSARDRLVADTQYF	LLTDEMIAQY
CASSLGRSLNYGYTF	LLTDEMIAQY
CASSLRGVEQYF	LLTDEMIAQY
CASSEGSYNEQFF	LLTDEMIAQY
CASSRDLYEQYF	LLTDEMIAQY
CSARDPSGGPRYF	LLTDEMIAQY
CSARGAISGELFF	LLTDEMIAQY
CASSRDRGISNNSPLHF	LLTDEMIAQY
CASSQRGLGGEDEQFF	LLTDEMIAQY
CASSLWVTGEEKLFF	LLTDEMIAQY
CASSTGTGTGIYEQYF	LLTDEMIAQY
CASSLAVGQGIYEQYF	LLTDEMIAQY
CASSWGANEQFF	LLTDEMIAQY
CASTSTESTYEQYF	LLTDEMIAQY
CASSQVGTGIYPLHF	LLTDEMIAQY
CSARGPYIGEQYF	LLTDEMIAQY
CASSPGQSYEYGYTF	LLTDEMIAQY
CASSQGLLNEQFF	LLTDEMIAQY
CASSWGVGYEQYF	LLTDEMIAQY
CSVSHPLVGQYEQYF	LLTDEMIAQY
CASSPRTGVGQPQHF	LLTDEMIAQY
CASTKTGVGNYGYTF	LLTDEMIAQY
CASSLGVGQGIYEQYF	LLTDEMIAQY
CASSLSVGTGLYEQYF	LLTDEMIAQY
CASSLPGAGGTYNEQFF	LLTDEMIAQY
CASSQSTGVSYNEQFF	LLTDEMIAQY
CASSLVSSYNEQFF	LLTDEMIAQY
CASSPELPRVHEQFF	LLTDEMIAQY
CASSLVAGHNEQFF	LLTDEMIAQY
CASSWGIGYEQYF	LLTDEMIAQY
CASRPGVTTYGYTF	LLTDEMIAQY
CSARDWARQETQYF	LLTDEMIAQY
CASSLRGWGTSGRTWTGELFF	LLTDEMIAQY
CASSRLGLEPGELFF	LLTDEMIAQY
CASTSHGGLTEAFF	LLTDEMIAQY
CASTQHSSYNEQFF	LLTDEMIAQY
CASSLTEIPYEQYF	LLTDEMIAQY
CASSLGLGTGLYEQYF	LLTDEMIAQY
CASRKGGTGYYEQYV	LLTDEMIAQY
CASSKLGGNQPQHF	LLTDEMIAQY
CASSSTSGSLNEQYF	LLTDEMIAQY
CASSQPGTGTYEQYF	LLTDEMIAQY
CASSLALGTGYYEQYF	LLTDEMIAQY
CASSPRGSSPLHF	LLTDEMIAQY
CASSFSRGSSYNEQFF	LLTDEMIAQY
CASSHGIDNTGELFF	LLTDEMIAQY
CASSQDLGYQPQHF	LLTDEMIAQY
CAISDLTPGLSTGELFF	LLTDEMIAQY
CASSQGPGGSYNEQFF	LLTDEMIAQY
CASSQGQTTSYEQYF	LLTDEMIAQY
CASSPWTAYNEQFF	LLTDEMIAQY
CASSPPVGDRGLPSYNEQFF	LLTDEMIAQY
CSAMDPAPYEQYF	LLTDEMIAQY
CASSLGIGGYEQYF	LLTDEMIAQY
CASSQVGTGVYEQYF	LLTDEMIAQY
CASSSSSGVSTDTQYF	LLTDEMIAQY
CASSQSRSYNEQFF	LLTDEMIAQY
CASSIAGTAYNEKLFF	LLTDEMIAQY
CASRDGQGRDEQYF	LLTDEMIAQY
CASSFSTGQGIYEQYF	LLTDEMIAQY
CASSLEGSGNSYEQYF	LLTDEMIAQY
CASRPAVGTNEQYF	LLTDEMIAQY
CASSLRPGPNTGELFF	LLTDEMIAQY
CASRLGYRYEQFF	LLTDEMIAQY
CASSARQGPLDNEQFF	LLTDEMIAQY
CASSPLSSYNEQFF	LLTDEMIAQY
CSARDALKSDTQYF	LLTDEMIAQY
CASSLASGGPWDEQFF	LLTDEMIAQY
CASSPGQNQPQHF	LLTDEMIAQY
CSARDPRRTETQYF	LLTDEMIAQY
CSARGPWGNEQFF	LLTDEMIAQY
CASSLAVGTGDYEQYF	LLTDEMIAQY
CSARDPAAGYQFF	LLTDEMIAQY
CSARGRRPEEERYEQYF	LLTDEMIAQY
CASSWGQHYEQYF	LLTDEMIAQY
CASSLSVGTGYYEQYF	LLTDEMIAQY
CASSRSLGPDTQYF	LLTDEMIAQY
CASSQGPSYNEQFF	LLTDEMIAQY
CASSQGSRINYGYTF	LLTDEMIAQY
CASSRGQGSSYNEQFF	LLTDEMIAQY
CSARGEYRQETQYF	LLTDEMIAQY
CASSFFGTSGNNEQFF	LLTDEMIAQY
CASSLGAGTGIYEQYF	LLTDEMIAQY
CSARDPGAGELFF	LLTDEMIAQY
CASGLVSVGLAGNYNEQFF	LLTDEMIAQY
CASSWGAGHQPQHF	LLTDEMIAQY
CASSIPYREYEQYF	LLTDEMIAQY
CSARDPLLEHKHF	LLTDEMIAQY
CSARDRLIGGLEYF	LLTDEMIAQY
CASSQSLGTGVYEQYF	LLTDEMIAQY
CASSNTGTGVYEQYF	LLTDEMIAQY
CASSQERGGSYNEQFF	LLTDEMIAQY
CSARGPHTGELFF	LLTDEMIAQY
CASSQYRDRGTKNIQYF	LLTDEMIAQY
CASSQGSGLSSYNEQFF	LLTDEMIAQY
CASSYGLLNEQFF	LLTDEMIAQY
CSARDPYGGEQYF	LLTDEMIAQY
CATRTSGRINEQFF	LLTDEMIAQY
CASSWFRDITLPHTQYF	LLTDEMIAQY
CASSSQGGNTEAFF	LLTDEMIAQY
CASSQDYDLAGVGGELFF	LLTDEMIAQY
CASSSGIGTGVYEQYF	LLTDEMIAQY
CASSRSGTEYNYGYTF	LLTDEMIAQY
CASSQGVPGTSGIYEQYF	LLTDEMIAQY
CASSWGQGYEQYF	LLTDEMIAQY
CASSLAASAYEQYF	LLTDEMIAQY
CASSLSGTGVGNYGYTF	LLTDEMIAQY
CSARGPVAGELFF	LLTDEMIAQY
CSAWMGTFSYEQYF	LLTDEMIAQY
CASSRSGASSYNEQFF	LLTDEMIAQY
CASSRGGVFNQPQHF	LLTDEMIAQY
CASTKTGTGIYGYTF	LLTDEMIAQY
CASSLVARGANTGELFF	LLTDEMIAQY
CASSPTSGRAWANVLTF	LLTDEMIAQY
CASSAGGGRETQYF	LLTDEMIAQY
CASSLTSGSNQPQHF	LLTDEMIAQY
CASSLPNAGGNYNEQFF	LLTDEMIAQY
CSARSPTGNEQFF	LLTDEMIAQY
CASSPTSGYNEQFF	LLTDEMIAQY
CSARGQYVGELFF	LLTDEMIAQY
CAWGSKQSNYGYTF	LLTDEMIAQY
CASSLVSGSENEQFF	LLTDEMIAQY
CASSQSEGGVGSYEQYF	LLTDEMIAQY
CASRLTSYNEQFF	LLTDEMIAQY
CASSRSVGQGVYEQYF	LLTDEMIAQY
CASRNSSYNEQFF	LLTDEMIAQY
CSARGARGYEQYF	LLTDEMIAQY
CASSDRNRYGYTF	LLTDEMIAQY
CASSFGLAAGGNEQFF	LLTDEMIAQY
CATSESTNEQFF	LLTDEMIAQY
CASSLGLAVYEQYF	LLTDEMIAQY
CASTSGVYPHKSLNYGYTF	LLTDEMIAQY
CASSLSGPNLQPQHF	LLTDEMIAQY
CASSEAGTGIYEQYV	LLTDEMIAQY
CASSSGVGTGIYEQYF	LLTDEMIAQY
CASSYGTGGYEQYF	LLTDEMIAQY
CASSPRGQEYLGYTF	LLTDEMIAQY
CASSLAVGTGVYEQYF	LLTDEMIAQY
CASSWGVGQGVYEQYF	LLTDEMIAQY
CASSLLLAEQFF	LLTDEMIAQY
CASSYGRNQPQHF	LLTDEMIAQY
CASSPKTGLGSYGYTF	LLTDEMIAQY
CASSQVGAAYEQYF	LLTDEMIAQY
CASSQPGTGVYGYTF	LLTDEMIAQY
CASRGGTGTGIYEQYF	LLTDEMIAQY
CATSRAKGTGLYGYTF	LLTDEMIAQY
CASRQAGYTGELFF	LLTDEMIAQY
CASSLGQGVSTNEKLFF	LLTDEMIAQY
CASSFSTGTGVYEQYF	LLTDEMIAQY
CASSLDLNEQFF	LLTDEMIAQY
CASRTPGLHNEQFF	LLTDEMIAQY
CASSLSSGGSYNEQFF	LLTDEMIAQY
CASSLRGQRTYEQYF	LLTDEMIAQY
CASSPQAGEYNEQFF	LLTDEMIAQY
CASRSETGAYEQYF	LLTDEMIAQY
CASSQGVGTGVYEQYF	LLTDEMIAQY
CAIKDPKRGNTDTQYF	LLTDEMIAQY
CASSLGLAGGVEQFF	LLTDEMIAQY
CATSPGATVNSPLHF	LLTDEMIAQY
CASSFGTGGYEQYF	LLTDEMIAQY
CASNPSGGRYTGELFF	LLTDEMIAQY
CASSPLTSGTTYEQYF	LLTDEMIAQY
CASSPQRLQETQYF	LLTDEMIAQY
CASREGAGETQYF	LLTDEMIAQY
CASSQSSSYNEQFF	LLTDEMIAQY
CSVGTSSYNEQFF	LLTDEMIAQY
CASSSPRTGEFNSPLHF	LLTDEMIAQY
CASSKTGTGVYEQYF	LLTDEMIAQY
CASSPRAGLGPSYNEQFF	LLTDEMIAQY
CASSLGVGQGAYEQYF	LLTDEMIAQY
CASSYIGTSGYNEQFF	LLTDEMIAQY
CSARDPGGGTQYF	LLTDEMIAQY
CASSRLAGGYEQYF	LLTDEMIAQY
CSARGPLAGEQFF	LLTDEMIAQY
CASSQPWAVPEAFF	LLTDEMIAQY
CSARDSYSNYGYTF	LLTDEMIAQY
CSARDTSLTDTQYF	LLTDEMIAQY
CASSLAVGTGTYEQYF	LLTDEMIAQY
CASSSDREVGYGYTF	LLTDEMIAQY
CASSPSRGSSTDTQYF	LLTDEMIAQY
CASSSPNRATGELFF	LLTDEMIAQY
CASSYLSAYNEQFF	LLTDEMIAQY
CASSLSVGTGLYEQYF	LLTDEMIAQY
CASSQAQNTGELFF	LLTDEMIAQY
CASTRAGGSGANVLTF	LLTDEMIAQY
CSARDIWRKETQYF	LLTDEMIAQY
CASRKAGTGVYEQYF	LLTDEMIAQY
CASSGSIAGGHNEQYF	LLTDEMIAQY
CASSGGVGTGVYEQYF	LLTDEMIAQY
CASSPRTSGLYEQYF	LLTDEMIAQY
CASSRIGASTGELFF	LLTDEMIAQY
CASRRQGPSYGYTF	LLTDEMIAQY
CSARDPTGGPQHF	LLTDEMIAQY
CASSQGRGGMDEQYF	LLTDEMIAQY
CASSQGPGNYYGYTF	LLTDEMIAQY
CSARDIFNQPQHF	LLTDEMIAQY
CSARDRLLTDTQYF	LLTDEMIAQY
CASGPWTHPRDEQFF	LLTDEMIAQY
CASSSSAAAYEQYF	LLTDEMIAQY
CASSPSQGGSYNEQFF	LLTDEMIAQY
CSVEDGSSYNEQFF	LLTDEMIAQY
CASTGSSYNEQFF	LLTDEMIAQY
CASSKIADSSTDTQYF	LLTDEMIAQY
CASSEGQGPNYGYTF	LLTDEMIAQY
CASSQEQGGDTGELFF	LLTDEMIAQY
CASSGGLGTGVYEQYF	LLTDEMIAQY
CASSLQDRGWSDEQFF	LLTDEMIAQY
CASTGGSSYNEQFF	LLTDEMIAQY
CASSPSWGEQYF	LLTDEMIAQY
CASSLGVGVGVYEQYF	LLTDEMIAQY
CASSFGTEFNYGYTF	LLTDEMIAQY
CASNQGISYEQYF	LLTDEMIAQY
CASSQGAGTGIYEQYF	LLTDEMIAQY
CASSLGLAGSSYEQYF	LLTDEMIAQY
CATSESTNEQFF	LLTDEMIAQY
CASSPRTVHSYNEQFF	LLTDEMIAQY
CASSLAVGTGVYEQYF	LLTDEMIAQY
CASSTLRTGGFQTQYF	LLTDEMIAQY
CASSWGVGYEQYF	LLTDEMIAQY
CSARNRVGNEQFF	LLTDEMIAQY
CASSLRLGTGVYEQYF	LLTDEMIAQY
