CDR3	AA
CASSHGRNNSPLHF	IPIGAGICASY
CASSKPRQGRTGELFF	IPIGAGICASY
CASSSADSSYEQYF	IPIGAGICASY
CASSLAARLAGGGNEQFF	IPIGAGICASY
CASRSSDHSYEQYF	IPIGAGICASY
CASSQAGKNSPLHF	IPIGAGICASY
CASSPSGQRSYEQYF	IPIGAGICASY
CASTDRGRGIKDGYTF	IPIGAGICASY
CASSVGAGLEAFF	IPIGAGICASY
CATSDPLLDNEQFF	IPIGAGICASY
CASSFPDSGRAPYF	IPIGAGICASY
CASSPQILRAYTGELFF	IPIGAGICASY
CASSEGTMMETQYF	IPIGAGICASY
CASSSGTSEYNEQFF	IPIGAGICASY
CSARDLAYEQYF	IPIGAGICASY
CASSYAGTNYGYTF	IPIGAGICASY
CASSDILAGHEQYF	IPIGAGICASY
CASRPGQDNSPLHF	IPIGAGICASY
CASSLDYSHSSYEQYF	IPIGAGICASY
CASSLGFGDGYGYTF	IPIGAGICASY
CAIRYDRGSLNTGELFF	IPIGAGICASY
CASSSTTGGNTEAFF	IPIGAGICASY
CATSAPGQGWENEQFF	IPIGAGICASY
CASSWVESNQPQHF	IPIGAGICASY
CASSAGRFSGNTIYF	IPIGAGICASY
CASSDISGLDEQFF	IPIGAGICASY
CASSDWTSENQETQYF	IPIGAGICASY
CASRSSDSNTEAFF	IPIGAGICASY
CSADRGTDEEPQHF	IPIGAGICASY
CASFAGTSQGDTQYF	IPIGAGICASY
CASSLGQGDYEQYF	IPIGAGICASY
CASSPSEDSPLHF	IPIGAGICASY
CASSAGGARAADTQYF	IPIGAGICASY
CAWSVGRVGEQYF	IPIGAGICASY
CSAWTGDSNQPQHF	IPIGAGICASY
