CDR3	AA
CASSGQSLPLHF	VQIDRLITGR
CASSQKLAADTQYF	VQIDRLITGR
CASSPQGYEQYF	VQIDRLITGR
CASSVSPAGELFF	VQIDRLITGR
CASSQEQGSGYEQYF	VQIDRLITGR
CASSLAAGGERMDTQYF	VQIDRLITGR
CAIRLGTGRQPQHF	VQIDRLITGR
CASSLAGATYNEQFF	VQIDRLITGR
CASSQVLTGSSPLHF	VQIDRLITGR
CASSPSPSGTSIDEQYF	VQIDRLITGR
CSAWWANTEAFF	VQIDRLITGR
CASSEVGTGTSGANVLTF	VQIDRLITGR
CASSLRQVPGELFF	VQIDRLITGR
CASSWSALEKQFF	VQIDRLITGR
CASSTTTGYYLPLSTDTQYF	VQIDRLITGR
CASTGKYDNTDTQYF	VQIDRLITGR
CASSFRHTIYNEQFF	VQIDRLITGR
CASSPRTGAGSYNEQFF	VQIDRLITGR
CASSQGRGGGAGELFF	VQIDRLITGR
CASSLEVATNEKLFF	VQIDRLITGR
CASSNLGDTNTGELFF	VQIDRLITGR
CASSSSTGVPSYEQYF	VQIDRLITGR
CASTRLGRGTSRNFSYNEQFF	VQIDRLITGR
CASSSGRAYEQFF	VQIDRLITGR
CASSKDARLNTEAFF	VQIDRLITGR
CASSEATDTQYF	VQIDRLITGR
CATYPNDRGPPVAQHF	VQIDRLITGR
CASSSRDRGLGANVLTF	VQIDRLITGR
CASSQEHDRGRSYEQYF	VQIDRLITGR
CASSPSSGISYEQYF	VQIDRLITGR
CASSFPLGGNEQFF	VQIDRLITGR
CASSTGGLNSPLHF	VQIDRLITGR
CASSTGASGANVLTF	VQIDRLITGR
CASSYSQGPSYEQYF	VQIDRLITGR
CASSESFRAKGLFF	VQIDRLITGR
CASSLEGATNEKLFF	VQIDRLITGR
RARGTSGWNRLWEQYF	VQIDRLITGR
CASSWQGANYEQYF	VQIDRLITGR
CSVTRGDNEQFF	VQIDRLITGR
CASSLGQGPNEQYF	VQIDRLITGR
CASSYRDRGAYGYTF	VQIDRLITGR
CASSQVSGSGLYEQYF	VQIDRLITGR
CASSQDPVSLAKNIQYF	VQIDRLITGR
CASRSGTGNQPQHF	VQIDRLITGR
CASAGNSNTGELFF	VQIDRLITGR
CASGASYNEQFF	VQIDRLITGR
CASSAVGSEAFF	VQIDRLITGR
CASSTAGATYNEQFF	VQIDRLITGR
CASRTGTGNNEQFF	VQIDRLITGR
CAKPPGQGAGYETQYF	VQIDRLITGR
CASSFRAGAYNEQFF	VQIDRLITGR
CASRTGWEQYF	VQIDRLITGR
CASSLYYSGTNYEQYF	VQIDRLITGR
CASRSGQGAFRGELFF	VQIDRLITGR
CASRTGTGLYEQYF	VQIDRLITGR
CASSSHPSGTGVFNEQFF	VQIDRLITGR
CSARKGIGTEAFF	VQIDRLITGR
CASSYGHEQYF	VQIDRLITGR
CASSLVETQYF	VQIDRLITGR
CASSLAYEQYF	VQIDRLITGR
CASSETSGYEQYF	VQIDRLITGR
CASDAGTGIYNEQFF	VQIDRLITGR
CAISESAGTGDPGELFF	VQIDRLITGR
CASSPGSSPLHF	VQIDRLITGR
CATSTRQDANSPLHF	VQIDRLITGR
CASSFGHEQFF	VQIDRLITGR
CASSLTIQRDTQYF	VQIDRLITGR
CASRLEYAEDTQYF	VQIDRLITGR
CASDAGGAGNQPQHF	VQIDRLITGR
CASRVGQGNQPQHF	VQIDRLITGR
CASSYGKAGGSTDTQYF	VQIDRLITGR
CASSFHRDRPYEQYF	VQIDRLITGR
CASSQELGSNTGELFF	VQIDRLITGR
CASSQDPGDYEQYF	VQIDRLITGR
CASSHEVGQGGLDF	VQIDRLITGR
CASSGWDNEQFF	VQIDRLITGR
CSATPTDSYNEQFF	VQIDRLITGR
CASSESGGVETQYF	VQIDRLITGR
CASSQEIATNEKLFF	VQIDRLITGR
CAISDLNRDSLSYEQYF	VQIDRLITGR
CASSFGHEQYF	VQIDRLITGR
CASSPEWQGGSPLHF	VQIDRLITGR
CASRVGQGLTEAFF	VQIDRLITGR
CASSPGTGVYNEQFF	VQIDRLITGR
CASTDEIVPLNTEAFF	VQIDRLITGR
CASRPDRGLPNEQFF	VQIDRLITGR
CASRPGTGGYEQYF	VQIDRLITGR
CAAKLGQGDTDTQYF	VQIDRLITGR
CASSSYEQAGEAYEQYF	VQIDRLITGR
CASRVATGELFF	VQIDRLITGR
CASGATYNEQFF	VQIDRLITGR
CASSLEEATNEKLFF	VQIDRLITGR
CASSFGHEQYF	VQIDRLITGR
CASSQDLGTAYEQYF	VQIDRLITGR
CASSYSGGVPNNEQFF	VQIDRLITGR
