CDR3	AA
CASSLAGTVYGYTF	YIIKLIFLW
CASSPAGQGPSYEQYF	YIIKLIFLW
CASSPLGILGETQYF	YIIKLIFLW
CASSSYTEAFF	YIIKLIFLW
CASSPVGEQYF	YIIKLIFLW
CASSPGNTGELFF	YIIKLIFLW
CASSLAGAGVQETQYF	YIIKLIFLW
CASSSEGQGDYGYTF	YIIKLIFLW
CASSQDGIGGFSYEQYF	YIIKLIFLW
CATSRDRTEKLFF	YIIKLIFLW
CASSSLQYYEQYF	YIIKLIFLW
CASGQGHGGSPLHF	YIIKLIFLW
CASSFSGNWNEQFF	YIIKLIFLW
CASSTGLAGIYEQYF	YIIKLIFLW
CASSQDPTTGNTIYF	YIIKLIFLW
CASSQDLETQYF	YIIKLIFLW
CASSHETGGPGELFF	YIIKLIFLW
CASSSTAGTPDTQYF	YIIKLIFLW
CASSLDGDTQYF	YIIKLIFLW
CSARLPSYNEQFF	YIIKLIFLW
CAIRGLADYEQYF	YIIKLIFLW
CATSRERVNPATQYF	YIIKLIFLW
CASSLEQTSYEQYF	YIIKLIFLW
CASSLGGAGPSYNEQFF	YIIKLIFLW
CASSYSRGELFF	YIIKLIFLW
CASTLVGTDYNSPLHF	YIIKLIFLW
CATSPERTSYEQFF	YIIKLIFLW
CSVVVLAGVQKLETQYF	YIIKLIFLW
CSVVMDGYTF	YIIKLIFLW
CASSSGQGGYIQYF	YIIKLIFLW
CATSRDRVGSPLHF	YIIKLIFLW
CASSGTMGLALSHGELFF	YIIKLIFLW
CASSLAGSGTGELFF	YIIKLIFLW
CSARLPSYNEQFF	YIIKLIFLW
CASSYLGGLSTDTQYF	YIIKLIFLW
CASTPRSGSLDEDTQYF	YIIKLIFLW
CASSPGAGANVLTF	YIIKLIFLW
CASSLRTSAGSTDTQYF	YIIKLIFLW
CASSWGYPRVDEQFF	YIIKLIFLW
CSGFLTGVGYGYTF	YIIKLIFLW
CASSLFGSNEQYF	YIIKLIFLW
CSAGTEHEQSYAEAFF	YIIKLIFLW
CATSRERARDTQYF	YIIKLIFLW
CSVDRHGELFF	YIIKLIFLW
CASSHATSGDYEQYF	YIIKLIFLW
CASSLERGGPQETQYF	YIIKLIFLW
CASSLAGTGGTYEQYF	YIIKLIFLW
CASSAWDINYGYTF	YIIKLIFLW
CSARLPSYNEQFF	YIIKLIFLW
CASSTGLAGIDEQFF	YIIKLIFLW
CASSSTGTSGRVGTQYF	YIIKLIFLW
CASSLGYGTEAFF	YIIKLIFLW
CASSPPDGADREGLGYGYTF	YIIKLIFLW
CASSLDKRGGGSPLHF	YIIKLIFLW
CASSQEPGLAGGNEQFF	YIIKLIFLW
CASSPGHTGELFF	YIIKLIFLW
CASSSIAGYQETQYF	YIIKLIFLW
CASSQQGSAYGYTF	YIIKLIFLW
CSVTHLNTGELFF	YIIKLIFLW
CASSPLGQTYQETQYF	YIIKLIFLW
CASSLGGANTDTQYF	YIIKLIFLW
CASSSGGTSGTAYEQYF	YIIKLIFLW
CASSFGVGMNTEAFF	YIIKLIFLW
CTSSQEASGRSTNIQYF	YIIKLIFLW
CASSLVRTGADTGELFF	YIIKLIFLW
CASSLALTVLFYEQYF	YIIKLIFLW
CASSPMEASQTDTQYF	YIIKLIFLW
CASSPSGGATETQYF	YIIKLIFLW
CASSLAQLAGAYNEQFF	YIIKLIFLW
CASRLAGDRLMNSPLHF	YIIKLIFLW
CASSSGLRSYEQYF	YIIKLIFLW
CSAPPRDYDNEQFF	YIIKLIFLW
CASSQDLLVFEGALNTEAFF	YIIKLIFLW
CSVEVARGGYNEQFF	YIIKLIFLW
CATSKKRAQETQYF	YIIKLIFLW
CASSLAGTSPYNEQFF	YIIKLIFLW
CASDNSGSYNEQFF	YIIKLIFLW
CAWSPGTSGSQDIQYF	YIIKLIFLW
CAISAEGSDETQYF	YIIKLIFLW
CASSTLTPGSSYNEQFF	YIIKLIFLW
CASSLAGEDYQETQYF	YIIKLIFLW
CASSIPRQGSYEQYF	YIIKLIFLW
CASSSGVNYNEQFF	YIIKLIFLW
CASSEGVEQYF	YIIKLIFLW
CASSQEGGSYTGELFF	YIIKLIFLW
CASSWDNYNEQFF	YIIKLIFLW
CASLSLSNTGELFF	YIIKLIFLW
CASSTGDRGLYEAFF	YIIKLIFLW
CASSPTEGTSLAGGTDTQYF	YIIKLIFLW
CASSLGTYNEQFF	YIIKLIFLW
CASSEGVSNQPQHF	YIIKLIFLW
CASSQDRDRNF	YIIKLIFLW
CASTSGMSSYEQYF	YIIKLIFLW
CASGAGTGATNEKLFF	YIIKLIFLW
CATSRDRAQPQHF	YIIKLIFLW
CASSFGDWSSYEQYF	YIIKLIFLW
CASSLDDSPYGYTF	YIIKLIFLW
CASSPWGGGGYTF	YIIKLIFLW
CASSQPGLAGVPYNEQFF	YIIKLIFLW
CASSQESGFSYNEQFF	YIIKLIFLW
CASSQEGVAVYNEQFF	YIIKLIFLW
CASKGANYGYTF	YIIKLIFLW
RASSFRDRWDEKLFF	YIIKLIFLW
CASSPGLAGVDEQYF	YIIKLIFLW
CASSQDADTQYF	YIIKLIFLW
CASSPATLEKLFF	YIIKLIFLW
CASSLGTGGDEQFF	YIIKLIFLW
CASSYSGYNTEAFF	YIIKLIFLW
CSAYYGNEYF	YIIKLIFLW
CASSQDLNSNQPQHF	YIIKLIFLW
CASSLEDRALNTEAFF	YIIKLIFLW
CASSPSLSSYEQYF	YIIKLIFLW
CASSPSGSEQFF	YIIKLIFLW
CASSIAADSYEQYF	YIIKLIFLW
CASSEGAVGQGNFLLYEQYF	YIIKLIFLW
CASSLGLSPPDTQYF	YIIKLIFLW
CASSTRDTRETNEQFF	YIIKLIFLW
CASSQDLQVGAAVGFDTQYF	YIIKLIFLW
CASSQDLVDTQYF	YIIKLIFLW
CASSQETGTTPYKSEAFF	YIIKLIFLW
CATSLARTNEQFF	YIIKLIFLW
CASSLVGGASDTQYF	YIIKLIFLW
CASSSPGQSYEQYF	YIIKLIFLW
CASIGTSSGYGYTF	YIIKLIFLW
CATVAEKAFF	YIIKLIFLW
CSADSPGLAGINEQFF	YIIKLIFLW
CASSYGDTYNEQFF	YIIKLIFLW
CASTSTGGAEQYF	YIIKLIFLW
CASSTQGDTEAFF	YIIKLIFLW
CASSLEIGDKGLVEQYF	YIIKLIFLW
CASSLAGPNLLDEQFF	YIIKLIFLW
CASSPMVSSYNEQFF	YIIKLIFLW
CASSLAGNGVNTEAFF	YIIKLIFLW
CASSLVGNTGELFF	YIIKLIFLW
CASSILVNEQFF	YIIKLIFLW
CASSPTSGLATGELFF	YIIKLIFLW
CASSIGLAGGNEQYF	YIIKLIFLW
CATSGLESAKETQYF	YIIKLIFLW
CASSAGLAYISTDTQYF	YIIKLIFLW
CASSLDPALRPLHF	YIIKLIFLW
CASSLAGSGSYNEQFF	YIIKLIFLW
CASSQDRGTPKSYNEQFF	YIIKLIFLW
CSARVPSYNEQFF	YIIKLIFLW
CASRGLAEETQYF	YIIKLIFLW
CASSYGGGTVLTF	YIIKLIFLW
CASSQERPGEQFF	YIIKLIFLW
CASSYGLAESYEQYF	YIIKLIFLW
CASSSGTGFYEQYF	YIIKLIFLW
CASHLGSSHNEQFF	YIIKLIFLW
CASSQDFGNTEAFF	YIIKLIFLW
CSALDGSSYEQYF	YIIKLIFLW
CASSLPQGAGPPDTQYF	YIIKLIFLW
CASSQLNTGELFF	YIIKLIFLW
CASSLPGLAGGGYNEQFF	YIIKLIFLW
CASSPSPDHEQYF	YIIKLIFLW
CASRNRLGSFF	YIIKLIFLW
CSVTTLTENTGELFF	YIIKLIFLW
CASSYPGTSGGPSYNEQFF	YIIKLIFLW
CASSLAGNGQNTEAFF	YIIKLIFLW
CASSVVEGSEQFF	YIIKLIFLW
CASSLDQSYEQYF	YIIKLIFLW
CSARLPTYNEQFF	YIIKLIFLW
CASSSADRIGQPQHF	YIIKLIFLW
CASSSGGAGQPQHF	YIIKLIFLW
CASSYQETQYF	YIIKLIFLW
CASSLGPQDPHHEQYF	YIIKLIFLW
CSVEGWGLTNYGYTF	YIIKLIFLW
CASSRYVEAFF	YIIKLIFLW
CASSLTGQGYNEQFF	YIIKLIFLW
CATGQGRTDTQYF	YIIKLIFLW
CASSLGQEQFF	YIIKLIFLW
CASSLITGTENTEAFF	YIIKLIFLW
CAARGWDYGYTF	YIIKLIFLW
CSAAQGELFF	YIIKLIFLW
CASSQAAYSSGAANEKLFF	YIIKLIFLW
CAIWSPSAFHEQFF	YIIKLIFLW
CASSLASQGGNYEQYF	YIIKLIFLW
CSAGREGHEQFF	YIIKLIFLW
CASSLWGYNEQFF	YIIKLIFLW
CATSRERAGGNNEQFF	YIIKLIFLW
CASSQDPPGGVIHYEQYF	YIIKLIFLW
CASSDGGAADTQYF	YIIKLIFLW
CASSLPGAGAAEDTQYF	YIIKLIFLW
CASTRGEAGANVLTF	YIIKLIFLW
CASSLRVIDTGELFF	YIIKLIFLW
CASTLAGVGEQYF	YIIKLIFLW
CASIGGAAGSYEQYF	YIIKLIFLW
CASSQGSETQYF	YIIKLIFLW
CSAPHDSGELFF	YIIKLIFLW
CASANLRDRGDYEQYF	YIIKLIFLW
CASSPFPGLAGGLGNEQFF	YIIKLIFLW
CATSEPDRRVGTQYF	YIIKLIFLW
CASSATGELFF	YIIKLIFLW
CASSPSRGAGFNQPQHF	YIIKLIFLW
CASSWGLAGDYNEQFF	YIIKLIFLW
CASTLRQAGETGELFF	YIIKLIFLW
CASSLPSVSGPYNEQFF	YIIKLIFLW
CASGPYSNQPQHF	YIIKLIFLW
CATSRDTLAGGFYEQYF	YIIKLIFLW
CSARDPGLASQETQYF	YIIKLIFLW
CASSFYGVPPQHF	YIIKLIFLW
CATSSARTEIEQYF	YIIKLIFLW
CASTTASGGEQFF	YIIKLIFLW
CATTIDDGNYGYTF	YIIKLIFLW
CSARSYEQYF	YIIKLIFLW
CASSYQEAFF	YIIKLIFLW
CSAFGGQREGRYYEQYF	YIIKLIFLW
CSVALDPGETQYF	YIIKLIFLW
CSARDWTDYNEQFF	YIIKLIFLW
CASSYMALNTEAFF	YIIKLIFLW
CASSVYLAGGPGTGELFF	YIIKLIFLW
CSARDRGTREDEQFF	YIIKLIFLW
CASSQIFQGAENTIYF	YIIKLIFLW
CSARDSQLAGYFETQYF	YIIKLIFLW
CASSLQVVWAGELFF	YIIKLIFLW
CASLGTASEAFF	YIIKLIFLW
CASSGSGELFF	YIIKLIFLW
CASSITGGLSTDTQYF	YIIKLIFLW
CASSSGQGAEQYF	YIIKLIFLW
CASRSGTGGNQETQYF	YIIKLIFLW
CASSPPYGDPGYTF	YIIKLIFLW
CASSPQGNEQYF	YIIKLIFLW
CASSPTGATNEKLFF	YIIKLIFLW
CATSRDRAVQTKNIQYF	YIIKLIFLW
CASSQLATEAFF	YIIKLIFLW
CASSLYWGSSTEAFF	YIIKLIFLW
CASSLAPGNWGAGELFF	YIIKLIFLW
CASSSTPTSGDEQFF	YIIKLIFLW
CSVERLDRAMAGELFF	YIIKLIFLW
CASSPGNEQFF	YIIKLIFLW
CASVGVAAFF	YIIKLIFLW
CASYNGQGMRYYEQYF	YIIKLIFLW
CASSLAGLAGPEQFF	YIIKLIFLW
CASTAGTGAGYTF	YIIKLIFLW
CATSDFGDTQYF	YIIKLIFLW
CASSSLDRSYNEQFF	YIIKLIFLW
CSVESRNPEAFF	YIIKLIFLW
CSAFFTGELFF	YIIKLIFLW
CASSYRQGITGELFF	YIIKLIFLW
CSARLPSYNEQFF	YIIKLIFLW
CASSLELGYTDTQYF	YIIKLIFLW
CASSMGLEQFF	YIIKLIFLW
CASSTGLRSYEQYF	YIIKLIFLW
CASSPVGGTEAFF	YIIKLIFLW
CASSHQLEPGRRGSPLHF	YIIKLIFLW
CASSGGSEFYEQYF	YIIKLIFLW
CSASTGAPLHF	YIIKLIFLW
CSARGPQSGNTIYF	YIIKLIFLW
CASSFGDSNTEAFF	YIIKLIFLW
CASSPDIQEGASETQYF	YIIKLIFLW
CAISDGQGGDQPQHF	YIIKLIFLW
CASSWTGFDEETQYF	YIIKLIFLW
CASSYGSFGYTF	YIIKLIFLW
CASSATAGFNQPQHF	YIIKLIFLW
CASSWPLGQGAVSDTEAFF	YIIKLIFLW
CASSNPGWAAGGPVIGTEAFF	YIIKLIFLW
CASSQEWDRGGNEQYF	YIIKLIFLW
CASRTLEAGGLYEQFF	YIIKLIFLW
CASSSPGTGVVEQYF	YIIKLIFLW
CASSSPFGIASYEQYF	YIIKLIFLW
CASSPGLAGGPFYNEQFF	YIIKLIFLW
CASSIDDVIAGASYEQYF	YIIKLIFLW
CASSPQGAGPSYNEQFF	YIIKLIFLW
CASSQPMERGGVGELFF	YIIKLIFLW
CASSQTSGSLDTQYF	YIIKLIFLW
CASSSGRSSSYEQYF	YIIKLIFLW
CASSQFQGETQYF	YIIKLIFLW
CASSSQQGFYGELFF	YIIKLIFLW
CSAHTLVSYNEQFF	YIIKLIFLW
CASSPLGQLATNEKLFF	YIIKLIFLW
CAWSALRDRADEQYF	YIIKLIFLW
CASSLTGDYNEQFF	YIIKLIFLW
CASSLSIAEGFNEQFF	YIIKLIFLW
CATRGADSGNTIYF	YIIKLIFLW
CASILGGAFF	YIIKLIFLW
CASSSPLHGRGSYEQYF	YIIKLIFLW
CASSLHGWLTDTQYF	YIIKLIFLW
CSARIPSYNEQFF	YIIKLIFLW
CSASLGTSGYNEQFF	YIIKLIFLW
CSDMGPRTYEQYF	YIIKLIFLW
CASSLTEHIAGLRETQYF	YIIKLIFLW
CASSPQPYTGELFF	YIIKLIFLW
CSVVSSGRADSYEQYF	YIIKLIFLW
CASSFPSYEQYF	YIIKLIFLW
CASTKDGLAETQYF	YIIKLIFLW
CASSQGGLAGGPRDDIQYF	YIIKLIFLW
CASSFDGVTKQGTDTQYF	YIIKLIFLW
CASSPTGQGNLYEQYF	YIIKLIFLW
CASSQGGGDEQFF	YIIKLIFLW
CASSSHPPGGGAVEDTQYF	YIIKLIFLW
CASSPDYTTGGLLGEQYF	YIIKLIFLW
CASSEQDRQETQYF	YIIKLIFLW
CASSLGSGSTDTQYF	YIIKLIFLW
CASGPSPGLVYDEQFF	YIIKLIFLW
CASSDSSYNEQFF	YIIKLIFLW
CASSKVIRNIDTQYF	YIIKLIFLW
CASSWTVNQPQHF	YIIKLIFLW
CASLSYNEQFF	YIIKLIFLW
CASSLGRGLDTDTQYF	YIIKLIFLW
CATSSVRTGDQPQHF	YIIKLIFLW
CASRSSMLVGGYEQYF	YIIKLIFLW
CASSTGSSGSYEQYF	YIIKLIFLW
CATTGTGYNEQFF	YIIKLIFLW
CASSETPGLAGPSSYNEQFF	YIIKLIFLW
CASSRGLEILSSYNEQFF	YIIKLIFLW
CATSDLRGAVNTGELFF	YIIKLIFLW
CASSLGTTGGLTDTQYF	YIIKLIFLW
CASIQSGSEQYF	YIIKLIFLW
CATSDSRQVYNEQFF	YIIKLIFLW
CASSEGPSDTQYF	YIIKLIFLW
CASTVPLADTQYF	YIIKLIFLW
CASSFTYEQYF	YIIKLIFLW
CASSTGTSGSYEQYF	YIIKLIFLW
CASSGDTYEQYF	YIIKLIFLW
CASSPAGTLGTGELFF	YIIKLIFLW
CATAGVSSGDYEQYF	YIIKLIFLW
CASSHTTGTSGVGTQYF	YIIKLIFLW
CASSLSLLAGGNEQFF	YIIKLIFLW
CATSTARTTGEYF	YIIKLIFLW
CASSLMVRRDGNQPQHF	YIIKLIFLW
CASSGQGILVLGEKLFF	YIIKLIFLW
CASSTGLAGAYEQYF	YIIKLIFLW
CASSFGLGGAGNEQFF	YIIKLIFLW
CASSKDLGLKPTDTQYF	YIIKLIFLW
CASSRDLGGNTIYF	YIIKLIFLW
CSATGTDSIDGNQPQHF	YIIKLIFLW
CASSLAGRDNEQFF	YIIKLIFLW
CSARLPSYNEQFF	YIIKLIFLW
