CDR3	AA
CASKSTRDSPNNQPQHF	LEPLVDLPI
CASSAPVIVLDTGELFF	LEPLVDLPI
CASSYLGQVISEQYF	LEPLVDLPI
CASSLSGQGGEKLFF	LEPLVDLPI
CASSLRAGFGNEQFF	LEPLVDLPI
CASSLDRATPSSGANVLTF	LEPLVDLPI
CASSLGPGGSPYEQYF	LEPLVDLPI
CASSLGPTTYNEQFF	LEPLVDLPI
CASSFNSIGGHLTEAFF	LEPLVDLPI
CASSSTWQDEQYF	LEPLVDLPI
CASSLGTSGGWEQFF	LEPLVDLPI
CASRTLSSTDTQYF	LEPLVDLPI
CASSYYPDSPKSSYNEQFF	LEPLVDLPI
CSVEGIRDRGGISGYGYTF	LEPLVDLPI
CASSTPGQGNGELFF	LEPLVDLPI
CASSLAYRDSNTGELFF	LEPLVDLPI
CASSLGLDSYNEQFF	LEPLVDLPI
CSARDTATYEQYF	LEPLVDLPI
CASSQVGLANTGELFF	LEPLVDLPI
CASSVDGGAGLSSYNSPLHF	LEPLVDLPI
CASSLRSVAGGPNEQFF	LEPLVDLPI
CASSKEVLVRGSGEQYF	LEPLVDLPI
CASSRLAGGPGEQFF	LEPLVDLPI
CSVEGHGLAGVISYNEQFF	LEPLVDLPI
CASSVSSTYGYTF	LEPLVDLPI
CASSQGAAESSYNEQFF	LEPLVDLPI
CASSLVDGDNSYEQYF	LEPLVDLPI
CASSPDRIFQETQYF	LEPLVDLPI
CASSLGTGEGYTF	LEPLVDLPI
CASSPNQGGNYGYTF	LEPLVDLPI
CASSQVLDSYEQYF	LEPLVDLPI
CASSQGRDSSYEQYF	LEPLVDLPI
CASSPTSLAPSSYEQYF	LEPLVDLPI
CASSLARPQGDYGYTF	LEPLVDLPI
CASSQESGYQLAGAYNEQFF	LEPLVDLPI
CASSPPRTTTDTQYF	LEPLVDLPI
CASSLTLGNTEAFF	LEPLVDLPI
CASSQVKDSLREQYF	LEPLVDLPI
CASSSTPGLAGGNEQFF	LEPLVDLPI
CASSLLAGAASYEQYF	LEPLVDLPI
CASSPGWNTGELFF	LEPLVDLPI
CASRPFTGGAINEQYF	LEPLVDLPI
CASSSLSPIWGDTGELFF	LEPLVDLPI
CASSPGTGYEQYF	LEPLVDLPI
CASSQVYPGQGYEQFF	LEPLVDLPI
CASSEEPRSSYNSPLHF	LEPLVDLPI
CASSPGQGNYGYTF	LEPLVDLPI
CASSFPGRPYEQYF	LEPLVDLPI
CASSQDPLSGYIVAGQETQYF	LEPLVDLPI
CASSFQDGTAPYEQYF	LEPLVDLPI
CASSVEDYEQYF	LEPLVDLPI
CASSQVSSSYNEQFF	LEPLVDLPI
CASSLDVVVLGVPEAFF	LEPLVDLPI
CASSQVSTFTYEQYF	LEPLVDLPI
CASSQGAILNYEQYF	LEPLVDLPI
CASSLGRGNTEAFF	LEPLVDLPI
CASSLAGWGGNEQFF	LEPLVDLPI
CASSLGTPSSYEQYF	LEPLVDLPI
CASSQVEGFNEQFF	LEPLVDLPI
CASRGTSHRTGELFF	LEPLVDLPI
CASSQVSSSYNEQFF	LEPLVDLPI
CAMGTVNTGELFF	LEPLVDLPI
CASSSGAGLYEQYF	LEPLVDLPI
CASTDRGYEQYF	LEPLVDLPI
CAWSQRAGQTYEQYF	LEPLVDLPI
CASSLAGHYSSYNEQFF	LEPLVDLPI
CSVTSEIPGSRYF	LEPLVDLPI
CASASQGGPIYNEQFF	LEPLVDLPI
CASSLLAPDYGYTF	LEPLVDLPI
CASSIGLAGLNEQFF	LEPLVDLPI
CASSVGASGSSYNEQFF	LEPLVDLPI
CATSSVSRANTGELFF	LEPLVDLPI
CASSTHRGGEQYF	LEPLVDLPI
CASSQGTSGAYYEQYF	LEPLVDLPI
CASSQGAVLSYEQYF	LEPLVDLPI
CAISEPTDHEQYF	LEPLVDLPI
CASSPLANGGGGIEQYF	LEPLVDLPI
CSASHPGQGILYSNEQYF	LEPLVDLPI
CASSLGPGGSYEQYF	LEPLVDLPI
CASSPTPMMETQYF	LEPLVDLPI
CSARDFQGTGELFF	LEPLVDLPI
CASSSLTVDGRRYNEQFF	LEPLVDLPI
CASSLWGQEAFF	LEPLVDLPI
CASSLDSPLWGDEKLFF	LEPLVDLPI
CASSSLAEGYEQYF	LEPLVDLPI
CASSLGTASGGYEQYF	LEPLVDLPI
CSARVPGQAILWGNQPQHF	LEPLVDLPI
CASSLGTNYEQYF	LEPLVDLPI
CASSQDRVIFATQYF	LEPLVDLPI
CATSTNRQSILLGETQYF	LEPLVDLPI
CASSFSHDYEQYF	LEPLVDLPI
CASSQVFSGVQPQHF	LEPLVDLPI
CASSVLQQLYGYTF	LEPLVDLPI
CSGEGTSGGDFVEDEQFF	LEPLVDLPI
CASSLGHYNEQFF	LEPLVDLPI
CATSGTGTSILLSTDTQYF	LEPLVDLPI
CASSNPGLVTGELFF	LEPLVDLPI
CASSFPGQGIYTEAFF	LEPLVDLPI
CASSPGPTANTEAFF	LEPLVDLPI
CASSLLMESNSPLHF	LEPLVDLPI
CASSLALNTGELFF	LEPLVDLPI
CASSQEGILAGTGELFF	LEPLVDLPI
CASSLGYFADSAQETQYF	LEPLVDLPI
CASSLAGQGAFYNSPLHF	LEPLVDLPI
CASSPVTGFIGYEQYF	LEPLVDLPI
CASRGGHNQPQHF	LEPLVDLPI
CASSLEVRRGFSEQYF	LEPLVDLPI
CSARDRYSNYGYTF	LEPLVDLPI
CASSLSVLTGELFF	LEPLVDLPI
CASSQGQGLYNEQFF	LEPLVDLPI
CASSSAANTEAFF	LEPLVDLPI
CATTPGPTIYNEQFF	LEPLVDLPI
CASSSPRAGVLSYNEQFF	LEPLVDLPI
