CDR3	AA
CASSSGGKTQYF	LLFLAFVVFL
CASSPTTGASYNEQFF	LLFLAFVVFL
CASSLDRYQGVTYEQYF	LLFLAFVVFL
CASSLGEQYF	LLFLAFVVFL
CASSQPSTDTQYF	LLFLAFVVFL
CASSGGLAGGRAYNEQFF	LLFLAFVVFL
CATSETPGQGLSGANVLTF	LLFLAFVVFL
CASSPITGELFF	LLFLAFVVFL
CASSLQLGAEAFF	LLFLAFVVFL
CASSTKGRTNTGELFF	LLFLAFVVFL
CASSLSIGNEQFF	LLFLAFVVFL
CAISESEGDNEQFF	LLFLAFVVFL
CASTQTGEAFF	LLFLAFVVFL
CASSPAGQGIYYGYTF	LLFLAFVVFL
CAGNRGEQFF	LLFLAFVVFL
CASSSATYNSYNEQFF	LLFLAFVVFL
CASSLGQGTEAFF	LLFLAFVVFL
CASMVNIQYF	LLFLAFVVFL
CAGQGAHSGELFF	LLFLAFVVFL
CSAGEQFF	LLFLAFVVFL
CSARGLAFNEQFF	LLFLAFVVFL
CASRDVLAGAFF	LLFLAFVVFL
CASSLSPGLGGGGELFF	LLFLAFVVFL
CATSDLPQETQYF	LLFLAFVVFL
CASSAGDRTYEQYF	LLFLAFVVFL
CASSPPSKVTEQFF	LLFLAFVVFL
CSATNIGQPQHF	LLFLAFVVFL
CASTSSGRGYTF	LLFLAFVVFL
CSVEDQGAVNTEAFF	LLFLAFVVFL
CSAPPLKTGYNEQFF	LLFLAFVVFL
CASSYWVHSNQPQHF	LLFLAFVVFL
CASSTTLTNEQFF	LLFLAFVVFL
CSARGTSSYEQYF	LLFLAFVVFL
CASSQSLAATEAFF	LLFLAFVVFL
CASSLAGIQYF	LLFLAFVVFL
CASSVDTANEQFF	LLFLAFVVFL
CASSLVGGLGGYTF	LLFLAFVVFL
CASTSLPGQTFSEQYF	LLFLAFVVFL
CASSQEGNTEAFF	LLFLAFVVFL
CASSQDTRTYEQYF	LLFLAFVVFL
CASSLTSGRDNEQFF	LLFLAFVVFL
CASNLEAFF	LLFLAFVVFL
CASTTFGQGALDTEAFF	LLFLAFVVFL
CAWTDGRKYF	LLFLAFVVFL
CASSPLGTSGPEQYF	LLFLAFVVFL
CASSLVGTSLDTQYF	LLFLAFVVFL
CASSPRGELLTNTEAFF	LLFLAFVVFL
CSATFTTGPYGYTF	LLFLAFVVFL
CASSQEMGPEAFF	LLFLAFVVFL
CASTPGLAGGSSYNEQFF	LLFLAFVVFL
CASSPGTGFPGELFF	LLFLAFVVFL
CASSQYPGTSTEQYF	LLFLAFVVFL
CAWTEVYGYTF	LLFLAFVVFL
CASSPRLAGDTQYF	LLFLAFVVFL
CASSVGGSSQETQYF	LLFLAFVVFL
CASSLVGGPGNTIYF	LLFLAFVVFL
CSARDVDEQYF	LLFLAFVVFL
CASSLDLTDTQYF	LLFLAFVVFL
CSASPLPGQGWETQYF	LLFLAFVVFL
CASSGTGAGETQYF	LLFLAFVVFL
CASSQEGGPDTQYF	LLFLAFVVFL
CASGPDYNEQFF	LLFLAFVVFL
CSVEEAGFYEQYF	LLFLAFVVFL
CASSFKNTGELFF	LLFLAFVVFL
CSVVDSHGYTF	LLFLAFVVFL
CASSIEGDVHQPQHF	LLFLAFVVFL
CASSQVGSGTGELFF	LLFLAFVVFL
CASSWTGTEAFF	LLFLAFVVFL
CASSFFSGGAIYNEQFF	LLFLAFVVFL
CASSSPGQGAYEQYF	LLFLAFVVFL
CASSPGGTYEQYF	LLFLAFVVFL
CASSHPMDTYNEQFF	LLFLAFVVFL
CASSLGSHPFSGANVLTF	LLFLAFVVFL
CASSQVRLAGDHNEQFF	LLFLAFVVFL
CSARDLGGEAFF	LLFLAFVVFL
CASSPPSSSTEAFF	LLFLAFVVFL
CASTWGTSGSEQYF	LLFLAFVVFL
CASSIRAGGVKDTQYF	LLFLAFVVFL
CASSLGVGSPLHF	LLFLAFVVFL
CSVEVGEQFF	LLFLAFVVFL
CASGGINSGEQYF	LLFLAFVVFL
CSASDSLNTEAFF	LLFLAFVVFL
CASSIQLTGVEKLFF	LLFLAFVVFL
CASSWGGLEQYF	LLFLAFVVFL
CASSQDKLDGTGENEQYF	LLFLAFVVFL
CATSMIYNEQFF	LLFLAFVVFL
CSARDVGEQYF	LLFLAFVVFL
CASSWRGTDTQYF	LLFLAFVVFL
CASRTITFNQPQHF	LLFLAFVVFL
CASGFTDTQYF	LLFLAFVVFL
CASSGTGETGELFF	LLFLAFVVFL
CASSWDGLNTEAFF	LLFLAFVVFL
CASSLPEREWGLETQYF	LLFLAFVVFL
CASSSAGQTYEQYF	LLFLAFVVFL
CASSLAQLSSYEQYF	LLFLAFVVFL
CASSQALGAAYGYTF	LLFLAFVVFL
CASSLQGVHNEQFF	LLFLAFVVFL
CASSSQREGGETQYF	LLFLAFVVFL
CATSDFADSRSQETQYF	LLFLAFVVFL
CASSYTWGQMNTEAFF	LLFLAFVVFL
CASLGGPSMNTEAFF	LLFLAFVVFL
CASSTLRSKQFF	LLFLAFVVFL
CATSDLGQAQYF	LLFLAFVVFL
CASSLDGAWELFF	LLFLAFVVFL
CSDLWTWGNMNTEAFF	LLFLAFVVFL
CASSLTGGNEQFF	LLFLAFVVFL
CASSPPLGRETGAQPQHF	LLFLAFVVFL
CASSLAGYTGELFF	LLFLAFVVFL
CASSLSAGGEAFF	LLFLAFVVFL
CASSHRQGSYEQYF	LLFLAFVVFL
CASTTTGGELFF	LLFLAFVVFL
CAWSVLVAGGTTYEQYF	LLFLAFVVFL
CASSQVGEGSTEAFF	LLFLAFVVFL
CASSLSPRAEQFF	LLFLAFVVFL
CASSYSRTQYF	LLFLAFVVFL
CSAAPRGSYEQYF	LLFLAFVVFL
CASSQLGRGISYEQYF	LLFLAFVVFL
CASSHGGNTEAFF	LLFLAFVVFL
CSATGTVTYEQYF	LLFLAFVVFL
CASTGVPSYEQYF	LLFLAFVVFL
CASSQFSSGMNEQFF	LLFLAFVVFL
CASSPKGIVTEAFF	LLFLAFVVFL
CATSSLDRGAEAFF	LLFLAFVVFL
CASSKGISGVSTDTQYF	LLFLAFVVFL
CASSLYMPVEKLFF	LLFLAFVVFL
CSANPIGLAGGRGNIQYF	LLFLAFVVFL
CASSFPGNTEAFF	LLFLAFVVFL
CSAQLPSYEQYF	LLFLAFVVFL
CASSEAGGPYEQYF	LLFLAFVVFL
CASSQVESGDNEQFF	LLFLAFVVFL
CSVEEGLNTEAFF	LLFLAFVVFL
CASSKCPGTGANVLTF	LLFLAFVVFL
CAINPSRDSITGELFF	LLFLAFVVFL
CASSWAGADTQYF	LLFLAFVVFL
CASLSLTGVVNTQYF	LLFLAFVVFL
CASSTVGTGSYEQYF	LLFLAFVVFL
CATSDLTGTPRQYF	LLFLAFVVFL
CASSTTGGGEQFF	LLFLAFVVFL
CASSFVGNIQYF	LLFLAFVVFL
CASGPSWGAEQYF	LLFLAFVVFL
CASRTVTYEQFF	LLFLAFVVFL
CASSLDGGGWDIQYF	LLFLAFVVFL
CSASGGLGYEQYF	LLFLAFVVFL
CSVEDPGAQSQETQYF	LLFLAFVVFL
CASSLAGSYNEQFF	LLFLAFVVFL
CASSRTSGESNTGELFF	LLFLAFVVFL
CASSYGSAGQETQYF	LLFLAFVVFL
CATSSRDRVYEQYF	LLFLAFVVFL
CASSPGGTYEQYF	LLFLAFVVFL
CATGPGRIYNEQFF	LLFLAFVVFL
CASTSAQGDEQFF	LLFLAFVVFL
CSAFRQDDSNQPQHF	LLFLAFVVFL
CASGGLSSYNEQFF	LLFLAFVVFL
CASSREAPLNYGYTF	LLFLAFVVFL
CASSQFPGQGGTGELFF	LLFLAFVVFL
CASSYPRDRVF	LLFLAFVVFL
CASSSGLALYEQYF	LLFLAFVVFL
CASSPLTGELFF	LLFLAFVVFL
CASSQETGAGTEAFF	LLFLAFVVFL
CASSPPNRFYEQYF	LLFLAFVVFL
CASTSPRGSGELFF	LLFLAFVVFL
CASSYSGTSYYGYTF	LLFLAFVVFL
CASSQDPSGNNEQFF	LLFLAFVVFL
CASIPGQQETQYF	LLFLAFVVFL
CASSPPDSFYGYTF	LLFLAFVVFL
CASSAIGGNEQFF	LLFLAFVVFL
CASSSPLAGGTSQETQYF	LLFLAFVVFL
CASSSGRSLAGYQETQYF	LLFLAFVVFL
CASSEPGLAITDTQYF	LLFLAFVVFL
CASSYKSGGHPGYGYTF	LLFLAFVVFL
CASSELPGGMDEQFF	LLFLAFVVFL
CASRGGASYTF	LLFLAFVVFL
CASSLATGTNYEQYF	LLFLAFVVFL
CASSPSAGLADTQYF	LLFLAFVVFL
CATSVRDRVETQYF	LLFLAFVVFL
CASSPRSLGDYNEQFF	LLFLAFVVFL
CASSLGDQGLGEQYF	LLFLAFVVFL
CASSELPGQGGGEQFF	LLFLAFVVFL
CASSQVGGGFGYTF	LLFLAFVVFL
CASSAAGQSSYEQYF	LLFLAFVVFL
CASSLKLYEQYF	LLFLAFVVFL
CATSEFGAAWTQYF	LLFLAFVVFL
CASSLWGSYEQYF	LLFLAFVVFL
CALFREGRNTGELFF	LLFLAFVVFL
CASSTGTYEQYF	LLFLAFVVFL
CSAPIDSGSSYNEQFF	LLFLAFVVFL
CASSFRHEGGTYEQYF	LLFLAFVVFL
CASSFSKGLSFF	LLFLAFVVFL
CSVEEGLGETQYF	LLFLAFVVFL
CSARDLLGPQHF	LLFLAFVVFL
CSGQGVNQPQHF	LLFLAFVVFL
CASSLLAGANEQFF	LLFLAFVVFL
CATSSRDSTYEQYF	LLFLAFVVFL
CASSQVVGSSYNEQFF	LLFLAFVVFL
CATSEYDRPYEQYF	LLFLAFVVFL
CASSIRGSTEAFF	LLFLAFVVFL
CASSLGASPDTQYF	LLFLAFVVFL
CASSFGSQETQYF	LLFLAFVVFL
CASSEDGGNTEAFF	LLFLAFVVFL
CSARADDLTKQYF	LLFLAFVVFL
CASSLAGADEQFF	LLFLAFVVFL
CASSPLMRTSGEFF	LLFLAFVVFL
CAISVEGLSYEQYF	LLFLAFVVFL
CASSVNEQFF	LLFLAFVVFL
CASSHGTGGEQYF	LLFLAFVVFL
CATSSRDGTYEQYF	LLFLAFVVFL
CACPGRGNEQFF	LLFLAFVVFL
CASIPGQGLETQYF	LLFLAFVVFL
CASSMTGGGTDTQYF	LLFLAFVVFL
CASTLTDANTGELFF	LLFLAFVVFL
CASSPLLAGAYNEQFF	LLFLAFVVFL
CASSKPGQGSYEQYF	LLFLAFVVFL
CASSFSGQGYTGELFF	LLFLAFVVFL
CASSTLAGVRNEQYF	LLFLAFVVFL
CASGSGQGTSGYNEQFF	LLFLAFVVFL
CASSFVQAGVANEQFF	LLFLAFVVFL
CASSGGLGLGNEQFF	LLFLAFVVFL
CASSIGVVSGDEQYF	LLFLAFVVFL
CASSSLIPGYVYGYTF	LLFLAFVVFL
CASEPGQPQHF	LLFLAFVVFL
CASSTGSGTWETQYF	LLFLAFVVFL
CASSTELTRDRVYNSPLHF	LLFLAFVVFL
CASSELGARGTDTQYF	LLFLAFVVFL
CSATTGLGYEQYF	LLFLAFVVFL
CASSLLASSTDTQYF	LLFLAFVVFL
CSATGTRTDTQYF	LLFLAFVVFL
CASSLGGPSSYNEQFF	LLFLAFVVFL
CASSPVLDTQYF	LLFLAFVVFL
CASSPGINEQFF	LLFLAFVVFL
CASRPETEDTGELFF	LLFLAFVVFL
CASSLGRDRGNF	LLFLAFVVFL
CASSMEGNEQFF	LLFLAFVVFL
CASRSLSRTATNEQFF	LLFLAFVVFL
CSARPRGGELTLSYEQYF	LLFLAFVVFL
CASSLLWRGDPDTQYF	LLFLAFVVFL
CSASGGAVWGNQPQHF	LLFLAFVVFL
CASSRGGSYNEQFF	LLFLAFVVFL
CASSWAGNEQYF	LLFLAFVVFL
CATEMGGVGTEAFF	LLFLAFVVFL
CASVTGAGELFF	LLFLAFVVFL
CASSPGTEAFF	LLFLAFVVFL
CASRLQGLNTEAFF	LLFLAFVVFL
CASSFRWEGGVGTEAFF	LLFLAFVVFL
CSAGGQGGFNTEAFF	LLFLAFVVFL
CASSPNPTDTQYF	LLFLAFVVFL
CASGPYEQYF	LLFLAFVVFL
CSALDRAPEAFF	LLFLAFVVFL
CSVPGQGIGTGELFF	LLFLAFVVFL
CASSGSTVNYGYTF	LLFLAFVVFL
CASWRLAGETSSYEQYF	LLFLAFVVFL
CASSSPRLAGRNDGELFF	LLFLAFVVFL
CASSSGSYEQYF	LLFLAFVVFL
CASSPLVAGADTQYF	LLFLAFVVFL
CASSYLPEAQQLQETQYF	LLFLAFVVFL
CASRKTGAQYF	LLFLAFVVFL
CSVIHENGYTF	LLFLAFVVFL
CASGTKNTGELFF	LLFLAFVVFL
CASLAGGLEQFF	LLFLAFVVFL
CASSLAFAEGPWGNEQFF	LLFLAFVVFL
CASSQDTQYF	LLFLAFVVFL
CASSLSSYNEQFF	LLFLAFVVFL
CASSQTSERNEQFF	LLFLAFVVFL
CASSLQGANEKLFF	LLFLAFVVFL
CASSYTGGGEFF	LLFLAFVVFL
CASGSGQGYEQYF	LLFLAFVVFL
CSARDSTGQIMNTEAFF	LLFLAFVVFL
CASRRSLAGASTDTQYF	LLFLAFVVFL
CASSPTGSPLHF	LLFLAFVVFL
CASSQDRSSGGAYEQFF	LLFLAFVVFL
CSVPGTGEGYTF	LLFLAFVVFL
CASSLARQGNYGYTF	LLFLAFVVFL
CASSYAGVDEQYF	LLFLAFVVFL
CSVEGGTGGSGYEQYF	LLFLAFVVFL
CSVEDQAGQGSYEQYF	LLFLAFVVFL
CASTSGQGLMAYEQYF	LLFLAFVVFL
CSAGETQYF	LLFLAFVVFL
CASSRKGVTDTQYF	LLFLAFVVFL
CSAPGDAVRTGAGQPQHF	LLFLAFVVFL
CASSQEGGYYEQYF	LLFLAFVVFL
CASSLRVNEQFF	LLFLAFVVFL
CASRWGGNEQFF	LLFLAFVVFL
CASSPPVGTATYEQYF	LLFLAFVVFL
CASSLSMTSGGYNEQFF	LLFLAFVVFL
CASSFSPSDTQYF	LLFLAFVVFL
CASSPPDRVTEAFF	LLFLAFVVFL
CASSFTAGNLPETQYF	LLFLAFVVFL
CASSQASGIGNTIYF	LLFLAFVVFL
CASSHSQSNEQYF	LLFLAFVVFL
CASSDQSSYNSPLHF	LLFLAFVVFL
CASSQAGTAYNEQFF	LLFLAFVVFL
CATSRDYNEQFF	LLFLAFVVFL
CASSYGGGGNQPQHF	LLFLAFVVFL
CASSLSGNEQYF	LLFLAFVVFL
CSPGLALTNEQFF	LLFLAFVVFL
CASSQESGINEQFF	LLFLAFVVFL
CASSSLQGQSTDTQYF	LLFLAFVVFL
CASSYTFRGLPYEQYF	LLFLAFVVFL
CASSPPTGELFF	LLFLAFVVFL
CASSLRGLAGSEQFF	LLFLAFVVFL
CASSFRGRSSYEQYF	LLFLAFVVFL
CSAPVTSYEQYF	LLFLAFVVFL
CASSPVFGAGVYNEQFF	LLFLAFVVFL
CASSPYSSGGHEQYF	LLFLAFVVFL
CASSLVTSTTGELFF	LLFLAFVVFL
CASSLMTGDGYTF	LLFLAFVVFL
CSVDRTGSGNEQFF	LLFLAFVVFL
CSAPTGGYTF	LLFLAFVVFL
CASSRTGTSVTNEQFF	LLFLAFVVFL
CASSPRLTSESPYEQYF	LLFLAFVVFL
CASSLGDRGLETQYF	LLFLAFVVFL
CASSQVFSGGEREQYF	LLFLAFVVFL
CSARDPTGEQYF	LLFLAFVVFL
CASSWPGDEQFF	LLFLAFVVFL
CSALLGQSYEQYF	LLFLAFVVFL
CATSRDTGGTDTQYF	LLFLAFVVFL
CSVEGGTGEWNTEAFF	LLFLAFVVFL
CSARVGSGLEQYF	LLFLAFVVFL
CASSPPPGGNQPQHF	LLFLAFVVFL
CSARDEREPPKYF	LLFLAFVVFL
CASSHLAGADTNEQFF	LLFLAFVVFL
CASSPHMNTEAFF	LLFLAFVVFL
CASSPIFTSGGLRAGELFF	LLFLAFVVFL
CASSWTYRSNQPQHF	LLFLAFVVFL
CSVPGGNTEAFF	LLFLAFVVFL
CASSIMGTGVGNQPQHF	LLFLAFVVFL
CATSDLREGEQFF	LLFLAFVVFL
CATSSRDRAYEQYF	LLFLAFVVFL
CSASKGNNEKLFF	LLFLAFVVFL
CASSSTGPGELFF	LLFLAFVVFL
CSVEDETSGSSYEQYF	LLFLAFVVFL
CASSLGQGGTEAFF	LLFLAFVVFL
CSASPQGPGQPQHF	LLFLAFVVFL
CAQGGNEQFF	LLFLAFVVFL
CASSSQYNEQFF	LLFLAFVVFL
CASSEGPPLAGLYNEQFF	LLFLAFVVFL
CASSWANNEQFF	LLFLAFVVFL
CSVGSPTSSYNEQFF	LLFLAFVVFL
CAISEDRAEAFF	LLFLAFVVFL
CASSFLPGEVSGGELFF	LLFLAFVVFL
CSVDGTGVGTGELFF	LLFLAFVVFL
CASSLLAPDKEQFF	LLFLAFVVFL
CASSTPLHGYTF	LLFLAFVVFL
CASSIGTGAYEQYF	LLFLAFVVFL
CASLSGDQETQYF	LLFLAFVVFL
CASSLPLSGTSSSDTQYF	LLFLAFVVFL
CASSLPLLDGRASNYNEQFF	LLFLAFVVFL
CASSYTGTGTTW	LLFLAFVVFL
CASSLMDANEQYF	LLFLAFVVFL
CASVCDEREPQGEQFF	LLFLAFVVFL
CASSGGHLSTYMNTEAFF	LLFLAFVVFL
CASGLESRTDTQYF	LLFLAFVVFL
CASSLRREETNF	LLFLAFVVFL
CASSHRKDSNSYEQYF	LLFLAFVVFL
CASSITGGLTYEQYF	LLFLAFVVFL
CAISWTGDEAFF	LLFLAFVVFL
CASSLVDRGTYEQYF	LLFLAFVVFL
CASSLSVGTEQYF	LLFLAFVVFL
CASSPLPGQVSYEQYF	LLFLAFVVFL
CASSLSGRGLSYEQYF	LLFLAFVVFL
CASSVGGVEQYF	LLFLAFVVFL
CASSPPRGAGGDNEQFF	LLFLAFVVFL
CASSLRTDYEQYF	LLFLAFVVFL
CASSPSTGTGELFF	LLFLAFVVFL
CSVEDLTGRASYEQYF	LLFLAFVVFL
CASAASYNEQFF	LLFLAFVVFL
CASGTVNTGELFF	LLFLAFVVFL
CASTPNVGQETQYF	LLFLAFVVFL
CASGQGVQPQHF	LLFLAFVVFL
CAWSRSLFGYAGGPGRTGELFF	LLFLAFVVFL
CASSLLEETQYF	LLFLAFVVFL
CASSHWASGSNEQYF	LLFLAFVVFL
CSVGDGGGEAFF	LLFLAFVVFL
CSAWLMSGATRSTDTQYF	LLFLAFVVFL
CASSLTAGETRDF	LLFLAFVVFL
CSATDRGSYEQYF	LLFLAFVVFL
CASSPFQIAGSYEQYF	LLFLAFVVFL
CSAGGVGVIQPQHF	LLFLAFVVFL
CASTQSGVYEQYF	LLFLAFVVFL
CSAQGTYGYTF	LLFLAFVVFL
CASSAQGASVPYEQYF	LLFLAFVVFL
CASSPVGTSGFEQFF	LLFLAFVVFL
CASSQDGLEQFF	LLFLAFVVFL
CASSEALNGNEQFF	LLFLAFVVFL
CASSIQSSYNSPLHF	LLFLAFVVFL
CSAWTPGLADYNEQFF	LLFLAFVVFL
CASSQGGNTEAFF	LLFLAFVVFL
CASTDAGVNYGYTF	LLFLAFVVFL
CSVEVGEQFF	LLFLAFVVFL
CASSLTRQANTGELFF	LLFLAFVVFL
CASTERQGGTEAFF	LLFLAFVVFL
CASSLWGLAASSYNEQFF	LLFLAFVVFL
CSASPRALGHETQYF	LLFLAFVVFL
CASSSSASGAGDTQYF	LLFLAFVVFL
CASSPGKGYTF	LLFLAFVVFL
CASSQETSGSSYEQYF	LLFLAFVVFL
CASSQEQGAQPQHF	LLFLAFVVFL
CSARDLRVASANEKLFF	LLFLAFVVFL
CASSLSIGSQPQHF	LLFLAFVVFL
CASQGLAGLSSYNEQFF	LLFLAFVVFL
CASSLGGEETQYF	LLFLAFVVFL
CASSPQTSGIGLVTGELFF	LLFLAFVVFL
CASSLGGSSYNEQFF	LLFLAFVVFL
CSAREQTNTGELFF	LLFLAFVVFL
CSVFGTGRNTGELFF	LLFLAFVVFL
CASSPGTDTQYF	LLFLAFVVFL
CASSLDSGAGELFF	LLFLAFVVFL
CASSSGLAGVYQETQYF	LLFLAFVVFL
CASSISGTGASNEQFF	LLFLAFVVFL
CASSSGLAGYNEQFF	LLFLAFVVFL
CAWGEAKYF	LLFLAFVVFL
CASSLSVGTEAFF	LLFLAFVVFL
CASSLSRVANTGELFF	LLFLAFVVFL
CSASSLSQGADQPQHF	LLFLAFVVFL
CASSHPRQGSDQETQYF	LLFLAFVVFL
CASRLDRDEQFF	LLFLAFVVFL
CASSLGQGSEAFF	LLFLAFVVFL
CARGGSGELFF	LLFLAFVVFL
CASSQAQTSGGPYNEQFF	LLFLAFVVFL
CASSQYRETYEQYF	LLFLAFVVFL
CASRIPDRGRLDGENIQYF	LLFLAFVVFL
CSASGGRSGGWNEQFF	LLFLAFVVFL
CASSSTWTSGRAPGEQYF	LLFLAFVVFL
CSAGGTSAAKNIQYF	LLFLAFVVFL
CASRMGLAADTQYF	LLFLAFVVFL
CASSEIGEQYF	LLFLAFVVFL
CASSSLPGVTYEQYF	LLFLAFVVFL
CSASRSTEQFF	LLFLAFVVFL
CASASQNTGELFF	LLFLAFVVFL
CASSLGLVAEETQYF	LLFLAFVVFL
CSALTWRESNNEQFF	LLFLAFVVFL
CASTPGVLGKTEAFF	LLFLAFVVFL
CASSLGRTMGSYNEQFF	LLFLAFVVFL
CASSLQGGNQPQHF	LLFLAFVVFL
CASRGTGGINEQFF	LLFLAFVVFL
CASSVTGTTEAFF	LLFLAFVVFL
CASGGNEQYF	LLFLAFVVFL
CASTVRAQTSDTQYF	LLFLAFVVFL
CASSSGVGAEAFF	LLFLAFVVFL
CASSQTGLNQPQHF	LLFLAFVVFL
CVAGNEQFF	LLFLAFVVFL
CASQGTVTGELFF	LLFLAFVVFL
CASGLRGNYNEQFF	LLFLAFVVFL
CASSFSGKQYF	LLFLAFVVFL
CASSQEGQGDPSSRPQHF	LLFLAFVVFL
CASSPPDRVYEQYF	LLFLAFVVFL
CASSYGGTQYF	LLFLAFVVFL
CASSFGGGGEQYF	LLFLAFVVFL
CASVTATANEQFF	LLFLAFVVFL
CSASRLPDREAFF	LLFLAFVVFL
CSVEDQRGSSYEQYF	LLFLAFVVFL
CSVVGTGDQPQHF	LLFLAFVVFL
CASSEGLLIYEQYF	LLFLAFVVFL
CASSYSGDTDTQYF	LLFLAFVVFL
CATSGGEYNEQFF	LLFLAFVVFL
CASSFLGQDSYEQYF	LLFLAFVVFL
CASSLAGTGGRGYTF	LLFLAFVVFL
CSAISSSGNLPFSDTQYF	LLFLAFVVFL
CASSPGGGEQYF	LLFLAFVVFL
CASSLSGNEQFF	LLFLAFVVFL
CASMRGTYEQYF	LLFLAFVVFL
CASSLTDSNQPQHF	LLFLAFVVFL
CASTGQTATNNEQFF	LLFLAFVVFL
CAAPGQRNTIYF	LLFLAFVVFL
CASNRDGTAGELFF	LLFLAFVVFL
CASSLIGGSYEQYF	LLFLAFVVFL
CASSPSGVGYTF	LLFLAFVVFL
CSAVPVTGGKQYF	LLFLAFVVFL
CASSLKENSPLHF	LLFLAFVVFL
CSARPGRGAADTGELFF	LLFLAFVVFL
CASNPGLGNF	LLFLAFVVFL
CASSLAGQETQYF	LLFLAFVVFL
CASMSGGILTF	LLFLAFVVFL
CASSLAGDNGYTF	LLFLAFVVFL
CASDLGSQPQQFF	LLFLAFVVFL
CSAEERVGTEAFF	LLFLAFVVFL
CASVSGETQYF	LLFLAFVVFL
CASSRLGFYEQYF	LLFLAFVVFL
CASSVIPHLGQYF	LLFLAFVVFL
CASSLTGAGETDYF	LLFLAFVVFL
CASRPGGSPLHF	LLFLAFVVFL
CASSESPGYEQYF	LLFLAFVVFL
CASSLAPGTGKGETQYF	LLFLAFVVFL
CSARDVDSGGGNEQFF	LLFLAFVVFL
CASSLDRDRLNTEAFF	LLFLAFVVFL
CASQGGIETQYF	LLFLAFVVFL
CASSLSFQVYETQYF	LLFLAFVVFL
CASSESGPETFF	LLFLAFVVFL
CASSEAEWGYEQYF	LLFLAFVVFL
CASSLSTLEQYF	LLFLAFVVFL
CASSSRGTGSSYEQYF	LLFLAFVVFL
CASSPPDRFYEQYF	LLFLAFVVFL
CASRTSGPLLHF	LLFLAFVVFL
CASSSGQGLFEQYF	LLFLAFVVFL
CSAKITTGELFF	LLFLAFVVFL
CATSEPHQETQYF	LLFLAFVVFL
CASSLGEQYF	LLFLAFVVFL
CASRTMAMETQYF	LLFLAFVVFL
CAWTVGNNQYF	LLFLAFVVFL
CASSPRDRAMDGYTF	LLFLAFVVFL
CASSHTGNTGELFF	LLFLAFVVFL
CAWNRGGKQYF	LLFLAFVVFL
CSVEGLPGRETQYF	LLFLAFVVFL
CASSSLPGQARSYEQYF	LLFLAFVVFL
CSAGAERGEAFF	LLFLAFVVFL
CASCSLTGFYNEQFF	LLFLAFVVFL
CSAAGPGGGDQPQHF	LLFLAFVVFL
CSVEIPAGPSYEQYF	LLFLAFVVFL
CASSVYNEQFF	LLFLAFVVFL
CASSTRDRGSYEQYF	LLFLAFVVFL
CASSQQAGGSGELFF	LLFLAFVVFL
CASSLVSGANVLTF	LLFLAFVVFL
CSVVRSDGYTF	LLFLAFVVFL
CASSLAPGGGTEAFF	LLFLAFVVFL
CASSQVQERLGELFF	LLFLAFVVFL
CASSQVEGYEQYF	LLFLAFVVFL
CASSAAGGGGPGWETQYF	LLFLAFVVFL
CASQGVNTEAFF	LLFLAFVVFL
CAWPRSGSSEQFF	LLFLAFVVFL
CSVLDRFNEQFF	LLFLAFVVFL
CASSQAMTGLEAFF	LLFLAFVVFL
CSAQQGNSYEQYF	LLFLAFVVFL
CASSPRDLVYEQYF	LLFLAFVVFL
CASSQDLPSGEQYF	LLFLAFVVFL
CSATPGTSGSPYEQYF	LLFLAFVVFL
CASNRQEGTEKLFF	LLFLAFVVFL
CASSLWSREAFF	LLFLAFVVFL
CASSLTGVSGEQFF	LLFLAFVVFL
CASRALADTYNEQFF	LLFLAFVVFL
CASSPWGQSDEQYF	LLFLAFVVFL
CASSLSTLEQYF	LLFLAFVVFL
CASSFGGSSYEQYF	LLFLAFVVFL
CASSQGGGAGNQPQHF	LLFLAFVVFL
CASSWRTGSCWGYTF	LLFLAFVVFL
CASSHAEAFF	LLFLAFVVFL
CASSDWLNEQFF	LLFLAFVVFL
CASSDLAGHNEQFF	LLFLAFVVFL
CASSPRANEQFF	LLFLAFVVFL
CASLQGGTGELFF	LLFLAFVVFL
CSAFPLAVAKNIQYF	LLFLAFVVFL
CSLNGAANTEAFF	LLFLAFVVFL
CASSSNTGAYGYTF	LLFLAFVVFL
CASSPFWGQGGLEVEEQYF	LLFLAFVVFL
CASSFYPGNNEQFF	LLFLAFVVFL
CASSLGPRGGSYEQYF	LLFLAFVVFL
CASSYVGGNQPQHF	LLFLAFVVFL
CASSLGATGNEKLFF	LLFLAFVVFL
CASSSPSSLVFQGEWETQYF	LLFLAFVVFL
CASSEGTGYGYTF	LLFLAFVVFL
CASGTVWQGAHHTGELFF	LLFLAFVVFL
CASTGLAGEPSYEQYF	LLFLAFVVFL
CASSQGGTGGWNEQFF	LLFLAFVVFL
CASSLRGQGVPETQYF	LLFLAFVVFL
CSAEGQDLSSYEQYF	LLFLAFVVFL
CASSSGQGADTQYF	LLFLAFVVFL
CSARGADRETQYF	LLFLAFVVFL
CATSDLQAHEQFF	LLFLAFVVFL
CASSYGGFGYEQYF	LLFLAFVVFL
CASTLYPEQYF	LLFLAFVVFL
CSVDSGYEQYF	LLFLAFVVFL
CASISGTQETQYF	LLFLAFVVFL
CSARRQGFSSYEQYF	LLFLAFVVFL
CASSLGEGAHPYEQYF	LLFLAFVVFL
CSARDLLAGAPIYTDTQYF	LLFLAFVVFL
CASTPPGTMLGQETQYF	LLFLAFVVFL
CSVGDNEQFF	LLFLAFVVFL
CASMRTGLGNEKLFF	LLFLAFVVFL
CASSQPRDLHNEQFF	LLFLAFVVFL
CASSLSGMWNEQFF	LLFLAFVVFL
CASSPASVTYEQYF	LLFLAFVVFL
CASSLGTAFYGYTF	LLFLAFVVFL
CSVPGQGDGYTF	LLFLAFVVFL
CASRLEGGSQPYNEQFF	LLFLAFVVFL
CASSLSTGSEAFF	LLFLAFVVFL
CASSLSGLEQFF	LLFLAFVVFL
CASSLMGTSGYEQYF	LLFLAFVVFL
CASSPLPDSYEQYF	LLFLAFVVFL
CSVGARSPSSGGYTF	LLFLAFVVFL
CSVWRQGDTEAFF	LLFLAFVVFL
CASSVSGSVNEQFF	LLFLAFVVFL
CASSYQEFGEQFF	LLFLAFVVFL
CAISEEGLDYEQYF	LLFLAFVVFL
CAIQKGGGQTDTQYF	LLFLAFVVFL
CATSDLPGQEEGETQYF	LLFLAFVVFL
CASSPPSKVTEQFF	LLFLAFVVFL
CASSSTPSEEQFF	LLFLAFVVFL
CASSLSARSYSNEQFF	LLFLAFVVFL
CSVDMGLGSGYTF	LLFLAFVVFL
CASSPQGGFLEKEKNIQYF	LLFLAFVVFL
CASSLAASSYEQYF	LLFLAFVVFL
CASSLNVGEIQETQYF	LLFLAFVVFL
CASSHPPAGGSGANVLTF	LLFLAFVVFL
CASSSGPGSYNEQFF	LLFLAFVVFL
CASSQEAGPYYEQYF	LLFLAFVVFL
CSVFGTDPNQPQHF	LLFLAFVVFL
CASSLVNNEQFF	LLFLAFVVFL
