CDR3	AA
CASGPGYEQYF	KPLEFGATSAAL
CASSASGLGNEQFF	KPLEFGATSAAL
CATRLPIFLSRGALGELFF	KPLEFGATSAAL
CATSDKSGGYLDEQFF	KPLEFGATSAAL
CASGRRGFQETQYF	KPLEFGATSAAL
CASSDPGTGADEQYF	KPLEFGATSAAL
CASRQDGGLSYEQYF	KPLEFGATSAAL
CSVAPRGQAAYEQYF	KPLEFGATSAAL
CASSYSRSPIWYF	KPLEFGATSAAL
CASSVTSGGGTEAFF	KPLEFGATSAAL
CASSQAHPQNFYNEQFF	KPLEFGATSAAL
CASSQIPGPGNEQFF	KPLEFGATSAAL
CASSQVGLAGEQYF	KPLEFGATSAAL
CASSLEPGTSQETQYF	KPLEFGATSAAL
CASSEDRGLAYEQYF	KPLEFGATSAAL
CAISSNREVSYEQYF	KPLEFGATSAAL
CASSLPGLQETQYF	KPLEFGATSAAL
CASSLPGFRGYTF	KPLEFGATSAAL
CASSLVPGSYNEQFF	KPLEFGATSAAL
CASSLEGLGGSYEQYF	KPLEFGATSAAL
CASSPPLTPGGNEQFF	KPLEFGATSAAL
CASSLRLAGGTDTQYF	KPLEFGATSAAL
CSARVREDYNEQFF	KPLEFGATSAAL
CASSPMTGEVQPQHF	KPLEFGATSAAL
CASSLAGFAYEQYF	KPLEFGATSAAL
CASRKDRGLSYEQYF	KPLEFGATSAAL
CASRPDRGLSYEQYF	KPLEFGATSAAL
CASSLAGLSYEQYF	KPLEFGATSAAL
CASSLLAGEAGELFF	KPLEFGATSAAL
CASSLEVWGSYNEQFF	KPLEFGATSAAL
CASSQVLAVNNEQFF	KPLEFGATSAAL
CASSAGTSGSWYEQYF	KPLEFGATSAAL
CASSSPGYSYEQYF	KPLEFGATSAAL
CASSILSGMEQFF	KPLEFGATSAAL
CAIRGTGPRVEAFF	KPLEFGATSAAL
CASSSGQGNNEQFF	KPLEFGATSAAL
CASSFDGSDNEQFF	KPLEFGATSAAL
CASSLRAGLTEEQFF	KPLEFGATSAAL
CASSAPGLAHEQFF	KPLEFGATSAAL
CSARDAADFYNEQFF	KPLEFGATSAAL
CASSLVGGAGNEQFF	KPLEFGATSAAL
CASSHPGLARNEQFF	KPLEFGATSAAL
CATQDRGLVYEQFF	KPLEFGATSAAL
CASSLTSALSYNEQFF	KPLEFGATSAAL
CASSFGQGNYEQYF	KPLEFGATSAAL
CASSSPRYSTDTQYF	KPLEFGATSAAL
CASREDRGETNEQFF	KPLEFGATSAAL
CASSSGVGMDFNNEQFF	KPLEFGATSAAL
CASSSPSLAADTQYF	KPLEFGATSAAL
CASSSSGPKSGDEQFF	KPLEFGATSAAL
CASSIVSNQPQHF	KPLEFGATSAAL
CASSSGGGYTEAFF	KPLEFGATSAAL
CASGRDEQFF	KPLEFGATSAAL
CASSLAAGTAGYTF	KPLEFGATSAAL
CAISATSGDNTDTQYF	KPLEFGATSAAL
CASSQAGLANEQYF	KPLEFGATSAAL
CASSSSDEQFF	KPLEFGATSAAL
CASSFGQSSTDTQYF	KPLEFGATSAAL
CASSSPGGIHEQFF	KPLEFGATSAAL
CASSSAGLANEQYF	KPLEFGATSAAL
CASTVSTDTQYF	KPLEFGATSAAL
CASSPPGYEQYF	KPLEFGATSAAL
CASSTHSYEQYF	KPLEFGATSAAL
CATSDIRDPEAEQFF	KPLEFGATSAAL
CASSPPGLANEQFF	KPLEFGATSAAL
CASSRPGLAETQYF	KPLEFGATSAAL
CASSSSNRIQTPGPTDTQYF	KPLEFGATSAAL
CATSDYSGGLSGELFF	KPLEFGATSAAL
CASSPPAAKNTEAFF	KPLEFGATSAAL
CASSIARDRASFSGANVLTF	KPLEFGATSAAL
CASSSTSGSSYEQYF	KPLEFGATSAAL
CSARVEREPTKTQYF	KPLEFGATSAAL
CASSANRDRGSVALHF	KPLEFGATSAAL
CASSQAKGLNNEQFF	KPLEFGATSAAL
CASSNPGLQETQYF	KPLEFGATSAAL
CASSYEGTSGTPPYNEQFF	KPLEFGATSAAL
CASSSGLAQPPIAYEQYF	KPLEFGATSAAL
CASSTSGNSNEQFF	KPLEFGATSAAL
CASSSSTSENEQFF	KPLEFGATSAAL
CASSGTSGNEQFF	KPLEFGATSAAL
CASSLPGFLETQYF	KPLEFGATSAAL
CASSLHRGLSETQYF	KPLEFGATSAAL
CASSTSSGMPQYF	KPLEFGATSAAL
CVRSAGTSNRGEQFF	KPLEFGATSAAL
CASSPDGSGGTYEQYF	KPLEFGATSAAL
CASSRVRGEQETQYF	KPLEFGATSAAL
CASSADGTYNEQFF	KPLEFGATSAAL
CASSEPQQGNTGELFF	KPLEFGATSAAL
CASSLVPGTEAFF	KPLEFGATSAAL
CASSLAGGSGETQYF	KPLEFGATSAAL
CASRVGQASTDTQYF	KPLEFGATSAAL
CASSKGQNRDYEQYF	KPLEFGATSAAL
CASSSDRDNEQFF	KPLEFGATSAAL
CASAGSGSLAGELFF	KPLEFGATSAAL
CASSSPGAGTDTQYF	KPLEFGATSAAL
CASRLFFYEQYF	KPLEFGATSAAL
CASRQDRGLAYEQYF	KPLEFGATSAAL
CASGRQGLREDTQYF	KPLEFGATSAAL
CASSQDVSGSPLHF	KPLEFGATSAAL
CASSPPGLANEQFF	KPLEFGATSAAL
CATGGGTHQETQYF	KPLEFGATSAAL
CASSLSSRTGGYTF	KPLEFGATSAAL
CASSLPGLAETQYF	KPLEFGATSAAL
CASSQDGEFPGNEQFF	KPLEFGATSAAL
CASRRDGHNEQFF	KPLEFGATSAAL
CASSPPGGTLTEAFF	KPLEFGATSAAL
CASSTVPSDRTDTQYF	KPLEFGATSAAL
CASSGSWESTGELFF	KPLEFGATSAAL
CASSSPGQGGETQYF	KPLEFGATSAAL
CASSGTVEETQYF	KPLEFGATSAAL
CSAPGASGKDTQYF	KPLEFGATSAAL
CASSTPRTGSDTQYF	KPLEFGATSAAL
CATGLAGLQETQYF	KPLEFGATSAAL
CASSLPGLARNEQFF	KPLEFGATSAAL
CASSPRRDTEAFF	KPLEFGATSAAL
CASSQVTSGNNEQFF	KPLEFGATSAAL
CASSQIGLAHEQFF	KPLEFGATSAAL
CASSQNPGLGGNEQFF	KPLEFGATSAAL
CASSSDRNTGELFF	KPLEFGATSAAL
CASSPEASSYNEQFF	KPLEFGATSAAL
CASREGFGGLNEKLFF	KPLEFGATSAAL
CASASSGGPTSYNEQFF	KPLEFGATSAAL
CASSLVAGSSYEQYF	KPLEFGATSAAL
CASSQTSAEQETQYF	KPLEFGATSAAL
CASSPHGLAGSYEQYF	KPLEFGATSAAL
CASSHPGSGLEQYF	KPLEFGATSAAL
CASRDTLAADSPLHF	KPLEFGATSAAL
CASRKQGYTEAFF	KPLEFGATSAAL
CASSVAGTSGYTF	KPLEFGATSAAL
CSVVAGVLYEQFF	KPLEFGATSAAL
CASSQPGLAGSEYF	KPLEFGATSAAL
CASSLSQGYSEAFF	KPLEFGATSAAL
CASSLGGYIEQYF	KPLEFGATSAAL
CASSYGGLAGEINEQFF	KPLEFGATSAAL
CASCSPANSNEQFF	KPLEFGATSAAL
CASSLAGTGRNYEQYF	KPLEFGATSAAL
CASSPPGLANEQFF	KPLEFGATSAAL
CASSFGTGVTDTQYF	KPLEFGATSAAL
CASSSTSGSYNEQFF	KPLEFGATSAAL
CASSDTGPYPYNEQFF	KPLEFGATSAAL
CASSQPSGSYNEQFF	KPLEFGATSAAL
CASRPKGARTEAFF	KPLEFGATSAAL
CASRPDRGLENEQFF	KPLEFGATSAAL
CASSSPGRNNEQFF	KPLEFGATSAAL
CASRDRGLGQPQHF	KPLEFGATSAAL
CASSEINRGSYEQYF	KPLEFGATSAAL
CASSSSGGESTDTQYF	KPLEFGATSAAL
CASKGQDNSPLHF	KPLEFGATSAAL
CASSLVAGLQETQYF	KPLEFGATSAAL
CASRAAGVYGYTF	KPLEFGATSAAL
CATREGGGNQPQHF	KPLEFGATSAAL
CAWSGRGLSYGYTF	KPLEFGATSAAL
