CDR3	AA
CASKVFGAGELFF	MGYINVFAF
CASSLGRATEAFF	MGYINVFAF
CASSFTGGYTF	MGYINVFAF
CSVEQGNGNEQFF	MGYINVFAF
CASSLGVTYNEQFF	MGYINVFAF
CASSFYRQGGGAFF	MGYINVFAF
CASSSGPPGTNEKLFF	MGYINVFAF
CASSLSGEKLFF	MGYINVFAF
CASSLGETQYF	MGYINVFAF
CASSMTGSELFF	MGYINVFAF
CASSPTGYEQYF	MGYINVFAF
CASSLAGDEQFF	MGYINVFAF
CASSPNRDF	MGYINVFAF
CASSQVTAGENTEAFF	MGYINVFAF
CASTTGGGQPQHF	MGYINVFAF
CATQGAGGPEQFF	MGYINVFAF
CASSAFRRDGSSPLHF	MGYINVFAF
CASSFGPHVSF	MGYINVFAF
CASSPSGGDQYF	MGYINVFAF
CASSLTPALDTQYF	MGYINVFAF
CASSYSGGTQYF	MGYINVFAF
CASSKYGYEQYF	MGYINVFAF
CASSYGTGYLGYTF	MGYINVFAF
CATTEMSSGSYNEQFF	MGYINVFAF
CASSLVSSGNNEQFF	MGYINVFAF
CSASDQAWGYEQYF	MGYINVFAF
CASSLNFNYEQYF	MGYINVFAF
CASILSGGEGEQYF	MGYINVFAF
CSAAGTGSSYNSPLHF	MGYINVFAF
CASSTTGGSTDTQYF	MGYINVFAF
CASSPGASLGYEQYF	MGYINVFAF
CSARETGGVNTEAFF	MGYINVFAF
CATGTATDTQYF	MGYINVFAF
CATSDGVSTLAGPNEQFF	MGYINVFAF
CASSTSGNSPLHF	MGYINVFAF
CATSNSLAGEETQYF	MGYINVFAF
CASSPEYTYQPQHF	MGYINVFAF
CASSPVQGPEQYF	MGYINVFAF
CASSPSGNTIYF	MGYINVFAF
CASSLGTSGSQEETQYF	MGYINVFAF
CASSMGPADGYTF	MGYINVFAF
CATRSQDSGANVLTF	MGYINVFAF
CASSYTNEQYF	MGYINVFAF
CASRGTVEAFF	MGYINVFAF
CASSLLGETQYF	MGYINVFAF
CASSYSVLDGFYGYTF	MGYINVFAF
CASSPGTDSYEQYF	MGYINVFAF
CASGPGELFF	MGYINVFAF
CSALGQGVNGYTF	MGYINVFAF
CASSPDGGELFF	MGYINVFAF
CASTSGPEQYF	MGYINVFAF
CASSQVGETIYF	MGYINVFAF
CSARDGTGGIYGYTF	MGYINVFAF
CASTLRDTSYEQYF	MGYINVFAF
CASSQIREGGVGQPQHF	MGYINVFAF
CSAFLLTSGQPNTDTQYF	MGYINVFAF
CASSFWGAQSSYEQYF	MGYINVFAF
CASSLGLAGSTDTQYF	MGYINVFAF
CASSGGAEAFF	MGYINVFAF
CASSLGTGGEQYF	MGYINVFAF
CASGRGEAFF	MGYINVFAF
CASGVGGNGYTF	MGYINVFAF
CASSPQGSSTQYF	MGYINVFAF
CASSPRHGSADTQYF	MGYINVFAF
CASSPSGETQYF	MGYINVFAF
CASSPGRNANTGELFF	MGYINVFAF
CASTLVGRGYTF	MGYINVFAF
CSVEAGDGYEQYF	MGYINVFAF
CSATDGNTGELFF	MGYINVFAF
CASSIGGREQYF	MGYINVFAF
CSARSSSSYNEQFF	MGYINVFAF
CSVESGTGYEQYF	MGYINVFAF
CASSLGLAGGRTYEQYF	MGYINVFAF
CASGGTGYSYEQYF	MGYINVFAF
CSASQSPPSETQYF	MGYINVFAF
CASSQIGEKLFF	MGYINVFAF
CASSPSGAEQFF	MGYINVFAF
CASSLQAQETQYF	MGYINVFAF
CSASEWDGTNYGYTF	MGYINVFAF
CASSFSGETQYF	MGYINVFAF
CATSRDLPGQFYEQYF	MGYINVFAF
CASSFQGEQFF	MGYINVFAF
CASSPWRDTLIGTEAFF	MGYINVFAF
CASSLTGGSTDTQYF	MGYINVFAF
CASSFSSPDTQYF	MGYINVFAF
CSVVLANTDTQYF	MGYINVFAF
CASSEPAGDMNTEAFF	MGYINVFAF
CASSLRETSPGELFF	MGYINVFAF
CSARDFLGGDSRGYTF	MGYINVFAF
CASGYNEQFF	MGYINVFAF
CASSFAGANVLTF	MGYINVFAF
CASSLEGIYGYTF	MGYINVFAF
CSVGTGLNEQYF	MGYINVFAF
CSVQSGRGTEAFF	MGYINVFAF
CASSFSGNTIYF	MGYINVFAF
CASSQSGSLDF	MGYINVFAF
CASSSPGQRNQPQHF	MGYINVFAF
CAIRNSNEKLFF	MGYINVFAF
CASSFTSGEQFF	MGYINVFAF
CASSLLVSEQFF	MGYINVFAF
CASSPRTEQETQYF	MGYINVFAF
CASSFTGGELFF	MGYINVFAF
CASRQGGNEQFF	MGYINVFAF
CASSSGVGANVLTF	MGYINVFAF
CASSPTGNEQFF	MGYINVFAF
CASNARTTGELFF	MGYINVFAF
CASSFPGLGVTYEQYF	MGYINVFAF
CASSLADIQYF	MGYINVFAF
CASSAQGDIQYF	MGYINVFAF
CASMGLADNYEQYF	MGYINVFAF
CASSLAGPEGQYF	MGYINVFAF
CASSQLTGGQPYEQYF	MGYINVFAF
CASSPDLSYNEQFF	MGYINVFAF
CASSFSGLETQYF	MGYINVFAF
CASSVDSGSYEQYF	MGYINVFAF
CASSDFGGFSYEQYF	MGYINVFAF
CASSLGGAEAFF	MGYINVFAF
CASSRSGVETQYF	MGYINVFAF
CASSPRTGYNEQFF	MGYINVFAF
CASSYGGETQYF	MGYINVFAF
CASRNQGIYEKLFF	MGYINVFAF
CASSPLAGVNYEQYF	MGYINVFAF
CSVQQGTGFEQYF	MGYINVFAF
CASSLGTGELFF	MGYINVFAF
CASSLSGETQYF	MGYINVFAF
CASSLAAEQFF	MGYINVFAF
CASSPTGFGYTF	MGYINVFAF
CASSMGGTLPSNEQFF	MGYINVFAF
CATSSRGWGNNEQFF	MGYINVFAF
CASSYSGETQYF	MGYINVFAF
CASSSLTVLNEQFF	MGYINVFAF
CASSKTYSYEQYF	MGYINVFAF
CASSFEGAGRHF	MGYINVFAF
CATGKTISGANVLTF	MGYINVFAF
CAAGRDGFYEQYF	MGYINVFAF
CASSLVGETQYF	MGYINVFAF
CSASLAQETQYF	MGYINVFAF
CAWSGPSGEGFRYEQYF	MGYINVFAF
CSARGWVPGANVLTF	MGYINVFAF
CSARDWQGETQYF	MGYINVFAF
CASSLAGPGSYGYTF	MGYINVFAF
CASSFLTGAGYTF	MGYINVFAF
CASSLDGYEQYF	MGYINVFAF
CASSFSTEQFF	MGYINVFAF
CASSYSGETQYF	MGYINVFAF
CASNPGGPPGEAFF	MGYINVFAF
CASGTSVNIQYF	MGYINVFAF
CASSVGDTYEQYF	MGYINVFAF
CASSLGSYEQYF	MGYINVFAF
CASSYTEALTEAFF	MGYINVFAF
CSVAGGATEAFF	MGYINVFAF
CASSYLASSYNEQFF	MGYINVFAF
CASSLAGLQYF	MGYINVFAF
CASSFGPPEAFF	MGYINVFAF
CSVFGPTSGAFQETQYF	MGYINVFAF
CASSTGPEQFF	MGYINVFAF
CASSYTMPEQFF	MGYINVFAF
CASSESPSGTQETQYF	MGYINVFAF
CASIGLAGTDTQYF	MGYINVFAF
CASSPAGYGYTF	MGYINVFAF
CASSLYSTDTQYF	MGYINVFAF
CASSSGEQFF	MGYINVFAF
CASSPQDVLIHNEQFF	MGYINVFAF
CASSPTDTQYF	MGYINVFAF
CASSLRLVVHEQYF	MGYINVFAF
CSAPTLVNTEAFF	MGYINVFAF
CASSFSVGNTEAFF	MGYINVFAF
CATSDSKGGVEQFF	MGYINVFAF
CASSFGLAGGRSDTQYF	MGYINVFAF
CASGTNEKLFF	MGYINVFAF
CASSETGYGYTF	MGYINVFAF
CSADAVSTDTQYF	MGYINVFAF
CASSAIDRGGTEAFF	MGYINVFAF
CACTEGHQETQYF	MGYINVFAF
CASSHGGHEAFF	MGYINVFAF
CASSQEGLAGVSDTQYF	MGYINVFAF
CASGAPQGMVYNEQFF	MGYINVFAF
CASSAGATEQFF	MGYINVFAF
CASSGDSREFF	MGYINVFAF
CSATTSGISYNEQFF	MGYINVFAF
CASSPSGQMQFF	MGYINVFAF
CASSYSIREDNYNEQFF	MGYINVFAF
CASSSGGTEAFF	MGYINVFAF
CASSPEGSAEAFF	MGYINVFAF
CASSLLGSSYNSPLHF	MGYINVFAF
CASSWGAGNIQYF	MGYINVFAF
CATSDNTGPEQYF	MGYINVFAF
CASSEGAGYNEQFF	MGYINVFAF
CASSLVARESADTQYF	MGYINVFAF
CSVETGSKGNEQFF	MGYINVFAF
CSAMTGYGYTF	MGYINVFAF
CASSFSETQYF	MGYINVFAF
CASSFTGAEAFF	MGYINVFAF
CASSLSVTQYF	MGYINVFAF
CASSVATGGTTDTQYF	MGYINVFAF
CASSLMRSYNEQFF	MGYINVFAF
CASSRGGPGELFF	MGYINVFAF
CSVLIYNEQFF	MGYINVFAF
CASSLDGAEQFF	MGYINVFAF
CASSYQGNEKLFF	MGYINVFAF
CASSQDHTGPNTGELFF	MGYINVFAF
CSASPLTSGRSTGSYEQYF	MGYINVFAF
CSASGGTEAFF	MGYINVFAF
CASSPDGGKAFF	MGYINVFAF
CASSFPISGSAYNEQFF	MGYINVFAF
CASSSTLHSYEQYF	MGYINVFAF
CASSQGFYEQYF	MGYINVFAF
CASFGGYEQYF	MGYINVFAF
CASRLTGTGELFF	MGYINVFAF
CASTYAGYGYTF	MGYINVFAF
CASSYTGGGREGYTF	MGYINVFAF
CASSFSLWPQHF	MGYINVFAF
CASSLAGDKLFF	MGYINVFAF
CSAPDYNEQFF	MGYINVFAF
CASSQAGETQYF	MGYINVFAF
CASSLNGANEQFF	MGYINVFAF
CASSFQLAGTYNEQFF	MGYINVFAF
CASSQEGTSGAFF	MGYINVFAF
CASSFVDEQFF	MGYINVFAF
CASSLGASREFF	MGYINVFAF
CSVQAGTDEQYF	MGYINVFAF
CSPGLDNEQFF	MGYINVFAF
CASSPTGETQYF	MGYINVFAF
CASSVFSGGAADTQYF	MGYINVFAF
CSVEVGTGYEQYF	MGYINVFAF
CASSVVDYTTDTQYF	MGYINVFAF
CASSLGFSSGTNSYEQYF	MGYINVFAF
CASSFMPGGFQPQHF	MGYINVFAF
CASSYSGETQYF	MGYINVFAF
CASSFSGANVLTF	MGYINVFAF
CASSFSLAGITDTQYF	MGYINVFAF
CASSFSGSGGSYEQYF	MGYINVFAF
CASIPGRTSGRETQYF	MGYINVFAF
CASSQELGVLDYTF	MGYINVFAF
CASSGGTDSYEQYF	MGYINVFAF
CASSLFGGSKFHEQYF	MGYINVFAF
CSARDEATGNEKLFF	MGYINVFAF
CASSPWTSEKYNEQFF	MGYINVFAF
CASSFLGYEQYF	MGYINVFAF
CASSDTGNGYTF	MGYINVFAF
CASSPGSEQYF	MGYINVFAF
CSVEGGGGYEQFF	MGYINVFAF
CATGQGRETQYF	MGYINVFAF
CASSSTGLPDTQYF	MGYINVFAF
CASSLAQADAFF	MGYINVFAF
CASTTSDTQYF	MGYINVFAF
CASSTTGNEQYF	MGYINVFAF
CASSLFPAGDVGELFF	MGYINVFAF
CASSFSHEQYF	MGYINVFAF
CSLAEAGGLYEQFF	MGYINVFAF
CSAVEGTDSYEQYF	MGYINVFAF
CASSSGLAGGPDTQYF	MGYINVFAF
CASSLSRGHHGNEQFF	MGYINVFAF
CSALRVAGGVSYEQYF	MGYINVFAF
CASSFSLVGTEDPQETQYF	MGYINVFAF
CASSSVGTQYF	MGYINVFAF
CASSLGGVYSNQPQHF	MGYINVFAF
CATRTPSENEQFF	MGYINVFAF
CASSLTGTGNGYTF	MGYINVFAF
CSVEGGQGYNEQFF	MGYINVFAF
CSVARDTEAFF	MGYINVFAF
CASSFYPGRLSGNTIYF	MGYINVFAF
CASSTGAYGYTF	MGYINVFAF
CASSQVWDGQETQYF	MGYINVFAF
CSPILDNEQFF	MGYINVFAF
CASSRGQPQHF	MGYINVFAF
CASSQLGGYMNTEAFF	MGYINVFAF
CASSSLQGPSYEQYF	MGYINVFAF
CSIRDGLTDTQYF	MGYINVFAF
CASSAVGIGGPQAFF	MGYINVFAF
CASSHGDTQYF	MGYINVFAF
CASSSPSTSILQYF	MGYINVFAF
CASTTASGVHEQYF	MGYINVFAF
CASSLILAGSSYEQYF	MGYINVFAF
CASSSSGASTDTQYF	MGYINVFAF
CASSPQWTSGTYEQYF	MGYINVFAF
CASSLETGSGQYF	MGYINVFAF
CASSTRDRSYEQYF	MGYINVFAF
CASSSGLESYEQYF	MGYINVFAF
CASSQSGGADEQYF	MGYINVFAF
CASSFSAEQYF	MGYINVFAF
CASSPSGGGELFF	MGYINVFAF
CASSLNGYTF	MGYINVFAF
CASSSWTSGTAYEQFF	MGYINVFAF
CASSHTGEDYEQYF	MGYINVFAF
CASSSWGSGANVLTF	MGYINVFAF
CASSFSYEQYF	MGYINVFAF
CATSRASTGQGFEQYF	MGYINVFAF
CSVETGEGYEQYF	MGYINVFAF
CASSFGLDTQYF	MGYINVFAF
CASQERDTQYF	MGYINVFAF
CSARSTWDLTDTQYF	MGYINVFAF
CSVSKPLTSGRYNEQFF	MGYINVFAF
CAISGEEGFGPNQPQHF	MGYINVFAF
CSVQTGTGFEQYF	MGYINVFAF
CASSVVGALDEQYF	MGYINVFAF
CASSLSVEQFF	MGYINVFAF
CASTPEGDYGYTF	MGYINVFAF
CASSLTGTGSIIPYEQYF	MGYINVFAF
CATGTGELFF	MGYINVFAF
CASSFGPLAKNIQYF	MGYINVFAF
CASSKGDGYTF	MGYINVFAF
CASSQGPGQETQYF	MGYINVFAF
CASSEYNQPQHF	MGYINVFAF
CASGQFMNTGELFF	MGYINVFAF
CATSSGSGSGYEQYF	MGYINVFAF
CASSFVYEQFF	MGYINVFAF
CASSSDLGPYEQYF	MGYINVFAF
CASSFGGTQYF	MGYINVFAF
CASTLGPLGSYEQYF	MGYINVFAF
CASSSATEAFF	MGYINVFAF
CASGYSGTIYF	MGYINVFAF
CASSDGLAGGPDTQYF	MGYINVFAF
CASSPPGRAEQYF	MGYINVFAF
CASNYGGTEAFF	MGYINVFAF
CASSLRGGELFF	MGYINVFAF
CASSSGGWEKLFF	MGYINVFAF
CASSFGGISAEQYF	MGYINVFAF
CASSPAGDEQFF	MGYINVFAF
CASSFSTEAFF	MGYINVFAF
CASSPTGETQYF	MGYINVFAF
CSYRGAFLTGDDVYGYTF	MGYINVFAF
CSARSVSGRAPGELFF	MGYINVFAF
CASSPSGTPGTEAFF	MGYINVFAF
CASSQTGLEAFF	MGYINVFAF
CATSLAAGLFEQGTDTQYF	MGYINVFAF
CASSSSGASTDTQYF	MGYINVFAF
CASSQERGGETQYF	MGYINVFAF
CSAIPGQDSYEQYF	MGYINVFAF
CSVESGDGYEQYF	MGYINVFAF
CASSLGGYGYTF	MGYINVFAF
CASSSNGETQYF	MGYINVFAF
CASSFSFEQFF	MGYINVFAF
CASSPGAPSSYEQYF	MGYINVFAF
CASSSDFSSYEQYF	MGYINVFAF
CASSPVNTGELFF	MGYINVFAF
CASSYSQPQHF	MGYINVFAF
CASSVELAGTWGTQYF	MGYINVFAF
CASTFIPGQNTEAFF	MGYINVFAF
CASSFSGPEAFF	MGYINVFAF
CASSAEHYTEAFF	MGYINVFAF
CASSSSGASTDTQYF	MGYINVFAF
CASSLYGTSNEQFF	MGYINVFAF
CASRGDRLSSYEQYF	MGYINVFAF
CASSARSEQYF	MGYINVFAF
CASTPPNGLETQYF	MGYINVFAF
CASSFAPNTGELFF	MGYINVFAF
CASSEGLGQPQHF	MGYINVFAF
CASIGGVEAFF	MGYINVFAF
CASSFAGPPTGTDTQYF	MGYINVFAF
CASSFSVEQFF	MGYINVFAF
CASSDPGNTIYF	MGYINVFAF
CASSPGGDTQYF	MGYINVFAF
CASSPNSLGLSSYNEQFF	MGYINVFAF
CASSLAGQGSYEQYF	MGYINVFAF
CASTGQGAEKLFF	MGYINVFAF
CASSMGQGYYYEQYF	MGYINVFAF
CASSLSYEQFF	MGYINVFAF
CASSYSRAGANTGELFF	MGYINVFAF
CASTHGGLQAEKLFF	MGYINVFAF
CASRRTSGRAEETQYF	MGYINVFAF
CASSLVGFQTDTQYF	MGYINVFAF
CSARGPVLAGNYNEQFF	MGYINVFAF
CASSFAGLYEQYF	MGYINVFAF
CATSRARGQGYEQYF	MGYINVFAF
CASSFGGAGTDTQYF	MGYINVFAF
CASSDGDLYNEQFF	MGYINVFAF
CSAREDRLVEQFF	MGYINVFAF
CASSLSAAPTF	MGYINVFAF
CASSLSRTDTQYF	MGYINVFAF
CATSRAAVGQGYEQYF	MGYINVFAF
CATSDYPAGRYNEQFF	MGYINVFAF
CASSFPKIPEGQSTGNTIYF	MGYINVFAF
CASSPGPANGAYEQYF	MGYINVFAF
CASSLFSGGREQYF	MGYINVFAF
CASSFEGKQFF	MGYINVFAF
CASSYKETQYF	MGYINVFAF
CSVGGSLTYEQYF	MGYINVFAF
CAISDHGDSGANVLTF	MGYINVFAF
CASSSPDRGQETQYF	MGYINVFAF
CASSPSGNGYTF	MGYINVFAF
CASSTGGFLLHEQYF	MGYINVFAF
CASSYSISGLGSSYNEQFF	MGYINVFAF
CASRLAGSVHEQYF	MGYINVFAF
CASSISGYNEQFF	MGYINVFAF
CASALVYEQYF	MGYINVFAF
CASSSGGGGTYEQYF	MGYINVFAF
CSAQQTGTGYEQYF	MGYINVFAF
CASSFSGELFF	MGYINVFAF
CATSDDRGVQPQHF	MGYINVFAF
CATSGREANVLTF	MGYINVFAF
CATSDFAAGDYYEQFF	MGYINVFAF
CASSSTLAGATF	MGYINVFAF
CATSSTGYNEQFF	MGYINVFAF
CASSPTAGDSGNTIYF	MGYINVFAF
CASSSGGHEQYF	MGYINVFAF
CASSPGLAGGISYEQYF	MGYINVFAF
CASSPTGKVGNEKLFF	MGYINVFAF
CSTRTGLPNYGYTF	MGYINVFAF
CASSPTGEEQFF	MGYINVFAF
CASSFEGNIQYF	MGYINVFAF
CSLRTGTNIQYF	MGYINVFAF
CSATSINPGQEYGYTF	MGYINVFAF
CASSLGGSSYNEQFF	MGYINVFAF
CASSELGPYEQYF	MGYINVFAF
CSVSSGRGYEQYF	MGYINVFAF
CASSLAVGNLQPQHF	MGYINVFAF
CASSYGSLAQYF	MGYINVFAF
CASSFTSEQFF	MGYINVFAF
CASSPAGGEQFF	MGYINVFAF
CASSSGTSGYEQYF	MGYINVFAF
CASSLDLYNEQFF	MGYINVFAF
CSAVLAGGHYEQYF	MGYINVFAF
CASSLSPGLINTGELFF	MGYINVFAF
CSAMVGGLTNSSYEQYF	MGYINVFAF
CSARTGAEETQYF	MGYINVFAF
CASSTPFTNYGYTF	MGYINVFAF
CASRTWGQGDEQYF	MGYINVFAF
CACTGGYTEAFF	MGYINVFAF
CASSLWSAEAFF	MGYINVFAF
CASSLENYGYTF	MGYINVFAF
CASSPGGGGGYTF	MGYINVFAF
CASGQGSYEQYF	MGYINVFAF
CASSYAAGDLNTEAFF	MGYINVFAF
CASGASVEFF	MGYINVFAF
CASSLGAAEAFF	MGYINVFAF
CASSLGSEQFF	MGYINVFAF
CASSRRGGEQFF	MGYINVFAF
CASSSGLQNYEQYF	MGYINVFAF
CASSQVGETQYF	MGYINVFAF
CASSLTGFGYTF	MGYINVFAF
CASSYSYNEQFF	MGYINVFAF
CASSRQTYNEQFF	MGYINVFAF
CASSFGLIYGYTF	MGYINVFAF
CASIDLVGYGYTF	MGYINVFAF
CASSPAGYEQYF	MGYINVFAF
CASSWTGNEQYF	MGYINVFAF
CASSTSGNTIYF	MGYINVFAF
CASSHAGELFF	MGYINVFAF
CSVISFGRDSYEQYF	MGYINVFAF
CASSSQGFYEQYF	MGYINVFAF
CASSSLTTSYEQYF	MGYINVFAF
CASSFMGVPFF	MGYINVFAF
CASSPYGTGDEQFF	MGYINVFAF
CSVRTANTGELFF	MGYINVFAF
CASSLGGLDFF	MGYINVFAF
CASSPSGNTIYF	MGYINVFAF
CASSYGGINEQFF	MGYINVFAF
CASTDSGNTIYF	MGYINVFAF
CASSFGQGGYTF	MGYINVFAF
CASLTGGITEAFF	MGYINVFAF
CASNLDLRGYSNQPQHF	MGYINVFAF
CASSQGTVELFF	MGYINVFAF
CASSPTGETQYF	MGYINVFAF
CASSLAYHQFF	MGYINVFAF
CASSLTGFGYTF	MGYINVFAF
CASSFTGGNEQFF	MGYINVFAF
CASSLGVLNTEAFF	MGYINVFAF
CASSYSGNTIYF	MGYINVFAF
CASSPGPMAFF	MGYINVFAF
CSAGGGTEAFF	MGYINVFAF
CASSYSIYRDRITGELFF	MGYINVFAF
CASSASGGSTDTQYF	MGYINVFAF
CASSLYSGANVLTF	MGYINVFAF
CASSSPHRGDKSGDTEAFF	MGYINVFAF
CASSWERRTQYF	MGYINVFAF
CASSSTGEQFF	MGYINVFAF
CASSLSGTPSF	MGYINVFAF
CASGTGTYEQYF	MGYINVFAF
CASSQPSSEQFF	MGYINVFAF
CASSPTGHEQYF	MGYINVFAF
CASSQGLAGGPKTQYF	MGYINVFAF
CSVDTGLDTQYF	MGYINVFAF
CASSYGDGTYEQYF	MGYINVFAF
CASTLSGLLFF	MGYINVFAF
CSVEDAGVPSRQETQYF	MGYINVFAF
CSASLMSPGANEKLFF	MGYINVFAF
CASSLAMRGAYSYEQYF	MGYINVFAF
CSVNEGSSGEKLFF	MGYINVFAF
CASIGGLHTEAFF	MGYINVFAF
CASSFSETQYF	MGYINVFAF
CASSLVDSGANEQFF	MGYINVFAF
CASSLGSGQYNEQFF	MGYINVFAF
CSVIMGQGNTGELFF	MGYINVFAF
CASSVDGLAEAFF	MGYINVFAF
CSSQGLDVVGSYNEQFF	MGYINVFAF
CASSLYSGSGEQFF	MGYINVFAF
CASSLSGIYEQYF	MGYINVFAF
CASSPTGEKLFF	MGYINVFAF
CASSFADTQYF	MGYINVFAF
CASSPQGNTEAFF	MGYINVFAF
CASSFSNEQFF	MGYINVFAF
CASSPAGDEQFF	MGYINVFAF
CASSPTGAEQYF	MGYINVFAF
CATSRGGELFF	MGYINVFAF
CASSLSGNTIYF	MGYINVFAF
CASSVQSGGVETQYF	MGYINVFAF
CASSQAGGTGELFF	MGYINVFAF
CASSLSYEQYF	MGYINVFAF
CASSATGESYEQYF	MGYINVFAF
CASSFVQPGYTF	MGYINVFAF
CATSRARGLYEQYF	MGYINVFAF
RARLYERDTNNEQFF	MGYINVFAF
CSAMGVRANYGYTF	MGYINVFAF
CASSPVGAPEQFF	MGYINVFAF
CASGEFELFF	MGYINVFAF
CASRFGVGQLSYEQYF	MGYINVFAF
CASSLAETQYF	MGYINVFAF
CASSPGGIQYF	MGYINVFAF
CASSLTGEKLFF	MGYINVFAF
CASSPTGAVTFF	MGYINVFAF
CSGTTNTGELFF	MGYINVFAF
CASSLVGETQYF	MGYINVFAF
CASSLVGETQYF	MGYINVFAF
CSAQGLSPATNEKLFF	MGYINVFAF
CASSYSVGQFF	MGYINVFAF
CASSPTGARAFF	MGYINVFAF
CASSQDWSGASYTF	MGYINVFAF
CSARAVGQGSIEQYF	MGYINVFAF
CASSILGLAGVNEQFF	MGYINVFAF
CASSLEVGPRGNTEAFF	MGYINVFAF
CSVELGEGFEQYF	MGYINVFAF
CASSQGVGSGAFF	MGYINVFAF
CASSGQPGRDTYEQYF	MGYINVFAF
CASSPAGTAMFF	MGYINVFAF
CASSQEPRLAGGGPFF	MGYINVFAF
CASSLDWVYGYTF	MGYINVFAF
CASSSSGSSADTQYF	MGYINVFAF
CSARQGVSAFF	MGYINVFAF
CASSPADTQYF	MGYINVFAF
CAISGTDSSYEQYF	MGYINVFAF
CASSLGRQGGPEAFF	MGYINVFAF
CASSLSGQGNEQFF	MGYINVFAF
CSAPRADSSYEQYF	MGYINVFAF
CASSQPSPEQYF	MGYINVFAF
CASRELAGGPSEQFF	MGYINVFAF
CASSQAHGYEQYF	MGYINVFAF
CASTLALDTQYF	MGYINVFAF
CSSLSYNEQFF	MGYINVFAF
CASSFSTEAFF	MGYINVFAF
CASSLNYGYTF	MGYINVFAF
CASGGSGSGEQFF	MGYINVFAF
CAIESTYGYTF	MGYINVFAF
CASSYAGQGSNEQFF	MGYINVFAF
CSANLAQETQYF	MGYINVFAF
CSVERGRGYEQYF	MGYINVFAF
CSALLAPTYEQYF	MGYINVFAF
CSARGVGGLHYEQYF	MGYINVFAF
CASSPGVAGRGHNEQFF	MGYINVFAF
CASSWAGAYEQYF	MGYINVFAF
CSVQGGTDTQYF	MGYINVFAF
CASSLGAKQFF	MGYINVFAF
CASSYNRGNEQFF	MGYINVFAF
CASSQKDRPGGGYTF	MGYINVFAF
CASSAAVWDTGELFF	MGYINVFAF
CSAGGVFVSYNEQFF	MGYINVFAF
CASSPQGAYNEQFF	MGYINVFAF
CASSLGSGGSYEQYF	MGYINVFAF
CASSQDGPHGSSYNEQFF	MGYINVFAF
CASNPGGNYEQYF	MGYINVFAF
CASSFGQVRSF	MGYINVFAF
CASSLAETQYF	MGYINVFAF
CSASGLGFGYTF	MGYINVFAF
CASTPGGGFDNEQFF	MGYINVFAF
CSASTGEGAYNEQFF	MGYINVFAF
CASQAGAGELFF	MGYINVFAF
CASSLTGADTIYF	MGYINVFAF
CASSQDYFSGGAVNTEAFF	MGYINVFAF
CASSVNGPEAFF	MGYINVFAF
CASSFSYEQYF	MGYINVFAF
CASSFERAGRWTEAFF	MGYINVFAF
CASSYTGAETQYF	MGYINVFAF
CASSSSIGYTF	MGYINVFAF
CAISDLDISYEQYF	MGYINVFAF
CASSPTGGNEQFF	MGYINVFAF
CASSYSSNAYF	MGYINVFAF
CASSPPKGEQYF	MGYINVFAF
CASSLGLHQPQHF	MGYINVFAF
CASSQDIDRTDTQYF	MGYINVFAF
CASSYFLAGGYNEQFF	MGYINVFAF
CASSVEGGWVYNEQFF	MGYINVFAF
CASSYNRGNEQYF	MGYINVFAF
CASQSGELFF	MGYINVFAF
CASSWTGNEAFF	MGYINVFAF
CASSLGGAQHF	MGYINVFAF
CSVPSGSSYEQYF	MGYINVFAF
CASSHGTSGVGAYEQYF	MGYINVFAF
RASSLAKFLSNQPQHF	MGYINVFAF
CASSLAGEPNF	MGYINVFAF
CASSLGTGGEQYF	MGYINVFAF
CASGSGVTYNEQFF	MGYINVFAF
CASSLKERIGEQYF	MGYINVFAF
CASSLGGETQYF	MGYINVFAF
CASSKGQIMYSNQPQHF	MGYINVFAF
CASSPFGGELFF	MGYINVFAF
CSARYANTEAFF	MGYINVFAF
CATSDSRHRGGSNQPQHF	MGYINVFAF
CASSFGSVLTF	MGYINVFAF
CASSDTGAGYTF	MGYINVFAF
CASSWLTGLATEAFF	MGYINVFAF
CASSPTGHGYTF	MGYINVFAF
CATGQASSGNTIYF	MGYINVFAF
CASSWGLAGANTGELFF	MGYINVFAF
CASSVGLLNEQFF	MGYINVFAF
CASSYAGETQYF	MGYINVFAF
CASSLYTGGSLNEKLFF	MGYINVFAF
CSAGGGADEQYF	MGYINVFAF
CASSLTYSLYF	MGYINVFAF
CSAAYGRETQYF	MGYINVFAF
CASSWAGAGSYGYTF	MGYINVFAF
CASSLAGETQYF	MGYINVFAF
CASSWDRANYGYTF	MGYINVFAF
CASSSLASSALHF	MGYINVFAF
CASSFSYEQYF	MGYINVFAF
CASSLNSNQPQHF	MGYINVFAF
CASGLDGEQYF	MGYINVFAF
CASSFAHEQYF	MGYINVFAF
CATSDFPAGSYNEQFF	MGYINVFAF
CASSLGGL	MGYINVFAF
CSARDRPVDEQYF	MGYINVFAF
CASSPTGNTQYF	MGYINVFAF
CASSASGGAGETQYF	MGYINVFAF
CASRKIGGVAGANVLTF	MGYINVFAF
CASSLGPGTVGAGELFF	MGYINVFAF
CASSPSGSPLTYNEQFF	MGYINVFAF
CSASESDRTYEQYF	MGYINVFAF
CASGWGGSNNEQFF	MGYINVFAF
CASSYGGELFF	MGYINVFAF
CSASSGRETQYF	MGYINVFAF
CSAHQAGGFYEQYF	MGYINVFAF
CSIGAGTSYEQYF	MGYINVFAF
CATSGPNAGVQETQYF	MGYINVFAF
CASNYPGGGLFF	MGYINVFAF
CSVLGTQPLRSYGYTF	MGYINVFAF
CATSEGLAGGNEQFF	MGYINVFAF
CASSVGGISEAFF	MGYINVFAF
CASSPGHIQYF	MGYINVFAF
CASSLSGPSYNEQFF	MGYINVFAF
CASSLVGRGTDTQYF	MGYINVFAF
CASSLSGETQYF	MGYINVFAF
CASSFSGANVLTF	MGYINVFAF
CATEIRGAAAFF	MGYINVFAF
CASSTWTSGPSYNEQFF	MGYINVFAF
CASSVEFGSNYGYTF	MGYINVFAF
CASSYKAEAFF	MGYINVFAF
CASSPWTELAKNIQYF	MGYINVFAF
CASSLTGAAPDTQYF	MGYINVFAF
CASSLGRDRDNQPQHF	MGYINVFAF
CASSLTESSYNEQFF	MGYINVFAF
CASRPTSGVSGELFF	MGYINVFAF
CASSSYIGTSGILIGEQYF	MGYINVFAF
CASSGQGATDTQYF	MGYINVFAF
CASSPQGWELFF	MGYINVFAF
CASSPPSIDRGHRYEQYF	MGYINVFAF
CASSGRVTYNEQFF	MGYINVFAF
CASSLVGETQYF	MGYINVFAF
CASSLAGETQYF	MGYINVFAF
CSASRDRETQYF	MGYINVFAF
CASSQDPSLISSYNEQFF	MGYINVFAF
CASSLWDASSYEQYF	MGYINVFAF
CATSDFVAGNTGELFF	MGYINVFAF
CSAPRTSGSAAQETQYF	MGYINVFAF
CSVESGSGSYNEQFF	MGYINVFAF
CSVEEGSKGNTEAFF	MGYINVFAF
CASSLVGGETQYF	MGYINVFAF
CASSFSGEQFF	MGYINVFAF
CSVERGSNEQFF	MGYINVFAF
CASSYSLAGDDTQYF	MGYINVFAF
CSAQGLGPGYNEQFF	MGYINVFAF
CASSVDTGAYEQYF	MGYINVFAF
CSAIGGISSYEQYF	MGYINVFAF
CASSLSGHEQFF	MGYINVFAF
CASSLALAGGSETQYF	MGYINVFAF
CSAVRPGQNYEQYF	MGYINVFAF
CASSSQGIQPQHF	MGYINVFAF
CASSHSSEQYF	MGYINVFAF
CASSQGSGRVLNTGELFF	MGYINVFAF
CASSLSGALTDTQYF	MGYINVFAF
CASSPSGETQYF	MGYINVFAF
CASSPTGDEAFF	MGYINVFAF
CASSSTGGGTDTQYF	MGYINVFAF
CSAAWGTETQYF	MGYINVFAF
CASSKTADGYF	MGYINVFAF
CASSPREGLTDTQYF	MGYINVFAF
CSAADRGGQPQHF	MGYINVFAF
CASSLVYEQYF	MGYINVFAF
CASSETNF	MGYINVFAF
CSARDSLDSRPYEQYF	MGYINVFAF
CSARRGHHQETQYF	MGYINVFAF
CASSGTPNTGELFF	MGYINVFAF
CSVEGDTTNYEQYF	MGYINVFAF
CATSRGGGPYEQYF	MGYINVFAF
CASSWAETQYF	MGYINVFAF
CSAVTSGTSYEQYF	MGYINVFAF
CASPPPLAVYNEQFF	MGYINVFAF
CASSLSSYQYF	MGYINVFAF
CASSFAGDTQYF	MGYINVFAF
CSASLQDLKYEQYF	MGYINVFAF
CASSPTGETQYF	MGYINVFAF
CASSSLGASGANVLTF	MGYINVFAF
CASSHTSGYSYEQYF	MGYINVFAF
CASGTDTQYF	MGYINVFAF
CASSATDTQYF	MGYINVFAF
CASSPGQAGYTF	MGYINVFAF
CASRQYSNQPQHF	MGYINVFAF
CASRDQGQETQYF	MGYINVFAF
CASSDSLAGINEQFF	MGYINVFAF
CASSFSYEQYF	MGYINVFAF
CSASFYNEQFF	MGYINVFAF
CASSFNHEQYF	MGYINVFAF
CASSLWAGGYNEQFF	MGYINVFAF
CASSVAGLGNIQYF	MGYINVFAF
CASSYSSTSGSEQYF	MGYINVFAF
CASSFGTTEAFF	MGYINVFAF
CSAVAGKSSYEQYF	MGYINVFAF
CASSQGTGVAYEQYF	MGYINVFAF
CASSPGGGSYNEQFF	MGYINVFAF
CASSFQETQYF	MGYINVFAF
CASSVELAGGLNRQFF	MGYINVFAF
CASSLFFGGGASSYNEQFF	MGYINVFAF
CAIGLGNEQFF	MGYINVFAF
CASSFQGAPDTQYF	MGYINVFAF
CSVEAGTDTQYF	MGYINVFAF
CASSSFIAGVKNEQFF	MGYINVFAF
CASRGEQVEQYF	MGYINVFAF
CASSGHRNTEAFF	MGYINVFAF
CASSLDGSEQFF	MGYINVFAF
CASSLVGEKLFF	MGYINVFAF
CASSFTGSSYEQYF	MGYINVFAF
CASTADRGNTEAFF	MGYINVFAF
CAWSARTDSRYEQYF	MGYINVFAF
CASSDGSKAEAFF	MGYINVFAF
CASSQGQGVHEQYF	MGYINVFAF
CASSLVYGIGTPLYNEQFF	MGYINVFAF
CASSSDGSYNEQFF	MGYINVFAF
CSARDLGTGELFF	MGYINVFAF
CASSFAGGQLDTQYF	MGYINVFAF
CASSLAGGSTDTQYF	MGYINVFAF
CASSLAGEGNEQFF	MGYINVFAF
CASSFLLGTKNNEQFF	MGYINVFAF
CAMRVEDSNYGYTF	MGYINVFAF
CASSSTGAEQFF	MGYINVFAF
CASRSGALEAFF	MGYINVFAF
CASSLGGPMGGYTF	MGYINVFAF
CSALDRDYNHEQYF	MGYINVFAF
CASSPSGETQYF	MGYINVFAF
CASSKAGRRLFF	MGYINVFAF
CASSGSGSENTGELFF	MGYINVFAF
CSALSTSPGDSPLHF	MGYINVFAF
CSVTTVSYEQYV	MGYINVFAF
CASSSAYYGYTF	MGYINVFAF
CASSMTGVEQYF	MGYINVFAF
CASSGETELYPNEQFF	MGYINVFAF
CASSDLGRSRSYEQYF	MGYINVFAF
CASSPYLGQPQHF	MGYINVFAF
CASSPTGELFF	MGYINVFAF
CASSPGGIQYF	MGYINVFAF
CSVEAGGGYEQYF	MGYINVFAF
CASSQELGPLGYTF	MGYINVFAF
CASSLSSGSEQFF	MGYINVFAF
CASSLAETQYF	MGYINVFAF
CASSPTGAEAFF	MGYINVFAF
CSARSENTGELFF	MGYINVFAF
CSAILVITGAYEQYF	MGYINVFAF
CASSQDLSRVNTEAFF	MGYINVFAF
CASSFGQAKYF	MGYINVFAF
CASSLAGETQYF	MGYINVFAF
CAWGTAGNTIYF	MGYINVFAF
CSVRAGGNEQYF	MGYINVFAF
CASSQYPGLEKLFF	MGYINVFAF
CASSIEDTDTQYF	MGYINVFAF
CASSFSPGGLFF	MGYINVFAF
CASSPTGYIQYF	MGYINVFAF
CASSPTGVGYTF	MGYINVFAF
CASSKKRERTPGSCFF	MGYINVFAF
CASSLSGETQYF	MGYINVFAF
CASSQGGETQYF	MGYINVFAF
CASSHPGTEAFF	MGYINVFAF
CASAGVGKLFF	MGYINVFAF
CASSLIMARDNEQFF	MGYINVFAF
CASSSGPGYTF	MGYINVFAF
CASSATGAGEQYF	MGYINVFAF
CASSSDTGSYEQYF	MGYINVFAF
CAVISGYNEQFF	MGYINVFAF
CASSVSREQYF	MGYINVFAF
CASTEGLLSYEQYF	MGYINVFAF
CASSPNQGLSQPLIEAFF	MGYINVFAF
CASSFTGAEGYTF	MGYINVFAF
CASSYTGELFF	MGYINVFAF
CASSPGATQYF	MGYINVFAF
CATSREDQETQYF	MGYINVFAF
CASSLSPGQSGYTF	MGYINVFAF
CASSQEWVGSPLHF	MGYINVFAF
CASSFQVTNQPQHF	MGYINVFAF
CASGPGLAGEQYF	MGYINVFAF
CASSFSGELFF	MGYINVFAF
CASSFASEQYF	MGYINVFAF
CSASLDTYEQYF	MGYINVFAF
CASSPRLFRDRVDCSQPQHF	MGYINVFAF
CASSPSGGETQYF	MGYINVFAF
CSAPVLNTEAFF	MGYINVFAF
CASTLTGYEQFF	MGYINVFAF
CASSFTGGELFF	MGYINVFAF
CASSFTVNYGYTF	MGYINVFAF
CASSFTGGGEQFF	MGYINVFAF
CASSSGPNYTF	MGYINVFAF
CSAETAHIILGTQYF	MGYINVFAF
CASSLVLAGGSEQFF	MGYINVFAF
CSAFGLAGGAYEQYF	MGYINVFAF
CASSPLYTGAGDTEAFF	MGYINVFAF
CASSYSPGDSYEQYF	MGYINVFAF
CASSSGLDSYEQYF	MGYINVFAF
CATSDPGTYEQYF	MGYINVFAF
CASSVGGLAGANVLTF	MGYINVFAF
CASSLSGETQYF	MGYINVFAF
CASSLRDF	MGYINVFAF
CASSFGDTIYF	MGYINVFAF
CASGGYEQYF	MGYINVFAF
CASSFEGTQYF	MGYINVFAF
CASSEGTSGRHSYNEQFF	MGYINVFAF
CASSLGSNEQFF	MGYINVFAF
CASSRDGYGYTF	MGYINVFAF
CASSFMAEQFF	MGYINVFAF
CARSRGGPGELFF	MGYINVFAF
CSAGPPGISYNEQFF	MGYINVFAF
CASSFSGEQYF	MGYINVFAF
CASSYSITPGQGSAEQYF	MGYINVFAF
CASSPGDVAFF	MGYINVFAF
CASSFSYEQYF	MGYINVFAF
CASSFGQPQHF	MGYINVFAF
CASSQVGEKLFF	MGYINVFAF
CASSPGGSSYEQYF	MGYINVFAF
CASSSGLAGGTDTQYF	MGYINVFAF
CSAPSGGATDTQYF	MGYINVFAF
CATSGIYRTSSYNEQFF	MGYINVFAF
CATSDGERTAYTGELFF	MGYINVFAF
CSARGGLAHEQYF	MGYINVFAF
CASSFSDTQYF	MGYINVFAF
CASSWGTVTGELFF	MGYINVFAF
CASSFTGASTDTQYF	MGYINVFAF
CSGLEHNEQFF	MGYINVFAF
CASSLIGTGVNEQYF	MGYINVFAF
CASSYGGETQYF	MGYINVFAF
CASSPEAQFF	MGYINVFAF
CASSERHPGEPQHF	MGYINVFAF
CASSQDDRSYEQYF	MGYINVFAF
CASITGWYAFF	MGYINVFAF
CASSLGYYEQYF	MGYINVFAF
CAIGTVSNQPQHF	MGYINVFAF
CASSLIFYEQYF	MGYINVFAF
CASSLGLGNEQFF	MGYINVFAF
CSGFRDAGTQYF	MGYINVFAF
CASSPDGYEQYF	MGYINVFAF
CASSILAGNYNEQFF	MGYINVFAF
CASSFAGPETQYF	MGYINVFAF
CASSLTAEAFF	MGYINVFAF
CASSFGGETQYF	MGYINVFAF
CASSLVREQFF	MGYINVFAF
CATSTVGETQYF	MGYINVFAF
CASSFSGLSNYGYTF	MGYINVFAF
CASSSGSLGYTF	MGYINVFAF
CASGWSNGYTF	MGYINVFAF
CSVETGFTDTQYF	MGYINVFAF
CASSAQGTTEAFF	MGYINVFAF
CATSRMGEEKLFF	MGYINVFAF
CASSYGAHEQYF	MGYINVFAF
CASSPAQGPYNEQFF	MGYINVFAF
CASMAYSYEQYF	MGYINVFAF
CASSHVGLPYNEQFF	MGYINVFAF
CSVETGTNSYEQYF	MGYINVFAF
CASSLASEQYF	MGYINVFAF
CASSGTSDNEQFF	MGYINVFAF
CASSPGTTGYTQYF	MGYINVFAF
CASSLTGETQYF	MGYINVFAF
CATAGTGDEKLFF	MGYINVFAF
CASSFTGGEAFF	MGYINVFAF
CASTPGERGLSYEQYF	MGYINVFAF
CASSVELRGTDTQYF	MGYINVFAF
CASTWGNQPQHF	MGYINVFAF
CASSSEAFF	MGYINVFAF
CSAVTGPNLYEQYF	MGYINVFAF
CASSSRHFSGNTIYF	MGYINVFAF
CASSAPTGQGDYEQYF	MGYINVFAF
CASRGQQETQYF	MGYINVFAF
CSVRDGQNIQYF	MGYINVFAF
CASSLPWAGVLNTEAFF	MGYINVFAF
CASSQVGDISYEQYF	MGYINVFAF
CASSWGLYNEQFF	MGYINVFAF
CASLTFPGNEQFF	MGYINVFAF
CASSGQGETQYF	MGYINVFAF
CASSYDTSGRAAGDTQYF	MGYINVFAF
CASSLGGRDTQYF	MGYINVFAF
CASSFTGNEQFF	MGYINVFAF
CASSLTGETQYF	MGYINVFAF
CASSLVYRGSETQYF	MGYINVFAF
CASSLQGSSYEQYF	MGYINVFAF
CASSFSHEQFF	MGYINVFAF
CASSVSYGYTF	MGYINVFAF
CASSYNQGNEQFF	MGYINVFAF
CASSFTGSGAFF	MGYINVFAF
CASSPGLAGEQYF	MGYINVFAF
CASSLGTGGEQYF	MGYINVFAF
CASSGSGETQYF	MGYINVFAF
CASSVEGGLDEQFF	MGYINVFAF
CASSLAGELWYGYTF	MGYINVFAF
CASSPFLSPDTQYF	MGYINVFAF
CASSYSGNEQFF	MGYINVFAF
CASSPQGTQYF	MGYINVFAF
CASSTGQLSYEQYF	MGYINVFAF
CASSWTVNTIYF	MGYINVFAF
CASSIGGGGEQFF	MGYINVFAF
CASSPRGDGEQYF	MGYINVFAF
CASSFTGAGETQYF	MGYINVFAF
CASSFGGQSEQFF	MGYINVFAF
CASSSTGEKLFF	MGYINVFAF
CASGKGRYTF	MGYINVFAF
CASSPSGETQYF	MGYINVFAF
CASSFTGTDYEQYF	MGYINVFAF
CASSFSYEQYF	MGYINVFAF
CAITGTAEQYF	MGYINVFAF
CASSYSGSDTF	MGYINVFAF
CSAPHIRGGNQPQHF	MGYINVFAF
CASSLTGAEQFF	MGYINVFAF
CASSYSLAGDNEQFF	MGYINVFAF
CASSPGAEAFF	MGYINVFAF
CASSINPGETQYF	MGYINVFAF
CASSQVGGGEKLFF	MGYINVFAF
CASSLSGETQYF	MGYINVFAF
CASSGVRDSLEAFF	MGYINVFAF
CSVTSGSAEQYF	MGYINVFAF
CASSLDSGYNEQFF	MGYINVFAF
CSAPNQGYSYEQYF	MGYINVFAF
CASSYSDEQFF	MGYINVFAF
CASSLTGVYGELFF	MGYINVFAF
CASSPTGFEQFF	MGYINVFAF
CASSGTGSEQYF	MGYINVFAF
CASSPGAEQFF	MGYINVFAF
CASSHAGTDYEQYF	MGYINVFAF
CAIMTGWGYTF	MGYINVFAF
CASSFRGAGANVLTF	MGYINVFAF
CSATESMHSYEQYF	MGYINVFAF
CSVETGKGNEQFF	MGYINVFAF
CASSFAGEQYF	MGYINVFAF
CATSDWGQGAYNEQFF	MGYINVFAF
CASSYSRARGRQETQYF	MGYINVFAF
CASSALTAHYGYTF	MGYINVFAF
CSARAEEGGPRYEQYF	MGYINVFAF
CASSLGVWGSSTDTQYF	MGYINVFAF
CASSSTGYEQYF	MGYINVFAF
CASSPTGNIQYF	MGYINVFAF
CASSQSPYGYTF	MGYINVFAF
CASSFDGTQYF	MGYINVFAF
CASSRAGTSVETQYF	MGYINVFAF
CASSDTGELFF	MGYINVFAF
CSARDQDRGNTIYF	MGYINVFAF
CASSQDPSLSGANVLTF	MGYINVFAF
CSVVSDRGVDEQFF	MGYINVFAF
CSVERGTGELFF	MGYINVFAF
CASSQSSSYNEQFF	MGYINVFAF
CASLPGGGLQETQYF	MGYINVFAF
CASSLISEQFF	MGYINVFAF
CASSPQINGRGGYTF	MGYINVFAF
CTLGGGGHYGYTF	MGYINVFAF
CASSPTGSEQYF	MGYINVFAF
CSVQQGAYEQYF	MGYINVFAF
CASSFDATEAFF	MGYINVFAF
CASSQDYYGYTF	MGYINVFAF
CASSLSETQYF	MGYINVFAF
CSALYNEQFF	MGYINVFAF
CASSFSDTQYF	MGYINVFAF
CSATEFYEQYF	MGYINVFAF
CSALGYGPGTTEAFF	MGYINVFAF
CASTPGNRRYYGYTF	MGYINVFAF
CASSGLGGRTDTQYF	MGYINVFAF
CAYDRTGGTYEQYF	MGYINVFAF
CASSPQDTGELFF	MGYINVFAF
CASSTRLAGGFQETQYF	MGYINVFAF
CASSPSGAEDYEQYF	MGYINVFAF
CASSTSGETQYF	MGYINVFAF
CSVTVASSEQFF	MGYINVFAF
CASSFSIEQYF	MGYINVFAF
CATQTTGELFF	MGYINVFAF
CASSFEGFYNEQFF	MGYINVFAF
CSARDKRAGEIHGYTF	MGYINVFAF
CASSYSSGTIYF	MGYINVFAF
CATSETGAEQYF	MGYINVFAF
CASSVNSNQPQHF	MGYINVFAF
CASSLTGQEKFF	MGYINVFAF
CASSLVDEQYF	MGYINVFAF
CASTLSGNTIYF	MGYINVFAF
CASSLTGGSGYTF	MGYINVFAF
CASGNGYYEQYF	MGYINVFAF
CASSLSYEQYF	MGYINVFAF
CSAKPGLVQFF	MGYINVFAF
CASARGDEQFF	MGYINVFAF
CASRVGTGGGTDTQYF	MGYINVFAF
CASSEGSGRNTDTQYF	MGYINVFAF
CASSDGASGTDEQFF	MGYINVFAF
CASSQRDGQPQHF	MGYINVFAF
CASSPQGNTEAFF	MGYINVFAF
CSVVSFRADTQYF	MGYINVFAF
CASSSTGHEQFF	MGYINVFAF
CSANNGEETQYF	MGYINVFAF
CASSLEERGGTDTQYF	MGYINVFAF
CASMYSLSGQGAEQYF	MGYINVFAF
CASSFSGGEQYF	MGYINVFAF
CASSLGLAPDTQYF	MGYINVFAF
CTSRSSYNEQFF	MGYINVFAF
CASRQINSPLHF	MGYINVFAF
CAISGSGGDAGELFF	MGYINVFAF
CATSEVQETQYF	MGYINVFAF
CSESPSGTGNSNGYTF	MGYINVFAF
CASSYEGSGAPTGELFF	MGYINVFAF
CAISEGQGIGTEAFF	MGYINVFAF
CASSLSTF	MGYINVFAF
CAISVYTEAFF	MGYINVFAF
CASSLVGETQYF	MGYINVFAF
CASSPTGNEQFF	MGYINVFAF
CSVMGQNTGELFF	MGYINVFAF
CASAEGAGAYGYTF	MGYINVFAF
CASSLWTGETYGYTF	MGYINVFAF
CSAIGGGSSYNEQFF	MGYINVFAF
CSAILASTGELFF	MGYINVFAF
CASSYSYEQYF	MGYINVFAF
CASSYSIGREYEQFF	MGYINVFAF
CSARTGDNEQFF	MGYINVFAF
CASSLVGETQYF	MGYINVFAF
CASTPGGELFF	MGYINVFAF
CASSQGGIVYGYTF	MGYINVFAF
CASSYSSLNTEAFF	MGYINVFAF
CASSTSGETQYF	MGYINVFAF
CASSQGLQGAYSYEQYF	MGYINVFAF
CSAVPDRDRGAEQYF	MGYINVFAF
CASTETGWNTIYF	MGYINVFAF
CASSFGLGSDPFF	MGYINVFAF
CSAPSYNEQFF	MGYINVFAF
CSALTSYGYTF	MGYINVFAF
CASSPPGGRLPYEQYF	MGYINVFAF
CASSGGLAGGPAQETQYF	MGYINVFAF
CASSLVLDVGIQYF	MGYINVFAF
CASSFDGNEQFF	MGYINVFAF
CASGPDNNYGYTF	MGYINVFAF
CSVRTGDRYEQYF	MGYINVFAF
CASSEAAAGMSYEQYF	MGYINVFAF
CASSYSGETQYF	MGYINVFAF
CASSNPGQSTNGEQYF	MGYINVFAF
CASSVASGGVLDTQYF	MGYINVFAF
CASSSGTVKYF	MGYINVFAF
CASSFTETQYF	MGYINVFAF
CASISLGQENTEAFF	MGYINVFAF
CATGTGELFF	MGYINVFAF
CASSPSGGGEQYF	MGYINVFAF
CATRQGSGELFF	MGYINVFAF
CASSFSNRPDF	MGYINVFAF
CSVYRGGDEQFF	MGYINVFAF
CASSYEMGGLNTEAFF	MGYINVFAF
CASLGPVVRQGYGYTF	MGYINVFAF
CASSFVDEQFF	MGYINVFAF
CASSQGGETQYF	MGYINVFAF
CASSYNIEGYSNQPQHF	MGYINVFAF
CASTDRGNTGELFF	MGYINVFAF
CASSPGGELFF	MGYINVFAF
CASLRGTEAFF	MGYINVFAF
CASSSTDTQYF	MGYINVFAF
CASSYVSGRYGYTF	MGYINVFAF
CSVLVGSTEAFF	MGYINVFAF
CSGLGGPVSNEQYF	MGYINVFAF
CASSEFGQDSYEQYF	MGYINVFAF
CATSSGQGPEAFF	MGYINVFAF
CASSQESGGSYEQYF	MGYINVFAF
CASSFQGFTEAFF	MGYINVFAF
CASSAHTQYF	MGYINVFAF
CSAPWSGRSYEQYF	MGYINVFAF
CASSVEGGPEAFF	MGYINVFAF
CSATNGQETQYF	MGYINVFAF
CASSSPLGSGPIYEQYF	MGYINVFAF
CASSLGNYGYTF	MGYINVFAF
CASSSSSEQYF	MGYINVFAF
CASSYNGGDGYTF	MGYINVFAF
CASSQGIYGYTF	MGYINVFAF
CASSQAEEQYF	MGYINVFAF
CASSLAGFLQFF	MGYINVFAF
CASSQGGRLGNYEQYF	MGYINVFAF
CASSLAGNEQFF	MGYINVFAF
CASSPGYNEQFF	MGYINVFAF
CASSASGEQFF	MGYINVFAF
CASSKGWGYTF	MGYINVFAF
CASSLSRDQYF	MGYINVFAF
CASSIGGGVLTF	MGYINVFAF
CASSYPGMYTGELFF	MGYINVFAF
CATVTSGSTGYEQYF	MGYINVFAF
CASSYLGGQPQHF	MGYINVFAF
CASSLMGMGDTGELFF	MGYINVFAF
CASSYSRPNRGENEQFF	MGYINVFAF
CASSFANEQFF	MGYINVFAF
CASSAPGTGLEQYF	MGYINVFAF
CASSPTGEKLFF	MGYINVFAF
CASMQGGKLFF	MGYINVFAF
CASSWTGGDEQYF	MGYINVFAF
CASSLVGTGGFKTEAFF	MGYINVFAF
CAILQGAGGYTF	MGYINVFAF
CASSPAGEKLFF	MGYINVFAF
CASSSPGVFVYGYTF	MGYINVFAF
CSATTGTSGSRSTDTQYF	MGYINVFAF
CASISPGTSLYEQYF	MGYINVFAF
CASSFLRGVNPYEQYF	MGYINVFAF
CASSSELSLEQFF	MGYINVFAF
CSALTGENIQYF	MGYINVFAF
CSVNSPGPEQFF	MGYINVFAF
CASSLVGAELAF	MGYINVFAF
CASLGRFDYGYTF	MGYINVFAF
CSVEVGSSYNEQFF	MGYINVFAF
CASSLRTGGGYTF	MGYINVFAF
CASSLQAEAFF	MGYINVFAF
CASSLANEQFF	MGYINVFAF
CASSFSVEQYF	MGYINVFAF
CAIGAGSTEAFF	MGYINVFAF
CASSHLEGQPQHF	MGYINVFAF
CASSVSGDEQYF	MGYINVFAF
CASSFAGLETQYF	MGYINVFAF
CASSFLEGIGTGELFF	MGYINVFAF
CASSPYNPNQPQHF	MGYINVFAF
CASSYSGTQYF	MGYINVFAF
CASSQGARGYTF	MGYINVFAF
CASSSPRGDRLKSSYEQYF	MGYINVFAF
CASSQTGETQYF	MGYINVFAF
CASSPAGTGGYEQYF	MGYINVFAF
CASSKHRGQGFNSPLHF	MGYINVFAF
CASSLMDEQFF	MGYINVFAF
CSVEGGGNEQFF	MGYINVFAF
CSGDDPNTEAFF	MGYINVFAF
CSARGTHDQETQYF	MGYINVFAF
CASSHYDGGYNEQFF	MGYINVFAF
CSASLTDTQYF	MGYINVFAF
CSAIEGGTGELFF	MGYINVFAF
CASSLQGETQYF	MGYINVFAF
CASISGTYEQYF	MGYINVFAF
CSSSGIPTYEQYF	MGYINVFAF
CASSEAVAGPYEQYF	MGYINVFAF
CSASGTSGRPYQETQYF	MGYINVFAF
CASSLSGSHRFF	MGYINVFAF
CASSPLGGYSNQPQHF	MGYINVFAF
CASSFSKLAGEGEQFF	MGYINVFAF
CATSNGLAGDSEQFF	MGYINVFAF
CSAMTRDEQFF	MGYINVFAF
CAGQTGFGYTF	MGYINVFAF
CASAAGTLSYEQYF	MGYINVFAF
CASSPTGATQYF	MGYINVFAF
CASTLTGESTGELFF	MGYINVFAF
CASSQGLSLNGEHAYEQYF	MGYINVFAF
CASSPSGEKLFF	MGYINVFAF
CASSPPTGEETQYF	MGYINVFAF
CASSLGGESYEQYF	MGYINVFAF
CSAIPPGATYEQYF	MGYINVFAF
CASSRRAGQPQHF	MGYINVFAF
CASSFGADTQYF	MGYINVFAF
CASSVQGNTEAFF	MGYINVFAF
CASSLGGLEAFF	MGYINVFAF
CASSWGLDGYTF	MGYINVFAF
CATSRGSRYEQYF	MGYINVFAF
CASSFSNEQFF	MGYINVFAF
CASSLTGETQYF	MGYINVFAF
CSVERGRGNEQFF	MGYINVFAF
CASGQGADTQYF	MGYINVFAF
CASSSGPGYTF	MGYINVFAF
CASSQTGEKAFF	MGYINVFAF
CSARQLGQMNTEAFF	MGYINVFAF
CASSVGQDGYTF	MGYINVFAF
CASSPAGLKQFF	MGYINVFAF
CSATAGLSTDTQYF	MGYINVFAF
CSVVSPPVHYGYTF	MGYINVFAF
CASSRTGETQYF	MGYINVFAF
CSAQTSQGLYSNQPQHF	MGYINVFAF
CATSRAPGQGYEQYF	MGYINVFAF
CASSIRLTGGGQPQHF	MGYINVFAF
CASSPTGHEQFF	MGYINVFAF
CASSYGGHEQFF	MGYINVFAF
CATLKGGEQYF	MGYINVFAF
CSAPGTGNSGNQPQHF	MGYINVFAF
CASSVDITDTQYF	MGYINVFAF
CASSFQGYTEAFF	MGYINVFAF
CASSATGSEQYF	MGYINVFAF
CASSPGGAVNEQFF	MGYINVFAF
CASSIHGVTYEQYF	MGYINVFAF
CASSSAGRSSYEQYF	MGYINVFAF
CASSLAGGELFF	MGYINVFAF
CASTSASQAFF	MGYINVFAF
CASSEVPFF	MGYINVFAF
CASSSAGETQYF	MGYINVFAF
CASIPAPRQGLDGYTF	MGYINVFAF
CSGQPVSGGAHEQYF	MGYINVFAF
CASSLDGNEQFF	MGYINVFAF
CASSFGTEQFF	MGYINVFAF
CASIWGYSNQPQHF	MGYINVFAF
CASRNGPYEQYF	MGYINVFAF
CASSTQGIGSYNEQFF	MGYINVFAF
CASWDGMNTEAFF	MGYINVFAF
CASSLTGYEQYF	MGYINVFAF
CASSWADTQYF	MGYINVFAF
CASSVQGFYEQYF	MGYINVFAF
CSVQTGKGNTIYF	MGYINVFAF
CASGATITSYEQFF	MGYINVFAF
CASSLAGQEYF	MGYINVFAF
CSARVIEGSNQPQHF	MGYINVFAF
CASSFDGSGYTF	MGYINVFAF
CASSFSGELFF	MGYINVFAF
CASSPNGGEQFF	MGYINVFAF
CASTPGASGIGNEQFF	MGYINVFAF
CASSYGGEKLFF	MGYINVFAF
CASSLGTSAEQFF	MGYINVFAF
CASSPGGETQYF	MGYINVFAF
CASSPSGEGYTF	MGYINVFAF
CASSPSGNQFF	MGYINVFAF
CSANREGETQYF	MGYINVFAF
CASKEGAFINQPQHF	MGYINVFAF
CASSPLLLPYEQYF	MGYINVFAF
CASTVSQDTQYF	MGYINVFAF
CASSSAGGSTDTQYF	MGYINVFAF
CSVVRGQGYEQYF	MGYINVFAF
CASSYPRRLAGGRLDTQYF	MGYINVFAF
CASRTDFQETQYF	MGYINVFAF
CAIGPPNGYTF	MGYINVFAF
CASSRTGYNEQFF	MGYINVFAF
CASSDGGRQISGNTIYF	MGYINVFAF
CASSPFVETQYF	MGYINVFAF
CASSSLGGLSLAPEAKNIQYF	MGYINVFAF
CASSPDGGARSDTQYF	MGYINVFAF
CASSPDVNANTGELFF	MGYINVFAF
CASSVETVYNEQFF	MGYINVFAF
CASSQVGETQYF	MGYINVFAF
CASSYTGFEQYF	MGYINVFAF
CASSWTGETQYF	MGYINVFAF
CASSLLGSNTGELFF	MGYINVFAF
CASSKSGTSGRAQSYEQYF	MGYINVFAF
CASSVEFSGAPRPGELFF	MGYINVFAF
CSVEEGEHGNTIYF	MGYINVFAF
CASSITGELFF	MGYINVFAF
CASSLGGPGEQFF	MGYINVFAF
CASSYSPLAGGDTQYF	MGYINVFAF
CSVKTGLNEQFF	MGYINVFAF
CASSLTPSTDTQYF	MGYINVFAF
CASSGGQGWMNTEAFF	MGYINVFAF
CASSFAETQYF	MGYINVFAF
CASRNPSGRNEQFF	MGYINVFAF
CASSLTGNEQFF	MGYINVFAF
CASSQEDRGQPQHF	MGYINVFAF
CSATTSGSTYEQYF	MGYINVFAF
CASSRVGTGDEQYF	MGYINVFAF
CASSYGSGTDTQYF	MGYINVFAF
CSAIVSGKTYEQYF	MGYINVFAF
CSVEDRAYGYTF	MGYINVFAF
CASSDSVGTASYEQYF	MGYINVFAF
CSARATESGELFF	MGYINVFAF
CASSPSPLNEQFF	MGYINVFAF
CASSLGVNTEAFF	MGYINVFAF
CASSFSYEQYF	MGYINVFAF
CASSRDSSPVYSNQPQHF	MGYINVFAF
CAISEWGNTEAFF	MGYINVFAF
CALDRPATNEKLFF	MGYINVFAF
CASSTRTGLASYEQYF	MGYINVFAF
CASSLPDGIRGEQYF	MGYINVFAF
CATSGNYNEQFF	MGYINVFAF
CASSPPPHSGPTGGQYF	MGYINVFAF
CASRSISGELFF	MGYINVFAF
CASSLTGEKLFF	MGYINVFAF
CATPGRLAGGPNEQFF	MGYINVFAF
CATSDFHGLAGEVNTGELFF	MGYINVFAF
HQAGLGYEQYF	MGYINVFAF
CASSYLGDTQYF	MGYINVFAF
CASSPIPLGNEQFF	MGYINVFAF
CASSQDPTGGSGYTF	MGYINVFAF
CASSLEAIRNF	MGYINVFAF
CASNRVAGELFF	MGYINVFAF
CASSSSGNTIYF	MGYINVFAF
CASSRDGRFNEQFF	MGYINVFAF
CASSYGGDTQYF	MGYINVFAF
CASSPTGASGDTQYF	MGYINVFAF
CASSLRGTGESEFF	MGYINVFAF
CSALTASGNTIYF	MGYINVFAF
CASSHTGETQYF	MGYINVFAF
CASSLVGETQYF	MGYINVFAF
CASSEFPAGNTGELFF	MGYINVFAF
CATSRAPGQGYEQYF	MGYINVFAF
CASSLAGYDRYF	MGYINVFAF
CASSFGTGGPVDTGELFF	MGYINVFAF
CASSPAGNTIYF	MGYINVFAF
CASSPPAPSSYNSPLHF	MGYINVFAF
CASSPPGGRSYEQYF	MGYINVFAF
CATSRASPGQGYEQYF	MGYINVFAF
CSALSGNTGELFF	MGYINVFAF
CSAYIPERGDQPQHF	MGYINVFAF
CASSVGGSSYNEQFF	MGYINVFAF
CASSLSETQYF	MGYINVFAF
CASPSGNEEKLFF	MGYINVFAF
CASSSTGGVTDTQYF	MGYINVFAF
CASSPRDSSYNEQFF	MGYINVFAF
CASSLTSGGLQETQYF	MGYINVFAF
CASGLGTEAFF	MGYINVFAF
CSVEVGRGHEQYF	MGYINVFAF
CASSSGTDSYEQYF	MGYINVFAF
CSAATSGETYEQYF	MGYINVFAF
CASSLLGWDEQYF	MGYINVFAF
CASSEGAGAPNTEAFF	MGYINVFAF
CASSFAGKLFF	MGYINVFAF
CSAPPTGGTVPYEQYF	MGYINVFAF
CASSPRTGTQYF	MGYINVFAF
CASSQGARGYEQYF	MGYINVFAF
CASSLSREAFF	MGYINVFAF
CASSPDGAGNTIYF	MGYINVFAF
CASSLGALEIEFF	MGYINVFAF
CATSRDGTRSYNEQFF	MGYINVFAF
CSVEDGGGDTQYF	MGYINVFAF
CSAVRDNSYNEQFF	MGYINVFAF
CASSLGQVYTEAFF	MGYINVFAF
CASSLEQGADEQFF	MGYINVFAF
CASSSGTSGYEQYF	MGYINVFAF
CASSVELAGLFNEQFF	MGYINVFAF
CASSLAGTYEQYF	MGYINVFAF
CASSFSGAQYF	MGYINVFAF
CASSEYNRENEQFF	MGYINVFAF
CASARGQPQHF	MGYINVFAF
CASSYRETQYF	MGYINVFAF
CASSLEQTYSPLHF	MGYINVFAF
CASTPGSYGYTF	MGYINVFAF
CASSPTSETQYF	MGYINVFAF
CARLGDTQYF	MGYINVFAF
CASSFPASGRSSTQYF	MGYINVFAF
CASSQDWGSPEAFF	MGYINVFAF
CASNQGSYEQYF	MGYINVFAF
CASSFYQGLETQYF	MGYINVFAF
CATSDGSGSEQYF	MGYINVFAF
CSARDLGQGTYGYTF	MGYINVFAF
CASSASGTYNEQFF	MGYINVFAF
CATSETELSEQYF	MGYINVFAF
CASSPSGNTIYF	MGYINVFAF
CASSPSGGYNEQFF	MGYINVFAF
CASSFLTGELFF	MGYINVFAF
CASSRLRRTGNIYGYTF	MGYINVFAF
CASSSSGPKEGQPQHF	MGYINVFAF
CSATQTGVNYGYTF	MGYINVFAF
CASSLAQTQYF	MGYINVFAF
CASSLSAEAFF	MGYINVFAF
CASSHKRGGEAFF	MGYINVFAF
CASSKGRYTF	MGYINVFAF
CASSLIPGTPSGEQYF	MGYINVFAF
CASSPTGAEAFF	MGYINVFAF
CASTAKWLAGGDEQFF	MGYINVFAF
CASGGETQYF	MGYINVFAF
CASILPGQFYGYTF	MGYINVFAF
CASRLRGGMTPLHF	MGYINVFAF
CASSLSYEQYF	MGYINVFAF
CAKGARAKNIQYF	MGYINVFAF
CSCRDGTYEQYF	MGYINVFAF
CASSLSGPYNEQFF	MGYINVFAF
CSVFSGGGSFEAFF	MGYINVFAF
CASSNIAEQFF	MGYINVFAF
CASSQGGYEQYF	MGYINVFAF
CASSLEAGSTYEQYF	MGYINVFAF
CASRRAAGELFF	MGYINVFAF
CASSQDSGGGAYEQYF	MGYINVFAF
CASSLSGFGDYGYTF	MGYINVFAF
CASSLSYEQYF	MGYINVFAF
CASSLDSYNEQFF	MGYINVFAF
CASSQGAETQYF	MGYINVFAF
CASSRLAGREQYF	MGYINVFAF
CASSLSPNEQFF	MGYINVFAF
CSAIEGLTYEQYF	MGYINVFAF
CASSRGDTQYF	MGYINVFAF
CSALSPGTSGGLTGELFF	MGYINVFAF
CASSEGTGPNTEAFF	MGYINVFAF
CASGTDTQYF	MGYINVFAF
CSVEAGDTEAFF	MGYINVFAF
CASSLAGVLEFF	MGYINVFAF
CASSESRSKNIQYF	MGYINVFAF
CASSVEVGAKQYF	MGYINVFAF
CASSVLLAQAYEQYF	MGYINVFAF
CASSPTGETQYF	MGYINVFAF
CASSLVSGGPEKLFF	MGYINVFAF
CASSSTGRTYEQYF	MGYINVFAF
CASSLVGGGALSYEQYF	MGYINVFAF
CASSFSGVEQYF	MGYINVFAF
CASSMYPGMNTEAFF	MGYINVFAF
CASSLTGFGYTF	MGYINVFAF
CASSLGTGYTF	MGYINVFAF
CASSSGGLNTEAFF	MGYINVFAF
CASSFLAGESYNEQFF	MGYINVFAF
CASSLTGILFF	MGYINVFAF
CASSPGGEAFF	MGYINVFAF
CASTYGDSPLHF	MGYINVFAF
CSARTVNTGELFF	MGYINVFAF
CASSFIVNEKLFF	MGYINVFAF
CSVSGGEQFF	MGYINVFAF
CASLGGRGAFF	MGYINVFAF
CSVELGTGEQYF	MGYINVFAF
CASSFSETQYF	MGYINVFAF
CASSSTGASTDTQYF	MGYINVFAF
CSAPSGGAAETQYF	MGYINVFAF
CASGPAGARGYGYTF	MGYINVFAF
CSAIAEVYNEQFF	MGYINVFAF
CASSASGHEQFF	MGYINVFAF
CASSPTGHEQYF	MGYINVFAF
CSAQTGAYEQYF	MGYINVFAF
CASSFSGELFF	MGYINVFAF
CASSQEAGSYEQYF	MGYINVFAF
CASSPSGGQADFQYF	MGYINVFAF
CASSQAGEKLFF	MGYINVFAF
CSAITGENTEAFF	MGYINVFAF
CSVVPMNTEAFF	MGYINVFAF
CASGSGGYGYTF	MGYINVFAF
CASSLQGPGELFF	MGYINVFAF
CASSYSLGSDNTEAFF	MGYINVFAF
CASSWSFYEQYF	MGYINVFAF
CASSLVGPTEAFF	MGYINVFAF
CSVWTGAGELFF	MGYINVFAF
CASSPRRADNSPLHF	MGYINVFAF
CASSENAGAEAFF	MGYINVFAF
CASSFLSEQYF	MGYINVFAF
CASRTGVEAFF	MGYINVFAF
CASGPTNYGYTF	MGYINVFAF
CASSYSWDPADYGYTF	MGYINVFAF
CASSEWGEQPQHF	MGYINVFAF
CASSPARDSSYEQYF	MGYINVFAF
CASSLTGEKLFF	MGYINVFAF
CASSGDSNEQYF	MGYINVFAF
CASSSPPQYF	MGYINVFAF
CASSSSGETQYF	MGYINVFAF
CAISGQSVSYEQYF	MGYINVFAF
CASSLDLVKLFF	MGYINVFAF
CSVVWQGAKVAGELFF	MGYINVFAF
CSASDRDSRYEQYF	MGYINVFAF
CSAPIGQGFEQYF	MGYINVFAF
CASSFQGNTEAFF	MGYINVFAF
CASTQGGYGYTF	MGYINVFAF
CASSRDYEQYF	MGYINVFAF
CATLTLGEQYF	MGYINVFAF
CASSVTGLAGGSDTQYF	MGYINVFAF
CASSFGTEAFF	MGYINVFAF
CSARGGLDPNNEQFF	MGYINVFAF
CATADRGEQFF	MGYINVFAF
CATLQFF	MGYINVFAF
CASSLSGELFF	MGYINVFAF
CASSPDSLGSYEQYF	MGYINVFAF
CASSLGAAPGHF	MGYINVFAF
CASSFAGETQYF	MGYINVFAF
CSAYTGLAGPLYEQYF	MGYINVFAF
CASSYTGGYTF	MGYINVFAF
CASSLSLAATDTQYF	MGYINVFAF
CASSLMVPGTEAFF	MGYINVFAF
CASSFAGEQYF	MGYINVFAF
CASSFVTGVTDTQYF	MGYINVFAF
CSAVYNEQFF	MGYINVFAF
CSPP	MGYINVFAF
CSVEDGGGYEQYF	MGYINVFAF
CASKTPNTGELFF	MGYINVFAF
CASSEYSGGADEQFF	MGYINVFAF
CASSSSGASTDTQYF	MGYINVFAF
CASSPTGYEQYF	MGYINVFAF
CASSFSGPYQPQHF	MGYINVFAF
CASSGLKETQYF	MGYINVFAF
CASSLTGVYNEQFF	MGYINVFAF
CASSFDGPYGYTF	MGYINVFAF
CASSLEGEKLFF	MGYINVFAF
CASSLLGVEAFF	MGYINVFAF
CASSVDLGQVSYNEQFF	MGYINVFAF
CSALGLASYNEQFF	MGYINVFAF
CASSYPGGYGYTF	MGYINVFAF
CAISESGSIHEQYF	MGYINVFAF
CASNDLGETYEQYF	MGYINVFAF
CASSATGEDYEQYF	MGYINVFAF
CASSTSGETQYF	MGYINVFAF
CASRASGIYEQYF	MGYINVFAF
CSVVIGGYGYTF	MGYINVFAF
CSAPFGLAGGLSTDTQYF	MGYINVFAF
CASSFSGYEQFF	MGYINVFAF
CASSPTGEKLFF	MGYINVFAF
CASSNSGAGEF	MGYINVFAF
CASSPSGETQYF	MGYINVFAF
CASSLTGDTQYF	MGYINVFAF
CASSRGGNEQFF	MGYINVFAF
CASSPGGNTIYF	MGYINVFAF
CATTPGQRTDTQYF	MGYINVFAF
CSVVTGIYEQYF	MGYINVFAF
CASSLPPGGGYEQYF	MGYINVFAF
CASSPDRAPYEQYF	MGYINVFAF
CASSSNEQFF	MGYINVFAF
CAISETGLMNTEAFF	MGYINVFAF
CSAKTGLNEQFF	MGYINVFAF
CATSRAPGQGYEQYF	MGYINVFAF
CSVGIGQGTDTQYF	MGYINVFAF
CASGVVTNQPQHF	MGYINVFAF
CASSFTAEAYEQYF	MGYINVFAF
CASSYAETQYF	MGYINVFAF
CASSFSAEQYF	MGYINVFAF
CASSYGGNNNEQFF	MGYINVFAF
CATLSNTIYF	MGYINVFAF
CASSWNTEAFF	MGYINVFAF
CASSFQGVWADTQYF	MGYINVFAF
CASSPSGEQYF	MGYINVFAF
CASSLASLAELFF	MGYINVFAF
CASSITGAYEQYF	MGYINVFAF
CASSLSEKLFF	MGYINVFAF
CASSPSEAFF	MGYINVFAF
CASSFYGAAAFF	MGYINVFAF
CASSGLAGIIDEQFF	MGYINVFAF
CASSLVGDEQFF	MGYINVFAF
CASSFFSSKKAEAFF	MGYINVFAF
CATAVETGKITDTQYF	MGYINVFAF
CASSQGNNEQFF	MGYINVFAF
CASSLVGEDYEQYF	MGYINVFAF
CATSRSAGAYYEQYF	MGYINVFAF
CASSFRLAGGPQSYEQYF	MGYINVFAF
CASSPQGTGPQHF	MGYINVFAF
CASSFSGTTYEQYF	MGYINVFAF
CASSFIVSGGPLQETQYF	MGYINVFAF
CASSLVGAANYGYTF	MGYINVFAF
CSANGGWGSKYEQYF	MGYINVFAF
CATGWGKFF	MGYINVFAF
CSGTTGDSEQYF	MGYINVFAF
CASSFIANVLTF	MGYINVFAF
CASSLGDTQYF	MGYINVFAF
CATSGGGSYEQYF	MGYINVFAF
CSARDQEDSYNEQFF	MGYINVFAF
CASSLTGARGYTF	MGYINVFAF
CAIASTDTQYF	MGYINVFAF
CASEGHDSSYEQYF	MGYINVFAF
CASGLTEAFF	MGYINVFAF
CASSLQGNTEAFF	MGYINVFAF
CASSLSGNEQFF	MGYINVFAF
CASSFSHTQYF	MGYINVFAF
CASSSVGLDRHF	MGYINVFAF
CASSLGYEQYF	MGYINVFAF
CSADRAGGPYEQYF	MGYINVFAF
CSARAGWQGNYGYTF	MGYINVFAF
CASSELERLYEQYF	MGYINVFAF
CASTPPNEKLFF	MGYINVFAF
CATSLQSEETQYF	MGYINVFAF
CSARETGAPQPEQYF	MGYINVFAF
CASSVGGGTYEQYF	MGYINVFAF
CASSQVGETQYF	MGYINVFAF
CASSRIGEQFF	MGYINVFAF
CASSLPGGTEAFF	MGYINVFAF
CTTDTQYF	MGYINVFAF
CASSQVSEQFF	MGYINVFAF
CASSPTGYEQYF	MGYINVFAF
CASSATGGHEQYF	MGYINVFAF
CATLLGTGELFF	MGYINVFAF
CASSTTGSGDEQYF	MGYINVFAF
CASSEEGGGNMNEQFF	MGYINVFAF
CSVVGQEGTGELFF	MGYINVFAF
CASSISSEQYF	MGYINVFAF
CASSYSYGFYPVPGQGSRDNEQFF	MGYINVFAF
CASSQVGGASHEQYF	MGYINVFAF
CASSQGQGGELFF	MGYINVFAF
CASSPTAETQYF	MGYINVFAF
CASSQGAGINSPLHF	MGYINVFAF
CASSQRKYEQYF	MGYINVFAF
CSVPRRDRGTGELFF	MGYINVFAF
CASSFGRLGNQPQHF	MGYINVFAF
CSAIALTSGPWDEQFF	MGYINVFAF
CASSLGGTHNEQFF	MGYINVFAF
CASSLMGEQYF	MGYINVFAF
CASTGGEGYNEQFF	MGYINVFAF
CASSLRVGGEQFF	MGYINVFAF
CASSPTSYEQYF	MGYINVFAF
CASSLPPFF	MGYINVFAF
CASSYIYEQYF	MGYINVFAF
CASSVADGSNIQYF	MGYINVFAF
CASSLGDEKLFF	MGYINVFAF
CASSSTDTQYF	MGYINVFAF
CASISVGTDYYGYTF	MGYINVFAF
CASFGTSNTGELFF	MGYINVFAF
CASSWTETQYF	MGYINVFAF
CASSAGYNEQFF	MGYINVFAF
CASNWGSGSYEQYF	MGYINVFAF
CSVDRPTSGRGETQYF	MGYINVFAF
CSADDRDGNQPQHF	MGYINVFAF
CASLVFYEQYF	MGYINVFAF
CAISEGQDSYEQYF	MGYINVFAF
CASSVEGLSDWQFF	MGYINVFAF
CASSPDGMGTEAFF	MGYINVFAF
CASSPSGGELFF	MGYINVFAF
CASSKGRQGGFTGELFF	MGYINVFAF
CASSGLGYTF	MGYINVFAF
CSANAAKETQYF	MGYINVFAF
CASALRTGGKLFF	MGYINVFAF
CASSWGAYEQYF	MGYINVFAF
CASSLLRAGQLHYNEQFF	MGYINVFAF
CASSHLGTAPNTGELFF	MGYINVFAF
CASSLTPETYEQYF	MGYINVFAF
CSVQEGTGFEQYF	MGYINVFAF
CATSLTVDGADTQYF	MGYINVFAF
CASSAGNEKLFF	MGYINVFAF
CASSPTGNTIYF	MGYINVFAF
CASSLSYEQYF	MGYINVFAF
CASSEGLHNEQFF	MGYINVFAF
CASSPTGYEQFF	MGYINVFAF
CASSTTPGRKLFF	MGYINVFAF
CATTPSSGGELFF	MGYINVFAF
CASVDVGSSTDTQYF	MGYINVFAF
CASSLDRVYGYTF	MGYINVFAF
CASSVGDEKLFF	MGYINVFAF
CSVETGLNTEAFF	MGYINVFAF
CASSSLLEQFF	MGYINVFAF
CASSQGLALGDTQYF	MGYINVFAF
CASSPEGDSYEQYF	MGYINVFAF
CASSSAGAGTDTQYF	MGYINVFAF
CASSQLDFPLEQYF	MGYINVFAF
CASGYTF	MGYINVFAF
CASSFFGGREQYF	MGYINVFAF
CASSHTGETQYF	MGYINVFAF
CSVETGGGYEQYF	MGYINVFAF
CSVQSGTSGDNQYF	MGYINVFAF
CASSFGRDPDF	MGYINVFAF
CASSPTGDGYTF	MGYINVFAF
CASSQDSGGVGYTF	MGYINVFAF
CASSISGANEQFF	MGYINVFAF
CASSSVWSASYEQYF	MGYINVFAF
CSATQASSEQYF	MGYINVFAF
CASMAGADETQYF	MGYINVFAF
CASSYSETQYF	MGYINVFAF
CATQRGFEQFF	MGYINVFAF
CASQTGYNYGYTF	MGYINVFAF
CASSLGAVAFF	MGYINVFAF
CASSKDLKRRQFF	MGYINVFAF
CASSQVSGDTGELFF	MGYINVFAF
CASSYGQHEQYF	MGYINVFAF
CATRLAGNYEQYF	MGYINVFAF
CASTTSTHEKLFF	MGYINVFAF
CASSSFRGADYEQYF	MGYINVFAF
CASSHEFANTGELFF	MGYINVFAF
CASRQEGTAYEQYF	MGYINVFAF
CATSEGLETQYF	MGYINVFAF
CASSYSSREEGSYEQYF	MGYINVFAF
CSGINGITEAFF	MGYINVFAF
CASSATGYEQYF	MGYINVFAF
CSARESIPLGGTSAYNEQFF	MGYINVFAF
CSAPVKGAANQPQHF	MGYINVFAF
CASSWGGELFF	MGYINVFAF
CASSGAGTGGDSYEQYF	MGYINVFAF
CASSPGGGEQFF	MGYINVFAF
CASSLGGTGTYNEQFF	MGYINVFAF
CASSDWALGTDTQYF	MGYINVFAF
CASSFSYEQYF	MGYINVFAF
CASSPTGNEQFF	MGYINVFAF
CATSREDSAEQYF	MGYINVFAF
CASSLHDF	MGYINVFAF
CASSPTGHTQYF	MGYINVFAF
CASSLVGNEQFF	MGYINVFAF
CSVRRIEGSLNEKLFF	MGYINVFAF
CASSLAPGAGVVFF	MGYINVFAF
CASSSTGEKLFF	MGYINVFAF
CASSPTGETQYF	MGYINVFAF
CASSPTGGTEAFF	MGYINVFAF
CASSTGLTRYEQYF	MGYINVFAF
CASSLADRLGYETQYF	MGYINVFAF
CASSLTGETQYF	MGYINVFAF
CASNRLARWEAVYSNQPQHF	MGYINVFAF
CASSLIDRTATDTQYF	MGYINVFAF
CASSIDPGAMNTEAFF	MGYINVFAF
CASSHEGDTEAFF	MGYINVFAF
CASSPAGNEQFF	MGYINVFAF
CASLGGEGYTF	MGYINVFAF
CSVEDGVTDTQYF	MGYINVFAF
CASSQDFHEQFF	MGYINVFAF
CASSSLAEQYF	MGYINVFAF
CASSLSGPGVGQFF	MGYINVFAF
CSVEIGQGNEQFF	MGYINVFAF
CSVEPGLVPPSGNTIYF	MGYINVFAF
CASTYSGSSYTF	MGYINVFAF
CAISEWQIPNTGELFF	MGYINVFAF
CASSSTGYTIYF	MGYINVFAF
CASSHTIDEDNTEAFF	MGYINVFAF
CSAIITGKSYEQYF	MGYINVFAF
CASSQEYNQPQHF	MGYINVFAF
CASSSSGSSTDTQYF	MGYINVFAF
CASSFLAGPGPYEQYF	MGYINVFAF
CASSFSVGYTF	MGYINVFAF
CASSKERAGGPTYEQYF	MGYINVFAF
CASSPTGNEQYF	MGYINVFAF
CASSLAWDGTYEQYF	MGYINVFAF
CASSSAGAGGENGYTF	MGYINVFAF
CASMLLGLAGSSYEQYF	MGYINVFAF
CASSTELGSYNEQFF	MGYINVFAF
CASSFAGEQYF	MGYINVFAF
CSAQEYNEQFF	MGYINVFAF
CASSPQGYEQYF	MGYINVFAF
CSVEVGSGYEQYF	MGYINVFAF
CASSRSGETQYF	MGYINVFAF
CASSLTGETQYF	MGYINVFAF
CASSYSGEKLFF	MGYINVFAF
CSAGQGLYEQFF	MGYINVFAF
CASSKIGGAYEQYF	MGYINVFAF
CASSDLAGGLNEQFF	MGYINVFAF
CASSPGTSGSVDEQFF	MGYINVFAF
CASSPEGRPEAFF	MGYINVFAF
CAGGYTSTDTQYF	MGYINVFAF
CASSQEVGQPQHF	MGYINVFAF
CASSDPGGGQPQHF	MGYINVFAF
CSARDLGGHGANYGYTF	MGYINVFAF
CASSSGLAGGGETQYF	MGYINVFAF
CASSFDGRGGYTF	MGYINVFAF
CASIQDRSSYNEQFF	MGYINVFAF
CASSYSLIAAPNTGELFF	MGYINVFAF
CASSWGGVSPLHF	MGYINVFAF
CSARVYVEQFF	MGYINVFAF
CASSYSTYHYNEQFF	MGYINVFAF
CASSKGSTGGATNEKLFF	MGYINVFAF
CASSPSGEKLFF	MGYINVFAF
CASSQDYGYEQYF	MGYINVFAF
CASSPTAYYEQYF	MGYINVFAF
CASSLDLSNQPQHF	MGYINVFAF
CASRPKTQGWAYGYTF	MGYINVFAF
CSANRGGETQYF	MGYINVFAF
CSVELGGTGNTIYF	MGYINVFAF
CASSFSHEQFF	MGYINVFAF
CASSYSSPRYTDTQYF	MGYINVFAF
CSVEKGQGHEQYF	MGYINVFAF
CASSFWGYEAFF	MGYINVFAF
CASSAGQFEQYF	MGYINVFAF
CASSFSGEQFF	MGYINVFAF
CASSTTGYEQYF	MGYINVFAF
CASSSTTDLALETQYF	MGYINVFAF
CSALGGEGTGELFF	MGYINVFAF
CSARDLGLGRPVDTQYF	MGYINVFAF
CASSPDYNEQFF	MGYINVFAF
CASSYSPGHSYNEQFF	MGYINVFAF
CASSFATEAFF	MGYINVFAF
CASSFGTEQFF	MGYINVFAF
CASSVEPGGIHNEQFF	MGYINVFAF
CSATVANEQFF	MGYINVFAF
CASSQDPGGTTQYF	MGYINVFAF
CAITASGYEQYF	MGYINVFAF
CASSYGSETQYF	MGYINVFAF
CASSQTGNTIYF	MGYINVFAF
CASSLKGETQYF	MGYINVFAF
CASSSDGFGGYTF	MGYINVFAF
CASSFVGTATF	MGYINVFAF
CASSLSGTSVNEQFF	MGYINVFAF
CASSPTGAEQFF	MGYINVFAF
CASSPLRDEQYF	MGYINVFAF
CASNNGLDLAFF	MGYINVFAF
CATSSGRTDFLGNIQYF	MGYINVFAF
CASSLVGETQYF	MGYINVFAF
CASSEAGETQYF	MGYINVFAF
CSVEDGRRGHEQFF	MGYINVFAF
CASSQELTGELFF	MGYINVFAF
CASSQGADTQYF	MGYINVFAF
CASSAGGIGGTYEQYF	MGYINVFAF
CASSMFIGGNYGYTF	MGYINVFAF
CASSGTSGYYEQYF	MGYINVFAF
CASSLFSGQSYEQYF	MGYINVFAF
CASSLSGEGYTF	MGYINVFAF
CASSSSGYEQYF	MGYINVFAF
CASSQPLAGDTGELFF	MGYINVFAF
CASSFAGELFF	MGYINVFAF
CASLERGELFF	MGYINVFAF
CASSQRTGGEAFF	MGYINVFAF
CSATTSGGPYEQYF	MGYINVFAF
CASWEGAEAFF	MGYINVFAF
CASSQGVRAYGYTF	MGYINVFAF
CASSPGTDSYEQYF	MGYINVFAF
CASSYSALVYTF	MGYINVFAF
CASSRGGASTDTQYF	MGYINVFAF
CSAWGGEGTQYF	MGYINVFAF
CASTTQGVNNEQFF	MGYINVFAF
CASSLTGEQYF	MGYINVFAF
CASSYSSTPSYEQYF	MGYINVFAF
CSARWVGGAPNEQFF	MGYINVFAF
RASSSQGTGGGSYNEQFF	MGYINVFAF
CASSLGQGAGAFF	MGYINVFAF
CASSLTRGAIYF	MGYINVFAF
CASSLGTSGFDEQFF	MGYINVFAF
CASSFSGETQYF	MGYINVFAF
CASTGGFSYEQYF	MGYINVFAF
CASSHGTSGFEQYF	MGYINVFAF
CASSLAGYNEQFF	MGYINVFAF
CASSLGQDDYEQYF	MGYINVFAF
CALGAEGGSPLHF	MGYINVFAF
CASSLFGTGMETQYF	MGYINVFAF
CASSKGGPIEAFF	MGYINVFAF
CASSYAGIGYTF	MGYINVFAF
CASSLNGETQYF	MGYINVFAF
CASSPTANTEAFF	MGYINVFAF
CSVKVYNEQFF	MGYINVFAF
CASSLAGVVDVYF	MGYINVFAF
CASSPLTVSYEQYF	MGYINVFAF
CASSYPGGDHTF	MGYINVFAF
CASSFSYEQYF	MGYINVFAF
CASSAAGVEDEQFF	MGYINVFAF
CASSYGGTEQYF	MGYINVFAF
CASSQEQGFSGELFF	MGYINVFAF
CATSRDRAYEQYF	MGYINVFAF
CSAPQPSGHTGRETQYF	MGYINVFAF
CASTFAGELFF	MGYINVFAF
CATSTPFNGNEQFF	MGYINVFAF
CATSRVDEGPQQFF	MGYINVFAF
CSATGILYEQYF	MGYINVFAF
CASSQFRDRGYNEQFF	MGYINVFAF
CASSDVGADTQYF	MGYINVFAF
CASSVDSGSYEQYF	MGYINVFAF
CASSERDLYHEAFF	MGYINVFAF
CASSPRTSGSVVKETQYF	MGYINVFAF
CSVWDKNGYTF	MGYINVFAF
CATSRGSGETQYF	MGYINVFAF
CASSLASETFF	MGYINVFAF
CSVFGWVSKGSYEQYF	MGYINVFAF
CASSFRVEQFF	MGYINVFAF
CASSPYLGGYEQYF	MGYINVFAF
CSAILADTGELFF	MGYINVFAF
CASRRLAGVYNEQFF	MGYINVFAF
CARSFLDVEEQFF	MGYINVFAF
CSARDWVVVQETQYF	MGYINVFAF
CSASGSGSYYEQYF	MGYINVFAF
CSAPGLAVPYEQYF	MGYINVFAF
CSAIGYGYTF	MGYINVFAF
CASSSSPRLSF	MGYINVFAF
CASSQGGAEQYF	MGYINVFAF
CASSFSGEQYF	MGYINVFAF
CASSFSYEQYF	MGYINVFAF
CASSYSGRDYF	MGYINVFAF
CASSLETWETQYF	MGYINVFAF
CASSLVGEKLFF	MGYINVFAF
CASSLPTDTQYF	MGYINVFAF
CASSLTGSEAFF	MGYINVFAF
CSAMGLQGPPNYGYTF	MGYINVFAF
CASSLDGGGWFF	MGYINVFAF
CASSSLSGSYYNEQFF	MGYINVFAF
CASSSGFGEQYF	MGYINVFAF
CAISGLAENNEQFF	MGYINVFAF
CASSVEGLSDTQYF	MGYINVFAF
CASSIQGTGELFF	MGYINVFAF
CASSLKVYEAFF	MGYINVFAF
CSATGTATSYEQYF	MGYINVFAF
CASSLVGGRPYQETQYF	MGYINVFAF
CASRGADSYEQYF	MGYINVFAF
CASSFTGYNEQFF	MGYINVFAF
CASGNEQFF	MGYINVFAF
CASSSTGEKLFF	MGYINVFAF
CSVQTGQGFEQYF	MGYINVFAF
CASSASGNTDTQYF	MGYINVFAF
CSALREGRETQYF	MGYINVFAF
CASMGPGRGAFF	MGYINVFAF
CSVETGNSGNTIYF	MGYINVFAF
CASSPEGRSEQFF	MGYINVFAF
CSAVIGQGLTYEQYF	MGYINVFAF
CASSLSSSPTF	MGYINVFAF
CASSYGGGVNEQFF	MGYINVFAF
CSAPTGETYEQYF	MGYINVFAF
CASSYGAGEQFF	MGYINVFAF
CSVVGGNRNEQFF	MGYINVFAF
CSAQNAPEGSYEQYF	MGYINVFAF
CSARVRVSGNTIYF	MGYINVFAF
CASSPGGQGSYEQYF	MGYINVFAF
RAKHPRDPGTPRWTDTQYF	MGYINVFAF
CASMGGADTQYF	MGYINVFAF
CATQGGNEQFF	MGYINVFAF
CASSEIDEQFF	MGYINVFAF
CASSLSPGYYGYTF	MGYINVFAF
CASSYGPEAFF	MGYINVFAF
CASSEAPAGDSYEQYF	MGYINVFAF
CASSVGDWDIETQYF	MGYINVFAF
CASSWTGSEQFF	MGYINVFAF
CATSDNRQGNEQFF	MGYINVFAF
CASSSWERPTDTQYF	MGYINVFAF
CASSYTEGLSDEQYF	MGYINVFAF
CASSVELAGDLGELFF	MGYINVFAF
CSASFSGQGPPYEQYF	MGYINVFAF
CASSFSGEKLFF	MGYINVFAF
CASSAALSSNQPQHF	MGYINVFAF
CATSSVAAEQFF	MGYINVFAF
CASSYGGVGYTF	MGYINVFAF
CAFTRGTPSNTEAFF	MGYINVFAF
CASSKGPGGWMNTEAFF	MGYINVFAF
CASSRTANYGYTF	MGYINVFAF
CASSFAEKLFF	MGYINVFAF
CASSPGTGVYNEQFF	MGYINVFAF
CASGYVGADTQYF	MGYINVFAF
CASSGDQGEAFF	MGYINVFAF
CASSEGTVPSYEQYF	MGYINVFAF
CASSLAGLSSYEQYF	MGYINVFAF
CAISESGDTQYF	MGYINVFAF
CASSYGGTEAFF	MGYINVFAF
CAISATGSGTEAFF	MGYINVFAF
CASSQQGKWRQYF	MGYINVFAF
CASSLSYEQYF	MGYINVFAF
CASSYNYEQYF	MGYINVFAF
CATSELAGNEQFF	MGYINVFAF
CASSAGGLEAFF	MGYINVFAF
CSTDRVGIEQFF	MGYINVFAF
CASSYSMTGGSAYEQYF	MGYINVFAF
CASSQGPTGGYEQYF	MGYINVFAF
CASSLVGYGYTF	MGYINVFAF
CASSLSGNTIYF	MGYINVFAF
CASSFRTSGFQETQYF	MGYINVFAF
CASSTFAGVYEQYF	MGYINVFAF
CASSLAVGLVNQPQHF	MGYINVFAF
CASSGPNRDRDYEKLFF	MGYINVFAF
CASSLGYNEQFF	MGYINVFAF
CASSGDFTAEQYF	MGYINVFAF
CASSLTGETQYF	MGYINVFAF
CASSFGGGEGHEQYF	MGYINVFAF
CASSLSGTQYF	MGYINVFAF
CASSLTGSPLHF	MGYINVFAF
CASGSGPGYTF	MGYINVFAF
CASSPTGAEQYF	MGYINVFAF
CASSSTGAGTDTQYF	MGYINVFAF
CASSFSGSEQYF	MGYINVFAF
CSAPTSGGSTDTQYF	MGYINVFAF
CASSPTGETQYF	MGYINVFAF
CASSVEGTGSTEAFF	MGYINVFAF
CASSDRGNNEQFF	MGYINVFAF
CSSSGSGPEQFF	MGYINVFAF
CASNPPGGNEQFF	MGYINVFAF
CATSRVGGGPEQYF	MGYINVFAF
CASSPGEQGGYEQYF	MGYINVFAF
CASSQREVYNEQFF	MGYINVFAF
CSVGLGTGFEQYF	MGYINVFAF
CASSFSRVQFF	MGYINVFAF
CASSMVGVSTDTQYF	MGYINVFAF
CASSPTWDAGHTDTQYF	MGYINVFAF
CASSFEGVYEQFF	MGYINVFAF
CATVTGGLETQYF	MGYINVFAF
CASSLSGIYEQYF	MGYINVFAF
CASSRQETQYF	MGYINVFAF
CASSAFQGEDTEAFF	MGYINVFAF
CASNHGAEAFF	MGYINVFAF
CASSTSGETQYF	MGYINVFAF
CASSLAGSQETQYF	MGYINVFAF
CASSPSGMAQHF	MGYINVFAF
CSAPDRDSPKHTDTQYF	MGYINVFAF
CASRPTGPQPQHF	MGYINVFAF
CASSLMGETQYF	MGYINVFAF
CASSPTGNEQYF	MGYINVFAF
CAISAGTTSYEQYF	MGYINVFAF
CSVEVGMGYEQYF	MGYINVFAF
CASSEGLSSYEQYF	MGYINVFAF
CASSMGEPPQFF	MGYINVFAF
CASSFKGTEAFF	MGYINVFAF
CASSPTGYEQYF	MGYINVFAF
CASSMTGGSTDTQYF	MGYINVFAF
CASSYGGGYTF	MGYINVFAF
CATSRGQGYEQYF	MGYINVFAF
CASSYSIGGSLYEQYF	MGYINVFAF
CASSFEGAGGIQYF	MGYINVFAF
CASSGMGTDWEQYF	MGYINVFAF
CASSYSDTQYF	MGYINVFAF
CASGQTGELFF	MGYINVFAF
CASSPHGAGGEYEQYF	MGYINVFAF
CASSFTGYEQYF	MGYINVFAF
CASSVDGGSYEQYF	MGYINVFAF
CSARDVYEQYF	MGYINVFAF
CSATYGYTF	MGYINVFAF
CASSQDWGGIYEQYF	MGYINVFAF
CSARGHTPPLGYGYTF	MGYINVFAF
CASSETGGGGYTF	MGYINVFAF
CASSSVNLNQPQHF	MGYINVFAF
CASSYSPTGTSGAAQYF	MGYINVFAF
CASTYGGPNTEAFF	MGYINVFAF
CASSLTGIPPLHF	MGYINVFAF
CASSVQETQYF	MGYINVFAF
CASSPYLGNTIYF	MGYINVFAF
CSAQTGESSYNSPLHF	MGYINVFAF
CASSPAGDTQYF	MGYINVFAF
CSAREIGGGVEQYF	MGYINVFAF
CAIIAGGQPFTDTQYF	MGYINVFAF
CASSDHPGTNSYEQYF	MGYINVFAF
CASSFSEKLFF	MGYINVFAF
CASGAGADATQYF	MGYINVFAF
CASSQTGYGYTF	MGYINVFAF
CASSLPRSNEKLFF	MGYINVFAF
CASSHVAGGMDTQYF	MGYINVFAF
CASSPHEAFF	MGYINVFAF
CAPEERAGVYEQYF	MGYINVFAF
CASSLHPGGYYEQYF	MGYINVFAF
CASSVSQGERTEAFF	MGYINVFAF
CASSLTGNEQFF	MGYINVFAF
CASSFSYEQYF	MGYINVFAF
CASSSPHELTQYF	MGYINVFAF
CASSHFPPEGYTF	MGYINVFAF
CATTSGGYNEQFF	MGYINVFAF
CASSDLNREPETQYF	MGYINVFAF
CASRGEQLPELFF	MGYINVFAF
CASSEFGGANEKLFF	MGYINVFAF
CATSRTDTQYF	MGYINVFAF
CASSLGGYQPQHF	MGYINVFAF
CSATANTGELFF	MGYINVFAF
CASSLVATQYF	MGYINVFAF
CSAPPGMENYGYTF	MGYINVFAF
CASSPTGLEQYF	MGYINVFAF
CASSLVGQSYEQYF	MGYINVFAF
CASSGGGYTF	MGYINVFAF
CATSSRAGGGYTF	MGYINVFAF
CASSQAGDTQYF	MGYINVFAF
CSATSSRGRGTNEKLFF	MGYINVFAF
CASSYQGDTQYF	MGYINVFAF
CASSLPYTF	MGYINVFAF
CASSGGYEQYF	MGYINVFAF
CATGGAGTNEQYF	MGYINVFAF
CASSFAGYEQFF	MGYINVFAF
CASSFMGLGTTSTDTQYF	MGYINVFAF
CASSYAGETQYF	MGYINVFAF
CSANPQGGRVGETQYF	MGYINVFAF
CSATGLPTYEQYF	MGYINVFAF
CASSQDSWGPYEQYF	MGYINVFAF
CASSHGGFEQFF	MGYINVFAF
CASSIPTSENNEQFF	MGYINVFAF
CASSAQGAGEQFF	MGYINVFAF
CASSYGEGEQFF	MGYINVFAF
CASSYAGTTQYF	MGYINVFAF
CASSFSSVELFF	MGYINVFAF
CASSFLEKLFF	MGYINVFAF
CASSFLGELFF	MGYINVFAF
CSASLPLNSNQPQHF	MGYINVFAF
CASSVSGETQYF	MGYINVFAF
CASSPSGSEAFF	MGYINVFAF
CSVQVDSYEQYF	MGYINVFAF
CATFSGGAYGYTF	MGYINVFAF
CASSPTGNTIYF	MGYINVFAF
CASSPGADTQYF	MGYINVFAF
CSARGEYSNQPQHF	MGYINVFAF
CASSQAGETQYF	MGYINVFAF
CASGLAGPNEQFF	MGYINVFAF
CASSLVGEQFF	MGYINVFAF
CASSFAETQYF	MGYINVFAF
CASTHDWEDTQYF	MGYINVFAF
CASSESEGTAGRADTQYF	MGYINVFAF
CASKEGNTEAFF	MGYINVFAF
CASSFTEAFF	MGYINVFAF
CASSKPPGVKLFF	MGYINVFAF
CASSSSPAPAGYTF	MGYINVFAF
CGSGHTGELFF	MGYINVFAF
CSVYRLAGGRSGELFF	MGYINVFAF
CASSQTGNTIYF	MGYINVFAF
CASSPSGNTIYF	MGYINVFAF
CASSSVGQGLDEQYF	MGYINVFAF
CASSTTGEGYTF	MGYINVFAF
CASSLGGSLHEQYF	MGYINVFAF
CASSFAGTQYF	MGYINVFAF
CASSLFPDVRRAFF	MGYINVFAF
CASWDSANEQFF	MGYINVFAF
CSAESGRAEETQYF	MGYINVFAF
CASSSSGGSTDTQYF	MGYINVFAF
CSAREGGVITEAFF	MGYINVFAF
CSEAGGRSGEQFF	MGYINVFAF
CASSFSYEQYF	MGYINVFAF
CASSLDFRAKNIQYF	MGYINVFAF
CASSPLGAGGYEQYF	MGYINVFAF
CSATRGVGTDTQYF	MGYINVFAF
CASSLAGGMNEQFF	MGYINVFAF
CASSLQGTGELFF	MGYINVFAF
CASSFPTPEQFF	MGYINVFAF
CATGGDIRQETQYF	MGYINVFAF
CASSASRDPPHGSYNEQFF	MGYINVFAF
CASSLSTPYEQYF	MGYINVFAF
CASSWDYQQFF	MGYINVFAF
CASSFLAEQYF	MGYINVFAF
CASGGMGSGHPGELFF	MGYINVFAF
CASSLDGIYGYTF	MGYINVFAF
CASSFLGQINTGELFF	MGYINVFAF
CASSSSSGANVLTF	MGYINVFAF
CSASGTPPQETQYF	MGYINVFAF
CASSFPGDTQYF	MGYINVFAF
CSVEASGGTTGELFF	MGYINVFAF
CASSPQGETLHF	MGYINVFAF
CASSPKGSGELFF	MGYINVFAF
CASSFSSWPFF	MGYINVFAF
CSVWGGDTANYGYTF	MGYINVFAF
CSARETGTGYLEQYF	MGYINVFAF
CASSLAGAEQYF	MGYINVFAF
CASRSGDNEAFF	MGYINVFAF
CASSLQETQYF	MGYINVFAF
CASGGAEQFF	MGYINVFAF
CASSLGETQYF	MGYINVFAF
CASIQTGTSTGEQFF	MGYINVFAF
CASSLQGAHTEAFF	MGYINVFAF
CASSGHFNNEQFF	MGYINVFAF
CASSFAGELFF	MGYINVFAF
CASHSAQGLHEQYF	MGYINVFAF
CASSFPSTF	MGYINVFAF
CSARDDKDYLDEQFF	MGYINVFAF
CASSLSGYGYTF	MGYINVFAF
CASSIYPGGADTQYF	MGYINVFAF
CASSLNHEQYF	MGYINVFAF
CASSFGGFPFF	MGYINVFAF
CSALGTATDTQYF	MGYINVFAF
CASSPNGGIQYF	MGYINVFAF
CASSFVSTQYF	MGYINVFAF
CASSLEGETQYF	MGYINVFAF
CASSLGLDPHF	MGYINVFAF
CSASAGTDLYEQYF	MGYINVFAF
CASSPGGWQTQYF	MGYINVFAF
CASSQGADTQYF	MGYINVFAF
CATSRFFDRDPGTQYF	MGYINVFAF
CAITGSGEKLFF	MGYINVFAF
CASSYGGETQYF	MGYINVFAF
CASSQVDRGPYGYTF	MGYINVFAF
CASSEGGALGHF	MGYINVFAF
CASHSGALLEQYF	MGYINVFAF
CAARAWGGSEKLFF	MGYINVFAF
CASSEGWTGATDTQYF	MGYINVFAF
CASSLSGELFF	MGYINVFAF
CASSLVGGESPLHF	MGYINVFAF
CSASPGVEQYF	MGYINVFAF
CASSLGQPYEQYF	MGYINVFAF
CAAGQGFYEQYF	MGYINVFAF
CASSELSHTEAFF	MGYINVFAF
CASSSRLAGEPTKIF	MGYINVFAF
CASSLGAKQYF	MGYINVFAF
CASSFLAGELFF	MGYINVFAF
CASGSTDTQYF	MGYINVFAF
CASSYEIGTGNTEAFF	MGYINVFAF
CASSLQGNTEAFF	MGYINVFAF
CASSVGLGGTDTQYF	MGYINVFAF
CASGYSGYEQYF	MGYINVFAF
CSVGSANYGYTF	MGYINVFAF
CASSSGGYTEAFF	MGYINVFAF
CASSQAGPRAFF	MGYINVFAF
CASSPLVREGHNEQFF	MGYINVFAF
CATSSQDDSYEQYF	MGYINVFAF
CSADSGRNEQFF	MGYINVFAF
CASSLVAGLQPQHF	MGYINVFAF
CASSVDKAPGSQYF	MGYINVFAF
CASSPTGQLQFF	MGYINVFAF
CASSFSGYNEQFF	MGYINVFAF
CASSPEGPFYEQYF	MGYINVFAF
CASTQGEEQFF	MGYINVFAF
CASSSSGASTDTQYF	MGYINVFAF
CASSFSDTQYF	MGYINVFAF
CASSFSVEQFF	MGYINVFAF
CSAPGTSGRVSDTQYF	MGYINVFAF
CATSRAPGQGYEQYF	MGYINVFAF
