CDR3	AA
CASSPPGQSYEQYF	RFPNITNLCPF
CASNPRGGGANVLTF	RFPNITNLCPF
CASSPVSWSSYEQYF	RFPNITNLCPF
CASSADTLSYNEQFF	RFPNITNLCPF
CASSPTTAYQETQYF	RFPNITNLCPF
CASSSLTGPTEAFF	RFPNITNLCPF
CSVEEGQSEQYF	RFPNITNLCPF
CASSGGLAGAGGETQYF	RFPNITNLCPF
CASSLKEISGFHYNEQFF	RFPNITNLCPF
CASSPPGTSVYNEQFF	RFPNITNLCPF
CSARDIETGVLNGYTF	RFPNITNLCPF
CASSFSGFSQETQYF	RFPNITNLCPF
CASSFLHPGGSVEKLFF	RFPNITNLCPF
CASNAGTSGGNEQFF	RFPNITNLCPF
CSVLGEAHIETQYF	RFPNITNLCPF
CASSIRSSYEQYF	RFPNITNLCPF
CASSRGTATNEKLFF	RFPNITNLCPF
CASSLEWLGVPETQYF	RFPNITNLCPF
CASSFGSSYEQYF	RFPNITNLCPF
CASSPGNEAFF	RFPNITNLCPF
CATSRDLSYEQYF	RFPNITNLCPF
CASSEADSYSPLHF	RFPNITNLCPF
CASSLQVTSYEQYF	RFPNITNLCPF
CASSLEGASSYEQYV	RFPNITNLCPF
CASSLLIPPTGELFF	RFPNITNLCPF
CASSQFQTGGGHYEQYF	RFPNITNLCPF
CASSPTGYEQYF	RFPNITNLCPF
CASSREGTWNTEAFF	RFPNITNLCPF
CASSPPYRVSYNEQFF	RFPNITNLCPF
CASSERGFYEQYF	RFPNITNLCPF
CASSDTGQLYNSPLHF	RFPNITNLCPF
CASSPWTSGGAETQYF	RFPNITNLCPF
CASSPLTEQYF	RFPNITNLCPF
CSVEVSDRNNEKLFF	RFPNITNLCPF
CASSLTGVPSSTDTQYF	RFPNITNLCPF
CASSEYGTDYSNQPQHF	RFPNITNLCPF
CASNFILSGELFF	RFPNITNLCPF
CASSFGGSSYNSPLHF	RFPNITNLCPF
CASSLDGVRTYEQYF	RFPNITNLCPF
CASSFGTLREVYEQYF	RFPNITNLCPF
CASSLLTREPLHF	RFPNITNLCPF
CASSPSVDSIYNEQFF	RFPNITNLCPF
CASSHGGDYGYTF	RFPNITNLCPF
CASSQDTLGYPNYGYTF	RFPNITNLCPF
CASSIDLFGGPGNQPQHF	RFPNITNLCPF
CASSPASGSPYEQYF	RFPNITNLCPF
CASSFRVHRRRAEAFF	RFPNITNLCPF
CASSPGTGGPYEQYF	RFPNITNLCPF
CASTIGGTSYEQYF	RFPNITNLCPF
CATTAAYEQYF	RFPNITNLCPF
CASSPSTGSPYEQYF	RFPNITNLCPF
CASSLLAGGPISTDTQYF	RFPNITNLCPF
CASSDTQVYEQYF	RFPNITNLCPF
CASSLDVSSYNEQFF	RFPNITNLCPF
CASSPSTGAPYEQYF	RFPNITNLCPF
CASSPPTGSPYEQYF	RFPNITNLCPF
CASSPPSGSPYEQYF	RFPNITNLCPF
CASSDVLTSGRNEQFF	RFPNITNLCPF
CASSWGFAGELFF	RFPNITNLCPF
CASSLWGPVYEQYF	RFPNITNLCPF
CASSLEYPRLAGGPVSVQYF	RFPNITNLCPF
CASSPPSGSPYEQYF	RFPNITNLCPF
CASSDGLAPYNEQFF	RFPNITNLCPF
CASSLEAGLNTGELFF	RFPNITNLCPF
CASSLVYPKGIRDRGGVAEAFF	RFPNITNLCPF
CASSPPGESNQPQHF	RFPNITNLCPF
CASSQARQGFPNEQFF	RFPNITNLCPF
CSGSSKPGLGTDTQYF	RFPNITNLCPF
CASSELSDSYEQYF	RFPNITNLCPF
CASSKTTGIDGELFF	RFPNITNLCPF
CASSFRERTYEQYF	RFPNITNLCPF
CASSCPREGYNEQFF	RFPNITNLCPF
CASSSGLAGVNTGELFF	RFPNITNLCPF
CASSRTTISGMGEQYF	RFPNITNLCPF
CASGSYRTGNQPQHF	RFPNITNLCPF
CASSEKGPDEQYF	RFPNITNLCPF
CASSDSEGASSYEQYF	RFPNITNLCPF
CASTLAGDFEQYF	RFPNITNLCPF
CAIRTGTTNEKLFF	RFPNITNLCPF
CASSLAAFGQYNSPLHF	RFPNITNLCPF
CSARDIAGPSIYTQYF	RFPNITNLCPF
CASSRQLAGVEGDTQYF	RFPNITNLCPF
CASSYVGGVVGGELFF	RFPNITNLCPF
CASTLTGYNEQFF	RFPNITNLCPF
CASSIEMFSGPAHYEQYF	RFPNITNLCPF
CASSYPFLAEAFF	RFPNITNLCPF
CASSLDVGSYNEQFF	RFPNITNLCPF
CASSYSGGVLSYEQYF	RFPNITNLCPF
CASSLAGTETQYF	RFPNITNLCPF
CASSPTGPSYEQYF	RFPNITNLCPF
CASKVGSDSNQPQHF	RFPNITNLCPF
CSVEDRRGTYYEQYF	RFPNITNLCPF
CASRSGGWNQPQHF	RFPNITNLCPF
CASSPTIEGYGYTF	RFPNITNLCPF
CASSPTGGYGAFF	RFPNITNLCPF
CASSPGGFYGYTF	RFPNITNLCPF
CASTNLAGGPAGELFF	RFPNITNLCPF
CASSPPTGSPYEQYF	RFPNITNLCPF
CASRPGGGKNIQYF	RFPNITNLCPF
CASSQRRGLEAGGYNEQFF	RFPNITNLCPF
CASSRIDIENTGELFF	RFPNITNLCPF
CASSAQDVDTQYF	RFPNITNLCPF
CASSFRGDVGETQYF	RFPNITNLCPF
CASSQMGNSNQPQHF	RFPNITNLCPF
CASSQGPGTSGNNEQFF	RFPNITNLCPF
CASSETQGYTYEQYF	RFPNITNLCPF
CASIGKPEWETQYF	RFPNITNLCPF
CATRKTGAPYEQYF	RFPNITNLCPF
CASSPTVGSPYEQYF	RFPNITNLCPF
CASSPPSGAPYEQYF	RFPNITNLCPF
CASLRSGNNEQFF	RFPNITNLCPF
CASSLDRSSYNEQFF	RFPNITNLCPF
CASSADTYSYNEQFF	RFPNITNLCPF
CASSYGTSGTTYEQYF	RFPNITNLCPF
CASSPEQGSPYEQYF	RFPNITNLCPF
CASSPPGTGIEQYF	RFPNITNLCPF
CASSPNDFNNEQFF	RFPNITNLCPF
CSVEQGPYEQYF	RFPNITNLCPF
CASSPPSGSPYEQYF	RFPNITNLCPF
CAIQGVSYEQYF	RFPNITNLCPF
CASSLFPGLQYEQYF	RFPNITNLCPF
CASSQYASTDTQYF	RFPNITNLCPF
CASSLEWGWTEAFF	RFPNITNLCPF
CASSLVPDSYEQYF	RFPNITNLCPF
CASSPGTGVAYEQYF	RFPNITNLCPF
CAGKSSYNEQFF	RFPNITNLCPF
CASSKGLAGLNTGELFF	RFPNITNLCPF
CASSHWGTGELFF	RFPNITNLCPF
CASSQVGGTGELFF	RFPNITNLCPF
CASSSHQQGSQETQYF	RFPNITNLCPF
CASSWDSSGGSYNEQFF	RFPNITNLCPF
CASSLATGPDEQYF	RFPNITNLCPF
CASSPGLAGVNTGELFF	RFPNITNLCPF
CASSYDGSSYNEQFF	RFPNITNLCPF
CASSQGVESRGTQYF	RFPNITNLCPF
CATTDWRYEQYF	RFPNITNLCPF
CAGKDGAASSYNSPLHF	RFPNITNLCPF
CATLTSGSTNTGELFF	RFPNITNLCPF
CASSYSGGIYEQYF	RFPNITNLCPF
CASSPHLAYNEQFF	RFPNITNLCPF
CASSDSASPYNEQFF	RFPNITNLCPF
CASSLAGTGLNEQFF	RFPNITNLCPF
CASSLLAGAAIDQETQYF	RFPNITNLCPF
CASTYSVGSYNEQFF	RFPNITNLCPF
CASSPATGAPYEQYF	RFPNITNLCPF
CATSLAGEGNEQFF	RFPNITNLCPF
CSVDGPGRLDMLNTEAFF	RFPNITNLCPF
CASSLLGNSNQPQHF	RFPNITNLCPF
CASSQDLETTYQPQHF	RFPNITNLCPF
CASSPTSGSPYEQYF	RFPNITNLCPF
CASTLDRAGYNEQFF	RFPNITNLCPF
CASSQDPWASGNEQYF	RFPNITNLCPF
CASSEVVGSFYEQYF	RFPNITNLCPF
CASSLAASHYGYTF	RFPNITNLCPF
CASSQEGGRAQETQYF	RFPNITNLCPF
CASSPPTGAPYEQYF	RFPNITNLCPF
CASSESTGWDEQYV	RFPNITNLCPF
CASSPTSGSPHEQYF	RFPNITNLCPF
CASSSDTSSYNEQFF	RFPNITNLCPF
CASSGTGVQYDGYTF	RFPNITNLCPF
CASSRVFSGSYEQYF	RFPNITNLCPF
CASSQGVQGWPYEQYF	RFPNITNLCPF
CASSQSWTGWPPNEQFF	RFPNITNLCPF
CASSQEGQGAVGELFF	RFPNITNLCPF
CASSRTSGTRLGHYNEQFF	RFPNITNLCPF
CASSPGTSGVDNEQFF	RFPNITNLCPF
CASSPTVSSYNEQFF	RFPNITNLCPF
PLVQYF	RFPNITNLCPF
CASSSPEGTSGVSTDTQYF	RFPNITNLCPF
CASSSPSHGNTEAFF	RFPNITNLCPF
CASSLEGTGVYNEQFF	RFPNITNLCPF
CASSPPTGSPYEQYF	RFPNITNLCPF
CASSPGTGSPYEQYF	RFPNITNLCPF
CASSPPSGSPYEQYF	RFPNITNLCPF
CASSQVAGGQETQYF	RFPNITNLCPF
CASEGLRQGAGGTEAFF	RFPNITNLCPF
CASSPSPPGGGSYEQYF	RFPNITNLCPF
CASSESVSSYNEQFF	RFPNITNLCPF
CASGKGQESADTQYF	RFPNITNLCPF
CSARDQALGSYEQYF	RFPNITNLCPF
CAWSGGVRASEQYF	RFPNITNLCPF
CASSDGTGPVNEQFF	RFPNITNLCPF
CASSPTSGSPHEQYF	RFPNITNLCPF
CASSSGLAGSLGYNEQFF	RFPNITNLCPF
CASKDRGFYEQYF	RFPNITNLCPF
CASSPRQGMNTEAFF	RFPNITNLCPF
CASSLTNYGYTF	RFPNITNLCPF
CAITTAESYGYTF	RFPNITNLCPF
CASSLGWVATSGNTIYF	RFPNITNLCPF
CASSVGGLAGDEQFF	RFPNITNLCPF
CASSPPSGTPYEQYF	RFPNITNLCPF
CASSSPSTFEGDTQYF	RFPNITNLCPF
CASSLDASPYNEQFF	RFPNITNLCPF
CASSLLDSNQPQHF	RFPNITNLCPF
CASSADRGNTGELFF	RFPNITNLCPF
CASSPKTGTPYEQYF	RFPNITNLCPF
CASSKTSGEYYNEQFF	RFPNITNLCPF
CASRDARGTQYF	RFPNITNLCPF
CAIRTGTTNEKLFF	RFPNITNLCPF
CASTPGGLTRPQYF	RFPNITNLCPF
CSVEDRTGTYNEQFF	RFPNITNLCPF
CASSHLTSGSPYPIQFF	RFPNITNLCPF
CASSPRTGGDQETQYF	RFPNITNLCPF
CASSLLWGTIGTSGRASYNEQFF	RFPNITNLCPF
CASSSSWGFSNEKLFF	RFPNITNLCPF
CAISGRTDVAGNTIYF	RFPNITNLCPF
CASSFWLASTSKYNEQFF	RFPNITNLCPF
CSATPGTGVGAANEKLFF	RFPNITNLCPF
CSVDGTSYSSYEQYF	RFPNITNLCPF
CASSPREAGAYGYTF	RFPNITNLCPF
CASSPTSGSPYEQYF	RFPNITNLCPF
CASSPGLAGVETGELFF	RFPNITNLCPF
CASSPPTGSPYEQYF	RFPNITNLCPF
CAISVSGAGEETQYF	RFPNITNLCPF
CASSLRSLAGPNEKLFF	RFPNITNLCPF
CASSPFRELLYEQYF	RFPNITNLCPF
CASSLGGEATPGNPEAFF	RFPNITNLCPF
CASSFKLGLKDNEQFF	RFPNITNLCPF
CASSRGWDRGIYNEQFF	RFPNITNLCPF
CASRAGTAASDNEQFF	RFPNITNLCPF
CASSHTGLAGYPGGELFF	RFPNITNLCPF
CASSPPSGTPYEQYF	RFPNITNLCPF
CASSYGTGDHGYTF	RFPNITNLCPF
CASSNGRQGWGHEQYF	RFPNITNLCPF
CASSPPSGTPYEQYF	RFPNITNLCPF
CASTPLAASYEQYF	RFPNITNLCPF
CASSQGQGGYEQYF	RFPNITNLCPF
CASSELIEGYEQYF	RFPNITNLCPF
CASSQEGETQYF	RFPNITNLCPF
CASSQDRPRQAGQNEQFF	RFPNITNLCPF
CASSLTSGSVGTDTQYF	RFPNITNLCPF
CASSPATGSPYEQYF	RFPNITNLCPF
CASSPGTGSYNEQFF	RFPNITNLCPF
CASSDRDNRGRDTEAFF	RFPNITNLCPF
CASSPVSGSPYEQYF	RFPNITNLCPF
CASSAPGLASSNEQFF	RFPNITNLCPF
CASSPARSYEQYF	RFPNITNLCPF
CASSLYLNYGYTF	RFPNITNLCPF
CASSPGTANTEAFF	RFPNITNLCPF
CASSLTYEQYF	RFPNITNLCPF
CASSPATASPYEQYF	RFPNITNLCPF
CASSPPPGEVDGYTF	RFPNITNLCPF
CAIRDDYEQYF	RFPNITNLCPF
CASSPGQSYEQYF	RFPNITNLCPF
CASSEVTSTEAFF	RFPNITNLCPF
CASSPPTGSPYEQYF	RFPNITNLCPF
CASMKTGGGLNEQFF	RFPNITNLCPF
CASSPPSGSPYEQYF	RFPNITNLCPF
CASSQETDSNQPQHF	RFPNITNLCPF
CASYPTGTGFFGYYGYTF	RFPNITNLCPF
CSAVGPGELFF	RFPNITNLCPF
CASKPLDTAELKAFF	RFPNITNLCPF
CSVETSFKEFF	RFPNITNLCPF
CASSETVVGEKLFF	RFPNITNLCPF
CASSPAYRVSYNEQFF	RFPNITNLCPF
CSARDRARGYEQYF	RFPNITNLCPF
CASSLLGPSYEQYF	RFPNITNLCPF
CASSLGGGGQDTQYF	RFPNITNLCPF
CATSDPGQGSYEQYF	RFPNITNLCPF
CASSSAAGSSYEQYF	RFPNITNLCPF
CASTRTGEIYEQYF	RFPNITNLCPF
CSARDGTSAKSYEQYF	RFPNITNLCPF
CASSFSGESSYNSPLHF	RFPNITNLCPF
CASSLAGGPNQPQHF	RFPNITNLCPF
CASSLRSTSGRASDTQYF	RFPNITNLCPF
CASSLALPGQGHSPLHF	RFPNITNLCPF
CASRDGGTEAFF	RFPNITNLCPF
CASSPGTGSPYEQYF	RFPNITNLCPF
CSAERGGDTQYF	RFPNITNLCPF
CSVNGVSGGSSYNEQFF	RFPNITNLCPF
CASQRTSASSYNEQFF	RFPNITNLCPF
CASSLVANTEAFF	RFPNITNLCPF
CASSLLGSRSSEAFF	RFPNITNLCPF
CASSPRTGSPNEQYF	RFPNITNLCPF
CASSYETGSSGANVLTF	RFPNITNLCPF
CASSIGTVKGQNTEAFF	RFPNITNLCPF
CASSLLLGYTGELFF	RFPNITNLCPF
CASSPFRTGAFTDTQYF	RFPNITNLCPF
CASTTDRGAYNEQFF	RFPNITNLCPF
CASSTWTDNQETQYF	RFPNITNLCPF
CASSMGQGWPNQPQHF	RFPNITNLCPF
CASSFSYEQYF	RFPNITNLCPF
CASSTGQSSYNEQFF	RFPNITNLCPF
CASSHRQGAYTGELFF	RFPNITNLCPF
CASSPTSGSPHEQYF	RFPNITNLCPF
CAISERAGGATNEKLFF	RFPNITNLCPF
CASSSANNNEQFF	RFPNITNLCPF
CASSPLSGELFF	RFPNITNLCPF
CASTSIEAGMSEQFF	RFPNITNLCPF
CASSGGPYEQYF	RFPNITNLCPF
CATDEGSYEQYF	RFPNITNLCPF
CASSGLADSYEQYF	RFPNITNLCPF
CASSSDRGMTNTEAFF	RFPNITNLCPF
CASSSPSSTYEQYF	RFPNITNLCPF
CASSPATGSPYEQYF	RFPNITNLCPF
CASSHGGGYGNQPQHF	RFPNITNLCPF
CASSLANTGVIGGETQYF	RFPNITNLCPF
CASSLSGESQETQYF	RFPNITNLCPF
CASSLPAGDPYEQYF	RFPNITNLCPF
CASSPQTGLSTGELFF	RFPNITNLCPF
CASSLSFEGEAQHF	RFPNITNLCPF
CASRYTGPGAGELFF	RFPNITNLCPF
CASSPPTGSPYEQYF	RFPNITNLCPF
CASSLASVTYNEQFF	RFPNITNLCPF
CASSRLAGVVADTQYF	RFPNITNLCPF
CASSFRTLGGAETGELFF	RFPNITNLCPF
CASSPVYATQYF	RFPNITNLCPF
CASSLTGKFNEKLFF	RFPNITNLCPF
CATSGPGQGVYEQYF	RFPNITNLCPF
CASRSTDTQYF	RFPNITNLCPF
CATSDLKGQNTEAFF	RFPNITNLCPF
CSAYRGSYNEQFF	RFPNITNLCPF
CASSLSLQLEPLHF	RFPNITNLCPF
CASGLDRGSYNEQFF	RFPNITNLCPF
CASSYSGDQPQHF	RFPNITNLCPF
CASSLALLGSSGNTIYF	RFPNITNLCPF
CASSPGTIPYNEQFF	RFPNITNLCPF
CASSLVGQAPTALFF	RFPNITNLCPF
