CDR3	AA
CASSLPQGAGPPDTQYF	YIIKLIFLWL
CSASAGLAGDIQYF	YIIKLIFLWL
CASTGAYEQYF	YIIKLIFLWL
CASSFIGTGLVDEQFF	YIIKLIFLWL
CASSLGQEQFF	YIIKLIFLWL
CATSDSRSSYNEQFF	YIIKLIFLWL
CASTLASNYGYTF	YIIKLIFLWL
CASSQDGIGGFSYEQYF	YIIKLIFLWL
CASSLGGTGELFF	YIIKLIFLWL
CASSQDLGTYSYEQYF	YIIKLIFLWL
CASSQVEGQGLVNTEAFF	YIIKLIFLWL
CASSLIGGWVAEAFF	YIIKLIFLWL
CASSQDSPETFF	YIIKLIFLWL
CATSGLESAKETQYF	YIIKLIFLWL
CASTAGTGAGYTF	YIIKLIFLWL
CASSQESDSGGALIWGTDTQYF	YIIKLIFLWL
CASSSGRSSSYEQYF	YIIKLIFLWL
CASSLGTTGGLTDTQYF	YIIKLIFLWL
CASIGGAAGSYEQYF	YIIKLIFLWL
CSVERLDRAMAGELFF	YIIKLIFLWL
CATSRERVNPATQYF	YIIKLIFLWL
CASSESGQDNYGYTF	YIIKLIFLWL
CSATGTDSIDGNQPQHF	YIIKLIFLWL
CASSLDKRGGGSPLHF	YIIKLIFLWL
CASSQEGDSYNTEAFF	YIIKLIFLWL
CASSYGGGPLDEQFF	YIIKLIFLWL
CASSPASLAKNIQYF	YIIKLIFLWL
CASSELGSTDTQYF	YIIKLIFLWL
CAIRGLADYEQYF	YIIKLIFLWL
CASSSGLAGTYEQYF	YIIKLIFLWL
CASSLERGGPQETQYF	YIIKLIFLWL
CASSQDRDRNF	YIIKLIFLWL
CASSQDWGYEQYF	YIIKLIFLWL
CSAPGQTINQETQYF	YIIKLIFLWL
CASSQDLPLEGALRSTEAFF	YIIKLIFLWL
CSARDGQSMAEAFF	YIIKLIFLWL
CASSSPRGAVGNEQFF	YIIKLIFLWL
CSVAGQGIGLLEQYF	YIIKLIFLWL
CASSPPYGDPGYTF	YIIKLIFLWL
CATSRDRTEKLFF	YIIKLIFLWL
CASSLAVGADTQYF	YIIKLIFLWL
CASSPSVGEKLFF	YIIKLIFLWL
CSVESRNPEAFF	YIIKLIFLWL
CSVVVLAGVQKLETQYF	YIIKLIFLWL
CASSLAGGTYNEQFF	YIIKLIFLWL
CASSFGRGITNTGELFF	YIIKLIFLWL
CASSQDGTLNEQFF	YIIKLIFLWL
CASSVYLAGGPGTGELFF	YIIKLIFLWL
CASSLAGGDEQYF	YIIKLIFLWL
CASRLFGTGGEKLFF	YIIKLIFLWL
CASSWSTLAEQFF	YIIKLIFLWL
CASLSYNEQFF	YIIKLIFLWL
CASTLGEGEQFF	YIIKLIFLWL
CASSPGGELFF	YIIKLIFLWL
CASSLMGEGGNEQFF	YIIKLIFLWL
CASSLAAGTGNQPQHF	YIIKLIFLWL
CASSPMVSSYNEQFF	YIIKLIFLWL
CASSYPGTSGGPSYNEQFF	YIIKLIFLWL
CASSWGLAGDYNEQFF	YIIKLIFLWL
CASSLGAIPGPADTQYF	YIIKLIFLWL
CASSQGSGTGGREAFF	YIIKLIFLWL
CAWRKGLAGGETYNEQFF	YIIKLIFLWL
CAIRDQEGYETQYF	YIIKLIFLWL
CASSGIDLQETQYF	YIIKLIFLWL
CSAGQGQETQYF	YIIKLIFLWL
CASSLEGAGNTEAFF	YIIKLIFLWL
CSAPPPTVTQETQYF	YIIKLIFLWL
CASSSADRIGQPQHF	YIIKLIFLWL
CASSPQWDPDSYEQYF	YIIKLIFLWL
CATTIDDGNYGYTF	YIIKLIFLWL
CASSPFPGLAGGLGNEQFF	YIIKLIFLWL
CSVTTLTENTGELFF	YIIKLIFLWL
CASSQDRSAGGQFF	YIIKLIFLWL
CSVERLWGYTF	YIIKLIFLWL
CASSFGQGLPGELFF	YIIKLIFLWL
CASSESVERLSYEQYF	YIIKLIFLWL
CASESHREDTIYF	YIIKLIFLWL
CASLLRAPWSTDTQYF	YIIKLIFLWL
CASSSGASGSYEQYF	YIIKLIFLWL
CATSEPDRRVGTQYF	YIIKLIFLWL
CASSQDLLSNPNEQFF	YIIKLIFLWL
CSARVPSYNEQFF	YIIKLIFLWL
CASSLMVRRDGNQPQHF	YIIKLIFLWL
CATSRDRVTGELFF	YIIKLIFLWL
CASSKVIRNIDTQYF	YIIKLIFLWL
CASSSIAGYQETQYF	YIIKLIFLWL
CASSPLGQLATNEKLFF	YIIKLIFLWL
CATSKKRAQETQYF	YIIKLIFLWL
CASSQDLLVFEGALNTEAFF	YIIKLIFLWL
CSAGTGDHYEQYF	YIIKLIFLWL
CASYGLGTANTGELFF	YIIKLIFLWL
CASTKDGLAETQYF	YIIKLIFLWL
CASSHATSGDYEQYF	YIIKLIFLWL
CASSLVGVGHTDTQYF	YIIKLIFLWL
CASSPPTSGTLYEQFF	YIIKLIFLWL
CASSLGPQDPHHEQYF	YIIKLIFLWL
CASSLAPGLSVSSYNEQFF	YIIKLIFLWL
CASSYAGLSEAFF	YIIKLIFLWL
CASSFETGTRYEQYF	YIIKLIFLWL
CASSPSGSEQFF	YIIKLIFLWL
CASSPGQDGSPLHF	YIIKLIFLWL
CAWRAGPYNEQFF	YIIKLIFLWL
CASSDHGLEGTQYF	YIIKLIFLWL
CASSVEWGETEAFF	YIIKLIFLWL
CASSLAGPDRDGQYF	YIIKLIFLWL
CASSYGGSGYGYTF	YIIKLIFLWL
CASGAGTGATNEKLFF	YIIKLIFLWL
CASSPEAWEGETQYF	YIIKLIFLWL
CASSPSLAGVYEQYF	YIIKLIFLWL
CASSILVNEQFF	YIIKLIFLWL
CASSYGETQYF	YIIKLIFLWL
CASTTGTGLHQETQYF	YIIKLIFLWL
CSVHDGETQYF	YIIKLIFLWL
CASSLANLAGGFNEQFF	YIIKLIFLWL
CATLGGPLDGYTF	YIIKLIFLWL
CSAREPTSNEQFF	YIIKLIFLWL
CASTRGEAGANVLTF	YIIKLIFLWL
CASSSTGTGVYEQYF	YIIKLIFLWL
CASSLEGTDYSYEQYF	YIIKLIFLWL
CASSQLNTGELFF	YIIKLIFLWL
CASSQLATEAFF	YIIKLIFLWL
CASSTPGGSSTDTQYF	YIIKLIFLWL
CASSFSRTSGDQETQYF	YIIKLIFLWL
CAWSHNEQFF	YIIKLIFLWL
CASSPQGATAYNSPLHF	YIIKLIFLWL
CSAGTEHEQSYAEAFF	YIIKLIFLWL
CASSFPGGGHTEAFF	YIIKLIFLWL
CASSFGDWSSYEQYF	YIIKLIFLWL
CASSSGTGFYEQYF	YIIKLIFLWL
CASSGLIQSGRATDTQYF	YIIKLIFLWL
CASSLAGFGLNTEAFF	YIIKLIFLWL
CSARSYEQYF	YIIKLIFLWL
CASQGNSLVLHF	YIIKLIFLWL
CASSYERGPTYNEQFF	YIIKLIFLWL
CASSQVVSGGSYNEQFF	YIIKLIFLWL
CASSLAQLAGAYNEQFF	YIIKLIFLWL
CASTLMGGAGDTQYF	YIIKLIFLWL
CSAGPYEQYF	YIIKLIFLWL
CASSLGTGGDEQFF	YIIKLIFLWL
CASSFSAANEQFF	YIIKLIFLWL
CASKFGLGAYEQYF	YIIKLIFLWL
CASNGGPVDEQYF	YIIKLIFLWL
CANGPGLAFNEQFF	YIIKLIFLWL
CSARVPTHNEQFF	YIIKLIFLWL
CASSLVYEQYF	YIIKLIFLWL
CASSLYDYGYTF	YIIKLIFLWL
CSVAGNEQFF	YIIKLIFLWL
CATSRDRAQPQHF	YIIKLIFLWL
CASSLGGANTDTQYF	YIIKLIFLWL
CASSQTEEGPSTDTQYF	YIIKLIFLWL
CASSLGAGTGTTYEQYF	YIIKLIFLWL
CASSLAGTSPYNEQFF	YIIKLIFLWL
CASSSYTEAFF	YIIKLIFLWL
CASSEAFTYEQYF	YIIKLIFLWL
CSARLATYNEQFF	YIIKLIFLWL
CASSNPGWAAGGPVIGTEAFF	YIIKLIFLWL
CASSPDRGTQYF	YIIKLIFLWL
CASSPQPYTGELFF	YIIKLIFLWL
CASSFSGNWNEQFF	YIIKLIFLWL
CASSQAAYSSGAANEKLFF	YIIKLIFLWL
CASSYTGPNPQETQYF	YIIKLIFLWL
CASKLADGDNEQFF	YIIKLIFLWL
CASSSPSTGGFHEQYF	YIIKLIFLWL
CATSRERAGGNNEQFF	YIIKLIFLWL
CSVDSDRGNYGYTF	YIIKLIFLWL
CATSRDRAVQTKNIQYF	YIIKLIFLWL
CASSPGLAGLSSYNEQFF	YIIKLIFLWL
CASSSPRQGVYEQYF	YIIKLIFLWL
CASSLGQGKHEQYF	YIIKLIFLWL
CASSSGAGGSYEQYF	YIIKLIFLWL
CASDNSGSYNEQFF	YIIKLIFLWL
CASSLAGGDEQYF	YIIKLIFLWL
CASSATAGFNQPQHF	YIIKLIFLWL
CATTQSRVGSGQETQYF	YIIKLIFLWL
CSASAVEGLAGETQYF	YIIKLIFLWL
CASSTGDRGLYEAFF	YIIKLIFLWL
CASSQDPPGGVIHYEQYF	YIIKLIFLWL
CASSFGLGGAGNEQFF	YIIKLIFLWL
CASRAFSIYTEAFF	YIIKLIFLWL
CSASTGYYNEQFF	YIIKLIFLWL
CASSPRDRPVYEQYF	YIIKLIFLWL
CASSPEGDSLIGGELFF	YIIKLIFLWL
CASSSQLLALTHEQYF	YIIKLIFLWL
CASSEWVSTDTEAFF	YIIKLIFLWL
CASSYLGDYTEAFF	YIIKLIFLWL
CASSLTGQGYNEQFF	YIIKLIFLWL
CASSQDPSSGNTIYF	YIIKLIFLWL
CASSTGDRGSYEQYF	YIIKLIFLWL
CASHLGSSHNEQFF	YIIKLIFLWL
CATSPGGRVGDLYTDTQYF	YIIKLIFLWL
CASSEDSYTEAFF	YIIKLIFLWL
CASSQLGDRDTDTQYF	YIIKLIFLWL
CASSQGGVGDLYTGELFF	YIIKLIFLWL
CASSQGQGETQYF	YIIKLIFLWL
CASSLPPWSSYNSPLHF	YIIKLIFLWL
CASSPSPDHEQYF	YIIKLIFLWL
CATRGADSGNTIYF	YIIKLIFLWL
CAATDTGELFF	YIIKLIFLWL
CASSLITGTENTEAFF	YIIKLIFLWL
CSARLPTYNEQFF	YIIKLIFLWL
CSVALDPGETQYF	YIIKLIFLWL
CASSFSLPGTNSPLHF	YIIKLIFLWL
CASSQASYRDRSTDTQYF	YIIKLIFLWL
CASIPGPTDTQYF	YIIKLIFLWL
CSVRVPSYNEQFF	YIIKLIFLWL
CATITGSRGIYEQFF	YIIKLIFLWL
CASSTGGTGTYEQYF	YIIKLIFLWL
CASSQTSGSLDTQYF	YIIKLIFLWL
CASSEGPSDTQYF	YIIKLIFLWL
CASSTQQDRESSYEQYF	YIIKLIFLWL
CASSSVTEAFF	YIIKLIFLWL
CASTLVGTDYNSPLHF	YIIKLIFLWL
CASSYGQPQHF	YIIKLIFLWL
CASSATGSTDTQYF	YIIKLIFLWL
CASSPLGILGETQYF	YIIKLIFLWL
CASSLEDEQYF	YIIKLIFLWL
CSVVFAGAPEAFF	YIIKLIFLWL
CASSLPIVGLAGSRTDTQYF	YIIKLIFLWL
CASSLGQGSEQYF	YIIKLIFLWL
CATSDLRGAVNTGELFF	YIIKLIFLWL
CATVAEKAFF	YIIKLIFLWL
CASSLGSSGTYNEQFF	YIIKLIFLWL
CVAWASTEAFF	YIIKLIFLWL
CASSQEGWASVSSGYTF	YIIKLIFLWL
CSVEVARGGYNEQFF	YIIKLIFLWL
CASSLPDSPHSNQPQHF	YIIKLIFLWL
CASSLRQAEYENYGYTF	YIIKLIFLWL
CATSSVRTGDQPQHF	YIIKLIFLWL
CASSPNTLGTF	YIIKLIFLWL
CASSLAKLAGQDEQYF	YIIKLIFLWL
CSATSGWEDEQFF	YIIKLIFLWL
CASSLAAGTGDQPQHF	YIIKLIFLWL
CSGFLTGVGYGYTF	YIIKLIFLWL
CASSLASSYEQYF	YIIKLIFLWL
CASSLAGDTQYF	YIIKLIFLWL
CASSEPDRQFNYGYTF	YIIKLIFLWL
CSARDRGTREDEQFF	YIIKLIFLWL
CASSEPSGIYGYTF	YIIKLIFLWL
CASSQDADTQYF	YIIKLIFLWL
CASSPVLSYNEQFF	YIIKLIFLWL
CASSLGTGGNTEAFF	YIIKLIFLWL
CASSGNMNTEAFF	YIIKLIFLWL
CASRTLEAGGLYEQFF	YIIKLIFLWL
CATSGGEAQINEQFF	YIIKLIFLWL
CASTDSSGANVLTF	YIIKLIFLWL
CASSLWGLAGGDTQYF	YIIKLIFLWL
CASSRVVGKATNEKLFF	YIIKLIFLWL
CASSSPGTGVVEQYF	YIIKLIFLWL
CASSFPSYEQYF	YIIKLIFLWL
CATSRERARDTQYF	YIIKLIFLWL
CASSYDGYVSAEAFF	YIIKLIFLWL
CASSLTGASTDTQYF	YIIKLIFLWL
CASSQPTSGEYEQYF	YIIKLIFLWL
CASSIPPAGGNDEQFF	YIIKLIFLWL
CASSQDFGNTEAFF	YIIKLIFLWL
CASSLAGTSSYNEQFF	YIIKLIFLWL
CASSLTGTGPTNEKLFF	YIIKLIFLWL
CASSQDLQVGAAVGFDTQYF	YIIKLIFLWL
CASSLAGTGGSQPQHF	YIIKLIFLWL
CASSPMEASQTDTQYF	YIIKLIFLWL
CSAVEGTEAFF	YIIKLIFLWL
CASSTGSSGSYEQYF	YIIKLIFLWL
CASSITGGLSTDTQYF	YIIKLIFLWL
CASSLGTGGGEQYF	YIIKLIFLWL
CASSPGGAGPFQETQYF	YIIKLIFLWL
CASSQDPTTGNTIYF	YIIKLIFLWL
CASVGVAAFF	YIIKLIFLWL
CSAGGALGIYEQYF	YIIKLIFLWL
CATTGTGYNEQFF	YIIKLIFLWL
CASSPQTGLDTEAFF	YIIKLIFLWL
CASSQDGSDTQYF	YIIKLIFLWL
CSAPQGYEQFF	YIIKLIFLWL
CASSSPVGSSGNTDTQYF	YIIKLIFLWL
CATSDFGDTQYF	YIIKLIFLWL
CASSQPGTENTEAFF	YIIKLIFLWL
CASGPYSNQPQHF	YIIKLIFLWL
CASSTIRTTYYEQYF	YIIKLIFLWL
CASSQDRGSGGSSYNEQFF	YIIKLIFLWL
CASSVLVTSGGMNEQFF	YIIKLIFLWL
CASSTGQAGSYEQYF	YIIKLIFLWL
CSASSAGIESTDTQYF	YIIKLIFLWL
CASSPAGTLGTGELFF	YIIKLIFLWL
CASGASGELFF	YIIKLIFLWL
CSAQDRGLDQPQHF	YIIKLIFLWL
CTSSQEASGRSTNIQYF	YIIKLIFLWL
CASSYQETQYF	YIIKLIFLWL
CASRSSMLVGGYEQYF	YIIKLIFLWL
CATSRVVTLNTEAFF	YIIKLIFLWL
CASSQAVAGVGETQYF	YIIKLIFLWL
CASSEVGEQYF	YIIKLIFLWL
CSADGTSVYEQFF	YIIKLIFLWL
CASSRDLGGNTIYF	YIIKLIFLWL
CASTPKGAGPSYNEQFF	YIIKLIFLWL
CASSSGMGIDSPLHF	YIIKLIFLWL
CASSLGTGSNEQFF	YIIKLIFLWL
CSVEAEDRIDNYGYTF	YIIKLIFLWL
CASSQDTSSTDTQYF	YIIKLIFLWL
CASSLGGAITGELFF	YIIKLIFLWL
CASSTGLAGIDEQFF	YIIKLIFLWL
CASSTGTSGTYEQYF	YIIKLIFLWL
CASSLGSGSTDTQYF	YIIKLIFLWL
CASSSFGTAVDTYEQYF	YIIKLIFLWL
CASSQLDTNTGELFF	YIIKLIFLWL
CASSQEPGLAGGNEQFF	YIIKLIFLWL
CSASLGAPEAFF	YIIKLIFLWL
CASSRTSPSSYEQYF	YIIKLIFLWL
CASSYGDTYNEQFF	YIIKLIFLWL
CATSRDRAGGFPSTDTQYF	YIIKLIFLWL
CASSQPGSSSNEQFF	YIIKLIFLWL
CASSRQGGIEPQHF	YIIKLIFLWL
CASNEQASNQPQHF	YIIKLIFLWL
CASSTGLAGIYEQYF	YIIKLIFLWL
CATSDRQGVYNEQFF	YIIKLIFLWL
CASSEASGGFADTQYF	YIIKLIFLWL
CASSLDVDTQYF	YIIKLIFLWL
CASSSSGFTEAFF	YIIKLIFLWL
CASSSIPGVEGYTF	YIIKLIFLWL
CASSSGSDGTYEQYF	YIIKLIFLWL
CSARVPTTNEQFF	YIIKLIFLWL
CASSQGIGLAGGQTDTQYF	YIIKLIFLWL
CASSQDGVGDLSYEQYF	YIIKLIFLWL
CSAFFTGELFF	YIIKLIFLWL
CATSERTSSYNEQFF	YIIKLIFLWL
CASSQETGTTPYKSEAFF	YIIKLIFLWL
CAWSALRDRADEQYF	YIIKLIFLWL
CSAREASSYNEQFF	YIIKLIFLWL
CASSQESGFSYNEQFF	YIIKLIFLWL
CASSPPTQPQHF	YIIKLIFLWL
CASSFPQGAQETQYF	YIIKLIFLWL
CASSSGQGGSKNTEAFF	YIIKLIFLWL
CSAVTGTSGAYEQYF	YIIKLIFLWL
CASSAWDINYGYTF	YIIKLIFLWL
CASNTEAFF	YIIKLIFLWL
CASSLGGNEQFF	YIIKLIFLWL
CASRGLAEETQYF	YIIKLIFLWL
CASSERYEQYF	YIIKLIFLWL
CASSQLSGGVYNEQFF	YIIKLIFLWL
CASSEEPGWGANTEAFF	YIIKLIFLWL
CSVVRDREFF	YIIKLIFLWL
