CDR3	AA
CASSLMTGNEQFF	FPQSAPHGV
CSVEEWHEVSYEQYF	FPQSAPHGV
CASSLEAPLYYNTGELFF	FPQSAPHGV
CASSFGDPGGSSYEQYF	FPQSAPHGV
CASSLDPDYEQYF	FPQSAPHGV
CASSEATGYNEQFF	FPQSAPHGV
CASSLGLAAEQFF	FPQSAPHGV
CASSSVFAGGEQYF	FPQSAPHGV
CASSHGETDTGELFF	FPQSAPHGV
CASSLSGGTSSYNEQFF	FPQSAPHGV
CASSLGTGSTEAFF	FPQSAPHGV
CASSADSNTEAFF	FPQSAPHGV
CSASDGGEIYNEQFF	FPQSAPHGV
CASSLGGGYGYTF	FPQSAPHGV
CASSSTYSLGHEQYF	FPQSAPHGV
CASSYFGTGYEQYF	FPQSAPHGV
CATSRDRGGSYEQYF	FPQSAPHGV
CASSYSTFTDTQYF	FPQSAPHGV
CASSHRLAGGTLFYEQYF	FPQSAPHGV
CASSHSSSYEQYV	FPQSAPHGV
CASSYADRDYGYTF	FPQSAPHGV
CASSFLPGFGDEKLFF	FPQSAPHGV
CASSQDSRGGTDTQYF	FPQSAPHGV
CASSNEGLSGYTF	FPQSAPHGV
CASSFGQGLTYEQYF	FPQSAPHGV
CASSTAVYEQYF	FPQSAPHGV
CSDDGGGSYGYTF	FPQSAPHGV
CASNTGGNTEAFF	FPQSAPHGV
CASSSLVETGYEQYF	FPQSAPHGV
CASSQGGVNTEAFF	FPQSAPHGV
CASSVEASEDEQFF	FPQSAPHGV
CASSLGGAAVDTGELFF	FPQSAPHGV
CSVEDGTGFYEQYF	FPQSAPHGV
CATSDLPPYNEQFF	FPQSAPHGV
CSAISENGGGYTF	FPQSAPHGV
CASSHSDRDYEQYF	FPQSAPHGV
CASSWTSGGAYEQYF	FPQSAPHGV
CASSPGLAFSGELFF	FPQSAPHGV
CASSQTGGGYGYTF	FPQSAPHGV
CASSSGWNTGELFF	FPQSAPHGV
CASSQWGGSGTDTQYF	FPQSAPHGV
CAISPTSANTEAFF	FPQSAPHGV
CAISESDTDTQYF	FPQSAPHGV
CASSPWGGSLYEQYF	FPQSAPHGV
CATSPGANTIYF	FPQSAPHGV
CASSLGPREQYF	FPQSAPHGV
CASSYSTVTGELFF	FPQSAPHGV
CASSPIQTATDTQYF	FPQSAPHGV
CASSVRGASGETQYF	FPQSAPHGV
CASSQASGTGGYEQYF	FPQSAPHGV
CASISPLTYEQYF	FPQSAPHGV
CASSEALGSTDTQYF	FPQSAPHGV
CASSYSSFTGELFF	FPQSAPHGV
CASSPLSGTGSYEQYF	FPQSAPHGV
CASSFLQGDPNTDTQYF	FPQSAPHGV
CASSQDWGVGELFF	FPQSAPHGV
CASSLTTEINEQFF	FPQSAPHGV
CASSLDEEIRYGYTF	FPQSAPHGV
CASGWGTGELFF	FPQSAPHGV
CASSDTGTGGWNEQYF	FPQSAPHGV
CASSIPWGTEAFF	FPQSAPHGV
CATSDFKSANEQFF	FPQSAPHGV
CASSFEGINTEAFF	FPQSAPHGV
CASSFSGELFF	FPQSAPHGV
CASSYVAVTGEQFF	FPQSAPHGV
CASSPRISGGAEETQYF	FPQSAPHGV
CASSLDSYEQYF	FPQSAPHGV
CASSQGQLLAGGVDTQYF	FPQSAPHGV
CATSGPGQGVYEQYF	FPQSAPHGV
CASSYGGQGLTEAFF	FPQSAPHGV
CASSYGTSGAYNEQFF	FPQSAPHGV
CASSLGVDEQFF	FPQSAPHGV
CASSPPNTGELFF	FPQSAPHGV
CASSSGLAGALNEQFF	FPQSAPHGV
CASSQADRGVYEQYF	FPQSAPHGV
CASSPIIAPTFSTEPEAFF	FPQSAPHGV
CASSVEPSEDTQYF	FPQSAPHGV
CASSVATFGTEAFF	FPQSAPHGV
CASSFSDTQYF	FPQSAPHGV
