CDR3	AA
CASSSPLEQYF	SQSIIAYTM
CASSPRGWPQHF	SQSIIAYTM
CASSGRDNSYNEQFF	SQSIIAYTM
CASSLGGRELFF	SQSIIAYTM
CSAFYQDTQYF	SQSIIAYTM
CASSQTPGGTEAFF	SQSIIAYTM
CASQGDTQYF	SQSIIAYTM
CASSPTGNTGELFF	SQSIIAYTM
CASSLGGREQYF	SQSIIAYTM
CASRGDAYYEQYF	SQSIIAYTM
CASTPGQGWDGYTF	SQSIIAYTM
CASSLSWREGSYEQYF	SQSIIAYTM
CASSSQGTTGELFF	SQSIIAYTM
CASSESDPNTEAFF	SQSIIAYTM
CASGTRGNEQFF	SQSIIAYTM
CATNGDTQYF	SQSIIAYTM
CASSPQHIVGNEQFF	SQSIIAYTM
CASRPEGAAHTEAFF	SQSIIAYTM
CASSLVGRIQETQYF	SQSIIAYTM
CASSGRLAGATDTQYF	SQSIIAYTM
CASTGQGATDTQYF	SQSIIAYTM
CASSLPRESGNEQFF	SQSIIAYTM
CATRGQGNTEAFF	SQSIIAYTM
CAISDPTGSTNTGELFF	SQSIIAYTM
CASSSNLAQPQHF	SQSIIAYTM
CASSSARAPNPEKLFF	SQSIIAYTM
CASSYTPGQGNQPQHF	SQSIIAYTM
CASSFDTTEAFF	SQSIIAYTM
CASSHWGGNQPQHF	SQSIIAYTM
CASSRGRGDEQFF	SQSIIAYTM
CASTAGFNEQFF	SQSIIAYTM
CASSPGQSSEQYF	SQSIIAYTM
CASSSPRTDTDTQYF	SQSIIAYTM
CASFGDTQYF	SQSIIAYTM
CASSAPYDSSYEQYF	SQSIIAYTM
CASLGDIQYF	SQSIIAYTM
CASSQDLTDLAKNIQYF	SQSIIAYTM
CASSLEGGRAWNEQFF	SQSIIAYTM
CASSKVREGYNEQFF	SQSIIAYTM
CASSSSLVYEQYF	SQSIIAYTM
CASSSSLVYEQFF	SQSIIAYTM
CASSLSGGIETQYF	SQSIIAYTM
CASSFGGVNEQFF	SQSIIAYTM
CASSSGYEQYF	SQSIIAYTM
CASRTETAYNEQFF	SQSIIAYTM
CASTPIGGPHPTDEQFF	SQSIIAYTM
CASSPQHYLDPSYEQYF	SQSIIAYTM
CASSPTGVPQPQHF	SQSIIAYTM
CASLGDIQYF	SQSIIAYTM
CASSEATGPTQETQYF	SQSIIAYTM
CASTRTSATDTQYF	SQSIIAYTM
CASSLAVSAYEQYF	SQSIIAYTM
CASSFHLAGLDEQFF	SQSIIAYTM
CASKGEGNQPQHF	SQSIIAYTM
CASSFEGGDPSNEQFF	SQSIIAYTM
CASLGDIQYF	SQSIIAYTM
CASSLTPGAGELFF	SQSIIAYTM
CASSFRGRDLYF	SQSIIAYTM
CATQPLAGAHNEQFF	SQSIIAYTM
CASSSDSEGNTIYF	SQSIIAYTM
CASSFPHRRQGFQPQHF	SQSIIAYTM
CASSPGGRDEQFF	SQSIIAYTM
CASSEVGRFYEQYF	SQSIIAYTM
CASSLGRGGLTEQFF	SQSIIAYTM
CASSSLGNEQYF	SQSIIAYTM
CASSLFGSNEQFF	SQSIIAYTM
CASSITGGNKPQHF	SQSIIAYTM
CASSLARLGTSYEQYF	SQSIIAYTM
CASSRTGRAFF	SQSIIAYTM
CASSLESGAEAFF	SQSIIAYTM
CASSPRGNYEQYF	SQSIIAYTM
CASSPGQGSAEQFF	SQSIIAYTM
CASSLEGSEAFF	SQSIIAYTM
CASSLGGREQFF	SQSIIAYTM
CASSLGRRVEQYF	SQSIIAYTM
CASSQDLTSGGSYEQYF	SQSIIAYTM
CASSRIRDGQYNEQFF	SQSIIAYTM
CASSPGPGGGTQPQHF	SQSIIAYTM
CASRSEGNQPQHF	SQSIIAYTM
CASSSGLAYEQYF	SQSIIAYTM
CASSDSPGVDAEAFF	SQSIIAYTM
CASSQTGGTGEAFF	SQSIIAYTM
CASSPGLANEQFF	SQSIIAYTM
CSAQEAGGLHEQYF	SQSIIAYTM
CASSPQGGYGYTF	SQSIIAYTM
CASMGDIQYF	SQSIIAYTM
CASSYLGHDGYTF	SQSIIAYTM
CASSSPGQGGYTF	SQSIIAYTM
CASGRAYEQYF	SQSIIAYTM
CASSQEVPYNEQFF	SQSIIAYTM
CASSPMSVGSTDTQYF	SQSIIAYTM
CASSQDNNPGYEQYF	SQSIIAYTM
CASGWGTDTQYF	SQSIIAYTM
CASSPALAGTDTQYF	SQSIIAYTM
CASSFVSGQETQYF	SQSIIAYTM
CASSLYLAGGPSYNEQFF	SQSIIAYTM
CATHTGTDTQYF	SQSIIAYTM
CASSGLAGYNEQFF	SQSIIAYTM
CASRGQGATEAFF	SQSIIAYTM
CASSYGSLDTEAFF	SQSIIAYTM
CASSAGGREQFF	SQSIIAYTM
CASSFGPSYEQYF	SQSIIAYTM
CASSLGSGGPQETQYF	SQSIIAYTM
CATSRETGGNNEQFF	SQSIIAYTM
CAWESNEQFF	SQSIIAYTM
CASSMGPNPNEQFF	SQSIIAYTM
CASSLLGDTQYF	SQSIIAYTM
CASSSYRATDTQYF	SQSIIAYTM
CASSQEATDTQYF	SQSIIAYTM
CASSFGTERGYTF	SQSIIAYTM
CASSLGPGVETQYF	SQSIIAYTM
CASSPLASGSGFHEQFF	SQSIIAYTM
CASSLRTRTGELFF	SQSIIAYTM
CASNGDTQYF	SQSIIAYTM
CASSTGLANEQFF	SQSIIAYTM
CASSFGGNQPQHF	SQSIIAYTM
CASSAGGPWDEQFF	SQSIIAYTM
CASSEVLGYTF	SQSIIAYTM
CVAAGDADTQYF	SQSIIAYTM
CASSSNMVQPQHF	SQSIIAYTM
CASSQDNPRLADTQYF	SQSIIAYTM
CASSLGTSVSNEQFF	SQSIIAYTM
CASSLYRDGYNEQFF	SQSIIAYTM
CASSPSSAPVNYGYTF	SQSIIAYTM
CASGPTGLADCFYNEQFF	SQSIIAYTM
CASSPGHRRGEQYF	SQSIIAYTM
CASSEGRDTYEQYF	SQSIIAYTM
CASSLGGRRQYF	SQSIIAYTM
CASSQEGIEQFF	SQSIIAYTM
CASSQHPAGTANYGYTF	SQSIIAYTM
CASSLSLSYGYTF	SQSIIAYTM
CASRTYGATEAFF	SQSIIAYTM
CASSLVPGLAGGPHTGELFF	SQSIIAYTM
CASRMTGEGSNQPQHF	SQSIIAYTM
CASSEETSGNEQYV	SQSIIAYTM
CASSSGLQEQFF	SQSIIAYTM
CASSSPAGGYTF	SQSIIAYTM
CASSQDPPGPEAFF	SQSIIAYTM
CASSPPWGRSNQPQHF	SQSIIAYTM
CASSPLGGTLFF	SQSIIAYTM
CASSQGIDEQFF	SQSIIAYTM
CASSSQGQPQHF	SQSIIAYTM
CASSVVDRGLQDTQYF	SQSIIAYTM
CASSLGQSYNEQFF	SQSIIAYTM
CASRPEYQETQYF	SQSIIAYTM
CASSLAASGGPYNEQFF	SQSIIAYTM
CATQGDIQYF	SQSIIAYTM
CASSMDTSSYNSPLHF	SQSIIAYTM
CASSSGVGTEAFF	SQSIIAYTM
CASSWGGSEQFF	SQSIIAYTM
CASSLLPLSYNEQFF	SQSIIAYTM
CASSLPGNEQFF	SQSIIAYTM
CASSTGLAVEQYF	SQSIIAYTM
CASSLQGLNTEAFF	SQSIIAYTM
CASRSGNYEQYF	SQSIIAYTM
CASSTGLAGGQFF	SQSIIAYTM
CASSPPGLADGKTQYF	SQSIIAYTM
CASSFDTGELFF	SQSIIAYTM
CASSGQGWTTEAFF	SQSIIAYTM
CASSPLGNTEAFF	SQSIIAYTM
CASLGETQYF	SQSIIAYTM
CASGLQYEQYF	SQSIIAYTM
CASSSADTQYF	SQSIIAYTM
CASSLEGRTGPLETQYF	SQSIIAYTM
CASSLCPSGRLGETQYF	SQSIIAYTM
CASSYSQIDNEQFF	SQSIIAYTM
CASSPGQGWDEQYF	SQSIIAYTM
CAISGGGEQYF	SQSIIAYTM
CASSPYTGWTGELFF	SQSIIAYTM
CASSQESWLGEKLFF	SQSIIAYTM
CASRRGFGNSPLHF	SQSIIAYTM
CASRPGRAGLNEKLFF	SQSIIAYTM
CASMGGELFF	SQSIIAYTM
CASSFKGREAFF	SQSIIAYTM
CASRLQGNTEAFF	SQSIIAYTM
CASSYLPGQGAHQPQHF	SQSIIAYTM
CASSGRQRMNTEAFF	SQSIIAYTM
CSARGTSGGALYNEQFF	SQSIIAYTM
CASSPTAVPRDYGYTF	SQSIIAYTM
CATSTGQAPSGNTIYF	SQSIIAYTM
CASSVGQGFGYTF	SQSIIAYTM
CASSLIPGNEQFF	SQSIIAYTM
CASSLDVFQTGELFF	SQSIIAYTM
CASSDTGEGTEAFF	SQSIIAYTM
CASLGNEQFF	SQSIIAYTM
CASSLGGRAQYF	SQSIIAYTM
CASSLIGDYNEQFF	SQSIIAYTM
CASSSGTAGETQYF	SQSIIAYTM
CASSSTDLNEKLFF	SQSIIAYTM
CASSRNLYEQYF	SQSIIAYTM
CASSSDLSGVTETQYF	SQSIIAYTM
CASSSGVVEQFF	SQSIIAYTM
CASSSNGLAGYNEQFF	SQSIIAYTM
CASSLVGAIGGYTF	SQSIIAYTM
CASSFAGTSGNNEQFF	SQSIIAYTM
CASSKPGQGYEQYF	SQSIIAYTM
CAISELAGYEQYV	SQSIIAYTM
CASSLVPTGELFF	SQSIIAYTM
CASSPPPGTSVSYNEQFF	SQSIIAYTM
CASVGDTQYF	SQSIIAYTM
CASSIELTNNSPLHF	SQSIIAYTM
CASSFGTERGYTF	SQSIIAYTM
CASSMGPISYNEQFF	SQSIIAYTM
CASSSGLAVEQFF	SQSIIAYTM
CATNGDTQYF	SQSIIAYTM
CASKGQDNEKLFF	SQSIIAYTM
CASSVDSETQYF	SQSIIAYTM
CASSLLGTGELFF	SQSIIAYTM
CASSIFGTGGYNEQFF	SQSIIAYTM
CASSFSGNYEQYF	SQSIIAYTM
CASSSQGNTEAFF	SQSIIAYTM
CASSEDRAGISGNTIYF	SQSIIAYTM
CASSLSDTQYF	SQSIIAYTM
CASSTGGAFTYTF	SQSIIAYTM
CASSNPPGQPQHF	SQSIIAYTM
CASSFGQGSHIQYF	SQSIIAYTM
CASSYGGLSEQFF	SQSIIAYTM
CASSQRGNTGELFF	SQSIIAYTM
CASSSTSGGTYNEQFF	SQSIIAYTM
CASSSSLNQPQHF	SQSIIAYTM
CASSQGAGSGGGTDTQYF	SQSIIAYTM
CASITGQSSYNEQFF	SQSIIAYTM
CASSLNPGLAGGSSYNEQFF	SQSIIAYTM
CSARDERSRYTGELFF	SQSIIAYTM
CASSLDRGPNRAGELFF	SQSIIAYTM
CASSFGGNQPQHF	SQSIIAYTM
CASTSSVNEQFF	SQSIIAYTM
CASSFSLIYEQYF	SQSIIAYTM
CASSLLGHTIYNEQFF	SQSIIAYTM
CASSVESAGGITDTQYF	SQSIIAYTM
CASRDTLYQETQYF	SQSIIAYTM
PESGRRVYEQYF	SQSIIAYTM
CASSQDSTSSGSYEQYF	SQSIIAYTM
CASSYDRGALEQYF	SQSIIAYTM
CASSGSPGTGEKYEQYF	SQSIIAYTM
CASSFSGGAYGYTF	SQSIIAYTM
CASSEIIGPGGEGEQFF	SQSIIAYTM
CASSPNMVFGYTF	SQSIIAYTM
CASSLGGKTQYF	SQSIIAYTM
CASSSLSQGYNQPQHF	SQSIIAYTM
CATQGGGYNEQFF	SQSIIAYTM
CASSPLTLETQYF	SQSIIAYTM
CASSVNRREGQDGELFF	SQSIIAYTM
CASSSGVGTEAFF	SQSIIAYTM
CASTVAGGGYNEQFF	SQSIIAYTM
CASGQAVVADTQYF	SQSIIAYTM
CASSPLTGANYGYTF	SQSIIAYTM
CASSLAEGASNTGELFF	SQSIIAYTM
CATSRDPSGGIRQQFF	SQSIIAYTM
CASLGGERDYEQYF	SQSIIAYTM
CASSHAVTDTQYF	SQSIIAYTM
CASSPNRDEQFF	SQSIIAYTM
CASSPGTSGSSYNEQFF	SQSIIAYTM
CASSQDQAKSYEQYF	SQSIIAYTM
CASSLSGNQPQHF	SQSIIAYTM
CATPGQGPNQPQHF	SQSIIAYTM
CASSYRQNTGELFF	SQSIIAYTM
CAITRGGSEQFF	SQSIIAYTM
CATLHDTQYF	SQSIIAYTM
CASSNNFRDRGTSGTLDEQYV	SQSIIAYTM
CASSQAGTDTQYF	SQSIIAYTM
CASCSGQGYEQYF	SQSIIAYTM
CASSQGGGLSIQYF	SQSIIAYTM
CASSSGYNEQFF	SQSIIAYTM
CASSPGTGGGGGQPQHF	SQSIIAYTM
CASSTSLTYEQYF	SQSIIAYTM
CATSAGARTYEQYF	SQSIIAYTM
CSAQGLDGNEQFF	SQSIIAYTM
