CDR3	AA
CASQLPGTSGTDTQYF	VYYPDKVFR
CASSLSGLYEQYF	VYYPDKVFR
CATETGSGGELFF	VYYPDKVFR
CASSYSNANYGYTF	VYYPDKVFR
CASTLGWTEAFF	VYYPDKVFR
CASSQGPSGSF	VYYPDKVFR
CASSTKYGYTF	VYYPDKVFR
CASSPRHSGRSTDTQYF	VYYPDKVFR
CASSLKGGQETQYF	VYYPDKVFR
CASSSTVAIPYEQYF	VYYPDKVFR
CASSQGISYEQYF	VYYPDKVFR
CASSSNRDRGGNTIYF	VYYPDKVFR
CASSVSLQFMNTEAFF	VYYPDKVFR
NSGSRQGRVVDRNTIYF	VYYPDKVFR
CASSLGTEAFF	VYYPDKVFR
CASSEADLRFGGGVHEQFF	VYYPDKVFR
CASRATHSGTQSNYGYTF	VYYPDKVFR
CASSGGRDGYGYTF	VYYPDKVFR
CASSDSGTSGAEQYF	VYYPDKVFR
CASSLYFGLAGGPSSYNEQFF	VYYPDKVFR
CASSYPQEEQFF	VYYPDKVFR
CATFDRLLWSQHF	VYYPDKVFR
CARIWVYRGSNEQFF	VYYPDKVFR
CATSGDSSGANVLTF	VYYPDKVFR
CASSLLVGDEQYF	VYYPDKVFR
CASSQVPGTGFHEQYF	VYYPDKVFR
CASSLRAGGPYEQYF	VYYPDKVFR
CASSLSTGGPYEQYF	VYYPDKVFR
CATSDWLAGEDEQFF	VYYPDKVFR
