CDR3	AA
CASSQDRRGLTTEAFF	AELAKNVSLDNVL
CASSVTGYYTEAFF	AELAKNVSLDNVL
CASTSGGLSSYNEQFF	AELAKNVSLDNVL
CASSLGDRGWTGELFF	AELAKNVSLDNVL
CASSLGPDRSSYEQYF	AELAKNVSLDNVL
CASSLDGYEQYF	AELAKNVSLDNVL
CASSLSGTGEFGTGELFF	AELAKNVSLDNVL
CASSYAESSYNEQFF	AELAKNVSLDNVL
CASSYIQGTGDYEQYF	AELAKNVSLDNVL
CASSLSSPANYGYTF	AELAKNVSLDNVL
CASSIGQGQGQPQHF	AELAKNVSLDNVL
CASILQIRDSGLAANEQFF	AELAKNVSLDNVL
CAINREIGDTQYF	AELAKNVSLDNVL
CASSLAGVPYEQYF	AELAKNVSLDNVL
CASSEWDSQGETQYF	AELAKNVSLDNVL
CASSDTGYSNQPQHF	AELAKNVSLDNVL
CASSFIRGAYYGYTF	AELAKNVSLDNVL
CASSTRGLHQPQHF	AELAKNVSLDNVL
CASSYTGMGNQPQHF	AELAKNVSLDNVL
CASSFGARGGARTGELFF	AELAKNVSLDNVL
CGDCGTEPTGELFF	AELAKNVSLDNVL
CASSSNEQFF	AELAKNVSLDNVL
CASTSGDRGHEQYF	AELAKNVSLDNVL
CSAHEGYSNQPQHF	AELAKNVSLDNVL
CSARPENTEAFF	AELAKNVSLDNVL
CATKGVVPTDTQYF	AELAKNVSLDNVL
CASSYPLDEAQETQYF	AELAKNVSLDNVL
CASSPPQGDYGYTF	AELAKNVSLDNVL
CASSQGAGVNNEQFF	AELAKNVSLDNVL
CASSLPAPTGELFF	AELAKNVSLDNVL
CASSWTGNTEAFF	AELAKNVSLDNVL
CASSPGGEEAFF	AELAKNVSLDNVL
CASSSAQGYPNTGELFF	AELAKNVSLDNVL
CASSLRTGLKHEQYF	AELAKNVSLDNVL
CASSITVQGPGTEAFF	AELAKNVSLDNVL
CASSPDRSSGNTIYF	AELAKNVSLDNVL
CASSLASGVSSYEQYF	AELAKNVSLDNVL
CASSPSSIQGWVYEQYF	AELAKNVSLDNVL
CASSTADPNYGYTF	AELAKNVSLDNVL
CSARGLAGEADTQYF	AELAKNVSLDNVL
CASSDIGLISTDTQYF	AELAKNVSLDNVL
CASSLQRDINTGELFF	AELAKNVSLDNVL
CASSSEGYQPQHF	AELAKNVSLDNVL
CASSQDQGHEQYF	AELAKNVSLDNVL
CASSLIGTGAFF	AELAKNVSLDNVL
CASSYSVGDHTEAFF	AELAKNVSLDNVL
CASSVGRRAARPDTQYF	AELAKNVSLDNVL
CASTLLAGAYNEQFF	AELAKNVSLDNVL
CASSSGLAGNTDTQYF	AELAKNVSLDNVL
CASSYAEDSGANVLTF	AELAKNVSLDNVL
CASSQDSDGGASEQYF	AELAKNVSLDNVL
CASSYSGANYEQYF	AELAKNVSLDNVL
CASQLQGLGTEAFF	AELAKNVSLDNVL
CASSANSGGYEQYF	AELAKNVSLDNVL
CASSQTAGHYEQYF	AELAKNVSLDNVL
CASSLAGAGELFF	AELAKNVSLDNVL
CASSLDPGGGTDTQYF	AELAKNVSLDNVL
CASSGQGIDYGYTF	AELAKNVSLDNVL
CASSLSPYYEQYF	AELAKNVSLDNVL
CARSSVQGLLNIQYF	AELAKNVSLDNVL
CASSNTEAFF	AELAKNVSLDNVL
CASSFGGLNTGELFF	AELAKNVSLDNVL
CASSLSAGFYEQYF	AELAKNVSLDNVL
CACTRLGGASEKLFF	AELAKNVSLDNVL
CASSIPGQSYEQYF	AELAKNVSLDNVL
CASSRDRDSSYEQYF	AELAKNVSLDNVL
CASSLAGTSGTDSYEQYF	AELAKNVSLDNVL
CASSLSPPSGGHNEQFF	AELAKNVSLDNVL
CASSLQGDGTYEQYF	AELAKNVSLDNVL
CASSLDKGYGNTIYF	AELAKNVSLDNVL
CASTIMPSGGDGTDTQYF	AELAKNVSLDNVL
CASSLRSDTEAFF	AELAKNVSLDNVL
CASSYSPPVSGEQFF	AELAKNVSLDNVL
CASSLQTTSTDTQYF	AELAKNVSLDNVL
CASSLVGQYSNQPQHF	AELAKNVSLDNVL
CATIQELYGYTF	AELAKNVSLDNVL
CASSPAPPTGDTQYF	AELAKNVSLDNVL
CASRLGYNEQFF	AELAKNVSLDNVL
CASSGMDHKSTDTQYF	AELAKNVSLDNVL
CASSVDGYEQYF	AELAKNVSLDNVL
CASSYSIAGDEQFF	AELAKNVSLDNVL
CSVGEPMNTEAFF	AELAKNVSLDNVL
CASSPGDSTNTEAFF	AELAKNVSLDNVL
CASSYAETQYF	AELAKNVSLDNVL
CASSQAVYLGETNTGELFF	AELAKNVSLDNVL
CASSGGLELTGYTF	AELAKNVSLDNVL
CASSQLAGGPQEGNEQFF	AELAKNVSLDNVL
CASSPTLGTSGLGELFF	AELAKNVSLDNVL
CASSLLAEEQYF	AELAKNVSLDNVL
CASSPALGQSRFEDTF	AELAKNVSLDNVL
CASSSSTGTGGTEAFF	AELAKNVSLDNVL
CASSPAGGPSYEQYF	AELAKNVSLDNVL
CASSPNTGELFF	AELAKNVSLDNVL
CASSARQGTSYEQYF	AELAKNVSLDNVL
CASSEDGENSPLHF	AELAKNVSLDNVL
CASSQDQDGGAEKLFF	AELAKNVSLDNVL
CASSYLQGSTDTQYF	AELAKNVSLDNVL
CASSQSGYGTYNEQFF	AELAKNVSLDNVL
CASSYSGKNYEQYF	AELAKNVSLDNVL
CASSLGGANYGYTF	AELAKNVSLDNVL
CASSYDSSATEAFF	AELAKNVSLDNVL
CASSVYGDPNSPLHF	AELAKNVSLDNVL
CASNDLAGETQYF	AELAKNVSLDNVL
CASRIPGELFF	AELAKNVSLDNVL
CASSRGVSTEAFF	AELAKNVSLDNVL
CASSYSTSDGYTF	AELAKNVSLDNVL
CASSQETGYDSYEQYF	AELAKNVSLDNVL
CASTKTGGADEQFF	AELAKNVSLDNVL
CASRLGYNEQFF	AELAKNVSLDNVL
CASSIGAGYTGELFF	AELAKNVSLDNVL
CASQPGPNTEAFF	AELAKNVSLDNVL
CASSYPDRREGYNEQFF	AELAKNVSLDNVL
CASSQDRDNEQFF	AELAKNVSLDNVL
CASSLGTGNTEAFF	AELAKNVSLDNVL
CASSWGPINNEQFF	AELAKNVSLDNVL
CASSYGGASEQYF	AELAKNVSLDNVL
CASSYTPLTSGNYNEQFF	AELAKNVSLDNVL
CATGTGSTDTQYF	AELAKNVSLDNVL
CASSPTDKPAYEQYF	AELAKNVSLDNVL
CASSSVGTDNEQFF	AELAKNVSLDNVL
CASSLGSTDTQYF	AELAKNVSLDNVL
CAISEWAASGGPTNTGELFF	AELAKNVSLDNVL
CASSYPGSSYEQYF	AELAKNVSLDNVL
CSAIRAEPNEKLFF	AELAKNVSLDNVL
CASSMRTGTSYEQYF	AELAKNVSLDNVL
CASSYAGYSLEQYF	AELAKNVSLDNVL
CASSLRAQETQYF	AELAKNVSLDNVL
CASSPYPPGQFTGELFF	AELAKNVSLDNVL
CASSYTTYGGQRPYEQYF	AELAKNVSLDNVL
CASSLSNSHEQYF	AELAKNVSLDNVL
CASSLSGVGQGVNYGYTF	AELAKNVSLDNVL
CASSYGLGGYNEQFF	AELAKNVSLDNVL
CASSQDADGSIGEQYF	AELAKNVSLDNVL
CASSQDYNEQFF	AELAKNVSLDNVL
CASSRTEWNTEAFF	AELAKNVSLDNVL
CASSTDVALTYEQYF	AELAKNVSLDNVL
CATARPYEQYF	AELAKNVSLDNVL
CASSYPGTSGGAGTGELFF	AELAKNVSLDNVL
CSDGDLYGYTF	AELAKNVSLDNVL
CASSPGIEHTGELFF	AELAKNVSLDNVL
CASSLNLMRTGINEQFF	AELAKNVSLDNVL
CASRTDVNEQYF	AELAKNVSLDNVL
CASSSGQEWLGVYGYTF	AELAKNVSLDNVL
CASSFIAGEGGYTEAFF	AELAKNVSLDNVL
CASILITGTGNTEAFF	AELAKNVSLDNVL
CASSLEVEGETQYF	AELAKNVSLDNVL
CATSARTRVSYEQYF	AELAKNVSLDNVL
CASSQYRDSGELFF	AELAKNVSLDNVL
CASSLGTTTEAFF	AELAKNVSLDNVL
CASSVWRVGGENPSYGYTF	AELAKNVSLDNVL
CASSLRADETQYF	AELAKNVSLDNVL
CASSSRTYEQYF	AELAKNVSLDNVL
CASSGNLSPYEQYF	AELAKNVSLDNVL
CASSYLQGVDQPQHF	AELAKNVSLDNVL
CASSQSGTGSSSIQYF	AELAKNVSLDNVL
CASSLQDISNQPQHF	AELAKNVSLDNVL
CASSQDPGLSYEQYF	AELAKNVSLDNVL
CASSQERGFDEQYF	AELAKNVSLDNVL
CASSLGQYSTDTQYF	AELAKNVSLDNVL
CASSHLTGTLNEKLFF	AELAKNVSLDNVL
CASSYIPEGQIYEQYF	AELAKNVSLDNVL
CASSRGQEGNTEAFF	AELAKNVSLDNVL
CASTPSAGGNQPQHF	AELAKNVSLDNVL
CASSAGLAGTDTQYF	AELAKNVSLDNVL
CASSYKGGGEKLFF	AELAKNVSLDNVL
CASSGRPGYFPQHF	AELAKNVSLDNVL
CASSFGNTGLSDEQYF	AELAKNVSLDNVL
CASRLEAPSAARLTDTQYF	AELAKNVSLDNVL
CASSLEGNTEAFF	AELAKNVSLDNVL
CASSYSAVDNEKLFF	AELAKNVSLDNVL
CASSRQTGVDEQYF	AELAKNVSLDNVL
CASSLSGPNNEQFF	AELAKNVSLDNVL
CASSPGASVPEAFF	AELAKNVSLDNVL
CASSYLTPGQGDYEQYF	AELAKNVSLDNVL
CASSFTIGDNDQPQHF	AELAKNVSLDNVL
CASGPGQGDFANTGELFF	AELAKNVSLDNVL
CASSSSFTPGETQYF	AELAKNVSLDNVL
CASSYVAGAFNNEQFF	AELAKNVSLDNVL
CASHTLAGAGETQYF	AELAKNVSLDNVL
CASSLVGQGAREQFF	AELAKNVSLDNVL
CASRDSLNSNQPQHF	AELAKNVSLDNVL
CASSIDGTDTQYF	AELAKNVSLDNVL
CASSQEAIASNYGYTF	AELAKNVSLDNVL
CASSLRGEETQYF	AELAKNVSLDNVL
CASSQPGQAQSGANVLTF	AELAKNVSLDNVL
CASSQPPGEHNYGYTF	AELAKNVSLDNVL
CASSEALNTGELFF	AELAKNVSLDNVL
CASSLTTGPRTEAFF	AELAKNVSLDNVL
CASREMTGSSYEQYF	AELAKNVSLDNVL
CASSSDPNEQYF	AELAKNVSLDNVL
CASSYSVSTLGTGNEQFF	AELAKNVSLDNVL
CASSQEGQGYSNQPQHF	AELAKNVSLDNVL
CASSSETGMNTEAFF	AELAKNVSLDNVL
CASSETVHEGNTEAFF	AELAKNVSLDNVL
CASSSRGPTFFYEQYF	AELAKNVSLDNVL
CASSSGGNTEAFF	AELAKNVSLDNVL
CSVEPLWDFSWGNTEAFF	AELAKNVSLDNVL
CASSEARTYENSNQPQHF	AELAKNVSLDNVL
CASRRDSNTEAFF	AELAKNVSLDNVL
CASSPPFGTNTEAFF	AELAKNVSLDNVL
CASSQTGELSYNEQFF	AELAKNVSLDNVL
CASSQGSTEAFF	AELAKNVSLDNVL
CASSSTGIKDEQYF	AELAKNVSLDNVL
CASSLSPPGQIPSNSPLHF	AELAKNVSLDNVL
CASSPGQLSYEQYF	AELAKNVSLDNVL
CASALRGLDEQFF	AELAKNVSLDNVL
CASNIPGGETQYF	AELAKNVSLDNVL
CASSKGSEGGTEAFF	AELAKNVSLDNVL
CASSQVLAGVYEQYF	AELAKNVSLDNVL
CASSSSEGDRAHGYTF	AELAKNVSLDNVL
CASSPGEGYGYTF	AELAKNVSLDNVL
CASSLEGLAGGYEQYF	AELAKNVSLDNVL
CASSLRGGSGDEQYF	AELAKNVSLDNVL
CASSQPGQGALSYEQYF	AELAKNVSLDNVL
CASSARPGQGSRQPQHF	AELAKNVSLDNVL
CASRPSGTLTGELFF	AELAKNVSLDNVL
CASSLTGGADTQYF	AELAKNVSLDNVL
CASSSPLPSYEQYF	AELAKNVSLDNVL
CASSSYRGVSTDTQYF	AELAKNVSLDNVL
CASSLGTGVYTEAFF	AELAKNVSLDNVL
CASSPGTGVYHEQYF	AELAKNVSLDNVL
CASSQDYGEAYEQYF	AELAKNVSLDNVL
CASSMTSGGDEQYF	AELAKNVSLDNVL
CASSFSTGDYGYTF	AELAKNVSLDNVL
CASSQDMASGDPYQETQYF	AELAKNVSLDNVL
CASSDPGVSYNSPLHF	AELAKNVSLDNVL
CSAPHYGYTF	AELAKNVSLDNVL
CARSKTGLREQFF	AELAKNVSLDNVL
CASSRQTPGQGASTDTQYF	AELAKNVSLDNVL
CASTPGGQYEQFF	AELAKNVSLDNVL
CASSLGSNQPQHF	AELAKNVSLDNVL
CASSLSARREQYF	AELAKNVSLDNVL
CASSTLGTLQETQYF	AELAKNVSLDNVL
CASTVGEGEAFF	AELAKNVSLDNVL
CASSLDRGSPNEKLFF	AELAKNVSLDNVL
CASNRGGDEQFF	AELAKNVSLDNVL
CASSYLGQGARYETQYF	AELAKNVSLDNVL
CASSPGQTSTDTQYF	AELAKNVSLDNVL
CASTVGGLAGYNEQFF	AELAKNVSLDNVL
CASSLGGGKQWHYGYTF	AELAKNVSLDNVL
CASSPRSGGDAREQYF	AELAKNVSLDNVL
CASSQIGGGPTGELFF	AELAKNVSLDNVL
CASSFSGGKNTGELFF	AELAKNVSLDNVL
CASSQIPGQLMNTEAFF	AELAKNVSLDNVL
CATSNAGTEAFF	AELAKNVSLDNVL
CASTGETSHEQFF	AELAKNVSLDNVL
CASSMFDGWGFGTEAFF	AELAKNVSLDNVL
CASSSWDNTGELFF	AELAKNVSLDNVL
CASSSGQWSSYEQYF	AELAKNVSLDNVL
CASSSFGDRQEGTEAFF	AELAKNVSLDNVL
CASSQPLAGTYEQYF	AELAKNVSLDNVL
CAISEVGEADTQYF	AELAKNVSLDNVL
CASSVDGYEQYF	AELAKNVSLDNVL
CASSLETGVSNEQYF	AELAKNVSLDNVL
CASSPGGDTQYF	AELAKNVSLDNVL
CASSFGGAEAFF	AELAKNVSLDNVL
CARLGDSPLHF	AELAKNVSLDNVL
CASSLDPAAGAREQYF	AELAKNVSLDNVL
CASSRGGSDGYTF	AELAKNVSLDNVL
CASSLDLGYPVEQYF	AELAKNVSLDNVL
CASSSAGRPGELFF	AELAKNVSLDNVL
CASSHLPGGLHNEQFF	AELAKNVSLDNVL
CASSQDVTSLETQYF	AELAKNVSLDNVL
CASSSPGDHETQYF	AELAKNVSLDNVL
CASSLLAGGDETQYF	AELAKNVSLDNVL
CASAPTGVNTGELFF	AELAKNVSLDNVL
CASSKKGGHGTPRDNSPLHF	AELAKNVSLDNVL
CASSDPGQGFMNTEAFF	AELAKNVSLDNVL
CASSVDGYEQYF	AELAKNVSLDNVL
CASSNTGTVSYEQYF	AELAKNVSLDNVL
CASSVATRTGYTEAFF	AELAKNVSLDNVL
CASSRQGANYGYTF	AELAKNVSLDNVL
CASSSGASGYNEQFF	AELAKNVSLDNVL
CASSLSSFAGSTFYGYTF	AELAKNVSLDNVL
CASSYRDRTYEQYF	AELAKNVSLDNVL
CASSLDSGYNSPLHF	AELAKNVSLDNVL
CASSFRELGTGELFF	AELAKNVSLDNVL
CASSQDSPLHGGYTF	AELAKNVSLDNVL
CASSYASGELFF	AELAKNVSLDNVL
CASSLSAGVAYEQYF	AELAKNVSLDNVL
CASSREGQGAQETQYF	AELAKNVSLDNVL
CASQTGGSTEAFF	AELAKNVSLDNVL
CATLAGDLGDTQYF	AELAKNVSLDNVL
CASRGEGQETQYF	AELAKNVSLDNVL
CASSQRILAGAYEQFF	AELAKNVSLDNVL
CASSLEIRGETQYF	AELAKNVSLDNVL
CASSYPGQPTGELFF	AELAKNVSLDNVL
CASSRQGGNEQYF	AELAKNVSLDNVL
CASSFSGTGTTDTQYF	AELAKNVSLDNVL
CASSLAGYGLAGQYSQFF	AELAKNVSLDNVL
CASSQGGVNTEAFF	AELAKNVSLDNVL
CASTLMPGTGDFQETQYF	AELAKNVSLDNVL
CASRLGTASGANYGYTF	AELAKNVSLDNVL
CASSEQIVTGELFF	AELAKNVSLDNVL
CASSPPAGDYGYTF	AELAKNVSLDNVL
CASTQGVMNTEAFF	AELAKNVSLDNVL
CASSAPEGQGFAGELFF	AELAKNVSLDNVL
CATYDSGRSYEQYF	AELAKNVSLDNVL
CASSPDRPFSVSGTDTQYF	AELAKNVSLDNVL
CASSVGTPRPAHEQYF	AELAKNVSLDNVL
CASSFTDTQYF	AELAKNVSLDNVL
CASSPPMGNTEAFF	AELAKNVSLDNVL
CASSQDRAGQGADEQYF	AELAKNVSLDNVL
CASSYQGQGYEQYF	AELAKNVSLDNVL
CASSYPGDYGYTF	AELAKNVSLDNVL
CASSLGGLSSYNEQFF	AELAKNVSLDNVL
CSASNRAENTEAFF	AELAKNVSLDNVL
CASSLSANHEQYF	AELAKNVSLDNVL
CAISEGTDTLYGYTF	AELAKNVSLDNVL
CASSLDRGQGGGYTF	AELAKNVSLDNVL
CASSLDSTEAFF	AELAKNVSLDNVL
CASSRGQGSDTEAFF	AELAKNVSLDNVL
CASSIGESGYNEQFF	AELAKNVSLDNVL
CAGRVAGANVLTF	AELAKNVSLDNVL
CASSSSGGPETQYF	AELAKNVSLDNVL
CASSVDRGDETQYF	AELAKNVSLDNVL
CASSQDSDGSLNQPQHF	AELAKNVSLDNVL
CASSLATGTNTEAFF	AELAKNVSLDNVL
CASSRPDSLYEQYF	AELAKNVSLDNVL
CASSAIGDYGYTF	AELAKNVSLDNVL
CASSMTGGADTQYF	AELAKNVSLDNVL
CAISESGGKETQYF	AELAKNVSLDNVL
CASSQAPEGAGAGELFF	AELAKNVSLDNVL
CSAFSGIYNEQFF	AELAKNVSLDNVL
CASSGANLYGYTF	AELAKNVSLDNVL
CASSPPPGFGTEAFF	AELAKNVSLDNVL
CASSVLPGANYEQYF	AELAKNVSLDNVL
CASSIPGSTYEQYF	AELAKNVSLDNVL
CASSQDRETYEQYF	AELAKNVSLDNVL
CASNLLAGAGDEQFF	AELAKNVSLDNVL
CASRTGTPEETQYF	AELAKNVSLDNVL
CASRRQGGSYGYTF	AELAKNVSLDNVL
CASSYSIGELFF	AELAKNVSLDNVL
CASSDTASSYNSPLHF	AELAKNVSLDNVL
CASSQDLLAGGRNGELFF	AELAKNVSLDNVL
CASSQVGQGAFEQFF	AELAKNVSLDNVL
CASSGTRDISYNEQFF	AELAKNVSLDNVL
CASSLGSTGELFF	AELAKNVSLDNVL
CASNRESVTGELFF	AELAKNVSLDNVL
CASSLGKYSNQPQHF	AELAKNVSLDNVL
CASSWGPINYGYTF	AELAKNVSLDNVL
CASSLVGYNTEAFF	AELAKNVSLDNVL
CASSQQTGEFFGDYGYTF	AELAKNVSLDNVL
CASSLGTGLNTEAFF	AELAKNVSLDNVL
CASTSTGLSEPQHF	AELAKNVSLDNVL
CASSPSLGNQPQHF	AELAKNVSLDNVL
CASSIGGSTEAFF	AELAKNVSLDNVL
CASRSSSPETQYF	AELAKNVSLDNVL
CASGSADPSGANVLTF	AELAKNVSLDNVL
CASSPAGTGTYSGNTIYF	AELAKNVSLDNVL
CASSQDAEGQGIYEQYF	AELAKNVSLDNVL
CASSELGTDTQYF	AELAKNVSLDNVL
CASSEGPGQLNGVYEQYF	AELAKNVSLDNVL
CASSSPGLVTAGELFF	AELAKNVSLDNVL
CASSYSAQSSYEQYF	AELAKNVSLDNVL
CASSPSAQETQYF	AELAKNVSLDNVL
CATIADEQFF	AELAKNVSLDNVL
CASSQPQGGSYEQYF	AELAKNVSLDNVL
CASSLGAEMNTEAFF	AELAKNVSLDNVL
CASSYVLAGGANVLTF	AELAKNVSLDNVL
CASSPGAGGYTEAFF	AELAKNVSLDNVL
CASSISVSGGTNEKLFF	AELAKNVSLDNVL
CASSLAGQMNTEAFF	AELAKNVSLDNVL
CASSQDSAGQLSNQPQHF	AELAKNVSLDNVL
CASSLSGGLGEQYF	AELAKNVSLDNVL
CASSTSLVTGSEQYF	AELAKNVSLDNVL
CASRPGLGMGTQYF	AELAKNVSLDNVL
CASSSQGTYGYTF	AELAKNVSLDNVL
CASSLDSNRGIQYF	AELAKNVSLDNVL
CASSYSPGGEPQHF	AELAKNVSLDNVL
CASNIPGGQGLPEAFF	AELAKNVSLDNVL
CASSLSGNGDQPQHF	AELAKNVSLDNVL
CASSETGYHYGYTF	AELAKNVSLDNVL
CASSWAGTGDNEQFF	AELAKNVSLDNVL
CASSPALMDSHF	AELAKNVSLDNVL
CASSLQVSSTNEKLFF	AELAKNVSLDNVL
CASSEGTSRNLYNEQFF	AELAKNVSLDNVL
CASSQGQGAYEQYF	AELAKNVSLDNVL
CASSQETLGQYPGYTF	AELAKNVSLDNVL
CASSLGLSQETQYF	AELAKNVSLDNVL
CASSRTEGAGYGYTF	AELAKNVSLDNVL
CASSISGDRADYEQYF	AELAKNVSLDNVL
CASSPTKDRGVYEQYF	AELAKNVSLDNVL
CASSVLEGSANEKLFF	AELAKNVSLDNVL
CASSMEGGYGDNEQFF	AELAKNVSLDNVL
CASSSSAGGVPDTQYF	AELAKNVSLDNVL
CASSLAPPGANTEAFF	AELAKNVSLDNVL
CASSYNSGDTEAFF	AELAKNVSLDNVL
CASSLVGGDYGYTF	AELAKNVSLDNVL
CASSLIPGKTYEQYF	AELAKNVSLDNVL
CASSLALGLEGGTQYF	AELAKNVSLDNVL
CASSLDGNDYGYTF	AELAKNVSLDNVL
CASRPLAGWGTSTDTQYF	AELAKNVSLDNVL
CASSQQLGVTNEKLFF	AELAKNVSLDNVL
CASSLSPPAGHLGADTQYF	AELAKNVSLDNVL
CASSLEGNRGGEQYF	AELAKNVSLDNVL
CASSHYPGTSVYEQYF	AELAKNVSLDNVL
CASSVGQGYTNYGYTF	AELAKNVSLDNVL
CASSLVGRSNQPQHF	AELAKNVSLDNVL
CASSYSSGRAYEQYF	AELAKNVSLDNVL
CASSSSGTGRNYGYTF	AELAKNVSLDNVL
CASSLSGTHNEQFF	AELAKNVSLDNVL
CASSFIGGTDTQYF	AELAKNVSLDNVL
