CDR3	AA
CASSAPGQGANEQFF	SEISMDNSPNL
CSGRNHRGNTEAFF	SEISMDNSPNL
CASSWGGSTEAFF	SEISMDNSPNL
CASSFSASYEQYF	SEISMDNSPNL
CASSPRPNTVTEAFF	SEISMDNSPNL
CASSPGGSYEQYF	SEISMDNSPNL
CAISEGGTTSYEQYF	SEISMDNSPNL
CALGRDRSTDTQYF	SEISMDNSPNL
CASSQGPLDEQYF	SEISMDNSPNL
CASSPGLYGYTF	SEISMDNSPNL
CASSFGGNQPQHF	SEISMDNSPNL
CATSSRGARAGELFF	SEISMDNSPNL
CASRTEVNNGYTF	SEISMDNSPNL
CASSYSPGAYGYTF	SEISMDNSPNL
CASSFGQNSYEQYF	SEISMDNSPNL
CASSTTGQGGNTIYF	SEISMDNSPNL
CASSQVGQGLGYTF	SEISMDNSPNL
CASSHRDLSSYNEQFF	SEISMDNSPNL
CASSFFATGDEQYF	SEISMDNSPNL
CASSVRGGNTEAFF	SEISMDNSPNL
CASSLGATYEQYF	SEISMDNSPNL
CASSLVEGYEQYF	SEISMDNSPNL
CASMSGRASANGNEQFF	SEISMDNSPNL
CASSPVADRVYEQYF	SEISMDNSPNL
CASSLRLDSYEQYF	SEISMDNSPNL
CASSLAGGYNEQFF	SEISMDNSPNL
CASSKTGAPNMNTEAFF	SEISMDNSPNL
CASSQDHAAPYNEQFF	SEISMDNSPNL
CASSLAADRVYEQYF	SEISMDNSPNL
CASSSGPFPYEQYF	SEISMDNSPNL
CASSQDRAFSGNTIYF	SEISMDNSPNL
CATSRERVGSTEAFF	SEISMDNSPNL
CSAGSSGSSYNEQFF	SEISMDNSPNL
CASSFDRTVDEQYF	SEISMDNSPNL
CASSLRLAGSNEQFF	SEISMDNSPNL
CASSQDGSASYNEQFF	SEISMDNSPNL
CASRAPGSYEQYF	SEISMDNSPNL
CASSLRAGGFETQYF	SEISMDNSPNL
CASSVARGDTEAFF	SEISMDNSPNL
CATSMTNQPQHF	SEISMDNSPNL
CASSQRNTNTEAFF	SEISMDNSPNL
CASSPDTTSTDTQYF	SEISMDNSPNL
CASSAFGGFGELFF	SEISMDNSPNL
CASSLYGGSYEQYF	SEISMDNSPNL
CASRVTASGYSYNEQFF	SEISMDNSPNL
CASSPGSFAAEAFF	SEISMDNSPNL
CASSLGWGQGGNEQFF	SEISMDNSPNL
CASSSARDLVNEQYF	SEISMDNSPNL
CASSLPGGETQYF	SEISMDNSPNL
CASSQDRYEQYF	SEISMDNSPNL
CASSQETSGRAAQETQYF	SEISMDNSPNL
CASSLGRSYEQYF	SEISMDNSPNL
CASSTRGGPYNEQFF	SEISMDNSPNL
CASSLEGQPIEALHF	SEISMDNSPNL
CASSHSDSYEQYF	SEISMDNSPNL
CSVTGQGTGELFF	SEISMDNSPNL
CASSLLASGRHSSYEQYF	SEISMDNSPNL
CASRWPGSYEQYF	SEISMDNSPNL
CASSWSGLGETQYF	SEISMDNSPNL
CSAGSSGSSYNEQFF	SEISMDNSPNL
CASSEAGFNQPQHF	SEISMDNSPNL
CASSLEPVSSYNEQFF	SEISMDNSPNL
CASSYSNRDWEQYF	SEISMDNSPNL
CASSPGLPYEQYF	SEISMDNSPNL
CASSEGTSYEQYF	SEISMDNSPNL
CASTPFQGNNEQFF	SEISMDNSPNL
CASSAGTRNTGELFF	SEISMDNSPNL
CASRTGGTYEQYF	SEISMDNSPNL
CASSLLGREGLEQYF	SEISMDNSPNL
CASSVVGLAGNEQFF	SEISMDNSPNL
CASSLAGGGSGANVLTF	SEISMDNSPNL
CASSPTAYEQYF	SEISMDNSPNL
CASSEDRVPPYSNQPQHF	SEISMDNSPNL
CATSRERLGHNEQFF	SEISMDNSPNL
CAWSVVREVTDTQYF	SEISMDNSPNL
