CDR3	AA
CASSQGFYEQYF	AFPFTIYSL
CASSLSGSHRFF	AFPFTIYSL
CASQQGASPLHF	AFPFTIYSL
CASGFNQPQHF	AFPFTIYSL
CSASSQGAFDAFF	AFPFTIYSL
CASSLGAYEQYF	AFPFTIYSL
CASSPGATQYF	AFPFTIYSL
CASSYSIASGRYSTDTQYF	AFPFTIYSL
CASGGGIPNEQFF	AFPFTIYSL
CASSFAGELFF	AFPFTIYSL
CASSGVRDSLEAFF	AFPFTIYSL
CASSLGSGAPSGYTF	AFPFTIYSL
CSVEHGTGELFF	AFPFTIYSL
CASSASGEQFF	AFPFTIYSL
CASGLAGVAGELFF	AFPFTIYSL
CSPIEFKRLYEQYF	AFPFTIYSL
CASSLRTGGGYTF	AFPFTIYSL
CASSSSGYGYTF	AFPFTIYSL
CATSGALAEQYF	AFPFTIYSL
CASSFGPHVSF	AFPFTIYSL
CASSEAGGANEQFF	AFPFTIYSL
CASSLAGGSYNEQFF	AFPFTIYSL
CASSPGLAGAFSTDTQYF	AFPFTIYSL
CSARGPVLAGNYNEQFF	AFPFTIYSL
CASSLVGQSYEQYF	AFPFTIYSL
CASSQERGGETQYF	AFPFTIYSL
CSVERGSNEQFF	AFPFTIYSL
CASRDYPEQYF	AFPFTIYSL
CASSHGNSPLHF	AFPFTIYSL
CASSQSTGPNQPQHF	AFPFTIYSL
CASSPGPMAFF	AFPFTIYSL
CASSQDLQGHEQYF	AFPFTIYSL
CASSLSGELFF	AFPFTIYSL
CSVRRIEGSLNEKLFF	AFPFTIYSL
CASSLGGNAKNIQYF	AFPFTIYSL
CASSLRDF	AFPFTIYSL
CASSTAGQGSLDGYTF	AFPFTIYSL
CSVEDGGGYEQYF	AFPFTIYSL
CASSEGLAADTQYF	AFPFTIYSL
CASSLSLGFYEQYF	AFPFTIYSL
CAISESGRRYEQFF	AFPFTIYSL
CSANDRDGYEQYF	AFPFTIYSL
CASSFQGVWADTQYF	AFPFTIYSL
CASSLDQLDRGHRAEAFF	AFPFTIYSL
CASTEGPSGVYNEQFF	AFPFTIYSL
CSVEQGMGNEQFF	AFPFTIYSL
CASSASRDPPHGSYNEQFF	AFPFTIYSL
CASSASEEQFF	AFPFTIYSL
CAGRGNEQFF	AFPFTIYSL
CASSLEQGSDTQYF	AFPFTIYSL
CASSPVRGSSYEQYF	AFPFTIYSL
CASSFSETQYF	AFPFTIYSL
CASSFGTTEAFF	AFPFTIYSL
CASSIGGGNEQFF	AFPFTIYSL
CASSVEASSVYNEQFF	AFPFTIYSL
CASSTSGYEQYF	AFPFTIYSL
CASSQEPAAGLNSPLHF	AFPFTIYSL
CASSSGPPGTNEKLFF	AFPFTIYSL
CASSLGGLDFF	AFPFTIYSL
CATSGFGLAGPTDTQYF	AFPFTIYSL
CASSPQDTGELFF	AFPFTIYSL
CASSEALHTGGEQFF	AFPFTIYSL
CASSPAGTPTF	AFPFTIYSL
CASGGRELFF	AFPFTIYSL
CASSFGGAGANVLTF	AFPFTIYSL
CASGPSWGYTF	AFPFTIYSL
CASSLEGRNEQFF	AFPFTIYSL
CASSPSGGDQYF	AFPFTIYSL
CSVKTGVSGNTIYF	AFPFTIYSL
CASSMFIGGNYGYTF	AFPFTIYSL
CASSYSETQYF	AFPFTIYSL
CASSSATGYNEQFF	AFPFTIYSL
CSASGSGSYYEQYF	AFPFTIYSL
CASSVSYGYTF	AFPFTIYSL
CAITASGYEQYF	AFPFTIYSL
CASSPTGETQYF	AFPFTIYSL
CSAPDYNEQFF	AFPFTIYSL
CATEIRGAAAFF	AFPFTIYSL
CASSYAGELFF	AFPFTIYSL
CASSLELAGDLGTQYF	AFPFTIYSL
CASSTSGETQYF	AFPFTIYSL
CAISGTGTGDSYEQYF	AFPFTIYSL
CASSQERIGEAFF	AFPFTIYSL
CASSPSGVEQFF	AFPFTIYSL
CSVDGGLNTEAFF	AFPFTIYSL
CSASESRGAWEQYF	AFPFTIYSL
CSAPRPVGQGRYSNQPQHF	AFPFTIYSL
CASSDWALGTDTQYF	AFPFTIYSL
CASSYTLAGETPSTDTQYF	AFPFTIYSL
CAIGLGNEQFF	AFPFTIYSL
CASSFGGAGTDTQYF	AFPFTIYSL
CSASTLAGVSLGNEQFF	AFPFTIYSL
CASSLAQPSGANVLTF	AFPFTIYSL
CASSAGALEQFF	AFPFTIYSL
CASTVSGSEQYF	AFPFTIYSL
CASSLTGEKLFF	AFPFTIYSL
CASSLGPERNF	AFPFTIYSL
CASSQGSTEAFF	AFPFTIYSL
CASSLTGYEQYF	AFPFTIYSL
CASSFEGSSAYTF	AFPFTIYSL
CASSFRDIANYGYTF	AFPFTIYSL
CATSRVAKPEQFF	AFPFTIYSL
CASSPSGRYEQYF	AFPFTIYSL
CASSFLAGELFF	AFPFTIYSL
CASSFAGAGDQPQHF	AFPFTIYSL
CSAFGLAGGAYEQYF	AFPFTIYSL
CASLGGRGAFF	AFPFTIYSL
CASSFSGLEQFF	AFPFTIYSL
CASSHGLAGVEQFF	AFPFTIYSL
CASSPTGETQYF	AFPFTIYSL
CASGLTDTQYF	AFPFTIYSL
CASSLQGPGELFF	AFPFTIYSL
CASSRDEQFF	AFPFTIYSL
CASSRGLEAFF	AFPFTIYSL
CASSWSFYEQYF	AFPFTIYSL
CASSSRDSSRGLEQYF	AFPFTIYSL
CASSPAWGGTGLLAGGYEQYF	AFPFTIYSL
CASTGGFSYEQYF	AFPFTIYSL
CATSELAGNEQFF	AFPFTIYSL
CASSFPGGEQFF	AFPFTIYSL
CAVISGYNEQFF	AFPFTIYSL
CASSFSGIAFF	AFPFTIYSL
CASGQGAIEQYF	AFPFTIYSL
CASSPTGEKLFF	AFPFTIYSL
CASSYSILGESEQYF	AFPFTIYSL
CASSSTDTQYF	AFPFTIYSL
CSVLTGTYEQYF	AFPFTIYSL
CASSASGGSTDTQYF	AFPFTIYSL
CASSLTYSLYF	AFPFTIYSL
CSETLQGAGGYTF	AFPFTIYSL
CASRSGRDQYF	AFPFTIYSL
CASSYGAVEQFF	AFPFTIYSL
CASSLTDTQYF	AFPFTIYSL
CASGPGELFF	AFPFTIYSL
CASSLAGGLFSPDTQYF	AFPFTIYSL
CASSFSGLETQYF	AFPFTIYSL
CASSLYTGGSLNEKLFF	AFPFTIYSL
CASRLLLDGNTEAFF	AFPFTIYSL
CASSPGTFTYF	AFPFTIYSL
CASSVYTDTQYF	AFPFTIYSL
CASSGHRNTEAFF	AFPFTIYSL
CASSYNRGNEQYF	AFPFTIYSL
CASSLGQLYEQYF	AFPFTIYSL
CASSEQGEKLFF	AFPFTIYSL
CASSPGLAGEQYF	AFPFTIYSL
CASSLVGNEQFF	AFPFTIYSL
CASSQAYTQYF	AFPFTIYSL
CASSYPGGEAFF	AFPFTIYSL
CSARDQEDSYNEQFF	AFPFTIYSL
CASSAGGPEQFF	AFPFTIYSL
CSATSGRETQYF	AFPFTIYSL
CASSTFAGVYEQYF	AFPFTIYSL
CSARDLGGGPNIYNEQFF	AFPFTIYSL
CASSQGNNEQFF	AFPFTIYSL
CASSPAIGYNSPLHF	AFPFTIYSL
CASSLLGSNTGELFF	AFPFTIYSL
CASSPSGNTIYF	AFPFTIYSL
CASGASVEFF	AFPFTIYSL
CASSVEEGGVTDTQYF	AFPFTIYSL
CASSGGGYTF	AFPFTIYSL
CASSFSGVEQYF	AFPFTIYSL
CASSYAADEAFF	AFPFTIYSL
CASGLTAETQYF	AFPFTIYSL
CASSLSGHEQFF	AFPFTIYSL
CASSLSGGAPSTDTQYF	AFPFTIYSL
CASSLGPGTVGAGELFF	AFPFTIYSL
CASHNRGSSYNEQFF	AFPFTIYSL
CASSLVGEQFF	AFPFTIYSL
CASSKDLKRRQFF	AFPFTIYSL
CSESPSGTGNSNGYTF	AFPFTIYSL
CSARGSDRGAYNEQFF	AFPFTIYSL
CASSLILGETQYF	AFPFTIYSL
CASGGTDTQYF	AFPFTIYSL
CASSLSLGFIPGQGDSGYGYTF	AFPFTIYSL
CASSPTGFEQYF	AFPFTIYSL
CASSYSMGEGPLTGGYNEQFF	AFPFTIYSL
CASGGGINYGYTF	AFPFTIYSL
CASSQGDRANSPLHF	AFPFTIYSL
CASSSGTVKYF	AFPFTIYSL
CASSLPGRGYTF	AFPFTIYSL
CSAPEYNEQFF	AFPFTIYSL
CASSQAEEQYF	AFPFTIYSL
CSVVPGQGVGYTF	AFPFTIYSL
CSARVRVSGNTIYF	AFPFTIYSL
CASSVSGNTIYF	AFPFTIYSL
CASSYAGTTQYF	AFPFTIYSL
CATPAGASGYTF	AFPFTIYSL
CSASGTPPQETQYF	AFPFTIYSL
CSASNSQETQYF	AFPFTIYSL
CASSFGQAKYF	AFPFTIYSL
CATSELGDEQYF	AFPFTIYSL
CASSEHSSGGYNEQFF	AFPFTIYSL
CASSLSGETQYF	AFPFTIYSL
CSVMGQNTGELFF	AFPFTIYSL
CASSQGAYGYTF	AFPFTIYSL
CSARGRTGGRYTEAFF	AFPFTIYSL
CASSLRHLIENSPLHF	AFPFTIYSL
CASSLFGGSKFHEQYF	AFPFTIYSL
CASRGTGQGHEKLFF	AFPFTIYSL
CASSSGTVEHF	AFPFTIYSL
CSVLTGAGTGELFF	AFPFTIYSL
CASSFSRVQFF	AFPFTIYSL
CATSRGQGYEQYF	AFPFTIYSL
CATSRAGQGYEQYF	AFPFTIYSL
CASSPGGEKLFF	AFPFTIYSL
CASSLMVPGTEAFF	AFPFTIYSL
CSVVWQGAKVAGELFF	AFPFTIYSL
CASSLKGETQYF	AFPFTIYSL
CSANSGEETQYF	AFPFTIYSL
CAISGQSVSYEQYF	AFPFTIYSL
CASSNLGSYEQYF	AFPFTIYSL
CASSPGTSGIYNEQFF	AFPFTIYSL
CASSLVLDVGIQYF	AFPFTIYSL
CASSPDGGARSDTQYF	AFPFTIYSL
CASRSYTEAFF	AFPFTIYSL
CASSPRTGTQYF	AFPFTIYSL
CASSPNGAEQFF	AFPFTIYSL
CASSASLPDTQYF	AFPFTIYSL
CSALGGEGTGELFF	AFPFTIYSL
CASSPSGMAQHF	AFPFTIYSL
CASSLTGQGEQYF	AFPFTIYSL
CASSKSGTSGRAQSYEQYF	AFPFTIYSL
CSARVMVLAGAGDETQYF	AFPFTIYSL
CASSFSYEQYF	AFPFTIYSL
CASSPTGYGGYTF	AFPFTIYSL
CASSAGTPIAFF	AFPFTIYSL
CASSLAGAGETQYF	AFPFTIYSL
CSVIMGQGNTGELFF	AFPFTIYSL
CASSPRSGTSYNEQFF	AFPFTIYSL
CASSQTGAEAFF	AFPFTIYSL
CATGGLAEHKNQETQYF	AFPFTIYSL
CASSLGQVYTEAFF	AFPFTIYSL
CASSFSIEQYF	AFPFTIYSL
CSARVYVEQFF	AFPFTIYSL
CSATSSRGRGTNEKLFF	AFPFTIYSL
CASSHTGEDYEQYF	AFPFTIYSL
CASSVVGVEQFF	AFPFTIYSL
CASSLTGEKLFF	AFPFTIYSL
CASSLTGGADGYTF	AFPFTIYSL
CASTYESLYGYTF	AFPFTIYSL
CSALTEGYTF	AFPFTIYSL
CASNQGSYEQYF	AFPFTIYSL
CASSKTPFSRGIGEQYF	AFPFTIYSL
CSASLMSPGANEKLFF	AFPFTIYSL
CASSPTGAEAFF	AFPFTIYSL
CASSGTSGYYEQYF	AFPFTIYSL
CASSLSGALTDTQYF	AFPFTIYSL
CASTLAGELFF	AFPFTIYSL
CASSFAGEQYF	AFPFTIYSL
CASSPGQGPEAFF	AFPFTIYSL
CASSALAGGLNEQFF	AFPFTIYSL
CASSIYQVPNQPQHF	AFPFTIYSL
CASSLLGTQYEQYF	AFPFTIYSL
CASSETGYGYTF	AFPFTIYSL
CASSFGFDRGRGNQPQHF	AFPFTIYSL
CASSPTSYEQYF	AFPFTIYSL
CASSDGLAGLQNEQFF	AFPFTIYSL
CASSQDYFSGGAVNTEAFF	AFPFTIYSL
CASSQGWETQYF	AFPFTIYSL
CASSSGGGGTYEQYF	AFPFTIYSL
CASSPTGAIQYF	AFPFTIYSL
CASSQGGWLFF	AFPFTIYSL
CASSVNSNQPQHF	AFPFTIYSL
CASSYGSYGYTF	AFPFTIYSL
CSAPNQGYSYEQYF	AFPFTIYSL
CASSLSGFLYEQYF	AFPFTIYSL
CASSPTGYEQYF	AFPFTIYSL
CASSWGAYEQYF	AFPFTIYSL
CASSFGSYEQYF	AFPFTIYSL
CASNWGSGSYEQYF	AFPFTIYSL
CASSLLGETQYF	AFPFTIYSL
CSAMTGYGYTF	AFPFTIYSL
CASSFSFMNQPQHF	AFPFTIYSL
CASSLGTGGEQYF	AFPFTIYSL
CSVEVGSGYEQYF	AFPFTIYSL
CASSPTGNGYTF	AFPFTIYSL
CASSLDGIYGYTF	AFPFTIYSL
CASSTTGGLGFF	AFPFTIYSL
CASSWGGELFF	AFPFTIYSL
CASSSSGASTDTQYF	AFPFTIYSL
CASGGYGYTF	AFPFTIYSL
CASSTTPGRKLFF	AFPFTIYSL
CASSEYNQPQHF	AFPFTIYSL
CASGGGGHEQYF	AFPFTIYSL
CAISEGQDSYEQYF	AFPFTIYSL
CASSLGGRDTQYF	AFPFTIYSL
CASRGQGPYEQYF	AFPFTIYSL
CASSPLAELGYEQYF	AFPFTIYSL
CASSFVADTQYF	AFPFTIYSL
CSVEAGTDTQYF	AFPFTIYSL
CASSLSGETQYF	AFPFTIYSL
RASSLAKFLSNQPQHF	AFPFTIYSL
CSAVTSGTSYEQYF	AFPFTIYSL
CASSSGQGVSYTGELFF	AFPFTIYSL
CASTLGGEKLFF	AFPFTIYSL
CSAETLAGHYEQYF	AFPFTIYSL
CASSVEGGLDEQFF	AFPFTIYSL
CASSPTGATQYF	AFPFTIYSL
CASSFAGYEQYF	AFPFTIYSL
CSVDQGRGVQFF	AFPFTIYSL
CASSLAEQGDTQYF	AFPFTIYSL
CASSFSYEQYF	AFPFTIYSL
CASSHFPPEGYTF	AFPFTIYSL
CASSQDGPHGSSYNEQFF	AFPFTIYSL
CASSQGVRAYGYTF	AFPFTIYSL
CASSSTGNEQFF	AFPFTIYSL
CASSLGGDEQYF	AFPFTIYSL
CASSVEGGPDTQYF	AFPFTIYSL
CASSVQGNTEAFF	AFPFTIYSL
CASSRTGELFF	AFPFTIYSL
CASSPWIF	AFPFTIYSL
CASSLVGEKLFF	AFPFTIYSL
CASSFAAEQFF	AFPFTIYSL
CASDYGAGFEQFF	AFPFTIYSL
CASSEAVAGPYEQYF	AFPFTIYSL
CASSDPGNTIYF	AFPFTIYSL
CASLERGELFF	AFPFTIYSL
CASITGWYAFF	AFPFTIYSL
CSASGLAGAHEQYF	AFPFTIYSL
CAMTSGTGYTF	AFPFTIYSL
CSVRTGDRYEQYF	AFPFTIYSL
CASSFVDEQFF	AFPFTIYSL
CSATSGRTYEQYF	AFPFTIYSL
CASSKGDGYTF	AFPFTIYSL
CASSLFQGAEYGYTF	AFPFTIYSL
CASSQGPARNYGYTF	AFPFTIYSL
CASSPTGFEQYF	AFPFTIYSL
CASSQYRAPNQPQHF	AFPFTIYSL
CASSVDGHFLGNTIYF	AFPFTIYSL
CATADRGEQFF	AFPFTIYSL
CSVEAGGGYEQYF	AFPFTIYSL
CASSPGGNLRSF	AFPFTIYSL
CASSGAGGQADTQYF	AFPFTIYSL
CASSLQGAFAEAFF	AFPFTIYSL
CASSTLAGGLTDTQYF	AFPFTIYSL
CASNPPGGNEQFF	AFPFTIYSL
CASSVSREQYF	AFPFTIYSL
CASSFDGTQYF	AFPFTIYSL
CASSPLGTSGGGELFF	AFPFTIYSL
CSALRVAGGVSYEQYF	AFPFTIYSL
CSARLAGGPPGSYNEQFF	AFPFTIYSL
CASSSPGRRNSPLHF	AFPFTIYSL
CASSLSGPYNEQFF	AFPFTIYSL
CASSLGARGYTF	AFPFTIYSL
CASSPGGETQYF	AFPFTIYSL
CASSTELGSYNEQFF	AFPFTIYSL
CASSQDSGGVGYTF	AFPFTIYSL
CASGQGFDEQFF	AFPFTIYSL
CASSLWTGEGTYEQYF	AFPFTIYSL
CASSYQETQYF	AFPFTIYSL
CASSVTGAGEQFF	AFPFTIYSL
CASSPDYNEQFF	AFPFTIYSL
CASSKAGRRLFF	AFPFTIYSL
CSVEDRVALDTQYF	AFPFTIYSL
CASSHEPAGGWYNEQFF	AFPFTIYSL
CASSSPGTGWIQQYF	AFPFTIYSL
CSVVGQEGTGELFF	AFPFTIYSL
CASTMGDTQYF	AFPFTIYSL
CASSGGGSFGTSGWEQYF	AFPFTIYSL
CASIFSGGYTF	AFPFTIYSL
CASSLSGQGNEQFF	AFPFTIYSL
CASNLDLRGYSNQPQHF	AFPFTIYSL
CASSFSGTGSGETQYF	AFPFTIYSL
CSARDLSGLNTEAFF	AFPFTIYSL
CASSQNSYEQYF	AFPFTIYSL
CASSSDSPAEQYF	AFPFTIYSL
CAISSGTGDYEQYF	AFPFTIYSL
CASSLASETFF	AFPFTIYSL
CASSLSPGQSGYTF	AFPFTIYSL
CASSPTGYEQYF	AFPFTIYSL
CSVELGRGYEQYF	AFPFTIYSL
CSVPSGSSYEQYF	AFPFTIYSL
CASASGYYNEQFF	AFPFTIYSL
CASSSGGTEAFF	AFPFTIYSL
CASSWSGRGYTF	AFPFTIYSL
CASSLGGSLHEQYF	AFPFTIYSL
CATSSVAAEQFF	AFPFTIYSL
CASRKIGGVAGANVLTF	AFPFTIYSL
CASSPVGYIGAFF	AFPFTIYSL
CASSLAGLEQFF	AFPFTIYSL
CASSDLAGTNEQFF	AFPFTIYSL
CASSLSGNTIYF	AFPFTIYSL
CASSYSHEQYF	AFPFTIYSL
CASSLQGEKLFF	AFPFTIYSL
CASSFTQKLFF	AFPFTIYSL
CSVVSALDNYGYTF	AFPFTIYSL
CASSSPRGDRLKSSYEQYF	AFPFTIYSL
CASSYSAYDRDQETQYF	AFPFTIYSL
CASSEAGNEQFF	AFPFTIYSL
CASSLTYEQYF	AFPFTIYSL
CASSFSAEQYF	AFPFTIYSL
CASSRDSSPVYSNQPQHF	AFPFTIYSL
CASSFSGLARYF	AFPFTIYSL
CASSLSEEGETQYF	AFPFTIYSL
CASSDLAGGLNEQFF	AFPFTIYSL
CSAPDRGINTEAFF	AFPFTIYSL
CASSPAGDTQYF	AFPFTIYSL
CSAPTSGGSTDTQYF	AFPFTIYSL
CASSLVSGGPEKLFF	AFPFTIYSL
CASSINSGAVNEQFF	AFPFTIYSL
CASSPTGEGYTF	AFPFTIYSL
CASSLGVLNTEAFF	AFPFTIYSL
CASSKGSTGGATNEKLFF	AFPFTIYSL
CASSLGETQYF	AFPFTIYSL
CASSLYAGTVEQYF	AFPFTIYSL
CASSGQPGRDTYEQYF	AFPFTIYSL
CASSFYGFVTEQYF	AFPFTIYSL
CASREAGNYNEQFF	AFPFTIYSL
CASSFVGEQFF	AFPFTIYSL
CASSPDVNANTGELFF	AFPFTIYSL
CASSLSSYQYF	AFPFTIYSL
CASSRDYEQYF	AFPFTIYSL
CSVETGLNTEAFF	AFPFTIYSL
CASSEAGGQSDTQYF	AFPFTIYSL
CASSPDRESNQPQHF	AFPFTIYSL
CASQQATWETQYF	AFPFTIYSL
CAYGTEDNEQYF	AFPFTIYSL
CASSLDRVYGYTF	AFPFTIYSL
CASSPGGGARDPSYEQYF	AFPFTIYSL
CASSAQGSAFF	AFPFTIYSL
CASSLGGVYSNQPQHF	AFPFTIYSL
CASSDPGGGQPQHF	AFPFTIYSL
CASSWTTEAFF	AFPFTIYSL
CASSLAGELFF	AFPFTIYSL
CASSLGSNEQFF	AFPFTIYSL
CASSVGDTYEQYF	AFPFTIYSL
CASSLSAEAFF	AFPFTIYSL
CASSEWTAEAFF	AFPFTIYSL
CASSPAGNEQFF	AFPFTIYSL
CASSLGAKQYF	AFPFTIYSL
CSARTGAEETQYF	AFPFTIYSL
CSRGGLAGVRADTQYF	AFPFTIYSL
CASSAGARQYF	AFPFTIYSL
CSAPRTSGSAAQETQYF	AFPFTIYSL
CASSLEGFYRFF	AFPFTIYSL
CSAIEGLTYEQYF	AFPFTIYSL
CSVEQGSYEQYF	AFPFTIYSL
CSVEGGGGYEQFF	AFPFTIYSL
CASSTRLAGGFQETQYF	AFPFTIYSL
CASSFSYEQYF	AFPFTIYSL
CASSIGGGVLTF	AFPFTIYSL
CASSVFGGYEQYF	AFPFTIYSL
CSASPVPIWGEQYF	AFPFTIYSL
CASSLENYGYTF	AFPFTIYSL
CASSFTGNEQFF	AFPFTIYSL
CASSLGPSAQGSSYEQYF	AFPFTIYSL
CASSRTEALTEAFF	AFPFTIYSL
CASSQGARGYTF	AFPFTIYSL
CSADDRDGNQPQHF	AFPFTIYSL
CASSFEGAGGIQYF	AFPFTIYSL
CSALGLASYNEQFF	AFPFTIYSL
CASTLVAGGYNEQFF	AFPFTIYSL
CASRELAGGPSEQFF	AFPFTIYSL
CASSPRRADNSPLHF	AFPFTIYSL
CASSHLSEQFF	AFPFTIYSL
CASSGAGEKLFF	AFPFTIYSL
CATSRGSRYEQYF	AFPFTIYSL
CSARDWAAVLTF	AFPFTIYSL
CASGYTGVPFF	AFPFTIYSL
CASSWTGNEQYF	AFPFTIYSL
CSVVIGGYGYTF	AFPFTIYSL
CASSVTGELFF	AFPFTIYSL
CASSQEVAQETQYF	AFPFTIYSL
CACSGGGNEQFF	AFPFTIYSL
CASSPEGPFYEQYF	AFPFTIYSL
CASSPAGEKLFF	AFPFTIYSL
RAKHPRDPGTPRWTDTQYF	AFPFTIYSL
CSVEDWSGYNEQFF	AFPFTIYSL
CAISDQGLTYEQYF	AFPFTIYSL
CASSSSGGSTDTQYF	AFPFTIYSL
CASSQEGRVEQFF	AFPFTIYSL
CASVGSGDGYTF	AFPFTIYSL
CASSYSGNTIYF	AFPFTIYSL
CASSFGEQFF	AFPFTIYSL
CASSYSPSAYEQFF	AFPFTIYSL
CSATPAGGIYEQYF	AFPFTIYSL
CASSPVNTGELFF	AFPFTIYSL
CASSGDVVISPYEQYF	AFPFTIYSL
CSASISPSRGVLFNTEAFF	AFPFTIYSL
CASSPGYNEQFF	AFPFTIYSL
CASSFPRQGVETQYF	AFPFTIYSL
CASSPDGYEQYF	AFPFTIYSL
CASTLGLWPEAFF	AFPFTIYSL
CASGLEAFF	AFPFTIYSL
CASSFGGFPFF	AFPFTIYSL
CASSDSGDTQYF	AFPFTIYSL
CASSFTSWGYTF	AFPFTIYSL
CASSSWGSGANVLTF	AFPFTIYSL
CASSLTGHEQFF	AFPFTIYSL
CASSFAGKLFF	AFPFTIYSL
CASARGQPQHF	AFPFTIYSL
CATSPRDRAEQYF	AFPFTIYSL
CASSYSSNAYF	AFPFTIYSL
CAISGLSGANVLTF	AFPFTIYSL
CASSPNSLGLSSYNEQFF	AFPFTIYSL
CASAGVGKLFF	AFPFTIYSL
CASSDGASGTDEQFF	AFPFTIYSL
CASSPGAEAFF	AFPFTIYSL
CASSFTGGEAFF	AFPFTIYSL
CSVERTGGSNEKLFF	AFPFTIYSL
CATSEVQETQYF	AFPFTIYSL
CSAVGGTGELFF	AFPFTIYSL
CASSFAAEQFF	AFPFTIYSL
CASSPTGAEAFF	AFPFTIYSL
CASSVAGLENEQFF	AFPFTIYSL
CASSSRQDLSYNEQFF	AFPFTIYSL
CASSLTGGYGYTF	AFPFTIYSL
CATSRGGAPYEQYF	AFPFTIYSL
CSARDFLGGDSRGYTF	AFPFTIYSL
CASAGGPEQYF	AFPFTIYSL
CASSLSGPTNYGYTF	AFPFTIYSL
CASSPTGAQGYF	AFPFTIYSL
CASSWGLAGANTGELFF	AFPFTIYSL
CASSPPPHSGPTGGQYF	AFPFTIYSL
CASSVEGVPYNEQFF	AFPFTIYSL
CASSYSSGTIYF	AFPFTIYSL
CASSATGGHEQYF	AFPFTIYSL
CASSFTETQYF	AFPFTIYSL
CSVEVGVGYEQYF	AFPFTIYSL
CASSYNRGNEQFF	AFPFTIYSL
CASSTSGETQYF	AFPFTIYSL
CSARGGLDPNNEQFF	AFPFTIYSL
CSASGGAGELFF	AFPFTIYSL
CASSSVGTQYF	AFPFTIYSL
CASSSLAGLYNEQFF	AFPFTIYSL
CASSPQGAPNYEQYF	AFPFTIYSL
CASSSPDWNTQYF	AFPFTIYSL
CASSPEGRPEAFF	AFPFTIYSL
CATQRGFEQFF	AFPFTIYSL
CASRAGELFF	AFPFTIYSL
CASSGSGETQYF	AFPFTIYSL
CASSIVPGLNYGYTF	AFPFTIYSL
CASGRLDEQYF	AFPFTIYSL
CASSFSNEQFF	AFPFTIYSL
CASSLAGYNEQFF	AFPFTIYSL
CASSLGGPMGGYTF	AFPFTIYSL
CASSPSGNTIYF	AFPFTIYSL
CASSPWTSEKYNEQFF	AFPFTIYSL
CSANLAQETQYF	AFPFTIYSL
CASSLRGGELFF	AFPFTIYSL
CASSFTAEAFF	AFPFTIYSL
CASSYGGTEAFF	AFPFTIYSL
CASSPSGHEQFF	AFPFTIYSL
CSVEEGTGNTIYF	AFPFTIYSL
CASTYGGPNTEAFF	AFPFTIYSL
CASSPSGGYNEQFF	AFPFTIYSL
CSARAGWQGNYGYTF	AFPFTIYSL
CASTNGGTGYGYTF	AFPFTIYSL
CASSYGGGEQFF	AFPFTIYSL
CASSEADGTGEQYF	AFPFTIYSL
CASSDAPGTGVGEQYF	AFPFTIYSL
CSATGGTEENYEQYF	AFPFTIYSL
CASSRDYEDNEQFF	AFPFTIYSL
CASSLVGEKLFF	AFPFTIYSL
CASGPAGARGYGYTF	AFPFTIYSL
CASSVRPGREQYF	AFPFTIYSL
CSVEAGDGYEQYF	AFPFTIYSL
CASSQTGSYEQYF	AFPFTIYSL
CASSPTWDAGHTDTQYF	AFPFTIYSL
CASSNRQQGSYEQYF	AFPFTIYSL
RASSLESYNEQFF	AFPFTIYSL
CASSPGGIQYF	AFPFTIYSL
CSVELNTEAFF	AFPFTIYSL
CASSVELAGLFNEQFF	AFPFTIYSL
CASSLFREDEQFF	AFPFTIYSL
CASSWGTVTGELFF	AFPFTIYSL
CASSLWTGETYGYTF	AFPFTIYSL
CASSLAGDNEQFF	AFPFTIYSL
CASSRRGTDYTGELFF	AFPFTIYSL
CASVSGTQYF	AFPFTIYSL
CASTFAGELFF	AFPFTIYSL
CASSYPLSGTSDPETQYF	AFPFTIYSL
CASSFTGSEQFF	AFPFTIYSL
CASSVGDEKLFF	AFPFTIYSL
CSVEYGGGEQFF	AFPFTIYSL
CASSFTGETQYF	AFPFTIYSL
CASSYSTGRGLETQYF	AFPFTIYSL
CASSISYEQYF	AFPFTIYSL
CAISEGQGIGTEAFF	AFPFTIYSL
CASSFTGNEQFF	AFPFTIYSL
CSVEEGTGFEQYF	AFPFTIYSL
CASPSGNEEKLFF	AFPFTIYSL
CASSPGGQGSYEQYF	AFPFTIYSL
CASSDCETGRPQHF	AFPFTIYSL
CASSPGYEQYF	AFPFTIYSL
CASSEGTGAIAYNEQFF	AFPFTIYSL
CASSLTPETYEQYF	AFPFTIYSL
CASSQSGSLDF	AFPFTIYSL
CASSGTGESTYEQYF	AFPFTIYSL
CASSEGTSGRHSYNEQFF	AFPFTIYSL
CASSSSGNTIYF	AFPFTIYSL
CASGGGELFF	AFPFTIYSL
CASAPTGLTQYF	AFPFTIYSL
CASARGDEQFF	AFPFTIYSL
CASSSDTGSYEQYF	AFPFTIYSL
CAISDGSGDRRTDTQYF	AFPFTIYSL
CASSAGLAGDYEQYF	AFPFTIYSL
CASSSTAGQYF	AFPFTIYSL
CASSEGGALGHF	AFPFTIYSL
CASSLAPERDQYF	AFPFTIYSL
CASSGTPGLAASEQYF	AFPFTIYSL
CASSLGRDRDNQPQHF	AFPFTIYSL
CASSQAGPRAFF	AFPFTIYSL
CAIESTYGYTF	AFPFTIYSL
CASSYGGSSYNEQFF	AFPFTIYSL
CASTFSGASAFF	AFPFTIYSL
CASSLGTNTEAFF	AFPFTIYSL
CSARESIPLGGTSAYNEQFF	AFPFTIYSL
CASSPDPSYEQYF	AFPFTIYSL
CASSPAGDEQFF	AFPFTIYSL
CASSQEGLAGGPSTDTQYF	AFPFTIYSL
CSARTSGGEQYF	AFPFTIYSL
CASSRTGGDGYTF	AFPFTIYSL
CAISESGQLAFF	AFPFTIYSL
CASGEFELFF	AFPFTIYSL
CSVPHPLRAIEQFF	AFPFTIYSL
CASSDGGGLYNEQFF	AFPFTIYSL
CATPGRLAGGPNEQFF	AFPFTIYSL
CASSWTGGDEQYF	AFPFTIYSL
CASSVELAGDFGTQYF	AFPFTIYSL
CASSYFTGDSNQPQHF	AFPFTIYSL
CASSPTGFEQFF	AFPFTIYSL
CSALGSNYGYTF	AFPFTIYSL
CSARDSLDSRPYEQYF	AFPFTIYSL
CSVLQGGTEAFF	AFPFTIYSL
CASSQDTVDRGGTNEKLFF	AFPFTIYSL
CASSWDTNYGYTF	AFPFTIYSL
CASSLTMNYGYTF	AFPFTIYSL
CASNYGGTEAFF	AFPFTIYSL
CASSAAGVEDEQFF	AFPFTIYSL
CASLVFYEQYF	AFPFTIYSL
CASSFSGETQYF	AFPFTIYSL
CASSYVGNEQFF	AFPFTIYSL
CATSRAAVGQGYEQYF	AFPFTIYSL
CSVEEGEHGNTIYF	AFPFTIYSL
CASSLAMRGAYSYEQYF	AFPFTIYSL
CSAREDRPPYEQYF	AFPFTIYSL
CASSPSGYEQFF	AFPFTIYSL
CASTSSTEDYEQYF	AFPFTIYSL
CASSPTGGELFF	AFPFTIYSL
CASSYLAAGGRRTQYF	AFPFTIYSL
CASSANDFFSPLHF	AFPFTIYSL
CSVESGQGFEQYF	AFPFTIYSL
CASSQTESSYEQYF	AFPFTIYSL
CASSLLAGGYNEQFF	AFPFTIYSL
CASSYAEKLFF	AFPFTIYSL
CSATLAGTTYEQYF	AFPFTIYSL
CASSMTGVEQYF	AFPFTIYSL
CSVIGVDAGANVLTF	AFPFTIYSL
CASSLEGGAEQFF	AFPFTIYSL
CASSYSEGVTEAFF	AFPFTIYSL
CASSDTGNGYTF	AFPFTIYSL
CASSFNAVGAPGELFF	AFPFTIYSL
CASSFAGNNEQFF	AFPFTIYSL
CSATTSGSTYEQYF	AFPFTIYSL
CASSPTGTEAFF	AFPFTIYSL
CSLTSGRATDTQYF	AFPFTIYSL
CASSLGGYGYTF	AFPFTIYSL
CASSGTGGETQYF	AFPFTIYSL
CASSQELGPLGYTF	AFPFTIYSL
CASSYNYEQYF	AFPFTIYSL
CASSLGRSYTEAFF	AFPFTIYSL
CASSSSYEQYF	AFPFTIYSL
CASSSPGRGRVFDEQFF	AFPFTIYSL
CASSEGLSSYEQYF	AFPFTIYSL
CASSHGDTQYF	AFPFTIYSL
CATLSGELFF	AFPFTIYSL
CATSDNSEGNEQFF	AFPFTIYSL
CASSQVGETQYF	AFPFTIYSL
CASSFMAEQFF	AFPFTIYSL
CASSRVGTGDEQYF	AFPFTIYSL
CASSSTLHSYEQYF	AFPFTIYSL
CASSFAVLLEQFF	AFPFTIYSL
CARTALGESTDTQYF	AFPFTIYSL
CASSPSSQGNQPQHF	AFPFTIYSL
CSPILDNEQFF	AFPFTIYSL
CASSFAGIQYF	AFPFTIYSL
CASSHGGFEQFF	AFPFTIYSL
CSVADGQGKGETQYF	AFPFTIYSL
CSARDEATGNEKLFF	AFPFTIYSL
CSATNGQETQYF	AFPFTIYSL
CASSVDLGQVSYNEQFF	AFPFTIYSL
CSAEQGTGYEQYF	AFPFTIYSL
CASSPLGAGGYEQYF	AFPFTIYSL
CASSYGAHEQYF	AFPFTIYSL
CASNDLGETYEQYF	AFPFTIYSL
CASSYSGETQYF	AFPFTIYSL
CSSSGIPTYEQYF	AFPFTIYSL
CASSYGNSPLHF	AFPFTIYSL
CASSLLGWDEQYF	AFPFTIYSL
CASSVQGFYEQYF	AFPFTIYSL
CASSFNHEQYF	AFPFTIYSL
CATTLGGLETQYF	AFPFTIYSL
CASSFSGLALSTDTQYF	AFPFTIYSL
CASSSSGPKEGQPQHF	AFPFTIYSL
CASWALNEKLFF	AFPFTIYSL
CASSMTGSELFF	AFPFTIYSL
CASSVYNSPETQYF	AFPFTIYSL
CASSAPTGQGDYEQYF	AFPFTIYSL
CSAGTGDGYEQYF	AFPFTIYSL
CASSRGGASTDTQYF	AFPFTIYSL
CASSLSSWYEQFF	AFPFTIYSL
CASIEAGGPADTQYF	AFPFTIYSL
CASSAVGIGGPQAFF	AFPFTIYSL
CASSVDLGEHNEQFF	AFPFTIYSL
CASFSQGVYNEQFF	AFPFTIYSL
CASSPSGFGYTF	AFPFTIYSL
CASSFPLARGYNEQFF	AFPFTIYSL
CSASAPGTSGDYEQYF	AFPFTIYSL
CATSREDSAEQYF	AFPFTIYSL
CASSQDWSGASYTF	AFPFTIYSL
CSATTSGGPYEQYF	AFPFTIYSL
CSASGAAETQYF	AFPFTIYSL
CSVWDKNGYTF	AFPFTIYSL
CASSQGVGTEAFF	AFPFTIYSL
CASSSQGIQPQHF	AFPFTIYSL
CSVERGRGYEQYF	AFPFTIYSL
CASEYGNTIYF	AFPFTIYSL
CASSPEAGRSYEQYF	AFPFTIYSL
CASSFSHEQFF	AFPFTIYSL
CASGWGSLFF	AFPFTIYSL
CATSDLPLAGGNRWNEQFF	AFPFTIYSL
CASSPGSYNEQFF	AFPFTIYSL
CASSFSLAGITDTQYF	AFPFTIYSL
CASSQQGVGETQYF	AFPFTIYSL
CASIWGYSNQPQHF	AFPFTIYSL
CASSYGGETQYF	AFPFTIYSL
CSAREGGVITEAFF	AFPFTIYSL
CATGGYGYTF	AFPFTIYSL
CASSTTIGESYEQYF	AFPFTIYSL
CASSRIAGGPEQYF	AFPFTIYSL
CASSLGEKLFF	AFPFTIYSL
CASSFTAEAYEQYF	AFPFTIYSL
CASSIHGVTYEQYF	AFPFTIYSL
CASSYGAGEQFF	AFPFTIYSL
CASSPRTSGTYEQYF	AFPFTIYSL
CASSWGLDGYTF	AFPFTIYSL
CAGGFSGELFF	AFPFTIYSL
CASSPTGETQYF	AFPFTIYSL
CASSFGDTQYF	AFPFTIYSL
CSVEVGDGYEQYF	AFPFTIYSL
CSATTDMGEKLFF	AFPFTIYSL
CASSYSISGLGSSYNEQFF	AFPFTIYSL
CASSQVGLAGSRETQYF	AFPFTIYSL
CASSIGPGYTF	AFPFTIYSL
CASSPTEQETQYF	AFPFTIYSL
CASSQDWGSPEAFF	AFPFTIYSL
CASSLGYEQYF	AFPFTIYSL
CASSPTGAEAFF	AFPFTIYSL
CASSLEGTQYF	AFPFTIYSL
CASSPDRAPYEQYF	AFPFTIYSL
CASISVGTDYYGYTF	AFPFTIYSL
CASSLVRDPIYEQYF	AFPFTIYSL
CASSFTGTDYEQYF	AFPFTIYSL
CASSFWKGIGIYEQYF	AFPFTIYSL
CTSRSSYNEQFF	AFPFTIYSL
CASSYAGLETQYF	AFPFTIYSL
CASSGDNSYEQYF	AFPFTIYSL
CASSPGGGEQFF	AFPFTIYSL
CSAPSGTAQETQYF	AFPFTIYSL
CASSSGEQFF	AFPFTIYSL
CSARVLGEGTDTQYF	AFPFTIYSL
CASSFGPPEAFF	AFPFTIYSL
CASSLGQPYEQYF	AFPFTIYSL
CASSSTGAEQYF	AFPFTIYSL
CASRQEGTAYEQYF	AFPFTIYSL
CASSVWDRGDHPGELFF	AFPFTIYSL
CASSPGDEQFF	AFPFTIYSL
CASSQVGGGEKLFF	AFPFTIYSL
CASSPYIRDL	AFPFTIYSL
CASSFQPGQGGSEAFF	AFPFTIYSL
CSALPGQVSYEQYF	AFPFTIYSL
CASSFTGGGEQFF	AFPFTIYSL
CASSPSGELFF	AFPFTIYSL
CASSLVGETQYF	AFPFTIYSL
CASSLGYEQYF	AFPFTIYSL
CASALRTGGKLFF	AFPFTIYSL
CSAAQGSETQYF	AFPFTIYSL
CASSTTGYEQYF	AFPFTIYSL
CASSLSTF	AFPFTIYSL
CASSLAGETQYF	AFPFTIYSL
CASSLTGETQYF	AFPFTIYSL
CASSVREGLPYNEQFF	AFPFTIYSL
CASSISGETQYF	AFPFTIYSL
CSVGGSLTYEQYF	AFPFTIYSL
CASSFSYEQYF	AFPFTIYSL
CSAVTSGRIYEQYF	AFPFTIYSL
CASSLDGGGWFF	AFPFTIYSL
CSVVPMNTEAFF	AFPFTIYSL
CASSEAGETQYF	AFPFTIYSL
CASSTWGGNQPQHF	AFPFTIYSL
CASSLAGLQYF	AFPFTIYSL
CASSGGTDSYEQYF	AFPFTIYSL
CANWYRGYGYTF	AFPFTIYSL
CASSLFGETQYF	AFPFTIYSL
CASSLQGGPLIQYF	AFPFTIYSL
CASSGDSPYEQYF	AFPFTIYSL
CASSQDPAGPYEQYF	AFPFTIYSL
CASSPRTEQETQYF	AFPFTIYSL
CASSETFLNEQFF	AFPFTIYSL
CASSVELAGITGELFF	AFPFTIYSL
CSASFYNEQFF	AFPFTIYSL
CSATIPPWDRGQYEQYF	AFPFTIYSL
CASSQEGRPEQFF	AFPFTIYSL
CASSQGGETQYF	AFPFTIYSL
CASSLGSYEQYF	AFPFTIYSL
CSVMTGVGLEQYF	AFPFTIYSL
CASSLQGNTEAFF	AFPFTIYSL
CASSFSDTQYF	AFPFTIYSL
CASSLVDEQYF	AFPFTIYSL
CSVVRDTEAFF	AFPFTIYSL
CASSSGGLNTEAFF	AFPFTIYSL
CATSEGLAGGNEQFF	AFPFTIYSL
CSALPGTGEKLFF	AFPFTIYSL
CASSPGSEQFF	AFPFTIYSL
CASSFVHF	AFPFTIYSL
CASSQGGIVYGYTF	AFPFTIYSL
RASSSQGTGGGSYNEQFF	AFPFTIYSL
CATQGAGGPEQFF	AFPFTIYSL
CASSFSSEQYF	AFPFTIYSL
CASSLGVEETQYF	AFPFTIYSL
CASSYGSGTDTQYF	AFPFTIYSL
CASSPTGNIQYF	AFPFTIYSL
CASSLAGLPTSTDTQYF	AFPFTIYSL
CSATTSMETQYF	AFPFTIYSL
CASSMGGTLPSNEQFF	AFPFTIYSL
CSALREGRETQYF	AFPFTIYSL
CASSYVSGRYGYTF	AFPFTIYSL
CASSLGRPLHF	AFPFTIYSL
CASSFQETQYF	AFPFTIYSL
CASSYGRLAGPNEQFF	AFPFTIYSL
CASSLTDTQYF	AFPFTIYSL
CATAVETGKITDTQYF	AFPFTIYSL
CATSDRQGPAVYF	AFPFTIYSL
CASSQPSPEQYF	AFPFTIYSL
CASRGRGFGILSTYEQYF	AFPFTIYSL
CASSLQETQYF	AFPFTIYSL
CASSFNEQFF	AFPFTIYSL
CASSEGGSYEQYF	AFPFTIYSL
CASSIGTGVGNQPQHF	AFPFTIYSL
CASSQDPGLPSSYNEQFF	AFPFTIYSL
CASSGTPNTGELFF	AFPFTIYSL
CASSYEMGGLNTEAFF	AFPFTIYSL
CSATRGLSTDTQYF	AFPFTIYSL
CSATGERTYYEQYF	AFPFTIYSL
CASSYGANEQFF	AFPFTIYSL
CASSYFGGAYEQYF	AFPFTIYSL
CASSWVGGGLEAQYF	AFPFTIYSL
CASSFTGGYTF	AFPFTIYSL
CASSPPQKRGGRETQYF	AFPFTIYSL
CASSYPGGYGYTF	AFPFTIYSL
CASSSGPNYTF	AFPFTIYSL
CASSYNNYGYTF	AFPFTIYSL
CASGSGVTYNEQFF	AFPFTIYSL
CASSLGAGELF	AFPFTIYSL
CASWDGMNTEAFF	AFPFTIYSL
CASSLDLVKLFF	AFPFTIYSL
CASRYSDTQYF	AFPFTIYSL
CASSYNGVEQFF	AFPFTIYSL
CSVVRTDNTGELFF	AFPFTIYSL
CASSFLGTAGELFF	AFPFTIYSL
CASSPDYSNIQYF	AFPFTIYSL
CASSYSEGLTEAFF	AFPFTIYSL
CASSFIANVLTF	AFPFTIYSL
CASSRRAGQPQHF	AFPFTIYSL
CSASRGSETQYF	AFPFTIYSL
CASSPSDRRLGELFF	AFPFTIYSL
CSVQQGTGYEQYF	AFPFTIYSL
CSVGTGLNEQYF	AFPFTIYSL
CATKRQGNTEAFF	AFPFTIYSL
CASSSSGETQYF	AFPFTIYSL
CSANNGEETQYF	AFPFTIYSL
CASSFSGEQFF	AFPFTIYSL
CASSPRHGSADTQYF	AFPFTIYSL
CASSLGLGNEQYF	AFPFTIYSL
CASSLAYRSSYEQYF	AFPFTIYSL
CASSPIGGTDTQYF	AFPFTIYSL
CASSLASAKLFF	AFPFTIYSL
RASSFTPRRRYNEQFF	AFPFTIYSL
CGSGHTGELFF	AFPFTIYSL
CASSQVGETQYF	AFPFTIYSL
CASSFSGTGEKLFF	AFPFTIYSL
CASRSGDNEAFF	AFPFTIYSL
CASSPGLAANEQFF	AFPFTIYSL
CSVEEGRTYNEQFF	AFPFTIYSL
CASGLAGAYEQYF	AFPFTIYSL
CASTQTPTELFF	AFPFTIYSL
CASSTGEAYEQYF	AFPFTIYSL
CASSYSYEQYF	AFPFTIYSL
CASSQDYYGYTF	AFPFTIYSL
CASSFMGLGTTSTDTQYF	AFPFTIYSL
CASSPTGQLQFF	AFPFTIYSL
CASSYSGEKLFF	AFPFTIYSL
CASSLAGEKLFF	AFPFTIYSL
CASSFTGVDVF	AFPFTIYSL
CASSWGQDGYTF	AFPFTIYSL
CSVERDTEAFF	AFPFTIYSL
CSASIINLYEQYF	AFPFTIYSL
CASSLVGADTQYF	AFPFTIYSL
CAGPAGETQYF	AFPFTIYSL
CAISDHGDSGANVLTF	AFPFTIYSL
CSVEDTVIYEQYF	AFPFTIYSL
CASSGHLAETQYF	AFPFTIYSL
CSVETGDTYNEQFF	AFPFTIYSL
CSATGLPTYEQYF	AFPFTIYSL
CASSKTADGYF	AFPFTIYSL
CASSLLGRHQPQHF	AFPFTIYSL
CASSVYGNTEAFF	AFPFTIYSL
CSAPTLVNTEAFF	AFPFTIYSL
CASSFSVEQFF	AFPFTIYSL
CASSYGSAEQYF	AFPFTIYSL
CASSLFQGAGELFF	AFPFTIYSL
CASSLAEMTGTTEAFF	AFPFTIYSL
CASSFAGEQYF	AFPFTIYSL
CASSFADTQYF	AFPFTIYSL
CATSPANTEAFF	AFPFTIYSL
CASSESGRGGSYNEQFF	AFPFTIYSL
CASPREFGLSTIWNQPQHF	AFPFTIYSL
CATTGGNEQFF	AFPFTIYSL
CASSSWNTEAFF	AFPFTIYSL
CASSLYTGGETQYF	AFPFTIYSL
CASRNTGGRYGRKGGDTQYF	AFPFTIYSL
CASSQVYGSVEQFF	AFPFTIYSL
CASSSGLAGGGETQYF	AFPFTIYSL
CSALLGRVNNEQFF	AFPFTIYSL
CASSGRVTYNEQFF	AFPFTIYSL
CASSFGSVLTF	AFPFTIYSL
CASSLGGLGYTF	AFPFTIYSL
CASSLTQGGSTGELFF	AFPFTIYSL
CSAYEIAAGNTIYF	AFPFTIYSL
CASSLTGQEKFF	AFPFTIYSL
CASSESTDGAYGYTF	AFPFTIYSL
CASISLGQENTEAFF	AFPFTIYSL
CASSQGGYEQYF	AFPFTIYSL
CSATAGLSTDTQYF	AFPFTIYSL
CASSAIDRGGTEAFF	AFPFTIYSL
CSVEGGRGHEQYF	AFPFTIYSL
CASTYSGSSYTF	AFPFTIYSL
CASTDYYGYTF	AFPFTIYSL
CASSYSVDGYSNQPQHF	AFPFTIYSL
CASSGQGSDNEQFF	AFPFTIYSL
CASSSTGAGTDTQYF	AFPFTIYSL
CASSFVGTSGSYEQYF	AFPFTIYSL
CASSFSTEAFF	AFPFTIYSL
CASSSSSGRGGVWNIQYF	AFPFTIYSL
CASSPLGSATQYF	AFPFTIYSL
CASSLFSGGREQYF	AFPFTIYSL
CASSQDFHEQFF	AFPFTIYSL
CASKEGAFINQPQHF	AFPFTIYSL
CASRAASGRAYEQYF	AFPFTIYSL
CASSYSRDVKNTGELFF	AFPFTIYSL
CASLGPVVRQGYGYTF	AFPFTIYSL
CASSLTGNEQFF	AFPFTIYSL
CASSPTGELFF	AFPFTIYSL
CASSEGLHNEQFF	AFPFTIYSL
CASSYGSYEQYF	AFPFTIYSL
CATTPGQRTDTQYF	AFPFTIYSL
CASEWAGTEAFF	AFPFTIYSL
CASSGTSDNEQFF	AFPFTIYSL
CASSPGGYGYTF	AFPFTIYSL
CSANRGGETQYF	AFPFTIYSL
CASSIEDTDTQYF	AFPFTIYSL
CASSLELAGTRGEQFF	AFPFTIYSL
CAYDRTGGTYEQYF	AFPFTIYSL
CASSPSGGQADFQYF	AFPFTIYSL
CASSFSGEQYF	AFPFTIYSL
CASSSTGAEQFF	AFPFTIYSL
CASSFDGISGYTF	AFPFTIYSL
CASSDGRVTGELFF	AFPFTIYSL
CSVFGPTSGAFQETQYF	AFPFTIYSL
CASSLMDEQFF	AFPFTIYSL
CSAPSYNEQFF	AFPFTIYSL
CASRGTVEAFF	AFPFTIYSL
CASSLVGAYNEQFF	AFPFTIYSL
CASSPEVFEGGEQYF	AFPFTIYSL
CASSQVGETQYF	AFPFTIYSL
CSAGGVFVSYNEQFF	AFPFTIYSL
CASSPQDVLIHNEQFF	AFPFTIYSL
CASSHGTSGVGAYEQYF	AFPFTIYSL
CASSIRLTGGGQPQHF	AFPFTIYSL
CASSYAETQYF	AFPFTIYSL
CASSEQGETQYF	AFPFTIYSL
CSVLVGSTEAFF	AFPFTIYSL
CASIQTGTSTGEQFF	AFPFTIYSL
CASSLSDLTYEQYF	AFPFTIYSL
CASSLTGETQYF	AFPFTIYSL
CASSLIPAYNEQFF	AFPFTIYSL
CASSVEGGQQYEQYF	AFPFTIYSL
CSAMQGAGDSYEQYF	AFPFTIYSL
CASSMAGYDYTF	AFPFTIYSL
CSVERGTGELFF	AFPFTIYSL
CASSYGSYEQYF	AFPFTIYSL
CASSLAGYTQYF	AFPFTIYSL
CSVETGGGYEQYF	AFPFTIYSL
CASSFSGTQYF	AFPFTIYSL
CASSFSGNEQFF	AFPFTIYSL
CSARDIGSMNTEAFF	AFPFTIYSL
CATSDIVAGDYNEQFF	AFPFTIYSL
CASSYSYEQYF	AFPFTIYSL
CASGLDIQGGQGDLLAKNIQYF	AFPFTIYSL
CSAQTGESSYNSPLHF	AFPFTIYSL
CSASLTDTQYF	AFPFTIYSL
CASSLSGTQYF	AFPFTIYSL
CASTEGEGALYGYTF	AFPFTIYSL
CASSLAGLLGPQHF	AFPFTIYSL
CASSQLAGGTDTQYF	AFPFTIYSL
CASSQIGVSYEQYF	AFPFTIYSL
CASSRTGYNEQFF	AFPFTIYSL
CASSEHAGGSYEQYF	AFPFTIYSL
CASSENAGAEAFF	AFPFTIYSL
CASTGGGVYEQYF	AFPFTIYSL
CASSLEQGADEQFF	AFPFTIYSL
CASSSSPEQYF	AFPFTIYSL
CASKTEGSNTEAFF	AFPFTIYSL
CASSFEGAGRHF	AFPFTIYSL
CASKEGNTEAFF	AFPFTIYSL
CASSLSGNTIYF	AFPFTIYSL
CAISATGSGTEAFF	AFPFTIYSL
CASSPTGNEQFF	AFPFTIYSL
CASSFDATEAFF	AFPFTIYSL
CASSLSSEQFF	AFPFTIYSL
CASSQGPTGGYEQYF	AFPFTIYSL
CASTDRGNTGELFF	AFPFTIYSL
CASSFAETQYF	AFPFTIYSL
CASSLSGETQYF	AFPFTIYSL
CASSPSGNTIYF	AFPFTIYSL
CASSVAHGYEQYF	AFPFTIYSL
CASSVVDYTTDTQYF	AFPFTIYSL
CASSISGYNEQFF	AFPFTIYSL
CSVWGGDTANYGYTF	AFPFTIYSL
CASSPGHYGYGYTF	AFPFTIYSL
CATLLGTGELFF	AFPFTIYSL
CASSLAVGPEAFF	AFPFTIYSL
CASSGDLPIEQYF	AFPFTIYSL
CASSQDDIAGRISF	AFPFTIYSL
CASSLGYGYTF	AFPFTIYSL
CSARWEGPEQFF	AFPFTIYSL
CASRWETYNEQFF	AFPFTIYSL
CASLGQSSYNEQFF	AFPFTIYSL
CASSSTGGVLTF	AFPFTIYSL
CASSLSPNEQFF	AFPFTIYSL
CASSFTGASTDTQYF	AFPFTIYSL
CSVEGDTTNYEQYF	AFPFTIYSL
CASSPNTVSYEQYF	AFPFTIYSL
CASGGMGSGHPGELFF	AFPFTIYSL
CASSILAGNYNEQFF	AFPFTIYSL
CASIPGGLAGPPSRDTQYF	AFPFTIYSL
CASSLVGGGALSYEQYF	AFPFTIYSL
CASGRGGHEQYF	AFPFTIYSL
CSGIDLETYEQYF	AFPFTIYSL
CASSPQGETQYF	AFPFTIYSL
CSVEVGQGPEAFF	AFPFTIYSL
CASRGADSYEQYF	AFPFTIYSL
CASSLFFGGGASSYNEQFF	AFPFTIYSL
CASRQGAGWANEQFF	AFPFTIYSL
CAIRDPGTVNTEAFF	AFPFTIYSL
CSVELGEGFEQYF	AFPFTIYSL
CSVEVGSGYEQYF	AFPFTIYSL
CATQTTGELFF	AFPFTIYSL
CASSLGGETQYF	AFPFTIYSL
CASRGEQVEQYF	AFPFTIYSL
CASSPEYTYQPQHF	AFPFTIYSL
CATTSGGYNEQFF	AFPFTIYSL
CSARDIGTGPFGELFF	AFPFTIYSL
CASSPSGAEQYF	AFPFTIYSL
CASSFAGANVLTF	AFPFTIYSL
CSAASGILYEQYF	AFPFTIYSL
CASSSSETQYF	AFPFTIYSL
CASTPPNGLETQYF	AFPFTIYSL
CASSPTGASGDTQYF	AFPFTIYSL
CASSLVGGGVEQYF	AFPFTIYSL
CASSPTGAEGYTF	AFPFTIYSL
CASSPSGNTIYF	AFPFTIYSL
CASSPTGWEAFF	AFPFTIYSL
CASSQEQGYYNEQFF	AFPFTIYSL
CASSVSGDEQYF	AFPFTIYSL
CASSYSGETQYF	AFPFTIYSL
CASSPQGYEQYF	AFPFTIYSL
RARLYERDTNNEQFF	AFPFTIYSL
CASSQDPSGLTYEQYF	AFPFTIYSL
CASSLGTGYTF	AFPFTIYSL
CSAIEGGTGELFF	AFPFTIYSL
CASSSLASSALHF	AFPFTIYSL
CASRPDTQYF	AFPFTIYSL
CASSFVGTQYF	AFPFTIYSL
CASSGTGSEQYF	AFPFTIYSL
CSSMGGLASETQYF	AFPFTIYSL
CATSGILETQYF	AFPFTIYSL
CAIASTDTQYF	AFPFTIYSL
CASSYPGMYTGELFF	AFPFTIYSL
CASSVTPNEQFF	AFPFTIYSL
CASRFGVGQLSYEQYF	AFPFTIYSL
