CDR3	AA
CSVASGGGVYEQYF	FIAGLIAIV
CASASGSGYNEQFF	FIAGLIAIV
CASSPGTSGVQETQYF	FIAGLIAIV
CAISEGIAEQFF	FIAGLIAIV
CASSPGTGTDYGYTF	FIAGLIAIV
CASSMSDGYEQYF	FIAGLIAIV
CASSGEKLFF	FIAGLIAIV
CASSRDLSGNTIYF	FIAGLIAIV
CASSSLTSGRAAAKNIQYF	FIAGLIAIV
CSVDTGQGVSEQYF	FIAGLIAIV
CSAPRDYLDEQFF	FIAGLIAIV
CASSSGPGQIPYEQYF	FIAGLIAIV
CASTPWGDWTEAFF	FIAGLIAIV
CASSLGLAGAYEQYF	FIAGLIAIV
CALSQGVQPQHF	FIAGLIAIV
CEWTGAVGAFF	FIAGLIAIV
CASSYSAGGFLHEQYF	FIAGLIAIV
CASSGGNSLANEKLFF	FIAGLIAIV
CASESWTDYEQYF	FIAGLIAIV
CASSDWASYEQYF	FIAGLIAIV
CASSPKDSYEQYF	FIAGLIAIV
CASSLTRGVRLADTQYF	FIAGLIAIV
CASSLVSGSSGELFF	FIAGLIAIV
CASSPQGTGELFF	FIAGLIAIV
CASSLVGTWGYEQYF	FIAGLIAIV
CASSFLETEETQYF	FIAGLIAIV
CSVLAGVSYEQYF	FIAGLIAIV
CSVTTTTNEKLFF	FIAGLIAIV
CASSSVPGSTDTQYF	FIAGLIAIV
CASSVGGTSGGSEETQYF	FIAGLIAIV
CASSPWPGTGDTEAFF	FIAGLIAIV
CASSHGASNQPQHF	FIAGLIAIV
CASSKLGGRAYNEQFF	FIAGLIAIV
CASSPPGFEQFF	FIAGLIAIV
CASSQLSSSTDTQYF	FIAGLIAIV
CASSLRNAAHTF	FIAGLIAIV
CASSTNGGPFYSNQPQHF	FIAGLIAIV
CAISGGLNEQFF	FIAGLIAIV
CASNDLRGEQFF	FIAGLIAIV
CASSDSGLGYEQYF	FIAGLIAIV
CGGVSGANVLTF	FIAGLIAIV
CASSPDSKETQYF	FIAGLIAIV
CASSEAGNNEQFF	FIAGLIAIV
CASSEIGRGQPQHF	FIAGLIAIV
CASRGRGYPGQETQYF	FIAGLIAIV
CASTPNSYEQYF	FIAGLIAIV
CSVVGGRNYEQYF	FIAGLIAIV
CASNLPGTRNEQYF	FIAGLIAIV
CASRDGTVNTGELFF	FIAGLIAIV
CASSYSSSYEQYF	FIAGLIAIV
CASSSRTGREYEQYF	FIAGLIAIV
CSVEKGNAGTTYEQYF	FIAGLIAIV
CASSLQRGEETQYF	FIAGLIAIV
CASSKGQTPNTDTQYF	FIAGLIAIV
CASSEWGNQPQHF	FIAGLIAIV
CSASTSGRYNEQFF	FIAGLIAIV
CAISSGGGQPYNEQFF	FIAGLIAIV
CSVGAGTRQETQYF	FIAGLIAIV
CSALGTSGSFEQFF	FIAGLIAIV
