CDR3	AA
CASKIGSSYNEQFF	YPDKVFRSSV
CASSPRTAVDEQFF	YPDKVFRSSV
CASSLGTEAFF	YPDKVFRSSV
CASSLWGTGYTF	YPDKVFRSSV
CASSPIVQVEGYTF	YPDKVFRSSV
CASSILASAHNEQFF	YPDKVFRSSV
CAINELHGTGGISGANVLTF	YPDKVFRSSV
CASSQGPSGSF	YPDKVFRSSV
CASSQVPGTGFHEQYF	YPDKVFRSSV
CASSEEGAHNQPQHF	YPDKVFRSSV
CASSEQGYEQYF	YPDKVFRSSV
CASSSNRDRGGNTIYF	YPDKVFRSSV
CASSSSPGGYEQYF	YPDKVFRSSV
CASSTQRERGGDTQYF	YPDKVFRSSV
CASSLEVTSQETQYF	YPDKVFRSSV
CATSGDSSGANVLTF	YPDKVFRSSV
CASRHELALDSGANVLTF	YPDKVFRSSV
CASSEADLRFGGGVHEQFF	YPDKVFRSSV
CASSRGRVEAFF	YPDKVFRSSV
CATSEALQETQYF	YPDKVFRSSV
CASSSSSSSDKNIQYF	YPDKVFRSSV
CASSPRHSGRSTDTQYF	YPDKVFRSSV
CASSSPSRSFDEQYF	YPDKVFRSSV
CASSFGDGELFF	YPDKVFRSSV
CASSGGRDGYGYTF	YPDKVFRSSV
CASSEAEWAQNTGELFF	YPDKVFRSSV
CASSYSSGGYEQFF	YPDKVFRSSV
CASSPGAGEQYF	YPDKVFRSSV
CASSLRAGGPYEQYF	YPDKVFRSSV
CASSYSNANYGYTF	YPDKVFRSSV
CASGHPPGPEFF	YPDKVFRSSV
CATFDRLLWSQHF	YPDKVFRSSV
CASTAAGQISSSGNTIYF	YPDKVFRSSV
