CDR3	AA
CASSQEVYGLNQPQHF	SPRWYFYYL
CASSELPGGTLSAFF	SPRWYFYYL
CASSSPGPSGNTIYF	SPRWYFYYL
CASSSLTSGGFNEQFF	SPRWYFYYL
CASSDQDLSGANVLTF	SPRWYFYYL
CSASLGGEQYF	SPRWYFYYL
CASSQAHFSGAHNEQFF	SPRWYFYYL
CASSLAGGLLNEQFF	SPRWYFYYL
CASSPNSGRAETKNIQYF	SPRWYFYYL
CASTPNIGTSFYEQYF	SPRWYFYYL
CASSLAGGEQYF	SPRWYFYYL
CASILAAGVTDTQYF	SPRWYFYYL
CASNLNPHEQYF	SPRWYFYYL
CASSLSYRGNNEKLFF	SPRWYFYYL
CASSELPNKPQHF	SPRWYFYYL
CAPSLARGGLGGELFF	SPRWYFYYL
CASSLAGAYEQYF	SPRWYFYYL
CASSQGGSPLHF	SPRWYFYYL
CASSKTSGREETQYF	SPRWYFYYL
CASSTSYRGNEKLFF	SPRWYFYYL
CASTQLTTGQGYGYTF	SPRWYFYYL
CASSPLTTANYGYTF	SPRWYFYYL
CASSELPTGGQAKNIQYF	SPRWYFYYL
CASIRLAGGPGNEQYF	SPRWYFYYL
CASSLAGGPYNEQFF	SPRWYFYYL
CASSYSPGGYNSPLHF	SPRWYFYYL
CASSLAGGQPQHF	SPRWYFYYL
CASSELPGPPDEQYF	SPRWYFYYL
CASSPRTGWDRETQYF	SPRWYFYYL
CASSMLTTAENEQFF	SPRWYFYYL
CASTAYKGTEQYF	SPRWYFYYL
CASSISYRGGEKLFF	SPRWYFYYL
CASSLAGAYEQYF	SPRWYFYYL
CASSLAGGYYNEQFF	SPRWYFYYL
CASSRQGHPTDTQYF	SPRWYFYYL
CASSLAGAYEQYF	SPRWYFYYL
CASSLSGVINTEAFF	SPRWYFYYL
CASSLAGSTYEQYF	SPRWYFYYL
CASRPIQGPKSNEQFF	SPRWYFYYL
CASSSGLSSYNEQFF	SPRWYFYYL
CASSSLTSGAYNEQFF	SPRWYFYYL
CASSLGGAYEQYF	SPRWYFYYL
CASSLAGVGAFF	SPRWYFYYL
CASDSGSYNEQFF	SPRWYFYYL
CASSTLYSGSWNEQFF	SPRWYFYYL
CASGELPGPPGEQYF	SPRWYFYYL
CASRKVGEQGSDTQYF	SPRWYFYYL
CASSFRGLTTSSYEQYF	SPRWYFYYL
CASGSGNIQYF	SPRWYFYYL
CASSSILSSGNTIYF	SPRWYFYYL
CASSPSYRGNTEAFF	SPRWYFYYL
CASSGGLALLGNEQFF	SPRWYFYYL
CASSSSYRGSNQPQHF	SPRWYFYYL
CASSFFTGSDNEQFF	SPRWYFYYL
CASSQRRDTQYF	SPRWYFYYL
CASSLAGLSSGANVLTF	SPRWYFYYL
CASSLAGANEQFF	SPRWYFYYL
CASSQATGSYNEQFF	SPRWYFYYL
CATTIAGGPYQEQFF	SPRWYFYYL
CASSQVGSGGTEAFF	SPRWYFYYL
CASSLSYRGNTEAFF	SPRWYFYYL
CASSPGQGGGNQPQHF	SPRWYFYYL
RASSPCPGQGTDTQYF	SPRWYFYYL
CASSFLAGGPSNEQFF	SPRWYFYYL
CASSELPGPPDTQYF	SPRWYFYYL
CASSQDPGYEQYF	SPRWYFYYL
CASSLAGVEQFF	SPRWYFYYL
CASSLGGAYEQYF	SPRWYFYYL
CATSDLTGREPQHF	SPRWYFYYL
CASSGRGASSNQPQHF	SPRWYFYYL
CASSFLSNLNGQFF	SPRWYFYYL
CASSPLTGGPSRKDTQYF	SPRWYFYYL
CASSLDPLVSYEQYF	SPRWYFYYL
CATSDPQGAGGRNEQFF	SPRWYFYYL
CATSDLSGRGAFF	SPRWYFYYL
CASKRLTGGNQPQHF	SPRWYFYYL
CASSLSGGAGNEQFF	SPRWYFYYL
CSAFREGRFDEQFF	SPRWYFYYL
CASSFFMSGGARTGELFF	SPRWYFYYL
CASSPLAGPREAKNIQYF	SPRWYFYYL
CATSDLPGGSGYTF	SPRWYFYYL
CASSLRQGYEQYF	SPRWYFYYL
CASSGPGEWETQYF	SPRWYFYYL
CASSFGQVFPYNEQFF	SPRWYFYYL
CASSPYPLPGQGYSPLHF	SPRWYFYYL
CASSLRVNPGELFF	SPRWYFYYL
CASMEGTDTQYF	SPRWYFYYL
CASSQDSGTANTGELFF	SPRWYFYYL
CASSPDRSKGYTF	SPRWYFYYL
CASNERGNPADTQYF	SPRWYFYYL
CASSLYAGQGTYEQYF	SPRWYFYYL
CASSLIGTAHQPQHF	SPRWYFYYL
CASSFLAGQQFF	SPRWYFYYL
CASSKGGGRSSNSPLHF	SPRWYFYYL
CASSVGDWSYEQYF	SPRWYFYYL
CASSLAGVELFF	SPRWYFYYL
CASSPLTGSGAAKNIQYF	SPRWYFYYL
CASSRDRGVNSPLHF	SPRWYFYYL
CASNLGAPAREAFF	SPRWYFYYL
CASSIAGGPLNEQFF	SPRWYFYYL
CASSPLVGTALAKNIQYF	SPRWYFYYL
CASSFAGGPFHEQFF	SPRWYFYYL
CASSSLGTAAQLSYGYTF	SPRWYFYYL
CASSLAGVELTEAFF	SPRWYFYYL
CASSLSYRGNTEAFF	SPRWYFYYL
CASSPYPLAGSSSTDTQYF	SPRWYFYYL
CASSFSLTHEQYF	SPRWYFYYL
CASSLAGGPFNEQFF	SPRWYFYYL
CASSALPKGTGELFF	SPRWYFYYL
CASSEKTGGSTEAFF	SPRWYFYYL
CASSPLRSYNEQFF	SPRWYFYYL
CASSLAGVGYTF	SPRWYFYYL
CASSDLPGPPGEQFF	SPRWYFYYL
CASSISISGTSGRGETQYF	SPRWYFYYL
CASSLGLGTGRDEQYF	SPRWYFYYL
CASSLAGAADAFF	SPRWYFYYL
CASSYRAGGYNEQFF	SPRWYFYYL
CARPRVGNTGELFF	SPRWYFYYL
CASSLERGGLGGELFF	SPRWYFYYL
CASSRITGTREAKNIQYF	SPRWYFYYL
CASSSILAGGPFEQFF	SPRWYFYYL
CASARTGVDYEQYF	SPRWYFYYL
CASTPSTRQRLSTDTQYF	SPRWYFYYL
CSASQLAEGIYEQYF	SPRWYFYYL
CASSLAGSSYNSPLHF	SPRWYFYYL
CASSGLASGTYEQYF	SPRWYFYYL
CASSQQTPSGETQYF	SPRWYFYYL
CASSQDPGGGSYEQYF	SPRWYFYYL
CASSQDSGTANTIYF	SPRWYFYYL
CASSPLISETGVTKGAFF	SPRWYFYYL
CASSPITGSGKAKNIQYF	SPRWYFYYL
CASSLAGNEQFF	SPRWYFYYL
CASSSGAGGAYEQYF	SPRWYFYYL
CASPKGPGRSPYEQYF	SPRWYFYYL
CATSRVEPVGDEQFF	SPRWYFYYL
CSHRRLPYNEQFF	SPRWYFYYL
CASSQGQGVYNEQFF	SPRWYFYYL
CASSHTTSGRALVDEQFF	SPRWYFYYL
CASSRLPQGFDGYTF	SPRWYFYYL
CASSYRTGGNQPQHF	SPRWYFYYL
CATSRVDSSSYNEQFF	SPRWYFYYL
CASSQDSGTAYEQYF	SPRWYFYYL
CASSLAGVGYTF	SPRWYFYYL
CASSLAGAYEQYF	SPRWYFYYL
CSARETGSREKLFF	SPRWYFYYL
CASQGTIPNTEAFF	SPRWYFYYL
CASGSIAGVNTGELFF	SPRWYFYYL
CASSALPMGTSEQFF	SPRWYFYYL
CASSLALRTQGNEQFF	SPRWYFYYL
CASSPLTGGGWTKETQYF	SPRWYFYYL
CASSLLISTFNHGYTF	SPRWYFYYL
CSARDTGWTSGGDYNEQFF	SPRWYFYYL
CASSVAGAYEQYF	SPRWYFYYL
CASSLAGAQGYTF	SPRWYFYYL
CASSLAGVEQFF	SPRWYFYYL
CASSLGGGPLQPQHF	SPRWYFYYL
CASSLAGGIYQPQHF	SPRWYFYYL
CASSLSSPRLENGYTF	SPRWYFYYL
CASSHGETGARETQYF	SPRWYFYYL
CASSYKPPGADTQYF	SPRWYFYYL
CASSLAGTGGFYEQYF	SPRWYFYYL
CASSLGPLEQYF	SPRWYFYYL
CASSRLPGPPDTQYF	SPRWYFYYL
CASSSEVGVNTGELFF	SPRWYFYYL
CASSLGSGLALHSSYNEQFF	SPRWYFYYL
CASSLAGNEQFF	SPRWYFYYL
CASSVFPVVTENTGELFF	SPRWYFYYL
CASSLAGNGYTF	SPRWYFYYL
CASIKLAGGPYNEQFF	SPRWYFYYL
CAIYKTGTSGGGEQFF	SPRWYFYYL
CASSLAGAQPQHF	SPRWYFYYL
CASSLLTGRPQHF	SPRWYFYYL
CAWSVNPSSYNSPLHF	SPRWYFYYL
CASSLEEGAGANVLTF	SPRWYFYYL
CASSLAGGSLQPQHF	SPRWYFYYL
CANGSLGANEQFF	SPRWYFYYL
CASSLAGGLMSTEAFF	SPRWYFYYL
CASARPRDENTEAFF	SPRWYFYYL
CASSLAGLALMWDEQFF	SPRWYFYYL
CASSLDHLGGSFLEQYF	SPRWYFYYL
CASSELPGPPNIQYF	SPRWYFYYL
CASSSLTGNQPQHF	SPRWYFYYL
CASSPLAGSGQETQYF	SPRWYFYYL
CASSSIGLAGELFF	SPRWYFYYL
CASSLAGVAHGEQFF	SPRWYFYYL
CASTLSYEQYF	SPRWYFYYL
CASTANLGAMNTEAFF	SPRWYFYYL
CASSPGTEVYNEQFF	SPRWYFYYL
CASSLASTGSYEQYF	SPRWYFYYL
CATSDLTGNTIYF	SPRWYFYYL
CASSERAGRTEAFF	SPRWYFYYL
CASSLSYRGTDTQYF	SPRWYFYYL
CASSLTGALNTEAFF	SPRWYFYYL
CASHRGYTEAFF	SPRWYFYYL
CASSLAGQPLTNSPLHF	SPRWYFYYL
CASSISSGYNEQFF	SPRWYFYYL
CASSPLDSATNEKLFF	SPRWYFYYL
CASSSSPGGNNSPLHF	SPRWYFYYL
CASSRTGLDGYTF	SPRWYFYYL
CATRRLAGGPNEQFF	SPRWYFYYL
CASSQLAGGPESKNIQYF	SPRWYFYYL
CASSLLPGPPDTQYF	SPRWYFYYL
CASSLAGIAIRTAHQPTDTQYF	SPRWYFYYL
CASRNLAGAYNEQFF	SPRWYFYYL
CASSLLTGDRVAKNIQYF	SPRWYFYYL
CASSLFTPLQNEQFF	SPRWYFYYL
CASSAGLAGGLETQYF	SPRWYFYYL
CASSQAGGGTYNEQFF	SPRWYFYYL
CASSLRESPYNEQFF	SPRWYFYYL
CASSLTPNSYEQYF	SPRWYFYYL
CASSDPRPAGVSETQYF	SPRWYFYYL
CASSPGPTGYSYEQYF	SPRWYFYYL
CSAGGTSEMSDTQYF	SPRWYFYYL
CASSLAGGYEQYF	SPRWYFYYL
CASGGINYEQYF	SPRWYFYYL
CASSPREGPADTQYF	SPRWYFYYL
CASRPAGGPFRTDTQYF	SPRWYFYYL
CASSLAGAYEQYF	SPRWYFYYL
CASSLAGSDYGYTF	SPRWYFYYL
CASSAFPEPSPGSPLHF	SPRWYFYYL
CASSDSDRTGGIQPQHF	SPRWYFYYL
CASSLAGAGELFF	SPRWYFYYL
CASILNIQYF	SPRWYFYYL
CASSLGGGPSHEQYF	SPRWYFYYL
CASSLLGGPLYNEQFF	SPRWYFYYL
CATSRGPSGGSITGELFF	SPRWYFYYL
CATSSIAGVYNEQFF	SPRWYFYYL
CASSSLTSGAYNEQFF	SPRWYFYYL
CASSQGTGLSYEQYF	SPRWYFYYL
CASSQDAGTGNTIYF	SPRWYFYYL
CAWDAGAGGPGGELFF	SPRWYFYYL
CASSLAGIGYTF	SPRWYFYYL
CASSETPGPPGEQYF	SPRWYFYYL
CASRIGTIEAFF	SPRWYFYYL
CASSPLPSGGSDTQYF	SPRWYFYYL
CASDPSYRGNTEAFF	SPRWYFYYL
CASSRGTAEAFF	SPRWYFYYL
CASGPTTHQAFF	SPRWYFYYL
CASSPLTGASGDKYTQYF	SPRWYFYYL
CASSLAGGPGETQYF	SPRWYFYYL
CASSEQACFPSGTHRINYGYTF	SPRWYFYYL
CASSFSGGGTDTQYF	SPRWYFYYL
CASSLPPREQYF	SPRWYFYYL
CASSSAGTPKSHNEQFF	SPRWYFYYL
CASRSIETGRGETQYF	SPRWYFYYL
CASSLFTGGPEGKNIQYF	SPRWYFYYL
CASSLAGVFIFDEQYF	SPRWYFYYL
CASSPLAGAEEVKETQYF	SPRWYFYYL
CASSALPMGTSEQFF	SPRWYFYYL
CASSPLTGTGRYEQYF	SPRWYFYYL
CASSLETPLDTEAFF	SPRWYFYYL
CASAPGHSSYNEQFF	SPRWYFYYL
CASSEFPTGSNNEQFF	SPRWYFYYL
CASSLAGAEAFF	SPRWYFYYL
CASSPRTGVNQETQYF	SPRWYFYYL
CASSQSPGAGYEQYF	SPRWYFYYL
CASSPRAGPGELFF	SPRWYFYYL
CASSLAGAYEQYF	SPRWYFYYL
CASSLKIGGVETQYF	SPRWYFYYL
CASSFLTGLAKNIQYF	SPRWYFYYL
CASSISGASYEQYF	SPRWYFYYL
CASSLAGLAVGPGTQYF	SPRWYFYYL
CASSLAMGPRYNEQFF	SPRWYFYYL
CASSPEFTGRETQYF	SPRWYFYYL
CASSLTGSNTEAFF	SPRWYFYYL
CASSLAGTGGYEQYF	SPRWYFYYL
CASTGRLDTQYF	SPRWYFYYL
CASSSGLANTDTQYF	SPRWYFYYL
CASSLAGVGYTF	SPRWYFYYL
CASSLGPSGGQYNEQFF	SPRWYFYYL
CASNPGRVGEQYF	SPRWYFYYL
CASSFYTGTGITGELFF	SPRWYFYYL
CASSLNRGLGEQYF	SPRWYFYYL
CASSERPLSPNEKLFF	SPRWYFYYL
CASSLAGLALSTDTQYF	SPRWYFYYL
CASSVGPGESTNEKLFF	SPRWYFYYL
CASSLRDALGAYEQYF	SPRWYFYYL
CASSLLVGGPTNKETQYF	SPRWYFYYL
CAWGGLGLSYEQYF	SPRWYFYYL
CASSLAGSEAFF	SPRWYFYYL
CATSRETPNTEAFF	SPRWYFYYL
CASSLSYRGNTEAFF	SPRWYFYYL
CAWSPRAAVGELFF	SPRWYFYYL
CASRPTTGWAKNIQYF	SPRWYFYYL
CASSILLGGPTDTQYF	SPRWYFYYL
CASSDDTGTRLYTEELFF	SPRWYFYYL
CASSLAGAGELFF	SPRWYFYYL
CASSLAGTGVTF	SPRWYFYYL
CASSLYLNEKLFF	SPRWYFYYL
CASSSDYRGRFGYTF	SPRWYFYYL
CASTPLTGPPEGKNIQYF	SPRWYFYYL
CASSLKQGPVETQYF	SPRWYFYYL
CASNPGPSAGELFF	SPRWYFYYL
CASSPADLRETQYF	SPRWYFYYL
CASSLTERTSTDTQYF	SPRWYFYYL
CATSDMRSSSYNEQFF	SPRWYFYYL
CASRLTSPGNQPQHF	SPRWYFYYL
CSVEVVGGQGFGTDTQYF	SPRWYFYYL
CASGGLRPGEQYF	SPRWYFYYL
CASSRPPDAYEQYF	SPRWYFYYL
CASSIGSGAYNEQFF	SPRWYFYYL
CASSHRTGDSKNIQYF	SPRWYFYYL
CASSSPGRMGLAGHNEQFF	SPRWYFYYL
CASSPWTSGVAYEQYF	SPRWYFYYL
CASSPFGGDYGYTF	SPRWYFYYL
CASSELPGGYTDTQYF	SPRWYFYYL
CASSQGGAGLTDTQYF	SPRWYFYYL
CASSLGLAGSTDTQYF	SPRWYFYYL
CASSLTRSGTGELFF	SPRWYFYYL
CSSLHGAGQFFF	SPRWYFYYL
CASRQLAGGPNEQFF	SPRWYFYYL
CSARLPNEQFF	SPRWYFYYL
CASRGLLNQPQHF	SPRWYFYYL
CASSLRQGPSDEQYF	SPRWYFYYL
CASSLEGLSYEQYF	SPRWYFYYL
CASSQDPGLNTEAFF	SPRWYFYYL
CASSLAGAEQFF	SPRWYFYYL
CASRALTGDSRTKNIQYF	SPRWYFYYL
CASSVISRVGETQYF	SPRWYFYYL
CASSLLAGSGTEAFF	SPRWYFYYL
CASSLAGAYEQYF	SPRWYFYYL
CASSLAGGWATEAFF	SPRWYFYYL
CSVEAPGAGEWYEQYF	SPRWYFYYL
CASSERTGGSTEAFF	SPRWYFYYL
CASSFLTGGPTRNEQFF	SPRWYFYYL
CASSSKTGPLTSTDTQYF	SPRWYFYYL
CASSLTGGMSQPQHF	SPRWYFYYL
CASSLYPPGDQYNEQFF	SPRWYFYYL
CASSLAGAQPQHF	SPRWYFYYL
CASSQDAGSRSTDTQYF	SPRWYFYYL
CASSLGTEVYNEQFF	SPRWYFYYL
CASSLRDRAYDEQFF	SPRWYFYYL
CASSRFETGRDGYTF	SPRWYFYYL
CASSLAGGVGQPQHF	SPRWYFYYL
CASSSPDTGAGQSDQETQYF	SPRWYFYYL
CASTPILGTQYF	SPRWYFYYL
CASSLSGGPLIEQFF	SPRWYFYYL
CASSLAGAYEAFF	SPRWYFYYL
CASSRLTGPALTKNIQYF	SPRWYFYYL
CASSFLTSARGGEQYF	SPRWYFYYL
CSAGTRTSGTPYEQYF	SPRWYFYYL
CASSERTGGSTEAFF	SPRWYFYYL
CASSPEMGFRETQYF	SPRWYFYYL
CASSQGGAEQYF	SPRWYFYYL
CASSLAGVEQFF	SPRWYFYYL
CSVVPLAGPYEQYF	SPRWYFYYL
CASSLGGGLLHEQYF	SPRWYFYYL
CASSSLTSGGYNEQFF	SPRWYFYYL
CASSNRGNEQYF	SPRWYFYYL
CASSSSYRGSNQPQHF	SPRWYFYYL
CASSLAGSEQYF	SPRWYFYYL
CASSYLPPTASSYEQYF	SPRWYFYYL
CASRPLAGGPEIKTQYF	SPRWYFYYL
CASSPLPVIQETQYF	SPRWYFYYL
CSASGLAGTQSYEQYF	SPRWYFYYL
CASSQGTAFNSPLHF	SPRWYFYYL
CSYKGQGLTEAFF	SPRWYFYYL
CASSQDSGTAYEQYF	SPRWYFYYL
CASSPVPSGPGEQYF	SPRWYFYYL
CASSEGVAKNIQYF	SPRWYFYYL
CASSPREAPSDEQFF	SPRWYFYYL
CASSLYPAGANTEAFF	SPRWYFYYL
CASSLYPGTSPTDTQYF	SPRWYFYYL
CASTSPGPSGNTIYF	SPRWYFYYL
CASSLAGLAKRPEQYF	SPRWYFYYL
CASSLAGANEQFF	SPRWYFYYL
CASSLSYRGNTEAFF	SPRWYFYYL
CSATGTGDNEQFF	SPRWYFYYL
CSANTRERSYNEQFF	SPRWYFYYL
CASSLMGTSGAWSYNEQFF	SPRWYFYYL
CASTRDRALTYEQYF	SPRWYFYYL
CSARDRKGYTNQPQHF	SPRWYFYYL
CASSRIETASYEQYF	SPRWYFYYL
CASSLARRGLGYGYTF	SPRWYFYYL
CASSQMTSATYEQYF	SPRWYFYYL
CATSDLTGGGGYTF	SPRWYFYYL
CATGRGIGPYEQYF	SPRWYFYYL
CASSQPGLYEQYF	SPRWYFYYL
CASSLAGAYEQYF	SPRWYFYYL
CASSLAGTYEQYF	SPRWYFYYL
CASSLGRGTGTDTQYF	SPRWYFYYL
CASTLAGVVLSADTQYF	SPRWYFYYL
CASSRDHSGIGAYEQYF	SPRWYFYYL
CATSDLISNQPQHF	SPRWYFYYL
CATSDLPSGTSDTQYF	SPRWYFYYL
CASSYPGQGHTGELFF	SPRWYFYYL
CASSPRSGPGELFF	SPRWYFYYL
CASSLGVGRFTDTQYF	SPRWYFYYL
CASRYLNTEAFF	SPRWYFYYL
CASDRGLNSPLHF	SPRWYFYYL
CASSLAGIEQYF	SPRWYFYYL
CASSQDGGSAYEQYF	SPRWYFYYL
CASSFGKGEQFF	SPRWYFYYL
CASSLRIGSTDTQYF	SPRWYFYYL
CASSEGRTGELFF	SPRWYFYYL
CASTKGLASTDTQYF	SPRWYFYYL
CASSSLPGPPRGEQYF	SPRWYFYYL
CAVHRWLTPQETQYF	SPRWYFYYL
CASSLLLGGTQETQYF	SPRWYFYYL
CATAKFINTEAFF	SPRWYFYYL
CASSEGAKYNSPLHF	SPRWYFYYL
CASSEFPGPPRGEQYF	SPRWYFYYL
CASSYTGLAGPTITYNEQFF	SPRWYFYYL
CTSSQDPQSSYGYTF	SPRWYFYYL
CSAPGLAGGIYEQYF	SPRWYFYYL
CASSLAGFDTQYF	SPRWYFYYL
CASSELPGPPRGEAFF	SPRWYFYYL
CASSLAGTYEQYF	SPRWYFYYL
CASSPLVGAPEAKNIQYF	SPRWYFYYL
CASSPLTGGPRFKETQYF	SPRWYFYYL
CASSLAGAQGYTF	SPRWYFYYL
CASSLAGVTYTDTQYF	SPRWYFYYL
CASSLAGANVLTF	SPRWYFYYL
CAISESPTLSSYNEQFF	SPRWYFYYL
CASSTITGTVEAKNIQYF	SPRWYFYYL
CASSPRLAGQETQYF	SPRWYFYYL
CASSDLFRQHFLPLHF	SPRWYFYYL
CASSLVSRGSSDTQYF	SPRWYFYYL
CASSSGQTYEQYF	SPRWYFYYL
CASSYGTVYNEQFF	SPRWYFYYL
CASSQRGAAYEQYF	SPRWYFYYL
CASSLAGAPLATYGYTF	SPRWYFYYL
CSASLLRQGVYEQYF	SPRWYFYYL
CASSLAWGPYNEQFF	SPRWYFYYL
CASSPREGTGNTIYF	SPRWYFYYL
CASSRGLGVNTEAFF	SPRWYFYYL
CASSQASPGIGYGYTF	SPRWYFYYL
CASSLLAGGQETQYF	SPRWYFYYL
CASSSLTGMNTEAFF	SPRWYFYYL
CASSSRTDYEQYF	SPRWYFYYL
CASSLAGVGQYF	SPRWYFYYL
CASSLAGAGEEYF	SPRWYFYYL
CASIKLAGGPHNEQFF	SPRWYFYYL
CASSKLTGEAVAKNIQYF	SPRWYFYYL
CASRTGRWGYTF	SPRWYFYYL
CASSEVIANYGYTF	SPRWYFYYL
CASSLDRYYEQYF	SPRWYFYYL
CASSLSASGYEQYF	SPRWYFYYL
CSANREGGFYSNQPQHF	SPRWYFYYL
CSARDQGFNQPQHF	SPRWYFYYL
CASSQGASGGYTGELFF	SPRWYFYYL
CSATLSSGWNEQFF	SPRWYFYYL
CASSLAGAYEQYF	SPRWYFYYL
CASSLTISAPQHF	SPRWYFYYL
CASSDQGTGFSGANVLTF	SPRWYFYYL
CASSLAGGPYNEQFF	SPRWYFYYL
CASSNHPSGGPQETQYF	SPRWYFYYL
CATSDPPKREGKNEQFF	SPRWYFYYL
CASSQVPGTNTGELFF	SPRWYFYYL
CASSIRRHEQFF	SPRWYFYYL
CASSRLSVGETQYF	SPRWYFYYL
CASSFSGSSNQPQHF	SPRWYFYYL
CASSLGRRASGPTNTGELFF	SPRWYFYYL
CASSGRTGVELGEAFF	SPRWYFYYL
CASSLYSPYNEQFF	SPRWYFYYL
CASSDTGGPLREQYF	SPRWYFYYL
CASSLGGSQPQHF	SPRWYFYYL
CASSRGGGPLDEQFF	SPRWYFYYL
CASSLYPGANVLTF	SPRWYFYYL
CASILLPSGGSSSYNEQFF	SPRWYFYYL
CASSLGGQTYEQYF	SPRWYFYYL
CASTPGQGPQEQFF	SPRWYFYYL
CASSTLGTNTEAFF	SPRWYFYYL
CATSRVPAGMTDTQYF	SPRWYFYYL
CASSQLAGGPGELFF	SPRWYFYYL
CASSFMISGANVLTF	SPRWYFYYL
CASRSREEGYNSPLHF	SPRWYFYYL
CASSQDIVGVNTEAFF	SPRWYFYYL
CASSVSPQLAGGPSTDTQYF	SPRWYFYYL
CASSAGHSLFTDTQYF	SPRWYFYYL
CSVVPLAGAYEQYF	SPRWYFYYL
CASSLAGAYEQYF	SPRWYFYYL
CASSLITGVAKNIQYF	SPRWYFYYL
CASSLAGTAYGYTF	SPRWYFYYL
CASSWGGELDIIEAFF	SPRWYFYYL
CASSLAGGSHTEAFF	SPRWYFYYL
CASSLAGVEAFF	SPRWYFYYL
CASSLGKGEQFF	SPRWYFYYL
CASSLAAGNTEAFF	SPRWYFYYL
CASSLAGVGEAFF	SPRWYFYYL
CASSLAGVEAFF	SPRWYFYYL
CASRTGMGSYNEQFF	SPRWYFYYL
CASSPPAGAYNEQFF	SPRWYFYYL
CASSPPGLITYNEQFF	SPRWYFYYL
CASSFYPGTSATDTQYF	SPRWYFYYL
CASSPRTYEQYF	SPRWYFYYL
CASSLEGSNSYEQYF	SPRWYFYYL
CASSLAGIEAFF	SPRWYFYYL
CSALRDRHIWQETQYF	SPRWYFYYL
CASSPSDRYEQYF	SPRWYFYYL
CASSLGGQDQYF	SPRWYFYYL
CSAGQPQHF	SPRWYFYYL
CASSPLTGGPVAKNIQYF	SPRWYFYYL
CASSPLGGPGANVLTF	SPRWYFYYL
CASSELPGPDTQYF	SPRWYFYYL
CASSSQGGGETQYF	SPRWYFYYL
CASTFLPAGPQETQYF	SPRWYFYYL
CASSLGQLNTGELFF	SPRWYFYYL
CASSELTSGGGEQFF	SPRWYFYYL
CASSSLTSGAYNEQFF	SPRWYFYYL
CASTLTGGSGANVLTF	SPRWYFYYL
CASSLAGVGEYF	SPRWYFYYL
CASSLGSNQPQHF	SPRWYFYYL
CASGIGHQLSSYEQYF	SPRWYFYYL
CASSLAGGPTHTQYF	SPRWYFYYL
CASRPYYGTREQYF	SPRWYFYYL
CASSPQGGHYEQYF	SPRWYFYYL
CASSFHTNTGELFF	SPRWYFYYL
CASRRNPNTEAFF	SPRWYFYYL
CASSLDGTANQPQHF	SPRWYFYYL
CATSDLPSDEQFF	SPRWYFYYL
CASSARTGEFRETQYF	SPRWYFYYL
CASSELPGPPSGELFF	SPRWYFYYL
CASSLSGHGPYEQYF	SPRWYFYYL
CASSLSYRGNEKLFF	SPRWYFYYL
CASSFGGGPYNEQFF	SPRWYFYYL
CASSPLTGDFLAKNIQYF	SPRWYFYYL
CASSQEGLAGNNEQFF	SPRWYFYYL
CASSLAGAYEQYF	SPRWYFYYL
CASSLAGAGAYF	SPRWYFYYL
CSARPRQGATYEQYF	SPRWYFYYL
CASRTVTGLAKNIQYF	SPRWYFYYL
CASSLAGVEQYF	SPRWYFYYL
CASSLAGSEQYF	SPRWYFYYL
CSVGNEQFF	SPRWYFYYL
CASSSIQGNNEQFF	SPRWYFYYL
CASSSLTGNRYEQYF	SPRWYFYYL
CASSLAGVGQYF	SPRWYFYYL
CASSRDVYYEQYF	SPRWYFYYL
CASSLAGAGYTF	SPRWYFYYL
CASSEWANALQETQYF	SPRWYFYYL
CASDRGANTEAFF	SPRWYFYYL
CASSSLAGLAKNIQYF	SPRWYFYYL
CASKFLAGGFNTQYF	SPRWYFYYL
CASSPFAGAGNQPQHF	SPRWYFYYL
CASSSLLTALATEAFF	SPRWYFYYL
CATSDLTVDEQFF	SPRWYFYYL
CASSEFWGANTGELFF	SPRWYFYYL
CASSQGGVQQFF	SPRWYFYYL
CASSQSPGTTYEQYF	SPRWYFYYL
CASSEGRGGRLDTQYF	SPRWYFYYL
CASSPRVTGDTQYF	SPRWYFYYL
CASSLTGGPGYGYTF	SPRWYFYYL
CASSPTLTGNEQFF	SPRWYFYYL
CARSRAGGPLDEQFF	SPRWYFYYL
CASSLAGGWNEQFF	SPRWYFYYL
CASSLRLAGTDTQYF	SPRWYFYYL
CASSLAGSEQYF	SPRWYFYYL
CSSGSREQYYEQFF	SPRWYFYYL
CASSLAGSYEQYF	SPRWYFYYL
CASSSAKNLLYGYTF	SPRWYFYYL
CASSLARGHQETQYF	SPRWYFYYL
CASSQEAAGSYEQYF	SPRWYFYYL
CAWSSNPSSYNSPLHF	SPRWYFYYL
CASRTRTGGLNQPQHF	SPRWYFYYL
CASRALAGGPDRGYNEQFF	SPRWYFYYL
CASSLKPPGSDGNTIYF	SPRWYFYYL
CASSDLPGPPGTQYF	SPRWYFYYL
CASSLLTGVNTEAFF	SPRWYFYYL
CASSRITGGANAKNIQYF	SPRWYFYYL
CASIRGNGYTF	SPRWYFYYL
CASSLRQSNLYNEQFF	SPRWYFYYL
CACVDRGLMVDQDEQYF	SPRWYFYYL
CASSSLTGPAREQFF	SPRWYFYYL
CASTPVQSGSRDTQYF	SPRWYFYYL
CASSVIGGPMNTEAFF	SPRWYFYYL
CASSLAGGFTQPQHF	SPRWYFYYL
CASSPLTGRNTEAFF	SPRWYFYYL
CASRRLTGPPGKETQYF	SPRWYFYYL
CASLFNEQFF	SPRWYFYYL
CASSLAGVEVSYEQYF	SPRWYFYYL
CASSPTGGGTDTQYF	SPRWYFYYL
CSARAGIGLADRGNSPLHF	SPRWYFYYL
CAISETPGQGQETQYF	SPRWYFYYL
CASSLAGAYEQYF	SPRWYFYYL
CASSSQGALETQYF	SPRWYFYYL
CASSLSPRNEQFF	SPRWYFYYL
CASSQGVQVYNEQFF	SPRWYFYYL
CASRRTGNGYTF	SPRWYFYYL
CASSHLTSALYEQYF	SPRWYFYYL
CASSLAGSPRLGYTF	SPRWYFYYL
CASSQVTGVNEQYF	SPRWYFYYL
CASSYQQPNEKLFF	SPRWYFYYL
CASSQGGVEQYF	SPRWYFYYL
CASRPLTGSPLAKNIQYF	SPRWYFYYL
CASSSLGTTAEAFF	SPRWYFYYL
CASSDGLDRNEQFF	SPRWYFYYL
CASSPTGSTGQPQHF	SPRWYFYYL
CASSTSRAGGPYNEQFF	SPRWYFYYL
CASSAFIPGTQNGELFF	SPRWYFYYL
CASSLGETGSQPQHF	SPRWYFYYL
CASRPVGPLADTQYF	SPRWYFYYL
CASSLEGEPDGF	SPRWYFYYL
CASSLAGQINEKLFF	SPRWYFYYL
CASSLGTKSEQFF	SPRWYFYYL
CASTLNEQYF	SPRWYFYYL
CASTLAGVPIPFTDTQYF	SPRWYFYYL
CASSLGRWTPNTEAFF	SPRWYFYYL
CASSSIGLAGELFF	SPRWYFYYL
CSVEAGTGYFEYF	SPRWYFYYL
CASSFGPGGNNQPQHF	SPRWYFYYL
CASSSLTGEQTWRYEQYF	SPRWYFYYL
CASSMASGSYEQYF	SPRWYFYYL
CASSFGINEQFF	SPRWYFYYL
CASSLAGAYEQYF	SPRWYFYYL
CASSPRWPSEQETQYF	SPRWYFYYL
CASRSLTGGRSQYEQYF	SPRWYFYYL
CASDPGSYNEQFF	SPRWYFYYL
CASSQFWQAYNSPLHF	SPRWYFYYL
CATSDLGTSGNNEQFF	SPRWYFYYL
CSVRATSTDTQYF	SPRWYFYYL
CASSLGTPLNTEAFF	SPRWYFYYL
CASSLAGAFEQFF	SPRWYFYYL
CASSDPTGEQYF	SPRWYFYYL
CASSSTGDSYEQYF	SPRWYFYYL
CASSLAGALQAFF	SPRWYFYYL
CASSLAPGAGGKNNEQFF	SPRWYFYYL
CASSSAGGPINEQFF	SPRWYFYYL
CATRTGITGELFF	SPRWYFYYL
CASSLAGAEAFF	SPRWYFYYL
CASSLWAGGRRYEQYF	SPRWYFYYL
CASIARGLSSYNEQFF	SPRWYFYYL
CASSSAGGPSNEQFF	SPRWYFYYL
CASSLSYRGNTEAFF	SPRWYFYYL
CASSLAGAGELFF	SPRWYFYYL
CASSLAGAYDAFF	SPRWYFYYL
CASSLAGSGYTF	SPRWYFYYL
CASRVQGPYNEQFF	SPRWYFYYL
CSARDSRLASSPHEQYF	SPRWYFYYL
CASSLTGAMNTEAFF	SPRWYFYYL
CASRRLAGGPYNEQFF	SPRWYFYYL
CSARDTGTGNTIYF	SPRWYFYYL
CASSPLTGQETQYF	SPRWYFYYL
CASSLAGVGKFF	SPRWYFYYL
CASSWGNEQFF	SPRWYFYYL
CASGRAYEQYF	SPRWYFYYL
CSADNRASSYNEQFF	SPRWYFYYL
CASSHGRGPNQPQHF	SPRWYFYYL
CASSLKGSAGAGTQYF	SPRWYFYYL
CASSPLTGTASGKETQYF	SPRWYFYYL
CSAPVQGSNQPQHF	SPRWYFYYL
CASSRGAGSPEVKTQYF	SPRWYFYYL
CASSVPETQYF	SPRWYFYYL
CASSQLGNGAHNEQFF	SPRWYFYYL
CASSLAGAEAFF	SPRWYFYYL
CASSLAGAGAFF	SPRWYFYYL
CSVAGGTTANYGYTF	SPRWYFYYL
CASSSIMGGRYEQYF	SPRWYFYYL
CASSLAGNGYTF	SPRWYFYYL
CASSFVGAEQYF	SPRWYFYYL
CATSDPKLAGGKNIQYF	SPRWYFYYL
CASSPPYRGNNEQFF	SPRWYFYYL
CASSLRAGTSGGAYNEQFF	SPRWYFYYL
CASSLAGVEQYF	SPRWYFYYL
CASSLAGSGQFF	SPRWYFYYL
CASSQPKGGGSPLHF	SPRWYFYYL
CASSLWSKETQYF	SPRWYFYYL
CAVAANTEAFF	SPRWYFYYL
CASSPRTGEGGELFF	SPRWYFYYL
CASSELPGPPGELFF	SPRWYFYYL
CASSLAGVEQYF	SPRWYFYYL
CASSSLAGGADTQYF	SPRWYFYYL
CASSDLPSGGSNYGYTF	SPRWYFYYL
CASSLAPRSSYNEQFF	SPRWYFYYL
CASSPYLAGYEQYF	SPRWYFYYL
CASSPATGQGVVKNIQYF	SPRWYFYYL
CASSDLPSGGKDYGYTF	SPRWYFYYL
CSARDPAGAGFYEQYF	SPRWYFYYL
CASSPLDTGELFF	SPRWYFYYL
CATSKTGGGIGELFF	SPRWYFYYL
CASSQDPGAYEQYF	SPRWYFYYL
CASSYPGRFYEQYF	SPRWYFYYL
CASSAYPGGERNIQYF	SPRWYFYYL
CATQHNPNTEAFF	SPRWYFYYL
CSARDLKPQSSYNEQFF	SPRWYFYYL
CASSLAGGGNQPQHF	SPRWYFYYL
CASSFILGGGVNEQYF	SPRWYFYYL
PGPEGDSNQPQHF	SPRWYFYYL
CASSDLGLNQPQHF	SPRWYFYYL
CASSLAGSEQYF	SPRWYFYYL
CASSLAGVEQFF	SPRWYFYYL
CASSFAGISYEQYF	SPRWYFYYL
CATQGEQAFF	SPRWYFYYL
CASSLAGGLSQPQHF	SPRWYFYYL
CASSLAGGPGNEQFF	SPRWYFYYL
CSARDFLGGSGNSPLHF	SPRWYFYYL
CASSLAGARELFF	SPRWYFYYL
CASSPTPDGISYEQYF	SPRWYFYYL
CASSLLAGGQETQYF	SPRWYFYYL
CASSPTPLGGNTIYF	SPRWYFYYL
CASSSAGGPYNEQFF	SPRWYFYYL
CASSLAGATEAFF	SPRWYFYYL
CSVESLGHSSGSYEQYF	SPRWYFYYL
CASSLARGPAGGQFF	SPRWYFYYL
CASSLAGNPGNTIYF	SPRWYFYYL
CASSLAGIEAFF	SPRWYFYYL
CASSPLVGLAEAKNIQYF	SPRWYFYYL
CASSSIAGGITDTQYF	SPRWYFYYL
CASSFAGGPYNEQFF	SPRWYFYYL
CASSYSYRGNNSPLHF	SPRWYFYYL
CASSRWDRSTNEKLFF	SPRWYFYYL
CASSLAGGPHQPQHF	SPRWYFYYL
CASSSSGAGPLHF	SPRWYFYYL
CASSLSYRGHTDTQYF	SPRWYFYYL
CASSLAGAYEQYF	SPRWYFYYL
CASGAGPNQPQHF	SPRWYFYYL
CASSQVRRAGELFF	SPRWYFYYL
CASSPLTGGPWDKNIQYF	SPRWYFYYL
CASSLPTLQGSYEQYF	SPRWYFYYL
CASSALTSSYNEQFF	SPRWYFYYL
CASSLSGADYGYTF	SPRWYFYYL
CASSLSTGGASAKNIQYF	SPRWYFYYL
CASSLYPVPSGANVLTF	SPRWYFYYL
CASSYSAGGAGELFF	SPRWYFYYL
CASSLAGAGQYF	SPRWYFYYL
CASSLAGANEQFF	SPRWYFYYL
CASSKSENEQYF	SPRWYFYYL
CASNTKTGGWETQYF	SPRWYFYYL
CASSLAGGIEQPQHF	SPRWYFYYL
CASTDCAGARWNEQFF	SPRWYFYYL
CASSSLTGSRGEQYF	SPRWYFYYL
CASSLALAQPQHF	SPRWYFYYL
CSALLGAEQFF	SPRWYFYYL
CASSYSYRGNTPLHF	SPRWYFYYL
CASRALVGTELAKNIQYF	SPRWYFYYL
CASTNLPCTGNTIYF	SPRWYFYYL
CASSLAGAYEQYF	SPRWYFYYL
CASSLAGVGYTF	SPRWYFYYL
CASSLATGPYPPQYF	SPRWYFYYL
CASTPLTGHSLAKNIQYF	SPRWYFYYL
CASSYGSYNEQFF	SPRWYFYYL
CSARDPRLAGATEQYF	SPRWYFYYL
CASMRTPQETQYF	SPRWYFYYL
CASSTRDSPNTEAFF	SPRWYFYYL
CASTTLQVANYGYTF	SPRWYFYYL
CASSPRRTSGREQYF	SPRWYFYYL
CASSSFRDTEKLFF	SPRWYFYYL
CASSLAGGDGYTF	SPRWYFYYL
CASSLAGAYEQYF	SPRWYFYYL
CASSLGEDQHF	SPRWYFYYL
CASGNTNTEAFF	SPRWYFYYL
CASSLAGGPLQPQHF	SPRWYFYYL
CASSARDYFYNEQFF	SPRWYFYYL
CASSLPSWTDNNSPLHF	SPRWYFYYL
CASSFSPGTGKVGFNQPQHF	SPRWYFYYL
CASSPIAGGPAAKNIQYF	SPRWYFYYL
CATSTHDRGKLFF	SPRWYFYYL
CASSPLTGASGDKYTQYF	SPRWYFYYL
CASSLAGGLGNQPQHF	SPRWYFYYL
CASSLSGGLYTEAFF	SPRWYFYYL
CASSPLTGSGNQPQHF	SPRWYFYYL
CASSRYRGSLSGANVLTF	SPRWYFYYL
CASSLAAGSNQPQHF	SPRWYFYYL
CATQPLAGGPEAKNIQYF	SPRWYFYYL
CATSDMTGRDGYTF	SPRWYFYYL
CASSQETGELFF	SPRWYFYYL
CATSGLQGHQPQHF	SPRWYFYYL
CASGGAREAFF	SPRWYFYYL
CATSDTGEPQHF	SPRWYFYYL
CASSYFTGGGGYTF	SPRWYFYYL
CASSLSPTAYEQYF	SPRWYFYYL
CAWSVGAAGGAGKETQYF	SPRWYFYYL
CASSLAGAQPQHF	SPRWYFYYL
CASSLLTGRDTGELFF	SPRWYFYYL
CATSETNSGQNEQFF	SPRWYFYYL
CASRTGTYGYTF	SPRWYFYYL
CASDRGDATEAFF	SPRWYFYYL
CASSKCGTGQGKLRSYEQYF	SPRWYFYYL
CASRGMTGGTYRKETQYF	SPRWYFYYL
CASSQDNLETDGYTF	SPRWYFYYL
CASSLSYRGNTEAFF	SPRWYFYYL
CASSAPQGGGGPQHF	SPRWYFYYL
CASSQPGDRRDEQYF	SPRWYFYYL
CASSLAGGALYEQYF	SPRWYFYYL
CASSHHKREVKDEQFF	SPRWYFYYL
CASSYLKTRGYEQYF	SPRWYFYYL
CSANGRESPISYEQYF	SPRWYFYYL
CASSQVFSGGDEQFF	SPRWYFYYL
CASSLAGAYEQYF	SPRWYFYYL
CASSGLAGVLGDTQYF	SPRWYFYYL
CASSLAGAYEQYF	SPRWYFYYL
CASSLAGGQPLHF	SPRWYFYYL
CASSLAGAYEQYF	SPRWYFYYL
CASSFGQGGTNEKLFF	SPRWYFYYL
CASSLNGDSLIRDTQYF	SPRWYFYYL
CATSDRLAVHNEQFF	SPRWYFYYL
CASSYLTGLAKNIQYF	SPRWYFYYL
CASSALPSGQQNSPLHF	SPRWYFYYL
CATSDLATDTQYF	SPRWYFYYL
CASSLAGAYEQYF	SPRWYFYYL
CASSLAGGLLQPQHF	SPRWYFYYL
CASSLTDREIGGYTF	SPRWYFYYL
CASSPHSGTSESKETQYF	SPRWYFYYL
CASSLAGGSGTEAFF	SPRWYFYYL
CASIPRGLSSYNEQFF	SPRWYFYYL
CASRVGNTEAFF	SPRWYFYYL
CASSLHAAFNYGYTF	SPRWYFYYL
CASSPSPLGTDTQYF	SPRWYFYYL
CASSQDRRAPGTEAFF	SPRWYFYYL
CASSELPSPGQNYGYTF	SPRWYFYYL
CASSLSYRGNTEAFF	SPRWYFYYL
CASDRGQNQPQHF	SPRWYFYYL
CASSPLTGEALAKNIQYF	SPRWYFYYL
CASSSLTSGAYNEQFF	SPRWYFYYL
CASSQEYSLYTDTQYF	SPRWYFYYL
CSVATGQGWYF	SPRWYFYYL
CASSWAATNTGELFF	SPRWYFYYL
CASSQVPSYEQYF	SPRWYFYYL
CASSPLTGATGELFF	SPRWYFYYL
CASSLAGTYEQYF	SPRWYFYYL
CASSELPGPPGELFF	SPRWYFYYL
CASSYGQGPYGYTF	SPRWYFYYL
CASSPLTGGHNEQFF	SPRWYFYYL
CASSSMTGGLEVKNIQYF	SPRWYFYYL
CASSLAGLSISGNTIYF	SPRWYFYYL
CASSSLTSGSRSYEQYF	SPRWYFYYL
CASSSTPGPPNYGYTF	SPRWYFYYL
CATSDLTRDEQFF	SPRWYFYYL
CASSPLTGAPGSKETQYF	SPRWYFYYL
CASGHYGRNEQFF	SPRWYFYYL
CASSLAGGPLLEQYF	SPRWYFYYL
CASSLSYRGNQPQHF	SPRWYFYYL
CASSSRDQPTSEQYF	SPRWYFYYL
CASSQTPGQGNSPLHF	SPRWYFYYL
CASSLDRATSGREYEQYF	SPRWYFYYL
CASTPQDEQYF	SPRWYFYYL
CSVVPLTGPYEQYF	SPRWYFYYL
CASSLAYPDTQYF	SPRWYFYYL
CASSQVGFSGGLSSVLTF	SPRWYFYYL
CASSFGNTEAFF	SPRWYFYYL
CSANSREFTYNEQFF	SPRWYFYYL
CASSQEGPLAGGIYEQYF	SPRWYFYYL
CASSELPFGQNYGYTF	SPRWYFYYL
CASSRVTGAAEAKNIQYF	SPRWYFYYL
CASSLTMDGTYGYTF	SPRWYFYYL
CASSLAGGPYQPQHF	SPRWYFYYL
CASSWTGSNTGELFF	SPRWYFYYL
CSARHRDNYNEQFF	SPRWYFYYL
CASSQVPPNHNSPLHF	SPRWYFYYL
CASSLAGGSHTEAFF	SPRWYFYYL
CASSLAGAYEQYF	SPRWYFYYL
CASSLAGGVLNEQFF	SPRWYFYYL
CASSFRPVITNTGELFF	SPRWYFYYL
CASSQAGNPTDTQYF	SPRWYFYYL
CATSPSDRTVGTQYF	SPRWYFYYL
CASSLAGGPYNEQFF	SPRWYFYYL
CASSRTLTGNEQFF	SPRWYFYYL
CSVDPLQGPYEQYF	SPRWYFYYL
CASSELPGPGSGANVLTF	SPRWYFYYL
CASSLSGYTEAFF	SPRWYFYYL
CASSLAGGTNQPQHF	SPRWYFYYL
CASSDTTGVHEQYF	SPRWYFYYL
CASSEGTAQETQYF	SPRWYFYYL
CASSLAGLALTDTQYF	SPRWYFYYL
CATSDLASDTQYF	SPRWYFYYL
CASSPLVGGPAGYTF	SPRWYFYYL
CATSDLTRDEQFF	SPRWYFYYL
CASSQATGVRWNTEAFF	SPRWYFYYL
CASSSLTSGSYNEQFF	SPRWYFYYL
CASSESAANYEQYF	SPRWYFYYL
