CDR3	AA
CASSVTVGTGGTEAFF	FEYVSQPFL
CASSYSRDSLNGYTF	FEYVSQPFL
CASSLVASGSYNEQFF	FEYVSQPFL
CASSLQTSGNEQFF	FEYVSQPFL
CASSPIAVSSYNEQFF	FEYVSQPFL
CASSQDPGGPLEQYF	FEYVSQPFL
CASSDLDRGLFQETQYF	FEYVSQPFL
CASSTPGTGLYEQYF	FEYVSQPFL
CASSLLTPGQGQYEQYF	FEYVSQPFL
CASSYPGPTDTQYF	FEYVSQPFL
CASRPGSFGYTF	FEYVSQPFL
CASSSRTSGSYEQYF	FEYVSQPFL
CASSETGTSVYNEQFF	FEYVSQPFL
CASSQVDRAKNIQYF	FEYVSQPFL
CASTVNMQETQYF	FEYVSQPFL
CASSQVSVSSYNEQFF	FEYVSQPFL
CASSSRDRGKNEQFF	FEYVSQPFL
CASSYLTAGGRYNEQFF	FEYVSQPFL
CASSQMNGAWTEAFF	FEYVSQPFL
CASSESGRFTYNEQFF	FEYVSQPFL
CASSLSSEVGTEAFF	FEYVSQPFL
CASVLGLAGDEQFF	FEYVSQPFL
CAGAGWSSYNEQFF	FEYVSQPFL
CASSLEGDAYNEQFF	FEYVSQPFL
CASSPLLNSYNEQFF	FEYVSQPFL
CASSSLDRGPGANVLTF	FEYVSQPFL
CASSSRTGAVLGQYF	FEYVSQPFL
CSACDRRLAGGTDTQYF	FEYVSQPFL
CASSYSAPGGSYNEQFF	FEYVSQPFL
CSVEDLTGTNTEAFF	FEYVSQPFL
CASSARSSPNTGELFF	FEYVSQPFL
CASIPVQGSYNSPLHF	FEYVSQPFL
CASSQLDGNTEAFF	FEYVSQPFL
CASSQEGEREGPGYEQYF	FEYVSQPFL
CASIGGTGELFF	FEYVSQPFL
CSARDYRTYEQYF	FEYVSQPFL
CASSPQGAGQPQHF	FEYVSQPFL
CASSILAGEGETQYF	FEYVSQPFL
CASSLIGAGSYNEQFF	FEYVSQPFL
CASSLEGDAYNEQFF	FEYVSQPFL
CASSLEGDSYNEQFF	FEYVSQPFL
CASSLFGETVYNEQFF	FEYVSQPFL
CASSLVPAQSSYNEQFF	FEYVSQPFL
CASSLIAGQGGEQYF	FEYVSQPFL
CASSEFGTKTYNEQFF	FEYVSQPFL
CASSEAGLAVYNEQFF	FEYVSQPFL
CASSLWQGYEQYF	FEYVSQPFL
CATSGHTREARRTYNEQFF	FEYVSQPFL
CSAHSGDGVIFYEQYF	FEYVSQPFL
CASSLALAKPLDTEAFF	FEYVSQPFL
CASSLVGSGSYNEQFF	FEYVSQPFL
CASSLVSGVRTEAFF	FEYVSQPFL
CASSWTGADTQYF	FEYVSQPFL
CASSPTSGSNYEQFF	FEYVSQPFL
CASSLAGRENEQFF	FEYVSQPFL
CASSLLTSTDTQYF	FEYVSQPFL
CASSQDLTGSSYEQYF	FEYVSQPFL
CSVVVMNYEQYF	FEYVSQPFL
CSARDRQGADGYTF	FEYVSQPFL
CASSQDLRGAPYQETQYF	FEYVSQPFL
CASTQGGKNEQFF	FEYVSQPFL
CASSPLLEENYNEQFF	FEYVSQPFL
CASSPLAGAYNEQFF	FEYVSQPFL
CAISGETGGGTDTQYF	FEYVSQPFL
CASSLWFTGSYEQYF	FEYVSQPFL
CASSPFGTSVYNEQFF	FEYVSQPFL
CASSHRTEPTFTDTQYF	FEYVSQPFL
