CDR3	AA
CASSVGIKVGQGTDEQYF	VLHSYFTSDY
CASSYDGRAYEQYF	VLHSYFTSDY
CASSQDHAGHNSPLHF	VLHSYFTSDY
CASSGWTGVGETQYF	VLHSYFTSDY
CSARDLAGGPGTGELFF	VLHSYFTSDY
CASSPIRTSASRVTGELFF	VLHSYFTSDY
CASSLDPPGTSGDIEQFF	VLHSYFTSDY
CATSDTRTPLQETQYF	VLHSYFTSDY
CATSDPKGDFYNEQFF	VLHSYFTSDY
CASSHWIAGGYGYEQFF	VLHSYFTSDY
CASTLAGTYNEQFF	VLHSYFTSDY
CASSISGRGDGSPLHF	VLHSYFTSDY
CASSTEADFAYEQYF	VLHSYFTSDY
CATKYVGGNQPQHF	VLHSYFTSDY
CASSLLADQETQYF	VLHSYFTSDY
CASSSRTSGTTSSYNEQFF	VLHSYFTSDY
CASSWGSGISDTQYF	VLHSYFTSDY
CASSPDREPYNEQFF	VLHSYFTSDY
CASSDKDRDLYNEQFF	VLHSYFTSDY
CASSLGGSSTDTQYF	VLHSYFTSDY
CASSWGSGTYGYTF	VLHSYFTSDY
CASRIDRDHSNQPQHF	VLHSYFTSDY
CASSVEDRVFTNTEAFF	VLHSYFTSDY
CASSLKPTSGGGTYNEQFF	VLHSYFTSDY
CASSQNAYEQYF	VLHSYFTSDY
CASSTLRGYSNQPQHF	VLHSYFTSDY
CASSFSPDTQYF	VLHSYFTSDY
CASSVGQGSSDTQYF	VLHSYFTSDY
CAIRLRTDYNEQFF	VLHSYFTSDY
CASSIGGDSQETQYF	VLHSYFTSDY
CASSLWTGVSYEQYF	VLHSYFTSDY
CASSFGGSSADTQYF	VLHSYFTSDY
CASSQTTGQETQYF	VLHSYFTSDY
CASSQGQVDGWPLHF	VLHSYFTSDY
CASSSRTSGTTYSTDTQYF	VLHSYFTSDY
CSARDPLRQAVYNEQFF	VLHSYFTSDY
CATSDLEGYYGYTF	VLHSYFTSDY
CASSLGGQGDGSPLHF	VLHSYFTSDY
CASSPLVDGSYEQYF	VLHSYFTSDY
CASSYSMRYEQYF	VLHSYFTSDY
CASSLGGGSTDTQYF	VLHSYFTSDY
CASSGTGDWVQPQHF	VLHSYFTSDY
CASAETALDGSPLHF	VLHSYFTSDY
CASSISGQGDGSPLHF	VLHSYFTSDY
CASRSWTGVGETQYF	VLHSYFTSDY
CAISEFGAEQPQHF	VLHSYFTSDY
CASSLAGDLGTEAFF	VLHSYFTSDY
CASSLTSGSLRNEQFF	VLHSYFTSDY
CASSLSSGRYNEQFF	VLHSYFTSDY
CASSSTSGTGELFF	VLHSYFTSDY
CASSFLTEGVETQYF	VLHSYFTSDY
CASSESGGSGSEQYF	VLHSYFTSDY
CASSLGGQGDGSPLHF	VLHSYFTSDY
CASSAGLWTGELFF	VLHSYFTSDY
CASSYPPGELFF	VLHSYFTSDY
CASSYWTGAGETQYF	VLHSYFTSDY
CSARLLLAQSSYNEQFF	VLHSYFTSDY
CASSESTRGLEQYF	VLHSYFTSDY
CATSDLATANYGYTF	VLHSYFTSDY
CASSYWTGIGYEQYF	VLHSYFTSDY
CASSPGTSGGETQYF	VLHSYFTSDY
CATMPNCATGASGCEQYF	VLHSYFTSDY
CASSHGQGSRAFF	VLHSYFTSDY
CASSKWTGVGNEQFF	VLHSYFTSDY
CASSLALVAGYEFGRLSGAETQYF	VLHSYFTSDY
CASSQVFLASGRSSNDEQYF	VLHSYFTSDY
CSARDLGQGLAGEFETQYF	VLHSYFTSDY
CASSLNWDRESPLHF	VLHSYFTSDY
CASSIGGDTLETQYF	VLHSYFTSDY
CASSYWTGLPYEQYF	VLHSYFTSDY
CASGKDRGYEQYF	VLHSYFTSDY
CASSLWTGVGETQYF	VLHSYFTSDY
CASRLTGTVAYEQYF	VLHSYFTSDY
CASSDPTTGELFF	VLHSYFTSDY
CASSQGGDYNQPQHF	VLHSYFTSDY
CASSSGLEIYNEQFF	VLHSYFTSDY
CASSLGGQGDGSPLHF	VLHSYFTSDY
CSARGLDNYEQYF	VLHSYFTSDY
CASSLGADSLETQYF	VLHSYFTSDY
CATSRLWADSNQPQHF	VLHSYFTSDY
CASSPWTGVAYEQYF	VLHSYFTSDY
CASSPRTGNYEQYF	VLHSYFTSDY
CATSSPARGDSNQPQHF	VLHSYFTSDY
CASSDVTSGRLDF	VLHSYFTSDY
CASTQGISYNEQFF	VLHSYFTSDY
CASSQETSGDFKIEQYF	VLHSYFTSDY
CASSTLGVSDYGYTF	VLHSYFTSDY
CASSLQGVQETQYF	VLHSYFTSDY
CASSQVSGSGYTQYF	VLHSYFTSDY
CSGRLADSSYNEQFF	VLHSYFTSDY
CASRWRGDYYEQYF	VLHSYFTSDY
CSALTGGDTEAFF	VLHSYFTSDY
CASSPGQGASAYGYTF	VLHSYFTSDY
CASTHSRDRGEGNTIYF	VLHSYFTSDY
CASSVGEGSTDTQYF	VLHSYFTSDY
CASSATGELFF	VLHSYFTSDY
CASSRLAGEGETQYF	VLHSYFTSDY
CASSPWTGVGETQYF	VLHSYFTSDY
CASNSLYEQYF	VLHSYFTSDY
CASSLLGVDYNSPLHF	VLHSYFTSDY
CASSQFQGLPEAFF	VLHSYFTSDY
CSVRTSVTYEQYF	VLHSYFTSDY
CASSWLAGDTYNEQFF	VLHSYFTSDY
CAWSPGTASEQYF	VLHSYFTSDY
CASSLAGVGYGYTF	VLHSYFTSDY
CASRNSINTEAFF	VLHSYFTSDY
CASGTTTSRSTGELFF	VLHSYFTSDY
CASSYLPSYEQYV	VLHSYFTSDY
CASSPDDFPAWEQYF	VLHSYFTSDY
CASSLVKNGLEAFF	VLHSYFTSDY
CSARVSLAQSSYNEQFF	VLHSYFTSDY
CATSSPDRGDSNQPQHF	VLHSYFTSDY
CASSLSVPGAGETQYF	VLHSYFTSDY
CASSPGDSRTDTQYF	VLHSYFTSDY
CASSILAVQETQYF	VLHSYFTSDY
CASSLWTGLYYEQYF	VLHSYFTSDY
CASRRPDTYEQYF	VLHSYFTSDY
CASSQVSGSGYEQYF	VLHSYFTSDY
CSARDPRLAGEGYQETQYF	VLHSYFTSDY
CASSQAVGGTEAFF	VLHSYFTSDY
CASSLGGSSTDTQYF	VLHSYFTSDY
CASTIGGGNTDTQYF	VLHSYFTSDY
CASSTLWQRDEQYF	VLHSYFTSDY
CASSRDRGNTEAFF	VLHSYFTSDY
CASSQDGRLGPHYEQFF	VLHSYFTSDY
CASSQVWQSSVEQFF	VLHSYFTSDY
CARSCYKTSAYNEQFF	VLHSYFTSDY
CATSNPKQGDSNQPQHF	VLHSYFTSDY
CASSLARDSTDTQYF	VLHSYFTSDY
CASSQETGTGVYSPLHF	VLHSYFTSDY
CATNPSGASTDTQYF	VLHSYFTSDY
CASSQGSGAYEQYF	VLHSYFTSDY
CASSLRLSLGTSYEQYF	VLHSYFTSDY
CASSLGQGGQPQHF	VLHSYFTSDY
CASSEFERSTEAFF	VLHSYFTSDY
CASSHRDSRNQNTGELFF	VLHSYFTSDY
CSARDSWGLTGAFYEQYF	VLHSYFTSDY
CASSEAPPGTSGRIEQFF	VLHSYFTSDY
CASSLRGDILYEQYF	VLHSYFTSDY
CASSASPSGNTIYF	VLHSYFTSDY
CASSAWTGVGYEQYF	VLHSYFTSDY
CASSSWTGSYNEQFF	VLHSYFTSDY
CASSWTDTQYF	VLHSYFTSDY
CASSYSLNPEAQYF	VLHSYFTSDY
CASSFMPGNSHGYTF	VLHSYFTSDY
CAISLLAKDDNEQFF	VLHSYFTSDY
CASSLLPSGLSVSYEQYF	VLHSYFTSDY
CASSYQGVVEQYF	VLHSYFTSDY
CATARTSGQETQYF	VLHSYFTSDY
CASSQGFRNTEAFF	VLHSYFTSDY
CASSLDPPGTSGKIEQYF	VLHSYFTSDY
CASSPWTGGGYEQYF	VLHSYFTSDY
CASSFSGTSDYNEQFF	VLHSYFTSDY
CASSILGNENIQYF	VLHSYFTSDY
CASRQRDTANYGYTF	VLHSYFTSDY
CASGRTNSPLHF	VLHSYFTSDY
CASSQINRGDSNQPQHF	VLHSYFTSDY
CASSSRDPSGNTIYF	VLHSYFTSDY
CASSPWTGVGNEQFF	VLHSYFTSDY
CAWSVPGDFNQPQHF	VLHSYFTSDY
CASSLGGSSTDTQYF	VLHSYFTSDY
CASSDTGLGGKLFF	VLHSYFTSDY
CASSLQGVQETQYF	VLHSYFTSDY
CASSLTLDTLTGGDGNTIYF	VLHSYFTSDY
CASSLVAGSSYEQYF	VLHSYFTSDY
CASSQVSGSGYEQYF	VLHSYFTSDY
CASSIESSGLNSPLHF	VLHSYFTSDY
CSARDPLRQSSYNEQFF	VLHSYFTSDY
CASSEAPVGYEQYF	VLHSYFTSDY
CASSRGTSGQETQYF	VLHSYFTSDY
CASSDSLSQGAPLGEQYF	VLHSYFTSDY
CASSESTDVNEQFF	VLHSYFTSDY
CASSPVRENLHEQYF	VLHSYFTSDY
CATSRGAGQETQYF	VLHSYFTSDY
CASSDPNFYSNQPQHF	VLHSYFTSDY
CASSFRANTEAFF	VLHSYFTSDY
CASSIAGQGDGSPLHF	VLHSYFTSDY
CASSLTGSETQYF	VLHSYFTSDY
CASSQDIGGPNTGELFF	VLHSYFTSDY
CASSLEGGNNYGYTF	VLHSYFTSDY
CASSLSGYEQYF	VLHSYFTSDY
CASSQAGQGDGSPLHF	VLHSYFTSDY
CASSVGGDSLETQYF	VLHSYFTSDY
CASSLSDRGLETQYF	VLHSYFTSDY
CASSYREDRGTQYF	VLHSYFTSDY
CASSLGGSSLETQYF	VLHSYFTSDY
CASTLRGDFVGYQPQHF	VLHSYFTSDY
CASSLWTGSGKTQYF	VLHSYFTSDY
CASSQVTGQETQYF	VLHSYFTSDY
CASSLGLSSPLHF	VLHSYFTSDY
CASSPRERSYNEQFF	VLHSYFTSDY
CAWRGTGGSEAFF	VLHSYFTSDY
CASSLGGSSTDTQYF	VLHSYFTSDY
CASSAGRGSRGDGGDTQYF	VLHSYFTSDY
CASSLEAGAVNEQFF	VLHSYFTSDY
CSARVPGSSNQPQHF	VLHSYFTSDY
CASSLGGGSTDTQYF	VLHSYFTSDY
CASKGQSYEQYF	VLHSYFTSDY
CASSEGAGSTDTQYF	VLHSYFTSDY
CASSLAGTGNTIYF	VLHSYFTSDY
CASSLWTGSGNIQYF	VLHSYFTSDY
CASSLGQGSNEQFF	VLHSYFTSDY
CSARGRAYEQYF	VLHSYFTSDY
CASRDLTSGRGYNEQFF	VLHSYFTSDY
CASSLWTGISYEQYF	VLHSYFTSDY
CAGWTDFTDTQYF	VLHSYFTSDY
CASSARQGSSNQPQHF	VLHSYFTSDY
CASRLRTDYNEQFF	VLHSYFTSDY
CASSHTPGQNYGYTF	VLHSYFTSDY
CATSRSIPGADDNEQFF	VLHSYFTSDY
CAAGGVGETQYF	VLHSYFTSDY
CASSLDRAQETQYF	VLHSYFTSDY
CASSSGQGAIVGANVLTF	VLHSYFTSDY
CASSLSGTDGYTF	VLHSYFTSDY
CASRGRDADTGTGELFF	VLHSYFTSDY
CASSLSPGGTEAFF	VLHSYFTSDY
CASSLKGGGYQETQYF	VLHSYFTSDY
CASSLGDRVYNEQFF	VLHSYFTSDY
CSALLPPQETQYF	VLHSYFTSDY
CASSPGQRTEAFF	VLHSYFTSDY
CSARLGSERNEQFF	VLHSYFTSDY
CASTSYNEQFF	VLHSYFTSDY
CATSTSSGQETQYF	VLHSYFTSDY
CASSKGTEIEETQYF	VLHSYFTSDY
CATSRTSGQETQYF	VLHSYFTSDY
CASSNSGTSGGALKYEQYF	VLHSYFTSDY
CSAQSYGYTF	VLHSYFTSDY
CASSQGPPGRNEQFF	VLHSYFTSDY
CASSIGQGNEQFF	VLHSYFTSDY
CASSLEDTSNQPQHF	VLHSYFTSDY
CASSQGPGKVDYGYTF	VLHSYFTSDY
CASKSWTGLGSPLHF	VLHSYFTSDY
CASRSSLAGGSLDTQYF	VLHSYFTSDY
CASSLGGSSTDTQYF	VLHSYFTSDY
CSARMNLAQSSYNEQFF	VLHSYFTSDY
CATRQRTDSYEQYF	VLHSYFTSDY
CASSQESSGLAYEQYF	VLHSYFTSDY
CASSLLGAFF	VLHSYFTSDY
CASSLGGGSTDTQYF	VLHSYFTSDY
CASRTERTGQYF	VLHSYFTSDY
CASSEGPDTRTQYF	VLHSYFTSDY
CASSQAGQGDGSPLHF	VLHSYFTSDY
CASSLAGQGYEQYF	VLHSYFTSDY
CASSPDLGYTF	VLHSYFTSDY
CASSQENSGVSYEQYF	VLHSYFTSDY
CASSPHPGEEQFF	VLHSYFTSDY
CASSLGTSGLQRLF	VLHSYFTSDY
CSASGYGKSSYEQYF	VLHSYFTSDY
CASSVGGAVGYEAQYF	VLHSYFTSDY
CASSQVGGGAYEQYF	VLHSYFTSDY
CASSIVGGLAGPHNEQFF	VLHSYFTSDY
CSVRTVNSYEQYF	VLHSYFTSDY
CASSPGTGRYGYTF	VLHSYFTSDY
CASSQAGNTGELFF	VLHSYFTSDY
CASSVVPGQGYEQYF	VLHSYFTSDY
CASSPGGGTTYEQYF	VLHSYFTSDY
CASSLGGSSTDTQYF	VLHSYFTSDY
CASSLAGQGDGSPLHF	VLHSYFTSDY
CASSLRLDSAYEQYF	VLHSYFTSDY
CASSLATPSSYNEQFF	VLHSYFTSDY
CASSPWTGVGYEQYF	VLHSYFTSDY
CAISENGGADYGYTF	VLHSYFTSDY
CASSPSAGVGSEQFF	VLHSYFTSDY
CASSLGGQGDGSPLHF	VLHSYFTSDY
CASSLIKGSDEQYF	VLHSYFTSDY
CASSPGTSLTETQYF	VLHSYFTSDY
CATSTGLSETQYF	VLHSYFTSDY
CASSSRTSGSSRPGEQYF	VLHSYFTSDY
CASSRLGGSGYEQYF	VLHSYFTSDY
CASSLRGSYQETQYF	VLHSYFTSDY
CSETSSYTTNEQFF	VLHSYFTSDY
CSARVRTDSYEQYF	VLHSYFTSDY
CASSHTQAGDSNQPQHF	VLHSYFTSDY
CASSQVSGSGYEQYF	VLHSYFTSDY
CASSDVTRGNQPQHF	VLHSYFTSDY
CASSYSRRNTEAFF	VLHSYFTSDY
CASSYRVDEQFF	VLHSYFTSDY
CASSFFFVASNEQYF	VLHSYFTSDY
CASSQVSGSGYEQYF	VLHSYFTSDY
CASSEAGRINTGELFF	VLHSYFTSDY
CASSLATDSLTYEQYF	VLHSYFTSDY
CASSQVPYNEQFF	VLHSYFTSDY
CASSQDGDNEQFF	VLHSYFTSDY
CASSLTRLSYEQYF	VLHSYFTSDY
CASSRNTGELFF	VLHSYFTSDY
CASSFTSGGQETQYF	VLHSYFTSDY
CASSGTWTAGELFF	VLHSYFTSDY
CASSQAGQGDGSPLHF	VLHSYFTSDY
CASSAWTGVAYEQYF	VLHSYFTSDY
CATSPNRDREATGELFF	VLHSYFTSDY
CASSLGGSSTDTQYF	VLHSYFTSDY
CATQAVNEQYF	VLHSYFTSDY
CASSYSSSGGTPYEQYF	VLHSYFTSDY
CASSSRTQMNTGELFF	VLHSYFTSDY
CASSTWTGVGYEQYF	VLHSYFTSDY
CASSLGGGSTDTQYF	VLHSYFTSDY
CSASVGSYEQYF	VLHSYFTSDY
CASSARDRPSYEQYF	VLHSYFTSDY
