CDR3	AA
CSASASSYNEQFF	TVLSFCAFA
CASSLRGVPPYNEQFF	TVLSFCAFA
CASSWTAGGQPQHF	TVLSFCAFA
CATSSSLAGRSYNEQFF	TVLSFCAFA
CASSLGLAEPQETQYF	TVLSFCAFA
CASSLVAGLTYNEQFF	TVLSFCAFA
CASSRTKRFSDTQYF	TVLSFCAFA
CASSSYDRVKSPLHF	TVLSFCAFA
CASSPAIVSEQFF	TVLSFCAFA
CATSRAGTGFGSYNEQFF	TVLSFCAFA
CASSQDRPTYNEQFF	TVLSFCAFA
CASSLLSPDSYNEQFF	TVLSFCAFA
CASSFLTPDRGNTEAFF	TVLSFCAFA
CASSPLTPTRGPGANVLTF	TVLSFCAFA
CAISGQVEAFF	TVLSFCAFA
CASSDPRLNTEAFF	TVLSFCAFA
CASSKSVGPRLARTDTQYF	TVLSFCAFA
CASSLGPGAGVLSGYTF	TVLSFCAFA
CASSLLAGGPGELFF	TVLSFCAFA
CASSYLLPGQGAREQYF	TVLSFCAFA
CASSLLFPAGGYNEQFF	TVLSFCAFA
CASSLLTPSSYNEQFF	TVLSFCAFA
CASSLLTPTGYTEAFF	TVLSFCAFA
CASSHLSRDRGMSTEAFF	TVLSFCAFA
CASRYVLPSGLSYNEQFF	TVLSFCAFA
CASSFLPSTGELFF	TVLSFCAFA
CSVEDRDDYEQYF	TVLSFCAFA
CASSYLTPSTNTEAFF	TVLSFCAFA
CASSLRLAGDPYQETQYF	TVLSFCAFA
CALTRVLAPTYNEQFF	TVLSFCAFA
CASSSPLPDRGATEAFF	TVLSFCAFA
CASSLGQGPYNEQFF	TVLSFCAFA
CASSSHYQGGTEAFF	TVLSFCAFA
CASSIVAPTTGPYNEQFF	TVLSFCAFA
CASSFGGLGSEAFF	TVLSFCAFA
CASSQLAPSSYNEQFF	TVLSFCAFA
CASRRLKPRGPSEAFF	TVLSFCAFA
CASSSLTPSGTDTQYF	TVLSFCAFA
CASRLLLAGTANSPLHF	TVLSFCAFA
CASSLLHPATGNEKLFF	TVLSFCAFA
CASRPLYPANTGELFF	TVLSFCAFA
CASSLLSPASGAGELFF	TVLSFCAFA
CASSRPTPSGRSNEQFF	TVLSFCAFA
CASSPQTGLSYEQYF	TVLSFCAFA
CSASIEGRDNEQFF	TVLSFCAFA
CASRQILPDRLNQPQHF	TVLSFCAFA
CASSLLSPSRGSEKLFF	TVLSFCAFA
CASSLLEPAGGINEQFF	TVLSFCAFA
CASRKLMPSGVGYEQYF	TVLSFCAFA
CASSLLTPSSYNEQFF	TVLSFCAFA
CASSEWGVGIHSEAFF	TVLSFCAFA
CASSHLAPAGNTEAFF	TVLSFCAFA
CASRMLAPEGPYEQYF	TVLSFCAFA
CASRKLQPAGLNQPQHF	TVLSFCAFA
CASRPTTPTMNTEAFF	TVLSFCAFA
CASRKLAPARANEQFF	TVLSFCAFA
CASSLIHPSLFLTGELFF	TVLSFCAFA
CASSQEGPAGDSPLHF	TVLSFCAFA
CASSLGSTYEQYF	TVLSFCAFA
CASSFSPPPPGPYNEQFF	TVLSFCAFA
CASRFLSPANTGELFF	TVLSFCAFA
CASSFGGGLYGYTF	TVLSFCAFA
CASSLLTPARTGELFF	TVLSFCAFA
CASRVLAPANTGELFF	TVLSFCAFA
CASSLLEPSGYNEQFF	TVLSFCAFA
CASRPLAPSSYNEQFF	TVLSFCAFA
CASSKLAPANTGELFF	TVLSFCAFA
CASSEVDYSNQPQHF	TVLSFCAFA
CASSLLTPTSYNEQFF	TVLSFCAFA
CASRPLAPAGITYNEQFF	TVLSFCAFA
CASSLLTPAYGNQPQHF	TVLSFCAFA
CASSPTSPGANSPLHF	TVLSFCAFA
CSARVLTPSGGELFF	TVLSFCAFA
CSAGLAAPSYNEQFF	TVLSFCAFA
CASRKGAPEAFF	TVLSFCAFA
CASRSLAPSSYNEQFF	TVLSFCAFA
CASSLGADNEQFF	TVLSFCAFA
CASSSQGAEQYF	TVLSFCAFA
CASRLIHPGQLSNQPQHF	TVLSFCAFA
CASSEGNSPLHF	TVLSFCAFA
CASSQDLGRTDTQYF	TVLSFCAFA
CASSSLNPTGSNQPQHF	TVLSFCAFA
CASSVAGPSTDTQYF	TVLSFCAFA
CATSRPSPAGDQPQHF	TVLSFCAFA
CASNKLAPSSYNEQFF	TVLSFCAFA
CASTVQGPSGANVLTF	TVLSFCAFA
CASSLVAGPENGQFF	TVLSFCAFA
CASSLRAPNIQPQHF	TVLSFCAFA
CASSEFLTSGGTDTQYF	TVLSFCAFA
CASSEAYYLASGLTGELFF	TVLSFCAFA
CSAHITGTGDFNYNSPLHF	TVLSFCAFA
CSARDVRGLNTEAFF	TVLSFCAFA
CASTDTVASGYNEQFF	TVLSFCAFA
CASSYLAPSSYNEQFF	TVLSFCAFA
CASNVGQAVDF	TVLSFCAFA
CASRALLTHANTGELFF	TVLSFCAFA
CASSASNYGYTF	TVLSFCAFA
CASRGLTPTNTGELFF	TVLSFCAFA
CASSPLEPAGNSPLHF	TVLSFCAFA
CASSRDPMSNTEAFF	TVLSFCAFA
CASTLGAITNEQYF	TVLSFCAFA
CASSPASPSYNSPLHF	TVLSFCAFA
CASSPAGADYNEQFF	TVLSFCAFA
CASREVRPSSYNSPLHF	TVLSFCAFA
CASSLLSPDRGLVDQPQHF	TVLSFCAFA
CASRELRPDRASYEQYF	TVLSFCAFA
CASRTLPPAGGHRETQYF	TVLSFCAFA
CASSPWTGGGTEAFF	TVLSFCAFA
CASSYGETQYF	TVLSFCAFA
CSATTGTGRFDEQYF	TVLSFCAFA
CASRYLLPTGGGNQPQHF	TVLSFCAFA
CASSPLRPSNTGELFF	TVLSFCAFA
CASSFREASGINEQFF	TVLSFCAFA
CASSQVLPSGYHNEQFF	TVLSFCAFA
CASSFIRPDRADYEQYF	TVLSFCAFA
CASSLLTPTGRYEQYF	TVLSFCAFA
CAISDMYEQYF	TVLSFCAFA
CASSPLAPANTGELFF	TVLSFCAFA
CASSQPWGEREEKLFF	TVLSFCAFA
CASSEVTPSTDTQYF	TVLSFCAFA
CASRPIGPDRVGDTQYF	TVLSFCAFA
CATGGGVGQFF	TVLSFCAFA
CASSLVSPSGTLEQYF	TVLSFCAFA
CASRGLQPDRVSYEQYF	TVLSFCAFA
CASSLAVGGTSSLDTQYF	TVLSFCAFA
CASAEIYTGELFF	TVLSFCAFA
CASTAVSPGTGAGEAFF	TVLSFCAFA
CASRRLNPAALNEQFF	TVLSFCAFA
CASSPLHPDRVGNTIYF	TVLSFCAFA
CASTLLLPGTSNQPQHF	TVLSFCAFA
CASSKLYPDRVEETQYF	TVLSFCAFA
CASTRMAPAGPFWNTIYF	TVLSFCAFA
CATSRPVPSGYQETQYF	TVLSFCAFA
CASSFISPGQRSTDTQYF	TVLSFCAFA
CASNPLTPAGVYHEQFF	TVLSFCAFA
CASMEGRVDFYGYTF	TVLSFCAFA
CASSYIWPASGVHNEQFF	TVLSFCAFA
CATSTGLTDTQYF	TVLSFCAFA
CASSFLSPDKGLTYEQYF	TVLSFCAFA
CASSHVHPRGGVGETQYF	TVLSFCAFA
CASGPGFPQHF	TVLSFCAFA
CASSPLAPSSYNEQFF	TVLSFCAFA
CASSLGAGGQETQYF	TVLSFCAFA
CASIRLTPTGMSNQPQHF	TVLSFCAFA
CASANLLPASGTDTQYF	TVLSFCAFA
CASSSGLAGVFYNEQFF	TVLSFCAFA
CSAATSGDGRTDTQYF	TVLSFCAFA
CASSPLYGQAPAIEAFF	TVLSFCAFA
CASRGQNTEAFF	TVLSFCAFA
CASRYTGWDIQYF	TVLSFCAFA
CASSLVGPSGGSYEQYF	TVLSFCAFA
CASSPLTPSSGANVLTF	TVLSFCAFA
CAGARDSSYNEQFF	TVLSFCAFA
CASRGLAPVGISETQYF	TVLSFCAFA
CSVVGTSGDNEQFF	TVLSFCAFA
CASSLKAPSSYNEQFF	TVLSFCAFA
CASSLAGGYNEQFF	TVLSFCAFA
CASSSMSSGGSSYNEQFF	TVLSFCAFA
CASNHLSPSTGIGGQPQHF	TVLSFCAFA
CASRKLIPSGIQETQYF	TVLSFCAFA
CASSQVLPSGYYEQYF	TVLSFCAFA
CASSQSGQYYEQYF	TVLSFCAFA
CASSSTGTVLAFEETQYF	TVLSFCAFA
CASSVESAGQAFF	TVLSFCAFA
CASRYLHPSSSNQPQHF	TVLSFCAFA
CASSESSPTGGNEQYF	TVLSFCAFA
CASSQVVPRGTGELFF	TVLSFCAFA
CASSQPRPAGNEKLFF	TVLSFCAFA
CASSYSNPAGGFYNEQFF	TVLSFCAFA
CASSPLQPGSSNQPQHF	TVLSFCAFA
CASSPGLVEETQYF	TVLSFCAFA
CSATDQQQGNTGELFF	TVLSFCAFA
CAIRPDRGISYEQYF	TVLSFCAFA
CASSKGQPYEQYF	TVLSFCAFA
CASRRLAPSTIGELFF	TVLSFCAFA
CASSTNPGTGNEQYF	TVLSFCAFA
CASRYLQPQGMDQPQHF	TVLSFCAFA
CASSPLYPGARGEQYF	TVLSFCAFA
CATSPGAGGQETQYF	TVLSFCAFA
CASQFLIPSSGANVLTF	TVLSFCAFA
CASSLLLPDRVTEAFF	TVLSFCAFA
CASSLLKPDGPYGYTF	TVLSFCAFA
CASRRLLPDRNNQPQHF	TVLSFCAFA
CASSSDAGHCHF	TVLSFCAFA
CSASLPSPSTDTQYF	TVLSFCAFA
CASSYPTPGARGTNEKLFF	TVLSFCAFA
CASSLTGSGSPLHF	TVLSFCAFA
CASSQVTGSGSRGDTQYF	TVLSFCAFA
CASTRQGSTDTQYF	TVLSFCAFA
CASSPLYPSGYSDTQYF	TVLSFCAFA
CASSPGLADYEQYF	TVLSFCAFA
CASSLLDPAGGNINEQFF	TVLSFCAFA
CASSQVETQYF	TVLSFCAFA
CASSLLTPTGPSFAQHF	TVLSFCAFA
CASSLLQPSTDTQYF	TVLSFCAFA
CASSKDRHEQYF	TVLSFCAFA
CSARDYQNTGELFF	TVLSFCAFA
CASSFNRGQAYNTDTQYF	TVLSFCAFA
CASSPSSGGDPSPNRVRQYF	TVLSFCAFA
CASSIALVWDNEQFF	TVLSFCAFA
CASSLLRPANTGELFF	TVLSFCAFA
CATSVGLTDTQYF	TVLSFCAFA
CASSLSSPSGSYNEQFF	TVLSFCAFA
CASRGQGPDTQYF	TVLSFCAFA
CASSLLVPSNTGELFF	TVLSFCAFA
CASSQAWLAENNEQFF	TVLSFCAFA
CASTKNTPQGPINEQFF	TVLSFCAFA
CASSMIGAPLGNQPQHF	TVLSFCAFA
CASRHILPARTGELFF	TVLSFCAFA
CASSYSGDLNTEAFF	TVLSFCAFA
CASSFLTPAAGGLERFF	TVLSFCAFA
CASSPSGSVPNEQFF	TVLSFCAFA
CASRLLEPSSYNEQFF	TVLSFCAFA
CASRPLLAPQETQYF	TVLSFCAFA
CASSYSTPSSGANVLTF	TVLSFCAFA
CASSSITPSGHSYEQYF	TVLSFCAFA
CASRYLYPSSYNSPLHF	TVLSFCAFA
CASSPLRPDRGGNEQFF	TVLSFCAFA
CAIRAGRMFSETQYF	TVLSFCAFA
CASSPLRPTGPDTQYF	TVLSFCAFA
CASSQEGPAGVGELFF	TVLSFCAFA
CSAPWQGLHIQYF	TVLSFCAFA
CASSPGRLKDYGYTF	TVLSFCAFA
CASSLYQGRVETQYF	TVLSFCAFA
CASSLLTPSSYNEQFF	TVLSFCAFA
CASSTTGVGQPQHF	TVLSFCAFA
CASSSLGPTGPNTEAFF	TVLSFCAFA
CSARDIALPYLYNEQFF	TVLSFCAFA
CASSIASGSTGELFF	TVLSFCAFA
CASSLWGFEQYF	TVLSFCAFA
