CDR3	AA
CASSSLASTDTQYF	SYFIASFRLF
CASSPGPGGDSPLHF	SYFIASFRLF
CASSIDYEETQYF	SYFIASFRLF
CASSFDDNEQFF	SYFIASFRLF
CSVERGTGELFF	SYFIASFRLF
CASSPRGQGAGEQYF	SYFIASFRLF
CASSLSGLAENTDTQYF	SYFIASFRLF
CASSYGGGAAPSTGELFF	SYFIASFRLF
CSARKTGLPYEQYF	SYFIASFRLF
CASDRGSAGWDNEQFF	SYFIASFRLF
CASSEYNSYEQYF	SYFIASFRLF
CASSSDLGDEKLFF	SYFIASFRLF
CASSPLGDYNEQFF	SYFIASFRLF
CASSATGALASYEQYF	SYFIASFRLF
CASSEFSDTQYF	SYFIASFRLF
CASSTGVYTEAFF	SYFIASFRLF
CASSLGTGLAETQYF	SYFIASFRLF
CASSQGPGADEQYF	SYFIASFRLF
CSASAGLNEQFF	SYFIASFRLF
CASSEGSPQSYEQYF	SYFIASFRLF
CASSYDWETQYF	SYFIASFRLF
CASSFGGGPNYGYTF	SYFIASFRLF
CATSREGLSTDTQYF	SYFIASFRLF
CASSSSPNRQGSTDTQYF	SYFIASFRLF
CASSQEETGLLLNTEAFF	SYFIASFRLF
CASSHEAVSTDTQYF	SYFIASFRLF
CASSETGIDTEAFF	SYFIASFRLF
CASGPDTGQETQYF	SYFIASFRLF
CASSIDPAGGSDTQYF	SYFIASFRLF
CASSGNSNQETQYF	SYFIASFRLF
CSVVDHEQFF	SYFIASFRLF
CASSLEWAGAYEQYF	SYFIASFRLF
CASSETGGDTEAFF	SYFIASFRLF
CASSFNAGGLYEQYF	SYFIASFRLF
CASGLSNTEAFF	SYFIASFRLF
CASRLRQSNQPQHF	SYFIASFRLF
CASSYGGSTEAFF	SYFIASFRLF
CASKASLYNEQFF	SYFIASFRLF
CASSLPASQETQYF	SYFIASFRLF
CASNRASGGDTDTQYF	SYFIASFRLF
CASYGGGDKYF	SYFIASFRLF
CASSQDGGSGNEQFF	SYFIASFRLF
CASSSDVGSPLHF	SYFIASFRLF
CASSVGDSSYEQYF	SYFIASFRLF
CSASVLNYGYTF	SYFIASFRLF
CKGGTEAFF	SYFIASFRLF
CSVQDNEQFF	SYFIASFRLF
CATSSGRTLFF	SYFIASFRLF
CASSHRDNTNTGELFF	SYFIASFRLF
CAISEMGGGSGELFF	SYFIASFRLF
CASSEGVSGTYEQYF	SYFIASFRLF
CASSFCVASFQPQHF	SYFIASFRLF
CASSEGGSAGELFF	SYFIASFRLF
CASSYAGDEQFF	SYFIASFRLF
CSASRDEQFF	SYFIASFRLF
CASSERWRGATGETQYF	SYFIASFRLF
CASTEGPGLTYEQYF	SYFIASFRLF
CSVVGGSTHNEQFF	SYFIASFRLF
CASSLPGYSQPQHF	SYFIASFRLF
CASTESPSGSYEQYF	SYFIASFRLF
CASSLTAGGFNGYTF	SYFIASFRLF
CASYRSGWPEAFF	SYFIASFRLF
CASSQDIAVSSYEQYF	SYFIASFRLF
CSILVANTEAFF	SYFIASFRLF
CSAAPQGHLYGYTF	SYFIASFRLF
CASSQEAGGIFTDTQYF	SYFIASFRLF
CASSEGEGFYSYEQYF	SYFIASFRLF
CASSDLAGGVTNTGELFF	SYFIASFRLF
CSAGTGQFF	SYFIASFRLF
CASSQDAMDEQFF	SYFIASFRLF
CASSEGRMESYGYTF	SYFIASFRLF
CAISEQTSDTQYF	SYFIASFRLF
CASSPKYNEQFF	SYFIASFRLF
CASSALGGGDNEQFF	SYFIASFRLF
CASSPTGYGYTF	SYFIASFRLF
CASSLLAGWSYNEQFF	SYFIASFRLF
CASVGSYNSPLHF	SYFIASFRLF
CASSTPSRPTDTQYF	SYFIASFRLF
CSAWGQGAHEQYF	SYFIASFRLF
CASNNPASGDWETQYF	SYFIASFRLF
CASSYPGRVRDFEQFF	SYFIASFRLF
CASSYAGQGYNEQFF	SYFIASFRLF
CASSQDPSGSGYNEQFF	SYFIASFRLF
CASSLGISYEQYF	SYFIASFRLF
CASSQESETADLWDSPLHF	SYFIASFRLF
CASSPGGNTQYF	SYFIASFRLF
CASSLGGLANTGELFF	SYFIASFRLF
CASSSGHPQTQYF	SYFIASFRLF
CSAWTDGTEAFF	SYFIASFRLF
CASSYSSSGHNEQFF	SYFIASFRLF
CASSLKGETDTQYF	SYFIASFRLF
CASSLRGTGSDTQYF	SYFIASFRLF
CASSYDDSYEQYF	SYFIASFRLF
CASSPRTGGTDTQYF	SYFIASFRLF
CASSLGLDEQYF	SYFIASFRLF
CASSYTKGYNEQFF	SYFIASFRLF
CASSRQGAGDEQFF	SYFIASFRLF
CASSQELQPSDTQYF	SYFIASFRLF
CASSYGSGTEEQYF	SYFIASFRLF
CASSPGTGLAETQYF	SYFIASFRLF
CASSPGTGAYEQYF	SYFIASFRLF
CASSLVPGLRDTEAFF	SYFIASFRLF
CASSLPVETQYF	SYFIASFRLF
CASSFGGRRNEQFF	SYFIASFRLF
CSVEGTVSGRPPYNEQFF	SYFIASFRLF
CASSSNGLTNYEQYF	SYFIASFRLF
CASSLGAEQYF	SYFIASFRLF
CASSLAGEETQYF	SYFIASFRLF
CSAPREFGEQYF	SYFIASFRLF
CASSQDPGTSGNEQYF	SYFIASFRLF
CATSDARDSFYEQYF	SYFIASFRLF
CASSEFGGEVEETQYF	SYFIASFRLF
