CDR3	AA
CASSQAGGGTDTQYF	RFPNITNLCPF
CASSMGQGWPNQPQHF	RFPNITNLCPF
CASSSDRQLTNTEAFF	RFPNITNLCPF
CASSFVGQDYEQYF	RFPNITNLCPF
CATSDLKGQNTEAFF	RFPNITNLCPF
CASSSGIPSYEQYF	RFPNITNLCPF
CASTDPYVGGDYEQYF	RFPNITNLCPF
CASSLLGSRSSEAFF	RFPNITNLCPF
CASSLVGQAPTALFF	RFPNITNLCPF
CASSPQGDEQYF	RFPNITNLCPF
CASIQPRDTGTNEQYF	RFPNITNLCPF
CSVEDRDRPNEKLFF	RFPNITNLCPF
CASSHRQGAYTGELFF	RFPNITNLCPF
CASSLQGNPSYEQYF	RFPNITNLCPF
CASSFGTLREVYEQYF	RFPNITNLCPF
CASSPPTGSPYEQYF	RFPNITNLCPF
CASSFLTQSRTGELFF	RFPNITNLCPF
CASSPTGGYNEQFF	RFPNITNLCPF
CASSLEGLAGGHTDTQYF	RFPNITNLCPF
CASSDLAGSTDTQYF	RFPNITNLCPF
CASSQDLETTYQPQHF	RFPNITNLCPF
CASSPPTGVPYEQYF	RFPNITNLCPF
CAIPGQNVYEQYF	RFPNITNLCPF
CASSPPSGNEQFF	RFPNITNLCPF
CASSSDGTGVYGYTF	RFPNITNLCPF
CATSGVRDGWDTQYF	RFPNITNLCPF
CASSFGDGAYEQYF	RFPNITNLCPF
CASSLSASGFTDTQYF	RFPNITNLCPF
CASSGQATNTEAFF	RFPNITNLCPF
CASSLGPGNEQFF	RFPNITNLCPF
CASSESPSPYNEQFF	RFPNITNLCPF
CASSLLGWREAHNEQFF	RFPNITNLCPF
CASSSTGTSGTTDTQYF	RFPNITNLCPF
CSVETSFKEFF	RFPNITNLCPF
CASSLGLAGVNTGELFF	RFPNITNLCPF
CASSEADYTDTQYF	RFPNITNLCPF
CASSLPDFYGYTF	RFPNITNLCPF
CASSFQRPGPNNSPLHF	RFPNITNLCPF
CASSSTSGSPGELFF	RFPNITNLCPF
CASSSTGLGDEQYF	RFPNITNLCPF
CASRTGPGQDTEAFF	RFPNITNLCPF
CASSLAGEQQFF	RFPNITNLCPF
CASSLAPGTLLQYF	RFPNITNLCPF
CASSTWTDNQETQYF	RFPNITNLCPF
CASRKGQEGLNSPLHF	RFPNITNLCPF
CASSTLVVPYEQYF	RFPNITNLCPF
CASKVGSDSNQPQHF	RFPNITNLCPF
CASTPGGEGSYNEQFF	RFPNITNLCPF
CASSPPTGSPNEQYF	RFPNITNLCPF
CASASPYQGGETQYF	RFPNITNLCPF
CASSKELGNQPQHF	RFPNITNLCPF
CASSRSGTYNTEAFF	RFPNITNLCPF
CASSLSGGEPQHF	RFPNITNLCPF
CASSPTSGSPHEQYF	RFPNITNLCPF
CASSPDTGSPYEQYF	RFPNITNLCPF
CASSPQGNEQFF	RFPNITNLCPF
CASSPTTGSPYEQYF	RFPNITNLCPF
CASSPSTGAPYEQYF	RFPNITNLCPF
CASSDYRGNEQFF	RFPNITNLCPF
CASSLAGTGLYGYTF	RFPNITNLCPF
CASSLLTSNTGELFF	RFPNITNLCPF
CASSPPSGAPYEQYF	RFPNITNLCPF
CASSADTYSYNEQFF	RFPNITNLCPF
CASTSIEAGMSEQFF	RFPNITNLCPF
CASQQYAYNEQFF	RFPNITNLCPF
CASSERGFYEQYF	RFPNITNLCPF
CASGSYRTGNQPQHF	RFPNITNLCPF
CASSPGTSGVSSYNEQFF	RFPNITNLCPF
CASSLTGPPSWYF	RFPNITNLCPF
CASSPPSGTPYEQYF	RFPNITNLCPF
CSARGGGDTIYEQYF	RFPNITNLCPF
CAITLEDRAGSYEQYF	RFPNITNLCPF
CASSYPPSVALSSYNEQFF	RFPNITNLCPF
CASSQELALEIGQYF	RFPNITNLCPF
CASSPAGQGASYEQYF	RFPNITNLCPF
CASSHEAEMNTEAFF	RFPNITNLCPF
CASSMTENYEQYF	RFPNITNLCPF
CASSPSTGSPYEQYF	RFPNITNLCPF
CASSPLRDRAAGANVLTF	RFPNITNLCPF
CASSKTTGIDGELFF	RFPNITNLCPF
CAWRHRLAGNNEQFF	RFPNITNLCPF
CASSSSWGFSNEKLFF	RFPNITNLCPF
CANLLTRRYSNQPQHF	RFPNITNLCPF
CASSLSFEGEAQHF	RFPNITNLCPF
CASSESTGWDEQYV	RFPNITNLCPF
CASSLNPGHTEAFF	RFPNITNLCPF
CASSWTVGSYEQYF	RFPNITNLCPF
CATRETGHYEQYF	RFPNITNLCPF
CSVEDVTGLNTEAFF	RFPNITNLCPF
CASSSDRGGYNEQFF	RFPNITNLCPF
CASRISGIDEQYF	RFPNITNLCPF
CASSFGLPGRTNHGYTF	RFPNITNLCPF
CASSLGVATNEKLFF	RFPNITNLCPF
CASSLETGANTGELFF	RFPNITNLCPF
CASSSRAGTGPYNEQFF	RFPNITNLCPF
CASSARMTSGGTDTQYF	RFPNITNLCPF
CASSLFLGTEAFF	RFPNITNLCPF
CASSWASYGTTNEKLFF	RFPNITNLCPF
CASSYSASAYNEQFF	RFPNITNLCPF
CATRTSTSYEQYF	RFPNITNLCPF
CASSPPTGSPYEQYF	RFPNITNLCPF
CASSPGLAGVNTGELFF	RFPNITNLCPF
CASSYSNTGFFKETQYF	RFPNITNLCPF
CASSLLDSNQPQHF	RFPNITNLCPF
CASSEAVYEQYF	RFPNITNLCPF
CASSPPSGSPYEQYF	RFPNITNLCPF
CASSPPTGSPYEQYF	RFPNITNLCPF
CASSLGTSVETQYF	RFPNITNLCPF
CASSPPSGSPYEQYF	RFPNITNLCPF
CASSYYGDNEQFF	RFPNITNLCPF
CASLRSGNNEQFF	RFPNITNLCPF
CASSPPTGSPYEQYF	RFPNITNLCPF
CASSIVIESNQPQHF	RFPNITNLCPF
CASSLGDRQDQAFF	RFPNITNLCPF
CASSLARLAGGSYEQYF	RFPNITNLCPF
CASSLTLAASGSSYNEQFF	RFPNITNLCPF
CASSPPGTGVQNTIYF	RFPNITNLCPF
CASSPRDGTGSSYEQYF	RFPNITNLCPF
CASSQFQTGGGHYEQYF	RFPNITNLCPF
CASSPDTVAYNEQFF	RFPNITNLCPF
CASSEWGDPGGITGELFF	RFPNITNLCPF
CASSLGFEQYF	RFPNITNLCPF
CASGPGAIPYNEQFF	RFPNITNLCPF
CASSPPSGSPYEQYF	RFPNITNLCPF
CASNAGTSGGNEQFF	RFPNITNLCPF
CASTRGLASTDTQYF	RFPNITNLCPF
CASSPPTGSPYEQYF	RFPNITNLCPF
CATLGHTYEQYF	RFPNITNLCPF
CASSPVSGSPYEQYF	RFPNITNLCPF
CASSLVENYGYTF	RFPNITNLCPF
CASSLDSLGYNEQFF	RFPNITNLCPF
CASSQYDVPETQYF	RFPNITNLCPF
CATSDPGQGSYEQYF	RFPNITNLCPF
CASRLGSRADTQYF	RFPNITNLCPF
CASSQESDPGELFF	RFPNITNLCPF
CASSRDSAGWNEQYF	RFPNITNLCPF
CASSWSTSGSSSYEQYF	RFPNITNLCPF
CASSLGWVATSGNTIYF	RFPNITNLCPF
CASSYSYEQYF	RFPNITNLCPF
CASSLLAGETDTQYF	RFPNITNLCPF
CASSIDLFGGPGNQPQHF	RFPNITNLCPF
CASSQEPTAYNEQFF	RFPNITNLCPF
CASSYSNQPQHF	RFPNITNLCPF
CASTRPGLAQHF	RFPNITNLCPF
CATGVGESYEQYF	RFPNITNLCPF
CASSPPTGTPYEQYF	RFPNITNLCPF
CASSLNREETQYF	RFPNITNLCPF
CATTSLDSGELFF	RFPNITNLCPF
CAIRTGTTNEKLFF	RFPNITNLCPF
CASSPGTRPYNSPLHF	RFPNITNLCPF
CASSPPTGSPYEQYF	RFPNITNLCPF
CASSLASVTYNEQFF	RFPNITNLCPF
CASSFRTLGGAETGELFF	RFPNITNLCPF
CASSQPAVQETQYF	RFPNITNLCPF
CASSYWTGSETQYF	RFPNITNLCPF
CASSLGQGPYNEQFF	RFPNITNLCPF
CASSQVAGQGNTEAFF	RFPNITNLCPF
CASSPPVMNTEAFF	RFPNITNLCPF
CASSSEGGTANEKLFF	RFPNITNLCPF
CASSLSPGELFF	RFPNITNLCPF
CASSQEMGAGRNSPLHF	RFPNITNLCPF
CASSLGVATNEKLFF	RFPNITNLCPF
CASSMGRAPYNEQFF	RFPNITNLCPF
CASSLLLGYTGELFF	RFPNITNLCPF
CASSGKPEISGPSYNEQFF	RFPNITNLCPF
CASSFGTSGGEQYF	RFPNITNLCPF
CASSWDLNTEAFF	RFPNITNLCPF
CASSIPGTVYEQYF	RFPNITNLCPF
CASSFGLPTGGDTEAFF	RFPNITNLCPF
CASSLDPPYTEAFF	RFPNITNLCPF
CASSWGPPNYGYTF	RFPNITNLCPF
CASSGTGVQYDGYTF	RFPNITNLCPF
CASSLTNYGYTF	RFPNITNLCPF
CASSEPSGAYNEQFF	RFPNITNLCPF
CASSSGHTYEQYF	RFPNITNLCPF
CASSFTGGYNEQFF	RFPNITNLCPF
CASRPPLKDREDTGELFF	RFPNITNLCPF
CASSLAGHTGELFF	RFPNITNLCPF
CASSPSTGSPYEQYF	RFPNITNLCPF
CASSFRERTYEQYF	RFPNITNLCPF
CASSLGRDYITDTQYF	RFPNITNLCPF
CASSPRTGSPYEQYF	RFPNITNLCPF
CASSKTSGEYYNEQFF	RFPNITNLCPF
CASSTGTGLYEQYF	RFPNITNLCPF
CASSFYTSSTNEKLFF	RFPNITNLCPF
CASSLFPGLQYEQYF	RFPNITNLCPF
CASSVGLAGVTSSYEQYF	RFPNITNLCPF
CASSLTYEQYF	RFPNITNLCPF
CASSPWTSGGAETQYF	RFPNITNLCPF
CASSFSGASGETQYF	RFPNITNLCPF
CSARDNPGHPYEQYF	RFPNITNLCPF
CASSPPSGSPYEQYF	RFPNITNLCPF
CASSSDTSSYNEQFF	RFPNITNLCPF
CASSPVRSYEQYF	RFPNITNLCPF
CASSPWGEQFF	RFPNITNLCPF
CASSLARPTTSGDQETQYF	RFPNITNLCPF
CASSLSGESQETQYF	RFPNITNLCPF
CASSPEQGSPYEQYF	RFPNITNLCPF
CASSLEGQEITGELFF	RFPNITNLCPF
CASSLFSGSPHEQYF	RFPNITNLCPF
CASSALAGPGELFF	RFPNITNLCPF
CASSLGLAGETYEQYF	RFPNITNLCPF
CASSPPSGSPYEQYF	RFPNITNLCPF
CASSYSRGTGTSSYNEQFF	RFPNITNLCPF
CASRSGGWNQPQHF	RFPNITNLCPF
CASSAGGDTEAFF	RFPNITNLCPF
CSVNGAREGSYEQYF	RFPNITNLCPF
CASSPGLAGMNTGELFF	RFPNITNLCPF
CASSLSLQLEPLHF	RFPNITNLCPF
CASSEGILGNSPLHF	RFPNITNLCPF
CASLGWENLYEQYF	RFPNITNLCPF
CASSPPVTGSNEAFF	RFPNITNLCPF
CASRPGALNNEQFF	RFPNITNLCPF
CASSRVGFQETQYF	RFPNITNLCPF
CSVGGPETQYF	RFPNITNLCPF
CASSLVYPKGIRDRGGVAEAFF	RFPNITNLCPF
CASSWDSSGGSYNEQFF	RFPNITNLCPF
CASSFLSLDRDARAGELFF	RFPNITNLCPF
CASSPGASSYNEQFF	RFPNITNLCPF
CASRDGGTEAFF	RFPNITNLCPF
CASSLFLPGQPIDEQFF	RFPNITNLCPF
CASSFGGFGANVLTF	RFPNITNLCPF
CASSSHRAPDTQYF	RFPNITNLCPF
CASSLEAEMNYEQYF	RFPNITNLCPF
CASSPRTGSPYEQYF	RFPNITNLCPF
CASSFHREAYEQYF	RFPNITNLCPF
CASSSGLAGVNTGELFF	RFPNITNLCPF
CASSPTLGLAGGGAQYF	RFPNITNLCPF
CASSGLADSYEQYF	RFPNITNLCPF
CASSQYGGNTIYF	RFPNITNLCPF
CASSLDDYNEQFF	RFPNITNLCPF
CASSLGPTNQPQHF	RFPNITNLCPF
CASSQTGRAGQGFFSGYTF	RFPNITNLCPF
CASSPKTGSPYEQYF	RFPNITNLCPF
CASSSGTLALGEQYF	RFPNITNLCPF
CASSPGTGSPYEQYF	RFPNITNLCPF
CASSGGGAIIYEQYF	RFPNITNLCPF
CASIGAGTTNNEQFF	RFPNITNLCPF
CASSPWDGYNEQFF	RFPNITNLCPF
CASGPGTRSTDTQYF	RFPNITNLCPF
CASSLWASGTDTQYF	RFPNITNLCPF
CASSPPTGSPYEQYF	RFPNITNLCPF
CASSLTGTGVGELFF	RFPNITNLCPF
CASSQAAGGSTDTQYF	RFPNITNLCPF
CASSPIGTEAFF	RFPNITNLCPF
CASSPLGWRESPDTQYF	RFPNITNLCPF
CASSLDGVLDNYNSPLHF	RFPNITNLCPF
CASRPGAGGWNEQFF	RFPNITNLCPF
CSVVGLAGEGEQFF	RFPNITNLCPF
CSVEQARPHNEQFF	RFPNITNLCPF
CASSYPTMEPYNEQFF	RFPNITNLCPF
CASSTGTGGYEQYF	RFPNITNLCPF
CASSLTSFPETQYF	RFPNITNLCPF
CASSPRTGSPYEQYV	RFPNITNLCPF
CSVEDRRGTYYEQYF	RFPNITNLCPF
CASSPVTGSPYEQYF	RFPNITNLCPF
CSVAKSEAFF	RFPNITNLCPF
CASTLAGVKEQYF	RFPNITNLCPF
CASLAGSNTGELFF	RFPNITNLCPF
CASSQATQGFPNTEAFF	RFPNITNLCPF
CASSPLSGSPYEQYF	RFPNITNLCPF
CASSPPSGTPYEQYF	RFPNITNLCPF
CASSPPNPSDGYTF	RFPNITNLCPF
CASSLGETQYF	RFPNITNLCPF
CASSFQELFPYEQYF	RFPNITNLCPF
CASSPGTQGLYEQYF	RFPNITNLCPF
CASSSWDPEAFF	RFPNITNLCPF
CASSEGGGNQPQHF	RFPNITNLCPF
CASRLLATNNEQFF	RFPNITNLCPF
CASSEVTSTEAFF	RFPNITNLCPF
CASSPWGVSYNEQFF	RFPNITNLCPF
CASSPTGPSYEQYF	RFPNITNLCPF
CASSLTGTSGYEQYF	RFPNITNLCPF
CASSPDRGLREQYF	RFPNITNLCPF
CASSEGSTEAFF	RFPNITNLCPF
CASSQGAQTTGELFF	RFPNITNLCPF
CASSYEQGYGVAFF	RFPNITNLCPF
CATSEPPGQGDLKNIQYF	RFPNITNLCPF
CASSPPVLDSNYGYTF	RFPNITNLCPF
CASSIIGREAFF	RFPNITNLCPF
CASSLGLAGENTGELFF	RFPNITNLCPF
CASSQDLKASGMNEQFF	RFPNITNLCPF
CASSSESYEQYF	RFPNITNLCPF
CSVTGPGEAFF	RFPNITNLCPF
CASASGGAGRDGYTF	RFPNITNLCPF
CASSSPEGTSGVSTDTQYF	RFPNITNLCPF
CASSPATASPYEQYF	RFPNITNLCPF
CSGSSKPGLGTDTQYF	RFPNITNLCPF
CASSPTSGSPHEQYF	RFPNITNLCPF
CASSLTMAEAFF	RFPNITNLCPF
CASSPASGSPYEQYF	RFPNITNLCPF
CASSPTSGSPYEQYF	RFPNITNLCPF
CSVRGADTQYF	RFPNITNLCPF
CASSLVRPSGFPANEQFF	RFPNITNLCPF
CASRPGTGASGQPQHF	RFPNITNLCPF
CASSSLAGTNTGELFF	RFPNITNLCPF
CASSPIDSNQPQHF	RFPNITNLCPF
CASSPPSGSPYEQYF	RFPNITNLCPF
CASSFVHDQPQHF	RFPNITNLCPF
CASSSPEGRNTGELFF	RFPNITNLCPF
CASSPSVSTEAFF	RFPNITNLCPF
CASSQDRGGTETQYF	RFPNITNLCPF
CASSRTSGTRLGHYNEQFF	RFPNITNLCPF
CASSFRVHRRRAEAFF	RFPNITNLCPF
CASSPPTGSPYEQYF	RFPNITNLCPF
CASLGVPNTEAFF	RFPNITNLCPF
CASSSGSRQETQYF	RFPNITNLCPF
CASTFDRGTYNEQFF	RFPNITNLCPF
CASRDTEAFF	RFPNITNLCPF
CASSLEAASSYNEQFF	RFPNITNLCPF
CASSFAGAGQPQHF	RFPNITNLCPF
CASSLGWTGGLDTEAFF	RFPNITNLCPF
CASREQSSYNEQFF	RFPNITNLCPF
CASSETVVGEKLFF	RFPNITNLCPF
CASSSDGQISNQPQHF	RFPNITNLCPF
CASSFGGQQETQYF	RFPNITNLCPF
CASSQDPGTSAYNEQFF	RFPNITNLCPF
CASSLGDGGNQPQHF	RFPNITNLCPF
CASSPGTGSPYEQYF	RFPNITNLCPF
CASSLLAGATGELFF	RFPNITNLCPF
CASSRGTATNEKLFF	RFPNITNLCPF
CASSQVNPNEQFF	RFPNITNLCPF
CASSRYGGTDTQYF	RFPNITNLCPF
CSARDVVRGEAFF	RFPNITNLCPF
CASSYNEVDRAEQYF	RFPNITNLCPF
CASSPNGYEQYF	RFPNITNLCPF
CASSPKTGTPYEQYF	RFPNITNLCPF
CASSHLTSGSPYPIQFF	RFPNITNLCPF
CASSSPSSTYEQYF	RFPNITNLCPF
CASSFVLLSTGGVFSGNTGELFF	RFPNITNLCPF
CASSLSYEQYF	RFPNITNLCPF
CASTSDRGSYNEQFF	RFPNITNLCPF
CASSASGATDTQYF	RFPNITNLCPF
CASSYSTGNEQYF	RFPNITNLCPF
CASSFMSLARGRSYSNQPQHF	RFPNITNLCPF
CASSSDTASYNEQFF	RFPNITNLCPF
CASSPLAGGVQETQYF	RFPNITNLCPF
CASSLGGALTPLHF	RFPNITNLCPF
CASGLVLDIQYF	RFPNITNLCPF
CSGRPGTQNTEAFF	RFPNITNLCPF
CASSPRTGSPYEQYF	RFPNITNLCPF
CASSEDSANTGELFF	RFPNITNLCPF
CSARGPLSRFTDTQYF	RFPNITNLCPF
CASSLWGPVYEQYF	RFPNITNLCPF
CASSLDGTVGVTDTQYF	RFPNITNLCPF
CASSETQALLYGYTF	RFPNITNLCPF
CASSPRGGVVMNTEAFF	RFPNITNLCPF
CASRLFGGGTEEQYF	RFPNITNLCPF
CASSLTADGSEQFF	RFPNITNLCPF
CASSLPDQVYNEQFF	RFPNITNLCPF
CASSPDSISYNEQFF	RFPNITNLCPF
CASTSGGFTGELFF	RFPNITNLCPF
CATSRDLSYEQYF	RFPNITNLCPF
CASSPPSGSPYEQYF	RFPNITNLCPF
CSVYLQGWEKLFF	RFPNITNLCPF
CASSLFQGAGYGYTF	RFPNITNLCPF
CSARDRVGSGNTIYF	RFPNITNLCPF
CASSFSNPGQNTGELFF	RFPNITNLCPF
CASSPPTGGAYEQYF	RFPNITNLCPF
CASSLANTGVIGGETQYF	RFPNITNLCPF
CASSPSPPGGGSYEQYF	RFPNITNLCPF
CASSDSASPYNEQFF	RFPNITNLCPF
CASSQDSGSFNEQYF	RFPNITNLCPF
CASSYESSYEAFF	RFPNITNLCPF
CASSLGPLGTAQHF	RFPNITNLCPF
CASSLVVEGIYNEQFF	RFPNITNLCPF
CASSPPGGSYEQYF	RFPNITNLCPF
CASSGTSVRPAYNEQFF	RFPNITNLCPF
CASSLALLGSSGNTIYF	RFPNITNLCPF
CASSPFRTGAFTDTQYF	RFPNITNLCPF
CASSPRDGSPHEQYF	RFPNITNLCPF
CASSLPAGDPYEQYF	RFPNITNLCPF
CASSLAARSQETQYF	RFPNITNLCPF
CASSPRIMGGGSYEQYF	RFPNITNLCPF
CASSLGWVGRVGETQYF	RFPNITNLCPF
CASSPGTGSPYEQYF	RFPNITNLCPF
CASNREEVAYNEQFF	RFPNITNLCPF
CATSRGLAVSDEQFF	RFPNITNLCPF
CASSFSLPGLAIHEQFF	RFPNITNLCPF
CAISGRTDVAGNTIYF	RFPNITNLCPF
CAISEGRGMSSYNEQFF	RFPNITNLCPF
CASSEGTTGVKYF	RFPNITNLCPF
CASSIIGREAFF	RFPNITNLCPF
CASSEPKSTDTQYF	RFPNITNLCPF
CASEGLRQGAGGTEAFF	RFPNITNLCPF
CATSGTKNTGELFF	RFPNITNLCPF
CASSQDWVGQGVLGTQYF	RFPNITNLCPF
CASSLALGKIVAEAFF	RFPNITNLCPF
CASSLVGLIATTNEKLFF	RFPNITNLCPF
CASSFNLPGASLTEAFF	RFPNITNLCPF
CASRIKQGFTYEQYF	RFPNITNLCPF
CASSLWFRETYNEQFF	RFPNITNLCPF
CSVVGGRGVVSDTQYF	RFPNITNLCPF
CACTWHTQYF	RFPNITNLCPF
CASSSYMKSRDF	RFPNITNLCPF
CASSQETDSNQPQHF	RFPNITNLCPF
CASSLTVSYNEQFF	RFPNITNLCPF
CASSPMTGSPYEQYF	RFPNITNLCPF
CASSFQLPGAATRMNTEAFF	RFPNITNLCPF
CATNDRGGATNEKLFF	RFPNITNLCPF
CASSLWAGDGVGEQFF	RFPNITNLCPF
CASSSLAGAGEQYF	RFPNITNLCPF
CASSLTVAGTGELFF	RFPNITNLCPF
CSVRAAQEAFF	RFPNITNLCPF
CASSSPTESSYNEQFF	RFPNITNLCPF
CASSSGTGPYNEQFF	RFPNITNLCPF
CASRDGNTEAFF	RFPNITNLCPF
CASSPVYATQYF	RFPNITNLCPF
CASSPPTGSPYEQYF	RFPNITNLCPF
CASSLSGSGGTEAFF	RFPNITNLCPF
CASSPRTGGDQETQYF	RFPNITNLCPF
CASSSGSTYEQYF	RFPNITNLCPF
CASSPPNGHPNTEAFF	RFPNITNLCPF
CASRIPGTSFYEQYF	RFPNITNLCPF
CASSLTLAGVQFEQFF	RFPNITNLCPF
CASSGLLGQDRFATNEKLFF	RFPNITNLCPF
CASSRQLAGVEGDTQYF	RFPNITNLCPF
CASSFWTSGTDTQYF	RFPNITNLCPF
CASSRVFSGSYEQYF	RFPNITNLCPF
CASSRGLDTEAFF	RFPNITNLCPF
CASSEGTIPYNEQFF	RFPNITNLCPF
CASSGTDSGNTIYF	RFPNITNLCPF
CAISDRLISGSTGELFF	RFPNITNLCPF
CASSPSSGSPHEQYF	RFPNITNLCPF
CATSAPSAAGYGYTF	RFPNITNLCPF
CASSVGQGWNNEQFF	RFPNITNLCPF
CASSPPTGSPYEQYF	RFPNITNLCPF
CASSLLAGAAIDQETQYF	RFPNITNLCPF
CASSLSGWEQYF	RFPNITNLCPF
CASSLGWLAGGPRGPSTDTQYF	RFPNITNLCPF
CASSEQGSGYNEQFF	RFPNITNLCPF
CASSLYWTGGQETQYF	RFPNITNLCPF
CASSQAPGELFF	RFPNITNLCPF
CASSQDGGLLSYEQYF	RFPNITNLCPF
CASTETGGAEAFF	RFPNITNLCPF
CATSLAGEGNEQFF	RFPNITNLCPF
CSVEGWSYSSYEQYF	RFPNITNLCPF
CASSLSRAWNEKLFF	RFPNITNLCPF
CASSRGWDRGIYNEQFF	RFPNITNLCPF
CASSNGGGAGNSPLHF	RFPNITNLCPF
CSVELASTGGREQYF	RFPNITNLCPF
CSVNGAREGSYEQYF	RFPNITNLCPF
CASSSGRWGDEQFF	RFPNITNLCPF
CASSPTDSNQPQHF	RFPNITNLCPF
CASSLAGTMNTEAFF	RFPNITNLCPF
CASSLFYTSTGELFF	RFPNITNLCPF
CASSAGTLLRETQYF	RFPNITNLCPF
CASRDARGTQYF	RFPNITNLCPF
CASSPNSGSPYEQYF	RFPNITNLCPF
CASSPPTDAYYGYTF	RFPNITNLCPF
CASSQAAGGSTDTQYF	RFPNITNLCPF
CASSSGVGYEQYF	RFPNITNLCPF
CASSPFPGQGGETQYF	RFPNITNLCPF
CASSSGGQPQHF	RFPNITNLCPF
CASSQGQGGYEQYF	RFPNITNLCPF
CASSASQGVGSPLHF	RFPNITNLCPF
CASSASGTASSTDTQYF	RFPNITNLCPF
CATGHHSYEQYF	RFPNITNLCPF
CASSPNGHEQYF	RFPNITNLCPF
CASSLDGGIKTQYF	RFPNITNLCPF
CASSLGGPYEQYF	RFPNITNLCPF
CASRAGTAASDNEQFF	RFPNITNLCPF
CASSPTTSGENEQFF	RFPNITNLCPF
CASRGGGLQETQYF	RFPNITNLCPF
CASSPAQLADLSYEQYF	RFPNITNLCPF
CATSRDDKDNYEQYF	RFPNITNLCPF
CASSYYTGETQYF	RFPNITNLCPF
CASSPGTTYEQYF	RFPNITNLCPF
CASSPTIEGYGYTF	RFPNITNLCPF
CASTPGGLTRPQYF	RFPNITNLCPF
CASSQYASTDTQYF	RFPNITNLCPF
CASSWDSRGAQYF	RFPNITNLCPF
CASSYFAQETQYF	RFPNITNLCPF
CASSPPSGSPYEQYF	RFPNITNLCPF
CASSFGQMNTEAFF	RFPNITNLCPF
CASRYTGPGAGELFF	RFPNITNLCPF
CASSQLNRGMVNTEAFF	RFPNITNLCPF
CSVGGTSGSSYEQYF	RFPNITNLCPF
CASSSGTGAYNEQFF	RFPNITNLCPF
CASSQGNQPQHF	RFPNITNLCPF
CASSMGDEQYF	RFPNITNLCPF
CASSPGTVGFEQYF	RFPNITNLCPF
CASSPSTGSPYEQYF	RFPNITNLCPF
CASSYPLGTEAFF	RFPNITNLCPF
CASSHTSGTSGGEQFF	RFPNITNLCPF
CASSYILPNQPQHF	RFPNITNLCPF
CASSQDRWQGAFF	RFPNITNLCPF
CASSPPTGSPYEQYF	RFPNITNLCPF
CASSLTSGANTGELFF	RFPNITNLCPF
CASSPPSGSPYEQYF	RFPNITNLCPF
CASSPGTIGETQYF	RFPNITNLCPF
CASTLGQFTEAFF	RFPNITNLCPF
CASSQTSGSPHEQYF	RFPNITNLCPF
CASSLFGSSNTGELFF	RFPNITNLCPF
CASSQEWESNQPQHF	RFPNITNLCPF
CASSWTSGNTGELFF	RFPNITNLCPF
CASSQAAGGYTF	RFPNITNLCPF
CASSSTGVEQYF	RFPNITNLCPF
CASSQVGTDRTFYGYTF	RFPNITNLCPF
CASSRDSSSYNEQFF	RFPNITNLCPF
CATRGRRDRESSYNSPLHF	RFPNITNLCPF
CASSLGSYEQYF	RFPNITNLCPF
CASSPVVGSPYEQYF	RFPNITNLCPF
CASSLGWGNTEAFF	RFPNITNLCPF
CASSPLRAGVNDEQFF	RFPNITNLCPF
CASSPGTGGPYEQYF	RFPNITNLCPF
CASSPPTGSPYEQYF	RFPNITNLCPF
CASSYFSGGDEQYF	RFPNITNLCPF
CAWSVQGGRYEQYF	RFPNITNLCPF
CASSPPSGSPNEQFF	RFPNITNLCPF
CASSPNSYEQYF	RFPNITNLCPF
CASSDGTEPTNEQYV	RFPNITNLCPF
CASILPSSVDPGELFF	RFPNITNLCPF
CASSSGTGAYNEQFF	RFPNITNLCPF
CASSQQQGQGFF	RFPNITNLCPF
CASSLWAGDGGGEQFF	RFPNITNLCPF
CASSPGTVPTGELFF	RFPNITNLCPF
CASSQEGLIYEQYF	RFPNITNLCPF
CASSQAGLAGDPYEQYF	RFPNITNLCPF
CASSLVGGLNEQYF	RFPNITNLCPF
CASSPTTVPINGYTF	RFPNITNLCPF
CASYPTGTGFFGYYGYTF	RFPNITNLCPF
CASSQDGTGGIDGEQFF	RFPNITNLCPF
CASSPLGAPNTGELFF	RFPNITNLCPF
CASSPGTQSSYNEQFF	RFPNITNLCPF
CASSLEAGLNTGELFF	RFPNITNLCPF
CASSDGAGAGNSPLHF	RFPNITNLCPF
CASSLSPGELFF	RFPNITNLCPF
CASSLPGYNEQFF	RFPNITNLCPF
CASSFLGNAEQFF	RFPNITNLCPF
CASSMGLTDYEQYF	RFPNITNLCPF
CASRSGHNEQFF	RFPNITNLCPF
CASTAGLAGVNTGELFF	RFPNITNLCPF
CASSLIEGTEAFF	RFPNITNLCPF
CASSQAGLAGGPGDEQFF	RFPNITNLCPF
CASSPTSGSPYEQYF	RFPNITNLCPF
CATLGGNSYEQYF	RFPNITNLCPF
CASNDGVGSYNEQFF	RFPNITNLCPF
CASSSWPGNEQFF	RFPNITNLCPF
CASSPPSGSPYEQYF	RFPNITNLCPF
CASSYLGTGAPYEQYF	RFPNITNLCPF
CASSPPTGAPYEQYF	RFPNITNLCPF
CASSKGLAGLNTGELFF	RFPNITNLCPF
CASSLNRASVSYGYTF	RFPNITNLCPF
CASSRDSLEAFF	RFPNITNLCPF
CASSPEHGVRVPLHF	RFPNITNLCPF
CASSPVVGSPYEQYF	RFPNITNLCPF
CASSLTSGSVGTDTQYF	RFPNITNLCPF
CASTHGLAGENTGELFF	RFPNITNLCPF
CASSTAGNTIYF	RFPNITNLCPF
CASSSPSHGNTEAFF	RFPNITNLCPF
CASSEKGPDEQYF	RFPNITNLCPF
CASSLGQGPYNEQFF	RFPNITNLCPF
CASSFKLGLKDNEQFF	RFPNITNLCPF
CASSLALPGQGHSPLHF	RFPNITNLCPF
CASSLVPDSYEQYF	RFPNITNLCPF
CSVPGLSSYEQYF	RFPNITNLCPF
CASSETQGYTYEQYF	RFPNITNLCPF
CASSESGGPSYEQYF	RFPNITNLCPF
CASSSTDANQPQHF	RFPNITNLCPF
CASSDPGPTDTQYF	RFPNITNLCPF
CAVGDPGQSYEQYF	RFPNITNLCPF
CASGAVGDSGNTIYF	RFPNITNLCPF
CASSVSGGSSYEQYF	RFPNITNLCPF
CASSLWAGNTGELFF	RFPNITNLCPF
CASSLVPRELSNQPQHF	RFPNITNLCPF
CASSLGLAFNTGELFF	RFPNITNLCPF
CASSPGLAGENTGELFF	RFPNITNLCPF
CASSLFSGGVEKLFF	RFPNITNLCPF
CASSLAGYTEAFF	RFPNITNLCPF
CASSPPSGTPYEQYF	RFPNITNLCPF
CASSPAVSSYNEQFF	RFPNITNLCPF
CASLARNAEQYF	RFPNITNLCPF
CASSLDSGVDEQFF	RFPNITNLCPF
CARSLVPASTGELFF	RFPNITNLCPF
CASSHNSGLNTEAFF	RFPNITNLCPF
CASSPATGSPYEQYF	RFPNITNLCPF
CASSQSPGWEQYF	RFPNITNLCPF
CASSPPGRGEQETQYF	RFPNITNLCPF
CASSSTYTGELFF	RFPNITNLCPF
CASSLATSYNEQFF	RFPNITNLCPF
CASSLGSDTQYF	RFPNITNLCPF
CASSPSNGSPYEQYF	RFPNITNLCPF
CASSLSSGVYEQYF	RFPNITNLCPF
CASSPPSGSPYEQYF	RFPNITNLCPF
CASSQDRQGIGELFF	RFPNITNLCPF
CASSKSSRGNSTDTQYF	RFPNITNLCPF
CASTTDRGAYNEQFF	RFPNITNLCPF
CASSPDTYSYNEQFF	RFPNITNLCPF
CASSLLWGTIGTSGRASYNEQFF	RFPNITNLCPF
CASSLLAGGPISTDTQYF	RFPNITNLCPF
CASSDWVLASNQPQHF	RFPNITNLCPF
CASSLGIGSSYEQYF	RFPNITNLCPF
CSVEETGNGGSEKLFF	RFPNITNLCPF
CASSFGTNYEQYF	RFPNITNLCPF
CASKPLDTAELKAFF	RFPNITNLCPF
CSVVTTSYEQYF	RFPNITNLCPF
CASSQEPGSSYNEQFF	RFPNITNLCPF
CASSLLGNSNQPQHF	RFPNITNLCPF
CASSQRRGLEAGGYNEQFF	RFPNITNLCPF
CASSSPLAGLYNEQFF	RFPNITNLCPF
CASRDNEQFF	RFPNITNLCPF
CASSTHEGPGANVLTF	RFPNITNLCPF
CASSQGVQGWPYEQYF	RFPNITNLCPF
CASSPPTGTPYEQYF	RFPNITNLCPF
CAIRTGTTNEKLFF	RFPNITNLCPF
CASSPRSGSPYEQYF	RFPNITNLCPF
CASSQTGGWTEAFF	RFPNITNLCPF
CASSATGSAYNEQFF	RFPNITNLCPF
CASSPASGSPYEQYF	RFPNITNLCPF
CASSLGGQTEAFF	RFPNITNLCPF
CAISDREGTEAFF	RFPNITNLCPF
CAWSTSGMETQYF	RFPNITNLCPF
CASSLLGPSYEQYF	RFPNITNLCPF
CASSLAGTDAFQFF	RFPNITNLCPF
CASSPASGSPYEQYF	RFPNITNLCPF
CASSIAESWVYGYTF	RFPNITNLCPF
CASSQDLGQGLAHGYTF	RFPNITNLCPF
CASSSGGFNQPQHF	RFPNITNLCPF
CASSLLGWREAHNEQFF	RFPNITNLCPF
CASSHWGTGELFF	RFPNITNLCPF
CASSIWTSGAGPPGDTQYF	RFPNITNLCPF
CASSYYLGDTQYF	RFPNITNLCPF
CASSPGGFYGYTF	RFPNITNLCPF
CASSCPREGYNEQFF	RFPNITNLCPF
CASSLDRAGYNEQFF	RFPNITNLCPF
CASSHGTGGGDTQYF	RFPNITNLCPF
CASSRLAGVVADTQYF	RFPNITNLCPF
CASSLDWGVAKNIQYF	RFPNITNLCPF
CASSGTEGQNIQYF	RFPNITNLCPF
CASSLAVGEQYF	RFPNITNLCPF
CASSILAVSNTEAFF	RFPNITNLCPF
CASSLGFGELFF	RFPNITNLCPF
CAISDQGGGSYEQYF	RFPNITNLCPF
CASSLDSNEQFF	RFPNITNLCPF
CATSGPGQGVYEQYF	RFPNITNLCPF
CASSPPTGSPYEQYF	RFPNITNLCPF
CASSDTQVYEQYF	RFPNITNLCPF
CASTLAGDFEQYF	RFPNITNLCPF
CASSDGTGPVNEQFF	RFPNITNLCPF
CASSPSGEAPHEQFF	RFPNITNLCPF
CASGKGQESADTQYF	RFPNITNLCPF
CASSPPTGITGELFF	RFPNITNLCPF
CASSSLAGVDNEQFF	RFPNITNLCPF
CASSAGTGSPYEQYF	RFPNITNLCPF
CASSLGGLGADTQYF	RFPNITNLCPF
CASSFGTTYEQYF	RFPNITNLCPF
CASSQTGTAYNEQFF	RFPNITNLCPF
CASSPPVAYEQYF	RFPNITNLCPF
CASASGGAGRDGYTF	RFPNITNLCPF
CASSLLGNSNQPQHF	RFPNITNLCPF
CASGRTSGNNEQFF	RFPNITNLCPF
CASSYSPYEKLFF	RFPNITNLCPF
CASSPSSGSPYEQYF	RFPNITNLCPF
CASSVEAAYEQYF	RFPNITNLCPF
CASSHAGQSANEKLFF	RFPNITNLCPF
CASSVLGTGELFF	RFPNITNLCPF
CASSQPSGSPYEQYF	RFPNITNLCPF
CSVLGEAHIETQYF	RFPNITNLCPF
CASSLASRAGDTQYF	RFPNITNLCPF
CASSLEGTGVYNEQFF	RFPNITNLCPF
CATTAAYEQYF	RFPNITNLCPF
CASSFGTGPKSNQPQHF	RFPNITNLCPF
CASSPSTGSPYEQYF	RFPNITNLCPF
CSVEQGPYEQYF	RFPNITNLCPF
CASSIDRYSYNEQFF	RFPNITNLCPF
CASSPGQQETQYF	RFPNITNLCPF
CASSPLDPLSYGYTF	RFPNITNLCPF
