CDR3	AA
CASLPITYNEQFF	VPLHGTIL
CASSPRGRGYTDTQYF	VPLHGTIL
CASSLLGAGTDTQYF	VPLHGTIL
CASSLALAGEVYEQYF	VPLHGTIL
CAISGDRDNEQFF	VPLHGTIL
CASSQVGQGVATNEKLFF	VPLHGTIL
CAILLPGQSLYEQYF	VPLHGTIL
CASSGRVSGNTIYF	VPLHGTIL
CASSYGYEQYF	VPLHGTIL
CASLGLSTDTQYF	VPLHGTIL
CASSAHVLGLQVYEQYF	VPLHGTIL
CASGFSGGTDTQYF	VPLHGTIL
GRGPYTDTQYF	VPLHGTIL
CASSTGATGYGYTF	VPLHGTIL
CASSLVGLDITGTGELFF	VPLHGTIL
CASSLGVGFLFF	VPLHGTIL
CASSPGFEQYF	VPLHGTIL
CASSVGLQGGLAFF	VPLHGTIL
CASSVGGGEQFF	VPLHGTIL
CASSLESLGLGRSGELFF	VPLHGTIL
CATSRDYSLHGYTF	VPLHGTIL
CATSRDRASLHTDTQYF	VPLHGTIL
CATSVDRANTEAFF	VPLHGTIL
CASSPSTSGSDTGELFF	VPLHGTIL
CARTTGLLTTEAFF	VPLHGTIL
CASSPSGGDTDTQYF	VPLHGTIL
CASSAQGPVISYEQYF	VPLHGTIL
CASSGVRGGTEAFF	VPLHGTIL
CASSFGQGESYNEQFF	VPLHGTIL
CASLSLAGYEQYF	VPLHGTIL
CASSSLGAGGMDEQFF	VPLHGTIL
