CDR3	AA
CASSYRDRGAYGYTF	VQIDRLITGR
CAIGWDLRQLQETQYF	VQIDRLITGR
CSVTRGDNEQFF	VQIDRLITGR
CASSQDPGDYEQYF	VQIDRLITGR
CSVSRTASYEQYF	VQIDRLITGR
CASSLTGTGFDYTF	VQIDRLITGR
CASDPGTGFYNEQFF	VQIDRLITGR
CASRPGQGNQPQHF	VQIDRLITGR
CASSNSGSNQETQYF	VQIDRLITGR
CASSVGGLNSPLHF	VQIDRLITGR
CASRSGRGNQPQHF	VQIDRLITGR
CASKQGNTEAFF	VQIDRLITGR
CASRPDRGLPNEQFF	VQIDRLITGR
RARGTSGWNRLWEQYF	VQIDRLITGR
CASTPGQGAREQYF	VQIDRLITGR
CAISDLNRDSLSYEQYF	VQIDRLITGR
CASRTGTGLYEQYF	VQIDRLITGR
CASSQEQGSGYEQYF	VQIDRLITGR
CASSQEIATNEKLFF	VQIDRLITGR
CASSTGGLNSPLHF	VQIDRLITGR
CSARDLAGGLNEQFF	VQIDRLITGR
CASSSSTGVPSYEQYF	VQIDRLITGR
CASRVATGELFF	VQIDRLITGR
CASSEVGTGTSGANVLTF	VQIDRLITGR
CASREGIGNQPQHF	VQIDRLITGR
CASSPGTGVYNEQFF	VQIDRLITGR
CASSVSPAGELFF	VQIDRLITGR
CASSHEVGQGGLDF	VQIDRLITGR
CASSQEVGQGYEQYF	VQIDRLITGR
CASRTGWEQYF	VQIDRLITGR
CASLPGQGRDEAFF	VQIDRLITGR
CAAKLGQGDTDTQYF	VQIDRLITGR
CASSFGHEQFF	VQIDRLITGR
CASSFRHTIYNEQFF	VQIDRLITGR
CASSPRTGAGSYNEQFF	VQIDRLITGR
CASAGNSNTGELFF	VQIDRLITGR
CASSLEVATNEKLFF	VQIDRLITGR
CASRPGQGAQPQHF	VQIDRLITGR
CAISEEWGTNTGELFF	VQIDRLITGR
CASYQTGLAAYNEQFF	VQIDRLITGR
CASSQEKGQKQYF	VQIDRLITGR
CASRVGQGPAPLHF	VQIDRLITGR
CASSLEEATNEKLFF	VQIDRLITGR
CSARDLTGTGETQYF	VQIDRLITGR
CASSLPLLRGNNPETQYF	VQIDRLITGR
CASSGQSLPLHF	VQIDRLITGR
CASSTRTSGSYEQYF	VQIDRLITGR
CASSTWGGGHYNEQFF	VQIDRLITGR
CASSLVRTAEAFF	VQIDRLITGR
CSVVAGAYLNYGYTF	VQIDRLITGR
CASSQVLTGSSPLHF	VQIDRLITGR
CASSTGASGANVLTF	VQIDRLITGR
CASSAVGSEAFF	VQIDRLITGR
CSARKGIGTEAFF	VQIDRLITGR
CSAEREGLNEQFF	VQIDRLITGR
CASSWTGYEQYF	VQIDRLITGR
RARGTSGWNRLWEQYF	VQIDRLITGR
