CDR3	AA
CASSQFMKVASTYNEQFF	QELYSPIFL
CASSLVGTGLGDEQFF	QELYSPIFL
CASSLAPFSLINTEAFF	QELYSPIFL
CASSFWVQPQSSYNSPLHF	QELYSPIFL
CASSYRSNTEAFF	QELYSPIFL
CAWSPTGSYEQYF	QELYSPIFL
CASSSNRGPQETQYF	QELYSPIFL
CASSYRQNTEAFF	QELYSPIFL
CASSLPGLVAQSSYNEQFF	QELYSPIFL
CASSGGAEAFF	QELYSPIFL
CASSSQQGTEAFF	QELYSPIFL
CASSLGLAGVYEQYF	QELYSPIFL
CASSLGGRTEAFF	QELYSPIFL
CASSYTGGAPYEQYF	QELYSPIFL
CASGPGLDTEAFF	QELYSPIFL
CASSVTDGTEGNQPQHF	QELYSPIFL
CASSQPIQGSSYNSPLHF	QELYSPIFL
CASSLATGYEQYF	QELYSPIFL
CASSLASGWYEQFF	QELYSPIFL
CSVDRRPYEQYF	QELYSPIFL
CSASPDSSNEKLFF	QELYSPIFL
CASSLEGGLTTEQYF	QELYSPIFL
CASSEANGSGETQYF	QELYSPIFL
CASSYSAGPKETQYF	QELYSPIFL
CATSEQFPDTQYF	QELYSPIFL
CASSLGEGYEPQHF	QELYSPIFL
CASSHPSGTFKGSYNEQFF	QELYSPIFL
CASSRGDEITEAFF	QELYSPIFL
CASSNNGLAGYEQYF	QELYSPIFL
CASSLEGVSTEAFF	QELYSPIFL
CASSLVLGGTDTQYF	QELYSPIFL
CSVSGGGKSSYNEQFF	QELYSPIFL
CASSLGGDHYEQYF	QELYSPIFL
CASSLLQGSSYNEQFF	QELYSPIFL
CASSQELLAGGVYF	QELYSPIFL
CASSVDSSPGYGYTF	QELYSPIFL
CASSPQIIQHTGELFF	QELYSPIFL
CASSLSSSYNEQFF	QELYSPIFL
CASSLGLAGTYEQYF	QELYSPIFL
CASSSPGTGAYEQYF	QELYSPIFL
CSVEIGLNTGELFF	QELYSPIFL
CSVDLLAGGPTDTQYF	QELYSPIFL
CASSVSGHNEQFF	QELYSPIFL
CATSDLGLAGGYEQFF	QELYSPIFL
CSVGVAGEGGETQYF	QELYSPIFL
CSVEGAGGPVETQYF	QELYSPIFL
CASSLAQGGAGELFF	QELYSPIFL
CASRGELEGWYEQYF	QELYSPIFL
CASGDYYGYTF	QELYSPIFL
CASSLPAAQWNEQFF	QELYSPIFL
CASSFLAGDLYNEQFF	QELYSPIFL
CASRPYTGELFF	QELYSPIFL
CASNTLGRGLYNEQFF	QELYSPIFL
CASSQDRQEGNTIYF	QELYSPIFL
CASSLVAGNTDTQYF	QELYSPIFL
CASSSGLGFDTQYF	QELYSPIFL
CASRGTSLQETQYF	QELYSPIFL
CASSPGPLGPYEQYF	QELYSPIFL
CSVGPTGIAYEQYF	QELYSPIFL
CASRRGGLAGEDEQFF	QELYSPIFL
CASTPLAAARDTQYF	QELYSPIFL
CASRPGMMNTEAFF	QELYSPIFL
CASNAGGLNEQFF	QELYSPIFL
CSVEGHGRVTEAFF	QELYSPIFL
CASSYQGGNYMNTEAFF	QELYSPIFL
CASSSDRYPSPEAFF	QELYSPIFL
CASNGGQGETQYF	QELYSPIFL
CASSGATAYEQYF	QELYSPIFL
CASSFQGRGNTEAFF	QELYSPIFL
CASSGGDTYEQYF	QELYSPIFL
CASSLTGVLNTEAFF	QELYSPIFL
CASSLGGNQPQHF	QELYSPIFL
CASSPGTGGTEAFF	QELYSPIFL
CASSFVGGGYEQYF	QELYSPIFL
CSARMAEAFF	QELYSPIFL
CASSQDLLSGSFF	QELYSPIFL
CASSQPGQGTNEQFF	QELYSPIFL
CASSVESTATYFRWDSPLHF	QELYSPIFL
CASSEWDRETQYF	QELYSPIFL
CASNLGGDEQFF	QELYSPIFL
CSASLAGGLVGELFF	QELYSPIFL
CASSVDTGVGLNTEAFF	QELYSPIFL
CASSLNSYEQYF	QELYSPIFL
CSVDVPSGSTDTQYF	QELYSPIFL
CASSYEGISYEQYF	QELYSPIFL
CASSLAGTVGPQLFF	QELYSPIFL
CAWSVTTGGYYNEQFF	QELYSPIFL
CASSLSPNYEQYF	QELYSPIFL
CASSLGGVFYEQYF	QELYSPIFL
CASSESGPAGELFF	QELYSPIFL
CASSIQGLTSSYNEQFF	QELYSPIFL
CASSQFYRPKGGAYQPQHF	QELYSPIFL
CASSFNRGIDEAFF	QELYSPIFL
CASSQFYTRDRELDQPQHF	QELYSPIFL
CASSWLAGVMDEQFF	QELYSPIFL
CASSLSGGPYEQYF	QELYSPIFL
CASSLVQGADMNTEAFF	QELYSPIFL
CASSLADGTGVYGYTF	QELYSPIFL
CAAGTSGSYEQYF	QELYSPIFL
CASSLENPGHEQFF	QELYSPIFL
CASGNGTSGLFETQYF	QELYSPIFL
CASSYMGRGSTEAFF	QELYSPIFL
CSVEWGSEAFF	QELYSPIFL
CASSLKGGSYNEQFF	QELYSPIFL
CASRAGGDYNSPLHF	QELYSPIFL
CASSSFFSGGQETQYF	QELYSPIFL
CASSYVWGTSGREGGELFF	QELYSPIFL
CASSYSSANNEKLFF	QELYSPIFL
CASSQDLLAEQFF	QELYSPIFL
CASSLAWGIDTDTQYF	QELYSPIFL
CASSLAPPNTEAFF	QELYSPIFL
CASSELAGGIETQYF	QELYSPIFL
CASSRSGTGGDEAFF	QELYSPIFL
CASSSGQGPHNEQFF	QELYSPIFL
CASSQDVGAGNTIYF	QELYSPIFL
CASSLTGGARSNQPQHF	QELYSPIFL
CASSQDHPTSGDEQFF	QELYSPIFL
CASSLTVNTEAFF	QELYSPIFL
CASSVFSDTGELFF	QELYSPIFL
CASSLGGVWGTEAFF	QELYSPIFL
CASSYSASYNEQFF	QELYSPIFL
CASSLGTDTQYF	QELYSPIFL
CSARDRGGLAGMDEQFF	QELYSPIFL
CASSLYEGGGNEQFF	QELYSPIFL
CASSREGQGGDDGYTF	QELYSPIFL
CASSELAGNTGELFF	QELYSPIFL
CASSLVELGAGGSGNEQFF	QELYSPIFL
CSVGAGTSYEQYF	QELYSPIFL
CASSQDGAVYGYTF	QELYSPIFL
CASSAGYEAFF	QELYSPIFL
CASSIVWAGELFF	QELYSPIFL
CASSYSGRSHNEQFF	QELYSPIFL
CASSEERGPYTGELFF	QELYSPIFL
CAWSVIGRFNEQFF	QELYSPIFL
CASSLEPYNEQFF	QELYSPIFL
CASSLEEGMNTEAFF	QELYSPIFL
CASRGPGQVYDEQYF	QELYSPIFL
CASSIGQGGSEQYF	QELYSPIFL
CSVHLGPLSAFF	QELYSPIFL
CASSLDERQGLYEQYF	QELYSPIFL
CSMTGTEGFEQYF	QELYSPIFL
CATSDSRTSGAIPLYEQYF	QELYSPIFL
CASSLGVTVGLETQYF	QELYSPIFL
CASSLSVGQLQETQYF	QELYSPIFL
CASSDQPGQPNTEAFF	QELYSPIFL
CASSYTGQGASETQYF	QELYSPIFL
CSVEHGTEAFF	QELYSPIFL
CASNPGQGVSRFDQPQHF	QELYSPIFL
CASSLSGVETQYF	QELYSPIFL
CASSHGGPGYNEQFF	QELYSPIFL
CASSQVSAGGNTEAFF	QELYSPIFL
CASSDLAIGELFF	QELYSPIFL
CASRADGVRGFNTEAFF	QELYSPIFL
CASSQDRDTTYEQYF	QELYSPIFL
CARSLTVLGDKGETQYF	QELYSPIFL
CASSPVGNGIDYGYTF	QELYSPIFL
CATSALAGHYNEQFF	QELYSPIFL
CSVDGTGSADTQYF	QELYSPIFL
CATQTGPNTEAFF	QELYSPIFL
CASSPTGDEYEQYF	QELYSPIFL
CSARQTGADEAFF	QELYSPIFL
CASSLAGDYGYTF	QELYSPIFL
CSVEPGQGAREQYF	QELYSPIFL
CSVEEGSRGYTF	QELYSPIFL
CASSPLGVNTGELFF	QELYSPIFL
CASSFSAGGRNEQFF	QELYSPIFL
CASSPRDRVTDTQYF	QELYSPIFL
CASSLTGGKYEQFF	QELYSPIFL
CASSQDEVLGEWGYEKLFF	QELYSPIFL
CASSQDATSGYEQYF	QELYSPIFL
CASSPLVSATTYEQYF	QELYSPIFL
CASSTASGGTNEQFF	QELYSPIFL
CASSLEGLAGSNEQFF	QELYSPIFL
CASSEGKGGSYEQYF	QELYSPIFL
CASSQEITKGNEQFF	QELYSPIFL
CASSLQAGYEQYF	QELYSPIFL
CAWSGGGSSYEQYF	QELYSPIFL
CSAARTGNTEAFF	QELYSPIFL
CASSLSGQGYNQPQHF	QELYSPIFL
CASSITTGNEQYF	QELYSPIFL
CASSGVRDRGQVFDQPQHF	QELYSPIFL
CASSLDAAGLNTEAFF	QELYSPIFL
CASSLALAGGLNTGELFF	QELYSPIFL
CASSLKPWDPVPDEKLFF	QELYSPIFL
CASSFFSTDTQYF	QELYSPIFL
CASSPRLGATNEKLFF	QELYSPIFL
CASSYSGSQETQYF	QELYSPIFL
CASSLAYYNEQFF	QELYSPIFL
CASSVSGQDYGYTF	QELYSPIFL
CASSLGQGAVQPQHF	QELYSPIFL
CASSQGGLEQYF	QELYSPIFL
CASSQGLAGGLQETQYF	QELYSPIFL
CASSDTRDNTGELFF	QELYSPIFL
CASGTGIDEQFF	QELYSPIFL
CASSQDRVSWAFF	QELYSPIFL
CASKFGQGYEQYF	QELYSPIFL
CSGGQGGTYEQYF	QELYSPIFL
CASSPIVMNTGELFF	QELYSPIFL
CASGLELPNEQFF	QELYSPIFL
CASSKGETGDRVPGLYGYTF	QELYSPIFL
CASSPGQGASSGYTF	QELYSPIFL
CASSLALAPGEQYF	QELYSPIFL
CASSFGGAGSETQYF	QELYSPIFL
CASSSLGLAGSEQYF	QELYSPIFL
CASSVDRTSGRSYNEQFF	QELYSPIFL
CASSQVSGHYNEQFF	QELYSPIFL
CASSMTGVLNSPLHF	QELYSPIFL
CASSLPGQGQETQYF	QELYSPIFL
CASTYYNEQFF	QELYSPIFL
CASGFSDGDQETQYF	QELYSPIFL
CASRGTGAYEQYF	QELYSPIFL
CASTQTGSSGANVLTF	QELYSPIFL
CASSGEQGHADTQYF	QELYSPIFL
CAISESDEQYF	QELYSPIFL
CASRGQYTEAFF	QELYSPIFL
CASSEAGGLAVYEQYF	QELYSPIFL
CASSLFEGDTGELFF	QELYSPIFL
CSVEGMGPVLGYTF	QELYSPIFL
CASTRGGHNEQFF	QELYSPIFL
CSAGRPTGYEQYF	QELYSPIFL
CASSYLHGNGYTF	QELYSPIFL
CASSLGSVLDYEQYF	QELYSPIFL
CASRPHLADYTDTQYF	QELYSPIFL
CASSIQGTGVTEAFF	QELYSPIFL
CASSFGTGLFEQFF	QELYSPIFL
CASSSGVLGELFF	QELYSPIFL
CASSLGGLNEQFF	QELYSPIFL
CSVLAGVNEQFF	QELYSPIFL
CASSPRTTGGPYEQYF	QELYSPIFL
CSVETGVEGYGYTF	QELYSPIFL
CASSLSSNTEAFF	QELYSPIFL
CSVGVRQAYEQYF	QELYSPIFL
CASSHRDPYEQYF	QELYSPIFL
CASSYSQNTEAFF	QELYSPIFL
CASSLPRAAYNEQFF	QELYSPIFL
CASFLDPYNEQFF	QELYSPIFL
CATSDFGRNQDNEQFF	QELYSPIFL
CASSLDAGYSHTDTQYF	QELYSPIFL
CASSGWENTEAFF	QELYSPIFL
CASSLPGTGEETQYF	QELYSPIFL
CSVDGTGLTDTQYF	QELYSPIFL
CSGGTGGGYEQYF	QELYSPIFL
CASSFVQGAYEQYF	QELYSPIFL
CASVAGVGNEQFF	QELYSPIFL
CASTLEHRMNTEAFF	QELYSPIFL
CASSLFGTGLETQYF	QELYSPIFL
CASSFFGTGGIPNTGELFF	QELYSPIFL
CASSLLGSGPYEQYF	QELYSPIFL
CATIRGGGGYSSYNEQFF	QELYSPIFL
CASSPDLAGYGDTQYF	QELYSPIFL
CASSLAGATLYGYTF	QELYSPIFL
CASSLSGQGYTDTQYF	QELYSPIFL
CASSLAVGGYEQYF	QELYSPIFL
CASTPPGGQETQYF	QELYSPIFL
CASSPLLAGANTGELFF	QELYSPIFL
CASSLGSASGSDNEQFF	QELYSPIFL
CASSERQNTEAFF	QELYSPIFL
CAIRGAGELFF	QELYSPIFL
CASRPGTGFGTQYF	QELYSPIFL
CASSFSGINYNEQFF	QELYSPIFL
CASSFLDLQETQYF	QELYSPIFL
CSASSGGQVDF	QELYSPIFL
CASSPAGLYEQYF	QELYSPIFL
CASSLGQAYYEQYF	QELYSPIFL
CASSEGTGYEQYF	QELYSPIFL
CASSHQGITGGTGELFF	QELYSPIFL
CASSLAFGMNTEAFF	QELYSPIFL
CASSQGQDTYEQYF	QELYSPIFL
CASSLDRGTSGGYNEQFF	QELYSPIFL
CASSVSGVGSTEAFF	QELYSPIFL
CASSQGTSGHTDTQYF	QELYSPIFL
CASRQERAGLGNEQFF	QELYSPIFL
CASTVGQGDIQYF	QELYSPIFL
CASSLDPAGNYGYTF	QELYSPIFL
CAIIGGPYGYTF	QELYSPIFL
CASSLAPGGGYEQYF	QELYSPIFL
CASSESLTMNTEAFF	QELYSPIFL
CASSLGAGFDNEQFF	QELYSPIFL
CASSSPGQGVYEQYF	QELYSPIFL
CASSPYRGGAYNSPLHF	QELYSPIFL
CASSIGSGGEDQPQHF	QELYSPIFL
CAISEPLPGGRSTDTQYF	QELYSPIFL
CASSVGTGGIYEQYF	QELYSPIFL
CASSQLSGGAINEQFF	QELYSPIFL
CASMGQNSYEQYF	QELYSPIFL
CASSFSSSYNEQFF	QELYSPIFL
CASSPVVDPAEAFF	QELYSPIFL
CASKGSYNEQFF	QELYSPIFL
CASSLVRSGEKLFF	QELYSPIFL
CAGNSLTDPNQPQHF	QELYSPIFL
CASSYSSWETQYF	QELYSPIFL
CASSPDGEAFF	QELYSPIFL
CSVDSQGGYEQYF	QELYSPIFL
CASSRGYEQFF	QELYSPIFL
CSVEVGEGTDTQYF	QELYSPIFL
CASSQQGSNQPQHF	QELYSPIFL
CASSPQGNTEAFF	QELYSPIFL
CSAIRLAGDLPNSYNEQFF	QELYSPIFL
CATSRDLSPNQPQHF	QELYSPIFL
CATSDIGTGDNEQFF	QELYSPIFL
CASSSGTGELFF	QELYSPIFL
CASSSPGTQTYNEQFF	QELYSPIFL
CASSQDIGTGYGYTF	QELYSPIFL
CASSLVSGELFF	QELYSPIFL
CASSLSMPQETQYF	QELYSPIFL
CASSVEGSSYNEQFF	QELYSPIFL
CASSDQAGGYEQFF	QELYSPIFL
CASSWLAGDTGELFF	QELYSPIFL
CASSLSVAGYNEQFF	QELYSPIFL
CASSLASTYEQYF	QELYSPIFL
CASKQQGGEAFF	QELYSPIFL
CASGNTGGVETQYF	QELYSPIFL
CASSAVGGGIHEQYF	QELYSPIFL
CASSSGPTYEQYF	QELYSPIFL
CASTHRGQLYGYTF	QELYSPIFL
CASSSAGGLGYEQYF	QELYSPIFL
CASSESPGAYF	QELYSPIFL
CASSSVVGGREGNIQYF	QELYSPIFL
CASSFGGGRTEAFF	QELYSPIFL
CASSLNPQGRGNYGYTF	QELYSPIFL
CASSNGGREAFF	QELYSPIFL
CSARLGRKSSTNEKLFF	QELYSPIFL
CASSSMGGQETQYF	QELYSPIFL
CASSLGVSVDRDTEAFF	QELYSPIFL
CASSILAGGSYEQYF	QELYSPIFL
CASSPSQGWAYEQYF	QELYSPIFL
CASSLGLAGTYEQYF	QELYSPIFL
CASSLEGGGLDEKLFF	QELYSPIFL
CASSLVQGAAYEQYF	QELYSPIFL
CSARDPHLAGGLHQETQYF	QELYSPIFL
CASSAPGQGKNIQYF	QELYSPIFL
CATSGQGSTGELFF	QELYSPIFL
CASSLAGGGTDTQYF	QELYSPIFL
CASSLMASGNNEQFF	QELYSPIFL
CASSLFAGDTQYF	QELYSPIFL
CASQQVNTEAFF	QELYSPIFL
CASSLGGSDTQYF	QELYSPIFL
CASSFPGSSYNEQFF	QELYSPIFL
CASSSRQGGETQYF	QELYSPIFL
CSVEALPGPAGYGYTF	QELYSPIFL
CASSYNGLAGIETQYF	QELYSPIFL
CASSLARGSTYEQYF	QELYSPIFL
CASSLVGTYEQYF	QELYSPIFL
CASSYSSGYEQYF	QELYSPIFL
CASSQDINPGNIQYF	QELYSPIFL
CSVEGTGGLYEQYF	QELYSPIFL
CASSLWARGIDEQFF	QELYSPIFL
CASSYPGRYEQYF	QELYSPIFL
CASSLYSGDEQYF	QELYSPIFL
CASSIHPGYNTGELFF	QELYSPIFL
CASSLGTGSSPLHF	QELYSPIFL
CSATVNTEAFF	QELYSPIFL
CASSSTGGNTEAFF	QELYSPIFL
CASSQWTGFYEQYF	QELYSPIFL
CSVGSSETYEQYF	QELYSPIFL
CSVEVAYEQYF	QELYSPIFL
CASSVGGLREGLYEQYF	QELYSPIFL
CASSYSGGQETQYF	QELYSPIFL
CASSLGLAGVYEQFF	QELYSPIFL
CASSYLAGPGELFF	QELYSPIFL
CASSSGTDHYGYTF	QELYSPIFL
CSVGQGTAYEQYF	QELYSPIFL
CASSQDGTDLADTQYF	QELYSPIFL
CASSFTGASYEQYF	QELYSPIFL
CASGLAGDYEQYF	QELYSPIFL
CASSSTSSPFSGMADTQYF	QELYSPIFL
CLVGTESSYEQYF	QELYSPIFL
CASKRVEGGGNQPQHF	QELYSPIFL
CASSRGSQPQHF	QELYSPIFL
CASSSPGQGKNEQFF	QELYSPIFL
CSVEWGSEAFF	QELYSPIFL
CASRWLAGFQETQYF	QELYSPIFL
CASSLTFGQGQPQHF	QELYSPIFL
CASSQDRLGGDTQYF	QELYSPIFL
CASSFGGNSPLHF	QELYSPIFL
CASSQTGHILTDTQYF	QELYSPIFL
CASSLSIQNEQYF	QELYSPIFL
CASSPPGTGNEKLFF	QELYSPIFL
CSVEPGGSSYNEQFF	QELYSPIFL
CASSVGKGSTDTQYF	QELYSPIFL
CASSYFPVHSNQPQHF	QELYSPIFL
CASSLVRDGEKLFF	QELYSPIFL
CASSFPGQETDTQYF	QELYSPIFL
CASSQDIGPGNTIYF	QELYSPIFL
CSVQYGGSYEQYF	QELYSPIFL
CASSQLAGGSGNEQFF	QELYSPIFL
CASSFRGEETQYF	QELYSPIFL
CASSLRQGLETQYF	QELYSPIFL
CASSLPDHSYEQYF	QELYSPIFL
CASSYGTGYTEAFF	QELYSPIFL
CASSLSSVTEQYF	QELYSPIFL
CASSLPQVVKNIQYF	QELYSPIFL
CASSIAGAADTQYF	QELYSPIFL
CASSAGQAYYEQYF	QELYSPIFL
CASSLADGSTDTQYF	QELYSPIFL
CASSIFRQDTGELFF	QELYSPIFL
CASSFPTGPTEAFF	QELYSPIFL
CASSLDEKLFF	QELYSPIFL
CASGLGVSREDNEQFF	QELYSPIFL
CATTTRGTGNQPQHF	QELYSPIFL
CASSSLAGAYEQYF	QELYSPIFL
CAEGSSYNEQFF	QELYSPIFL
CASSLWDRVNEKLFF	QELYSPIFL
CSVEDPSAGNTIYF	QELYSPIFL
CSVEGGSSYEQYF	QELYSPIFL
CSASPGQGLGAYEQYF	QELYSPIFL
CSVEWQGGDYGYTF	QELYSPIFL
CASSLSLAGVYEQYF	QELYSPIFL
CASSYSSGYEQYF	QELYSPIFL
CASSLNRGMTEAFF	QELYSPIFL
CASSVQLYNEQFF	QELYSPIFL
CASSLVGPGDEQFF	QELYSPIFL
CASSLYPSSYNSPLHF	QELYSPIFL
CASHVGGGYNEQFF	QELYSPIFL
CASSPSELTDTQYF	QELYSPIFL
CASSLPQATYNEQFF	QELYSPIFL
CASSTTGGADGYTF	QELYSPIFL
CASSEGPLSYNEQFF	QELYSPIFL
CSAFTGGYNEQFF	QELYSPIFL
CASRPLADRTDTQYF	QELYSPIFL
CASSAWTGGTEAFF	QELYSPIFL
CASSHLAGGPSSEQFF	QELYSPIFL
CASSFWVSVGAGAKGTYNSPLHF	QELYSPIFL
CSVARTGFYEQYF	QELYSPIFL
CASSQPLRGGPLGEQYF	QELYSPIFL
CASSESGGEDRRAYEQYF	QELYSPIFL
CASSLAGGTTEAFF	QELYSPIFL
CNPFRGDYNEQFF	QELYSPIFL
CASSGGTDLTIYF	QELYSPIFL
CASSLAYEETQYF	QELYSPIFL
CASSLVQGASQPQHF	QELYSPIFL
CASSQDLAGGRETQYF	QELYSPIFL
CASSLASGYEQYF	QELYSPIFL
CASSCTGQGDEKLFF	QELYSPIFL
CASSLSLAGYNEQFF	QELYSPIFL
CATTRGHYTDTQYF	QELYSPIFL
CASSLGRTNTGELFF	QELYSPIFL
CASSEAGQESTDTQYF	QELYSPIFL
CASSEGIAGPYEQYF	QELYSPIFL
CASSFVPRYLGSNQPQHF	QELYSPIFL
CASSFLPYTDGYTF	QELYSPIFL
CASSPDTGPGNTIYF	QELYSPIFL
CASGYIQGGEQYF	QELYSPIFL
CASSHPGQGLETQYF	QELYSPIFL
CASSLDRSGGSTDTQYF	QELYSPIFL
CSARDTQLITNTGELFF	QELYSPIFL
CASSLEVYTEAFF	QELYSPIFL
CASSYSLGYEQFF	QELYSPIFL
CASSYGPSYEQYF	QELYSPIFL
CSVGGQGGYEQYF	QELYSPIFL
CASSFLGGPSDTQYF	QELYSPIFL
CASSQSTGGLDYGYTF	QELYSPIFL
CSVENRTVRTDTQYF	QELYSPIFL
CASSLVLAGEHEQFF	QELYSPIFL
CASSLSGVEARHF	QELYSPIFL
CASSGGEGDRGSDTQYF	QELYSPIFL
CASSQETSGGAWNIQYF	QELYSPIFL
CSGHRRYTEAFF	QELYSPIFL
CASSLAGVLYEQYF	QELYSPIFL
CASSIGAGVTEAFF	QELYSPIFL
CSVEGVGPVLGYTF	QELYSPIFL
CASTVGDRAYNEQFF	QELYSPIFL
CASSYHTGSGVLTGELFF	QELYSPIFL
CASSQGYCVGTGTCEQFF	QELYSPIFL
CASSVAYWGGPDNEQFF	QELYSPIFL
CASTPAGETQYF	QELYSPIFL
CASSPSGGNTEAFF	QELYSPIFL
CASSRDRYSNQPQHF	QELYSPIFL
CASSLGQGSYNEQFF	QELYSPIFL
CASSQARTDNQPQHF	QELYSPIFL
CASSIAGPYEQYF	QELYSPIFL
CASSKGQVPYNEQFF	QELYSPIFL
CASSTAGHNYGYTF	QELYSPIFL
CSVEQAGEGYTF	QELYSPIFL
CASSLLEQFF	QELYSPIFL
CASSLLGQSNYGYTF	QELYSPIFL
CASSEGLAGAYEQYF	QELYSPIFL
CASSRSTGPLGTEAFF	QELYSPIFL
CARTLGCGSRNIQYF	QELYSPIFL
CASSQAGQGPDNEKLFF	QELYSPIFL
CASSLQGALSLAFF	QELYSPIFL
CASSPFTGDTGELFF	QELYSPIFL
CASSLSHLGTDTQYF	QELYSPIFL
CSVEDGTRGYTF	QELYSPIFL
CASSQESREAYNSPLHF	QELYSPIFL
CASSLAGGGTDTQYF	QELYSPIFL
CASTMTGGRTEAFF	QELYSPIFL
CASSLIGPGAVETQYF	QELYSPIFL
CASSYSSGQFNYGYTF	QELYSPIFL
CASSEWGQGAHRETQYF	QELYSPIFL
CASSLGGGELFF	QELYSPIFL
CASSSIAGGPYEQYF	QELYSPIFL
CASSLGVGLYEQYF	QELYSPIFL
CASSLALAGNNEQFF	QELYSPIFL
CASSEAEGSEQYF	QELYSPIFL
CASSVAGTPSETQYF	QELYSPIFL
CASSFPQAGGGKNEQFF	QELYSPIFL
CASSQDLGQGYEQYF	QELYSPIFL
CASSELGPRGNTEAFF	QELYSPIFL
CASSSPGQGNEKLFF	QELYSPIFL
CASSVGYGGAWDEQFF	QELYSPIFL
CASSLGQGWTGELFF	QELYSPIFL
CASSLGLAGTGELFF	QELYSPIFL
CASSILPLTGSNQPQHF	QELYSPIFL
CASSQEGHRGVIGELFF	QELYSPIFL
CASSYSSPGYEQYF	QELYSPIFL
CSASKNTEAFF	QELYSPIFL
CSVDGTSGGSTDTQYF	QELYSPIFL
CATSRERRVSYEQYF	QELYSPIFL
CASTGYNEQFF	QELYSPIFL
CASSLFGLAVETGELFF	QELYSPIFL
CASSLEGGGLYYEQYF	QELYSPIFL
CASSLGQGYSPLHF	QELYSPIFL
CASSYGPSYEQYF	QELYSPIFL
CASSFSGQGGQPQHF	QELYSPIFL
CASSLPRARGNEQFF	QELYSPIFL
CASSLPLATYNEQFF	QELYSPIFL
CASSGQGRTDTQYF	QELYSPIFL
CASMSSGELFF	QELYSPIFL
CASSPEGVGSYNEQFF	QELYSPIFL
CASSLPLTSPPGGGLYEQYF	QELYSPIFL
CASSLTGEEQYF	QELYSPIFL
CSVGSGGGYEQYF	QELYSPIFL
CASSQSGTGSYNEQFF	QELYSPIFL
CASSHGFGPSAEYF	QELYSPIFL
CASSLGETYSYEQYF	QELYSPIFL
CASPLWWEQYF	QELYSPIFL
CASSFVQGNTGELFF	QELYSPIFL
CASSLTEGVGAEQFF	QELYSPIFL
CASSLAPALGANTGELFF	QELYSPIFL
CASSLYSNQPQHF	QELYSPIFL
CASSSHPASGDSNIQYF	QELYSPIFL
CASSLDADRVRGNSNQPQHF	QELYSPIFL
CSVGGPSTDTQYF	QELYSPIFL
CASSLNNFYNEQFF	QELYSPIFL
CASSLSTGGFYSPLHF	QELYSPIFL
CASSDPRSSEGYEQYF	QELYSPIFL
CASSLGYASYNEQFF	QELYSPIFL
CASSYRDRMEMDPEAFF	QELYSPIFL
CASRGTGGIYEQYF	QELYSPIFL
CASSLAASGAVDTQYF	QELYSPIFL
CASIRTANEQFF	QELYSPIFL
CASSAGPRNEQFF	QELYSPIFL
RASSSPTYQPQHF	QELYSPIFL
CASSYSGSYEQYF	QELYSPIFL
CASSSPGTGFNEQFF	QELYSPIFL
CASSSIGQGPTGELFF	QELYSPIFL
CASSLGLAGVYEQYF	QELYSPIFL
CASSYSWGTYEQYF	QELYSPIFL
CASSPLGTDLGNEQFF	QELYSPIFL
CASSYSISYEQYF	QELYSPIFL
CASSLELAGTGELFF	QELYSPIFL
CASSLAPGAEAFF	QELYSPIFL
CASSQDRSLAGEWYEQYF	QELYSPIFL
CASSLGTGGPDTQYF	QELYSPIFL
CASSLLPQYESTDTQYF	QELYSPIFL
CASSLSGNTEAFF	QELYSPIFL
CSVDVTGTETQYF	QELYSPIFL
CASSPQHGELFF	QELYSPIFL
CASSVVPGSYEQYF	QELYSPIFL
CASSLGDSNTEAFF	QELYSPIFL
CASSQDINSGNTIYF	QELYSPIFL
CSALVAGPTLGEQYF	QELYSPIFL
CASRSPGTGLQPQHF	QELYSPIFL
CASSSLAGHYNEQFF	QELYSPIFL
CASSANRAQETQYF	QELYSPIFL
CASSLRYQETQYF	QELYSPIFL
CASSPLGSGRAHTGELFF	QELYSPIFL
CASSFLAGGVDGQYF	QELYSPIFL
CSVEASDYEQYF	QELYSPIFL
CASSLDGGYEQYF	QELYSPIFL
CSVEGRGTGRTYEQYF	QELYSPIFL
CASSSLPGTSGSRWDEQYF	QELYSPIFL
CASSYSMGAPYEQYF	QELYSPIFL
CASSTSGVGNTEAFF	QELYSPIFL
CASSSGLGADTQYF	QELYSPIFL
CASSQDLVNEQYF	QELYSPIFL
CASSQVGTGDYGYTF	QELYSPIFL
CASSGDNPGNTIYF	QELYSPIFL
CASSSPGTGDNEQFF	QELYSPIFL
CASSLSGEHTQYF	QELYSPIFL
CASSPISGLGELFF	QELYSPIFL
CASSPLTGPEKLFF	QELYSPIFL
CSASGGGGYEQYF	QELYSPIFL
CASSSGLAGPMGTGELFF	QELYSPIFL
CASSQEALADSGANVLTF	QELYSPIFL
CASSYVGTSYNEQFF	QELYSPIFL
CASSSGTVTYNEQFF	QELYSPIFL
CASSLSGTGPYEQYF	QELYSPIFL
CASTGYNEQFF	QELYSPIFL
CASSLSPGGFYNEQFF	QELYSPIFL
CASKVLGSRTDTQYF	QELYSPIFL
CASSLSPGAGAGSDTQYF	QELYSPIFL
CASSLSQGQTYEQYF	QELYSPIFL
CSALTTGAPRGEQFF	QELYSPIFL
CASRTPGQGQETQYF	QELYSPIFL
CSVEEGTEAFF	QELYSPIFL
CASTSGLAGDLSYNEQFF	QELYSPIFL
CSARSRRSGETQYF	QELYSPIFL
CASRQGPNSYEQYF	QELYSPIFL
CASSTWTGGSYEQYF	QELYSPIFL
CASSLGGGGYEQYF	QELYSPIFL
CASSLDLGNTIYF	QELYSPIFL
CASSLWTGGFNEQFF	QELYSPIFL
CASSQDAGSGNTIYF	QELYSPIFL
CASSGSGLEQYV	QELYSPIFL
CASSYSTGYEQYF	QELYSPIFL
CASSENPGRRTYEQYF	QELYSPIFL
CATRNYDRGETQYF	QELYSPIFL
CASSFMGGNTEAFF	QELYSPIFL
CASSGTGVSYEQYF	QELYSPIFL
CASSWDLQAQHF	QELYSPIFL
CASSQDIGTGGNNEQFF	QELYSPIFL
CASSLIWGRAGNEQFF	QELYSPIFL
CASSPTPREEQYF	QELYSPIFL
CASSQAAVQETQYF	QELYSPIFL
CASRQGGTGTEAFF	QELYSPIFL
CASSQGGGTGVTYEQYF	QELYSPIFL
CASSQKGSGTTYEQYF	QELYSPIFL
CASSIHPTLGGSGETQYF	QELYSPIFL
CASSLPGTRPMDEQFF	QELYSPIFL
CASSLLEGQAWTDTQYF	QELYSPIFL
CASSLTGGYNEQFF	QELYSPIFL
CASSQVGTGFNQPQHF	QELYSPIFL
CSVHVRLDEQFF	QELYSPIFL
CASSVLAGGPGYEQYF	QELYSPIFL
CSVRIGNTEAFF	QELYSPIFL
CASSNEDRGHQPQHF	QELYSPIFL
CASSLGLAGVYEQYF	QELYSPIFL
CASSLPHATENIQYF	QELYSPIFL
CSVEGGFNYGYTF	QELYSPIFL
CASSYTGGAYEQYF	QELYSPIFL
CASKLLGSYEQYF	QELYSPIFL
CASSPPRSGELFF	QELYSPIFL
CASSPWTGWINQPQHF	QELYSPIFL
CASRNYQGEQYF	QELYSPIFL
CSVEGGQGLTDTQYF	QELYSPIFL
CASSPEGTSGLTDTQYF	QELYSPIFL
CASSLVSGEGTQYF	QELYSPIFL
CASSGLGLAGGSNNEQFF	QELYSPIFL
CASSFPTAVYNEQFF	QELYSPIFL
CASTPLGSPMNTEAFF	QELYSPIFL
CASSSPGTNHNEQFF	QELYSPIFL
CASSLSLAGYNEQFF	QELYSPIFL
CASRRQGDTGELFF	QELYSPIFL
CASSNLNPLGLTGELFF	QELYSPIFL
CASSLAPKWADSYNEQFF	QELYSPIFL
CASSQEPSGVYEQYF	QELYSPIFL
CASSLGLAGSYEQYF	QELYSPIFL
CASSPGGGVFEAFF	QELYSPIFL
CASSEAGGSYYEQYF	QELYSPIFL
CASSQMGLAGISEQFF	QELYSPIFL
CASSLVGPGDEQFF	QELYSPIFL
CASSPSPGMETQYF	QELYSPIFL
CASSFSPGKGELLTNEKLFF	QELYSPIFL
CASSDSWLGNTEAFF	QELYSPIFL
CASSLWGGRYEQYF	QELYSPIFL
CASTTIGQGIAKNIQYF	QELYSPIFL
CASTPPEQDLYNEQFF	QELYSPIFL
CASSPTEGVEAFF	QELYSPIFL
CASSQDIGLAYEQYF	QELYSPIFL
CASSLPAASYNEQFF	QELYSPIFL
CASSVLDRGLSGNTIYF	QELYSPIFL
CASSFGGQGRYSNQPQHF	QELYSPIFL
CASSSERYQETQYF	QELYSPIFL
CASSWIGLAGNEQFF	QELYSPIFL
CSVEWGNYGYTF	QELYSPIFL
CASSGQGFNQPQHF	QELYSPIFL
CASTQPGTGVWDTDTQYF	QELYSPIFL
CASSLGSGGDTEAFF	QELYSPIFL
CASSLSSHEQYF	QELYSPIFL
CASSQDRTLLDRGLGSYEQYF	QELYSPIFL
CAWSVGFSGYNEQFF	QELYSPIFL
CASSVQGGMNEQYF	QELYSPIFL
CASSRPRQGSTDTQYF	QELYSPIFL
CASRSPSGRRGEQFF	QELYSPIFL
CSANGMASEAFF	QELYSPIFL
CSVDGLAGAGVETQYF	QELYSPIFL
CASSQIGLAASYEQYF	QELYSPIFL
CASSGFGTSGPPNTGELFF	QELYSPIFL
CSVPGGSSYNEQFF	QELYSPIFL
CASSLAGYLYEQYF	QELYSPIFL
CASRPDLAGATDTQYF	QELYSPIFL
CASSSSRDRATNEKLFF	QELYSPIFL
CASSGDSYEQYF	QELYSPIFL
CASSPRTSGGCYEQYF	QELYSPIFL
CATSDPGGAETDTQYF	QELYSPIFL
CASIGLAGGNEQFF	QELYSPIFL
CASSLSGQGYNQPQHF	QELYSPIFL
CASSQEGSPGETQYF	QELYSPIFL
CASSKVGTSLGETQYF	QELYSPIFL
CASRKGSGVEAFF	QELYSPIFL
CASSSVTGAYEQYF	QELYSPIFL
CASSSSGTAFTPLHF	QELYSPIFL
CASSLSSPFYNEQFF	QELYSPIFL
CASSEQPRNTEAFF	QELYSPIFL
CARNRPGQHYNEQFF	QELYSPIFL
CASSLVPTDTQYF	QELYSPIFL
CASRRVAGDTLYNEQFF	QELYSPIFL
CASRTGDYPSYEQYF	QELYSPIFL
CASSPKLTGLTPVETQYF	QELYSPIFL
CASSLSSSYNEQFF	QELYSPIFL
CASSLDRGWSNQPQHF	QELYSPIFL
CASRGLSILPGWSDTQYF	QELYSPIFL
CASSQEWTSGSDTQYF	QELYSPIFL
CASSSELAYNEQFF	QELYSPIFL
CSVAGGSSYEQYF	QELYSPIFL
CASSSQAPQSTDTQYF	QELYSPIFL
CASDSGLPWDEQFF	QELYSPIFL
CASSLFSGTGPGELFF	QELYSPIFL
CASSEPVGGLTYNEQFF	QELYSPIFL
CASRAPQGIGSYEQYF	QELYSPIFL
CASTRLGGANVLTF	QELYSPIFL
CASSYRSRTEAFF	QELYSPIFL
CASSPGLSLSYGYTF	QELYSPIFL
CASSPTTAGFTNNEQFF	QELYSPIFL
CASSHRGAGGDTEAFF	QELYSPIFL
CASSFLSGSYNEQFF	QELYSPIFL
CASSLGDRGYNEQFF	QELYSPIFL
CASRNLGGYNEQFF	QELYSPIFL
CASSLELAGGTNYNEQFF	QELYSPIFL
CASSLAWLASDNEQFF	QELYSPIFL
CASSLGQTGQETQYF	QELYSPIFL
CASGSGIPAGVGETQYF	QELYSPIFL
CASSLNTPLEAFF	QELYSPIFL
CASSLSSGVPYEQYF	QELYSPIFL
CATSRVGELLGETQYF	QELYSPIFL
CASSFAGQYYEQYF	QELYSPIFL
CASSLQGDETQYF	QELYSPIFL
CASSQVLESYEQYF	QELYSPIFL
CASSLPLAVNNEQFF	QELYSPIFL
CASSSPGTGYYEQYF	QELYSPIFL
CASSLQGFGNTIYF	QELYSPIFL
CTSSQVFLAGGQETQYF	QELYSPIFL
CASSSRDSLISADTQYF	QELYSPIFL
CASSPPLGGTQPWEETQYF	QELYSPIFL
CRATDMNTEAFF	QELYSPIFL
CASSPLLAGALDTQYF	QELYSPIFL
CASSQDQITEAFF	QELYSPIFL
CASRTPGLAEYEQYF	QELYSPIFL
CASRLGLAGGPATQYF	QELYSPIFL
CSARGQGYNGYTF	QELYSPIFL
CSVEDGTRGQYF	QELYSPIFL
CASIPRVGGYETQYF	QELYSPIFL
CASSLGGDNYGYTF	QELYSPIFL
CASSLTTGFGTDTQYF	QELYSPIFL
CSIPGQGYEQYF	QELYSPIFL
CASGLAGDYEQYF	QELYSPIFL
CSVETAGYTF	QELYSPIFL
CASSFGPILYNEQFF	QELYSPIFL
CSVEEGTEAFF	QELYSPIFL
CASSLPLAAYNEQFF	QELYSPIFL
CASSQTGLAGSYEQYF	QELYSPIFL
CASSLWLAGVYNEQFF	QELYSPIFL
CASSLLWASGYNEQFF	QELYSPIFL
CASSVAVHNEQFF	QELYSPIFL
CASRPENTGELFF	QELYSPIFL
CASSLTLNNEQFF	QELYSPIFL
CASRVWGTGGEDTEAFF	QELYSPIFL
CASSLLGGGGFHEQYF	QELYSPIFL
CASSFIAGVNEQYF	QELYSPIFL
CASSFGTGHTEAFF	QELYSPIFL
CASSLEEGALLGYTF	QELYSPIFL
CASSLGGYEQYF	QELYSPIFL
CASSFQGNSGNTIYF	QELYSPIFL
CSAGRQGLAGLRGNEQFF	QELYSPIFL
CSARTGTGGQILDLYEQYF	QELYSPIFL
CASGPPYTGELFF	QELYSPIFL
CASSQSGEGYNEQFF	QELYSPIFL
CASMTRETEAFF	QELYSPIFL
CSMAGTSAYNEQFF	QELYSPIFL
CASSLVRAGGTTYEQYF	QELYSPIFL
CASSPNSYEQYF	QELYSPIFL
CASSWGLAGADTQYF	QELYSPIFL
CASSLHRDYEQYF	QELYSPIFL
CASSLPSGLAGDEQYF	QELYSPIFL
CASSRASGGVDTGELFF	QELYSPIFL
CASGPDSSSYNEQFF	QELYSPIFL
CASSLQVVNTEAFF	QELYSPIFL
CASSQTSVQGAFNYEQYF	QELYSPIFL
CASSSGGGMQPQHF	QELYSPIFL
CASSQESSGDYEQYF	QELYSPIFL
CASSLASYEQFF	QELYSPIFL
CSVEETGIHEQYF	QELYSPIFL
CASSLAVGAGELFF	QELYSPIFL
CASSSPGTGGYEQYF	QELYSPIFL
CSVEEGGLLGYTF	QELYSPIFL
CASSFVSGGTEQYF	QELYSPIFL
CASSLEEGARIEAFF	QELYSPIFL
CASSTGLAGGNNEQFF	QELYSPIFL
CASSLSDGGTDTQYF	QELYSPIFL
CASSQWGPSYTGELFF	QELYSPIFL
CASRQGFDQPQHF	QELYSPIFL
CASSYRAPAYNEQFF	QELYSPIFL
CASSEYPGGGDQPQHF	QELYSPIFL
CASSEGASGAIYEQYF	QELYSPIFL
CASSLDPGLAYEQYF	QELYSPIFL
CATGDTSYNEQFF	QELYSPIFL
CASRTPGQGNEKLFF	QELYSPIFL
CASSLVPGDEQYF	QELYSPIFL
CASSQLAGFYNEQFF	QELYSPIFL
CASRSQMGIGGYTF	QELYSPIFL
CASSIDSYEQYF	QELYSPIFL
CASSKKEMGNRGNTIYF	QELYSPIFL
CASSQEGQGRNEQFF	QELYSPIFL
CASSRTSGPIGNIQYF	QELYSPIFL
CASSLTTGTDTQYF	QELYSPIFL
CASSQDIGTGYEQYF	QELYSPIFL
CASSSDRMGANQPQHF	QELYSPIFL
CASSDGGSPLHF	QELYSPIFL
CASSLAVGGYEQYF	QELYSPIFL
CAPWTGTDTQYF	QELYSPIFL
CASSLVVGNTGELFF	QELYSPIFL
CASSLPIAGGNEQYF	QELYSPIFL
CSVDGREGHNNEQFF	QELYSPIFL
CASSIGMNTEAFF	QELYSPIFL
CASSQEMVASTGYNEQFF	QELYSPIFL
CASSHQLGTSGNNEQFF	QELYSPIFL
CASSQDGTDYTDTQYF	QELYSPIFL
CASSLDSNSGNTIYF	QELYSPIFL
CASSLGRLVGERNEQFF	QELYSPIFL
CATRTGAEAFF	QELYSPIFL
CASNARTGYQETQYF	QELYSPIFL
CASSLLAGGPREQFF	QELYSPIFL
CASSARLAGGHRNEQFF	QELYSPIFL
CASSLPLASGNEQFF	QELYSPIFL
CASSQDLANEQFF	QELYSPIFL
CASSSPIESGVSYEQYF	QELYSPIFL
CASSIQGANEQFF	QELYSPIFL
CAIFEGDTRGYGYTF	QELYSPIFL
CASSSLGLAGYNEQFF	QELYSPIFL
CASSFALSETQYF	QELYSPIFL
CSANKGTSSPSEQYF	QELYSPIFL
CASSLQLEAFF	QELYSPIFL
CASSLATSNEQFF	QELYSPIFL
CASSLMGSGEQYF	QELYSPIFL
CASSYPRLAENIQYF	QELYSPIFL
CASSGLAGIHPGELFF	QELYSPIFL
CASSPTQTKDVHPYEQYF	QELYSPIFL
CASTAAGGFGIQETQYF	QELYSPIFL
CSVEEGPYGYTF	QELYSPIFL
CAVLGSEFETQYF	QELYSPIFL
CASLDPVREQFF	QELYSPIFL
CSVEVGYEQYF	QELYSPIFL
CASSQDLAGGKETQYF	QELYSPIFL
CASSTSGFYNEQFF	QELYSPIFL
CASSIQGREQFF	QELYSPIFL
CASSVGQPNTGELFF	QELYSPIFL
CASSLAVVLAGGPRNEQFF	QELYSPIFL
CASSLGRLFSNQPQHF	QELYSPIFL
CASSLSLTQRETQYF	QELYSPIFL
CASSQDAGPGNTIYF	QELYSPIFL
CASSPEQGGLETQYF	QELYSPIFL
CASSESGGLAGSNTGELFF	QELYSPIFL
CASAGEDPYEQYF	QELYSPIFL
CASTSGQGVEQYF	QELYSPIFL
CASRRILAGVFDTGELFF	QELYSPIFL
CASSLFGLAGGNEQFF	QELYSPIFL
CASSQDTGFGNTIYF	QELYSPIFL
CSVLQETQYF	QELYSPIFL
CASSLSLDTSYEQYF	QELYSPIFL
CSAGASYEQYF	QELYSPIFL
CASSAQPIFFGDEQFF	QELYSPIFL
CASSPPHSTGGPVGSSYNEQFF	QELYSPIFL
CASSLELALDYNEQFF	QELYSPIFL
CASSTRPGQTYEQYF	QELYSPIFL
CASSYSGTGGTEAFF	QELYSPIFL
CASRSPGTAVDEQYF	QELYSPIFL
CASSLGTGGGGELFF	QELYSPIFL
CASSKVPSGRGFF	QELYSPIFL
CASSLSGGGNYGYTF	QELYSPIFL
CASSFYGIGYNEQFF	QELYSPIFL
CASSAGGSKNIQYF	QELYSPIFL
CASSLTGTGDIGAFF	QELYSPIFL
CASSLYPGTGSPSGNTIYF	QELYSPIFL
CASSNWGDETAEAFF	QELYSPIFL
CASSLTGTPGNTIYF	QELYSPIFL
CASSFIAGVYNEQFF	QELYSPIFL
CASSQEGNRGNYEQYF	QELYSPIFL
CSVEGQGPVLGYTF	QELYSPIFL
CASSVATGGYEQYF	QELYSPIFL
CSATLDSPLTDTQYF	QELYSPIFL
CSVGLNTEAFF	QELYSPIFL
CASSQNEAQLGNTIYF	QELYSPIFL
CASSQGVGGLTYEQYF	QELYSPIFL
CASSYSITYEQYF	QELYSPIFL
CSVDFPYGTAFF	QELYSPIFL
CASRNPESSYNEQFF	QELYSPIFL
CASSQEGVFPEQFF	QELYSPIFL
CASSQDVGSGNTIYF	QELYSPIFL
CSMEGGSTDTQYF	QELYSPIFL
CASSYRVPNTGELFF	QELYSPIFL
CASSLGLAGSYEQYF	QELYSPIFL
CSAPQLSYNEQFF	QELYSPIFL
CASSLAWGLKHNEQFF	QELYSPIFL
CGVSGGDSYEQYF	QELYSPIFL
CASSLLQYMGLNEQFF	QELYSPIFL
CASSPTGIRGEKLFF	QELYSPIFL
CASSLAGAGTGELFF	QELYSPIFL
CATSRDRESSYNSPLHF	QELYSPIFL
CASSYYMNTEAFF	QELYSPIFL
CASSVPGQGGNTEAFF	QELYSPIFL
CASSLFAQGYEQYF	QELYSPIFL
CASSLTDTGELFF	QELYSPIFL
CASSETLMNTEAFF	QELYSPIFL
CASSLGLAGVWEQYF	QELYSPIFL
CASSYSMGETQYF	QELYSPIFL
CSVDILEGAVEAFF	QELYSPIFL
CASSLSGLEAVANQPQHF	QELYSPIFL
