CDR3	AA
CASSRGRNYGYTF	CELYHYQECV
CASSQESPTSGRANEQFF	CELYHYQECV
CASSLLGHGPYEQYF	CELYHYQECV
CASSPDRVSHEQYF	CELYHYQECV
CSARPETGEGTGELFF	CELYHYQECV
CASSAGGLGYEQYF	CELYHYQECV
CASSQADAGELFF	CELYHYQECV
CASSLHPSNQPQHF	CELYHYQECV
CASSRGGSSYEQYF	CELYHYQECV
CASSQRLNHEQFF	CELYHYQECV
CATTIAGGYYEQYF	CELYHYQECV
CASSQGQLSANYGYTF	CELYHYQECV
CASSLGTDYEQYF	CELYHYQECV
CASSQGFSGGAAKNIQYF	CELYHYQECV
CASSPDHSYEQYF	CELYHYQECV
CASSQGGSMNTEAFF	CELYHYQECV
CASSYRGPGLAATDTQYF	CELYHYQECV
CASSRRGLNTEAFF	CELYHYQECV
CASSSAVGLAGVWGEQFF	CELYHYQECV
CASSLTGVHEQYF	CELYHYQECV
CASSPNPGLAGTDTQYF	CELYHYQECV
CASSLSTGSAGELFF	CELYHYQECV
CSARDLAGDNYEQYF	CELYHYQECV
CASSPGGANGYTF	CELYHYQECV
CASSTHVTGTDGYTF	CELYHYQECV
CSAVTRSGDYEQYF	CELYHYQECV
CASTTGRGLNTGELFF	CELYHYQECV
CSARRREKAGELFF	CELYHYQECV
CASSLSGTGYTEAFF	CELYHYQECV
CASSFGQGYEQYF	CELYHYQECV
CASRIGTTQHF	CELYHYQECV
CASSQVTGAEAFF	CELYHYQECV
CSARGGTGANTGELFF	CELYHYQECV
CASSLGSYEQYF	CELYHYQECV
CASSLQGGHQPQHF	CELYHYQECV
CASSLQGHYGYTF	CELYHYQECV
CASSFSGANTGELFF	CELYHYQECV
CASGLQGSYGYTF	CELYHYQECV
CASSLGGTGTYEQYF	CELYHYQECV
CASSLTGIAYEQYF	CELYHYQECV
CASRVRQPSGSYNEQFF	CELYHYQECV
CASSQDRSGTYGYTF	CELYHYQECV
CASSLSGSNQPQHF	CELYHYQECV
CASSQGLAGGPAGELFF	CELYHYQECV
CASSRNLGDEKLFF	CELYHYQECV
CASSQGSVSDGYTF	CELYHYQECV
CASSAGTDYEQYF	CELYHYQECV
CASSLGGRGYEQYF	CELYHYQECV
CASSFGDSSYEQYF	CELYHYQECV
CASSLQGAYGYTF	CELYHYQECV
CSARDLAGEGTGELFF	CELYHYQECV
CASRPGFSSYNEQFF	CELYHYQECV
CASSLQGLAYEQYF	CELYHYQECV
CAWVNEQFF	CELYHYQECV
CASSFVSSYEQYF	CELYHYQECV
CASSQEGVLNEQYF	CELYHYQECV
CASSLQGSYGYTF	CELYHYQECV
CASSNLRENEQFF	CELYHYQECV
CASGPETGSYEQYF	CELYHYQECV
CASSQQSNYGYTF	CELYHYQECV
CSARGASSYNEQFF	CELYHYQECV
CASSPEGGLYEQYF	CELYHYQECV
CASSPLALSYEQYF	CELYHYQECV
CASSRNLGAGGHETSGSRDNEQFF	CELYHYQECV
CASASLAVYNEQFF	CELYHYQECV
CASSPERGPYGYTF	CELYHYQECV
CSARDLMGSSYEQYF	CELYHYQECV
CASSPEVGQYEQYF	CELYHYQECV
CASSLGGGSYGYTF	CELYHYQECV
CASSLYSGDYEQYF	CELYHYQECV
CASSVLSTDTQYF	CELYHYQECV
CASSPSTGLSNQPQHF	CELYHYQECV
CSARLAGANGELFF	CELYHYQECV
CASSLGGGSSYEQYF	CELYHYQECV
CSARDGDRGLAPTYNEQFF	CELYHYQECV
CASSLPNTEAFF	CELYHYQECV
CASSLTGIYEQYF	CELYHYQECV
CASSLSGGAGANVLTF	CELYHYQECV
CASRTGGLEQFF	CELYHYQECV
CASSSGGQSYEQYF	CELYHYQECV
CASSLWAPSSYEQYF	CELYHYQECV
CASSSSGTGYTEAFF	CELYHYQECV
CASSLQGTYEQYF	CELYHYQECV
CASSQNRGNYEQYF	CELYHYQECV
CASSHGQEGPEAFF	CELYHYQECV
CASSLAVSSYEQYF	CELYHYQECV
CAWSKGLYEQYF	CELYHYQECV
CASSLSGVYEQYF	CELYHYQECV
CASSQDHRNSYGYTF	CELYHYQECV
CASSLDLRGHPPDTQYF	CELYHYQECV
CASSLSGIYEQYF	CELYHYQECV
CASSQVQLAGASTDTQYF	CELYHYQECV
CASSFGRDYEQYF	CELYHYQECV
CASSLPGGTEAFF	CELYHYQECV
CASSLVSGGYNEQFF	CELYHYQECV
CASSLSGAGQPQHF	CELYHYQECV
CSARDRTQETQYF	CELYHYQECV
CATRLTGYYEQYF	CELYHYQECV
CASSTWDGQHLIVFRSTPDIQYF	CELYHYQECV
CASNPIRGGIAKNIQYF	CELYHYQECV
CASSLGTSGDNEQFF	CELYHYQECV
CASGLNGLYEQYF	CELYHYQECV
CASSLSGAYGYTF	CELYHYQECV
CASSPSGTGNTGELFF	CELYHYQECV
CASSTLPTSGGYEQYF	CELYHYQECV
CASSQGSTGGSGTQYF	CELYHYQECV
CASSLQGVGYGYTF	CELYHYQECV
CASSLTANYGYTF	CELYHYQECV
CSARGVGSSGANVLTF	CELYHYQECV
CASSFQGANYGYTF	CELYHYQECV
CASSLRLGRGEQYF	CELYHYQECV
CASRISSYEQYF	CELYHYQECV
CATRGVRDEQFF	CELYHYQECV
CASSLGTGGLLTGNTIYF	CELYHYQECV
CASSSGRRYQETQYF	CELYHYQECV
CASSPVGGALNTGELFF	CELYHYQECV
