CDR3	AA
CASSWRQDRETQYF	AELEGIQY
CASSAQGTGDRGYTF	AELEGIQY
CASSPGLRDEQFF	AELEGIQY
CASSLWTSGRGGTDTQYF	AELEGIQY
CASSFIASGRGGVYEQYF	AELEGIQY
CASSVQRGIGTDTQYF	AELEGIQY
CASSLDGLTRSSYNSPLHF	AELEGIQY
CASSASGGSNSPLHF	AELEGIQY
CASSRSTGDQETQYF	AELEGIQY
CASSFRDRGLGTEAFF	AELEGIQY
CASTPGLAGAYEQFF	AELEGIQY
CASNAGPGSWNEQFF	AELEGIQY
CASSEGVYEQYF	AELEGIQY
CASSPVLWEGLGEQYF	AELEGIQY
CASSWGPRDADTQYF	AELEGIQY
CAWSQGGSTEAFF	AELEGIQY
CASRLGGAANNEQFF	AELEGIQY
CASSQGGRLNTEAFF	AELEGIQY
CASSLFLAGVGNEQFF	AELEGIQY
CASSLTGGPGETQYF	AELEGIQY
CAWVPPQGSGFF	AELEGIQY
CASSYEVGGMDYGYTF	AELEGIQY
CASSLRGRLNTEAFF	AELEGIQY
CASSSWTSGRGGTDADTQYF	AELEGIQY
CASSFRTVSSYEQYF	AELEGIQY
CASSPWTSGNGGQETQYF	AELEGIQY
CASSHTRGVPEAFF	AELEGIQY
CAISESDSYNEQFF	AELEGIQY
CASSLLAWEGTDTQYF	AELEGIQY
CASSSGTGVYGYTF	AELEGIQY
CASSLREYRRETQYF	AELEGIQY
CATSEQGEQYF	AELEGIQY
CASSFRVAGDRGFGTQYF	AELEGIQY
CAISDLHSNYGYTF	AELEGIQY
CASSRTPRQDTDTQYF	AELEGIQY
CASSTIPLAGVPGSYNEQFF	AELEGIQY
CASSYSSGQWDEQFF	AELEGIQY
