CDR3	AA
CASSLRSNSYEQYF	KVPTDNYITTY
CASNFLGTPFTDTQYF	KVPTDNYITTY
CASSFVDYNEQFF	KVPTDNYITTY
CASSFVSYNEQFF	KVPTDNYITTY
CASSILLAGGPGDTQYF	KVPTDNYITTY
CASSLGHDKNIQYF	KVPTDNYITTY
CASSVASGETYEQYF	KVPTDNYITTY
CASSLMGGKIYGYTF	KVPTDNYITTY
CASNPGGGVETQYF	KVPTDNYITTY
CASSPPWDSYEQYF	KVPTDNYITTY
CASSLGQGAFTDTQYF	KVPTDNYITTY
CASGSYEQYF	KVPTDNYITTY
CASSRGTDSYEQYF	KVPTDNYITTY
CSVDSLNTGELFF	KVPTDNYITTY
CASSPAGQSYNEQFF	KVPTDNYITTY
CASSFGQGAFTDTQYF	KVPTDNYITTY
CASSLSPNLDGYTF	KVPTDNYITTY
CASSPENDEKLFF	KVPTDNYITTY
CASSLVAAAADTQYF	KVPTDNYITTY
CASSQTSLGEQFF	KVPTDNYITTY
CASSPNEGWTEAFF	KVPTDNYITTY
CASSFWTPRDGELFF	KVPTDNYITTY
CASSLTSQGTQYF	KVPTDNYITTY
CASSIVLADTQYF	KVPTDNYITTY
CASSQGGQGNYEQYF	KVPTDNYITTY
CASSLRSDSYEQYF	KVPTDNYITTY
CASSQNTLSYEQYF	KVPTDNYITTY
CASSITLAGLSSADTQYF	KVPTDNYITTY
CASSLRTDSYEQYF	KVPTDNYITTY
CASSRRTDSYEQYF	KVPTDNYITTY
CASSLHGGGETQYF	KVPTDNYITTY
CASSYGGSSYEQYF	KVPTDNYITTY
CASSQEGSGSPLHF	KVPTDNYITTY
CASSSLGRDSSYNEQFF	KVPTDNYITTY
CASGAGTDSYEQYF	KVPTDNYITTY
CASSLRTDSYEQYF	KVPTDNYITTY
CASSLKTDQYEQYF	KVPTDNYITTY
CASSRAGAPVDTQYF	KVPTDNYITTY
CASRPYNGIQHF	KVPTDNYITTY
CASSSGDFRKLFF	KVPTDNYITTY
CASSFHTNSYEQYF	KVPTDNYITTY
CASSFRTDSYEQYF	KVPTDNYITTY
CASSYLDSQETQYF	KVPTDNYITTY
CASSFRTDQYEQYF	KVPTDNYITTY
CASSNIYPEAFF	KVPTDNYITTY
CASSIDLTLLSRQFPTNEKLFF	KVPTDNYITTY
CASSYGQGSFTDTQYF	KVPTDNYITTY
CASSILLAGGPGDTQYF	KVPTDNYITTY
CASSFITDSYEQYF	KVPTDNYITTY
CASSQEGGRAYEQYF	KVPTDNYITTY
CASSQEGGRAYEQYF	KVPTDNYITTY
CASSHRTDTYEQYF	KVPTDNYITTY
CASSLHSDSYEQYF	KVPTDNYITTY
CASSLNSNSYEQYF	KVPTDNYITTY
CASSLGTDQETQYF	KVPTDNYITTY
CASSLGGTDTQYF	KVPTDNYITTY
CSALRQVQAYGYTF	KVPTDNYITTY
CASSTNRDRAPYEQYF	KVPTDNYITTY
CASSFRTDSYEQYF	KVPTDNYITTY
CASSLTKSYNEQFF	KVPTDNYITTY
CASSLKTDSYEQYF	KVPTDNYITTY
CASSLKSNSYEQYF	KVPTDNYITTY
CASSPGQGAWFDEQFF	KVPTDNYITTY
CASSITLAGGPGNEQFF	KVPTDNYITTY
CASSGQFYNQPQHF	KVPTDNYITTY
CASSEGLATFSYEQYV	KVPTDNYITTY
CASSFRQNSYEQYF	KVPTDNYITTY
CASSLERARTDTQYF	KVPTDNYITTY
CASSLDPGPSRAGYTF	KVPTDNYITTY
CASSLEGAREQYF	KVPTDNYITTY
CASSQEGGRAYEQYF	KVPTDNYITTY
CASSSEDRVGDTQYF	KVPTDNYITTY
CASSPGQGAFTDTQYF	KVPTDNYITTY
CASSFSAGGPRLNEQFF	KVPTDNYITTY
CASSLGQGAFTDTQYF	KVPTDNYITTY
CASSRRTDSYEQYF	KVPTDNYITTY
CASSADRDEQYF	KVPTDNYITTY
CAIQGEAYGYTF	KVPTDNYITTY
CASSQGGDLYQPQHF	KVPTDNYITTY
CASSLTDSPYEQYF	KVPTDNYITTY
CASSQDRGGNEQYF	KVPTDNYITTY
CASSLRSNSYEQYF	KVPTDNYITTY
CASSYPPGPNTEAFF	KVPTDNYITTY
CASSSTGGAETQYF	KVPTDNYITTY
CASRPQVGGETQYF	KVPTDNYITTY
CASSLHRDNYEQYF	KVPTDNYITTY
CASSYRTDSYEQYF	KVPTDNYITTY
CASSLERESSYNEQFF	KVPTDNYITTY
CASSESGQGWYNEQFF	KVPTDNYITTY
CASSFKTDSYEQYF	KVPTDNYITTY
CASSSILTDTQYF	KVPTDNYITTY
CASSPILAGTSGGEFSETQYF	KVPTDNYITTY
CASSLVGNQPQHF	KVPTDNYITTY
CASSLTSGGASYEQYF	KVPTDNYITTY
CASSKIGQVNTEAFF	KVPTDNYITTY
CASSSGQGAFTDTQYF	KVPTDNYITTY
CASGRTSNSYEQYF	KVPTDNYITTY
CASSVGGLGASSTDTQYF	KVPTDNYITTY
CASNFRTDSYEQYF	KVPTDNYITTY
CASSLRTDSYEQYF	KVPTDNYITTY
CASSQEGGRGYEQYF	KVPTDNYITTY
CASTLAGNQPQHF	KVPTDNYITTY
CASSLTAGGPTEQFF	KVPTDNYITTY
CASSHRTDSYEQYF	KVPTDNYITTY
CASSLRSNSYEQYF	KVPTDNYITTY
CASSDGADTQYF	KVPTDNYITTY
CASSLFQGEAYGYTF	KVPTDNYITTY
CASSGDSVRWQFF	KVPTDNYITTY
CASSYQTDSYEQYF	KVPTDNYITTY
CASSLGTDSYEQYF	KVPTDNYITTY
CASSLRTDSYEQYF	KVPTDNYITTY
CASSLEDIAQYF	KVPTDNYITTY
CASSILLSGGPSDTQYF	KVPTDNYITTY
CASSLTASLYEQYF	KVPTDNYITTY
CASSLTVAHRGPRNTEAFF	KVPTDNYITTY
CASSNGLGDEQYF	KVPTDNYITTY
CASSFRTDTYEQYF	KVPTDNYITTY
