CDR3	AA
CSARDIITGYEQYF	YEQYIKWPWY
CSVPGEEGLYEQYF	YEQYIKWPWY
CASSITPGVTGELFF	YEQYIKWPWY
CASSLTGPSSYEQYF	YEQYIKWPWY
RASSLVFGTNRWEQYF	YEQYIKWPWY
CSARDRDRAYEQYF	YEQYIKWPWY
CASSFPGLADYEQFF	YEQYIKWPWY
CASSHQGSNQPQHF	YEQYIKWPWY
CASSGGTHQPQHF	YEQYIKWPWY
CASSIEAGVLYEQYF	YEQYIKWPWY
CASSDNYEQYF	YEQYIKWPWY
CASSPQPSGANVLTF	YEQYIKWPWY
CASSYSASIGTYNEQFF	YEQYIKWPWY
CSARYPPLLAAEETQYF	YEQYIKWPWY
CASSQDRTGYGYTF	YEQYIKWPWY
CATSGRTGLAHTGELFF	YEQYIKWPWY
CASRGQGETEAFF	YEQYIKWPWY
CASSYVGVLYGYTF	YEQYIKWPWY
CASSIDLSGLAAYEQYF	YEQYIKWPWY
CASSLLGANTEAFF	YEQYIKWPWY
CASSDGETQYF	YEQYIKWPWY
CSAPGLAGLYEQYF	YEQYIKWPWY
CAWSGVAGFVNTGELFF	YEQYIKWPWY
CATSGRLTGGRNQPQHF	YEQYIKWPWY
CASSLLSNEQFF	YEQYIKWPWY
CASSPGGGSYEQYF	YEQYIKWPWY
CASSLTGELFF	YEQYIKWPWY
CASSGLGSYEQYF	YEQYIKWPWY
CSVVELTSEQYF	YEQYIKWPWY
CASSDRPEAFF	YEQYIKWPWY
CASSYGAATGELFF	YEQYIKWPWY
CASRTTGSLYEQYF	YEQYIKWPWY
CASSFNSADTQYF	YEQYIKWPWY
CASSFPGGTGELFF	YEQYIKWPWY
CASSDVGASTDTQYF	YEQYIKWPWY
CASTLDSSTDTQYF	YEQYIKWPWY
CASSPGLAGPFYNEQFF	YEQYIKWPWY
CASSLAVSPEAFF	YEQYIKWPWY
CASSYSTRGLSGELFF	YEQYIKWPWY
CASSYNSGHEQFF	YEQYIKWPWY
CSARDRDSAYEQYF	YEQYIKWPWY
CASSPNGRTNEKLFF	YEQYIKWPWY
CASTVPTGIEGGFQPQHF	YEQYIKWPWY
CASSQDSSAQYEQYF	YEQYIKWPWY
CASSLVVTPATGELFF	YEQYIKWPWY
CSVESSTGPYEQYF	YEQYIKWPWY
CASSIAAGPTDTQYF	YEQYIKWPWY
CASSLGAGSSYNEQFF	YEQYIKWPWY
CASSLLANEQFF	YEQYIKWPWY
CASSFPAGGGPETQYF	YEQYIKWPWY
CASSPRVLGETQYF	YEQYIKWPWY
CASSLSTGSTDTQYF	YEQYIKWPWY
CASSSSQGGYGYTF	YEQYIKWPWY
CASSMAGELFF	YEQYIKWPWY
CASSPYFGQGAGETQYF	YEQYIKWPWY
CASSSPGVGGYNEQFF	YEQYIKWPWY
CASSVDGAYNEQFF	YEQYIKWPWY
CASSTQGPSSYEQYF	YEQYIKWPWY
CASSQEGTDNSPLHF	YEQYIKWPWY
CASSQVPGRPGNTEAFF	YEQYIKWPWY
CASSQEIGGPYEQYF	YEQYIKWPWY
CSARGQGSNTGELFF	YEQYIKWPWY
CASSYAVAGANVLTF	YEQYIKWPWY
CATSVWDDNEQFF	YEQYIKWPWY
CASSISANTGELFF	YEQYIKWPWY
CASSMTSGRELETQYF	YEQYIKWPWY
CASSYTTSDLSHEQYF	YEQYIKWPWY
CSVGRYYNGEQFF	YEQYIKWPWY
CAWSAGGTYNEQFF	YEQYIKWPWY
CASSYPGGLAEAFF	YEQYIKWPWY
CSASLGPGYEQYF	YEQYIKWPWY
CSAWTGYGYTF	YEQYIKWPWY
CSASKTGSVDYGYTF	YEQYIKWPWY
CSATADRGDEQFF	YEQYIKWPWY
CASSQDQSSNEKLFF	YEQYIKWPWY
CASSITGAISNQPQHF	YEQYIKWPWY
CASTALGVAGEAGANVLTF	YEQYIKWPWY
CASSAGPSLGTEAFF	YEQYIKWPWY
CASSQELSSYEQYF	YEQYIKWPWY
CASSEDGLAGNEQFF	YEQYIKWPWY
CASSQELYSENTEAFF	YEQYIKWPWY
CSARLAVDYNEQFF	YEQYIKWPWY
CANAPRASGRARDTGELFF	YEQYIKWPWY
CASSHGTSGGGETQYF	YEQYIKWPWY
CSARGVGDLDYGYTF	YEQYIKWPWY
CSARDFELAAGELFF	YEQYIKWPWY
CSARDPGRAENIQYF	YEQYIKWPWY
CSARDQGRAYEQYF	YEQYIKWPWY
CASGSRGSNSPLHF	YEQYIKWPWY
CASSIAGTSNQPQHF	YEQYIKWPWY
CASSQADRPSYEQYF	YEQYIKWPWY
CASSLGQGQETQYF	YEQYIKWPWY
CASSLVGNEWTAESYEQYF	YEQYIKWPWY
CASSLGGAGTGELFF	YEQYIKWPWY
CATSEGPSGSEQYF	YEQYIKWPWY
CASSALGMGDQPQHF	YEQYIKWPWY
CASSGEAGGVTDTQYF	YEQYIKWPWY
CASTKDGGAKNIQYF	YEQYIKWPWY
CASSDERVRDTEAFF	YEQYIKWPWY
CASSISGSAYNEQFF	YEQYIKWPWY
CASSLGVLNTEAFF	YEQYIKWPWY
CSVEGEGTYEQYF	YEQYIKWPWY
CASSEAGAYEQYF	YEQYIKWPWY
CSARTSQASYEQYF	YEQYIKWPWY
CASSLGGYSYNEQFF	YEQYIKWPWY
CASSLYPDGYNEQFF	YEQYIKWPWY
CASSLAGGNEQFF	YEQYIKWPWY
CASSFLGPSETQYF	YEQYIKWPWY
CSARDIMSLYNEQFF	YEQYIKWPWY
CASSLAGRGTGELFF	YEQYIKWPWY
CASSTYTYEQYF	YEQYIKWPWY
CASSIRQGLSQETQYF	YEQYIKWPWY
CATSDWGDTNTDTQYF	YEQYIKWPWY
CASSWAGGATDTQYF	YEQYIKWPWY
CASSFGGGETQYF	YEQYIKWPWY
CSAWTSDPGTYEQYF	YEQYIKWPWY
CASSFVLSGREFNYGYTF	YEQYIKWPWY
CASSVWGDTDRQYF	YEQYIKWPWY
CASSPGERGDPTGETQYF	YEQYIKWPWY
CASSLGILPGPSTDTQYF	YEQYIKWPWY
CSVPGGRTDTQYF	YEQYIKWPWY
CASSASQEQFF	YEQYIKWPWY
CASSLFPLGAGSETQYF	YEQYIKWPWY
CSVEDPGLPMGEQYF	YEQYIKWPWY
CASSFPGTGELFF	YEQYIKWPWY
CASSYASLAGHNEQFF	YEQYIKWPWY
CASSWAGGVTDTQYF	YEQYIKWPWY
CASSYLLAGGPVQFF	YEQYIKWPWY
CSARDLATSYNEQFF	YEQYIKWPWY
CASRTLLGAYDTQYF	YEQYIKWPWY
CASSQGPGLAENNEQFF	YEQYIKWPWY
CASSDSYEQYF	YEQYIKWPWY
CASSFPGETQYF	YEQYIKWPWY
CASSAEGVGTYNEQFF	YEQYIKWPWY
CSASDYGDWQETQYF	YEQYIKWPWY
CSVHALIYEQYF	YEQYIKWPWY
CASTTQGAAYGYTF	YEQYIKWPWY
CSAPQTDNYYNEQFF	YEQYIKWPWY
CSARDQDRAYEQYF	YEQYIKWPWY
CASSLYFTSGAGETQYF	YEQYIKWPWY
CASSLGTSGRSSYNEQFF	YEQYIKWPWY
CASSEGLAGELYNEQFF	YEQYIKWPWY
CASSWGGYTEAFF	YEQYIKWPWY
CASSPWDISYEQYF	YEQYIKWPWY
CASSWGGRADDEQFF	YEQYIKWPWY
CSVVTGFEETQYF	YEQYIKWPWY
CSVEFYLSGGWTQYF	YEQYIKWPWY
CSARDLAGTAEHPNTQYF	YEQYIKWPWY
CASSLGLAGVGDTQYF	YEQYIKWPWY
CASSESPGVLYEQYF	YEQYIKWPWY
CASSYPLPPLNEQFF	YEQYIKWPWY
CAISVSPHAALRWDTQYF	YEQYIKWPWY
CASYGQGLALTDTQYF	YEQYIKWPWY
CSVGDIGYEQYF	YEQYIKWPWY
CSAIRGADSNQPQHF	YEQYIKWPWY
CASSLSGSPWNEQYF	YEQYIKWPWY
CASSPSGIIGGVNTEAFF	YEQYIKWPWY
CASSPSGGPAETQYF	YEQYIKWPWY
CSVAGDSWNTEAFF	YEQYIKWPWY
CASSPPGGSYEQYF	YEQYIKWPWY
CASRLPGQTNEKLFF	YEQYIKWPWY
CSVEDSETYEQYF	YEQYIKWPWY
CSARDTSGATLDTQYF	YEQYIKWPWY
CASSFTWAEYNEQFF	YEQYIKWPWY
CASSLDRINEQFF	YEQYIKWPWY
CSARPTGDQAYEQYF	YEQYIKWPWY
CAWAFPGLAFSYEQYF	YEQYIKWPWY
CASPDSTEAFF	YEQYIKWPWY
CASSLGGTGELFF	YEQYIKWPWY
CASSPSRTEAFF	YEQYIKWPWY
CASSQDPGATSTDTQYF	YEQYIKWPWY
CASSQDRHGGYEQYF	YEQYIKWPWY
CASSPAGAVGELFF	YEQYIKWPWY
CASSPPRDRVGYTF	YEQYIKWPWY
CASSSPRGLADNEQFF	YEQYIKWPWY
CASSQDYGPDIEQFF	YEQYIKWPWY
CASSPGPGQGYYNSPLHF	YEQYIKWPWY
CASSHLGAYEQYF	YEQYIKWPWY
CASSLAGGPQETQYF	YEQYIKWPWY
CATQEIAGALGGELFF	YEQYIKWPWY
CASSYGVGQPQHF	YEQYIKWPWY
CASSLVGGGSYNEQFF	YEQYIKWPWY
CASTRTGDNTEAFF	YEQYIKWPWY
CASSPWTSEETQYF	YEQYIKWPWY
CASSWDRVEQYF	YEQYIKWPWY
CSARDGAAAYEQYF	YEQYIKWPWY
CASRDSITGTSGGPIGFF	YEQYIKWPWY
CASRPTGGTLAEAFF	YEQYIKWPWY
CASSWGAFGGQPQHF	YEQYIKWPWY
CASSPPGETQYF	YEQYIKWPWY
CASSQELNPTADGYTF	YEQYIKWPWY
CASSYWQGYEQYF	YEQYIKWPWY
CASSLSSGAAHSYNEQFF	YEQYIKWPWY
CSAREIARSYEQYF	YEQYIKWPWY
CATSLGETEAFF	YEQYIKWPWY
CASSTPGGAGSPLHF	YEQYIKWPWY
CASSIDTSVSSEQYF	YEQYIKWPWY
CASSTRTSGSGYEQYF	YEQYIKWPWY
CASSFFGEETQYF	YEQYIKWPWY
CASSQGESPYEQYF	YEQYIKWPWY
CASSDLITNRETQYF	YEQYIKWPWY
CASSIVRDSYNEQFF	YEQYIKWPWY
CASSLETSGLYEQYF	YEQYIKWPWY
CASSPVAGRETQYF	YEQYIKWPWY
CATSDTSLRSGANVLTF	YEQYIKWPWY
CASSYRQMTGGDQPQHF	YEQYIKWPWY
CASSQYMEGDPHEQYF	YEQYIKWPWY
CASSPTAGPTREQFF	YEQYIKWPWY
CASSLGVLAGADTQYF	YEQYIKWPWY
CASSIATGVTYEQYF	YEQYIKWPWY
CASSPYWDDNEQFF	YEQYIKWPWY
CASSYSGGTEAFF	YEQYIKWPWY
CASSQDLARYNEQFF	YEQYIKWPWY
CAIGTSGTTPIYNEQFF	YEQYIKWPWY
CASSDGMVNEQYF	YEQYIKWPWY
CASSAEGIYTEAFF	YEQYIKWPWY
CASSLLAGATDTQYF	YEQYIKWPWY
HGASGKSSYNEQFF	YEQYIKWPWY
CASSLAPLAGGPNEQFF	YEQYIKWPWY
NGAEKAQYF	YEQYIKWPWY
CSAREQGYLSYEQYF	YEQYIKWPWY
CASSFWGNEQYF	YEQYIKWPWY
CASSLVTGELFF	YEQYIKWPWY
CASSPFEDNSPLHF	YEQYIKWPWY
CASSISAASNEKLFF	YEQYIKWPWY
CASSFGASNQPQHF	YEQYIKWPWY
CASRRDGGYEQYF	YEQYIKWPWY
CSARHGGQTYEQYF	YEQYIKWPWY
CASSIDPEPYNEQFF	YEQYIKWPWY
CASSSGTAAEKLFF	YEQYIKWPWY
CASSTGQAVETQYF	YEQYIKWPWY
CASSVAGGSYNEQFF	YEQYIKWPWY
CASSDTAEEAVAKNIQYF	YEQYIKWPWY
CASSMTLAVTYEQYF	YEQYIKWPWY
CSARVRGTSTYEQYF	YEQYIKWPWY
CASSIDLGGSNQPQHF	YEQYIKWPWY
CASSAGEQGFVEQFF	YEQYIKWPWY
CSARDHRVHFSYEQYF	YEQYIKWPWY
CSARDSSGVGETQYF	YEQYIKWPWY
CASSIDPGPMYNEQFF	YEQYIKWPWY
CASSIAAGPREKLFF	YEQYIKWPWY
CASSLAEGQESSYNSPLHF	YEQYIKWPWY
CASSQDWAGVGTDTQYF	YEQYIKWPWY
CASSIDGGRPSYEQYF	YEQYIKWPWY
CASSITGGYGYTF	YEQYIKWPWY
CAIAPGSLYEQYF	YEQYIKWPWY
CASEVTGTLNTGELFF	YEQYIKWPWY
CASSVETSGRGGYNEQFF	YEQYIKWPWY
CASSISSSGSNQPQHF	YEQYIKWPWY
CASSQGLTGGTGELFF	YEQYIKWPWY
CASSEAEASGITYEQYF	YEQYIKWPWY
CASSLGQVATNEKLFF	YEQYIKWPWY
WPTPGGYEQYF	YEQYIKWPWY
CASSDFPFNGNEQFF	YEQYIKWPWY
CSARDLGPLSSYNEQFF	YEQYIKWPWY
CASSLEGDGYTF	YEQYIKWPWY
CASSLGTGNEQFF	YEQYIKWPWY
CASSQEGGPGRGNEQFF	YEQYIKWPWY
CASSLAGGPLYEQYF	YEQYIKWPWY
CASSLGENTEAFF	YEQYIKWPWY
CASSQVGHYEQYF	YEQYIKWPWY
CAISDPEDADSPLHF	YEQYIKWPWY
CASSYWTGIRTGELFF	YEQYIKWPWY
CASSQAGTGIQETQYF	YEQYIKWPWY
CASSSPGQGIYGYTF	YEQYIKWPWY
CASSYHPTQGQYF	YEQYIKWPWY
CASSSVGSGLWEQYF	YEQYIKWPWY
CASSGIGVTNYGYTF	YEQYIKWPWY
CASSQGSTGELFF	YEQYIKWPWY
CASSSQAGASDTQYF	YEQYIKWPWY
CASSIVAGAAYNEQFF	YEQYIKWPWY
CASSFPRDNHNEQFF	YEQYIKWPWY
CASSREGAVYEQYF	YEQYIKWPWY
CSASTSSYNEQFF	YEQYIKWPWY
CASSQDRASGYEQYF	YEQYIKWPWY
CASSQGWGGTEAFF	YEQYIKWPWY
CASNLGGWMETQYF	YEQYIKWPWY
CSASIIGSGQVSNEKLFF	YEQYIKWPWY
CASSFLGQGIYNEQFF	YEQYIKWPWY
CASSEEIAGGPHEQYF	YEQYIKWPWY
CASSLAQIRGEQYF	YEQYIKWPWY
CASSLIGFPHEQYF	YEQYIKWPWY
CASSFTGNTEAFF	YEQYIKWPWY
CASSLAAGRTPTGELFF	YEQYIKWPWY
CASSEGQGAYEQYF	YEQYIKWPWY
CSARDLGQAVTDTQYF	YEQYIKWPWY
CASSLEFGGGLGSTDTQYF	YEQYIKWPWY
CASSIDPGITDTQYF	YEQYIKWPWY
CSANTDIQETQYF	YEQYIKWPWY
CASSVGPAGYNEQFF	YEQYIKWPWY
CASSLYAGGDNSPLHF	YEQYIKWPWY
CASSIDQSSYNEQFF	YEQYIKWPWY
CASSIAHYGYTF	YEQYIKWPWY
CSSTGGNPYEQYF	YEQYIKWPWY
CSARDSDKAYEQYF	YEQYIKWPWY
CASSLTSETTGELFF	YEQYIKWPWY
CSARGTSGIYEQYF	YEQYIKWPWY
CASSLEGTYGYTF	YEQYIKWPWY
CASSFESGPEAFF	YEQYIKWPWY
CATSSSLSGPSTDTQYF	YEQYIKWPWY
CASSYSAGGNSDTQYF	YEQYIKWPWY
CASSLVGGMTNYEQYF	YEQYIKWPWY
CSVPDRYF	YEQYIKWPWY
CASSSSQVRETQYF	YEQYIKWPWY
CATSREDTYQETQYF	YEQYIKWPWY
CASSLTPGNTEAFF	YEQYIKWPWY
CASRRTPNTGELFF	YEQYIKWPWY
CASSYQGQAVYEQYF	YEQYIKWPWY
CASSLGTSGVPLDYNEQFF	YEQYIKWPWY
CASSPGLLSGASYEQYF	YEQYIKWPWY
CASSEGRQTNQPQHF	YEQYIKWPWY
CSARFVGQGINGYTF	YEQYIKWPWY
CASSITLADPWETQYF	YEQYIKWPWY
CASSDSGDVKQTQYF	YEQYIKWPWY
CASSEWSGDLLFRGPIQPQHF	YEQYIKWPWY
CASPGGLEAFF	YEQYIKWPWY
CASSPHRDYGYTF	YEQYIKWPWY
CASSAPGVGMTDTEAFF	YEQYIKWPWY
CASSIEPTVNTEAFF	YEQYIKWPWY
CASSPDEGYSNQPQHF	YEQYIKWPWY
CASSLLADTQYF	YEQYIKWPWY
CASSLGVYGRPGAEQYF	YEQYIKWPWY
CASSMDQGVNQPQHF	YEQYIKWPWY
CASSEYWDTGELFF	YEQYIKWPWY
CASSYTSGAFYEQYF	YEQYIKWPWY
CSARDPDRGENSPLHF	YEQYIKWPWY
CATTTVGNEQFF	YEQYIKWPWY
CASSLGASLFF	YEQYIKWPWY
CASTLGQGLNEQFF	YEQYIKWPWY
CASSTAGLAIYEQYF	YEQYIKWPWY
CASSGAGLYAPTDTQYF	YEQYIKWPWY
CASSYSRGREVSSGANVLTF	YEQYIKWPWY
CASSYQLAGELLF	YEQYIKWPWY
CASSQPIYGYPHEKLFF	YEQYIKWPWY
CASSQDQGVNSPLHF	YEQYIKWPWY
CASSLGETYEQYF	YEQYIKWPWY
CASSLVWNTGELFF	YEQYIKWPWY
CASSQDATDNTEAFF	YEQYIKWPWY
CSARDPIFGDYNEQFF	YEQYIKWPWY
CSARDIGGVPYGYTF	YEQYIKWPWY
CASSLDPSSYNEQFF	YEQYIKWPWY
CASSPHNNEQFF	YEQYIKWPWY
CASSQDALGQPSYEQYF	YEQYIKWPWY
