CDR3	AA
CAISVEAGPNEQFF	ATSRTLSYYK
CAISEQDRDRGFLNTEAFF	ATSRTLSYYK
CASSSRFAGPRAYEQYF	ATSRTLSYYK
CASSRGQRAFQETQYF	ATSRTLSYYK
CASSEGQGYEKLFF	ATSRTLSYYK
CASSLFGQGTSGITNEQFF	ATSRTLSYYK
CASSTSAWNTEAFF	ATSRTLSYYK
CASSQRVAAFYNEQFF	ATSRTLSYYK
CSARARVVSTDTQYF	ATSRTLSYYK
CASSPAVPGTDEHEQYF	ATSRTLSYYK
CSAREKQTNTEAFF	ATSRTLSYYK
CASSEAIGELFF	ATSRTLSYYK
CASSFVSGRPSYEQYF	ATSRTLSYYK
CASSSPKLAGVGDEQFF	ATSRTLSYYK
CASSYSPGLALDVDTQYF	ATSRTLSYYK
CATSDVAGGPSTGELFF	ATSRTLSYYK
CSARDPGGGNIQYF	ATSRTLSYYK
CSVEMREGWSYNEQFF	ATSRTLSYYK
CSAGLADEQYF	ATSRTLSYYK
CASSLPRQGGITTNEKLFF	ATSRTLSYYK
CASSLMPLAGSADTQYF	ATSRTLSYYK
CASSLASLVGGTDTQYF	ATSRTLSYYK
CASSLFLGGYNEQFF	ATSRTLSYYK
CSAPPAGTNTGELFF	ATSRTLSYYK
CASSLSGRGEETQYF	ATSRTLSYYK
CASSLLPGADYNEQFF	ATSRTLSYYK
CASSFTSLRLETQYF	ATSRTLSYYK
CSVEAGHTSGNTIYF	ATSRTLSYYK
CASSSTVFEDEKLFF	ATSRTLSYYK
CASSLTGFNEQFF	ATSRTLSYYK
CASSLGDGYTGELFF	ATSRTLSYYK
CASNPTASLGYSNQPQHF	ATSRTLSYYK
CSAPDRDYGYTF	ATSRTLSYYK
CASSLSRGNEQFF	ATSRTLSYYK
CASSQDGGPSTYEQYF	ATSRTLSYYK
CASSSEGMNTEAFF	ATSRTLSYYK
CASSPVGGSTSEETQYF	ATSRTLSYYK
CASSDPWGDEQFF	ATSRTLSYYK
CASGKTGTRTHEQFF	ATSRTLSYYK
CASSYRTGPLSYNEQFF	ATSRTLSYYK
CASSFPTGTPAFEQYF	ATSRTLSYYK
CASTLGYSGANVLTF	ATSRTLSYYK
CATSDFGSTYEQYF	ATSRTLSYYK
