CDR3	AA
CASSVGSGANQPQHF	ALNTPKDHI
CSARRTGANTEAFF	ALNTPKDHI
CASSPALGSYNEQFF	ALNTPKDHI
CASSEWGKQNEQFF	ALNTPKDHI
CASSLGSQEAFF	ALNTPKDHI
CASSLQAGAGTGELFF	ALNTPKDHI
CSARVTGGPDTQYF	ALNTPKDHI
CASSLVEGPNEKLFF	ALNTPKDHI
CSARDGTLYNEQFF	ALNTPKDHI
CASTSGHPNYGYTF	ALNTPKDHI
CASSIPGRGPYEQYF	ALNTPKDHI
CASSPNRPIGELFF	ALNTPKDHI
CASTSRDPPYSTDTQYF	ALNTPKDHI
CASTQGSYEQYF	ALNTPKDHI
CASSQILGRGNEQFF	ALNTPKDHI
CASSLLASGVRDTQYF	ALNTPKDHI
CASSSVLDRVNTGELFF	ALNTPKDHI
CSARATGGPDTQYF	ALNTPKDHI
CASSLALGFSNQPQHF	ALNTPKDHI
CASSVNENYGYTF	ALNTPKDHI
CSARVWEPYEQYF	ALNTPKDHI
CSVEWNNEQFF	ALNTPKDHI
CASSVNPRPGNTEAFF	ALNTPKDHI
CASSINRGYEQYF	ALNTPKDHI
CSARRTGGGDEQFF	ALNTPKDHI
CASSVGDSAYEQYF	ALNTPKDHI
CASSLMRGEPSGELFF	ALNTPKDHI
CASSQAPTGPSYNEQFF	ALNTPKDHI
CASNLGTVYGYTF	ALNTPKDHI
CASSLGPGELFF	ALNTPKDHI
