CDR3	AA
CASSVELQETQYF	TQTNSPRRAR
CASSSFGRTLEDEKLFF	TQTNSPRRAR
CASSQEGVADIQYF	TQTNSPRRAR
CASSPSDGYYEQYF	TQTNSPRRAR
CASNPDRSYEQYF	TQTNSPRRAR
CASSQEVLLDEQFF	TQTNSPRRAR
CAISVRSDEQFF	TQTNSPRRAR
CASSGTGGETQYF	TQTNSPRRAR
CASSSGSFDEQYF	TQTNSPRRAR
CASSLEGTGFRETQYF	TQTNSPRRAR
CASSDDEHTDTQYF	TQTNSPRRAR
CASSQDLLYEQYF	TQTNSPRRAR
CAISLRTEYYEQYF	TQTNSPRRAR
CASSPNPGQGFYEQYF	TQTNSPRRAR
CASSYSTGVITELFF	TQTNSPRRAR
CASSLFAGDEQFF	TQTNSPRRAR
CASSVVAGLDTEAFF	TQTNSPRRAR
CASTNTGELFF	TQTNSPRRAR
CASSLDGTETQYF	TQTNSPRRAR
CASRPPGLAAYEQYF	TQTNSPRRAR
CASSLAGTESSYEQYF	TQTNSPRRAR
CASSLELAGGLETQYF	TQTNSPRRAR
CASSPTILSLNTEAFF	TQTNSPRRAR
CASSQEGQGMQPQHF	TQTNSPRRAR
CASSVEAGADDEQFF	TQTNSPRRAR
CASKSWDSLTYEQYF	TQTNSPRRAR
CASSGDALDTQYF	TQTNSPRRAR
CASSQDAGEASDTQYF	TQTNSPRRAR
CASTLNLGTSGSDEQFF	TQTNSPRRAR
CASILNTEAFF	TQTNSPRRAR
CASRSDSRPYTEAFF	TQTNSPRRAR
CARRTLAGGGETQYF	TQTNSPRRAR
CASSLAWGYEQYF	TQTNSPRRAR
CASSGTGGETQYF	TQTNSPRRAR
CASSQEGVGDEQFF	TQTNSPRRAR
CATSGDSQIYNEQFF	TQTNSPRRAR
CASCPPSSYEQYF	TQTNSPRRAR
CASSLTGSYEQYF	TQTNSPRRAR
