CDR3	AA
CASSLGAGGNTEAFF	KPFERDISTEI
CASSPVGSYEQYF	KPFERDISTEI
CASRDPGLPKYQETQYF	KPFERDISTEI
CASSYVGGHNEQFF	KPFERDISTEI
CASSLRVVEGAGELFF	KPFERDISTEI
CASSFGTGNTGELFF	KPFERDISTEI
CASSFVGSRNTEAFF	KPFERDISTEI
CASSYRLKNLDYEQYF	KPFERDISTEI
CASSHLRYSYNEQFF	KPFERDISTEI
CASSQVQTAQETQYF	KPFERDISTEI
CASSHVGSGSETQYF	KPFERDISTEI
CSARDVLGTSGTYNEQFF	KPFERDISTEI
CASSWLGGLPDTQYF	KPFERDISTEI
CSARDLGGGRGPYNEQFF	KPFERDISTEI
CASSQAGTLNEQFF	KPFERDISTEI
CASSDRMDRGLDEQFF	KPFERDISTEI
CASSPTMTSGTYEQYF	KPFERDISTEI
CASSQDRQGLTYEQYF	KPFERDISTEI
CASSQAGGTEAFF	KPFERDISTEI
CASSHFAVRRPSTDTQYF	KPFERDISTEI
CASSHGQGGNTEAFF	KPFERDISTEI
CASSLQGAQGEAFF	KPFERDISTEI
CASSDGSSYEQYF	KPFERDISTEI
CASSLPIGHEAFF	KPFERDISTEI
CASSFQETYEQYF	KPFERDISTEI
CASSFSSGGAYEQYF	KPFERDISTEI
CASSQEYRVVGYTF	KPFERDISTEI
CASFQGVGTGELFF	KPFERDISTEI
CASSQVGGVGSNQPQHF	KPFERDISTEI
CASGLVGGELFF	KPFERDISTEI
CASSHYPSGQGDYEQYF	KPFERDISTEI
CASSPRQGSSNQPQHF	KPFERDISTEI
CASSLGLGNEQYF	KPFERDISTEI
CASSPRSGGAYEQYF	KPFERDISTEI
CASSLGWSGNNEQFF	KPFERDISTEI
CASSQGPTMGPGGTEAFF	KPFERDISTEI
CASSQVFGDGKETQYF	KPFERDISTEI
CASSQAGLAGAGAYEQYF	KPFERDISTEI
CASSLEPRGYTF	KPFERDISTEI
CASSLTAGTGMIGELFF	KPFERDISTEI
CASSQWGRTAINEQFF	KPFERDISTEI
CASSVREREPDTQYF	KPFERDISTEI
CASSQAGAYEQYF	KPFERDISTEI
CASSFQSSYEQYF	KPFERDISTEI
