CDR3	AA
CASSSTGETYEQYF	LLYDANYFL
CSAGGSRTNEQFF	LLYDANYFL
CASSFEGDARPEQYF	LLYDANYFL
CASSVAEGAYTDTQYF	LLYDANYFL
CASSEPPGAGSEQFF	LLYDANYFL
CATSAHSPGAGELFF	LLYDANYFL
CASSLGGTGAFF	LLYDANYFL
CASSELGTTYEQYF	LLYDANYFL
CSVDGRGLSTDTQYF	LLYDANYFL
CASSLTPGLGSTEAFF	LLYDANYFL
CASSLGAGGGETQYF	LLYDANYFL
CASGTNYYGTRREDEQFF	LLYDANYFL
CASSRTQTSGYNEQFF	LLYDANYFL
CASGSGYSYEQYF	LLYDANYFL
CASTADRNTEAFF	LLYDANYFL
CASSLRAGSLYNEQFF	LLYDANYFL
CASSFGVAGHIETQYF	LLYDANYFL
CASSLGAGFETQYF	LLYDANYFL
CASSSLTGGAGNQPQHF	LLYDANYFL
CAWTVAGEPTGQYF	LLYDANYFL
CASSLGGAEAFF	LLYDANYFL
CASSFTGSGGETQYF	LLYDANYFL
CASSPLSKIMETQYF	LLYDANYFL
CSVRDGGKAGYTF	LLYDANYFL
CASSLGGIEAFF	LLYDANYFL
CASSFQDSGWNEQFF	LLYDANYFL
CSASTSGAYNEQFF	LLYDANYFL
CATSGLASGSDTQYF	LLYDANYFL
CASSQDPGASYNEQFF	LLYDANYFL
CASSYSVQGTDTQYF	LLYDANYFL
CATSDSYLQTAPYNEQFF	LLYDANYFL
CASSLYTGEARAFF	LLYDANYFL
CASSLETGKNEQFF	LLYDANYFL
CASSLTSGSGNEQFF	LLYDANYFL
CATSRDLSYNEQFF	LLYDANYFL
CASSKTGGKGELFF	LLYDANYFL
CSVEDQSGKGGYTF	LLYDANYFL
CASAIPNLNEQFF	LLYDANYFL
CASSQDHREQFF	LLYDANYFL
CSAISLGEQFF	LLYDANYFL
CASHSLGGGNQPQHF	LLYDANYFL
CASAKREATYNEQFF	LLYDANYFL
CASSVVDNYEQYF	LLYDANYFL
CASSTEGGLKETQYF	LLYDANYFL
CASSQDHAEAFF	LLYDANYFL
CATSRVARGPSTDTQYF	LLYDANYFL
CASSTAQREAMGNEQFF	LLYDANYFL
CSARVGAEQYF	LLYDANYFL
CASSGQLTGELFF	LLYDANYFL
CASSDKEIGQVIAKNIQYF	LLYDANYFL
CASSLDGAEAFF	LLYDANYFL
CASPTGLGMNTEAFF	LLYDANYFL
CSASGEGRFNEQFF	LLYDANYFL
CASSLVGSLELSNQPQHF	LLYDANYFL
CASSDRDSYEQYF	LLYDANYFL
CASSLTEGNTEAFF	LLYDANYFL
CSARGTTYEQYF	LLYDANYFL
CSARLAGALFFEQYF	LLYDANYFL
CSVVRRGRFSYEQYF	LLYDANYFL
CASSLAGSTEAFF	LLYDANYFL
CASSLGSTEAFF	LLYDANYFL
CSVEQGSTQYF	LLYDANYFL
CASSFFGAVNSPLHF	LLYDANYFL
CASSQDHMTYTF	LLYDANYFL
CASSRVDNQPQHF	LLYDANYFL
CASSPVTEAFF	LLYDANYFL
CASSLGSGGTEAFF	LLYDANYFL
CSAREQGTEAFF	LLYDANYFL
CASSRDHHEQYF	LLYDANYFL
CASSLDRSRGYTF	LLYDANYFL
CSAREMGQEQFF	LLYDANYFL
CASRGQSKPTPLAKNIQYF	LLYDANYFL
CSARTGVEQFF	LLYDANYFL
CATHLRTSGGVEQFF	LLYDANYFL
CASSLERWGYTF	LLYDANYFL
CSARRSNSYNEQFF	LLYDANYFL
CASSQRDSSYTDTQYF	LLYDANYFL
CSAHPHGGNTEAFF	LLYDANYFL
CASGGTVGYEQYF	LLYDANYFL
CASSGGWGETQYF	LLYDANYFL
CSVVGGSISYEQYF	LLYDANYFL
CASSWSSGSIDEQYF	LLYDANYFL
CASSLVGGPRSQETQYF	LLYDANYFL
CSVDARGLNTEAFF	LLYDANYFL
CASSLPGWTVIGAGELFF	LLYDANYFL
CSASHVRAETQYF	LLYDANYFL
CASSFGTLGEKLFF	LLYDANYFL
CASSASGRNEQYF	LLYDANYFL
CSALGTSGATGELFF	LLYDANYFL
CASSFGDTHYEQYF	LLYDANYFL
CASSESEREQETQYF	LLYDANYFL
CASSEGNTIYF	LLYDANYFL
CSARGFEKLGNTGELFF	LLYDANYFL
CSASGASPRVGEQFF	LLYDANYFL
CASSLLAVNPWEQYF	LLYDANYFL
CASSNGLAGGETQYF	LLYDANYFL
CASSLLLAGQETQYF	LLYDANYFL
CASSVGISTGELFF	LLYDANYFL
CASSRDMGGLGYTF	LLYDANYFL
CASSLLAGGELFF	LLYDANYFL
CASSLELHSPYEQYF	LLYDANYFL
CASSPGSAYNEQFF	LLYDANYFL
CATSLGASGQETQYF	LLYDANYFL
CASSQDHTEAFF	LLYDANYFL
CASPRGAGMNTEAFF	LLYDANYFL
CASSGGETPVSGQYF	LLYDANYFL
CASSPQLAGTGELFF	LLYDANYFL
CASSQLDSYNEQFF	LLYDANYFL
CASSLLPPQQENEQFF	LLYDANYFL
CASSLSGSTEAFF	LLYDANYFL
CASARLNQETQYF	LLYDANYFL
CASSLGGTEAFF	LLYDANYFL
CASSSQGYSNTGELFF	LLYDANYFL
CASSLFLNTGELFF	LLYDANYFL
CASSPGGGGEQFF	LLYDANYFL
CSARRTGLEQYF	LLYDANYFL
CASSLGGTEAFF	LLYDANYFL
CSARAGTKNIQYF	LLYDANYFL
CATQGEGATYEQYF	LLYDANYFL
CSVRPGDYGYTF	LLYDANYFL
CASSMPAGQVADTQYF	LLYDANYFL
CASRGQGAYGYTF	LLYDANYFL
CASSLGQTNTEAFF	LLYDANYFL
CASRYAGGEQYF	LLYDANYFL
CASSLGGSTEAFF	LLYDANYFL
CSVRAGGWEQYF	LLYDANYFL
CSAPGASGNTIYF	LLYDANYFL
CASRSLDRVVGEKLFF	LLYDANYFL
CASSPNIGELFF	LLYDANYFL
CSVRGTGTKIPVQYTF	LLYDANYFL
CASSPNSPNEQFF	LLYDANYFL
CSARRADRNTIYF	LLYDANYFL
CASSYYGNNEQFF	LLYDANYFL
CASSQMSATYEQYF	LLYDANYFL
CASAPSGRIYEQFF	LLYDANYFL
CASSWEGYEQYF	LLYDANYFL
CASSLGTGGPQETQYF	LLYDANYFL
CASSLNPRTDISYEQYF	LLYDANYFL
CAISDILSDSNQPQHF	LLYDANYFL
CASSQQGNGEQYF	LLYDANYFL
CASSEGQGGQETQYF	LLYDANYFL
CASSPRQGKDEKLFF	LLYDANYFL
CASSTGGSYEQYF	LLYDANYFL
CASSPTTGRQPQHF	LLYDANYFL
CASSKDHTEAFF	LLYDANYFL
CASSLTVSNTGELFF	LLYDANYFL
CASSPLGAGSYEQYF	LLYDANYFL
CSVEWDSNTGELFF	LLYDANYFL
CASSPDLSGNTIYF	LLYDANYFL
CASSLVGQGVAGELFF	LLYDANYFL
CSARAGGYNEQFF	LLYDANYFL
CASSPRPGPGELFF	LLYDANYFL
CSARTADGVYTYEQFF	LLYDANYFL
CSASETDPRTQYF	LLYDANYFL
CASSQYQGSHEQYF	LLYDANYFL
CASSQDHNEQYF	LLYDANYFL
CASSLGTNNEQFF	LLYDANYFL
CASTGLGGSNQPQHF	LLYDANYFL
CSVRTGVFDEQYF	LLYDANYFL
CASSQDLAGVGEQYF	LLYDANYFL
CSARGTGGTEAFF	LLYDANYFL
CASSLGGSTEAFF	LLYDANYFL
CASSPLSWGNEQFF	LLYDANYFL
CATESQGAPLNTEAFF	LLYDANYFL
CASSLAGVAYEQYF	LLYDANYFL
CASSSTGGKGGYTF	LLYDANYFL
CASSQEVFGNQPQHF	LLYDANYFL
CASSLGGDRETQYF	LLYDANYFL
CAISGSPGGGTEAFF	LLYDANYFL
CASSVEGLNTEAFF	LLYDANYFL
CAIPLVGGAFTGELFF	LLYDANYFL
CASSLSGRPDTQYF	LLYDANYFL
CASSESQGAHEQYF	LLYDANYFL
CASSHFSGLEQFF	LLYDANYFL
CATSRDTGSNTEAFF	LLYDANYFL
CASSLGLGSTDTQYF	LLYDANYFL
CASSPGGANEKLFF	LLYDANYFL
CASSPYPGEFEQYF	LLYDANYFL
CASSYQSPGELFF	LLYDANYFL
CASSLGTGGVF	LLYDANYFL
CSARQGNRNTIYF	LLYDANYFL
CASSEGDFNQPQHF	LLYDANYFL
CASSFGTGGQETQYF	LLYDANYFL
CASSLTARDYNTGELFF	LLYDANYFL
CASSTVDRNTEAFF	LLYDANYFL
CASSDGTGYIGGLDNEQFF	LLYDANYFL
CSARTVSVTQYF	LLYDANYFL
CASSLEVVDSGTDTQYF	LLYDANYFL
CASSSLTPGTSGLNTGELFF	LLYDANYFL
CASSDLAGGKTSGTYNEQFF	LLYDANYFL
CSASGEQGAGLPQFF	LLYDANYFL
CASGEGALVSYNEQFF	LLYDANYFL
CSAISPWNVYGYTF	LLYDANYFL
CATSYGTSTDTQYF	LLYDANYFL
CASSSRRAIIDTQYF	LLYDANYFL
CASSQASGGASNEQFF	LLYDANYFL
CASSQDLAGVGEQYF	LLYDANYFL
