CDR3	AA
CASSPDHWGLNEQFF	VTPSGTWLTY
CASSFGQGVINEQFF	VTPSGTWLTY
CSAPKGTSGRPGEQFF	VTPSGTWLTY
CASSRPPSGTSGGAGETQYF	VTPSGTWLTY
CASSWGQGYSYEQYF	VTPSGTWLTY
CASSVTPESSYNEQFF	VTPSGTWLTY
CASSLGPPIAGSYEQYF	VTPSGTWLTY
CASSSRITNEQYF	VTPSGTWLTY
CASSFILVGTNTEAFF	VTPSGTWLTY
CASGWGLPITDTQYF	VTPSGTWLTY
CSARIMTGLNQPQHF	VTPSGTWLTY
CASSLQRGLVWSTEAFF	VTPSGTWLTY
CASSFTGYTEAFF	VTPSGTWLTY
CASSQAAYQETQYF	VTPSGTWLTY
CASSQEREDTGELFF	VTPSGTWLTY
CAIYF	VTPSGTWLTY
CASSRPSGTLDYNEQFF	VTPSGTWLTY
CASSLWGQESYEQYF	VTPSGTWLTY
CASSLGSTDTQYF	VTPSGTWLTY
CASSFGQGDSDEQFF	VTPSGTWLTY
CASSLGLGYNEQFF	VTPSGTWLTY
CASSQVEGASSPLHF	VTPSGTWLTY
CASNTLFGTTNEKLFF	VTPSGTWLTY
CASSPDRGRANEKLFF	VTPSGTWLTY
CASSLGVGYNEQFF	VTPSGTWLTY
CSARPDGSSSYEQYF	VTPSGTWLTY
CASSLFFSSKTEAFF	VTPSGTWLTY
CASSLGTGANVLTF	VTPSGTWLTY
CASTLRTGGASPLHF	VTPSGTWLTY
CASSQVAGDSLYEQYF	VTPSGTWLTY
CASSDQGSTEAFF	VTPSGTWLTY
CASSLSSGPIYEQYF	VTPSGTWLTY
CASSGSTGQETQYF	VTPSGTWLTY
CASSVEGFTEAFF	VTPSGTWLTY
CASKTGGGTGGEQYF	VTPSGTWLTY
CASSPGGGLAGVETQYF	VTPSGTWLTY
CASSQKSGGVETQYF	VTPSGTWLTY
CASSLDLGGNSPLHF	VTPSGTWLTY
CSARDLHAGGTNEQYF	VTPSGTWLTY
CASSQAGQPNTEAFF	VTPSGTWLTY
CASMDWDRDNYGYTF	VTPSGTWLTY
CASSFDDMSSYEQYF	VTPSGTWLTY
CASSQDGDSGNTIYF	VTPSGTWLTY
CSARGIIGYNEQFF	VTPSGTWLTY
CASSQPGLGWNTDTQYF	VTPSGTWLTY
CASSLGLPLTVEQFF	VTPSGTWLTY
CASSLVDLTNTEAFF	VTPSGTWLTY
CASSPGGQPQHF	VTPSGTWLTY
CASSLSGFMAGNEQFF	VTPSGTWLTY
CASSPGTGDTDTQYF	VTPSGTWLTY
CASSRAPGINEQFF	VTPSGTWLTY
CASSPSGSIPHEQYF	VTPSGTWLTY
CASSLGSTDTQYF	VTPSGTWLTY
CASSWTNYNEQFF	VTPSGTWLTY
CASSLPPRGAGAYNEQFF	VTPSGTWLTY
CASSKADQETQYF	VTPSGTWLTY
CASSKLIEGTFHEQYF	VTPSGTWLTY
CAIGTGNNEQFF	VTPSGTWLTY
CASSLGLTDTQYF	VTPSGTWLTY
CASSLGLAGFGYNEQFF	VTPSGTWLTY
CASLPGTDYNEQFF	VTPSGTWLTY
CASSAGPPFSYEQYF	VTPSGTWLTY
CASSQESTPYQPQHF	VTPSGTWLTY
CASSLFRGNAKNIQYF	VTPSGTWLTY
CASSEWGTGYSNQPQHF	VTPSGTWLTY
CASSLGGTPSNEQFF	VTPSGTWLTY
CASSYSGPGELFF	VTPSGTWLTY
CASSSAGVLNSPLHF	VTPSGTWLTY
CASSLTGDNTGELFF	VTPSGTWLTY
CASSEETERGYEQYF	VTPSGTWLTY
CASSPHRDRGYGYTF	VTPSGTWLTY
CASSRTGQEYYGYTF	VTPSGTWLTY
CASSLAPAGSSSYNEQFF	VTPSGTWLTY
CASSDGGGLYGYTF	VTPSGTWLTY
CASSPWADSSYEQYF	VTPSGTWLTY
CASSLSGQGGEQYF	VTPSGTWLTY
CASSLGTPEGDTQYF	VTPSGTWLTY
CASSLAGDTDTQYF	VTPSGTWLTY
CASSPGQGTYEQYF	VTPSGTWLTY
CASSLGLTNEQFF	VTPSGTWLTY
CASSQVSGLGYEQYF	VTPSGTWLTY
CATSGASSSYEQYF	VTPSGTWLTY
CASSLYPPGEYEQYF	VTPSGTWLTY
CASSQGLAGEETQYF	VTPSGTWLTY
CASSPPPGGYEQYF	VTPSGTWLTY
CASSQDRGTTFSPLHF	VTPSGTWLTY
CASSLGGEQYF	VTPSGTWLTY
CASSLSGELAGAKTGELFF	VTPSGTWLTY
CASSIDPGLAGFEQYF	VTPSGTWLTY
CASSYNRDRVVNTEAFF	VTPSGTWLTY
CASSWGFSGANVLTF	VTPSGTWLTY
CASSPGGTNTEQFF	VTPSGTWLTY
CASSLFIGAPQETQYF	VTPSGTWLTY
CASSLGGSFYEQYF	VTPSGTWLTY
CASSQGYGFYEQYF	VTPSGTWLTY
CASSQDLAGNTIYF	VTPSGTWLTY
CASSWTGETEAFF	VTPSGTWLTY
CASSQDGGGNTIYF	VTPSGTWLTY
CASVEGPDHADTQYF	VTPSGTWLTY
CASSIVHYSNQPQHF	VTPSGTWLTY
CASSTIPGQASPLHF	VTPSGTWLTY
CASSWTGETEAFF	VTPSGTWLTY
CASSQDGTGGTEAFF	VTPSGTWLTY
CASSLGGYSYYEQYF	VTPSGTWLTY
CASALRQGSSGNTIYF	VTPSGTWLTY
CASSYIRGEQYF	VTPSGTWLTY
CASSEIAGAAYEQYF	VTPSGTWLTY
CASSQGLVDEQFF	VTPSGTWLTY
CASSYTGEAGNTIYF	VTPSGTWLTY
CASSKDYRGGELFF	VTPSGTWLTY
CASSLSRERGLYEQYF	VTPSGTWLTY
CASSFSGWEFF	VTPSGTWLTY
CARGGGRLPDTQYF	VTPSGTWLTY
CASSESIRGQEQYF	VTPSGTWLTY
CASSYGQGSGNEQFF	VTPSGTWLTY
CASSYSPEMNTEAFF	VTPSGTWLTY
CASSQGLNEQFF	VTPSGTWLTY
CASSQAPGQYEQYF	VTPSGTWLTY
CASGLGGNTEAFF	VTPSGTWLTY
CASRWTGETEAFF	VTPSGTWLTY
CASSLAKQGGETEAFF	VTPSGTWLTY
CASSHGTGDEQYF	VTPSGTWLTY
CASSKPGQGPSYGYTF	VTPSGTWLTY
CASSLAFSGPTDTQYF	VTPSGTWLTY
CASSPGGYWEETQYF	VTPSGTWLTY
CASSLDWASGVFGEQYF	VTPSGTWLTY
CASSVRGAEVDTGELFF	VTPSGTWLTY
CASDVQGGTEAFF	VTPSGTWLTY
CSAGTSGSWNEQYF	VTPSGTWLTY
CASSQTSGYTDTQYF	VTPSGTWLTY
CASSQILSSYNEQFF	VTPSGTWLTY
CASSIGGTAEAFF	VTPSGTWLTY
CASSLHGYSNQPQHF	VTPSGTWLTY
CASSFPDTQYF	VTPSGTWLTY
CASSQATGVNTEAFF	VTPSGTWLTY
CASSEPPGLAINEQFF	VTPSGTWLTY
CATSDLKETQETQYF	VTPSGTWLTY
CASSVATGWGETQYF	VTPSGTWLTY
CASSLAGQGNTEAFF	VTPSGTWLTY
CASSQVADPPYEQYF	VTPSGTWLTY
CASSYGDTQYF	VTPSGTWLTY
CASSQMDGTNSPLHF	VTPSGTWLTY
CASSWGQHSGNTIYF	VTPSGTWLTY
CASSPRPRGASSYNEQFF	VTPSGTWLTY
CASSVPGGTEAFF	VTPSGTWLTY
CASSQVSGENYGYTF	VTPSGTWLTY
CASTPGWMDTEAFF	VTPSGTWLTY
CASSLRTGKREQFF	VTPSGTWLTY
CASSSIPGTGSTDTQYF	VTPSGTWLTY
CASSWGDSFSYEQYF	VTPSGTWLTY
CASSDTKTGGRTNEKLFF	VTPSGTWLTY
CATKDAYGYTF	VTPSGTWLTY
CASSLTGAWPKNIQYF	VTPSGTWLTY
CASSLGTYTYEQYF	VTPSGTWLTY
CATSDLRANQETQYF	VTPSGTWLTY
CASSPGGADEQYF	VTPSGTWLTY
CASSLPPPGTGVYNEQFF	VTPSGTWLTY
CASGLPSLANYEQYV	VTPSGTWLTY
CASSLSPDSYEQYF	VTPSGTWLTY
CASSLANNSPLHF	VTPSGTWLTY
CASSLAQGAGDTQYF	VTPSGTWLTY
CASSLYPPWTGYNEQFF	VTPSGTWLTY
CSARGLAGWSGELFF	VTPSGTWLTY
CASSQGREVRLGGELFF	VTPSGTWLTY
CASSLHITYNEQFF	VTPSGTWLTY
CASTTGMKTDTQYF	VTPSGTWLTY
CASSLGPTGDHTEAFF	VTPSGTWLTY
CASSHPGTRDEETQYF	VTPSGTWLTY
CASSIITGSNQPQHF	VTPSGTWLTY
CSARAAAGEYNEQFF	VTPSGTWLTY
CASSFPPYGGINEQFF	VTPSGTWLTY
CASSEFGEPQETQYF	VTPSGTWLTY
CASSQTLGETGLEQYF	VTPSGTWLTY
CASRWTGETEAFF	VTPSGTWLTY
CASSRTETDYGYTF	VTPSGTWLTY
CSARDSAGRLYEQYF	VTPSGTWLTY
CASSFPGQGAGELFF	VTPSGTWLTY
CASSQDRGQGLYEQYF	VTPSGTWLTY
CASRSDITADTQYF	VTPSGTWLTY
CASSVVLYSNQPQHF	VTPSGTWLTY
CASSPLPPGQGAHQPQHF	VTPSGTWLTY
CASSQDGQGTGYEQYF	VTPSGTWLTY
CASSQSLHF	VTPSGTWLTY
CASSSPDRNQPQHF	VTPSGTWLTY
CASSWGQGDTDTQYF	VTPSGTWLTY
CASSQGDSYSGANVLTF	VTPSGTWLTY
CASSEPLSTDEQFF	VTPSGTWLTY
CASSYGQGSGNEQFF	VTPSGTWLTY
CASSQARNTEAFF	VTPSGTWLTY
CASSLAGIEAYEQYF	VTPSGTWLTY
CASSFLTQISSYNEQFF	VTPSGTWLTY
CASRLGMNTEAFF	VTPSGTWLTY
CASSFPGTEGLAGGGSRNEQFF	VTPSGTWLTY
CASSLLSGAWNEQFF	VTPSGTWLTY
CASSLGSTDTQYF	VTPSGTWLTY
CASSLGGGYNEQFF	VTPSGTWLTY
CASSLGRTLYNEQFF	VTPSGTWLTY
CASSLVGSGANVLTF	VTPSGTWLTY
CASSLQNAGSSYNEQFF	VTPSGTWLTY
CASTPGPTTGELFF	VTPSGTWLTY
CASSEILLGATGELFF	VTPSGTWLTY
CASSDSDIYTGELFF	VTPSGTWLTY
CASSQGGVDSPLHF	VTPSGTWLTY
CAWTLGGRGHYNEQFF	VTPSGTWLTY
CASSPWDYGSGYNEQFF	VTPSGTWLTY
CASSYEPGQGYEQYF	VTPSGTWLTY
CASTPGQGQLAGLTDTQYF	VTPSGTWLTY
CASSLAGGNTGELFF	VTPSGTWLTY
CASSQEGSASYEQYF	VTPSGTWLTY
CASSLGLAGYPGGELFF	VTPSGTWLTY
CATSRGITYEQYF	VTPSGTWLTY
CASSVAVTGVIDGELFF	VTPSGTWLTY
CASSLTPTGLSSYNEQFF	VTPSGTWLTY
CASTPHGTSYNEQFF	VTPSGTWLTY
CSAWRESSYNEQFF	VTPSGTWLTY
CASSLNQGSGALGEQYF	VTPSGTWLTY
CASSPLPGQSYEQYF	VTPSGTWLTY
CATSDGLADSYEQYF	VTPSGTWLTY
CASRRVGGLNTGELFF	VTPSGTWLTY
CASSSIPPEAGGDTQYF	VTPSGTWLTY
CASSLTSGIYNEQFF	VTPSGTWLTY
CASSQVEVSYNEQFF	VTPSGTWLTY
CATSDPRSYTGELFF	VTPSGTWLTY
CSARWDNLYEQYF	VTPSGTWLTY
CASSLGVMYNEQFF	VTPSGTWLTY
CASSFGQGDKNIQYF	VTPSGTWLTY
CASSFFLTANNEQFF	VTPSGTWLTY
CSARGRQGFYEQYF	VTPSGTWLTY
CASNPTGAYGYTF	VTPSGTWLTY
CARGSSRLTGTYEQYF	VTPSGTWLTY
CASSQDLAGVSDGELFF	VTPSGTWLTY
CASSFFGHTEAFF	VTPSGTWLTY
CASSLSGQPQHF	VTPSGTWLTY
CASRDSGIEQFF	VTPSGTWLTY
CASSLQTSGRGEQFF	VTPSGTWLTY
CASSIEAGGVSVNEQFF	VTPSGTWLTY
CASSSGQGNYGYTF	VTPSGTWLTY
CSGQGLFEQYF	VTPSGTWLTY
CASSQEYGAGGWGETQYF	VTPSGTWLTY
CASSLGALGQPQHF	VTPSGTWLTY
CASSEGGGERYTEAFF	VTPSGTWLTY
CASSLVRAGANVLTF	VTPSGTWLTY
CASTDPGGTTNYGYTF	VTPSGTWLTY
CASSELGNTIYF	VTPSGTWLTY
CASGQGQTYEQYF	VTPSGTWLTY
CASSLGQWQGLREQFF	VTPSGTWLTY
CASSLDRPTYEQYF	VTPSGTWLTY
CSVRPGTAPYNEQFF	VTPSGTWLTY
CASSLGGLGSPLHF	VTPSGTWLTY
CASSLDGGPPYEQYF	VTPSGTWLTY
CASLQGRGGQGTDTQYF	VTPSGTWLTY
CASSQAGQTYEQYF	VTPSGTWLTY
CASSLEASPYNEQFF	VTPSGTWLTY
CASSLSGREQYNEQFF	VTPSGTWLTY
CASSHRPGLAGGSNEQFF	VTPSGTWLTY
CASMVQEQLYNEQFF	VTPSGTWLTY
CASSLFGGAVTLEQYF	VTPSGTWLTY
CATSDSDSSYEQYF	VTPSGTWLTY
CASSEAPGQYNSPLHF	VTPSGTWLTY
CATSDFWRGGVDNEQFF	VTPSGTWLTY
CASSLGLYNEQFF	VTPSGTWLTY
CASSRMKVYNEQFF	VTPSGTWLTY
CASSLGVYNEQFF	VTPSGTWLTY
CASSLGGRSEQYF	VTPSGTWLTY
CSARDPRSGTENSPLHF	VTPSGTWLTY
CASRVRQGARMPQHF	VTPSGTWLTY
RRDRDSGNTIYF	VTPSGTWLTY
CASSSSIGGNQPQHF	VTPSGTWLTY
CASSLGAWGQPQHF	VTPSGTWLTY
CASSVGQGWAETQYF	VTPSGTWLTY
CASSHAPTSLRSTDTQYF	VTPSGTWLTY
CASSAGTSGYYEQYF	VTPSGTWLTY
CASSLGGLAGGPPQFF	VTPSGTWLTY
CASSLTRSGNQPQHF	VTPSGTWLTY
CASSLAPEPQETQYF	VTPSGTWLTY
CASSFHSRDAAYEQYF	VTPSGTWLTY
CASSVALAGVGETQYF	VTPSGTWLTY
CASSLWEYSNQPQHF	VTPSGTWLTY
CATSGPGSAYEQYF	VTPSGTWLTY
CASSFAGGALTDTQYF	VTPSGTWLTY
CASSLVGEGGLEQYF	VTPSGTWLTY
CASSLMSRYGEQFF	VTPSGTWLTY
CASSLGLAGFLEQFF	VTPSGTWLTY
CASSHGTRGDTQYF	VTPSGTWLTY
CASSYSIYPYNEQFF	VTPSGTWLTY
CASSYGQHSGNTIYF	VTPSGTWLTY
CASSQREAYNEQFF	VTPSGTWLTY
CASSSGGTGRAREEQYF	VTPSGTWLTY
CASLPGGDPTYEQYF	VTPSGTWLTY
CASSFSGGYTEAFF	VTPSGTWLTY
CASSVGGGETQYF	VTPSGTWLTY
CASSRRGRRVAEQFF	VTPSGTWLTY
CASSLMVETGEQYF	VTPSGTWLTY
CASSLKDQNYGYTF	VTPSGTWLTY
CASSLGEYTDTQYF	VTPSGTWLTY
CASSLVQGALMDTEAFF	VTPSGTWLTY
CASSVVPGQSPVTDTQYF	VTPSGTWLTY
CARLDQPGQGVSAEAFF	VTPSGTWLTY
CASGFFVRANTEAFF	VTPSGTWLTY
CASSVTAGGVYNEQFF	VTPSGTWLTY
CASSYWGGEQFF	VTPSGTWLTY
CASSQLAQDPTYEQYF	VTPSGTWLTY
CASPFYNEQFF	VTPSGTWLTY
CASSLGLPINTEAFF	VTPSGTWLTY
CASSQGLAIVAEQFF	VTPSGTWLTY
CASRGGQFSTDTQYF	VTPSGTWLTY
CASSILGAEQFF	VTPSGTWLTY
CASSDSERGHSPQYF	VTPSGTWLTY
CASSPGTGGVQYF	VTPSGTWLTY
CASNPLAGDGETQYF	VTPSGTWLTY
CASSFPSPTSGSSVMELFF	VTPSGTWLTY
CASSQDTALVAGYYNEQFF	VTPSGTWLTY
CASSPGTSGSTAYEQYF	VTPSGTWLTY
CASSVIPPGAGYNEQFF	VTPSGTWLTY
CASSLERGTSVNEQYF	VTPSGTWLTY
CASSKDSGVNQPQHF	VTPSGTWLTY
CASSPVDREANYGYTF	VTPSGTWLTY
CASSWGPGTEAFF	VTPSGTWLTY
CASSQVPDGRSYEQYF	VTPSGTWLTY
CASSIVNGGSSYNEQFF	VTPSGTWLTY
CATSRVALAAYNEQFF	VTPSGTWLTY
CASSWSNTGELFF	VTPSGTWLTY
CASSQDSNYNEQFF	VTPSGTWLTY
CASGLVLTGGSHEQFF	VTPSGTWLTY
CSARDLESDEQYF	VTPSGTWLTY
CSARDSSGSTDTQYF	VTPSGTWLTY
CASSSRGGRAFDEQFF	VTPSGTWLTY
CASSLAGTGYRNQPQHF	VTPSGTWLTY
CASSLAAAVLEQFF	VTPSGTWLTY
CASSMTGAGTEAFF	VTPSGTWLTY
CASSTAAGLADYNEQFF	VTPSGTWLTY
CATSDQREHTDTQYF	VTPSGTWLTY
CASSPPTVSSYNEQFF	VTPSGTWLTY
CASSLVDSGPEGTQYF	VTPSGTWLTY
CATSRGGDDPYYEQYF	VTPSGTWLTY
CASSWGAGAGTEAFF	VTPSGTWLTY
CASSQAGAQETQYF	VTPSGTWLTY
CSVDESGVYGYTF	VTPSGTWLTY
CASSEEGSPHYEQYF	VTPSGTWLTY
CASNSGPELFF	VTPSGTWLTY
CSATRLAGERNEQFF	VTPSGTWLTY
CASAHGHLYNEQFF	VTPSGTWLTY
CASSLTDSSHQPQHF	VTPSGTWLTY
CASSLGEQYF	VTPSGTWLTY
CASSTGTGGYTEAFF	VTPSGTWLTY
CASSQETGGQEKLFF	VTPSGTWLTY
CASSWSYGSSYNEQFF	VTPSGTWLTY
CASSVVVISNQPQHF	VTPSGTWLTY
CASSQGQGGGETQYF	VTPSGTWLTY
CATGQGNEQFF	VTPSGTWLTY
CASSLTPEVGEQYF	VTPSGTWLTY
CASSLGGYEQYF	VTPSGTWLTY
CASSEIVTGTGELFF	VTPSGTWLTY
CASSLGSEQGPNTEAFF	VTPSGTWLTY
CASSIGLPPNEQFF	VTPSGTWLTY
CSARALAGINNEQFF	VTPSGTWLTY
CASSLGVGTEAFF	VTPSGTWLTY
CASNSGGGVMIEFF	VTPSGTWLTY
CASSALHAAQSYNEQFF	VTPSGTWLTY
CASSDRLAGEADTQYF	VTPSGTWLTY
CASSFGPPASGSYEQYF	VTPSGTWLTY
CASSFLLAGVTWNEQFF	VTPSGTWLTY
CATRGSEGSYNEQFF	VTPSGTWLTY
CASGFGFATNEKLFF	VTPSGTWLTY
CASSQGTAYNEQFF	VTPSGTWLTY
CASSLSPGSEQYF	VTPSGTWLTY
CASSERGRGFNQPQHF	VTPSGTWLTY
CASRLHWDGETQYF	VTPSGTWLTY
CASSLSLRETQYF	VTPSGTWLTY
CASSPVGDNTGELFF	VTPSGTWLTY
CAWTSSNSEQYF	VTPSGTWLTY
CASSLWAPRGAGTEAFF	VTPSGTWLTY
CASSFGQIEAFF	VTPSGTWLTY
CSARDYGGRYNEQFF	VTPSGTWLTY
CASSQAPLYVLNTEAFF	VTPSGTWLTY
CASSLPELYGYTF	VTPSGTWLTY
CASSLELLPSGELFF	VTPSGTWLTY
CASRDIARGNTIYF	VTPSGTWLTY
CASSLGGTDTQYF	VTPSGTWLTY
CASSLGTSGSSGDEQFF	VTPSGTWLTY
CASSEAPGLGYEQYF	VTPSGTWLTY
CASSHPGGGPEQYF	VTPSGTWLTY
CASSPTRQVDFYGYTF	VTPSGTWLTY
CASSYPGLAGGLGDTQYF	VTPSGTWLTY
CASSYLEISNQPQHF	VTPSGTWLTY
CSARDLGQGGVNTEAFF	VTPSGTWLTY
CASSLQLNTEAFF	VTPSGTWLTY
CASSLGTGQNEQYF	VTPSGTWLTY
CASRDFLITDTQYF	VTPSGTWLTY
CATSDLQIGQGQETQYF	VTPSGTWLTY
CASSSLGLADDGDIYNEQFF	VTPSGTWLTY
CASSFGQGDGDEQYF	VTPSGTWLTY
CASSLGGYEQYF	VTPSGTWLTY
CASSLGDRGQETQYF	VTPSGTWLTY
CASSLGPGGMNTEAFF	VTPSGTWLTY
CASSYGQGETQYF	VTPSGTWLTY
CASSQGVAGGNGGEQYF	VTPSGTWLTY
CASSQPGLDYGYTF	VTPSGTWLTY
CASSFGYEQYF	VTPSGTWLTY
CASSQDRGEATYEQYF	VTPSGTWLTY
CASSFGQGEGNEQFF	VTPSGTWLTY
CASSFFVERITYEQYF	VTPSGTWLTY
CASSPQADEQFF	VTPSGTWLTY
CASSLGLPPNEQFF	VTPSGTWLTY
CASTPVGPYSNQPQHF	VTPSGTWLTY
CASSLGLAPNEQYF	VTPSGTWLTY
CASSLGIGPQPQHF	VTPSGTWLTY
CASRREGQGWNTGELFF	VTPSGTWLTY
CAIRPTGERGTDTQYF	VTPSGTWLTY
CASSFGQGTGNTIYF	VTPSGTWLTY
CASSVGGGNRETQYF	VTPSGTWLTY
CASSVEGEGTQYF	VTPSGTWLTY
CASSTSPGTSGLYNEQFF	VTPSGTWLTY
CASSYLDNEQFF	VTPSGTWLTY
CASSQARRDTQYF	VTPSGTWLTY
CASSSKLPGGVHNEQFF	VTPSGTWLTY
CASSLAGANEQFF	VTPSGTWLTY
CASSQNRETSHEQYF	VTPSGTWLTY
CASSYPDSAHNEQFF	VTPSGTWLTY
CASSLMGGIHNEQFF	VTPSGTWLTY
CASKTAAGDSVWETQYF	VTPSGTWLTY
CASSVGTGSSYNEQFF	VTPSGTWLTY
CASSSLYDSRSDTQYF	VTPSGTWLTY
CASSLSPAVNTEAFF	VTPSGTWLTY
CASTLAGGSEQYF	VTPSGTWLTY
CASSHGQGAGNEQYF	VTPSGTWLTY
CASSQAAGGMDTQYF	VTPSGTWLTY
CASSLGPRGAEGYGYTF	VTPSGTWLTY
CASSLGWGNGYTF	VTPSGTWLTY
CASSLTGEAYEQYF	VTPSGTWLTY
CASSPQGRVLQSEITTDTQYF	VTPSGTWLTY
CASSFSSSPGNTIYF	VTPSGTWLTY
CASSLGLAAYNEQFF	VTPSGTWLTY
CASSFGTGYTEAFF	VTPSGTWLTY
CASRPGLAEQFF	VTPSGTWLTY
CASSPTDPGSEQYF	VTPSGTWLTY
CASSQAGQPNTEAFF	VTPSGTWLTY
CASSLFPTTSYEQYF	VTPSGTWLTY
CASSQDLGGALVDEQFF	VTPSGTWLTY
CASSQDGAQGAFYEQYF	VTPSGTWLTY
CASKSIPQGSNQPQHF	VTPSGTWLTY
CASSISGALQHF	VTPSGTWLTY
CASSPQGAWNQPQHF	VTPSGTWLTY
CASSPGTIQETQYF	VTPSGTWLTY
CASSLKTDRDTDTQYF	VTPSGTWLTY
CASSSTGGDEQYF	VTPSGTWLTY
CASSLIRTVNTGELFF	VTPSGTWLTY
CASSSGLAETYEQYF	VTPSGTWLTY
CASSQNSGTGDLDEQFF	VTPSGTWLTY
CASTPTRLGNQPQHF	VTPSGTWLTY
CASSLGQSYNSPLHF	VTPSGTWLTY
CASSEVGAGPNYGYTF	VTPSGTWLTY
CASSLGTPPQPQHF	VTPSGTWLTY
CASSQERDLAGVPQETQYF	VTPSGTWLTY
CASSLGTGFNEQYF	VTPSGTWLTY
CASHSGGELFF	VTPSGTWLTY
CSARDFASGRGNEQFF	VTPSGTWLTY
CSASGIESSYNSPLHF	VTPSGTWLTY
CSASKGLADQETQYF	VTPSGTWLTY
CASSIASTDTQYF	VTPSGTWLTY
CASSQVEYSNQPQHF	VTPSGTWLTY
CASSLGLPPNEQFF	VTPSGTWLTY
CASSQVGREQYF	VTPSGTWLTY
CASSQDPDRFSYEQYF	VTPSGTWLTY
CASSLAITYEQYF	VTPSGTWLTY
CASSLGVLSQPQHF	VTPSGTWLTY
CSAGGRTGAYEQYF	VTPSGTWLTY
CASSLGTGDQPQHF	VTPSGTWLTY
CASRDSLYEQYF	VTPSGTWLTY
CASSLGAGSSSPLHF	VTPSGTWLTY
CASSPRDRGFYEQYF	VTPSGTWLTY
CASGLAGGTQYF	VTPSGTWLTY
CASSLGQGVSSYEQYF	VTPSGTWLTY
CATSDGASSTDTQYF	VTPSGTWLTY
CASSWTGETEAFF	VTPSGTWLTY
CASSRAPRTSANYEQYF	VTPSGTWLTY
CASSPTGAIAKNIQYF	VTPSGTWLTY
CASSLDLGMNTEAFF	VTPSGTWLTY
CASSLGLDLIYEQYF	VTPSGTWLTY
CASSLGPPGQGAWQPQHF	VTPSGTWLTY
CASSQLLGQGGEQYF	VTPSGTWLTY
CASSLGGSYEQYF	VTPSGTWLTY
CASSTAGVGYSNQPQHF	VTPSGTWLTY
CASSQDWASGAGELFF	VTPSGTWLTY
CASSLTTGSYNEQFF	VTPSGTWLTY
CASSSGTGAGEQYF	VTPSGTWLTY
CASSLAGAGEATDTQYF	VTPSGTWLTY
CSAMGQGLYEQYF	VTPSGTWLTY
CASSLAGVGAGGPTDTQYF	VTPSGTWLTY
CSASTGDKLNEQFF	VTPSGTWLTY
CASNFGQGAQGYTF	VTPSGTWLTY
CASSLFIGTVNTEAFF	VTPSGTWLTY
CASSPTSGSASSYNEQFF	VTPSGTWLTY
CASSPRTETYEQYF	VTPSGTWLTY
CASSQDLGQGAYYEQYF	VTPSGTWLTY
CASSLGSGALEQYF	VTPSGTWLTY
CAWSYRENTEAFF	VTPSGTWLTY
CATSDHRESSYEQYF	VTPSGTWLTY
CASSVLMGDSYEQYF	VTPSGTWLTY
CATSDGDTSSYEQYF	VTPSGTWLTY
CASSLGLTDTQYF	VTPSGTWLTY
CASRSPGDPPGDTQYF	VTPSGTWLTY
CASSQDQRGQPNEKLFF	VTPSGTWLTY
CASSFGGEPQETQYF	VTPSGTWLTY
CASKLNPDGGNTIYF	VTPSGTWLTY
CATSDPTERYGYTF	VTPSGTWLTY
CASSLVTGGDTQYF	VTPSGTWLTY
CASSATTDQNTEAFF	VTPSGTWLTY
CATSNTTGGEQYF	VTPSGTWLTY
CASSSNLGQRNEKLFF	VTPSGTWLTY
CASIRTEMNTEAFF	VTPSGTWLTY
CASSQDWPDYNSPLHF	VTPSGTWLTY
CASSYSAGDTGELFF	VTPSGTWLTY
CASSEVQGAYNSPLHF	VTPSGTWLTY
CASTGDNYGYTF	VTPSGTWLTY
CASTDSSGEGNTEAFF	VTPSGTWLTY
CASSVTGGTEAFF	VTPSGTWLTY
CASTTGPFAEQFF	VTPSGTWLTY
CASSQDWDSSYEQYF	VTPSGTWLTY
CASSPAGTVDSPLHF	VTPSGTWLTY
CSARDLTSSYNEQFF	VTPSGTWLTY
CASSLGLAKNIQYF	VTPSGTWLTY
CASSWTALTDTQYF	VTPSGTWLTY
CASSSRLAGSTDTQYF	VTPSGTWLTY
CASSFHSRDAAYEQYF	VTPSGTWLTY
CASSPSPEQGHEQFF	VTPSGTWLTY
CASSQPDRGGYEQYF	VTPSGTWLTY
CASTKGQGPGELFF	VTPSGTWLTY
CASSLGLTDTQYF	VTPSGTWLTY
CASSVVGLANNEQFF	VTPSGTWLTY
CASSLGSTDTQYF	VTPSGTWLTY
CASSLSRYTEAFF	VTPSGTWLTY
CASSQGGTDTQYF	VTPSGTWLTY
CASSWGLPVGNEQYF	VTPSGTWLTY
CASSLTGEATQYF	VTPSGTWLTY
CASTGLAGTNEQFF	VTPSGTWLTY
CSASLQHNEQFF	VTPSGTWLTY
CASSLDARRTGAEKENTGELFF	VTPSGTWLTY
CATSENRDSYEQYF	VTPSGTWLTY
CSARVPLDSAGGPFQETQYF	VTPSGTWLTY
CASSQDPGTGLYGYTF	VTPSGTWLTY
CASSYGQGIYNEQFF	VTPSGTWLTY
CASSAGGGTQYF	VTPSGTWLTY
CASSSGTQNTEAFF	VTPSGTWLTY
CATSDPHEGYEQYF	VTPSGTWLTY
CASSQDTGSGAFYEQYF	VTPSGTWLTY
CASSRTGEPYNEQFF	VTPSGTWLTY
CATSRGGSGVGNEQFF	VTPSGTWLTY
CASSLGPERTDSYEQYF	VTPSGTWLTY
CASSFGQGAHNEQFF	VTPSGTWLTY
CASSLIPTVAGGDEQFF	VTPSGTWLTY
CASSYTGAGFQETQYF	VTPSGTWLTY
CASSSGYEQYF	VTPSGTWLTY
CASSPGQISTDTQYF	VTPSGTWLTY
CASSPDPGLAGHEQYF	VTPSGTWLTY
CASSLTRRAIFNQPQHF	VTPSGTWLTY
CASSLRLGSSGNTIYF	VTPSGTWLTY
CSARDYRTGGLNYGYTF	VTPSGTWLTY
CASSWEFSDNEQFF	VTPSGTWLTY
CASSLTGSSTDTQYF	VTPSGTWLTY
CASSSAVSGGSSYNEQFF	VTPSGTWLTY
CASRKDPGQVNTEAFF	VTPSGTWLTY
CATSDSTQSTDTQYF	VTPSGTWLTY
CASSEARDGRVYEQYF	VTPSGTWLTY
CASSQEQGQGRQPQHF	VTPSGTWLTY
CASSTPNTDTQYF	VTPSGTWLTY
CASSSGRNNEQFF	VTPSGTWLTY
CASSDRDRGWATNEKLFF	VTPSGTWLTY
CASSGSGFLTDTQYF	VTPSGTWLTY
CASSYGDNEQFF	VTPSGTWLTY
CASSLRDRTMNTEAFF	VTPSGTWLTY
CASSLYTGSNTEAFF	VTPSGTWLTY
CASSYPPPGVGYNEQFF	VTPSGTWLTY
CASSQEKSAESSYNEQFF	VTPSGTWLTY
CASSPLDRGDNSPLHF	VTPSGTWLTY
CASSPAGAYEQYF	VTPSGTWLTY
CASSIGGVGSPLHF	VTPSGTWLTY
CASSQDPALTEKLFF	VTPSGTWLTY
CATVGQVGDNEQFF	VTPSGTWLTY
CASSFPGAEQYF	VTPSGTWLTY
CASSEAPRLAGHYEQYF	VTPSGTWLTY
CASSIGLIGGGNTEAFF	VTPSGTWLTY
CASSQDYTDYNSPLHF	VTPSGTWLTY
CASSSYGTYFGRKNTGELFF	VTPSGTWLTY
CASSYPLDRGNPEAFF	VTPSGTWLTY
CATSDSQSSYEQYF	VTPSGTWLTY
CASSLEPSGGDQETQYF	VTPSGTWLTY
CSARDPEGSYNEQFF	VTPSGTWLTY
CASSLVGLSGTQYF	VTPSGTWLTY
CASSQPFLADTGELFF	VTPSGTWLTY
CASSLPPRGTTGELFF	VTPSGTWLTY
CASSDGQHYGYTF	VTPSGTWLTY
CASSYPFLGNSNQPQHF	VTPSGTWLTY
CASSPFAGELFF	VTPSGTWLTY
CASSVGLPLNNEQFF	VTPSGTWLTY
CASSQVPAGAGVYEQYF	VTPSGTWLTY
CASSSTLTDQETQYF	VTPSGTWLTY
CASSYGASTGSWAKIGETQYF	VTPSGTWLTY
CASSQRVSMGDTQYF	VTPSGTWLTY
CASQISGVAYNEQFF	VTPSGTWLTY
CASSISTGESGSPLHF	VTPSGTWLTY
CASSNRQNEAFF	VTPSGTWLTY
CASSVERTGYNEQFF	VTPSGTWLTY
CASSYSPGTTQETQYF	VTPSGTWLTY
CASSPTGNTGELFF	VTPSGTWLTY
CASSQDRQIYEQYF	VTPSGTWLTY
CASSLAGQPNTEAFF	VTPSGTWLTY
CASSWTGETEAFF	VTPSGTWLTY
CASSFGQGEYNEQFF	VTPSGTWLTY
CASSIAAGGHQPQHF	VTPSGTWLTY
CASSQSSIEGAFNEQFF	VTPSGTWLTY
CASLGGGSYNEQFF	VTPSGTWLTY
CASRLALNNEQFF	VTPSGTWLTY
CASSQGVSESSYEQYF	VTPSGTWLTY
CASTPNLLASEQYF	VTPSGTWLTY
CASSGTSGGNEQFF	VTPSGTWLTY
CASSFTGVDGYTF	VTPSGTWLTY
CASSQDGTSGRNEQFF	VTPSGTWLTY
CASSQDRSFPYNEQFF	VTPSGTWLTY
CASSWDFGSTDTQYF	VTPSGTWLTY
CATSDVTGSSDGYTF	VTPSGTWLTY
CASSQARANTGELFF	VTPSGTWLTY
CASSQDPGVNTEAFF	VTPSGTWLTY
CSAGGRSGAYEQYF	VTPSGTWLTY
CASSVFEGTGGNSPLHF	VTPSGTWLTY
CASSQEWLAPNEQFF	VTPSGTWLTY
CASSLGLAGYNEQFF	VTPSGTWLTY
CASSQDTAALAELFF	VTPSGTWLTY
CASSWGQGAQNEQFF	VTPSGTWLTY
CATSDPGTDTQYF	VTPSGTWLTY
CSARDPGQGVTGANVLTF	VTPSGTWLTY
CASKDSYEQYF	VTPSGTWLTY
CATSARDRSYEQYF	VTPSGTWLTY
CASSLGLAPAEQYF	VTPSGTWLTY
CASSQGLANEQFF	VTPSGTWLTY
CASSLIPGQVNEQFF	VTPSGTWLTY
CATSDHLEYEQYF	VTPSGTWLTY
CASSQAGAEAFF	VTPSGTWLTY
CASSLAGSSYNEQFF	VTPSGTWLTY
CASSYSLQAAYNEQFF	VTPSGTWLTY
CASSSGGTDTQYF	VTPSGTWLTY
CASSLTAEATNEKLFF	VTPSGTWLTY
CSARDLKGAESPLHF	VTPSGTWLTY
CASSLVGTGWETEAFF	VTPSGTWLTY
CASSQGMAQPQHF	VTPSGTWLTY
CASSLGLAGGLWVELFF	VTPSGTWLTY
CASSWIAGGIYEQFF	VTPSGTWLTY
CASSVNLDNTEAFF	VTPSGTWLTY
CASSLQPRQGMNTEAFF	VTPSGTWLTY
CASSNYEQYF	VTPSGTWLTY
CASSSGGTAEAFF	VTPSGTWLTY
CASSSEGEGEQYF	VTPSGTWLTY
CASSLGTGYNEQFF	VTPSGTWLTY
CASSLAEWDSYEQYF	VTPSGTWLTY
CASSQEPQGSGANVLTF	VTPSGTWLTY
CASSLGDSSTEAFF	VTPSGTWLTY
CASSGAGGFNYEQYF	VTPSGTWLTY
CASSEARLAGEYEQYF	VTPSGTWLTY
CASSQVSTDGGYEQYF	VTPSGTWLTY
CATSDSQRASYEQYF	VTPSGTWLTY
CASSVGIASNYGYTF	VTPSGTWLTY
CASSLQGYEANEQFF	VTPSGTWLTY
CASSPPSDQETQYF	VTPSGTWLTY
CSARDWTGGSSYEQYF	VTPSGTWLTY
CASSPGTGVWEQYF	VTPSGTWLTY
CSARGLAGNYNEQFF	VTPSGTWLTY
CASRPHASGGEQFF	VTPSGTWLTY
CASSYSGQQHNSPLHF	VTPSGTWLTY
CASSQVLLAHLNEQYF	VTPSGTWLTY
CASSVGLAGNYEQYF	VTPSGTWLTY
CASSEAGQMNTEAFF	VTPSGTWLTY
CATSVGFVNEQFF	VTPSGTWLTY
CASSLGVGVGYTF	VTPSGTWLTY
CASSQVSGTDTQYF	VTPSGTWLTY
CASSLGEGAFYGYTF	VTPSGTWLTY
CASSHPEGQASYEQYF	VTPSGTWLTY
CASSQEPTELYEQYF	VTPSGTWLTY
CATSDLLAAINEQFF	VTPSGTWLTY
CASSQGSQGNEKLFF	VTPSGTWLTY
CSATERDTPSYEQYF	VTPSGTWLTY
CASSPDSNEQFF	VTPSGTWLTY
CATSDLREDSETQYF	VTPSGTWLTY
CSARSLAGEQSYEQYF	VTPSGTWLTY
CASSLGSTDTQYF	VTPSGTWLTY
CASSVGLSTDTQYF	VTPSGTWLTY
CASSDYTGVMNTEAFF	VTPSGTWLTY
CASSVVGVNTGELFF	VTPSGTWLTY
CASSLADSQPTDTQYF	VTPSGTWLTY
CASSLTASSTDTQYF	VTPSGTWLTY
CASSLYPPEGGGELFF	VTPSGTWLTY
CASSLAGTGMNTEAFF	VTPSGTWLTY
CATSDSASSTDTQYF	VTPSGTWLTY
CASSILPRGTDTQYF	VTPSGTWLTY
CASSTLDRATSTDTQYF	VTPSGTWLTY
CASSRGQYYTDTQYF	VTPSGTWLTY
CASSPGPEVVYGYTF	VTPSGTWLTY
CSASNQGLSNEQFF	VTPSGTWLTY
CASSLGLVPLEQYF	VTPSGTWLTY
CASSPRLAGGPYEQYF	VTPSGTWLTY
CASSFHRGSAILNTEAFF	VTPSGTWLTY
CASSLGVGNQPQHF	VTPSGTWLTY
CASSLQGSDTEAFF	VTPSGTWLTY
CASSQRGGLDTEAFF	VTPSGTWLTY
CASSLDPGRGGHYEQYF	VTPSGTWLTY
CASSALADTQETQYF	VTPSGTWLTY
CASSQDTGATSYEQYF	VTPSGTWLTY
CASSLHAPGDTEAFF	VTPSGTWLTY
CASSWTGRTGFVSYNEQFF	VTPSGTWLTY
CASSQDPALNTEAFF	VTPSGTWLTY
CASSLSPAASYEQYF	VTPSGTWLTY
CAISESPVRTYEQYF	VTPSGTWLTY
CSAGGRQGAYEQYF	VTPSGTWLTY
CASSLFGLSNSPLHF	VTPSGTWLTY
CASSKTSGVNTGELFF	VTPSGTWLTY
CASSLDRGVGADTQYF	VTPSGTWLTY
CASSLFRTGEWEQYF	VTPSGTWLTY
CASFLRAGVGTDTQYF	VTPSGTWLTY
CASSFTDGYTEAFF	VTPSGTWLTY
CASRTGTGPFEKLFF	VTPSGTWLTY
CASSLVLVGGDTQYF	VTPSGTWLTY
CASSLGGASDNEQFF	VTPSGTWLTY
CASSYNYNEQFF	VTPSGTWLTY
CASSTVHYSNQPQHF	VTPSGTWLTY
CASSPMNTEAFF	VTPSGTWLTY
CASSLVETAYGYTF	VTPSGTWLTY
CASSFGFGEQFF	VTPSGTWLTY
CASNIGWGTEAFF	VTPSGTWLTY
CASSLGGPPSYTQYF	VTPSGTWLTY
CASNAVMYSNQPQHF	VTPSGTWLTY
CASSFVAGETTYEQYF	VTPSGTWLTY
CASSLQGAPGNTIYF	VTPSGTWLTY
CASSLSGAYTGELFF	VTPSGTWLTY
CASSQDPGHTGELFF	VTPSGTWLTY
CASSPVAGETYEQYF	VTPSGTWLTY
CASSYAGLATYNEQFF	VTPSGTWLTY
CASSWGLFTEAFF	VTPSGTWLTY
CASSLFASEFNEQFF	VTPSGTWLTY
CASSESGTGFNQPQHF	VTPSGTWLTY
CASSGGTSGRTDTQYF	VTPSGTWLTY
CASSLGGEGFNQPQHF	VTPSGTWLTY
CASSSGGTDTQYF	VTPSGTWLTY
CASSQDGGAGQPQHF	VTPSGTWLTY
CASSPTGGPYNEQFF	VTPSGTWLTY
CASSLGLNEQFF	VTPSGTWLTY
CSAIYRGLYEQYF	VTPSGTWLTY
CASSFRTSSYEQYF	VTPSGTWLTY
CAGSAAGLEGYEQYF	VTPSGTWLTY
CASSLDSNQPQHF	VTPSGTWLTY
CASSWTGEPGNTIYF	VTPSGTWLTY
CASSQVEILNEQFF	VTPSGTWLTY
CASSYDRNFYEQYF	VTPSGTWLTY
CASSQVAGDGLYEQYF	VTPSGTWLTY
CASSQDGASTEAFF	VTPSGTWLTY
CASSLANNSPLHF	VTPSGTWLTY
CASSEAPQGAGSYEQYF	VTPSGTWLTY
CAWGNYGYTF	VTPSGTWLTY
CASSLTGTGNTEAFF	VTPSGTWLTY
CASSGTGFNQPQHF	VTPSGTWLTY
CATSDSGSTYEQYF	VTPSGTWLTY
CASSSLVAGVYETQYF	VTPSGTWLTY
CASSQETVGEQFF	VTPSGTWLTY
CASSSMTAWNQPQHF	VTPSGTWLTY
CASSLVDRVHNTGELFF	VTPSGTWLTY
CASSSTPSGGWETQYF	VTPSGTWLTY
CASSQPPDRGFLYEQYF	VTPSGTWLTY
CASSQVNLDPSYEQYF	VTPSGTWLTY
CASSLGTPPNEQYF	VTPSGTWLTY
CASSQGQGIYSNQPQHF	VTPSGTWLTY
CASSLGPQGYQPQHF	VTPSGTWLTY
CASSADLGMNTEAFF	VTPSGTWLTY
CSVDRGVGNTIYF	VTPSGTWLTY
CASSKELAGVVVKNIQYF	VTPSGTWLTY
CASSLGQGSYNEQFF	VTPSGTWLTY
CASSQTESGANVLTF	VTPSGTWLTY
CSARTRHQIVEQYF	VTPSGTWLTY
