CDR3	AA
CASSPRDSSSYEQYF	TTLPVNVAF
CASSIADGYQPQHF	TTLPVNVAF
CASSESDAWNEQFF	TTLPVNVAF
CASNGLAGGLLNEQFF	TTLPVNVAF
CASSEYGNSQGFYEQYF	TTLPVNVAF
CASSLAPENTEAFF	TTLPVNVAF
CASSLGGTEAFF	TTLPVNVAF
CASSPTRGDNEQFF	TTLPVNVAF
CASSAGTAYNEQFF	TTLPVNVAF
CASSQAHWDRGSYGYTF	TTLPVNVAF
CASRGQARLGDQPQHF	TTLPVNVAF
CASSPGGEQFF	TTLPVNVAF
CASSPGGMNTEAFF	TTLPVNVAF
CASRDQGHLYEQYV	TTLPVNVAF
CAISEGPPGEQYV	TTLPVNVAF
CASSFTVDTEAFF	TTLPVNVAF
CASSQDSASGIMNEQFF	TTLPVNVAF
CASSPGQIYGYTF	TTLPVNVAF
CASSQEVFSYNEQFF	TTLPVNVAF
CASGLNSGTSDYNEQFF	TTLPVNVAF
CASSGTWDEQYF	TTLPVNVAF
