CDR3	AA
CASSFIAAQSTDTQYF	LKKRWQLAL
CASSPALEGYYEQYF	LKKRWQLAL
CASSEVGLGAGEETQYF	LKKRWQLAL
CASSPVLQVTQYF	LKKRWQLAL
CASTSPYPGELFF	LKKRWQLAL
CASSFPGPTDTQYF	LKKRWQLAL
CASSYRQIDEQYF	LKKRWQLAL
CASSLDRRDEQFF	LKKRWQLAL
CASSQDSASLYGYTF	LKKRWQLAL
CASSLEMTGGASLTDTQYF	LKKRWQLAL
CASSFGEEQFF	LKKRWQLAL
CASSDPGDNEQFF	LKKRWQLAL
CASSQDWREFTDTQYF	LKKRWQLAL
CASSLGLAGGGPDTQYF	LKKRWQLAL
CASTHPLYNEQFF	LKKRWQLAL
CASSPSTDYEQYF	LKKRWQLAL
CASNVRDSYEQYF	LKKRWQLAL
CASSQGTGLNYGYTF	LKKRWQLAL
CASSFEGSHEQYF	LKKRWQLAL
CSAETTRVPDTQYF	LKKRWQLAL
CASSQGILSSYEQYF	LKKRWQLAL
CASSLGVLYEQYF	LKKRWQLAL
CATSGEREAFF	LKKRWQLAL
CASTSPYPGELFF	LKKRWQLAL
CSASFNLGARFREQFF	LKKRWQLAL
