CDR3	AA
CASSLDRGDIQYF	KAYNVTQAF
CSARGQGESRYTF	KAYNVTQAF
CASSGRVVREQYF	KAYNVTQAF
CASSQVQGVKNTEAFF	KAYNVTQAF
CASSLRERGSYNEQFF	KAYNVTQAF
CASSQGQGEFYEQYF	KAYNVTQAF
CASSFRQGAYNEQFF	KAYNVTQAF
CASSLGHEQYF	KAYNVTQAF
CASSLGGTGELFF	KAYNVTQAF
CASSLDRGEVYGYTF	KAYNVTQAF
CASSFVAGTENTGELFF	KAYNVTQAF
CASSQDFRYTDTQYF	KAYNVTQAF
CASSYERNYGYTF	KAYNVTQAF
CASSRGQGELGEQYF	KAYNVTQAF
CASSPWTSKYLYNEQFF	KAYNVTQAF
CASSLFVGSGGVREKLFF	KAYNVTQAF
CASSKLERGYSNQPQHF	KAYNVTQAF
CASSEEDRRFDQPQHF	KAYNVTQAF
CASSLSVRLWSGNTIYF	KAYNVTQAF
CASSYATLGGEQFF	KAYNVTQAF
CASSPGGVYEQYF	KAYNVTQAF
CASSLSAGTSLVDTQYF	KAYNVTQAF
CASSLRAGVSTDTQYF	KAYNVTQAF
CASSSGLRTYNEQFF	KAYNVTQAF
CASSPLGGSLEKLFF	KAYNVTQAF
CASAGTGKGTEAFF	KAYNVTQAF
CASSATDPPQYF	KAYNVTQAF
CASSWGTGLTEAFF	KAYNVTQAF
CASSWTGGRSPLHF	KAYNVTQAF
CASSPVGHRSPLHF	KAYNVTQAF
CASSFDGGSSPLHF	KAYNVTQAF
CASSRGYEQYF	KAYNVTQAF
CASSFRDRGSYNEQFF	KAYNVTQAF
CASRGGLAGDYNEQFF	KAYNVTQAF
CASSLDTGESRKYEQYF	KAYNVTQAF
CASSIPNMMRATEAFF	KAYNVTQAF
CASSFDRGDTQYF	KAYNVTQAF
CASAPASFFYGYTF	KAYNVTQAF
CASSQDGEDWGTQYF	KAYNVTQAF
CASSYSDGGLTTSTDTQYF	KAYNVTQAF
CASSLGGGQETQYF	KAYNVTQAF
CASSYFTGDGYTF	KAYNVTQAF
CASSPMDQGLSLSTDTQYF	KAYNVTQAF
CASSVLGTYEQYF	KAYNVTQAF
CASSVSGTGEFLREKLFF	KAYNVTQAF
CASSYSGSYIEAFF	KAYNVTQAF
CASSTIDRGRLGNEQFF	KAYNVTQAF
CASSPGTGEMRPQHF	KAYNVTQAF
CASSFGQRGTQYF	KAYNVTQAF
CASSQVGGLETSGEAYEQYF	KAYNVTQAF
CASSEVPRAGNYGYTF	KAYNVTQAF
CAGRTGGGNSPLHF	KAYNVTQAF
CASSQDRDRGYEQYF	KAYNVTQAF
CASSDSGGNTEAFF	KAYNVTQAF
CASSFDRATEAFF	KAYNVTQAF
CASSTRGRGSYNEQFF	KAYNVTQAF
CASSPEDGYTF	KAYNVTQAF
CASSWNRAGDGYTF	KAYNVTQAF
CASSYLWEQTGSGRHNEQFF	KAYNVTQAF
CASSLGSGGVTYEQYF	KAYNVTQAF
CAWSVGLGAEQYF	KAYNVTQAF
CASSLSQAVGVQPQHF	KAYNVTQAF
CSAEAGWTEAFF	KAYNVTQAF
CASSLGIDTQYF	KAYNVTQAF
CASSERDRGEYNEQFF	KAYNVTQAF
CASSLQGAEYEQYF	KAYNVTQAF
CASSYSGSGGKTTQYF	KAYNVTQAF
CASSYNGQGTFSREQYF	KAYNVTQAF
CASSLAVTGPSYEQYF	KAYNVTQAF
CASSLGGGANEQFF	KAYNVTQAF
CASSLGGDEQFF	KAYNVTQAF
CASSLGQGEFYEQYF	KAYNVTQAF
CASSGTAGASHNEQFF	KAYNVTQAF
CATSSLPPSGNNTEAFF	KAYNVTQAF
CASSEGGVTYEQYF	KAYNVTQAF
CASSQDYDRGEYTEAFF	KAYNVTQAF
CASSYKGFGDRSTGELFF	KAYNVTQAF
CASSPRTSGEYNEQFF	KAYNVTQAF
CASSPGQGLDIYGYTF	KAYNVTQAF
CASSQDVQGLYQPQHF	KAYNVTQAF
CASSLSVFLDEQFF	KAYNVTQAF
CASSAGTGEAHEQYF	KAYNVTQAF
CASSLGTGETREQYF	KAYNVTQAF
CASSWTDAGVQGSYNEQFF	KAYNVTQAF
CASSYPEGLADTGELFF	KAYNVTQAF
CTSSQDIPRTGCSSTNEKLFF	KAYNVTQAF
CATKPGQGNTEAFF	KAYNVTQAF
CASSLDRPDTGELFF	KAYNVTQAF
CASSWRPDNSPLHF	KAYNVTQAF
CASSYGGGDGYTF	KAYNVTQAF
CASSLGTGEYSEQFF	KAYNVTQAF
CASSATMRHEQYF	KAYNVTQAF
CASRGPQNTGELFF	KAYNVTQAF
CSADYTDRGGAYNEQFF	KAYNVTQAF
CATSRDLRQPQHF	KAYNVTQAF
CASSATMRHEQYF	KAYNVTQAF
CASSLLGVQPQHF	KAYNVTQAF
CASSENRGEVRPYEQYF	KAYNVTQAF
CSAREAPLGEQYF	KAYNVTQAF
CASSYTDRAEAFF	KAYNVTQAF
CASSLGGANTEAFF	KAYNVTQAF
CASSQGRGEVNTEAFF	KAYNVTQAF
CSARLTWDDYGYTF	KAYNVTQAF
CASSLAEKLFF	KAYNVTQAF
CASGLAGAINEQFF	KAYNVTQAF
CASSWEGDGVYGYTF	KAYNVTQAF
CASSVGGANTEAFF	KAYNVTQAF
CASSLGAGGARTGELFF	KAYNVTQAF
CASSLDGPDGYTF	KAYNVTQAF
CASSLTSGSEETQYF	KAYNVTQAF
CSARTFAGGALLNTGELFF	KAYNVTQAF
CASSLGGAIVEQFF	KAYNVTQAF
CASSAQSGMEDEQFF	KAYNVTQAF
CASSLGGETQYF	KAYNVTQAF
CASSSGQRNIQYF	KAYNVTQAF
CASSLYETSGGADTQYF	KAYNVTQAF
CASTLDVRTEAFF	KAYNVTQAF
CASSFLGIYEQYF	KAYNVTQAF
CASTRTGLGPDNEQFF	KAYNVTQAF
CASSSPEMVAFSTDTQYF	KAYNVTQAF
CASSLTGELFF	KAYNVTQAF
CASSSLQGDENIQYF	KAYNVTQAF
CASSQGDIQYF	KAYNVTQAF
CASSTYGTSGDNEQFF	KAYNVTQAF
CASSIDLGRVEAFF	KAYNVTQAF
CASSQGRTSPLHF	KAYNVTQAF
CASRVDRGEYNEQFF	KAYNVTQAF
CASSARTLEDPYNEQFF	KAYNVTQAF
CASSFGAGGARTGELFF	KAYNVTQAF
CASSLGGEGATDTQYF	KAYNVTQAF
CSALQGEHGYTF	KAYNVTQAF
CASSQDGRAGVSYNEQFF	KAYNVTQAF
AGVKITNSYEQYF	KAYNVTQAF
CASSPRKREVEETQYF	KAYNVTQAF
CSAREQGAYRYTF	KAYNVTQAF
CSARGLATLNEQYF	KAYNVTQAF
CASSYGQGETYEQYF	KAYNVTQAF
CASSPRDRGPSTDNSPLHF	KAYNVTQAF
CASSPRTGARLGEQYF	KAYNVTQAF
CASSPGLAGPETQYF	KAYNVTQAF
CASSFLSGSGGARETQYF	KAYNVTQAF
CASSYRHDNSPLHF	KAYNVTQAF
CASSYPGLAGEQYF	KAYNVTQAF
CASSQDTGTYRVHEQFF	KAYNVTQAF
CASSYWDSISYEQYF	KAYNVTQAF
CASSQDWGQGNTGELFF	KAYNVTQAF
CASSLLFREGDTQYF	KAYNVTQAF
CASSVADNEQFF	KAYNVTQAF
CASSSRTTGTVNTEAFF	KAYNVTQAF
CASSYPGLAGEQYF	KAYNVTQAF
CASSAGTGEAHEQYF	KAYNVTQAF
CASSQIQGTDTQYF	KAYNVTQAF
CASSWRQDNYGYTF	KAYNVTQAF
CASSQDGVGGYGYTF	KAYNVTQAF
CASRADRGSIQPQHF	KAYNVTQAF
CASSVVEEGDEQYF	KAYNVTQAF
CASSYGQGEYRDTEAFF	KAYNVTQAF
CASSLLAGGTSTDTQYF	KAYNVTQAF
CASSFLGSAFGSNQPQHF	KAYNVTQAF
CASSLSQAVGVQPQHF	KAYNVTQAF
CASSYGGADGYTF	KAYNVTQAF
CASSLVQGRGAFF	KAYNVTQAF
CASSPGGYEQYF	KAYNVTQAF
CASSQDGGGTSNEQFF	KAYNVTQAF
CASSVRDRGTYNEQFF	KAYNVTQAF
CASSIGQGPETQYF	KAYNVTQAF
CASSVDLSNQPQHF	KAYNVTQAF
CASSFGGGIAEAFF	KAYNVTQAF
CASSLSREETQYF	KAYNVTQAF
CASSYSGRTEAFF	KAYNVTQAF
CASSDGQGASTDTQYF	KAYNVTQAF
CASSLLAGGPSTDTQYF	KAYNVTQAF
CASSPGKADLETQYF	KAYNVTQAF
CASSLEARGSFTGELFF	KAYNVTQAF
CASSFGGNTEAFF	KAYNVTQAF
CARRGHPSNQPQHF	KAYNVTQAF
CATSTGQGEAQPQHF	KAYNVTQAF
CASSYRNSGEYQETQYF	KAYNVTQAF
CASSYGEEQYF	KAYNVTQAF
CASSLSREETQYF	KAYNVTQAF
CSATGLAGKDEQYF	KAYNVTQAF
CASSYVWNTEAFF	KAYNVTQAF
CASSFDRNTEAFF	KAYNVTQAF
CASSFDQNTEAFF	KAYNVTQAF
CASSVGTGTLRDTQYF	KAYNVTQAF
CASRTSPHEQYF	KAYNVTQAF
CASSYDTGATEAFF	KAYNVTQAF
CASSRGYEQYF	KAYNVTQAF
CASSLGDWGSNQPQHF	KAYNVTQAF
CASSLRAGRRTEAFF	KAYNVTQAF
CASSQGRGEVNTEAFF	KAYNVTQAF
CASSEVRDRGTFSNQPQHF	KAYNVTQAF
CASSEEDRRFDQPQHF	KAYNVTQAF
CATSRDLRDEQYF	KAYNVTQAF
CASSLGYEQYF	KAYNVTQAF
CASSYVWNTEAFF	KAYNVTQAF
CATGLGSGRNEQFF	KAYNVTQAF
CASRGYGYTF	KAYNVTQAF
CASSLGQRNIQYF	KAYNVTQAF
CASSSDRGASRLYEQYF	KAYNVTQAF
CASTLYRVRTGELFF	KAYNVTQAF
CASSLGGKNTEAFF	KAYNVTQAF
CASSLGGSPNEKLFF	KAYNVTQAF
CASSLAGLNSPLHF	KAYNVTQAF
CASSQGGSPNEKLFF	KAYNVTQAF
CASSLTGNSYNEQFF	KAYNVTQAF
CASSQDWLSTDTQYF	KAYNVTQAF
CASKGVSVPGELFF	KAYNVTQAF
CASRPGTYNTEAFF	KAYNVTQAF
CASSRFPDNNQPQHF	KAYNVTQAF
CASSFDRGNTIYF	KAYNVTQAF
CASSQDNTGIEAFF	KAYNVTQAF
CASSLDRGHGNSPLHF	KAYNVTQAF
CASSQEHETVNYEQYF	KAYNVTQAF
CASSRDRGEFRSYEQYF	KAYNVTQAF
CASSLGSSATEAFF	KAYNVTQAF
CASSQDSGGFGELFF	KAYNVTQAF
CASSERDRGELFYGYTF	KAYNVTQAF
CSASRGGSNQPQHF	KAYNVTQAF
CASSYYNTEAFF	KAYNVTQAF
CASSLGGDTQYF	KAYNVTQAF
CASSQGPGGGRSLPEAFF	KAYNVTQAF
CASSRTGTEETQYF	KAYNVTQAF
CASRSDNLGETQYF	KAYNVTQAF
CASSFLVNTEAFF	KAYNVTQAF
CASSYGGAAAAQYF	KAYNVTQAF
CASSFDRDEQYF	KAYNVTQAF
CASNRGMVGELFF	KAYNVTQAF
CASSLYPQRAGWGTEAFF	KAYNVTQAF
CASSIDQGARYEQYF	KAYNVTQAF
CASTTRDRGLPHSINNEQFF	KAYNVTQAF
CASSFDRDEQYF	KAYNVTQAF
CASSFWNDADRGVREQYF	KAYNVTQAF
CATSRNPGQGVREKLFF	KAYNVTQAF
CASSLGQRNTIYF	KAYNVTQAF
CASSQDPGILAGVSLNHTQYF	KAYNVTQAF
CASSLGHYEQYF	KAYNVTQAF
CASSLLGAGVNEQFF	KAYNVTQAF
CASTLGGGPQETQYF	KAYNVTQAF
CASSQVTGTGGARETQYF	KAYNVTQAF
CASSARPDQPQHF	KAYNVTQAF
CASGKTSGGVDIQYF	KAYNVTQAF
