CDR3	AA
CATQSPNTGELFF	YLQPRTFL
CSARDHSARNTGELFF	YLQPRTFL
CASNDLNTGELFF	YLQPRTFL
CASRDHRGQNTGELFF	YLQPRTFL
CASSPQNSLEQYF	YLQPRTFL
CSVETDTQYF	YLQPRTFL
CASQNTNTGELFF	YLQPRTFL
CASSDKNTGELFF	YLQPRTFL
CASSSTGELFF	YLQPRTFL
CAILPNRNTGELFF	YLQPRTFL
CASSEGHRGYGYTF	YLQPRTFL
CASGGTNTGELFF	YLQPRTFL
CASRPLNTGELFF	YLQPRTFL
CSARDQLAANTGELFF	YLQPRTFL
CATQSLNTGELFF	YLQPRTFL
CASQTLNTGELFF	YLQPRTFL
CATCRDGNTGELFF	YLQPRTFL
CAWSPPGLGNTGELFF	YLQPRTFL
CASEEANTGELFF	YLQPRTFL
CSARDNWAANTGELFF	YLQPRTFL
CASSEWGDSYEQYF	YLQPRTFL
CATQVLDTGELFF	YLQPRTFL
CATENLNTGELFF	YLQPRTFL
CAGGQLNTGELFF	YLQPRTFL
CASSDVDSGELFF	YLQPRTFL
CSARDSWQENTGELFF	YLQPRTFL
CASSLDSGPLGNEQFF	YLQPRTFL
CSARDERAVNTGELFF	YLQPRTFL
CASSDLDTGELFF	YLQPRTFL
CASSEENTGELFF	YLQPRTFL
CAGQHLNTGELFF	YLQPRTFL
CSARDGLAQNTGELFF	YLQPRTFL
CATQDSNTGELFF	YLQPRTFL
CATQDQNTGELFF	YLQPRTFL
CASSDYYEQYF	YLQPRTFL
CAIQTLAGANTGELFF	YLQPRTFL
CASSVQNTGELFF	YLQPRTFL
CASSPDIEAFF	YLQPRTFL
CSAYRDQNTGELFF	YLQPRTFL
CASSDLTTGELFF	YLQPRTFL
CSARDMGAVNTGELFF	YLQPRTFL
CSARDGRAQNTGELFF	YLQPRTFL
CATTRDGNTGELFF	YLQPRTFL
CATSSGRELGYTF	YLQPRTFL
CASSGDISQYF	YLQPRTFL
CASQGGFTQNTGELFF	YLQPRTFL
CATQDLGTGELFF	YLQPRTFL
CASMNQNTGELFF	YLQPRTFL
CARGDVTSGELFF	YLQPRTFL
CSVELQGEETQYF	YLQPRTFL
CATQTGFELNTGELFF	YLQPRTFL
CSARDWTGMNTGELFF	YLQPRTFL
CAGQKTNTGELFF	YLQPRTFL
CASSPDILAFF	YLQPRTFL
CASFGENTGELFF	YLQPRTFL
CAKGGDRNTGELFF	YLQPRTFL
CASFATNTGELFF	YLQPRTFL
CSARDLEGMNTGELFF	YLQPRTFL
CASMELNTGELFF	YLQPRTFL
CASSNLNTGELFF	YLQPRTFL
CATQILNTGELFF	YLQPRTFL
CASSPRDRENTGELFF	YLQPRTFL
CASSLFAGGNTGELFF	YLQPRTFL
CSARDSWGTNTGELFF	YLQPRTFL
CATQGLNTGELFF	YLQPRTFL
CASQDSNTGELFF	YLQPRTFL
CASQDLNTGELFF	YLQPRTFL
CASSSQNTGELFF	YLQPRTFL
CASSELAGGNTGELFF	YLQPRTFL
CSARDERGLNTGELFF	YLQPRTFL
CASSLIGLPTEAFF	YLQPRTFL
CASQALDTGELFF	YLQPRTFL
CSARDPPGANTGELFF	YLQPRTFL
CASGDPNSYEQYF	YLQPRTFL
CASDDANTGELFF	YLQPRTFL
CATSEANTGELFF	YLQPRTFL
CARQGLNTGELFF	YLQPRTFL
CASQSGNTGELFF	YLQPRTFL
CASSQEGLAGGGIDEQFF	YLQPRTFL
CATQEVNTGELFF	YLQPRTFL
CASAPGEMGGELFF	YLQPRTFL
CARQDLNTGELFF	YLQPRTFL
CASSDLDTGELFF	YLQPRTFL
CASSQTGTGDYNEQFF	YLQPRTFL
CASLGQNTGELFF	YLQPRTFL
CASGEMNTGELFF	YLQPRTFL
CASQSQNTGELFF	YLQPRTFL
CSARDNLAANTGELFF	YLQPRTFL
CAIGGSNTGELFF	YLQPRTFL
CASSDLDTGELFF	YLQPRTFL
CASSQDIEAFF	YLQPRTFL
CAPSSPNTGELFF	YLQPRTFL
CASSDMNTGELFF	YLQPRTFL
CACLGARQWNTGELFF	YLQPRTFL
CASSSPNTGELFF	YLQPRTFL
CARPDQNTGELFF	YLQPRTFL
CATDRDGNTGELFF	YLQPRTFL
CALLSQDSLNTGELFF	YLQPRTFL
CASMRLNTGELFF	YLQPRTFL
CASSDLDTGELFF	YLQPRTFL
CATRDSNLANTGELFF	YLQPRTFL
CASSDSYEQYF	YLQPRTFL
CASGQGNTGELFF	YLQPRTFL
CASSEPNSGELFF	YLQPRTFL
CATGALNTGELFF	YLQPRTFL
CAISDQNTGELFF	YLQPRTFL
CASSPGQGDYGYTF	YLQPRTFL
CSDGQQNSLEAFF	YLQPRTFL
CASSGGTASQNTGELFF	YLQPRTFL
CASSVEIEAFF	YLQPRTFL
CASSLLPGLLQPQHF	YLQPRTFL
CASSILVSANEQFF	YLQPRTFL
CASSDWGWGHNEQFF	YLQPRTFL
CASSDLNTGELFF	YLQPRTFL
CASSLPNTGELFF	YLQPRTFL
CSARDNLAANTGELFF	YLQPRTFL
CATSSGISGELFF	YLQPRTFL
CASQYMNTGELFF	YLQPRTFL
CASSPEIEAFF	YLQPRTFL
CSARDRPRANTGELFF	YLQPRTFL
CATGQMNTGELFF	YLQPRTFL
CASQELNTGELFF	YLQPRTFL
CAGGQANTGELFF	YLQPRTFL
CSVHRDRNTGELFF	YLQPRTFL
CAGQDMNTGELFF	YLQPRTFL
CASSPDIEQYF	YLQPRTFL
CASQDRGRKNTGELFF	YLQPRTFL
CATGTANTGELFF	YLQPRTFL
CSARDHHRQNTGELFF	YLQPRTFL
CASSQPPGDETQYF	YLQPRTFL
CASSLVQGGNTGELFF	YLQPRTFL
CASLDLNTGELFF	YLQPRTFL
CASSLLASNTGELFF	YLQPRTFL
CASSSAVQETQYF	YLQPRTFL
CASSPLNGGNTGELFF	YLQPRTFL
CASMGDRNTGELFF	YLQPRTFL
CATGELNTGELFF	YLQPRTFL
CSVIRQGAEQYF	YLQPRTFL
CASSKLALGNTDTQYF	YLQPRTFL
CASIDTNTGELFF	YLQPRTFL
CASSTTGGPLGEQFF	YLQPRTFL
CATPDRNTGELFF	YLQPRTFL
CASQDSNTGELFF	YLQPRTFL
CASSDLNTGELFF	YLQPRTFL
CSASGNRNTGELFF	YLQPRTFL
CSATKEGGTRAQETQYF	YLQPRTFL
CARQKLNTGELFF	YLQPRTFL
CSVDLDRNTGELFF	YLQPRTFL
CAAQGLNTGELFF	YLQPRTFL
CASSQDPGFMNTEAFF	YLQPRTFL
CASGAANTGELFF	YLQPRTFL
CATGSENTGELFF	YLQPRTFL
CASSESNSLEAFF	YLQPRTFL
CASSPDQNTGELFF	YLQPRTFL
CAGQDANTGELFF	YLQPRTFL
CASRGRGVSFSPLHF	YLQPRTFL
CSARDGDRVNTGELFF	YLQPRTFL
CAIGDGNTGELFF	YLQPRTFL
CASQGLNTGELFF	YLQPRTFL
CASPPRGVAGENTGELFF	YLQPRTFL
CSADTDTQYF	YLQPRTFL
CASRGADEQYF	YLQPRTFL
CASGGTNTGELFF	YLQPRTFL
CASSLGDEQYF	YLQPRTFL
CASQETNTGELFF	YLQPRTFL
CASSLAQTYEQYF	YLQPRTFL
CSFGLANTGELFF	YLQPRTFL
CSAFPDETSRNTGELFF	YLQPRTFL
CASSGDIEAFF	YLQPRTFL
CASSAGLADTDTQYF	YLQPRTFL
CASQDLNTGELFF	YLQPRTFL
CARGERNTGELFF	YLQPRTFL
CASSFDVVMYF	YLQPRTFL
CASSPDIEAFF	YLQPRTFL
CASQEGNTGELFF	YLQPRTFL
CASIDLNTGELFF	YLQPRTFL
CASTELTSGEQYF	YLQPRTFL
CASSFTGDEKLFF	YLQPRTFL
CARGDANTGELFF	YLQPRTFL
CAGDYEQYF	YLQPRTFL
CASSPEDTQYF	YLQPRTFL
CATGSLNTGELFF	YLQPRTFL
CASSVLGLPTEAFF	YLQPRTFL
CATTRDGNTGELFF	YLQPRTFL
CASSLDIEAFF	YLQPRTFL
CASQETNTGELFF	YLQPRTFL
CASTNLNTGELFF	YLQPRTFL
CASTSLLAGELFF	YLQPRTFL
CASSELNTGELFF	YLQPRTFL
CASRRDYEQYF	YLQPRTFL
CASQELNTGELFF	YLQPRTFL
CASSPLAGGNTGELFF	YLQPRTFL
CASSLIGGGAGTDTQYF	YLQPRTFL
CASSNNPGLAVETQYF	YLQPRTFL
CSASEDRNTGELFF	YLQPRTFL
CATGEVNTGELFF	YLQPRTFL
CASGDLDTGELFF	YLQPRTFL
CASSPMGGNQPQHF	YLQPRTFL
CSARDRWHENTGELFF	YLQPRTFL
CASMDGNTGELFF	YLQPRTFL
CSVEDRNTGELFF	YLQPRTFL
CASEGGPHTDTQYF	YLQPRTFL
CATGRANTGELFF	YLQPRTFL
CASSPDIEKYF	YLQPRTFL
CASSQDTTASSYNEQFF	YLQPRTFL
CATGEANTGELFF	YLQPRTFL
CASSPDILYTF	YLQPRTFL
CASSIVSSADTQYF	YLQPRTFL
CASSQDPGFMNTEAFF	YLQPRTFL
CASSPNGELFF	YLQPRTFL
CASGQLNTGELFF	YLQPRTFL
CGTEDITSGELFF	YLQPRTFL
CASTDDIEAFF	YLQPRTFL
CARGQSNTGELFF	YLQPRTFL
CASQTGNTGELFF	YLQPRTFL
CASTELNTGELFF	YLQPRTFL
CAGQYSGTGELFF	YLQPRTFL
CASTNLNTGELFF	YLQPRTFL
CASSSGPGDGETQYF	YLQPRTFL
CSARDYQGMNTGELFF	YLQPRTFL
CASSLDIEAFF	YLQPRTFL
CASSLEASGRWPQTYEQYF	YLQPRTFL
CASSAGVTGELFF	YLQPRTFL
CASIDLDTGELFF	YLQPRTFL
