CDR3	AA
CASSPRDSPRSYNEQFF	VLWAHGFEL
CASSQGGSYEQYF	VLWAHGFEL
CASSANPGTSGSSYNEQFF	VLWAHGFEL
CASSQEGLAGVSEQYF	VLWAHGFEL
CASSGGSYEQYF	VLWAHGFEL
CASSLGGDGYTF	VLWAHGFEL
CASSLGWGRATEQYF	VLWAHGFEL
CASSVSGYAYEQYF	VLWAHGFEL
CASSPTWTSGGETQYF	VLWAHGFEL
CASSPTGGRSDEQYF	VLWAHGFEL
CASSLGWGPGELFF	VLWAHGFEL
CASSQSSTGELFF	VLWAHGFEL
CASSEGSRKLFF	VLWAHGFEL
CASSLGWGGGTEAFF	VLWAHGFEL
CAWSVRAGGISVTDTQYF	VLWAHGFEL
CASSLATGGYEAFF	VLWAHGFEL
CASSLAGTYNEQFF	VLWAHGFEL
CSARHPILYGYTF	VLWAHGFEL
CATSRVASGTNTGELFF	VLWAHGFEL
CASHRGAGELFF	VLWAHGFEL
CASSLGPGQGPDTQYF	VLWAHGFEL
CASSLDFGGTEAFF	VLWAHGFEL
CASSLETSGNEQFF	VLWAHGFEL
CASSGGGGPNTEAFF	VLWAHGFEL
CASSMGGNQYF	VLWAHGFEL
CASSPTSQTNIYEQYF	VLWAHGFEL
CASSFTPDTGELFF	VLWAHGFEL
CASSLGQGADGYTF	VLWAHGFEL
CASSQDRQEHYGYTF	VLWAHGFEL
CASSLGLAGGGEQYF	VLWAHGFEL
CATRTTRGGDGDTQYF	VLWAHGFEL
CASSVGLSSGEQFF	VLWAHGFEL
CASSLNLDGRLFF	VLWAHGFEL
CASSSQGGDNSPLHF	VLWAHGFEL
CASSPPSFGANVLTF	VLWAHGFEL
CASSQDTQEHYGYTF	VLWAHGFEL
CASSLEFGGEAFF	VLWAHGFEL
CASSLDTGGNEQFF	VLWAHGFEL
CASSLGIGGNEQYF	VLWAHGFEL
CASSLDSGGTGELFF	VLWAHGFEL
CASSLEGQGSYEQYF	VLWAHGFEL
CASSPGSTDTQYF	VLWAHGFEL
CASSLGSSTEAFF	VLWAHGFEL
CASSTGSVEQYF	VLWAHGFEL
CASSAGSYEQYF	VLWAHGFEL
CASSGYRGPRAYNEQFF	VLWAHGFEL
CAISETGDSNEKLFF	VLWAHGFEL
CASSQDWGGNEQYF	VLWAHGFEL
CASSSGAANTGELFF	VLWAHGFEL
CASNHLRDRTSSYEQYF	VLWAHGFEL
CASSLAQSGPQHF	VLWAHGFEL
CASSHDTGGNEQFF	VLWAHGFEL
CASSVPAIRTSGGGNTGELFF	VLWAHGFEL
CASSYSDRDYEQYF	VLWAHGFEL
CASSLDTGGNEQFF	VLWAHGFEL
CASSAGHGPTGELFF	VLWAHGFEL
CASSLGWGQSGELFF	VLWAHGFEL
CASAAGGIEQYF	VLWAHGFEL
CASSVGELGGSYEQYF	VLWAHGFEL
CASSSGDTSNEQFF	VLWAHGFEL
CASSFGSGEQYF	VLWAHGFEL
CAIGTSGRNEQFF	VLWAHGFEL
CASEPQAGGTGELFF	VLWAHGFEL
CASSVGGSTEAFF	VLWAHGFEL
CASSSPRDFTYNEQFF	VLWAHGFEL
CASSDGGRELFF	VLWAHGFEL
CASSDGTEKLFF	VLWAHGFEL
CASSPTYGPSLEQYF	VLWAHGFEL
CSARDIANYGYTF	VLWAHGFEL
CATGTGDEKLFF	VLWAHGFEL
CATSSGGSTEAFF	VLWAHGFEL
CASSLAPMTEPQHF	VLWAHGFEL
CASSLEHRGLTSVRNEQYF	VLWAHGFEL
CASSLGGEQYF	VLWAHGFEL
CASSYHTGPQHF	VLWAHGFEL
CASSHGTEAFF	VLWAHGFEL
CASSVSGASGELFF	VLWAHGFEL
CASTQDRGTEAFF	VLWAHGFEL
CASTGLDQETQYF	VLWAHGFEL
CASSTGSTEAFF	VLWAHGFEL
CASSFEPNTGELFF	VLWAHGFEL
CASSLAGGYNEQFF	VLWAHGFEL
CASSVSTGDSYEQYF	VLWAHGFEL
CASSLGQGNDEQYF	VLWAHGFEL
CASSSRGLNTGELFF	VLWAHGFEL
CASSLGWGNEQFF	VLWAHGFEL
CASSFAGQDGKLFF	VLWAHGFEL
CASSPGQMNTEAFF	VLWAHGFEL
CASSGSGYNEQFF	VLWAHGFEL
CASSGGVTNTGELFF	VLWAHGFEL
CASSLDSGGNEQFF	VLWAHGFEL
CASSLDWGRSAEAFF	VLWAHGFEL
CATSEPPGHQKLFF	VLWAHGFEL
CASSLELMAGELFF	VLWAHGFEL
CASKTGAEAFF	VLWAHGFEL
CASSVGGDVSYEQYF	VLWAHGFEL
CASSLDIGGNEQFF	VLWAHGFEL
CAISESGLAGDNEQFF	VLWAHGFEL
CASSLGTSGLAFF	VLWAHGFEL
CASSPDPNTQYF	VLWAHGFEL
CASTLAGGGSYEQFF	VLWAHGFEL
CASSPGGETAEAFF	VLWAHGFEL
CASSLGGNYTF	VLWAHGFEL
CASSGRSGSSYEQYF	VLWAHGFEL
CASSQDEQELYGYTF	VLWAHGFEL
CASDKGGGYTF	VLWAHGFEL
CASSFGTAYEQYF	VLWAHGFEL
CASSVGIANTGELFF	VLWAHGFEL
CASSGTGSYEQYF	VLWAHGFEL
CASSAPLRDEQFF	VLWAHGFEL
CASSQGWGGTEAFF	VLWAHGFEL
CASSSSGANVLTF	VLWAHGFEL
CASSEARGGGYTF	VLWAHGFEL
CASSQLGQPQHF	VLWAHGFEL
CASSLGGDTQYF	VLWAHGFEL
CASSPGGSTEAFF	VLWAHGFEL
CSARDASHYGYTF	VLWAHGFEL
CASSFSPNTGELFF	VLWAHGFEL
CASSLGGEQYF	VLWAHGFEL
CASSLGQGADYGYTF	VLWAHGFEL
CASSLEISGNEQFF	VLWAHGFEL
CASSWSGAEAFF	VLWAHGFEL
CASEDRQGVRGYTF	VLWAHGFEL
CASSVAGGSTGELFF	VLWAHGFEL
CASSYQFGGTGEEAFF	VLWAHGFEL
CASSTRLGFSYNEQFF	VLWAHGFEL
CASSWGQGLSYNEQFF	VLWAHGFEL
CASSGSGSPLGEQFF	VLWAHGFEL
CASSTGTLEQYF	VLWAHGFEL
CASSLGLASPETQYF	VLWAHGFEL
CAITSIGAGELFF	VLWAHGFEL
CASSYRGIYINTGELFF	VLWAHGFEL
CASSYRTGGGGYTF	VLWAHGFEL
CASSLEGWGPTDTQYF	VLWAHGFEL
CASSPGGSEQYF	VLWAHGFEL
CASSVGGSYEQYF	VLWAHGFEL
CASSLETSGNEQFF	VLWAHGFEL
CASSLGTSNEQYF	VLWAHGFEL
CASSQDWGGNEQFF	VLWAHGFEL
CASSEGDVKLFF	VLWAHGFEL
CATSILAGPGEQFF	VLWAHGFEL
CASSLVQQRQGGEQFF	VLWAHGFEL
CASSPGWGPGELFF	VLWAHGFEL
CASSPGWGPGEQYF	VLWAHGFEL
CASSLGGEQFF	VLWAHGFEL
CASGTGTGYTGELFF	VLWAHGFEL
CASSLDSGGNEQFF	VLWAHGFEL
CASSLGGELFF	VLWAHGFEL
CASSLGGELFF	VLWAHGFEL
CASSALAGRNTGELFF	VLWAHGFEL
CASNRGQSLNTEAFF	VLWAHGFEL
CASSQYDGGGTGELFF	VLWAHGFEL
CATSRDRTSGSLRFF	VLWAHGFEL
CASSYSFGSPRDEQFF	VLWAHGFEL
CASSLEGWAPTDTQYF	VLWAHGFEL
CASSLAGTSGMVQETQYF	VLWAHGFEL
CASSLGWGQGNTEAFF	VLWAHGFEL
CASSVGGSTEAFF	VLWAHGFEL
CASSVDSGNPDGYTF	VLWAHGFEL
CASSTTGDPTRMYF	VLWAHGFEL
CASSLWGANEQFF	VLWAHGFEL
CASSSAEYSYYGYTF	VLWAHGFEL
CASSLDTGGGGTEAFF	VLWAHGFEL
CATSRGFGGANYGYTF	VLWAHGFEL
CSATGLAGQSSYNEQFF	VLWAHGFEL
CASSVGDYYEQFF	VLWAHGFEL
CASSVTGGLTGELFF	VLWAHGFEL
CASSPGWGPTGELFF	VLWAHGFEL
CASSGGGEQYF	VLWAHGFEL
CASSFGWGTDTQYF	VLWAHGFEL
CASSRDTDYEQYF	VLWAHGFEL
CASSSGSYEQYF	VLWAHGFEL
CASTPSGNSYNEQFF	VLWAHGFEL
CSAREGDTQYF	VLWAHGFEL
CASSQDWGGNEQFF	VLWAHGFEL
CAISGDGEQYF	VLWAHGFEL
CASSAGGDFTDTQYF	VLWAHGFEL
CASTEGGELFF	VLWAHGFEL
CASSLDTGGNEQFF	VLWAHGFEL
CASSVDSVGTGELFF	VLWAHGFEL
CASNPGGIGTQYF	VLWAHGFEL
CASSLGWGPAGELFF	VLWAHGFEL
CASSWGQGADEQYF	VLWAHGFEL
CASSLGTSGIETQYF	VLWAHGFEL
CASSVGGDPTYEQYF	VLWAHGFEL
CASSLGLAGVETQYF	VLWAHGFEL
CATSRGNMNTEAFF	VLWAHGFEL
CAGSQGLEVGEQYF	VLWAHGFEL
CASSFGSAEQYF	VLWAHGFEL
CASSQDGFQANVLTF	VLWAHGFEL
CASSLGGATQYF	VLWAHGFEL
CSASGGGAGKEKLFF	VLWAHGFEL
CASSPNSPLHF	VLWAHGFEL
CASSVDGEVGDEQFF	VLWAHGFEL
CASSLEAHPSTDTQYF	VLWAHGFEL
CASSGWAGDYNEQFF	VLWAHGFEL
CASSLAGGGGTDTQYF	VLWAHGFEL
CASSQGVDPGLLFF	VLWAHGFEL
CASSAPGTGELFF	VLWAHGFEL
CASSFDTLGSYGYTF	VLWAHGFEL
CASSLDWGGTEAFF	VLWAHGFEL
CASSGTGDTEAFF	VLWAHGFEL
CASSLGWGLGNEQFF	VLWAHGFEL
CASSPGLNTGELFF	VLWAHGFEL
CASSARGRDTGELFF	VLWAHGFEL
CASSQGLGPGELFF	VLWAHGFEL
CASSPLQGFTWNEQFF	VLWAHGFEL
CASSGGSRELFF	VLWAHGFEL
CASSVGGDPTNEKLFF	VLWAHGFEL
CASSVTGYPYEQYF	VLWAHGFEL
CASARGGSYEQYF	VLWAHGFEL
CASSRDGGTQYF	VLWAHGFEL
CASSQGGGTGRNYGYTF	VLWAHGFEL
CASSLVYNEQFF	VLWAHGFEL
CASSLEVAGEQYF	VLWAHGFEL
CASSLGAPGYGYTF	VLWAHGFEL
CASSPGTENGELFF	VLWAHGFEL
CASSSGDRTLHF	VLWAHGFEL
CASSPDTGGNEQFF	VLWAHGFEL
CASTDAHEDRRKLFF	VLWAHGFEL
CASSVGLANTNEQFF	VLWAHGFEL
CASSLRQDVNYGYTF	VLWAHGFEL
CASSLGTDEQYF	VLWAHGFEL
CSARDLRVYGYTF	VLWAHGFEL
CASSPAWGVGAQYF	VLWAHGFEL
CASSFRGHEKLFF	VLWAHGFEL
CASSVGGSYEQYF	VLWAHGFEL
CASSLDSGGVGEQYF	VLWAHGFEL
CASSGGTGELFF	VLWAHGFEL
CASSPWSSGANVLTF	VLWAHGFEL
CASSGGGEQFF	VLWAHGFEL
CASSVGGDVTYEQYF	VLWAHGFEL
CASTHRDSGSTGELFF	VLWAHGFEL
CASSGPGGFSYNEQFF	VLWAHGFEL
CASSGNRDKIYEQYF	VLWAHGFEL
CASSAGGSTTYEQYF	VLWAHGFEL
CASSLEAGAVFMDF	VLWAHGFEL
CASSTGSYEQYF	VLWAHGFEL
CASSLASGEPGELFF	VLWAHGFEL
CATSRKAGENTGELFF	VLWAHGFEL
CASSRDSGGNEAFF	VLWAHGFEL
CASSVSGTGGTEAFF	VLWAHGFEL
CASSEGSRKLFF	VLWAHGFEL
CASSLGGAENSF	VLWAHGFEL
CATAEGRDYGYTF	VLWAHGFEL
CASMERGGRHSNEQFF	VLWAHGFEL
CSARTGGATEAFF	VLWAHGFEL
CASSLDSGGNEQFF	VLWAHGFEL
CASYSPLSYGYTF	VLWAHGFEL
CASSPSQDTLFEAFF	VLWAHGFEL
CASSVGGSTEAFF	VLWAHGFEL
CASSPGGGYGYTF	VLWAHGFEL
CSVERGFNTGELFF	VLWAHGFEL
CASSLGWGPNTEAFF	VLWAHGFEL
CASSWTADTGELFF	VLWAHGFEL
CASSLASGVGNEQFF	VLWAHGFEL
CASSAGTDYNEQFF	VLWAHGFEL
CASRAAGGFGSGANVLTF	VLWAHGFEL
CASSSGWGEGQPQHF	VLWAHGFEL
CASSMGWGPGEQFF	VLWAHGFEL
CASSLGLAGYEQYF	VLWAHGFEL
CASTQGSYNEQFF	VLWAHGFEL
CASSHGAGSEKLFF	VLWAHGFEL
CASSQDWGGNEQFF	VLWAHGFEL
CASSVGSTAEAFF	VLWAHGFEL
CASSYPHGKGNNEQFF	VLWAHGFEL
CASSHPTGNTEAFF	VLWAHGFEL
CASRPGGTGDTQYF	VLWAHGFEL
CASSLGGNEQFF	VLWAHGFEL
CASSYFQIAGAYNEQFF	VLWAHGFEL
CASSFGQGSGVELFF	VLWAHGFEL
CASSVGGSTEAFF	VLWAHGFEL
CASSFSQGLPYGYTF	VLWAHGFEL
CASSLVLNEQFF	VLWAHGFEL
CASSPPPGTGYGEQYF	VLWAHGFEL
CASSLDFGGNEQYF	VLWAHGFEL
CASSGRGGYSGANVLTF	VLWAHGFEL
CASIPTQTPSYEQYF	VLWAHGFEL
CASSQGRVEQFF	VLWAHGFEL
CASSLGWGGTEAFF	VLWAHGFEL
QGNGYTF	VLWAHGFEL
CASSGEGQAEAFF	VLWAHGFEL
CASSLESGGITYEQYF	VLWAHGFEL
CASSLSYNSPLHF	VLWAHGFEL
CASSVGGLAGGSYNEQFF	VLWAHGFEL
CAIRGGSLTDTQYF	VLWAHGFEL
CASSQYDSGGSGELFF	VLWAHGFEL
CASSPSSGRFYEQYF	VLWAHGFEL
CASSSGLEGGELFF	VLWAHGFEL
CSARDTVNYGYTF	VLWAHGFEL
CASTGGTGELFF	VLWAHGFEL
CASSLGWGPGELFF	VLWAHGFEL
CASTPTLDRGQSGELFF	VLWAHGFEL
CASSLSGGAGNEQFF	VLWAHGFEL
CASSLGGEQYF	VLWAHGFEL
CATRSGNSNQPQHF	VLWAHGFEL
CASSSEWGSGELFF	VLWAHGFEL
CASSPGWGFAEQYF	VLWAHGFEL
CASSSRAENTGELFF	VLWAHGFEL
CSARDPINYGYTF	VLWAHGFEL
CASSLGWGGDTQYF	VLWAHGFEL
CASKPGALPVHNEKLFF	VLWAHGFEL
CATPSSIGANTGELFF	VLWAHGFEL
CASSVGGYNEQFF	VLWAHGFEL
CASSQDSGGNEQYF	VLWAHGFEL
CASSLGWGPNEQYF	VLWAHGFEL
CASSVGSGRYEQYF	VLWAHGFEL
CASSRKDRSNEKLFF	VLWAHGFEL
CATSDRASSGHPYNEQFF	VLWAHGFEL
CASSYRQGTTEQYF	VLWAHGFEL
CSARAGNIGYYGYTF	VLWAHGFEL
CASSLALGAGNGYTF	VLWAHGFEL
CASSLGSEAFF	VLWAHGFEL
CASSQADRGGNTGELFF	VLWAHGFEL
CASSMGGEQYF	VLWAHGFEL
CAISGTSGGYEQYF	VLWAHGFEL
CASSLGWGPDTQYF	VLWAHGFEL
CASSHRDRGGTGELFF	VLWAHGFEL
CASSLGEGYTF	VLWAHGFEL
CASSLGVNTEAFF	VLWAHGFEL
CASSLRDISYEQYF	VLWAHGFEL
CASSLSGGDPDTQYF	VLWAHGFEL
CASSLGHTNTGELFF	VLWAHGFEL
CASSGGTGELFF	VLWAHGFEL
CASDFGSSGEQYF	VLWAHGFEL
CASSKTTGTGEAFF	VLWAHGFEL
CASSFGWGANVLTF	VLWAHGFEL
CASSVETGGTEAFF	VLWAHGFEL
CASSLQTGAAGELFF	VLWAHGFEL
CASSQSIDVYGYTF	VLWAHGFEL
CASPLPLTGELFF	VLWAHGFEL
CASSLDDTSGNTIYF	VLWAHGFEL
CASSLGLAGGNEQFF	VLWAHGFEL
CASIPQDYTEAFF	VLWAHGFEL
CASSVGGDTSYEQYF	VLWAHGFEL
CASSLTGGFEQYF	VLWAHGFEL
CASSLDTGGNEQFF	VLWAHGFEL
CASSQRDTSYEQYF	VLWAHGFEL
CASSGGGTGGTEAFF	VLWAHGFEL
CASSPGWGPGEQYF	VLWAHGFEL
CASSQGGDHSYEQYF	VLWAHGFEL
CASSQVGAQETQYF	VLWAHGFEL
CASSFGWGDTEAFF	VLWAHGFEL
CASSHLDRGSTGELFF	VLWAHGFEL
CASSLGGELFF	VLWAHGFEL
CASSLSWGAGELFF	VLWAHGFEL
CASSWGWGPGELFF	VLWAHGFEL
CASSLSTGLIGEQFF	VLWAHGFEL
CASSEGAGKLFF	VLWAHGFEL
CASSSYRDSYGYTF	VLWAHGFEL
CASSGGEEKLFF	VLWAHGFEL
CASSLETSGNEQFF	VLWAHGFEL
CASSLDSGGNEQYF	VLWAHGFEL
CASSLEQGAIETQYF	VLWAHGFEL
CASSPRDRGDTGELFF	VLWAHGFEL
CASSLGAEQYF	VLWAHGFEL
CASRGTGPYGYTF	VLWAHGFEL
CASSLGGEAFF	VLWAHGFEL
CASSIAGSYNEQFF	VLWAHGFEL
CAISENSNQPQHF	VLWAHGFEL
CASSFDWGGTDTQYF	VLWAHGFEL
CASSVGGSVSYNSPLHF	VLWAHGFEL
CASSLGGELFF	VLWAHGFEL
CASSPDFGGNEQYF	VLWAHGFEL
CASIGGGTEAFF	VLWAHGFEL
CASRTRQGFHTEAFF	VLWAHGFEL
CASSLGGEQFF	VLWAHGFEL
CASSVGGDSYYEQYF	VLWAHGFEL
CASSESSGNEQFF	VLWAHGFEL
CAGSSGNTIYF	VLWAHGFEL
CASSVGGDFSYEQYF	VLWAHGFEL
CASSRGGEQYF	VLWAHGFEL
CASSLGGEQFF	VLWAHGFEL
CASSLEAGAGDEQFF	VLWAHGFEL
CASSSGTASEQYF	VLWAHGFEL
CASSVTSDPPEAFF	VLWAHGFEL
CASSPGWGGGEQYF	VLWAHGFEL
CASSLGGARVLF	VLWAHGFEL
CATSRDPGQTSTDTQYF	VLWAHGFEL
CASSLGSDTQYF	VLWAHGFEL
CASIGLSYNEQFF	VLWAHGFEL
CASGPSNTGELFF	VLWAHGFEL
CASSGGTGELFF	VLWAHGFEL
CASSQPSGTEAFF	VLWAHGFEL
CASSQDWGGNEQFF	VLWAHGFEL
CASSLGWGGDEQFF	VLWAHGFEL
CASSGGKEVLTF	VLWAHGFEL
CATSRGTGYEQFF	VLWAHGFEL
CASSHRGATPEQYF	VLWAHGFEL
CASSLGGWELFF	VLWAHGFEL
CASSSGTYNTGELFF	VLWAHGFEL
CASSPLVSSYNEQFF	VLWAHGFEL
CASSLGGNEKLFF	VLWAHGFEL
CASSGGGEQFF	VLWAHGFEL
CASSVGWGANEQFF	VLWAHGFEL
CASSGGSYEQYF	VLWAHGFEL
CASSPGWGANEQFF	VLWAHGFEL
CASSQSQGGPEAFF	VLWAHGFEL
CASSLEAGKFYEQFF	VLWAHGFEL
CASSPFQGMSYNEQFF	VLWAHGFEL
CASSRTFGTGELFF	VLWAHGFEL
CASSLGGSSTGELFF	VLWAHGFEL
CASSHPGGTEAFF	VLWAHGFEL
CASSLDNTEAFF	VLWAHGFEL
CASSLGGYEQYF	VLWAHGFEL
CASSLSTGPEGEQYF	VLWAHGFEL
CASSLGGEQFF	VLWAHGFEL
CASSQGGTGTGELFF	VLWAHGFEL
CASSQDWGGNEQFF	VLWAHGFEL
CASSLGWGAGGETQYF	VLWAHGFEL
CASSRDWGANEQYF	VLWAHGFEL
CASSQKDRMNTGELFF	VLWAHGFEL
CASSSNSGKSSYEQYF	VLWAHGFEL
CASSRRAGEDSPLHF	VLWAHGFEL
CASSPGAGDGKLFF	VLWAHGFEL
CASRQGAYEQYF	VLWAHGFEL
CASSLDSGGNEQFF	VLWAHGFEL
CASSPGGYEQYF	VLWAHGFEL
CASSASGSRVETQYF	VLWAHGFEL
CASSQEQAWSTEAFF	VLWAHGFEL
CASSFGSSYEQYF	VLWAHGFEL
CASSLDFGGNEQYF	VLWAHGFEL
CASSERGLGDTGELFF	VLWAHGFEL
CASGNSQGAIPGSSGANVLTF	VLWAHGFEL
CASSLGANEAFF	VLWAHGFEL
CASSWSRAGETQYF	VLWAHGFEL
CASSVYLGPDTQYF	VLWAHGFEL
CSADRGNEQFF	VLWAHGFEL
CASSLAHTAEAFF	VLWAHGFEL
CASSLSTGTEGEQYF	VLWAHGFEL
CASSHDWGGNEQFF	VLWAHGFEL
CASSERSANEQFF	VLWAHGFEL
CASTRTLSPGETQYF	VLWAHGFEL
CASSLAGGRTEAFF	VLWAHGFEL
CASSFGWGTNEQFF	VLWAHGFEL
CASPPPPTEETQYF	VLWAHGFEL
CASSVGGSYEQYF	VLWAHGFEL
CAGRQDTETQYF	VLWAHGFEL
CASSEEGGIYEQYF	VLWAHGFEL
CASTPGVDVNEQFF	VLWAHGFEL
CASSLWGQGPGELFF	VLWAHGFEL
CASSVGGSYEQYF	VLWAHGFEL
CASSSGLAGGDTQYF	VLWAHGFEL
CASSQDWGGNEQFF	VLWAHGFEL
CASSAGQGSLTF	VLWAHGFEL
CASSLDYGGNEQFF	VLWAHGFEL
CASSLVGDTQYF	VLWAHGFEL
CASSLGWGALGGEQFF	VLWAHGFEL
CASSLGGAAFF	VLWAHGFEL
CASSVGGSLGTGELFF	VLWAHGFEL
CASSFDQTNEKLFF	VLWAHGFEL
CASAPGYNQPQHF	VLWAHGFEL
CASSLDLGGNEQFF	VLWAHGFEL
CASSLGGELFF	VLWAHGFEL
CASSQAGLYNEQFF	VLWAHGFEL
CASSPVGGGPPTEAFF	VLWAHGFEL
CASSSGGSTEAFF	VLWAHGFEL
CATSDTLGEQYF	VLWAHGFEL
CASSLGLDTGELFF	VLWAHGFEL
CASSLSWGSYEQYF	VLWAHGFEL
CASSLATLGTGELFF	VLWAHGFEL
CASSLDTGGMGIQYF	VLWAHGFEL
CASSLGWGPGELFF	VLWAHGFEL
CSALNTGELFF	VLWAHGFEL
CASSPEIDIGNEQFF	VLWAHGFEL
CASSLGGEQFF	VLWAHGFEL
CASSLELVGTNEQFF	VLWAHGFEL
CASSVSRDGGAGREQYF	VLWAHGFEL
CASSSGQGYSNQPQHF	VLWAHGFEL
CASSPGLAVGELFF	VLWAHGFEL
CASSLGGELFF	VLWAHGFEL
CASSPGQGIGELFF	VLWAHGFEL
CASSLGDGYTF	VLWAHGFEL
CASSGGSGELFF	VLWAHGFEL
CASSLRPAGYNEQFF	VLWAHGFEL
CASSVDWGGNEQFF	VLWAHGFEL
CASQVGLDSSYEQYF	VLWAHGFEL
CASSPGTSSYNSPLHF	VLWAHGFEL
CASSARADSYEQYF	VLWAHGFEL
CSATGGSSSYNEQFF	VLWAHGFEL
CASSLTSSHEQFF	VLWAHGFEL
CASSLGGYEQYF	VLWAHGFEL
CASSLPQRETQYF	VLWAHGFEL
CASSSLREILNIQYF	VLWAHGFEL
CASTSTNYGYTF	VLWAHGFEL
CASGSPHTGNQPQHF	VLWAHGFEL
CASSLGWGYNEQFF	VLWAHGFEL
CASSSDGMGQPQHF	VLWAHGFEL
CASKGKALWDEQYF	VLWAHGFEL
CASSIAGPGETQYF	VLWAHGFEL
CAAKSNEQFF	VLWAHGFEL
CASSEYDRGGTGELFF	VLWAHGFEL
CASSLWKQGVEGYTF	VLWAHGFEL
CASSLGSEKLFF	VLWAHGFEL
CASSLDTGGTEAFF	VLWAHGFEL
CASSEGQTDTQYF	VLWAHGFEL
CASSLGSGLDTSTDTQYF	VLWAHGFEL
CASSPPGQGMNEQFF	VLWAHGFEL
CATSGGTAEKLFF	VLWAHGFEL
CASSTGPDTQYF	VLWAHGFEL
CASEKVGTGELFF	VLWAHGFEL
CASSLGGNYTF	VLWAHGFEL
CASSSGTMNSPLHF	VLWAHGFEL
CAGTDRNTGELFF	VLWAHGFEL
CASSDRLQGIDGYTF	VLWAHGFEL
CASKSRSFSGANVLTF	VLWAHGFEL
CASSVGGDRSYEQYF	VLWAHGFEL
CASSLSSGGTGELFF	VLWAHGFEL
CATMGQGLNEQFF	VLWAHGFEL
CASSATSGSPEQYF	VLWAHGFEL
CASSFGSGTQYF	VLWAHGFEL
CASKDQRGTYNEQFF	VLWAHGFEL
CASSVGGSYEQYF	VLWAHGFEL
CASSPLHTGELFF	VLWAHGFEL
CASSLGGEAFF	VLWAHGFEL
CASSLSSGGTGELFF	VLWAHGFEL
CASSFTPNTGELFF	VLWAHGFEL
CASSKGYSYEQYF	VLWAHGFEL
CSGRDRDKYGYTF	VLWAHGFEL
CASSLGEGYTF	VLWAHGFEL
CASSQFEVSEQYF	VLWAHGFEL
CASSEGGGLVYF	VLWAHGFEL
CASSLGGPEQFF	VLWAHGFEL
CASSVASGSGGELFF	VLWAHGFEL
CASSATGTGGFEAFF	VLWAHGFEL
CASLDRSNTEAFF	VLWAHGFEL
CASSVGGSYEQYF	VLWAHGFEL
CASSVEGEAYGYTF	VLWAHGFEL
CASGFGSTAYGYTF	VLWAHGFEL
CASSHPGGVEQFF	VLWAHGFEL
CASSWGYGPANNEQFF	VLWAHGFEL
CAIKNVAGGSTDTQYF	VLWAHGFEL
CASSVGGDLSYEQYF	VLWAHGFEL
CSARHYTEAFF	VLWAHGFEL
CASSHLTGNGEQYF	VLWAHGFEL
CASSQEAGTGQETQYF	VLWAHGFEL
CASSPGGVRYTF	VLWAHGFEL
CASSEGGPLHF	VLWAHGFEL
CASSLGLAGVEQFF	VLWAHGFEL
CASSLGNEKLFF	VLWAHGFEL
CSAIRPGEAATNEKLFF	VLWAHGFEL
CASSQDWGGNEQFF	VLWAHGFEL
CASSVSSGANVLTF	VLWAHGFEL
CASSLSFEAGELFF	VLWAHGFEL
CASSVGLETGELFF	VLWAHGFEL
CASSQDWGGNEQFF	VLWAHGFEL
CASRPIQEIAGGFSTDTQYF	VLWAHGFEL
CASSSGLDEKLFF	VLWAHGFEL
CASSLDRDGYGYTF	VLWAHGFEL
CASSWANTGDTEAFF	VLWAHGFEL
CASSPRDGTDTQYF	VLWAHGFEL
CASSLGGGELFF	VLWAHGFEL
CSVSKTGASFGVYTGELFF	VLWAHGFEL
CATSRVAGANTGELFF	VLWAHGFEL
CASSGPAGGPFTGELFF	VLWAHGFEL
CATQGLGTDTQYF	VLWAHGFEL
CSARGGTTNEKLFF	VLWAHGFEL
CASSQGGNQPQHF	VLWAHGFEL
CASSSGWGSGNEQFF	VLWAHGFEL
CASSTGNFGYTF	VLWAHGFEL
CASSLDWGGNEQYF	VLWAHGFEL
CASSIAGVGQFF	VLWAHGFEL
CASSLASGGLGQFF	VLWAHGFEL
CASSLDSGGNEQFF	VLWAHGFEL
CASSLDWGGNEQFF	VLWAHGFEL
CASSPRFSERSTDTQYF	VLWAHGFEL
CASSGISEGEGTEAFF	VLWAHGFEL
CASAGGNEKLFF	VLWAHGFEL
CASTRLAGIVNTGELFF	VLWAHGFEL
CASSQRLAGGTGELFF	VLWAHGFEL
CASSVGGQGLSYEQYF	VLWAHGFEL
CASSQGYRAGRGTEAFF	VLWAHGFEL
CASSPRDRANTGELFF	VLWAHGFEL
CASSVATFGHTPYGYTF	VLWAHGFEL
CASSLSSGTGELFF	VLWAHGFEL
CAISRGQGADTQYF	VLWAHGFEL
CASSQTRVDTGELFF	VLWAHGFEL
CASSLDYGGNEQFF	VLWAHGFEL
CASSLGQGPEAFF	VLWAHGFEL
CASSLGGPEAFF	VLWAHGFEL
CASSLDIGGNEQFF	VLWAHGFEL
CASSVGGDSSYEQYF	VLWAHGFEL
CASSSGGEQYF	VLWAHGFEL
CASRQGITEAFF	VLWAHGFEL
CASSPGYTEAFF	VLWAHGFEL
CASSPRDLGGTGELFF	VLWAHGFEL
CASSKGGKQVENQPQHF	VLWAHGFEL
CASSSRPSSGGPLGTDTQYF	VLWAHGFEL
CASTQGSGRGTGELFF	VLWAHGFEL
CASSPTGTGGTEAFF	VLWAHGFEL
CASSLDLGGNEQYF	VLWAHGFEL
CATSSELNTGELFF	VLWAHGFEL
CASSVGTGGTEAFF	VLWAHGFEL
CATFDYNEQFF	VLWAHGFEL
CASSLVGQPQHF	VLWAHGFEL
CASSPSGTGGGYTF	VLWAHGFEL
CASSPRDLDVEQYF	VLWAHGFEL
CASSFGWGADTQYF	VLWAHGFEL
CASSPGFQGKTEAFF	VLWAHGFEL
CASSSDWGGNEQFF	VLWAHGFEL
CSARDVTSYYNEQFF	VLWAHGFEL
CASSLGGEQYF	VLWAHGFEL
CASSTGSLEQYF	VLWAHGFEL
CASSLGGELFF	VLWAHGFEL
CASSPGWGGLNTEAFF	VLWAHGFEL
CASSPTVSQLNEQYF	VLWAHGFEL
CATSPRKGADTGELFF	VLWAHGFEL
CASSFLYNEQFF	VLWAHGFEL
CASTAGGEQYF	VLWAHGFEL
CANGQGNNEQFF	VLWAHGFEL
CASSSDTGPSSYEQYF	VLWAHGFEL
CASSVGGDPTYEQYF	VLWAHGFEL
CASSPPGTGIQYF	VLWAHGFEL
CASSKGSGGVPQHF	VLWAHGFEL
CASSPPGSSGHVTNEQFF	VLWAHGFEL
CAARDTINYGYTF	VLWAHGFEL
CSARGTSGLSSYNEQFF	VLWAHGFEL
CASSVGGYDLYEQYF	VLWAHGFEL
CATSKRRGDTGELFF	VLWAHGFEL
