CDR3	AA
CASSVVDRGTEAFF	PLLYDANYFL
CASSQDHNEQFF	PLLYDANYFL
CASHPRGEQYF	PLLYDANYFL
CASSLLQGNQPQHF	PLLYDANYFL
CASSLGGSTEAFF	PLLYDANYFL
CASSQPLKPNRGNHQETQYF	PLLYDANYFL
CASSEAVQLEGPQHF	PLLYDANYFL
CASSLAGVAYEQYF	PLLYDANYFL
CASSLSGGPGNTEAFF	PLLYDANYFL
CASSYTNEQFF	PLLYDANYFL
CASSSSPGLVSTDTQYF	PLLYDANYFL
CASSVLDGNEQFF	PLLYDANYFL
CSARLAGVEQYF	PLLYDANYFL
CATNGTGSNQPQHF	PLLYDANYFL
CASRDRDYEQYF	PLLYDANYFL
CSVRTGAYEQYF	PLLYDANYFL
CASSLLQGNQPQHF	PLLYDANYFL
CASSISGDIYEQYF	PLLYDANYFL
CSAPGQGNPQPQHF	PLLYDANYFL
CASAPSGRIYEQFF	PLLYDANYFL
CASSQGLASIYEQYF	PLLYDANYFL
CASSLTQDRGPYEQYF	PLLYDANYFL
CASSHGGTVNEQYF	PLLYDANYFL
CSARTADGVYTYEQFF	PLLYDANYFL
CASSEIGTYEQFF	PLLYDANYFL
CSVEGTEAFF	PLLYDANYFL
CASSFGLEQFF	PLLYDANYFL
CSVRTADYGYTF	PLLYDANYFL
CASSLGGSTEAFF	PLLYDANYFL
CASRGETGLYTF	PLLYDANYFL
CASSPGLADRDTQYF	PLLYDANYFL
CASSLADSGANVLTF	PLLYDANYFL
CASSLAVGAGVNTEAFF	PLLYDANYFL
CASTLGAPYEQYF	PLLYDANYFL
CASSKTSGPLGELFF	PLLYDANYFL
CASSLAGQDNEQFF	PLLYDANYFL
CSARNGDPDYSDTQYF	PLLYDANYFL
CSAPGASGNTIYF	PLLYDANYFL
CASSFVGAGELFF	PLLYDANYFL
CASSFGGEGAFF	PLLYDANYFL
CASSLGGSTEAFF	PLLYDANYFL
CASSFPPRAEAFF	PLLYDANYFL
CSARDLDRAFF	PLLYDANYFL
CASSLGGAEAFF	PLLYDANYFL
CASSTRTASFNEKLFF	PLLYDANYFL
CASSDLGGGRTDTQYF	PLLYDANYFL
CASSLDPGANNEQYF	PLLYDANYFL
CSAGYTSGRAVFYNEQFF	PLLYDANYFL
CASSQTSGGPAADTQYF	PLLYDANYFL
CASSQSGGAYETQYF	PLLYDANYFL
CSARGYDRGKTQYF	PLLYDANYFL
CASSLTPEAFF	PLLYDANYFL
CASSPVSYEQYF	PLLYDANYFL
CASSQDHGEAFF	PLLYDANYFL
CSVVRRGRFSYEQYF	PLLYDANYFL
CASRSLDRVVGEKLFF	PLLYDANYFL
CASSQTTSGGAWANVLTF	PLLYDANYFL
CSAISPWNVYGYTF	PLLYDANYFL
CAISESAGKNTGELFF	PLLYDANYFL
CASSGTSVRGQDGYTF	PLLYDANYFL
CSARELSNEQFF	PLLYDANYFL
CSVEWDSNTGELFF	PLLYDANYFL
CASSNGLAGGETQYF	PLLYDANYFL
CASSQLSGLNEQFF	PLLYDANYFL
CSVDARGLNTEAFF	PLLYDANYFL
CASSWDRTNNEQFF	PLLYDANYFL
CASSSLTPGTSGLNTGELFF	PLLYDANYFL
CASSLGRGSLDYGYTF	PLLYDANYFL
CASSLGDPVFF	PLLYDANYFL
CASSAPGTGSTDTQYF	PLLYDANYFL
CASSLAGSTEAFF	PLLYDANYFL
CASSQVLANTGELFF	PLLYDANYFL
CASSWTTGDDGYTF	PLLYDANYFL
CASSLLTGTYEQYF	PLLYDANYFL
CASSDGTGYIGGLDNEQFF	PLLYDANYFL
CASSLIGGRAKNIQYF	PLLYDANYFL
CASSLGGDRETQYF	PLLYDANYFL
CAWSLRDPSSGANVLTF	PLLYDANYFL
CASSLGSTEAFF	PLLYDANYFL
CASSLASDEQYF	PLLYDANYFL
CASSQGANGELFF	PLLYDANYFL
CSVRAGGWEQYF	PLLYDANYFL
CSVDASGEQFF	PLLYDANYFL
CASSFFGAVNSPLHF	PLLYDANYFL
CASGLTGAKETQYF	PLLYDANYFL
CASTADRNTEAFF	PLLYDANYFL
CASSQVEVEWNEQFF	PLLYDANYFL
CASSLTGTNEKLFF	PLLYDANYFL
CASSLDRSRGYTF	PLLYDANYFL
CASSLGGTEAFF	PLLYDANYFL
CASRPLAGGLILETQYF	PLLYDANYFL
CASTEDPGGYNEQFF	PLLYDANYFL
CASSLGGSTEAFF	PLLYDANYFL
CASSLFLGTEAFF	PLLYDANYFL
CASSQMSATYEQYF	PLLYDANYFL
CASSRTGGNQPQHF	PLLYDANYFL
CSARDPTSPLNYNEQFF	PLLYDANYFL
CASSSGGVGGKNIQYF	PLLYDANYFL
CATSDPQRNEQFF	PLLYDANYFL
CASSSLGGASGANEQFF	PLLYDANYFL
CASSYSKPGLASDTQYF	PLLYDANYFL
CSVRQGSYGYTF	PLLYDANYFL
CASSLEGATGELFF	PLLYDANYFL
CASSLGGSTEAFF	PLLYDANYFL
CASSLTAPMNTEAFF	PLLYDANYFL
CASSSPPVLQGIRYNEQFF	PLLYDANYFL
CATSRDIASGLTDTQYF	PLLYDANYFL
CASSLLLAGQETQYF	PLLYDANYFL
CASSSGQIYEQYF	PLLYDANYFL
CSARDRDDTDTQYF	PLLYDANYFL
CASSIAVRTGTNTEAFF	PLLYDANYFL
CSVELGSRQFF	PLLYDANYFL
CASSLSYTGELFF	PLLYDANYFL
CASSGPGSGSLAPHAQFF	PLLYDANYFL
CSARVGVEQYF	PLLYDANYFL
CASSQIILAGAGEETQYF	PLLYDANYFL
CASSLNPRTDISYEQYF	PLLYDANYFL
CASSFADNQPQHF	PLLYDANYFL
CASSLPRGIRAYEQYF	PLLYDANYFL
CSVRDGGKAGYTF	PLLYDANYFL
CATSRGDSTDTQYF	PLLYDANYFL
CASSSGQIYEQYF	PLLYDANYFL
CASSDLSAGNGNTIYF	PLLYDANYFL
CASSLGSTEAFF	PLLYDANYFL
CSARLGDKNIQYF	PLLYDANYFL
CASSVTLDRGGYEQFF	PLLYDANYFL
CASSGTGGTKNIQYF	PLLYDANYFL
CSARGSRDYEQYF	PLLYDANYFL
CASSQDHTEAFF	PLLYDANYFL
CSARRTGLEQYF	PLLYDANYFL
RPDTSNEQYF	PLLYDANYFL
CASRGQSKPTPLAKNIQYF	PLLYDANYFL
CASSAPRDRGTDTQYF	PLLYDANYFL
CASAIPNLNEQFF	PLLYDANYFL
CSARDREGPDTQYF	PLLYDANYFL
CASGEGALVSYNEQFF	PLLYDANYFL
CASSLSGSTEAFF	PLLYDANYFL
CASSLDVSYNEQFF	PLLYDANYFL
CASSLGGSTEAFF	PLLYDANYFL
CASSEGDFNQPQHF	PLLYDANYFL
CASSQEDPRQGAVNYEQFF	PLLYDANYFL
CASSGLASRRGQETQYF	PLLYDANYFL
CASSDQNRGGLGETQYF	PLLYDANYFL
CSAPGQGLGQPQHF	PLLYDANYFL
CATNTGTGATGELFF	PLLYDANYFL
CASSLDGGTYEQYF	PLLYDANYFL
CASSFGVAGHIETQYF	PLLYDANYFL
CASSLTTGTSGTNEQFF	PLLYDANYFL
CASSKTGGKGELFF	PLLYDANYFL
CASSLAGRNTEAFF	PLLYDANYFL
CASSVAGSTEAFF	PLLYDANYFL
CASSQDPGFYGYTF	PLLYDANYFL
CSAREIQETQYF	PLLYDANYFL
CSARDHSGRGTDTQYF	PLLYDANYFL
CASSKVNNQPQHF	PLLYDANYFL
CASSPTTSGGQETQYF	PLLYDANYFL
CASSFNFPGGMNGYTF	PLLYDANYFL
CASLNLRGDYGYTF	PLLYDANYFL
CASSPPSRNEQYF	PLLYDANYFL
CAAEPVMNTEAFF	PLLYDANYFL
CASSLANPRVDEQYF	PLLYDANYFL
CAIPLVGGAFTGELFF	PLLYDANYFL
CASSVVDNYEQYF	PLLYDANYFL
CASSFGDEQFF	PLLYDANYFL
CASSLGTSGAYEQYF	PLLYDANYFL
CASSLGGSEAFF	PLLYDANYFL
CATSRDPFPGGPDTQYF	PLLYDANYFL
CASSQGDRGHNEQFF	PLLYDANYFL
CASSSGQGDFYNEQFF	PLLYDANYFL
CSARGQGLEKLFF	PLLYDANYFL
CASTGLGGSNQPQHF	PLLYDANYFL
GWRYSNQPQHF	PLLYDANYFL
CASSLGSSNEQFF	PLLYDANYFL
CASSTALPSTTDTQYF	PLLYDANYFL
CASSFGDSRYTF	PLLYDANYFL
CASSLAFPNEQFF	PLLYDANYFL
CASSLNNEKLFF	PLLYDANYFL
CSVGRSGGQPQHF	PLLYDANYFL
CASSLGVGSRGEQYF	PLLYDANYFL
CASSYAGGSGYTF	PLLYDANYFL
CASSLLAGGELFF	PLLYDANYFL
CASSQDHDEQYF	PLLYDANYFL
CASSGGSGFADTQYF	PLLYDANYFL
CASSLLDTQYF	PLLYDANYFL
CASSQDHNEQFF	PLLYDANYFL
CASSLTARDYNTGELFF	PLLYDANYFL
CASSLGTNNEQFF	PLLYDANYFL
CASSLRTSGVTGELFF	PLLYDANYFL
CSARLAGALFFEQYF	PLLYDANYFL
CASSVDPRTGDLNTEAFF	PLLYDANYFL
CSARAQGTTEAFF	PLLYDANYFL
CASSLDPRSTSYEQYF	PLLYDANYFL
CASSLSGSTEAFF	PLLYDANYFL
CASSIAGGGYNEQFF	PLLYDANYFL
CSVGKGPYQETQYF	PLLYDANYFL
CASSLGGSTEAFF	PLLYDANYFL
CASSILGFDEQYF	PLLYDANYFL
CASSIDGSYEQYF	PLLYDANYFL
CASPLRDCDWTGELFF	PLLYDANYFL
CASSQDHNEQFF	PLLYDANYFL
CSAQAQTSFDGYTF	PLLYDANYFL
CSARGPQLSRTDTQYF	PLLYDANYFL
CASSLLGKDIQYF	PLLYDANYFL
CSARPYFGSYEQYF	PLLYDANYFL
CSARVPDYNEQFF	PLLYDANYFL
CASSLGTGSYEQYF	PLLYDANYFL
CASSQDPGASYNEQFF	PLLYDANYFL
CASSHISGETQYF	PLLYDANYFL
CATSRGTSTDTQYF	PLLYDANYFL
CASGGTVGYEQYF	PLLYDANYFL
CAAPVGLGMNTEAFF	PLLYDANYFL
CASSESEREQETQYF	PLLYDANYFL
CASSLGGSTEAFF	PLLYDANYFL
CSALGTSGATGELFF	PLLYDANYFL
CASSLGVGVSTDTQYF	PLLYDANYFL
CASSASGRNEQYF	PLLYDANYFL
CASSHFSGLEQFF	PLLYDANYFL
CASSPLSKIMETQYF	PLLYDANYFL
CASSQDQYTQYF	PLLYDANYFL
CASSQDHYEQYF	PLLYDANYFL
CSARSGQAENERAFF	PLLYDANYFL
CASSLGGAEAFF	PLLYDANYFL
CASPLGQGMNTEAFF	PLLYDANYFL
CASSLIQDEQYF	PLLYDANYFL
CASSLGSADQYF	PLLYDANYFL
CASSGMTGTGYTF	PLLYDANYFL
CASKGTGGNNEQFF	PLLYDANYFL
CASSPTESGYEQYF	PLLYDANYFL
CASSTTGTRGSNEQFF	PLLYDANYFL
CSARKGQPQHF	PLLYDANYFL
CASSESVNTGSGTEAFF	PLLYDANYFL
CASSEGQIYEQYF	PLLYDANYFL
CSAVAEGYEQFF	PLLYDANYFL
CASSQQGNGEQYF	PLLYDANYFL
CSAREVSSGNTIYF	PLLYDANYFL
CAWSVVAGGPDTQYF	PLLYDANYFL
CASSRLGGETQYF	PLLYDANYFL
CASSSPGAETQYF	PLLYDANYFL
CASSLTGGKDGYTF	PLLYDANYFL
CASPKEGSGLSPYEQYF	PLLYDANYFL
CASSIHDTLVAKNIQYF	PLLYDANYFL
CATSRDRGGAVYEQYF	PLLYDANYFL
CATSALDEQFF	PLLYDANYFL
CASSEPGGQGEETQYF	PLLYDANYFL
CSVRQGTYEQYF	PLLYDANYFL
CASSLGLGSTDTQYF	PLLYDANYFL
CASSLGGSTEAFF	PLLYDANYFL
CASSFTYGQGRQYEQYF	PLLYDANYFL
CASSLVAGNNQPQHF	PLLYDANYFL
CASSLGAGRETQYF	PLLYDANYFL
CSVPPKEVGFF	PLLYDANYFL
CASSLIRTSGLQETQYF	PLLYDANYFL
CASSPLGAGSYEQYF	PLLYDANYFL
CSAQDFESHGELFF	PLLYDANYFL
CASSFPTSEATDTQYF	PLLYDANYFL
CASSLSWTYNEQFF	PLLYDANYFL
CASSTPQGADNEQYF	PLLYDANYFL
CASSLSGVVETQYF	PLLYDANYFL
CATSGARQNEQFF	PLLYDANYFL
CASSLGTGGFYEQYF	PLLYDANYFL
CASSQDWTGELFF	PLLYDANYFL
CASSQLGGPNSYNEQFF	PLLYDANYFL
CSAQGRRSYNEQFF	PLLYDANYFL
CSAFPQTARYGYTF	PLLYDANYFL
CASSPGKTQYF	PLLYDANYFL
CSARDMGTFQYF	PLLYDANYFL
CSASGEQGAGLPQFF	PLLYDANYFL
CASSWGRDQPQHF	PLLYDANYFL
CSARRSNSYNEQFF	PLLYDANYFL
CASSQLAGSYEQYF	PLLYDANYFL
CASSLVLGGSYNEQFF	PLLYDANYFL
CAWSVLVSEIFNTGELFF	PLLYDANYFL
CASSPWDSLEGYTF	PLLYDANYFL
CSARDAGLAGPKNIQYF	PLLYDANYFL
CASNPSSYNEQFF	PLLYDANYFL
CASSLGSTEAFF	PLLYDANYFL
CASSLGGSTEAFF	PLLYDANYFL
CASSRTETYNEQFF	PLLYDANYFL
CASSGLMNTEAFF	PLLYDANYFL
CASSFGGSEAFF	PLLYDANYFL
CATSDFEFTDTQYF	PLLYDANYFL
CASSPSLTGSGLGETQYF	PLLYDANYFL
CASSQAIYYEQYF	PLLYDANYFL
CAISEPPQWEDTGELFF	PLLYDANYFL
CASSQDHGEQYF	PLLYDANYFL
CASSYSVQGTDTQYF	PLLYDANYFL
CASSAGTGGGETQYF	PLLYDANYFL
CSARDRDSTDTQYF	PLLYDANYFL
CASIHRAAMATGELFF	PLLYDANYFL
CASRPTDGYGYTF	PLLYDANYFL
CATRKTGGSEAFF	PLLYDANYFL
CASSFSKTAITWGETQYF	PLLYDANYFL
CASSARGPPETQYF	PLLYDANYFL
CATSRLFEAGGNTEAFF	PLLYDANYFL
CSASGTSEVLLTDTQYF	PLLYDANYFL
CASSLGQGAQPQHF	PLLYDANYFL
CASSYSLVPHNEQFF	PLLYDANYFL
CSARDMGFEAFF	PLLYDANYFL
CASSYSQGGIQYF	PLLYDANYFL
CASPRGAGMNTEAFF	PLLYDANYFL
CASRRGDSSYEQYF	PLLYDANYFL
CASSPTGGSGNTIYF	PLLYDANYFL
CSARGSGLEQFF	PLLYDANYFL
CATSGLASGSDTQYF	PLLYDANYFL
CSAREGEGANEQYF	PLLYDANYFL
CSARDRVEIFF	PLLYDANYFL
CATSRGDSTDTQYF	PLLYDANYFL
CSAREGVTQYF	PLLYDANYFL
CASSLRDHHNEQFF	PLLYDANYFL
CASSVGISTGELFF	PLLYDANYFL
CASSLTDGTEAFF	PLLYDANYFL
CSVVGGSISYEQYF	PLLYDANYFL
CASSSTGGKGGYTF	PLLYDANYFL
CASSGERGGRIDTQYF	PLLYDANYFL
CATSDHPTGEDGTDTQYF	PLLYDANYFL
CATSYGTSTDTQYF	PLLYDANYFL
CASSQEHGEQYF	PLLYDANYFL
CASSQDHNEQFF	PLLYDANYFL
CSVPPKTAHYNEQFF	PLLYDANYFL
CASSQYQGSHEQYF	PLLYDANYFL
CASTLGHPQPQHF	PLLYDANYFL
CASSLGAGGPGETQYF	PLLYDANYFL
CSARTGVEQFF	PLLYDANYFL
CASIGLAGYEQFF	PLLYDANYFL
CASSPDLSGNTIYF	PLLYDANYFL
CASSPNTVAAKNIQYF	PLLYDANYFL
CASSLGGAEAFF	PLLYDANYFL
CSVEQGSTQYF	PLLYDANYFL
CASSSTSLTGNEQFF	PLLYDANYFL
CASSLTGGDTQYF	PLLYDANYFL
CASSQGDRPEAFF	PLLYDANYFL
CASARLNQETQYF	PLLYDANYFL
CSVEGQGLAGYTF	PLLYDANYFL
CASSDGTGLTIAKNIQYF	PLLYDANYFL
CSARGREVPDTQYF	PLLYDANYFL
CASSLSGRPDTQYF	PLLYDANYFL
CASSQDHNEQFF	PLLYDANYFL
CASRGEVSYEQYF	PLLYDANYFL
CASRPQAPPEAFF	PLLYDANYFL
CASSQDSGNQPQHF	PLLYDANYFL
CASRYAGGEQYF	PLLYDANYFL
CSAGTPDGLDSGELFF	PLLYDANYFL
CASSVGDNSPLHF	PLLYDANYFL
CASSLRAGSLYNEQFF	PLLYDANYFL
CASSPGKPTYF	PLLYDANYFL
CASSEGQTNTEAFF	PLLYDANYFL
CASSNPRTGVGTGELFF	PLLYDANYFL
CASSLETGKNEQFF	PLLYDANYFL
CATSRDGTSGILYNEQFF	PLLYDANYFL
CASSVVDRGREQFF	PLLYDANYFL
CASSLLDSQYF	PLLYDANYFL
CASSLVGGPRSQETQYF	PLLYDANYFL
CASSPTTGRQPQHF	PLLYDANYFL
CSARQGYEQYF	PLLYDANYFL
CASSSRRAIIDTQYF	PLLYDANYFL
CASSLDSAVQPQHF	PLLYDANYFL
CASSLVDRRETQYF	PLLYDANYFL
CATSDKTSWGDEQFF	PLLYDANYFL
CASSQEWQDLLYGYTF	PLLYDANYFL
CASTTIGQEEPQHF	PLLYDANYFL
CASSRDHHEQYF	PLLYDANYFL
CASSQDHNEQFF	PLLYDANYFL
CSASPQGTSGASDTQYF	PLLYDANYFL
CSARMGDKNIQYF	PLLYDANYFL
CASSQERTSGYNEQFF	PLLYDANYFL
CASSFADNQPQHF	PLLYDANYFL
CASSLLASTGTGYTGELFF	PLLYDANYFL
CASSWADPNQPQHF	PLLYDANYFL
CASSIGGSTEAFF	PLLYDANYFL
CASSSTGPRGDTEAFF	PLLYDANYFL
CASSQASGGASNEQFF	PLLYDANYFL
CASSQDLGDVYEQYF	PLLYDANYFL
CASSRVSNQPQHF	PLLYDANYFL
