CDR3	AA
CSAREGTSVYEQYF	HLVDFQVTI
CASSLGLNTEAFF	HLVDFQVTI
CASSIRGNYGYTF	HLVDFQVTI
CASSHPGNTGELFF	HLVDFQVTI
CASSLGINTEAFF	HLVDFQVTI
CSARVISRNYGYTF	HLVDFQVTI
CASSPGSNQPQHF	HLVDFQVTI
CASSLDRARGYTF	HLVDFQVTI
CASSSGLAVVGELFF	HLVDFQVTI
CASSQEAGTAEYEQYF	HLVDFQVTI
CASSFEEPSLYEQYF	HLVDFQVTI
CSARDRWVPNNYGYTF	HLVDFQVTI
CASSLGLNTEAFF	HLVDFQVTI
CASSQGGNQPQHF	HLVDFQVTI
CSARDLSSYEQYF	HLVDFQVTI
CASSRGLNAGELFF	HLVDFQVTI
CASSQGMNTEAFF	HLVDFQVTI
CASSLGLHTDTQYF	HLVDFQVTI
CSASDGQSNYGYTF	HLVDFQVTI
CASSVGDNTEAFF	HLVDFQVTI
CSARGKWAANYGYTF	HLVDFQVTI
CASSSSTDRGGLAGGIEQFF	HLVDFQVTI
CASSLPRGFGRETQYF	HLVDFQVTI
CASQPQGAGEGYEQYF	HLVDFQVTI
CASSQGTNTGELFF	HLVDFQVTI
CASSSRTSGRNYNEQFF	HLVDFQVTI
CASSFSPQEQFF	HLVDFQVTI
CASSLGLNTEAFF	HLVDFQVTI
CAQAVGLNTGELFF	HLVDFQVTI
CASSLGRNTEAFF	HLVDFQVTI
CASSEERAYSNQPQHF	HLVDFQVTI
CATADLNTGELFF	HLVDFQVTI
CASSQGTAEAFF	HLVDFQVTI
CASSQNIGEQFF	HLVDFQVTI
CASSLELAGTYEQYF	HLVDFQVTI
