CDR3	AA
CASSEAPSPPNEQFF	AEIPKEEVKPF
CASSLSLTDTQYF	AEIPKEEVKPF
CASSVAGDSYEQYF	AEIPKEEVKPF
CASYPAPNTEAFF	AEIPKEEVKPF
CASSVGGLYNEQFF	AEIPKEEVKPF
CAISELGEPSTEAFF	AEIPKEEVKPF
CAISESGSGFPYNEQFF	AEIPKEEVKPF
CASSTAQGGKDEQYF	AEIPKEEVKPF
CASSQGNMETQYF	AEIPKEEVKPF
CASSLALPDTQYF	AEIPKEEVKPF
CASSYMGFGAEAFF	AEIPKEEVKPF
CAISEYSGEPYNEQFF	AEIPKEEVKPF
CASSLDLAGGLIDTQYF	AEIPKEEVKPF
CASSQSLAGDLVYEQYF	AEIPKEEVKPF
CASSLSLPDTQYF	AEIPKEEVKPF
CSAPQGEETQYF	AEIPKEEVKPF
CASSLALPDTQYF	AEIPKEEVKPF
CASSLSLPDTQYF	AEIPKEEVKPF
CAISETGESELYEQYF	AEIPKEEVKPF
CASSVAGDSYEQYF	AEIPKEEVKPF
CAISEQGGDEQYF	AEIPKEEVKPF
CAISELGERETQYF	AEIPKEEVKPF
CAISETGDSYEQYF	AEIPKEEVKPF
CASSWVTGDNSPLHF	AEIPKEEVKPF
CASSVASQLDTQYF	AEIPKEEVKPF
CASSVVTTDTQYF	AEIPKEEVKPF
CASSAGKDIQYF	AEIPKEEVKPF
CASSLALPDTQYF	AEIPKEEVKPF
CASSLTLADTQYF	AEIPKEEVKPF
CASRPGSTTDTQYF	AEIPKEEVKPF
CASSLTLPDIQYF	AEIPKEEVKPF
CASSEAPGPWGQFF	AEIPKEEVKPF
CASSYGANTEAFF	AEIPKEEVKPF
CSASEYRDISYEQYV	AEIPKEEVKPF
CASSLWVADTDTQYF	AEIPKEEVKPF
CATQGGGNTGELFF	AEIPKEEVKPF
CAISESRQAANEQYF	AEIPKEEVKPF
CASSVAGDAYEQYF	AEIPKEEVKPF
CASSRGYQETQYF	AEIPKEEVKPF
CASSLDGWDYTEAFF	AEIPKEEVKPF
CASSLDTGGELFF	AEIPKEEVKPF
CASSLSGADTQYF	AEIPKEEVKPF
CASSLALPDTQYF	AEIPKEEVKPF
CAISESGDSTDTQYF	AEIPKEEVKPF
CAISESGEAGPFNEAFF	AEIPKEEVKPF
CASSEMGEPYNEQFF	AEIPKEEVKPF
CAISELGSGEYNEQFF	AEIPKEEVKPF
CSAPRGEETQYF	AEIPKEEVKPF
CASSEVGGGNNQPQHF	AEIPKEEVKPF
CASSVSGFHKDNEKLFF	AEIPKEEVKPF
CASSEAGEAYNEQFF	AEIPKEEVKPF
CASSFPRGREDKMNEQFF	AEIPKEEVKPF
CASSVESGNHGYTF	AEIPKEEVKPF
CASSEAGDPYEQYF	AEIPKEEVKPF
CASRPGSTTDTQYF	AEIPKEEVKPF
CASSEGVTSYNEQFF	AEIPKEEVKPF
CAIRETGDSTEAFF	AEIPKEEVKPF
CASSLSLPDTQYF	AEIPKEEVKPF
CASSSGTSGTYEQYF	AEIPKEEVKPF
CAISEEGQLTEAFF	AEIPKEEVKPF
CAISESSQETQYF	AEIPKEEVKPF
