CDR3	AA
CASSQDDAAYEQYF	YFLQSINFVR
CSAPVGGATGELFF	YFLQSINFVR
CASSPPDTNQPQHF	YFLQSINFVR
CSALRQGMVTYEQYF	YFLQSINFVR
CASSLGDEQYF	YFLQSINFVR
CASSTGQGIMDTEAFF	YFLQSINFVR
CASSLYLGSGNTIYF	YFLQSINFVR
CASYSSSYEQYF	YFLQSINFVR
CASSLAVGQSTYEQYF	YFLQSINFVR
CASSRNPGGGAGELFF	YFLQSINFVR
CASSLVDTGELFF	YFLQSINFVR
CASSSGTSGYEQYF	YFLQSINFVR
CASSSDGVGNEQFF	YFLQSINFVR
CASSLSPDRDLHEQYF	YFLQSINFVR
CASSLTSVGGPSETQYF	YFLQSINFVR
CASSLVSGATEAFF	YFLQSINFVR
CASSPGGDEQYF	YFLQSINFVR
CASSQIDSIWDTDTQYF	YFLQSINFVR
CASGNTEAFF	YFLQSINFVR
CATAGGLNTEAFF	YFLQSINFVR
CASRDTGASYNEQFF	YFLQSINFVR
CASSLGGATEAFF	YFLQSINFVR
CSVDPSGASSEQYF	YFLQSINFVR
CASSYSRGNTGELFF	YFLQSINFVR
CASSTGQWNIQYF	YFLQSINFVR
CASSPHNYEQYF	YFLQSINFVR
CASRGTAQETQYF	YFLQSINFVR
CASSIAAGQLNTEAFF	YFLQSINFVR
CSAPRGGSTGELFF	YFLQSINFVR
CASSSLAGGSLDEQFF	YFLQSINFVR
CSVPPQGSGTEAFF	YFLQSINFVR
CSVEEVAGGGYTF	YFLQSINFVR
CASSSYRGQYEQYF	YFLQSINFVR
CATSDYREAFF	YFLQSINFVR
CASSFGSSPLNEQFF	YFLQSINFVR
CASSLVGSGVPDTQYF	YFLQSINFVR
CASWGGPYTDTQYF	YFLQSINFVR
CASSQDPPVGEAEKLFF	YFLQSINFVR
CATGGGGTDTGELFF	YFLQSINFVR
CASSPPDRAYEQYF	YFLQSINFVR
CASGPGLAGYTDTQYF	YFLQSINFVR
CASSVPTGGGKPAGDTDTQYF	YFLQSINFVR
CSVVDVWEAFF	YFLQSINFVR
CASGATSYEQYF	YFLQSINFVR
CASSEREQGSYNSPLHF	YFLQSINFVR
CASSYGVDEQFF	YFLQSINFVR
CASSLDLGLSYEQYF	YFLQSINFVR
CASSLVHTDTQYF	YFLQSINFVR
CASSQEVGHGYAGGYTF	YFLQSINFVR
CASSIAVYNEQFF	YFLQSINFVR
CASLAGTSAWETQYF	YFLQSINFVR
CSAATLATGWETQYF	YFLQSINFVR
CASRPLVGTDSNQPQHF	YFLQSINFVR
CASSPGLPPGNEQFF	YFLQSINFVR
CASSLGSEAFF	YFLQSINFVR
CASSPGVGVEQYF	YFLQSINFVR
CASSGQVTHRGSEAFF	YFLQSINFVR
CASSSLAGGTDTQYF	YFLQSINFVR
CASSPKGDEQYF	YFLQSINFVR
CASSSSGRRGDEQFF	YFLQSINFVR
CASSQDSAVSYNEQFF	YFLQSINFVR
CASSLDLGTGNTIYF	YFLQSINFVR
CSASPTAMNTEAFF	YFLQSINFVR
CASSLSGGSGVEQYF	YFLQSINFVR
CASSLDSYTEAFF	YFLQSINFVR
CASSSFGRERTEAFF	YFLQSINFVR
CASSLKDSGANVLTF	YFLQSINFVR
CASSFVSYNEQFF	YFLQSINFVR
CSARPKVWDKGGWGPDTQYF	YFLQSINFVR
CASSLLVANTGELFF	YFLQSINFVR
CSALWGLANNEQFF	YFLQSINFVR
CASSAGGNEQFF	YFLQSINFVR
CASSIALLTEAFF	YFLQSINFVR
CASSIGTEQETQYF	YFLQSINFVR
CASSFYWGTEAFF	YFLQSINFVR
CSARPSGGEYTF	YFLQSINFVR
CATSDLPNTGELFF	YFLQSINFVR
CASTTDGQGPFQETQYF	YFLQSINFVR
CASTGDRLKATTEAFF	YFLQSINFVR
CASSRGEQFF	YFLQSINFVR
CASSYEASGTEAFF	YFLQSINFVR
CASSLDAGSDSGSEDPYEQYF	YFLQSINFVR
CASSLSVGETFYEQYF	YFLQSINFVR
CAISKLADTSYNEQFF	YFLQSINFVR
CASSHTGSISYEQYF	YFLQSINFVR
CSARLTVSSYEQYF	YFLQSINFVR
CASSPPDTNTEAFF	YFLQSINFVR
CASSPGQTNSPLHF	YFLQSINFVR
CASSAEAEFTDTQYF	YFLQSINFVR
TVQETQYF	YFLQSINFVR
CASSLPSGSEQYF	YFLQSINFVR
CASSGPTSGGYDNEQFF	YFLQSINFVR
CASSPGLNYEQYF	YFLQSINFVR
CSVGGGAYGYTF	YFLQSINFVR
CASSLTASYGYTF	YFLQSINFVR
CASSQGDTNQPQHF	YFLQSINFVR
CASRTGTAFSPRGEETQYF	YFLQSINFVR
CASSQDPGSTDIQYF	YFLQSINFVR
CASSYIYEQYF	YFLQSINFVR
CATSRQDSYEQYF	YFLQSINFVR
CASSPNTGESSGYTF	YFLQSINFVR
CATSSAGRPIGAFF	YFLQSINFVR
CASSYSTSGDNEQFF	YFLQSINFVR
CASSTGQGTDTQYF	YFLQSINFVR
CAIEKTESHRAQYF	YFLQSINFVR
CASSELQNSPLHF	YFLQSINFVR
CASSYLGKDGYTF	YFLQSINFVR
CASSSSPSESSYEQYF	YFLQSINFVR
CASSQDIGSNQPQHF	YFLQSINFVR
CASSLLRDTYEQYF	YFLQSINFVR
CASSLGRSSGNTIYF	YFLQSINFVR
CASSIGLATEQYF	YFLQSINFVR
CSVGGTGAYEQYF	YFLQSINFVR
CASSHHSGLATEAFF	YFLQSINFVR
CARRQGTSQETQYF	YFLQSINFVR
CASSLGLAGVNEQFF	YFLQSINFVR
CASSIIVPEQYF	YFLQSINFVR
CASSWTGGSNQPQHF	YFLQSINFVR
CASSLLRDSSYEQYF	YFLQSINFVR
CASSDGEGRGGTEAFF	YFLQSINFVR
CSVDGGGYTF	YFLQSINFVR
CASRDGLNTEAFF	YFLQSINFVR
CASSARPGLEGLEQYF	YFLQSINFVR
CASSQVHPGEQFF	YFLQSINFVR
CASSYIAGVNTGELFF	YFLQSINFVR
CASSPPRAGPHEQYF	YFLQSINFVR
CSVDPSGSTGELFF	YFLQSINFVR
CASSLVGQPYYNSPLHF	YFLQSINFVR
CASSSTSGSRFYEQYF	YFLQSINFVR
CSARDRTLRYEQYF	YFLQSINFVR
CASSEGGTTAYNEQFF	YFLQSINFVR
CASSPDTVTYGYTF	YFLQSINFVR
CASSQEGALGTEAFF	YFLQSINFVR
CASFLSSYEQYF	YFLQSINFVR
CATGQESNTGELFF	YFLQSINFVR
CASSLGPQGGEKLFF	YFLQSINFVR
CSARGVVSGGTGELFF	YFLQSINFVR
CASSQDLGLLTQETQYF	YFLQSINFVR
CASSFYLDEQYF	YFLQSINFVR
CASSGAGGYGYTF	YFLQSINFVR
CASSDSYAGNTIYF	YFLQSINFVR
CASSQQPGTGGRQPQHF	YFLQSINFVR
CASSPHNYEQYF	YFLQSINFVR
CASSLGQALEQYF	YFLQSINFVR
CASSHGTGGRETQYF	YFLQSINFVR
CASEALMNTEAFF	YFLQSINFVR
CASSLVRGRTEAFF	YFLQSINFVR
CASRSIGQGANYGYTF	YFLQSINFVR
CASSYVQSYEQYF	YFLQSINFVR
CASSFGGLNTEAFF	YFLQSINFVR
CASRPFSSGSYEQYF	YFLQSINFVR
CASSISMNTEAFF	YFLQSINFVR
CASSVPSPGPGFYEQYF	YFLQSINFVR
CARGTGLEQYF	YFLQSINFVR
CASSEDQGVPGGNEQFF	YFLQSINFVR
CASSYGGYNEQFF	YFLQSINFVR
CASFAGELFF	YFLQSINFVR
CASSYLDSLYEQYV	YFLQSINFVR
CASSTPGLADNEQFF	YFLQSINFVR
CASSQETGGPYNEQFF	YFLQSINFVR
CASSLFRGAGDGYTF	YFLQSINFVR
CAISGEQGKSYNEQFF	YFLQSINFVR
CASGQGASYNEQFF	YFLQSINFVR
CASSVGDSYNSPLHF	YFLQSINFVR
CASSNIILVGGSDNEQFF	YFLQSINFVR
CASSPGQGATEAFF	YFLQSINFVR
CASSHGTGGRETQYF	YFLQSINFVR
CSAGSNGELFF	YFLQSINFVR
CASSGGEGEQFF	YFLQSINFVR
CASSHPSTGSEAFF	YFLQSINFVR
CASSGTLNEQFF	YFLQSINFVR
CASSPPDRAHYNEQFF	YFLQSINFVR
CASSYPRDYLAKNIQYF	YFLQSINFVR
CASSTSLTESSYNSPLHF	YFLQSINFVR
CASSLVKGQGATLAKNIQYF	YFLQSINFVR
CASSLAAGGYEQYF	YFLQSINFVR
CASSYSTGGFNTEAFF	YFLQSINFVR
CASSADPTRDRETYEQYF	YFLQSINFVR
CASSPPGGSYNEQFF	YFLQSINFVR
CASFSSSYEQYF	YFLQSINFVR
CASSWRDNEQFF	YFLQSINFVR
CASSIVTDTQYF	YFLQSINFVR
CASSLQDSYNEQFF	YFLQSINFVR
CASNHYYTDTQYF	YFLQSINFVR
CASSTGTWNEQFF	YFLQSINFVR
CARAGGLMNTEAFF	YFLQSINFVR
CASSQDTGYYYEQYF	YFLQSINFVR
CATSDLPTGQVETQYF	YFLQSINFVR
CASSRGDWVNEQFF	YFLQSINFVR
CASSTGLAGLYEQYF	YFLQSINFVR
CASSQHGTGLNTEAFF	YFLQSINFVR
CASSFVRGDGYGYTF	YFLQSINFVR
CASSQDGGGRVTGELFF	YFLQSINFVR
CASSKVSVGGMDTQYF	YFLQSINFVR
CATSRDRGLTEAFF	YFLQSINFVR
CASSEDWGTGQPQHF	YFLQSINFVR
CASSLVEGLGAYEQYF	YFLQSINFVR
CASFSTSYEQFF	YFLQSINFVR
CSVVGEPNEQFF	YFLQSINFVR
CASSPPSGNGWELFF	YFLQSINFVR
CASSPDGYPSYEQYF	YFLQSINFVR
CASGNQETQYF	YFLQSINFVR
CASSLGGSYNSPLHF	YFLQSINFVR
CASSPMTGVRDTQYF	YFLQSINFVR
CASSLSGRGGNTIYF	YFLQSINFVR
CATSVQGSDYEQYF	YFLQSINFVR
CASSQTTGQSSYNSPLHF	YFLQSINFVR
CASSQGRGEVGLQSQETQYF	YFLQSINFVR
CASSLAGEPQHF	YFLQSINFVR
CASSLWWEGTYEQYF	YFLQSINFVR
CASSREGPTVLETQYF	YFLQSINFVR
CATSRDVVAGDHYEQYF	YFLQSINFVR
CASREIQGANSPLHF	YFLQSINFVR
CATSAHNFQEETQYF	YFLQSINFVR
CASSSTDSYEQYF	YFLQSINFVR
CASSLVGEQYF	YFLQSINFVR
CASSSPAGAVSGANVLTF	YFLQSINFVR
CASSLTDGVGQPQHF	YFLQSINFVR
CSAPRGGATDEQYF	YFLQSINFVR
CASSLARGVAESLYYNEQFF	YFLQSINFVR
CASSLSQTYEQYF	YFLQSINFVR
CASSPLDRGGYEQYF	YFLQSINFVR
CASSQVERYNEQFF	YFLQSINFVR
CSALAGGWYEQYF	YFLQSINFVR
CASSPAPGTEENIQYF	YFLQSINFVR
CAITGSGTYEQYF	YFLQSINFVR
CAWWLPLAGVGDEQFF	YFLQSINFVR
CSAQRGGEQFF	YFLQSINFVR
CASSLGTGTTYTDTQYF	YFLQSINFVR
CASSYSGTGVPNYGYTF	YFLQSINFVR
CASSINGRGPYNEQFF	YFLQSINFVR
CASTTSGGSYNEQFF	YFLQSINFVR
CASSGPSSGTTDTQYF	YFLQSINFVR
CASSELGAGGGNEQFF	YFLQSINFVR
CSVKGLEQYF	YFLQSINFVR
CASSLVQDTYEQYF	YFLQSINFVR
CSAMDQGLGAFF	YFLQSINFVR
CASSQDIPGTGSYEQYF	YFLQSINFVR
CSASERARNTEAFF	YFLQSINFVR
CASSTDESNQPQHF	YFLQSINFVR
CASSLGAGSGVFF	YFLQSINFVR
CSVRGGETDMNTEAFF	YFLQSINFVR
CASSLGAGSSAIEQPQHF	YFLQSINFVR
CASSYSRTSGANVLTF	YFLQSINFVR
CATSEGLAGVDEQFF	YFLQSINFVR
CASSLGFADTQYF	YFLQSINFVR
CASSDTGELFF	YFLQSINFVR
CASSPSGTQYF	YFLQSINFVR
CASSFRLADTYEQYF	YFLQSINFVR
CASSIVGSYNEQFF	YFLQSINFVR
CASSHGQQPGSQYF	YFLQSINFVR
CASSPGQTYEQYF	YFLQSINFVR
CSVVSVWEAFF	YFLQSINFVR
CASSLPSGYEQYF	YFLQSINFVR
CASSSQNTEAFF	YFLQSINFVR
CASSTGDNTGELFF	YFLQSINFVR
CASSKTDRLGPYEQYF	YFLQSINFVR
CASRMGYNEQFF	YFLQSINFVR
CASSYSSIGNTGELFF	YFLQSINFVR
CASSEGPAGGSSYEQYF	YFLQSINFVR
CASSFPNGNEQYF	YFLQSINFVR
CASSQMGALNTEAFF	YFLQSINFVR
CSVPSGGGYEQFF	YFLQSINFVR
CASSPRGPWIYEQYF	YFLQSINFVR
CASSLQGALNTEAFF	YFLQSINFVR
CASSLGDRPTQAQYF	YFLQSINFVR
CASSFPLEKQSYEQYF	YFLQSINFVR
CASSQESSGYEQYF	YFLQSINFVR
CASSLEAGGTDTQYF	YFLQSINFVR
CSVVRGPEQFF	YFLQSINFVR
CASRPTVAGGSSYEQYF	YFLQSINFVR
CASSRDVSSYEQYF	YFLQSINFVR
CASSLSGTTEAFF	YFLQSINFVR
CASSEAADRADTGELFF	YFLQSINFVR
CASRHAGGLSTEAFF	YFLQSINFVR
CASSKTGGSYEQYF	YFLQSINFVR
CSVETGNTIYF	YFLQSINFVR
CASSASETSGASYNEQFF	YFLQSINFVR
CAISESSGGGRGTGELFF	YFLQSINFVR
CSVGSYPEFF	YFLQSINFVR
CASSQANYEQYF	YFLQSINFVR
CASSQATALNTEAFF	YFLQSINFVR
CASSETRQETQYF	YFLQSINFVR
CASSVLGGETQYF	YFLQSINFVR
CASSLSGGAPGTDTQYF	YFLQSINFVR
CASSQGQRLPDNEQFF	YFLQSINFVR
CASSDLTGGKNTEAFF	YFLQSINFVR
CASSWGGKQDEQYF	YFLQSINFVR
CASSSPKRPTGLYEQYF	YFLQSINFVR
CASSLPILNSYEQYF	YFLQSINFVR
CASSFPSGYNEQFF	YFLQSINFVR
CASSLAGTDGNTIYF	YFLQSINFVR
CASSVLAGGPGEQYF	YFLQSINFVR
CASSELIDAAGDSEQFF	YFLQSINFVR
CSAKRRDNQPQHF	YFLQSINFVR
CSARGPSGYEQYF	YFLQSINFVR
CASSLASDQPQHF	YFLQSINFVR
CASSLWEEGSYEQYF	YFLQSINFVR
CASSLDKPANFYGYTF	YFLQSINFVR
CASSLDPIGNNYEQYF	YFLQSINFVR
CASNGDWRADTQYF	YFLQSINFVR
CASLRQTYEQYF	YFLQSINFVR
CATSDSQGYEQYF	YFLQSINFVR
CAWSEFAPAEQFF	YFLQSINFVR
CASSTQTGTGGYQPQHF	YFLQSINFVR
CATSRDRGSNQPQHF	YFLQSINFVR
CASSPNGGPNYGYTF	YFLQSINFVR
CASGTTYEQYF	YFLQSINFVR
CSARDPESATNEKLFF	YFLQSINFVR
CASSEGTAYNEQFF	YFLQSINFVR
CASSPGGDTQYF	YFLQSINFVR
CASSHYRGSYNEQFF	YFLQSINFVR
CASSQALGTLNEQFF	YFLQSINFVR
CASTPGQYNEQFF	YFLQSINFVR
CASSLSRYEQYF	YFLQSINFVR
CASSQGRGSGNTIYF	YFLQSINFVR
CASSLAGTMNEQFF	YFLQSINFVR
CASSPQYPVSGEQYF	YFLQSINFVR
CASSQEWGDYQPQHF	YFLQSINFVR
CSAGTGDRWEQFF	YFLQSINFVR
RASRGAGVPDTQYF	YFLQSINFVR
CSASWDTGLSYEQYF	YFLQSINFVR
CASSFNRVDGTNEKLFF	YFLQSINFVR
CASSPWEGGVRGASNEQFF	YFLQSINFVR
CASSTQRWDRKIQETQYF	YFLQSINFVR
CASSEKSARYDRYEQYF	YFLQSINFVR
CASSKLPNRQRHSPLHF	YFLQSINFVR
CSVVWGHEQYF	YFLQSINFVR
CASSDRVEYSSYNSPLHF	YFLQSINFVR
CASSSRGDEQFF	YFLQSINFVR
CASSQDQEISTDTQYF	YFLQSINFVR
CASSYGGTPGTEAFF	YFLQSINFVR
CASRAVGEDGYTF	YFLQSINFVR
CASSKETGLAYGYTF	YFLQSINFVR
CASSISTASYEQYF	YFLQSINFVR
CASSLGLGLWGTAINQPQHF	YFLQSINFVR
CASSISTASEQFF	YFLQSINFVR
CASSPGQGAKNEQFF	YFLQSINFVR
CASSQGGALNTEAFF	YFLQSINFVR
CASSLGLAGGYEQFF	YFLQSINFVR
CASFSASYEQYF	YFLQSINFVR
CSVEVEGPTEAFF	YFLQSINFVR
CASSWDRGYGYTF	YFLQSINFVR
CASSGDGTYEQYF	YFLQSINFVR
CASSGETGLAKNIQYF	YFLQSINFVR
CASSENTGLAAEAFF	YFLQSINFVR
CASSLEAGGFYSSYNEQFF	YFLQSINFVR
CASSLTAVQETQYF	YFLQSINFVR
CASSLNQAGNQPQHF	YFLQSINFVR
CATSGQERGPYEQYF	YFLQSINFVR
CATEWSGGSTGELFF	YFLQSINFVR
CASSEPDREETQYF	YFLQSINFVR
CASSLGDEQYF	YFLQSINFVR
CASSPAWTGGWETQYF	YFLQSINFVR
CASSPSPGGAGSNQPQHF	YFLQSINFVR
CASSYQGPTGELFF	YFLQSINFVR
CASSLGARNTDTQYF	YFLQSINFVR
CASSPWDREPQPQHF	YFLQSINFVR
CASSLTAGLNEQFF	YFLQSINFVR
CASRRLAGVGGWNEQFF	YFLQSINFVR
CASRTSGNPDTQYF	YFLQSINFVR
CASSVPRGTQETQYF	YFLQSINFVR
CASSIDTPYEQYF	YFLQSINFVR
CSATPRDLASYNEQFF	YFLQSINFVR
CASSPDLQGNEQFF	YFLQSINFVR
CASSQEGRGPEQYF	YFLQSINFVR
CASSDVEGLRPLNTEAFF	YFLQSINFVR
CASSEVVTGGDEQFF	YFLQSINFVR
CASSMIRLAGGSSYNEQFF	YFLQSINFVR
CASFGSSYEQYF	YFLQSINFVR
CASARTGRNEQYF	YFLQSINFVR
CASSLPTSGGSQETQYF	YFLQSINFVR
CASSLQVGTGGRQPQHF	YFLQSINFVR
CASGASGIGFGTDTQYF	YFLQSINFVR
CASSGGIGELFF	YFLQSINFVR
CASVAGDEQYF	YFLQSINFVR
CASSINWETVPYEQYF	YFLQSINFVR
CSAREEGDTQYF	YFLQSINFVR
CSVVYGGRSTEAFF	YFLQSINFVR
CASGRGPDYNEQFF	YFLQSINFVR
CASSTMEGQAPRYEQYF	YFLQSINFVR
CASSETRGSYNEQFF	YFLQSINFVR
CSAPRGGASTDTQYF	YFLQSINFVR
CASSLGQGEYEQYF	YFLQSINFVR
CATSDFQGAGELFF	YFLQSINFVR
CASSLTGGPAPADTQYF	YFLQSINFVR
CASSQIGGTGLTDTQYF	YFLQSINFVR
CASSPTAGYRTDTQYF	YFLQSINFVR
CAISPETQETQYF	YFLQSINFVR
CASGTRLASYEQYF	YFLQSINFVR
CSVAGQGHYEQYF	YFLQSINFVR
CASSGNNQPQHF	YFLQSINFVR
CASSFGDEQFF	YFLQSINFVR
CASSPPLEFGGTTDTQYF	YFLQSINFVR
CASSSGRNFYEQFF	YFLQSINFVR
CASSSGNTEAFF	YFLQSINFVR
CASSQDGADGETQYF	YFLQSINFVR
CASRAGETQYF	YFLQSINFVR
CASSTPTGVALGEQFF	YFLQSINFVR
CASSPGGNEQFF	YFLQSINFVR
CASSPTSGYDEQYF	YFLQSINFVR
CASSELTGLAGDETQYF	YFLQSINFVR
CSAPRGGMTYEQYF	YFLQSINFVR
CASSFLGGVSHEQYF	YFLQSINFVR
CASSQPSSGNEQFF	YFLQSINFVR
CASSFATLNEQFF	YFLQSINFVR
CASSLYLSPIQPQHF	YFLQSINFVR
CASGRDSGEQYF	YFLQSINFVR
CASSTAGLGYSPLHF	YFLQSINFVR
CASSPNSYEQYF	YFLQSINFVR
CASSSQNTEAFF	YFLQSINFVR
CASNTGQGTDTQYF	YFLQSINFVR
CASSRGQMATNEKLFF	YFLQSINFVR
CASSQVYRDTEAFF	YFLQSINFVR
CASSYGGIGVHEQFF	YFLQSINFVR
CASSTSEGWGFYNYGYTF	YFLQSINFVR
CASTPSGANEQFF	YFLQSINFVR
CSVVWGGFTGELFF	YFLQSINFVR
CASSEAESAQETQYF	YFLQSINFVR
CASSWSPGELFF	YFLQSINFVR
CASSVGQDNQPQHF	YFLQSINFVR
CASIPSDEGWAETQYF	YFLQSINFVR
CASSVAGSGNTIYF	YFLQSINFVR
CASSLNRVGNEKLFF	YFLQSINFVR
CASSPLAGSSYNEQFF	YFLQSINFVR
CATTPSTGSAPLHF	YFLQSINFVR
CASSESVSGDQNTGELFF	YFLQSINFVR
CSVGVTEAFF	YFLQSINFVR
CASSFVGGEKLFF	YFLQSINFVR
CASSLARDSYEQYF	YFLQSINFVR
CATSELTSGEHNEQFF	YFLQSINFVR
CASSLLDTTYEQYF	YFLQSINFVR
CASSGGWWNSPLHF	YFLQSINFVR
CASSIRGWNEQFF	YFLQSINFVR
CSVDSGENEQFF	YFLQSINFVR
CASSLEDTGELFF	YFLQSINFVR
CASSLSIPVNTEAFF	YFLQSINFVR
CASILDNEQFF	YFLQSINFVR
CASSGPSGSSPYEQYF	YFLQSINFVR
CASSTLEGGELFF	YFLQSINFVR
CASSLQPTANYGYTF	YFLQSINFVR
CASSLGAGPSSGETQYF	YFLQSINFVR
CASSIVQGEYNEQFF	YFLQSINFVR
CASTNRVDNTEAFF	YFLQSINFVR
CASSYWTGGTDTQYF	YFLQSINFVR
CASSTETGGFYEQYF	YFLQSINFVR
CSVEDQAESSYNEQFF	YFLQSINFVR
CASRGLAGVGEQFF	YFLQSINFVR
CASSLEPSYEQYF	YFLQSINFVR
CASSFSENTGELFF	YFLQSINFVR
CASSQEGGGARTEAFF	YFLQSINFVR
CASSSIEGDNEQFF	YFLQSINFVR
CASSFDGLGAFF	YFLQSINFVR
CASSQDSKLTGSYEQYF	YFLQSINFVR
CASSLVPSGPYEQYF	YFLQSINFVR
CASSPLRDTLTDTQYF	YFLQSINFVR
CASTNSNQPQHF	YFLQSINFVR
CAQRVYHSNQPQHF	YFLQSINFVR
CASSPLTGGGYGYTF	YFLQSINFVR
CASSPGLQETQYF	YFLQSINFVR
CASINTGVYYNEQFF	YFLQSINFVR
CASSGYPSNYGYTF	YFLQSINFVR
CSVVLGGQNTEAFF	YFLQSINFVR
CAISDGTTGEKLFF	YFLQSINFVR
CASSGLAGGEETQYF	YFLQSINFVR
CASSLSGRGEQYF	YFLQSINFVR
CASSQERGRTYEQYF	YFLQSINFVR
CASSSGQGLVNTEAFF	YFLQSINFVR
CASSLLRGRLDTEAFF	YFLQSINFVR
CASSGGQGFDTQYF	YFLQSINFVR
CASSIDTGVAEQYF	YFLQSINFVR
CASSLNAENTEAFF	YFLQSINFVR
CASSSAGRKQPQHF	YFLQSINFVR
CASSLLGGETQYF	YFLQSINFVR
CASSSPGVAGKPNEQFF	YFLQSINFVR
CSAMGQDTGELFF	YFLQSINFVR
CSGRQGGLSNEKLFF	YFLQSINFVR
CASSAGQGRWNTEAFF	YFLQSINFVR
CASSPTGASNQPQHF	YFLQSINFVR
CSVPSGYGYTF	YFLQSINFVR
CASAGLPNEQFF	YFLQSINFVR
CASTQLAGGLNEQFF	YFLQSINFVR
CASSLAFGTGVDTQYF	YFLQSINFVR
CASSGEWDNEQFF	YFLQSINFVR
CASSISVFSEKLFF	YFLQSINFVR
CASSQAWMNTGELFF	YFLQSINFVR
CASSSGTEYQETQYF	YFLQSINFVR
CASSLSSDGNEQFF	YFLQSINFVR
CASSPFTTGSHGYTF	YFLQSINFVR
CASSSIAGVSYEQYF	YFLQSINFVR
CAISERHMSDTEAFF	YFLQSINFVR
CATSDLQGAQETQYF	YFLQSINFVR
CASYSSSYEQYF	YFLQSINFVR
CASSLSGQELNQPQHF	YFLQSINFVR
CASSLLGGAGNEQFF	YFLQSINFVR
CASSFSLADVTGELFF	YFLQSINFVR
CSVEGQQGVHYGYTF	YFLQSINFVR
CASSPVGGWETQYF	YFLQSINFVR
CASTTGMNTEAFF	YFLQSINFVR
CASREGLAGLYEQYF	YFLQSINFVR
CASSQGVATDTDTQYF	YFLQSINFVR
CATSDFQGAGELFF	YFLQSINFVR
CASSQDRSSGTYNEQFF	YFLQSINFVR
CSVDGGGYTF	YFLQSINFVR
CSATLRGPQGEQYF	YFLQSINFVR
CASSQVHSTTDEQFF	YFLQSINFVR
