CDR3	AA
CSVEPRDRSNVLTF	QTNSPRRAR
CASSPEGQTYYGYTF	QTNSPRRAR
CASTLNLGTSGSDEQFF	QTNSPRRAR
CASSPTILSLNTEAFF	QTNSPRRAR
CASSSFGRTLEDEKLFF	QTNSPRRAR
CASSLELAGGLETQYF	QTNSPRRAR
CASSLARGLAGTPTDTQYF	QTNSPRRAR
CASSQEGQGMQPQHF	QTNSPRRAR
CASSVGGDYEQYF	QTNSPRRAR
CASKSWDSLTYEQYF	QTNSPRRAR
CASSPNPGLDIEKLFF	QTNSPRRAR
CASRSDSRPYTEAFF	QTNSPRRAR
CASNVNQETQYF	QTNSPRRAR
CASSYSGDEEKLFF	QTNSPRRAR
CASSLFAGDEQFF	QTNSPRRAR
CASSISDWGNTDTQYF	QTNSPRRAR
CASSLEGTGFRETQYF	QTNSPRRAR
CASNPDRSYEQYF	QTNSPRRAR
CASILNTEAFF	QTNSPRRAR
CASRPPGLAAYEQYF	QTNSPRRAR
