CDR3	AA
CASRGTGDGYNEQFF	LPFNDGVYF
CSARDGVAGVSNEQFF	LPFNDGVYF
CASSLSGSSYNEQFF	LPFNDGVYF
CASSILLAGGPDEQFF	LPFNDGVYF
CASSLVGEEFYNEQFF	LPFNDGVYF
CASSSTVNNEQFF	LPFNDGVYF
CASSLSLEGSYGYTF	LPFNDGVYF
CASSPAGNQPQHF	LPFNDGVYF
CASSLVFLETQYF	LPFNDGVYF
CASSPSLAAYEQYF	LPFNDGVYF
CASSHDSAGDEQFF	LPFNDGVYF
CASSIKENTEAFF	LPFNDGVYF
CASSSRGTNEKLFF	LPFNDGVYF
CSASWVGYEQYF	LPFNDGVYF
CASKRVGSDTQYF	LPFNDGVYF
CASSSPGTAQETQYF	LPFNDGVYF
CASSPRTGGRNEQFF	LPFNDGVYF
CASSGYSNEQFF	LPFNDGVYF
CASSNDYTEAFF	LPFNDGVYF
CASSSPGTWGYTF	LPFNDGVYF
CASSLGVFGNQPQHF	LPFNDGVYF
CASKTGTSGYNEQFF	LPFNDGVYF
CASRPGQSYEQYF	LPFNDGVYF
CAISRQGLDYTF	LPFNDGVYF
CASSGTSGRYNEQFF	LPFNDGVYF
CASSLKELGTHGELFF	LPFNDGVYF
CASSGTGRSGANVLTF	LPFNDGVYF
CASSDSLTTSEQYF	LPFNDGVYF
CSVIRTSGGYEQYF	LPFNDGVYF
CASSLFSGGDEQYF	LPFNDGVYF
CASGPRGSYEQYF	LPFNDGVYF
CSAETSRREQYF	LPFNDGVYF
CASSHAAYQETQYF	LPFNDGVYF
CASSLVFLAGTGGEQFF	LPFNDGVYF
CASNGLFGAVNQPQHF	LPFNDGVYF
CASTGTGYTYEQYF	LPFNDGVYF
CASSLFAQEQFF	LPFNDGVYF
CSVVGPSGGYEQYF	LPFNDGVYF
CASTSSGLDYEQYF	LPFNDGVYF
CASSSPTSGRPSDTQYF	LPFNDGVYF
CASSLSLAAYEQYF	LPFNDGVYF
CASSPGTGGAETQYF	LPFNDGVYF
CASSVGGKGTQYF	LPFNDGVYF
CASSGLGGGEFYEQYF	LPFNDGVYF
CASSYSTENYGYTF	LPFNDGVYF
CASSATFSYEQYF	LPFNDGVYF
CSARDPLANYEQYF	LPFNDGVYF
CASSPGQGGTEAFF	LPFNDGVYF
CASSHLAGGPVYEQYF	LPFNDGVYF
CASSPTGSSYNEQFF	LPFNDGVYF
CASSQGPQGWDGYTF	LPFNDGVYF
CASSLGSTDTQYF	LPFNDGVYF
CASSPRAYNQPQHF	LPFNDGVYF
CASSPQGYEQYF	LPFNDGVYF
CASSEAGNTEAFF	LPFNDGVYF
CATSMGTTGAPLGYTF	LPFNDGVYF
CASSWGTTYEQYV	LPFNDGVYF
CASSLTSQGQETQYF	LPFNDGVYF
CSARDPGLVSYNEQFF	LPFNDGVYF
CASSFPGQGNEKLFF	LPFNDGVYF
CASGQSNEQFF	LPFNDGVYF
CATSREIAGYIHTDTQYF	LPFNDGVYF
CASSFPGGYNEQFF	LPFNDGVYF
CAIKGAGGNTEAFF	LPFNDGVYF
CSARRSSGGYEQFF	LPFNDGVYF
CASSEWDINNEQFF	LPFNDGVYF
CASSDTILGTGVYEQYF	LPFNDGVYF
CASSSPGQGLGETQYF	LPFNDGVYF
CASSDSLETDTQYF	LPFNDGVYF
CASSVEGPGGSDEQFF	LPFNDGVYF
CASSIKLNTEAFF	LPFNDGVYF
CARSVGGGQGANNEQFF	LPFNDGVYF
CASRVRTGDYEQYF	LPFNDGVYF
CASSIVSRASNTGELFF	LPFNDGVYF
CASSVYRGAKNIQYF	LPFNDGVYF
CSVRPPERDTQYF	LPFNDGVYF
CASSRRAKDTQYF	LPFNDGVYF
CASSLRGGGTDTQYF	LPFNDGVYF
CASRRTGANYQPQHF	LPFNDGVYF
CASSHSGSSYNEQFF	LPFNDGVYF
CASSPAGRTSGSGVGSYEQYF	LPFNDGVYF
CASRPGLQETQYF	LPFNDGVYF
CASSRSAGLYNEQFF	LPFNDGVYF
CASSLGSAGNEQFF	LPFNDGVYF
CASSEDPSGDTQYF	LPFNDGVYF
CATNAGHGTEAFF	LPFNDGVYF
CASSTSSTVSSSYNEQFF	LPFNDGVYF
CASSTPSGGEKLFF	LPFNDGVYF
CASSNPGSANEKLFF	LPFNDGVYF
CAISEVSSNQPQHF	LPFNDGVYF
CASSPTGEGTGELFF	LPFNDGVYF
CASSLFPAGSSYNEQFF	LPFNDGVYF
CASSLGFGISGNTIYF	LPFNDGVYF
CASSYSGSSYNEQFF	LPFNDGVYF
CASSQRTGADRNQPQHF	LPFNDGVYF
CSAPSGGWSEQYF	LPFNDGVYF
CASSEGLNPEQYF	LPFNDGVYF
CASSLVGVNTEAFF	LPFNDGVYF
CASSIYVETQYF	LPFNDGVYF
CASSSWTAANYGYTF	LPFNDGVYF
CASSLGSYGGYEQYF	LPFNDGVYF
CASSIGAVSIGSTDTQYF	LPFNDGVYF
CASSLALGDTEAFF	LPFNDGVYF
CASSVYGATDTEAFF	LPFNDGVYF
CSARDFLGMQFGEQFF	LPFNDGVYF
CSAREMAGASSYNEQFF	LPFNDGVYF
CATSGLWTSRGTGELFF	LPFNDGVYF
CASSPGTVNSNQPQHF	LPFNDGVYF
CASSEPGLAGDETQYF	LPFNDGVYF
CASSQFDILYSDQPQHF	LPFNDGVYF
CASSFRGRGQETQYF	LPFNDGVYF
CASSTTGGEFGTQYF	LPFNDGVYF
CSARPLAGGYNEQFF	LPFNDGVYF
CSPSLGNEQFF	LPFNDGVYF
CASSESPAGASTDTQYF	LPFNDGVYF
CASMGTGTYEQYF	LPFNDGVYF
CASSHQETTNEKLFF	LPFNDGVYF
CASSDSLLAYLGEQFF	LPFNDGVYF
CASSQEPGALGYGYTF	LPFNDGVYF
CASSDKLNTEAFF	LPFNDGVYF
CASSQDVGTGTDTQYF	LPFNDGVYF
CASSQDGTSGGYEQYF	LPFNDGVYF
CASSFVQAGGYQETQYF	LPFNDGVYF
CASSSPGTASYEQYF	LPFNDGVYF
CASSSPGTGTETQYF	LPFNDGVYF
CASSPEGYGLNTEAFF	LPFNDGVYF
CASRGGRSYEQYF	LPFNDGVYF
CASSNPGRTSGTQYF	LPFNDGVYF
CASSVGQKTEAFF	LPFNDGVYF
CASSTGTGGHQPQHF	LPFNDGVYF
CASRAGASYEQYV	LPFNDGVYF
CASSIKGNYGYTF	LPFNDGVYF
CASSQDTSGGNEQFF	LPFNDGVYF
CSARPQDSYGYTF	LPFNDGVYF
CASRETPSSYNEQFF	LPFNDGVYF
CASSSPGQGMNEQFF	LPFNDGVYF
CSASFFGIGGEKLFF	LPFNDGVYF
CASSYPGEGDYGYTF	LPFNDGVYF
CASSLGGEGTSLSYEQYF	LPFNDGVYF
CASSQPGQDSGEQYF	LPFNDGVYF
CASSEALGAYNEQFF	LPFNDGVYF
CASSLWGGEQFF	LPFNDGVYF
CASSRQGTTEAFF	LPFNDGVYF
CARGQGANYEQYF	LPFNDGVYF
CSARDLYSADQPQHF	LPFNDGVYF
CASGSQGALDEQFF	LPFNDGVYF
CASSTTTGELFF	LPFNDGVYF
CASSPGTSTDTQYF	LPFNDGVYF
CASRDGQDASNQPQHF	LPFNDGVYF
CASSPRASGPTPYNEQFF	LPFNDGVYF
CASRELPGTASSYEQYF	LPFNDGVYF
CASSLGFYQETQYF	LPFNDGVYF
CSARDRRLAGNEQFF	LPFNDGVYF
CSVEDSKGNTEAFF	LPFNDGVYF
CASSQRQGSNQPQHF	LPFNDGVYF
CSARDLAGGFNEQFF	LPFNDGVYF
CASSLGGTEAFF	LPFNDGVYF
CASSLGSSYEQYF	LPFNDGVYF
CASSPRQGGIYEQYF	LPFNDGVYF
CASSAGGLAGPGSYNEQFF	LPFNDGVYF
CATSRGSQGAGEQFF	LPFNDGVYF
CASSHDRGIDQPQHF	LPFNDGVYF
CSARDSAGGDEQYF	LPFNDGVYF
CASSGGVRIGYTF	LPFNDGVYF
CASSQAPATSGRALDTQYF	LPFNDGVYF
CASSEGAGLSYEQYF	LPFNDGVYF
CASPEGGPGDTQYF	LPFNDGVYF
CASSVGGKGEQFF	LPFNDGVYF
CSATPGTGELFF	LPFNDGVYF
CASSPPSGISDTQYF	LPFNDGVYF
CASSLRAENTEAFF	LPFNDGVYF
CASSLYLNTEAFF	LPFNDGVYF
CASSHPLSDRDGYTF	LPFNDGVYF
CASRDSGASYNEQFF	LPFNDGVYF
CASSSTSNQPQHF	LPFNDGVYF
CASSSRGAGGETQYF	LPFNDGVYF
CASSLYTGAAAEAFF	LPFNDGVYF
CSARPRDSYEQYF	LPFNDGVYF
CASSLVSAYNEQFF	LPFNDGVYF
CASSNNPGTRVYEQFF	LPFNDGVYF
CASSRSLSKETQYF	LPFNDGVYF
CASSIGPGQAYEQYF	LPFNDGVYF
CASRPNRGRETQYF	LPFNDGVYF
CASSQEGGGGGPNTGELFF	LPFNDGVYF
CASSSTGDQPQHF	LPFNDGVYF
CASSFFSGAGANVLTF	LPFNDGVYF
CASSGQTGTSGSNEQFF	LPFNDGVYF
CASSLTLAETQYF	LPFNDGVYF
CASSQGAGKDGETQYF	LPFNDGVYF
CASSLYTALNTEAFF	LPFNDGVYF
CASSPRGAFGSYNEQFF	LPFNDGVYF
CASSPTSGRADTQYF	LPFNDGVYF
CASSLGRAQPQHF	LPFNDGVYF
CASSMSLNSYEQYF	LPFNDGVYF
CSVTTSGITGELFF	LPFNDGVYF
CASSFGGSYEQYF	LPFNDGVYF
CASSPMGGQGLGYTF	LPFNDGVYF
CASSWTGDGDIQYF	LPFNDGVYF
CASSWGLSAYEQYF	LPFNDGVYF
CASSAPGGDYMYEQYF	LPFNDGVYF
CASSDSLTDTQYF	LPFNDGVYF
CASSGDGHSGANVLTF	LPFNDGVYF
CASSIGWTGGTGELFF	LPFNDGVYF
CASSLKGLNQPQHF	LPFNDGVYF
CASSLGSSLYTF	LPFNDGVYF
CASSFPGGAKETQYF	LPFNDGVYF
CASSPGQANTEAFF	LPFNDGVYF
CASSPSPTGTDTQYF	LPFNDGVYF
CASSDSINPYEQYF	LPFNDGVYF
CAIRRPTDEQFF	LPFNDGVYF
CASSDSLQGFNYGYTF	LPFNDGVYF
CAYFLSGTAQLSYEQYF	LPFNDGVYF
CASSLGPGGDEQYF	LPFNDGVYF
CASSYLATNEKLFF	LPFNDGVYF
CASSPTRSYTDTQYF	LPFNDGVYF
CSARDPQGATLDSDTQYF	LPFNDGVYF
CASSYSHSGTGELFF	LPFNDGVYF
CSARDPREVGFNEQFF	LPFNDGVYF
CASIDSLSSYNSPLHF	LPFNDGVYF
CASSFGGSYEQYF	LPFNDGVYF
CASSWLAGGTDTQYF	LPFNDGVYF
CASSQEDYSGNTIYF	LPFNDGVYF
CASSIKVNTEAFF	LPFNDGVYF
CASSLGGRGNEQFF	LPFNDGVYF
CASSSSIETQYF	LPFNDGVYF
CASSERRGGNTGELFF	LPFNDGVYF
CASSQDLRGGYTF	LPFNDGVYF
CAISDSGTGNYGYTF	LPFNDGVYF
CASSSPGTSGEDNEQFF	LPFNDGVYF
CASSPVADTIYF	LPFNDGVYF
CASSRSQENEKLFF	LPFNDGVYF
CASSFRGRGGETQYF	LPFNDGVYF
CASSQVLVGDEQFF	LPFNDGVYF
CASIDQRTNYGYTF	LPFNDGVYF
CASSYSTDGELFF	LPFNDGVYF
CASRTGGSSYNEQFF	LPFNDGVYF
CSVDLPGETQYF	LPFNDGVYF
CASSLRRLPNEKLFF	LPFNDGVYF
CASSLPRNSYKEQFF	LPFNDGVYF
CAISDSGQGGETQYF	LPFNDGVYF
CASSITGTGGDEQFF	LPFNDGVYF
CASTGDSGNTEAFF	LPFNDGVYF
CSARDYVSSGAYNEQFF	LPFNDGVYF
CASGTGVGTDTQYF	LPFNDGVYF
CASRGPGQGFNEQFF	LPFNDGVYF
CATRLQGSNEQFF	LPFNDGVYF
CASSFILNNEQFF	LPFNDGVYF
CASSLRQGSNQPQHF	LPFNDGVYF
CASSQASNQPQHF	LPFNDGVYF
CARSVGGGQGANNEQFF	LPFNDGVYF
CASRPVTGTYEQYF	LPFNDGVYF
CSARDLLGAGDNEQFF	LPFNDGVYF
CASSQLRDTNEQFF	LPFNDGVYF
CTSSQNGAGVYNEQFF	LPFNDGVYF
CASSFLGAGELFF	LPFNDGVYF
CATEDSIRGTQYF	LPFNDGVYF
CASNEVGQGNEKLFF	LPFNDGVYF
CASSPRQGNNSPLHF	LPFNDGVYF
CAISERGQGPNTGELFF	LPFNDGVYF
CASSLVAGGPNEQFF	LPFNDGVYF
CASSVGGGQGANNEQFF	LPFNDGVYF
CATSDLAPGQGASSYNEQFF	LPFNDGVYF
CSARVYDWDPKSHDNEQFF	LPFNDGVYF
CASSNPGGANEKLFF	LPFNDGVYF
CASSSDGPNEKLFF	LPFNDGVYF
CSARDSGLAGGVGEQFF	LPFNDGVYF
CASSSPGTGVNEQFF	LPFNDGVYF
CASSYMDRDSPPDEQYF	LPFNDGVYF
CASSFGGSGALEQYF	LPFNDGVYF
CASSMIGYEQYF	LPFNDGVYF
CASRDGPSYEQYF	LPFNDGVYF
CASSSSISHEQYF	LPFNDGVYF
CASSSAGTPNEQFF	LPFNDGVYF
CASSSPGANGELFF	LPFNDGVYF
CASSLALADEQYF	LPFNDGVYF
CASSQGPGASPEAFF	LPFNDGVYF
CASSPTDRKYNEKLFF	LPFNDGVYF
CASTPRQSSSYEQYF	LPFNDGVYF
CASSLYTAVNTEAFF	LPFNDGVYF
CASSLTGYTGELFF	LPFNDGVYF
CASYLSGSLNTEAFF	LPFNDGVYF
CASVDRGQGQETQYF	LPFNDGVYF
CASRTGGSYEQYF	LPFNDGVYF
CASSLQGAYNEQFF	LPFNDGVYF
CASSSDSTSGGYEQYF	LPFNDGVYF
CASSEARGEQYF	LPFNDGVYF
CASSQGEGTPNEQFF	LPFNDGVYF
CASSEGANQPQHF	LPFNDGVYF
CASTGTGQQAYEQYF	LPFNDGVYF
CASSVGGGSSYEQYF	LPFNDGVYF
CASSPPDDYEQYF	LPFNDGVYF
CATSRGSRARNTGELFF	LPFNDGVYF
CASTGTASTDTQYF	LPFNDGVYF
CASSPFAQPYEQYF	LPFNDGVYF
CASSPRQAIGDEQFF	LPFNDGVYF
CASSYWDRAYTGELFF	LPFNDGVYF
CASSERQSSYNSPLHF	LPFNDGVYF
CSAREAGTIDYNEQFF	LPFNDGVYF
CASSQGQGAAGYTF	LPFNDGVYF
CATSGGTGETLEQYF	LPFNDGVYF
CASSSRTSGRPKTYNEQFF	LPFNDGVYF
CASSQEDRETDTQYF	LPFNDGVYF
CASSVAGGTYEQYV	LPFNDGVYF
CASSDSLTTEAFF	LPFNDGVYF
CASSLETGDGANVLTF	LPFNDGVYF
CASSLEGTYNEQFF	LPFNDGVYF
CASSDMGQPQHF	LPFNDGVYF
CATASGTEGPEKLEAFF	LPFNDGVYF
CASSSPSIAISYNEQFF	LPFNDGVYF
CASSLGGDQPQHF	LPFNDGVYF
CASSVGALRYQETQYF	LPFNDGVYF
CASSIWDRATETQYF	LPFNDGVYF
CASSLGTPWETQYF	LPFNDGVYF
CASSIRVETQYF	LPFNDGVYF
CASSYRGLGQETQYF	LPFNDGVYF
CASSFPGGGYNEQFF	LPFNDGVYF
CASSYVGAGLDTEAFF	LPFNDGVYF
CASSVGSGSSYEQYF	LPFNDGVYF
CASSRPGQNYEQYF	LPFNDGVYF
CASSQTGGDGYTF	LPFNDGVYF
CASSFRRAGSNTQYF	LPFNDGVYF
CASSLAGTEQYF	LPFNDGVYF
CASSMTGNQPQHF	LPFNDGVYF
CASSETLPGSDTQYF	LPFNDGVYF
CASSLGQGRFTEAFF	LPFNDGVYF
CASSARDRSHNSPLHF	LPFNDGVYF
CASSQEEGQSYEQYF	LPFNDGVYF
CASSFVRGRQETQYF	LPFNDGVYF
CASSITGLPKETQYF	LPFNDGVYF
CSASDRAVGLFSNQPQHF	LPFNDGVYF
CASSRRGIVEAFF	LPFNDGVYF
CASSHPVGGDYGYTF	LPFNDGVYF
CASSISIRDFLSQYF	LPFNDGVYF
CASSVGTSESTDTQYF	LPFNDGVYF
CASSRDSSGNTIYF	LPFNDGVYF
CASSIYRNTEAFF	LPFNDGVYF
CASSWTGENSPLHF	LPFNDGVYF
CASSLNGLSYEQYF	LPFNDGVYF
CASSLELTEAFF	LPFNDGVYF
CASSSGANVLTF	LPFNDGVYF
CASSPPGQVGETQYF	LPFNDGVYF
CATQTSGSSYNEQFF	LPFNDGVYF
CASGDGLAGYEQYF	LPFNDGVYF
CASSSPGQVYEQYF	LPFNDGVYF
CASSGQGNEKLFF	LPFNDGVYF
CASSPTRRGPYNEQFF	LPFNDGVYF
CASSLYQNNYGYTF	LPFNDGVYF
CASSPRPGLAGLSYNEQFF	LPFNDGVYF
CASSLAITDTQYF	LPFNDGVYF
CASSTGLAGGLYNEQFF	LPFNDGVYF
CATRGGKSYEQYF	LPFNDGVYF
CASSLLPQGANTEAFF	LPFNDGVYF
CATRTSGEFNEQFF	LPFNDGVYF
CASSSPGTGGNEQYF	LPFNDGVYF
CASSGGTSGRSSYNEQFF	LPFNDGVYF
CASSLTSGGQETQYF	LPFNDGVYF
CASSFRGLGQETQYF	LPFNDGVYF
CASSAFTGVNTEAFF	LPFNDGVYF
CASSRGSGSSYEQYF	LPFNDGVYF
CASSYSGSGLGEQYF	LPFNDGVYF
CASSPTGSGYNEQFF	LPFNDGVYF
CASSLGPRGGEQYF	LPFNDGVYF
CASSLYGGENSPLHF	LPFNDGVYF
CASSLGFSGNQPQHF	LPFNDGVYF
CASSQPLGLAGFTGELFF	LPFNDGVYF
CASSLSGGGTDTQYF	LPFNDGVYF
CASSSPGTAGETQYF	LPFNDGVYF
CASSSRERADQPQHF	LPFNDGVYF
CSVLDSRSYNEQFF	LPFNDGVYF
CASSYGIGYGQPQHF	LPFNDGVYF
CASSLSQGWIDTQYF	LPFNDGVYF
CASSSTTVYNEQFF	LPFNDGVYF
CASSFRGQGEETQYF	LPFNDGVYF
CASSPGQATLYEQYF	LPFNDGVYF
CASEIGTSGGRREQYF	LPFNDGVYF
CASSPPGQLTDTQYF	LPFNDGVYF
CSANFIGDEQYF	LPFNDGVYF
CASSYFVSRGSPFF	LPFNDGVYF
CASSSSGQLNYGYTF	LPFNDGVYF
CASIPGGKEKLFF	LPFNDGVYF
CASRLLAEEPQHF	LPFNDGVYF
CASSLQGRSYEQYF	LPFNDGVYF
CASSSGGPSWDTQYF	LPFNDGVYF
CATSGSVTGGDEQFF	LPFNDGVYF
CASSYFLNTEAFF	LPFNDGVYF
CARSVGGGQGANNEQFF	LPFNDGVYF
CASSASGSSYNEQFF	LPFNDGVYF
CASSVIADEQYF	LPFNDGVYF
CASSVGGAPSGELFF	LPFNDGVYF
CASSPPGGRDYEQYF	LPFNDGVYF
CASSQERTPGETQYF	LPFNDGVYF
CASSLGPGWGTEAFF	LPFNDGVYF
CASSSLGQGKETQYF	LPFNDGVYF
CSASLGTGGHGYTF	LPFNDGVYF
CASSLHDRGYNEQFF	LPFNDGVYF
CASSQEGLAGGYEQFF	LPFNDGVYF
CASRQQGSNTGELFF	LPFNDGVYF
CASSQDSRGFYEQYF	LPFNDGVYF
CASSHSGSSYNEQFF	LPFNDGVYF
CASSREGSPTEAFF	LPFNDGVYF
CASSLLAGAYNEQFF	LPFNDGVYF
CASSDTVNTEAFF	LPFNDGVYF
CASSTRTGAGTGELFF	LPFNDGVYF
CASSSPILQETQYF	LPFNDGVYF
CASSLGSSGNEQFF	LPFNDGVYF
CSGHGQAGGETQYF	LPFNDGVYF
CASSNPAGGYNEQFF	LPFNDGVYF
CAAGTSGGASEQFF	LPFNDGVYF
CASSLGSGGYTF	LPFNDGVYF
CASSEAGGTGGLKTQYF	LPFNDGVYF
CASSSGLASGEQFF	LPFNDGVYF
CASSFRGYNQPQHF	LPFNDGVYF
CASRNPGTSQETQYF	LPFNDGVYF
CASSERLPPGELFF	LPFNDGVYF
CASSLGVNTEAFF	LPFNDGVYF
CATRDRGGYGYTF	LPFNDGVYF
CASSSSLAAYEQYF	LPFNDGVYF
CASSLSGTGYYEQYF	LPFNDGVYF
CASSVGVVPYEQYF	LPFNDGVYF
CASSLYADTQYF	LPFNDGVYF
CASSIGGQQNQPQHF	LPFNDGVYF
CASGYGGSYEQYF	LPFNDGVYF
CASSDGPAGSPLHF	LPFNDGVYF
CASSVGAGLSYEQYF	LPFNDGVYF
CASSYTTATYEQYF	LPFNDGVYF
CASSLFWGNSPLHF	LPFNDGVYF
CASSLTGLHYEQYV	LPFNDGVYF
CASSFYTQGNTEAFF	LPFNDGVYF
CSARDRGDYGYTF	LPFNDGVYF
CASRHEGRWGATGELFF	LPFNDGVYF
CASSPQGFFYEQYF	LPFNDGVYF
CASSLGPGMPNTGELFF	LPFNDGVYF
CASSFPPGLAGLNEQFF	LPFNDGVYF
CASSEQGDTYEQYF	LPFNDGVYF
CASSYPGQGILEQYF	LPFNDGVYF
CASSFRGEGLETQYF	LPFNDGVYF
CASSFPGQGLLSQHF	LPFNDGVYF
CASSLTGTGADEQYF	LPFNDGVYF
CASSLFPSGRATYNEQFF	LPFNDGVYF
CASRGETHEQFF	LPFNDGVYF
CASSQRGGGHNEQFF	LPFNDGVYF
CASSLAGGLTGELFF	LPFNDGVYF
CASSPRGVPGYEQYF	LPFNDGVYF
CASTTVGGGETQYF	LPFNDGVYF
CSARDLRGQAIYEQYF	LPFNDGVYF
CASSVGGKVNEQFF	LPFNDGVYF
CASSHPGQGFDTQYF	LPFNDGVYF
CASSLAADEQFF	LPFNDGVYF
CASSQGYEQYF	LPFNDGVYF
CASSSPGQGAEGETQYF	LPFNDGVYF
CASIDSLSGNTIYF	LPFNDGVYF
CASSGPTRGFETQYF	LPFNDGVYF
CASSLAGVETQYF	LPFNDGVYF
CASSPAVVAGGNGGSYEQYF	LPFNDGVYF
CASSLSALDTEAFF	LPFNDGVYF
CASIGTGRNTIYF	LPFNDGVYF
CASSATGPSSYEQYF	LPFNDGVYF
CASSSTGQASGNQPQHF	LPFNDGVYF
CASSHLSGYQETQYF	LPFNDGVYF
CAISLYGGLTDTQYF	LPFNDGVYF
CASSDSLQGNQPQHF	LPFNDGVYF
CASSLYTGANTEAFF	LPFNDGVYF
CASSIEVTTGREQYF	LPFNDGVYF
CASSHPGEGGNTIYF	LPFNDGVYF
CASSQGSSGNTIYF	LPFNDGVYF
CASSFLSSLEETQYF	LPFNDGVYF
CASSLWEETEAFF	LPFNDGVYF
CSAILRNGAIANSPLHF	LPFNDGVYF
CASSISGAAYNEQFF	LPFNDGVYF
CASSTSGFGETQYF	LPFNDGVYF
CASSIPGQGAAFF	LPFNDGVYF
CASSQFADTQYF	LPFNDGVYF
CASSQGAGDQETQYF	LPFNDGVYF
CSANLAGNYNEQFF	LPFNDGVYF
CASSRPLGQRGETQYF	LPFNDGVYF
CASSGRLAGLLETQYF	LPFNDGVYF
CASSLVGFGNTIYF	LPFNDGVYF
CSVEQFSNQPQHF	LPFNDGVYF
CSATATGGLYSNQPQHF	LPFNDGVYF
CASSVGGGRGTGVNEQYF	LPFNDGVYF
CASSQDSAGVGEQYF	LPFNDGVYF
CASSLGYTGGNTEAFF	LPFNDGVYF
CASSFGLNTEAFF	LPFNDGVYF
CASSLTGTGGGELFF	LPFNDGVYF
CASSDRLAASTDTQYF	LPFNDGVYF
CASSSRGSGEETQYF	LPFNDGVYF
CASTPGPGWGEYEQYF	LPFNDGVYF
CASSPTGEGQETQYF	LPFNDGVYF
CASSQHADTQYF	LPFNDGVYF
CASSPGLAEYEQYF	LPFNDGVYF
CASSLSRKGTGSLAEAFF	LPFNDGVYF
CSARDFGISGRAQETQYF	LPFNDGVYF
CASSLGAGQTYEQYF	LPFNDGVYF
CASSPRGLTYEQYF	LPFNDGVYF
CAISDPSGRLYNEQFF	LPFNDGVYF
CASSTIGLAGGPGYEQYF	LPFNDGVYF
CASSLGGSSYNEQFF	LPFNDGVYF
CSARDFQGALMHEQYF	LPFNDGVYF
CASSTLWTSESTGELFF	LPFNDGVYF
CASGDSLNTEAFF	LPFNDGVYF
CASSQDPLGGGATYEQYF	LPFNDGVYF
CARSVGGGQGANNEQFF	LPFNDGVYF
CASSGLGARGANVLTF	LPFNDGVYF
CASTSGWEQYF	LPFNDGVYF
CSASHPGPGEQPQHF	LPFNDGVYF
CASSESGVRVTEAFF	LPFNDGVYF
CASSRTSGTVYNEQFF	LPFNDGVYF
CASSSPGQGFYEQYF	LPFNDGVYF
CASSPVSGRAFYEQYF	LPFNDGVYF
CASHVIGFGDTIYF	LPFNDGVYF
CASSDVGSGANVLTF	LPFNDGVYF
CASSDHEFYGYTF	LPFNDGVYF
CASSYSSGSAYEQYF	LPFNDGVYF
CSANPDRGRVWNQPQHF	LPFNDGVYF
CASSLGPGNNQPQHF	LPFNDGVYF
CASSQPSGGAGETQYF	LPFNDGVYF
CASSLKGMNEQFF	LPFNDGVYF
CAISDPIRQETQYF	LPFNDGVYF
CASSSGQGTEAFF	LPFNDGVYF
CATSDLRSATGELFF	LPFNDGVYF
CASALWGGAQYF	LPFNDGVYF
CASSVGGGQGANNEQFF	LPFNDGVYF
CASSGQETRVGYEQYF	LPFNDGVYF
CASSSGPANEQFF	LPFNDGVYF
CASSRGQGVANTEAFF	LPFNDGVYF
CASSSGGGKLGEAFF	LPFNDGVYF
CASSLSLAETQYF	LPFNDGVYF
CASLTAGIHGELFF	LPFNDGVYF
CASSLTVLDEQFF	LPFNDGVYF
CASSDTSGGVDEQFF	LPFNDGVYF
CASSPQGLAWETQYF	LPFNDGVYF
CASSLSLETQYF	LPFNDGVYF
CASSQDPRGGGASYEQYF	LPFNDGVYF
CASSLGLDGGTQYF	LPFNDGVYF
CASSDSGSSYNEQFF	LPFNDGVYF
CASSIVEGSAEAFF	LPFNDGVYF
CSARDPLVISYNEQFF	LPFNDGVYF
CASSSPPTYEQYF	LPFNDGVYF
CATSDAGLAGRSRHTGELFF	LPFNDGVYF
CATSRSSGELFF	LPFNDGVYF
CASSLFVNTEAFF	LPFNDGVYF
CASSETVNTEAFF	LPFNDGVYF
CSARDLRQVALYEQFF	LPFNDGVYF
CSARDLMGQNTEAFF	LPFNDGVYF
CASSQDGVDYGYTF	LPFNDGVYF
CASSLQGVNTEAFF	LPFNDGVYF
CAISGPRDRGARGEQYF	LPFNDGVYF
CASSPRTGHQPQHF	LPFNDGVYF
CASSSGPGTDSPLHF	LPFNDGVYF
CASSTTGSSYEQYV	LPFNDGVYF
CASSLYTAMNTEAFF	LPFNDGVYF
CSARDRVGGATQYF	LPFNDGVYF
CASKGGSLIEQYF	LPFNDGVYF
CASADSLGPHEQYF	LPFNDGVYF
CARRVGGGQGANNEQFF	LPFNDGVYF
CASSITIAGRSNTGELFF	LPFNDGVYF
CASSSTRTRTETQYF	LPFNDGVYF
CASSLWGADLRNEQFF	LPFNDGVYF
CATSPTRTGGVETQYF	LPFNDGVYF
CASSSPGQGREGYTF	LPFNDGVYF
CSAETSPYEQYF	LPFNDGVYF
CSARDLYGTSLGEQYF	LPFNDGVYF
CASSTGTRELFF	LPFNDGVYF
CAISDRGREGSHEQFF	LPFNDGVYF
CASSLMVNTEAFF	LPFNDGVYF
CASSEGPAGSPLHF	LPFNDGVYF
CASSLVAGNSYNEQFF	LPFNDGVYF
CASSWTGEGQETQYF	LPFNDGVYF
CASSLSGSSYNEQFF	LPFNDGVYF
CASSAWDSGGREQYF	LPFNDGVYF
CASSQHGLNEQFF	LPFNDGVYF
CASSPPAGTGGYEQYF	LPFNDGVYF
CASSSGTGVTDTQYF	LPFNDGVYF
CASSEGSRGLSGELFF	LPFNDGVYF
CASSPGTEHFTGELFF	LPFNDGVYF
CASSSSLWETQYF	LPFNDGVYF
CASSSQRGAEETQYF	LPFNDGVYF
CASSLPGLAGVTRIDTQYF	LPFNDGVYF
CASSATGGGGNTIYF	LPFNDGVYF
CASRPTSDQETQYF	LPFNDGVYF
