CDR3	AA
CASSPDRGLAKNIQYF	LYNSASFSTF
CASNFTYLAWILSYNEQFF	LYNSASFSTF
CASSRGGSRNQPQHF	LYNSASFSTF
CASSLEGGPSYEQYF	LYNSASFSTF
CAWRVTGEGNQPQHF	LYNSASFSTF
CASSIESQGNEQFF	LYNSASFSTF
CASSATGLEAYNEQFF	LYNSASFSTF
CASSSRTGPTSGANVLTF	LYNSASFSTF
CATSGNEQFF	LYNSASFSTF
CASSSIRGNEQFF	LYNSASFSTF
CASSLDRENIQYF	LYNSASFSTF
CASSRDSSSYNEQFF	LYNSASFSTF
CASSPGQGKTQYF	LYNSASFSTF
CASSHPVGGDEQYF	LYNSASFSTF
CSVGTSGSGSYNEQFF	LYNSASFSTF
CSARDWGVQETQYF	LYNSASFSTF
CASSQDLSGYNEQFF	LYNSASFSTF
CASSLNSRQYLTF	LYNSASFSTF
CASSIRALAAPTLDEQFF	LYNSASFSTF
CASSPESPEAFF	LYNSASFSTF
CASSRLAYYNEQFF	LYNSASFSTF
CASSQWAGMEQYF	LYNSASFSTF
CASSITGGETQYF	LYNSASFSTF
CAWRTRGVYYNEQFF	LYNSASFSTF
CASSTSSGSPYNEQFF	LYNSASFSTF
