CDR3	AA
CASSLAVRTGFHEQYF	VQELYSPIF
CSARDLEGVGEQYF	VQELYSPIF
CASSSNRGPQETQYF	VQELYSPIF
CASSLFGTDLTGELFF	VQELYSPIF
CASSPQPMESYNEQFF	VQELYSPIF
CASSYGSIISGQYF	VQELYSPIF
CASSLVRAGGTTYEQYF	VQELYSPIF
CASSQDRVSWAFF	VQELYSPIF
CASSLVEDLGETQYF	VQELYSPIF
CAWNVVNGETQYF	VQELYSPIF
CASSLLVGPRGTGELFF	VQELYSPIF
CASRRDPYEQYF	VQELYSPIF
CSASKNTEAFF	VQELYSPIF
CASSFFWLGPQETQYF	VQELYSPIF
CASSPGQNEKLFF	VQELYSPIF
CASSPDLTGGTETQYF	VQELYSPIF
CASSPYSTGINEQYF	VQELYSPIF
CASSLAVYIEGARNEAFF	VQELYSPIF
CASSLGGSYEQYF	VQELYSPIF
CASSLPGRNTEAFF	VQELYSPIF
CSVEPGGSSYNEQFF	VQELYSPIF
CSVGSSETYEQYF	VQELYSPIF
CASSLSLAGYNEQFF	VQELYSPIF
CASSWGLAGADTQYF	VQELYSPIF
CASSLNRGMTEAFF	VQELYSPIF
CASSLGGGELFF	VQELYSPIF
CSARLAGADEQYF	VQELYSPIF
CASSIQGREQFF	VQELYSPIF
CASSLAQGTEAFF	VQELYSPIF
CASSQLGQGAYEQYF	VQELYSPIF
CASRAGGDYNSPLHF	VQELYSPIF
CSARDSATATSNEQFF	VQELYSPIF
CASSQDAGLANEQYF	VQELYSPIF
CASSSRLAGSYEQYF	VQELYSPIF
CASSGDNSITGELFF	VQELYSPIF
CASSGFGTSGPPNTGELFF	VQELYSPIF
CASSLGGSDTQYF	VQELYSPIF
CASSQVSAGGNTEAFF	VQELYSPIF
CASSLTGGQETQYF	VQELYSPIF
CASSPENTGELFF	VQELYSPIF
CASSYSSPGYEQYF	VQELYSPIF
CSVEIGLNTGELFF	VQELYSPIF
CASSLGGANTGELFF	VQELYSPIF
CASSEALHEQYF	VQELYSPIF
CASTRGGHNEQFF	VQELYSPIF
CASSPVGNGIDYGYTF	VQELYSPIF
CASSAGTGGNYEQYF	VQELYSPIF
CASSSSWNTEAFF	VQELYSPIF
CASSQEQVNNEQFF	VQELYSPIF
CASSLGLAGSYEQYF	VQELYSPIF
CASSSPGTGDNEQFF	VQELYSPIF
CAWRDINTGELFF	VQELYSPIF
CASSLEEGLNTEAFF	VQELYSPIF
CSAREPPGGYPNNQPQHF	VQELYSPIF
CASSLAEGPDTQYF	VQELYSPIF
CASSGGPLRTEAFF	VQELYSPIF
CASSPSRGPTDTQYF	VQELYSPIF
CASSLGDRGYNEQFF	VQELYSPIF
CASSFAIGTEKLFF	VQELYSPIF
CASSQDGAVYGYTF	VQELYSPIF
CSARGQGTIYEQYF	VQELYSPIF
CASSLSGEHTQYF	VQELYSPIF
CASSMVGREYTEAFF	VQELYSPIF
CASSLGLQWALTDTQYF	VQELYSPIF
CASSSLAGAYEQYF	VQELYSPIF
CSVDLGYLFF	VQELYSPIF
CASQWGDSYTEAFF	VQELYSPIF
CSARDPEIRDRDYEQYF	VQELYSPIF
CASSAGLAVIDTQYF	VQELYSPIF
CASSQDTGVGNEQFF	VQELYSPIF
CASSWSLAGVINEQFF	VQELYSPIF
CASSHPGQGLETQYF	VQELYSPIF
CASGLANTGELFF	VQELYSPIF
CARNRPGQHYNEQFF	VQELYSPIF
CASSLAGAGTGELFF	VQELYSPIF
CASSYSAPGYEQYF	VQELYSPIF
CASSYVWGTSGREGGELFF	VQELYSPIF
CASSFGGNSPLHF	VQELYSPIF
CSAEAGDRSQHF	VQELYSPIF
CASSSLEGLTDTQYF	VQELYSPIF
CASSSGLGADTQYF	VQELYSPIF
CASSSGLGFDTQYF	VQELYSPIF
CASSAQPIFFGDEQFF	VQELYSPIF
CASSLDPGAGYGYTF	VQELYSPIF
CASSLAPALGANTGELFF	VQELYSPIF
CASSLGVGIDSPLHF	VQELYSPIF
CASSLAGGFAYEQYF	VQELYSPIF
CASSLEGGGLDEKLFF	VQELYSPIF
CASSLPRAANNEQFF	VQELYSPIF
CASSQNMNTEAFF	VQELYSPIF
CASSLGEGYEPQHF	VQELYSPIF
CASSPLVSATTYEQYF	VQELYSPIF
CASSLYSGDEQYF	VQELYSPIF
CASSAGPRNEQFF	VQELYSPIF
CASSPGTERGEKLFF	VQELYSPIF
CASSLGTTFYEQYF	VQELYSPIF
CASSKSQRDSEDYEQYF	VQELYSPIF
CSVEGLAGVREQFF	VQELYSPIF
CASSLSSSYNEQFF	VQELYSPIF
CASSQDPGPGGEQYF	VQELYSPIF
CSAIRLAGDLPNSYNEQFF	VQELYSPIF
CASSFTVNTEAFF	VQELYSPIF
CASSAQTAFGGNEQFF	VQELYSPIF
CASSPRQGKIDEQYF	VQELYSPIF
CASSQPGLGEETQYF	VQELYSPIF
CASSSQQGTEAFF	VQELYSPIF
CSATYSRGNYEQYF	VQELYSPIF
CASSEQPRNTEAFF	VQELYSPIF
CASTGYNEQFF	VQELYSPIF
CASSVVVAGGPGDTQYF	VQELYSPIF
CASSITTGNEQYF	VQELYSPIF
CASSLGLAGANEQFF	VQELYSPIF
CASTPLAAARDTQYF	VQELYSPIF
CASSTRETQYF	VQELYSPIF
CASSYLAGETDIQYF	VQELYSPIF
CASSGDLNVYNEQFF	VQELYSPIF
CASSVSAEDTQYF	VQELYSPIF
CASEGWTGAYNEQFF	VQELYSPIF
CASSLGPWGHTEAFF	VQELYSPIF
CTSSQVFLAGGQETQYF	VQELYSPIF
RASSLMGQGACNQPQHF	VQELYSPIF
CASSLTRAPLGTDTQYF	VQELYSPIF
CASRQTGTGRFDGYTF	VQELYSPIF
CASSLKGGSYNEQFF	VQELYSPIF
CASSSQAPQSTDTQYF	VQELYSPIF
CSVEDGTRGQYF	VQELYSPIF
CASSLPQLAGNEQFF	VQELYSPIF
CASSLYPGTGSPSGNTIYF	VQELYSPIF
CASSIFRQDTGELFF	VQELYSPIF
CASSLMSGGFHEQYF	VQELYSPIF
CASSAVGTSGSYNEQFF	VQELYSPIF
CASSKGAGTDTQYF	VQELYSPIF
CASRGPGQVYDEQYF	VQELYSPIF
ARLFSGANVLTF	VQELYSPIF
CASSFRAGTYEQYF	VQELYSPIF
CSVEWGRNGYTF	VQELYSPIF
CASSYSMGAPYEQYF	VQELYSPIF
CASSPGGGVFEAFF	VQELYSPIF
CASSYGGRAIDEQYF	VQELYSPIF
CSVESSIIDAGGYGYTF	VQELYSPIF
CASSYSQGANQPQHF	VQELYSPIF
CASMSSGELFF	VQELYSPIF
CASSLEEGWWEQYF	VQELYSPIF
CASSLAPPNTEAFF	VQELYSPIF
CASTPPEQDLYNEQFF	VQELYSPIF
CASSLAGTPLHEQYF	VQELYSPIF
CASRPYTGELFF	VQELYSPIF
CASSSVHEGRPYEQYF	VQELYSPIF
CSVEWGSEAFF	VQELYSPIF
CASSEWDRETQYF	VQELYSPIF
CASSPTGTSDQETQYF	VQELYSPIF
CASSLRYQETQYF	VQELYSPIF
CASSFVSGGTEQYF	VQELYSPIF
CSVEQGYEQYF	VQELYSPIF
CSALTTGAPRGEQFF	VQELYSPIF
CSVDSQGPPETQYF	VQELYSPIF
CASSQEGVFPEQFF	VQELYSPIF
CAAFRDRGGPTRSSAGNEQFF	VQELYSPIF
CASSLDLQETQYF	VQELYSPIF
CASSWDRNNEQFF	VQELYSPIF
CASSYQGGNYMNTEAFF	VQELYSPIF
CASSYTGGAYEQYF	VQELYSPIF
CASSLPTAVHTEAFF	VQELYSPIF
CASSFTGGILDTQYF	VQELYSPIF
CASSYSVANTNYGYTF	VQELYSPIF
CASSPLLAGALDTQYF	VQELYSPIF
CATSDLTSPLEGQFF	VQELYSPIF
CASSLPQVVKNIQYF	VQELYSPIF
CASRLAGGPYEQYF	VQELYSPIF
CASSLTGEEQYF	VQELYSPIF
CASIDKRTYNEQFF	VQELYSPIF
CSGGQGGTYEQYF	VQELYSPIF
CSARLTGEQFF	VQELYSPIF
CASSQDSNPGNTIYF	VQELYSPIF
CASSHWTGGFGTGELFF	VQELYSPIF
CASSVGVAGAYEQYF	VQELYSPIF
CASSPGLAGQETQYF	VQELYSPIF
CASSFLAGGMKNEQFF	VQELYSPIF
CASSPQRLSYYQPQHF	VQELYSPIF
CSVEVAGGISEQFF	VQELYSPIF
CASTPLGSPMNTEAFF	VQELYSPIF
CASSFGTGHTEAFF	VQELYSPIF
CASFDSLEFYGYTF	VQELYSPIF
CASSQGTGTTEAFF	VQELYSPIF
CSARGRSAIYEQYF	VQELYSPIF
CASSLGTGGGGELFF	VQELYSPIF
CASSEGASGAIYEQYF	VQELYSPIF
CASSQDLAGGRETQYF	VQELYSPIF
CASSQDSKTSDTQYF	VQELYSPIF
CASSSGLAGPMGTGELFF	VQELYSPIF
CASSESLTMNTEAFF	VQELYSPIF
CASSPPTSGSSSYEQYF	VQELYSPIF
CASFLDPYNEQFF	VQELYSPIF
CASSQDGAVYGYTF	VQELYSPIF
CASSSQGGDGDTQYF	VQELYSPIF
CASSPFTGDTGELFF	VQELYSPIF
CASSQELLAGGVYF	VQELYSPIF
CASNTLGRGLYNEQFF	VQELYSPIF
CASSLFAQGYEQYF	VQELYSPIF
CASSQDRGTSEQYF	VQELYSPIF
CASSFAGSTEAFF	VQELYSPIF
CASSYSAGPKETQYF	VQELYSPIF
CSVHLGPLSAFF	VQELYSPIF
CASTRGQSNEKLFF	VQELYSPIF
CSIPGQGYEQYF	VQELYSPIF
CASVAGVGNEQFF	VQELYSPIF
CASSQAGTGMYEQYF	VQELYSPIF
CASSLGLAGNNEQFF	VQELYSPIF
CASSLWGQEQRTDTQYF	VQELYSPIF
CASSRREGYNEQFF	VQELYSPIF
CASSLRQNTEAFF	VQELYSPIF
CASSESTGSTEAFF	VQELYSPIF
CASSLGGTYNEQFF	VQELYSPIF
CSVEDPGQGGAGYTF	VQELYSPIF
CATSRERRVSYEQYF	VQELYSPIF
CASSLELAGGTNYNEQFF	VQELYSPIF
CSVPTGSETQYF	VQELYSPIF
CASSLVASTGPFF	VQELYSPIF
CASSLATNPGETQYF	VQELYSPIF
CASMRAPFEYEQYF	VQELYSPIF
CASSSGGDQPQHF	VQELYSPIF
CASSHPNSPGWVF	VQELYSPIF
CASSLEGGLTYEQYF	VQELYSPIF
CSVDFPYGTAFF	VQELYSPIF
CASSLPIAGGNEQYF	VQELYSPIF
CASSQEGHRGVIGELFF	VQELYSPIF
CASSLVVQGTDTQYF	VQELYSPIF
CASSLSSRGLAFF	VQELYSPIF
CASSAPGLPNGETQYF	VQELYSPIF
CTSSLEKRTSNTGELFF	VQELYSPIF
CATSTIYSGTAHWYQETQYF	VQELYSPIF
CASSQDLLSGSFF	VQELYSPIF
CASSVGSSGHTDTQYF	VQELYSPIF
CSAGASYEQYF	VQELYSPIF
CASSLGTGGTDTQYF	VQELYSPIF
CASSVDRTSGRSYNEQFF	VQELYSPIF
CATSDLGRTGVREQFF	VQELYSPIF
CSVEGVGPVLGYTF	VQELYSPIF
CASSYSDREAYEQYF	VQELYSPIF
CASSLPSAVRNEQFF	VQELYSPIF
CASSSPGQGVYEQYF	VQELYSPIF
CASSLAGFGQPQHF	VQELYSPIF
CASRGTGGIYEQYF	VQELYSPIF
CSVEEATRGYTF	VQELYSPIF
CASSGQGRTDTQYF	VQELYSPIF
CASSSDRMGANQPQHF	VQELYSPIF
CASSSSGLAGTYEQYF	VQELYSPIF
CASTRAGNSYQETQYF	VQELYSPIF
CASSYTREGYTF	VQELYSPIF
CASSLARGSTYEQYF	VQELYSPIF
CASSQTSVQGAFNYEQYF	VQELYSPIF
CASSQEGQGRNEQFF	VQELYSPIF
CASSIGGYNEQFF	VQELYSPIF
CASSFSGHYNEQFF	VQELYSPIF
CASSLGLEQYF	VQELYSPIF
CASSDTRDNTGELFF	VQELYSPIF
CASSNRLAGVDEQYF	VQELYSPIF
CSDEGPGFAAFF	VQELYSPIF
CASSLAGATDTQYF	VQELYSPIF
CAWSPTGSYEQYF	VQELYSPIF
CASRASNQETQYF	VQELYSPIF
CASSQDRTLLDRGLGSYEQYF	VQELYSPIF
CASADNEQFF	VQELYSPIF
CASSYSGRSHNEQFF	VQELYSPIF
CASSYSGLDTGELFF	VQELYSPIF
CASTPAGETQYF	VQELYSPIF
CASSPGIGTRFYNEQFF	VQELYSPIF
CASSLPGSIYNEQFF	VQELYSPIF
CASTPTLYGTDTQYF	VQELYSPIF
CASKQVGGPGDTQYF	VQELYSPIF
CASSLEAMNTEAFF	VQELYSPIF
CASSPLGTVGNEQFF	VQELYSPIF
CSVEWGSEAFF	VQELYSPIF
CASSEAEGSEQYF	VQELYSPIF
CSVESGGTEAFF	VQELYSPIF
CASSQGSGSTNEKLFF	VQELYSPIF
CSVEVPGGNQPQHF	VQELYSPIF
CASKVLGSRTDTQYF	VQELYSPIF
CASSGGTGLTGELFF	VQELYSPIF
CASSPGPGNPYEQYF	VQELYSPIF
CASSRRGGGSGNEQFF	VQELYSPIF
CASSLPGTGLNEQFF	VQELYSPIF
CASAPATGHYEQYF	VQELYSPIF
CASSLDLGNTIYF	VQELYSPIF
CASSPVVDPAEAFF	VQELYSPIF
CASSFAGQYYEQYF	VQELYSPIF
CASSLSIGGFHNEQFF	VQELYSPIF
CASSSGPTYEQYF	VQELYSPIF
CASSLSTGGFYSPLHF	VQELYSPIF
CASSPEGTSGLTDTQYF	VQELYSPIF
CASSRALAFQETQYF	VQELYSPIF
CASSESGPAGELFF	VQELYSPIF
CASSGEQGHADTQYF	VQELYSPIF
CSARLRDYEQYF	VQELYSPIF
CATSPGQSSYEQYF	VQELYSPIF
CASSLALDGNEQFF	VQELYSPIF
CSVEGGYEQYF	VQELYSPIF
CASTYTGGIHEQYF	VQELYSPIF
CSVGTGGEYEQYF	VQELYSPIF
CASSPLAGGPWEQYF	VQELYSPIF
CASSLPGQGQETQYF	VQELYSPIF
CASSSGDYNEQFF	VQELYSPIF
CASSLDRGTSGGYNEQFF	VQELYSPIF
CASSLSGNTEAFF	VQELYSPIF
CASSSRGQTLQETQYF	VQELYSPIF
CASSLNSYEQYF	VQELYSPIF
CSVDGLAGAGVETQYF	VQELYSPIF
CASSLGQGAYEQYF	VQELYSPIF
CASSTTGGADGYTF	VQELYSPIF
CSVETGNGYTF	VQELYSPIF
CASSQDIGPGNTIYF	VQELYSPIF
CASSWEGETQYF	VQELYSPIF
CASSLFQREGRTGELFF	VQELYSPIF
CASTVGDRAYNEQFF	VQELYSPIF
CSVEGTPGLAVLGQYF	VQELYSPIF
CASSPGGGTEAFF	VQELYSPIF
CASSLSLAGVYEQYF	VQELYSPIF
CSARDQTRLNTGELFF	VQELYSPIF
CASSLQGFGNTIYF	VQELYSPIF
CASSLSQGYFQPQHF	VQELYSPIF
CASSLEIGQFANTGELFF	VQELYSPIF
CATTRGHYTDTQYF	VQELYSPIF
CASSLGLAGVYEQYF	VQELYSPIF
CASSLATGYEQYF	VQELYSPIF
CASSLYAGLNQPQHF	VQELYSPIF
CASSYNGPSFYTEAFF	VQELYSPIF
CATRTGAEAFF	VQELYSPIF
CASSGGTYTEAFF	VQELYSPIF
CASSRPGTGLEELFF	VQELYSPIF
CASSFFGRGEQPQHF	VQELYSPIF
CSVVFAYEQYF	VQELYSPIF
CSVDGTGLVNEQFF	VQELYSPIF
CASSLSGNTEAFF	VQELYSPIF
CASIRTANEQFF	VQELYSPIF
CTSAGAGEQYF	VQELYSPIF
CASSQDGTDLADTQYF	VQELYSPIF
CASSDLRITNTGELFF	VQELYSPIF
CASSLGLAGTYEQYF	VQELYSPIF
CAWSVRIDRVASYEQYF	VQELYSPIF
CASSLYGTSAMSYNEQFF	VQELYSPIF
CASSLPLASGNEQFF	VQELYSPIF
CASSPRDNEQFF	VQELYSPIF
CASSYHLGGDGYTF	VQELYSPIF
CSVLAGVNEQFF	VQELYSPIF
CASSFGQGTEAFF	VQELYSPIF
CSVGRAMVNTEAFF	VQELYSPIF
CASGKTGGANTEAFF	VQELYSPIF
CASSLTTGNTEAFF	VQELYSPIF
CASSLGRTNTGELFF	VQELYSPIF
CASRQLNTGELFF	VQELYSPIF
CASSLGLAGVYEQYF	VQELYSPIF
CASRRVAGDTLYNEQFF	VQELYSPIF
CASSFLAGTNEQFF	VQELYSPIF
CASSPPSGSGANVLTF	VQELYSPIF
CASSLSGGTTYEQYF	VQELYSPIF
CASRGLSILPGWSDTQYF	VQELYSPIF
CASSLALASSYEQYF	VQELYSPIF
CASSRDRYSNQPQHF	VQELYSPIF
CASTPRGSYEQYF	VQELYSPIF
CASTSGQHNSPLHF	VQELYSPIF
CASSLAQGSPTGEQYF	VQELYSPIF
CASSLIGSTYNEQFF	VQELYSPIF
CASSPSGTGGNEQFF	VQELYSPIF
CSAGRQGLAGLRGNEQFF	VQELYSPIF
CASRWLAGFQETQYF	VQELYSPIF
CASSLGLAGPYEQYF	VQELYSPIF
CASSFVQGNTGELFF	VQELYSPIF
CASSSGTVTYNEQFF	VQELYSPIF
CASSTPGQSIYEQYF	VQELYSPIF
CSVEEGSRGYTF	VQELYSPIF
CASRNLGGYNEQFF	VQELYSPIF
CASSPEGRITDTQYF	VQELYSPIF
CASSQDPGQALEQYF	VQELYSPIF
CASSRGSQPQHF	VQELYSPIF
CASSLVTGTRPLSSSYEQYF	VQELYSPIF
CASSQTGLAGSYEQYF	VQELYSPIF
CASSPTPAGRTEAFF	VQELYSPIF
CASSQAQQGYEQYF	VQELYSPIF
CASSLSGGPFNTEAFF	VQELYSPIF
CASSSLPGTSGSRWDEQYF	VQELYSPIF
CASSLSLAGYNEQFF	VQELYSPIF
CASLDPVREQFF	VQELYSPIF
CASRTTSGGYEQYF	VQELYSPIF
CASSQDPGNQPQHF	VQELYSPIF
CASGTGIDEQFF	VQELYSPIF
CASSDPRSSEGYEQYF	VQELYSPIF
CASSLPKAAGNEQFF	VQELYSPIF
CASRRQGDTGELFF	VQELYSPIF
CSVNLDTQYF	VQELYSPIF
CASSPTLGLGETQYF	VQELYSPIF
CSATTGVEQYF	VQELYSPIF
CASSQDIGLAYEQYF	VQELYSPIF
CASSEQPGNTEAFF	VQELYSPIF
CARSLTVLGDKGETQYF	VQELYSPIF
CASSVLAGGPGYEQYF	VQELYSPIF
CASSKGETGDRVPGLYGYTF	VQELYSPIF
CASSLEEGMNTEAFF	VQELYSPIF
CASSEVKIAGGITDTQYF	VQELYSPIF
CASSPPDRPYEQYF	VQELYSPIF
CATSLGWDEQFF	VQELYSPIF
CASSLAMNTEAFF	VQELYSPIF
CASSLVLSGELFF	VQELYSPIF
CASSLDADRVRGNSNQPQHF	VQELYSPIF
CASSQDLANEQFF	VQELYSPIF
CSSPGPGYNEQFF	VQELYSPIF
CASSLVTSGDGEQYF	VQELYSPIF
CASRRILAGVFDTGELFF	VQELYSPIF
CASTHRGQLYGYTF	VQELYSPIF
CSARVDYEQYF	VQELYSPIF
CASSPLGPGDTEAFF	VQELYSPIF
CASSSERYQETQYF	VQELYSPIF
CASSVFSDTGELFF	VQELYSPIF
CASSLEGIFTGELFF	VQELYSPIF
CASSIDPLSGQTYEQYF	VQELYSPIF
CASSLGPGGPDTQYF	VQELYSPIF
CASGLGVSREDNEQFF	VQELYSPIF
CASSIAGPYEQYF	VQELYSPIF
CASSLASTYEQYF	VQELYSPIF
CASSSIGQGPTGELFF	VQELYSPIF
CASSPPLGGTQPWEETQYF	VQELYSPIF
CASSQDPAGGDSPLHF	VQELYSPIF
CSARIPGGPGELFF	VQELYSPIF
CASSPNSYEQYF	VQELYSPIF
CASSHGQGVTAFF	VQELYSPIF
CASSFLAGAHNEQFF	VQELYSPIF
CASSSGGPGQPQHF	VQELYSPIF
CASSLAGYLYEQYF	VQELYSPIF
CASSHQLGTSGNNEQFF	VQELYSPIF
CASSLPGLSYEQYF	VQELYSPIF
CASSLVELGAGGSGNEQFF	VQELYSPIF
CASSPDTGPGNTIYF	VQELYSPIF
CASTGYNEQFF	VQELYSPIF
CASSPGPLGPYEQYF	VQELYSPIF
CASSLSVGQLQETQYF	VQELYSPIF
CASSLALTDYGYTF	VQELYSPIF
CASSETGYFQPQHF	VQELYSPIF
CASSLGGDNYGYTF	VQELYSPIF
CATSDFGDTDTQYF	VQELYSPIF
CASSLALAGNNEQFF	VQELYSPIF
CASSLVPGQGGNTIYF	VQELYSPIF
CASSPEQGGLETQYF	VQELYSPIF
CASTGLVGGEQFF	VQELYSPIF
CASSDLAGGFYEQFF	VQELYSPIF
CASSLLGGGSYEQYF	VQELYSPIF
CASSQARTDNQPQHF	VQELYSPIF
CASSYNGGSEAFF	VQELYSPIF
CASSPQHGELFF	VQELYSPIF
CASSIGQGGSEQYF	VQELYSPIF
CASSFPGTEAFF	VQELYSPIF
CASSYPRGRGDTEAFF	VQELYSPIF
CASSAGPRNEQFF	VQELYSPIF
CASSLDRTGGRPQHF	VQELYSPIF
CSASWGGGTDTQYF	VQELYSPIF
CASSSGPGYEQYF	VQELYSPIF
