CDR3	AA
CASSQGQGWETQYF	GEIPVAYRKVLL
CASSVTGGRTGELFF	GEIPVAYRKVLL
CASSQDYTIGGTRSYNEQFF	GEIPVAYRKVLL
CASSTPSVAVGTGELFF	GEIPVAYRKVLL
CASSDLVPSSGELFF	GEIPVAYRKVLL
CASSEIGTSGYNEQFF	GEIPVAYRKVLL
CASHSTRRATGELFF	GEIPVAYRKVLL
CASSQLTGKKATNEKLFF	GEIPVAYRKVLL
CASSLGGGHYTGELFF	GEIPVAYRKVLL
CASSNPDGYEQYF	GEIPVAYRKVLL
CASSVGVSNYGYTF	GEIPVAYRKVLL
CASSGLLQNTGELFF	GEIPVAYRKVLL
CASRTGEDGYTF	GEIPVAYRKVLL
CATMGQGVETQYF	GEIPVAYRKVLL
CAWSEGGRETQYF	GEIPVAYRKVLL
CASSFSLAGSRDTQYF	GEIPVAYRKVLL
CASRVRDRGYEQYF	GEIPVAYRKVLL
CASSSGLAGAQETQYF	GEIPVAYRKVLL
CASSFRRIDEQFF	GEIPVAYRKVLL
CASSLAPDRAWEQYF	GEIPVAYRKVLL
CASSTGLAWEQYF	GEIPVAYRKVLL
CASSYSRLDVTNEKLFF	GEIPVAYRKVLL
CASSQGGGYEQYF	GEIPVAYRKVLL
CASSYGDGYNEQFF	GEIPVAYRKVLL
CASSLDGITYEQYF	GEIPVAYRKVLL
CASSVGWADYEQYF	GEIPVAYRKVLL
CASSLAGSYTYGYTF	GEIPVAYRKVLL
CASSLGVHEQFF	GEIPVAYRKVLL
CASSDWGFNSNEQYF	GEIPVAYRKVLL
CASSQGVSQPQHF	GEIPVAYRKVLL
CAWSRSDRAAEGNTIYF	GEIPVAYRKVLL
CASSPLETGAYEQYF	GEIPVAYRKVLL
CASSSHTTGVGQDTQYF	GEIPVAYRKVLL
CASTHGGGSNEQYF	GEIPVAYRKVLL
CASSLEVDTQYF	GEIPVAYRKVLL
CASSEAGAGNEQFF	GEIPVAYRKVLL
CASSLGQTSGNEQFF	GEIPVAYRKVLL
CASSELAEMYNEQFF	GEIPVAYRKVLL
CASSQVTGGWEQYF	GEIPVAYRKVLL
CASSLQGHEAFF	GEIPVAYRKVLL
CATAPGLSYEQYF	GEIPVAYRKVLL
CASSSLGDETQYF	GEIPVAYRKVLL
CASSIVAGNEQFF	GEIPVAYRKVLL
CASSLAQSYEQYF	GEIPVAYRKVLL
CASSGGPEQFF	GEIPVAYRKVLL
CASSKVRTEGGNQPQHF	GEIPVAYRKVLL
CSATPERTVSTDTQYF	GEIPVAYRKVLL
CASSQDERQGAYEQYF	GEIPVAYRKVLL
CASSEYGPPDYTGELFF	GEIPVAYRKVLL
CASSQVQGSPSTDTQYF	GEIPVAYRKVLL
CASSDLASAYNEQFF	GEIPVAYRKVLL
CASSEAQTYEQYF	GEIPVAYRKVLL
CASSPKDSPYNEQFF	GEIPVAYRKVLL
CASEDGVAKNIQYF	GEIPVAYRKVLL
CASSQDLTDTPTDTQYF	GEIPVAYRKVLL
CASSEGTGGGGYGYTF	GEIPVAYRKVLL
CASSLGTSTGELFF	GEIPVAYRKVLL
CASSPLAGAPGEQFF	GEIPVAYRKVLL
CASSSRSGSANTGELFF	GEIPVAYRKVLL
CASSTGQGHYEQYF	GEIPVAYRKVLL
CSAPGEVGYNEQFF	GEIPVAYRKVLL
CASSLANSFEQYF	GEIPVAYRKVLL
CASSEGVAGEETQYF	GEIPVAYRKVLL
CSAARKGLASTDTQYF	GEIPVAYRKVLL
CSATPAGAVNTDTQYF	GEIPVAYRKVLL
CASSPGEAGYGYTF	GEIPVAYRKVLL
CASSVAVATYEQYF	GEIPVAYRKVLL
CASSFGGDTTYEQYF	GEIPVAYRKVLL
CASSLSTSGSIETQYF	GEIPVAYRKVLL
CASSPFGLTTDTQYF	GEIPVAYRKVLL
CASSLGLAGSTDTQYF	GEIPVAYRKVLL
CASSLGYLDEQYF	GEIPVAYRKVLL
CASSPAGVFGEQYF	GEIPVAYRKVLL
CASSLAASYEQYF	GEIPVAYRKVLL
CAPIKGQGLTEAFF	GEIPVAYRKVLL
CASSLASAYGYTF	GEIPVAYRKVLL
CASSLFQATERPQHF	GEIPVAYRKVLL
CASSRLAFDNEQFF	GEIPVAYRKVLL
CASSSGVTEAFF	GEIPVAYRKVLL
CASSVWDRGGTDTQYF	GEIPVAYRKVLL
CASSLSGKYEQYF	GEIPVAYRKVLL
CASSQVFPSGNTIYF	GEIPVAYRKVLL
CSVEDLAVNTEAFF	GEIPVAYRKVLL
CASSVVQENQPQHF	GEIPVAYRKVLL
CASTLMDGWPQHF	GEIPVAYRKVLL
CASRLTGGEKLFF	GEIPVAYRKVLL
CASSQALGGWEQYF	GEIPVAYRKVLL
CASSLSVTYEQYF	GEIPVAYRKVLL
CASATSTDTQYF	GEIPVAYRKVLL
CASSPGLYDDEQYF	GEIPVAYRKVLL
CASSQDRGWGYTF	GEIPVAYRKVLL
CASSVGWGDYEQYF	GEIPVAYRKVLL
CASSLEAGYGYTF	GEIPVAYRKVLL
CASSPTSGGASTGEQFF	GEIPVAYRKVLL
CASSLTTVRSGNEQFF	GEIPVAYRKVLL
CASSQEYGTNFYGYTF	GEIPVAYRKVLL
CASSTLLGGNTEAFF	GEIPVAYRKVLL
CASSLAGQYEQYF	GEIPVAYRKVLL
CASSHSTGREQYF	GEIPVAYRKVLL
CASSRGTAPNEQYF	GEIPVAYRKVLL
CASSLGDDTNQPQHF	GEIPVAYRKVLL
CASVWDNRPLNTEAFF	GEIPVAYRKVLL
CAWSGGAWETQYF	GEIPVAYRKVLL
CATSDPVGAISTDTQYF	GEIPVAYRKVLL
CSATTGLVTDTQYF	GEIPVAYRKVLL
CATKGGSYNEQFF	GEIPVAYRKVLL
CASSQVAETTYEQYF	GEIPVAYRKVLL
CASSLGQGSYEQYF	GEIPVAYRKVLL
CASSRDFLAKNIQYF	GEIPVAYRKVLL
CSVPVGGSYNEQFF	GEIPVAYRKVLL
CASSGLAGDEQYF	GEIPVAYRKVLL
CASSELIRDGPKFAPYNEQFF	GEIPVAYRKVLL
CASSLEQGYEQYF	GEIPVAYRKVLL
CASSLAPYYEQYF	GEIPVAYRKVLL
CASCQGFNYGYTF	GEIPVAYRKVLL
CASSPAGTGAYEQYF	GEIPVAYRKVLL
CSASSGDGWPQHF	GEIPVAYRKVLL
CASSFGMLVVDTEAFF	GEIPVAYRKVLL
CASSSPGRNYGYTF	GEIPVAYRKVLL
CASSQVNGGHEQYF	GEIPVAYRKVLL
CASSQYFQLNTEAFF	GEIPVAYRKVLL
CASSRGQKGKGEQYV	GEIPVAYRKVLL
CASSLTTGGGYTF	GEIPVAYRKVLL
CASSLGQGNQPQHF	GEIPVAYRKVLL
CASSTRLAGYNEQFF	GEIPVAYRKVLL
CATSDSPGPALDTQYF	GEIPVAYRKVLL
CASSFRTTGELFF	GEIPVAYRKVLL
CASSFRLSSYNEQFF	GEIPVAYRKVLL
CASSPGQPGNQPQHF	GEIPVAYRKVLL
CASSYSFYGYTF	GEIPVAYRKVLL
CASSSVTSVAFF	GEIPVAYRKVLL
CASSPLAATYEQYF	GEIPVAYRKVLL
CASNYRTGENTEAFF	GEIPVAYRKVLL
CASEDRETSYEQYF	GEIPVAYRKVLL
CAWSVLDYEQYF	GEIPVAYRKVLL
CASSQVIGGDSPLHF	GEIPVAYRKVLL
CASSFSGLVDEQFF	GEIPVAYRKVLL
CASRAQGSWTEAFF	GEIPVAYRKVLL
CASSPGTASNYGYTF	GEIPVAYRKVLL
CASSSVGTTDTQYF	GEIPVAYRKVLL
CASTKPRLAITDTQYF	GEIPVAYRKVLL
CAWSVKLTPRTDTQYF	GEIPVAYRKVLL
CSALPSGAVIGTGEQYF	GEIPVAYRKVLL
CASSLGTQGEVQPQHF	GEIPVAYRKVLL
CASSTRLAGDTDTQYF	GEIPVAYRKVLL
CASSPNSNTEAFF	GEIPVAYRKVLL
CASSLALAGSQETQYF	GEIPVAYRKVLL
CASNPGGFDQPQHF	GEIPVAYRKVLL
CASSQAAGGNEQFF	GEIPVAYRKVLL
CASMVGTGTGIQYF	GEIPVAYRKVLL
CASSLEQYYEQYF	GEIPVAYRKVLL
CASSYPTGQIYEQYF	GEIPVAYRKVLL
CASSPTAGSDTEAFF	GEIPVAYRKVLL
CASSDLAGSVNEQFF	GEIPVAYRKVLL
CASSVDYGYTF	GEIPVAYRKVLL
CASSQAQGWGYTF	GEIPVAYRKVLL
CASSLEVVTDLVDEQYF	GEIPVAYRKVLL
