CDR3	AA
CSARDGGAQNTGELFF	FYLCFLAFL
CASSLSMVGLANNEQFF	FYLCFLAFL
CASSYNEQFF	FYLCFLAFL
CASRTNNEQFF	FYLCFLAFL
CASSPSGGDNEQFF	FYLCFLAFL
CASSFDRGYEQYF	FYLCFLAFL
CSARGLAGGTNSYEQYF	FYLCFLAFL
CASTWANTGELFF	FYLCFLAFL
CAIAGQVVNTGELFF	FYLCFLAFL
CASSYSANQETQYF	FYLCFLAFL
CSAGAEGPSYHEQFF	FYLCFLAFL
CASSLDGGRPYNEQFF	FYLCFLAFL
CSAGTSGGARETQYF	FYLCFLAFL
CASSEIQGEQFF	FYLCFLAFL
CASIMATLNEQFF	FYLCFLAFL
CASSPGLAYEQYF	FYLCFLAFL
CASSLLAGGYNEQFF	FYLCFLAFL
CASSSHGVSVGAEQYF	FYLCFLAFL
CAISEGDPYEQYF	FYLCFLAFL
CASTYNPSYEQYF	FYLCFLAFL
CASSQSRDGNPYEQYF	FYLCFLAFL
CSARDLGQGAMGANVLTF	FYLCFLAFL
CASSLAARVQETQYF	FYLCFLAFL
CSVNPTDPGLADPSSYNEQFF	FYLCFLAFL
CASNVAGGPFNEQFF	FYLCFLAFL
CASSPLAGGLNEQFF	FYLCFLAFL
CSASLGGNEQFF	FYLCFLAFL
CASSEGGQGAYNEQFF	FYLCFLAFL
CASSIPSGGGPDTQYF	FYLCFLAFL
CASSPWLGSYNEQFF	FYLCFLAFL
CASSLGLAGSYNEQFF	FYLCFLAFL
CASSLAGSEAFF	FYLCFLAFL
CASSDAAGLNEQFF	FYLCFLAFL
CASSYSPGPNYEQYF	FYLCFLAFL
CSASAEPNEKLFF	FYLCFLAFL
CASRGLAGGRSYEQYF	FYLCFLAFL
CASSLDQETQYF	FYLCFLAFL
CASSFASGRGEMAQHF	FYLCFLAFL
CASSIGTSVAYEQYF	FYLCFLAFL
CASSYGRIPYEQYF	FYLCFLAFL
CASSPSQTSGGMNTEAFF	FYLCFLAFL
CSAERTGSTEQFF	FYLCFLAFL
CASGLGTGYEQYF	FYLCFLAFL
CSAPGGLTYEQYF	FYLCFLAFL
CASRGLAGSPETYEQYF	FYLCFLAFL
CASRGGGLAGNYEQYF	FYLCFLAFL
CSASGRREGNEQFF	FYLCFLAFL
CASSFQGFYEQYF	FYLCFLAFL
CASSQGALGEQPQHF	FYLCFLAFL
CSASGESSYNEQFF	FYLCFLAFL
CASSYSWGEVKGANYGYTF	FYLCFLAFL
CASSLSMSNNEQFF	FYLCFLAFL
CASRGPGQGNEKLFF	FYLCFLAFL
CASSYSYEQYF	FYLCFLAFL
CASSPTSVTDTQYF	FYLCFLAFL
CSATLQGYEQYF	FYLCFLAFL
CGGTGDANEQFF	FYLCFLAFL
CSGGTSGRGGETQYF	FYLCFLAFL
CASSSQVHNEKLFF	FYLCFLAFL
CAWDFSSYNEQFF	FYLCFLAFL
CSARGFSATFEYEQFF	FYLCFLAFL
CASSVGTHVVETQYF	FYLCFLAFL
CASSSGSGYEQYF	FYLCFLAFL
CASSQLAGGPNEQFF	FYLCFLAFL
CASSLSTGQGYNEQFF	FYLCFLAFL
CASSPNEATTNEKLFF	FYLCFLAFL
CASSLGTSSYNEQFF	FYLCFLAFL
CASRLTSGGGELFF	FYLCFLAFL
CASHAGTSGDEQYF	FYLCFLAFL
CSATEEGVRLAGYNEQFF	FYLCFLAFL
CSASHEGTRETQYF	FYLCFLAFL
CASRGTSGRVGDPYNEQFF	FYLCFLAFL
CASSLVWSAYVGGTETQYF	FYLCFLAFL
CASSEPRAANYGYTF	FYLCFLAFL
CASSELDRDGYTF	FYLCFLAFL
CASSLGTDNTGELFF	FYLCFLAFL
CASSADNTVNNYNEQFF	FYLCFLAFL
CASSLGLGNTEAFF	FYLCFLAFL
CASSLVVAGPRTDTQYF	FYLCFLAFL
CASSEVGTEAFF	FYLCFLAFL
CASSSYYPGELFF	FYLCFLAFL
CASNSRQTGVWDYNEQFF	FYLCFLAFL
CASTGQNEVYEQYF	FYLCFLAFL
CASSRTGELFF	FYLCFLAFL
CSADLGASRYNEQFF	FYLCFLAFL
CSVDSGRALEQFF	FYLCFLAFL
CSGPNEQFF	FYLCFLAFL
CSASWWEASGKSSYNEQFF	FYLCFLAFL
CSAKILTSGTVPQYNEQFF	FYLCFLAFL
CASSLGLAGGNTDTQYF	FYLCFLAFL
CASSIFEGRDQPQHF	FYLCFLAFL
CASSARDRGGVVGEQFF	FYLCFLAFL
CASQGRDSYGDGYTF	FYLCFLAFL
CASSLGTSGYNEQFF	FYLCFLAFL
CAASQVVDSNQPQHF	FYLCFLAFL
CASSGPDSHEQYF	FYLCFLAFL
CASSLSWEVEQYF	FYLCFLAFL
CASSFSQAGYEQYF	FYLCFLAFL
CASSLGGDTYEQYF	FYLCFLAFL
CASSPPPGKAYEQYF	FYLCFLAFL
CSADRAAENIQYF	FYLCFLAFL
CSAEDYNEQFF	FYLCFLAFL
CSATSGAETQYF	FYLCFLAFL
CATSRNIQETQYF	FYLCFLAFL
CASPGLGVNEQFF	FYLCFLAFL
CSARDMESYEQYF	FYLCFLAFL
CSATGTGETNEQFF	FYLCFLAFL
CASSRQGARDEQYF	FYLCFLAFL
CASSLPLSRGSYNEQFF	FYLCFLAFL
CASRGLAGGNNEQFF	FYLCFLAFL
CASSFGPDRDEQYF	FYLCFLAFL
CASSIFGGSADTQYF	FYLCFLAFL
CASRGLAGDTYEQYF	FYLCFLAFL
CASSSTGLYEQYF	FYLCFLAFL
CSATSGGSGETQYF	FYLCFLAFL
CASRSGTGGTGELFF	FYLCFLAFL
CASSAKGPGELFF	FYLCFLAFL
CASSSPLTGGVSSYEQYF	FYLCFLAFL
CASTGQNYGYTF	FYLCFLAFL
CSASGQGARYEQYF	FYLCFLAFL
CASSSETGMTYEQYF	FYLCFLAFL
CASSYGSTDTQYF	FYLCFLAFL
CASSLGHHQSYNSPLHF	FYLCFLAFL
CASSWPRGQPSSGANVLTF	FYLCFLAFL
CTSSQDRASGASGTQYF	FYLCFLAFL
CSVHTRGRDNEQFF	FYLCFLAFL
CASSLPYNEQFF	FYLCFLAFL
CSASHEQGITNEQYF	FYLCFLAFL
CASSVPDGIETQYF	FYLCFLAFL
CSATSGVYNEQFF	FYLCFLAFL
CASSPYRGSGALHNEQFF	FYLCFLAFL
CASAVLAGGRNEQFF	FYLCFLAFL
CSASISADTQYF	FYLCFLAFL
CSASGTSVYEQYF	FYLCFLAFL
CSARDLTSYEQYF	FYLCFLAFL
CSDRSGVTTEAFF	FYLCFLAFL
CASSDPAAGEYGYTF	FYLCFLAFL
CASSEWGLTGGEYTGELFF	FYLCFLAFL
CASSPGQGNYGYTF	FYLCFLAFL
CASSLGLAGIRNTGELFF	FYLCFLAFL
CSVPDRGGYTF	FYLCFLAFL
CATKSWDSYEQYF	FYLCFLAFL
CASSLVYAGGLYNEQFF	FYLCFLAFL
CASSIQHNEQFF	FYLCFLAFL
CSGERGLDRDISYNEQFF	FYLCFLAFL
CASSYGQGQETQYF	FYLCFLAFL
CASSILLLAETQYF	FYLCFLAFL
CAGRGTEKYEQYF	FYLCFLAFL
CASGTYGNEQFF	FYLCFLAFL
CASSSPGQGVFNEQFF	FYLCFLAFL
CSAREYRDLTRVGDEKLFF	FYLCFLAFL
CSADNGDLLYNEQFF	FYLCFLAFL
CSARDSYNEQFF	FYLCFLAFL
CASSEGTSGNNEQFF	FYLCFLAFL
CSVLSLPGGTEAFF	FYLCFLAFL
CASDTARRSSTDTQYF	FYLCFLAFL
CATSGPGLAGAETQYF	FYLCFLAFL
CASSYSGPVGEKLFF	FYLCFLAFL
CASSLLPVYEQFF	FYLCFLAFL
CSADDGQGGNEQFF	FYLCFLAFL
RASSLFRQGRANTEAFF	FYLCFLAFL
CAISETGSAGYTF	FYLCFLAFL
CASSIDQGTSYNEQFF	FYLCFLAFL
CASSPTDGGYEQYF	FYLCFLAFL
CSAADWGRDEKLFF	FYLCFLAFL
CASSLLAGGPNEQYF	FYLCFLAFL
CASRFKPGLAATEQYF	FYLCFLAFL
CASSSRPQGLVSLGEQYF	FYLCFLAFL
CAGSGRGYGYTF	FYLCFLAFL
CASSLYGQGGDEQFF	FYLCFLAFL
CSATAATGGLSGYEQYF	FYLCFLAFL
CASLHIAGGLTGELFF	FYLCFLAFL
CASSEVEGKAKNIQYF	FYLCFLAFL
CASSPIAGGRRGTDTQYF	FYLCFLAFL
CASSLYTSGSGETQYF	FYLCFLAFL
CASSDPGLAETSSYNEQFF	FYLCFLAFL
CASSSDNTEAFF	FYLCFLAFL
CASKGLQTYEQYF	FYLCFLAFL
CSANNAKLAVSTDTQYF	FYLCFLAFL
CSGTSVANEQFF	FYLCFLAFL
CASSQGGGLAETQYF	FYLCFLAFL
CASSPMVGSGSHEQYF	FYLCFLAFL
CASSPQGLALETQYF	FYLCFLAFL
CASIPTRGSGANVLTF	FYLCFLAFL
CASSPELASGEQFF	FYLCFLAFL
CASSPLAGRNDEQYF	FYLCFLAFL
CASSETGTAFYEQYF	FYLCFLAFL
CSASFQGYQETQYF	FYLCFLAFL
CSVVGETGFYGYTF	FYLCFLAFL
CASRPVVSGADTQYF	FYLCFLAFL
CSGPLRDRFYNEQFF	FYLCFLAFL
CASSFTGPNTEAFF	FYLCFLAFL
CSARGLQSSYEQYF	FYLCFLAFL
CASSQEATGTQYF	FYLCFLAFL
CASSLGGPAYEQYF	FYLCFLAFL
CSARDSKTSARTDTQYF	FYLCFLAFL
CASRHYSGTNSNQPQHF	FYLCFLAFL
CSARDVQEAAYEQYF	FYLCFLAFL
CASSQVRERNTEAFF	FYLCFLAFL
CASSSGQGVFGQYF	FYLCFLAFL
CSVTTEATYNEQFF	FYLCFLAFL
CASSTWGEQFF	FYLCFLAFL
CASSDSSPSGDINEQFF	FYLCFLAFL
CASLATSYNEQFF	FYLCFLAFL
CSARDPQTGTEAFF	FYLCFLAFL
CSVTTTNYEQYF	FYLCFLAFL
CASSMVPAANQPQHF	FYLCFLAFL
CSASHRQDLEAFF	FYLCFLAFL
CSAEQGSGHGYTF	FYLCFLAFL
CASSLASRLQETQYF	FYLCFLAFL
CAISESAGAGSYEQYF	FYLCFLAFL
CASSPEPPGTGVGYEQYF	FYLCFLAFL
CAISDRVLMNTEAFF	FYLCFLAFL
CASSFAKPENIQYF	FYLCFLAFL
CASSYTQGATITDTQYF	FYLCFLAFL
CASSSLIGTGGAGELFF	FYLCFLAFL
CASSSPRTAPYNEQFF	FYLCFLAFL
CASSSEWYEQYF	FYLCFLAFL
CASSLVWAVNQPQHF	FYLCFLAFL
CASSSLGGYEQYF	FYLCFLAFL
CSASVASGGAGETQYF	FYLCFLAFL
CASSGAINQPQHF	FYLCFLAFL
CSVEGVTGGSYNEQFF	FYLCFLAFL
CSADGSWTAEMTQYF	FYLCFLAFL
CASRGIAGGTYEQYF	FYLCFLAFL
CASSFSEVLPGANVLTF	FYLCFLAFL
CATNLEQFF	FYLCFLAFL
CSARDRHEVPAEKLFF	FYLCFLAFL
CASSLGGPQEQFF	FYLCFLAFL
CASSLGSSANYGYTF	FYLCFLAFL
CSARGLLAGGDSYEQYF	FYLCFLAFL
CASSFWTSSRGTEAFF	FYLCFLAFL
CSARDELAGDNEQFF	FYLCFLAFL
CASSEGQGAHLPQHF	FYLCFLAFL
CASSFFWQGSLDDGYTF	FYLCFLAFL
CASDRGSNYEQYF	FYLCFLAFL
CASSEALGGDYGYTF	FYLCFLAFL
CASSPLAGGYNEQFF	FYLCFLAFL
CASSQAAGQGTYNEQFF	FYLCFLAFL
CSVVARDLTYEQYF	FYLCFLAFL
CASSLSAGGAHNEQFF	FYLCFLAFL
CSAQGASYNEQFF	FYLCFLAFL
CAPRGPNEKLFF	FYLCFLAFL
CARTYEQYF	FYLCFLAFL
CASSSGLNNEQFF	FYLCFLAFL
CASSWPGTTGTFF	FYLCFLAFL
CASSTQVSGANVLTF	FYLCFLAFL
CASRGPSSNLLSYEQYF	FYLCFLAFL
CASSQDVDTQYF	FYLCFLAFL
CSASMTSGYTDTQYF	FYLCFLAFL
CASSLLGGGAYEQYF	FYLCFLAFL
CSAADESSYNEQFF	FYLCFLAFL
CASSQDVTGGRVDEKLFF	FYLCFLAFL
CASSSRGPGYGYTF	FYLCFLAFL
CASSDSDSASNQPQHF	FYLCFLAFL
CSAGDRDYEQYF	FYLCFLAFL
CASSSAYWTGSTDTQYF	FYLCFLAFL
CASSPLGTSEQYF	FYLCFLAFL
CSATPRGGFETQYF	FYLCFLAFL
CASSGVTGSAGELFF	FYLCFLAFL
CASSPPLTTNEQFF	FYLCFLAFL
CASSYTQGGGYTF	FYLCFLAFL
CASSRDSNNEQFF	FYLCFLAFL
CASSLPVGGLSSYEQYF	FYLCFLAFL
CSASYEESMNEQFF	FYLCFLAFL
CSASWGSQETQYF	FYLCFLAFL
CSATVGLGRTYEQYF	FYLCFLAFL
CSASWDRGEETQYF	FYLCFLAFL
CASSQEIGLINTDTQYF	FYLCFLAFL
CASSWALQGRGRIGYTF	FYLCFLAFL
CASTPRAGANGVETQYF	FYLCFLAFL
CSAPGGALYEQYF	FYLCFLAFL
CASRSFGELFF	FYLCFLAFL
CATSFLEGLAGVSTDTQYF	FYLCFLAFL
CASGPGTRNTGELFF	FYLCFLAFL
CARSQDAGQVTYEQYF	FYLCFLAFL
CASSQVTGGQPQHF	FYLCFLAFL
CASSKTLRGQGLVGEQFF	FYLCFLAFL
CASSPRQGFYEQYF	FYLCFLAFL
CASSPGVTSGMILDTQYF	FYLCFLAFL
CASSPELAGVEQYF	FYLCFLAFL
CSADSENTEAFF	FYLCFLAFL
CASSLAVEAREQYF	FYLCFLAFL
CASSGTGGVRNTGELFF	FYLCFLAFL
CATSSLGGKGRQPQHF	FYLCFLAFL
CSARDLHGTEAFF	FYLCFLAFL
CASSLWDQETQYF	FYLCFLAFL
CSASRPVTGGETQYF	FYLCFLAFL
CSVGAGTGDYEQYF	FYLCFLAFL
CASSYSFSNEQYF	FYLCFLAFL
CASSLALRGAPSSHSTDTQYF	FYLCFLAFL
CASSQEGGYNEQFF	FYLCFLAFL
CASTLGPQRISYNEQFF	FYLCFLAFL
CASWGDPEGYTSEQFF	FYLCFLAFL
CSATREPTNEQFF	FYLCFLAFL
CASRGPGPRQGRSYEQYF	FYLCFLAFL
CASSSTPGLAGITDTQYF	FYLCFLAFL
CSASWGQGGNEQFF	FYLCFLAFL
CASSQVLWDVERYTF	FYLCFLAFL
CASSQDQGTVYGYTF	FYLCFLAFL
CASSLLAEPFDTQYF	FYLCFLAFL
CATSRPGTSTQNEQFF	FYLCFLAFL
CASSPTPPARTYYGYTF	FYLCFLAFL
CSASDGGGGNEQFF	FYLCFLAFL
CASSSWGQIYNEQFF	FYLCFLAFL
CASSSRQKNTGELFF	FYLCFLAFL
CASSLGQGRYTGELFF	FYLCFLAFL
CSVALVGYEQYF	FYLCFLAFL
CATSSEDGQETQYF	FYLCFLAFL
CASSLGQGANEQYF	FYLCFLAFL
CSATPVGSEKLFF	FYLCFLAFL
CASSPTPSRVHEQFF	FYLCFLAFL
CASSKVTKGVGPNSPLHF	FYLCFLAFL
CASSHSRTGGLTEAFF	FYLCFLAFL
CASKEGWPLNSPLHF	FYLCFLAFL
CASSRTSRSSYNEQFF	FYLCFLAFL
CSVWGGRGSTEAFF	FYLCFLAFL
CSAGTIQETQYF	FYLCFLAFL
CASSWSRATGTGELFF	FYLCFLAFL
CASSQDRTSGTYEQYF	FYLCFLAFL
CASSQDGYNEQFF	FYLCFLAFL
CSARLPTFGIF	FYLCFLAFL
CASTDPGQGYEQYF	FYLCFLAFL
CSASHEGGRSYNEQFF	FYLCFLAFL
CSAAGQGLAGDTQYF	FYLCFLAFL
CASSLAVGGVQETQYF	FYLCFLAFL
CASSSTANTGELFF	FYLCFLAFL
CASSPHRDQGRRTDTQYF	FYLCFLAFL
CASSSPGTRPYEQYF	FYLCFLAFL
CASSYSKVRAARTSGSYEQYF	FYLCFLAFL
CASEEGGGALQETQYF	FYLCFLAFL
CASSPGLGGTDTQYF	FYLCFLAFL
CSARDLAGGDAEAFF	FYLCFLAFL
CASSLDRGRGETQYF	FYLCFLAFL
CASSPLLGQEHSYEQYF	FYLCFLAFL
CASSAGLYNEQFF	FYLCFLAFL
CASSLYPLGTGNNEQFF	FYLCFLAFL
CASSQGQGVYEQYF	FYLCFLAFL
CASSLKGGNEQFF	FYLCFLAFL
CASSGPGQHYGYTF	FYLCFLAFL
CSARDPSGSTDTQYF	FYLCFLAFL
CASSAGTVEKRF	FYLCFLAFL
CASSATLIDAVTNEQFF	FYLCFLAFL
CASSVYPDQPQHF	FYLCFLAFL
CASSPAGGGTYEQYF	FYLCFLAFL
CATSDLRTPNTEAFF	FYLCFLAFL
CASSLTGQGITYNEQFF	FYLCFLAFL
CASSVTGTGGFGANVLTF	FYLCFLAFL
CASSSTGTTEAFF	FYLCFLAFL
CSAPGGASGIEQYF	FYLCFLAFL
CSVPSGRRNEQFF	FYLCFLAFL
CATSDLRTGWGTGELFF	FYLCFLAFL
CASSFDWTGGTGYGYTF	FYLCFLAFL
CASRGLAGAGTIYEQYF	FYLCFLAFL
CSASAPGTRYQETQYF	FYLCFLAFL
CASSYSGGAKNIQYF	FYLCFLAFL
CSADSGGQETQYF	FYLCFLAFL
CASSSPGTGVWVSYNEQFF	FYLCFLAFL
CASSVLAGGQNEQFF	FYLCFLAFL
CASSPIENTEAFF	FYLCFLAFL
CASSYSMGRGSPLHF	FYLCFLAFL
CASSLFSSGLGETQYF	FYLCFLAFL
CASSLWGGNEKLFF	FYLCFLAFL
CASSLNGNEQFF	FYLCFLAFL
CASSRDRGYEQYF	FYLCFLAFL
CASSPSDQTGLTDTQYF	FYLCFLAFL
CASSPDRGYEQYF	FYLCFLAFL
CSATTSGRGGEETQYF	FYLCFLAFL
CASSGEQGTF	FYLCFLAFL
CASSLTGTDTGELFF	FYLCFLAFL
CASSLAGGGYEQYF	FYLCFLAFL
CASSYSTGQGYNEQFF	FYLCFLAFL
CSADRDGGTEAFF	FYLCFLAFL
CSARDYLAEYTDTQYF	FYLCFLAFL
CASTFSYEQYF	FYLCFLAFL
CATTGGSYEQYF	FYLCFLAFL
CASSLGRGYEQYF	FYLCFLAFL
CATSRAFEWTGQDTQYF	FYLCFLAFL
CASSLAPLLEQYF	FYLCFLAFL
CSARGTFKGYEQYF	FYLCFLAFL
CASVGSLGAGELFF	FYLCFLAFL
CASSQSTPRSYNEQFF	FYLCFLAFL
CASSQVRSSSYNEQFF	FYLCFLAFL
CAISGGSGELFF	FYLCFLAFL
CASSLTPVGAEQFF	FYLCFLAFL
CASSPGGAGETQYF	FYLCFLAFL
CASSTYRGTEAFF	FYLCFLAFL
CASRGLAGGSYEQYF	FYLCFLAFL
CATEIAGGYNEQFF	FYLCFLAFL
CASSLSGTVSYEQYF	FYLCFLAFL
CSADRGGAADTQYF	FYLCFLAFL
CASSLWAADTQYF	FYLCFLAFL
RASRSPSVNEQFF	FYLCFLAFL
CASSLSGLANTGELFF	FYLCFLAFL
CASSAQLNEQFF	FYLCFLAFL
CASSFFSGSYEQYF	FYLCFLAFL
CSASQTSGSQETQYF	FYLCFLAFL
CASSQAFGGARWELFF	FYLCFLAFL
CASSVANWGYTGELFF	FYLCFLAFL
CASRQAISYEQYF	FYLCFLAFL
CASSYRLGGEKLFF	FYLCFLAFL
CSAREAGYEQYF	FYLCFLAFL
CASSITSGGVTDTQYF	FYLCFLAFL
CAIGGGYEQYF	FYLCFLAFL
CASSIDSSTDTQYF	FYLCFLAFL
CASSLETAQGEQYF	FYLCFLAFL
CASSPGGQPQHF	FYLCFLAFL
CATTRPGTDTQYF	FYLCFLAFL
CASSWDRGYEQYF	FYLCFLAFL
CASYGGAGEQFF	FYLCFLAFL
CSARDPEAGVSFEQFF	FYLCFLAFL
CASSPWLGAGEQFF	FYLCFLAFL
CASSLWASTDTQYF	FYLCFLAFL
CSASPTSGSGLEQFF	FYLCFLAFL
CASSLRGAGGFNQPQHF	FYLCFLAFL
CASSHLAGGPNEQFF	FYLCFLAFL
CASRNPTGGVEAFF	FYLCFLAFL
CSADQTSVSSNEQFF	FYLCFLAFL
CATSTLAGGSSSTDTQYF	FYLCFLAFL
CATSAGGGSLTVSYNEQFF	FYLCFLAFL
CASSLGFPGELFF	FYLCFLAFL
CASSQDRGYEQYF	FYLCFLAFL
CSAGSEGGETQYF	FYLCFLAFL
CASSPTGQGRSDEKLFF	FYLCFLAFL
CSEARSTDTQYF	FYLCFLAFL
CASSPSHPRQLMSGAGQPQHF	FYLCFLAFL
CASRPGVYSTDTQYF	FYLCFLAFL
CASSQDGRSYEQYF	FYLCFLAFL
CASSHLAGGRNEQFF	FYLCFLAFL
CASSLYSGSATGELFF	FYLCFLAFL
CASRGPGPNSYEQYF	FYLCFLAFL
CASSVLAGGTRVGNEQFF	FYLCFLAFL
CASSWGTYNEQFF	FYLCFLAFL
CSADSYNEQFF	FYLCFLAFL
CASREKTGEAYEQYF	FYLCFLAFL
CASSPPGAGAGNQPQHF	FYLCFLAFL
CASSPLAWNEQFF	FYLCFLAFL
CASSLHLPEGSGNTIYF	FYLCFLAFL
CASSLWGGGINQPQHF	FYLCFLAFL
CASSISGGPSNEQFF	FYLCFLAFL
CSAPGLAGPGDTQYF	FYLCFLAFL
CAISEGISPTDTQYF	FYLCFLAFL
CASSSLGDTQYF	FYLCFLAFL
CSAGSQRTSGLNIQYF	FYLCFLAFL
CASRPGTGGAKGYTF	FYLCFLAFL
CSVAAEGETQYF	FYLCFLAFL
CASSLQGGVYEQYF	FYLCFLAFL
CASRGLTGTGNYGYTF	FYLCFLAFL
CASSLGAYEQYF	FYLCFLAFL
CATSAPQTALRSPLHF	FYLCFLAFL
CASSDREGIQYF	FYLCFLAFL
CASREQGNYEQYF	FYLCFLAFL
CARREGVSDTQYF	FYLCFLAFL
CSALHGAGQGRTALNYGYTF	FYLCFLAFL
CASSYYDSGGEQFF	FYLCFLAFL
CASLQLGSDTQYF	FYLCFLAFL
CASSNLSRHGQFF	FYLCFLAFL
CSAEAETSGIRNEQFF	FYLCFLAFL
CASSRDSQPQHF	FYLCFLAFL
CASSQYSNQPQHF	FYLCFLAFL
CSASGPGTGGLRQETQYF	FYLCFLAFL
CASSIPLAGGSYNEQFF	FYLCFLAFL
CASSPGEGYEQYF	FYLCFLAFL
CASSLIVTGTVEGKYEQYF	FYLCFLAFL
CSATLAGVQGNEQFF	FYLCFLAFL
CSARDKHLLYGYTF	FYLCFLAFL
CASSYSLTSGTYEQYF	FYLCFLAFL
CASSEGERSSSYEQYF	FYLCFLAFL
CSADSESSTDTQYF	FYLCFLAFL
CASSFTEIAVGEQFF	FYLCFLAFL
CASSLSGTVVIGGTGELFF	FYLCFLAFL
CALGWPEQFF	FYLCFLAFL
CSASTVYPAAEAFF	FYLCFLAFL
CSASFERGNNEQFF	FYLCFLAFL
CASSEVGVLSYNEQFF	FYLCFLAFL
CSDRTILSYEQYF	FYLCFLAFL
CASSAGTLEGNEQFF	FYLCFLAFL
CASTPGDYEQYF	FYLCFLAFL
CASSQWAGDNEQFF	FYLCFLAFL
CSAGLPDNEQFF	FYLCFLAFL
CASSKDPRETQYF	FYLCFLAFL
CSARGLAGLIYEQYF	FYLCFLAFL
CASSGPTSGGARDTQYF	FYLCFLAFL
CASSLFGGYEQYF	FYLCFLAFL
CASSLAGGGSSYNEQFF	FYLCFLAFL
CASSLSNLLNTEAFF	FYLCFLAFL
CATSSAGTSGGRGLPDEQYF	FYLCFLAFL
CSASKEGAEADTQYF	FYLCFLAFL
CSADRRGHEQYF	FYLCFLAFL
CADPLGREDTEAFF	FYLCFLAFL
CASSNLAGGPPDTQYF	FYLCFLAFL
CASSYSATSGTYEQYF	FYLCFLAFL
CSARTESNQPQHF	FYLCFLAFL
CASSKTGANTEAFF	FYLCFLAFL
CASSPQEWGNQPQHF	FYLCFLAFL
CSARGLSGGSYEQYF	FYLCFLAFL
CATSREGGLLVPEAFF	FYLCFLAFL
CASSEEPLGNEQFF	FYLCFLAFL
CASRGWRVGEKANTGELFF	FYLCFLAFL
CASSYTGGLVEQFF	FYLCFLAFL
CASSLLGSYNEQFF	FYLCFLAFL
CASSLPAGEKNTGELFF	FYLCFLAFL
CASSQNRASPGELFF	FYLCFLAFL
CSADRVGTEAFF	FYLCFLAFL
CSATDRDPRGEYF	FYLCFLAFL
CATLGQGTTTNEKLFF	FYLCFLAFL
CASSEDGLLGYTF	FYLCFLAFL
CAWSIGNQPQHF	FYLCFLAFL
CASSADRGYEQYF	FYLCFLAFL
CSASTGTGRVETQYF	FYLCFLAFL
CASSPVGAESEQYF	FYLCFLAFL
CASSRSSTGELFF	FYLCFLAFL
CASSQGDGSYEQYF	FYLCFLAFL
CASSHPGGGAYEQYF	FYLCFLAFL
CASSSRGGNTEAFF	FYLCFLAFL
CASSQVPSSGANVLTF	FYLCFLAFL
CASSLGTASNQPQHF	FYLCFLAFL
CASSSTSGGPVDTQYF	FYLCFLAFL
CASSGGPAYEQYF	FYLCFLAFL
CSVWTGGATEAFF	FYLCFLAFL
CAGGPPLGQPQHF	FYLCFLAFL
CASSLDLINEKLFF	FYLCFLAFL
CASSYGTSKYF	FYLCFLAFL
CASSFPGHVVHQPQHF	FYLCFLAFL
CSASGDQETQYF	FYLCFLAFL
CASSYTGQVYEQYF	FYLCFLAFL
CASSYGLSAETQYF	FYLCFLAFL
CATLPGSPYNEQFF	FYLCFLAFL
CSGAGGGNEQFF	FYLCFLAFL
CSADTGLAGEVDTQYF	FYLCFLAFL
CATSDPRFGQSQETQYF	FYLCFLAFL
CASSRRTGGLEETQYF	FYLCFLAFL
CASSTHYPAGGNEQFF	FYLCFLAFL
CASSSPGAMGSPLHF	FYLCFLAFL
CASSLYSSYNEQFF	FYLCFLAFL
CSADRTAQETQYF	FYLCFLAFL
CASSYSIETGEAFF	FYLCFLAFL
CSASLEIRSNEQFF	FYLCFLAFL
CSATDMGREQFF	FYLCFLAFL
CASSLESTGELFF	FYLCFLAFL
CAWTGPLGYTF	FYLCFLAFL
CASSPGVGTEAFF	FYLCFLAFL
CASSVNRVYGYGYTF	FYLCFLAFL
CASSGRDSVTPGELFF	FYLCFLAFL
CASSLAYSNQPQHF	FYLCFLAFL
CSAYQGALDYGYTF	FYLCFLAFL
CASSHILAGLYNEQFF	FYLCFLAFL
CASRGLAGDTYEQYF	FYLCFLAFL
CATSSLETQYF	FYLCFLAFL
CASIGQGAPLHF	FYLCFLAFL
CASSVSGSEQFF	FYLCFLAFL
CSARPAEGGYRTYNEQFF	FYLCFLAFL
CARSSGGPFNEQFF	FYLCFLAFL
CSARGQFHEQYF	FYLCFLAFL
CASSAPNRETEAFF	FYLCFLAFL
CSVPSDRAQVTDTQYF	FYLCFLAFL
CASSGPTSEQYF	FYLCFLAFL
CASSQGSGPTGYEQYF	FYLCFLAFL
CASSWDRYNEQFF	FYLCFLAFL
CASSPGPTAYNEQFF	FYLCFLAFL
CASRDTGGYEQYF	FYLCFLAFL
CSADVRADTQYF	FYLCFLAFL
CASSLGGSEKLFF	FYLCFLAFL
CSARGLDTAHLNTEAFF	FYLCFLAFL
CASSFQNQETQYF	FYLCFLAFL
CSVGGGSYNEQFF	FYLCFLAFL
CSPAAGPHGSYEQYF	FYLCFLAFL
CASSYSSGDSYNEQFF	FYLCFLAFL
CAWSVLSGPRGYTF	FYLCFLAFL
CASSYGNTIYF	FYLCFLAFL
CASSQLAGGPNEQFF	FYLCFLAFL
CASSLVGGNQPQHF	FYLCFLAFL
CASTFQGGSYEQYF	FYLCFLAFL
CASSGPTSGSLSSYNEQFF	FYLCFLAFL
CASSEQGAGANVLTF	FYLCFLAFL
CASRGLPTYEQYF	FYLCFLAFL
CSADTGVREQFF	FYLCFLAFL
CASSKGDPHIGGTDTQYF	FYLCFLAFL
CSADSYNEQFF	FYLCFLAFL
CSAPWGVAYEQYF	FYLCFLAFL
CASSSLAGGTNEQFF	FYLCFLAFL
CASSIGAQPGQPQHF	FYLCFLAFL
CATSELAQGLRDEQFF	FYLCFLAFL
CSATESSYNEQFF	FYLCFLAFL
CASSEYTSRTLNSYEQYF	FYLCFLAFL
CASSPWVADNEQFF	FYLCFLAFL
CASSPFSNQPQHF	FYLCFLAFL
CASSLDQGISYNEQFF	FYLCFLAFL
CASSQDVDQPQHF	FYLCFLAFL
CASSHGTSGRGYNEQFF	FYLCFLAFL
CSAHTDRGSEQYF	FYLCFLAFL
CASSLGTSYEQYF	FYLCFLAFL
CSARDYLGLAGTDTQYF	FYLCFLAFL
CASGKAGGEQYF	FYLCFLAFL
CASSTTNGVGNTIYF	FYLCFLAFL
CSASWGTSGVYEQYF	FYLCFLAFL
CASSSTPAGGPTDTQYF	FYLCFLAFL
CASSAPTSGSSEAEQFF	FYLCFLAFL
CSAGVTGNEQFF	FYLCFLAFL
CASSLVFPNGDNEQFF	FYLCFLAFL
CASWGTGSGYTF	FYLCFLAFL
CASRGLAAALVYEQYF	FYLCFLAFL
CASSYQAGDHEQFF	FYLCFLAFL
CSASFLGESTEAFF	FYLCFLAFL
CASSLTNEQFF	FYLCFLAFL
CASSPGQTAYEQYF	FYLCFLAFL
CASSQGPQGAQETQYF	FYLCFLAFL
CSLDSGLAGAYNEQFF	FYLCFLAFL
CSAGTSRTDTQYF	FYLCFLAFL
CASSLEGEFF	FYLCFLAFL
CASSPESTNPYNEQFF	FYLCFLAFL
CASSLSQNTEAFF	FYLCFLAFL
CASTLVMNTEAFF	FYLCFLAFL
CASSLGRPVAQYF	FYLCFLAFL
CASLAGTGVPYEQYF	FYLCFLAFL
CASRGPQGEYYEQYF	FYLCFLAFL
CSASRERDPYEQYF	FYLCFLAFL
CASSSGELLSTGELFF	FYLCFLAFL
CASSFNLRDTDTQYF	FYLCFLAFL
CASSVTGNYGYTF	FYLCFLAFL
CASSVTLGDSGYTF	FYLCFLAFL
CASSAGQGSYQPQHF	FYLCFLAFL
CASGGMQTQYF	FYLCFLAFL
CSARSGQRMTRPYEQYF	FYLCFLAFL
CASSYDRTGWSSYEQYF	FYLCFLAFL
CASSYSMAGGTYEQYF	FYLCFLAFL
CASSLAVGSTDTQYF	FYLCFLAFL
CASSLAPLGADNEQFF	FYLCFLAFL
CASSQTGTENNQPQHF	FYLCFLAFL
CASSPGAPELYGYTF	FYLCFLAFL
CSARGLAGSTYEQYF	FYLCFLAFL
CSAKGLAGERYEQYF	FYLCFLAFL
CAGTSGGGPYNEQFF	FYLCFLAFL
CSVDPGLAGVYEQFF	FYLCFLAFL
CASSYSTGALETQYF	FYLCFLAFL
CASRGLAGKTYEQYF	FYLCFLAFL
CSASREQETQYF	FYLCFLAFL
CASFAGNNSPLHF	FYLCFLAFL
CASSQYNEQFF	FYLCFLAFL
CSAQGELAGVSYNEQFF	FYLCFLAFL
CASSFGRAGEDQPQHF	FYLCFLAFL
CASSLTLQGWNSEAFF	FYLCFLAFL
CSAGDSSYEQYF	FYLCFLAFL
CSATDRVDISTEAFF	FYLCFLAFL
CASSYFTNTEAFF	FYLCFLAFL
CSASSLTFYEQYF	FYLCFLAFL
CASSPQGSGELFF	FYLCFLAFL
CASSFRRGYNGNQPQHF	FYLCFLAFL
CASSFRQGGRQPQHF	FYLCFLAFL
CATSSLSAGSTDTQYF	FYLCFLAFL
CASSLGLAGYEQYF	FYLCFLAFL
CASARQGSMNEQFF	FYLCFLAFL
CASTGQLTANLRGYTF	FYLCFLAFL
CSARVPGGGNSPLHF	FYLCFLAFL
CSARAFSGGDNEQFF	FYLCFLAFL
CASSLSPNGNIQYF	FYLCFLAFL
CASSFDRGYEQYF	FYLCFLAFL
CASSYSPRDRNSPLHF	FYLCFLAFL
CASRPLAGGLLNEQFF	FYLCFLAFL
CASSVSGGSRLDTQYF	FYLCFLAFL
CSADTGGSYQETQYF	FYLCFLAFL
CSATDSTDTQYF	FYLCFLAFL
CSADSEGSAVEQYF	FYLCFLAFL
CASSLVRGGAYNEQFF	FYLCFLAFL
CSGASGPRNEQFF	FYLCFLAFL
CASSYPNTGELFF	FYLCFLAFL
CSAVNNDRVEAFF	FYLCFLAFL
CATSDFPSSSFGDTQYF	FYLCFLAFL
CASSPLPGLAGGPSDQETQYF	FYLCFLAFL
CASSQVEPSDTIYF	FYLCFLAFL
CAWSVPPVRMNYGYTF	FYLCFLAFL
CASSLLNQPQHF	FYLCFLAFL
CSARSLAGYEQYF	FYLCFLAFL
CSVTTGDGRTEAFF	FYLCFLAFL
CASTALAGVTEQYF	FYLCFLAFL
CAISEPGQGLGQPQHF	FYLCFLAFL
CASSNGLYTEAFF	FYLCFLAFL
CSATRPGLASEQYF	FYLCFLAFL
CASSLGIEQFF	FYLCFLAFL
CSATRTGSWETQYF	FYLCFLAFL
CASSLAGGSTDTQYF	FYLCFLAFL
CSADGTRINEQFF	FYLCFLAFL
CSATRTKETQYF	FYLCFLAFL
CSASREGVGGETQYF	FYLCFLAFL
CASPGKGSGANVLTF	FYLCFLAFL
CAVGSWDQGTDTQYF	FYLCFLAFL
CSAPRTDSSYEQYF	FYLCFLAFL
CSANGLADSYEQYF	FYLCFLAFL
CASSNKGDRSHGYTF	FYLCFLAFL
CATSRDFVGANTEAFF	FYLCFLAFL
CASSLDKWDIHSGANVLTF	FYLCFLAFL
CASSSPGLAGGRVSEQFF	FYLCFLAFL
CSASGVAGEETQYF	FYLCFLAFL
CASSSTGNEQFF	FYLCFLAFL
CSASVSGNEQFF	FYLCFLAFL
CASSEPGRILNTEAFF	FYLCFLAFL
CASRDKQGSYNEQFF	FYLCFLAFL
CSASLSEGQETQYF	FYLCFLAFL
CASSQVGQGLIEQFF	FYLCFLAFL
CSVVGTGMRNTEAFF	FYLCFLAFL
CASSLEDGFNEKLFF	FYLCFLAFL
CSVRDQTGELFF	FYLCFLAFL
CASSEGVIKYQETQYF	FYLCFLAFL
CASSLGGPEAFF	FYLCFLAFL
CSVPGQGSQPQHF	FYLCFLAFL
CSVAISSYEQYF	FYLCFLAFL
CASSLTFVNTEAFF	FYLCFLAFL
CASRGESGGRYEQYF	FYLCFLAFL
CASSEWGSYNEQFF	FYLCFLAFL
CASSPYVDTQYF	FYLCFLAFL
CASSLELALAGELFF	FYLCFLAFL
CASSLGGGEQYF	FYLCFLAFL
CASSGTQGAGETQYF	FYLCFLAFL
CSATQSSYEQYF	FYLCFLAFL
CASSVISGHPNTEAFF	FYLCFLAFL
CASSLGLPLESDEQFF	FYLCFLAFL
CASSLARVETQYF	FYLCFLAFL
CASSLFGPTEAFF	FYLCFLAFL
CRAGGLDTEAFF	FYLCFLAFL
CASSLVGSEQYF	FYLCFLAFL
CACGRAPHNEQFF	FYLCFLAFL
CASSSQGLETQYF	FYLCFLAFL
CASSSQGPDTQYF	FYLCFLAFL
CASSWAAASYEQYF	FYLCFLAFL
CSATGLAGDETQYF	FYLCFLAFL
CASSHLLAGDRHEQFF	FYLCFLAFL
CSAGDTTDTQYF	FYLCFLAFL
CSADMTGQYNEQFF	FYLCFLAFL
CASSQVDRTPDTQYF	FYLCFLAFL
CASSPIAGAMTDTQYF	FYLCFLAFL
CASRPGLDTYEQYF	FYLCFLAFL
CASSGPVALPRNEQYF	FYLCFLAFL
CASSHGTGWGSYNEQFF	FYLCFLAFL
CASSLSLNTEAFF	FYLCFLAFL
CASSLYGDEQYF	FYLCFLAFL
CSASTPENEQFF	FYLCFLAFL
CASSFVGTGVNTGELFF	FYLCFLAFL
CAWSATGELFF	FYLCFLAFL
CASRTRGELFF	FYLCFLAFL
CASRTSQPRGRSTDTQYF	FYLCFLAFL
CSATLEVGGGYNEQFF	FYLCFLAFL
CSADTRGTEAFF	FYLCFLAFL
CARPQTSGYGYTF	FYLCFLAFL
CASSEEDAAYYGYTF	FYLCFLAFL
CASSLEQFHEQYF	FYLCFLAFL
CASSLYYDENPEQYF	FYLCFLAFL
CSARSLADSYEQYF	FYLCFLAFL
CASSPDRAQETQYF	FYLCFLAFL
CASSQEGGWLATGELFF	FYLCFLAFL
CASTQGSEQYF	FYLCFLAFL
CASKPPGLSNADTQYF	FYLCFLAFL
CSVDVYTEAFF	FYLCFLAFL
CASSSDRLAGNTDTQYF	FYLCFLAFL
CASSLGGETQYF	FYLCFLAFL
CASSSGTGGWNEQFF	FYLCFLAFL
CASRDPGGSGNTIYF	FYLCFLAFL
CASSPRGATDTQYF	FYLCFLAFL
CASSATGTGGGETQYF	FYLCFLAFL
CATKEPGYDLSGANVLTF	FYLCFLAFL
CASSLTPAAGGSTDTQYF	FYLCFLAFL
CASSQVEADTQYF	FYLCFLAFL
CASSHLAGGPNEQFF	FYLCFLAFL
CASSYLPPGNSYNEQFF	FYLCFLAFL
CASSQEETVSYEQYF	FYLCFLAFL
CASSLVTGTNTEAFF	FYLCFLAFL
CASRFPSLASTDTQYF	FYLCFLAFL
CASSDGQGNNSPLHF	FYLCFLAFL
CSARPSGRGMNEQFF	FYLCFLAFL
CASSTSDSSYEQYF	FYLCFLAFL
CSADNSRSSYNEQFF	FYLCFLAFL
CASRVGDEQFF	FYLCFLAFL
CASSLVGGTDTQYF	FYLCFLAFL
CSAVGLAGRYEQYF	FYLCFLAFL
CASRGSGYTF	FYLCFLAFL
CASTRSVYEQYF	FYLCFLAFL
CASSSERSRGAQYF	FYLCFLAFL
CSASTGGNEQYF	FYLCFLAFL
CASSYSMGSIGELFF	FYLCFLAFL
CSAVLKGLDQPQHF	FYLCFLAFL
CASSSDASSYNEQFF	FYLCFLAFL
CASSRYVTGANTGELFF	FYLCFLAFL
CGAGTGGGETQYF	FYLCFLAFL
CSANLENNEQFF	FYLCFLAFL
CSVGTLGNEQFF	FYLCFLAFL
CASSPPQYNEQFF	FYLCFLAFL
CAISGPGQSSGANVLTF	FYLCFLAFL
CASSQPLTSPHTDTQYF	FYLCFLAFL
CASSSSWGFSNEKLFF	FYLCFLAFL
CASSLDRGITYEQYF	FYLCFLAFL
CASSLESRGASFGYTF	FYLCFLAFL
CASSTERASYEQYF	FYLCFLAFL
CSASSSGSSYNEQFF	FYLCFLAFL
CASSQTGATNEKLFF	FYLCFLAFL
CSAGPRDRVTDTQYF	FYLCFLAFL
CSADSGEETQYF	FYLCFLAFL
CASSNPQGGTYEQYF	FYLCFLAFL
CASSLASGLEAATDEQFF	FYLCFLAFL
CASSLVAGADTQYF	FYLCFLAFL
CASSLLGETQYF	FYLCFLAFL
CASSEDRGYEQYF	FYLCFLAFL
CSVGPSGSAEQFF	FYLCFLAFL
CSVATGSYEQYF	FYLCFLAFL
CASSGLGAGELFF	FYLCFLAFL
CASGPGTRDNEQFF	FYLCFLAFL
CASRAEWNTEAFF	FYLCFLAFL
CASSFSPPRTGDYEQYF	FYLCFLAFL
CASSTGQGHYGYTF	FYLCFLAFL
CSASSGSSYNEQFF	FYLCFLAFL
CSAQGQGSNEQFF	FYLCFLAFL
CSVDDLGSGYHEQYF	FYLCFLAFL
CASSLEVAGGREKLFF	FYLCFLAFL
CASSYFRSVELFF	FYLCFLAFL
CASSEAGNPGNTIYF	FYLCFLAFL
CATSRSQGLEQYF	FYLCFLAFL
CASSYQIIGQGAHGNEAFF	FYLCFLAFL
CAISEDVRTGVPTEAFF	FYLCFLAFL
CASKGGTGHGYGYTF	FYLCFLAFL
CASSTSATYNEQFF	FYLCFLAFL
CSLRQGADTQYF	FYLCFLAFL
CASGLGGYNEQFF	FYLCFLAFL
CASSQDPLTGYGETQYF	FYLCFLAFL
CASSWPGGSQLFF	FYLCFLAFL
CASLDLPEAFF	FYLCFLAFL
CSASIQGRGEETQYF	FYLCFLAFL
CASSLLDSYNEQFF	FYLCFLAFL
CASSPEGMLGEQYF	FYLCFLAFL
CASSLNRDRSTDTQYF	FYLCFLAFL
CASSLEEGLAGVHEQYF	FYLCFLAFL
CASSPPDSSYEQYF	FYLCFLAFL
CASSFGQGAYEQYF	FYLCFLAFL
CASSFPSGSPDTQYF	FYLCFLAFL
CSARDYQGYEQYF	FYLCFLAFL
CASSYYQGDWDQHF	FYLCFLAFL
CASSNRLAGGPIAQYF	FYLCFLAFL
CASTDRGRSYEQYF	FYLCFLAFL
CSVDKGDRANEQYF	FYLCFLAFL
CSACFESSYNEQFF	FYLCFLAFL
CSARGSGGAYNEQFF	FYLCFLAFL
CATSGLAGYLGDTQYF	FYLCFLAFL
CSARGRDRLYGYTF	FYLCFLAFL
CASSLGGNEQFF	FYLCFLAFL
CASSFPQGGELFF	FYLCFLAFL
CASSYSGAEQFF	FYLCFLAFL
CASSLGDEQFF	FYLCFLAFL
CASSPLSGVSYNEQFF	FYLCFLAFL
CSVGLLPTEAFF	FYLCFLAFL
CASSLAVGGFSYNEQFF	FYLCFLAFL
CASRGLAGGWNSYEQYF	FYLCFLAFL
CASSYPGTGTYNEQFF	FYLCFLAFL
CASSYLAGGNNEQFF	FYLCFLAFL
CSARDLEDYGYTF	FYLCFLAFL
CSAWTSGNEQFF	FYLCFLAFL
CASSSDGNLGPPLHF	FYLCFLAFL
CASSQESGTVNTEAFF	FYLCFLAFL
CASSWDEGGQETQYF	FYLCFLAFL
CSAKTAGGLYEQYF	FYLCFLAFL
CASRRLAGGREEQYF	FYLCFLAFL
CASSQFTGQLLGYTF	FYLCFLAFL
CASSLEGVGTEAFF	FYLCFLAFL
CSANMISYEQYF	FYLCFLAFL
CASSEEGGVPNYGYTF	FYLCFLAFL
CATSRPRDSVWELFF	FYLCFLAFL
CASSYWDRSDSGNTIYF	FYLCFLAFL
CSARVREGQETQYF	FYLCFLAFL
CASSYSGAGELFF	FYLCFLAFL
CASSRDRGAEAFF	FYLCFLAFL
CASSLGLTYEQYF	FYLCFLAFL
CSEAAGMNEQFF	FYLCFLAFL
CASSPFTPNTEAFF	FYLCFLAFL
CATRGRQGGTYEQYF	FYLCFLAFL
CASSVGMGTVNEKLFF	FYLCFLAFL
CASSLAGDEQFF	FYLCFLAFL
CASSGTSGRAQYTEQYF	FYLCFLAFL
CSAMPPGQLAYEQYF	FYLCFLAFL
CSAREQLAGDNEQFF	FYLCFLAFL
CASSFVPTQETQYF	FYLCFLAFL
CASSRENNEKLFF	FYLCFLAFL
CASSYPGQGRTEAFF	FYLCFLAFL
CSASRAESTQYF	FYLCFLAFL
CARGSNTEAFF	FYLCFLAFL
CASSANRDARWSTEAFF	FYLCFLAFL
CSASSGIPYEQYF	FYLCFLAFL
CATINRVDNEQFF	FYLCFLAFL
CSAQDRVDYGYTF	FYLCFLAFL
CASSGGQPTNEKLFF	FYLCFLAFL
CASSPLAREQFF	FYLCFLAFL
CSARDPPGAVYEQYF	FYLCFLAFL
CASSYGLAELYEQYF	FYLCFLAFL
CASSSPGRSYNEQFF	FYLCFLAFL
CSADRDQRAETQYF	FYLCFLAFL
CSASVALSSYNEQFF	FYLCFLAFL
CASSLVGSGTEAFF	FYLCFLAFL
CASSPRDYNNEQFF	FYLCFLAFL
CASSKWVRPGDEQYF	FYLCFLAFL
CASSPGTDSSEAFF	FYLCFLAFL
CASSWDRAPEGYTF	FYLCFLAFL
CASSLLAGGYNEQFF	FYLCFLAFL
CSARRGDRDRAREEQYV	FYLCFLAFL
CASSYGETYEQYF	FYLCFLAFL
CASSQDWAGGTTGELFF	FYLCFLAFL
CASSLAWGGGGTNTGELFF	FYLCFLAFL
CASGNNEQFF	FYLCFLAFL
CASSITGFTTF	FYLCFLAFL
CSAGGGSNEQFF	FYLCFLAFL
CASSLDGLGYTF	FYLCFLAFL
CASSLSQDVYF	FYLCFLAFL
CSASPGLAGGGTYNEQFF	FYLCFLAFL
CASSPRGLNNEQFF	FYLCFLAFL
CASFEGSYSYNEQFF	FYLCFLAFL
CVGPKNTGELFF	FYLCFLAFL
CASNTQGPGELFF	FYLCFLAFL
CSVGTNSEAFF	FYLCFLAFL
CASSPPEDRAQYF	FYLCFLAFL
CSARDTQASYEQYF	FYLCFLAFL
CASSQEATGFYYNEQFF	FYLCFLAFL
CASSLELNYEQYF	FYLCFLAFL
CASSTRTSGNIGELFF	FYLCFLAFL
CSVDLAAGNTEAFF	FYLCFLAFL
CASRGLAEDQGVYEQYF	FYLCFLAFL
CATDRGHVYTF	FYLCFLAFL
CASSSSGKPADTQYF	FYLCFLAFL
CASSLLAGGLPSYNEQFF	FYLCFLAFL
CASSQSLSGRNQFF	FYLCFLAFL
CASSLFRGNQETQYF	FYLCFLAFL
CSGGGARGEQFF	FYLCFLAFL
CASSLTAYNEQFF	FYLCFLAFL
CASGREAKNIQYF	FYLCFLAFL
CASSFTGGANNEQFF	FYLCFLAFL
CSARGYRGYEQYF	FYLCFLAFL
CASSQGTDEVELFF	FYLCFLAFL
CALRADANTGELFF	FYLCFLAFL
CSATSEESYNEQFF	FYLCFLAFL
CASSQVVSGNPYEQYF	FYLCFLAFL
CSASPRDSNNEQFF	FYLCFLAFL
CSARGFTDSYEQYF	FYLCFLAFL
CASSQTGVAEAFF	FYLCFLAFL
CAWSQGTDTQYF	FYLCFLAFL
CASSHGAIGLWANVLTF	FYLCFLAFL
CSARFMTGQLYEQYF	FYLCFLAFL
CSASQTGDYGYTF	FYLCFLAFL
CASSRGEITDTQYF	FYLCFLAFL
CSATGLAEETQYF	FYLCFLAFL
CASSKVGGRGDTQYF	FYLCFLAFL
CASATGVDTQYF	FYLCFLAFL
CASSFYAPTDEQYF	FYLCFLAFL
CASSLGSGNEQFF	FYLCFLAFL
CSASVLDLGNEQFF	FYLCFLAFL
CATSGLGPSGYNEQFF	FYLCFLAFL
CASSLGGSGTQYF	FYLCFLAFL
CSASKGGYEQFF	FYLCFLAFL
CASSLSTGRMYNEQFF	FYLCFLAFL
CSASGQQETQYF	FYLCFLAFL
CASSYSTGGSSYEQYF	FYLCFLAFL
CASSLLNSNTGELFF	FYLCFLAFL
CSASQTSGRGETQYF	FYLCFLAFL
CASSDSGELFF	FYLCFLAFL
CASSQVPAGMMNTEAFF	FYLCFLAFL
CSARGTSGGAVTQYF	FYLCFLAFL
CSASGEAGGFQETQYF	FYLCFLAFL
CASSVGQPNSPLHF	FYLCFLAFL
CSAKIGGFGHQPQHF	FYLCFLAFL
CASSPIGTDSYEQYF	FYLCFLAFL
CASSPSGREVEQFF	FYLCFLAFL
CASSFSNSPLHF	FYLCFLAFL
CASSLASAAEAFF	FYLCFLAFL
CSADTSGGYEQYF	FYLCFLAFL
CASRGQGPNDSYEQYF	FYLCFLAFL
CSARDLQPTSEPSYNEQFF	FYLCFLAFL
CASSVPRAGTNTGELFF	FYLCFLAFL
CASSQGRGPTYEQYF	FYLCFLAFL
CASSLEAGYNEQFF	FYLCFLAFL
CSVTGQVNTEAFF	FYLCFLAFL
CSARDPLAGDNEQFF	FYLCFLAFL
CASSMQGSYNEQFF	FYLCFLAFL
CASSQESRVNYGYTF	FYLCFLAFL
CASSPNYNEQFF	FYLCFLAFL
CASSLTPPGGPHNEQFF	FYLCFLAFL
CASSQDRSSGNTIYF	FYLCFLAFL
CASSATDSYEQYF	FYLCFLAFL
CSAYSGQGYQPQHF	FYLCFLAFL
CASRGQGTGSYEQYF	FYLCFLAFL
CASSQGGYEQYF	FYLCFLAFL
CASSYGPSGELFF	FYLCFLAFL
CSARDRRLAVDEQFF	FYLCFLAFL
CASVGQSSGNTIYF	FYLCFLAFL
CSATRETSYNEQFF	FYLCFLAFL
CASSSDSAYEQYF	FYLCFLAFL
CASKGLAGSYEQYF	FYLCFLAFL
CSARDAGTAGNTIYF	FYLCFLAFL
CASSEIAYSGNTIYF	FYLCFLAFL
CASSLDTGPSYNEQFF	FYLCFLAFL
CSASFGVDNQPQHF	FYLCFLAFL
CSGGGTGVEQYF	FYLCFLAFL
CASSLWLGSNEQFF	FYLCFLAFL
CASSEGRGDAYEQYF	FYLCFLAFL
CASSWDSLSGTTYEQYF	FYLCFLAFL
CASSSSPGDYEQYF	FYLCFLAFL
CASSFRGFGEKLFF	FYLCFLAFL
CASSSLALSYNEQFF	FYLCFLAFL
CASSQGWTSSYEQYF	FYLCFLAFL
CATSRAWGTSTDTQYF	FYLCFLAFL
CASSPTPGTSPYEQYF	FYLCFLAFL
CASSWGQGNSPLHF	FYLCFLAFL
CASSLWVTGEPYGYTF	FYLCFLAFL
CASSDPGLQPQHF	FYLCFLAFL
CASSMGGGGNYNEQFF	FYLCFLAFL
CSAIPFGDNEQFF	FYLCFLAFL
CASSRWAGETQYF	FYLCFLAFL
CASSFLTGGNGYTF	FYLCFLAFL
CSASQLVRNEQFF	FYLCFLAFL
CASSLTTAGGRALESYNEQFF	FYLCFLAFL
CASSWDRGLTQPQHF	FYLCFLAFL
CASLAGNSDTQYF	FYLCFLAFL
CSAKGRRGSPNEQFF	FYLCFLAFL
CSACIRDDLSNEQFF	FYLCFLAFL
CASSYGTTGVKAFF	FYLCFLAFL
CASSLVPAGVQFF	FYLCFLAFL
CASSHFPGTGEAFF	FYLCFLAFL
CASSPDRGYEQYF	FYLCFLAFL
CASSQGPGQGAYEQYF	FYLCFLAFL
CASSLGGAGYEQYF	FYLCFLAFL
CSASYSGRAPTDTQYF	FYLCFLAFL
CASSLGVSTEAFF	FYLCFLAFL
CASSRTGTDSSGANVLTF	FYLCFLAFL
CATVTGVLQETQYF	FYLCFLAFL
CATAGTETSYEQYF	FYLCFLAFL
CSASKEGYEQYF	FYLCFLAFL
CASSKWDRSEYGYTF	FYLCFLAFL
CSVNGISYEQYF	FYLCFLAFL
CAISELSTRVKTYEQYF	FYLCFLAFL
CSATSGGSGNTGELFF	FYLCFLAFL
CASSLPPLNTEAFF	FYLCFLAFL
CASSPGGPSEQYF	FYLCFLAFL
CSADSWGLAKNIQYF	FYLCFLAFL
CSASSESWYNEQFF	FYLCFLAFL
CASSPDIRDTYPSGANVLTF	FYLCFLAFL
CASSSSGTGPLEQYF	FYLCFLAFL
CASSEAPSSASSYNEQFF	FYLCFLAFL
CASSFSPGDRPNNEQFF	FYLCFLAFL
CASSSGQGAYGYTF	FYLCFLAFL
CASSMWGGNTEAFF	FYLCFLAFL
CASSEWVVAEDTQYF	FYLCFLAFL
CSASFEHSYNEQFF	FYLCFLAFL
CASSQTGGERHGYTF	FYLCFLAFL
CASSQTPGLAASYEQYF	FYLCFLAFL
CASSPDSFYEQYF	FYLCFLAFL
CASTLKPGQGANEQFF	FYLCFLAFL
CASSLGGWNEKLFF	FYLCFLAFL
CASSIPLFEQYF	FYLCFLAFL
CASSFWTGDIQYF	FYLCFLAFL
CASSLYRGNLFDEQFF	FYLCFLAFL
CASSGGMSYEQYF	FYLCFLAFL
CASSLAVGRNTEAFF	FYLCFLAFL
CASSLAGADGELFF	FYLCFLAFL
CASTSSASGRLTEQYF	FYLCFLAFL
CSVERTEAFF	FYLCFLAFL
CSADRSDNEQFF	FYLCFLAFL
CSAQGGAGRYNEQFF	FYLCFLAFL
CSVGTGDGETQYF	FYLCFLAFL
CASSDGSGGWDEQFF	FYLCFLAFL
CASSQYHPDTQYF	FYLCFLAFL
CASSWTGNTEAFF	FYLCFLAFL
CSARSTTKRTGKDGTEAFF	FYLCFLAFL
CASSPPDSSGELFF	FYLCFLAFL
CSAEEFDNSPLHF	FYLCFLAFL
CATSRGGGETSNQPQHF	FYLCFLAFL
CASSSGQGIQPQHF	FYLCFLAFL
CASSLAAGSYEQYF	FYLCFLAFL
CASSLFSGGLNYYEQYF	FYLCFLAFL
CASRSQGNEQFF	FYLCFLAFL
CASSELSGVGPEKLFF	FYLCFLAFL
CSADREEAKNIQYF	FYLCFLAFL
CATSFGTGELFF	FYLCFLAFL
CASSLYQAGIADTQYF	FYLCFLAFL
CASSQALGTEAFF	FYLCFLAFL
CASSYSGQGMDEAFF	FYLCFLAFL
CSASPQGTGYTF	FYLCFLAFL
CASSLNPYGDNEQFF	FYLCFLAFL
CASSQEYRGLYEQYF	FYLCFLAFL
CASSNKAGGPTDTQYF	FYLCFLAFL
CASSQDEASGVYNEQFF	FYLCFLAFL
CSVDLPGGVNEQFF	FYLCFLAFL
CSARGKDAGSYEQYF	FYLCFLAFL
CSANLGNNEQFF	FYLCFLAFL
CAPGILGEMANYGYTF	FYLCFLAFL
CASSQGSQPQHF	FYLCFLAFL
CASSLGVSAEAFF	FYLCFLAFL
CASEPAGLYNEQFF	FYLCFLAFL
CASSLVSYNSPLHF	FYLCFLAFL
CASSEGRVF	FYLCFLAFL
CASSQGHTSYEQYF	FYLCFLAFL
CASSYGLPNEQFF	FYLCFLAFL
CSASRSGIRSQETQYF	FYLCFLAFL
CASRTGEEDYGYTF	FYLCFLAFL
CSVLGVVHGGASLNTQYF	FYLCFLAFL
CASSIGQLQPQHF	FYLCFLAFL
CASSSGLVFHEQYF	FYLCFLAFL
CASSLGLAGGWEQFF	FYLCFLAFL
CASSLSGAGTEAFF	FYLCFLAFL
CSATLANNEQFF	FYLCFLAFL
CASTPVRGSGLSYEQYF	FYLCFLAFL
CASSPSGVETQYF	FYLCFLAFL
CSANTGTKPYEQYF	FYLCFLAFL
CASSPIPAGTSDTGELFF	FYLCFLAFL
CASSQVTGVGTDTQYF	FYLCFLAFL
CASSSHKTGGAGVSNQPQHF	FYLCFLAFL
CSVEDPGTPYEQYF	FYLCFLAFL
CASWGGLHEQFF	FYLCFLAFL
CSATGVPNEKLFF	FYLCFLAFL
CASSQDPGWANTGELFF	FYLCFLAFL
CASSAQGPGLDEQFF	FYLCFLAFL
CASSFWGSSQVIYNEQFF	FYLCFLAFL
CSVEGRTGGAVNEQYF	FYLCFLAFL
CASSLGTGGLETQYF	FYLCFLAFL
CASSQDKGTGLTEAFF	FYLCFLAFL
CASSLAGGEQYF	FYLCFLAFL
CASSYSGGTQYF	FYLCFLAFL
CASSLRSLGIGRSPLHF	FYLCFLAFL
CSADMEGRTGELFF	FYLCFLAFL
CASSQEGGGAYNEQFF	FYLCFLAFL
CASSQVVSSVTSSYEQYF	FYLCFLAFL
CSACSEASYNEQFF	FYLCFLAFL
CSASQGGNEQFF	FYLCFLAFL
CASRLGTGLNTEAFF	FYLCFLAFL
CASSSPPGEAYSGNTIYF	FYLCFLAFL
CASRPVTAYEQYF	FYLCFLAFL
CSAEDERGTLREQYF	FYLCFLAFL
CASSYTMGGGFYEQYF	FYLCFLAFL
CASSLMTTSLANYGYTF	FYLCFLAFL
CASSLGALAGDEQYF	FYLCFLAFL
CATARDMGNEQFF	FYLCFLAFL
CSASVGTNEKLFF	FYLCFLAFL
CASSLLGHNEQFF	FYLCFLAFL
CASINIGSGLNEKLFF	FYLCFLAFL
CSVAKSTLRGTDTQYF	FYLCFLAFL
CASSQDDRSSYEQYF	FYLCFLAFL
CASSSSAGLPETQYF	FYLCFLAFL
CSADGLAGSYEQYF	FYLCFLAFL
CSASKRDDYNEQFF	FYLCFLAFL
CASSYGVNEQFF	FYLCFLAFL
CASSLGQGSIEQYF	FYLCFLAFL
CASSQDGTDSYEQYF	FYLCFLAFL
CASSLDRRTAAYEQYF	FYLCFLAFL
CASSQDRGSMTNEQFF	FYLCFLAFL
CASEQSSYNEQFF	FYLCFLAFL
CASSYGAGYSEAFF	FYLCFLAFL
CATSSPLTGAASTDTQYF	FYLCFLAFL
CASSLSGASSYNEQFF	FYLCFLAFL
CASVYQGQGSSYNEQFF	FYLCFLAFL
CASRNLAGGPLDNEQFF	FYLCFLAFL
CASSQDALPSYEQYF	FYLCFLAFL
CASSWEGNWKGYEQYF	FYLCFLAFL
CASSDDSMNTEAFF	FYLCFLAFL
CSARDRDRGDNEQFF	FYLCFLAFL
CASSPSQVHSTDTQYF	FYLCFLAFL
CSASWTDNEQFF	FYLCFLAFL
CASSVDPRTDLYYEQYF	FYLCFLAFL
CASSGAQLLNQGTGGLSEQYF	FYLCFLAFL
CASSGATERGASPSTDTQYF	FYLCFLAFL
CASSSTGGADTQYF	FYLCFLAFL
CATSTTGKLAGYTF	FYLCFLAFL
CSADTGRLDEQYF	FYLCFLAFL
CSANGQTTDTQYF	FYLCFLAFL
CASSGAIRTSGAETQYF	FYLCFLAFL
CASSFTSGGINEQFF	FYLCFLAFL
CASSQWDGRGEKLFF	FYLCFLAFL
CSAEGETSRVRNEQFF	FYLCFLAFL
CASSLGDRVYEQYF	FYLCFLAFL
CASSPLAGGYNEQFF	FYLCFLAFL
CSATTGGKNIQYF	FYLCFLAFL
CASRGLLAGGTIYEQYF	FYLCFLAFL
CSGTWGDTQYF	FYLCFLAFL
CASSPRGTVFNYGYTF	FYLCFLAFL
CASSQVSGEQFF	FYLCFLAFL
CASSAGGGSYNEQFF	FYLCFLAFL
CASSPSGDTQYF	FYLCFLAFL
CASRGQEEVSGESYEQYF	FYLCFLAFL
CSVLLPSGAGDTQYF	FYLCFLAFL
CASNEGRVYYEQYF	FYLCFLAFL
CASSFGNEQFF	FYLCFLAFL
CASSFDGNQPQHF	FYLCFLAFL
CASSLDPRVNPWPFF	FYLCFLAFL
CASSLEGFTDTQYF	FYLCFLAFL
CASSRGEGIDEQYF	FYLCFLAFL
CSVPDRVGGYTF	FYLCFLAFL
CATSSTTGPRQFGQYF	FYLCFLAFL
CSASSGGPQETQYF	FYLCFLAFL
CASSSLAGDHYNEQFF	FYLCFLAFL
CASSGGWGQPQHF	FYLCFLAFL
CASSLTDDGNTIYF	FYLCFLAFL
CASNTPTGKDYGYTF	FYLCFLAFL
CASSQGQASSYEQYF	FYLCFLAFL
CASRGRWQKQPYEQYF	FYLCFLAFL
CASSLPSGGAETGELFF	FYLCFLAFL
CASSQGVARGPYQETQYF	FYLCFLAFL
CASSGPPQQFF	FYLCFLAFL
CASSFTGGTEAFF	FYLCFLAFL
CASSLGGVTEAFF	FYLCFLAFL
CASSSLTGGNQPQHF	FYLCFLAFL
CASSPLAGGYEQYF	FYLCFLAFL
CASNRQGLNTEAFF	FYLCFLAFL
CASSVIGGALETQYF	FYLCFLAFL
CASSQEVTSGSNNEQFF	FYLCFLAFL
CASSRAVASGGFNTGELFF	FYLCFLAFL
CASSLEGAMDYGYTF	FYLCFLAFL
CSAERDSDQPQHF	FYLCFLAFL
CASSLSGLNEQFF	FYLCFLAFL
CATGLAPLNEQFF	FYLCFLAFL
CASSYFAGQYGYTF	FYLCFLAFL
CASSQGRQGRETQYF	FYLCFLAFL
CSADTSGSYEQYF	FYLCFLAFL
CSARGMTVNTEAFF	FYLCFLAFL
CASSFLAGALNEQFF	FYLCFLAFL
CASSVGTGAFTDTQYF	FYLCFLAFL
CATARGEITDTQYF	FYLCFLAFL
CASSARSGHKNTGELFF	FYLCFLAFL
CASSKRSWENTGELFF	FYLCFLAFL
CASSDRAGHEKLFF	FYLCFLAFL
CSASGRDRPYNEQFF	FYLCFLAFL
CATFGGSRPHEQYF	FYLCFLAFL
CASSRRETNVLTF	FYLCFLAFL
CASSLALRQASTDTQYF	FYLCFLAFL
CSVVPLAGQSKSSSYNEQFF	FYLCFLAFL
CSAYSGGAADTQYF	FYLCFLAFL
CSVAIGGEQYF	FYLCFLAFL
CASSVSTGSSNTEAFF	FYLCFLAFL
CASSLDVAGVDTDTQYF	FYLCFLAFL
CASSEWLAGLNTGELFF	FYLCFLAFL
CASSLIGQGQGEQFF	FYLCFLAFL
CASSFRTVEQFF	FYLCFLAFL
CSAEREVTYNEQFF	FYLCFLAFL
CASSLAGQGSYEQYF	FYLCFLAFL
CASTWGRSEQFF	FYLCFLAFL
CATSSPQGHLSTDTQYF	FYLCFLAFL
CASSPPARWGSGANVLTF	FYLCFLAFL
CASSQDPGAGSNNSPLHF	FYLCFLAFL
CASTLRGHYEQYF	FYLCFLAFL
CASSLMRNGYTF	FYLCFLAFL
CASSLTGGDTQYF	FYLCFLAFL
CASSLIAGGQNTGELFF	FYLCFLAFL
CSASVRDGDNEQFF	FYLCFLAFL
CASSPTDKGNTIYF	FYLCFLAFL
CASVISDEQYF	FYLCFLAFL
CASSYYWGGGPQETQYF	FYLCFLAFL
CASSQSWGGSSDTQYF	FYLCFLAFL
CASTGWTFGYEQYF	FYLCFLAFL
CASSYSEQGGGEQETQYF	FYLCFLAFL
CASSYSPGRQVSTYEQYF	FYLCFLAFL
CASSLGAGGNEQFF	FYLCFLAFL
CASSVTANYGYTF	FYLCFLAFL
CASSSWGAEDEQFF	FYLCFLAFL
CASSPTVNTEAFF	FYLCFLAFL
CASSWGLAGSFDEQFF	FYLCFLAFL
CASSYSTGTGETQYF	FYLCFLAFL
CSATDTYEQYF	FYLCFLAFL
CSASLELAGGSSYNEQFF	FYLCFLAFL
CSARGDGGEYNEQFF	FYLCFLAFL
CASSLDAGNTEAFF	FYLCFLAFL
CASVLGWSSSPLHF	FYLCFLAFL
CATSLSGGLNYNEQFF	FYLCFLAFL
CSAPPQYTF	FYLCFLAFL
CATQLVIGNEQFF	FYLCFLAFL
CSAHEGPAYEQYF	FYLCFLAFL
CASSIDVWGNEQYF	FYLCFLAFL
CSVVAEYNEQFF	FYLCFLAFL
CASSSQPGLGEMNTEAFF	FYLCFLAFL
RASSLEHRSNQPQHF	FYLCFLAFL
CASSSGAASGGLATDTQYF	FYLCFLAFL
CASRPFFGSPLHF	FYLCFLAFL
CASSFTGNQPQHF	FYLCFLAFL
CASSVSVGGTEAFF	FYLCFLAFL
CASSQDGPRDYGYTF	FYLCFLAFL
CASSPASGSAEQYF	FYLCFLAFL
CASSLLGLANNEQFF	FYLCFLAFL
CSVERDEQYF	FYLCFLAFL
CSARGAGWNEQFF	FYLCFLAFL
CAAGREDTEAFF	FYLCFLAFL
CASRGASRDTKSYEQYF	FYLCFLAFL
CASSLMQSYGYTF	FYLCFLAFL
CASRGDMRGNYGYTF	FYLCFLAFL
CASSYFGGTYEQYF	FYLCFLAFL
CASSWVTSNTDTQYF	FYLCFLAFL
CASSHEERGAYEQFF	FYLCFLAFL
CSVRTRSNTGELFF	FYLCFLAFL
CASSPAAARVDEQFF	FYLCFLAFL
CASSLGDRASSYNEQFF	FYLCFLAFL
CASSTQGQNTEAFF	FYLCFLAFL
CSARGLADSYEQYF	FYLCFLAFL
CASSLGLNEQFF	FYLCFLAFL
CASSSDYHGDNEAFF	FYLCFLAFL
CSASGTGVSETQYF	FYLCFLAFL
CASSEIKLVPIYNEQFF	FYLCFLAFL
CSARDQGLGDNEQFF	FYLCFLAFL
CASSEWGYSNQPQHF	FYLCFLAFL
CASSEAYNEQFF	FYLCFLAFL
CASSEGQGNTEAFF	FYLCFLAFL
CATRGLAGASSYEQYF	FYLCFLAFL
CASKRGPTDRTSGNTIYF	FYLCFLAFL
CASSLLAGGYGETQYF	FYLCFLAFL
CSADRGQVNEQFF	FYLCFLAFL
CSARDREVSSYEQYF	FYLCFLAFL
CASSYSGGEQFF	FYLCFLAFL
CSARARAGVYEQYF	FYLCFLAFL
CATAATTGYGTDTQYF	FYLCFLAFL
CASSQGGVDTQYF	FYLCFLAFL
CASSLIAGAITGELFF	FYLCFLAFL
CASNPTGNGGETQYF	FYLCFLAFL
CSGQYVETQYF	FYLCFLAFL
CASNDRAGANVLTF	FYLCFLAFL
CSAGFTGRGEQYF	FYLCFLAFL
CSARGLLAGIYEQYF	FYLCFLAFL
CASSLYGGEQYF	FYLCFLAFL
CSASTPREGLETQYF	FYLCFLAFL
CSATGQIYYQETQYF	FYLCFLAFL
CASSSAGSSRYNEQFF	FYLCFLAFL
CASSLVGRYEQYF	FYLCFLAFL
CASRGFTVYNEQFF	FYLCFLAFL
CASSPSVASANNEQFF	FYLCFLAFL
CASEGGLSSYNEQFF	FYLCFLAFL
CSADLGGALAGETQYF	FYLCFLAFL
CASCLARNPSYNEQFF	FYLCFLAFL
CASSDLDRLINQPQHF	FYLCFLAFL
CSVGGAPYEQYF	FYLCFLAFL
CASSLVPAVQETQYF	FYLCFLAFL
CASRGVAGENTGELFF	FYLCFLAFL
CASSSPSGGAGDTQYF	FYLCFLAFL
CASSPGELEQYF	FYLCFLAFL
CASSYPPAAEEKLFF	FYLCFLAFL
CASSWNRVTQETQYF	FYLCFLAFL
CSASIRDTQETQYF	FYLCFLAFL
CASRQRQGMTNEKLFF	FYLCFLAFL
CSASDSKSSYNEQFF	FYLCFLAFL
CSASSLAGGRETQYF	FYLCFLAFL
CAITGGYEQYF	FYLCFLAFL
CASSSYSRTDNEQFF	FYLCFLAFL
CSAIFQGDVNYGYTF	FYLCFLAFL
CASSSWVEGTDTQYF	FYLCFLAFL
CASSLQNGRNYGYTF	FYLCFLAFL
CATSTPPPGLATSTDTQYF	FYLCFLAFL
CASSPTGIYEQYF	FYLCFLAFL
CASRRYRGSTDTQYF	FYLCFLAFL
CSVRTDTQYF	FYLCFLAFL
CASSEVSTEAFF	FYLCFLAFL
CASSSLQTSDGGDTQYF	FYLCFLAFL
CASTPSTRVSETQYF	FYLCFLAFL
CSARPLESYEQYF	FYLCFLAFL
CASSQVRSYEQYF	FYLCFLAFL
CSADGRDGDSYEQYF	FYLCFLAFL
CSARRRDYNYEQYF	FYLCFLAFL
CASSSIPGGPDNEQFF	FYLCFLAFL
CAVGLYEQYF	FYLCFLAFL
CASSQGSGLYQETQYF	FYLCFLAFL
CASRGQRTGTYEQYF	FYLCFLAFL
CSARDGVNTEAFF	FYLCFLAFL
CASSDRQGASYGYTF	FYLCFLAFL
CSARDIAGEGYEQYF	FYLCFLAFL
CATSENGELFF	FYLCFLAFL
CASSLGLAGGGAYEQYF	FYLCFLAFL
CASSIAGHSTDTQYF	FYLCFLAFL
CSAQWASGGAGTGELFF	FYLCFLAFL
CASSLAGAAEAFF	FYLCFLAFL
CASSLATGGADTQYF	FYLCFLAFL
CASSIGLLQGATDTQYF	FYLCFLAFL
CASSHFGTENTGELFF	FYLCFLAFL
CSAGGQASSSYEQYF	FYLCFLAFL
CAISESSSSHNRRNTEAFF	FYLCFLAFL
CASSLSPGSAKLFF	FYLCFLAFL
CASSGSVIRVQETQYF	FYLCFLAFL
CSLHGGGYEQYF	FYLCFLAFL
CASSSPVRESTYEQYF	FYLCFLAFL
CSAIKQEGYTDTQYF	FYLCFLAFL
CASSLEWGAPNEETQYF	FYLCFLAFL
CASSIDSYTEAFF	FYLCFLAFL
CASRGLGLAGGPSYEQYF	FYLCFLAFL
CASSEGPGAYEQYF	FYLCFLAFL
CASSPFEGTDTQYF	FYLCFLAFL
CASSPGTSGFPEQYF	FYLCFLAFL
CASSQLVTGKNGYTF	FYLCFLAFL
CASSYRGANSYEQYF	FYLCFLAFL
CASSGTGGLDTIYF	FYLCFLAFL
CASSQDKVNNEKLFF	FYLCFLAFL
CASSFPARDRDSGYTF	FYLCFLAFL
CASSYSNPVYGYTF	FYLCFLAFL
CASSLREGAAHQPQHF	FYLCFLAFL
CSATHESSYNEQFF	FYLCFLAFL
CASSLGVWGVTEAFF	FYLCFLAFL
CASSYRRRIPSGANVLTF	FYLCFLAFL
CSARDLHGSYEQYF	FYLCFLAFL
CASSLDFGNEQFF	FYLCFLAFL
CSASGLANEQFF	FYLCFLAFL
CASSETGLGYTF	FYLCFLAFL
CASWGVGGYTF	FYLCFLAFL
CSARGGRMSAYEQYF	FYLCFLAFL
CASRGAGARMRVEQYF	FYLCFLAFL
CASSFRGTGLYQETQYF	FYLCFLAFL
CASRGAGAGSSYEQYF	FYLCFLAFL
CASSLGGGTGELFF	FYLCFLAFL
CASSPMRDTEAFF	FYLCFLAFL
CASGLVYWTEAFF	FYLCFLAFL
CASSPTGGSYNEQFF	FYLCFLAFL
CASKTEPTYEQYF	FYLCFLAFL
CASSLSGVGNTIYF	FYLCFLAFL
CALGPPSTDTQYF	FYLCFLAFL
CASSQLAGGGNEQFF	FYLCFLAFL
CASSLSANYGYTF	FYLCFLAFL
CASSRLAGGNNEQFF	FYLCFLAFL
CASSLAVSWSGGLTEAFF	FYLCFLAFL
CASSLVQYSNQPQHF	FYLCFLAFL
CASSVVVAEYNEQFF	FYLCFLAFL
CSVDGQTDAYGYTF	FYLCFLAFL
CSARGLAGNSYEQYF	FYLCFLAFL
CASSFGFDEQFF	FYLCFLAFL
CSADLAGGPDTQYF	FYLCFLAFL
CSASGTEETQYF	FYLCFLAFL
CSASIFGETQYF	FYLCFLAFL
CSATLAGGQETQYF	FYLCFLAFL
CASSQGQNLLNTEAFF	FYLCFLAFL
CASRTDYWSYEQYF	FYLCFLAFL
CATNARGDNNEQFF	FYLCFLAFL
CASSEPGSGEFNSPLHF	FYLCFLAFL
CASSFAKSRSNEQFF	FYLCFLAFL
CASSLGSGDFYEQYF	FYLCFLAFL
CSAMGVNQPQHF	FYLCFLAFL
CSARSGVHDYYEQFF	FYLCFLAFL
CASSFPGLETGELFF	FYLCFLAFL
CSADPPGAADTQYF	FYLCFLAFL
CSATSGLAERPSYNEQFF	FYLCFLAFL
CSAQGRTMTYNEQFF	FYLCFLAFL
CSAPAWSTAGGPSGTDTQYF	FYLCFLAFL
CSARGLAGGSYEQYF	FYLCFLAFL
CASSVQVLGKLFF	FYLCFLAFL
CASSYQTYNQPQHF	FYLCFLAFL
CSASGQGFGEEQYF	FYLCFLAFL
CASRMGHEQYF	FYLCFLAFL
CSASWAGVSYNEQFF	FYLCFLAFL
CASSRLTGGEQFF	FYLCFLAFL
CASSELTYEQYF	FYLCFLAFL
CASRGRTSGNNYEQYF	FYLCFLAFL
CASSTFYLTYEQYF	FYLCFLAFL
CSARDRYNEQFF	FYLCFLAFL
CASSELLFGQGSNQPQHF	FYLCFLAFL
CASSYNGNEQFF	FYLCFLAFL
CASSLYLNEQYF	FYLCFLAFL
CSLGTSGEEQYF	FYLCFLAFL
CASGGTTDTQYF	FYLCFLAFL
CSAADGTSGGITQYF	FYLCFLAFL
CSATDEISYNEQFF	FYLCFLAFL
CSALIQSTEAFF	FYLCFLAFL
CASSQSGGKETQYF	FYLCFLAFL
CASSAGTGNQPQHF	FYLCFLAFL
CASNQGSSYNEQFF	FYLCFLAFL
CASSYQARTMAYEQYF	FYLCFLAFL
CASSLAGQGYEQYF	FYLCFLAFL
CASGGSGVSTGELFF	FYLCFLAFL
CASSGMEVHTEAFF	FYLCFLAFL
CASSRQVSEKLFF	FYLCFLAFL
CASRGQGPMNTEAFF	FYLCFLAFL
CSADRAGQETQYF	FYLCFLAFL
CASSTYSGQGSGYTF	FYLCFLAFL
CASSSNSGRGLREQFF	FYLCFLAFL
CASSSEGQSARVGEKLFF	FYLCFLAFL
CATSSQPPVASITGELFF	FYLCFLAFL
CASSLLEGGSIQYF	FYLCFLAFL
CASSLSGGETQYF	FYLCFLAFL
CASSLEELATEAFF	FYLCFLAFL
CSAAGTHNEQFF	FYLCFLAFL
CATSSLAPGPASTDTQYF	FYLCFLAFL
CSAKGLDTYYEQYF	FYLCFLAFL
CASSQPGQVNEKLFF	FYLCFLAFL
CASSSGTGLYYGYTF	FYLCFLAFL
CSAEARQETQYF	FYLCFLAFL
CSASTSGAEQYF	FYLCFLAFL
CSASPSGTEAFF	FYLCFLAFL
CASSLAESSYNEQFF	FYLCFLAFL
CASSPTVGNEQFF	FYLCFLAFL
CASSPSFSNTGELFF	FYLCFLAFL
CASSYSQRAGSYEQYF	FYLCFLAFL
CASSKYSGNEQFF	FYLCFLAFL
CASTWTGREQYF	FYLCFLAFL
CSARGTQDYGHEQYF	FYLCFLAFL
CSASASGRESTDTQYF	FYLCFLAFL
CASTDYNEQFF	FYLCFLAFL
CSAPRGGVSSYEQYF	FYLCFLAFL
CASSFSVGGRNTGELFF	FYLCFLAFL
CASSESGTGVLVFQNSPLHF	FYLCFLAFL
CASSFGGGTDTQYF	FYLCFLAFL
CASSPGRRLEAFF	FYLCFLAFL
CSASVEVGQETQYF	FYLCFLAFL
CASSGPRNNEQFF	FYLCFLAFL
CASSTGLASDIQYF	FYLCFLAFL
CASSPAGTGDNEQFF	FYLCFLAFL
CASITPADRVGTEAFF	FYLCFLAFL
CASSLGQVTYEQYF	FYLCFLAFL
CSAGTTGNEQFF	FYLCFLAFL
CASSPGGTGDRWNSPLHF	FYLCFLAFL
CASSLELGQGLHEQFF	FYLCFLAFL
CASSRGTAPTNEKLFF	FYLCFLAFL
CASSYFKNQPQHF	FYLCFLAFL
CASRDRIYGYTF	FYLCFLAFL
CASSTQVGEQYF	FYLCFLAFL
CSVEDPAGAYGYTF	FYLCFLAFL
CASSPQDRNTEAFF	FYLCFLAFL
CSALGGSANTGELFF	FYLCFLAFL
CSAREAGVETQYF	FYLCFLAFL
CASSLGGVEAFF	FYLCFLAFL
CASLQRGSGSPLEETQYF	FYLCFLAFL
CASSQEGAGEKLFF	FYLCFLAFL
CASSVGLAGGLGETQYF	FYLCFLAFL
CASSEAVGHLSYEQYF	FYLCFLAFL
CASSQSRVNTEAFF	FYLCFLAFL
CAISVSGTEAFF	FYLCFLAFL
CSATREESYNEQFF	FYLCFLAFL
CASSQDRTAYEQYF	FYLCFLAFL
CASSLVAGGAWQPQHF	FYLCFLAFL
CSARVSSELDSRNYEQYF	FYLCFLAFL
CASSFSPSSYNEQFF	FYLCFLAFL
CSARGLADSYEQYF	FYLCFLAFL
CSELTGTGITDTQYF	FYLCFLAFL
CSATARDREIETQYF	FYLCFLAFL
CASSYSLSGAANTGELFF	FYLCFLAFL
CASSLVLPTSGRPAYEQYF	FYLCFLAFL
CASSLWPGYEQYF	FYLCFLAFL
CASSLTGNEQFF	FYLCFLAFL
CASRGIAGGRIEQFF	FYLCFLAFL
CASSPGQVETQYF	FYLCFLAFL
CASSEGPGGAYEQYF	FYLCFLAFL
CASSFPQPYSNQPQHF	FYLCFLAFL
CASSHITSIPYEQYF	FYLCFLAFL
CASSQARGLIETQYF	FYLCFLAFL
CASSLDGVDEQYF	FYLCFLAFL
CASSPGGFTRRADTQYF	FYLCFLAFL
CASSYVRLAGNEQFF	FYLCFLAFL
CASSYWRGDTQYF	FYLCFLAFL
CASSHGLQLVGEQFF	FYLCFLAFL
CASSFGTSPSTDTQYF	FYLCFLAFL
CSANSGVSTDTQYF	FYLCFLAFL
CSARGLAGEKYEQYF	FYLCFLAFL
CASSFGGEAFF	FYLCFLAFL
CASSISGTGELFF	FYLCFLAFL
CASSSVSNTDTQYF	FYLCFLAFL
CASSYTFNQPQHF	FYLCFLAFL
CASSFIPPVGQGITEAFF	FYLCFLAFL
CASSPIGEYYGYTF	FYLCFLAFL
CASSEYFEGPNTGELFF	FYLCFLAFL
CASSSGPNYGYTF	FYLCFLAFL
CASSHLAGGLNEQFF	FYLCFLAFL
CASSVTGGTNEKLFF	FYLCFLAFL
CSGNSQAYEQYF	FYLCFLAFL
CSATGTSGTYSTDTQYF	FYLCFLAFL
CSASGLAGGYEQYF	FYLCFLAFL
CASSQPSPSAGAEYTFF	FYLCFLAFL
CASSFRTSGIDTGELFF	FYLCFLAFL
CASSGIAGGHEQFF	FYLCFLAFL
CASRGIWTSGRYEQFF	FYLCFLAFL
CASSEFLGTRALNEQFF	FYLCFLAFL
CASSPWGGMDEKLFF	FYLCFLAFL
CSARDPILGSNYGYTF	FYLCFLAFL
CASSQAFTGEAFF	FYLCFLAFL
CASSLGTLKGTDTQYF	FYLCFLAFL
CSSTWEDFTQYF	FYLCFLAFL
CASGGTGASYEQYF	FYLCFLAFL
CASSYSPARNTEAFF	FYLCFLAFL
CASSQGTGSYEQYF	FYLCFLAFL
CASSQQPSSGDAPYEQYF	FYLCFLAFL
CASSLPAETIATYEQYF	FYLCFLAFL
CASSQDLAVGKDQPQHF	FYLCFLAFL
CASSQGENTEAFF	FYLCFLAFL
CASSHHGLAGVRQYNEQFF	FYLCFLAFL
CSASRGDWRTDTQYF	FYLCFLAFL
CASSVSRDRGLYGYTF	FYLCFLAFL
CASTMADSYHEQYF	FYLCFLAFL
CATEQGYEQYF	FYLCFLAFL
CSAPRGRDSNEQFF	FYLCFLAFL
CASSLAAGPNTEAFF	FYLCFLAFL
CSAESSNEQFF	FYLCFLAFL
CSADVRGYNEQFF	FYLCFLAFL
CASSYYGFGTEAFF	FYLCFLAFL
CASSLIISGEPYNEQFF	FYLCFLAFL
CASSEGIGGGGWAEAFF	FYLCFLAFL
CASSLGDTSYGYTF	FYLCFLAFL
CSAFSSGRAYNEQFF	FYLCFLAFL
CASSISVTLPNQPQHF	FYLCFLAFL
CSAAGGTWETQYF	FYLCFLAFL
CASSQEILAVTYEQYF	FYLCFLAFL
CASSYGAGGFYNEQFF	FYLCFLAFL
CSALVFGQFF	FYLCFLAFL
CASSHKGLAELSYEQYF	FYLCFLAFL
CASSPLERTSYEQYF	FYLCFLAFL
CASTMVLTPDTQYF	FYLCFLAFL
CASGTSGRFYNEQFF	FYLCFLAFL
CSASSISYEQYF	FYLCFLAFL
CASRGTGQATYEQYF	FYLCFLAFL
CASSQEQPGGETQYF	FYLCFLAFL
CASSQDPGQGVLYEQYF	FYLCFLAFL
CSANTGTGGYEQYF	FYLCFLAFL
CASTLGVLAKNIQYF	FYLCFLAFL
CSATSRLLHSYEQYF	FYLCFLAFL
CASSQGDRTIEAFF	FYLCFLAFL
CASSLAGATYEQYF	FYLCFLAFL
CASSLVRGQAFF	FYLCFLAFL
CSADHEGGSYNEQFF	FYLCFLAFL
CASSLVSGQETQYF	FYLCFLAFL
CASSLEQAYNNEQFF	FYLCFLAFL
CASSLALNSPLHF	FYLCFLAFL
CASSFGDSYEQYF	FYLCFLAFL
CASREGNTGELFF	FYLCFLAFL
CATSDAGGEQYF	FYLCFLAFL
CASSLFGAGMNTEAFF	FYLCFLAFL
CAASTGSAGYGYTF	FYLCFLAFL
CASSPRTSRMTNTEAFF	FYLCFLAFL
CASSIGGGESYEQYF	FYLCFLAFL
CASSDTGNSYNEQFF	FYLCFLAFL
CASSFGTGELFF	FYLCFLAFL
CAAGQQGANGYTF	FYLCFLAFL
CASSINAYNEQFF	FYLCFLAFL
CATSDGGRGGPMNTEAFF	FYLCFLAFL
CSASFERNLNEQFF	FYLCFLAFL
CSARGFTGRGYEQYF	FYLCFLAFL
CSAFGTGTDDNQPQHF	FYLCFLAFL
CASSLMGSGGFTDTQYF	FYLCFLAFL
CASSPTDLNTEAFF	FYLCFLAFL
CSAQTIQGGEDTQYF	FYLCFLAFL
CASSLGVFEKLFF	FYLCFLAFL
CASSFAMTAEAFF	FYLCFLAFL
CASSNSGSSYNEQFF	FYLCFLAFL
CASNSGTGRYEQYF	FYLCFLAFL
CASSQGTYEQYF	FYLCFLAFL
CASSRDRGYEQYF	FYLCFLAFL
CASSAMRLAGRYEQYF	FYLCFLAFL
CSVVEQGPYEQYF	FYLCFLAFL
CSASEETDTQYF	FYLCFLAFL
CASSLQTGSNEQFF	FYLCFLAFL
CARSRPNTGELFF	FYLCFLAFL
CASSLGTHTQYF	FYLCFLAFL
CSARAPGSSHF	FYLCFLAFL
CASSPPQLAQGSTEAFF	FYLCFLAFL
CASSAFYRAGNTEAFF	FYLCFLAFL
CASSLEENDPSTDTQYF	FYLCFLAFL
CSARGSREGYNEQFF	FYLCFLAFL
CASPRGSGEQYF	FYLCFLAFL
CASSSGTVEQFF	FYLCFLAFL
CASSFGVGGTGDSPLHF	FYLCFLAFL
CSEADSYNEQFF	FYLCFLAFL
CASRASSYNEQFF	FYLCFLAFL
CSTDSGGAGNEQFF	FYLCFLAFL
CASSSLIRDRNEKLFF	FYLCFLAFL
CSASVTQGHTGRETQYF	FYLCFLAFL
CASSVGSSYEQYF	FYLCFLAFL
CASRGLAGGLSSYEQYF	FYLCFLAFL
CASREQGADTGELFF	FYLCFLAFL
CSASLLDNEQFF	FYLCFLAFL
CASSRRDMGGGPTDTQYF	FYLCFLAFL
CASSPGTSGAQETQYF	FYLCFLAFL
CASSLIETQYF	FYLCFLAFL
CSAEGRSNYGYTF	FYLCFLAFL
CASSRSGALTDTQYF	FYLCFLAFL
CASSLLGGWNTEAFF	FYLCFLAFL
CASTNQVHEQYF	FYLCFLAFL
CASSLLAGGSTDTQYF	FYLCFLAFL
CASSFSGDTYEQYF	FYLCFLAFL
CSADTPGQSNYNEQFF	FYLCFLAFL
CASSLAGSYEQYF	FYLCFLAFL
CASSLRGWAEQYF	FYLCFLAFL
CSATWEQGGSLEQYF	FYLCFLAFL
CASSPSGRLYNEQFF	FYLCFLAFL
CASSQGTALYQETQYF	FYLCFLAFL
CASSQGTGVDYGYTF	FYLCFLAFL
CASSEGTSSYNEQFF	FYLCFLAFL
CASSLGQGSEQYF	FYLCFLAFL
CAWRGAEGYEQYF	FYLCFLAFL
CASSFGDSNYEQYF	FYLCFLAFL
CSANPRDRDNEQFF	FYLCFLAFL
CATIGQERDGYTF	FYLCFLAFL
CSARDTESYEQYF	FYLCFLAFL
CASSEYSGNTIYF	FYLCFLAFL
CASSSKKGGPYEQYF	FYLCFLAFL
CASSQLGLPATYNEQFF	FYLCFLAFL
CSLLLASSYEQYF	FYLCFLAFL
CASSRTSPTEAFF	FYLCFLAFL
CSAEPGLAEQRGATQYF	FYLCFLAFL
CASSFTRGHTEAFF	FYLCFLAFL
CASSPGVVGETQYF	FYLCFLAFL
CASRTTNTEAFF	FYLCFLAFL
CASSHRTVANTGELFF	FYLCFLAFL
CASSVASVTDTQYF	FYLCFLAFL
CASSDPRTSGNRDEQFF	FYLCFLAFL
CASCPGGREQYF	FYLCFLAFL
CASSQAVGNGYTF	FYLCFLAFL
CSVADEGAPGNTIYF	FYLCFLAFL
CSVVPIDTPYEQYF	FYLCFLAFL
CARSGSIKQYEQFF	FYLCFLAFL
CASSIFLFIQETQYF	FYLCFLAFL
CASSYPPTLRDTLVFF	FYLCFLAFL
CASSEWGDQPQHF	FYLCFLAFL
CASSSPGPRQTNEQYF	FYLCFLAFL
CASSSPFWAGGAYNEQFF	FYLCFLAFL
CASSLYAGGGSADTQYF	FYLCFLAFL
CASSEYWSPQSTDTQYF	FYLCFLAFL
CASSFLLDPDSLSYEQYF	FYLCFLAFL
CASSGLASSGELFF	FYLCFLAFL
CASSIGLAGVSNEQFF	FYLCFLAFL
CASSQGALIYGYTF	FYLCFLAFL
CASSQDLREQFF	FYLCFLAFL
CAISDLGDTQYF	FYLCFLAFL
CASSTVSGSFYEQYF	FYLCFLAFL
CASTFDREGLAAGELFF	FYLCFLAFL
CASSGLAGGYNEQFF	FYLCFLAFL
CSVVTGGSYGYTF	FYLCFLAFL
CASSYGQSYEQYF	FYLCFLAFL
CSASVESYGYTF	FYLCFLAFL
CAWSFGNEQFF	FYLCFLAFL
CASSFPPGKGSEQYF	FYLCFLAFL
CSVAGQGIYEQYF	FYLCFLAFL
CASSELETVPNEKLFF	FYLCFLAFL
CASSSDPAGGLRAYEQYF	FYLCFLAFL
CASSLWATGNEQFF	FYLCFLAFL
CSATQGAGETQYF	FYLCFLAFL
CATSDLRSGDTQYF	FYLCFLAFL
CASSLSRGREASPLHF	FYLCFLAFL
CASSARLAGGPNEQFF	FYLCFLAFL
CSANTGTGGYEQYF	FYLCFLAFL
CASSIATGLTHNEQFF	FYLCFLAFL
CASSPIAGVNNEQFF	FYLCFLAFL
CSALGAYEQYF	FYLCFLAFL
CASSPNFAGLLNEKLFF	FYLCFLAFL
CSAARVTANTEAFF	FYLCFLAFL
CSADTTGAEQYF	FYLCFLAFL
CASSDGIGTVQETQYF	FYLCFLAFL
CGVTGGFIGSQETQYF	FYLCFLAFL
CASGLSGAGKNIQYF	FYLCFLAFL
CASTDTGLGEEETQYF	FYLCFLAFL
CASSLWGTQPQHF	FYLCFLAFL
CASSLAGQAFF	FYLCFLAFL
CAISGTSGSRNDQETQYF	FYLCFLAFL
CASSSTIGQAVYGYTF	FYLCFLAFL
CASSLGINYEQYF	FYLCFLAFL
CSASIGLAGEVGETQYF	FYLCFLAFL
CASSLLAGGDNEQFF	FYLCFLAFL
CSADDRGEGTQYF	FYLCFLAFL
CSASAEAGSYNEQFF	FYLCFLAFL
CASSHELVRVLDNEQFF	FYLCFLAFL
CASSGGGPRDQNTGELFF	FYLCFLAFL
CASSQVVGNEQFF	FYLCFLAFL
CSASRDSQETQYF	FYLCFLAFL
CSAPLTGTGSTEAFF	FYLCFLAFL
CASSSYILSRETQYF	FYLCFLAFL
CASSRFDSSGANVLTF	FYLCFLAFL
CSVGGQTYEQYF	FYLCFLAFL
CASSLGYSYNEQFF	FYLCFLAFL
CASGGSGGVANEKLFF	FYLCFLAFL
CSATKEGTAPMEQYF	FYLCFLAFL
GLGYTF	FYLCFLAFL
CSARDIEAIREQYF	FYLCFLAFL
CASSRDAGSIYNSPLHF	FYLCFLAFL
CASSLALSGSYNEQFF	FYLCFLAFL
CASSEDRYPGTDYEQYF	FYLCFLAFL
CASSYSLGQFSGNTIYF	FYLCFLAFL
CASSLVEGGYNEQFF	FYLCFLAFL
CASSHRSTGNQPQHF	FYLCFLAFL
CASSYSLSTETNTEAFF	FYLCFLAFL
CASRGFLGEIIGTYEQYF	FYLCFLAFL
CASSFTGLAYNEQFF	FYLCFLAFL
CSARGWTGTSYEQYF	FYLCFLAFL
CATSDFIRGRNEQFF	FYLCFLAFL
CASSLSPSRTGEIGFYEQYF	FYLCFLAFL
CSASISGSGETQYF	FYLCFLAFL
CASSQSGTEAFF	FYLCFLAFL
CASSLFAGGLNEQFF	FYLCFLAFL
CASSPGTGSVGETQYF	FYLCFLAFL
CASSQETSGEQFF	FYLCFLAFL
CATSDLPGELFF	FYLCFLAFL
CAILDVSSGANVLTF	FYLCFLAFL
CASSGPQGALNSPLHF	FYLCFLAFL
CSASSGDLAGEETQYF	FYLCFLAFL
CSARGIKEAYEQYF	FYLCFLAFL
CATSRGAGAETQYF	FYLCFLAFL
CSATKLLPNTEAFF	FYLCFLAFL
CASSPYYPTYNEQFF	FYLCFLAFL
CASSEGPTNSPLHF	FYLCFLAFL
CASSRFRDSGANVLTF	FYLCFLAFL
CASEPGLYRQPLHF	FYLCFLAFL
CASRSGTTGNTIYF	FYLCFLAFL
CASSPDSTNYGYTF	FYLCFLAFL
CASSPGPSGIFYEQYF	FYLCFLAFL
CASSLGQPGDTQYF	FYLCFLAFL
CASSFREDTEAFF	FYLCFLAFL
CASSSIMAEETNEQFF	FYLCFLAFL
CSASIESSYNEQFF	FYLCFLAFL
CASSFTGLDEQYF	FYLCFLAFL
CSAPGGPGEQFF	FYLCFLAFL
CASSKAGNYNEQFF	FYLCFLAFL
CSADRSNTEAFF	FYLCFLAFL
CASSGPLEGFASEYVLTF	FYLCFLAFL
CASSFYPSGRLDTQYF	FYLCFLAFL
CSARGKTSYEQYF	FYLCFLAFL
CASSLTRNTEAFF	FYLCFLAFL
CASSFARDPGSYNEQFF	FYLCFLAFL
CSAYGLAGSSYEQYF	FYLCFLAFL
CASSWSSEQFF	FYLCFLAFL
CSGAEITDTQYF	FYLCFLAFL
CASSGGDRGSGNTIYF	FYLCFLAFL
CGGGLRRNEQFF	FYLCFLAFL
CATDHPGSDATNEKLFF	FYLCFLAFL
CSAASQGAGETQYF	FYLCFLAFL
CASSLDRGLNSPLHF	FYLCFLAFL
CASSLWQGREAFF	FYLCFLAFL
CASILGLAGHTDTQYF	FYLCFLAFL
CASSPSIEGAGTDTQYF	FYLCFLAFL
CASSLDPLMGEQYF	FYLCFLAFL
CASIGTSGVYEQYF	FYLCFLAFL
CAWLAGANTGELFF	FYLCFLAFL
CASSLGVNQPQHF	FYLCFLAFL
CASRVVGLNTEAFF	FYLCFLAFL
CASSQGQGIYGYTF	FYLCFLAFL
CASSLGLAGGWEQFF	FYLCFLAFL
CASSGRDPDTQYF	FYLCFLAFL
CASSQDRQGQEKLFF	FYLCFLAFL
CSADAEPGLPIEYNEQFF	FYLCFLAFL
CSASHESSYNEQFF	FYLCFLAFL
CASSMEWDRGQPQHF	FYLCFLAFL
CASSPLAGGEVAQPQHF	FYLCFLAFL
CASSLAGGQQETQYF	FYLCFLAFL
CASSSPGGAQETQYF	FYLCFLAFL
CAITDPGTGAYEQYF	FYLCFLAFL
CASSPAPGSEAFF	FYLCFLAFL
CSARGIRDYEQYF	FYLCFLAFL
CASLDPRGQSWGEQFF	FYLCFLAFL
CATSTTAYTGAGELFF	FYLCFLAFL
CASFKQFF	FYLCFLAFL
CASSQDLGIQETQYF	FYLCFLAFL
CASSGGTNPGELFF	FYLCFLAFL
CASSLGGENTGELFF	FYLCFLAFL
CASSPTGAGDTQYF	FYLCFLAFL
CASSLVYSTEAFF	FYLCFLAFL
CSATTEQETQYF	FYLCFLAFL
CSARHRQTNYGYTF	FYLCFLAFL
CATRSPRQYF	FYLCFLAFL
CASSRPGQPRGQPQHF	FYLCFLAFL
CASTVGEYNSPLHF	FYLCFLAFL
CASSVWTGVEQYF	FYLCFLAFL
CASSLDNVGLENTEAFF	FYLCFLAFL
CASSSPRLAAQRTDTQYF	FYLCFLAFL
CASSLQLAGDEQYF	FYLCFLAFL
CATSRVSGNEQYF	FYLCFLAFL
CASSYGGTQYF	FYLCFLAFL
CASSQETSSYNEQFF	FYLCFLAFL
CASRPLGRGTDTQYF	FYLCFLAFL
CASSRTTLPGLDSGNTIYF	FYLCFLAFL
CAWSVQGGEQYF	FYLCFLAFL
CASSLAHVRSSDTQYF	FYLCFLAFL
CASSSRDSTDTQYF	FYLCFLAFL
CASSQVLSSSEKLFF	FYLCFLAFL
CASSIQSRGLGGELFF	FYLCFLAFL
CASSVLHDSGLSGNTIYF	FYLCFLAFL
CASSHPLNYEQFF	FYLCFLAFL
CASRRGSNEQFF	FYLCFLAFL
CSAGTSGSEQFF	FYLCFLAFL
CASSYTGTSGSEQYF	FYLCFLAFL
CARGRGCRSIPYEQYF	FYLCFLAFL
CASSEFPGDEQFF	FYLCFLAFL
CASSQDPSTSGGSTDTQYF	FYLCFLAFL
CASSPIREMGTEAFF	FYLCFLAFL
CASGFGLYNEQFF	FYLCFLAFL
CASSQDLSTDTQYF	FYLCFLAFL
CASSPDRDSYEQYF	FYLCFLAFL
CASSLSPGLAGTTSTDTQYF	FYLCFLAFL
CASTLLGGGADEQYF	FYLCFLAFL
CASSLYAMTSPAHYEQYF	FYLCFLAFL
CASSLYGPGSSYNEQFF	FYLCFLAFL
CANPTVNTGELFF	FYLCFLAFL
CSADPPTGTDGNTIYF	FYLCFLAFL
CASSIAGGPSNEQFF	FYLCFLAFL
CSASLIHNEQFF	FYLCFLAFL
CSARLAGSNTGELFF	FYLCFLAFL
CASSAGLWYGYTF	FYLCFLAFL
CASSLETGNYGYTF	FYLCFLAFL
CASSQDRPHKNTEAFF	FYLCFLAFL
CASSLTEDTQYF	FYLCFLAFL
CSASKQLDLGDTQYF	FYLCFLAFL
CSASIQGWGETQYF	FYLCFLAFL
CASSASGAGLGETQYF	FYLCFLAFL
CSARDPSAGQGILDSPLHF	FYLCFLAFL
CASSYGTSGYNEQFF	FYLCFLAFL
CSASILDSNSQETQYF	FYLCFLAFL
CSANRGPQPYEQYF	FYLCFLAFL
CASIGLLLSYEQYF	FYLCFLAFL
CSVAGVTGELFF	FYLCFLAFL
CASSPRLYNEQFF	FYLCFLAFL
CASSQDPYNEQFF	FYLCFLAFL
CASSAAGQVGTGANVLTF	FYLCFLAFL
CASSQTSTGELFF	FYLCFLAFL
CASRGAVSYNEQFF	FYLCFLAFL
CASIGQEGLHEQYF	FYLCFLAFL
CSATTSGLNEQFF	FYLCFLAFL
CATSDPGQRNQPQHF	FYLCFLAFL
CASSGQQAKETQYF	FYLCFLAFL
CASSPHNQPQHF	FYLCFLAFL
CASSLVSNTDTQYF	FYLCFLAFL
CASSSGGVSYEQYF	FYLCFLAFL
CASSVSSYEQYF	FYLCFLAFL
CSASKGSNEQYF	FYLCFLAFL
CASSLAGDLGQGTYSGANVLTF	FYLCFLAFL
CSVTRWDSGNTIYF	FYLCFLAFL
CASSFAGSNTGELFF	FYLCFLAFL
CSARDMEDYEQYF	FYLCFLAFL
CSALPGQGSQPQHF	FYLCFLAFL
CASSLTGDLETQYF	FYLCFLAFL
CSADTSGNAYEQYF	FYLCFLAFL
CASQTKWDGDQPQHF	FYLCFLAFL
CASSIRSDIHTDTQYF	FYLCFLAFL
CSGGTSDNEQFF	FYLCFLAFL
CASSSDRPYEQYF	FYLCFLAFL
CASSLEGGLVGTNEQFF	FYLCFLAFL
CATSVPITGIETQYF	FYLCFLAFL
CSAIQVLEDYGYTF	FYLCFLAFL
CASSLMGWGGSHQKTQYF	FYLCFLAFL
CASSLGGGYTEAFF	FYLCFLAFL
CASMGFGDTEAFF	FYLCFLAFL
CSARDRGAEAFF	FYLCFLAFL
CASTYSTSGTSYNEQFF	FYLCFLAFL
CASSNPYTRGGRAYEQYF	FYLCFLAFL
CSAWTSGETQYF	FYLCFLAFL
CATKQESERANEKLFF	FYLCFLAFL
CASDGLAAGELFF	FYLCFLAFL
CASSLNPGATEAFF	FYLCFLAFL
CASSIGGNSNQPQHF	FYLCFLAFL
CASSMVRDRAFPQPSYEQYF	FYLCFLAFL
CSATTAKETQYF	FYLCFLAFL
CASSLLAGGPNEQFF	FYLCFLAFL
CASSLTGNGYNEQFF	FYLCFLAFL
CASSLLGAGNSNQPQHF	FYLCFLAFL
CARVGTGGSTEAFF	FYLCFLAFL
CASSVPRVNEQFF	FYLCFLAFL
CASRPLQGYVDEKLFF	FYLCFLAFL
CASSLNGAYEQYF	FYLCFLAFL
CASSLPGHYGYTF	FYLCFLAFL
CASSPRTGWDEQFF	FYLCFLAFL
CSASKDTGELFF	FYLCFLAFL
CSAAFEVSYNEQFF	FYLCFLAFL
CSARARDSIHTIYF	FYLCFLAFL
CSADRQGVADTQYF	FYLCFLAFL
CSAGTEQETQYF	FYLCFLAFL
CASSSNGRVWSYNEQFF	FYLCFLAFL
CASSLVAGGPTGELFF	FYLCFLAFL
CSARDPPRGGTEAFF	FYLCFLAFL
CATSDPEPFGDATDTQYF	FYLCFLAFL
CASSLAWGGFNQPQHF	FYLCFLAFL
CASRGRETGLANYGYTF	FYLCFLAFL
CSPNGATGTEAFF	FYLCFLAFL
CASSPLAGVDTQYF	FYLCFLAFL
CSASVNTGELFF	FYLCFLAFL
CASSSDSPEQFF	FYLCFLAFL
CSASTSEGLSYNEQFF	FYLCFLAFL
CSASSEVSYNEQFF	FYLCFLAFL
CASSYARGGSSYEQYF	FYLCFLAFL
CSARRYMRAGATNEKLFF	FYLCFLAFL
CSARVSRELYGYTF	FYLCFLAFL
CASSPTAADSGNTIYF	FYLCFLAFL
CATSREGKPQHF	FYLCFLAFL
CSARDRGASYLDEQFF	FYLCFLAFL
CASSLPGRTMNTEAFF	FYLCFLAFL
CASRDTGNSPLHF	FYLCFLAFL
CASSGDRTSYEQYF	FYLCFLAFL
CSASIMTVEAFF	FYLCFLAFL
CSAPDTNIQYF	FYLCFLAFL
CASSPAGVLYEKLFF	FYLCFLAFL
CASSLSAGSNQPQHF	FYLCFLAFL
CSAREFKEGDNEQFF	FYLCFLAFL
CASSDHITGTSGRMELGELFF	FYLCFLAFL
CASSHEGGGSTDTQYF	FYLCFLAFL
CASSLAGFLDHEQYF	FYLCFLAFL
CSARGIDSRVITYEQYF	FYLCFLAFL
CSASARDRLYNEQFF	FYLCFLAFL
CSAITLEMNTEAFF	FYLCFLAFL
CASSLGQGNQPQHF	FYLCFLAFL
CASSLTDSGSYNEQFF	FYLCFLAFL
CASSPLASSTDTQYF	FYLCFLAFL
RASSTPRTPYEQYF	FYLCFLAFL
CASSPQDADQPQHF	FYLCFLAFL
CSARGLLDRADSYEQYF	FYLCFLAFL
CSANAEGSGRVSETQYF	FYLCFLAFL
CASSLPDRAETQYF	FYLCFLAFL
CATSLGVGGTGELFF	FYLCFLAFL
CASSLGTALSTDTQYF	FYLCFLAFL
CASSGPDRVDSYEQYF	FYLCFLAFL
CSADYSGSLTQYF	FYLCFLAFL
CSASDPKETQYF	FYLCFLAFL
CASSVLVNEQFF	FYLCFLAFL
CASRLRRPFTDTQYF	FYLCFLAFL
CASSVGLAGALDF	FYLCFLAFL
CASDFGTFEAFF	FYLCFLAFL
CASSYQQGAQPQHF	FYLCFLAFL
CASSAGDLNYGYTF	FYLCFLAFL
CASSFSIQDTEAFF	FYLCFLAFL
CATSAGLGVGNTGELFF	FYLCFLAFL
CASSLIPAGANVLTF	FYLCFLAFL
CASSLVMGLINYGYTF	FYLCFLAFL
CSASETGTGNTEAFF	FYLCFLAFL
CSASPRDSEETQYF	FYLCFLAFL
CASSPGLAGNNEQFF	FYLCFLAFL
CASSQDATNEKLFF	FYLCFLAFL
CASSYSTSGIADTQYF	FYLCFLAFL
CASSLYAGGLLYEQYF	FYLCFLAFL
CASSPQAGNVNTEAFF	FYLCFLAFL
CASSKSQNNSPLHF	FYLCFLAFL
CASSVGTGLGMNTEAFF	FYLCFLAFL
CSASESPEAFF	FYLCFLAFL
CSAGGEKETQYF	FYLCFLAFL
CATSRVNGKTDTQYF	FYLCFLAFL
CASVGQASGNTIYF	FYLCFLAFL
CASRGTGGGSRLFYGYTF	FYLCFLAFL
CASRDFNEKLFF	FYLCFLAFL
CASRGQGHRTGSYEQYF	FYLCFLAFL
CASNDGGGELFF	FYLCFLAFL
CSAGLESNEQFF	FYLCFLAFL
CASSPTSNSPLHF	FYLCFLAFL
CASSIVGVGANDEKLFF	FYLCFLAFL
CASSLSGTDSYEQYF	FYLCFLAFL
CASSDLRQDGYTF	FYLCFLAFL
CASSFETGYEQYF	FYLCFLAFL
CASIMGGSPSYEQYF	FYLCFLAFL
CASSHVGTGNYEQYF	FYLCFLAFL
CASSYGGSLYEQYF	FYLCFLAFL
CASSYFPSGLAGSRADTQYF	FYLCFLAFL
CASSFGAGWDTEAFF	FYLCFLAFL
CASSSLPGGGQPSSTDTQYF	FYLCFLAFL
CASAVTGNTEAFF	FYLCFLAFL
CASSLDPRTGFYEQYF	FYLCFLAFL
CSVEMIQGQVYGYTF	FYLCFLAFL
CSADYEEQTQYF	FYLCFLAFL
CASSLDSGGAAYNEQFF	FYLCFLAFL
CSVQVLDRQETQYF	FYLCFLAFL
CASSPMPGSVNTEAFF	FYLCFLAFL
CASSVGHPPYEQYF	FYLCFLAFL
CASSPSPLGGETQYF	FYLCFLAFL
CAISESRGQEETQYF	FYLCFLAFL
CATIAHTDTQYF	FYLCFLAFL
CASSWPSSRLSYGYTF	FYLCFLAFL
CSASARRGAVLYSNQPQHF	FYLCFLAFL
CATSSLSGSTDTQYF	FYLCFLAFL
CASSGTGDYYGYTF	FYLCFLAFL
CASSVFSGQTSSYNEQFF	FYLCFLAFL
CASSVPEQYF	FYLCFLAFL
CASRGLAGLYEQYF	FYLCFLAFL
CSARSRESSYEQYF	FYLCFLAFL
CSAKAWEDSGNTIYF	FYLCFLAFL
CSARGLADSYEQYF	FYLCFLAFL
CASRIPGQGGQPQHF	FYLCFLAFL
CASSKIDRGQEESETQYF	FYLCFLAFL
CASSPLAGGRNEQFF	FYLCFLAFL
CSATGQIYKFGDEQFF	FYLCFLAFL
CASALYEQYF	FYLCFLAFL
CSAAGTGNEQFF	FYLCFLAFL
CASRDNEQFF	FYLCFLAFL
CASSEAHPYEQYF	FYLCFLAFL
CASSSPASYNEQFF	FYLCFLAFL
CASSFFGDPEEAFF	FYLCFLAFL
CASSLDSNYGYTF	FYLCFLAFL
CASSEKFNERQFF	FYLCFLAFL
CASGDLDQTYEQYF	FYLCFLAFL
CASSLGQGTDTQYF	FYLCFLAFL
CASSLNPAGGPHAEQFF	FYLCFLAFL
CASSGLAGVDTEETQYF	FYLCFLAFL
CASSGYLQGYDGYTF	FYLCFLAFL
CSAVDGGNTEAFF	FYLCFLAFL
CASSQDLNVGNTIYF	FYLCFLAFL
CASSLVAGGLTYEQYF	FYLCFLAFL
CASSLGGPEAFF	FYLCFLAFL
CASSIPLKGGTDTQYF	FYLCFLAFL
CATSFPESGSSTDTQYF	FYLCFLAFL
CASSELESEQYF	FYLCFLAFL
CASSQEDRAYEQYF	FYLCFLAFL
CASSLVAGFTGELFF	FYLCFLAFL
CASSYFASSYEQYF	FYLCFLAFL
CASSPVGQGPYQPQHF	FYLCFLAFL
CASSSRLAGGGYEQYF	FYLCFLAFL
CASSLQGVETQYF	FYLCFLAFL
CASSISPNTEAFF	FYLCFLAFL
CASSPSSGGYTF	FYLCFLAFL
CSARDRGGSSYEQYF	FYLCFLAFL
CSAADNSGANVLTF	FYLCFLAFL
CASSYRASGTEAFF	FYLCFLAFL
CSARSSYEQYF	FYLCFLAFL
CASSPEPPHNEQFF	FYLCFLAFL
CASSRTGAAYEQYF	FYLCFLAFL
CSVEDPAAGVVPNEQFF	FYLCFLAFL
CASSQETSLIPRETQYF	FYLCFLAFL
CASSPNYNEQFF	FYLCFLAFL
CASSHQASFNYGYTF	FYLCFLAFL
CASSYGTPNYGYTF	FYLCFLAFL
CASSPPAGAANTGELFF	FYLCFLAFL
CASSLSSGGYEQYF	FYLCFLAFL
CASSLTGMRSDTQYF	FYLCFLAFL
CASSLGTSSSYEQYF	FYLCFLAFL
CASSQDRGHEKLFF	FYLCFLAFL
CASSFKGTYGYTF	FYLCFLAFL
CATSLFRTGGNEQYF	FYLCFLAFL
CASSYSLGGSTDTQYF	FYLCFLAFL
CSVVSGLSGNTIYF	FYLCFLAFL
CASSQEGTLLLDTQYF	FYLCFLAFL
CSARALAAGLVGEQFF	FYLCFLAFL
CARRMDGSYNSPLHF	FYLCFLAFL
CASSLPPGLAGNYNEQFF	FYLCFLAFL
CASSFEINEQFF	FYLCFLAFL
CASSLGGPATGELFF	FYLCFLAFL
CASSSHSGGVHNEQFF	FYLCFLAFL
CASSKGLAQIQWGLNEQFF	FYLCFLAFL
CSVGTPFAEAFF	FYLCFLAFL
CSADGYSGRADTQYF	FYLCFLAFL
CATGQNSQETQYF	FYLCFLAFL
CASSPDGEADTQYF	FYLCFLAFL
CASSPNPRREDYSNQPQHF	FYLCFLAFL
CASSSDRQGNTEAFF	FYLCFLAFL
CASSPASNQPQHF	FYLCFLAFL
CSANIRDRVSNEQFF	FYLCFLAFL
CASSQTPLGGEQYF	FYLCFLAFL
CASSASVEQYF	FYLCFLAFL
CSARDPERGLYEQYF	FYLCFLAFL
CASSLSSTGAGYTF	FYLCFLAFL
CASSSPGQGVNEQFF	FYLCFLAFL
CASSIFLAETQYF	FYLCFLAFL
CASTKGLAGFYEQFF	FYLCFLAFL
CASSHQAEQYF	FYLCFLAFL
CSASHSSNEQFF	FYLCFLAFL
CATKDRGGTEAFF	FYLCFLAFL
CSAHTGTSGETQYF	FYLCFLAFL
CASTLLTYEQYF	FYLCFLAFL
CSAWLAGANVLTF	FYLCFLAFL
CSAREAVSSYEQYF	FYLCFLAFL
CSASDSYNEQFF	FYLCFLAFL
CASRGPYSETQYF	FYLCFLAFL
CASSFEMTQYF	FYLCFLAFL
CASSRGGPLDREQFF	FYLCFLAFL
CASSLAGGDAGLKNIQYF	FYLCFLAFL
CASRGVYYSYNEQFF	FYLCFLAFL
CASSELAGASNTGELFF	FYLCFLAFL
CASRGRGTSGAKAHYEQYF	FYLCFLAFL
CATRQVADTQYF	FYLCFLAFL
CASSLVDSSYEQYF	FYLCFLAFL
CASSPGGVSGNTIYF	FYLCFLAFL
CASSIDSSYEQYF	FYLCFLAFL
CGTSRFTDTQYF	FYLCFLAFL
CASSSPGGGGNTEAFF	FYLCFLAFL
CASSVEEADSSTDTQYF	FYLCFLAFL
CSAADGGSTGELFF	FYLCFLAFL
CASSQDPGLSYEQYF	FYLCFLAFL
CASSSKSQGVIVNTEAFF	FYLCFLAFL
RASSFWRPYEQYF	FYLCFLAFL
CASRNGGLEDTQYF	FYLCFLAFL
CASSPRPLWRTTDTQYF	FYLCFLAFL
CSASGLAGVGETQYF	FYLCFLAFL
CSASSGGRSTDTQYF	FYLCFLAFL
CSASLSLGRWETQYF	FYLCFLAFL
CASRGLAGGHYEQYF	FYLCFLAFL
CASSQDGTDHNQPQHF	FYLCFLAFL
CASSSDSGTQYF	FYLCFLAFL
CASSSPGQHYEQYF	FYLCFLAFL
CASSSDTGVLGTDTQYF	FYLCFLAFL
CASSNPGGGQETQYF	FYLCFLAFL
CASSLAGGPGYEQYF	FYLCFLAFL
CASSFGTSGIEQYF	FYLCFLAFL
CSARNAWSTDTQYF	FYLCFLAFL
CASTADLAGVSTDTQYF	FYLCFLAFL
CASTPPPGTTSYNEQFF	FYLCFLAFL
CASTTTGELFF	FYLCFLAFL
CASSTLGGGGSPLHF	FYLCFLAFL
CSAPAAGTPKNMNTEAFF	FYLCFLAFL
CASSSGQGAGELFF	FYLCFLAFL
CASSEYSNRANTEAFF	FYLCFLAFL
CASSLLAGGENEQFF	FYLCFLAFL
CASLSGNTGELFF	FYLCFLAFL
CASSGASNEQFF	FYLCFLAFL
CASRGVGGRDFVEQFF	FYLCFLAFL
CSARGLADSYEQYF	FYLCFLAFL
CASSLPGGFYNEQFF	FYLCFLAFL
CASSLKSGELFF	FYLCFLAFL
CASSPHGQGLYEQYF	FYLCFLAFL
CASSLAPGTEAFF	FYLCFLAFL
CASSLTGGELFF	FYLCFLAFL
CSASLVGLAGGQETQYF	FYLCFLAFL
CSADGTGRNEAFF	FYLCFLAFL
CASSESMGETQYF	FYLCFLAFL
CASSLTGRHNEQFF	FYLCFLAFL
CASSPYTGTNEKLFF	FYLCFLAFL
CATSSIAGETDTQYF	FYLCFLAFL
CASSLAGWGQGTDTQYF	FYLCFLAFL
CSANRAVFEETQYF	FYLCFLAFL
CSASSLNYEQYF	FYLCFLAFL
CASSPGHFSEQYF	FYLCFLAFL
CASSYAPGTSAYNEQFF	FYLCFLAFL
CASSQGNHPVPYEQYF	FYLCFLAFL
CSADSSGTVQETQYF	FYLCFLAFL
CASSSEWSGNTIYF	FYLCFLAFL
CASSGLAGGPNEQFF	FYLCFLAFL
CASSFGNTEAFF	FYLCFLAFL
CSAGLGEETQYF	FYLCFLAFL
CSARDLKGTEAFF	FYLCFLAFL
CASSGTPNTGELFF	FYLCFLAFL
CASSLVGGSGSYEQYF	FYLCFLAFL
CASSPQNSAYEQYF	FYLCFLAFL
CANGQYNEQFF	FYLCFLAFL
CASSLWASGEQYF	FYLCFLAFL
CASSFSGLQNTEAFF	FYLCFLAFL
CASSWLAGHPKLTDTQYF	FYLCFLAFL
CASSRPGTSVYEQYF	FYLCFLAFL
CATSDSGLAGISDTQYF	FYLCFLAFL
CASSVFTGTASPSNQPQHF	FYLCFLAFL
CASSSFGNLWDIQYF	FYLCFLAFL
CSATGTTNEQFF	FYLCFLAFL
CSASGPEETQYF	FYLCFLAFL
CASSIWAGSSVRNTEAFF	FYLCFLAFL
CASSITGGTTKNIQYF	FYLCFLAFL
CSADRELAGTNEQYF	FYLCFLAFL
CSAREPLVQPSTDTQYF	FYLCFLAFL
CASSYPSWGAGGGQETQYF	FYLCFLAFL
CASSWVAGGLSYEQYF	FYLCFLAFL
CSVGVGANTGELFF	FYLCFLAFL
CASSVHEQFF	FYLCFLAFL
CATSTRDIHTEAFF	FYLCFLAFL
CASSQPGAGVGYTF	FYLCFLAFL
CASSYAGNTEAFF	FYLCFLAFL
CASSLETQGGLSNQPQHF	FYLCFLAFL
CASSSPGQAVWQPQHF	FYLCFLAFL
CASSLAGQPTTEAFF	FYLCFLAFL
CASSPKSGARDSPLHF	FYLCFLAFL
CSARDPRGTEAFF	FYLCFLAFL
CASSLGSNTGELFF	FYLCFLAFL
CSANNEQFF	FYLCFLAFL
CASSTIPGDLNTEAFF	FYLCFLAFL
CASIETGEVYEQYF	FYLCFLAFL
CATSGPGLSRTDTQYF	FYLCFLAFL
CASSFTGASYNEQFF	FYLCFLAFL
CSVDGSGLVAEAFF	FYLCFLAFL
CASSLGPTYEQYF	FYLCFLAFL
CASSFGLAGDALHTDTQYF	FYLCFLAFL
CSASLVNDEQYF	FYLCFLAFL
CASSFASPGEKLFF	FYLCFLAFL
CASRMSRDQPEETQYF	FYLCFLAFL
CASSWGQGGLDEQFF	FYLCFLAFL
CASSLTGTDTGELFF	FYLCFLAFL
CSASGTGDNEQFF	FYLCFLAFL
CASSQLSGIGYEQYF	FYLCFLAFL
CASSEGKGNEKLFF	FYLCFLAFL
CASRGRGGGVYEQYF	FYLCFLAFL
CASSQDIDQPQHF	FYLCFLAFL
CASSPPVAYNEQFF	FYLCFLAFL
CASSLEAGVRWEQYF	FYLCFLAFL
CASSQGGNEQFF	FYLCFLAFL
CSARGLAGSSYEQYF	FYLCFLAFL
CASSPRGQGVADEKLFF	FYLCFLAFL
CASSLALGTEAFF	FYLCFLAFL
CSATSEGLAPPDTQYF	FYLCFLAFL
CSASRRDRVENEQFF	FYLCFLAFL
CASSLIPVTSGSRDTQYF	FYLCFLAFL
CASSFSGQGPQDTQYF	FYLCFLAFL
CASSYFGTGYEQYF	FYLCFLAFL
CASSLWAGGLKGAEAFF	FYLCFLAFL
CASSFGNEQYF	FYLCFLAFL
CASSLGDATNYGYTF	FYLCFLAFL
CASSLGMEPRGIYEQYF	FYLCFLAFL
CASSQRQGGAVTGELFF	FYLCFLAFL
CASGGDWGSYNEQFF	FYLCFLAFL
CASSPGWSSYEQYF	FYLCFLAFL
CASSSRTSGGGTKQFF	FYLCFLAFL
CASSQDIFTRRSYEQYF	FYLCFLAFL
CASSPGRGEDPYEQYF	FYLCFLAFL
CATSRDRTGASDEQYF	FYLCFLAFL
CSASSQGAGETQYF	FYLCFLAFL
CASSFGTDTQYF	FYLCFLAFL
CSASRAGDLRETQYF	FYLCFLAFL
CASSEYRVYEQYF	FYLCFLAFL
CSASGIYNEQFF	FYLCFLAFL
CASSRTSGSSYEQYF	FYLCFLAFL
CASSPRGAGAADETQYF	FYLCFLAFL
CASSQVGEVRNEQFF	FYLCFLAFL
CASSQLAGGNNEQFF	FYLCFLAFL
CASHGLLAGEVGLSYEQYF	FYLCFLAFL
CASRGRTGTSYEQYF	FYLCFLAFL
CASSQSAGGLNTGELFF	FYLCFLAFL
CSASLEEGLQETQYF	FYLCFLAFL
CASSLGGEQYF	FYLCFLAFL
CACRTVKGYEQYF	FYLCFLAFL
CSANSESWQTQYF	FYLCFLAFL
CASSFPLAGETYEQYF	FYLCFLAFL
CSASLSGSSTDTQYF	FYLCFLAFL
CASNPGGRQQYF	FYLCFLAFL
CSVERETSYNEQFF	FYLCFLAFL
CSASRPDPTDTQYF	FYLCFLAFL
CASSEGLSYEQYF	FYLCFLAFL
CSVELDRDEQYF	FYLCFLAFL
CASSSGDTQYF	FYLCFLAFL
CSARGRGPEQYF	FYLCFLAFL
CASSRMNSYEQYF	FYLCFLAFL
CASSLGSRGPNTGELFF	FYLCFLAFL
CASSEASGGLREKLFF	FYLCFLAFL
CSVQGSPMEAFF	FYLCFLAFL
CASSPQTGEKLFF	FYLCFLAFL
CSARIAGGTRGSDTQYF	FYLCFLAFL
CSASAGDSGRETQYF	FYLCFLAFL
CASSPPSLRAYNEQFF	FYLCFLAFL
CSASPDGETQYF	FYLCFLAFL
CSARASTDTQYF	FYLCFLAFL
CASSYRPLSSYNEQFF	FYLCFLAFL
CATSTLRLAGGLTGELFF	FYLCFLAFL
CASSRGQGYEQFF	FYLCFLAFL
CASSLELAGGSLYNEQFF	FYLCFLAFL
CSASSFGLAGGRVETQYF	FYLCFLAFL
CSVISGTGRYEQYF	FYLCFLAFL
CASSLQGDKTQYF	FYLCFLAFL
CASSLGQGLGTEAFF	FYLCFLAFL
CASSDPGQVYEQYF	FYLCFLAFL
CASTAGAPPYNEQFF	FYLCFLAFL
CASSLAQSAQQYF	FYLCFLAFL
CASSAAGDEQFF	FYLCFLAFL
CSASLFVPSLSYNEQFF	FYLCFLAFL
CASSAPGLGGTATYF	FYLCFLAFL
CSASQGGGAFF	FYLCFLAFL
CASGWGFYEQYF	FYLCFLAFL
CASSLGGGPNNEQFF	FYLCFLAFL
CASSLGATNTEAFF	FYLCFLAFL
CASSFWGAPSTDTQYF	FYLCFLAFL
CASSLAGGIYNEQFF	FYLCFLAFL
CAIGGSNTGELFF	FYLCFLAFL
CASSQEPGSSYEQYF	FYLCFLAFL
CSAQEEQGNTQYF	FYLCFLAFL
CASSRGGNEQFF	FYLCFLAFL
CASSQDFGGYEQYF	FYLCFLAFL
CASRGDRGELYGYTF	FYLCFLAFL
CATAPGSGGPYEQYF	FYLCFLAFL
CAITARQGGSYEQYF	FYLCFLAFL
CASSRGVFTDTQYF	FYLCFLAFL
CASSLGAGGAAKNIQYF	FYLCFLAFL
CASSYSNSPLHF	FYLCFLAFL
CASSLRDIQPQHF	FYLCFLAFL
CASSLLSDSNQPQHF	FYLCFLAFL
CASSLSGETQYF	FYLCFLAFL
CASSYFQNTEAFF	FYLCFLAFL
CASSQGPGTDNEQFF	FYLCFLAFL
CASSLRDSNQPQHF	FYLCFLAFL
CASSLVRPGNTGELFF	FYLCFLAFL
CATSRVDRGGTEAFF	FYLCFLAFL
CASRTNLGYTF	FYLCFLAFL
CASSLDWDTRGQNEQFF	FYLCFLAFL
CSADGTSGRSDTQYF	FYLCFLAFL
CSASGQAIQETQYF	FYLCFLAFL
CSARDPTGDGTEAFF	FYLCFLAFL
CASTPLSPAGGGGNEQFF	FYLCFLAFL
CATSNRDSQRGPYEQYF	FYLCFLAFL
CSARGTEDYGYTF	FYLCFLAFL
CASSYTDTQYF	FYLCFLAFL
CSASGRAHEQFF	FYLCFLAFL
CASSSDLHLYNEQFF	FYLCFLAFL
CASSQNMGGLGNEQFF	FYLCFLAFL
CSVEDPYSSGYGYTF	FYLCFLAFL
CASSLDSGIQETQYF	FYLCFLAFL
CASSQSVPTNEKLFF	FYLCFLAFL
CSAQVEGEWNEQFF	FYLCFLAFL
CASSIVGVGANDEKLFF	FYLCFLAFL
CASSLTMGTGDNEQFF	FYLCFLAFL
CSVEVFSYEQYF	FYLCFLAFL
CASSQDAGWTEAFF	FYLCFLAFL
CASRPFSGGTGELFF	FYLCFLAFL
CAISGPDARMDTEAFF	FYLCFLAFL
CSAKTNPNEQFF	FYLCFLAFL
CASSSPPQGRTEAFF	FYLCFLAFL
CSADRGVSSYEQYF	FYLCFLAFL
CASSEAAGLAGVNEQFF	FYLCFLAFL
CASSEMSPLHF	FYLCFLAFL
CSALTSGRMNEQFF	FYLCFLAFL
CASRGLAGGTYEQYF	FYLCFLAFL
CSADLAGVGTQYF	FYLCFLAFL
CASSLAWYNEQFF	FYLCFLAFL
CASSLRGTQYF	FYLCFLAFL
CAPRGNYGYTF	FYLCFLAFL
CSARDLAAGDNEQFF	FYLCFLAFL
CATSLDKRAYEQYF	FYLCFLAFL
CASSLEGGLSYEQYF	FYLCFLAFL
CASRGLGSPLHF	FYLCFLAFL
CSADRRDSVYNEQFF	FYLCFLAFL
CASSLGQGNTEAFF	FYLCFLAFL
CASSLSVGTEAFF	FYLCFLAFL
CSADGTGSYEQYF	FYLCFLAFL
CASSAAGGNSPLHF	FYLCFLAFL
CSASPVGTGGTEAFF	FYLCFLAFL
CASSTWERGDTDTQYF	FYLCFLAFL
CASSASGRVDEQFF	FYLCFLAFL
CSVESQVQYF	FYLCFLAFL
CASSPVNTGELFF	FYLCFLAFL
CASTRSVYEQYF	FYLCFLAFL
CSVEDLLQGNYGYTF	FYLCFLAFL
CASSLRADTQYF	FYLCFLAFL
CSARALVDSYEQYF	FYLCFLAFL
CASSLGADMNTEAFF	FYLCFLAFL
CASTQGSTDTQYF	FYLCFLAFL
CASSDEGVGTNNEQFF	FYLCFLAFL
CSASSPPTENNRETQYF	FYLCFLAFL
CASNRGEGTDTQYF	FYLCFLAFL
CSASGELGGRAYEQYF	FYLCFLAFL
CASSLGAGQGAENTEAFF	FYLCFLAFL
CATSSAGGSKGETQYF	FYLCFLAFL
CASSWTGGVLNEQFF	FYLCFLAFL
CASNRGGGVNTGELFF	FYLCFLAFL
CASSFSGELFF	FYLCFLAFL
CASGLPPPSGETYEQYF	FYLCFLAFL
CASSYGTSGGQETQYF	FYLCFLAFL
CASGGDRPVSTGELFF	FYLCFLAFL
CSADGLAGYQETQYF	FYLCFLAFL
CSAIGTAIFQGNTEAFF	FYLCFLAFL
CASSLSEGANVLTF	FYLCFLAFL
CASSWNEQFF	FYLCFLAFL
CSVESWVAEGSYGYTF	FYLCFLAFL
CASRSLGTEAFF	FYLCFLAFL
CASSAIAGAMDTEAFF	FYLCFLAFL
CASSLVSGRLNHNEQFF	FYLCFLAFL
CASSFLAGGPSNEQFF	FYLCFLAFL
CASSYSYSFSSERDTQYF	FYLCFLAFL
CASSAQGHLWGYTF	FYLCFLAFL
CAISETPDEQYF	FYLCFLAFL
CATLAGAIGELFF	FYLCFLAFL
CASSLVLASSTGELFF	FYLCFLAFL
CASRTRGQRIMNTEAFF	FYLCFLAFL
CASSRTTGGLTYNEQFF	FYLCFLAFL
CSQTSGRAGEFF	FYLCFLAFL
CASSPTSGGEDNEQFF	FYLCFLAFL
CASSQEDRVGYGYTF	FYLCFLAFL
CSAGDRGHEQFF	FYLCFLAFL
CSAGSGTRRNEQFF	FYLCFLAFL
CATSTQTSGDTDTQYF	FYLCFLAFL
CSARASYEQYF	FYLCFLAFL
CSAASSGYEQYF	FYLCFLAFL
CASSQESRVDEQYF	FYLCFLAFL
CASSLEGARSNQPQHF	FYLCFLAFL
CASSPPGLAGASSDEQFF	FYLCFLAFL
CSARDLGSSYEQYF	FYLCFLAFL
CASSQDLGVGQPQHF	FYLCFLAFL
CASSLSGRHTEAFF	FYLCFLAFL
CASQASSPYEQYF	FYLCFLAFL
CASSQLAGGHNEQFF	FYLCFLAFL
CASSYSRPRTSAWELFF	FYLCFLAFL
CASSDPDSLQFF	FYLCFLAFL
CSARDLLDYGYTF	FYLCFLAFL
CSSDRTGGHEQYF	FYLCFLAFL
CASSLGVGGGSPLHF	FYLCFLAFL
CSASKLDSNNEQFF	FYLCFLAFL
CSANLAGSTPGEQFF	FYLCFLAFL
CASSEYGGSYEQYF	FYLCFLAFL
CAGEKRELGEQFF	FYLCFLAFL
CASSFAGGTYEQYF	FYLCFLAFL
CSASLGVQETQYF	FYLCFLAFL
CASSPPGRGLEETQYF	FYLCFLAFL
CASSGTYGTDTQYF	FYLCFLAFL
CASSYSPTSGTYEQYF	FYLCFLAFL
CSASWLAGDSYNEQFF	FYLCFLAFL
CSAGSGGTDTQYF	FYLCFLAFL
CASIQGAITEAFF	FYLCFLAFL
CSETTSGSANEQFF	FYLCFLAFL
CASSFLWGTEAFF	FYLCFLAFL
CASRRPGTINAYEQYF	FYLCFLAFL
CASSYSRGGQETQYF	FYLCFLAFL
CASSLGGQEAFF	FYLCFLAFL
CASSYSVAGRAVEQFF	FYLCFLAFL
CSAHKREGRDEQYF	FYLCFLAFL
CASLGISSGNTIYF	FYLCFLAFL
CATSSDRIFTGELFF	FYLCFLAFL
CSARDAESYEQYF	FYLCFLAFL
CASSLSNGEQFF	FYLCFLAFL
CASEVEQFF	FYLCFLAFL
CSADTSQGEQYF	FYLCFLAFL
CSARWQGHEQYF	FYLCFLAFL
CSDNPGQEKAFF	FYLCFLAFL
CASRMGLAICEQFF	FYLCFLAFL
CASSRLADSYNEQFF	FYLCFLAFL
CSAWQSTDTQYF	FYLCFLAFL
CASSQATVRTTDTQYF	FYLCFLAFL
CASSAPIGTSGANTGELFF	FYLCFLAFL
CSATAGVNEQYF	FYLCFLAFL
CATTNPGQGSEQYF	FYLCFLAFL
CASSRDRGYEQYF	FYLCFLAFL
CSARGDRLAGVDEQYF	FYLCFLAFL
CSARAGTSSYEQYF	FYLCFLAFL
CASSQDWRGSYEQYF	FYLCFLAFL
CASSPQVNTEAFF	FYLCFLAFL
CSASVRDRVTQPQHF	FYLCFLAFL
CASSPPDLAKNIQYF	FYLCFLAFL
CASSESDTQYF	FYLCFLAFL
NEQFF	FYLCFLAFL
CASSYSNGQQETQYF	FYLCFLAFL
CSVATETQYF	FYLCFLAFL
CASSLTGWEQYF	FYLCFLAFL
CASSPGFVEQYF	FYLCFLAFL
CSALGTSGGTDTQYF	FYLCFLAFL
CASSVGLAWTSGSNEQFF	FYLCFLAFL
CASSQGLAASSYNEQFF	FYLCFLAFL
CASSFIVDEQYF	FYLCFLAFL
CSATQSTDTQYF	FYLCFLAFL
CASSISGDPYGKNIQYF	FYLCFLAFL
CASRGLSGKTYEQYF	FYLCFLAFL
CASSPSSSAHEQFF	FYLCFLAFL
CSADSGAVNEQFF	FYLCFLAFL
CSARDLAAAFSNQPQHF	FYLCFLAFL
CASTQTQGSNYGYTF	FYLCFLAFL
CASSALAGASNEQFF	FYLCFLAFL
CASSYSGSEQFF	FYLCFLAFL
CASSYSGGRIPYEQYF	FYLCFLAFL
CASSFERANYGYTF	FYLCFLAFL
CASRGLAGGESSYEQYF	FYLCFLAFL
CSVVLQHGYTF	FYLCFLAFL
CASLQGAKFF	FYLCFLAFL
CSALRASGSVNTEAFF	FYLCFLAFL
CSAASSGIEQFF	FYLCFLAFL
CASSSGSSSEAFF	FYLCFLAFL
CASRLTRGEQFF	FYLCFLAFL
CASSLMPGGQNEQFF	FYLCFLAFL
CSATGTDNEQFF	FYLCFLAFL
CATSRDEGAHTDTQYF	FYLCFLAFL
CASPPNSSYNEQFF	FYLCFLAFL
CSARGYLDSYEQYF	FYLCFLAFL
CSADRSLQDNEQFF	FYLCFLAFL
CASSSISGRAPNEQFF	FYLCFLAFL
CSADGPGSGTQYF	FYLCFLAFL
CASRGLAGGAGYEQYF	FYLCFLAFL
CSVIGHASYGYTF	FYLCFLAFL
CASSLDANLAYGYTF	FYLCFLAFL
CSVAPSGTPSGYTF	FYLCFLAFL
CASSIHYPGGPNEQYF	FYLCFLAFL
CSADRGQGEGIQYF	FYLCFLAFL
CASSYGQGAYEQYF	FYLCFLAFL
CASSPIEAAGDEQFF	FYLCFLAFL
CASSLLAGGDNEQYF	FYLCFLAFL
CATSTLGTNTDTQYF	FYLCFLAFL
CASSLLAGALNEQFF	FYLCFLAFL
CASTTGHQPQHF	FYLCFLAFL
CASRGDYGYTF	FYLCFLAFL
CASSLRGAHNSPLHF	FYLCFLAFL
CASSQEAGTGGTDTQYF	FYLCFLAFL
CSVIAAAYEQYF	FYLCFLAFL
CSADRADSVNTGELFF	FYLCFLAFL
CASSQDQGTSGTDTQYF	FYLCFLAFL
CASRGLGQGSSYEQYF	FYLCFLAFL
CSATDRQSNEQFF	FYLCFLAFL
CSADDASSGRRNTQYF	FYLCFLAFL
CASGFLVGSGQNLGEQYF	FYLCFLAFL
CSARGQSYEQYF	FYLCFLAFL
CSARDGTSGDNEQFF	FYLCFLAFL
CATSDRRWLSGNTIYF	FYLCFLAFL
CASSVGQGNQPQHF	FYLCFLAFL
CASRGVRGYTF	FYLCFLAFL
CASSQTWDSGRPPYNEQFF	FYLCFLAFL
CASSIDPQGGNTIYF	FYLCFLAFL
CASSLTEYNEQFF	FYLCFLAFL
CSATRALDSGGATETQYF	FYLCFLAFL
CASSQLAGGPNEQFF	FYLCFLAFL
CSASTTSDEQFF	FYLCFLAFL
CASSLGQNSPLHF	FYLCFLAFL
CASSQGGSSPLHF	FYLCFLAFL
CASLMTGLYNSPLHF	FYLCFLAFL
CASSRLAGGENIQYF	FYLCFLAFL
CASSQLTGGDEAFF	FYLCFLAFL
CSATRDTQETQYF	FYLCFLAFL
CSATGRDNEQFF	FYLCFLAFL
CASSQEGGELFF	FYLCFLAFL
CASRGQGPYEQYF	FYLCFLAFL
CASSILAGGRYEQYF	FYLCFLAFL
CASSQVEGADYGYTF	FYLCFLAFL
CASSLVGQGTYEQYF	FYLCFLAFL
CSVERDVGTEAFF	FYLCFLAFL
CSASVESSYNEQFF	FYLCFLAFL
CSASSSGDQLETQYF	FYLCFLAFL
CSARTAGAAQETQYF	FYLCFLAFL
CSSDREGSYNEQFF	FYLCFLAFL
CASRGAKNPKQGLSNQPQHF	FYLCFLAFL
CASSGSGTVYF	FYLCFLAFL
CASIPRGSLTGELFF	FYLCFLAFL
CASYTNVGNTEAFF	FYLCFLAFL
CASSHRPGQGAPEAFF	FYLCFLAFL
CASSSIQGAISDTQYF	FYLCFLAFL
CASDKGYTGELFF	FYLCFLAFL
CSASASSETQYF	FYLCFLAFL
CSASQGQETQYF	FYLCFLAFL
CASSETNEQYF	FYLCFLAFL
CSARDSTGQRSNQPQHF	FYLCFLAFL
CASSFTGLHTYNEQFF	FYLCFLAFL
CSARGSGGEYNEQFF	FYLCFLAFL
CASSLVGSTDTQYF	FYLCFLAFL
CSADGQEAGQPQHF	FYLCFLAFL
CASSPSGGPQEQYF	FYLCFLAFL
CASSLEPGQGAQETQYF	FYLCFLAFL
CASSFQAGNEQFF	FYLCFLAFL
CASSLGDSTYEQYF	FYLCFLAFL
CASSEVSSRGNEQFF	FYLCFLAFL
CATSDSVSGAHMETQYF	FYLCFLAFL
CSARGLREGGTVYEQYF	FYLCFLAFL
CSATELGAEQYF	FYLCFLAFL
CASSARLAGAGDTQYF	FYLCFLAFL
CASSDGGQVQETQYF	FYLCFLAFL
CASSQAVAGGVLNTEAFF	FYLCFLAFL
CSASRGGNQPQHF	FYLCFLAFL
CAIKGLYYNEQFF	FYLCFLAFL
CSARIRDSIYEQYF	FYLCFLAFL
CASSQDPQGSYNEQFF	FYLCFLAFL
CASSLVAAGNTIYF	FYLCFLAFL
CASRGITSGKVYEQYF	FYLCFLAFL
CSARGLETSYEQYF	FYLCFLAFL
CSARSPEPITYNEQFF	FYLCFLAFL
CASSWYMNTEAFF	FYLCFLAFL
CASSPGLIWDQETQYF	FYLCFLAFL
CASSIWDIGNEQFF	FYLCFLAFL
CSASTGTANYEQYF	FYLCFLAFL
CASSETYSYEQYF	FYLCFLAFL
CASSVGQGYNSPLHF	FYLCFLAFL
CASSYEAGVTDTQYF	FYLCFLAFL
CASSPDRGNQPQHF	FYLCFLAFL
CASSIAPASTEAFF	FYLCFLAFL
CASSYGGSGELFF	FYLCFLAFL
CASSRYGYNEQFF	FYLCFLAFL
CSAPQGEQYF	FYLCFLAFL
CATRGPVGYTF	FYLCFLAFL
CSARVAVDGDNEQFF	FYLCFLAFL
CSADREGPPSTNEQFF	FYLCFLAFL
CAIAGGTEAFF	FYLCFLAFL
CASRGPRDRDYNEQFF	FYLCFLAFL
CASSVYLGTDTQYF	FYLCFLAFL
CSVEDRGSGEQYF	FYLCFLAFL
CASSPGTSGEDTQYF	FYLCFLAFL
CAWRSLRDSYEQYF	FYLCFLAFL
CASSFTENTEAFF	FYLCFLAFL
CASSLSSGLAGVNEQFF	FYLCFLAFL
CASSQGETTTTDTQYF	FYLCFLAFL
CASSLQYSNQPQHF	FYLCFLAFL
CASSLSGGAYEQYF	FYLCFLAFL
CASSLYSGSLYEQYF	FYLCFLAFL
CSTDTHTGVEQYF	FYLCFLAFL
CASISWGGTTSTDTQYF	FYLCFLAFL
CASSQASGVPSHNEQFF	FYLCFLAFL
CASSYSGGEDEQYF	FYLCFLAFL
CASSSQGLFEAFF	FYLCFLAFL
CASTRSGEGSSTDTQYF	FYLCFLAFL
CASSSTFTDTQYF	FYLCFLAFL
CASSPYLYYEQYF	FYLCFLAFL
CASSLGQRIYF	FYLCFLAFL
CSAPVGIQGARGTEAFF	FYLCFLAFL
CSATVRDSQETQYF	FYLCFLAFL
CASSLLYGGGANEETQYF	FYLCFLAFL
CSAQGTGNTGELFF	FYLCFLAFL
CSAFEGSGRTYNEQFF	FYLCFLAFL
CASSHIVGPSYGYTF	FYLCFLAFL
CASSDDRAVRSPLHF	FYLCFLAFL
CSARGLADSYEQYF	FYLCFLAFL
CASRGLAGASYEQYF	FYLCFLAFL
CASSAITSRATGELFF	FYLCFLAFL
CASSIEEGLAGANEQFF	FYLCFLAFL
CASTGQLVAGEYRIEQFF	FYLCFLAFL
CASSLAGAEQYV	FYLCFLAFL
CASSLLTLNEQFF	FYLCFLAFL
CASSSPGQGGTEAFF	FYLCFLAFL
CSASGTDPQETQYF	FYLCFLAFL
CASSQVQGLAGVDTQYF	FYLCFLAFL
CASSVGGNLANYGYTF	FYLCFLAFL
CSARDGAATSYEQYF	FYLCFLAFL
CASRGSTGELFF	FYLCFLAFL
CASALAGGGYEQYF	FYLCFLAFL
CASRGWMGGSVEQFF	FYLCFLAFL
CSARDTAGGNSGANVLTF	FYLCFLAFL
CASSLPGQGSRVGNSPLHF	FYLCFLAFL
CASGVYEQYF	FYLCFLAFL
CSASTEGLAVSNEQFF	FYLCFLAFL
CASSPPRTGYSYEQYF	FYLCFLAFL
CASSGETDTQYF	FYLCFLAFL
CASSLEGFSGAYNEQFF	FYLCFLAFL
CASSLVGPDGVGTQYF	FYLCFLAFL
CRPLGVVYGYTF	FYLCFLAFL
CSAEPEPGPPGGETQYF	FYLCFLAFL
CASSLTPPGLATEQFF	FYLCFLAFL
CSADGTGTYEQYF	FYLCFLAFL
CASSRAGLAGLISYNEQFF	FYLCFLAFL
CSASGETDTQYF	FYLCFLAFL
CASSFQGNQPQHF	FYLCFLAFL
CASSLFGTSGIYEQYF	FYLCFLAFL
CASSQFGGVVDTQYF	FYLCFLAFL
CASNPGQQISTDTQYF	FYLCFLAFL
CASSYTGDQETQYF	FYLCFLAFL
CSAHGVQETQYF	FYLCFLAFL
CASSLDDPNTEAFF	FYLCFLAFL
CSAPQEVRANYGEQYF	FYLCFLAFL
CASSLRQDLNEKLFF	FYLCFLAFL
CASSLIQATYNEQFF	FYLCFLAFL
CASSPDSSSGNTIYF	FYLCFLAFL
CSARDPASASYNEQFF	FYLCFLAFL
CASSPRKPYEQYF	FYLCFLAFL
CSASAHQETQYF	FYLCFLAFL
CASSESDTQYF	FYLCFLAFL
CATVITRARSNQPQHF	FYLCFLAFL
CASRQEHEGGPWELFF	FYLCFLAFL
CASSLIPNTEAFF	FYLCFLAFL
CSVEGLLAGSTDTQYF	FYLCFLAFL
CASSLLAGGYNEQFF	FYLCFLAFL
CASSQQGVAFYEQYF	FYLCFLAFL
CASSAGDTGDTQYF	FYLCFLAFL
CASRQQGYSNQPQHF	FYLCFLAFL
CASSQEFTGDAEAFF	FYLCFLAFL
CASRLPGGGGTGELFF	FYLCFLAFL
CASSFQPSSYGYTF	FYLCFLAFL
CASSYLLAGGYEQYF	FYLCFLAFL
CASSLLFTIGQGYTF	FYLCFLAFL
CASSLTVGANQPQHF	FYLCFLAFL
CASSTQMGTYSNQPQHF	FYLCFLAFL
CSASTSFNEQFF	FYLCFLAFL
CSADIRDSLAKNIQYF	FYLCFLAFL
CASRGLAGEGVTYEQYF	FYLCFLAFL
CASHELAGAQSYEQYF	FYLCFLAFL
CASSLEDRYEQYF	FYLCFLAFL
CASSLALRQGGPEAFF	FYLCFLAFL
CASSSPSRGDTEAFF	FYLCFLAFL
CSAILVGLARTYNSPLHF	FYLCFLAFL
CSVTDSLSYNEQFF	FYLCFLAFL
CSAGGTSDYGYTF	FYLCFLAFL
CASSQDARAYGYTF	FYLCFLAFL
CASRPGAGGPWLGPDF	FYLCFLAFL
CASSGQNTEAFF	FYLCFLAFL
CSASLRDSLYNEQFF	FYLCFLAFL
CASSLNPYPSGANVLTF	FYLCFLAFL
CASSYSGRGASNYGYTF	FYLCFLAFL
CSADGLAGEVSDTQYF	FYLCFLAFL
CASSSLTVNTEAFF	FYLCFLAFL
CSVEDLQRATQYF	FYLCFLAFL
CASRTGNYEQYF	FYLCFLAFL
CASDGGGGANVLTF	FYLCFLAFL
CASSPGGEIRRGYTF	FYLCFLAFL
CASSFSSGGLSYEQYF	FYLCFLAFL
CASSPAVTGNTEAFF	FYLCFLAFL
CASSGRQTGQIYGYTF	FYLCFLAFL
CASSAKATGYRTYEQYF	FYLCFLAFL
CASSLLVGTAYNEQFF	FYLCFLAFL
CASSLGIGETQYF	FYLCFLAFL
CSATTGGREQYF	FYLCFLAFL
CASTDVGMYTGELFF	FYLCFLAFL
CSASGGSLDTQYF	FYLCFLAFL
CASSPRTGTNTGELFF	FYLCFLAFL
CASSQSGESTDTQYF	FYLCFLAFL
CSAIILDIDGYTF	FYLCFLAFL
CASSLTGGYEQYF	FYLCFLAFL
CSASPGGGRETQYF	FYLCFLAFL
CASIRGEGLNTPDTQYF	FYLCFLAFL
CSVGGLDSYNEQFF	FYLCFLAFL
CASSLTTGGTEAFF	FYLCFLAFL
CASSQDSSQTYEQYF	FYLCFLAFL
CASSLARSEQFF	FYLCFLAFL
CASSYGTSGFNEQFF	FYLCFLAFL
CASSLSGGFGEKLFF	FYLCFLAFL
CSASEGGTEQFF	FYLCFLAFL
CSASDVIAGASYEQYF	FYLCFLAFL
CSASLEGGPNEQFF	FYLCFLAFL
CAWSREVGEQFF	FYLCFLAFL
CASSWGGVLSTGELFF	FYLCFLAFL
CSADVGLATNNEQFF	FYLCFLAFL
CASSTGIGQPQHF	FYLCFLAFL
CASSEALSQIFEKLFF	FYLCFLAFL
CASSLYQGDSGANVLTF	FYLCFLAFL
CASSEIPGTSSYNEQFF	FYLCFLAFL
CSASEESSYNEQFF	FYLCFLAFL
CSARDPVLAGTQAYNEQFF	FYLCFLAFL
CASSLVGGVETQYF	FYLCFLAFL
CASSQDSGTGGYEQYF	FYLCFLAFL
CASSFGGAQQETQYF	FYLCFLAFL
CASSQPIPGTGSKETQYF	FYLCFLAFL
CSARGLQDAYEQYF	FYLCFLAFL
CASSIGSFTEAFF	FYLCFLAFL
CASRNFGLAGGLETQYF	FYLCFLAFL
CASSQGAVELFF	FYLCFLAFL
CASSLAGTASGYTF	FYLCFLAFL
CASRDDRTYEQYF	FYLCFLAFL
CSATREGRLGETQYF	FYLCFLAFL
CASSPDNNEQFF	FYLCFLAFL
CSARGGTAIYEQYF	FYLCFLAFL
CASSAPWLPQHF	FYLCFLAFL
CSASGGEYNEQFF	FYLCFLAFL
CASSPQGGAEAFF	FYLCFLAFL
CASSAEDGYEQYF	FYLCFLAFL
CSASGGTGESYNEQFF	FYLCFLAFL
CASSQASLFNEQFF	FYLCFLAFL
CASSYVSTDTQYF	FYLCFLAFL
CSAYGGTPGQQSLSNQPQHF	FYLCFLAFL
CSAPIGYTF	FYLCFLAFL
CASSNTGLIETQYF	FYLCFLAFL
CASSYLWGSTDTQYF	FYLCFLAFL
CASSGHPDSTDTQYF	FYLCFLAFL
CASSSNGQGLNTEAFF	FYLCFLAFL
CASSPTGVYGYTF	FYLCFLAFL
CSAILSYEQYF	FYLCFLAFL
CAVLGRTYNEQFF	FYLCFLAFL
CSATGGGQPQHF	FYLCFLAFL
CASSTLTGELFF	FYLCFLAFL
CATSRGQGAGETQYF	FYLCFLAFL
CASSLTGTGAGANVLTF	FYLCFLAFL
CASSYILSYNSPLHF	FYLCFLAFL
CASSKRKTQGTANPNEQFF	FYLCFLAFL
CASSGQGLAVYEQYF	FYLCFLAFL
CASVPQRDHLTDTQYF	FYLCFLAFL
CASSLGFTYEQYF	FYLCFLAFL
CASTNQVHEQYF	FYLCFLAFL
CASRPISGTGTNTGELFF	FYLCFLAFL
CSANYRVPEQYF	FYLCFLAFL
CASSQDIRLVHEQYF	FYLCFLAFL
CSASVLRDSQETQYF	FYLCFLAFL
CASRGLAGMFNEQFF	FYLCFLAFL
CSVDGGQAGTEAFF	FYLCFLAFL
CASSPRTSGHQETQYF	FYLCFLAFL
CASSPRGQPQHF	FYLCFLAFL
CATSPLPGQGWDTQYF	FYLCFLAFL
CASTQLPGQGWTEAFF	FYLCFLAFL
CASSQEGGATNEKLFF	FYLCFLAFL
CATSLGIGAYEQYF	FYLCFLAFL
CASSRGQGNAEAFF	FYLCFLAFL
CASSQGARTPGWETQYF	FYLCFLAFL
CSALYEKLFF	FYLCFLAFL
CASSLQDSNQPQHF	FYLCFLAFL
CASMGQGREQYF	FYLCFLAFL
CASSQGARVYQETQYF	FYLCFLAFL
CASSLSGASTEAFF	FYLCFLAFL
CASSPDRVRVPWIYEQYF	FYLCFLAFL
CASSNEGVPYEQYF	FYLCFLAFL
CASSVAWRGSSGANVLTF	FYLCFLAFL
CSAREVGRIEQYF	FYLCFLAFL
CSASWGGPRSEETQYF	FYLCFLAFL
CSARALLSYEQYF	FYLCFLAFL
CASSIPAGGAPEQFF	FYLCFLAFL
CASSQPSYEQYF	FYLCFLAFL
CASSQGQPHSYEQYF	FYLCFLAFL
CASSPYLTSGSTDTQYF	FYLCFLAFL
CASSQGGQGDIGTDTQYF	FYLCFLAFL
CSARARESSYEQYF	FYLCFLAFL
CASSQDLRFLYF	FYLCFLAFL
CASSSTGTHPYEQYF	FYLCFLAFL
CSASTRDSLYNEQFF	FYLCFLAFL
CASIPPASGSPPYNEQFF	FYLCFLAFL
CASSQGIRGAFGEQYF	FYLCFLAFL
CASSLFSGGASNSPLHF	FYLCFLAFL
CASSPGSSSYNEQFF	FYLCFLAFL
CASSDPGGGNEKLFF	FYLCFLAFL
CASSSAGGGELFF	FYLCFLAFL
CASLGTGELFF	FYLCFLAFL
CSVGSTGGVSGNTIYF	FYLCFLAFL
CAISESDQSSYNEQFF	FYLCFLAFL
CASSFSNTEAFF	FYLCFLAFL
CSASPEQLWGNTIYF	FYLCFLAFL
CASSLWVSSRSSYNEQFF	FYLCFLAFL
CASAADSYEQYF	FYLCFLAFL
CATLLGRDAAGGMNTGELFF	FYLCFLAFL
CASSLDGGWDEQFF	FYLCFLAFL
CASSWAPMNTEAFF	FYLCFLAFL
CASSLWGPDTQYF	FYLCFLAFL
CASSSVVGVSGANVLTF	FYLCFLAFL
CSADSEIQETQYF	FYLCFLAFL
CASSSPASGSTYEQYF	FYLCFLAFL
CASSLVLGDEAFF	FYLCFLAFL
CASRSRVGGSYNEQFF	FYLCFLAFL
CASTMIAATTNEQFF	FYLCFLAFL
CASSFAGTGASYEQYF	FYLCFLAFL
CSASTERDIQYF	FYLCFLAFL
CASSPLGSEAFF	FYLCFLAFL
CASSDPGQTSTDTQYF	FYLCFLAFL
CSAEPGEHTEAFF	FYLCFLAFL
CASSVVGTGDRDTQYF	FYLCFLAFL
CASSLQDGSYNEQFF	FYLCFLAFL
CASRVVPGELFF	FYLCFLAFL
CASSVPEGFPAGTSGSNEQFF	FYLCFLAFL
CASSQRLGLTDTQYF	FYLCFLAFL
CASSFGETQYF	FYLCFLAFL
CASSLRADTQYF	FYLCFLAFL
CASSRWDEETQYF	FYLCFLAFL
CASSQDPGLVWEQYF	FYLCFLAFL
CASSSGTVSYNEQFF	FYLCFLAFL
CASSGLADSYEQYF	FYLCFLAFL
CASRISPNTGELFF	FYLCFLAFL
CASSQLQGSNQPQHF	FYLCFLAFL
CASSGEITDTQYF	FYLCFLAFL
CATSTLQGAFSTDTQYF	FYLCFLAFL
CASSLEGWREQYF	FYLCFLAFL
CSVGPGQGEAFF	FYLCFLAFL
CASSYSIGGGPGELFF	FYLCFLAFL
CSASGHQETQYF	FYLCFLAFL
CASSPTPSYNEQFF	FYLCFLAFL
CASSLIGGASSYNEQFF	FYLCFLAFL
CSAQDRTSNEQFF	FYLCFLAFL
CASSEGSGPGELFF	FYLCFLAFL
CSARVQDRDYEQYF	FYLCFLAFL
CASSEATGVIYGYTF	FYLCFLAFL
CAWSHGSEQFF	FYLCFLAFL
CASRGPGKDRKSYEQYF	FYLCFLAFL
CASSKGTEVLKPQHF	FYLCFLAFL
CASSHTGIYNEQFF	FYLCFLAFL
CASTIRPLVGRGRYEQYF	FYLCFLAFL
CASSQGTYGTGGTEQFF	FYLCFLAFL
CASSLSGASYEQYF	FYLCFLAFL
CSASSESGIFNEQFF	FYLCFLAFL
CSATKEWTSGAPNYNEQFF	FYLCFLAFL
CSAASGTGNNEQFF	FYLCFLAFL
CASSYTQTNTEAFF	FYLCFLAFL
CASSPPTTSGGLEQYF	FYLCFLAFL
CASSQGLAAIQETQYF	FYLCFLAFL
CSASGSVYTEAFF	FYLCFLAFL
CASSQRQGRNYGYTF	FYLCFLAFL
CASSEGQLSTNEKLFF	FYLCFLAFL
CATSDLYEQFF	FYLCFLAFL
CASSQDLQLAGEQYF	FYLCFLAFL
CSATGTGGEETQYF	FYLCFLAFL
CSASKESSYNEQFF	FYLCFLAFL
CASSSRVGELFF	FYLCFLAFL
CASSSNRDGNSPLHF	FYLCFLAFL
CASTIHENEKLFF	FYLCFLAFL
CASSSGGSYNEQFF	FYLCFLAFL
CASSYSNSYLAINEQYF	FYLCFLAFL
CASSSAQGVGFLAKNIQYF	FYLCFLAFL
CSVVFSGHATNFYEQYF	FYLCFLAFL
CASSSSPAMDQPQHF	FYLCFLAFL
CASSPGNEQFF	FYLCFLAFL
CASSMTTNTDTQYF	FYLCFLAFL
CASAMGVHQPQHF	FYLCFLAFL
CSASQEGVTYNEQFF	FYLCFLAFL
CAISDPLAGGSYEQYF	FYLCFLAFL
CSVPSGRSQYF	FYLCFLAFL
CASSLWDRGIGPQHF	FYLCFLAFL
CASSSGIQPQHF	FYLCFLAFL
CASSLLQNSPLHF	FYLCFLAFL
CASSRGGVGADEQYF	FYLCFLAFL
CSAPRAPEAFF	FYLCFLAFL
CASSQDPSYEQYF	FYLCFLAFL
CASSLEGMEQYF	FYLCFLAFL
CASSHPTGTEQYF	FYLCFLAFL
CASSRRTGGTEAFF	FYLCFLAFL
CASNGQGELREAFF	FYLCFLAFL
CASSLFMSANTEAFF	FYLCFLAFL
CSVTRQGASTGELFF	FYLCFLAFL
CSARDRGLALNEQFF	FYLCFLAFL
CASSDPRASNTGELFF	FYLCFLAFL
CASSQDGQIWEQFF	FYLCFLAFL
CSAIQPGRLEQPQHF	FYLCFLAFL
CASSLGQGIYGYTF	FYLCFLAFL
CASSPARQGWNTEAFF	FYLCFLAFL
CASSLYSPPYEQYF	FYLCFLAFL
CASSQLSSGAQETQYF	FYLCFLAFL
CSAQGLRYNEQFF	FYLCFLAFL
CASSPTTGSYEQYF	FYLCFLAFL
CASSQQTQVAYGYTF	FYLCFLAFL
CASSDGLGSTDTQYF	FYLCFLAFL
CASSLPPPGLEFTDTQYF	FYLCFLAFL
CASSLTAYNQPQHF	FYLCFLAFL
CASSYPRLAGETQYF	FYLCFLAFL
CASSQERVQGAPSYEQYF	FYLCFLAFL
CASSSTWDRGHPNYGYTF	FYLCFLAFL
CASSRLAGGYNEQFF	FYLCFLAFL
CAWSVPGGAEAFF	FYLCFLAFL
CASSLYGTSGRNEQFF	FYLCFLAFL
CASGLWGGNEQFF	FYLCFLAFL
CASRGQTGHGYEQYF	FYLCFLAFL
CASSYVHPFF	FYLCFLAFL
CASSPTGQGALDEKLFF	FYLCFLAFL
CSVTGATGELFF	FYLCFLAFL
CSADTDGNNQPQHF	FYLCFLAFL
CATSSSTGTSGRTDTQYF	FYLCFLAFL
CASSPPPVQFF	FYLCFLAFL
CSADEQKSQETQYF	FYLCFLAFL
CASSSPGQGFPGELFF	FYLCFLAFL
CATQETVSYNEQFF	FYLCFLAFL
CASSLSAGVNTEAFF	FYLCFLAFL
CASSLVPATSTGELFF	FYLCFLAFL
CSATSGAPPYEETQYF	FYLCFLAFL
CSADTGGSYNEQFF	FYLCFLAFL
CASSSAGETQYF	FYLCFLAFL
CASSIQADTEAFF	FYLCFLAFL
CASSFSSGGVYQPQHF	FYLCFLAFL
CASSLQSTNQPQHF	FYLCFLAFL
CASRTVDANYGYTF	FYLCFLAFL
CAISPENTGELFF	FYLCFLAFL
CASSLEAGSATTDTQYF	FYLCFLAFL
CASSLVEGNYGYTF	FYLCFLAFL
CASSTNREEGHGYTF	FYLCFLAFL
CSATSSGETQYF	FYLCFLAFL
CASSQALFDTQYF	FYLCFLAFL
CSVIRNRSGNTIYF	FYLCFLAFL
CSASTDLEGMETQYF	FYLCFLAFL
CASSGGPISEQYF	FYLCFLAFL
CASSQGVPGGNEQFF	FYLCFLAFL
CSASRAGGLHFSTDTQYF	FYLCFLAFL
CSAWTARGGYGYTF	FYLCFLAFL
CASGQNTGELFF	FYLCFLAFL
CAWTNFF	FYLCFLAFL
CASSTTGFEQYF	FYLCFLAFL
CASSIGYPGELFF	FYLCFLAFL
CASSQHGTSGGDDTQYF	FYLCFLAFL
CASSLGTQVPDTQYF	FYLCFLAFL
CASSSTAVGEKLFF	FYLCFLAFL
CASSLFAAYEQYF	FYLCFLAFL
CASSLSTDTQYF	FYLCFLAFL
CATSDWITGELFF	FYLCFLAFL
CASSGQDKETQYF	FYLCFLAFL
CASSRDSPEQYF	FYLCFLAFL
CATSEVTSGAYNEQFF	FYLCFLAFL
CASSFYPGEKLFF	FYLCFLAFL
CASSSNLNEQFF	FYLCFLAFL
CASRRTGGQETQYF	FYLCFLAFL
CASSSDRAGEAFF	FYLCFLAFL
CANLIGGHRSYNEQFF	FYLCFLAFL
CASSLVVGGTNEKLFF	FYLCFLAFL
CSVIPLAEAFF	FYLCFLAFL
CSASVAYTF	FYLCFLAFL
CASSRTGSEQYF	FYLCFLAFL
CASSLSPGLAGGWGTDTQYF	FYLCFLAFL
CASSLPPPSGSGNTDTQYF	FYLCFLAFL
CSARVGYREAFF	FYLCFLAFL
CSVVGTGRATVYEQYF	FYLCFLAFL
CASSPAPMIEQYF	FYLCFLAFL
CASSQDVGREHEQFF	FYLCFLAFL
CASSLVTGTSGGSPLHF	FYLCFLAFL
CASSPTPGQGSYEQYF	FYLCFLAFL
CASRTPGGSNNEQFF	FYLCFLAFL
CSASDVYNEQFF	FYLCFLAFL
CSARVPVVVRGDSTYEQYF	FYLCFLAFL
CASSQLAGGPNEQYF	FYLCFLAFL
CASSQVYGNTDTQYF	FYLCFLAFL
CSADAGGRTYNEQFF	FYLCFLAFL
CASSYTNTEAFF	FYLCFLAFL
CSASEESAYNEQFF	FYLCFLAFL
CASSHLAGGGNEQFF	FYLCFLAFL
CSATGTGETETQYF	FYLCFLAFL
CASSSTSGGAVF	FYLCFLAFL
CASSLASGGYNEQFF	FYLCFLAFL
CASSPWGNEQFF	FYLCFLAFL
CSASAENNEQFF	FYLCFLAFL
CSASGSSYEQYF	FYLCFLAFL
CASSLGVTVYQETQYF	FYLCFLAFL
CASSPYLGQETQYF	FYLCFLAFL
CASSLGTWAGANTGELFF	FYLCFLAFL
CSANREPYNEQFF	FYLCFLAFL
CASSGGAALTNTGELFF	FYLCFLAFL
CASRQLASLGNEQFF	FYLCFLAFL
CASSPYWGTGGKNIQYF	FYLCFLAFL
CASNSVSEGEAFF	FYLCFLAFL
CASRGLAGESYEQYF	FYLCFLAFL
CASSRNSGANEKLFF	FYLCFLAFL
CASSVDPKRQGNSPLHF	FYLCFLAFL
CASSLGGDTQYF	FYLCFLAFL
CASSLWQGNEQYF	FYLCFLAFL
CASSDDGQSNYGYTF	FYLCFLAFL
CASSHPGRGNTEAFF	FYLCFLAFL
CASSQDETGTFEAFF	FYLCFLAFL
CASSPGTIVAQFF	FYLCFLAFL
CSAGASGRAGETQYF	FYLCFLAFL
CASSHEGGKADTQYF	FYLCFLAFL
CASSPPDYGYTF	FYLCFLAFL
CASSQDRDYRFHNEQFF	FYLCFLAFL
CSARALVSSYEQYF	FYLCFLAFL
CASWGMGLEQYF	FYLCFLAFL
CASSLQAPHEQYF	FYLCFLAFL
CSASSTGGYEQYF	FYLCFLAFL
CASSEPDRVNTEAFF	FYLCFLAFL
CASNEGDTEAFF	FYLCFLAFL
CASSSGTGGRPEAFF	FYLCFLAFL
CSARGVTSYEQYF	FYLCFLAFL
CASSLTGNQPQHF	FYLCFLAFL
CSARDRRGARIQETQYF	FYLCFLAFL
CSAGLSHNEQFF	FYLCFLAFL
CASIRATNEKLFF	FYLCFLAFL
CASSLQGVNQPQHF	FYLCFLAFL
CASSESGGTEAFF	FYLCFLAFL
CASSPTTAPGELFF	FYLCFLAFL
CASSYGLSGTSGIEQFF	FYLCFLAFL
CASSYRGFWLLTEAFF	FYLCFLAFL
CSADSTSGAYNEQFF	FYLCFLAFL
CSARYRDTDQPQHF	FYLCFLAFL
CASGLPSSYEQYF	FYLCFLAFL
CSARALTSYEQYF	FYLCFLAFL
CATSNGYAVSPPDTQYF	FYLCFLAFL
CSATTASDAYEQYF	FYLCFLAFL
CSASAGAGNEQFF	FYLCFLAFL
CASSYSTGVGETQYF	FYLCFLAFL
CAWSAGTEEFF	FYLCFLAFL
CASSYGTGIYEQYF	FYLCFLAFL
CASSHENRRDTEAFF	FYLCFLAFL
CSVAGTSEGADTQYF	FYLCFLAFL
CSASAGTGLETQYF	FYLCFLAFL
CSAWTGGYEQYF	FYLCFLAFL
CASSLGLTYEQYF	FYLCFLAFL
CASSPDRGTSRPNEQFF	FYLCFLAFL
CASSLQSSHNEQFF	FYLCFLAFL
CASSQIPAAETQYF	FYLCFLAFL
CASSPDFNYEQYF	FYLCFLAFL
CASSSPRTSGSGNEQFF	FYLCFLAFL
CSADQEYSSYEQYF	FYLCFLAFL
CASSAAGGQNEQYF	FYLCFLAFL
CASSPTGVYNTEAFF	FYLCFLAFL
CASSYSMALGVEQFF	FYLCFLAFL
CASSADGALLEQFF	FYLCFLAFL
CSARGAILERSPLHF	FYLCFLAFL
CASRGWMGGSVEQFF	FYLCFLAFL
CASSQDRGAQGFATF	FYLCFLAFL
CASSQVSGGDTQYF	FYLCFLAFL
CASSQNRGWQPQHF	FYLCFLAFL
CASSPDYRDRGKGNTGELFF	FYLCFLAFL
CASSQLAGGPNEQFF	FYLCFLAFL
CASSQTAQGAISNQPQHF	FYLCFLAFL
CSAKGLATSYEQYF	FYLCFLAFL
CATSRLAGGPTDTQYF	FYLCFLAFL
CAGRYTEAFF	FYLCFLAFL
CSAQLEITYNEQFF	FYLCFLAFL
CASSLGQGEETQYF	FYLCFLAFL
CASSLGVGEKLYDPFF	FYLCFLAFL
CAISESSSGMNTEAFF	FYLCFLAFL
CASSEWGQEGNTEAFF	FYLCFLAFL
CATGRGGNEQFF	FYLCFLAFL
CASSSPIRTGNTEAFF	FYLCFLAFL
CASSQTGDNEQFF	FYLCFLAFL
CASSQDSTGGLTDTQYF	FYLCFLAFL
CASSLEVGTPVYNEQFF	FYLCFLAFL
CASSQGHSSYEQYF	FYLCFLAFL
CASGDLGVSYNEQFF	FYLCFLAFL
CAWSGRGFGYEQYF	FYLCFLAFL
CASSTDSVNSPLHF	FYLCFLAFL
CSARGPRHSYEQYF	FYLCFLAFL
CASSYSGGASDTEAFF	FYLCFLAFL
CSAIMTGVNTEAFF	FYLCFLAFL
CSASHEESYNEQFF	FYLCFLAFL
CASTFPGDIYNEQFF	FYLCFLAFL
CASSVVLAEDTQYF	FYLCFLAFL
CASIPPGGSIQETQYF	FYLCFLAFL
CATSRDRTGEQYF	FYLCFLAFL
CASSFYSNQPQHF	FYLCFLAFL
CASSDDSPYGYTF	FYLCFLAFL
CAWSVLLYNEQFF	FYLCFLAFL
CATSSGVYTDTQYF	FYLCFLAFL
CASSDGPRLYF	FYLCFLAFL
CASSMTYHSNQPQHF	FYLCFLAFL
CASEGLANDEQYF	FYLCFLAFL
CSAKGTPYGYTF	FYLCFLAFL
CASSGSPGGSSEAFF	FYLCFLAFL
CASSLSDRGLETEAFF	FYLCFLAFL
CARSADRDLLEQYF	FYLCFLAFL
CASSLQGMGNQPQHF	FYLCFLAFL
CASSYTSRTDTQYF	FYLCFLAFL
CASSSISGGLQETQYF	FYLCFLAFL
CASSLGLAGGLSTDTQYF	FYLCFLAFL
CASSFGTVLTGANVLTF	FYLCFLAFL
CASSEPGGTGPWGTEAFF	FYLCFLAFL
CASSVRPGQGYQPQHF	FYLCFLAFL
CASSLVWGLGETQYF	FYLCFLAFL
CASSQIGSSYEQYF	FYLCFLAFL
CASTWGVVDTDTQYF	FYLCFLAFL
CSARGTVNTGELFF	FYLCFLAFL
CASSVGTDTQYF	FYLCFLAFL
CASSLGVGYNEQFF	FYLCFLAFL
CASSVSSGYEQYF	FYLCFLAFL
CASSQVEGSQPQHF	FYLCFLAFL
CSVEEVAYEQYF	FYLCFLAFL
CSATGPSMEQFF	FYLCFLAFL
CASSLTWATNEKLFF	FYLCFLAFL
CASSDLWASGRFEQFF	FYLCFLAFL
CASSPMLATTYEQYF	FYLCFLAFL
CASSLPLGEAFF	FYLCFLAFL
CASSRDRGYEQYF	FYLCFLAFL
CASRGPDGAVEVIEQFF	FYLCFLAFL
CSAPSSGSWYEQYF	FYLCFLAFL
CSASRGNEQFF	FYLCFLAFL
CASSPPGTSLSDTQYF	FYLCFLAFL
CASSLAGWFGTENTEAFF	FYLCFLAFL
CASSQGLAGVYEQYF	FYLCFLAFL
CASSFSGIPSEKLFF	FYLCFLAFL
CASSQLAGGPETQYF	FYLCFLAFL
CSASGSTDTQYF	FYLCFLAFL
CASSPDRGYEQYF	FYLCFLAFL
CASSSPGQGSYEQYF	FYLCFLAFL
CSARERGAAVLETQYF	FYLCFLAFL
CASSQTGMENQPQHF	FYLCFLAFL
CATSDLTRTGSDTGELFF	FYLCFLAFL
CSAPSGGYEQYF	FYLCFLAFL
CSVQTGDGANVLTF	FYLCFLAFL
CASTLAGAGYNEQFF	FYLCFLAFL
CASSLFGHLVNTEAFF	FYLCFLAFL
CASSSTIGGGYTF	FYLCFLAFL
CATSDITDRAGSYNEQFF	FYLCFLAFL
CASSADRGYEQYF	FYLCFLAFL
CASSLAWGTGELFF	FYLCFLAFL
CASSLGETLPMGETQYF	FYLCFLAFL
CASSPDSHNEQFF	FYLCFLAFL
CASSYEGASGYTF	FYLCFLAFL
CASSKGHSRENEQFF	FYLCFLAFL
CSGGQGRYEQYF	FYLCFLAFL
CASSQGPEAFF	FYLCFLAFL
CASSPEGNYGYTF	FYLCFLAFL
CASSLVPGGGGQDEQFF	FYLCFLAFL
CASSSDSPYEQYF	FYLCFLAFL
CSARAGLYGGTGELFF	FYLCFLAFL
CASSLFVQEISYEQYF	FYLCFLAFL
CASSYGTGTSYNEQFF	FYLCFLAFL
CASTPGLYNSPLHF	FYLCFLAFL
CASSYTGLAGGNEQFF	FYLCFLAFL
CAWILQGTEQYF	FYLCFLAFL
CASSFGGVASQPQHF	FYLCFLAFL
CASSLWGSGSGLNNEQFF	FYLCFLAFL
CASSYPGVNEQFF	FYLCFLAFL
CASSQVDRGYEQYF	FYLCFLAFL
CASSQGDLAGVSKGPRETQYF	FYLCFLAFL
CASTRTGGVYGYTF	FYLCFLAFL
CASSLAPGSQPQHF	FYLCFLAFL
CSASAEGTYNEQFF	FYLCFLAFL
CASSFEITLKQGYTF	FYLCFLAFL
CASSQGTTSAGGPADTQYF	FYLCFLAFL
CSASGPGGETQYF	FYLCFLAFL
CSADFSGSYNEQFF	FYLCFLAFL
CSATKRDSLYNEQFF	FYLCFLAFL
CASSIESANYGYTF	FYLCFLAFL
CASSQGQNYGYTF	FYLCFLAFL
CASSIPTGSHSYEQYF	FYLCFLAFL
CSARAGLAGDNEQFF	FYLCFLAFL
CASSPQGEETQYF	FYLCFLAFL
CASSIVEGIVHNEQFF	FYLCFLAFL
CASSQVGDPQETQYF	FYLCFLAFL
CSARDSFRDRFYEQYF	FYLCFLAFL
CATSSGELFF	FYLCFLAFL
CASSSHLVAEQFF	FYLCFLAFL
CSAQASDSSYNEQFF	FYLCFLAFL
CATSDLMTGWNTGELFF	FYLCFLAFL
CASSEAGVTEAFF	FYLCFLAFL
CASSYTHILAGAEQFF	FYLCFLAFL
CSARGSGGAYNEQFF	FYLCFLAFL
CASSHPPTGVHEQYF	FYLCFLAFL
CSAGLGTYNEQFF	FYLCFLAFL
CSAEGLQRYEQYF	FYLCFLAFL
CASSPQTGLIYEQYF	FYLCFLAFL
CASSPRHQMNTEAFF	FYLCFLAFL
CASSADRGYEQYF	FYLCFLAFL
CASSLGTATGNQPQHF	FYLCFLAFL
CASSLRQVGTEAFF	FYLCFLAFL
CAGSESNTGELFF	FYLCFLAFL
CASRANWQEYTDTQYF	FYLCFLAFL
CSAQHSSYEQYF	FYLCFLAFL
CSADGLAGGETQYF	FYLCFLAFL
CASSSDRGYEQYF	FYLCFLAFL
CASSWEPLTDTQYF	FYLCFLAFL
CSAEEEVTYNEQFF	FYLCFLAFL
CSARDRASYEQYF	FYLCFLAFL
CASSVGGGAIYNEQFF	FYLCFLAFL
CASSALYTEAFF	FYLCFLAFL
CASRRTGTANEKLFF	FYLCFLAFL
CASSDREGLIGADTQYF	FYLCFLAFL
CSARDQGISYEQYF	FYLCFLAFL
CASSYSMGGHTEAFF	FYLCFLAFL
CSAEQGPQETQYF	FYLCFLAFL
CASSGGLANTYEQYF	FYLCFLAFL
CASTAGGLRETQYF	FYLCFLAFL
CASSSTGTSGSYEQYF	FYLCFLAFL
CASSSMDLRFSTDTQYF	FYLCFLAFL
CASSYSGSSTDTQYF	FYLCFLAFL
CSASLEMDTQYF	FYLCFLAFL
CASSPYSNQPQHF	FYLCFLAFL
CASSYYLWDTQYF	FYLCFLAFL
CSATPYASGREYQETQYF	FYLCFLAFL
CSARDLKGSYEQYF	FYLCFLAFL
CASSYSPDSYEQYF	FYLCFLAFL
CASSPKAGTHYNEQFF	FYLCFLAFL
CSAWRGDGYTF	FYLCFLAFL
CSASGMDGETQYF	FYLCFLAFL
CASSLLGPQNEKLFF	FYLCFLAFL
CATSDAGGVTQYF	FYLCFLAFL
CASSIGTSSYNEQFF	FYLCFLAFL
CASSGTGELFF	FYLCFLAFL
CASRPISGRITGELFF	FYLCFLAFL
CASSFPTTGGDEQYF	FYLCFLAFL
CASSQDFGRGTYNEQFF	FYLCFLAFL
CATSDLQQTSSYEQYF	FYLCFLAFL
CSVDPIPPKQGNYGYTF	FYLCFLAFL
CASRIAPPRGAYEQYF	FYLCFLAFL
CASSLPGRQETQYF	FYLCFLAFL
CASSQEFRSMEQFF	FYLCFLAFL
CASSYTSGSTDTQYF	FYLCFLAFL
CSADSSANSYNEQFF	FYLCFLAFL
CSASGTGDSTDTQYF	FYLCFLAFL
CASSYFDAGNTEAFF	FYLCFLAFL
CSASSQGGFTDTQYF	FYLCFLAFL
CASSLGRTGANTGELFF	FYLCFLAFL
CASSVGVLTGELFF	FYLCFLAFL
CATSRDGVGSVSEDTQYF	FYLCFLAFL
CASSYYLGDNGYTF	FYLCFLAFL
CASSSPPGLARYNEQFF	FYLCFLAFL
CSADQMGGPGNIQYF	FYLCFLAFL
CASSVGGQGIETQYF	FYLCFLAFL
CASSSISRDTNTGELFF	FYLCFLAFL
CASSPTGTEAFF	FYLCFLAFL
CSVLPETSTDTQYF	FYLCFLAFL
CASSETGIPVIFIAQYF	FYLCFLAFL
CSASSSGGIQETQYF	FYLCFLAFL
CASSQLHGGAAPLHF	FYLCFLAFL
CSARDPPQTGNEQFF	FYLCFLAFL
CSADIMGHEQFF	FYLCFLAFL
CASSDRDRLYSYEQYF	FYLCFLAFL
CASSFSIGGQMVDTQYF	FYLCFLAFL
CASSLQGAHYGYTF	FYLCFLAFL
CSATGDNVQETQYF	FYLCFLAFL
CSADGGTADTQYF	FYLCFLAFL
CASSSQGPETQYF	FYLCFLAFL
CASSLIASGINEQFF	FYLCFLAFL
CSVLHQGDYGYTF	FYLCFLAFL
CASSFPGLAGTVGELFF	FYLCFLAFL
CASSPNTGLAPDTQYF	FYLCFLAFL
CASSVGVGGGLFF	FYLCFLAFL
CASRGLAGFDEFF	FYLCFLAFL
CSASAVGSGEETQYF	FYLCFLAFL
CASSPFLLDTQYF	FYLCFLAFL
CASRGIAGGSYEQYF	FYLCFLAFL
CASSQDGTGWTEQFF	FYLCFLAFL
CASSLYPLTASSTDTQYF	FYLCFLAFL
CASRGLAGGDYEQYF	FYLCFLAFL
CAVSGGATEAFF	FYLCFLAFL
CSADRWAGQGAANTGELFF	FYLCFLAFL
CSARGLAGGSYEQYF	FYLCFLAFL
CSARRDRGGNTIYF	FYLCFLAFL
CSATHGTGGETQYF	FYLCFLAFL
CSVPLGGPEAFF	FYLCFLAFL
CASSLVEVRVYNEQFF	FYLCFLAFL
CASSLSGGGTEAFF	FYLCFLAFL
CSASEGSDEQFF	FYLCFLAFL
CASSLEGYSNQPQHF	FYLCFLAFL
CASSPGAYEQYF	FYLCFLAFL
CSPEGILFSVGYTF	FYLCFLAFL
CASSIADRVITEAFF	FYLCFLAFL
CAWSVSGGAYNEQFF	FYLCFLAFL
CASSRPGDTEAFF	FYLCFLAFL
CASSDPPPGGRVNEQFF	FYLCFLAFL
CASSTRDGDYEQYF	FYLCFLAFL
CASDPTRDGRIQYF	FYLCFLAFL
CSALRGAFDL	FYLCFLAFL
CASTGRGVYNEQFF	FYLCFLAFL
CASIKFGGQQNTEAFF	FYLCFLAFL
CSAVVEAAEAFF	FYLCFLAFL
CASSRRGQGIAEAFF	FYLCFLAFL
CASSLGLAGVSRETQYF	FYLCFLAFL
CAWRPRGLYEQYF	FYLCFLAFL
CSARDPAGGPHEQYF	FYLCFLAFL
CSASTTSGGQETQYF	FYLCFLAFL
CASSLDYGYSPLHF	FYLCFLAFL
CASSSAATNEKLFF	FYLCFLAFL
CASSLDRGYEQYF	FYLCFLAFL
CASSTPRPESFQSTDTQYF	FYLCFLAFL
CASSARTGGHTEAFF	FYLCFLAFL
CSASANLPTETQYF	FYLCFLAFL
CSADRENTEAFF	FYLCFLAFL
CASSETPNSGNTIYF	FYLCFLAFL
CASSHWPGQGTYEQYF	FYLCFLAFL
CSASWEASGRSDTQYF	FYLCFLAFL
CATSSLAGYTDTQYF	FYLCFLAFL
CASSLLLGYGYTF	FYLCFLAFL
CASSELLQGGVTEAFF	FYLCFLAFL
CSANSDSSGGYEQYF	FYLCFLAFL
CSVVAGGSGDTQYF	FYLCFLAFL
CASGTSGYEQYF	FYLCFLAFL
CSASPATGTGSYEQYF	FYLCFLAFL
CASSLAPQAGGYNEQFF	FYLCFLAFL
CSANSGTGGTGELFF	FYLCFLAFL
CASSLVLGTTRYNEQFF	FYLCFLAFL
CASSFAGGTDTQYF	FYLCFLAFL
CASSLAGEEQFF	FYLCFLAFL
CASSESLIDYTF	FYLCFLAFL
CSASTEDNEQFF	FYLCFLAFL
CASSAGTTSDPNTGELFF	FYLCFLAFL
CASSLFLVGQGERSNQPQHF	FYLCFLAFL
CASNEANNNEQFF	FYLCFLAFL
CSASTGGVGETQYF	FYLCFLAFL
CASSYGLRGEMNTEAFF	FYLCFLAFL
CASSQEYGTGELFF	FYLCFLAFL
CASSFLQGANEQFF	FYLCFLAFL
CSVFLEKVGNEQFF	FYLCFLAFL
CASSLGLAGIANTGELFF	FYLCFLAFL
CSAIIQGTASYEQYF	FYLCFLAFL
CASSVDLGRPYEQYF	FYLCFLAFL
CASSLDFRGSVTYEQYF	FYLCFLAFL
CASSFLGETDTEAFF	FYLCFLAFL
CASRNYEQYF	FYLCFLAFL
CSASSMEAQETQYF	FYLCFLAFL
CASSLVGGWADTQYF	FYLCFLAFL
CASSLGESVEKLFF	FYLCFLAFL
CATSSLSGGTTDTQYF	FYLCFLAFL
CASSLFPETYEQYF	FYLCFLAFL
CASSLFLAGVGEQFF	FYLCFLAFL
CASSLGAQGWGEQYF	FYLCFLAFL
CASSLGHSVSTIYF	FYLCFLAFL
CSAYGGRREQYF	FYLCFLAFL
CASSQLAGGPNEQFF	FYLCFLAFL
CASSEPYTGQTEAFF	FYLCFLAFL
CASSYVPQPSYNEQFF	FYLCFLAFL
CSARVLQSYEQYF	FYLCFLAFL
CASSLAEAAGITGELFF	FYLCFLAFL
CASSLLAGGNNEQFF	FYLCFLAFL
CSARDLQGYEQYF	FYLCFLAFL
CASSFLAAHNEQFF	FYLCFLAFL
CASTKIFPDRGHDGELFF	FYLCFLAFL
CASSPSGGAGASSYNSPLHF	FYLCFLAFL
CASSLEYPSGSPDTQYF	FYLCFLAFL
CSAIQVDETNYGYTF	FYLCFLAFL
CSASLGQPQETQYF	FYLCFLAFL
CSVEGWGAVYNEQFF	FYLCFLAFL
CASTYELQGRRQETQYF	FYLCFLAFL
CASSRDLLHYTF	FYLCFLAFL
CAISEFRQGRNEQFF	FYLCFLAFL
CSATQTGVGADTQYF	FYLCFLAFL
CACQRWDTQYF	FYLCFLAFL
CASSLLGDYNEQFF	FYLCFLAFL
CASSMFLGAVDEQFF	FYLCFLAFL
CASSQESGLAGIGELFF	FYLCFLAFL
CASRLLAGGLPRGDPYEQYF	FYLCFLAFL
CASSRQGDSLEAFF	FYLCFLAFL
CASSVSVGGTEAFF	FYLCFLAFL
CSARGLADSYEQYF	FYLCFLAFL
CASRGILAGANSYEQYF	FYLCFLAFL
CASSEYHFYEQYF	FYLCFLAFL
CASSLFASGGAGTDTQYF	FYLCFLAFL
CASSLGTGNEQFF	FYLCFLAFL
CASRGRDEGAFNYGYTF	FYLCFLAFL
CASRGPAGESYEQYF	FYLCFLAFL
CSASRTSGRVETQYF	FYLCFLAFL
CASSDPGQTSTDTQYF	FYLCFLAFL
CASSLGGFHEQFF	FYLCFLAFL
CASSQVGGYYYTEAFF	FYLCFLAFL
CASSGGTSGTLYEQYF	FYLCFLAFL
CASSPGVDIYDEQYF	FYLCFLAFL
CASSQDYSGGAYEQYF	FYLCFLAFL
CSASLGTGALGEKLFF	FYLCFLAFL
CSARGGRDSYEQYF	FYLCFLAFL
CASSLEDVWSSSYNEQFF	FYLCFLAFL
RASSCHERLAGNEQFF	FYLCFLAFL
CASSQDGKGTYEQYF	FYLCFLAFL
CSARDYSAGDNEQFF	FYLCFLAFL
CASSQDNYGYTF	FYLCFLAFL
CASSYSQGGHYGYTF	FYLCFLAFL
CASSPTGTAGETQYF	FYLCFLAFL
CASSSTGELFF	FYLCFLAFL
CASSSLTSGTGNTEAFF	FYLCFLAFL
CSADGQDGDYEQYF	FYLCFLAFL
CSARELKGYEQYF	FYLCFLAFL
CASSDQSGGTYEQYF	FYLCFLAFL
CASSSLSPGQQFF	FYLCFLAFL
CASRGLAGGRYEQYF	FYLCFLAFL
CSADRGGGTSGILYNEQFF	FYLCFLAFL
CASSLNRVYEQYF	FYLCFLAFL
CASTSVDSGGDEQFF	FYLCFLAFL
CASSYGRNTEAFF	FYLCFLAFL
CASSFFQGTEAFF	FYLCFLAFL
CASSPYSGGYNEQFF	FYLCFLAFL
CSADVTADQETQYF	FYLCFLAFL
CASSLQGAGEAFF	FYLCFLAFL
CASSLDDSGANVLTF	FYLCFLAFL
CASSGSGNWDTEAFF	FYLCFLAFL
CASSLSSGSLYDEQFF	FYLCFLAFL
CSASEGGQETQYF	FYLCFLAFL
CASSAYLNTEAFF	FYLCFLAFL
CASGNLIRGYTF	FYLCFLAFL
CASSTPPTSGSSYNEQFF	FYLCFLAFL
CASSLGDRGTEAFF	FYLCFLAFL
CASSWDRGLDEQFF	FYLCFLAFL
CASSLGLAAVYEQYF	FYLCFLAFL
CSVRRPQMTGQPQHF	FYLCFLAFL
CASSLILTGFSYEQYF	FYLCFLAFL
CAWNPSGNEQFF	FYLCFLAFL
CASSLVDASNQPQHF	FYLCFLAFL
CASSETGIQDEQFF	FYLCFLAFL
CASSQNNEQFF	FYLCFLAFL
CASSLRDRATLAKNIQYF	FYLCFLAFL
CASSRTSGSRNEQFF	FYLCFLAFL
CASSLGGEQYF	FYLCFLAFL
CASMMSNEQFF	FYLCFLAFL
CSVDRGQADTQYF	FYLCFLAFL
CASSLSGNEQFF	FYLCFLAFL
CSVRETGELFF	FYLCFLAFL
CASSSTGLGATQETQYF	FYLCFLAFL
CASSFTGTPYNEQFF	FYLCFLAFL
CASSQGGGTEAFF	FYLCFLAFL
CSARTLNTEAFF	FYLCFLAFL
CARSLSSSYNEQFF	FYLCFLAFL
CASREPEEAIPGLIRTGELFF	FYLCFLAFL
CSAHVENTEAFF	FYLCFLAFL
CSAETGENVEAFF	FYLCFLAFL
CASSMDGNPNYGYTF	FYLCFLAFL
CSARGLADSYEQYF	FYLCFLAFL
CSASDEREQYNEQFF	FYLCFLAFL
CASSVGGPEETQYF	FYLCFLAFL
CASSLASGDGINYGYTF	FYLCFLAFL
CASSRGEGTDTQYF	FYLCFLAFL
CASSLAGQETQYF	FYLCFLAFL
CASSLFGMGYSNQPQHF	FYLCFLAFL
CASSFLSGGGDTQYF	FYLCFLAFL
CASSGYEQYF	FYLCFLAFL
