CDR3	AA
CASSQVRGDEQFF	QTNSPRRAR
CASSPGQGVYEQYF	QTNSPRRAR
CARRTLAGGGETQYF	QTNSPRRAR
CASSLEFAETYEQYF	QTNSPRRAR
CAISLRTEYYEQYF	QTNSPRRAR
CASSPEGQTYYGYTF	QTNSPRRAR
CASSLELAGGLETQYF	QTNSPRRAR
CASNPDRSYEQYF	QTNSPRRAR
CASSQDWDRGYEQYF	QTNSPRRAR
CAIGRPGGLDEQYF	QTNSPRRAR
CASSYSTGVITELFF	QTNSPRRAR
CASSQEGVADIQYF	QTNSPRRAR
CASSQDPLIEQYF	QTNSPRRAR
CASSLDQETQYF	QTNSPRRAR
CASSLAGHPSYEQYF	QTNSPRRAR
CASSLFAGDEQFF	QTNSPRRAR
CASSVELQETQYF	QTNSPRRAR
CASSVEAGADDEQFF	QTNSPRRAR
CASTKLDGYNEQFF	QTNSPRRAR
CASSLAGEHYEQYF	QTNSPRRAR
CASSVEQGADDGYTF	QTNSPRRAR
CASRSDSRPYTEAFF	QTNSPRRAR
CASTLNLGTSGSDEQFF	QTNSPRRAR
CASSLAGHPSYEQYF	QTNSPRRAR
CASSLEGTGFRETQYF	QTNSPRRAR
CASSDEGTASRYEQYF	QTNSPRRAR
CASGLAGVGDTQYF	QTNSPRRAR
CASSLEVTDYEQYF	QTNSPRRAR
CASSVVAGLDTEAFF	QTNSPRRAR
CASRPPGLAAYEQYF	QTNSPRRAR
CASSQEGQGMQPQHF	QTNSPRRAR
CASSDRDYTDTQYF	QTNSPRRAR
CATSPAGEDEQFF	QTNSPRRAR
CASSLDGTETQYF	QTNSPRRAR
CASSQDLDPSYEQYF	QTNSPRRAR
CATSGDSQIYNEQFF	QTNSPRRAR
CASTRRSGRDFANYGYTF	QTNSPRRAR
