CDR3	AA
CASSRGRGDEQFF	VASQSIIAY
CASSLPGNEQFF	VASQSIIAY
CASSSSIGGEFF	VASQSIIAY
CASSAPYDSSYEQYF	VASQSIIAY
CASSLTGDLTEAFF	VASQSIIAY
CASSHAVTDTQYF	VASQSIIAY
CASSIDQGSSYEQYF	VASQSIIAY
CASGFGGPAGGYEQYF	VASQSIIAY
CASTTGGGREQYF	VASQSIIAY
CASSLGGPEAFF	VASQSIIAY
CASSLSLAGNYEQFF	VASQSIIAY
CASSPNMQGYTF	VASQSIIAY
CASSSQGQPQHF	VASQSIIAY
CASSLQGEWEQYF	VASQSIIAY
CASSYTPGQGNQPQHF	VASQSIIAY
CASSPYIMGTEAFF	VASQSIIAY
CASDTQYF	VASQSIIAY
CASRTETAYNEQFF	VASQSIIAY
CASSTGLAVEQYF	VASQSIIAY
CASSPGHRRGEQYF	VASQSIIAY
CASSHSGTEAFF	VASQSIIAY
CASSPLGNTEAFF	VASQSIIAY
CASSFLGQGRGEQYF	VASQSIIAY
CASSLPGLVGRGDTQYF	VASQSIIAY
CASSLSEGNEQFF	VASQSIIAY
CASMYLGTYEQYF	VASQSIIAY
CASSSGYYNEQFF	VASQSIIAY
CASSYSQIDNEQFF	VASQSIIAY
CASSLGGRRQYF	VASQSIIAY
CASSLEGRTGPLETQYF	VASQSIIAY
CASSSARAPNPEKLFF	VASQSIIAY
CASSEVGRFYEQYF	VASQSIIAY
CASSSTSGGTYNEQFF	VASQSIIAY
CASSQGGGTDTQYF	VASQSIIAY
CASSQDSTSSGSYEQYF	VASQSIIAY
CASMGGGYTF	VASQSIIAY
CASSPPWGRSNQPQHF	VASQSIIAY
CASTGQGATDTQYF	VASQSIIAY
CASSQVVGELFF	VASQSIIAY
CASSAGMNIQYF	VASQSIIAY
CASSSGLSYEQYF	VASQSIIAY
CASSSGLAAEQYF	VASQSIIAY
CATLHDTQYF	VASQSIIAY
CASSTGRHQPQHF	VASQSIIAY
CASSLGQSYNEQFF	VASQSIIAY
CASMGVAAFF	VASQSIIAY
CASSYLAGGGVSTDTQYF	VASQSIIAY
CASSQAASGNNEQFF	VASQSIIAY
CASSQAGGMADTQYF	VASQSIIAY
CASTNSDNEQFF	VASQSIIAY
CASSPGGSTDTQYF	VASQSIIAY
CASSSRGNEQFF	VASQSIIAY
CASTLAGARVNEQFF	VASQSIIAY
CASSESDPNTEAFF	VASQSIIAY
CASSLLGHTIYNEQFF	VASQSIIAY
CATSSRDSTYEQYF	VASQSIIAY
CASSQTTSVNSYEQYF	VASQSIIAY
CASSRTRLLSDEQFF	VASQSIIAY
CASSLAEGASNTGELFF	VASQSIIAY
CASSSSLVYEQFF	VASQSIIAY
CASSPMSVGSTDTQYF	VASQSIIAY
CASSQDPPGPEAFF	VASQSIIAY
CASFGDTQYF	VASQSIIAY
CATQGDTQYF	VASQSIIAY
CASSPALAGTDTQYF	VASQSIIAY
CASSFGTGGPDTQYF	VASQSIIAY
CAISEGGDIQYF	VASQSIIAY
CASSYGSLDTEAFF	VASQSIIAY
CASSLGGRELFF	VASQSIIAY
CASRPEYQETQYF	VASQSIIAY
CASSAGGPWDEQFF	VASQSIIAY
CASSFETGYNEQFF	VASQSIIAY
CAISGGGEQYF	VASQSIIAY
CASTETSGGSTYNEQFF	VASQSIIAY
CASSPLGGTLFF	VASQSIIAY
CASSLYPGQEDNSPLHF	VASQSIIAY
CASREGQGILFF	VASQSIIAY
CATHGDTQYF	VASQSIIAY
CASSNGRFEQYF	VASQSIIAY
CASSLTGQGDNEQFF	VASQSIIAY
CASSFSPPLAGGNTGELFF	VASQSIIAY
CASSQGGGGSEQFF	VASQSIIAY
CASSLGGPEAFF	VASQSIIAY
CASRGQGATEAFF	VASQSIIAY
CATSDPKAGGSSETQYF	VASQSIIAY
CSAIPPGQGFSHEQFF	VASQSIIAY
CASRASRGSSYEQYF	VASQSIIAY
CASSRGQGEKLFF	VASQSIIAY
CASSSGRHQPQHF	VASQSIIAY
CASSLGGPEQYF	VASQSIIAY
CASSGRDNSYNEQFF	VASQSIIAY
CASSLSPGHHEAFF	VASQSIIAY
CASSNPPGQPQHF	VASQSIIAY
CASSFSLIYEQYF	VASQSIIAY
CASSYHSLTDTQYF	VASQSIIAY
CASSVESAGGITDTQYF	VASQSIIAY
CASSSSLNQPQHF	VASQSIIAY
CVAAGDADTQYF	VASQSIIAY
CASSLVPGLAGGPHTGELFF	VASQSIIAY
CASSFGPINQPQHF	VASQSIIAY
CASSPSSAPVNYGYTF	VASQSIIAY
CATSRDPSGGIRQQFF	VASQSIIAY
CASSPYTGWTGELFF	VASQSIIAY
CASSLVAGGNEETQYF	VASQSIIAY
CASSPTNTDTQYF	VASQSIIAY
CASSSPGNEQFF	VASQSIIAY
CASTNPGLAGGPAPDTQYF	VASQSIIAY
CASSGQGWEQYF	VASQSIIAY
CASSEGFIGNEQFF	VASQSIIAY
CASSSGLVVEQYF	VASQSIIAY
CASSFDTTEAFF	VASQSIIAY
CASSQGAGSGGGTDTQYF	VASQSIIAY
CASSDSPGVDAEAFF	VASQSIIAY
CASLGETQYF	VASQSIIAY
CASSPGQGSAEQFF	VASQSIIAY
CASSLRTRTGELFF	VASQSIIAY
CSASLPMETVYNSPLHF	VASQSIIAY
CASSSGLQEQFF	VASQSIIAY
CASGRADTQYF	VASQSIIAY
CASSSGVGTEAFF	VASQSIIAY
CASSLLGETQYF	VASQSIIAY
CASSYSTHQPQHF	VASQSIIAY
CASHGDTQYF	VASQSIIAY
CASSYSPGSSGANVLTF	VASQSIIAY
CASSPTGGNGYTF	VASQSIIAY
CASSMAGGLGNEQFF	VASQSIIAY
CASSQEATDTQYF	VASQSIIAY
CASSLDRGPNRAGELFF	VASQSIIAY
CASSRNLYEQYF	VASQSIIAY
CASSVGQGFGYTF	VASQSIIAY
CASSLGLAGGTGELFF	VASQSIIAY
CASLGDIQYF	VASQSIIAY
CASSLAKGGLTLYQNNEQFF	VASQSIIAY
CASQGQGNTEAFF	VASQSIIAY
CASSSLSGELFF	VASQSIIAY
CAISAPGHTGGELFF	VASQSIIAY
CASRLQGNTEAFF	VASQSIIAY
CATSRDRDANIQYF	VASQSIIAY
CASSEDRAGISGNTIYF	VASQSIIAY
CSARSRNTEAFF	VASQSIIAY
CASTSSVNEQFF	VASQSIIAY
CASSEIIGPGGEGEQFF	VASQSIIAY
CASTRTSATDTQYF	VASQSIIAY
CASSLEGSEAFF	VASQSIIAY
CASGSIQNQPQHF	VASQSIIAY
CASSPGQGADTGELFF	VASQSIIAY
CASSYGGLSEQFF	VASQSIIAY
CASRPAGASTDTQYF	VASQSIIAY
CASSSPAGGYTF	VASQSIIAY
CASTPIGGPHPTDEQFF	VASQSIIAY
CASSPRGWPQHF	VASQSIIAY
CAISYGGADTQYF	VASQSIIAY
CASHGDTQYF	VASQSIIAY
CASSYSRANTGELFF	VASQSIIAY
CASSQLGTSGNNEQFF	VASQSIIAY
CASSPGQSSEQYF	VASQSIIAY
CASSLSGASAWYEQYF	VASQSIIAY
CASSSGLVREQYF	VASQSIIAY
CASSQDNNPGYEQYF	VASQSIIAY
CASSLVLGAEQYF	VASQSIIAY
CASSLGGRAQYF	VASQSIIAY
CASSKVREGYNEQFF	VASQSIIAY
CASSQTSGRPSGANVLTF	VASQSIIAY
CASSGLAGYNEQFF	VASQSIIAY
CASSIGQGTDTQYF	VASQSIIAY
CAIGSGQPQHF	VASQSIIAY
CASSSGQVKPQHF	VASQSIIAY
CASNGDTQYF	VASQSIIAY
CTSRWGGTDTQYF	VASQSIIAY
CASSLYETGGHEQYF	VASQSIIAY
CSARGTSGGALYNEQFF	VASQSIIAY
CASSPTGGPSPGYTF	VASQSIIAY
CASSLGQGASNQPQHF	VASQSIIAY
CASSLGPGVETQYF	VASQSIIAY
CASSPLAGLESYNEQFF	VASQSIIAY
CSARDPGGSNYEQYF	VASQSIIAY
CASGTDELTSNTGELFF	VASQSIIAY
CASSSTDLNEKLFF	VASQSIIAY
CASSSGYEQYF	VASQSIIAY
CASSTGLAGGQFF	VASQSIIAY
CASSFVSGQETQYF	VASQSIIAY
CATRTPSTDTQYF	VASQSIIAY
CASSLMRGELYNEQFF	VASQSIIAY
CASSVEGQGAGETQYF	VASQSIIAY
CASSFGGVNEQFF	VASQSIIAY
CASSPNMVFGYTF	VASQSIIAY
CSVLTGVAYEQYF	VASQSIIAY
CASSLYRDGYNEQFF	VASQSIIAY
CASSWEPGLAGVDTQYF	VASQSIIAY
CASSYGTGVTEQYF	VASQSIIAY
CATGTGLVYEQYF	VASQSIIAY
CASSSGLAYEQYF	VASQSIIAY
CASSLAGTAEHSSYNEQFF	VASQSIIAY
CASSPGTGGGGGQPQHF	VASQSIIAY
CASSLTSKYNEQFF	VASQSIIAY
CASSPGLANEQFF	VASQSIIAY
CASSSATGLAAGELFF	VASQSIIAY
CASSTGLANEQFF	VASQSIIAY
CASGLQYEQYF	VASQSIIAY
CASSYMGSNQPQHF	VASQSIIAY
CASSFKGREAFF	VASQSIIAY
CASSSPLEQYF	VASQSIIAY
CASSPLTLETQYF	VASQSIIAY
CSARDIRVNTGELFF	VASQSIIAY
CASSLVPTGELFF	VASQSIIAY
CASSLLGSSPLHF	VASQSIIAY
CASSLLGQPEAFF	VASQSIIAY
CASLGETQYF	VASQSIIAY
CASSSADTQYF	VASQSIIAY
CASSFGPSYEQYF	VASQSIIAY
CASSKPGQGYEQYF	VASQSIIAY
CASSPGTSGSSYNEQFF	VASQSIIAY
CASSTGGAFTYTF	VASQSIIAY
CASTPAPGELFF	VASQSIIAY
CASGQAVVADTQYF	VASQSIIAY
CASSSGLAVEQFF	VASQSIIAY
CASSLLPLSYNEQFF	VASQSIIAY
CASSLFGRWLGPAGELFF	VASQSIIAY
CSASGGTNSYEQYF	VASQSIIAY
CASSSNLAQPQHF	VASQSIIAY
CASSLASGYNEQFF	VASQSIIAY
CASSQTGGTGEAFF	VASQSIIAY
CASSSNMVEQYF	VASQSIIAY
CASSFGTERGYTF	VASQSIIAY
CASSPLASGSGFHEQFF	VASQSIIAY
CSAQEAGGLHEQYF	VASQSIIAY
CASSLGGPEAFF	VASQSIIAY
CASSLTGGAETQYF	VASQSIIAY
CASSPPPGTSVSYNEQFF	VASQSIIAY
CASSKMWGPGLAPQRNEQYF	VASQSIIAY
CASSTSPTGELFF	VASQSIIAY
CASRLLGDTEAFF	VASQSIIAY
CASSLAVTDTQYF	VASQSIIAY
CASSSDSEGNTIYF	VASQSIIAY
CASSQDGLAGVAQYF	VASQSIIAY
CASSLEIGQGADGYTF	VASQSIIAY
CSARPLQGASEQYF	VASQSIIAY
CASSLLGAEQYF	VASQSIIAY
CASTNGDNEQFF	VASQSIIAY
CATNGDTQYF	VASQSIIAY
CAISELAGYEQYV	VASQSIIAY
CARGTGDPNQPQHF	VASQSIIAY
CASTRDSHHEQYF	VASQSIIAY
CASSHHREYYNEQFF	VASQSIIAY
CASSPNRDEQFF	VASQSIIAY
CASSPTGVPQPQHF	VASQSIIAY
CASSVDSETQYF	VASQSIIAY
CASSRGTGSPLHF	VASQSIIAY
CASILLGQGANTEAFF	VASQSIIAY
CASSYTGELFF	VASQSIIAY
CAIALAQGVNYEQYF	VASQSIIAY
CASSQGGGNIQYF	VASQSIIAY
CASSPDGTNQPQHF	VASQSIIAY
CASSLGAPGELFF	VASQSIIAY
CASSSWTSGSDEQFF	VASQSIIAY
CASSLTSGGEEQYF	VASQSIIAY
CASSLLLTQHTGELFF	VASQSIIAY
CASFGDTQYF	VASQSIIAY
