CDR3	AA
CASIPGPTDTQYF	FLYIIKLIFL
CASSFGLGGAGNEQFF	FLYIIKLIFL
CATSRDRVTGELFF	FLYIIKLIFL
CSASLGTSGYNEQFF	FLYIIKLIFL
CASSPSLAGVYEQYF	FLYIIKLIFL
CASSFSPQGANNEQFF	FLYIIKLIFL
CASSLGAIPGPADTQYF	FLYIIKLIFL
CASSEQDRQETQYF	FLYIIKLIFL
CATSTARTTGEYF	FLYIIKLIFL
CASSFSRTSGDQETQYF	FLYIIKLIFL
CASSGVAGVYNEQFF	FLYIIKLIFL
CATLGGPLDGYTF	FLYIIKLIFL
CGGIRASHNEQFF	FLYIIKLIFL
CASSLMVRRDGNQPQHF	FLYIIKLIFL
CASSLAGTSPYNEQFF	FLYIIKLIFL
CASSDPGLTSTDTQYF	FLYIIKLIFL
CASSLGTTGGLTDTQYF	FLYIIKLIFL
CASSELGSTDTQYF	FLYIIKLIFL
CASSYGSFGYTF	FLYIIKLIFL
CASSQLSGGVYNEQFF	FLYIIKLIFL
CASSLAGPDRDGQYF	FLYIIKLIFL
CSVESRNPEAFF	FLYIIKLIFL
CAISAEGSDETQYF	FLYIIKLIFL
CASSLFGSNEQYF	FLYIIKLIFL
CASRAFSIYTEAFF	FLYIIKLIFL
CAWSVGYGYTF	FLYIIKLIFL
CASSSQIDQPQHF	FLYIIKLIFL
CASNIDSDGNTEAFF	FLYIIKLIFL
CASSRTTGSWGAEAFF	FLYIIKLIFL
CASSDHGLEGTQYF	FLYIIKLIFL
CASIGGAAGSYEQYF	FLYIIKLIFL
CASLSYNEQFF	FLYIIKLIFL
CASSEWVSTDTEAFF	FLYIIKLIFL
CASGASYNEQFF	FLYIIKLIFL
CATSREGRTETQYF	FLYIIKLIFL
CASSLPIVGLAGSRTDTQYF	FLYIIKLIFL
CASSPGGELFF	FLYIIKLIFL
CASSYIPMNTGELFF	FLYIIKLIFL
CASSQEIGVTVGSYNSPLHF	FLYIIKLIFL
CASSPGNEQFF	FLYIIKLIFL
CASSWPLGQGAVSDTEAFF	FLYIIKLIFL
CASSLAGTTNTGELFF	FLYIIKLIFL
CASSPWGGGGYTF	FLYIIKLIFL
CASSFPGGGHTEAFF	FLYIIKLIFL
CATSGLESAKETQYF	FLYIIKLIFL
CASSQAAYSSGAANEKLFF	FLYIIKLIFL
CASSLAGAGVQETQYF	FLYIIKLIFL
CASSHQGYSGDTQYF	FLYIIKLIFL
CATSSVRTGDQPQHF	FLYIIKLIFL
CASTVSTGGYSGANVLTF	FLYIIKLIFL
CSAVMDTQYF	FLYIIKLIFL
CASSSGASPQHF	FLYIIKLIFL
CASSLPSVSGPYNEQFF	FLYIIKLIFL
CASGQGHGGSPLHF	FLYIIKLIFL
CASRGADSGNTIYF	FLYIIKLIFL
CASSIPPAGGNDEQFF	FLYIIKLIFL
CASSEEPGWGANTEAFF	FLYIIKLIFL
CASSYTGPNPQETQYF	FLYIIKLIFL
CASSLALTVLFYEQYF	FLYIIKLIFL
CASSSFGTAVDTYEQYF	FLYIIKLIFL
CASSLTEHIAGLRETQYF	FLYIIKLIFL
CSAVFPGANVLTF	FLYIIKLIFL
CASSKVGTGGFKSSYNEQFF	FLYIIKLIFL
CASSPQPYTGELFF	FLYIIKLIFL
CSARLPSYNEQFF	FLYIIKLIFL
CASSPGLAGGPFYNEQFF	FLYIIKLIFL
CASSLAGSGSYNEQFF	FLYIIKLIFL
CASSTQGDTEAFF	FLYIIKLIFL
CASSIAADSYEQYF	FLYIIKLIFL
CASSSLQYYEQYF	FLYIIKLIFL
CASSLGYGTEAFF	FLYIIKLIFL
CASSHDEGVGTDMNTEAFF	FLYIIKLIFL
CASSPTGGEVNQPQHF	FLYIIKLIFL
CASSMGQGAEAEAFF	FLYIIKLIFL
CATSDWGTEEVNEQFF	FLYIIKLIFL
CAWSPGTSGSQDIQYF	FLYIIKLIFL
CASDNSGSYNEQFF	FLYIIKLIFL
CSAPHDSGELFF	FLYIIKLIFL
CASSGAYEQYF	FLYIIKLIFL
CSASTGAPLHF	FLYIIKLIFL
CASSTGTGGSYEQYF	FLYIIKLIFL
CASSSHPPGGGAVEDTQYF	FLYIIKLIFL
CAGAGYEQYF	FLYIIKLIFL
CSAVEGTEAFF	FLYIIKLIFL
CATSKQRAGGNGYTF	FLYIIKLIFL
CASSTSGNTEAFF	FLYIIKLIFL
CASSATGSTDTQYF	FLYIIKLIFL
CASSPQTGLDTEAFF	FLYIIKLIFL
CASSQERPGEQFF	FLYIIKLIFL
CSAPNWGTSVNNEQFF	FLYIIKLIFL
CATHTSQILYF	FLYIIKLIFL
CATVGGANVLTF	FLYIIKLIFL
CASSPQGATAYNSPLHF	FLYIIKLIFL
CSAPPRDYDNEQFF	FLYIIKLIFL
CASSDSSYNEQFF	FLYIIKLIFL
CSVFTGAGETQHF	FLYIIKLIFL
CSVVVLAGVQKLETQYF	FLYIIKLIFL
CASESHREDTIYF	FLYIIKLIFL
CASSYSGYNTEAFF	FLYIIKLIFL
CASILGGAFF	FLYIIKLIFL
CASSLEGTDYSYEQYF	FLYIIKLIFL
CSVRTPTKNIQYF	FLYIIKLIFL
CATSKKRAQETQYF	FLYIIKLIFL
CSAQDRGLDQPQHF	FLYIIKLIFL
CASSTGQGTNTGELFF	FLYIIKLIFL
CASSLPQGAGPPDTQYF	FLYIIKLIFL
CASSLGAGPHTDTQYF	FLYIIKLIFL
CSASPTVSPLHF	FLYIIKLIFL
CASSQSLAGVTDTQYF	FLYIIKLIFL
CASSQVATANTEAFF	FLYIIKLIFL
CASSQEWDRGGNEQYF	FLYIIKLIFL
CASSSLANEQFF	FLYIIKLIFL
CATSRVVTLNTEAFF	FLYIIKLIFL
CANGPGLAFNEQFF	FLYIIKLIFL
CATSDPSGIYNEQFF	FLYIIKLIFL
CASTLGEGEQFF	FLYIIKLIFL
CASSSLLLVGGTEAFF	FLYIIKLIFL
CASSLGTGSNEQFF	FLYIIKLIFL
CASSGSYNEQFF	FLYIIKLIFL
CSAGGALGIYEQYF	FLYIIKLIFL
CASSQDTSSTDTQYF	FLYIIKLIFL
CASSSPRQGVYEQYF	FLYIIKLIFL
CASSLGLSPPDTQYF	FLYIIKLIFL
CASSPTGATNEKLFF	FLYIIKLIFL
CASSQDGIGGFSYEQYF	FLYIIKLIFL
CASSLELGYTDTQYF	FLYIIKLIFL
CASSLGAGTGTTYEQYF	FLYIIKLIFL
CASTLRQAGETGELFF	FLYIIKLIFL
CASSLAGLGENTEAFF	FLYIIKLIFL
CATTIDDGNYGYTF	FLYIIKLIFL
CASSLWGYNEQFF	FLYIIKLIFL
CASRLAGDRLMNSPLHF	FLYIIKLIFL
CASSLYGTSGSYEQYF	FLYIIKLIFL
CSVEVARGGYNEQFF	FLYIIKLIFL
CASSQGGVGDLYTGELFF	FLYIIKLIFL
CASSAQTGDQETQYF	FLYIIKLIFL
CASSGLIQSGRATDTQYF	FLYIIKLIFL
CSAREASSYNEQFF	FLYIIKLIFL
CASRLFGTGGEKLFF	FLYIIKLIFL
CASSQGGLAGGPRDDIQYF	FLYIIKLIFL
CASSFATTDTQYF	FLYIIKLIFL
CASSLEIGDKGLVEQYF	FLYIIKLIFL
CASSLAPGNWGAGELFF	FLYIIKLIFL
CATSRERARDTQYF	FLYIIKLIFL
CASSFTSGRAPDTQYF	FLYIIKLIFL
CASSLAGGDEQYF	FLYIIKLIFL
CARLIKGVYGYTF	FLYIIKLIFL
CASSALWGPDYEQYF	FLYIIKLIFL
CASSPTGQGNLYEQYF	FLYIIKLIFL
CASSPFPGLAGGLGNEQFF	FLYIIKLIFL
CASSQLGENTGELFF	FLYIIKLIFL
CASSSYRGTNYGYTF	FLYIIKLIFL
CASSLGQGYNEQFF	FLYIIKLIFL
CSVEETYEQYF	FLYIIKLIFL
CASSQESGFSYNEQFF	FLYIIKLIFL
CASSLGTGGGEQYF	FLYIIKLIFL
CASYNGQGMRYYEQYF	FLYIIKLIFL
CASSPGGDEQFF	FLYIIKLIFL
CASSLGTGGNTEAFF	FLYIIKLIFL
CASSYMALNTEAFF	FLYIIKLIFL
CSVDRHGELFF	FLYIIKLIFL
CASSPDIQEGASETQYF	FLYIIKLIFL
CATSRDTLAGGFYEQYF	FLYIIKLIFL
CASSPNTLGTF	FLYIIKLIFL
CASSLYDYGYTF	FLYIIKLIFL
CASSPAGTLGTGELFF	FLYIIKLIFL
CASSSGHEYNEQFF	FLYIIKLIFL
CASSDLTDNTGELFF	FLYIIKLIFL
CASSIVRDRVGVGNQPQHF	FLYIIKLIFL
CASSLGGNEQFF	FLYIIKLIFL
CASSLPMGAGVADTQYF	FLYIIKLIFL
CASSVYLAGGPGTGELFF	FLYIIKLIFL
CASSYTLDRATEAFF	FLYIIKLIFL
CASSEGQGFGYTF	FLYIIKLIFL
CASSPSGGATETQYF	FLYIIKLIFL
CASSSGVNYNEQFF	FLYIIKLIFL
RASSFRDRWDEKLFF	FLYIIKLIFL
CASSLRTSAGSTDTQYF	FLYIIKLIFL
CATSDFGDTQYF	FLYIIKLIFL
CASSFGQGLPGELFF	FLYIIKLIFL
CASSLTGTSTDTQYF	FLYIIKLIFL
