CDR3	AA
CASSSPGHEGEKLFF	LQFAYANRNR
CASSQGLNTEAFF	LQFAYANRNR
CASSVGGQDNSPLHF	LQFAYANRNR
CASSDEGLAGGWHEQYF	LQFAYANRNR
CASSPLDSGGLTDTQYF	LQFAYANRNR
CATNDEEGLNTEAFF	LQFAYANRNR
CSVEEEWGTEAFF	LQFAYANRNR
CASTEAWTDTDTQYF	LQFAYANRNR
CASRLPGTMNTEAFF	LQFAYANRNR
CASSQDLGSTDTQYF	LQFAYANRNR
CASSLGGRAADTQYF	LQFAYANRNR
CASSAGGQDNSPLHF	LQFAYANRNR
CASIKDGSDEAFF	LQFAYANRNR
CASSFNEQYF	LQFAYANRNR
CASSQEEGRNYNEQFF	LQFAYANRNR
CATSDGGQSQETQYF	LQFAYANRNR
CASELSTNTGELFF	LQFAYANRNR
CAWTDSGIADTQYF	LQFAYANRNR
CASSYTSGPYEQYF	LQFAYANRNR
CASSPDSLAGVNEQFF	LQFAYANRNR
CASSQTENTEAFF	LQFAYANRNR
CASSYYSTDYEQYF	LQFAYANRNR
CASSLPQGMSTGELFF	LQFAYANRNR
CASSESQQEFSYNEQFF	LQFAYANRNR
CASSVAGTGANVLTF	LQFAYANRNR
CASSDEGLAGVYNEQFF	LQFAYANRNR
CASSLAGTADYGYTF	LQFAYANRNR
CASSQDSTGAPDTQYF	LQFAYANRNR
CASSWETGAGETQYF	LQFAYANRNR
CASSQDRDFEKLFF	LQFAYANRNR
CASTAGTGGNTEAFF	LQFAYANRNR
CASSLGELGGSYNEQFF	LQFAYANRNR
CASSLSSGGQYNEQFF	LQFAYANRNR
CASSIAASSTDTQYF	LQFAYANRNR
CASSYAGTSYVDTQYF	LQFAYANRNR
CASSEEGTSAAYEQYF	LQFAYANRNR
CASSSYPPPGEETQYF	LQFAYANRNR
CASSLDWGGAYNEQFF	LQFAYANRNR
CSPESTSGGAGDTQYF	LQFAYANRNR
CASSFGGAGGQETQYF	LQFAYANRNR
CASSPSGTADYEQYF	LQFAYANRNR
CSADEQYF	LQFAYANRNR
CATSEDGTGGLDEQYF	LQFAYANRNR
CASSVGHLTSTDTQYF	LQFAYANRNR
CASSVAGQDNSPLHF	LQFAYANRNR
CAISEEESDTQYF	LQFAYANRNR
CATSESGTTDEQYF	LQFAYANRNR
CASSQLERGGEEQYF	LQFAYANRNR
CASSTEEGGGTYNEQFF	LQFAYANRNR
CASSPEVGEKNEQFF	LQFAYANRNR
CSVAGTGITDTQYF	LQFAYANRNR
CASSYGGAADYGYTF	LQFAYANRNR
CASSERRDRDHHQPQHF	LQFAYANRNR
CASSPWTGGTTNEKLFF	LQFAYANRNR
CATSRSTVKETQYF	LQFAYANRNR
CASSVGGQDNSPLHF	LQFAYANRNR
CASSYSAGVPYEQYF	LQFAYANRNR
CASSSLTGPGQNTGELFF	LQFAYANRNR
CASSYLTGSTDTQYF	LQFAYANRNR
CASSWDVLYEQYF	LQFAYANRNR
CASSVSPTSGPHNEQFF	LQFAYANRNR
CSVELAPPGVANEQFF	LQFAYANRNR
CASRGTDGNQPQHF	LQFAYANRNR
CASSEGNRAVEKLFF	LQFAYANRNR
CASSYQMTANTEAFF	LQFAYANRNR
CASRTGTADTQYF	LQFAYANRNR
CASSSEGGADSPLHF	LQFAYANRNR
CASSVAGQENGELFF	LQFAYANRNR
CATSEETSGGYEQYF	LQFAYANRNR
CASSYDLGENQPQHF	LQFAYANRNR
CASRLMDGIYNEQFF	LQFAYANRNR
