CDR3	AA
CASSLEIGTEAFF	APAHISTI
CSVLAGGSYEQYF	APAHISTI
CASSHTGTSGGGFYNEQFF	APAHISTI
CASSLPLSGTSSSDTQYF	APAHISTI
CASSVSGVAYEQYF	APAHISTI
CASSPGGGEQYF	APAHISTI
CASSQEGTLNEQFF	APAHISTI
CSAQSPDKPQHF	APAHISTI
CASGLGLAGVSYNEQFF	APAHISTI
CASSPQGGFLEKEKNIQYF	APAHISTI
CASSGTAETQYF	APAHISTI
CASSFGNQPQHF	APAHISTI
CASSLSGLEQFF	APAHISTI
CSARDVGEQYF	APAHISTI
CSASDGRTNEKMTEAFF	APAHISTI
CASRGLAGTADTQYF	APAHISTI
CATSVRDRVETQYF	APAHISTI
CASSFSLEQFF	APAHISTI
CASSYGGVYEQYF	APAHISTI
CASSPISGVNQPQHF	APAHISTI
CASSLTGVSGEQFF	APAHISTI
CASSQELGAGELFF	APAHISTI
CASSGTGSEAFF	APAHISTI
CASSSPGTSGDTQYF	APAHISTI
CASSQPLGDGETQYF	APAHISTI
CASVRGINPDTQYF	APAHISTI
CASAWIPGQGNTGELFF	APAHISTI
CASGGINSGEQYF	APAHISTI
CSVEDQRGSSYEQYF	APAHISTI
CASSLEQGVFDEQFF	APAHISTI
CSVVEPAGDGYTF	APAHISTI
CASSEGSRVTELDF	APAHISTI
CASTPGLAGGSSYNEQFF	APAHISTI
CASSLVGQGYEQYF	APAHISTI
CASSFLGDTGELFF	APAHISTI
CASSPPSKVTEQFF	APAHISTI
CASSLSTGSEAFF	APAHISTI
CASSQASGQETQYF	APAHISTI
CASSLVTGELFF	APAHISTI
CASSLKENSPLHF	APAHISTI
CATSSLDRGAEAFF	APAHISTI
CASSPTTGASYNEQFF	APAHISTI
CASSLAASSYEQYF	APAHISTI
CASSHTRGEDYGYTF	APAHISTI
CSVEPTEAFF	APAHISTI
CASSTLEGREQYF	APAHISTI
CSARDEREPPKYF	APAHISTI
IGGVEETQYF	APAHISTI
CASSLGQGLGNTYEQYF	APAHISTI
CASSWGAGGEQYF	APAHISTI
CASQGVNTEAFF	APAHISTI
CASSLEGFTGELFF	APAHISTI
CALGGNEQYF	APAHISTI
CASIGGNEQFF	APAHISTI
CASSRDPGPTGNTIYF	APAHISTI
CSVISGSGYTF	APAHISTI
CSVEFGTQYF	APAHISTI
CASSFSHEQYF	APAHISTI
CASSPLVAGADTQYF	APAHISTI
CASSPRLAGDTQYF	APAHISTI
CASGTGGQETQYF	APAHISTI
CASSQVGLGVHEQFF	APAHISTI
CASGLAGTQYF	APAHISTI
CACPGRGNEQFF	APAHISTI
CASSPLTGLTDTQYF	APAHISTI
CASSPLAGDSYNEQFF	APAHISTI
CASSPTGLAEQFF	APAHISTI
CASSMTGGGTDTQYF	APAHISTI
CASSPGKGYTF	APAHISTI
CASPTSDSYNEQFF	APAHISTI
CASSPGVAASIQNF	APAHISTI
CASSDGGALSETQYF	APAHISTI
CASWRLAGETSSYEQYF	APAHISTI
CSATGTVTYEQYF	APAHISTI
CASTWGTSGSEQYF	APAHISTI
CASSRTGLTGELFF	APAHISTI
CASRTSGPLLHF	APAHISTI
CASTIGQPNTGELFF	APAHISTI
CASSQVGSGTGELFF	APAHISTI
CASSFGYEQYF	APAHISTI
CATSDSGIEQYF	APAHISTI
CASSLLASSTDTQYF	APAHISTI
CASLAGGLEQFF	APAHISTI
CASSSPGVSSYEQYF	APAHISTI
CASRWGGNEQFF	APAHISTI
CASSLAPGTGKGETQYF	APAHISTI
CASSHRKDSNSYEQYF	APAHISTI
CASSLSGNEQFF	APAHISTI
CASSGGLAGGRAYNEQFF	APAHISTI
CSVLRRDRAYNEQFF	APAHISTI
CASSYGANTGELFF	APAHISTI
CSAPPLKTGYNEQFF	APAHISTI
CASSLTAADGTQYF	APAHISTI
CASSTGTDPNEKLFF	APAHISTI
CAQGGNEQFF	APAHISTI
CASGLVSGGPSSYEQYF	APAHISTI
CASSLGVLETQYF	APAHISTI
CSVFGTGRNTGELFF	APAHISTI
CASSFGGGGEQYF	APAHISTI
CASTLYPEQYF	APAHISTI
CASRTITFNQPQHF	APAHISTI
CSAREVGGYTF	APAHISTI
CASNRQEGTEKLFF	APAHISTI
CAISEPGLDLYEQYF	APAHISTI
CASSGLAGSNEQFF	APAHISTI
CASSPPDRVTEAFF	APAHISTI
CATSDFADSRSQETQYF	APAHISTI
CASSLSIGNEQFF	APAHISTI
CASSLGGSSYNEQFF	APAHISTI
CASNRDGTAGELFF	APAHISTI
CASSQQSGHTYEQYF	APAHISTI
CASSLSGRGLSYEQYF	APAHISTI
CASSQDPTKMSAGYEQYF	APAHISTI
CASSLTGGNEQFF	APAHISTI
CASSPWGQSDEQYF	APAHISTI
CASSLSPGNEQFF	APAHISTI
CSARDLTHNYGYTF	APAHISTI
CASSPEGGLYYGYTF	APAHISTI
CASSPTGSPLHF	APAHISTI
CASSYGGGPYNEQFF	APAHISTI
CASSPPDRGDEQYF	APAHISTI
CSAFAATGGDQPQHF	APAHISTI
CASSLQLGAEAFF	APAHISTI
CASCGGALTDTQYF	APAHISTI
CASSPRLTSESPYEQYF	APAHISTI
CSARDPYEQYF	APAHISTI
CASSRVGQGQNEQFF	APAHISTI
CSARGLAFNEQFF	APAHISTI
CASINRVQETQYF	APAHISTI
CASSRHSGGNTGELFF	APAHISTI
CASSLPLRSSYEQYF	APAHISTI
CASSLQEGNEQFF	APAHISTI
CASSPPVSGELFF	APAHISTI
CSVEDGLGAKTQYF	APAHISTI
CASSYSIGTVNTEAFF	APAHISTI
CASSLLQRGTYEQYF	APAHISTI
CASSQPSTDTQYF	APAHISTI
CSVEGGTGEWNTEAFF	APAHISTI
CASSLGVLPITDTQYF	APAHISTI
CASGGNEQYF	APAHISTI
CASSKCPGTGANVLTF	APAHISTI
CASSPLTARGGFDTF	APAHISTI
CSATPDTQYF	APAHISTI
CASSPGPVYTF	APAHISTI
CASSSLSGPYNEQFF	APAHISTI
CASSLGPDTQYF	APAHISTI
CASSYGGTQYF	APAHISTI
CSARDRLSPEAFF	APAHISTI
CASSLVNNEQFF	APAHISTI
CSASGGAVWGNQPQHF	APAHISTI
CASSPDSQFYEQYF	APAHISTI
CASRSGGQPQHF	APAHISTI
CASSPLGTASFSDTQYF	APAHISTI
CASSTLAGVRNEQYF	APAHISTI
CASSISGTGASNEQFF	APAHISTI
CASSFRHEGGTYEQYF	APAHISTI
CASLLNEQYF	APAHISTI
CAIRDENSYNEQFF	APAHISTI
CAIQKGGGQTDTQYF	APAHISTI
CASSPLAGVDEQFF	APAHISTI
CASSYGGTAFF	APAHISTI
CASSSLLQETQYF	APAHISTI
CSASPLPGQGWETQYF	APAHISTI
CASSELTGPMGELFF	APAHISTI
CASSSGQGADTQYF	APAHISTI
CASSTTLTNEQFF	APAHISTI
CASSSTWTSGRAPGEQYF	APAHISTI
CASGLRGNYNEQFF	APAHISTI
CASTSLPGQTFSEQYF	APAHISTI
CASSLTSQGSPYEQYF	APAHISTI
CATEQYF	APAHISTI
CASSTRGVSFPNTEAFF	APAHISTI
CASSRSGPGELFF	APAHISTI
CSDLWTWGNMNTEAFF	APAHISTI
CASSLWVAYNEQFF	APAHISTI
CSARGPSGSVGEQFF	APAHISTI
CASSYWVHSNQPQHF	APAHISTI
CASSELPGGMDEQFF	APAHISTI
CAYQSGGEQYF	APAHISTI
CASSPGLAGGGYNEQFF	APAHISTI
CASSGTGAYGYTF	APAHISTI
CASSWTYRSNQPQHF	APAHISTI
CASSLTGGNEQFF	APAHISTI
CASTATGAWGANVLTF	APAHISTI
CSVVTGRGSAEAFF	APAHISTI
CATSRVGVAAYPGTDTQYF	APAHISTI
CASSQDPGPSSGYGYTF	APAHISTI
CASTPASGAEAFF	APAHISTI
CASALTGVPTDTQYF	APAHISTI
CASSSLPGQGASGAYEQYF	APAHISTI
CASSLESAEKLFF	APAHISTI
CASMSGGILTF	APAHISTI
CSASKGNNEKLFF	APAHISTI
CASSEPGLAITDTQYF	APAHISTI
CSASRSTEAFF	APAHISTI
CSVVGGTGSYEQYF	APAHISTI
CASSYSGTSEYEQYF	APAHISTI
CASSQDGLEQFF	APAHISTI
CASSFSLAGGTGELFF	APAHISTI
CASSFQRDLTEQPQHF	APAHISTI
CASSYQEFGEQFF	APAHISTI
CASSPLAGGPTMHDNEQFF	APAHISTI
CSVFGTDPNQPQHF	APAHISTI
CASSIGTGAYEQYF	APAHISTI
CSAYGPGAGNQPQHF	APAHISTI
CASSWAGADTQYF	APAHISTI
CASTSAQGDEQFF	APAHISTI
CASSSPGQGYTGELFF	APAHISTI
CASSFLQGAPLHF	APAHISTI
CASSPPLGRETGAQPQHF	APAHISTI
CSVEENLTGELFF	APAHISTI
CSVETQDRGYEQYF	APAHISTI
CASSQGGFEQFF	APAHISTI
CASSEDGGNTEAFF	APAHISTI
CASSQVGGGFGYTF	APAHISTI
CASSEGLLIYEQYF	APAHISTI
CASTAVGNEQFF	APAHISTI
CAWVWGGELFF	APAHISTI
CASSHLPGSNQPQHF	APAHISTI
CASSPPSSTYEQYF	APAHISTI
CASSFTAGNLPETQYF	APAHISTI
CASVTATANEQFF	APAHISTI
CASSQESGINEQFF	APAHISTI
CASSPWTGGYEQYF	APAHISTI
CASSPPPGDVVEDEQYF	APAHISTI
CSVGARSPSSGGYTF	APAHISTI
CASSWTGTEAFF	APAHISTI
CASSLSMTSGGYNEQFF	APAHISTI
CATSDLGQAQYF	APAHISTI
CASSELGHTDTQYF	APAHISTI
CASSLTTGGNQPQHF	APAHISTI
CASSWRTGSCWGYTF	APAHISTI
CSARDVDSGGGNEQFF	APAHISTI
CASSYIPVHEQFF	APAHISTI
CASSQETGAGEKLFF	APAHISTI
CASSLGASYNEQFF	APAHISTI
CSASQGTALQFF	APAHISTI
CASSQASGIGNTIYF	APAHISTI
CASSPPDSFYGYTF	APAHISTI
CASSPPGSNMNTEAFF	APAHISTI
CASSWTSGVRAGELFF	APAHISTI
CASSLAGQGGIQYF	APAHISTI
CASSQLTSGSSHEQFF	APAHISTI
CATSDLTGTPRQYF	APAHISTI
CASSHWASGSNEQYF	APAHISTI
CSVVGDYGYTF	APAHISTI
CASSFWVVSYEQYF	APAHISTI
CASSLEGSTGFLVNTEAFF	APAHISTI
CASSLDGNEQFF	APAHISTI
CASSPHTGAQETQYF	APAHISTI
CASSYFGNGELFF	APAHISTI
CASSEGSGTEAFF	APAHISTI
CASSYGLGSGYTF	APAHISTI
CASSFAARPAGDLDTQYF	APAHISTI
CATSDQGTGELFF	APAHISTI
CASSIMGTGVGNQPQHF	APAHISTI
CASSSILGGAWTDTQYF	APAHISTI
CSVDRQGRKDNYGYTF	APAHISTI
CASSQWNQWGTSDTQYF	APAHISTI
CASSPLPDSYEQYF	APAHISTI
CAWSVPQENPNQPQHF	APAHISTI
CASGRDATDEKLFF	APAHISTI
CASSLMGTSGYEQYF	APAHISTI
CASSTLRSKQFF	APAHISTI
CASLAGRTNEKLFF	APAHISTI
CSVIQGWNTEAFF	APAHISTI
CSATDRGSYEQYF	APAHISTI
CSATTGLGYEQYF	APAHISTI
CASSLGEGAHPYEQYF	APAHISTI
CASSKSGGLNNEQFF	APAHISTI
CASSLSTLEQYF	APAHISTI
CSAREVGSNQPQHF	APAHISTI
CASSQETGAGTEAFF	APAHISTI
CASSLVDRGTYEQYF	APAHISTI
CASSLVGGPEAFF	APAHISTI
CASSRPAYNEQFF	APAHISTI
CASSIIAGVSGANVLTF	APAHISTI
CASSSLIPGYVYGYTF	APAHISTI
CAGLTGDGYTF	APAHISTI
CASSLAGDNGYTF	APAHISTI
CASSPQGVETQYF	APAHISTI
CASSFSRGRSTDTQYF	APAHISTI
CASSPIFTSGGLRAGELFF	APAHISTI
CASSPAGYTGELFF	APAHISTI
CASSEVGTGYNEQFF	APAHISTI
CASSPTDRVHEQYF	APAHISTI
CASSPKEGLASYEQYF	APAHISTI
CASSSLQGQSTDTQYF	APAHISTI
CASSHRQGSYEQYF	APAHISTI
CATSGGEYNEQFF	APAHISTI
CASSLSAYEQYF	APAHISTI
CASSYGGETQYF	APAHISTI
CASSPAGAEAFF	APAHISTI
CSAAPRGSYEQYF	APAHISTI
CSATSSGRANEQFF	APAHISTI
CASSSGTGGWEEQYF	APAHISTI
CASSYTGGGEFF	APAHISTI
CASSRTSGESNTGELFF	APAHISTI
CASSPLGTSGPEQYF	APAHISTI
CASSFAALYEQYF	APAHISTI
CASSEISYAFF	APAHISTI
CSAPRGGFGQPQHF	APAHISTI
CASSGTGETGELFF	APAHISTI
CASSLGNTGELFF	APAHISTI
CASSLTGTLHNEQFF	APAHISTI
CASSREAPLNYGYTF	APAHISTI
CSVPGQGDGYTF	APAHISTI
CASGLGIAGASLDEQFF	APAHISTI
CASSQAGTGNYGYTF	APAHISTI
CASSHGQSSQPQHF	APAHISTI
CASSPPSSSTEAFF	APAHISTI
CASSYGGTQYF	APAHISTI
CASSLGTLRYF	APAHISTI
CASSLYMPVEKLFF	APAHISTI
CASLGGPSMNTEAFF	APAHISTI
CASSPVRSNQPQHF	APAHISTI
CASSLGLVAEETQYF	APAHISTI
CASSPTGSPLHF	APAHISTI
CASSLAQLSSYEQYF	APAHISTI
CASSQYRETYEQYF	APAHISTI
CASSLRGLAGSEQFF	APAHISTI
CASSGPRDYPSSYNEQFF	APAHISTI
CSGTSGLGYEQYF	APAHISTI
CASSWASQSGELFF	APAHISTI
CASSFGSQETQYF	APAHISTI
CASSLTGEGAYGYTF	APAHISTI
CASSPPDRVYEQYF	APAHISTI
CSASSLSQGADQPQHF	APAHISTI
CASSFGDGNYGYTF	APAHISTI
CASSPRDRGDEQFF	APAHISTI
CASSLKTYEQYF	APAHISTI
CASSPTSETQYF	APAHISTI
CASSLLYYEAFF	APAHISTI
CASSPHMNTEAFF	APAHISTI
CASSKPGQGSYEQYF	APAHISTI
CASSSTPLPQETQYF	APAHISTI
CASSQMGRDNEQFF	APAHISTI
CASSEGTGYGYTF	APAHISTI
CSVESGLGNIQYF	APAHISTI
CASSLMDANEQYF	APAHISTI
CASSFWLGEQFF	APAHISTI
CASSPSGVGYTF	APAHISTI
CASSSPPWNTGELFF	APAHISTI
CASSLQGGEKLFF	APAHISTI
CASSLDQTTNYGYTF	APAHISTI
CASSLQGGNQPQHF	APAHISTI
CASSLVSGANVLTF	APAHISTI
CAKGGTPNGYTF	APAHISTI
CSAPMGSGGGELFF	APAHISTI
CASSPPDRVYEQYF	APAHISTI
CAGQGAHSGELFF	APAHISTI
CSVEEKLVGTEAFF	APAHISTI
CSATGPSHGIDEQYF	APAHISTI
CASSYASGEQYF	APAHISTI
CASSRIGNPLEQYF	APAHISTI
CASSEGSGGELFF	APAHISTI
CASSVSQGRGGSYEQYF	APAHISTI
CSAFPLAVAKNIQYF	APAHISTI
CASSLGLTGELFF	APAHISTI
CASSGGHLSTYMNTEAFF	APAHISTI
CASSRGGPLNGELFF	APAHISTI
CASTPPGTMLGQETQYF	APAHISTI
CASSQSWGMNTEAFF	APAHISTI
CASSFTGLAAGQYF	APAHISTI
CASRGLAGDLSADTQYF	APAHISTI
CASSPLGSEAFF	APAHISTI
CASSGQAGQPQHF	APAHISTI
CASSVRETAPGEQYF	APAHISTI
CASTPRGRNYEQYF	APAHISTI
CASSLSVGTEQYF	APAHISTI
CASSLSIPGALYEQYF	APAHISTI
CAISGGLAGNTDTQYF	APAHISTI
CASRIPDRGRLDGENIQYF	APAHISTI
CSVITGTKYGYTF	APAHISTI
CASSLGRVLRSDTEAFF	APAHISTI
CASSQEMGPEAFF	APAHISTI
CSATGTVYNEQFF	APAHISTI
CASSFSGTGIKETQYF	APAHISTI
CSAREPNEQFF	APAHISTI
CASSYGSAGQETQYF	APAHISTI
CASFRDNEAFF	APAHISTI
CASSSEGTSVSTDTQYF	APAHISTI
CSASWLAGGRYTDTQYF	APAHISTI
CASSEALNGNEQFF	APAHISTI
CASSLSGQGYTEAFF	APAHISTI
CASSLGQGTEAFF	APAHISTI
CSVEEGLGETQYF	APAHISTI
CASSPITGELFF	APAHISTI
CATGTGGLGNSPLHF	APAHISTI
CASSHTGNTGELFF	APAHISTI
CASSQGGNTEAFF	APAHISTI
CAWTDGRKYF	APAHISTI
CASSLFQGRETQYF	APAHISTI
CASSLSIGSQPQHF	APAHISTI
CSVETQGYTF	APAHISTI
CASSISPGNTGELFF	APAHISTI
CASSLNFMGNEQFF	APAHISTI
CASGPKNTGELFF	APAHISTI
CASIPQTSGSINEQFF	APAHISTI
CSVDGNTGELFF	APAHISTI
CASSLAPSGGSTDTQYF	APAHISTI
CASSSGLALYEQYF	APAHISTI
CASDLGSQPQQFF	APAHISTI
CASSHGGNTEAFF	APAHISTI
CASSPHAGRTANTGELFF	APAHISTI
CASTGQTATNNEQFF	APAHISTI
CASEPGQPQHF	APAHISTI
CASSSGLAGYNEQFF	APAHISTI
CASSLRREETNF	APAHISTI
CASSSNPSVGEGAYEQYF	APAHISTI
CASSLPSGVGWDTQYF	APAHISTI
CASLGLWGQYGYTF	APAHISTI
CASSWLPGQGTHTEAFF	APAHISTI
CASSLVRTEAFF	APAHISTI
CASSQDLASGYAPDTQYF	APAHISTI
CASSPRANEQFF	APAHISTI
CASSLSPGQGTHEQYF	APAHISTI
CSVEDPGSPLQETQYF	APAHISTI
CASSLSGPYGYTF	APAHISTI
CASSYSGGTSEAFF	APAHISTI
CASSAQPWTEGDEQFF	APAHISTI
CASSPGINEQFF	APAHISTI
CASSPRDRAMDGYTF	APAHISTI
CASSPPPGQGINEQYF	APAHISTI
CASSQEYTYEQYF	APAHISTI
CASSLVTGELFF	APAHISTI
CATSSRQGESPYEQYF	APAHISTI
CASSPPTGELFF	APAHISTI
CASSLAGADEQFF	APAHISTI
CASSQVVGSSYNEQFF	APAHISTI
CASSYTWGQMNTEAFF	APAHISTI
CSDEDGLNTEAFF	APAHISTI
CSAVRLAGKNIQYF	APAHISTI
CASSKGQGNEQFF	APAHISTI
CASIDRGQETQYF	APAHISTI
CSAVQGSAMANEKLFF	APAHISTI
CASSQANRAGASGDDEQFF	APAHISTI
CASTSPRGSGELFF	APAHISTI
CASSFTGGDGYTF	APAHISTI
CASSSGDNNEQFF	APAHISTI
CATGDTQYF	APAHISTI
CASSPPNRFYEQYF	APAHISTI
CSARVPNEQFF	APAHISTI
CASSVYEGSVNTGELFF	APAHISTI
CSARGTSSYEQYF	APAHISTI
CASSPGTWGTEAFF	APAHISTI
CASSLSGLTDTQYF	APAHISTI
CASSLELSSATYEQYF	APAHISTI
CASSFGGAQGDTQYF	APAHISTI
CASSDLAGHNEQFF	APAHISTI
CASSAAGGGGPGWETQYF	APAHISTI
CASSMEGNEQFF	APAHISTI
CASSYGLAGEFANTGELFF	APAHISTI
CSALPVAGIAKNIQYF	APAHISTI
CSVASGPGQPQHF	APAHISTI
CASSFLPGQGKNTGELFF	APAHISTI
CATSVSSQETQYF	APAHISTI
CSGLGPEGKNTEAFF	APAHISTI
CASSQVFSGGEREQYF	APAHISTI
CATSRDYNEQFF	APAHISTI
CASSQMGVNEQFF	APAHISTI
CASRGTGGINEQFF	APAHISTI
CASSGIQETQYF	APAHISTI
CASSYGRGQDNQPQHF	APAHISTI
CAWTDGRKYF	APAHISTI
CATSDYDGNSIGYTF	APAHISTI
CASSLRQKFYEQYF	APAHISTI
CASSYAGVGGELFF	APAHISTI
CASLIQGANEQYF	APAHISTI
CASSAGDRTYEQYF	APAHISTI
CASSLSGVLEQYF	APAHISTI
CSASGVAQPQHF	APAHISTI
CSAVDYGYTF	APAHISTI
CSARDIGEQFF	APAHISTI
CASSPTVSGANVLTF	APAHISTI
CASSRLAGRISNTGELFF	APAHISTI
CATSDLPGQEEGETQYF	APAHISTI
CASSMPLSYEQYF	APAHISTI
CASSLGASPDTQYF	APAHISTI
CASSPPDRVVEQYF	APAHISTI
CASSEAEWGYEQYF	APAHISTI
CASRDVLAGAFF	APAHISTI
CAWFTFGELFF	APAHISTI
CASRGRNGGELFF	APAHISTI
CASSQAPGSYEQYF	APAHISTI
CASMTTTRQETQYF	APAHISTI
CASSQDTRTYEQYF	APAHISTI
CSARRQGFSSYEQYF	APAHISTI
CASSLGQPNTGELFF	APAHISTI
CASSPPDRFYEQYF	APAHISTI
CASRPGQGSGELFF	APAHISTI
CASSTSGTGSYEQYF	APAHISTI
CSARDLIGLSGNTIYF	APAHISTI
CASSPPDRGYEQYF	APAHISTI
CASQGGIETQYF	APAHISTI
CASSLRDSYEQYF	APAHISTI
CSVETTGAGSSYEQYF	APAHISTI
CATSDSVGELFF	APAHISTI
CASSPRGELLTNTEAFF	APAHISTI
CASSLSVAGSYGYTF	APAHISTI
CASSVGTTIPTNEKLFF	APAHISTI
CASSQSGTSGETQYF	APAHISTI
CASNLEAFF	APAHISTI
CASSTSAGYGYTF	APAHISTI
CASGSGQGTSGYNEQFF	APAHISTI
CASSLTSTDTQYF	APAHISTI
CASSLRVNEQFF	APAHISTI
CSASLPSNEQFF	APAHISTI
CSVVGDPYSGANVLTF	APAHISTI
CASSTRDRGSYEQYF	APAHISTI
CASSISTGNEQFF	APAHISTI
CASSSQREGGETQYF	APAHISTI
CASSPGGGNEQFF	APAHISTI
CASSRLGNEQFF	APAHISTI
CASSLGNVRTDYEQYF	APAHISTI
CSVDRTGSGNEQFF	APAHISTI
CASSTGLAGATDTQYF	APAHISTI
CATSEFGAAWTQYF	APAHISTI
CASSFFSGGAIYNEQFF	APAHISTI
CASSLSGQNYEQYF	APAHISTI
CSVERQGAGYGYTF	APAHISTI
CSAGTSGVEQFF	APAHISTI
CASTSSGRGYTF	APAHISTI
CASSPSSTDTQYF	APAHISTI
CATSRDTGGTDTQYF	APAHISTI
CSVEIPAGPSYEQYF	APAHISTI
CATSSRDGTYEQYF	APAHISTI
CASGTSGDTGELFF	APAHISTI
CASTQGPPLAGGYNEQFF	APAHISTI
CASNYQPQHF	APAHISTI
CASSYWGNEQFF	APAHISTI
CAAIWTGGDSVTYEQYF	APAHISTI
CASSIQTGQGLSYNEQFF	APAHISTI
CSVIGDYGYTF	APAHISTI
CASSDSLSNEQFF	APAHISTI
CASSLHNYNEQFF	APAHISTI
CASSQDAGGPGETQYF	APAHISTI
CASKSEGQGVRDGYEQYF	APAHISTI
CASRALADTYNEQFF	APAHISTI
CASSPEVYGGAYEQYF	APAHISTI
CSASGSYEQYF	APAHISTI
CASSLEPYNEQFF	APAHISTI
CAISESVGIGQYF	APAHISTI
CSAPSDTQYF	APAHISTI
CSAREVWEGQLF	APAHISTI
CASSLTRQANTGELFF	APAHISTI
CSARDPVGNSFSGNTIYF	APAHISTI
CASSLFGQELHF	APAHISTI
CASSPFQIAGSYEQYF	APAHISTI
CASSLAGTGGRGYTF	APAHISTI
CASRTMAMETQYF	APAHISTI
CASSPPSQETQYF	APAHISTI
CASSSGVGEQYF	APAHISTI
CASSPGSLAGRDIQYF	APAHISTI
CSAKASSGLNNEQFF	APAHISTI
CAGNRGEQFF	APAHISTI
CASSLRPYEQYF	APAHISTI
CSVEIGEQFF	APAHISTI
CASSQVESGDNEQFF	APAHISTI
CASSYKSGGHPGYGYTF	APAHISTI
CASGPSWGAEQYF	APAHISTI
CASSPGQGGYGYTF	APAHISTI
CASSPGTEAFF	APAHISTI
CASSLGGQGGYTF	APAHISTI
CASSVGGSSQETQYF	APAHISTI
CASSHGTGGEQYF	APAHISTI
CASSLQGANEKLFF	APAHISTI
CAWSFTPGDGNEKLFF	APAHISTI
CAIVDRAEETQYF	APAHISTI
CASSPVGTSGFEQFF	APAHISTI
CASSIAGGSYEQYF	APAHISTI
CASSYGQGTQPQHF	APAHISTI
CSAPLAGVEQYF	APAHISTI
CASSPVGVNEQFF	APAHISTI
CSVPGGNTEAFF	APAHISTI
CSVEDQAGQGSYEQYF	APAHISTI
CSVEEGLYWNGYTF	APAHISTI
CASTDAGVNYGYTF	APAHISTI
CASSELGARGTDTQYF	APAHISTI
CASSQEAGPYYEQYF	APAHISTI
CASSLAGGPQNIQYF	APAHISTI
CASSQTFRDSSYEQYF	APAHISTI
CASSPGTGFPGELFF	APAHISTI
CASSAQGASSYEQYF	APAHISTI
CASSLRTDTQYF	APAHISTI
CASSIRGSTEAFF	APAHISTI
CASSFLPGEVSGGELFF	APAHISTI
CASSLSSVTDTQYF	APAHISTI
CASSQGLVTGDPHEQYF	APAHISTI
CASSETSGYYNEQFF	APAHISTI
CASSLTDSNQPQHF	APAHISTI
CSAGGVGVIQPQHF	APAHISTI
CASSLTGANEQFF	APAHISTI
CASSYGLSGLETQYF	APAHISTI
CASSLGGEQYF	APAHISTI
CASSIILITDTQYF	APAHISTI
CASSLEGLQPQHF	APAHISTI
CASSFLAGTDTQYF	APAHISTI
CASSQGLLAGGALSETQYF	APAHISTI
CATSASGDYGYTF	APAHISTI
CASSLISYEQYF	APAHISTI
CSARDVDEQYF	APAHISTI
CASSIVGGSEQFF	APAHISTI
CASSFGQAGEQYF	APAHISTI
