CDR3	AA
CASQVAGGINNEQFF	AEVQIDRLIT
CASRPGQGNNEQFF	AEVQIDRLIT
CASRTGTGNNEQFF	AEVQIDRLIT
CASSESGGVETQYF	AEVQIDRLIT
CASSFGHEQYF	AEVQIDRLIT
CASSLTDRLNSPLHF	AEVQIDRLIT
CSATPTDSYNEQFF	AEVQIDRLIT
CASSFGHEQYF	AEVQIDRLIT
CASSLEGATNEKLFF	AEVQIDRLIT
CASSRVRDRVYEQYF	AEVQIDRLIT
RARGTSGWNRLWEQYF	AEVQIDRLIT
CASSLAGGPNNEQFF	AEVQIDRLIT
CASSLYYSGTNYEQYF	AEVQIDRLIT
RARGTSGWNRLWEQYF	AEVQIDRLIT
CASTRQGWGPQHF	AEVQIDRLIT
CSARERPAAYNEQFF	AEVQIDRLIT
CASSSGRAYEQFF	AEVQIDRLIT
CASREGIGNQPQHF	AEVQIDRLIT
CASTRLGRGTSRNFSYNEQFF	AEVQIDRLIT
CASSFSHEQYF	AEVQIDRLIT
CASSLVYNEQFF	AEVQIDRLIT
CSAWWANTEAFF	AEVQIDRLIT
CASSQEIGATNEKLFF	AEVQIDRLIT
CASSQGPSNTEAFF	AEVQIDRLIT
CASRSGQGAFRGELFF	AEVQIDRLIT
CASSFRAGAYNEQFF	AEVQIDRLIT
CASSQDPGDTEAFF	AEVQIDRLIT
CASSLSFPGTSGSATRKQYF	AEVQIDRLIT
CASRTGWEQYF	AEVQIDRLIT
CASGPNYYEQYF	AEVQIDRLIT
CASSQVSGSGLYEQYF	AEVQIDRLIT
CASSHEVGQGGLDF	AEVQIDRLIT
CASSPEWQGGSPLHF	AEVQIDRLIT
CSASLGEETQYF	AEVQIDRLIT
CASSYGHEQYF	AEVQIDRLIT
CASSLLATGGDSYEQYF	AEVQIDRLIT
CASSQQGNSPLHF	AEVQIDRLIT
CASSTGGLNSPLHF	AEVQIDRLIT
CASRNKDDYGYTF	AEVQIDRLIT
CASSRVYNEQFF	AEVQIDRLIT
CASSLEVATNEKLFF	AEVQIDRLIT
CASRPGTGLVEAFF	AEVQIDRLIT
CASSFGQEQFF	AEVQIDRLIT
CASSLKRWDRDRGSYEQYF	AEVQIDRLIT
CASRAGMGNQPQHF	AEVQIDRLIT
CASSYYRLQGNEQYF	AEVQIDRLIT
CASRAGTGNQPQHF	AEVQIDRLIT
CASSQVLTGSSPLHF	AEVQIDRLIT
CASSEATDTQYF	AEVQIDRLIT
CASSGGAWDTQYF	AEVQIDRLIT
CASRDGSYEQYF	AEVQIDRLIT
CASSYGKAGGSTDTQYF	AEVQIDRLIT
CATEDGAYEQYF	AEVQIDRLIT
CASSPGTGVYNEQFF	AEVQIDRLIT
CASSPDAGELFF	AEVQIDRLIT
CASSFRGFLVYEQYF	AEVQIDRLIT
CASSKDARLNTEAFF	AEVQIDRLIT
CASSYGHEQYF	AEVQIDRLIT
CASNQLDAVVDTEQFF	AEVQIDRLIT
CASSWTGYEQYF	AEVQIDRLIT
CASSKDARLNTEAFF	AEVQIDRLIT
CASDAGTGYYNEQFF	AEVQIDRLIT
CASSEGTQLYDTQYF	AEVQIDRLIT
CASSEALDNTDTQYF	AEVQIDRLIT
CASTKDRYYEQYF	AEVQIDRLIT
CASSLGQGPNEQYF	AEVQIDRLIT
CASSQEQGSGYEQYF	AEVQIDRLIT
CASRPGTGAGELFF	AEVQIDRLIT
CASSQDPVSLAKNIQYF	AEVQIDRLIT
CASSLAAGGERMDTQYF	AEVQIDRLIT
CASSLDIRNPLHF	AEVQIDRLIT
CASSIGGALNEQFF	AEVQIDRLIT
CASSLSGSGELFF	AEVQIDRLIT
CASSAVGSEAFF	AEVQIDRLIT
CASSPQGYEQYF	AEVQIDRLIT
CASSPGSSPLHF	AEVQIDRLIT
CASSQNTAGFRDPDTQYF	AEVQIDRLIT
CASRPDRGLPNEQFF	AEVQIDRLIT
CASRTGQGNTEAFF	AEVQIDRLIT
CASSQNTAGFRDPDTQYF	AEVQIDRLIT
CASGATYNEQFF	AEVQIDRLIT
CATHGAAGELFF	AEVQIDRLIT
CASAGNSNTGELFF	AEVQIDRLIT
CASSQEVGTVYEQYF	AEVQIDRLIT
CASSLAILGYTF	AEVQIDRLIT
CASSVGLANNEQFF	AEVQIDRLIT
CASSYTRGLGEKLFF	AEVQIDRLIT
CSARDLTGTGETQYF	AEVQIDRLIT
CASSLIPGGDTQYF	AEVQIDRLIT
CASCRGAQSTDTQYF	AEVQIDRLIT
CASSFGHEQFF	AEVQIDRLIT
CASSQKLAADTQYF	AEVQIDRLIT
