CDR3	AA
CASSQNMGPRGDGYTF	APGQTGKIA
CAADRTDSPLHF	APGQTGKIA
CASGSLGHEQFF	APGQTGKIA
CASSDPTGDAGYTF	APGQTGKIA
CASSFPGAGGYTF	APGQTGKIA
CASSLDGSEQYF	APGQTGKIA
CATNNPGLVYEQFF	APGQTGKIA
CASTTEGGMNTEAFF	APGQTGKIA
CASSTRTGSPYEQYF	APGQTGKIA
CASSPPLYTF	APGQTGKIA
CASGFGYEQFF	APGQTGKIA
CASSYEMGWETQYF	APGQTGKIA
CASSSGVEQFF	APGQTGKIA
CATSEPLAGDSDTQYF	APGQTGKIA
CASSSAGGAWETQFF	APGQTGKIA
CASGGLSYEQYF	APGQTGKIA
CASSFSGTGISYEQYF	APGQTGKIA
CASSMPRTPGYTF	APGQTGKIA
CSASGQVDEQYF	APGQTGKIA
CASGEIGGGTYEQYF	APGQTGKIA
CASSPTTGWPHPRFYEQYF	APGQTGKIA
CASSHPTVPGYTF	APGQTGKIA
CASSLGSYEQYF	APGQTGKIA
CASNSGATQYF	APGQTGKIA
CASSLPTGVGYTF	APGQTGKIA
CASSYTGTTEETQYF	APGQTGKIA
CASSSGELFF	APGQTGKIA
CSVEDGRRVDNEQFF	APGQTGKIA
