CDR3	AA
CASSEIGGYEQYF	NYLYRLFRK
CASSVYRSYEQYF	NYLYRLFRK
CASSEGDRNSYEQYF	NYLYRLFRK
CASSVEGESWPQHF	NYLYRLFRK
CASSVGAGYEQYF	NYLYRLFRK
CASSLSSGYEQYF	NYLYRLFRK
CASSPGQGYEQYF	NYLYRLFRK
CASSRGAGYEQYF	NYLYRLFRK
CASSLESGETQYF	NYLYRLFRK
CASSEGGVVYEQYF	NYLYRLFRK
CASSEGVGYEQYF	NYLYRLFRK
CATSYVLLKNYGYTF	NYLYRLFRK
CASSEGQTPYEQYF	NYLYRLFRK
CASSQDSPEQYF	NYLYRLFRK
CASSELAVGPTYEQYF	NYLYRLFRK
CASSEGRGYEQYF	NYLYRLFRK
CASSEGHSYEQYF	NYLYRLFRK
CSARDIAGSSYNEQFF	NYLYRLFRK
CASSQDRLAPETQYF	NYLYRLFRK
CASSLAPGEEQYF	NYLYRLFRK
CSARPLTGSDYNEQFF	NYLYRLFRK
CASSVASGYEQYF	NYLYRLFRK
CASSEFFAGGSYEQYF	NYLYRLFRK
CASSPGLVIYEQYF	NYLYRLFRK
CASTTLWGSPEAFF	NYLYRLFRK
CASSEIVWTVDEQFF	NYLYRLFRK
CASSLDRGLSEQFF	NYLYRLFRK
CASSEAQGYEQYF	NYLYRLFRK
CSARGDRKETQYF	NYLYRLFRK
CASSLWTSDYNEQFF	NYLYRLFRK
CASSIGTGGDEQFF	NYLYRLFRK
CSARDILAGDYEQYF	NYLYRLFRK
CASSLVGGYEQYF	NYLYRLFRK
CASSEWLAGGPGYEQYF	NYLYRLFRK
CASSVGQGYEQYF	NYLYRLFRK
CSARDTSGTSYNEQFF	NYLYRLFRK
CASSPGQGYEQYF	NYLYRLFRK
CASSLMGGKLFF	NYLYRLFRK
CASSEYRTGYEQYF	NYLYRLFRK
CASSVGQGYEQYF	NYLYRLFRK
CASSEWLSGANVLTF	NYLYRLFRK
CASTSSGRALSEQFF	NYLYRLFRK
CASSQTLFTYNEQFF	NYLYRLFRK
CASSAASGYEQFF	NYLYRLFRK
CASSEAQGYEQYF	NYLYRLFRK
CASSTGQGYEQYF	NYLYRLFRK
CASSENRGYEQYF	NYLYRLFRK
CASSLEQGYEQYF	NYLYRLFRK
CASSQAGGYEQYF	NYLYRLFRK
CASSQSMGYEQYF	NYLYRLFRK
CASSEAVGYEQYF	NYLYRLFRK
CASSLMAYHEQFF	NYLYRLFRK
CASSEQWGRFVNTGELFF	NYLYRLFRK
CASSPGQGYEQYF	NYLYRLFRK
CAISEGTGYEQYF	NYLYRLFRK
CASSLSQGYEQYF	NYLYRLFRK
CASSEGTGYEQYF	NYLYRLFRK
CASSVYRTYEQYF	NYLYRLFRK
CSARDLGGVDYEQYF	NYLYRLFRK
CASSEGQGYEQFF	NYLYRLFRK
CASSETGGYEQYF	NYLYRLFRK
CASSEAQGYEQYF	NYLYRLFRK
CASSNSLADRYSNQPQHF	NYLYRLFRK
CASSQEPGDQPQHF	NYLYRLFRK
CASSLTRGDEQFF	NYLYRLFRK
CASSEGQGRGPGQGALYEQYF	NYLYRLFRK
CASSQEGLAGGVYNEQFF	NYLYRLFRK
CASSKALAGGANQPQHF	NYLYRLFRK
CASSQEVNGDEKLFF	NYLYRLFRK
CASSVEEGETQYF	NYLYRLFRK
CASSESAGYEQYF	NYLYRLFRK
CASSLSGGSYEQYF	NYLYRLFRK
CASSLPGEQFF	NYLYRLFRK
CASSTQGNTEAFF	NYLYRLFRK
CAISEGQGYEQYF	NYLYRLFRK
CAISETGGYEQYF	NYLYRLFRK
CAISETGGYEQYF	NYLYRLFRK
CASSEWLSPYEQYF	NYLYRLFRK
CASSETGGYEQYF	NYLYRLFRK
CSARDRHSYNEQFF	NYLYRLFRK
CASSTTEQGATYEQYF	NYLYRLFRK
CSVGQVGYEQYF	NYLYRLFRK
CASSTKDGYEQYF	NYLYRLFRK
CASSQDAWGEGYTF	NYLYRLFRK
CASSDWGINQPQHF	NYLYRLFRK
CASSPGQGYEQYF	NYLYRLFRK
CASSAQQGYEQFF	NYLYRLFRK
CASSEGAGYEQYF	NYLYRLFRK
CASSETSGYEQYF	NYLYRLFRK
CASSQDSDRSSYEQYF	NYLYRLFRK
CASNGGGELYNEQFF	NYLYRLFRK
CASAEAGGYEQYF	NYLYRLFRK
CAISDQFGYEQYF	NYLYRLFRK
CASSEGSGYEQYF	NYLYRLFRK
CSARTSGTYEQYF	NYLYRLFRK
CASSVGGGAYEQYF	NYLYRLFRK
CASSIGDRVLETQYF	NYLYRLFRK
CASSLDVGGGNEQFF	NYLYRLFRK
CASSVAPSRGQAEGNYGYTF	NYLYRLFRK
CASSPRGGRATDTQYF	NYLYRLFRK
CASGGVAGSLYEQYF	NYLYRLFRK
CASSEAGGYEQYF	NYLYRLFRK
CASSEGPAGGYEQYF	NYLYRLFRK
CASSQEPSGEYNEQFF	NYLYRLFRK
CASSQGNGYEQYF	NYLYRLFRK
CASLGLASAEKWDEQFF	NYLYRLFRK
CASRPLISTGGNF	NYLYRLFRK
CASSLELAGGPSSDEQFF	NYLYRLFRK
CASSEGAGYTQYF	NYLYRLFRK
CAISESGGYEQYF	NYLYRLFRK
CASSIGGFPSYEQYF	NYLYRLFRK
CASYLPSGGPYNEQFF	NYLYRLFRK
CASSIHRGYEQYF	NYLYRLFRK
CASSELNIQETQYF	NYLYRLFRK
CASSVGGEYEQYF	NYLYRLFRK
CSAFGTRDPTYNEQFF	NYLYRLFRK
CASSQASGYEQYF	NYLYRLFRK
CAISESAGYEQYF	NYLYRLFRK
CASSLGQGYEQYF	NYLYRLFRK
CASSEGVGYEQYF	NYLYRLFRK
CASSEWRGYEQYF	NYLYRLFRK
CASSPGQGYEQYF	NYLYRLFRK
CASSQEPGGTGELFF	NYLYRLFRK
CASSPEASGVTDTQYF	NYLYRLFRK
CASSVVGTGDGELFF	NYLYRLFRK
CASSEGRGYEQYF	NYLYRLFRK
CASSEGAVLYEQYF	NYLYRLFRK
CASSEQAGYEQYF	NYLYRLFRK
CASSQAPGYEQYF	NYLYRLFRK
CASSDWVAYEQYF	NYLYRLFRK
CASSEGQGYEQYF	NYLYRLFRK
CSVEDTARGYEQYF	NYLYRLFRK
CASSEGQGYEQYF	NYLYRLFRK
CASSLEGGGETQYF	NYLYRLFRK
CASSEFGFYEQYF	NYLYRLFRK
CASSEGQGGYEQYF	NYLYRLFRK
CASSEMGGYEQYF	NYLYRLFRK
CASSEWLAGGPGYEQFF	NYLYRLFRK
CASSQSQGYEQYF	NYLYRLFRK
CASSVDGVSSYEQYF	NYLYRLFRK
CASSAGQGYEQYF	NYLYRLFRK
CASSYELADESGDYGYTF	NYLYRLFRK
CASSRDGSRVSYNEQFF	NYLYRLFRK
CAISESQGYEQYF	NYLYRLFRK
CSGTGQGRAEETQYF	NYLYRLFRK
CSPVGLLTDTQYF	NYLYRLFRK
CASSFPGQGVETQYF	NYLYRLFRK
CASSQAPGYEQYF	NYLYRLFRK
CASSESGGYEQYF	NYLYRLFRK
CASSLWLAGYEQYF	NYLYRLFRK
CAISESGGYEQYF	NYLYRLFRK
CASSLYEGYEQYF	NYLYRLFRK
CASSHAGGYEQYF	NYLYRLFRK
CASSLSQGYEQYF	NYLYRLFRK
CASSEMGGYEQYF	NYLYRLFRK
CASSEGVVTEEQYF	NYLYRLFRK
CASSQSQGYEQYF	NYLYRLFRK
CASSVTGGYEQYF	NYLYRLFRK
CASSEYRAGYEQYF	NYLYRLFRK
CASSLVAEPEAFF	NYLYRLFRK
CSARAGVRETQYF	NYLYRLFRK
CASSRPPTYEQYF	NYLYRLFRK
CASGEPGDEQFF	NYLYRLFRK
CASAPGQGYEQYF	NYLYRLFRK
CSARDLGGSDFNEQFF	NYLYRLFRK
CASSPTSGYEQYF	NYLYRLFRK
CASSVAQGYEQYF	NYLYRLFRK
CASSVSQGYEQYF	NYLYRLFRK
CASSEGVGYEQYF	NYLYRLFRK
CASSEFKGYEQYF	NYLYRLFRK
CASSQESPPMNTEAFF	NYLYRLFRK
CSARALGLADYNEQFF	NYLYRLFRK
CSASDKSSSYNEQFF	NYLYRLFRK
CASSWLRWGTNEKLFF	NYLYRLFRK
CASSEGSGATYEQYF	NYLYRLFRK
CASSEGQSYEQYF	NYLYRLFRK
CASSLSGGYEQYF	NYLYRLFRK
CASSSRGGYEQYF	NYLYRLFRK
CASSQAPGNEKLFF	NYLYRLFRK
CASSEGRGYEQYF	NYLYRLFRK
CASSKEFSSGSRYEQFF	NYLYRLFRK
CSARSAETYNEQFF	NYLYRLFRK
CASSEMTGYEQYF	NYLYRLFRK
CASSEGQGYEQYF	NYLYRLFRK
CASSQDVDFIGSPLHF	NYLYRLFRK
CASSEGGGYEQYF	NYLYRLFRK
CASSEFGGYEQYF	NYLYRLFRK
CASGSSPGYEQYF	NYLYRLFRK
CASSQGQGYEQYF	NYLYRLFRK
CASSLHLGYEQYF	NYLYRLFRK
CASSMVGDPGELFF	NYLYRLFRK
CASSQVSGYEQYF	NYLYRLFRK
CASSEAPTDSYEQYF	NYLYRLFRK
CASSEFRDEAFF	NYLYRLFRK
CASRGTDSYTDTQYF	NYLYRLFRK
CSARDSLAGRTGDEQFF	NYLYRLFRK
CASSLTGVSEAFF	NYLYRLFRK
CASSEGGGYEQYF	NYLYRLFRK
CASSVSAGYEQYF	NYLYRLFRK
CASRRRRSRPEAFF	NYLYRLFRK
CASSEGAPIGYEQYF	NYLYRLFRK
CASSYYEGWETQYF	NYLYRLFRK
CASSSNIWYEQYF	NYLYRLFRK
CASSETSGYEQYF	NYLYRLFRK
CASSEGQGYEQYF	NYLYRLFRK
CAISESGGYEQYF	NYLYRLFRK
CSGDSTSGESYNEQFF	NYLYRLFRK
CASSENRGYEQYF	NYLYRLFRK
CASSENAGYEQYF	NYLYRLFRK
CASSEWTGLEQYF	NYLYRLFRK
CASSEGRGYEQYF	NYLYRLFRK
CASRGLGFYEQYF	NYLYRLFRK
CASSLSQGYEQYF	NYLYRLFRK
CATSPSGGYEQYF	NYLYRLFRK
CATSRQGGYEQYF	NYLYRLFRK
CASGRGQGYEQYF	NYLYRLFRK
CASSEPGTEAFF	NYLYRLFRK
CASSEARGPYEQYF	NYLYRLFRK
CASSEAISWGTGYEQYF	NYLYRLFRK
CASNPDTYEQYF	NYLYRLFRK
CASRSVEAGGLADTQYF	NYLYRLFRK
CASSDFGGYEQYF	NYLYRLFRK
CATSDWDSNPTDTQYF	NYLYRLFRK
CASSELAGYEQYF	NYLYRLFRK
CASSESGGYEQYF	NYLYRLFRK
