CDR3	AA
CASSPWAGGSAEAFF	FPPTSFGPL
CASSFLGSEAFF	FPPTSFGPL
CSVQWREGLGELFF	FPPTSFGPL
CASGGGWDTQYF	FPPTSFGPL
CASSQGVSGTDTQYF	FPPTSFGPL
CASSFGSFTSYEQYF	FPPTSFGPL
CASSIVPGSNHNEQFF	FPPTSFGPL
CASSLRSEEQYF	FPPTSFGPL
CASKWADAGANVLTF	FPPTSFGPL
CASSPGQGFAYNEQFF	FPPTSFGPL
CASSLAVNTEAFF	FPPTSFGPL
CAISESASGINEQFF	FPPTSFGPL
CASSYSDSRRYEQYF	FPPTSFGPL
CASSLSDGHSYEQYF	FPPTSFGPL
CSARELAGATNEQFF	FPPTSFGPL
CASSNSLGLAGFFHEQYF	FPPTSFGPL
CASSLVQTSGKNEQFF	FPPTSFGPL
CASKLAEGTDTQYF	FPPTSFGPL
CASSLSDGFYYEQYF	FPPTSFGPL
CASSLGRAIYEQYF	FPPTSFGPL
CASSSLLAGVMEEQFF	FPPTSFGPL
CASSRSTSGAYEQYF	FPPTSFGPL
CASSLFASSYEQYF	FPPTSFGPL
CASSPSYEQYF	FPPTSFGPL
CASKPWDAYNEQFF	FPPTSFGPL
CASSLLDSPYEQYF	FPPTSFGPL
CASSLLVNTGELFF	FPPTSFGPL
CASSLFAGGGETQYF	FPPTSFGPL
CASSLSLVSEQFF	FPPTSFGPL
CASSQDWSRGFSSYEQYF	FPPTSFGPL
CASSPSLNPGEQYF	FPPTSFGPL
CASSLSDGYNEQFF	FPPTSFGPL
CASSFSSYNEQFF	FPPTSFGPL
CASSLWEDQPQHF	FPPTSFGPL
CASSQVSGSGEKLFF	FPPTSFGPL
CASSLTQESNYGYTF	FPPTSFGPL
CASSLSGGFVYEQYF	FPPTSFGPL
CASSQERASGETQYF	FPPTSFGPL
CASSFARSFGEQYF	FPPTSFGPL
CASKLNTEAFF	FPPTSFGPL
CASSTGQKNIQYF	FPPTSFGPL
CASSGDYTSTDTQYF	FPPTSFGPL
CSARDYAEQYNEQFF	FPPTSFGPL
CASSNYSQGLPNEKLFF	FPPTSFGPL
CASSEPGVYTGELFF	FPPTSFGPL
CATSERVANTEAFF	FPPTSFGPL
CASSSSYSYNEQFF	FPPTSFGPL
CASSRGTVSEQYF	FPPTSFGPL
CASSLTVGGANEQFF	FPPTSFGPL
CASSQGWDLNTDTQYF	FPPTSFGPL
CASSLSQGASTDTQYF	FPPTSFGPL
CSARDQLVEAGSNEQFF	FPPTSFGPL
CASSLVLAQETQYF	FPPTSFGPL
CASSLWEGQPQHF	FPPTSFGPL
CASSLSDGAGKHYGYTF	FPPTSFGPL
CASSQTGDSYGYTF	FPPTSFGPL
CASRIAGGLNEQFF	FPPTSFGPL
CASSLSTDSYEQYF	FPPTSFGPL
CASSFTGAPDEQYF	FPPTSFGPL
CATSVVGSSDTDTQYF	FPPTSFGPL
CASSTGGMGNQPQHF	FPPTSFGPL
CASSALIGAPQDTQYF	FPPTSFGPL
CASSQDRGAYEQYF	FPPTSFGPL
CASSLAGWAYEQYF	FPPTSFGPL
CASSHRSSYEQYF	FPPTSFGPL
CASSLHQVADTQYF	FPPTSFGPL
CASSYTGFEQYF	FPPTSFGPL
CASSLGHTYNEQFF	FPPTSFGPL
CASSPSDSYTYNEQFF	FPPTSFGPL
CASSLAQGTISYEQYF	FPPTSFGPL
CASSLWQDHYEQYF	FPPTSFGPL
CASSLSEGAWIWRGEAFF	FPPTSFGPL
CASSQDRGTGFTSDTQYF	FPPTSFGPL
CASSREGGYYEQYF	FPPTSFGPL
CASSQGQGAIYEQYF	FPPTSFGPL
CAISDPVYTEAFF	FPPTSFGPL
CASSLAQGQLTQYF	FPPTSFGPL
CASRWASGNYEQYF	FPPTSFGPL
CASSIGRDHYEQYF	FPPTSFGPL
CASSLSLALYEQFF	FPPTSFGPL
CASSVDRSGYEQYF	FPPTSFGPL
CASSPDWETQYF	FPPTSFGPL
CASSLSHASVMNTEAFF	FPPTSFGPL
CASSLGDTYEQYF	FPPTSFGPL
CASSLTWDYATNEKLFF	FPPTSFGPL
CASRLAEGGYEQFF	FPPTSFGPL
CASSLAQGTGELFF	FPPTSFGPL
CASSFSDGAIEAFF	FPPTSFGPL
CASSLVGRGEETQYF	FPPTSFGPL
CASSLAGALYTGELFF	FPPTSFGPL
CASSLSVEETQYF	FPPTSFGPL
CASSGQGGEKQYF	FPPTSFGPL
CASSFSSGALQAFF	FPPTSFGPL
CSARDTTASYSPLHF	FPPTSFGPL
CASSLYFGNGYTF	FPPTSFGPL
CASRQYGQGNLEQYF	FPPTSFGPL
CASGTGEAYEQYF	FPPTSFGPL
CASARQGGYGYTF	FPPTSFGPL
CASRPGTASYNEQFF	FPPTSFGPL
CASRDRTGAHTEAFF	FPPTSFGPL
CASSAREGYEQYF	FPPTSFGPL
CASSHWDGEPEAFF	FPPTSFGPL
CASSLSEGVSPLHF	FPPTSFGPL
CASSVETASTDTQYF	FPPTSFGPL
CASKPDGGWQYEQYF	FPPTSFGPL
CASRLAEGVPDTQYF	FPPTSFGPL
CASKRASGHYNEQFF	FPPTSFGPL
CASSADSGTYEQYF	FPPTSFGPL
CASSQGWDMHEKLFF	FPPTSFGPL
CASSLYGAAPNTEAFF	FPPTSFGPL
CASSSGSGAYEQYF	FPPTSFGPL
CASSLEVTSSYEQYF	FPPTSFGPL
CASCIVGGGEQYF	FPPTSFGPL
CASSQDRRESGGELFF	FPPTSFGPL
CASSPQVTGLEMGDTQYF	FPPTSFGPL
CASSLSAGGTYEQYF	FPPTSFGPL
CASSLSEGLGEQYF	FPPTSFGPL
CASSQDTGLFYEQYF	FPPTSFGPL
CASSLGWDFKETQYF	FPPTSFGPL
CSARDYMSYNEQFF	FPPTSFGPL
CASSQTGEVQPQHF	FPPTSFGPL
CASSLFDWGEQYF	FPPTSFGPL
CASLSADGELFF	FPPTSFGPL
CSAIHRDRVYNEQFF	FPPTSFGPL
CASSQDRASGETQYF	FPPTSFGPL
CASSYGEGNEQFF	FPPTSFGPL
CASSLYGQGAVLDTEAFF	FPPTSFGPL
CASKPGQAFPEAFF	FPPTSFGPL
CASSSNRKDVTF	FPPTSFGPL
CSASDRRVNTEAFF	FPPTSFGPL
CASSYSGNGNTIYF	FPPTSFGPL
CASSVSGSGSYTDTQYF	FPPTSFGPL
CASRWASSSYEQYF	FPPTSFGPL
CASSLADGNTEAFF	FPPTSFGPL
CASRQGRSYEQYF	FPPTSFGPL
CSARDYMVASGKGYEQYF	FPPTSFGPL
CASSLSTASGEQFF	FPPTSFGPL
CASSPGTDLQETQYF	FPPTSFGPL
CASSLADGLTYEQYF	FPPTSFGPL
