CDR3	AA
CASSPGVLLSGNTIYF	FCNDPFLGVY
CASSHGTSGGVEQFF	FCNDPFLGVY
CASSLLVLPAEAFF	FCNDPFLGVY
CASSWGQTSAYEQYF	FCNDPFLGVY
CASSLFGTSGSDGRYF	FCNDPFLGVY
CASNLFAGYEQFF	FCNDPFLGVY
CASSPIPGPAVGNTIYF	FCNDPFLGVY
CSAGKTQYF	FCNDPFLGVY
CSAIYTSGGGTSTDTQYF	FCNDPFLGVY
CASSKRETFSPLHF	FCNDPFLGVY
CASSVDAGEQFF	FCNDPFLGVY
CASSSSTGTGELFF	FCNDPFLGVY
CSVRGGEQFF	FCNDPFLGVY
CSAEGRQASYEQYF	FCNDPFLGVY
CASSLNRGRVSEQYF	FCNDPFLGVY
CASSSGAGPNQPQHF	FCNDPFLGVY
CSGIGTSLYEQYF	FCNDPFLGVY
CASSEDRGPGELFF	FCNDPFLGVY
CSAREASGRDWTDTQYF	FCNDPFLGVY
CASVTGDGTEAFF	FCNDPFLGVY
CASSVDEGIGRADTQYF	FCNDPFLGVY
CASRKAALNSPLHF	FCNDPFLGVY
CASSLGDHGRNQPQHF	FCNDPFLGVY
CASGPDIAYEQYF	FCNDPFLGVY
CASSELLETQHF	FCNDPFLGVY
CASRRTGYGTDTQYF	FCNDPFLGVY
CSAFDRANTGELFF	FCNDPFLGVY
CASSHTDSSYEQYF	FCNDPFLGVY
CASRDGRGTLHF	FCNDPFLGVY
CASSARDGPTTEGWEQFF	FCNDPFLGVY
CSARAEVGTGGTDTQYF	FCNDPFLGVY
CSAPDRVDTGELFF	FCNDPFLGVY
CASIGTGIIAFF	FCNDPFLGVY
CASSGWGGAYNEQFF	FCNDPFLGVY
CASSRARWGTDTQYF	FCNDPFLGVY
CSARDRLPPGDTQYF	FCNDPFLGVY
CASSSSSTGAMDEQYF	FCNDPFLGVY
CSARDQGDWTSGSTAPEGTDTQYF	FCNDPFLGVY
CASSLHVRTEAFF	FCNDPFLGVY
