CDR3	AA
CASRTGGEKLFF	FLQSINFVRI
CASSQDLGITLEEAFF	FLQSINFVRI
CASFAGELFF	FLQSINFVRI
CASSGEWDNEQFF	FLQSINFVRI
CASSYAGEEYEQYF	FLQSINFVRI
CSATTPGQLFYEQYF	FLQSINFVRI
CATRTSGGNTGELFF	FLQSINFVRI
CASSSHLAGVVNEQFF	FLQSINFVRI
CASSLASGTGANVLTF	FLQSINFVRI
CASSKGEDYGYTF	FLQSINFVRI
CASSDDRVRLFF	FLQSINFVRI
CASSRQGDYYGYTF	FLQSINFVRI
CASSVPTQDSSYNSPLHF	FLQSINFVRI
CASSSGTEYQETQYF	FLQSINFVRI
CASSLGAGTDTQYF	FLQSINFVRI
CASSLFGALNTEAFF	FLQSINFVRI
CASGTSGGAQETQYF	FLQSINFVRI
CASRMGYNEQFF	FLQSINFVRI
CASSPYPGGNNEQYF	FLQSINFVRI
CASSSIQGPNQPQHF	FLQSINFVRI
CASSVIEGYEQYF	FLQSINFVRI
CASSKTDRLGPYEQYF	FLQSINFVRI
CASSLGLGAGANVLTF	FLQSINFVRI
CSVVRGPEQFF	FLQSINFVRI
CASTTFGGTREVGSGNTIYF	FLQSINFVRI
CSVQETGELFF	FLQSINFVRI
CASSSGANTGELFF	FLQSINFVRI
CASSLWDRVRQPQHF	FLQSINFVRI
CATSDPGTGNEKLFF	FLQSINFVRI
CASSPGQWQETQYF	FLQSINFVRI
CASSLVGEQYF	FLQSINFVRI
CASSYLGGMEVAEAFF	FLQSINFVRI
CASSLGLNTEAFF	FLQSINFVRI
CSVGSGTVEQYF	FLQSINFVRI
CASSEGLAGYNEQFF	FLQSINFVRI
CASSWGTAQYF	FLQSINFVRI
CASSPSPTSGNEQFF	FLQSINFVRI
CASSEDWGTGQPQHF	FLQSINFVRI
CASSYGTGTDEQFF	FLQSINFVRI
CASSLGTGGTDTQYF	FLQSINFVRI
CASSFGMPEQYF	FLQSINFVRI
CASSRQGALNTEAFF	FLQSINFVRI
CASSLSGGAPGTDTQYF	FLQSINFVRI
CASSMAVNTEAFF	FLQSINFVRI
CASNDRGLEQYF	FLQSINFVRI
CASSKGQYTGELFF	FLQSINFVRI
CSVRTGGYEQYF	FLQSINFVRI
CASFSASYEQYF	FLQSINFVRI
CASFSASYEQYF	FLQSINFVRI
CASSLSQTYEQYF	FLQSINFVRI
CASSTTGGFYGYTF	FLQSINFVRI
CSARPSGGEYTF	FLQSINFVRI
CASSYYGGSSYNEQFF	FLQSINFVRI
CASSESRGDMNTEAFF	FLQSINFVRI
CASSQHGTGLNTEAFF	FLQSINFVRI
CASSLGDISSEGNTGELFF	FLQSINFVRI
CASQTNEPGDTQYF	FLQSINFVRI
CASSGTLNEQFF	FLQSINFVRI
CSARDGDSGTGELFF	FLQSINFVRI
CASSEEDFRGYYEQYF	FLQSINFVRI
CASSFYGIYTEAFF	FLQSINFVRI
CASSWGGGSGETQYF	FLQSINFVRI
CASSQEVMGTYEQYF	FLQSINFVRI
CASSEAGSGNTIYF	FLQSINFVRI
CASSPGLQETQYF	FLQSINFVRI
CSARDQGRATF	FLQSINFVRI
CASSVAASETNTGELFF	FLQSINFVRI
CASRGASTYEQYF	FLQSINFVRI
CASSPERGYNEQFF	FLQSINFVRI
CASSSSPSESSYEQYF	FLQSINFVRI
CASSVQSGTGGSQPQHF	FLQSINFVRI
CASSRPGQDPYEQYF	FLQSINFVRI
CASSLPLAGISYEQYF	FLQSINFVRI
CSASQVTGGLAFF	FLQSINFVRI
CASSDFGNYGYTF	FLQSINFVRI
CASSGTGREQYF	FLQSINFVRI
CSAPVGGSTYEQYF	FLQSINFVRI
CASSVQGATNNEQFF	FLQSINFVRI
CASSHTGSISYEQYF	FLQSINFVRI
CASSYSGQETQYF	FLQSINFVRI
CASSPSGETEYNEQFF	FLQSINFVRI
CASSYETVSYEQYF	FLQSINFVRI
CASSQGLSSYNEQFF	FLQSINFVRI
CASSSQIAWGEYSGANVLTF	FLQSINFVRI
CASSDRYSGNTIYF	FLQSINFVRI
CASRSIGQGANYGYTF	FLQSINFVRI
CASWGGPYTDTQYF	FLQSINFVRI
CASSSGQGADEQYF	FLQSINFVRI
CSVEWGASGSLTDTQYF	FLQSINFVRI
CASRWTGDYGYTF	FLQSINFVRI
CASSPSGTQYF	FLQSINFVRI
CAISEVAGWADTQYF	FLQSINFVRI
CASSASAGTGGEEGYTF	FLQSINFVRI
CASSYGAGAGNEQFF	FLQSINFVRI
CASSDDRVRLFF	FLQSINFVRI
CASSQDFRGVSSYNEQFF	FLQSINFVRI
CASSDGLAGSHEQYF	FLQSINFVRI
CASSFFAAGLAGELFF	FLQSINFVRI
CASSLPIGGLELNEQFF	FLQSINFVRI
CASSLNTGGLEKLFF	FLQSINFVRI
CASSLLNMTEQYF	FLQSINFVRI
CASSKGWGTRGHNEQFF	FLQSINFVRI
CASSSWQTSGDLQETQYF	FLQSINFVRI
CASSGNNQPQHF	FLQSINFVRI
CASSVAGELFF	FLQSINFVRI
CASSIGPYEQYF	FLQSINFVRI
CSVEGQGVDGYTF	FLQSINFVRI
CASSLSETEAFF	FLQSINFVRI
CASSSGPNEQFF	FLQSINFVRI
CASSLFVGEEETQYF	FLQSINFVRI
CASSLSPDRDLHEQYF	FLQSINFVRI
CSALIRDRGFEQYF	FLQSINFVRI
CASSLRSGGTDTQYF	FLQSINFVRI
CASSWDRGYGYTF	FLQSINFVRI
CASSPGGDEQFF	FLQSINFVRI
CSVEWQGAGTEAFF	FLQSINFVRI
CASRTGMNTEAFF	FLQSINFVRI
CASSEGWGLRDF	FLQSINFVRI
CASSLEGGGTEAFF	FLQSINFVRI
CASSRQGSTGELFF	FLQSINFVRI
CASTMGGSGNTIYF	FLQSINFVRI
CASSEGGSGYEQYF	FLQSINFVRI
CASGVGLAGGGLSNEQFF	FLQSINFVRI
CASSEGQGNQPQHF	FLQSINFVRI
CASSYGAGDEQYF	FLQSINFVRI
CASSPREVTDTQYF	FLQSINFVRI
CASSFATLNEQFF	FLQSINFVRI
CASSQGDTNQPQHF	FLQSINFVRI
CASSLGQNYEQYF	FLQSINFVRI
CASSLLGGLGTDTQYF	FLQSINFVRI
CASSLNRVGAYEQYF	FLQSINFVRI
CASSSPLEGKETQYF	FLQSINFVRI
CSVYRVTEAFF	FLQSINFVRI
CATSRGLAGVVYEQYF	FLQSINFVRI
CASFSASYEQYF	FLQSINFVRI
CASSLGINTEAFF	FLQSINFVRI
CSVQDGGQNTEAFF	FLQSINFVRI
CASSSGQGTDTQYF	FLQSINFVRI
CASRGSDRQSTDTQYF	FLQSINFVRI
CASSVVETGGDTQYF	FLQSINFVRI
CASSQIGGTGLTDTQYF	FLQSINFVRI
CARTGQGLESPLHF	FLQSINFVRI
CASVRDLNTGELFF	FLQSINFVRI
CSGGGTRNEQFF	FLQSINFVRI
CASSSTSGSRFYEQYF	FLQSINFVRI
CASSQHWNSGNTIYF	FLQSINFVRI
CSAQWGGEYNEQFF	FLQSINFVRI
CASNTGQGTDTQYF	FLQSINFVRI
CATFSSSYEQYF	FLQSINFVRI
CASFAASYEQYF	FLQSINFVRI
CASSQAGRKDYEQYF	FLQSINFVRI
CASSLRGAGEQFF	FLQSINFVRI
CASSQTGGRDEQYF	FLQSINFVRI
CSARDHGGDLTDTQYF	FLQSINFVRI
CASSTAGTNEKLFF	FLQSINFVRI
CASSLTGTGELFF	FLQSINFVRI
CASSPLAGSSYNEQFF	FLQSINFVRI
CASSPMGAVNTEAFF	FLQSINFVRI
CASSEGGGPSYEQYF	FLQSINFVRI
CASSFEGQGYEQYF	FLQSINFVRI
CASSLGGGRGHEKLFF	FLQSINFVRI
CASSQMGALNTEAFF	FLQSINFVRI
CASSLNYEQYF	FLQSINFVRI
CSVDGQGPYEQYF	FLQSINFVRI
RASSLRPSAHNEQFF	FLQSINFVRI
CSAFSVGSYEQYF	FLQSINFVRI
CASSSIAGVSYEQYF	FLQSINFVRI
CASSEPRTEMNTEAFF	FLQSINFVRI
CSASLSYNEQFF	FLQSINFVRI
CASSQDPLTSGMNNEQFF	FLQSINFVRI
CASSLAGGPDTQYF	FLQSINFVRI
CASSSPGQGDYEQYF	FLQSINFVRI
CASSQGWRTDTQYF	FLQSINFVRI
CASSPGEVNNQPQHF	FLQSINFVRI
CSAPRGGMTTEAFF	FLQSINFVRI
CASYVSSYEQYF	FLQSINFVRI
CASSLAGGHQPQHF	FLQSINFVRI
CSARPKVWDKGGWGPDTQYF	FLQSINFVRI
CASSQVSAYGYTF	FLQSINFVRI
CASSQPQGEYNEQFF	FLQSINFVRI
CASSYGGYNEQFF	FLQSINFVRI
CASSFAGGSNNEQFF	FLQSINFVRI
CASSQDLELTNYGYTF	FLQSINFVRI
CASSFDRGSYNSPLHF	FLQSINFVRI
CASSPGLAGALYNEQFF	FLQSINFVRI
CASSPGGNEQFF	FLQSINFVRI
CATSPLAGSHYNEQFF	FLQSINFVRI
CASYSSSYEQYF	FLQSINFVRI
CASSFVGGEKLFF	FLQSINFVRI
CASSYTGQGYEQYF	FLQSINFVRI
CASSAISPPVNTEAFF	FLQSINFVRI
CASSPGPTYEKLFF	FLQSINFVRI
CASSGGWWNSPLHF	FLQSINFVRI
CSVEEKAGRNTEAFF	FLQSINFVRI
CASSFGGQADEQFF	FLQSINFVRI
CASSLSPLDSTYEQYF	FLQSINFVRI
CASSQDWGSGALGETQYF	FLQSINFVRI
CASSPGLAGSSYNEQFF	FLQSINFVRI
CASSFILADKDEQFF	FLQSINFVRI
CASSPGGDTQYF	FLQSINFVRI
CARGNEQFF	FLQSINFVRI
CSVERQAADTQYF	FLQSINFVRI
CASSFLREEQFF	FLQSINFVRI
CASSTRVASMNTEAFF	FLQSINFVRI
CSATGPFLAVSYNEQFF	FLQSINFVRI
CASSLGTDTQYF	FLQSINFVRI
CASSYSRGDEQFF	FLQSINFVRI
CASSQDGFLGLGVGTDTQYF	FLQSINFVRI
CANIQGASDEQYF	FLQSINFVRI
CASRPLVGTDSNQPQHF	FLQSINFVRI
CATSDLQGYQETQYF	FLQSINFVRI
CASSISMNTEAFF	FLQSINFVRI
CSVKGLEQYF	FLQSINFVRI
CATTPSTGSAPLHF	FLQSINFVRI
CASSPTAGYRTDTQYF	FLQSINFVRI
CASSRLDSDNEQFF	FLQSINFVRI
CASSPILRETGNNEQFF	FLQSINFVRI
CATEWSGGSTGELFF	FLQSINFVRI
CSANPDRGDYNEQFF	FLQSINFVRI
CATSRDRREQETQYF	FLQSINFVRI
CASSSGPGGTLDYGYTF	FLQSINFVRI
CASSLGVSGAGETQYF	FLQSINFVRI
CASSTGAGLNTEAFF	FLQSINFVRI
CASSLQQSYNEQFF	FLQSINFVRI
CASSSGAGEKLFF	FLQSINFVRI
CASSLEPTGPYEQYF	FLQSINFVRI
CASSQRPYTGELFF	FLQSINFVRI
CASSQEDGTNYGYTF	FLQSINFVRI
CASSQWGQGYSGRAGFNEQFF	FLQSINFVRI
CASSVAGSGNTIYF	FLQSINFVRI
CASSPDPDNEQFF	FLQSINFVRI
CASSLQGEGAPSYEQYF	FLQSINFVRI
CASSLAGALNTEAFF	FLQSINFVRI
CASSPPSGNGWELFF	FLQSINFVRI
CASSADYRELFF	FLQSINFVRI
CATQGEANTEAFF	FLQSINFVRI
CASSYGTTMNTEAFF	FLQSINFVRI
CASSLSGSHLTF	FLQSINFVRI
CASSTPTGVALGEQFF	FLQSINFVRI
CASSPTGTGELFF	FLQSINFVRI
CASMRDLQSSSYNEQFF	FLQSINFVRI
CASSFGSSPLNEQFF	FLQSINFVRI
CASSEPAQGMNTEAFF	FLQSINFVRI
CAISEGARTDTQYF	FLQSINFVRI
CASSQIRNEQFF	FLQSINFVRI
CSALRGSHEQFF	FLQSINFVRI
CSVDGGGYTF	FLQSINFVRI
CASSWDRGSYNEQFF	FLQSINFVRI
CASRLGREWGGFQETQYF	FLQSINFVRI
CASSPGSGGTSTDTQYF	FLQSINFVRI
CACPGTGTYEQYF	FLQSINFVRI
CASSLGEREETQYF	FLQSINFVRI
CASRTGASYEQYF	FLQSINFVRI
CASSIGGFEQFF	FLQSINFVRI
CASSLVENTEAFF	FLQSINFVRI
CASTLGQVSSGRQPYEQYF	FLQSINFVRI
CAELAGDYNEQFF	FLQSINFVRI
CASEGTDNQPQHF	FLQSINFVRI
CATSRDRRERETQYF	FLQSINFVRI
CASSLTGALYEQYF	FLQSINFVRI
CSVVPDGASYNEQFF	FLQSINFVRI
CAISEGTTGNEQFF	FLQSINFVRI
CASSIVGSYNEQFF	FLQSINFVRI
CASSSGIIHTEAFF	FLQSINFVRI
CASRAGETQYF	FLQSINFVRI
CASSQGQRLPDNEQFF	FLQSINFVRI
CARDRDTSWGGELFF	FLQSINFVRI
CASSLVTATGELFF	FLQSINFVRI
CAITGSGTYEQYF	FLQSINFVRI
CATSDLREGRDTQYF	FLQSINFVRI
CASSSSVDGYMNEQFF	FLQSINFVRI
CASSLSGTPGGQPQHF	FLQSINFVRI
CASSLDPDRESSYNSPLHF	FLQSINFVRI
CASSPGQGAGDEQFF	FLQSINFVRI
CATLWWGAGANVLTF	FLQSINFVRI
CASSYSYRGDPEAFF	FLQSINFVRI
CASSLLASGNHEQFF	FLQSINFVRI
CASGLLAGGEETQYF	FLQSINFVRI
CASSPTGGSGNTIYF	FLQSINFVRI
CASINTGVYYNEQFF	FLQSINFVRI
CASSWPLEVAGVTDTQYF	FLQSINFVRI
CASSPGTYNEQFF	FLQSINFVRI
CASSQDGADGETQYF	FLQSINFVRI
CASTGQNTEAFF	FLQSINFVRI
CASSEALVEMNTEAFF	FLQSINFVRI
CASSLLAPVGEQYF	FLQSINFVRI
CASSHEGLTEAFF	FLQSINFVRI
CATFTSSYEQYF	FLQSINFVRI
CAILGLAGGYEQYF	FLQSINFVRI
CASSLQPTANYGYTF	FLQSINFVRI
CASSPQGEGAPFSPLHF	FLQSINFVRI
CASSEPRTEMNTGELFF	FLQSINFVRI
CASSQDMGAPDTQYF	FLQSINFVRI
CASSSQADRVVYGYTF	FLQSINFVRI
CASSQEGALSTEAFF	FLQSINFVRI
CASSLVVLGGGTGELFF	FLQSINFVRI
CASSLGFVGGNEQFF	FLQSINFVRI
CASSLAGTGMLF	FLQSINFVRI
CASSDSSGSLHEQFF	FLQSINFVRI
CASSQGSALGGELFF	FLQSINFVRI
CASSQEKVGGYEQYF	FLQSINFVRI
CASIAGDSEAFF	FLQSINFVRI
CASSPASTSGAALETQYF	FLQSINFVRI
CASTGVKDNSPLHF	FLQSINFVRI
CASSQETSGIVTQYF	FLQSINFVRI
CASSDLTGGKNTEAFF	FLQSINFVRI
CASSIEGLAGVYEQFF	FLQSINFVRI
CASRETSFETQYF	FLQSINFVRI
CASSPAWTGGWETQYF	FLQSINFVRI
CASSDGRQESYEQYF	FLQSINFVRI
CSAEDLAGAGELFF	FLQSINFVRI
CSSNGGQGRLNTEAFF	FLQSINFVRI
CASSLGTGRGEQYF	FLQSINFVRI
CASSSPAGFTDTQYF	FLQSINFVRI
CASSLSYPIHPGQGDQEQFF	FLQSINFVRI
CASSPVGGWETQYF	FLQSINFVRI
CSAGGQSSYEQYF	FLQSINFVRI
CACLSGNTIYF	FLQSINFVRI
CASSQVAAYGYTF	FLQSINFVRI
CASSGGQGTDTQYF	FLQSINFVRI
CASSQDSAVSYNEQFF	FLQSINFVRI
CASSLAVTTEAFF	FLQSINFVRI
CASSLMTGGETQYF	FLQSINFVRI
CSAPVGGAFTDTQYF	FLQSINFVRI
CASSRNPGGGAGELFF	FLQSINFVRI
CATSDSYRAQETQYF	FLQSINFVRI
CASSLLRDTYEQYF	FLQSINFVRI
CASSMGWADVYNEQFF	FLQSINFVRI
CASTTSGGSYNEQFF	FLQSINFVRI
CSVPSGGGYEQFF	FLQSINFVRI
CASSPWTGDEQYF	FLQSINFVRI
CASFSTSYEQFF	FLQSINFVRI
CASSFRTYYGYTF	FLQSINFVRI
CASSVDGNTDTQYF	FLQSINFVRI
CASSLGPGMMFGYTF	FLQSINFVRI
CASSQEGALNTEAFF	FLQSINFVRI
CASFGSSYEQYF	FLQSINFVRI
CASSPLRENTEAFF	FLQSINFVRI
CASSYVQSYEQYF	FLQSINFVRI
CSATLEWVAGEGTDTQYF	FLQSINFVRI
CARESGTYNEQFF	FLQSINFVRI
CASSGLAGGEETQYF	FLQSINFVRI
CASSSSSGGPYSTDTQYF	FLQSINFVRI
CSAMDQGLGAFF	FLQSINFVRI
CASSSGNTEAFF	FLQSINFVRI
CASSPTEARTYEQYF	FLQSINFVRI
CASSITPGSGEQYF	FLQSINFVRI
CASSSSGRRGDEQFF	FLQSINFVRI
CASSLLAATPYEQYF	FLQSINFVRI
CASFRGEQYF	FLQSINFVRI
CASSPGQGTDTQYF	FLQSINFVRI
CASSSGQFAFF	FLQSINFVRI
CASSPTSRGGVYNEQFF	FLQSINFVRI
CASSLEPVGDAVPYEQYF	FLQSINFVRI
CASSFNNEQFF	FLQSINFVRI
CASSGLQETQYF	FLQSINFVRI
CSVPVANYGYTF	FLQSINFVRI
CASSPLTGGGYGYTF	FLQSINFVRI
CASSGQGALNTEAFF	FLQSINFVRI
CATSRDRRELETQYF	FLQSINFVRI
CATSRDRREREKLFF	FLQSINFVRI
CASSIPGTGMGNTEAFF	FLQSINFVRI
CASSLTAVQETQYF	FLQSINFVRI
CSVDSGVGNQPQHF	FLQSINFVRI
CASDSRDETSQGRTGELFF	FLQSINFVRI
CASTPGVGTEAFF	FLQSINFVRI
CATSGASGNEQFF	FLQSINFVRI
CASSYQGPTGELFF	FLQSINFVRI
CSAFFGGATTDTQYF	FLQSINFVRI
CASSYDRTEAFF	FLQSINFVRI
CASSPQGWNQPQHF	FLQSINFVRI
CASSHSKEDLLGRLFF	FLQSINFVRI
CASSGGIGELFF	FLQSINFVRI
CASSLGARNTDTQYF	FLQSINFVRI
CASSLEDTGELFF	FLQSINFVRI
CASSYAEYSYEQYF	FLQSINFVRI
CASSSFGRERTEAFF	FLQSINFVRI
CASNFLPGGYNEQFF	FLQSINFVRI
CASSLLGATYGYTF	FLQSINFVRI
CATGGGGTDTGELFF	FLQSINFVRI
CASSQGGALGTEAFF	FLQSINFVRI
CASSQDPGGENEQFF	FLQSINFVRI
CASSSGAGTDTQYF	FLQSINFVRI
CSAGTGSYEQYF	FLQSINFVRI
CASSSTRYEQYF	FLQSINFVRI
CASSLNRVGNEKLFF	FLQSINFVRI
CASSLQVGTGGRQPQHF	FLQSINFVRI
CASSLVRATQETQYF	FLQSINFVRI
CASGELPYEQYF	FLQSINFVRI
CASSPTGGIYEQYF	FLQSINFVRI
CASSDRGAYNEQFF	FLQSINFVRI
CASSEYRAETQYF	FLQSINFVRI
CASSLNAENTEAFF	FLQSINFVRI
CASSEGTNTEAFF	FLQSINFVRI
CASRRETQYF	FLQSINFVRI
CASSPLPGTDFYNEQFF	FLQSINFVRI
CSARDVLGEDEQFF	FLQSINFVRI
CASSRPSSGEEQFF	FLQSINFVRI
CATPTEGSYEQYF	FLQSINFVRI
CASSRGQTNEKLFF	FLQSINFVRI
CSARGQGREQFF	FLQSINFVRI
CASSQEADSGGSGELFF	FLQSINFVRI
CSVEDPAVWNTEAFF	FLQSINFVRI
CASSFQTGRSSYNEQFF	FLQSINFVRI
CASSWTGGSNQPQHF	FLQSINFVRI
CASGYLGLALGNEQFF	FLQSINFVRI
CASGGLATYNEQFF	FLQSINFVRI
CASSFSGSMIGQYF	FLQSINFVRI
CASSKEGPLTGELFF	FLQSINFVRI
CSALAGGWYEQYF	FLQSINFVRI
CSAPRGGMTYEQYF	FLQSINFVRI
CSVEVEGPTEAFF	FLQSINFVRI
CASSLAVGQSTYEQYF	FLQSINFVRI
CASSLEGQRVIEETQYF	FLQSINFVRI
CSVVDVWEAFF	FLQSINFVRI
CASSPGTWGNQPQHF	FLQSINFVRI
CASSLNLMGPHSRPYTYSYNSPLHF	FLQSINFVRI
CASSEEWMGGANVLTF	FLQSINFVRI
CSARAEAGVVRIEETQYF	FLQSINFVRI
CASSFLSSGNEQFF	FLQSINFVRI
CASSSLAGGGDEQFF	FLQSINFVRI
CASSLAEGQESSYNSPLHF	FLQSINFVRI
CASSFPTERYQPQHF	FLQSINFVRI
CASNHYYTDTQYF	FLQSINFVRI
CASSPYPRIEETQYF	FLQSINFVRI
CATLLWQSGANVLTF	FLQSINFVRI
CSATPRDLASYNEQFF	FLQSINFVRI
CASSYSRGNTGELFF	FLQSINFVRI
CSTGEVGVNTEAFF	FLQSINFVRI
CASKGLAGPYNEQFF	FLQSINFVRI
CASSQDDAAYEQYF	FLQSINFVRI
CASSQTGGSGNTIYF	FLQSINFVRI
CASSQERGRTYEQYF	FLQSINFVRI
CSVNGRDRVAGDSYEQYF	FLQSINFVRI
CASSIDLAGGIYNEQFF	FLQSINFVRI
CASSLSTGGISYEQYF	FLQSINFVRI
CASSRQWGHWDEQYF	FLQSINFVRI
CASSFPNGNEQYF	FLQSINFVRI
CSAPPRGMNTEAFF	FLQSINFVRI
CASSPNSNQPQHF	FLQSINFVRI
CSVDFRGSGTEAFF	FLQSINFVRI
CASFSVSYEQYF	FLQSINFVRI
CSVLAGGPGIQYF	FLQSINFVRI
CASTSILGNTEAFF	FLQSINFVRI
CASSLRGLPTDTQYF	FLQSINFVRI
CASSPGGNEQFF	FLQSINFVRI
CASSTGDFWEPQHF	FLQSINFVRI
CASSPSGQGRNSPLHF	FLQSINFVRI
CASSLSIGTANYGYTF	FLQSINFVRI
CSALGLAGVAEQFF	FLQSINFVRI
CASSFIFGSNQPQHF	FLQSINFVRI
CASSEGGSGQPQHF	FLQSINFVRI
CASSFGATSVDEQFF	FLQSINFVRI
CASSESTSALTDTQYF	FLQSINFVRI
CASSLAGLSNQPQHF	FLQSINFVRI
CATATGGGEKLFF	FLQSINFVRI
CAISESWTDTQYF	FLQSINFVRI
CAISSGSGTDTQYF	FLQSINFVRI
CASGTLARRGADTQYF	FLQSINFVRI
CASSLPSGSEQYF	FLQSINFVRI
CASSPATRSEDTQYF	FLQSINFVRI
CASSFLTGGGTDTQYF	FLQSINFVRI
CASRPGIHTIYF	FLQSINFVRI
CASDSRVGYGYTF	FLQSINFVRI
CASSWTGELFF	FLQSINFVRI
CASSYPRDYLAKNIQYF	FLQSINFVRI
CASSPLTRYGSPQPQHF	FLQSINFVRI
CASSLSFRDTQYF	FLQSINFVRI
CASSLGATRTDTQYF	FLQSINFVRI
CASSLTASYGYTF	FLQSINFVRI
CASSLEGGGDEQYF	FLQSINFVRI
CASSSQNTEAFF	FLQSINFVRI
CASSQDSRTSYEQYF	FLQSINFVRI
CASSSTGTGYYEQYF	FLQSINFVRI
CASSLVQGANQPQHF	FLQSINFVRI
CASSLDAGSDSGSEDPYEQYF	FLQSINFVRI
CASSISRAGEQFF	FLQSINFVRI
CASSRGSPYNEQFF	FLQSINFVRI
CSVEGRRNTGELFF	FLQSINFVRI
CASSKRGAAYNEQFF	FLQSINFVRI
CASSSGQGLVNTEAFF	FLQSINFVRI
CASSPGLNTEAFF	FLQSINFVRI
CASSGELVNEQFF	FLQSINFVRI
CASSYGQSYEQYF	FLQSINFVRI
CSVPPQGSGTEAFF	FLQSINFVRI
CASSGHRDTYSTGELFF	FLQSINFVRI
CAWSFWTGGHEQYF	FLQSINFVRI
CASNGDWRADTQYF	FLQSINFVRI
CASSPMGALNTEAFF	FLQSINFVRI
CASSQATALNTEAFF	FLQSINFVRI
