CDR3	AA
CASSQDEGVGQLIGQPQHF	ILGLPTQTV
CASSQDPVPTSGAGELFF	ILGLPTQTV
CASSFTGYNEQFF	ILGLPTQTV
CASSQDWGRAGSTDTQYF	ILGLPTQTV
CASSQETSGGTDTQYF	ILGLPTQTV
CATSSEANSGVNEQFF	ILGLPTQTV
CSVGGTSNTYEQYF	ILGLPTQTV
CASSPTVNEQFF	ILGLPTQTV
CASSQEALSFGTDTQYF	ILGLPTQTV
CASSPPTSFGSNEQYF	ILGLPTQTV
CATSRDHPGTGSHEQYF	ILGLPTQTV
CASSPLMQGRADNTGELFF	ILGLPTQTV
CASSVEGLAFSTDTQYF	ILGLPTQTV
CASNYPEQFF	ILGLPTQTV
CASSPEVDGTSGVSEQFF	ILGLPTQTV
CASSSQQFGGARETQYF	ILGLPTQTV
CATSRDQPGTGTEKLFF	ILGLPTQTV
CATSRDLPGQGLDEQYF	ILGLPTQTV
CASSLVDLTYEQYF	ILGLPTQTV
CASSSGDLPSEQYF	ILGLPTQTV
CASSLDSNSYEQYF	ILGLPTQTV
CASRSLKRQDINYEQYF	ILGLPTQTV
CASSVDASGNQETQYF	ILGLPTQTV
CATSRERSGTGSDEQYF	ILGLPTQTV
CATSRDRSGSGVDTQYF	ILGLPTQTV
CASSVEASGSGETQYF	ILGLPTQTV
CASSPPDRANTGELFF	ILGLPTQTV
CASQQLASGYNEQFF	ILGLPTQTV
CASSQGDSGNTIYF	ILGLPTQTV
CASSAGQGLNTEAFF	ILGLPTQTV
CSASFPNTGELFF	ILGLPTQTV
CASSNSGEDAFF	ILGLPTQTV
CASSQELAGGQETQYF	ILGLPTQTV
CASSQENFGTSGRNEQYF	ILGLPTQTV
CATSREFIGTGRVAQYF	ILGLPTQTV
CASFPEGTGNTEAFF	ILGLPTQTV
CASSLIGNTEAFF	ILGLPTQTV
CASSQEGTGYETQYF	ILGLPTQTV
CASSLRDSQPQHF	ILGLPTQTV
CASSLEDRNEQFF	ILGLPTQTV
CASSLVLAGDQPQHF	ILGLPTQTV
CASTSAPWAGQETQYF	ILGLPTQTV
CASSPSGGREQYF	ILGLPTQTV
CASQDGREKLFF	ILGLPTQTV
CASSTSGSYEQYF	ILGLPTQTV
CASSLQAHEAFF	ILGLPTQTV
CASSERDREWYGYTF	ILGLPTQTV
CASSQEPWATAGTDTQYF	ILGLPTQTV
CAWSGLAGGANVLTF	ILGLPTQTV
CASSPSVTEQFF	ILGLPTQTV
CASSIASMGYEQYF	ILGLPTQTV
CATVQGATYNEQFF	ILGLPTQTV
CATSREGPWSSGVNEQFF	ILGLPTQTV
CASSLESVGTGLDEQYF	ILGLPTQTV
CASSPYAGGTEAFF	ILGLPTQTV
CATSRDLTGTGISEAFF	ILGLPTQTV
CAWRVAGDYEQYF	ILGLPTQTV
CATSRDLAGTGLLEQYF	ILGLPTQTV
CASSSSDGYEQYF	ILGLPTQTV
CASSQELLVGEQFF	ILGLPTQTV
CASSEVLGIYETQYF	ILGLPTQTV
CASSEAGSSYNEQFF	ILGLPTQTV
CASSPIPGGVDTQYF	ILGLPTQTV
CASRLTEFSNQPQHF	ILGLPTQTV
CATSRDLSGTGLNEQFF	ILGLPTQTV
CASSQEWGAYNEQFF	ILGLPTQTV
CASSSAGYTGELFF	ILGLPTQTV
CASSADNSGNTIYF	ILGLPTQTV
CASSQAAGLKNEQYF	ILGLPTQTV
CATSRGLAGTRELFF	ILGLPTQTV
CASSSQPYMTFGANVLTF	ILGLPTQTV
CSVESANTGELFF	ILGLPTQTV
CASSFLVASGTADEQFF	ILGLPTQTV
CATSRDKGGADTQYF	ILGLPTQTV
CATSRDHSGSGADTQYF	ILGLPTQTV
CASSLLDRHLAGGSGEQYF	ILGLPTQTV
CASSQDPLPRAGDNEQFF	ILGLPTQTV
CASSEDPGGVNTEAFF	ILGLPTQTV
CASSQEPPLTLGTDTQYF	ILGLPTQTV
CASSVEASGGVTEAFF	ILGLPTQTV
CASSQELPLAGGTDTQYF	ILGLPTQTV
CASSQEHGLGGGNEQFF	ILGLPTQTV
CSARPDHTETQYF	ILGLPTQTV
CASSSSGQGYTEAFF	ILGLPTQTV
CASSQGGAGMRAEAFF	ILGLPTQTV
CASSFSRLAGGVYEQYF	ILGLPTQTV
CASSVKEGQISYEQYF	ILGLPTQTV
CATSREVTGTGVDEQYF	ILGLPTQTV
CASSVGDRTYEQYF	ILGLPTQTV
CASSEIPGATYTQYF	ILGLPTQTV
CSAYRVSYEQYF	ILGLPTQTV
CASSLFRGRETQYF	ILGLPTQTV
CASSQEEGAGIQPQHF	ILGLPTQTV
CASSVEGGGPTGELFF	ILGLPTQTV
CSAREFFVETQYF	ILGLPTQTV
CASSTGPVRYGAYTQYF	ILGLPTQTV
CASSQEAAGGRETQYF	ILGLPTQTV
CASSWLNSNQPQHF	ILGLPTQTV
CASSPSVETQYF	ILGLPTQTV
CASSTSWGYEQYF	ILGLPTQTV
CATSRDLTGTGQETQYF	ILGLPTQTV
CATSRELAGAGTGELFF	ILGLPTQTV
CASSVDGLEQYF	ILGLPTQTV
CASSQESTGGNSPLHF	ILGLPTQTV
CATSREAPGTGNEKLFF	ILGLPTQTV
CASSQEPGELFF	ILGLPTQTV
CATSRDMAGTGADTQYF	ILGLPTQTV
CASSSRGSQPQHF	ILGLPTQTV
CATSRDSPGTGTDTQYF	ILGLPTQTV
CASLGEGNQPQHF	ILGLPTQTV
CATSGEVPGTGLNEQFF	ILGLPTQTV
CASSQEETSVYNEQFF	ILGLPTQTV
CASSLFQAYEQYF	ILGLPTQTV
CATSRDREGTGINEQFF	ILGLPTQTV
CATSREGPGTGLGEQFF	ILGLPTQTV
CASSFGMGNQPQHF	ILGLPTQTV
CSASPLTSYEQYF	ILGLPTQTV
CASSASGGAEQYF	ILGLPTQTV
CATSRDLAGTGSEKLFF	ILGLPTQTV
CASSLEGQETYYGYTF	ILGLPTQTV
CASSQEVSTDTQYF	ILGLPTQTV
CSVATGGGYEQFF	ILGLPTQTV
CASSQGNEQFF	ILGLPTQTV
CASSLQGMDTGELFF	ILGLPTQTV
CASSPYVDRAGANVLTF	ILGLPTQTV
CASSLTENEKLFF	ILGLPTQTV
CATSRDLAGSGTGELFF	ILGLPTQTV
CATSRDLTGTGNNEQFF	ILGLPTQTV
CASSSELAGTGLTEAFF	ILGLPTQTV
CSAYTSGSTGELFF	ILGLPTQTV
CASSEELMMSYGEETQYF	ILGLPTQTV
CASSFGGVEETQYF	ILGLPTQTV
CASLTGAYEQFF	ILGLPTQTV
CASSFGDRYEQYF	ILGLPTQTV
CATSRDLPGTGVTEAFF	ILGLPTQTV
CASSRGQISGNTIYF	ILGLPTQTV
CASSRGLANEQFF	ILGLPTQTV
CATSREGPLAGGMDEQFF	ILGLPTQTV
CATSRDSAGVGTGELFF	ILGLPTQTV
CASMPGQGNEQYF	ILGLPTQTV
CATSAELAGVGTDTQYF	ILGLPTQTV
CASSETGSSYEQYF	ILGLPTQTV
CASSLVSSPEAFF	ILGLPTQTV
CASSTGLGEQYF	ILGLPTQTV
CASSPDFFSGNTIYF	ILGLPTQTV
CATSRDHPRSFGANVLTF	ILGLPTQTV
CSARDYSGTATGELFF	ILGLPTQTV
CASEGQDNRNEQFF	ILGLPTQTV
CASSLESGTSGGETQYF	ILGLPTQTV
CASSQTGVRFGDNEQFF	ILGLPTQTV
CASLAGDNEQFF	ILGLPTQTV
CASSLMAEETQYF	ILGLPTQTV
CASMGQGLAGSTDTQYF	ILGLPTQTV
CASSQEPTGSSYNSPLHF	ILGLPTQTV
CASSQDILAGVSTDTQYF	ILGLPTQTV
CASSISINTEAFF	ILGLPTQTV
CASSSSGAYEQYF	ILGLPTQTV
CASSQEVVGGRETQYF	ILGLPTQTV
CSARDFTGLGTGELFF	ILGLPTQTV
CASSSRQFSNQPQHF	ILGLPTQTV
CASSSPDRYTSRSSYNEQFF	ILGLPTQTV
CASSIYLGYNEQFF	ILGLPTQTV
CASSGLAGTDTQYF	ILGLPTQTV
CASSQESLAGDLQETQYF	ILGLPTQTV
CATSRDSPGTGNQPQHF	ILGLPTQTV
CASTKTEYSNQPQHF	ILGLPTQTV
CATSRDSPLEYSYNEQFF	ILGLPTQTV
CASSHSAGENEQFF	ILGLPTQTV
CATSRDIPGTGVSPLHF	ILGLPTQTV
CASSPTGSNEQFF	ILGLPTQTV
CASSGTGYQETQYF	ILGLPTQTV
CSVGDPGGTEAFF	ILGLPTQTV
CASSQRQGGQPQHF	ILGLPTQTV
CASSEGQGGLETQYF	ILGLPTQTV
