CDR3	AA
CASSTRSTDTQYF	FFSNVTWFH
CASSIRSSYEQYF	FFSNVTWFH
CASSTGLYGYTF	FFSNVTWFH
CASSVRSLDTQYF	FFSNVTWFH
CASSIGLWGYTF	FFSNVTWFH
CASSIRSTETQYF	FFSNVTWFH
CSAVTPVVDSYNEQFF	FFSNVTWFH
CASSQGSYGYTF	FFSNVTWFH
CASSIRAAYEQYF	FFSNVTWFH
CASSIRSSYEQYF	FFSNVTWFH
CASSQDTIWSSYEQYV	FFSNVTWFH
CASSIRSAYEQYF	FFSNVTWFH
CSARVSDRGHPLYGYTF	FFSNVTWFH
CASSIRSSYEQYF	FFSNVTWFH
CASSMRSTGELFF	FFSNVTWFH
CASSIYSNQPQHF	FFSNVTWFH
CASSFGHPSSYEQYF	FFSNVTWFH
CASSIGLYGYTF	FFSNVTWFH
CASSPSPTGIEQFF	FFSNVTWFH
CASSMRSTGELFF	FFSNVTWFH
CASSIYSNQPQHF	FFSNVTWFH
CASSSRSGNEQFF	FFSNVTWFH
CASSIRSSYEQYF	FFSNVTWFH
CASSIRAGNEKLFF	FFSNVTWFH
CASSPVGVGGYTF	FFSNVTWFH
CASSIRSAYEQYF	FFSNVTWFH
CSARPHQFGSPLHF	FFSNVTWFH
CASSTRSSYEQYF	FFSNVTWFH
CASSIGAYGYTF	FFSNVTWFH
CASSIIGLNEQFF	FFSNVTWFH
CASSTTGVDEQYF	FFSNVTWFH
CASSLSDGSSYNSPLHF	FFSNVTWFH
CASSMGSYGYTF	FFSNVTWFH
CASSIGVYGYTF	FFSNVTWFH
CARSSGVNQPQHF	FFSNVTWFH
CASSIRSAYEQYF	FFSNVTWFH
CASSVPGTGVFTDTQYF	FFSNVTWFH
CASSSRSSYEQYF	FFSNVTWFH
CASSSRSQETQYF	FFSNVTWFH
CASSIRSSYEQYF	FFSNVTWFH
CASSMRSGVEQFF	FFSNVTWFH
CASSWDSSYEQYF	FFSNVTWFH
CASSIRSSYEQYF	FFSNVTWFH
CASSIADYNEQFF	FFSNVTWFH
CASGSSMTGRVGQETQYF	FFSNVTWFH
CSVEGLDGLWTQYF	FFSNVTWFH
CASSIGSYGYTF	FFSNVTWFH
CASSIGSYGYTF	FFSNVTWFH
CASSGEGQGRTGELFF	FFSNVTWFH
CASSLGRGNQPQHF	FFSNVTWFH
CASSLRAAGELFF	FFSNVTWFH
CASSIRSSYEQYF	FFSNVTWFH
CASSGRSTDTQYF	FFSNVTWFH
CASSSRSSYEQYF	FFSNVTWFH
CASSTFNGDEQFF	FFSNVTWFH
CASSIRSAYEQYF	FFSNVTWFH
CASSTRSSYEQYF	FFSNVTWFH
CASSTRSTDTQYF	FFSNVTWFH
CASSLSGAGGKYEQYF	FFSNVTWFH
CSVEDVAGGPSWYNEQFF	FFSNVTWFH
CASSLVRDEQFF	FFSNVTWFH
CASSIRSSYEQYF	FFSNVTWFH
CASSSERQGTHEQYF	FFSNVTWFH
CASSIRSTDTQYF	FFSNVTWFH
CASSIRSSYEQYF	FFSNVTWFH
CASSVRSSYEQYF	FFSNVTWFH
CATMVTDANEQYF	FFSNVTWFH
CASSIRSAYEQYF	FFSNVTWFH
CASSGLAGGDEQFF	FFSNVTWFH
CASSMRSAYEQYF	FFSNVTWFH
CASSAAAQGPQHF	FFSNVTWFH
CASSALSNQPQHF	FFSNVTWFH
CASSVRSSYEQYF	FFSNVTWFH
CASSIRSTDTQYF	FFSNVTWFH
CASSIGVYGYTF	FFSNVTWFH
CASSTSGANQPQHF	FFSNVTWFH
CASSIRSSYEQYF	FFSNVTWFH
CASSARSGSEQFF	FFSNVTWFH
CASSPRSGIEQFF	FFSNVTWFH
CASSQGSYGYTF	FFSNVTWFH
CASSIGVYGYTF	FFSNVTWFH
CASSIRSAYEQYF	FFSNVTWFH
CASSVSSTGELFF	FFSNVTWFH
CASSIVSMDEQFF	FFSNVTWFH
CASSIGSYGYTF	FFSNVTWFH
CASSAAVRGETQYF	FFSNVTWFH
CASSIRSSYEQYF	FFSNVTWFH
CASSMGSYGYTF	FFSNVTWFH
CASSFQVLPYNEQFF	FFSNVTWFH
CASSLGASGGYSYNEQFF	FFSNVTWFH
CASSIRSSYEQYF	FFSNVTWFH
CASSIYGGLYNEQFF	FFSNVTWFH
CASSGRSTGELFF	FFSNVTWFH
CASSWTGEDEQYF	FFSNVTWFH
CASSSRSQETQYF	FFSNVTWFH
CASSTRAGNEQYF	FFSNVTWFH
CASSLVVDQETQYF	FFSNVTWFH
CASSLDRAGNQPQHF	FFSNVTWFH
CASSENQGAAFF	FFSNVTWFH
CASSGRSTGELFF	FFSNVTWFH
CASSIRSSYEQYF	FFSNVTWFH
CASSIRSTGELFF	FFSNVTWFH
CASSQDRDPSVYEQYF	FFSNVTWFH
CASSIRSDTEAFF	FFSNVTWFH
CASRTSEYNEQFF	FFSNVTWFH
CASSVRSAYEQYF	FFSNVTWFH
CASSPGGFTDEQYF	FFSNVTWFH
CSAPWGSGSTDTQYF	FFSNVTWFH
CASSVTGPPSDF	FFSNVTWFH
CASPTDTQYF	FFSNVTWFH
CASSRRSTDTQYF	FFSNVTWFH
CASSIRAGYEQYF	FFSNVTWFH
CASSTRSNQPQHF	FFSNVTWFH
CASSTGAYGYTF	FFSNVTWFH
CASSLTGVVYEQYF	FFSNVTWFH
CASSSRSTDTQYF	FFSNVTWFH
CASRLRV	FFSNVTWFH
CASSLTPGLGNEQFF	FFSNVTWFH
CASSIRSSAEQYF	FFSNVTWFH
CASSVRSSYEQYF	FFSNVTWFH
CASSIRSSGEQFF	FFSNVTWFH
CASSMRSSYEQYF	FFSNVTWFH
CASSMRSAYEQYF	FFSNVTWFH
IGVSSYNEQFF	FFSNVTWFH
CASSITGTYNEQFF	FFSNVTWFH
CASSLRSSYEQYF	FFSNVTWFH
CASSIRSAYEQYF	FFSNVTWFH
CASSQAAWGQVALAGGGEQFF	FFSNVTWFH
CASSQDRGGPGSFTEAFF	FFSNVTWFH
CASSIRSSYEQYF	FFSNVTWFH
CASSTRSGVEQYF	FFSNVTWFH
CASSSRSSYEQYF	FFSNVTWFH
CASSHPQRTSPYNEQFF	FFSNVTWFH
CASSTRSTYEQYF	FFSNVTWFH
CASSTRAGVEQYF	FFSNVTWFH
CASSIFGGSRELFF	FFSNVTWFH
CASSIRSAYEQYF	FFSNVTWFH
CASSVRGTSNGYTF	FFSNVTWFH
CASSIRSTGELFF	FFSNVTWFH
CASSIRSAYEQYF	FFSNVTWFH
CASSTRSSYEQYF	FFSNVTWFH
CASRGQTNYGYTF	FFSNVTWFH
CASSQDSGSGQPQHF	FFSNVTWFH
CASSTGSYGYTF	FFSNVTWFH
CASSTRSSGEQYF	FFSNVTWFH
CATSGRAGNEQFF	FFSNVTWFH
CASSIRSAYEQYF	FFSNVTWFH
CASSMGSYGYTF	FFSNVTWFH
