CDR3	AA
CASSSPTESSYEQYF	QPYRVVVLSF
CASSLLLQETQYF	QPYRVVVLSF
CASSQENEAEQYF	QPYRVVVLSF
CASSLTGSNEQFF	QPYRVVVLSF
CASNAGTSGANPPTPDTQYF	QPYRVVVLSF
CASSQVSGGALNEQFF	QPYRVVVLSF
CASSLGEDTEAFF	QPYRVVVLSF
CASSWGDSYEQYF	QPYRVVVLSF
CASSQVGNSYEQYV	QPYRVVVLSF
CASSGWDSTDTQYF	QPYRVVVLSF
CASSSSPDTQYF	QPYRVVVLSF
CASSAGTGSYEQYF	QPYRVVVLSF
CASSLIEETEAFF	QPYRVVVLSF
CASSTQEMTGGWGYTF	QPYRVVVLSF
CASSIVAGSSEQFF	QPYRVVVLSF
CASSLKGYNEQFF	QPYRVVVLSF
CASSYPNNQPQHF	QPYRVVVLSF
CASSFTTGTGGFANTGELFF	QPYRVVVLSF
CASSLSLNTEAFF	QPYRVVVLSF
CASSPGTDRAQKSSPLHF	QPYRVVVLSF
CATSPPWSGREETQYF	QPYRVVVLSF
CASRLIPTGGADTEAFF	QPYRVVVLSF
CASGGNEETQYF	QPYRVVVLSF
CASSLGEGETTEAFF	QPYRVVVLSF
CAWSATPGQGVDEQFF	QPYRVVVLSF
CASREQYRGTNEKLFF	QPYRVVVLSF
CASGQGSYEQYF	QPYRVVVLSF
CASSQDGDGYTF	QPYRVVVLSF
CASSGGQTEAFF	QPYRVVVLSF
CASSLEGSGSGETQYF	QPYRVVVLSF
CASSYSSGETQYF	QPYRVVVLSF
CASSLVVGADTQYF	QPYRVVVLSF
CASSFWGGEQFF	QPYRVVVLSF
CASSYGGNLGYNEQFF	QPYRVVVLSF
CASSYSLVDYEQYF	QPYRVVVLSF
CASSPQGLAGSYNEQFF	QPYRVVVLSF
CASSIRGLDEQYF	QPYRVVVLSF
CASNRETQYF	QPYRVVVLSF
CASRPGTASNQPQHF	QPYRVVVLSF
CASAGQGFHRDEQFF	QPYRVVVLSF
CASTVETNTEAFF	QPYRVVVLSF
CATSDFTGSYNEQFF	QPYRVVVLSF
CSASILPSTDTQYF	QPYRVVVLSF
CASTPDGYEQYF	QPYRVVVLSF
CASSRLTDANTEAFF	QPYRVVVLSF
CASSEASSSYEQYF	QPYRVVVLSF
