CDR3	AA
CASSLGGYEQYF	HVTFFIYNK
CASSVSGAQETQYF	HVTFFIYNK
CASSPGRGPGAFF	HVTFFIYNK
CASSLGQGSNIQYF	HVTFFIYNK
CASSGDGSYEQYF	HVTFFIYNK
CASSAGQGDGYTF	HVTFFIYNK
CASALVAGVELWGTDTQYF	HVTFFIYNK
CASSLGTGDGYTF	HVTFFIYNK
CASSLGGTDTQYF	HVTFFIYNK
CASSPSGSADTQYF	HVTFFIYNK
CASSFGGSGGYNEQFF	HVTFFIYNK
CASSVGQGGGYTF	HVTFFIYNK
CASSVARSGDGYTF	HVTFFIYNK
CASSLGLGGELFF	HVTFFIYNK
CSARDYKETQYF	HVTFFIYNK
CASSGPGLAGYEQYV	HVTFFIYNK
CASTGGSSNQPQHF	HVTFFIYNK
CASSRGGEQETQYF	HVTFFIYNK
CSARTGNTDTQYF	HVTFFIYNK
CASSLGQGGALTF	HVTFFIYNK
CASSPGLGGTQYF	HVTFFIYNK
CSARREGTEQFF	HVTFFIYNK
CASSPKGGEPQHF	HVTFFIYNK
CASSYGQGSEAFF	HVTFFIYNK
CASRDGDTGELFF	HVTFFIYNK
CASSLARSEYNEQFF	HVTFFIYNK
CASSTHPTAAGEKLFF	HVTFFIYNK
CASSWTGNPFEQYF	HVTFFIYNK
CASSVDDEQFF	HVTFFIYNK
CASSVAAGGPTGELFF	HVTFFIYNK
CASSSGQGDGYTF	HVTFFIYNK
CASVTGGYNEQFF	HVTFFIYNK
CASSGNEQFF	HVTFFIYNK
CASSLTGTSGRTFFPNEQFF	HVTFFIYNK
CASSTHTGELFF	HVTFFIYNK
CASSLQGSDTF	HVTFFIYNK
CASSSGQGGEQYF	HVTFFIYNK
CASRGNTGELFF	HVTFFIYNK
CASSLTGGETQYF	HVTFFIYNK
CASSVGQGDGYTF	HVTFFIYNK
CASSLGVGGEQYF	HVTFFIYNK
CASTLGLSGRETQYF	HVTFFIYNK
CASTVGLGGELFF	HVTFFIYNK
CASSLAAGGPTGELFF	HVTFFIYNK
CASSLSRGALHEQYF	HVTFFIYNK
CASSLMQSSYEQYF	HVTFFIYNK
CATSRDLPNEQFF	HVTFFIYNK
CASSEPHSAANTGELFF	HVTFFIYNK
CASSTETGMNTEAFF	HVTFFIYNK
CASSQDPFGQGAYTEAFF	HVTFFIYNK
CASSLTGQHYEQYF	HVTFFIYNK
CASSQGGQGNSPLHF	HVTFFIYNK
CASSLAGLSYEQYF	HVTFFIYNK
CSVLGTSGNNEQFF	HVTFFIYNK
CASSLEQDPLEQYF	HVTFFIYNK
CASSLGGGGEQFF	HVTFFIYNK
CASSLKGDGIWEQYF	HVTFFIYNK
CASSVGQGDGYTF	HVTFFIYNK
CASSLGTGFETQYF	HVTFFIYNK
