CDR3	AA
CASSFGQGTGNEQFF	SSTFNVPMEKLK
CASRPDSTQETQYF	SSTFNVPMEKLK
CASRPGRGTETQYF	SSTFNVPMEKLK
CASSLAPSQETQYF	SSTFNVPMEKLK
CASSPSGRYEQYF	SSTFNVPMEKLK
CASSAGTGNHEQFF	SSTFNVPMEKLK
CASSQSTGALANSPLHF	SSTFNVPMEKLK
CASSYRGLGSGGNQPQHF	SSTFNVPMEKLK
CASRDRGYQETQYF	SSTFNVPMEKLK
CASTLHGAQETQYF	SSTFNVPMEKLK
CASSPGHWPETQYF	SSTFNVPMEKLK
CASSGGGLGVQASRYQPQHF	SSTFNVPMEKLK
CASRETSSQETQYF	SSTFNVPMEKLK
CASRVDSTNEKLFF	SSTFNVPMEKLK
CASSVGAPYNEQFF	SSTFNVPMEKLK
CASSYAGGDGYTF	SSTFNVPMEKLK
CASSLIRDNQRKGNTEAFF	SSTFNVPMEKLK
CATSRDPLAGAAGELFF	SSTFNVPMEKLK
CASSGGTHYEQYF	SSTFNVPMEKLK
CASSLGLSGHNNEQFF	SSTFNVPMEKLK
CSVRGTGGYNEQFF	SSTFNVPMEKLK
CASTLHGAQETQYF	SSTFNVPMEKLK
CASRPDSTQETQYF	SSTFNVPMEKLK
