pep,ae_auc_10,lstm_auc_10,ae_auc_20,lstm_auc_20,deeptcr_AUC_10,deeptcr_AUC_20
FYLCFLAFL,0.726,0.7319,0.8262,0.8367,0.6355,0.6779
IDFYLCFLAF,0.708,0.7293,0.8334,0.8151,0.6211,0.6574
LLFLVLIML,0.7304,0.7443,0.8131,0.8123,0.6054,0.6575
LIDFYLCFL,0.7451,0.7361,0.8007,0.8086,0.6242,0.6574
FYLCFLAFLL,0.7497,0.7518,0.8202,0.8396,0.6249,0.6537
MIELSLIDFY,0.7474,0.7412,0.8107,0.8106,0.6174,0.6542
IELSLIDFYL,0.7212,0.7247,0.8118,0.8135,0.6173,0.6825
YLCFLAFLL,0.7487,0.6828,0.7984,0.8337,0.619,0.6531
SLIDFYLCFL,0.7519,0.7362,0.814,0.8408,0.6191,0.659
FLAFLLFLV,0.7405,0.7579,0.821,0.8371,0.5814,0.658
AFLLFLVLI,0.7249,0.6983,0.8274,0.7904,0.6339,0.6594
HTTDPSFLGRY,0.7602,0.7516,0.8076,0.8194,0.7458,0.7658
NVFAFPFTIY,0.8424,0.8795,0.8737,0.9339,0.7426,0.7667
NVFAFPFTI,0.8479,0.8616,0.8746,0.9507,0.7101,0.8074
FVDGVPFVV,0.6436,0.6871,0.6331,0.7319,0.6433,0.6792
MGYINVFAF,0.8277,0.8457,0.8784,0.9535,0.7045,0.7728
WPVTLACFVL,0.7767,0.8443,0.7636,0.9241,0.6219,0.6788
LWLLWPVTL,0.696,0.8668,0.7646,0.916,0.6134,0.6812
WLLWPVTLA,0.7333,0.8691,0.83,0.9264,0.5953,0.6629
YINVFAFPF,0.8233,0.9196,0.8713,0.954,0.6944,0.7773
INVFAFPFTI,0.8132,0.8814,0.8553,0.9507,0.7524,0.7669
FLWLLWPVTL,0.7111,0.8242,0.7962,0.925,0.6987,0.6946
LWPVTLACF,0.7228,0.7962,0.8045,0.9069,0.6266,0.6981
AFPFTIYSL,0.8053,0.8586,0.8641,0.9082,0.7263,0.7774
TLACFVLAAV,0.8001,0.9017,0.8155,0.9155,0.6229,0.6942
GYINVFAFPF,0.8245,0.8732,0.8801,0.9333,0.7092,0.7824
FLWLLWPVT,0.703,0.8358,0.8032,0.9213,0.6041,0.6916
FLNGSCGSV,0.7025,0.7434,0.7103,0.7829,0.6963,0.6843
KLSYGIATV,0.6456,0.7189,0.701,0.7697,0.7167,0.7016
YQIGGYTEK,0.946,0.9432,0.9138,0.938,0.8993,0.8966
YQIGGYTEKW,0.9409,0.9421,0.9018,0.9342,0.912,0.9124
SEHDYQIGGYTEKW,0.9234,0.8992,0.9466,0.9478,0.8906,0.8796
VYFLQSINFV,0.8405,0.8765,0.9179,0.9815,0.6245,0.7474
QSINFVRII,0.7952,0.8935,0.8975,0.9717,0.5691,0.7225
LQSINFVRI,0.8257,0.9052,0.9283,0.9652,0.6576,0.7216
KEIIFLEGETL,0.6151,0.7718,0.6928,0.7876,0.6292,0.7122
GLEAPFLYLY,0.8168,0.8846,0.9033,0.9591,0.6419,0.7589
FLYLYALVYF,0.8201,0.9145,0.9149,0.971,0.6413,0.7722
VYFLQSINF,0.843,0.873,0.9354,0.9683,0.5821,0.7527
INFVRIIMR,0.8426,0.9194,0.929,0.9636,0.6737,0.7077
FLQSINFVR,0.8037,0.9129,0.8858,0.9624,0.6241,0.7375
APKEIIFL,0.6694,0.6893,0.7079,0.8118,0.6758,0.6404
YFLQSINFVR,0.7631,0.8489,0.9056,0.9767,0.6249,0.7634
LQSINFVRII,0.8385,0.8643,0.8906,0.9562,0.6051,0.7737
LSPRWYFYY,0.7262,0.732,0.6905,0.7638,0.8045,0.7564
SINFVRIIMR,0.8334,0.8774,0.898,0.9649,0.5998,0.7207
QELYSPIFL,0.6844,0.7839,0.7741,0.9312,0.5803,0.6576
FLQSINFVRI,0.8263,0.9214,0.8826,0.9533,0.6724,0.7441
SPRWYFYYL,0.739,0.7912,0.7156,0.8196,0.7646,0.8204
VQELYSPIFL,0.6739,0.7886,0.7965,0.904,0.6693,0.6795
YLYALVYFL,0.8499,0.9109,0.8778,0.9732,0.6382,0.7205
ELYSPIFLI,0.7231,0.8102,0.7573,0.9304,0.5998,0.7192
VQELYSPIF,0.6701,0.7954,0.7566,0.9215,0.6643,0.6838
LYSPIFLIV,0.6708,0.8275,0.7434,0.901,0.6106,0.6957
LLLDDFVEI,0.762,0.7465,0.747,0.8506,0.6724,0.7201
MEVTPSGTWL,0.7387,0.8498,0.7366,0.9149,0.7304,0.708
TPSGTWLTY,0.6551,0.8506,0.7342,0.8716,0.7169,0.7123
LLDDFVEII,0.6498,0.7142,0.797,0.8305,0.7154,0.744
AEAELAKNVSL,0.7063,0.8057,0.6659,0.822,0.6081,0.615
AELAKNVSLDNVL,0.758,0.7597,0.6233,0.7755,0.6224,0.6527
VTPSGTWLTY,0.7073,0.7701,0.7468,0.8967,0.6489,0.7296
GMEVTPSGTWL,0.6874,0.7547,0.7709,0.8844,0.6419,0.7211
LEYHDVRVVL,0.731,0.8273,0.7815,0.892,0.677,0.7336
EDFLEYHDVR,0.7879,0.7931,0.8555,0.9208,0.7097,0.7638
YEDFLEYHDVRVVL,0.6877,0.7687,0.7926,0.9451,0.6911,0.7337
VLWAHGFEL,0.746,0.7452,0.7332,0.7463,0.7682,0.752
LEYHDVRVV,0.7592,0.8314,0.7923,0.8965,0.6868,0.7535
DFLEYHDVR,0.8656,0.8687,0.8401,0.8923,0.6617,0.742
YEQYIKWPW,0.5784,0.6669,0.7092,0.8252,0.5724,0.6817
GVYFASTEK,0.6325,0.7794,0.8599,0.9394,0.6359,0.7245
TESIVRFPNI,0.7029,0.7927,0.8036,0.9278,0.6714,0.7392
YEQYIKWPWY,0.6363,0.7447,0.6705,0.8609,0.653,0.6304
SELVIGAVI,0.7499,0.7321,0.7526,0.8432,0.6675,0.7207
VQPTESIVRF,0.701,0.8038,0.8087,0.9487,0.6484,0.7659
FPNITNLCPF,0.7959,0.9033,0.756,0.9329,0.6251,0.6757
SVLLFLAFV,0.6448,0.7106,0.6828,0.8766,0.635,0.7237
LLFVTVYSHL,0.6384,0.7162,0.5206,0.7987,0.5814,0.6205
RFPNITNLCPF,0.7893,0.7991,0.75,0.88,0.7109,0.7422
QPTESIVRF,0.7479,0.7972,0.8071,0.9243,0.6259,0.7026
QYIKWPWYI,0.6209,0.7015,0.6856,0.8039,0.7417,0.6404
MLIIFWFSL,0.6094,0.7472,0.7826,0.835,0.5669,0.7353
IMLIIFWFSL,0.6586,0.7557,0.8003,0.8741,0.6789,0.754
VRFPNITNL,0.6259,0.8154,0.7762,0.8925,0.62,0.7463
LIVNSVLLFL,0.5444,0.7902,0.6582,0.8802,0.6136,0.6758
SELVIGAVIL,0.6819,0.7593,0.6997,0.7788,0.6727,0.7788
FVCNLLLLFV,0.5971,0.6606,0.7072,0.8501,0.6035,0.6641
VLPFNDGVY,0.7132,0.8039,0.8134,0.9474,0.6395,0.7965
VLPFNDGVYF,0.7556,0.871,0.7954,0.9063,0.6037,0.7926
LPFNDGVYF,0.7195,0.9014,0.7606,0.9011,0.6833,0.6895
LLFLAFVVFL,0.6549,0.8044,0.6252,0.8682,0.6856,0.6904
FLPRVFSAV,0.6411,0.581,0.5708,0.6574,0.6543,0.6776
APAHISTI,0.6309,0.8291,0.7083,0.8128,0.5688,0.637
DGVYFASTEK,0.6314,0.8144,0.8291,0.9051,0.7183,0.7694
LPFNDGVYFA,0.6849,0.9081,0.8234,0.9327,0.6808,0.7377
RQLLFVVEV,0.7348,0.6494,0.6853,0.6929,0.6931,0.6438
KLPDDFTGCV,0.7315,0.6362,0.7162,0.7201,0.7485,0.6693
TVYSHLLLV,0.5879,0.6572,0.6057,0.8233,0.5517,0.5994
LTDEMIAQY,0.923,0.8351,0.8834,0.8876,0.822,0.8008
KAYNVTQAF,0.5966,0.7027,0.6963,0.7994,0.6994,0.6799
VLPPLLTDEMIAQY,0.8199,0.8182,0.7893,0.8862,0.7586,0.8405
QLMCQPILLL,0.819,0.8322,0.8633,0.851,0.8397,0.8663
LTDEMIAQYT,0.8415,0.8417,0.707,0.8677,0.8098,0.8229
VLSFCAFAV,0.751,0.8517,0.8673,0.8359,0.8524,0.8063
TVLSFCAFA,0.7297,0.6909,0.8063,0.9033,0.7257,0.7907
LLTDEMIAQY,0.9317,0.8386,0.8014,0.8894,0.832,0.7669
LYDANYFLCW,0.5478,0.7334,0.7545,0.8533,0.5724,0.6116
QLMCQPILL,0.9626,0.9496,0.8199,0.8825,0.8405,0.7912
YLNTLTLAV,0.7033,0.6902,0.7204,0.7757,0.6027,0.6361
YDANYFLCW,0.6725,0.8415,0.7951,0.9505,0.5653,0.6786
PLLYDANYFL,0.8233,0.9235,0.7749,0.9425,0.5931,0.6898
NPLLYDANY,0.523,0.6425,0.7509,0.9264,0.7067,0.6002
RFLYIIKLIF,0.6639,0.8403,0.8009,0.9827,0.6624,0.653
LLYDANYFLC,0.6155,0.7652,0.7546,0.9221,0.5907,0.6711
MVMCGGSLYV,0.767,0.8083,0.7281,0.7959,0.7011,0.7004
LYIIKLIFL,0.7153,0.8591,0.8127,0.9269,0.5792,0.676
IPTNFTISV,0.7901,0.8328,0.8612,0.8956,0.6884,0.7884
VMCGGSLYV,0.664,0.8214,0.6282,0.7802,0.6315,0.6795
MPASWVMRI,0.7554,0.8146,0.6543,0.773,0.8357,0.6689
FLYIIKLVFL,0.8,1,0.7401,0.9063,0.5689,0.7334
FLYIIKLIFL,0.7348,0.774,0.8365,0.9051,0.6278,0.7482
LYIIKLIFLW,0.8082,0.8475,0.8677,0.9281,0.6146,0.6685
ALALLLLDR,0.6624,0.8566,0.793,0.9453,0.583,0.6914
AYSNNSIAIPTNF,0.8125,0.8346,0.7817,0.9215,0.7577,0.7682
FNATRFASVY,0.8862,0.8592,0.772,0.8397,0.7793,0.8312
GDAALALLLL,0.5762,0.8294,0.8071,0.914,0.6072,0.7691
YIIKLIFLW,0.5625,0.9662,0.6648,0.9426,0.506,0.6015
LLLLDRLNQL,0.6852,0.9328,0.7077,0.8634,0.5265,0.7099
NATRFASVY,0.7146,0.8387,0.7758,0.9313,0.7176,0.7883
LLLDRLNQL,0.6704,0.908,0.8554,0.9744,0.5816,0.7373
NSIAIPTNF,0.8254,0.7751,0.7556,0.8952,0.7308,0.8107
VLHSYFTSDY,0.7256,0.8181,0.7677,0.8851,0.6689,0.6648
YFTSDYYQLY,0.729,0.8343,0.6833,0.86,0.7013,0.733
LLLLDRLNQ,0.6514,0.8837,0.7177,0.9574,0.5637,0.5982
GEIPVAYRKVLL,0.6554,0.6805,0.6802,0.8324,0.6852,0.6579
KPLEFGATSAAL,0.6753,0.8043,0.6796,0.7375,0.835,0.7465
LALLLLDRL,0.5926,0.8996,0.8029,0.9165,0.5857,0.7836
TLIGDCATV,0.6498,0.6615,0.6349,0.734,0.6373,0.6606
ILGTVSWNL,0.6648,0.8431,0.803,0.8658,0.6344,0.7145
SNEKQEILGTVSW,0.7758,0.8424,0.7227,0.8456,0.7088,0.7307
FFSNVTWFH,0.7899,0.7285,0.75,0.9702,0.8544,0.8737
LPFFSNVTW,0.9688,0.974,0.8677,0.927,0.9551,0.855
PFFSNVTWF,0.9864,0.9933,0.8228,0.8526,0.8345,0.8063
FPPTSFGPL,0.6945,0.7073,0.7503,0.7705,0.711,0.6841
YLQPRTFL,0.7977,0.9227,0.8809,0.9791,0.8744,0.8361
SYFTSDYYQL,0.7811,0.7978,0.7355,0.7921,0.5792,0.7242
SNVTWFHAI,0.8458,0.9349,0.9603,0.9343,0.8258,0.7566
RTFKVSIWNL,0.7076,0.8449,0.7579,0.9574,0.5506,0.6808
WICLLQFAY,0.5881,0.6751,0.6843,0.5567,0.76,0.7031
RSVASQSII,0.7095,0.8714,0.6531,0.8472,0.742,0.7084
ILLIIMRTFK,0.6735,0.8724,0.8251,0.9582,0.5678,0.6709
FKVSIWNLDY,0.7398,0.9533,0.7239,0.9905,0.5746,0.5972
FLPFFSNVT,0.8249,0.9008,0.9473,0.9667,0.7518,0.8171
VASQSIIAY,0.75,0.8728,0.7808,0.9103,0.5697,0.6849
SIIAYTMSL,0.6716,0.7554,0.7051,0.9014,0.6006,0.6777
KVSIWNLDYI,0.7374,0.8767,0.6856,0.9686,0.6827,0.649
YYVGYLQPRTF,0.7478,0.86,0.9242,0.9643,0.9327,0.9563
CELYHYQECV,0.7324,0.7729,0.5865,0.8,0.8715,0.7235
LIIMRTFKV,0.8553,0.9167,0.7661,0.9736,0.5433,0.5798
TFKVSIWNL,0.7529,0.8686,0.7902,0.9359,0.6402,0.579
LPFFSNVTWF,0.7731,0.8333,0.9434,0.9874,0.6961,0.9532
AYKTFPPTEPK,0.9872,0.6571,0.8007,0.7914,0.7572,0.7284
KVPTDNYITTY,0.8227,0.7864,0.7747,0.8601,0.7966,0.7409
YIFFASFYY,0.5407,0.3833,0.5836,0.6437,0.6172,0.611
LEPLVDLPI,0.6163,0.6382,0.6421,0.7216,0.4303,0.6158
KLWAQCVQL,0.6511,0.7015,0.5876,0.8093,0.6444,0.6858
NYLYRLFRK,0.6551,0.7391,0.8288,0.939,0.8538,0.8034
KVSIWNLDY,0.5976,0.8381,0.7618,0.9844,0.5036,0.6505
IMRTFKVSI,0.6827,0.8038,0.7119,0.9592,0.7047,0.6876
MWSFNPETNI,0.731,0.8057,0.8466,0.8801,0.8103,0.7445
KTFPPTEPK,0.6625,0.6557,0.7593,0.8592,0.526,0.7321
ASAFFGMSR,0.7981,0.9148,0.7907,0.9287,0.7675,0.7691
LITLATCELY,0.7637,0.8516,0.8141,0.8924,0.8414,0.7551
LITGRLQSL,0.375,1,0.6833,0.8045,0.516,0.6099
STGSNVFQTR,0.798,0.7306,0.8776,0.8361,0.7335,0.7456
SASAFFGMSR,0.8091,0.9021,0.842,0.9091,0.6552,0.8928
ILGLPTQTV,0.6523,0.8036,0.6723,0.8159,0.7644,0.5444
TLATCELYHY,0.7958,0.8917,0.7131,0.8717,0.527,0.7651
SFNPETNIL,0.8829,0.8988,0.8222,0.8416,0.8897,0.795
VYADSFVIR,0.7929,0.7179,0.7365,0.9216,0.7135,0.7814
VVFLHVTYV,0.5944,0.7028,0.6743,0.9614,0.7179,0.6655
RLQSLQTYV,0.6429,0.8571,0.6148,0.7371,0.6368,0.7811
TGSNVFQTR,0.547,0.827,,,0.5684,0.687
FLCLFLLPSL,0.6889,0.6061,0.6028,0.8415,0.5287,0.5678
KLNVGDYFV,0.6373,0.5833,0.8253,0.7551,0.6756,0.686
KLNDLCFTNV,0.6555,0.7059,0.701,0.9913,0.7517,0.6838
ILHCANFNV,0.5404,0.6377,0.6807,0.6687,0.7028,0.6683
YFIASFRLFA,0.5644,0.9394,0.7178,0.875,0.4861,0.5772
GNYTVSCLPF,0.625,0.7895,0.6441,0.766,0.4664,0.6069
APHGVVFLHV,0.713,0.8059,0.6255,0.8222,0.5699,0.7813
SEVGPEHSLAEY,0.6457,0.6181,0.7383,0.6425,0.5419,0.5207
NPANNAAIVL,0.7833,0.6961,0.5714,0.8418,0.5725,0.5004
SEYKGPITDVFY,0.6253,0.6933,0.5563,0.6802,0.4192,0.5428
FIASFRLFA,0.5643,0.6878,0.6132,0.7941,0.7518,0.6191
NPANNAAIV,0.5094,0.8071,0.484,0.7735,0.4773,0.5642
ITDVFYKENSY,0.4181,0.6579,0.6055,0.7746,0.4688,0.5767
VVDDPCPIHFY,0.6881,0.7421,0.7267,0.8501,0.6899,0.7077
FIAGLIAIV,0.2917,0.6361,,,0.3136,0.725
FTNVYADSF,,0.9591,0.6673,0.8925,0.7082,0.7536
LLYDANYFL,,,0.7986,0.9571,0.5095,0.6554
FGEVFNATRF,,,0.8215,0.9006,0.7917,0.7953
YIIKLIFLWL,,,0.7538,0.9698,0.5657,0.6776
GEVFNATRF,,,0.8125,0.8625,0.7704,0.7868
AIPTNFTISV,,,0.8483,0.9443,0.8103,0.6922
VPHVGEIPVAY,,,0.6717,0.785,0.7646,0.5097
SQSIIAYTM,,,0.7441,0.9532,0.5624,0.6843
ASQSIIAYTM,,,0.7348,0.8805,0.7407,0.6551
SIWNLDYII,,,0.7809,0.8539,0.5845,0.6466
YLQPRTFLL,,,0.8951,0.9079,0.8097,0.9291
VSIWNLDYII,,,0.8761,0.9502,0.5022,0.7229
NYNYLYRLF,,,0.8858,0.9036,0.833,0.8455
ALRKVPTDNYITTY,,,0.8526,0.8971,0.7366,0.7665
ITLATCELY,,,0.669,0.8914,0.6741,0.8131
YLDAYNMMI,,,0.6392,0.6089,0.6688,0.7007
APSASAFFGM,,,0.8957,0.9087,0.853,0.8579
SMWSFNPET,,,0.8398,0.9099,0.8803,0.8466
GRLQSLQTY,,,0.62,0.9044,0.649,0.6513
GVVFLHVTY,,,0.6447,0.8105,0.6353,0.689
AQFAPSASA,,,0.8937,0.9496,0.7797,0.8668
YFPLQSYGF,,,0.7591,0.756,0.4377,0.7525
CFTNVYADSF,,,0.6776,0.938,0.6677,0.7412
LNDLCFTNVY,,,0.8193,0.9473,0.5744,0.7054
EYVSQPFLM,,,0.7332,0.842,0.694,0.722
NVYADSFVIR,,,0.7928,0.947,0.6184,0.7482
TMADLVYAL,,,0.6552,0.7857,0.5531,0.7703
VYSTGSNVF,,,0.5921,0.8749,0.4257,0.7293
YTMADLVYA,,,0.6648,0.9194,0.8848,0.7496
CTFEYVSQPF,,,0.5589,0.8973,0.6507,0.5954
APHGVVFL,,,0.8136,1,0.8419,0.6677
YVVDDPCPI,,,0.7091,0.8925,0.6881,0.6836
FEYVSQPFL,,,0.6705,0.8371,0.4389,0.5766
FTNVYADSFV,,,0.74,0.9836,0.6426,0.696
RNPANNAAIV,,,0.6305,0.7806,0.5244,0.5841
FLLPSLATV,,,0.6755,0.7979,0.6082,0.501
VDDPCPIHFY,,,0.6384,0.8203,0.5722,0.7117
DTDFVNEFYAY,,,0.7664,0.8034,0.6418,0.7639
NRDVDTDFVNEFY,,,0.7328,0.7713,0.8157,0.7647
VEHVTFFIY,,,0.8292,0.9312,0.6026,0.8178
NYTVSCLPF,,,0.6664,0.9503,0.5542,0.5569
YFIASFRLF,,,0.8256,0.9239,0.4188,0.584
YTVSCLPFTI,,,0.6721,0.6705,0.5429,0.6253
TLVPQEHYV,,,0.6265,0.8374,0.5945,0.7149
STDTGVEHVTFFIY,,,0.6132,0.8547,0.7557,0.7778
GVEHVTFFIY,,,0.6929,0.9893,0.697,0.7668
EILDITPCSF,,,0.6943,0.8148,0.5562,0.6422
ALSKGVHFV,,,0.9333,0.7255,0.6547,0.6302
HVTFFIYNK,,,0.7731,0.9076,0.7133,0.7619
VEAEVQIDRL,,,0.8051,0.8909,0.7329,0.6026
NLNESLIDL,,,0.6576,0.5718,0.5243,0.6374
HPLADNKFAL,,,0.57,0.8759,0.9087,0.8189
TPINLVRDL,,,0.6556,0.699,0.8208,0.7408
VVYRGTTTY,,,0.7036,0.753,0.696,0.6332
VQIDRLITGR,,,0.6861,0.8875,0.4336,0.7138
AEVQIDRLI,,,0.5839,0.9195,0.5671,0.6247
KPFERDISTEI,,,0.7689,0.8739,0.789,0.8066
AEVQIDRLIT,,,0.6828,0.6615,0.7481,0.5867
ATSRTLSYY,,,0.8109,0.9433,0.4915,0.6874
ATSRTLSYYK,,,0.6444,,0.7535,0.5781
QPYRVVVL,,,0.7669,0.9174,0.4137,0.7269
AEIRASANLA,,,0.6394,0.6627,0.7327,0.6659
FERDISTEI,,,0.5778,0.9111,0.5773,0.7767
FPQSAPHGV,,,0.6593,0.6667,0.8256,0.5237
TVATSRTLSY,,,0.7895,0.8655,0.423,0.7654
PYRVVVLSF,,,0.7778,,0.5833,0.6839
VYSSANNCTF,,,0.8106,0.736,0.3155,0.5564
CNDPFLGVYY,,,0.5397,0.8182,0.616,0.7152
VLAWLYAAV,,,0.5982,0.7478,0.9093,0.4968
KTSVDCTMYI,,,0.5093,0.6321,0.4971,0.7582
FCNDPFLGVY,,,0.5614,0.5833,0.3738,0.5739
ALNTPKDHI,,,0.6727,0.6667,0.7779,0.6796
ELIRQGTDY,,,0.9216,0.9804,0.9372,0.9803
CTLKSFTVEK,,,0.8125,0.6667,0.7135,0.677
GYQPYRVVVL,,,,0.75,0.851,0.5582
ADAGFIKQY,,,,,0.6785,0.687
AEGSRGGSQA,,,,,0.0373,0.2608
AEIPKEEVKPF,,,,,0.5633,0.7458
AEIRASANL,,,,,0.7626,0.7128
AELEGIQY,,,,,0.6433,0.8286
AENSVAYSN,,,,,0.8722,0.8848
AENSVAYSNN,,,,,0.3703,0.8986
AIAMACLVGL,,,,,0.5868,0.6842
AIILASFSA,,,,,0.906,0.527
AIMTRCLAV,,,,,0.2813,0.573
ALDPLSETK,,,,,0.1594,0.7945
ALLADKFPV,,,,,0.8941,0.5435
ALNTLVKQL,,,,,0.9735,0.6996
ALRANSAVK,,,,,0.3952,0.8573
ALWEIQQVV,,,,,0.5686,0.4007
APGQTGKIA,,,,,0.5507,0.4298
AQALNTLVK,,,,,0.6629,0.5091
AQVDVVNFNL,,,,,0.9318,0.501
ASANLAATK,,,,,0.4059,0.6185
ASFNYLKSPNFSK,,,,,0.9713,0.6738
ASKIITLKK,,,,,0.779,0.9983
ASQRVAGDSGFAAY,,,,,0.6804,0.5828
ATEGALNTPK,,,,,0.5142,0.6026
ATVVIGTSK,,,,,0.5735,0.4959
AVILRGHLR,,,,,0.4101,0.749
AVLQSGFRK,,,,,0.4745,0.3708
AYILFTRFFYV,,,,,0.306,0.5675
CALDPLSETK,,,,,0.4296,0.4205
CMTSCCSCLK,,,,,0.2963,0.7267
CNDPFLGVY,,,,,0.7594,0.4845
CPDGVKHVY,,,,,0.689,0.6857
DGVKHVYQL,,,,,0.4008,0.7322
DLFMRIFTI,,,,,0.4586,0.7468
DLPIGINITR,,,,,0.4202,0.5393
DSGFAAYSR,,,,,0.957,0.5774
EEEFEPSTQYEY,,,,,0.9115,0.1301
EEHVQIHTI,,,,,0.5965,0.5994
EELKKLLEQW,,,,,0.8093,0.7881
FADDLNQLTGY,,,,,0.9845,0.5001
FAFACPDGVKHVY,,,,,0.6783,0.5836
FAYANRNRF,,,,,0.7754,0.8178
FERDISTEIY,,,,,0.898,0.6323
FLGRYMSAL,,,,,0.1343,0.6157
FLLNKEMYL,,,,,0.6242,0.6721
FLNRFTTTL,,,,,0.4953,0.8124
FPQSAPHGVVF,,,,,0.7465,0.6539
FPRGQGVPI,,,,,0.1561,0.5331
FQPTNGVGY,,,,,0.809,0.6235
FRYMNSQGL,,,,,0.7431,0.5616
FSKQLQQSM,,,,,0.9447,0.7926
FTEQPIDLVPNQPY,,,,,0.3691,0.9886
FTISVTTEIL,,,,,0.6689,0.5274
FTYASALWEI,,,,,0.695,0.4864
FVFKNIDGY,,,,,0.4021,0.6252
FVRATATIPI,,,,,0.4547,0.88
GAAAYYVGY,,,,,0.4182,
GAEHVNNSY,,,,,0.7008,0.577
GDCEEEEFEPSTQY,,,,,0.157,0.7059
GMSRIGMEV,,,,,0.1899,0.8654
GPKKSTNLV,,,,,0.5813,0.6994
GQTGKIADY,,,,,0.0965,0.6378
GSFCTQLNR,,,,,0.3394,0.6318
GTGPEAGLPY,,,,,0.7749,0.7749
GTHWFVTQR,,,,,0.3584,0.3553
GTITSGWTF,,,,,0.4606,0.8565
GTITVEELK,,,,,0.8424,0.9142
GTTLPKGFY,,,,,0.4601,0.644
GVAMPNLYK,,,,,0.8376,0.5981
GVYDYLVST,,,,,0.8107,0.7482
GVYYHKNNK,,,,,0.4665,0.3478
HLMSFPQSA,,,,,0.8252,0.5297
HLRIAGHHL,,,,,0.3491,0.5155
HLVDFQVTI,,,,,0.5648,0.6265
HTDFSSEIIGY,,,,,0.9906,0.1324
HVTYVPAQEK,,,,,0.6586,0.6261
IAMACLVGLM,,,,,0.5263,0.8119
IGAEHVNNSY,,,,,0.6908,0.563
IGAGICASY,,,,,0.4315,0.3317
IIKNLSKSL,,,,,0.8475,0.0982
ILASFSAST,,,,,0.5596,0.0542
ILLNKHID,,,,,0.7703,0.7017
ILPDPSKPSK,,,,,0.0256,0.6177
INITRFQTL,,,,,0.89,0.4792
IPFAMQMAY,,,,,0.4191,0.8939
IPIGAGICASY,,,,,0.406,0.5984
IPIQASLPF,,,,,0.5363,0.5486
IPRRNVATL,,,,,0.4974,0.3335
IPYNSVTSSI,,,,,0.8472,0.8009
IQYIDIGNY,,,,,0.6876,0.5569
ISDYDYYRY,,,,,0.9787,0.6094
ITEEVGHTDLMAAY,,,,,0.6827,0.7891
ITLKKRWQL,,,,,0.3986,0.7307
IVDTVSALV,,,,,0.7039,0.5759
IVGVALLAVF,,,,,0.7628,0.557
IYKTPPIKDF,,,,,0.7529,0.4853
IYSKHTPINL,,,,,0.0891,0.9683
KEIDRLNEV,,,,,0.3679,0.8396
KFPRGQGVPI,,,,,0.944,0.5236
KIADYNYKL,,,,,0.691,0.8968
KLFAAETLK,,,,,0.2794,0.1106
KLFIRQEEV,,,,,0.4387,0.6519
KLLEQWNLV,,,,,0.5371,0.6757
KMKDLSPRW,,,,,0.1208,0.5299
KMQRMLLEK,,,,,0.71,0.4806
KQIYKTPPIK,,,,,0.9594,0.4929
KSWMESEFRV,,,,,0.6528,0.7423
KVFRSSVLH,,,,,0.7253,0.6605
LADAGFIKQY,,,,,0.3995,0.3077
LDYIINLII,,,,,0.9053,0.9378
LFARTRSMW,,,,,0.3304,0.7027
LGAENSVAY,,,,,0.9299,0.0903
LIDLQELGKY,,,,,0.615,0.8224
LKKRWQLAL,,,,,0.5668,0.5829
LLALHRSYL,,,,,0.6405,0.5604
LLCRMNSRNY,,,,,0.9359,0.6633
LLFNKVTLA,,,,,0.715,0.8014
LLLCRMNSR,,,,,0.9366,0.8738
LLLQYGSFC,,,,,0.359,0.7255
LLMPILTLT,,,,,0.4381,0.3348
LLQYGSFCT,,,,,0.4596,0.7912
LLSAGIFGA,,,,,0.6864,0.3215
LPAADLDDF,,,,,0.8054,0.7938
LPIGINITRF,,,,,0.443,0.547
LPNNTASWF,,,,,0.2866,0.2747
LPPAYTNSF,,,,,0.5886,0.8799
LPQGFSAL,,,,,0.8329,0.7361
LQFAYANRNR,,,,,0.7128,0.8137
LQIPFAMQM,,,,,0.5045,0.4357
LQLGFSTGV,,,,,0.3175,0.1729
LQLPQGTTL,,,,,0.8915,0.4203
LSDDAVVCFNSTY,,,,,0.7924,0.9284
LSKSLTENKY,,,,,0.9924,0.0131
LSSTASALGK,,,,,0.7293,0.467
LVLSVNPYV,,,,,0.7179,0.6335
LYNSASFSTF,,,,,0.8734,0.7472
MDLFMRIFTI,,,,,0.1751,0.5543
MLWCKDGHV,,,,,0.7408,0.9256
MMISAGFSL,,,,,0.8752,0.1566
MTSCCSCLK,,,,,0.7608,0.5624
NGVEGFNCY,,,,,0.8961,0.2877
NLDSKVGGNY,,,,,0.4542,0.9967
NLSKSLTENK,,,,,0.052,0.3786
NLWNTFTRL,,,,,0.5193,0.6513
NMLRIMASL,,,,,0.8958,0.2096
NQKLIANQF,,,,,0.7507,0.8052
NSASFSTFK,,,,,0.384,0.7239
NSRIKASM,,,,,0.5626,0.906
NSSPDDQIGY,,,,,0.2731,0.3623
NTNSSPDDQIGYY,,,,,0.8038,0.9489
NYIAQVDVV,,,,,0.6745,0.8683
NYSGVVTTVMF,,,,,0.6933,0.4839
PYNSVTSSI,,,,,0.6692,0.7175
QECVRGTTVL,,,,,0.654,0.6198
QELGKYEQYI,,,,,0.8554,0.2261
QELGKYEQYIKW,,,,,0.6324,0.26
QELIRQGTDY,,,,,0.6362,0.8762
QELIRQGTDYKHW,,,,,0.5007,0.6941
QEVFAQVKQIY,,,,,0.9807,0.5684
QLPQGTTLPK,,,,,0.4303,0.6166
QPYRVVVLSF,,,,,0.6511,0.4982
QQQGQTVTK,,,,,0.7581,0.9873
QQQQGQTVTK,,,,,0.5536,0.0728
QTGKIADYNY,,,,,0.6284,0.8687
QTNSPRRAR,,,,,0.8273,0.8679
QWNLVIGFLF,,,,,0.7427,0.7532
RARSVSPKL,,,,,0.711,0.8927
REGVFVSNGTHW,,,,,0.557,0.1918
RIAGHHLGR,,,,,0.5862,0.6406
RIFTIGTVTLK,,,,,0.6065,0.5289
RILGAGCFV,,,,,0.065,0.5378
RIRGGDGKM,,,,,0.2755,0.7638
RIRGGDGKMK,,,,,0.991,0.8893
RISNCVADY,,,,,0.9974,0.3801
RLDKVEAEV,,,,,0.3984,0.5836
RLFARTRSM,,,,,0.8067,0.2145
RLFRKSNLK,,,,,0.4223,0.8571
RLNEVAKNL,,,,,0.2764,0.0406
RLYYDSMSY,,,,,0.9031,0.3692
RMNSRNYIA,,,,,0.5277,0.4774
RQIAPGQTGK,,,,,0.3638,0.7398
RVDFCGKGY,,,,,0.4005,0.4746
RYRIGNYKL,,,,,0.9486,0.6871
SASKIITLK,,,,,0.7764,0.7033
SEETGTLIV,,,,,0.8184,0.5847
SEISMDNSPNL,,,,,0.3933,0.6868
SEPVLKGVKL,,,,,0.7875,0.7951
SETKCTLKSF,,,,,0.6651,0.6626
SLIDLQELGK,,,,,0.8202,0.9913
SLLLCRMNSR,,,,,0.4342,0.0234
SLVKPSFYV,,,,,0.5499,0.5719
SPFHPLADNKFAL,,,,,0.4595,0.7118
SPRRARSVA,,,,,0.7038,0.4502
SRIGMEVTPSGTW,,,,,0.8951,0.5098
SSANNCTFEY,,,,,0.5707,0.5695
SSNVANYQK,,,,,0.5003,0.7729
SSPDDQIGY,,,,,0.6337,0.6006
SSPDDQIGYY,,,,,0.1715,0.4459
SSRGTSPAR,,,,,0.7088,0.2718
SSTASALGK,,,,,0.3177,0.4752
SSTFNVPMEKLK,,,,,0.4074,0.989
STQDLFLPFF,,,,,0.5591,0.6221
SVLNDILSR,,,,,0.815,0.5304
SVLYNSASF,,,,,0.9487,0.5855
SVSPKLFIR,,,,,0.8033,0.5825
SWMESEFRVY,,,,,0.7453,0.665
SYFIASFRLF,,,,,0.7555,0.538
SYQTQTNSPR,,,,,0.9603,0.8235
TEILPVSMTK,,,,,0.937,0.3683
TEKSNIIRGW,,,,,0.1077,0.9055
TFYLTNDVSFL,,,,,0.5769,0.6801
TLADAGFIK,,,,,0.3527,0.4163
TLDSKTQSL,,,,,0.9307,0.8723
TLGVYDYLV,,,,,0.6581,0.7351
TLKKRWQLA,,,,,0.4495,0.6516
TLKKRWQLAL,,,,,0.6985,0.6679
TLKSFTVEK,,,,,0.8307,0.6471
TQDLFLPFF,,,,,0.7136,0.4908
TQLNRALTGI,,,,,0.252,0.4358
TQNVLYENQK,,,,,0.3581,0.822
TQTNSPRRAR,,,,,0.9045,0.6367
TSDLATNNLVVMAY,,,,,0.8404,0.4316
TSNQVAVLY,,,,,0.6722,0.6275
TSPISEHDY,,,,,0.4461,0.8983
TSRTLSYYK,,,,,0.4554,0.7122
TTLPKGFYA,,,,,0.8033,0.3772
TTLPVNVAF,,,,,0.4592,0.4481
TTSPISEHDY,,,,,0.1718,0.2877
TVYDPLQPELDSFK,,,,,0.5356,0.4284
TYVPAQEKNF,,,,,0.9682,0.9305
VAGDSGFAAY,,,,,0.9739,0.6706
VFAQVKQIYK,,,,,0.7667,0.9744
VFITLCFTL,,,,,0.3931,0.6681
VFITLCFTLK,,,,,0.4582,0.756
VGARKSAPL,,,,,0.6743,
VGVALLAVF,,,,,0.7264,0.4764
VLNDILSRL,,,,,0.9999,0.9095
VLQAVGACV,,,,,0.8731,0.562
VLQLPQGTTL,,,,,0.6165,0.6507
VPLHGTIL,,,,,0.5463,0.402
VTIAEILLI,,,,,0.5101,0.6246
VTYVPAQEK,,,,,0.555,0.5577
VVDKYFDCY,,,,,0.5879,0.9051
VYYPDKVFR,,,,,0.4955,0.7085
WMESEFRVY,,,,,0.659,0.8139
WTAGAAAYY,,,,,0.1356,0.2133
WTAGAAAYYV,,,,,0.8326,0.4752
YANRNRFLY,,,,,0.4121,0.8854
YEGNSPFHPL,,,,,0.7793,0.5301
YHLMSFPQSA,,,,,0.6595,0.7526
YLKLTDNVYIK,,,,,0.3668,0.6533
YPDKVFRSS,,,,,0.3311,0.5206
YPDKVFRSSV,,,,,0.3298,0.5031
YQKVGMQKY,,,,,0.5687,0.7542
YSVLYNSASF,,,,,0.6484,0.7023
YVFCTVNAL,,,,,0.9524,0.7894
YVYSRVKNL,,,,,0.8476,0.0427
YYHKNNKSW,,,,,0.5474,0.6369
YYQLYSTQL,,,,,0.4284,0.5424
YYRARAGEAANF,,,,,0.9948,0.9147
YYRRATRRIR,,,,,0.1577,0.6408
AGAAAYYVGY,,,,,,0.8236
DSFKEELDKY,,,,,,0.9398
IITTDNTFV,,,,,,0.8979
ILLNKHIDA,,,,,,0.0176
IQPGQTFSV,,,,,,0.2755
RFDNPVLPF,,,,,,0.3844
RVGARKSAPL,,,,,,0.0771
SQASSRSSSR,,,,,,0.9077
WIFGTTLDSK,,,,,,0.9244