CDR3	AA
CSARELETYEQYF	LEYHDVRVVL
CASSQDVKVTEQFF	LEYHDVRVVL
CASSQDSGTSFEQFF	LEYHDVRVVL
CSARDPGPVNTQYF	LEYHDVRVVL
CASRPPKRASGANVLTF	LEYHDVRVVL
CSANRGHEQYF	LEYHDVRVVL
CSVGGMGTEAFF	LEYHDVRVVL
CSVGLAGGPYEQYF	LEYHDVRVVL
CSVEAPGTGGWNEQFF	LEYHDVRVVL
CASSPIRGAQPQHF	LEYHDVRVVL
CASSSLVANEQFF	LEYHDVRVVL
CAWTGSISYEQYF	LEYHDVRVVL
CSARGPTSSYEQYF	LEYHDVRVVL
CSVTTGEHYGYTF	LEYHDVRVVL
CASSDRLATSTDTQYF	LEYHDVRVVL
CSANRQGALPREAFF	LEYHDVRVVL
CSAREVGEDTQYF	LEYHDVRVVL
CSVALTGNIADTQYF	LEYHDVRVVL
CASSQEVTGQGVVAPLHF	LEYHDVRVVL
CASSEATDHRGRDEKLFF	LEYHDVRVVL
CSVRETGGVQPQHF	LEYHDVRVVL
CASSIGANSEAFF	LEYHDVRVVL
CASSRTSGVSSYNEQFF	LEYHDVRVVL
CSARDQADSYEQYF	LEYHDVRVVL
CATSADRGTTGELFF	LEYHDVRVVL
CASSPYSGLAYEQFF	LEYHDVRVVL
CSVGLAGGPSNEQFF	LEYHDVRVVL
CASSQYLAGGTYEQYF	LEYHDVRVVL
CSVKHTSERGDEQFF	LEYHDVRVVL
CSARPRNQPQHF	LEYHDVRVVL
CASSGDRVYEQYF	LEYHDVRVVL
CSARSRNQPQHF	LEYHDVRVVL
CSALERDLAYNEQFF	LEYHDVRVVL
CSARILADYEQYF	LEYHDVRVVL
CASSTGQGSFPEAFF	LEYHDVRVVL
CASREGTYYNEQFF	LEYHDVRVVL
CSVGLAGGPYEQFF	LEYHDVRVVL
CASSRGSGVRTGELFF	LEYHDVRVVL
CASSQAGFQETQYF	LEYHDVRVVL
CSGARTGQGTDTQYF	LEYHDVRVVL
CASSPTGQALYGYTF	LEYHDVRVVL
CSVSLSGRATDTQYF	LEYHDVRVVL
CASSKEGTNDQTGDEQYF	LEYHDVRVVL
CSVAPTGGPGNTIYF	LEYHDVRVVL
CASSLTERSYNEQFF	LEYHDVRVVL
CASSPMTVAAGELFF	LEYHDVRVVL
CSVGLAGGRADEQYF	LEYHDVRVVL
CASSPIGETQYF	LEYHDVRVVL
CASSQARGSPLHF	LEYHDVRVVL
CASSLYSYNEQFF	LEYHDVRVVL
CASSGGTGVYEQYF	LEYHDVRVVL
CASSLVTSYEQYF	LEYHDVRVVL
CASCPPGSVDNEQFF	LEYHDVRVVL
CSARDGASYEQYF	LEYHDVRVVL
CSVEEPGTRESYEQYF	LEYHDVRVVL
CASSLVEGPLGSPLHF	LEYHDVRVVL
CASSRLDREVWAFF	LEYHDVRVVL
CATSSDGTSRQPLHF	LEYHDVRVVL
CASSSGTDYEKLFF	LEYHDVRVVL
CSVGLGPYEQYF	LEYHDVRVVL
CASSYLKGYEQYF	LEYHDVRVVL
CASSATDRNEQFF	LEYHDVRVVL
CASSTPGQGALNTEAFF	LEYHDVRVVL
CASSHLSGTNRNTGELFF	LEYHDVRVVL
CSATLLSGDRTGELFF	LEYHDVRVVL
CSARPRASPLHF	LEYHDVRVVL
CSARDRNQPQHF	LEYHDVRVVL
CASSQDRPPRRELGDTQYF	LEYHDVRVVL
CATSRVGQGPTGELFF	LEYHDVRVVL
CASSPETPYNEQFF	LEYHDVRVVL
CASSLAPQEGEKLFF	LEYHDVRVVL
CASSEFGLGAEAFF	LEYHDVRVVL
CSVSRSGSITDTQYF	LEYHDVRVVL
CSCTPTGQFTDTQYF	LEYHDVRVVL
CASFREVGATGELFF	LEYHDVRVVL
CSVAVEDGKNTEAFF	LEYHDVRVVL
CSVASSGSSTDTQYF	LEYHDVRVVL
CASRYPGQATDTQYF	LEYHDVRVVL
CASSEEDSYSYEQYF	LEYHDVRVVL
CSVGLAGGPYNEQFF	LEYHDVRVVL
CASSPGTGAIWYTF	LEYHDVRVVL
CSVAIGGRDTQYF	LEYHDVRVVL
CASSTENFRGQNTGELFF	LEYHDVRVVL
CASSFSQGYGYEQYF	LEYHDVRVVL
CAISRPGQGSSYNEQFF	LEYHDVRVVL
CASSEGRGDRSSYEQYF	LEYHDVRVVL
CASSQGRLATNEKLFF	LEYHDVRVVL
CASSFIGETQYF	LEYHDVRVVL
CASSQAILAGGPNEQFF	LEYHDVRVVL
CASSFPTSTSEQETQYF	LEYHDVRVVL
CSVTKTGGTYTEAFF	LEYHDVRVVL
CSGGEINYGYTF	LEYHDVRVVL
CASGTDFNTGELFF	LEYHDVRVVL
CASSLYPGLAVHGDNEQFF	LEYHDVRVVL
CASSADSIIIYEQFF	LEYHDVRVVL
CASSYSDNNEQFF	LEYHDVRVVL
CASSHGLAGAEQFF	LEYHDVRVVL
CASSLSKGEDTGELFF	LEYHDVRVVL
CASSLAGKGGVSDTQYF	LEYHDVRVVL
CAVTGQPYNEQFF	LEYHDVRVVL
CASNSAGGRETQYF	LEYHDVRVVL
CASSAPTGRDEAFF	LEYHDVRVVL
CASSDTKARGQETQYF	LEYHDVRVVL
CASSQGDLRGDEQFF	LEYHDVRVVL
CASSLRGVAAEAFF	LEYHDVRVVL
CASSGLARDYNEQFF	LEYHDVRVVL
CSVVSSTSYEQYF	LEYHDVRVVL
CSVAPSGHTYEQYF	LEYHDVRVVL
CASSLPLQETQYF	LEYHDVRVVL
CASSHVRGFFSDTQYF	LEYHDVRVVL
CSAIEVKALLTDTQYF	LEYHDVRVVL
CSVEAPGILSYNEQFF	LEYHDVRVVL
CASSDSISYEQYF	LEYHDVRVVL
CASSSLGAGRETQYF	LEYHDVRVVL
CSVPGTDYTGELFF	LEYHDVRVVL
CSVALSGSYNEQFF	LEYHDVRVVL
CASSLPTNLRTETNYGYTF	LEYHDVRVVL
CASSQEIDISYNEQFF	LEYHDVRVVL
CASSPDNTEVSYNEQFF	LEYHDVRVVL
CASGGSGELFF	LEYHDVRVVL
CASSGRDSSYEQYF	LEYHDVRVVL
CSVGTSGSDYEQYF	LEYHDVRVVL
CASSPSGFLGNQPQHF	LEYHDVRVVL
CAISDSNSEQFF	LEYHDVRVVL
CASSQSNAREQFF	LEYHDVRVVL
CSVGARSLDSSNYGYTF	LEYHDVRVVL
CASSTPTGTGLISNQPQHF	LEYHDVRVVL
CASSSEGTGGNSLGTEAFF	LEYHDVRVVL
CASSLIAGASSNEQFF	LEYHDVRVVL
CSARDGQTYEQYF	LEYHDVRVVL
CASSGTGVEQYF	LEYHDVRVVL
CSVGTAYEQYF	LEYHDVRVVL
CSARTSGVSTDTQYF	LEYHDVRVVL
CSVGLSGGSGNTIYF	LEYHDVRVVL
CASSMAKVGYEQYF	LEYHDVRVVL
CASSLAAGSYEQYF	LEYHDVRVVL
CASSEIGAEGVEAFF	LEYHDVRVVL
CASSEGVKAELDYNEQFF	LEYHDVRVVL
CASSQDPRLNPYEQYF	LEYHDVRVVL
CASSPTSGVNEQYF	LEYHDVRVVL
CASSSLWDRAYNEQFF	LEYHDVRVVL
CSARVTNTEAFF	LEYHDVRVVL
CSVKMTGMSTDTQYF	LEYHDVRVVL
CASRHSKGLAGEETQYF	LEYHDVRVVL
CASSPLSGSSYNEQFF	LEYHDVRVVL
CASSWGVGGSNQPQHF	LEYHDVRVVL
CASSLAGGGVGETQYF	LEYHDVRVVL
CASSGRAHNEQFF	LEYHDVRVVL
CASSPLEDRLGNQPQHF	LEYHDVRVVL
CSAPWDTQYF	LEYHDVRVVL
CSARDKSYAWAFF	LEYHDVRVVL
CASSLGPKTGLSPLHF	LEYHDVRVVL
CASSFDISYEQYF	LEYHDVRVVL
CASSTLIAGGSGNEQFF	LEYHDVRVVL
CASSQTIYNEQFF	LEYHDVRVVL
CSVGVAGSSYEQYF	LEYHDVRVVL
CASSLWLAGDTGELFF	LEYHDVRVVL
CSVEAPGRLRPYEQYF	LEYHDVRVVL
CASRTVYNEQFF	LEYHDVRVVL
CASSLTGTQNTEAFF	LEYHDVRVVL
CASSPANSVDRVNIQYF	LEYHDVRVVL
CSGKLSGQSTDTQYF	LEYHDVRVVL
CASQGAGVYEQYF	LEYHDVRVVL
CSVEVADSVAEKLFF	LEYHDVRVVL
CASSVDPGQSSYNEQFF	LEYHDVRVVL
CASSLIAGGADEMDYGYTF	LEYHDVRVVL
CASIGGVNTEAFF	LEYHDVRVVL
CATGQAISYNSPLHF	LEYHDVRVVL
CSAQDVDMSSYEQYF	LEYHDVRVVL
CASTWTAYNEQFF	LEYHDVRVVL
CSARERGRELDNEQFF	LEYHDVRVVL
CASSFNWGAGETQYF	LEYHDVRVVL
CSVGLSGTDTQYF	LEYHDVRVVL
CASSLAWKETQYF	LEYHDVRVVL
CATSDTGQGVLTGELFF	LEYHDVRVVL
CASSFRASTDTQYF	LEYHDVRVVL
CASSRTPTPDTFQEELFF	LEYHDVRVVL
CASSQDRSGGRDTQYF	LEYHDVRVVL
CSVGDRGGANYGYTF	LEYHDVRVVL
CASRPVKAQGETQYF	LEYHDVRVVL
CSARLTGVMNTEAFF	LEYHDVRVVL
CASSFPGQSGEKLFF	LEYHDVRVVL
CSVQLTEYTEAFF	LEYHDVRVVL
CASTGLAAYNEQFF	LEYHDVRVVL
CSVSVAGGQFSGANVLTF	LEYHDVRVVL
CASSIQDANQPQHF	LEYHDVRVVL
CSVALSGSVTEAFF	LEYHDVRVVL
CASSWNYNEQFF	LEYHDVRVVL
CASSLSGGVGQFF	LEYHDVRVVL
CSVALAGGLNEQFF	LEYHDVRVVL
CASSFIPPRREQETQYF	LEYHDVRVVL
CSVEEPGVREVYEQYF	LEYHDVRVVL
CSVKASGMSTDTQYF	LEYHDVRVVL
CASSFGLAGSYNEQFF	LEYHDVRVVL
CASRSIYYGYTF	LEYHDVRVVL
CAWSVGRVGTEAFF	LEYHDVRVVL
CSAPVTNYEQYF	LEYHDVRVVL
CSVAPSGSSSEQYF	LEYHDVRVVL
CAWSVGGNTEAFF	LEYHDVRVVL
CASSSGQGGKNTGELFF	LEYHDVRVVL
CSARDRERYEQYF	LEYHDVRVVL
CASSLLRGSGYGYTF	LEYHDVRVVL
CASSMKSGTSYNEQFF	LEYHDVRVVL
CASSSRWGQENEKLFF	LEYHDVRVVL
CASSAREYSYEQYF	LEYHDVRVVL
CSARDRANYEQYF	LEYHDVRVVL
CASSRGGYEQYF	LEYHDVRVVL
CSARDGTTYEQYF	LEYHDVRVVL
CSARGQGYQPQHF	LEYHDVRVVL
CASSYLEAPGGEQFF	LEYHDVRVVL
CASSNRDTTKETQYF	LEYHDVRVVL
CASSLGGAATEAFF	LEYHDVRVVL
CASSYSSRANEKLFF	LEYHDVRVVL
CASSLRTGGIYEQYF	LEYHDVRVVL
CSVGASGNLQETQYF	LEYHDVRVVL
CSVGVSGSSYEQYF	LEYHDVRVVL
CASSLWDYGDTQYF	LEYHDVRVVL
CSVALAGGPSNEQFF	LEYHDVRVVL
CASSLERPPRETQYF	LEYHDVRVVL
CASTRADGGATNEKLFF	LEYHDVRVVL
CASSGILAGLHNEQFF	LEYHDVRVVL
CSVALAGGTYNEQFF	LEYHDVRVVL
CASSPPGNTEAFF	LEYHDVRVVL
CASSRPRGDLGPQHF	LEYHDVRVVL
CASSSSGANVLTF	LEYHDVRVVL
CSVGLAGGMDTQYF	LEYHDVRVVL
CSVKTVGQANTEAFF	LEYHDVRVVL
CASSLAGVRPGAGGELFF	LEYHDVRVVL
CASSALGTGEQYF	LEYHDVRVVL
CASSSHKGALNYGYTF	LEYHDVRVVL
CSVNPYTDTQYF	LEYHDVRVVL
CASSQDQALAGALHTLVDTQYF	LEYHDVRVVL
CASGSTGTSNYEQYF	LEYHDVRVVL
CASSLDGGLYGYTF	LEYHDVRVVL
CASSLGTGDVSGANVLTF	LEYHDVRVVL
CSARDPRQGYEQYF	LEYHDVRVVL
CASSPPGGGVTDTQYF	LEYHDVRVVL
CASSPEGQGGTGELFF	LEYHDVRVVL
CSARDLVAGAEWTQYF	LEYHDVRVVL
CSVGLAGGNTGELFF	LEYHDVRVVL
CASRELTSTDTQYF	LEYHDVRVVL
CASSLSGPQETQYF	LEYHDVRVVL
CASSTGVGGYSTDTQYF	LEYHDVRVVL
CASSQDRLSSYEQYF	LEYHDVRVVL
CAWSVGGNTEAFF	LEYHDVRVVL
CASRSIGASFEQFF	LEYHDVRVVL
CSARLTGGMNTEAFF	LEYHDVRVVL
CSGAESGSYNEQFF	LEYHDVRVVL
CASSDQLAGINNEQFF	LEYHDVRVVL
CSTSTTGTGSSYEQYF	LEYHDVRVVL
CSVGLAGGYTGELFF	LEYHDVRVVL
CSVEAAGLLRGGEQFF	LEYHDVRVVL
CASSRGQGAGNQPQHF	LEYHDVRVVL
CSVRLSDSLGTEAFF	LEYHDVRVVL
CASSLSPGPDTEAFF	LEYHDVRVVL
CASSFRGPEFNEQFF	LEYHDVRVVL
CASSPGTDSYEQYF	LEYHDVRVVL
CASGSGRALYEQYF	LEYHDVRVVL
CSASLAGGYTDTQYF	LEYHDVRVVL
CSVEIPGLAGGRYEQYF	LEYHDVRVVL
RASNQESGGTYEQYF	LEYHDVRVVL
CAWSVRPGVGTGELFF	LEYHDVRVVL
CATVGQGSDEQFF	LEYHDVRVVL
CASSQVAGLAAPSSYNEQFF	LEYHDVRVVL
CASSILADHSYNEQFF	LEYHDVRVVL
CASSSTTQSSYEQYF	LEYHDVRVVL
CASSAQGKPNYGYTF	LEYHDVRVVL
CASSGPQGTAISTDTQYF	LEYHDVRVVL
CASSYADRGELFF	LEYHDVRVVL
CASSENLVGDMNTEAFF	LEYHDVRVVL
CSVERPGTSGILRYEQYF	LEYHDVRVVL
CASSQTIGGVNSPLHF	LEYHDVRVVL
CASRGGNTGELFF	LEYHDVRVVL
CASSMERGGSTQYF	LEYHDVRVVL
CAVLPGEQFF	LEYHDVRVVL
CASSSLASAWGYNEQFF	LEYHDVRVVL
CSVGATGGSYNEQFF	LEYHDVRVVL
CASSSAGWDEQFF	LEYHDVRVVL
CAITGGGYDEQFF	LEYHDVRVVL
CASSLTGTSRQETQYF	LEYHDVRVVL
CASSLLGRGTDTQYF	LEYHDVRVVL
CASSLGRGGNEQFF	LEYHDVRVVL
CSAREPGNSYEQYF	LEYHDVRVVL
CASELPG	LEYHDVRVVL
CASNRAFDGKWGTDTQYF	LEYHDVRVVL
CSVRDRSPNYGYTF	LEYHDVRVVL
CSVGLAGGPVNEQFF	LEYHDVRVVL
CAASGGRGYEQYF	LEYHDVRVVL
CASSYWTSGRSYEQYF	LEYHDVRVVL
CASSYSKTSGDTQYF	LEYHDVRVVL
CASSLPHSYEQYF	LEYHDVRVVL
CASSQGDYYNEQFF	LEYHDVRVVL
CSVKYTGVITDTQYF	LEYHDVRVVL
CASSSRGRMDNEQFF	LEYHDVRVVL
CSASFGYEQYF	LEYHDVRVVL
CASSRDRWGGEQFF	LEYHDVRVVL
CASSVAGQAYNEQFF	LEYHDVRVVL
CAISLGGTDQETQYF	LEYHDVRVVL
CASSLWNGGSNEQFF	LEYHDVRVVL
CSVESISGTATEAFF	LEYHDVRVVL
CASSKLNTEAFF	LEYHDVRVVL
CASSLWDYQETQYF	LEYHDVRVVL
CASSTGSYEQYF	LEYHDVRVVL
CASSNVGEETQYF	LEYHDVRVVL
CASSPSWDFASYEQYF	LEYHDVRVVL
CSAALSGSPLEQFF	LEYHDVRVVL
CASSLASTSGRWYEQYF	LEYHDVRVVL
CAISETTGGSNTGELFF	LEYHDVRVVL
CSARETGGETQYF	LEYHDVRVVL
CSVALAGGPYEQYF	LEYHDVRVVL
CSARRGEVSYEQYF	LEYHDVRVVL
CASSLGLIYGYTF	LEYHDVRVVL
CATPSQGTQYF	LEYHDVRVVL
CSVETGSGSPNEQFF	LEYHDVRVVL
CSAREGTISYEQYF	LEYHDVRVVL
CASSPPFPGNYEQYF	LEYHDVRVVL
CSVQLAGGPHEQYF	LEYHDVRVVL
CASSRRQAISYEQYF	LEYHDVRVVL
CSARPTGGNTIYF	LEYHDVRVVL
CSVALAGNRVHEQYF	LEYHDVRVVL
CASSAGARDTEAFF	LEYHDVRVVL
CASSFTGFSDEQFF	LEYHDVRVVL
CSAREWSGGFYEQYF	LEYHDVRVVL
CSAGLAGGPYEQYF	LEYHDVRVVL
CASSPLAASSYEQYF	LEYHDVRVVL
CASSQDWSGTAYNEQFF	LEYHDVRVVL
CASSFTGTAAYEQYF	LEYHDVRVVL
CASSYIGTASYEQYF	LEYHDVRVVL
CKAGSSARTDTQYF	LEYHDVRVVL
CSAGTGGTGELFF	LEYHDVRVVL
CSAADTGNLGDTQYF	LEYHDVRVVL
CASSYSPSGSVGAYNEQFF	LEYHDVRVVL
CASSQLAPVNSYEQYF	LEYHDVRVVL
CASSVLNSYEQYF	LEYHDVRVVL
CASSLGLAYEQYF	LEYHDVRVVL
CSLGLAGGLDTQYF	LEYHDVRVVL
CASSLFGGGLYNEQFF	LEYHDVRVVL
CSVALAGGADTQYF	LEYHDVRVVL
CASSFIKVGSQNIQYF	LEYHDVRVVL
CASGYRGRYTDTQYF	LEYHDVRVVL
CASSDVPGQAYSYNEQFF	LEYHDVRVVL
CSVAQTGGSYNEQFF	LEYHDVRVVL
CASTLGQGDTGELFF	LEYHDVRVVL
CSARDTGEPYEQYF	LEYHDVRVVL
CAWSGGRERAGNEQFF	LEYHDVRVVL
CASSIGGKLEAFF	LEYHDVRVVL
CAVSSHSNQPQHF	LEYHDVRVVL
CASSYSRTNEKLFF	LEYHDVRVVL
CSVALAGGPYEQYF	LEYHDVRVVL
CASSQALKVDTQYF	LEYHDVRVVL
CASSLAGGVLGTDTQYF	LEYHDVRVVL
CASSLDRGAYNEQFF	LEYHDVRVVL
CASSLREGRYNEQFF	LEYHDVRVVL
CASSLFERGNTDTQYF	LEYHDVRVVL
CASSSPGGVGYIQYF	LEYHDVRVVL
CASGTGLYYNEQFF	LEYHDVRVVL
CASSQGELAGGRGDTQYF	LEYHDVRVVL
CASSPISATGELFF	LEYHDVRVVL
CASSQPGAREQYF	LEYHDVRVVL
CSVQLAGGYNEQFF	LEYHDVRVVL
CASSLASGGPYNEQFF	LEYHDVRVVL
CASSSGTVNTGELFF	LEYHDVRVVL
CSVASSGSSYEQYF	LEYHDVRVVL
CASSPLTTGSGELFF	LEYHDVRVVL
CSVALAGGPNEQFF	LEYHDVRVVL
CATSDSAGYYGYTF	LEYHDVRVVL
CSVEAPGHLLTYEQYF	LEYHDVRVVL
CASSLWGGLEAFF	LEYHDVRVVL
CASSYGAYNEQFF	LEYHDVRVVL
CASSLGGYDEQFF	LEYHDVRVVL
CATSRITTANQPQHF	LEYHDVRVVL
CASTGGTSSYNEQFF	LEYHDVRVVL
CASSPLTSSGDLSSYNEQFF	LEYHDVRVVL
CSVANTGSYTDTQYF	LEYHDVRVVL
CSVGLAGGPYEQYF	LEYHDVRVVL
CSAQAAGGSTDTQYF	LEYHDVRVVL
CSVALAGGYGNEQFF	LEYHDVRVVL
CASRQLGYGYTF	LEYHDVRVVL
CSARGSGSVAPEQYF	LEYHDVRVVL
CASSLANPDRYEQYF	LEYHDVRVVL
CASSPPARPQHF	LEYHDVRVVL
