CDR3	AA
CASSFQPLRGYTF	CFTNVYADSF
CASSLRGVYGYTF	CFTNVYADSF
CSATSGETGYEQYF	CFTNVYADSF
CASSIRRSSGANVLTF	CFTNVYADSF
CASSSDGGAGNEQFF	CFTNVYADSF
CASSDGTPPTNEKLFF	CFTNVYADSF
CASSVDESLNTEAFF	CFTNVYADSF
CASRGTHSTGVQYQPQHF	CFTNVYADSF
CASRSRGGVGQETQYF	CFTNVYADSF
CASSHLLGLSETQYF	CFTNVYADSF
CASSQPLGVRTEAFF	CFTNVYADSF
CASSEPDRQRNTIYF	CFTNVYADSF
CASSTRGFLTEAFF	CFTNVYADSF
CASSLGVTRSPGDEQFF	CFTNVYADSF
CASSSGQGGYGYTF	CFTNVYADSF
CASSTNSYEQYF	CFTNVYADSF
CASSESRAADTEAFF	CFTNVYADSF
CASSQYGGVSSYNEQFF	CFTNVYADSF
CASSASGGYNEQFF	CFTNVYADSF
CASSLSVSGYEQYF	CFTNVYADSF
CASSQLRGRRLTYNEQFF	CFTNVYADSF
CASSTRGAYEQYF	CFTNVYADSF
CASGGLGPVSENEQFF	CFTNVYADSF
CASNPDRGGEQYF	CFTNVYADSF
CASTTGGTEAFF	CFTNVYADSF
CASSLRGGTYEQYF	CFTNVYADSF
CASKTGWDEQYF	CFTNVYADSF
CASSLQHREETQYF	CFTNVYADSF
CASSFRVTANYHSGANVLTF	CFTNVYADSF
CASSQVGQGAQNTEAFF	CFTNVYADSF
CASSQEAFNTGELFF	CFTNVYADSF
CASSQIGTLDTQYF	CFTNVYADSF
CASSPRGVYEQYF	CFTNVYADSF
CASSEAWSEAFF	CFTNVYADSF
CASSQDSLATRNEQFF	CFTNVYADSF
CASSPRLAGAANTGELFF	CFTNVYADSF
CATTERGSGYGYTF	CFTNVYADSF
CASSYSGAANTEAFF	CFTNVYADSF
CASGGGGSETQYF	CFTNVYADSF
CASSYGTPAGELFF	CFTNVYADSF
CASSYGTPEAFF	CFTNVYADSF
CASSLIAGGTDTQYF	CFTNVYADSF
CASSLSTGQPQHF	CFTNVYADSF
CASTLGGDNYGYTF	CFTNVYADSF
CASSPQLAGEGELGYEQYF	CFTNVYADSF
CASSPTQMEETQYF	CFTNVYADSF
CASSFGTSGSDTQYF	CFTNVYADSF
CASIPGGTEAFF	CFTNVYADSF
CASSQEERGSGNTIYF	CFTNVYADSF
CASSLAGLDTEAFF	CFTNVYADSF
CASSFRGIQETQYF	CFTNVYADSF
CASSSVAGETQYF	CFTNVYADSF
CASSDGQGPNSPLHF	CFTNVYADSF
CASSLDPVGHNEQFF	CFTNVYADSF
CASSFDRVYGYTF	CFTNVYADSF
CASSDSPYEQYF	CFTNVYADSF
CASSVGGLSNQPQHF	CFTNVYADSF
CASSGGGIYGYTF	CFTNVYADSF
CSARRETQYF	CFTNVYADSF
CASSLGTTTNEKLFF	CFTNVYADSF
CASSSGGTGAPLDF	CFTNVYADSF
CASSGAVYNSPLHF	CFTNVYADSF
CASSVFWGAQETQYF	CFTNVYADSF
CASSPRGFQETQYF	CFTNVYADSF
CASSQEGGSSYNEQFF	CFTNVYADSF
CATSRAPFIGSGELFF	CFTNVYADSF
CASSPHSGATSTDTQYF	CFTNVYADSF
CASSFGQGNQPQHF	CFTNVYADSF
CASSLPSRSYNEQFF	CFTNVYADSF
CASSQESSGTTNIQYF	CFTNVYADSF
CASSTRGHYEQYF	CFTNVYADSF
CASSPGTGAEKLFF	CFTNVYADSF
CASSVAGAYQETQYF	CFTNVYADSF
CSVEWTGGVNEQFF	CFTNVYADSF
CASSARGLEHEQFF	CFTNVYADSF
CASSVAGGADTQYF	CFTNVYADSF
CASSQEGTEYTDTQYF	CFTNVYADSF
CASSYGPSSYNEQFF	CFTNVYADSF
CASSTRGQGHTEAFF	CFTNVYADSF
CASSSTLTDTQYF	CFTNVYADSF
CASSTGDRHSYEQYF	CFTNVYADSF
CASSLRGMYGYTF	CFTNVYADSF
CASSLSPGSAYEQYF	CFTNVYADSF
CASSQDFFGQGKYNSPLHF	CFTNVYADSF
CASSFAQREETQYF	CFTNVYADSF
CASSSGTMSSYEQYF	CFTNVYADSF
CASSSTFINIQYF	CFTNVYADSF
CASSRRGTYEQYF	CFTNVYADSF
CASSRWTSSTYEQYF	CFTNVYADSF
CASSLDSPPHYGYTF	CFTNVYADSF
CASTVQGLSNQPQHF	CFTNVYADSF
CASTTGGEGYTF	CFTNVYADSF
CASSANEQFF	CFTNVYADSF
CAPNDRETITGELFF	CFTNVYADSF
CASSPTPLNTEAFF	CFTNVYADSF
CASSLMGVYEQYF	CFTNVYADSF
CASNQRAEVTGELFF	CFTNVYADSF
CASSFSNEKLFF	CFTNVYADSF
CASSPGGPYEQYF	CFTNVYADSF
CASSLRGLRYNEQFF	CFTNVYADSF
CASSEVAGSNQPQHF	CFTNVYADSF
CSATMTGSEQFF	CFTNVYADSF
CASSLRGSYEQYF	CFTNVYADSF
CASSWNRDGVRGGEQYF	CFTNVYADSF
CASSYRYTEAFF	CFTNVYADSF
CATSEGTFYEQYF	CFTNVYADSF
CASSFTGETYEQYF	CFTNVYADSF
CASSLRGSYEQYF	CFTNVYADSF
CASNVRGWNEQFF	CFTNVYADSF
CASSSRTSGSWNEQFF	CFTNVYADSF
CASSFRLASGDTQYF	CFTNVYADSF
CASIRESGVPYEQYF	CFTNVYADSF
CASSGELWETQYF	CFTNVYADSF
CASSLTRNEQFF	CFTNVYADSF
CSARLGQGSYEQYF	CFTNVYADSF
CASSSRGWYEQYF	CFTNVYADSF
CASSQETSGSSETQYF	CFTNVYADSF
CASSPRAAYEQYF	CFTNVYADSF
CASSGWDSNQPQHF	CFTNVYADSF
CASSAGQGAFTDTQYF	CFTNVYADSF
CASSLGIGGANVLTF	CFTNVYADSF
CASRTGGKTQYF	CFTNVYADSF
CASSQDRYGGAGVF	CFTNVYADSF
CASSLVARPLIEQYF	CFTNVYADSF
CASSRVAGGQETQYF	CFTNVYADSF
CASSEDTTNYGYTF	CFTNVYADSF
CASSLLGGYNEQFF	CFTNVYADSF
CASSSGGLEQYF	CFTNVYADSF
CASATGWTEAFF	CFTNVYADSF
CASSLVTGTYEQYF	CFTNVYADSF
CASSNGLAGGYNEQFF	CFTNVYADSF
CASSLRGAREQYF	CFTNVYADSF
CASSVGTGGVETQYF	CFTNVYADSF
CASSGLTGAQPQHF	CFTNVYADSF
CASISRGQETQYF	CFTNVYADSF
CASSLGSREAFF	CFTNVYADSF
CASSPTDRLYGYTF	CFTNVYADSF
CASKGGYTEAFF	CFTNVYADSF
CAISEWLVVTEQFF	CFTNVYADSF
CATSREGEGEAFF	CFTNVYADSF
CATSDLPGGFNTGELFF	CFTNVYADSF
CASSPQGLAGGDEQFF	CFTNVYADSF
CSVWRPTGELFF	CFTNVYADSF
CASSFNDEQFF	CFTNVYADSF
CASSFPGANVLTF	CFTNVYADSF
CASSLPGLGYEQYF	CFTNVYADSF
CASSLNSYEQYF	CFTNVYADSF
CATRGPGLGETQYF	CFTNVYADSF
CASSADGARTDTQYF	CFTNVYADSF
CSARVDRPTINQPQHF	CFTNVYADSF
CASSLLGGSITDTQYF	CFTNVYADSF
CASSQVFSENTGELFF	CFTNVYADSF
CASSARGNWNTIYF	CFTNVYADSF
CASSFAGGSYEQYF	CFTNVYADSF
CASSTPGGYNEQFF	CFTNVYADSF
CASSLTSGGTSTDTQYF	CFTNVYADSF
CASSLRGATEAFF	CFTNVYADSF
CASSQLLAGGTDTQYF	CFTNVYADSF
CASSLRGAPNEQYF	CFTNVYADSF
CATSSLTGPIDQPQHF	CFTNVYADSF
CASSPYRGSYEQYF	CFTNVYADSF
CVSNSGPNEQFF	CFTNVYADSF
CASSLGLAENEQFF	CFTNVYADSF
CSHLGTVGEQYF	CFTNVYADSF
CASSQDLATYNEQFF	CFTNVYADSF
CASSETSGEETQYF	CFTNVYADSF
