CDR3	AA
CSVAPGAPGAFF	ITDVFYKENSY
CSAVPNERGSYYEQYF	ITDVFYKENSY
CASSPGWTEAFF	ITDVFYKENSY
CATSRGQGDYTF	ITDVFYKENSY
CATRTGDETQYF	ITDVFYKENSY
CASSFSYPPQYF	ITDVFYKENSY
CASSLVTAGFMPQETQYF	ITDVFYKENSY
CASSLVGGTGFFYEQYF	ITDVFYKENSY
CASSPGTRQETQYF	ITDVFYKENSY
CASTMARDTYTGELFF	ITDVFYKENSY
CASSFLGGAPAGELFF	ITDVFYKENSY
CASSPGLAGWVGELFF	ITDVFYKENSY
CASSVAGSSYEQYF	ITDVFYKENSY
CASSGRQGEPPNEQFF	ITDVFYKENSY
CASSLLAEETQYF	ITDVFYKENSY
CASSPPGGYDTQYF	ITDVFYKENSY
CASSLMSGTGYYNEQFF	ITDVFYKENSY
CASSQGLAGLNEQYF	ITDVFYKENSY
CASSLVDTGTGFFTEAFF	ITDVFYKENSY
CASTQWASGRTGELFF	ITDVFYKENSY
CASSWGYGADEQFF	ITDVFYKENSY
CATSGSGTPQEYF	ITDVFYKENSY
CATSSTGQGGFFYEQYF	ITDVFYKENSY
CASSHNSGAANTGELFF	ITDVFYKENSY
CASSQVGSTSGFSYEQYF	ITDVFYKENSY
CASSPDEFRQGTF	ITDVFYKENSY
CASSLSGPEQFF	ITDVFYKENSY
CASSGPTSGGPSDTQYF	ITDVFYKENSY
CASSQDGGLAGVRETQYF	ITDVFYKENSY
CASSHGSDPPGETQYF	ITDVFYKENSY
CASSYETSGFFYEQYF	ITDVFYKENSY
CASSPTSGEWADTQYF	ITDVFYKENSY
CASSLGLAGANEQYF	ITDVFYKENSY
CASSAPTQGIGGNTIYF	ITDVFYKENSY
CASSLGESSEAFF	ITDVFYKENSY
CASSSMTGFYNSPLHF	ITDVFYKENSY
CASSGTGEGYEQYF	ITDVFYKENSY
CASSLGSIAYEQYF	ITDVFYKENSY
CSVIRAGELFF	ITDVFYKENSY
CASSKLAGGPSSTDTQYF	ITDVFYKENSY
CASSQFGSGSYEQYF	ITDVFYKENSY
CASSPWGNEQFF	ITDVFYKENSY
CASSVVGSSYEQYF	ITDVFYKENSY
CASRQGQGAFF	ITDVFYKENSY
CSASPLSETGFEYEQYF	ITDVFYKENSY
CASSDPAGAPNTGELFF	ITDVFYKENSY
CATSRAGYEQYF	ITDVFYKENSY
CASSLDRLAGFADTQYF	ITDVFYKENSY
CASSLNGRGLNNEQFF	ITDVFYKENSY
CASSQSGWQAFF	ITDVFYKENSY
CSARGEGGYGEGNQPQHF	ITDVFYKENSY
CAARRGDYGYTF	ITDVFYKENSY
CASSHHPSGRLNTGELFF	ITDVFYKENSY
CASSIDVTGGFYNEQFF	ITDVFYKENSY
CASRDTPGGEQYF	ITDVFYKENSY
CASSYDSYGYTF	ITDVFYKENSY
CASSPGLAGANTQYF	ITDVFYKENSY
CASSLDRIYNEQFF	ITDVFYKENSY
CSVNDRDGYTF	ITDVFYKENSY
CAIIQGSEQYF	ITDVFYKENSY
CASSHGLPNTGELFF	ITDVFYKENSY
CASSAPGTGVIHEQFF	ITDVFYKENSY
CASSLSGGAWETQYF	ITDVFYKENSY
CASSQDLTLTDPFF	ITDVFYKENSY
