CDR3	AA
CASSLPGNEQFF	ASQSIIAYTM
CASSLFGSNEQFF	ASQSIIAYTM
CASSLETLYNEQFF	ASQSIIAYTM
CASSSPLEQYF	ASQSIIAYTM
CASSVSAYEQYF	ASQSIIAYTM
CASSLSGLTEAFF	ASQSIIAYTM
CATSSRDSTYEQYF	ASQSIIAYTM
CASSVDSPGGEAFF	ASQSIIAYTM
CASSQRRVPETQYF	ASQSIIAYTM
CASSTGGAFTYTF	ASQSIIAYTM
CASSPQHIVGNEQFF	ASQSIIAYTM
CASLGETQYF	ASQSIIAYTM
CASSLTGGAETQYF	ASQSIIAYTM
CASSSRGNEQFF	ASQSIIAYTM
CASSSGLSYEQYF	ASQSIIAYTM
CAISGGGEQYF	ASQSIIAYTM
CASSNGITIHEQYF	ASQSIIAYTM
CASSQTGGTGEAFF	ASQSIIAYTM
CATQGDTQYF	ASQSIIAYTM
CASSLGGGPSSYEQYF	ASQSIIAYTM
CASSPLTGANYGYTF	ASQSIIAYTM
CASSPTGGPSPGYTF	ASQSIIAYTM
CASTTGSGQPQHF	ASQSIIAYTM
CASSFKGREAFF	ASQSIIAYTM
CASSPPMDSPGGTGELFF	ASQSIIAYTM
CASSSGYYNEQFF	ASQSIIAYTM
CASSLLGTDEAFF	ASQSIIAYTM
CASSLGGPEAFF	ASQSIIAYTM
CASSDTGEGTEAFF	ASQSIIAYTM
CATSGTSGKGGPYNEQFF	ASQSIIAYTM
CASSPDGTNQPQHF	ASQSIIAYTM
CASSAPYDSSYEQYF	ASQSIIAYTM
CASSQEALETQYF	ASQSIIAYTM
CASSKPGQGYEQYF	ASQSIIAYTM
CASSLIGQGSADEQYF	ASQSIIAYTM
CSVEGVSGNRKGEFF	ASQSIIAYTM
CASSLFGNTEAFF	ASQSIIAYTM
CASSPPGLADGKTQYF	ASQSIIAYTM
CASSVDSETQYF	ASQSIIAYTM
CASSAGMNIQYF	ASQSIIAYTM
CASSLPGLVGRGDTQYF	ASQSIIAYTM
CASSQAGTDTQYF	ASQSIIAYTM
CASSQVVGELFF	ASQSIIAYTM
CASSPLTLETQYF	ASQSIIAYTM
CASSLYLAGGPSYNEQFF	ASQSIIAYTM
CASSQLGTSGNNEQFF	ASQSIIAYTM
CASGPTGLADCFYNEQFF	ASQSIIAYTM
CATHTGTDTQYF	ASQSIIAYTM
CASSSPGNEQFF	ASQSIIAYTM
CASSQDLTSGGSYEQYF	ASQSIIAYTM
CASSLAVTDTQYF	ASQSIIAYTM
CASSLRGGYEQYF	ASQSIIAYTM
CASSREMGHEQYF	ASQSIIAYTM
CASSSGYEQYF	ASQSIIAYTM
CASSLLGTGELFF	ASQSIIAYTM
CAWESNEQFF	ASQSIIAYTM
CASSYTGELFF	ASQSIIAYTM
CASTRTSATDTQYF	ASQSIIAYTM
CASSFGTGGPDTQYF	ASQSIIAYTM
CATSRDPSGGIRQQFF	ASQSIIAYTM
CASSSNLGTQYF	ASQSIIAYTM
CASSQPGLDFTDTQYF	ASQSIIAYTM
CASHGDTQYF	ASQSIIAYTM
CASSFHSAGANEQYF	ASQSIIAYTM
CASSPSISYEQYF	ASQSIIAYTM
CASSSTSGGTYNEQFF	ASQSIIAYTM
CASTPIGGPHPTDEQFF	ASQSIIAYTM
CASSRIRDGQYNEQFF	ASQSIIAYTM
CSARGTSGGALYNEQFF	ASQSIIAYTM
CASSLSEGNEQFF	ASQSIIAYTM
CASSFSPPLAGGNTGELFF	ASQSIIAYTM
CASSLRGSGTSGNEQYF	ASQSIIAYTM
CASSPTNTDTQYF	ASQSIIAYTM
CASTNPGLAGGPAPDTQYF	ASQSIIAYTM
CASNPVGNSRSSYNEQFF	ASQSIIAYTM
CASSESDPNTEAFF	ASQSIIAYTM
CASSFGTGPNEKLFF	ASQSIIAYTM
CASSPLAGLESYNEQFF	ASQSIIAYTM
CASSYFTGEVAEAFF	ASQSIIAYTM
CASSLGIPDTQYF	ASQSIIAYTM
CASSQDNNPGYEQYF	ASQSIIAYTM
CASTLGGGYNEQFF	ASQSIIAYTM
CASSGEGQRIETQYF	ASQSIIAYTM
CASRGQGATEAFF	ASQSIIAYTM
CASSPGAATEAFF	ASQSIIAYTM
CASSSTDTQYF	ASQSIIAYTM
CASSSPAGGYTF	ASQSIIAYTM
CASSLLTGTSDEAFF	ASQSIIAYTM
CASSLSDTQYF	ASQSIIAYTM
CASSEAGGSFGQPQHF	ASQSIIAYTM
CASSLVAGATDTQYF	ASQSIIAYTM
CASSFVLAGYNEQFF	ASQSIIAYTM
CASSLLGISGSWNEQFF	ASQSIIAYTM
CASSSGVGTEAFF	ASQSIIAYTM
CASSQGGGTDTQYF	ASQSIIAYTM
CASSGSPGTGEKYEQYF	ASQSIIAYTM
CAWSVPRYSGNTIYF	ASQSIIAYTM
CASSSWTSGSDEQFF	ASQSIIAYTM
CASSQESWLGEKLFF	ASQSIIAYTM
CASVGDTQYF	ASQSIIAYTM
CASSEGFIGNEQFF	ASQSIIAYTM
CASSPGQSSEQYF	ASQSIIAYTM
CASSPGQGWDEQYF	ASQSIIAYTM
CASSSQGQPQHF	ASQSIIAYTM
CASSGWDSGYEQYF	ASQSIIAYTM
CASSLSGASAWYEQYF	ASQSIIAYTM
CASSLGGRELFF	ASQSIIAYTM
CASTTGGGREQYF	ASQSIIAYTM
CASSSTPGLAGGPGYNEQFF	ASQSIIAYTM
CASSLTGDLTEAFF	ASQSIIAYTM
CASSTSLTYEQYF	ASQSIIAYTM
CASSQGGGNIQYF	ASQSIIAYTM
CASSIELTNNSPLHF	ASQSIIAYTM
CASSPYTGWTGELFF	ASQSIIAYTM
CASSLEIGQGADGYTF	ASQSIIAYTM
CASFGDTQYF	ASQSIIAYTM
CASSWEPGLAGVDTQYF	ASQSIIAYTM
CASSSSLVYEQYF	ASQSIIAYTM
CASSSQGNTEAFF	ASQSIIAYTM
CASSPQGMNTEAFF	ASQSIIAYTM
CASSSNMYEQYF	ASQSIIAYTM
CASSSLGAEAFF	ASQSIIAYTM
CASMGVAAFF	ASQSIIAYTM
CASSLVPTGELFF	ASQSIIAYTM
CASSLDTPYNEQFF	ASQSIIAYTM
CASSLCPSGRLGETQYF	ASQSIIAYTM
CASSLGSGGPQETQYF	ASQSIIAYTM
CASSLRGAPQFF	ASQSIIAYTM
CASSLGTSVSNEQFF	ASQSIIAYTM
CASRPEGAAHTEAFF	ASQSIIAYTM
CASSMAGGLGNEQFF	ASQSIIAYTM
CSARPLQGASEQYF	ASQSIIAYTM
CASSPLDRGPVNEKLFF	ASQSIIAYTM
CASSLRTSGKGSYEQYF	ASQSIIAYTM
CASSLVAGGNEETQYF	ASQSIIAYTM
CSAQGLDGNEQFF	ASQSIIAYTM
CASSQEGIEQFF	ASQSIIAYTM
CASTSSVNEQFF	ASQSIIAYTM
CATQGDIQYF	ASQSIIAYTM
CATQGGGYNEQFF	ASQSIIAYTM
CASSPLASGSGFHEQFF	ASQSIIAYTM
CASMGRGPYEQYF	ASQSIIAYTM
CASSPGLANEQFF	ASQSIIAYTM
CASSSLSQGYNQPQHF	ASQSIIAYTM
CASLGETQYF	ASQSIIAYTM
CASSSGLAYEQYF	ASQSIIAYTM
CASLGDTQYF	ASQSIIAYTM
CASSSGVVEQFF	ASQSIIAYTM
CATSTGQAPSGNTIYF	ASQSIIAYTM
CASSSGTAGETQYF	ASQSIIAYTM
CASSLSGGIETQYF	ASQSIIAYTM
CASGLQYEQYF	ASQSIIAYTM
CASLGNEQFF	ASQSIIAYTM
CASRMTGEGSNQPQHF	ASQSIIAYTM
PESGRRVYEQYF	ASQSIIAYTM
CASGTDELTSNTGELFF	ASQSIIAYTM
CASSMGATVTGELFF	ASQSIIAYTM
CASSYSGGAGSEQFF	ASQSIIAYTM
CASSNQGYEQYF	ASQSIIAYTM
CASGTRGNEQFF	ASQSIIAYTM
CASSLFVSGIYEQYF	ASQSIIAYTM
CASSFGGVNEQFF	ASQSIIAYTM
CASSYTPGQGNQPQHF	ASQSIIAYTM
CASSQGYFQGYTEAFF	ASQSIIAYTM
CASSRNLYEQYF	ASQSIIAYTM
CASLGETQYF	ASQSIIAYTM
CASSYSKGQETQYF	ASQSIIAYTM
CASSLTSGGEEQYF	ASQSIIAYTM
CALGQGDSSRVVWANVLTF	ASQSIIAYTM
CASSLEGRTGPLETQYF	ASQSIIAYTM
CASSVSITGELFF	ASQSIIAYTM
CASSQELGQGYEQYF	ASQSIIAYTM
CASSSNLAQPQHF	ASQSIIAYTM
CASSQEGIAGLNEQFF	ASQSIIAYTM
CATRTPSTDTQYF	ASQSIIAYTM
CSVYTLAKNIQYF	ASQSIIAYTM
CASSLIGDYNEQFF	ASQSIIAYTM
CASSSYRATDTQYF	ASQSIIAYTM
CASRSGNYEQYF	ASQSIIAYTM
CASSIFVQETQYF	ASQSIIAYTM
CASSPTAGGNYGYTF	ASQSIIAYTM
CASSLGSGRFEQFF	ASQSIIAYTM
CASMGGELFF	ASQSIIAYTM
CASSSSIGGEFF	ASQSIIAYTM
CATSAGARTYEQYF	ASQSIIAYTM
CASSFGTERGYTF	ASQSIIAYTM
CASSLSPGHHEAFF	ASQSIIAYTM
CASSLGQSYNEQFF	ASQSIIAYTM
CASGFGGNQPQHF	ASQSIIAYTM
CASSYSNSGETQYF	ASQSIIAYTM
CASSLLGAEQYF	ASQSIIAYTM
CASSPNMFEAFF	ASQSIIAYTM
CASSSYNEQFF	ASQSIIAYTM
CASGSSMQTQYF	ASQSIIAYTM
CASSTGLANEQFF	ASQSIIAYTM
CASSIGQGTDTQYF	ASQSIIAYTM
CASSPQHYLDPSYEQYF	ASQSIIAYTM
CASSYSRANTGELFF	ASQSIIAYTM
CASSPSSAPVNYGYTF	ASQSIIAYTM
CATKPVSGSIDEQFF	ASQSIIAYTM
CASSVEAADEQFF	ASQSIIAYTM
CASSLQGEWEQYF	ASQSIIAYTM
CASSHAVTDTQYF	ASQSIIAYTM
CASMGGIVHF	ASQSIIAYTM
CASSYLGHDGYTF	ASQSIIAYTM
CASSQDNNPGYEQYF	ASQSIIAYTM
CASLGGGYTF	ASQSIIAYTM
CASSLLGHTIYNEQFF	ASQSIIAYTM
CSARDPGGSNYEQYF	ASQSIIAYTM
CATLHDTQYF	ASQSIIAYTM
CASSLGGRAQYF	ASQSIIAYTM
CASSLGGNYEQYF	ASQSIIAYTM
CATSRETGGNNEQFF	ASQSIIAYTM
CASSSGYNEQFF	ASQSIIAYTM
CASSFGPINQPQHF	ASQSIIAYTM
CASSWGGSEQFF	ASQSIIAYTM
CASSLSLAGADTQYF	ASQSIIAYTM
CASTVAGGGYNEQFF	ASQSIIAYTM
CATRTGGTTDTQYF	ASQSIIAYTM
CASSLYPGQEDNSPLHF	ASQSIIAYTM
CASSLYGTGGGNQPQHF	ASQSIIAYTM
CASSQDQAKSYEQYF	ASQSIIAYTM
CASSLEGVNQPQHF	ASQSIIAYTM
CASSLESGAEAFF	ASQSIIAYTM
CASSFPHRRQGFQPQHF	ASQSIIAYTM
CASSYGGLSEQFF	ASQSIIAYTM
CASSFSGGAYGYTF	ASQSIIAYTM
CASSSGLQEQFF	ASQSIIAYTM
CASSQMGSYNEQFF	ASQSIIAYTM
CASSQDLVTSVGYEQYF	ASQSIIAYTM
CASSYLPGQGAHQPQHF	ASQSIIAYTM
CSARDERSRYTGELFF	ASQSIIAYTM
CASGFGGPAGGYEQYF	ASQSIIAYTM
CTSRWGGTDTQYF	ASQSIIAYTM
CASSYMGSNQPQHF	ASQSIIAYTM
CASSSRGNEQFF	ASQSIIAYTM
CASSPRGWPQHF	ASQSIIAYTM
CASMGDIQYF	ASQSIIAYTM
CASSRGTPIQETQYF	ASQSIIAYTM
CASHGDTQYF	ASQSIIAYTM
CASSLLPGTDTQYF	ASQSIIAYTM
CASSGRDNSYNEQFF	ASQSIIAYTM
CASSLGGPEAFF	ASQSIIAYTM
CASLGDIQYF	ASQSIIAYTM
CASSYSTHQPQHF	ASQSIIAYTM
CASSFGTERGYTF	ASQSIIAYTM
CASCSGQGYEQYF	ASQSIIAYTM
CASSLASGYNEQFF	ASQSIIAYTM
CASSLWGTSGEYNEQFF	ASQSIIAYTM
CASLGGERDYEQYF	ASQSIIAYTM
CASTGQGATDTQYF	ASQSIIAYTM
CASSFEGGDPSNEQFF	ASQSIIAYTM
CASSLLGTGGYNEQFF	ASQSIIAYTM
CASSNGRFEQYF	ASQSIIAYTM
CASSEVLGYTF	ASQSIIAYTM
CASRDTLYQETQYF	ASQSIIAYTM
CASSQDPPGPEAFF	ASQSIIAYTM
CASSFGQGSHIQYF	ASQSIIAYTM
CASSSTDLNEKLFF	ASQSIIAYTM
CASSLGGPEAFF	ASQSIIAYTM
CASSLLPLSYNEQFF	ASQSIIAYTM
CASMGGGYTF	ASQSIIAYTM
CASSSDSEGNTIYF	ASQSIIAYTM
