CDR3	AA
CSARAPGPSGETQYF	VLSFCAFAV
CASAGGRGSTDTQYF	VLSFCAFAV
CASSLIDPARGINSPLHF	VLSFCAFAV
CASSQVYGATNEKLFF	VLSFCAFAV
CASSYVGPSGIDEQYF	VLSFCAFAV
CASSAGNNSPLHF	VLSFCAFAV
CASSLAYGAQYF	VLSFCAFAV
CASSPASADGNTEAFF	VLSFCAFAV
CASSLLTPSSYNEQFF	VLSFCAFAV
CASRYLSPFGPYNEQFF	VLSFCAFAV
CASSPLTPSSGANVLTF	VLSFCAFAV
CASSLSQPGYWFTEAFF	VLSFCAFAV
CASSHLAPAGNTEAFF	VLSFCAFAV
CASSVWGTSTTGELFF	VLSFCAFAV
CASSLSLPDRVGNEQFF	VLSFCAFAV
CASSLSRLNTEAFF	VLSFCAFAV
CASTLGGPGQPQHF	VLSFCAFAV
CASRLLLPDRVAYEQYF	VLSFCAFAV
CASRLLFPHNTGELFF	VLSFCAFAV
CASSFIRPDRADYEQYF	VLSFCAFAV
CASRAMGPGGPDSPLHF	VLSFCAFAV
CARAGSEQPDNEQFF	VLSFCAFAV
CASSFREASGINEQFF	VLSFCAFAV
CASSPWEREGHGGELFF	VLSFCAFAV
CASTMGGINQPQHF	VLSFCAFAV
CSAPLAAPSYNEQFF	VLSFCAFAV
CASAKHDSLSYEQYF	VLSFCAFAV
CASSKSVGPRLARTDTQYF	VLSFCAFAV
CASSHGNLLGEQYF	VLSFCAFAV
CASTSLTPDRGPGELFF	VLSFCAFAV
CASSPTGASYNEQFF	VLSFCAFAV
CASSSITPSGHSYEQYF	VLSFCAFAV
CASRYLYPSSYNSPLHF	VLSFCAFAV
CASSYPTPGARGTNEKLFF	VLSFCAFAV
CASSYLSPSSYNEQFF	VLSFCAFAV
CSAPSGSYEQYF	VLSFCAFAV
CASSLLRPANTGELFF	VLSFCAFAV
CASSLLRPSSYNEQFF	VLSFCAFAV
CASSPLTTTGPLELFF	VLSFCAFAV
SPLHF	VLSFCAFAV
CASSPLYPSGYSDTQYF	VLSFCAFAV
CASTLLLPGTSNQPQHF	VLSFCAFAV
CASSLSGPSYTGELFF	VLSFCAFAV
CASSEPRPDRYTDTQYF	VLSFCAFAV
CASSPLSPANTGELFF	VLSFCAFAV
CASSQDHGAEQFF	VLSFCAFAV
CASSYLKPAGATDTQYF	VLSFCAFAV
CASRRGQENEKLFF	VLSFCAFAV
CASRKGAPEAFF	VLSFCAFAV
CASSLLLPDRTDTQYF	VLSFCAFAV
CASSSILNIQYF	VLSFCAFAV
CASSEIRPAGVDYTQYF	VLSFCAFAV
CASSPMLGEPNQPQHF	VLSFCAFAV
CASRKLLPDRPGDTQYF	VLSFCAFAV
CASSFGGGGQETQYF	VLSFCAFAV
CASRDLRPMGYNEQFF	VLSFCAFAV
CASSFLTPSSYNEQFF	VLSFCAFAV
CASSQEPMDRSNYGYTF	VLSFCAFAV
CAISDIELAGGAYQETQYF	VLSFCAFAV
CASSLVGPSYEQYF	VLSFCAFAV
CASSPLYPERDNNEQFF	VLSFCAFAV
CASSPILGTEGTDTQYF	VLSFCAFAV
CATGGAPQHF	VLSFCAFAV
CATSSPGPAANVLTF	VLSFCAFAV
CATSRLDRGRQPQHF	VLSFCAFAV
CASNPLTPAGVYHEQFF	VLSFCAFAV
CASSPLTPSGYNEQFF	VLSFCAFAV
CASRTLTPASPYEQYF	VLSFCAFAV
CASSPLYPDRANQPQHF	VLSFCAFAV
CASSLLRPAVVDTQYF	VLSFCAFAV
CASSLSVPAGNQPQHF	VLSFCAFAV
CASRLMLPDRANTEAFF	VLSFCAFAV
CASSLGPFKGRGQETQYF	VLSFCAFAV
CASSLLLPDRRSSYTF	VLSFCAFAV
CARPRGQEFLDGYTF	VLSFCAFAV
CASSVVERGAQYF	VLSFCAFAV
CATRFLSPANTGELFF	VLSFCAFAV
CASSFGTGGNEQFF	VLSFCAFAV
CASSEGNSPLHF	VLSFCAFAV
CASRPTTPTMNTEAFF	VLSFCAFAV
CASRPLVPGEGITEAFF	VLSFCAFAV
CASRIYFGGPSNQPQHF	VLSFCAFAV
CASSAISPSRHQPQHF	VLSFCAFAV
CASSLRLAGGPFTGELFF	VLSFCAFAV
CASRQIRPGQVAYEQYF	VLSFCAFAV
CASRALLTHANTGELFF	VLSFCAFAV
CASRSLGPALTGELFF	VLSFCAFAV
CASSLSAPVGVETQYF	VLSFCAFAV
CASSLNPEGRGVTGELFF	VLSFCAFAV
CASSHTGPSTDTQYF	VLSFCAFAV
CASSQEGPAGVGELFF	VLSFCAFAV
CATRDVSPSGTQETQYF	VLSFCAFAV
CASTNPSPSGHSYNEQFF	VLSFCAFAV
CSARDVRGLNTEAFF	VLSFCAFAV
CASSLWDYEQYF	VLSFCAFAV
CASSLGQIYNEQFF	VLSFCAFAV
CASKKLTPAGQETYEQYF	VLSFCAFAV
CASSLLAPSSYNEQFF	VLSFCAFAV
CASSLAVGGTSSLDTQYF	VLSFCAFAV
CASNGLAPSSYNEQFF	VLSFCAFAV
CASNHLSPSTGIGGQPQHF	VLSFCAFAV
CASRQLFPDQVGNIQYF	VLSFCAFAV
CASSSDGTGFRTGELFF	VLSFCAFAV
CAMQEPGQAYNEQFF	VLSFCAFAV
CASSLGTGGQETQYF	VLSFCAFAV
CASSPAIVSEQFF	VLSFCAFAV
CATSTGLTDTQYF	VLSFCAFAV
CASSLLTPAGNQPQHF	VLSFCAFAV
CASSPIEPSGTGELFF	VLSFCAFAV
CASTYPNPAGLYNEQFF	VLSFCAFAV
CASSFLSPDKGLTYEQYF	VLSFCAFAV
CASRPVGPTGLGNTIYF	VLSFCAFAV
CASSVDGSTDTQYF	VLSFCAFAV
CASSVVDGLAGMGGNEQFF	VLSFCAFAV
CASSLWQGPTDTQYF	VLSFCAFAV
CASSLLSPGGYNEQFF	VLSFCAFAV
CASSYQGNYNEQFF	VLSFCAFAV
CASSTTGVGQPQHF	VLSFCAFAV
CASSLLEPAGGINEQFF	VLSFCAFAV
CASIRLTPTGMSNQPQHF	VLSFCAFAV
CASSPLAPAGLETQYF	VLSFCAFAV
CASSIRVGVVYNEQFF	VLSFCAFAV
CASSQDGTGGNQPQHF	VLSFCAFAV
CASNTGGSATQYF	VLSFCAFAV
CATGIGLTDTQYF	VLSFCAFAV
CASSLGADNEQFF	VLSFCAFAV
CASSLLTPVGYNEQFF	VLSFCAFAV
CSATSMGLAVYNEQFF	VLSFCAFAV
CASSLSGGVEQYF	VLSFCAFAV
CSASLLHGGEQYF	VLSFCAFAV
CASSLVAPSSYNEQFF	VLSFCAFAV
CASSQSGPYEQYF	VLSFCAFAV
CASSPLTPANTGELFF	VLSFCAFAV
CSARDIQGGEAFF	VLSFCAFAV
CASSFGRGDQPQHF	VLSFCAFAV
CASRQDWGSGANVLTF	VLSFCAFAV
CATSPGAGGQETQYF	VLSFCAFAV
CASRHLLPDRVETQYF	VLSFCAFAV
CASSQYDGRYGYTF	VLSFCAFAV
CASSYLSPSRGVDEQFF	VLSFCAFAV
CASSPPSPYREQFF	VLSFCAFAV
CASSQDLGRTDTQYF	VLSFCAFAV
CSAVTRERTDTQYF	VLSFCAFAV
CASSPIEPAGAGELFF	VLSFCAFAV
CASSQDKPSGWGEQFF	VLSFCAFAV
CASSQVVPRGTGELFF	VLSFCAFAV
CASRSLAPSLAYEQYF	VLSFCAFAV
CASSLLQPSTDTQYF	VLSFCAFAV
CASSQPWGEREEKLFF	VLSFCAFAV
CASSLGGGDTQYF	VLSFCAFAV
CASRVLHPSSTDTQYF	VLSFCAFAV
CASRAITPTTPGELFF	VLSFCAFAV
CASMEGRVDFYGYTF	VLSFCAFAV
CASSPAGADYNEQFF	VLSFCAFAV
CASSLIQPAGTGELFF	VLSFCAFAV
CASSQRGPSGTIYEQYF	VLSFCAFAV
CASSLLSPASGAGELFF	VLSFCAFAV
CASSGLGAGRSSYEQYF	VLSFCAFAV
CASSEVDYSNQPQHF	VLSFCAFAV
CASSRPSPDANTGELFF	VLSFCAFAV
CASSPLSPASGYNEQFF	VLSFCAFAV
CASSQSGQYYEQYF	VLSFCAFAV
CASSPLRPTGPDTQYF	VLSFCAFAV
CASSLYGQGIHTEAFF	VLSFCAFAV
CASSLLDPAGGNINEQFF	VLSFCAFAV
CASSLGQPYEQYF	VLSFCAFAV
CASSLEGTEAFF	VLSFCAFAV
CASRPLAPAGITYNEQFF	VLSFCAFAV
CASSRGLVDTQYF	VLSFCAFAV
CASINIGPAGRVSEQFF	VLSFCAFAV
CASSVEAEAYEQYF	VLSFCAFAV
CASRGLAPSSYNEQFF	VLSFCAFAV
CASSYLSPDTLEEQYF	VLSFCAFAV
CASSMLYPDRVGDEQYF	VLSFCAFAV
CSARGPDRRWTGELFF	VLSFCAFAV
CASRRLAPSKSEKLFF	VLSFCAFAV
CASSLLGPDKIYEQYF	VLSFCAFAV
CASSPVFPDRGPDEQYF	VLSFCAFAV
CASSLGGITDTQYF	VLSFCAFAV
CASSQADGAYGYTF	VLSFCAFAV
CASRLLMPAGINQPQHF	VLSFCAFAV
CASSQDGREGPWEEQFF	VLSFCAFAV
CSAGKATPSYNEQFF	VLSFCAFAV
CASSFSAAYEQYF	VLSFCAFAV
CASSQVLPSGYYEQYF	VLSFCAFAV
CASSLGAGLNTEAFF	VLSFCAFAV
CASSQLGPSGNNEQFF	VLSFCAFAV
CAISGQVEAFF	VLSFCAFAV
CASSPLSPGSYNEQFF	VLSFCAFAV
CASSILYPDRGNQPQHF	VLSFCAFAV
CASSYLTPSTNTEAFF	VLSFCAFAV
CASSPDSFEAKNIQYF	VLSFCAFAV
CASRKLRPSSTDTQYF	VLSFCAFAV
CASSYPRPDGNTEAFF	VLSFCAFAV
CASSEGTEQYF	VLSFCAFAV
CASSLIHPRDGPYEQYF	VLSFCAFAV
CASSLLLPAGGEGEQFF	VLSFCAFAV
CASSSTGTVLAFEETQYF	VLSFCAFAV
CASSFVRPDGKETQYF	VLSFCAFAV
CASRGQGPSYEQYF	VLSFCAFAV
CASSGGYYEQYF	VLSFCAFAV
CASGGGWPQHF	VLSFCAFAV
CASSPLHPDRVGNTIYF	VLSFCAFAV
CASSLLRPGTNSPLHF	VLSFCAFAV
CASAEIYTGELFF	VLSFCAFAV
CASRVLVPTGNNQPQHF	VLSFCAFAV
CASSFLTPDRGNTEAFF	VLSFCAFAV
CASSYGAQAFF	VLSFCAFAV
CASRYLFPQGMAEKLFF	VLSFCAFAV
CSAIAEPTTSSTDTQYF	VLSFCAFAV
CATGEEQGSGANVLTF	VLSFCAFAV
CASSLLGAGGETQYF	VLSFCAFAV
CASRYLRPDRGDTEAFF	VLSFCAFAV
CASSPLYPGARGEQYF	VLSFCAFAV
CASSFLPGDSSYEQYF	VLSFCAFAV
CASSPLYPDRANQPQHF	VLSFCAFAV
CASTAVSPGTGAGEAFF	VLSFCAFAV
CASSPSSPLTDTQYF	VLSFCAFAV
CSADSDRDLKREAFF	VLSFCAFAV
CASSSLDPGQGMREQYF	VLSFCAFAV
CASSRLPQGVGTEAFF	VLSFCAFAV
CASSLLLGPQAGFLDTQYF	VLSFCAFAV
CASSFWGEGNEQFF	VLSFCAFAV
CASSYLEPGTGGTEAFF	VLSFCAFAV
CASRYLQPQGMDQPQHF	VLSFCAFAV
CASTDTVASGYNEQFF	VLSFCAFAV
CASSTPGPSGYTEAFF	VLSFCAFAV
CASSLLFPGEGNQPQHF	VLSFCAFAV
CSAVAGEMGETQYF	VLSFCAFAV
CATARLTPSKVDEQFF	VLSFCAFAV
CASSLEGQYNEQFF	VLSFCAFAV
CASRECRPEGCSYNEQFF	VLSFCAFAV
CASSLLAPDSGANVLTF	VLSFCAFAV
CASSLLTPAYGNQPQHF	VLSFCAFAV
CASSVDGTAYEQYF	VLSFCAFAV
CASSEASGGYNEQFF	VLSFCAFAV
CARSTGGTEAFF	VLSFCAFAV
CASSLAGGYNEQFF	VLSFCAFAV
CASSEGGEQYF	VLSFCAFAV
CASSYLSPGQGGNEQFF	VLSFCAFAV
CASSQENPTGETQYF	VLSFCAFAV
CASSFGGGLYGYTF	VLSFCAFAV
CASTLLAPVGYSNQPQHF	VLSFCAFAV
CASRKLAPSSYNEQFF	VLSFCAFAV
CASSLLVPTGEAQPQHF	VLSFCAFAV
CASRKLQPARTDTQYF	VLSFCAFAV
CASRGLAPSSYNEQFF	VLSFCAFAV
CASSPTAPAGPTEAFF	VLSFCAFAV
CASSFLTPDRGLTEAFF	VLSFCAFAV
CAIRPDRGISYEQYF	VLSFCAFAV
CASSPNTPTNEKLFF	VLSFCAFAV
CSARDIALPYLYNEQFF	VLSFCAFAV
CASRALLPSGVAYEQYF	VLSFCAFAV
CASSKLAPSSYNEQFF	VLSFCAFAV
CASSSRTPAGYSPLHF	VLSFCAFAV
CASSLLHTTGFDTQYF	VLSFCAFAV
CAIRPLEPANTGELFF	VLSFCAFAV
CASNLLNPSSYNEQFF	VLSFCAFAV
CASSPLQPSGIYTEAFF	VLSFCAFAV
CASRSLGLASEAFF	VLSFCAFAV
CASRGLTPSSTDTQYF	VLSFCAFAV
CASSLPDSSYEQYF	VLSFCAFAV
CASTTETQYF	VLSFCAFAV
CASSSRNVGYEQYF	VLSFCAFAV
CASSPLLPTGYQPQHF	VLSFCAFAV
CASRRLHPANTGELFF	VLSFCAFAV
CSVELGQGVETQYF	VLSFCAFAV
CAISGGLQDLTDTQYF	VLSFCAFAV
CSALVSGANVLTF	VLSFCAFAV
CASRLLAPHSYNEQFF	VLSFCAFAV
CASSHPTPTGNTEAFF	VLSFCAFAV
CASSVVVVAEQFF	VLSFCAFAV
CASRALGPAAPYEQYF	VLSFCAFAV
CASSPRTPSSGANVLTF	VLSFCAFAV
CASSPASPSYNSPLHF	VLSFCAFAV
CASRLLRPSGSDTEAFF	VLSFCAFAV
CSVEGPDSVGYEQYF	VLSFCAFAV
CASSSLNPTGSNQPQHF	VLSFCAFAV
CASNKLAPSSYNEQFF	VLSFCAFAV
CASGPGFPQHF	VLSFCAFAV
CASRQIGPDRVYTEAFF	VLSFCAFAV
CASSQARPSYNEQFF	VLSFCAFAV
CASSHPSPSSGTDTQYF	VLSFCAFAV
CASSFNRGQAYNTDTQYF	VLSFCAFAV
CASTRQGSTDTQYF	VLSFCAFAV
CASSLSTFRGAMNTEAFF	VLSFCAFAV
CASRTLKPAGFGEKLFF	VLSFCAFAV
CASSQAWLAENNEQFF	VLSFCAFAV
CASSLLAPSSYNEQFF	VLSFCAFAV
CASSAIGPAGERELFF	VLSFCAFAV
CASRQTLPDRTDTQYF	VLSFCAFAV
CSARDYQNTGELFF	VLSFCAFAV
CATSEGLTDTQYF	VLSFCAFAV
CASSTARLNTEAFF	VLSFCAFAV
CASSPLYGQAPAIEAFF	VLSFCAFAV
CASRLLNPDRDNQPQHF	VLSFCAFAV
CASSLWSGNTGELFF	VLSFCAFAV
CASRETESNNEQFF	VLSFCAFAV
CASSVDGSSYNEQFF	VLSFCAFAV
CASRVLRPRDSNTEAFF	VLSFCAFAV
CASSASGEIIYEQYF	VLSFCAFAV
CASRLLRPANTGELFF	VLSFCAFAV
CASSSMSSGGSSYNEQFF	VLSFCAFAV
CASSPLRPSNTGELFF	VLSFCAFAV
CASSSYDRVKSPLHF	VLSFCAFAV
CASSLLHPTGRPDTQYF	VLSFCAFAV
CASSLAPRDSNTEAFF	VLSFCAFAV
CASSPPDRPWSEQYF	VLSFCAFAV
CASSEGNSPLHF	VLSFCAFAV
CASSPLTPTRGPGANVLTF	VLSFCAFAV
CASTPLSPAGHRGEQYF	VLSFCAFAV
CASTKLSPAGFREQYF	VLSFCAFAV
CASSLLVPAGGDQPQHF	VLSFCAFAV
CASSKLHPAGQLFEAFF	VLSFCAFAV
CASSLGAGLNTEAFF	VLSFCAFAV
CASTKLAPSGYNQPQHF	VLSFCAFAV
CASSLTRASGEEKLFF	VLSFCAFAV
CASSYLTPSSGARYNEQFF	VLSFCAFAV
CASRLLHPTGYGNTIYF	VLSFCAFAV
CSARVLTPSGGELFF	VLSFCAFAV
CASSQLTPAGTPYEQYF	VLSFCAFAV
CASSWGTGNTIYF	VLSFCAFAV
CASSQTRPGPEETQYF	VLSFCAFAV
CASSFPVPAGNQPQHF	VLSFCAFAV
CASSEMRPAGTDTQYF	VLSFCAFAV
CASSYFQGSYGYTF	VLSFCAFAV
CASSKDRHEQYF	VLSFCAFAV
CASSLTNPQRVNEQFF	VLSFCAFAV
CASSYVAPSGSDTQYF	VLSFCAFAV
CASSLVGPSGGSYEQYF	VLSFCAFAV
CASNVGQAVDF	VLSFCAFAV
CASSSGTGLSYEQYF	VLSFCAFAV
CASSIASGSTGELFF	VLSFCAFAV
CSDRLAGVKNEQFF	VLSFCAFAV
CASTSTGLTGELFF	VLSFCAFAV
CASSLLYPDRVGEQYF	VLSFCAFAV
CASSRTNPNEQFF	VLSFCAFAV
CASSYLPASGESYEQYF	VLSFCAFAV
CSAGTGGLWEQYF	VLSFCAFAV
CASSSYLTTEAFF	VLSFCAFAV
CASSVLRPDGYNEQFF	VLSFCAFAV
CASSVAGPSTDTQYF	VLSFCAFAV
CATSSSLAGRSYNEQFF	VLSFCAFAV
CASSALQPVGTDTQYF	VLSFCAFAV
CASSYQHPLADPYNEQFF	VLSFCAFAV
CASSWTAGGQPQHF	VLSFCAFAV
CASSLLNPGTGSYGYTF	VLSFCAFAV
CASSLTGATDTQYF	VLSFCAFAV
CASRGLQPDRVSYEQYF	VLSFCAFAV
CASSRLGPSGGNEQFF	VLSFCAFAV
CASSLSQPEGNQPQHF	VLSFCAFAV
CASSHVHPRGGVGETQYF	VLSFCAFAV
CSAPDGQSTDTQYF	VLSFCAFAV
CASSPGGGGQETQYF	VLSFCAFAV
CASAKLAPSSYNEQFF	VLSFCAFAV
CASRQNSPTGPQDEQYF	VLSFCAFAV
CASRRLAPQGPYNEQFF	VLSFCAFAV
CASSLIAPRNQETQYF	VLSFCAFAV
CASSLASPGGNQPQHF	VLSFCAFAV
CASSPLYPDRAGELFF	VLSFCAFAV
CASSPLRGYEQYF	VLSFCAFAV
CASSPPRDRPYNEQFF	VLSFCAFAV
CAISDMYEQYF	VLSFCAFAV
CASSLLSPDRGLVDQPQHF	VLSFCAFAV
CASRPLHPAGRNTEAFF	VLSFCAFAV
CASSLSSVETQYF	VLSFCAFAV
CASSLLTPSSYNEQFF	VLSFCAFAV
CASSFSSSNQPQHF	VLSFCAFAV
CASSEVTPSTDTQYF	VLSFCAFAV
CASIKLGPSGRNNEQFF	VLSFCAFAV
CASSPGQGKVGYEQYF	VLSFCAFAV
CASSLLTPDRLDNSPLHF	VLSFCAFAV
CASSQDTTGRPWYGQYF	VLSFCAFAV
CASSLWGDGNNQPQHF	VLSFCAFAV
CASSYGHPHLGTGELFF	VLSFCAFAV
CASSPLLPDRGVDGYTF	VLSFCAFAV
CASWSVAGNTIYF	VLSFCAFAV
CASSLISPAGQETQYF	VLSFCAFAV
CASSLISPANTGELFF	VLSFCAFAV
CASSLEGTSGDFSSYNEQFF	VLSFCAFAV
CATSSPRPAGDEKLFF	VLSFCAFAV
CASSKLYPDRVEETQYF	VLSFCAFAV
CASRELAAARVGELFF	VLSFCAFAV
CASSLSSKDINTGELFF	VLSFCAFAV
CASGGGFPQYF	VLSFCAFAV
CASSAPGQGSYGYTF	VLSFCAFAV
CASRRLAPSTIGELFF	VLSFCAFAV
CSARYSGTPAGSQYF	VLSFCAFAV
CASSLLAPAGVGEQFF	VLSFCAFAV
CASSFEGTEAFF	VLSFCAFAV
CASSLKAPSSYNEQFF	VLSFCAFAV
CASTLIHPGTGGSNEQFF	VLSFCAFAV
CASSSPLPDRGATEAFF	VLSFCAFAV
CASSSLSPSGYNEQFF	VLSFCAFAV
CASRYLHPAGVEGEQFF	VLSFCAFAV
CASSLVSPQGSSGNTIYF	VLSFCAFAV
CASSLLDPSSGANVLTF	VLSFCAFAV
CASRKLAPARANEQFF	VLSFCAFAV
CASKKLVPSGSSGELFF	VLSFCAFAV
CASRGLAPSSYNEQFF	VLSFCAFAV
CASTLLLGQGSSETQYF	VLSFCAFAV
CASSYLFPQGPGELFF	VLSFCAFAV
CASSSPWTGASYEQYF	VLSFCAFAV
CASSLLSAGERYEQYF	VLSFCAFAV
CSARDWQGSGNTIYF	VLSFCAFAV
CASSKLFPVGMNNQPQHF	VLSFCAFAV
CASSFNPSYNEQFF	VLSFCAFAV
CASSLLFPDRGYNEQFF	VLSFCAFAV
CASSLLYPANTGELFF	VLSFCAFAV
CASSLQGPVPNQPQHF	VLSFCAFAV
CASSLAQPGQGPTEAFF	VLSFCAFAV
CASVQDGVRGGFYEQFF	VLSFCAFAV
CASSLLTPGYSNQPQHF	VLSFCAFAV
CASSLESGRASQTGELFF	VLSFCAFAV
CASSLLSPSSYNEQFF	VLSFCAFAV
CASRQILPDTLNTEAFF	VLSFCAFAV
CASSKLAPANTGELFF	VLSFCAFAV
CASSQDSPGGDSPLHF	VLSFCAFAV
