CDR3	AA
CASSIRSSYEQYF	SNVTWFHAI
CASSLRAAGELFF	SNVTWFHAI
CASSIGAYGYTF	SNVTWFHAI
CASSIRSAYEQYF	SNVTWFHAI
CASSVTGPPSDF	SNVTWFHAI
CASSISSTGELFF	SNVTWFHAI
CASSPLISEATNEKLFF	SNVTWFHAI
CASSIRSTDTQYF	SNVTWFHAI
CASSIFGGSRELFF	SNVTWFHAI
CASSLRDRANTGELFF	SNVTWFHAI
CASSARSGSEQFF	SNVTWFHAI
CASSIGSYGYTF	SNVTWFHAI
CASSAAAQGPQHF	SNVTWFHAI
CASSGRSGNEQFF	SNVTWFHAI
CASSTGAYGYTF	SNVTWFHAI
CASSSRAGEKLFF	SNVTWFHAI
CASSIRAGYEQYF	SNVTWFHAI
CASSVRSSYEQYF	SNVTWFHAI
CASSLGASGGYSYNEQFF	SNVTWFHAI
CASSMGSYGYTF	SNVTWFHAI
CASSIRSSFEQYF	SNVTWFHAI
CASSTRSTDTQYF	SNVTWFHAI
CASSIVDSSGNTIYF	SNVTWFHAI
CASSIRSSYEQYF	SNVTWFHAI
CASRRTGEETQYF	SNVTWFHAI
CASSIRSAYEQYF	SNVTWFHAI
CASSIRSAYEQYF	SNVTWFHAI
CASSIISLDEQFF	SNVTWFHAI
CASSPRSGIEQFF	SNVTWFHAI
CASSIVSRDTQYF	SNVTWFHAI
CASSIRSSYEQYF	SNVTWFHAI
CASSTRSTGELFF	SNVTWFHAI
CASSSRSANEQFF	SNVTWFHAI
CASSPGQGSYNEQFF	SNVTWFHAI
CASSLVVDQETQYF	SNVTWFHAI
CASSIRAGNEKLFF	SNVTWFHAI
CASSIRASYEQYF	SNVTWFHAI
CASSTRAGVEQYF	SNVTWFHAI
CASSIRSSYEQFF	SNVTWFHAI
CASSSRSAYEQYF	SNVTWFHAI
CASSPAFTGGAGGQPQHF	SNVTWFHAI
CASSIRSSYEQYF	SNVTWFHAI
CASSLGRGNQPQHF	SNVTWFHAI
CASSIHSQETQYF	SNVTWFHAI
CASSPRSTDTQYF	SNVTWFHAI
CASSWRTSGVGDTQYF	SNVTWFHAI
CASSIGVYGYTF	SNVTWFHAI
CASSIRSAYEQYF	SNVTWFHAI
CASSIRSSYEQYF	SNVTWFHAI
CASSTSSTGELFF	SNVTWFHAI
CASSITGTYNEQFF	SNVTWFHAI
CASSLRSTDTQYF	SNVTWFHAI
CASSGRSTGELFF	SNVTWFHAI
CASSIRSSYEQYF	SNVTWFHAI
CASLLAEETQYF	SNVTWFHAI
CASSIRSSYEQYF	SNVTWFHAI
CASSLRSTDTQYF	SNVTWFHAI
CASSIRSSYEQYF	SNVTWFHAI
CASSIRASYEQYF	SNVTWFHAI
CASSSRSGDEQFF	SNVTWFHAI
CASSTRSGQPQHF	SNVTWFHAI
CASTGSSSGPYNEQFF	SNVTWFHAI
CASSIRSTGELFF	SNVTWFHAI
CASSIRSSYEQYF	SNVTWFHAI
CASSIRSDEKLFF	SNVTWFHAI
CASSIVSMDEQFF	SNVTWFHAI
CASSIFASGGNEQFF	SNVTWFHAI
CASSLGNYGYTF	SNVTWFHAI
CASSHPQRTSPYNEQFF	SNVTWFHAI
CASSIRSSYEQYF	SNVTWFHAI
CASSGRSTDTQYF	SNVTWFHAI
CASSSRSAYEQYF	SNVTWFHAI
CASRLVWRRGLYNEQFF	SNVTWFHAI
CASSLVRDEQFF	SNVTWFHAI
CASSIRSAYEQYF	SNVTWFHAI
CASSIRSSYEQYF	SNVTWFHAI
CATSRAEGLAGGFPYNEQFF	SNVTWFHAI
CASSIGVYGYTF	SNVTWFHAI
CASSFRSSYEQYF	SNVTWFHAI
CASSVRASYEQYF	SNVTWFHAI
CASSLRSSYEQYF	SNVTWFHAI
CASSIRSAYEQYF	SNVTWFHAI
CASSIRSSYEQYF	SNVTWFHAI
CASSIRSTYEQYF	SNVTWFHAI
CASSHDGQGGGETQYF	SNVTWFHAI
CASSWTSGSPNEQFF	SNVTWFHAI
CASSLRGVIGDSPLHF	SNVTWFHAI
CASSPRSGIEQFF	SNVTWFHAI
CASSQPAGFQETQYF	SNVTWFHAI
CASSIRSSFEQYF	SNVTWFHAI
CASSIRSSYEQYF	SNVTWFHAI
CASSIRSSYEQYF	SNVTWFHAI
CSARDRQGLAKNIQYF	SNVTWFHAI
CASSGRSTGELFF	SNVTWFHAI
CASSIRSAYEQYF	SNVTWFHAI
CASSIRSSYEQYF	SNVTWFHAI
CASSIRSAYEQYF	SNVTWFHAI
CASSQLSNQPQHF	SNVTWFHAI
CASSPVGVGGYTF	SNVTWFHAI
CASSIRSSYEQYF	SNVTWFHAI
CASSLLATGTASYEQYF	SNVTWFHAI
CASSIRSSYEQYF	SNVTWFHAI
CASSIGVYGYTF	SNVTWFHAI
CASSSRSSYEQYF	SNVTWFHAI
CASSIRSSYEQYF	SNVTWFHAI
CASSARSTGELFF	SNVTWFHAI
CASSVRSSYEQYF	SNVTWFHAI
CASSTRSGTEQFF	SNVTWFHAI
CASSIRSSYEQYF	SNVTWFHAI
CASSIRSAYEQYF	SNVTWFHAI
CASSRRSTGELFF	SNVTWFHAI
CASSQEGFNQPQHF	SNVTWFHAI
CASSVRSSYEQYF	SNVTWFHAI
CASSGRSTGELFF	SNVTWFHAI
CASSGEGQGRTGELFF	SNVTWFHAI
CASSFRSTDTQYF	SNVTWFHAI
CASSIFGGEKLFF	SNVTWFHAI
CASSIRSSYEQYF	SNVTWFHAI
CAISESGQLNSYEQYF	SNVTWFHAI
CASSIRSSYEQYF	SNVTWFHAI
CASSIGLYGYTF	SNVTWFHAI
CASSGQGVSYNEQFF	SNVTWFHAI
CASSIRAGYEQYF	SNVTWFHAI
CASTPGTGYSPLHF	SNVTWFHAI
CASSSRTLPLEQFF	SNVTWFHAI
CASSIYSNQPQHF	SNVTWFHAI
CASSIIAQEPQHF	SNVTWFHAI
CASSIRSSYEQYF	SNVTWFHAI
CASSIRSSYEQYF	SNVTWFHAI
CASSLSSEGDRDYGYTF	SNVTWFHAI
CASSVRSAYEQYF	SNVTWFHAI
CASSIRSSYEQYF	SNVTWFHAI
CASSPGGFTDEQYF	SNVTWFHAI
CASSLRSSYEQYF	SNVTWFHAI
CASSMRSAYEQYF	SNVTWFHAI
CASSIRSSYEQYF	SNVTWFHAI
CASSIFSADTQYF	SNVTWFHAI
CASSIRSSYEQYF	SNVTWFHAI
CASSIFDGQGMDF	SNVTWFHAI
CASSIGAYGYTF	SNVTWFHAI
CASSVGGHVLETQYF	SNVTWFHAI
CASSTSSTGELFF	SNVTWFHAI
CASSTRSSYEQYF	SNVTWFHAI
