CDR3	AA
CSVARGLNQPQHF	SETKCTLKSF
CSVAPGKGQPQHF	SETKCTLKSF
CSVAPGFNQPQHF	SETKCTLKSF
CASSLLGDRHQPQHF	SETKCTLKSF
CSVAQGLGQPQHF	SETKCTLKSF
CARSGTGNYEQYF	SETKCTLKSF
CASSLLAGASGTGELFF	SETKCTLKSF
CASSPVVSPYEQYF	SETKCTLKSF
CASSYVGIPNEQFF	SETKCTLKSF
CASSLAQYRQPLNTEAFF	SETKCTLKSF
CASSSGLAGYEQYF	SETKCTLKSF
CSARRQGGYTGELFF	SETKCTLKSF
CASSQGLGLTGELFF	SETKCTLKSF
CASSSNREKRYNEQFF	SETKCTLKSF
CASSYSRTDYNEQFF	SETKCTLKSF
CASSGSGSTTNEQYF	SETKCTLKSF
CSVAGFSSSYEQYF	SETKCTLKSF
CSVGPGLNQPQHF	SETKCTLKSF
CASSLPSDTQYF	SETKCTLKSF
CSVSTGLRQPQHF	SETKCTLKSF
CASSLYNEQFF	SETKCTLKSF
CASSIRDRELDEQFF	SETKCTLKSF
CASSGGGTRGETQYF	SETKCTLKSF
CSVEAGPKAFF	SETKCTLKSF
CASSFGTANEQFF	SETKCTLKSF
CASRGGWNTEAFF	SETKCTLKSF
CASSHNPSTDTQYF	SETKCTLKSF
CASSRGGQGFYEQYF	SETKCTLKSF
CSVAHGNNQPQHF	SETKCTLKSF
CASSLRLALDTQYF	SETKCTLKSF
CASSLGGQGARTEAFF	SETKCTLKSF
CSVSGGLNQPQHF	SETKCTLKSF
CASSLYGQPQHF	SETKCTLKSF
CASSPWASQPQHF	SETKCTLKSF
CASRQGAEAFF	SETKCTLKSF
CSVGAGLNQPQHF	SETKCTLKSF
CASSGRQGGNSPLHF	SETKCTLKSF
CSVARGLNQPQHF	SETKCTLKSF
CASSELNEQYF	SETKCTLKSF
CASSPGSWETQYF	SETKCTLKSF
CASSYVGIPNEQFF	SETKCTLKSF
CASSPPLRISAGTEAFF	SETKCTLKSF
CASSQAGFNEKLFF	SETKCTLKSF
CASSLPSTDTQYF	SETKCTLKSF
CASGWGSYNEQFF	SETKCTLKSF
CASSSGGRGPEAFF	SETKCTLKSF
CALATGDSYEQYF	SETKCTLKSF
CATSTSEGHFQQYF	SETKCTLKSF
CATSGIPLTGSIQYF	SETKCTLKSF
CASSTPRDSISKETQYF	SETKCTLKSF
CASSLWSEETQYF	SETKCTLKSF
CASSELDWAQYF	SETKCTLKSF
CASSQTLYVETQYF	SETKCTLKSF
CASSFGRGNTEAFF	SETKCTLKSF
CASSLAFGAAYNEQFF	SETKCTLKSF
CSVARGLGQPQHF	SETKCTLKSF
CASSTLGPWGTQYF	SETKCTLKSF
CASSYSGDRGAGELFF	SETKCTLKSF
CSVAGGFNQPQHF	SETKCTLKSF
CSVEDSDSPEYEQYF	SETKCTLKSF
CSVEGDYGAGNTGELFF	SETKCTLKSF
