CDR3	AA
CASSPLGRTDTQYF	STDTGVEHVTFFIY
CASSLGVGGEQYF	STDTGVEHVTFFIY
CASSVGSGDGYTF	STDTGVEHVTFFIY
CASTLGLSGRETQYF	STDTGVEHVTFFIY
CASSAGQGAGYTF	STDTGVEHVTFFIY
CASSLGGYEQYF	STDTGVEHVTFFIY
CASRQSQGEDYGYTF	STDTGVEHVTFFIY
CASSQVRTYEQYF	STDTGVEHVTFFIY
CASSVGQGAGYTF	STDTGVEHVTFFIY
CASSSQYPLDSTDYGYTF	STDTGVEHVTFFIY
CASSVGQGSGYTF	STDTGVEHVTFFIY
CASSGLAGGRYNEQFF	STDTGVEHVTFFIY
CASSMGQGGGYTF	STDTGVEHVTFFIY
CSVQGSGELFF	STDTGVEHVTFFIY
CASSLGGGGELFF	STDTGVEHVTFFIY
CASRAGGNNEQFF	STDTGVEHVTFFIY
CASSRGGEQETQYF	STDTGVEHVTFFIY
CSARTGNTDTQYF	STDTGVEHVTFFIY
CASSAGTGDGYTF	STDTGVEHVTFFIY
CASSVGQGDGYTF	STDTGVEHVTFFIY
CASSLAARSGTGELFF	STDTGVEHVTFFIY
CASSVGTGDGYTF	STDTGVEHVTFFIY
CASVTGGYNEQFF	STDTGVEHVTFFIY
CASSQGLAGGNTGELFF	STDTGVEHVTFFIY
CASSFVYDSTYEQYF	STDTGVEHVTFFIY
CSVDSGRASPNEQFF	STDTGVEHVTFFIY
CASSLGQGSNIQYF	STDTGVEHVTFFIY
CASSVGQGNGYTF	STDTGVEHVTFFIY
CASRSSRDGGSGELFF	STDTGVEHVTFFIY
CASTVGLGGELFF	STDTGVEHVTFFIY
CASSIGVGSSLHF	STDTGVEHVTFFIY
CASSVVGYTDTQYF	STDTGVEHVTFFIY
CASRLSAPANYGYTF	STDTGVEHVTFFIY
CASSLGVGGELFF	STDTGVEHVTFFIY
CASSQVGDTQYF	STDTGVEHVTFFIY
CASSLAGTSETQYF	STDTGVEHVTFFIY
CASTGGSSNQPQHF	STDTGVEHVTFFIY
CASSPFLLAGETQYF	STDTGVEHVTFFIY
CSVVEREAFF	STDTGVEHVTFFIY
CASSTGQGGEQYF	STDTGVEHVTFFIY
CASSEPHSAANTGELFF	STDTGVEHVTFFIY
CASHGTDDYEQYF	STDTGVEHVTFFIY
CASSLGMGGEQYF	STDTGVEHVTFFIY
CASSLGGGDTQYF	STDTGVEHVTFFIY
CASSLTGTSGRTFFPNEQFF	STDTGVEHVTFFIY
CASSSGQGDGYTF	STDTGVEHVTFFIY
CASSPMSGGLNEQFF	STDTGVEHVTFFIY
CASSQGYTGDSNQPQHF	STDTGVEHVTFFIY
CASSLGGGVEKLFF	STDTGVEHVTFFIY
CASSQAGGFYEQFF	STDTGVEHVTFFIY
CSVLGTSGNNEQFF	STDTGVEHVTFFIY
CASSVGRGDGYTF	STDTGVEHVTFFIY
CASSLGDYQTQYF	STDTGVEHVTFFIY
CASSLGLGGELFF	STDTGVEHVTFFIY
CASRGLALSTDTQYF	STDTGVEHVTFFIY
CASSPSASGGAGNEKLFF	STDTGVEHVTFFIY
CASSLDSGPISLFF	STDTGVEHVTFFIY
