CDR3	AA
CASRNLSPRDPGTDTQYF	FEYVSQPFL
CSARGYETSGIIRETQYF	FEYVSQPFL
CASSWDPVSETQYF	FEYVSQPFL
CASKTSGRETQYF	FEYVSQPFL
CASSPGNEQFF	FEYVSQPFL
CASSLIASGSYNEQFF	FEYVSQPFL
CASKQAGEETQYF	FEYVSQPFL
CASGWDGYEQYF	FEYVSQPFL
CASSESGRFTYNEQFF	FEYVSQPFL
CASSQDNGDILSYEQYF	FEYVSQPFL
CASSPQGAGQPQHF	FEYVSQPFL
CASSFGTSGSPYNEQFF	FEYVSQPFL
CASSESEMDQPQHF	FEYVSQPFL
CASSDGLAGEYEQYF	FEYVSQPFL
CATSGHTREARRTYNEQFF	FEYVSQPFL
CASSLAGTGSYEQYF	FEYVSQPFL
CASSLGQGLETQYF	FEYVSQPFL
CASSQALDQYYNEQFF	FEYVSQPFL
CASSFVPGQGLAKNIQYF	FEYVSQPFL
CSATPRGSMNTEAFF	FEYVSQPFL
CASSQEAGTGELFF	FEYVSQPFL
CASSNAVVSGREDEQYF	FEYVSQPFL
CASSPTSGSNYEQFF	FEYVSQPFL
CASSSLREGGSGDEQFF	FEYVSQPFL
CASSPLAGAYNEQFF	FEYVSQPFL
CASSQQILVTVSYEQYF	FEYVSQPFL
CASSSGFGVYEQFF	FEYVSQPFL
CASSGLAVVSYNEQFF	FEYVSQPFL
CASSTWTGDGYEQYF	FEYVSQPFL
CASSLGDTGELFF	FEYVSQPFL
CASSLTTRLAGPTDTQYF	FEYVSQPFL
CSARDTLSGQYEQYF	FEYVSQPFL
CASSEAFGVYEQYF	FEYVSQPFL
CASSFPGLAGERETQYF	FEYVSQPFL
CASSFIVPSGREVGELFF	FEYVSQPFL
CASSYFWGLASYNEQFF	FEYVSQPFL
CASSYGPGGNEQFF	FEYVSQPFL
CATRAGNTEAFF	FEYVSQPFL
CSVVPQQGSQETQYF	FEYVSQPFL
CASSLEGDSYNEQFF	FEYVSQPFL
CASSPLAVSSYNEQFF	FEYVSQPFL
CAISESAGVGYEQYF	FEYVSQPFL
CASSRGPGTSGYEQYF	FEYVSQPFL
CASSLGPGQGTDTQYF	FEYVSQPFL
CASSPDSGLTTDTQYF	FEYVSQPFL
CASSPLLAGDYNEQFF	FEYVSQPFL
CASSIVAGGRTDTQYF	FEYVSQPFL
CASRLPPFRDPYNEQFF	FEYVSQPFL
CASIPVQGSYNSPLHF	FEYVSQPFL
CASSQDTWTLNTEAFF	FEYVSQPFL
CASSHEGDSYNEQFF	FEYVSQPFL
CASSLVGAGSYNEQFF	FEYVSQPFL
CSARDKGPYTNYGYTF	FEYVSQPFL
CASSLRPANQPQHF	FEYVSQPFL
CASSEAGPGGTGELFF	FEYVSQPFL
CASSTLAGGPIDTQYF	FEYVSQPFL
CASSPWINNEQFF	FEYVSQPFL
CASSPGQGIAGELFF	FEYVSQPFL
CASSNSYWGYEQYF	FEYVSQPFL
CASSQEALAGNEQFF	FEYVSQPFL
CASSIGFLYNSPLHF	FEYVSQPFL
CASSARSSPNTGELFF	FEYVSQPFL
CASSLIGAFSYNEQFF	FEYVSQPFL
CASSDQLGAQETQYF	FEYVSQPFL
CASSEDRGLYEQYF	FEYVSQPFL
CASSLEGDSYNEQFF	FEYVSQPFL
CASSQDLRGAPYQETQYF	FEYVSQPFL
CARSRGSGMTYEQYF	FEYVSQPFL
CASSLEPSSYNSPLHF	FEYVSQPFL
CASSPTGGLDTEAFF	FEYVSQPFL
CASSLVPDWGTEAFF	FEYVSQPFL
CASSLIGRGSYNEQFF	FEYVSQPFL
CASSLLAGDTGELFF	FEYVSQPFL
CASSQMNGAWTEAFF	FEYVSQPFL
CASSLFGETVYNEQFF	FEYVSQPFL
CASSPTGTSEYNEQFF	FEYVSQPFL
CASSLQGGELFF	FEYVSQPFL
CASSLGLEQYF	FEYVSQPFL
CASSLGAGPSNQPQHF	FEYVSQPFL
CASSPTASSYEQYF	FEYVSQPFL
CASSLIGQSSYNEQFF	FEYVSQPFL
CASSEWLAKRIYNEQFF	FEYVSQPFL
CASSPGTFSSTEAFF	FEYVSQPFL
CANVLGEVGTEAFF	FEYVSQPFL
CASSLADGSYEQYF	FEYVSQPFL
CASSQGYGLAESTDTQYF	FEYVSQPFL
CASRGSAAASTDTQYF	FEYVSQPFL
CASSPGASPSYNEQFF	FEYVSQPFL
CASSYTLNTEAFF	FEYVSQPFL
CASSQDNWAVSYEQYF	FEYVSQPFL
CASGVLHEQFF	FEYVSQPFL
CASTNPGPAAYEQYF	FEYVSQPFL
CASSQGWGLDTGELFF	FEYVSQPFL
CASSIDGQGANEQFF	FEYVSQPFL
CASSLARGGYGYTF	FEYVSQPFL
CASSSLDRGPGANVLTF	FEYVSQPFL
CSAREAVGYPYEQYF	FEYVSQPFL
CAIGDSARGNEQFF	FEYVSQPFL
CSARDTALTQIEQYF	FEYVSQPFL
CSACDRRLAGGTDTQYF	FEYVSQPFL
CASIGGTGELFF	FEYVSQPFL
CASSIRLADNEQFF	FEYVSQPFL
CASSHRTEPTFTDTQYF	FEYVSQPFL
CASSLEQNTGELFF	FEYVSQPFL
CASSEAQLYEQYF	FEYVSQPFL
CSARFPEAFF	FEYVSQPFL
CASTPLSGTSYNEQFF	FEYVSQPFL
CATSDPRLARGVDTQYF	FEYVSQPFL
CASSQSVVVGAVDEQFF	FEYVSQPFL
CASSLQGFTEAFF	FEYVSQPFL
CASSFPGTGSEQYF	FEYVSQPFL
CASSPYLGPLDNIQYF	FEYVSQPFL
CASSEFGTKTYNEQFF	FEYVSQPFL
CASSQDWGGVGQFF	FEYVSQPFL
CASSQDLGSSYNEQFF	FEYVSQPFL
CASSFWLAGPTYEQYF	FEYVSQPFL
CASSYSAPGGSYNEQFF	FEYVSQPFL
CASSLVSSGSYNEQFF	FEYVSQPFL
CASSLSSQGNYEQYF	FEYVSQPFL
CASSLSPYEQYF	FEYVSQPFL
CASSLVGAGSYNEQFF	FEYVSQPFL
CASSLGDLGTTEAFF	FEYVSQPFL
CASSPLLNSYNEQFF	FEYVSQPFL
CASSLDGDSYNEQFF	FEYVSQPFL
CASSLIAGQGGEQYF	FEYVSQPFL
CASSYPGPTDTQYF	FEYVSQPFL
CASSPYPTGSNTEAFF	FEYVSQPFL
CASSQLDGNTEAFF	FEYVSQPFL
CSANPRGAMNTEAFF	FEYVSQPFL
CASSQVVASDYNEQFF	FEYVSQPFL
CASSPLTGNYNEQFF	FEYVSQPFL
CASSQDGRNTEAFF	FEYVSQPFL
CASSYSRDSLNGYTF	FEYVSQPFL
CASSELFGTLTYEQYF	FEYVSQPFL
CASSPLTGTSTDTQYF	FEYVSQPFL
CASSLEGTGVGYTF	FEYVSQPFL
CASSQVVVSSYNEQFF	FEYVSQPFL
CASSPLLGPSGQPQHF	FEYVSQPFL
CASSAGVSTDTQYF	FEYVSQPFL
CASSPIAGAPSYNEQFF	FEYVSQPFL
CASSGLAGATYEQYF	FEYVSQPFL
CAISGETGGGTDTQYF	FEYVSQPFL
CASSTPGTGLYEQYF	FEYVSQPFL
CASSPLLEENYNEQFF	FEYVSQPFL
CASSQDLGSATYEQYF	FEYVSQPFL
CASSLAGRENEQFF	FEYVSQPFL
CASSFPVRVPNTGELFF	FEYVSQPFL
