CDR3	AA
CASSPGGNEQFF	DTDFVNEFYAY
CASRQGGNQPQHF	DTDFVNEFYAY
CASSPGGYEQYF	DTDFVNEFYAY
CASFRGGNTEAFF	DTDFVNEFYAY
CASSPGGGSYEQYF	DTDFVNEFYAY
CASTPQPNTGELFF	DTDFVNEFYAY
CASRQGGRDEQFF	DTDFVNEFYAY
CASQDGYNEQFF	DTDFVNEFYAY
CASSPGGGTEAFF	DTDFVNEFYAY
CASSPGGYEQYF	DTDFVNEFYAY
CASKVHSNTEAFF	DTDFVNEFYAY
CASSPGGLAISF	DTDFVNEFYAY
CASSPGGYEQYF	DTDFVNEFYAY
CASSPGTAYEQYF	DTDFVNEFYAY
CASSISQLFNNQPQHF	DTDFVNEFYAY
CASSSGWEQFF	DTDFVNEFYAY
CASSDLGLSSEQYF	DTDFVNEFYAY
CASRLGISYEQYF	DTDFVNEFYAY
CASSPGGTEAFF	DTDFVNEFYAY
CASTPSPVDVNYGYTF	DTDFVNEFYAY
CASSLGQGAAYEQYF	DTDFVNEFYAY
CASSGGGTEAFF	DTDFVNEFYAY
CASSPGGQVNTEAFF	DTDFVNEFYAY
CASSRGVNTEAFF	DTDFVNEFYAY
CASKGGGGTEAFF	DTDFVNEFYAY
CASSIGAAEGYTF	DTDFVNEFYAY
CASSKPRVRREGTGANVLTF	DTDFVNEFYAY
CASSPGGTEAFF	DTDFVNEFYAY
CASSLLQGANTEAFF	DTDFVNEFYAY
CASSPSHRNTGELFF	DTDFVNEFYAY
CASSYSGSSGGSIINEQFF	DTDFVNEFYAY
CASSPGGYNEKLFF	DTDFVNEFYAY
CAISEQNQPQHF	DTDFVNEFYAY
CASSQAGTGLNTSPLHF	DTDFVNEFYAY
CAISESGTGSFQQGSGANVLTF	DTDFVNEFYAY
CASSIVPGLFSGANVLTF	DTDFVNEFYAY
CSVLKQGADGYTF	DTDFVNEFYAY
CASSPGGGSYGYTF	DTDFVNEFYAY
CASSPGGGNTEAFF	DTDFVNEFYAY
CASSGLKGEGYGYTF	DTDFVNEFYAY
CASSRGGGFMNTEAFF	DTDFVNEFYAY
CASSPGGNEQFF	DTDFVNEFYAY
CASSPGGLQFSQYF	DTDFVNEFYAY
CASSITPDSPADGYTF	DTDFVNEFYAY
CASSLGTVNEKLFF	DTDFVNEFYAY
CASSPSGQVGTEAFF	DTDFVNEFYAY
CASSPGGEKLFF	DTDFVNEFYAY
CASSPGGGELFF	DTDFVNEFYAY
CASSFRTNTGELFF	DTDFVNEFYAY
CASRFPGDGYTF	DTDFVNEFYAY
CASSEGGRELWADTQYF	DTDFVNEFYAY
CASSGTGVGYTF	DTDFVNEFYAY
CASSIVPSGYSNQPQHF	DTDFVNEFYAY
CASSGGGNTIYF	DTDFVNEFYAY
CASSPGGNTIYF	DTDFVNEFYAY
CASTPGQATEAFF	DTDFVNEFYAY
CASKGLRDTEAFF	DTDFVNEFYAY
CASSPGGNTIYF	DTDFVNEFYAY
CASSSGSSYEQYF	DTDFVNEFYAY
CASSPGGDGYTF	DTDFVNEFYAY
CASSPPGPYYEQYF	DTDFVNEFYAY
CAISEWTGGGSYNSPLHF	DTDFVNEFYAY
CASSFSGPQTNEQFF	DTDFVNEFYAY
CASSPGQGALGYEQYF	DTDFVNEFYAY
CASSRGGTEAFF	DTDFVNEFYAY
CASSPGGEKLFF	DTDFVNEFYAY
CASSQGSYGYTF	DTDFVNEFYAY
CASSPGGTEAFF	DTDFVNEFYAY
CASRSPGPRLAKNIQYF	DTDFVNEFYAY
CASSEYLGSYEQYF	DTDFVNEFYAY
CASSPGGGEQYF	DTDFVNEFYAY
CAISESVERAGDSPLHF	DTDFVNEFYAY
CASSPGGNTIYF	DTDFVNEFYAY
CASSHGGTEAFF	DTDFVNEFYAY
CASSRGGLTEAFF	DTDFVNEFYAY
CASSGGTDTQYF	DTDFVNEFYAY
CASSSTSGSSYNEQFF	DTDFVNEFYAY
CASSIFAGGYLNEQFF	DTDFVNEFYAY
CASSPTGPGYTF	DTDFVNEFYAY
CASSPGQAWMNTEAFF	DTDFVNEFYAY
