CDR3	AA
CASSYPLPEGGPVQPQHF	ATSRTLSYY
CASTTSGSSYEQYF	ATSRTLSYY
CASSLRWETHEQYF	ATSRTLSYY
CAWRNPTGPLSGNEQFF	ATSRTLSYY
CAWRSVGYNEQFF	ATSRTLSYY
CASSPGGSPGAEAFF	ATSRTLSYY
CASSSMDRSGSNPYEQYF	ATSRTLSYY
CASSLRFTGSFGLGYTF	ATSRTLSYY
CASSQERHDEKLFF	ATSRTLSYY
CASSFPSGSPNYEQYF	ATSRTLSYY
CASSFFAGGLSTEAFF	ATSRTLSYY
CASSSMANQETQYF	ATSRTLSYY
CASSRQISDTQYF	ATSRTLSYY
CASSLISGGITDTQYF	ATSRTLSYY
CASSLSGTQETQYF	ATSRTLSYY
CASSEAIGELFF	ATSRTLSYY
CASSFGGGAADTQYF	ATSRTLSYY
CATMAGLSEKLFF	ATSRTLSYY
CASSTGTRWDGGTGELFF	ATSRTLSYY
CASSPPGLAVNEQFF	ATSRTLSYY
CASSFIVVGDEGYTF	ATSRTLSYY
CASSRGQRAFQETQYF	ATSRTLSYY
CSARDGGTGFQPQHF	ATSRTLSYY
CASSDPGQSDEQYF	ATSRTLSYY
CASSLVGADTQYF	ATSRTLSYY
CASQGLMNTGELFF	ATSRTLSYY
CASSYQTTGLVYNEQFF	ATSRTLSYY
CASSLFGQGTSGITNEQFF	ATSRTLSYY
CASSEGQGYEKLFF	ATSRTLSYY
CASSLVVHSGNTIYF	ATSRTLSYY
CASSPAGVNTEAFF	ATSRTLSYY
CASSLASAYNEQFF	ATSRTLSYY
CASSLARANTGLVGETQYF	ATSRTLSYY
CASSLIQASEAFF	ATSRTLSYY
CASSLDGAYEAFF	ATSRTLSYY
CASSLAEHEQFF	ATSRTLSYY
CASSLTGTQTDTQYF	ATSRTLSYY
CASSPRDSTYEQYF	ATSRTLSYY
CASSVGNPGDTQYF	ATSRTLSYY
CASSQEPGLAGGPFEQFF	ATSRTLSYY
CASANQGARPEKLFF	ATSRTLSYY
CASSFFPGELFF	ATSRTLSYY
CASIGTTYEQYF	ATSRTLSYY
CASSVAGEYGYTF	ATSRTLSYY
CASSQKTGPQSLSYEQYF	ATSRTLSYY
CASSQDGGPSTYEQYF	ATSRTLSYY
