CDR3	AA
CASSSPSRSFDEQYF	YPDKVFRSS
CASSYSNANYGYTF	YPDKVFRSS
CASSEEGAHNQPQHF	YPDKVFRSS
CASQLPGTSGTDTQYF	YPDKVFRSS
CASSSSPGGYEQYF	YPDKVFRSS
CATFDRLLWSQHF	YPDKVFRSS
CASRERIYNEQFF	YPDKVFRSS
CASSSGRGNEKLFF	YPDKVFRSS
CASSLKGGQETQYF	YPDKVFRSS
CAISDIHSGANVLTF	YPDKVFRSS
CASSRGRVEAFF	YPDKVFRSS
CASSWGAGQPQHF	YPDKVFRSS
CASRHELALDSGANVLTF	YPDKVFRSS
CATSEALQETQYF	YPDKVFRSS
CASKIGSSYNEQFF	YPDKVFRSS
CASSVSLQFMNTEAFF	YPDKVFRSS
CASSPGAGEQYF	YPDKVFRSS
CASSYPQEEQFF	YPDKVFRSS
CASGHPPGPEFF	YPDKVFRSS
CASSLAGWSYEQYF	YPDKVFRSS
CASSLDGSYNEQFF	YPDKVFRSS
CASSLYFGLAGGPSSYNEQFF	YPDKVFRSS
CASSYRKTGGKETQYF	YPDKVFRSS
