CDR3	AA
CASSTAVYEQYF	FPQSAPHGVVF
CASSMTGGGQPQHF	FPQSAPHGVVF
CAISDGDRSNQPQHF	FPQSAPHGVVF
CASSLSGGTSSYNEQFF	FPQSAPHGVVF
CASSYSTFTDTQYF	FPQSAPHGVVF
CAISELWQETQYF	FPQSAPHGVVF
CASSADSNTEAFF	FPQSAPHGVVF
CASSPIQTATDTQYF	FPQSAPHGVVF
CTSSPGLAGASEQYF	FPQSAPHGVVF
CAIAQESGANVLTF	FPQSAPHGVVF
CASSYSTVTGELFF	FPQSAPHGVVF
CAWSVGPANEQFF	FPQSAPHGVVF
CSVEDGTGFYEQYF	FPQSAPHGVVF
CASSQGGVNTEAFF	FPQSAPHGVVF
CASSLTTEINEQFF	FPQSAPHGVVF
CASSEALEGETQYF	FPQSAPHGVVF
CASSQTGGGYGYTF	FPQSAPHGVVF
CSASDGGEIYNEQFF	FPQSAPHGVVF
CASSLIAGDDGGTQYF	FPQSAPHGVVF
CAIQAESNTGELFF	FPQSAPHGVVF
CASSQGYEQYF	FPQSAPHGVVF
CASSPYAGSEAFF	FPQSAPHGVVF
CASSLISSLTADQPQHF	FPQSAPHGVVF
CASSPNTGLAGTGELFF	FPQSAPHGVVF
CASSQDWTGNYEQYF	FPQSAPHGVVF
CSVEDFLDEQFF	FPQSAPHGVVF
CASSIPWGTEAFF	FPQSAPHGVVF
CASSQPVGGSTDTQYF	FPQSAPHGVVF
CASSWTSGGAYEQFF	FPQSAPHGVVF
CASSLGELNTEAFF	FPQSAPHGVVF
CSARDPLQDNTGELFF	FPQSAPHGVVF
CASSYPTGYEQYF	FPQSAPHGVVF
CASSEFAGGLEAFF	FPQSAPHGVVF
CASSLFGGSPEAFF	FPQSAPHGVVF
CASSYVAVTGEQFF	FPQSAPHGVVF
CASSIWTSGSGGQETQYF	FPQSAPHGVVF
CASSYGQGTPLHF	FPQSAPHGVVF
CASSEATGYNEQFF	FPQSAPHGVVF
CASRTYNEQFF	FPQSAPHGVVF
