CDR3	AA
CASSFEGIYIGNTIYF	DGVKHVYQL
CASSTHNLGGIRSPLHF	DGVKHVYQL
CASSPSIGDEQFF	DGVKHVYQL
CASSHWLERGGETQYF	DGVKHVYQL
CASTGPQETQYF	DGVKHVYQL
CASSLGTGSSYEQYF	DGVKHVYQL
CASSSWFLGGAGETQYF	DGVKHVYQL
CASSGGTLYYNEQFF	DGVKHVYQL
CASSSGQYSNQPQHF	DGVKHVYQL
CASSSGAFNTDTQYF	DGVKHVYQL
CASSSTDWGDEQFF	DGVKHVYQL
CASRRQGETQYF	DGVKHVYQL
CASSLEGNTEAFF	DGVKHVYQL
CASSHDGENIQYF	DGVKHVYQL
CACGTGMGNTIYF	DGVKHVYQL
CSVEGGVVVAEAFF	DGVKHVYQL
CASSLRGVSIYNEQFF	DGVKHVYQL
CASSLTPQGVWTDTQYF	DGVKHVYQL
CASSSAGETGELFF	DGVKHVYQL
CASSKRQGANTGELFF	DGVKHVYQL
CASSYLTGEKDEAFF	DGVKHVYQL
CASSESLGDEQYF	DGVKHVYQL
CASTPAGARTNTEAFF	DGVKHVYQL
CASRLGPANYEQYF	DGVKHVYQL
CASSTDPSYEQYF	DGVKHVYQL
CASSQDPLAGVYWNEQFF	DGVKHVYQL
CASSLDSSYEQYF	DGVKHVYQL
CASSLETGSYEQFF	DGVKHVYQL
CASSYSTRTEAFF	DGVKHVYQL
CASSYSAAGANVLTF	DGVKHVYQL
CASSTLAGDYNEQFF	DGVKHVYQL
CASSLRQGANTGELFF	DGVKHVYQL
CASSLDVSGQETQYF	DGVKHVYQL
CASPSGGYTSTDTQYF	DGVKHVYQL
CASSPDIAYEQYF	DGVKHVYQL
CASSLLSGSSYNEQFF	DGVKHVYQL
CASSSGTEAFF	DGVKHVYQL
CASSLREGSNTGELFF	DGVKHVYQL
CASSFSPSHGTIGSYEQYF	DGVKHVYQL
CASSTGPGDNYGYTF	DGVKHVYQL
CASSGSYNEQFF	DGVKHVYQL
CASSQDGGTYNEQFF	DGVKHVYQL
CAWSTGDYSNQPQHF	DGVKHVYQL
CASSFGQFQETQYF	DGVKHVYQL
CASSEVPQGIYNSPLHF	DGVKHVYQL
CARQVGYTEAFF	DGVKHVYQL
