CDR3	AA
CASSNGLRFF	NRDVDTDFVNEFY
CASSPSGGPANEQYF	NRDVDTDFVNEFY
CASRQGGNQPQHF	NRDVDTDFVNEFY
CASSPGGEKLFF	NRDVDTDFVNEFY
CATSAGSNVVNEQFF	NRDVDTDFVNEFY
CASSPVPWAYNTGELFF	NRDVDTDFVNEFY
CASSSAPGTYEQYF	NRDVDTDFVNEFY
CASSPGGNEQFF	NRDVDTDFVNEFY
CASSPGGWELFF	NRDVDTDFVNEFY
CASSTSEDTQYF	NRDVDTDFVNEFY
CASFGNTYEQYF	NRDVDTDFVNEFY
CASSTRRNPVAPFEGQYF	NRDVDTDFVNEFY
CASLGEGETQYF	NRDVDTDFVNEFY
CASSPGGTEAFF	NRDVDTDFVNEFY
CASSADMGYEKLFF	NRDVDTDFVNEFY
CASSIDPPRNEQFF	NRDVDTDFVNEFY
CASSHGGTEAFF	NRDVDTDFVNEFY
CASSSSGSYGYTF	NRDVDTDFVNEFY
CASSLGGGTEAFF	NRDVDTDFVNEFY
CASRSPGPRLAKNIQYF	NRDVDTDFVNEFY
CASSPTGTGYTF	NRDVDTDFVNEFY
CASSLSRNTEAFF	NRDVDTDFVNEFY
CASSPGGRNLHF	NRDVDTDFVNEFY
CASSPGGATLHF	NRDVDTDFVNEFY
CASSRGGTEAFF	NRDVDTDFVNEFY
CALQGEGTGELFF	NRDVDTDFVNEFY
CASSQEVGTCTDTQYF	NRDVDTDFVNEFY
CASSPGGTEAFF	NRDVDTDFVNEFY
CASSYSNREWGVVEKLFF	NRDVDTDFVNEFY
CASSPGGIEAFF	NRDVDTDFVNEFY
CASSLGQGAAYEQYF	NRDVDTDFVNEFY
CASSSSGTEAFF	NRDVDTDFVNEFY
CASSPLAQGTFQGYTF	NRDVDTDFVNEFY
CASSLGGGAYEQYF	NRDVDTDFVNEFY
CASKGALGTEAFF	NRDVDTDFVNEFY
CASSPGGSPLHF	NRDVDTDFVNEFY
CASSPGGAEAFF	NRDVDTDFVNEFY
CASRLGISYEQYF	NRDVDTDFVNEFY
CASSPGGDTIYF	NRDVDTDFVNEFY
CASSPGGGSYGYTF	NRDVDTDFVNEFY
CASSPGGGTEAFF	NRDVDTDFVNEFY
CASSLAQLNNTGELFF	NRDVDTDFVNEFY
CASSPGTVPEAFF	NRDVDTDFVNEFY
CASSGGGTEAFF	NRDVDTDFVNEFY
CASSPGGGEQYF	NRDVDTDFVNEFY
CASYWDGWSYNEQFF	NRDVDTDFVNEFY
CASSPGGGELFF	NRDVDTDFVNEFY
CASRQGGRDEQFF	NRDVDTDFVNEFY
CASSLLQGANTEAFF	NRDVDTDFVNEFY
CSVLTGGGYTF	NRDVDTDFVNEFY
CASSPGGQGYTF	NRDVDTDFVNEFY
CASSPGGAEAFF	NRDVDTDFVNEFY
CASSAQYLGGNNEQFF	NRDVDTDFVNEFY
CASSPGGMQLFF	NRDVDTDFVNEFY
CSARDQTGGGQPQHF	NRDVDTDFVNEFY
CASSGGGNTIYF	NRDVDTDFVNEFY
CASSGSSGNSPLHF	NRDVDTDFVNEFY
CASKSGINTEAFF	NRDVDTDFVNEFY
CASSIGPSGISGNEQFF	NRDVDTDFVNEFY
CASSPGGLLGYTF	NRDVDTDFVNEFY
CASSFSGAGYTF	NRDVDTDFVNEFY
CASSQGSYGYTF	NRDVDTDFVNEFY
CAISENNQPQHF	NRDVDTDFVNEFY
CASKGLRDTEAFF	NRDVDTDFVNEFY
CASSFGGGAVNEQFF	NRDVDTDFVNEFY
CASSQDSPSTETQYF	NRDVDTDFVNEFY
CASSDRDGAYEQYF	NRDVDTDFVNEFY
CASSLWGQVSYEQYF	NRDVDTDFVNEFY
CSARAGLEQYF	NRDVDTDFVNEFY
CASSLARLAGTDTQYF	NRDVDTDFVNEFY
CASSLGQGTVNIQYF	NRDVDTDFVNEFY
CASLTGGGQPQHF	NRDVDTDFVNEFY
CASSRGGLTEAFF	NRDVDTDFVNEFY
CASSPGGTEAFF	NRDVDTDFVNEFY
CASSFGGGTYNEQFF	NRDVDTDFVNEFY
CASSEYLGSYEQYF	NRDVDTDFVNEFY
CASSLTGVGYTF	NRDVDTDFVNEFY
CASSASPTGPAEAFF	NRDVDTDFVNEFY
CASSPGTAYEQYF	NRDVDTDFVNEFY
CASSPSGPGYTF	NRDVDTDFVNEFY
CASRPGGLAGDEQYF	NRDVDTDFVNEFY
CASYEGGTEAFF	NRDVDTDFVNEFY
CASSRAAESRNEQFF	NRDVDTDFVNEFY
CASSPTGPGYTF	NRDVDTDFVNEFY
CASSFRTNTGELFF	NRDVDTDFVNEFY
CASSPTPLLSPGTEAFF	NRDVDTDFVNEFY
CAISEQNQPQHF	NRDVDTDFVNEFY
CASSPRPSGEQYF	NRDVDTDFVNEFY
CASSSPPAW	NRDVDTDFVNEFY
CASSPGGTEAFF	NRDVDTDFVNEFY
CASSPGGEKLFF	NRDVDTDFVNEFY
CASSPGGGTEAFF	NRDVDTDFVNEFY
CASSQDPPGQGADEQYF	NRDVDTDFVNEFY
CASSPGGGTEAFF	NRDVDTDFVNEFY
CASSILQWGNQPQHF	NRDVDTDFVNEFY
CASSPGGGELFF	NRDVDTDFVNEFY
CASSSTGIGYTF	NRDVDTDFVNEFY
CASSPGGYNEKLFF	NRDVDTDFVNEFY
CAISESVERAGDSPLHF	NRDVDTDFVNEFY
CASSRGGGNTEAFF	NRDVDTDFVNEFY
CASSPGGAEQFF	NRDVDTDFVNEFY
CASSPGGGSGEQYF	NRDVDTDFVNEFY
CASSPTGPGYTF	NRDVDTDFVNEFY
CASTRDPGGNEQFF	NRDVDTDFVNEFY
CASSPAAGTYNEQFF	NRDVDTDFVNEFY
CASSRGVNTEAFF	NRDVDTDFVNEFY
CASSLNRQTNTEAFF	NRDVDTDFVNEFY
CASSASGTWEYF	NRDVDTDFVNEFY
CASTGSGPPLHF	NRDVDTDFVNEFY
CASSTGSTEAFF	NRDVDTDFVNEFY
CASSVGASGGAYNEQFF	NRDVDTDFVNEFY
CASSPGGVEQYF	NRDVDTDFVNEFY
CASSPGGNGYTF	NRDVDTDFVNEFY
CASSPGQAWMNTEAFF	NRDVDTDFVNEFY
CASSGGTDTQYF	NRDVDTDFVNEFY
CASSPSGQVGTEAFF	NRDVDTDFVNEFY
CASSPGGDEQYF	NRDVDTDFVNEFY
CASSQSPRGGRSYEQYF	NRDVDTDFVNEFY
CASSSTSGSSYNEQFF	NRDVDTDFVNEFY
CASSPGGTEAFF	NRDVDTDFVNEFY
CASKVHSNTEAFF	NRDVDTDFVNEFY
CASSLDTTRKNIQYF	NRDVDTDFVNEFY
CAISESGTGSFQQGSGANVLTF	NRDVDTDFVNEFY
CASSIVPGAYSTDTQYF	NRDVDTDFVNEFY
CASSPGGGKLFF	NRDVDTDFVNEFY
CASSQSRAPGYGYTF	NRDVDTDFVNEFY
CASSIQGLLPLNEQFF	NRDVDTDFVNEFY
CASSPGGTEAFF	NRDVDTDFVNEFY
CASSPSGARMYF	NRDVDTDFVNEFY
CASSPGGFPDTQYF	NRDVDTDFVNEFY
