CDR3	AA
CASSAGTGGNEQFF	FLWLLWPVT
CASSLSNGPYEQYF	FLWLLWPVT
CASSLLEETQYF	FLWLLWPVT
CASSIRGWYEQYF	FLWLLWPVT
CSARDGTVGYEQYF	FLWLLWPVT
CASSWYEGTEAFF	FLWLLWPVT
CATSDLEGQETQYF	FLWLLWPVT
CASSPTGDTEAFF	FLWLLWPVT
CASSYSLGRTGELFF	FLWLLWPVT
CASSGRNDEQYF	FLWLLWPVT
CASSPGFYPSYEQYF	FLWLLWPVT
CASSWDRDAMLGGNTIYF	FLWLLWPVT
CASSWELNTGELFF	FLWLLWPVT
CASSILGGDNEQFF	FLWLLWPVT
CASSAIPPGRTNEKLFF	FLWLLWPVT
CASSSFGTGELFF	FLWLLWPVT
CASTLAGGSDTQYF	FLWLLWPVT
CSVVGKGSYNEQFF	FLWLLWPVT
CASSLWRTGMTEAFF	FLWLLWPVT
CASSLGPGSPYEQYF	FLWLLWPVT
CASSPVPVHTDTQYF	FLWLLWPVT
CASQGYLSYEQYF	FLWLLWPVT
CASSSNRGVSGETQYF	FLWLLWPVT
CASRAVYNEQFF	FLWLLWPVT
CSVESSWTGNYGYTF	FLWLLWPVT
CASSYPYGTDGETQYF	FLWLLWPVT
CASSFGVEQFF	FLWLLWPVT
CASTGQSGELFF	FLWLLWPVT
CASSVAQGDHTIYF	FLWLLWPVT
CASSFQGSGNTIYF	FLWLLWPVT
CALAGLNPNEQFF	FLWLLWPVT
CASSSLAGDYNEQFF	FLWLLWPVT
CASSPGLAGGPGYTDTQYF	FLWLLWPVT
CASTGGYGEQFF	FLWLLWPVT
CASSPPGTEAFF	FLWLLWPVT
CASSQDRSSSYEQYF	FLWLLWPVT
CASSLGAGNQPQHF	FLWLLWPVT
CASSLETSSYEQYF	FLWLLWPVT
CASSFHGQGTDGYTF	FLWLLWPVT
CASSQDPLSTSSYEQYF	FLWLLWPVT
CASSVAVAYEQYF	FLWLLWPVT
CATSDLVGITDTQYF	FLWLLWPVT
CATSDFDRGLSETQYF	FLWLLWPVT
CASRGQGFSHEQFF	FLWLLWPVT
CSATPLGVEQFF	FLWLLWPVT
CASSYDNYGYTF	FLWLLWPVT
CASSLDGTSNYGYTF	FLWLLWPVT
CASSFGTGAPGETQYF	FLWLLWPVT
CASWTGGEAFF	FLWLLWPVT
CASSFAGTTSPLHF	FLWLLWPVT
CASSYSPGAEHYGYTF	FLWLLWPVT
CASSSSPSPEQFF	FLWLLWPVT
CASTFGPYNSPLHF	FLWLLWPVT
CASSPTHPNEQFF	FLWLLWPVT
CASSSTGFTEAFF	FLWLLWPVT
CASSPSRTGNEKLFF	FLWLLWPVT
CASSGTASTDTQYF	FLWLLWPVT
CASSLSNEQYF	FLWLLWPVT
CSVDLVVQGTYNEQFF	FLWLLWPVT
CASSLWEGAMDYGYTF	FLWLLWPVT
CASSIGVGEAFF	FLWLLWPVT
CASSLAFGDGYTF	FLWLLWPVT
CATSHVGVIYGYTF	FLWLLWPVT
CASSYLGQPQHF	FLWLLWPVT
CASSLLSGSGVVETQYF	FLWLLWPVT
CASSPSYSGANVLTF	FLWLLWPVT
CASSYSPGEQYF	FLWLLWPVT
CATQDGGFGYTF	FLWLLWPVT
CASSQYGPGQLNEKLFF	FLWLLWPVT
CASSSQPQHF	FLWLLWPVT
CASSYALGARSSYNEQFF	FLWLLWPVT
CASSDIWGTNYEQYF	FLWLLWPVT
CASSLFLRDGDYGYTF	FLWLLWPVT
CASSQVLSGGAHEQYF	FLWLLWPVT
CASSLLYYEQYF	FLWLLWPVT
CASSDLGSSGYTF	FLWLLWPVT
CASSAQQRGPNYNEQFF	FLWLLWPVT
CASSPSGAGEQFF	FLWLLWPVT
CASSFLLAGGPHEQYF	FLWLLWPVT
CASRRLGGVYEQYF	FLWLLWPVT
CASSWPSSYEQYF	FLWLLWPVT
CASSYGLGADTQYF	FLWLLWPVT
CASSYGLTNTGELFF	FLWLLWPVT
CASTQSRWSYNEQFF	FLWLLWPVT
CASSLEGYQETQYF	FLWLLWPVT
CATSSGLAGSTDTQYF	FLWLLWPVT
CASSLRGSREQYF	FLWLLWPVT
CASIPQGGETQYF	FLWLLWPVT
CASSRRQDGEHTGELFF	FLWLLWPVT
CASSLWDAVQETQYF	FLWLLWPVT
CASSSLRTGRDIQYF	FLWLLWPVT
CASSTTGGAYYGYTF	FLWLLWPVT
CASSFSGLIGYTF	FLWLLWPVT
CSAIPVSESYEQYF	FLWLLWPVT
CASSLVHHGTTDYEQYF	FLWLLWPVT
CASSPGLAGVEQYF	FLWLLWPVT
CASSFPDREGPQETQYF	FLWLLWPVT
CASTIDRGETQYF	FLWLLWPVT
CSARGGLAGAFQETQYF	FLWLLWPVT
CASSLAGGYDEQFF	FLWLLWPVT
CASSRHPLAGDYNEQFF	FLWLLWPVT
CASSLESASSYNEQFF	FLWLLWPVT
CASTSSNEQFF	FLWLLWPVT
CSARDPKGGGGYEQYF	FLWLLWPVT
CASTSSNEQYF	FLWLLWPVT
CASSIWGDTQYF	FLWLLWPVT
CASSFLLAGGPTDTQYF	FLWLLWPVT
CASSLMGTTQYF	FLWLLWPVT
CASSLVFGELFF	FLWLLWPVT
CASTNQPQSPNGYTF	FLWLLWPVT
CASSQVAGDTYNEQFF	FLWLLWPVT
CASSLSVPPYEQYF	FLWLLWPVT
CASSKDIGPQETQYF	FLWLLWPVT
CASSESGLGTHTDTQYF	FLWLLWPVT
CASSQGLAGGPSGETQYF	FLWLLWPVT
CASSVIEGGTEAFF	FLWLLWPVT
CASSQEDETQYF	FLWLLWPVT
CASSFLQALYNEQFF	FLWLLWPVT
CASAGTGDQETQYF	FLWLLWPVT
CAISDFGSGGPTTYEQYF	FLWLLWPVT
CASRAGLHAYEQYF	FLWLLWPVT
CASSIGGAPYGYTF	FLWLLWPVT
CASGDLAGGPNNEQFF	FLWLLWPVT
CASSQEGNEQFF	FLWLLWPVT
CSVGGGTRNYYNEQFF	FLWLLWPVT
CASSSDPRFYNSPLHF	FLWLLWPVT
CASSLGGGELTLKPNPKETQYF	FLWLLWPVT
CASSVPGLYYTF	FLWLLWPVT
CASSVFDRDPSNEQFF	FLWLLWPVT
CASSIGSPGANVLTF	FLWLLWPVT
CASSEGGRSYEQYF	FLWLLWPVT
CASGTAGEPQHF	FLWLLWPVT
CSARDLAGATSYEQYF	FLWLLWPVT
CASSLPSYNEQFF	FLWLLWPVT
CASSYWTNGYTF	FLWLLWPVT
CASKGTSFEQYF	FLWLLWPVT
CASSVYGLTDTQYF	FLWLLWPVT
CASTSFSGGSGYEQFF	FLWLLWPVT
CASSVADSNYGYTF	FLWLLWPVT
CSAEPLAGGSYEQYF	FLWLLWPVT
CASSFEGPDTEAFF	FLWLLWPVT
CASSFLRAGGPEDQYF	FLWLLWPVT
CASSANQPQHF	FLWLLWPVT
CASSQDRRQLNQPQHF	FLWLLWPVT
CASSAFEGGAYNEQFF	FLWLLWPVT
CASSLGRAAFTSGNTIYF	FLWLLWPVT
CASSLGPNTEAFF	FLWLLWPVT
CASNGQGNPYEQYF	FLWLLWPVT
CASSFAYGSGAEAFF	FLWLLWPVT
CSARDGTASNLNTEAFF	FLWLLWPVT
CASSLGIGNQPQHF	FLWLLWPVT
CASSSGQGLDTQYF	FLWLLWPVT
CASSYPGTGVYEQYF	FLWLLWPVT
CASSLAGDGGPAGYTF	FLWLLWPVT
CASSPGTSGWQETQYF	FLWLLWPVT
CASRLNTEAFF	FLWLLWPVT
CASSLTGNTEAFF	FLWLLWPVT
CASRPGTSGTDTQYF	FLWLLWPVT
CASSPPSSGELFF	FLWLLWPVT
CASSWTGNADGYTF	FLWLLWPVT
CASSYSLAGDGELFF	FLWLLWPVT
CASTQGETQYF	FLWLLWPVT
CASNLAGSYNEQFF	FLWLLWPVT
CASSYQGQGAGEQYF	FLWLLWPVT
CASSEPPGQGAGELFF	FLWLLWPVT
CASGARSYTDTQYF	FLWLLWPVT
CAINEERPYEQYF	FLWLLWPVT
CASTYTGELFF	FLWLLWPVT
CASSQVEGTEAFF	FLWLLWPVT
CSVEGYTQEGNYGYTF	FLWLLWPVT
CASSLSNVLTF	FLWLLWPVT
CASSLWGYEQYF	FLWLLWPVT
CASSQGPWTGTWVEQYF	FLWLLWPVT
CASSTIAGDYEQYF	FLWLLWPVT
CASGEWADTQYF	FLWLLWPVT
CASSLRAGEGEQFF	FLWLLWPVT
CASSQEHPGETQYF	FLWLLWPVT
CALHPTPGQGGNSPLHF	FLWLLWPVT
CASSLLGGELFF	FLWLLWPVT
CASSSGPGGLNEQFF	FLWLLWPVT
CASSPANEQYF	FLWLLWPVT
CASSQDPRLAGSADTQYF	FLWLLWPVT
CASSSRTATGELFF	FLWLLWPVT
CASSDSKGSGRPSGRVNEQFF	FLWLLWPVT
CASSPGTGGQETQYF	FLWLLWPVT
CAIRDNLNTEAFF	FLWLLWPVT
CASSTGVGGANVLTF	FLWLLWPVT
CATSRIPGQGANTEAFF	FLWLLWPVT
CASSPTGLHEQFF	FLWLLWPVT
CASSDLGETQYF	FLWLLWPVT
CASSPINRGTGGYTF	FLWLLWPVT
CASTPTGSMNTEAFF	FLWLLWPVT
CASSFRLGGELFF	FLWLLWPVT
CASSLIGGSGANVLTF	FLWLLWPVT
CASSEVIVREGDYGYTF	FLWLLWPVT
CASSTGQGADTQYF	FLWLLWPVT
CASSQDPPGTAHTDTQYF	FLWLLWPVT
CASSLGTLGAAGGLRYNEQFF	FLWLLWPVT
CASSTRQGAYEQYF	FLWLLWPVT
CASSLALAGDPTNEKLFF	FLWLLWPVT
CASSPTSSETQYF	FLWLLWPVT
CASSPSPLQALNTEAFF	FLWLLWPVT
CSARDGAGVNYEQYF	FLWLLWPVT
CASSGFSLNTEAFF	FLWLLWPVT
CASSLWTSGTDTQYF	FLWLLWPVT
CASSVEGTAGILLGYEQFF	FLWLLWPVT
CASSVAEGGTEAFF	FLWLLWPVT
CASSFGGELFF	FLWLLWPVT
CASSSPPGYPYEQYF	FLWLLWPVT
CASSSTRPGSASTDTQYF	FLWLLWPVT
CASRGGGESYEQYF	FLWLLWPVT
CASSLLRPSGANVLTF	FLWLLWPVT
CASRRTAYGYTF	FLWLLWPVT
CASSEGLAGFTGELFF	FLWLLWPVT
CASSLGVEQYF	FLWLLWPVT
CASSQEWGGVSPLHF	FLWLLWPVT
CASSHETHGNTIYF	FLWLLWPVT
CASSYKASNQPQHF	FLWLLWPVT
CASNPTGLISNQPQHF	FLWLLWPVT
CASSQEMPNEQFF	FLWLLWPVT
CASSQVYTLELFF	FLWLLWPVT
CASSDLRMGYTF	FLWLLWPVT
CASSILGEYNEQFF	FLWLLWPVT
CASSSGQGYEQYF	FLWLLWPVT
CASTTGNEQFF	FLWLLWPVT
CASSVEGLNTEAFF	FLWLLWPVT
CSARDTRASYEQYF	FLWLLWPVT
CASSKGLAEPYNEQFF	FLWLLWPVT
CSVVGPLEQYF	FLWLLWPVT
CASSSWGAGDTQYF	FLWLLWPVT
CASSFALDEAFF	FLWLLWPVT
CASSPSGTSGRPTRKAGRNEQFF	FLWLLWPVT
CSARDGNTGELFF	FLWLLWPVT
CSAPLKANSYEQYF	FLWLLWPVT
CASNSENTDTQYF	FLWLLWPVT
CASSPYLGNGELFF	FLWLLWPVT
CASSPAGLYEQYF	FLWLLWPVT
CASSFVGGLYEQYF	FLWLLWPVT
CASSLGTGESYEQYF	FLWLLWPVT
CASSLALPTEGLAGEEETQYF	FLWLLWPVT
CASSQQPSGGGSSYEQYF	FLWLLWPVT
CASSPGTGLADVVTQYF	FLWLLWPVT
CASRGTSGNYEQYF	FLWLLWPVT
CASSHIGQGADEQYF	FLWLLWPVT
CASSLNNEQFF	FLWLLWPVT
CASSLVAGDEKLFF	FLWLLWPVT
CASSLGILGTEAFF	FLWLLWPVT
CASSFLGASGIGAETQYF	FLWLLWPVT
CASSYALGSGSSHEQFF	FLWLLWPVT
CASSQERTGGTEAFF	FLWLLWPVT
CASKRTSGEVGTGELFF	FLWLLWPVT
CASSFRTDSYNEQFF	FLWLLWPVT
CAWTEDRGSPLHF	FLWLLWPVT
CASSQDITGELFF	FLWLLWPVT
CASSYTPPGGVPFYEQYF	FLWLLWPVT
CSVEHGGGTQYF	FLWLLWPVT
CASSLPGSYEQYF	FLWLLWPVT
CASSLYQTPREQYF	FLWLLWPVT
CAISETGSGNTIYF	FLWLLWPVT
CASSQDNSPFYNEQFF	FLWLLWPVT
CASSEFGGGYTF	FLWLLWPVT
CASSPWLGAQYF	FLWLLWPVT
CASPGGTIEQYF	FLWLLWPVT
CASSHSGAESFF	FLWLLWPVT
CSVVGPPSSYNEQFF	FLWLLWPVT
CATGNGGGYTF	FLWLLWPVT
CASSPSPYEQYF	FLWLLWPVT
CASSFSAGGLVNSPLHF	FLWLLWPVT
CASSHWLGEETQYF	FLWLLWPVT
CASSSYGTHNEQFF	FLWLLWPVT
CASSLPQDTQYF	FLWLLWPVT
CASSSLAGAGTGELFF	FLWLLWPVT
CASSEVAGGLTDTQYF	FLWLLWPVT
CASSPGGAYEQYF	FLWLLWPVT
CASVAESEKLFF	FLWLLWPVT
CASSFGYLGTQYF	FLWLLWPVT
CASSPQLNEKLFF	FLWLLWPVT
CAISENLQAFF	FLWLLWPVT
CASSSPRDREDSPLHF	FLWLLWPVT
CASSFVRRGRNTEAFF	FLWLLWPVT
CASTETGGPPYEQYF	FLWLLWPVT
CASKMRGGLREQYF	FLWLLWPVT
CASSVAGTGDPGNTIYF	FLWLLWPVT
CASSLGPGTGDQPQHF	FLWLLWPVT
CASSYWGGVDQETQYF	FLWLLWPVT
CASSRRGDEQYF	FLWLLWPVT
CASSIASGTVNQQFF	FLWLLWPVT
CASSPWDRVNEQFF	FLWLLWPVT
CASSPQGNIQYF	FLWLLWPVT
CASSLILRDTQYF	FLWLLWPVT
CASSETGVNSPLHF	FLWLLWPVT
CASSPSQEQYF	FLWLLWPVT
CASSYATGVEAFF	FLWLLWPVT
CASSVAEGPGELFF	FLWLLWPVT
CASSPVDSYEQYF	FLWLLWPVT
CASSPGQPQHF	FLWLLWPVT
CASSLWDLSGNTIYF	FLWLLWPVT
CASSLLLAGGIHEQYF	FLWLLWPVT
CASLGDAGLFGGYTF	FLWLLWPVT
CASRTDRENTEAFF	FLWLLWPVT
CASSPSTGNQETQYF	FLWLLWPVT
CASSAIEGNPTEQYF	FLWLLWPVT
CSAREGGLALWQFF	FLWLLWPVT
CASSQASNPDTQYF	FLWLLWPVT
CASSHSSGLAYNEQFF	FLWLLWPVT
CASSLWGTSSNNEQFF	FLWLLWPVT
CASSLSGRASYNEQFF	FLWLLWPVT
CASSAGTLYNEQFF	FLWLLWPVT
CASSLRGAFHEQYF	FLWLLWPVT
CASSFMGPLYGYTF	FLWLLWPVT
CASSQDTPDTQYF	FLWLLWPVT
CASGPDRSSYNEQFF	FLWLLWPVT
CASSQDASYYGYTF	FLWLLWPVT
CASTSAVGLAGVDEQFF	FLWLLWPVT
CASSLGLVSYEQYF	FLWLLWPVT
CASSVGNGEQFF	FLWLLWPVT
CSVLDTRYEQYF	FLWLLWPVT
CSVIGTSGLTYNEQFF	FLWLLWPVT
CASYLPTGELFF	FLWLLWPVT
CASSPWESGELFF	FLWLLWPVT
CASSYGGGGDTEAFF	FLWLLWPVT
CASSLLGPHEQYF	FLWLLWPVT
CASSLWGLARNEQFF	FLWLLWPVT
CASSLTGDTEAFF	FLWLLWPVT
CAWNGDTQYF	FLWLLWPVT
CASSPNQPQHF	FLWLLWPVT
CASSLGADTQYF	FLWLLWPVT
CASSPTGRGTQYF	FLWLLWPVT
CASSLRGSWDTIYF	FLWLLWPVT
CATSGVGTGVYEQYF	FLWLLWPVT
CASSQYRGEETQYF	FLWLLWPVT
CASSELSPMETQYF	FLWLLWPVT
CASSQEGGDHEAFF	FLWLLWPVT
CASSPGSVGNEQFF	FLWLLWPVT
CASRGGGAPDTQYF	FLWLLWPVT
CASSTTGGSQPQHF	FLWLLWPVT
CASSLSSLAVTDTQYF	FLWLLWPVT
CASSSAGTGVGYTF	FLWLLWPVT
CATLGRGTGELFF	FLWLLWPVT
CASRGALAGEQYF	FLWLLWPVT
CASSVAGMGYGYTF	FLWLLWPVT
CASSAGRGQDPLNTEAFF	FLWLLWPVT
CATSRSTQYGTGGDTQYF	FLWLLWPVT
CASTLTGVASGEAFF	FLWLLWPVT
CASSFVTGGAHNEQFF	FLWLLWPVT
CASSELGGNTGELFF	FLWLLWPVT
CASSTSSPIAGGSTDTQYF	FLWLLWPVT
CATNLLPENTGELFF	FLWLLWPVT
CSARDHRTSGITDTQYF	FLWLLWPVT
CASSPIQGAASYEQYF	FLWLLWPVT
CASSPQVAGEIERSYEQYF	FLWLLWPVT
CSARGPLTARDSNQPQHF	FLWLLWPVT
CASSLGTSGSADTQYF	FLWLLWPVT
CASSESYEQYF	FLWLLWPVT
CASSLIGGPYNEQFF	FLWLLWPVT
CASSRPGLDPEYEQYF	FLWLLWPVT
CATSDLSSGGPTDTQYF	FLWLLWPVT
CASSSLTGGGETQYF	FLWLLWPVT
CASSQPTGVGETQYF	FLWLLWPVT
CASSLGETQYF	FLWLLWPVT
CSVPGLAGANYNEQFF	FLWLLWPVT
CASSNYKRAYNEQFF	FLWLLWPVT
CASSSGPEQYF	FLWLLWPVT
CASSLAWTSEETQYF	FLWLLWPVT
CASSPGNEQFF	FLWLLWPVT
CASSDGPYTEAFF	FLWLLWPVT
CASSLAPRGDEKLFF	FLWLLWPVT
CASSLAGISTDTQYF	FLWLLWPVT
CASSPLLPAGAGTDTQYF	FLWLLWPVT
CSARDPLALIQREQFF	FLWLLWPVT
CASSYYTQETQYF	FLWLLWPVT
CASSLADNEQFF	FLWLLWPVT
CSVAPGGVEGYTF	FLWLLWPVT
CASSIQGWEAEWELFF	FLWLLWPVT
CASSSTRLGETQYF	FLWLLWPVT
CASSQRPVQPQHF	FLWLLWPVT
CASSLDQPQHF	FLWLLWPVT
CASSLPGQEAFF	FLWLLWPVT
CASSPAGAETQYF	FLWLLWPVT
CASRPDRGREAFF	FLWLLWPVT
CASSFSGAYEQYF	FLWLLWPVT
CASSYRGSYEQYF	FLWLLWPVT
CASSDQLAGGYQETQYF	FLWLLWPVT
CASSFYLSPQETQYF	FLWLLWPVT
CASSLSGDIDEQFF	FLWLLWPVT
CASSQPGQGAYF	FLWLLWPVT
CSAAGTYNNEQFF	FLWLLWPVT
CASSEGGEQYF	FLWLLWPVT
CSVTTGSYGYTF	FLWLLWPVT
CASSLKPLDRTDTQYF	FLWLLWPVT
CSVVGLAGFSYNEQFF	FLWLLWPVT
CASSLIDRDGYTF	FLWLLWPVT
CASRAGASSYEQYF	FLWLLWPVT
CASSQIQGTSSYEQYV	FLWLLWPVT
CASSYGRINTEAFF	FLWLLWPVT
CASSLHPGGGGETQYF	FLWLLWPVT
CASTQSNEQFF	FLWLLWPVT
CSATAGISGDEQFF	FLWLLWPVT
CSAYLLAGGTYEQYF	FLWLLWPVT
RASSLRRGAEQYF	FLWLLWPVT
CASSLAGGGSETQYF	FLWLLWPVT
CASSYIGDTQYF	FLWLLWPVT
CATSRGVNPFTDTQYF	FLWLLWPVT
CASSLLGQGTEAFF	FLWLLWPVT
CASSLTKGAHGYTF	FLWLLWPVT
CSVAPPSGSFNEQFF	FLWLLWPVT
CASSSNLAGGTDTQYF	FLWLLWPVT
CASSEAFGQLDTEAFF	FLWLLWPVT
CASSPRGAGEADTQYF	FLWLLWPVT
CATSRDQGYAGELFF	FLWLLWPVT
CSVELLRTRGQETQYF	FLWLLWPVT
CASSEGLATYNEQFF	FLWLLWPVT
CASSPHNTGGNSPLHF	FLWLLWPVT
CASSLTSGNEQFF	FLWLLWPVT
CASSEEFTGLVTGELFF	FLWLLWPVT
CATSDLGTSGTSTDTQYF	FLWLLWPVT
CASSFSGSSYEQYF	FLWLLWPVT
CSANTGTSGRSTDTQYF	FLWLLWPVT
CATTPGVSTDTQYF	FLWLLWPVT
CASSLDQPQHF	FLWLLWPVT
CALQGLAGVKEQYF	FLWLLWPVT
CASSLSLYQGTGELFF	FLWLLWPVT
CSARAGTFYNEQFF	FLWLLWPVT
CASSKEYGERELSYEQYF	FLWLLWPVT
CASSLRGADNEQYF	FLWLLWPVT
CASSYWGGAGERETQYF	FLWLLWPVT
CASRIDSAAYEQYF	FLWLLWPVT
CATHLNGYTF	FLWLLWPVT
CASSEAAEQFF	FLWLLWPVT
CASSSGTGVTDTQYF	FLWLLWPVT
CASSPVHPGNTEAFF	FLWLLWPVT
CASSSPAGALNTGELFF	FLWLLWPVT
CASSFNRVEQFF	FLWLLWPVT
CASSYALGGGDSPLHF	FLWLLWPVT
CASSLEFPSSGRAETQYF	FLWLLWPVT
CASSQGTGGNTQYF	FLWLLWPVT
CSVDGRTSGYNEQFF	FLWLLWPVT
CAWSSLAGGRDEQFF	FLWLLWPVT
CASRDRAETQYF	FLWLLWPVT
CASSLLGSPLHF	FLWLLWPVT
CASSNRSGTSGSMSYEQYF	FLWLLWPVT
CASSQGLALSDTQYF	FLWLLWPVT
CASSSRTGSFDEQYF	FLWLLWPVT
CASSFGTNYGYTF	FLWLLWPVT
CASSPPFSGLGFEQFF	FLWLLWPVT
CASSPNNEQFF	FLWLLWPVT
CASSFEPSNYGYTF	FLWLLWPVT
CASSSDRGADTQYF	FLWLLWPVT
CASSFQGSMNTEAFF	FLWLLWPVT
CSARDSVGSSYEQYF	FLWLLWPVT
CASSNGGATEAFF	FLWLLWPVT
CASSRGAEQFF	FLWLLWPVT
CSARAGQINEKLFF	FLWLLWPVT
CASSQVYGVQPQHF	FLWLLWPVT
CASSEPSLQGRGYTF	FLWLLWPVT
CASSFSYEQYF	FLWLLWPVT
CASRPGGMGVASPLHF	FLWLLWPVT
CASTMEGNTEAFF	FLWLLWPVT
CASSDWTNTEAFF	FLWLLWPVT
CASSLSTPGAVDGYTF	FLWLLWPVT
CASSFLDWSNTEAFF	FLWLLWPVT
CASSFGGGFNYEQYF	FLWLLWPVT
CASSQDLTAYEQYF	FLWLLWPVT
CASSRGLAGMDTQYF	FLWLLWPVT
CASSPVADTQYF	FLWLLWPVT
CASSLPKDPFNEQFF	FLWLLWPVT
CASSPRDRGETQYF	FLWLLWPVT
CASSFLKMYQETQYF	FLWLLWPVT
CASSQDRGWVYGYTF	FLWLLWPVT
CASSLGTGTGFYEQYF	FLWLLWPVT
CAAGTGTYNEQFF	FLWLLWPVT
CATSDLGQENYGYTF	FLWLLWPVT
CAVRRENTGELFF	FLWLLWPVT
CASSKPGLAGPLGEQYF	FLWLLWPVT
CASSQEGRGDTEAFF	FLWLLWPVT
CASSKYLGGFREKLFF	FLWLLWPVT
CASSSSAYSNQPQHF	FLWLLWPVT
CASSYAGVNEKLFF	FLWLLWPVT
CRALNEQFF	FLWLLWPVT
CASSKVFSSGSGYEQFF	FLWLLWPVT
CASSLGQGNTEAFF	FLWLLWPVT
CASSPDQPQHF	FLWLLWPVT
CASSVGREVPYNEQFF	FLWLLWPVT
CASSQNPGQGNTEAFF	FLWLLWPVT
CASSGTGYEQPQHF	FLWLLWPVT
CASSDAGSTYEQYF	FLWLLWPVT
CASSFRGAGNTIYF	FLWLLWPVT
CAWSLGTASFFYGYTF	FLWLLWPVT
CASSLLAPKGPDTQYF	FLWLLWPVT
CASSFSPGEQFF	FLWLLWPVT
CAALENTGELFF	FLWLLWPVT
CATSDLALTSGGSSTDTQYF	FLWLLWPVT
CASSPSLAGELDTQYF	FLWLLWPVT
CASSDPTRPDTQYF	FLWLLWPVT
CAIRGDEGQETQYF	FLWLLWPVT
CASSPQGDTQYF	FLWLLWPVT
CASSTPQGFYNSPLHF	FLWLLWPVT
CASSYSLGLAGGTSRTDTQYF	FLWLLWPVT
CAIRLGGGTPDTQYF	FLWLLWPVT
CASSNSGSQADTQYF	FLWLLWPVT
CATRRQGLNTEAFF	FLWLLWPVT
CASSPGRVSGITGELFF	FLWLLWPVT
CATNPASGAYEQYF	FLWLLWPVT
CASSTIGLVGSYEQYF	FLWLLWPVT
CASSSAGTDTQYF	FLWLLWPVT
CASSHTTTPGQVRSFF	FLWLLWPVT
CASSYLPTGPQPQHF	FLWLLWPVT
CASSLSTGLAYEQYF	FLWLLWPVT
CASSPAPQGGETQYF	FLWLLWPVT
CASSSTGIGGTGELFF	FLWLLWPVT
CASSLSGELFF	FLWLLWPVT
CAISELGVVYEQYF	FLWLLWPVT
CASSPRGTGNTIYF	FLWLLWPVT
CSVQGLAGVFTDTQYF	FLWLLWPVT
CASSKNHGMNTEAFF	FLWLLWPVT
CSVGTGGTEAFF	FLWLLWPVT
CASSLNNEQFF	FLWLLWPVT
CASRPTSGRPFFSF	FLWLLWPVT
CASSRTESNEQFF	FLWLLWPVT
CATSDFSGNNEQFF	FLWLLWPVT
CASSFGPGTQYF	FLWLLWPVT
CASSLLSGEQPQHF	FLWLLWPVT
CASRPQGDTQYF	FLWLLWPVT
CASSSRPRGSSYEQYF	FLWLLWPVT
CASSGHGLYTGELFF	FLWLLWPVT
CASSLSNEQFF	FLWLLWPVT
CATSDLAGGTSTDTQYF	FLWLLWPVT
CASSNTRDYTF	FLWLLWPVT
CASSRGPGSYNEQFF	FLWLLWPVT
CASSLGAGVFQETQYF	FLWLLWPVT
CATGKTSGRTDTQYF	FLWLLWPVT
CASSIGPGQGLSSYNSPLHF	FLWLLWPVT
CASSDRDRGYEQYF	FLWLLWPVT
CASSLTLAELFF	FLWLLWPVT
CASSLGARAYEQYF	FLWLLWPVT
CASSQEEDEQFF	FLWLLWPVT
CASSGTSGIRNEQFF	FLWLLWPVT
CASSSSGGSTDTQYF	FLWLLWPVT
CASSLSGTGVTEAFF	FLWLLWPVT
CASSHELNHNEQFF	FLWLLWPVT
CASSERLAGVSYEQYF	FLWLLWPVT
CASSQDISWGMNTGELFF	FLWLLWPVT
CASSQASGGLWDTQYF	FLWLLWPVT
CASTWTSGTYNEQFF	FLWLLWPVT
CSARDMTGSYEQYF	FLWLLWPVT
CASSEGVNTGELFF	FLWLLWPVT
CSAKTGMDYGYTF	FLWLLWPVT
CASSFNQPQHF	FLWLLWPVT
CATSPTQAFTDTQYF	FLWLLWPVT
CASSGFLAGGDTQYF	FLWLLWPVT
CSATSTYNEQFF	FLWLLWPVT
CASSRIEGYTYEQYF	FLWLLWPVT
CASTSVSEQYF	FLWLLWPVT
CASSGTSGHSTDTQYF	FLWLLWPVT
CASSEQGQETQYF	FLWLLWPVT
CATSSISGVNTDTQYF	FLWLLWPVT
CASSQLAGVEQFF	FLWLLWPVT
CAISETFTSGGDTDTQYF	FLWLLWPVT
CASSLSVTLAVGETQYF	FLWLLWPVT
CASSMTGGFTEAFF	FLWLLWPVT
CASSLASNTEAFF	FLWLLWPVT
CSTRRGEYGNQPQHF	FLWLLWPVT
CASSMTVSLETQYF	FLWLLWPVT
CAISLDGSGNTIYF	FLWLLWPVT
CASGKQGQETQYF	FLWLLWPVT
CASSWTDSRFSYEQYF	FLWLLWPVT
CASSQVPGGEQYF	FLWLLWPVT
CASSLNPETQYF	FLWLLWPVT
CASSSGDRWPEAFF	FLWLLWPVT
CASSPLGFGDEQFF	FLWLLWPVT
CASSHLWESGYSNQPQHF	FLWLLWPVT
CASSFLQGLNTGELFF	FLWLLWPVT
CASSPQGQETQYF	FLWLLWPVT
CASSEFSGSSDTQYF	FLWLLWPVT
CASSRQGLDQKLFF	FLWLLWPVT
CASSPPDRFSYEQYF	FLWLLWPVT
CATSDGNQPQHF	FLWLLWPVT
CSARDLTGSYEQYF	FLWLLWPVT
CASSEGGPSYEQYF	FLWLLWPVT
CASSPSNEQFF	FLWLLWPVT
CSVAAIADSYNEQFF	FLWLLWPVT
CASKAGASLATEAFF	FLWLLWPVT
CASSPNSGGYYNEQFF	FLWLLWPVT
CASKSAGLYGYTF	FLWLLWPVT
CASSPDGVGNIQYF	FLWLLWPVT
CASSYGVGSFTEAFF	FLWLLWPVT
CASSQDLPGGTDTQYF	FLWLLWPVT
CASSFGLAGEGDTQYF	FLWLLWPVT
CASSSASLTDTQYF	FLWLLWPVT
CASSHWLAGGPGEQFF	FLWLLWPVT
CASSQDRWASIGEQYF	FLWLLWPVT
CASSYIFYEQYF	FLWLLWPVT
CASIGIGTEAFF	FLWLLWPVT
CASSLTGSSTDTQYF	FLWLLWPVT
CASSLVPLSSGELFF	FLWLLWPVT
CASSPLGNEQFF	FLWLLWPVT
CASSLRGAGNTIYF	FLWLLWPVT
CASTRVGTDKNIQYF	FLWLLWPVT
CASSPHNEQFF	FLWLLWPVT
CASSLLGAGNTIYF	FLWLLWPVT
CATSDLRQGISTDTQYF	FLWLLWPVT
CASSQFAPGLNTDTQYF	FLWLLWPVT
CASSMGLGYGYTF	FLWLLWPVT
CASSPPNTGELFF	FLWLLWPVT
CASGQGPEQYF	FLWLLWPVT
CASSHWTGRSYEQYF	FLWLLWPVT
CASSPSNEQFF	FLWLLWPVT
CASSLDNEQFF	FLWLLWPVT
CASSFGPHQNTEAFF	FLWLLWPVT
CASSQALGEAFF	FLWLLWPVT
CASSLLASTGYEQYF	FLWLLWPVT
CASSYPGPMNTEAFF	FLWLLWPVT
CAISESRAGGPDTQYF	FLWLLWPVT
CASSLSGELFF	FLWLLWPVT
CASSSGQYEQYF	FLWLLWPVT
CASSYGDTQYF	FLWLLWPVT
CASSPGQGYEQYF	FLWLLWPVT
CASSQVQGAGELFF	FLWLLWPVT
CASSLEQMGQPQHF	FLWLLWPVT
CASSPQGNGYTF	FLWLLWPVT
CASSFTVSYEQYF	FLWLLWPVT
CASSPFRGRRETQYF	FLWLLWPVT
CASSYSLAGDNEQFF	FLWLLWPVT
CASSATGNTEAFF	FLWLLWPVT
CTGWGSGKDDSYNEQFF	FLWLLWPVT
CASSQDSSGAFYEQYF	FLWLLWPVT
CASSFPRVAGSTDTQYF	FLWLLWPVT
CSVESPPLQGKYEAFF	FLWLLWPVT
CASTAPQGIEVNTGELFF	FLWLLWPVT
CSVDGTSGGSYEQYF	FLWLLWPVT
CSGGGGTEAFF	FLWLLWPVT
CSARDRQRTSYNEQFF	FLWLLWPVT
CASSADREYHGYTF	FLWLLWPVT
CSVEVRDSYEQYF	FLWLLWPVT
CASSLLHSGTPDYEQYF	FLWLLWPVT
CASSSQGETQYF	FLWLLWPVT
CASSLSVVGQSPYNEQFF	FLWLLWPVT
CASSLMSSGSRDEQYF	FLWLLWPVT
CASSYPRVGKGGNEQFF	FLWLLWPVT
CASILQGSQPQHF	FLWLLWPVT
CASRPVGTGFEQYF	FLWLLWPVT
CASSLIGTAGANVLTF	FLWLLWPVT
CATSDLAGGTSTDTQYF	FLWLLWPVT
CASTTLMPAEAFF	FLWLLWPVT
CASSFRGAGNTIYF	FLWLLWPVT
CSARDLQGELLPQHF	FLWLLWPVT
CASSYGTGQTEAFF	FLWLLWPVT
CASSYWTDGYTF	FLWLLWPVT
CASRDPWGWETQYF	FLWLLWPVT
CASSLAGASYEQYF	FLWLLWPVT
CASSIPVGFPAGVYGELFF	FLWLLWPVT
CAWSLGPNIEAFF	FLWLLWPVT
CASTNSGRNEQFF	FLWLLWPVT
CASSLEVAAGALYGYTF	FLWLLWPVT
CASSKVGQHYEQYF	FLWLLWPVT
CASSLSGKNEQYF	FLWLLWPVT
CASSYRGRAHEKLFF	FLWLLWPVT
CASSLASGVTGELFF	FLWLLWPVT
CASSYSPKASGSNTGELFF	FLWLLWPVT
CASSPGLSSYNEQFF	FLWLLWPVT
CASSSTSGSPTDTQYF	FLWLLWPVT
CASSLATYEQYF	FLWLLWPVT
CASSPLATGNEQYF	FLWLLWPVT
CASSQSLGSEQYF	FLWLLWPVT
CASSLWGPNYEQYF	FLWLLWPVT
CASSAQGFPDTQYF	FLWLLWPVT
CASSPLTGTEGQYF	FLWLLWPVT
CASSSPGQGVKQYF	FLWLLWPVT
CATSDLWDRGWRLACLDEQFF	FLWLLWPVT
CASSSSGSVVDTQYF	FLWLLWPVT
CASSQGVVELFF	FLWLLWPVT
CASSTILAGNTDTQYF	FLWLLWPVT
CASSYGGGYGYTF	FLWLLWPVT
CASSPGTADYEQYF	FLWLLWPVT
CASSPQGAVTGELFF	FLWLLWPVT
CASSQLPGTGRGTEAFF	FLWLLWPVT
CASSPLSGTHEQYF	FLWLLWPVT
CASSSRLGRGATDTQYF	FLWLLWPVT
CASSLNALQGMNTEAFF	FLWLLWPVT
CASSFSETGELFF	FLWLLWPVT
CASSSHPRQGPGELFF	FLWLLWPVT
CASKGRGGSTEAFF	FLWLLWPVT
CASSEGYGYTF	FLWLLWPVT
CASSLGLAEPQETQYF	FLWLLWPVT
CASSFSDREPQETQYF	FLWLLWPVT
CASYRIGWDTQYF	FLWLLWPVT
CASSGGTQGLLYNEQFF	FLWLLWPVT
CASSYNSARGLFF	FLWLLWPVT
CASSTGTGVIGGELFF	FLWLLWPVT
CASSARLAGSYEQYF	FLWLLWPVT
CASSLDLGTGYEQYF	FLWLLWPVT
CASSLESSYNSPLHF	FLWLLWPVT
CASSLIGFGPQHF	FLWLLWPVT
CASNTGFEAFF	FLWLLWPVT
CASSPGTETQYF	FLWLLWPVT
CASSSGWGLAEQYF	FLWLLWPVT
CASSFLGTSKTYEQYF	FLWLLWPVT
CASSIMGLGNTEAFF	FLWLLWPVT
CASTLGGNQPQHF	FLWLLWPVT
CASSPGTGGTEAFF	FLWLLWPVT
CASSVVGLTDTQYF	FLWLLWPVT
CASSTIAGQSNTGELFF	FLWLLWPVT
CSPLSTSGEQYF	FLWLLWPVT
CASSLGLEGNSPLHF	FLWLLWPVT
CSVVWSKGDTQYF	FLWLLWPVT
CASSAGTGGMGGELFF	FLWLLWPVT
CASSSGTAYNEQFF	FLWLLWPVT
CAATPTLFQQGNGAFF	FLWLLWPVT
CASSSDRGPASTDTQYF	FLWLLWPVT
CASSYSTWQTRFSYEQYF	FLWLLWPVT
CSVLDTRYEQYF	FLWLLWPVT
CASSLVGYEQYF	FLWLLWPVT
CASSSGRVQETQYF	FLWLLWPVT
CASSAEAVYNEQFF	FLWLLWPVT
CASSFRGPIEAFF	FLWLLWPVT
CASSSIKQGAVDTQYF	FLWLLWPVT
CASSYSLAQGSYEQYF	FLWLLWPVT
CASTSSNYGYTF	FLWLLWPVT
CASSLDGLVDF	FLWLLWPVT
CASSPANEQFF	FLWLLWPVT
CASSYGLYTEAFF	FLWLLWPVT
CASTTGPEAFF	FLWLLWPVT
CASSSYRGLPTDTQYF	FLWLLWPVT
CASSLALSGPSYEQYF	FLWLLWPVT
CASSSYSGTEAFF	FLWLLWPVT
CASTLLAGGNGELFF	FLWLLWPVT
CASSYGLVRELFF	FLWLLWPVT
CASSTRLAEGEQFF	FLWLLWPVT
CASSSGGADGYTF	FLWLLWPVT
CASSQESKTNEKLFF	FLWLLWPVT
CASSELDGSYEQYF	FLWLLWPVT
CASSEANGYEQYF	FLWLLWPVT
CASSLTNYEQYF	FLWLLWPVT
CASSGPEGPEAFF	FLWLLWPVT
CASSQEGLSSYNEQFF	FLWLLWPVT
CASNQGKGNQPQHF	FLWLLWPVT
CASSHLEGVYEQYF	FLWLLWPVT
CSVEGGLQETQYF	FLWLLWPVT
CASFTLWRGHRNNEQFF	FLWLLWPVT
CASSTRGAPQFF	FLWLLWPVT
CASSGQGVTEAFF	FLWLLWPVT
CASSIGTTAAYEQYF	FLWLLWPVT
CASSTPLAGEQYF	FLWLLWPVT
CASSPTPDSIYGYTF	FLWLLWPVT
CASSLRASGTDGELFF	FLWLLWPVT
CASSEGLAEQETQYF	FLWLLWPVT
CASSSAVRVSEAFF	FLWLLWPVT
CSANTGTSGSSTDTQYF	FLWLLWPVT
CASSPPGSNEQFF	FLWLLWPVT
CASVVSGWDEQFF	FLWLLWPVT
CASSYHSPANYGYTF	FLWLLWPVT
CASSQVLSGGYTF	FLWLLWPVT
CATSSGPPLEDEQFF	FLWLLWPVT
CASSFVGTFYGYTF	FLWLLWPVT
CSARDFRGGDYNEQFF	FLWLLWPVT
CASSYYSLATGEQYF	FLWLLWPVT
CASSLGGSPRGQGFPGELFF	FLWLLWPVT
CASSLLLAGGVHEQYF	FLWLLWPVT
CASRGTSGPSSTDTQYF	FLWLLWPVT
CASSEAPSSGRKNEQFF	FLWLLWPVT
CASSQVEGGTEAFF	FLWLLWPVT
CATSDLRGGETQYF	FLWLLWPVT
CASSGGTGAVTEAFF	FLWLLWPVT
CASRPWGGKGVEEKLFF	FLWLLWPVT
CAITPGSTGELFF	FLWLLWPVT
CASSDGGKRTYEQYF	FLWLLWPVT
CASSLSPSGETQYF	FLWLLWPVT
CSARDLQGNYEQYF	FLWLLWPVT
CASRNIGGSPLHF	FLWLLWPVT
CASSQEGSGYSYNEQFF	FLWLLWPVT
CASRGGQGGSYEQYF	FLWLLWPVT
CASSLAGSEQFF	FLWLLWPVT
CASSFRTSGYNEQFF	FLWLLWPVT
CSVTLPEQYF	FLWLLWPVT
CASGLGQGETYEQYF	FLWLLWPVT
CASSSPGQISPGDTF	FLWLLWPVT
CASSYVGGDEKLFF	FLWLLWPVT
CASSVVGLTDTQYF	FLWLLWPVT
CASSLKAGETADTQYF	FLWLLWPVT
CASSPQSGGTGDTQYF	FLWLLWPVT
CASSLNQPQHF	FLWLLWPVT
CASSLDLAPYNEQFF	FLWLLWPVT
CASSLGLAGGLGDTQYF	FLWLLWPVT
CASSQVTTTEQFF	FLWLLWPVT
CATGGQLNTEAFF	FLWLLWPVT
CASTSTNEQFF	FLWLLWPVT
CASSQGGGRSHEQFF	FLWLLWPVT
CASSFYGDEQFF	FLWLLWPVT
CASSFGGNEQYF	FLWLLWPVT
CASSFWGSGGDQETQYF	FLWLLWPVT
CSANTGTSETSTDTQYF	FLWLLWPVT
CASSLESASSYNEQFF	FLWLLWPVT
CASSFGDTQYF	FLWLLWPVT
CASSYGLTNTGELFF	FLWLLWPVT
CASSPSNEQFF	FLWLLWPVT
CASSSDLGWGEQFF	FLWLLWPVT
CASSQVQGNEQFF	FLWLLWPVT
CASTPISGDTQYF	FLWLLWPVT
CATSRVTSGRTDTQYF	FLWLLWPVT
CASSLYGAPKDYNEQFF	FLWLLWPVT
CASGRIEGDGYTF	FLWLLWPVT
CASIKQGFYEQYF	FLWLLWPVT
CASSSPIFTDTQYF	FLWLLWPVT
CASSSTRVERSSTDTQYF	FLWLLWPVT
CSALGLAGEKSYNEQFF	FLWLLWPVT
CASSFSSGAESDPTDTQYF	FLWLLWPVT
CASSEYRGLDTGELFF	FLWLLWPVT
CASSPPSSGYPTYNEQFF	FLWLLWPVT
CASSLFGQPQHF	FLWLLWPVT
CSADMDLGPQHF	FLWLLWPVT
CASSAHPRSGSGNEQFF	FLWLLWPVT
CASSSWTSGSRTGELFF	FLWLLWPVT
CATSDRTSTDTQYF	FLWLLWPVT
CASSPGLVNTEAFF	FLWLLWPVT
CASSPYADTQYF	FLWLLWPVT
CASSDRVSTDTQYF	FLWLLWPVT
CASSSYLTDTQYF	FLWLLWPVT
CASRRLGAGEETQYF	FLWLLWPVT
CASSLLGDGYTF	FLWLLWPVT
CASSMGTSVSEEQYF	FLWLLWPVT
CASSTGLGGYNEQFF	FLWLLWPVT
CSASPSNEQFF	FLWLLWPVT
CASSLTATEAFF	FLWLLWPVT
CASSLSPEQYF	FLWLLWPVT
CASSQDLAGGGNEQFF	FLWLLWPVT
CSATSPIDYEQYF	FLWLLWPVT
CASSPLAGGPILEQFF	FLWLLWPVT
CASSQSNEQFF	FLWLLWPVT
CASNQGLAGSWTGELFF	FLWLLWPVT
CATSDRGLDRETQYF	FLWLLWPVT
CASSEWGDAYEQYF	FLWLLWPVT
CSVEEWRTGQNTEAFF	FLWLLWPVT
CAISDSTGQTGETQYF	FLWLLWPVT
CASSLIGGRGEAFF	FLWLLWPVT
CATSVTSGGLVYTF	FLWLLWPVT
CAGLGPHGYTF	FLWLLWPVT
CASRKQLFTDTQYF	FLWLLWPVT
CASSLSGGPAYEQYF	FLWLLWPVT
CASSHGQNTEAFF	FLWLLWPVT
CASSSPDSGNTIYF	FLWLLWPVT
CASRYPTGREQYF	FLWLLWPVT
CSVPDDGDYGYTF	FLWLLWPVT
CASSSISGDSYNEQFF	FLWLLWPVT
CASMTWASGGDTGELFF	FLWLLWPVT
CASSPDLSSGNTIYF	FLWLLWPVT
CASSWRGAGNTIYF	FLWLLWPVT
CASSPGLAGTDTQYF	FLWLLWPVT
CASRESSQETQYF	FLWLLWPVT
CASKNEGTVYYEQYF	FLWLLWPVT
CASSYGNAGNQYF	FLWLLWPVT
CASSPPGTGSWEQFF	FLWLLWPVT
CASSVVGQGAPDTQYF	FLWLLWPVT
CASSGTGVNIQYF	FLWLLWPVT
CASSKAFWTGRPNYGYTF	FLWLLWPVT
CASSPNNEQFF	FLWLLWPVT
CASSTSGFYNEQFF	FLWLLWPVT
CASSLLPPSAGLVTFEAFF	FLWLLWPVT
CASSFDTEETQYF	FLWLLWPVT
CASSPQWGSHNEQFF	FLWLLWPVT
CASSDPGQGLPDTQYF	FLWLLWPVT
CASSEFGPLGQPQHF	FLWLLWPVT
CASSVANEQFF	FLWLLWPVT
CASSQEQVDTEAFF	FLWLLWPVT
CASTGRDTQYF	FLWLLWPVT
CASSIELSSYEQYF	FLWLLWPVT
CSASLVGPGTEAFF	FLWLLWPVT
CASSRGGSYNEQFF	FLWLLWPVT
CASSSPRIAGGAKNIQYF	FLWLLWPVT
CASSQKCLAAYEQYF	FLWLLWPVT
CASSQVITGLEQYF	FLWLLWPVT
CATSVLTGLEKLFF	FLWLLWPVT
CASSETVSYEQYF	FLWLLWPVT
CASSQVGETEAFF	FLWLLWPVT
CASSPWPQHF	FLWLLWPVT
CSVVLAGNYNEQFF	FLWLLWPVT
CASNPVTSQETQYF	FLWLLWPVT
CASSPGTAEGSQPQHF	FLWLLWPVT
CASSYDPGRYGYTF	FLWLLWPVT
CASSPSGGANTEAFF	FLWLLWPVT
CASSHDGQPQHF	FLWLLWPVT
CASSSSPVEAFF	FLWLLWPVT
CASSLISHEQYF	FLWLLWPVT
CASSTQTAGPEAFF	FLWLLWPVT
CASSPLGGTGAHEQYF	FLWLLWPVT
CASSSPGLAGSTDTQYF	FLWLLWPVT
CATSARTAYEQYF	FLWLLWPVT
CASSLTSHEQFF	FLWLLWPVT
CASTLSVNEQFF	FLWLLWPVT
CSDTGGDTQYF	FLWLLWPVT
CASSSPLEHQETQYF	FLWLLWPVT
CASSPGTGSYNEQFF	FLWLLWPVT
CASGLAHNEQFF	FLWLLWPVT
CSASEAGGQLETQYF	FLWLLWPVT
CAIRGLAGANEQFF	FLWLLWPVT
CASSTPGQASNTEAFF	FLWLLWPVT
CASSPSYEQYF	FLWLLWPVT
CASSGLTSGNTGELFF	FLWLLWPVT
CSVVRAESNSYNEQFF	FLWLLWPVT
CASSLQVLSNTEAFF	FLWLLWPVT
CASGHGQGSYEQYF	FLWLLWPVT
CASGPDGADTQYF	FLWLLWPVT
CASSEATGYIQYF	FLWLLWPVT
CASSQDLQATYEQYF	FLWLLWPVT
CSAGDQPQHF	FLWLLWPVT
CASSDTDYEQYF	FLWLLWPVT
CASSLLSGLGSNEQFF	FLWLLWPVT
CASSEFVQGADTQYF	FLWLLWPVT
CASSWPGGSNTGELFF	FLWLLWPVT
CASLGRFQETQYF	FLWLLWPVT
CASSQDVAATYEQYF	FLWLLWPVT
CASRYSLGLAGATTLDTQYF	FLWLLWPVT
CASSRRGQVRGWGADTQYF	FLWLLWPVT
CASSLAGSNSPLHF	FLWLLWPVT
CASSYMLDRGGTGELFF	FLWLLWPVT
CSVVYSGTYNEQFF	FLWLLWPVT
CASSTGQVVATGAYEQYF	FLWLLWPVT
CASSPQRGTVDNEQFF	FLWLLWPVT
CASSERGGSGGELFF	FLWLLWPVT
CASSLGTGYNEQFF	FLWLLWPVT
CASTRGFNGYTF	FLWLLWPVT
CASSAWAAGEDEQYF	FLWLLWPVT
CASTTPHGSYTF	FLWLLWPVT
CASSLYSNQPQHF	FLWLLWPVT
CSALTPSSGSSTDTQYF	FLWLLWPVT
CASSFEGLEYYGYTF	FLWLLWPVT
CASLGASSEQYF	FLWLLWPVT
CSVVLAGFQSSYNEQFF	FLWLLWPVT
CASSHPNTGELFF	FLWLLWPVT
CASSFGYYGYTF	FLWLLWPVT
CASSFSITDSNAYNEQFF	FLWLLWPVT
CASSYEAPTEAFF	FLWLLWPVT
CASFFIDDNEKLFF	FLWLLWPVT
CASSISGNYNEQFF	FLWLLWPVT
CASSLDPGATDTQYF	FLWLLWPVT
CASSGGIRNNEQFF	FLWLLWPVT
CASSTGTGGINYGYTF	FLWLLWPVT
CASSYIPGQYTGELFF	FLWLLWPVT
CASSPRGRTNEKLFF	FLWLLWPVT
CSARLGTTPRQYF	FLWLLWPVT
CASSLNIAEAFF	FLWLLWPVT
CASGFDTGELFF	FLWLLWPVT
CASSEETRGSYEQYF	FLWLLWPVT
CASSPNWDGSYEQYF	FLWLLWPVT
CANRRDSSYEQYF	FLWLLWPVT
CASSYSIRTASTDTQYF	FLWLLWPVT
CATTGPSSGNTIYF	FLWLLWPVT
CASSFWQGTDTQYF	FLWLLWPVT
CASSLGRAQPQHF	FLWLLWPVT
CASSDPRESVTGELFF	FLWLLWPVT
CASYSGQRDYEQYF	FLWLLWPVT
CSVGGASGHVGDTQYF	FLWLLWPVT
CASSGGAGELFF	FLWLLWPVT
CASSFSLTWQTQYF	FLWLLWPVT
CASQGLAGANEQFF	FLWLLWPVT
CASSPPGQGGQPQHF	FLWLLWPVT
CSVPGLAVSYNEQFF	FLWLLWPVT
CASSPPDRINSPLHF	FLWLLWPVT
CASSLDNEGKYEQYF	FLWLLWPVT
CASSFLGPVYEQYF	FLWLLWPVT
CSARDTGTAYEQYF	FLWLLWPVT
CASSSHDFGRNTFNYGYTF	FLWLLWPVT
CASSSQPQHF	FLWLLWPVT
CAISESEGRGRRNTGELFF	FLWLLWPVT
CASSPPLSYEQYF	FLWLLWPVT
CASSPGQGALNEQFF	FLWLLWPVT
CASSLMGLQHF	FLWLLWPVT
CASSFKYAGTKDYEQYF	FLWLLWPVT
CASSRGFEQYF	FLWLLWPVT
CASSQTLDPYEQYF	FLWLLWPVT
CASSQSGTYGYTF	FLWLLWPVT
CASSIWGNTEAFF	FLWLLWPVT
CASSLGPPGTQYF	FLWLLWPVT
CATSDLSSGGSTDTQYF	FLWLLWPVT
CASSEGQGYEQYF	FLWLLWPVT
CASSESRTSGGYDSTDTQYF	FLWLLWPVT
CASETTRGTQYF	FLWLLWPVT
CASRPDSLPYEQYF	FLWLLWPVT
CASSSLTGISTEAFF	FLWLLWPVT
CASSQDTALGPYEQYF	FLWLLWPVT
CASSLDSGMNTEAFF	FLWLLWPVT
CASSPGLAGLNNEQFF	FLWLLWPVT
CASSPDAGSSYNEQFF	FLWLLWPVT
CASSRYHVRDREPPPETQYF	FLWLLWPVT
CASSLIVPWGTGELFF	FLWLLWPVT
CASSLSYTLWYEQYF	FLWLLWPVT
CASSFGGPSYEQYF	FLWLLWPVT
CASSSRLAQHANTGELFF	FLWLLWPVT
CASARGNTQYF	FLWLLWPVT
CASSLVAGVEAFANEQFF	FLWLLWPVT
CASSEVGGTDTQYF	FLWLLWPVT
CASSGGDRESTDTQYF	FLWLLWPVT
CASSELTIRGIGEKLFF	FLWLLWPVT
CAIPGQGNNEQFF	FLWLLWPVT
CASSLRGAGNTIYF	FLWLLWPVT
CASSHLETEPTDTQYF	FLWLLWPVT
CATNGGVPTGELFF	FLWLLWPVT
CASSLGFDRGQLDTGELFF	FLWLLWPVT
CASRSSQGDEQFF	FLWLLWPVT
CASIGTGGYNEQFF	FLWLLWPVT
CASTRANTQYF	FLWLLWPVT
CASKMELAGGPDTQYF	FLWLLWPVT
CASSFTSFDRDTQYF	FLWLLWPVT
CASSPGTGGDAFF	FLWLLWPVT
CASSAANEQFF	FLWLLWPVT
CASLPFPGQGLQETQYF	FLWLLWPVT
CASSLLLAGGPDTQYF	FLWLLWPVT
CASARSGIEYF	FLWLLWPVT
CASSIRQGHEQYF	FLWLLWPVT
CASSLTGGSTDTQYF	FLWLLWPVT
CASTGLGSPLHF	FLWLLWPVT
CASSPGNEQYF	FLWLLWPVT
CASSEVGTLEAFF	FLWLLWPVT
CASSQVGVGAFF	FLWLLWPVT
CSAQGLAGPTSTDTQYF	FLWLLWPVT
CASSPASGEQYF	FLWLLWPVT
CASSYGSGAEAFF	FLWLLWPVT
CASTDQGTQYF	FLWLLWPVT
CASSLGYEQYF	FLWLLWPVT
CASRPPGGSTDTQYF	FLWLLWPVT
CASSPGTGLYEQYF	FLWLLWPVT
CASSEWGQSYEQYF	FLWLLWPVT
CASSELPFGNTIYF	FLWLLWPVT
CASSLKDTQYF	FLWLLWPVT
CASSATGTGKDEQYF	FLWLLWPVT
CASSPLGAYGYTF	FLWLLWPVT
CASSYRGNRDLLQWYF	FLWLLWPVT
CASKSRGSTYEQYF	FLWLLWPVT
CASSAVLYGYTF	FLWLLWPVT
CASSLGGELFF	FLWLLWPVT
CATSDFQAGELFF	FLWLLWPVT
CASSFPFQETQYF	FLWLLWPVT
CASSQYGDIQYF	FLWLLWPVT
CASSHPGTGYEQYF	FLWLLWPVT
CASSPQGREQYF	FLWLLWPVT
CASRGMTGGAYILTEAFF	FLWLLWPVT
CASSLITSSTDTQYF	FLWLLWPVT
CASSTSNVEAFF	FLWLLWPVT
CAGGYTF	FLWLLWPVT
CSVNSGTNTGELFF	FLWLLWPVT
CASSSPGTSIYEQFF	FLWLLWPVT
CASSSPGGAQHF	FLWLLWPVT
CASSLSNPTGAGYEQYF	FLWLLWPVT
CASSDVGVGELFF	FLWLLWPVT
CSVETVEQAGNTIYF	FLWLLWPVT
CATSDFWVPDTQYF	FLWLLWPVT
CASSPSTGTGGREQYF	FLWLLWPVT
CATSGMLYQPQHF	FLWLLWPVT
CASSLFGSQETQYF	FLWLLWPVT
CASSTQRLSPGEQYF	FLWLLWPVT
CSARARDRGHRTDTQYF	FLWLLWPVT
CASSRNQPQHF	FLWLLWPVT
CASSRSEARTDTQYF	FLWLLWPVT
CASSISFNTEAFF	FLWLLWPVT
CASSPDRAFLYEQYF	FLWLLWPVT
CASGENTQYF	FLWLLWPVT
CSARGFRDRSYEQYF	FLWLLWPVT
CAISERWTGLSYEQYF	FLWLLWPVT
CASSSLDSYNSPLHF	FLWLLWPVT
CASSERAGFNTEAFF	FLWLLWPVT
CASSQYGEEQFF	FLWLLWPVT
CASSLGASGNYEQYF	FLWLLWPVT
CASSLVVHEQYF	FLWLLWPVT
CASSPTGGVTYEQYF	FLWLLWPVT
CASSFSALDSANKETQYF	FLWLLWPVT
CASSLLSGYEQYF	FLWLLWPVT
CASSSETGEDSPLHF	FLWLLWPVT
CASSLTGYTEAFF	FLWLLWPVT
CASSSRLISYNEQFF	FLWLLWPVT
CSVAGGFNTGELFF	FLWLLWPVT
RASSLSGASGMSTGELFF	FLWLLWPVT
CASSTSKLAYSNQPQHF	FLWLLWPVT
CASSGYNEQFF	FLWLLWPVT
CASSLAVGTGSYEQYF	FLWLLWPVT
CASSTPPNTEAFF	FLWLLWPVT
CASSFGPEQYF	FLWLLWPVT
CATSGLGPPEGTDTQYF	FLWLLWPVT
CASSGPRGEQYF	FLWLLWPVT
CASSPQVRGTETQYF	FLWLLWPVT
CASSLERGDGNEQFF	FLWLLWPVT
CASSDNKEETQYF	FLWLLWPVT
CASSFLVNEQFF	FLWLLWPVT
CASSSPLAGGSYEQYF	FLWLLWPVT
CASSFYTGELFF	FLWLLWPVT
CASSWGTGSPEQYF	FLWLLWPVT
CASSRVRPPYEQYF	FLWLLWPVT
CASASNQPQHF	FLWLLWPVT
CSASNLLAGEYYEQYF	FLWLLWPVT
CASSQEGDGGYTF	FLWLLWPVT
CASSFLGGGERGAFF	FLWLLWPVT
CASSFRGTEAFF	FLWLLWPVT
CASSKDLRDSSEEAQYF	FLWLLWPVT
CASSLLVALYYGYTF	FLWLLWPVT
CASSQDLQATYEQYF	FLWLLWPVT
CASSYPGTQETQYF	FLWLLWPVT
CASSQNGALYEQYF	FLWLLWPVT
CASSPSNEQFF	FLWLLWPVT
CSAQTPYNEQFF	FLWLLWPVT
CASSFSSEAFF	FLWLLWPVT
CSVGGALDYGYTF	FLWLLWPVT
CASSGETGRYEQYF	FLWLLWPVT
CASSAPHSDTQYF	FLWLLWPVT
CASSIVAGVGEQYF	FLWLLWPVT
CASRDSSYNEQFF	FLWLLWPVT
CASSLEATTYEQYF	FLWLLWPVT
CASSNQPQHF	FLWLLWPVT
CASSLTTGGTEAFF	FLWLLWPVT
CASSSNLAGGTDTQYF	FLWLLWPVT
CASSHRGGNQPQHF	FLWLLWPVT
CSVDWGETQYF	FLWLLWPVT
CASSYTYNEQFF	FLWLLWPVT
CASSAGTSEEQYF	FLWLLWPVT
CASTTGTGSYNEQFF	FLWLLWPVT
CASSTLAQIHEQYF	FLWLLWPVT
CASISQGIYTF	FLWLLWPVT
CASSSTHSGTFEYEQYF	FLWLLWPVT
CASSPYNQIGELFF	FLWLLWPVT
CASTPRWGYNEQFF	FLWLLWPVT
CASSQGLAGGQQETQYF	FLWLLWPVT
CASSLEQGLYEQYF	FLWLLWPVT
CASSALTGDGYTF	FLWLLWPVT
CASSYSTTGNQPQHF	FLWLLWPVT
CASSPLRNPSTDTQYF	FLWLLWPVT
CASEETGTYEQYF	FLWLLWPVT
CASSQVANSPLHF	FLWLLWPVT
CASSYSLAATNSPLHF	FLWLLWPVT
CSVEDIITYNEQFF	FLWLLWPVT
CASSYSLAQETQYF	FLWLLWPVT
CASSFEPLSGPGYEQYF	FLWLLWPVT
CASSFDGANTEAFF	FLWLLWPVT
CASRDYITDTQYF	FLWLLWPVT
CASLGASGVYEQYF	FLWLLWPVT
CASSVRDLGYEQYF	FLWLLWPVT
CASSQGLSEAFF	FLWLLWPVT
CASSPRFTGELFF	FLWLLWPVT
CASSGQGGAGELFF	FLWLLWPVT
CASSVAGLTDTQYF	FLWLLWPVT
CASSYPDRAPSEQYF	FLWLLWPVT
CSARVRADATYEQYF	FLWLLWPVT
CAISLIDRGADTQYF	FLWLLWPVT
CASSFLGQPNTEAFF	FLWLLWPVT
CASSEFSVSSYEQYF	FLWLLWPVT
CASSSDRSYEQYF	FLWLLWPVT
CATSGPPDSYEQYF	FLWLLWPVT
CASHLGDHTGELFF	FLWLLWPVT
CASSTSSEQFF	FLWLLWPVT
CATSDLRGGTSTDTQYF	FLWLLWPVT
CASSSPNSVEQYF	FLWLLWPVT
CASSISGTGSEQYF	FLWLLWPVT
CATSDFTGSGYTF	FLWLLWPVT
CASSQDNEQFF	FLWLLWPVT
CASSRTGPYEQYF	FLWLLWPVT
CASSYRGSPSYEQYF	FLWLLWPVT
CASSMYSGLYQETQYF	FLWLLWPVT
CASSIFSDGEQYF	FLWLLWPVT
CSAGYRAQRPLSYEQYF	FLWLLWPVT
CASSVDGQAQFYGYTF	FLWLLWPVT
CASSLLTPSGANVLTF	FLWLLWPVT
CASSPSTGSPYEQYF	FLWLLWPVT
CASSQERGPGGYTF	FLWLLWPVT
CATSDFVRTDTQYF	FLWLLWPVT
CARISGELFF	FLWLLWPVT
CASSFLSSYNEQFF	FLWLLWPVT
CAISRDSPALNYGYTF	FLWLLWPVT
CSADASAAVISTDTQYF	FLWLLWPVT
CASSQDKRGPPYEQYF	FLWLLWPVT
CSARSFLTVSPDGYTF	FLWLLWPVT
CASSQDLPGRAFF	FLWLLWPVT
CASSFRASGSNEQYF	FLWLLWPVT
CASSLLASSGANVLTF	FLWLLWPVT
CASSPQTGWNEQYF	FLWLLWPVT
CASGGRISYEQYF	FLWLLWPVT
CASSYSLAGEGEQYF	FLWLLWPVT
CASSFPAQGTLREGLTDTQYF	FLWLLWPVT
CASSFSREGTEDTQYF	FLWLLWPVT
CASSAQGSGNTIYF	FLWLLWPVT
CASSLWGRTDEQFF	FLWLLWPVT
CASGPANTQYF	FLWLLWPVT
CASSPEGLVNEQFF	FLWLLWPVT
CASIPRGPHLEAFF	FLWLLWPVT
CASSVRTEQYF	FLWLLWPVT
CASSPVRGRGNEQFF	FLWLLWPVT
CASSSSPPTTGGDAGGYTF	FLWLLWPVT
CSVDDMNTEAFF	FLWLLWPVT
CASSFGLARLWVQYV	FLWLLWPVT
CSVGLIGSQLTYNEQFF	FLWLLWPVT
CASSIGRGLAYEQYF	FLWLLWPVT
CASSPQADTQYF	FLWLLWPVT
CASSVAGLTDTQYF	FLWLLWPVT
CASSLYNLGQPQHF	FLWLLWPVT
CASSLGGSVAFF	FLWLLWPVT
CASSHGHDRLGYTF	FLWLLWPVT
CASSELAPQLTDTQYF	FLWLLWPVT
CASSLSPGRPYNEQFF	FLWLLWPVT
CASSRQGEETQYF	FLWLLWPVT
CASSLVFSGTEDYEQYF	FLWLLWPVT
CASSPTGGNTIYF	FLWLLWPVT
CASSPNLAHTNTGELFF	FLWLLWPVT
CASSVGESQETQYF	FLWLLWPVT
CASTWVPGATDTQYF	FLWLLWPVT
CSAREMGQGSPYEQYF	FLWLLWPVT
CASSSPPGSANEKLFF	FLWLLWPVT
CASSFGRGGSTDTQYF	FLWLLWPVT
CASSFVVGSGANVLTF	FLWLLWPVT
CASSPANNEQFF	FLWLLWPVT
CASSSYRIGKTGSGEQYF	FLWLLWPVT
CASSLSQGGVYTGELFF	FLWLLWPVT
CASSYYSTDTQYF	FLWLLWPVT
CASSTSAGNNEQFF	FLWLLWPVT
CASTGSGGPPGSTDTQYF	FLWLLWPVT
CASTSGADTQYF	FLWLLWPVT
CSARDYRGVRAEAFF	FLWLLWPVT
CATSDFGDNTDTQYF	FLWLLWPVT
CATSDWGTSGPTDTQYF	FLWLLWPVT
CASSSPGRLDNSPLHF	FLWLLWPVT
CASRYTSSYEQYF	FLWLLWPVT
CASSFRGSSDTF	FLWLLWPVT
CASSLGQEHIEAFF	FLWLLWPVT
CASTNTGSEQYF	FLWLLWPVT
CASSYRASPYSYEQYF	FLWLLWPVT
CASSSGQGYEQYF	FLWLLWPVT
CASSLLVPSGTDTQYF	FLWLLWPVT
CASSYSQGIYNEQFF	FLWLLWPVT
CASRTVRNTEAFF	FLWLLWPVT
CASSHDRDEKLFF	FLWLLWPVT
CASSFGGLGSTYEQYF	FLWLLWPVT
CASIPDRGYYNEQFF	FLWLLWPVT
CASSSQIVVGEQFF	FLWLLWPVT
CASSLSGGQPQHF	FLWLLWPVT
CSGADLAGGPDEQYF	FLWLLWPVT
CSVQGAFMNTEAFF	FLWLLWPVT
CASSLRLAGGPISYEQYF	FLWLLWPVT
CASSASLGNEQFF	FLWLLWPVT
CASRWTGNEQFF	FLWLLWPVT
CASSLTNPGTEHSYEQYF	FLWLLWPVT
CASSEALAYEQYF	FLWLLWPVT
CASSLGTGGQFSTDTQYF	FLWLLWPVT
CASTSPGGFVDEQYF	FLWLLWPVT
CASSDLAGGEKAYNEQFF	FLWLLWPVT
CASSPAGNEQFF	FLWLLWPVT
CASLYLAGYEQYF	FLWLLWPVT
CASSLDRGFDEQFF	FLWLLWPVT
CASSLANTEAFF	FLWLLWPVT
CASSSAQGAITGELFF	FLWLLWPVT
CASSLVGTGELFF	FLWLLWPVT
CASSQEARGRLGQTQYF	FLWLLWPVT
CAISDGGFDNEKLFF	FLWLLWPVT
CASSPPSGAEAFF	FLWLLWPVT
CASRELAGGYNEQFF	FLWLLWPVT
CASSLDYGLKTDTQYF	FLWLLWPVT
CASTPEEVSSYEQYF	FLWLLWPVT
CASSPTMNTEAFF	FLWLLWPVT
CASSLWGHLMNTEAFF	FLWLLWPVT
CASSFLGQNYEQYF	FLWLLWPVT
CATSDFTRTDTQYF	FLWLLWPVT
CASSSTAGANVLTF	FLWLLWPVT
CASSRHGSGNTIYF	FLWLLWPVT
CASSLWAANEKLFF	FLWLLWPVT
CASGVAGGGTEQFF	FLWLLWPVT
CASSLEAAGELFF	FLWLLWPVT
CASSQMGYEQYF	FLWLLWPVT
CASSLSNEQFF	FLWLLWPVT
CASSLGGKDIQHEQFF	FLWLLWPVT
CASSPAVGPAGEQYF	FLWLLWPVT
CASSPTRGSGFEQYF	FLWLLWPVT
CASLGLPSYNEQFF	FLWLLWPVT
CASSSSTFHTEAFF	FLWLLWPVT
CASSYGAGADQPQHF	FLWLLWPVT
CASSFLGQPNTEAFF	FLWLLWPVT
CASTWKVVLERRDLWGYTF	FLWLLWPVT
CASSLVGAGLEKDTQYF	FLWLLWPVT
CASSLTGNTEAFF	FLWLLWPVT
CASSFDRGYNEQFF	FLWLLWPVT
CASSLGGGAYNEQFF	FLWLLWPVT
CASSAPSGQETQYF	FLWLLWPVT
CASSLSSGSYNEQFF	FLWLLWPVT
CSVGGRPGLVPDTQYF	FLWLLWPVT
CSVPSGSSYNEQFF	FLWLLWPVT
CAWTSTQGRETQYF	FLWLLWPVT
CASSQAGLYEQYF	FLWLLWPVT
CASSVDRGSLNEQFF	FLWLLWPVT
CASSSQGSTDTQYF	FLWLLWPVT
CASSFGLEQYF	FLWLLWPVT
CASSLLLAAYYNEQFF	FLWLLWPVT
CASGLGTVYEQYF	FLWLLWPVT
CASSPTEDLILTDEQFF	FLWLLWPVT
CASSSLDAFF	FLWLLWPVT
CASSLLAVPTGELFF	FLWLLWPVT
CASSTGPYEQYF	FLWLLWPVT
CASSLPGGNSPLHF	FLWLLWPVT
CASSSPRVGTGPSEQYF	FLWLLWPVT
CSAYTGFGNQPQHF	FLWLLWPVT
CASSQDVRGLEAFF	FLWLLWPVT
CASSYSLSEGADTEAFF	FLWLLWPVT
CASSEAEYYEQYF	FLWLLWPVT
CASLIEGAYTGELFF	FLWLLWPVT
CASSFGMPGVPGELFF	FLWLLWPVT
CASSLWGSGNTIYF	FLWLLWPVT
CASSPWDRGYEQYF	FLWLLWPVT
CASSGGRTGELFF	FLWLLWPVT
CAIAGTSGYNEQFF	FLWLLWPVT
CASLSTYNEQFF	FLWLLWPVT
CASSSGYGYTF	FLWLLWPVT
CASSSGTSGNNEQFF	FLWLLWPVT
CASSPGLAHEQYF	FLWLLWPVT
CASSSWIYNEQFF	FLWLLWPVT
CASSRLAGGTDTQYF	FLWLLWPVT
CASSQEGGAANEQFF	FLWLLWPVT
CAIYPGLPQIADTQYF	FLWLLWPVT
CASSSPIAGGADTQYF	FLWLLWPVT
CASSPRGGQYNEQFF	FLWLLWPVT
CAISTGQVGTYEQYF	FLWLLWPVT
CASSQDFLELTGELFF	FLWLLWPVT
CASSLGNGNTIYF	FLWLLWPVT
CASSLRGGTSGYTF	FLWLLWPVT
CASSLDNEQFF	FLWLLWPVT
CASSSPSGRDYNEQFF	FLWLLWPVT
CASSLGTVTGELFF	FLWLLWPVT
CATRSLGSTDTQYF	FLWLLWPVT
CASSQSGLGQINYGYTF	FLWLLWPVT
CAISTDSGNTIYF	FLWLLWPVT
CASTTVPQRVGTDIQYF	FLWLLWPVT
CASSEGYIDTQYF	FLWLLWPVT
CATSATTLDYGYTF	FLWLLWPVT
CASSLGMDGYTF	FLWLLWPVT
CASSISYGVGKTEAFF	FLWLLWPVT
CASSLMGFHEQYF	FLWLLWPVT
CASSYSLGGRLETNTDTQYF	FLWLLWPVT
CASSLLAGGEQYF	FLWLLWPVT
CASSFTDTQYF	FLWLLWPVT
CASSQVFLMTEAFF	FLWLLWPVT
CASSRGLADYFYEQYF	FLWLLWPVT
CASQGPTGNEQFF	FLWLLWPVT
CASSPDLGYQETQYF	FLWLLWPVT
CASSEGSNEQFF	FLWLLWPVT
CASNNYRATNTEAFF	FLWLLWPVT
CSARDVDNEQFF	FLWLLWPVT
CASSAAGLTGYTF	FLWLLWPVT
CAISESEAGTLEYGYTF	FLWLLWPVT
CASSLSFSGTADYEQYF	FLWLLWPVT
CASRPQGDEQYF	FLWLLWPVT
CASSLEPSRVSEAFF	FLWLLWPVT
CASSLGAGTDYSNQPQHF	FLWLLWPVT
CASSQVEASGSQDEQFF	FLWLLWPVT
CASSLAPNEKLFF	FLWLLWPVT
CASSLVASGIGSYEQYF	FLWLLWPVT
CASSSLRYQETQYF	FLWLLWPVT
CASSFGREGYEQYF	FLWLLWPVT
CATSRGLDYNEQFF	FLWLLWPVT
CASSGAVSGNTIYF	FLWLLWPVT
CASSLGQGSSYEQYF	FLWLLWPVT
CASSPSSEGEQFF	FLWLLWPVT
CASSFGGLDYGYTF	FLWLLWPVT
CASSLLGDEQFF	FLWLLWPVT
CASSIRDSGSYEQYF	FLWLLWPVT
CASSIWGNSNQPQHF	FLWLLWPVT
CASSLLLAGGVDTQYF	FLWLLWPVT
CATQADRYGYTF	FLWLLWPVT
CASSYYIGQMNTEAFF	FLWLLWPVT
CASSLAPGYEQYF	FLWLLWPVT
CASSQDVGYNEQFF	FLWLLWPVT
CASSLGPPATF	FLWLLWPVT
CASSLTGGDLKTQYF	FLWLLWPVT
CASSMGNEQFF	FLWLLWPVT
CASSPWTGYEQYF	FLWLLWPVT
CASSLIRQGLGLNYGYTF	FLWLLWPVT
CASSQEGGGAVYETQYF	FLWLLWPVT
CASSPLAGDETQYF	FLWLLWPVT
CAWSVLLGPDTQYF	FLWLLWPVT
CASSQATNEKLFF	FLWLLWPVT
CSATGQVTEQYF	FLWLLWPVT
CASSLSLAGGPASTDTQYF	FLWLLWPVT
CASSRTGDNEAFF	FLWLLWPVT
CASSLYTGPQETQYF	FLWLLWPVT
CASSQALSPYEQYF	FLWLLWPVT
CASSLDPSISRREGTDTQYF	FLWLLWPVT
CASSQVLGFGETQYF	FLWLLWPVT
CASSLGTGLREQYF	FLWLLWPVT
CASSPAVGPAGEQYF	FLWLLWPVT
CARQTSGLTDTQYF	FLWLLWPVT
CATMGAGGNQETQYF	FLWLLWPVT
CASSIGGAVTEAFF	FLWLLWPVT
CASSYSPPYEQYF	FLWLLWPVT
CASSNLPGQLEREQYF	FLWLLWPVT
CATSDFTKTDTQYF	FLWLLWPVT
CASSPLRETQYF	FLWLLWPVT
CASSPLGDSPLHF	FLWLLWPVT
CASSPGIGEDYEQYF	FLWLLWPVT
CASSPNNIQYF	FLWLLWPVT
CASSVQHREPYEQYF	FLWLLWPVT
CASSPYLAGQETQYF	FLWLLWPVT
CASSIPGQLNEQFF	FLWLLWPVT
CASSLPGWEKLFF	FLWLLWPVT
CASSETDSYEQYF	FLWLLWPVT
CASSQAYNEQFF	FLWLLWPVT
CASSLALVGEQFF	FLWLLWPVT
CSASSLTGNSYEQYF	FLWLLWPVT
CASSDLAGGPPEQFF	FLWLLWPVT
CSAIEGGNEQFF	FLWLLWPVT
CSVVPRHPGSYNEQFF	FLWLLWPVT
CASSSAYEQYF	FLWLLWPVT
CASLDNYKNIQYF	FLWLLWPVT
CATYSDTQYF	FLWLLWPVT
CSARDRTGFSAEAFF	FLWLLWPVT
CATSRVQGYTGELFF	FLWLLWPVT
CASSPAGSTEAFF	FLWLLWPVT
CASSLSEGTGDYEQYF	FLWLLWPVT
CASSPRTPTSYEQYF	FLWLLWPVT
CASSFLDFRGATRGSTDTQYF	FLWLLWPVT
CASSFRTREAFF	FLWLLWPVT
CASSLEGTGFFSEQYF	FLWLLWPVT
CASSYKLGEGEAFF	FLWLLWPVT
CASSTGTGSYNEQFF	FLWLLWPVT
CATLGDGYTF	FLWLLWPVT
CASSQWGENEQFF	FLWLLWPVT
CASSSPPSGNTIYF	FLWLLWPVT
CASSSDPLGTEAFF	FLWLLWPVT
CASSAQNIQYF	FLWLLWPVT
CSVPRENTGELFF	FLWLLWPVT
CASSPRGGSTDTQYF	FLWLLWPVT
CASSFSLAGGSLGETQYF	FLWLLWPVT
CASAGNQPQHF	FLWLLWPVT
CASNWDGPNTEAFF	FLWLLWPVT
CASSLGWATTLNTGELFF	FLWLLWPVT
CASTPGLTPGYEQYF	FLWLLWPVT
CASSLGDSAITDTQYF	FLWLLWPVT
CASSLLGEQYF	FLWLLWPVT
CSVEEQKAGNTIYF	FLWLLWPVT
CASSQVGNEQYF	FLWLLWPVT
CASSPAGLQPQHF	FLWLLWPVT
CASSPGQGTYEQYF	FLWLLWPVT
CASSLAGVTEAFF	FLWLLWPVT
CASSSLGGELFF	FLWLLWPVT
CASSRTSPNEQFF	FLWLLWPVT
CASSPGTLGGWDIQYF	FLWLLWPVT
CASSHTRGEQYF	FLWLLWPVT
CASSYQGARQPQHF	FLWLLWPVT
CATRLDDQETQYF	FLWLLWPVT
CASSLWGEQYF	FLWLLWPVT
CASSYGLYTEAFF	FLWLLWPVT
CASSQVGWNEQFF	FLWLLWPVT
CASSEFIRAQETQYF	FLWLLWPVT
CASSHGGGSTGELFF	FLWLLWPVT
CSATTSNEQFF	FLWLLWPVT
CASSQGTGESYEQYF	FLWLLWPVT
CSVEGGRAGQFF	FLWLLWPVT
CASSENRGESTDTQYF	FLWLLWPVT
CAISDPTSPSYNEQFF	FLWLLWPVT
CASSGTNEQFF	FLWLLWPVT
CASSLMQGATEAFF	FLWLLWPVT
CASSRYSHVDTQYF	FLWLLWPVT
CASSYSYSDIQYF	FLWLLWPVT
CASSTPAAQETQYF	FLWLLWPVT
CASSSYGILPGLLPDTQYF	FLWLLWPVT
CASSFYYNEQFF	FLWLLWPVT
CASSVDQPQHF	FLWLLWPVT
CASSIGQFYEQYF	FLWLLWPVT
CASSSGGWGKLFF	FLWLLWPVT
CASSPYVAPVTGELFF	FLWLLWPVT
CASSEASFYEQYF	FLWLLWPVT
CASSPRDEQYF	FLWLLWPVT
CASSQESSAYGETQYF	FLWLLWPVT
CAILDITLQTQYF	FLWLLWPVT
CSVLLGIPSSYEQYF	FLWLLWPVT
CASSPANEQYF	FLWLLWPVT
CASSFLFRGPKNTEAFF	FLWLLWPVT
CASTTGGFEQYF	FLWLLWPVT
CATSDRPEELFF	FLWLLWPVT
CASSSFQTSGGPNLEQYF	FLWLLWPVT
CSAEGPNQPQHF	FLWLLWPVT
CATSDPLAGFQETQYF	FLWLLWPVT
CASSQTSGLQETQYF	FLWLLWPVT
CASSQGNTEAFF	FLWLLWPVT
CASSQGLAGVFF	FLWLLWPVT
CASSYSLTPPGQGGDGYTF	FLWLLWPVT
CASNSISLARDTGELFF	FLWLLWPVT
CASSPRLSGSSTDTQYF	FLWLLWPVT
CASSMDRGWETQYF	FLWLLWPVT
CASSAGLAGGYNEQFF	FLWLLWPVT
CASALTGGTEAFF	FLWLLWPVT
CASSLSAGGRVEQYF	FLWLLWPVT
CAWDLPGGQLFF	FLWLLWPVT
CASSLVGVEQYF	FLWLLWPVT
CASSLTNEQFF	FLWLLWPVT
CASSHRGHQNTEAFF	FLWLLWPVT
CASSLTNEQFF	FLWLLWPVT
CASSYSLEGGGYTSGLPPTDTQYF	FLWLLWPVT
CASSSGGLAGSGANVLTF	FLWLLWPVT
CASSLVRTGKNIQYF	FLWLLWPVT
CASSLGLAGGTDTQYF	FLWLLWPVT
CASSFLGPETEAFF	FLWLLWPVT
CATSDLSGGERTDTQYF	FLWLLWPVT
CASIPGQGPWETQYF	FLWLLWPVT
CASSLDNSGQGFFEQFF	FLWLLWPVT
CASSDQLAGGYQETQYF	FLWLLWPVT
CASSEPFSGGYTGELFF	FLWLLWPVT
CASSLYYTGELFF	FLWLLWPVT
CASTGVGTYNEQFF	FLWLLWPVT
CASSKSNIQYF	FLWLLWPVT
CSARVGGNEQFF	FLWLLWPVT
CASSQNPGTEAFF	FLWLLWPVT
CASSQELAASYEQYF	FLWLLWPVT
CASSQERSSGYEQYF	FLWLLWPVT
CASSYVPGDSQETQYF	FLWLLWPVT
CATSSRQMNTEAFF	FLWLLWPVT
CASSFETEAFF	FLWLLWPVT
CASSLARNTGELFF	FLWLLWPVT
CATSDLRTGSTDTQYF	FLWLLWPVT
CASSYGADTQYF	FLWLLWPVT
CASSESNEQYF	FLWLLWPVT
CASSSAGSANTGELFF	FLWLLWPVT
CASTRQGGEKLFF	FLWLLWPVT
CSVDDTSYNEQFF	FLWLLWPVT
CASSQLENTEAFF	FLWLLWPVT
CASAQGNEQFF	FLWLLWPVT
CASTTYRVLDEKLFF	FLWLLWPVT
CASSLDLVTRLDEQFF	FLWLLWPVT
CASSLDTGWGYEQYF	FLWLLWPVT
CASSAAGGYEQYF	FLWLLWPVT
CASSFQGSEQYF	FLWLLWPVT
CASSPSGLSGNTIYF	FLWLLWPVT
CASTPGAGGADEQYF	FLWLLWPVT
CAILWDRGYETQYF	FLWLLWPVT
CASSTATNEQFF	FLWLLWPVT
CASSYSLGWSSGANVLTF	FLWLLWPVT
CATSDFLLTDTQYF	FLWLLWPVT
CASSPRGGIQPQHF	FLWLLWPVT
CASSPSAEPPYNEQFF	FLWLLWPVT
CASSVVDDKQYF	FLWLLWPVT
CASSPRDEQYF	FLWLLWPVT
CASSEIWGGNTEAFF	FLWLLWPVT
CASSQEGGGNTEAFF	FLWLLWPVT
CASSQDQPQHF	FLWLLWPVT
CASSFLPNPRSSYEQYF	FLWLLWPVT
CASSQDRASTAGGLTEAFF	FLWLLWPVT
CASSSRTGEYGKNQPQHF	FLWLLWPVT
CSARDLLAGVDEQFF	FLWLLWPVT
CASSLVYDEQFF	FLWLLWPVT
CASSSAITARGLYEQYF	FLWLLWPVT
CASPTPHSRDCPSTDTQYF	FLWLLWPVT
CASSIGAGGLYEQYF	FLWLLWPVT
CASSPFGSSTDTQYF	FLWLLWPVT
CASSLALWERLQETQYF	FLWLLWPVT
CASSSPRARSESYSPLHF	FLWLLWPVT
CSARDLDSPEEQYF	FLWLLWPVT
CASSLISGRFLETQYF	FLWLLWPVT
CASSLSAGDQGEQYF	FLWLLWPVT
CASSLGDGPYEQYF	FLWLLWPVT
CATSGANEQYF	FLWLLWPVT
CAKQWDSSYNEQFF	FLWLLWPVT
CASSILAGATDTQYF	FLWLLWPVT
CAWSFTPPGYGSTDTQYF	FLWLLWPVT
CATSDFGGRTDTQYF	FLWLLWPVT
CASSPEVGQHNSPLHF	FLWLLWPVT
CASSTSTAQHF	FLWLLWPVT
CASTQPLFPDEQYF	FLWLLWPVT
CASTQTGNTEAFF	FLWLLWPVT
CASSFGSEQFF	FLWLLWPVT
CATSDLRQGTSTDTQYF	FLWLLWPVT
CASSPGPRDSPLHF	FLWLLWPVT
CASNLGRLGDTQNTGELFF	FLWLLWPVT
CASSSISGSGAGELFF	FLWLLWPVT
CASSLGDIQYF	FLWLLWPVT
CSVESPAGAPSGVWSYNEQFF	FLWLLWPVT
CASSLLSGNTEAFF	FLWLLWPVT
CASSGGTIEQFF	FLWLLWPVT
CASSVEGFGADTQYF	FLWLLWPVT
CASSLSPDSFYGYTF	FLWLLWPVT
CASSQGRTGEDEQFF	FLWLLWPVT
CASSFGYNEQFF	FLWLLWPVT
CASTPLGDGYEQYF	FLWLLWPVT
CATSDLRGEEFQETQYF	FLWLLWPVT
CSVISTGELFF	FLWLLWPVT
CASSYDNEQYF	FLWLLWPVT
CASSTRQESNTEAFF	FLWLLWPVT
CASSLGPETYEQYF	FLWLLWPVT
CASTLGTPIYF	FLWLLWPVT
CASSFGVLNTGELFF	FLWLLWPVT
CASSLGTSGTEQYF	FLWLLWPVT
CASSQADGAAIGDF	FLWLLWPVT
CASSTPATGRHEQYF	FLWLLWPVT
CASSIGRGTHEQYF	FLWLLWPVT
CASSFSYEQYF	FLWLLWPVT
CASSLVGGRYGYTF	FLWLLWPVT
CSASGAGGLLWEQFF	FLWLLWPVT
CATSDLAPRSSAGTDTQYF	FLWLLWPVT
CASTSTRPGYEQYF	FLWLLWPVT
CSARDTRDYGYTF	FLWLLWPVT
CSVVPSLGNEQFF	FLWLLWPVT
CASSQDGRGLTKNIQYF	FLWLLWPVT
CASSTSSEQFF	FLWLLWPVT
CASSGQDRKNTEAFF	FLWLLWPVT
CASSSIEGGVVTDTQYF	FLWLLWPVT
CASSWLAGGGEQYF	FLWLLWPVT
CATSDPRYEYNEQFF	FLWLLWPVT
CASSYSLDGLGEQYF	FLWLLWPVT
CASRGGNTEAFF	FLWLLWPVT
CASISITGELFF	FLWLLWPVT
CASSYLAGAQETQYF	FLWLLWPVT
CASSYWGRVTNEQFF	FLWLLWPVT
CASSYRGSGNTIYF	FLWLLWPVT
CASSYSLGGQDGYTF	FLWLLWPVT
CASSYMAGGFHTF	FLWLLWPVT
CASSAIVETQYF	FLWLLWPVT
CASSLLLAGGPETQYF	FLWLLWPVT
CASQAPGSAGELFF	FLWLLWPVT
CASSPEVGGFGYTF	FLWLLWPVT
CASSLSLPVLNEKLFF	FLWLLWPVT
CASSTPTGYGYTF	FLWLLWPVT
CASSPGVETQYF	FLWLLWPVT
CATSALGTGSTDTQYF	FLWLLWPVT
CASSEAILASTDTQYF	FLWLLWPVT
CSARDQASYGYTF	FLWLLWPVT
CSVDSLQGQGANTQYF	FLWLLWPVT
CASSWGGLWEQYF	FLWLLWPVT
CASSLSLREGKGSDTEAFF	FLWLLWPVT
CASTQGFGYNEQFF	FLWLLWPVT
CSARAPPTAETTSYEQYF	FLWLLWPVT
CASSLQGFGPEAFF	FLWLLWPVT
CASSLDRQTYPNEKLFF	FLWLLWPVT
CASSLNLYNEQFF	FLWLLWPVT
CASSQIQGTEAFF	FLWLLWPVT
CASSPNLAGGVATGELFF	FLWLLWPVT
CASSESNEQYF	FLWLLWPVT
CSAGPGPQYF	FLWLLWPVT
CASSPGEAGPYTGELFF	FLWLLWPVT
CASSEGGELFF	FLWLLWPVT
CASNRGTGTNSPLHF	FLWLLWPVT
CASSLDNEQFF	FLWLLWPVT
CASSRQGAGANVLTF	FLWLLWPVT
CASILRGTQYF	FLWLLWPVT
CSANTHSGGASTDTQYF	FLWLLWPVT
CASGTTGELFF	FLWLLWPVT
CASSQLHSHEQYF	FLWLLWPVT
CASMALGDTQYF	FLWLLWPVT
CASSLYGLAGLRTGELFF	FLWLLWPVT
CAISEQGDWGFF	FLWLLWPVT
CASSEANEQYF	FLWLLWPVT
CASSFVNEQFF	FLWLLWPVT
CASSFSRGRVNQPQHF	FLWLLWPVT
CASSLAGVIDNEQFF	FLWLLWPVT
CASSLSVETQYF	FLWLLWPVT
CASSQVAGNTGELFF	FLWLLWPVT
CSGVGLPIGEYNEQFF	FLWLLWPVT
CASSQGGTLADTQYF	FLWLLWPVT
CASSLFGGGRNQPQHF	FLWLLWPVT
CASSLGASLNYNEQFF	FLWLLWPVT
CASSVEGTASTDTQYF	FLWLLWPVT
CASSLEAGYNEQFF	FLWLLWPVT
CASSYGELGTF	FLWLLWPVT
CASSIQDGGQPQHF	FLWLLWPVT
CASSQVGWTEAFF	FLWLLWPVT
CASSVGEGRTEAFF	FLWLLWPVT
CSVEDLPYEQYF	FLWLLWPVT
CASSSDEQFF	FLWLLWPVT
CASSFVTGVVETQYF	FLWLLWPVT
CADALVGSSTDGELFF	FLWLLWPVT
CASSFGPYEQYF	FLWLLWPVT
CASSQTRFYEQYF	FLWLLWPVT
CASSFDSYPYNEQFF	FLWLLWPVT
CASSLLVAGGLDEQYF	FLWLLWPVT
CASRPPGGFTDTQYF	FLWLLWPVT
CASSFIGGREAFF	FLWLLWPVT
CATSDFQGSDTQYF	FLWLLWPVT
CSVVEVMNYGYTF	FLWLLWPVT
CSVEGRGPPGGEQFF	FLWLLWPVT
CASSYSWTGDQPQHF	FLWLLWPVT
CASSLEDYPYNEQFF	FLWLLWPVT
CASSYVGTVSYEQYF	FLWLLWPVT
CATSDLTGDTGELFF	FLWLLWPVT
CASSLTGGTNEKLFF	FLWLLWPVT
CASSSLQPRFGQYF	FLWLLWPVT
CASSPNYENTEAFF	FLWLLWPVT
CASSLGGTGEQYF	FLWLLWPVT
CASSSTSNEKLFF	FLWLLWPVT
CASIGRGGGETQYF	FLWLLWPVT
CASSITPGDWEQYF	FLWLLWPVT
CSVEGRWGQGANGTGELFF	FLWLLWPVT
CASSYSLQGEGEQYF	FLWLLWPVT
CASSYALGSQGALDTQYF	FLWLLWPVT
CASRISGGPSYEQYF	FLWLLWPVT
CASSLTDLGYGYTF	FLWLLWPVT
CASSPSLDEKLFF	FLWLLWPVT
CASISGTGYEQYF	FLWLLWPVT
CASYPDKMNTEAFF	FLWLLWPVT
CASSETDSPPQHF	FLWLLWPVT
CASSPIGQGVPQPQHF	FLWLLWPVT
CASGPGQALGTEAFF	FLWLLWPVT
CASSLGEKLFF	FLWLLWPVT
CASSLGHEQFF	FLWLLWPVT
CASSGGLAGLNNEQFF	FLWLLWPVT
CSAFLYPQGLAITKGELFF	FLWLLWPVT
CASSQDAGAWGYTF	FLWLLWPVT
CASSYSLAGEGEQFF	FLWLLWPVT
CASSSRLAGSNEQFF	FLWLLWPVT
CASSLTNEQFF	FLWLLWPVT
CASSLTGFSTDTQYF	FLWLLWPVT
CATSDFVDTDTQYF	FLWLLWPVT
CASSWGLAGEDEQFF	FLWLLWPVT
CASSGLGVANEKLFF	FLWLLWPVT
CASSLSRDRGGYEQYF	FLWLLWPVT
CAAAAPDTQYF	FLWLLWPVT
CASSYSIPPGQGAAGELFF	FLWLLWPVT
CASSEGTGINWDTGELFF	FLWLLWPVT
CSARDGTSGYEQYF	FLWLLWPVT
CASSWDRNYGYTF	FLWLLWPVT
CASSLSTVSTYEQYF	FLWLLWPVT
CASSIYANTEAFF	FLWLLWPVT
CSARDPNENLNEKLFF	FLWLLWPVT
CASSLLTPSGTDTQYF	FLWLLWPVT
CASSFRSGGLETQYF	FLWLLWPVT
CASSEGHLYEQYF	FLWLLWPVT
CASSIGYEQYF	FLWLLWPVT
CASSQGGGIDTEAFF	FLWLLWPVT
CASTPGTSLNEQFF	FLWLLWPVT
RASSLADRSYEQYF	FLWLLWPVT
CASSVGAGDGYTF	FLWLLWPVT
CASSEATGGPTNEQFF	FLWLLWPVT
CASSYSLGSGEQFF	FLWLLWPVT
CASSNWDRGYEQYF	FLWLLWPVT
CATSDLSAGGPTDTQYF	FLWLLWPVT
CASSLGQVDTEAFF	FLWLLWPVT
CASSFAGGPGARFYEQYF	FLWLLWPVT
CAISESEGYTF	FLWLLWPVT
CAISDFAGRNTGELFF	FLWLLWPVT
CASSLPGAIEQYF	FLWLLWPVT
CSARDPLTYEQYF	FLWLLWPVT
CASSLEVVLAGVLLQETQYF	FLWLLWPVT
CATSRLTGQETQYF	FLWLLWPVT
CSVAGTSDYNEQFF	FLWLLWPVT
CASSFVNVGGTYEQYF	FLWLLWPVT
CASSQAGMETQYF	FLWLLWPVT
CSAREGGYEQYF	FLWLLWPVT
CASSAPGGPKNIQYF	FLWLLWPVT
CASSSLPLAWDSPLHF	FLWLLWPVT
CASSLTGSNTEAFF	FLWLLWPVT
CASSAHPLLAGVEDTQYF	FLWLLWPVT
CASSPRTPTSYEQYF	FLWLLWPVT
CASSLVGLAQDTQYF	FLWLLWPVT
CASSSGTGGATDTQYF	FLWLLWPVT
CASSIGRGSGYGYTF	FLWLLWPVT
CASSLSGQVLSYNSPLHF	FLWLLWPVT
CASSAYFASGMDEQFF	FLWLLWPVT
CASSYMGNTEAFF	FLWLLWPVT
CASSLNQGLTGELFF	FLWLLWPVT
CASSPGTSGNEQYF	FLWLLWPVT
CASSLYSSGVDTEAFF	FLWLLWPVT
CASRGGTGYDYTF	FLWLLWPVT
CASSLGQGAYEQYF	FLWLLWPVT
CASMGGSSYEQYF	FLWLLWPVT
CASSQDPRGAGANVLTF	FLWLLWPVT
CASSYTQSSYEQYF	FLWLLWPVT
CASSAGESNEQYF	FLWLLWPVT
CASSWDKVGTDTQYF	FLWLLWPVT
CASSFVLADRTGELFF	FLWLLWPVT
CASSLGTAYNEQFF	FLWLLWPVT
CASSLLGQSGYTF	FLWLLWPVT
CASSFWGARSYNEQFF	FLWLLWPVT
CASSYIAATPFNTGELFF	FLWLLWPVT
CASSGGLAGFSSYNEQFF	FLWLLWPVT
CASSISAGGAFF	FLWLLWPVT
CATSGNQPQHF	FLWLLWPVT
CASSLGGGRGNSYEQYF	FLWLLWPVT
CASSYSSTSGDEQYF	FLWLLWPVT
CASSLTGPGELFF	FLWLLWPVT
CATTPENTYNEQFF	FLWLLWPVT
CASSYELGGAGELFF	FLWLLWPVT
CASSPGDRGSYEQYF	FLWLLWPVT
CSARQGSYEQYF	FLWLLWPVT
CAISESSYEQYF	FLWLLWPVT
CASSQEVTIYEQYF	FLWLLWPVT
CASRPTGGEETQYF	FLWLLWPVT
CASSIWSFRTGERPDTQYF	FLWLLWPVT
CASSPKTWLAAYTGELFF	FLWLLWPVT
CASSSWAYNEQFF	FLWLLWPVT
CASSKSGGAGEQFF	FLWLLWPVT
CASSLWGRVNQPQHF	FLWLLWPVT
CASYLPGHRHGYTF	FLWLLWPVT
CASRSSSPLHF	FLWLLWPVT
CASSSGLGYGEQYF	FLWLLWPVT
CSAWTGAYNEQFF	FLWLLWPVT
CASSSIVLGEQYF	FLWLLWPVT
CASSSTGDTEAFF	FLWLLWPVT
CASSEAAGYEQYF	FLWLLWPVT
CASTQDRGQETQYF	FLWLLWPVT
CASSLGVRELFF	FLWLLWPVT
CASSHPSYEQYF	FLWLLWPVT
CASSLGTSFLYEQYF	FLWLLWPVT
CASSPLLPSGANVLTF	FLWLLWPVT
CASSLVLIPSTDTQYF	FLWLLWPVT
CASTGWGGETQYF	FLWLLWPVT
CASNPGISETQYF	FLWLLWPVT
CASTLPGDEQYF	FLWLLWPVT
CASIGESGGYTF	FLWLLWPVT
CASSYFSGDLQETQYF	FLWLLWPVT
CASSLGGVQPQHF	FLWLLWPVT
CASSPGIYGYTF	FLWLLWPVT
CASSSHRDSSYNEQFF	FLWLLWPVT
CASSPHGTYTEAFF	FLWLLWPVT
CASTQLRALWDIQYF	FLWLLWPVT
CASSLARDSNQPQHF	FLWLLWPVT
CASHAGGRYTEAFF	FLWLLWPVT
CASSRADSYEQYF	FLWLLWPVT
CSARDLAGGSYEQYF	FLWLLWPVT
CASSFSESYEQYF	FLWLLWPVT
CASSLWGANTEAFF	FLWLLWPVT
CASQPGSIGHEQYF	FLWLLWPVT
CATSDIRQGSTDTQYF	FLWLLWPVT
CASIPDRGNHNEQFF	FLWLLWPVT
CASSPELVGYTGELFF	FLWLLWPVT
CASSPGLAGGTDTQYF	FLWLLWPVT
CASSLVNEQFF	FLWLLWPVT
CASNSQPQHF	FLWLLWPVT
CASSEAVYYEQYF	FLWLLWPVT
CASSYLTSRQETQYF	FLWLLWPVT
CASSTLAGGEETQYF	FLWLLWPVT
CASTIMGQPQHF	FLWLLWPVT
CATSDWGDSHTDTQYF	FLWLLWPVT
CASSQTRGSNQPQHF	FLWLLWPVT
CASSLTDTQYF	FLWLLWPVT
CATLGTSRPDTQYF	FLWLLWPVT
CASSLWAGGTEAFF	FLWLLWPVT
CASSVALGYEQYF	FLWLLWPVT
CASSQEPGLAGVGSWETQYF	FLWLLWPVT
CASSPPDSGEQYF	FLWLLWPVT
CASSRLAGEENEQFF	FLWLLWPVT
CASSPYPTGSVEQYF	FLWLLWPVT
CATSRDYQGQVYGYTF	FLWLLWPVT
CASSYQGSPLHF	FLWLLWPVT
CASSPWGAEDGYTF	FLWLLWPVT
CASSFLQANTGELFF	FLWLLWPVT
CASSPGTGAGELFF	FLWLLWPVT
CASSYELAGATTGELFF	FLWLLWPVT
CASSPGQEQYF	FLWLLWPVT
CASSLLPTGPETQYF	FLWLLWPVT
CASSPFLASGTSNPQFF	FLWLLWPVT
CASSGANEQFF	FLWLLWPVT
CASSANYEQYF	FLWLLWPVT
CASSVATGEQFF	FLWLLWPVT
CASSPIRGEGGTGELFF	FLWLLWPVT
CATSDLGTSGNTDTQYF	FLWLLWPVT
CASSQSVGEKLFF	FLWLLWPVT
CASSLALPGSYEQYF	FLWLLWPVT
CASSFGRFVAKNIQYF	FLWLLWPVT
CASSLVGGNTEAFF	FLWLLWPVT
CASSSGTGSSYEQYF	FLWLLWPVT
CASSTAGNEQFF	FLWLLWPVT
CASSQTNNEQFF	FLWLLWPVT
CATSDLRTSTDTQYF	FLWLLWPVT
CASSYLAGGGNEQFF	FLWLLWPVT
CASSLSLERDEQFF	FLWLLWPVT
CASSLDNEQFF	FLWLLWPVT
CASSPMGQPYEQYF	FLWLLWPVT
CASSYGTSNEQFF	FLWLLWPVT
CASSTTGTSGIESSYEQYF	FLWLLWPVT
CSARDYMTENTEAFF	FLWLLWPVT
CASRTGLAGELFF	FLWLLWPVT
CASSFLGGNTEAFF	FLWLLWPVT
CASSDKISGQSMTYEQYF	FLWLLWPVT
CASSYSSSYGEAFF	FLWLLWPVT
CATSDFGMTGTTDTQYF	FLWLLWPVT
CASSQTGVTEAFF	FLWLLWPVT
CASSGVGGNQPQHF	FLWLLWPVT
CASSFFGQGWGGYTF	FLWLLWPVT
CASSEGLAYEQYF	FLWLLWPVT
CASSLGTGEYTDTQYF	FLWLLWPVT
CSVRGPNTEAFF	FLWLLWPVT
CASSLAGGTPYEQYF	FLWLLWPVT
CSATSGTSGYEQYV	FLWLLWPVT
CASSLAGASYEQYF	FLWLLWPVT
CASSSTGSTEAFF	FLWLLWPVT
CASSNSNEQFF	FLWLLWPVT
CASSPLRGDQPQHF	FLWLLWPVT
CASTSTDRGQETQYF	FLWLLWPVT
CASTLGTVIIYGYTF	FLWLLWPVT
CASSGAGTSVNEQFF	FLWLLWPVT
CATSALAGGPTDTQYF	FLWLLWPVT
CASSLIAGANEQYF	FLWLLWPVT
CASSLGYGYTF	FLWLLWPVT
CASSEWGAEETQYF	FLWLLWPVT
CASSLDGQGGSYEQYF	FLWLLWPVT
CASSQDEAASHFTDTQYF	FLWLLWPVT
CSARDLVAYLGFETQYF	FLWLLWPVT
CASSLQDRGQGYTF	FLWLLWPVT
CASSQGTGESYEQYF	FLWLLWPVT
CASSFRGAGNTIYF	FLWLLWPVT
CASSFSSWAFF	FLWLLWPVT
CASSLEAGSSYNEQFF	FLWLLWPVT
CASSRGAGRENTEAFF	FLWLLWPVT
CATSDFGGAGIIHEQFF	FLWLLWPVT
CATSDSSDPNIQYF	FLWLLWPVT
CASSLRGGRYSPLHF	FLWLLWPVT
CASSFGSEQYF	FLWLLWPVT
CASSLLLAGSYNEQFF	FLWLLWPVT
CAISVMEIGYGYTF	FLWLLWPVT
CAIRDPSGHEQYF	FLWLLWPVT
CASSPSLGATVQYF	FLWLLWPVT
CASSLMQPGTDTQYF	FLWLLWPVT
CASSVAEWVGEQYF	FLWLLWPVT
CASSFVQQETQYF	FLWLLWPVT
CASSPNQPQHF	FLWLLWPVT
CASSSGTTGTRYGGYEQYF	FLWLLWPVT
CASSPPSEQEQFF	FLWLLWPVT
CASSQGGSGTYNEQFF	FLWLLWPVT
CSVTRTSTDTQYF	FLWLLWPVT
CSARGQGARSYEQYV	FLWLLWPVT
CASTPEKEDNEQFF	FLWLLWPVT
CASSRDRETTEAFF	FLWLLWPVT
CASSPGPYNEQFF	FLWLLWPVT
CASTGTAFFGWEQYF	FLWLLWPVT
CATSPPREGLSYEQYF	FLWLLWPVT
CASSWDLEGSGELFF	FLWLLWPVT
CASSASEYEQYF	FLWLLWPVT
CASSLGHGTQGAYGYTF	FLWLLWPVT
CATQTEQVSIARSTDTQYF	FLWLLWPVT
CATSRSGGAADEQFF	FLWLLWPVT
CASTGDNEQFF	FLWLLWPVT
CASSLWGAAYNSPLHF	FLWLLWPVT
CASSERVSYNEQFF	FLWLLWPVT
CASSQGPENTEAFF	FLWLLWPVT
CASLGGNNYNEQFF	FLWLLWPVT
CSVEQGPPAYEQYF	FLWLLWPVT
CASTPTGSGPQHF	FLWLLWPVT
CASSLRPGEVNQPQHF	FLWLLWPVT
CASSFRDRGPYGYTF	FLWLLWPVT
CASSQVEGSGELFF	FLWLLWPVT
CASSPLGSGYEQYF	FLWLLWPVT
CASSQYGNLNEQFF	FLWLLWPVT
CASSFGTADTQYF	FLWLLWPVT
CASSLDQTQYF	FLWLLWPVT
CASSLGTGELFF	FLWLLWPVT
CASSASDLGEKLFF	FLWLLWPVT
CASTAPRGEQYF	FLWLLWPVT
CASSDRGLYNEQFF	FLWLLWPVT
CASSWTGAEQYF	FLWLLWPVT
CASSIPGLAPNEQFF	FLWLLWPVT
CASSQGGTYGYTF	FLWLLWPVT
CASSSGPYFGYTF	FLWLLWPVT
CASSSSGSTGELFF	FLWLLWPVT
CASSEALEYEQYF	FLWLLWPVT
CAAATPNGYTF	FLWLLWPVT
CSAFSRDRENEQYF	FLWLLWPVT
CATAPQQDSYEQYF	FLWLLWPVT
CASSLGDSGMDGYTF	FLWLLWPVT
CASREGQGLYNEQFF	FLWLLWPVT
CASSLPGLNEQFF	FLWLLWPVT
CATSGLGLAGGYEQYF	FLWLLWPVT
CASSYPPEQFF	FLWLLWPVT
CASSQGQPQHF	FLWLLWPVT
CASKWGTSDYEQYF	FLWLLWPVT
CASSLGGTNEQYF	FLWLLWPVT
CASSIILAGVDEQFF	FLWLLWPVT
CASSAGLAGGPRSYEQYF	FLWLLWPVT
CAIPGRDGYTF	FLWLLWPVT
CASHGGYEQFF	FLWLLWPVT
CASSGVTSGLLGNEQFF	FLWLLWPVT
CASSFAPGELFF	FLWLLWPVT
CASSQVFSGDFITGELFF	FLWLLWPVT
CASSLSTGWSYEQYF	FLWLLWPVT
CASSLASGEQYF	FLWLLWPVT
CANPGHQETQYF	FLWLLWPVT
CASSLANNEQFF	FLWLLWPVT
CASPNGSGYSGANVLTF	FLWLLWPVT
CAISDPGNIATNEKLFF	FLWLLWPVT
CASSQELTSPILEQYF	FLWLLWPVT
CASSPNPNSGRGDEQFF	FLWLLWPVT
CASSAGEGGYGYTF	FLWLLWPVT
CASRQESSGNTIYF	FLWLLWPVT
CASSYSMGGGNEQFF	FLWLLWPVT
CASSEGYEQYF	FLWLLWPVT
CASSFAGPDSPLHF	FLWLLWPVT
CSVVGTSGGTSYNEQFF	FLWLLWPVT
CASSSIAGDNNEQFF	FLWLLWPVT
CASSPTAEQFF	FLWLLWPVT
CASSEFTGNTGELFF	FLWLLWPVT
CASWGDSGPSWPGANVLTF	FLWLLWPVT
CASSLVPGDAYGYTF	FLWLLWPVT
CASSDGLGLTSGANVLTF	FLWLLWPVT
CASSLWGSSYNEQFF	FLWLLWPVT
CASSEGLYNEQFF	FLWLLWPVT
CASSLASAYEQYF	FLWLLWPVT
CASSLAPPGELFF	FLWLLWPVT
CASNPRQGKDNEQFF	FLWLLWPVT
CASSLGGYEQYF	FLWLLWPVT
CASSLAGFNQPQHF	FLWLLWPVT
CASSQESHGYTF	FLWLLWPVT
CASTLQGVGYGYTF	FLWLLWPVT
CASSEALDYEQYF	FLWLLWPVT
CSVVTLLWTSGGSSSYNEQFF	FLWLLWPVT
CASSTGPGELFF	FLWLLWPVT
CASSPDTSATYEQYF	FLWLLWPVT
CATSDLYTGLADYNEQFF	FLWLLWPVT
CASSYSLGGDTEAFF	FLWLLWPVT
CASSQMGEAFF	FLWLLWPVT
CASSERAISYNEQFF	FLWLLWPVT
CASSLGQRVDGYTF	FLWLLWPVT
CASSLGTEAFF	FLWLLWPVT
CASSRRDNPYEQYF	FLWLLWPVT
CASSPGQGYYNEQFF	FLWLLWPVT
CSGSGFTSSYNEQFF	FLWLLWPVT
CASSPRTGGAEETQYF	FLWLLWPVT
CAILTQGAEAFF	FLWLLWPVT
CASSFEGSTDTQYF	FLWLLWPVT
CSARIRDSQETQYF	FLWLLWPVT
CASSPAGAEAFF	FLWLLWPVT
CATSDFRTSGNQETQYF	FLWLLWPVT
CASSGTGDTEAFF	FLWLLWPVT
CASSLMNPSGTQETQYF	FLWLLWPVT
CASSSGDFSNTGELFF	FLWLLWPVT
CATSDSSFEQYF	FLWLLWPVT
CASRDPGQGVIQPQHF	FLWLLWPVT
CASSLGGQINEKLFF	FLWLLWPVT
CAWSVSSEAFF	FLWLLWPVT
CASSLEASGGAKTQYF	FLWLLWPVT
CASSVGGTGLGEQYF	FLWLLWPVT
CASSPDGTGGYEQYF	FLWLLWPVT
CASSVHGQPGGAFF	FLWLLWPVT
CASSQEVSSGTYEQYF	FLWLLWPVT
CSVAGLAANNEQFF	FLWLLWPVT
CASTQGVNEQFF	FLWLLWPVT
CASSYLTRLNEQYF	FLWLLWPVT
CATSDFDSTDTQYF	FLWLLWPVT
CASSQSDSFEPPLHF	FLWLLWPVT
CASSLGRDTGELFF	FLWLLWPVT
CASSLGTSGSFGNEQFF	FLWLLWPVT
CASSLLLALVPDTQYF	FLWLLWPVT
CASSLTQGARNEQFF	FLWLLWPVT
CASSFSLAGGSLGETQYF	FLWLLWPVT
CASSLGGDEQYF	FLWLLWPVT
CSAVGLAGVSYEQYF	FLWLLWPVT
CSARQPTNEKLFF	FLWLLWPVT
CASSRLAEQFF	FLWLLWPVT
CASSLWGGEQYF	FLWLLWPVT
CASYGLAGVYEQFF	FLWLLWPVT
CASSLDPGHFRNTIYF	FLWLLWPVT
CASSGTSGSSEQYF	FLWLLWPVT
CAAGAQPQHF	FLWLLWPVT
CASSPGTGDGGYTF	FLWLLWPVT
CASIPIGGGAGYTF	FLWLLWPVT
CASSLSGTLYEQYF	FLWLLWPVT
CASSYLLGATNGYTF	FLWLLWPVT
CASRTAGATEAFF	FLWLLWPVT
CASSVTGLTEAFF	FLWLLWPVT
CASSLFNTNEQFF	FLWLLWPVT
CASSVGGYTEAFF	FLWLLWPVT
CSARDEGLAGVWCEQYF	FLWLLWPVT
CASSLVQGTEAFF	FLWLLWPVT
CSARDVLAATDTQYF	FLWLLWPVT
CASSQDTGLPAADTQYF	FLWLLWPVT
CASTGLAENTGELFF	FLWLLWPVT
CSVEDPGQGYNEQFF	FLWLLWPVT
CASRVTLLPNNEQFF	FLWLLWPVT
CASSQVAGSNQPQHF	FLWLLWPVT
CASSPGTNEQFF	FLWLLWPVT
CASSPGGARVEAFF	FLWLLWPVT
CASSSTGGGYNEQFF	FLWLLWPVT
CAISLSGTDLSGANVLTF	FLWLLWPVT
CASSFLGSPQHF	FLWLLWPVT
CASTFLGNEQFF	FLWLLWPVT
CASNPGLAGGPFYEQYF	FLWLLWPVT
CASRDREIVGSNQPQHF	FLWLLWPVT
CASSLIGPNEKLFF	FLWLLWPVT
CASSWASGELFF	FLWLLWPVT
CASSLSWLPNQPQHF	FLWLLWPVT
CASSSPPSEAFF	FLWLLWPVT
CASSFRETGPEAFF	FLWLLWPVT
CASSILQPAGVGYEQFF	FLWLLWPVT
CASSLGQLGYEQYF	FLWLLWPVT
CARGQEHEQYF	FLWLLWPVT
CASAGASGGEQFF	FLWLLWPVT
CASTHSGHGEQFF	FLWLLWPVT
CASSPDQPQHF	FLWLLWPVT
CASSLIAGDGNEQFF	FLWLLWPVT
CASTTITGGVHNEQFF	FLWLLWPVT
CASSYRTRGSNQPQHF	FLWLLWPVT
