CDR3	AA
CASSLDADRVRGNSNQPQHF	LYSPIFLIV
CSARWGGNQPQHF	LYSPIFLIV
CASSSGIMGPYEQFF	LYSPIFLIV
CATIRGGGGYSSYNEQFF	LYSPIFLIV
CASGLGAQTVFSTDTQYF	LYSPIFLIV
CASTQGWGSEQYF	LYSPIFLIV
CSALGTGYVYGYTF	LYSPIFLIV
CSVDGGEGQVNNEQFF	LYSPIFLIV
CASSYTGGDTQYF	LYSPIFLIV
CASSLADGTGVYGYTF	LYSPIFLIV
CASTRAGNSYQETQYF	LYSPIFLIV
CASSLATGYEQYF	LYSPIFLIV
CASSEANGSGETQYF	LYSPIFLIV
CSVEEGSRGYTF	LYSPIFLIV
CASSPTGTSGNEQFF	LYSPIFLIV
CASSFHRDTYEQYF	LYSPIFLIV
CASSLGPFYNEQFF	LYSPIFLIV
CASSLVLSGELFF	LYSPIFLIV
CSVETAGYTF	LYSPIFLIV
CASSPGGGVFEAFF	LYSPIFLIV
CASTPAGGTLIAKNIQYF	LYSPIFLIV
CASSLTGGKYEQFF	LYSPIFLIV
CASGDYYGYTF	LYSPIFLIV
CASSAWTGGTEAFF	LYSPIFLIV
CASSLEEGWWEQYF	LYSPIFLIV
CASSKVPSGRGFF	LYSPIFLIV
CASSYRQLGQSISYEQYF	LYSPIFLIV
CASHVGGGYNEQFF	LYSPIFLIV
CASSTSGVGNTEAFF	LYSPIFLIV
CASTGYNEQFF	LYSPIFLIV
CASSQEEGGLRGQFF	LYSPIFLIV
CASSHNTGELFF	LYSPIFLIV
CSVALVGGSYEQYF	LYSPIFLIV
CAWSVIGRFNEQFF	LYSPIFLIV
CASSLGQAYYEQYF	LYSPIFLIV
CASSYLIGTGVTGELFF	LYSPIFLIV
CAWSVGFSGYNEQFF	LYSPIFLIV
CASSQDPGQALEQYF	LYSPIFLIV
CASSLGGGELFF	LYSPIFLIV
CASSSFFSGGQETQYF	LYSPIFLIV
CAAGTSGSYEQYF	LYSPIFLIV
CASSERQNTEAFF	LYSPIFLIV
CASSQQGSNQPQHF	LYSPIFLIV
CASSQPIQGSSYNSPLHF	LYSPIFLIV
CASSAQGDEKLFF	LYSPIFLIV
CASSSGGGMQPQHF	LYSPIFLIV
CASSSERGLVDEQFF	LYSPIFLIV
CASSQGSNWYEQYF	LYSPIFLIV
CAWSGGGSSYEQYF	LYSPIFLIV
CSVGTVTGYEQYF	LYSPIFLIV
CASNPGQGVSRFDQPQHF	LYSPIFLIV
CASSSRGQTLQETQYF	LYSPIFLIV
CASSPGTVNTGELFF	LYSPIFLIV
CASNTLGRGLYNEQFF	LYSPIFLIV
CASSLAMNTEAFF	LYSPIFLIV
CASSLVGTGLGDEQFF	LYSPIFLIV
CSVDGVIYNEQFF	LYSPIFLIV
CASSLSGSAGYEQYF	LYSPIFLIV
CASSGTGVSYEQYF	LYSPIFLIV
CASSQGLAGGLQETQYF	LYSPIFLIV
CASSFLGVETQYF	LYSPIFLIV
CSARSRRSGETQYF	LYSPIFLIV
CASSLPIAGGNEQYF	LYSPIFLIV
CASSELAGGIETQYF	LYSPIFLIV
CASSFGGQGRYSNQPQHF	LYSPIFLIV
CASSLENPGHEQFF	LYSPIFLIV
CASSIQGREQFF	LYSPIFLIV
CASSVLDRGLSGNTIYF	LYSPIFLIV
CASSLAVTYEQYF	LYSPIFLIV
CASSANRAQETQYF	LYSPIFLIV
CASSLQRGVDEQYF	LYSPIFLIV
CASADNEQFF	LYSPIFLIV
RASSLMGQGACNQPQHF	LYSPIFLIV
CASSRASGGVDTGELFF	LYSPIFLIV
CASSYSAAGVHTEAFF	LYSPIFLIV
CASSLVTSGSDEQFF	LYSPIFLIV
CSVDSQGPPETQYF	LYSPIFLIV
CASSEGLAGAYEQYF	LYSPIFLIV
CASSLVGTYEQYF	LYSPIFLIV
CSVESSIIDAGGYGYTF	LYSPIFLIV
CASSLGRTNTGELFF	LYSPIFLIV
CASSIHPTLGGSGETQYF	LYSPIFLIV
CASSLQGDETQYF	LYSPIFLIV
CASSIMSGALDEQYF	LYSPIFLIV
CASSLYVTDTQYF	LYSPIFLIV
CASSAGPRNEQFF	LYSPIFLIV
CASGPGLDTEAFF	LYSPIFLIV
CASSITTGNEQYF	LYSPIFLIV
CASSQDRLGGDTQYF	LYSPIFLIV
CASSYYPPGGGYQPQHF	LYSPIFLIV
CSRGGGGSYEQYF	LYSPIFLIV
CASSTGTVEAFF	LYSPIFLIV
CSARDLKGLTEAFF	LYSPIFLIV
CASSLTTGFGTDTQYF	LYSPIFLIV
CAPWTGTDTQYF	LYSPIFLIV
CASSSPGTAYYGYTF	LYSPIFLIV
CASSLQTGTGVEKLFF	LYSPIFLIV
CASSTTGGADGYTF	LYSPIFLIV
CASSLAFEQFF	LYSPIFLIV
CASSPETDYQETQYF	LYSPIFLIV
CASSSGDYNEQFF	LYSPIFLIV
CASSEAGQESTDTQYF	LYSPIFLIV
CASSLAPGAEAFF	LYSPIFLIV
CASSLPDRETQYF	LYSPIFLIV
CASSSELAYNEQFF	LYSPIFLIV
CASSLEGLAGDNEQFF	LYSPIFLIV
CASRGTGGIYEQYF	LYSPIFLIV
CASSFPDRASEAFF	LYSPIFLIV
CASSYLAGGPHNEQFF	LYSPIFLIV
CASSLNSYEQYF	LYSPIFLIV
CASSGGTDLTIYF	LYSPIFLIV
CASSQEAGIEKLFF	LYSPIFLIV
CASSQIAGSYNEQFF	LYSPIFLIV
CASSPNSYEQYF	LYSPIFLIV
CSARDTQLITNTGELFF	LYSPIFLIV
CASSQDGTDYTDTQYF	LYSPIFLIV
CASSVESTATYFRWDSPLHF	LYSPIFLIV
CAWSVTSGVFNEQFF	LYSPIFLIV
CACSPWNTEAFF	LYSPIFLIV
CASSLGLAGTYEQYF	LYSPIFLIV
CASSLVQGAAYEQYF	LYSPIFLIV
CASSLPTGGSTDTQYF	LYSPIFLIV
CASTSAGTGQETQYF	LYSPIFLIV
CASSLSSPFYNEQFF	LYSPIFLIV
CASSQTGTGTYEQYF	LYSPIFLIV
CASSLEASGDNEQFF	LYSPIFLIV
CASSLVPGQGGNTIYF	LYSPIFLIV
CASSYSGTGGTEAFF	LYSPIFLIV
CASSVDPYNEQFF	LYSPIFLIV
CASSSSGTAFTPLHF	LYSPIFLIV
CAYRESTEAFF	LYSPIFLIV
CASSYSGPYEQYF	LYSPIFLIV
CASSLWGGGTEAFF	LYSPIFLIV
CSVGVRQAYEQYF	LYSPIFLIV
CASSLGLAGVYEQFF	LYSPIFLIV
CASSQEGVQAVNTEAFF	LYSPIFLIV
CASSLGDRGYNEQFF	LYSPIFLIV
CASTGYNEQFF	LYSPIFLIV
CASSLAPFSLINTEAFF	LYSPIFLIV
CASMRAPFEYEQYF	LYSPIFLIV
CASSLSSVTEQYF	LYSPIFLIV
CASSVSQADYEQYF	LYSPIFLIV
CASSLGLAGVYEQYF	LYSPIFLIV
CATRDRAPDGYTF	LYSPIFLIV
CASSQDTGFGNTIYF	LYSPIFLIV
CASSTAGHNYGYTF	LYSPIFLIV
CASSEGTGWYEQYF	LYSPIFLIV
CASSLAGFGQPQHF	LYSPIFLIV
CASSLDPGLGIYEQYF	LYSPIFLIV
CASSLVGGTNTGELFF	LYSPIFLIV
CASSQDSGAGNTIYF	LYSPIFLIV
CASSLDPGLNTEAFF	LYSPIFLIV
CASSTPVWGSNQPQHF	LYSPIFLIV
CASRPNGQFEKLFF	LYSPIFLIV
CSATPSDIQYF	LYSPIFLIV
CASSFLQGGYNEQFF	LYSPIFLIV
CASSFFGTGGIPNTGELFF	LYSPIFLIV
CSARDLEGVGEQYF	LYSPIFLIV
CASRTPGLAEYEQYF	LYSPIFLIV
CSVDFPYGTAFF	LYSPIFLIV
CASSLSVGQLQETQYF	LYSPIFLIV
CASSLNNFYNEQFF	LYSPIFLIV
CASSQDPGNQPQHF	LYSPIFLIV
CASSYQGLNTEAFF	LYSPIFLIV
CASSQGGLEQYF	LYSPIFLIV
CATSGQGSTGELFF	LYSPIFLIV
CASSQDRDTTYEQYF	LYSPIFLIV
CASSLGPWGHTEAFF	LYSPIFLIV
CSARLRDYEQYF	LYSPIFLIV
CASSSTGLAGGELFF	LYSPIFLIV
CASSLPGSIYNEQFF	LYSPIFLIV
CASSLSPNYEQYF	LYSPIFLIV
CATSTIYSGTAHWYQETQYF	LYSPIFLIV
CSARIPGGPGELFF	LYSPIFLIV
CASSGGHYEQYF	LYSPIFLIV
CSVEGGYEQYF	LYSPIFLIV
CASSELGPRGNTEAFF	LYSPIFLIV
CASSSPGQGVNEQFF	LYSPIFLIV
CASSLGLAGVYEQYF	LYSPIFLIV
CASSRPGTGEDTQYF	LYSPIFLIV
CASSMTGVLNSPLHF	LYSPIFLIV
CASSTFPVAFAGEQYF	LYSPIFLIV
CASSVSGVGSTEAFF	LYSPIFLIV
CASSYSISYEQYF	LYSPIFLIV
CASSLGGDPIRKDTQYF	LYSPIFLIV
CASSLEGGGLDEKLFF	LYSPIFLIV
CASSEIQGARAYTQYF	LYSPIFLIV
CASSLDSTDEQYF	LYSPIFLIV
CASSFAIGTEKLFF	LYSPIFLIV
CSVEQAGEGYTF	LYSPIFLIV
CASSLTSTGPVWTQYF	LYSPIFLIV
CSARVDYEQYF	LYSPIFLIV
CASSLSLTQRETQYF	LYSPIFLIV
CASSIDFGTEAYEQYF	LYSPIFLIV
CASSEVAGGDFNSPLHF	LYSPIFLIV
CASSQEGSPGETQYF	LYSPIFLIV
CASSPFTGVYEQYF	LYSPIFLIV
CSVEEASRGYTF	LYSPIFLIV
CSVGQGTAYEQYF	LYSPIFLIV
CASTPAGETQYF	LYSPIFLIV
CASSYSDRTNNEQFF	LYSPIFLIV
CASSLPLATGNEQFF	LYSPIFLIV
CASSRGDGWDETQYF	LYSPIFLIV
CSVVSDPLGYTF	LYSPIFLIV
CASSHPGLAEETQYF	LYSPIFLIV
CASSLRYQETQYF	LYSPIFLIV
CASSFRAGTYEQYF	LYSPIFLIV
CASSLGLAGTYEQYF	LYSPIFLIV
CASSEARNLFYEQYF	LYSPIFLIV
CASTWTGGAGANVLTF	LYSPIFLIV
CASSQSTGGLDYGYTF	LYSPIFLIV
CASSLSMPQETQYF	LYSPIFLIV
CASSPQGHPHEQYF	LYSPIFLIV
CASSVWGTALLSNQPQHF	LYSPIFLIV
CSVELGGTEAFF	LYSPIFLIV
CASSLGQGSYNEQFF	LYSPIFLIV
CSVEQGYEQYF	LYSPIFLIV
CSVDDPAGGTEAFF	LYSPIFLIV
CASSQVSGHYNEQFF	LYSPIFLIV
CASNPLGLAEQDTQYF	LYSPIFLIV
CASSPTRIDEQYF	LYSPIFLIV
CASSLGGSDTQYF	LYSPIFLIV
CASSLTDTGELFF	LYSPIFLIV
CASHRGGGTDTQYF	LYSPIFLIV
CASSQDVGSGNTIYF	LYSPIFLIV
CASSREQGVNEQYF	LYSPIFLIV
CASRIAGGPYEQYF	LYSPIFLIV
CASSQPGLGEETQYF	LYSPIFLIV
CASSEGAGYEETQYF	LYSPIFLIV
CASSFAGQYYEQYF	LYSPIFLIV
CASSQDGAYEQYF	LYSPIFLIV
CASSFIFEADRDGEKLFF	LYSPIFLIV
CASSLSSRGLAFF	LYSPIFLIV
CASSQEPSGVYEQYF	LYSPIFLIV
CASSVGGLREGLYEQYF	LYSPIFLIV
CASSPSPGMETQYF	LYSPIFLIV
CASSLAGGGTDTQYF	LYSPIFLIV
CASSLALAGGLNTGELFF	LYSPIFLIV
CASSVRTGAPIVYGYTF	LYSPIFLIV
CASSLAAPYEQYF	LYSPIFLIV
CASSQDAGPGNTIYF	LYSPIFLIV
CASSEERGPYTGELFF	LYSPIFLIV
CASSESGGEDRRAYEQYF	LYSPIFLIV
CASSQDRSLAGEWYEQYF	LYSPIFLIV
CASSVGYEQYF	LYSPIFLIV
CASSYSSGLWGYGYTF	LYSPIFLIV
CASSSGTGPGTEAFF	LYSPIFLIV
CASSPGLAGQETQYF	LYSPIFLIV
CASSPTPREEQYF	LYSPIFLIV
CASRPGTGFGTQYF	LYSPIFLIV
CASSQGSGGIDEQYF	LYSPIFLIV
CASSQGPPTLGAGTGELFF	LYSPIFLIV
CASTGLVGGEQFF	LYSPIFLIV
CASSLAFGMNTEAFF	LYSPIFLIV
CASSEGGGHLFEQYF	LYSPIFLIV
CASSSPGTGYYEQYF	LYSPIFLIV
CASSLSPNTEAFF	LYSPIFLIV
CASRAGHTDTQYF	LYSPIFLIV
CSVEGQGANGYTF	LYSPIFLIV
CASSLGETYSYEQYF	LYSPIFLIV
CSVEGLAGVNIQYF	LYSPIFLIV
CASSLLQYMGLNEQFF	LYSPIFLIV
CASSPLGQGFAYEQYF	LYSPIFLIV
CASSPLGSGRAHTGELFF	LYSPIFLIV
CNPFRGDYNEQFF	LYSPIFLIV
CASSFTPGSEAFF	LYSPIFLIV
CASSQRKAGDTYEQYF	LYSPIFLIV
CASSLSGLTTDTQYF	LYSPIFLIV
CASSLLEGQAWTDTQYF	LYSPIFLIV
CASSQAGYPTYHNEQFF	LYSPIFLIV
CASSLPGTGEETQYF	LYSPIFLIV
CASSLLQGSSYNEQFF	LYSPIFLIV
CASSLGQETEAFF	LYSPIFLIV
CASSYGGHSYEQYF	LYSPIFLIV
CASSQDIGTGGNNEQFF	LYSPIFLIV
CASTYTGGIHEQYF	LYSPIFLIV
CSVEGGFNYGYTF	LYSPIFLIV
CSVHGGSYNEQFF	LYSPIFLIV
CSVQYGGSYEQYF	LYSPIFLIV
CASSLGGSYEQYF	LYSPIFLIV
CASSQVNDRGPAEAFF	LYSPIFLIV
CASSSGGVETQYF	LYSPIFLIV
CASSQEGQGRNEQFF	LYSPIFLIV
CSVEAPWGQVNTEAFF	LYSPIFLIV
CATGRTSSSTDTQYF	LYSPIFLIV
CASSCTGQGDEKLFF	LYSPIFLIV
CASSSPGTGRNEQFF	LYSPIFLIV
CASSPLRSLETQYF	LYSPIFLIV
CASSRFQTQLGADTQYF	LYSPIFLIV
CASSLGASYNEQFF	LYSPIFLIV
CASSNWGDETAEAFF	LYSPIFLIV
CASSLTGGYNEQFF	LYSPIFLIV
CASSQDAGLANEQYF	LYSPIFLIV
CASSVDRTSGRSYNEQFF	LYSPIFLIV
CSVDGTSGGSTDTQYF	LYSPIFLIV
CASSPGGNIQYF	LYSPIFLIV
CASSLGQGLYNEQFF	LYSPIFLIV
CASSEQIMNTEAFF	LYSPIFLIV
CASSQEQVNNEQFF	LYSPIFLIV
CASSKSQRDSEDYEQYF	LYSPIFLIV
CASSSPGTGTYEQYF	LYSPIFLIV
CASSDLAIGELFF	LYSPIFLIV
CSFGTGDSYEQYF	LYSPIFLIV
CASSDQAGGYEQFF	LYSPIFLIV
CASIRGGGGYSSYNEQFF	LYSPIFLIV
CASSELAGNTGELFF	LYSPIFLIV
CASRAEGYNQPQHF	LYSPIFLIV
CSVEDVGYTF	LYSPIFLIV
CASSPLGPGDTEAFF	LYSPIFLIV
CASSLPLASGNEQFF	LYSPIFLIV
CASSPGLAGLNEQFF	LYSPIFLIV
CASSLYSTDTQYF	LYSPIFLIV
CASSYMTSGATLYNEQFF	LYSPIFLIV
CASRNYQGEQYF	LYSPIFLIV
CASSTGGPEAFF	LYSPIFLIV
CSARDSATATSNEQFF	LYSPIFLIV
CASSLAGLLPHEQYF	LYSPIFLIV
CASSLGGYEQYF	LYSPIFLIV
CSVLLAVTSYEQYF	LYSPIFLIV
CASTSGQGVEQYF	LYSPIFLIV
CSASPGQGLGAYEQYF	LYSPIFLIV
CASSLDLAGLTEAFF	LYSPIFLIV
CASSSRLAGSYEQYF	LYSPIFLIV
CASNLEGGGELFF	LYSPIFLIV
CASSHRGAGGDTEAFF	LYSPIFLIV
CASSFDLTLNQPQHF	LYSPIFLIV
CASSLLPQYESTDTQYF	LYSPIFLIV
CASSPLGTDLGNEQFF	LYSPIFLIV
CASSYSITYEQYF	LYSPIFLIV
CASSYGSIISGQYF	LYSPIFLIV
CASSLEITGDYEQYF	LYSPIFLIV
CASSLGGIPGELFF	LYSPIFLIV
CASSLSPAGAEQYF	LYSPIFLIV
CASSYSPGGTGELFF	LYSPIFLIV
CAIDDRKGMNTEAFF	LYSPIFLIV
CASSPLGGLHTGELFF	LYSPIFLIV
CASSPGLSLSYGYTF	LYSPIFLIV
CASSGLAGIHPGELFF	LYSPIFLIV
CSARLREVSTDTQYF	LYSPIFLIV
CASTQWGGSSYNEQFF	LYSPIFLIV
CASSQDTGFGNIQYF	LYSPIFLIV
CASSLIGFGDTEAFF	LYSPIFLIV
CASSFNEQFF	LYSPIFLIV
CLVGTESSYEQYF	LYSPIFLIV
CSVNGETSGGDEQFF	LYSPIFLIV
CASSSQAPQSTDTQYF	LYSPIFLIV
CSVDGTGLVNEQFF	LYSPIFLIV
CASSLALDGNEQFF	LYSPIFLIV
CSVEDPGTAGVGYTF	LYSPIFLIV
CSVASNYGYTF	LYSPIFLIV
CASSLNTPLEAFF	LYSPIFLIV
CASSSVTGAYEQYF	LYSPIFLIV
CASSFAGDLYEQYF	LYSPIFLIV
CSVPGGSSYNEQFF	LYSPIFLIV
CASSHGFGPSAEYF	LYSPIFLIV
CASSLTLNNEQFF	LYSPIFLIV
CASSYTGGAPYEQYF	LYSPIFLIV
CASRSPGQGNEKLFF	LYSPIFLIV
CASSLAVRTGFHEQYF	LYSPIFLIV
CASSPQRLSYYQPQHF	LYSPIFLIV
CASSYHLGGDGYTF	LYSPIFLIV
CSVEEGTRGYTF	LYSPIFLIV
CASSAGPRNEQFF	LYSPIFLIV
CASSYLQNTGELFF	LYSPIFLIV
CASSPTAGHIPYEQYF	LYSPIFLIV
CASSGLAGGVEQFF	LYSPIFLIV
CASSFQGIFRGANVLTF	LYSPIFLIV
CASSTPTAIYNEQFF	LYSPIFLIV
CASSATGVGYEQYF	LYSPIFLIV
CASSQEGGGGYEQYF	LYSPIFLIV
CASSLVELGAGGSGNEQFF	LYSPIFLIV
CASSIDPLSGQTYEQYF	LYSPIFLIV
CSVEGLAGVREQFF	LYSPIFLIV
CSVETGVEGYGYTF	LYSPIFLIV
CASSRSTGPLGTEAFF	LYSPIFLIV
CASSLPGTRPMDEQFF	LYSPIFLIV
CASSSGYQETQYF	LYSPIFLIV
CASSPRPWGLFF	LYSPIFLIV
CASSPPHSTGGPVGSSYNEQFF	LYSPIFLIV
CSVEWGNYGYTF	LYSPIFLIV
CASSNGGREAFF	LYSPIFLIV
CSVEVGEGTDTQYF	LYSPIFLIV
CASSTGHEQFF	LYSPIFLIV
CASSLSVAGYNEQFF	LYSPIFLIV
CASSHQLGTSGNNEQFF	LYSPIFLIV
CASSTRETQYF	LYSPIFLIV
CASSYPRGRGDTEAFF	LYSPIFLIV
CSVEETGIHEQYF	LYSPIFLIV
CASSLPGPYSGNTIYF	LYSPIFLIV
CASSSRDSLISADTQYF	LYSPIFLIV
CARSNTGEGTGELFF	LYSPIFLIV
CASSLVVGNTGELFF	LYSPIFLIV
CASSLTGYYNEQFF	LYSPIFLIV
CASSYSGTGTGYQPQHF	LYSPIFLIV
CSVGGPSTDTQYF	LYSPIFLIV
CATSALAGHYNEQFF	LYSPIFLIV
CASSSPGTDSYNEQFF	LYSPIFLIV
CASSLFEGDTGELFF	LYSPIFLIV
CASSYMGRGSTEAFF	LYSPIFLIV
CASSRDGQFF	LYSPIFLIV
CASSQPLRGGPLGEQYF	LYSPIFLIV
CASSFWGDYNSPLHF	LYSPIFLIV
CASSLKPWDPVPDEKLFF	LYSPIFLIV
CASSYSSWETQYF	LYSPIFLIV
CASSQPGLINEQYF	LYSPIFLIV
CSVEEATRGYTF	LYSPIFLIV
CASSEGGAGGRDEQYF	LYSPIFLIV
CASSVQLYNEQFF	LYSPIFLIV
CASRGTSLQETQYF	LYSPIFLIV
CASSLVRAGGTTYEQYF	LYSPIFLIV
CASSLVGPGGNTEAFF	LYSPIFLIV
CASSYRQNTEAFF	LYSPIFLIV
CASSQVLESYEQYF	LYSPIFLIV
CASSLGQGWTGELFF	LYSPIFLIV
CASSIDSYEQYF	LYSPIFLIV
CASSLKGGAYNSPLHF	LYSPIFLIV
CASSNPPNSGGAFGETQYF	LYSPIFLIV
CASSFGGGRTEAFF	LYSPIFLIV
CASSYSMTANTGELFF	LYSPIFLIV
CASSILAGGSSYEQYF	LYSPIFLIV
CASSLGSASGSDNEQFF	LYSPIFLIV
CASSLDGGYEQYF	LYSPIFLIV
CASSPRLGATNEKLFF	LYSPIFLIV
CASSLSSHEQYF	LYSPIFLIV
CASSSLAETYNEQFF	LYSPIFLIV
CSVNEAYEQYF	LYSPIFLIV
CASSQNMNTEAFF	LYSPIFLIV
CASTPPEQDLYNEQFF	LYSPIFLIV
CASSLLASGANVLTF	LYSPIFLIV
CASSLTTGNTEAFF	LYSPIFLIV
CATGADYGYTF	LYSPIFLIV
CASTTIGQGIAKNIQYF	LYSPIFLIV
CASSELGTASYEQYF	LYSPIFLIV
CASSLGLEQYF	LYSPIFLIV
