CDR3	AA
CASSLPQWDRAVKETQYF	TLDSKTQSL
CASSTPWDRVADTQYF	TLDSKTQSL
CASSAYPPYDRVNTGELFF	TLDSKTQSL
CASSLNPSFDRVNTEAFF	TLDSKTQSL
CASSSPDRVKLTDTQYF	TLDSKTQSL
CAISDPDRVRFTEAFF	TLDSKTQSL
CASSSQDRVKGSYNSPLHF	TLDSKTQSL
CATSDSDNPYEQYF	TLDSKTQSL
CASSTVDRANTGELFF	TLDSKTQSL
CASSLDPWDRTNTGELFF	TLDSKTQSL
CASSTPDRTINYGYTF	TLDSKTQSL
CASSSPDRVRGANVLTF	TLDSKTQSL
CASSQPLWDRANTGELFF	TLDSKTQSL
CATSNPPWDRSYMNTEAFF	TLDSKTQSL
CASSTSPFDRASYNEQFF	TLDSKTQSL
CASSSTDRVITDTQYF	TLDSKTQSL
CASLTWDRVRATNEKLFF	TLDSKTQSL
CAINDPDRVRSDTQYF	TLDSKTQSL
CASSSSPWDRATNTEAFF	TLDSKTQSL
CASSSVDRVITDTQYF	TLDSKTQSL
CASSSGLRERFTGELFF	TLDSKTQSL
CASSLAPLWDRMNTEAFF	TLDSKTQSL
CASSSVDRARSGANVLTF	TLDSKTQSL
CASSTPDRTANYGYTF	TLDSKTQSL
CASSPNDNEAFF	TLDSKTQSL
CASSSVDRTILGGYTF	TLDSKTQSL
CASSSLDRVRGYGYTF	TLDSKTQSL
CASHPGVGETQYF	TLDSKTQSL
CASTHHDRVVTPLYGYTF	TLDSKTQSL
CASSLAGMRDRTYTGELFF	TLDSKTQSL
CASSSSDRIMNTEAFF	TLDSKTQSL
CASSTPPWDRVATGELFF	TLDSKTQSL
CASSSADRVKSNGYTF	TLDSKTQSL
CASSEIPFDRVNTGELFF	TLDSKTQSL
CASSLARWDRANTGELFF	TLDSKTQSL
CASSSRDRVLNTEAFF	TLDSKTQSL
CASSESPWDRLKETQYF	TLDSKTQSL
CASSQDPWDRVRATEAFF	TLDSKTQSL
CASSPLDPRDRTSYEQYF	TLDSKTQSL
CASSQDPWDRTYQETQYF	TLDSKTQSL
CASSPAPPWDRVWTGELFF	TLDSKTQSL
CASSSTDRVISSYEQYF	TLDSKTQSL
CASSQTAPWDRAGETQYF	TLDSKTQSL
CASVVEQYF	TLDSKTQSL
CASSFGMAWDRVNTEAFF	TLDSKTQSL
CASSDLDRVVAYGYTF	TLDSKTQSL
CASSHNFRDWGNTDTQYF	TLDSKTQSL
CSVGGTSGGKTNNEQFF	TLDSKTQSL
CASSSTDRVLSYSPLHF	TLDSKTQSL
CASTQGWDRVYGNTIYF	TLDSKTQSL
CASSSPDRVKGYGYTF	TLDSKTQSL
CASRERPRDRAVKNIQYF	TLDSKTQSL
CASSQPLWDRVNTGELFF	TLDSKTQSL
CASSTPDRVITDTQYF	TLDSKTQSL
CASSQDPVWDRSGANVLTF	TLDSKTQSL
CATSDSDRAGNYGYTF	TLDSKTQSL
CASSPPSWDRVYTGELFF	TLDSKTQSL
CASSSSDRNLAWDTEAFF	TLDSKTQSL
CASSQEYWDRAVVWDGYTF	TLDSKTQSL
CASSSTDRVLYEQYF	TLDSKTQSL
CASSPSDRVLGGYTF	TLDSKTQSL
CASSSVDRTISNEQFF	TLDSKTQSL
CASSTIDRARSNQPQHF	TLDSKTQSL
CASSQAPWDRVSSGELFF	TLDSKTQSL
CASSTLDRADSNQPQHF	TLDSKTQSL
CASSSVDRVRNTEAFF	TLDSKTQSL
CASSQNDRTAGGILTDTQYF	TLDSKTQSL
CASSSPDRVISGNTIYF	TLDSKTQSL
CASALSPLDRVNTGELFF	TLDSKTQSL
CAISDHDRTLSYNEQFF	TLDSKTQSL
CASTSSDRVFSETQYF	TLDSKTQSL
CASTSGPPWDRVYRTDTQYF	TLDSKTQSL
CASSPRGFGDRVYNEQFF	TLDSKTQSL
CASSQDVNDRVYDSTEAFF	TLDSKTQSL
CASSLKPAWDRTSYEQYF	TLDSKTQSL
